History  10 vs   2
----------------------------------
   Dynamic time               X acceleration(  70,   1)
     ---------------------      ---------------------
          1.4600000E-003             2.7038123E-004
          2.9600000E-003             2.7038123E-004
          4.4600000E-003             2.7038123E-004
          5.9600000E-003             7.4128620E-004
          7.4600000E-003             7.4128620E-004
          8.9600000E-003             7.4128620E-004
          1.0460000E-002             1.2371357E-003
          1.1960000E-002             1.2371357E-003
          1.3460000E-002             1.2371357E-003
          1.4960000E-002             1.2371357E-003
          1.6460000E-002             1.4219500E-003
          1.7960000E-002             1.4219500E-003
          1.9460000E-002             1.4219500E-003
          2.0960000E-002             1.1797520E-003
          2.2460000E-002             1.1797520E-003
          2.3960000E-002             1.1797520E-003
          2.5460000E-002             6.6812820E-004
          2.6960000E-002             6.6812820E-004
          2.8460000E-002             6.6812820E-004
          2.9960000E-002             6.6812820E-004
          3.1460000E-002             1.4531180E-004
          3.2960000E-002             1.4531180E-004
          3.4460000E-002             1.4531180E-004
          3.5960000E-002            -1.9692700E-004
          3.7460000E-002            -1.9692700E-004
          3.8960000E-002            -1.9692700E-004
          4.0460000E-002            -3.0315480E-004
          4.1960000E-002            -3.0315480E-004
          4.3460000E-002            -3.0315480E-004
          4.4960000E-002            -3.0315480E-004
          4.6460000E-002            -2.3192440E-004
          4.7960000E-002            -2.3192440E-004
          4.9460000E-002            -2.3192440E-004
          5.0960000E-002            -8.9264200E-005
          5.2460000E-002            -8.9264200E-005
          5.3960000E-002            -8.9264200E-005
          5.5460000E-002             3.3650400E-005
          5.6960000E-002             3.3650400E-005
          5.8460000E-002             3.3650400E-005
          5.9960000E-002             3.3650400E-005
          6.1460000E-002             9.2295600E-005
          6.2960000E-002             9.2295600E-005
          6.4460000E-002             9.2295600E-005
          6.5960000E-002             8.8198200E-005
          6.7460000E-002             8.8198200E-005
          6.8960000E-002             8.8198200E-005
          7.0460000E-002             4.9144800E-005
          7.1960000E-002             4.9144800E-005
          7.3460000E-002             4.9144800E-005
          7.4960000E-002             4.9144800E-005
          7.6460000E-002             6.4066000E-006
          7.7960000E-002             6.4066000E-006
          7.9460000E-002             6.4066000E-006
          8.0960000E-002            -2.0106400E-005
          8.2460000E-002            -2.0106400E-005
          8.3960000E-002            -2.0106400E-005
          8.5460000E-002            -2.5691400E-005
          8.6960000E-002            -2.5691400E-005
          8.8460000E-002            -2.5691400E-005
          8.9960000E-002            -2.5691400E-005
          9.1460000E-002            -1.6588600E-005
          9.2960000E-002            -1.6588600E-005
          9.4460000E-002            -1.6588600E-005
          9.5960000E-002            -2.7848000E-006
          9.7460000E-002            -2.7848000E-006
          9.8960000E-002            -2.7848000E-006
          1.0046000E-001             7.8314000E-006
          1.0196000E-001             7.8314000E-006
          1.0346000E-001             7.8314000E-006
          1.0496000E-001             7.8314000E-006
          1.0646000E-001             1.1999400E-005
          1.0796000E-001             1.1999400E-005
          1.0946000E-001             1.1999400E-005
          1.1096000E-001             1.0577200E-005
          1.1246000E-001             1.0577200E-005
          1.1396000E-001             1.0577200E-005
          1.1546000E-001             6.4668000E-006
          1.1696000E-001             6.4668000E-006
          1.1846000E-001             6.4668000E-006
          1.1996000E-001             6.4668000E-006
          1.2146000E-001             2.5186000E-006
          1.2296000E-001             2.5186000E-006
          1.2446000E-001             2.5186000E-006
          1.2596000E-001             3.2900000E-007
          1.2746000E-001             3.2900000E-007
          1.2896000E-001             3.2900000E-007
          1.3046000E-001             7.6000000E-008
          1.3196000E-001             7.6000000E-008
          1.3346000E-001             7.6000000E-008
          1.3496000E-001             7.6000000E-008
          1.3646000E-001             1.0342000E-006
          1.3796000E-001             1.0342000E-006
          1.3946000E-001             1.0342000E-006
          1.4096000E-001             2.2608000E-006
          1.4246000E-001             2.2608000E-006
          1.4396000E-001             2.2608000E-006
          1.4546000E-001             3.0848000E-006
          1.4696000E-001             3.0848000E-006
          1.4846000E-001             3.0848000E-006
          1.4996000E-001             3.0848000E-006
          1.5146000E-001             3.2812000E-006
          1.5296000E-001             3.2812000E-006
          1.5446000E-001             3.2812000E-006
          1.5596000E-001             2.9860000E-006
          1.5746000E-001             2.9860000E-006
          1.5896000E-001             2.9860000E-006
          1.6046000E-001             2.4940000E-006
          1.6196000E-001             2.4940000E-006
          1.6346000E-001             2.4940000E-006
          1.6496000E-001             2.4940000E-006
          1.6646000E-001             2.0638000E-006
          1.6796000E-001             2.0638000E-006
          1.6946000E-001             2.0638000E-006
          1.7096000E-001             1.8144000E-006
          1.7246000E-001             1.8144000E-006
          1.7396000E-001             1.8144000E-006
          1.7546000E-001             1.7304000E-006
          1.7696000E-001             1.7304000E-006
          1.7846000E-001             1.7304000E-006
          1.7996000E-001             1.7304000E-006
          1.8146000E-001             1.7300000E-006
          1.8296000E-001             1.7300000E-006
          1.8446000E-001             1.7300000E-006
          1.8596000E-001             1.7308000E-006
          1.8746000E-001             1.7308000E-006
          1.8896000E-001             1.7308000E-006
          1.9046000E-001             1.6840000E-006
          1.9196000E-001             1.6840000E-006
          1.9346000E-001             1.6840000E-006
          1.9496000E-001             1.6840000E-006
          1.9646000E-001             1.5788000E-006
          1.9796000E-001             1.5788000E-006
          1.9946000E-001             1.5788000E-006
          2.0096000E-001             1.4296000E-006
          2.0246000E-001             1.4296000E-006
          2.0396000E-001             1.4296000E-006
          2.0546000E-001             1.2646000E-006
          2.0696000E-001             1.2646000E-006
          2.0846000E-001             1.2646000E-006
          2.0996000E-001             1.2646000E-006
          2.1146000E-001             1.1036000E-006
          2.1296000E-001             1.1036000E-006
          2.1446000E-001             1.1036000E-006
          2.1596000E-001             9.5060000E-007
          2.1746000E-001             9.5060000E-007
          2.1896000E-001             9.5060000E-007
          2.2046000E-001             8.0200000E-007
          2.2196000E-001             8.0200000E-007
          2.2346000E-001             8.0200000E-007
          2.2496000E-001             8.0200000E-007
          2.2646000E-001             6.5240000E-007
          2.2796000E-001             6.5240000E-007
          2.2946000E-001             6.5240000E-007
          2.3096000E-001             4.9740000E-007
          2.3246000E-001             4.9740000E-007
          2.3396000E-001             4.9740000E-007
          2.3546000E-001             3.3680000E-007
          2.3696000E-001             3.3680000E-007
          2.3846000E-001             3.3680000E-007
          2.3996000E-001             3.3680000E-007
          2.4146000E-001             1.7420000E-007
          2.4296000E-001             1.7420000E-007
          2.4446000E-001             1.7420000E-007
          2.4596000E-001             9.3999996E-009
          2.4746000E-001             9.3999996E-009
          2.4896000E-001             9.3999996E-009
          2.5046000E-001            -1.6060000E-007
          2.5196000E-001            -1.6060000E-007
          2.5346000E-001            -1.6060000E-007
          2.5496000E-001            -1.6060000E-007
          2.5646000E-001            -3.3860000E-007
          2.5796000E-001            -3.3860000E-007
          2.5946000E-001            -3.3860000E-007
          2.6096000E-001            -5.2420000E-007
          2.6246000E-001            -5.2420000E-007
          2.6396000E-001            -5.2420000E-007
          2.6546000E-001            -7.1460000E-007
          2.6696000E-001            -7.1460000E-007
          2.6846000E-001            -7.1460000E-007
          2.6996000E-001            -7.1460000E-007
          2.7146000E-001            -9.0800000E-007
          2.7296000E-001            -9.0800000E-007
          2.7446000E-001            -9.0800000E-007
          2.7596000E-001            -1.1066000E-006
          2.7746000E-001            -1.1066000E-006
          2.7896000E-001            -1.1066000E-006
          2.8046000E-001            -1.3134000E-006
          2.8196000E-001            -1.3134000E-006
          2.8346000E-001            -1.3134000E-006
          2.8496000E-001            -1.3134000E-006
          2.8646000E-001            -1.5268000E-006
          2.8796000E-001            -1.5268000E-006
          2.8946000E-001            -1.5268000E-006
          2.9096000E-001            -1.7458000E-006
          2.9246000E-001            -1.7458000E-006
          2.9396000E-001            -1.7458000E-006
          2.9546000E-001            -1.9748000E-006
          2.9696000E-001            -1.9748000E-006
          2.9846000E-001            -1.9748000E-006
          2.9996000E-001            -1.9748000E-006
          3.0146000E-001            -2.2182000E-006
          3.0296000E-001            -2.2182000E-006
          3.0446000E-001            -2.2182000E-006
          3.0596000E-001            -2.4698000E-006
          3.0746000E-001            -2.4698000E-006
          3.0896000E-001            -2.4698000E-006
          3.1046000E-001            -2.7166000E-006
          3.1196000E-001            -2.7166000E-006
          3.1346000E-001            -2.7166000E-006
          3.1496000E-001            -2.7166000E-006
          3.1646000E-001            -2.9512000E-006
          3.1796000E-001            -2.9512000E-006
          3.1946000E-001            -2.9512000E-006
          3.2096000E-001            -3.1850000E-006
          3.2246000E-001            -3.1850000E-006
          3.2396000E-001            -3.1850000E-006
          3.2546000E-001            -3.4332000E-006
          3.2696000E-001            -3.4332000E-006
          3.2846000E-001            -3.4332000E-006
          3.2996000E-001            -3.4332000E-006
          3.3146000E-001            -3.6984000E-006
          3.3296000E-001            -3.6984000E-006
          3.3446000E-001            -3.6984000E-006
          3.3596000E-001            -3.9742000E-006
          3.3746000E-001            -3.9742000E-006
          3.3896000E-001            -3.9742000E-006
          3.4046000E-001            -4.2552000E-006
          3.4196000E-001            -4.2552000E-006
          3.4346000E-001            -4.2552000E-006
          3.4496000E-001            -4.2552000E-006
          3.4646000E-001            -4.5382000E-006
          3.4796000E-001            -4.5382000E-006
          3.4946000E-001            -4.5382000E-006
          3.5096000E-001            -4.8238000E-006
          3.5246000E-001            -4.8238000E-006
          3.5396000E-001            -4.8238000E-006
          3.5546000E-001            -5.1140000E-006
          3.5696000E-001            -5.1140000E-006
          3.5846000E-001            -5.1140000E-006
          3.5996000E-001            -5.1140000E-006
          3.6146000E-001            -5.4128000E-006
          3.6296000E-001            -5.4128000E-006
          3.6446000E-001            -5.4128000E-006
          3.6596000E-001            -5.7246000E-006
          3.6746000E-001            -5.7246000E-006
          3.6896000E-001            -5.7246000E-006
          3.7046000E-001            -6.0500000E-006
          3.7196000E-001            -6.0500000E-006
          3.7346000E-001            -6.0500000E-006
          3.7496000E-001            -6.0500000E-006
          3.7646000E-001            -6.3826000E-006
          3.7796000E-001            -6.3826000E-006
          3.7946000E-001            -6.3826000E-006
 
 
History  10 vs   2
----------------------------------
   Dynamic time               X acceleration(  70,   1)
     ---------------------      ---------------------
 
 
History  10 vs   2
----------------------------------
   Dynamic time               X acceleration(  70,   1)
     ---------------------      ---------------------
 
 
History  10 vs   2
----------------------------------
   Dynamic time               X acceleration(  70,   1)
     ---------------------      ---------------------
 
 
History  10 vs   2
----------------------------------
   Dynamic time               X acceleration(  70,   1)
     ---------------------      ---------------------
 
 
History  10 vs   2
----------------------------------
   Dynamic time               X acceleration(  70,   1)
     ---------------------      ---------------------
 
 
History  10 vs   2
----------------------------------
   Dynamic time               X acceleration(  70,   1)
     ---------------------      ---------------------
 
 
History  10 vs   2
----------------------------------
   Dynamic time               X acceleration(  70,   1)
     ---------------------      ---------------------
          1.4600000E-003             2.7038123E-004
          2.9600000E-003             2.7038123E-004
          4.4600000E-003             2.7038123E-004
          5.9600000E-003             7.4128620E-004
          7.4600000E-003             7.4128620E-004
          8.9600000E-003             7.4128620E-004
          1.0460000E-002             1.2371357E-003
          1.1960000E-002             1.2371357E-003
          1.3460000E-002             1.2371357E-003
          1.4960000E-002             1.2371357E-003
          1.6460000E-002             1.4219500E-003
          1.7960000E-002             1.4219500E-003
          1.9460000E-002             1.4219500E-003
          2.0960000E-002             1.1797520E-003
          2.2460000E-002             1.1797520E-003
          2.3960000E-002             1.1797520E-003
          2.5460000E-002             6.6812820E-004
          2.6960000E-002             6.6812820E-004
          2.8460000E-002             6.6812820E-004
          2.9960000E-002             6.6812820E-004
          3.1460000E-002             1.4531180E-004
          3.2960000E-002             1.4531180E-004
          3.4460000E-002             1.4531180E-004
          3.5960000E-002            -1.9692700E-004
          3.7460000E-002            -1.9692700E-004
          3.8960000E-002            -1.9692700E-004
          4.0460000E-002            -3.0315480E-004
          4.1960000E-002            -3.0315480E-004
          4.3460000E-002            -3.0315480E-004
          4.4960000E-002            -3.0315480E-004
          4.6460000E-002            -2.3192440E-004
          4.7960000E-002            -2.3192440E-004
          4.9460000E-002            -2.3192440E-004
          5.0960000E-002            -8.9264200E-005
          5.2460000E-002            -8.9264200E-005
          5.3960000E-002            -8.9264200E-005
          5.5460000E-002             3.3650400E-005
          5.6960000E-002             3.3650400E-005
          5.8460000E-002             3.3650400E-005
          5.9960000E-002             3.3650400E-005
          6.1460000E-002             9.2295600E-005
          6.2960000E-002             9.2295600E-005
          6.4460000E-002             9.2295600E-005
          6.5960000E-002             8.8198200E-005
          6.7460000E-002             8.8198200E-005
          6.8960000E-002             8.8198200E-005
          7.0460000E-002             4.9144800E-005
          7.1960000E-002             4.9144800E-005
          7.3460000E-002             4.9144800E-005
          7.4960000E-002             4.9144800E-005
          7.6460000E-002             6.4066000E-006
          7.7960000E-002             6.4066000E-006
          7.9460000E-002             6.4066000E-006
          8.0960000E-002            -2.0106400E-005
          8.2460000E-002            -2.0106400E-005
          8.3960000E-002            -2.0106400E-005
          8.5460000E-002            -2.5691400E-005
          8.6960000E-002            -2.5691400E-005
          8.8460000E-002            -2.5691400E-005
          8.9960000E-002            -2.5691400E-005
          9.1460000E-002            -1.6588600E-005
          9.2960000E-002            -1.6588600E-005
          9.4460000E-002            -1.6588600E-005
          9.5960000E-002            -2.7848000E-006
          9.7460000E-002            -2.7848000E-006
          9.8960000E-002            -2.7848000E-006
          1.0046000E-001             7.8314000E-006
          1.0196000E-001             7.8314000E-006
          1.0346000E-001             7.8314000E-006
          1.0496000E-001             7.8314000E-006
          1.0646000E-001             1.1999400E-005
          1.0796000E-001             1.1999400E-005
          1.0946000E-001             1.1999400E-005
          1.1096000E-001             1.0577200E-005
          1.1246000E-001             1.0577200E-005
          1.1396000E-001             1.0577200E-005
          1.1546000E-001             6.4668000E-006
          1.1696000E-001             6.4668000E-006
          1.1846000E-001             6.4668000E-006
          1.1996000E-001             6.4668000E-006
          1.2146000E-001             2.5186000E-006
          1.2296000E-001             2.5186000E-006
          1.2446000E-001             2.5186000E-006
          1.2596000E-001             3.2900000E-007
          1.2746000E-001             3.2900000E-007
          1.2896000E-001             3.2900000E-007
          1.3046000E-001             7.6000000E-008
          1.3196000E-001             7.6000000E-008
          1.3346000E-001             7.6000000E-008
          1.3496000E-001             7.6000000E-008
          1.3646000E-001             1.0342000E-006
          1.3796000E-001             1.0342000E-006
          1.3946000E-001             1.0342000E-006
          1.4096000E-001             2.2608000E-006
          1.4246000E-001             2.2608000E-006
          1.4396000E-001             2.2608000E-006
          1.4546000E-001             3.0848000E-006
          1.4696000E-001             3.0848000E-006
          1.4846000E-001             3.0848000E-006
          1.4996000E-001             3.0848000E-006
          1.5146000E-001             3.2812000E-006
          1.5296000E-001             3.2812000E-006
          1.5446000E-001             3.2812000E-006
          1.5596000E-001             2.9860000E-006
          1.5746000E-001             2.9860000E-006
          1.5896000E-001             2.9860000E-006
          1.6046000E-001             2.4940000E-006
          1.6196000E-001             2.4940000E-006
          1.6346000E-001             2.4940000E-006
          1.6496000E-001             2.4940000E-006
          1.6646000E-001             2.0638000E-006
          1.6796000E-001             2.0638000E-006
          1.6946000E-001             2.0638000E-006
          1.7096000E-001             1.8144000E-006
          1.7246000E-001             1.8144000E-006
          1.7396000E-001             1.8144000E-006
          1.7546000E-001             1.7304000E-006
          1.7696000E-001             1.7304000E-006
          1.7846000E-001             1.7304000E-006
          1.7996000E-001             1.7304000E-006
          1.8146000E-001             1.7300000E-006
          1.8296000E-001             1.7300000E-006
          1.8446000E-001             1.7300000E-006
          1.8596000E-001             1.7308000E-006
          1.8746000E-001             1.7308000E-006
          1.8896000E-001             1.7308000E-006
          1.9046000E-001             1.6840000E-006
          1.9196000E-001             1.6840000E-006
          1.9346000E-001             1.6840000E-006
          1.9496000E-001             1.6840000E-006
          1.9646000E-001             1.5788000E-006
          1.9796000E-001             1.5788000E-006
          1.9946000E-001             1.5788000E-006
          2.0096000E-001             1.4296000E-006
          2.0246000E-001             1.4296000E-006
          2.0396000E-001             1.4296000E-006
          2.0546000E-001             1.2646000E-006
          2.0696000E-001             1.2646000E-006
          2.0846000E-001             1.2646000E-006
          2.0996000E-001             1.2646000E-006
          2.1146000E-001             1.1036000E-006
          2.1296000E-001             1.1036000E-006
          2.1446000E-001             1.1036000E-006
          2.1596000E-001             9.5060000E-007
          2.1746000E-001             9.5060000E-007
          2.1896000E-001             9.5060000E-007
          2.2046000E-001             8.0200000E-007
          2.2196000E-001             8.0200000E-007
          2.2346000E-001             8.0200000E-007
          2.2496000E-001             8.0200000E-007
          2.2646000E-001             6.5240000E-007
          2.2796000E-001             6.5240000E-007
          2.2946000E-001             6.5240000E-007
          2.3096000E-001             4.9740000E-007
          2.3246000E-001             4.9740000E-007
          2.3396000E-001             4.9740000E-007
          2.3546000E-001             3.3680000E-007
          2.3696000E-001             3.3680000E-007
          2.3846000E-001             3.3680000E-007
          2.3996000E-001             3.3680000E-007
          2.4146000E-001             1.7420000E-007
          2.4296000E-001             1.7420000E-007
          2.4446000E-001             1.7420000E-007
          2.4596000E-001             9.3999996E-009
          2.4746000E-001             9.3999996E-009
          2.4896000E-001             9.3999996E-009
          2.5046000E-001            -1.6060000E-007
          2.5196000E-001            -1.6060000E-007
          2.5346000E-001            -1.6060000E-007
          2.5496000E-001            -1.6060000E-007
          2.5646000E-001            -3.3860000E-007
          2.5796000E-001            -3.3860000E-007
          2.5946000E-001            -3.3860000E-007
          2.6096000E-001            -5.2420000E-007
          2.6246000E-001            -5.2420000E-007
          2.6396000E-001            -5.2420000E-007
          2.6546000E-001            -7.1460000E-007
          2.6696000E-001            -7.1460000E-007
          2.6846000E-001            -7.1460000E-007
          2.6996000E-001            -7.1460000E-007
          2.7146000E-001            -9.0800000E-007
          2.7296000E-001            -9.0800000E-007
          2.7446000E-001            -9.0800000E-007
          2.7596000E-001            -1.1066000E-006
          2.7746000E-001            -1.1066000E-006
          2.7896000E-001            -1.1066000E-006
          2.8046000E-001            -1.3134000E-006
          2.8196000E-001            -1.3134000E-006
          2.8346000E-001            -1.3134000E-006
          2.8496000E-001            -1.3134000E-006
          2.8646000E-001            -1.5268000E-006
          2.8796000E-001            -1.5268000E-006
          2.8946000E-001            -1.5268000E-006
          2.9096000E-001            -1.7458000E-006
          2.9246000E-001            -1.7458000E-006
          2.9396000E-001            -1.7458000E-006
          2.9546000E-001            -1.9748000E-006
          2.9696000E-001            -1.9748000E-006
          2.9846000E-001            -1.9748000E-006
          2.9996000E-001            -1.9748000E-006
          3.0146000E-001            -2.2182000E-006
          3.0296000E-001            -2.2182000E-006
          3.0446000E-001            -2.2182000E-006
          3.0596000E-001            -2.4698000E-006
          3.0746000E-001            -2.4698000E-006
          3.0896000E-001            -2.4698000E-006
          3.1046000E-001            -2.7166000E-006
          3.1196000E-001            -2.7166000E-006
          3.1346000E-001            -2.7166000E-006
          3.1496000E-001            -2.7166000E-006
          3.1646000E-001            -2.9512000E-006
          3.1796000E-001            -2.9512000E-006
          3.1946000E-001            -2.9512000E-006
          3.2096000E-001            -3.1850000E-006
          3.2246000E-001            -3.1850000E-006
          3.2396000E-001            -3.1850000E-006
          3.2546000E-001            -3.4332000E-006
          3.2696000E-001            -3.4332000E-006
          3.2846000E-001            -3.4332000E-006
          3.2996000E-001            -3.4332000E-006
          3.3146000E-001            -3.6984000E-006
          3.3296000E-001            -3.6984000E-006
          3.3446000E-001            -3.6984000E-006
          3.3596000E-001            -3.9742000E-006
          3.3746000E-001            -3.9742000E-006
          3.3896000E-001            -3.9742000E-006
          3.4046000E-001            -4.2552000E-006
          3.4196000E-001            -4.2552000E-006
          3.4346000E-001            -4.2552000E-006
          3.4496000E-001            -4.2552000E-006
          3.4646000E-001            -4.5382000E-006
          3.4796000E-001            -4.5382000E-006
          3.4946000E-001            -4.5382000E-006
          3.5096000E-001            -4.8238000E-006
          3.5246000E-001            -4.8238000E-006
          3.5396000E-001            -4.8238000E-006
          3.5546000E-001            -5.1140000E-006
          3.5696000E-001            -5.1140000E-006
          3.5846000E-001            -5.1140000E-006
          3.5996000E-001            -5.1140000E-006
          3.6146000E-001            -5.4128000E-006
          3.6296000E-001            -5.4128000E-006
          3.6446000E-001            -5.4128000E-006
          3.6596000E-001            -5.7246000E-006
          3.6746000E-001            -5.7246000E-006
          3.6896000E-001            -5.7246000E-006
          3.7046000E-001            -6.0500000E-006
          3.7196000E-001            -6.0500000E-006
          3.7346000E-001            -6.0500000E-006
          3.7496000E-001            -6.0500000E-006
          3.7646000E-001            -6.3826000E-006
          3.7796000E-001            -6.3826000E-006
          3.7946000E-001            -6.3826000E-006
          3.8096000E-001            -6.7142000E-006
          3.8246000E-001            -6.7142000E-006
          3.8396000E-001            -6.7142000E-006
          3.8546000E-001            -7.0468000E-006
          3.8696000E-001            -7.0468000E-006
          3.8846000E-001            -7.0468000E-006
          3.8996000E-001            -7.0468000E-006
          3.9146000E-001            -7.3886000E-006
          3.9296000E-001            -7.3886000E-006
          3.9446000E-001            -7.3886000E-006
          3.9596000E-001            -7.7410000E-006
          3.9746000E-001            -7.7410000E-006
          3.9896000E-001            -7.7410000E-006
          4.0046000E-001            -8.0982000E-006
          4.0196000E-001            -8.0982000E-006
          4.0346000E-001            -8.0982000E-006
          4.0496000E-001            -8.0982000E-006
          4.0646000E-001            -8.4524000E-006
          4.0796000E-001            -8.4524000E-006
          4.0946000E-001            -8.4524000E-006
          4.1096000E-001            -8.8058000E-006
          4.1246000E-001            -8.8058000E-006
          4.1396000E-001            -8.8058000E-006
          4.1546000E-001            -9.1666000E-006
          4.1696000E-001            -9.1666000E-006
          4.1846000E-001            -9.1666000E-006
          4.1996000E-001            -9.1666000E-006
          4.2146000E-001            -9.5396000E-006
          4.2296000E-001            -9.5396000E-006
          4.2446000E-001            -9.5396000E-006
          4.2596000E-001            -9.9240000E-006
          4.2746000E-001            -9.9240000E-006
          4.2896000E-001            -9.9240000E-006
          4.3046000E-001            -1.0317200E-005
          4.3196000E-001            -1.0317200E-005
          4.3346000E-001            -1.0317200E-005
          4.3496000E-001            -1.0317200E-005
          4.3646000E-001            -1.0719600E-005
          4.3796000E-001            -1.0719600E-005
          4.3946000E-001            -1.0719600E-005
          4.4096000E-001            -1.1134800E-005
          4.4246000E-001            -1.1134800E-005
          4.4396000E-001            -1.1134800E-005
          4.4546000E-001            -1.1564600E-005
          4.4696000E-001            -1.1564600E-005
          4.4846000E-001            -1.1564600E-005
          4.4996000E-001            -1.1564600E-005
          4.5146000E-001            -1.2004200E-005
          4.5296000E-001            -1.2004200E-005
          4.5446000E-001            -1.2004200E-005
          4.5596000E-001            -1.2446800E-005
          4.5746000E-001            -1.2446800E-005
          4.5896000E-001            -1.2446800E-005
          4.6046000E-001            -1.2887200E-005
          4.6196000E-001            -1.2887200E-005
          4.6346000E-001            -1.2887200E-005
          4.6496000E-001            -1.2887200E-005
          4.6646000E-001            -1.3322400E-005
          4.6796000E-001            -1.3322400E-005
          4.6946000E-001            -1.3322400E-005
          4.7096000E-001            -1.3759200E-005
          4.7246000E-001            -1.3759200E-005
          4.7396000E-001            -1.3759200E-005
          4.7546000E-001            -1.4209000E-005
          4.7696000E-001            -1.4209000E-005
          4.7846000E-001            -1.4209000E-005
          4.7996000E-001            -1.4209000E-005
          4.8146000E-001            -1.4675000E-005
          4.8296000E-001            -1.4675000E-005
          4.8446000E-001            -1.4675000E-005
          4.8596000E-001            -1.5153400E-005
          4.8746000E-001            -1.5153400E-005
          4.8896000E-001            -1.5153400E-005
          4.9046000E-001            -1.5640400E-005
          4.9196000E-001            -1.5640400E-005
          4.9346000E-001            -1.5640400E-005
          4.9496000E-001            -1.5640400E-005
          4.9646000E-001            -1.6132400E-005
          4.9796000E-001            -1.6132400E-005
          4.9946000E-001            -1.6132400E-005
          5.0096000E-001            -1.6628800E-005
          5.0246000E-001            -1.6628800E-005
          5.0396000E-001            -1.6628800E-005
          5.0546000E-001            -1.7136000E-005
          5.0696000E-001            -1.7136000E-005
          5.0846000E-001            -1.7136000E-005
          5.0996000E-001            -1.7136000E-005
          5.1146000E-001            -1.7658200E-005
          5.1296000E-001            -1.7658200E-005
          5.1446000E-001            -1.7658200E-005
          5.1596000E-001            -1.8190600E-005
          5.1746000E-001            -1.8190600E-005
          5.1896000E-001            -1.8190600E-005
          5.2046000E-001            -1.8724800E-005
          5.2196000E-001            -1.8724800E-005
          5.2346000E-001            -1.8724800E-005
          5.2496000E-001            -1.8724800E-005
          5.2646000E-001            -1.9261000E-005
          5.2796000E-001            -1.9261000E-005
          5.2946000E-001            -1.9261000E-005
          5.3096000E-001            -1.9804600E-005
          5.3246000E-001            -1.9804600E-005
          5.3396000E-001            -1.9804600E-005
          5.3546000E-001            -2.0357800E-005
          5.3696000E-001            -2.0357800E-005
          5.3846000E-001            -2.0357800E-005
          5.3996000E-001            -2.0357800E-005
          5.4146000E-001            -2.0919400E-005
          5.4296000E-001            -2.0919400E-005
          5.4446000E-001            -2.0919400E-005
          5.4596000E-001            -2.1486600E-005
          5.4746000E-001            -2.1486600E-005
          5.4896000E-001            -2.1486600E-005
          5.5046000E-001            -2.2058000E-005
          5.5196000E-001            -2.2058000E-005
          5.5346000E-001            -2.2058000E-005
          5.5496000E-001            -2.2058000E-005
          5.5646000E-001            -2.2635400E-005
          5.5796000E-001            -2.2635400E-005
          5.5946000E-001            -2.2635400E-005
          5.6096000E-001            -2.3223800E-005
          5.6246000E-001            -2.3223800E-005
          5.6396000E-001            -2.3223800E-005
          5.6546000E-001            -2.3828600E-005
          5.6696000E-001            -2.3828600E-005
          5.6846000E-001            -2.3828600E-005
          5.6996000E-001            -2.3828600E-005
          5.7146000E-001            -2.4450200E-005
          5.7296000E-001            -2.4450200E-005
          5.7446000E-001            -2.4450200E-005
          5.7596000E-001            -2.5082000E-005
          5.7746000E-001            -2.5082000E-005
          5.7896000E-001            -2.5082000E-005
          5.8046000E-001            -2.5716600E-005
          5.8196000E-001            -2.5716600E-005
          5.8346000E-001            -2.5716600E-005
          5.8496000E-001            -2.5716600E-005
          5.8646000E-001            -2.6354200E-005
          5.8796000E-001            -2.6354200E-005
          5.8946000E-001            -2.6354200E-005
          5.9096000E-001            -2.7000400E-005
          5.9246000E-001            -2.7000400E-005
          5.9396000E-001            -2.7000400E-005
          5.9546000E-001            -2.7656800E-005
          5.9696000E-001            -2.7656800E-005
          5.9846000E-001            -2.7656800E-005
          5.9996000E-001            -2.7656800E-005
          6.0146000E-001            -2.8323200E-005
          6.0296000E-001            -2.8323200E-005
          6.0446000E-001            -2.8323200E-005
          6.0596000E-001            -2.8998600E-005
          6.0746000E-001            -2.8998600E-005
          6.0896000E-001            -2.8998600E-005
          6.1046000E-001            -2.9681200E-005
          6.1196000E-001            -2.9681200E-005
          6.1346000E-001            -2.9681200E-005
          6.1496000E-001            -2.9681200E-005
          6.1646000E-001            -3.0366800E-005
          6.1796000E-001            -3.0366800E-005
          6.1946000E-001            -3.0366800E-005
          6.2096000E-001            -3.1057800E-005
          6.2246000E-001            -3.1057800E-005
          6.2396000E-001            -3.1057800E-005
          6.2546000E-001            -3.1762400E-005
          6.2696000E-001            -3.1762400E-005
          6.2846000E-001            -3.1762400E-005
          6.2996000E-001            -3.1762400E-005
          6.3146000E-001            -3.2486000E-005
          6.3296000E-001            -3.2486000E-005
          6.3446000E-001            -3.2486000E-005
          6.3596000E-001            -3.3228400E-005
          6.3746000E-001            -3.3228400E-005
          6.3896000E-001            -3.3228400E-005
          6.4046000E-001            -3.3981800E-005
          6.4196000E-001            -3.3981800E-005
          6.4346000E-001            -3.3981800E-005
          6.4496000E-001            -3.3981800E-005
          6.4646000E-001            -3.4735600E-005
          6.4796000E-001            -3.4735600E-005
          6.4946000E-001            -3.4735600E-005
          6.5096000E-001            -3.5482600E-005
          6.5246000E-001            -3.5482600E-005
          6.5396000E-001            -3.5482600E-005
          6.5546000E-001            -3.6227000E-005
          6.5696000E-001            -3.6227000E-005
          6.5846000E-001            -3.6227000E-005
          6.5996000E-001            -3.6227000E-005
          6.6146000E-001            -3.6978600E-005
          6.6296000E-001            -3.6978600E-005
          6.6446000E-001            -3.6978600E-005
          6.6596000E-001            -3.7750400E-005
          6.6746000E-001            -3.7750400E-005
          6.6896000E-001            -3.7750400E-005
          6.7046000E-001            -3.8549400E-005
          6.7196000E-001            -3.8549400E-005
          6.7346000E-001            -3.8549400E-005
          6.7496000E-001            -3.8549400E-005
          6.7646000E-001            -3.9370400E-005
          6.7796000E-001            -3.9370400E-005
          6.7946000E-001            -3.9370400E-005
          6.8096000E-001            -4.0197400E-005
          6.8246000E-001            -4.0197400E-005
          6.8396000E-001            -4.0197400E-005
          6.8546000E-001            -4.1020200E-005
          6.8696000E-001            -4.1020200E-005
          6.8846000E-001            -4.1020200E-005
          6.8996000E-001            -4.1020200E-005
          6.9146000E-001            -4.1842600E-005
          6.9296000E-001            -4.1842600E-005
          6.9446000E-001            -4.1842600E-005
          6.9596000E-001            -4.2671200E-005
          6.9746000E-001            -4.2671200E-005
          6.9896000E-001            -4.2671200E-005
          7.0046000E-001            -4.3512200E-005
          7.0196000E-001            -4.3512200E-005
          7.0346000E-001            -4.3512200E-005
          7.0496000E-001            -4.3512200E-005
          7.0646000E-001            -4.4372000E-005
          7.0796000E-001            -4.4372000E-005
          7.0946000E-001            -4.4372000E-005
          7.1096000E-001            -4.5252000E-005
          7.1246000E-001            -4.5252000E-005
          7.1396000E-001            -4.5252000E-005
          7.1546000E-001            -4.6147000E-005
          7.1696000E-001            -4.6147000E-005
          7.1846000E-001            -4.6147000E-005
          7.1996000E-001            -4.6147000E-005
          7.2146000E-001            -4.7047600E-005
          7.2296000E-001            -4.7047600E-005
          7.2446000E-001            -4.7047600E-005
          7.2596000E-001            -4.7945000E-005
          7.2746000E-001            -4.7945000E-005
          7.2896000E-001            -4.7945000E-005
          7.3046000E-001            -4.8840000E-005
          7.3196000E-001            -4.8840000E-005
          7.3346000E-001            -4.8840000E-005
          7.3496000E-001            -4.8840000E-005
          7.3646000E-001            -4.9743000E-005
          7.3796000E-001            -4.9743000E-005
          7.3946000E-001            -4.9743000E-005
          7.4096000E-001            -5.0668200E-005
          7.4246000E-001            -5.0668200E-005
          7.4396000E-001            -5.0668200E-005
          7.4546000E-001            -5.1619600E-005
          7.4696000E-001            -5.1619600E-005
          7.4846000E-001            -5.1619600E-005
          7.4996000E-001            -5.1619600E-005
          7.5146000E-001            -5.2583400E-005
          7.5296000E-001            -5.2583400E-005
          7.5446000E-001            -5.2583400E-005
          7.5596000E-001            -5.3545600E-005
          7.5746000E-001            -5.3545600E-005
          7.5896000E-001            -5.3545600E-005
          7.6046000E-001            -5.4508600E-005
          7.6196000E-001            -5.4508600E-005
          7.6346000E-001            -5.4508600E-005
          7.6496000E-001            -5.4508600E-005
          7.6646000E-001            -5.5486000E-005
          7.6796000E-001            -5.5486000E-005
          7.6946000E-001            -5.5486000E-005
          7.7096000E-001            -5.6483600E-005
          7.7246000E-001            -5.6483600E-005
          7.7396000E-001            -5.6483600E-005
          7.7546000E-001            -5.7492800E-005
          7.7696000E-001            -5.7492800E-005
          7.7846000E-001            -5.7492800E-005
          7.7996000E-001            -5.7492800E-005
          7.8146000E-001            -5.8502600E-005
          7.8296000E-001            -5.8502600E-005
          7.8446000E-001            -5.8502600E-005
          7.8596000E-001            -5.9513400E-005
          7.8746000E-001            -5.9513400E-005
          7.8896000E-001            -5.9513400E-005
          7.9046000E-001            -6.0535200E-005
          7.9196000E-001            -6.0535200E-005
          7.9346000E-001            -6.0535200E-005
          7.9496000E-001            -6.0535200E-005
          7.9646000E-001            -6.1574000E-005
          7.9796000E-001            -6.1574000E-005
          7.9946000E-001            -6.1574000E-005
          8.0096000E-001            -6.2625600E-005
          8.0246000E-001            -6.2625600E-005
          8.0396000E-001            -6.2625600E-005
          8.0546000E-001            -6.3687200E-005
          8.0696000E-001            -6.3687200E-005
          8.0846000E-001            -6.3687200E-005
          8.0996000E-001            -6.3687200E-005
          8.1146000E-001            -6.4762800E-005
          8.1296000E-001            -6.4762800E-005
          8.1446000E-001            -6.4762800E-005
          8.1596000E-001            -6.5852200E-005
          8.1746000E-001            -6.5852200E-005
          8.1896000E-001            -6.5852200E-005
          8.2046000E-001            -6.6948400E-005
          8.2196000E-001            -6.6948400E-005
          8.2346000E-001            -6.6948400E-005
          8.2496000E-001            -6.6948400E-005
          8.2646000E-001            -6.8047600E-005
          8.2796000E-001            -6.8047600E-005
          8.2946000E-001            -6.8047600E-005
          8.3096000E-001            -6.9154000E-005
          8.3246000E-001            -6.9154000E-005
          8.3396000E-001            -6.9154000E-005
          8.3546000E-001            -7.0274800E-005
          8.3696000E-001            -7.0274800E-005
          8.3846000E-001            -7.0274800E-005
          8.3996000E-001            -7.0274800E-005
          8.4146000E-001            -7.1412800E-005
          8.4296000E-001            -7.1412800E-005
          8.4446000E-001            -7.1412800E-005
          8.4596000E-001            -7.2565560E-005
          8.4746000E-001            -7.2565560E-005
          8.4896000E-001            -7.2565560E-005
          8.5046000E-001            -7.3729560E-005
          8.5196000E-001            -7.3729560E-005
          8.5346000E-001            -7.3729560E-005
          8.5496000E-001            -7.3729560E-005
          8.5646000E-001            -7.4900620E-005
          8.5796000E-001            -7.4900620E-005
          8.5946000E-001            -7.4900620E-005
          8.6096000E-001            -7.6079540E-005
          8.6246000E-001            -7.6079540E-005
          8.6396000E-001            -7.6079540E-005
          8.6546000E-001            -7.7266360E-005
          8.6696000E-001            -7.7266360E-005
          8.6846000E-001            -7.7266360E-005
          8.6996000E-001            -7.7266360E-005
          8.7146000E-001            -7.8460740E-005
          8.7296000E-001            -7.8460740E-005
          8.7446000E-001            -7.8460740E-005
          8.7596000E-001            -7.9668280E-005
          8.7746000E-001            -7.9668280E-005
          8.7896000E-001            -7.9668280E-005
          8.8046000E-001            -8.0892400E-005
          8.8196000E-001            -8.0892400E-005
          8.8346000E-001            -8.0892400E-005
          8.8496000E-001            -8.0892400E-005
          8.8646000E-001            -8.2127360E-005
          8.8796000E-001            -8.2127360E-005
          8.8946000E-001            -8.2127360E-005
          8.9096000E-001            -8.3368700E-005
          8.9246000E-001            -8.3368700E-005
          8.9396000E-001            -8.3368700E-005
          8.9546000E-001            -8.4619500E-005
          8.9696000E-001            -8.4619500E-005
          8.9846000E-001            -8.4619500E-005
          8.9996000E-001            -8.4619500E-005
          9.0146000E-001            -8.5884160E-005
          9.0296000E-001            -8.5884160E-005
          9.0446000E-001            -8.5884160E-005
          9.0596000E-001            -8.7163320E-005
          9.0746000E-001            -8.7163320E-005
          9.0896000E-001            -8.7163320E-005
          9.1046000E-001            -8.8454760E-005
          9.1196000E-001            -8.8454760E-005
          9.1346000E-001            -8.8454760E-005
          9.1496000E-001            -8.8454760E-005
          9.1646000E-001            -8.9754140E-005
          9.1796000E-001            -8.9754140E-005
          9.1946000E-001            -8.9754140E-005
          9.2096000E-001            -9.1058260E-005
          9.2246000E-001            -9.1058260E-005
          9.2396000E-001            -9.1058260E-005
          9.2546000E-001            -9.2370320E-005
          9.2696000E-001            -9.2370320E-005
          9.2846000E-001            -9.2370320E-005
          9.2996000E-001            -9.2370320E-005
          9.3146000E-001            -9.3696020E-005
          9.3296000E-001            -9.3696020E-005
          9.3446000E-001            -9.3696020E-005
          9.3596000E-001            -9.5037520E-005
          9.3746000E-001            -9.5037520E-005
          9.3896000E-001            -9.5037520E-005
          9.4046000E-001            -9.6393340E-005
          9.4196000E-001            -9.6393340E-005
          9.4346000E-001            -9.6393340E-005
          9.4496000E-001            -9.6393340E-005
          9.4646000E-001            -9.7760560E-005
          9.4796000E-001            -9.7760560E-005
          9.4946000E-001            -9.7760560E-005
          9.5096000E-001            -9.9136680E-005
          9.5246000E-001            -9.9136680E-005
          9.5396000E-001            -9.9136680E-005
          9.5546000E-001            -1.0051901E-004
          9.5696000E-001            -1.0051901E-004
          9.5846000E-001            -1.0051901E-004
          9.5996000E-001            -1.0051901E-004
          9.6146000E-001            -1.0190601E-004
          9.6296000E-001            -1.0190601E-004
          9.6446000E-001            -1.0190601E-004
          9.6596000E-001            -1.0330163E-004
          9.6746000E-001            -1.0330163E-004
          9.6896000E-001            -1.0330163E-004
          9.7046000E-001            -1.0471137E-004
          9.7196000E-001            -1.0471137E-004
          9.7346000E-001            -1.0471137E-004
          9.7496000E-001            -1.0471137E-004
          9.7646000E-001            -1.0613838E-004
          9.7796000E-001            -1.0613838E-004
          9.7946000E-001            -1.0613838E-004
          9.8096000E-001            -1.0758576E-004
          9.8246000E-001            -1.0758576E-004
          9.8396000E-001            -1.0758576E-004
          9.8546000E-001            -1.0905254E-004
          9.8696000E-001            -1.0905254E-004
          9.8846000E-001            -1.0905254E-004
          9.8996000E-001            -1.0905254E-004
          9.9146000E-001            -1.1052918E-004
          9.9296000E-001            -1.1052918E-004
          9.9446000E-001            -1.1052918E-004
          9.9596000E-001            -1.1200524E-004
          9.9746000E-001            -1.1200524E-004
          9.9896000E-001            -1.1200524E-004
          1.0004600E+000            -1.1347746E-004
          1.0019600E+000            -1.1347746E-004
          1.0034600E+000            -1.1347746E-004
          1.0049600E+000            -1.1347746E-004
          1.0064600E+000            -1.1494938E-004
          1.0079600E+000            -1.1494938E-004
          1.0094600E+000            -1.1494938E-004
          1.0109600E+000            -1.1642890E-004
          1.0124600E+000            -1.1642890E-004
          1.0139600E+000            -1.1642890E-004
          1.0154600E+000            -1.1792478E-004
          1.0169600E+000            -1.1792478E-004
          1.0184600E+000            -1.1792478E-004
          1.0199600E+000            -1.1792478E-004
          1.0214600E+000            -1.1944146E-004
          1.0229600E+000            -1.1944146E-004
          1.0244600E+000            -1.1944146E-004
          1.0259600E+000            -1.2097968E-004
          1.0274600E+000            -1.2097968E-004
          1.0289600E+000            -1.2097968E-004
          1.0304600E+000            -1.2253830E-004
          1.0319600E+000            -1.2253830E-004
          1.0334600E+000            -1.2253830E-004
          1.0349600E+000            -1.2253830E-004
          1.0364600E+000            -1.2411260E-004
          1.0379600E+000            -1.2411260E-004
          1.0394600E+000            -1.2411260E-004
          1.0409600E+000            -1.2569478E-004
          1.0424600E+000            -1.2569478E-004
          1.0439600E+000            -1.2569478E-004
          1.0454600E+000            -1.2728024E-004
          1.0469600E+000            -1.2728024E-004
          1.0484600E+000            -1.2728024E-004
          1.0499600E+000            -1.2728024E-004
          1.0514600E+000            -1.2886860E-004
          1.0529600E+000            -1.2886860E-004
          1.0544600E+000            -1.2886860E-004
          1.0559600E+000            -1.3045820E-004
          1.0574600E+000            -1.3045820E-004
          1.0589600E+000            -1.3045820E-004
          1.0604600E+000            -1.3204980E-004
          1.0619600E+000            -1.3204980E-004
          1.0634600E+000            -1.3204980E-004
          1.0649600E+000            -1.3204980E-004
          1.0664600E+000            -1.3365080E-004
          1.0679600E+000            -1.3365080E-004
          1.0694600E+000            -1.3365080E-004
          1.0709600E+000            -1.3526960E-004
          1.0724600E+000            -1.3526960E-004
          1.0739600E+000            -1.3526960E-004
          1.0754600E+000            -1.3690740E-004
          1.0769600E+000            -1.3690740E-004
          1.0784600E+000            -1.3690740E-004
          1.0799600E+000            -1.3690740E-004
          1.0814600E+000            -1.3856180E-004
          1.0829600E+000            -1.3856180E-004
          1.0844600E+000            -1.3856180E-004
          1.0859600E+000            -1.4023000E-004
          1.0874600E+000            -1.4023000E-004
          1.0889600E+000            -1.4023000E-004
          1.0904600E+000            -1.4190980E-004
          1.0919600E+000            -1.4190980E-004
          1.0934600E+000            -1.4190980E-004
          1.0949600E+000            -1.4190980E-004
          1.0964600E+000            -1.4359880E-004
          1.0979600E+000            -1.4359880E-004
          1.0994600E+000            -1.4359880E-004
          1.1009600E+000            -1.4529340E-004
          1.1024600E+000            -1.4529340E-004
          1.1039600E+000            -1.4529340E-004
          1.1054600E+000            -1.4698880E-004
          1.1069600E+000            -1.4698880E-004
          1.1084600E+000            -1.4698880E-004
          1.1099600E+000            -1.4698880E-004
          1.1114600E+000            -1.4868300E-004
          1.1129600E+000            -1.4868300E-004
          1.1144600E+000            -1.4868300E-004
          1.1159600E+000            -1.5038240E-004
          1.1174600E+000            -1.5038240E-004
          1.1189600E+000            -1.5038240E-004
          1.1204600E+000            -1.5209500E-004
          1.1219600E+000            -1.5209500E-004
          1.1234600E+000            -1.5209500E-004
          1.1249600E+000            -1.5209500E-004
          1.1264600E+000            -1.5382660E-004
          1.1279600E+000            -1.5382660E-004
          1.1294600E+000            -1.5382660E-004
          1.1309600E+000            -1.5557880E-004
          1.1324600E+000            -1.5557880E-004
          1.1339600E+000            -1.5557880E-004
          1.1354600E+000            -1.5734960E-004
          1.1369600E+000            -1.5734960E-004
          1.1384600E+000            -1.5734960E-004
          1.1399600E+000            -1.5734960E-004
          1.1414600E+000            -1.5913420E-004
          1.1429600E+000            -1.5913420E-004
          1.1444600E+000            -1.5913420E-004
          1.1459600E+000            -1.6092340E-004
          1.1474600E+000            -1.6092340E-004
          1.1489600E+000            -1.6092340E-004
          1.1504600E+000            -1.6271260E-004
          1.1519600E+000            -1.6271260E-004
          1.1534600E+000            -1.6271260E-004
          1.1549600E+000            -1.6271260E-004
          1.1564600E+000            -1.6450280E-004
          1.1579600E+000            -1.6450280E-004
          1.1594600E+000            -1.6450280E-004
          1.1609600E+000            -1.6629780E-004
          1.1624600E+000            -1.6629780E-004
          1.1639600E+000            -1.6629780E-004
          1.1654600E+000            -1.6810300E-004
          1.1669600E+000            -1.6810300E-004
          1.1684600E+000            -1.6810300E-004
          1.1699600E+000            -1.6810300E-004
          1.1714600E+000            -1.6992260E-004
          1.1729600E+000            -1.6992260E-004
          1.1744600E+000            -1.6992260E-004
          1.1759600E+000            -1.7175740E-004
          1.1774600E+000            -1.7175740E-004
          1.1789600E+000            -1.7175740E-004
          1.1804600E+000            -1.7360500E-004
          1.1819600E+000            -1.7360500E-004
          1.1834600E+000            -1.7360500E-004
          1.1849600E+000            -1.7360500E-004
          1.1864600E+000            -1.7545900E-004
          1.1879600E+000            -1.7545900E-004
          1.1894600E+000            -1.7545900E-004
          1.1909600E+000            -1.7731260E-004
          1.1924600E+000            -1.7731260E-004
          1.1939600E+000            -1.7731260E-004
          1.1954600E+000            -1.7916880E-004
          1.1969600E+000            -1.7916880E-004
          1.1984600E+000            -1.7916880E-004
          1.1999600E+000            -1.7916880E-004
          1.2014600E+000            -1.8103660E-004
          1.2029600E+000            -1.8103660E-004
          1.2044600E+000            -1.8103660E-004
          1.2059600E+000            -1.8292200E-004
          1.2074600E+000            -1.8292200E-004
          1.2089600E+000            -1.8292200E-004
          1.2104600E+000            -1.8482280E-004
          1.2119600E+000            -1.8482280E-004
          1.2134600E+000            -1.8482280E-004
          1.2149600E+000            -1.8482280E-004
          1.2164600E+000            -1.8673160E-004
          1.2179600E+000            -1.8673160E-004
          1.2194600E+000            -1.8673160E-004
          1.2209600E+000            -1.8864380E-004
          1.2224600E+000            -1.8864380E-004
          1.2239600E+000            -1.8864380E-004
          1.2254600E+000            -1.9055800E-004
          1.2269600E+000            -1.9055800E-004
          1.2284600E+000            -1.9055800E-004
          1.2299600E+000            -1.9055800E-004
          1.2314600E+000            -1.9247580E-004
          1.2329600E+000            -1.9247580E-004
          1.2344600E+000            -1.9247580E-004
          1.2359600E+000            -1.9440140E-004
          1.2374600E+000            -1.9440140E-004
          1.2389600E+000            -1.9440140E-004
          1.2404600E+000            -1.9633720E-004
          1.2419600E+000            -1.9633720E-004
          1.2434600E+000            -1.9633720E-004
          1.2449600E+000            -1.9633720E-004
          1.2464600E+000            -1.9828360E-004
          1.2479600E+000            -1.9828360E-004
          1.2494600E+000            -1.9828360E-004
          1.2509600E+000            -2.0023900E-004
          1.2524600E+000            -2.0023900E-004
          1.2539600E+000            -2.0023900E-004
          1.2554600E+000            -2.0220220E-004
          1.2569600E+000            -2.0220220E-004
          1.2584600E+000            -2.0220220E-004
          1.2599600E+000            -2.0220220E-004
          1.2614600E+000            -2.0417200E-004
          1.2629600E+000            -2.0417200E-004
          1.2644600E+000            -2.0417200E-004
          1.2659600E+000            -2.0614800E-004
          1.2674600E+000            -2.0614800E-004
          1.2689600E+000            -2.0614800E-004
          1.2704600E+000            -2.0813040E-004
          1.2719600E+000            -2.0813040E-004
          1.2734600E+000            -2.0813040E-004
          1.2749600E+000            -2.0813040E-004
          1.2764600E+000            -2.1011960E-004
          1.2779600E+000            -2.1011960E-004
          1.2794600E+000            -2.1011960E-004
          1.2809600E+000            -2.1211520E-004
          1.2824600E+000            -2.1211520E-004
          1.2839600E+000            -2.1211520E-004
          1.2854600E+000            -2.1411680E-004
          1.2869600E+000            -2.1411680E-004
          1.2884600E+000            -2.1411680E-004
          1.2899600E+000            -2.1411680E-004
          1.2914600E+000            -2.1612340E-004
          1.2929600E+000            -2.1612340E-004
          1.2944600E+000            -2.1612340E-004
          1.2959600E+000            -2.1813440E-004
          1.2974600E+000            -2.1813440E-004
          1.2989600E+000            -2.1813440E-004
          1.3004600E+000            -2.2015140E-004
          1.3019600E+000            -2.2015140E-004
          1.3034600E+000            -2.2015140E-004
          1.3049600E+000            -2.2015140E-004
          1.3064600E+000            -2.2218000E-004
          1.3079600E+000            -2.2218000E-004
          1.3094600E+000            -2.2218000E-004
          1.3109600E+000            -2.2422040E-004
          1.3124600E+000            -2.2422040E-004
          1.3139600E+000            -2.2422040E-004
          1.3154600E+000            -2.2626500E-004
          1.3169600E+000            -2.2626500E-004
          1.3184600E+000            -2.2626500E-004
          1.3199600E+000            -2.2626500E-004
          1.3214600E+000            -2.2830900E-004
          1.3229600E+000            -2.2830900E-004
          1.3244600E+000            -2.2830900E-004
          1.3259600E+000            -2.3035620E-004
          1.3274600E+000            -2.3035620E-004
          1.3289600E+000            -2.3035620E-004
          1.3304600E+000            -2.3240680E-004
          1.3319600E+000            -2.3240680E-004
          1.3334600E+000            -2.3240680E-004
          1.3349600E+000            -2.3240680E-004
          1.3364600E+000            -2.3445920E-004
          1.3379600E+000            -2.3445920E-004
          1.3394600E+000            -2.3445920E-004
          1.3409600E+000            -2.3651680E-004
          1.3424600E+000            -2.3651680E-004
          1.3439600E+000            -2.3651680E-004
          1.3454600E+000            -2.3858060E-004
          1.3469600E+000            -2.3858060E-004
          1.3484600E+000            -2.3858060E-004
          1.3499600E+000            -2.3858060E-004
          1.3514600E+000            -2.4064940E-004
          1.3529600E+000            -2.4064940E-004
          1.3544600E+000            -2.4064940E-004
          1.3559600E+000            -2.4272680E-004
          1.3574600E+000            -2.4272680E-004
          1.3589600E+000            -2.4272680E-004
          1.3604600E+000            -2.4481020E-004
          1.3619600E+000            -2.4481020E-004
          1.3634600E+000            -2.4481020E-004
          1.3649600E+000            -2.4481020E-004
          1.3664600E+000            -2.4689280E-004
          1.3679600E+000            -2.4689280E-004
          1.3694600E+000            -2.4689280E-004
          1.3709600E+000            -2.4897320E-004
          1.3724600E+000            -2.4897320E-004
          1.3739600E+000            -2.4897320E-004
          1.3754600E+000            -2.5105840E-004
          1.3769600E+000            -2.5105840E-004
          1.3784600E+000            -2.5105840E-004
          1.3799600E+000            -2.5105840E-004
          1.3814600E+000            -2.5315160E-004
          1.3829600E+000            -2.5315160E-004
          1.3844600E+000            -2.5315160E-004
          1.3859600E+000            -2.5525220E-004
          1.3874600E+000            -2.5525220E-004
          1.3889600E+000            -2.5525220E-004
          1.3904600E+000            -2.5735580E-004
          1.3919600E+000            -2.5735580E-004
          1.3934600E+000            -2.5735580E-004
          1.3949600E+000            -2.5735580E-004
          1.3964600E+000            -2.5945940E-004
          1.3979600E+000            -2.5945940E-004
          1.3994600E+000            -2.5945940E-004
          1.4009600E+000            -2.6156420E-004
          1.4024600E+000            -2.6156420E-004
          1.4039600E+000            -2.6156420E-004
          1.4054600E+000            -2.6366940E-004
          1.4069600E+000            -2.6366940E-004
          1.4084600E+000            -2.6366940E-004
          1.4099600E+000            -2.6366940E-004
          1.4114600E+000            -2.6577200E-004
          1.4129600E+000            -2.6577200E-004
          1.4144600E+000            -2.6577200E-004
          1.4159600E+000            -2.6787160E-004
          1.4174600E+000            -2.6787160E-004
          1.4189600E+000            -2.6787160E-004
          1.4204600E+000            -2.6997580E-004
          1.4219600E+000            -2.6997580E-004
          1.4234600E+000            -2.6997580E-004
          1.4249600E+000            -2.6997580E-004
          1.4264600E+000            -2.7209000E-004
          1.4279600E+000            -2.7209000E-004
          1.4294600E+000            -2.7209000E-004
          1.4309600E+000            -2.7421040E-004
          1.4324600E+000            -2.7421040E-004
          1.4339600E+000            -2.7421040E-004
          1.4354600E+000            -2.7633220E-004
          1.4369600E+000            -2.7633220E-004
          1.4384600E+000            -2.7633220E-004
          1.4399600E+000            -2.7633220E-004
          1.4414600E+000            -2.7845440E-004
          1.4429600E+000            -2.7845440E-004
          1.4444600E+000            -2.7845440E-004
          1.4459600E+000            -2.8057340E-004
          1.4474600E+000            -2.8057340E-004
          1.4489600E+000            -2.8057340E-004
          1.4504600E+000            -2.8268360E-004
          1.4519600E+000            -2.8268360E-004
          1.4534600E+000            -2.8268360E-004
          1.4549600E+000            -2.8268360E-004
          1.4564600E+000            -2.8478220E-004
          1.4579600E+000            -2.8478220E-004
          1.4594600E+000            -2.8478220E-004
          1.4609600E+000            -2.8687200E-004
          1.4624600E+000            -2.8687200E-004
          1.4639600E+000            -2.8687200E-004
          1.4654600E+000            -2.8896480E-004
          1.4669600E+000            -2.8896480E-004
          1.4684600E+000            -2.8896480E-004
          1.4699600E+000            -2.8896480E-004
          1.4714600E+000            -2.9107080E-004
          1.4729600E+000            -2.9107080E-004
          1.4744600E+000            -2.9107080E-004
          1.4759600E+000            -2.9318960E-004
          1.4774600E+000            -2.9318960E-004
          1.4789600E+000            -2.9318960E-004
          1.4804600E+000            -2.9531060E-004
          1.4819600E+000            -2.9531060E-004
          1.4834600E+000            -2.9531060E-004
          1.4849600E+000            -2.9531060E-004
          1.4864600E+000            -2.9742400E-004
          1.4879600E+000            -2.9742400E-004
          1.4894600E+000            -2.9742400E-004
          1.4909600E+000            -2.9952800E-004
          1.4924600E+000            -2.9952800E-004
          1.4939600E+000            -2.9952800E-004
          1.4954600E+000            -3.0162200E-004
          1.4969600E+000            -3.0162200E-004
          1.4984600E+000            -3.0162200E-004
          1.4999600E+000            -3.0162200E-004
          1.5014600E+000            -3.0370800E-004
          1.5029600E+000            -3.0370800E-004
          1.5044600E+000            -3.0370800E-004
          1.5059600E+000            -3.0578600E-004
          1.5074600E+000            -3.0578600E-004
          1.5089600E+000            -3.0578600E-004
          1.5104600E+000            -3.0786400E-004
          1.5119600E+000            -3.0786400E-004
          1.5134600E+000            -3.0786400E-004
          1.5149600E+000            -3.0786400E-004
          1.5164600E+000            -3.0994400E-004
          1.5179600E+000            -3.0994400E-004
          1.5194600E+000            -3.0994400E-004
          1.5209600E+000            -3.1203000E-004
          1.5224600E+000            -3.1203000E-004
          1.5239600E+000            -3.1203000E-004
          1.5254600E+000            -3.1415200E-004
          1.5269600E+000            -3.1415200E-004
          1.5284600E+000            -3.1415200E-004
          1.5299600E+000            -3.1415200E-004
          1.5314600E+000            -3.1629600E-004
          1.5329600E+000            -3.1629600E-004
          1.5344600E+000            -3.1629600E-004
          1.5359600E+000            -3.1837600E-004
          1.5374600E+000            -3.1837600E-004
          1.5389600E+000            -3.1837600E-004
          1.5404600E+000            -3.2033800E-004
          1.5419600E+000            -3.2033800E-004
          1.5434600E+000            -3.2033800E-004
          1.5449600E+000            -3.2033800E-004
          1.5464600E+000            -3.2224200E-004
          1.5479600E+000            -3.2224200E-004
          1.5494600E+000            -3.2224200E-004
          1.5509600E+000            -3.2423200E-004
          1.5524600E+000            -3.2423200E-004
          1.5539600E+000            -3.2423200E-004
          1.5554600E+000            -3.2636400E-004
          1.5569600E+000            -3.2636400E-004
          1.5584600E+000            -3.2636400E-004
          1.5599600E+000            -3.2636400E-004
          1.5614600E+000            -3.2854600E-004
          1.5629600E+000            -3.2854600E-004
          1.5644600E+000            -3.2854600E-004
          1.5659600E+000            -3.3061600E-004
          1.5674600E+000            -3.3061600E-004
          1.5689600E+000            -3.3061600E-004
          1.5704600E+000            -3.3255000E-004
          1.5719600E+000            -3.3255000E-004
          1.5734600E+000            -3.3255000E-004
          1.5749600E+000            -3.3255000E-004
          1.5764600E+000            -3.3444800E-004
          1.5779600E+000            -3.3444800E-004
          1.5794600E+000            -3.3444800E-004
          1.5809600E+000            -3.3642200E-004
          1.5824600E+000            -3.3642200E-004
          1.5839600E+000            -3.3642200E-004
          1.5854600E+000            -3.3846800E-004
          1.5869600E+000            -3.3846800E-004
          1.5884600E+000            -3.3846800E-004
          1.5899600E+000            -3.3846800E-004
          1.5914600E+000            -3.4053000E-004
          1.5929600E+000            -3.4053000E-004
          1.5944600E+000            -3.4053000E-004
          1.5959600E+000            -3.4256400E-004
          1.5974600E+000            -3.4256400E-004
          1.5989600E+000            -3.4256400E-004
          1.6004600E+000            -3.4456800E-004
          1.6019600E+000            -3.4456800E-004
          1.6034600E+000            -3.4456800E-004
          1.6049600E+000            -3.4456800E-004
          1.6064600E+000            -3.4652400E-004
          1.6079600E+000            -3.4652400E-004
          1.6094600E+000            -3.4652400E-004
          1.6109600E+000            -3.4840200E-004
          1.6124600E+000            -3.4840200E-004
          1.6139600E+000            -3.4840200E-004
          1.6154600E+000            -3.5022800E-004
          1.6169600E+000            -3.5022800E-004
          1.6184600E+000            -3.5022800E-004
          1.6199600E+000            -3.5022800E-004
          1.6214600E+000            -3.5206200E-004
          1.6229600E+000            -3.5206200E-004
          1.6244600E+000            -3.5206200E-004
          1.6259600E+000            -3.5394400E-004
          1.6274600E+000            -3.5394400E-004
          1.6289600E+000            -3.5394400E-004
          1.6304600E+000            -3.5584400E-004
          1.6319600E+000            -3.5584400E-004
          1.6334600E+000            -3.5584400E-004
          1.6349600E+000            -3.5584400E-004
          1.6364600E+000            -3.5774600E-004
          1.6379600E+000            -3.5774600E-004
          1.6394600E+000            -3.5774600E-004
          1.6409600E+000            -3.5966200E-004
          1.6424600E+000            -3.5966200E-004
          1.6439600E+000            -3.5966200E-004
          1.6454600E+000            -3.6158000E-004
          1.6469600E+000            -3.6158000E-004
          1.6484600E+000            -3.6158000E-004
          1.6499600E+000            -3.6158000E-004
          1.6514600E+000            -3.6347800E-004
          1.6529600E+000            -3.6347800E-004
          1.6544600E+000            -3.6347800E-004
          1.6559600E+000            -3.6536400E-004
          1.6574600E+000            -3.6536400E-004
          1.6589600E+000            -3.6536400E-004
          1.6604600E+000            -3.6720000E-004
          1.6619600E+000            -3.6720000E-004
          1.6634600E+000            -3.6720000E-004
          1.6649600E+000            -3.6720000E-004
          1.6664600E+000            -3.6892200E-004
          1.6679600E+000            -3.6892200E-004
          1.6694600E+000            -3.6892200E-004
          1.6709600E+000            -3.7053800E-004
          1.6724600E+000            -3.7053800E-004
          1.6739600E+000            -3.7053800E-004
          1.6754600E+000            -3.7216400E-004
          1.6769600E+000            -3.7216400E-004
          1.6784600E+000            -3.7216400E-004
          1.6799600E+000            -3.7216400E-004
          1.6814600E+000            -3.7390200E-004
          1.6829600E+000            -3.7390200E-004
          1.6844600E+000            -3.7390200E-004
          1.6859600E+000            -3.7572000E-004
          1.6874600E+000            -3.7572000E-004
          1.6889600E+000            -3.7572000E-004
          1.6904600E+000            -3.7753600E-004
          1.6919600E+000            -3.7753600E-004
          1.6934600E+000            -3.7753600E-004
          1.6949600E+000            -3.7753600E-004
          1.6964600E+000            -3.7931600E-004
          1.6979600E+000            -3.7931600E-004
          1.6994600E+000            -3.7931600E-004
          1.7009600E+000            -3.8104800E-004
          1.7024600E+000            -3.8104800E-004
          1.7039600E+000            -3.8104800E-004
          1.7054600E+000            -3.8272600E-004
          1.7069600E+000            -3.8272600E-004
          1.7084600E+000            -3.8272600E-004
          1.7099600E+000            -3.8272600E-004
          1.7114600E+000            -3.8433200E-004
          1.7129600E+000            -3.8433200E-004
          1.7144600E+000            -3.8433200E-004
          1.7159600E+000            -3.8587000E-004
          1.7174600E+000            -3.8587000E-004
          1.7189600E+000            -3.8587000E-004
          1.7204600E+000            -3.8736800E-004
          1.7219600E+000            -3.8736800E-004
          1.7234600E+000            -3.8736800E-004
          1.7249600E+000            -3.8736800E-004
          1.7264600E+000            -3.8887800E-004
          1.7279600E+000            -3.8887800E-004
          1.7294600E+000            -3.8887800E-004
          1.7309600E+000            -3.9040200E-004
          1.7324600E+000            -3.9040200E-004
          1.7339600E+000            -3.9040200E-004
          1.7354600E+000            -3.9189000E-004
          1.7369600E+000            -3.9189000E-004
          1.7384600E+000            -3.9189000E-004
          1.7399600E+000            -3.9189000E-004
          1.7414600E+000            -3.9334000E-004
          1.7429600E+000            -3.9334000E-004
          1.7444600E+000            -3.9334000E-004
          1.7459600E+000            -3.9480200E-004
          1.7474600E+000            -3.9480200E-004
          1.7489600E+000            -3.9480200E-004
          1.7504600E+000            -3.9629000E-004
          1.7519600E+000            -3.9629000E-004
          1.7534600E+000            -3.9629000E-004
          1.7549600E+000            -3.9629000E-004
          1.7564600E+000            -3.9778000E-004
          1.7579600E+000            -3.9778000E-004
          1.7594600E+000            -3.9778000E-004
          1.7609600E+000            -3.9927200E-004
          1.7624600E+000            -3.9927200E-004
          1.7639600E+000            -3.9927200E-004
          1.7654600E+000            -4.0075800E-004
          1.7669600E+000            -4.0075800E-004
          1.7684600E+000            -4.0075800E-004
          1.7699600E+000            -4.0075800E-004
          1.7714600E+000            -4.0217400E-004
          1.7729600E+000            -4.0217400E-004
          1.7744600E+000            -4.0217400E-004
          1.7759600E+000            -4.0347000E-004
          1.7774600E+000            -4.0347000E-004
          1.7789600E+000            -4.0347000E-004
          1.7804600E+000            -4.0467800E-004
          1.7819600E+000            -4.0467800E-004
          1.7834600E+000            -4.0467800E-004
          1.7849600E+000            -4.0467800E-004
          1.7864600E+000            -4.0584600E-004
          1.7879600E+000            -4.0584600E-004
          1.7894600E+000            -4.0584600E-004
          1.7909600E+000            -4.0699200E-004
          1.7924600E+000            -4.0699200E-004
          1.7939600E+000            -4.0699200E-004
          1.7954600E+000            -4.0813200E-004
          1.7969600E+000            -4.0813200E-004
          1.7984600E+000            -4.0813200E-004
          1.7999600E+000            -4.0813200E-004
          1.8014600E+000            -4.0929800E-004
          1.8029600E+000            -4.0929800E-004
          1.8044600E+000            -4.0929800E-004
          1.8059600E+000            -4.1052800E-004
          1.8074600E+000            -4.1052800E-004
          1.8089600E+000            -4.1052800E-004
          1.8104600E+000            -4.1179000E-004
          1.8119600E+000            -4.1179000E-004
          1.8134600E+000            -4.1179000E-004
          1.8149600E+000            -4.1179000E-004
          1.8164600E+000            -4.1300800E-004
          1.8179600E+000            -4.1300800E-004
          1.8194600E+000            -4.1300800E-004
          1.8209600E+000            -4.1410400E-004
          1.8224600E+000            -4.1410400E-004
          1.8239600E+000            -4.1410400E-004
          1.8254600E+000            -4.1506400E-004
          1.8269600E+000            -4.1506400E-004
          1.8284600E+000            -4.1506400E-004
          1.8299600E+000            -4.1506400E-004
          1.8314600E+000            -4.1591600E-004
          1.8329600E+000            -4.1591600E-004
          1.8344600E+000            -4.1591600E-004
          1.8359600E+000            -4.1670400E-004
          1.8374600E+000            -4.1670400E-004
          1.8389600E+000            -4.1670400E-004
          1.8404600E+000            -4.1746800E-004
          1.8419600E+000            -4.1746800E-004
          1.8434600E+000            -4.1746800E-004
          1.8449600E+000            -4.1746800E-004
          1.8464600E+000            -4.1825400E-004
          1.8479600E+000            -4.1825400E-004
          1.8494600E+000            -4.1825400E-004
          1.8509600E+000            -4.1911400E-004
          1.8524600E+000            -4.1911400E-004
          1.8539600E+000            -4.1911400E-004
          1.8554600E+000            -4.2006000E-004
          1.8569600E+000            -4.2006000E-004
          1.8584600E+000            -4.2006000E-004
          1.8599600E+000            -4.2006000E-004
          1.8614600E+000            -4.2099600E-004
          1.8629600E+000            -4.2099600E-004
          1.8644600E+000            -4.2099600E-004
          1.8659600E+000            -4.2179400E-004
          1.8674600E+000            -4.2179400E-004
          1.8689600E+000            -4.2179400E-004
          1.8704600E+000            -4.2246000E-004
          1.8719600E+000            -4.2246000E-004
          1.8734600E+000            -4.2246000E-004
          1.8749600E+000            -4.2246000E-004
          1.8764600E+000            -4.2308600E-004
          1.8779600E+000            -4.2308600E-004
          1.8794600E+000            -4.2308600E-004
          1.8809600E+000            -4.2369400E-004
          1.8824600E+000            -4.2369400E-004
          1.8839600E+000            -4.2369400E-004
          1.8854600E+000            -4.2422400E-004
          1.8869600E+000            -4.2422400E-004
          1.8884600E+000            -4.2422400E-004
          1.8899600E+000            -4.2422400E-004
          1.8914600E+000            -4.2466200E-004
          1.8929600E+000            -4.2466200E-004
          1.8944600E+000            -4.2466200E-004
          1.8959600E+000            -4.2504200E-004
          1.8974600E+000            -4.2504200E-004
          1.8989600E+000            -4.2504200E-004
          1.9004600E+000            -4.2542400E-004
          1.9019600E+000            -4.2542400E-004
          1.9034600E+000            -4.2542400E-004
          1.9049600E+000            -4.2542400E-004
          1.9064600E+000            -4.2583400E-004
          1.9079600E+000            -4.2583400E-004
          1.9094600E+000            -4.2583400E-004
          1.9109600E+000            -4.2621400E-004
          1.9124600E+000            -4.2621400E-004
          1.9139600E+000            -4.2621400E-004
          1.9154600E+000            -4.2652200E-004
          1.9169600E+000            -4.2652200E-004
          1.9184600E+000            -4.2652200E-004
          1.9199600E+000            -4.2652200E-004
          1.9214600E+000            -4.2679400E-004
          1.9229600E+000            -4.2679400E-004
          1.9244600E+000            -4.2679400E-004
          1.9259600E+000            -4.2706800E-004
          1.9274600E+000            -4.2706800E-004
          1.9289600E+000            -4.2706800E-004
          1.9304600E+000            -4.2728600E-004
          1.9319600E+000            -4.2728600E-004
          1.9334600E+000            -4.2728600E-004
          1.9349600E+000            -4.2728600E-004
          1.9364600E+000            -4.2737800E-004
          1.9379600E+000            -4.2737800E-004
          1.9394600E+000            -4.2737800E-004
          1.9409600E+000            -4.2735600E-004
          1.9424600E+000            -4.2735600E-004
          1.9439600E+000            -4.2735600E-004
          1.9454600E+000            -4.2727000E-004
          1.9469600E+000            -4.2727000E-004
          1.9484600E+000            -4.2727000E-004
          1.9499600E+000            -4.2727000E-004
          1.9514600E+000            -4.2716400E-004
          1.9529600E+000            -4.2716400E-004
          1.9544600E+000            -4.2716400E-004
          1.9559600E+000            -4.2708200E-004
          1.9574600E+000            -4.2708200E-004
          1.9589600E+000            -4.2708200E-004
          1.9604600E+000            -4.2701200E-004
          1.9619600E+000            -4.2701200E-004
          1.9634600E+000            -4.2701200E-004
          1.9649600E+000            -4.2701200E-004
          1.9664600E+000            -4.2686000E-004
          1.9679600E+000            -4.2686000E-004
          1.9694600E+000            -4.2686000E-004
          1.9709600E+000            -4.2653000E-004
          1.9724600E+000            -4.2653000E-004
          1.9739600E+000            -4.2653000E-004
          1.9754600E+000            -4.2605800E-004
          1.9769600E+000            -4.2605800E-004
          1.9784600E+000            -4.2605800E-004
          1.9799600E+000            -4.2605800E-004
          1.9814600E+000            -4.2557400E-004
          1.9829600E+000            -4.2557400E-004
          1.9844600E+000            -4.2557400E-004
          1.9859600E+000            -4.2517200E-004
          1.9874600E+000            -4.2517200E-004
          1.9889600E+000            -4.2517200E-004
          1.9904600E+000            -4.2481400E-004
          1.9919600E+000            -4.2481400E-004
          1.9934600E+000            -4.2481400E-004
          1.9949600E+000            -4.2481400E-004
          1.9964600E+000            -4.2438000E-004
          1.9979600E+000            -4.2438000E-004
          1.9994600E+000            -4.2438000E-004
          2.0009600E+000            -4.2380200E-004
          2.0024600E+000            -4.2380200E-004
          2.0039600E+000            -4.2380200E-004
          2.0054600E+000            -4.2310800E-004
          2.0069600E+000            -4.2310800E-004
          2.0084600E+000            -4.2310800E-004
          2.0099600E+000            -4.2310800E-004
          2.0114600E+000            -4.2237800E-004
          2.0129600E+000            -4.2237800E-004
          2.0144600E+000            -4.2237800E-004
          2.0159600E+000            -4.2159400E-004
          2.0174600E+000            -4.2159400E-004
          2.0189600E+000            -4.2159400E-004
          2.0204600E+000            -4.2070400E-004
          2.0219600E+000            -4.2070400E-004
          2.0234600E+000            -4.2070400E-004
          2.0249600E+000            -4.2070400E-004
          2.0264600E+000            -4.1973000E-004
          2.0279600E+000            -4.1973000E-004
          2.0294600E+000            -4.1973000E-004
          2.0309600E+000            -4.1872200E-004
          2.0324600E+000            -4.1872200E-004
          2.0339600E+000            -4.1872200E-004
          2.0354600E+000            -4.1768800E-004
          2.0369600E+000            -4.1768800E-004
          2.0384600E+000            -4.1768800E-004
          2.0399600E+000            -4.1768800E-004
          2.0414600E+000            -4.1661000E-004
          2.0429600E+000            -4.1661000E-004
          2.0444600E+000            -4.1661000E-004
          2.0459600E+000            -4.1545600E-004
          2.0474600E+000            -4.1545600E-004
          2.0489600E+000            -4.1545600E-004
          2.0504600E+000            -4.1418400E-004
          2.0519600E+000            -4.1418400E-004
          2.0534600E+000            -4.1418400E-004
          2.0549600E+000            -4.1418400E-004
          2.0564600E+000            -4.1279800E-004
          2.0579600E+000            -4.1279800E-004
          2.0594600E+000            -4.1279800E-004
          2.0609600E+000            -4.1131200E-004
          2.0624600E+000            -4.1131200E-004
          2.0639600E+000            -4.1131200E-004
          2.0654600E+000            -4.0976200E-004
          2.0669600E+000            -4.0976200E-004
          2.0684600E+000            -4.0976200E-004
          2.0699600E+000            -4.0976200E-004
          2.0714600E+000            -4.0814600E-004
          2.0729600E+000            -4.0814600E-004
          2.0744600E+000            -4.0814600E-004
          2.0759600E+000            -4.0648000E-004
          2.0774600E+000            -4.0648000E-004
          2.0789600E+000            -4.0648000E-004
          2.0804600E+000            -4.0479800E-004
          2.0819600E+000            -4.0479800E-004
          2.0834600E+000            -4.0479800E-004
          2.0849600E+000            -4.0479800E-004
          2.0864600E+000            -4.0310000E-004
          2.0879600E+000            -4.0310000E-004
          2.0894600E+000            -4.0310000E-004
          2.0909600E+000            -4.0140000E-004
          2.0924600E+000            -4.0140000E-004
          2.0939600E+000            -4.0140000E-004
          2.0954600E+000            -3.9969200E-004
          2.0969600E+000            -3.9969200E-004
          2.0984600E+000            -3.9969200E-004
          2.0999600E+000            -3.9969200E-004
          2.1014600E+000            -3.9787400E-004
          2.1029600E+000            -3.9787400E-004
          2.1044600E+000            -3.9787400E-004
          2.1059600E+000            -3.9579400E-004
          2.1074600E+000            -3.9579400E-004
          2.1089600E+000            -3.9579400E-004
          2.1104600E+000            -3.9342600E-004
          2.1119600E+000            -3.9342600E-004
          2.1134600E+000            -3.9342600E-004
          2.1149600E+000            -3.9342600E-004
          2.1164600E+000            -3.9093600E-004
          2.1179600E+000            -3.9093600E-004
          2.1194600E+000            -3.9093600E-004
          2.1209600E+000            -3.8849800E-004
          2.1224600E+000            -3.8849800E-004
          2.1239600E+000            -3.8849800E-004
          2.1254600E+000            -3.8613600E-004
          2.1269600E+000            -3.8613600E-004
          2.1284600E+000            -3.8613600E-004
          2.1299600E+000            -3.8613600E-004
          2.1314600E+000            -3.8377400E-004
          2.1329600E+000            -3.8377400E-004
          2.1344600E+000            -3.8377400E-004
          2.1359600E+000            -3.8132400E-004
          2.1374600E+000            -3.8132400E-004
          2.1389600E+000            -3.8132400E-004
          2.1404600E+000            -3.7871800E-004
          2.1419600E+000            -3.7871800E-004
          2.1434600E+000            -3.7871800E-004
          2.1449600E+000            -3.7871800E-004
          2.1464600E+000            -3.7592200E-004
          2.1479600E+000            -3.7592200E-004
          2.1494600E+000            -3.7592200E-004
          2.1509600E+000            -3.7296400E-004
          2.1524600E+000            -3.7296400E-004
          2.1539600E+000            -3.7296400E-004
          2.1554600E+000            -3.6990000E-004
          2.1569600E+000            -3.6990000E-004
          2.1584600E+000            -3.6990000E-004
          2.1599600E+000            -3.6990000E-004
          2.1614600E+000            -3.6681000E-004
          2.1629600E+000            -3.6681000E-004
          2.1644600E+000            -3.6681000E-004
          2.1659600E+000            -3.6372200E-004
          2.1674600E+000            -3.6372200E-004
          2.1689600E+000            -3.6372200E-004
          2.1704600E+000            -3.6059000E-004
          2.1719600E+000            -3.6059000E-004
          2.1734600E+000            -3.6059000E-004
          2.1749600E+000            -3.6059000E-004
          2.1764600E+000            -3.5731200E-004
          2.1779600E+000            -3.5731200E-004
          2.1794600E+000            -3.5731200E-004
          2.1809600E+000            -3.5386800E-004
          2.1824600E+000            -3.5386800E-004
          2.1839600E+000            -3.5386800E-004
          2.1854600E+000            -3.5033800E-004
          2.1869600E+000            -3.5033800E-004
          2.1884600E+000            -3.5033800E-004
          2.1899600E+000            -3.5033800E-004
          2.1914600E+000            -3.4680200E-004
          2.1929600E+000            -3.4680200E-004
          2.1944600E+000            -3.4680200E-004
          2.1959600E+000            -3.4319200E-004
          2.1974600E+000            -3.4319200E-004
          2.1989600E+000            -3.4319200E-004
          2.2004600E+000            -3.3941000E-004
          2.2019600E+000            -3.3941000E-004
          2.2034600E+000            -3.3941000E-004
          2.2049600E+000            -3.3941000E-004
          2.2064600E+000            -3.3547000E-004
          2.2079600E+000            -3.3547000E-004
          2.2094600E+000            -3.3547000E-004
          2.2109600E+000            -3.3145400E-004
          2.2124600E+000            -3.3145400E-004
          2.2139600E+000            -3.3145400E-004
          2.2154600E+000            -3.2739000E-004
          2.2169600E+000            -3.2739000E-004
          2.2184600E+000            -3.2739000E-004
          2.2199600E+000            -3.2739000E-004
          2.2214600E+000            -3.2324000E-004
          2.2229600E+000            -3.2324000E-004
          2.2244600E+000            -3.2324000E-004
          2.2259600E+000            -3.1895200E-004
          2.2274600E+000            -3.1895200E-004
          2.2289600E+000            -3.1895200E-004
          2.2304600E+000            -3.1451800E-004
          2.2319600E+000            -3.1451800E-004
          2.2334600E+000            -3.1451800E-004
          2.2349600E+000            -3.1451800E-004
          2.2364600E+000            -3.0999600E-004
          2.2379600E+000            -3.0999600E-004
          2.2394600E+000            -3.0999600E-004
          2.2409600E+000            -3.0541000E-004
          2.2424600E+000            -3.0541000E-004
          2.2439600E+000            -3.0541000E-004
          2.2454600E+000            -3.0070600E-004
          2.2469600E+000            -3.0070600E-004
          2.2484600E+000            -3.0070600E-004
          2.2499600E+000            -3.0070600E-004
          2.2514600E+000            -2.9583600E-004
          2.2529600E+000            -2.9583600E-004
          2.2544600E+000            -2.9583600E-004
          2.2559600E+000            -2.9082400E-004
          2.2574600E+000            -2.9082400E-004
          2.2589600E+000            -2.9082400E-004
          2.2604600E+000            -2.8573000E-004
          2.2619600E+000            -2.8573000E-004
          2.2634600E+000            -2.8573000E-004
          2.2649600E+000            -2.8573000E-004
          2.2664600E+000            -2.8060000E-004
          2.2679600E+000            -2.8060000E-004
          2.2694600E+000            -2.8060000E-004
          2.2709600E+000            -2.7542400E-004
          2.2724600E+000            -2.7542400E-004
          2.2739600E+000            -2.7542400E-004
          2.2754600E+000            -2.7011600E-004
          2.2769600E+000            -2.7011600E-004
          2.2784600E+000            -2.7011600E-004
          2.2799600E+000            -2.7011600E-004
          2.2814600E+000            -2.6458000E-004
          2.2829600E+000            -2.6458000E-004
          2.2844600E+000            -2.6458000E-004
          2.2859600E+000            -2.5883800E-004
          2.2874600E+000            -2.5883800E-004
          2.2889600E+000            -2.5883800E-004
          2.2904600E+000            -2.5299600E-004
          2.2919600E+000            -2.5299600E-004
          2.2934600E+000            -2.5299600E-004
          2.2949600E+000            -2.5299600E-004
          2.2964600E+000            -2.4710400E-004
          2.2979600E+000            -2.4710400E-004
          2.2994600E+000            -2.4710400E-004
          2.3009600E+000            -2.4109400E-004
          2.3024600E+000            -2.4109400E-004
          2.3039600E+000            -2.4109400E-004
          2.3054600E+000            -2.3491000E-004
          2.3069600E+000            -2.3491000E-004
          2.3084600E+000            -2.3491000E-004
          2.3099600E+000            -2.3491000E-004
          2.3114600E+000            -2.2857800E-004
          2.3129600E+000            -2.2857800E-004
          2.3144600E+000            -2.2857800E-004
          2.3159600E+000            -2.2213800E-004
          2.3174600E+000            -2.2213800E-004
          2.3189600E+000            -2.2213800E-004
          2.3204600E+000            -2.1560800E-004
          2.3219600E+000            -2.1560800E-004
          2.3234600E+000            -2.1560800E-004
          2.3249600E+000            -2.1560800E-004
          2.3264600E+000            -2.0902600E-004
          2.3279600E+000            -2.0902600E-004
          2.3294600E+000            -2.0902600E-004
          2.3309600E+000            -2.0239600E-004
          2.3324600E+000            -2.0239600E-004
          2.3339600E+000            -2.0239600E-004
          2.3354600E+000            -1.9561600E-004
          2.3369600E+000            -1.9561600E-004
          2.3384600E+000            -1.9561600E-004
          2.3399600E+000            -1.9561600E-004
          2.3414600E+000            -1.8858400E-004
          2.3429600E+000            -1.8858400E-004
          2.3444600E+000            -1.8858400E-004
          2.3459600E+000            -1.8131800E-004
          2.3474600E+000            -1.8131800E-004
          2.3489600E+000            -1.8131800E-004
          2.3504600E+000            -1.7393800E-004
          2.3519600E+000            -1.7393800E-004
          2.3534600E+000            -1.7393800E-004
          2.3549600E+000            -1.7393800E-004
          2.3564600E+000            -1.6652200E-004
          2.3579600E+000            -1.6652200E-004
          2.3594600E+000            -1.6652200E-004
          2.3609600E+000            -1.5906000E-004
          2.3624600E+000            -1.5906000E-004
          2.3639600E+000            -1.5906000E-004
          2.3654600E+000            -1.5147200E-004
          2.3669600E+000            -1.5147200E-004
          2.3684600E+000            -1.5147200E-004
          2.3699600E+000            -1.5147200E-004
          2.3714600E+000            -1.4367200E-004
          2.3729600E+000            -1.4367200E-004
          2.3744600E+000            -1.4367200E-004
          2.3759600E+000            -1.3565200E-004
          2.3774600E+000            -1.3565200E-004
          2.3789600E+000            -1.3565200E-004
          2.3804600E+000            -1.2747600E-004
          2.3819600E+000            -1.2747600E-004
          2.3834600E+000            -1.2747600E-004
          2.3849600E+000            -1.2747600E-004
          2.3864600E+000            -1.1918400E-004
          2.3879600E+000            -1.1918400E-004
          2.3894600E+000            -1.1918400E-004
          2.3909600E+000            -1.1075000E-004
          2.3924600E+000            -1.1075000E-004
          2.3939600E+000            -1.1075000E-004
          2.3954600E+000            -1.0214800E-004
          2.3969600E+000            -1.0214800E-004
          2.3984600E+000            -1.0214800E-004
          2.3999600E+000            -1.0214800E-004
          2.4014600E+000            -9.3390000E-005
          2.4029600E+000            -9.3390000E-005
          2.4044600E+000            -9.3390000E-005
          2.4059600E+000            -8.4520000E-005
          2.4074600E+000            -8.4520000E-005
          2.4089600E+000            -8.4520000E-005
          2.4104600E+000            -7.5558000E-005
          2.4119600E+000            -7.5558000E-005
          2.4134600E+000            -7.5558000E-005
          2.4149600E+000            -7.5558000E-005
          2.4164600E+000            -6.6464000E-005
          2.4179600E+000            -6.6464000E-005
          2.4194600E+000            -6.6464000E-005
          2.4209600E+000            -5.7186000E-005
          2.4224600E+000            -5.7186000E-005
          2.4239600E+000            -5.7186000E-005
          2.4254600E+000            -4.7746000E-005
          2.4269600E+000            -4.7746000E-005
          2.4284600E+000            -4.7746000E-005
          2.4299600E+000            -4.7746000E-005
          2.4314600E+000            -3.8182000E-005
          2.4329600E+000            -3.8182000E-005
          2.4344600E+000            -3.8182000E-005
          2.4359600E+000            -2.8454000E-005
          2.4374600E+000            -2.8454000E-005
          2.4389600E+000            -2.8454000E-005
          2.4404600E+000            -1.8488000E-005
          2.4419600E+000            -1.8488000E-005
          2.4434600E+000            -1.8488000E-005
          2.4449600E+000            -1.8488000E-005
          2.4464600E+000            -8.3540000E-006
          2.4479600E+000            -8.3540000E-006
          2.4494600E+000            -8.3540000E-006
          2.4509600E+000             1.6660000E-006
          2.4524600E+000             1.6660000E-006
          2.4539600E+000             1.6660000E-006
          2.4554600E+000             1.1522000E-005
          2.4569600E+000             1.1522000E-005
          2.4584600E+000             1.1522000E-005
          2.4599600E+000             1.1522000E-005
          2.4614600E+000             2.1868000E-005
          2.4629600E+000             2.1868000E-005
          2.4644600E+000             2.1868000E-005
          2.4659600E+000             3.3110000E-005
          2.4674600E+000             3.3110000E-005
          2.4689600E+000             3.3110000E-005
          2.4704600E+000             4.4682000E-005
          2.4719600E+000             4.4682000E-005
          2.4734600E+000             4.4682000E-005
          2.4749600E+000             4.4682000E-005
          2.4764600E+000             5.6208000E-005
          2.4779600E+000             5.6208000E-005
          2.4794600E+000             5.6208000E-005
          2.4809600E+000             6.7990000E-005
          2.4824600E+000             6.7990000E-005
          2.4839600E+000             6.7990000E-005
          2.4854600E+000             8.0008000E-005
          2.4869600E+000             8.0008000E-005
          2.4884600E+000             8.0008000E-005
          2.4899600E+000             8.0008000E-005
          2.4914600E+000             9.1740000E-005
          2.4929600E+000             9.1740000E-005
          2.4944600E+000             9.1740000E-005
          2.4959600E+000             1.0302200E-004
          2.4974600E+000             1.0302200E-004
          2.4989600E+000             1.0302200E-004
          2.5004600E+000             1.1420400E-004
          2.5019600E+000             1.1420400E-004
          2.5034600E+000             1.1420400E-004
          2.5049600E+000             1.1420400E-004
          2.5064600E+000             1.2557800E-004
          2.5079600E+000             1.2557800E-004
          2.5094600E+000             1.2557800E-004
          2.5109600E+000             1.3703000E-004
          2.5124600E+000             1.3703000E-004
          2.5139600E+000             1.3703000E-004
          2.5154600E+000             1.4859000E-004
          2.5169600E+000             1.4859000E-004
          2.5184600E+000             1.4859000E-004
          2.5199600E+000             1.4859000E-004
          2.5214600E+000             1.6075000E-004
          2.5229600E+000             1.6075000E-004
          2.5244600E+000             1.6075000E-004
          2.5259600E+000             1.7377400E-004
          2.5274600E+000             1.7377400E-004
          2.5289600E+000             1.7377400E-004
          2.5304600E+000             1.8735200E-004
          2.5319600E+000             1.8735200E-004
          2.5334600E+000             1.8735200E-004
          2.5349600E+000             1.8735200E-004
          2.5364600E+000             2.0108200E-004
          2.5379600E+000             2.0108200E-004
          2.5394600E+000             2.0108200E-004
          2.5409600E+000             2.1486600E-004
          2.5424600E+000             2.1486600E-004
          2.5439600E+000             2.1486600E-004
          2.5454600E+000             2.2843000E-004
          2.5469600E+000             2.2843000E-004
          2.5484600E+000             2.2843000E-004
          2.5499600E+000             2.2843000E-004
          2.5514600E+000             2.4130400E-004
          2.5529600E+000             2.4130400E-004
          2.5544600E+000             2.4130400E-004
          2.5559600E+000             2.5386800E-004
          2.5574600E+000             2.5386800E-004
          2.5589600E+000             2.5386800E-004
          2.5604600E+000             2.6741600E-004
          2.5619600E+000             2.6741600E-004
          2.5634600E+000             2.6741600E-004
          2.5649600E+000             2.6741600E-004
          2.5664600E+000             2.8266600E-004
          2.5679600E+000             2.8266600E-004
          2.5694600E+000             2.8266600E-004
          2.5709600E+000             2.9889000E-004
          2.5724600E+000             2.9889000E-004
          2.5739600E+000             2.9889000E-004
          2.5754600E+000             3.1476800E-004
          2.5769600E+000             3.1476800E-004
          2.5784600E+000             3.1476800E-004
          2.5799600E+000             3.1476800E-004
          2.5814600E+000             3.2985000E-004
          2.5829600E+000             3.2985000E-004
          2.5844600E+000             3.2985000E-004
          2.5859600E+000             3.4464200E-004
          2.5874600E+000             3.4464200E-004
          2.5889600E+000             3.4464200E-004
          2.5904600E+000             3.5935600E-004
          2.5919600E+000             3.5935600E-004
          2.5934600E+000             3.5935600E-004
          2.5949600E+000             3.5935600E-004
          2.5964600E+000             3.7385600E-004
          2.5979600E+000             3.7385600E-004
          2.5994600E+000             3.7385600E-004
          2.6009600E+000             3.8844200E-004
          2.6024600E+000             3.8844200E-004
          2.6039600E+000             3.8844200E-004
          2.6054600E+000             4.0356200E-004
          2.6069600E+000             4.0356200E-004
          2.6084600E+000             4.0356200E-004
          2.6099600E+000             4.0356200E-004
          2.6114600E+000             4.1944200E-004
          2.6129600E+000             4.1944200E-004
          2.6144600E+000             4.1944200E-004
          2.6159600E+000             4.3614400E-004
          2.6174600E+000             4.3614400E-004
          2.6189600E+000             4.3614400E-004
          2.6204600E+000             4.5316600E-004
          2.6219600E+000             4.5316600E-004
          2.6234600E+000             4.5316600E-004
          2.6249600E+000             4.5316600E-004
          2.6264600E+000             4.6965600E-004
          2.6279600E+000             4.6965600E-004
          2.6294600E+000             4.6965600E-004
          2.6309600E+000             4.8569400E-004
          2.6324600E+000             4.8569400E-004
          2.6339600E+000             4.8569400E-004
          2.6354600E+000             5.0225800E-004
          2.6369600E+000             5.0225800E-004
          2.6384600E+000             5.0225800E-004
          2.6399600E+000             5.0225800E-004
          2.6414600E+000             5.1973600E-004
          2.6429600E+000             5.1973600E-004
          2.6444600E+000             5.1973600E-004
          2.6459600E+000             5.3761600E-004
          2.6474600E+000             5.3761600E-004
          2.6489600E+000             5.3761600E-004
          2.6504600E+000             5.5546000E-004
          2.6519600E+000             5.5546000E-004
          2.6534600E+000             5.5546000E-004
          2.6549600E+000             5.5546000E-004
          2.6564600E+000             5.7326200E-004
          2.6579600E+000             5.7326200E-004
          2.6594600E+000             5.7326200E-004
          2.6609600E+000             5.9124800E-004
          2.6624600E+000             5.9124800E-004
          2.6639600E+000             5.9124800E-004
          2.6654600E+000             6.0955000E-004
          2.6669600E+000             6.0955000E-004
          2.6684600E+000             6.0955000E-004
          2.6699600E+000             6.0955000E-004
          2.6714600E+000             6.2814600E-004
          2.6729600E+000             6.2814600E-004
          2.6744600E+000             6.2814600E-004
          2.6759600E+000             6.4685000E-004
          2.6774600E+000             6.4685000E-004
          2.6789600E+000             6.4685000E-004
          2.6804600E+000             6.6546600E-004
          2.6819600E+000             6.6546600E-004
          2.6834600E+000             6.6546600E-004
          2.6849600E+000             6.6546600E-004
          2.6864600E+000             6.8402000E-004
          2.6879600E+000             6.8402000E-004
          2.6894600E+000             6.8402000E-004
          2.6909600E+000             7.0299600E-004
          2.6924600E+000             7.0299600E-004
          2.6939600E+000             7.0299600E-004
          2.6954600E+000             7.2284000E-004
          2.6969600E+000             7.2284000E-004
          2.6984600E+000             7.2284000E-004
          2.6999600E+000             7.2284000E-004
          2.7014600E+000             7.4326400E-004
          2.7029600E+000             7.4326400E-004
          2.7044600E+000             7.4326400E-004
          2.7059600E+000             7.6342600E-004
          2.7074600E+000             7.6342600E-004
          2.7089600E+000             7.6342600E-004
          2.7104600E+000             7.8291600E-004
          2.7119600E+000             7.8291600E-004
          2.7134600E+000             7.8291600E-004
          2.7149600E+000             7.8291600E-004
          2.7164600E+000             8.0254600E-004
          2.7179600E+000             8.0254600E-004
          2.7194600E+000             8.0254600E-004
          2.7209600E+000             8.2337800E-004
          2.7224600E+000             8.2337800E-004
          2.7239600E+000             8.2337800E-004
          2.7254600E+000             8.4539200E-004
          2.7269600E+000             8.4539200E-004
          2.7284600E+000             8.4539200E-004
          2.7299600E+000             8.4539200E-004
          2.7314600E+000             8.6774800E-004
          2.7329600E+000             8.6774800E-004
          2.7344600E+000             8.6774800E-004
          2.7359600E+000             8.8955000E-004
          2.7374600E+000             8.8955000E-004
          2.7389600E+000             8.8955000E-004
          2.7404600E+000             9.1013400E-004
          2.7419600E+000             9.1013400E-004
          2.7434600E+000             9.1013400E-004
          2.7449600E+000             9.1013400E-004
          2.7464600E+000             9.2968000E-004
          2.7479600E+000             9.2968000E-004
          2.7494600E+000             9.2968000E-004
          2.7509600E+000             9.4937800E-004
          2.7524600E+000             9.4937800E-004
          2.7539600E+000             9.4937800E-004
          2.7554600E+000             9.7055800E-004
          2.7569600E+000             9.7055800E-004
          2.7584600E+000             9.7055800E-004
          2.7599600E+000             9.7055800E-004
          2.7614600E+000             9.9364400E-004
          2.7629600E+000             9.9364400E-004
          2.7644600E+000             9.9364400E-004
          2.7659600E+000             1.0177700E-003
          2.7674600E+000             1.0177700E-003
          2.7689600E+000             1.0177700E-003
          2.7704600E+000             1.0418020E-003
          2.7719600E+000             1.0418020E-003
          2.7734600E+000             1.0418020E-003
          2.7749600E+000             1.0418020E-003
          2.7764600E+000             1.0656920E-003
          2.7779600E+000             1.0656920E-003
          2.7794600E+000             1.0656920E-003
          2.7809600E+000             1.0900000E-003
          2.7824600E+000             1.0900000E-003
          2.7839600E+000             1.0900000E-003
          2.7854600E+000             1.1144760E-003
          2.7869600E+000             1.1144760E-003
          2.7884600E+000             1.1144760E-003
          2.7899600E+000             1.1144760E-003
          2.7914600E+000             1.1382180E-003
          2.7929600E+000             1.1382180E-003
          2.7944600E+000             1.1382180E-003
          2.7959600E+000             1.1608140E-003
          2.7974600E+000             1.1608140E-003
          2.7989600E+000             1.1608140E-003
          2.8004600E+000             1.1828080E-003
          2.8019600E+000             1.1828080E-003
          2.8034600E+000             1.1828080E-003
          2.8049600E+000             1.1828080E-003
          2.8064600E+000             1.2055900E-003
          2.8079600E+000             1.2055900E-003
          2.8094600E+000             1.2055900E-003
          2.8109600E+000             1.2306040E-003
          2.8124600E+000             1.2306040E-003
          2.8139600E+000             1.2306040E-003
          2.8154600E+000             1.2578700E-003
          2.8169600E+000             1.2578700E-003
          2.8184600E+000             1.2578700E-003
          2.8199600E+000             1.2578700E-003
          2.8214600E+000             1.2855700E-003
          2.8229600E+000             1.2855700E-003
          2.8244600E+000             1.2855700E-003
          2.8259600E+000             1.3119920E-003
          2.8274600E+000             1.3119920E-003
          2.8289600E+000             1.3119920E-003
          2.8304600E+000             1.3371100E-003
          2.8319600E+000             1.3371100E-003
          2.8334600E+000             1.3371100E-003
          2.8349600E+000             1.3371100E-003
          2.8364600E+000             1.3617660E-003
          2.8379600E+000             1.3617660E-003
          2.8394600E+000             1.3617660E-003
          2.8409600E+000             1.3864160E-003
          2.8424600E+000             1.3864160E-003
          2.8439600E+000             1.3864160E-003
          2.8454600E+000             1.4113880E-003
          2.8469600E+000             1.4113880E-003
          2.8484600E+000             1.4113880E-003
          2.8499600E+000             1.4113880E-003
          2.8514600E+000             1.4371380E-003
          2.8529600E+000             1.4371380E-003
          2.8544600E+000             1.4371380E-003
          2.8559600E+000             1.4637460E-003
          2.8574600E+000             1.4637460E-003
          2.8589600E+000             1.4637460E-003
          2.8604600E+000             1.4908860E-003
          2.8619600E+000             1.4908860E-003
          2.8634600E+000             1.4908860E-003
          2.8649600E+000             1.4908860E-003
          2.8664600E+000             1.5184180E-003
          2.8679600E+000             1.5184180E-003
          2.8694600E+000             1.5184180E-003
          2.8709600E+000             1.5464820E-003
          2.8724600E+000             1.5464820E-003
          2.8739600E+000             1.5464820E-003
          2.8754600E+000             1.5751700E-003
          2.8769600E+000             1.5751700E-003
          2.8784600E+000             1.5751700E-003
          2.8799600E+000             1.5751700E-003
          2.8814600E+000             1.6043640E-003
          2.8829600E+000             1.6043640E-003
          2.8844600E+000             1.6043640E-003
          2.8859600E+000             1.6337560E-003
          2.8874600E+000             1.6337560E-003
          2.8889600E+000             1.6337560E-003
          2.8904600E+000             1.6630060E-003
          2.8919600E+000             1.6630060E-003
          2.8934600E+000             1.6630060E-003
          2.8949600E+000             1.6630060E-003
          2.8964600E+000             1.6918740E-003
          2.8979600E+000             1.6918740E-003
          2.8994600E+000             1.6918740E-003
          2.9009600E+000             1.7204366E-003
          2.9024600E+000             1.7204366E-003
          2.9039600E+000             1.7204366E-003
          2.9054600E+000             1.7492588E-003
          2.9069600E+000             1.7492588E-003
          2.9084600E+000             1.7492588E-003
          2.9099600E+000             1.7492588E-003
          2.9114600E+000             1.7788506E-003
          2.9129600E+000             1.7788506E-003
          2.9144600E+000             1.7788506E-003
          2.9159600E+000             1.8091334E-003
          2.9174600E+000             1.8091334E-003
          2.9189600E+000             1.8091334E-003
          2.9204600E+000             1.8397888E-003
          2.9219600E+000             1.8397888E-003
          2.9234600E+000             1.8397888E-003
          2.9249600E+000             1.8397888E-003
          2.9264600E+000             1.8704586E-003
          2.9279600E+000             1.8704586E-003
          2.9294600E+000             1.8704586E-003
          2.9309600E+000             1.9006918E-003
          2.9324600E+000             1.9006918E-003
          2.9339600E+000             1.9006918E-003
          2.9354600E+000             1.9305120E-003
          2.9369600E+000             1.9305120E-003
          2.9384600E+000             1.9305120E-003
          2.9399600E+000             1.9305120E-003
          2.9414600E+000             1.9605612E-003
          2.9429600E+000             1.9605612E-003
          2.9444600E+000             1.9605612E-003
          2.9459600E+000             1.9912790E-003
          2.9474600E+000             1.9912790E-003
          2.9489600E+000             1.9912790E-003
          2.9504600E+000             2.0226304E-003
          2.9519600E+000             2.0226304E-003
          2.9534600E+000             2.0226304E-003
          2.9549600E+000             2.0226304E-003
          2.9564600E+000             2.0544126E-003
          2.9579600E+000             2.0544126E-003
          2.9594600E+000             2.0544126E-003
          2.9609600E+000             2.0861804E-003
          2.9624600E+000             2.0861804E-003
          2.9639600E+000             2.0861804E-003
          2.9654600E+000             2.1176620E-003
          2.9669600E+000             2.1176620E-003
          2.9684600E+000             2.1176620E-003
          2.9699600E+000             2.1176620E-003
          2.9714600E+000             2.1494954E-003
          2.9729600E+000             2.1494954E-003
          2.9744600E+000             2.1494954E-003
          2.9759600E+000             2.1826374E-003
          2.9774600E+000             2.1826374E-003
          2.9789600E+000             2.1826374E-003
          2.9804600E+000             2.2171906E-003
          2.9819600E+000             2.2171906E-003
          2.9834600E+000             2.2171906E-003
          2.9849600E+000             2.2171906E-003
          2.9864600E+000             2.2523066E-003
          2.9879600E+000             2.2523066E-003
          2.9894600E+000             2.2523066E-003
          2.9909600E+000             2.2869024E-003
          2.9924600E+000             2.2869024E-003
          2.9939600E+000             2.2869024E-003
          2.9954600E+000             2.3204540E-003
          2.9969600E+000             2.3204540E-003
          2.9984600E+000             2.3204540E-003
          2.9999600E+000             2.3204540E-003
          3.0014600E+000             2.3533814E-003
          3.0029600E+000             2.3533814E-003
          3.0044600E+000             2.3533814E-003
          3.0059600E+000             2.3864260E-003
          3.0074600E+000             2.3864260E-003
          3.0089600E+000             2.3864260E-003
          3.0104600E+000             2.4199860E-003
          3.0119600E+000             2.4199860E-003
          3.0134600E+000             2.4199860E-003
          3.0149600E+000             2.4199860E-003
          3.0164600E+000             2.4544120E-003
          3.0179600E+000             2.4544120E-003
          3.0194600E+000             2.4544120E-003
          3.0209600E+000             2.4899400E-003
          3.0224600E+000             2.4899400E-003
          3.0239600E+000             2.4899400E-003
          3.0254600E+000             2.5261960E-003
          3.0269600E+000             2.5261960E-003
          3.0284600E+000             2.5261960E-003
          3.0299600E+000             2.5261960E-003
          3.0314600E+000             2.5625140E-003
          3.0329600E+000             2.5625140E-003
          3.0344600E+000             2.5625140E-003
          3.0359600E+000             2.5985240E-003
          3.0374600E+000             2.5985240E-003
          3.0389600E+000             2.5985240E-003
          3.0404600E+000             2.6343060E-003
          3.0419600E+000             2.6343060E-003
          3.0434600E+000             2.6343060E-003
          3.0449600E+000             2.6343060E-003
          3.0464600E+000             2.6700960E-003
          3.0479600E+000             2.6700960E-003
          3.0494600E+000             2.6700960E-003
          3.0509600E+000             2.7060940E-003
          3.0524600E+000             2.7060940E-003
          3.0539600E+000             2.7060940E-003
          3.0554600E+000             2.7424340E-003
          3.0569600E+000             2.7424340E-003
          3.0584600E+000             2.7424340E-003
          3.0599600E+000             2.7424340E-003
          3.0614600E+000             2.7792240E-003
          3.0629600E+000             2.7792240E-003
          3.0644600E+000             2.7792240E-003
          3.0659600E+000             2.8164920E-003
          3.0674600E+000             2.8164920E-003
          3.0689600E+000             2.8164920E-003
          3.0704600E+000             2.8541460E-003
          3.0719600E+000             2.8541460E-003
          3.0734600E+000             2.8541460E-003
          3.0749600E+000             2.8541460E-003
          3.0764600E+000             2.8920220E-003
          3.0779600E+000             2.8920220E-003
          3.0794600E+000             2.8920220E-003
          3.0809600E+000             2.9299840E-003
          3.0824600E+000             2.9299840E-003
          3.0839600E+000             2.9299840E-003
          3.0854600E+000             2.9680420E-003
          3.0869600E+000             2.9680420E-003
          3.0884600E+000             2.9680420E-003
          3.0899600E+000             2.9680420E-003
          3.0914600E+000             3.0062820E-003
          3.0929600E+000             3.0062820E-003
          3.0944600E+000             3.0062820E-003
          3.0959600E+000             3.0448280E-003
          3.0974600E+000             3.0448280E-003
          3.0989600E+000             3.0448280E-003
          3.1004600E+000             3.0837120E-003
          3.1019600E+000             3.0837120E-003
          3.1034600E+000             3.0837120E-003
          3.1049600E+000             3.0837120E-003
          3.1064600E+000             3.1228760E-003
          3.1079600E+000             3.1228760E-003
          3.1094600E+000             3.1228760E-003
          3.1109600E+000             3.1622380E-003
          3.1124600E+000             3.1622380E-003
          3.1139600E+000             3.1622380E-003
          3.1154600E+000             3.2018220E-003
          3.1169600E+000             3.2018220E-003
          3.1184600E+000             3.2018220E-003
          3.1199600E+000             3.2018220E-003
          3.1214600E+000             3.2416400E-003
          3.1229600E+000             3.2416400E-003
          3.1244600E+000             3.2416400E-003
          3.1259600E+000             3.2816260E-003
          3.1274600E+000             3.2816260E-003
          3.1289600E+000             3.2816260E-003
          3.1304600E+000             3.3217200E-003
          3.1319600E+000             3.3217200E-003
          3.1334600E+000             3.3217200E-003
          3.1349600E+000             3.3217200E-003
          3.1364600E+000             3.3619520E-003
          3.1379600E+000             3.3619520E-003
          3.1394600E+000             3.3619520E-003
          3.1409600E+000             3.4024440E-003
          3.1424600E+000             3.4024440E-003
          3.1439600E+000             3.4024440E-003
          3.1454600E+000             3.4433380E-003
          3.1469600E+000             3.4433380E-003
          3.1484600E+000             3.4433380E-003
          3.1499600E+000             3.4433380E-003
          3.1514600E+000             3.4846620E-003
          3.1529600E+000             3.4846620E-003
          3.1544600E+000             3.4846620E-003
          3.1559600E+000             3.5262520E-003
          3.1574600E+000             3.5262520E-003
          3.1589600E+000             3.5262520E-003
          3.1604600E+000             3.5679280E-003
          3.1619600E+000             3.5679280E-003
          3.1634600E+000             3.5679280E-003
          3.1649600E+000             3.5679280E-003
          3.1664600E+000             3.6096380E-003
          3.1679600E+000             3.6096380E-003
          3.1694600E+000             3.6096380E-003
          3.1709600E+000             3.6514320E-003
          3.1724600E+000             3.6514320E-003
          3.1739600E+000             3.6514320E-003
          3.1754600E+000             3.6934160E-003
          3.1769600E+000             3.6934160E-003
          3.1784600E+000             3.6934160E-003
          3.1799600E+000             3.6934160E-003
          3.1814600E+000             3.7356920E-003
          3.1829600E+000             3.7356920E-003
          3.1844600E+000             3.7356920E-003
          3.1859600E+000             3.7783060E-003
          3.1874600E+000             3.7783060E-003
          3.1889600E+000             3.7783060E-003
          3.1904600E+000             3.8212120E-003
          3.1919600E+000             3.8212120E-003
          3.1934600E+000             3.8212120E-003
          3.1949600E+000             3.8212120E-003
          3.1964600E+000             3.8643240E-003
          3.1979600E+000             3.8643240E-003
          3.1994600E+000             3.8643240E-003
          3.2009600E+000             3.9076340E-003
          3.2024600E+000             3.9076340E-003
          3.2039600E+000             3.9076340E-003
          3.2054600E+000             3.9511560E-003
          3.2069600E+000             3.9511560E-003
          3.2084600E+000             3.9511560E-003
          3.2099600E+000             3.9511560E-003
          3.2114600E+000             3.9948560E-003
          3.2129600E+000             3.9948560E-003
          3.2144600E+000             3.9948560E-003
          3.2159600E+000             4.0386800E-003
          3.2174600E+000             4.0386800E-003
          3.2189600E+000             4.0386800E-003
          3.2204600E+000             4.0826000E-003
          3.2219600E+000             4.0826000E-003
          3.2234600E+000             4.0826000E-003
          3.2249600E+000             4.0826000E-003
          3.2264600E+000             4.1266640E-003
          3.2279600E+000             4.1266640E-003
          3.2294600E+000             4.1266640E-003
          3.2309600E+000             4.1709920E-003
          3.2324600E+000             4.1709920E-003
          3.2339600E+000             4.1709920E-003
          3.2354600E+000             4.2156360E-003
          3.2369600E+000             4.2156360E-003
          3.2384600E+000             4.2156360E-003
          3.2399600E+000             4.2156360E-003
          3.2414600E+000             4.2605160E-003
          3.2429600E+000             4.2605160E-003
          3.2444600E+000             4.2605160E-003
          3.2459600E+000             4.3055480E-003
          3.2474600E+000             4.3055480E-003
          3.2489600E+000             4.3055480E-003
          3.2504600E+000             4.3507280E-003
          3.2519600E+000             4.3507280E-003
          3.2534600E+000             4.3507280E-003
          3.2549600E+000             4.3507280E-003
          3.2564600E+000             4.3960460E-003
          3.2579600E+000             4.3960460E-003
          3.2594600E+000             4.3960460E-003
          3.2609600E+000             4.4414840E-003
          3.2624600E+000             4.4414840E-003
          3.2639600E+000             4.4414840E-003
          3.2654600E+000             4.4870780E-003
          3.2669600E+000             4.4870780E-003
          3.2684600E+000             4.4870780E-003
          3.2699600E+000             4.4870780E-003
          3.2714600E+000             4.5328600E-003
          3.2729600E+000             4.5328600E-003
          3.2744600E+000             4.5328600E-003
          3.2759600E+000             4.5788800E-003
          3.2774600E+000             4.5788800E-003
          3.2789600E+000             4.5788800E-003
          3.2804600E+000             4.6250600E-003
          3.2819600E+000             4.6250600E-003
          3.2834600E+000             4.6250600E-003
          3.2849600E+000             4.6250600E-003
          3.2864600E+000             4.6714400E-003
          3.2879600E+000             4.6714400E-003
          3.2894600E+000             4.6714400E-003
          3.2909600E+000             4.7179000E-003
          3.2924600E+000             4.7179000E-003
          3.2939600E+000             4.7179000E-003
          3.2954600E+000             4.7645200E-003
          3.2969600E+000             4.7645200E-003
          3.2984600E+000             4.7645200E-003
          3.2999600E+000             4.7645200E-003
          3.3014600E+000             4.8113000E-003
          3.3029600E+000             4.8113000E-003
          3.3044600E+000             4.8113000E-003
          3.3059600E+000             4.8581800E-003
          3.3074600E+000             4.8581800E-003
          3.3089600E+000             4.8581800E-003
          3.3104600E+000             4.9052600E-003
          3.3119600E+000             4.9052600E-003
          3.3134600E+000             4.9052600E-003
          3.3149600E+000             4.9052600E-003
          3.3164600E+000             4.9525000E-003
          3.3179600E+000             4.9525000E-003
          3.3194600E+000             4.9525000E-003
          3.3209600E+000             4.9999000E-003
          3.3224600E+000             4.9999000E-003
          3.3239600E+000             4.9999000E-003
          3.3254600E+000             5.0474400E-003
          3.3269600E+000             5.0474400E-003
          3.3284600E+000             5.0474400E-003
          3.3299600E+000             5.0474400E-003
          3.3314600E+000             5.0950600E-003
          3.3329600E+000             5.0950600E-003
          3.3344600E+000             5.0950600E-003
          3.3359600E+000             5.1427000E-003
          3.3374600E+000             5.1427000E-003
          3.3389600E+000             5.1427000E-003
          3.3404600E+000             5.1903800E-003
          3.3419600E+000             5.1903800E-003
          3.3434600E+000             5.1903800E-003
          3.3449600E+000             5.1903800E-003
          3.3464600E+000             5.2382600E-003
          3.3479600E+000             5.2382600E-003
          3.3494600E+000             5.2382600E-003
          3.3509600E+000             5.2863600E-003
          3.3524600E+000             5.2863600E-003
          3.3539600E+000             5.2863600E-003
          3.3554600E+000             5.3346200E-003
          3.3569600E+000             5.3346200E-003
          3.3584600E+000             5.3346200E-003
          3.3599600E+000             5.3346200E-003
          3.3614600E+000             5.3829600E-003
          3.3629600E+000             5.3829600E-003
          3.3644600E+000             5.3829600E-003
          3.3659600E+000             5.4314200E-003
          3.3674600E+000             5.4314200E-003
          3.3689600E+000             5.4314200E-003
          3.3704600E+000             5.4799800E-003
          3.3719600E+000             5.4799800E-003
          3.3734600E+000             5.4799800E-003
          3.3749600E+000             5.4799800E-003
          3.3764600E+000             5.5286800E-003
          3.3779600E+000             5.5286800E-003
          3.3794600E+000             5.5286800E-003
          3.3809600E+000             5.5773600E-003
          3.3824600E+000             5.5773600E-003
          3.3839600E+000             5.5773600E-003
          3.3854600E+000             5.6260400E-003
          3.3869600E+000             5.6260400E-003
          3.3884600E+000             5.6260400E-003
          3.3899600E+000             5.6260400E-003
          3.3914600E+000             5.6746800E-003
          3.3929600E+000             5.6746800E-003
          3.3944600E+000             5.6746800E-003
          3.3959600E+000             5.7234600E-003
          3.3974600E+000             5.7234600E-003
          3.3989600E+000             5.7234600E-003
          3.4004600E+000             5.7724600E-003
          3.4019600E+000             5.7724600E-003
          3.4034600E+000             5.7724600E-003
          3.4049600E+000             5.7724600E-003
          3.4064600E+000             5.8216600E-003
          3.4079600E+000             5.8216600E-003
          3.4094600E+000             5.8216600E-003
          3.4109600E+000             5.8708800E-003
          3.4124600E+000             5.8708800E-003
          3.4139600E+000             5.8708800E-003
          3.4154600E+000             5.9199200E-003
          3.4169600E+000             5.9199200E-003
          3.4184600E+000             5.9199200E-003
          3.4199600E+000             5.9199200E-003
          3.4214600E+000             5.9688600E-003
          3.4229600E+000             5.9688600E-003
          3.4244600E+000             5.9688600E-003
          3.4259600E+000             6.0179400E-003
          3.4274600E+000             6.0179400E-003
          3.4289600E+000             6.0179400E-003
          3.4304600E+000             6.0674400E-003
          3.4319600E+000             6.0674400E-003
          3.4334600E+000             6.0674400E-003
          3.4349600E+000             6.0674400E-003
          3.4364600E+000             6.1175000E-003
          3.4379600E+000             6.1175000E-003
          3.4394600E+000             6.1175000E-003
          3.4409600E+000             6.1679200E-003
          3.4424600E+000             6.1679200E-003
          3.4439600E+000             6.1679200E-003
          3.4454600E+000             6.2179800E-003
          3.4469600E+000             6.2179800E-003
          3.4484600E+000             6.2179800E-003
          3.4499600E+000             6.2179800E-003
          3.4514600E+000             6.2669000E-003
          3.4529600E+000             6.2669000E-003
          3.4544600E+000             6.2669000E-003
          3.4559600E+000             6.3147200E-003
          3.4574600E+000             6.3147200E-003
          3.4589600E+000             6.3147200E-003
          3.4604600E+000             6.3624800E-003
          3.4619600E+000             6.3624800E-003
          3.4634600E+000             6.3624800E-003
          3.4649600E+000             6.3624800E-003
          3.4664600E+000             6.4108600E-003
          3.4679600E+000             6.4108600E-003
          3.4694600E+000             6.4108600E-003
          3.4709600E+000             6.4599400E-003
          3.4724600E+000             6.4599400E-003
          3.4739600E+000             6.4599400E-003
          3.4754600E+000             6.5095800E-003
          3.4769600E+000             6.5095800E-003
          3.4784600E+000             6.5095800E-003
          3.4799600E+000             6.5095800E-003
          3.4814600E+000             6.5597600E-003
          3.4829600E+000             6.5597600E-003
          3.4844600E+000             6.5597600E-003
          3.4859600E+000             6.6102400E-003
          3.4874600E+000             6.6102400E-003
          3.4889600E+000             6.6102400E-003
          3.4904600E+000             6.6607400E-003
          3.4919600E+000             6.6607400E-003
          3.4934600E+000             6.6607400E-003
          3.4949600E+000             6.6607400E-003
          3.4964600E+000             6.7108800E-003
          3.4979600E+000             6.7108800E-003
          3.4994600E+000             6.7108800E-003
          3.5009600E+000             6.7603600E-003
          3.5024600E+000             6.7603600E-003
          3.5039600E+000             6.7603600E-003
          3.5054600E+000             6.8091600E-003
          3.5069600E+000             6.8091600E-003
          3.5084600E+000             6.8091600E-003
          3.5099600E+000             6.8091600E-003
          3.5114600E+000             6.8578600E-003
          3.5129600E+000             6.8578600E-003
          3.5144600E+000             6.8578600E-003
          3.5159600E+000             6.9069000E-003
          3.5174600E+000             6.9069000E-003
          3.5189600E+000             6.9069000E-003
          3.5204600E+000             6.9562400E-003
          3.5219600E+000             6.9562400E-003
          3.5234600E+000             6.9562400E-003
          3.5249600E+000             6.9562400E-003
          3.5264600E+000             7.0055600E-003
          3.5279600E+000             7.0055600E-003
          3.5294600E+000             7.0055600E-003
          3.5309600E+000             7.0545000E-003
          3.5324600E+000             7.0545000E-003
          3.5339600E+000             7.0545000E-003
          3.5354600E+000             7.1026600E-003
          3.5369600E+000             7.1026600E-003
          3.5384600E+000             7.1026600E-003
          3.5399600E+000             7.1026600E-003
          3.5414600E+000             7.1500400E-003
          3.5429600E+000             7.1500400E-003
          3.5444600E+000             7.1500400E-003
          3.5459600E+000             7.1973000E-003
          3.5474600E+000             7.1973000E-003
          3.5489600E+000             7.1973000E-003
          3.5504600E+000             7.2448800E-003
          3.5519600E+000             7.2448800E-003
          3.5534600E+000             7.2448800E-003
          3.5549600E+000             7.2448800E-003
          3.5564600E+000             7.2928800E-003
          3.5579600E+000             7.2928800E-003
          3.5594600E+000             7.2928800E-003
          3.5609600E+000             7.3416800E-003
          3.5624600E+000             7.3416800E-003
          3.5639600E+000             7.3416800E-003
          3.5654600E+000             7.3910600E-003
          3.5669600E+000             7.3910600E-003
          3.5684600E+000             7.3910600E-003
          3.5699600E+000             7.3910600E-003
          3.5714600E+000             7.4398600E-003
          3.5729600E+000             7.4398600E-003
          3.5744600E+000             7.4398600E-003
          3.5759600E+000             7.4874400E-003
          3.5774600E+000             7.4874400E-003
          3.5789600E+000             7.4874400E-003
          3.5804600E+000             7.5342800E-003
          3.5819600E+000             7.5342800E-003
          3.5834600E+000             7.5342800E-003
          3.5849600E+000             7.5342800E-003
          3.5864600E+000             7.5811400E-003
          3.5879600E+000             7.5811400E-003
          3.5894600E+000             7.5811400E-003
          3.5909600E+000             7.6281600E-003
          3.5924600E+000             7.6281600E-003
          3.5939600E+000             7.6281600E-003
          3.5954600E+000             7.6752600E-003
          3.5969600E+000             7.6752600E-003
          3.5984600E+000             7.6752600E-003
          3.5999600E+000             7.6752600E-003
          3.6014600E+000             7.7224000E-003
          3.6029600E+000             7.7224000E-003
          3.6044600E+000             7.7224000E-003
          3.6059600E+000             7.7697600E-003
          3.6074600E+000             7.7697600E-003
          3.6089600E+000             7.7697600E-003
          3.6104600E+000             7.8169600E-003
          3.6119600E+000             7.8169600E-003
          3.6134600E+000             7.8169600E-003
          3.6149600E+000             7.8169600E-003
          3.6164600E+000             7.8638000E-003
          3.6179600E+000             7.8638000E-003
          3.6194600E+000             7.8638000E-003
          3.6209600E+000             7.9100800E-003
          3.6224600E+000             7.9100800E-003
          3.6239600E+000             7.9100800E-003
          3.6254600E+000             7.9555400E-003
          3.6269600E+000             7.9555400E-003
          3.6284600E+000             7.9555400E-003
          3.6299600E+000             7.9555400E-003
          3.6314600E+000             8.0001400E-003
          3.6329600E+000             8.0001400E-003
          3.6344600E+000             8.0001400E-003
          3.6359600E+000             8.0439800E-003
          3.6374600E+000             8.0439800E-003
          3.6389600E+000             8.0439800E-003
          3.6404600E+000             8.0872200E-003
          3.6419600E+000             8.0872200E-003
          3.6434600E+000             8.0872200E-003
          3.6449600E+000             8.0872200E-003
          3.6464600E+000             8.1306600E-003
          3.6479600E+000             8.1306600E-003
          3.6494600E+000             8.1306600E-003
          3.6509600E+000             8.1753600E-003
          3.6524600E+000             8.1753600E-003
          3.6539600E+000             8.1753600E-003
          3.6554600E+000             8.2211600E-003
          3.6569600E+000             8.2211600E-003
          3.6584600E+000             8.2211600E-003
          3.6599600E+000             8.2211600E-003
          3.6614600E+000             8.2664200E-003
          3.6629600E+000             8.2664200E-003
          3.6644600E+000             8.2664200E-003
          3.6659600E+000             8.3098200E-003
          3.6674600E+000             8.3098200E-003
          3.6689600E+000             8.3098200E-003
          3.6704600E+000             8.3515200E-003
          3.6719600E+000             8.3515200E-003
          3.6734600E+000             8.3515200E-003
          3.6749600E+000             8.3515200E-003
          3.6764600E+000             8.3926400E-003
          3.6779600E+000             8.3926400E-003
          3.6794600E+000             8.3926400E-003
          3.6809600E+000             8.4342600E-003
          3.6824600E+000             8.4342600E-003
          3.6839600E+000             8.4342600E-003
          3.6854600E+000             8.4768000E-003
          3.6869600E+000             8.4768000E-003
          3.6884600E+000             8.4768000E-003
          3.6899600E+000             8.4768000E-003
          3.6914600E+000             8.5197200E-003
          3.6929600E+000             8.5197200E-003
          3.6944600E+000             8.5197200E-003
          3.6959600E+000             8.5620400E-003
          3.6974600E+000             8.5620400E-003
          3.6989600E+000             8.5620400E-003
          3.7004600E+000             8.6032000E-003
          3.7019600E+000             8.6032000E-003
          3.7034600E+000             8.6032000E-003
          3.7049600E+000             8.6032000E-003
          3.7064600E+000             8.6434600E-003
          3.7079600E+000             8.6434600E-003
          3.7094600E+000             8.6434600E-003
          3.7109600E+000             8.6829800E-003
          3.7124600E+000             8.6829800E-003
          3.7139600E+000             8.6829800E-003
          3.7154600E+000             8.7218800E-003
          3.7169600E+000             8.7218800E-003
          3.7184600E+000             8.7218800E-003
          3.7199600E+000             8.7218800E-003
          3.7214600E+000             8.7605000E-003
          3.7229600E+000             8.7605000E-003
          3.7244600E+000             8.7605000E-003
          3.7259600E+000             8.7986200E-003
          3.7274600E+000             8.7986200E-003
          3.7289600E+000             8.7986200E-003
          3.7304600E+000             8.8362800E-003
          3.7319600E+000             8.8362800E-003
          3.7334600E+000             8.8362800E-003
          3.7349600E+000             8.8362800E-003
          3.7364600E+000             8.8740200E-003
          3.7379600E+000             8.8740200E-003
          3.7394600E+000             8.8740200E-003
          3.7409600E+000             8.9120000E-003
          3.7424600E+000             8.9120000E-003
          3.7439600E+000             8.9120000E-003
          3.7454600E+000             8.9493800E-003
          3.7469600E+000             8.9493800E-003
          3.7484600E+000             8.9493800E-003
          3.7499600E+000             8.9493800E-003
          3.7514600E+000             8.9858000E-003
          3.7529600E+000             8.9858000E-003
          3.7544600E+000             8.9858000E-003
          3.7559600E+000             9.0215400E-003
          3.7574600E+000             9.0215400E-003
          3.7589600E+000             9.0215400E-003
          3.7604600E+000             9.0567000E-003
          3.7619600E+000             9.0567000E-003
          3.7634600E+000             9.0567000E-003
          3.7649600E+000             9.0567000E-003
          3.7664600E+000             9.0910400E-003
          3.7679600E+000             9.0910400E-003
          3.7694600E+000             9.0910400E-003
          3.7709600E+000             9.1243600E-003
          3.7724600E+000             9.1243600E-003
          3.7739600E+000             9.1243600E-003
          3.7754600E+000             9.1571200E-003
          3.7769600E+000             9.1571200E-003
          3.7784600E+000             9.1571200E-003
          3.7799600E+000             9.1571200E-003
          3.7814600E+000             9.1897800E-003
          3.7829600E+000             9.1897800E-003
          3.7844600E+000             9.1897800E-003
          3.7859600E+000             9.2224800E-003
          3.7874600E+000             9.2224800E-003
          3.7889600E+000             9.2224800E-003
          3.7904600E+000             9.2549600E-003
          3.7919600E+000             9.2549600E-003
          3.7934600E+000             9.2549600E-003
          3.7949600E+000             9.2549600E-003
          3.7964600E+000             9.2864400E-003
          3.7979600E+000             9.2864400E-003
          3.7994600E+000             9.2864400E-003
          3.8009600E+000             9.3161400E-003
          3.8024600E+000             9.3161400E-003
          3.8039600E+000             9.3161400E-003
          3.8054600E+000             9.3444000E-003
          3.8069600E+000             9.3444000E-003
          3.8084600E+000             9.3444000E-003
          3.8099600E+000             9.3444000E-003
          3.8114600E+000             9.3726800E-003
          3.8129600E+000             9.3726800E-003
          3.8144600E+000             9.3726800E-003
          3.8159600E+000             9.4018800E-003
          3.8174600E+000             9.4018800E-003
          3.8189600E+000             9.4018800E-003
          3.8204600E+000             9.4310000E-003
          3.8219600E+000             9.4310000E-003
          3.8234600E+000             9.4310000E-003
          3.8249600E+000             9.4310000E-003
          3.8264600E+000             9.4589000E-003
          3.8279600E+000             9.4589000E-003
          3.8294600E+000             9.4589000E-003
          3.8309600E+000             9.4850400E-003
          3.8324600E+000             9.4850400E-003
          3.8339600E+000             9.4850400E-003
          3.8354600E+000             9.5097000E-003
          3.8369600E+000             9.5097000E-003
          3.8384600E+000             9.5097000E-003
          3.8399600E+000             9.5097000E-003
          3.8414600E+000             9.5331800E-003
          3.8429600E+000             9.5331800E-003
          3.8444600E+000             9.5331800E-003
          3.8459600E+000             9.5559200E-003
          3.8474600E+000             9.5559200E-003
          3.8489600E+000             9.5559200E-003
          3.8504600E+000             9.5785800E-003
          3.8519600E+000             9.5785800E-003
          3.8534600E+000             9.5785800E-003
          3.8549600E+000             9.5785800E-003
          3.8564600E+000             9.6017600E-003
          3.8579600E+000             9.6017600E-003
          3.8594600E+000             9.6017600E-003
          3.8609600E+000             9.6249600E-003
          3.8624600E+000             9.6249600E-003
          3.8639600E+000             9.6249600E-003
          3.8654600E+000             9.6467800E-003
          3.8669600E+000             9.6467800E-003
          3.8684600E+000             9.6467800E-003
          3.8699600E+000             9.6467800E-003
          3.8714600E+000             9.6662000E-003
          3.8729600E+000             9.6662000E-003
          3.8744600E+000             9.6662000E-003
          3.8759600E+000             9.6837800E-003
          3.8774600E+000             9.6837800E-003
          3.8789600E+000             9.6837800E-003
          3.8804600E+000             9.7009400E-003
          3.8819600E+000             9.7009400E-003
          3.8834600E+000             9.7009400E-003
          3.8849600E+000             9.7009400E-003
          3.8864600E+000             9.7180800E-003
          3.8879600E+000             9.7180800E-003
          3.8894600E+000             9.7180800E-003
          3.8909600E+000             9.7345600E-003
          3.8924600E+000             9.7345600E-003
          3.8939600E+000             9.7345600E-003
          3.8954600E+000             9.7498000E-003
          3.8969600E+000             9.7498000E-003
          3.8984600E+000             9.7498000E-003
          3.8999600E+000             9.7498000E-003
          3.9014600E+000             9.7634600E-003
          3.9029600E+000             9.7634600E-003
          3.9044600E+000             9.7634600E-003
          3.9059600E+000             9.7755600E-003
          3.9074600E+000             9.7755600E-003
          3.9089600E+000             9.7755600E-003
          3.9104600E+000             9.7868200E-003
          3.9119600E+000             9.7868200E-003
          3.9134600E+000             9.7868200E-003
          3.9149600E+000             9.7868200E-003
          3.9164600E+000             9.7982200E-003
          3.9179600E+000             9.7982200E-003
          3.9194600E+000             9.7982200E-003
          3.9209600E+000             9.8102000E-003
          3.9224600E+000             9.8102000E-003
          3.9239600E+000             9.8102000E-003
          3.9254600E+000             9.8220600E-003
          3.9269600E+000             9.8220600E-003
          3.9284600E+000             9.8220600E-003
          3.9299600E+000             9.8220600E-003
          3.9314600E+000             9.8322400E-003
          3.9329600E+000             9.8322400E-003
          3.9344600E+000             9.8322400E-003
          3.9359600E+000             9.8395000E-003
          3.9374600E+000             9.8395000E-003
          3.9389600E+000             9.8395000E-003
          3.9404600E+000             9.8440800E-003
          3.9419600E+000             9.8440800E-003
          3.9434600E+000             9.8440800E-003
          3.9449600E+000             9.8440800E-003
          3.9464600E+000             9.8471000E-003
          3.9479600E+000             9.8471000E-003
          3.9494600E+000             9.8471000E-003
          3.9509600E+000             9.8495600E-003
          3.9524600E+000             9.8495600E-003
          3.9539600E+000             9.8495600E-003
          3.9554600E+000             9.8521000E-003
          3.9569600E+000             9.8521000E-003
          3.9584600E+000             9.8521000E-003
          3.9599600E+000             9.8521000E-003
          3.9614600E+000             9.8543000E-003
          3.9629600E+000             9.8543000E-003
          3.9644600E+000             9.8543000E-003
          3.9659600E+000             9.8552800E-003
          3.9674600E+000             9.8552800E-003
          3.9689600E+000             9.8552800E-003
          3.9704600E+000             9.8544000E-003
          3.9719600E+000             9.8544000E-003
          3.9734600E+000             9.8544000E-003
          3.9749600E+000             9.8544000E-003
          3.9764600E+000             9.8514800E-003
          3.9779600E+000             9.8514800E-003
          3.9794600E+000             9.8514800E-003
          3.9809600E+000             9.8454200E-003
          3.9824600E+000             9.8454200E-003
          3.9839600E+000             9.8454200E-003
          3.9854600E+000             9.8361200E-003
          3.9869600E+000             9.8361200E-003
          3.9884600E+000             9.8361200E-003
          3.9899600E+000             9.8361200E-003
          3.9914600E+000             9.8272800E-003
          3.9929600E+000             9.8272800E-003
          3.9944600E+000             9.8272800E-003
          3.9959600E+000             9.8222200E-003
          3.9974600E+000             9.8222200E-003
          3.9989600E+000             9.8222200E-003
          4.0004600E+000             9.8203400E-003
          4.0019600E+000             9.8203400E-003
          4.0034600E+000             9.8203400E-003
          4.0049600E+000             9.8203400E-003
          4.0064600E+000             9.8204400E-003
          4.0079600E+000             9.8204400E-003
          4.0094600E+000             9.8204400E-003
          4.0109600E+000             9.8200200E-003
          4.0124600E+000             9.8200200E-003
          4.0139600E+000             9.8200200E-003
          4.0154600E+000             9.8113600E-003
          4.0169600E+000             9.8113600E-003
          4.0184600E+000             9.8113600E-003
          4.0199600E+000             9.8113600E-003
          4.0214600E+000             9.7915200E-003
          4.0229600E+000             9.7915200E-003
          4.0244600E+000             9.7915200E-003
          4.0259600E+000             9.7684000E-003
          4.0274600E+000             9.7684000E-003
          4.0289600E+000             9.7684000E-003
          4.0304600E+000             9.7476400E-003
          4.0319600E+000             9.7476400E-003
          4.0334600E+000             9.7476400E-003
          4.0349600E+000             9.7476400E-003
          4.0364600E+000             9.7263200E-003
          4.0379600E+000             9.7263200E-003
          4.0394600E+000             9.7263200E-003
          4.0409600E+000             9.7038000E-003
          4.0424600E+000             9.7038000E-003
          4.0439600E+000             9.7038000E-003
          4.0454600E+000             9.6838000E-003
          4.0469600E+000             9.6838000E-003
          4.0484600E+000             9.6838000E-003
          4.0499600E+000             9.6838000E-003
          4.0514600E+000             9.6668600E-003
          4.0529600E+000             9.6668600E-003
          4.0544600E+000             9.6668600E-003
          4.0559600E+000             9.6488600E-003
          4.0574600E+000             9.6488600E-003
          4.0589600E+000             9.6488600E-003
          4.0604600E+000             9.6252400E-003
          4.0619600E+000             9.6252400E-003
          4.0634600E+000             9.6252400E-003
          4.0649600E+000             9.6252400E-003
          4.0664600E+000             9.5938800E-003
          4.0679600E+000             9.5938800E-003
          4.0694600E+000             9.5938800E-003
          4.0709600E+000             9.5560400E-003
          4.0724600E+000             9.5560400E-003
          4.0739600E+000             9.5560400E-003
          4.0754600E+000             9.5146200E-003
          4.0769600E+000             9.5146200E-003
          4.0784600E+000             9.5146200E-003
          4.0799600E+000             9.5146200E-003
          4.0814600E+000             9.4744800E-003
          4.0829600E+000             9.4744800E-003
          4.0844600E+000             9.4744800E-003
          4.0859600E+000             9.4428200E-003
          4.0874600E+000             9.4428200E-003
          4.0889600E+000             9.4428200E-003
          4.0904600E+000             9.4225400E-003
          4.0919600E+000             9.4225400E-003
          4.0934600E+000             9.4225400E-003
          4.0949600E+000             9.4225400E-003
          4.0964600E+000             9.4043200E-003
          4.0979600E+000             9.4043200E-003
          4.0994600E+000             9.4043200E-003
          4.1009600E+000             9.3739600E-003
          4.1024600E+000             9.3739600E-003
          4.1039600E+000             9.3739600E-003
          4.1054600E+000             9.3263000E-003
          4.1069600E+000             9.3263000E-003
          4.1084600E+000             9.3263000E-003
          4.1099600E+000             9.3263000E-003
          4.1114600E+000             9.2674000E-003
          4.1129600E+000             9.2674000E-003
          4.1144600E+000             9.2674000E-003
          4.1159600E+000             9.2076000E-003
          4.1174600E+000             9.2076000E-003
          4.1189600E+000             9.2076000E-003
          4.1204600E+000             9.1547000E-003
          4.1219600E+000             9.1547000E-003
          4.1234600E+000             9.1547000E-003
          4.1249600E+000             9.1547000E-003
          4.1264600E+000             9.1111000E-003
          4.1279600E+000             9.1111000E-003
          4.1294600E+000             9.1111000E-003
          4.1309600E+000             9.0745800E-003
          4.1324600E+000             9.0745800E-003
          4.1339600E+000             9.0745800E-003
          4.1354600E+000             9.0391400E-003
          4.1369600E+000             9.0391400E-003
          4.1384600E+000             9.0391400E-003
          4.1399600E+000             9.0391400E-003
          4.1414600E+000             8.9957400E-003
          4.1429600E+000             8.9957400E-003
          4.1444600E+000             8.9957400E-003
          4.1459600E+000             8.9383200E-003
          4.1474600E+000             8.9383200E-003
          4.1489600E+000             8.9383200E-003
          4.1504600E+000             8.8703200E-003
          4.1519600E+000             8.8703200E-003
          4.1534600E+000             8.8703200E-003
          4.1549600E+000             8.8703200E-003
          4.1564600E+000             8.8018600E-003
          4.1579600E+000             8.8018600E-003
          4.1594600E+000             8.8018600E-003
          4.1609600E+000             8.7402800E-003
          4.1624600E+000             8.7402800E-003
          4.1639600E+000             8.7402800E-003
          4.1654600E+000             8.6819800E-003
          4.1669600E+000             8.6819800E-003
          4.1684600E+000             8.6819800E-003
          4.1699600E+000             8.6819800E-003
          4.1714600E+000             8.6151200E-003
          4.1729600E+000             8.6151200E-003
          4.1744600E+000             8.6151200E-003
          4.1759600E+000             8.5355600E-003
          4.1774600E+000             8.5355600E-003
          4.1789600E+000             8.5355600E-003
          4.1804600E+000             8.4544000E-003
          4.1819600E+000             8.4544000E-003
          4.1834600E+000             8.4544000E-003
          4.1849600E+000             8.4544000E-003
          4.1864600E+000             8.3827600E-003
          4.1879600E+000             8.3827600E-003
          4.1894600E+000             8.3827600E-003
          4.1909600E+000             8.3178400E-003
          4.1924600E+000             8.3178400E-003
          4.1939600E+000             8.3178400E-003
          4.1954600E+000             8.2511200E-003
          4.1969600E+000             8.2511200E-003
          4.1984600E+000             8.2511200E-003
          4.1999600E+000             8.2511200E-003
          4.2014600E+000             8.1797600E-003
          4.2029600E+000             8.1797600E-003
          4.2044600E+000             8.1797600E-003
          4.2059600E+000             8.1025200E-003
          4.2074600E+000             8.1025200E-003
          4.2089600E+000             8.1025200E-003
          4.2104600E+000             8.0179800E-003
          4.2119600E+000             8.0179800E-003
          4.2134600E+000             8.0179800E-003
          4.2149600E+000             8.0179800E-003
          4.2164600E+000             7.9310000E-003
          4.2179600E+000             7.9310000E-003
          4.2194600E+000             7.9310000E-003
          4.2209600E+000             7.8487600E-003
          4.2224600E+000             7.8487600E-003
          4.2239600E+000             7.8487600E-003
          4.2254600E+000             7.7685600E-003
          4.2269600E+000             7.7685600E-003
          4.2284600E+000             7.7685600E-003
          4.2299600E+000             7.7685600E-003
          4.2314600E+000             7.6796000E-003
          4.2329600E+000             7.6796000E-003
          4.2344600E+000             7.6796000E-003
          4.2359600E+000             7.5745200E-003
          4.2374600E+000             7.5745200E-003
          4.2389600E+000             7.5745200E-003
          4.2404600E+000             7.4590800E-003
          4.2419600E+000             7.4590800E-003
          4.2434600E+000             7.4590800E-003
          4.2449600E+000             7.4590800E-003
          4.2464600E+000             7.3484800E-003
          4.2479600E+000             7.3484800E-003
          4.2494600E+000             7.3484800E-003
          4.2509600E+000             7.2520600E-003
          4.2524600E+000             7.2520600E-003
          4.2539600E+000             7.2520600E-003
          4.2554600E+000             7.1644400E-003
          4.2569600E+000             7.1644400E-003
          4.2584600E+000             7.1644400E-003
          4.2599600E+000             7.1644400E-003
          4.2614600E+000             7.0722600E-003
          4.2629600E+000             7.0722600E-003
          4.2644600E+000             7.0722600E-003
          4.2659600E+000             6.9666800E-003
          4.2674600E+000             6.9666800E-003
          4.2689600E+000             6.9666800E-003
          4.2704600E+000             6.8508000E-003
          4.2719600E+000             6.8508000E-003
          4.2734600E+000             6.8508000E-003
          4.2749600E+000             6.8508000E-003
          4.2764600E+000             6.7320000E-003
          4.2779600E+000             6.7320000E-003
          4.2794600E+000             6.7320000E-003
          4.2809600E+000             6.6094200E-003
          4.2824600E+000             6.6094200E-003
          4.2839600E+000             6.6094200E-003
          4.2854600E+000             6.4782400E-003
          4.2869600E+000             6.4782400E-003
          4.2884600E+000             6.4782400E-003
          4.2899600E+000             6.4782400E-003
          4.2914600E+000             6.3425600E-003
          4.2929600E+000             6.3425600E-003
          4.2944600E+000             6.3425600E-003
          4.2959600E+000             6.2129000E-003
          4.2974600E+000             6.2129000E-003
          4.2989600E+000             6.2129000E-003
          4.3004600E+000             6.0941200E-003
          4.3019600E+000             6.0941200E-003
          4.3034600E+000             6.0941200E-003
          4.3049600E+000             6.0941200E-003
          4.3064600E+000             5.9825000E-003
          4.3079600E+000             5.9825000E-003
          4.3094600E+000             5.9825000E-003
          4.3109600E+000             5.8691400E-003
          4.3124600E+000             5.8691400E-003
          4.3139600E+000             5.8691400E-003
          4.3154600E+000             5.7432800E-003
          4.3169600E+000             5.7432800E-003
          4.3184600E+000             5.7432800E-003
          4.3199600E+000             5.7432800E-003
          4.3214600E+000             5.5992600E-003
          4.3229600E+000             5.5992600E-003
          4.3244600E+000             5.5992600E-003
          4.3259600E+000             5.4425000E-003
          4.3274600E+000             5.4425000E-003
          4.3289600E+000             5.4425000E-003
          4.3304600E+000             5.2853800E-003
          4.3319600E+000             5.2853800E-003
          4.3334600E+000             5.2853800E-003
          4.3349600E+000             5.2853800E-003
          4.3364600E+000             5.1367800E-003
          4.3379600E+000             5.1367800E-003
          4.3394600E+000             5.1367800E-003
          4.3409600E+000             1.0477640E-002
          4.3424600E+000             1.0477640E-002
          4.3439600E+000             1.0477640E-002
          4.3454600E+000             1.2080340E-002
          4.3469600E+000             1.2080340E-002
          4.3484600E+000             1.2080340E-002
          4.3499600E+000             1.2080340E-002
          4.3514600E+000            -1.1896214E-001
          4.3529600E+000            -1.1896214E-001
          4.3544600E+000            -1.1896214E-001
          4.3559600E+000            -5.8273468E-001
          4.3574600E+000            -5.8273468E-001
          4.3589600E+000            -5.8273468E-001
          4.3604600E+000            -1.2533947E+000
          4.3619600E+000            -1.2533947E+000
          4.3634600E+000            -1.2533947E+000
          4.3649600E+000            -1.2533947E+000
          4.3664600E+000            -1.6732250E+000
          4.3679600E+000            -1.6732250E+000
          4.3694600E+000            -1.6732250E+000
          4.3709600E+000            -1.7275749E+000
          4.3724600E+000            -1.7275749E+000
          4.3739600E+000            -1.7275749E+000
          4.3754600E+000            -1.5873254E+000
          4.3769600E+000            -1.5873254E+000
          4.3784600E+000            -1.5873254E+000
          4.3799600E+000            -1.5873254E+000
          4.3814600E+000            -9.2264100E-001
          4.3829600E+000            -9.2264100E-001
          4.3844600E+000            -9.2264100E-001
          4.3859600E+000             6.0462960E-001
          4.3874600E+000             6.0462960E-001
          4.3889600E+000             6.0462960E-001
          4.3904600E+000             2.2653924E+000
          4.3919600E+000             2.2653924E+000
          4.3934600E+000             2.2653924E+000
          4.3949600E+000             2.2653924E+000
          4.3964600E+000             2.7512371E+000
          4.3979600E+000             2.7512371E+000
          4.3994600E+000             2.7512371E+000
          4.4009600E+000             1.4837591E+000
          4.4024600E+000             1.4837591E+000
          4.4039600E+000             1.4837591E+000
          4.4054600E+000            -8.3020044E-001
          4.4069600E+000            -8.3020044E-001
          4.4084600E+000            -8.3020044E-001
          4.4099600E+000            -8.3020044E-001
          4.4114600E+000            -2.7271653E+000
          4.4129600E+000            -2.7271653E+000
          4.4144600E+000            -2.7271653E+000
          4.4159600E+000            -3.1009292E+000
          4.4174600E+000            -3.1009292E+000
          4.4189600E+000            -3.1009292E+000
          4.4204600E+000            -1.9845300E+000
          4.4219600E+000            -1.9845300E+000
          4.4234600E+000            -1.9845300E+000
          4.4249600E+000            -1.9845300E+000
          4.4264600E+000            -3.3020860E-001
          4.4279600E+000            -3.3020860E-001
          4.4294600E+000            -3.3020860E-001
          4.4309600E+000             1.0397010E+000
          4.4324600E+000             1.0397010E+000
          4.4339600E+000             1.0397010E+000
          4.4354600E+000             1.9106070E+000
          4.4369600E+000             1.9106070E+000
          4.4384600E+000             1.9106070E+000
          4.4399600E+000             1.9106070E+000
          4.4414600E+000             2.1276224E+000
          4.4429600E+000             2.1276224E+000
          4.4444600E+000             2.1276224E+000
          4.4459600E+000             1.4302694E+000
          4.4474600E+000             1.4302694E+000
          4.4489600E+000             1.4302694E+000
          4.4504600E+000            -5.3637480E-002
          4.4519600E+000            -5.3637480E-002
          4.4534600E+000            -5.3637480E-002
          4.4549600E+000            -5.3637480E-002
          4.4564600E+000            -1.5709876E+000
          4.4579600E+000            -1.5709876E+000
          4.4594600E+000            -1.5709876E+000
          4.4609600E+000            -2.1079888E+000
          4.4624600E+000            -2.1079888E+000
          4.4639600E+000            -2.1079888E+000
          4.4654600E+000            -1.1962176E+000
          4.4669600E+000            -1.1962176E+000
          4.4684600E+000            -1.1962176E+000
          4.4699600E+000            -1.1962176E+000
          4.4714600E+000             4.9862800E-001
          4.4729600E+000             4.9862800E-001
          4.4744600E+000             4.9862800E-001
          4.4759600E+000             1.5095126E+000
          4.4774600E+000             1.5095126E+000
          4.4789600E+000             1.5095126E+000
          4.4804600E+000             1.0924670E+000
          4.4819600E+000             1.0924670E+000
          4.4834600E+000             1.0924670E+000
          4.4849600E+000             1.0924670E+000
          4.4864600E+000             2.5073860E-001
          4.4879600E+000             2.5073860E-001
          4.4894600E+000             2.5073860E-001
          4.4909600E+000             3.0681400E-002
          4.4924600E+000             3.0681400E-002
          4.4939600E+000             3.0681400E-002
          4.4954600E+000            -9.8858400E-002
          4.4969600E+000            -9.8858400E-002
          4.4984600E+000            -9.8858400E-002
          4.4999600E+000            -9.8858400E-002
          4.5014600E+000            -7.0535160E-001
          4.5029600E+000            -7.0535160E-001
          4.5044600E+000            -7.0535160E-001
          4.5059600E+000            -1.1582868E+000
          4.5074600E+000            -1.1582868E+000
          4.5089600E+000            -1.1582868E+000
          4.5104600E+000            -9.0367960E-001
          4.5119600E+000            -9.0367960E-001
          4.5134600E+000            -9.0367960E-001
          4.5149600E+000            -9.0367960E-001
          4.5164600E+000            -2.6475400E-001
          4.5179600E+000            -2.6475400E-001
          4.5194600E+000            -2.6475400E-001
          4.5209600E+000             2.3906680E-001
          4.5224600E+000             2.3906680E-001
          4.5239600E+000             2.3906680E-001
          4.5254600E+000             4.1221780E-001
          4.5269600E+000             4.1221780E-001
          4.5284600E+000             4.1221780E-001
          4.5299600E+000             4.1221780E-001
          4.5314600E+000             3.8805700E-001
          4.5329600E+000             3.8805700E-001
          4.5344600E+000             3.8805700E-001
          4.5359600E+000             5.3574840E-001
          4.5374600E+000             5.3574840E-001
          4.5389600E+000             5.3574840E-001
          4.5404600E+000             9.5541320E-001
          4.5419600E+000             9.5541320E-001
          4.5434600E+000             9.5541320E-001
          4.5449600E+000             9.5541320E-001
          4.5464600E+000             9.8846980E-001
          4.5479600E+000             9.8846980E-001
          4.5494600E+000             9.8846980E-001
          4.5509600E+000             2.4201920E-001
          4.5524600E+000             2.4201920E-001
          4.5539600E+000             2.4201920E-001
          4.5554600E+000            -3.0298160E-001
          4.5569600E+000            -3.0298160E-001
          4.5584600E+000            -3.0298160E-001
          4.5599600E+000            -3.0298160E-001
          4.5614600E+000             3.5521660E-001
          4.5629600E+000             3.5521660E-001
          4.5644600E+000             3.5521660E-001
          4.5659600E+000             1.6152835E+000
          4.5674600E+000             1.6152835E+000
          4.5689600E+000             1.6152835E+000
          4.5704600E+000             1.9964986E+000
          4.5719600E+000             1.9964986E+000
          4.5734600E+000             1.9964986E+000
          4.5749600E+000             1.9964986E+000
          4.5764600E+000             9.0314870E-001
          4.5779600E+000             9.0314870E-001
          4.5794600E+000             9.0314870E-001
          4.5809600E+000            -6.7829008E-001
          4.5824600E+000            -6.7829008E-001
          4.5839600E+000            -6.7829008E-001
          4.5854600E+000            -1.4023116E+000
          4.5869600E+000            -1.4023116E+000
          4.5884600E+000            -1.4023116E+000
          4.5899600E+000            -1.4023116E+000
          4.5914600E+000            -1.0579216E+000
          4.5929600E+000            -1.0579216E+000
          4.5944600E+000            -1.0579216E+000
          4.5959600E+000            -3.1579876E-001
          4.5974600E+000            -3.1579876E-001
          4.5989600E+000            -3.1579876E-001
          4.6004600E+000             2.5002910E-001
          4.6019600E+000             2.5002910E-001
          4.6034600E+000             2.5002910E-001
          4.6049600E+000             2.5002910E-001
          4.6064600E+000             4.4910240E-001
          4.6079600E+000             4.4910240E-001
          4.6094600E+000             4.4910240E-001
          4.6109600E+000             2.4975920E-001
          4.6124600E+000             2.4975920E-001
          4.6139600E+000             2.4975920E-001
          4.6154600E+000            -4.0713594E-001
          4.6169600E+000            -4.0713594E-001
          4.6184600E+000            -4.0713594E-001
          4.6199600E+000            -4.0713594E-001
          4.6214600E+000            -1.2907536E+000
          4.6229600E+000            -1.2907536E+000
          4.6244600E+000            -1.2907536E+000
          4.6259600E+000            -1.7051034E+000
          4.6274600E+000            -1.7051034E+000
          4.6289600E+000            -1.7051034E+000
          4.6304600E+000            -1.2624230E+000
          4.6319600E+000            -1.2624230E+000
          4.6334600E+000            -1.2624230E+000
          4.6349600E+000            -1.2624230E+000
          4.6364600E+000            -3.9226500E-001
          4.6379600E+000            -3.9226500E-001
          4.6394600E+000            -3.9226500E-001
          4.6409600E+000             2.6424120E-001
          4.6424600E+000             2.6424120E-001
          4.6439600E+000             2.6424120E-001
          4.6454600E+000             3.5787620E-001
          4.6469600E+000             3.5787620E-001
          4.6484600E+000             3.5787620E-001
          4.6499600E+000             3.5787620E-001
          4.6514600E+000            -1.5472560E-001
          4.6529600E+000            -1.5472560E-001
          4.6544600E+000            -1.5472560E-001
          4.6559600E+000            -6.3656040E-001
          4.6574600E+000            -6.3656040E-001
          4.6589600E+000            -6.3656040E-001
          4.6604600E+000            -6.9968000E-002
          4.6619600E+000            -6.9968000E-002
          4.6634600E+000            -6.9968000E-002
          4.6649600E+000            -6.9968000E-002
          4.6664600E+000             1.1871942E+000
          4.6679600E+000             1.1871942E+000
          4.6694600E+000             1.1871942E+000
          4.6709600E+000             1.4780682E+000
          4.6724600E+000             1.4780682E+000
          4.6739600E+000             1.4780682E+000
          4.6754600E+000             4.3608900E-001
          4.6769600E+000             4.3608900E-001
          4.6784600E+000             4.3608900E-001
          4.6799600E+000             4.3608900E-001
          4.6814600E+000            -6.4039940E-001
          4.6829600E+000            -6.4039940E-001
          4.6844600E+000            -6.4039940E-001
          4.6859600E+000            -8.8792820E-001
          4.6874600E+000            -8.8792820E-001
          4.6889600E+000            -8.8792820E-001
          4.6904600E+000            -5.3174220E-001
          4.6919600E+000            -5.3174220E-001
          4.6934600E+000            -5.3174220E-001
          4.6949600E+000            -5.3174220E-001
          4.6964600E+000            -5.9118600E-002
          4.6979600E+000            -5.9118600E-002
          4.6994600E+000            -5.9118600E-002
          4.7009600E+000             2.4902300E-001
          4.7024600E+000             2.4902300E-001
          4.7039600E+000             2.4902300E-001
          4.7054600E+000             3.2641500E-001
          4.7069600E+000             3.2641500E-001
          4.7084600E+000             3.2641500E-001
          4.7099600E+000             3.2641500E-001
          4.7114600E+000             2.4015240E-001
          4.7129600E+000             2.4015240E-001
          4.7144600E+000             2.4015240E-001
          4.7159600E+000             9.9745200E-002
          4.7174600E+000             9.9745200E-002
          4.7189600E+000             9.9745200E-002
          4.7204600E+000            -5.1692800E-002
          4.7219600E+000            -5.1692800E-002
          4.7234600E+000            -5.1692800E-002
          4.7249600E+000            -5.1692800E-002
          4.7264600E+000            -3.5023080E-001
          4.7279600E+000            -3.5023080E-001
          4.7294600E+000            -3.5023080E-001
          4.7309600E+000            -8.5269020E-001
          4.7324600E+000            -8.5269020E-001
          4.7339600E+000            -8.5269020E-001
          4.7354600E+000            -1.0184036E+000
          4.7369600E+000            -1.0184036E+000
          4.7384600E+000            -1.0184036E+000
          4.7399600E+000            -1.0184036E+000
          4.7414600E+000            -2.6187860E-001
          4.7429600E+000            -2.6187860E-001
          4.7444600E+000            -2.6187860E-001
          4.7459600E+000             8.8316700E-001
          4.7474600E+000             8.8316700E-001
          4.7489600E+000             8.8316700E-001
          4.7504600E+000             1.3436650E+000
          4.7519600E+000             1.3436650E+000
          4.7534600E+000             1.3436650E+000
          4.7549600E+000             1.3436650E+000
          4.7564600E+000             9.4018300E-001
          4.7579600E+000             9.4018300E-001
          4.7594600E+000             9.4018300E-001
          4.7609600E+000             2.6588140E-001
          4.7624600E+000             2.6588140E-001
          4.7639600E+000             2.6588140E-001
          4.7654600E+000            -4.6533200E-002
          4.7669600E+000            -4.6533200E-002
          4.7684600E+000            -4.6533200E-002
          4.7699600E+000            -4.6533200E-002
          4.7714600E+000             5.8707460E-001
          4.7729600E+000             5.8707460E-001
          4.7744600E+000             5.8707460E-001
          4.7759600E+000             1.9241176E+000
          4.7774600E+000             1.9241176E+000
          4.7789600E+000             1.9241176E+000
          4.7804600E+000             2.1538632E+000
          4.7819600E+000             2.1538632E+000
          4.7834600E+000             2.1538632E+000
          4.7849600E+000             2.1538632E+000
          4.7864600E+000             1.9975594E-001
          4.7879600E+000             1.9975594E-001
          4.7894600E+000             1.9975594E-001
          4.7909600E+000            -2.0791850E+000
          4.7924600E+000            -2.0791850E+000
          4.7939600E+000            -2.0791850E+000
          4.7954600E+000            -2.3232804E+000
          4.7969600E+000            -2.3232804E+000
          4.7984600E+000            -2.3232804E+000
          4.7999600E+000            -2.3232804E+000
          4.8014600E+000            -6.7118020E-001
          4.8029600E+000            -6.7118020E-001
          4.8044600E+000            -6.7118020E-001
          4.8059600E+000             8.7138360E-001
          4.8074600E+000             8.7138360E-001
          4.8089600E+000             8.7138360E-001
          4.8104600E+000             8.8227622E-001
          4.8119600E+000             8.8227622E-001
          4.8134600E+000             8.8227622E-001
          4.8149600E+000             8.8227622E-001
          4.8164600E+000            -1.1874630E-001
          4.8179600E+000            -1.1874630E-001
          4.8194600E+000            -1.1874630E-001
          4.8209600E+000            -8.0789292E-001
          4.8224600E+000            -8.0789292E-001
          4.8239600E+000            -8.0789292E-001
          4.8254600E+000            -7.5987540E-001
          4.8269600E+000            -7.5987540E-001
          4.8284600E+000            -7.5987540E-001
          4.8299600E+000            -7.5987540E-001
          4.8314600E+000            -3.6256780E-001
          4.8329600E+000            -3.6256780E-001
          4.8344600E+000            -3.6256780E-001
          4.8359600E+000             2.9010000E-003
          4.8374600E+000             2.9010000E-003
          4.8389600E+000             2.9010000E-003
          4.8404600E+000             1.7791980E-001
          4.8419600E+000             1.7791980E-001
          4.8434600E+000             1.7791980E-001
          4.8449600E+000             1.7791980E-001
          4.8464600E+000             5.1934600E-002
          4.8479600E+000             5.1934600E-002
          4.8494600E+000             5.1934600E-002
          4.8509600E+000            -4.6527300E-001
          4.8524600E+000            -4.6527300E-001
          4.8539600E+000            -4.6527300E-001
          4.8554600E+000            -9.8961920E-001
          4.8569600E+000            -9.8961920E-001
          4.8584600E+000            -9.8961920E-001
          4.8599600E+000            -9.8961920E-001
          4.8614600E+000            -7.2796000E-001
          4.8629600E+000            -7.2796000E-001
          4.8644600E+000            -7.2796000E-001
          4.8659600E+000             3.2204400E-001
          4.8674600E+000             3.2204400E-001
          4.8689600E+000             3.2204400E-001
          4.8704600E+000             1.2360260E+000
          4.8719600E+000             1.2360260E+000
          4.8734600E+000             1.2360260E+000
          4.8749600E+000             1.2360260E+000
          4.8764600E+000             1.5933564E+000
          4.8779600E+000             1.5933564E+000
          4.8794600E+000             1.5933564E+000
          4.8809600E+000             1.5572147E+000
          4.8824600E+000             1.5572147E+000
          4.8839600E+000             1.5572147E+000
          4.8854600E+000             8.9344964E-001
          4.8869600E+000             8.9344964E-001
          4.8884600E+000             8.9344964E-001
          4.8899600E+000             8.9344964E-001
          4.8914600E+000            -3.9998035E-001
          4.8929600E+000            -3.9998035E-001
          4.8944600E+000            -3.9998035E-001
          4.8959600E+000            -1.3860939E+000
          4.8974600E+000            -1.3860939E+000
          4.8989600E+000            -1.3860939E+000
          4.9004600E+000            -1.3439893E+000
          4.9019600E+000            -1.3439893E+000
          4.9034600E+000            -1.3439893E+000
          4.9049600E+000            -1.3439893E+000
          4.9064600E+000            -6.1083860E-001
          4.9079600E+000            -6.1083860E-001
          4.9094600E+000            -6.1083860E-001
          4.9109600E+000             1.1486100E-001
          4.9124600E+000             1.1486100E-001
          4.9139600E+000             1.1486100E-001
          4.9154600E+000             4.7024900E-001
          4.9169600E+000             4.7024900E-001
          4.9184600E+000             4.7024900E-001
          4.9199600E+000             4.7024900E-001
          4.9214600E+000             4.5399700E-001
          4.9229600E+000             4.5399700E-001
          4.9244600E+000             4.5399700E-001
          4.9259600E+000             2.3738040E-001
          4.9274600E+000             2.3738040E-001
          4.9289600E+000             2.3738040E-001
          4.9304600E+000             6.2116000E-003
          4.9319600E+000             6.2116000E-003
          4.9334600E+000             6.2116000E-003
          4.9349600E+000             6.2116000E-003
          4.9364600E+000            -1.2770240E-001
          4.9379600E+000            -1.2770240E-001
          4.9394600E+000            -1.2770240E-001
          4.9409600E+000            -1.4348140E-001
          4.9424600E+000            -1.4348140E-001
          4.9439600E+000            -1.4348140E-001
          4.9454600E+000            -8.1494600E-002
          4.9469600E+000            -8.1494600E-002
          4.9484600E+000            -8.1494600E-002
          4.9499600E+000            -8.1494600E-002
          4.9514600E+000             1.3240000E-004
          4.9529600E+000             1.3240000E-004
          4.9544600E+000             1.3240000E-004
          4.9559600E+000             5.8339200E-002
          4.9574600E+000             5.8339200E-002
          4.9589600E+000             5.8339200E-002
          4.9604600E+000             7.7688600E-002
          4.9619600E+000             7.7688600E-002
          4.9634600E+000             7.7688600E-002
          4.9649600E+000             7.7688600E-002
          4.9664600E+000             6.5732000E-002
          4.9679600E+000             6.5732000E-002
          4.9694600E+000             6.5732000E-002
          4.9709600E+000             4.0330800E-002
          4.9724600E+000             4.0330800E-002
          4.9739600E+000             4.0330800E-002
          4.9754600E+000             1.7743200E-002
          4.9769600E+000             1.7743200E-002
          4.9784600E+000             1.7743200E-002
          4.9799600E+000             1.7743200E-002
          4.9814600E+000             5.2042200E-002
          4.9829600E+000             5.2042200E-002
          4.9844600E+000             5.2042200E-002
          4.9859600E+000             3.2074378E-001
          4.9874600E+000             3.2074378E-001
          4.9889600E+000             3.2074378E-001
          4.9904600E+000             9.2610954E-001
          4.9919600E+000             9.2610954E-001
          4.9934600E+000             9.2610954E-001
          4.9949600E+000             9.2610954E-001
          4.9964600E+000             1.4836899E+000
          4.9979600E+000             1.4836899E+000
          4.9994600E+000             1.4836899E+000
          5.0009600E+000             1.4193226E+000
          5.0024600E+000             1.4193226E+000
          5.0039600E+000             1.4193226E+000
          5.0054600E+000             7.2262180E-001
          5.0069600E+000             7.2262180E-001
          5.0084600E+000             7.2262180E-001
          5.0099600E+000             7.2262180E-001
          5.0114600E+000            -2.0715920E-001
          5.0129600E+000            -2.0715920E-001
          5.0144600E+000            -2.0715920E-001
          5.0159600E+000            -1.1244544E+000
          5.0174600E+000            -1.1244544E+000
          5.0189600E+000            -1.1244544E+000
          5.0204600E+000            -1.7425145E+000
          5.0219600E+000            -1.7425145E+000
          5.0234600E+000            -1.7425145E+000
          5.0249600E+000            -1.7425145E+000
          5.0264600E+000            -1.6403015E+000
          5.0279600E+000            -1.6403015E+000
          5.0294600E+000            -1.6403015E+000
          5.0309600E+000            -8.5970558E-001
          5.0324600E+000            -8.5970558E-001
          5.0339600E+000            -8.5970558E-001
          5.0354600E+000             8.9084000E-003
          5.0369600E+000             8.9084000E-003
          5.0384600E+000             8.9084000E-003
          5.0399600E+000             8.9084000E-003
          5.0414600E+000             5.1307620E-001
          5.0429600E+000             5.1307620E-001
          5.0444600E+000             5.1307620E-001
          5.0459600E+000             7.5929728E-001
          5.0474600E+000             7.5929728E-001
          5.0489600E+000             7.5929728E-001
          5.0504600E+000             1.0176776E+000
          5.0519600E+000             1.0176776E+000
          5.0534600E+000             1.0176776E+000
          5.0549600E+000             1.0176776E+000
          5.0564600E+000             9.8680966E-001
          5.0579600E+000             9.8680966E-001
          5.0594600E+000             9.8680966E-001
          5.0609600E+000             1.7220368E-001
          5.0624600E+000             1.7220368E-001
          5.0639600E+000             1.7220368E-001
          5.0654600E+000            -9.4979606E-001
          5.0669600E+000            -9.4979606E-001
          5.0684600E+000            -9.4979606E-001
          5.0699600E+000            -9.4979606E-001
          5.0714600E+000            -1.3666957E+000
          5.0729600E+000            -1.3666957E+000
          5.0744600E+000            -1.3666957E+000
          5.0759600E+000            -9.1162080E-001
          5.0774600E+000            -9.1162080E-001
          5.0789600E+000            -9.1162080E-001
          5.0804600E+000            -1.9078840E-001
          5.0819600E+000            -1.9078840E-001
          5.0834600E+000            -1.9078840E-001
          5.0849600E+000            -1.9078840E-001
          5.0864600E+000             2.9616420E-001
          5.0879600E+000             2.9616420E-001
          5.0894600E+000             2.9616420E-001
          5.0909600E+000             4.2385540E-001
          5.0924600E+000             4.2385540E-001
          5.0939600E+000             4.2385540E-001
          5.0954600E+000             2.9495356E-001
          5.0969600E+000             2.9495356E-001
          5.0984600E+000             2.9495356E-001
          5.0999600E+000             2.9495356E-001
          5.1014600E+000             5.1751460E-002
          5.1029600E+000             5.1751460E-002
          5.1044600E+000             5.1751460E-002
          5.1059600E+000            -3.2088128E-001
          5.1074600E+000            -3.2088128E-001
          5.1089600E+000            -3.2088128E-001
          5.1104600E+000            -8.6533974E-001
          5.1119600E+000            -8.6533974E-001
          5.1134600E+000            -8.6533974E-001
          5.1149600E+000            -8.6533974E-001
          5.1164600E+000            -1.1316806E+000
          5.1179600E+000            -1.1316806E+000
          5.1194600E+000            -1.1316806E+000
          5.1209600E+000            -5.0112720E-001
          5.1224600E+000            -5.0112720E-001
          5.1239600E+000            -5.0112720E-001
          5.1254600E+000             6.5907360E-001
          5.1269600E+000             6.5907360E-001
          5.1284600E+000             6.5907360E-001
          5.1299600E+000             6.5907360E-001
          5.1314600E+000             1.2798138E+000
          5.1329600E+000             1.2798138E+000
          5.1344600E+000             1.2798138E+000
          5.1359600E+000             9.7268380E-001
          5.1374600E+000             9.7268380E-001
          5.1389600E+000             9.7268380E-001
          5.1404600E+000             7.6459620E-002
          5.1419600E+000             7.6459620E-002
          5.1434600E+000             7.6459620E-002
          5.1449600E+000             7.6459620E-002
          5.1464600E+000            -1.0138344E+000
          5.1479600E+000            -1.0138344E+000
          5.1494600E+000            -1.0138344E+000
          5.1509600E+000            -1.7811462E+000
          5.1524600E+000            -1.7811462E+000
          5.1539600E+000            -1.7811462E+000
          5.1554600E+000            -1.6122368E+000
          5.1569600E+000            -1.6122368E+000
          5.1584600E+000            -1.6122368E+000
          5.1599600E+000            -1.6122368E+000
          5.1614600E+000            -3.7691260E-001
          5.1629600E+000            -3.7691260E-001
          5.1644600E+000            -3.7691260E-001
          5.1659600E+000             1.2264684E+000
          5.1674600E+000             1.2264684E+000
          5.1689600E+000             1.2264684E+000
          5.1704600E+000             2.1352910E+000
          5.1719600E+000             2.1352910E+000
          5.1734600E+000             2.1352910E+000
          5.1749600E+000             2.1352910E+000
          5.1764600E+000             2.0403646E+000
          5.1779600E+000             2.0403646E+000
          5.1794600E+000             2.0403646E+000
          5.1809600E+000             1.5240351E+000
          5.1824600E+000             1.5240351E+000
          5.1839600E+000             1.5240351E+000
          5.1854600E+000             8.0015622E-001
          5.1869600E+000             8.0015622E-001
          5.1884600E+000             8.0015622E-001
          5.1899600E+000             8.0015622E-001
          5.1914600E+000            -3.4183794E-001
          5.1929600E+000            -3.4183794E-001
          5.1944600E+000            -3.4183794E-001
          5.1959600E+000            -1.3711399E+000
          5.1974600E+000            -1.3711399E+000
          5.1989600E+000            -1.3711399E+000
          5.2004600E+000            -1.4698967E+000
          5.2019600E+000            -1.4698967E+000
          5.2034600E+000            -1.4698967E+000
          5.2049600E+000            -1.4698967E+000
          5.2064600E+000            -7.5341440E-001
          5.2079600E+000            -7.5341440E-001
          5.2094600E+000            -7.5341440E-001
          5.2109600E+000             4.8502800E-002
          5.2124600E+000             4.8502800E-002
          5.2139600E+000             4.8502800E-002
          5.2154600E+000             3.9096760E-001
          5.2169600E+000             3.9096760E-001
          5.2184600E+000             3.9096760E-001
          5.2199600E+000             3.9096760E-001
          5.2214600E+000            -9.0588000E-003
          5.2229600E+000            -9.0588000E-003
          5.2244600E+000            -9.0588000E-003
          5.2259600E+000            -1.0831774E+000
          5.2274600E+000            -1.0831774E+000
          5.2289600E+000            -1.0831774E+000
          5.2304600E+000            -2.2324204E+000
          5.2319600E+000            -2.2324204E+000
          5.2334600E+000            -2.2324204E+000
          5.2349600E+000            -2.2324204E+000
          5.2364600E+000            -2.6915306E+000
          5.2379600E+000            -2.6915306E+000
          5.2394600E+000            -2.6915306E+000
          5.2409600E+000            -2.1355596E+000
          5.2424600E+000            -2.1355596E+000
          5.2439600E+000            -2.1355596E+000
          5.2454600E+000            -9.3547720E-001
          5.2469600E+000            -9.3547720E-001
          5.2484600E+000            -9.3547720E-001
          5.2499600E+000            -9.3547720E-001
          5.2514600E+000             6.7351600E-002
          5.2529600E+000             6.7351600E-002
          5.2544600E+000             6.7351600E-002
          5.2559600E+000             1.6704260E-001
          5.2574600E+000             1.6704260E-001
          5.2589600E+000             1.6704260E-001
          5.2604600E+000            -4.2513660E-001
          5.2619600E+000            -4.2513660E-001
          5.2634600E+000            -4.2513660E-001
          5.2649600E+000            -4.2513660E-001
          5.2664600E+000            -6.1526680E-001
          5.2679600E+000            -6.1526680E-001
          5.2694600E+000            -6.1526680E-001
          5.2709600E+000             9.6311800E-002
          5.2724600E+000             9.6311800E-002
          5.2739600E+000             9.6311800E-002
          5.2754600E+000             8.9808760E-001
          5.2769600E+000             8.9808760E-001
          5.2784600E+000             8.9808760E-001
          5.2799600E+000             8.9808760E-001
          5.2814600E+000             1.0132790E+000
          5.2829600E+000             1.0132790E+000
          5.2844600E+000             1.0132790E+000
          5.2859600E+000             8.1026000E-001
          5.2874600E+000             8.1026000E-001
          5.2889600E+000             8.1026000E-001
          5.2904600E+000             1.2395202E+000
          5.2919600E+000             1.2395202E+000
          5.2934600E+000             1.2395202E+000
          5.2949600E+000             1.2395202E+000
          5.2964600E+000             2.3614210E+000
          5.2979600E+000             2.3614210E+000
          5.2994600E+000             2.3614210E+000
          5.3009600E+000             2.9454566E+000
          5.3024600E+000             2.9454566E+000
          5.3039600E+000             2.9454566E+000
          5.3054600E+000             2.1685953E+000
          5.3069600E+000             2.1685953E+000
          5.3084600E+000             2.1685953E+000
          5.3099600E+000             2.1685953E+000
          5.3114600E+000             7.9475178E-001
          5.3129600E+000             7.9475178E-001
          5.3144600E+000             7.9475178E-001
          5.3159600E+000             1.2051198E-001
          5.3174600E+000             1.2051198E-001
          5.3189600E+000             1.2051198E-001
          5.3204600E+000             4.9903944E-001
          5.3219600E+000             4.9903944E-001
          5.3234600E+000             4.9903944E-001
          5.3249600E+000             4.9903944E-001
          5.3264600E+000             1.0841569E+000
          5.3279600E+000             1.0841569E+000
          5.3294600E+000             1.0841569E+000
          5.3309600E+000             8.6757040E-001
          5.3324600E+000             8.6757040E-001
          5.3339600E+000             8.6757040E-001
          5.3354600E+000            -2.2590720E-001
          5.3369600E+000            -2.2590720E-001
          5.3384600E+000            -2.2590720E-001
          5.3399600E+000            -2.2590720E-001
          5.3414600E+000            -1.3395166E+000
          5.3429600E+000            -1.3395166E+000
          5.3444600E+000            -1.3395166E+000
          5.3459600E+000            -1.5135735E+000
          5.3474600E+000            -1.5135735E+000
          5.3489600E+000            -1.5135735E+000
          5.3504600E+000            -5.0881013E-001
          5.3519600E+000            -5.0881013E-001
          5.3534600E+000            -5.0881013E-001
          5.3549600E+000            -5.0881013E-001
          5.3564600E+000             8.3876238E-001
          5.3579600E+000             8.3876238E-001
          5.3594600E+000             8.3876238E-001
          5.3609600E+000             1.1989801E+000
          5.3624600E+000             1.1989801E+000
          5.3639600E+000             1.1989801E+000
          5.3654600E+000             2.6240268E-001
          5.3669600E+000             2.6240268E-001
          5.3684600E+000             2.6240268E-001
          5.3699600E+000             2.6240268E-001
          5.3714600E+000            -7.7475836E-001
          5.3729600E+000            -7.7475836E-001
          5.3744600E+000            -7.7475836E-001
          5.3759600E+000            -7.0846816E-001
          5.3774600E+000            -7.0846816E-001
          5.3789600E+000            -7.0846816E-001
          5.3804600E+000             2.4061940E-001
          5.3819600E+000             2.4061940E-001
          5.3834600E+000             2.4061940E-001
          5.3849600E+000             2.4061940E-001
          5.3864600E+000             6.9533490E-001
          5.3879600E+000             6.9533490E-001
          5.3894600E+000             6.9533490E-001
          5.3909600E+000            -2.0082648E-001
          5.3924600E+000            -2.0082648E-001
          5.3939600E+000            -2.0082648E-001
          5.3954600E+000            -1.6442568E+000
          5.3969600E+000            -1.6442568E+000
          5.3984600E+000            -1.6442568E+000
          5.3999600E+000            -1.6442568E+000
          5.4014600E+000            -2.0551747E+000
          5.4029600E+000            -2.0551747E+000
          5.4044600E+000            -2.0551747E+000
          5.4059600E+000            -8.8613500E-001
          5.4074600E+000            -8.8613500E-001
          5.4089600E+000            -8.8613500E-001
          5.4104600E+000             7.9003520E-001
          5.4119600E+000             7.9003520E-001
          5.4134600E+000             7.9003520E-001
          5.4149600E+000             7.9003520E-001
          5.4164600E+000             1.7616750E+000
          5.4179600E+000             1.7616750E+000
          5.4194600E+000             1.7616750E+000
          5.4209600E+000             1.9826688E+000
          5.4224600E+000             1.9826688E+000
          5.4239600E+000             1.9826688E+000
          5.4254600E+000             1.7980717E+000
          5.4269600E+000             1.7980717E+000
          5.4284600E+000             1.7980717E+000
          5.4299600E+000             1.7980717E+000
          5.4314600E+000             1.3046690E+000
          5.4329600E+000             1.3046690E+000
          5.4344600E+000             1.3046690E+000
          5.4359600E+000             8.9943040E-001
          5.4374600E+000             8.9943040E-001
          5.4389600E+000             8.9943040E-001
          5.4404600E+000             9.4686480E-001
          5.4419600E+000             9.4686480E-001
          5.4434600E+000             9.4686480E-001
          5.4449600E+000             9.4686480E-001
          5.4464600E+000             1.1307790E+000
          5.4479600E+000             1.1307790E+000
          5.4494600E+000             1.1307790E+000
          5.4509600E+000             1.1988776E+000
          5.4524600E+000             1.1988776E+000
          5.4539600E+000             1.1988776E+000
          5.4554600E+000             1.3587218E+000
          5.4569600E+000             1.3587218E+000
          5.4584600E+000             1.3587218E+000
          5.4599600E+000             1.3587218E+000
          5.4614600E+000             1.4550924E+000
          5.4629600E+000             1.4550924E+000
          5.4644600E+000             1.4550924E+000
          5.4659600E+000             1.0650926E+000
          5.4674600E+000             1.0650926E+000
          5.4689600E+000             1.0650926E+000
          5.4704600E+000             3.3767960E-001
          5.4719600E+000             3.3767960E-001
          5.4734600E+000             3.3767960E-001
          5.4749600E+000             3.3767960E-001
          5.4764600E+000            -2.2528220E-001
          5.4779600E+000            -2.2528220E-001
          5.4794600E+000            -2.2528220E-001
          5.4809600E+000            -4.0995580E-001
          5.4824600E+000            -4.0995580E-001
          5.4839600E+000            -4.0995580E-001
          5.4854600E+000            -3.1598360E-001
          5.4869600E+000            -3.1598360E-001
          5.4884600E+000            -3.1598360E-001
          5.4899600E+000            -3.1598360E-001
          5.4914600E+000            -1.2827740E-001
          5.4929600E+000            -1.2827740E-001
          5.4944600E+000            -1.2827740E-001
          5.4959600E+000             1.2575400E-002
          5.4974600E+000             1.2575400E-002
          5.4989600E+000             1.2575400E-002
          5.5004600E+000             5.3090800E-002
          5.5019600E+000             5.3090800E-002
          5.5034600E+000             5.3090800E-002
          5.5049600E+000             5.3090800E-002
          5.5064600E+000            -1.7041260E-001
          5.5079600E+000            -1.7041260E-001
          5.5094600E+000            -1.7041260E-001
          5.5109600E+000            -1.0519158E+000
          5.5124600E+000            -1.0519158E+000
          5.5139600E+000            -1.0519158E+000
          5.5154600E+000            -2.2885734E+000
          5.5169600E+000            -2.2885734E+000
          5.5184600E+000            -2.2885734E+000
          5.5199600E+000            -2.2885734E+000
          5.5214600E+000            -2.4861490E+000
          5.5229600E+000            -2.4861490E+000
          5.5244600E+000            -2.4861490E+000
          5.5259600E+000            -1.3028162E+000
          5.5274600E+000            -1.3028162E+000
          5.5289600E+000            -1.3028162E+000
          5.5304600E+000            -3.9488740E-001
          5.5319600E+000            -3.9488740E-001
          5.5334600E+000            -3.9488740E-001
          5.5349600E+000            -3.9488740E-001
          5.5364600E+000            -8.2809420E-001
          5.5379600E+000            -8.2809420E-001
          5.5394600E+000            -8.2809420E-001
          5.5409600E+000            -1.4962850E+000
          5.5424600E+000            -1.4962850E+000
          5.5439600E+000            -1.4962850E+000
          5.5454600E+000            -8.3214016E-001
          5.5469600E+000            -8.3214016E-001
          5.5484600E+000            -8.3214016E-001
          5.5499600E+000            -8.3214016E-001
          5.5514600E+000             8.3003520E-001
          5.5529600E+000             8.3003520E-001
          5.5544600E+000             8.3003520E-001
          5.5559600E+000             1.6397148E+000
          5.5574600E+000             1.6397148E+000
          5.5589600E+000             1.6397148E+000
          5.5604600E+000             1.1624288E+000
          5.5619600E+000             1.1624288E+000
          5.5634600E+000             1.1624288E+000
          5.5649600E+000             1.1624288E+000
          5.5664600E+000             8.0503960E-001
          5.5679600E+000             8.0503960E-001
          5.5694600E+000             8.0503960E-001
          5.5709600E+000             1.1698602E+000
          5.5724600E+000             1.1698602E+000
          5.5739600E+000             1.1698602E+000
          5.5754600E+000             1.1595340E+000
          5.5769600E+000             1.1595340E+000
          5.5784600E+000             1.1595340E+000
          5.5799600E+000             1.1595340E+000
          5.5814600E+000            -4.1841800E-002
          5.5829600E+000            -4.1841800E-002
          5.5844600E+000            -4.1841800E-002
          5.5859600E+000            -1.1324656E+000
          5.5874600E+000            -1.1324656E+000
          5.5889600E+000            -1.1324656E+000
          5.5904600E+000            -4.9429380E-001
          5.5919600E+000            -4.9429380E-001
          5.5934600E+000            -4.9429380E-001
          5.5949600E+000            -4.9429380E-001
          5.5964600E+000             7.1468000E-001
          5.5979600E+000             7.1468000E-001
          5.5994600E+000             7.1468000E-001
          5.6009600E+000             1.7259320E-001
          5.6024600E+000             1.7259320E-001
          5.6039600E+000             1.7259320E-001
          5.6054600E+000            -1.9599632E+000
          5.6069600E+000            -1.9599632E+000
          5.6084600E+000            -1.9599632E+000
          5.6099600E+000            -1.9599632E+000
          5.6114600E+000            -3.3263279E+000
          5.6129600E+000            -3.3263279E+000
          5.6144600E+000            -3.3263279E+000
          5.6159600E+000            -2.4197193E+000
          5.6174600E+000            -2.4197193E+000
          5.6189600E+000            -2.4197193E+000
          5.6204600E+000            -2.4491668E-001
          5.6219600E+000            -2.4491668E-001
          5.6234600E+000            -2.4491668E-001
          5.6249600E+000            -2.4491668E-001
          5.6264600E+000             1.2329436E+000
          5.6279600E+000             1.2329436E+000
          5.6294600E+000             1.2329436E+000
          5.6309600E+000             1.2057174E+000
          5.6324600E+000             1.2057174E+000
          5.6339600E+000             1.2057174E+000
          5.6354600E+000            -1.7721354E-001
          5.6369600E+000            -1.7721354E-001
          5.6384600E+000            -1.7721354E-001
          5.6399600E+000            -1.7721354E-001
          5.6414600E+000            -2.2744876E+000
          5.6429600E+000            -2.2744876E+000
          5.6444600E+000            -2.2744876E+000
          5.6459600E+000            -3.6203398E+000
          5.6474600E+000            -3.6203398E+000
          5.6489600E+000            -3.6203398E+000
          5.6504600E+000            -3.0865144E+000
          5.6519600E+000            -3.0865144E+000
          5.6534600E+000            -3.0865144E+000
          5.6549600E+000            -3.0865144E+000
          5.6564600E+000            -1.3045990E+000
          5.6579600E+000            -1.3045990E+000
          5.6594600E+000            -1.3045990E+000
          5.6609600E+000             2.8581500E-001
          5.6624600E+000             2.8581500E-001
          5.6639600E+000             2.8581500E-001
          5.6654600E+000             9.6428840E-001
          5.6669600E+000             9.6428840E-001
          5.6684600E+000             9.6428840E-001
          5.6699600E+000             9.6428840E-001
          5.6714600E+000             8.7062720E-001
          5.6729600E+000             8.7062720E-001
          5.6744600E+000             8.7062720E-001
          5.6759600E+000             5.9107440E-001
          5.6774600E+000             5.9107440E-001
          5.6789600E+000             5.9107440E-001
          5.6804600E+000             6.1856640E-001
          5.6819600E+000             6.1856640E-001
          5.6834600E+000             6.1856640E-001
          5.6849600E+000             6.1856640E-001
          5.6864600E+000             6.6710520E-001
          5.6879600E+000             6.6710520E-001
          5.6894600E+000             6.6710520E-001
          5.6909600E+000             8.5244200E-002
          5.6924600E+000             8.5244200E-002
          5.6939600E+000             8.5244200E-002
          5.6954600E+000            -8.4345240E-001
          5.6969600E+000            -8.4345240E-001
          5.6984600E+000            -8.4345240E-001
          5.6999600E+000            -8.4345240E-001
          5.7014600E+000            -1.1849016E+000
          5.7029600E+000            -1.1849016E+000
          5.7044600E+000            -1.1849016E+000
          5.7059600E+000            -6.9117920E-001
          5.7074600E+000            -6.9117920E-001
          5.7089600E+000            -6.9117920E-001
          5.7104600E+000             2.8294240E-001
          5.7119600E+000             2.8294240E-001
          5.7134600E+000             2.8294240E-001
          5.7149600E+000             2.8294240E-001
          5.7164600E+000             1.3567908E+000
          5.7179600E+000             1.3567908E+000
          5.7194600E+000             1.3567908E+000
          5.7209600E+000             1.9578708E+000
          5.7224600E+000             1.9578708E+000
          5.7239600E+000             1.9578708E+000
          5.7254600E+000             1.6296338E+000
          5.7269600E+000             1.6296338E+000
          5.7284600E+000             1.6296338E+000
          5.7299600E+000             1.6296338E+000
          5.7314600E+000             7.3666160E-001
          5.7329600E+000             7.3666160E-001
          5.7344600E+000             7.3666160E-001
          5.7359600E+000             1.9623866E-001
          5.7374600E+000             1.9623866E-001
          5.7389600E+000             1.9623866E-001
          5.7404600E+000             4.8014080E-001
          5.7419600E+000             4.8014080E-001
          5.7434600E+000             4.8014080E-001
          5.7449600E+000             4.8014080E-001
          5.7464600E+000             1.0696867E+000
          5.7479600E+000             1.0696867E+000
          5.7494600E+000             1.0696867E+000
          5.7509600E+000             1.0267723E+000
          5.7524600E+000             1.0267723E+000
          5.7539600E+000             1.0267723E+000
          5.7554600E+000             1.5104770E-001
          5.7569600E+000             1.5104770E-001
          5.7584600E+000             1.5104770E-001
          5.7599600E+000             1.5104770E-001
          5.7614600E+000            -5.0946476E-001
          5.7629600E+000            -5.0946476E-001
          5.7644600E+000            -5.0946476E-001
          5.7659600E+000             2.1274490E-001
          5.7674600E+000             2.1274490E-001
          5.7689600E+000             2.1274490E-001
          5.7704600E+000             1.7729381E+000
          5.7719600E+000             1.7729381E+000
          5.7734600E+000             1.7729381E+000
          5.7749600E+000             1.7729381E+000
          5.7764600E+000             2.5751864E+000
          5.7779600E+000             2.5751864E+000
          5.7794600E+000             2.5751864E+000
          5.7809600E+000             2.3095814E+000
          5.7824600E+000             2.3095814E+000
          5.7839600E+000             2.3095814E+000
          5.7854600E+000             1.7323382E+000
          5.7869600E+000             1.7323382E+000
          5.7884600E+000             1.7323382E+000
          5.7899600E+000             1.7323382E+000
          5.7914600E+000             1.0215656E+000
          5.7929600E+000             1.0215656E+000
          5.7944600E+000             1.0215656E+000
          5.7959600E+000            -1.0655720E-001
          5.7974600E+000            -1.0655720E-001
          5.7989600E+000            -1.0655720E-001
          5.8004600E+000            -1.5216886E+000
          5.8019600E+000            -1.5216886E+000
          5.8034600E+000            -1.5216886E+000
          5.8049600E+000            -1.5216886E+000
          5.8064600E+000            -2.6723262E+000
          5.8079600E+000            -2.6723262E+000
          5.8094600E+000            -2.6723262E+000
          5.8109600E+000            -3.1551256E+000
          5.8124600E+000            -3.1551256E+000
          5.8139600E+000            -3.1551256E+000
          5.8154600E+000            -2.9653573E+000
          5.8169600E+000            -2.9653573E+000
          5.8184600E+000            -2.9653573E+000
          5.8199600E+000            -2.9653573E+000
          5.8214600E+000            -2.2257187E+000
          5.8229600E+000            -2.2257187E+000
          5.8244600E+000            -2.2257187E+000
          5.8259600E+000            -1.1165846E+000
          5.8274600E+000            -1.1165846E+000
          5.8289600E+000            -1.1165846E+000
          5.8304600E+000            -1.0452880E-001
          5.8319600E+000            -1.0452880E-001
          5.8334600E+000            -1.0452880E-001
          5.8349600E+000            -1.0452880E-001
          5.8364600E+000             2.0174160E-001
          5.8379600E+000             2.0174160E-001
          5.8394600E+000             2.0174160E-001
          5.8409600E+000            -3.2389240E-001
          5.8424600E+000            -3.2389240E-001
          5.8439600E+000            -3.2389240E-001
          5.8454600E+000            -8.5987540E-001
          5.8469600E+000            -8.5987540E-001
          5.8484600E+000            -8.5987540E-001
          5.8499600E+000            -8.5987540E-001
          5.8514600E+000            -2.7064920E-001
          5.8529600E+000            -2.7064920E-001
          5.8544600E+000            -2.7064920E-001
          5.8559600E+000             1.5869258E+000
          5.8574600E+000             1.5869258E+000
          5.8589600E+000             1.5869258E+000
          5.8604600E+000             3.4885083E+000
          5.8619600E+000             3.4885083E+000
          5.8634600E+000             3.4885083E+000
          5.8649600E+000             3.4885083E+000
          5.8664600E+000             3.9594357E+000
          5.8679600E+000             3.9594357E+000
          5.8694600E+000             3.9594357E+000
          5.8709600E+000             2.9228214E+000
          5.8724600E+000             2.9228214E+000
          5.8739600E+000             2.9228214E+000
          5.8754600E+000             1.6272790E+000
          5.8769600E+000             1.6272790E+000
          5.8784600E+000             1.6272790E+000
          5.8799600E+000             1.6272790E+000
          5.8814600E+000             8.1582860E-001
          5.8829600E+000             8.1582860E-001
          5.8844600E+000             8.1582860E-001
          5.8859600E+000             2.7453940E-001
          5.8874600E+000             2.7453940E-001
          5.8889600E+000             2.7453940E-001
          5.8904600E+000            -5.4408800E-002
          5.8919600E+000            -5.4408800E-002
          5.8934600E+000            -5.4408800E-002
          5.8949600E+000            -5.4408800E-002
          5.8964600E+000             1.7596940E-001
          5.8979600E+000             1.7596940E-001
          5.8994600E+000             1.7596940E-001
          5.9009600E+000             8.6913800E-001
          5.9024600E+000             8.6913800E-001
          5.9039600E+000             8.6913800E-001
          5.9054600E+000             1.0708870E+000
          5.9069600E+000             1.0708870E+000
          5.9084600E+000             1.0708870E+000
          5.9099600E+000             1.0708870E+000
          5.9114600E+000             1.8342000E-001
          5.9129600E+000             1.8342000E-001
          5.9144600E+000             1.8342000E-001
          5.9159600E+000            -8.8496260E-001
          5.9174600E+000            -8.8496260E-001
          5.9189600E+000            -8.8496260E-001
          5.9204600E+000            -8.5856740E-001
          5.9219600E+000            -8.5856740E-001
          5.9234600E+000            -8.5856740E-001
          5.9249600E+000            -8.5856740E-001
          5.9264600E+000             1.6235060E-001
          5.9279600E+000             1.6235060E-001
          5.9294600E+000             1.6235060E-001
          5.9309600E+000             7.5333540E-001
          5.9324600E+000             7.5333540E-001
          5.9339600E+000             7.5333540E-001
          5.9354600E+000            -8.8224800E-002
          5.9369600E+000            -8.8224800E-002
          5.9384600E+000            -8.8224800E-002
          5.9399600E+000            -8.8224800E-002
          5.9414600E+000            -1.6891004E+000
          5.9429600E+000            -1.6891004E+000
          5.9444600E+000            -1.6891004E+000
          5.9459600E+000            -2.6137608E+000
          5.9474600E+000            -2.6137608E+000
          5.9489600E+000            -2.6137608E+000
          5.9504600E+000            -2.2313046E+000
          5.9519600E+000            -2.2313046E+000
          5.9534600E+000            -2.2313046E+000
          5.9549600E+000            -2.2313046E+000
          5.9564600E+000            -1.0435882E+000
          5.9579600E+000            -1.0435882E+000
          5.9594600E+000            -1.0435882E+000
          5.9609600E+000             5.4890200E-002
          5.9624600E+000             5.4890200E-002
          5.9639600E+000             5.4890200E-002
          5.9654600E+000             5.5852100E-001
          5.9669600E+000             5.5852100E-001
          5.9684600E+000             5.5852100E-001
          5.9699600E+000             5.5852100E-001
          5.9714600E+000             4.9988800E-001
          5.9729600E+000             4.9988800E-001
          5.9744600E+000             4.9988800E-001
          5.9759600E+000             1.6911880E-001
          5.9774600E+000             1.6911880E-001
          5.9789600E+000             1.6911880E-001
          5.9804600E+000            -1.5054060E-001
          5.9819600E+000            -1.5054060E-001
          5.9834600E+000            -1.5054060E-001
          5.9849600E+000            -1.5054060E-001
          5.9864600E+000            -3.0784340E-001
          5.9879600E+000            -3.0784340E-001
          5.9894600E+000            -3.0784340E-001
          5.9909600E+000            -2.9205740E-001
          5.9924600E+000            -2.9205740E-001
          5.9939600E+000            -2.9205740E-001
          5.9954600E+000            -1.7638600E-001
          5.9969600E+000            -1.7638600E-001
          5.9984600E+000            -1.7638600E-001
          5.9999600E+000            -1.7638600E-001
          6.0014600E+000            -4.9463200E-002
          6.0029600E+000            -4.9463200E-002
          6.0044600E+000            -4.9463200E-002
          6.0059600E+000             1.1761120E-001
          6.0074600E+000             1.1761120E-001
          6.0089600E+000             1.1761120E-001
          6.0104600E+000             6.6474300E-001
          6.0119600E+000             6.6474300E-001
          6.0134600E+000             6.6474300E-001
          6.0149600E+000             6.6474300E-001
          6.0164600E+000             1.9196126E+000
          6.0179600E+000             1.9196126E+000
          6.0194600E+000             1.9196126E+000
          6.0209600E+000             3.3822016E+000
          6.0224600E+000             3.3822016E+000
          6.0239600E+000             3.3822016E+000
          6.0254600E+000             3.9133420E+000
          6.0269600E+000             3.9133420E+000
          6.0284600E+000             3.9133420E+000
          6.0299600E+000             3.9133420E+000
          6.0314600E+000             2.9394700E+000
          6.0329600E+000             2.9394700E+000
          6.0344600E+000             2.9394700E+000
          6.0359600E+000             8.8621860E-001
          6.0374600E+000             8.8621860E-001
          6.0389600E+000             8.8621860E-001
          6.0404600E+000            -1.2718576E+000
          6.0419600E+000            -1.2718576E+000
          6.0434600E+000            -1.2718576E+000
          6.0449600E+000            -1.2718576E+000
          6.0464600E+000            -2.4694096E+000
          6.0479600E+000            -2.4694096E+000
          6.0494600E+000            -2.4694096E+000
          6.0509600E+000            -2.0754628E+000
          6.0524600E+000            -2.0754628E+000
          6.0539600E+000            -2.0754628E+000
          6.0554600E+000            -3.8214640E-001
          6.0569600E+000            -3.8214640E-001
          6.0584600E+000            -3.8214640E-001
          6.0599600E+000            -3.8214640E-001
          6.0614600E+000             1.4578776E+000
          6.0629600E+000             1.4578776E+000
          6.0644600E+000             1.4578776E+000
          6.0659600E+000             2.3055654E+000
          6.0674600E+000             2.3055654E+000
          6.0689600E+000             2.3055654E+000
          6.0704600E+000             2.1169092E+000
          6.0719600E+000             2.1169092E+000
          6.0734600E+000             2.1169092E+000
          6.0749600E+000             2.1169092E+000
          6.0764600E+000             1.6326678E+000
          6.0779600E+000             1.6326678E+000
          6.0794600E+000             1.6326678E+000
          6.0809600E+000             1.1709164E+000
          6.0824600E+000             1.1709164E+000
          6.0839600E+000             1.1709164E+000
          6.0854600E+000             7.7060100E-001
          6.0869600E+000             7.7060100E-001
          6.0884600E+000             7.7060100E-001
          6.0899600E+000             7.7060100E-001
          6.0914600E+000             6.4587800E-001
          6.0929600E+000             6.4587800E-001
          6.0944600E+000             6.4587800E-001
          6.0959600E+000             4.4778000E-001
          6.0974600E+000             4.4778000E-001
          6.0989600E+000             4.4778000E-001
          6.1004600E+000            -6.3328000E-001
          6.1019600E+000            -6.3328000E-001
          6.1034600E+000            -6.3328000E-001
          6.1049600E+000            -6.3328000E-001
          6.1064600E+000            -2.4399716E+000
          6.1079600E+000            -2.4399716E+000
          6.1094600E+000            -2.4399716E+000
          6.1109600E+000            -3.4101818E+000
          6.1124600E+000            -3.4101818E+000
          6.1139600E+000            -3.4101818E+000
          6.1154600E+000            -2.2789994E+000
          6.1169600E+000            -2.2789994E+000
          6.1184600E+000            -2.2789994E+000
          6.1199600E+000            -2.2789994E+000
          6.1214600E+000            -1.9591400E-001
          6.1229600E+000            -1.9591400E-001
          6.1244600E+000            -1.9591400E-001
          6.1259600E+000             2.7744760E-001
          6.1274600E+000             2.7744760E-001
          6.1289600E+000             2.7744760E-001
          6.1304600E+000            -1.6178460E+000
          6.1319600E+000            -1.6178460E+000
          6.1334600E+000            -1.6178460E+000
          6.1349600E+000            -1.6178460E+000
          6.1364600E+000            -4.0181398E+000
          6.1379600E+000            -4.0181398E+000
          6.1394600E+000            -4.0181398E+000
          6.1409600E+000            -4.6311470E+000
          6.1424600E+000            -4.6311470E+000
          6.1439600E+000            -4.6311470E+000
          6.1454600E+000            -3.0708068E+000
          6.1469600E+000            -3.0708068E+000
          6.1484600E+000            -3.0708068E+000
          6.1499600E+000            -3.0708068E+000
          6.1514600E+000            -8.1495210E-001
          6.1529600E+000            -8.1495210E-001
          6.1544600E+000            -8.1495210E-001
          6.1559600E+000             6.8308830E-001
          6.1574600E+000             6.8308830E-001
          6.1589600E+000             6.8308830E-001
          6.1604600E+000             1.0473152E+000
          6.1619600E+000             1.0473152E+000
          6.1634600E+000             1.0473152E+000
          6.1649600E+000             1.0473152E+000
          6.1664600E+000             6.5084100E-001
          6.1679600E+000             6.5084100E-001
          6.1694600E+000             6.5084100E-001
          6.1709600E+000             4.3652740E-002
          6.1724600E+000             4.3652740E-002
          6.1739600E+000             4.3652740E-002
          6.1754600E+000            -3.8138386E-001
          6.1769600E+000            -3.8138386E-001
          6.1784600E+000            -3.8138386E-001
          6.1799600E+000            -3.8138386E-001
          6.1814600E+000            -4.9125174E-001
          6.1829600E+000            -4.9125174E-001
          6.1844600E+000            -4.9125174E-001
          6.1859600E+000            -3.5599236E-001
          6.1874600E+000            -3.5599236E-001
          6.1889600E+000            -3.5599236E-001
          6.1904600E+000            -3.7625736E-002
          6.1919600E+000            -3.7625736E-002
          6.1934600E+000            -3.7625736E-002
          6.1949600E+000            -3.7625736E-002
          6.1964600E+000             5.6822891E-001
          6.1979600E+000             5.6822891E-001
          6.1994600E+000             5.6822891E-001
          6.2009600E+000             1.3555792E+000
          6.2024600E+000             1.3555792E+000
          6.2039600E+000             1.3555792E+000
          6.2054600E+000             1.7148504E+000
          6.2069600E+000             1.7148504E+000
          6.2084600E+000             1.7148504E+000
          6.2099600E+000             1.7148504E+000
          6.2114600E+000             1.2537864E+000
          6.2129600E+000             1.2537864E+000
          6.2144600E+000             1.2537864E+000
          6.2159600E+000             3.7755260E-001
          6.2174600E+000             3.7755260E-001
          6.2189600E+000             3.7755260E-001
          6.2204600E+000            -2.8257780E-001
          6.2219600E+000            -2.8257780E-001
          6.2234600E+000            -2.8257780E-001
          6.2249600E+000            -2.8257780E-001
          6.2264600E+000            -4.8862840E-001
          6.2279600E+000            -4.8862840E-001
          6.2294600E+000            -4.8862840E-001
          6.2309600E+000            -4.1690200E-001
          6.2324600E+000            -4.1690200E-001
          6.2339600E+000            -4.1690200E-001
          6.2354600E+000            -4.9924280E-001
          6.2369600E+000            -4.9924280E-001
          6.2384600E+000            -4.9924280E-001
          6.2399600E+000            -4.9924280E-001
          6.2414600E+000            -9.7333520E-001
          6.2429600E+000            -9.7333520E-001
          6.2444600E+000            -9.7333520E-001
          6.2459600E+000            -1.4031294E+000
          6.2474600E+000            -1.4031294E+000
          6.2489600E+000            -1.4031294E+000
          6.2504600E+000            -1.2079339E+000
          6.2519600E+000            -1.2079339E+000
          6.2534600E+000            -1.2079339E+000
          6.2549600E+000            -1.2079339E+000
          6.2564600E+000            -5.2049355E-001
          6.2579600E+000            -5.2049355E-001
          6.2594600E+000            -5.2049355E-001
          6.2609600E+000             9.2386000E-002
          6.2624600E+000             9.2386000E-002
          6.2639600E+000             9.2386000E-002
          6.2654600E+000             2.3893656E-001
          6.2669600E+000             2.3893656E-001
          6.2684600E+000             2.3893656E-001
          6.2699600E+000             2.3893656E-001
          6.2714600E+000            -2.6624468E-001
          6.2729600E+000            -2.6624468E-001
          6.2744600E+000            -2.6624468E-001
          6.2759600E+000            -1.1741445E+000
          6.2774600E+000            -1.1741445E+000
          6.2789600E+000            -1.1741445E+000
          6.2804600E+000            -1.6232032E+000
          6.2819600E+000            -1.6232032E+000
          6.2834600E+000            -1.6232032E+000
          6.2849600E+000            -1.6232032E+000
          6.2864600E+000            -9.1394120E-001
          6.2879600E+000            -9.1394120E-001
          6.2894600E+000            -9.1394120E-001
          6.2909600E+000             6.0957680E-001
          6.2924600E+000             6.0957680E-001
          6.2939600E+000             6.0957680E-001
          6.2954600E+000             1.7729437E+000
          6.2969600E+000             1.7729437E+000
          6.2984600E+000             1.7729437E+000
          6.2999600E+000             1.7729437E+000
          6.3014600E+000             1.7577631E+000
          6.3029600E+000             1.7577631E+000
          6.3044600E+000             1.7577631E+000
          6.3059600E+000             8.7522032E-001
          6.3074600E+000             8.7522032E-001
          6.3089600E+000             8.7522032E-001
          6.3104600E+000            -3.6681840E-002
          6.3119600E+000            -3.6681840E-002
          6.3134600E+000            -3.6681840E-002
          6.3149600E+000            -3.6681840E-002
          6.3164600E+000            -4.9671856E-001
          6.3179600E+000            -4.9671856E-001
          6.3194600E+000            -4.9671856E-001
          6.3209600E+000            -4.5878530E-001
          6.3224600E+000            -4.5878530E-001
          6.3239600E+000            -4.5878530E-001
          6.3254600E+000             3.1779894E-002
          6.3269600E+000             3.1779894E-002
          6.3284600E+000             3.1779894E-002
          6.3299600E+000             3.1779894E-002
          6.3314600E+000             8.1256837E-001
          6.3329600E+000             8.1256837E-001
          6.3344600E+000             8.1256837E-001
          6.3359600E+000             1.2018557E+000
          6.3374600E+000             1.2018557E+000
          6.3389600E+000             1.2018557E+000
          6.3404600E+000             6.5126468E-001
          6.3419600E+000             6.5126468E-001
          6.3434600E+000             6.5126468E-001
          6.3449600E+000             6.5126468E-001
          6.3464600E+000            -2.8865800E-002
          6.3479600E+000            -2.8865800E-002
          6.3494600E+000            -2.8865800E-002
          6.3509600E+000             3.5911660E-001
          6.3524600E+000             3.5911660E-001
          6.3539600E+000             3.5911660E-001
          6.3554600E+000             1.6207574E+000
          6.3569600E+000             1.6207574E+000
          6.3584600E+000             1.6207574E+000
          6.3599600E+000             1.6207574E+000
          6.3614600E+000             2.7292266E+000
          6.3629600E+000             2.7292266E+000
          6.3644600E+000             2.7292266E+000
          6.3659600E+000             3.1886072E+000
          6.3674600E+000             3.1886072E+000
          6.3689600E+000             3.1886072E+000
          6.3704600E+000             3.1353860E+000
          6.3719600E+000             3.1353860E+000
          6.3734600E+000             3.1353860E+000
          6.3749600E+000             3.1353860E+000
          6.3764600E+000             2.8497190E+000
          6.3779600E+000             2.8497190E+000
          6.3794600E+000             2.8497190E+000
          6.3809600E+000             2.4325902E+000
          6.3824600E+000             2.4325902E+000
          6.3839600E+000             2.4325902E+000
          6.3854600E+000             1.7862978E+000
          6.3869600E+000             1.7862978E+000
          6.3884600E+000             1.7862978E+000
          6.3899600E+000             1.7862978E+000
          6.3914600E+000             8.9967600E-001
          6.3929600E+000             8.9967600E-001
          6.3944600E+000             8.9967600E-001
          6.3959600E+000            -2.1134000E-002
          6.3974600E+000            -2.1134000E-002
          6.3989600E+000            -2.1134000E-002
          6.4004600E+000            -9.8973000E-001
          6.4019600E+000            -9.8973000E-001
          6.4034600E+000            -9.8973000E-001
          6.4049600E+000            -9.8973000E-001
          6.4064600E+000            -2.2998988E+000
          6.4079600E+000            -2.2998988E+000
          6.4094600E+000            -2.2998988E+000
          6.4109600E+000            -3.6449728E+000
          6.4124600E+000            -3.6449728E+000
          6.4139600E+000            -3.6449728E+000
          6.4154600E+000            -4.1357572E+000
          6.4169600E+000            -4.1357572E+000
          6.4184600E+000            -4.1357572E+000
          6.4199600E+000            -4.1357572E+000
          6.4214600E+000            -3.5538980E+000
          6.4229600E+000            -3.5538980E+000
          6.4244600E+000            -3.5538980E+000
          6.4259600E+000            -2.4667056E+000
          6.4274600E+000            -2.4667056E+000
          6.4289600E+000            -2.4667056E+000
          6.4304600E+000            -1.4464274E+000
          6.4319600E+000            -1.4464274E+000
          6.4334600E+000            -1.4464274E+000
          6.4349600E+000            -1.4464274E+000
          6.4364600E+000            -1.1523984E+000
          6.4379600E+000            -1.1523984E+000
          6.4394600E+000            -1.1523984E+000
          6.4409600E+000            -2.2489898E+000
          6.4424600E+000            -2.2489898E+000
          6.4439600E+000            -2.2489898E+000
          6.4454600E+000            -4.4453098E+000
          6.4469600E+000            -4.4453098E+000
          6.4484600E+000            -4.4453098E+000
          6.4499600E+000            -4.4453098E+000
          6.4514600E+000            -6.0422868E+000
          6.4529600E+000            -6.0422868E+000
          6.4544600E+000            -6.0422868E+000
          6.4559600E+000            -5.2937264E+000
          6.4574600E+000            -5.2937264E+000
          6.4589600E+000            -5.2937264E+000
          6.4604600E+000            -2.8490416E+000
          6.4619600E+000            -2.8490416E+000
          6.4634600E+000            -2.8490416E+000
          6.4649600E+000            -2.8490416E+000
          6.4664600E+000            -1.0831314E+000
          6.4679600E+000            -1.0831314E+000
          6.4694600E+000            -1.0831314E+000
          6.4709600E+000            -5.0207400E-001
          6.4724600E+000            -5.0207400E-001
          6.4739600E+000            -5.0207400E-001
          6.4754600E+000            -7.0780000E-003
          6.4769600E+000            -7.0780000E-003
          6.4784600E+000            -7.0780000E-003
          6.4799600E+000            -7.0780000E-003
          6.4814600E+000             3.1244600E-001
          6.4829600E+000             3.1244600E-001
          6.4844600E+000             3.1244600E-001
          6.4859600E+000             1.1550000E-001
          6.4874600E+000             1.1550000E-001
          6.4889600E+000             1.1550000E-001
          6.4904600E+000             5.0504000E-002
          6.4919600E+000             5.0504000E-002
          6.4934600E+000             5.0504000E-002
          6.4949600E+000             5.0504000E-002
          6.4964600E+000             1.4503600E-001
          6.4979600E+000             1.4503600E-001
          6.4994600E+000             1.4503600E-001
          6.5009600E+000            -1.0308600E-001
          6.5024600E+000            -1.0308600E-001
          6.5039600E+000            -1.0308600E-001
          6.5054600E+000            -1.1046800E-001
          6.5069600E+000            -1.1046800E-001
          6.5084600E+000            -1.1046800E-001
          6.5099600E+000            -1.1046800E-001
          6.5114600E+000             8.5164220E-001
          6.5129600E+000             8.5164220E-001
          6.5144600E+000             8.5164220E-001
          6.5159600E+000             2.1695542E+000
          6.5174600E+000             2.1695542E+000
          6.5189600E+000             2.1695542E+000
          6.5204600E+000             2.6863384E+000
          6.5219600E+000             2.6863384E+000
          6.5234600E+000             2.6863384E+000
          6.5249600E+000             2.6863384E+000
          6.5264600E+000             2.1832100E+000
          6.5279600E+000             2.1832100E+000
          6.5294600E+000             2.1832100E+000
          6.5309600E+000             1.4226526E+000
          6.5324600E+000             1.4226526E+000
          6.5339600E+000             1.4226526E+000
          6.5354600E+000             7.8810300E-001
          6.5369600E+000             7.8810300E-001
          6.5384600E+000             7.8810300E-001
          6.5399600E+000             7.8810300E-001
          6.5414600E+000             2.0414000E-002
          6.5429600E+000             2.0414000E-002
          6.5444600E+000             2.0414000E-002
          6.5459600E+000            -4.3661580E-001
          6.5474600E+000            -4.3661580E-001
          6.5489600E+000            -4.3661580E-001
          6.5504600E+000             2.6079320E-001
          6.5519600E+000             2.6079320E-001
          6.5534600E+000             2.6079320E-001
          6.5549600E+000             2.6079320E-001
          6.5564600E+000             1.7312864E+000
          6.5579600E+000             1.7312864E+000
          6.5594600E+000             1.7312864E+000
          6.5609600E+000             2.6756246E+000
          6.5624600E+000             2.6756246E+000
          6.5639600E+000             2.6756246E+000
          6.5654600E+000             2.2929786E+000
          6.5669600E+000             2.2929786E+000
          6.5684600E+000             2.2929786E+000
          6.5699600E+000             2.2929786E+000
          6.5714600E+000             7.1952920E-001
          6.5729600E+000             7.1952920E-001
          6.5744600E+000             7.1952920E-001
          6.5759600E+000            -1.1440536E+000
          6.5774600E+000            -1.1440536E+000
          6.5789600E+000            -1.1440536E+000
          6.5804600E+000            -2.1742672E+000
          6.5819600E+000            -2.1742672E+000
          6.5834600E+000            -2.1742672E+000
          6.5849600E+000            -2.1742672E+000
          6.5864600E+000            -2.0971424E+000
          6.5879600E+000            -2.0971424E+000
          6.5894600E+000            -2.0971424E+000
          6.5909600E+000            -1.6166836E+000
          6.5924600E+000            -1.6166836E+000
          6.5939600E+000            -1.6166836E+000
          6.5954600E+000            -1.1975954E+000
          6.5969600E+000            -1.1975954E+000
          6.5984600E+000            -1.1975954E+000
          6.5999600E+000            -1.1975954E+000
          6.6014600E+000            -8.1813100E-001
          6.6029600E+000            -8.1813100E-001
          6.6044600E+000            -8.1813100E-001
          6.6059600E+000            -7.0949740E-001
          6.6074600E+000            -7.0949740E-001
          6.6089600E+000            -7.0949740E-001
          6.6104600E+000            -9.7792080E-001
          6.6119600E+000            -9.7792080E-001
          6.6134600E+000            -9.7792080E-001
          6.6149600E+000            -9.7792080E-001
          6.6164600E+000            -1.1981576E+000
          6.6179600E+000            -1.1981576E+000
          6.6194600E+000            -1.1981576E+000
          6.6209600E+000            -1.2241226E+000
          6.6224600E+000            -1.2241226E+000
          6.6239600E+000            -1.2241226E+000
          6.6254600E+000            -1.1783496E+000
          6.6269600E+000            -1.1783496E+000
          6.6284600E+000            -1.1783496E+000
          6.6299600E+000            -1.1783496E+000
          6.6314600E+000            -7.2010960E-001
          6.6329600E+000            -7.2010960E-001
          6.6344600E+000            -7.2010960E-001
          6.6359600E+000             1.1476780E-001
          6.6374600E+000             1.1476780E-001
          6.6389600E+000             1.1476780E-001
          6.6404600E+000             3.0328160E-001
          6.6419600E+000             3.0328160E-001
          6.6434600E+000             3.0328160E-001
          6.6449600E+000             3.0328160E-001
          6.6464600E+000            -6.5274320E-001
          6.6479600E+000            -6.5274320E-001
          6.6494600E+000            -6.5274320E-001
          6.6509600E+000            -1.8452580E+000
          6.6524600E+000            -1.8452580E+000
          6.6539600E+000            -1.8452580E+000
          6.6554600E+000            -2.1140320E+000
          6.6569600E+000            -2.1140320E+000
          6.6584600E+000            -2.1140320E+000
          6.6599600E+000            -2.1140320E+000
          6.6614600E+000            -1.2946580E+000
          6.6629600E+000            -1.2946580E+000
          6.6644600E+000            -1.2946580E+000
          6.6659600E+000            -1.7808000E-001
          6.6674600E+000            -1.7808000E-001
          6.6689600E+000            -1.7808000E-001
          6.6704600E+000             5.2535200E-001
          6.6719600E+000             5.2535200E-001
          6.6734600E+000             5.2535200E-001
          6.6749600E+000             5.2535200E-001
          6.6764600E+000             9.6452200E-001
          6.6779600E+000             9.6452200E-001
          6.6794600E+000             9.6452200E-001
          6.6809600E+000             1.8251740E+000
          6.6824600E+000             1.8251740E+000
          6.6839600E+000             1.8251740E+000
          6.6854600E+000             3.1745584E+000
          6.6869600E+000             3.1745584E+000
          6.6884600E+000             3.1745584E+000
          6.6899600E+000             3.1745584E+000
          6.6914600E+000             4.0258780E+000
          6.6929600E+000             4.0258780E+000
          6.6944600E+000             4.0258780E+000
          6.6959600E+000             3.5323396E+000
          6.6974600E+000             3.5323396E+000
          6.6989600E+000             3.5323396E+000
          6.7004600E+000             2.2222184E+000
          6.7019600E+000             2.2222184E+000
          6.7034600E+000             2.2222184E+000
          6.7049600E+000             2.2222184E+000
          6.7064600E+000             1.5899894E+000
          6.7079600E+000             1.5899894E+000
          6.7094600E+000             1.5899894E+000
          6.7109600E+000             2.3017954E+000
          6.7124600E+000             2.3017954E+000
          6.7139600E+000             2.3017954E+000
          6.7154600E+000             3.4779310E+000
          6.7169600E+000             3.4779310E+000
          6.7184600E+000             3.4779310E+000
          6.7199600E+000             3.4779310E+000
          6.7214600E+000             4.2460426E+000
          6.7229600E+000             4.2460426E+000
          6.7244600E+000             4.2460426E+000
          6.7259600E+000             4.5958692E+000
          6.7274600E+000             4.5958692E+000
          6.7289600E+000             4.5958692E+000
          6.7304600E+000             4.4853398E+000
          6.7319600E+000             4.4853398E+000
          6.7334600E+000             4.4853398E+000
          6.7349600E+000             4.4853398E+000
          6.7364600E+000             3.7691552E+000
          6.7379600E+000             3.7691552E+000
          6.7394600E+000             3.7691552E+000
          6.7409600E+000             2.8240664E+000
          6.7424600E+000             2.8240664E+000
          6.7439600E+000             2.8240664E+000
          6.7454600E+000             2.1903786E+000
          6.7469600E+000             2.1903786E+000
          6.7484600E+000             2.1903786E+000
          6.7499600E+000             2.1903786E+000
          6.7514600E+000             1.8010780E+000
          6.7529600E+000             1.8010780E+000
          6.7544600E+000             1.8010780E+000
          6.7559600E+000             9.6299200E-001
          6.7574600E+000             9.6299200E-001
          6.7589600E+000             9.6299200E-001
          6.7604600E+000            -6.5138000E-001
          6.7619600E+000            -6.5138000E-001
          6.7634600E+000            -6.5138000E-001
          6.7649600E+000            -6.5138000E-001
          6.7664600E+000            -2.2001240E+000
          6.7679600E+000            -2.2001240E+000
          6.7694600E+000            -2.2001240E+000
          6.7709600E+000            -2.3875936E+000
          6.7724600E+000            -2.3875936E+000
          6.7739600E+000            -2.3875936E+000
          6.7754600E+000            -1.0656508E+000
          6.7769600E+000            -1.0656508E+000
          6.7784600E+000            -1.0656508E+000
          6.7799600E+000            -1.0656508E+000
          6.7814600E+000             2.3288980E-001
          6.7829600E+000             2.3288980E-001
          6.7844600E+000             2.3288980E-001
          6.7859600E+000             2.9498000E-002
          6.7874600E+000             2.9498000E-002
          6.7889600E+000             2.9498000E-002
          6.7904600E+000            -1.3081218E+000
          6.7919600E+000            -1.3081218E+000
          6.7934600E+000            -1.3081218E+000
          6.7949600E+000            -1.3081218E+000
          6.7964600E+000            -2.3172242E+000
          6.7979600E+000            -2.3172242E+000
          6.7994600E+000            -2.3172242E+000
          6.8009600E+000            -2.1759130E+000
          6.8024600E+000            -2.1759130E+000
          6.8039600E+000            -2.1759130E+000
          6.8054600E+000            -1.2012426E+000
          6.8069600E+000            -1.2012426E+000
          6.8084600E+000            -1.2012426E+000
          6.8099600E+000            -1.2012426E+000
          6.8114600E+000            -1.9437080E-001
          6.8129600E+000            -1.9437080E-001
          6.8144600E+000            -1.9437080E-001
          6.8159600E+000             1.9960460E-001
          6.8174600E+000             1.9960460E-001
          6.8189600E+000             1.9960460E-001
          6.8204600E+000            -4.8189180E-001
          6.8219600E+000            -4.8189180E-001
          6.8234600E+000            -4.8189180E-001
          6.8249600E+000            -4.8189180E-001
          6.8264600E+000            -2.0922692E+000
          6.8279600E+000            -2.0922692E+000
          6.8294600E+000            -2.0922692E+000
          6.8309600E+000            -3.3380288E+000
          6.8324600E+000            -3.3380288E+000
          6.8339600E+000            -3.3380288E+000
          6.8354600E+000            -3.1507216E+000
          6.8369600E+000            -3.1507216E+000
          6.8384600E+000            -3.1507216E+000
          6.8399600E+000            -3.1507216E+000
          6.8414600E+000            -2.1298108E+000
          6.8429600E+000            -2.1298108E+000
          6.8444600E+000            -2.1298108E+000
          6.8459600E+000            -1.2782562E+000
          6.8474600E+000            -1.2782562E+000
          6.8489600E+000            -1.2782562E+000
          6.8504600E+000            -6.7537996E-001
          6.8519600E+000            -6.7537996E-001
          6.8534600E+000            -6.7537996E-001
          6.8549600E+000            -6.7537996E-001
          6.8564600E+000            -1.5253606E-001
          6.8579600E+000            -1.5253606E-001
          6.8594600E+000            -1.5253606E-001
          6.8609600E+000             1.6130880E-001
          6.8624600E+000             1.6130880E-001
          6.8639600E+000             1.6130880E-001
          6.8654600E+000             2.4897870E-001
          6.8669600E+000             2.4897870E-001
          6.8684600E+000             2.4897870E-001
          6.8699600E+000             2.4897870E-001
          6.8714600E+000             4.4753576E-001
          6.8729600E+000             4.4753576E-001
          6.8744600E+000             4.4753576E-001
          6.8759600E+000             9.7684446E-001
          6.8774600E+000             9.7684446E-001
          6.8789600E+000             9.7684446E-001
          6.8804600E+000             1.4022308E+000
          6.8819600E+000             1.4022308E+000
          6.8834600E+000             1.4022308E+000
          6.8849600E+000             1.4022308E+000
          6.8864600E+000             1.1719391E+000
          6.8879600E+000             1.1719391E+000
          6.8894600E+000             1.1719391E+000
          6.8909600E+000             4.6273740E-001
          6.8924600E+000             4.6273740E-001
          6.8939600E+000             4.6273740E-001
          6.8954600E+000            -1.4305400E-001
          6.8969600E+000            -1.4305400E-001
          6.8984600E+000            -1.4305400E-001
          6.8999600E+000            -1.4305400E-001
          6.9014600E+000            -3.6596560E-001
          6.9029600E+000            -3.6596560E-001
          6.9044600E+000            -3.6596560E-001
          6.9059600E+000            -2.7947880E-001
          6.9074600E+000            -2.7947880E-001
          6.9089600E+000            -2.7947880E-001
          6.9104600E+000            -7.2785800E-002
          6.9119600E+000            -7.2785800E-002
          6.9134600E+000            -7.2785800E-002
          6.9149600E+000            -7.2785800E-002
          6.9164600E+000             2.7439200E-002
          6.9179600E+000             2.7439200E-002
          6.9194600E+000             2.7439200E-002
          6.9209600E+000            -2.6326720E-001
          6.9224600E+000            -2.6326720E-001
          6.9239600E+000            -2.6326720E-001
          6.9254600E+000            -8.6802972E-001
          6.9269600E+000            -8.6802972E-001
          6.9284600E+000            -8.6802972E-001
          6.9299600E+000            -8.6802972E-001
          6.9314600E+000            -9.6186406E-001
          6.9329600E+000            -9.6186406E-001
          6.9344600E+000            -9.6186406E-001
          6.9359600E+000            -5.0742880E-002
          6.9374600E+000            -5.0742880E-002
          6.9389600E+000            -5.0742880E-002
          6.9404600E+000             1.0140398E+000
          6.9419600E+000             1.0140398E+000
          6.9434600E+000             1.0140398E+000
          6.9449600E+000             1.0140398E+000
          6.9464600E+000             1.2296064E+000
          6.9479600E+000             1.2296064E+000
          6.9494600E+000             1.2296064E+000
          6.9509600E+000             5.8040760E-001
          6.9524600E+000             5.8040760E-001
          6.9539600E+000             5.8040760E-001
          6.9554600E+000            -5.2718920E-001
          6.9569600E+000            -5.2718920E-001
          6.9584600E+000            -5.2718920E-001
          6.9599600E+000            -5.2718920E-001
          6.9614600E+000            -1.5951944E+000
          6.9629600E+000            -1.5951944E+000
          6.9644600E+000            -1.5951944E+000
          6.9659600E+000            -1.9370074E+000
          6.9674600E+000            -1.9370074E+000
          6.9689600E+000            -1.9370074E+000
          6.9704600E+000            -1.3336534E+000
          6.9719600E+000            -1.3336534E+000
          6.9734600E+000            -1.3336534E+000
          6.9749600E+000            -1.3336534E+000
          6.9764600E+000            -4.6992740E-001
          6.9779600E+000            -4.6992740E-001
          6.9794600E+000            -4.6992740E-001
          6.9809600E+000            -2.4013480E-001
          6.9824600E+000            -2.4013480E-001
          6.9839600E+000            -2.4013480E-001
          6.9854600E+000            -7.3563040E-001
          6.9869600E+000            -7.3563040E-001
          6.9884600E+000            -7.3563040E-001
          6.9899600E+000            -7.3563040E-001
          6.9914600E+000            -1.1802396E+000
          6.9929600E+000            -1.1802396E+000
          6.9944600E+000            -1.1802396E+000
          6.9959600E+000            -1.0063614E+000
          6.9974600E+000            -1.0063614E+000
          6.9989600E+000            -1.0063614E+000
          7.0004600E+000            -5.6301880E-001
          7.0019600E+000            -5.6301880E-001
          7.0034600E+000            -5.6301880E-001
          7.0049600E+000            -5.6301880E-001
          7.0064600E+000            -5.4949860E-001
          7.0079600E+000            -5.4949860E-001
          7.0094600E+000            -5.4949860E-001
          7.0109600E+000            -1.0265612E+000
          7.0124600E+000            -1.0265612E+000
          7.0139600E+000            -1.0265612E+000
          7.0154600E+000            -1.3118608E+000
          7.0169600E+000            -1.3118608E+000
          7.0184600E+000            -1.3118608E+000
          7.0199600E+000            -1.3118608E+000
          7.0214600E+000            -9.8340980E-001
          7.0229600E+000            -9.8340980E-001
          7.0244600E+000            -9.8340980E-001
          7.0259600E+000            -5.9608300E-001
          7.0274600E+000            -5.9608300E-001
          7.0289600E+000            -5.9608300E-001
          7.0304600E+000            -1.0164856E+000
          7.0319600E+000            -1.0164856E+000
          7.0334600E+000            -1.0164856E+000
          7.0349600E+000            -1.0164856E+000
          7.0364600E+000            -1.9243896E+000
          7.0379600E+000            -1.9243896E+000
          7.0394600E+000            -1.9243896E+000
          7.0409600E+000            -1.8645412E+000
          7.0424600E+000            -1.8645412E+000
          7.0439600E+000            -1.8645412E+000
          7.0454600E+000            -4.8549520E-001
          7.0469600E+000            -4.8549520E-001
          7.0484600E+000            -4.8549520E-001
          7.0499600E+000            -4.8549520E-001
          7.0514600E+000             8.7971960E-001
          7.0529600E+000             8.7971960E-001
          7.0544600E+000             8.7971960E-001
          7.0559600E+000             1.1867856E+000
          7.0574600E+000             1.1867856E+000
          7.0589600E+000             1.1867856E+000
          7.0604600E+000             4.8141440E-001
          7.0619600E+000             4.8141440E-001
          7.0634600E+000             4.8141440E-001
          7.0649600E+000             4.8141440E-001
          7.0664600E+000            -6.4911700E-001
          7.0679600E+000            -6.4911700E-001
          7.0694600E+000            -6.4911700E-001
          7.0709600E+000            -1.1940710E+000
          7.0724600E+000            -1.1940710E+000
          7.0739600E+000            -1.1940710E+000
          7.0754600E+000            -4.8579080E-001
          7.0769600E+000            -4.8579080E-001
          7.0784600E+000            -4.8579080E-001
          7.0799600E+000            -4.8579080E-001
          7.0814600E+000             8.0108320E-001
          7.0829600E+000             8.0108320E-001
          7.0844600E+000             8.0108320E-001
          7.0859600E+000             1.6545778E+000
          7.0874600E+000             1.6545778E+000
          7.0889600E+000             1.6545778E+000
          7.0904600E+000             1.9782774E+000
          7.0919600E+000             1.9782774E+000
          7.0934600E+000             1.9782774E+000
          7.0949600E+000             1.9782774E+000
          7.0964600E+000             1.9149866E+000
          7.0979600E+000             1.9149866E+000
          7.0994600E+000             1.9149866E+000
          7.1009600E+000             1.3417590E+000
          7.1024600E+000             1.3417590E+000
          7.1039600E+000             1.3417590E+000
          7.1054600E+000             4.6981320E-001
          7.1069600E+000             4.6981320E-001
          7.1084600E+000             4.6981320E-001
          7.1099600E+000             4.6981320E-001
          7.1114600E+000            -1.8257060E-001
          7.1129600E+000            -1.8257060E-001
          7.1144600E+000            -1.8257060E-001
          7.1159600E+000            -4.5645860E-001
          7.1174600E+000            -4.5645860E-001
          7.1189600E+000            -4.5645860E-001
          7.1204600E+000            -7.0246760E-001
          7.1219600E+000            -7.0246760E-001
          7.1234600E+000            -7.0246760E-001
          7.1249600E+000            -7.0246760E-001
          7.1264600E+000            -1.1364910E+000
          7.1279600E+000            -1.1364910E+000
          7.1294600E+000            -1.1364910E+000
          7.1309600E+000            -1.3971712E+000
          7.1324600E+000            -1.3971712E+000
          7.1339600E+000            -1.3971712E+000
          7.1354600E+000            -1.2812340E+000
          7.1369600E+000            -1.2812340E+000
          7.1384600E+000            -1.2812340E+000
          7.1399600E+000            -1.2812340E+000
          7.1414600E+000            -9.9912680E-001
          7.1429600E+000            -9.9912680E-001
          7.1444600E+000            -9.9912680E-001
          7.1459600E+000            -2.1937940E-001
          7.1474600E+000            -2.1937940E-001
          7.1489600E+000            -2.1937940E-001
          7.1504600E+000             1.1057716E+000
          7.1519600E+000             1.1057716E+000
          7.1534600E+000             1.1057716E+000
          7.1549600E+000             1.1057716E+000
          7.1564600E+000             1.5350518E+000
          7.1579600E+000             1.5350518E+000
          7.1594600E+000             1.5350518E+000
          7.1609600E+000             6.1816980E-001
          7.1624600E+000             6.1816980E-001
          7.1639600E+000             6.1816980E-001
          7.1654600E+000             2.0049240E-001
          7.1669600E+000             2.0049240E-001
          7.1684600E+000             2.0049240E-001
          7.1699600E+000             2.0049240E-001
          7.1714600E+000             1.0172000E+000
          7.1729600E+000             1.0172000E+000
          7.1744600E+000             1.0172000E+000
          7.1759600E+000             1.6236806E+000
          7.1774600E+000             1.6236806E+000
          7.1789600E+000             1.6236806E+000
          7.1804600E+000             1.1724916E+000
          7.1819600E+000             1.1724916E+000
          7.1834600E+000             1.1724916E+000
          7.1849600E+000             1.1724916E+000
          7.1864600E+000             9.7581200E-002
          7.1879600E+000             9.7581200E-002
          7.1894600E+000             9.7581200E-002
          7.1909600E+000            -1.0339358E+000
          7.1924600E+000            -1.0339358E+000
          7.1939600E+000            -1.0339358E+000
          7.1954600E+000            -1.6872228E+000
          7.1969600E+000            -1.6872228E+000
          7.1984600E+000            -1.6872228E+000
          7.1999600E+000            -1.6872228E+000
          7.2014600E+000            -1.4884680E+000
          7.2029600E+000            -1.4884680E+000
          7.2044600E+000            -1.4884680E+000
          7.2059600E+000            -6.8073820E-001
          7.2074600E+000            -6.8073820E-001
          7.2089600E+000            -6.8073820E-001
          7.2104600E+000             1.2633720E-001
          7.2119600E+000             1.2633720E-001
          7.2134600E+000             1.2633720E-001
          7.2149600E+000             1.2633720E-001
          7.2164600E+000             6.3219660E-001
          7.2179600E+000             6.3219660E-001
          7.2194600E+000             6.3219660E-001
          7.2209600E+000             1.0505268E+000
          7.2224600E+000             1.0505268E+000
          7.2239600E+000             1.0505268E+000
          7.2254600E+000             1.5182886E+000
          7.2269600E+000             1.5182886E+000
          7.2284600E+000             1.5182886E+000
          7.2299600E+000             1.5182886E+000
          7.2314600E+000             1.6278054E+000
          7.2329600E+000             1.6278054E+000
          7.2344600E+000             1.6278054E+000
          7.2359600E+000             1.0796822E+000
          7.2374600E+000             1.0796822E+000
          7.2389600E+000             1.0796822E+000
          7.2404600E+000             2.3856560E-001
          7.2419600E+000             2.3856560E-001
          7.2434600E+000             2.3856560E-001
          7.2449600E+000             2.3856560E-001
          7.2464600E+000            -3.6773220E-001
          7.2479600E+000            -3.6773220E-001
          7.2494600E+000            -3.6773220E-001
          7.2509600E+000            -3.7407880E-001
          7.2524600E+000            -3.7407880E-001
          7.2539600E+000            -3.7407880E-001
          7.2554600E+000             4.1559180E-001
          7.2569600E+000             4.1559180E-001
          7.2584600E+000             4.1559180E-001
          7.2599600E+000             4.1559180E-001
          7.2614600E+000             1.5278620E+000
          7.2629600E+000             1.5278620E+000
          7.2644600E+000             1.5278620E+000
          7.2659600E+000             2.0615970E+000
          7.2674600E+000             2.0615970E+000
          7.2689600E+000             2.0615970E+000
          7.2704600E+000             1.9278392E+000
          7.2719600E+000             1.9278392E+000
          7.2734600E+000             1.9278392E+000
          7.2749600E+000             1.9278392E+000
          7.2764600E+000             1.6747732E+000
          7.2779600E+000             1.6747732E+000
          7.2794600E+000             1.6747732E+000
          7.2809600E+000             1.3339936E+000
          7.2824600E+000             1.3339936E+000
          7.2839600E+000             1.3339936E+000
          7.2854600E+000             6.9955180E-001
          7.2869600E+000             6.9955180E-001
          7.2884600E+000             6.9955180E-001
          7.2899600E+000             6.9955180E-001
          7.2914600E+000            -7.2742200E-002
          7.2929600E+000            -7.2742200E-002
          7.2944600E+000            -7.2742200E-002
          7.2959600E+000            -8.6015560E-001
          7.2974600E+000            -8.6015560E-001
          7.2989600E+000            -8.6015560E-001
          7.3004600E+000            -1.5501489E+000
          7.3019600E+000            -1.5501489E+000
          7.3034600E+000            -1.5501489E+000
          7.3049600E+000            -1.5501489E+000
          7.3064600E+000            -1.7543787E+000
          7.3079600E+000            -1.7543787E+000
          7.3094600E+000            -1.7543787E+000
          7.3109600E+000            -1.4828442E+000
          7.3124600E+000            -1.4828442E+000
          7.3139600E+000            -1.4828442E+000
          7.3154600E+000            -1.2721656E+000
          7.3169600E+000            -1.2721656E+000
          7.3184600E+000            -1.2721656E+000
          7.3199600E+000            -1.2721656E+000
          7.3214600E+000            -1.1743802E+000
          7.3229600E+000            -1.1743802E+000
          7.3244600E+000            -1.1743802E+000
          7.3259600E+000            -8.0078820E-001
          7.3274600E+000            -8.0078820E-001
          7.3289600E+000            -8.0078820E-001
          7.3304600E+000            -2.1827720E-001
          7.3319600E+000            -2.1827720E-001
          7.3334600E+000            -2.1827720E-001
          7.3349600E+000            -2.1827720E-001
          7.3364600E+000             1.8687000E-001
          7.3379600E+000             1.8687000E-001
          7.3394600E+000             1.8687000E-001
          7.3409600E+000             3.8450360E-001
          7.3424600E+000             3.8450360E-001
          7.3439600E+000             3.8450360E-001
          7.3454600E+000             7.6215260E-001
          7.3469600E+000             7.6215260E-001
          7.3484600E+000             7.6215260E-001
          7.3499600E+000             7.6215260E-001
          7.3514600E+000             1.5453484E+000
          7.3529600E+000             1.5453484E+000
          7.3544600E+000             1.5453484E+000
          7.3559600E+000             2.4058827E+000
          7.3574600E+000             2.4058827E+000
          7.3589600E+000             2.4058827E+000
          7.3604600E+000             2.8899795E+000
          7.3619600E+000             2.8899795E+000
          7.3634600E+000             2.8899795E+000
          7.3649600E+000             2.8899795E+000
          7.3664600E+000             2.8137504E+000
          7.3679600E+000             2.8137504E+000
          7.3694600E+000             2.8137504E+000
          7.3709600E+000             2.1158896E+000
          7.3724600E+000             2.1158896E+000
          7.3739600E+000             2.1158896E+000
          7.3754600E+000             9.6273340E-001
          7.3769600E+000             9.6273340E-001
          7.3784600E+000             9.6273340E-001
          7.3799600E+000             9.6273340E-001
          7.3814600E+000            -9.1483600E-002
          7.3829600E+000            -9.1483600E-002
          7.3844600E+000            -9.1483600E-002
          7.3859600E+000            -5.7098320E-001
          7.3874600E+000            -5.7098320E-001
          7.3889600E+000            -5.7098320E-001
          7.3904600E+000            -4.8971660E-001
          7.3919600E+000            -4.8971660E-001
          7.3934600E+000            -4.8971660E-001
          7.3949600E+000            -4.8971660E-001
          7.3964600E+000            -1.5818520E-001
          7.3979600E+000            -1.5818520E-001
          7.3994600E+000            -1.5818520E-001
          7.4009600E+000             1.3429860E-001
          7.4024600E+000             1.3429860E-001
          7.4039600E+000             1.3429860E-001
          7.4054600E+000             2.4906920E-001
          7.4069600E+000             2.4906920E-001
          7.4084600E+000             2.4906920E-001
          7.4099600E+000             2.4906920E-001
          7.4114600E+000             2.0128720E-001
          7.4129600E+000             2.0128720E-001
          7.4144600E+000             2.0128720E-001
          7.4159600E+000             1.8843200E-001
          7.4174600E+000             1.8843200E-001
          7.4189600E+000             1.8843200E-001
          7.4204600E+000             4.8272140E-001
          7.4219600E+000             4.8272140E-001
          7.4234600E+000             4.8272140E-001
          7.4249600E+000             4.8272140E-001
          7.4264600E+000             8.4449720E-001
          7.4279600E+000             8.4449720E-001
          7.4294600E+000             8.4449720E-001
          7.4309600E+000             5.2367240E-001
          7.4324600E+000             5.2367240E-001
          7.4339600E+000             5.2367240E-001
          7.4354600E+000            -5.0881580E-001
          7.4369600E+000            -5.0881580E-001
          7.4384600E+000            -5.0881580E-001
          7.4399600E+000            -5.0881580E-001
          7.4414600E+000            -1.6120064E+000
          7.4429600E+000            -1.6120064E+000
          7.4444600E+000            -1.6120064E+000
          7.4459600E+000            -2.9331540E+000
          7.4474600E+000            -2.9331540E+000
          7.4489600E+000            -2.9331540E+000
          7.4504600E+000            -4.6472918E+000
          7.4519600E+000            -4.6472918E+000
          7.4534600E+000            -4.6472918E+000
          7.4549600E+000            -4.6472918E+000
          7.4564600E+000            -5.5270064E+000
          7.4579600E+000            -5.5270064E+000
          7.4594600E+000            -5.5270064E+000
          7.4609600E+000            -4.4405374E+000
          7.4624600E+000            -4.4405374E+000
          7.4639600E+000            -4.4405374E+000
          7.4654600E+000            -1.9186356E+000
          7.4669600E+000            -1.9186356E+000
          7.4684600E+000            -1.9186356E+000
          7.4699600E+000            -1.9186356E+000
          7.4714600E+000             6.9331180E-001
          7.4729600E+000             6.9331180E-001
          7.4744600E+000             6.9331180E-001
          7.4759600E+000             2.1567476E+000
          7.4774600E+000             2.1567476E+000
          7.4789600E+000             2.1567476E+000
          7.4804600E+000             1.7385848E+000
          7.4819600E+000             1.7385848E+000
          7.4834600E+000             1.7385848E+000
          7.4849600E+000             1.7385848E+000
          7.4864600E+000             4.0754800E-002
          7.4879600E+000             4.0754800E-002
          7.4894600E+000             4.0754800E-002
          7.4909600E+000            -1.2307940E+000
          7.4924600E+000            -1.2307940E+000
          7.4939600E+000            -1.2307940E+000
          7.4954600E+000            -1.0059638E+000
          7.4969600E+000            -1.0059638E+000
          7.4984600E+000            -1.0059638E+000
          7.4999600E+000            -1.0059638E+000
          7.5014600E+000             7.5311200E-002
          7.5029600E+000             7.5311200E-002
          7.5044600E+000             7.5311200E-002
          7.5059600E+000             6.2892840E-001
          7.5074600E+000             6.2892840E-001
          7.5089600E+000             6.2892840E-001
          7.5104600E+000             4.6767020E-001
          7.5119600E+000             4.6767020E-001
          7.5134600E+000             4.6767020E-001
          7.5149600E+000             4.6767020E-001
          7.5164600E+000             5.2465540E-001
          7.5179600E+000             5.2465540E-001
          7.5194600E+000             5.2465540E-001
          7.5209600E+000             9.7354220E-001
          7.5224600E+000             9.7354220E-001
          7.5239600E+000             9.7354220E-001
          7.5254600E+000             1.2781150E+000
          7.5269600E+000             1.2781150E+000
          7.5284600E+000             1.2781150E+000
          7.5299600E+000             1.2781150E+000
          7.5314600E+000             1.3524640E+000
          7.5329600E+000             1.3524640E+000
          7.5344600E+000             1.3524640E+000
          7.5359600E+000             1.0654584E+000
          7.5374600E+000             1.0654584E+000
          7.5389600E+000             1.0654584E+000
          7.5404600E+000             9.6458600E-002
          7.5419600E+000             9.6458600E-002
          7.5434600E+000             9.6458600E-002
          7.5449600E+000             9.6458600E-002
          7.5464600E+000            -1.0125208E+000
          7.5479600E+000            -1.0125208E+000
          7.5494600E+000            -1.0125208E+000
          7.5509600E+000            -1.3143200E+000
          7.5524600E+000            -1.3143200E+000
          7.5539600E+000            -1.3143200E+000
          7.5554600E+000            -8.4846700E-001
          7.5569600E+000            -8.4846700E-001
          7.5584600E+000            -8.4846700E-001
          7.5599600E+000            -8.4846700E-001
          7.5614600E+000            -4.9527840E-001
          7.5629600E+000            -4.9527840E-001
          7.5644600E+000            -4.9527840E-001
          7.5659600E+000            -7.4615040E-001
          7.5674600E+000            -7.4615040E-001
          7.5689600E+000            -7.4615040E-001
          7.5704600E+000            -1.1266708E+000
          7.5719600E+000            -1.1266708E+000
          7.5734600E+000            -1.1266708E+000
          7.5749600E+000            -1.1266708E+000
          7.5764600E+000            -9.8541560E-001
          7.5779600E+000            -9.8541560E-001
          7.5794600E+000            -9.8541560E-001
          7.5809600E+000            -3.3431180E-001
          7.5824600E+000            -3.3431180E-001
          7.5839600E+000            -3.3431180E-001
          7.5854600E+000             5.4907800E-001
          7.5869600E+000             5.4907800E-001
          7.5884600E+000             5.4907800E-001
          7.5899600E+000             5.4907800E-001
          7.5914600E+000             1.4430546E+000
          7.5929600E+000             1.4430546E+000
          7.5944600E+000             1.4430546E+000
          7.5959600E+000             1.8466502E+000
          7.5974600E+000             1.8466502E+000
          7.5989600E+000             1.8466502E+000
          7.6004600E+000             1.3887754E+000
          7.6019600E+000             1.3887754E+000
          7.6034600E+000             1.3887754E+000
          7.6049600E+000             1.3887754E+000
          7.6064600E+000             4.6017060E-001
          7.6079600E+000             4.6017060E-001
          7.6094600E+000             4.6017060E-001
          7.6109600E+000            -2.6329940E-001
          7.6124600E+000            -2.6329940E-001
          7.6139600E+000            -2.6329940E-001
          7.6154600E+000            -6.1221800E-001
          7.6169600E+000            -6.1221800E-001
          7.6184600E+000            -6.1221800E-001
          7.6199600E+000            -6.1221800E-001
          7.6214600E+000            -8.8625340E-001
          7.6229600E+000            -8.8625340E-001
          7.6244600E+000            -8.8625340E-001
          7.6259600E+000            -1.0367008E+000
          7.6274600E+000            -1.0367008E+000
          7.6289600E+000            -1.0367008E+000
          7.6304600E+000            -3.5620000E-001
          7.6319600E+000            -3.5620000E-001
          7.6334600E+000            -3.5620000E-001
          7.6349600E+000            -3.5620000E-001
          7.6364600E+000             1.5101182E+000
          7.6379600E+000             1.5101182E+000
          7.6394600E+000             1.5101182E+000
          7.6409600E+000             3.7352534E+000
          7.6424600E+000             3.7352534E+000
          7.6439600E+000             3.7352534E+000
          7.6454600E+000             4.9981272E+000
          7.6469600E+000             4.9981272E+000
          7.6484600E+000             4.9981272E+000
          7.6499600E+000             4.9981272E+000
          7.6514600E+000             4.9000090E+000
          7.6529600E+000             4.9000090E+000
          7.6544600E+000             4.9000090E+000
          7.6559600E+000             4.1664190E+000
          7.6574600E+000             4.1664190E+000
          7.6589600E+000             4.1664190E+000
          7.6604600E+000             3.2473154E+000
          7.6619600E+000             3.2473154E+000
          7.6634600E+000             3.2473154E+000
          7.6649600E+000             3.2473154E+000
          7.6664600E+000             1.8119632E+000
          7.6679600E+000             1.8119632E+000
          7.6694600E+000             1.8119632E+000
          7.6709600E+000            -1.1279640E-001
          7.6724600E+000            -1.1279640E-001
          7.6739600E+000            -1.1279640E-001
          7.6754600E+000            -1.5307996E+000
          7.6769600E+000            -1.5307996E+000
          7.6784600E+000            -1.5307996E+000
          7.6799600E+000            -1.5307996E+000
          7.6814600E+000            -1.4695206E+000
          7.6829600E+000            -1.4695206E+000
          7.6844600E+000            -1.4695206E+000
          7.6859600E+000            -4.5652060E-001
          7.6874600E+000            -4.5652060E-001
          7.6889600E+000            -4.5652060E-001
          7.6904600E+000             4.5417800E-002
          7.6919600E+000             4.5417800E-002
          7.6934600E+000             4.5417800E-002
          7.6949600E+000             4.5417800E-002
          7.6964600E+000            -2.6263900E-001
          7.6979600E+000            -2.6263900E-001
          7.6994600E+000            -2.6263900E-001
          7.7009600E+000            -5.5432360E-001
          7.7024600E+000            -5.5432360E-001
          7.7039600E+000            -5.5432360E-001
          7.7054600E+000            -3.8887160E-001
          7.7069600E+000            -3.8887160E-001
          7.7084600E+000            -3.8887160E-001
          7.7099600E+000            -3.8887160E-001
          7.7114600E+000             2.0168320E-001
          7.7129600E+000             2.0168320E-001
          7.7144600E+000             2.0168320E-001
          7.7159600E+000             1.0298608E+000
          7.7174600E+000             1.0298608E+000
          7.7189600E+000             1.0298608E+000
          7.7204600E+000             1.5553406E+000
          7.7219600E+000             1.5553406E+000
          7.7234600E+000             1.5553406E+000
          7.7249600E+000             1.5553406E+000
          7.7264600E+000             1.4719818E+000
          7.7279600E+000             1.4719818E+000
          7.7294600E+000             1.4719818E+000
          7.7309600E+000             1.1477968E+000
          7.7324600E+000             1.1477968E+000
          7.7339600E+000             1.1477968E+000
          7.7354600E+000             6.6443100E-001
          7.7369600E+000             6.6443100E-001
          7.7384600E+000             6.6443100E-001
          7.7399600E+000             6.6443100E-001
          7.7414600E+000            -2.9848620E-001
          7.7429600E+000            -2.9848620E-001
          7.7444600E+000            -2.9848620E-001
          7.7459600E+000            -1.3341210E+000
          7.7474600E+000            -1.3341210E+000
          7.7489600E+000            -1.3341210E+000
          7.7504600E+000            -1.7668398E+000
          7.7519600E+000            -1.7668398E+000
          7.7534600E+000            -1.7668398E+000
          7.7549600E+000            -1.7668398E+000
          7.7564600E+000            -1.8212694E+000
          7.7579600E+000            -1.8212694E+000
          7.7594600E+000            -1.8212694E+000
          7.7609600E+000            -2.0353254E+000
          7.7624600E+000            -2.0353254E+000
          7.7639600E+000            -2.0353254E+000
          7.7654600E+000            -2.2891112E+000
          7.7669600E+000            -2.2891112E+000
          7.7684600E+000            -2.2891112E+000
          7.7699600E+000            -2.2891112E+000
          7.7714600E+000            -2.0583106E+000
          7.7729600E+000            -2.0583106E+000
          7.7744600E+000            -2.0583106E+000
          7.7759600E+000            -1.2105434E+000
          7.7774600E+000            -1.2105434E+000
          7.7789600E+000            -1.2105434E+000
          7.7804600E+000            -2.4287960E-001
          7.7819600E+000            -2.4287960E-001
          7.7834600E+000            -2.4287960E-001
          7.7849600E+000            -2.4287960E-001
          7.7864600E+000             3.0078820E-001
          7.7879600E+000             3.0078820E-001
          7.7894600E+000             3.0078820E-001
          7.7909600E+000             3.3254080E-001
          7.7924600E+000             3.3254080E-001
          7.7939600E+000             3.3254080E-001
          7.7954600E+000             4.6254600E-002
          7.7969600E+000             4.6254600E-002
          7.7984600E+000             4.6254600E-002
          7.7999600E+000             4.6254600E-002
          7.8014600E+000            -4.6892780E-001
          7.8029600E+000            -4.6892780E-001
          7.8044600E+000            -4.6892780E-001
          7.8059600E+000            -1.1908446E+000
          7.8074600E+000            -1.1908446E+000
          7.8089600E+000            -1.1908446E+000
          7.8104600E+000            -1.7478928E+000
          7.8119600E+000            -1.7478928E+000
          7.8134600E+000            -1.7478928E+000
          7.8149600E+000            -1.7478928E+000
          7.8164600E+000            -1.6118092E+000
          7.8179600E+000            -1.6118092E+000
          7.8194600E+000            -1.6118092E+000
          7.8209600E+000            -8.0166064E-001
          7.8224600E+000            -8.0166064E-001
          7.8239600E+000            -8.0166064E-001
          7.8254600E+000             2.5924710E-001
          7.8269600E+000             2.5924710E-001
          7.8284600E+000             2.5924710E-001
          7.8299600E+000             2.5924710E-001
          7.8314600E+000             1.2633241E+000
          7.8329600E+000             1.2633241E+000
          7.8344600E+000             1.2633241E+000
          7.8359600E+000             1.8344796E+000
          7.8374600E+000             1.8344796E+000
          7.8389600E+000             1.8344796E+000
          7.8404600E+000             1.5783164E+000
          7.8419600E+000             1.5783164E+000
          7.8434600E+000             1.5783164E+000
          7.8449600E+000             1.5783164E+000
          7.8464600E+000             6.8564620E-001
          7.8479600E+000             6.8564620E-001
          7.8494600E+000             6.8564620E-001
          7.8509600E+000            -1.8017480E-001
          7.8524600E+000            -1.8017480E-001
          7.8539600E+000            -1.8017480E-001
          7.8554600E+000            -5.8064040E-001
          7.8569600E+000            -5.8064040E-001
          7.8584600E+000            -5.8064040E-001
          7.8599600E+000            -5.8064040E-001
          7.8614600E+000            -5.1680760E-001
          7.8629600E+000            -5.1680760E-001
          7.8644600E+000            -5.1680760E-001
          7.8659600E+000            -1.1193000E-001
          7.8674600E+000            -1.1193000E-001
          7.8689600E+000            -1.1193000E-001
          7.8704600E+000             5.8538240E-001
          7.8719600E+000             5.8538240E-001
          7.8734600E+000             5.8538240E-001
          7.8749600E+000             5.8538240E-001
          7.8764600E+000             1.1781918E+000
          7.8779600E+000             1.1781918E+000
          7.8794600E+000             1.1781918E+000
          7.8809600E+000             8.9533660E-001
          7.8824600E+000             8.9533660E-001
          7.8839600E+000             8.9533660E-001
          7.8854600E+000            -2.4725660E-001
          7.8869600E+000            -2.4725660E-001
          7.8884600E+000            -2.4725660E-001
          7.8899600E+000            -2.4725660E-001
          7.8914600E+000            -1.1013674E+000
          7.8929600E+000            -1.1013674E+000
          7.8944600E+000            -1.1013674E+000
          7.8959600E+000            -7.3491920E-001
          7.8974600E+000            -7.3491920E-001
          7.8989600E+000            -7.3491920E-001
          7.9004600E+000             5.3299400E-001
          7.9019600E+000             5.3299400E-001
          7.9034600E+000             5.3299400E-001
          7.9049600E+000             5.3299400E-001
          7.9064600E+000             1.5282630E+000
          7.9079600E+000             1.5282630E+000
          7.9094600E+000             1.5282630E+000
          7.9109600E+000             1.4795958E+000
          7.9124600E+000             1.4795958E+000
          7.9139600E+000             1.4795958E+000
          7.9154600E+000             6.2770420E-001
          7.9169600E+000             6.2770420E-001
          7.9184600E+000             6.2770420E-001
          7.9199600E+000             6.2770420E-001
          7.9214600E+000            -4.9963920E-001
          7.9229600E+000            -4.9963920E-001
          7.9244600E+000            -4.9963920E-001
          7.9259600E+000            -1.5579672E+000
          7.9274600E+000            -1.5579672E+000
          7.9289600E+000            -1.5579672E+000
          7.9304600E+000            -2.0465842E+000
          7.9319600E+000            -2.0465842E+000
          7.9334600E+000            -2.0465842E+000
          7.9349600E+000            -2.0465842E+000
          7.9364600E+000            -1.6029016E+000
          7.9379600E+000            -1.6029016E+000
          7.9394600E+000            -1.6029016E+000
          7.9409600E+000            -6.9715200E-001
          7.9424600E+000            -6.9715200E-001
          7.9439600E+000            -6.9715200E-001
          7.9454600E+000            -3.9734120E-001
          7.9469600E+000            -3.9734120E-001
          7.9484600E+000            -3.9734120E-001
          7.9499600E+000            -3.9734120E-001
          7.9514600E+000            -1.3424076E+000
          7.9529600E+000            -1.3424076E+000
          7.9544600E+000            -1.3424076E+000
          7.9559600E+000            -2.9397714E+000
          7.9574600E+000            -2.9397714E+000
          7.9589600E+000            -2.9397714E+000
          7.9604600E+000            -3.8346236E+000
          7.9619600E+000            -3.8346236E+000
          7.9634600E+000            -3.8346236E+000
          7.9649600E+000            -3.8346236E+000
          7.9664600E+000            -3.2824630E+000
          7.9679600E+000            -3.2824630E+000
          7.9694600E+000            -3.2824630E+000
          7.9709600E+000            -1.8412542E+000
          7.9724600E+000            -1.8412542E+000
          7.9739600E+000            -1.8412542E+000
          7.9754600E+000            -6.9925060E-001
          7.9769600E+000            -6.9925060E-001
          7.9784600E+000            -6.9925060E-001
          7.9799600E+000            -6.9925060E-001
          7.9814600E+000            -2.3148760E-001
          7.9829600E+000            -2.3148760E-001
          7.9844600E+000            -2.3148760E-001
          7.9859600E+000             1.4534340E-001
          7.9874600E+000             1.4534340E-001
          7.9889600E+000             1.4534340E-001
          7.9904600E+000             4.2726640E-001
          7.9919600E+000             4.2726640E-001
          7.9934600E+000             4.2726640E-001
          7.9949600E+000             4.2726640E-001
          7.9964600E+000             7.9650000E-002
          7.9979600E+000             7.9650000E-002
          7.9994600E+000             7.9650000E-002
          8.0009600E+000            -3.4745780E-001
          8.0024600E+000            -3.4745780E-001
          8.0039600E+000            -3.4745780E-001
          8.0054600E+000             5.1097000E-002
          8.0069600E+000             5.1097000E-002
          8.0084600E+000             5.1097000E-002
          8.0099600E+000             5.1097000E-002
          8.0114600E+000             8.2639920E-001
          8.0129600E+000             8.2639920E-001
          8.0144600E+000             8.2639920E-001
          8.0159600E+000             1.0369042E+000
          8.0174600E+000             1.0369042E+000
          8.0189600E+000             1.0369042E+000
          8.0204600E+000             7.2340520E-001
          8.0219600E+000             7.2340520E-001
          8.0234600E+000             7.2340520E-001
          8.0249600E+000             7.2340520E-001
          8.0264600E+000             6.1725680E-001
          8.0279600E+000             6.1725680E-001
          8.0294600E+000             6.1725680E-001
          8.0309600E+000             1.1441540E+000
          8.0324600E+000             1.1441540E+000
          8.0339600E+000             1.1441540E+000
          8.0354600E+000             2.0234614E+000
          8.0369600E+000             2.0234614E+000
          8.0384600E+000             2.0234614E+000
          8.0399600E+000             2.0234614E+000
          8.0414600E+000             2.7015582E+000
          8.0429600E+000             2.7015582E+000
          8.0444600E+000             2.7015582E+000
          8.0459600E+000             2.7617229E+000
          8.0474600E+000             2.7617229E+000
          8.0489600E+000             2.7617229E+000
          8.0504600E+000             1.7265047E+000
          8.0519600E+000             1.7265047E+000
          8.0534600E+000             1.7265047E+000
          8.0549600E+000             1.7265047E+000
          8.0564600E+000            -4.9352786E-001
          8.0579600E+000            -4.9352786E-001
          8.0594600E+000            -4.9352786E-001
          8.0609600E+000            -2.6377099E+000
          8.0624600E+000            -2.6377099E+000
          8.0639600E+000            -2.6377099E+000
          8.0654600E+000            -3.1958170E+000
          8.0669600E+000            -3.1958170E+000
          8.0684600E+000            -3.1958170E+000
          8.0699600E+000            -3.1958170E+000
          8.0714600E+000            -2.3947080E+000
          8.0729600E+000            -2.3947080E+000
          8.0744600E+000            -2.3947080E+000
          8.0759600E+000            -1.4401462E+000
          8.0774600E+000            -1.4401462E+000
          8.0789600E+000            -1.4401462E+000
          8.0804600E+000            -6.1441060E-001
          8.0819600E+000            -6.1441060E-001
          8.0834600E+000            -6.1441060E-001
          8.0849600E+000            -6.1441060E-001
          8.0864600E+000             6.3311700E-001
          8.0879600E+000             6.3311700E-001
          8.0894600E+000             6.3311700E-001
          8.0909600E+000             2.3338904E+000
          8.0924600E+000             2.3338904E+000
          8.0939600E+000             2.3338904E+000
          8.0954600E+000             3.3979582E+000
          8.0969600E+000             3.3979582E+000
          8.0984600E+000             3.3979582E+000
          8.0999600E+000             3.3979582E+000
          8.1014600E+000             2.8268016E+000
          8.1029600E+000             2.8268016E+000
          8.1044600E+000             2.8268016E+000
          8.1059600E+000             1.2051905E+000
          8.1074600E+000             1.2051905E+000
          8.1089600E+000             1.2051905E+000
          8.1104600E+000             1.8571716E-001
          8.1119600E+000             1.8571716E-001
          8.1134600E+000             1.8571716E-001
          8.1149600E+000             1.8571716E-001
          8.1164600E+000             7.9202690E-001
          8.1179600E+000             7.9202690E-001
          8.1194600E+000             7.9202690E-001
          8.1209600E+000             2.4611066E+000
          8.1224600E+000             2.4611066E+000
          8.1239600E+000             2.4611066E+000
          8.1254600E+000             3.7346192E+000
          8.1269600E+000             3.7346192E+000
          8.1284600E+000             3.7346192E+000
          8.1299600E+000             3.7346192E+000
          8.1314600E+000             3.8435540E+000
          8.1329600E+000             3.8435540E+000
          8.1344600E+000             3.8435540E+000
          8.1359600E+000             3.0458178E+000
          8.1374600E+000             3.0458178E+000
          8.1389600E+000             3.0458178E+000
          8.1404600E+000             1.7902196E+000
          8.1419600E+000             1.7902196E+000
          8.1434600E+000             1.7902196E+000
          8.1449600E+000             1.7902196E+000
          8.1464600E+000             4.6552760E-001
          8.1479600E+000             4.6552760E-001
          8.1494600E+000             4.6552760E-001
          8.1509600E+000            -3.8693980E-001
          8.1524600E+000            -3.8693980E-001
          8.1539600E+000            -3.8693980E-001
          8.1554600E+000            -2.9053760E-001
          8.1569600E+000            -2.9053760E-001
          8.1584600E+000            -2.9053760E-001
          8.1599600E+000            -2.9053760E-001
          8.1614600E+000             6.2580040E-001
          8.1629600E+000             6.2580040E-001
          8.1644600E+000             6.2580040E-001
          8.1659600E+000             1.4514056E+000
          8.1674600E+000             1.4514056E+000
          8.1689600E+000             1.4514056E+000
          8.1704600E+000             1.2495182E+000
          8.1719600E+000             1.2495182E+000
          8.1734600E+000             1.2495182E+000
          8.1749600E+000             1.2495182E+000
          8.1764600E+000            -7.9540000E-003
          8.1779600E+000            -7.9540000E-003
          8.1794600E+000            -7.9540000E-003
          8.1809600E+000            -1.4293756E+000
          8.1824600E+000            -1.4293756E+000
          8.1839600E+000            -1.4293756E+000
          8.1854600E+000            -1.9342982E+000
          8.1869600E+000            -1.9342982E+000
          8.1884600E+000            -1.9342982E+000
          8.1899600E+000            -1.9342982E+000
          8.1914600E+000            -1.0780632E+000
          8.1929600E+000            -1.0780632E+000
          8.1944600E+000            -1.0780632E+000
          8.1959600E+000             4.4923840E-001
          8.1974600E+000             4.4923840E-001
          8.1989600E+000             4.4923840E-001
          8.2004600E+000             1.2045044E+000
          8.2019600E+000             1.2045044E+000
          8.2034600E+000             1.2045044E+000
          8.2049600E+000             1.2045044E+000
          8.2064600E+000             6.3171600E-001
          8.2079600E+000             6.3171600E-001
          8.2094600E+000             6.3171600E-001
          8.2109600E+000            -6.3723600E-002
          8.2124600E+000            -6.3723600E-002
          8.2139600E+000            -6.3723600E-002
          8.2154600E+000             3.2142100E-001
          8.2169600E+000             3.2142100E-001
          8.2184600E+000             3.2142100E-001
          8.2199600E+000             3.2142100E-001
          8.2214600E+000             1.5371108E+000
          8.2229600E+000             1.5371108E+000
          8.2244600E+000             1.5371108E+000
          8.2259600E+000             2.8671080E+000
          8.2274600E+000             2.8671080E+000
          8.2289600E+000             2.8671080E+000
          8.2304600E+000             3.8163600E+000
          8.2319600E+000             3.8163600E+000
          8.2334600E+000             3.8163600E+000
          8.2349600E+000             3.8163600E+000
          8.2364600E+000             3.6817780E+000
          8.2379600E+000             3.6817780E+000
          8.2394600E+000             3.6817780E+000
          8.2409600E+000             2.1808780E+000
          8.2424600E+000             2.1808780E+000
          8.2439600E+000             2.1808780E+000
          8.2454600E+000             2.9056000E-001
          8.2469600E+000             2.9056000E-001
          8.2484600E+000             2.9056000E-001
          8.2499600E+000             2.9056000E-001
          8.2514600E+000            -6.2855800E-001
          8.2529600E+000            -6.2855800E-001
          8.2544600E+000            -6.2855800E-001
          8.2559600E+000            -2.7654200E-001
          8.2574600E+000            -2.7654200E-001
          8.2589600E+000            -2.7654200E-001
          8.2604600E+000             2.6269600E-001
          8.2619600E+000             2.6269600E-001
          8.2634600E+000             2.6269600E-001
          8.2649600E+000             2.6269600E-001
          8.2664600E+000            -3.0298800E-001
          8.2679600E+000            -3.0298800E-001
          8.2694600E+000            -3.0298800E-001
          8.2709600E+000            -2.0357600E+000
          8.2724600E+000            -2.0357600E+000
          8.2739600E+000            -2.0357600E+000
          8.2754600E+000            -3.6968480E+000
          8.2769600E+000            -3.6968480E+000
          8.2784600E+000            -3.6968480E+000
          8.2799600E+000            -3.6968480E+000
          8.2814600E+000            -4.0895480E+000
          8.2829600E+000            -4.0895480E+000
          8.2844600E+000            -4.0895480E+000
          8.2859600E+000            -3.6535638E+000
          8.2874600E+000            -3.6535638E+000
          8.2889600E+000            -3.6535638E+000
          8.2904600E+000            -3.7410792E+000
          8.2919600E+000            -3.7410792E+000
          8.2934600E+000            -3.7410792E+000
          8.2949600E+000            -3.7410792E+000
          8.2964600E+000            -4.0978824E+000
          8.2979600E+000            -4.0978824E+000
          8.2994600E+000            -4.0978824E+000
          8.3009600E+000            -3.4611300E+000
          8.3024600E+000            -3.4611300E+000
          8.3039600E+000            -3.4611300E+000
          8.3054600E+000            -2.1599936E+000
          8.3069600E+000            -2.1599936E+000
          8.3084600E+000            -2.1599936E+000
          8.3099600E+000            -2.1599936E+000
          8.3114600E+000            -1.5044746E+000
          8.3129600E+000            -1.5044746E+000
          8.3144600E+000            -1.5044746E+000
          8.3159600E+000            -1.6522190E+000
          8.3174600E+000            -1.6522190E+000
          8.3189600E+000            -1.6522190E+000
          8.3204600E+000            -1.5945603E+000
          8.3219600E+000            -1.5945603E+000
          8.3234600E+000            -1.5945603E+000
          8.3249600E+000            -1.5945603E+000
          8.3264600E+000            -7.2458024E-001
          8.3279600E+000            -7.2458024E-001
          8.3294600E+000            -7.2458024E-001
          8.3309600E+000             1.4834134E-001
          8.3324600E+000             1.4834134E-001
          8.3339600E+000             1.4834134E-001
          8.3354600E+000             1.2536801E-001
          8.3369600E+000             1.2536801E-001
          8.3384600E+000             1.2536801E-001
          8.3399600E+000             1.2536801E-001
          8.3414600E+000            -1.5087560E-001
          8.3429600E+000            -1.5087560E-001
          8.3444600E+000            -1.5087560E-001
          8.3459600E+000             2.0608429E-001
          8.3474600E+000             2.0608429E-001
          8.3489600E+000             2.0608429E-001
          8.3504600E+000             7.5634637E-001
          8.3519600E+000             7.5634637E-001
          8.3534600E+000             7.5634637E-001
          8.3549600E+000             7.5634637E-001
          8.3564600E+000             7.7236560E-001
          8.3579600E+000             7.7236560E-001
          8.3594600E+000             7.7236560E-001
          8.3609600E+000             2.5581522E-001
          8.3624600E+000             2.5581522E-001
          8.3639600E+000             2.5581522E-001
          8.3654600E+000            -5.8454746E-001
          8.3669600E+000            -5.8454746E-001
          8.3684600E+000            -5.8454746E-001
          8.3699600E+000            -5.8454746E-001
          8.3714600E+000            -1.4805829E+000
          8.3729600E+000            -1.4805829E+000
          8.3744600E+000            -1.4805829E+000
          8.3759600E+000            -1.8286589E+000
          8.3774600E+000            -1.8286589E+000
          8.3789600E+000            -1.8286589E+000
          8.3804600E+000            -1.3053055E+000
          8.3819600E+000            -1.3053055E+000
          8.3834600E+000            -1.3053055E+000
          8.3849600E+000            -1.3053055E+000
          8.3864600E+000            -4.4428160E-001
          8.3879600E+000            -4.4428160E-001
          8.3894600E+000            -4.4428160E-001
          8.3909600E+000            -1.1516220E-001
          8.3924600E+000            -1.1516220E-001
          8.3939600E+000            -1.1516220E-001
          8.3954600E+000            -5.0648360E-001
          8.3969600E+000            -5.0648360E-001
          8.3984600E+000            -5.0648360E-001
          8.3999600E+000            -5.0648360E-001
          8.4014600E+000            -7.4955380E-001
          8.4029600E+000            -7.4955380E-001
          8.4044600E+000            -7.4955380E-001
          8.4059600E+000            -2.2855060E-001
          8.4074600E+000            -2.2855060E-001
          8.4089600E+000            -2.2855060E-001
          8.4104600E+000             2.7274020E-001
          8.4119600E+000             2.7274020E-001
          8.4134600E+000             2.7274020E-001
          8.4149600E+000             2.7274020E-001
          8.4164600E+000             1.0384960E-001
          8.4179600E+000             1.0384960E-001
          8.4194600E+000             1.0384960E-001
          8.4209600E+000            -5.8972000E-003
          8.4224600E+000            -5.8972000E-003
          8.4239600E+000            -5.8972000E-003
          8.4254600E+000             4.6616860E-001
          8.4269600E+000             4.6616860E-001
          8.4284600E+000             4.6616860E-001
          8.4299600E+000             4.6616860E-001
          8.4314600E+000             9.7762540E-001
          8.4329600E+000             9.7762540E-001
          8.4344600E+000             9.7762540E-001
          8.4359600E+000             1.2106644E+000
          8.4374600E+000             1.2106644E+000
          8.4389600E+000             1.2106644E+000
          8.4404600E+000             1.1557892E+000
          8.4419600E+000             1.1557892E+000
          8.4434600E+000             1.1557892E+000
          8.4449600E+000             1.1557892E+000
          8.4464600E+000             2.6487640E-001
          8.4479600E+000             2.6487640E-001
          8.4494600E+000             2.6487640E-001
          8.4509600E+000            -1.3306410E+000
          8.4524600E+000            -1.3306410E+000
          8.4539600E+000            -1.3306410E+000
          8.4554600E+000            -2.0688612E+000
          8.4569600E+000            -2.0688612E+000
          8.4584600E+000            -2.0688612E+000
          8.4599600E+000            -2.0688612E+000
          8.4614600E+000            -1.3495028E+000
          8.4629600E+000            -1.3495028E+000
          8.4644600E+000            -1.3495028E+000
          8.4659600E+000            -4.9364980E-001
          8.4674600E+000            -4.9364980E-001
          8.4689600E+000            -4.9364980E-001
          8.4704600E+000            -3.6410220E-001
          8.4719600E+000            -3.6410220E-001
          8.4734600E+000            -3.6410220E-001
          8.4749600E+000            -3.6410220E-001
          8.4764600E+000            -5.6411660E-001
          8.4779600E+000            -5.6411660E-001
          8.4794600E+000            -5.6411660E-001
          8.4809600E+000            -9.0167640E-001
          8.4824600E+000            -9.0167640E-001
          8.4839600E+000            -9.0167640E-001
          8.4854600E+000            -1.5418578E+000
          8.4869600E+000            -1.5418578E+000
          8.4884600E+000            -1.5418578E+000
          8.4899600E+000            -1.5418578E+000
          8.4914600E+000            -2.1927044E+000
          8.4929600E+000            -2.1927044E+000
          8.4944600E+000            -2.1927044E+000
          8.4959600E+000            -2.3010190E+000
          8.4974600E+000            -2.3010190E+000
          8.4989600E+000            -2.3010190E+000
          8.5004600E+000            -1.9368094E+000
          8.5019600E+000            -1.9368094E+000
          8.5034600E+000            -1.9368094E+000
          8.5049600E+000            -1.9368094E+000
          8.5064600E+000            -2.1648616E+000
          8.5079600E+000            -2.1648616E+000
          8.5094600E+000            -2.1648616E+000
          8.5109600E+000            -3.5415058E+000
          8.5124600E+000            -3.5415058E+000
          8.5139600E+000            -3.5415058E+000
          8.5154600E+000            -4.4996020E+000
          8.5169600E+000            -4.4996020E+000
          8.5184600E+000            -4.4996020E+000
          8.5199600E+000            -4.4996020E+000
          8.5214600E+000            -3.3648000E+000
          8.5229600E+000            -3.3648000E+000
          8.5244600E+000            -3.3648000E+000
          8.5259600E+000            -9.4724600E-001
          8.5274600E+000            -9.4724600E-001
          8.5289600E+000            -9.4724600E-001
          8.5304600E+000             8.6398400E-001
          8.5319600E+000             8.6398400E-001
          8.5334600E+000             8.6398400E-001
          8.5349600E+000             8.6398400E-001
          8.5364600E+000             1.3609720E+000
          8.5379600E+000             1.3609720E+000
          8.5394600E+000             1.3609720E+000
          8.5409600E+000             9.4701600E-001
          8.5424600E+000             9.4701600E-001
          8.5439600E+000             9.4701600E-001
          8.5454600E+000             2.6932200E-001
          8.5469600E+000             2.6932200E-001
          8.5484600E+000             2.6932200E-001
          8.5499600E+000             2.6932200E-001
          8.5514600E+000            -1.9085600E-001
          8.5529600E+000            -1.9085600E-001
          8.5544600E+000            -1.9085600E-001
          8.5559600E+000            -1.4244400E-001
          8.5574600E+000            -1.4244400E-001
          8.5589600E+000            -1.4244400E-001
          8.5604600E+000             5.5715400E-001
          8.5619600E+000             5.5715400E-001
          8.5634600E+000             5.5715400E-001
          8.5649600E+000             5.5715400E-001
          8.5664600E+000             1.7026320E+000
          8.5679600E+000             1.7026320E+000
          8.5694600E+000             1.7026320E+000
          8.5709600E+000             2.7918480E+000
          8.5724600E+000             2.7918480E+000
          8.5739600E+000             2.7918480E+000
          8.5754600E+000             3.6009234E+000
          8.5769600E+000             3.6009234E+000
          8.5784600E+000             3.6009234E+000
          8.5799600E+000             3.6009234E+000
          8.5814600E+000             4.3752058E+000
          8.5829600E+000             4.3752058E+000
          8.5844600E+000             4.3752058E+000
          8.5859600E+000             5.3201872E+000
          8.5874600E+000             5.3201872E+000
          8.5889600E+000             5.3201872E+000
          8.5904600E+000             5.8537504E+000
          8.5919600E+000             5.8537504E+000
          8.5934600E+000             5.8537504E+000
          8.5949600E+000             5.8537504E+000
          8.5964600E+000             4.7316459E+000
          8.5979600E+000             4.7316459E+000
          8.5994600E+000             4.7316459E+000
          8.6009600E+000             2.0102347E+000
          8.6024600E+000             2.0102347E+000
          8.6039600E+000             2.0102347E+000
          8.6054600E+000            -2.5056720E-001
          8.6069600E+000            -2.5056720E-001
          8.6084600E+000            -2.5056720E-001
          8.6099600E+000            -2.5056720E-001
          8.6114600E+000            -6.6166940E-001
          8.6129600E+000            -6.6166940E-001
          8.6144600E+000            -6.6166940E-001
          8.6159600E+000             8.6440000E-003
          8.6174600E+000             8.6440000E-003
          8.6189600E+000             8.6440000E-003
          8.6204600E+000             5.5561240E-001
          8.6219600E+000             5.5561240E-001
          8.6234600E+000             5.5561240E-001
          8.6249600E+000             5.5561240E-001
          8.6264600E+000             5.2603520E-001
          8.6279600E+000             5.2603520E-001
          8.6294600E+000             5.2603520E-001
          8.6309600E+000            -1.3127000E-001
          8.6324600E+000            -1.3127000E-001
          8.6339600E+000            -1.3127000E-001
          8.6354600E+000            -1.0992384E+000
          8.6369600E+000            -1.0992384E+000
          8.6384600E+000            -1.0992384E+000
          8.6399600E+000            -1.0992384E+000
          8.6414600E+000            -1.7585927E+000
          8.6429600E+000            -1.7585927E+000
          8.6444600E+000            -1.7585927E+000
          8.6459600E+000            -2.0712600E+000
          8.6474600E+000            -2.0712600E+000
          8.6489600E+000            -2.0712600E+000
          8.6504600E+000            -2.4364959E+000
          8.6519600E+000            -2.4364959E+000
          8.6534600E+000            -2.4364959E+000
          8.6549600E+000            -2.4364959E+000
          8.6564600E+000            -2.3459816E+000
          8.6579600E+000            -2.3459816E+000
          8.6594600E+000            -2.3459816E+000
          8.6609600E+000            -1.0440830E+000
          8.6624600E+000            -1.0440830E+000
          8.6639600E+000            -1.0440830E+000
          8.6654600E+000             6.9812080E-001
          8.6669600E+000             6.9812080E-001
          8.6684600E+000             6.9812080E-001
          8.6699600E+000             6.9812080E-001
          8.6714600E+000             1.4766132E+000
          8.6729600E+000             1.4766132E+000
          8.6744600E+000             1.4766132E+000
          8.6759600E+000             1.0409580E+000
          8.6774600E+000             1.0409580E+000
          8.6789600E+000             1.0409580E+000
          8.6804600E+000            -5.6718800E-002
          8.6819600E+000            -5.6718800E-002
          8.6834600E+000            -5.6718800E-002
          8.6849600E+000            -5.6718800E-002
          8.6864600E+000            -1.3566818E+000
          8.6879600E+000            -1.3566818E+000
          8.6894600E+000            -1.3566818E+000
          8.6909600E+000            -2.4568434E+000
          8.6924600E+000            -2.4568434E+000
          8.6939600E+000            -2.4568434E+000
          8.6954600E+000            -2.8980366E+000
          8.6969600E+000            -2.8980366E+000
          8.6984600E+000            -2.8980366E+000
          8.6999600E+000            -2.8980366E+000
          8.7014600E+000            -2.4148966E+000
          8.7029600E+000            -2.4148966E+000
          8.7044600E+000            -2.4148966E+000
          8.7059600E+000            -1.3652162E+000
          8.7074600E+000            -1.3652162E+000
          8.7089600E+000            -1.3652162E+000
          8.7104600E+000            -7.8387460E-001
          8.7119600E+000            -7.8387460E-001
          8.7134600E+000            -7.8387460E-001
          8.7149600E+000            -7.8387460E-001
          8.7164600E+000            -1.5976210E+000
          8.7179600E+000            -1.5976210E+000
          8.7194600E+000            -1.5976210E+000
          8.7209600E+000            -3.7735298E+000
          8.7224600E+000            -3.7735298E+000
          8.7239600E+000            -3.7735298E+000
          8.7254600E+000            -6.3021700E+000
          8.7269600E+000            -6.3021700E+000
          8.7284600E+000            -6.3021700E+000
          8.7299600E+000            -6.3021700E+000
          8.7314600E+000            -7.9085720E+000
          8.7329600E+000            -7.9085720E+000
          8.7344600E+000            -7.9085720E+000
          8.7359600E+000            -7.8573680E+000
          8.7374600E+000            -7.8573680E+000
          8.7389600E+000            -7.8573680E+000
          8.7404600E+000            -6.3161220E+000
          8.7419600E+000            -6.3161220E+000
          8.7434600E+000            -6.3161220E+000
          8.7449600E+000            -6.3161220E+000
          8.7464600E+000            -4.0820380E+000
          8.7479600E+000            -4.0820380E+000
          8.7494600E+000            -4.0820380E+000
          8.7509600E+000            -1.9429820E+000
          8.7524600E+000            -1.9429820E+000
          8.7539600E+000            -1.9429820E+000
          8.7554600E+000            -2.7363200E-001
          8.7569600E+000            -2.7363200E-001
          8.7584600E+000            -2.7363200E-001
          8.7599600E+000            -2.7363200E-001
          8.7614600E+000             9.5428200E-001
          8.7629600E+000             9.5428200E-001
          8.7644600E+000             9.5428200E-001
          8.7659600E+000             2.0648520E+000
          8.7674600E+000             2.0648520E+000
          8.7689600E+000             2.0648520E+000
          8.7704600E+000             3.5338920E+000
          8.7719600E+000             3.5338920E+000
          8.7734600E+000             3.5338920E+000
          8.7749600E+000             3.5338920E+000
          8.7764600E+000             5.3506680E+000
          8.7779600E+000             5.3506680E+000
          8.7794600E+000             5.3506680E+000
          8.7809600E+000             6.6224080E+000
          8.7824600E+000             6.6224080E+000
          8.7839600E+000             6.6224080E+000
          8.7854600E+000             6.6387200E+000
          8.7869600E+000             6.6387200E+000
          8.7884600E+000             6.6387200E+000
          8.7899600E+000             6.6387200E+000
          8.7914600E+000             5.9953600E+000
          8.7929600E+000             5.9953600E+000
          8.7944600E+000             5.9953600E+000
          8.7959600E+000             6.1612688E+000
          8.7974600E+000             6.1612688E+000
          8.7989600E+000             6.1612688E+000
          8.8004600E+000             7.6732808E+000
          8.8019600E+000             7.6732808E+000
          8.8034600E+000             7.6732808E+000
          8.8049600E+000             7.6732808E+000
          8.8064600E+000             8.8299571E+000
          8.8079600E+000             8.8299571E+000
          8.8094600E+000             8.8299571E+000
          8.8109600E+000             7.7852885E+000
          8.8124600E+000             7.7852885E+000
          8.8139600E+000             7.7852885E+000
          8.8154600E+000             5.4575800E+000
          8.8169600E+000             5.4575800E+000
          8.8184600E+000             5.4575800E+000
          8.8199600E+000             5.4575800E+000
          8.8214600E+000             4.2925564E+000
          8.8229600E+000             4.2925564E+000
          8.8244600E+000             4.2925564E+000
          8.8259600E+000             5.1902284E+000
          8.8274600E+000             5.1902284E+000
          8.8289600E+000             5.1902284E+000
          8.8304600E+000             6.7089740E+000
          8.8319600E+000             6.7089740E+000
          8.8334600E+000             6.7089740E+000
          8.8349600E+000             6.7089740E+000
          8.8364600E+000             6.8682120E+000
          8.8379600E+000             6.8682120E+000
          8.8394600E+000             6.8682120E+000
          8.8409600E+000             5.5045340E+000
          8.8424600E+000             5.5045340E+000
          8.8439600E+000             5.5045340E+000
          8.8454600E+000             3.6722880E+000
          8.8469600E+000             3.6722880E+000
          8.8484600E+000             3.6722880E+000
          8.8499600E+000             3.6722880E+000
          8.8514600E+000             1.3501060E+000
          8.8529600E+000             1.3501060E+000
          8.8544600E+000             1.3501060E+000
          8.8559600E+000            -1.7028540E+000
          8.8574600E+000            -1.7028540E+000
          8.8589600E+000            -1.7028540E+000
          8.8604600E+000            -4.2288400E+000
          8.8619600E+000            -4.2288400E+000
          8.8634600E+000            -4.2288400E+000
          8.8649600E+000            -4.2288400E+000
          8.8664600E+000            -5.1061480E+000
          8.8679600E+000            -5.1061480E+000
          8.8694600E+000            -5.1061480E+000
          8.8709600E+000            -4.9800540E+000
          8.8724600E+000            -4.9800540E+000
          8.8739600E+000            -4.9800540E+000
          8.8754600E+000            -5.0924340E+000
          8.8769600E+000            -5.0924340E+000
          8.8784600E+000            -5.0924340E+000
          8.8799600E+000            -5.0924340E+000
          8.8814600E+000            -5.6740510E+000
          8.8829600E+000            -5.6740510E+000
          8.8844600E+000            -5.6740510E+000
          8.8859600E+000            -5.9155562E+000
          8.8874600E+000            -5.9155562E+000
          8.8889600E+000            -5.9155562E+000
          8.8904600E+000            -5.6357738E+000
          8.8919600E+000            -5.6357738E+000
          8.8934600E+000            -5.6357738E+000
          8.8949600E+000            -5.6357738E+000
          8.8964600E+000            -5.9768448E+000
          8.8979600E+000            -5.9768448E+000
          8.8994600E+000            -5.9768448E+000
          8.9009600E+000            -7.3950582E+000
          8.9024600E+000            -7.3950582E+000
          8.9039600E+000            -7.3950582E+000
          8.9054600E+000            -8.6305412E+000
          8.9069600E+000            -8.6305412E+000
          8.9084600E+000            -8.6305412E+000
          8.9099600E+000            -8.6305412E+000
          8.9114600E+000            -8.4489268E+000
          8.9129600E+000            -8.4489268E+000
          8.9144600E+000            -8.4489268E+000
          8.9159600E+000            -7.0022200E+000
          8.9174600E+000            -7.0022200E+000
          8.9189600E+000            -7.0022200E+000
          8.9204600E+000            -5.1418760E+000
          8.9219600E+000            -5.1418760E+000
          8.9234600E+000            -5.1418760E+000
          8.9249600E+000            -5.1418760E+000
          8.9264600E+000            -2.9758040E+000
          8.9279600E+000            -2.9758040E+000
          8.9294600E+000            -2.9758040E+000
          8.9309600E+000            -2.2902200E-001
          8.9324600E+000            -2.2902200E-001
          8.9339600E+000            -2.2902200E-001
          8.9354600E+000             1.9759280E+000
          8.9369600E+000             1.9759280E+000
          8.9384600E+000             1.9759280E+000
          8.9399600E+000             1.9759280E+000
          8.9414600E+000             2.2683760E+000
          8.9429600E+000             2.2683760E+000
          8.9444600E+000             2.2683760E+000
          8.9459600E+000             1.7295380E+000
          8.9474600E+000             1.7295380E+000
          8.9489600E+000             1.7295380E+000
          8.9504600E+000             2.4801560E+000
          8.9519600E+000             2.4801560E+000
          8.9534600E+000             2.4801560E+000
          8.9549600E+000             2.4801560E+000
          8.9564600E+000             4.6291600E+000
          8.9579600E+000             4.6291600E+000
          8.9594600E+000             4.6291600E+000
          8.9609600E+000             6.6007374E+000
          8.9624600E+000             6.6007374E+000
          8.9639600E+000             6.6007374E+000
          8.9654600E+000             7.1011290E+000
          8.9669600E+000             7.1011290E+000
          8.9684600E+000             7.1011290E+000
          8.9699600E+000             7.1011290E+000
          8.9714600E+000             5.9926088E+000
          8.9729600E+000             5.9926088E+000
          8.9744600E+000             5.9926088E+000
          8.9759600E+000             4.2321068E+000
          8.9774600E+000             4.2321068E+000
          8.9789600E+000             4.2321068E+000
          8.9804600E+000             3.1188501E+000
          8.9819600E+000             3.1188501E+000
          8.9834600E+000             3.1188501E+000
          8.9849600E+000             3.1188501E+000
          8.9864600E+000             3.0527969E+000
          8.9879600E+000             3.0527969E+000
          8.9894600E+000             3.0527969E+000
          8.9909600E+000             3.4103330E+000
          8.9924600E+000             3.4103330E+000
          8.9939600E+000             3.4103330E+000
          8.9954600E+000             3.7616080E+000
          8.9969600E+000             3.7616080E+000
          8.9984600E+000             3.7616080E+000
          8.9999600E+000             3.7616080E+000
          9.0014600E+000             4.0018666E+000
          9.0029600E+000             4.0018666E+000
          9.0044600E+000             4.0018666E+000
          9.0059600E+000             3.6107702E+000
          9.0074600E+000             3.6107702E+000
          9.0089600E+000             3.6107702E+000
          9.0104600E+000             2.4142012E+000
          9.0119600E+000             2.4142012E+000
          9.0134600E+000             2.4142012E+000
          9.0149600E+000             2.4142012E+000
          9.0164600E+000             1.1913680E+000
          9.0179600E+000             1.1913680E+000
          9.0194600E+000             1.1913680E+000
          9.0209600E+000             3.1803200E-001
          9.0224600E+000             3.1803200E-001
          9.0239600E+000             3.1803200E-001
          9.0254600E+000            -4.9269400E-001
          9.0269600E+000            -4.9269400E-001
          9.0284600E+000            -4.9269400E-001
          9.0299600E+000            -4.9269400E-001
          9.0314600E+000            -8.1062600E-001
          9.0329600E+000            -8.1062600E-001
          9.0344600E+000            -8.1062600E-001
          9.0359600E+000            -9.7496000E-002
          9.0374600E+000            -9.7496000E-002
          9.0389600E+000            -9.7496000E-002
          9.0404600E+000             8.9053600E-001
          9.0419600E+000             8.9053600E-001
          9.0434600E+000             8.9053600E-001
          9.0449600E+000             8.9053600E-001
          9.0464600E+000             1.1185260E+000
          9.0479600E+000             1.1185260E+000
          9.0494600E+000             1.1185260E+000
          9.0509600E+000             6.9281400E-001
          9.0524600E+000             6.9281400E-001
          9.0539600E+000             6.9281400E-001
          9.0554600E+000             4.2441200E-001
          9.0569600E+000             4.2441200E-001
          9.0584600E+000             4.2441200E-001
          9.0599600E+000             4.2441200E-001
          9.0614600E+000             5.3961400E-001
          9.0629600E+000             5.3961400E-001
          9.0644600E+000             5.3961400E-001
          9.0659600E+000             3.2224600E-001
          9.0674600E+000             3.2224600E-001
          9.0689600E+000             3.2224600E-001
          9.0704600E+000            -5.8422400E-001
          9.0719600E+000            -5.8422400E-001
          9.0734600E+000            -5.8422400E-001
          9.0749600E+000            -5.8422400E-001
          9.0764600E+000            -1.3833760E+000
          9.0779600E+000            -1.3833760E+000
          9.0794600E+000            -1.3833760E+000
          9.0809600E+000            -1.3605640E+000
          9.0824600E+000            -1.3605640E+000
          9.0839600E+000            -1.3605640E+000
          9.0854600E+000            -8.7676600E-001
          9.0869600E+000            -8.7676600E-001
          9.0884600E+000            -8.7676600E-001
          9.0899600E+000            -8.7676600E-001
          9.0914600E+000            -7.7987000E-001
          9.0929600E+000            -7.7987000E-001
          9.0944600E+000            -7.7987000E-001
          9.0959600E+000            -1.4135632E+000
          9.0974600E+000            -1.4135632E+000
          9.0989600E+000            -1.4135632E+000
          9.1004600E+000            -2.2835992E+000
          9.1019600E+000            -2.2835992E+000
          9.1034600E+000            -2.2835992E+000
          9.1049600E+000            -2.2835992E+000
          9.1064600E+000            -2.5883812E+000
          9.1079600E+000            -2.5883812E+000
          9.1094600E+000            -2.5883812E+000
          9.1109600E+000            -1.9964958E+000
          9.1124600E+000            -1.9964958E+000
          9.1139600E+000            -1.9964958E+000
          9.1154600E+000            -9.0864920E-001
          9.1169600E+000            -9.0864920E-001
          9.1184600E+000            -9.0864920E-001
          9.1199600E+000            -9.0864920E-001
          9.1214600E+000            -1.0544600E-002
          9.1229600E+000            -1.0544600E-002
          9.1244600E+000            -1.0544600E-002
          9.1259600E+000             3.8971840E-001
          9.1274600E+000             3.8971840E-001
          9.1289600E+000             3.8971840E-001
          9.1304600E+000             5.6794280E-001
          9.1319600E+000             5.6794280E-001
          9.1334600E+000             5.6794280E-001
          9.1349600E+000             5.6794280E-001
          9.1364600E+000             8.9281580E-001
          9.1379600E+000             8.9281580E-001
          9.1394600E+000             8.9281580E-001
          9.1409600E+000             1.1799560E+000
          9.1424600E+000             1.1799560E+000
          9.1439600E+000             1.1799560E+000
          9.1454600E+000             9.6717220E-001
          9.1469600E+000             9.6717220E-001
          9.1484600E+000             9.6717220E-001
          9.1499600E+000             9.6717220E-001
          9.1514600E+000             3.5363900E-001
          9.1529600E+000             3.5363900E-001
          9.1544600E+000             3.5363900E-001
          9.1559600E+000             1.6480000E-004
          9.1574600E+000             1.6480000E-004
          9.1589600E+000             1.6480000E-004
          9.1604600E+000             4.0218580E-001
          9.1619600E+000             4.0218580E-001
          9.1634600E+000             4.0218580E-001
          9.1649600E+000             4.0218580E-001
          9.1664600E+000             1.4006680E+000
          9.1679600E+000             1.4006680E+000
          9.1694600E+000             1.4006680E+000
          9.1709600E+000             2.4657404E+000
          9.1724600E+000             2.4657404E+000
          9.1739600E+000             2.4657404E+000
          9.1754600E+000             3.3683540E+000
          9.1769600E+000             3.3683540E+000
          9.1784600E+000             3.3683540E+000
          9.1799600E+000             3.3683540E+000
          9.1814600E+000             4.0433440E+000
          9.1829600E+000             4.0433440E+000
          9.1844600E+000             4.0433440E+000
          9.1859600E+000             4.0619660E+000
          9.1874600E+000             4.0619660E+000
          9.1889600E+000             4.0619660E+000
          9.1904600E+000             3.0607240E+000
          9.1919600E+000             3.0607240E+000
          9.1934600E+000             3.0607240E+000
          9.1949600E+000             3.0607240E+000
          9.1964600E+000             1.3836680E+000
          9.1979600E+000             1.3836680E+000
          9.1994600E+000             1.3836680E+000
          9.2009600E+000            -1.7533600E-001
          9.2024600E+000            -1.7533600E-001
          9.2039600E+000            -1.7533600E-001
          9.2054600E+000            -1.1268040E+000
          9.2069600E+000            -1.1268040E+000
          9.2084600E+000            -1.1268040E+000
          9.2099600E+000            -1.1268040E+000
          9.2114600E+000            -1.6589920E+000
          9.2129600E+000            -1.6589920E+000
          9.2144600E+000            -1.6589920E+000
          9.2159600E+000            -2.1526240E+000
          9.2174600E+000            -2.1526240E+000
          9.2189600E+000            -2.1526240E+000
          9.2204600E+000            -2.6023620E+000
          9.2219600E+000            -2.6023620E+000
          9.2234600E+000            -2.6023620E+000
          9.2249600E+000            -2.6023620E+000
          9.2264600E+000            -2.8303480E+000
          9.2279600E+000            -2.8303480E+000
          9.2294600E+000            -2.8303480E+000
          9.2309600E+000            -3.0450860E+000
          9.2324600E+000            -3.0450860E+000
          9.2339600E+000            -3.0450860E+000
          9.2354600E+000            -3.8233234E+000
          9.2369600E+000            -3.8233234E+000
          9.2384600E+000            -3.8233234E+000
          9.2399600E+000            -3.8233234E+000
          9.2414600E+000            -4.9708158E+000
          9.2429600E+000            -4.9708158E+000
          9.2444600E+000            -4.9708158E+000
          9.2459600E+000            -5.1641328E+000
          9.2474600E+000            -5.1641328E+000
          9.2489600E+000            -5.1641328E+000
          9.2504600E+000            -4.0551840E+000
          9.2519600E+000            -4.0551840E+000
          9.2534600E+000            -4.0551840E+000
          9.2549600E+000            -4.0551840E+000
          9.2564600E+000            -3.0485455E+000
          9.2579600E+000            -3.0485455E+000
          9.2594600E+000            -3.0485455E+000
          9.2609600E+000            -2.9427746E+000
          9.2624600E+000            -2.9427746E+000
          9.2639600E+000            -2.9427746E+000
          9.2654600E+000            -2.9779239E+000
          9.2669600E+000            -2.9779239E+000
          9.2684600E+000            -2.9779239E+000
          9.2699600E+000            -2.9779239E+000
          9.2714600E+000            -2.4187628E+000
          9.2729600E+000            -2.4187628E+000
          9.2744600E+000            -2.4187628E+000
          9.2759600E+000            -1.5550654E+000
          9.2774600E+000            -1.5550654E+000
          9.2789600E+000            -1.5550654E+000
          9.2804600E+000            -1.0431166E+000
          9.2819600E+000            -1.0431166E+000
          9.2834600E+000            -1.0431166E+000
          9.2849600E+000            -1.0431166E+000
          9.2864600E+000            -7.3271180E-001
          9.2879600E+000            -7.3271180E-001
          9.2894600E+000            -7.3271180E-001
          9.2909600E+000            -1.0645940E-001
          9.2924600E+000            -1.0645940E-001
          9.2939600E+000            -1.0645940E-001
          9.2954600E+000             3.1561040E-001
          9.2969600E+000             3.1561040E-001
          9.2984600E+000             3.1561040E-001
          9.2999600E+000             3.1561040E-001
          9.3014600E+000            -1.8400340E-001
          9.3029600E+000            -1.8400340E-001
          9.3044600E+000            -1.8400340E-001
          9.3059600E+000            -8.7357260E-001
          9.3074600E+000            -8.7357260E-001
          9.3089600E+000            -8.7357260E-001
          9.3104600E+000            -3.7815300E-001
          9.3119600E+000            -3.7815300E-001
          9.3134600E+000            -3.7815300E-001
          9.3149600E+000            -3.7815300E-001
          9.3164600E+000             1.5078666E+000
          9.3179600E+000             1.5078666E+000
          9.3194600E+000             1.5078666E+000
          9.3209600E+000             3.4986882E+000
          9.3224600E+000             3.4986882E+000
          9.3239600E+000             3.4986882E+000
          9.3254600E+000             4.1157084E+000
          9.3269600E+000             4.1157084E+000
          9.3284600E+000             4.1157084E+000
          9.3299600E+000             4.1157084E+000
          9.3314600E+000             3.1441926E+000
          9.3329600E+000             3.1441926E+000
          9.3344600E+000             3.1441926E+000
          9.3359600E+000             1.8187472E+000
          9.3374600E+000             1.8187472E+000
          9.3389600E+000             1.8187472E+000
          9.3404600E+000             1.4827844E+000
          9.3419600E+000             1.4827844E+000
          9.3434600E+000             1.4827844E+000
          9.3449600E+000             1.4827844E+000
          9.3464600E+000             1.9357908E+000
          9.3479600E+000             1.9357908E+000
          9.3494600E+000             1.9357908E+000
          9.3509600E+000             1.8084802E+000
          9.3524600E+000             1.8084802E+000
          9.3539600E+000             1.8084802E+000
          9.3554600E+000             4.7371180E-001
          9.3569600E+000             4.7371180E-001
          9.3584600E+000             4.7371180E-001
          9.3599600E+000             4.7371180E-001
          9.3614600E+000            -1.4120734E+000
          9.3629600E+000            -1.4120734E+000
          9.3644600E+000            -1.4120734E+000
          9.3659600E+000            -2.9821602E+000
          9.3674600E+000            -2.9821602E+000
          9.3689600E+000            -2.9821602E+000
          9.3704600E+000            -4.1877350E+000
          9.3719600E+000            -4.1877350E+000
          9.3734600E+000            -4.1877350E+000
          9.3749600E+000            -4.1877350E+000
          9.3764600E+000            -5.3311796E+000
          9.3779600E+000            -5.3311796E+000
          9.3794600E+000            -5.3311796E+000
          9.3809600E+000            -5.8456320E+000
          9.3824600E+000            -5.8456320E+000
          9.3839600E+000            -5.8456320E+000
          9.3854600E+000            -4.9908144E+000
          9.3869600E+000            -4.9908144E+000
          9.3884600E+000            -4.9908144E+000
          9.3899600E+000            -4.9908144E+000
          9.3914600E+000            -3.3845800E+000
          9.3929600E+000            -3.3845800E+000
          9.3944600E+000            -3.3845800E+000
          9.3959600E+000            -2.4327690E+000
          9.3974600E+000            -2.4327690E+000
          9.3989600E+000            -2.4327690E+000
          9.4004600E+000            -2.7228780E+000
          9.4019600E+000            -2.7228780E+000
          9.4034600E+000            -2.7228780E+000
          9.4049600E+000            -2.7228780E+000
          9.4064600E+000            -3.5490660E+000
          9.4079600E+000            -3.5490660E+000
          9.4094600E+000            -3.5490660E+000
          9.4109600E+000            -3.7552980E+000
          9.4124600E+000            -3.7552980E+000
          9.4139600E+000            -3.7552980E+000
          9.4154600E+000            -2.7840620E+000
          9.4169600E+000            -2.7840620E+000
          9.4184600E+000            -2.7840620E+000
          9.4199600E+000            -2.7840620E+000
          9.4214600E+000            -8.6931800E-001
          9.4229600E+000            -8.6931800E-001
          9.4244600E+000            -8.6931800E-001
          9.4259600E+000             9.7301000E-001
          9.4274600E+000             9.7301000E-001
          9.4289600E+000             9.7301000E-001
          9.4304600E+000             1.0001340E+000
          9.4319600E+000             1.0001340E+000
          9.4334600E+000             1.0001340E+000
          9.4349600E+000             1.0001340E+000
          9.4364600E+000            -1.4601120E+000
          9.4379600E+000            -1.4601120E+000
          9.4394600E+000            -1.4601120E+000
          9.4409600E+000            -4.4985280E+000
          9.4424600E+000            -4.4985280E+000
          9.4439600E+000            -4.4985280E+000
          9.4454600E+000            -6.0486620E+000
          9.4469600E+000            -6.0486620E+000
          9.4484600E+000            -6.0486620E+000
          9.4499600E+000            -6.0486620E+000
          9.4514600E+000            -6.1721620E+000
          9.4529600E+000            -6.1721620E+000
          9.4544600E+000            -6.1721620E+000
          9.4559600E+000            -5.3069460E+000
          9.4574600E+000            -5.3069460E+000
          9.4589600E+000            -5.3069460E+000
          9.4604600E+000            -3.3589940E+000
          9.4619600E+000            -3.3589940E+000
          9.4634600E+000            -3.3589940E+000
          9.4649600E+000            -3.3589940E+000
          9.4664600E+000            -1.2783900E+000
          9.4679600E+000            -1.2783900E+000
          9.4694600E+000            -1.2783900E+000
          9.4709600E+000            -6.4810600E-001
          9.4724600E+000            -6.4810600E-001
          9.4739600E+000            -6.4810600E-001
          9.4754600E+000            -1.5963820E+000
          9.4769600E+000            -1.5963820E+000
          9.4784600E+000            -1.5963820E+000
          9.4799600E+000            -1.5963820E+000
          9.4814600E+000            -2.4444900E+000
          9.4829600E+000            -2.4444900E+000
          9.4844600E+000            -2.4444900E+000
          9.4859600E+000            -1.4745840E+000
          9.4874600E+000            -1.4745840E+000
          9.4889600E+000            -1.4745840E+000
          9.4904600E+000             1.3736080E+000
          9.4919600E+000             1.3736080E+000
          9.4934600E+000             1.3736080E+000
          9.4949600E+000             1.3736080E+000
          9.4964600E+000             4.9237100E+000
          9.4979600E+000             4.9237100E+000
          9.4994600E+000             4.9237100E+000
          9.5009600E+000             8.0898660E+000
          9.5024600E+000             8.0898660E+000
          9.5039600E+000             8.0898660E+000
          9.5054600E+000             1.0071230E+001
          9.5069600E+000             1.0071230E+001
          9.5084600E+000             1.0071230E+001
          9.5099600E+000             1.0071230E+001
          9.5114600E+000             1.0252138E+001
          9.5129600E+000             1.0252138E+001
          9.5144600E+000             1.0252138E+001
          9.5159600E+000             8.6895940E+000
          9.5174600E+000             8.6895940E+000
          9.5189600E+000             8.6895940E+000
          9.5204600E+000             6.2256914E+000
          9.5219600E+000             6.2256914E+000
          9.5234600E+000             6.2256914E+000
          9.5249600E+000             6.2256914E+000
          9.5264600E+000             4.0630474E+000
          9.5279600E+000             4.0630474E+000
          9.5294600E+000             4.0630474E+000
          9.5309600E+000             3.5028426E+000
          9.5324600E+000             3.5028426E+000
          9.5339600E+000             3.5028426E+000
          9.5354600E+000             4.9880618E+000
          9.5369600E+000             4.9880618E+000
          9.5384600E+000             4.9880618E+000
          9.5399600E+000             4.9880618E+000
          9.5414600E+000             6.8506032E+000
          9.5429600E+000             6.8506032E+000
          9.5444600E+000             6.8506032E+000
          9.5459600E+000             6.8678654E+000
          9.5474600E+000             6.8678654E+000
          9.5489600E+000             6.8678654E+000
          9.5504600E+000             4.9744384E+000
          9.5519600E+000             4.9744384E+000
          9.5534600E+000             4.9744384E+000
          9.5549600E+000             4.9744384E+000
          9.5564600E+000             2.6216568E+000
          9.5579600E+000             2.6216568E+000
          9.5594600E+000             2.6216568E+000
          9.5609600E+000             9.9870180E-001
          9.5624600E+000             9.9870180E-001
          9.5639600E+000             9.9870180E-001
          9.5654600E+000             1.0776610E+000
          9.5669600E+000             1.0776610E+000
          9.5684600E+000             1.0776610E+000
          9.5699600E+000             1.0776610E+000
          9.5714600E+000             2.9929562E+000
          9.5729600E+000             2.9929562E+000
          9.5744600E+000             2.9929562E+000
          9.5759600E+000             4.9683280E+000
          9.5774600E+000             4.9683280E+000
          9.5789600E+000             4.9683280E+000
          9.5804600E+000             4.9915120E+000
          9.5819600E+000             4.9915120E+000
          9.5834600E+000             4.9915120E+000
          9.5849600E+000             4.9915120E+000
          9.5864600E+000             3.0569080E+000
          9.5879600E+000             3.0569080E+000
          9.5894600E+000             3.0569080E+000
          9.5909600E+000             6.1967000E-001
          9.5924600E+000             6.1967000E-001
          9.5939600E+000             6.1967000E-001
          9.5954600E+000            -1.2586940E+000
          9.5969600E+000            -1.2586940E+000
          9.5984600E+000            -1.2586940E+000
          9.5999600E+000            -1.2586940E+000
          9.6014600E+000            -2.6239500E+000
          9.6029600E+000            -2.6239500E+000
          9.6044600E+000            -2.6239500E+000
          9.6059600E+000            -3.5751320E+000
          9.6074600E+000            -3.5751320E+000
          9.6089600E+000            -3.5751320E+000
          9.6104600E+000            -3.5264240E+000
          9.6119600E+000            -3.5264240E+000
          9.6134600E+000            -3.5264240E+000
          9.6149600E+000            -3.5264240E+000
          9.6164600E+000            -2.4819380E+000
          9.6179600E+000            -2.4819380E+000
          9.6194600E+000            -2.4819380E+000
          9.6209600E+000            -1.4644586E+000
          9.6224600E+000            -1.4644586E+000
          9.6239600E+000            -1.4644586E+000
          9.6254600E+000            -9.6353840E-001
          9.6269600E+000            -9.6353840E-001
          9.6284600E+000            -9.6353840E-001
          9.6299600E+000            -9.6353840E-001
          9.6314600E+000            -6.2703380E-001
          9.6329600E+000            -6.2703380E-001
          9.6344600E+000            -6.2703380E-001
          9.6359600E+000            -3.1041780E-001
          9.6374600E+000            -3.1041780E-001
          9.6389600E+000            -3.1041780E-001
          9.6404600E+000            -1.7364020E-001
          9.6419600E+000            -1.7364020E-001
          9.6434600E+000            -1.7364020E-001
          9.6449600E+000            -1.7364020E-001
          9.6464600E+000            -2.2464480E-001
          9.6479600E+000            -2.2464480E-001
          9.6494600E+000            -2.2464480E-001
          9.6509600E+000            -3.3119660E-001
          9.6524600E+000            -3.3119660E-001
          9.6539600E+000            -3.3119660E-001
          9.6554600E+000            -3.8964780E-001
          9.6569600E+000            -3.8964780E-001
          9.6584600E+000            -3.8964780E-001
          9.6599600E+000            -3.8964780E-001
          9.6614600E+000            -4.8564920E-001
          9.6629600E+000            -4.8564920E-001
          9.6644600E+000            -4.8564920E-001
          9.6659600E+000            -1.0469324E+000
          9.6674600E+000            -1.0469324E+000
          9.6689600E+000            -1.0469324E+000
          9.6704600E+000            -2.3545638E+000
          9.6719600E+000            -2.3545638E+000
          9.6734600E+000            -2.3545638E+000
          9.6749600E+000            -2.3545638E+000
          9.6764600E+000            -3.7996262E+000
          9.6779600E+000            -3.7996262E+000
          9.6794600E+000            -3.7996262E+000
          9.6809600E+000            -4.6410458E+000
          9.6824600E+000            -4.6410458E+000
          9.6839600E+000            -4.6410458E+000
          9.6854600E+000            -5.0925445E+000
          9.6869600E+000            -5.0925445E+000
          9.6884600E+000            -5.0925445E+000
          9.6899600E+000            -5.0925445E+000
          9.6914600E+000            -5.2442345E+000
          9.6929600E+000            -5.2442345E+000
          9.6944600E+000            -5.2442345E+000
          9.6959600E+000            -4.3680532E+000
          9.6974600E+000            -4.3680532E+000
          9.6989600E+000            -4.3680532E+000
          9.7004600E+000            -2.6033058E+000
          9.7019600E+000            -2.6033058E+000
          9.7034600E+000            -2.6033058E+000
          9.7049600E+000            -2.6033058E+000
          9.7064600E+000            -1.1961054E+000
          9.7079600E+000            -1.1961054E+000
          9.7094600E+000            -1.1961054E+000
          9.7109600E+000            -5.7348460E-001
          9.7124600E+000            -5.7348460E-001
          9.7139600E+000            -5.7348460E-001
          9.7154600E+000            -6.3486800E-002
          9.7169600E+000            -6.3486800E-002
          9.7184600E+000            -6.3486800E-002
          9.7199600E+000            -6.3486800E-002
          9.7214600E+000             7.2548460E-001
          9.7229600E+000             7.2548460E-001
          9.7244600E+000             7.2548460E-001
          9.7259600E+000             1.3567250E+000
          9.7274600E+000             1.3567250E+000
          9.7289600E+000             1.3567250E+000
          9.7304600E+000             1.2696004E+000
          9.7319600E+000             1.2696004E+000
          9.7334600E+000             1.2696004E+000
          9.7349600E+000             1.2696004E+000
          9.7364600E+000             5.3778840E-001
          9.7379600E+000             5.3778840E-001
          9.7394600E+000             5.3778840E-001
          9.7409600E+000            -4.0498960E-001
          9.7424600E+000            -4.0498960E-001
          9.7439600E+000            -4.0498960E-001
          9.7454600E+000            -1.2237764E+000
          9.7469600E+000            -1.2237764E+000
          9.7484600E+000            -1.2237764E+000
          9.7499600E+000            -1.2237764E+000
          9.7514600E+000            -1.3695206E+000
          9.7529600E+000            -1.3695206E+000
          9.7544600E+000            -1.3695206E+000
          9.7559600E+000            -4.2057140E-001
          9.7574600E+000            -4.2057140E-001
          9.7589600E+000            -4.2057140E-001
          9.7604600E+000             9.8325880E-001
          9.7619600E+000             9.8325880E-001
          9.7634600E+000             9.8325880E-001
          9.7649600E+000             9.8325880E-001
          9.7664600E+000             1.9829604E+000
          9.7679600E+000             1.9829604E+000
          9.7694600E+000             1.9829604E+000
          9.7709600E+000             2.8145776E+000
          9.7724600E+000             2.8145776E+000
          9.7739600E+000             2.8145776E+000
          9.7754600E+000             3.9464780E+000
          9.7769600E+000             3.9464780E+000
          9.7784600E+000             3.9464780E+000
          9.7799600E+000             3.9464780E+000
          9.7814600E+000             5.2084922E+000
          9.7829600E+000             5.2084922E+000
          9.7844600E+000             5.2084922E+000
          9.7859600E+000             6.5555600E+000
          9.7874600E+000             6.5555600E+000
          9.7889600E+000             6.5555600E+000
          9.7904600E+000             7.8956186E+000
          9.7919600E+000             7.8956186E+000
          9.7934600E+000             7.8956186E+000
          9.7949600E+000             7.8956186E+000
          9.7964600E+000             8.3670042E+000
          9.7979600E+000             8.3670042E+000
          9.7994600E+000             8.3670042E+000
          9.8009600E+000             7.6007520E+000
          9.8024600E+000             7.6007520E+000
          9.8039600E+000             7.6007520E+000
          9.8054600E+000             6.4423280E+000
          9.8069600E+000             6.4423280E+000
          9.8084600E+000             6.4423280E+000
          9.8099600E+000             6.4423280E+000
          9.8114600E+000             5.3052880E+000
          9.8129600E+000             5.3052880E+000
          9.8144600E+000             5.3052880E+000
          9.8159600E+000             3.6152840E+000
          9.8174600E+000             3.6152840E+000
          9.8189600E+000             3.6152840E+000
          9.8204600E+000             1.0171020E+000
          9.8219600E+000             1.0171020E+000
          9.8234600E+000             1.0171020E+000
          9.8249600E+000             1.0171020E+000
          9.8264600E+000            -2.2020840E+000
          9.8279600E+000            -2.2020840E+000
          9.8294600E+000            -2.2020840E+000
          9.8309600E+000            -5.3963080E+000
          9.8324600E+000            -5.3963080E+000
          9.8339600E+000            -5.3963080E+000
          9.8354600E+000            -7.7804580E+000
          9.8369600E+000            -7.7804580E+000
          9.8384600E+000            -7.7804580E+000
          9.8399600E+000            -7.7804580E+000
          9.8414600E+000            -8.9619520E+000
          9.8429600E+000            -8.9619520E+000
          9.8444600E+000            -8.9619520E+000
          9.8459600E+000            -9.3114032E+000
          9.8474600E+000            -9.3114032E+000
          9.8489600E+000            -9.3114032E+000
          9.8504600E+000            -9.3287698E+000
          9.8519600E+000            -9.3287698E+000
          9.8534600E+000            -9.3287698E+000
          9.8549600E+000            -9.3287698E+000
          9.8564600E+000            -9.0140710E+000
          9.8579600E+000            -9.0140710E+000
          9.8594600E+000            -9.0140710E+000
          9.8609600E+000            -8.3323176E+000
          9.8624600E+000            -8.3323176E+000
          9.8639600E+000            -8.3323176E+000
          9.8654600E+000            -7.3303944E+000
          9.8669600E+000            -7.3303944E+000
          9.8684600E+000            -7.3303944E+000
          9.8699600E+000            -7.3303944E+000
          9.8714600E+000            -5.6804340E+000
          9.8729600E+000            -5.6804340E+000
          9.8744600E+000            -5.6804340E+000
          9.8759600E+000            -3.7075020E+000
          9.8774600E+000            -3.7075020E+000
          9.8789600E+000            -3.7075020E+000
          9.8804600E+000            -2.9358320E+000
          9.8819600E+000            -2.9358320E+000
          9.8834600E+000            -2.9358320E+000
          9.8849600E+000            -2.9358320E+000
          9.8864600E+000            -3.7669820E+000
          9.8879600E+000            -3.7669820E+000
          9.8894600E+000            -3.7669820E+000
          9.8909600E+000            -4.5138460E+000
          9.8924600E+000            -4.5138460E+000
          9.8939600E+000            -4.5138460E+000
          9.8954600E+000            -3.7691080E+000
          9.8969600E+000            -3.7691080E+000
          9.8984600E+000            -3.7691080E+000
          9.8999600E+000            -3.7691080E+000
          9.9014600E+000            -1.8764760E+000
          9.9029600E+000            -1.8764760E+000
          9.9044600E+000            -1.8764760E+000
          9.9059600E+000            -9.4188000E-002
          9.9074600E+000            -9.4188000E-002
          9.9089600E+000            -9.4188000E-002
          9.9104600E+000             5.6723800E-001
          9.9119600E+000             5.6723800E-001
          9.9134600E+000             5.6723800E-001
          9.9149600E+000             5.6723800E-001
          9.9164600E+000            -8.3834000E-002
          9.9179600E+000            -8.3834000E-002
          9.9194600E+000            -8.3834000E-002
          9.9209600E+000            -1.4139080E+000
          9.9224600E+000            -1.4139080E+000
          9.9239600E+000            -1.4139080E+000
          9.9254600E+000            -2.4126460E+000
          9.9269600E+000            -2.4126460E+000
          9.9284600E+000            -2.4126460E+000
          9.9299600E+000            -2.4126460E+000
          9.9314600E+000            -2.3446680E+000
          9.9329600E+000            -2.3446680E+000
          9.9344600E+000            -2.3446680E+000
          9.9359600E+000            -1.2678540E+000
          9.9374600E+000            -1.2678540E+000
          9.9389600E+000            -1.2678540E+000
          9.9404600E+000             2.5083400E-001
          9.9419600E+000             2.5083400E-001
          9.9434600E+000             2.5083400E-001
          9.9449600E+000             2.5083400E-001
          9.9464600E+000             2.1296020E+000
          9.9479600E+000             2.1296020E+000
          9.9494600E+000             2.1296020E+000
          9.9509600E+000             4.4218540E+000
          9.9524600E+000             4.4218540E+000
          9.9539600E+000             4.4218540E+000
          9.9554600E+000             6.0538260E+000
          9.9569600E+000             6.0538260E+000
          9.9584600E+000             6.0538260E+000
          9.9599600E+000             6.0538260E+000
          9.9614600E+000             5.9533760E+000
          9.9629600E+000             5.9533760E+000
          9.9644600E+000             5.9533760E+000
          9.9659600E+000             4.8593140E+000
          9.9674600E+000             4.8593140E+000
          9.9689600E+000             4.8593140E+000
          9.9704600E+000             4.1945560E+000
          9.9719600E+000             4.1945560E+000
          9.9734600E+000             4.1945560E+000
          9.9749600E+000             4.1945560E+000
          9.9764600E+000             4.3236380E+000
          9.9779600E+000             4.3236380E+000
          9.9794600E+000             4.3236380E+000
          9.9809600E+000             4.8347206E+000
          9.9824600E+000             4.8347206E+000
          9.9839600E+000             4.8347206E+000
          9.9854600E+000             5.4464102E+000
          9.9869600E+000             5.4464102E+000
          9.9884600E+000             5.4464102E+000
          9.9899600E+000             5.4464102E+000
          9.9914600E+000             6.1303500E+000
          9.9929600E+000             6.1303500E+000
          9.9944600E+000             6.1303500E+000
          9.9959600E+000             6.5324281E+000
          9.9974600E+000             6.5324281E+000
          9.9989600E+000             6.5324281E+000
          1.0000460E+001             5.8708299E+000
          1.0001960E+001             5.8708299E+000
          1.0003460E+001             5.8708299E+000
          1.0004960E+001             5.8708299E+000
          1.0006460E+001             3.9068422E+000
          1.0007960E+001             3.9068422E+000
          1.0009460E+001             3.9068422E+000
          1.0010960E+001             1.5651762E+000
          1.0012460E+001             1.5651762E+000
          1.0013960E+001             1.5651762E+000
          1.0015460E+001             1.7115680E-001
          1.0016960E+001             1.7115680E-001
          1.0018460E+001             1.7115680E-001
          1.0019960E+001             1.7115680E-001
          1.0021460E+001             7.2238000E-003
          1.0022960E+001             7.2238000E-003
          1.0024460E+001             7.2238000E-003
          1.0025960E+001            -5.9514000E-003
          1.0027460E+001            -5.9514000E-003
          1.0028960E+001            -5.9514000E-003
          1.0030460E+001            -7.6152820E-001
          1.0031960E+001            -7.6152820E-001
          1.0033460E+001            -7.6152820E-001
          1.0034960E+001            -7.6152820E-001
          1.0036460E+001            -1.8249122E+000
          1.0037960E+001            -1.8249122E+000
          1.0039460E+001            -1.8249122E+000
          1.0040960E+001            -2.2306514E+000
          1.0042460E+001            -2.2306514E+000
          1.0043960E+001            -2.2306514E+000
          1.0045460E+001            -1.7851422E+000
          1.0046960E+001            -1.7851422E+000
          1.0048460E+001            -1.7851422E+000
          1.0049960E+001            -1.7851422E+000
          1.0051460E+001            -1.2320230E+000
          1.0052960E+001            -1.2320230E+000
          1.0054460E+001            -1.2320230E+000
          1.0055960E+001            -1.1103712E+000
          1.0057460E+001            -1.1103712E+000
          1.0058960E+001            -1.1103712E+000
          1.0060460E+001            -1.1567546E+000
          1.0061960E+001            -1.1567546E+000
          1.0063460E+001            -1.1567546E+000
          1.0064960E+001            -1.1567546E+000
          1.0066460E+001            -1.2011615E+000
          1.0067960E+001            -1.2011615E+000
          1.0069460E+001            -1.2011615E+000
          1.0070960E+001            -1.4288019E+000
          1.0072460E+001            -1.4288019E+000
          1.0073960E+001            -1.4288019E+000
          1.0075460E+001            -1.5478467E+000
          1.0076960E+001            -1.5478467E+000
          1.0078460E+001            -1.5478467E+000
          1.0079960E+001            -1.5478467E+000
          1.0081460E+001            -9.4977836E-001
          1.0082960E+001            -9.4977836E-001
          1.0084460E+001            -9.4977836E-001
          1.0085960E+001             3.3298380E-001
          1.0087460E+001             3.3298380E-001
          1.0088960E+001             3.3298380E-001
          1.0090460E+001             1.4885566E+000
          1.0091960E+001             1.4885566E+000
          1.0093460E+001             1.4885566E+000
          1.0094960E+001             1.4885566E+000
          1.0096460E+001             1.8047686E+000
          1.0097960E+001             1.8047686E+000
          1.0099460E+001             1.8047686E+000
          1.0100960E+001             1.5274784E+000
          1.0102460E+001             1.5274784E+000
          1.0103960E+001             1.5274784E+000
          1.0105460E+001             1.3049576E+000
          1.0106960E+001             1.3049576E+000
          1.0108460E+001             1.3049576E+000
          1.0109960E+001             1.3049576E+000
          1.0111460E+001             1.0599652E+000
          1.0112960E+001             1.0599652E+000
          1.0114460E+001             1.0599652E+000
          1.0115960E+001             2.8923980E-001
          1.0117460E+001             2.8923980E-001
          1.0118960E+001             2.8923980E-001
          1.0120460E+001            -8.4486420E-001
          1.0121960E+001            -8.4486420E-001
          1.0123460E+001            -8.4486420E-001
          1.0124960E+001            -8.4486420E-001
          1.0126460E+001            -1.3564220E+000
          1.0127960E+001            -1.3564220E+000
          1.0129460E+001            -1.3564220E+000
          1.0130960E+001            -8.2889480E-001
          1.0132460E+001            -8.2889480E-001
          1.0133960E+001            -8.2889480E-001
          1.0135460E+001            -4.7731722E-001
          1.0136960E+001            -4.7731722E-001
          1.0138460E+001            -4.7731722E-001
          1.0139960E+001            -4.7731722E-001
          1.0141460E+001            -1.2735993E+000
          1.0142960E+001            -1.2735993E+000
          1.0144460E+001            -1.2735993E+000
          1.0145960E+001            -2.0977661E+000
          1.0147460E+001            -2.0977661E+000
          1.0148960E+001            -2.0977661E+000
          1.0150460E+001            -1.4870772E+000
          1.0151960E+001            -1.4870772E+000
          1.0153460E+001            -1.4870772E+000
          1.0154960E+001            -1.4870772E+000
          1.0156460E+001             2.6813200E-001
          1.0157960E+001             2.6813200E-001
          1.0159460E+001             2.6813200E-001
          1.0160960E+001             1.6620589E+000
          1.0162460E+001             1.6620589E+000
          1.0163960E+001             1.6620589E+000
          1.0165460E+001             1.5833339E+000
          1.0166960E+001             1.5833339E+000
          1.0168460E+001             1.5833339E+000
          1.0169960E+001             1.5833339E+000
          1.0171460E+001             1.2454311E-001
          1.0172960E+001             1.2454311E-001
          1.0174460E+001             1.2454311E-001
          1.0175960E+001            -1.7688965E+000
          1.0177460E+001            -1.7688965E+000
          1.0178960E+001            -1.7688965E+000
          1.0180460E+001            -3.0361252E+000
          1.0181960E+001            -3.0361252E+000
          1.0183460E+001            -3.0361252E+000
          1.0184960E+001            -3.0361252E+000
          1.0186460E+001            -3.0109798E+000
          1.0187960E+001            -3.0109798E+000
          1.0189460E+001            -3.0109798E+000
          1.0190960E+001            -1.6932130E+000
          1.0192460E+001            -1.6932130E+000
          1.0193960E+001            -1.6932130E+000
          1.0195460E+001             3.2991440E-001
          1.0196960E+001             3.2991440E-001
          1.0198460E+001             3.2991440E-001
          1.0199960E+001             3.2991440E-001
          1.0201460E+001             2.2285686E+000
          1.0202960E+001             2.2285686E+000
          1.0204460E+001             2.2285686E+000
          1.0205960E+001             3.3191828E+000
          1.0207460E+001             3.3191828E+000
          1.0208960E+001             3.3191828E+000
          1.0210460E+001             3.4348337E+000
          1.0211960E+001             3.4348337E+000
          1.0213460E+001             3.4348337E+000
          1.0214960E+001             3.4348337E+000
          1.0216460E+001             2.9513769E+000
          1.0217960E+001             2.9513769E+000
          1.0219460E+001             2.9513769E+000
          1.0220960E+001             2.4185116E+000
          1.0222460E+001             2.4185116E+000
          1.0223960E+001             2.4185116E+000
          1.0225460E+001             2.3089424E+000
          1.0226960E+001             2.3089424E+000
          1.0228460E+001             2.3089424E+000
          1.0229960E+001             2.3089424E+000
          1.0231460E+001             2.7277802E+000
          1.0232960E+001             2.7277802E+000
          1.0234460E+001             2.7277802E+000
          1.0235960E+001             2.9013246E+000
          1.0237460E+001             2.9013246E+000
          1.0238960E+001             2.9013246E+000
          1.0240460E+001             1.9227302E+000
          1.0241960E+001             1.9227302E+000
          1.0243460E+001             1.9227302E+000
          1.0244960E+001             1.9227302E+000
          1.0246460E+001             3.9247580E-001
          1.0247960E+001             3.9247580E-001
          1.0249460E+001             3.9247580E-001
          1.0250960E+001            -6.2183840E-001
          1.0252460E+001            -6.2183840E-001
          1.0253960E+001            -6.2183840E-001
          1.0255460E+001            -1.7400688E+000
          1.0256960E+001            -1.7400688E+000
          1.0258460E+001            -1.7400688E+000
          1.0259960E+001            -1.7400688E+000
          1.0261460E+001            -3.6379988E+000
          1.0262960E+001            -3.6379988E+000
          1.0264460E+001            -3.6379988E+000
          1.0265960E+001            -5.0468378E+000
          1.0267460E+001            -5.0468378E+000
          1.0268960E+001            -5.0468378E+000
          1.0270460E+001            -4.7655580E+000
          1.0271960E+001            -4.7655580E+000
          1.0273460E+001            -4.7655580E+000
          1.0274960E+001            -4.7655580E+000
          1.0276460E+001            -3.4221878E+000
          1.0277960E+001            -3.4221878E+000
          1.0279460E+001            -3.4221878E+000
          1.0280960E+001            -2.1748864E+000
          1.0282460E+001            -2.1748864E+000
          1.0283960E+001            -2.1748864E+000
          1.0285460E+001            -1.2662258E+000
          1.0286960E+001            -1.2662258E+000
          1.0288460E+001            -1.2662258E+000
          1.0289960E+001            -1.2662258E+000
          1.0291460E+001            -2.4761140E-001
          1.0292960E+001            -2.4761140E-001
          1.0294460E+001            -2.4761140E-001
          1.0295960E+001             8.5888660E-001
          1.0297460E+001             8.5888660E-001
          1.0298960E+001             8.5888660E-001
          1.0300460E+001             1.3447620E+000
          1.0301960E+001             1.3447620E+000
          1.0303460E+001             1.3447620E+000
          1.0304960E+001             1.3447620E+000
          1.0306460E+001             9.2632620E-001
          1.0307960E+001             9.2632620E-001
          1.0309460E+001             9.2632620E-001
          1.0310960E+001             1.4500400E-001
          1.0312460E+001             1.4500400E-001
          1.0313960E+001             1.4500400E-001
          1.0315460E+001            -5.3475920E-001
          1.0316960E+001            -5.3475920E-001
          1.0318460E+001            -5.3475920E-001
          1.0319960E+001            -5.3475920E-001
          1.0321460E+001            -1.4720692E+000
          1.0322960E+001            -1.4720692E+000
          1.0324460E+001            -1.4720692E+000
          1.0325960E+001            -3.2505328E+000
          1.0327460E+001            -3.2505328E+000
          1.0328960E+001            -3.2505328E+000
          1.0330460E+001            -5.3561392E+000
          1.0331960E+001            -5.3561392E+000
          1.0333460E+001            -5.3561392E+000
          1.0334960E+001            -5.3561392E+000
          1.0336460E+001            -6.3809442E+000
          1.0337960E+001            -6.3809442E+000
          1.0339460E+001            -6.3809442E+000
          1.0340960E+001            -5.6761840E+000
          1.0342460E+001            -5.6761840E+000
          1.0343960E+001            -5.6761840E+000
          1.0345460E+001            -4.0714920E+000
          1.0346960E+001            -4.0714920E+000
          1.0348460E+001            -4.0714920E+000
          1.0349960E+001            -4.0714920E+000
          1.0351460E+001            -3.0507400E+000
          1.0352960E+001            -3.0507400E+000
          1.0354460E+001            -3.0507400E+000
          1.0355960E+001            -3.4515940E+000
          1.0357460E+001            -3.4515940E+000
          1.0358960E+001            -3.4515940E+000
          1.0360460E+001            -4.3259940E+000
          1.0361960E+001            -4.3259940E+000
          1.0363460E+001            -4.3259940E+000
          1.0364960E+001            -4.3259940E+000
          1.0366460E+001            -3.0760820E+000
          1.0367960E+001            -3.0760820E+000
          1.0369460E+001            -3.0760820E+000
          1.0370960E+001             1.2771460E+000
          1.0372460E+001             1.2771460E+000
          1.0373960E+001             1.2771460E+000
          1.0375460E+001             5.8810800E+000
          1.0376960E+001             5.8810800E+000
          1.0378460E+001             5.8810800E+000
          1.0379960E+001             5.8810800E+000
          1.0381460E+001             8.0228680E+000
          1.0382960E+001             8.0228680E+000
          1.0384460E+001             8.0228680E+000
          1.0385960E+001             8.3483580E+000
          1.0387460E+001             8.3483580E+000
          1.0388960E+001             8.3483580E+000
          1.0390460E+001             8.0696244E+000
          1.0391960E+001             8.0696244E+000
          1.0393460E+001             8.0696244E+000
          1.0394960E+001             8.0696244E+000
          1.0396460E+001             7.1085410E+000
          1.0397960E+001             7.1085410E+000
          1.0399460E+001             7.1085410E+000
          1.0400960E+001             5.7146812E+000
          1.0402460E+001             5.7146812E+000
          1.0403960E+001             5.7146812E+000
          1.0405460E+001             4.9143934E+000
          1.0406960E+001             4.9143934E+000
          1.0408460E+001             4.9143934E+000
          1.0409960E+001             4.9143934E+000
          1.0411460E+001             5.3280122E+000
          1.0412960E+001             5.3280122E+000
          1.0414460E+001             5.3280122E+000
          1.0415960E+001             6.6048734E+000
          1.0417460E+001             6.6048734E+000
          1.0418960E+001             6.6048734E+000
          1.0420460E+001             7.5796204E+000
          1.0421960E+001             7.5796204E+000
          1.0423460E+001             7.5796204E+000
          1.0424960E+001             7.5796204E+000
          1.0426460E+001             6.8227380E+000
          1.0427960E+001             6.8227380E+000
          1.0429460E+001             6.8227380E+000
          1.0430960E+001             4.0162020E+000
          1.0432460E+001             4.0162020E+000
          1.0433960E+001             4.0162020E+000
          1.0435460E+001             6.8964800E-001
          1.0436960E+001             6.8964800E-001
          1.0438460E+001             6.8964800E-001
          1.0439960E+001             6.8964800E-001
          1.0441460E+001            -1.3294400E+000
          1.0442960E+001            -1.3294400E+000
          1.0444460E+001            -1.3294400E+000
          1.0445960E+001            -1.4906020E+000
          1.0447460E+001            -1.4906020E+000
          1.0448960E+001            -1.4906020E+000
          1.0450460E+001            -2.3463800E-001
          1.0451960E+001            -2.3463800E-001
          1.0453460E+001            -2.3463800E-001
          1.0454960E+001            -2.3463800E-001
          1.0456460E+001             1.8478900E+000
          1.0457960E+001             1.8478900E+000
          1.0459460E+001             1.8478900E+000
          1.0460960E+001             4.3136200E+000
          1.0462460E+001             4.3136200E+000
          1.0463960E+001             4.3136200E+000
          1.0465460E+001             6.4719580E+000
          1.0466960E+001             6.4719580E+000
          1.0468460E+001             6.4719580E+000
          1.0469960E+001             6.4719580E+000
          1.0471460E+001             7.3840060E+000
          1.0472960E+001             7.3840060E+000
          1.0474460E+001             7.3840060E+000
          1.0475960E+001             6.9866380E+000
          1.0477460E+001             6.9866380E+000
          1.0478960E+001             6.9866380E+000
          1.0480460E+001             6.3056100E+000
          1.0481960E+001             6.3056100E+000
          1.0483460E+001             6.3056100E+000
          1.0484960E+001             6.3056100E+000
          1.0486460E+001             6.1167020E+000
          1.0487960E+001             6.1167020E+000
          1.0489460E+001             6.1167020E+000
          1.0490960E+001             6.2433180E+000
          1.0492460E+001             6.2433180E+000
          1.0493960E+001             6.2433180E+000
          1.0495460E+001             6.0532540E+000
          1.0496960E+001             6.0532540E+000
          1.0498460E+001             6.0532540E+000
          1.0499960E+001             6.0532540E+000
          1.0501460E+001             5.1515680E+000
          1.0502960E+001             5.1515680E+000
          1.0504460E+001             5.1515680E+000
          1.0505960E+001             3.6452380E+000
          1.0507460E+001             3.6452380E+000
          1.0508960E+001             3.6452380E+000
          1.0510460E+001             1.8711080E+000
          1.0511960E+001             1.8711080E+000
          1.0513460E+001             1.8711080E+000
          1.0514960E+001             1.8711080E+000
          1.0516460E+001             1.0245800E-001
          1.0517960E+001             1.0245800E-001
          1.0519460E+001             1.0245800E-001
          1.0520960E+001            -1.6098620E+000
          1.0522460E+001            -1.6098620E+000
          1.0523960E+001            -1.6098620E+000
          1.0525460E+001            -3.6155440E+000
          1.0526960E+001            -3.6155440E+000
          1.0528460E+001            -3.6155440E+000
          1.0529960E+001            -3.6155440E+000
          1.0531460E+001            -6.1241180E+000
          1.0532960E+001            -6.1241180E+000
          1.0534460E+001            -6.1241180E+000
          1.0535960E+001            -8.2261740E+000
          1.0537460E+001            -8.2261740E+000
          1.0538960E+001            -8.2261740E+000
          1.0540460E+001            -8.6997840E+000
          1.0541960E+001            -8.6997840E+000
          1.0543460E+001            -8.6997840E+000
          1.0544960E+001            -8.6997840E+000
          1.0546460E+001            -7.8071300E+000
          1.0547960E+001            -7.8071300E+000
          1.0549460E+001            -7.8071300E+000
          1.0550960E+001            -6.6318100E+000
          1.0552460E+001            -6.6318100E+000
          1.0553960E+001            -6.6318100E+000
          1.0555460E+001            -5.4461620E+000
          1.0556960E+001            -5.4461620E+000
          1.0558460E+001            -5.4461620E+000
          1.0559960E+001            -5.4461620E+000
          1.0561460E+001            -4.3324640E+000
          1.0562960E+001            -4.3324640E+000
          1.0564460E+001            -4.3324640E+000
          1.0565960E+001            -3.7318060E+000
          1.0567460E+001            -3.7318060E+000
          1.0568960E+001            -3.7318060E+000
          1.0570460E+001            -3.3360340E+000
          1.0571960E+001            -3.3360340E+000
          1.0573460E+001            -3.3360340E+000
          1.0574960E+001            -3.3360340E+000
          1.0576460E+001            -2.3797140E+000
          1.0577960E+001            -2.3797140E+000
          1.0579460E+001            -2.3797140E+000
          1.0580960E+001            -1.0843160E+000
          1.0582460E+001            -1.0843160E+000
          1.0583960E+001            -1.0843160E+000
          1.0585460E+001            -2.3478800E-001
          1.0586960E+001            -2.3478800E-001
          1.0588460E+001            -2.3478800E-001
          1.0589960E+001            -2.3478800E-001
          1.0591460E+001             2.0456800E-001
          1.0592960E+001             2.0456800E-001
          1.0594460E+001             2.0456800E-001
          1.0595960E+001             1.2288060E+000
          1.0597460E+001             1.2288060E+000
          1.0598960E+001             1.2288060E+000
          1.0600460E+001             3.3838640E+000
          1.0601960E+001             3.3838640E+000
          1.0603460E+001             3.3838640E+000
          1.0604960E+001             3.3838640E+000
          1.0606460E+001             5.5420940E+000
          1.0607960E+001             5.5420940E+000
          1.0609460E+001             5.5420940E+000
          1.0610960E+001             5.9684360E+000
          1.0612460E+001             5.9684360E+000
          1.0613960E+001             5.9684360E+000
          1.0615460E+001             4.2183700E+000
          1.0616960E+001             4.2183700E+000
          1.0618460E+001             4.2183700E+000
          1.0619960E+001             4.2183700E+000
          1.0621460E+001             1.4202800E+000
          1.0622960E+001             1.4202800E+000
          1.0624460E+001             1.4202800E+000
          1.0625960E+001            -8.1756600E-001
          1.0627460E+001            -8.1756600E-001
          1.0628960E+001            -8.1756600E-001
          1.0630460E+001            -1.5889160E+000
          1.0631960E+001            -1.5889160E+000
          1.0633460E+001            -1.5889160E+000
          1.0634960E+001            -1.5889160E+000
          1.0636460E+001            -8.3246800E-001
          1.0637960E+001            -8.3246800E-001
          1.0639460E+001            -8.3246800E-001
          1.0640960E+001             1.0245300E+000
          1.0642460E+001             1.0245300E+000
          1.0643960E+001             1.0245300E+000
          1.0645460E+001             2.6715680E+000
          1.0646960E+001             2.6715680E+000
          1.0648460E+001             2.6715680E+000
          1.0649960E+001             2.6715680E+000
          1.0651460E+001             2.6329520E+000
          1.0652960E+001             2.6329520E+000
          1.0654460E+001             2.6329520E+000
          1.0655960E+001             1.5214560E+000
          1.0657460E+001             1.5214560E+000
          1.0658960E+001             1.5214560E+000
          1.0660460E+001             1.3996220E+000
          1.0661960E+001             1.3996220E+000
          1.0663460E+001             1.3996220E+000
          1.0664960E+001             1.3996220E+000
          1.0666460E+001             2.7153540E+000
          1.0667960E+001             2.7153540E+000
          1.0669460E+001             2.7153540E+000
          1.0670960E+001             4.0798820E+000
          1.0672460E+001             4.0798820E+000
          1.0673960E+001             4.0798820E+000
          1.0675460E+001             4.4016220E+000
          1.0676960E+001             4.4016220E+000
          1.0678460E+001             4.4016220E+000
          1.0679960E+001             4.4016220E+000
          1.0681460E+001             3.9344120E+000
          1.0682960E+001             3.9344120E+000
          1.0684460E+001             3.9344120E+000
          1.0685960E+001             3.5129580E+000
          1.0687460E+001             3.5129580E+000
          1.0688960E+001             3.5129580E+000
          1.0690460E+001             3.2606920E+000
          1.0691960E+001             3.2606920E+000
          1.0693460E+001             3.2606920E+000
          1.0694960E+001             3.2606920E+000
          1.0696460E+001             2.6456640E+000
          1.0697960E+001             2.6456640E+000
          1.0699460E+001             2.6456640E+000
          1.0700960E+001             1.4274060E+000
          1.0702460E+001             1.4274060E+000
          1.0703960E+001             1.4274060E+000
          1.0705460E+001            -1.7887400E-001
          1.0706960E+001            -1.7887400E-001
          1.0708460E+001            -1.7887400E-001
          1.0709960E+001            -1.7887400E-001
          1.0711460E+001            -1.7049880E+000
          1.0712960E+001            -1.7049880E+000
          1.0714460E+001            -1.7049880E+000
          1.0715960E+001            -2.4878100E+000
          1.0717460E+001            -2.4878100E+000
          1.0718960E+001            -2.4878100E+000
          1.0720460E+001            -2.2776760E+000
          1.0721960E+001            -2.2776760E+000
          1.0723460E+001            -2.2776760E+000
          1.0724960E+001            -2.2776760E+000
          1.0726460E+001            -1.7248600E+000
          1.0727960E+001            -1.7248600E+000
          1.0729460E+001            -1.7248600E+000
          1.0730960E+001            -1.4812480E+000
          1.0732460E+001            -1.4812480E+000
          1.0733960E+001            -1.4812480E+000
          1.0735460E+001            -1.3570420E+000
          1.0736960E+001            -1.3570420E+000
          1.0738460E+001            -1.3570420E+000
          1.0739960E+001            -1.3570420E+000
          1.0741460E+001            -1.0022500E+000
          1.0742960E+001            -1.0022500E+000
          1.0744460E+001            -1.0022500E+000
          1.0745960E+001            -4.6814600E-001
          1.0747460E+001            -4.6814600E-001
          1.0748960E+001            -4.6814600E-001
          1.0750460E+001             2.3357000E-001
          1.0751960E+001             2.3357000E-001
          1.0753460E+001             2.3357000E-001
          1.0754960E+001             2.3357000E-001
          1.0756460E+001             1.1431220E+000
          1.0757960E+001             1.1431220E+000
          1.0759460E+001             1.1431220E+000
          1.0760960E+001             1.8485660E+000
          1.0762460E+001             1.8485660E+000
          1.0763960E+001             1.8485660E+000
          1.0765460E+001             1.6017440E+000
          1.0766960E+001             1.6017440E+000
          1.0768460E+001             1.6017440E+000
          1.0769960E+001             1.6017440E+000
          1.0771460E+001             1.8509600E-001
          1.0772960E+001             1.8509600E-001
          1.0774460E+001             1.8509600E-001
          1.0775960E+001            -1.4903340E+000
          1.0777460E+001            -1.4903340E+000
          1.0778960E+001            -1.4903340E+000
          1.0780460E+001            -2.3304440E+000
          1.0781960E+001            -2.3304440E+000
          1.0783460E+001            -2.3304440E+000
          1.0784960E+001            -2.3304440E+000
          1.0786460E+001            -2.4460140E+000
          1.0787960E+001            -2.4460140E+000
          1.0789460E+001            -2.4460140E+000
          1.0790960E+001            -2.7398040E+000
          1.0792460E+001            -2.7398040E+000
          1.0793960E+001            -2.7398040E+000
          1.0795460E+001            -3.3869720E+000
          1.0796960E+001            -3.3869720E+000
          1.0798460E+001            -3.3869720E+000
          1.0799960E+001            -3.3869720E+000
          1.0801460E+001            -3.3406140E+000
          1.0802960E+001            -3.3406140E+000
          1.0804460E+001            -3.3406140E+000
          1.0805960E+001            -1.9008680E+000
          1.0807460E+001            -1.9008680E+000
          1.0808960E+001            -1.9008680E+000
          1.0810460E+001            -3.4702200E-001
          1.0811960E+001            -3.4702200E-001
          1.0813460E+001            -3.4702200E-001
          1.0814960E+001            -3.4702200E-001
          1.0816460E+001            -3.6810600E-001
          1.0817960E+001            -3.6810600E-001
          1.0819460E+001            -3.6810600E-001
          1.0820960E+001            -1.7322400E+000
          1.0822460E+001            -1.7322400E+000
          1.0823960E+001            -1.7322400E+000
          1.0825460E+001            -3.0847640E+000
          1.0826960E+001            -3.0847640E+000
          1.0828460E+001            -3.0847640E+000
          1.0829960E+001            -3.0847640E+000
          1.0831460E+001            -3.6927440E+000
          1.0832960E+001            -3.6927440E+000
          1.0834460E+001            -3.6927440E+000
          1.0835960E+001            -3.6125940E+000
          1.0837460E+001            -3.6125940E+000
          1.0838960E+001            -3.6125940E+000
          1.0840460E+001            -3.1961120E+000
          1.0841960E+001            -3.1961120E+000
          1.0843460E+001            -3.1961120E+000
          1.0844960E+001            -3.1961120E+000
          1.0846460E+001            -2.6823240E+000
          1.0847960E+001            -2.6823240E+000
          1.0849460E+001            -2.6823240E+000
          1.0850960E+001            -1.8860660E+000
          1.0852460E+001            -1.8860660E+000
          1.0853960E+001            -1.8860660E+000
          1.0855460E+001            -7.1018600E-001
          1.0856960E+001            -7.1018600E-001
          1.0858460E+001            -7.1018600E-001
          1.0859960E+001            -7.1018600E-001
          1.0861460E+001            -1.0585200E-001
          1.0862960E+001            -1.0585200E-001
          1.0864460E+001            -1.0585200E-001
          1.0865960E+001            -1.0032880E+000
          1.0867460E+001            -1.0032880E+000
          1.0868960E+001            -1.0032880E+000
          1.0870460E+001            -2.5073800E+000
          1.0871960E+001            -2.5073800E+000
          1.0873460E+001            -2.5073800E+000
          1.0874960E+001            -2.5073800E+000
          1.0876460E+001            -3.4270840E+000
          1.0877960E+001            -3.4270840E+000
          1.0879460E+001            -3.4270840E+000
          1.0880960E+001            -4.2487460E+000
          1.0882460E+001            -4.2487460E+000
          1.0883960E+001            -4.2487460E+000
          1.0885460E+001            -5.4900640E+000
          1.0886960E+001            -5.4900640E+000
          1.0888460E+001            -5.4900640E+000
          1.0889960E+001            -5.4900640E+000
          1.0891460E+001            -6.1664894E+000
          1.0892960E+001            -6.1664894E+000
          1.0894460E+001            -6.1664894E+000
          1.0895960E+001            -5.1475168E+000
          1.0897460E+001            -5.1475168E+000
          1.0898960E+001            -5.1475168E+000
          1.0900460E+001            -2.8271184E+000
          1.0901960E+001            -2.8271184E+000
          1.0903460E+001            -2.8271184E+000
          1.0904960E+001            -2.8271184E+000
          1.0906460E+001            -8.4668700E-001
          1.0907960E+001            -8.4668700E-001
          1.0909460E+001            -8.4668700E-001
          1.0910960E+001            -1.8070500E-001
          1.0912460E+001            -1.8070500E-001
          1.0913960E+001            -1.8070500E-001
          1.0915460E+001            -3.0580260E-001
          1.0916960E+001            -3.0580260E-001
          1.0918460E+001            -3.0580260E-001
          1.0919960E+001            -3.0580260E-001
          1.0921460E+001            -4.3295580E-001
          1.0922960E+001            -4.3295580E-001
          1.0924460E+001            -4.3295580E-001
          1.0925960E+001            -3.8198740E-001
          1.0927460E+001            -3.8198740E-001
          1.0928960E+001            -3.8198740E-001
          1.0930460E+001            -2.0724840E-001
          1.0931960E+001            -2.0724840E-001
          1.0933460E+001            -2.0724840E-001
          1.0934960E+001            -2.0724840E-001
          1.0936460E+001             2.1590940E-001
          1.0937960E+001             2.1590940E-001
          1.0939460E+001             2.1590940E-001
          1.0940960E+001             8.7670660E-001
          1.0942460E+001             8.7670660E-001
          1.0943960E+001             8.7670660E-001
          1.0945460E+001             1.1344436E+000
          1.0946960E+001             1.1344436E+000
          1.0948460E+001             1.1344436E+000
          1.0949960E+001             1.1344436E+000
          1.0951460E+001             6.5862060E-001
          1.0952960E+001             6.5862060E-001
          1.0954460E+001             6.5862060E-001
          1.0955960E+001             5.1807100E-001
          1.0957460E+001             5.1807100E-001
          1.0958960E+001             5.1807100E-001
          1.0960460E+001             1.4677230E+000
          1.0961960E+001             1.4677230E+000
          1.0963460E+001             1.4677230E+000
          1.0964960E+001             1.4677230E+000
          1.0966460E+001             2.4310292E+000
          1.0967960E+001             2.4310292E+000
          1.0969460E+001             2.4310292E+000
          1.0970960E+001             2.4714680E+000
          1.0972460E+001             2.4714680E+000
          1.0973960E+001             2.4714680E+000
          1.0975460E+001             2.3608332E+000
          1.0976960E+001             2.3608332E+000
          1.0978460E+001             2.3608332E+000
          1.0979960E+001             2.3608332E+000
          1.0981460E+001             3.2373962E+000
          1.0982960E+001             3.2373962E+000
          1.0984460E+001             3.2373962E+000
          1.0985960E+001             4.8510400E+000
          1.0987460E+001             4.8510400E+000
          1.0988960E+001             4.8510400E+000
          1.0990460E+001             5.8749920E+000
          1.0991960E+001             5.8749920E+000
          1.0993460E+001             5.8749920E+000
          1.0994960E+001             5.8749920E+000
          1.0996460E+001             6.1085560E+000
          1.0997960E+001             6.1085560E+000
          1.0999460E+001             6.1085560E+000
          1.1000960E+001             6.6201580E+000
          1.1002460E+001             6.6201580E+000
          1.1003960E+001             6.6201580E+000
          1.1005460E+001             7.2942680E+000
          1.1006960E+001             7.2942680E+000
          1.1008460E+001             7.2942680E+000
          1.1009960E+001             7.2942680E+000
          1.1011460E+001             6.8571260E+000
          1.1012960E+001             6.8571260E+000
          1.1014460E+001             6.8571260E+000
          1.1015960E+001             5.0976580E+000
          1.1017460E+001             5.0976580E+000
          1.1018960E+001             5.0976580E+000
          1.1020460E+001             3.0578560E+000
          1.1021960E+001             3.0578560E+000
          1.1023460E+001             3.0578560E+000
          1.1024960E+001             3.0578560E+000
          1.1026460E+001             1.6566380E+000
          1.1027960E+001             1.6566380E+000
          1.1029460E+001             1.6566380E+000
          1.1030960E+001             9.8955000E-001
          1.1032460E+001             9.8955000E-001
          1.1033960E+001             9.8955000E-001
          1.1035460E+001             9.9920800E-001
          1.1036960E+001             9.9920800E-001
          1.1038460E+001             9.9920800E-001
          1.1039960E+001             9.9920800E-001
          1.1041460E+001             2.1789420E+000
          1.1042960E+001             2.1789420E+000
          1.1044460E+001             2.1789420E+000
          1.1045960E+001             4.4331840E+000
          1.1047460E+001             4.4331840E+000
          1.1048960E+001             4.4331840E+000
          1.1050460E+001             6.3738240E+000
          1.1051960E+001             6.3738240E+000
          1.1053460E+001             6.3738240E+000
          1.1054960E+001             6.3738240E+000
          1.1056460E+001             7.0529420E+000
          1.1057960E+001             7.0529420E+000
          1.1059460E+001             7.0529420E+000
          1.1060960E+001             6.6077800E+000
          1.1062460E+001             6.6077800E+000
          1.1063960E+001             6.6077800E+000
          1.1065460E+001             4.9827320E+000
          1.1066960E+001             4.9827320E+000
          1.1068460E+001             4.9827320E+000
          1.1069960E+001             4.9827320E+000
          1.1071460E+001             2.3976860E+000
          1.1072960E+001             2.3976860E+000
          1.1074460E+001             2.3976860E+000
          1.1075960E+001             3.0885400E-001
          1.1077460E+001             3.0885400E-001
          1.1078960E+001             3.0885400E-001
          1.1080460E+001            -9.7224000E-002
          1.1081960E+001            -9.7224000E-002
          1.1083460E+001            -9.7224000E-002
          1.1084960E+001            -9.7224000E-002
          1.1086460E+001             5.9064200E-001
          1.1087960E+001             5.9064200E-001
          1.1089460E+001             5.9064200E-001
          1.1090960E+001             8.2681200E-001
          1.1092460E+001             8.2681200E-001
          1.1093960E+001             8.2681200E-001
          1.1095460E+001             8.2286000E-002
          1.1096960E+001             8.2286000E-002
          1.1098460E+001             8.2286000E-002
          1.1099960E+001             8.2286000E-002
          1.1101460E+001            -5.1266600E-001
          1.1102960E+001            -5.1266600E-001
          1.1104460E+001            -5.1266600E-001
          1.1105960E+001             3.2620000E-002
          1.1107460E+001             3.2620000E-002
          1.1108960E+001             3.2620000E-002
          1.1110460E+001             1.3215020E+000
          1.1111960E+001             1.3215020E+000
          1.1113460E+001             1.3215020E+000
          1.1114960E+001             1.3215020E+000
          1.1116460E+001             2.6098460E+000
          1.1117960E+001             2.6098460E+000
          1.1119460E+001             2.6098460E+000
          1.1120960E+001             3.3762160E+000
          1.1122460E+001             3.3762160E+000
          1.1123960E+001             3.3762160E+000
          1.1125460E+001             2.9133060E+000
          1.1126960E+001             2.9133060E+000
          1.1128460E+001             2.9133060E+000
          1.1129960E+001             2.9133060E+000
          1.1131460E+001             9.4373000E-001
          1.1132960E+001             9.4373000E-001
          1.1134460E+001             9.4373000E-001
          1.1135960E+001            -1.6801120E+000
          1.1137460E+001            -1.6801120E+000
          1.1138960E+001            -1.6801120E+000
          1.1140460E+001            -3.7337920E+000
          1.1141960E+001            -3.7337920E+000
          1.1143460E+001            -3.7337920E+000
          1.1144960E+001            -3.7337920E+000
          1.1146460E+001            -4.8318700E+000
          1.1147960E+001            -4.8318700E+000
          1.1149460E+001            -4.8318700E+000
          1.1150960E+001            -5.5571900E+000
          1.1152460E+001            -5.5571900E+000
          1.1153960E+001            -5.5571900E+000
          1.1155460E+001            -6.1842720E+000
          1.1156960E+001            -6.1842720E+000
          1.1158460E+001            -6.1842720E+000
          1.1159960E+001            -6.1842720E+000
          1.1161460E+001            -6.2587320E+000
          1.1162960E+001            -6.2587320E+000
          1.1164460E+001            -6.2587320E+000
          1.1165960E+001            -6.1609200E+000
          1.1167460E+001            -6.1609200E+000
          1.1168960E+001            -6.1609200E+000
          1.1170460E+001            -6.7902540E+000
          1.1171960E+001            -6.7902540E+000
          1.1173460E+001            -6.7902540E+000
          1.1174960E+001            -6.7902540E+000
          1.1176460E+001            -7.3821820E+000
          1.1177960E+001            -7.3821820E+000
          1.1179460E+001            -7.3821820E+000
          1.1180960E+001            -6.6726360E+000
          1.1182460E+001            -6.6726360E+000
          1.1183960E+001            -6.6726360E+000
          1.1185460E+001            -5.3138500E+000
          1.1186960E+001            -5.3138500E+000
          1.1188460E+001            -5.3138500E+000
          1.1189960E+001            -5.3138500E+000
          1.1191460E+001            -4.6747380E+000
          1.1192960E+001            -4.6747380E+000
          1.1194460E+001            -4.6747380E+000
          1.1195960E+001            -4.8387660E+000
          1.1197460E+001            -4.8387660E+000
          1.1198960E+001            -4.8387660E+000
          1.1200460E+001            -4.9143940E+000
          1.1201960E+001            -4.9143940E+000
          1.1203460E+001            -4.9143940E+000
          1.1204960E+001            -4.9143940E+000
          1.1206460E+001            -4.2064820E+000
          1.1207960E+001            -4.2064820E+000
          1.1209460E+001            -4.2064820E+000
          1.1210960E+001            -2.9404860E+000
          1.1212460E+001            -2.9404860E+000
          1.1213960E+001            -2.9404860E+000
          1.1215460E+001            -2.3236400E+000
          1.1216960E+001            -2.3236400E+000
          1.1218460E+001            -2.3236400E+000
          1.1219960E+001            -2.3236400E+000
          1.1221460E+001            -3.5648120E+000
          1.1222960E+001            -3.5648120E+000
          1.1224460E+001            -3.5648120E+000
          1.1225960E+001            -6.5698280E+000
          1.1227460E+001            -6.5698280E+000
          1.1228960E+001            -6.5698280E+000
          1.1230460E+001            -1.0245589E+001
          1.1231960E+001            -1.0245589E+001
          1.1233460E+001            -1.0245589E+001
          1.1234960E+001            -1.0245589E+001
          1.1236460E+001            -1.4109432E+001
          1.1237960E+001            -1.4109432E+001
          1.1239460E+001            -1.4109432E+001
          1.1240960E+001            -1.8696499E+001
          1.1242460E+001            -1.8696499E+001
          1.1243960E+001            -1.8696499E+001
          1.1245460E+001            -2.3843468E+001
          1.1246960E+001            -2.3843468E+001
          1.1248460E+001            -2.3843468E+001
          1.1249960E+001            -2.3843468E+001
          1.1251460E+001            -2.7222818E+001
          1.1252960E+001            -2.7222818E+001
          1.1254460E+001            -2.7222818E+001
          1.1255960E+001            -2.6440726E+001
          1.1257460E+001            -2.6440726E+001
          1.1258960E+001            -2.6440726E+001
          1.1260460E+001            -2.2409188E+001
          1.1261960E+001            -2.2409188E+001
          1.1263460E+001            -2.2409188E+001
          1.1264960E+001            -2.2409188E+001
          1.1266460E+001            -1.8746842E+001
          1.1267960E+001            -1.8746842E+001
          1.1269460E+001            -1.8746842E+001
          1.1270960E+001            -1.8255490E+001
          1.1272460E+001            -1.8255490E+001
          1.1273960E+001            -1.8255490E+001
          1.1275460E+001            -2.0725012E+001
          1.1276960E+001            -2.0725012E+001
          1.1278460E+001            -2.0725012E+001
          1.1279960E+001            -2.0725012E+001
          1.1281460E+001            -2.3463592E+001
          1.1282960E+001            -2.3463592E+001
          1.1284460E+001            -2.3463592E+001
          1.1285960E+001            -2.3616980E+001
          1.1287460E+001            -2.3616980E+001
          1.1288960E+001            -2.3616980E+001
          1.1290460E+001            -2.0567720E+001
          1.1291960E+001            -2.0567720E+001
          1.1293460E+001            -2.0567720E+001
          1.1294960E+001            -2.0567720E+001
          1.1296460E+001            -1.6190120E+001
          1.1297960E+001            -1.6190120E+001
          1.1299460E+001            -1.6190120E+001
          1.1300960E+001            -1.2454500E+001
          1.1302460E+001            -1.2454500E+001
          1.1303960E+001            -1.2454500E+001
          1.1305460E+001            -1.0068900E+001
          1.1306960E+001            -1.0068900E+001
          1.1308460E+001            -1.0068900E+001
          1.1309960E+001            -1.0068900E+001
          1.1311460E+001            -9.4442600E+000
          1.1312960E+001            -9.4442600E+000
          1.1314460E+001            -9.4442600E+000
          1.1315960E+001            -1.0435520E+001
          1.1317460E+001            -1.0435520E+001
          1.1318960E+001            -1.0435520E+001
          1.1320460E+001            -1.1299060E+001
          1.1321960E+001            -1.1299060E+001
          1.1323460E+001            -1.1299060E+001
          1.1324960E+001            -1.1299060E+001
          1.1326460E+001            -1.0017100E+001
          1.1327960E+001            -1.0017100E+001
          1.1329460E+001            -1.0017100E+001
          1.1330960E+001            -6.5773200E+000
          1.1332460E+001            -6.5773200E+000
          1.1333960E+001            -6.5773200E+000
          1.1335460E+001            -3.2068400E+000
          1.1336960E+001            -3.2068400E+000
          1.1338460E+001            -3.2068400E+000
          1.1339960E+001            -3.2068400E+000
          1.1341460E+001            -2.2126600E+000
          1.1342960E+001            -2.2126600E+000
          1.1344460E+001            -2.2126600E+000
          1.1345960E+001            -3.8346000E+000
          1.1347460E+001            -3.8346000E+000
          1.1348960E+001            -3.8346000E+000
          1.1350460E+001            -6.5058600E+000
          1.1351960E+001            -6.5058600E+000
          1.1353460E+001            -6.5058600E+000
          1.1354960E+001            -6.5058600E+000
          1.1356460E+001            -8.3843200E+000
          1.1357960E+001            -8.3843200E+000
          1.1359460E+001            -8.3843200E+000
          1.1360960E+001            -8.2521400E+000
          1.1362460E+001            -8.2521400E+000
          1.1363960E+001            -8.2521400E+000
          1.1365460E+001            -5.8991600E+000
          1.1366960E+001            -5.8991600E+000
          1.1368460E+001            -5.8991600E+000
          1.1369960E+001            -5.8991600E+000
          1.1371460E+001            -2.0929200E+000
          1.1372960E+001            -2.0929200E+000
          1.1374460E+001            -2.0929200E+000
          1.1375960E+001             1.9005000E+000
          1.1377460E+001             1.9005000E+000
          1.1378960E+001             1.9005000E+000
          1.1380460E+001             4.9005400E+000
          1.1381960E+001             4.9005400E+000
          1.1383460E+001             4.9005400E+000
          1.1384960E+001             4.9005400E+000
          1.1386460E+001             6.3578800E+000
          1.1387960E+001             6.3578800E+000
          1.1389460E+001             6.3578800E+000
          1.1390960E+001             6.4582000E+000
          1.1392460E+001             6.4582000E+000
          1.1393960E+001             6.4582000E+000
          1.1395460E+001             5.7360200E+000
          1.1396960E+001             5.7360200E+000
          1.1398460E+001             5.7360200E+000
          1.1399960E+001             5.7360200E+000
          1.1401460E+001             4.8199800E+000
          1.1402960E+001             4.8199800E+000
          1.1404460E+001             4.8199800E+000
          1.1405960E+001             4.3466400E+000
          1.1407460E+001             4.3466400E+000
          1.1408960E+001             4.3466400E+000
          1.1410460E+001             4.7389200E+000
          1.1411960E+001             4.7389200E+000
          1.1413460E+001             4.7389200E+000
          1.1414960E+001             4.7389200E+000
          1.1416460E+001             5.7622400E+000
          1.1417960E+001             5.7622400E+000
          1.1419460E+001             5.7622400E+000
          1.1420960E+001             6.3352200E+000
          1.1422460E+001             6.3352200E+000
          1.1423960E+001             6.3352200E+000
          1.1425460E+001             5.5588200E+000
          1.1426960E+001             5.5588200E+000
          1.1428460E+001             5.5588200E+000
          1.1429960E+001             5.5588200E+000
          1.1431460E+001             4.0663200E+000
          1.1432960E+001             4.0663200E+000
          1.1434460E+001             4.0663200E+000
          1.1435960E+001             3.7259600E+000
          1.1437460E+001             3.7259600E+000
          1.1438960E+001             3.7259600E+000
          1.1440460E+001             5.5503400E+000
          1.1441960E+001             5.5503400E+000
          1.1443460E+001             5.5503400E+000
          1.1444960E+001             5.5503400E+000
          1.1446460E+001             7.8668600E+000
          1.1447960E+001             7.8668600E+000
          1.1449460E+001             7.8668600E+000
          1.1450960E+001             8.0776600E+000
          1.1452460E+001             8.0776600E+000
          1.1453960E+001             8.0776600E+000
          1.1455460E+001             6.2348200E+000
          1.1456960E+001             6.2348200E+000
          1.1458460E+001             6.2348200E+000
          1.1459960E+001             6.2348200E+000
          1.1461460E+001             4.6010800E+000
          1.1462960E+001             4.6010800E+000
          1.1464460E+001             4.6010800E+000
          1.1465960E+001             4.5640200E+000
          1.1467460E+001             4.5640200E+000
          1.1468960E+001             4.5640200E+000
          1.1470460E+001             5.7628800E+000
          1.1471960E+001             5.7628800E+000
          1.1473460E+001             5.7628800E+000
          1.1474960E+001             5.7628800E+000
          1.1476460E+001             7.3228400E+000
          1.1477960E+001             7.3228400E+000
          1.1479460E+001             7.3228400E+000
          1.1480960E+001             8.9602800E+000
          1.1482460E+001             8.9602800E+000
          1.1483960E+001             8.9602800E+000
          1.1485460E+001             1.0451400E+001
          1.1486960E+001             1.0451400E+001
          1.1488460E+001             1.0451400E+001
          1.1489960E+001             1.0451400E+001
          1.1491460E+001             1.0829740E+001
          1.1492960E+001             1.0829740E+001
          1.1494460E+001             1.0829740E+001
          1.1495960E+001             9.5772800E+000
          1.1497460E+001             9.5772800E+000
          1.1498960E+001             9.5772800E+000
          1.1500460E+001             7.6489400E+000
          1.1501960E+001             7.6489400E+000
          1.1503460E+001             7.6489400E+000
          1.1504960E+001             7.6489400E+000
          1.1506460E+001             6.3232200E+000
          1.1507960E+001             6.3232200E+000
          1.1509460E+001             6.3232200E+000
          1.1510960E+001             6.1240340E+000
          1.1512460E+001             6.1240340E+000
          1.1513960E+001             6.1240340E+000
          1.1515460E+001             6.9385660E+000
          1.1516960E+001             6.9385660E+000
          1.1518460E+001             6.9385660E+000
          1.1519960E+001             6.9385660E+000
          1.1521460E+001             8.1066420E+000
          1.1522960E+001             8.1066420E+000
          1.1524460E+001             8.1066420E+000
          1.1525960E+001             8.5121280E+000
          1.1527460E+001             8.5121280E+000
          1.1528960E+001             8.5121280E+000
          1.1530460E+001             7.3099020E+000
          1.1531960E+001             7.3099020E+000
          1.1533460E+001             7.3099020E+000
          1.1534960E+001             7.3099020E+000
          1.1536460E+001             4.7394860E+000
          1.1537960E+001             4.7394860E+000
          1.1539460E+001             4.7394860E+000
          1.1540960E+001             2.0931080E+000
          1.1542460E+001             2.0931080E+000
          1.1543960E+001             2.0931080E+000
          1.1545460E+001             7.3261400E-001
          1.1546960E+001             7.3261400E-001
          1.1548460E+001             7.3261400E-001
          1.1549960E+001             7.3261400E-001
          1.1551460E+001             9.8710200E-001
          1.1552960E+001             9.8710200E-001
          1.1554460E+001             9.8710200E-001
          1.1555960E+001             1.8074880E+000
          1.1557460E+001             1.8074880E+000
          1.1558960E+001             1.8074880E+000
          1.1560460E+001             1.6784340E+000
          1.1561960E+001             1.6784340E+000
          1.1563460E+001             1.6784340E+000
          1.1564960E+001             1.6784340E+000
          1.1566460E+001            -4.0800000E-003
          1.1567960E+001            -4.0800000E-003
          1.1569460E+001            -4.0800000E-003
          1.1570960E+001            -2.8719240E+000
          1.1572460E+001            -2.8719240E+000
          1.1573960E+001            -2.8719240E+000
          1.1575460E+001            -6.2604680E+000
          1.1576960E+001            -6.2604680E+000
          1.1578460E+001            -6.2604680E+000
          1.1579960E+001            -6.2604680E+000
          1.1581460E+001            -8.8783580E+000
          1.1582960E+001            -8.8783580E+000
          1.1584460E+001            -8.8783580E+000
          1.1585960E+001            -9.0153980E+000
          1.1587460E+001            -9.0153980E+000
          1.1588960E+001            -9.0153980E+000
          1.1590460E+001            -6.4296340E+000
          1.1591960E+001            -6.4296340E+000
          1.1593460E+001            -6.4296340E+000
          1.1594960E+001            -6.4296340E+000
          1.1596460E+001            -3.1095020E+000
          1.1597960E+001            -3.1095020E+000
          1.1599460E+001            -3.1095020E+000
          1.1600960E+001            -1.5674380E+000
          1.1602460E+001            -1.5674380E+000
          1.1603960E+001            -1.5674380E+000
          1.1605460E+001            -2.6320080E+000
          1.1606960E+001            -2.6320080E+000
          1.1608460E+001            -2.6320080E+000
          1.1609960E+001            -2.6320080E+000
          1.1611460E+001            -4.9343340E+000
          1.1612960E+001            -4.9343340E+000
          1.1614460E+001            -4.9343340E+000
          1.1615960E+001            -6.4754400E+000
          1.1617460E+001            -6.4754400E+000
          1.1618960E+001            -6.4754400E+000
          1.1620460E+001            -6.0599000E+000
          1.1621960E+001            -6.0599000E+000
          1.1623460E+001            -6.0599000E+000
          1.1624960E+001            -6.0599000E+000
          1.1626460E+001            -3.4206000E+000
          1.1627960E+001            -3.4206000E+000
          1.1629460E+001            -3.4206000E+000
          1.1630960E+001             4.6486000E-001
          1.1632460E+001             4.6486000E-001
          1.1633960E+001             4.6486000E-001
          1.1635460E+001             3.7502000E+000
          1.1636960E+001             3.7502000E+000
          1.1638460E+001             3.7502000E+000
          1.1639960E+001             3.7502000E+000
          1.1641460E+001             6.0505800E+000
          1.1642960E+001             6.0505800E+000
          1.1644460E+001             6.0505800E+000
          1.1645960E+001             8.6963920E+000
          1.1647460E+001             8.6963920E+000
          1.1648960E+001             8.6963920E+000
          1.1650460E+001             1.1910098E+001
          1.1651960E+001             1.1910098E+001
          1.1653460E+001             1.1910098E+001
          1.1654960E+001             1.1910098E+001
          1.1656460E+001             1.4198062E+001
          1.1657960E+001             1.4198062E+001
          1.1659460E+001             1.4198062E+001
          1.1660960E+001             1.4677090E+001
          1.1662460E+001             1.4677090E+001
          1.1663960E+001             1.4677090E+001
          1.1665460E+001             1.4501642E+001
          1.1666960E+001             1.4501642E+001
          1.1668460E+001             1.4501642E+001
          1.1669960E+001             1.4501642E+001
          1.1671460E+001             1.5614782E+001
          1.1672960E+001             1.5614782E+001
          1.1674460E+001             1.5614782E+001
          1.1675960E+001             1.8317678E+001
          1.1677460E+001             1.8317678E+001
          1.1678960E+001             1.8317678E+001
          1.1680460E+001             2.0944882E+001
          1.1681960E+001             2.0944882E+001
          1.1683460E+001             2.0944882E+001
          1.1684960E+001             2.0944882E+001
          1.1686460E+001             2.1712392E+001
          1.1687960E+001             2.1712392E+001
          1.1689460E+001             2.1712392E+001
          1.1690960E+001             1.9825224E+001
          1.1692460E+001             1.9825224E+001
          1.1693960E+001             1.9825224E+001
          1.1695460E+001             1.5728472E+001
          1.1696960E+001             1.5728472E+001
          1.1698460E+001             1.5728472E+001
          1.1699960E+001             1.5728472E+001
          1.1701460E+001             1.1466664E+001
          1.1702960E+001             1.1466664E+001
          1.1704460E+001             1.1466664E+001
          1.1705960E+001             9.3038876E+000
          1.1707460E+001             9.3038876E+000
          1.1708960E+001             9.3038876E+000
          1.1710460E+001             9.1582310E+000
          1.1711960E+001             9.1582310E+000
          1.1713460E+001             9.1582310E+000
          1.1714960E+001             9.1582310E+000
          1.1716460E+001             9.1335386E+000
          1.1717960E+001             9.1335386E+000
          1.1719460E+001             9.1335386E+000
          1.1720960E+001             8.1380538E+000
          1.1722460E+001             8.1380538E+000
          1.1723960E+001             8.1380538E+000
          1.1725460E+001             6.3568870E+000
          1.1726960E+001             6.3568870E+000
          1.1728460E+001             6.3568870E+000
          1.1729960E+001             6.3568870E+000
          1.1731460E+001             4.1924440E+000
          1.1732960E+001             4.1924440E+000
          1.1734460E+001             4.1924440E+000
          1.1735960E+001             1.7293020E+000
          1.1737460E+001             1.7293020E+000
          1.1738960E+001             1.7293020E+000
          1.1740460E+001            -9.8157400E-001
          1.1741960E+001            -9.8157400E-001
          1.1743460E+001            -9.8157400E-001
 
 
History  10 vs   2
----------------------------------
   Dynamic time               X acceleration(  70,   1)
     ---------------------      ---------------------
