t,Xacceleration
1.4600000E-003,8.1847967E-009
2.9600000E-003,1.3686818E-008
4.4600000E-003,1.9188840E-008
5.9600000E-003,3.2157200E-008
7.4600000E-003,4.9325375E-008
8.9600000E-003,6.6493549E-008
1.0460000E-002,8.9468945E-008
1.1960000E-002,1.2557371E-007
1.3460000E-002,1.6167847E-007
1.4960000E-002,1.9778324E-007
1.6460000E-002,2.5716925E-007
1.7960000E-002,3.1719310E-007
1.9460000E-002,3.7721695E-007
2.0960000E-002,4.5276394E-007
2.2460000E-002,5.3704269E-007
2.3960000E-002,6.2132144E-007
2.5460000E-002,7.1025287E-007
2.6960000E-002,8.0970337E-007
2.8460000E-002,9.0915388E-007
2.9960000E-002,1.0086044E-006
3.1460000E-002,1.1021086E-006
3.2960000E-002,1.1954499E-006
3.4460000E-002,1.2887911E-006
3.5960000E-002,1.3605377E-006
3.7460000E-002,1.4201373E-006
3.8960000E-002,1.4797369E-006
4.0460000E-002,1.5226611E-006
4.1960000E-002,1.5278843E-006
4.3460000E-002,1.5331075E-006
4.4960000E-002,1.5383307E-006
4.6460000E-002,1.4890681E-006
4.7960000E-002,1.4383127E-006
4.9460000E-002,1.3875572E-006
5.0960000E-002,1.3134995E-006
5.2460000E-002,1.2263341E-006
5.3960000E-002,1.1391687E-006
5.5460000E-002,1.0504951E-006
5.6960000E-002,9.5841149E-007
5.8460000E-002,8.6632786E-007
5.9960000E-002,7.7424422E-007
6.1460000E-002,7.0532465E-007
6.2960000E-002,6.3703972E-007
6.4460000E-002,5.6875478E-007
6.5960000E-002,5.2482643E-007
6.7460000E-002,4.9459866E-007
6.8960000E-002,4.6437090E-007
7.0460000E-002,4.4477517E-007
7.1960000E-002,4.4921711E-007
7.3460000E-002,4.5365905E-007
7.4960000E-002,4.5810099E-007
7.6460000E-002,4.8098285E-007
7.7960000E-002,5.0436991E-007
7.9460000E-002,5.2775697E-007
8.0960000E-002,5.5139909E-007
8.2460000E-002,5.7518468E-007
8.3960000E-002,5.9897027E-007
8.5460000E-002,6.1888891E-007
8.6960000E-002,6.3006490E-007
8.8460000E-002,6.4124088E-007
8.9960000E-002,6.5241686E-007
9.1460000E-002,6.4767692E-007
9.2960000E-002,6.4250093E-007
9.4460000E-002,6.3732494E-007
9.5960000E-002,6.2438898E-007
9.7460000E-002,6.0708804E-007
9.8960000E-002,5.8978710E-007
1.0046000E-001,5.7119159E-007
1.0196000E-001,5.4966924E-007
1.0346000E-001,5.2814689E-007
1.0496000E-001,5.0662454E-007
1.0646000E-001,4.8787879E-007
1.0796000E-001,4.6920911E-007
1.0946000E-001,4.5053943E-007
1.1096000E-001,4.3596404E-007
1.1246000E-001,4.2369169E-007
1.1396000E-001,4.1141934E-007
1.1546000E-001,4.0101672E-007
1.1696000E-001,3.9484130E-007
1.1846000E-001,3.8866588E-007
1.1996000E-001,3.8249047E-007
1.2146000E-001,3.7959628E-007
1.2296000E-001,3.7679199E-007
1.2446000E-001,3.7398770E-007
1.2596000E-001,3.7130747E-007
1.2746000E-001,3.6869702E-007
1.2896000E-001,3.6608658E-007
1.3046000E-001,3.6288446E-007
1.3196000E-001,3.5834466E-007
1.3346000E-001,3.5380485E-007
1.3496000E-001,3.4926504E-007
1.3646000E-001,3.4234472E-007
1.3796000E-001,3.3535919E-007
1.3946000E-001,3.2837365E-007
1.4096000E-001,3.2031381E-007
1.4246000E-001,3.1164967E-007
1.4396000E-001,3.0298553E-007
1.4546000E-001,2.9419759E-007
1.4696000E-001,2.8512977E-007
1.4846000E-001,2.7606196E-007
1.4996000E-001,2.6699414E-007
1.5146000E-001,2.5854507E-007
1.5296000E-001,2.5011295E-007
1.5446000E-001,2.4168083E-007
1.5596000E-001,2.3391828E-007
1.5746000E-001,2.2653237E-007
1.5896000E-001,2.1914645E-007
1.6046000E-001,2.1201931E-007
1.6196000E-001,2.0547720E-007
1.6346000E-001,1.9893510E-007
1.6496000E-001,1.9239300E-007
1.6646000E-001,1.8615197E-007
1.6796000E-001,1.7991920E-007
1.6946000E-001,1.7368642E-007
1.7096000E-001,1.6731095E-007
1.7246000E-001,1.6085522E-007
1.7396000E-001,1.5439948E-007
1.7546000E-001,1.4778345E-007
1.7696000E-001,1.4080498E-007
1.7846000E-001,1.3382651E-007
1.7996000E-001,1.2684804E-007
1.8146000E-001,1.1935967E-007
1.8296000E-001,1.1185733E-007
1.8446000E-001,1.0435498E-007
1.8596000E-001,9.6657680E-008
1.8746000E-001,8.8850711E-008
1.8896000E-001,8.1043743E-008
1.9046000E-001,7.3230822E-008
1.9196000E-001,6.5404445E-008
1.9346000E-001,5.7578068E-008
1.9496000E-001,4.9751690E-008
1.9646000E-001,4.2107465E-008
1.9796000E-001,3.4468229E-008
1.9946000E-001,2.6828994E-008
2.0096000E-001,1.9348294E-008
2.0246000E-001,1.1956771E-008
2.0396000E-001,4.5652475E-009
2.0546000E-001,-2.7689038E-009
2.0696000E-001,-9.9733444E-009
2.0846000E-001,-1.7177785E-008
2.0996000E-001,-2.4382226E-008
2.1146000E-001,-3.1509792E-008
2.1296000E-001,-3.8635252E-008
2.1446000E-001,-4.5760711E-008
2.1596000E-001,-5.2897678E-008
2.1746000E-001,-6.0041117E-008
2.1896000E-001,-6.7184556E-008
2.2046000E-001,-7.4356743E-008
2.2196000E-001,-8.1593927E-008
2.2346000E-001,-8.8831111E-008
2.2496000E-001,-9.6068295E-008
2.2646000E-001,-1.0347214E-007
2.2796000E-001,-1.1088055E-007
2.2946000E-001,-1.1828896E-007
2.3096000E-001,-1.2586801E-007
2.3246000E-001,-1.3354303E-007
2.3396000E-001,-1.4121806E-007
2.3546000E-001,-1.4900346E-007
2.3696000E-001,-1.5703841E-007
2.3846000E-001,-1.6507336E-007
2.3996000E-001,-1.7310831E-007
2.4146000E-001,-1.8152659E-007
2.4296000E-001,-1.8995536E-007
2.4446000E-001,-1.9838413E-007
2.4596000E-001,-2.0700945E-007
2.4746000E-001,-2.1574532E-007
2.4896000E-001,-2.2448119E-007
2.5046000E-001,-2.3324608E-007
2.5196000E-001,-2.4207659E-007
2.5346000E-001,-2.5090710E-007
2.5496000E-001,-2.5973761E-007
2.5646000E-001,-2.6842458E-007
2.5796000E-001,-2.7710762E-007
2.5946000E-001,-2.8579067E-007
2.6096000E-001,-2.9431258E-007
2.6246000E-001,-3.0274385E-007
2.6396000E-001,-3.1117513E-007
2.6546000E-001,-3.1957774E-007
2.6696000E-001,-3.2791554E-007
2.6846000E-001,-3.3625335E-007
2.6996000E-001,-3.4459116E-007
2.7146000E-001,-3.5321633E-007
2.7296000E-001,-3.6184938E-007
2.7446000E-001,-3.7048243E-007
2.7596000E-001,-3.7957357E-007
2.7746000E-001,-3.8892239E-007
2.7896000E-001,-3.9827120E-007
2.8046000E-001,-4.0789938E-007
2.8196000E-001,-4.1815915E-007
2.8346000E-001,-4.2841892E-007
2.8496000E-001,-4.3867869E-007
2.8646000E-001,-4.4963173E-007
2.8796000E-001,-4.6060377E-007
2.8946000E-001,-4.7157582E-007
2.9096000E-001,-4.8264495E-007
2.9246000E-001,-4.9376870E-007
2.9396000E-001,-5.0489244E-007
2.9546000E-001,-5.1586109E-007
2.9696000E-001,-5.2647909E-007
2.9846000E-001,-5.3709708E-007
2.9996000E-001,-5.4771507E-007
3.0146000E-001,-5.5748675E-007
3.0296000E-001,-5.6723523E-007
3.0446000E-001,-5.7698372E-007
3.0596000E-001,-5.8629263E-007
3.0746000E-001,-5.9535428E-007
3.0896000E-001,-6.0441593E-007
3.1046000E-001,-6.1345011E-007
3.1196000E-001,-6.2242215E-007
3.1346000E-001,-6.3139420E-007
3.1496000E-001,-6.4036625E-007
3.1646000E-001,-6.4978257E-007
3.1796000E-001,-6.5921107E-007
3.1946000E-001,-6.6863957E-007
3.2096000E-001,-6.7841325E-007
3.2246000E-001,-6.8838110E-007
3.2396000E-001,-6.9834895E-007
3.2546000E-001,-7.0837238E-007
3.2696000E-001,-7.1852150E-007
3.2846000E-001,-7.2867061E-007
3.2996000E-001,-7.3881972E-007
3.3146000E-001,-7.4881943E-007
3.3296000E-001,-7.5881505E-007
3.3446000E-001,-7.6881067E-007
3.3596000E-001,-7.7886249E-007
3.3746000E-001,-7.8894593E-007
3.3896000E-001,-7.9902937E-007
3.4046000E-001,-8.0945624E-007
3.4196000E-001,-8.2065957E-007
3.4346000E-001,-8.3186290E-007
3.4496000E-001,-8.4306622E-007
3.4646000E-001,-8.5675645E-007
3.4796000E-001,-8.7051482E-007
3.4946000E-001,-8.8427318E-007
3.5096000E-001,-9.0024510E-007
3.5246000E-001,-9.1746214E-007
3.5396000E-001,-9.3467918E-007
3.5546000E-001,-9.5277550E-007
3.5696000E-001,-9.7285974E-007
3.5846000E-001,-9.9294398E-007
3.5996000E-001,-1.0130282E-006
3.6146000E-001,-1.0336860E-006
3.6296000E-001,-1.0543596E-006
3.6446000E-001,-1.0750331E-006
3.6596000E-001,-1.0941757E-006
3.6746000E-001,-1.1124570E-006
3.6896000E-001,-1.1307383E-006
3.7046000E-001,-1.1476509E-006
3.7196000E-001,-1.1614688E-006
3.7346000E-001,-1.1752868E-006
3.7496000E-001,-1.1891047E-006
3.7646000E-001,-1.1985502E-006
3.7796000E-001,-1.2078759E-006
3.7946000E-001,-1.2172016E-006
3.8096000E-001,-1.2249027E-006
3.8246000E-001,-1.2316901E-006
3.8396000E-001,-1.2384775E-006
3.8546000E-001,-1.2453589E-006
3.8696000E-001,-1.2524529E-006
3.8846000E-001,-1.2595470E-006
3.8996000E-001,-1.2666410E-006
3.9146000E-001,-1.2762695E-006
3.9296000E-001,-1.2859673E-006
3.9446000E-001,-1.2956652E-006
3.9596000E-001,-1.3074857E-006
3.9746000E-001,-1.3205002E-006
3.9896000E-001,-1.3335148E-006
4.0046000E-001,-1.3472639E-006
4.0196000E-001,-1.3626739E-006
4.0346000E-001,-1.3780838E-006
4.0496000E-001,-1.3934938E-006
4.0646000E-001,-1.4097153E-006
4.0796000E-001,-1.4259591E-006
4.0946000E-001,-1.4422029E-006
4.1096000E-001,-1.4583580E-006
4.1246000E-001,-1.4744631E-006
4.1396000E-001,-1.4905683E-006
4.1546000E-001,-1.5066207E-006
4.1696000E-001,-1.5225542E-006
4.1846000E-001,-1.5384876E-006
4.1996000E-001,-1.5544210E-006
4.2146000E-001,-1.5704080E-006
4.2296000E-001,-1.5863965E-006
4.2446000E-001,-1.6023850E-006
4.2596000E-001,-1.6183274E-006
4.2746000E-001,-1.6342440E-006
4.2896000E-001,-1.6501606E-006
4.3046000E-001,-1.6660261E-006
4.3196000E-001,-1.6817760E-006
4.3346000E-001,-1.6975260E-006
4.3496000E-001,-1.7132759E-006
4.3646000E-001,-1.7296743E-006
4.3796000E-001,-1.7460904E-006
4.3946000E-001,-1.7625065E-006
4.4096000E-001,-1.7806161E-006
4.4246000E-001,-1.7996783E-006
4.4396000E-001,-1.8187405E-006
4.4546000E-001,-1.8393410E-006
4.4696000E-001,-1.8634194E-006
4.4846000E-001,-1.8874979E-006
4.4996000E-001,-1.9115763E-006
4.5146000E-001,-1.9421363E-006
4.5296000E-001,-1.9728738E-006
4.5446000E-001,-2.0036114E-006
4.5596000E-001,-2.0384153E-006
4.5746000E-001,-2.0755066E-006
4.5896000E-001,-2.1125978E-006
4.6046000E-001,-2.1504946E-006
4.6196000E-001,-2.1902128E-006
4.6346000E-001,-2.2299309E-006
4.6496000E-001,-2.2696490E-006
4.6646000E-001,-2.3041463E-006
4.6796000E-001,-2.3385006E-006
4.6946000E-001,-2.3728549E-006
4.7096000E-001,-2.3970901E-006
4.7246000E-001,-2.4156335E-006
4.7396000E-001,-2.4341768E-006
4.7546000E-001,-2.4455210E-006
4.7696000E-001,-2.4405889E-006
4.7846000E-001,-2.4356567E-006
4.7996000E-001,-2.4307246E-006
4.8146000E-001,-2.4043119E-006
4.8296000E-001,-2.3773107E-006
4.8446000E-001,-2.3503094E-006
4.8596000E-001,-2.3177547E-006
4.8746000E-001,-2.2820762E-006
4.8896000E-001,-2.2463977E-006
4.9046000E-001,-2.2146451E-006
4.9196000E-001,-2.1917684E-006
4.9346000E-001,-2.1688918E-006
4.9496000E-001,-2.1460151E-006
4.9646000E-001,-2.1541752E-006
4.9796000E-001,-2.1631855E-006
4.9946000E-001,-2.1721959E-006
5.0096000E-001,-2.2047453E-006
5.0246000E-001,-2.2505354E-006
5.0396000E-001,-2.2963256E-006
5.0546000E-001,-2.3491540E-006
5.0696000E-001,-2.4178951E-006
5.0846000E-001,-2.4866362E-006
5.0996000E-001,-2.5553773E-006
5.1146000E-001,-2.6227640E-006
5.1296000E-001,-2.6901135E-006
5.1446000E-001,-2.7574631E-006
5.1596000E-001,-2.8121468E-006
5.1746000E-001,-2.8597059E-006
5.1896000E-001,-2.9072651E-006
5.2046000E-001,-2.9485916E-006
5.2196000E-001,-2.9758272E-006
5.2346000E-001,-3.0030628E-006
5.2496000E-001,-3.0302984E-006
5.2646000E-001,-3.0522750E-006
5.2796000E-001,-3.0741076E-006
5.2946000E-001,-3.0959401E-006
5.3096000E-001,-3.1245818E-006
5.3246000E-001,-3.1570536E-006
5.3396000E-001,-3.1895255E-006
5.3546000E-001,-3.2260422E-006
5.3696000E-001,-3.2717040E-006
5.3846000E-001,-3.3173657E-006
5.3996000E-001,-3.3630275E-006
5.4146000E-001,-3.4066276E-006
5.4296000E-001,-3.4501713E-006
5.4446000E-001,-3.4937150E-006
5.4596000E-001,-3.5204171E-006
5.4746000E-001,-3.5376458E-006
5.4896000E-001,-3.5548745E-006
5.5046000E-001,-3.5593495E-006
5.5196000E-001,-3.5349896E-006
5.5346000E-001,-3.5106298E-006
5.5496000E-001,-3.4862700E-006
5.5646000E-001,-3.4309819E-006
5.5796000E-001,-3.3748464E-006
5.5946000E-001,-3.3187110E-006
5.6096000E-001,-3.2658210E-006
5.6246000E-001,-3.2147565E-006
5.6396000E-001,-3.1636921E-006
5.6546000E-001,-3.1282724E-006
5.6696000E-001,-3.1282234E-006
5.6846000E-001,-3.1281744E-006
5.6996000E-001,-3.1281254E-006
5.7146000E-001,-3.2032428E-006
5.7296000E-001,-3.2804196E-006
5.7446000E-001,-3.3575964E-006
5.7596000E-001,-3.4754248E-006
5.7746000E-001,-3.6161198E-006
5.7896000E-001,-3.7568148E-006
5.8046000E-001,-3.9016863E-006
5.8196000E-001,-4.0560005E-006
5.8346000E-001,-4.2103147E-006
5.8496000E-001,-4.3646290E-006
5.8646000E-001,-4.4746407E-006
5.8796000E-001,-4.5834387E-006
5.8946000E-001,-4.6922366E-006
5.9096000E-001,-4.7503074E-006
5.9246000E-001,-4.7798442E-006
5.9396000E-001,-4.8093809E-006
5.9546000E-001,-4.8186596E-006
5.9696000E-001,-4.7821377E-006
5.9846000E-001,-4.7456157E-006
5.9996000E-001,-4.7090937E-006
6.0146000E-001,-4.6603316E-006
6.0296000E-001,-4.6112341E-006
6.0446000E-001,-4.5621367E-006
6.0596000E-001,-4.5428339E-006
6.0746000E-001,-4.5402906E-006
6.0896000E-001,-4.5377473E-006
6.1046000E-001,-4.5564304E-006
6.1196000E-001,-4.6231034E-006
6.1346000E-001,-4.6897764E-006
6.1496000E-001,-4.7564494E-006
6.1646000E-001,-4.8584724E-006
6.1796000E-001,-4.9614640E-006
6.1946000E-001,-5.0644555E-006
6.2096000E-001,-5.1468266E-006
6.2246000E-001,-5.2175987E-006
6.2396000E-001,-5.2883708E-006
6.2546000E-001,-5.3308846E-006
6.2696000E-001,-5.3095104E-006
6.2846000E-001,-5.2881361E-006
6.2996000E-001,-5.2667619E-006
6.3146000E-001,-5.1406443E-006
6.3296000E-001,-5.0116571E-006
6.3446000E-001,-4.8826699E-006
6.3596000E-001,-4.7069709E-006
6.3746000E-001,-4.5049966E-006
6.3896000E-001,-4.3030222E-006
6.4046000E-001,-4.0980965E-006
6.4196000E-001,-3.8864979E-006
6.4346000E-001,-3.6748994E-006
6.4496000E-001,-3.4633008E-006
6.4646000E-001,-3.3030850E-006
6.4796000E-001,-3.1442768E-006
6.4946000E-001,-2.9854687E-006
6.5096000E-001,-2.8873153E-006
6.5246000E-001,-2.8232801E-006
6.5396000E-001,-2.7592448E-006
6.5546000E-001,-2.7307297E-006
6.5696000E-001,-2.7825210E-006
6.5846000E-001,-2.8343122E-006
6.5996000E-001,-2.8861034E-006
6.6146000E-001,-3.0618659E-006
6.6296000E-001,-3.2410249E-006
6.6446000E-001,-3.4201840E-006
6.6596000E-001,-3.6841878E-006
6.6746000E-001,-3.9959169E-006
6.6896000E-001,-4.3076459E-006
6.7046000E-001,-4.6542267E-006
6.7196000E-001,-5.0796027E-006
6.7346000E-001,-5.5049786E-006
6.7496000E-001,-5.9303545E-006
6.7646000E-001,-6.4016271E-006
6.7796000E-001,-6.8741572E-006
6.7946000E-001,-7.3466872E-006
6.8096000E-001,-7.7781186E-006
6.8246000E-001,-8.1864321E-006
6.8396000E-001,-8.5947456E-006
6.8546000E-001,-8.9476151E-006
6.8696000E-001,-9.1751330E-006
6.8846000E-001,-9.4026509E-006
6.8996000E-001,-9.6301688E-006
6.9146000E-001,-9.6124828E-006
6.9296000E-001,-9.5880789E-006
6.9446000E-001,-9.5636751E-006
6.9596000E-001,-9.3787523E-006
6.9746000E-001,-9.1035376E-006
6.9896000E-001,-8.8283229E-006
7.0046000E-001,-8.4967723E-006
7.0196000E-001,-8.0378535E-006
7.0346000E-001,-7.5789347E-006
7.0496000E-001,-7.1200158E-006
7.0646000E-001,-6.5893550E-006
7.0796000E-001,-6.0567285E-006
7.0946000E-001,-5.5241021E-006
7.1096000E-001,-5.0272544E-006
7.1246000E-001,-4.5505321E-006
7.1396000E-001,-4.0738099E-006
7.1546000E-001,-3.6541347E-006
7.1696000E-001,-3.3634354E-006
7.1846000E-001,-3.0727362E-006
7.1996000E-001,-2.7820369E-006
7.2146000E-001,-2.7817454E-006
7.2296000E-001,-2.7894102E-006
7.2446000E-001,-2.7970751E-006
7.2596000E-001,-3.0406509E-006
7.2746000E-001,-3.4169267E-006
7.2896000E-001,-3.7932025E-006
7.3046000E-001,-4.2799055E-006
7.3196000E-001,-5.0162703E-006
7.3346000E-001,-5.7526351E-006
7.3496000E-001,-6.4889999E-006
7.3646000E-001,-7.4520677E-006
7.3796000E-001,-8.4213464E-006
7.3946000E-001,-9.3906252E-006
7.4096000E-001,-1.0345650E-005
7.4246000E-001,-1.1292658E-005
7.4396000E-001,-1.2239665E-005
7.4546000E-001,-1.3079513E-005
7.4696000E-001,-1.3677086E-005
7.4846000E-001,-1.4274659E-005
7.4996000E-001,-1.4872232E-005
7.5146000E-001,-1.4855822E-005
7.5296000E-001,-1.4822592E-005
7.5446000E-001,-1.4789361E-005
7.5596000E-001,-1.4283968E-005
7.5746000E-001,-1.3512983E-005
7.5896000E-001,-1.2741998E-005
7.6046000E-001,-1.1788013E-005
7.6196000E-001,-1.0420288E-005
7.6346000E-001,-9.0525627E-006
7.6496000E-001,-7.6848374E-006
7.6646000E-001,-6.0899310E-006
7.6796000E-001,-4.4888004E-006
7.6946000E-001,-2.8876699E-006
7.7096000E-001,-1.4303395E-006
7.7246000E-001,-5.3896643E-008
7.7396000E-001,1.3225462E-006
7.7546000E-001,2.5159604E-006
7.7696000E-001,3.2955707E-006
7.7846000E-001,4.0751811E-006
7.7996000E-001,4.8547914E-006
7.8146000E-001,4.9132999E-006
7.8296000E-001,4.9520522E-006
7.8446000E-001,4.9908046E-006
7.8596000E-001,4.6228479E-006
7.8746000E-001,4.0261173E-006
7.8896000E-001,3.4293868E-006
7.9046000E-001,2.7144568E-006
7.9196000E-001,1.7322935E-006
7.9346000E-001,7.5013021E-007
7.9496000E-001,-2.3203311E-007
7.9646000E-001,-1.3513387E-006
7.9796000E-001,-2.4744016E-006
7.9946000E-001,-3.5974645E-006
8.0096000E-001,-4.7206010E-006
8.0246000E-001,-5.8437790E-006
8.0396000E-001,-6.9669570E-006
8.0546000E-001,-8.0796608E-006
8.0696000E-001,-9.1686837E-006
8.0846000E-001,-1.0257707E-005
8.0996000E-001,-1.1346729E-005
8.1146000E-001,-1.2400284E-005
8.1296000E-001,-1.3452867E-005
8.1446000E-001,-1.4505450E-005
8.1596000E-001,-1.5486340E-005
8.1746000E-001,-1.6426901E-005
8.1896000E-001,-1.7367463E-005
8.2046000E-001,-1.8202110E-005
8.2196000E-001,-1.8797298E-005
8.2346000E-001,-1.9392486E-005
8.2496000E-001,-1.9987674E-005
8.2646000E-001,-1.9851562E-005
8.2796000E-001,-1.9695415E-005
8.2946000E-001,-1.9539267E-005
8.3096000E-001,-1.8589488E-005
8.3246000E-001,-1.7193292E-005
8.3396000E-001,-1.5797096E-005
8.3546000E-001,-1.3906740E-005
8.3696000E-001,-1.0899156E-005
8.3846000E-001,-7.8915718E-006
8.3996000E-001,-4.8839876E-006
8.4146000E-001,-3.2252903E-007
8.4296000E-001,4.2815015E-006
8.4446000E-001,8.8855320E-006
8.4596000E-001,1.4107581E-005
8.4746000E-001,1.9677266E-005
8.4896000E-001,2.5246951E-005
8.5046000E-001,3.0722028E-005
8.5196000E-001,3.5983210E-005
8.5346000E-001,4.1244392E-005
8.5496000E-001,4.6505574E-005
8.5646000E-001,4.9891435E-005
8.5796000E-001,5.3225917E-005
8.5946000E-001,5.6560399E-005
8.6096000E-001,5.7774568E-005
8.6246000E-001,5.7796061E-005
8.6396000E-001,5.7817553E-005
8.6546000E-001,5.6649575E-005
8.6696000E-001,5.2792359E-005
8.6846000E-001,4.8935143E-005
8.6996000E-001,4.5077926E-005
8.7146000E-001,3.7962071E-005
8.7296000E-001,3.0756937E-005
8.7446000E-001,2.3551804E-005
8.7596000E-001,1.5124738E-005
8.7746000E-001,6.0103347E-006
8.7896000E-001,-3.1040686E-006
8.8046000E-001,-1.2246732E-005
8.8196000E-001,-2.1453287E-005
8.8346000E-001,-3.0659843E-005
8.8496000E-001,-3.9866398E-005
8.8646000E-001,-4.7590935E-005
8.8796000E-001,-5.5274869E-005
8.8946000E-001,-6.2958803E-005
8.9096000E-001,-6.9002182E-005
8.9246000E-001,-7.4122749E-005
8.9396000E-001,-7.9243315E-005
8.9546000E-001,-8.3451445E-005
8.9696000E-001,-8.5596673E-005
8.9846000E-001,-8.7741902E-005
8.9996000E-001,-8.9887130E-005
9.0146000E-001,-8.9161101E-005
9.0296000E-001,-8.8356407E-005
9.0446000E-001,-8.7551714E-005
9.0596000E-001,-8.5004305E-005
9.0746000E-001,-8.1476620E-005
9.0896000E-001,-7.7948935E-005
9.1046000E-001,-7.3693595E-005
9.1196000E-001,-6.7793124E-005
9.1346000E-001,-6.1892652E-005
9.1496000E-001,-5.5992181E-005
9.1646000E-001,-4.8359758E-005
9.1796000E-001,-4.0679884E-005
9.1946000E-001,-3.3000010E-005
9.2096000E-001,-2.4819406E-005
9.2246000E-001,-1.6357142E-005
9.2396000E-001,-7.8948787E-006
9.2546000E-001,3.7838641E-007
9.2696000E-001,8.2243504E-006
9.2846000E-001,1.6070314E-005
9.2996000E-001,2.3916278E-005
9.3146000E-001,2.9643202E-005
9.3296000E-001,3.5312070E-005
9.3446000E-001,4.0980938E-005
9.3596000E-001,4.4416269E-005
9.3746000E-001,4.6595236E-005
9.3896000E-001,4.8774203E-005
9.4046000E-001,4.9695498E-005
9.4196000E-001,4.7773362E-005
9.4346000E-001,4.5851225E-005
9.4496000E-001,4.3929089E-005
9.4646000E-001,3.8428774E-005
9.4796000E-001,3.2830426E-005
9.4946000E-001,2.7232078E-005
9.5096000E-001,2.0228734E-005
9.5246000E-001,1.2435078E-005
9.5396000E-001,4.6414226E-006
9.5546000E-001,-3.1714179E-006
9.5696000E-001,-1.1027633E-005
9.5846000E-001,-1.8883849E-005
9.5996000E-001,-2.6740064E-005
9.6146000E-001,-3.2619861E-005
9.6296000E-001,-3.8445509E-005
9.6446000E-001,-4.4271158E-005
9.6596000E-001,-4.7889852E-005
9.6746000E-001,-5.0267135E-005
9.6896000E-001,-5.2644418E-005
9.7046000E-001,-5.3827860E-005
9.7196000E-001,-5.2312180E-005
9.7346000E-001,-5.0796501E-005
9.7496000E-001,-4.9280821E-005
9.7646000E-001,-4.4441289E-005
9.7796000E-001,-3.9510692E-005
9.7946000E-001,-3.4580096E-005
9.8096000E-001,-2.8226988E-005
9.8246000E-001,-2.1073718E-005
9.8396000E-001,-1.3920448E-005
9.8546000E-001,-6.6045532E-006
9.8696000E-001,1.0790141E-006
9.8846000E-001,8.7625815E-006
9.8996000E-001,1.6446149E-005
9.9146000E-001,2.2752077E-005
9.9296000E-001,2.9020262E-005
9.9446000E-001,3.5288447E-005
9.9596000E-001,3.9505496E-005
9.9746000E-001,4.2568780E-005
9.9896000E-001,4.5632065E-005
1.0004600E+000,4.7394927E-005
1.0019600E+000,4.6217706E-005
1.0034600E+000,4.5040484E-005
1.0049600E+000,4.3863263E-005
1.0064600E+000,3.8827227E-005
1.0079600E+000,3.3685470E-005
1.0094600E+000,2.8543713E-005
1.0109600E+000,2.1954201E-005
1.0124600E+000,1.4550325E-005
1.0139600E+000,7.1464491E-006
1.0154600E+000,-1.7102860E-007
1.0169600E+000,-7.2931718E-006
1.0184600E+000,-1.4415315E-005
1.0199600E+000,-2.1537458E-005
1.0214600E+000,-2.6153799E-005
1.0229600E+000,-3.0701489E-005
1.0244600E+000,-3.5249178E-005
1.0259600E+000,-3.7489984E-005
1.0274600E+000,-3.8433169E-005
1.0289600E+000,-3.9376354E-005
1.0304600E+000,-3.9398372E-005
1.0319600E+000,-3.7337754E-005
1.0334600E+000,-3.5277137E-005
1.0349600E+000,-3.3216519E-005
1.0364600E+000,-2.9988379E-005
1.0379600E+000,-2.6728252E-005
1.0394600E+000,-2.3468125E-005
1.0409600E+000,-2.0751819E-005
1.0424600E+000,-1.8341413E-005
1.0439600E+000,-1.5931007E-005
1.0454600E+000,-1.4163022E-005
1.0469600E+000,-1.3847467E-005
1.0484600E+000,-1.3531912E-005
1.0499600E+000,-1.3216357E-005
1.0514600E+000,-1.4705066E-005
1.0529600E+000,-1.6243207E-005
1.0544600E+000,-1.7781348E-005
1.0559600E+000,-1.9443949E-005
1.0574600E+000,-2.1176558E-005
1.0589600E+000,-2.2909166E-005
1.0604600E+000,-2.4038148E-005
1.0619600E+000,-2.3802408E-005
1.0634600E+000,-2.3566668E-005
1.0649600E+000,-2.3330927E-005
1.0664600E+000,-1.9896532E-005
1.0679600E+000,-1.6374502E-005
1.0694600E+000,-1.2852472E-005
1.0709600E+000,-7.5611782E-006
1.0724600E+000,-1.2746737E-006
1.0739600E+000,5.0118307E-006
1.0754600E+000,1.1426084E-005
1.0769600E+000,1.8129161E-005
1.0784600E+000,2.4832238E-005
1.0799600E+000,3.1535314E-005
1.0814600E+000,3.5648363E-005
1.0829600E+000,3.9690453E-005
1.0844600E+000,4.3732542E-005
1.0859600E+000,4.4681582E-005
1.0874600E+000,4.3890782E-005
1.0889600E+000,4.3099983E-005
1.0904600E+000,4.0842619E-005
1.0919600E+000,3.5269544E-005
1.0934600E+000,2.9696470E-005
1.0949600E+000,2.4123395E-005
1.0964600E+000,1.6350541E-005
1.0979600E+000,8.5174178E-006
1.0994600E+000,6.8429500E-007
1.1009600E+000,-6.0737053E-006
1.1024600E+000,-1.2226949E-005
1.1039600E+000,-1.8380193E-005
1.1054600E+000,-2.2947468E-005
1.1069600E+000,-2.3929075E-005
1.1084600E+000,-2.4910681E-005
1.1099600E+000,-2.5892288E-005
1.1114600E+000,-2.0523582E-005
1.1129600E+000,-1.4980895E-005
1.1144600E+000,-9.4382079E-006
1.1159600E+000,-6.4417060E-007
1.1174600E+000,9.9787513E-006
1.1189600E+000,2.0601673E-005
1.1204600E+000,3.1660654E-005
1.1219600E+000,4.3705507E-005
1.1234600E+000,5.5750361E-005
1.1249600E+000,6.7795214E-005
1.1264600E+000,7.6862215E-005
1.1279600E+000,8.5847631E-005
1.1294600E+000,9.4833047E-005
1.1309600E+000,9.9456656E-005
1.1324600E+000,1.0162675E-004
1.1339600E+000,1.0379684E-004
1.1354600E+000,1.0331458E-004
1.1369600E+000,9.6835682E-005
1.1384600E+000,9.0356786E-005
1.1399600E+000,8.3877890E-005
1.1414600E+000,6.9631182E-005
1.1429600E+000,5.5171658E-005
1.1444600E+000,4.0712134E-005
1.1459600E+000,2.3114742E-005
1.1474600E+000,3.7523003E-006
1.1489600E+000,-1.5610142E-005
1.1504600E+000,-3.5002827E-005
1.1519600E+000,-5.4463890E-005
1.1534600E+000,-7.3924952E-005
1.1549600E+000,-9.3386014E-005
1.1564600E+000,-1.0770999E-004
1.1579600E+000,-1.2189323E-004
1.1594600E+000,-1.3607646E-004
1.1609600E+000,-1.4403025E-004
1.1624600E+000,-1.4847996E-004
1.1639600E+000,-1.5292967E-004
1.1654600E+000,-1.5378134E-004
1.1669600E+000,-1.4649829E-004
1.1684600E+000,-1.3921524E-004
1.1699600E+000,-1.3193219E-004
1.1714600E+000,-1.1466894E-004
1.1729600E+000,-9.7132259E-005
1.1744600E+000,-7.9595577E-005
1.1759600E+000,-5.8622168E-005
1.1774600E+000,-3.5715602E-005
1.1789600E+000,-1.2809035E-005
1.1804600E+000,9.6201828E-006
1.1819600E+000,3.0970178E-005
1.1834600E+000,5.2320174E-005
1.1849600E+000,7.3670170E-005
1.1864600E+000,8.7008799E-005
1.1879600E+000,1.0012794E-004
1.1894600E+000,1.1324708E-004
1.1909600E+000,1.1858238E-004
1.1924600E+000,1.1953928E-004
1.1939600E+000,1.2049618E-004
1.1954600E+000,1.1789638E-004
1.1969600E+000,1.0725537E-004
1.1984600E+000,9.6614348E-005
1.1999600E+000,8.5973330E-005
1.2014600E+000,6.9029983E-005
1.2029600E+000,5.1913968E-005
1.2044600E+000,3.4797954E-005
1.2059600E+000,1.8382338E-005
1.2074600E+000,2.3606963E-006
1.2089600E+000,-1.3660946E-005
1.2104600E+000,-2.7389821E-005
1.2119600E+000,-3.5935052E-005
1.2134600E+000,-4.4480283E-005
1.2149600E+000,-5.3025514E-005
1.2164600E+000,-5.2443972E-005
1.2179600E+000,-5.1612381E-005
1.2194600E+000,-5.0780791E-005
1.2209600E+000,-4.6176205E-005
1.2224600E+000,-3.9449310E-005
1.2239600E+000,-3.2722415E-005
1.2254600E+000,-2.6202391E-005
1.2269600E+000,-2.0150078E-005
1.2284600E+000,-1.4097765E-005
1.2299600E+000,-8.0454519E-006
1.2314600E+000,-7.8440677E-006
1.2329600E+000,-7.8029829E-006
1.2344600E+000,-7.7618981E-006
1.2359600E+000,-1.1780153E-005
1.2374600E+000,-1.8081786E-005
1.2389600E+000,-2.4383420E-005
1.2404600E+000,-3.0982024E-005
1.2419600E+000,-3.8252040E-005
1.2434600E+000,-4.5522057E-005
1.2449600E+000,-5.2792074E-005
1.2464600E+000,-5.3341192E-005
1.2479600E+000,-5.3706176E-005
1.2494600E+000,-5.4071161E-005
1.2509600E+000,-4.6838488E-005
1.2524600E+000,-3.5332133E-005
1.2539600E+000,-2.3825778E-005
1.2554600E+000,-9.3094828E-006
1.2569600E+000,1.2011896E-005
1.2584600E+000,3.3333275E-005
1.2599600E+000,5.4654654E-005
1.2614600E+000,7.6852883E-005
1.2629600E+000,9.9075136E-005
1.2644600E+000,1.2129739E-004
1.2659600E+000,1.3700131E-004
1.2674600E+000,1.4903867E-004
1.2689600E+000,1.6107603E-004
1.2704600E+000,1.6787703E-004
1.2719600E+000,1.6283932E-004
1.2734600E+000,1.5780161E-004
1.2749600E+000,1.5276390E-004
1.2764600E+000,1.3243045E-004
1.2779600E+000,1.1167793E-004
1.2794600E+000,9.0925418E-005
1.2809600E+000,6.5789315E-005
1.2824600E+000,3.8187444E-005
1.2839600E+000,1.0585573E-005
1.2854600E+000,-1.5635842E-005
1.2869600E+000,-3.8736224E-005
1.2884600E+000,-6.1836607E-005
1.2899600E+000,-8.4936989E-005
1.2914600E+000,-9.6210155E-005
1.2929600E+000,-1.0715929E-004
1.2944600E+000,-1.1810842E-004
1.2959600E+000,-1.2107139E-004
1.2974600E+000,-1.1954215E-004
1.2989600E+000,-1.1801291E-004
1.3004600E+000,-1.1450870E-004
1.3019600E+000,-1.0653938E-004
1.3034600E+000,-9.8570049E-005
1.3049600E+000,-9.0600722E-005
1.3064600E+000,-8.3980902E-005
1.3079600E+000,-7.7398055E-005
1.3094600E+000,-7.0815208E-005
1.3109600E+000,-6.8042032E-005
1.3124600E+000,-6.7411796E-005
1.3139600E+000,-6.6781560E-005
1.3154600E+000,-6.7630077E-005
1.3169600E+000,-7.1821864E-005
1.3184600E+000,-7.6013650E-005
1.3199600E+000,-8.0205437E-005
1.3214600E+000,-8.3665609E-005
1.3229600E+000,-8.7105738E-005
1.3244600E+000,-9.0545866E-005
1.3259600E+000,-8.9473557E-005
1.3274600E+000,-8.5863003E-005
1.3289600E+000,-8.2252449E-005
1.3304600E+000,-7.5490889E-005
1.3319600E+000,-6.1605316E-005
1.3334600E+000,-4.7719742E-005
1.3349600E+000,-3.3834169E-005
1.3364600E+000,-1.1594249E-005
1.3379600E+000,1.0874557E-005
1.3394600E+000,3.3343363E-005
1.3409600E+000,5.7600902E-005
1.3424600E+000,8.2864603E-005
1.3439600E+000,1.0812830E-004
1.3454600E+000,1.3204005E-004
1.3469600E+000,1.5289518E-004
1.3484600E+000,1.7375032E-004
1.3499600E+000,1.9460545E-004
1.3514600E+000,2.0563341E-004
1.3529600E+000,2.1639214E-004
1.3544600E+000,2.2715086E-004
1.3559600E+000,2.2996348E-004
1.3574600E+000,2.2830641E-004
1.3589600E+000,2.2664934E-004
1.3604600E+000,2.2162339E-004
1.3619600E+000,2.0898082E-004
1.3634600E+000,1.9633825E-004
1.3649600E+000,1.8369568E-004
1.3664600E+000,1.6461927E-004
1.3679600E+000,1.4536659E-004
1.3694600E+000,1.2611391E-004
1.3709600E+000,1.0629063E-004
1.3724600E+000,8.6146373E-005
1.3739600E+000,6.6002118E-005
1.3754600E+000,4.7137219E-005
1.3769600E+000,3.1164775E-005
1.3784600E+000,1.5192330E-005
1.3799600E+000,-7.8011396E-007
1.3814600E+000,-1.0071890E-005
1.3829600E+000,-1.9180633E-005
1.3844600E+000,-2.8289377E-005
1.3859600E+000,-3.3203291E-005
1.3874600E+000,-3.5757613E-005
1.3889600E+000,-3.8311935E-005
1.3904600E+000,-3.9640490E-005
1.3919600E+000,-3.8197747E-005
1.3934600E+000,-3.6755003E-005
1.3949600E+000,-3.5312260E-005
1.3964600E+000,-3.3095246E-005
1.3979600E+000,-3.0857019E-005
1.3994600E+000,-2.8618793E-005
1.4009600E+000,-2.7357580E-005
1.4024600E+000,-2.6645938E-005
1.4039600E+000,-2.5934296E-005
1.4054600E+000,-2.5900966E-005
1.4069600E+000,-2.7401209E-005
1.4084600E+000,-2.8901452E-005
1.4099600E+000,-3.0401696E-005
1.4114600E+000,-3.3314328E-005
1.4129600E+000,-3.6265655E-005
1.4144600E+000,-3.9216983E-005
1.4159600E+000,-4.2226377E-005
1.4174600E+000,-4.5268434E-005
1.4189600E+000,-4.8310491E-005
1.4204600E+000,-5.1036154E-005
1.4219600E+000,-5.3046492E-005
1.4234600E+000,-5.5056830E-005
1.4249600E+000,-5.7067168E-005
1.4264600E+000,-5.7376924E-005
1.4279600E+000,-5.7640088E-005
1.4294600E+000,-5.7903253E-005
1.4309600E+000,-5.6532511E-005
1.4324600E+000,-5.4242697E-005
1.4339600E+000,-5.1952883E-005
1.4354600E+000,-4.8503841E-005
1.4369600E+000,-4.2433939E-005
1.4384600E+000,-3.6364036E-005
1.4399600E+000,-3.0294134E-005
1.4414600E+000,-1.9578792E-005
1.4429600E+000,-8.7361783E-006
1.4444600E+000,2.1064357E-006
1.4459600E+000,1.5579042E-005
1.4474600E+000,3.0531019E-005
1.4489600E+000,4.5482996E-005
1.4504600E+000,6.0678925E-005
1.4519600E+000,7.6426399E-005
1.4534600E+000,9.2173873E-005
1.4549600E+000,1.0792135E-004
1.4564600E+000,1.1910766E-004
1.4579600E+000,1.3016901E-004
1.4594600E+000,1.4123036E-004
1.4609600E+000,1.4567024E-004
1.4624600E+000,1.4638554E-004
1.4639600E+000,1.4710083E-004
1.4654600E+000,1.4364571E-004
1.4669600E+000,1.3076182E-004
1.4684600E+000,1.1787792E-004
1.4699600E+000,1.0499403E-004
1.4714600E+000,7.9919296E-005
1.4729600E+000,5.4510567E-005
1.4744600E+000,2.9101837E-005
1.4759600E+000,-7.2479083E-007
1.4774600E+000,-3.3036486E-005
1.4789600E+000,-6.5348181E-005
1.4804600E+000,-9.7198259E-005
1.4819600E+000,-1.2800468E-004
1.4834600E+000,-1.5881110E-004
1.4849600E+000,-1.8961753E-004
1.4864600E+000,-2.1093265E-004
1.4879600E+000,-2.3198774E-004
1.4894600E+000,-2.5304283E-004
1.4909600E+000,-2.6438087E-004
1.4924600E+000,-2.7025307E-004
1.4939600E+000,-2.7612527E-004
1.4954600E+000,-2.7690169E-004
1.4969600E+000,-2.6615721E-004
1.4984600E+000,-2.5541274E-004
1.4999600E+000,-2.4466826E-004
1.5014600E+000,-2.1982118E-004
1.5029600E+000,-1.9458772E-004
1.5044600E+000,-1.6935426E-004
1.5059600E+000,-1.3762290E-004
1.5074600E+000,-1.0223647E-004
1.5089600E+000,-6.6850041E-005
1.5104600E+000,-2.9946944E-005
1.5119600E+000,1.0385138E-005
1.5134600E+000,5.0717219E-005
1.5149600E+000,9.1049301E-005
1.5164600E+000,1.3090796E-004
1.5179600E+000,1.7075364E-004
1.5194600E+000,2.1059932E-004
1.5209600E+000,2.4644772E-004
1.5224600E+000,2.8004765E-004
1.5239600E+000,3.1364757E-004
1.5254600E+000,3.4343124E-004
1.5269600E+000,3.6458686E-004
1.5284600E+000,3.8574248E-004
1.5299600E+000,4.0689810E-004
1.5314600E+000,4.1037555E-004
1.5329600E+000,4.1336866E-004
1.5344600E+000,4.1636177E-004
1.5359600E+000,4.0577053E-004
1.5374600E+000,3.8753809E-004
1.5389600E+000,3.6930565E-004
1.5404600E+000,3.4514160E-004
1.5419600E+000,3.0756697E-004
1.5434600E+000,2.6999234E-004
1.5449600E+000,2.3241771E-004
1.5464600E+000,1.8340606E-004
1.5479600E+000,1.3408107E-004
1.5494600E+000,8.4756075E-005
1.5509600E+000,3.5431028E-005
1.5524600E+000,-1.3894051E-005
1.5539600E+000,-6.3219130E-005
1.5554600E+000,-1.0869222E-004
1.5569600E+000,-1.4545645E-004
1.5584600E+000,-1.8222069E-004
1.5599600E+000,-2.1898493E-004
1.5614600E+000,-2.3431084E-004
1.5629600E+000,-2.4904940E-004
1.5644600E+000,-2.6378796E-004
1.5659600E+000,-2.6233758E-004
1.5674600E+000,-2.5178091E-004
1.5689600E+000,-2.4122425E-004
1.5704600E+000,-2.2414917E-004
1.5719600E+000,-1.9233680E-004
1.5734600E+000,-1.6052444E-004
1.5749600E+000,-1.2871207E-004
1.5764600E+000,-8.5913828E-005
1.5779600E+000,-4.2814603E-005
1.5794600E+000,2.8462209E-007
1.5809600E+000,4.2516278E-005
1.5824600E+000,8.4259928E-005
1.5839600E+000,1.2600358E-004
1.5854600E+000,1.6378113E-004
1.5869600E+000,1.9259187E-004
1.5884600E+000,2.2140261E-004
1.5899600E+000,2.5021335E-004
1.5914600E+000,2.5916294E-004
1.5929600E+000,2.6756838E-004
1.5944600E+000,2.7597383E-004
1.5959600E+000,2.7032938E-004
1.5974600E+000,2.5678188E-004
1.5989600E+000,2.4323437E-004
1.6004600E+000,2.2439214E-004
1.6019600E+000,1.9357924E-004
1.6034600E+000,1.6276633E-004
1.6049600E+000,1.3195343E-004
1.6064600E+000,9.3489636E-005
1.6079600E+000,5.4816231E-005
1.6094600E+000,1.6142826E-005
1.6109600E+000,-2.0551389E-005
1.6124600E+000,-5.6132310E-005
1.6139600E+000,-9.1713231E-005
1.6154600E+000,-1.2364673E-004
1.6169600E+000,-1.4733389E-004
1.6184600E+000,-1.7102105E-004
1.6199600E+000,-1.9470821E-004
1.6214600E+000,-2.0294649E-004
1.6229600E+000,-2.1076151E-004
1.6244600E+000,-2.1857653E-004
1.6259600E+000,-2.1715645E-004
1.6274600E+000,-2.1054161E-004
1.6289600E+000,-2.0392678E-004
1.6304600E+000,-1.9451594E-004
1.6319600E+000,-1.7878370E-004
1.6334600E+000,-1.6305146E-004
1.6349600E+000,-1.4731923E-004
1.6364600E+000,-1.2884409E-004
1.6379600E+000,-1.1029381E-004
1.6394600E+000,-9.1743531E-005
1.6409600E+000,-7.4279266E-005
1.6424600E+000,-5.7425885E-005
1.6439600E+000,-4.0572504E-005
1.6454600E+000,-2.4709032E-005
1.6469600E+000,-1.1083617E-005
1.6484600E+000,2.5417983E-006
1.6499600E+000,1.6167214E-005
1.6514600E+000,2.7255136E-005
1.6529600E+000,3.8273538E-005
1.6544600E+000,4.9291940E-005
1.6559600E+000,5.9252548E-005
1.6574600E+000,6.8618145E-005
1.6589600E+000,7.7983743E-005
1.6604600E+000,8.6894715E-005
1.6619600E+000,9.4777838E-005
1.6634600E+000,1.0266096E-004
1.6649600E+000,1.1054408E-004
1.6664600E+000,1.1675574E-004
1.6679600E+000,1.2292160E-004
1.6694600E+000,1.2908747E-004
1.6709600E+000,1.3448765E-004
1.6724600E+000,1.3945714E-004
1.6739600E+000,1.4442663E-004
1.6754600E+000,1.4959010E-004
1.6769600E+000,1.5519213E-004
1.6784600E+000,1.6079416E-004
1.6799600E+000,1.6639619E-004
1.6814600E+000,1.7480856E-004
1.6829600E+000,1.8329792E-004
1.6844600E+000,1.9178728E-004
1.6859600E+000,2.0255787E-004
1.6874600E+000,2.1461165E-004
1.6889600E+000,2.2666542E-004
1.6904600E+000,2.3896941E-004
1.6919600E+000,2.5183908E-004
1.6934600E+000,2.6470875E-004
1.6949600E+000,2.7757842E-004
1.6964600E+000,2.8511306E-004
1.6979600E+000,2.9250155E-004
1.6994600E+000,2.9989003E-004
1.7009600E+000,2.9898316E-004
1.7024600E+000,2.9341016E-004
1.7039600E+000,2.8783716E-004
1.7054600E+000,2.7681996E-004
1.7069600E+000,2.5349415E-004
1.7084600E+000,2.3016834E-004
1.7099600E+000,2.0684253E-004
1.7114600E+000,1.6713312E-004
1.7129600E+000,1.2697485E-004
1.7144600E+000,8.6816575E-005
1.7159600E+000,4.0281215E-005
1.7174600E+000,-9.8412544E-006
1.7189600E+000,-5.9963724E-005
1.7204600E+000,-1.0998310E-004
1.7219600E+000,-1.5976938E-004
1.7234600E+000,-2.0955567E-004
1.7249600E+000,-2.5934196E-004
1.7264600E+000,-2.9886753E-004
1.7279600E+000,-3.3811199E-004
1.7294600E+000,-3.7735645E-004
1.7309600E+000,-4.0510252E-004
1.7324600E+000,-4.2638075E-004
1.7339600E+000,-4.4765897E-004
1.7354600E+000,-4.6233735E-004
1.7369600E+000,-4.6209433E-004
1.7384600E+000,-4.6185130E-004
1.7399600E+000,-4.6160828E-004
1.7414600E+000,-4.4056898E-004
1.7429600E+000,-4.1895993E-004
1.7444600E+000,-3.9735087E-004
1.7459600E+000,-3.6416285E-004
1.7474600E+000,-3.2446167E-004
1.7489600E+000,-2.8476048E-004
1.7504600E+000,-2.4133941E-004
1.7519600E+000,-1.8950814E-004
1.7534600E+000,-1.3767688E-004
1.7549600E+000,-8.5845615E-005
1.7564600E+000,-3.0271192E-005
1.7579600E+000,2.5405784E-005
1.7594600E+000,8.1082759E-005
1.7609600E+000,1.3306368E-004
1.7624600E+000,1.8296556E-004
1.7639600E+000,2.3286745E-004
1.7654600E+000,2.7826875E-004
1.7669600E+000,3.1349481E-004
1.7684600E+000,3.4872088E-004
1.7699600E+000,3.8394694E-004
1.7714600E+000,3.9941317E-004
1.7729600E+000,4.1433804E-004
1.7744600E+000,4.2926291E-004
1.7759600E+000,4.3078725E-004
1.7774600E+000,4.2477380E-004
1.7789600E+000,4.1876035E-004
1.7804600E+000,4.0761827E-004
1.7819600E+000,3.8488106E-004
1.7834600E+000,3.6214385E-004
1.7849600E+000,3.3940664E-004
1.7864600E+000,3.0734597E-004
1.7879600E+000,2.7502987E-004
1.7894600E+000,2.4271378E-004
1.7909600E+000,2.0893770E-004
1.7924600E+000,1.7434039E-004
1.7939600E+000,1.3974309E-004
1.7954600E+000,1.0599276E-004
1.7969600E+000,7.4157330E-005
1.7984600E+000,4.2321904E-005
1.7999600E+000,1.0486479E-005
1.8014600E+000,-1.6849547E-005
1.8029600E+000,-4.4062302E-005
1.8044600E+000,-7.1275056E-005
1.8059600E+000,-9.5705345E-005
1.8074600E+000,-1.1857050E-004
1.8089600E+000,-1.4143565E-004
1.8104600E+000,-1.6299428E-004
1.8119600E+000,-1.8159902E-004
1.8134600E+000,-2.0020377E-004
1.8149600E+000,-2.1880851E-004
1.8164600E+000,-2.3134738E-004
1.8179600E+000,-2.4372005E-004
1.8194600E+000,-2.5609273E-004
1.8209600E+000,-2.6195951E-004
1.8224600E+000,-2.6416673E-004
1.8239600E+000,-2.6637394E-004
1.8254600E+000,-2.6430746E-004
1.8269600E+000,-2.5257870E-004
1.8284600E+000,-2.4084994E-004
1.8299600E+000,-2.2912118E-004
1.8314600E+000,-2.0302342E-004
1.8329600E+000,-1.7653199E-004
1.8344600E+000,-1.5004056E-004
1.8359600E+000,-1.1653891E-004
1.8374600E+000,-7.9094015E-005
1.8389600E+000,-4.1649122E-005
1.8404600E+000,-3.2713273E-006
1.8419600E+000,3.7215634E-005
1.8434600E+000,7.7702596E-005
1.8449600E+000,1.1818956E-004
1.8464600E+000,1.5262708E-004
1.8479600E+000,1.8689887E-004
1.8494600E+000,2.2117066E-004
1.8509600E+000,2.4699826E-004
1.8524600E+000,2.6807600E-004
1.8539600E+000,2.8915375E-004
1.8554600E+000,3.0545557E-004
1.8569600E+000,3.1095967E-004
1.8584600E+000,3.1646377E-004
1.8599600E+000,3.2196787E-004
1.8614600E+000,3.1407467E-004
1.8629600E+000,3.0581441E-004
1.8644600E+000,2.9755415E-004
1.8659600E+000,2.8274548E-004
1.8674600E+000,2.6425332E-004
1.8689600E+000,2.4576117E-004
1.8704600E+000,2.2505231E-004
1.8719600E+000,1.9933179E-004
1.8734600E+000,1.7361126E-004
1.8749600E+000,1.4789074E-004
1.8764600E+000,1.1728836E-004
1.8779600E+000,8.6552226E-005
1.8794600E+000,5.5816094E-005
1.8809600E+000,2.3746229E-005
1.8824600E+000,-9.0738622E-006
1.8839600E+000,-4.1893953E-005
1.8854600E+000,-7.3777812E-005
1.8869600E+000,-1.0354497E-004
1.8884600E+000,-1.3331214E-004
1.8899600E+000,-1.6307930E-004
1.8914600E+000,-1.8304353E-004
1.8929600E+000,-2.0273918E-004
1.8944600E+000,-2.2243483E-004
1.8959600E+000,-2.3163701E-004
1.8974600E+000,-2.3493662E-004
1.8989600E+000,-2.3823622E-004
1.9004600E+000,-2.3586364E-004
1.9019600E+000,-2.2066702E-004
1.9034600E+000,-2.0547039E-004
1.9049600E+000,-1.9027376E-004
1.9064600E+000,-1.6123987E-004
1.9079600E+000,-1.3182687E-004
1.9094600E+000,-1.0241388E-004
1.9109600E+000,-7.0098720E-005
1.9124600E+000,-3.6151095E-005
1.9139600E+000,-2.2034707E-006
1.9154600E+000,2.9693164E-005
1.9169600E+000,5.6952778E-005
1.9184600E+000,8.4212393E-005
1.9199600E+000,1.1147201E-004
1.9214600E+000,1.2425052E-004
1.9229600E+000,1.3663229E-004
1.9244600E+000,1.4901405E-004
1.9259600E+000,1.5039859E-004
1.9274600E+000,1.4559719E-004
1.9289600E+000,1.4079579E-004
1.9304600E+000,1.3183809E-004
1.9319600E+000,1.1348354E-004
1.9334600E+000,9.5128990E-005
1.9349600E+000,7.6774440E-005
1.9364600E+000,5.2360927E-005
1.9379600E+000,2.7781416E-005
1.9394600E+000,3.2019045E-006
1.9409600E+000,-2.0360907E-005
1.9424600E+000,-4.3351824E-005
1.9439600E+000,-6.6342741E-005
1.9454600E+000,-8.7157750E-005
1.9469600E+000,-1.0305332E-004
1.9484600E+000,-1.1894888E-004
1.9499600E+000,-1.3484445E-004
1.9514600E+000,-1.4196750E-004
1.9529600E+000,-1.4885021E-004
1.9544600E+000,-1.5573292E-004
1.9559600E+000,-1.5756156E-004
1.9574600E+000,-1.5654728E-004
1.9589600E+000,-1.5553300E-004
1.9604600E+000,-1.5286046E-004
1.9619600E+000,-1.4643882E-004
1.9634600E+000,-1.4001718E-004
1.9649600E+000,-1.3359554E-004
1.9664600E+000,-1.2424296E-004
1.9679600E+000,-1.1481007E-004
1.9694600E+000,-1.0537719E-004
1.9709600E+000,-9.5174939E-005
1.9724600E+000,-8.4539921E-005
1.9739600E+000,-7.3904903E-005
1.9754600E+000,-6.3352914E-005
1.9769600E+000,-5.2988639E-005
1.9784600E+000,-4.2624365E-005
1.9799600E+000,-3.2260091E-005
1.9814600E+000,-2.3570874E-005
1.9829600E+000,-1.4927550E-005
1.9844600E+000,-6.2842263E-006
1.9859600E+000,3.5449424E-007
1.9874600E+000,5.8656252E-006
1.9889600E+000,1.1376756E-005
1.9904600E+000,1.5615303E-005
1.9919600E+000,1.6976702E-005
1.9934600E+000,1.8338102E-005
1.9949600E+000,1.9699501E-005
1.9964600E+000,1.6941886E-005
1.9979600E+000,1.4071422E-005
1.9994600E+000,1.1200957E-005
2.0009600E+000,6.4395455E-006
2.0024600E+000,6.1447612E-007
2.0039600E+000,-5.2105933E-006
2.0054600E+000,-1.1160869E-005
2.0069600E+000,-1.7394218E-005
2.0084600E+000,-2.3627567E-005
2.0099600E+000,-2.9860916E-005
2.0114600E+000,-3.3460992E-005
2.0129600E+000,-3.6988923E-005
2.0144600E+000,-4.0516854E-005
2.0159600E+000,-4.0561429E-005
2.0174600E+000,-3.8646616E-005
2.0189600E+000,-3.6731803E-005
2.0204600E+000,-3.2670472E-005
2.0219600E+000,-2.3756147E-005
2.0234600E+000,-1.4841821E-005
2.0249600E+000,-5.9274950E-006
2.0264600E+000,9.5309559E-006
2.0279600E+000,2.5168698E-005
2.0294600E+000,4.0806440E-005
2.0309600E+000,5.9073327E-005
2.0324600E+000,7.8819109E-005
2.0339600E+000,9.8564891E-005
2.0354600E+000,1.1807215E-004
2.0369600E+000,1.3704012E-004
2.0384600E+000,1.5600809E-004
2.0399600E+000,1.7497607E-004
2.0414600E+000,1.8733040E-004
2.0429600E+000,1.9950355E-004
2.0444600E+000,2.1167669E-004
2.0459600E+000,2.1619953E-004
2.0474600E+000,2.1641907E-004
2.0489600E+000,2.1663861E-004
2.0504600E+000,2.1245062E-004
2.0519600E+000,1.9829780E-004
2.0534600E+000,1.8414498E-004
2.0549600E+000,1.6999216E-004
2.0564600E+000,1.4303317E-004
2.0579600E+000,1.1572333E-004
2.0594600E+000,8.8413491E-005
2.0609600E+000,5.5596097E-005
2.0624600E+000,1.9680705E-005
2.0639600E+000,-1.6234688E-005
2.0654600E+000,-5.2723064E-005
2.0669600E+000,-9.0506883E-005
2.0684600E+000,-1.2829070E-004
2.0699600E+000,-1.6607452E-004
2.0714600E+000,-1.9843095E-004
2.0729600E+000,-2.3063868E-004
2.0744600E+000,-2.6284641E-004
2.0759600E+000,-2.8711752E-004
2.0774600E+000,-3.0692427E-004
2.0789600E+000,-3.2673103E-004
2.0804600E+000,-3.4114048E-004
2.0819600E+000,-3.4334730E-004
2.0834600E+000,-3.4555411E-004
2.0849600E+000,-3.4776093E-004
2.0864600E+000,-3.3029494E-004
2.0879600E+000,-3.1228996E-004
2.0894600E+000,-2.9428498E-004
2.0909600E+000,-2.6409220E-004
2.0924600E+000,-2.2704378E-004
2.0939600E+000,-1.8999536E-004
2.0954600E+000,-1.4893155E-004
2.0969600E+000,-9.8789445E-005
2.0984600E+000,-4.8647341E-005
2.0999600E+000,1.4947624E-006
2.1014600E+000,5.4194555E-005
2.1029600E+000,1.0696442E-004
2.1044600E+000,1.5973429E-004
2.1059600E+000,2.0604051E-004
2.1074600E+000,2.4871092E-004
2.1089600E+000,2.9138134E-004
2.1104600E+000,3.2751245E-004
2.1119600E+000,3.4885905E-004
2.1134600E+000,3.7020566E-004
2.1149600E+000,3.9155226E-004
2.1164600E+000,3.8639035E-004
2.1179600E+000,3.8050219E-004
2.1194600E+000,3.7461403E-004
2.1209600E+000,3.5236948E-004
2.1224600E+000,3.2092447E-004
2.1239600E+000,2.8947946E-004
2.1254600E+000,2.5294225E-004
2.1269600E+000,2.0489221E-004
2.1284600E+000,1.5684218E-004
2.1299600E+000,1.0879214E-004
2.1314600E+000,5.7409785E-005
2.1329600E+000,5.9361288E-006
2.1344600E+000,-4.5537527E-005
2.1359600E+000,-9.1028913E-005
2.1374600E+000,-1.3315527E-004
2.1389600E+000,-1.7528163E-004
2.1404600E+000,-2.1199642E-004
2.1419600E+000,-2.3647637E-004
2.1434600E+000,-2.6095631E-004
2.1449600E+000,-2.8543625E-004
2.1464600E+000,-2.9054395E-004
2.1479600E+000,-2.9512090E-004
2.1494600E+000,-2.9969785E-004
2.1509600E+000,-2.9322100E-004
2.1524600E+000,-2.8052638E-004
2.1539600E+000,-2.6783177E-004
2.1554600E+000,-2.5140162E-004
2.1569600E+000,-2.2652593E-004
2.1584600E+000,-2.0165023E-004
2.1599600E+000,-1.7677453E-004
2.1614600E+000,-1.4550804E-004
2.1629600E+000,-1.1406645E-004
2.1644600E+000,-8.2624871E-005
2.1659600E+000,-5.0518219E-005
2.1674600E+000,-1.8037467E-005
2.1689600E+000,1.4443286E-005
2.1704600E+000,4.5471100E-005
2.1719600E+000,7.3214010E-005
2.1734600E+000,1.0095692E-004
2.1749600E+000,1.2869983E-004
2.1764600E+000,1.4580060E-004
2.1779600E+000,1.6260980E-004
2.1794600E+000,1.7941900E-004
2.1809600E+000,1.8570533E-004
2.1824600E+000,1.8607254E-004
2.1839600E+000,1.8643975E-004
2.1854600E+000,1.8104788E-004
2.1869600E+000,1.6263549E-004
2.1884600E+000,1.4422310E-004
2.1899600E+000,1.2581071E-004
2.1914600E+000,9.2317029E-005
2.1929600E+000,5.8410165E-005
2.1944600E+000,2.4503301E-005
2.1959600E+000,-1.3380225E-005
2.1974600E+000,-5.3500623E-005
2.1989600E+000,-9.3621021E-005
2.2004600E+000,-1.3177030E-004
2.2019600E+000,-1.6546313E-004
2.2034600E+000,-1.9915597E-004
2.2049600E+000,-2.3284880E-004
2.2064600E+000,-2.4917145E-004
2.2079600E+000,-2.6501820E-004
2.2094600E+000,-2.8086495E-004
2.2109600E+000,-2.8154111E-004
2.2124600E+000,-2.7368382E-004
2.2139600E+000,-2.6582652E-004
2.2154600E+000,-2.5129584E-004
2.2169600E+000,-2.2167750E-004
2.2184600E+000,-1.9205916E-004
2.2199600E+000,-1.6244081E-004
2.2214600E+000,-1.2048697E-004
2.2229600E+000,-7.8195164E-005
2.2244600E+000,-3.5903361E-005
2.2259600E+000,6.2145602E-006
2.2274600E+000,4.8234673E-005
2.2289600E+000,9.0254785E-005
2.2304600E+000,1.2847036E-004
2.2319600E+000,1.5808438E-004
2.2334600E+000,1.8769839E-004
2.2349600E+000,2.1731240E-004
2.2364600E+000,2.2787285E-004
2.2379600E+000,2.3791128E-004
2.2394600E+000,2.4794971E-004
2.2409600E+000,2.4532931E-004
2.2424600E+000,2.3558832E-004
2.2439600E+000,2.2584733E-004
2.2454600E+000,2.1190140E-004
2.2469600E+000,1.8844865E-004
2.2484600E+000,1.6499591E-004
2.2499600E+000,1.4154316E-004
2.2514600E+000,1.1398936E-004
2.2529600E+000,8.6323197E-005
2.2544600E+000,5.8657039E-005
2.2559600E+000,3.4085098E-005
2.2574600E+000,1.1253655E-005
2.2589600E+000,-1.1577788E-005
2.2604600E+000,-3.1367984E-005
2.2619600E+000,-4.4282317E-005
2.2634600E+000,-5.7196650E-005
2.2649600E+000,-7.0110983E-005
2.2664600E+000,-7.3855518E-005
2.2679600E+000,-7.7348826E-005
2.2694600E+000,-8.0842133E-005
2.2709600E+000,-8.1425907E-005
2.2724600E+000,-8.0373067E-005
2.2739600E+000,-7.9320228E-005
2.2754600E+000,-7.8673768E-005
2.2769600E+000,-7.8946080E-005
2.2784600E+000,-7.9218392E-005
2.2799600E+000,-7.9490703E-005
2.2814600E+000,-8.4249043E-005
2.2829600E+000,-8.9130287E-005
2.2844600E+000,-9.4011531E-005
2.2859600E+000,-1.0112255E-004
2.2874600E+000,-1.0948783E-004
2.2889600E+000,-1.1785310E-004
2.2904600E+000,-1.2580809E-004
2.2919600E+000,-1.3283551E-004
2.2934600E+000,-1.3986292E-004
2.2949600E+000,-1.4689033E-004
2.2964600E+000,-1.4696333E-004
2.2979600E+000,-1.4684579E-004
2.2994600E+000,-1.4672825E-004
2.3009600E+000,-1.3982207E-004
2.3024600E+000,-1.2909727E-004
2.3039600E+000,-1.1837248E-004
2.3054600E+000,-1.0472968E-004
2.3069600E+000,-8.4489673E-005
2.3084600E+000,-6.4249662E-005
2.3099600E+000,-4.4009652E-005
2.3114600E+000,-1.9796991E-005
2.3129600E+000,4.5245084E-006
2.3144600E+000,2.8846008E-005
2.3159600E+000,5.1143017E-005
2.3174600E+000,7.2301250E-005
2.3189600E+000,9.3459482E-005
2.3204600E+000,1.1186850E-004
2.3219600E+000,1.2406191E-004
2.3234600E+000,1.3625532E-004
2.3249600E+000,1.4844873E-004
2.3264600E+000,1.4973482E-004
2.3279600E+000,1.5072208E-004
2.3294600E+000,1.5170934E-004
2.3309600E+000,1.4647549E-004
2.3324600E+000,1.3774227E-004
2.3339600E+000,1.2900904E-004
2.3354600E+000,1.1846513E-004
2.3369600E+000,1.0382749E-004
2.3384600E+000,8.9189842E-005
2.3399600E+000,7.4552197E-005
2.3414600E+000,5.8175051E-005
2.3429600E+000,4.1750248E-005
2.3444600E+000,2.5325444E-005
2.3459600E+000,9.5279510E-006
2.3474600E+000,-5.9166802E-006
2.3489600E+000,-2.1361311E-005
2.3504600E+000,-3.6207460E-005
2.3519600E+000,-4.9700519E-005
2.3534600E+000,-6.3193578E-005
2.3549600E+000,-7.6686636E-005
2.3564600E+000,-8.8219872E-005
2.3579600E+000,-9.9699413E-005
2.3594600E+000,-1.1117896E-004
2.3609600E+000,-1.2105969E-004
2.3624600E+000,-1.3004110E-004
2.3639600E+000,-1.3902251E-004
2.3654600E+000,-1.4679273E-004
2.3669600E+000,-1.5182462E-004
2.3684600E+000,-1.5685651E-004
2.3699600E+000,-1.6188840E-004
2.3714600E+000,-1.6137234E-004
2.3729600E+000,-1.6070428E-004
2.3744600E+000,-1.6003622E-004
2.3759600E+000,-1.5518256E-004
2.3774600E+000,-1.4797449E-004
2.3789600E+000,-1.4076642E-004
2.3804600E+000,-1.3182465E-004
2.3819600E+000,-1.1896320E-004
2.3834600E+000,-1.0610175E-004
2.3849600E+000,-9.3240305E-005
2.3864600E+000,-7.7409914E-005
2.3879600E+000,-6.1498182E-005
2.3894600E+000,-4.5586449E-005
2.3909600E+000,-2.9975237E-005
2.3924600E+000,-1.4533068E-005
2.3939600E+000,9.0910208E-007
2.3954600E+000,1.5254166E-005
2.3969600E+000,2.7118817E-005
2.3984600E+000,3.8983468E-005
2.3999600E+000,5.0848119E-005
2.4014600E+000,5.7867329E-005
2.4029600E+000,6.4753787E-005
2.4044600E+000,7.1640245E-005
2.4059600E+000,7.5827951E-005
2.4074600E+000,7.8497609E-005
2.4089600E+000,8.1167266E-005
2.4104600E+000,8.3185850E-005
2.4119600E+000,8.3732439E-005
2.4134600E+000,8.4279029E-005
2.4149600E+000,8.4825618E-005
2.4164600E+000,8.5034897E-005
2.4179600E+000,8.5234934E-005
2.4194600E+000,8.5434971E-005
2.4209600E+000,8.5461043E-005
2.4224600E+000,8.5389260E-005
2.4239600E+000,8.5317477E-005
2.4254600E+000,8.4586841E-005
2.4269600E+000,8.2366624E-005
2.4284600E+000,8.0146407E-005
2.4299600E+000,7.7926190E-005
2.4314600E+000,7.0892875E-005
2.4329600E+000,6.3727695E-005
2.4344600E+000,5.6562515E-005
2.4359600E+000,4.4997932E-005
2.4374600E+000,3.0958686E-005
2.4389600E+000,1.6919439E-005
2.4404600E+000,9.4035856E-007
2.4419600E+000,-1.9424435E-005
2.4434600E+000,-3.9789228E-005
2.4449600E+000,-6.0154022E-005
2.4464600E+000,-8.3257061E-005
2.4479600E+000,-1.0643512E-004
2.4494600E+000,-1.2961318E-004
2.4509600E+000,-1.5108898E-004
2.4524600E+000,-1.7160726E-004
2.4539600E+000,-1.9212553E-004
2.4554600E+000,-2.1014552E-004
2.4569600E+000,-2.2251721E-004
2.4584600E+000,-2.3488889E-004
2.4599600E+000,-2.4726058E-004
2.4614600E+000,-2.4818804E-004
2.4629600E+000,-2.4880196E-004
2.4644600E+000,-2.4941589E-004
2.4659600E+000,-2.4212599E-004
2.4674600E+000,-2.3039020E-004
2.4689600E+000,-2.1865441E-004
2.4704600E+000,-2.0393843E-004
2.4719600E+000,-1.8248461E-004
2.4734600E+000,-1.6103078E-004
2.4749600E+000,-1.3957696E-004
2.4764600E+000,-1.1362384E-004
2.4779600E+000,-8.7547442E-005
2.4794600E+000,-6.1471048E-005
2.4809600E+000,-3.6252144E-005
2.4824600E+000,-1.1515579E-005
2.4839600E+000,1.3220986E-005
2.4854600E+000,3.6018528E-005
2.4869600E+000,5.4432190E-005
2.4884600E+000,7.2845853E-005
2.4899600E+000,9.1259515E-005
2.4914600E+000,1.0082157E-004
2.4929600E+000,1.1014112E-004
2.4944600E+000,1.1946067E-004
2.4959600E+000,1.2273940E-004
2.4974600E+000,1.2262016E-004
2.4989600E+000,1.2250092E-004
2.5004600E+000,1.1998350E-004
2.5019600E+000,1.1204408E-004
2.5034600E+000,1.0410467E-004
2.5049600E+000,9.6165256E-005
2.5064600E+000,8.3480721E-005
2.5079600E+000,7.0666183E-005
2.5094600E+000,5.7851645E-005
2.5109600E+000,4.4210476E-005
2.5124600E+000,3.0104328E-005
2.5139600E+000,1.5998179E-005
2.5154600E+000,2.5484780E-006
2.5169600E+000,-9.4170822E-006
2.5184600E+000,-2.1382642E-005
2.5199600E+000,-3.3348202E-005
2.5214600E+000,-4.0744037E-005
2.5229600E+000,-4.8014675E-005
2.5244600E+000,-5.5285312E-005
2.5259600E+000,-5.8755207E-005
2.5274600E+000,-6.0087184E-005
2.5289600E+000,-6.1419162E-005
2.5304600E+000,-6.0994152E-005
2.5319600E+000,-5.6596826E-005
2.5334600E+000,-5.2199499E-005
2.5349600E+000,-4.7802172E-005
2.5364600E+000,-3.9362512E-005
2.5379600E+000,-3.0812103E-005
2.5394600E+000,-2.2261694E-005
2.5409600E+000,-1.2644143E-005
2.5424600E+000,-2.4263241E-006
2.5439600E+000,7.7914947E-006
2.5454600E+000,1.7750855E-005
2.5469600E+000,2.7125874E-005
2.5484600E+000,3.6500893E-005
2.5499600E+000,4.5875913E-005
2.5514600E+000,5.2821261E-005
2.5529600E+000,5.9700044E-005
2.5544600E+000,6.6578826E-005
2.5559600E+000,7.1526883E-005
2.5574600E+000,7.5388906E-005
2.5589600E+000,7.9250930E-005
2.5604600E+000,8.2255971E-005
2.5619600E+000,8.3323487E-005
2.5634600E+000,8.4391004E-005
2.5649600E+000,8.5458520E-005
2.5664600E+000,8.4236522E-005
2.5679600E+000,8.2951797E-005
2.5694600E+000,8.1667073E-005
2.5709600E+000,7.9176950E-005
2.5724600E+000,7.6008790E-005
2.5739600E+000,7.2840631E-005
2.5754600E+000,6.9279331E-005
2.5769600E+000,6.4829194E-005
2.5784600E+000,6.0379057E-005
2.5799600E+000,5.5928920E-005
2.5814600E+000,5.1069731E-005
2.5829600E+000,4.6199335E-005
2.5844600E+000,4.1328939E-005
2.5859600E+000,3.6875319E-005
2.5874600E+000,3.2656135E-005
2.5889600E+000,2.8436952E-005
2.5904600E+000,2.4713155E-005
2.5919600E+000,2.2109362E-005
2.5934600E+000,1.9505569E-005
2.5949600E+000,1.6901776E-005
2.5964600E+000,1.6209077E-005
2.5979600E+000,1.5568736E-005
2.5994600E+000,1.4928396E-005
2.6009600E+000,1.5168215E-005
2.6024600E+000,1.5903123E-005
2.6039600E+000,1.6638032E-005
2.6054600E+000,1.7423168E-005
2.6069600E+000,1.8321862E-005
2.6084600E+000,1.9220555E-005
2.6099600E+000,2.0119249E-005
2.6114600E+000,2.0227974E-005
2.6129600E+000,2.0315057E-005
2.6144600E+000,2.0402139E-005
2.6159600E+000,1.9936450E-005
2.6174600E+000,1.9159827E-005
2.6189600E+000,1.8383205E-005
2.6204600E+000,1.7576598E-005
2.6219600E+000,1.6702204E-005
2.6234600E+000,1.5827809E-005
2.6249600E+000,1.4953414E-005
2.6264600E+000,1.4781766E-005
2.6279600E+000,1.4629371E-005
2.6294600E+000,1.4476976E-005
2.6309600E+000,1.4844955E-005
2.6324600E+000,1.5505644E-005
2.6339600E+000,1.6166333E-005
2.6354600E+000,1.6779963E-005
2.6369600E+000,1.7287198E-005
2.6384600E+000,1.7794433E-005
2.6399600E+000,1.8301668E-005
2.6414600E+000,1.6911684E-005
2.6429600E+000,1.5469722E-005
2.6444600E+000,1.4027759E-005
2.6459600E+000,1.0128568E-005
2.6474600E+000,4.8471840E-006
2.6489600E+000,-4.3419950E-007
2.6504600E+000,-7.1854315E-006
2.6519600E+000,-1.7259799E-005
2.6534600E+000,-2.7334167E-005
2.6549600E+000,-3.7408534E-005
2.6564600E+000,-5.1374748E-005
2.6579600E+000,-6.5447587E-005
2.6594600E+000,-7.9520427E-005
2.6609600E+000,-9.4491628E-005
2.6624600E+000,-1.0996816E-004
2.6639600E+000,-1.2544469E-004
2.6654600E+000,-1.4022684E-004
2.6669600E+000,-1.5343909E-004
2.6684600E+000,-1.6665134E-004
2.6699600E+000,-1.7986359E-004
2.6714600E+000,-1.8724569E-004
2.6729600E+000,-1.9446807E-004
2.6744600E+000,-2.0169044E-004
2.6759600E+000,-2.0323414E-004
2.6774600E+000,-2.0158359E-004
2.6789600E+000,-1.9993304E-004
2.6804600E+000,-1.9516572E-004
2.6819600E+000,-1.8335179E-004
2.6834600E+000,-1.7153785E-004
2.6849600E+000,-1.5972392E-004
2.6864600E+000,-1.3886536E-004
2.6879600E+000,-1.1775901E-004
2.6894600E+000,-9.6652654E-005
2.6909600E+000,-7.1616131E-005
2.6924600E+000,-4.4368888E-005
2.6939600E+000,-1.7121645E-005
2.6954600E+000,1.0501765E-005
2.6969600E+000,3.8975637E-005
2.6984600E+000,6.7449510E-005
2.6999600E+000,9.5923382E-005
2.7014600E+000,1.2008325E-004
2.7029600E+000,1.4412492E-004
2.7044600E+000,1.6816660E-004
2.7059600E+000,1.8610923E-004
2.7074600E+000,2.0062116E-004
2.7089600E+000,2.1513308E-004
2.7104600E+000,2.2577048E-004
2.7119600E+000,2.2764810E-004
2.7134600E+000,2.2952571E-004
2.7149600E+000,2.3140333E-004
2.7164600E+000,2.2097444E-004
2.7179600E+000,2.1020838E-004
2.7194600E+000,1.9944232E-004
2.7209600E+000,1.8255965E-004
2.7224600E+000,1.6223637E-004
2.7239600E+000,1.4191310E-004
2.7254600E+000,1.2013075E-004
2.7269600E+000,9.5049604E-005
2.7284600E+000,6.9968460E-005
2.7299600E+000,4.4887315E-005
2.7314600E+000,1.9630214E-005
2.7329600E+000,-5.6317081E-006
2.7344600E+000,-3.0893630E-005
2.7359600E+000,-5.4244048E-005
2.7374600E+000,-7.6519246E-005
2.7389600E+000,-9.8794443E-005
2.7404600E+000,-1.1958407E-004
2.7419600E+000,-1.3701500E-004
2.7434600E+000,-1.5444594E-004
2.7449600E+000,-1.7187688E-004
2.7464600E+000,-1.8324601E-004
2.7479600E+000,-1.9444906E-004
2.7494600E+000,-2.0565212E-004
2.7509600E+000,-2.1188464E-004
2.7524600E+000,-2.1532123E-004
2.7539600E+000,-2.1875782E-004
2.7554600E+000,-2.1936338E-004
2.7569600E+000,-2.1356835E-004
2.7584600E+000,-2.0777332E-004
2.7599600E+000,-2.0197828E-004
2.7614600E+000,-1.8697833E-004
2.7629600E+000,-1.7172619E-004
2.7644600E+000,-1.5647404E-004
2.7659600E+000,-1.3672969E-004
2.7674600E+000,-1.1445848E-004
2.7689600E+000,-9.2187265E-005
2.7704600E+000,-6.9440334E-005
2.7719600E+000,-4.5617868E-005
2.7734600E+000,-2.1795403E-005
2.7749600E+000,2.0270629E-006
2.7764600E+000,2.0704725E-005
2.7779600E+000,3.9241433E-005
2.7794600E+000,5.7778142E-005
2.7809600E+000,6.9674862E-005
2.7824600E+000,7.7836588E-005
2.7839600E+000,8.5998314E-005
2.7854600E+000,9.0740458E-005
2.7869600E+000,8.7751372E-005
2.7884600E+000,8.4762286E-005
2.7899600E+000,8.1773200E-005
2.7914600E+000,7.1572787E-005
2.7929600E+000,6.1174804E-005
2.7944600E+000,5.0776821E-005
2.7959600E+000,3.9481416E-005
2.7974600E+000,2.7681211E-005
2.7989600E+000,1.5881006E-005
2.8004600E+000,5.2119817E-006
2.8019600E+000,-2.8995920E-006
2.8034600E+000,-1.1011166E-005
2.8049600E+000,-1.9122739E-005
2.8064600E+000,-2.1766832E-005
2.8079600E+000,-2.4261130E-005
2.8094600E+000,-2.6755429E-005
2.8109600E+000,-2.6610346E-005
2.8124600E+000,-2.4980612E-005
2.8139600E+000,-2.3350877E-005
2.8154600E+000,-2.1478573E-005
2.8169600E+000,-1.9057849E-005
2.8184600E+000,-1.6637125E-005
2.8199600E+000,-1.4216401E-005
2.8214600E+000,-1.3841894E-005
2.8229600E+000,-1.3523448E-005
2.8244600E+000,-1.3205002E-005
2.8259600E+000,-1.4820198E-005
2.8274600E+000,-1.7523068E-005
2.8289600E+000,-2.0225937E-005
2.8304600E+000,-2.3518505E-005
2.8319600E+000,-2.8144307E-005
2.8334600E+000,-3.2770109E-005
2.8349600E+000,-3.7395910E-005
2.8364600E+000,-4.1863426E-005
2.8379600E+000,-4.6326605E-005
2.8394600E+000,-5.0789784E-005
2.8409600E+000,-5.3908178E-005
2.8424600E+000,-5.6270130E-005
2.8439600E+000,-5.8632083E-005
2.8454600E+000,-6.0003307E-005
2.8469600E+000,-5.9134625E-005
2.8484600E+000,-5.8265944E-005
2.8499600E+000,-5.7397262E-005
2.8514600E+000,-5.3242360E-005
2.8529600E+000,-4.8997424E-005
2.8544600E+000,-4.4752489E-005
2.8559600E+000,-3.8740399E-005
2.8574600E+000,-3.1734286E-005
2.8589600E+000,-2.4728172E-005
2.8604600E+000,-1.7137288E-005
2.8619600E+000,-8.2243132E-006
2.8634600E+000,6.8866131E-007
2.8649600E+000,9.6016358E-006
2.8664600E+000,1.9720392E-005
2.8679600E+000,2.9872184E-005
2.8694600E+000,4.0023976E-005
2.8709600E+000,5.0554767E-005
2.8724600E+000,6.1298745E-005
2.8739600E+000,7.2042722E-005
2.8754600E+000,8.2568336E-005
2.8769600E+000,9.2600258E-005
2.8784600E+000,1.0263218E-004
2.8799600E+000,1.1266410E-004
2.8814600E+000,1.1966309E-004
2.8829600E+000,1.2657898E-004
2.8844600E+000,1.3349487E-004
2.8859600E+000,1.3647200E-004
2.8874600E+000,1.3723357E-004
2.8889600E+000,1.3799515E-004
2.8904600E+000,1.3614961E-004
2.8919600E+000,1.2840973E-004
2.8934600E+000,1.2066986E-004
2.8949600E+000,1.1292999E-004
2.8964600E+000,9.6806523E-005
2.8979600E+000,8.0453373E-005
2.8994600E+000,6.4100222E-005
2.9009600E+000,4.4190639E-005
2.9024600E+000,2.2280563E-005
2.9039600E+000,3.7048615E-007
2.9054600E+000,-2.1466694E-005
2.9069600E+000,-4.3139066E-005
2.9084600E+000,-6.4811438E-005
2.9099600E+000,-8.6483810E-005
2.9114600E+000,-1.0160426E-004
2.9129600E+000,-1.1654520E-004
2.9144600E+000,-1.3148615E-004
2.9159600E+000,-1.3933527E-004
2.9174600E+000,-1.4319523E-004
2.9189600E+000,-1.4705519E-004
2.9204600E+000,-1.4745038E-004
2.9219600E+000,-1.4001217E-004
2.9234600E+000,-1.3257395E-004
2.9249600E+000,-1.2513574E-004
2.9264600E+000,-1.1037542E-004
2.9279600E+000,-9.5414496E-005
2.9294600E+000,-8.0453569E-005
2.9309600E+000,-6.4329119E-005
2.9324600E+000,-4.7550187E-005
2.9339600E+000,-3.0771255E-005
2.9354600E+000,-1.4980406E-005
2.9369600E+000,-1.4234830E-006
2.9384600E+000,1.2133440E-005
2.9399600E+000,2.5690362E-005
2.9414600E+000,3.3560426E-005
2.9429600E+000,4.1274685E-005
2.9444600E+000,4.8988944E-005
2.9459600E+000,5.3048802E-005
2.9474600E+000,5.5053059E-005
2.9489600E+000,5.7057317E-005
2.9504600E+000,5.7910714E-005
2.9519600E+000,5.6162167E-005
2.9534600E+000,5.4413621E-005
2.9549600E+000,5.2665074E-005
2.9564600E+000,4.9455871E-005
2.9579600E+000,4.6206651E-005
2.9594600E+000,4.2957430E-005
2.9609600E+000,3.9608046E-005
2.9624600E+000,3.6202320E-005
2.9639600E+000,3.2796594E-005
2.9654600E+000,2.9405500E-005
2.9669600E+000,2.6047488E-005
2.9684600E+000,2.2689477E-005
2.9699600E+000,1.9331465E-005
2.9714600E+000,1.5671627E-005
2.9729600E+000,1.2003519E-005
2.9744600E+000,8.3354113E-006
2.9759600E+000,4.3121609E-006
2.9774600E+000,8.9142639E-008
2.9789600E+000,-4.1338756E-006
2.9804600E+000,-8.4724454E-006
2.9819600E+000,-1.3072262E-005
2.9834600E+000,-1.7672079E-005
2.9849600E+000,-2.2271895E-005
2.9864600E+000,-2.6632966E-005
2.9879600E+000,-3.0987496E-005
2.9894600E+000,-3.5342026E-005
2.9909600E+000,-3.8931198E-005
2.9924600E+000,-4.2089855E-005
2.9939600E+000,-4.5248513E-005
2.9954600E+000,-4.7746057E-005
2.9969600E+000,-4.8748909E-005
2.9984600E+000,-4.9751762E-005
2.9999600E+000,-5.0754615E-005
3.0014600E+000,-4.9181004E-005
3.0029600E+000,-4.7536805E-005
3.0044600E+000,-4.5892606E-005
3.0059600E+000,-4.2706658E-005
3.0074600E+000,-3.8653477E-005
3.0089600E+000,-3.4600296E-005
3.0104600E+000,-3.0036932E-005
3.0119600E+000,-2.4320112E-005
3.0134600E+000,-1.8603292E-005
3.0149600E+000,-1.2886472E-005
3.0164600E+000,-6.3490401E-006
3.0179600E+000,2.1087490E-007
3.0194600E+000,6.7707899E-006
3.0209600E+000,1.3403354E-005
3.0224600E+000,2.0076782E-005
3.0239600E+000,2.6750211E-005
3.0254600E+000,3.3209947E-005
3.0269600E+000,3.9186553E-005
3.0284600E+000,4.5163159E-005
3.0299600E+000,5.1139765E-005
3.0314600E+000,5.5392497E-005
3.0329600E+000,5.9598001E-005
3.0344600E+000,6.3803504E-005
3.0359600E+000,6.6065956E-005
3.0374600E+000,6.7235441E-005
3.0389600E+000,6.8404927E-005
3.0404600E+000,6.8312227E-005
3.0419600E+000,6.5365893E-005
3.0434600E+000,6.2419558E-005
3.0449600E+000,5.9473223E-005
3.0464600E+000,5.2256809E-005
3.0479600E+000,4.4923406E-005
3.0494600E+000,3.7590004E-005
3.0509600E+000,2.8194553E-005
3.0524600E+000,1.7639200E-005
3.0539600E+000,7.0838464E-006
3.0554600E+000,-3.6360359E-006
3.0569600E+000,-1.4727897E-005
3.0584600E+000,-2.5819758E-005
3.0599600E+000,-3.6911619E-005
3.0614600E+000,-4.5307318E-005
3.0629600E+000,-5.3629150E-005
3.0644600E+000,-6.1950982E-005
3.0659600E+000,-6.6989333E-005
3.0674600E+000,-7.0180726E-005
3.0689600E+000,-7.3372120E-005
3.0704600E+000,-7.4932309E-005
3.0719600E+000,-7.2804559E-005
3.0734600E+000,-7.0676810E-005
3.0749600E+000,-6.8549060E-005
3.0764600E+000,-6.3216688E-005
3.0779600E+000,-5.7796518E-005
3.0794600E+000,-5.2376348E-005
3.0809600E+000,-4.6842728E-005
3.0824600E+000,-4.1245292E-005
3.0839600E+000,-3.5647856E-005
3.0854600E+000,-3.0801269E-005
3.0869600E+000,-2.7652254E-005
3.0884600E+000,-2.4503240E-005
3.0899600E+000,-2.1354225E-005
3.0914600E+000,-2.1561105E-005
3.0929600E+000,-2.1859929E-005
3.0944600E+000,-2.2158752E-005
3.0959600E+000,-2.4233545E-005
3.0974600E+000,-2.7307323E-005
3.0989600E+000,-3.0381100E-005
3.1004600E+000,-3.3914706E-005
3.1019600E+000,-3.8487927E-005
3.1034600E+000,-4.3061148E-005
3.1049600E+000,-4.7634369E-005
3.1064600E+000,-5.3135813E-005
3.1079600E+000,-5.8662687E-005
3.1094600E+000,-6.4189560E-005
3.1109600E+000,-7.0679724E-005
3.1124600E+000,-7.7711739E-005
3.1139600E+000,-8.4743753E-005
3.1154600E+000,-9.2426855E-005
3.1169600E+000,-1.0158198E-004
3.1184600E+000,-1.1073711E-004
3.1199600E+000,-1.1989223E-004
3.1214600E+000,-1.3028809E-004
3.1229600E+000,-1.4071794E-004
3.1244600E+000,-1.5114779E-004
3.1259600E+000,-1.6048950E-004
3.1274600E+000,-1.6921913E-004
3.1289600E+000,-1.7794875E-004
3.1304600E+000,-1.8485266E-004
3.1319600E+000,-1.8762887E-004
3.1334600E+000,-1.9040507E-004
3.1349600E+000,-1.9318128E-004
3.1364600E+000,-1.8669583E-004
3.1379600E+000,-1.7995663E-004
3.1394600E+000,-1.7321744E-004
3.1409600E+000,-1.5992878E-004
3.1424600E+000,-1.4295605E-004
3.1439600E+000,-1.2598331E-004
3.1454600E+000,-1.0689899E-004
3.1469600E+000,-8.3040642E-005
3.1484600E+000,-5.9182294E-005
3.1499600E+000,-3.5323946E-005
3.1514600E+000,-1.1323435E-005
3.1529600E+000,1.2680972E-005
3.1544600E+000,3.6685379E-005
3.1559600E+000,5.6015460E-005
3.1574600E+000,7.2716234E-005
3.1589600E+000,8.9417007E-005
3.1604600E+000,1.0242633E-004
3.1619600E+000,1.0708977E-004
3.1634600E+000,1.1175320E-004
3.1649600E+000,1.1641664E-004
3.1664600E+000,1.0953812E-004
3.1679600E+000,1.0234338E-004
3.1694600E+000,9.5148637E-005
3.1709600E+000,8.3456372E-005
3.1724600E+000,6.9234249E-005
3.1739600E+000,5.5012127E-005
3.1754600E+000,4.0794785E-005
3.1769600E+000,2.6588252E-005
3.1784600E+000,1.2381718E-005
3.1799600E+000,-1.8248163E-006
3.1814600E+000,-1.0210564E-005
3.1829600E+000,-1.8436838E-005
3.1844600E+000,-2.6663112E-005
3.1859600E+000,-2.9586707E-005
3.1874600E+000,-2.9527546E-005
3.1889600E+000,-2.9468384E-005
3.1904600E+000,-2.7477399E-005
3.1919600E+000,-2.1118814E-005
3.1934600E+000,-1.4760228E-005
3.1949600E+000,-8.4016433E-006
3.1964600E+000,-4.0287743E-007
3.1979600E+000,7.6408249E-006
3.1994600E+000,1.5684527E-005
3.2009600E+000,2.2042464E-005
3.2024600E+000,2.7452157E-005
3.2039600E+000,3.2861850E-005
3.2054600E+000,3.6923521E-005
3.2069600E+000,3.7937493E-005
3.2084600E+000,3.8951464E-005
3.2099600E+000,3.9965436E-005
3.2114600E+000,3.7757245E-005
3.2129600E+000,3.5460776E-005
3.2144600E+000,3.3164307E-005
3.2159600E+000,3.0380188E-005
3.2174600E+000,2.7321767E-005
3.2189600E+000,2.4263345E-005
3.2204600E+000,2.1663572E-005
3.2219600E+000,2.0100740E-005
3.2234600E+000,1.8537908E-005
3.2249600E+000,1.6975076E-005
3.2264600E+000,1.7692933E-005
3.2279600E+000,1.8473275E-005
3.2294600E+000,1.9253616E-005
3.2309600E+000,2.1028980E-005
3.2324600E+000,2.3364044E-005
3.2339600E+000,2.5699107E-005
3.2354600E+000,2.7943709E-005
3.2369600E+000,2.9983787E-005
3.2384600E+000,3.2023864E-005
3.2399600E+000,3.4063942E-005
3.2414600E+000,3.4065076E-005
3.2429600E+000,3.4010349E-005
3.2444600E+000,3.3955622E-005
3.2459600E+000,3.2102937E-005
3.2474600E+000,2.9238900E-005
3.2489600E+000,2.6374864E-005
3.2504600E+000,2.2841565E-005
3.2519600E+000,1.7795150E-005
3.2534600E+000,1.2748735E-005
3.2549600E+000,7.7023201E-006
3.2564600E+000,1.8140084E-006
3.2579600E+000,-4.0973689E-006
3.2594600E+000,-1.0008746E-005
3.2609600E+000,-1.5807341E-005
3.2624600E+000,-2.1542496E-005
3.2639600E+000,-2.7277651E-005
3.2654600E+000,-3.2898901E-005
3.2669600E+000,-3.8262628E-005
3.2684600E+000,-4.3626355E-005
3.2699600E+000,-4.8990082E-005
3.2714600E+000,-5.4489374E-005
3.2729600E+000,-5.9992381E-005
3.2744600E+000,-6.5495387E-005
3.2759600E+000,-7.1390230E-005
3.2774600E+000,-7.7505482E-005
3.2789600E+000,-8.3620734E-005
3.2804600E+000,-8.9778297E-005
3.2819600E+000,-9.6031521E-005
3.2834600E+000,-1.0228474E-004
3.2849600E+000,-1.0853797E-004
3.2864600E+000,-1.1316982E-004
3.2879600E+000,-1.1775725E-004
3.2894600E+000,-1.2234468E-004
3.2909600E+000,-1.2427545E-004
3.2924600E+000,-1.2471183E-004
3.2939600E+000,-1.2514822E-004
3.2954600E+000,-1.2376610E-004
3.2969600E+000,-1.1827260E-004
3.2984600E+000,-1.1277909E-004
3.2999600E+000,-1.0728558E-004
3.3014600E+000,-9.6094533E-005
3.3029600E+000,-8.4747385E-005
3.3044600E+000,-7.3400237E-005
3.3059600E+000,-5.9634697E-005
3.3074600E+000,-4.4508811E-005
3.3089600E+000,-2.9382925E-005
3.3104600E+000,-1.4104250E-005
3.3119600E+000,1.5198612E-006
3.3134600E+000,1.7143972E-005
3.3149600E+000,3.2768083E-005
3.3164600E+000,4.5644837E-005
3.3179600E+000,5.8446320E-005
3.3194600E+000,7.1247803E-005
3.3209600E+000,8.0784947E-005
3.3224600E+000,8.8485900E-005
3.3239600E+000,9.6186853E-005
3.3254600E+000,1.0215976E-004
3.3269600E+000,1.0422580E-004
3.3284600E+000,1.0629184E-004
3.3299600E+000,1.0835788E-004
3.3314600E+000,1.0610161E-004
3.3329600E+000,1.0372692E-004
3.3344600E+000,1.0135224E-004
3.3359600E+000,9.7468251E-005
3.3374600E+000,9.2735284E-005
3.3389600E+000,8.8002317E-005
3.3404600E+000,8.3090516E-005
3.3419600E+000,7.7774395E-005
3.3434600E+000,7.2458275E-005
3.3449600E+000,6.7142154E-005
3.3464600E+000,6.1923390E-005
3.3479600E+000,5.6707294E-005
3.3494600E+000,5.1491198E-005
3.3509600E+000,4.6095683E-005
3.3524600E+000,4.0599246E-005
3.3539600E+000,3.5102808E-005
3.3554600E+000,2.9294394E-005
3.3569600E+000,2.2780639E-005
3.3584600E+000,1.6266884E-005
3.3599600E+000,9.7531300E-006
3.3614600E+000,2.1818344E-006
3.3629600E+000,-5.4184349E-006
3.3644600E+000,-1.3018704E-005
3.3659600E+000,-2.0384643E-005
3.3674600E+000,-2.7618771E-005
3.3689600E+000,-3.4852899E-005
3.3704600E+000,-4.1063912E-005
3.3719600E+000,-4.4961795E-005
3.3734600E+000,-4.8859678E-005
3.3749600E+000,-5.2757560E-005
3.3764600E+000,-5.0328195E-005
3.3779600E+000,-4.7725481E-005
3.3794600E+000,-4.5122766E-005
3.3809600E+000,-3.7576638E-005
3.3824600E+000,-2.7249840E-005
3.3839600E+000,-1.6923043E-005
3.3854600E+000,-4.9163976E-006
3.3869600E+000,1.0888162E-005
3.3884600E+000,2.6692722E-005
3.3899600E+000,4.2497282E-005
3.3914600E+000,5.8360989E-005
3.3929600E+000,7.4226317E-005
3.3944600E+000,9.0091644E-005
3.3959600E+000,1.0188649E-004
3.3974600E+000,1.1139169E-004
3.3989600E+000,1.2089690E-004
3.4004600E+000,1.2708323E-004
3.4019600E+000,1.2576603E-004
3.4034600E+000,1.2444883E-004
3.4049600E+000,1.2313164E-004
3.4064600E+000,1.1106878E-004
3.4079600E+000,9.8711531E-005
3.4094600E+000,8.6354278E-005
3.4109600E+000,6.9755930E-005
3.4124600E+000,5.0771967E-005
3.4139600E+000,3.1788003E-005
3.4154600E+000,1.2962944E-005
3.4169600E+000,-5.5028535E-006
3.4184600E+000,-2.3968651E-005
3.4199600E+000,-4.2434449E-005
3.4214600E+000,-5.3969111E-005
3.4229600E+000,-6.5313880E-005
3.4244600E+000,-7.6658648E-005
3.4259600E+000,-8.1355517E-005
3.4274600E+000,-8.2312943E-005
3.4289600E+000,-8.3270368E-005
3.4304600E+000,-8.1320368E-005
3.4319600E+000,-7.2797056E-005
3.4334600E+000,-6.4273745E-005
3.4349600E+000,-5.5750434E-005
3.4364600E+000,-4.1810575E-005
3.4379600E+000,-2.7722317E-005
3.4394600E+000,-1.3634059E-005
3.4409600E+000,9.1004742E-007
3.4424600E+000,1.5710568E-005
3.4439600E+000,3.0511090E-005
3.4454600E+000,4.4324754E-005
3.4469600E+000,5.5907263E-005
3.4484600E+000,6.7489772E-005
3.4499600E+000,7.9072281E-005
3.4514600E+000,8.5629076E-005
3.4529600E+000,9.2048179E-005
3.4544600E+000,9.8467283E-005
3.4559600E+000,1.0164910E-004
3.4574600E+000,1.0300993E-004
3.4589600E+000,1.0437077E-004
3.4604600E+000,1.0458723E-004
3.4619600E+000,1.0221643E-004
3.4634600E+000,9.9845633E-005
3.4649600E+000,9.7474832E-005
3.4664600E+000,9.2805427E-005
3.4679600E+000,8.8073046E-005
3.4694600E+000,8.3340665E-005
3.4709600E+000,7.7507899E-005
3.4724600E+000,7.1056165E-005
3.4739600E+000,6.4604432E-005
3.4754600E+000,5.7599273E-005
3.4769600E+000,4.9342892E-005
3.4784600E+000,4.1086512E-005
3.4799600E+000,3.2830131E-005
3.4814600E+000,2.2556246E-005
3.4829600E+000,1.2227088E-005
3.4844600E+000,1.8979290E-006
3.4859600E+000,-9.6078844E-006
3.4874600E+000,-2.1775566E-005
3.4889600E+000,-3.3943248E-005
3.4904600E+000,-4.6276356E-005
3.4919600E+000,-5.8983471E-005
3.4934600E+000,-7.1690586E-005
3.4949600E+000,-8.4397702E-005
3.4964600E+000,-9.5181180E-005
3.4979600E+000,-1.0591196E-004
3.4994600E+000,-1.1664273E-004
3.5009600E+000,-1.2411626E-004
3.5024600E+000,-1.2975759E-004
3.5039600E+000,-1.3539892E-004
3.5054600E+000,-1.3875212E-004
3.5069600E+000,-1.3693216E-004
3.5084600E+000,-1.3511219E-004
3.5099600E+000,-1.3329223E-004
3.5114600E+000,-1.2386224E-004
3.5129600E+000,-1.1422375E-004
3.5144600E+000,-1.0458526E-004
3.5159600E+000,-9.1169552E-005
3.5174600E+000,-7.5629166E-005
3.5189600E+000,-6.0088779E-005
3.5204600E+000,-4.3725490E-005
3.5219600E+000,-2.5501725E-005
3.5234600E+000,-7.2779612E-006
3.5249600E+000,1.0945803E-005
3.5264600E+000,2.8855618E-005
3.5279600E+000,4.6756831E-005
3.5294600E+000,6.4658044E-005
3.5309600E+000,8.1235771E-005
3.5324600E+000,9.7069035E-005
3.5339600E+000,1.1290230E-004
3.5354600E+000,1.2792205E-004
3.5369600E+000,1.4110255E-004
3.5384600E+000,1.5428306E-004
3.5399600E+000,1.6746356E-004
3.5414600E+000,1.7747183E-004
3.5429600E+000,1.8739319E-004
3.5444600E+000,1.9731455E-004
3.5459600E+000,2.0391902E-004
3.5474600E+000,2.0865774E-004
3.5489600E+000,2.1339647E-004
3.5504600E+000,2.1553743E-004
3.5519600E+000,2.1180521E-004
3.5534600E+000,2.0807298E-004
3.5549600E+000,2.0434076E-004
3.5564600E+000,1.8951813E-004
3.5579600E+000,1.7439167E-004
3.5594600E+000,1.5926520E-004
3.5609600E+000,1.3676128E-004
3.5624600E+000,1.1010755E-004
3.5639600E+000,8.3453821E-005
3.5654600E+000,5.4460717E-005
3.5669600E+000,2.0178592E-005
3.5684600E+000,-1.4103533E-005
3.5699600E+000,-4.8385657E-005
3.5714600E+000,-8.3262689E-005
3.5729600E+000,-1.1815602E-004
3.5744600E+000,-1.5304935E-004
3.5759600E+000,-1.8340279E-004
3.5774600E+000,-2.1120254E-004
3.5789600E+000,-2.3900230E-004
3.5804600E+000,-2.6283681E-004
3.5819600E+000,-2.7770643E-004
3.5834600E+000,-2.9257606E-004
3.5849600E+000,-3.0744569E-004
3.5864600E+000,-3.0745600E-004
3.5879600E+000,-3.0705921E-004
3.5894600E+000,-3.0666242E-004
3.5909600E+000,-2.9742259E-004
3.5924600E+000,-2.8320855E-004
3.5939600E+000,-2.6899451E-004
3.5954600E+000,-2.5184875E-004
3.5969600E+000,-2.2807472E-004
3.5984600E+000,-2.0430068E-004
3.5999600E+000,-1.8052665E-004
3.6014600E+000,-1.5273832E-004
3.6029600E+000,-1.2484000E-004
3.6044600E+000,-9.6941676E-005
3.6059600E+000,-6.9751492E-005
3.6074600E+000,-4.2959635E-005
3.6089600E+000,-1.6167777E-005
3.6104600E+000,8.9520963E-006
3.6119600E+000,3.0291833E-005
3.6134600E+000,5.1631570E-005
3.6149600E+000,7.2971308E-005
3.6164600E+000,8.5968603E-005
3.6179600E+000,9.8737339E-005
3.6194600E+000,1.1150608E-004
3.6209600E+000,1.1793113E-004
3.6224600E+000,1.2078787E-004
3.6239600E+000,1.2364460E-004
3.6254600E+000,1.2378738E-004
3.6269600E+000,1.1779428E-004
3.6284600E+000,1.1180117E-004
3.6299600E+000,1.0580807E-004
3.6314600E+000,9.4548719E-005
3.6329600E+000,8.3145091E-005
3.6344600E+000,7.1741463E-005
3.6359600E+000,5.9878265E-005
3.6374600E+000,4.7756558E-005
3.6389600E+000,3.5634851E-005
3.6404600E+000,2.4536609E-005
3.6419600E+000,1.5752288E-005
3.6434600E+000,6.9679668E-006
3.6449600E+000,-1.8163544E-006
3.6464600E+000,-5.7659155E-006
3.6479600E+000,-9.5830174E-006
3.6494600E+000,-1.3400119E-005
3.6509600E+000,-1.5013795E-005
3.6524600E+000,-1.5388044E-005
3.6539600E+000,-1.5762292E-005
3.6554600E+000,-1.6222734E-005
3.6569600E+000,-1.6878048E-005
3.6584600E+000,-1.7533363E-005
3.6599600E+000,-1.8188677E-005
3.6614600E+000,-2.2576977E-005
3.6629600E+000,-2.7067550E-005
3.6644600E+000,-3.1558123E-005
3.6659600E+000,-3.9117043E-005
3.6674600E+000,-4.8401908E-005
3.6689600E+000,-5.7686773E-005
3.6704600E+000,-6.7668621E-005
3.6719600E+000,-7.9226253E-005
3.6734600E+000,-9.0783885E-005
3.6749600E+000,-1.0234152E-004
3.6764600E+000,-1.1140737E-004
3.6779600E+000,-1.2040496E-004
3.6794600E+000,-1.2940255E-004
3.6809600E+000,-1.3368837E-004
3.6824600E+000,-1.3532382E-004
3.6839600E+000,-1.3695927E-004
3.6854600E+000,-1.3554690E-004
3.6869600E+000,-1.2724382E-004
3.6884600E+000,-1.1894073E-004
3.6899600E+000,-1.1063765E-004
3.6914600E+000,-9.3505089E-005
3.6929600E+000,-7.6130629E-005
3.6944600E+000,-5.8756169E-005
3.6959600E+000,-3.8290620E-005
3.6974600E+000,-1.6086334E-005
3.6989600E+000,6.1179531E-006
3.7004600E+000,2.7893015E-005
3.7019600E+000,4.8697654E-005
3.7034600E+000,6.9502293E-005
3.7049600E+000,9.0306932E-005
3.7064600E+000,1.0397700E-004
3.7079600E+000,1.1745160E-004
3.7094600E+000,1.3092619E-004
3.7109600E+000,1.3752078E-004
3.7124600E+000,1.4024537E-004
3.7139600E+000,1.4296995E-004
3.7154600E+000,1.4246211E-004
3.7169600E+000,1.3464618E-004
3.7184600E+000,1.2683025E-004
3.7199600E+000,1.1901431E-004
3.7214600E+000,1.0432591E-004
3.7229600E+000,8.9449225E-005
3.7244600E+000,7.4572537E-005
3.7259600E+000,5.8524169E-005
3.7274600E+000,4.1816732E-005
3.7289600E+000,2.5109295E-005
3.7304600E+000,9.3616146E-006
3.7319600E+000,-4.2161808E-006
3.7334600E+000,-1.7793976E-005
3.7349600E+000,-3.1371772E-005
3.7364600E+000,-3.9025307E-005
3.7379600E+000,-4.6516533E-005
3.7394600E+000,-5.4007760E-005
3.7409600E+000,-5.7436973E-005
3.7424600E+000,-5.8581305E-005
3.7439600E+000,-5.9725636E-005
3.7454600E+000,-5.9473978E-005
3.7469600E+000,-5.6066172E-005
3.7484600E+000,-5.2658366E-005
3.7499600E+000,-4.9250560E-005
3.7514600E+000,-4.3733114E-005
3.7529600E+000,-3.8157870E-005
3.7544600E+000,-3.2582626E-005
3.7559600E+000,-2.6680637E-005
3.7574600E+000,-2.0594854E-005
3.7589600E+000,-1.4509072E-005
3.7604600E+000,-8.3993323E-006
3.7619600E+000,-2.2354291E-006
3.7634600E+000,3.9284741E-006
3.7649600E+000,1.0092377E-005
3.7664600E+000,1.6733097E-005
3.7679600E+000,2.3386881E-005
3.7694600E+000,3.0040664E-005
3.7709600E+000,3.7214330E-005
3.7724600E+000,4.4680430E-005
3.7739600E+000,5.2146529E-005
3.7754600E+000,5.9636511E-005
3.7769600E+000,6.7180485E-005
3.7784600E+000,7.4724460E-005
3.7799600E+000,8.2268434E-005
3.7814600E+000,8.7841897E-005
3.7829600E+000,9.3361373E-005
3.7844600E+000,9.8880849E-005
3.7859600E+000,1.0140985E-004
3.7874600E+000,1.0225672E-004
3.7889600E+000,1.0310358E-004
3.7904600E+000,1.0202530E-004
3.7919600E+000,9.6594503E-005
3.7934600E+000,9.1163709E-005
3.7949600E+000,8.5732915E-005
3.7964600E+000,7.4827729E-005
3.7979600E+000,6.3772559E-005
3.7994600E+000,5.2717389E-005
3.8009600E+000,3.9878376E-005
3.8024600E+000,2.6035952E-005
3.8039600E+000,1.2193528E-005
3.8054600E+000,-1.3465854E-006
3.8069600E+000,-1.4203214E-005
3.8084600E+000,-2.7059842E-005
3.8099600E+000,-3.9916470E-005
3.8114600E+000,-4.8741237E-005
3.8129600E+000,-5.7455542E-005
3.8144600E+000,-6.6169847E-005
3.8159600E+000,-7.1274608E-005
3.8174600E+000,-7.4349000E-005
3.8189600E+000,-7.7423392E-005
3.8204600E+000,-7.8862716E-005
3.8219600E+000,-7.6605366E-005
3.8234600E+000,-7.4348017E-005
3.8249600E+000,-7.2090667E-005
3.8264600E+000,-6.6000246E-005
3.8279600E+000,-5.9804810E-005
3.8294600E+000,-5.3609373E-005
3.8309600E+000,-4.5781597E-005
3.8324600E+000,-3.7035629E-005
3.8339600E+000,-2.8289661E-005
3.8354600E+000,-1.8988269E-005
3.8369600E+000,-8.4311347E-006
3.8384600E+000,2.1259994E-006
3.8399600E+000,1.2683134E-005
3.8414600E+000,2.4653532E-005
3.8429600E+000,3.6662651E-005
3.8444600E+000,4.8671769E-005
3.8459600E+000,6.1152046E-005
3.8474600E+000,7.3897349E-005
3.8489600E+000,8.6642652E-005
3.8504600E+000,9.9182836E-005
3.8519600E+000,1.1125927E-004
3.8534600E+000,1.2333571E-004
3.8549600E+000,1.3541215E-004
3.8564600E+000,1.4517920E-004
3.8579600E+000,1.5488299E-004
3.8594600E+000,1.6458677E-004
3.8609600E+000,1.7190270E-004
3.8624600E+000,1.7787547E-004
3.8639600E+000,1.8384823E-004
3.8654600E+000,1.8846189E-004
3.8669600E+000,1.9000276E-004
3.8684600E+000,1.9154364E-004
3.8699600E+000,1.9308452E-004
3.8714600E+000,1.9011242E-004
3.8729600E+000,1.8701667E-004
3.8744600E+000,1.8392093E-004
3.8759600E+000,1.7778490E-004
3.8774600E+000,1.6993872E-004
3.8789600E+000,1.6209253E-004
3.8804600E+000,1.5269774E-004
3.8819600E+000,1.3980173E-004
3.8834600E+000,1.2690573E-004
3.8849600E+000,1.1400972E-004
3.8864600E+000,9.5991527E-005
3.8879600E+000,7.7832996E-005
3.8894600E+000,5.9674466E-005
3.8909600E+000,3.8684458E-005
3.8924600E+000,1.6101745E-005
3.8939600E+000,-6.4809676E-006
3.8954600E+000,-2.9520601E-005
3.8969600E+000,-5.3593271E-005
3.8984600E+000,-7.7665942E-005
3.8999600E+000,-1.0173861E-004
3.9014600E+000,-1.2239245E-004
3.9029600E+000,-1.4295263E-004
3.9044600E+000,-1.6351281E-004
3.9059600E+000,-1.7837454E-004
3.9074600E+000,-1.9003089E-004
3.9089600E+000,-2.0168724E-004
3.9104600E+000,-2.0961427E-004
3.9119600E+000,-2.0910976E-004
3.9134600E+000,-2.0860526E-004
3.9149600E+000,-2.0810075E-004
3.9164600E+000,-1.9635712E-004
3.9179600E+000,-1.8430557E-004
3.9194600E+000,-1.7225402E-004
3.9209600E+000,-1.5557219E-004
3.9224600E+000,-1.3628584E-004
3.9239600E+000,-1.1699948E-004
3.9254600E+000,-9.7340638E-005
3.9269600E+000,-7.6839641E-005
3.9284600E+000,-5.6338645E-005
3.9299600E+000,-3.5837648E-005
3.9314600E+000,-1.8989617E-005
3.9329600E+000,-2.2416668E-006
3.9344600E+000,1.4506283E-005
3.9359600E+000,2.7685296E-005
3.9374600E+000,3.8856781E-005
3.9389600E+000,5.0028266E-005
3.9404600E+000,5.9955497E-005
3.9419600E+000,6.7069630E-005
3.9434600E+000,7.4183763E-005
3.9449600E+000,8.1297896E-005
3.9464600E+000,8.7317583E-005
3.9479600E+000,9.3307285E-005
3.9494600E+000,9.9296987E-005
3.9509600E+000,1.0553398E-004
3.9524600E+000,1.1191009E-004
3.9539600E+000,1.1828619E-004
3.9554600E+000,1.2427190E-004
3.9569600E+000,1.2937500E-004
3.9584600E+000,1.3447809E-004
3.9599600E+000,1.3958119E-004
3.9614600E+000,1.3934098E-004
3.9629600E+000,1.3895437E-004
3.9644600E+000,1.3856777E-004
3.9659600E+000,1.3201487E-004
3.9674600E+000,1.2199343E-004
3.9689600E+000,1.1197200E-004
3.9704600E+000,9.8691259E-005
3.9719600E+000,7.8041670E-005
3.9734600E+000,5.7392081E-005
3.9749600E+000,3.6742491E-005
3.9764600E+000,9.5448095E-006
3.9779600E+000,-1.7832272E-005
3.9794600E+000,-4.5209354E-005
3.9809600E+000,-7.1756302E-005
3.9824600E+000,-9.7836300E-005
3.9839600E+000,-1.2391630E-004
3.9854600E+000,-1.4685285E-004
3.9869600E+000,-1.6268249E-004
3.9884600E+000,-1.7851212E-004
3.9899600E+000,-1.9434176E-004
3.9914600E+000,-1.9450796E-004
3.9929600E+000,-1.9424503E-004
3.9944600E+000,-1.9398210E-004
3.9959600E+000,-1.8334360E-004
3.9974600E+000,-1.6686884E-004
3.9989600E+000,-1.5039407E-004
4.0004600E+000,-1.3060302E-004
4.0019600E+000,-1.0331426E-004
4.0034600E+000,-7.6025495E-005
4.0049600E+000,-4.8736735E-005
4.0064600E+000,-1.9003204E-005
4.0079600E+000,1.0797308E-005
4.0094600E+000,4.0597819E-005
4.0109600E+000,6.7005566E-005
4.0124600E+000,9.1504882E-005
4.0139600E+000,1.1600420E-004
4.0154600E+000,1.3742148E-004
4.0169600E+000,1.5187068E-004
4.0184600E+000,1.6631989E-004
4.0199600E+000,1.8076909E-004
4.0214600E+000,1.8465124E-004
4.0229600E+000,1.8824388E-004
4.0244600E+000,1.9183653E-004
4.0259600E+000,1.8993749E-004
4.0274600E+000,1.8494938E-004
4.0289600E+000,1.7996127E-004
4.0304600E+000,1.7342523E-004
4.0319600E+000,1.6338952E-004
4.0334600E+000,1.5335381E-004
4.0349600E+000,1.4331810E-004
4.0364600E+000,1.3150419E-004
4.0379600E+000,1.1964157E-004
4.0394600E+000,1.0777894E-004
4.0409600E+000,9.6244193E-005
4.0424600E+000,8.4893870E-005
4.0439600E+000,7.3543547E-005
4.0454600E+000,6.2831802E-005
4.0469600E+000,5.3563799E-005
4.0484600E+000,4.4295795E-005
4.0499600E+000,3.5027792E-005
4.0514600E+000,2.8576029E-005
4.0529600E+000,2.2201423E-005
4.0544600E+000,1.5826817E-005
4.0559600E+000,1.1157405E-005
4.0574600E+000,7.4471632E-006
4.0589600E+000,3.7369219E-006
4.0604600E+000,4.3359898E-007
4.0619600E+000,-1.9497347E-006
4.0634600E+000,-4.3330684E-006
4.0649600E+000,-6.7164021E-006
4.0664600E+000,-9.6827516E-006
4.0679600E+000,-1.2665074E-005
4.0694600E+000,-1.5647397E-005
4.0709600E+000,-2.0044473E-005
4.0724600E+000,-2.5237348E-005
4.0739600E+000,-3.0430224E-005
4.0754600E+000,-3.6431962E-005
4.0769600E+000,-4.4262436E-005
4.0784600E+000,-5.2092910E-005
4.0799600E+000,-5.9923384E-005
4.0814600E+000,-6.9042246E-005
4.0829600E+000,-7.8196405E-005
4.0844600E+000,-8.7350565E-005
4.0859600E+000,-9.5427664E-005
4.0874600E+000,-1.0289892E-004
4.0889600E+000,-1.1037017E-004
4.0904600E+000,-1.1617494E-004
4.0919600E+000,-1.1821199E-004
4.0934600E+000,-1.2024905E-004
4.0949600E+000,-1.2228611E-004
4.0964600E+000,-1.1627492E-004
4.0979600E+000,-1.1004324E-004
4.0994600E+000,-1.0381156E-004
4.1009600E+000,-9.2032882E-005
4.1024600E+000,-7.7134027E-005
4.1039600E+000,-6.2235172E-005
4.1054600E+000,-4.5456051E-005
4.1069600E+000,-2.4425895E-005
4.1084600E+000,-3.3957383E-006
4.1099600E+000,1.7634418E-005
4.1114600E+000,3.9988082E-005
4.1129600E+000,6.2378007E-005
4.1144600E+000,8.4767931E-005
4.1159600E+000,1.0446094E-004
4.1174600E+000,1.2263692E-004
4.1189600E+000,1.4081291E-004
4.1204600E+000,1.5623275E-004
4.1219600E+000,1.6542128E-004
4.1234600E+000,1.7460981E-004
4.1249600E+000,1.8379834E-004
4.1264600E+000,1.8166306E-004
4.1279600E+000,1.7921754E-004
4.1294600E+000,1.7677202E-004
4.1309600E+000,1.6698683E-004
4.1324600E+000,1.5307309E-004
4.1339600E+000,1.3915934E-004
4.1354600E+000,1.2260642E-004
4.1369600E+000,1.0008667E-004
4.1384600E+000,7.7566917E-005
4.1399600E+000,5.5047165E-005
4.1414600E+000,2.8832924E-005
4.1429600E+000,2.5174646E-006
4.1444600E+000,-2.3797995E-005
4.1459600E+000,-4.8933415E-005
4.1474600E+000,-7.3405063E-005
4.1489600E+000,-9.7876711E-005
4.1504600E+000,-1.2022196E-004
4.1519600E+000,-1.3775970E-004
4.1534600E+000,-1.5529744E-004
4.1549600E+000,-1.7283518E-004
4.1564600E+000,-1.8059449E-004
4.1579600E+000,-1.8808590E-004
4.1594600E+000,-1.9557730E-004
4.1609600E+000,-1.9646689E-004
4.1624600E+000,-1.9364296E-004
4.1639600E+000,-1.9081903E-004
4.1654600E+000,-1.8553026E-004
4.1669600E+000,-1.7466880E-004
4.1684600E+000,-1.6380733E-004
4.1699600E+000,-1.5294587E-004
4.1714600E+000,-1.3769566E-004
4.1729600E+000,-1.2232520E-004
4.1744600E+000,-1.0695475E-004
4.1759600E+000,-9.0851841E-005
4.1774600E+000,-7.4336920E-005
4.1789600E+000,-5.7821999E-005
4.1804600E+000,-4.1688700E-005
4.1819600E+000,-2.6418198E-005
4.1834600E+000,-1.1147696E-005
4.1849600E+000,4.1228058E-006
4.1864600E+000,1.6963464E-005
4.1879600E+000,2.9737552E-005
4.1894600E+000,4.2511640E-005
4.1909600E+000,5.3467833E-005
4.1924600E+000,6.3401460E-005
4.1939600E+000,7.3335087E-005
4.1954600E+000,8.2428119E-005
4.1969600E+000,8.9620676E-005
4.1984600E+000,9.6813232E-005
4.1999600E+000,1.0400579E-004
4.2014600E+000,1.0857096E-004
4.2029600E+000,1.1306415E-004
4.2044600E+000,1.1755734E-004
4.2059600E+000,1.2020434E-004
4.2074600E+000,1.2181286E-004
4.2089600E+000,1.2342137E-004
4.2104600E+000,1.2411066E-004
4.2119600E+000,1.2272170E-004
4.2134600E+000,1.2133274E-004
4.2149600E+000,1.1994378E-004
4.2164600E+000,1.1596882E-004
4.2179600E+000,1.1192302E-004
4.2194600E+000,1.0787721E-004
4.2209600E+000,1.0263196E-004
4.2224600E+000,9.6712027E-005
4.2239600E+000,9.0792092E-005
4.2254600E+000,8.4555744E-005
4.2269600E+000,7.7604027E-005
4.2284600E+000,7.0652310E-005
4.2299600E+000,6.3700593E-005
4.2314600E+000,5.6285047E-005
4.2329600E+000,4.8856793E-005
4.2344600E+000,4.1428538E-005
4.2359600E+000,3.3842597E-005
4.2374600E+000,2.6167956E-005
4.2389600E+000,1.8493314E-005
4.2404600E+000,1.0788984E-005
4.2419600E+000,3.0175307E-006
4.2434600E+000,-4.7539228E-006
4.2449600E+000,-1.2525376E-005
4.2464600E+000,-1.9966223E-005
4.2479600E+000,-2.7398013E-005
4.2494600E+000,-3.4829802E-005
4.2509600E+000,-4.1424821E-005
4.2524600E+000,-4.7549158E-005
4.2539600E+000,-5.3673494E-005
4.2554600E+000,-5.8991619E-005
4.2569600E+000,-6.2487005E-005
4.2584600E+000,-6.5982390E-005
4.2599600E+000,-6.9477776E-005
4.2614600E+000,-6.9404323E-005
4.2629600E+000,-6.9233094E-005
4.2644600E+000,-6.9061865E-005
4.2659600E+000,-6.6479878E-005
4.2674600E+000,-6.2541841E-005
4.2689600E+000,-5.8603804E-005
4.2704600E+000,-5.3809607E-005
4.2719600E+000,-4.7079746E-005
4.2734600E+000,-4.0349885E-005
4.2749600E+000,-3.3620024E-005
4.2764600E+000,-2.5780023E-005
4.2779600E+000,-1.7909608E-005
4.2794600E+000,-1.0039192E-005
4.2809600E+000,-2.5987726E-006
4.2824600E+000,4.5997744E-006
4.2839600E+000,1.1798321E-005
4.2854600E+000,1.8309878E-005
4.2869600E+000,2.3268240E-005
4.2884600E+000,2.8226601E-005
4.2899600E+000,3.3184963E-005
4.2914600E+000,3.5109727E-005
4.2929600E+000,3.6951379E-005
4.2944600E+000,3.8793031E-005
4.2959600E+000,3.8831501E-005
4.2974600E+000,3.7855681E-005
4.2989600E+000,3.6879861E-005
4.3004600E+000,3.5513348E-005
4.3019600E+000,3.3263531E-005
4.3034600E+000,3.1013714E-005
4.3049600E+000,2.8763897E-005
4.3064600E+000,2.7319814E-005
4.3079600E+000,2.5897805E-005
4.3094600E+000,2.4475796E-005
4.3109600E+000,2.4584485E-005
4.3124600E+000,2.5554191E-005
4.3139600E+000,2.6523897E-005
4.3154600E+000,2.8294120E-005
4.3169600E+000,3.1874207E-005
4.3184600E+000,3.5454295E-005
4.3199600E+000,3.9034382E-005
4.3214600E+000,4.3891795E-005
4.3229600E+000,4.8784202E-005
4.3244600E+000,5.3676610E-005
4.3259600E+000,5.7858723E-005
4.3274600E+000,6.1641296E-005
4.3289600E+000,6.5423868E-005
4.3304600E+000,6.8042356E-005
4.3319600E+000,6.8028999E-005
4.3334600E+000,6.8015642E-005
4.3349600E+000,6.8002285E-005
4.3364600E+000,6.2580345E-005
4.3379600E+000,5.7010224E-005
4.3394600E+000,5.1440103E-005
4.3409600E+000,4.2435997E-005
4.3424600E+000,3.1500275E-005
4.3439600E+000,2.0564553E-005
4.3454600E+000,8.7122371E-006
4.3469600E+000,-5.2123799E-006
4.3484600E+000,-1.9136997E-005
4.3499600E+000,-3.3061614E-005
4.3514600E+000,-4.6151276E-005
4.3529600E+000,-5.9218064E-005
4.3544600E+000,-7.2284851E-005
4.3559600E+000,-8.2203243E-005
4.3574600E+000,-9.0350662E-005
4.3589600E+000,-9.8498082E-005
4.3604600E+000,-1.0422975E-004
4.3619600E+000,-1.0449973E-004
4.3634600E+000,-1.0476971E-004
4.3649600E+000,-1.0503969E-004
4.3664600E+000,-9.6882343E-005
4.3679600E+000,-8.8494110E-005
4.3694600E+000,-8.0105877E-005
4.3709600E+000,-6.7378392E-005
4.3724600E+000,-5.2210078E-005
4.3739600E+000,-3.7041764E-005
4.3754600E+000,-2.1045077E-005
4.3769600E+000,-3.1755491E-006
4.3784600E+000,1.4693979E-005
4.3799600E+000,3.2563507E-005
4.3814600E+000,4.8242019E-005
4.3829600E+000,6.3860504E-005
4.3844600E+000,7.9478988E-005
4.3859600E+000,9.0972374E-005
4.3874600E+000,1.0014539E-004
4.3889600E+000,1.0931841E-004
4.3904600E+000,1.1586815E-004
4.3919600E+000,1.1648702E-004
4.3934600E+000,1.1710588E-004
4.3949600E+000,1.1772474E-004
4.3964600E+000,1.1064272E-004
4.3979600E+000,1.0334972E-004
4.3994600E+000,9.6056725E-005
4.4009600E+000,8.5715914E-005
4.4024600E+000,7.3660708E-005
4.4039600E+000,6.1605502E-005
4.4054600E+000,4.9441420E-005
4.4069600E+000,3.7031184E-005
4.4084600E+000,2.4620947E-005
4.4099600E+000,1.2210711E-005
4.4114600E+000,3.2029092E-006
4.4129600E+000,-5.7116748E-006
4.4144600E+000,-1.4626259E-005
4.4159600E+000,-2.0089289E-005
4.4174600E+000,-2.3610821E-005
4.4189600E+000,-2.7132352E-005
4.4204600E+000,-2.9083581E-005
4.4219600E+000,-2.7484562E-005
4.4234600E+000,-2.5885543E-005
4.4249600E+000,-2.4286525E-005
4.4264600E+000,-1.9280809E-005
4.4279600E+000,-1.4181758E-005
4.4294600E+000,-9.0827082E-006
4.4309600E+000,-2.9626955E-006
4.4324600E+000,3.7316086E-006
4.4339600E+000,1.0425913E-005
4.4354600E+000,1.7140060E-005
4.4369600E+000,2.3899070E-005
4.4384600E+000,3.0658081E-005
4.4399600E+000,3.7417091E-005
4.4414600E+000,4.3234465E-005
4.4429600E+000,4.9026040E-005
4.4444600E+000,5.4817616E-005
4.4459600E+000,5.9493730E-005
4.4474600E+000,6.3542397E-005
4.4489600E+000,6.7591063E-005
4.4504600E+000,7.0845273E-005
4.4519600E+000,7.2303317E-005
4.4534600E+000,7.3761361E-005
4.4549600E+000,7.5219406E-005
4.4564600E+000,7.3224381E-005
4.4579600E+000,7.1134751E-005
4.4594600E+000,6.9045121E-005
4.4609600E+000,6.4300258E-005
4.4624600E+000,5.8061827E-005
4.4639600E+000,5.1823396E-005
4.4654600E+000,4.4432146E-005
4.4669600E+000,3.4434524E-005
4.4684600E+000,2.4436902E-005
4.4699600E+000,1.4439279E-005
4.4714600E+000,2.3015544E-006
4.4729600E+000,-9.8948034E-006
4.4744600E+000,-2.2091161E-005
4.4759600E+000,-3.4229702E-005
4.4774600E+000,-4.6335721E-005
4.4789600E+000,-5.8441740E-005
4.4804600E+000,-6.9784906E-005
4.4819600E+000,-7.9403357E-005
4.4834600E+000,-8.9021809E-005
4.4849600E+000,-9.8640261E-005
4.4864600E+000,-1.0382045E-004
4.4879600E+000,-1.0887904E-004
4.4894600E+000,-1.1393764E-004
4.4909600E+000,-1.1520263E-004
4.4924600E+000,-1.1433372E-004
4.4939600E+000,-1.1346481E-004
4.4954600E+000,-1.1072219E-004
4.4969600E+000,-1.0374332E-004
4.4984600E+000,-9.6764458E-005
4.4999600E+000,-8.9785595E-005
4.5014600E+000,-7.8103999E-005
4.5029600E+000,-6.6293561E-005
4.5044600E+000,-5.4483124E-005
4.5059600E+000,-4.1129887E-005
4.5074600E+000,-2.6908825E-005
4.5089600E+000,-1.2687764E-005
4.5104600E+000,1.4170245E-006
4.5119600E+000,1.5258936E-005
4.5134600E+000,2.9100847E-005
4.5149600E+000,4.2942758E-005
4.5164600E+000,5.4029233E-005
4.5179600E+000,6.5040217E-005
4.5194600E+000,7.6051201E-005
4.5209600E+000,8.4126880E-005
4.5224600E+000,9.0551451E-005
4.5239600E+000,9.6976021E-005
4.5254600E+000,1.0170933E-004
4.5269600E+000,1.0261891E-004
4.5284600E+000,1.0352850E-004
4.5299600E+000,1.0443808E-004
4.5314600E+000,9.9954691E-005
4.5329600E+000,9.5323545E-005
4.5344600E+000,9.0692399E-005
4.5359600E+000,8.3109443E-005
4.5374600E+000,7.3866094E-005
4.5389600E+000,6.4622745E-005
4.5404600E+000,5.4540148E-005
4.5419600E+000,4.2560121E-005
4.5434600E+000,3.0580094E-005
4.5449600E+000,1.8600067E-005
4.5464600E+000,6.5230585E-006
4.5479600E+000,-5.5566074E-006
4.5494600E+000,-1.7636273E-005
4.5509600E+000,-2.7976773E-005
4.5524600E+000,-3.7338993E-005
4.5539600E+000,-4.6701212E-005
4.5554600E+000,-5.4608107E-005
4.5569600E+000,-5.9224701E-005
4.5584600E+000,-6.3841296E-005
4.5599600E+000,-6.8457891E-005
4.5614600E+000,-6.8069539E-005
4.5629600E+000,-6.7544065E-005
4.5644600E+000,-6.7018591E-005
4.5659600E+000,-6.4052005E-005
4.5674600E+000,-5.9712295E-005
4.5689600E+000,-5.5372585E-005
4.5704600E+000,-5.0583987E-005
4.5719600E+000,-4.4780514E-005
4.5734600E+000,-3.8977040E-005
4.5749600E+000,-3.3173566E-005
4.5764600E+000,-2.8296600E-005
4.5779600E+000,-2.3445017E-005
4.5794600E+000,-1.8593434E-005
4.5809600E+000,-1.5450633E-005
4.5824600E+000,-1.3269021E-005
4.5839600E+000,-1.1087410E-005
4.5854600E+000,-9.8796432E-006
4.5869600E+000,-1.0873611E-005
4.5884600E+000,-1.1867580E-005
4.5899600E+000,-1.2861548E-005
4.5914600E+000,-1.6038512E-005
4.5929600E+000,-1.9275285E-005
4.5944600E+000,-2.2512057E-005
4.5959600E+000,-2.5870268E-005
4.5974600E+000,-2.9296789E-005
4.5989600E+000,-3.2723309E-005
4.6004600E+000,-3.5515640E-005
4.6019600E+000,-3.6874150E-005
4.6034600E+000,-3.8232660E-005
4.6049600E+000,-3.9591170E-005
4.6064600E+000,-3.7551784E-005
4.6079600E+000,-3.5419305E-005
4.6094600E+000,-3.3286826E-005
4.6109600E+000,-2.8900118E-005
4.6124600E+000,-2.3245407E-005
4.6139600E+000,-1.7590696E-005
4.6154600E+000,-1.1239642E-005
4.6169600E+000,-3.3142475E-006
4.6184600E+000,4.6111468E-006
4.6199600E+000,1.2536541E-005
4.6214600E+000,2.0744724E-005
4.6229600E+000,2.8960654E-005
4.6244600E+000,3.7176585E-005
4.6259600E+000,4.4294410E-005
4.6274600E+000,5.0794549E-005
4.6289600E+000,5.7294689E-005
4.6304600E+000,6.2813852E-005
4.6319600E+000,6.6115152E-005
4.6334600E+000,6.9416453E-005
4.6349600E+000,7.2717753E-005
4.6364600E+000,7.2081709E-005
4.6379600E+000,7.1337793E-005
4.6394600E+000,7.0593876E-005
4.6409600E+000,6.6957779E-005
4.6424600E+000,6.1694830E-005
4.6439600E+000,5.6431881E-005
4.6454600E+000,4.9721702E-005
4.6469600E+000,3.9739525E-005
4.6484600E+000,2.9757348E-005
4.6499600E+000,1.9775171E-005
4.6514600E+000,5.7638799E-006
4.6529600E+000,-8.3577984E-006
4.6544600E+000,-2.2479477E-005
4.6559600E+000,-3.7898349E-005
4.6574600E+000,-5.4046892E-005
4.6589600E+000,-7.0195435E-005
4.6604600E+000,-8.5819746E-005
4.6619600E+000,-1.0025883E-004
4.6634600E+000,-1.1469792E-004
4.6649600E+000,-1.2913701E-004
4.6664600E+000,-1.3770875E-004
4.6679600E+000,-1.4611975E-004
4.6694600E+000,-1.5453075E-004
4.6709600E+000,-1.5704473E-004
4.6724600E+000,-1.5624164E-004
4.6739600E+000,-1.5543854E-004
4.6754600E+000,-1.5163178E-004
4.6769600E+000,-1.4103411E-004
4.6784600E+000,-1.3043644E-004
4.6799600E+000,-1.1983876E-004
4.6814600E+000,-1.0218123E-004
4.6829600E+000,-8.4330270E-005
4.6844600E+000,-6.6479312E-005
4.6859600E+000,-4.7150307E-005
4.6874600E+000,-2.6989901E-005
4.6889600E+000,-6.8294944E-006
4.6904600E+000,1.2319523E-005
4.6919600E+000,2.9181923E-005
4.6934600E+000,4.6044323E-005
4.6949600E+000,6.2906723E-005
4.6964600E+000,7.2402035E-005
4.6979600E+000,8.1695509E-005
4.6994600E+000,9.0988983E-005
4.7009600E+000,9.4393331E-005
4.7024600E+000,9.4485046E-005
4.7039600E+000,9.4576761E-005
4.7054600E+000,9.2198502E-005
4.7069600E+000,8.4235954E-005
4.7084600E+000,7.6273406E-005
4.7099600E+000,6.8310858E-005
4.7114600E+000,5.5625313E-005
4.7129600E+000,4.2810370E-005
4.7144600E+000,2.9995428E-005
4.7159600E+000,1.6746257E-005
4.7174600E+000,3.2528327E-006
4.7189600E+000,-1.0240592E-005
4.7204600E+000,-2.2731607E-005
4.7219600E+000,-3.2956305E-005
4.7234600E+000,-4.3181003E-005
4.7249600E+000,-5.3405700E-005
4.7264600E+000,-5.7930358E-005
4.7279600E+000,-6.2298850E-005
4.7294600E+000,-6.6667342E-005
4.7309600E+000,-6.6902999E-005
4.7324600E+000,-6.4813937E-005
4.7339600E+000,-6.2724875E-005
4.7354600E+000,-5.9010594E-005
4.7369600E+000,-5.1621906E-005
4.7384600E+000,-4.4233218E-005
4.7399600E+000,-3.6844531E-005
4.7414600E+000,-2.6360471E-005
4.7429600E+000,-1.5791606E-005
4.7444600E+000,-5.2227415E-006
4.7459600E+000,5.8575346E-006
4.7474600E+000,1.7225480E-005
4.7489600E+000,2.8593425E-005
4.7504600E+000,3.9493692E-005
4.7519600E+000,4.9336600E-005
4.7534600E+000,5.9179507E-005
4.7549600E+000,6.9022415E-005
4.7564600E+000,7.5394590E-005
4.7579600E+000,8.1671677E-005
4.7594600E+000,8.7948763E-005
4.7609600E+000,9.1079245E-005
4.7624600E+000,9.2439763E-005
4.7639600E+000,9.3800280E-005
4.7654600E+000,9.3583577E-005
4.7669600E+000,8.9800983E-005
4.7684600E+000,8.6018389E-005
4.7699600E+000,8.2235795E-005
4.7714600E+000,7.4465946E-005
4.7729600E+000,6.6586856E-005
4.7744600E+000,5.8707766E-005
4.7759600E+000,4.9521833E-005
4.7774600E+000,3.9600801E-005
4.7789600E+000,2.9679769E-005
4.7804600E+000,1.9868841E-005
4.7819600E+000,1.0306847E-005
4.7834600E+000,7.4485306E-007
4.7849600E+000,-8.8171410E-006
4.7864600E+000,-1.6256364E-005
4.7879600E+000,-2.3637428E-005
4.7894600E+000,-3.1018493E-005
4.7909600E+000,-3.6690084E-005
4.7924600E+000,-4.1400096E-005
4.7939600E+000,-4.6110108E-005
4.7954600E+000,-5.0250110E-005
4.7969600E+000,-5.3101391E-005
4.7984600E+000,-5.5952672E-005
4.7999600E+000,-5.8803953E-005
4.8014600E+000,-6.0986721E-005
4.8029600E+000,-6.3151174E-005
4.8044600E+000,-6.5315627E-005
4.8059600E+000,-6.7264588E-005
4.8074600E+000,-6.9092335E-005
4.8089600E+000,-7.0920081E-005
4.8104600E+000,-7.2340969E-005
4.8119600E+000,-7.2842003E-005
4.8134600E+000,-7.3343036E-005
4.8149600E+000,-7.3844069E-005
4.8164600E+000,-7.1264441E-005
4.8179600E+000,-6.8600411E-005
4.8194600E+000,-6.5936381E-005
4.8209600E+000,-6.0285967E-005
4.8224600E+000,-5.2955712E-005
4.8239600E+000,-4.5625456E-005
4.8254600E+000,-3.6887241E-005
4.8269600E+000,-2.4965809E-005
4.8284600E+000,-1.3044378E-005
4.8299600E+000,-1.1229468E-006
4.8314600E+000,1.3107707E-005
4.8329600E+000,2.7401627E-005
4.8344600E+000,4.1695548E-005
4.8359600E+000,5.5107714E-005
4.8374600E+000,6.8023895E-005
4.8389600E+000,8.0940075E-005
4.8404600E+000,9.2295448E-005
4.8419600E+000,1.0012204E-004
4.8434600E+000,1.0794863E-004
4.8449600E+000,1.1577522E-004
4.8464600E+000,1.1656224E-004
4.8479600E+000,1.1715639E-004
4.8494600E+000,1.1775054E-004
4.8509600E+000,1.1371534E-004
4.8524600E+000,1.0707612E-004
4.8539600E+000,1.0043690E-004
4.8554600E+000,9.2115498E-005
4.8569600E+000,7.9990908E-005
4.8584600E+000,6.7866318E-005
4.8599600E+000,5.5741728E-005
4.8614600E+000,4.0966960E-005
4.8629600E+000,2.6119585E-005
4.8644600E+000,1.1272210E-005
4.8659600E+000,-3.3527386E-006
4.8674600E+000,-1.7852573E-005
4.8689600E+000,-3.2352407E-005
4.8704600E+000,-4.5933975E-005
4.8719600E+000,-5.7439463E-005
4.8734600E+000,-6.8944950E-005
4.8749600E+000,-8.0450438E-005
4.8764600E+000,-8.7502944E-005
4.8779600E+000,-9.4433451E-005
4.8794600E+000,-1.0136396E-004
4.8809600E+000,-1.0512404E-004
4.8824600E+000,-1.0710076E-004
4.8839600E+000,-1.0907748E-004
4.8854600E+000,-1.0963956E-004
4.8869600E+000,-1.0700332E-004
4.8884600E+000,-1.0436707E-004
4.8899600E+000,-1.0173083E-004
4.8914600E+000,-9.5054055E-005
4.8929600E+000,-8.8266582E-005
4.8944600E+000,-8.1479108E-005
4.8959600E+000,-7.2307701E-005
4.8974600E+000,-6.1795331E-005
4.8989600E+000,-5.1282962E-005
4.9004600E+000,-3.9850174E-005
4.9019600E+000,-2.6336439E-005
4.9034600E+000,-1.2822703E-005
4.9049600E+000,6.9103198E-007
4.9064600E+000,1.5652612E-005
4.9079600E+000,3.0653858E-005
4.9094600E+000,4.5655105E-005
4.9109600E+000,5.9937780E-005
4.9124600E+000,7.3816259E-005
4.9139600E+000,8.7694738E-005
4.9154600E+000,1.0016590E-004
4.9169600E+000,1.0945531E-004
4.9184600E+000,1.1874472E-004
4.9199600E+000,1.2803413E-004
4.9214600E+000,1.2970581E-004
4.9229600E+000,1.3116877E-004
4.9244600E+000,1.3263174E-004
4.9259600E+000,1.2821832E-004
4.9274600E+000,1.2049943E-004
4.9289600E+000,1.1278054E-004
4.9304600E+000,1.0276424E-004
4.9319600E+000,8.7553764E-005
4.9334600E+000,7.2343292E-005
4.9349600E+000,5.7132821E-005
4.9364600E+000,3.8906040E-005
4.9379600E+000,2.0596620E-005
4.9394600E+000,2.2872003E-006
4.9409600E+000,-1.4605237E-005
4.9424600E+000,-3.0700622E-005
4.9439600E+000,-4.6796007E-005
4.9454600E+000,-6.0952594E-005
4.9469600E+000,-7.0725810E-005
4.9484600E+000,-8.0499026E-005
4.9499600E+000,-9.0272243E-005
4.9514600E+000,-9.2391772E-005
4.9529600E+000,-9.4301611E-005
4.9544600E+000,-9.6211450E-005
4.9559600E+000,-9.3843800E-005
4.9574600E+000,-8.9070061E-005
4.9589600E+000,-8.4296323E-005
4.9604600E+000,-7.8378612E-005
4.9619600E+000,-6.9874526E-005
4.9634600E+000,-6.1370441E-005
4.9649600E+000,-5.2866356E-005
4.9664600E+000,-4.3790824E-005
4.9679600E+000,-3.4699637E-005
4.9694600E+000,-2.5608450E-005
4.9709600E+000,-1.7378345E-005
4.9724600E+000,-9.6325983E-006
4.9739600E+000,-1.8868521E-006
4.9754600E+000,5.3507322E-006
4.9769600E+000,1.1439428E-005
4.9784600E+000,1.7528125E-005
4.9799600E+000,2.3616821E-005
4.9814600E+000,2.8710493E-005
4.9829600E+000,3.3776904E-005
4.9844600E+000,3.8843316E-005
4.9859600E+000,4.3613722E-005
4.9874600E+000,4.8217626E-005
4.9889600E+000,5.2821529E-005
4.9904600E+000,5.7255541E-005
4.9919600E+000,6.1305451E-005
4.9934600E+000,6.5355361E-005
4.9949600E+000,6.9405270E-005
4.9964600E+000,7.2217385E-005
4.9979600E+000,7.4995587E-005
4.9994600E+000,7.7773789E-005
5.0009600E+000,7.9093543E-005
5.0024600E+000,7.9592920E-005
5.0039600E+000,8.0092296E-005
5.0054600E+000,7.9624578E-005
5.0069600E+000,7.6970385E-005
5.0084600E+000,7.4316192E-005
5.0099600E+000,7.1661999E-005
5.0114600E+000,6.5589077E-005
5.0129600E+000,5.9422491E-005
5.0144600E+000,5.3255906E-005
5.0159600E+000,4.5053115E-005
5.0174600E+000,3.5704958E-005
5.0189600E+000,2.6356801E-005
5.0204600E+000,1.6323224E-005
5.0219600E+000,4.7400025E-006
5.0234600E+000,-6.8432192E-006
5.0249600E+000,-1.8426441E-005
5.0264600E+000,-3.0748174E-005
5.0279600E+000,-4.3090141E-005
5.0294600E+000,-5.5432108E-005
5.0309600E+000,-6.6956770E-005
5.0324600E+000,-7.8021700E-005
5.0339600E+000,-8.9086629E-005
5.0354600E+000,-9.9015312E-005
5.0369600E+000,-1.0637509E-004
5.0384600E+000,-1.1373487E-004
5.0399600E+000,-1.2109465E-004
5.0414600E+000,-1.2276917E-004
5.0429600E+000,-1.2428793E-004
5.0444600E+000,-1.2580669E-004
5.0459600E+000,-1.2299174E-004
5.0474600E+000,-1.1773910E-004
5.0489600E+000,-1.1248645E-004
5.0504600E+000,-1.0538886E-004
5.0519600E+000,-9.4120119E-005
5.0534600E+000,-8.2851376E-005
5.0549600E+000,-7.1582633E-005
5.0564600E+000,-5.6646898E-005
5.0579600E+000,-4.1610698E-005
5.0594600E+000,-2.6574498E-005
5.0609600E+000,-1.1179126E-005
5.0624600E+000,4.4182794E-006
5.0639600E+000,2.0015685E-005
5.0654600E+000,3.4694330E-005
5.0669600E+000,4.7295777E-005
5.0684600E+000,5.9897223E-005
5.0699600E+000,7.2498669E-005
5.0714600E+000,7.9125114E-005
5.0729600E+000,8.5587859E-005
5.0744600E+000,9.2050605E-005
5.0759600E+000,9.3434067E-005
5.0774600E+000,9.1960432E-005
5.0789600E+000,9.0486798E-005
5.0804600E+000,8.6656190E-005
5.0819600E+000,7.7496771E-005
5.0834600E+000,6.8337351E-005
5.0849600E+000,5.9177932E-005
5.0864600E+000,4.4829571E-005
5.0879600E+000,3.0339046E-005
5.0894600E+000,1.5848522E-005
5.0909600E+000,4.0521300E-007
5.0924600E+000,-1.5574037E-005
5.0939600E+000,-3.1553288E-005
5.0954600E+000,-4.6678547E-005
5.0969600E+000,-5.9873045E-005
5.0984600E+000,-7.3067542E-005
5.0999600E+000,-8.6262040E-005
5.1014600E+000,-9.3406647E-005
5.1029600E+000,-1.0038550E-004
5.1044600E+000,-1.0736436E-004
5.1059600E+000,-1.0944547E-004
5.1074600E+000,-1.0877159E-004
5.1089600E+000,-1.0809771E-004
5.1104600E+000,-1.0539231E-004
5.1119600E+000,-9.8093891E-005
5.1134600E+000,-9.0795473E-005
5.1149600E+000,-8.3497055E-005
5.1164600E+000,-7.2607059E-005
5.1179600E+000,-6.1618665E-005
5.1194600E+000,-5.0630270E-005
5.1209600E+000,-3.9557403E-005
5.1224600E+000,-2.8437020E-005
5.1239600E+000,-1.7316637E-005
5.1254600E+000,-7.0437896E-006
5.1269600E+000,1.3128903E-006
5.1284600E+000,9.6695702E-006
5.1299600E+000,1.8026250E-005
5.1314600E+000,2.2267807E-005
5.1329600E+000,2.6396620E-005
5.1344600E+000,3.0525433E-005
5.1359600E+000,3.2010133E-005
5.1374600E+000,3.2007519E-005
5.1389600E+000,3.2004905E-005
5.1404600E+000,3.1111289E-005
5.1419600E+000,2.8203234E-005
5.1434600E+000,2.5295179E-005
5.1449600E+000,2.2387124E-005
5.1464600E+000,1.8231054E-005
5.1479600E+000,1.4040792E-005
5.1494600E+000,9.8505304E-006
5.1509600E+000,5.7710162E-006
5.1524600E+000,1.7537975E-006
5.1539600E+000,-2.2634211E-006
5.1554600E+000,-5.8617822E-006
5.1569600E+000,-8.5131613E-006
5.1584600E+000,-1.1164540E-005
5.1599600E+000,-1.3815920E-005
5.1614600E+000,-1.4132034E-005
5.1629600E+000,-1.4384169E-005
5.1644600E+000,-1.4636304E-005
5.1659600E+000,-1.2938870E-005
5.1674600E+000,-1.0144804E-005
5.1689600E+000,-7.3507374E-006
5.1704600E+000,-3.7187165E-006
5.1719600E+000,1.8078106E-006
5.1734600E+000,7.3343377E-006
5.1749600E+000,1.2860865E-005
5.1764600E+000,1.9486966E-005
5.1779600E+000,2.6143193E-005
5.1794600E+000,3.2799419E-005
5.1809600E+000,3.8580124E-005
5.1824600E+000,4.3868347E-005
5.1839600E+000,4.9156570E-005
5.1854600E+000,5.3281345E-005
5.1869600E+000,5.4775716E-005
5.1884600E+000,5.6270087E-005
5.1899600E+000,5.7764458E-005
5.1914600E+000,5.4292340E-005
5.1929600E+000,5.0684154E-005
5.1944600E+000,4.7075968E-005
5.1959600E+000,4.0545964E-005
5.1974600E+000,3.2372437E-005
5.1989600E+000,2.4198910E-005
5.2004600E+000,1.5399270E-005
5.2019600E+000,5.1840689E-006
5.2034600E+000,-5.0311318E-006
5.2049600E+000,-1.5246332E-005
5.2064600E+000,-2.3697624E-005
5.2079600E+000,-3.2100589E-005
5.2094600E+000,-4.0503553E-005
5.2109600E+000,-4.5301225E-005
5.2124600E+000,-4.8070919E-005
5.2139600E+000,-5.0840614E-005
5.2154600E+000,-5.1188813E-005
5.2169600E+000,-4.6062329E-005
5.2184600E+000,-4.0935845E-005
5.2199600E+000,-3.5809360E-005
5.2214600E+000,-2.3292368E-005
5.2229600E+000,-1.0572895E-005
5.2244600E+000,2.1465774E-006
5.2259600E+000,1.7822772E-005
5.2274600E+000,3.5162122E-005
5.2289600E+000,5.2501473E-005
5.2304600E+000,6.9787454E-005
5.2319600E+000,8.6952776E-005
5.2334600E+000,1.0411810E-004
5.2349600E+000,1.2128342E-004
5.2364600E+000,1.3340751E-004
5.2379600E+000,1.4539348E-004
5.2394600E+000,1.5737946E-004
5.2409600E+000,1.6386563E-004
5.2424600E+000,1.6725816E-004
5.2439600E+000,1.7065069E-004
5.2454600E+000,1.7118198E-004
5.2469600E+000,1.6524435E-004
5.2484600E+000,1.5930672E-004
5.2499600E+000,1.5336909E-004
5.2514600E+000,1.4002570E-004
5.2529600E+000,1.2647942E-004
5.2544600E+000,1.1293313E-004
5.2559600E+000,9.6464680E-005
5.2574600E+000,7.8352509E-005
5.2589600E+000,6.0240337E-005
5.2604600E+000,4.1739259E-005
5.2619600E+000,2.2358914E-005
5.2634600E+000,2.9785700E-006
5.2649600E+000,-1.6401774E-005
5.2664600E+000,-3.4025099E-005
5.2679600E+000,-5.1600287E-005
5.2694600E+000,-6.9175474E-005
5.2709600E+000,-8.3907482E-005
5.2724600E+000,-9.7040200E-005
5.2739600E+000,-1.1017292E-004
5.2754600E+000,-1.2138321E-004
5.2769600E+000,-1.2824716E-004
5.2784600E+000,-1.3511111E-004
5.2799600E+000,-1.4197506E-004
5.2814600E+000,-1.4217279E-004
5.2829600E+000,-1.4218788E-004
5.2844600E+000,-1.4220298E-004
5.2859600E+000,-1.3833665E-004
5.2874600E+000,-1.3228702E-004
5.2889600E+000,-1.2623739E-004
5.2904600E+000,-1.1888882E-004
5.2919600E+000,-1.0860351E-004
5.2934600E+000,-9.8318193E-005
5.2949600E+000,-8.8032881E-005
5.2964600E+000,-7.5829473E-005
5.2979600E+000,-6.3573514E-005
5.2994600E+000,-5.1317555E-005
5.3009600E+000,-3.9077405E-005
5.3024600E+000,-2.6846148E-005
5.3039600E+000,-1.4614890E-005
5.3054600E+000,-2.7621775E-006
5.3069600E+000,8.2346933E-006
5.3084600E+000,1.9231564E-005
5.3099600E+000,3.0228435E-005
5.3114600E+000,3.9571532E-005
5.3129600E+000,4.8869319E-005
5.3144600E+000,5.8167107E-005
5.3159600E+000,6.6165771E-005
5.3174600E+000,7.3433678E-005
5.3189600E+000,8.0701584E-005
5.3204600E+000,8.7106214E-005
5.3219600E+000,9.1559088E-005
5.3234600E+000,9.6011962E-005
5.3249600E+000,1.0046484E-004
5.3264600E+000,1.0106186E-004
5.3279600E+000,1.0155324E-004
5.3294600E+000,1.0204462E-004
5.3309600E+000,9.9523794E-005
5.3324600E+000,9.5308598E-005
5.3339600E+000,9.1093401E-005
5.3354600E+000,8.5574924E-005
5.3369600E+000,7.7109898E-005
5.3384600E+000,6.8644871E-005
5.3399600E+000,6.0179845E-005
5.3414600E+000,4.9429545E-005
5.3429600E+000,3.8616635E-005
5.3444600E+000,2.7803724E-005
5.3459600E+000,1.7303516E-005
5.3474600E+000,6.9792023E-006
5.3489600E+000,-3.3451111E-006
5.3504600E+000,-1.2711516E-005
5.3519600E+000,-1.9912214E-005
5.3534600E+000,-2.7112913E-005
5.3549600E+000,-3.4313611E-005
5.3564600E+000,-3.7365327E-005
5.3579600E+000,-4.0303372E-005
5.3594600E+000,-4.3241418E-005
5.3609600E+000,-4.4089771E-005
5.3624600E+000,-4.3762672E-005
5.3639600E+000,-4.3435573E-005
5.3654600E+000,-4.2871653E-005
5.3669600E+000,-4.1772313E-005
5.3684600E+000,-4.0672973E-005
5.3699600E+000,-3.9573633E-005
5.3714600E+000,-4.0013290E-005
5.3729600E+000,-4.0495111E-005
5.3744600E+000,-4.0976932E-005
5.3759600E+000,-4.2918302E-005
5.3774600E+000,-4.5680668E-005
5.3789600E+000,-4.8443034E-005
5.3804600E+000,-5.1483910E-005
5.3819600E+000,-5.5154459E-005
5.3834600E+000,-5.8825008E-005
5.3849600E+000,-6.2495557E-005
5.3864600E+000,-6.4490253E-005
5.3879600E+000,-6.6439036E-005
5.3894600E+000,-6.8387818E-005
5.3909600E+000,-6.7714058E-005
5.3924600E+000,-6.5565118E-005
5.3939600E+000,-6.3416177E-005
5.3954600E+000,-5.9802077E-005
5.3969600E+000,-5.2875443E-005
5.3984600E+000,-4.5948809E-005
5.3999600E+000,-3.9022174E-005
5.4014600E+000,-2.8997480E-005
5.4029600E+000,-1.8887906E-005
5.4044600E+000,-8.7783332E-006
5.4059600E+000,1.3854680E-006
5.4074600E+000,1.1579772E-005
5.4089600E+000,2.1774077E-005
5.4104600E+000,3.1121084E-005
5.4119600E+000,3.8552464E-005
5.4134600E+000,4.5983845E-005
5.4149600E+000,5.3415225E-005
5.4164600E+000,5.7130721E-005
5.4179600E+000,6.0744412E-005
5.4194600E+000,6.4358103E-005
5.4209600E+000,6.6171194E-005
5.4224600E+000,6.6971447E-005
5.4239600E+000,6.7771700E-005
5.4254600E+000,6.8331269E-005
5.4269600E+000,6.8346685E-005
5.4284600E+000,6.8362100E-005
5.4299600E+000,6.8377516E-005
5.4314600E+000,6.9157477E-005
5.4329600E+000,6.9958385E-005
5.4344600E+000,7.0759292E-005
5.4359600E+000,7.2103327E-005
5.4374600E+000,7.3752871E-005
5.4389600E+000,7.5402414E-005
5.4404600E+000,7.6817854E-005
5.4419600E+000,7.7704014E-005
5.4434600E+000,7.8590174E-005
5.4449600E+000,7.9476334E-005
5.4464600E+000,7.7189271E-005
5.4479600E+000,7.4815270E-005
5.4494600E+000,7.2441269E-005
5.4509600E+000,6.6738166E-005
5.4524600E+000,5.9162442E-005
5.4539600E+000,5.1586719E-005
5.4554600E+000,4.2394206E-005
5.4569600E+000,2.9546342E-005
5.4584600E+000,1.6698479E-005
5.4599600E+000,3.8506156E-006
5.4614600E+000,-1.2009367E-005
5.4629600E+000,-2.7951874E-005
5.4644600E+000,-4.3894380E-005
5.4659600E+000,-5.9446393E-005
5.4674600E+000,-7.4778753E-005
5.4689600E+000,-9.0111113E-005
5.4704600E+000,-1.0404010E-004
5.4719600E+000,-1.1479622E-004
5.4734600E+000,-1.2555235E-004
5.4749600E+000,-1.3630848E-004
5.4764600E+000,-1.3967004E-004
5.4779600E+000,-1.4282902E-004
5.4794600E+000,-1.4598799E-004
5.4809600E+000,-1.4352685E-004
5.4824600E+000,-1.3790440E-004
5.4839600E+000,-1.3228194E-004
5.4854600E+000,-1.2429733E-004
5.4869600E+000,-1.1097216E-004
5.4884600E+000,-9.7646993E-005
5.4899600E+000,-8.4321827E-005
5.4914600E+000,-6.6500585E-005
5.4929600E+000,-4.8556163E-005
5.4944600E+000,-3.0611740E-005
5.4959600E+000,-1.2374702E-005
5.4974600E+000,6.0269342E-006
5.4989600E+000,2.4428570E-005
5.5004600E+000,4.1723391E-005
5.5019600E+000,5.6515848E-005
5.5034600E+000,7.1308306E-005
5.5049600E+000,8.6100763E-005
5.5064600E+000,9.4466190E-005
5.5079600E+000,1.0265553E-004
5.5094600E+000,1.1084488E-004
5.5109600E+000,1.1398507E-004
5.5124600E+000,1.1428511E-004
5.5139600E+000,1.1458515E-004
5.5154600E+000,1.1267092E-004
5.5169600E+000,1.0575049E-004
5.5184600E+000,9.8830065E-005
5.5199600E+000,9.1909639E-005
5.5214600E+000,8.0218736E-005
5.5229600E+000,6.8397135E-005
5.5244600E+000,5.6575535E-005
5.5259600E+000,4.3608062E-005
5.5274600E+000,2.9996037E-005
5.5289600E+000,1.6384013E-005
5.5304600E+000,3.1172045E-006
5.5319600E+000,-9.3691130E-006
5.5334600E+000,-2.1855431E-005
5.5349600E+000,-3.4341748E-005
5.5364600E+000,-4.3666924E-005
5.5379600E+000,-5.2905493E-005
5.5394600E+000,-6.2144062E-005
5.5409600E+000,-6.8533646E-005
5.5424600E+000,-7.3320677E-005
5.5439600E+000,-7.8107707E-005
5.5454600E+000,-8.1412386E-005
5.5469600E+000,-8.1365661E-005
5.5484600E+000,-8.1318935E-005
5.5499600E+000,-8.1272210E-005
5.5514600E+000,-7.6791089E-005
5.5529600E+000,-7.2188478E-005
5.5544600E+000,-6.7585866E-005
5.5559600E+000,-6.0535282E-005
5.5574600E+000,-5.2107712E-005
5.5589600E+000,-4.3680143E-005
5.5604600E+000,-3.4413127E-005
5.5619600E+000,-2.3248232E-005
5.5634600E+000,-1.2083337E-005
5.5649600E+000,-9.1844235E-007
5.5664600E+000,1.1337280E-005
5.5679600E+000,2.3622888E-005
5.5694600E+000,3.5908496E-005
5.5709600E+000,4.7438507E-005
5.5724600E+000,5.8543495E-005
5.5739600E+000,6.9648483E-005
5.5754600E+000,7.9610708E-005
5.5769600E+000,8.6989295E-005
5.5784600E+000,9.4367881E-005
5.5799600E+000,1.0174647E-004
5.5814600E+000,1.0385265E-004
5.5829600E+000,1.0581439E-004
5.5844600E+000,1.0777612E-004
5.5859600E+000,1.0636776E-004
5.5874600E+000,1.0306372E-004
5.5889600E+000,9.9759683E-005
5.5904600E+000,9.5461203E-005
5.5919600E+000,8.8914425E-005
5.5934600E+000,8.2367646E-005
5.5949600E+000,7.5820868E-005
5.5964600E+000,6.8969667E-005
5.5979600E+000,6.2110125E-005
5.5994600E+000,5.5250584E-005
5.6009600E+000,4.9817619E-005
5.6024600E+000,4.5187102E-005
5.6039600E+000,4.0556586E-005
5.6054600E+000,3.6976666E-005
5.6069600E+000,3.5772009E-005
5.6084600E+000,3.4567353E-005
5.6099600E+000,3.3362696E-005
5.6114600E+000,3.5054200E-005
5.6129600E+000,3.6825051E-005
5.6144600E+000,3.8595903E-005
5.6159600E+000,4.1164900E-005
5.6174600E+000,4.4182854E-005
5.6189600E+000,4.7200809E-005
5.6204600E+000,4.9917007E-005
5.6219600E+000,5.1950973E-005
5.6234600E+000,5.3984939E-005
5.6249600E+000,5.6018905E-005
5.6264600E+000,5.5143184E-005
5.6279600E+000,5.4187745E-005
5.6294600E+000,5.3232306E-005
5.6309600E+000,4.9510208E-005
5.6324600E+000,4.4231864E-005
5.6339600E+000,3.8953519E-005
5.6354600E+000,3.2258437E-005
5.6369600E+000,2.2360294E-005
5.6384600E+000,1.2462150E-005
5.6399600E+000,2.5640072E-006
5.6414600E+000,-1.0668215E-005
5.6429600E+000,-2.3991781E-005
5.6444600E+000,-3.7315348E-005
5.6459600E+000,-5.1001150E-005
5.6474600E+000,-6.4890710E-005
5.6489600E+000,-7.8780270E-005
5.6504600E+000,-9.1659075E-005
5.6519600E+000,-1.0225269E-004
5.6534600E+000,-1.1284631E-004
5.6549600E+000,-1.2343993E-004
5.6564600E+000,-1.2746875E-004
5.6579600E+000,-1.3131772E-004
5.6594600E+000,-1.3516668E-004
5.6609600E+000,-1.3363707E-004
5.6624600E+000,-1.2908200E-004
5.6639600E+000,-1.2452693E-004
5.6654600E+000,-1.1762322E-004
5.6669600E+000,-1.0540953E-004
5.6684600E+000,-9.3195839E-005
5.6699600E+000,-8.0982150E-005
5.6714600E+000,-6.4117020E-005
5.6729600E+000,-4.7124453E-005
5.6744600E+000,-3.0131886E-005
5.6759600E+000,-1.2703657E-005
5.6774600E+000,4.9696313E-006
5.6789600E+000,2.2642920E-005
5.6804600E+000,3.9279342E-005
5.6819600E+000,5.3571545E-005
5.6834600E+000,6.7863747E-005
5.6849600E+000,8.2155950E-005
5.6864600E+000,9.0369574E-005
5.6879600E+000,9.8416661E-005
5.6894600E+000,1.0646375E-004
5.6909600E+000,1.0982732E-004
5.6924600E+000,1.1055640E-004
5.6939600E+000,1.1128549E-004
5.6954600E+000,1.0997168E-004
5.6969600E+000,1.0403917E-004
5.6984600E+000,9.8106649E-005
5.6999600E+000,9.2174131E-005
5.7014600E+000,8.1742123E-005
5.7029600E+000,7.1186841E-005
5.7044600E+000,6.0631560E-005
5.7059600E+000,4.9054787E-005
5.7074600E+000,3.6903425E-005
5.7089600E+000,2.4752063E-005
5.7104600E+000,1.3133849E-005
5.7119600E+000,2.7210147E-006
5.7134600E+000,-7.6918197E-006
5.7149600E+000,-1.8104654E-005
5.7164600E+000,-2.4362379E-005
5.7179600E+000,-3.0506266E-005
5.7194600E+000,-3.6650153E-005
5.7209600E+000,-3.9594934E-005
5.7224600E+000,-4.0740219E-005
5.7239600E+000,-4.1885503E-005
5.7254600E+000,-4.1851260E-005
5.7269600E+000,-3.9150260E-005
5.7284600E+000,-3.6449260E-005
5.7299600E+000,-3.3748260E-005
5.7314600E+000,-2.9362334E-005
5.7329600E+000,-2.4930245E-005
5.7344600E+000,-2.0498157E-005
5.7359600E+000,-1.6185189E-005
5.7374600E+000,-1.1939227E-005
5.7389600E+000,-7.6932643E-006
5.7404600E+000,-3.8405376E-006
5.7419600E+000,-8.7686553E-007
5.7434600E+000,2.0868065E-006
5.7449600E+000,5.0504786E-006
5.7464600E+000,6.4185858E-006
5.7479600E+000,7.7429789E-006
5.7494600E+000,9.0673720E-006
5.7509600E+000,9.2925025E-006
5.7524600E+000,8.8992976E-006
5.7539600E+000,8.5060927E-006
5.7554600E+000,7.5336926E-006
5.7569600E+000,5.2518074E-006
5.7584600E+000,2.9699222E-006
5.7599600E+000,6.8803708E-007
5.7614600E+000,-3.5839497E-006
5.7629600E+000,-7.9104600E-006
5.7644600E+000,-1.2236970E-005
5.7659600E+000,-1.7571726E-005
5.7674600E+000,-2.3473620E-005
5.7689600E+000,-2.9375514E-005
5.7704600E+000,-3.5257116E-005
5.7719600E+000,-4.1092839E-005
5.7734600E+000,-4.6928562E-005
5.7749600E+000,-5.2764286E-005
5.7764600E+000,-5.6057239E-005
5.7779600E+000,-5.9280528E-005
5.7794600E+000,-6.2503817E-005
5.7809600E+000,-6.2606493E-005
5.7824600E+000,-6.0953824E-005
5.7839600E+000,-5.9301155E-005
5.7854600E+000,-5.5954347E-005
5.7869600E+000,-4.8777313E-005
5.7884600E+000,-4.1600278E-005
5.7899600E+000,-3.4423244E-005
5.7914600E+000,-2.3356015E-005
5.7929600E+000,-1.2182206E-005
5.7944600E+000,-1.0083966E-006
5.7959600E+000,1.0668893E-005
5.7974600E+000,2.2629390E-005
5.7989600E+000,3.4589886E-005
5.8004600E+000,4.5667742E-005
5.8019600E+000,5.4750059E-005
5.8034600E+000,6.3832376E-005
5.8049600E+000,7.2914694E-005
5.8064600E+000,7.6614752E-005
5.8079600E+000,8.0167351E-005
5.8094600E+000,8.3719949E-005
5.8109600E+000,8.3420969E-005
5.8124600E+000,8.0955476E-005
5.8139600E+000,7.8489982E-005
5.8154600E+000,7.4756264E-005
5.8169600E+000,6.8155255E-005
5.8184600E+000,6.1554247E-005
5.8199600E+000,5.4953238E-005
5.8214600E+000,4.7483156E-005
5.8229600E+000,3.9989264E-005
5.8244600E+000,3.2495372E-005
5.8259600E+000,2.6283207E-005
5.8274600E+000,2.0792014E-005
5.8289600E+000,1.5300820E-005
5.8304600E+000,1.0788698E-005
5.8319600E+000,8.4901293E-006
5.8334600E+000,6.1915609E-006
5.8349600E+000,3.8929924E-006
5.8364600E+000,3.9329403E-006
5.8379600E+000,4.0369573E-006
5.8394600E+000,4.1409742E-006
5.8409600E+000,4.5090634E-006
5.8424600E+000,5.0256933E-006
5.8439600E+000,5.5423232E-006
5.8454600E+000,5.5990377E-006
5.8469600E+000,4.6159431E-006
5.8484600E+000,3.6328484E-006
5.8499600E+000,2.6497538E-006
5.8514600E+000,-5.0892548E-007
5.8529600E+000,-3.7272099E-006
5.8544600E+000,-6.9454943E-006
5.8559600E+000,-1.1074447E-005
5.8574600E+000,-1.5715651E-005
5.8589600E+000,-2.0356855E-005
5.8604600E+000,-2.4869790E-005
5.8619600E+000,-2.9092725E-005
5.8634600E+000,-3.3315661E-005
5.8649600E+000,-3.7538597E-005
5.8664600E+000,-3.9526573E-005
5.8679600E+000,-4.1453318E-005
5.8694600E+000,-4.3380062E-005
5.8709600E+000,-4.3116902E-005
5.8724600E+000,-4.1621922E-005
5.8739600E+000,-4.0126941E-005
5.8754600E+000,-3.7553577E-005
5.8769600E+000,-3.2542128E-005
5.8784600E+000,-2.7530680E-005
5.8799600E+000,-2.2519231E-005
5.8814600E+000,-1.4948034E-005
5.8829600E+000,-7.3067062E-006
5.8844600E+000,3.3462117E-007
5.8859600E+000,8.5932516E-006
5.8874600E+000,1.7199115E-005
5.8889600E+000,2.5804979E-005
5.8904600E+000,3.4091780E-005
5.8919600E+000,4.1657221E-005
5.8934600E+000,4.9222663E-005
5.8949600E+000,5.6788105E-005
5.8964600E+000,6.1681206E-005
5.8979600E+000,6.6501092E-005
5.8994600E+000,7.1320979E-005
5.9009600E+000,7.3773678E-005
5.9024600E+000,7.4894835E-005
5.9039600E+000,7.6015992E-005
5.9054600E+000,7.5934378E-005
5.9069600E+000,7.3133453E-005
5.9084600E+000,7.0332529E-005
5.9099600E+000,6.7531604E-005
5.9114600E+000,6.1161815E-005
5.9129600E+000,5.4694248E-005
5.9144600E+000,4.8226681E-005
5.9159600E+000,3.9852457E-005
5.9174600E+000,3.0405738E-005
5.9189600E+000,2.0959019E-005
5.9204600E+000,1.0994119E-005
5.9219600E+000,-1.4232222E-007
5.9234600E+000,-1.1278764E-005
5.9249600E+000,-2.2415205E-005
5.9264600E+000,-3.3326319E-005
5.9279600E+000,-4.4231260E-005
5.9294600E+000,-5.5136201E-005
5.9309600E+000,-6.4456594E-005
5.9324600E+000,-7.2885679E-005
5.9339600E+000,-8.1314764E-005
5.9354600E+000,-8.8363294E-005
5.9369600E+000,-9.2290570E-005
5.9384600E+000,-9.6217846E-005
5.9399600E+000,-1.0014512E-004
5.9414600E+000,-9.8549317E-005
5.9429600E+000,-9.6802195E-005
5.9444600E+000,-9.5055072E-005
5.9459600E+000,-8.9853582E-005
5.9474600E+000,-8.2709009E-005
5.9489600E+000,-7.5564437E-005
5.9504600E+000,-6.7368078E-005
5.9519600E+000,-5.6793766E-005
5.9534600E+000,-4.6219455E-005
5.9549600E+000,-3.5645143E-005
5.9564600E+000,-2.4848416E-005
5.9579600E+000,-1.4045596E-005
5.9594600E+000,-3.2427750E-006
5.9609600E+000,5.5659072E-006
5.9624600E+000,1.3252886E-005
5.9639600E+000,2.0939866E-005
5.9654600E+000,2.6975466E-005
5.9669600E+000,2.9277512E-005
5.9684600E+000,3.1579558E-005
5.9699600E+000,3.3881604E-005
5.9714600E+000,3.0596595E-005
5.9729600E+000,2.7158516E-005
5.9744600E+000,2.3720438E-005
5.9759600E+000,1.7735209E-005
5.9774600E+000,1.0317209E-005
5.9789600E+000,2.8992090E-006
5.9804600E+000,-4.7211668E-006
5.9819600E+000,-1.2799088E-005
5.9834600E+000,-2.0877009E-005
5.9849600E+000,-2.8954929E-005
5.9864600E+000,-3.4149797E-005
5.9879600E+000,-3.9265676E-005
5.9894600E+000,-4.4381555E-005
5.9909600E+000,-4.6026407E-005
5.9924600E+000,-4.5718805E-005
5.9939600E+000,-4.5411204E-005
5.9954600E+000,-4.3310357E-005
5.9969600E+000,-3.7155215E-005
5.9984600E+000,-3.1000074E-005
5.9999600E+000,-2.4844932E-005
6.0014600E+000,-1.4476231E-005
6.0029600E+000,-3.9920897E-006
6.0044600E+000,6.4920517E-006
6.0059600E+000,1.7984285E-005
6.0074600E+000,3.0043571E-005
6.0089600E+000,4.2102857E-005
6.0104600E+000,5.3656068E-005
6.0119600E+000,6.4065110E-005
6.0134600E+000,7.4474151E-005
6.0149600E+000,8.4883193E-005
6.0164600E+000,9.0761477E-005
6.0179600E+000,9.6515631E-005
6.0194600E+000,1.0226978E-004
6.0209600E+000,1.0374020E-004
6.0224600E+000,1.0280102E-004
6.0239600E+000,1.0186184E-004
6.0254600E+000,9.8744943E-005
6.0269600E+000,9.0704497E-005
6.0284600E+000,8.2664051E-005
6.0299600E+000,7.4623604E-005
6.0314600E+000,6.1104453E-005
6.0329600E+000,4.7435200E-005
6.0344600E+000,3.3765948E-005
6.0359600E+000,1.8468852E-005
6.0374600E+000,2.2560939E-006
6.0389600E+000,-1.3956664E-005
6.0404600E+000,-2.9709898E-005
6.0419600E+000,-4.4424210E-005
6.0434600E+000,-5.9138522E-005
6.0449600E+000,-7.3852834E-005
6.0464600E+000,-8.3216006E-005
6.0479600E+000,-9.2432571E-005
6.0494600E+000,-1.0164914E-004
6.0509600E+000,-1.0563733E-004
6.0524600E+000,-1.0668456E-004
6.0539600E+000,-1.0773180E-004
6.0554600E+000,-1.0620497E-004
6.0569600E+000,-9.8858533E-005
6.0584600E+000,-9.1512094E-005
6.0599600E+000,-8.4165654E-005
6.0614600E+000,-7.1062543E-005
6.0629600E+000,-5.7801715E-005
6.0644600E+000,-4.4540887E-005
6.0659600E+000,-3.0246813E-005
6.0674600E+000,-1.5371540E-005
6.0689600E+000,-4.9626585E-007
6.0704600E+000,1.3486684E-005
6.0719600E+000,2.5452205E-005
6.0734600E+000,3.7417725E-005
6.0749600E+000,4.9383246E-005
6.0764600E+000,5.5436975E-005
6.0779600E+000,6.1328738E-005
6.0794600E+000,6.7220500E-005
6.0809600E+000,6.8693502E-005
6.0824600E+000,6.7680950E-005
6.0839600E+000,6.6668398E-005
6.0854600E+000,6.3995810E-005
6.0869600E+000,5.7570098E-005
6.0884600E+000,5.1144385E-005
6.0899600E+000,4.4718673E-005
6.0914600E+000,3.5759829E-005
6.0929600E+000,2.6731585E-005
6.0944600E+000,1.7703340E-005
6.0959600E+000,8.7500458E-006
6.0974600E+000,-1.6108936E-007
6.0989600E+000,-9.0722246E-006
6.1004600E+000,-1.7426743E-005
6.1019600E+000,-2.4522823E-005
6.1034600E+000,-3.1618904E-005
6.1049600E+000,-3.8714984E-005
6.1064600E+000,-4.3427078E-005
6.1079600E+000,-4.8073857E-005
6.1094600E+000,-5.2720636E-005
6.1109600E+000,-5.5786850E-005
6.1124600E+000,-5.7963996E-005
6.1139600E+000,-6.0141142E-005
6.1154600E+000,-6.1634862E-005
6.1169600E+000,-6.1583444E-005
6.1184600E+000,-6.1532027E-005
6.1199600E+000,-6.1480609E-005
6.1214600E+000,-5.9612067E-005
6.1229600E+000,-5.7693741E-005
6.1244600E+000,-5.5775415E-005
6.1259600E+000,-5.2893631E-005
6.1274600E+000,-4.9469900E-005
6.1289600E+000,-4.6046170E-005
6.1304600E+000,-4.2241559E-005
6.1319600E+000,-3.7575828E-005
6.1334600E+000,-3.2910097E-005
6.1349600E+000,-2.8244366E-005
6.1364600E+000,-2.2584939E-005
6.1379600E+000,-1.6898288E-005
6.1394600E+000,-1.1211636E-005
6.1409600E+000,-5.0600175E-006
6.1424600E+000,1.3531454E-006
6.1439600E+000,7.7663082E-006
6.1454600E+000,1.4288350E-005
6.1469600E+000,2.1056554E-005
6.1484600E+000,2.7824758E-005
6.1499600E+000,3.4592961E-005
6.1514600E+000,4.1253217E-005
6.1529600E+000,4.7910515E-005
6.1544600E+000,5.4567812E-005
6.1559600E+000,6.0640597E-005
6.1574600E+000,6.6384594E-005
6.1589600E+000,7.2128590E-005
6.1604600E+000,7.7171664E-005
6.1619600E+000,8.0630045E-005
6.1634600E+000,8.4088426E-005
6.1649600E+000,8.7546807E-005
6.1664600E+000,8.7180694E-005
6.1679600E+000,8.6709801E-005
6.1694600E+000,8.6238907E-005
6.1709600E+000,8.2596206E-005
6.1724600E+000,7.7169363E-005
6.1739600E+000,7.1742519E-005
6.1754600E+000,6.4935109E-005
6.1769600E+000,5.5006414E-005
6.1784600E+000,4.5077720E-005
6.1799600E+000,3.5149026E-005
6.1814600E+000,2.2934729E-005
6.1829600E+000,1.0657813E-005
6.1844600E+000,-1.6191028E-006
6.1859600E+000,-1.3266626E-005
6.1874600E+000,-2.4560116E-005
6.1889600E+000,-3.5853606E-005
6.1904600E+000,-4.5782327E-005
6.1919600E+000,-5.2625480E-005
6.1934600E+000,-5.9468634E-005
6.1949600E+000,-6.6311788E-005
6.1964600E+000,-6.6599549E-005
6.1979600E+000,-6.6707710E-005
6.1994600E+000,-6.6815872E-005
6.2009600E+000,-6.2637987E-005
6.2024600E+000,-5.6049201E-005
6.2039600E+000,-4.9460414E-005
6.2054600E+000,-4.1620434E-005
6.2069600E+000,-3.0951667E-005
6.2084600E+000,-2.0282900E-005
6.2099600E+000,-9.6141334E-006
6.2114600E+000,9.3655983E-007
6.2129600E+000,1.1484018E-005
6.2144600E+000,2.2031477E-005
6.2159600E+000,2.9912225E-005
6.2174600E+000,3.6292948E-005
6.2189600E+000,4.2673671E-005
6.2204600E+000,4.7044016E-005
6.2219600E+000,4.6869154E-005
6.2234600E+000,4.6694292E-005
6.2249600E+000,4.6519430E-005
6.2264600E+000,3.9881125E-005
6.2279600E+000,3.3065739E-005
6.2294600E+000,2.6250353E-005
6.2309600E+000,1.6470753E-005
6.2324600E+000,5.0237831E-006
6.2339600E+000,-6.4231873E-006
6.2354600E+000,-1.8290606E-005
6.2369600E+000,-3.1108605E-005
6.2384600E+000,-4.3926604E-005
6.2399600E+000,-5.6744602E-005
6.2414600E+000,-6.7661934E-005
6.2429600E+000,-7.8527193E-005
6.2444600E+000,-8.9392452E-005
6.2459600E+000,-9.7504722E-005
6.2474600E+000,-1.0406844E-004
6.2489600E+000,-1.1063215E-004
6.2504600E+000,-1.1557159E-004
6.2519600E+000,-1.1683875E-004
6.2534600E+000,-1.1810591E-004
6.2549600E+000,-1.1937307E-004
6.2564600E+000,-1.1556332E-004
6.2579600E+000,-1.1161448E-004
6.2594600E+000,-1.0766563E-004
6.2609600E+000,-1.0085118E-004
6.2624600E+000,-9.2424830E-005
6.2639600E+000,-8.3998476E-005
6.2654600E+000,-7.4571717E-005
6.2669600E+000,-6.2883169E-005
6.2684600E+000,-5.1194622E-005
6.2699600E+000,-3.9506074E-005
6.2714600E+000,-2.6214143E-005
6.2729600E+000,-1.2878283E-005
6.2744600E+000,4.5757749E-007
6.2759600E+000,1.3693073E-005
6.2774600E+000,2.6872115E-005
6.2789600E+000,4.0051156E-005
6.2804600E+000,5.2652648E-005
6.2819600E+000,6.3948377E-005
6.2834600E+000,7.5244107E-005
6.2849600E+000,8.6539836E-005
6.2864600E+000,9.4531125E-005
6.2879600E+000,1.0243188E-004
6.2894600E+000,1.1033264E-004
6.2909600E+000,1.1525733E-004
6.2924600E+000,1.1850798E-004
6.2939600E+000,1.2175863E-004
6.2954600E+000,1.2330287E-004
6.2969600E+000,1.2098911E-004
6.2984600E+000,1.1867535E-004
6.2999600E+000,1.1636159E-004
6.3014600E+000,1.0822291E-004
6.3029600E+000,9.9924644E-005
6.3044600E+000,9.1626377E-005
6.3059600E+000,7.9701273E-005
6.3074600E+000,6.5736074E-005
6.3089600E+000,5.1770875E-005
6.3104600E+000,3.6513405E-005
6.3119600E+000,1.8334280E-005
6.3134600E+000,1.5515541E-007
6.3149600E+000,-1.8023969E-005
6.3164600E+000,-3.7449370E-005
6.3179600E+000,-5.6908915E-005
6.3194600E+000,-7.6368461E-005
6.3209600E+000,-9.3987203E-005
6.3224600E+000,-1.1057049E-004
6.3239600E+000,-1.2715378E-004
6.3254600E+000,-1.4155411E-004
6.3269600E+000,-1.5101904E-004
6.3284600E+000,-1.6048397E-004
6.3299600E+000,-1.6994890E-004
6.3314600E+000,-1.6975130E-004
6.3329600E+000,-1.6928897E-004
6.3344600E+000,-1.6882665E-004
6.3359600E+000,-1.6181580E-004
6.3374600E+000,-1.5112142E-004
6.3389600E+000,-1.4042703E-004
6.3404600E+000,-1.2734374E-004
6.3419600E+000,-1.0885944E-004
6.3434600E+000,-9.0375144E-005
6.3449600E+000,-7.1890845E-005
6.3464600E+000,-5.0373093E-005
6.3479600E+000,-2.8772234E-005
6.3494600E+000,-7.1713746E-006
6.3509600E+000,1.2801179E-005
6.3524600E+000,3.1857811E-005
6.3539600E+000,5.0914442E-005
6.3554600E+000,6.7729552E-005
6.3569600E+000,7.9476874E-005
6.3584600E+000,9.1224196E-005
6.3599600E+000,1.0297152E-004
6.3614600E+000,1.0562871E-004
6.3629600E+000,1.0803686E-004
6.3644600E+000,1.1044501E-004
6.3659600E+000,1.0777919E-004
6.3674600E+000,1.0225927E-004
6.3689600E+000,9.6739343E-005
6.3704600E+000,8.9991216E-005
6.3719600E+000,8.0466278E-005
6.3734600E+000,7.0941340E-005
6.3749600E+000,6.1416402E-005
6.3764600E+000,5.2345634E-005
6.3779600E+000,4.3287310E-005
6.3794600E+000,3.4228985E-005
6.3809600E+000,2.7461578E-005
6.3824600E+000,2.1982812E-005
6.3839600E+000,1.6504045E-005
6.3854600E+000,1.2329760E-005
6.3869600E+000,1.1104738E-005
6.3884600E+000,9.8797150E-006
6.3899600E+000,8.6546923E-006
6.3914600E+000,9.9056639E-006
6.3929600E+000,1.1224471E-005
6.3944600E+000,1.2543278E-005
6.3959600E+000,1.3608595E-005
6.3974600E+000,1.4531324E-005
6.3989600E+000,1.5454052E-005
6.4004600E+000,1.5508812E-005
6.4019600E+000,1.3601207E-005
6.4034600E+000,1.1693601E-005
6.4049600E+000,9.7859958E-006
6.4064600E+000,4.5702073E-006
6.4079600E+000,-7.3621643E-007
6.4094600E+000,-6.0426402E-006
6.4109600E+000,-1.2550821E-005
6.4124600E+000,-1.9734989E-005
6.4139600E+000,-2.6919158E-005
6.4154600E+000,-3.3847157E-005
6.4169600E+000,-4.0195990E-005
6.4184600E+000,-4.6544823E-005
6.4199600E+000,-5.2893656E-005
6.4214600E+000,-5.5992477E-005
6.4229600E+000,-5.9002257E-005
6.4244600E+000,-6.2012036E-005
6.4259600E+000,-6.2197071E-005
6.4274600E+000,-6.0793186E-005
6.4289600E+000,-5.9389301E-005
6.4304600E+000,-5.6899743E-005
6.4319600E+000,-5.1955619E-005
6.4334600E+000,-4.7011495E-005
6.4349600E+000,-4.2067371E-005
6.4364600E+000,-3.6001189E-005
6.4379600E+000,-2.9904267E-005
6.4394600E+000,-2.3807344E-005
6.4409600E+000,-1.8773259E-005
6.4424600E+000,-1.4337019E-005
6.4439600E+000,-9.9007800E-006
6.4454600E+000,-6.6872362E-006
6.4469600E+000,-6.2380485E-006
6.4484600E+000,-5.7888609E-006
6.4499600E+000,-5.3396732E-006
6.4514600E+000,-1.0439837E-005
6.4529600E+000,-1.5692038E-005
6.4544600E+000,-2.0944238E-005
6.4559600E+000,-3.0843544E-005
6.4574600E+000,-4.3356848E-005
6.4589600E+000,-5.5870151E-005
6.4604600E+000,-7.1226841E-005
6.4619600E+000,-9.3012057E-005
6.4634600E+000,-1.1479727E-004
6.4649600E+000,-1.3658249E-004
6.4664600E+000,-1.7076076E-004
6.4679600E+000,-2.0527856E-004
6.4694600E+000,-2.3979637E-004
6.4709600E+000,-2.8659403E-004
6.4724600E+000,-3.4029911E-004
6.4739600E+000,-3.9400419E-004
6.4754600E+000,-4.5657103E-004
6.4769600E+000,-5.3917314E-004
6.4784600E+000,-6.2177524E-004
6.4799600E+000,-7.0437735E-004
6.4814600E+000,-8.2371956E-004
6.4829600E+000,-9.4406834E-004
6.4844600E+000,-1.0644171E-003
6.4859600E+000,-1.2087756E-003
6.4874600E+000,-1.3666396E-003
6.4889600E+000,-1.5245035E-003
6.4904600E+000,-1.6892816E-003
6.4919600E+000,-1.8696916E-003
6.4934600E+000,-2.0501016E-003
6.4949600E+000,-2.2305117E-003
6.4964600E+000,-2.4087974E-003
6.4979600E+000,-2.5870250E-003
6.4994600E+000,-2.7652526E-003
6.5009600E+000,-2.9297292E-003
6.5024600E+000,-3.0864710E-003
6.5039600E+000,-3.2432128E-003
6.5054600E+000,-3.3932156E-003
6.5069600E+000,-3.5279827E-003
6.5084600E+000,-3.6627497E-003
6.5099600E+000,-3.7975167E-003
6.5114600E+000,-3.9263878E-003
6.5129600E+000,-4.0550973E-003
6.5144600E+000,-4.1838069E-003
6.5159600E+000,-4.3161125E-003
6.5174600E+000,-4.4504409E-003
6.5189600E+000,-4.5847692E-003
6.5204600E+000,-4.7154356E-003
6.5219600E+000,-4.8378224E-003
6.5234600E+000,-4.9602092E-003
6.5249600E+000,-5.0825960E-003
6.5264600E+000,-5.1415419E-003
6.5279600E+000,-5.1987496E-003
6.5294600E+000,-5.2559573E-003
6.5309600E+000,-5.2327361E-003
6.5324600E+000,-5.1642737E-003
6.5339600E+000,-5.0958113E-003
6.5354600E+000,-4.9845414E-003
6.5369600E+000,-4.7764896E-003
6.5384600E+000,-4.5684378E-003
6.5399600E+000,-4.3603860E-003
6.5414600E+000,-4.0831538E-003
6.5429600E+000,-3.8040262E-003
6.5444600E+000,-3.5248986E-003
6.5459600E+000,-3.2764666E-003
6.5474600E+000,-3.0453009E-003
6.5489600E+000,-2.8141351E-003
6.5504600E+000,-2.6198785E-003
6.5519600E+000,-2.5090687E-003
6.5534600E+000,-2.3982589E-003
6.5549600E+000,-2.2874491E-003
6.5564600E+000,-2.2411150E-003
6.5579600E+000,-2.1965473E-003
6.5594600E+000,-2.1519796E-003
6.5609600E+000,-2.0569209E-003
6.5624600E+000,-1.9334611E-003
6.5639600E+000,-1.8100012E-003
6.5654600E+000,-1.6356256E-003
6.5669600E+000,-1.3461360E-003
6.5684600E+000,-1.0566464E-003
6.5699600E+000,-7.6715676E-004
6.5714600E+000,-4.1175747E-004
6.5729600E+000,-5.4552425E-005
6.5744600E+000,3.0265262E-004
6.5759600E+000,5.5034739E-004
6.5774600E+000,7.3644263E-004
6.5789600E+000,9.2253786E-004
6.5804600E+000,1.0069486E-003
6.5819600E+000,8.6146409E-004
6.5834600E+000,7.1597954E-004
6.5849600E+000,5.7049499E-004
6.5864600E+000,2.2657647E-004
6.5879600E+000,-1.2277861E-004
6.5894600E+000,-4.7213369E-004
6.5909600E+000,-6.9605277E-004
6.5924600E+000,-8.4941408E-004
6.5939600E+000,-1.0027754E-003
6.5954600E+000,-9.7725926E-004
6.5969600E+000,-5.4732449E-004
6.5984600E+000,-1.1738973E-004
6.5999600E+000,3.1254504E-004
6.6014600E+000,1.3346199E-003
6.6029600E+000,2.3729178E-003
6.6044600E+000,3.4112157E-003
6.6059600E+000,4.5523616E-003
6.6074600E+000,5.7513594E-003
6.6089600E+000,6.9503573E-003
6.6104600E+000,8.0007472E-003
6.6119600E+000,8.7151538E-003
6.6134600E+000,9.4295605E-003
6.6149600E+000,1.0143967E-002
6.6164600E+000,1.0051263E-002
6.6179600E+000,9.9364468E-003
6.6194600E+000,9.8216302E-003
6.6209600E+000,9.3698499E-003
6.6224600E+000,8.7285272E-003
6.6239600E+000,8.0872046E-003
6.6254600E+000,7.5414002E-003
6.6269600E+000,7.2115501E-003
6.6284600E+000,6.8817000E-003
6.6299600E+000,6.5518499E-003
6.6314600E+000,7.3192486E-003
6.6329600E+000,8.1167090E-003
6.6344600E+000,8.9141694E-003
6.6359600E+000,1.0532180E-002
6.6374600E+000,1.2611750E-002
6.6389600E+000,1.4691321E-002
6.6404600E+000,1.6932499E-002
6.6419600E+000,1.9539053E-002
6.6434600E+000,2.2145607E-002
6.6449600E+000,2.4752161E-002
6.6464600E+000,2.6604858E-002
6.6479600E+000,2.8436902E-002
6.6494600E+000,3.0268945E-002
6.6509600E+000,3.0911752E-002
6.6524600E+000,3.0885614E-002
6.6539600E+000,3.0859476E-002
6.6554600E+000,3.0204127E-002
6.6569600E+000,2.8126214E-002
6.6584600E+000,2.6048301E-002
6.6599600E+000,2.3970388E-002
6.6614600E+000,2.0731188E-002
6.6629600E+000,1.7460171E-002
6.6644600E+000,1.4189154E-002
6.6659600E+000,1.1098639E-002
6.6674600E+000,8.1096561E-003
6.6689600E+000,5.1206732E-003
6.6704600E+000,2.6192150E-003
6.6719600E+000,1.2199872E-003
6.6734600E+000,-1.7924071E-004
6.6749600E+000,-1.5784686E-003
6.6764600E+000,-1.0024662E-003
6.6779600E+000,-3.7234785E-004
6.6794600E+000,2.5777052E-004
6.6809600E+000,1.7762708E-003
6.6824600E+000,3.7944860E-003
6.6839600E+000,5.8127012E-003
6.6854600E+000,7.8585498E-003
6.6869600E+000,9.9668738E-003
6.6884600E+000,1.2075198E-002
6.6899600E+000,1.4183522E-002
6.6914600E+000,1.5249215E-002
6.6929600E+000,1.6286343E-002
6.6944600E+000,1.7323471E-002
6.6959600E+000,1.7401219E-002
6.6974600E+000,1.6939317E-002
6.6989600E+000,1.6477414E-002
6.7004600E+000,1.5641502E-002
6.7019600E+000,1.3960001E-002
6.7034600E+000,1.2278501E-002
6.7049600E+000,1.0597000E-002
6.7064600E+000,8.1674230E-003
6.7079600E+000,5.7173506E-003
6.7094600E+000,3.2672782E-003
6.7109600E+000,4.1794526E-004
6.7124600E+000,-2.6559718E-003
6.7139600E+000,-5.7298889E-003
6.7154600E+000,-9.0285552E-003
6.7169600E+000,-1.2835351E-002
6.7184600E+000,-1.6642146E-002
6.7199600E+000,-2.0448941E-002
6.7214600E+000,-2.4839118E-002
6.7229600E+000,-2.9245277E-002
6.7244600E+000,-3.3651436E-002
6.7259600E+000,-3.7951207E-002
6.7274600E+000,-4.2191135E-002
6.7289600E+000,-4.6431062E-002
6.7304600E+000,-5.0247502E-002
6.7319600E+000,-5.3106492E-002
6.7334600E+000,-5.5965481E-002
6.7349600E+000,-5.8824471E-002
6.7364600E+000,-5.9387965E-002
6.7379600E+000,-5.9888569E-002
6.7394600E+000,-6.0389173E-002
6.7409600E+000,-5.9325061E-002
6.7424600E+000,-5.7380796E-002
6.7439600E+000,-5.5436532E-002
6.7454600E+000,-5.3020770E-002
6.7469600E+000,-4.9539014E-002
6.7484600E+000,-4.6057259E-002
6.7499600E+000,-4.2575503E-002
6.7514600E+000,-3.8942747E-002
6.7529600E+000,-3.5305853E-002
6.7544600E+000,-3.1668960E-002
6.7559600E+000,-2.8638284E-002
6.7574600E+000,-2.5948607E-002
6.7589600E+000,-2.3258929E-002
6.7604600E+000,-2.0958535E-002
6.7619600E+000,-1.9538259E-002
6.7634600E+000,-1.8117984E-002
6.7649600E+000,-1.6697708E-002
6.7664600E+000,-1.6060592E-002
6.7679600E+000,-1.5444933E-002
6.7694600E+000,-1.4829273E-002
6.7709600E+000,-1.4172794E-002
6.7724600E+000,-1.3493354E-002
6.7739600E+000,-1.2813914E-002
6.7754600E+000,-1.1875323E-002
6.7769600E+000,-1.0350827E-002
6.7784600E+000,-8.8263310E-003
6.7799600E+000,-7.3018350E-003
6.7814600E+000,-4.6198123E-003
6.7829600E+000,-1.9060765E-003
6.7844600E+000,8.0765934E-004
6.7859600E+000,4.1579787E-003
6.7874600E+000,7.8663764E-003
6.7889600E+000,1.1574774E-002
6.7904600E+000,1.5403036E-002
6.7919600E+000,1.9502297E-002
6.7934600E+000,2.3601557E-002
6.7949600E+000,2.7700817E-002
6.7964600E+000,3.1461886E-002
6.7979600E+000,3.5213690E-002
6.7994600E+000,3.8965493E-002
6.8009600E+000,4.2128173E-002
6.8024600E+000,4.4959470E-002
6.8039600E+000,4.7790767E-002
6.8054600E+000,5.0276994E-002
6.8069600E+000,5.1983064E-002
6.8084600E+000,5.3689133E-002
6.8099600E+000,5.5395202E-002
6.8114600E+000,5.6205406E-002
6.8129600E+000,5.6991066E-002
6.8144600E+000,5.7776726E-002
6.8159600E+000,5.8309561E-002
6.8174600E+000,5.8700181E-002
6.8189600E+000,5.9090802E-002
6.8204600E+000,5.9576681E-002
6.8219600E+000,6.0277927E-002
6.8234600E+000,6.0979174E-002
6.8249600E+000,6.1680420E-002
6.8264600E+000,6.3379903E-002
6.8279600E+000,6.5106735E-002
6.8294600E+000,6.6833567E-002
6.8309600E+000,6.9513223E-002
6.8324600E+000,7.2728843E-002
6.8339600E+000,7.5944463E-002
6.8354600E+000,7.9571082E-002
6.8369600E+000,8.4126919E-002
6.8384600E+000,8.8682756E-002
6.8399600E+000,9.3238593E-002
6.8414600E+000,9.8089611E-002
6.8429600E+000,1.0294872E-001
6.8444600E+000,1.0780782E-001
6.8459600E+000,1.1170325E-001
6.8474600E+000,1.1505661E-001
6.8489600E+000,1.1840997E-001
6.8504600E+000,1.2071285E-001
6.8519600E+000,1.2064073E-001
6.8534600E+000,1.2056861E-001
6.8549600E+000,1.2049649E-001
6.8564600E+000,1.1604346E-001
6.8579600E+000,1.1147040E-001
6.8594600E+000,1.0689734E-001
6.8609600E+000,9.9725541E-002
6.8624600E+000,9.1091948E-002
6.8639600E+000,8.2458355E-002
6.8654600E+000,7.3146246E-002
6.8669600E+000,6.2300098E-002
6.8684600E+000,5.1453951E-002
6.8699600E+000,4.0607803E-002
6.8714600E+000,2.9911213E-002
6.8729600E+000,1.9218721E-002
6.8744600E+000,8.5262283E-003
6.8759600E+000,-9.4076988E-004
6.8774600E+000,-9.7184274E-003
6.8789600E+000,-1.8496085E-002
6.8804600E+000,-2.6531037E-002
6.8819600E+000,-3.2886827E-002
6.8834600E+000,-3.9242618E-002
6.8849600E+000,-4.5598409E-002
6.8864600E+000,-5.0155276E-002
6.8879600E+000,-5.4662858E-002
6.8894600E+000,-5.9170439E-002
6.8909600E+000,-6.3067802E-002
6.8924600E+000,-6.6621916E-002
6.8939600E+000,-7.0176030E-002
6.8954600E+000,-7.3577167E-002
6.8969600E+000,-7.6632444E-002
6.8984600E+000,-7.9687720E-002
6.8999600E+000,-8.2742997E-002
6.9014600E+000,-8.5042821E-002
6.9029600E+000,-8.7321948E-002
6.9044600E+000,-8.9601075E-002
6.9059600E+000,-9.0896411E-002
6.9074600E+000,-9.1638364E-002
6.9089600E+000,-9.2380317E-002
6.9104600E+000,-9.2431775E-002
6.9119600E+000,-9.0922111E-002
6.9134600E+000,-8.9412447E-002
6.9149600E+000,-8.7902784E-002
6.9164600E+000,-8.4029845E-002
6.9179600E+000,-8.0092159E-002
6.9194600E+000,-7.6154473E-002
6.9209600E+000,-7.1055974E-002
6.9224600E+000,-6.5304517E-002
6.9239600E+000,-5.9553059E-002
6.9254600E+000,-5.3659782E-002
6.9269600E+000,-4.7445866E-002
6.9284600E+000,-4.1231950E-002
6.9299600E+000,-3.5018034E-002
6.9314600E+000,-3.0051977E-002
6.9329600E+000,-2.5120109E-002
6.9344600E+000,-2.0188240E-002
6.9359600E+000,-1.7096499E-002
6.9374600E+000,-1.5039829E-002
6.9389600E+000,-1.2983160E-002
6.9404600E+000,-1.2073326E-002
6.9419600E+000,-1.3756338E-002
6.9434600E+000,-1.5439350E-002
6.9449600E+000,-1.7122362E-002
6.9464600E+000,-2.2186224E-002
6.9479600E+000,-2.7342712E-002
6.9494600E+000,-3.2499201E-002
6.9509600E+000,-3.8952953E-002
6.9524600E+000,-4.6136415E-002
6.9539600E+000,-5.3319878E-002
6.9554600E+000,-6.0436343E-002
6.9569600E+000,-6.7401337E-002
6.9584600E+000,-7.4366331E-002
6.9599600E+000,-8.1331325E-002
6.9614600E+000,-8.5835105E-002
6.9629600E+000,-9.0271453E-002
6.9644600E+000,-9.4707802E-002
6.9659600E+000,-9.6533455E-002
6.9674600E+000,-9.6890590E-002
6.9689600E+000,-9.7247726E-002
6.9704600E+000,-9.6276812E-002
6.9719600E+000,-9.2303352E-002
6.9734600E+000,-8.8329892E-002
6.9749600E+000,-8.4356432E-002
6.9764600E+000,-7.7155131E-002
6.9779600E+000,-6.9865395E-002
6.9794600E+000,-6.2575659E-002
6.9809600E+000,-5.4242421E-002
6.9824600E+000,-4.5322212E-002
6.9839600E+000,-3.6402003E-002
6.9854600E+000,-2.7460853E-002
6.9869600E+000,-1.8472358E-002
6.9884600E+000,-9.4838640E-003
6.9899600E+000,-4.9536959E-004
6.9914600E+000,7.6422053E-003
6.9929600E+000,1.5756467E-002
6.9944600E+000,2.3870729E-002
6.9959600E+000,3.1162549E-002
6.9974600E+000,3.7991745E-002
6.9989600E+000,4.4820941E-002
7.0004600E+000,5.1139441E-002
7.0019600E+000,5.6303322E-002
7.0034600E+000,6.1467203E-002
7.0049600E+000,6.6631084E-002
7.0064600E+000,6.9449111E-002
7.0079600E+000,7.2202868E-002
7.0094600E+000,7.4956624E-002
7.0109600E+000,7.5554029E-002
7.0124600E+000,7.4938486E-002
7.0139600E+000,7.4322942E-002
7.0154600E+000,7.2515775E-002
7.0169600E+000,6.8014502E-002
7.0184600E+000,6.3513229E-002
7.0199600E+000,5.9011956E-002
7.0214600E+000,5.1295509E-002
7.0229600E+000,4.3490974E-002
7.0244600E+000,3.5686440E-002
7.0259600E+000,2.6908854E-002
7.0274600E+000,1.7583927E-002
7.0289600E+000,8.2589998E-003
7.0304600E+000,-8.0178083E-004
7.0319600E+000,-9.2653606E-003
7.0334600E+000,-1.7728940E-002
7.0349600E+000,-2.6192520E-002
7.0364600E+000,-3.1849499E-002
7.0379600E+000,-3.7429585E-002
7.0394600E+000,-4.3009671E-002
7.0409600E+000,-4.6173479E-002
7.0424600E+000,-4.7978132E-002
7.0439600E+000,-4.9782784E-002
7.0454600E+000,-5.0569156E-002
7.0469600E+000,-4.9053328E-002
7.0484600E+000,-4.7537500E-002
7.0499600E+000,-4.6021672E-002
7.0514600E+000,-4.2678304E-002
7.0529600E+000,-3.9284866E-002
7.0544600E+000,-3.5891429E-002
7.0559600E+000,-3.2405272E-002
7.0574600E+000,-2.8866960E-002
7.0589600E+000,-2.5328649E-002
7.0604600E+000,-2.2144893E-002
7.0619600E+000,-1.9762741E-002
7.0634600E+000,-1.7380590E-002
7.0649600E+000,-1.4998438E-002
7.0664600E+000,-1.4124265E-002
7.0679600E+000,-1.3291406E-002
7.0694600E+000,-1.2458547E-002
7.0709600E+000,-1.2248576E-002
7.0724600E+000,-1.2388978E-002
7.0739600E+000,-1.2529380E-002
7.0754600E+000,-1.2612450E-002
7.0769600E+000,-1.2565899E-002
7.0784600E+000,-1.2519348E-002
7.0799600E+000,-1.2472797E-002
7.0814600E+000,-1.1206296E-002
7.0829600E+000,-9.9063705E-003
7.0844600E+000,-8.6064454E-003
7.0859600E+000,-6.2953891E-003
7.0874600E+000,-3.4155713E-003
7.0889600E+000,-5.3575347E-004
7.0904600E+000,2.6218968E-003
7.0919600E+000,6.4076903E-003
7.0934600E+000,1.0193484E-002
7.0949600E+000,1.3979277E-002
7.0964600E+000,1.7296905E-002
7.0979600E+000,2.0601706E-002
7.0994600E+000,2.3906506E-002
7.1009600E+000,2.5995470E-002
7.1024600E+000,2.7400524E-002
7.1039600E+000,2.8805579E-002
7.1054600E+000,2.9398134E-002
7.1069600E+000,2.8153734E-002
7.1084600E+000,2.6909335E-002
7.1099600E+000,2.5664935E-002
7.1114600E+000,2.2126657E-002
7.1129600E+000,1.8525532E-002
7.1144600E+000,1.4924408E-002
7.1159600E+000,1.0616084E-002
7.1174600E+000,5.9099608E-003
7.1189600E+000,1.2038373E-003
7.1204600E+000,-3.3018530E-003
7.1219600E+000,-7.3543901E-003
7.1234600E+000,-1.1406927E-002
7.1249600E+000,-1.5459464E-002
7.1264600E+000,-1.7290704E-002
7.1279600E+000,-1.9061085E-002
7.1294600E+000,-2.0831467E-002
7.1309600E+000,-2.0583475E-002
7.1324600E+000,-1.9200147E-002
7.1339600E+000,-1.7816819E-002
7.1354600E+000,-1.5557785E-002
7.1369600E+000,-1.1318891E-002
7.1384600E+000,-7.0799973E-003
7.1399600E+000,-2.8411035E-003
7.1414600E+000,2.7521082E-003
7.1429600E+000,8.3824245E-003
7.1444600E+000,1.4012741E-002
7.1459600E+000,1.9179286E-002
7.1474600E+000,2.4084960E-002
7.1489600E+000,2.8990634E-002
7.1504600E+000,3.3093686E-002
7.1519600E+000,3.5382118E-002
7.1534600E+000,3.7670549E-002
7.1549600E+000,3.9958980E-002
7.1564600E+000,3.8890072E-002
7.1579600E+000,3.7729181E-002
7.1594600E+000,3.6568291E-002
7.1609600E+000,3.3567514E-002
7.1624600E+000,2.9531801E-002
7.1639600E+000,2.5496088E-002
7.1654600E+000,2.1077842E-002
7.1669600E+000,1.5794740E-002
7.1684600E+000,1.0511639E-002
7.1699600E+000,5.2285369E-003
7.1714600E+000,5.1614218E-004
7.1729600E+000,-4.1806167E-003
7.1744600E+000,-8.8773755E-003
7.1759600E+000,-1.2427643E-002
7.1774600E+000,-1.5333009E-002
7.1789600E+000,-1.8238376E-002
7.1804600E+000,-2.0529865E-002
7.1819600E+000,-2.1433459E-002
7.1834600E+000,-2.2337053E-002
7.1849600E+000,-2.3240647E-002
7.1864600E+000,-2.2756129E-002
7.1879600E+000,-2.2233580E-002
7.1894600E+000,-2.1711032E-002
7.1909600E+000,-2.0815266E-002
7.1924600E+000,-1.9709565E-002
7.1939600E+000,-1.8603864E-002
7.1954600E+000,-1.7523098E-002
7.1969600E+000,-1.6498704E-002
7.1984600E+000,-1.5474311E-002
7.1999600E+000,-1.4449917E-002
7.2014600E+000,-1.3833286E-002
7.2029600E+000,-1.3227827E-002
7.2044600E+000,-1.2622367E-002
7.2059600E+000,-1.2374452E-002
7.2074600E+000,-1.2327656E-002
7.2089600E+000,-1.2280860E-002
7.2104600E+000,-1.2458312E-002
7.2119600E+000,-1.3142761E-002
7.2134600E+000,-1.3827209E-002
7.2149600E+000,-1.4511657E-002
7.2164600E+000,-1.6233511E-002
7.2179600E+000,-1.7983787E-002
7.2194600E+000,-1.9734063E-002
7.2209600E+000,-2.2415563E-002
7.2224600E+000,-2.5620877E-002
7.2239600E+000,-2.8826191E-002
7.2254600E+000,-3.2513937E-002
7.2269600E+000,-3.7292398E-002
7.2284600E+000,-4.2070860E-002
7.2299600E+000,-4.6849322E-002
7.2314600E+000,-5.2682575E-002
7.2329600E+000,-5.8544727E-002
7.2344600E+000,-6.4406878E-002
7.2359600E+000,-7.0223112E-002
7.2374600E+000,-7.6013517E-002
7.2389600E+000,-8.1803923E-002
7.2404600E+000,-8.7123123E-002
7.2419600E+000,-9.1376991E-002
7.2434600E+000,-9.5630859E-002
7.2449600E+000,-9.9884727E-002
7.2464600E+000,-1.0149994E-001
7.2479600E+000,-1.0304286E-001
7.2494600E+000,-1.0458579E-001
7.2509600E+000,-1.0412415E-001
7.2524600E+000,-1.0253495E-001
7.2539600E+000,-1.0094575E-001
7.2554600E+000,-9.8508220E-002
7.2569600E+000,-9.4152722E-002
7.2584600E+000,-8.9797224E-002
7.2599600E+000,-8.5441726E-002
7.2614600E+000,-7.9152778E-002
7.2629600E+000,-7.2810859E-002
7.2644600E+000,-6.6468939E-002
7.2659600E+000,-5.9313282E-002
7.2674600E+000,-5.1699896E-002
7.2689600E+000,-4.4086510E-002
7.2704600E+000,-3.6207548E-002
7.2719600E+000,-2.7728156E-002
7.2734600E+000,-1.9248763E-002
7.2749600E+000,-1.0769370E-002
7.2764600E+000,-1.6766087E-003
7.2779600E+000,7.4329570E-003
7.2794600E+000,1.6542523E-002
7.2809600E+000,2.5753644E-002
7.2824600E+000,3.5021889E-002
7.2839600E+000,4.4290135E-002
7.2854600E+000,5.3280116E-002
7.2869600E+000,6.1640980E-002
7.2884600E+000,7.0001843E-002
7.2899600E+000,7.8362706E-002
7.2914600E+000,8.4238755E-002
7.2929600E+000,9.0046726E-002
7.2944600E+000,9.5854698E-002
7.2959600E+000,9.8942089E-002
7.2974600E+000,1.0049915E-001
7.2989600E+000,1.0205622E-001
7.3004600E+000,1.0203776E-001
7.3019600E+000,9.8457259E-002
7.3034600E+000,9.4876757E-002
7.3049600E+000,9.1296256E-002
7.3064600E+000,8.3392588E-002
7.3079600E+000,7.5370476E-002
7.3094600E+000,6.7348364E-002
7.3109600E+000,5.8076413E-002
7.3124600E+000,4.8101428E-002
7.3139600E+000,3.8126443E-002
7.3154600E+000,2.8677183E-002
7.3169600E+000,2.0416518E-002
7.3184600E+000,1.2155853E-002
7.3199600E+000,3.8951885E-003
7.3214600E+000,7.2043058E-004
7.3229600E+000,-2.3149870E-003
7.3244600E+000,-5.3504046E-003
7.3259600E+000,-3.8898740E-003
7.3274600E+000,9.9628432E-005
7.3289600E+000,4.0891308E-003
7.3304600E+000,9.9437909E-003
7.3319600E+000,2.0015331E-002
7.3334600E+000,3.0086870E-002
7.3349600E+000,4.0158410E-002
7.3364600E+000,5.2689951E-002
7.3379600E+000,6.5288890E-002
7.3394600E+000,7.7887829E-002
7.3409600E+000,8.9061773E-002
7.3424600E+000,9.9434156E-002
7.3439600E+000,1.0980654E-001
7.3454600E+000,1.1831523E-001
7.3469600E+000,1.2261036E-001
7.3484600E+000,1.2690549E-001
7.3499600E+000,1.3120061E-001
7.3514600E+000,1.2840194E-001
7.3529600E+000,1.2540892E-001
7.3544600E+000,1.2241590E-001
7.3559600E+000,1.1595494E-001
7.3574600E+000,1.0754327E-001
7.3589600E+000,9.9131604E-002
7.3604600E+000,9.0237367E-002
7.3619600E+000,8.0252104E-002
7.3634600E+000,7.0266841E-002
7.3649600E+000,6.0281578E-002
7.3664600E+000,5.2420006E-002
7.3679600E+000,4.4616618E-002
7.3694600E+000,3.6813229E-002
7.3709600E+000,3.1517999E-002
7.3724600E+000,2.7633607E-002
7.3739600E+000,2.3749215E-002
7.3754600E+000,2.0744742E-002
7.3769600E+000,1.9729651E-002
7.3784600E+000,1.8714560E-002
7.3799600E+000,1.7699468E-002
7.3814600E+000,1.6535322E-002
7.3829600E+000,1.5367093E-002
7.3844600E+000,1.4198864E-002
7.3859600E+000,1.1005110E-002
7.3874600E+000,6.6719984E-003
7.3889600E+000,2.3388868E-003
7.3904600E+000,-3.2511476E-003
7.3919600E+000,-1.1682922E-002
7.3934600E+000,-2.0114696E-002
7.3949600E+000,-2.8546470E-002
7.3964600E+000,-3.8953789E-002
7.3979600E+000,-4.9415232E-002
7.3994600E+000,-5.9876676E-002
7.4009600E+000,-6.8951909E-002
7.4024600E+000,-7.7247399E-002
7.4039600E+000,-8.5542890E-002
7.4054600E+000,-9.1932364E-002
7.4069600E+000,-9.4012585E-002
7.4084600E+000,-9.6092805E-002
7.4099600E+000,-9.8173025E-002
7.4114600E+000,-9.2680492E-002
7.4129600E+000,-8.6980485E-002
7.4144600E+000,-8.1280478E-002
7.4159600E+000,-7.1801150E-002
7.4174600E+000,-6.0195953E-002
7.4189600E+000,-4.8590757E-002
7.4204600E+000,-3.6491936E-002
7.4219600E+000,-2.3277095E-002
7.4234600E+000,-1.0062255E-002
7.4249600E+000,3.1525858E-003
7.4264600E+000,1.3660113E-002
7.4279600E+000,2.4093468E-002
7.4294600E+000,3.4526823E-002
7.4309600E+000,4.1696749E-002
7.4324600E+000,4.7030997E-002
7.4339600E+000,5.2365245E-002
7.4354600E+000,5.6294100E-002
7.4369600E+000,5.7045543E-002
7.4384600E+000,5.7796987E-002
7.4399600E+000,5.8548430E-002
7.4414600E+000,5.7231792E-002
7.4429600E+000,5.5858493E-002
7.4444600E+000,5.4485195E-002
7.4459600E+000,5.3453177E-002
7.4474600E+000,5.2613130E-002
7.4489600E+000,5.1773083E-002
7.4504600E+000,5.1532117E-002
7.4519600E+000,5.2645598E-002
7.4534600E+000,5.3759079E-002
7.4549600E+000,5.4872560E-002
7.4564600E+000,5.7623462E-002
7.4579600E+000,6.0419224E-002
7.4594600E+000,6.3214986E-002
7.4609600E+000,6.6110776E-002
7.4624600E+000,6.9062830E-002
7.4639600E+000,7.2014884E-002
7.4654600E+000,7.4409815E-002
7.4669600E+000,7.5545160E-002
7.4684600E+000,7.6680506E-002
7.4699600E+000,7.7815852E-002
7.4714600E+000,7.5569258E-002
7.4729600E+000,7.3230009E-002
7.4744600E+000,7.0890759E-002
7.4759600E+000,6.5851990E-002
7.4774600E+000,5.9294742E-002
7.4789600E+000,5.2737493E-002
7.4804600E+000,4.5065704E-002
7.4819600E+000,3.4874082E-002
7.4834600E+000,2.4682460E-002
7.4849600E+000,1.4490838E-002
7.4864600E+000,2.6668688E-003
7.4879600E+000,-9.2018227E-003
7.4894600E+000,-2.1070514E-002
7.4909600E+000,-3.2252009E-002
7.4924600E+000,-4.3046955E-002
7.4939600E+000,-5.3841902E-002
7.4954600E+000,-6.3582921E-002
7.4969600E+000,-7.0941146E-002
7.4984600E+000,-7.8299372E-002
7.4999600E+000,-8.5657597E-002
7.5014600E+000,-8.8935825E-002
7.5029600E+000,-9.2102273E-002
7.5044600E+000,-9.5268720E-002
7.5059600E+000,-9.6565172E-002
7.5074600E+000,-9.6809751E-002
7.5089600E+000,-9.7054330E-002
7.5104600E+000,-9.7156268E-002
7.5119600E+000,-9.6935714E-002
7.5134600E+000,-9.6715160E-002
7.5149600E+000,-9.6494605E-002
7.5164600E+000,-9.7747438E-002
7.5179600E+000,-9.9040638E-002
7.5194600E+000,-1.0033384E-001
7.5209600E+000,-1.0266497E-001
7.5224600E+000,-1.0557993E-001
7.5239600E+000,-1.0849490E-001
7.5254600E+000,-1.1131923E-001
7.5269600E+000,-1.1393866E-001
7.5284600E+000,-1.1655808E-001
7.5299600E+000,-1.1917751E-001
7.5314600E+000,-1.1885001E-001
7.5329600E+000,-1.1844178E-001
7.5344600E+000,-1.1803354E-001
7.5359600E+000,-1.1458029E-001
7.5374600E+000,-1.0941421E-001
7.5389600E+000,-1.0424813E-001
7.5404600E+000,-9.7811691E-002
7.5419600E+000,-8.8503147E-002
7.5434600E+000,-7.9194604E-002
7.5449600E+000,-6.9886061E-002
7.5464600E+000,-5.9551831E-002
7.5479600E+000,-4.9189500E-002
7.5494600E+000,-3.8827169E-002
7.5509600E+000,-3.0606844E-002
7.5524600E+000,-2.3591399E-002
7.5539600E+000,-1.6575954E-002
7.5554600E+000,-1.1757026E-002
7.5569600E+000,-1.1904139E-002
7.5584600E+000,-1.2051252E-002
7.5599600E+000,-1.2198365E-002
7.5614600E+000,-2.0776633E-002
7.5629600E+000,-2.9585892E-002
7.5644600E+000,-3.8395151E-002
7.5659600E+000,-5.1771629E-002
7.5674600E+000,-6.7717169E-002
7.5689600E+000,-8.3662709E-002
7.5704600E+000,-1.0061835E-001
7.5719600E+000,-1.1985768E-001
7.5734600E+000,-1.3909701E-001
7.5749600E+000,-1.5833634E-001
7.5764600E+000,-1.7654174E-001
7.5779600E+000,-1.9471880E-001
7.5794600E+000,-2.1289587E-001
7.5809600E+000,-2.2852409E-001
7.5824600E+000,-2.4271858E-001
7.5839600E+000,-2.5691308E-001
7.5854600E+000,-2.6974454E-001
7.5869600E+000,-2.7949438E-001
7.5884600E+000,-2.8924422E-001
7.5899600E+000,-2.9899406E-001
7.5914600E+000,-3.0591941E-001
7.5929600E+000,-3.1276738E-001
7.5944600E+000,-3.1961534E-001
7.5959600E+000,-3.2586160E-001
7.5974600E+000,-3.3176939E-001
7.5989600E+000,-3.3767718E-001
7.6004600E+000,-3.4351202E-001
7.6019600E+000,-3.4918194E-001
7.6034600E+000,-3.5485185E-001
7.6049600E+000,-3.6052176E-001
7.6064600E+000,-3.6475183E-001
7.6079600E+000,-3.6894245E-001
7.6094600E+000,-3.7313308E-001
7.6109600E+000,-3.7483079E-001
7.6124600E+000,-3.7512623E-001
7.6139600E+000,-3.7542168E-001
7.6154600E+000,-3.7396955E-001
7.6169600E+000,-3.6856637E-001
7.6184600E+000,-3.6316319E-001
7.6199600E+000,-3.5776001E-001
7.6214600E+000,-3.4734928E-001
7.6229600E+000,-3.3680136E-001
7.6244600E+000,-3.2625344E-001
7.6259600E+000,-3.1468305E-001
7.6274600E+000,-3.0253752E-001
7.6289600E+000,-2.9039199E-001
7.6304600E+000,-2.7947131E-001
7.6319600E+000,-2.7131985E-001
7.6334600E+000,-2.6316839E-001
7.6349600E+000,-2.5501693E-001
7.6364600E+000,-2.5608299E-001
7.6379600E+000,-2.5740158E-001
7.6394600E+000,-2.5872018E-001
7.6409600E+000,-2.6802111E-001
7.6424600E+000,-2.8181210E-001
7.6439600E+000,-2.9560309E-001
7.6454600E+000,-3.1293989E-001
7.6469600E+000,-3.3829329E-001
7.6484600E+000,-3.6364670E-001
7.6499600E+000,-3.8900010E-001
7.6514600E+000,-4.2104612E-001
7.6529600E+000,-4.5327550E-001
7.6544600E+000,-4.8550488E-001
7.6559600E+000,-5.1774519E-001
7.6574600E+000,-5.4999164E-001
7.6589600E+000,-5.8223810E-001
7.6604600E+000,-6.1242248E-001
7.6619600E+000,-6.3794481E-001
7.6634600E+000,-6.6346713E-001
7.6649600E+000,-6.8898945E-001
7.6664600E+000,-7.0338412E-001
7.6679600E+000,-7.1747391E-001
7.6694600E+000,-7.3156371E-001
7.6709600E+000,-7.3707876E-001
7.6724600E+000,-7.3777051E-001
7.6739600E+000,-7.3846227E-001
7.6754600E+000,-7.3507464E-001
7.6769600E+000,-7.2246407E-001
7.6784600E+000,-7.0985351E-001
7.6799600E+000,-6.9724294E-001
7.6814600E+000,-6.7232705E-001
7.6829600E+000,-6.4707401E-001
7.6844600E+000,-6.2182098E-001
7.6859600E+000,-5.8844799E-001
7.6874600E+000,-5.5050751E-001
7.6889600E+000,-5.1256704E-001
7.6904600E+000,-4.7045996E-001
7.6919600E+000,-4.1893273E-001
7.6934600E+000,-3.6740550E-001
7.6949600E+000,-3.1587827E-001
7.6964600E+000,-2.5051485E-001
7.6979600E+000,-1.8477235E-001
7.6994600E+000,-1.1902985E-001
7.7009600E+000,-4.5042517E-002
7.7024600E+000,3.3582541E-002
7.7039600E+000,1.1220760E-001
7.7054600E+000,1.9342687E-001
7.7069600E+000,2.8051133E-001
7.7084600E+000,3.6759578E-001
7.7099600E+000,4.5468024E-001
7.7114600E+000,5.4294111E-001
7.7129600E+000,6.3123420E-001
7.7144600E+000,7.1952730E-001
7.7159600E+000,8.0323495E-001
7.7174600E+000,8.8436328E-001
7.7189600E+000,9.6549162E-001
7.7204600E+000,1.0422571E+000
7.7219600E+000,1.1091588E+000
7.7234600E+000,1.1760605E+000
7.7249600E+000,1.2429622E+000
7.7264600E+000,1.2924695E+000
7.7279600E+000,1.3415001E+000
7.7294600E+000,1.3905308E+000
7.7309600E+000,1.4285401E+000
7.7324600E+000,1.4603499E+000
7.7339600E+000,1.4921598E+000
7.7354600E+000,1.5199767E+000
7.7369600E+000,1.5387663E+000
7.7384600E+000,1.5575558E+000
7.7399600E+000,1.5763453E+000
7.7414600E+000,1.5879467E+000
7.7429600E+000,1.5993510E+000
7.7444600E+000,1.6107554E+000
7.7459600E+000,1.6202556E+000
7.7474600E+000,1.6286848E+000
7.7489600E+000,1.6371139E+000
7.7504600E+000,1.6449673E+000
7.7519600E+000,1.6515189E+000
7.7534600E+000,1.6580706E+000
7.7549600E+000,1.6646223E+000
7.7564600E+000,1.6666282E+000
7.7579600E+000,1.6685096E+000
7.7594600E+000,1.6703909E+000
7.7609600E+000,1.6657920E+000
7.7624600E+000,1.6575479E+000
7.7639600E+000,1.6493039E+000
7.7654600E+000,1.6362389E+000
7.7669600E+000,1.6122746E+000
7.7684600E+000,1.5883102E+000
7.7699600E+000,1.5643459E+000
7.7714600E+000,1.5221584E+000
7.7729600E+000,1.4794717E+000
7.7744600E+000,1.4367849E+000
7.7759600E+000,1.3830089E+000
7.7774600E+000,1.3229952E+000
7.7789600E+000,1.2629815E+000
7.7804600E+000,1.1994814E+000
7.7819600E+000,1.1280989E+000
7.7834600E+000,1.0567164E+000
7.7849600E+000,9.8533397E-001
7.7864600E+000,9.1162566E-001
7.7879600E+000,8.3785363E-001
7.7894600E+000,7.6408161E-001
7.7909600E+000,6.9472296E-001
7.7924600E+000,6.2784685E-001
7.7939600E+000,5.6097073E-001
7.7954600E+000,4.9825518E-001
7.7969600E+000,4.4494612E-001
7.7984600E+000,3.9163706E-001
7.7999600E+000,3.3832800E-001
7.8014600E+000,3.0024734E-001
7.8029600E+000,2.6258389E-001
7.8044600E+000,2.2492044E-001
7.8059600E+000,1.9559055E-001
7.8074600E+000,1.7094829E-001
7.8089600E+000,1.4630603E-001
7.8104600E+000,1.2400536E-001
7.8119600E+000,1.0699875E-001
7.8134600E+000,8.9992132E-002
7.8149600E+000,7.2985518E-002
7.8164600E+000,5.8525649E-002
7.8179600E+000,4.4135555E-002
7.8194600E+000,2.9745460E-002
7.8209600E+000,1.5774091E-002
7.8224600E+000,2.0382536E-003
7.8239600E+000,-1.1697583E-002
7.8254600E+000,-2.4659011E-002
7.8269600E+000,-3.5869600E-002
7.8284600E+000,-4.7080188E-002
7.8299600E+000,-5.8290777E-002
7.8314600E+000,-6.2989382E-002
7.8329600E+000,-6.7509577E-002
7.8344600E+000,-7.2029771E-002
7.8359600E+000,-7.0004928E-002
7.8374600E+000,-6.4298501E-002
7.8389600E+000,-5.8592074E-002
7.8404600E+000,-4.9671134E-002
7.8419600E+000,-3.3482600E-002
7.8434600E+000,-1.7294066E-002
7.8449600E+000,-1.1055313E-003
7.8464600E+000,2.1361795E-002
7.8479600E+000,4.4001143E-002
7.8494600E+000,6.6640492E-002
7.8509600E+000,8.8744085E-002
7.8524600E+000,1.1054631E-001
7.8539600E+000,1.3234855E-001
7.8554600E+000,1.5140717E-001
7.8569600E+000,1.6426285E-001
7.8584600E+000,1.7711854E-001
7.8599600E+000,1.8997422E-001
7.8614600E+000,1.8803164E-001
7.8629600E+000,1.8568362E-001
7.8644600E+000,1.8333561E-001
7.8659600E+000,1.6960408E-001
7.8674600E+000,1.4946933E-001
7.8689600E+000,1.2933458E-001
7.8704600E+000,1.0419424E-001
7.8719600E+000,6.7736910E-002
7.8734600E+000,3.1279576E-002
7.8749600E+000,-5.1777580E-003
7.8764600E+000,-5.3176767E-002
7.8779600E+000,-1.0149199E-001
7.8794600E+000,-1.4980721E-001
7.8809600E+000,-2.0215108E-001
7.8824600E+000,-2.5676108E-001
7.8839600E+000,-3.1137107E-001
7.8854600E+000,-3.6644938E-001
7.8869600E+000,-4.2258649E-001
7.8884600E+000,-4.7872360E-001
7.8899600E+000,-5.3486071E-001
7.8914600E+000,-5.8964391E-001
7.8929600E+000,-6.4439002E-001
7.8944600E+000,-6.9913613E-001
7.8959600E+000,-7.5215350E-001
7.8974600E+000,-8.0419846E-001
7.8989600E+000,-8.5624341E-001
7.9004600E+000,-9.0712274E-001
7.9019600E+000,-9.5536675E-001
7.9034600E+000,-1.0036108E+000
7.9049600E+000,-1.0518548E+000
7.9064600E+000,-1.0937810E+000
7.9079600E+000,-1.1355340E+000
7.9094600E+000,-1.1772871E+000
7.9109600E+000,-1.2114777E+000
7.9124600E+000,-1.2414145E+000
7.9139600E+000,-1.2713512E+000
7.9154600E+000,-1.2954589E+000
7.9169600E+000,-1.3063879E+000
7.9184600E+000,-1.3173168E+000
7.9199600E+000,-1.3282458E+000
7.9214600E+000,-1.3145741E+000
7.9229600E+000,-1.3002284E+000
7.9244600E+000,-1.2858827E+000
7.9259600E+000,-1.2542908E+000
7.9274600E+000,-1.2129979E+000
7.9289600E+000,-1.1717051E+000
7.9304600E+000,-1.1238092E+000
7.9319600E+000,-1.0609847E+000
7.9334600E+000,-9.9816019E-001
7.9349600E+000,-9.3533568E-001
7.9364600E+000,-8.6338498E-001
7.9379600E+000,-7.9118424E-001
7.9394600E+000,-7.1898351E-001
7.9409600E+000,-6.5075241E-001
7.9424600E+000,-5.8475424E-001
7.9439600E+000,-5.1875606E-001
7.9454600E+000,-4.5900346E-001
7.9469600E+000,-4.1337131E-001
7.9484600E+000,-3.6773916E-001
7.9499600E+000,-3.2210700E-001
7.9514600E+000,-3.0450781E-001
7.9529600E+000,-2.8767665E-001
7.9544600E+000,-2.7084549E-001
7.9559600E+000,-2.7275541E-001
7.9574600E+000,-2.8520718E-001
7.9589600E+000,-2.9765896E-001
7.9604600E+000,-3.1692855E-001
7.9619600E+000,-3.5161235E-001
7.9634600E+000,-3.8629615E-001
7.9649600E+000,-4.2097995E-001
7.9664600E+000,-4.6569157E-001
7.9679600E+000,-5.1067793E-001
7.9694600E+000,-5.5566429E-001
7.9709600E+000,-5.9892202E-001
7.9724600E+000,-6.4120740E-001
7.9739600E+000,-6.8349278E-001
7.9754600E+000,-7.2173152E-001
7.9769600E+000,-7.5082132E-001
7.9784600E+000,-7.7991112E-001
7.9799600E+000,-8.0900092E-001
7.9814600E+000,-8.1959303E-001
7.9829600E+000,-8.2967835E-001
7.9844600E+000,-8.3976366E-001
7.9859600E+000,-8.3711938E-001
7.9874600E+000,-8.2731468E-001
7.9889600E+000,-8.1750998E-001
7.9904600E+000,-8.0242500E-001
7.9919600E+000,-7.7540198E-001
7.9934600E+000,-7.4837897E-001
7.9949600E+000,-7.2135595E-001
7.9964600E+000,-6.8170773E-001
7.9979600E+000,-6.4171361E-001
7.9994600E+000,-6.0171950E-001
8.0009600E+000,-5.5617918E-001
8.0024600E+000,-5.0751912E-001
8.0039600E+000,-4.5885906E-001
8.0054600E+000,-4.0873915E-001
8.0069600E+000,-3.5531873E-001
8.0084600E+000,-3.0189831E-001
8.0099600E+000,-2.4847789E-001
8.0114600E+000,-1.9429597E-001
8.0129600E+000,-1.4009318E-001
8.0144600E+000,-8.5890395E-002
8.0159600E+000,-3.4248116E-002
8.0174600E+000,1.5953877E-002
8.0189600E+000,6.6155870E-002
8.0204600E+000,1.1334962E-001
8.0219600E+000,1.5374212E-001
8.0234600E+000,1.9413462E-001
8.0249600E+000,2.3452712E-001
8.0264600E+000,2.5946427E-001
8.0279600E+000,2.8397797E-001
8.0294600E+000,3.0849168E-001
8.0309600E+000,3.1988352E-001
8.0324600E+000,3.2389430E-001
8.0339600E+000,3.2790508E-001
8.0354600E+000,3.2528842E-001
8.0369600E+000,3.0768797E-001
8.0384600E+000,2.9008751E-001
8.0399600E+000,2.7248706E-001
8.0414600E+000,2.3764719E-001
8.0429600E+000,2.0233500E-001
8.0444600E+000,1.6702282E-001
8.0459600E+000,1.2604856E-001
8.0474600E+000,8.1889382E-002
8.0489600E+000,3.7730204E-002
8.0504600E+000,-5.5187378E-003
8.0519600E+000,-4.6709752E-002
8.0534600E+000,-8.7900765E-002
8.0549600E+000,-1.2909178E-001
8.0564600E+000,-1.5636653E-001
8.0579600E+000,-1.8326002E-001
8.0594600E+000,-2.1015350E-001
8.0609600E+000,-2.2311757E-001
8.0624600E+000,-2.2824635E-001
8.0639600E+000,-2.3337512E-001
8.0654600E+000,-2.3125412E-001
8.0669600E+000,-2.1274231E-001
8.0684600E+000,-1.9423051E-001
8.0699600E+000,-1.7571870E-001
8.0714600E+000,-1.3729774E-001
8.0729600E+000,-9.8331321E-002
8.0744600E+000,-5.9364902E-002
8.0759600E+000,-1.1281665E-002
8.0774600E+000,4.1929784E-002
8.0789600E+000,9.5141234E-002
8.0804600E+000,1.5054021E-001
8.0819600E+000,2.1088492E-001
8.0834600E+000,2.7122963E-001
8.0849600E+000,3.3157433E-001
8.0864600E+000,3.9222068E-001
8.0879600E+000,4.5287529E-001
8.0894600E+000,5.1352990E-001
8.0909600E+000,5.7032660E-001
8.0924600E+000,6.2495323E-001
8.0939600E+000,6.7957987E-001
8.0954600E+000,7.3050897E-001
8.0969600E+000,7.7307841E-001
8.0984600E+000,8.1564786E-001
8.0999600E+000,8.5821730E-001
8.1014600E+000,8.8361237E-001
8.1029600E+000,9.0853691E-001
8.1044600E+000,9.3346145E-001
8.1059600E+000,9.4427490E-001
8.1074600E+000,9.4715086E-001
8.1089600E+000,9.5002682E-001
8.1104600E+000,9.4550991E-001
8.1119600E+000,9.2427868E-001
8.1134600E+000,9.0304745E-001
8.1149600E+000,8.8181622E-001
8.1164600E+000,8.3841216E-001
8.1179600E+000,7.9440063E-001
8.1194600E+000,7.5038910E-001
8.1209600E+000,6.9501247E-001
8.1224600E+000,6.3324298E-001
8.1239600E+000,5.7147349E-001
8.1254600E+000,5.0669381E-001
8.1269600E+000,4.3510848E-001
8.1284600E+000,3.6352315E-001
8.1299600E+000,2.9193782E-001
8.1314600E+000,2.1969976E-001
8.1329600E+000,1.4744382E-001
8.1344600E+000,7.5187886E-002
8.1359600E+000,7.8314479E-003
8.1374600E+000,-5.6769019E-002
8.1389600E+000,-1.2136949E-001
8.1404600E+000,-1.8178906E-001
8.1419600E+000,-2.3275618E-001
8.1434600E+000,-2.8372330E-001
8.1449600E+000,-3.3469042E-001
8.1464600E+000,-3.6937418E-001
8.1479600E+000,-4.0361181E-001
8.1494600E+000,-4.3784945E-001
8.1509600E+000,-4.6098843E-001
8.1524600E+000,-4.7788442E-001
8.1539600E+000,-4.9478041E-001
8.1554600E+000,-5.0668271E-001
8.1569600E+000,-5.0729492E-001
8.1584600E+000,-5.0790713E-001
8.1599600E+000,-5.0851933E-001
8.1614600E+000,-4.9528904E-001
8.1629600E+000,-4.8167950E-001
8.1644600E+000,-4.6806996E-001
8.1659600E+000,-4.4714574E-001
8.1674600E+000,-4.2210702E-001
8.1689600E+000,-3.9706829E-001
8.1704600E+000,-3.6959636E-001
8.1719600E+000,-3.3662327E-001
8.1734600E+000,-3.0365018E-001
8.1749600E+000,-2.7067709E-001
8.1764600E+000,-2.3397018E-001
8.1779600E+000,-1.9716097E-001
8.1794600E+000,-1.6035177E-001
8.1809600E+000,-1.2386091E-001
8.1824600E+000,-8.7549131E-002
8.1839600E+000,-5.1237348E-002
8.1854600E+000,-1.6300577E-002
8.1869600E+000,1.5527474E-002
8.1884600E+000,4.7355524E-002
8.1899600E+000,7.9183575E-002
8.1914600E+000,1.0363987E-001
8.1929600E+000,1.2789421E-001
8.1944600E+000,1.5214854E-001
8.1959600E+000,1.7031549E-001
8.1974600E+000,1.8505829E-001
8.1989600E+000,1.9980109E-001
8.2004600E+000,2.1134818E-001
8.2019600E+000,2.1567019E-001
8.2034600E+000,2.1999220E-001
8.2049600E+000,2.2431422E-001
8.2064600E+000,2.1828729E-001
8.2079600E+000,2.1197683E-001
8.2094600E+000,2.0566638E-001
8.2109600E+000,1.9273689E-001
8.2124600E+000,1.7608419E-001
8.2139600E+000,1.5943150E-001
8.2154600E+000,1.3991600E-001
8.2169600E+000,1.1392805E-001
8.2184600E+000,8.7940099E-002
8.2199600E+000,6.1952151E-002
8.2214600E+000,2.9125953E-002
8.2229600E+000,-3.8875958E-003
8.2244600E+000,-3.6901144E-002
8.2259600E+000,-7.1751557E-002
8.2274600E+000,-1.0763521E-001
8.2289600E+000,-1.4351886E-001
8.2304600E+000,-1.7846357E-001
8.2319600E+000,-2.1128548E-001
8.2334600E+000,-2.4410739E-001
8.2349600E+000,-2.7692930E-001
8.2364600E+000,-3.0026379E-001
8.2379600E+000,-3.2333835E-001
8.2394600E+000,-3.4641291E-001
8.2409600E+000,-3.5963688E-001
8.2424600E+000,-3.6731988E-001
8.2439600E+000,-3.7500289E-001
8.2454600E+000,-3.7713201E-001
8.2469600E+000,-3.6670451E-001
8.2484600E+000,-3.5627701E-001
8.2499600E+000,-3.4584951E-001
8.2514600E+000,-3.1908331E-001
8.2529600E+000,-2.9186948E-001
8.2544600E+000,-2.6465564E-001
8.2559600E+000,-2.2999380E-001
8.2574600E+000,-1.9114245E-001
8.2589600E+000,-1.5229110E-001
8.2604600E+000,-1.1215624E-001
8.2619600E+000,-6.9119532E-002
8.2634600E+000,-2.6082825E-002
8.2649600E+000,1.6953883E-002
8.2664600E+000,5.6696006E-002
8.2679600E+000,9.6347866E-002
8.2694600E+000,1.3599973E-001
8.2709600E+000,1.6980872E-001
8.2724600E+000,2.0033109E-001
8.2739600E+000,2.3085346E-001
8.2754600E+000,2.5768679E-001
8.2769600E+000,2.7617967E-001
8.2784600E+000,2.9467255E-001
8.2799600E+000,3.1316543E-001
8.2814600E+000,3.1985240E-001
8.2829600E+000,3.2621592E-001
8.2844600E+000,3.3257943E-001
8.2859600E+000,3.3241913E-001
8.2874600E+000,3.2858917E-001
8.2889600E+000,3.2475921E-001
8.2904600E+000,3.1871446E-001
8.2919600E+000,3.0766237E-001
8.2934600E+000,2.9661028E-001
8.2949600E+000,2.8555819E-001
8.2964600E+000,2.7048658E-001
8.2979600E+000,2.5530485E-001
8.2994600E+000,2.4012312E-001
8.3009600E+000,2.2390066E-001
8.3024600E+000,2.0709280E-001
8.3039600E+000,1.9028494E-001
8.3054600E+000,1.7342846E-001
8.3069600E+000,1.5646204E-001
8.3084600E+000,1.3949562E-001
8.3099600E+000,1.2252920E-001
8.3114600E+000,1.0574961E-001
8.3129600E+000,8.8975139E-002
8.3144600E+000,7.2200668E-002
8.3159600E+000,5.5296217E-002
8.3174600E+000,3.8318653E-002
8.3189600E+000,2.1341089E-002
8.3204600E+000,4.1819705E-003
8.3219600E+000,-1.3387617E-002
8.3234600E+000,-3.0957204E-002
8.3249600E+000,-4.8526791E-002
8.3264600E+000,-6.6228871E-002
8.3279600E+000,-8.3934582E-002
8.3294600E+000,-1.0164029E-001
8.3309600E+000,-1.1826879E-001
8.3324600E+000,-1.3429135E-001
8.3339600E+000,-1.5031390E-001
8.3354600E+000,-1.6487915E-001
8.3369600E+000,-1.7614960E-001
8.3384600E+000,-1.8742005E-001
8.3399600E+000,-1.9869049E-001
8.3414600E+000,-2.0190268E-001
8.3429600E+000,-2.0489408E-001
8.3444600E+000,-2.0788549E-001
8.3459600E+000,-2.0380273E-001
8.3474600E+000,-1.9574074E-001
8.3489600E+000,-1.8767876E-001
8.3504600E+000,-1.7596351E-001
8.3519600E+000,-1.5598872E-001
8.3534600E+000,-1.3601393E-001
8.3549600E+000,-1.1603914E-001
8.3564600E+000,-8.6108241E-002
8.3579600E+000,-5.5904568E-002
8.3594600E+000,-2.5700894E-002
8.3609600E+000,8.4692464E-003
8.3624600E+000,4.4870526E-002
8.3639600E+000,8.1271806E-002
8.3654600E+000,1.1791765E-001
8.3669600E+000,1.5511640E-001
8.3684600E+000,1.9231516E-001
8.3699600E+000,2.2951392E-001
8.3714600E+000,2.6227753E-001
8.3729600E+000,2.9491963E-001
8.3744600E+000,3.2756173E-001
8.3759600E+000,3.5476524E-001
8.3774600E+000,3.7890955E-001
8.3789600E+000,4.0305386E-001
8.3804600E+000,4.2408651E-001
8.3819600E+000,4.3808413E-001
8.3834600E+000,4.5208174E-001
8.3849600E+000,4.6607936E-001
8.3864600E+000,4.7093688E-001
8.3879600E+000,4.7554399E-001
8.3894600E+000,4.8015109E-001
8.3909600E+000,4.8032120E-001
8.3924600E+000,4.7799551E-001
8.3939600E+000,4.7566981E-001
8.3954600E+000,4.7209521E-001
8.3969600E+000,4.6569700E-001
8.3984600E+000,4.5929879E-001
8.3999600E+000,4.5290058E-001
8.4014600E+000,4.4433107E-001
8.4029600E+000,4.3570208E-001
8.4044600E+000,4.2707308E-001
8.4059600E+000,4.1693586E-001
8.4074600E+000,4.0595026E-001
8.4089600E+000,3.9496465E-001
8.4104600E+000,3.8261477E-001
8.4119600E+000,3.6718041E-001
8.4134600E+000,3.5174605E-001
8.4149600E+000,3.3631168E-001
8.4164600E+000,3.1362642E-001
8.4179600E+000,2.9074249E-001
8.4194600E+000,2.6785857E-001
8.4209600E+000,2.3880643E-001
8.4224600E+000,2.0628467E-001
8.4239600E+000,1.7376290E-001
8.4254600E+000,1.3835853E-001
8.4269600E+000,9.6436946E-002
8.4284600E+000,5.4515360E-002
8.4299600E+000,1.2593774E-002
8.4314600E+000,-3.5188649E-002
8.4329600E+000,-8.3131643E-002
8.4344600E+000,-1.3107464E-001
8.4359600E+000,-1.7907251E-001
8.4374600E+000,-2.2710126E-001
8.4389600E+000,-2.7513000E-001
8.4404600E+000,-3.2108930E-001
8.4419600E+000,-3.6236985E-001
8.4434600E+000,-4.0365039E-001
8.4449600E+000,-4.4493093E-001
8.4464600E+000,-4.7407295E-001
8.4479600E+000,-5.0288241E-001
8.4494600E+000,-5.3169187E-001
8.4509600E+000,-5.5054122E-001
8.4524600E+000,-5.6378800E-001
8.4539600E+000,-5.7703478E-001
8.4554600E+000,-5.8552083E-001
8.4569600E+000,-5.8324346E-001
8.4584600E+000,-5.8096610E-001
8.4599600E+000,-5.7868873E-001
8.4614600E+000,-5.6386323E-001
8.4629600E+000,-5.4869395E-001
8.4644600E+000,-5.3352466E-001
8.4659600E+000,-5.1271134E-001
8.4674600E+000,-4.8872325E-001
8.4689600E+000,-4.6473516E-001
8.4704600E+000,-4.3936610E-001
8.4719600E+000,-4.1087487E-001
8.4734600E+000,-3.8238365E-001
8.4749600E+000,-3.5389242E-001
8.4764600E+000,-3.2466587E-001
8.4779600E+000,-2.9541918E-001
8.4794600E+000,-2.6617249E-001
8.4809600E+000,-2.3829498E-001
8.4824600E+000,-2.1118763E-001
8.4839600E+000,-1.8408027E-001
8.4854600E+000,-1.5828407E-001
8.4869600E+000,-1.3545221E-001
8.4884600E+000,-1.1262034E-001
8.4899600E+000,-8.9788480E-002
8.4914600E+000,-7.2636593E-002
8.4929600E+000,-5.5640321E-002
8.4944600E+000,-3.8644050E-002
8.4959600E+000,-2.6030890E-002
8.4974600E+000,-1.5883232E-002
8.4989600E+000,-5.7355731E-003
8.5004600E+000,2.2222332E-003
8.5019600E+000,5.2290666E-003
8.5034600E+000,8.2359000E-003
8.5049600E+000,1.1242733E-002
8.5064600E+000,7.9358842E-003
8.5079600E+000,4.4560567E-003
8.5094600E+000,9.7622923E-004
8.5109600E+000,-5.5931427E-003
8.5124600E+000,-1.3900384E-002
8.5139600E+000,-2.2207626E-002
8.5154600E+000,-3.1249396E-002
8.5169600E+000,-4.1951842E-002
8.5184600E+000,-5.2654288E-002
8.5199600E+000,-6.3356734E-002
8.5214600E+000,-7.3740154E-002
8.5229600E+000,-8.4114834E-002
8.5244600E+000,-9.4489513E-002
8.5259600E+000,-1.0309464E-001
8.5274600E+000,-1.1070439E-001
8.5289600E+000,-1.1831414E-001
8.5304600E+000,-1.2456810E-001
8.5319600E+000,-1.2775678E-001
8.5334600E+000,-1.3094546E-001
8.5349600E+000,-1.3413414E-001
8.5364600E+000,-1.3243881E-001
8.5379600E+000,-1.3060966E-001
8.5394600E+000,-1.2878052E-001
8.5409600E+000,-1.2402700E-001
8.5424600E+000,-1.1762853E-001
8.5439600E+000,-1.1123005E-001
8.5454600E+000,-1.0379595E-001
8.5469600E+000,-9.4020435E-002
8.5484600E+000,-8.4244923E-002
8.5499600E+000,-7.4469411E-002
8.5514600E+000,-6.2827977E-002
8.5529600E+000,-5.1135422E-002
8.5544600E+000,-3.9442867E-002
8.5559600E+000,-2.7339111E-002
8.5574600E+000,-1.5004053E-002
8.5589600E+000,-2.6689960E-003
8.5604600E+000,9.6053166E-003
8.5619600E+000,2.1742293E-002
8.5634600E+000,3.3879270E-002
8.5649600E+000,4.6016246E-002
8.5664600E+000,5.7558437E-002
8.5679600E+000,6.9084333E-002
8.5694600E+000,8.0610229E-002
8.5709600E+000,9.1652678E-002
8.5724600E+000,1.0242319E-001
8.5739600E+000,1.1319370E-001
8.5754600E+000,1.2372234E-001
8.5769600E+000,1.3370414E-001
8.5784600E+000,1.4368595E-001
8.5799600E+000,1.5366776E-001
8.5814600E+000,1.6287941E-001
8.5829600E+000,1.7206997E-001
8.5844600E+000,1.8126052E-001
8.5859600E+000,1.8993588E-001
8.5874600E+000,1.9832144E-001
8.5889600E+000,2.0670700E-001
8.5904600E+000,2.1481160E-001
8.5919600E+000,2.2228097E-001
8.5934600E+000,2.2975034E-001
8.5949600E+000,2.3721972E-001
8.5964600E+000,2.4344568E-001
8.5979600E+000,2.4963758E-001
8.5994600E+000,2.5582948E-001
8.6009600E+000,2.6072588E-001
8.6024600E+000,2.6489354E-001
8.6039600E+000,2.6906121E-001
8.6054600E+000,2.7226759E-001
8.6069600E+000,2.7330064E-001
8.6084600E+000,2.7433369E-001
8.6099600E+000,2.7536674E-001
8.6114600E+000,2.7216850E-001
8.6129600E+000,2.6885432E-001
8.6144600E+000,2.6554015E-001
8.6159600E+000,2.5887930E-001
8.6174600E+000,2.5033594E-001
8.6189600E+000,2.4179258E-001
8.6204600E+000,2.3159942E-001
8.6219600E+000,2.1767630E-001
8.6234600E+000,2.0375318E-001
8.6249600E+000,1.8983005E-001
8.6264600E+000,1.7138973E-001
8.6279600E+000,1.5282565E-001
8.6294600E+000,1.3426157E-001
8.6309600E+000,1.1367077E-001
8.6324600E+000,9.1939945E-002
8.6339600E+000,7.0209117E-002
8.6354600E+000,4.8079878E-002
8.6369600E+000,2.5049879E-002
8.6384600E+000,2.0198803E-003
8.6399600E+000,-2.1010118E-002
8.6414600E+000,-4.3400555E-002
8.6429600E+000,-6.5773470E-002
8.6444600E+000,-8.8146384E-002
8.6459600E+000,-1.0886577E-001
8.6474600E+000,-1.2865506E-001
8.6489600E+000,-1.4844434E-001
8.6504600E+000,-1.6685647E-001
8.6519600E+000,-1.8215505E-001
8.6534600E+000,-1.9745364E-001
8.6549600E+000,-2.1275222E-001
8.6564600E+000,-2.2192033E-001
8.6579600E+000,-2.3092048E-001
8.6594600E+000,-2.3992063E-001
8.6609600E+000,-2.4401063E-001
8.6624600E+000,-2.4533866E-001
8.6639600E+000,-2.4666669E-001
8.6654600E+000,-2.4550689E-001
8.6669600E+000,-2.3872242E-001
8.6684600E+000,-2.3193796E-001
8.6699600E+000,-2.2515349E-001
8.6714600E+000,-2.1128572E-001
8.6729600E+000,-1.9722389E-001
8.6744600E+000,-1.8316206E-001
8.6759600E+000,-1.6572183E-001
8.6774600E+000,-1.4638125E-001
8.6789600E+000,-1.2704067E-001
8.6804600E+000,-1.0687373E-001
8.6819600E+000,-8.4838505E-002
8.6834600E+000,-6.2803277E-002
8.6849600E+000,-4.0768049E-002
8.6864600E+000,-1.8473419E-002
8.6879600E+000,3.8283180E-003
8.6894600E+000,2.6130055E-002
8.6909600E+000,4.7471949E-002
8.6924600E+000,6.8273930E-002
8.6939600E+000,8.9075911E-002
8.6954600E+000,1.0909360E-001
8.6969600E+000,1.2733811E-001
8.6984600E+000,1.4558263E-001
8.6999600E+000,1.6382714E-001
8.7014600E+000,1.7891568E-001
8.7029600E+000,1.9391776E-001
8.7044600E+000,2.0891984E-001
8.7059600E+000,2.2137674E-001
8.7074600E+000,2.3240198E-001
8.7089600E+000,2.4342722E-001
8.7104600E+000,2.5293269E-001
8.7119600E+000,2.5900216E-001
8.7134600E+000,2.6507164E-001
8.7149600E+000,2.7114111E-001
8.7164600E+000,2.7137045E-001
8.7179600E+000,2.7143978E-001
8.7194600E+000,2.7150912E-001
8.7209600E+000,2.6732576E-001
8.7224600E+000,2.6075025E-001
8.7239600E+000,2.5417474E-001
8.7254600E+000,2.4563671E-001
8.7269600E+000,2.3266167E-001
8.7284600E+000,2.1968662E-001
8.7299600E+000,2.0671158E-001
8.7314600E+000,1.8883605E-001
8.7329600E+000,1.7082625E-001
8.7344600E+000,1.5281646E-001
8.7359600E+000,1.3305399E-001
8.7374600E+000,1.1230564E-001
8.7389600E+000,9.1557294E-002
8.7404600E+000,7.0791879E-002
8.7419600E+000,4.9987878E-002
8.7434600E+000,2.9183876E-002
8.7449600E+000,8.3798746E-003
8.7464600E+000,-1.0126086E-002
8.7479600E+000,-2.8569086E-002
8.7494600E+000,-4.7012086E-002
8.7509600E+000,-6.2867331E-002
8.7524600E+000,-7.7266962E-002
8.7539600E+000,-9.1666594E-002
8.7554600E+000,-1.0457307E-001
8.7569600E+000,-1.1410370E-001
8.7584600E+000,-1.2363433E-001
8.7599600E+000,-1.3316496E-001
8.7614600E+000,-1.3782782E-001
8.7629600E+000,-1.4235733E-001
8.7644600E+000,-1.4688683E-001
8.7659600E+000,-1.4842269E-001
8.7674600E+000,-1.4827462E-001
8.7689600E+000,-1.4812655E-001
8.7704600E+000,-1.4674546E-001
8.7719600E+000,-1.4257667E-001
8.7734600E+000,-1.3840788E-001
8.7749600E+000,-1.3423909E-001
8.7764600E+000,-1.2714354E-001
8.7779600E+000,-1.1996781E-001
8.7794600E+000,-1.1279207E-001
8.7809600E+000,-1.0459071E-001
8.7824600E+000,-9.5812439E-002
8.7839600E+000,-8.7034163E-002
8.7854600E+000,-7.8271952E-002
8.7869600E+000,-6.9546060E-002
8.7884600E+000,-6.0820168E-002
8.7899600E+000,-5.2094275E-002
8.7914600E+000,-4.4897601E-002
8.7929600E+000,-3.7742822E-002
8.7944600E+000,-3.0588044E-002
8.7959600E+000,-2.5001449E-002
8.7974600E+000,-2.0296959E-002
8.7989600E+000,-1.5592468E-002
8.8004600E+000,-1.1610177E-002
8.8019600E+000,-9.2606869E-003
8.8034600E+000,-6.9111969E-003
8.8049600E+000,-4.5617068E-003
8.8064600E+000,-3.5572896E-003
8.8079600E+000,-2.5897238E-003
8.8094600E+000,-1.6221581E-003
8.8109600E+000,-7.1690435E-004
8.8124600E+000,1.5329884E-004
8.8139600E+000,1.0235020E-003
8.8154600E+000,2.1183807E-003
8.8169600E+000,3.7212215E-003
8.8184600E+000,5.3240624E-003
8.8199600E+000,6.9269032E-003
8.8214600E+000,9.1058557E-003
8.8229600E+000,1.1300592E-002
8.8244600E+000,1.3495329E-002
8.8259600E+000,1.5406384E-002
8.8274600E+000,1.7157869E-002
8.8289600E+000,1.8909354E-002
8.8304600E+000,2.0133250E-002
8.8319600E+000,2.0164336E-002
8.8334600E+000,2.0195423E-002
8.8349600E+000,2.0226509E-002
8.8364600E+000,1.7917597E-002
8.8379600E+000,1.5544575E-002
8.8394600E+000,1.3171553E-002
8.8409600E+000,9.5226571E-003
8.8424600E+000,5.1560814E-003
8.8439600E+000,7.8950574E-004
8.8454600E+000,-3.7675195E-003
8.8469600E+000,-8.7551265E-003
8.8484600E+000,-1.3742734E-002
8.8499600E+000,-1.8730341E-002
8.8514600E+000,-2.2691565E-002
8.8529600E+000,-2.6624668E-002
8.8544600E+000,-3.0557772E-002
8.8559600E+000,-3.3039903E-002
8.8574600E+000,-3.4705861E-002
8.8589600E+000,-3.6371819E-002
8.8604600E+000,-3.7242127E-002
8.8619600E+000,-3.6313575E-002
8.8634600E+000,-3.5385023E-002
8.8649600E+000,-3.4456471E-002
8.8664600E+000,-3.1421158E-002
8.8679600E+000,-2.8328124E-002
8.8694600E+000,-2.5235090E-002
8.8709600E+000,-2.1172691E-002
8.8724600E+000,-1.6565023E-002
8.8739600E+000,-1.1957355E-002
8.8754600E+000,-6.9774187E-003
8.8769600E+000,-1.1558328E-003
8.8784600E+000,4.6657531E-003
8.8799600E+000,1.0487339E-002
8.8814600E+000,1.7759068E-002
8.8829600E+000,2.5070528E-002
8.8844600E+000,3.2381987E-002
8.8859600E+000,4.1030183E-002
8.8874600E+000,5.0430294E-002
8.8889600E+000,5.9830406E-002
8.8904600E+000,6.9979521E-002
8.8919600E+000,8.1822036E-002
8.8934600E+000,9.3664552E-002
8.8949600E+000,1.0550707E-001
8.8964600E+000,1.1932064E-001
8.8979600E+000,1.3318822E-001
8.8994600E+000,1.4705580E-001
8.9009600E+000,1.6135159E-001
8.9024600E+000,1.7588826E-001
8.9039600E+000,1.9042492E-001
8.9054600E+000,2.0455035E-001
8.9069600E+000,2.1774600E-001
8.9084600E+000,2.3094166E-001
8.9099600E+000,2.4413731E-001
8.9114600E+000,2.5399612E-001
8.9129600E+000,2.6376351E-001
8.9144600E+000,2.7353090E-001
8.9159600E+000,2.8009109E-001
8.9174600E+000,2.8484724E-001
8.9189600E+000,2.8960338E-001
8.9204600E+000,2.9259981E-001
8.9219600E+000,2.9161772E-001
8.9234600E+000,2.9063563E-001
8.9249600E+000,2.8965354E-001
8.9264600E+000,2.8326697E-001
8.9279600E+000,2.7673232E-001
8.9294600E+000,2.7019768E-001
8.9309600E+000,2.6071451E-001
8.9324600E+000,2.4957279E-001
8.9339600E+000,2.3843107E-001
8.9354600E+000,2.2632590E-001
8.9369600E+000,2.1204250E-001
8.9384600E+000,1.9775909E-001
8.9399600E+000,1.8347569E-001
8.9414600E+000,1.6780830E-001
8.9429600E+000,1.5210300E-001
8.9444600E+000,1.3639769E-001
8.9459600E+000,1.2085905E-001
8.9474600E+000,1.0541416E-001
8.9489600E+000,8.9969272E-002
8.9504600E+000,7.5015544E-002
8.9519600E+000,6.1172272E-002
8.9534600E+000,4.7329000E-002
8.9549600E+000,3.3485727E-002
8.9564600E+000,2.1951546E-002
8.9579600E+000,1.0480627E-002
8.9594600E+000,-9.9029140E-004
8.9609600E+000,-1.0836616E-002
8.9624600E+000,-1.9769106E-002
8.9639600E+000,-2.8701596E-002
8.9654600E+000,-3.6925851E-002
8.9669600E+000,-4.3548878E-002
8.9684600E+000,-5.0171904E-002
8.9699600E+000,-5.6794931E-002
8.9714600E+000,-6.1434977E-002
8.9729600E+000,-6.6020695E-002
8.9744600E+000,-7.0606413E-002
8.9759600E+000,-7.3911655E-002
8.9774600E+000,-7.6496630E-002
8.9789600E+000,-7.9081604E-002
8.9804600E+000,-8.0985664E-002
8.9819600E+000,-8.1350265E-002
8.9834600E+000,-8.1714867E-002
8.9849600E+000,-8.2079468E-002
8.9864600E+000,-8.0061940E-002
8.9879600E+000,-7.7979148E-002
8.9894600E+000,-7.5896355E-002
8.9909600E+000,-7.2314210E-002
8.9924600E+000,-6.7888678E-002
8.9939600E+000,-6.3463146E-002
8.9954600E+000,-5.8512819E-002
8.9969600E+000,-5.2375996E-002
8.9984600E+000,-4.6239174E-002
8.9999600E+000,-4.0102351E-002
9.0014600E+000,-3.3363957E-002
9.0029600E+000,-2.6609082E-002
9.0044600E+000,-1.9854207E-002
9.0059600E+000,-1.3533346E-002
9.0074600E+000,-7.4566176E-003
9.0089600E+000,-1.3798895E-003
9.0104600E+000,4.1172809E-003
9.0119600E+000,8.3041462E-003
9.0134600E+000,1.2491011E-002
9.0149600E+000,1.6677877E-002
9.0164600E+000,1.8115647E-002
9.0179600E+000,1.9478099E-002
9.0194600E+000,2.0840551E-002
9.0209600E+000,2.0032486E-002
9.0224600E+000,1.8003504E-002
9.0239600E+000,1.5974522E-002
9.0254600E+000,1.2861441E-002
9.0269600E+000,7.2973535E-003
9.0284600E+000,1.7332656E-003
9.0299600E+000,-3.8308223E-003
9.0314600E+000,-1.2499478E-002
9.0329600E+000,-2.1253191E-002
9.0344600E+000,-3.0006904E-002
9.0359600E+000,-4.0243566E-002
9.0374600E+000,-5.1314388E-002
9.0389600E+000,-6.2385209E-002
9.0404600E+000,-7.3761981E-002
9.0419600E+000,-8.5830468E-002
9.0434600E+000,-9.7898955E-002
9.0449600E+000,-1.0996744E-001
9.0464600E+000,-1.2153389E-001
9.0479600E+000,-1.3308658E-001
9.0494600E+000,-1.4463927E-001
9.0509600E+000,-1.5501091E-001
9.0524600E+000,-1.6471820E-001
9.0539600E+000,-1.7442550E-001
9.0554600E+000,-1.8332619E-001
9.0569600E+000,-1.9040325E-001
9.0584600E+000,-1.9748031E-001
9.0599600E+000,-2.0455737E-001
9.0614600E+000,-2.0901905E-001
9.0629600E+000,-2.1340907E-001
9.0644600E+000,-2.1779910E-001
9.0659600E+000,-2.2084237E-001
9.0674600E+000,-2.2312809E-001
9.0689600E+000,-2.2541381E-001
9.0704600E+000,-2.2732424E-001
9.0719600E+000,-2.2838620E-001
9.0734600E+000,-2.2944817E-001
9.0749600E+000,-2.3051013E-001
9.0764600E+000,-2.3107476E-001
9.0779600E+000,-2.3162576E-001
9.0794600E+000,-2.3217676E-001
9.0809600E+000,-2.3249860E-001
9.0824600E+000,-2.3269153E-001
9.0839600E+000,-2.3288446E-001
9.0854600E+000,-2.3280174E-001
9.0869600E+000,-2.3209581E-001
9.0884600E+000,-2.3138989E-001
9.0899600E+000,-2.3068396E-001
9.0914600E+000,-2.2809762E-001
9.0929600E+000,-2.2545976E-001
9.0944600E+000,-2.2282189E-001
9.0959600E+000,-2.1826155E-001
9.0974600E+000,-2.1261982E-001
9.0989600E+000,-2.0697809E-001
9.1004600E+000,-2.0022964E-001
9.1019600E+000,-1.9097905E-001
9.1034600E+000,-1.8172846E-001
9.1049600E+000,-1.7247787E-001
9.1064600E+000,-1.5992311E-001
9.1079600E+000,-1.4727783E-001
9.1094600E+000,-1.3463254E-001
9.1109600E+000,-1.2052680E-001
9.1124600E+000,-1.0559955E-001
9.1139600E+000,-9.0672296E-002
9.1154600E+000,-7.5599629E-002
9.1169600E+000,-6.0198195E-002
9.1184600E+000,-4.4796762E-002
9.1199600E+000,-2.9395329E-002
9.1214600E+000,-1.5567258E-002
9.1229600E+000,-1.7822941E-003
9.1244600E+000,1.2002670E-002
9.1259600E+000,2.3549979E-002
9.1274600E+000,3.3838606E-002
9.1289600E+000,4.4127234E-002
9.1304600E+000,5.2962688E-002
9.1319600E+000,5.8512707E-002
9.1334600E+000,6.4062726E-002
9.1349600E+000,6.9612745E-002
9.1364600E+000,7.0191240E-002
9.1379600E+000,7.0633528E-002
9.1394600E+000,7.1075816E-002
9.1409600E+000,6.8565118E-002
9.1424600E+000,6.4393365E-002
9.1439600E+000,6.0221612E-002
9.1454600E+000,5.4982824E-002
9.1469600E+000,4.7331607E-002
9.1484600E+000,3.9680390E-002
9.1499600E+000,3.2029173E-002
9.1514600E+000,2.2396796E-002
9.1529600E+000,1.2710139E-002
9.1544600E+000,3.0234826E-003
9.1559600E+000,-7.0490690E-003
9.1574600E+000,-1.7338687E-002
9.1589600E+000,-2.7628305E-002
9.1604600E+000,-3.7735910E-002
9.1619600E+000,-4.7432010E-002
9.1634600E+000,-5.7128110E-002
9.1649600E+000,-6.6824209E-002
9.1664600E+000,-7.5107101E-002
9.1679600E+000,-8.3351275E-002
9.1694600E+000,-9.1595448E-002
9.1709600E+000,-9.8579849E-002
9.1724600E+000,-1.0485563E-001
9.1739600E+000,-1.1113140E-001
9.1754600E+000,-1.1673452E-001
9.1769600E+000,-1.2081685E-001
9.1784600E+000,-1.2489918E-001
9.1799600E+000,-1.2898151E-001
9.1814600E+000,-1.3093133E-001
9.1829600E+000,-1.3282273E-001
9.1844600E+000,-1.3471413E-001
9.1859600E+000,-1.3532057E-001
9.1874600E+000,-1.3520422E-001
9.1889600E+000,-1.3508787E-001
9.1904600E+000,-1.3446130E-001
9.1919600E+000,-1.3268120E-001
9.1934600E+000,-1.3090109E-001
9.1949600E+000,-1.2912099E-001
9.1964600E+000,-1.2619935E-001
9.1979600E+000,-1.2324643E-001
9.1994600E+000,-1.2029352E-001
9.2009600E+000,-1.1696687E-001
9.2024600E+000,-1.1343001E-001
9.2039600E+000,-1.0989314E-001
9.2054600E+000,-1.0635486E-001
9.2069600E+000,-1.0281338E-001
9.2084600E+000,-9.9271895E-002
9.2099600E+000,-9.5730415E-002
9.2114600E+000,-9.2600548E-002
9.2129600E+000,-8.9481959E-002
9.2144600E+000,-8.6363370E-002
9.2159600E+000,-8.3615262E-002
9.2174600E+000,-8.1075550E-002
9.2189600E+000,-7.8535838E-002
9.2204600E+000,-7.6124206E-002
9.2219600E+000,-7.4002146E-002
9.2234600E+000,-7.1880086E-002
9.2249600E+000,-6.9758027E-002
9.2264600E+000,-6.7624736E-002
9.2279600E+000,-6.5491138E-002
9.2294600E+000,-6.3357540E-002
9.2309600E+000,-6.0860026E-002
9.2324600E+000,-5.8157810E-002
9.2339600E+000,-5.5455595E-002
9.2354600E+000,-5.2432755E-002
9.2369600E+000,-4.8685028E-002
9.2384600E+000,-4.4937301E-002
9.2399600E+000,-4.1189574E-002
9.2414600E+000,-3.6252924E-002
9.2429600E+000,-3.1283700E-002
9.2444600E+000,-2.6314476E-002
9.2459600E+000,-2.0732643E-002
9.2474600E+000,-1.4806217E-002
9.2489600E+000,-8.8797905E-003
9.2504600E+000,-2.8658512E-003
9.2519600E+000,3.3459436E-003
9.2534600E+000,9.5577385E-003
9.2549600E+000,1.5769533E-002
9.2564600E+000,2.1421555E-002
9.2579600E+000,2.7058241E-002
9.2594600E+000,3.2694927E-002
9.2609600E+000,3.7490412E-002
9.2624600E+000,4.1812722E-002
9.2639600E+000,4.6135033E-002
9.2654600E+000,4.9941205E-002
9.2669600E+000,5.2580454E-002
9.2684600E+000,5.5219704E-002
9.2699600E+000,5.7858954E-002
9.2714600E+000,5.8939089E-002
9.2729600E+000,5.9976510E-002
9.2744600E+000,6.1013930E-002
9.2759600E+000,6.1304591E-002
9.2774600E+000,6.1175200E-002
9.2789600E+000,6.1045809E-002
9.2804600E+000,6.0743421E-002
9.2819600E+000,6.0049908E-002
9.2834600E+000,5.9356395E-002
9.2849600E+000,5.8662883E-002
9.2864600E+000,5.8008446E-002
9.2879600E+000,5.7355081E-002
9.2894600E+000,5.6701715E-002
9.2909600E+000,5.6408895E-002
9.2924600E+000,5.6318881E-002
9.2939600E+000,5.6228868E-002
9.2954600E+000,5.6442277E-002
9.2969600E+000,5.7341685E-002
9.2984600E+000,5.8241092E-002
9.2999600E+000,5.9140500E-002
9.3014600E+000,6.1302962E-002
9.3029600E+000,6.3500029E-002
9.3044600E+000,6.5697096E-002
9.3059600E+000,6.8795641E-002
9.3074600E+000,7.2401268E-002
9.3089600E+000,7.6006894E-002
9.3104600E+000,7.9982840E-002
9.3119600E+000,8.4796029E-002
9.3134600E+000,8.9609218E-002
9.3149600E+000,9.4422408E-002
9.3164600E+000,9.9857360E-002
9.3179600E+000,1.0530935E-001
9.3194600E+000,1.1076133E-001
9.3209600E+000,1.1607939E-001
9.3224600E+000,1.2132210E-001
9.3239600E+000,1.2656481E-001
9.3254600E+000,1.3146788E-001
9.3269600E+000,1.3560307E-001
9.3284600E+000,1.3973825E-001
9.3299600E+000,1.4387344E-001
9.3314600E+000,1.4626537E-001
9.3329600E+000,1.4860954E-001
9.3344600E+000,1.5095371E-001
9.3359600E+000,1.5195544E-001
9.3374600E+000,1.5220205E-001
9.3389600E+000,1.5244866E-001
9.3404600E+000,1.5206713E-001
9.3419600E+000,1.5026548E-001
9.3434600E+000,1.4846383E-001
9.3449600E+000,1.4666218E-001
9.3464600E+000,1.4309231E-001
9.3479600E+000,1.3947398E-001
9.3494600E+000,1.3585566E-001
9.3509600E+000,1.3120950E-001
9.3524600E+000,1.2598519E-001
9.3539600E+000,1.2076088E-001
9.3554600E+000,1.1507256E-001
9.3569600E+000,1.0833516E-001
9.3584600E+000,1.0159776E-001
9.3599600E+000,9.4860366E-002
9.3614600E+000,8.6693825E-002
9.3629600E+000,7.8488129E-002
9.3644600E+000,7.0282433E-002
9.3659600E+000,6.1253702E-002
9.3674600E+000,5.1762014E-002
9.3689600E+000,4.2270326E-002
9.3704600E+000,3.2537727E-002
9.3719600E+000,2.2260459E-002
9.3734600E+000,1.1983191E-002
9.3749600E+000,1.7059236E-003
9.3764600E+000,-8.4782682E-003
9.3779600E+000,-1.8659910E-002
9.3794600E+000,-2.8841552E-002
9.3809600E+000,-3.8219850E-002
9.3824600E+000,-4.7146267E-002
9.3839600E+000,-5.6072684E-002
9.3854600E+000,-6.4246045E-002
9.3869600E+000,-7.0716842E-002
9.3884600E+000,-7.7187639E-002
9.3899600E+000,-8.3658436E-002
9.3914600E+000,-8.6811219E-002
9.3929600E+000,-8.9873097E-002
9.3944600E+000,-9.2934975E-002
9.3959600E+000,-9.3513250E-002
9.3974600E+000,-9.2694499E-002
9.3989600E+000,-9.1875748E-002
9.4004600E+000,-8.9900269E-002
9.4019600E+000,-8.5309574E-002
9.4034600E+000,-8.0718880E-002
9.4049600E+000,-7.6128186E-002
9.4064600E+000,-6.8475251E-002
9.4079600E+000,-6.0738419E-002
9.4094600E+000,-5.3001587E-002
9.4109600E+000,-4.3865380E-002
9.4124600E+000,-3.3942024E-002
9.4139600E+000,-2.4018668E-002
9.4154600E+000,-1.3755411E-002
9.4169600E+000,-2.7236814E-003
9.4184600E+000,8.3080479E-003
9.4199600E+000,1.9339777E-002
9.4214600E+000,3.0445225E-002
9.4229600E+000,4.1552693E-002
9.4244600E+000,5.2660161E-002
9.4259600E+000,6.3236243E-002
9.4274600E+000,7.3513419E-002
9.4289600E+000,8.3790596E-002
9.4304600E+000,9.3581253E-002
9.4319600E+000,1.0227195E-001
9.4334600E+000,1.1096266E-001
9.4349600E+000,1.1965336E-001
9.4364600E+000,1.2621938E-001
9.4379600E+000,1.3272719E-001
9.4394600E+000,1.3923500E-001
9.4409600E+000,1.4407924E-001
9.4424600E+000,1.4798772E-001
9.4439600E+000,1.5189620E-001
9.4454600E+000,1.5494369E-001
9.4469600E+000,1.5604459E-001
9.4484600E+000,1.5714548E-001
9.4499600E+000,1.5824638E-001
9.4514600E+000,1.5664417E-001
9.4529600E+000,1.5496789E-001
9.4544600E+000,1.5329162E-001
9.4559600E+000,1.5003326E-001
9.4574600E+000,1.4588498E-001
9.4589600E+000,1.4173669E-001
9.4604600E+000,1.3702000E-001
9.4619600E+000,1.3101822E-001
9.4634600E+000,1.2501643E-001
9.4649600E+000,1.1901465E-001
9.4664600E+000,1.1212523E-001
9.4679600E+000,1.0521149E-001
9.4694600E+000,9.8297749E-002
9.4709600E+000,9.1562238E-002
9.4724600E+000,8.4926980E-002
9.4739600E+000,7.8291722E-002
9.4754600E+000,7.2123278E-002
9.4769600E+000,6.7010237E-002
9.4784600E+000,6.1897197E-002
9.4799600E+000,5.6784156E-002
9.4814600E+000,5.4133939E-002
9.4829600E+000,5.1551197E-002
9.4844600E+000,4.8968455E-002
9.4859600E+000,4.8320619E-002
9.4874600E+000,4.8761167E-002
9.4889600E+000,4.9201716E-002
9.4904600E+000,5.0517995E-002
9.4919600E+000,5.3814189E-002
9.4934600E+000,5.7110383E-002
9.4949600E+000,6.0406577E-002
9.4964600E+000,6.5724417E-002
9.4979600E+000,7.1097645E-002
9.4994600E+000,7.6470873E-002
9.5009600E+000,8.2410056E-002
9.5024600E+000,8.8667589E-002
9.5039600E+000,9.4925121E-002
9.5054600E+000,1.0103103E-001
9.5069600E+000,1.0679412E-001
9.5084600E+000,1.1255721E-001
9.5099600E+000,1.1832030E-001
9.5114600E+000,1.2225358E-001
9.5129600E+000,1.2613673E-001
9.5144600E+000,1.3001988E-001
9.5159600E+000,1.3190826E-001
9.5174600E+000,1.3267459E-001
9.5189600E+000,1.3344092E-001
9.5204600E+000,1.3298379E-001
9.5219600E+000,1.2976056E-001
9.5234600E+000,1.2653734E-001
9.5249600E+000,1.2331411E-001
9.5264600E+000,1.1599484E-001
9.5279600E+000,1.0856334E-001
9.5294600E+000,1.0113185E-001
9.5309600E+000,9.1433493E-002
9.5324600E+000,8.0460031E-002
9.5339600E+000,6.9486569E-002
9.5354600E+000,5.7891896E-002
9.5369600E+000,4.4892746E-002
9.5384600E+000,3.1893596E-002
9.5399600E+000,1.8894446E-002
9.5414600E+000,5.8338589E-003
9.5429600E+000,-7.2284111E-003
9.5444600E+000,-2.0290681E-002
9.5459600E+000,-3.2263935E-002
9.5474600E+000,-4.3624617E-002
9.5489600E+000,-5.4985298E-002
9.5504600E+000,-6.5519124E-002
9.5519600E+000,-7.4183536E-002
9.5534600E+000,-8.2847948E-002
9.5549600E+000,-9.1512360E-002
9.5564600E+000,-9.7528556E-002
9.5579600E+000,-1.0347220E-001
9.5594600E+000,-1.0941584E-001
9.5609600E+000,-1.1405928E-001
9.5624600E+000,-1.1797136E-001
9.5639600E+000,-1.2188344E-001
9.5654600E+000,-1.2544212E-001
9.5669600E+000,-1.2820179E-001
9.5684600E+000,-1.3096146E-001
9.5699600E+000,-1.3372113E-001
9.5714600E+000,-1.3595191E-001
9.5729600E+000,-1.3816820E-001
9.5744600E+000,-1.4038449E-001
9.5759600E+000,-1.4237349E-001
9.5774600E+000,-1.4423462E-001
9.5789600E+000,-1.4609576E-001
9.5804600E+000,-1.4782697E-001
9.5819600E+000,-1.4926443E-001
9.5834600E+000,-1.5070190E-001
9.5849600E+000,-1.5213936E-001
9.5864600E+000,-1.5311217E-001
9.5879600E+000,-1.5407226E-001
9.5894600E+000,-1.5503235E-001
9.5909600E+000,-1.5574781E-001
9.5924600E+000,-1.5632567E-001
9.5939600E+000,-1.5690353E-001
9.5954600E+000,-1.5740722E-001
9.5969600E+000,-1.5774322E-001
9.5984600E+000,-1.5807922E-001
9.5999600E+000,-1.5841522E-001
9.6014600E+000,-1.5846517E-001
9.6029600E+000,-1.5850728E-001
9.6044600E+000,-1.5854940E-001
9.6059600E+000,-1.5814539E-001
9.6074600E+000,-1.5749045E-001
9.6089600E+000,-1.5683550E-001
9.6104600E+000,-1.5575801E-001
9.6119600E+000,-1.5372522E-001
9.6134600E+000,-1.5169242E-001
9.6149600E+000,-1.4965963E-001
9.6164600E+000,-1.4563192E-001
9.6179600E+000,-1.4154956E-001
9.6194600E+000,-1.3746720E-001
9.6209600E+000,-1.3186244E-001
9.6224600E+000,-1.2540133E-001
9.6239600E+000,-1.1894022E-001
9.6254600E+000,-1.1181548E-001
9.6269600E+000,-1.0319035E-001
9.6284600E+000,-9.4565227E-002
9.6299600E+000,-8.5940100E-002
9.6314600E+000,-7.5946465E-002
9.6329600E+000,-6.5915337E-002
9.6344600E+000,-5.5884209E-002
9.6359600E+000,-4.5689715E-002
9.6374600E+000,-3.5403327E-002
9.6389600E+000,-2.5116938E-002
9.6404600E+000,-1.5161469E-002
9.6419600E+000,-5.9541667E-003
9.6434600E+000,3.2531360E-003
9.6449600E+000,1.2460439E-002
9.6464600E+000,1.9353217E-002
9.6479600E+000,2.6182584E-002
9.6494600E+000,3.3011950E-002
9.6509600E+000,3.7660802E-002
9.6524600E+000,4.1083113E-002
9.6539600E+000,4.4505425E-002
9.6554600E+000,4.6727969E-002
9.6569600E+000,4.6237992E-002
9.6584600E+000,4.5748016E-002
9.6599600E+000,4.5258039E-002
9.6614600E+000,4.1193488E-002
9.6629600E+000,3.7031004E-002
9.6644600E+000,3.2868519E-002
9.6659600E+000,2.7034189E-002
9.6674600E+000,2.0259446E-002
9.6689600E+000,1.3484702E-002
9.6704600E+000,6.4316589E-003
9.6719600E+000,-1.2505842E-003
9.6734600E+000,-8.9328272E-003
9.6749600E+000,-1.6615070E-002
9.6764600E+000,-2.3317067E-002
9.6779600E+000,-2.9992208E-002
9.6794600E+000,-3.6667349E-002
9.6809600E+000,-4.1695781E-002
9.6824600E+000,-4.5797938E-002
9.6839600E+000,-4.9900095E-002
9.6854600E+000,-5.2979451E-002
9.6869600E+000,-5.3746386E-002
9.6884600E+000,-5.4513321E-002
9.6899600E+000,-5.5280256E-002
9.6914600E+000,-5.2987234E-002
9.6929600E+000,-5.0610377E-002
9.6944600E+000,-4.8233520E-002
9.6959600E+000,-4.4438094E-002
9.6974600E+000,-3.9844722E-002
9.6989600E+000,-3.5251350E-002
9.7004600E+000,-3.0342481E-002
9.7019600E+000,-2.4720314E-002
9.7034600E+000,-1.9098147E-002
9.7049600E+000,-1.3475980E-002
9.7064600E+000,-7.7672111E-003
9.7079600E+000,-2.0560693E-003
9.7094600E+000,3.6550725E-003
9.7109600E+000,9.1834170E-003
9.7124600E+000,1.4608938E-002
9.7139600E+000,2.0034459E-002
9.7154600E+000,2.5434439E-002
9.7169600E+000,3.0776677E-002
9.7184600E+000,3.6118914E-002
9.7199600E+000,4.1461152E-002
9.7214600E+000,4.7234461E-002
9.7229600E+000,5.3019580E-002
9.7244600E+000,5.8804699E-002
9.7259600E+000,6.5186017E-002
9.7274600E+000,7.1902697E-002
9.7289600E+000,7.8619376E-002
9.7304600E+000,8.5669349E-002
9.7319600E+000,9.3472854E-002
9.7334600E+000,1.0127636E-001
9.7349600E+000,1.0907987E-001
9.7364600E+000,1.1763831E-001
9.7379600E+000,1.2621743E-001
9.7394600E+000,1.3479655E-001
9.7409600E+000,1.4339011E-001
9.7424600E+000,1.5199178E-001
9.7439600E+000,1.6059345E-001
9.7454600E+000,1.6887368E-001
9.7469600E+000,1.7642721E-001
9.7484600E+000,1.8398073E-001
9.7499600E+000,1.9153425E-001
9.7514600E+000,1.9689701E-001
9.7529600E+000,2.0219974E-001
9.7544600E+000,2.0750248E-001
9.7559600E+000,2.1067156E-001
9.7574600E+000,2.1264046E-001
9.7589600E+000,2.1460936E-001
9.7604600E+000,2.1535747E-001
9.7619600E+000,2.1334553E-001
9.7634600E+000,2.1133360E-001
9.7649600E+000,2.0932166E-001
9.7664600E+000,2.0353136E-001
9.7679600E+000,1.9763754E-001
9.7694600E+000,1.9174373E-001
9.7709600E+000,1.8400536E-001
9.7724600E+000,1.7522943E-001
9.7739600E+000,1.6645350E-001
9.7754600E+000,1.5733092E-001
9.7769600E+000,1.4742464E-001
9.7784600E+000,1.3751836E-001
9.7799600E+000,1.2761208E-001
9.7814600E+000,1.1856782E-001
9.7829600E+000,1.0954718E-001
9.7844600E+000,1.0052654E-001
9.7859600E+000,9.3096804E-002
9.7874600E+000,8.6561958E-002
9.7889600E+000,8.0027112E-002
9.7904600E+000,7.4438861E-002
9.7919600E+000,7.0990742E-002
9.7934600E+000,6.7542623E-002
9.7949600E+000,6.4094504E-002
9.7964600E+000,6.3068755E-002
9.7979600E+000,6.2109373E-002
9.7994600E+000,6.1149991E-002
9.8009600E+000,6.0825442E-002
9.8024600E+000,6.0857987E-002
9.8039600E+000,6.0890532E-002
9.8054600E+000,6.0696519E-002
9.8069600E+000,5.9990284E-002
9.8084600E+000,5.9284050E-002
9.8099600E+000,5.8577816E-002
9.8114600E+000,5.5933271E-002
9.8129600E+000,5.3235622E-002
9.8144600E+000,5.0537973E-002
9.8159600E+000,4.6347395E-002
9.8174600E+000,4.1317043E-002
9.8189600E+000,3.6286692E-002
9.8204600E+000,3.0713231E-002
9.8219600E+000,2.3911869E-002
9.8234600E+000,1.7110507E-002
9.8249600E+000,1.0309146E-002
9.8264600E+000,2.8373373E-003
9.8279600E+000,-4.6528395E-003
9.8294600E+000,-1.2143016E-002
9.8309600E+000,-1.9381859E-002
9.8324600E+000,-2.6479326E-002
9.8339600E+000,-3.3576793E-002
9.8354600E+000,-4.0344466E-002
9.8369600E+000,-4.6366515E-002
9.8384600E+000,-5.2388563E-002
9.8399600E+000,-5.8410612E-002
9.8414600E+000,-6.3225187E-002
9.8429600E+000,-6.8006680E-002
9.8444600E+000,-7.2788174E-002
9.8459600E+000,-7.6902276E-002
9.8474600E+000,-8.0640971E-002
9.8489600E+000,-8.4379666E-002
9.8504600E+000,-8.7882260E-002
9.8519600E+000,-9.0851063E-002
9.8534600E+000,-9.3819865E-002
9.8549600E+000,-9.6788668E-002
9.8564600E+000,-9.9121642E-002
9.8579600E+000,-1.0143720E-001
9.8594600E+000,-1.0375275E-001
9.8609600E+000,-1.0559915E-001
9.8624600E+000,-1.0718166E-001
9.8639600E+000,-1.0876417E-001
9.8654600E+000,-1.1008531E-001
9.8669600E+000,-1.1081554E-001
9.8684600E+000,-1.1154577E-001
9.8699600E+000,-1.1227600E-001
9.8714600E+000,-1.1224775E-001
9.8729600E+000,-1.1219873E-001
9.8744600E+000,-1.1214971E-001
9.8759600E+000,-1.1185927E-001
9.8774600E+000,-1.1143304E-001
9.8789600E+000,-1.1100681E-001
9.8804600E+000,-1.1066908E-001
9.8819600E+000,-1.1053146E-001
9.8834600E+000,-1.1039383E-001
9.8849600E+000,-1.1025620E-001
9.8864600E+000,-1.1106084E-001
9.8879600E+000,-1.1189129E-001
9.8894600E+000,-1.1272175E-001
9.8909600E+000,-1.1441581E-001
9.8924600E+000,-1.1659565E-001
9.8939600E+000,-1.1877548E-001
9.8954600E+000,-1.2132770E-001
9.8969600E+000,-1.2472181E-001
9.8984600E+000,-1.2811593E-001
9.8999600E+000,-1.3151004E-001
9.9014600E+000,-1.3543598E-001
9.9029600E+000,-1.3937650E-001
9.9044600E+000,-1.4331701E-001
9.9059600E+000,-1.4696548E-001
9.9074600E+000,-1.5044968E-001
9.9089600E+000,-1.5393387E-001
9.9104600E+000,-1.5696824E-001
9.9119600E+000,-1.5898563E-001
9.9134600E+000,-1.6100301E-001
9.9149600E+000,-1.6302039E-001
9.9164600E+000,-1.6292935E-001
9.9179600E+000,-1.6278054E-001
9.9194600E+000,-1.6263173E-001
9.9209600E+000,-1.6097058E-001
9.9224600E+000,-1.5845873E-001
9.9239600E+000,-1.5594689E-001
9.9254600E+000,-1.5280981E-001
9.9269600E+000,-1.4825916E-001
9.9284600E+000,-1.4370850E-001
9.9299600E+000,-1.3915785E-001
9.9314600E+000,-1.3333035E-001
9.9329600E+000,-1.2746787E-001
9.9344600E+000,-1.2160538E-001
9.9359600E+000,-1.1551240E-001
9.9374600E+000,-1.0928976E-001
9.9389600E+000,-1.0306712E-001
9.9404600E+000,-9.7041364E-002
9.9419600E+000,-9.1460732E-002
9.9434600E+000,-8.5880100E-002
9.9449600E+000,-8.0299468E-002
9.9464600E+000,-7.6222770E-002
9.9479600E+000,-7.2187277E-002
9.9494600E+000,-6.8151783E-002
9.9509600E+000,-6.5533666E-002
9.9524600E+000,-6.3712824E-002
9.9539600E+000,-6.1891982E-002
9.9554600E+000,-6.0846284E-002
9.9569600E+000,-6.1553090E-002
9.9584600E+000,-6.2259895E-002
9.9599600E+000,-6.2966700E-002
9.9614600E+000,-6.6010018E-002
9.9629600E+000,-6.9117350E-002
9.9644600E+000,-7.2224682E-002
9.9659600E+000,-7.6504988E-002
9.9674600E+000,-8.1445092E-002
9.9689600E+000,-8.6385196E-002
9.9704600E+000,-9.1608815E-002
9.9719600E+000,-9.7473427E-002
9.9734600E+000,-1.0333804E-001
9.9749600E+000,-1.0920265E-001
9.9764600E+000,-1.1491365E-001
9.9779600E+000,-1.2062044E-001
9.9794600E+000,-1.2632723E-001
9.9809600E+000,-1.3123729E-001
9.9824600E+000,-1.3569918E-001
9.9839600E+000,-1.4016106E-001
9.9854600E+000,-1.4394645E-001
9.9869600E+000,-1.4620235E-001
9.9884600E+000,-1.4845825E-001
9.9899600E+000,-1.5071415E-001
9.9914600E+000,-1.5010641E-001
9.9929600E+000,-1.4942020E-001
9.9944600E+000,-1.4873400E-001
9.9959600E+000,-1.4589863E-001
9.9974600E+000,-1.4185436E-001
9.9989600E+000,-1.3781008E-001
1.0000460E+001,-1.3273499E-001
1.0001960E+001,-1.2532936E-001
1.0003460E+001,-1.1792373E-001
1.0004960E+001,-1.1051809E-001
1.0006460E+001,-1.0028606E-001
1.0007960E+001,-8.9976596E-002
1.0009460E+001,-7.9667129E-002
1.0010960E+001,-6.8058182E-002
1.0012460E+001,-5.5718279E-002
1.0013960E+001,-4.3378375E-002
1.0015460E+001,-3.0767374E-002
1.0016960E+001,-1.7543457E-002
1.0018460E+001,-4.3195392E-003
1.0019960E+001,8.9043783E-003
1.0021460E+001,2.1793380E-002
1.0022960E+001,3.4673207E-002
1.0024460E+001,4.7553033E-002
1.0025960E+001,5.9488711E-002
1.0027460E+001,7.0893307E-002
1.0028960E+001,8.2297902E-002
1.0030460E+001,9.2976609E-002
1.0031960E+001,1.0201417E-001
1.0033460E+001,1.1105174E-001
1.0034960E+001,1.2008931E-001
1.0036460E+001,1.2630373E-001
1.0037960E+001,1.3244081E-001
1.0039460E+001,1.3857789E-001
1.0040960E+001,1.4280810E-001
1.0042460E+001,1.4596568E-001
1.0043960E+001,1.4912327E-001
1.0045460E+001,1.5149109E-001
1.0046960E+001,1.5207334E-001
1.0048460E+001,1.5265558E-001
1.0049960E+001,1.5323783E-001
1.0051460E+001,1.5208159E-001
1.0052960E+001,1.5087772E-001
1.0054460E+001,1.4967385E-001
1.0055960E+001,1.4792920E-001
1.0057460E+001,1.4588036E-001
1.0058960E+001,1.4383152E-001
1.0060460E+001,1.4176926E-001
1.0061960E+001,1.3967666E-001
1.0063460E+001,1.3758406E-001
1.0064960E+001,1.3549146E-001
1.0066460E+001,1.3378445E-001
1.0067960E+001,1.3208801E-001
1.0069460E+001,1.3039156E-001
1.0070960E+001,1.2897183E-001
1.0072460E+001,1.2770775E-001
1.0073960E+001,1.2644368E-001
1.0075460E+001,1.2524734E-001
1.0076960E+001,1.2420416E-001
1.0078460E+001,1.2316097E-001
1.0079960E+001,1.2211779E-001
1.0081460E+001,1.2110043E-001
1.0082960E+001,1.2008379E-001
1.0084460E+001,1.1906714E-001
1.0085960E+001,1.1809557E-001
1.0087460E+001,1.1714935E-001
1.0088960E+001,1.1620313E-001
1.0090460E+001,1.1538076E-001
1.0091960E+001,1.1483839E-001
1.0093460E+001,1.1429602E-001
1.0094960E+001,1.1375365E-001
1.0096460E+001,1.1406989E-001
1.0097960E+001,1.1440965E-001
1.0099460E+001,1.1474942E-001
1.0100960E+001,1.1588843E-001
1.0102460E+001,1.1747702E-001
1.0103960E+001,1.1906562E-001
1.0105460E+001,1.2104569E-001
1.0106960E+001,1.2391085E-001
1.0108460E+001,1.2677601E-001
1.0109960E+001,1.2964117E-001
1.0111460E+001,1.3336717E-001
1.0112960E+001,1.3711676E-001
1.0114460E+001,1.4086636E-001
1.0115960E+001,1.4472390E-001
1.0117460E+001,1.4864217E-001
1.0118960E+001,1.5256044E-001
1.0120460E+001,1.5627481E-001
1.0121960E+001,1.5952820E-001
1.0123460E+001,1.6278158E-001
1.0124960E+001,1.6603496E-001
1.0126460E+001,1.6790921E-001
1.0127960E+001,1.6974567E-001
1.0129460E+001,1.7158213E-001
1.0130960E+001,1.7215179E-001
1.0132460E+001,1.7200888E-001
1.0133960E+001,1.7186596E-001
1.0135460E+001,1.7100536E-001
1.0136960E+001,1.6852216E-001
1.0138460E+001,1.6603897E-001
1.0139960E+001,1.6355578E-001
1.0141460E+001,1.5861543E-001
1.0142960E+001,1.5360777E-001
1.0144460E+001,1.4860010E-001
1.0145960E+001,1.4197413E-001
1.0147460E+001,1.3443786E-001
1.0148960E+001,1.2690159E-001
1.0150460E+001,1.1866036E-001
1.0151960E+001,1.0882533E-001
1.0153460E+001,9.8990298E-002
1.0154960E+001,8.9155265E-002
1.0156460E+001,7.7606928E-002
1.0157960E+001,6.6011650E-002
1.0159460E+001,5.4416373E-002
1.0160960E+001,4.2260494E-002
1.0162460E+001,2.9789278E-002
1.0163960E+001,1.7318061E-002
1.0165460E+001,4.9387945E-003
1.0166960E+001,-7.2325854E-003
1.0168460E+001,-1.9403965E-002
1.0169960E+001,-3.1575345E-002
1.0171460E+001,-4.2191892E-002
1.0172960E+001,-5.2765841E-002
1.0174460E+001,-6.3339789E-002
1.0175960E+001,-7.2151990E-002
1.0177460E+001,-7.9973208E-002
1.0178960E+001,-8.7794426E-002
1.0180460E+001,-9.4548791E-002
1.0181960E+001,-9.8891138E-002
1.0183460E+001,-1.0323349E-001
1.0184960E+001,-1.0757583E-001
1.0186460E+001,-1.0843573E-001
1.0187960E+001,-1.0920021E-001
1.0189460E+001,-1.0996470E-001
1.0190960E+001,-1.0877906E-001
1.0192460E+001,-1.0649648E-001
1.0193960E+001,-1.0421391E-001
1.0195460E+001,-1.0128495E-001
1.0196960E+001,-9.6894599E-002
1.0198460E+001,-9.2504251E-002
1.0199960E+001,-8.8113903E-002
1.0201460E+001,-8.2643858E-002
1.0202960E+001,-7.7144232E-002
1.0204460E+001,-7.1644607E-002
1.0205960E+001,-6.5923013E-002
1.0207460E+001,-6.0076562E-002
1.0208960E+001,-5.4230111E-002
1.0210460E+001,-4.8411389E-002
1.0211960E+001,-4.2655357E-002
1.0213460E+001,-3.6899325E-002
1.0214960E+001,-3.1143293E-002
1.0216460E+001,-2.5713667E-002
1.0217960E+001,-2.0292983E-002
1.0219460E+001,-1.4872300E-002
1.0220960E+001,-9.8445797E-003
1.0222460E+001,-5.0379015E-003
1.0223960E+001,-2.3122338E-004
1.0225460E+001,4.2481945E-003
1.0226960E+001,7.9877189E-003
1.0228460E+001,1.1727243E-002
1.0229960E+001,1.5466768E-002
1.0231460E+001,1.7602565E-002
1.0232960E+001,1.9694424E-002
1.0234460E+001,2.1786282E-002
1.0235960E+001,2.2496921E-002
1.0237460E+001,2.2430623E-002
1.0238960E+001,2.2364326E-002
1.0240460E+001,2.1564729E-002
1.0241960E+001,1.9107241E-002
1.0243460E+001,1.6649752E-002
1.0244960E+001,1.4192263E-002
1.0246460E+001,9.5289762E-003
1.0247960E+001,4.8052557E-003
1.0249460E+001,8.1535337E-005
1.0250960E+001,-5.8382583E-003
1.0252460E+001,-1.2430844E-002
1.0253960E+001,-1.9023429E-002
1.0255460E+001,-2.6037124E-002
1.0256960E+001,-3.4002896E-002
1.0258460E+001,-4.1968667E-002
1.0259960E+001,-4.9934438E-002
1.0261460E+001,-5.8784905E-002
1.0262960E+001,-6.7659611E-002
1.0264460E+001,-7.6534317E-002
1.0265960E+001,-8.5708872E-002
1.0267460E+001,-9.5052092E-002
1.0268960E+001,-1.0439531E-001
1.0270460E+001,-1.1371419E-001
1.0271960E+001,-1.2297804E-001
1.0273460E+001,-1.3224189E-001
1.0274960E+001,-1.4150574E-001
1.0276460E+001,-1.4991876E-001
1.0277960E+001,-1.5830847E-001
1.0279460E+001,-1.6669818E-001
1.0280960E+001,-1.7385674E-001
1.0282460E+001,-1.8032276E-001
1.0283960E+001,-1.8678879E-001
1.0285460E+001,-1.9232185E-001
1.0286960E+001,-1.9574561E-001
1.0288460E+001,-1.9916936E-001
1.0289960E+001,-2.0259312E-001
1.0291460E+001,-2.0220615E-001
1.0292960E+001,-2.0171477E-001
1.0294460E+001,-2.0122340E-001
1.0295960E+001,-1.9801432E-001
1.0297460E+001,-1.9327654E-001
1.0298960E+001,-1.8853876E-001
1.0300460E+001,-1.8260753E-001
1.0301960E+001,-1.7397805E-001
1.0303460E+001,-1.6534858E-001
1.0304960E+001,-1.5671910E-001
1.0306460E+001,-1.4526386E-001
1.0307960E+001,-1.3373119E-001
1.0309460E+001,-1.2219853E-001
1.0310960E+001,-1.0971503E-001
1.0312460E+001,-9.6696680E-002
1.0313960E+001,-8.3678332E-002
1.0315460E+001,-7.0686864E-002
1.0316960E+001,-5.7756168E-002
1.0318460E+001,-4.4825473E-002
1.0319960E+001,-3.1894777E-002
1.0321460E+001,-2.0474219E-002
1.0322960E+001,-9.0950347E-003
1.0324460E+001,2.2841498E-003
1.0325960E+001,1.1938229E-002
1.0327460E+001,2.0621936E-002
1.0328960E+001,2.9305642E-002
1.0330460E+001,3.6951137E-002
1.0331960E+001,4.2249370E-002
1.0333460E+001,4.7547602E-002
1.0334960E+001,5.2845834E-002
1.0336460E+001,5.4669644E-002
1.0337960E+001,5.6398264E-002
1.0339460E+001,5.8126885E-002
1.0340960E+001,5.7761856E-002
1.0342460E+001,5.6219151E-002
1.0343960E+001,5.4676445E-002
1.0345460E+001,5.2346801E-002
1.0346960E+001,4.8237992E-002
1.0348460E+001,4.4129184E-002
1.0349960E+001,4.0020375E-002
1.0351460E+001,3.4405068E-002
1.0352960E+001,2.8748487E-002
1.0354460E+001,2.3091906E-002
1.0355960E+001,1.7236135E-002
1.0357460E+001,1.1268321E-002
1.0358960E+001,5.3005060E-003
1.0360460E+001,-3.5388133E-004
1.0361960E+001,-5.2996496E-003
1.0363460E+001,-1.0245418E-002
1.0364960E+001,-1.5191186E-002
1.0366460E+001,-1.7943641E-002
1.0367960E+001,-2.0636005E-002
1.0369460E+001,-2.3328370E-002
1.0370960E+001,-2.4036654E-002
1.0372460E+001,-2.3628893E-002
1.0373960E+001,-2.3221132E-002
1.0375460E+001,-2.1805078E-002
1.0376960E+001,-1.8109403E-002
1.0378460E+001,-1.4413729E-002
1.0379960E+001,-1.0718054E-002
1.0381460E+001,-4.3869560E-003
1.0382960E+001,2.0163457E-003
1.0384460E+001,8.4196474E-003
1.0385960E+001,1.5795805E-002
1.0387460E+001,2.3719195E-002
1.0388960E+001,3.1642585E-002
1.0390460E+001,3.9601032E-002
1.0391960E+001,4.7638739E-002
1.0393460E+001,5.5676446E-002
1.0394960E+001,6.3714153E-002
1.0396460E+001,7.0713646E-002
1.0397960E+001,7.7684694E-002
1.0399460E+001,8.4655743E-002
1.0400960E+001,9.0522536E-002
1.0402460E+001,9.5768186E-002
1.0403960E+001,1.0101384E-001
1.0405460E+001,1.0570084E-001
1.0406960E+001,1.0912481E-001
1.0408460E+001,1.1254877E-001
1.0409960E+001,1.1597274E-001
1.0411460E+001,1.1789147E-001
1.0412960E+001,1.1976896E-001
1.0414460E+001,1.2164644E-001
1.0415960E+001,1.2276342E-001
1.0417460E+001,1.2345260E-001
1.0418960E+001,1.2414179E-001
1.0420460E+001,1.2453161E-001
1.0421960E+001,1.2424464E-001
1.0423460E+001,1.2395767E-001
1.0424960E+001,1.2367069E-001
1.0426460E+001,1.2242404E-001
1.0427960E+001,1.2115109E-001
1.0429460E+001,1.1987814E-001
1.0430960E+001,1.1787013E-001
1.0432460E+001,1.1544865E-001
1.0433960E+001,1.1302717E-001
1.0435460E+001,1.1019751E-001
1.0436960E+001,1.0644501E-001
1.0438460E+001,1.0269250E-001
1.0439960E+001,9.8939997E-002
1.0441460E+001,9.3797189E-002
1.0442960E+001,8.8616290E-002
1.0444460E+001,8.3435391E-002
1.0445960E+001,7.7353447E-002
1.0447460E+001,7.0764665E-002
1.0448960E+001,6.4175882E-002
1.0450460E+001,5.7192509E-002
1.0451960E+001,4.9317017E-002
1.0453460E+001,4.1441524E-002
1.0454960E+001,3.3566031E-002
1.0456460E+001,2.4650430E-002
1.0457960E+001,1.5706332E-002
1.0459460E+001,6.7622348E-003
1.0460960E+001,-2.6278506E-003
1.0462460E+001,-1.2268804E-002
1.0463960E+001,-2.1909758E-002
1.0465460E+001,-3.1573129E-002
1.0466960E+001,-4.1287182E-002
1.0468460E+001,-5.1001234E-002
1.0469960E+001,-6.0715287E-002
1.0471460E+001,-6.9593353E-002
1.0472960E+001,-7.8448514E-002
1.0474460E+001,-8.7303676E-002
1.0475960E+001,-9.4867741E-002
1.0477460E+001,-1.0170556E-001
1.0478960E+001,-1.0854339E-001
1.0480460E+001,-1.1441767E-001
1.0481960E+001,-1.1811352E-001
1.0483460E+001,-1.2180937E-001
1.0484960E+001,-1.2550521E-001
1.0486460E+001,-1.2545293E-001
1.0487960E+001,-1.2529797E-001
1.0489460E+001,-1.2514300E-001
1.0490960E+001,-1.2256155E-001
1.0492460E+001,-1.1861522E-001
1.0493960E+001,-1.1466888E-001
1.0495460E+001,-1.0985390E-001
1.0496960E+001,-1.0307502E-001
1.0498460E+001,-9.6296144E-002
1.0499960E+001,-8.9517268E-002
1.0501460E+001,-8.1570580E-002
1.0502960E+001,-7.3591897E-002
1.0504460E+001,-6.5613214E-002
1.0505960E+001,-5.7985741E-002
1.0507460E+001,-5.0555825E-002
1.0508960E+001,-4.3125908E-002
1.0510460E+001,-3.6230353E-002
1.0511960E+001,-3.0542922E-002
1.0513460E+001,-2.4855491E-002
1.0514960E+001,-1.9168060E-002
1.0516460E+001,-1.5357839E-002
1.0517960E+001,-1.1599050E-002
1.0519460E+001,-7.8402599E-003
1.0520960E+001,-4.8050152E-003
1.0522460E+001,-2.1767648E-003
1.0523960E+001,4.5148552E-004
1.0525460E+001,3.1220056E-003
1.0526960E+001,5.8880922E-003
1.0528460E+001,8.6541787E-003
1.0529960E+001,1.1420265E-002
1.0531460E+001,1.5290084E-002
1.0532960E+001,1.9190143E-002
1.0534460E+001,2.3090201E-002
1.0535960E+001,2.7811843E-002
1.0537460E+001,3.2995625E-002
1.0538960E+001,3.8179406E-002
1.0540460E+001,4.3510871E-002
1.0541960E+001,4.9176227E-002
1.0543460E+001,5.4841584E-002
1.0544960E+001,6.0506940E-002
1.0546460E+001,6.5320148E-002
1.0547960E+001,7.0110008E-002
1.0549460E+001,7.4899869E-002
1.0550960E+001,7.8330393E-002
1.0552460E+001,8.0996289E-002
1.0553960E+001,8.3662185E-002
1.0555460E+001,8.5503288E-002
1.0556960E+001,8.5479641E-002
1.0558460E+001,8.5455994E-002
1.0559960E+001,8.5432347E-002
1.0561460E+001,8.3106472E-002
1.0562960E+001,8.0717522E-002
1.0564460E+001,7.8328572E-002
1.0565960E+001,7.5056956E-002
1.0567460E+001,7.1288840E-002
1.0568960E+001,6.7520724E-002
1.0570460E+001,6.3680393E-002
1.0571960E+001,5.9676793E-002
1.0573460E+001,5.5673194E-002
1.0574960E+001,5.1669594E-002
1.0576460E+001,4.8225909E-002
1.0577960E+001,4.4797563E-002
1.0579460E+001,4.1369218E-002
1.0580960E+001,3.8479677E-002
1.0582460E+001,3.5893214E-002
1.0583960E+001,3.3306751E-002
1.0585460E+001,3.0943006E-002
1.0586960E+001,2.9082797E-002
1.0588460E+001,2.7222589E-002
1.0589960E+001,2.5362380E-002
1.0591460E+001,2.4113837E-002
1.0592960E+001,2.2882052E-002
1.0594460E+001,2.1650267E-002
1.0595960E+001,2.0995615E-002
1.0597460E+001,2.0665600E-002
1.0598960E+001,2.0335585E-002
1.0600460E+001,2.0494914E-002
1.0601960E+001,2.1760586E-002
1.0603460E+001,2.3026258E-002
1.0604960E+001,2.4291931E-002
1.0606460E+001,2.7886103E-002
1.0607960E+001,3.1544071E-002
1.0609460E+001,3.5202039E-002
1.0610960E+001,4.0638736E-002
1.0612460E+001,4.7075969E-002
1.0613960E+001,5.3513202E-002
1.0615460E+001,6.0670346E-002
1.0616960E+001,6.9455115E-002
1.0618460E+001,7.8239884E-002
1.0619960E+001,8.7024653E-002
1.0621460E+001,9.6811823E-002
1.0622960E+001,1.0662646E-001
1.0624460E+001,1.1644109E-001
1.0625960E+001,1.2571022E-001
1.0627460E+001,1.3467249E-001
1.0628960E+001,1.4363477E-001
1.0630460E+001,1.5175620E-001
1.0631960E+001,1.5797658E-001
1.0633460E+001,1.6419696E-001
1.0634960E+001,1.7041733E-001
1.0636460E+001,1.7264698E-001
1.0637960E+001,1.7476730E-001
1.0639460E+001,1.7688762E-001
1.0640960E+001,1.7604458E-001
1.0642460E+001,1.7353467E-001
1.0643960E+001,1.7102475E-001
1.0645460E+001,1.6717489E-001
1.0646960E+001,1.6029559E-001
1.0648460E+001,1.5341629E-001
1.0649960E+001,1.4653699E-001
1.0651460E+001,1.3614190E-001
1.0652960E+001,1.2565048E-001
1.0654460E+001,1.1515907E-001
1.0655960E+001,1.0293222E-001
1.0657460E+001,8.9729191E-002
1.0658960E+001,7.6526160E-002
1.0660460E+001,6.2749706E-002
1.0661960E+001,4.7676820E-002
1.0663460E+001,3.2603933E-002
1.0664960E+001,1.7531046E-002
1.0666460E+001,1.4389459E-003
1.0667960E+001,-1.4681078E-002
1.0669460E+001,-3.0801102E-002
1.0670960E+001,-4.6955145E-002
1.0672460E+001,-6.3128324E-002
1.0673960E+001,-7.9301502E-002
1.0675460E+001,-9.5093890E-002
1.0676960E+001,-1.1002536E-001
1.0678460E+001,-1.2495683E-001
1.0679960E+001,-1.3988830E-001
1.0681460E+001,-1.5216407E-001
1.0682960E+001,-1.6436709E-001
1.0684460E+001,-1.7657010E-001
1.0685960E+001,-1.8618113E-001
1.0687460E+001,-1.9433417E-001
1.0688960E+001,-2.0248721E-001
1.0690460E+001,-2.0917585E-001
1.0691960E+001,-2.1255369E-001
1.0693460E+001,-2.1593153E-001
1.0694960E+001,-2.1930936E-001
1.0696460E+001,-2.1816887E-001
1.0697960E+001,-2.1690459E-001
1.0699460E+001,-2.1564030E-001
1.0700960E+001,-2.1200040E-001
1.0702460E+001,-2.0702421E-001
1.0703960E+001,-2.0204802E-001
1.0705460E+001,-1.9635318E-001
1.0706960E+001,-1.8903357E-001
1.0708460E+001,-1.8171397E-001
1.0709960E+001,-1.7439436E-001
1.0711460E+001,-1.6608650E-001
1.0712960E+001,-1.5775156E-001
1.0714460E+001,-1.4941663E-001
1.0715960E+001,-1.4101332E-001
1.0717460E+001,-1.3257155E-001
1.0718960E+001,-1.2412977E-001
1.0720460E+001,-1.1576449E-001
1.0721960E+001,-1.0757216E-001
1.0723460E+001,-9.9379821E-002
1.0724960E+001,-9.1187484E-002
1.0726460E+001,-8.3176774E-002
1.0727960E+001,-7.5171040E-002
1.0729460E+001,-6.7165306E-002
1.0730960E+001,-5.9165199E-002
1.0732460E+001,-5.1168257E-002
1.0733960E+001,-4.3171314E-002
1.0735460E+001,-3.5186851E-002
1.0736960E+001,-2.7230602E-002
1.0738460E+001,-1.9274352E-002
1.0739960E+001,-1.1318103E-002
1.0741460E+001,-3.8369267E-003
1.0742960E+001,3.6312337E-003
1.0744460E+001,1.1099394E-002
1.0745960E+001,1.7698224E-002
1.0747460E+001,2.3808055E-002
1.0748960E+001,2.9917886E-002
1.0750460E+001,3.5273648E-002
1.0751960E+001,3.8924556E-002
1.0753460E+001,4.2575463E-002
1.0754960E+001,4.6226371E-002
1.0756460E+001,4.6505404E-002
1.0757960E+001,4.6692057E-002
1.0759460E+001,4.6878710E-002
1.0760960E+001,4.4489412E-002
1.0762460E+001,4.0651141E-002
1.0763960E+001,3.6812870E-002
1.0765460E+001,3.1782163E-002
1.0766960E+001,2.4055513E-002
1.0768460E+001,1.6328864E-002
1.0769960E+001,8.6022137E-003
1.0771460E+001,-2.0394603E-003
1.0772960E+001,-1.2760998E-002
1.0774460E+001,-2.3482537E-002
1.0775960E+001,-3.5172002E-002
1.0777460E+001,-4.7405928E-002
1.0778960E+001,-5.9639853E-002
1.0780460E+001,-7.1808963E-002
1.0781960E+001,-8.3831534E-002
1.0783460E+001,-9.5854105E-002
1.0784960E+001,-1.0787668E-001
1.0786460E+001,-1.1817755E-001
1.0787960E+001,-1.2843126E-001
1.0789460E+001,-1.3868496E-001
1.0790960E+001,-1.4712073E-001
1.0792460E+001,-1.5453390E-001
1.0793960E+001,-1.6194707E-001
1.0795460E+001,-1.6834641E-001
1.0796960E+001,-1.7245361E-001
1.0798460E+001,-1.7656081E-001
1.0799960E+001,-1.8066801E-001
1.0801460E+001,-1.8159649E-001
1.0802960E+001,-1.8243787E-001
1.0804460E+001,-1.8327925E-001
1.0805960E+001,-1.8222513E-001
1.0807460E+001,-1.8010478E-001
1.0808960E+001,-1.7798444E-001
1.0810460E+001,-1.7505591E-001
1.0811960E+001,-1.7030019E-001
1.0813460E+001,-1.6554448E-001
1.0814960E+001,-1.6078876E-001
1.0816460E+001,-1.5369476E-001
1.0817960E+001,-1.4653669E-001
1.0819460E+001,-1.3937862E-001
1.0820960E+001,-1.3080745E-001
1.0822460E+001,-1.2144141E-001
1.0823960E+001,-1.1207536E-001
1.0825460E+001,-1.0213206E-001
1.0826960E+001,-9.0883638E-002
1.0828460E+001,-7.9635219E-002
1.0829960E+001,-6.8386800E-002
1.0831460E+001,-5.5918346E-002
1.0832960E+001,-4.3416467E-002
1.0834460E+001,-3.0914588E-002
1.0835960E+001,-1.8252483E-002
1.0837460E+001,-5.5002511E-003
1.0838960E+001,7.2519806E-003
1.0840460E+001,1.9683040E-002
1.0841960E+001,3.1387969E-002
1.0843460E+001,4.3092898E-002
1.0844960E+001,5.4797827E-002
1.0846460E+001,6.4151016E-002
1.0847960E+001,7.3439773E-002
1.0849460E+001,8.2728530E-002
1.0850960E+001,8.9753366E-002
1.0852460E+001,9.5504746E-002
1.0853960E+001,1.0125613E-001
1.0855460E+001,1.0575548E-001
1.0856960E+001,1.0742417E-001
1.0858460E+001,1.0909285E-001
1.0859960E+001,1.1076154E-001
1.0861460E+001,1.0869897E-001
1.0862960E+001,1.0653417E-001
1.0864460E+001,1.0436937E-001
1.0865960E+001,1.0041839E-001
1.0867460E+001,9.5462695E-002
1.0868960E+001,9.0506997E-002
1.0870460E+001,8.5181160E-002
1.0871960E+001,7.9018489E-002
1.0873460E+001,7.2855818E-002
1.0874960E+001,6.6693147E-002
1.0876460E+001,6.1018618E-002
1.0877960E+001,5.5357463E-002
1.0879460E+001,4.9696308E-002
1.0880960E+001,4.5262265E-002
1.0882460E+001,4.1518473E-002
1.0883960E+001,3.7774681E-002
1.0885460E+001,3.4881510E-002
1.0886960E+001,3.3911483E-002
1.0888460E+001,3.2941455E-002
1.0889960E+001,3.1971428E-002
1.0891460E+001,3.3937912E-002
1.0892960E+001,3.5984848E-002
1.0894460E+001,3.8031785E-002
1.0895960E+001,4.1849471E-002
1.0897460E+001,4.6663203E-002
1.0898960E+001,5.1476935E-002
1.0900460E+001,5.6970334E-002
1.0901960E+001,6.4000371E-002
1.0903460E+001,7.1030408E-002
1.0904960E+001,7.8060445E-002
1.0906460E+001,8.6582681E-002
1.0907960E+001,9.5145798E-002
1.0909460E+001,1.0370892E-001
1.0910960E+001,1.1279002E-001
1.0912460E+001,1.2216249E-001
1.0913960E+001,1.3153495E-001
1.0915460E+001,1.4092871E-001
1.0916960E+001,1.5037059E-001
1.0918460E+001,1.5981248E-001
1.0919960E+001,1.6925436E-001
1.0921460E+001,1.7802385E-001
1.0922960E+001,1.8677491E-001
1.0924460E+001,1.9552597E-001
1.0925960E+001,2.0334050E-001
1.0927460E+001,2.1062823E-001
1.0928960E+001,2.1791596E-001
1.0930460E+001,2.2452859E-001
1.0931960E+001,2.2961489E-001
1.0933460E+001,2.3470119E-001
1.0934960E+001,2.3978748E-001
1.0936460E+001,2.4213913E-001
1.0937960E+001,2.4441585E-001
1.0939460E+001,2.4669258E-001
1.0940960E+001,2.4695028E-001
1.0942460E+001,2.4607229E-001
1.0943960E+001,2.4519429E-001
1.0945460E+001,2.4336327E-001
1.0946960E+001,2.3937759E-001
1.0948460E+001,2.3539191E-001
1.0949960E+001,2.3140623E-001
1.0951460E+001,2.2488220E-001
1.0952960E+001,2.1828863E-001
1.0954460E+001,2.1169506E-001
1.0955960E+001,2.0400057E-001
1.0957460E+001,1.9568681E-001
1.0958960E+001,1.8737306E-001
1.0960460E+001,1.7886169E-001
1.0961960E+001,1.6990354E-001
1.0963460E+001,1.6094539E-001
1.0964960E+001,1.5198724E-001
1.0966460E+001,1.4336089E-001
1.0967960E+001,1.3474364E-001
1.0969460E+001,1.2612639E-001
1.0970960E+001,1.1813729E-001
1.0972460E+001,1.1050152E-001
1.0973960E+001,1.0286576E-001
1.0975460E+001,9.5582301E-002
1.0976960E+001,8.9095371E-002
1.0978460E+001,8.2608441E-002
1.0979960E+001,7.6121511E-002
1.0981460E+001,7.0500332E-002
1.0982960E+001,6.4902873E-002
1.0984460E+001,5.9305413E-002
1.0985960E+001,5.3963249E-002
1.0987460E+001,4.8764687E-002
1.0988960E+001,4.3566126E-002
1.0990460E+001,3.8348099E-002
1.0991960E+001,3.3086063E-002
1.0993460E+001,2.7824027E-002
1.0994960E+001,2.2561991E-002
1.0996460E+001,1.7029996E-002
1.0997960E+001,1.1490604E-002
1.0999460E+001,5.9512127E-003
1.1000960E+001,3.2126571E-004
1.1002460E+001,-5.3596189E-003
1.1003960E+001,-1.1040503E-002
1.1005460E+001,-1.6631201E-002
1.1006960E+001,-2.2017997E-002
1.1008460E+001,-2.7404793E-002
1.1009960E+001,-3.2791589E-002
1.1011460E+001,-3.7351397E-002
1.1012960E+001,-4.1888548E-002
1.1014460E+001,-4.6425698E-002
1.1015960E+001,-5.0141803E-002
1.1017460E+001,-5.3396071E-002
1.1018960E+001,-5.6650338E-002
1.1020460E+001,-5.9480703E-002
1.1021960E+001,-6.1352682E-002
1.1023460E+001,-6.3224661E-002
1.1024960E+001,-6.5096640E-002
1.1026460E+001,-6.5939882E-002
1.1027960E+001,-6.6754939E-002
1.1029460E+001,-6.7569996E-002
1.1030960E+001,-6.8137576E-002
1.1032460E+001,-6.8565950E-002
1.1033960E+001,-6.8994324E-002
1.1035460E+001,-6.9544245E-002
1.1036960E+001,-7.0368969E-002
1.1038460E+001,-7.1193693E-002
1.1039960E+001,-7.2018417E-002
1.1041460E+001,-7.3815344E-002
1.1042960E+001,-7.5638907E-002
1.1044460E+001,-7.7462470E-002
1.1045960E+001,-8.0050426E-002
1.1047460E+001,-8.3068352E-002
1.1048960E+001,-8.6086279E-002
1.1050460E+001,-8.9388091E-002
1.1051960E+001,-9.3331729E-002
1.1053460E+001,-9.7275367E-002
1.1054960E+001,-1.0121901E-001
1.1056460E+001,-1.0547932E-001
1.1057960E+001,-1.0974832E-001
1.1059460E+001,-1.1401731E-001
1.1060960E+001,-1.1805842E-001
1.1062460E+001,-1.2197133E-001
1.1063960E+001,-1.2588425E-001
1.1065460E+001,-1.2953041E-001
1.1066960E+001,-1.3257345E-001
1.1068460E+001,-1.3561650E-001
1.1069960E+001,-1.3865954E-001
1.1071460E+001,-1.4065774E-001
1.1072960E+001,-1.4262731E-001
1.1074460E+001,-1.4459687E-001
1.1075960E+001,-1.4594344E-001
1.1077460E+001,-1.4693956E-001
1.1078960E+001,-1.4793568E-001
1.1080460E+001,-1.4871754E-001
1.1081960E+001,-1.4901494E-001
1.1083460E+001,-1.4931235E-001
1.1084960E+001,-1.4960976E-001
1.1086460E+001,-1.4949511E-001
1.1087960E+001,-1.4936918E-001
1.1089460E+001,-1.4924325E-001
1.1090960E+001,-1.4894100E-001
1.1092460E+001,-1.4853959E-001
1.1093960E+001,-1.4813817E-001
1.1095460E+001,-1.4765225E-001
1.1096960E+001,-1.4697527E-001
1.1098460E+001,-1.4629828E-001
1.1099960E+001,-1.4562129E-001
1.1101460E+001,-1.4461650E-001
1.1102960E+001,-1.4360272E-001
1.1104460E+001,-1.4258894E-001
1.1105960E+001,-1.4136383E-001
1.1107460E+001,-1.4001984E-001
1.1108960E+001,-1.3867585E-001
1.1110460E+001,-1.3727723E-001
1.1111960E+001,-1.3575510E-001
1.1113460E+001,-1.3423296E-001
1.1114960E+001,-1.3271083E-001
1.1116460E+001,-1.3127034E-001
1.1117960E+001,-1.2983209E-001
1.1119460E+001,-1.2839383E-001
1.1120960E+001,-1.2716159E-001
1.1122460E+001,-1.2604522E-001
1.1123960E+001,-1.2492885E-001
1.1125460E+001,-1.2393149E-001
1.1126960E+001,-1.2320316E-001
1.1128460E+001,-1.2247484E-001
1.1129960E+001,-1.2174651E-001
1.1131460E+001,-1.2122652E-001
1.1132960E+001,-1.2071223E-001
1.1134460E+001,-1.2019794E-001
1.1135960E+001,-1.1958534E-001
1.1137460E+001,-1.1891743E-001
1.1138960E+001,-1.1824952E-001
1.1140460E+001,-1.1739992E-001
1.1141960E+001,-1.1613958E-001
1.1143460E+001,-1.1487923E-001
1.1144960E+001,-1.1361889E-001
1.1146460E+001,-1.1141195E-001
1.1147960E+001,-1.0917908E-001
1.1149460E+001,-1.0694620E-001
1.1150960E+001,-1.0394602E-001
1.1152460E+001,-1.0051422E-001
1.1153960E+001,-9.7082415E-002
1.1155460E+001,-9.3279141E-002
1.1156960E+001,-8.8636017E-002
1.1158460E+001,-8.3992892E-002
1.1159960E+001,-7.9349767E-002
1.1161460E+001,-7.3761211E-002
1.1162960E+001,-6.8146753E-002
1.1164460E+001,-6.2532294E-002
1.1165960E+001,-5.6614883E-002
1.1167460E+001,-5.0527062E-002
1.1168960E+001,-4.4439241E-002
1.1170460E+001,-3.8419179E-002
1.1171960E+001,-3.2552313E-002
1.1173460E+001,-2.6685447E-002
1.1174960E+001,-2.0818581E-002
1.1176460E+001,-1.5887635E-002
1.1177960E+001,-1.0982332E-002
1.1179460E+001,-6.0770283E-003
1.1180960E+001,-2.1556724E-003
1.1182460E+001,1.2122126E-003
1.1183960E+001,4.5800975E-003
1.1185460E+001,7.4115534E-003
1.1186960E+001,9.0302121E-003
1.1188460E+001,1.0648871E-002
1.1189960E+001,1.2267529E-002
1.1191460E+001,1.2437599E-002
1.1192960E+001,1.2567981E-002
1.1194460E+001,1.2698363E-002
1.1195960E+001,1.2327806E-002
1.1197460E+001,1.1675471E-002
1.1198960E+001,1.1023137E-002
1.1200460E+001,1.0432335E-002
1.1201960E+001,9.9806512E-003
1.1203460E+001,9.5289676E-003
1.1204960E+001,9.0772840E-003
1.1206460E+001,9.7860999E-003
1.1207960E+001,1.0526710E-002
1.1209460E+001,1.1267321E-002
1.1210960E+001,1.3216030E-002
1.1212460E+001,1.5844294E-002
1.1213960E+001,1.8472558E-002
1.1215460E+001,2.1726599E-002
1.1216960E+001,2.6395439E-002
1.1218460E+001,3.1064279E-002
1.1219960E+001,3.5733119E-002
1.1221460E+001,4.1919818E-002
1.1222960E+001,4.8148102E-002
1.1224460E+001,5.4376387E-002
1.1225960E+001,6.0964195E-002
1.1227460E+001,6.7754236E-002
1.1228960E+001,7.4544276E-002
1.1230460E+001,8.1133511E-002
1.1231960E+001,8.7268750E-002
1.1233460E+001,9.3403989E-002
1.1234960E+001,9.9539228E-002
1.1236460E+001,1.0399364E-001
1.1237960E+001,1.0840200E-001
1.1239460E+001,1.1281037E-001
1.1240960E+001,1.1570139E-001
1.1242460E+001,1.1773891E-001
1.1243960E+001,1.1977643E-001
1.1245460E+001,1.2105388E-001
1.1246960E+001,1.2061290E-001
1.1248460E+001,1.2017193E-001
1.1249960E+001,1.1973095E-001
1.1251460E+001,1.1722855E-001
1.1252960E+001,1.1466968E-001
1.1254460E+001,1.1211081E-001
1.1255960E+001,1.0861567E-001
1.1257460E+001,1.0459388E-001
1.1258960E+001,1.0057209E-001
1.1260460E+001,9.6331687E-002
1.1261960E+001,9.1597035E-002
1.1263460E+001,8.6862383E-002
1.1264960E+001,8.2127731E-002
1.1266460E+001,7.7351956E-002
1.1267960E+001,7.2575054E-002
1.1269460E+001,6.7798152E-002
1.1270960E+001,6.3292428E-002
1.1272460E+001,5.8939241E-002
1.1273960E+001,5.4586055E-002
1.1275460E+001,5.0425601E-002
1.1276960E+001,4.6700890E-002
1.1278460E+001,4.2976178E-002
1.1279960E+001,3.9251467E-002
1.1281460E+001,3.6110456E-002
1.1282960E+001,3.2985436E-002
1.1284460E+001,2.9860416E-002
1.1285960E+001,2.7018998E-002
1.1287460E+001,2.4337107E-002
1.1288960E+001,2.1655216E-002
1.1290460E+001,1.9066578E-002
1.1291960E+001,1.6688775E-002
1.1293460E+001,1.4310972E-002
1.1294960E+001,1.1933168E-002
1.1296460E+001,9.8569756E-003
1.1297960E+001,7.7890460E-003
1.1299460E+001,5.7211164E-003
1.1300960E+001,3.9856834E-003
1.1302460E+001,2.4372800E-003
1.1303960E+001,8.8887648E-004
1.1305460E+001,-3.8466123E-004
1.1306960E+001,-1.0367628E-003
1.1308460E+001,-1.6888644E-003
1.1309960E+001,-2.3409659E-003
1.1311460E+001,-1.7244270E-003
1.1312960E+001,-1.0731305E-003
1.1314460E+001,-4.2183402E-004
1.1315960E+001,1.2070461E-003
1.1317460E+001,3.3858175E-003
1.1318960E+001,5.5645888E-003
1.1320460E+001,8.1564876E-003
1.1321960E+001,1.1682414E-002
1.1323460E+001,1.5208341E-002
1.1324960E+001,1.8734268E-002
1.1326460E+001,2.2890773E-002
1.1327960E+001,2.7064554E-002
1.1329460E+001,3.1238336E-002
1.1330960E+001,3.5113944E-002
1.1332460E+001,3.8821828E-002
1.1333960E+001,4.2529713E-002
1.1335460E+001,4.5733135E-002
1.1336960E+001,4.7796032E-002
1.1338460E+001,4.9858928E-002
1.1339960E+001,5.1921825E-002
1.1341460E+001,5.1637850E-002
1.1342960E+001,5.1289576E-002
1.1344460E+001,5.0941303E-002
1.1345960E+001,4.9069742E-002
1.1347460E+001,4.6341332E-002
1.1348960E+001,4.3612921E-002
1.1350460E+001,4.0431510E-002
1.1351960E+001,3.6225922E-002
1.1353460E+001,3.2020334E-002
1.1354960E+001,2.7814746E-002
1.1356460E+001,2.3594339E-002
1.1357960E+001,1.9373527E-002
1.1359460E+001,1.5152714E-002
1.1360960E+001,1.1844996E-002
1.1362460E+001,9.0508944E-003
1.1363960E+001,6.2567925E-003
1.1365460E+001,4.1594836E-003
1.1366960E+001,3.6375341E-003
1.1368460E+001,3.1155847E-003
1.1369960E+001,2.5936352E-003
1.1371460E+001,4.2316235E-003
1.1372960E+001,5.9287884E-003
1.1374460E+001,7.6259534E-003
1.1375960E+001,1.0197175E-002
1.1377460E+001,1.3260053E-002
1.1378960E+001,1.6322932E-002
1.1380460E+001,1.9424891E-002
1.1381960E+001,2.2615208E-002
1.1383460E+001,2.5805524E-002
1.1384960E+001,2.8995840E-002
1.1386460E+001,3.1220953E-002
1.1387960E+001,3.3419622E-002
1.1389460E+001,3.5618291E-002
1.1390960E+001,3.6770878E-002
1.1392460E+001,3.7335044E-002
1.1393960E+001,3.7899210E-002
1.1395460E+001,3.7938735E-002
1.1396960E+001,3.6792115E-002
1.1398460E+001,3.5645495E-002
1.1399960E+001,3.4498875E-002
1.1401460E+001,3.2024920E-002
1.1402960E+001,2.9514601E-002
1.1404460E+001,2.7004281E-002
1.1405960E+001,2.3959263E-002
1.1407460E+001,2.0613477E-002
1.1408960E+001,1.7267691E-002
1.1410460E+001,1.3823183E-002
1.1411960E+001,1.0155474E-002
1.1413460E+001,6.4877655E-003
1.1414960E+001,2.8200569E-003
1.1416460E+001,-7.4221547E-004
1.1417960E+001,-4.3015992E-003
1.1419460E+001,-7.8609828E-003
1.1420960E+001,-1.1100628E-002
1.1422460E+001,-1.4160419E-002
1.1423960E+001,-1.7220210E-002
1.1425460E+001,-1.9997606E-002
1.1426960E+001,-2.2136540E-002
1.1428460E+001,-2.4275475E-002
1.1429960E+001,-2.6414409E-002
1.1431460E+001,-2.7223508E-002
1.1432960E+001,-2.7996173E-002
1.1434460E+001,-2.8768838E-002
1.1435960E+001,-2.8443648E-002
1.1437460E+001,-2.7500916E-002
1.1438960E+001,-2.6558183E-002
1.1440460E+001,-2.5068247E-002
1.1441960E+001,-2.2341156E-002
1.1443460E+001,-1.9614064E-002
1.1444960E+001,-1.6886972E-002
1.1446460E+001,-1.2764382E-002
1.1447960E+001,-8.6035585E-003
1.1449460E+001,-4.4427353E-003
1.1450960E+001,1.4069987E-004
1.1452460E+001,4.9618544E-003
1.1453960E+001,9.7830090E-003
1.1455460E+001,1.4487184E-002
1.1456960E+001,1.8926883E-002
1.1458460E+001,2.3366582E-002
1.1459960E+001,2.7806281E-002
1.1461460E+001,3.0853649E-002
1.1462960E+001,3.3862871E-002
1.1464460E+001,3.6872093E-002
1.1465960E+001,3.8470634E-002
1.1467460E+001,3.9275668E-002
1.1468960E+001,4.0080702E-002
1.1470460E+001,4.0125707E-002
1.1471960E+001,3.8452385E-002
1.1473460E+001,3.6779063E-002
1.1474960E+001,3.5105740E-002
1.1476460E+001,3.1348164E-002
1.1477960E+001,2.7533485E-002
1.1479460E+001,2.3718806E-002
1.1480960E+001,1.9121243E-002
1.1482460E+001,1.4083308E-002
1.1483960E+001,9.0453722E-003
1.1485460E+001,4.0364692E-003
1.1486960E+001,-9.0679512E-004
1.1488460E+001,-5.8500594E-003
1.1489960E+001,-1.0793324E-002
1.1491460E+001,-1.4281262E-002
1.1492960E+001,-1.7729328E-002
1.1494460E+001,-2.1177394E-002
1.1495960E+001,-2.2971492E-002
1.1497460E+001,-2.3835233E-002
1.1498960E+001,-2.4698974E-002
1.1500460E+001,-2.4640743E-002
1.1501960E+001,-2.2498052E-002
1.1503460E+001,-2.0355361E-002
1.1504960E+001,-1.8212670E-002
1.1506460E+001,-1.3550325E-002
1.1507960E+001,-8.8189480E-003
1.1509460E+001,-4.0875710E-003
1.1510960E+001,1.5673114E-003
1.1512460E+001,7.7416662E-003
1.1513960E+001,1.3916021E-002
1.1515460E+001,2.0074937E-002
1.1516960E+001,2.6198948E-002
1.1518460E+001,3.2322960E-002
1.1519960E+001,3.8446971E-002
1.1521460E+001,4.3214079E-002
1.1522960E+001,4.7944011E-002
1.1524460E+001,5.2673944E-002
1.1525960E+001,5.6001517E-002
1.1527460E+001,5.8540264E-002
1.1528960E+001,6.1079011E-002
1.1530460E+001,6.2909892E-002
1.1531960E+001,6.3140380E-002
1.1533460E+001,6.3370868E-002
1.1534960E+001,6.3601357E-002
1.1536460E+001,6.1985098E-002
1.1537960E+001,6.0318243E-002
1.1539460E+001,5.8651388E-002
1.1540960E+001,5.6167591E-002
1.1542460E+001,5.3224265E-002
1.1543960E+001,5.0280938E-002
1.1545460E+001,4.7107710E-002
1.1546960E+001,4.3414703E-002
1.1548460E+001,3.9721697E-002
1.1549960E+001,3.6028691E-002
1.1551460E+001,3.1880368E-002
1.1552960E+001,2.7719572E-002
1.1554460E+001,2.3558775E-002
1.1555960E+001,1.9147332E-002
1.1557460E+001,1.4594902E-002
1.1558960E+001,1.0042471E-002
1.1560460E+001,5.3809079E-003
1.1561960E+001,4.7260946E-004
1.1563460E+001,-4.4356890E-003
1.1564960E+001,-9.3439874E-003
1.1566460E+001,-1.4430342E-002
1.1567960E+001,-1.9521575E-002
1.1569460E+001,-2.4612808E-002
1.1570960E+001,-2.9565501E-002
1.1572460E+001,-3.4440266E-002
1.1573960E+001,-3.9315030E-002
1.1575460E+001,-4.3944687E-002
1.1576960E+001,-4.8020185E-002
1.1578460E+001,-5.2095682E-002
1.1579960E+001,-5.6171180E-002
1.1581460E+001,-5.8874037E-002
1.1582960E+001,-6.1539286E-002
1.1584460E+001,-6.4204536E-002
1.1585960E+001,-6.5686680E-002
1.1587460E+001,-6.6503328E-002
1.1588960E+001,-6.7319976E-002
1.1590460E+001,-6.7537857E-002
1.1591960E+001,-6.6402004E-002
1.1593460E+001,-6.5266151E-002
1.1594960E+001,-6.4130299E-002
1.1596460E+001,-6.1367897E-002
1.1597960E+001,-5.8560932E-002
1.1599460E+001,-5.5753968E-002
1.1600960E+001,-5.2247234E-002
1.1602460E+001,-4.8346879E-002
1.1603960E+001,-4.4446524E-002
1.1605460E+001,-4.0419363E-002
1.1606960E+001,-3.6105512E-002
1.1608460E+001,-3.1791661E-002
1.1609960E+001,-2.7477810E-002
1.1611460E+001,-2.3318680E-002
1.1612960E+001,-1.9163789E-002
1.1614460E+001,-1.5008898E-002
1.1615960E+001,-1.1174330E-002
1.1617460E+001,-7.5199442E-003
1.1618960E+001,-3.8655580E-003
1.1620460E+001,-4.0370380E-004
1.1621960E+001,2.6228601E-003
1.1623460E+001,5.6494239E-003
1.1624960E+001,8.6759878E-003
1.1626460E+001,1.1053808E-002
1.1627960E+001,1.3413855E-002
1.1629460E+001,1.5773902E-002
1.1630960E+001,1.7654545E-002
1.1632460E+001,1.9265524E-002
1.1633960E+001,2.0876502E-002
1.1635460E+001,2.2209266E-002
1.1636960E+001,2.2913022E-002
1.1638460E+001,2.3616778E-002
1.1639960E+001,2.4320534E-002
1.1641460E+001,2.4016363E-002
1.1642960E+001,2.3684577E-002
1.1644460E+001,2.3352791E-002
1.1645960E+001,2.2407026E-002
1.1647460E+001,2.1115896E-002
1.1648960E+001,1.9824767E-002
1.1650460E+001,1.8359923E-002
1.1651960E+001,1.6502332E-002
1.1653460E+001,1.4644740E-002
1.1654960E+001,1.2787149E-002
1.1656460E+001,1.1015735E-002
1.1657960E+001,9.2466813E-003
1.1659460E+001,7.4776279E-003
1.1660960E+001,6.2104528E-003
1.1662460E+001,5.2255843E-003
1.1663960E+001,4.2407158E-003
1.1665460E+001,3.6359976E-003
1.1666960E+001,3.8907502E-003
1.1668460E+001,4.1455029E-003
1.1669960E+001,4.4002555E-003
1.1671460E+001,5.8803324E-003
1.1672960E+001,7.3939800E-003
1.1674460E+001,8.9076276E-003
1.1675960E+001,1.0947546E-002
1.1677460E+001,1.3283491E-002
1.1678960E+001,1.5619437E-002
1.1680460E+001,1.7980095E-002
1.1681960E+001,2.0396624E-002
1.1683460E+001,2.2813153E-002
1.1684960E+001,2.5229683E-002
1.1686460E+001,2.6939910E-002
1.1687960E+001,2.8630787E-002
1.1689460E+001,3.0321664E-002
1.1690960E+001,3.1140313E-002
1.1692460E+001,3.1468334E-002
1.1693960E+001,3.1796354E-002
1.1695460E+001,3.1612465E-002
1.1696960E+001,3.0271215E-002
1.1698460E+001,2.8929964E-002
1.1699960E+001,2.7588714E-002
1.1701460E+001,2.4713987E-002
1.1702960E+001,2.1797248E-002
1.1704460E+001,1.8880508E-002
1.1705960E+001,1.5260145E-002
1.1707460E+001,1.1243995E-002
1.1708960E+001,7.2278439E-003
1.1710460E+001,3.1078030E-003
1.1711960E+001,-1.2471203E-003
1.1713460E+001,-5.6020436E-003
1.1714960E+001,-9.9569669E-003
1.1716460E+001,-1.3790632E-002
1.1717960E+001,-1.7610016E-002
1.1719460E+001,-2.1429400E-002
1.1720960E+001,-2.4414850E-002
1.1722460E+001,-2.6931212E-002
1.1723960E+001,-2.9447573E-002
1.1725460E+001,-3.1428085E-002
1.1726960E+001,-3.2197108E-002
1.1728460E+001,-3.2966131E-002
1.1729960E+001,-3.3735155E-002
1.1731460E+001,-3.2823330E-002
1.1732960E+001,-3.1865454E-002
1.1734460E+001,-3.0907578E-002
1.1735960E+001,-2.9162666E-002
1.1737460E+001,-2.6975046E-002
1.1738960E+001,-2.4787427E-002
1.1740460E+001,-2.2480550E-002
1.1741960E+001,-1.9904046E-002
1.1743460E+001,-1.7327543E-002
1.1744960E+001,-1.4751039E-002
1.1746460E+001,-1.2704585E-002
1.1747960E+001,-1.0672654E-002
1.1749460E+001,-8.6407218E-003
1.1750960E+001,-7.4179300E-003
1.1752460E+001,-6.6502797E-003
1.1753960E+001,-5.8826295E-003
1.1755460E+001,-5.5756321E-003
1.1756960E+001,-6.3101116E-003
1.1758460E+001,-7.0445912E-003
1.1759960E+001,-7.7790707E-003
1.1761460E+001,-9.6183513E-003
1.1762960E+001,-1.1487901E-002
1.1764460E+001,-1.3357450E-002
1.1765960E+001,-1.5394315E-002
1.1767460E+001,-1.7525296E-002
1.1768960E+001,-1.9656277E-002
1.1770460E+001,-2.1539619E-002
1.1771960E+001,-2.2863084E-002
1.1773460E+001,-2.4186549E-002
1.1774960E+001,-2.5510014E-002
1.1776460E+001,-2.5217787E-002
1.1777960E+001,-2.4881294E-002
1.1779460E+001,-2.4544801E-002
1.1780960E+001,-2.2957728E-002
1.1782460E+001,-2.0667205E-002
1.1783960E+001,-1.8376682E-002
1.1785460E+001,-1.5608525E-002
1.1786960E+001,-1.1760499E-002
1.1788460E+001,-7.9124743E-003
1.1789960E+001,-4.0644491E-003
1.1791460E+001,3.5326702E-004
1.1792960E+001,4.7865912E-003
1.1794460E+001,9.2199155E-003
1.1795960E+001,1.3223732E-002
1.1797460E+001,1.6985950E-002
1.1798960E+001,2.0748169E-002
1.1800460E+001,2.3937953E-002
1.1801960E+001,2.5833538E-002
1.1803460E+001,2.7729123E-002
1.1804960E+001,2.9624708E-002
1.1806460E+001,2.8884498E-002
1.1807960E+001,2.8072074E-002
1.1809460E+001,2.7259651E-002
1.1810960E+001,2.4522899E-002
1.1812460E+001,2.0703711E-002
1.1813960E+001,1.6884524E-002
1.1815460E+001,1.2239958E-002
1.1816960E+001,5.7293177E-003
1.1818460E+001,-7.8132245E-004
1.1819960E+001,-7.2919626E-003
1.1821460E+001,-1.5563148E-002
1.1822960E+001,-2.3882568E-002
1.1824460E+001,-3.2201987E-002
1.1825960E+001,-4.0857458E-002
1.1827460E+001,-4.9701957E-002
1.1828960E+001,-5.8546456E-002
1.1830460E+001,-6.7118461E-002
1.1831960E+001,-7.5074393E-002
1.1833460E+001,-8.3030324E-002
1.1834960E+001,-9.0986255E-002
1.1836460E+001,-9.6889384E-002
1.1837960E+001,-1.0273627E-001
1.1839460E+001,-1.0858316E-001
1.1840960E+001,-1.1260712E-001
1.1842460E+001,-1.1560568E-001
1.1843960E+001,-1.1860424E-001
1.1845460E+001,-1.2070036E-001
1.1846960E+001,-1.2075619E-001
1.1848460E+001,-1.2081202E-001
1.1849960E+001,-1.2086785E-001
1.1851460E+001,-1.1858129E-001
1.1852960E+001,-1.1623056E-001
1.1854460E+001,-1.1387982E-001
1.1855960E+001,-1.1061397E-001
1.1857460E+001,-1.0683336E-001
1.1858960E+001,-1.0305275E-001
1.1860460E+001,-9.9173793E-002
1.1861960E+001,-9.5072474E-002
1.1863460E+001,-9.0971154E-002
1.1864960E+001,-8.6869835E-002
1.1866460E+001,-8.3345377E-002
1.1867960E+001,-7.9836722E-002
1.1869460E+001,-7.6328068E-002
1.1870960E+001,-7.3503884E-002
1.1872460E+001,-7.1064714E-002
1.1873960E+001,-6.8625544E-002
1.1875460E+001,-6.6503145E-002
1.1876960E+001,-6.5096923E-002
1.1878460E+001,-6.3690701E-002
1.1879960E+001,-6.2284480E-002
1.1881460E+001,-6.1445173E-002
1.1882960E+001,-6.0621398E-002
1.1884460E+001,-5.9797623E-002
1.1885960E+001,-5.8934723E-002
1.1887460E+001,-5.8049814E-002
1.1888960E+001,-5.7164905E-002
1.1890460E+001,-5.6081844E-002
1.1891960E+001,-5.4550787E-002
1.1893460E+001,-5.3019730E-002
1.1894960E+001,-5.1488672E-002
1.1896460E+001,-4.9009905E-002
1.1897960E+001,-4.6505173E-002
1.1899460E+001,-4.4000441E-002
1.1900960E+001,-4.0891481E-002
1.1902460E+001,-3.7442643E-002
1.1903960E+001,-3.3993805E-002
1.1905460E+001,-3.0372425E-002
1.1906960E+001,-2.6360949E-002
1.1908460E+001,-2.2349474E-002
1.1909960E+001,-1.8337998E-002
1.1911460E+001,-1.4405433E-002
1.1912960E+001,-1.0475030E-002
1.1914460E+001,-6.5446272E-003
1.1915960E+001,-3.1523449E-003
1.1917460E+001,-6.2755676E-005
1.1918960E+001,3.0268335E-003
1.1920460E+001,5.6437737E-003
1.1921960E+001,7.1921150E-003
1.1923460E+001,8.7404563E-003
1.1924960E+001,1.0288798E-002
1.1926460E+001,9.8839340E-003
1.1927960E+001,9.4255575E-003
1.1929460E+001,8.9671810E-003
1.1930960E+001,7.1690526E-003
1.1932460E+001,4.6173132E-003
1.1933960E+001,2.0655738E-003
1.1935460E+001,-1.0140371E-003
1.1936960E+001,-5.2870977E-003
1.1938460E+001,-9.5601583E-003
1.1939960E+001,-1.3833219E-002
1.1941460E+001,-1.8984042E-002
1.1942960E+001,-2.4158914E-002
1.1944460E+001,-2.9333785E-002
1.1945960E+001,-3.4350337E-002
1.1947460E+001,-3.9277834E-002
1.1948960E+001,-4.4205331E-002
1.1950460E+001,-4.8670088E-002
1.1951960E+001,-5.2088649E-002
1.1953460E+001,-5.5507209E-002
1.1954960E+001,-5.8925770E-002
1.1956460E+001,-5.9807235E-002
1.1957960E+001,-6.0619189E-002
1.1959460E+001,-6.1431144E-002
1.1960960E+001,-6.0146636E-002
1.1962460E+001,-5.7682867E-002
1.1963960E+001,-5.5219098E-002
1.1965460E+001,-5.1731212E-002
1.1966960E+001,-4.5927928E-002
1.1968460E+001,-4.0124645E-002
1.1969960E+001,-3.4321361E-002
1.1971460E+001,-2.5832644E-002
1.1972960E+001,-1.7270352E-002
1.1974460E+001,-8.7080601E-003
1.1975960E+001,9.0351521E-004
1.1977460E+001,1.1105313E-002
1.1978960E+001,2.1307111E-002
1.1980460E+001,3.1570351E-002
1.1981960E+001,4.1972505E-002
1.1983460E+001,5.2374658E-002
1.1984960E+001,6.2776812E-002
1.1986460E+001,7.1939278E-002
1.1987960E+001,8.1067779E-002
1.1989460E+001,9.0196281E-002
1.1990960E+001,9.7732269E-002
1.1992460E+001,1.0437247E-001
1.1993960E+001,1.1101267E-001
1.1995460E+001,1.1667077E-001
1.1996960E+001,1.2010847E-001
1.1998460E+001,1.2354617E-001
1.1999960E+001,1.2698388E-001
1.2001460E+001,1.2721753E-001
1.2002960E+001,1.2736339E-001
1.2004460E+001,1.2750926E-001
1.2005960E+001,1.2586940E-001
1.2007460E+001,1.2322507E-001
1.2008960E+001,1.2058073E-001
1.2010460E+001,1.1736025E-001
1.2011960E+001,1.1283715E-001
1.2013460E+001,1.0831405E-001
1.2014960E+001,1.0379095E-001
1.2016460E+001,9.8476850E-002
1.2017960E+001,9.3141082E-002
1.2019460E+001,8.7805314E-002
1.2020960E+001,8.2586038E-002
1.2022460E+001,7.7432289E-002
1.2023960E+001,7.2278541E-002
1.2025460E+001,6.7425277E-002
1.2026960E+001,6.3251373E-002
1.2028460E+001,5.9077468E-002
1.2029960E+001,5.4903564E-002
1.2031460E+001,5.2239014E-002
1.2032960E+001,4.9615816E-002
1.2034460E+001,4.6992618E-002
1.2035960E+001,4.5578956E-002
1.2037460E+001,4.4845659E-002
1.2038960E+001,4.4112362E-002
1.2040460E+001,4.3976735E-002
1.2041960E+001,4.5192363E-002
1.2043460E+001,4.6407991E-002
1.2044960E+001,4.7623619E-002
1.2046460E+001,5.0430531E-002
1.2047960E+001,5.3281039E-002
1.2049460E+001,5.6131548E-002
1.2050960E+001,5.9552051E-002
1.2052460E+001,6.3293174E-002
1.2053960E+001,6.7034298E-002
1.2055460E+001,7.0713636E-002
1.2056960E+001,7.4253281E-002
1.2058460E+001,7.7792926E-002
1.2059960E+001,8.1332572E-002
1.2061460E+001,8.3532602E-002
1.2062960E+001,8.5695931E-002
1.2064460E+001,8.7859259E-002
1.2065960E+001,8.8580514E-002
1.2067460E+001,8.8490601E-002
1.2068960E+001,8.8400688E-002
1.2070460E+001,8.7546498E-002
1.2071960E+001,8.4964375E-002
1.2073460E+001,8.2382252E-002
1.2074960E+001,7.9800128E-002
1.2076460E+001,7.5311429E-002
1.2077960E+001,7.0770494E-002
1.2079460E+001,6.6229559E-002
1.2080960E+001,6.1171927E-002
1.2082460E+001,5.5823652E-002
1.2083960E+001,5.0475376E-002
1.2085460E+001,4.5300426E-002
1.2086960E+001,4.0517338E-002
1.2088460E+001,3.5734251E-002
1.2089960E+001,3.0951164E-002
1.2091460E+001,2.7796805E-002
1.2092960E+001,2.4687069E-002
1.2094460E+001,2.1577333E-002
1.2095960E+001,1.9833746E-002
1.2097460E+001,1.8858618E-002
1.2098960E+001,1.7883490E-002
1.2100460E+001,1.7465175E-002
1.2101960E+001,1.8305741E-002
1.2103460E+001,1.9146308E-002
1.2104960E+001,1.9986875E-002
1.2106460E+001,2.1680732E-002
1.2107960E+001,2.3397966E-002
1.2109460E+001,2.5115201E-002
1.2110960E+001,2.6639510E-002
1.2112460E+001,2.8055298E-002
1.2113960E+001,2.9471087E-002
1.2115460E+001,3.0496524E-002
1.2116960E+001,3.0639427E-002
1.2118460E+001,3.0782330E-002
1.2119960E+001,3.0925233E-002
1.2121460E+001,2.9411598E-002
1.2122960E+001,2.7852578E-002
1.2124460E+001,2.6293558E-002
1.2125960E+001,2.3783846E-002
1.2127460E+001,2.0739370E-002
1.2128960E+001,1.7694893E-002
1.2130460E+001,1.4412528E-002
1.2131960E+001,1.0592324E-002
1.2133460E+001,6.7721209E-003
1.2134960E+001,2.9519175E-003
1.2136460E+001,-7.6759426E-004
1.2137960E+001,-4.4843474E-003
1.2139460E+001,-8.2011005E-003
1.2140960E+001,-1.1400551E-002
1.2142460E+001,-1.4309019E-002
1.2143960E+001,-1.7217488E-002
1.2145460E+001,-1.9781650E-002
1.2146960E+001,-2.1567383E-002
1.2148460E+001,-2.3353116E-002
1.2149960E+001,-2.5138848E-002
1.2151460E+001,-2.5920666E-002
1.2152960E+001,-2.6674980E-002
1.2154460E+001,-2.7429293E-002
1.2155960E+001,-2.7742643E-002
1.2157460E+001,-2.7807951E-002
1.2158960E+001,-2.7873259E-002
1.2160460E+001,-2.7841413E-002
1.2161960E+001,-2.7589915E-002
1.2163460E+001,-2.7338417E-002
1.2164960E+001,-2.7086919E-002
1.2166460E+001,-2.6745392E-002
1.2167960E+001,-2.6401399E-002
1.2169460E+001,-2.6057407E-002
1.2170960E+001,-2.5657012E-002
1.2172460E+001,-2.5224891E-002
1.2173960E+001,-2.4792770E-002
1.2175460E+001,-2.4277815E-002
1.2176960E+001,-2.3575583E-002
1.2178460E+001,-2.2873351E-002
1.2179960E+001,-2.2171119E-002
1.2181460E+001,-2.0945496E-002
1.2182960E+001,-1.9705534E-002
1.2184460E+001,-1.8465571E-002
1.2185960E+001,-1.6733521E-002
1.2187460E+001,-1.4724673E-002
1.2188960E+001,-1.2715825E-002
1.2190460E+001,-1.0443829E-002
1.2191960E+001,-7.5768918E-003
1.2193460E+001,-4.7099542E-003
1.2194960E+001,-1.8430166E-003
1.2196460E+001,1.7509561E-003
1.2197960E+001,5.3648477E-003
1.2199460E+001,8.9787393E-003
1.2200960E+001,1.2877320E-002
1.2202460E+001,1.6936038E-002
1.2203960E+001,2.0994757E-002
1.2205460E+001,2.5061792E-002
1.2206960E+001,2.9147632E-002
1.2208460E+001,3.3233472E-002
1.2209960E+001,3.7319311E-002
1.2211460E+001,4.1018398E-002
1.2212960E+001,4.4706888E-002
1.2214460E+001,4.8395379E-002
1.2215960E+001,5.1611646E-002
1.2217460E+001,5.4562289E-002
1.2218960E+001,5.7512931E-002
1.2220460E+001,6.0168895E-002
1.2221960E+001,6.2158632E-002
1.2223460E+001,6.4148368E-002
1.2224960E+001,6.6138105E-002
1.2226460E+001,6.7066768E-002
1.2227960E+001,6.7966360E-002
1.2229460E+001,6.8865952E-002
1.2230960E+001,6.9018802E-002
1.2232460E+001,6.8751611E-002
1.2233960E+001,6.8484419E-002
1.2235460E+001,6.7849014E-002
1.2236960E+001,6.6381126E-002
1.2238460E+001,6.4913237E-002
1.2239960E+001,6.3445349E-002
1.2241460E+001,6.0857612E-002
1.2242960E+001,5.8239195E-002
1.2244460E+001,5.5620777E-002
1.2245960E+001,5.2393555E-002
1.2247460E+001,4.8823880E-002
1.2248960E+001,4.5254204E-002
1.2250460E+001,4.1508649E-002
1.2251960E+001,3.7365452E-002
1.2253460E+001,3.3222255E-002
1.2254960E+001,2.9079058E-002
1.2256460E+001,2.4862992E-002
1.2257960E+001,2.0644930E-002
1.2259460E+001,1.6426868E-002
1.2260960E+001,1.2462692E-002
1.2262460E+001,8.6413265E-003
1.2263960E+001,4.8199611E-003
1.2265460E+001,1.2012369E-003
1.2266960E+001,-1.9593415E-003
1.2268460E+001,-5.1199199E-003
1.2269960E+001,-8.2804983E-003
1.2271460E+001,-1.0857985E-002
1.2272960E+001,-1.3419497E-002
1.2274460E+001,-1.5981008E-002
1.2275960E+001,-1.8395070E-002
1.2277460E+001,-2.0726190E-002
1.2278960E+001,-2.3057311E-002
1.2280460E+001,-2.5475477E-002
1.2281960E+001,-2.8090442E-002
1.2283460E+001,-3.0705408E-002
1.2284960E+001,-3.3320373E-002
1.2286460E+001,-3.6627858E-002
1.2287960E+001,-3.9954316E-002
1.2289460E+001,-4.3280774E-002
1.2290960E+001,-4.7154646E-002
1.2292460E+001,-5.1336439E-002
1.2293960E+001,-5.5518231E-002
1.2295460E+001,-5.9893555E-002
1.2296960E+001,-6.4706431E-002
1.2298460E+001,-6.9519306E-002
1.2299960E+001,-7.4332181E-002
1.2301460E+001,-7.9224818E-002
1.2302960E+001,-8.4119640E-002
1.2304460E+001,-8.9014463E-002
1.2305960E+001,-9.3486568E-002
1.2307460E+001,-9.7720894E-002
1.2308960E+001,-1.0195522E-001
1.2310460E+001,-1.0575075E-001
1.2311960E+001,-1.0855421E-001
1.2313460E+001,-1.1135767E-001
1.2314960E+001,-1.1416113E-001
1.2316460E+001,-1.1495187E-001
1.2317960E+001,-1.1568746E-001
1.2319460E+001,-1.1642306E-001
1.2320960E+001,-1.1560301E-001
1.2322460E+001,-1.1390792E-001
1.2323960E+001,-1.1221282E-001
1.2325460E+001,-1.0977884E-001
1.2326960E+001,-1.0567430E-001
1.2328460E+001,-1.0156977E-001
1.2329960E+001,-9.7465232E-002
1.2331460E+001,-9.1467476E-002
1.2332960E+001,-8.5417850E-002
1.2334460E+001,-7.9368224E-002
1.2335960E+001,-7.2640028E-002
1.2337460E+001,-6.5530134E-002
1.2338960E+001,-5.8420241E-002
1.2340460E+001,-5.1344329E-002
1.2341960E+001,-4.4345245E-002
1.2343460E+001,-3.7346161E-002
1.2344960E+001,-3.0347078E-002
1.2346460E+001,-2.4628029E-002
1.2347960E+001,-1.8944049E-002
1.2349460E+001,-1.3260070E-002
1.2350960E+001,-8.9982408E-003
1.2352460E+001,-5.5363721E-003
1.2353960E+001,-2.0745035E-003
1.2355460E+001,6.1223348E-004
1.2356960E+001,1.5464972E-003
1.2358460E+001,2.4807608E-003
1.2359960E+001,3.4150245E-003
1.2361460E+001,2.3107061E-003
1.2362960E+001,1.1505357E-003
1.2364460E+001,-9.6346766E-006
1.2365960E+001,-1.8459031E-003
1.2367460E+001,-4.0624769E-003
1.2368960E+001,-6.2790508E-003
1.2370460E+001,-8.4341998E-003
1.2371960E+001,-1.0450475E-002
1.2373460E+001,-1.2466750E-002
1.2374960E+001,-1.4483025E-002
1.2376460E+001,-1.5327280E-002
1.2377960E+001,-1.6139425E-002
1.2379460E+001,-1.6951570E-002
1.2380960E+001,-1.6717700E-002
1.2382460E+001,-1.5895446E-002
1.2383960E+001,-1.5073192E-002
1.2385460E+001,-1.3797643E-002
1.2386960E+001,-1.1497250E-002
1.2388460E+001,-9.1968579E-003
1.2389960E+001,-6.8964655E-003
1.2391460E+001,-3.6251882E-003
1.2392960E+001,-3.2731115E-004
1.2394460E+001,2.9705659E-003
1.2395960E+001,6.6069558E-003
1.2397460E+001,1.0433759E-002
1.2398960E+001,1.4260563E-002
1.2400460E+001,1.8166668E-002
1.2401960E+001,2.2252065E-002
1.2403460E+001,2.6337462E-002
1.2404960E+001,3.0422859E-002
1.2406460E+001,3.4635399E-002
1.2407960E+001,3.8851423E-002
1.2409460E+001,4.3067447E-002
1.2410960E+001,4.7245502E-002
1.2412460E+001,5.1402199E-002
1.2413960E+001,5.5558896E-002
1.2415460E+001,5.9571645E-002
1.2416960E+001,6.3258943E-002
1.2418460E+001,6.6946242E-002
1.2419960E+001,7.0633540E-002
1.2421460E+001,7.3284979E-002
1.2422960E+001,7.5908038E-002
1.2424460E+001,7.8531096E-002
1.2425960E+001,8.0118263E-002
1.2427460E+001,8.1122739E-002
1.2428960E+001,8.2127215E-002
1.2430460E+001,8.2560664E-002
1.2431960E+001,8.1703092E-002
1.2433460E+001,8.0845520E-002
1.2434960E+001,7.9987949E-002
1.2436460E+001,7.7516376E-002
1.2437960E+001,7.5000583E-002
1.2439460E+001,7.2484790E-002
1.2440960E+001,6.9268897E-002
1.2442460E+001,6.5659198E-002
1.2443960E+001,6.2049499E-002
1.2445460E+001,5.8310225E-002
1.2446960E+001,5.4277995E-002
1.2448460E+001,5.0245766E-002
1.2449960E+001,4.6213537E-002
1.2451460E+001,4.2271947E-002
1.2452960E+001,3.8332841E-002
1.2454460E+001,3.4393734E-002
1.2455960E+001,3.0665782E-002
1.2457460E+001,2.7056604E-002
1.2458960E+001,2.3447427E-002
1.2460460E+001,1.9945755E-002
1.2461960E+001,1.6687141E-002
1.2463460E+001,1.3428527E-002
1.2464960E+001,1.0169913E-002
1.2466460E+001,7.2314659E-003
1.2467960E+001,4.3017906E-003
1.2469460E+001,1.3721153E-003
1.2470960E+001,-1.2900890E-003
1.2472460E+001,-3.8018406E-003
1.2473960E+001,-6.3135923E-003
1.2475460E+001,-8.6261150E-003
1.2476960E+001,-1.0488207E-002
1.2478460E+001,-1.2350299E-002
1.2479960E+001,-1.4212391E-002
1.2481460E+001,-1.5177316E-002
1.2482960E+001,-1.6117661E-002
1.2484460E+001,-1.7058006E-002
1.2485960E+001,-1.7319401E-002
1.2487460E+001,-1.7198887E-002
1.2488960E+001,-1.7078373E-002
1.2490460E+001,-1.6676347E-002
1.2491960E+001,-1.5637856E-002
1.2493460E+001,-1.4599364E-002
1.2494960E+001,-1.3560873E-002
1.2496460E+001,-1.2085091E-002
1.2497960E+001,-1.0597327E-002
1.2499460E+001,-9.1095640E-003
1.2500960E+001,-7.7802279E-003
1.2502460E+001,-6.5400072E-003
1.2503960E+001,-5.2997865E-003
1.2505460E+001,-4.3530152E-003
1.2506960E+001,-4.0696952E-003
1.2508460E+001,-3.7863752E-003
1.2509960E+001,-3.5030552E-003
1.2511460E+001,-4.6077147E-003
1.2512960E+001,-5.7504014E-003
1.2514460E+001,-6.8930881E-003
1.2515960E+001,-8.9781012E-003
1.2517460E+001,-1.1593173E-002
1.2518960E+001,-1.4208246E-002
1.2520460E+001,-1.7150916E-002
1.2521960E+001,-2.0834242E-002
1.2523460E+001,-2.4517569E-002
1.2524960E+001,-2.8200895E-002
1.2526460E+001,-3.2232331E-002
1.2527960E+001,-3.6273303E-002
1.2529460E+001,-4.0314276E-002
1.2530960E+001,-4.4095507E-002
1.2532460E+001,-4.7730634E-002
1.2533960E+001,-5.1365760E-002
1.2535460E+001,-5.4702738E-002
1.2536960E+001,-5.7365642E-002
1.2538460E+001,-6.0028545E-002
1.2539960E+001,-6.2691449E-002
1.2541460E+001,-6.4184454E-002
1.2542960E+001,-6.5645407E-002
1.2544460E+001,-6.7106360E-002
1.2545960E+001,-6.7856799E-002
1.2547460E+001,-6.8207575E-002
1.2548960E+001,-6.8558351E-002
1.2550460E+001,-6.8655300E-002
1.2551960E+001,-6.8178379E-002
1.2553460E+001,-6.7701459E-002
1.2554960E+001,-6.7224539E-002
1.2556460E+001,-6.6251430E-002
1.2557960E+001,-6.5264726E-002
1.2559460E+001,-6.4278022E-002
1.2560960E+001,-6.3128490E-002
1.2562460E+001,-6.1887366E-002
1.2563960E+001,-6.0646242E-002
1.2565460E+001,-5.9381422E-002
1.2566960E+001,-5.8063030E-002
1.2568460E+001,-5.6744637E-002
1.2569960E+001,-5.5426244E-002
1.2571460E+001,-5.4161578E-002
1.2572960E+001,-5.2898384E-002
1.2574460E+001,-5.1635190E-002
1.2575960E+001,-5.0483229E-002
1.2577460E+001,-4.9393835E-002
1.2578960E+001,-4.8304442E-002
1.2580460E+001,-4.7301073E-002
1.2581960E+001,-4.6492194E-002
1.2583460E+001,-4.5683314E-002
1.2584960E+001,-4.4874435E-002
1.2586460E+001,-4.4416447E-002
1.2587960E+001,-4.3968072E-002
1.2589460E+001,-4.3519697E-002
1.2590960E+001,-4.3331239E-002
1.2592460E+001,-4.3288984E-002
1.2593960E+001,-4.3246729E-002
1.2595460E+001,-4.3333301E-002
1.2596960E+001,-4.3711135E-002
1.2598460E+001,-4.4088969E-002
1.2599960E+001,-4.4466802E-002
1.2601460E+001,-4.5231193E-002
1.2602960E+001,-4.6006174E-002
1.2604460E+001,-4.6781156E-002
1.2605960E+001,-4.7757742E-002
1.2607460E+001,-4.8847730E-002
1.2608960E+001,-4.9937719E-002
1.2610460E+001,-5.1075748E-002
1.2611960E+001,-5.2322387E-002
1.2613460E+001,-5.3569027E-002
1.2614960E+001,-5.4815666E-002
1.2616460E+001,-5.6009433E-002
1.2617960E+001,-5.7201752E-002
1.2619460E+001,-5.8394071E-002
1.2620960E+001,-5.9429166E-002
1.2622460E+001,-6.0375823E-002
1.2623960E+001,-6.1322479E-002
1.2625460E+001,-6.2166989E-002
1.2626960E+001,-6.2780558E-002
1.2628460E+001,-6.3394128E-002
1.2629960E+001,-6.4007697E-002
1.2631460E+001,-6.4352235E-002
1.2632960E+001,-6.4689402E-002
1.2634460E+001,-6.5026569E-002
1.2635960E+001,-6.5291274E-002
1.2637460E+001,-6.5515220E-002
1.2638960E+001,-6.5739166E-002
1.2640460E+001,-6.5978959E-002
1.2641960E+001,-6.6254582E-002
1.2643460E+001,-6.6530204E-002
1.2644960E+001,-6.6805827E-002
1.2646460E+001,-6.7171071E-002
1.2647960E+001,-6.7538771E-002
1.2649460E+001,-6.7906471E-002
1.2650960E+001,-6.8221414E-002
1.2652460E+001,-6.8506681E-002
1.2653960E+001,-6.8791948E-002
1.2655460E+001,-6.8930649E-002
1.2656960E+001,-6.8737982E-002
1.2658460E+001,-6.8545315E-002
1.2659960E+001,-6.8352649E-002
1.2661460E+001,-6.7194486E-002
1.2662960E+001,-6.6009872E-002
1.2664460E+001,-6.4825257E-002
1.2665960E+001,-6.2725635E-002
1.2667460E+001,-6.0111320E-002
1.2668960E+001,-5.7497004E-002
1.2670460E+001,-5.4401232E-002
1.2671960E+001,-5.0216945E-002
1.2673460E+001,-4.6032659E-002
1.2674960E+001,-4.1848373E-002
1.2676460E+001,-3.6433455E-002
1.2677960E+001,-3.0984822E-002
1.2679460E+001,-2.5536188E-002
1.2680960E+001,-1.9751903E-002
1.2682460E+001,-1.3778814E-002
1.2683960E+001,-7.8057247E-003
1.2685460E+001,-1.9718682E-003
1.2686960E+001,3.5472011E-003
1.2688460E+001,9.0662704E-003
1.2689960E+001,1.4585340E-002
1.2691460E+001,1.8787298E-002
1.2692960E+001,2.2953170E-002
1.2694460E+001,2.7119042E-002
1.2695960E+001,3.0095578E-002
1.2697460E+001,3.2403110E-002
1.2698960E+001,3.4710643E-002
1.2700460E+001,3.6469265E-002
1.2701960E+001,3.6986868E-002
1.2703460E+001,3.7504472E-002
1.2704960E+001,3.8022075E-002
1.2706460E+001,3.7390614E-002
1.2707960E+001,3.6727671E-002
1.2709460E+001,3.6064729E-002
1.2710960E+001,3.5234455E-002
1.2712460E+001,3.4310059E-002
1.2713960E+001,3.3385662E-002
1.2715460E+001,3.2655124E-002
1.2716960E+001,3.2362874E-002
1.2718460E+001,3.2070624E-002
1.2719960E+001,3.1778374E-002
1.2721460E+001,3.2646896E-002
1.2722960E+001,3.3547220E-002
1.2724460E+001,3.4447544E-002
1.2725960E+001,3.6150365E-002
1.2727460E+001,3.8304591E-002
1.2728960E+001,4.0458817E-002
1.2730460E+001,4.2873099E-002
1.2731960E+001,4.5875333E-002
1.2733460E+001,4.8877567E-002
1.2734960E+001,5.1879802E-002
1.2736460E+001,5.5059931E-002
1.2737960E+001,5.8244934E-002
1.2739460E+001,6.1429936E-002
1.2740960E+001,6.4325441E-002
1.2742460E+001,6.7058103E-002
1.2743960E+001,6.9790766E-002
1.2745460E+001,7.2272618E-002
1.2746960E+001,7.4187421E-002
1.2748460E+001,7.6102223E-002
1.2749960E+001,7.8017026E-002
1.2751460E+001,7.9121208E-002
1.2752960E+001,8.0203180E-002
1.2754460E+001,8.1285153E-002
1.2755960E+001,8.1981599E-002
1.2757460E+001,8.2461187E-002
1.2758960E+001,8.2940775E-002
1.2760460E+001,8.3314127E-002
1.2761960E+001,8.3447295E-002
1.2763460E+001,8.3580464E-002
1.2764960E+001,8.3713632E-002
1.2766460E+001,8.3586074E-002
1.2767960E+001,8.3451373E-002
1.2769460E+001,8.3316672E-002
1.2770960E+001,8.2903765E-002
1.2772460E+001,8.2334368E-002
1.2773960E+001,8.1764970E-002
1.2775460E+001,8.0968462E-002
1.2776960E+001,7.9658487E-002
1.2778460E+001,7.8348512E-002
1.2779960E+001,7.7038537E-002
1.2781460E+001,7.4791128E-002
1.2782960E+001,7.2518035E-002
1.2784460E+001,7.0244943E-002
1.2785960E+001,6.7404724E-002
1.2787460E+001,6.4245496E-002
1.2788960E+001,6.1086268E-002
1.2790460E+001,5.7797496E-002
1.2791960E+001,5.4215842E-002
1.2793460E+001,5.0634188E-002
1.2794960E+001,4.7052534E-002
1.2796460E+001,4.3786724E-002
1.2797960E+001,4.0529569E-002
1.2799460E+001,3.7272413E-002
1.2800960E+001,3.4714683E-002
1.2802460E+001,3.2550381E-002
1.2803960E+001,3.0386078E-002
1.2805460E+001,2.8705859E-002
1.2806960E+001,2.8120090E-002
1.2808460E+001,2.7534321E-002
1.2809960E+001,2.6948552E-002
1.2811460E+001,2.7901228E-002
1.2812960E+001,2.8896054E-002
1.2814460E+001,2.9890880E-002
1.2815960E+001,3.1590941E-002
1.2817460E+001,3.3687699E-002
1.2818960E+001,3.5784457E-002
1.2820460E+001,3.7988380E-002
1.2821960E+001,4.0434589E-002
1.2823460E+001,4.2880799E-002
1.2824960E+001,4.5327009E-002
1.2826460E+001,4.7412965E-002
1.2827960E+001,4.9489050E-002
1.2829460E+001,5.1565136E-002
1.2830960E+001,5.3125752E-002
1.2832460E+001,5.4396416E-002
1.2833960E+001,5.5667080E-002
1.2835460E+001,5.6667377E-002
1.2836960E+001,5.7056407E-002
1.2838460E+001,5.7445437E-002
1.2839960E+001,5.7834468E-002
1.2841460E+001,5.7524216E-002
1.2842960E+001,5.7194805E-002
1.2844460E+001,5.6865394E-002
1.2845960E+001,5.6193619E-002
1.2847460E+001,5.5329264E-002
1.2848960E+001,5.4464908E-002
1.2850460E+001,5.3446421E-002
1.2851960E+001,5.2079461E-002
1.2853460E+001,5.0712501E-002
1.2854960E+001,4.9345541E-002
1.2856460E+001,4.7355699E-002
1.2857960E+001,4.5348793E-002
1.2859460E+001,4.3341886E-002
1.2860960E+001,4.0815125E-002
1.2862460E+001,3.7995945E-002
1.2863960E+001,3.5176766E-002
1.2865460E+001,3.2103537E-002
1.2866960E+001,2.8455936E-002
1.2868460E+001,2.4808335E-002
1.2869960E+001,2.1160734E-002
1.2871460E+001,1.6961397E-002
1.2872960E+001,1.2746944E-002
1.2874460E+001,8.5324902E-003
1.2875960E+001,4.2837719E-003
1.2877460E+001,1.5779486E-005
1.2878960E+001,-4.2522129E-003
1.2880460E+001,-8.3522522E-003
1.2881960E+001,-1.2072571E-002
1.2883460E+001,-1.5792890E-002
1.2884960E+001,-1.9513209E-002
1.2886460E+001,-2.2242674E-002
1.2887960E+001,-2.4944992E-002
1.2889460E+001,-2.7647310E-002
1.2890960E+001,-2.9588029E-002
1.2892460E+001,-3.1100349E-002
1.2893960E+001,-3.2612668E-002
1.2895460E+001,-3.3811382E-002
1.2896960E+001,-3.4301073E-002
1.2898460E+001,-3.4790765E-002
1.2899960E+001,-3.5280456E-002
1.2901460E+001,-3.5174307E-002
1.2902960E+001,-3.5051832E-002
1.2904460E+001,-3.4929358E-002
1.2905960E+001,-3.4716969E-002
1.2907460E+001,-3.4454003E-002
1.2908960E+001,-3.4191037E-002
1.2910460E+001,-3.3991780E-002
1.2911960E+001,-3.3936561E-002
1.2913460E+001,-3.3881342E-002
1.2914960E+001,-3.3826123E-002
1.2916460E+001,-3.4080416E-002
1.2917960E+001,-3.4343189E-002
1.2919460E+001,-3.4605962E-002
1.2920960E+001,-3.4984327E-002
1.2922460E+001,-3.5427713E-002
1.2923960E+001,-3.5871099E-002
1.2925460E+001,-3.6278105E-002
1.2926960E+001,-3.6602860E-002
1.2928460E+001,-3.6927616E-002
1.2929960E+001,-3.7252372E-002
1.2931460E+001,-3.7146553E-002
1.2932960E+001,-3.7028937E-002
1.2934460E+001,-3.6911322E-002
1.2935960E+001,-3.6371381E-002
1.2937460E+001,-3.5593883E-002
1.2938960E+001,-3.4816385E-002
1.2940460E+001,-3.3825812E-002
1.2941960E+001,-3.2353508E-002
1.2943460E+001,-3.0881203E-002
1.2944960E+001,-2.9408898E-002
1.2946460E+001,-2.7408963E-002
1.2947960E+001,-2.5394573E-002
1.2949460E+001,-2.3380182E-002
1.2950960E+001,-2.1204750E-002
1.2952460E+001,-1.8938731E-002
1.2953960E+001,-1.6672713E-002
1.2955460E+001,-1.4438599E-002
1.2956960E+001,-1.2276619E-002
1.2958460E+001,-1.0114639E-002
1.2959960E+001,-7.9526582E-003
1.2961460E+001,-6.2341059E-003
1.2962960E+001,-4.5277024E-003
1.2964460E+001,-2.8212989E-003
1.2965960E+001,-1.5917653E-003
1.2967460E+001,-6.3047115E-004
1.2968960E+001,3.3082297E-004
1.2970460E+001,1.0092486E-003
1.2971960E+001,1.0481448E-003
1.2973460E+001,1.0870410E-003
1.2974960E+001,1.1259372E-003
1.2976460E+001,2.4628799E-004
1.2977960E+001,-6.5852701E-004
1.2979460E+001,-1.5633420E-003
1.2980960E+001,-2.9703611E-003
1.2982460E+001,-4.6598702E-003
1.2983960E+001,-6.3493793E-003
1.2985460E+001,-8.1809043E-003
1.2986960E+001,-1.0333509E-002
1.2988460E+001,-1.2486114E-002
1.2989960E+001,-1.4638719E-002
1.2991460E+001,-1.6840628E-002
1.2992960E+001,-1.9043889E-002
1.2994460E+001,-2.1247149E-002
1.2995960E+001,-2.3229050E-002
1.2997460E+001,-2.5086436E-002
1.2998960E+001,-2.6943822E-002
1.3000460E+001,-2.8607622E-002
1.3001960E+001,-2.9833748E-002
1.3003460E+001,-3.1059875E-002
1.3004960E+001,-3.2286001E-002
1.3006460E+001,-3.2765796E-002
1.3007960E+001,-3.3225143E-002
1.3009460E+001,-3.3684490E-002
1.3010960E+001,-3.3643251E-002
1.3012460E+001,-3.3320432E-002
1.3013960E+001,-3.2997612E-002
1.3015460E+001,-3.2445858E-002
1.3016960E+001,-3.1376511E-002
1.3018460E+001,-3.0307164E-002
1.3019960E+001,-2.9237817E-002
1.3021460E+001,-2.7468968E-002
1.3022960E+001,-2.5680955E-002
1.3024460E+001,-2.3892941E-002
1.3025960E+001,-2.1650886E-002
1.3027460E+001,-1.9153431E-002
1.3028960E+001,-1.6655977E-002
1.3030460E+001,-1.3950353E-002
1.3031960E+001,-1.0774083E-002
1.3033460E+001,-7.5978136E-003
1.3034960E+001,-4.4215441E-003
1.3036460E+001,-6.9369023E-004
1.3037960E+001,3.0492757E-003
1.3039460E+001,6.7922416E-003
1.3040960E+001,1.0749811E-002
1.3042460E+001,1.4828095E-002
1.3043960E+001,1.8906379E-002
1.3045460E+001,2.2983408E-002
1.3046960E+001,2.7057598E-002
1.3048460E+001,3.1131789E-002
1.3049960E+001,3.5205980E-002
1.3051460E+001,3.8896514E-002
1.3052960E+001,4.2576537E-002
1.3054460E+001,4.6256560E-002
1.3055960E+001,4.9452215E-002
1.3057460E+001,5.2375412E-002
1.3058960E+001,5.5298610E-002
1.3060460E+001,5.7908386E-002
1.3061960E+001,5.9809555E-002
1.3063460E+001,6.1710724E-002
1.3064960E+001,6.3611894E-002
1.3066460E+001,6.4399178E-002
1.3067960E+001,6.5155944E-002
1.3069460E+001,6.5912711E-002
1.3070960E+001,6.5961348E-002
1.3072460E+001,6.5611662E-002
1.3073960E+001,6.5261976E-002
1.3075460E+001,6.4630850E-002
1.3076960E+001,6.3363424E-002
1.3078460E+001,6.2095999E-002
1.3079960E+001,6.0828573E-002
1.3081460E+001,5.8961170E-002
1.3082960E+001,5.7077329E-002
1.3084460E+001,5.5193487E-002
1.3085960E+001,5.3138130E-002
1.3087460E+001,5.0986294E-002
1.3088960E+001,4.8834459E-002
1.3090460E+001,4.6697539E-002
1.3091960E+001,4.4594341E-002
1.3093460E+001,4.2491143E-002
1.3094960E+001,4.0387945E-002
1.3096460E+001,3.8545489E-002
1.3097960E+001,3.6710177E-002
1.3099460E+001,3.4874865E-002
1.3100960E+001,3.3271165E-002
1.3102460E+001,3.1797746E-002
1.3103960E+001,3.0324328E-002
1.3105460E+001,2.8956923E-002
1.3106960E+001,2.7829198E-002
1.3108460E+001,2.6701474E-002
1.3109960E+001,2.5573749E-002
1.3111460E+001,2.4699564E-002
1.3112960E+001,2.3832325E-002
1.3114460E+001,2.2965086E-002
1.3115960E+001,2.2193352E-002
1.3117460E+001,2.1475339E-002
1.3118960E+001,2.0757326E-002
1.3120460E+001,2.0052024E-002
1.3121960E+001,1.9375457E-002
1.3123460E+001,1.8698890E-002
1.3124960E+001,1.8022323E-002
1.3126460E+001,1.7299329E-002
1.3127960E+001,1.6575064E-002
1.3129460E+001,1.5850798E-002
1.3130960E+001,1.5054804E-002
1.3132460E+001,1.4218464E-002
1.3133960E+001,1.3382124E-002
1.3135460E+001,1.2499107E-002
1.3136960E+001,1.1510562E-002
1.3138460E+001,1.0522017E-002
1.3139960E+001,9.5334721E-003
1.3141460E+001,8.3740219E-003
1.3142960E+001,7.2098894E-003
1.3144460E+001,6.0457569E-003
1.3145960E+001,4.7594237E-003
1.3147460E+001,3.4043525E-003
1.3148960E+001,2.0492814E-003
1.3150460E+001,6.3521260E-004
1.3151960E+001,-9.1224230E-004
1.3153460E+001,-2.4596972E-003
1.3154960E+001,-4.0071521E-003
1.3156460E+001,-5.6964867E-003
1.3157960E+001,-7.3897084E-003
1.3159460E+001,-9.0829302E-003
1.3160960E+001,-1.0774801E-002
1.3162460E+001,-1.2465913E-002
1.3163960E+001,-1.4157025E-002
1.3165460E+001,-1.5760615E-002
1.3166960E+001,-1.7166331E-002
1.3168460E+001,-1.8572047E-002
1.3169960E+001,-1.9977763E-002
1.3171460E+001,-2.0726144E-002
1.3172960E+001,-2.1456515E-002
1.3174460E+001,-2.2186886E-002
1.3175960E+001,-2.2234387E-002
1.3177460E+001,-2.1897772E-002
1.3178960E+001,-2.1561158E-002
1.3180460E+001,-2.0821844E-002
1.3181960E+001,-1.9172079E-002
1.3183460E+001,-1.7522313E-002
1.3184960E+001,-1.5872547E-002
1.3186460E+001,-1.2969232E-002
1.3187960E+001,-1.0031573E-002
1.3189460E+001,-7.0939132E-003
1.3190960E+001,-3.5531019E-003
1.3192460E+001,3.2698282E-004
1.3193960E+001,4.2070675E-003
1.3195460E+001,8.1870374E-003
1.3196960E+001,1.2392835E-002
1.3198460E+001,1.6598633E-002
1.3199960E+001,2.0804430E-002
1.3201460E+001,2.4587188E-002
1.3202960E+001,2.8358356E-002
1.3204460E+001,3.2129524E-002
1.3205960E+001,3.5147999E-002
1.3207460E+001,3.7743084E-002
1.3208960E+001,4.0338169E-002
1.3210460E+001,4.2397401E-002
1.3211960E+001,4.3245141E-002
1.3213460E+001,4.4092880E-002
1.3214960E+001,4.4940619E-002
1.3216460E+001,4.3803591E-002
1.3217960E+001,4.2612185E-002
1.3219460E+001,4.1420778E-002
1.3220960E+001,3.8953139E-002
1.3222460E+001,3.5767616E-002
1.3223960E+001,3.2582094E-002
1.3225460E+001,2.8904901E-002
1.3226960E+001,2.4116100E-002
1.3228460E+001,1.9327300E-002
1.3229960E+001,1.4538499E-002
1.3231460E+001,8.8707769E-003
1.3232960E+001,3.1789741E-003
1.3234460E+001,-2.5128287E-003
1.3235960E+001,-8.1927172E-003
1.3237460E+001,-1.3865904E-002
1.3238960E+001,-1.9539090E-002
1.3240460E+001,-2.4902003E-002
1.3241960E+001,-2.9563424E-002
1.3243460E+001,-3.4224846E-002
1.3244960E+001,-3.8886267E-002
1.3246460E+001,-4.1725708E-002
1.3247960E+001,-4.4515231E-002
1.3249460E+001,-4.7304754E-002
1.3250960E+001,-4.8568395E-002
1.3252460E+001,-4.8973727E-002
1.3253960E+001,-4.9379059E-002
1.3255460E+001,-4.9047853E-002
1.3256960E+001,-4.7051428E-002
1.3258460E+001,-4.5055003E-002
1.3259960E+001,-4.3058578E-002
1.3261460E+001,-3.9194536E-002
1.3262960E+001,-3.5279326E-002
1.3264460E+001,-3.1364116E-002
1.3265960E+001,-2.6753435E-002
1.3267460E+001,-2.1751550E-002
1.3268960E+001,-1.6749665E-002
1.3270460E+001,-1.1701206E-002
1.3271960E+001,-6.5474505E-003
1.3273460E+001,-1.3936950E-003
1.3274960E+001,3.7600606E-003
1.3276460E+001,8.2803149E-003
1.3277960E+001,1.2783213E-002
1.3279460E+001,1.7286111E-002
1.3280960E+001,2.1030875E-002
1.3282460E+001,2.4349188E-002
1.3283960E+001,2.7667502E-002
1.3285460E+001,3.0547024E-002
1.3286960E+001,3.2434494E-002
1.3288460E+001,3.4321964E-002
1.3289960E+001,3.6209434E-002
1.3291460E+001,3.6685349E-002
1.3292960E+001,3.7122591E-002
1.3294460E+001,3.7559833E-002
1.3295960E+001,3.7149889E-002
1.3297460E+001,3.6263403E-002
1.3298960E+001,3.5376917E-002
1.3300460E+001,3.4149384E-002
1.3301960E+001,3.2150791E-002
1.3303460E+001,3.0152198E-002
1.3304960E+001,2.8153604E-002
1.3306460E+001,2.5333174E-002
1.3307960E+001,2.2490228E-002
1.3309460E+001,1.9647281E-002
1.3310960E+001,1.6467542E-002
1.3312460E+001,1.3098357E-002
1.3313960E+001,9.7291717E-003
1.3315460E+001,6.3115108E-003
1.3316960E+001,2.7842529E-003
1.3318460E+001,-7.4300505E-004
1.3319960E+001,-4.2702630E-003
1.3321460E+001,-7.5600197E-003
1.3322960E+001,-1.0843270E-002
1.3324460E+001,-1.4126519E-002
1.3325960E+001,-1.7006988E-002
1.3327460E+001,-1.9660892E-002
1.3328960E+001,-2.2314795E-002
1.3330460E+001,-2.4689988E-002
1.3331960E+001,-2.6435051E-002
1.3333460E+001,-2.8180114E-002
1.3334960E+001,-2.9925177E-002
1.3336460E+001,-3.0717896E-002
1.3337960E+001,-3.1484523E-002
1.3339460E+001,-3.2251151E-002
1.3340960E+001,-3.2525556E-002
1.3342460E+001,-3.2523085E-002
1.3343960E+001,-3.2520615E-002
1.3345460E+001,-3.2425952E-002
1.3346960E+001,-3.2122853E-002
1.3348460E+001,-3.1819755E-002
1.3349960E+001,-3.1516657E-002
1.3351460E+001,-3.1501427E-002
1.3352960E+001,-3.1494085E-002
1.3354460E+001,-3.1486742E-002
1.3355960E+001,-3.1997583E-002
1.3357460E+001,-3.2799902E-002
1.3358960E+001,-3.3602221E-002
1.3360460E+001,-3.4720852E-002
1.3361960E+001,-3.6554624E-002
1.3363460E+001,-3.8388395E-002
1.3364960E+001,-4.0222167E-002
1.3366460E+001,-4.2876584E-002
1.3367960E+001,-4.5553485E-002
1.3369460E+001,-4.8230385E-002
1.3370960E+001,-5.1083222E-002
1.3372460E+001,-5.4035023E-002
1.3373960E+001,-5.6986824E-002
1.3375460E+001,-5.9785122E-002
1.3376960E+001,-6.2236368E-002
1.3378460E+001,-6.4687615E-002
1.3379960E+001,-6.7138861E-002
1.3381460E+001,-6.8390686E-002
1.3382960E+001,-6.9609649E-002
1.3384460E+001,-7.0828613E-002
1.3385960E+001,-7.0970916E-002
1.3387460E+001,-7.0507598E-002
1.3388960E+001,-7.0044279E-002
1.3390460E+001,-6.9058233E-002
1.3391960E+001,-6.6890367E-002
1.3393460E+001,-6.4722501E-002
1.3394960E+001,-6.2554634E-002
1.3396460E+001,-5.9135610E-002
1.3397960E+001,-5.5682307E-002
1.3399460E+001,-5.2229005E-002
1.3400960E+001,-4.8430806E-002
1.3402460E+001,-4.4438602E-002
1.3403960E+001,-4.0446399E-002
1.3405460E+001,-3.6557174E-002
1.3406960E+001,-3.2900772E-002
1.3408460E+001,-2.9244370E-002
1.3409960E+001,-2.5587968E-002
1.3411460E+001,-2.3020533E-002
1.3412960E+001,-2.0482933E-002
1.3414460E+001,-1.7945333E-002
1.3415960E+001,-1.6454405E-002
1.3417460E+001,-1.5552232E-002
1.3418960E+001,-1.4650059E-002
1.3420460E+001,-1.4299738E-002
1.3421960E+001,-1.5197084E-002
1.3423460E+001,-1.6094430E-002
1.3424960E+001,-1.6991776E-002
1.3426460E+001,-1.9465378E-002
1.3427960E+001,-2.1982165E-002
1.3429460E+001,-2.4498953E-002
1.3430960E+001,-2.7764721E-002
1.3432460E+001,-3.1451792E-002
1.3433960E+001,-3.5138862E-002
1.3435460E+001,-3.8995259E-002
1.3436960E+001,-4.3234482E-002
1.3438460E+001,-4.7473704E-002
1.3439960E+001,-5.1712926E-002
1.3441460E+001,-5.5814773E-002
1.3442960E+001,-5.9912856E-002
1.3444460E+001,-6.4010939E-002
1.3445960E+001,-6.7578866E-002
1.3447460E+001,-7.0848580E-002
1.3448960E+001,-7.4118294E-002
1.3450460E+001,-7.6950629E-002
1.3451960E+001,-7.8794106E-002
1.3453460E+001,-8.0637583E-002
1.3454960E+001,-8.2481060E-002
1.3456460E+001,-8.2538615E-002
1.3457960E+001,-8.2547240E-002
1.3459460E+001,-8.2555865E-002
1.3460960E+001,-8.1318787E-002
1.3462460E+001,-7.9381000E-002
1.3463960E+001,-7.7443213E-002
1.3465460E+001,-7.4989092E-002
1.3466960E+001,-7.1367608E-002
1.3468460E+001,-6.7746124E-002
1.3469960E+001,-6.4124640E-002
1.3471460E+001,-5.9479061E-002
1.3472960E+001,-5.4805425E-002
1.3474460E+001,-5.0131788E-002
1.3475960E+001,-4.5345759E-002
1.3477460E+001,-4.0496510E-002
1.3478960E+001,-3.5647260E-002
1.3480460E+001,-3.1016627E-002
1.3481960E+001,-2.6880256E-002
1.3483460E+001,-2.2743886E-002
1.3484960E+001,-1.8607515E-002
1.3486460E+001,-1.5773147E-002
1.3487960E+001,-1.2974451E-002
1.3489460E+001,-1.0175755E-002
1.3490960E+001,-8.3295219E-003
1.3492460E+001,-7.0190502E-003
1.3493960E+001,-5.7085785E-003
1.3495460E+001,-4.7418484E-003
1.3496960E+001,-4.5522739E-003
1.3498460E+001,-4.3626994E-003
1.3499960E+001,-4.1731250E-003
1.3501460E+001,-4.3698590E-003
1.3502960E+001,-4.5771770E-003
1.3504460E+001,-4.7844949E-003
1.3505960E+001,-4.7505724E-003
1.3507460E+001,-4.5809520E-003
1.3508960E+001,-4.4113316E-003
1.3510460E+001,-3.9704522E-003
1.3511960E+001,-2.9162910E-003
1.3513460E+001,-1.8621297E-003
1.3514960E+001,-8.0796844E-004
1.3516460E+001,1.1660455E-003
1.3517960E+001,3.1652611E-003
1.3519460E+001,5.1644766E-003
1.3520960E+001,7.5385869E-003
1.3522460E+001,1.0123576E-002
1.3523960E+001,1.2708565E-002
1.3525460E+001,1.5295410E-002
1.3526960E+001,1.7886454E-002
1.3528460E+001,2.0477498E-002
1.3529960E+001,2.3068542E-002
1.3531460E+001,2.5135495E-002
1.3532960E+001,2.7188090E-002
1.3534460E+001,2.9240684E-002
1.3535960E+001,3.0744290E-002
1.3537460E+001,3.1939089E-002
1.3538960E+001,3.3133888E-002
1.3540460E+001,3.4055512E-002
1.3541960E+001,3.4359525E-002
1.3543460E+001,3.4663537E-002
1.3544960E+001,3.4967550E-002
1.3546460E+001,3.4598934E-002
1.3547960E+001,3.4211890E-002
1.3549460E+001,3.3824846E-002
1.3550960E+001,3.3203824E-002
1.3552460E+001,3.2451190E-002
1.3553960E+001,3.1698556E-002
1.3555460E+001,3.0941993E-002
1.3556960E+001,3.0176547E-002
1.3558460E+001,2.9411102E-002
1.3559960E+001,2.8645657E-002
1.3561460E+001,2.8178687E-002
1.3562960E+001,2.7719895E-002
1.3564460E+001,2.7261102E-002
1.3565960E+001,2.7162164E-002
1.3567460E+001,2.7265643E-002
1.3568960E+001,2.7369122E-002
1.3570460E+001,2.7695910E-002
1.3571960E+001,2.8527570E-002
1.3573460E+001,2.9359230E-002
1.3574960E+001,3.0190889E-002
1.3576460E+001,3.1768135E-002
1.3577960E+001,3.3365809E-002
1.3579460E+001,3.4963482E-002
1.3580960E+001,3.6965801E-002
1.3582460E+001,3.9195734E-002
1.3583960E+001,4.1425666E-002
1.3585460E+001,4.3750049E-002
1.3586960E+001,4.6287972E-002
1.3588460E+001,4.8825895E-002
1.3589960E+001,5.1363818E-002
1.3591460E+001,5.3738278E-002
1.3592960E+001,5.6108260E-002
1.3594460E+001,5.8478241E-002
1.3595960E+001,6.0408169E-002
1.3597460E+001,6.2090567E-002
1.3598960E+001,6.3772964E-002
1.3600460E+001,6.5117877E-002
1.3601960E+001,6.5699781E-002
1.3603460E+001,6.6281685E-002
1.3604960E+001,6.6863588E-002
1.3606460E+001,6.6207263E-002
1.3607960E+001,6.5517014E-002
1.3609460E+001,6.4826764E-002
1.3610960E+001,6.3403508E-002
1.3612460E+001,6.1567937E-002
1.3613960E+001,5.9732365E-002
1.3615460E+001,5.7660814E-002
1.3616960E+001,5.5055745E-002
1.3618460E+001,5.2450677E-002
1.3619960E+001,4.9845608E-002
1.3621460E+001,4.6967612E-002
1.3622960E+001,4.4082138E-002
1.3624460E+001,4.1196664E-002
1.3625960E+001,3.8413768E-002
1.3627460E+001,3.5688572E-002
1.3628960E+001,3.2963376E-002
1.3630460E+001,3.0371243E-002
1.3631960E+001,2.8079948E-002
1.3633460E+001,2.5788653E-002
1.3634960E+001,2.3497358E-002
1.3636460E+001,2.1700601E-002
1.3637960E+001,1.9917394E-002
1.3639460E+001,1.8134187E-002
1.3640960E+001,1.6628764E-002
1.3642460E+001,1.5279594E-002
1.3643960E+001,1.3930425E-002
1.3645460E+001,1.2674116E-002
1.3646960E+001,1.1627754E-002
1.3648460E+001,1.0581392E-002
1.3649960E+001,9.5350306E-003
1.3651460E+001,8.6731926E-003
1.3652960E+001,7.8164101E-003
1.3654460E+001,6.9596276E-003
1.3655960E+001,6.1802369E-003
1.3657460E+001,5.4443790E-003
1.3658960E+001,4.7085212E-003
1.3660460E+001,3.9974075E-003
1.3661960E+001,3.3422369E-003
1.3663460E+001,2.6870664E-003
1.3664960E+001,2.0318959E-003
1.3666460E+001,1.4162002E-003
1.3667960E+001,8.0158597E-004
1.3669460E+001,1.8697178E-004
1.3670960E+001,-4.3569645E-004
1.3672460E+001,-1.0628951E-003
1.3673960E+001,-1.6900937E-003
1.3675460E+001,-2.3388008E-003
1.3676960E+001,-3.0361356E-003
1.3678460E+001,-3.7334705E-003
1.3679960E+001,-4.4308053E-003
1.3681460E+001,-5.2383871E-003
1.3682960E+001,-6.0489894E-003
1.3684460E+001,-6.8595917E-003
1.3685960E+001,-7.7515792E-003
1.3687460E+001,-8.6893460E-003
1.3688960E+001,-9.6271128E-003
1.3690460E+001,-1.0597132E-002
1.3691960E+001,-1.1640071E-002
1.3693460E+001,-1.2683009E-002
1.3694960E+001,-1.3725948E-002
1.3696460E+001,-1.4810817E-002
1.3697960E+001,-1.5896835E-002
1.3699460E+001,-1.6982852E-002
1.3700960E+001,-1.8028164E-002
1.3702460E+001,-1.9050578E-002
1.3703960E+001,-2.0072992E-002
1.3705460E+001,-2.1031500E-002
1.3706960E+001,-2.1845526E-002
1.3708460E+001,-2.2659552E-002
1.3709960E+001,-2.3473577E-002
1.3711460E+001,-2.3941344E-002
1.3712960E+001,-2.4399625E-002
1.3714460E+001,-2.4857905E-002
1.3715960E+001,-2.5034751E-002
1.3717460E+001,-2.5053291E-002
1.3718960E+001,-2.5071830E-002
1.3720460E+001,-2.4969087E-002
1.3721960E+001,-2.4592140E-002
1.3723460E+001,-2.4215193E-002
1.3724960E+001,-2.3838246E-002
1.3726460E+001,-2.3256994E-002
1.3727960E+001,-2.2670144E-002
1.3729460E+001,-2.2083295E-002
1.3730960E+001,-2.1526348E-002
1.3732460E+001,-2.0986222E-002
1.3733960E+001,-2.0446096E-002
1.3735460E+001,-1.9979957E-002
1.3736960E+001,-1.9681093E-002
1.3738460E+001,-1.9382228E-002
1.3739960E+001,-1.9083364E-002
1.3741460E+001,-1.9025632E-002
1.3742960E+001,-1.8974506E-002
1.3744460E+001,-1.8923380E-002
1.3745960E+001,-1.8889079E-002
1.3747460E+001,-1.8864240E-002
1.3748960E+001,-1.8839402E-002
1.3750460E+001,-1.8710256E-002
1.3751960E+001,-1.8345282E-002
1.3753460E+001,-1.7980308E-002
1.3754960E+001,-1.7615335E-002
1.3756460E+001,-1.6590594E-002
1.3757960E+001,-1.5547777E-002
1.3759460E+001,-1.4504959E-002
1.3760960E+001,-1.2945011E-002
1.3762460E+001,-1.1094176E-002
1.3763960E+001,-9.2433412E-003
1.3765460E+001,-7.1965010E-003
1.3766960E+001,-4.7065181E-003
1.3768460E+001,-2.2165352E-003
1.3769960E+001,2.7344771E-004
1.3771460E+001,2.9740823E-003
1.3772960E+001,5.6804882E-003
1.3774460E+001,8.3868940E-003
1.3775960E+001,1.0902806E-002
1.3777460E+001,1.3311564E-002
1.3778960E+001,1.5720323E-002
1.3780460E+001,1.7914124E-002
1.3781960E+001,1.9621933E-002
1.3783460E+001,2.1329743E-002
1.3784960E+001,2.3037552E-002
1.3786460E+001,2.3919895E-002
1.3787960E+001,2.4779623E-002
1.3789460E+001,2.5639350E-002
1.3790960E+001,2.6040157E-002
1.3792460E+001,2.6182822E-002
1.3793960E+001,2.6325486E-002
1.3795460E+001,2.6341328E-002
1.3796960E+001,2.6070440E-002
1.3798460E+001,2.5799552E-002
1.3799960E+001,2.5528665E-002
1.3801460E+001,2.5149848E-002
1.3802960E+001,2.4768075E-002
1.3804460E+001,2.4386302E-002
1.3805960E+001,2.4032216E-002
1.3807460E+001,2.3693706E-002
1.3808960E+001,2.3355196E-002
1.3810460E+001,2.3017944E-002
1.3811960E+001,2.2683540E-002
1.3813460E+001,2.2349136E-002
1.3814960E+001,2.2014732E-002
1.3816460E+001,2.1532483E-002
1.3817960E+001,2.1046184E-002
1.3819460E+001,2.0559886E-002
1.3820960E+001,1.9895871E-002
1.3822460E+001,1.9131891E-002
1.3823960E+001,1.8367912E-002
1.3825460E+001,1.7528944E-002
1.3826960E+001,1.6520439E-002
1.3828460E+001,1.5511934E-002
1.3829960E+001,1.4503429E-002
1.3831460E+001,1.3478963E-002
1.3832960E+001,1.2454059E-002
1.3834460E+001,1.1429156E-002
1.3835960E+001,1.0616193E-002
1.3837460E+001,9.9224486E-003
1.3838960E+001,9.2287037E-003
1.3840460E+001,8.7352421E-003
1.3841960E+001,8.6945954E-003
1.3843460E+001,8.6539487E-003
1.3844960E+001,8.6133020E-003
1.3846460E+001,9.3607824E-003
1.3847960E+001,1.0129855E-002
1.3849460E+001,1.0898929E-002
1.3850960E+001,1.2137243E-002
1.3852460E+001,1.3639505E-002
1.3853960E+001,1.5141767E-002
1.3855460E+001,1.6783268E-002
1.3856960E+001,1.8739569E-002
1.3858460E+001,2.0695870E-002
1.3859960E+001,2.2652171E-002
1.3861460E+001,2.4684864E-002
1.3862960E+001,2.6719650E-002
1.3864460E+001,2.8754436E-002
1.3865960E+001,3.0617461E-002
1.3867460E+001,3.2383869E-002
1.3868960E+001,3.4150277E-002
1.3870460E+001,3.5762620E-002
1.3871960E+001,3.7026642E-002
1.3873460E+001,3.8290664E-002
1.3874960E+001,3.9554685E-002
1.3876460E+001,4.0223416E-002
1.3877960E+001,4.0875837E-002
1.3879460E+001,4.1528257E-002
1.3880960E+001,4.1768424E-002
1.3882460E+001,4.1776697E-002
1.3883960E+001,4.1784970E-002
1.3885460E+001,4.1589913E-002
1.3886960E+001,4.0935154E-002
1.3888460E+001,4.0280395E-002
1.3889960E+001,3.9625635E-002
1.3891460E+001,3.8292576E-002
1.3892960E+001,3.6940933E-002
1.3894460E+001,3.5589290E-002
1.3895960E+001,3.3779319E-002
1.3897460E+001,3.1711538E-002
1.3898960E+001,2.9643758E-002
1.3900460E+001,2.7377154E-002
1.3901960E+001,2.4661038E-002
1.3903460E+001,2.1944921E-002
1.3904960E+001,1.9228804E-002
1.3906460E+001,1.6098782E-002
1.3907960E+001,1.2957420E-002
1.3909460E+001,9.8160573E-003
1.3910960E+001,6.6507245E-003
1.3912460E+001,3.4719084E-003
1.3913960E+001,2.9309225E-004
1.3915460E+001,-2.7522060E-003
1.3916960E+001,-5.4956374E-003
1.3918460E+001,-8.2390688E-003
1.3919960E+001,-1.0982500E-002
1.3921460E+001,-1.2905697E-002
1.3922960E+001,-1.4806421E-002
1.3924460E+001,-1.6707146E-002
1.3925960E+001,-1.7949322E-002
1.3927460E+001,-1.8821065E-002
1.3928960E+001,-1.9692808E-002
1.3930460E+001,-2.0283554E-002
1.3931960E+001,-2.0239003E-002
1.3933460E+001,-2.0194452E-002
1.3934960E+001,-2.0149901E-002
1.3936460E+001,-1.9564043E-002
1.3937960E+001,-1.8963354E-002
1.3939460E+001,-1.8362665E-002
1.3940960E+001,-1.7688885E-002
1.3942460E+001,-1.6973992E-002
1.3943960E+001,-1.6259098E-002
1.3945460E+001,-1.5609265E-002
1.3946960E+001,-1.5106526E-002
1.3948460E+001,-1.4603788E-002
1.3949960E+001,-1.4101049E-002
1.3951460E+001,-1.3891447E-002
1.3952960E+001,-1.3689875E-002
1.3954460E+001,-1.3488304E-002
1.3955960E+001,-1.3397791E-002
1.3957460E+001,-1.3369749E-002
1.3958960E+001,-1.3341707E-002
1.3960460E+001,-1.3305690E-002
1.3961960E+001,-1.3251643E-002
1.3963460E+001,-1.3197596E-002
1.3964960E+001,-1.3143549E-002
1.3966460E+001,-1.2970873E-002
1.3967960E+001,-1.2794947E-002
1.3969460E+001,-1.2619021E-002
1.3970960E+001,-1.2433853E-002
1.3972460E+001,-1.2243486E-002
1.3973960E+001,-1.2053119E-002
1.3975460E+001,-1.1944638E-002
1.3976960E+001,-1.2021291E-002
1.3978460E+001,-1.2097945E-002
1.3979960E+001,-1.2174598E-002
1.3981460E+001,-1.2825774E-002
1.3982960E+001,-1.3492692E-002
1.3984460E+001,-1.4159609E-002
1.3985960E+001,-1.5336703E-002
1.3987460E+001,-1.6800772E-002
1.3988960E+001,-1.8264841E-002
1.3990460E+001,-1.9967613E-002
1.3991960E+001,-2.2210062E-002
1.3993460E+001,-2.4452512E-002
1.3994960E+001,-2.6694961E-002
1.3996460E+001,-2.9430953E-002
1.3997960E+001,-3.2180467E-002
1.3999460E+001,-3.4929980E-002
1.4000960E+001,-3.7697864E-002
1.4002460E+001,-4.0476080E-002
1.4003960E+001,-4.3254296E-002
1.4005460E+001,-4.5858592E-002
1.4006960E+001,-4.8069675E-002
1.4008460E+001,-5.0280757E-002
1.4009960E+001,-5.2491840E-002
1.4011460E+001,-5.3566824E-002
1.4012960E+001,-5.4610682E-002
1.4014460E+001,-5.5654539E-002
1.4015960E+001,-5.5647479E-002
1.4017460E+001,-5.5049277E-002
1.4018960E+001,-5.4451075E-002
1.4020460E+001,-5.3283705E-002
1.4021960E+001,-5.0829520E-002
1.4023460E+001,-4.8375335E-002
1.4024960E+001,-4.5921151E-002
1.4026460E+001,-4.1813968E-002
1.4027960E+001,-3.7661498E-002
1.4029460E+001,-3.3509027E-002
1.4030960E+001,-2.8630495E-002
1.4032460E+001,-2.3343551E-002
1.4033960E+001,-1.8056608E-002
1.4035460E+001,-1.2692596E-002
1.4036960E+001,-7.1543424E-003
1.4038460E+001,-1.6160883E-003
1.4039960E+001,3.9221658E-003
1.4041460E+001,8.7386726E-003
1.4042960E+001,1.3535405E-002
1.4044460E+001,1.8332138E-002
1.4045960E+001,2.2122506E-002
1.4047460E+001,2.5346793E-002
1.4048960E+001,2.8571080E-002
1.4050460E+001,3.1178487E-002
1.4051960E+001,3.2391205E-002
1.4053460E+001,3.3603923E-002
1.4054960E+001,3.4816641E-002
1.4056460E+001,3.4117420E-002
1.4057960E+001,3.3365818E-002
1.4059460E+001,3.2614215E-002
1.4060960E+001,3.0900188E-002
1.4062460E+001,2.8644796E-002
1.4063960E+001,2.6389405E-002
1.4065460E+001,2.3880731E-002
1.4066960E+001,2.0799420E-002
1.4068460E+001,1.7718108E-002
1.4069960E+001,1.4636797E-002
1.4071460E+001,1.1403832E-002
1.4072960E+001,8.1667128E-003
1.4074460E+001,4.9295931E-003
1.4075960E+001,1.9120228E-003
1.4077460E+001,-9.8205085E-004
1.4078960E+001,-3.8761245E-003
1.4080460E+001,-6.5820860E-003
1.4081960E+001,-8.8627499E-003
1.4083460E+001,-1.1143414E-002
1.4084960E+001,-1.3424078E-002
1.4086460E+001,-1.5031748E-002
1.4087960E+001,-1.6620981E-002
1.4089460E+001,-1.8210213E-002
1.4090960E+001,-1.9378614E-002
1.4092460E+001,-2.0310297E-002
1.4093960E+001,-2.1241981E-002
1.4095460E+001,-2.1993878E-002
1.4096960E+001,-2.2339301E-002
1.4098460E+001,-2.2684725E-002
1.4099960E+001,-2.3030149E-002
1.4101460E+001,-2.2870251E-002
1.4102960E+001,-2.2696509E-002
1.4104460E+001,-2.2522766E-002
1.4105960E+001,-2.2052480E-002
1.4107460E+001,-2.1415386E-002
1.4108960E+001,-2.0778293E-002
1.4110460E+001,-2.0017777E-002
1.4111960E+001,-1.8978220E-002
1.4113460E+001,-1.7938662E-002
1.4114960E+001,-1.6899104E-002
1.4116460E+001,-1.5558311E-002
1.4117960E+001,-1.4209265E-002
1.4119460E+001,-1.2860220E-002
1.4120960E+001,-1.1409009E-002
1.4122460E+001,-9.9003295E-003
1.4123960E+001,-8.3916503E-003
1.4125460E+001,-6.8997058E-003
1.4126960E+001,-5.4455962E-003
1.4128460E+001,-3.9914865E-003
1.4129960E+001,-2.5373769E-003
1.4131460E+001,-1.3846492E-003
1.4132960E+001,-2.4017860E-004
1.4134460E+001,9.0429200E-004
1.4135960E+001,1.6974932E-003
1.4137460E+001,2.2931051E-003
1.4138960E+001,2.8887170E-003
1.4140460E+001,3.2699287E-003
1.4141960E+001,3.1664092E-003
1.4143460E+001,3.0628897E-003
1.4144960E+001,2.9593702E-003
1.4146460E+001,2.1710670E-003
1.4147960E+001,1.3640024E-003
1.4149460E+001,5.5693779E-004
1.4150960E+001,-6.0384148E-004
1.4152460E+001,-1.9635855E-003
1.4153960E+001,-3.3233294E-003
1.4155460E+001,-4.7728654E-003
1.4156960E+001,-6.4254095E-003
1.4158460E+001,-8.0779536E-003
1.4159960E+001,-9.7304977E-003
1.4161460E+001,-1.1384358E-002
1.4162960E+001,-1.3038254E-002
1.4164460E+001,-1.4692151E-002
1.4165960E+001,-1.6182515E-002
1.4167460E+001,-1.7580893E-002
1.4168960E+001,-1.8979270E-002
1.4170460E+001,-2.0238779E-002
1.4171960E+001,-2.1184324E-002
1.4173460E+001,-2.2129870E-002
1.4174960E+001,-2.3075415E-002
1.4176460E+001,-2.3433816E-002
1.4177960E+001,-2.3776131E-002
1.4179460E+001,-2.4118446E-002
1.4180960E+001,-2.3995416E-002
1.4182460E+001,-2.3610631E-002
1.4183960E+001,-2.3225846E-002
1.4185460E+001,-2.2588794E-002
1.4186960E+001,-2.1381399E-002
1.4188460E+001,-2.0174005E-002
1.4189960E+001,-1.8966610E-002
1.4191460E+001,-1.6925435E-002
1.4192960E+001,-1.4861416E-002
1.4194460E+001,-1.2797397E-002
1.4195960E+001,-1.0235255E-002
1.4197460E+001,-7.3929176E-003
1.4198960E+001,-4.5505803E-003
1.4200460E+001,-1.5412966E-003
1.4201960E+001,1.8454316E-003
1.4203460E+001,5.2321597E-003
1.4204960E+001,8.6188879E-003
1.4206460E+001,1.2146168E-002
1.4207960E+001,1.5677298E-002
1.4209460E+001,1.9208429E-002
1.4210960E+001,2.2495327E-002
1.4212460E+001,2.5644845E-002
1.4213960E+001,2.8794363E-002
1.4215460E+001,3.1655751E-002
1.4216960E+001,3.3865714E-002
1.4218460E+001,3.6075678E-002
1.4219960E+001,3.8285642E-002
1.4221460E+001,3.9136266E-002
1.4222960E+001,3.9949647E-002
1.4224460E+001,4.0763029E-002
1.4225960E+001,4.0542546E-002
1.4227460E+001,3.9740515E-002
1.4228960E+001,3.8938484E-002
1.4230460E+001,3.7676380E-002
1.4231960E+001,3.5374110E-002
1.4233460E+001,3.3071840E-002
1.4234960E+001,3.0769569E-002
1.4236460E+001,2.7455097E-002
1.4237960E+001,2.4112892E-002
1.4239460E+001,2.0770687E-002
1.4240960E+001,1.7217591E-002
1.4242460E+001,1.3545869E-002
1.4243960E+001,9.8741458E-003
1.4245460E+001,6.3396582E-003
1.4246960E+001,3.1154417E-003
1.4248460E+001,-1.0877474E-004
1.4249960E+001,-3.3329912E-003
1.4251460E+001,-5.5062160E-003
1.4252960E+001,-7.6506463E-003
1.4254460E+001,-9.7950766E-003
1.4255960E+001,-1.1036583E-002
1.4257460E+001,-1.1770195E-002
1.4258960E+001,-1.2503807E-002
1.4260460E+001,-1.2807472E-002
1.4261960E+001,-1.2139081E-002
1.4263460E+001,-1.1470691E-002
1.4264960E+001,-1.0802300E-002
1.4266460E+001,-9.0261424E-003
1.4267960E+001,-7.2196347E-003
1.4269460E+001,-5.4131271E-003
1.4270960E+001,-3.1140652E-003
1.4272460E+001,-5.3794113E-004
1.4273960E+001,2.0381829E-003
1.4275460E+001,4.7449887E-003
1.4276960E+001,7.7472491E-003
1.4278460E+001,1.0749510E-002
1.4279960E+001,1.3751770E-002
1.4281460E+001,1.6904040E-002
1.4282960E+001,2.0060420E-002
1.4284460E+001,2.3216800E-002
1.4285960E+001,2.6318965E-002
1.4287460E+001,2.9390632E-002
1.4288960E+001,3.2462300E-002
1.4290460E+001,3.5424470E-002
1.4291960E+001,3.8139079E-002
1.4293460E+001,4.0853689E-002
1.4294960E+001,4.3568299E-002
1.4296460E+001,4.5616975E-002
1.4297960E+001,4.7647407E-002
1.4299460E+001,4.9677839E-002
1.4300960E+001,5.1067195E-002
1.4302460E+001,5.2095944E-002
1.4303960E+001,5.3124694E-002
1.4305460E+001,5.3790921E-002
1.4306960E+001,5.3637530E-002
1.4308460E+001,5.3484139E-002
1.4309960E+001,5.3330748E-002
1.4311460E+001,5.2097883E-002
1.4312960E+001,5.0835442E-002
1.4314460E+001,4.9573002E-002
1.4315960E+001,4.7826181E-002
1.4317460E+001,4.5806897E-002
1.4318960E+001,4.3787612E-002
1.4320460E+001,4.1699181E-002
1.4321960E+001,3.9454420E-002
1.4323460E+001,3.7209659E-002
1.4324960E+001,3.4964898E-002
1.4326460E+001,3.3008399E-002
1.4327960E+001,3.1059797E-002
1.4329460E+001,2.9111196E-002
1.4330960E+001,2.7559943E-002
1.4332460E+001,2.6232199E-002
1.4333960E+001,2.4904455E-002
1.4335460E+001,2.3778186E-002
1.4336960E+001,2.3107424E-002
1.4338460E+001,2.2436661E-002
1.4339960E+001,2.1765899E-002
1.4341460E+001,2.1534672E-002
1.4342960E+001,2.1315487E-002
1.4344460E+001,2.1096302E-002
1.4345960E+001,2.0978059E-002
1.4347460E+001,2.0916596E-002
1.4348960E+001,2.0855132E-002
1.4350460E+001,2.0776708E-002
1.4351960E+001,2.0659936E-002
1.4353460E+001,2.0543165E-002
1.4354960E+001,2.0426393E-002
1.4356460E+001,2.0214670E-002
1.4357960E+001,2.0000345E-002
1.4359460E+001,1.9786021E-002
1.4360960E+001,1.9569181E-002
1.4362460E+001,1.9350927E-002
1.4363960E+001,1.9132672E-002
1.4365460E+001,1.8944137E-002
1.4366960E+001,1.8822794E-002
1.4368460E+001,1.8701452E-002
1.4369960E+001,1.8580109E-002
1.4371460E+001,1.8527182E-002
1.4372960E+001,1.8476131E-002
1.4374460E+001,1.8425079E-002
1.4375960E+001,1.8287005E-002
1.4377460E+001,1.8099982E-002
1.4378960E+001,1.7912959E-002
1.4380460E+001,1.7585796E-002
1.4381960E+001,1.6941797E-002
1.4383460E+001,1.6297798E-002
1.4384960E+001,1.5653798E-002
1.4386460E+001,1.4281382E-002
1.4387960E+001,1.2889009E-002
1.4389460E+001,1.1496636E-002
1.4390960E+001,9.5481924E-003
1.4392460E+001,7.2869592E-003
1.4393960E+001,5.0257261E-003
1.4395460E+001,2.5328635E-003
1.4396960E+001,-4.8368343E-004
1.4398460E+001,-3.5002304E-003
1.4399960E+001,-6.5167774E-003
1.4401460E+001,-9.9688326E-003
1.4402960E+001,-1.3432820E-002
1.4404460E+001,-1.6896807E-002
1.4405960E+001,-2.0395135E-002
1.4407460E+001,-2.3912780E-002
1.4408960E+001,-2.7430425E-002
1.4410460E+001,-3.0852130E-002
1.4411960E+001,-3.4056930E-002
1.4413460E+001,-3.7261730E-002
1.4414960E+001,-4.0466530E-002
1.4416460E+001,-4.3102236E-002
1.4417960E+001,-4.5722349E-002
1.4419460E+001,-4.8342463E-002
1.4420960E+001,-5.0482001E-002
1.4422460E+001,-5.2351214E-002
1.4423960E+001,-5.4220428E-002
1.4425460E+001,-5.5834432E-002
1.4426960E+001,-5.6871441E-002
1.4428460E+001,-5.7908451E-002
1.4429960E+001,-5.8945460E-002
1.4431460E+001,-5.9158514E-002
1.4432960E+001,-5.9348993E-002
1.4434460E+001,-5.9539472E-002
1.4435960E+001,-5.9224293E-002
1.4437460E+001,-5.8624683E-002
1.4438960E+001,-5.8025072E-002
1.4440460E+001,-5.7228028E-002
1.4441960E+001,-5.5984610E-002
1.4443460E+001,-5.4741193E-002
1.4444960E+001,-5.3497775E-002
1.4446460E+001,-5.1867045E-002
1.4447960E+001,-5.0225703E-002
1.4449460E+001,-4.8584361E-002
1.4450960E+001,-4.6893263E-002
1.4452460E+001,-4.5174178E-002
1.4453960E+001,-4.3455093E-002
1.4455460E+001,-4.1811646E-002
1.4456960E+001,-4.0339204E-002
1.4458460E+001,-3.8866762E-002
1.4459960E+001,-3.7394320E-002
1.4461460E+001,-3.6385369E-002
1.4462960E+001,-3.5389115E-002
1.4464460E+001,-3.4392862E-002
1.4465960E+001,-3.3730372E-002
1.4467460E+001,-3.3255625E-002
1.4468960E+001,-3.2780878E-002
1.4470460E+001,-3.2412898E-002
1.4471960E+001,-3.2286306E-002
1.4473460E+001,-3.2159713E-002
1.4474960E+001,-3.2033121E-002
1.4476460E+001,-3.1910712E-002
1.4477960E+001,-3.1788419E-002
1.4479460E+001,-3.1666125E-002
1.4480960E+001,-3.1294990E-002
1.4482460E+001,-3.0783881E-002
1.4483960E+001,-3.0272773E-002
1.4485460E+001,-2.9551826E-002
1.4486960E+001,-2.8356460E-002
1.4488460E+001,-2.7161094E-002
1.4489960E+001,-2.5965729E-002
1.4491460E+001,-2.4018472E-002
1.4492960E+001,-2.2050616E-002
1.4494460E+001,-2.0082760E-002
1.4495960E+001,-1.7713547E-002
1.4497460E+001,-1.5118571E-002
1.4498960E+001,-1.2523594E-002
1.4500460E+001,-9.8336475E-003
1.4501960E+001,-6.9289850E-003
1.4503460E+001,-4.0243224E-003
1.4504960E+001,-1.1196598E-003
1.4506460E+001,1.7199190E-003
1.4507960E+001,4.5577147E-003
1.4509460E+001,7.3955103E-003
1.4510960E+001,9.9809140E-003
1.4512460E+001,1.2424347E-002
1.4513960E+001,1.4867780E-002
1.4515460E+001,1.7122605E-002
1.4516960E+001,1.8951010E-002
1.4518460E+001,2.0779416E-002
1.4519960E+001,2.2607822E-002
1.4521460E+001,2.3721343E-002
1.4522960E+001,2.4815279E-002
1.4524460E+001,2.5909214E-002
1.4525960E+001,2.6492288E-002
1.4527460E+001,2.6788002E-002
1.4528960E+001,2.7083716E-002
1.4530460E+001,2.7119641E-002
1.4531960E+001,2.6568218E-002
1.4533460E+001,2.6016796E-002
1.4534960E+001,2.5465373E-002
1.4536460E+001,2.4058809E-002
1.4537960E+001,2.2628816E-002
1.4539460E+001,2.1198823E-002
1.4540960E+001,1.9232120E-002
1.4542460E+001,1.6963517E-002
1.4543960E+001,1.4694914E-002
1.4545460E+001,1.2225711E-002
1.4546960E+001,9.3029729E-003
1.4548460E+001,6.3802353E-003
1.4549960E+001,3.4574976E-003
1.4551460E+001,2.5465811E-004
1.4552960E+001,-2.9558555E-003
1.4554460E+001,-6.1663691E-003
1.4555960E+001,-9.2359419E-003
1.4557460E+001,-1.2226235E-002
1.4558960E+001,-1.5216529E-002
1.4560460E+001,-1.7975499E-002
1.4561960E+001,-2.0211476E-002
1.4563460E+001,-2.2447453E-002
1.4564960E+001,-2.4683430E-002
1.4566460E+001,-2.5779307E-002
1.4567960E+001,-2.6843948E-002
1.4569460E+001,-2.7908588E-002
1.4570960E+001,-2.8101660E-002
1.4572460E+001,-2.7804474E-002
1.4573960E+001,-2.7507287E-002
1.4575460E+001,-2.6815687E-002
1.4576960E+001,-2.5232367E-002
1.4578460E+001,-2.3649048E-002
1.4579960E+001,-2.2065728E-002
1.4581460E+001,-1.9538220E-002
1.4582960E+001,-1.6984843E-002
1.4584460E+001,-1.4431465E-002
1.4585960E+001,-1.1572575E-002
1.4587460E+001,-8.5418332E-003
1.4588960E+001,-5.5110913E-003
1.4590460E+001,-2.5146487E-003
1.4591960E+001,4.0424793E-004
1.4593460E+001,3.3231445E-003
1.4594960E+001,6.2420411E-003
1.4596460E+001,8.4755475E-003
1.4597960E+001,1.0690276E-002
1.4599460E+001,1.2905004E-002
1.4600960E+001,1.4358175E-002
1.4602460E+001,1.5382968E-002
1.4603960E+001,1.6407762E-002
1.4605460E+001,1.6986057E-002
1.4606960E+001,1.6554876E-002
1.4608460E+001,1.6123695E-002
1.4609960E+001,1.5692513E-002
1.4611460E+001,1.3878437E-002
1.4612960E+001,1.2026473E-002
1.4614460E+001,1.0174508E-002
1.4615960E+001,7.6348657E-003
1.4617460E+001,4.7084032E-003
1.4618960E+001,1.7819407E-003
1.4620460E+001,-1.2964880E-003
1.4621960E+001,-4.7184929E-003
1.4623460E+001,-8.1404978E-003
1.4624960E+001,-1.1562503E-002
1.4626460E+001,-1.4817534E-002
1.4627960E+001,-1.8067990E-002
1.4629460E+001,-2.1318446E-002
1.4630960E+001,-2.4077629E-002
1.4632460E+001,-2.6560471E-002
1.4633960E+001,-2.9043313E-002
1.4635460E+001,-3.1166473E-002
1.4636960E+001,-3.2476439E-002
1.4638460E+001,-3.3786404E-002
1.4639960E+001,-3.5096369E-002
1.4641460E+001,-3.5104346E-002
1.4642960E+001,-3.5076651E-002
1.4644460E+001,-3.5048956E-002
1.4645960E+001,-3.4202501E-002
1.4647460E+001,-3.2895494E-002
1.4648960E+001,-3.1588486E-002
1.4650460E+001,-2.9958388E-002
1.4651960E+001,-2.7597822E-002
1.4653460E+001,-2.5237257E-002
1.4654960E+001,-2.2876691E-002
1.4656460E+001,-1.9814355E-002
1.4657960E+001,-1.6732792E-002
1.4659460E+001,-1.3651229E-002
1.4660960E+001,-1.0358753E-002
1.4662460E+001,-6.9476377E-003
1.4663960E+001,-3.5365224E-003
1.4665460E+001,-1.4989534E-004
1.4666960E+001,3.1813667E-003
1.4668460E+001,6.5126287E-003
1.4669960E+001,9.8438907E-003
1.4671460E+001,1.2730346E-002
1.4672960E+001,1.5604615E-002
1.4674460E+001,1.8478884E-002
1.4675960E+001,2.0880368E-002
1.4677460E+001,2.3015912E-002
1.4678960E+001,2.5151455E-002
1.4680460E+001,2.7019882E-002
1.4681960E+001,2.8284394E-002
1.4683460E+001,2.9548906E-002
1.4684960E+001,3.0813418E-002
1.4686460E+001,3.1256362E-002
1.4687960E+001,3.1676797E-002
1.4689460E+001,3.2097232E-002
1.4690960E+001,3.2063601E-002
1.4692460E+001,3.1774557E-002
1.4693960E+001,3.1485514E-002
1.4695460E+001,3.1025562E-002
1.4696960E+001,3.0179211E-002
1.4698460E+001,2.9332860E-002
1.4699960E+001,2.8486509E-002
1.4701460E+001,2.7191242E-002
1.4702960E+001,2.5883677E-002
1.4704460E+001,2.4576112E-002
1.4705960E+001,2.2994520E-002
1.4707460E+001,2.1258788E-002
1.4708960E+001,1.9523056E-002
1.4710460E+001,1.7667528E-002
1.4711960E+001,1.5541156E-002
1.4713460E+001,1.3414785E-002
1.4714960E+001,1.1288413E-002
1.4716460E+001,8.9178110E-003
1.4717960E+001,6.5405179E-003
1.4719460E+001,4.1632247E-003
1.4720960E+001,1.8176693E-003
1.4722460E+001,-5.1003367E-004
1.4723960E+001,-2.8377366E-003
1.4725460E+001,-5.0178302E-003
1.4726960E+001,-6.8641978E-003
1.4728460E+001,-8.7105654E-003
1.4729960E+001,-1.0556933E-002
1.4731460E+001,-1.1499070E-002
1.4732960E+001,-1.2416433E-002
1.4734460E+001,-1.3333796E-002
1.4735960E+001,-1.3456284E-002
1.4737460E+001,-1.3131654E-002
1.4738960E+001,-1.2807024E-002
1.4740460E+001,-1.2083430E-002
1.4741960E+001,-1.0457828E-002
1.4743460E+001,-8.8322265E-003
1.4744960E+001,-7.2066249E-003
1.4746460E+001,-4.5443076E-003
1.4747960E+001,-1.8535868E-003
1.4749460E+001,8.3713402E-004
1.4750960E+001,3.9007959E-003
1.4752460E+001,7.1742375E-003
1.4753960E+001,1.0447679E-002
1.4755460E+001,1.3711808E-002
1.4756960E+001,1.6954882E-002
1.4758460E+001,2.0197957E-002
1.4759960E+001,2.3441031E-002
1.4761460E+001,2.6072464E-002
1.4762960E+001,2.8687138E-002
1.4764460E+001,3.1301813E-002
1.4765960E+001,3.3229030E-002
1.4767460E+001,3.4769550E-002
1.4768960E+001,3.6310070E-002
1.4770460E+001,3.7461303E-002
1.4771960E+001,3.7732404E-002
1.4773460E+001,3.8003505E-002
1.4774960E+001,3.8274606E-002
1.4776460E+001,3.7401621E-002
1.4777960E+001,3.6497292E-002
1.4779460E+001,3.5592963E-002
1.4780960E+001,3.4161739E-002
1.4782460E+001,3.2434138E-002
1.4783960E+001,3.0706536E-002
1.4785460E+001,2.8883417E-002
1.4786960E+001,2.6844344E-002
1.4788460E+001,2.4805272E-002
1.4789960E+001,2.2766199E-002
1.4791460E+001,2.0936422E-002
1.4792960E+001,1.9112379E-002
1.4794460E+001,1.7288336E-002
1.4795960E+001,1.5852588E-002
1.4797460E+001,1.4635257E-002
1.4798960E+001,1.3417926E-002
1.4800460E+001,1.2434369E-002
1.4801960E+001,1.1979347E-002
1.4803460E+001,1.1524324E-002
1.4804960E+001,1.1069302E-002
1.4806460E+001,1.1266527E-002
1.4807960E+001,1.1481622E-002
1.4809460E+001,1.1696718E-002
1.4810960E+001,1.2176504E-002
1.4812460E+001,1.2805178E-002
1.4813960E+001,1.3433853E-002
1.4815460E+001,1.4102891E-002
1.4816960E+001,1.4863186E-002
1.4818460E+001,1.5623481E-002
1.4819960E+001,1.6383776E-002
1.4821460E+001,1.7095130E-002
1.4822960E+001,1.7805143E-002
1.4824460E+001,1.8515155E-002
1.4825960E+001,1.9173238E-002
1.4827460E+001,1.9802110E-002
1.4828960E+001,2.0430983E-002
1.4830460E+001,2.1059542E-002
1.4831960E+001,2.1687395E-002
1.4833460E+001,2.2315247E-002
1.4834960E+001,2.2943099E-002
1.4836460E+001,2.3664276E-002
1.4837960E+001,2.4388009E-002
1.4839460E+001,2.5111743E-002
1.4840960E+001,2.5915000E-002
1.4842460E+001,2.6762989E-002
1.4843960E+001,2.7610978E-002
1.4845460E+001,2.8475633E-002
1.4846960E+001,2.9377968E-002
1.4848460E+001,3.0280303E-002
1.4849960E+001,3.1182637E-002
1.4851460E+001,3.2004677E-002
1.4852960E+001,3.2824517E-002
1.4854460E+001,3.3644356E-002
1.4855960E+001,3.4321661E-002
1.4857460E+001,3.4918789E-002
1.4858960E+001,3.5515918E-002
1.4860460E+001,3.6018079E-002
1.4861960E+001,3.6305533E-002
1.4863460E+001,3.6592987E-002
1.4864960E+001,3.6880440E-002
1.4866460E+001,3.6854875E-002
1.4867960E+001,3.6820733E-002
1.4869460E+001,3.6786592E-002
1.4870960E+001,3.6574528E-002
1.4872460E+001,3.6262383E-002
1.4873960E+001,3.5950238E-002
1.4875460E+001,3.5569301E-002
1.4876960E+001,3.5032836E-002
1.4878460E+001,3.4496372E-002
1.4879960E+001,3.3959907E-002
1.4881460E+001,3.3225640E-002
1.4882960E+001,3.2485954E-002
1.4884460E+001,3.1746268E-002
1.4885960E+001,3.0859533E-002
1.4887460E+001,2.9890083E-002
1.4888960E+001,2.8920632E-002
1.4890460E+001,2.7863309E-002
1.4891960E+001,2.6607316E-002
1.4893460E+001,2.5351323E-002
1.4894960E+001,2.4095329E-002
1.4896460E+001,2.2507540E-002
1.4897960E+001,2.0910659E-002
1.4899460E+001,1.9313779E-002
1.4900960E+001,1.7481352E-002
1.4902460E+001,1.5516428E-002
1.4903960E+001,1.3551505E-002
1.4905460E+001,1.1476148E-002
1.4906960E+001,9.1511129E-003
1.4908460E+001,6.8260780E-003
1.4909960E+001,4.5010430E-003
1.4911460E+001,1.8687762E-003
1.4912960E+001,-7.7190810E-004
1.4914460E+001,-3.4125924E-003
1.4915960E+001,-6.1969749E-003
1.4917460E+001,-9.0621878E-003
1.4918960E+001,-1.1927401E-002
1.4920460E+001,-1.4813079E-002
1.4921960E+001,-1.7745027E-002
1.4923460E+001,-2.0676974E-002
1.4924960E+001,-2.3608922E-002
1.4926460E+001,-2.6374220E-002
1.4927960E+001,-2.9134953E-002
1.4929460E+001,-3.1895686E-002
1.4930960E+001,-3.4351732E-002
1.4932460E+001,-3.6636392E-002
1.4933960E+001,-3.8921052E-002
1.4935460E+001,-4.0960285E-002
1.4936960E+001,-4.2444640E-002
1.4938460E+001,-4.3928995E-002
1.4939960E+001,-4.5413351E-002
1.4941460E+001,-4.5854656E-002
1.4942960E+001,-4.6267385E-002
1.4944460E+001,-4.6680114E-002
1.4945960E+001,-4.6316884E-002
1.4947460E+001,-4.5517179E-002
1.4948960E+001,-4.4717473E-002
1.4950460E+001,-4.3561677E-002
1.4951960E+001,-4.1600805E-002
1.4953460E+001,-3.9639933E-002
1.4954960E+001,-3.7679061E-002
1.4956460E+001,-3.4848978E-002
1.4957960E+001,-3.1995080E-002
1.4959460E+001,-2.9141182E-002
1.4960960E+001,-2.6007297E-002
1.4962460E+001,-2.2715919E-002
1.4963960E+001,-1.9424542E-002
1.4965460E+001,-1.6169160E-002
1.4966960E+001,-1.2995160E-002
1.4968460E+001,-9.8211609E-003
1.4969960E+001,-6.6471614E-003
1.4971460E+001,-4.1017894E-003
1.4972960E+001,-1.5736402E-003
1.4974460E+001,9.5450902E-004
1.4975960E+001,2.8234350E-003
1.4977460E+001,4.3215476E-003
1.4978960E+001,5.8196601E-003
1.4980460E+001,6.9476249E-003
1.4981960E+001,7.2387327E-003
1.4983460E+001,7.5298406E-003
1.4984960E+001,7.8209484E-003
1.4986460E+001,6.9563721E-003
1.4987960E+001,6.0601328E-003
1.4989460E+001,5.1638936E-003
1.4990960E+001,3.6068208E-003
1.4992460E+001,1.6780289E-003
1.4993960E+001,-2.5076311E-004
1.4995460E+001,-2.4274244E-003
1.4996960E+001,-5.1644866E-003
1.4998460E+001,-7.9015488E-003
1.4999960E+001,-1.0638611E-002
1.5001460E+001,-1.3907877E-002
1.5002960E+001,-1.7191723E-002
1.5004460E+001,-2.0475570E-002
1.5005960E+001,-2.3914937E-002
1.5007460E+001,-2.7441783E-002
1.5008960E+001,-3.0968630E-002
1.5010460E+001,-3.4459652E-002
1.5011960E+001,-3.7869681E-002
1.5013460E+001,-4.1279710E-002
1.5014960E+001,-4.4689739E-002
1.5016460E+001,-4.7596698E-002
1.5017960E+001,-5.0489874E-002
1.5019460E+001,-5.3383051E-002
1.5020960E+001,-5.5704360E-002
1.5022460E+001,-5.7703995E-002
1.5023960E+001,-5.9703629E-002
1.5025460E+001,-6.1349603E-002
1.5026960E+001,-6.2195994E-002
1.5028460E+001,-6.3042384E-002
1.5029960E+001,-6.3888775E-002
1.5031460E+001,-6.3550462E-002
1.5032960E+001,-6.3179692E-002
1.5034460E+001,-6.2808921E-002
1.5035960E+001,-6.1755990E-002
1.5037460E+001,-6.0319345E-002
1.5038960E+001,-5.8882700E-002
1.5040460E+001,-5.7214407E-002
1.5041960E+001,-5.5022389E-002
1.5043460E+001,-5.2830371E-002
1.5044960E+001,-5.0638352E-002
1.5046460E+001,-4.8062474E-002
1.5047960E+001,-4.5476079E-002
1.5049460E+001,-4.2889684E-002
1.5050960E+001,-4.0241833E-002
1.5052460E+001,-3.7559414E-002
1.5053960E+001,-3.4876995E-002
1.5055460E+001,-3.2215862E-002
1.5056960E+001,-2.9602856E-002
1.5058460E+001,-2.6989850E-002
1.5059960E+001,-2.4376844E-002
1.5061460E+001,-2.1859135E-002
1.5062960E+001,-1.9344038E-002
1.5064460E+001,-1.6828940E-002
1.5065960E+001,-1.4342300E-002
1.5067460E+001,-1.1871669E-002
1.5068960E+001,-9.4010371E-003
1.5070460E+001,-6.9286490E-003
1.5071960E+001,-4.4522895E-003
1.5073460E+001,-1.9759300E-003
1.5074960E+001,5.0042942E-004
1.5076460E+001,2.9508013E-003
1.5077960E+001,5.4004612E-003
1.5079460E+001,7.8501211E-003
1.5080960E+001,1.0182271E-002
1.5082460E+001,1.2448321E-002
1.5083960E+001,1.4714370E-002
1.5085460E+001,1.6842429E-002
1.5086960E+001,1.8658509E-002
1.5088460E+001,2.0474588E-002
1.5089960E+001,2.2290667E-002
1.5091460E+001,2.3372845E-002
1.5092960E+001,2.4434916E-002
1.5094460E+001,2.5496987E-002
1.5095960E+001,2.5924873E-002
1.5097460E+001,2.5996029E-002
1.5098960E+001,2.6067186E-002
1.5100460E+001,2.5811979E-002
1.5101960E+001,2.4818908E-002
1.5103460E+001,2.3825837E-002
1.5104960E+001,2.2832766E-002
1.5106460E+001,2.0937412E-002
1.5107960E+001,1.9017338E-002
1.5109460E+001,1.7097263E-002
1.5110960E+001,1.4792253E-002
1.5112460E+001,1.2270717E-002
1.5113960E+001,9.7491801E-003
1.5115460E+001,7.1766116E-003
1.5116960E+001,4.4886666E-003
1.5118460E+001,1.8007216E-003
1.5119960E+001,-8.8722342E-004
1.5121460E+001,-3.3037301E-003
1.5122960E+001,-5.7128001E-003
1.5124460E+001,-8.1218701E-003
1.5125960E+001,-1.0113953E-002
1.5127460E+001,-1.1871480E-002
1.5128960E+001,-1.3629007E-002
1.5130460E+001,-1.5109831E-002
1.5131960E+001,-1.5965066E-002
1.5133460E+001,-1.6820301E-002
1.5134960E+001,-1.7675536E-002
1.5136460E+001,-1.7549056E-002
1.5137960E+001,-1.7395680E-002
1.5139460E+001,-1.7242303E-002
1.5140960E+001,-1.6475791E-002
1.5142460E+001,-1.5364390E-002
1.5143960E+001,-1.4252989E-002
1.5145460E+001,-1.2914369E-002
1.5146960E+001,-1.1062038E-002
1.5148460E+001,-9.2097063E-003
1.5149960E+001,-7.3573749E-003
1.5151460E+001,-5.1521834E-003
1.5152960E+001,-2.9373243E-003
1.5154460E+001,-7.2246529E-004
1.5155960E+001,1.4061993E-003
1.5157460E+001,3.4863794E-003
1.5158960E+001,5.5665595E-003
1.5160460E+001,7.4447344E-003
1.5161960E+001,8.8662012E-003
1.5163460E+001,1.0287668E-002
1.5164960E+001,1.1709135E-002
1.5166460E+001,1.2075748E-002
1.5167960E+001,1.2413461E-002
1.5169460E+001,1.2751173E-002
1.5170960E+001,1.2261449E-002
1.5172460E+001,1.1306292E-002
1.5173960E+001,1.0351134E-002
1.5175460E+001,9.0197549E-003
1.5176960E+001,6.8377874E-003
1.5178460E+001,4.6558198E-003
1.5179960E+001,2.4738523E-003
1.5181460E+001,-5.9424497E-004
1.5182960E+001,-3.6866200E-003
1.5184460E+001,-6.7789950E-003
1.5185960E+001,-1.0152875E-002
1.5187460E+001,-1.3685101E-002
1.5188960E+001,-1.7217328E-002
1.5190460E+001,-2.0730392E-002
1.5191960E+001,-2.4200134E-002
1.5193460E+001,-2.7669876E-002
1.5194960E+001,-3.1139618E-002
1.5196460E+001,-3.4123596E-002
1.5197960E+001,-3.7094266E-002
1.5199460E+001,-4.0064936E-002
1.5200960E+001,-4.2507927E-002
1.5202460E+001,-4.4654097E-002
1.5203960E+001,-4.6800268E-002
1.5205460E+001,-4.8628638E-002
1.5206960E+001,-4.9738500E-002
1.5208460E+001,-5.0848363E-002
1.5209960E+001,-5.1958225E-002
1.5211460E+001,-5.1955848E-002
1.5212960E+001,-5.1922999E-002
1.5214460E+001,-5.1890149E-002
1.5215960E+001,-5.1130269E-002
1.5217460E+001,-4.9961434E-002
1.5218960E+001,-4.8792599E-002
1.5220460E+001,-4.7319230E-002
1.5221960E+001,-4.5157350E-002
1.5223460E+001,-4.2995470E-002
1.5224960E+001,-4.0833590E-002
1.5226460E+001,-3.7988725E-002
1.5227960E+001,-3.5125148E-002
1.5229460E+001,-3.2261571E-002
1.5230960E+001,-2.9211474E-002
1.5232460E+001,-2.6056458E-002
1.5233960E+001,-2.2901442E-002
1.5235460E+001,-1.9794063E-002
1.5236960E+001,-1.6794388E-002
1.5238460E+001,-1.3794713E-002
1.5239960E+001,-1.0795037E-002
1.5241460E+001,-8.3051662E-003
1.5242960E+001,-5.8292626E-003
1.5244460E+001,-3.3533590E-003
1.5245960E+001,-1.3331571E-003
1.5247460E+001,4.3071220E-004
1.5248960E+001,2.1945815E-003
1.5250460E+001,3.7499078E-003
1.5251960E+001,4.8337449E-003
1.5253460E+001,5.9175821E-003
1.5254960E+001,7.0014192E-003
1.5256460E+001,7.6234470E-003
1.5257960E+001,8.2328223E-003
1.5259460E+001,8.8421977E-003
1.5260960E+001,9.3151204E-003
1.5262460E+001,9.7112884E-003
1.5263960E+001,1.0107456E-002
1.5265460E+001,1.0493608E-002
1.5266960E+001,1.0857114E-002
1.5268460E+001,1.1220620E-002
1.5269960E+001,1.1584126E-002
1.5271460E+001,1.1925834E-002
1.5272960E+001,1.2266945E-002
1.5274460E+001,1.2608055E-002
1.5275960E+001,1.2833756E-002
1.5277460E+001,1.2994540E-002
1.5278960E+001,1.3155323E-002
1.5280460E+001,1.3189793E-002
1.5281960E+001,1.2938684E-002
1.5283460E+001,1.2687575E-002
1.5284960E+001,1.2436466E-002
1.5286460E+001,1.1626694E-002
1.5287960E+001,1.0801615E-002
1.5289460E+001,9.9765367E-003
1.5290960E+001,8.8046220E-003
1.5292460E+001,7.4376118E-003
1.5293960E+001,6.0706015E-003
1.5295460E+001,4.6212592E-003
1.5296960E+001,2.9857747E-003
1.5298460E+001,1.3502901E-003
1.5299960E+001,-2.8519447E-004
1.5301460E+001,-1.7343487E-003
1.5302960E+001,-3.1783979E-003
1.5304460E+001,-4.6224471E-003
1.5305960E+001,-5.6191293E-003
1.5307460E+001,-6.3641672E-003
1.5308960E+001,-7.1092051E-003
1.5310460E+001,-7.5215614E-003
1.5311960E+001,-7.1817670E-003
1.5313460E+001,-6.8419726E-003
1.5314960E+001,-6.5021782E-003
1.5316460E+001,-4.9799570E-003
1.5317960E+001,-3.4253402E-003
1.5319460E+001,-1.8707235E-003
1.5320960E+001,3.5104829E-004
1.5322460E+001,2.9480952E-003
1.5323960E+001,5.5451420E-003
1.5325460E+001,8.3339432E-003
1.5326960E+001,1.1556277E-002
1.5328460E+001,1.4778610E-002
1.5329960E+001,1.8000943E-002
1.5331460E+001,2.1319149E-002
1.5332960E+001,2.4639981E-002
1.5334460E+001,2.7960813E-002
1.5335960E+001,3.1035951E-002
1.5337460E+001,3.3972888E-002
1.5338960E+001,3.6909824E-002
1.5340460E+001,3.9628543E-002
1.5341960E+001,4.1853899E-002
1.5343460E+001,4.4079255E-002
1.5344960E+001,4.6304612E-002
1.5346460E+001,4.7698479E-002
1.5347960E+001,4.9069565E-002
1.5349460E+001,5.0440652E-002
1.5350960E+001,5.1264185E-002
1.5352460E+001,5.1779721E-002
1.5353960E+001,5.2295256E-002
1.5355460E+001,5.2568022E-002
1.5356960E+001,5.2291918E-002
1.5358460E+001,5.2015813E-002
1.5359960E+001,5.1739709E-002
1.5361460E+001,5.0761647E-002
1.5362960E+001,4.9764354E-002
1.5364460E+001,4.8767060E-002
1.5365960E+001,4.7350521E-002
1.5367460E+001,4.5698156E-002
1.5368960E+001,4.4045790E-002
1.5370460E+001,4.2221478E-002
1.5371960E+001,4.0008416E-002
1.5373460E+001,3.7795354E-002
1.5374960E+001,3.5582292E-002
1.5376460E+001,3.2986552E-002
1.5377960E+001,3.0380327E-002
1.5379460E+001,2.7774103E-002
1.5380960E+001,2.5084293E-002
1.5382460E+001,2.2347468E-002
1.5383960E+001,1.9610642E-002
1.5385460E+001,1.6937242E-002
1.5386960E+001,1.4407241E-002
1.5388460E+001,1.1877239E-002
1.5389960E+001,9.3472367E-003
1.5391460E+001,7.3626421E-003
1.5392960E+001,5.3929904E-003
1.5394460E+001,3.4233386E-003
1.5395960E+001,1.9985253E-003
1.5397460E+001,8.8018404E-004
1.5398960E+001,-2.3815722E-004
1.5400460E+001,-1.0482717E-003
1.5401960E+001,-1.1615247E-003
1.5403460E+001,-1.2747778E-003
1.5404960E+001,-1.3880308E-003
1.5406460E+001,-5.5322439E-004
1.5407960E+001,3.0755652E-004
1.5409460E+001,1.1683374E-003
1.5410960E+001,2.5121730E-003
1.5412460E+001,4.1277272E-003
1.5413960E+001,5.7432814E-003
1.5415460E+001,7.4795156E-003
1.5416960E+001,9.4885921E-003
1.5418460E+001,1.1497669E-002
1.5419960E+001,1.3506745E-002
1.5421460E+001,1.5490315E-002
1.5422960E+001,1.7473185E-002
1.5424460E+001,1.9456056E-002
1.5425960E+001,2.1175532E-002
1.5427460E+001,2.2746847E-002
1.5428960E+001,2.4318163E-002
1.5430460E+001,2.5677353E-002
1.5431960E+001,2.6556956E-002
1.5433460E+001,2.7436558E-002
1.5434960E+001,2.8316160E-002
1.5436460E+001,2.8381719E-002
1.5437960E+001,2.8424976E-002
1.5439460E+001,2.8468233E-002
1.5440960E+001,2.7966406E-002
1.5442460E+001,2.7157968E-002
1.5443960E+001,2.6349529E-002
1.5445460E+001,2.5308127E-002
1.5446960E+001,2.3740024E-002
1.5448460E+001,2.2171920E-002
1.5449960E+001,2.0603817E-002
1.5451460E+001,1.8474158E-002
1.5452960E+001,1.6329115E-002
1.5454460E+001,1.4184071E-002
1.5455960E+001,1.1840260E-002
1.5457460E+001,9.3846420E-003
1.5458960E+001,6.9290239E-003
1.5460460E+001,4.4817035E-003
1.5461960E+001,2.0531428E-003
1.5463460E+001,-3.7541792E-004
1.5464960E+001,-2.8039786E-003
1.5466460E+001,-4.8456873E-003
1.5467960E+001,-6.8767972E-003
1.5469460E+001,-8.9079072E-003
1.5470960E+001,-1.0472450E-002
1.5472460E+001,-1.1774549E-002
1.5473960E+001,-1.3076647E-002
1.5475460E+001,-1.4092033E-002
1.5476960E+001,-1.4459197E-002
1.5478460E+001,-1.4826361E-002
1.5479960E+001,-1.5193525E-002
1.5481460E+001,-1.4636851E-002
1.5482960E+001,-1.4054866E-002
1.5484460E+001,-1.3472882E-002
1.5485960E+001,-1.2404663E-002
1.5487460E+001,-1.1062937E-002
1.5488960E+001,-9.7212118E-003
1.5490460E+001,-8.2507924E-003
1.5491960E+001,-6.4894124E-003
1.5493460E+001,-4.7280324E-003
1.5494960E+001,-2.9666524E-003
1.5496460E+001,-1.1774239E-003
1.5497960E+001,6.1256763E-004
1.5499460E+001,2.4025592E-003
1.5500960E+001,3.9982409E-003
1.5502460E+001,5.4846234E-003
1.5503960E+001,6.9710058E-003
1.5505460E+001,8.3053720E-003
1.5506960E+001,9.2960489E-003
1.5508460E+001,1.0286726E-002
1.5509960E+001,1.1277403E-002
1.5511460E+001,1.1760232E-002
1.5512960E+001,1.2229147E-002
1.5514460E+001,1.2698062E-002
1.5515960E+001,1.2899079E-002
1.5517460E+001,1.2949402E-002
1.5518960E+001,1.2999724E-002
1.5520460E+001,1.2967421E-002
1.5521960E+001,1.2748311E-002
1.5523460E+001,1.2529200E-002
1.5524960E+001,1.2310090E-002
1.5526460E+001,1.1929383E-002
1.5527960E+001,1.1544248E-002
1.5529460E+001,1.1159114E-002
1.5530960E+001,1.0669863E-002
1.5532460E+001,1.0122047E-002
1.5533960E+001,9.5742304E-003
1.5535460E+001,8.9508427E-003
1.5536960E+001,8.1565977E-003
1.5538460E+001,7.3623527E-003
1.5539960E+001,6.5681077E-003
1.5541460E+001,5.4393488E-003
1.5542960E+001,4.3014250E-003
1.5544460E+001,3.1635013E-003
1.5545960E+001,1.7936207E-003
1.5547460E+001,2.9326432E-004
1.5548960E+001,-1.2070921E-003
1.5550460E+001,-2.7821605E-003
1.5551960E+001,-4.5261434E-003
1.5553460E+001,-6.2701263E-003
1.5554960E+001,-8.0141092E-003
1.5556460E+001,-9.7474866E-003
1.5557960E+001,-1.1480573E-002
1.5559460E+001,-1.3213660E-002
1.5560960E+001,-1.4724889E-002
1.5562460E+001,-1.6111322E-002
1.5563960E+001,-1.7497754E-002
1.5565460E+001,-1.8673614E-002
1.5566960E+001,-1.9373394E-002
1.5568460E+001,-2.0073173E-002
1.5569960E+001,-2.0772953E-002
1.5571460E+001,-2.0539920E-002
1.5572960E+001,-2.0281331E-002
1.5574460E+001,-2.0022741E-002
1.5575960E+001,-1.9057359E-002
1.5577460E+001,-1.7694406E-002
1.5578960E+001,-1.6331452E-002
1.5580460E+001,-1.4636597E-002
1.5581960E+001,-1.2191355E-002
1.5583460E+001,-9.7461132E-003
1.5584960E+001,-7.3008710E-003
1.5586460E+001,-4.0106555E-003
1.5587960E+001,-6.9728969E-004
1.5589460E+001,2.6160761E-003
1.5590960E+001,6.2294302E-003
1.5592460E+001,1.0011528E-002
1.5593960E+001,1.3793626E-002
1.5595460E+001,1.7556006E-002
1.5596960E+001,2.1273809E-002
1.5598460E+001,2.4991612E-002
1.5599960E+001,2.8709415E-002
1.5601460E+001,3.1809964E-002
1.5602960E+001,3.4893602E-002
1.5604460E+001,3.7977239E-002
1.5605960E+001,4.0344301E-002
1.5607460E+001,4.2308287E-002
1.5608960E+001,4.4272273E-002
1.5610460E+001,4.5803577E-002
1.5611960E+001,4.6356639E-002
1.5613460E+001,4.6909702E-002
1.5614960E+001,4.7462765E-002
1.5616460E+001,4.6609673E-002
1.5617960E+001,4.5718057E-002
1.5619460E+001,4.4826441E-002
1.5620960E+001,4.3151766E-002
1.5622460E+001,4.1036619E-002
1.5623960E+001,3.8921472E-002
1.5625460E+001,3.6557149E-002
1.5626960E+001,3.3629472E-002
1.5628460E+001,3.0701795E-002
1.5629960E+001,2.7774118E-002
1.5631460E+001,2.4539945E-002
1.5632960E+001,2.1297374E-002
1.5634460E+001,1.8054803E-002
1.5635960E+001,1.4916648E-002
1.5637460E+001,1.1837227E-002
1.5638960E+001,8.7578057E-003
1.5640460E+001,5.8450357E-003
1.5641960E+001,3.3090432E-003
1.5643460E+001,7.7305063E-004
1.5644960E+001,-1.7629419E-003
1.5646460E+001,-3.5309419E-003
1.5647960E+001,-5.2779008E-003
1.5649460E+001,-7.0248596E-003
1.5650960E+001,-8.1984479E-003
1.5652460E+001,-9.0495148E-003
1.5653960E+001,-9.9005817E-003
1.5655460E+001,-1.0483951E-002
1.5656960E+001,-1.0462090E-002
1.5658460E+001,-1.0440229E-002
1.5659960E+001,-1.0418368E-002
1.5661460E+001,-9.6875226E-003
1.5662960E+001,-8.9372529E-003
1.5664460E+001,-8.1869831E-003
1.5665960E+001,-7.1335458E-003
1.5667460E+001,-5.9095766E-003
1.5668960E+001,-4.6856074E-003
1.5670460E+001,-3.4188535E-003
1.5671960E+001,-2.0553689E-003
1.5673460E+001,-6.9188426E-004
1.5674960E+001,6.7160035E-004
1.5676460E+001,1.8276781E-003
1.5677960E+001,2.9780733E-003
1.5679460E+001,4.1284686E-003
1.5680960E+001,4.9572671E-003
1.5682460E+001,5.6051673E-003
1.5683960E+001,6.2530674E-003
1.5685460E+001,6.6998142E-003
1.5686960E+001,6.6917789E-003
1.5688460E+001,6.6837436E-003
1.5689960E+001,6.6757083E-003
1.5691460E+001,6.0444332E-003
1.5692960E+001,5.3960828E-003
1.5694460E+001,4.7477324E-003
1.5695960E+001,3.7959922E-003
1.5697460E+001,2.6735950E-003
1.5698960E+001,1.5511978E-003
1.5700460E+001,3.6304237E-004
1.5701960E+001,-9.7378389E-004
1.5703460E+001,-2.3106102E-003
1.5704960E+001,-3.6474364E-003
1.5706460E+001,-4.9188473E-003
1.5707960E+001,-6.1884660E-003
1.5709460E+001,-7.4580847E-003
1.5710960E+001,-8.5318389E-003
1.5712460E+001,-9.4954192E-003
1.5713960E+001,-1.0458999E-002
1.5715460E+001,-1.1283419E-002
1.5716960E+001,-1.1793214E-002
1.5718460E+001,-1.2303009E-002
1.5719960E+001,-1.2812804E-002
1.5721460E+001,-1.2851966E-002
1.5722960E+001,-1.2878233E-002
1.5724460E+001,-1.2904500E-002
1.5725960E+001,-1.2677775E-002
1.5727460E+001,-1.2308742E-002
1.5728960E+001,-1.1939709E-002
1.5730460E+001,-1.1503037E-002
1.5731960E+001,-1.0913441E-002
1.5733460E+001,-1.0323845E-002
1.5734960E+001,-9.7342493E-003
1.5736460E+001,-9.1274108E-003
1.5737960E+001,-8.5200999E-003
1.5739460E+001,-7.9127890E-003
1.5740960E+001,-7.3990927E-003
1.5742460E+001,-6.9380547E-003
1.5743960E+001,-6.4770167E-003
1.5745460E+001,-6.0843436E-003
1.5746960E+001,-5.8462352E-003
1.5748460E+001,-5.6081267E-003
1.5749960E+001,-5.3700182E-003
1.5751460E+001,-5.3302744E-003
1.5752960E+001,-5.2959652E-003
1.5754460E+001,-5.2616560E-003
1.5755960E+001,-5.3056259E-003
1.5757460E+001,-5.3936278E-003
1.5758960E+001,-5.4816296E-003
1.5760460E+001,-5.5799400E-003
1.5761960E+001,-5.7015566E-003
1.5763460E+001,-5.8231732E-003
1.5764960E+001,-5.9447899E-003
1.5766460E+001,-6.0518411E-003
1.5767960E+001,-6.1584932E-003
1.5769460E+001,-6.2651454E-003
1.5770960E+001,-6.3688088E-003
1.5772460E+001,-6.4707911E-003
1.5773960E+001,-6.5727734E-003
1.5775460E+001,-6.6907607E-003
1.5776960E+001,-6.8449331E-003
1.5778460E+001,-6.9991055E-003
1.5779960E+001,-7.1532779E-003
1.5781460E+001,-7.4276778E-003
1.5782960E+001,-7.7053717E-003
1.5784460E+001,-7.9830656E-003
1.5785960E+001,-8.3708822E-003
1.5787460E+001,-8.8206428E-003
1.5788960E+001,-9.2704034E-003
1.5790460E+001,-9.7715636E-003
1.5791960E+001,-1.0388932E-002
1.5793460E+001,-1.1006300E-002
1.5794960E+001,-1.1623668E-002
1.5796460E+001,-1.2335538E-002
1.5797960E+001,-1.3049997E-002
1.5799460E+001,-1.3764456E-002
1.5800960E+001,-1.4461315E-002
1.5802460E+001,-1.5148275E-002
1.5803960E+001,-1.5835235E-002
1.5805460E+001,-1.6470622E-002
1.5806960E+001,-1.6989407E-002
1.5808460E+001,-1.7508192E-002
1.5809960E+001,-1.8026977E-002
1.5811460E+001,-1.8281048E-002
1.5812960E+001,-1.8527868E-002
1.5814460E+001,-1.8774687E-002
1.5815960E+001,-1.8834111E-002
1.5817460E+001,-1.8788124E-002
1.5818960E+001,-1.8742138E-002
1.5820460E+001,-1.8630130E-002
1.5821960E+001,-1.8368856E-002
1.5823460E+001,-1.8107582E-002
1.5824960E+001,-1.7846308E-002
1.5826460E+001,-1.7519537E-002
1.5827960E+001,-1.7190970E-002
1.5829460E+001,-1.6862404E-002
1.5830960E+001,-1.6590297E-002
1.5832460E+001,-1.6349949E-002
1.5833960E+001,-1.6109601E-002
1.5835460E+001,-1.5924996E-002
1.5836960E+001,-1.5866418E-002
1.5838460E+001,-1.5807839E-002
1.5839960E+001,-1.5749261E-002
1.5841460E+001,-1.5858540E-002
1.5842960E+001,-1.5972418E-002
1.5844460E+001,-1.6086296E-002
1.5845960E+001,-1.6244075E-002
1.5847460E+001,-1.6426548E-002
1.5848960E+001,-1.6609021E-002
1.5850460E+001,-1.6767023E-002
1.5851960E+001,-1.6869699E-002
1.5853460E+001,-1.6972375E-002
1.5854960E+001,-1.7075051E-002
1.5856460E+001,-1.6971999E-002
1.5857960E+001,-1.6863310E-002
1.5859460E+001,-1.6754621E-002
1.5860960E+001,-1.6463383E-002
1.5862460E+001,-1.6069461E-002
1.5863960E+001,-1.5675539E-002
1.5865460E+001,-1.5191461E-002
1.5866960E+001,-1.4503555E-002
1.5868460E+001,-1.3815648E-002
1.5869960E+001,-1.3127741E-002
1.5871460E+001,-1.2192743E-002
1.5872960E+001,-1.1250974E-002
1.5874460E+001,-1.0309206E-002
1.5875960E+001,-9.2491368E-003
1.5877460E+001,-8.1225235E-003
1.5878960E+001,-6.9959102E-003
1.5880460E+001,-5.8396021E-003
1.5881960E+001,-4.6161581E-003
1.5883460E+001,-3.3927141E-003
1.5884960E+001,-2.1692700E-003
1.5886460E+001,-9.5608324E-004
1.5887960E+001,2.5682252E-004
1.5889460E+001,1.4697283E-003
1.5890960E+001,2.5941731E-003
1.5892460E+001,3.6688585E-003
1.5893960E+001,4.7435440E-003
1.5895460E+001,5.7330478E-003
1.5896960E+001,6.5299671E-003
1.5898460E+001,7.3268863E-003
1.5899960E+001,8.1238056E-003
1.5901460E+001,8.5232019E-003
1.5902960E+001,8.9117071E-003
1.5904460E+001,9.3002122E-003
1.5905960E+001,9.3672442E-003
1.5907460E+001,9.2534472E-003
1.5908960E+001,9.1396502E-003
1.5910460E+001,8.8622947E-003
1.5911960E+001,8.2151544E-003
1.5913460E+001,7.5680141E-003
1.5914960E+001,6.9208738E-003
1.5916460E+001,5.8019068E-003
1.5917960E+001,4.6700129E-003
1.5919460E+001,3.5381190E-003
1.5920960E+001,2.1798199E-003
1.5922460E+001,6.9416772E-004
1.5923960E+001,-7.9148448E-004
1.5925460E+001,-2.3245938E-003
1.5926960E+001,-3.9649978E-003
1.5928460E+001,-5.6054018E-003
1.5929960E+001,-7.2458058E-003
1.5931460E+001,-8.8091689E-003
1.5932960E+001,-1.0370421E-002
1.5934460E+001,-1.1931674E-002
1.5935960E+001,-1.3301342E-002
1.5937460E+001,-1.4563244E-002
1.5938960E+001,-1.5825146E-002
1.5940460E+001,-1.6948164E-002
1.5941960E+001,-1.7757185E-002
1.5943460E+001,-1.8566205E-002
1.5944960E+001,-1.9375226E-002
1.5946460E+001,-1.9697827E-002
1.5947960E+001,-2.0007102E-002
1.5949460E+001,-2.0316376E-002
1.5950960E+001,-2.0351182E-002
1.5952460E+001,-2.0231600E-002
1.5953960E+001,-2.0112017E-002
1.5955460E+001,-1.9911581E-002
1.5956960E+001,-1.9528345E-002
1.5958460E+001,-1.9145109E-002
1.5959960E+001,-1.8761873E-002
1.5961460E+001,-1.8326492E-002
1.5962960E+001,-1.7889683E-002
1.5964460E+001,-1.7452874E-002
1.5965960E+001,-1.7108323E-002
1.5967460E+001,-1.6815667E-002
1.5968960E+001,-1.6523010E-002
1.5970460E+001,-1.6317117E-002
1.5971960E+001,-1.6307384E-002
1.5973460E+001,-1.6297651E-002
1.5974960E+001,-1.6287918E-002
1.5976460E+001,-1.6606854E-002
1.5977960E+001,-1.6934795E-002
1.5979460E+001,-1.7262736E-002
1.5980960E+001,-1.7786608E-002
1.5982460E+001,-1.8420691E-002
1.5983960E+001,-1.9054775E-002
1.5985460E+001,-1.9751159E-002
1.5986960E+001,-2.0588399E-002
1.5988460E+001,-2.1425639E-002
1.5989960E+001,-2.2262878E-002
1.5991460E+001,-2.3151357E-002
1.5992960E+001,-2.4041239E-002
1.5994460E+001,-2.4931121E-002
1.5995960E+001,-2.5745321E-002
1.5997460E+001,-2.6516950E-002
1.5998960E+001,-2.7288578E-002
1.6000460E+001,-2.7974014E-002
1.6001960E+001,-2.8464579E-002
1.6003460E+001,-2.8955145E-002
1.6004960E+001,-2.9445710E-002
1.6006460E+001,-2.9540483E-002
1.6007960E+001,-2.9624413E-002
1.6009460E+001,-2.9708342E-002
1.6010960E+001,-2.9491823E-002
1.6012460E+001,-2.9106300E-002
1.6013960E+001,-2.8720777E-002
1.6015460E+001,-2.8195381E-002
1.6016960E+001,-2.7353748E-002
1.6018460E+001,-2.6512116E-002
1.6019960E+001,-2.5670484E-002
1.6021460E+001,-2.4467408E-002
1.6022960E+001,-2.3254429E-002
1.6024460E+001,-2.2041450E-002
1.6025960E+001,-2.0678261E-002
1.6027460E+001,-1.9230580E-002
1.6028960E+001,-1.7782899E-002
1.6030460E+001,-1.6313786E-002
1.6031960E+001,-1.4796219E-002
1.6033460E+001,-1.3278651E-002
1.6034960E+001,-1.1761084E-002
1.6036460E+001,-1.0343663E-002
1.6037960E+001,-8.9289852E-003
1.6039460E+001,-7.5143078E-003
1.6040960E+001,-6.2689868E-003
1.6042460E+001,-5.1189289E-003
1.6043960E+001,-3.9688710E-003
1.6045460E+001,-2.9384412E-003
1.6046960E+001,-2.1784752E-003
1.6048460E+001,-1.4185093E-003
1.6049960E+001,-6.5854328E-004
1.6051460E+001,-3.3381995E-004
1.6052960E+001,-2.1021203E-005
1.6054460E+001,2.9177754E-004
1.6055960E+001,3.4301916E-004
1.6057460E+001,2.4713472E-004
1.6058960E+001,1.5125028E-004
1.6060460E+001,-2.7564079E-005
1.6061960E+001,-3.9387241E-004
1.6063460E+001,-7.6018074E-004
1.6064960E+001,-1.1264891E-003
1.6066460E+001,-1.5528508E-003
1.6067960E+001,-1.9808579E-003
1.6069460E+001,-2.4088649E-003
1.6070960E+001,-2.7340350E-003
1.6072460E+001,-3.0013591E-003
1.6073960E+001,-3.2686832E-003
1.6075460E+001,-3.4338081E-003
1.6076960E+001,-3.3678736E-003
1.6078460E+001,-3.3019391E-003
1.6079960E+001,-3.2360046E-003
1.6081460E+001,-2.7704401E-003
1.6082960E+001,-2.2939268E-003
1.6084460E+001,-1.8174134E-003
1.6085960E+001,-1.0968957E-003
1.6087460E+001,-2.3912533E-004
1.6088960E+001,6.1864505E-004
1.6090460E+001,1.5588771E-003
1.6091960E+001,2.6855443E-003
1.6093460E+001,3.8122116E-003
1.6094960E+001,4.9388789E-003
1.6096460E+001,6.1815785E-003
1.6097960E+001,7.4274571E-003
1.6099460E+001,8.6733357E-003
1.6100960E+001,9.9061866E-003
1.6102460E+001,1.1131709E-002
1.6103960E+001,1.2357232E-002
1.6105460E+001,1.3545906E-002
1.6106960E+001,1.4651269E-002
1.6108460E+001,1.5756632E-002
1.6109960E+001,1.6861995E-002
1.6111460E+001,1.7793704E-002
1.6112960E+001,1.8720655E-002
1.6114460E+001,1.9647606E-002
1.6115960E+001,2.0436235E-002
1.6117460E+001,2.1147058E-002
1.6118960E+001,2.1857881E-002
1.6120460E+001,2.2489258E-002
1.6121960E+001,2.2941019E-002
1.6123460E+001,2.3392781E-002
1.6124960E+001,2.3844542E-002
1.6126460E+001,2.3987328E-002
1.6127960E+001,2.4121649E-002
1.6129460E+001,2.4255970E-002
1.6130960E+001,2.4149380E-002
1.6132460E+001,2.3907276E-002
1.6133960E+001,2.3665173E-002
1.6135460E+001,2.3299523E-002
1.6136960E+001,2.2654552E-002
1.6138460E+001,2.2009581E-002
1.6139960E+001,2.1364610E-002
1.6141460E+001,2.0366362E-002
1.6142960E+001,1.9358435E-002
1.6144460E+001,1.8350508E-002
1.6145960E+001,1.7189289E-002
1.6147460E+001,1.5941844E-002
1.6148960E+001,1.4694399E-002
1.6150460E+001,1.3434550E-002
1.6151960E+001,1.2146659E-002
1.6153460E+001,1.0858767E-002
1.6154960E+001,9.5708756E-003
1.6156460E+001,8.4803261E-003
1.6157960E+001,7.3951834E-003
1.6159460E+001,6.3100406E-003
1.6160960E+001,5.5077150E-003
1.6162460E+001,4.8644742E-003
1.6163960E+001,4.2212335E-003
1.6165460E+001,3.7684375E-003
1.6166960E+001,3.7462131E-003
1.6168460E+001,3.7239887E-003
1.6169960E+001,3.7017643E-003
1.6171460E+001,4.3489415E-003
1.6172960E+001,5.0144588E-003
1.6174460E+001,5.6799760E-003
1.6175960E+001,6.7357680E-003
1.6177460E+001,8.0110897E-003
1.6178960E+001,9.2864115E-003
1.6180460E+001,1.0682256E-002
1.6181960E+001,1.2350586E-002
1.6183460E+001,1.4018917E-002
1.6184960E+001,1.5687248E-002
1.6186460E+001,1.7442519E-002
1.6187960E+001,1.9200173E-002
1.6189460E+001,2.0957826E-002
1.6190960E+001,2.2576989E-002
1.6192460E+001,2.4118250E-002
1.6193960E+001,2.5659512E-002
1.6195460E+001,2.7065969E-002
1.6196960E+001,2.8167653E-002
1.6198460E+001,2.9269337E-002
1.6199960E+001,3.0371020E-002
1.6201460E+001,3.0955514E-002
1.6202960E+001,3.1525837E-002
1.6204460E+001,3.2096160E-002
1.6205960E+001,3.2350005E-002
1.6207460E+001,3.2425829E-002
1.6208960E+001,3.2501654E-002
1.6210460E+001,3.2463342E-002
1.6211960E+001,3.2166982E-002
1.6213460E+001,3.1870621E-002
1.6214960E+001,3.1574261E-002
1.6216460E+001,3.1062453E-002
1.6217960E+001,3.0544742E-002
1.6219460E+001,3.0027031E-002
1.6220960E+001,2.9451939E-002
1.6222460E+001,2.8844570E-002
1.6223960E+001,2.8237200E-002
1.6225460E+001,2.7627831E-002
1.6226960E+001,2.7013938E-002
1.6228460E+001,2.6400045E-002
1.6229960E+001,2.5786153E-002
1.6231460E+001,2.5187431E-002
1.6232960E+001,2.4589125E-002
1.6234460E+001,2.3990819E-002
1.6235960E+001,2.3379269E-002
1.6237460E+001,2.2760269E-002
1.6238960E+001,2.2141269E-002
1.6240460E+001,2.1492985E-002
1.6241960E+001,2.0778494E-002
1.6243460E+001,2.0064003E-002
1.6244960E+001,1.9349512E-002
1.6246460E+001,1.8469408E-002
1.6247960E+001,1.7584767E-002
1.6249460E+001,1.6700125E-002
1.6250960E+001,1.5690823E-002
1.6252460E+001,1.4611398E-002
1.6253960E+001,1.3531973E-002
1.6255460E+001,1.2413340E-002
1.6256960E+001,1.1206062E-002
1.6258460E+001,9.9987835E-003
1.6259960E+001,8.7915051E-003
1.6261460E+001,7.6232478E-003
1.6262960E+001,6.4560596E-003
1.6264460E+001,5.2888714E-003
1.6265960E+001,4.2967010E-003
1.6267460E+001,3.4029781E-003
1.6268960E+001,2.5092553E-003
1.6270460E+001,1.7689114E-003
1.6271960E+001,1.3753380E-003
1.6273460E+001,9.8176446E-004
1.6274960E+001,5.8819096E-004
1.6276460E+001,8.1665244E-004
1.6277960E+001,1.0621562E-003
1.6279460E+001,1.3076599E-003
1.6280960E+001,1.9583671E-003
1.6282460E+001,2.8370015E-003
1.6283960E+001,3.7156360E-003
1.6285460E+001,4.7390084E-003
1.6286960E+001,6.0896151E-003
1.6288460E+001,7.4402218E-003
1.6289960E+001,8.7908284E-003
1.6291460E+001,1.0332706E-002
1.6292960E+001,1.1879823E-002
1.6294460E+001,1.3426941E-002
1.6295960E+001,1.4900434E-002
1.6297460E+001,1.6332512E-002
1.6298960E+001,1.7764591E-002
1.6300460E+001,1.9081807E-002
1.6301960E+001,2.0139332E-002
1.6303460E+001,2.1196858E-002
1.6304960E+001,2.2254383E-002
1.6306460E+001,2.2809032E-002
1.6307960E+001,2.3349902E-002
1.6309460E+001,2.3890773E-002
1.6310960E+001,2.4095804E-002
1.6312460E+001,2.4111925E-002
1.6313960E+001,2.4128045E-002
1.6315460E+001,2.4010154E-002
1.6316960E+001,2.3589279E-002
1.6318460E+001,2.3168405E-002
1.6319960E+001,2.2747530E-002
1.6321460E+001,2.2010275E-002
1.6322960E+001,2.1264352E-002
1.6324460E+001,2.0518429E-002
1.6325960E+001,1.9610404E-002
1.6327460E+001,1.8611197E-002
1.6328960E+001,1.7611990E-002
1.6330460E+001,1.6538902E-002
1.6331960E+001,1.5298780E-002
1.6333460E+001,1.4058658E-002
1.6334960E+001,1.2818536E-002
1.6336460E+001,1.1333291E-002
1.6337960E+001,9.8413300E-003
1.6339460E+001,8.3493689E-003
1.6340960E+001,6.7157845E-003
1.6342460E+001,5.0025367E-003
1.6343960E+001,3.2892890E-003
1.6345460E+001,1.5444298E-003
1.6346960E+001,-2.7189892E-004
1.6348460E+001,-2.0882276E-003
1.6349960E+001,-3.9045563E-003
1.6351460E+001,-5.6284214E-003
1.6352960E+001,-7.3497533E-003
1.6354460E+001,-9.0710851E-003
1.6355960E+001,-1.0592346E-002
1.6357460E+001,-1.2001067E-002
1.6358960E+001,-1.3409788E-002
1.6360460E+001,-1.4673505E-002
1.6361960E+001,-1.5609385E-002
1.6363460E+001,-1.6545266E-002
1.6364960E+001,-1.7481146E-002
1.6366460E+001,-1.7905271E-002
1.6367960E+001,-1.8315376E-002
1.6369460E+001,-1.8725480E-002
1.6370960E+001,-1.8834536E-002
1.6372460E+001,-1.8774251E-002
1.6373960E+001,-1.8713966E-002
1.6375460E+001,-1.8547888E-002
1.6376960E+001,-1.8142624E-002
1.6378460E+001,-1.7737360E-002
1.6379960E+001,-1.7332096E-002
1.6381460E+001,-1.6732598E-002
1.6382960E+001,-1.6127779E-002
1.6384460E+001,-1.5522960E-002
1.6385960E+001,-1.4871969E-002
1.6387460E+001,-1.4195007E-002
1.6388960E+001,-1.3518044E-002
1.6390460E+001,-1.2846760E-002
1.6391960E+001,-1.2188315E-002
1.6393460E+001,-1.1529871E-002
1.6394960E+001,-1.0871426E-002
1.6396460E+001,-1.0279098E-002
1.6397960E+001,-9.6885824E-003
1.6399460E+001,-9.0980664E-003
1.6400960E+001,-8.5593120E-003
1.6402460E+001,-8.0496735E-003
1.6403960E+001,-7.5400350E-003
1.6405460E+001,-7.0526532E-003
1.6406960E+001,-6.6155909E-003
1.6408460E+001,-6.1785287E-003
1.6409960E+001,-5.7414664E-003
1.6411460E+001,-5.3717402E-003
1.6412960E+001,-5.0038589E-003
1.6414460E+001,-4.6359775E-003
1.6415960E+001,-4.3305060E-003
1.6417460E+001,-4.0601401E-003
1.6418960E+001,-3.7897742E-003
1.6420460E+001,-3.5700523E-003
1.6421960E+001,-3.4648300E-003
1.6423460E+001,-3.3596078E-003
1.6424960E+001,-3.2543856E-003
1.6426460E+001,-3.3885771E-003
1.6427960E+001,-3.5293281E-003
1.6429460E+001,-3.6700790E-003
1.6430960E+001,-3.9947772E-003
1.6432460E+001,-4.4229458E-003
1.6433960E+001,-4.8511145E-003
1.6435460E+001,-5.3529160E-003
1.6436960E+001,-6.0211922E-003
1.6438460E+001,-6.6894683E-003
1.6439960E+001,-7.3577445E-003
1.6441460E+001,-8.1162693E-003
1.6442960E+001,-8.8772668E-003
1.6444460E+001,-9.6382642E-003
1.6445960E+001,-1.0327436E-002
1.6447460E+001,-1.0976206E-002
1.6448960E+001,-1.1624975E-002
1.6450460E+001,-1.2183182E-002
1.6451960E+001,-1.2536638E-002
1.6453460E+001,-1.2890094E-002
1.6454960E+001,-1.3243550E-002
1.6456460E+001,-1.3224841E-002
1.6457960E+001,-1.3195934E-002
1.6459460E+001,-1.3167028E-002
1.6460960E+001,-1.2916322E-002
1.6462460E+001,-1.2540853E-002
1.6463960E+001,-1.2165384E-002
1.6465460E+001,-1.1721411E-002
1.6466960E+001,-1.1122558E-002
1.6468460E+001,-1.0523706E-002
1.6469960E+001,-9.9248533E-003
1.6471460E+001,-9.2406286E-003
1.6472960E+001,-8.5540649E-003
1.6474460E+001,-7.8675012E-003
1.6475960E+001,-7.1763153E-003
1.6477460E+001,-6.4825293E-003
1.6478960E+001,-5.7887433E-003
1.6480460E+001,-5.0944981E-003
1.6481960E+001,-4.3992146E-003
1.6483460E+001,-3.7039310E-003
1.6484960E+001,-3.0086475E-003
1.6486460E+001,-2.2819248E-003
1.6487960E+001,-1.5543407E-003
1.6489460E+001,-8.2675657E-004
1.6490960E+001,-7.9858440E-005
1.6492460E+001,6.7790384E-004
1.6493960E+001,1.4356661E-003
1.6495460E+001,2.1750886E-003
1.6496960E+001,2.8730472E-003
1.6498460E+001,3.5710058E-003
1.6499960E+001,4.2689645E-003
1.6501460E+001,4.7323030E-003
1.6502960E+001,5.1892135E-003
1.6504460E+001,5.6461241E-003
1.6505960E+001,5.8094711E-003
1.6507460E+001,5.8076884E-003
1.6508960E+001,5.8059057E-003
1.6510460E+001,5.6121352E-003
1.6511960E+001,4.9843048E-003
1.6513460E+001,4.3564743E-003
1.6514960E+001,3.7286438E-003
1.6516460E+001,2.4510525E-003
1.6517960E+001,1.1556593E-003
1.6519460E+001,-1.3973384E-004
1.6520960E+001,-1.7892631E-003
1.6522460E+001,-3.6379942E-003
1.6523960E+001,-5.4867253E-003
1.6525460E+001,-7.4298217E-003
1.6526960E+001,-9.5862662E-003
1.6528460E+001,-1.1742711E-002
1.6529960E+001,-1.3899155E-002
1.6531460E+001,-1.6047783E-002
1.6532960E+001,-1.8196196E-002
1.6534460E+001,-2.0344610E-002
1.6535960E+001,-2.2285785E-002
1.6537460E+001,-2.4110390E-002
1.6538960E+001,-2.5934994E-002
1.6540460E+001,-2.7581188E-002
1.6541960E+001,-2.8824018E-002
1.6543460E+001,-3.0066848E-002
1.6544960E+001,-3.1309678E-002
1.6546460E+001,-3.1830006E-002
1.6547960E+001,-3.2330540E-002
1.6549460E+001,-3.2831073E-002
1.6550960E+001,-3.2831875E-002
1.6552460E+001,-3.2551577E-002
1.6553960E+001,-3.2271280E-002
1.6555460E+001,-3.1780115E-002
1.6556960E+001,-3.0812206E-002
1.6558460E+001,-2.9844298E-002
1.6559960E+001,-2.8876389E-002
1.6561460E+001,-2.7445960E-002
1.6562960E+001,-2.6002858E-002
1.6564460E+001,-2.4559757E-002
1.6565960E+001,-2.2997396E-002
1.6567460E+001,-2.1367950E-002
1.6568960E+001,-1.9738505E-002
1.6570460E+001,-1.8142761E-002
1.6571960E+001,-1.6623212E-002
1.6573460E+001,-1.5103663E-002
1.6574960E+001,-1.3584114E-002
1.6576460E+001,-1.2393570E-002
1.6577960E+001,-1.1212041E-002
1.6579460E+001,-1.0030512E-002
1.6580960E+001,-9.1324868E-003
1.6582460E+001,-8.3939337E-003
1.6583960E+001,-7.6553805E-003
1.6585460E+001,-7.0425755E-003
1.6586960E+001,-6.7140708E-003
1.6588460E+001,-6.3855661E-003
1.6589960E+001,-6.0570614E-003
1.6591460E+001,-5.9897963E-003
1.6592960E+001,-5.9296886E-003
1.6594460E+001,-5.8695808E-003
1.6595960E+001,-5.8593760E-003
1.6597460E+001,-5.8772416E-003
1.6598960E+001,-5.8951073E-003
1.6600460E+001,-5.8841262E-003
1.6601960E+001,-5.8079264E-003
1.6603460E+001,-5.7317265E-003
1.6604960E+001,-5.6555267E-003
1.6606460E+001,-5.3860343E-003
1.6607960E+001,-5.1112461E-003
1.6609460E+001,-4.8364579E-003
1.6610960E+001,-4.4195854E-003
1.6612460E+001,-3.9227903E-003
1.6613960E+001,-3.4259952E-003
1.6615460E+001,-2.8714586E-003
1.6616960E+001,-2.1863760E-003
1.6618460E+001,-1.5012934E-003
1.6619960E+001,-8.1621078E-004
1.6621460E+001,7.8470841E-006
1.6622960E+001,8.3571253E-004
1.6624460E+001,1.6635780E-003
1.6625960E+001,2.5708511E-003
1.6627460E+001,3.5227910E-003
1.6628960E+001,4.4747310E-003
1.6630460E+001,5.4692386E-003
1.6631960E+001,6.5599863E-003
1.6633460E+001,7.6507340E-003
1.6634960E+001,8.7414817E-003
1.6636460E+001,9.9840929E-003
1.6637960E+001,1.1230865E-002
1.6639460E+001,1.2477637E-002
1.6640960E+001,1.3805695E-002
1.6642460E+001,1.5179476E-002
1.6643960E+001,1.6553258E-002
1.6645460E+001,1.7932876E-002
1.6646960E+001,1.9325687E-002
1.6648460E+001,2.0718499E-002
1.6649960E+001,2.2111311E-002
1.6651460E+001,2.3348644E-002
1.6652960E+001,2.4581717E-002
1.6654460E+001,2.5814790E-002
1.6655960E+001,2.6816954E-002
1.6657460E+001,2.7689231E-002
1.6658960E+001,2.8561507E-002
1.6660460E+001,2.9274480E-002
1.6661960E+001,2.9627287E-002
1.6663460E+001,2.9980094E-002
1.6664960E+001,3.0332902E-002
1.6666460E+001,3.0116073E-002
1.6667960E+001,2.9883637E-002
1.6669460E+001,2.9651202E-002
1.6670960E+001,2.9072797E-002
1.6672460E+001,2.8299784E-002
1.6673960E+001,2.7526772E-002
1.6675460E+001,2.6630455E-002
1.6676960E+001,2.5455363E-002
1.6678460E+001,2.4280271E-002
1.6679960E+001,2.3105179E-002
1.6681460E+001,2.1726450E-002
1.6682960E+001,2.0342142E-002
1.6684460E+001,1.8957834E-002
1.6685960E+001,1.7567690E-002
1.6687460E+001,1.6174262E-002
1.6688960E+001,1.4780834E-002
1.6690460E+001,1.3435436E-002
1.6691960E+001,1.2198624E-002
1.6693460E+001,1.0961813E-002
1.6694960E+001,9.7250013E-003
1.6696460E+001,8.7415518E-003
1.6697960E+001,7.7650439E-003
1.6699460E+001,6.7885359E-003
1.6700960E+001,5.9983594E-003
1.6702460E+001,5.3129946E-003
1.6703960E+001,4.6276298E-003
1.6705460E+001,4.0202742E-003
1.6706960E+001,3.5892878E-003
1.6708460E+001,3.1583013E-003
1.6709960E+001,2.7273148E-003
1.6711460E+001,2.4609563E-003
1.6712960E+001,2.1991083E-003
1.6714460E+001,1.9372602E-003
1.6715960E+001,1.7172066E-003
1.6717460E+001,1.5206624E-003
1.6718960E+001,1.3241183E-003
1.6720460E+001,1.1204336E-003
1.6721960E+001,9.0060527E-004
1.6723460E+001,6.8077690E-004
1.6724960E+001,4.6094854E-004
1.6726460E+001,1.7205992E-004
1.6727960E+001,-1.1872079E-004
1.6729460E+001,-4.0950150E-004
1.6730960E+001,-7.4719222E-004
1.6732460E+001,-1.1112699E-003
1.6733960E+001,-1.4753475E-003
1.6735460E+001,-1.8552277E-003
1.6736960E+001,-2.2708355E-003
1.6738460E+001,-2.6864433E-003
1.6739960E+001,-3.1020511E-003
1.6741460E+001,-3.5573498E-003
1.6742960E+001,-4.0137360E-003
1.6744460E+001,-4.4701221E-003
1.6745960E+001,-4.9687085E-003
1.6747460E+001,-5.4910324E-003
1.6748960E+001,-6.0133564E-003
1.6750460E+001,-6.5725056E-003
1.6751960E+001,-7.2149119E-003
1.6753460E+001,-7.8573182E-003
1.6754960E+001,-8.4997245E-003
1.6756460E+001,-9.2998516E-003
1.6757960E+001,-1.0104300E-002
1.6759460E+001,-1.0908748E-002
1.6760960E+001,-1.1801784E-002
1.6762460E+001,-1.2744651E-002
1.6763960E+001,-1.3687518E-002
1.6765460E+001,-1.4636062E-002
1.6766960E+001,-1.5597443E-002
1.6768460E+001,-1.6558823E-002
1.6769960E+001,-1.7520204E-002
1.6771460E+001,-1.8307160E-002
1.6772960E+001,-1.9089336E-002
1.6774460E+001,-1.9871513E-002
1.6775960E+001,-2.0406385E-002
1.6777460E+001,-2.0802149E-002
1.6778960E+001,-2.1197912E-002
1.6780460E+001,-2.1436440E-002
1.6781960E+001,-2.1319479E-002
1.6783460E+001,-2.1202518E-002
1.6784960E+001,-2.1085557E-002
1.6786460E+001,-2.0492636E-002
1.6787960E+001,-1.9886675E-002
1.6789460E+001,-1.9280713E-002
1.6790960E+001,-1.8479583E-002
1.6792460E+001,-1.7568670E-002
1.6793960E+001,-1.6657757E-002
1.6795460E+001,-1.5740252E-002
1.6796960E+001,-1.4807840E-002
1.6798460E+001,-1.3875428E-002
1.6799960E+001,-1.2943016E-002
1.6801460E+001,-1.2254765E-002
1.6802960E+001,-1.1573204E-002
1.6804460E+001,-1.0891643E-002
1.6805960E+001,-1.0466320E-002
1.6807460E+001,-1.0185131E-002
1.6808960E+001,-9.9039419E-003
1.6810460E+001,-9.7353100E-003
1.6811960E+001,-9.8211553E-003
1.6813460E+001,-9.9070007E-003
1.6814960E+001,-9.9928461E-003
1.6816460E+001,-1.0246369E-002
1.6817960E+001,-1.0504486E-002
1.6819460E+001,-1.0762603E-002
1.6820960E+001,-1.0961668E-002
1.6822460E+001,-1.1127516E-002
1.6823960E+001,-1.1293364E-002
1.6825460E+001,-1.1363415E-002
1.6826960E+001,-1.1216880E-002
1.6828460E+001,-1.1070346E-002
1.6829960E+001,-1.0923812E-002
1.6831460E+001,-1.0379638E-002
1.6832960E+001,-9.8245698E-003
1.6834460E+001,-9.2695017E-003
1.6835960E+001,-8.4779823E-003
1.6837460E+001,-7.5534590E-003
1.6838960E+001,-6.6289356E-003
1.6840460E+001,-5.6293719E-003
1.6841960E+001,-4.4601512E-003
1.6843460E+001,-3.2909305E-003
1.6844960E+001,-2.1217098E-003
1.6846460E+001,-8.4966252E-004
1.6847960E+001,4.2520194E-004
1.6849460E+001,1.7000664E-003
1.6850960E+001,2.9768778E-003
1.6852460E+001,4.2547844E-003
1.6853960E+001,5.5326910E-003
1.6855460E+001,6.7942150E-003
1.6856960E+001,8.0187002E-003
1.6858460E+001,9.2431855E-003
1.6859960E+001,1.0467671E-002
1.6861460E+001,1.1607949E-002
1.6862960E+001,1.2745921E-002
1.6864460E+001,1.3883893E-002
1.6865960E+001,1.4941366E-002
1.6867460E+001,1.5953560E-002
1.6868960E+001,1.6965753E-002
1.6870460E+001,1.7921523E-002
1.6871960E+001,1.8749726E-002
1.6873460E+001,1.9577929E-002
1.6874960E+001,2.0406132E-002
1.6876460E+001,2.0991646E-002
1.6877960E+001,2.1570511E-002
1.6879460E+001,2.2149376E-002
1.6880960E+001,2.2539278E-002
1.6882460E+001,2.2822890E-002
1.6883960E+001,2.3106502E-002
1.6885460E+001,2.3298321E-002
1.6886960E+001,2.3282610E-002
1.6888460E+001,2.3266900E-002
1.6889960E+001,2.3251189E-002
1.6891460E+001,2.2983763E-002
1.6892960E+001,2.2709441E-002
1.6894460E+001,2.2435118E-002
1.6895960E+001,2.2037793E-002
1.6897460E+001,2.1571279E-002
1.6898960E+001,2.1104765E-002
1.6900460E+001,2.0598314E-002
1.6901960E+001,2.0001570E-002
1.6903460E+001,1.9404827E-002
1.6904960E+001,1.8808083E-002
1.6906460E+001,1.8117041E-002
1.6907960E+001,1.7423415E-002
1.6909460E+001,1.6729789E-002
1.6910960E+001,1.5974131E-002
1.6912460E+001,1.5183580E-002
1.6913960E+001,1.4393029E-002
1.6915460E+001,1.3567771E-002
1.6916960E+001,1.2664048E-002
1.6918460E+001,1.1760325E-002
1.6919960E+001,1.0856602E-002
1.6921460E+001,9.8399108E-003
1.6922960E+001,8.8201249E-003
1.6924460E+001,7.8003391E-003
1.6925960E+001,6.7288433E-003
1.6927460E+001,5.6282606E-003
1.6928960E+001,4.5276779E-003
1.6930460E+001,3.4261605E-003
1.6931960E+001,2.3225299E-003
1.6933460E+001,1.2188993E-003
1.6934960E+001,1.1526863E-004
1.6936460E+001,-8.9460059E-004
1.6937960E+001,-1.9019010E-003
1.6939460E+001,-2.9092013E-003
1.6940960E+001,-3.8001460E-003
1.6942460E+001,-4.6256404E-003
1.6943960E+001,-5.4511348E-003
1.6945460E+001,-6.2080892E-003
1.6946960E+001,-6.8100835E-003
1.6948460E+001,-7.4120779E-003
1.6949960E+001,-8.0140722E-003
1.6951460E+001,-8.4071657E-003
1.6952960E+001,-8.7945359E-003
1.6954460E+001,-9.1819060E-003
1.6955960E+001,-9.4576182E-003
1.6957460E+001,-9.6705227E-003
1.6958960E+001,-9.8834272E-003
1.6960460E+001,-1.0054943E-002
1.6961960E+001,-1.0132886E-002
1.6963460E+001,-1.0210829E-002
1.6964960E+001,-1.0288772E-002
1.6966460E+001,-1.0249817E-002
1.6967960E+001,-1.0207660E-002
1.6969460E+001,-1.0165502E-002
1.6970960E+001,-1.0038908E-002
1.6972460E+001,-9.8648192E-003
1.6973960E+001,-9.6907302E-003
1.6975460E+001,-9.4701334E-003
1.6976960E+001,-9.1443881E-003
1.6978460E+001,-8.8186429E-003
1.6979960E+001,-8.4928976E-003
1.6981460E+001,-8.0177243E-003
1.6982960E+001,-7.5384570E-003
1.6984460E+001,-7.0591897E-003
1.6985960E+001,-6.5023543E-003
1.6987460E+001,-5.9018869E-003
1.6988960E+001,-5.3014195E-003
1.6990460E+001,-4.6835945E-003
1.6991960E+001,-4.0265263E-003
1.6993460E+001,-3.3694582E-003
1.6994960E+001,-2.7123900E-003
1.6996460E+001,-2.0769569E-003
1.6997960E+001,-1.4421165E-003
1.6999460E+001,-8.0727618E-004
1.7000960E+001,-2.3032682E-004
1.7002460E+001,3.1405880E-004
1.7003960E+001,8.5844443E-004
1.7005460E+001,1.3638793E-003
1.7006960E+001,1.7812516E-003
1.7008460E+001,2.1986239E-003
1.7009960E+001,2.6159962E-003
1.7011460E+001,2.9143987E-003
1.7012960E+001,3.2095416E-003
1.7014460E+001,3.5046845E-003
1.7015960E+001,3.7478084E-003
1.7017460E+001,3.9616714E-003
1.7018960E+001,4.1755345E-003
1.7020460E+001,4.3822383E-003
1.7021960E+001,4.5727559E-003
1.7023460E+001,4.7632736E-003
1.7024960E+001,4.9537913E-003
1.7026460E+001,5.1675253E-003
1.7027960E+001,5.3818953E-003
1.7029460E+001,5.5962654E-003
1.7030960E+001,5.8322700E-003
1.7032460E+001,6.0804439E-003
1.7033960E+001,6.3286179E-003
1.7035460E+001,6.5745586E-003
1.7036960E+001,6.8154500E-003
1.7038460E+001,7.0563414E-003
1.7039960E+001,7.2972329E-003
1.7041460E+001,7.4484819E-003
1.7042960E+001,7.5972749E-003
1.7044460E+001,7.7460680E-003
1.7045960E+001,7.7718056E-003
1.7047460E+001,7.7283246E-003
1.7048960E+001,7.6848435E-003
1.7050460E+001,7.5587739E-003
1.7051960E+001,7.2459823E-003
1.7053460E+001,6.9331906E-003
1.7054960E+001,6.6203990E-003
1.7056460E+001,6.0226055E-003
1.7057960E+001,5.4170036E-003
1.7059460E+001,4.8114018E-003
1.7060960E+001,4.0419071E-003
1.7062460E+001,3.1802226E-003
1.7063960E+001,2.3185381E-003
1.7065460E+001,1.4021497E-003
1.7066960E+001,3.6208248E-004
1.7068460E+001,-6.7798473E-004
1.7069960E+001,-1.7180519E-003
1.7071460E+001,-2.8466879E-003
1.7072960E+001,-3.9777505E-003
1.7074460E+001,-5.1088130E-003
1.7075960E+001,-6.2503032E-003
1.7077460E+001,-7.3976589E-003
1.7078960E+001,-8.5450147E-003
1.7080460E+001,-9.6785021E-003
1.7081960E+001,-1.0780635E-002
1.7083460E+001,-1.1882768E-002
1.7084960E+001,-1.2984901E-002
1.7086460E+001,-1.3979489E-002
1.7087960E+001,-1.4971130E-002
1.7089460E+001,-1.5962771E-002
1.7090960E+001,-1.6829411E-002
1.7092460E+001,-1.7625739E-002
1.7093960E+001,-1.8422066E-002
1.7095460E+001,-1.9127988E-002
1.7096960E+001,-1.9629514E-002
1.7098460E+001,-2.0131041E-002
1.7099960E+001,-2.0632567E-002
1.7101460E+001,-2.0767178E-002
1.7102960E+001,-2.0891738E-002
1.7104460E+001,-2.1016297E-002
1.7105960E+001,-2.0887827E-002
1.7107460E+001,-2.0617028E-002
1.7108960E+001,-2.0346230E-002
1.7110460E+001,-1.9978930E-002
1.7111960E+001,-1.9393452E-002
1.7113460E+001,-1.8807975E-002
1.7114960E+001,-1.8222497E-002
1.7116460E+001,-1.7506182E-002
1.7117960E+001,-1.6786283E-002
1.7119460E+001,-1.6066384E-002
1.7120960E+001,-1.5413154E-002
1.7122460E+001,-1.4797427E-002
1.7123960E+001,-1.4181699E-002
1.7125460E+001,-1.3667891E-002
1.7126960E+001,-1.3384511E-002
1.7128460E+001,-1.3101132E-002
1.7129960E+001,-1.2817752E-002
1.7131460E+001,-1.3002622E-002
1.7132960E+001,-1.3200321E-002
1.7134460E+001,-1.3398020E-002
1.7135960E+001,-1.3919975E-002
1.7137460E+001,-1.4624323E-002
1.7138960E+001,-1.5328672E-002
1.7140460E+001,-1.6156744E-002
1.7141960E+001,-1.7264540E-002
1.7143460E+001,-1.8372337E-002
1.7144960E+001,-1.9480133E-002
1.7146460E+001,-2.0783952E-002
1.7147960E+001,-2.2093141E-002
1.7149460E+001,-2.3402330E-002
1.7150960E+001,-2.4681134E-002
1.7152460E+001,-2.5942845E-002
1.7153960E+001,-2.7204556E-002
1.7155460E+001,-2.8378536E-002
1.7156960E+001,-2.9354166E-002
1.7158460E+001,-3.0329796E-002
1.7159960E+001,-3.1305426E-002
1.7161460E+001,-3.1826605E-002
1.7162960E+001,-3.2335333E-002
1.7164460E+001,-3.2844061E-002
1.7165960E+001,-3.2993883E-002
1.7167460E+001,-3.2941820E-002
1.7168960E+001,-3.2889758E-002
1.7170460E+001,-3.2666076E-002
1.7171960E+001,-3.2054385E-002
1.7173460E+001,-3.1442694E-002
1.7174960E+001,-3.0831003E-002
1.7176460E+001,-2.9757805E-002
1.7177960E+001,-2.8671963E-002
1.7179460E+001,-2.7586121E-002
1.7180960E+001,-2.6290252E-002
1.7182460E+001,-2.4876243E-002
1.7183960E+001,-2.3462233E-002
1.7185460E+001,-2.2002089E-002
1.7186960E+001,-2.0437641E-002
1.7188460E+001,-1.8873193E-002
1.7189960E+001,-1.7308745E-002
1.7191460E+001,-1.5776695E-002
1.7192960E+001,-1.4245532E-002
1.7194460E+001,-1.2714369E-002
1.7195960E+001,-1.1314102E-002
1.7197460E+001,-9.9874643E-003
1.7198960E+001,-8.6608264E-003
1.7200460E+001,-7.4417474E-003
1.7201960E+001,-6.4658454E-003
1.7203460E+001,-5.4899434E-003
1.7204960E+001,-4.5140414E-003
1.7206460E+001,-3.9859275E-003
1.7207960E+001,-3.4700819E-003
1.7209460E+001,-2.9542364E-003
1.7210960E+001,-2.7690011E-003
1.7212460E+001,-2.7697345E-003
1.7213960E+001,-2.7704678E-003
1.7215460E+001,-2.9247230E-003
1.7216960E+001,-3.4260716E-003
1.7218460E+001,-3.9274202E-003
1.7219960E+001,-4.4287687E-003
1.7221460E+001,-5.3156157E-003
1.7222960E+001,-6.2130243E-003
1.7224460E+001,-7.1104330E-003
1.7225960E+001,-8.1376398E-003
1.7227460E+001,-9.2378582E-003
1.7228960E+001,-1.0338077E-002
1.7230460E+001,-1.1422217E-002
1.7231960E+001,-1.2470007E-002
1.7233460E+001,-1.3517797E-002
1.7234960E+001,-1.4565587E-002
1.7236460E+001,-1.5306276E-002
1.7237960E+001,-1.6038552E-002
1.7239460E+001,-1.6770828E-002
1.7240960E+001,-1.7170823E-002
1.7242460E+001,-1.7383910E-002
1.7243960E+001,-1.7596996E-002
1.7245460E+001,-1.7623439E-002
1.7246960E+001,-1.7227903E-002
1.7248460E+001,-1.6832367E-002
1.7249960E+001,-1.6436832E-002
1.7251460E+001,-1.5489993E-002
1.7252960E+001,-1.4528051E-002
1.7254460E+001,-1.3566108E-002
1.7255960E+001,-1.2333528E-002
1.7257460E+001,-1.0948716E-002
1.7258960E+001,-9.5639036E-003
1.7260460E+001,-8.1045379E-003
1.7261960E+001,-6.4766168E-003
1.7263460E+001,-4.8486957E-003
1.7264960E+001,-3.2207747E-003
1.7266460E+001,-1.5006401E-003
1.7267960E+001,2.2202084E-004
1.7269460E+001,1.9446818E-003
1.7270960E+001,3.6760007E-003
1.7272460E+001,5.4121898E-003
1.7273960E+001,7.1483789E-003
1.7275460E+001,8.8808955E-003
1.7276960E+001,1.0605109E-002
1.7278460E+001,1.2329323E-002
1.7279960E+001,1.4053536E-002
1.7281460E+001,1.5751741E-002
1.7282960E+001,1.7449234E-002
1.7284460E+001,1.9146726E-002
1.7285960E+001,2.0795597E-002
1.7287460E+001,2.2417119E-002
1.7288960E+001,2.4038640E-002
1.7290460E+001,2.5606471E-002
1.7291960E+001,2.7052914E-002
1.7293460E+001,2.8499356E-002
1.7294960E+001,2.9945799E-002
1.7296460E+001,3.1099639E-002
1.7297960E+001,3.2245463E-002
1.7299460E+001,3.3391286E-002
1.7300960E+001,3.4277828E-002
1.7302460E+001,3.5018523E-002
1.7303960E+001,3.5759219E-002
1.7305460E+001,3.6363894E-002
1.7306960E+001,3.6661044E-002
1.7308460E+001,3.6958194E-002
1.7309960E+001,3.7255344E-002
1.7311460E+001,3.7166984E-002
1.7312960E+001,3.7068061E-002
1.7314460E+001,3.6969139E-002
1.7315960E+001,3.6692577E-002
1.7317460E+001,3.6316091E-002
1.7318960E+001,3.5939606E-002
1.7320460E+001,3.5522916E-002
1.7321960E+001,3.5015329E-002
1.7323460E+001,3.4507741E-002
1.7324960E+001,3.4000154E-002
1.7326460E+001,3.3483509E-002
1.7327960E+001,3.2966616E-002
1.7329460E+001,3.2449723E-002
1.7330960E+001,3.1964219E-002
1.7332460E+001,3.1496372E-002
1.7333960E+001,3.1028524E-002
1.7335460E+001,3.0572018E-002
1.7336960E+001,3.0141152E-002
1.7338460E+001,2.9710285E-002
1.7339960E+001,2.9279419E-002
1.7341460E+001,2.8831541E-002
1.7342960E+001,2.8383196E-002
1.7344460E+001,2.7934852E-002
1.7345960E+001,2.7444059E-002
1.7347460E+001,2.6929388E-002
1.7348960E+001,2.6414718E-002
1.7350460E+001,2.5879230E-002
1.7351960E+001,2.5296680E-002
1.7353460E+001,2.4714129E-002
1.7354960E+001,2.4131579E-002
1.7356460E+001,2.3539991E-002
1.7357960E+001,2.2948155E-002
1.7359460E+001,2.2356319E-002
1.7360960E+001,2.1820914E-002
1.7362460E+001,2.1317251E-002
1.7363960E+001,2.0813588E-002
1.7365460E+001,2.0365972E-002
1.7366960E+001,2.0045071E-002
1.7368460E+001,1.9724170E-002
1.7369960E+001,1.9403269E-002
1.7371460E+001,1.9310678E-002
1.7372960E+001,1.9224342E-002
1.7374460E+001,1.9138006E-002
1.7375960E+001,1.9194297E-002
1.7377460E+001,1.9330816E-002
1.7378960E+001,1.9467335E-002
1.7380460E+001,1.9650348E-002
1.7381960E+001,1.9938477E-002
1.7383460E+001,2.0226607E-002
1.7384960E+001,2.0514736E-002
1.7386460E+001,2.0846139E-002
1.7387960E+001,2.1178726E-002
1.7389460E+001,2.1511314E-002
1.7390960E+001,2.1801852E-002
1.7392460E+001,2.2068736E-002
1.7393960E+001,2.2335619E-002
1.7395460E+001,2.2557129E-002
1.7396960E+001,2.2676053E-002
1.7398460E+001,2.2794977E-002
1.7399960E+001,2.2913902E-002
1.7401460E+001,2.2854518E-002
1.7402960E+001,2.2790249E-002
1.7404460E+001,2.2725980E-002
1.7405960E+001,2.2552403E-002
1.7407460E+001,2.2317340E-002
1.7408960E+001,2.2082278E-002
1.7410460E+001,2.1807531E-002
1.7411960E+001,2.1443064E-002
1.7413460E+001,2.1078597E-002
1.7414960E+001,2.0714129E-002
1.7416460E+001,2.0263350E-002
1.7417960E+001,1.9810206E-002
1.7419460E+001,1.9357062E-002
1.7420960E+001,1.8857239E-002
1.7422460E+001,1.8331158E-002
1.7423960E+001,1.7805078E-002
1.7425460E+001,1.7252947E-002
1.7426960E+001,1.6641916E-002
1.7428460E+001,1.6030886E-002
1.7429960E+001,1.5419855E-002
1.7431460E+001,1.4710009E-002
1.7432960E+001,1.3997455E-002
1.7434460E+001,1.3284901E-002
1.7435960E+001,1.2516798E-002
1.7437460E+001,1.1717449E-002
1.7438960E+001,1.0918100E-002
1.7440460E+001,1.0113698E-002
1.7441960E+001,9.2978746E-003
1.7443460E+001,8.4820510E-003
1.7444960E+001,7.6662273E-003
1.7446460E+001,6.9504176E-003
1.7447960E+001,6.2373481E-003
1.7449460E+001,5.5242787E-003
1.7450960E+001,4.9598639E-003
1.7452460E+001,4.4790675E-003
1.7453960E+001,3.9982711E-003
1.7455460E+001,3.6158928E-003
1.7456960E+001,3.4560250E-003
1.7458460E+001,3.2961573E-003
1.7459960E+001,3.1362896E-003
1.7461460E+001,3.3010277E-003
1.7462960E+001,3.4746592E-003
1.7464460E+001,3.6482907E-003
1.7465960E+001,3.9951141E-003
1.7467460E+001,4.4393580E-003
1.7468960E+001,4.8836020E-003
1.7470460E+001,5.3791048E-003
1.7471960E+001,5.9904971E-003
1.7473460E+001,6.6018895E-003
1.7474960E+001,7.2132818E-003
1.7476460E+001,7.8926343E-003
1.7477960E+001,8.5738487E-003
1.7479460E+001,9.2550632E-003
1.7480960E+001,9.9417977E-003
1.7482460E+001,1.0631637E-002
1.7483960E+001,1.1321477E-002
1.7485460E+001,1.2005453E-002
1.7486960E+001,1.2676172E-002
1.7488460E+001,1.3346892E-002
1.7489960E+001,1.4017611E-002
1.7491460E+001,1.4646952E-002
1.7492960E+001,1.5275159E-002
1.7494460E+001,1.5903366E-002
1.7495960E+001,1.6471213E-002
1.7497460E+001,1.7005108E-002
1.7498960E+001,1.7539003E-002
1.7500460E+001,1.8015399E-002
1.7501960E+001,1.8361800E-002
1.7503460E+001,1.8708200E-002
1.7504960E+001,1.9054601E-002
1.7506460E+001,1.9103560E-002
1.7507960E+001,1.9144371E-002
1.7509460E+001,1.9185182E-002
1.7510960E+001,1.8962868E-002
1.7512460E+001,1.8592546E-002
1.7513960E+001,1.8222225E-002
1.7515460E+001,1.7709348E-002
1.7516960E+001,1.6874172E-002
1.7518460E+001,1.6038997E-002
1.7519960E+001,1.5203822E-002
1.7521460E+001,1.3937441E-002
1.7522960E+001,1.2659247E-002
1.7524460E+001,1.1381053E-002
1.7525960E+001,9.8827800E-003
1.7527460E+001,8.2607120E-003
1.7528960E+001,6.6386440E-003
1.7530460E+001,4.9603596E-003
1.7531960E+001,3.1549770E-003
1.7533460E+001,1.3495945E-003
1.7534960E+001,-4.5578801E-004
1.7536460E+001,-2.2482068E-003
1.7537960E+001,-4.0402704E-003
1.7539460E+001,-5.8323340E-003
1.7540960E+001,-7.4855952E-003
1.7542460E+001,-9.0607798E-003
1.7543960E+001,-1.0635964E-002
1.7545460E+001,-1.2089396E-002
1.7546960E+001,-1.3267557E-002
1.7548460E+001,-1.4445719E-002
1.7549960E+001,-1.5623881E-002
1.7551460E+001,-1.6290354E-002
1.7552960E+001,-1.6942809E-002
1.7554460E+001,-1.7595263E-002
1.7555960E+001,-1.7874211E-002
1.7557460E+001,-1.7943060E-002
1.7558960E+001,-1.8011909E-002
1.7560460E+001,-1.7907104E-002
1.7561960E+001,-1.7409688E-002
1.7563460E+001,-1.6912271E-002
1.7564960E+001,-1.6414855E-002
1.7566460E+001,-1.5445637E-002
1.7567960E+001,-1.4463493E-002
1.7569460E+001,-1.3481349E-002
1.7570960E+001,-1.2269559E-002
1.7572460E+001,-1.0928592E-002
1.7573960E+001,-9.5876250E-003
1.7575460E+001,-8.1832174E-003
1.7576960E+001,-6.6353784E-003
1.7578460E+001,-5.0875395E-003
1.7579960E+001,-3.5397005E-003
1.7581460E+001,-1.9544897E-003
1.7582960E+001,-3.6825508E-004
1.7584460E+001,1.2179796E-003
1.7585960E+001,2.7115894E-003
1.7587460E+001,4.1530977E-003
1.7588960E+001,5.5946059E-003
1.7590460E+001,6.9323363E-003
1.7591960E+001,8.0354380E-003
1.7593460E+001,9.1385398E-003
1.7594960E+001,1.0241642E-002
1.7596460E+001,1.0834196E-002
1.7597960E+001,1.1412762E-002
1.7599460E+001,1.1991329E-002
1.7600960E+001,1.2142683E-002
1.7602460E+001,1.2053731E-002
1.7603960E+001,1.1964779E-002
1.7605460E+001,1.1653618E-002
1.7606960E+001,1.0840074E-002
1.7608460E+001,1.0026529E-002
1.7609960E+001,9.2129841E-003
1.7611460E+001,7.7524838E-003
1.7612960E+001,6.2742584E-003
1.7614460E+001,4.7960330E-003
1.7615960E+001,3.0080469E-003
1.7617460E+001,1.0458202E-003
1.7618960E+001,-9.1640654E-004
1.7620460E+001,-2.9431463E-003
1.7621960E+001,-5.1157417E-003
1.7623460E+001,-7.2883372E-003
1.7624960E+001,-9.4609326E-003
1.7626460E+001,-1.1532950E-002
1.7627960E+001,-1.3602211E-002
1.7629460E+001,-1.5671473E-002
1.7630960E+001,-1.7489814E-002
1.7632460E+001,-1.9167012E-002
1.7633960E+001,-2.0844209E-002
1.7635460E+001,-2.2338931E-002
1.7636960E+001,-2.3421097E-002
1.7638460E+001,-2.4503264E-002
1.7639960E+001,-2.5585430E-002
1.7641460E+001,-2.6012112E-002
1.7642960E+001,-2.6420835E-002
1.7644460E+001,-2.6829558E-002
1.7645960E+001,-2.6838750E-002
1.7647460E+001,-2.6623205E-002
1.7648960E+001,-2.6407661E-002
1.7650460E+001,-2.6044227E-002
1.7651960E+001,-2.5346437E-002
1.7653460E+001,-2.4648646E-002
1.7654960E+001,-2.3950856E-002
1.7656460E+001,-2.2955326E-002
1.7657960E+001,-2.1951638E-002
1.7659460E+001,-2.0947951E-002
1.7660960E+001,-1.9846961E-002
1.7662460E+001,-1.8691239E-002
1.7663960E+001,-1.7535517E-002
1.7665460E+001,-1.6364116E-002
1.7666960E+001,-1.5157267E-002
1.7668460E+001,-1.3950418E-002
1.7669960E+001,-1.2743569E-002
1.7671460E+001,-1.1539996E-002
1.7672960E+001,-1.0336512E-002
1.7674460E+001,-9.1330286E-003
1.7675960E+001,-7.9591179E-003
1.7677460E+001,-6.8018419E-003
1.7678960E+001,-5.6445659E-003
1.7680460E+001,-4.5233639E-003
1.7681960E+001,-3.4837205E-003
1.7683460E+001,-2.4440772E-003
1.7684960E+001,-1.4044339E-003
1.7686460E+001,-5.9690931E-004
1.7687960E+001,2.0425575E-004
1.7689460E+001,1.0054208E-003
1.7690960E+001,1.5542885E-003
1.7692460E+001,1.9612388E-003
1.7693960E+001,2.3681890E-003
1.7695460E+001,2.6112299E-003
1.7696960E+001,2.4836925E-003
1.7698460E+001,2.3561551E-003
1.7699960E+001,2.2286177E-003
1.7701460E+001,1.5262409E-003
1.7702960E+001,8.0811487E-004
1.7704460E+001,8.9988818E-005
1.7705960E+001,-9.5298883E-004
1.7707460E+001,-2.1786958E-003
1.7708960E+001,-3.4044027E-003
1.7710460E+001,-4.7155875E-003
1.7711960E+001,-6.2200269E-003
1.7713460E+001,-7.7244663E-003
1.7714960E+001,-9.2289057E-003
1.7716460E+001,-1.0696945E-002
1.7717960E+001,-1.2163987E-002
1.7719460E+001,-1.3631028E-002
1.7720960E+001,-1.4884890E-002
1.7722460E+001,-1.6018839E-002
1.7723960E+001,-1.7152787E-002
1.7725460E+001,-1.8133691E-002
1.7726960E+001,-1.8768582E-002
1.7728460E+001,-1.9403473E-002
1.7729960E+001,-2.0038364E-002
1.7731460E+001,-2.0205960E-002
1.7732960E+001,-2.0360753E-002
1.7734460E+001,-2.0515546E-002
1.7735960E+001,-2.0474168E-002
1.7737460E+001,-2.0322444E-002
1.7738960E+001,-2.0170720E-002
1.7740460E+001,-1.9994268E-002
1.7741960E+001,-1.9761913E-002
1.7743460E+001,-1.9529558E-002
1.7744960E+001,-1.9297202E-002
1.7746460E+001,-1.9138777E-002
1.7747960E+001,-1.8982376E-002
1.7749460E+001,-1.8825976E-002
1.7750960E+001,-1.8724522E-002
1.7752460E+001,-1.8653976E-002
1.7753960E+001,-1.8583429E-002
1.7755460E+001,-1.8499339E-002
1.7756960E+001,-1.8384627E-002
1.7758460E+001,-1.8269916E-002
1.7759960E+001,-1.8155204E-002
1.7761460E+001,-1.7818752E-002
1.7762960E+001,-1.7476226E-002
1.7764460E+001,-1.7133699E-002
1.7765960E+001,-1.6569986E-002
1.7767460E+001,-1.5881856E-002
1.7768960E+001,-1.5193726E-002
1.7770460E+001,-1.4411120E-002
1.7771960E+001,-1.3414918E-002
1.7773460E+001,-1.2418715E-002
1.7774960E+001,-1.1422513E-002
1.7776460E+001,-1.0326072E-002
1.7777960E+001,-9.2268843E-003
1.7779460E+001,-8.1276969E-003
1.7780960E+001,-7.1547644E-003
1.7782460E+001,-6.2528503E-003
1.7783960E+001,-5.3509363E-003
1.7785460E+001,-4.5933072E-003
1.7786960E+001,-4.1618883E-003
1.7788460E+001,-3.7304693E-003
1.7789960E+001,-3.2990504E-003
1.7791460E+001,-3.4543311E-003
1.7792960E+001,-3.6256860E-003
1.7794460E+001,-3.7970409E-003
1.7795960E+001,-4.3142257E-003
1.7797460E+001,-5.0259401E-003
1.7798960E+001,-5.7376545E-003
1.7800460E+001,-6.5445249E-003
1.7801960E+001,-7.5665308E-003
1.7803460E+001,-8.5885367E-003
1.7804960E+001,-9.6105426E-003
1.7806460E+001,-1.0634684E-002
1.7807960E+001,-1.1658883E-002
1.7809460E+001,-1.2683083E-002
1.7810960E+001,-1.3530743E-002
1.7812460E+001,-1.4279100E-002
1.7813960E+001,-1.5027456E-002
1.7815460E+001,-1.5640075E-002
1.7816960E+001,-1.5945807E-002
1.7818460E+001,-1.6251540E-002
1.7819960E+001,-1.6557272E-002
1.7821460E+001,-1.6406424E-002
1.7822960E+001,-1.6243066E-002
1.7824460E+001,-1.6079709E-002
1.7825960E+001,-1.5675599E-002
1.7827460E+001,-1.5136065E-002
1.7828960E+001,-1.4596532E-002
1.7830460E+001,-1.3991670E-002
1.7831960E+001,-1.3239111E-002
1.7833460E+001,-1.2486551E-002
1.7834960E+001,-1.1733992E-002
1.7836460E+001,-1.0951168E-002
1.7837960E+001,-1.0167515E-002
1.7839460E+001,-9.3838628E-003
1.7840960E+001,-8.6848446E-003
1.7842460E+001,-8.0334333E-003
1.7843960E+001,-7.3820221E-003
1.7845460E+001,-6.8091274E-003
1.7846960E+001,-6.4137487E-003
1.7848460E+001,-6.0183701E-003
1.7849960E+001,-5.6229915E-003
1.7851460E+001,-5.5481823E-003
1.7852960E+001,-5.4821561E-003
1.7854460E+001,-5.4161298E-003
1.7855960E+001,-5.5708138E-003
1.7857460E+001,-5.8496476E-003
1.7858960E+001,-6.1284814E-003
1.7860460E+001,-6.4985475E-003
1.7861960E+001,-7.0748784E-003
1.7863460E+001,-7.6512093E-003
1.7864960E+001,-8.2275402E-003
1.7866460E+001,-8.9867345E-003
1.7867960E+001,-9.7509388E-003
1.7869460E+001,-1.0515143E-002
1.7870960E+001,-1.1296895E-002
1.7872460E+001,-1.2088516E-002
1.7873960E+001,-1.2880138E-002
1.7875460E+001,-1.3623448E-002
1.7876960E+001,-1.4257530E-002
1.7878460E+001,-1.4891612E-002
1.7879960E+001,-1.5525694E-002
1.7881460E+001,-1.5842665E-002
1.7882960E+001,-1.6150947E-002
1.7884460E+001,-1.6459230E-002
1.7885960E+001,-1.6493042E-002
1.7887460E+001,-1.6372463E-002
1.7888960E+001,-1.6251884E-002
1.7890460E+001,-1.6000421E-002
1.7891960E+001,-1.5453044E-002
1.7893460E+001,-1.4905668E-002
1.7894960E+001,-1.4358291E-002
1.7896460E+001,-1.3511853E-002
1.7897960E+001,-1.2657221E-002
1.7899460E+001,-1.1802590E-002
1.7900960E+001,-1.0885543E-002
1.7902460E+001,-9.9333872E-003
1.7903960E+001,-8.9812316E-003
1.7905460E+001,-8.0717915E-003
1.7906960E+001,-7.2589256E-003
1.7908460E+001,-6.4460596E-003
1.7909960E+001,-5.6331937E-003
1.7911460E+001,-5.1368569E-003
1.7912960E+001,-4.6491923E-003
1.7914460E+001,-4.1615277E-003
1.7915960E+001,-3.9278538E-003
1.7917460E+001,-3.8370499E-003
1.7918960E+001,-3.7462459E-003
1.7920460E+001,-3.7565584E-003
1.7921960E+001,-3.9954822E-003
1.7923460E+001,-4.2344059E-003
1.7924960E+001,-4.4733297E-003
1.7926460E+001,-4.8543063E-003
1.7927960E+001,-5.2391749E-003
1.7929460E+001,-5.6240434E-003
1.7930960E+001,-5.9477650E-003
1.7932460E+001,-6.2370914E-003
1.7933960E+001,-6.5264178E-003
1.7935460E+001,-6.7178583E-003
1.7936960E+001,-6.6879915E-003
1.7938460E+001,-6.6581247E-003
1.7939960E+001,-6.6282579E-003
1.7941460E+001,-6.1561116E-003
1.7942960E+001,-5.6718480E-003
1.7944460E+001,-5.1875844E-003
1.7945960E+001,-4.4128000E-003
1.7947460E+001,-3.4745974E-003
1.7948960E+001,-2.5363948E-003
1.7950460E+001,-1.5035561E-003
1.7951960E+001,-2.5675733E-004
1.7953460E+001,9.9004144E-004
1.7954960E+001,2.2368402E-003
1.7956460E+001,3.5372107E-003
1.7957960E+001,4.8390490E-003
1.7959460E+001,6.1408873E-003
1.7960960E+001,7.2960406E-003
1.7962460E+001,8.3686836E-003
1.7963960E+001,9.4413265E-003
1.7965460E+001,1.0376619E-002
1.7966960E+001,1.1001378E-002
1.7968460E+001,1.1626137E-002
1.7969960E+001,1.2250896E-002
1.7971460E+001,1.2368507E-002
1.7972960E+001,1.2472224E-002
1.7974460E+001,1.2575941E-002
1.7975960E+001,1.2411554E-002
1.7977460E+001,1.2096358E-002
1.7978960E+001,1.1781162E-002
1.7980460E+001,1.1411322E-002
1.7981960E+001,1.0917940E-002
1.7983460E+001,1.0424557E-002
1.7984960E+001,9.9311749E-003
1.7986460E+001,9.5449161E-003
1.7987960E+001,9.1615922E-003
1.7989460E+001,8.7782682E-003
1.7990960E+001,8.6110585E-003
1.7992460E+001,8.5654133E-003
1.7993960E+001,8.5197680E-003
1.7995460E+001,8.6044229E-003
1.7996960E+001,8.9836699E-003
1.7998460E+001,9.3629170E-003
1.7999960E+001,9.7421640E-003
1.8001460E+001,1.0463276E-002
1.8002960E+001,1.1193754E-002
1.8004460E+001,1.1924232E-002
1.8005960E+001,1.2755561E-002
1.8007460E+001,1.3643620E-002
1.8008960E+001,1.4531678E-002
1.8010460E+001,1.5395745E-002
1.8011960E+001,1.6205571E-002
1.8013460E+001,1.7015396E-002
1.8014960E+001,1.7825221E-002
1.8016460E+001,1.8366146E-002
1.8017960E+001,1.8899702E-002
1.8019460E+001,1.9433259E-002
1.8020960E+001,1.9722310E-002
1.8022460E+001,1.9873826E-002
1.8023960E+001,2.0025341E-002
1.8025460E+001,2.0060990E-002
1.8026960E+001,1.9834681E-002
1.8028460E+001,1.9608371E-002
1.8029960E+001,1.9382062E-002
1.8031460E+001,1.8883938E-002
1.8032960E+001,1.8378367E-002
1.8034460E+001,1.7872796E-002
1.8035960E+001,1.7287647E-002
1.8037460E+001,1.6657737E-002
1.8038960E+001,1.6027826E-002
1.8040460E+001,1.5409889E-002
1.8041960E+001,1.4819020E-002
1.8043460E+001,1.4228152E-002
1.8044960E+001,1.3637284E-002
1.8046460E+001,1.3206883E-002
1.8047960E+001,1.2780879E-002
1.8049460E+001,1.2354876E-002
1.8050960E+001,1.2070066E-002
1.8052460E+001,1.1864678E-002
1.8053960E+001,1.1659289E-002
1.8055460E+001,1.1514503E-002
1.8056960E+001,1.1506729E-002
1.8058460E+001,1.1498955E-002
1.8059960E+001,1.1491181E-002
1.8061460E+001,1.1595375E-002
1.8062960E+001,1.1702636E-002
1.8064460E+001,1.1809898E-002
1.8065960E+001,1.1925026E-002
1.8067460E+001,1.2044579E-002
1.8068960E+001,1.2164132E-002
1.8070460E+001,1.2262464E-002
1.8071960E+001,1.2312819E-002
1.8073460E+001,1.2363174E-002
1.8074960E+001,1.2413529E-002
1.8076460E+001,1.2361280E-002
1.8077960E+001,1.2306220E-002
1.8079460E+001,1.2251161E-002
1.8080960E+001,1.2132897E-002
1.8082460E+001,1.1979081E-002
1.8083960E+001,1.1825265E-002
1.8085460E+001,1.1649424E-002
1.8086960E+001,1.1423790E-002
1.8088460E+001,1.1198155E-002
1.8089960E+001,1.0972521E-002
1.8091460E+001,1.0697510E-002
1.8092960E+001,1.0421146E-002
1.8094460E+001,1.0144782E-002
1.8095960E+001,9.8376313E-003
1.8097460E+001,9.5131630E-003
1.8098960E+001,9.1886946E-003
1.8100460E+001,8.8473371E-003
1.8101960E+001,8.4677956E-003
1.8103460E+001,8.0882541E-003
1.8104960E+001,7.7087125E-003
1.8106460E+001,7.2833536E-003
1.8107960E+001,6.8567394E-003
1.8109460E+001,6.4301253E-003
1.8110960E+001,6.0026948E-003
1.8112460E+001,5.5748052E-003
1.8113960E+001,5.1469156E-003
1.8115460E+001,4.7446671E-003
1.8116960E+001,4.4003900E-003
1.8118460E+001,4.0561129E-003
1.8119960E+001,3.7118357E-003
1.8121460E+001,3.5407564E-003
1.8122960E+001,3.3744223E-003
1.8124460E+001,3.2080881E-003
1.8125960E+001,3.1896144E-003
1.8127460E+001,3.2543122E-003
1.8128960E+001,3.3190099E-003
1.8130460E+001,3.4445680E-003
1.8131960E+001,3.7077234E-003
1.8133460E+001,3.9708788E-003
1.8134960E+001,4.2340342E-003
1.8136460E+001,4.5677859E-003
1.8137960E+001,4.9034717E-003
1.8139460E+001,5.2391575E-003
1.8140960E+001,5.5084582E-003
1.8142460E+001,5.7404173E-003
1.8143960E+001,5.9723764E-003
1.8145460E+001,6.1271738E-003
1.8146960E+001,6.1075183E-003
1.8148460E+001,6.0878627E-003
1.8149960E+001,6.0682072E-003
1.8151460E+001,5.7604965E-003
1.8152960E+001,5.4448937E-003
1.8154460E+001,5.1292910E-003
1.8155960E+001,4.6812989E-003
1.8157460E+001,4.1588376E-003
1.8158960E+001,3.6363763E-003
1.8160460E+001,3.1080666E-003
1.8161960E+001,2.5665345E-003
1.8163460E+001,2.0250023E-003
1.8164960E+001,1.4834701E-003
1.8166460E+001,1.1207078E-003
1.8167960E+001,7.6284339E-004
1.8169460E+001,4.0497895E-004
1.8170960E+001,2.4582724E-004
1.8172460E+001,1.9845161E-004
1.8173960E+001,1.5107597E-004
1.8175460E+001,1.9821982E-004
1.8176960E+001,4.5906025E-004
1.8178460E+001,7.1990067E-004
1.8179960E+001,9.8074110E-004
1.8181460E+001,1.4218234E-003
1.8182960E+001,1.8678440E-003
1.8184460E+001,2.3138645E-003
1.8185960E+001,2.7618141E-003
1.8187460E+001,3.2108488E-003
1.8188960E+001,3.6598834E-003
1.8190460E+001,4.0607953E-003
1.8191960E+001,4.3529077E-003
1.8193460E+001,4.6450201E-003
1.8194960E+001,4.9371325E-003
1.8196460E+001,5.0020641E-003
1.8197960E+001,5.0607715E-003
1.8199460E+001,5.1194788E-003
1.8200960E+001,5.0430572E-003
1.8202460E+001,4.8906254E-003
1.8203960E+001,4.7381935E-003
1.8205460E+001,4.5485733E-003
1.8206960E+001,4.2748750E-003
1.8208460E+001,4.0011767E-003
1.8209960E+001,3.7274783E-003
1.8211460E+001,3.4351969E-003
1.8212960E+001,3.1424064E-003
1.8214460E+001,2.8496159E-003
1.8215960E+001,2.5871288E-003
1.8217460E+001,2.3416874E-003
1.8218960E+001,2.0962461E-003
1.8220460E+001,1.8694516E-003
1.8221960E+001,1.6848154E-003
1.8223460E+001,1.5001792E-003
1.8224960E+001,1.3155430E-003
1.8226460E+001,1.1686520E-003
1.8227960E+001,1.0227952E-003
1.8229460E+001,8.7693841E-004
1.8230960E+001,7.4244116E-004
1.8232460E+001,6.1433366E-004
1.8233960E+001,4.8622617E-004
1.8235460E+001,3.6684894E-004
1.8236960E+001,2.6720971E-004
1.8238460E+001,1.6757049E-004
1.8239960E+001,6.7931263E-005
1.8241460E+001,4.3526609E-005
1.8242960E+001,2.1183205E-005
1.8244460E+001,-1.1601993E-006
1.8245960E+001,6.8162996E-005
1.8247460E+001,1.8904873E-004
1.8248960E+001,3.0993447E-004
1.8250460E+001,4.8907149E-004
1.8251960E+001,7.9990731E-004
1.8253460E+001,1.1107431E-003
1.8254960E+001,1.4215789E-003
1.8256460E+001,1.9119072E-003
1.8257960E+001,2.4071530E-003
1.8259460E+001,2.9023989E-003
1.8260960E+001,3.4695528E-003
1.8262460E+001,4.0771550E-003
1.8263960E+001,4.6847571E-003
1.8265460E+001,5.2876813E-003
1.8266960E+001,5.8800292E-003
1.8268460E+001,6.4723771E-003
1.8269960E+001,7.0647250E-003
1.8271460E+001,7.4948770E-003
1.8272960E+001,7.9205852E-003
1.8274460E+001,8.3462933E-003
1.8275960E+001,8.5787161E-003
1.8277460E+001,8.7024156E-003
1.8278960E+001,8.8261151E-003
1.8280460E+001,8.8306648E-003
1.8281960E+001,8.5658319E-003
1.8283460E+001,8.3009989E-003
1.8284960E+001,8.0361659E-003
1.8286460E+001,7.3725253E-003
1.8287960E+001,6.6979583E-003
1.8289460E+001,6.0233913E-003
1.8290960E+001,5.1149649E-003
1.8292460E+001,4.0749922E-003
1.8293960E+001,3.0350196E-003
1.8295460E+001,1.9137011E-003
1.8296960E+001,6.0846992E-004
1.8298460E+001,-6.9676123E-004
1.8299960E+001,-2.0019924E-003
1.8301460E+001,-3.4271018E-003
1.8302960E+001,-4.8554957E-003
1.8304460E+001,-6.2838895E-003
1.8305960E+001,-7.6839990E-003
1.8307460E+001,-9.0681984E-003
1.8308960E+001,-1.0452398E-002
1.8310460E+001,-1.1770359E-002
1.8311960E+001,-1.2938562E-002
1.8313460E+001,-1.4106765E-002
1.8314960E+001,-1.5274968E-002
1.8316460E+001,-1.6085575E-002
1.8317960E+001,-1.6886385E-002
1.8319460E+001,-1.7687195E-002
1.8320960E+001,-1.8185237E-002
1.8322460E+001,-1.8512970E-002
1.8323960E+001,-1.8840704E-002
1.8325460E+001,-1.9011087E-002
1.8326960E+001,-1.8825718E-002
1.8328460E+001,-1.8640350E-002
1.8329960E+001,-1.8454981E-002
1.8331460E+001,-1.7804659E-002
1.8332960E+001,-1.7141597E-002
1.8334460E+001,-1.6478536E-002
1.8335960E+001,-1.5579720E-002
1.8337460E+001,-1.4548292E-002
1.8338960E+001,-1.3516864E-002
1.8340460E+001,-1.2425331E-002
1.8341960E+001,-1.1197911E-002
1.8343460E+001,-9.9704898E-003
1.8344960E+001,-8.7430690E-003
1.8346460E+001,-7.5356354E-003
1.8347960E+001,-6.3287494E-003
1.8349460E+001,-5.1218635E-003
1.8350960E+001,-4.0764500E-003
1.8352460E+001,-3.1218648E-003
1.8353960E+001,-2.1672797E-003
1.8355460E+001,-1.3530866E-003
1.8356960E+001,-8.5630183E-004
1.8358460E+001,-3.5951710E-004
1.8359960E+001,1.3726762E-004
1.8361460E+001,6.3276509E-005
1.8362960E+001,-2.6352511E-005
1.8364460E+001,-1.1598153E-004
1.8365960E+001,-5.8440505E-004
1.8367460E+001,-1.2659008E-003
1.8368960E+001,-1.9473965E-003
1.8370460E+001,-2.7675167E-003
1.8371960E+001,-3.9010489E-003
1.8373460E+001,-5.0345811E-003
1.8374960E+001,-6.1681134E-003
1.8376460E+001,-7.4821976E-003
1.8377960E+001,-8.8012285E-003
1.8379460E+001,-1.0120259E-002
1.8380960E+001,-1.1346461E-002
1.8382460E+001,-1.2520445E-002
1.8383960E+001,-1.3694430E-002
1.8385460E+001,-1.4731190E-002
1.8386960E+001,-1.5457701E-002
1.8388460E+001,-1.6184212E-002
1.8389960E+001,-1.6910723E-002
1.8391460E+001,-1.7023737E-002
1.8392960E+001,-1.7119942E-002
1.8394460E+001,-1.7216147E-002
1.8395960E+001,-1.6904614E-002
1.8397460E+001,-1.6363728E-002
1.8398960E+001,-1.5822842E-002
1.8400460E+001,-1.5137994E-002
1.8401960E+001,-1.4127667E-002
1.8403460E+001,-1.3117341E-002
1.8404960E+001,-1.2107014E-002
1.8406460E+001,-1.0914864E-002
1.8407960E+001,-9.7177326E-003
1.8409460E+001,-8.5206009E-003
1.8410960E+001,-7.3986074E-003
1.8412460E+001,-6.3188790E-003
1.8413960E+001,-5.2391507E-003
1.8415460E+001,-4.2672394E-003
1.8416960E+001,-3.5390885E-003
1.8418460E+001,-2.8109376E-003
1.8419960E+001,-2.0827867E-003
1.8421460E+001,-1.7994813E-003
1.8422960E+001,-1.5283636E-003
1.8424460E+001,-1.2572459E-003
1.8425960E+001,-1.2565773E-003
1.8427460E+001,-1.4080365E-003
1.8428960E+001,-1.5594958E-003
1.8430460E+001,-1.7968551E-003
1.8431960E+001,-2.2284234E-003
1.8433460E+001,-2.6599917E-003
1.8434960E+001,-3.0915600E-003
1.8436460E+001,-3.6077337E-003
1.8437960E+001,-4.1262255E-003
1.8439460E+001,-4.6447172E-003
1.8440960E+001,-5.1016112E-003
1.8442460E+001,-5.5238564E-003
1.8443960E+001,-5.9461016E-003
1.8445460E+001,-6.2998284E-003
1.8446960E+001,-6.4986437E-003
1.8448460E+001,-6.6974590E-003
1.8449960E+001,-6.8962744E-003
1.8451460E+001,-6.8291341E-003
1.8452960E+001,-6.7547072E-003
1.8454460E+001,-6.6802803E-003
1.8455960E+001,-6.4462553E-003
1.8457460E+001,-6.1224563E-003
1.8458960E+001,-5.7986573E-003
1.8460460E+001,-5.4216340E-003
1.8461960E+001,-4.9242773E-003
1.8463460E+001,-4.4269206E-003
1.8464960E+001,-3.9295639E-003
1.8466460E+001,-3.3595203E-003
1.8467960E+001,-2.7874852E-003
1.8469460E+001,-2.2154501E-003
1.8470960E+001,-1.6571975E-003
1.8472460E+001,-1.1066974E-003
1.8473960E+001,-5.5619738E-004
1.8475460E+001,-3.5845070E-005
1.8476960E+001,4.1634705E-004
1.8478460E+001,8.6853917E-004
1.8479960E+001,1.3207313E-003
1.8481460E+001,1.6290090E-003
1.8482960E+001,1.9333437E-003
1.8484460E+001,2.2376785E-003
1.8485960E+001,2.4346922E-003
1.8487460E+001,2.5713377E-003
1.8488960E+001,2.7079833E-003
1.8490460E+001,2.7964934E-003
1.8491960E+001,2.7761756E-003
1.8493460E+001,2.7558577E-003
1.8494960E+001,2.7355399E-003
1.8496460E+001,2.6023407E-003
1.8497960E+001,2.4660488E-003
1.8499460E+001,2.3297569E-003
1.8500960E+001,2.1619350E-003
1.8502460E+001,1.9763773E-003
1.8503960E+001,1.7908197E-003
1.8505460E+001,1.6145159E-003
1.8506960E+001,1.4591338E-003
1.8508460E+001,1.3037518E-003
1.8509960E+001,1.1483698E-003
1.8511460E+001,1.0906368E-003
1.8512960E+001,1.0355792E-003
1.8514460E+001,9.8052160E-004
1.8515960E+001,1.0128867E-003
1.8517460E+001,1.0944271E-003
1.8518960E+001,1.1759675E-003
1.8520460E+001,1.2954509E-003
1.8521960E+001,1.5007188E-003
1.8523460E+001,1.7059867E-003
1.8524960E+001,1.9112546E-003
1.8526460E+001,2.1805558E-003
1.8527960E+001,2.4516114E-003
1.8529460E+001,2.7226669E-003
1.8530960E+001,2.9852419E-003
1.8532460E+001,3.2430465E-003
1.8533960E+001,3.5008511E-003
1.8535460E+001,3.7340774E-003
1.8536960E+001,3.9117354E-003
1.8538460E+001,4.0893933E-003
1.8539960E+001,4.2670513E-003
1.8541460E+001,4.3393278E-003
1.8542960E+001,4.4087171E-003
1.8544460E+001,4.4781063E-003
1.8545960E+001,4.4902641E-003
1.8547460E+001,4.4702290E-003
1.8548960E+001,4.4501939E-003
1.8550460E+001,4.4193579E-003
1.8551960E+001,4.3641024E-003
1.8553460E+001,4.3088469E-003
1.8554960E+001,4.2535914E-003
1.8556460E+001,4.2292215E-003
1.8557960E+001,4.2056979E-003
1.8559460E+001,4.1821742E-003
1.8560960E+001,4.2165253E-003
1.8562460E+001,4.2834309E-003
1.8563960E+001,4.3503365E-003
1.8565460E+001,4.4571006E-003
1.8566960E+001,4.6539797E-003
1.8568460E+001,4.8508587E-003
1.8569960E+001,5.0477378E-003
1.8571460E+001,5.3901967E-003
1.8572960E+001,5.7366442E-003
1.8574460E+001,6.0830916E-003
1.8575960E+001,6.5265456E-003
1.8577460E+001,7.0245659E-003
1.8578960E+001,7.5225862E-003
1.8580460E+001,8.0615274E-003
1.8581960E+001,8.6929854E-003
1.8583460E+001,9.3244434E-003
1.8584960E+001,9.9559014E-003
1.8586460E+001,1.0669865E-002
1.8587960E+001,1.1386089E-002
1.8589460E+001,1.2102313E-002
1.8590960E+001,1.2813861E-002
1.8592460E+001,1.3522778E-002
1.8593960E+001,1.4231696E-002
1.8595460E+001,1.4895837E-002
1.8596960E+001,1.5458744E-002
1.8598460E+001,1.6021651E-002
1.8599960E+001,1.6584558E-002
1.8601460E+001,1.6843340E-002
1.8602960E+001,1.7093791E-002
1.8604460E+001,1.7344241E-002
1.8605960E+001,1.7299150E-002
1.8607460E+001,1.7087818E-002
1.8608960E+001,1.6876485E-002
1.8610460E+001,1.6501158E-002
1.8611960E+001,1.5755062E-002
1.8613460E+001,1.5008966E-002
1.8614960E+001,1.4262869E-002
1.8616460E+001,1.3046099E-002
1.8617960E+001,1.1816434E-002
1.8619460E+001,1.0586769E-002
1.8620960E+001,9.1653658E-003
1.8622460E+001,7.6361100E-003
1.8623960E+001,6.1068541E-003
1.8625460E+001,4.5695790E-003
1.8626960E+001,3.0141732E-003
1.8628460E+001,1.4587675E-003
1.8629960E+001,-9.6638268E-005
1.8631460E+001,-1.4043250E-003
1.8632960E+001,-2.7052249E-003
1.8634460E+001,-4.0061248E-003
1.8635960E+001,-5.0156191E-003
1.8637460E+001,-5.8611975E-003
1.8638960E+001,-6.7067759E-003
1.8640460E+001,-7.3922952E-003
1.8641960E+001,-7.7159412E-003
1.8643460E+001,-8.0395872E-003
1.8644960E+001,-8.3632331E-003
1.8646460E+001,-8.2452218E-003
1.8647960E+001,-8.1151101E-003
1.8649460E+001,-7.9849985E-003
1.8650960E+001,-7.6637079E-003
1.8652460E+001,-7.2348791E-003
1.8653960E+001,-6.8060503E-003
1.8655460E+001,-6.3384363E-003
1.8656960E+001,-5.7831341E-003
1.8658460E+001,-5.2278318E-003
1.8659960E+001,-4.6725296E-003
1.8661460E+001,-4.1211551E-003
1.8662960E+001,-3.5698883E-003
1.8664460E+001,-3.0186215E-003
1.8665960E+001,-2.5097083E-003
1.8667460E+001,-2.0246191E-003
1.8668960E+001,-1.5395300E-003
1.8670460E+001,-1.0753865E-003
1.8671960E+001,-6.5859869E-004
1.8673460E+001,-2.4181086E-004
1.8674960E+001,1.7497697E-004
1.8676460E+001,5.5226535E-004
1.8677960E+001,9.2847154E-004
1.8679460E+001,1.3046777E-003
1.8680960E+001,1.6708781E-003
1.8682460E+001,2.0314502E-003
1.8683960E+001,2.3920222E-003
1.8685460E+001,2.7486848E-003
1.8686960E+001,3.0965086E-003
1.8688460E+001,3.4443324E-003
1.8689960E+001,3.7921562E-003
1.8691460E+001,4.1086532E-003
1.8692960E+001,4.4242920E-003
1.8694460E+001,4.7399308E-003
1.8695960E+001,5.0166365E-003
1.8697460E+001,5.2714422E-003
1.8698960E+001,5.5262480E-003
1.8700460E+001,5.7551040E-003
1.8701960E+001,5.9252909E-003
1.8703460E+001,6.0954777E-003
1.8704960E+001,6.2656646E-003
1.8706460E+001,6.3392994E-003
1.8707960E+001,6.4102888E-003
1.8709460E+001,6.4812783E-003
1.8710960E+001,6.4806229E-003
1.8712460E+001,6.4396674E-003
1.8713960E+001,6.3987118E-003
1.8715460E+001,6.3165281E-003
1.8716960E+001,6.1411327E-003
1.8718460E+001,5.9657373E-003
1.8719960E+001,5.7903420E-003
1.8721460E+001,5.4487141E-003
1.8722960E+001,5.1025319E-003
1.8724460E+001,4.7563497E-003
1.8725960E+001,4.2761249E-003
1.8727460E+001,3.7205009E-003
1.8728960E+001,3.1648770E-003
1.8730460E+001,2.5404272E-003
1.8731960E+001,1.7603708E-003
1.8733460E+001,9.8031444E-004
1.8734960E+001,2.0025806E-004
1.8736460E+001,-7.6225081E-004
1.8737960E+001,-1.7297585E-003
1.8739460E+001,-2.6972661E-003
1.8740960E+001,-3.7199528E-003
1.8742460E+001,-4.7736777E-003
1.8743960E+001,-5.8274027E-003
1.8745460E+001,-6.8623840E-003
1.8746960E+001,-7.8549883E-003
1.8748460E+001,-8.8475927E-003
1.8749960E+001,-9.8401970E-003
1.8751460E+001,-1.0631724E-002
1.8752960E+001,-1.1417742E-002
1.8754460E+001,-1.2203760E-002
1.8755960E+001,-1.2802948E-002
1.8757460E+001,-1.3297043E-002
1.8758960E+001,-1.3791138E-002
1.8760460E+001,-1.4199711E-002
1.8761960E+001,-1.4414929E-002
1.8763460E+001,-1.4630147E-002
1.8764960E+001,-1.4845365E-002
1.8766460E+001,-1.4892125E-002
1.8767960E+001,-1.4934269E-002
1.8769460E+001,-1.4976414E-002
1.8770960E+001,-1.5002057E-002
1.8772460E+001,-1.5018419E-002
1.8773960E+001,-1.5034781E-002
1.8775460E+001,-1.5078751E-002
1.8776960E+001,-1.5185139E-002
1.8778460E+001,-1.5291528E-002
1.8779960E+001,-1.5397916E-002
1.8781460E+001,-1.5618354E-002
1.8782960E+001,-1.5841916E-002
1.8784460E+001,-1.6065478E-002
1.8785960E+001,-1.6317035E-002
1.8787460E+001,-1.6584339E-002
1.8788960E+001,-1.6851643E-002
1.8790460E+001,-1.7090466E-002
1.8791960E+001,-1.7264896E-002
1.8793460E+001,-1.7439326E-002
1.8794960E+001,-1.7613755E-002
1.8796460E+001,-1.7565459E-002
1.8797960E+001,-1.7511061E-002
1.8799460E+001,-1.7456662E-002
1.8800960E+001,-1.7204953E-002
1.8802460E+001,-1.6842256E-002
1.8803960E+001,-1.6479558E-002
1.8805460E+001,-1.6022275E-002
1.8806960E+001,-1.5351143E-002
1.8808460E+001,-1.4680012E-002
1.8809960E+001,-1.4008880E-002
1.8811460E+001,-1.3102113E-002
1.8812960E+001,-1.2188890E-002
1.8814460E+001,-1.1275667E-002
1.8815960E+001,-1.0272327E-002
1.8817460E+001,-9.2182964E-003
1.8818960E+001,-8.1642659E-003
1.8820460E+001,-7.1004178E-003
1.8821960E+001,-6.0143735E-003
1.8823460E+001,-4.9283293E-003
1.8824960E+001,-3.8422850E-003
1.8826460E+001,-2.8279405E-003
1.8827960E+001,-1.8155605E-003
1.8829460E+001,-8.0318046E-004
1.8830960E+001,9.5415978E-005
1.8832460E+001,9.3000904E-004
1.8833960E+001,1.7646021E-003
1.8835460E+001,2.5137600E-003
1.8836960E+001,3.0697597E-003
1.8838460E+001,3.6257593E-003
1.8839960E+001,4.1817590E-003
1.8841460E+001,4.3875697E-003
1.8842960E+001,4.5837859E-003
1.8844460E+001,4.7800022E-003
1.8845960E+001,4.7238106E-003
1.8847460E+001,4.5256394E-003
1.8848960E+001,4.3274683E-003
1.8850460E+001,4.0187797E-003
1.8851960E+001,3.4602255E-003
1.8853460E+001,2.9016712E-003
1.8854960E+001,2.3431170E-003
1.8856460E+001,1.5369657E-003
1.8857960E+001,7.2403078E-004
1.8859460E+001,-8.8904114E-005
1.8860960E+001,-9.6141916E-004
1.8862460E+001,-1.8674481E-003
1.8863960E+001,-2.7734770E-003
1.8865460E+001,-3.6502917E-003
1.8866960E+001,-4.4610566E-003
1.8868460E+001,-5.2718216E-003
1.8869960E+001,-6.0825865E-003
1.8871460E+001,-6.6211113E-003
1.8872960E+001,-7.1521774E-003
1.8874460E+001,-7.6832435E-003
1.8875960E+001,-7.9397032E-003
1.8877460E+001,-8.0416964E-003
1.8878960E+001,-8.1436897E-003
1.8880460E+001,-8.0887355E-003
1.8881960E+001,-7.6789430E-003
1.8883460E+001,-7.2691505E-003
1.8884960E+001,-6.8593579E-003
1.8886460E+001,-5.9630196E-003
1.8887960E+001,-5.0533511E-003
1.8889460E+001,-4.1436825E-003
1.8890960E+001,-2.9905691E-003
1.8892460E+001,-1.7005177E-003
1.8893960E+001,-4.1046625E-004
1.8895460E+001,9.3122467E-004
1.8896960E+001,2.3896660E-003
1.8898460E+001,3.8481074E-003
1.8899960E+001,5.3065487E-003
1.8901460E+001,6.6787209E-003
1.8902960E+001,8.0485296E-003
1.8904460E+001,9.4183382E-003
1.8905960E+001,1.0581783E-002
1.8907460E+001,1.1629147E-002
1.8908960E+001,1.2676512E-002
1.8910460E+001,1.3580013E-002
1.8911960E+001,1.4158256E-002
1.8913460E+001,1.4736499E-002
1.8914960E+001,1.5314742E-002
1.8916460E+001,1.5410915E-002
1.8917960E+001,1.5493881E-002
1.8919460E+001,1.5576846E-002
1.8920960E+001,1.5396989E-002
1.8922460E+001,1.5069294E-002
1.8923960E+001,1.4741599E-002
1.8925460E+001,1.4334195E-002
1.8926960E+001,1.3746581E-002
1.8928460E+001,1.3158966E-002
1.8929960E+001,1.2571352E-002
1.8931460E+001,1.1887671E-002
1.8932960E+001,1.1201359E-002
1.8934460E+001,1.0515046E-002
1.8935960E+001,9.8490570E-003
1.8937460E+001,9.1945004E-003
1.8938960E+001,8.5399438E-003
1.8940460E+001,7.9213190E-003
1.8941960E+001,7.3839315E-003
1.8943460E+001,6.8465441E-003
1.8944960E+001,6.3091566E-003
1.8946460E+001,5.9320172E-003
1.8947960E+001,5.5592682E-003
1.8949460E+001,5.1865193E-003
1.8950960E+001,4.9328482E-003
1.8952460E+001,4.7461585E-003
1.8953960E+001,4.5594688E-003
1.8955460E+001,4.4294818E-003
1.8956960E+001,4.4276924E-003
1.8958460E+001,4.4259029E-003
1.8959960E+001,4.4241134E-003
1.8961460E+001,4.5743074E-003
1.8962960E+001,4.7286653E-003
1.8964460E+001,4.8830232E-003
1.8965960E+001,5.0993795E-003
1.8967460E+001,5.3506099E-003
1.8968960E+001,5.6018403E-003
1.8970460E+001,5.8580343E-003
1.8971960E+001,6.1254503E-003
1.8973460E+001,6.3928663E-003
1.8974960E+001,6.6602823E-003
1.8976460E+001,6.8650492E-003
1.8977960E+001,7.0680997E-003
1.8979460E+001,7.2711502E-003
1.8980960E+001,7.3975472E-003
1.8982460E+001,7.4808267E-003
1.8983960E+001,7.5641061E-003
1.8985460E+001,7.6065279E-003
1.8986960E+001,7.5565757E-003
1.8988460E+001,7.5066235E-003
1.8989960E+001,7.4566713E-003
1.8991460E+001,7.3055728E-003
1.8992960E+001,7.1517032E-003
1.8994460E+001,6.9978335E-003
1.8995960E+001,6.8134571E-003
1.8997460E+001,6.6119205E-003
1.8998960E+001,6.4103839E-003
1.9000460E+001,6.2117177E-003
1.9001960E+001,6.0195412E-003
1.9003460E+001,5.8273647E-003
1.9004960E+001,5.6351882E-003
1.9006460E+001,5.4835733E-003
1.9007960E+001,5.3330698E-003
1.9009460E+001,5.1825662E-003
1.9010960E+001,5.0549162E-003
1.9012460E+001,4.9401213E-003
1.9013960E+001,4.8253265E-003
1.9015460E+001,4.7094553E-003
1.9016960E+001,4.5911507E-003
1.9018460E+001,4.4728462E-003
1.9019960E+001,4.3545416E-003
1.9021460E+001,4.1841889E-003
1.9022960E+001,4.0124103E-003
1.9024460E+001,3.8406316E-003
1.9025960E+001,3.6155283E-003
1.9027460E+001,3.3604299E-003
1.9028960E+001,3.1053314E-003
1.9030460E+001,2.8293067E-003
1.9031960E+001,2.5059703E-003
1.9033460E+001,2.1826339E-003
1.9034960E+001,1.8592974E-003
1.9036460E+001,1.5326121E-003
1.9037960E+001,1.2058350E-003
1.9039460E+001,8.7905791E-004
1.9040960E+001,6.0977965E-004
1.9042460E+001,3.7284452E-004
1.9043960E+001,1.3590939E-004
1.9045460E+001,-4.8416690E-005
1.9046960E+001,-1.1380038E-004
1.9048460E+001,-1.7918407E-004
1.9049960E+001,-2.4456776E-004
1.9051460E+001,-1.1391860E-004
1.9052960E+001,2.2101406E-005
1.9054460E+001,1.5812141E-004
1.9055960E+001,3.9631975E-004
1.9057460E+001,6.9199349E-004
1.9058960E+001,9.8766723E-004
1.9060460E+001,1.3012526E-003
1.9061960E+001,1.6553339E-003
1.9063460E+001,2.0094152E-003
1.9064960E+001,2.3634965E-003
1.9066460E+001,2.6557728E-003
1.9067960E+001,2.9463559E-003
1.9069460E+001,3.2369389E-003
1.9070960E+001,3.4252110E-003
1.9072460E+001,3.5559331E-003
1.9073960E+001,3.6866552E-003
1.9075460E+001,3.7560879E-003
1.9076960E+001,3.6869527E-003
1.9078460E+001,3.6178176E-003
1.9079960E+001,3.5486824E-003
1.9081460E+001,3.3035370E-003
1.9082960E+001,3.0535694E-003
1.9084460E+001,2.8036017E-003
1.9085960E+001,2.4740991E-003
1.9087460E+001,2.0998581E-003
1.9088960E+001,1.7256170E-003
1.9090460E+001,1.3331730E-003
1.9091960E+001,8.9957457E-004
1.9093460E+001,4.6597616E-004
1.9094960E+001,3.2377754E-005
1.9096460E+001,-4.0690777E-004
1.9097960E+001,-8.4634911E-004
1.9099460E+001,-1.2857905E-003
1.9100960E+001,-1.7038684E-003
1.9102460E+001,-2.1099293E-003
1.9103960E+001,-2.5159903E-003
1.9105460E+001,-2.9014476E-003
1.9106960E+001,-3.2403229E-003
1.9108460E+001,-3.5791981E-003
1.9109960E+001,-3.9180734E-003
1.9111460E+001,-4.1564943E-003
1.9112960E+001,-4.3921631E-003
1.9114460E+001,-4.6278318E-003
1.9115960E+001,-4.7764642E-003
1.9117460E+001,-4.8761386E-003
1.9118960E+001,-4.9758131E-003
1.9120460E+001,-5.0309355E-003
1.9121960E+001,-4.9853316E-003
1.9123460E+001,-4.9397277E-003
1.9124960E+001,-4.8941238E-003
1.9126460E+001,-4.7437692E-003
1.9127960E+001,-4.5905447E-003
1.9129460E+001,-4.4373202E-003
1.9130960E+001,-4.2742790E-003
1.9132460E+001,-4.1057160E-003
1.9133960E+001,-3.9371530E-003
1.9135460E+001,-3.8023652E-003
1.9136960E+001,-3.7439389E-003
1.9138460E+001,-3.6855126E-003
1.9139960E+001,-3.6270864E-003
1.9141460E+001,-3.7838527E-003
1.9142960E+001,-3.9465147E-003
1.9144460E+001,-4.1091768E-003
1.9145960E+001,-4.4401698E-003
1.9147460E+001,-4.8658491E-003
1.9148960E+001,-5.2915284E-003
1.9150460E+001,-5.7788213E-003
1.9151960E+001,-6.4054146E-003
1.9153460E+001,-7.0320080E-003
1.9154960E+001,-7.6586013E-003
1.9156460E+001,-8.3228823E-003
1.9157960E+001,-8.9881958E-003
1.9159460E+001,-9.6535094E-003
1.9160960E+001,-1.0205126E-002
1.9162460E+001,-1.0692789E-002
1.9163960E+001,-1.1180452E-002
1.9165460E+001,-1.1552954E-002
1.9166960E+001,-1.1665091E-002
1.9168460E+001,-1.1777228E-002
1.9169960E+001,-1.1889365E-002
1.9171460E+001,-1.1531330E-002
1.9172960E+001,-1.1160413E-002
1.9174460E+001,-1.0789496E-002
1.9175960E+001,-1.0125413E-002
1.9177460E+001,-9.2964244E-003
1.9178960E+001,-8.4674354E-003
1.9180460E+001,-7.5446768E-003
1.9181960E+001,-6.4099168E-003
1.9183460E+001,-5.2751568E-003
1.9184960E+001,-4.1403969E-003
1.9186460E+001,-2.9311221E-003
1.9187960E+001,-1.7198057E-003
1.9189460E+001,-5.0848935E-004
1.9190960E+001,6.0331727E-004
1.9192460E+001,1.6591496E-003
1.9193960E+001,2.7149819E-003
1.9195460E+001,3.6717413E-003
1.9196960E+001,4.4045096E-003
1.9198460E+001,5.1372778E-003
1.9199960E+001,5.8700460E-003
1.9201460E+001,6.2231919E-003
1.9202960E+001,6.5659370E-003
1.9204460E+001,6.9086820E-003
1.9205960E+001,7.0219242E-003
1.9207460E+001,7.0060707E-003
1.9208960E+001,6.9902172E-003
1.9210460E+001,6.8949219E-003
1.9211960E+001,6.6200187E-003
1.9213460E+001,6.3451154E-003
1.9214960E+001,6.0702122E-003
1.9216460E+001,5.6682042E-003
1.9217960E+001,5.2627139E-003
1.9219460E+001,4.8572237E-003
1.9220960E+001,4.4482198E-003
1.9222460E+001,4.0372396E-003
1.9223960E+001,3.6262593E-003
1.9225460E+001,3.2448848E-003
1.9226960E+001,2.9304451E-003
1.9228460E+001,2.6160054E-003
1.9229960E+001,2.3015657E-003
1.9231460E+001,2.1478272E-003
1.9232960E+001,1.9984916E-003
1.9234460E+001,1.8491560E-003
1.9235960E+001,1.8236834E-003
1.9237460E+001,1.8678839E-003
1.9238960E+001,1.9120844E-003
1.9240460E+001,2.0104957E-003
1.9241960E+001,2.2314707E-003
1.9243460E+001,2.4524458E-003
1.9244960E+001,2.6734208E-003
1.9246460E+001,3.0052574E-003
1.9247960E+001,3.3401313E-003
1.9249460E+001,3.6750052E-003
1.9250960E+001,4.0182762E-003
1.9252460E+001,4.3662707E-003
1.9253960E+001,4.7142652E-003
1.9255460E+001,5.0303225E-003
1.9256960E+001,5.2741740E-003
1.9258460E+001,5.5180255E-003
1.9259960E+001,5.7618770E-003
1.9261460E+001,5.8073660E-003
1.9262960E+001,5.8474203E-003
1.9264460E+001,5.8874745E-003
1.9265960E+001,5.7693099E-003
1.9267460E+001,5.5621470E-003
1.9268960E+001,5.3549840E-003
1.9270460E+001,5.0845153E-003
1.9271960E+001,4.6709200E-003
1.9273460E+001,4.2573247E-003
1.9274960E+001,3.8437294E-003
1.9276460E+001,3.3523954E-003
1.9277960E+001,2.8589316E-003
1.9279460E+001,2.3654678E-003
1.9280960E+001,1.9366719E-003
1.9282460E+001,1.5442519E-003
1.9283960E+001,1.1518319E-003
1.9285460E+001,8.4540413E-004
1.9286960E+001,7.3339411E-004
1.9288460E+001,6.2138409E-004
1.9289960E+001,5.0937408E-004
1.9291460E+001,7.8564443E-004
1.9292960E+001,1.0725528E-003
1.9294460E+001,1.3594611E-003
1.9295960E+001,1.9135526E-003
1.9297460E+001,2.6179348E-003
1.9298960E+001,3.3223170E-003
1.9300460E+001,4.1285428E-003
1.9301960E+001,5.1650240E-003
1.9303460E+001,6.2015052E-003
1.9304960E+001,7.2379864E-003
1.9306460E+001,8.4430559E-003
1.9307960E+001,9.6527443E-003
1.9309460E+001,1.0862433E-002
1.9310960E+001,1.2065727E-002
1.9312460E+001,1.3265425E-002
1.9313960E+001,1.4465123E-002
1.9315460E+001,1.5612143E-002
1.9316960E+001,1.6640067E-002
1.9318460E+001,1.7667990E-002
1.9319960E+001,1.8695913E-002
1.9321460E+001,1.9444152E-002
1.9322960E+001,2.0184727E-002
1.9324460E+001,2.0925303E-002
1.9325960E+001,2.1437477E-002
1.9327460E+001,2.1821176E-002
1.9328960E+001,2.2204875E-002
1.9330460E+001,2.2467348E-002
1.9331960E+001,2.2455744E-002
1.9333460E+001,2.2444140E-002
1.9334960E+001,2.2432536E-002
1.9336460E+001,2.2016878E-002
1.9337960E+001,2.1590150E-002
1.9339460E+001,2.1163421E-002
1.9340960E+001,2.0472214E-002
1.9342460E+001,1.9632238E-002
1.9343960E+001,1.8792261E-002
1.9345460E+001,1.7838610E-002
1.9346960E+001,1.6627956E-002
1.9348460E+001,1.5417302E-002
1.9349960E+001,1.4206649E-002
1.9351460E+001,1.2737124E-002
1.9352960E+001,1.1260508E-002
1.9354460E+001,9.7838910E-003
1.9355960E+001,8.2470653E-003
1.9357460E+001,6.6763719E-003
1.9358960E+001,5.1056786E-003
1.9360460E+001,3.5722769E-003
1.9361960E+001,2.1231873E-003
1.9363460E+001,6.7409759E-004
1.9364960E+001,-7.7499209E-004
1.9366460E+001,-1.9006466E-003
1.9367960E+001,-3.0174397E-003
1.9369460E+001,-4.1342329E-003
1.9370960E+001,-4.9433362E-003
1.9372460E+001,-5.5793638E-003
1.9373960E+001,-6.2153914E-003
1.9375460E+001,-6.6907435E-003
1.9376960E+001,-6.8028283E-003
1.9378460E+001,-6.9149132E-003
1.9379960E+001,-7.0269981E-003
1.9381460E+001,-6.7002709E-003
1.9382960E+001,-6.3615212E-003
1.9384460E+001,-6.0227715E-003
1.9385960E+001,-5.4999084E-003
1.9387460E+001,-4.8734814E-003
1.9388960E+001,-4.2470544E-003
1.9390460E+001,-3.5937616E-003
1.9391960E+001,-2.8797286E-003
1.9393460E+001,-2.1656956E-003
1.9394960E+001,-1.4516626E-003
1.9396460E+001,-8.2612557E-004
1.9397960E+001,-2.0301308E-004
1.9399460E+001,4.2009942E-004
1.9400960E+001,9.1082275E-004
1.9402460E+001,1.3270771E-003
1.9403960E+001,1.7433314E-003
1.9405460E+001,2.0830426E-003
1.9406960E+001,2.2496997E-003
1.9408460E+001,2.4163568E-003
1.9409960E+001,2.5830139E-003
1.9411460E+001,2.5192281E-003
1.9412960E+001,2.4491287E-003
1.9414460E+001,2.3790292E-003
1.9415960E+001,2.1812858E-003
1.9417460E+001,1.9117425E-003
1.9418960E+001,1.6421992E-003
1.9420460E+001,1.3224510E-003
1.9421960E+001,8.8919612E-004
1.9423460E+001,4.5594122E-004
1.9424960E+001,2.2686312E-005
1.9426460E+001,-5.4487031E-004
1.9427960E+001,-1.1161065E-003
1.9429460E+001,-1.6873427E-003
1.9430960E+001,-2.3304772E-003
1.9432460E+001,-3.0140545E-003
1.9433960E+001,-3.6976319E-003
1.9435460E+001,-4.4023900E-003
1.9436960E+001,-5.1550353E-003
1.9438460E+001,-5.9076805E-003
1.9439960E+001,-6.6603258E-003
1.9441460E+001,-7.4108249E-003
1.9442960E+001,-8.1612651E-003
1.9444460E+001,-8.9117054E-003
1.9445960E+001,-9.6022838E-003
1.9447460E+001,-1.0259190E-002
1.9448960E+001,-1.0916096E-002
1.9450460E+001,-1.1518253E-002
1.9451960E+001,-1.1996628E-002
1.9453460E+001,-1.2475003E-002
1.9454960E+001,-1.2953378E-002
1.9456460E+001,-1.3213638E-002
1.9457960E+001,-1.3467923E-002
1.9459460E+001,-1.3722207E-002
1.9460960E+001,-1.3843014E-002
1.9462460E+001,-1.3888740E-002
1.9463960E+001,-1.3934465E-002
1.9465460E+001,-1.3938432E-002
1.9466960E+001,-1.3847989E-002
1.9468460E+001,-1.3757546E-002
1.9469960E+001,-1.3667103E-002
1.9471460E+001,-1.3539746E-002
1.9472960E+001,-1.3411377E-002
1.9474460E+001,-1.3283009E-002
1.9475960E+001,-1.3182528E-002
1.9477460E+001,-1.3097733E-002
1.9478960E+001,-1.3012939E-002
1.9480460E+001,-1.2951734E-002
1.9481960E+001,-1.2943863E-002
1.9483460E+001,-1.2935992E-002
1.9484960E+001,-1.2928121E-002
1.9486460E+001,-1.2976332E-002
1.9487960E+001,-1.3026079E-002
1.9489460E+001,-1.3075826E-002
1.9490960E+001,-1.3130118E-002
1.9492460E+001,-1.3186968E-002
1.9493960E+001,-1.3243817E-002
1.9495460E+001,-1.3287727E-002
1.9496960E+001,-1.3302384E-002
1.9498460E+001,-1.3317040E-002
1.9499960E+001,-1.3331697E-002
1.9501460E+001,-1.3283608E-002
1.9502960E+001,-1.3233799E-002
1.9504460E+001,-1.3183991E-002
1.9505960E+001,-1.3101561E-002
1.9507460E+001,-1.3000781E-002
1.9508960E+001,-1.2900001E-002
1.9510460E+001,-1.2795939E-002
1.9511960E+001,-1.2684457E-002
1.9513460E+001,-1.2572976E-002
1.9514960E+001,-1.2461494E-002
1.9516460E+001,-1.2384860E-002
1.9517960E+001,-1.2309180E-002
1.9519460E+001,-1.2233501E-002
1.9520960E+001,-1.2199826E-002
1.9522460E+001,-1.2189779E-002
1.9523960E+001,-1.2179732E-002
1.9525460E+001,-1.2188879E-002
1.9526960E+001,-1.2241421E-002
1.9528460E+001,-1.2293964E-002
1.9529960E+001,-1.2346506E-002
1.9531460E+001,-1.2421860E-002
1.9532960E+001,-1.2497839E-002
1.9534460E+001,-1.2573818E-002
1.9535960E+001,-1.2623805E-002
1.9537460E+001,-1.2659171E-002
1.9538960E+001,-1.2694538E-002
1.9540460E+001,-1.2696862E-002
1.9541960E+001,-1.2624481E-002
1.9543460E+001,-1.2552099E-002
1.9544960E+001,-1.2479718E-002
1.9546460E+001,-1.2257568E-002
1.9547960E+001,-1.2031315E-002
1.9549460E+001,-1.1805062E-002
1.9550960E+001,-1.1474678E-002
1.9552460E+001,-1.1085721E-002
1.9553960E+001,-1.0696763E-002
1.9555460E+001,-1.0266953E-002
1.9556960E+001,-9.7447792E-003
1.9558460E+001,-9.2226055E-003
1.9559960E+001,-8.7004317E-003
1.9561460E+001,-8.1005678E-003
1.9562960E+001,-7.4985753E-003
1.9564460E+001,-6.8965828E-003
1.9565960E+001,-6.2791318E-003
1.9567460E+001,-5.6529852E-003
1.9568960E+001,-5.0268387E-003
1.9570460E+001,-4.4060527E-003
1.9571960E+001,-3.7973861E-003
1.9573460E+001,-3.1887195E-003
1.9574960E+001,-2.5800528E-003
1.9576460E+001,-2.0138324E-003
1.9577960E+001,-1.4487750E-003
1.9579460E+001,-8.8371747E-004
1.9580960E+001,-3.6163914E-004
1.9582460E+001,1.3626338E-004
1.9583960E+001,6.3416591E-004
1.9585460E+001,1.1002821E-003
1.9586960E+001,1.4945334E-003
1.9588460E+001,1.8887847E-003
1.9589960E+001,2.2830360E-003
1.9591460E+001,2.5265714E-003
1.9592960E+001,2.7659776E-003
1.9594460E+001,3.0053838E-003
1.9595960E+001,3.1167687E-003
1.9597460E+001,3.1561415E-003
1.9598960E+001,3.1955143E-003
1.9600460E+001,3.1722409E-003
1.9601960E+001,3.0073323E-003
1.9603460E+001,2.8424237E-003
1.9604960E+001,2.6775151E-003
1.9606460E+001,2.3755560E-003
1.9607960E+001,2.0698420E-003
1.9609460E+001,1.7641280E-003
1.9610960E+001,1.4499596E-003
1.9612460E+001,1.1310356E-003
1.9613960E+001,8.1211170E-004
1.9615460E+001,5.3554484E-004
1.9616960E+001,3.5474201E-004
1.9618460E+001,1.7393919E-004
1.9619960E+001,-6.8636392E-006
1.9621460E+001,5.6951181E-005
1.9622960E+001,1.2746795E-004
1.9624460E+001,1.9798473E-004
1.9625960E+001,4.4298201E-004
1.9627460E+001,7.8612474E-004
1.9628960E+001,1.1292675E-003
1.9630460E+001,1.5290619E-003
1.9631960E+001,2.0569387E-003
1.9633460E+001,2.5848155E-003
1.9634960E+001,3.1126923E-003
1.9636460E+001,3.6586200E-003
1.9637960E+001,4.2050423E-003
1.9639460E+001,4.7514647E-003
1.9640960E+001,5.1959558E-003
1.9642460E+001,5.5831106E-003
1.9643960E+001,5.9702653E-003
1.9645460E+001,6.2721705E-003
1.9646960E+001,6.3813369E-003
1.9648460E+001,6.4905033E-003
1.9649960E+001,6.5996697E-003
1.9651460E+001,6.4195374E-003
1.9652960E+001,6.2314791E-003
1.9654460E+001,6.0434208E-003
1.9655960E+001,5.7119363E-003
1.9657460E+001,5.2997746E-003
1.9658960E+001,4.8876128E-003
1.9660460E+001,4.4437800E-003
1.9661960E+001,3.9283430E-003
1.9663460E+001,3.4129059E-003
1.9664960E+001,2.8974689E-003
1.9666460E+001,2.3943305E-003
1.9667960E+001,1.8915291E-003
1.9669460E+001,1.3887276E-003
1.9670960E+001,9.4467670E-004
1.9672460E+001,5.3367302E-004
1.9673960E+001,1.2266934E-004
1.9675460E+001,-2.4754416E-004
1.9676960E+001,-5.2553619E-004
1.9678460E+001,-8.0352823E-004
1.9679960E+001,-1.0815203E-003
1.9681460E+001,-1.2100095E-003
1.9682960E+001,-1.3344026E-003
1.9684460E+001,-1.4587958E-003
1.9685960E+001,-1.4756479E-003
1.9687460E+001,-1.4320080E-003
1.9688960E+001,-1.3883681E-003
1.9690460E+001,-1.2911973E-003
1.9691960E+001,-1.0729999E-003
1.9693460E+001,-8.5480241E-004
1.9694960E+001,-6.3660496E-004
1.9696460E+001,-2.6421375E-004
1.9697960E+001,1.1240202E-004
1.9699460E+001,4.8901778E-004
1.9700960E+001,9.3385896E-004
1.9702460E+001,1.4170770E-003
1.9703960E+001,1.9002950E-003
1.9705460E+001,2.3899576E-003
1.9706960E+001,2.8941902E-003
1.9708460E+001,3.3984229E-003
1.9709960E+001,3.9026556E-003
1.9711460E+001,4.3291683E-003
1.9712960E+001,4.7535516E-003
1.9714460E+001,5.1779349E-003
1.9715960E+001,5.4932252E-003
1.9717460E+001,5.7471505E-003
1.9718960E+001,6.0010758E-003
1.9720460E+001,6.1842565E-003
1.9721960E+001,6.2074926E-003
1.9723460E+001,6.2307287E-003
1.9724960E+001,6.2539648E-003
1.9726460E+001,6.0312005E-003
1.9727960E+001,5.8016964E-003
1.9729460E+001,5.5721924E-003
1.9730960E+001,5.1892179E-003
1.9732460E+001,4.7199161E-003
1.9733960E+001,4.2506143E-003
1.9735460E+001,3.7201584E-003
1.9736960E+001,3.0514404E-003
1.9738460E+001,2.3827225E-003
1.9739960E+001,1.7140045E-003
1.9741460E+001,9.1200988E-004
1.9742960E+001,1.0636376E-004
1.9744460E+001,-6.9928236E-004
1.9745960E+001,-1.5391502E-003
1.9747460E+001,-2.3982678E-003
1.9748960E+001,-3.2573853E-003
1.9750460E+001,-4.1011931E-003
1.9751960E+001,-4.9103872E-003
1.9753460E+001,-5.7195813E-003
1.9754960E+001,-6.5287755E-003
1.9756460E+001,-7.1773354E-003
1.9757960E+001,-7.8214944E-003
1.9759460E+001,-8.4656533E-003
1.9760960E+001,-8.9359904E-003
1.9762460E+001,-9.3085524E-003
1.9763960E+001,-9.6811145E-003
1.9765460E+001,-9.9494999E-003
1.9766960E+001,-9.9823552E-003
1.9768460E+001,-1.0015211E-002
1.9769960E+001,-1.0048066E-002
1.9771460E+001,-9.7494719E-003
1.9772960E+001,-9.4417971E-003
1.9774460E+001,-9.1341223E-003
1.9775960E+001,-8.6590382E-003
1.9777460E+001,-8.0897862E-003
1.9778960E+001,-7.5205342E-003
1.9780460E+001,-6.9148585E-003
1.9781960E+001,-6.2268334E-003
1.9783460E+001,-5.5388084E-003
1.9784960E+001,-4.8507833E-003
1.9786460E+001,-4.2052132E-003
1.9787960E+001,-3.5608063E-003
1.9789460E+001,-2.9163993E-003
1.9790960E+001,-2.3803493E-003
1.9792460E+001,-1.9052502E-003
1.9793960E+001,-1.4301511E-003
1.9795460E+001,-1.0213588E-003
1.9796960E+001,-7.6247825E-004
1.9798460E+001,-5.0359765E-004
1.9799960E+001,-2.4471705E-004
1.9801460E+001,-1.5866708E-004
1.9802960E+001,-7.7352258E-005
1.9804460E+001,3.9625615E-006
1.9805960E+001,3.1423246E-005
1.9807460E+001,2.8590929E-005
1.9808960E+001,2.5758612E-005
1.9810460E+001,2.7144865E-005
1.9811960E+001,3.8068773E-005
1.9813460E+001,4.8992681E-005
1.9814960E+001,5.9916589E-005
1.9816460E+001,1.4211145E-004
1.9817960E+001,2.2625898E-004
1.9819460E+001,3.1040650E-004
1.9820960E+001,4.4471049E-004
1.9822460E+001,6.0722753E-004
1.9823960E+001,7.6974458E-004
1.9825460E+001,9.4552043E-004
1.9826960E+001,1.1512727E-003
1.9828460E+001,1.3570251E-003
1.9829960E+001,1.5627774E-003
1.9831460E+001,1.7672761E-003
1.9832960E+001,1.9717405E-003
1.9834460E+001,2.1762048E-003
1.9835960E+001,2.3628402E-003
1.9837460E+001,2.5394468E-003
1.9838960E+001,2.7160533E-003
1.9840460E+001,2.8838052E-003
1.9841960E+001,3.0315379E-003
1.9843460E+001,3.1792705E-003
1.9844960E+001,3.3270032E-003
1.9846460E+001,3.4561350E-003
1.9847960E+001,3.5847572E-003
1.9849460E+001,3.7133794E-003
1.9850960E+001,3.8274919E-003
1.9852460E+001,3.9334428E-003
1.9853960E+001,4.0393936E-003
1.9855460E+001,4.1293298E-003
1.9856960E+001,4.1830588E-003
1.9858460E+001,4.2367878E-003
1.9859960E+001,4.2905168E-003
1.9861460E+001,4.2516970E-003
1.9862960E+001,4.2103416E-003
1.9864460E+001,4.1689862E-003
1.9865960E+001,4.0522360E-003
1.9867460E+001,3.8930762E-003
1.9868960E+001,3.7339164E-003
1.9870460E+001,3.5476529E-003
1.9871960E+001,3.3001117E-003
1.9873460E+001,3.0525704E-003
1.9874960E+001,2.8050292E-003
1.9876460E+001,2.5559085E-003
1.9877960E+001,2.3067446E-003
1.9879460E+001,2.0575806E-003
1.9880960E+001,1.8796592E-003
1.9882460E+001,1.7418117E-003
1.9883960E+001,1.6039643E-003
1.9885460E+001,1.5268693E-003
1.9886960E+001,1.5871278E-003
1.9888460E+001,1.6473864E-003
1.9889960E+001,1.7076450E-003
1.9891460E+001,1.9779557E-003
1.9892960E+001,2.2540213E-003
1.9894460E+001,2.5300869E-003
1.9895960E+001,2.9056979E-003
1.9897460E+001,3.3373033E-003
1.9898960E+001,3.7689087E-003
1.9900460E+001,4.2142348E-003
1.9901960E+001,4.6905817E-003
1.9903460E+001,5.1669286E-003
1.9904960E+001,5.6432754E-003
1.9906460E+001,6.0494992E-003
1.9907960E+001,6.4538018E-003
1.9909460E+001,6.8581043E-003
1.9910960E+001,7.1613041E-003
1.9912460E+001,7.4076334E-003
1.9913960E+001,7.6539628E-003
1.9915460E+001,7.8396803E-003
1.9916960E+001,7.8883622E-003
1.9918460E+001,7.9370442E-003
1.9919960E+001,7.9857261E-003
1.9921460E+001,7.8449534E-003
1.9922960E+001,7.6989901E-003
1.9924460E+001,7.5530268E-003
1.9925960E+001,7.3045485E-003
1.9927460E+001,6.9984054E-003
1.9928960E+001,6.6922623E-003
1.9930460E+001,6.3541575E-003
1.9931960E+001,5.9437912E-003
1.9933460E+001,5.5334249E-003
1.9934960E+001,5.1230586E-003
1.9936460E+001,4.6788306E-003
1.9937960E+001,4.2336749E-003
1.9939460E+001,3.7885192E-003
1.9940960E+001,3.3676320E-003
1.9942460E+001,2.9603959E-003
1.9943960E+001,2.5531597E-003
1.9945460E+001,2.1765917E-003
1.9946960E+001,1.8693601E-003
1.9948460E+001,1.5621286E-003
1.9949960E+001,1.2548971E-003
1.9951460E+001,1.0825360E-003
1.9952960E+001,9.1387016E-004
1.9954460E+001,7.4520427E-004
1.9955960E+001,6.7168623E-004
1.9957460E+001,6.5168892E-004
1.9958960E+001,6.3169162E-004
1.9960460E+001,6.5330723E-004
1.9961960E+001,7.6900435E-004
1.9963460E+001,8.8470147E-004
1.9964960E+001,1.0003986E-003
1.9966460E+001,1.2237225E-003
1.9967960E+001,1.4499951E-003
1.9969460E+001,1.6762678E-003
1.9970960E+001,1.9550073E-003
1.9972460E+001,2.2632596E-003
1.9973960E+001,2.5715118E-003
1.9975460E+001,2.8956077E-003
1.9976960E+001,3.2555241E-003
1.9978460E+001,3.6154405E-003
1.9979960E+001,3.9753569E-003
1.9981460E+001,4.3508567E-003
1.9982960E+001,4.7267835E-003
1.9984460E+001,5.1027102E-003
1.9985960E+001,5.4606784E-003
1.9987460E+001,5.8085449E-003
1.9988960E+001,6.1564114E-003
1.9990460E+001,6.4805279E-003
1.9991960E+001,6.7509484E-003
1.9993460E+001,7.0213689E-003
1.9994960E+001,7.2917894E-003
1.9996460E+001,7.4436623E-003
1.9997960E+001,7.5922873E-003
1.9999460E+001,7.7409122E-003
2.0000960E+001,7.7947625E-003
2.0002460E+001,7.7953018E-003
2.0003960E+001,7.7958412E-003
2.0005460E+001,7.7510984E-003
2.0006960E+001,7.6039786E-003
2.0008460E+001,7.4568588E-003
2.0009960E+001,7.3097391E-003
2.0011460E+001,7.0453434E-003
2.0012960E+001,6.7777347E-003
2.0014460E+001,6.5101260E-003
2.0015960E+001,6.1952874E-003
2.0017460E+001,5.8538818E-003
2.0018960E+001,5.5124762E-003
2.0020460E+001,5.1658222E-003
2.0021960E+001,4.8073024E-003
2.0023460E+001,4.4487825E-003
2.0024960E+001,4.0902626E-003
2.0026460E+001,3.7719578E-003
2.0027960E+001,3.4547548E-003
2.0029460E+001,3.1375518E-003
2.0030960E+001,2.8804343E-003
2.0032460E+001,2.6571148E-003
2.0033960E+001,2.4337954E-003
2.0035460E+001,2.2504555E-003
2.0036960E+001,2.1575042E-003
2.0038460E+001,2.0645528E-003
2.0039960E+001,1.9716015E-003
2.0041460E+001,2.0118504E-003
2.0042960E+001,2.0557487E-003
2.0044460E+001,2.0996470E-003
2.0045960E+001,2.2078740E-003
2.0047460E+001,2.3522860E-003
2.0048960E+001,2.4966980E-003
2.0050460E+001,2.6471561E-003
2.0051960E+001,2.8112839E-003
2.0053460E+001,2.9754116E-003
2.0054960E+001,3.1395393E-003
2.0056460E+001,3.2192040E-003
2.0057960E+001,3.2965547E-003
2.0059460E+001,3.3739053E-003
2.0060960E+001,3.3361878E-003
2.0062460E+001,3.2337444E-003
2.0063960E+001,3.1313010E-003
2.0065460E+001,2.9633911E-003
2.0066960E+001,2.6474697E-003
2.0068460E+001,2.3315484E-003
2.0069960E+001,2.0156270E-003
2.0071460E+001,1.5457500E-003
2.0072960E+001,1.0716550E-003
2.0074460E+001,5.9756002E-004
2.0075960E+001,1.1053575E-004
2.0077460E+001,-3.8376124E-004
2.0078960E+001,-8.7805823E-004
2.0080460E+001,-1.3250564E-003
2.0081960E+001,-1.6651177E-003
2.0083460E+001,-2.0051791E-003
2.0084960E+001,-2.3452405E-003
2.0086460E+001,-2.3970804E-003
2.0087960E+001,-2.4410237E-003
2.0089460E+001,-2.4849670E-003
2.0090960E+001,-2.3080054E-003
2.0092460E+001,-2.0067847E-003
2.0093960E+001,-1.7055639E-003
2.0095460E+001,-1.3184580E-003
2.0096960E+001,-7.3717645E-004
2.0098460E+001,-1.5589493E-004
2.0099960E+001,4.2538659E-004
2.0101460E+001,1.1332976E-003
2.0102960E+001,1.8446781E-003
2.0104460E+001,2.5560585E-003
2.0105960E+001,3.2419090E-003
2.0107460E+001,3.9133990E-003
2.0108960E+001,4.5848890E-003
2.0110460E+001,5.2062194E-003
2.0111960E+001,5.7141452E-003
2.0113460E+001,6.2220710E-003
2.0114960E+001,6.7299968E-003
2.0116460E+001,7.0372209E-003
2.0117960E+001,7.3389462E-003
2.0119460E+001,7.6406716E-003
2.0120960E+001,7.8285285E-003
2.0122460E+001,7.9523343E-003
2.0123960E+001,8.0761401E-003
2.0125460E+001,8.1627668E-003
2.0126960E+001,8.1653360E-003
2.0128460E+001,8.1679052E-003
2.0129960E+001,8.1704744E-003
2.0131460E+001,8.0924802E-003
2.0132960E+001,8.0122788E-003
2.0134460E+001,7.9320774E-003
2.0135960E+001,7.7965363E-003
2.0137460E+001,7.6298664E-003
2.0138960E+001,7.4631965E-003
2.0140460E+001,7.2589757E-003
2.0141960E+001,6.9698569E-003
2.0143460E+001,6.6807381E-003
2.0144960E+001,6.3916192E-003
2.0146460E+001,5.9509569E-003
2.0147960E+001,5.5061426E-003
2.0149460E+001,5.0613283E-003
2.0150960E+001,4.5216254E-003
2.0152460E+001,3.9285476E-003
2.0153960E+001,3.3354698E-003
2.0155460E+001,2.7172296E-003
2.0156960E+001,2.0421004E-003
2.0158460E+001,1.3669712E-003
2.0159960E+001,6.9184198E-004
2.0161460E+001,4.6349456E-005
2.0162960E+001,-5.9833110E-004
2.0164460E+001,-1.2430116E-003
2.0165960E+001,-1.7900543E-003
2.0167460E+001,-2.2821755E-003
2.0168960E+001,-2.7742968E-003
2.0170460E+001,-3.1921830E-003
2.0171960E+001,-3.4422333E-003
2.0173460E+001,-3.6922835E-003
2.0174960E+001,-3.9423338E-003
2.0176460E+001,-3.9284898E-003
2.0177960E+001,-3.9074157E-003
2.0179460E+001,-3.8863416E-003
2.0180960E+001,-3.7134180E-003
2.0182460E+001,-3.4550789E-003
2.0183960E+001,-3.1967399E-003
2.0185460E+001,-2.8889095E-003
2.0186960E+001,-2.4691856E-003
2.0188460E+001,-2.0494617E-003
2.0189960E+001,-1.6297378E-003
2.0191460E+001,-1.1371306E-003
2.0192960E+001,-6.4252646E-004
2.0194460E+001,-1.4792237E-004
2.0195960E+001,3.4873788E-004
2.0197460E+001,8.4655473E-004
2.0198960E+001,1.3443716E-003
2.0200460E+001,1.8282416E-003
2.0201960E+001,2.2805797E-003
2.0203460E+001,2.7329177E-003
2.0204960E+001,3.1852558E-003
2.0206460E+001,3.5586954E-003
2.0207960E+001,3.9299734E-003
2.0209460E+001,4.3012515E-003
2.0210960E+001,4.5946409E-003
2.0212460E+001,4.8442180E-003
2.0213960E+001,5.0937950E-003
2.0215460E+001,5.2883478E-003
2.0216960E+001,5.3584975E-003
2.0218460E+001,5.4286472E-003
2.0219960E+001,5.4987969E-003
2.0221460E+001,5.3270329E-003
2.0222960E+001,5.1486411E-003
2.0224460E+001,4.9702492E-003
2.0225960E+001,4.5977788E-003
2.0227460E+001,4.1161390E-003
2.0228960E+001,3.6344991E-003
2.0230460E+001,3.0586891E-003
2.0231960E+001,2.2699721E-003
2.0233460E+001,1.4812552E-003
2.0234960E+001,6.9253822E-004
2.0236460E+001,-3.2104666E-004
2.0237960E+001,-1.3407924E-003
2.0239460E+001,-2.3605381E-003
2.0240960E+001,-3.4262424E-003
2.0242460E+001,-4.5177985E-003
2.0243960E+001,-5.6093545E-003
2.0245460E+001,-6.6579902E-003
2.0246960E+001,-7.6095887E-003
2.0248460E+001,-8.5611871E-003
2.0249960E+001,-9.5127856E-003
2.0251460E+001,-1.0126586E-002
2.0252960E+001,-1.0731132E-002
2.0254460E+001,-1.1335677E-002
2.0255960E+001,-1.1629314E-002
2.0257460E+001,-1.1748065E-002
2.0258960E+001,-1.1866816E-002
2.0260460E+001,-1.1829206E-002
2.0261960E+001,-1.1438085E-002
2.0263460E+001,-1.1046964E-002
2.0264960E+001,-1.0655843E-002
2.0266460E+001,-9.8682497E-003
2.0267960E+001,-9.0697940E-003
2.0269460E+001,-8.2713382E-003
2.0270960E+001,-7.3423209E-003
2.0272460E+001,-6.3398627E-003
2.0273960E+001,-5.3374045E-003
2.0275460E+001,-4.3493185E-003
2.0276960E+001,-3.3937261E-003
2.0278460E+001,-2.4381337E-003
2.0279960E+001,-1.4825413E-003
2.0281460E+001,-8.0205238E-004
2.0282960E+001,-1.2910062E-004
2.0284460E+001,5.4385115E-004
2.0285960E+001,9.2937500E-004
2.0287460E+001,1.1532204E-003
2.0288960E+001,1.3770658E-003
2.0290460E+001,1.4436791E-003
2.0291960E+001,1.1548107E-003
2.0293460E+001,8.6594222E-004
2.0294960E+001,5.7707378E-004
2.0296460E+001,-1.6557579E-004
2.0297960E+001,-9.2065791E-004
2.0299460E+001,-1.6757400E-003
2.0300960E+001,-2.6408861E-003
2.0302460E+001,-3.7241933E-003
2.0303960E+001,-4.8075006E-003
2.0305460E+001,-5.9327676E-003
2.0306960E+001,-7.1529007E-003
2.0308460E+001,-8.3730337E-003
2.0309960E+001,-9.5931667E-003
2.0311460E+001,-1.0753039E-002
2.0312960E+001,-1.1911260E-002
2.0314460E+001,-1.3069481E-002
2.0315960E+001,-1.4082546E-002
2.0317460E+001,-1.5013960E-002
2.0318960E+001,-1.5945375E-002
2.0320460E+001,-1.6775263E-002
2.0321960E+001,-1.7375613E-002
2.0323460E+001,-1.7975963E-002
2.0324960E+001,-1.8576313E-002
2.0326460E+001,-1.8820453E-002
2.0327960E+001,-1.9054832E-002
2.0329460E+001,-1.9289212E-002
2.0330960E+001,-1.9306217E-002
2.0332460E+001,-1.9200947E-002
2.0333960E+001,-1.9095678E-002
2.0335460E+001,-1.8906810E-002
2.0336960E+001,-1.8528935E-002
2.0338460E+001,-1.8151060E-002
2.0339960E+001,-1.7773186E-002
2.0341460E+001,-1.7209570E-002
2.0342960E+001,-1.6640865E-002
2.0344460E+001,-1.6072161E-002
2.0345960E+001,-1.5428265E-002
2.0347460E+001,-1.4742073E-002
2.0348960E+001,-1.4055881E-002
2.0350460E+001,-1.3349507E-002
2.0351960E+001,-1.2597505E-002
2.0353460E+001,-1.1845504E-002
2.0354960E+001,-1.1093502E-002
2.0356460E+001,-1.0306234E-002
2.0357960E+001,-9.5180008E-003
2.0359460E+001,-8.7297672E-003
2.0360960E+001,-7.9295866E-003
2.0362460E+001,-7.1226858E-003
2.0363960E+001,-6.3157850E-003
2.0365460E+001,-5.5093871E-003
2.0366960E+001,-4.7041265E-003
2.0368460E+001,-3.8988659E-003
2.0369960E+001,-3.0936052E-003
2.0371460E+001,-2.3246204E-003
2.0372960E+001,-1.5566294E-003
2.0374460E+001,-7.8863840E-004
2.0375960E+001,-8.0179874E-005
2.0377460E+001,5.9479158E-004
2.0378960E+001,1.2697630E-003
2.0380460E+001,1.8946972E-003
2.0381960E+001,2.4065033E-003
2.0383460E+001,2.9183094E-003
2.0384960E+001,3.4301155E-003
2.0386460E+001,3.7157468E-003
2.0387960E+001,3.9951815E-003
2.0389460E+001,4.2746161E-003
2.0390960E+001,4.3748840E-003
2.0392460E+001,4.3743703E-003
2.0393960E+001,4.3738567E-003
2.0395460E+001,4.2855338E-003
2.0396960E+001,3.9986854E-003
2.0398460E+001,3.7118369E-003
2.0399960E+001,3.4249884E-003
2.0401460E+001,2.9043193E-003
2.0402960E+001,2.3772441E-003
2.0404460E+001,1.8501689E-003
2.0405960E+001,1.2308873E-003
2.0407460E+001,5.5973955E-004
2.0408960E+001,-1.1140820E-004
2.0410460E+001,-7.8722796E-004
2.0411960E+001,-1.4736105E-003
2.0413460E+001,-2.1599931E-003
2.0414960E+001,-2.8463757E-003
2.0416460E+001,-3.4174388E-003
2.0417960E+001,-3.9853424E-003
2.0419460E+001,-4.5532461E-003
2.0420960E+001,-4.9758229E-003
2.0422460E+001,-5.3166533E-003
2.0423960E+001,-5.6574837E-003
2.0425460E+001,-5.9104587E-003
2.0426960E+001,-5.9648038E-003
2.0428460E+001,-6.0191489E-003
2.0429960E+001,-6.0734940E-003
2.0431460E+001,-5.8517121E-003
2.0432960E+001,-5.6223649E-003
2.0434460E+001,-5.3930178E-003
2.0435960E+001,-5.0237528E-003
2.0437460E+001,-4.5757840E-003
2.0438960E+001,-4.1278152E-003
2.0440460E+001,-3.6479497E-003
2.0441960E+001,-3.0959699E-003
2.0443460E+001,-2.5439901E-003
2.0444960E+001,-1.9920103E-003
2.0446460E+001,-1.4754302E-003
2.0447960E+001,-9.5981995E-004
2.0449460E+001,-4.4420972E-004
2.0450960E+001,-3.8495628E-005
2.0452460E+001,3.0540178E-004
2.0453960E+001,6.4929919E-004
2.0455460E+001,9.1016880E-004
2.0456960E+001,9.8332307E-004
2.0458460E+001,1.0564773E-003
2.0459960E+001,1.1296316E-003
2.0461460E+001,9.0123538E-004
2.0462960E+001,6.6457739E-004
2.0464460E+001,4.2791939E-004
2.0465960E+001,1.2192129E-005
2.0467460E+001,-5.0426178E-004
2.0468960E+001,-1.0207157E-003
2.0470460E+001,-1.5949750E-003
2.0471960E+001,-2.2999249E-003
2.0473460E+001,-3.0048748E-003
2.0474960E+001,-3.7098248E-003
2.0476460E+001,-4.4703304E-003
2.0477960E+001,-5.2323582E-003
2.0479460E+001,-5.9943859E-003
2.0480960E+001,-6.7005462E-003
2.0482460E+001,-7.3752810E-003
2.0483960E+001,-8.0500159E-003
2.0485460E+001,-8.6578451E-003
2.0486960E+001,-9.1144093E-003
2.0488460E+001,-9.5709736E-003
2.0489960E+001,-1.0027538E-002
2.0491460E+001,-1.0179283E-002
2.0492960E+001,-1.0322678E-002
2.0494460E+001,-1.0466072E-002
2.0495960E+001,-1.0382109E-002
2.0497460E+001,-1.0170258E-002
2.0498960E+001,-9.9584059E-003
2.0500460E+001,-9.6438045E-003
2.0501960E+001,-9.0968985E-003
2.0503460E+001,-8.5499926E-003
2.0504960E+001,-8.0030866E-003
2.0506460E+001,-7.2080385E-003
2.0507960E+001,-6.4061920E-003
2.0509460E+001,-5.6043454E-003
2.0510960E+001,-4.7185164E-003
2.0512460E+001,-3.7854473E-003
2.0513960E+001,-2.8523781E-003
2.0515460E+001,-1.9220375E-003
2.0516960E+001,-9.9786554E-004
2.0518460E+001,-7.3693631E-005
2.0519960E+001,8.5047828E-004
2.0521460E+001,1.6427779E-003
2.0522960E+001,2.4314644E-003
2.0524460E+001,3.2201510E-003
2.0525960E+001,3.8651139E-003
2.0527460E+001,4.4292321E-003
2.0528960E+001,4.9933502E-003
2.0530460E+001,5.4768899E-003
2.0531960E+001,5.7782517E-003
2.0533460E+001,6.0796135E-003
2.0534960E+001,6.3809753E-003
2.0536460E+001,6.4417593E-003
2.0537960E+001,6.4959520E-003
2.0539460E+001,6.5501448E-003
2.0540960E+001,6.4866381E-003
2.0542460E+001,6.3569253E-003
2.0543960E+001,6.2272125E-003
2.0545460E+001,6.0704974E-003
2.0546960E+001,5.8527333E-003
2.0548460E+001,5.6349692E-003
2.0549960E+001,5.4172050E-003
2.0551460E+001,5.2149053E-003
2.0552960E+001,5.0130292E-003
2.0554460E+001,4.8111532E-003
2.0555960E+001,4.6717119E-003
2.0557460E+001,4.5673904E-003
2.0558960E+001,4.4630688E-003
2.0560460E+001,4.3988468E-003
2.0561960E+001,4.4252850E-003
2.0563460E+001,4.4517232E-003
2.0564960E+001,4.4781614E-003
2.0566460E+001,4.6078381E-003
2.0567960E+001,4.7403433E-003
2.0569460E+001,4.8728485E-003
2.0570960E+001,5.0294217E-003
2.0572460E+001,5.1995333E-003
2.0573960E+001,5.3696449E-003
2.0575460E+001,5.5269651E-003
2.0576960E+001,5.6553654E-003
2.0578460E+001,5.7837658E-003
2.0579960E+001,5.9121661E-003
2.0581460E+001,5.9481680E-003
2.0582960E+001,5.9816384E-003
2.0584460E+001,6.0151088E-003
2.0585960E+001,5.9858889E-003
2.0587460E+001,5.9214058E-003
2.0588960E+001,5.8569226E-003
2.0590460E+001,5.7770654E-003
2.0591960E+001,5.6624494E-003
2.0593460E+001,5.5478334E-003
2.0594960E+001,5.4332174E-003
2.0596460E+001,5.3439986E-003
2.0597960E+001,5.2554756E-003
2.0599460E+001,5.1669527E-003
2.0600960E+001,5.1397075E-003
2.0602460E+001,5.1469312E-003
2.0603960E+001,5.1541548E-003
2.0605460E+001,5.2002758E-003
2.0606960E+001,5.3343387E-003
2.0608460E+001,5.4684015E-003
2.0609960E+001,5.6024644E-003
2.0611460E+001,5.8376112E-003
2.0612960E+001,6.0755274E-003
2.0614460E+001,6.3134436E-003
2.0615960E+001,6.5728562E-003
2.0617460E+001,6.8443606E-003
2.0618960E+001,7.1158650E-003
2.0620460E+001,7.3694086E-003
2.0621960E+001,7.5823452E-003
2.0623460E+001,7.7952819E-003
2.0624960E+001,8.0082185E-003
2.0626460E+001,8.0848931E-003
2.0627960E+001,8.1578344E-003
2.0629460E+001,8.2307757E-003
2.0630960E+001,8.1853421E-003
2.0632460E+001,8.0733225E-003
2.0633960E+001,7.9613030E-003
2.0635460E+001,7.7925231E-003
2.0636960E+001,7.4954154E-003
2.0638460E+001,7.1983077E-003
2.0639960E+001,6.9012000E-003
2.0641460E+001,6.4574073E-003
2.0642960E+001,6.0095958E-003
2.0644460E+001,5.5617843E-003
2.0645960E+001,5.0487057E-003
2.0647460E+001,4.4989141E-003
2.0648960E+001,3.9491226E-003
2.0650460E+001,3.3824310E-003
2.0651960E+001,2.7775306E-003
2.0653460E+001,2.1726302E-003
2.0654960E+001,1.5677297E-003
2.0656460E+001,9.5067075E-004
2.0657960E+001,3.3327865E-004
2.0659460E+001,-2.8411344E-004
2.0660960E+001,-8.7816690E-004
2.0662460E+001,-1.4590923E-003
2.0663960E+001,-2.0400178E-003
2.0665460E+001,-2.5888863E-003
2.0666960E+001,-3.0652781E-003
2.0668460E+001,-3.5416698E-003
2.0669960E+001,-4.0180616E-003
2.0671460E+001,-4.3065286E-003
2.0672960E+001,-4.5898469E-003
2.0674460E+001,-4.8731652E-003
2.0675960E+001,-4.9742876E-003
2.0677460E+001,-4.9729246E-003
2.0678960E+001,-4.9715616E-003
2.0680460E+001,-4.8637538E-003
2.0681960E+001,-4.5152877E-003
2.0683460E+001,-4.1668217E-003
2.0684960E+001,-3.8183556E-003
2.0686460E+001,-3.1322445E-003
2.0687960E+001,-2.4368827E-003
2.0689460E+001,-1.7415209E-003
2.0690960E+001,-8.7602955E-004
2.0692460E+001,8.5159888E-005
2.0693960E+001,1.0463493E-003
2.0695460E+001,2.0417842E-003
2.0696960E+001,3.1146435E-003
2.0698460E+001,4.1875029E-003
2.0699960E+001,5.2603623E-003
2.0701460E+001,6.2536489E-003
2.0702960E+001,7.2447554E-003
2.0704460E+001,8.2358619E-003
2.0705960E+001,9.0573933E-003
2.0707460E+001,9.7835386E-003
2.0708960E+001,1.0509684E-002
2.0710460E+001,1.1116490E-002
2.0711960E+001,1.1453486E-002
2.0713460E+001,1.1790481E-002
2.0714960E+001,1.2127476E-002
2.0716460E+001,1.2053295E-002
2.0717960E+001,1.1967849E-002
2.0719460E+001,1.1882403E-002
2.0720960E+001,1.1566219E-002
2.0722460E+001,1.1120244E-002
2.0723960E+001,1.0674270E-002
2.0725460E+001,1.0158430E-002
2.0726960E+001,9.4846322E-003
2.0728460E+001,8.8108344E-003
2.0729960E+001,8.1370366E-003
2.0731460E+001,7.3968555E-003
2.0732960E+001,6.6548556E-003
2.0734460E+001,5.9128558E-003
2.0735960E+001,5.2166567E-003
2.0737460E+001,4.5462208E-003
2.0738960E+001,3.8757848E-003
2.0740460E+001,3.2541134E-003
2.0741960E+001,2.7426924E-003
2.0743460E+001,2.2312715E-003
2.0744960E+001,1.7198506E-003
2.0746460E+001,1.3896617E-003
2.0747960E+001,1.0644381E-003
2.0749460E+001,7.3921455E-004
2.0750960E+001,5.2143792E-004
2.0752460E+001,3.6410029E-004
2.0753960E+001,2.0676267E-004
2.0755460E+001,8.9003083E-005
2.0756960E+001,6.0724437E-005
2.0758460E+001,3.2445792E-005
2.0759960E+001,4.1671460E-006
2.0761460E+001,6.2921004E-005
2.0762960E+001,1.2405935E-004
2.0764460E+001,1.8519770E-004
2.0765960E+001,2.8139809E-004
2.0767460E+001,3.9732091E-004
2.0768960E+001,5.1324373E-004
2.0770460E+001,6.3531909E-004
2.0771960E+001,7.7130458E-004
2.0773460E+001,9.0729007E-004
2.0774960E+001,1.0432756E-003
2.0776460E+001,1.1593912E-003
2.0777960E+001,1.2749625E-003
2.0779460E+001,1.3905337E-003
2.0780960E+001,1.4649867E-003
2.0782460E+001,1.5163105E-003
2.0783960E+001,1.5676344E-003
2.0785460E+001,1.5881969E-003
2.0786960E+001,1.5392117E-003
2.0788460E+001,1.4902266E-003
2.0789960E+001,1.4412414E-003
2.0791460E+001,1.2802244E-003
2.0792960E+001,1.1161380E-003
2.0794460E+001,9.5205162E-004
2.0795960E+001,7.2360808E-004
2.0797460E+001,4.5896358E-004
2.0798960E+001,1.9431908E-004
2.0800460E+001,-8.8266401E-005
2.0801960E+001,-4.1141417E-004
2.0803460E+001,-7.3456193E-004
2.0804960E+001,-1.0577097E-003
2.0806460E+001,-1.3812759E-003
2.0807960E+001,-1.7048537E-003
2.0809460E+001,-2.0284314E-003
2.0810960E+001,-2.3159545E-003
2.0812460E+001,-2.5831970E-003
2.0813960E+001,-2.8504394E-003
2.0815460E+001,-3.0887105E-003
2.0816960E+001,-3.2614810E-003
2.0818460E+001,-3.4342516E-003
2.0819960E+001,-3.6070221E-003
2.0821460E+001,-3.6797496E-003
2.0822960E+001,-3.7497362E-003
2.0824460E+001,-3.8197228E-003
2.0825960E+001,-3.8382133E-003
2.0827460E+001,-3.8277371E-003
2.0828960E+001,-3.8172610E-003
2.0830460E+001,-3.7953244E-003
2.0831960E+001,-3.7474772E-003
2.0833460E+001,-3.6996300E-003
2.0834960E+001,-3.6517827E-003
2.0836460E+001,-3.6140523E-003
2.0837960E+001,-3.5765989E-003
2.0839460E+001,-3.5391456E-003
2.0840960E+001,-3.5322699E-003
2.0842460E+001,-3.5425941E-003
2.0843960E+001,-3.5529184E-003
2.0845460E+001,-3.5837308E-003
2.0846960E+001,-3.6608645E-003
2.0848460E+001,-3.7379982E-003
2.0849960E+001,-3.8151320E-003
2.0851460E+001,-3.9582497E-003
2.0852960E+001,-4.1031753E-003
2.0854460E+001,-4.2481008E-003
2.0855960E+001,-4.4285269E-003
2.0857460E+001,-4.6289220E-003
2.0858960E+001,-4.8293172E-003
2.0860460E+001,-5.0400692E-003
2.0861960E+001,-5.2742370E-003
2.0863460E+001,-5.5084048E-003
2.0864960E+001,-5.7425725E-003
2.0866460E+001,-5.9800161E-003
2.0867960E+001,-6.2175495E-003
2.0869460E+001,-6.4550829E-003
2.0870960E+001,-6.6691797E-003
2.0872460E+001,-6.8700934E-003
2.0873960E+001,-7.0710071E-003
2.0875460E+001,-7.2459611E-003
2.0876960E+001,-7.3622235E-003
2.0878460E+001,-7.4784859E-003
2.0879960E+001,-7.5947483E-003
2.0881460E+001,-7.5808348E-003
2.0882960E+001,-7.5633547E-003
2.0884460E+001,-7.5458746E-003
2.0885960E+001,-7.4187162E-003
2.0887460E+001,-7.2298635E-003
2.0888960E+001,-7.0410108E-003
2.0890460E+001,-6.7960413E-003
2.0891960E+001,-6.4241990E-003
2.0893460E+001,-6.0523567E-003
2.0894960E+001,-5.6805144E-003
2.0896460E+001,-5.1547824E-003
2.0897960E+001,-4.6248341E-003
2.0899460E+001,-4.0948858E-003
2.0900960E+001,-3.5033776E-003
2.0902460E+001,-2.8772418E-003
2.0903960E+001,-2.2511060E-003
2.0905460E+001,-1.6222765E-003
2.0906960E+001,-9.8735699E-004
2.0908460E+001,-3.5243746E-004
2.0909960E+001,2.8248206E-004
2.0911460E+001,8.3581485E-004
2.0912960E+001,1.3869124E-003
2.0914460E+001,1.9380099E-003
2.0915960E+001,2.3868556E-003
2.0917460E+001,2.7781847E-003
2.0918960E+001,3.1695138E-003
2.0920460E+001,3.4986296E-003
2.0921960E+001,3.6870891E-003
2.0923460E+001,3.8755486E-003
2.0924960E+001,4.0640081E-003
2.0926460E+001,4.0510458E-003
2.0927960E+001,4.0325651E-003
2.0929460E+001,4.0140843E-003
2.0930960E+001,3.8828863E-003
2.0932460E+001,3.6882848E-003
2.0933960E+001,3.4936833E-003
2.0935460E+001,3.2617619E-003
2.0936960E+001,2.9454649E-003
2.0938460E+001,2.6291680E-003
2.0939960E+001,2.3128710E-003
2.0941460E+001,1.9410418E-003
2.0942960E+001,1.5676910E-003
2.0944460E+001,1.1943403E-003
2.0945960E+001,8.2524375E-004
2.0947460E+001,4.5854014E-004
2.0948960E+001,9.1836535E-005
2.0950460E+001,-2.5587801E-004
2.0951960E+001,-5.6066069E-004
2.0953460E+001,-8.6544336E-004
2.0954960E+001,-1.1702260E-003
2.0956460E+001,-1.3742205E-003
2.0957960E+001,-1.5754537E-003
2.0959460E+001,-1.7766868E-003
2.0960960E+001,-1.8967689E-003
2.0962460E+001,-1.9712035E-003
2.0963960E+001,-2.0456381E-003
2.0965460E+001,-2.0808581E-003
2.0966960E+001,-2.0274189E-003
2.0968460E+001,-1.9739797E-003
2.0969960E+001,-1.9205406E-003
2.0971460E+001,-1.7629906E-003
2.0972960E+001,-1.6025882E-003
2.0974460E+001,-1.4421858E-003
2.0975960E+001,-1.2360570E-003
2.0977460E+001,-1.0042070E-003
2.0978960E+001,-7.7235696E-004
2.0980460E+001,-5.2959403E-004
2.0981960E+001,-2.6215836E-004
2.0983460E+001,5.2773048E-006
2.0984960E+001,2.7271297E-004
2.0986460E+001,5.5412672E-004
2.0987960E+001,8.3592344E-004
2.0989460E+001,1.1177202E-003
2.0990960E+001,1.4081382E-003
2.0992460E+001,1.7034058E-003
2.0993960E+001,1.9986734E-003
2.0995460E+001,2.3007940E-003
2.0996960E+001,2.6184084E-003
2.0998460E+001,2.9360227E-003
2.0999960E+001,3.2536371E-003
2.1001460E+001,3.5883812E-003
2.1002960E+001,3.9235947E-003
2.1004460E+001,4.2588081E-003
2.1005960E+001,4.5796513E-003
2.1007460E+001,4.8924111E-003
2.1008960E+001,5.2051709E-003
2.1010460E+001,5.4869849E-003
2.1011960E+001,5.6988343E-003
2.1013460E+001,5.9106836E-003
2.1014960E+001,6.1225330E-003
2.1016460E+001,6.1444738E-003
2.1017960E+001,6.1612115E-003
2.1019460E+001,6.1779492E-003
2.1020960E+001,6.0251423E-003
2.1022460E+001,5.7769665E-003
2.1023960E+001,5.5287906E-003
2.1025460E+001,5.1972555E-003
2.1026960E+001,4.6772558E-003
2.1028460E+001,4.1572561E-003
2.1029960E+001,3.6372564E-003
2.1031460E+001,2.9243338E-003
2.1032960E+001,2.2061255E-003
2.1034460E+001,1.4879173E-003
2.1035960E+001,7.3338191E-004
2.1037460E+001,-4.1587476E-005
2.1038960E+001,-8.1655687E-004
2.1040460E+001,-1.5566054E-003
2.1041960E+001,-2.2177021E-003
2.1043460E+001,-2.8787989E-003
2.1044960E+001,-3.5398957E-003
2.1046460E+001,-3.9434448E-003
2.1047960E+001,-4.3399376E-003
2.1049460E+001,-4.7364305E-003
2.1050960E+001,-4.9058890E-003
2.1052460E+001,-4.9476405E-003
2.1053960E+001,-4.9893919E-003
2.1055460E+001,-4.9191109E-003
2.1056960E+001,-4.5955386E-003
2.1058460E+001,-4.2719663E-003
2.1059960E+001,-3.9483939E-003
2.1061460E+001,-3.3310616E-003
2.1062960E+001,-2.7056810E-003
2.1064460E+001,-2.0803004E-003
2.1065960E+001,-1.3352849E-003
2.1067460E+001,-5.2297476E-004
2.1068960E+001,2.8933541E-004
2.1070460E+001,1.1166622E-003
2.1071960E+001,1.9779398E-003
2.1073460E+001,2.8392173E-003
2.1074960E+001,3.7004948E-003
2.1076460E+001,4.4758534E-003
2.1077960E+001,5.2488580E-003
2.1079460E+001,6.0218625E-003
2.1080960E+001,6.6608751E-003
2.1082460E+001,7.2245171E-003
2.1083960E+001,7.7881590E-003
2.1085460E+001,8.2584306E-003
2.1086960E+001,8.5176034E-003
2.1088460E+001,8.7767762E-003
2.1089960E+001,9.0359490E-003
2.1091460E+001,8.9412145E-003
2.1092960E+001,8.8367838E-003
2.1094460E+001,8.7323531E-003
2.1095960E+001,8.3888028E-003
2.1097460E+001,7.9107475E-003
2.1098960E+001,7.4326922E-003
2.1100460E+001,6.8560284E-003
2.1101960E+001,6.0564231E-003
2.1103460E+001,5.2568179E-003
2.1104960E+001,4.4572126E-003
2.1106460E+001,3.4601780E-003
2.1107960E+001,2.4577343E-003
2.1109460E+001,1.4552906E-003
2.1110960E+001,4.3392043E-004
2.1112460E+001,-5.9809583E-004
2.1113960E+001,-1.6301121E-003
2.1115460E+001,-2.6109722E-003
2.1116960E+001,-3.4761748E-003
2.1118460E+001,-4.3413774E-003
2.1119960E+001,-5.2065800E-003
2.1121460E+001,-5.7397146E-003
2.1122960E+001,-6.2637513E-003
2.1124460E+001,-6.7877880E-003
2.1125960E+001,-7.0252051E-003
2.1127460E+001,-7.1013985E-003
2.1128960E+001,-7.1775919E-003
2.1130460E+001,-7.1136630E-003
2.1131960E+001,-6.7329353E-003
2.1133460E+001,-6.3522077E-003
2.1134960E+001,-5.9714800E-003
2.1136460E+001,-5.2343270E-003
2.1137960E+001,-4.4874088E-003
2.1139460E+001,-3.7404906E-003
2.1140960E+001,-2.8637760E-003
2.1142460E+001,-1.9140509E-003
2.1143960E+001,-9.6432574E-004
2.1145460E+001,-1.0522364E-005
2.1146960E+001,9.5250138E-004
2.1148460E+001,1.9155251E-003
2.1149960E+001,2.8785489E-003
2.1151460E+001,3.6922003E-003
2.1152960E+001,4.5017593E-003
2.1154460E+001,5.3113183E-003
2.1155960E+001,5.9528016E-003
2.1157460E+001,6.4997422E-003
2.1158960E+001,7.0466828E-003
2.1160460E+001,7.5009261E-003
2.1161960E+001,7.7455923E-003
2.1163460E+001,7.9902585E-003
2.1164960E+001,8.2349248E-003
2.1166460E+001,8.2047077E-003
2.1167960E+001,8.1669595E-003
2.1169460E+001,8.1292113E-003
2.1170960E+001,7.9470008E-003
2.1172460E+001,7.6835300E-003
2.1173960E+001,7.4200593E-003
2.1175460E+001,7.1088034E-003
2.1176960E+001,6.6895110E-003
2.1178460E+001,6.2702187E-003
2.1179960E+001,5.8509263E-003
2.1181460E+001,5.3451036E-003
2.1182960E+001,4.8369102E-003
2.1184460E+001,4.3287168E-003
2.1185960E+001,3.8001549E-003
2.1187460E+001,3.2601356E-003
2.1188960E+001,2.7201163E-003
2.1190460E+001,2.1845572E-003
2.1191960E+001,1.6590819E-003
2.1193460E+001,1.1336066E-003
2.1194960E+001,6.0813136E-004
2.1196460E+001,1.3207151E-004
2.1197960E+001,-3.4263448E-004
2.1199460E+001,-8.1734046E-004
2.1200960E+001,-1.2431212E-003
2.1202460E+001,-1.6413814E-003
2.1203960E+001,-2.0396416E-003
2.1205460E+001,-2.4099763E-003
2.1206960E+001,-2.7171751E-003
2.1208460E+001,-3.0243738E-003
2.1209960E+001,-3.3315726E-003
2.1211460E+001,-3.5447374E-003
2.1212960E+001,-3.7553258E-003
2.1214460E+001,-3.9659143E-003
2.1215960E+001,-4.1131275E-003
2.1217460E+001,-4.2246922E-003
2.1218960E+001,-4.3362569E-003
2.1220460E+001,-4.4153112E-003
2.1221960E+001,-4.4208636E-003
2.1223460E+001,-4.4264161E-003
2.1224960E+001,-4.4319685E-003
2.1226460E+001,-4.3191572E-003
2.1227960E+001,-4.2031030E-003
2.1229460E+001,-4.0870489E-003
2.1230960E+001,-3.8808806E-003
2.1232460E+001,-3.6240232E-003
2.1233960E+001,-3.3671657E-003
2.1235460E+001,-3.0647303E-003
2.1236960E+001,-2.6592488E-003
2.1238460E+001,-2.2537672E-003
2.1239960E+001,-1.8482857E-003
2.1241460E+001,-1.3203858E-003
2.1242960E+001,-7.8913191E-004
2.1244460E+001,-2.5787802E-004
2.1245960E+001,3.1132150E-004
2.1247460E+001,9.0186547E-004
2.1248960E+001,1.4924094E-003
2.1250460E+001,2.0685711E-003
2.1251960E+001,2.6122163E-003
2.1253460E+001,3.1558614E-003
2.1254960E+001,3.6995066E-003
2.1256460E+001,4.0793534E-003
2.1257960E+001,4.4547125E-003
2.1259460E+001,4.8300717E-003
2.1260960E+001,5.0343245E-003
2.1262460E+001,5.1423299E-003
2.1263960E+001,5.2503352E-003
2.1265460E+001,5.2632140E-003
2.1266960E+001,5.0610233E-003
2.1268460E+001,4.8588327E-003
2.1269960E+001,4.6566420E-003
2.1271460E+001,4.1790652E-003
2.1272960E+001,3.6939434E-003
2.1274460E+001,3.2088216E-003
2.1275960E+001,2.5971867E-003
2.1277460E+001,1.9143880E-003
2.1278960E+001,1.2315894E-003
2.1280460E+001,5.2278969E-004
2.1281960E+001,-2.4479519E-004
2.1283460E+001,-1.0123801E-003
2.1284960E+001,-1.7799649E-003
2.1286460E+001,-2.5253082E-003
2.1287960E+001,-3.2700420E-003
2.1289460E+001,-4.0147759E-003
2.1290960E+001,-4.6931426E-003
2.1292460E+001,-5.3341778E-003
2.1293960E+001,-5.9752130E-003
2.1295460E+001,-6.5693636E-003
2.1296960E+001,-7.0575143E-003
2.1298460E+001,-7.5456650E-003
2.1299960E+001,-8.0338156E-003
2.1301460E+001,-8.3485544E-003
2.1302960E+001,-8.6585422E-003
2.1304460E+001,-8.9685299E-003
2.1305960E+001,-9.1566020E-003
2.1307460E+001,-9.2760965E-003
2.1308960E+001,-9.3955910E-003
2.1310460E+001,-9.4552661E-003
2.1311960E+001,-9.3796969E-003
2.1313460E+001,-9.3041278E-003
2.1314960E+001,-9.2285586E-003
2.1316460E+001,-8.9703419E-003
2.1317960E+001,-8.7071211E-003
2.1319460E+001,-8.4439003E-003
2.1320960E+001,-8.0795493E-003
2.1322460E+001,-7.6583125E-003
2.1323960E+001,-7.2370757E-003
2.1325460E+001,-6.7857492E-003
2.1326960E+001,-6.2663936E-003
2.1328460E+001,-5.7470381E-003
2.1329960E+001,-5.2276825E-003
2.1331460E+001,-4.6981224E-003
2.1332960E+001,-4.1682827E-003
2.1334460E+001,-3.6384430E-003
2.1335960E+001,-3.1649834E-003
2.1337460E+001,-2.7232376E-003
2.1338960E+001,-2.2814918E-003
2.1340460E+001,-1.8920290E-003
2.1341960E+001,-1.6207716E-003
2.1343460E+001,-1.3495142E-003
2.1344960E+001,-1.0782567E-003
2.1346460E+001,-1.0118556E-003
2.1347960E+001,-9.5106712E-004
2.1349460E+001,-8.9027861E-004
2.1350960E+001,-9.5507333E-004
2.1352460E+001,-1.0905087E-003
2.1353960E+001,-1.2259442E-003
2.1355460E+001,-1.4036260E-003
2.1356960E+001,-1.6768218E-003
2.1358460E+001,-1.9500176E-003
2.1359960E+001,-2.2232134E-003
2.1361460E+001,-2.5566022E-003
2.1362960E+001,-2.8916402E-003
2.1364460E+001,-3.2266783E-003
2.1365960E+001,-3.5594470E-003
2.1367460E+001,-3.8909394E-003
2.1368960E+001,-4.2224317E-003
2.1370460E+001,-4.5401836E-003
2.1371960E+001,-4.8268702E-003
2.1373460E+001,-5.1135569E-003
2.1374960E+001,-5.4002435E-003
2.1376460E+001,-5.6213226E-003
2.1377960E+001,-5.8406043E-003
2.1379460E+001,-6.0598859E-003
2.1380960E+001,-6.2235247E-003
2.1382460E+001,-6.3558643E-003
2.1383960E+001,-6.4882040E-003
2.1385460E+001,-6.5855856E-003
2.1386960E+001,-6.6039316E-003
2.1388460E+001,-6.6222776E-003
2.1389960E+001,-6.6406237E-003
2.1391460E+001,-6.5188638E-003
2.1392960E+001,-6.3932653E-003
2.1394460E+001,-6.2676669E-003
2.1395960E+001,-6.0405200E-003
2.1397460E+001,-5.7562520E-003
2.1398960E+001,-5.4719840E-003
2.1400460E+001,-5.1452194E-003
2.1401960E+001,-4.7223755E-003
2.1403460E+001,-4.2995316E-003
2.1404960E+001,-3.8766876E-003
2.1406460E+001,-3.3790374E-003
2.1407960E+001,-2.8793376E-003
2.1409460E+001,-2.3796378E-003
2.1410960E+001,-1.8884484E-003
2.1412460E+001,-1.4020462E-003
2.1413960E+001,-9.1564386E-004
2.1415460E+001,-4.6084119E-004
2.1416960E+001,-7.7481304E-005
2.1418460E+001,3.0587859E-004
2.1419960E+001,6.8923848E-004
2.1421460E+001,9.1563726E-004
2.1422960E+001,1.1377357E-003
2.1424460E+001,1.3598341E-003
2.1425960E+001,1.4733858E-003
2.1427460E+001,1.5258800E-003
2.1428960E+001,1.5783741E-003
2.1430460E+001,1.5905232E-003
2.1431960E+001,1.5114572E-003
2.1433460E+001,1.4323911E-003
2.1434960E+001,1.3533251E-003
2.1436460E+001,1.2050790E-003
2.1437960E+001,1.0549376E-003
2.1439460E+001,9.0479617E-004
2.1440960E+001,7.4131839E-004
2.1442460E+001,5.7033890E-004
2.1443960E+001,3.9935940E-004
2.1445460E+001,2.2677025E-004
2.1446960E+001,5.0541861E-005
2.1448460E+001,-1.2568653E-004
2.1449960E+001,-3.0191492E-004
2.1451460E+001,-5.0409427E-004
2.1452960E+001,-7.0698463E-004
2.1454460E+001,-9.0987498E-004
2.1455960E+001,-1.1531099E-003
2.1457460E+001,-1.4190388E-003
2.1458960E+001,-1.6849676E-003
2.1460460E+001,-1.9752585E-003
2.1461960E+001,-2.3206287E-003
2.1463460E+001,-2.6659989E-003
2.1464960E+001,-3.0113692E-003
2.1466460E+001,-3.4031773E-003
2.1467960E+001,-3.7962578E-003
2.1469460E+001,-4.1893383E-003
2.1470960E+001,-4.5591028E-003
2.1472460E+001,-4.9157522E-003
2.1473960E+001,-5.2724016E-003
2.1475460E+001,-5.5835367E-003
2.1476960E+001,-5.7917699E-003
2.1478460E+001,-6.0000031E-003
2.1479960E+001,-6.2082363E-003
2.1481460E+001,-6.1778560E-003
2.1482960E+001,-6.1409383E-003
2.1484460E+001,-6.1040205E-003
2.1485960E+001,-5.8843729E-003
2.1487460E+001,-5.5619395E-003
2.1488960E+001,-5.2395061E-003
2.1490460E+001,-4.8403485E-003
2.1491960E+001,-4.2677268E-003
2.1493460E+001,-3.6951051E-003
2.1494960E+001,-3.1224835E-003
2.1496460E+001,-2.4037569E-003
2.1497960E+001,-1.6810274E-003
2.1499460E+001,-9.5829788E-004
2.1500960E+001,-2.2299763E-004
2.1502460E+001,5.1937369E-004
2.1503960E+001,1.2617450E-003
2.1505460E+001,1.9733346E-003
2.1506960E+001,2.6153306E-003
2.1508460E+001,3.2573266E-003
2.1509960E+001,3.8993226E-003
2.1511460E+001,4.3665466E-003
2.1512960E+001,4.8289821E-003
2.1514460E+001,5.2914177E-003
2.1515960E+001,5.6215519E-003
2.1517460E+001,5.8772665E-003
2.1518960E+001,6.1329811E-003
2.1520460E+001,6.3308785E-003
2.1521960E+001,6.3980588E-003
2.1523460E+001,6.4652390E-003
2.1524960E+001,6.5324193E-003
2.1526460E+001,6.4616683E-003
2.1527960E+001,6.3871383E-003
2.1529460E+001,6.3126083E-003
2.1530960E+001,6.1842710E-003
2.1532460E+001,6.0256669E-003
2.1533960E+001,5.8670628E-003
2.1535460E+001,5.6996429E-003
2.1536960E+001,5.5122915E-003
2.1538460E+001,5.3249402E-003
2.1539960E+001,5.1375888E-003
2.1541460E+001,4.9669629E-003
2.1542960E+001,4.7967953E-003
2.1544460E+001,4.6266276E-003
2.1545960E+001,4.4889109E-003
2.1547460E+001,4.3694477E-003
2.1548960E+001,4.2499846E-003
2.1550460E+001,4.1519548E-003
2.1551960E+001,4.1023832E-003
2.1553460E+001,4.0528115E-003
2.1554960E+001,4.0032398E-003
2.1556460E+001,4.0235431E-003
2.1557960E+001,4.0457608E-003
2.1559460E+001,4.0679785E-003
2.1560960E+001,4.1237408E-003
2.1562460E+001,4.1983719E-003
2.1563960E+001,4.2730030E-003
2.1565460E+001,4.3506036E-003
2.1566960E+001,4.4349176E-003
2.1568460E+001,4.5192317E-003
2.1569960E+001,4.6035458E-003
2.1571460E+001,4.6378530E-003
2.1572960E+001,4.6707901E-003
2.1574460E+001,4.7037272E-003
2.1575960E+001,4.6633171E-003
2.1577460E+001,4.5816492E-003
2.1578960E+001,4.4999812E-003
2.1580460E+001,4.3708841E-003
2.1581960E+001,4.1345556E-003
2.1583460E+001,3.8982270E-003
2.1584960E+001,3.6618985E-003
2.1586460E+001,3.2825901E-003
2.1587960E+001,2.8993643E-003
2.1589460E+001,2.5161385E-003
2.1590960E+001,2.0810282E-003
2.1592460E+001,1.6167327E-003
2.1593960E+001,1.1524372E-003
2.1595460E+001,6.9716511E-004
2.1596960E+001,2.6229368E-004
2.1598460E+001,-1.7257776E-004
2.1599960E+001,-6.0744920E-004
2.1601460E+001,-8.9672407E-004
2.1602960E+001,-1.1820099E-003
2.1604460E+001,-1.4672958E-003
2.1605960E+001,-1.6012256E-003
2.1607460E+001,-1.6500174E-003
2.1608960E+001,-1.6988093E-003
2.1610460E+001,-1.6685078E-003
2.1611960E+001,-1.4593865E-003
2.1613460E+001,-1.2502652E-003
2.1614960E+001,-1.0411439E-003
2.1616460E+001,-6.3140774E-004
2.1617960E+001,-2.1617524E-004
2.1619460E+001,1.9905727E-004
2.1620960E+001,6.7835635E-004
2.1622460E+001,1.1936929E-003
2.1623960E+001,1.7090295E-003
2.1625460E+001,2.2171071E-003
2.1626960E+001,2.7087729E-003
2.1628460E+001,3.2004386E-003
2.1629960E+001,3.6921044E-003
2.1631460E+001,4.0608109E-003
2.1632960E+001,4.4261486E-003
2.1634460E+001,4.7914864E-003
2.1635960E+001,5.0416782E-003
2.1637460E+001,5.2271003E-003
2.1638960E+001,5.4125225E-003
2.1640460E+001,5.5443103E-003
2.1641960E+001,5.5548375E-003
2.1643460E+001,5.5653648E-003
2.1644960E+001,5.5758921E-003
2.1646460E+001,5.4686597E-003
2.1647960E+001,5.3582011E-003
2.1649460E+001,5.2477424E-003
2.1650960E+001,5.1102093E-003
2.1652460E+001,4.9574468E-003
2.1653960E+001,4.8046844E-003
2.1655460E+001,4.6616693E-003
2.1656960E+001,4.5406919E-003
2.1658460E+001,4.4197145E-003
2.1659960E+001,4.2987371E-003
2.1661460E+001,4.2532135E-003
2.1662960E+001,4.2097572E-003
2.1664460E+001,4.1663008E-003
2.1665960E+001,4.1774485E-003
2.1667460E+001,4.2193111E-003
2.1668960E+001,4.2611737E-003
2.1670460E+001,4.3220977E-003
2.1671960E+001,4.4261169E-003
2.1673460E+001,4.5301360E-003
2.1674960E+001,4.6341552E-003
2.1676460E+001,4.7638378E-003
2.1677960E+001,4.8942236E-003
2.1679460E+001,5.0246093E-003
2.1680960E+001,5.1531536E-003
2.1682460E+001,5.2806621E-003
2.1683960E+001,5.4081706E-003
2.1685460E+001,5.5307556E-003
2.1686960E+001,5.6422095E-003
2.1688460E+001,5.7536634E-003
2.1689960E+001,5.8651173E-003
2.1691460E+001,5.9591549E-003
2.1692960E+001,6.0527152E-003
2.1694460E+001,6.1462755E-003
2.1695960E+001,6.2250043E-003
2.1697460E+001,6.2953903E-003
2.1698960E+001,6.3657763E-003
2.1700460E+001,6.4219815E-003
2.1701960E+001,6.4461258E-003
2.1703460E+001,6.4702701E-003
2.1704960E+001,6.4944144E-003
2.1706460E+001,6.4301682E-003
2.1707960E+001,6.3635002E-003
2.1709460E+001,6.2968323E-003
2.1710960E+001,6.1366875E-003
2.1712460E+001,5.9239618E-003
2.1713960E+001,5.7112362E-003
2.1715460E+001,5.4401314E-003
2.1716960E+001,5.0370388E-003
2.1718460E+001,4.6339462E-003
2.1719960E+001,4.2308536E-003
2.1721460E+001,3.6332589E-003
2.1722960E+001,3.0303353E-003
2.1724460E+001,2.4274117E-003
2.1725960E+001,1.7237847E-003
2.1727460E+001,9.6351187E-004
2.1728960E+001,2.0323908E-004
2.1730460E+001,-5.7527237E-004
2.1731960E+001,-1.3950192E-003
2.1733460E+001,-2.2147659E-003
2.1734960E+001,-3.0345127E-003
2.1736460E+001,-3.7758665E-003
2.1737960E+001,-4.5150725E-003
2.1739460E+001,-5.2542785E-003
2.1740960E+001,-5.8435795E-003
2.1742460E+001,-6.3485589E-003
2.1743960E+001,-6.8535382E-003
2.1745460E+001,-7.2469186E-003
2.1746960E+001,-7.3879879E-003
2.1748460E+001,-7.5290572E-003
2.1749960E+001,-7.6701265E-003
2.1751460E+001,-7.3903449E-003
2.1752960E+001,-7.0990329E-003
2.1754460E+001,-6.8077209E-003
2.1755960E+001,-6.2512624E-003
2.1757460E+001,-5.5456587E-003
2.1758960E+001,-4.8400550E-003
2.1760460E+001,-4.0406426E-003
2.1761960E+001,-3.0291407E-003
2.1763460E+001,-2.0176388E-003
2.1764960E+001,-1.0061369E-003
2.1766460E+001,1.3073794E-004
2.1767960E+001,1.2710478E-003
2.1769460E+001,2.4113576E-003
2.1770960E+001,3.5035123E-003
2.1772460E+001,4.5685796E-003
2.1773960E+001,5.6336470E-003
2.1775460E+001,6.6197480E-003
2.1776960E+001,7.4273161E-003
2.1778460E+001,8.2348841E-003
2.1779960E+001,9.0424521E-003
2.1781460E+001,9.4821838E-003
2.1782960E+001,9.9118376E-003
2.1784460E+001,1.0341491E-002
2.1785960E+001,1.0504373E-002
2.1787460E+001,1.0517195E-002
2.1788960E+001,1.0530017E-002
2.1790460E+001,1.0426875E-002
2.1791960E+001,1.0061551E-002
2.1793460E+001,9.6962269E-003
2.1794960E+001,9.3309030E-003
2.1796460E+001,8.6896061E-003
2.1797960E+001,8.0407482E-003
2.1799460E+001,7.3918902E-003
2.1800960E+001,6.6397366E-003
2.1802460E+001,5.8294791E-003
2.1803960E+001,5.0192215E-003
2.1805460E+001,4.1978224E-003
2.1806960E+001,3.3512336E-003
2.1808460E+001,2.5046448E-003
2.1809960E+001,1.6580560E-003
2.1811460E+001,8.8545174E-004
2.1812960E+001,1.1487451E-004
2.1814460E+001,-6.5570271E-004
2.1815960E+001,-1.3191185E-003
2.1817460E+001,-1.9222558E-003
2.1818960E+001,-2.5253931E-003
2.1820460E+001,-3.0573214E-003
2.1821960E+001,-3.4282549E-003
2.1823460E+001,-3.7991884E-003
2.1824960E+001,-4.1701219E-003
2.1826460E+001,-4.2849372E-003
2.1827960E+001,-4.3927355E-003
2.1829460E+001,-4.5005338E-003
2.1830960E+001,-4.4468976E-003
2.1832460E+001,-4.3024544E-003
2.1833960E+001,-4.1580112E-003
2.1835460E+001,-3.9535290E-003
2.1836960E+001,-3.6133062E-003
2.1838460E+001,-3.2730834E-003
2.1839960E+001,-2.9328607E-003
2.1841460E+001,-2.4946362E-003
2.1842960E+001,-2.0537266E-003
2.1844460E+001,-1.6128171E-003
2.1845960E+001,-1.1798597E-003
2.1847460E+001,-7.5137536E-004
2.1848960E+001,-3.2289101E-004
2.1850460E+001,7.0787140E-005
2.1851960E+001,3.8577284E-004
2.1853460E+001,7.0075854E-004
2.1854960E+001,1.0157442E-003
2.1856460E+001,1.1612139E-003
2.1857960E+001,1.3020392E-003
2.1859460E+001,1.4428645E-003
2.1860960E+001,1.4683014E-003
2.1862460E+001,1.4288320E-003
2.1863960E+001,1.3893627E-003
2.1865460E+001,1.3074039E-003
2.1866960E+001,1.1293815E-003
2.1868460E+001,9.5135911E-004
2.1869960E+001,7.7333674E-004
2.1871460E+001,5.2462197E-004
2.1872960E+001,2.7397039E-004
2.1874460E+001,2.3318802E-005
2.1875960E+001,-2.3465864E-004
2.1877460E+001,-4.9675690E-004
2.1878960E+001,-7.5885515E-004
2.1880460E+001,-1.0135574E-003
2.1881960E+001,-1.2515380E-003
2.1883460E+001,-1.4895187E-003
2.1884960E+001,-1.7274993E-003
2.1886460E+001,-1.9369526E-003
2.1887960E+001,-2.1456242E-003
2.1889460E+001,-2.3542958E-003
2.1890960E+001,-2.5533051E-003
2.1892460E+001,-2.7468793E-003
2.1893960E+001,-2.9404536E-003
2.1895460E+001,-3.1338849E-003
2.1896960E+001,-3.3269930E-003
2.1898460E+001,-3.5201012E-003
2.1899960E+001,-3.7132094E-003
2.1901460E+001,-3.9044227E-003
2.1902960E+001,-4.0955842E-003
2.1904460E+001,-4.2867457E-003
2.1905960E+001,-4.4614636E-003
2.1907460E+001,-4.6269319E-003
2.1908960E+001,-4.7924003E-003
2.1910460E+001,-4.9378781E-003
2.1911960E+001,-5.0381598E-003
2.1913460E+001,-5.1384414E-003
2.1914960E+001,-5.2387231E-003
2.1916460E+001,-5.2373370E-003
2.1917960E+001,-5.2331654E-003
2.1919460E+001,-5.2289939E-003
2.1920960E+001,-5.1449363E-003
2.1922460E+001,-5.0159427E-003
2.1923960E+001,-4.8869492E-003
2.1925460E+001,-4.7233280E-003
2.1926960E+001,-4.4814181E-003
2.1928460E+001,-4.2395082E-003
2.1929960E+001,-3.9975982E-003
2.1931460E+001,-3.6902666E-003
2.1932960E+001,-3.3811425E-003
2.1934460E+001,-3.0720184E-003
2.1935960E+001,-2.7628295E-003
2.1937460E+001,-2.4536041E-003
2.1938960E+001,-2.1443788E-003
2.1940460E+001,-1.8555199E-003
2.1941960E+001,-1.6127072E-003
2.1943460E+001,-1.3698945E-003
2.1944960E+001,-1.1270817E-003
2.1946460E+001,-9.9124081E-004
2.1947960E+001,-8.5833070E-004
2.1949460E+001,-7.2542058E-004
2.1950960E+001,-6.6761850E-004
2.1952460E+001,-6.5206478E-004
2.1953960E+001,-6.3651106E-004
2.1955460E+001,-6.4885020E-004
2.1956960E+001,-7.2425158E-004
2.1958460E+001,-7.9965296E-004
2.1959960E+001,-8.7505434E-004
2.1961460E+001,-9.9626089E-004
2.1962960E+001,-1.1187224E-003
2.1964460E+001,-1.2411839E-003
2.1965960E+001,-1.3691218E-003
2.1967460E+001,-1.5001402E-003
2.1968960E+001,-1.6311585E-003
2.1970460E+001,-1.7603015E-003
2.1971960E+001,-1.8852042E-003
2.1973460E+001,-2.0101070E-003
2.1974960E+001,-2.1350098E-003
2.1976460E+001,-2.2680416E-003
2.1977960E+001,-2.4012960E-003
2.1979460E+001,-2.5345505E-003
2.1980960E+001,-2.6950170E-003
2.1982460E+001,-2.8707902E-003
2.1983960E+001,-3.0465634E-003
2.1985460E+001,-3.2462824E-003
2.1986960E+001,-3.5001399E-003
2.1988460E+001,-3.7539973E-003
2.1989960E+001,-4.0078548E-003
2.1991460E+001,-4.3562409E-003
2.1992960E+001,-4.7072168E-003
2.1994460E+001,-5.0581928E-003
2.1995960E+001,-5.4663200E-003
2.1997460E+001,-5.9065949E-003
2.1998960E+001,-6.3468698E-003
2.2000460E+001,-6.8037664E-003
2.2001960E+001,-7.2982428E-003
2.2003460E+001,-7.7927192E-003
2.2004960E+001,-8.2871955E-003
2.2006460E+001,-8.7806860E-003
2.2007960E+001,-9.2741495E-003
2.2009460E+001,-9.7676130E-003
2.2010960E+001,-1.0218877E-002
2.2012460E+001,-1.0646405E-002
2.2013960E+001,-1.1073932E-002
2.2015460E+001,-1.1461567E-002
2.2016960E+001,-1.1759013E-002
2.2018460E+001,-1.2056458E-002
2.2019960E+001,-1.2353904E-002
2.2021460E+001,-1.2473086E-002
2.2022960E+001,-1.2587384E-002
2.2024460E+001,-1.2701682E-002
2.2025960E+001,-1.2679135E-002
2.2027460E+001,-1.2579612E-002
2.2028960E+001,-1.2480090E-002
2.2030460E+001,-1.2315944E-002
2.2031960E+001,-1.2005692E-002
2.2033460E+001,-1.1695440E-002
2.2034960E+001,-1.1385189E-002
2.2036460E+001,-1.0911866E-002
2.2037960E+001,-1.0434076E-002
2.2039460E+001,-9.9562859E-003
2.2040960E+001,-9.4211854E-003
2.2042460E+001,-8.8538479E-003
2.2043960E+001,-8.2865104E-003
2.2045460E+001,-7.7203363E-003
2.2046960E+001,-7.1567928E-003
2.2048460E+001,-6.5932492E-003
2.2049960E+001,-6.0297057E-003
2.2051460E+001,-5.5483039E-003
2.2052960E+001,-5.0691527E-003
2.2054460E+001,-4.5900015E-003
2.2055960E+001,-4.1925430E-003
2.2057460E+001,-3.8410369E-003
2.2058960E+001,-3.4895308E-003
2.2060460E+001,-3.1762848E-003
2.2061960E+001,-2.9495402E-003
2.2063460E+001,-2.7227956E-003
2.2064960E+001,-2.4960510E-003
2.2066460E+001,-2.3545447E-003
2.2067960E+001,-2.2153737E-003
2.2069460E+001,-2.0762027E-003
2.2070960E+001,-1.9638962E-003
2.2072460E+001,-1.8667009E-003
2.2073960E+001,-1.7695056E-003
2.2075460E+001,-1.6763765E-003
2.2076960E+001,-1.5924407E-003
2.2078460E+001,-1.5085049E-003
2.2079960E+001,-1.4245691E-003
2.2081460E+001,-1.3525655E-003
2.2082960E+001,-1.2808888E-003
2.2084460E+001,-1.2092121E-003
2.2085960E+001,-1.1572502E-003
2.2087460E+001,-1.1163777E-003
2.2088960E+001,-1.0755053E-003
2.2090460E+001,-1.0494966E-003
2.2091960E+001,-1.0570929E-003
2.2093460E+001,-1.0646893E-003
2.2094960E+001,-1.0722857E-003
2.2096460E+001,-1.1240001E-003
2.2097960E+001,-1.1769231E-003
2.2099460E+001,-1.2298462E-003
2.2100960E+001,-1.2910318E-003
2.2102460E+001,-1.3568651E-003
2.2103960E+001,-1.4226984E-003
2.2105460E+001,-1.4757550E-003
2.2106960E+001,-1.4999250E-003
2.2108460E+001,-1.5240950E-003
2.2109960E+001,-1.5482650E-003
2.2111460E+001,-1.4760084E-003
2.2112960E+001,-1.4011100E-003
2.2114460E+001,-1.3262116E-003
2.2115960E+001,-1.1640528E-003
2.2117460E+001,-9.5280998E-004
2.2118960E+001,-7.4156717E-004
2.2120460E+001,-4.8834188E-004
2.2121960E+001,-1.4019947E-004
2.2123460E+001,2.0794293E-004
2.2124960E+001,5.5608533E-004
2.2126460E+001,9.9928818E-004
2.2127960E+001,1.4450955E-003
2.2129460E+001,1.8909028E-003
2.2130960E+001,2.3560274E-003
2.2132460E+001,2.8320181E-003
2.2133960E+001,3.3080088E-003
2.2135460E+001,3.7703139E-003
2.2136960E+001,4.2016775E-003
2.2138460E+001,4.6330412E-003
2.2139960E+001,5.0644049E-003
2.2141460E+001,5.3935173E-003
2.2142960E+001,5.7198282E-003
2.2144460E+001,6.0461392E-003
2.2145960E+001,6.2852663E-003
2.2147460E+001,6.4753524E-003
2.2148960E+001,6.6654384E-003
2.2150460E+001,6.8145305E-003
2.2151960E+001,6.8709402E-003
2.2153460E+001,6.9273500E-003
2.2154960E+001,6.9837597E-003
2.2156460E+001,6.9407640E-003
2.2157960E+001,6.8950448E-003
2.2159460E+001,6.8493255E-003
2.2160960E+001,6.7707371E-003
2.2162460E+001,6.6736597E-003
2.2163960E+001,6.5765823E-003
2.2165460E+001,6.4818424E-003
2.2166960E+001,6.3923877E-003
2.2168460E+001,6.3029329E-003
2.2169960E+001,6.2134781E-003
2.2171460E+001,6.1861443E-003
2.2172960E+001,6.1605125E-003
2.2174460E+001,6.1348807E-003
2.2175960E+001,6.1769380E-003
2.2177460E+001,6.2570704E-003
2.2178960E+001,6.3372029E-003
2.2180460E+001,6.4547618E-003
2.2181960E+001,6.6569371E-003
2.2183460E+001,6.8591124E-003
2.2184960E+001,7.0612877E-003
2.2186460E+001,7.3651731E-003
2.2187960E+001,7.6718452E-003
2.2189460E+001,7.9785172E-003
2.2190960E+001,8.3186747E-003
2.2192460E+001,8.6776678E-003
2.2193960E+001,9.0366609E-003
2.2195460E+001,9.3877178E-003
2.2196960E+001,9.7208318E-003
2.2198460E+001,1.0053946E-002
2.2199960E+001,1.0387060E-002
2.2201460E+001,1.0609681E-002
2.2202960E+001,1.0829275E-002
2.2204460E+001,1.1048869E-002
2.2205960E+001,1.1146745E-002
2.2207460E+001,1.1176154E-002
2.2208960E+001,1.1205563E-002
2.2210460E+001,1.1162320E-002
2.2211960E+001,1.0954821E-002
2.2213460E+001,1.0747322E-002
2.2214960E+001,1.0539822E-002
2.2216460E+001,1.0097688E-002
2.2217960E+001,9.6491259E-003
2.2219460E+001,9.2005634E-003
2.2220960E+001,8.6244018E-003
2.2222460E+001,7.9764656E-003
2.2223960E+001,7.3285294E-003
2.2225460E+001,6.6443263E-003
2.2226960E+001,5.8781281E-003
2.2228460E+001,5.1119298E-003
2.2229960E+001,4.3457316E-003
2.2231460E+001,3.5676563E-003
2.2232960E+001,2.7892557E-003
2.2234460E+001,2.0108550E-003
2.2235960E+001,1.2955164E-003
2.2237460E+001,6.1565020E-004
2.2238960E+001,-6.4215963E-005
2.2240460E+001,-6.8563112E-004
2.2241960E+001,-1.1748959E-003
2.2243460E+001,-1.6641607E-003
2.2244960E+001,-2.1534254E-003
2.2246460E+001,-2.4071521E-003
2.2247960E+001,-2.6544255E-003
2.2249460E+001,-2.9016990E-003
2.2250960E+001,-2.9962762E-003
2.2252460E+001,-3.0049616E-003
2.2253960E+001,-3.0136470E-003
2.2255460E+001,-2.9669512E-003
2.2256960E+001,-2.7950454E-003
2.2258460E+001,-2.6231396E-003
2.2259960E+001,-2.4512338E-003
2.2261460E+001,-2.1968425E-003
2.2262960E+001,-1.9401913E-003
2.2264460E+001,-1.6835401E-003
2.2265960E+001,-1.4399936E-003
2.2267460E+001,-1.2038187E-003
2.2268960E+001,-9.6764376E-004
2.2270460E+001,-7.6386286E-004
2.2271960E+001,-6.3332080E-004
2.2273460E+001,-5.0277873E-004
2.2274960E+001,-3.7223667E-004
2.2276460E+001,-3.8934207E-004
2.2277960E+001,-4.1049268E-004
2.2279460E+001,-4.3164328E-004
2.2280960E+001,-5.5233717E-004
2.2282460E+001,-7.2902427E-004
2.2283960E+001,-9.0571137E-004
2.2285460E+001,-1.1212633E-003
2.2286960E+001,-1.4246838E-003
2.2288460E+001,-1.7281043E-003
2.2289960E+001,-2.0315248E-003
2.2291460E+001,-2.4117941E-003
2.2292960E+001,-2.7941689E-003
2.2294460E+001,-3.1765436E-003
2.2295960E+001,-3.5735670E-003
2.2297460E+001,-3.9788303E-003
2.2298960E+001,-4.3840936E-003
2.2300460E+001,-4.7786585E-003
2.2301960E+001,-5.1490358E-003
2.2303460E+001,-5.5194132E-003
2.2304960E+001,-5.8897905E-003
2.2306460E+001,-6.1740983E-003
2.2307960E+001,-6.4560481E-003
2.2309460E+001,-6.7379978E-003
2.2310960E+001,-6.9371909E-003
2.2312460E+001,-7.0898334E-003
2.2313960E+001,-7.2424759E-003
2.2315460E+001,-7.3498588E-003
2.2316960E+001,-7.3549155E-003
2.2318460E+001,-7.3599721E-003
2.2319960E+001,-7.3650288E-003
2.2321460E+001,-7.2370498E-003
2.2322960E+001,-7.1054259E-003
2.2324460E+001,-6.9738020E-003
2.2325960E+001,-6.7790336E-003
2.2327460E+001,-6.5487463E-003
2.2328960E+001,-6.3184590E-003
2.2330460E+001,-6.0741232E-003
2.2331960E+001,-5.7980256E-003
2.2333460E+001,-5.5219280E-003
2.2334960E+001,-5.2458304E-003
2.2336460E+001,-4.9733644E-003
2.2337960E+001,-4.7009979E-003
2.2339460E+001,-4.4286315E-003
2.2340960E+001,-4.1782159E-003
2.2342460E+001,-3.9401477E-003
2.2343960E+001,-3.7020796E-003
2.2345460E+001,-3.4762837E-003
2.2346960E+001,-3.2782340E-003
2.2348460E+001,-3.0801843E-003
2.2349960E+001,-2.8821346E-003
2.2351460E+001,-2.7098924E-003
2.2352960E+001,-2.5383573E-003
2.2354460E+001,-2.3668222E-003
2.2355960E+001,-2.1995269E-003
2.2357460E+001,-2.0346164E-003
2.2358960E+001,-1.8697060E-003
2.2360460E+001,-1.7028364E-003
2.2361960E+001,-1.5315376E-003
2.2363460E+001,-1.3602387E-003
2.2364960E+001,-1.1889398E-003
2.2366460E+001,-1.0134858E-003
2.2367960E+001,-8.3791781E-004
2.2369460E+001,-6.6234987E-004
2.2370960E+001,-4.9565159E-004
2.2372460E+001,-3.3394250E-004
2.2373960E+001,-1.7223341E-004
2.2375460E+001,-2.3420625E-005
2.2376960E+001,9.6235235E-005
2.2378460E+001,2.1589109E-004
2.2379960E+001,3.3554695E-004
2.2381460E+001,3.8673810E-004
2.2382960E+001,4.3605346E-004
2.2384460E+001,4.8536883E-004
2.2385960E+001,4.7799361E-004
2.2387460E+001,4.3872988E-004
2.2388960E+001,3.9946615E-004
2.2390460E+001,3.3270697E-004
2.2391960E+001,2.0378405E-004
2.2393460E+001,7.4861126E-005
2.2394960E+001,-5.4061799E-005
2.2396460E+001,-2.5181963E-004
2.2397960E+001,-4.5146339E-004
2.2399460E+001,-6.5110714E-004
2.2400960E+001,-8.7169878E-004
2.2402460E+001,-1.1040736E-003
2.2403960E+001,-1.3364485E-003
2.2405460E+001,-1.5626779E-003
2.2406960E+001,-1.7750132E-003
2.2408460E+001,-1.9873485E-003
2.2409960E+001,-2.1996838E-003
2.2411460E+001,-2.3344194E-003
2.2412960E+001,-2.4670288E-003
2.2414460E+001,-2.5996383E-003
2.2415960E+001,-2.6461757E-003
2.2417460E+001,-2.6442975E-003
2.2418960E+001,-2.6424193E-003
2.2420460E+001,-2.5884953E-003
2.2421960E+001,-2.4169023E-003
2.2423460E+001,-2.2453092E-003
2.2424960E+001,-2.0737162E-003
2.2426460E+001,-1.7347665E-003
2.2427960E+001,-1.3912316E-003
2.2429460E+001,-1.0476966E-003
2.2430960E+001,-6.1794187E-004
2.2432460E+001,-1.3968834E-004
2.2433960E+001,3.3856518E-004
2.2435460E+001,8.3626068E-004
2.2436960E+001,1.3779120E-003
2.2438460E+001,1.9195634E-003
2.2439960E+001,2.4612147E-003
2.2441460E+001,2.9786525E-003
2.2442960E+001,3.4954269E-003
2.2444460E+001,4.0122013E-003
2.2445960E+001,4.4603821E-003
2.2447460E+001,4.8699789E-003
2.2448960E+001,5.2795758E-003
2.2450460E+001,5.6389675E-003
2.2451960E+001,5.8848520E-003
2.2453460E+001,6.1307364E-003
2.2454960E+001,6.3766208E-003
2.2456460E+001,6.4428992E-003
2.2457960E+001,6.5042569E-003
2.2459460E+001,6.5656145E-003
2.2460960E+001,6.5175826E-003
2.2462460E+001,6.4080188E-003
2.2463960E+001,6.2984551E-003
2.2465460E+001,6.1483183E-003
2.2466960E+001,5.9064506E-003
2.2468460E+001,5.6645830E-003
2.2469960E+001,5.4227153E-003
2.2471460E+001,5.1018067E-003
2.2472960E+001,4.7787326E-003
2.2474460E+001,4.4556585E-003
2.2475960E+001,4.1141075E-003
2.2477460E+001,3.7621633E-003
2.2478960E+001,3.4102190E-003
2.2480460E+001,3.0635836E-003
2.2481960E+001,2.7289507E-003
2.2483460E+001,2.3943178E-003
2.2484960E+001,2.0596849E-003
2.2486460E+001,1.7777966E-003
2.2487960E+001,1.4973534E-003
2.2489460E+001,1.2169102E-003
2.2490960E+001,9.8872667E-004
2.2492460E+001,7.8993929E-004
2.2493960E+001,5.9115192E-004
2.2495460E+001,4.2329135E-004
2.2496960E+001,3.2535241E-004
2.2498460E+001,2.2741348E-004
2.2499960E+001,1.2947454E-004
2.2501460E+001,1.4103958E-004
2.2502960E+001,1.5560479E-004
2.2504460E+001,1.7017000E-004
2.2505960E+001,2.5881448E-004
2.2507460E+001,3.8912863E-004
2.2508960E+001,5.1944278E-004
2.2510460E+001,6.8281685E-004
2.2511960E+001,9.2093522E-004
2.2513460E+001,1.1590536E-003
2.2514960E+001,1.3971720E-003
2.2516460E+001,1.7182545E-003
2.2517960E+001,2.0416101E-003
2.2519460E+001,2.3649657E-003
2.2520960E+001,2.7180757E-003
2.2522460E+001,3.0879224E-003
2.2523960E+001,3.4577692E-003
2.2525460E+001,3.8258286E-003
2.2526960E+001,4.1898473E-003
2.2528460E+001,4.5538661E-003
2.2529960E+001,4.9178848E-003
2.2531460E+001,5.2192414E-003
2.2532960E+001,5.5188812E-003
2.2534460E+001,5.8185210E-003
2.2535960E+001,6.0423923E-003
2.2537460E+001,6.2236436E-003
2.2538960E+001,6.4048950E-003
2.2540460E+001,6.5382672E-003
2.2541960E+001,6.5633905E-003
2.2543460E+001,6.5885137E-003
2.2544960E+001,6.6136370E-003
2.2546460E+001,6.4752618E-003
2.2547960E+001,6.3324071E-003
2.2549460E+001,6.1895525E-003
2.2550960E+001,5.9510257E-003
2.2552460E+001,5.6586833E-003
2.2553960E+001,5.3663410E-003
2.2555460E+001,5.0423384E-003
2.2556960E+001,4.6467563E-003
2.2558460E+001,4.2511742E-003
2.2559960E+001,3.8555920E-003
2.2561460E+001,3.4226841E-003
2.2562960E+001,2.9887536E-003
2.2564460E+001,2.5548231E-003
2.2565960E+001,2.1415326E-003
2.2567460E+001,1.7398521E-003
2.2568960E+001,1.3381716E-003
2.2570460E+001,9.6568703E-004
2.2571960E+001,6.5921092E-004
2.2573460E+001,3.5273480E-004
2.2574960E+001,4.6258684E-005
2.2576460E+001,-1.2451308E-004
2.2577960E+001,-2.9156685E-004
2.2579460E+001,-4.5862063E-004
2.2580960E+001,-5.2479608E-004
2.2582460E+001,-5.3422737E-004
2.2583960E+001,-5.4365866E-004
2.2585460E+001,-5.0799399E-004
2.2586960E+001,-3.7037304E-004
2.2588460E+001,-2.3275209E-004
2.2589960E+001,-9.5131142E-005
2.2591460E+001,1.4928801E-004
2.2592960E+001,3.9663319E-004
2.2594460E+001,6.4397837E-004
2.2595960E+001,9.2490706E-004
2.2597460E+001,1.2247265E-003
2.2598960E+001,1.5245459E-003
2.2600460E+001,1.8203128E-003
2.2601960E+001,2.1069174E-003
2.2603460E+001,2.3935220E-003
2.2604960E+001,2.6801266E-003
2.2606460E+001,2.8961720E-003
2.2607960E+001,3.1102843E-003
2.2609460E+001,3.3243966E-003
2.2610960E+001,3.4677640E-003
2.2612460E+001,3.5713374E-003
2.2613960E+001,3.6749109E-003
2.2615460E+001,3.7424193E-003
2.2616960E+001,3.7283894E-003
2.2618460E+001,3.7143595E-003
2.2619960E+001,3.7003296E-003
2.2621460E+001,3.5955442E-003
2.2622960E+001,3.4882723E-003
2.2624460E+001,3.3810003E-003
2.2625960E+001,3.2435615E-003
2.2627460E+001,3.0891539E-003
2.2628960E+001,2.9347462E-003
2.2630460E+001,2.7816746E-003
2.2631960E+001,2.6316239E-003
2.2633460E+001,2.4815732E-003
2.2634960E+001,2.3315225E-003
2.2636460E+001,2.2248962E-003
2.2637960E+001,2.1194596E-003
2.2639460E+001,2.0140230E-003
2.2640960E+001,1.9491610E-003
2.2642460E+001,1.9071221E-003
2.2643960E+001,1.8650833E-003
2.2645460E+001,1.8415590E-003
2.2646960E+001,1.8598939E-003
2.2648460E+001,1.8782288E-003
2.2649960E+001,1.8965637E-003
2.2651460E+001,1.9568227E-003
2.2652960E+001,2.0182303E-003
2.2654460E+001,2.0796379E-003
2.2655960E+001,2.1539483E-003
2.2657460E+001,2.2355164E-003
2.2658960E+001,2.3170846E-003
2.2660460E+001,2.3970493E-003
2.2661960E+001,2.4733891E-003
2.2663460E+001,2.5497289E-003
2.2664960E+001,2.6260686E-003
2.2666460E+001,2.6667260E-003
2.2667960E+001,2.7064058E-003
2.2669460E+001,2.7460856E-003
2.2670960E+001,2.7353878E-003
2.2672460E+001,2.6963526E-003
2.2673960E+001,2.6573173E-003
2.2675460E+001,2.5788034E-003
2.2676960E+001,2.4110332E-003
2.2678460E+001,2.2432629E-003
2.2679960E+001,2.0754927E-003
2.2681460E+001,1.7396575E-003
2.2682960E+001,1.3992177E-003
2.2684460E+001,1.0587780E-003
2.2685960E+001,5.9735297E-004
2.2687460E+001,6.7873623E-005
2.2688960E+001,-4.6160573E-004
2.2690460E+001,-1.0400121E-003
2.2691960E+001,-1.7290364E-003
2.2693460E+001,-2.4180606E-003
2.2694960E+001,-3.1070849E-003
2.2696460E+001,-3.8741756E-003
2.2697960E+001,-4.6434052E-003
2.2699460E+001,-5.4126347E-003
2.2700960E+001,-6.1601434E-003
2.2702460E+001,-6.8954341E-003
2.2703960E+001,-7.6307248E-003
2.2705460E+001,-8.3188565E-003
2.2706960E+001,-8.9003676E-003
2.2708460E+001,-9.4818787E-003
2.2709960E+001,-1.0063390E-002
2.2711460E+001,-1.0403668E-002
2.2712960E+001,-1.0737337E-002
2.2714460E+001,-1.1071006E-002
2.2715960E+001,-1.1216584E-002
2.2717460E+001,-1.1256360E-002
2.2718960E+001,-1.1296137E-002
2.2720460E+001,-1.1248550E-002
2.2721960E+001,-1.1003445E-002
2.2723460E+001,-1.0758340E-002
2.2724960E+001,-1.0513235E-002
2.2726460E+001,-1.0045907E-002
2.2727960E+001,-9.5724895E-003
2.2729460E+001,-9.0990725E-003
2.2730960E+001,-8.5350390E-003
2.2732460E+001,-7.9200337E-003
2.2733960E+001,-7.3050284E-003
2.2735460E+001,-6.6759273E-003
2.2736960E+001,-6.0149572E-003
2.2738460E+001,-5.3539871E-003
2.2739960E+001,-4.6930170E-003
2.2741460E+001,-4.0704618E-003
2.2742960E+001,-3.4489591E-003
2.2744460E+001,-2.8274564E-003
2.2745960E+001,-2.2715226E-003
2.2747460E+001,-1.7524714E-003
2.2748960E+001,-1.2334202E-003
2.2750460E+001,-7.5706564E-004
2.2751960E+001,-3.7724298E-004
2.2753460E+001,2.5796853E-006
2.2754960E+001,3.8240235E-004
2.2756460E+001,6.1372992E-004
2.2757960E+001,8.4098906E-004
2.2759460E+001,1.0682482E-003
2.2760960E+001,1.2010472E-003
2.2762460E+001,1.2807122E-003
2.2763960E+001,1.3603772E-003
2.2765460E+001,1.4007466E-003
2.2766960E+001,1.3522733E-003
2.2768460E+001,1.3038001E-003
2.2769960E+001,1.2553268E-003
2.2771460E+001,1.1138953E-003
2.2772960E+001,9.6991687E-004
2.2774460E+001,8.2593845E-004
2.2775960E+001,6.4977411E-004
2.2777460E+001,4.5550513E-004
2.2778960E+001,2.6123616E-004
2.2780460E+001,6.8218656E-005
2.2781960E+001,-1.2196942E-004
2.2783460E+001,-3.1215749E-004
2.2784960E+001,-5.0234556E-004
2.2786460E+001,-6.3540906E-004
2.2787960E+001,-7.6690747E-004
2.2789460E+001,-8.9840589E-004
2.2790960E+001,-9.6591378E-004
2.2792460E+001,-9.9742692E-004
2.2793960E+001,-1.0289401E-003
2.2795460E+001,-1.0252722E-003
2.2796960E+001,-9.4206438E-004
2.2798460E+001,-8.5885658E-004
2.2799960E+001,-7.7564877E-004
2.2801460E+001,-5.9855705E-004
2.2802960E+001,-4.1889312E-004
2.2804460E+001,-2.3922919E-004
2.2805960E+001,-2.7700094E-005
2.2807460E+001,2.0175319E-004
2.2808960E+001,4.3120647E-004
2.2810460E+001,6.5756644E-004
2.2811960E+001,8.7693280E-004
2.2813460E+001,1.0962992E-003
2.2814960E+001,1.3156655E-003
2.2816460E+001,1.4743444E-003
2.2817960E+001,1.6313605E-003
2.2819460E+001,1.7883766E-003
2.2820960E+001,1.8889993E-003
2.2822460E+001,1.9579005E-003
2.2823960E+001,2.0268017E-003
2.2825460E+001,2.0718126E-003
2.2826960E+001,2.0628101E-003
2.2828460E+001,2.0538077E-003
2.2829960E+001,2.0448053E-003
2.2831460E+001,2.0007530E-003
2.2832960E+001,1.9557405E-003
2.2834460E+001,1.9107279E-003
2.2835960E+001,1.8788821E-003
2.2837460E+001,1.8544425E-003
2.2838960E+001,1.8300030E-003
2.2840460E+001,1.8266348E-003
2.2841960E+001,1.8709062E-003
2.2843460E+001,1.9151777E-003
2.2844960E+001,1.9594492E-003
2.2846460E+001,2.0898303E-003
2.2847960E+001,2.2225706E-003
2.2849460E+001,2.3553108E-003
2.2850960E+001,2.5335982E-003
2.2852460E+001,2.7375057E-003
2.2853960E+001,2.9414133E-003
2.2855460E+001,3.1522821E-003
2.2856960E+001,3.3788894E-003
2.2858460E+001,3.6054967E-003
2.2859960E+001,3.8321040E-003
2.2861460E+001,4.0203678E-003
2.2862960E+001,4.2075811E-003
2.2864460E+001,4.3947944E-003
2.2865960E+001,4.5219363E-003
2.2867460E+001,4.6152878E-003
2.2868960E+001,4.7086394E-003
2.2870460E+001,4.7637126E-003
2.2871960E+001,4.7322432E-003
2.2873460E+001,4.7007738E-003
2.2874960E+001,4.6693044E-003
2.2876460E+001,4.5138317E-003
2.2877960E+001,4.3549616E-003
2.2879460E+001,4.1960914E-003
2.2880960E+001,3.9684196E-003
2.2882460E+001,3.7020467E-003
2.2883960E+001,3.4356739E-003
2.2885460E+001,3.1457837E-003
2.2886960E+001,2.8027238E-003
2.2888460E+001,2.4596639E-003
2.2889960E+001,2.1166040E-003
2.2891460E+001,1.7293420E-003
2.2892960E+001,1.3408690E-003
2.2894460E+001,9.5239590E-004
2.2895960E+001,5.5232207E-004
2.2897460E+001,1.4572278E-004
2.2898960E+001,-2.6087650E-004
2.2900460E+001,-6.6519975E-004
2.2901960E+001,-1.0643772E-003
2.2903460E+001,-1.4635546E-003
2.2904960E+001,-1.8627320E-003
2.2906460E+001,-2.2264390E-003
2.2907960E+001,-2.5891743E-003
2.2909460E+001,-2.9519095E-003
2.2910960E+001,-3.2688318E-003
2.2912460E+001,-3.5599841E-003
2.2913960E+001,-3.8511364E-003
2.2915460E+001,-4.1086862E-003
2.2916960E+001,-4.2902649E-003
2.2918460E+001,-4.4718436E-003
2.2919960E+001,-4.6534222E-003
2.2921460E+001,-4.6965920E-003
2.2922960E+001,-4.7359696E-003
2.2924460E+001,-4.7753472E-003
2.2925960E+001,-4.7121987E-003
2.2927460E+001,-4.5913792E-003
2.2928960E+001,-4.4705596E-003
2.2930460E+001,-4.3016743E-003
2.2931960E+001,-4.0241184E-003
2.2933460E+001,-3.7465626E-003
2.2934960E+001,-3.4690067E-003
2.2936460E+001,-3.0663004E-003
2.2937960E+001,-2.6601652E-003
2.2939460E+001,-2.2540301E-003
2.2940960E+001,-1.7995149E-003
2.2942460E+001,-1.3177860E-003
2.2943960E+001,-8.3605712E-004
2.2945460E+001,-3.5412473E-004
2.2946960E+001,1.2826774E-004
2.2948460E+001,6.1066021E-004
2.2949960E+001,1.0930527E-003
2.2951460E+001,1.4889286E-003
2.2952960E+001,1.8824341E-003
2.2954460E+001,2.2759396E-003
2.2955960E+001,2.5547226E-003
2.2957460E+001,2.7689740E-003
2.2958960E+001,2.9832254E-003
2.2960460E+001,3.1207842E-003
2.2961960E+001,3.0849503E-003
2.2963460E+001,3.0491165E-003
2.2964960E+001,3.0132827E-003
2.2966460E+001,2.7060410E-003
2.2967960E+001,2.3913634E-003
2.2969460E+001,2.0766857E-003
2.2970960E+001,1.6023911E-003
2.2972460E+001,1.0383118E-003
2.2973960E+001,4.7423256E-004
2.2975460E+001,-1.3916378E-004
2.2976960E+001,-8.6405982E-004
2.2978460E+001,-1.5889559E-003
2.2979960E+001,-2.3138519E-003
2.2981460E+001,-3.0686237E-003
2.2982960E+001,-3.8242141E-003
2.2984460E+001,-4.5798044E-003
2.2985960E+001,-5.2651960E-003
2.2987460E+001,-5.9111007E-003
2.2988960E+001,-6.5570054E-003
2.2990460E+001,-7.1335483E-003
2.2991960E+001,-7.5532730E-003
2.2993460E+001,-7.9729977E-003
2.2994960E+001,-8.3927223E-003
2.2996460E+001,-8.5272343E-003
2.2997960E+001,-8.6539321E-003
2.2999460E+001,-8.7806299E-003
2.3000960E+001,-8.7155556E-003
2.3002460E+001,-8.5426093E-003
2.3003960E+001,-8.3696630E-003
2.3005460E+001,-8.1196992E-003
2.3006960E+001,-7.6956086E-003
2.3008460E+001,-7.2715180E-003
2.3009960E+001,-6.8474274E-003
2.3011460E+001,-6.2638973E-003
2.3012960E+001,-5.6759989E-003
2.3014460E+001,-5.0881005E-003
2.3015960E+001,-4.4627094E-003
2.3017460E+001,-3.8162285E-003
2.3018960E+001,-3.1697476E-003
2.3020460E+001,-2.5368487E-003
2.3021960E+001,-1.9346569E-003
2.3023460E+001,-1.3324650E-003
2.3024960E+001,-7.3027317E-004
2.3026460E+001,-2.5284927E-004
2.3027960E+001,2.2115628E-004
2.3029460E+001,6.9516182E-004
2.3030960E+001,1.0530062E-003
2.3032460E+001,1.3455099E-003
2.3033960E+001,1.6380135E-003
2.3035460E+001,1.8694768E-003
2.3036960E+001,1.9629354E-003
2.3038460E+001,2.0563941E-003
2.3039960E+001,2.1498527E-003
2.3041460E+001,2.0647666E-003
2.3042960E+001,1.9747888E-003
2.3044460E+001,1.8848110E-003
2.3045960E+001,1.7021731E-003
2.3047460E+001,1.4674138E-003
2.3048960E+001,1.2326545E-003
2.3050460E+001,9.6805972E-004
2.3051960E+001,6.3601047E-004
2.3053460E+001,3.0396122E-004
2.3054960E+001,-2.8088024E-005
2.3056460E+001,-4.1238330E-004
2.3057960E+001,-7.9811000E-004
2.3059460E+001,-1.1838367E-003
2.3060960E+001,-1.5823719E-003
2.3062460E+001,-1.9881118E-003
2.3063960E+001,-2.3938518E-003
2.3065460E+001,-2.7977172E-003
2.3066960E+001,-3.1973446E-003
2.3068460E+001,-3.5969720E-003
2.3069960E+001,-3.9965994E-003
2.3071460E+001,-4.3644417E-003
2.3072960E+001,-4.7314131E-003
2.3074460E+001,-5.0983845E-003
2.3075960E+001,-5.4227554E-003
2.3077460E+001,-5.7231635E-003
2.3078960E+001,-6.0235715E-003
2.3080460E+001,-6.2910382E-003
2.3081960E+001,-6.4840286E-003
2.3083460E+001,-6.6770190E-003
2.3084960E+001,-6.8700094E-003
2.3086460E+001,-6.9212238E-003
2.3087960E+001,-6.9685539E-003
2.3089460E+001,-7.0158840E-003
2.3090960E+001,-6.9564399E-003
2.3092460E+001,-6.8369351E-003
2.3093960E+001,-6.7174303E-003
2.3095460E+001,-6.5491724E-003
2.3096960E+001,-6.2706897E-003
2.3098460E+001,-5.9922069E-003
2.3099960E+001,-5.7137242E-003
2.3101460E+001,-5.3199534E-003
2.3102960E+001,-4.9230240E-003
2.3104460E+001,-4.5260946E-003
2.3105960E+001,-4.0962954E-003
2.3107460E+001,-3.6480070E-003
2.3108960E+001,-3.1997185E-003
2.3110460E+001,-2.7603218E-003
2.3111960E+001,-2.3410281E-003
2.3113460E+001,-1.9217344E-003
2.3114960E+001,-1.5024408E-003
2.3116460E+001,-1.1868500E-003
2.3117960E+001,-8.7410054E-004
2.3119460E+001,-5.6135104E-004
2.3120960E+001,-3.5507679E-004
2.3122460E+001,-2.0869500E-004
2.3123960E+001,-6.2313203E-005
2.3125460E+001,2.3640777E-005
2.3126960E+001,-2.7024952E-005
2.3128460E+001,-7.7690681E-005
2.3129960E+001,-1.2835641E-004
2.3131460E+001,-3.6580958E-004
2.3132960E+001,-6.0838031E-004
2.3134460E+001,-8.5095103E-004
2.3135960E+001,-1.1896669E-003
2.3137460E+001,-1.5824645E-003
2.3138960E+001,-1.9752621E-003
2.3140460E+001,-2.3921249E-003
2.3141960E+001,-2.8633964E-003
2.3143460E+001,-3.3346679E-003
2.3144960E+001,-3.8059393E-003
2.3146460E+001,-4.2674190E-003
2.3147960E+001,-4.7286303E-003
2.3149460E+001,-5.1898417E-003
2.3150960E+001,-5.5881450E-003
2.3152460E+001,-5.9510625E-003
2.3153960E+001,-6.3139799E-003
2.3155460E+001,-6.6247425E-003
2.3156960E+001,-6.8175894E-003
2.3158460E+001,-7.0104363E-003
2.3159960E+001,-7.2032831E-003
2.3161460E+001,-7.1877668E-003
2.3162960E+001,-7.1665419E-003
2.3164460E+001,-7.1453169E-003
2.3165960E+001,-6.9798781E-003
2.3167460E+001,-6.7333187E-003
2.3168960E+001,-6.4867594E-003
2.3170460E+001,-6.1774510E-003
2.3171960E+001,-5.7262748E-003
2.3173460E+001,-5.2750985E-003
2.3174960E+001,-4.8239223E-003
2.3176460E+001,-4.2201633E-003
2.3177960E+001,-3.6122239E-003
2.3179460E+001,-3.0042845E-003
2.3180960E+001,-2.3393741E-003
2.3182460E+001,-1.6424176E-003
2.3183960E+001,-9.4546103E-004
2.3185460E+001,-2.4547382E-004
2.3186960E+001,4.6136533E-004
2.3188460E+001,1.1682045E-003
2.3189960E+001,1.8750436E-003
2.3191460E+001,2.5125967E-003
2.3192960E+001,3.1482515E-003
2.3194460E+001,3.7839063E-003
2.3195960E+001,4.3276659E-003
2.3197460E+001,4.8197343E-003
2.3198960E+001,5.3118027E-003
2.3200460E+001,5.7437992E-003
2.3201960E+001,6.0399805E-003
2.3203460E+001,6.3361619E-003
2.3204960E+001,6.6323432E-003
2.3206460E+001,6.7168293E-003
2.3207960E+001,6.7955154E-003
2.3209460E+001,6.8742016E-003
2.3210960E+001,6.8238288E-003
2.3212460E+001,6.7008603E-003
2.3213960E+001,6.5778917E-003
2.3215460E+001,6.4093529E-003
2.3216960E+001,6.1377853E-003
2.3218460E+001,5.8662177E-003
2.3219960E+001,5.5946501E-003
2.3221460E+001,5.2576516E-003
2.3222960E+001,4.9188604E-003
2.3224460E+001,4.5800692E-003
2.3225960E+001,4.2579435E-003
2.3227460E+001,3.9451922E-003
2.3228960E+001,3.6324409E-003
2.3230460E+001,3.3538244E-003
2.3231960E+001,3.1523824E-003
2.3233460E+001,2.9509404E-003
2.3234960E+001,2.7494985E-003
2.3236460E+001,2.7144242E-003
2.3237960E+001,2.6839081E-003
2.3239460E+001,2.6533919E-003
2.3240960E+001,2.7472921E-003
2.3242460E+001,2.9111766E-003
2.3243960E+001,3.0750611E-003
2.3245460E+001,3.2943674E-003
2.3246960E+001,3.6389754E-003
2.3248460E+001,3.9835833E-003
2.3249960E+001,4.3281913E-003
2.3251460E+001,4.8065901E-003
2.3252960E+001,5.2886544E-003
2.3254460E+001,5.7707188E-003
2.3255960E+001,6.3022456E-003
2.3257460E+001,6.8615952E-003
2.3258960E+001,7.4209447E-003
2.3260460E+001,7.9843948E-003
2.3261960E+001,8.5571154E-003
2.3263460E+001,9.1298361E-003
2.3264960E+001,9.7025568E-003
2.3266460E+001,1.0231744E-002
2.3267960E+001,1.0759738E-002
2.3269460E+001,1.1287732E-002
2.3270960E+001,1.1756369E-002
2.3272460E+001,1.2191618E-002
2.3273960E+001,1.2626866E-002
2.3275460E+001,1.3022142E-002
2.3276960E+001,1.3327043E-002
2.3278460E+001,1.3631944E-002
2.3279960E+001,1.3936845E-002
2.3281460E+001,1.4087888E-002
2.3282960E+001,1.4234716E-002
2.3284460E+001,1.4381544E-002
2.3285960E+001,1.4416302E-002
2.3287460E+001,1.4388021E-002
2.3288960E+001,1.4359739E-002
2.3290460E+001,1.4276542E-002
2.3291960E+001,1.4069185E-002
2.3293460E+001,1.3861828E-002
2.3294960E+001,1.3654472E-002
2.3296460E+001,1.3284528E-002
2.3297960E+001,1.2910130E-002
2.3299460E+001,1.2535732E-002
2.3300960E+001,1.2073908E-002
2.3302460E+001,1.1562907E-002
2.3303960E+001,1.1051907E-002
2.3305460E+001,1.0514242E-002
2.3306960E+001,9.9162920E-003
2.3308460E+001,9.3183420E-003
2.3309960E+001,8.7203920E-003
2.3311460E+001,8.1027673E-003
2.3312960E+001,7.4846036E-003
2.3314460E+001,6.8664399E-003
2.3315960E+001,6.2850137E-003
2.3317460E+001,5.7242525E-003
2.3318960E+001,5.1634912E-003
2.3320460E+001,4.6443017E-003
2.3321960E+001,4.2191011E-003
2.3323460E+001,3.7939005E-003
2.3324960E+001,3.3686999E-003
2.3326460E+001,3.1389687E-003
2.3327960E+001,2.9145930E-003
2.3329460E+001,2.6902173E-003
2.3330960E+001,2.6184419E-003
2.3332460E+001,2.6325045E-003
2.3333960E+001,2.6465671E-003
2.3335460E+001,2.7327231E-003
2.3336960E+001,2.9818736E-003
2.3338460E+001,3.2310242E-003
2.3339960E+001,3.4801747E-003
2.3341460E+001,3.9075349E-003
2.3342960E+001,4.3397776E-003
2.3344460E+001,4.7720203E-003
2.3345960E+001,5.2587072E-003
2.3347460E+001,5.7760189E-003
2.3348960E+001,6.2933306E-003
2.3350460E+001,6.7973238E-003
2.3351960E+001,7.2712054E-003
2.3353460E+001,7.7450871E-003
2.3354960E+001,8.2189687E-003
2.3356460E+001,8.5219160E-003
2.3357960E+001,8.8201801E-003
2.3359460E+001,9.1184442E-003
2.3360960E+001,9.2375805E-003
2.3362460E+001,9.2559573E-003
2.3363960E+001,9.2743341E-003
2.3365460E+001,9.1917410E-003
2.3366960E+001,8.8808675E-003
2.3368460E+001,8.5699940E-003
2.3369960E+001,8.2591205E-003
2.3371460E+001,7.6459395E-003
2.3372960E+001,7.0244759E-003
2.3374460E+001,6.4030123E-003
2.3375960E+001,5.6344596E-003
2.3377460E+001,4.7831692E-003
2.3378960E+001,3.9318787E-003
2.3380460E+001,3.0468456E-003
2.3381960E+001,2.0855245E-003
2.3383460E+001,1.1242034E-003
2.3384960E+001,1.6288231E-004
2.3386460E+001,-7.8159196E-004
2.3387960E+001,-1.7256047E-003
2.3389460E+001,-2.6696174E-003
2.3390960E+001,-3.5343365E-003
2.3392460E+001,-4.3544530E-003
2.3393960E+001,-5.1745694E-003
2.3395460E+001,-5.9353003E-003
2.3396960E+001,-6.5617677E-003
2.3398460E+001,-7.1882352E-003
2.3399960E+001,-7.8147026E-003
2.3401460E+001,-8.2218366E-003
2.3402960E+001,-8.6229613E-003
2.3404460E+001,-9.0240860E-003
2.3405960E+001,-9.2789169E-003
2.3407460E+001,-9.4514573E-003
2.3408960E+001,-9.6239977E-003
2.3410460E+001,-9.7303404E-003
2.3411960E+001,-9.6870184E-003
2.3413460E+001,-9.6436963E-003
2.3414960E+001,-9.6003743E-003
2.3416460E+001,-9.3672807E-003
2.3417960E+001,-9.1289877E-003
2.3419460E+001,-8.8906948E-003
2.3420960E+001,-8.5464403E-003
2.3422460E+001,-8.1425822E-003
2.3423960E+001,-7.7387242E-003
2.3425460E+001,-7.2977073E-003
2.3426960E+001,-6.7726787E-003
2.3428460E+001,-6.2476502E-003
2.3429960E+001,-5.7226216E-003
2.3431460E+001,-5.1440052E-003
2.3432960E+001,-4.5639206E-003
2.3434460E+001,-3.9838360E-003
2.3435960E+001,-3.4249345E-003
2.3437460E+001,-2.8779485E-003
2.3438960E+001,-2.3309624E-003
2.3440460E+001,-1.8246732E-003
2.3441960E+001,-1.4103943E-003
2.3443460E+001,-9.9611544E-004
2.3444960E+001,-5.8183657E-004
2.3446460E+001,-3.8398422E-004
2.3447960E+001,-1.9206146E-004
2.3449460E+001,-1.3870945E-007
2.3450960E+001,1.5319581E-005
2.3452460E+001,-6.8483596E-005
2.3453960E+001,-1.5228677E-004
2.3455460E+001,-3.1948300E-004
2.3456960E+001,-6.7522047E-004
2.3458460E+001,-1.0309579E-003
2.3459960E+001,-1.3866954E-003
2.3461460E+001,-1.9425609E-003
2.3462960E+001,-2.5039095E-003
2.3464460E+001,-3.0652581E-003
2.3465960E+001,-3.6849931E-003
2.3467460E+001,-4.3375706E-003
2.3468960E+001,-4.9901480E-003
2.3470460E+001,-5.6301892E-003
2.3471960E+001,-6.2418874E-003
2.3473460E+001,-6.8535857E-003
2.3474960E+001,-7.4652840E-003
2.3476460E+001,-7.9260833E-003
2.3477960E+001,-8.3827484E-003
2.3479460E+001,-8.8394135E-003
2.3480960E+001,-9.1535809E-003
2.3482460E+001,-9.3875932E-003
2.3483960E+001,-9.6216055E-003
2.3485460E+001,-9.7846052E-003
2.3486960E+001,-9.7870539E-003
2.3488460E+001,-9.7895027E-003
2.3489960E+001,-9.7919515E-003
2.3491460E+001,-9.6108914E-003
2.3492960E+001,-9.4248036E-003
2.3494460E+001,-9.2387158E-003
2.3495960E+001,-8.9794301E-003
2.3497460E+001,-8.6789705E-003
2.3498960E+001,-8.3785109E-003
2.3500460E+001,-8.0675073E-003
2.3501960E+001,-7.7326649E-003
2.3503460E+001,-7.3978226E-003
2.3504960E+001,-7.0629802E-003
2.3506460E+001,-6.7581182E-003
2.3507960E+001,-6.4540775E-003
2.3509460E+001,-6.1500369E-003
2.3510960E+001,-5.8909303E-003
2.3512460E+001,-5.6570993E-003
2.3513960E+001,-5.4232682E-003
2.3515460E+001,-5.2147537E-003
2.3516960E+001,-5.0634770E-003
2.3518460E+001,-4.9122003E-003
2.3519960E+001,-4.7609236E-003
2.3521460E+001,-4.6810052E-003
2.3522960E+001,-4.6030419E-003
2.3524460E+001,-4.5250786E-003
2.3525960E+001,-4.4799853E-003
2.3527460E+001,-4.4533813E-003
2.3528960E+001,-4.4267773E-003
2.3530460E+001,-4.4082821E-003
2.3531960E+001,-4.4081200E-003
2.3533460E+001,-4.4079580E-003
2.3534960E+001,-4.4077959E-003
2.3536460E+001,-4.4148049E-003
2.3537960E+001,-4.4220104E-003
2.3539460E+001,-4.4292159E-003
2.3540960E+001,-4.4364499E-003
2.3542460E+001,-4.4436998E-003
2.3543960E+001,-4.4509498E-003
2.3545460E+001,-4.4597679E-003
2.3546960E+001,-4.4721314E-003
2.3548460E+001,-4.4844950E-003
2.3549960E+001,-4.4968585E-003
2.3551460E+001,-4.5252254E-003
2.3552960E+001,-4.5540307E-003
2.3554460E+001,-4.5828360E-003
2.3555960E+001,-4.6262047E-003
2.3557460E+001,-4.6777653E-003
2.3558960E+001,-4.7293259E-003
2.3560460E+001,-4.7849385E-003
2.3561960E+001,-4.8497122E-003
2.3563460E+001,-4.9144859E-003
2.3564960E+001,-4.9792596E-003
2.3566460E+001,-5.0286583E-003
2.3567960E+001,-5.0776358E-003
2.3569460E+001,-5.1266133E-003
2.3570960E+001,-5.1388580E-003
2.3572460E+001,-5.1304406E-003
2.3573960E+001,-5.1220232E-003
2.3575460E+001,-5.0838272E-003
2.3576960E+001,-4.9783056E-003
2.3578460E+001,-4.8727840E-003
2.3579960E+001,-4.7672624E-003
2.3581460E+001,-4.5450315E-003
2.3582960E+001,-4.3196030E-003
2.3584460E+001,-4.0941746E-003
2.3585960E+001,-3.7939368E-003
2.3587460E+001,-3.4516186E-003
2.3588960E+001,-3.1093005E-003
2.3590460E+001,-2.7399705E-003
2.3591960E+001,-2.3095700E-003
2.3593460E+001,-1.8791694E-003
2.3594960E+001,-1.4487689E-003
2.3596460E+001,-9.7836059E-004
2.3597960E+001,-5.0685619E-004
2.3599460E+001,-3.5351799E-005
2.3600960E+001,4.2803628E-004
2.3602460E+001,8.8685891E-004
2.3603960E+001,1.3456816E-003
2.3605460E+001,1.7854158E-003
2.3606960E+001,2.1819934E-003
2.3608460E+001,2.5785711E-003
2.3609960E+001,2.9751488E-003
2.3611460E+001,3.2748820E-003
2.3612960E+001,3.5719618E-003
2.3614460E+001,3.8690417E-003
2.3615960E+001,4.0893360E-003
2.3617460E+001,4.2664383E-003
2.3618960E+001,4.4435407E-003
2.3620460E+001,4.5831117E-003
2.3621960E+001,4.6378291E-003
2.3623460E+001,4.6925465E-003
2.3624960E+001,4.7472638E-003
2.3626460E+001,4.6968741E-003
2.3627960E+001,4.6436047E-003
2.3629460E+001,4.5903353E-003
2.3630960E+001,4.4856764E-003
2.3632460E+001,4.3521108E-003
2.3633960E+001,4.2185452E-003
2.3635460E+001,4.0711732E-003
2.3636960E+001,3.8925867E-003
2.3638460E+001,3.7140001E-003
2.3639960E+001,3.5354135E-003
2.3641460E+001,3.3471259E-003
2.3642960E+001,3.1585725E-003
2.3644460E+001,2.9700191E-003
2.3645960E+001,2.7917672E-003
2.3647460E+001,2.6193098E-003
2.3648960E+001,2.4468524E-003
2.3650460E+001,2.2825499E-003
2.3651960E+001,2.1366844E-003
2.3653460E+001,1.9908190E-003
2.3654960E+001,1.8449535E-003
2.3656460E+001,1.7198045E-003
2.3657960E+001,1.5952230E-003
2.3659460E+001,1.4706415E-003
2.3660960E+001,1.3511445E-003
2.3662460E+001,1.2345076E-003
2.3663960E+001,1.1178707E-003
2.3665460E+001,1.0008749E-003
2.3666960E+001,8.8306763E-004
2.3668460E+001,7.6526036E-004
2.3669960E+001,6.4745309E-004
2.3671460E+001,5.3299788E-004
2.3672960E+001,4.1863451E-004
2.3674460E+001,3.0427113E-004
2.3675960E+001,2.0434638E-004
2.3677460E+001,1.1254338E-004
2.3678960E+001,2.0740373E-005
2.3680460E+001,-5.6458713E-005
2.3681960E+001,-1.0064017E-004
2.3683460E+001,-1.4482163E-004
2.3684960E+001,-1.8900309E-004
2.3686460E+001,-1.6928112E-004
2.3687960E+001,-1.4780835E-004
2.3689460E+001,-1.2633558E-004
2.3690960E+001,-6.2322949E-005
2.3692460E+001,2.5618400E-005
2.3693960E+001,1.1355975E-004
2.3695460E+001,2.1625389E-004
2.3696960E+001,3.5230224E-004
2.3698460E+001,4.8835059E-004
2.3699960E+001,6.2439895E-004
2.3701460E+001,7.7773215E-004
2.3702960E+001,9.3153892E-004
2.3704460E+001,1.0853457E-003
2.3705960E+001,1.2313261E-003
2.3707460E+001,1.3729043E-003
2.3708960E+001,1.5144824E-003
2.3710460E+001,1.6465919E-003
2.3711960E+001,1.7572940E-003
2.3713460E+001,1.8679961E-003
2.3714960E+001,1.9786982E-003
2.3716460E+001,2.0564563E-003
2.3717960E+001,2.1333117E-003
2.3719460E+001,2.2101672E-003
2.3720960E+001,2.2711869E-003
2.3722460E+001,2.3232990E-003
2.3723960E+001,2.3754110E-003
2.3725460E+001,2.4236927E-003
2.3726960E+001,2.4633145E-003
2.3728460E+001,2.5029362E-003
2.3729960E+001,2.5425579E-003
2.3731460E+001,2.5754423E-003
2.3732960E+001,2.6081421E-003
2.3734460E+001,2.6408419E-003
2.3735960E+001,2.6640487E-003
2.3737460E+001,2.6819156E-003
2.3738960E+001,2.6997826E-003
2.3740460E+001,2.7060906E-003
2.3741960E+001,2.6862650E-003
2.3743460E+001,2.6664395E-003
2.3744960E+001,2.6466139E-003
2.3746460E+001,2.5574487E-003
2.3747960E+001,2.4663837E-003
2.3749460E+001,2.3753187E-003
2.3750960E+001,2.2160534E-003
2.3752460E+001,2.0184252E-003
2.3753960E+001,1.8207970E-003
2.3755460E+001,1.5826737E-003
2.3756960E+001,1.2529962E-003
2.3758460E+001,9.2331859E-004
2.3759960E+001,5.9364102E-004
2.3761460E+001,1.3173716E-004
2.3762960E+001,-3.3378942E-004
2.3764460E+001,-7.9931599E-004
2.3765960E+001,-1.3346331E-003
2.3767460E+001,-1.9092074E-003
2.3768960E+001,-2.4837818E-003
2.3770460E+001,-3.0735084E-003
2.3771960E+001,-3.6974926E-003
2.3773460E+001,-4.3214767E-003
2.3774960E+001,-4.9454608E-003
2.3776460E+001,-5.5347143E-003
2.3777960E+001,-6.1230162E-003
2.3779460E+001,-6.7113181E-003
2.3780960E+001,-7.2169205E-003
2.3782460E+001,-7.6760042E-003
2.3783960E+001,-8.1350880E-003
2.3785460E+001,-8.5302225E-003
2.3786960E+001,-8.7807756E-003
2.3788460E+001,-9.0313287E-003
2.3789960E+001,-9.2818819E-003
2.3791460E+001,-9.2870212E-003
2.3792960E+001,-9.2854368E-003
2.3794460E+001,-9.2838524E-003
2.3795960E+001,-9.1242030E-003
2.3797460E+001,-8.8756420E-003
2.3798960E+001,-8.6270809E-003
2.3800460E+001,-8.3191937E-003
2.3801960E+001,-7.8771777E-003
2.3803460E+001,-7.4351617E-003
2.3804960E+001,-6.9931457E-003
2.3806460E+001,-6.4477548E-003
2.3807960E+001,-5.8995317E-003
2.3809460E+001,-5.3513086E-003
2.3810960E+001,-4.7970295E-003
2.3812460E+001,-4.2393439E-003
2.3813960E+001,-3.6816584E-003
2.3815460E+001,-3.1460097E-003
2.3816960E+001,-2.6601836E-003
2.3818460E+001,-2.1743576E-003
2.3819960E+001,-1.6885315E-003
2.3821460E+001,-1.3210110E-003
2.3822960E+001,-9.5673178E-004
2.3824460E+001,-5.9245257E-004
2.3825960E+001,-3.1610619E-004
2.3827460E+001,-8.9222137E-005
2.3828960E+001,1.3766192E-004
2.3830460E+001,3.2472298E-004
2.3831960E+001,4.2174925E-004
2.3833460E+001,5.1877552E-004
2.3834960E+001,6.1580179E-004
2.3836460E+001,6.0097694E-004
2.3837960E+001,5.8308762E-004
2.3839460E+001,5.6519830E-004
2.3840960E+001,4.8025040E-004
2.3842460E+001,3.5758195E-004
2.3843960E+001,2.3491351E-004
2.3845460E+001,8.1224933E-005
2.3846960E+001,-1.4259628E-004
2.3848460E+001,-3.6641750E-004
2.3849960E+001,-5.9023871E-004
2.3851460E+001,-9.0635445E-004
2.3852960E+001,-1.2249989E-003
2.3854460E+001,-1.5436433E-003
2.3855960E+001,-1.9084080E-003
2.3857460E+001,-2.2991154E-003
2.3858960E+001,-2.6898229E-003
2.3860460E+001,-3.0879396E-003
2.3861960E+001,-3.5028078E-003
2.3863460E+001,-3.9176760E-003
2.3864960E+001,-4.3325441E-003
2.3866460E+001,-4.7029371E-003
2.3867960E+001,-5.0721116E-003
2.3869460E+001,-5.4412861E-003
2.3870960E+001,-5.7322757E-003
2.3872460E+001,-5.9792863E-003
2.3873960E+001,-6.2262968E-003
2.3875460E+001,-6.4168545E-003
2.3876960E+001,-6.4797794E-003
2.3878460E+001,-6.5427042E-003
2.3879960E+001,-6.6056291E-003
2.3881460E+001,-6.4604271E-003
2.3882960E+001,-6.3095230E-003
2.3884460E+001,-6.1586189E-003
2.3885960E+001,-5.8765805E-003
2.3887460E+001,-5.5207790E-003
2.3888960E+001,-5.1649775E-003
2.3890460E+001,-4.7589257E-003
2.3891960E+001,-4.2392642E-003
2.3893460E+001,-3.7196028E-003
2.3894960E+001,-3.1999413E-003
2.3896460E+001,-2.5774874E-003
2.3897960E+001,-1.9522172E-003
2.3899460E+001,-1.3269471E-003
2.3900960E+001,-6.7291808E-004
2.3902460E+001,-2.7122347E-006
2.3903960E+001,6.6749362E-004
2.3905460E+001,1.3346023E-003
2.3906960E+001,1.9947088E-003
2.3908460E+001,2.6548153E-003
2.3909960E+001,3.3149218E-003
2.3911460E+001,3.9176352E-003
2.3912960E+001,4.5187761E-003
2.3914460E+001,5.1199170E-003
2.3915960E+001,5.6545115E-003
2.3917460E+001,6.1516736E-003
2.3918960E+001,6.6488358E-003
2.3920460E+001,7.1017790E-003
2.3921960E+001,7.4547488E-003
2.3923460E+001,7.8077185E-003
2.3924960E+001,8.1606883E-003
2.3926460E+001,8.3459279E-003
2.3927960E+001,8.5265720E-003
2.3929460E+001,8.7072161E-003
2.3930960E+001,8.7746297E-003
2.3932460E+001,8.7783509E-003
2.3933960E+001,8.7820721E-003
2.3935460E+001,8.7401618E-003
2.3936960E+001,8.5950843E-003
2.3938460E+001,8.4500069E-003
2.3939960E+001,8.3049294E-003
2.3941460E+001,8.0740785E-003
2.3942960E+001,7.8408776E-003
2.3944460E+001,7.6076766E-003
2.3945960E+001,7.3696691E-003
2.3947460E+001,7.1289578E-003
2.3948960E+001,6.8882465E-003
2.3950460E+001,6.6694683E-003
2.3951960E+001,6.5002781E-003
2.3953460E+001,6.3310880E-003
2.3954960E+001,6.1618978E-003
2.3956460E+001,6.1163466E-003
2.3957960E+001,6.0741828E-003
2.3959460E+001,6.0320190E-003
2.3960960E+001,6.0827369E-003
2.3962460E+001,6.1857008E-003
2.3963960E+001,6.2886647E-003
2.3965460E+001,6.4296761E-003
2.3966960E+001,6.6567080E-003
2.3968460E+001,6.8837398E-003
2.3969960E+001,7.1107717E-003
2.3971460E+001,7.4086175E-003
2.3972960E+001,7.7084033E-003
2.3974460E+001,8.0081892E-003
2.3975960E+001,8.3117313E-003
2.3977460E+001,8.6173863E-003
2.3978960E+001,8.9230412E-003
2.3980460E+001,9.2098872E-003
2.3981960E+001,9.4542086E-003
2.3983460E+001,9.6985300E-003
2.3984960E+001,9.9428514E-003
2.3986460E+001,1.0073956E-002
2.3987960E+001,1.0201958E-002
2.3989460E+001,1.0329961E-002
2.3990960E+001,1.0361779E-002
2.3992460E+001,1.0339493E-002
2.3993960E+001,1.0317207E-002
2.3995460E+001,1.0246393E-002
2.3996960E+001,1.0065859E-002
2.3998460E+001,9.8853263E-003
2.3999960E+001,9.7047931E-003
2.4001460E+001,9.3884553E-003
2.4002960E+001,9.0683967E-003
2.4004460E+001,8.7483381E-003
2.4005960E+001,8.3652307E-003
2.4007460E+001,7.9466582E-003
2.4008960E+001,7.5280858E-003
2.4010460E+001,7.0959648E-003
2.4011960E+001,6.6332125E-003
2.4013460E+001,6.1704603E-003
2.4014960E+001,5.7077080E-003
2.4016460E+001,5.2569274E-003
2.4017960E+001,4.8064747E-003
2.4019460E+001,4.3560221E-003
2.4020960E+001,3.9444027E-003
2.4022460E+001,3.5546271E-003
2.4023960E+001,3.1648514E-003
2.4025460E+001,2.8039063E-003
2.4026960E+001,2.5081432E-003
2.4028460E+001,2.2123801E-003
2.4029960E+001,1.9166171E-003
2.4031460E+001,1.7275778E-003
2.4032960E+001,1.5414625E-003
2.4034460E+001,1.3553473E-003
2.4035960E+001,1.2388472E-003
2.4037460E+001,1.1615058E-003
2.4038960E+001,1.0841643E-003
2.4040460E+001,1.0358627E-003
2.4041960E+001,1.0532166E-003
2.4043460E+001,1.0705705E-003
2.4044960E+001,1.0879243E-003
2.4046460E+001,1.1739574E-003
2.4047960E+001,1.2618721E-003
2.4049460E+001,1.3497869E-003
2.4050960E+001,1.4621837E-003
2.4052460E+001,1.5883518E-003
2.4053960E+001,1.7145198E-003
2.4055460E+001,1.8405524E-003
2.4056960E+001,1.9662786E-003
2.4058460E+001,2.0920048E-003
2.4059960E+001,2.2177310E-003
2.4061460E+001,2.3030700E-003
2.4062960E+001,2.3873025E-003
2.4064460E+001,2.4715350E-003
2.4065960E+001,2.5060785E-003
2.4067460E+001,2.5126720E-003
2.4068960E+001,2.5192654E-003
2.4070460E+001,2.4951474E-003
2.4071960E+001,2.4015945E-003
2.4073460E+001,2.3080417E-003
2.4074960E+001,2.2144888E-003
2.4076460E+001,2.0212755E-003
2.4077960E+001,1.8253317E-003
2.4079460E+001,1.6293880E-003
2.4080960E+001,1.3802382E-003
2.4082460E+001,1.1011599E-003
2.4083960E+001,8.2208170E-004
2.4085460E+001,5.2833823E-004
2.4086960E+001,2.0143852E-004
2.4088460E+001,-1.2546120E-004
2.4089960E+001,-4.5236092E-004
2.4091460E+001,-7.8617577E-004
2.4092960E+001,-1.1201801E-003
2.4094460E+001,-1.4541844E-003
2.4095960E+001,-1.7708102E-003
2.4097460E+001,-2.0776607E-003
2.4098960E+001,-2.3845112E-003
2.4100460E+001,-2.6770179E-003
2.4101960E+001,-2.9370951E-003
2.4103460E+001,-3.1971723E-003
2.4104960E+001,-3.4572495E-003
2.4106460E+001,-3.6682026E-003
2.4107960E+001,-3.8778098E-003
2.4109460E+001,-4.0874171E-003
2.4110960E+001,-4.2691440E-003
2.4112460E+001,-4.4351883E-003
2.4113960E+001,-4.6012325E-003
2.4115460E+001,-4.7567214E-003
2.4116960E+001,-4.8883461E-003
2.4118460E+001,-5.0199708E-003
2.4119960E+001,-5.1515955E-003
2.4121460E+001,-5.2543854E-003
2.4122960E+001,-5.3563853E-003
2.4124460E+001,-5.4583852E-003
2.4125960E+001,-5.5409666E-003
2.4127460E+001,-5.6126251E-003
2.4128960E+001,-5.6842836E-003
2.4130460E+001,-5.7461670E-003
2.4131960E+001,-5.7859505E-003
2.4133460E+001,-5.8257339E-003
2.4134960E+001,-5.8655174E-003
2.4136460E+001,-5.8788746E-003
2.4137960E+001,-5.8915079E-003
2.4139460E+001,-5.9041411E-003
2.4140960E+001,-5.9088342E-003
2.4142460E+001,-5.9090610E-003
2.4143960E+001,-5.9092878E-003
2.4145460E+001,-5.9121826E-003
2.4146960E+001,-5.9211094E-003
2.4148460E+001,-5.9300362E-003
2.4149960E+001,-5.9389630E-003
2.4151460E+001,-5.9730523E-003
2.4152960E+001,-6.0078309E-003
2.4154460E+001,-6.0426095E-003
2.4155960E+001,-6.0950031E-003
2.4157460E+001,-6.1573052E-003
2.4158960E+001,-6.2196073E-003
2.4160460E+001,-6.2842703E-003
2.4161960E+001,-6.3542707E-003
2.4163460E+001,-6.4242711E-003
2.4164960E+001,-6.4942716E-003
2.4166460E+001,-6.5350067E-003
2.4167960E+001,-6.5749400E-003
2.4169460E+001,-6.6148733E-003
2.4170960E+001,-6.6078884E-003
2.4172460E+001,-6.5745119E-003
2.4173960E+001,-6.5411354E-003
2.4175460E+001,-6.4753071E-003
2.4176960E+001,-6.3361093E-003
2.4178460E+001,-6.1969114E-003
2.4179960E+001,-6.0577135E-003
2.4181460E+001,-5.8066490E-003
2.4182960E+001,-5.5525197E-003
2.4184460E+001,-5.2983903E-003
2.4185960E+001,-4.9821499E-003
2.4187460E+001,-4.6309719E-003
2.4188960E+001,-4.2797939E-003
2.4190460E+001,-3.9107545E-003
2.4191960E+001,-3.5013328E-003
2.4193460E+001,-3.0919111E-003
2.4194960E+001,-2.6824894E-003
2.4196460E+001,-2.2633909E-003
2.4197960E+001,-1.8440272E-003
2.4199460E+001,-1.4246635E-003
2.4200960E+001,-1.0288643E-003
2.4202460E+001,-6.4632016E-004
2.4203960E+001,-2.6377600E-004
2.4205460E+001,9.5830118E-005
2.4206960E+001,4.0357617E-004
2.4208460E+001,7.1132223E-004
2.4209960E+001,1.0190683E-003
2.4211460E+001,1.2289750E-003
2.4212960E+001,1.4362011E-003
2.4214460E+001,1.6434272E-003
2.4215960E+001,1.7787164E-003
2.4217460E+001,1.8735411E-003
2.4218960E+001,1.9683658E-003
2.4220460E+001,2.0297052E-003
2.4221960E+001,2.0153390E-003
2.4223460E+001,2.0009727E-003
2.4224960E+001,1.9866064E-003
2.4226460E+001,1.8847111E-003
2.4227960E+001,1.7804177E-003
2.4229460E+001,1.6761243E-003
2.4230960E+001,1.5364381E-003
2.4232460E+001,1.3768435E-003
2.4233960E+001,1.2172489E-003
2.4235460E+001,1.0548209E-003
2.4236960E+001,8.8598668E-004
2.4238460E+001,7.1715249E-004
2.4239960E+001,5.4831830E-004
2.4241460E+001,4.1921112E-004
2.4242960E+001,2.9119238E-004
2.4244460E+001,1.6317363E-004
2.4245960E+001,8.9920541E-005
2.4247460E+001,4.7473197E-005
2.4248960E+001,5.0258528E-006
2.4250460E+001,-1.6402054E-006
2.4251960E+001,7.2590747E-005
2.4253460E+001,1.4682170E-004
2.4254960E+001,2.2105265E-004
2.4256460E+001,4.2106798E-004
2.4257960E+001,6.2452953E-004
2.4259460E+001,8.2799107E-004
2.4260960E+001,1.1102141E-003
2.4262460E+001,1.4367405E-003
2.4263960E+001,1.7632669E-003
2.4265460E+001,2.1212073E-003
2.4266960E+001,2.5501707E-003
2.4268460E+001,2.9791342E-003
2.4269960E+001,3.4080977E-003
2.4271460E+001,3.9088723E-003
2.4272960E+001,4.4116145E-003
2.4274460E+001,4.9143566E-003
2.4275960E+001,5.4439940E-003
2.4277460E+001,5.9887601E-003
2.4278960E+001,6.5335262E-003
2.4280460E+001,7.0806324E-003
2.4281960E+001,7.6330292E-003
2.4283460E+001,8.1854260E-003
2.4284960E+001,8.7378227E-003
2.4286460E+001,9.2580279E-003
2.4287960E+001,9.7773512E-003
2.4289460E+001,1.0296674E-002
2.4290960E+001,1.0762400E-002
2.4292460E+001,1.1197976E-002
2.4293960E+001,1.1633552E-002
2.4295460E+001,1.2025330E-002
2.4296960E+001,1.2318086E-002
2.4298460E+001,1.2610841E-002
2.4299960E+001,1.2903597E-002
2.4301460E+001,1.3000709E-002
2.4302960E+001,1.3092460E-002
2.4304460E+001,1.3184211E-002
2.4305960E+001,1.3120215E-002
2.4307460E+001,1.2968610E-002
2.4308960E+001,1.2817005E-002
2.4310460E+001,1.2587262E-002
2.4311960E+001,1.2180858E-002
2.4313460E+001,1.1774454E-002
2.4314960E+001,1.1368051E-002
2.4316460E+001,1.0741378E-002
2.4317960E+001,1.0108671E-002
2.4319460E+001,9.4759637E-003
2.4320960E+001,8.7415786E-003
2.4322460E+001,7.9499994E-003
2.4323960E+001,7.1584203E-003
2.4325460E+001,6.3473308E-003
2.4326960E+001,5.4921308E-003
2.4328460E+001,4.6369308E-003
2.4329960E+001,3.7817308E-003
2.4331460E+001,2.9672904E-003
2.4332960E+001,2.1539667E-003
2.4334460E+001,1.3406430E-003
2.4335960E+001,6.1625327E-004
2.4337460E+001,-5.8111063E-005
2.4338960E+001,-7.3247539E-004
2.4340460E+001,-1.3417122E-003
2.4341960E+001,-1.8037039E-003
2.4343460E+001,-2.2656955E-003
2.4344960E+001,-2.7276872E-003
2.4346460E+001,-2.9439521E-003
2.4347960E+001,-3.1534847E-003
2.4349460E+001,-3.3630173E-003
2.4350960E+001,-3.4091391E-003
2.4352460E+001,-3.3633422E-003
2.4353960E+001,-3.3175453E-003
2.4355460E+001,-3.2036303E-003
2.4356960E+001,-2.9357092E-003
2.4358460E+001,-2.6677880E-003
2.4359960E+001,-2.3998668E-003
2.4361460E+001,-1.9778567E-003
2.4362960E+001,-1.5516249E-003
2.4364460E+001,-1.1253932E-003
2.4365960E+001,-6.5221863E-004
2.4367460E+001,-1.5263877E-004
2.4368960E+001,3.4694110E-004
2.4370460E+001,8.4046858E-004
2.4371960E+001,1.3203124E-003
2.4373460E+001,1.8001561E-003
2.4374960E+001,2.2799999E-003
2.4376460E+001,2.6567549E-003
2.4377960E+001,3.0306854E-003
2.4379460E+001,3.4046159E-003
2.4380960E+001,3.6688928E-003
2.4382460E+001,3.8714894E-003
2.4383960E+001,4.0740859E-003
2.4385460E+001,4.2132593E-003
2.4386960E+001,4.2090406E-003
2.4388460E+001,4.2048219E-003
2.4389960E+001,4.2006032E-003
2.4391460E+001,3.9926173E-003
2.4392960E+001,3.7790486E-003
2.4394460E+001,3.5654799E-003
2.4395960E+001,3.2361137E-003
2.4397460E+001,2.8416113E-003
2.4398960E+001,2.4471089E-003
2.4400460E+001,2.0137789E-003
2.4401960E+001,1.4926646E-003
2.4403460E+001,9.7155025E-004
2.4404960E+001,4.5043593E-004
2.4406460E+001,-1.2326667E-004
2.4407960E+001,-6.9841008E-004
2.4409460E+001,-1.2735535E-003
2.4410960E+001,-1.8323197E-003
2.4412460E+001,-2.3818737E-003
2.4413960E+001,-2.9314276E-003
2.4415460E+001,-3.4511463E-003
2.4416960E+001,-3.9034112E-003
2.4418460E+001,-4.3556760E-003
2.4419960E+001,-4.8079409E-003
2.4421460E+001,-5.1190304E-003
2.4422960E+001,-5.4262520E-003
2.4424460E+001,-5.7334736E-003
2.4425960E+001,-5.9402000E-003
2.4427460E+001,-6.0903978E-003
2.4428960E+001,-6.2405955E-003
2.4430460E+001,-6.3505879E-003
2.4431960E+001,-6.3696809E-003
2.4433460E+001,-6.3887739E-003
2.4434960E+001,-6.4078668E-003
2.4436460E+001,-6.3517728E-003
2.4437960E+001,-6.2936187E-003
2.4439460E+001,-6.2354647E-003
2.4440960E+001,-6.1680522E-003
2.4442460E+001,-6.0954319E-003
2.4443960E+001,-6.0228116E-003
2.4445460E+001,-5.9614726E-003
2.4446960E+001,-5.9256390E-003
2.4448460E+001,-5.8898054E-003
2.4449960E+001,-5.8539718E-003
2.4451460E+001,-5.8792517E-003
2.4452960E+001,-5.9062060E-003
2.4454460E+001,-5.9331602E-003
2.4455960E+001,-5.9990544E-003
2.4457460E+001,-6.0868522E-003
2.4458960E+001,-6.1746500E-003
2.4460460E+001,-6.2741755E-003
2.4461960E+001,-6.4002157E-003
2.4463460E+001,-6.5262559E-003
2.4464960E+001,-6.6522961E-003
2.4466460E+001,-6.7857459E-003
2.4467960E+001,-6.9193988E-003
2.4469460E+001,-7.0530517E-003
2.4470960E+001,-7.1748115E-003
2.4472460E+001,-7.2898816E-003
2.4473960E+001,-7.4049516E-003
2.4475460E+001,-7.5100646E-003
2.4476960E+001,-7.5926662E-003
2.4478460E+001,-7.6752678E-003
2.4479960E+001,-7.7578693E-003
2.4481460E+001,-7.8083590E-003
2.4482960E+001,-7.8579689E-003
2.4484460E+001,-7.9075788E-003
2.4485960E+001,-7.9408735E-003
2.4487460E+001,-7.9649909E-003
2.4488960E+001,-7.9891083E-003
2.4490460E+001,-8.0074043E-003
2.4491960E+001,-8.0125389E-003
2.4493460E+001,-8.0176736E-003
2.4494960E+001,-8.0228082E-003
2.4496460E+001,-8.0063172E-003
2.4497960E+001,-7.9892338E-003
2.4499460E+001,-7.9721503E-003
2.4500960E+001,-7.9296706E-003
2.4502460E+001,-7.8729055E-003
2.4503960E+001,-7.8161403E-003
2.4505460E+001,-7.7383397E-003
2.4506960E+001,-7.6129805E-003
2.4508460E+001,-7.4876213E-003
2.4509960E+001,-7.3622622E-003
2.4511460E+001,-7.1410611E-003
2.4512960E+001,-6.9172342E-003
2.4514460E+001,-6.6934073E-003
2.4515960E+001,-6.3963041E-003
2.4517460E+001,-6.0579828E-003
2.4518960E+001,-5.7196615E-003
2.4520460E+001,-5.3494244E-003
2.4521960E+001,-4.9070296E-003
2.4523460E+001,-4.4646348E-003
2.4524960E+001,-4.0222400E-003
2.4526460E+001,-3.5182388E-003
2.4527960E+001,-3.0125498E-003
2.4529460E+001,-2.5068607E-003
2.4530960E+001,-2.0013917E-003
2.4532460E+001,-1.4960464E-003
2.4533960E+001,-9.9070105E-004
2.4535460E+001,-5.0696729E-004
2.4536960E+001,-7.2094525E-005
2.4538460E+001,3.6277824E-004
2.4539960E+001,7.9765100E-004
2.4541460E+001,1.1078205E-003
2.4542960E+001,1.4145733E-003
2.4544460E+001,1.7213262E-003
2.4545960E+001,1.9266553E-003
2.4547460E+001,2.0749334E-003
2.4548960E+001,2.2232116E-003
2.4550460E+001,2.3239010E-003
2.4551960E+001,2.3169985E-003
2.4553460E+001,2.3100960E-003
2.4554960E+001,2.3031935E-003
2.4556460E+001,2.1787031E-003
2.4557960E+001,2.0509912E-003
2.4559460E+001,1.9232792E-003
2.4560960E+001,1.7544078E-003
2.4562460E+001,1.5623842E-003
2.4563960E+001,1.3703606E-003
2.4565460E+001,1.1790383E-003
2.4566960E+001,9.8930156E-004
2.4568460E+001,7.9956478E-004
2.4569960E+001,6.0982799E-004
2.4571460E+001,4.8436612E-004
2.4572960E+001,3.6066523E-004
2.4574460E+001,2.3696434E-004
2.4575960E+001,1.8627546E-004
2.4577460E+001,1.7665591E-004
2.4578960E+001,1.6703637E-004
2.4580460E+001,1.9882177E-004
2.4581960E+001,3.2421858E-004
2.4583460E+001,4.4961538E-004
2.4584960E+001,5.7501219E-004
2.4586460E+001,8.1866566E-004
2.4587960E+001,1.0655591E-003
2.4589460E+001,1.3124525E-003
2.4590960E+001,1.6062993E-003
2.4592460E+001,1.9265574E-003
2.4593960E+001,2.2468155E-003
2.4595460E+001,2.5669463E-003
2.4596960E+001,2.8867894E-003
2.4598460E+001,3.2066324E-003
2.4599960E+001,3.5264754E-003
2.4601460E+001,3.7660396E-003
2.4602960E+001,4.0034043E-003
2.4604460E+001,4.2407691E-003
2.4605960E+001,4.3813663E-003
2.4607460E+001,4.4675316E-003
2.4608960E+001,4.5536970E-003
2.4610460E+001,4.5822844E-003
2.4611960E+001,4.4806953E-003
2.4613460E+001,4.3791062E-003
2.4614960E+001,4.2775171E-003
2.4616460E+001,3.9973010E-003
2.4617960E+001,3.7121908E-003
2.4619460E+001,3.4270807E-003
2.4620960E+001,3.0499850E-003
2.4622460E+001,2.6211473E-003
2.4623960E+001,2.1923097E-003
2.4625460E+001,1.7375299E-003
2.4626960E+001,1.2240983E-003
2.4628460E+001,7.1066674E-004
2.4629960E+001,1.9723515E-004
2.4631460E+001,-3.4064411E-004
2.4632960E+001,-8.7919319E-004
2.4634460E+001,-1.4177423E-003
2.4635960E+001,-1.9422690E-003
2.4637460E+001,-2.4589080E-003
2.4638960E+001,-2.9755471E-003
2.4640460E+001,-3.4754180E-003
2.4641960E+001,-3.9373779E-003
2.4643460E+001,-4.3993378E-003
2.4644960E+001,-4.8612977E-003
2.4646460E+001,-5.2449539E-003
2.4647960E+001,-5.6264647E-003
2.4649460E+001,-6.0079755E-003
2.4650960E+001,-6.3202858E-003
2.4652460E+001,-6.5936708E-003
2.4653960E+001,-6.8670558E-003
2.4655460E+001,-7.0975852E-003
2.4656960E+001,-7.2312235E-003
2.4658460E+001,-7.3648618E-003
2.4659960E+001,-7.4985001E-003
2.4661460E+001,-7.4701667E-003
2.4662960E+001,-7.4373955E-003
2.4664460E+001,-7.4046243E-003
2.4665960E+001,-7.2618825E-003
2.4667460E+001,-7.0572821E-003
2.4668960E+001,-6.8526817E-003
2.4670460E+001,-6.6045948E-003
2.4671960E+001,-6.2581903E-003
2.4673460E+001,-5.9117858E-003
2.4674960E+001,-5.5653813E-003
2.4676460E+001,-5.1469714E-003
2.4677960E+001,-4.7265886E-003
2.4679460E+001,-4.3062059E-003
2.4680960E+001,-3.8972116E-003
2.4682460E+001,-3.4946232E-003
2.4683960E+001,-3.0920349E-003
2.4685460E+001,-2.7222782E-003
2.4686960E+001,-2.4267498E-003
2.4688460E+001,-2.1312213E-003
2.4689960E+001,-1.8356929E-003
2.4691460E+001,-1.7007745E-003
2.4692960E+001,-1.5702564E-003
2.4694460E+001,-1.4397384E-003
2.4695960E+001,-1.4198751E-003
2.4697460E+001,-1.4622553E-003
2.4698960E+001,-1.5046355E-003
2.4700460E+001,-1.5870607E-003
2.4701960E+001,-1.7600228E-003
2.4703460E+001,-1.9329848E-003
2.4704960E+001,-2.1059469E-003
2.4706460E+001,-2.3338660E-003
2.4707960E+001,-2.5632908E-003
2.4709460E+001,-2.7927156E-003
2.4710960E+001,-3.0084383E-003
2.4712460E+001,-3.2164537E-003
2.4713960E+001,-3.4244691E-003
2.4715460E+001,-3.6085347E-003
2.4716960E+001,-3.7384530E-003
2.4718460E+001,-3.8683713E-003
2.4719960E+001,-3.9982896E-003
2.4721460E+001,-4.0294573E-003
2.4722960E+001,-4.0579194E-003
2.4724460E+001,-4.0863815E-003
2.4725960E+001,-4.0545112E-003
2.4727460E+001,-3.9887038E-003
2.4728960E+001,-3.9228964E-003
2.4730460E+001,-3.8359381E-003
2.4731960E+001,-3.7011603E-003
2.4733460E+001,-3.5663825E-003
2.4734960E+001,-3.4316046E-003
2.4736460E+001,-3.2589876E-003
2.4737960E+001,-3.0853338E-003
2.4739460E+001,-2.9116800E-003
2.4740960E+001,-2.7307944E-003
2.4742460E+001,-2.5458409E-003
2.4743960E+001,-2.3608873E-003
2.4745460E+001,-2.1800912E-003
2.4746960E+001,-2.0086942E-003
2.4748460E+001,-1.8372973E-003
2.4749960E+001,-1.6659004E-003
2.4751460E+001,-1.5315737E-003
2.4752960E+001,-1.3982627E-003
2.4754460E+001,-1.2649516E-003
2.4755960E+001,-1.1709467E-003
2.4757460E+001,-1.0990515E-003
2.4758960E+001,-1.0271564E-003
2.4760460E+001,-9.7894587E-004
2.4761960E+001,-9.8428346E-004
2.4763460E+001,-9.8962104E-004
2.4764960E+001,-9.9495863E-004
2.4766460E+001,-1.0752107E-003
2.4767960E+001,-1.1575152E-003
2.4769460E+001,-1.2398197E-003
2.4770960E+001,-1.3578097E-003
2.4772460E+001,-1.4958728E-003
2.4773960E+001,-1.6339360E-003
2.4775460E+001,-1.7772004E-003
2.4776960E+001,-1.9322244E-003
2.4778460E+001,-2.0872484E-003
2.4779960E+001,-2.2422723E-003
2.4781460E+001,-2.3703158E-003
2.4782960E+001,-2.4976201E-003
2.4784460E+001,-2.6249243E-003
2.4785960E+001,-2.7120672E-003
2.4787460E+001,-2.7766193E-003
2.4788960E+001,-2.8411714E-003
2.4790460E+001,-2.8824731E-003
2.4791960E+001,-2.8712083E-003
2.4793460E+001,-2.8599436E-003
2.4794960E+001,-2.8486788E-003
2.4796460E+001,-2.7754893E-003
2.4797960E+001,-2.7006031E-003
2.4799460E+001,-2.6257170E-003
2.4800960E+001,-2.5296094E-003
2.4802460E+001,-2.4215648E-003
2.4803960E+001,-2.3135202E-003
2.4805460E+001,-2.2061676E-003
2.4806960E+001,-2.1003794E-003
2.4808460E+001,-1.9945913E-003
2.4809960E+001,-1.8888032E-003
2.4811460E+001,-1.8118178E-003
2.4812960E+001,-1.7356215E-003
2.4814460E+001,-1.6594252E-003
2.4815960E+001,-1.6097532E-003
2.4817460E+001,-1.5750012E-003
2.4818960E+001,-1.5402492E-003
2.4820460E+001,-1.5170172E-003
2.4821960E+001,-1.5198306E-003
2.4823460E+001,-1.5226439E-003
2.4824960E+001,-1.5254572E-003
2.4826460E+001,-1.5503126E-003
2.4827960E+001,-1.5757719E-003
2.4829460E+001,-1.6012311E-003
2.4830960E+001,-1.6283151E-003
2.4832460E+001,-1.6563129E-003
2.4833960E+001,-1.6843107E-003
2.4835460E+001,-1.7066745E-003
2.4836960E+001,-1.7163004E-003
2.4838460E+001,-1.7259264E-003
2.4839960E+001,-1.7355523E-003
2.4841460E+001,-1.7089760E-003
2.4842960E+001,-1.6814078E-003
2.4844460E+001,-1.6538397E-003
2.4845960E+001,-1.5937060E-003
2.4847460E+001,-1.5152542E-003
2.4848960E+001,-1.4368024E-003
2.4850460E+001,-1.3413576E-003
2.4851960E+001,-1.2074940E-003
2.4853460E+001,-1.0736303E-003
2.4854960E+001,-9.3976661E-004
2.4856460E+001,-7.5985492E-004
2.4857960E+001,-5.7868163E-004
2.4859460E+001,-3.9750833E-004
2.4860960E+001,-1.9938049E-004
2.4862460E+001,8.2843004E-006
2.4863960E+001,2.1594909E-004
2.4865460E+001,4.2293698E-004
2.4866960E+001,6.2839446E-004
2.4868460E+001,8.3385194E-004
2.4869960E+001,1.0393094E-003
2.4871460E+001,1.2154033E-003
2.4872960E+001,1.3906927E-003
2.4874460E+001,1.5659820E-003
2.4875960E+001,1.7105241E-003
2.4877460E+001,1.8377708E-003
2.4878960E+001,1.9650175E-003
2.4880460E+001,2.0771922E-003
2.4881960E+001,2.1552913E-003
2.4883460E+001,2.2333904E-003
2.4884960E+001,2.3114894E-003
2.4886460E+001,2.3583654E-003
2.4887960E+001,2.4043860E-003
2.4889460E+001,2.4504066E-003
2.4890960E+001,2.4953270E-003
2.4892460E+001,2.5396286E-003
2.4893960E+001,2.5839301E-003
2.4895460E+001,2.6380789E-003
2.4896960E+001,2.7144908E-003
2.4898460E+001,2.7909028E-003
2.4899960E+001,2.8673148E-003
2.4901460E+001,3.0003955E-003
2.4902960E+001,3.1350287E-003
2.4904460E+001,3.2696620E-003
2.4905960E+001,3.4479610E-003
2.4907460E+001,3.6508220E-003
2.4908960E+001,3.8536831E-003
2.4910460E+001,4.0747313E-003
2.4911960E+001,4.3368983E-003
2.4913460E+001,4.5990653E-003
2.4914960E+001,4.8612323E-003
2.4916460E+001,5.1571248E-003
2.4917960E+001,5.4539412E-003
2.4919460E+001,5.7507576E-003
2.4920960E+001,6.0488386E-003
2.4922460E+001,6.3476308E-003
2.4923960E+001,6.6464230E-003
2.4925460E+001,6.9362661E-003
2.4926960E+001,7.2058762E-003
2.4928460E+001,7.4754863E-003
2.4929960E+001,7.7450965E-003
2.4931460E+001,7.9654342E-003
2.4932960E+001,8.1844219E-003
2.4934460E+001,8.4034097E-003
2.4935960E+001,8.5852326E-003
2.4937460E+001,8.7461502E-003
2.4938960E+001,8.9070679E-003
2.4940460E+001,9.0519366E-003
2.4941960E+001,9.1605207E-003
2.4943460E+001,9.2691048E-003
2.4944960E+001,9.3776890E-003
2.4946460E+001,9.4485839E-003
2.4947960E+001,9.5184463E-003
2.4949460E+001,9.5883086E-003
2.4950960E+001,9.6422043E-003
2.4952460E+001,9.6871187E-003
2.4953960E+001,9.7320330E-003
2.4955460E+001,9.7714399E-003
2.4956960E+001,9.7983948E-003
2.4958460E+001,9.8253497E-003
2.4959960E+001,9.8523046E-003
2.4961460E+001,9.8591211E-003
2.4962960E+001,9.8653860E-003
2.4964460E+001,9.8716508E-003
2.4965960E+001,9.8584033E-003
2.4967460E+001,9.8341802E-003
2.4968960E+001,9.8099571E-003
2.4970460E+001,9.7732891E-003
2.4971960E+001,9.7084847E-003
2.4973460E+001,9.6436803E-003
2.4974960E+001,9.5788760E-003
2.4976460E+001,9.4713549E-003
2.4977960E+001,9.3626634E-003
2.4979460E+001,9.2539720E-003
2.4980960E+001,9.1218632E-003
2.4982460E+001,8.9765820E-003
2.4983960E+001,8.8313009E-003
2.4985460E+001,8.6801118E-003
2.4986960E+001,8.5155652E-003
2.4988460E+001,8.3510187E-003
2.4989960E+001,8.1864722E-003
2.4991460E+001,8.0263344E-003
2.4992960E+001,7.8663175E-003
2.4994460E+001,7.7063005E-003
2.4995960E+001,7.5658185E-003
2.4997460E+001,7.4363250E-003
2.4998960E+001,7.3068315E-003
2.5000460E+001,7.1941970E-003
2.5001960E+001,7.1196785E-003
2.5003460E+001,7.0451600E-003
2.5004960E+001,6.9706415E-003
2.5006460E+001,6.9683046E-003
2.5007960E+001,6.9679453E-003
2.5009460E+001,6.9675860E-003
2.5010960E+001,7.0203924E-003
2.5012460E+001,7.1031046E-003
2.5013960E+001,7.1858167E-003
2.5015460E+001,7.2917045E-003
2.5016960E+001,7.4499895E-003
2.5018460E+001,7.6082745E-003
2.5019960E+001,7.7665596E-003
2.5021460E+001,7.9710399E-003
2.5022960E+001,8.1767858E-003
2.5024460E+001,8.3825318E-003
2.5025960E+001,8.5889390E-003
2.5027460E+001,8.7957181E-003
2.5028960E+001,9.0024973E-003
2.5030460E+001,9.1930832E-003
2.5031960E+001,9.3470582E-003
2.5033460E+001,9.5010332E-003
2.5034960E+001,9.6550082E-003
2.5036460E+001,9.7136618E-003
2.5037960E+001,9.7697038E-003
2.5039460E+001,9.8257458E-003
2.5040960E+001,9.8044645E-003
2.5042460E+001,9.7396888E-003
2.5043960E+001,9.6749130E-003
2.5045460E+001,9.5739994E-003
2.5046960E+001,9.3913826E-003
2.5048460E+001,9.2087658E-003
2.5049960E+001,9.0261490E-003
2.5051460E+001,8.7489629E-003
2.5052960E+001,8.4691858E-003
2.5054460E+001,8.1894087E-003
2.5055960E+001,7.8625963E-003
2.5057460E+001,7.5093265E-003
2.5058960E+001,7.1560567E-003
2.5060460E+001,6.7847632E-003
2.5061960E+001,6.3727203E-003
2.5063460E+001,5.9606774E-003
2.5064960E+001,5.5486345E-003
2.5066460E+001,5.0834799E-003
2.5067960E+001,4.6168701E-003
2.5069460E+001,4.1502604E-003
2.5070960E+001,3.6507320E-003
2.5072460E+001,3.1326870E-003
2.5073960E+001,2.6146420E-003
2.5075460E+001,2.0855727E-003
2.5076960E+001,1.5315790E-003
2.5078460E+001,9.7758524E-004
2.5079960E+001,4.2359152E-004
2.5081460E+001,-1.3091437E-004
2.5082960E+001,-6.8543431E-004
2.5084460E+001,-1.2399542E-003
2.5085960E+001,-1.7619913E-003
2.5087460E+001,-2.2657566E-003
2.5088960E+001,-2.7695219E-003
2.5090460E+001,-3.2414067E-003
2.5091960E+001,-3.6412133E-003
2.5093460E+001,-4.0410199E-003
2.5094960E+001,-4.4408265E-003
2.5096460E+001,-4.7017458E-003
2.5097960E+001,-4.9588598E-003
2.5099460E+001,-5.2159739E-003
2.5100960E+001,-5.3733095E-003
2.5102460E+001,-5.4745196E-003
2.5103960E+001,-5.5757297E-003
2.5105460E+001,-5.6334406E-003
2.5106960E+001,-5.5928051E-003
2.5108460E+001,-5.5521697E-003
2.5109960E+001,-5.5115342E-003
2.5111460E+001,-5.3666255E-003
2.5112960E+001,-5.2188600E-003
2.5114460E+001,-5.0710944E-003
2.5115960E+001,-4.8832657E-003
2.5117460E+001,-4.6729014E-003
2.5118960E+001,-4.4625371E-003
2.5120460E+001,-4.2463946E-003
2.5121960E+001,-4.0171882E-003
2.5123460E+001,-3.7879818E-003
2.5124960E+001,-3.5587755E-003
2.5126460E+001,-3.3456098E-003
2.5127960E+001,-3.1328835E-003
2.5129460E+001,-2.9201573E-003
2.5130960E+001,-2.7325645E-003
2.5132460E+001,-2.5591095E-003
2.5133960E+001,-2.3856544E-003
2.5135460E+001,-2.2271619E-003
2.5136960E+001,-2.1024978E-003
2.5138460E+001,-1.9778337E-003
2.5139960E+001,-1.8531696E-003
2.5141460E+001,-1.7747878E-003
2.5142960E+001,-1.6976739E-003
2.5144460E+001,-1.6205601E-003
2.5145960E+001,-1.5696357E-003
2.5147460E+001,-1.5334430E-003
2.5148960E+001,-1.4972502E-003
2.5150460E+001,-1.4719910E-003
2.5151960E+001,-1.4714514E-003
2.5153460E+001,-1.4709118E-003
2.5154960E+001,-1.4703722E-003
2.5156460E+001,-1.5062246E-003
2.5157960E+001,-1.5430741E-003
2.5159460E+001,-1.5799236E-003
2.5160960E+001,-1.6475745E-003
2.5162460E+001,-1.7325512E-003
2.5163960E+001,-1.8175279E-003
2.5165460E+001,-1.9222991E-003
2.5166960E+001,-2.0718227E-003
2.5168460E+001,-2.2213464E-003
2.5169960E+001,-2.3708701E-003
2.5171460E+001,-2.5962783E-003
2.5172960E+001,-2.8237655E-003
2.5174460E+001,-3.0512528E-003
2.5175960E+001,-3.3278772E-003
2.5177460E+001,-3.6321413E-003
2.5178960E+001,-3.9364055E-003
2.5180460E+001,-4.2564646E-003
2.5181960E+001,-4.6122341E-003
2.5183460E+001,-4.9680036E-003
2.5184960E+001,-5.3237731E-003
2.5186460E+001,-5.6799917E-003
2.5187960E+001,-6.0362225E-003
2.5189460E+001,-6.3924533E-003
2.5190960E+001,-6.7055908E-003
2.5192460E+001,-6.9944881E-003
2.5193960E+001,-7.2833855E-003
2.5195460E+001,-7.5311103E-003
2.5196960E+001,-7.6857493E-003
2.5198460E+001,-7.8403882E-003
2.5199960E+001,-7.9950271E-003
2.5201460E+001,-7.9740036E-003
2.5202960E+001,-7.9481672E-003
2.5204460E+001,-7.9223309E-003
2.5205960E+001,-7.7739643E-003
2.5207460E+001,-7.5566744E-003
2.5208960E+001,-7.3393844E-003
2.5210460E+001,-7.0720478E-003
2.5211960E+001,-6.6915619E-003
2.5213460E+001,-6.3110761E-003
2.5214960E+001,-5.9305903E-003
2.5216460E+001,-5.4498686E-003
2.5217960E+001,-4.9664007E-003
2.5219460E+001,-4.4829328E-003
2.5220960E+001,-3.9830649E-003
2.5222460E+001,-3.4739721E-003
2.5223960E+001,-2.9648792E-003
2.5225460E+001,-2.4718477E-003
2.5226960E+001,-2.0151290E-003
2.5228460E+001,-1.5584103E-003
2.5229960E+001,-1.1016916E-003
2.5231460E+001,-7.5914164E-004
2.5232960E+001,-4.1971965E-004
2.5234460E+001,-8.0297655E-005
2.5235960E+001,1.5707853E-004
2.5237460E+001,3.3705382E-004
2.5238960E+001,5.1702911E-004
2.5240460E+001,6.4415194E-004
2.5241960E+001,6.5178197E-004
2.5243460E+001,6.5941200E-004
2.5244960E+001,6.6704203E-004
2.5246460E+001,5.2620378E-004
2.5247960E+001,3.8129782E-004
2.5249460E+001,2.3639186E-004
2.5250960E+001,2.6652836E-005
2.5252460E+001,-2.1955487E-004
2.5253960E+001,-4.6576258E-004
2.5255460E+001,-7.2030000E-004
2.5256960E+001,-9.9366987E-004
2.5258460E+001,-1.2670397E-003
2.5259960E+001,-1.5404096E-003
2.5261460E+001,-1.7619189E-003
2.5262960E+001,-1.9820073E-003
2.5264460E+001,-2.2020957E-003
2.5265960E+001,-2.3465600E-003
2.5267460E+001,-2.4484858E-003
2.5268960E+001,-2.5504116E-003
2.5270460E+001,-2.6072273E-003
2.5271960E+001,-2.5620547E-003
2.5273460E+001,-2.5168820E-003
2.5274960E+001,-2.4717094E-003
2.5276460E+001,-2.3003733E-003
2.5277960E+001,-2.1255805E-003
2.5279460E+001,-1.9507877E-003
2.5280960E+001,-1.7305427E-003
2.5282460E+001,-1.4847308E-003
2.5283960E+001,-1.2389189E-003
2.5285460E+001,-9.9562602E-004
2.5286960E+001,-7.5802828E-004
2.5288460E+001,-5.2043055E-004
2.5289960E+001,-2.8283281E-004
2.5291460E+001,-1.2294858E-004
2.5292960E+001,3.4806474E-005
2.5294460E+001,1.9256153E-004
2.5295960E+001,2.7424643E-004
2.5297460E+001,3.1314178E-004
2.5298960E+001,3.5203713E-004
2.5300460E+001,3.5625886E-004
2.5301960E+001,2.8208787E-004
2.5303460E+001,2.0791688E-004
2.5304960E+001,1.3374589E-004
2.5306460E+001,-6.0736490E-006
2.5307960E+001,-1.4769182E-004
2.5309460E+001,-2.8930999E-004
2.5310960E+001,-4.3207050E-004
2.5312460E+001,-5.7547359E-004
2.5313960E+001,-7.1887667E-004
2.5315460E+001,-8.4460721E-004
2.5316960E+001,-9.3038231E-004
2.5318460E+001,-1.0161574E-003
2.5319960E+001,-1.1019325E-003
2.5321460E+001,-1.1012177E-003
2.5322960E+001,-1.0981332E-003
2.5324460E+001,-1.0950487E-003
2.5325960E+001,-1.0388853E-003
2.5327460E+001,-9.5286485E-004
2.5328960E+001,-8.6684442E-004
2.5330460E+001,-7.6662818E-004
2.5331960E+001,-6.3431698E-004
2.5333460E+001,-5.0200578E-004
2.5334960E+001,-3.6969458E-004
2.5336460E+001,-2.4080165E-004
2.5337960E+001,-1.1200237E-004
2.5339460E+001,1.6796902E-005
2.5340960E+001,1.1607731E-004
2.5342460E+001,1.9875331E-004
2.5343960E+001,2.8142931E-004
2.5345460E+001,3.4359086E-004
2.5346960E+001,3.5937180E-004
2.5348460E+001,3.7515274E-004
2.5349960E+001,3.9093369E-004
2.5351460E+001,3.4631977E-004
2.5352960E+001,3.0005116E-004
2.5354460E+001,2.5378255E-004
2.5355960E+001,1.8284232E-004
2.5357460E+001,9.8024255E-005
2.5358960E+001,1.3206194E-005
2.5360460E+001,-7.4401133E-005
2.5361960E+001,-1.6831465E-004
2.5363460E+001,-2.6222816E-004
2.5364960E+001,-3.5614167E-004
2.5366460E+001,-4.3573799E-004
2.5367960E+001,-5.1494205E-004
2.5369460E+001,-5.9414612E-004
2.5370960E+001,-6.5594048E-004
2.5372460E+001,-7.0794185E-004
2.5373960E+001,-7.5994323E-004
2.5375460E+001,-8.0288614E-004
2.5376960E+001,-8.2534896E-004
2.5378460E+001,-8.4781178E-004
2.5379960E+001,-8.7027460E-004
2.5381460E+001,-8.6627271E-004
2.5382960E+001,-8.6154574E-004
2.5384460E+001,-8.5681877E-004
2.5385960E+001,-8.3556445E-004
2.5387460E+001,-8.0501346E-004
2.5388960E+001,-7.7446248E-004
2.5390460E+001,-7.3551559E-004
2.5391960E+001,-6.7758658E-004
2.5393460E+001,-6.1965757E-004
2.5394960E+001,-5.6172856E-004
2.5396460E+001,-4.7624222E-004
2.5397960E+001,-3.9000086E-004
2.5399460E+001,-3.0375950E-004
2.5400960E+001,-2.0366813E-004
2.5402460E+001,-9.5786129E-005
2.5403960E+001,1.2095876E-005
2.5405460E+001,1.2064434E-004
2.5406960E+001,2.3069960E-004
2.5408460E+001,3.4075486E-004
2.5409960E+001,4.5081011E-004
2.5411460E+001,5.3327770E-004
2.5412960E+001,6.1498945E-004
2.5414460E+001,6.9670120E-004
2.5415960E+001,7.3998748E-004
2.5417460E+001,7.6165940E-004
2.5418960E+001,7.8333131E-004
2.5420460E+001,7.8078207E-004
2.5421960E+001,7.2347185E-004
2.5423460E+001,6.6616163E-004
2.5424960E+001,6.0885140E-004
2.5426460E+001,4.7921348E-004
2.5427960E+001,3.4759394E-004
2.5429460E+001,2.1597440E-004
2.5430960E+001,5.5926810E-005
2.5432460E+001,-1.2011158E-004
2.5433960E+001,-2.9614998E-004
2.5435460E+001,-4.7179371E-004
2.5436960E+001,-6.4654516E-004
2.5438460E+001,-8.2129662E-004
2.5439960E+001,-9.9604807E-004
2.5441460E+001,-1.1258527E-003
2.5442960E+001,-1.2544259E-003
2.5444460E+001,-1.3829991E-003
2.5445960E+001,-1.4644122E-003
2.5447460E+001,-1.5192978E-003
2.5448960E+001,-1.5741833E-003
2.5450460E+001,-1.6063179E-003
2.5451960E+001,-1.5870156E-003
2.5453460E+001,-1.5677133E-003
2.5454960E+001,-1.5484109E-003
2.5456460E+001,-1.4821396E-003
2.5457960E+001,-1.4145814E-003
2.5459460E+001,-1.3470232E-003
2.5460960E+001,-1.2758406E-003
2.5462460E+001,-1.2026194E-003
2.5463960E+001,-1.1293981E-003
2.5465460E+001,-1.0680156E-003
2.5466960E+001,-1.0333992E-003
2.5468460E+001,-9.9878279E-004
2.5469960E+001,-9.6416638E-004
2.5471460E+001,-9.9737058E-004
2.5472960E+001,-1.0324329E-003
2.5474460E+001,-1.0674952E-003
2.5475960E+001,-1.1524494E-003
2.5477460E+001,-1.2654678E-003
2.5478960E+001,-1.3784862E-003
2.5480460E+001,-1.5105792E-003
2.5481960E+001,-1.6857975E-003
2.5483460E+001,-1.8610157E-003
2.5484960E+001,-2.0362340E-003
2.5486460E+001,-2.2397251E-003
2.5487960E+001,-2.4439907E-003
2.5489460E+001,-2.6482564E-003
2.5490960E+001,-2.8456874E-003
2.5492460E+001,-3.0392739E-003
2.5493960E+001,-3.2328604E-003
2.5495460E+001,-3.4122025E-003
2.5496960E+001,-3.5593396E-003
2.5498460E+001,-3.7064767E-003
2.5499960E+001,-3.8536139E-003
2.5501460E+001,-3.9317835E-003
2.5502960E+001,-4.0080636E-003
2.5504460E+001,-4.0843437E-003
2.5505960E+001,-4.1093319E-003
2.5507460E+001,-4.1054684E-003
2.5508960E+001,-4.1016048E-003
2.5510460E+001,-4.0752368E-003
2.5511960E+001,-3.9979888E-003
2.5513460E+001,-3.9207408E-003
2.5514960E+001,-3.8434928E-003
2.5516460E+001,-3.7158714E-003
2.5517960E+001,-3.5868698E-003
2.5519460E+001,-3.4578683E-003
2.5520960E+001,-3.3168317E-003
2.5522460E+001,-3.1690253E-003
2.5523960E+001,-3.0212190E-003
2.5525460E+001,-2.8790858E-003
2.5526960E+001,-2.7497791E-003
2.5528460E+001,-2.6204724E-003
2.5529960E+001,-2.4911657E-003
2.5531460E+001,-2.4102882E-003
2.5532960E+001,-2.3307375E-003
2.5534460E+001,-2.2511868E-003
2.5535960E+001,-2.2125909E-003
2.5537460E+001,-2.1970322E-003
2.5538960E+001,-2.1814735E-003
2.5540460E+001,-2.1827885E-003
2.5541960E+001,-2.2222529E-003
2.5543460E+001,-2.2617173E-003
2.5544960E+001,-2.3011817E-003
2.5546460E+001,-2.3657633E-003
2.5547960E+001,-2.4310331E-003
2.5549460E+001,-2.4963029E-003
2.5550960E+001,-2.5539193E-003
2.5552460E+001,-2.6072305E-003
2.5553960E+001,-2.6605418E-003
2.5555460E+001,-2.7005706E-003
2.5556960E+001,-2.7105693E-003
2.5558460E+001,-2.7205680E-003
2.5559960E+001,-2.7305667E-003
2.5561460E+001,-2.6849167E-003
2.5562960E+001,-2.6377420E-003
2.5564460E+001,-2.5905674E-003
2.5565960E+001,-2.5108643E-003
2.5567460E+001,-2.4128638E-003
2.5568960E+001,-2.3148634E-003
2.5570460E+001,-2.2077293E-003
2.5571960E+001,-2.0799451E-003
2.5573460E+001,-1.9521609E-003
2.5574960E+001,-1.8243766E-003
2.5576460E+001,-1.6927855E-003
2.5577960E+001,-1.5610901E-003
2.5579460E+001,-1.4293946E-003
2.5580960E+001,-1.3089681E-003
2.5582460E+001,-1.1948803E-003
2.5583960E+001,-1.0807925E-003
2.5585460E+001,-9.7582558E-004
2.5586960E+001,-8.9147971E-004
2.5588460E+001,-8.0713384E-004
2.5589960E+001,-7.2278797E-004
2.5591460E+001,-6.6971184E-004
2.5592960E+001,-6.1749243E-004
2.5594460E+001,-5.6527302E-004
2.5595960E+001,-5.3050096E-004
2.5597460E+001,-5.0554308E-004
2.5598960E+001,-4.8058519E-004
2.5600460E+001,-4.6124841E-004
2.5601960E+001,-4.5462028E-004
2.5603460E+001,-4.4799214E-004
2.5604960E+001,-4.4136400E-004
2.5606460E+001,-4.4254225E-004
2.5607960E+001,-4.4393437E-004
2.5609460E+001,-4.4532649E-004
2.5610960E+001,-4.4561468E-004
2.5612460E+001,-4.4528189E-004
2.5613960E+001,-4.4494910E-004
2.5615460E+001,-4.4163903E-004
2.5616960E+001,-4.3159769E-004
2.5618460E+001,-4.2155635E-004
2.5619960E+001,-4.1151500E-004
2.5621460E+001,-3.8652713E-004
2.5622960E+001,-3.6112974E-004
2.5624460E+001,-3.3573236E-004
2.5625960E+001,-2.9861048E-004
2.5627460E+001,-2.5489356E-004
2.5628960E+001,-2.1117663E-004
2.5630460E+001,-1.6189278E-004
2.5631960E+001,-1.0002278E-004
2.5633460E+001,-3.8152775E-005
2.5634960E+001,2.3717226E-005
2.5636460E+001,9.9844224E-005
2.5637960E+001,1.7636183E-004
2.5639460E+001,2.5287944E-004
2.5640960E+001,3.3498018E-004
2.5642460E+001,4.2022143E-004
2.5643960E+001,5.0546269E-004
2.5645460E+001,5.9161555E-004
2.5646960E+001,6.7982945E-004
2.5648460E+001,7.6804334E-004
2.5649960E+001,8.5625723E-004
2.5651460E+001,9.4544829E-004
2.5652960E+001,1.0346661E-003
2.5654460E+001,1.1238839E-003
2.5655960E+001,1.2166657E-003
2.5657460E+001,1.3114521E-003
2.5658960E+001,1.4062385E-003
2.5660460E+001,1.5060435E-003
2.5661960E+001,1.6171949E-003
2.5663460E+001,1.7283463E-003
2.5664960E+001,1.8394977E-003
2.5666460E+001,1.9789142E-003
2.5667960E+001,2.1191051E-003
2.5669460E+001,2.2592960E-003
2.5670960E+001,2.4229070E-003
2.5672460E+001,2.5996917E-003
2.5673960E+001,2.7764765E-003
2.5675460E+001,2.9633275E-003
2.5676960E+001,3.1729371E-003
2.5678460E+001,3.3825466E-003
2.5679960E+001,3.5921562E-003
2.5681460E+001,3.8169631E-003
2.5682960E+001,4.0421863E-003
2.5684460E+001,4.2674095E-003
2.5685960E+001,4.4848252E-003
2.5687460E+001,4.6978490E-003
2.5688960E+001,4.9108729E-003
2.5690460E+001,5.1101912E-003
2.5691960E+001,5.2785228E-003
2.5693460E+001,5.4468544E-003
2.5694960E+001,5.6151861E-003
2.5696460E+001,5.7097155E-003
2.5697960E+001,5.8022230E-003
2.5699460E+001,5.8947305E-003
2.5700960E+001,5.9222943E-003
2.5702460E+001,5.9133272E-003
2.5703960E+001,5.9043602E-003
2.5705460E+001,5.8587496E-003
2.5706960E+001,5.7302925E-003
2.5708460E+001,5.6018354E-003
2.5709960E+001,5.4733783E-003
2.5711460E+001,5.2204325E-003
2.5712960E+001,4.9640760E-003
2.5714460E+001,4.7077195E-003
2.5715960E+001,4.3727966E-003
2.5717460E+001,3.9936800E-003
2.5718960E+001,3.6145634E-003
2.5720460E+001,3.2053732E-003
2.5721960E+001,2.7281904E-003
2.5723460E+001,2.2510076E-003
2.5724960E+001,1.7738248E-003
2.5726460E+001,1.2486978E-003
2.5727960E+001,7.2225713E-004
2.5729460E+001,1.9581650E-004
2.5730960E+001,-3.1700788E-004
2.5732460E+001,-8.2217311E-004
2.5733960E+001,-1.3273383E-003
2.5735460E+001,-1.8015141E-003
2.5736960E+001,-2.2056264E-003
2.5738460E+001,-2.6097387E-003
2.5739960E+001,-3.0138511E-003
2.5741460E+001,-3.2523173E-003
2.5742960E+001,-3.4862453E-003
2.5744460E+001,-3.7201732E-003
2.5745960E+001,-3.8202677E-003
2.5747460E+001,-3.8450808E-003
2.5748960E+001,-3.8698938E-003
2.5750460E+001,-3.8312278E-003
2.5751960E+001,-3.6490438E-003
2.5753460E+001,-3.4668598E-003
2.5754960E+001,-3.2846758E-003
2.5756460E+001,-2.9408447E-003
2.5757960E+001,-2.5925848E-003
2.5759460E+001,-2.2443249E-003
2.5760960E+001,-1.8319672E-003
2.5762460E+001,-1.3835543E-003
2.5763960E+001,-9.3514134E-004
2.5765460E+001,-4.7803742E-004
2.5766960E+001,-1.2841955E-006
2.5768460E+001,4.7546902E-004
2.5769960E+001,9.5222224E-004
2.5771460E+001,1.3972638E-003
2.5772960E+001,1.8414365E-003
2.5774460E+001,2.2856093E-003
2.5775960E+001,2.6828031E-003
2.5777460E+001,3.0535712E-003
2.5778960E+001,3.4243393E-003
2.5780460E+001,3.7665441E-003
2.5781960E+001,4.0441708E-003
2.5783460E+001,4.3217975E-003
2.5784960E+001,4.5994242E-003
2.5786460E+001,4.7837560E-003
2.5787960E+001,4.9655318E-003
2.5789460E+001,5.1473076E-003
2.5790960E+001,5.2735833E-003
2.5792460E+001,5.3686402E-003
2.5793960E+001,5.4636970E-003
2.5795460E+001,5.5372805E-003
2.5796960E+001,5.5623156E-003
2.5798460E+001,5.5873506E-003
2.5799960E+001,5.6123857E-003
2.5801460E+001,5.5893791E-003
2.5802960E+001,5.5650563E-003
2.5804460E+001,5.5407335E-003
2.5805960E+001,5.4980376E-003
2.5807460E+001,5.4450067E-003
2.5808960E+001,5.3919758E-003
2.5810460E+001,5.3350611E-003
2.5811960E+001,5.2693657E-003
2.5813460E+001,5.2036703E-003
2.5814960E+001,5.1379748E-003
2.5816460E+001,5.0673231E-003
2.5817960E+001,4.9965356E-003
2.5819460E+001,4.9257481E-003
2.5820960E+001,4.8505897E-003
2.5822460E+001,4.7729725E-003
2.5823960E+001,4.6953553E-003
2.5825460E+001,4.6133727E-003
2.5826960E+001,4.5215203E-003
2.5828460E+001,4.4296679E-003
2.5829960E+001,4.3378154E-003
2.5831460E+001,4.2261349E-003
2.5832960E+001,4.1139111E-003
2.5834460E+001,4.0016872E-003
2.5835960E+001,3.8774250E-003
2.5837460E+001,3.7463911E-003
2.5838960E+001,3.6153572E-003
2.5840460E+001,3.4819614E-003
2.5841960E+001,3.3432257E-003
2.5843460E+001,3.2044899E-003
2.5844960E+001,3.0657542E-003
2.5846460E+001,2.9355290E-003
2.5847960E+001,2.8055369E-003
2.5849460E+001,2.6755448E-003
2.5850960E+001,2.5598550E-003
2.5852460E+001,2.4522103E-003
2.5853960E+001,2.3445655E-003
2.5855460E+001,2.2446642E-003
2.5856960E+001,2.1622697E-003
2.5858460E+001,2.0798752E-003
2.5859960E+001,1.9974806E-003
2.5861460E+001,1.9287229E-003
2.5862960E+001,1.8603388E-003
2.5864460E+001,1.7919546E-003
2.5865960E+001,1.7180961E-003
2.5867460E+001,1.6411581E-003
2.5868960E+001,1.5642202E-003
2.5870460E+001,1.4766245E-003
2.5871960E+001,1.3649330E-003
2.5873460E+001,1.2532415E-003
2.5874960E+001,1.1415500E-003
2.5876460E+001,9.7545367E-004
2.5877960E+001,8.0786676E-004
2.5879460E+001,6.4027985E-004
2.5880960E+001,4.3036907E-004
2.5882460E+001,1.9665107E-004
2.5883960E+001,-3.7066940E-005
2.5885460E+001,-2.9034168E-004
2.5886960E+001,-5.8783178E-004
2.5888460E+001,-8.8532187E-004
2.5889960E+001,-1.1828120E-003
2.5891460E+001,-1.5287915E-003
2.5892960E+001,-1.8760995E-003
2.5894460E+001,-2.2234075E-003
2.5895960E+001,-2.5872486E-003
2.5897460E+001,-2.9603896E-003
2.5898960E+001,-3.3335306E-003
2.5900460E+001,-3.7046256E-003
2.5901960E+001,-4.0710949E-003
2.5903460E+001,-4.4375643E-003
2.5904960E+001,-4.8040336E-003
2.5906460E+001,-5.1265370E-003
2.5907960E+001,-5.4478358E-003
2.5909460E+001,-5.7691346E-003
2.5910960E+001,-6.0362007E-003
2.5912460E+001,-6.2727609E-003
2.5913960E+001,-6.5093211E-003
2.5915460E+001,-6.7097864E-003
2.5916960E+001,-6.8286457E-003
2.5918460E+001,-6.9475050E-003
2.5919960E+001,-7.0663644E-003
2.5921460E+001,-7.0538750E-003
2.5922960E+001,-7.0377871E-003
2.5924460E+001,-7.0216991E-003
2.5925960E+001,-6.9231875E-003
2.5927460E+001,-6.7783125E-003
2.5928960E+001,-6.6334375E-003
2.5930460E+001,-6.4590249E-003
2.5931960E+001,-6.2178316E-003
2.5933460E+001,-5.9766383E-003
2.5934960E+001,-5.7354451E-003
2.5936460E+001,-5.4537145E-003
2.5937960E+001,-5.1708733E-003
2.5939460E+001,-4.8880321E-003
2.5940960E+001,-4.6206769E-003
2.5942460E+001,-4.3620326E-003
2.5943960E+001,-4.1033883E-003
2.5945460E+001,-3.8709889E-003
2.5946960E+001,-3.6979259E-003
2.5948460E+001,-3.5248630E-003
2.5949960E+001,-3.3518000E-003
2.5951460E+001,-3.3015017E-003
2.5952960E+001,-3.2545669E-003
2.5954460E+001,-3.2076321E-003
2.5955960E+001,-3.2462196E-003
2.5957460E+001,-3.3329135E-003
2.5958960E+001,-3.4196074E-003
2.5960460E+001,-3.5385060E-003
2.5961960E+001,-3.7302154E-003
2.5963460E+001,-3.9219248E-003
2.5964960E+001,-4.1136341E-003
2.5966460E+001,-4.3531683E-003
2.5967960E+001,-4.5940127E-003
2.5969460E+001,-4.8348571E-003
2.5970960E+001,-5.0660473E-003
2.5972460E+001,-5.2918071E-003
2.5973960E+001,-5.5175668E-003
2.5975460E+001,-5.7233048E-003
2.5976960E+001,-5.8837761E-003
2.5978460E+001,-6.0442474E-003
2.5979960E+001,-6.2047187E-003
2.5981460E+001,-6.2829614E-003
2.5982960E+001,-6.3589512E-003
2.5984460E+001,-6.4349410E-003
2.5985960E+001,-6.4674181E-003
2.5987460E+001,-6.4754192E-003
2.5988960E+001,-6.4834204E-003
2.5990460E+001,-6.4836063E-003
2.5991960E+001,-6.4661229E-003
2.5993460E+001,-6.4486396E-003
2.5994960E+001,-6.4311562E-003
2.5996460E+001,-6.4360227E-003
2.5997960E+001,-6.4415016E-003
2.5999460E+001,-6.4469804E-003
2.6000960E+001,-6.4878739E-003
2.6002460E+001,-6.5486881E-003
2.6003960E+001,-6.6095023E-003
2.6005460E+001,-6.6877456E-003
2.6006960E+001,-6.8053936E-003
2.6008460E+001,-6.9230416E-003
2.6009960E+001,-7.0406896E-003
2.6011460E+001,-7.1830920E-003
2.6012960E+001,-7.3261726E-003
2.6014460E+001,-7.4692533E-003
2.6015960E+001,-7.5942086E-003
2.6017460E+001,-7.7089685E-003
2.6018960E+001,-7.8237283E-003
2.6020460E+001,-7.9120589E-003
2.6021960E+001,-7.9406360E-003
2.6023460E+001,-7.9692132E-003
2.6024960E+001,-7.9977904E-003
2.6026460E+001,-7.9008701E-003
2.6027960E+001,-7.8005114E-003
2.6029460E+001,-7.7001527E-003
2.6030960E+001,-7.5085586E-003
2.6032460E+001,-7.2656445E-003
2.6033960E+001,-7.0227304E-003
2.6035460E+001,-6.7423099E-003
2.6036960E+001,-6.3770921E-003
2.6038460E+001,-6.0118743E-003
2.6039960E+001,-5.6466564E-003
2.6041460E+001,-5.2097630E-003
2.6042960E+001,-4.7709059E-003
2.6044460E+001,-4.3320487E-003
2.6045960E+001,-3.8870398E-003
2.6047460E+001,-3.4385706E-003
2.6048960E+001,-2.9901014E-003
2.6050460E+001,-2.5581928E-003
2.6051960E+001,-2.1637258E-003
2.6053460E+001,-1.7692588E-003
2.6054960E+001,-1.3747917E-003
2.6056460E+001,-1.0811023E-003
2.6057960E+001,-7.9017388E-004
2.6059460E+001,-4.9924550E-004
2.6060960E+001,-2.9185400E-004
2.6062460E+001,-1.3145213E-004
2.6063960E+001,2.8949753E-005
2.6065460E+001,1.4871174E-004
2.6066960E+001,1.7659201E-004
2.6068460E+001,2.0447228E-004
2.6069960E+001,2.3235255E-004
2.6071460E+001,1.5122677E-004
2.6072960E+001,6.7114455E-005
2.6074460E+001,-1.6997858E-005
2.6075960E+001,-1.4857085E-004
2.6077460E+001,-3.0684054E-004
2.6078960E+001,-4.6511023E-004
2.6080460E+001,-6.3112947E-004
2.6081960E+001,-8.1466948E-004
2.6083460E+001,-9.9820949E-004
2.6084960E+001,-1.1817495E-003
2.6086460E+001,-1.3385091E-003
2.6087960E+001,-1.4945349E-003
2.6089460E+001,-1.6505608E-003
2.6090960E+001,-1.7583469E-003
2.6092460E+001,-1.8389980E-003
2.6093960E+001,-1.9196491E-003
2.6095460E+001,-1.9671029E-003
2.6096960E+001,-1.9395015E-003
2.6098460E+001,-1.9119001E-003
2.6099960E+001,-1.8842987E-003
2.6101460E+001,-1.7421414E-003
2.6102960E+001,-1.5968457E-003
2.6104460E+001,-1.4515499E-003
2.6105960E+001,-1.2416722E-003
2.6107460E+001,-9.9546717E-004
2.6108960E+001,-7.4926213E-004
2.6110460E+001,-4.8361824E-004
2.6111960E+001,-1.7402555E-004
2.6113460E+001,1.3556714E-004
2.6114960E+001,4.4515983E-004
2.6116460E+001,7.7226003E-004
2.6117960E+001,1.0998399E-003
2.6119460E+001,1.4274198E-003
2.6120960E+001,1.7423147E-003
2.6122460E+001,2.0500744E-003
2.6123960E+001,2.3578340E-003
2.6125460E+001,2.6537349E-003
2.6126960E+001,2.9228246E-003
2.6128460E+001,3.1919142E-003
2.6129960E+001,3.4610039E-003
2.6131460E+001,3.6946686E-003
2.6132960E+001,3.9273627E-003
2.6134460E+001,4.1600568E-003
2.6135960E+001,4.3798143E-003
2.6137460E+001,4.5922949E-003
2.6138960E+001,4.8047755E-003
2.6140460E+001,5.0166834E-003
2.6141960E+001,5.2272966E-003
2.6143460E+001,5.4379098E-003
2.6144960E+001,5.6485229E-003
2.6146460E+001,5.8676592E-003
2.6147960E+001,6.0870290E-003
2.6149460E+001,6.3063988E-003
2.6150960E+001,6.5305124E-003
2.6152460E+001,6.7572946E-003
2.6153960E+001,6.9840767E-003
2.6155460E+001,7.2094277E-003
2.6156960E+001,7.4315432E-003
2.6158460E+001,7.6536588E-003
2.6159960E+001,7.8757743E-003
2.6161460E+001,8.0753149E-003
2.6162960E+001,8.2742371E-003
2.6164460E+001,8.4731592E-003
2.6165960E+001,8.6444059E-003
2.6167460E+001,8.8000852E-003
2.6168960E+001,8.9557644E-003
2.6170460E+001,9.0928664E-003
2.6171960E+001,9.1879675E-003
2.6173460E+001,9.2830687E-003
2.6174960E+001,9.3781698E-003
2.6176460E+001,9.4032625E-003
2.6177960E+001,9.4264371E-003
2.6179460E+001,9.4496117E-003
2.6180960E+001,9.4249520E-003
2.6182460E+001,9.3733854E-003
2.6183960E+001,9.3218188E-003
2.6185460E+001,9.2496492E-003
2.6186960E+001,9.1308988E-003
2.6188460E+001,9.0121484E-003
2.6189960E+001,8.8933980E-003
2.6191460E+001,8.7271474E-003
2.6192960E+001,8.5595954E-003
2.6194460E+001,8.3920434E-003
2.6195960E+001,8.2107190E-003
2.6197460E+001,8.0216476E-003
2.6198960E+001,7.8325761E-003
2.6200460E+001,7.6465654E-003
2.6201960E+001,7.4674747E-003
2.6203460E+001,7.2883840E-003
2.6204960E+001,7.1092933E-003
2.6206460E+001,6.9680963E-003
2.6207960E+001,6.8279375E-003
2.6209460E+001,6.6877787E-003
2.6210960E+001,6.5846817E-003
2.6212460E+001,6.5024319E-003
2.6213960E+001,6.4201822E-003
2.6215460E+001,6.3565621E-003
2.6216960E+001,6.3350613E-003
2.6218460E+001,6.3135606E-003
2.6219960E+001,6.2920599E-003
2.6221460E+001,6.3143227E-003
2.6222960E+001,6.3377846E-003
2.6224460E+001,6.3612465E-003
2.6225960E+001,6.3936319E-003
2.6227460E+001,6.4310369E-003
2.6228960E+001,6.4684418E-003
2.6230460E+001,6.4988784E-003
2.6231960E+001,6.5135603E-003
2.6233460E+001,6.5282423E-003
2.6234960E+001,6.5429243E-003
2.6236460E+001,6.5069301E-003
2.6237960E+001,6.4695474E-003
2.6239460E+001,6.4321648E-003
2.6240960E+001,6.3545675E-003
2.6242460E+001,6.2543494E-003
2.6243960E+001,6.1541314E-003
2.6245460E+001,6.0384540E-003
2.6246960E+001,5.8878249E-003
2.6248460E+001,5.7371958E-003
2.6249960E+001,5.5865667E-003
2.6251460E+001,5.4174007E-003
2.6252960E+001,5.2477268E-003
2.6254460E+001,5.0780530E-003
2.6255960E+001,4.9209527E-003
2.6257460E+001,4.7709250E-003
2.6258960E+001,4.6208973E-003
2.6260460E+001,4.4866590E-003
2.6261960E+001,4.3881188E-003
2.6263460E+001,4.2895785E-003
2.6264960E+001,4.1910383E-003
2.6266460E+001,4.1565387E-003
2.6267960E+001,4.1237936E-003
2.6269460E+001,4.0910485E-003
2.6270960E+001,4.0964771E-003
2.6272460E+001,4.1233784E-003
2.6273960E+001,4.1502796E-003
2.6275460E+001,4.1888833E-003
2.6276960E+001,4.2539444E-003
2.6278460E+001,4.3190056E-003
2.6279960E+001,4.3840667E-003
2.6281460E+001,4.4598955E-003
2.6282960E+001,4.5360193E-003
2.6284460E+001,4.6121431E-003
2.6285960E+001,4.6805694E-003
2.6287460E+001,4.7446658E-003
2.6288960E+001,4.8087623E-003
2.6290460E+001,4.8651554E-003
2.6291960E+001,4.9041323E-003
2.6293460E+001,4.9431093E-003
2.6294960E+001,4.9820862E-003
2.6296460E+001,4.9946341E-003
2.6297960E+001,5.0064579E-003
2.6299460E+001,5.0182816E-003
2.6300960E+001,5.0164564E-003
2.6302460E+001,5.0069535E-003
2.6303960E+001,4.9974506E-003
2.6305460E+001,4.9839171E-003
2.6306960E+001,4.9612710E-003
2.6308460E+001,4.9386250E-003
2.6309960E+001,4.9159789E-003
2.6311460E+001,4.8855278E-003
2.6312960E+001,4.8548629E-003
2.6314460E+001,4.8241980E-003
2.6315960E+001,4.7875857E-003
2.6317460E+001,4.7476280E-003
2.6318960E+001,4.7076702E-003
2.6320460E+001,4.6624574E-003
2.6321960E+001,4.6053633E-003
2.6323460E+001,4.5482693E-003
2.6324960E+001,4.4911752E-003
2.6326460E+001,4.4062945E-003
2.6327960E+001,4.3206526E-003
2.6329460E+001,4.2350106E-003
2.6330960E+001,4.1246238E-003
2.6332460E+001,4.0003180E-003
2.6333960E+001,3.8760122E-003
2.6335460E+001,3.7384119E-003
2.6336960E+001,3.5707545E-003
2.6338460E+001,3.4030970E-003
2.6339960E+001,3.2354396E-003
2.6341460E+001,3.0269996E-003
2.6342960E+001,2.8174423E-003
2.6344460E+001,2.6078850E-003
2.6345960E+001,2.3742179E-003
2.6347460E+001,2.1269891E-003
2.6348960E+001,1.8797602E-003
2.6350460E+001,1.6215960E-003
2.6351960E+001,1.3387083E-003
2.6353460E+001,1.0558207E-003
2.6354960E+001,7.7293309E-004
2.6356460E+001,4.5260621E-004
2.6357960E+001,1.3125357E-004
2.6359460E+001,-1.9009906E-004
2.6360960E+001,-5.3943290E-004
2.6362460E+001,-9.0450621E-004
2.6363960E+001,-1.2695795E-003
2.6365460E+001,-1.6483681E-003
2.6366960E+001,-2.0581651E-003
2.6368460E+001,-2.4679622E-003
2.6369960E+001,-2.8777593E-003
2.6371460E+001,-3.3203984E-003
2.6372960E+001,-3.7639373E-003
2.6374460E+001,-4.2074762E-003
2.6375960E+001,-4.6548995E-003
2.6377460E+001,-5.1045078E-003
2.6378960E+001,-5.5541161E-003
2.6380460E+001,-5.9923682E-003
2.6381960E+001,-6.4049458E-003
2.6383460E+001,-6.8175233E-003
2.6384960E+001,-7.2301008E-003
2.6386460E+001,-7.5572306E-003
2.6387960E+001,-7.8820193E-003
2.6389460E+001,-8.2068080E-003
2.6390960E+001,-8.4457463E-003
2.6392460E+001,-8.6363936E-003
2.6393960E+001,-8.8270409E-003
2.6395460E+001,-8.9674913E-003
2.6396960E+001,-8.9944528E-003
2.6398460E+001,-9.0214143E-003
2.6399960E+001,-9.0483758E-003
2.6401460E+001,-8.9123346E-003
2.6402960E+001,-8.7718274E-003
2.6404460E+001,-8.6313203E-003
2.6405960E+001,-8.3998196E-003
2.6407460E+001,-8.1171351E-003
2.6408960E+001,-7.8344505E-003
2.6410460E+001,-7.5239926E-003
2.6411960E+001,-7.1507425E-003
2.6413460E+001,-6.7774924E-003
2.6414960E+001,-6.4042423E-003
2.6416460E+001,-6.0109236E-003
2.6417960E+001,-5.6170551E-003
2.6419460E+001,-5.2231866E-003
2.6420960E+001,-4.8652223E-003
2.6422460E+001,-4.5274541E-003
2.6423960E+001,-4.1896860E-003
2.6425460E+001,-3.8906929E-003
2.6426960E+001,-3.6793655E-003
2.6428460E+001,-3.4680381E-003
2.6429960E+001,-3.2567106E-003
2.6431460E+001,-3.2180442E-003
2.6432960E+001,-3.1841083E-003
2.6434460E+001,-3.1501724E-003
2.6435960E+001,-3.2426661E-003
2.6437460E+001,-3.4062766E-003
2.6438960E+001,-3.5698871E-003
2.6440460E+001,-3.7884415E-003
2.6441960E+001,-4.1312172E-003
2.6443460E+001,-4.4739928E-003
2.6444960E+001,-4.8167685E-003
2.6446460E+001,-5.2775502E-003
2.6447960E+001,-5.7415651E-003
2.6449460E+001,-6.2055799E-003
2.6450960E+001,-6.6902053E-003
2.6452460E+001,-7.1864242E-003
2.6453960E+001,-7.6826431E-003
2.6455460E+001,-8.1573728E-003
2.6456960E+001,-8.5835181E-003
2.6458460E+001,-9.0096634E-003
2.6459960E+001,-9.4358087E-003
2.6461460E+001,-9.7039911E-003
2.6462960E+001,-9.9678457E-003
2.6464460E+001,-1.0231700E-002
2.6465960E+001,-1.0353060E-002
2.6467460E+001,-1.0394267E-002
2.6468960E+001,-1.0435473E-002
2.6470460E+001,-1.0403684E-002
2.6471960E+001,-1.0206863E-002
2.6473460E+001,-1.0010041E-002
2.6474960E+001,-9.8132197E-003
2.6476460E+001,-9.4136714E-003
2.6477960E+001,-9.0085688E-003
2.6479460E+001,-8.6034662E-003
2.6480960E+001,-8.1053161E-003
2.6482460E+001,-7.5548268E-003
2.6483960E+001,-7.0043374E-003
2.6485460E+001,-6.4331183E-003
2.6486960E+001,-5.8150319E-003
2.6488460E+001,-5.1969455E-003
2.6489960E+001,-4.5788591E-003
2.6491460E+001,-3.9688603E-003
2.6492960E+001,-3.3590830E-003
2.6494460E+001,-2.7493057E-003
2.6495960E+001,-2.1857518E-003
2.6497460E+001,-1.6481988E-003
2.6498960E+001,-1.1106457E-003
2.6500460E+001,-6.1018433E-004
2.6501960E+001,-1.9358252E-004
2.6503460E+001,2.2301928E-004
2.6504960E+001,6.3962109E-004
2.6506460E+001,9.0557364E-004
2.6507960E+001,1.1673987E-003
2.6509460E+001,1.4292238E-003
2.6510960E+001,1.5798567E-003
2.6512460E+001,1.6679439E-003
2.6513960E+001,1.7560310E-003
2.6515460E+001,1.7901164E-003
2.6516960E+001,1.7021106E-003
2.6518460E+001,1.6141048E-003
2.6519960E+001,1.5260991E-003
2.6521460E+001,1.2829557E-003
2.6522960E+001,1.0355619E-003
2.6524460E+001,7.8816807E-004
2.6525960E+001,4.6207546E-004
2.6527460E+001,9.1714679E-005
2.6528960E+001,-2.7864611E-004
2.6530460E+001,-6.7051541E-004
2.6531960E+001,-1.1110128E-003
2.6533460E+001,-1.5515102E-003
2.6534960E+001,-1.9920076E-003
2.6536460E+001,-2.4407357E-003
2.6537960E+001,-2.8896893E-003
2.6539460E+001,-3.3386429E-003
2.6540960E+001,-3.7542139E-003
2.6542460E+001,-4.1510071E-003
2.6543960E+001,-4.5478004E-003
2.6545460E+001,-4.9132169E-003
2.6546960E+001,-5.2076944E-003
2.6548460E+001,-5.5021719E-003
2.6549960E+001,-5.7966494E-003
2.6551460E+001,-5.9594106E-003
2.6552960E+001,-6.1185630E-003
2.6554460E+001,-6.2777154E-003
2.6555960E+001,-6.3421508E-003
2.6557460E+001,-6.3533076E-003
2.6558960E+001,-6.3644644E-003
2.6560460E+001,-6.3326106E-003
2.6561960E+001,-6.2035153E-003
2.6563460E+001,-6.0744200E-003
2.6564960E+001,-5.9453246E-003
2.6566460E+001,-5.7051009E-003
2.6567960E+001,-5.4618326E-003
2.6569460E+001,-5.2185642E-003
2.6570960E+001,-4.9284746E-003
2.6572460E+001,-4.6120480E-003
2.6573960E+001,-4.2956214E-003
2.6575460E+001,-3.9724123E-003
2.6576960E+001,-3.6338690E-003
2.6578460E+001,-3.2953257E-003
2.6579960E+001,-2.9567823E-003
2.6581460E+001,-2.6486652E-003
2.6582960E+001,-2.3413817E-003
2.6584460E+001,-2.0340982E-003
2.6585960E+001,-1.7753610E-003
2.6587460E+001,-1.5439311E-003
2.6588960E+001,-1.3125013E-003
2.6590460E+001,-1.1115503E-003
2.6591960E+001,-9.7950825E-004
2.6593460E+001,-8.4746621E-004
2.6594960E+001,-7.1542417E-004
2.6596460E+001,-6.7455055E-004
2.6597960E+001,-6.3617474E-004
2.6599460E+001,-5.9779893E-004
2.6600960E+001,-5.9765250E-004
2.6602460E+001,-6.1901014E-004
2.6603960E+001,-6.4036778E-004
2.6605460E+001,-6.6454091E-004
2.6606960E+001,-6.9507949E-004
2.6608460E+001,-7.2561807E-004
2.6609960E+001,-7.5615665E-004
2.6611460E+001,-7.4791750E-004
2.6612960E+001,-7.3861592E-004
2.6614460E+001,-7.2931434E-004
2.6615960E+001,-6.7512347E-004
2.6617460E+001,-5.9568231E-004
2.6618960E+001,-5.1624114E-004
2.6620460E+001,-4.1447133E-004
2.6621960E+001,-2.6221922E-004
2.6623460E+001,-1.0996711E-004
2.6624960E+001,4.2285006E-005
2.6626460E+001,2.4375333E-004
2.6627960E+001,4.4657007E-004
2.6629460E+001,6.4938682E-004
2.6630960E+001,8.6196833E-004
2.6632460E+001,1.0800425E-003
2.6633960E+001,1.2981168E-003
2.6635460E+001,1.5104285E-003
2.6636960E+001,1.7097122E-003
2.6638460E+001,1.9089959E-003
2.6639960E+001,2.1082796E-003
2.6641460E+001,2.2671671E-003
2.6642960E+001,2.4249479E-003
2.6644460E+001,2.5827287E-003
2.6645960E+001,2.7084760E-003
2.6647460E+001,2.8162045E-003
2.6648960E+001,2.9239329E-003
2.6650460E+001,3.0170996E-003
2.6651960E+001,3.0773438E-003
2.6653460E+001,3.1375880E-003
2.6654960E+001,3.1978323E-003
2.6656460E+001,3.2200920E-003
2.6657960E+001,3.2413111E-003
2.6659460E+001,3.2625302E-003
2.6660960E+001,3.2653574E-003
2.6662460E+001,3.2578391E-003
2.6663960E+001,3.2503208E-003
2.6665460E+001,3.2372379E-003
2.6666960E+001,3.2115740E-003
2.6668460E+001,3.1859102E-003
2.6669960E+001,3.1602464E-003
2.6671460E+001,3.1276763E-003
2.6672960E+001,3.0949171E-003
2.6674460E+001,3.0621578E-003
2.6675960E+001,3.0320686E-003
2.6677460E+001,3.0034811E-003
2.6678960E+001,2.9748937E-003
2.6680460E+001,2.9504534E-003
2.6681960E+001,2.9353893E-003
2.6683460E+001,2.9203251E-003
2.6684960E+001,2.9052609E-003
2.6686460E+001,2.9070572E-003
2.6687960E+001,2.9093154E-003
2.6689460E+001,2.9115736E-003
2.6690960E+001,2.9217589E-003
2.6692460E+001,2.9364031E-003
2.6693960E+001,2.9510474E-003
2.6695460E+001,2.9650793E-003
2.6696960E+001,2.9777268E-003
2.6698460E+001,2.9903743E-003
2.6699960E+001,3.0030218E-003
2.6701460E+001,2.9931533E-003
2.6702960E+001,2.9826678E-003
2.6704460E+001,2.9721824E-003
2.6705960E+001,2.9327454E-003
2.6707460E+001,2.8770231E-003
2.6708960E+001,2.8213008E-003
2.6710460E+001,2.7469352E-003
2.6711960E+001,2.6304194E-003
2.6713460E+001,2.5139036E-003
2.6714960E+001,2.3973879E-003
2.6716460E+001,2.2196991E-003
2.6717960E+001,2.0403343E-003
2.6719460E+001,1.8609695E-003
2.6720960E+001,1.6511356E-003
2.6722460E+001,1.4241627E-003
2.6723960E+001,1.1971898E-003
2.6725460E+001,9.6528410E-004
2.6726960E+001,7.2222594E-004
2.6728460E+001,4.7916777E-004
2.6729960E+001,2.3610961E-004
2.6731460E+001,1.8447522E-005
2.6732960E+001,-1.9851877E-004
2.6734460E+001,-4.1548505E-004
2.6735960E+001,-5.8736436E-004
2.6737460E+001,-7.3388217E-004
2.6738960E+001,-8.8039998E-004
2.6740460E+001,-9.9378974E-004
2.6741960E+001,-1.0322811E-003
2.6743460E+001,-1.0707724E-003
2.6744960E+001,-1.1092637E-003
2.6746460E+001,-1.0196951E-003
2.6747960E+001,-9.2661787E-004
2.6749460E+001,-8.3354065E-004
2.6750960E+001,-6.5280118E-004
2.6752460E+001,-4.2275156E-004
2.6753960E+001,-1.9270194E-004
2.6755460E+001,7.5212015E-005
2.6756960E+001,4.2873254E-004
2.6758460E+001,7.8225306E-004
2.6759960E+001,1.1357736E-003
2.6761460E+001,1.5794040E-003
2.6762960E+001,2.0255032E-003
2.6764460E+001,2.4716024E-003
2.6765960E+001,2.9477789E-003
2.6767460E+001,3.4408739E-003
2.6768960E+001,3.9339689E-003
2.6770460E+001,4.4242458E-003
2.6771960E+001,4.9081512E-003
2.6773460E+001,5.3920566E-003
2.6774960E+001,5.8759620E-003
2.6776460E+001,6.2924929E-003
2.6777960E+001,6.7071780E-003
2.6779460E+001,7.1218630E-003
2.6780960E+001,7.4577758E-003
2.6782460E+001,7.7493790E-003
2.6783960E+001,8.0409823E-003
2.6785460E+001,8.2838170E-003
2.6786960E+001,8.4163923E-003
2.6788460E+001,8.5489675E-003
2.6789960E+001,8.6815428E-003
2.6791460E+001,8.6515924E-003
2.6792960E+001,8.6171892E-003
2.6794460E+001,8.5827860E-003
2.6795960E+001,8.4572281E-003
2.6797460E+001,8.2803955E-003
2.6798960E+001,8.1035629E-003
2.6800460E+001,7.8993267E-003
2.6801960E+001,7.6331342E-003
2.6803460E+001,7.3669418E-003
2.6804960E+001,7.1007493E-003
2.6806460E+001,6.8144251E-003
2.6807960E+001,6.5275494E-003
2.6809460E+001,6.2406736E-003
2.6810960E+001,5.9824906E-003
2.6812460E+001,5.7404473E-003
2.6813960E+001,5.4984039E-003
2.6815460E+001,5.2835759E-003
2.6816960E+001,5.1302780E-003
2.6818460E+001,4.9769802E-003
2.6819960E+001,4.8236824E-003
2.6821460E+001,4.7674882E-003
2.6822960E+001,4.7139544E-003
2.6824460E+001,4.6604206E-003
2.6825960E+001,4.6567964E-003
2.6827460E+001,4.6812465E-003
2.6828960E+001,4.7056965E-003
2.6830460E+001,4.7407455E-003
2.6831960E+001,4.7997572E-003
2.6833460E+001,4.8587689E-003
2.6834960E+001,4.9177806E-003
2.6836460E+001,4.9641442E-003
2.6837960E+001,5.0101613E-003
2.6839460E+001,5.0561783E-003
2.6840960E+001,5.0715451E-003
2.6842460E+001,5.0696711E-003
2.6843960E+001,5.0677970E-003
2.6845460E+001,5.0474044E-003
2.6846960E+001,4.9851435E-003
2.6848460E+001,4.9228826E-003
2.6849960E+001,4.8606217E-003
2.6851460E+001,4.7491728E-003
2.6852960E+001,4.6363762E-003
2.6854460E+001,4.5235795E-003
2.6855960E+001,4.3939043E-003
2.6857460E+001,4.2547347E-003
2.6858960E+001,4.1155652E-003
2.6860460E+001,3.9766499E-003
2.6861960E+001,3.8383096E-003
2.6863460E+001,3.6999693E-003
2.6864960E+001,3.5616290E-003
2.6866460E+001,3.4441632E-003
2.6867960E+001,3.3272694E-003
2.6869460E+001,3.2103756E-003
2.6870960E+001,3.1130645E-003
2.6872460E+001,3.0267687E-003
2.6873960E+001,2.9404728E-003
2.6875460E+001,2.8630303E-003
2.6876960E+001,2.8056038E-003
2.6878460E+001,2.7481774E-003
2.6879960E+001,2.6907510E-003
2.6881460E+001,2.6535237E-003
2.6882960E+001,2.6168498E-003
2.6884460E+001,2.5801758E-003
2.6885960E+001,2.5508259E-003
2.6887460E+001,2.5255958E-003
2.6888960E+001,2.5003656E-003
2.6890460E+001,2.4762579E-003
2.6891960E+001,2.4546879E-003
2.6893460E+001,2.4331178E-003
2.6894960E+001,2.4115478E-003
2.6896460E+001,2.3865901E-003
2.6897960E+001,2.3615396E-003
2.6899460E+001,2.3364891E-003
2.6900960E+001,2.3032825E-003
2.6902460E+001,2.2654881E-003
2.6903960E+001,2.2276937E-003
2.6905460E+001,2.1820685E-003
2.6906960E+001,2.1187392E-003
2.6908460E+001,2.0554099E-003
2.6909960E+001,1.9920806E-003
2.6911460E+001,1.8904338E-003
2.6912960E+001,1.7877372E-003
2.6914460E+001,1.6850406E-003
2.6915960E+001,1.5518674E-003
2.6917460E+001,1.4015511E-003
2.6918960E+001,1.2512347E-003
2.6920460E+001,1.0880669E-003
2.6921960E+001,8.9584351E-004
2.6923460E+001,7.0362011E-004
2.6924960E+001,5.1139672E-004
2.6926460E+001,3.0327920E-004
2.6927960E+001,9.4726209E-005
2.6929460E+001,-1.1382678E-004
2.6930960E+001,-3.0436280E-004
2.6932460E+001,-4.8476425E-004
2.6933960E+001,-6.6516570E-004
2.6935460E+001,-8.2053240E-004
2.6936960E+001,-9.1929866E-004
2.6938460E+001,-1.0180649E-003
2.6939960E+001,-1.1168312E-003
2.6941460E+001,-1.0917237E-003
2.6942960E+001,-1.0632223E-003
2.6944460E+001,-1.0347209E-003
2.6945960E+001,-9.1211663E-004
2.6947460E+001,-7.3657933E-004
2.6948960E+001,-5.6104203E-004
2.6950460E+001,-3.4592733E-004
2.6951960E+001,-4.1333037E-005
2.6953460E+001,2.6326125E-004
2.6954960E+001,5.6785554E-004
2.6956460E+001,9.4371270E-004
2.6957960E+001,1.3215223E-003
2.6959460E+001,1.6993319E-003
2.6960960E+001,2.0723236E-003
2.6962460E+001,2.4426051E-003
2.6963960E+001,2.8128866E-003
2.6965460E+001,3.1551823E-003
2.6966960E+001,3.4342055E-003
2.6968460E+001,3.7132288E-003
2.6969960E+001,3.9922520E-003
2.6971460E+001,4.1201827E-003
2.6972960E+001,4.2439738E-003
2.6974460E+001,4.3677649E-003
2.6975960E+001,4.3736865E-003
2.6977460E+001,4.3133063E-003
2.6978960E+001,4.2529261E-003
2.6980460E+001,4.1389929E-003
2.6981960E+001,3.9039832E-003
2.6983460E+001,3.6689735E-003
2.6984960E+001,3.4339638E-003
2.6986460E+001,3.0686003E-003
2.6987960E+001,2.6996654E-003
2.6989460E+001,2.3307305E-003
2.6990960E+001,1.9135250E-003
2.6992460E+001,1.4691672E-003
2.6993960E+001,1.0248095E-003
2.6995460E+001,5.7639382E-004
2.6996960E+001,1.1880366E-004
2.6998460E+001,-3.3878650E-004
2.6999960E+001,-7.9637666E-004
2.7001460E+001,-1.2135572E-003
2.7002960E+001,-1.6296306E-003
2.7004460E+001,-2.0457040E-003
2.7005960E+001,-2.4092691E-003
2.7007460E+001,-2.7432983E-003
2.7008960E+001,-3.0773274E-003
2.7010460E+001,-3.3791217E-003
2.7011960E+001,-3.6080371E-003
2.7013460E+001,-3.8369525E-003
2.7014960E+001,-4.0658680E-003
2.7016460E+001,-4.1884549E-003
2.7017960E+001,-4.3081286E-003
2.7019460E+001,-4.4278024E-003
2.7020960E+001,-4.4874623E-003
2.7022460E+001,-4.5133643E-003
2.7023960E+001,-4.5392663E-003
2.7025460E+001,-4.5468176E-003
2.7026960E+001,-4.5128801E-003
2.7028460E+001,-4.4789426E-003
2.7029960E+001,-4.4450051E-003
2.7031460E+001,-4.3990896E-003
2.7032960E+001,-4.3528460E-003
2.7034460E+001,-4.3066023E-003
2.7035960E+001,-4.2855489E-003
2.7037460E+001,-4.2786650E-003
2.7038960E+001,-4.2717811E-003
2.7040460E+001,-4.2902055E-003
2.7041960E+001,-4.3658487E-003
2.7043460E+001,-4.4414919E-003
2.7044960E+001,-4.5171351E-003
2.7046460E+001,-4.6949436E-003
2.7047960E+001,-4.8755512E-003
2.7049460E+001,-5.0561588E-003
2.7050960E+001,-5.3002929E-003
2.7052460E+001,-5.5801608E-003
2.7053960E+001,-5.8600287E-003
2.7055460E+001,-6.1602095E-003
2.7056960E+001,-6.5063150E-003
2.7058460E+001,-6.8524206E-003
2.7059960E+001,-7.1985262E-003
2.7061460E+001,-7.5596058E-003
2.7062960E+001,-7.9210957E-003
2.7064460E+001,-8.2825855E-003
2.7065960E+001,-8.6194303E-003
2.7067460E+001,-8.9424122E-003
2.7068960E+001,-9.2653941E-003
2.7070460E+001,-9.5635110E-003
2.7071960E+001,-9.8054114E-003
2.7073460E+001,-1.0047312E-002
2.7074960E+001,-1.0289212E-002
2.7076460E+001,-1.0430237E-002
2.7077960E+001,-1.0568499E-002
2.7079460E+001,-1.0706760E-002
2.7080960E+001,-1.0777514E-002
2.7082460E+001,-1.0810295E-002
2.7083960E+001,-1.0843077E-002
2.7085460E+001,-1.0847448E-002
2.7086960E+001,-1.0787589E-002
2.7088460E+001,-1.0727730E-002
2.7089960E+001,-1.0667871E-002
2.7091460E+001,-1.0536167E-002
2.7092960E+001,-1.0402495E-002
2.7094460E+001,-1.0268823E-002
2.7095960E+001,-1.0099679E-002
2.7097460E+001,-9.9105816E-003
2.7098960E+001,-9.7214843E-003
2.7100460E+001,-9.5205608E-003
2.7101960E+001,-9.2928994E-003
2.7103460E+001,-9.0652380E-003
2.7104960E+001,-8.8375766E-003
2.7106460E+001,-8.5906575E-003
2.7107960E+001,-8.3432107E-003
2.7109460E+001,-8.0957640E-003
2.7110960E+001,-7.8513807E-003
2.7112460E+001,-7.6087207E-003
2.7113960E+001,-7.3660607E-003
2.7115460E+001,-7.1341563E-003
2.7116960E+001,-6.9265691E-003
2.7118460E+001,-6.7189819E-003
2.7119960E+001,-6.5113947E-003
2.7121460E+001,-6.3674445E-003
2.7122960E+001,-6.2252378E-003
2.7124460E+001,-6.0830311E-003
2.7125960E+001,-5.9960685E-003
2.7127460E+001,-5.9401809E-003
2.7128960E+001,-5.8842933E-003
2.7130460E+001,-5.8557155E-003
2.7131960E+001,-5.8888819E-003
2.7133460E+001,-5.9220483E-003
2.7134960E+001,-5.9552146E-003
2.7136460E+001,-6.0563432E-003
2.7137960E+001,-6.1593338E-003
2.7139460E+001,-6.2623244E-003
2.7140960E+001,-6.3861572E-003
2.7142460E+001,-6.5217137E-003
2.7143960E+001,-6.6572703E-003
2.7145460E+001,-6.7891616E-003
2.7146960E+001,-6.9127666E-003
2.7148460E+001,-7.0363715E-003
2.7149960E+001,-7.1599765E-003
2.7151460E+001,-7.2345685E-003
2.7152960E+001,-7.3078177E-003
2.7154460E+001,-7.3810669E-003
2.7155960E+001,-7.4082083E-003
2.7157460E+001,-7.4094142E-003
2.7158960E+001,-7.4106200E-003
2.7160460E+001,-7.3894682E-003
2.7161960E+001,-7.3177683E-003
2.7163460E+001,-7.2460683E-003
2.7164960E+001,-7.1743684E-003
2.7166460E+001,-7.0481128E-003
2.7167960E+001,-6.9203625E-003
2.7169460E+001,-6.7926122E-003
2.7170960E+001,-6.6457177E-003
2.7172460E+001,-6.4880546E-003
2.7173960E+001,-6.3303915E-003
2.7175460E+001,-6.1712337E-003
2.7176960E+001,-6.0086966E-003
2.7178460E+001,-5.8461595E-003
2.7179960E+001,-5.6836224E-003
2.7181460E+001,-5.5311981E-003
2.7182960E+001,-5.3790509E-003
2.7184460E+001,-5.2269037E-003
2.7185960E+001,-5.0821471E-003
2.7187460E+001,-4.9415477E-003
2.7188960E+001,-4.8009483E-003
2.7190460E+001,-4.6601728E-003
2.7191960E+001,-4.5189992E-003
2.7193460E+001,-4.3778256E-003
2.7194960E+001,-4.2366519E-003
2.7196460E+001,-4.0752714E-003
2.7197960E+001,-3.9133372E-003
2.7199460E+001,-3.7514031E-003
2.7200960E+001,-3.5632579E-003
2.7202460E+001,-3.3603689E-003
2.7203960E+001,-3.1574799E-003
2.7205460E+001,-2.9385360E-003
2.7206960E+001,-2.6832941E-003
2.7208460E+001,-2.4280521E-003
2.7209960E+001,-2.1728101E-003
2.7211460E+001,-1.8706401E-003
2.7212960E+001,-1.5671843E-003
2.7214460E+001,-1.2637285E-003
2.7215960E+001,-9.4315172E-004
2.7217460E+001,-6.1294427E-004
2.7218960E+001,-2.8273681E-004
2.7220460E+001,4.5163542E-005
2.7221960E+001,3.6784783E-004
2.7223460E+001,6.9053211E-004
2.7224960E+001,1.0132164E-003
2.7226460E+001,1.2919878E-003
2.7227960E+001,1.5695560E-003
2.7229460E+001,1.8471243E-003
2.7230960E+001,2.0767433E-003
2.7232460E+001,2.2793907E-003
2.7233960E+001,2.4820382E-003
2.7235460E+001,2.6576771E-003
2.7236960E+001,2.7722530E-003
2.7238460E+001,2.8868289E-003
2.7239960E+001,3.0014049E-003
2.7241460E+001,3.0372531E-003
2.7242960E+001,3.0709444E-003
2.7244460E+001,3.1046356E-003
2.7245960E+001,3.1025246E-003
2.7247460E+001,3.0802746E-003
2.7248960E+001,3.0580247E-003
2.7250460E+001,3.0293994E-003
2.7251960E+001,2.9863601E-003
2.7253460E+001,2.9433208E-003
2.7254960E+001,2.9002815E-003
2.7256460E+001,2.8719995E-003
2.7257960E+001,2.8441217E-003
2.7259460E+001,2.8162440E-003
2.7260960E+001,2.8163708E-003
2.7262460E+001,2.8322502E-003
2.7263960E+001,2.8481297E-003
2.7265460E+001,2.8823028E-003
2.7266960E+001,2.9578358E-003
2.7268460E+001,3.0333688E-003
2.7269960E+001,3.1089017E-003
2.7271460E+001,3.2432566E-003
2.7272960E+001,3.3792230E-003
2.7274460E+001,3.5151894E-003
2.7275960E+001,3.6809202E-003
2.7277460E+001,3.8633935E-003
2.7278960E+001,4.0458669E-003
2.7280460E+001,4.2348704E-003
2.7281960E+001,4.4386378E-003
2.7283460E+001,4.6424053E-003
2.7284960E+001,4.8461728E-003
2.7286460E+001,5.0411537E-003
2.7287960E+001,5.2358939E-003
2.7289460E+001,5.4306341E-003
2.7290960E+001,5.6017626E-003
2.7292460E+001,5.7596095E-003
2.7293960E+001,5.9174563E-003
2.7295460E+001,6.0582646E-003
2.7296960E+001,6.1605508E-003
2.7298460E+001,6.2628370E-003
2.7299960E+001,6.3651232E-003
2.7301460E+001,6.4077527E-003
2.7302960E+001,6.4487477E-003
2.7304460E+001,6.4897427E-003
2.7305960E+001,6.4957452E-003
2.7307460E+001,6.4820644E-003
2.7308960E+001,6.4683836E-003
2.7310460E+001,6.4423337E-003
2.7311960E+001,6.3883191E-003
2.7313460E+001,6.3343045E-003
2.7314960E+001,6.2802898E-003
2.7316460E+001,6.2022446E-003
2.7317960E+001,6.1235409E-003
2.7319460E+001,6.0448373E-003
2.7320960E+001,5.9579279E-003
2.7322460E+001,5.8664028E-003
2.7323960E+001,5.7748777E-003
2.7325460E+001,5.6813792E-003
2.7326960E+001,5.5834190E-003
2.7328460E+001,5.4854588E-003
2.7329960E+001,5.3874985E-003
2.7331460E+001,5.2854117E-003
2.7332960E+001,5.1832118E-003
2.7334460E+001,5.0810119E-003
2.7335960E+001,4.9762206E-003
2.7337460E+001,4.8699716E-003
2.7338960E+001,4.7637226E-003
2.7340460E+001,4.6560121E-003
2.7341960E+001,4.5449972E-003
2.7343460E+001,4.4339823E-003
2.7344960E+001,4.3229675E-003
2.7346460E+001,4.2051860E-003
2.7347960E+001,4.0872192E-003
2.7349460E+001,3.9692524E-003
2.7350960E+001,3.8437176E-003
2.7352460E+001,3.7139257E-003
2.7353960E+001,3.5841339E-003
2.7355460E+001,3.4484113E-003
2.7356960E+001,3.2992800E-003
2.7358460E+001,3.1501488E-003
2.7359960E+001,3.0010175E-003
2.7361460E+001,2.8259487E-003
2.7362960E+001,2.6501693E-003
2.7364460E+001,2.4743898E-003
2.7365960E+001,2.2804418E-003
2.7367460E+001,2.0762740E-003
2.7368960E+001,1.8721062E-003
2.7370460E+001,1.6620686E-003
2.7371960E+001,1.4387604E-003
2.7373460E+001,1.2154522E-003
2.7374960E+001,9.9214395E-004
2.7376460E+001,7.7213659E-004
2.7377960E+001,5.5221967E-004
2.7379460E+001,3.3230276E-004
2.7380960E+001,1.3577642E-004
2.7382460E+001,-4.7592676E-005
2.7383960E+001,-2.3096178E-004
2.7385460E+001,-3.9191589E-004
2.7386960E+001,-5.0219253E-004
2.7388460E+001,-6.1246916E-004
2.7389960E+001,-7.2274580E-004
2.7391460E+001,-7.3257203E-004
2.7392960E+001,-7.3964613E-004
2.7394460E+001,-7.4672024E-004
2.7395960E+001,-6.7875283E-004
2.7397460E+001,-5.6857446E-004
2.7398960E+001,-4.5839609E-004
2.7400460E+001,-3.1482507E-004
2.7401960E+001,-9.5757405E-005
2.7403460E+001,1.2331026E-004
2.7404960E+001,3.4237792E-004
2.7406460E+001,6.3697093E-004
2.7407960E+001,9.3363318E-004
2.7409460E+001,1.2302954E-003
2.7410960E+001,1.5458128E-003
2.7412460E+001,1.8719361E-003
2.7413960E+001,2.1980595E-003
2.7415460E+001,2.5166634E-003
2.7416960E+001,2.8182667E-003
2.7418460E+001,3.1198701E-003
2.7419960E+001,3.4214734E-003
2.7421460E+001,3.6530178E-003
2.7422960E+001,3.8826429E-003
2.7424460E+001,4.1122679E-003
2.7425960E+001,4.2760278E-003
2.7427460E+001,4.4027386E-003
2.7428960E+001,4.5294493E-003
2.7430460E+001,4.6217399E-003
2.7431960E+001,4.6362108E-003
2.7433460E+001,4.6506817E-003
2.7434960E+001,4.6651526E-003
2.7436460E+001,4.5819560E-003
2.7437960E+001,4.4960836E-003
2.7439460E+001,4.4102111E-003
2.7440960E+001,4.2783743E-003
2.7442460E+001,4.1206824E-003
2.7443960E+001,3.9629904E-003
2.7445460E+001,3.7950350E-003
2.7446960E+001,3.6038751E-003
2.7448460E+001,3.4127151E-003
2.7449960E+001,3.2215551E-003
2.7451460E+001,3.0373289E-003
2.7452960E+001,2.8532927E-003
2.7454460E+001,2.6692564E-003
2.7455960E+001,2.5122259E-003
2.7457460E+001,2.3703860E-003
2.7458960E+001,2.2285461E-003
2.7460460E+001,2.1065470E-003
2.7461960E+001,2.0294053E-003
2.7463460E+001,1.9522637E-003
2.7464960E+001,1.8751221E-003
2.7466460E+001,1.8662734E-003
2.7467960E+001,1.8592958E-003
2.7469460E+001,1.8523181E-003
2.7470960E+001,1.8828530E-003
2.7472460E+001,1.9344887E-003
2.7473960E+001,1.9861243E-003
2.7475460E+001,2.0484020E-003
2.7476960E+001,2.1347400E-003
2.7478460E+001,2.2210780E-003
2.7479960E+001,2.3074160E-003
2.7481460E+001,2.3992687E-003
2.7482960E+001,2.4912726E-003
2.7484460E+001,2.5832764E-003
2.7485960E+001,2.6614439E-003
2.7487460E+001,2.7318284E-003
2.7488960E+001,2.8022130E-003
2.7490460E+001,2.8594816E-003
2.7491960E+001,2.8870968E-003
2.7493460E+001,2.9147120E-003
2.7494960E+001,2.9423272E-003
2.7496460E+001,2.9149817E-003
2.7497960E+001,2.8861303E-003
2.7499460E+001,2.8572790E-003
2.7500960E+001,2.7877481E-003
2.7502460E+001,2.6953349E-003
2.7503960E+001,2.6029216E-003
2.7505460E+001,2.4904774E-003
2.7506960E+001,2.3327454E-003
2.7508460E+001,2.1750134E-003
2.7509960E+001,2.0172815E-003
2.7511460E+001,1.7993105E-003
2.7512960E+001,1.5796892E-003
2.7514460E+001,1.3600678E-003
2.7515960E+001,1.1070661E-003
2.7517460E+001,8.3528800E-004
2.7518960E+001,5.6350985E-004
2.7520460E+001,2.8098215E-004
2.7521960E+001,-2.5848935E-005
2.7523460E+001,-3.3268002E-004
2.7524960E+001,-6.3951111E-004
2.7526460E+001,-9.5726654E-004
2.7527960E+001,-1.2753213E-003
2.7529460E+001,-1.5933760E-003
2.7530960E+001,-1.9010377E-003
2.7532460E+001,-2.2028534E-003
2.7533960E+001,-2.5046690E-003
2.7535460E+001,-2.7934863E-003
2.7536960E+001,-3.0529158E-003
2.7538460E+001,-3.3123454E-003
2.7539960E+001,-3.5717750E-003
2.7541460E+001,-3.7708630E-003
2.7542960E+001,-3.9682978E-003
2.7544460E+001,-4.1657326E-003
2.7545960E+001,-4.3173332E-003
2.7547460E+001,-4.4431520E-003
2.7548960E+001,-4.5689708E-003
2.7550460E+001,-4.6729523E-003
2.7551960E+001,-4.7275622E-003
2.7553460E+001,-4.7821722E-003
2.7554960E+001,-4.8367821E-003
2.7556460E+001,-4.8289422E-003
2.7557960E+001,-4.8193914E-003
2.7559460E+001,-4.8098405E-003
2.7560960E+001,-4.7649610E-003
2.7562460E+001,-4.7002092E-003
2.7563960E+001,-4.6354573E-003
2.7565460E+001,-4.5561559E-003
2.7566960E+001,-4.4439600E-003
2.7568460E+001,-4.3317640E-003
2.7569960E+001,-4.2195681E-003
2.7571460E+001,-4.0677159E-003
2.7572960E+001,-3.9147773E-003
2.7574460E+001,-3.7618386E-003
2.7575960E+001,-3.5881255E-003
2.7577460E+001,-3.4027266E-003
2.7578960E+001,-3.2173278E-003
2.7580460E+001,-3.0258507E-003
2.7581960E+001,-2.8206316E-003
2.7583460E+001,-2.6154124E-003
2.7584960E+001,-2.4101932E-003
2.7586460E+001,-2.2029341E-003
2.7587960E+001,-1.9956191E-003
2.7589460E+001,-1.7883040E-003
2.7590960E+001,-1.5928928E-003
2.7592460E+001,-1.4041775E-003
2.7593960E+001,-1.2154622E-003
2.7595460E+001,-1.0384637E-003
2.7596960E+001,-8.8795529E-004
2.7598460E+001,-7.3744689E-004
2.7599960E+001,-5.8693850E-004
2.7601460E+001,-4.8770817E-004
2.7602960E+001,-3.8988275E-004
2.7604460E+001,-2.9205733E-004
2.7605960E+001,-2.3242217E-004
2.7607460E+001,-1.9426909E-004
2.7608960E+001,-1.5611601E-004
2.7610460E+001,-1.3595862E-004
2.7611960E+001,-1.5648727E-004
2.7613460E+001,-1.7701591E-004
2.7614960E+001,-1.9754456E-004
2.7616460E+001,-2.6670705E-004
2.7617960E+001,-3.3720200E-004
2.7619460E+001,-4.0769696E-004
2.7620960E+001,-4.9973894E-004
2.7622460E+001,-6.0390116E-004
2.7623960E+001,-7.0806339E-004
2.7625460E+001,-8.1540512E-004
2.7626960E+001,-9.2993535E-004
2.7628460E+001,-1.0444656E-003
2.7629960E+001,-1.1589958E-003
2.7631460E+001,-1.2565858E-003
2.7632960E+001,-1.3537117E-003
2.7634460E+001,-1.4508375E-003
2.7635960E+001,-1.5196794E-003
2.7637460E+001,-1.5726116E-003
2.7638960E+001,-1.6255437E-003
2.7640460E+001,-1.6593943E-003
2.7641960E+001,-1.6501037E-003
2.7643460E+001,-1.6408131E-003
2.7644960E+001,-1.6315225E-003
2.7646460E+001,-1.5601274E-003
2.7647960E+001,-1.4870309E-003
2.7649460E+001,-1.4139343E-003
2.7650960E+001,-1.3120731E-003
2.7652460E+001,-1.1940317E-003
2.7653960E+001,-1.0759903E-003
2.7655460E+001,-9.5536682E-004
2.7656960E+001,-8.2890571E-004
2.7658460E+001,-7.0244459E-004
2.7659960E+001,-5.7598347E-004
2.7661460E+001,-4.8446281E-004
2.7662960E+001,-3.9389944E-004
2.7664460E+001,-3.0333607E-004
2.7665960E+001,-2.6042457E-004
2.7667460E+001,-2.4431733E-004
2.7668960E+001,-2.2821008E-004
2.7670460E+001,-2.4135985E-004
2.7671960E+001,-3.2065610E-004
2.7673460E+001,-3.9995234E-004
2.7674960E+001,-4.7924859E-004
2.7676460E+001,-6.4886043E-004
2.7677960E+001,-8.2094673E-004
2.7679460E+001,-9.9303303E-004
2.7680960E+001,-1.2084709E-003
2.7682460E+001,-1.4482940E-003
2.7683960E+001,-1.6881171E-003
2.7685460E+001,-1.9362013E-003
2.7686960E+001,-2.2029628E-003
2.7688460E+001,-2.4697242E-003
2.7689960E+001,-2.7364857E-003
2.7691460E+001,-2.9836629E-003
2.7692960E+001,-3.2303036E-003
2.7694460E+001,-3.4769442E-003
2.7695960E+001,-3.6826043E-003
2.7697460E+001,-3.8652126E-003
2.7698960E+001,-4.0478210E-003
2.7700460E+001,-4.2005315E-003
2.7701960E+001,-4.2856464E-003
2.7703460E+001,-4.3707614E-003
2.7704960E+001,-4.4558763E-003
2.7706460E+001,-4.4281422E-003
2.7707960E+001,-4.3973162E-003
2.7709460E+001,-4.3664903E-003
2.7710960E+001,-4.2607214E-003
2.7712460E+001,-4.1127970E-003
2.7713960E+001,-3.9648726E-003
2.7715460E+001,-3.7861186E-003
2.7716960E+001,-3.5376627E-003
2.7718460E+001,-3.2892068E-003
2.7719960E+001,-3.0407508E-003
2.7721460E+001,-2.7261459E-003
2.7722960E+001,-2.4097286E-003
2.7724460E+001,-2.0933113E-003
2.7725960E+001,-1.7615697E-003
2.7727460E+001,-1.4212081E-003
2.7728960E+001,-1.0808465E-003
2.7730460E+001,-7.4785958E-004
2.7731960E+001,-4.3154575E-004
2.7733460E+001,-1.1523191E-004
2.7734960E+001,2.0108192E-004
2.7736460E+001,4.5249112E-004
2.7737960E+001,7.0212206E-004
2.7739460E+001,9.5175301E-004
2.7740960E+001,1.1406700E-003
2.7742460E+001,1.2954353E-003
2.7743960E+001,1.4502006E-003
2.7745460E+001,1.5735662E-003
2.7746960E+001,1.6259411E-003
2.7748460E+001,1.6783159E-003
2.7749960E+001,1.7306908E-003
2.7751460E+001,1.6972236E-003
2.7752960E+001,1.6614044E-003
2.7754460E+001,1.6255853E-003
2.7755960E+001,1.5533274E-003
2.7757460E+001,1.4605727E-003
2.7758960E+001,1.3678179E-003
2.7760460E+001,1.2697411E-003
2.7761960E+001,1.1596316E-003
2.7763460E+001,1.0495222E-003
2.7764960E+001,9.3941270E-004
2.7766460E+001,8.4943366E-004
2.7767960E+001,7.6000616E-004
2.7769460E+001,6.7057865E-004
2.7770960E+001,6.1247049E-004
2.7772460E+001,5.7197949E-004
2.7773960E+001,5.3148850E-004
2.7775460E+001,5.1021260E-004
2.7776960E+001,5.3237963E-004
2.7778460E+001,5.5454667E-004
2.7779960E+001,5.7671371E-004
2.7781460E+001,6.5882281E-004
2.7782960E+001,7.4257420E-004
2.7784460E+001,8.2632559E-004
2.7785960E+001,9.4195576E-004
2.7787460E+001,1.0755178E-003
2.7788960E+001,1.2090798E-003
2.7790460E+001,1.3530666E-003
2.7791960E+001,1.5206225E-003
2.7793460E+001,1.6881784E-003
2.7794960E+001,1.8557343E-003
2.7796460E+001,2.0430677E-003
2.7797960E+001,2.2309430E-003
2.7799460E+001,2.4188182E-003
2.7800960E+001,2.6142545E-003
2.7802460E+001,2.8139440E-003
2.7803960E+001,3.0136335E-003
2.7805460E+001,3.2155934E-003
2.7806960E+001,3.4226866E-003
2.7808460E+001,3.6297797E-003
2.7809960E+001,3.8368728E-003
2.7811460E+001,4.0468327E-003
2.7812960E+001,4.2568711E-003
2.7814460E+001,4.4669095E-003
2.7815960E+001,4.6729302E-003
2.7817460E+001,4.8766909E-003
2.7818960E+001,5.0804515E-003
2.7820460E+001,5.2773136E-003
2.7821960E+001,5.4585790E-003
2.7823460E+001,5.6398444E-003
2.7824960E+001,5.8211098E-003
2.7826460E+001,5.9601967E-003
2.7827960E+001,6.0981279E-003
2.7829460E+001,6.2360592E-003
2.7830960E+001,6.3341004E-003
2.7832460E+001,6.4097034E-003
2.7833960E+001,6.4853065E-003
2.7835460E+001,6.5387675E-003
2.7836960E+001,6.5421685E-003
2.7838460E+001,6.5455694E-003
2.7839960E+001,6.5489703E-003
2.7841460E+001,6.4853675E-003
2.7842960E+001,6.4199288E-003
2.7844460E+001,6.3544902E-003
2.7845960E+001,6.2549216E-003
2.7847460E+001,6.1361547E-003
2.7848960E+001,6.0173878E-003
2.7850460E+001,5.8890599E-003
2.7851960E+001,5.7391155E-003
2.7853460E+001,5.5891712E-003
2.7854960E+001,5.4392269E-003
2.7856460E+001,5.2798651E-003
2.7857960E+001,5.1202453E-003
2.7859460E+001,4.9606254E-003
2.7860960E+001,4.8042861E-003
2.7862460E+001,4.6497920E-003
2.7863960E+001,4.4952980E-003
2.7865460E+001,4.3440591E-003
2.7866960E+001,4.2001797E-003
2.7868460E+001,4.0563004E-003
2.7869960E+001,3.9124211E-003
2.7871460E+001,3.7764982E-003
2.7872960E+001,3.6407933E-003
2.7874460E+001,3.5050883E-003
2.7875960E+001,3.3706291E-003
2.7877460E+001,3.2368705E-003
2.7878960E+001,3.1031120E-003
2.7880460E+001,2.9683238E-003
2.7881960E+001,2.8312078E-003
2.7883460E+001,2.6940919E-003
2.7884960E+001,2.5569759E-003
2.7886460E+001,2.4155806E-003
2.7887960E+001,2.2740681E-003
2.7889460E+001,2.1325555E-003
2.7890960E+001,1.9908753E-003
2.7892460E+001,1.8491008E-003
2.7893960E+001,1.7073264E-003
2.7895460E+001,1.5678452E-003
2.7896960E+001,1.4335489E-003
2.7898460E+001,1.2992526E-003
2.7899960E+001,1.1649563E-003
2.7901460E+001,1.0460622E-003
2.7902960E+001,9.2759008E-004
2.7904460E+001,8.0911795E-004
2.7905960E+001,7.0484441E-004
2.7907460E+001,6.0855759E-004
2.7908960E+001,5.1227077E-004
2.7910460E+001,4.2389219E-004
2.7911960E+001,3.5339317E-004
2.7913460E+001,2.8289415E-004
2.7914960E+001,2.1239513E-004
2.7916460E+001,1.6852715E-004
2.7917960E+001,1.2538881E-004
2.7919460E+001,8.2250475E-005
2.7920960E+001,5.6658966E-005
2.7922460E+001,4.0937572E-005
2.7923960E+001,2.5216179E-005
2.7925460E+001,1.7182786E-005
2.7926960E+001,2.6531005E-005
2.7928460E+001,3.5879225E-005
2.7929960E+001,4.5227445E-005
2.7931460E+001,7.2899903E-005
2.7932960E+001,1.0107441E-004
2.7934460E+001,1.2924891E-004
2.7935960E+001,1.6296850E-004
2.7937460E+001,1.9980720E-004
2.7938960E+001,2.3664590E-004
2.7940460E+001,2.7266919E-004
2.7941960E+001,3.0684893E-004
2.7943460E+001,3.4102867E-004
2.7944960E+001,3.7520841E-004
2.7946460E+001,3.9921960E-004
2.7947960E+001,4.2295220E-004
2.7949460E+001,4.4668480E-004
2.7950960E+001,4.6352500E-004
2.7952460E+001,4.7648821E-004
2.7953960E+001,4.8945142E-004
2.7955460E+001,5.0138408E-004
2.7956960E+001,5.1098678E-004
2.7958460E+001,5.2058948E-004
2.7959960E+001,5.3019218E-004
2.7961460E+001,5.4697840E-004
2.7962960E+001,5.6396144E-004
2.7964460E+001,5.8094448E-004
2.7965960E+001,6.0718812E-004
2.7967460E+001,6.3864087E-004
2.7968960E+001,6.7009362E-004
2.7970460E+001,7.0537697E-004
2.7971960E+001,7.4932081E-004
2.7973460E+001,7.9326465E-004
2.7974960E+001,8.3720850E-004
2.7976460E+001,8.8209383E-004
2.7977960E+001,9.2700497E-004
2.7979460E+001,9.7191610E-004
2.7980960E+001,1.0069538E-003
2.7982460E+001,1.0364376E-003
2.7983960E+001,1.0659214E-003
2.7985460E+001,1.0863033E-003
2.7986960E+001,1.0861071E-003
2.7988460E+001,1.0859108E-003
2.7989960E+001,1.0857145E-003
2.7991460E+001,1.0503957E-003
2.7992960E+001,1.0141146E-003
2.7994460E+001,9.7783350E-004
2.7995960E+001,9.2069359E-004
2.7997460E+001,8.5182057E-004
2.7998960E+001,7.8294756E-004
2.8000460E+001,7.0760549E-004
2.8001960E+001,6.1763769E-004
2.8003460E+001,5.2766989E-004
2.8004960E+001,4.3770209E-004
2.8006460E+001,3.4188091E-004
2.8007960E+001,2.4589935E-004
2.8009460E+001,1.4991779E-004
2.8010960E+001,5.8969023E-005
2.8012460E+001,-2.9148789E-005
2.8013960E+001,-1.1726660E-004
2.8015460E+001,-2.0015483E-004
2.8016960E+001,-2.7121963E-004
2.8018460E+001,-3.4228444E-004
2.8019960E+001,-4.1334924E-004
2.8021460E+001,-4.6515668E-004
2.8022960E+001,-5.1643652E-004
2.8024460E+001,-5.6771636E-004
2.8025960E+001,-6.0898754E-004
2.8027460E+001,-6.4462883E-004
2.8028960E+001,-6.8027012E-004
2.8030460E+001,-7.1420302E-004
2.8031960E+001,-7.4427345E-004
2.8033460E+001,-7.7434388E-004
2.8034960E+001,-8.0441430E-004
2.8036460E+001,-8.4171038E-004
2.8037960E+001,-8.7920441E-004
2.8039460E+001,-9.1669845E-004
2.8040960E+001,-9.6588784E-004
2.8042460E+001,-1.0216559E-003
2.8043960E+001,-1.0774239E-003
2.8045460E+001,-1.1398011E-003
2.8046960E+001,-1.2171209E-003
2.8048460E+001,-1.2944406E-003
2.8049960E+001,-1.3717604E-003
2.8051460E+001,-1.4630090E-003
2.8052960E+001,-1.5546392E-003
2.8054460E+001,-1.6462695E-003
2.8055960E+001,-1.7367069E-003
2.8057460E+001,-1.8264733E-003
2.8058960E+001,-1.9162398E-003
2.8060460E+001,-1.9995814E-003
2.8061960E+001,-2.0683972E-003
2.8063460E+001,-2.1372131E-003
2.8064960E+001,-2.2060290E-003
2.8066460E+001,-2.2410726E-003
2.8067960E+001,-2.2751909E-003
2.8069460E+001,-2.3093093E-003
2.8070960E+001,-2.3203852E-003
2.8072460E+001,-2.3184997E-003
2.8073960E+001,-2.3166142E-003
2.8075460E+001,-2.3079287E-003
2.8076960E+001,-2.2838693E-003
2.8078460E+001,-2.2598099E-003
2.8079960E+001,-2.2357505E-003
2.8081460E+001,-2.2150835E-003
2.8082960E+001,-2.1945095E-003
2.8084460E+001,-2.1739355E-003
2.8085960E+001,-2.1743341E-003
2.8087460E+001,-2.1865300E-003
2.8088960E+001,-2.1987258E-003
2.8090460E+001,-2.2280804E-003
2.8091960E+001,-2.2962289E-003
2.8093460E+001,-2.3643773E-003
2.8094960E+001,-2.4325258E-003
2.8096460E+001,-2.5645223E-003
2.8097960E+001,-2.6982682E-003
2.8099460E+001,-2.8320141E-003
2.8100960E+001,-3.0034674E-003
2.8102460E+001,-3.1961311E-003
2.8103960E+001,-3.3887949E-003
2.8105460E+001,-3.5930732E-003
2.8106960E+001,-3.8236108E-003
2.8108460E+001,-4.0541483E-003
2.8109960E+001,-4.2846859E-003
2.8111460E+001,-4.5224085E-003
2.8112960E+001,-4.7603279E-003
2.8114460E+001,-4.9982473E-003
2.8115960E+001,-5.2187913E-003
2.8117460E+001,-5.4295618E-003
2.8118960E+001,-5.6403322E-003
2.8120460E+001,-5.8322925E-003
2.8121960E+001,-5.9817254E-003
2.8123460E+001,-6.1311583E-003
2.8124960E+001,-6.2805911E-003
2.8126460E+001,-6.3410356E-003
2.8127960E+001,-6.3990419E-003
2.8129460E+001,-6.4570483E-003
2.8130960E+001,-6.4428947E-003
2.8132460E+001,-6.3881510E-003
2.8133960E+001,-6.3334073E-003
2.8135460E+001,-6.2421104E-003
2.8136960E+001,-6.0681714E-003
2.8138460E+001,-5.8942324E-003
2.8139960E+001,-5.7202934E-003
2.8141460E+001,-5.4441604E-003
2.8142960E+001,-5.1652274E-003
2.8144460E+001,-4.8862945E-003
2.8145960E+001,-4.5638380E-003
2.8147460E+001,-4.2168995E-003
2.8148960E+001,-3.8699610E-003
2.8150460E+001,-3.5192182E-003
2.8151960E+001,-3.1598745E-003
2.8153460E+001,-2.8005309E-003
2.8154960E+001,-2.4411872E-003
2.8156460E+001,-2.1313399E-003
2.8157960E+001,-1.8228488E-003
2.8159460E+001,-1.5143576E-003
2.8160960E+001,-1.2739263E-003
2.8162460E+001,-1.0717787E-003
2.8163960E+001,-8.6963118E-004
2.8165460E+001,-7.1008739E-004
2.8166960E+001,-6.4686542E-004
2.8168460E+001,-5.8364345E-004
2.8169960E+001,-5.2042149E-004
2.8171460E+001,-5.9287805E-004
2.8172960E+001,-6.6905192E-004
2.8174460E+001,-7.4522579E-004
2.8175960E+001,-8.9075277E-004
2.8177460E+001,-1.0752910E-003
2.8178960E+001,-1.2598292E-003
2.8180460E+001,-1.4615586E-003
2.8181960E+001,-1.7021552E-003
2.8183460E+001,-1.9427518E-003
2.8184960E+001,-2.1833484E-003
2.8186460E+001,-2.4221325E-003
2.8187960E+001,-2.6608668E-003
2.8189460E+001,-2.8996012E-003
2.8190960E+001,-3.1062417E-003
2.8192460E+001,-3.2948294E-003
2.8193960E+001,-3.4834171E-003
2.8195460E+001,-3.6478232E-003
2.8196960E+001,-3.7575579E-003
2.8198460E+001,-3.8672927E-003
2.8199960E+001,-3.9770274E-003
2.8201460E+001,-4.0032393E-003
2.8202960E+001,-4.0271630E-003
2.8204460E+001,-4.0510866E-003
2.8205960E+001,-4.0263003E-003
2.8207460E+001,-3.9741146E-003
2.8208960E+001,-3.9219288E-003
2.8210460E+001,-3.8516894E-003
2.8211960E+001,-3.7406328E-003
2.8213460E+001,-3.6295761E-003
2.8214960E+001,-3.5185195E-003
2.8216460E+001,-3.3658650E-003
2.8217960E+001,-3.2120708E-003
2.8219460E+001,-3.0582767E-003
2.8220960E+001,-2.8838628E-003
2.8222460E+001,-2.6978502E-003
2.8223960E+001,-2.5118376E-003
2.8225460E+001,-2.3177328E-003
2.8226960E+001,-2.1053322E-003
2.8228460E+001,-1.8929317E-003
2.8229960E+001,-1.6805311E-003
2.8231460E+001,-1.4486205E-003
2.8232960E+001,-1.2161753E-003
2.8234460E+001,-9.8373011E-004
2.8235960E+001,-7.4700226E-004
2.8237460E+001,-5.0786540E-004
2.8238960E+001,-2.6872855E-004
2.8240460E+001,-3.4976376E-005
2.8241960E+001,1.8660169E-004
2.8243460E+001,4.0817975E-004
2.8244960E+001,6.2975782E-004
2.8246460E+001,8.0198983E-004
2.8247960E+001,9.7286986E-004
2.8249460E+001,1.1437499E-003
2.8250960E+001,1.2607427E-003
2.8252460E+001,1.3474239E-003
2.8253960E+001,1.4341050E-003
2.8255460E+001,1.4882594E-003
2.8256960E+001,1.4688749E-003
2.8258460E+001,1.4494904E-003
2.8259960E+001,1.4301059E-003
2.8261460E+001,1.3073651E-003
2.8262960E+001,1.1817926E-003
2.8264460E+001,1.0562200E-003
2.8265960E+001,8.7878991E-004
2.8267460E+001,6.7218988E-004
2.8268960E+001,4.6558986E-004
2.8270460E+001,2.4818532E-004
2.8271960E+001,6.3531023E-006
2.8273460E+001,-2.3547911E-004
2.8274960E+001,-4.7731133E-004
2.8276460E+001,-6.9939238E-004
2.8277960E+001,-9.2093229E-004
2.8279460E+001,-1.1424722E-003
2.8280960E+001,-1.3175666E-003
2.8282460E+001,-1.4665354E-003
2.8283960E+001,-1.6155041E-003
2.8285460E+001,-1.7304896E-003
2.8286960E+001,-1.7686433E-003
2.8288460E+001,-1.8067970E-003
2.8289960E+001,-1.8449507E-003
2.8291460E+001,-1.7577997E-003
2.8292960E+001,-1.6672156E-003
2.8294460E+001,-1.5766314E-003
2.8295960E+001,-1.4064727E-003
2.8297460E+001,-1.1915531E-003
2.8298960E+001,-9.7663346E-004
2.8300460E+001,-7.3154656E-004
2.8301960E+001,-4.1825515E-004
2.8303460E+001,-1.0496374E-004
2.8304960E+001,2.0832767E-004
2.8306460E+001,5.7365474E-004
2.8307960E+001,9.4040747E-004
2.8309460E+001,1.3071602E-003
2.8310960E+001,1.6703546E-003
2.8312460E+001,2.0315474E-003
2.8313960E+001,2.3927403E-003
2.8315460E+001,2.7322029E-003
2.8316960E+001,3.0225363E-003
2.8318460E+001,3.3128698E-003
2.8319960E+001,3.6032032E-003
2.8321460E+001,3.7654385E-003
2.8322960E+001,3.9241642E-003
2.8324460E+001,4.0828899E-003
2.8325960E+001,4.1294838E-003
2.8327460E+001,4.1130034E-003
2.8328960E+001,4.0965230E-003
2.8330460E+001,4.0218469E-003
2.8331960E+001,3.8155976E-003
2.8333460E+001,3.6093482E-003
2.8334960E+001,3.4030989E-003
2.8336460E+001,3.0335976E-003
2.8337960E+001,2.6596236E-003
2.8339460E+001,2.2856496E-003
2.8340960E+001,1.8415671E-003
2.8342460E+001,1.3580484E-003
2.8343960E+001,8.7452977E-004
2.8345460E+001,3.8319708E-004
2.8346960E+001,-1.2580217E-004
2.8348460E+001,-6.3480143E-004
2.8349960E+001,-1.1438007E-003
2.8351460E+001,-1.5881528E-003
2.8352960E+001,-2.0307338E-003
2.8354460E+001,-2.4733148E-003
2.8355960E+001,-2.8227179E-003
2.8357460E+001,-3.1197083E-003
2.8358960E+001,-3.4166987E-003
2.8360460E+001,-3.6538337E-003
2.8361960E+001,-3.7556430E-003
2.8363460E+001,-3.8574523E-003
2.8364960E+001,-3.9592616E-003
2.8366460E+001,-3.8599229E-003
2.8367960E+001,-3.7550731E-003
2.8369460E+001,-3.6502233E-003
2.8370960E+001,-3.4293211E-003
2.8372460E+001,-3.1431392E-003
2.8373960E+001,-2.8569573E-003
2.8375460E+001,-2.5313761E-003
2.8376960E+001,-2.1167179E-003
2.8378460E+001,-1.7020596E-003
2.8379960E+001,-1.2874014E-003
2.8381460E+001,-8.1321640E-004
2.8382960E+001,-3.3740049E-004
2.8384460E+001,1.3841542E-004
2.8385960E+001,6.0908509E-004
2.8387460E+001,1.0768600E-003
2.8388960E+001,1.5446349E-003
2.8390460E+001,1.9911138E-003
2.8391960E+001,2.3894451E-003
2.8393460E+001,2.7877764E-003
2.8394960E+001,3.1861077E-003
2.8396460E+001,3.4708620E-003
2.8397960E+001,3.7525046E-003
2.8399460E+001,4.0341472E-003
2.8400960E+001,4.2221708E-003
2.8402460E+001,4.3575335E-003
2.8403960E+001,4.4928962E-003
2.8405460E+001,4.5801051E-003
2.8406960E+001,4.5584442E-003
2.8408460E+001,4.5367832E-003
2.8409960E+001,4.5151222E-003
2.8411460E+001,4.3481937E-003
2.8412960E+001,4.1772852E-003
2.8414460E+001,4.0063767E-003
2.8415960E+001,3.7561307E-003
2.8417460E+001,3.4612572E-003
2.8418960E+001,3.1663837E-003
2.8420460E+001,2.8461092E-003
2.8421960E+001,2.4684063E-003
2.8423460E+001,2.0907033E-003
2.8424960E+001,1.7130004E-003
2.8426460E+001,1.3069396E-003
2.8427960E+001,9.0010178E-004
2.8429460E+001,4.9326400E-004
2.8430960E+001,1.0639825E-004
2.8432460E+001,-2.6923320E-004
2.8433960E+001,-6.4486466E-004
2.8435460E+001,-9.9291130E-004
2.8436960E+001,-1.2785921E-003
2.8438460E+001,-1.5642729E-003
2.8439960E+001,-1.8499538E-003
2.8441460E+001,-2.0012222E-003
2.8442960E+001,-2.1488081E-003
2.8444460E+001,-2.2963939E-003
2.8445960E+001,-2.3365913E-003
2.8447460E+001,-2.3163826E-003
2.8448960E+001,-2.2961739E-003
2.8450460E+001,-2.2226416E-003
2.8451960E+001,-2.0285514E-003
2.8453460E+001,-1.8344611E-003
2.8454960E+001,-1.6403709E-003
2.8456460E+001,-1.2956601E-003
2.8457960E+001,-9.4682257E-004
2.8459460E+001,-5.9798509E-004
2.8460960E+001,-1.7713881E-004
2.8462460E+001,2.8421253E-004
2.8463960E+001,7.4556386E-004
2.8465460E+001,1.2230650E-003
2.8466960E+001,1.7370789E-003
2.8468460E+001,2.2510928E-003
2.8469960E+001,2.7651067E-003
2.8471460E+001,3.2631262E-003
2.8472960E+001,3.7607076E-003
2.8474460E+001,4.2582890E-003
2.8475960E+001,4.7020968E-003
2.8477460E+001,5.1156568E-003
2.8478960E+001,5.5292169E-003
2.8480460E+001,5.9003477E-003
2.8481960E+001,6.1755513E-003
2.8483460E+001,6.4507549E-003
2.8484960E+001,6.7259585E-003
2.8486460E+001,6.8361710E-003
2.8487960E+001,6.9418630E-003
2.8489460E+001,7.0475551E-003
2.8490960E+001,7.0427651E-003
2.8492460E+001,6.9758287E-003
2.8493960E+001,6.9088923E-003
2.8495460E+001,6.7961011E-003
2.8496960E+001,6.5796381E-003
2.8498460E+001,6.3631751E-003
2.8499960E+001,6.1467121E-003
2.8501460E+001,5.8254914E-003
2.8502960E+001,5.5014005E-003
2.8504460E+001,5.1773097E-003
2.8505960E+001,4.8166944E-003
2.8507460E+001,4.4355342E-003
2.8508960E+001,4.0543739E-003
2.8510460E+001,3.6708830E-003
2.8511960E+001,3.2821229E-003
2.8513460E+001,2.8933628E-003
2.8514960E+001,2.5046027E-003
2.8516460E+001,2.1486825E-003
2.8517960E+001,1.7936621E-003
2.8519460E+001,1.4386418E-003
2.8520960E+001,1.1243849E-003
2.8522460E+001,8.3305752E-004
2.8523960E+001,5.4173017E-004
2.8525460E+001,2.7565695E-004
2.8526960E+001,6.6680194E-005
2.8528460E+001,-1.4229656E-004
2.8529960E+001,-3.5127332E-004
2.8531460E+001,-4.7125563E-004
2.8532960E+001,-5.8879967E-004
2.8534460E+001,-7.0634372E-004
2.8535960E+001,-7.6479295E-004
2.8537460E+001,-7.9000126E-004
2.8538960E+001,-8.1520957E-004
2.8540460E+001,-8.1432267E-004
2.8541960E+001,-7.5443773E-004
2.8543460E+001,-6.9455278E-004
2.8544960E+001,-6.3466784E-004
2.8546460E+001,-5.0795398E-004
2.8547960E+001,-3.7940914E-004
2.8549460E+001,-2.5086431E-004
2.8550960E+001,-9.5284921E-005
2.8552460E+001,7.5501443E-005
2.8553960E+001,2.4628781E-004
2.8555460E+001,4.1926762E-004
2.8556960E+001,5.9720655E-004
2.8558460E+001,7.7514548E-004
2.8559960E+001,9.5308440E-004
2.8561460E+001,1.1002145E-003
2.8562960E+001,1.2465004E-003
2.8564460E+001,1.3927864E-003
2.8565960E+001,1.4970686E-003
2.8567460E+001,1.5777236E-003
2.8568960E+001,1.6583787E-003
2.8570460E+001,1.7129536E-003
2.8571960E+001,1.7085646E-003
2.8573460E+001,1.7041756E-003
2.8574960E+001,1.6997866E-003
2.8576460E+001,1.6146861E-003
2.8577960E+001,1.5273743E-003
2.8579460E+001,1.4400625E-003
2.8580960E+001,1.3152691E-003
2.8582460E+001,1.1693923E-003
2.8583960E+001,1.0235155E-003
2.8585460E+001,8.7189227E-004
2.8586960E+001,7.0727695E-004
2.8588460E+001,5.4266164E-004
2.8589960E+001,3.7804632E-004
2.8591460E+001,2.3691989E-004
2.8592960E+001,9.6437005E-005
2.8594460E+001,-4.4045881E-005
2.8595960E+001,-1.4844074E-004
2.8597460E+001,-2.3253604E-004
2.8598960E+001,-3.1663134E-004
2.8600460E+001,-3.7968667E-004
2.8601960E+001,-3.9517326E-004
2.8603460E+001,-4.1065985E-004
2.8604960E+001,-4.2614644E-004
2.8606460E+001,-3.8366203E-004
2.8607960E+001,-3.3958933E-004
2.8609460E+001,-2.9551664E-004
2.8610960E+001,-2.2825573E-004
2.8612460E+001,-1.4795143E-004
2.8613960E+001,-6.7647122E-005
2.8615460E+001,1.5680341E-005
2.8616960E+001,1.0584279E-004
2.8618460E+001,1.9600524E-004
2.8619960E+001,2.8616768E-004
2.8621460E+001,3.6692149E-004
2.8622960E+001,4.4741751E-004
2.8624460E+001,5.2791354E-004
2.8625960E+001,5.9699404E-004
2.8627460E+001,6.5965329E-004
2.8628960E+001,7.2231254E-004
2.8630460E+001,7.7995483E-004
2.8631960E+001,8.2625440E-004
2.8633460E+001,8.7255397E-004
2.8634960E+001,9.1885354E-004
2.8636460E+001,9.5453952E-004
2.8637960E+001,9.8993471E-004
2.8639460E+001,1.0253299E-003
2.8640960E+001,1.0560873E-003
2.8642460E+001,1.0842358E-003
2.8643960E+001,1.1123844E-003
2.8645460E+001,1.1380759E-003
2.8646960E+001,1.1582125E-003
2.8648460E+001,1.1783491E-003
2.8649960E+001,1.1984857E-003
2.8651460E+001,1.2069881E-003
2.8652960E+001,1.2151717E-003
2.8654460E+001,1.2233553E-003
2.8655960E+001,1.2213242E-003
2.8657460E+001,1.2135472E-003
2.8658960E+001,1.2057702E-003
2.8660460E+001,1.1924904E-003
2.8661960E+001,1.1667691E-003
2.8663460E+001,1.1410479E-003
2.8664960E+001,1.1153266E-003
2.8666460E+001,1.0718207E-003
2.8667960E+001,1.0278275E-003
2.8669460E+001,9.8383431E-004
2.8670960E+001,9.2773108E-004
2.8672460E+001,8.6481594E-004
2.8673960E+001,8.0190080E-004
2.8675460E+001,7.3247108E-004
2.8676960E+001,6.4831271E-004
2.8678460E+001,5.6415434E-004
2.8679960E+001,4.7999596E-004
2.8681460E+001,3.7253785E-004
2.8682960E+001,2.6444138E-004
2.8684460E+001,1.5634491E-004
2.8685960E+001,3.3710245E-005
2.8687460E+001,-9.7102169E-005
2.8688960E+001,-2.2791458E-004
2.8690460E+001,-3.6251350E-004
2.8691960E+001,-5.0567324E-004
2.8693460E+001,-6.4883298E-004
2.8694960E+001,-7.9199272E-004
2.8696460E+001,-9.2580816E-004
2.8697960E+001,-1.0593676E-003
2.8699460E+001,-1.1929270E-003
2.8700960E+001,-1.3010633E-003
2.8702460E+001,-1.3948989E-003
2.8703960E+001,-1.4887346E-003
2.8705460E+001,-1.5614173E-003
2.8706960E+001,-1.5862758E-003
2.8708460E+001,-1.6111344E-003
2.8709960E+001,-1.6359930E-003
2.8711460E+001,-1.5766763E-003
2.8712960E+001,-1.5150533E-003
2.8714460E+001,-1.4534304E-003
2.8715960E+001,-1.3376254E-003
2.8717460E+001,-1.1913428E-003
2.8718960E+001,-1.0450603E-003
2.8720460E+001,-8.7954830E-004
2.8721960E+001,-6.7056095E-004
2.8723460E+001,-4.6157360E-004
2.8724960E+001,-2.5258624E-004
2.8726460E+001,-1.7444891E-005
2.8727960E+001,2.1841303E-004
2.8729460E+001,4.5427095E-004
2.8730960E+001,6.8236188E-004
2.8732460E+001,9.0608386E-004
2.8733960E+001,1.1298059E-003
2.8735460E+001,1.3402203E-003
2.8736960E+001,1.5205481E-003
2.8738460E+001,1.7008759E-003
2.8739960E+001,1.8812037E-003
2.8741460E+001,2.0032595E-003
2.8742960E+001,2.1237186E-003
2.8744460E+001,2.2441778E-003
2.8745960E+001,2.3259350E-003
2.8747460E+001,2.3859224E-003
2.8748960E+001,2.4459097E-003
2.8750460E+001,2.4908015E-003
2.8751960E+001,2.5015644E-003
2.8753460E+001,2.5123272E-003
2.8754960E+001,2.5230901E-003
2.8756460E+001,2.5021977E-003
2.8757960E+001,2.4804381E-003
2.8759460E+001,2.4586784E-003
2.8760960E+001,2.4263813E-003
2.8762460E+001,2.3881568E-003
2.8763960E+001,2.3499324E-003
2.8765460E+001,2.3100706E-003
2.8766960E+001,2.2665067E-003
2.8768460E+001,2.2229429E-003
2.8769960E+001,2.1793791E-003
2.8771460E+001,2.1347648E-003
2.8772960E+001,2.0901217E-003
2.8774460E+001,2.0454786E-003
2.8775960E+001,1.9987655E-003
2.8777460E+001,1.9508880E-003
2.8778960E+001,1.9030104E-003
2.8780460E+001,1.8522650E-003
2.8781960E+001,1.7950358E-003
2.8783460E+001,1.7378066E-003
2.8784960E+001,1.6805773E-003
2.8786460E+001,1.6080976E-003
2.8787960E+001,1.5352001E-003
2.8789460E+001,1.4623026E-003
2.8790960E+001,1.3778972E-003
2.8792460E+001,1.2870188E-003
2.8793960E+001,1.1961403E-003
2.8795460E+001,1.1013169E-003
2.8796960E+001,9.9757461E-004
2.8798460E+001,8.9383227E-004
2.8799960E+001,7.9008993E-004
2.8801460E+001,6.8694935E-004
2.8802960E+001,5.8382525E-004
2.8804460E+001,4.8070116E-004
2.8805960E+001,3.9002535E-004
2.8807460E+001,3.0635173E-004
2.8808960E+001,2.2267811E-004
2.8810460E+001,1.5030841E-004
2.8811960E+001,1.0349548E-004
2.8813460E+001,5.6682556E-005
2.8814960E+001,9.8696266E-006
2.8816460E+001,6.5858706E-006
2.8817960E+001,4.4947229E-006
2.8819460E+001,2.4035752E-006
2.8820960E+001,2.4046610E-005
2.8822460E+001,5.9040158E-005
2.8823960E+001,9.4033705E-005
2.8825460E+001,1.3302988E-004
2.8826960E+001,1.8107550E-004
2.8828460E+001,2.2912112E-004
2.8829960E+001,2.7716673E-004
2.8831460E+001,3.0355774E-004
2.8832960E+001,3.2935546E-004
2.8834460E+001,3.5515318E-004
2.8835960E+001,3.4320885E-004
2.8837460E+001,3.1003456E-004
2.8838960E+001,2.7686026E-004
2.8840460E+001,2.1737351E-004
2.8841960E+001,9.8397542E-005
2.8843460E+001,-2.0578426E-005
2.8844960E+001,-1.3955439E-004
2.8846460E+001,-3.4992892E-004
2.8847960E+001,-5.6280758E-004
2.8849460E+001,-7.7568624E-004
2.8850960E+001,-1.0396804E-003
2.8852460E+001,-1.3324271E-003
2.8853960E+001,-1.6251738E-003
2.8855460E+001,-1.9321840E-003
2.8856960E+001,-2.2714421E-003
2.8858460E+001,-2.6107003E-003
2.8859960E+001,-2.9499584E-003
2.8861460E+001,-3.2908558E-003
2.8862960E+001,-3.6317981E-003
2.8864460E+001,-3.9727405E-003
2.8865960E+001,-4.2854753E-003
2.8867460E+001,-4.5823434E-003
2.8868960E+001,-4.8792115E-003
2.8870460E+001,-5.1513993E-003
2.8871960E+001,-5.3677881E-003
2.8873460E+001,-5.5841768E-003
2.8874960E+001,-5.8005656E-003
2.8876460E+001,-5.9191756E-003
2.8877960E+001,-6.0351067E-003
2.8879460E+001,-6.1510377E-003
2.8880960E+001,-6.2017156E-003
2.8882460E+001,-6.2156885E-003
2.8883960E+001,-6.2296613E-003
2.8885460E+001,-6.2167694E-003
2.8886960E+001,-6.1431394E-003
2.8888460E+001,-6.0695094E-003
2.8889960E+001,-5.9958794E-003
2.8891460E+001,-5.8613098E-003
2.8892960E+001,-5.7250705E-003
2.8894460E+001,-5.5888312E-003
2.8895960E+001,-5.4316975E-003
2.8897460E+001,-5.2628106E-003
2.8898960E+001,-5.0939237E-003
2.8900460E+001,-4.9241726E-003
2.8901960E+001,-4.7524677E-003
2.8903460E+001,-4.5807628E-003
2.8904960E+001,-4.4090579E-003
2.8906460E+001,-4.2592475E-003
2.8907960E+001,-4.1100370E-003
2.8909460E+001,-3.9608265E-003
2.8910960E+001,-3.8370253E-003
2.8912460E+001,-3.7275169E-003
2.8913960E+001,-3.6180085E-003
2.8915460E+001,-3.5227320E-003
2.8916960E+001,-3.4596322E-003
2.8918460E+001,-3.3965323E-003
2.8919960E+001,-3.3334325E-003
2.8921460E+001,-3.3112795E-003
2.8922960E+001,-3.2902484E-003
2.8924460E+001,-3.2692173E-003
2.8925960E+001,-3.2665643E-003
2.8927460E+001,-3.2742491E-003
2.8928960E+001,-3.2819338E-003
2.8930460E+001,-3.2930352E-003
2.8931960E+001,-3.3118613E-003
2.8933460E+001,-3.3306874E-003
2.8934960E+001,-3.3495135E-003
2.8936460E+001,-3.3641831E-003
2.8937960E+001,-3.3787389E-003
2.8939460E+001,-3.3932947E-003
2.8940960E+001,-3.4001949E-003
2.8942460E+001,-3.4027889E-003
2.8943960E+001,-3.4053828E-003
2.8945460E+001,-3.4050511E-003
2.8946960E+001,-3.3981046E-003
2.8948460E+001,-3.3911581E-003
2.8949960E+001,-3.3842116E-003
2.8951460E+001,-3.3785454E-003
2.8952960E+001,-3.3729143E-003
2.8954460E+001,-3.3672832E-003
2.8955960E+001,-3.3716034E-003
2.8957460E+001,-3.3815213E-003
2.8958960E+001,-3.3914392E-003
2.8960460E+001,-3.4094618E-003
2.8961960E+001,-3.4458080E-003
2.8963460E+001,-3.4821543E-003
2.8964960E+001,-3.5185005E-003
2.8966460E+001,-3.5819216E-003
2.8967960E+001,-3.6460844E-003
2.8969460E+001,-3.7102472E-003
2.8970960E+001,-3.7850016E-003
2.8972460E+001,-3.8657138E-003
2.8973960E+001,-3.9464261E-003
2.8975460E+001,-4.0252636E-003
2.8976960E+001,-4.0998626E-003
2.8978460E+001,-4.1744617E-003
2.8979960E+001,-4.2490607E-003
2.8981460E+001,-4.2897005E-003
2.8982960E+001,-4.3294099E-003
2.8984460E+001,-4.3691193E-003
2.8985960E+001,-4.3689036E-003
2.8987460E+001,-4.3462301E-003
2.8988960E+001,-4.3235565E-003
2.8990460E+001,-4.2759851E-003
2.8991960E+001,-4.1721225E-003
2.8993460E+001,-4.0682599E-003
2.8994960E+001,-3.9643973E-003
2.8996460E+001,-3.7773498E-003
2.8997960E+001,-3.5880231E-003
2.8999460E+001,-3.3986965E-003
2.9000960E+001,-3.1631677E-003
2.9002460E+001,-2.9016502E-003
2.9003960E+001,-2.6401327E-003
2.9005460E+001,-2.3656576E-003
2.9006960E+001,-2.0618873E-003
2.9008460E+001,-1.7581169E-003
2.9009960E+001,-1.4543465E-003
2.9011460E+001,-1.1499183E-003
2.9012960E+001,-8.4547209E-004
2.9014460E+001,-5.4102586E-004
2.9015960E+001,-2.6502541E-004
2.9017460E+001,-5.0257503E-006
2.9018960E+001,2.5497391E-004
2.9020460E+001,4.8924003E-004
2.9021960E+001,6.6532581E-004
2.9023460E+001,8.4141159E-004
2.9024960E+001,1.0174974E-003
2.9026460E+001,1.0869971E-003
2.9027960E+001,1.1535765E-003
2.9029460E+001,1.2201560E-003
2.9030960E+001,1.2125982E-003
2.9032460E+001,1.1633381E-003
2.9033960E+001,1.1140780E-003
2.9035460E+001,1.0336354E-003
2.9036960E+001,8.8269299E-004
2.9038460E+001,7.3175059E-004
2.9039960E+001,5.8080818E-004
2.9041460E+001,3.6162280E-004
2.9042960E+001,1.4056771E-004
2.9044460E+001,-8.0487388E-005
2.9045960E+001,-3.1900223E-004
2.9047460E+001,-5.6733821E-004
2.9048960E+001,-8.1567419E-004
2.9050460E+001,-1.0580667E-003
2.9051960E+001,-1.2870216E-003
2.9053460E+001,-1.5159765E-003
2.9054960E+001,-1.7449314E-003
2.9056460E+001,-1.9131495E-003
2.9057960E+001,-2.0797036E-003
2.9059460E+001,-2.2462577E-003
2.9060960E+001,-2.3520953E-003
2.9062460E+001,-2.4237798E-003
2.9063960E+001,-2.4954643E-003
2.9065460E+001,-2.5330622E-003
2.9066960E+001,-2.4935944E-003
2.9068460E+001,-2.4541267E-003
2.9069960E+001,-2.4146589E-003
2.9071460E+001,-2.2700453E-003
2.9072960E+001,-2.1225509E-003
2.9074460E+001,-1.9750566E-003
2.9075960E+001,-1.7726863E-003
2.9077460E+001,-1.5394483E-003
2.9078960E+001,-1.3062102E-003
2.9080460E+001,-1.0581352E-003
2.9081960E+001,-7.7651557E-004
2.9083460E+001,-4.9489592E-004
2.9084960E+001,-2.1327627E-004
2.9086460E+001,7.1468004E-005
2.9087960E+001,3.5629789E-004
2.9089460E+001,6.4112777E-004
2.9090960E+001,8.9972149E-004
2.9092460E+001,1.1435573E-003
2.9093960E+001,1.3873931E-003
2.9095460E+001,1.6078203E-003
2.9096960E+001,1.7753233E-003
2.9098460E+001,1.9428263E-003
2.9099960E+001,2.1103292E-003
2.9101460E+001,2.1826524E-003
2.9102960E+001,2.2523679E-003
2.9104460E+001,2.3220834E-003
2.9105960E+001,2.3254408E-003
2.9107460E+001,2.2914717E-003
2.9108960E+001,2.2575026E-003
2.9110460E+001,2.1945011E-003
2.9111960E+001,2.0658610E-003
2.9113460E+001,1.9372209E-003
2.9114960E+001,1.8085808E-003
2.9116460E+001,1.6093959E-003
2.9117960E+001,1.4082783E-003
2.9119460E+001,1.2071607E-003
2.9120960E+001,9.8073629E-004
2.9122460E+001,7.4007682E-004
2.9123960E+001,4.9941735E-004
2.9125460E+001,2.5893562E-004
2.9126960E+001,1.8855710E-005
2.9128460E+001,-2.2122419E-004
2.9129960E+001,-4.6130410E-004
2.9131460E+001,-6.5982635E-004
2.9132960E+001,-8.5721000E-004
2.9134460E+001,-1.0545937E-003
2.9135960E+001,-1.2008325E-003
2.9137460E+001,-1.3183022E-003
2.9138960E+001,-1.4357720E-003
2.9140460E+001,-1.5211993E-003
2.9141960E+001,-1.5341824E-003
2.9143460E+001,-1.5471655E-003
2.9144960E+001,-1.5601487E-003
2.9146460E+001,-1.4661186E-003
2.9147960E+001,-1.3691565E-003
2.9149460E+001,-1.2721945E-003
2.9150960E+001,-1.1151149E-003
2.9152460E+001,-9.2421915E-004
2.9153960E+001,-7.3332338E-004
2.9155460E+001,-5.2401849E-004
2.9156960E+001,-2.7309286E-004
2.9158460E+001,-2.2167228E-005
2.9159960E+001,2.2875840E-004
2.9161460E+001,4.9624244E-004
2.9162960E+001,7.6418015E-004
2.9164460E+001,1.0321179E-003
2.9165960E+001,1.2845254E-003
2.9167460E+001,1.5281971E-003
2.9168960E+001,1.7718689E-003
2.9170460E+001,1.9987472E-003
2.9171960E+001,2.1876574E-003
2.9173460E+001,2.3765676E-003
2.9174960E+001,2.5654779E-003
2.9176460E+001,2.6860972E-003
2.9177960E+001,2.8048455E-003
2.9179460E+001,2.9235937E-003
2.9180960E+001,2.9964204E-003
2.9182460E+001,3.0434160E-003
2.9183960E+001,3.0904116E-003
2.9185460E+001,3.1175351E-003
2.9186960E+001,3.0997303E-003
2.9188460E+001,3.0819256E-003
2.9189960E+001,3.0641208E-003
2.9191460E+001,2.9926999E-003
2.9192960E+001,2.9198099E-003
2.9194460E+001,2.8469200E-003
2.9195960E+001,2.7448562E-003
2.9197460E+001,2.6263819E-003
2.9198960E+001,2.5079077E-003
2.9200460E+001,2.3785441E-003
2.9201960E+001,2.2245610E-003
2.9203460E+001,2.0705778E-003
2.9204960E+001,1.9165947E-003
2.9206460E+001,1.7410948E-003
2.9207960E+001,1.5650055E-003
2.9209460E+001,1.3889161E-003
2.9210960E+001,1.2105747E-003
2.9212460E+001,1.0309667E-003
2.9213960E+001,8.5135860E-004
2.9215460E+001,6.7768283E-004
2.9216960E+001,5.1741923E-004
2.9218460E+001,3.5715563E-004
2.9219960E+001,1.9689204E-004
2.9221460E+001,7.8194566E-005
2.9222960E+001,-3.9364079E-005
2.9224460E+001,-1.5692272E-004
2.9225960E+001,-2.3525654E-004
2.9227460E+001,-2.9152633E-004
2.9228960E+001,-3.4779612E-004
2.9230460E+001,-3.8243594E-004
2.9231960E+001,-3.6817309E-004
2.9233460E+001,-3.5391023E-004
2.9234960E+001,-3.3964738E-004
2.9236460E+001,-2.5857805E-004
2.9237960E+001,-1.7567836E-004
2.9239460E+001,-9.2778665E-005
2.9240960E+001,2.6732853E-005
2.9242460E+001,1.6683858E-004
2.9243960E+001,3.0694430E-004
2.9245460E+001,4.5930360E-004
2.9246960E+001,6.3936670E-004
2.9248460E+001,8.1942980E-004
2.9249960E+001,9.9949290E-004
2.9251460E+001,1.1994888E-003
2.9252960E+001,1.4000309E-003
2.9254460E+001,1.6005729E-003
2.9255960E+001,1.8015590E-003
2.9257460E+001,2.0027948E-003
2.9258960E+001,2.2040306E-003
2.9260460E+001,2.3994136E-003
2.9261960E+001,2.5815640E-003
2.9263460E+001,2.7637145E-003
2.9264960E+001,2.9458649E-003
2.9266460E+001,3.0902787E-003
2.9267960E+001,3.2336585E-003
2.9269460E+001,3.3770383E-003
2.9270960E+001,3.4841476E-003
2.9272460E+001,3.5708548E-003
2.9273960E+001,3.6575620E-003
2.9275460E+001,3.7232776E-003
2.9276960E+001,3.7415338E-003
2.9278460E+001,3.7597901E-003
2.9279960E+001,3.7780464E-003
2.9281460E+001,3.7300350E-003
2.9282960E+001,3.6802080E-003
2.9284460E+001,3.6303810E-003
2.9285960E+001,3.5478937E-003
2.9287460E+001,3.4470351E-003
2.9288960E+001,3.3461764E-003
2.9290460E+001,3.2398275E-003
2.9291960E+001,3.1210657E-003
2.9293460E+001,3.0023039E-003
2.9294960E+001,2.8835421E-003
2.9296460E+001,2.7881381E-003
2.9297960E+001,2.6933740E-003
2.9299460E+001,2.5986100E-003
2.9300960E+001,2.5439088E-003
2.9302460E+001,2.5117429E-003
2.9303960E+001,2.4795771E-003
2.9305460E+001,2.4736758E-003
2.9306960E+001,2.5271555E-003
2.9308460E+001,2.5806352E-003
2.9309960E+001,2.6341148E-003
2.9311460E+001,2.7710571E-003
2.9312960E+001,2.9102862E-003
2.9314460E+001,3.0495152E-003
2.9315960E+001,3.2293857E-003
2.9317460E+001,3.4321171E-003
2.9318960E+001,3.6348485E-003
2.9320460E+001,3.8458667E-003
2.9321960E+001,4.0756202E-003
2.9323460E+001,4.3053738E-003
2.9324960E+001,4.5351273E-003
2.9326460E+001,4.7531367E-003
2.9327960E+001,4.9708242E-003
2.9329460E+001,5.1885118E-003
2.9330960E+001,5.3780755E-003
2.9332460E+001,5.5518193E-003
2.9333960E+001,5.7255632E-003
2.9335460E+001,5.8796866E-003
2.9336960E+001,5.9894507E-003
2.9338460E+001,6.0992147E-003
2.9339960E+001,6.2089788E-003
2.9341460E+001,6.2481466E-003
2.9342960E+001,6.2853802E-003
2.9344460E+001,6.3226139E-003
2.9345960E+001,6.3135695E-003
2.9347460E+001,6.2784937E-003
2.9348960E+001,6.2434179E-003
2.9350460E+001,6.1881855E-003
2.9351960E+001,6.0873813E-003
2.9353460E+001,5.9865771E-003
2.9354960E+001,5.8857729E-003
2.9356460E+001,5.7326920E-003
2.9357960E+001,5.5781789E-003
2.9359460E+001,5.4236657E-003
2.9360960E+001,5.2460860E-003
2.9362460E+001,5.0555313E-003
2.9363960E+001,4.8649766E-003
2.9365460E+001,4.6705301E-003
2.9366960E+001,4.4672848E-003
2.9368460E+001,4.2640396E-003
2.9369960E+001,4.0607943E-003
2.9371460E+001,3.8719749E-003
2.9372960E+001,3.6835507E-003
2.9374460E+001,3.4951265E-003
2.9375960E+001,3.3341805E-003
2.9377460E+001,3.1886911E-003
2.9378960E+001,3.0432016E-003
2.9380460E+001,2.9182405E-003
2.9381960E+001,2.8396917E-003
2.9383460E+001,2.7611428E-003
2.9384960E+001,2.6825940E-003
2.9386460E+001,2.6843861E-003
2.9387960E+001,2.6883795E-003
2.9389460E+001,2.6923728E-003
2.9390960E+001,2.7520005E-003
2.9392460E+001,2.8429226E-003
2.9393960E+001,2.9338446E-003
2.9395460E+001,3.0489972E-003
2.9396960E+001,3.2189321E-003
2.9398460E+001,3.3888669E-003
2.9399960E+001,3.5588018E-003
2.9401460E+001,3.7865651E-003
2.9402960E+001,4.0159127E-003
2.9404460E+001,4.2452604E-003
2.9405960E+001,4.4941347E-003
2.9407460E+001,4.7539928E-003
2.9408960E+001,5.0138509E-003
2.9410460E+001,5.2725251E-003
2.9411960E+001,5.5285227E-003
2.9413460E+001,5.7845202E-003
2.9414960E+001,6.0405178E-003
2.9416460E+001,6.2582056E-003
2.9417960E+001,6.4748438E-003
2.9419460E+001,6.6914820E-003
2.9420960E+001,6.8619619E-003
2.9422460E+001,7.0064777E-003
2.9423960E+001,7.1509934E-003
2.9425460E+001,7.2651364E-003
2.9426960E+001,7.3106105E-003
2.9428460E+001,7.3560845E-003
2.9429960E+001,7.4015585E-003
2.9431460E+001,7.3327546E-003
2.9432960E+001,7.2608197E-003
2.9434460E+001,7.1888847E-003
2.9435960E+001,7.0372371E-003
2.9437460E+001,6.8407510E-003
2.9438960E+001,6.6442649E-003
2.9440460E+001,6.4116051E-003
2.9441960E+001,6.0971610E-003
2.9443460E+001,5.7827169E-003
2.9444960E+001,5.4682729E-003
2.9446460E+001,5.0602601E-003
2.9447960E+001,4.6496837E-003
2.9449460E+001,4.2391073E-003
2.9450960E+001,3.7900732E-003
2.9452460E+001,3.3194067E-003
2.9453960E+001,2.8487402E-003
2.9455460E+001,2.3735786E-003
2.9456960E+001,1.8882543E-003
2.9458460E+001,1.4029299E-003
2.9459960E+001,9.1760556E-004
2.9461460E+001,4.6328442E-004
2.9462960E+001,9.8127012E-006
2.9464460E+001,-4.4365902E-004
2.9465960E+001,-8.5225417E-004
2.9467460E+001,-1.2356062E-003
2.9468960E+001,-1.6189582E-003
2.9470460E+001,-1.9737577E-003
2.9471960E+001,-2.2640035E-003
2.9473460E+001,-2.5542493E-003
2.9474960E+001,-2.8444950E-003
2.9476460E+001,-3.0392196E-003
2.9477960E+001,-3.2313270E-003
2.9479460E+001,-3.4234345E-003
2.9480960E+001,-3.5599052E-003
2.9482460E+001,-3.6650802E-003
2.9483960E+001,-3.7702551E-003
2.9485460E+001,-3.8557305E-003
2.9486960E+001,-3.8966673E-003
2.9488460E+001,-3.9376042E-003
2.9489960E+001,-3.9785411E-003
2.9491460E+001,-3.9843196E-003
2.9492960E+001,-3.9891348E-003
2.9494460E+001,-3.9939499E-003
2.9495960E+001,-3.9933064E-003
2.9497460E+001,-3.9895924E-003
2.9498960E+001,-3.9858784E-003
2.9500460E+001,-3.9863272E-003
2.9501960E+001,-3.9961879E-003
2.9503460E+001,-4.0060486E-003
2.9504960E+001,-4.0159093E-003
2.9506460E+001,-4.0516231E-003
2.9507960E+001,-4.0880452E-003
2.9509460E+001,-4.1244673E-003
2.9510960E+001,-4.1791146E-003
2.9512460E+001,-4.2440136E-003
2.9513960E+001,-4.3089126E-003
2.9515460E+001,-4.3798480E-003
2.9516960E+001,-4.4644309E-003
2.9518460E+001,-4.5490139E-003
2.9519960E+001,-4.6335968E-003
2.9521460E+001,-4.7213611E-003
2.9522960E+001,-4.8092126E-003
2.9524460E+001,-4.8970641E-003
2.9525960E+001,-4.9748990E-003
2.9527460E+001,-5.0470995E-003
2.9528960E+001,-5.1192999E-003
2.9530460E+001,-5.1817922E-003
2.9531960E+001,-5.2223351E-003
2.9533460E+001,-5.2628781E-003
2.9534960E+001,-5.3034211E-003
2.9536460E+001,-5.3043348E-003
2.9537960E+001,-5.3041628E-003
2.9539460E+001,-5.3039907E-003
2.9540960E+001,-5.2776222E-003
2.9542460E+001,-5.2365180E-003
2.9543960E+001,-5.1954138E-003
2.9545460E+001,-5.1443243E-003
2.9546960E+001,-5.0706592E-003
2.9548460E+001,-4.9969940E-003
2.9549960E+001,-4.9233289E-003
2.9551460E+001,-4.8324560E-003
2.9552960E+001,-4.7411117E-003
2.9554460E+001,-4.6497674E-003
2.9555960E+001,-4.5587265E-003
2.9557460E+001,-4.4678563E-003
2.9558960E+001,-4.3769860E-003
2.9560460E+001,-4.2918041E-003
2.9561960E+001,-4.2194827E-003
2.9563460E+001,-4.1471614E-003
2.9564960E+001,-4.0748400E-003
2.9566460E+001,-4.0355423E-003
2.9567960E+001,-3.9971493E-003
2.9569460E+001,-3.9587563E-003
2.9570960E+001,-3.9489887E-003
2.9572460E+001,-3.9553228E-003
2.9573960E+001,-3.9616570E-003
2.9575460E+001,-3.9830957E-003
2.9576960E+001,-4.0386838E-003
2.9578460E+001,-4.0942720E-003
2.9579960E+001,-4.1498601E-003
2.9581460E+001,-4.2500929E-003
2.9582960E+001,-4.3515489E-003
2.9584460E+001,-4.4530049E-003
2.9585960E+001,-4.5759326E-003
2.9587460E+001,-4.7109383E-003
2.9588960E+001,-4.8459439E-003
2.9590460E+001,-4.9848327E-003
2.9591960E+001,-5.1325008E-003
2.9593460E+001,-5.2801688E-003
2.9594960E+001,-5.4278369E-003
2.9596460E+001,-5.5613020E-003
2.9597960E+001,-5.6943779E-003
2.9599460E+001,-5.8274539E-003
2.9600960E+001,-5.9323296E-003
2.9602460E+001,-6.0213427E-003
2.9603960E+001,-6.1103558E-003
2.9605460E+001,-6.1778991E-003
2.9606960E+001,-6.1969019E-003
2.9608460E+001,-6.2159047E-003
2.9609960E+001,-6.2349075E-003
2.9611460E+001,-6.1699498E-003
2.9612960E+001,-6.1026918E-003
2.9614460E+001,-6.0354337E-003
2.9615960E+001,-5.9118834E-003
2.9617460E+001,-5.7566687E-003
2.9618960E+001,-5.6014539E-003
2.9620460E+001,-5.4238355E-003
2.9621960E+001,-5.1955653E-003
2.9623460E+001,-4.9672952E-003
2.9624960E+001,-4.7390250E-003
2.9626460E+001,-4.4688869E-003
2.9627960E+001,-4.1976017E-003
2.9629460E+001,-3.9263165E-003
2.9630960E+001,-3.6532253E-003
2.9632460E+001,-3.3791182E-003
2.9633960E+001,-3.1050111E-003
2.9635460E+001,-2.8430309E-003
2.9636960E+001,-2.6084683E-003
2.9638460E+001,-2.3739057E-003
2.9639960E+001,-2.1393432E-003
2.9641460E+001,-1.9774134E-003
2.9642960E+001,-1.8174735E-003
2.9644460E+001,-1.6575337E-003
2.9645960E+001,-1.5577605E-003
2.9647460E+001,-1.4918310E-003
2.9648960E+001,-1.4259015E-003
2.9650460E+001,-1.3884687E-003
2.9651960E+001,-1.4154637E-003
2.9653460E+001,-1.4424586E-003
2.9654960E+001,-1.4694535E-003
2.9656460E+001,-1.5660867E-003
2.9657960E+001,-1.6646278E-003
2.9659460E+001,-1.7631689E-003
2.9660960E+001,-1.8840097E-003
2.9662460E+001,-2.0173940E-003
2.9663960E+001,-2.1507784E-003
2.9665460E+001,-2.2815043E-003
2.9666960E+001,-2.4062199E-003
2.9668460E+001,-2.5309354E-003
2.9669960E+001,-2.6556510E-003
2.9671460E+001,-2.7327791E-003
2.9672960E+001,-2.8086035E-003
2.9674460E+001,-2.8844279E-003
2.9675960E+001,-2.9111825E-003
2.9677460E+001,-2.9103352E-003
2.9678960E+001,-2.9094880E-003
2.9680460E+001,-2.8821794E-003
2.9681960E+001,-2.7950448E-003
2.9683460E+001,-2.7079102E-003
2.9684960E+001,-2.6207755E-003
2.9686460E+001,-2.4587868E-003
2.9687960E+001,-2.2947471E-003
2.9689460E+001,-2.1307075E-003
2.9690960E+001,-1.9330832E-003
2.9692460E+001,-1.7165675E-003
2.9693960E+001,-1.5000518E-003
2.9695460E+001,-1.2773151E-003
2.9696960E+001,-1.0405134E-003
2.9698460E+001,-8.0371169E-004
2.9699960E+001,-5.6691000E-004
2.9701460E+001,-3.4109235E-004
2.9702960E+001,-1.1557565E-004
2.9704460E+001,1.0994106E-004
2.9705960E+001,3.1294493E-004
2.9707460E+001,5.0328529E-004
2.9708960E+001,6.9362564E-004
2.9710460E+001,8.6940603E-004
2.9711960E+001,1.0122681E-003
2.9713460E+001,1.1551302E-003
2.9714960E+001,1.2979924E-003
2.9716460E+001,1.3940924E-003
2.9717960E+001,1.4889113E-003
2.9719460E+001,1.5837301E-003
2.9720960E+001,1.6530053E-003
2.9722460E+001,1.7079121E-003
2.9723960E+001,1.7628189E-003
2.9725460E+001,1.8091117E-003
2.9726960E+001,1.8359293E-003
2.9728460E+001,1.8627469E-003
2.9729960E+001,1.8895645E-003
2.9731460E+001,1.8989205E-003
2.9732960E+001,1.9077980E-003
2.9734460E+001,1.9166755E-003
2.9735960E+001,1.9170973E-003
2.9737460E+001,1.9127628E-003
2.9738960E+001,1.9084283E-003
2.9740460E+001,1.8996989E-003
2.9741960E+001,1.8810332E-003
2.9743460E+001,1.8623674E-003
2.9744960E+001,1.8437017E-003
2.9746460E+001,1.8072453E-003
2.9747960E+001,1.7703015E-003
2.9749460E+001,1.7333577E-003
2.9750960E+001,1.6832862E-003
2.9752460E+001,1.6258303E-003
2.9753960E+001,1.5683745E-003
2.9755460E+001,1.5055022E-003
2.9756960E+001,1.4303841E-003
2.9758460E+001,1.3552659E-003
2.9759960E+001,1.2801478E-003
2.9761460E+001,1.1961137E-003
2.9762960E+001,1.1118353E-003
2.9764460E+001,1.0275569E-003
2.9765960E+001,9.4510118E-004
2.9767460E+001,8.6367063E-004
2.9768960E+001,7.8224008E-004
2.9770460E+001,7.0533543E-004
2.9771960E+001,6.3866330E-004
2.9773460E+001,5.7199116E-004
2.9774960E+001,5.0531903E-004
2.9776460E+001,4.6122976E-004
2.9777960E+001,4.1775921E-004
2.9779460E+001,3.7428866E-004
2.9780960E+001,3.4777731E-004
2.9782460E+001,3.3080552E-004
2.9783960E+001,3.1383374E-004
2.9785460E+001,3.0454584E-004
2.9786960E+001,3.1263025E-004
2.9788460E+001,3.2071467E-004
2.9789960E+001,3.2879908E-004
2.9791460E+001,3.5663893E-004
2.9792960E+001,3.8502004E-004
2.9794460E+001,4.1340115E-004
2.9795960E+001,4.5012250E-004
2.9797460E+001,4.9153524E-004
2.9798960E+001,5.3294799E-004
2.9800460E+001,5.7524034E-004
2.9801960E+001,6.1952139E-004
2.9803460E+001,6.6380244E-004
2.9804960E+001,7.0808349E-004
2.9806460E+001,7.4188361E-004
2.9807960E+001,7.7539657E-004
2.9809460E+001,8.0890952E-004
2.9810960E+001,8.2514796E-004
2.9812460E+001,8.3166944E-004
2.9813960E+001,8.3819093E-004
2.9815460E+001,8.3165599E-004
2.9816960E+001,7.9560207E-004
2.9818460E+001,7.5954816E-004
2.9819960E+001,7.2349424E-004
2.9821460E+001,6.3635535E-004
2.9822960E+001,5.4781684E-004
2.9824460E+001,4.5927833E-004
2.9825960E+001,3.3763209E-004
2.9827460E+001,1.9736270E-004
2.9828960E+001,5.7093304E-005
2.9830460E+001,-9.4807063E-005
2.9831960E+001,-2.7300363E-004
2.9833460E+001,-4.5120019E-004
2.9834960E+001,-6.2939676E-004
2.9836460E+001,-8.2045226E-004
2.9837960E+001,-1.0118601E-003
2.9839460E+001,-1.2032679E-003
2.9840960E+001,-1.3844475E-003
2.9842460E+001,-1.5598738E-003
2.9843960E+001,-1.7353001E-003
2.9845460E+001,-1.8979831E-003
2.9846960E+001,-2.0318553E-003
2.9848460E+001,-2.1657274E-003
2.9849960E+001,-2.2995995E-003
2.9851460E+001,-2.3778449E-003
2.9852960E+001,-2.4545662E-003
2.9854460E+001,-2.5312875E-003
2.9855960E+001,-2.5694943E-003
2.9857460E+001,-2.5860367E-003
2.9858960E+001,-2.6025790E-003
2.9860460E+001,-2.6032781E-003
2.9861960E+001,-2.5681576E-003
2.9863460E+001,-2.5330370E-003
2.9864960E+001,-2.4979165E-003
2.9866460E+001,-2.4290023E-003
2.9867960E+001,-2.3591623E-003
2.9869460E+001,-2.2893223E-003
2.9870960E+001,-2.2112461E-003
2.9872460E+001,-2.1285372E-003
2.9873960E+001,-2.0458283E-003
2.9875460E+001,-1.9664846E-003
2.9876960E+001,-1.8947494E-003
2.9878460E+001,-1.8230141E-003
2.9879960E+001,-1.7512789E-003
2.9881460E+001,-1.7130617E-003
2.9882960E+001,-1.6757629E-003
2.9884460E+001,-1.6384640E-003
2.9885960E+001,-1.6362461E-003
2.9887460E+001,-1.6537613E-003
2.9888960E+001,-1.6712765E-003
2.9890460E+001,-1.7097579E-003
2.9891960E+001,-1.7956411E-003
2.9893460E+001,-1.8815244E-003
2.9894960E+001,-1.9674076E-003
2.9896460E+001,-2.1221726E-003
2.9897960E+001,-2.2788248E-003
2.9899460E+001,-2.4354770E-003
2.9900960E+001,-2.6296552E-003
2.9902460E+001,-2.8449418E-003
2.9903960E+001,-3.0602284E-003
2.9905460E+001,-3.2850994E-003
2.9906960E+001,-3.5316395E-003
2.9908460E+001,-3.7781796E-003
2.9909960E+001,-4.0247197E-003
2.9911460E+001,-4.2631690E-003
2.9912960E+001,-4.5013966E-003
2.9914460E+001,-4.7396241E-003
2.9915960E+001,-4.9438511E-003
2.9917460E+001,-5.1289526E-003
2.9918960E+001,-5.3140542E-003
2.9920460E+001,-5.4704547E-003
2.9921960E+001,-5.5619657E-003
2.9923460E+001,-5.6534767E-003
2.9924960E+001,-5.7449876E-003
2.9926460E+001,-5.7196356E-003
2.9927960E+001,-5.6910818E-003
2.9929460E+001,-5.6625279E-003
2.9930960E+001,-5.5533527E-003
2.9932460E+001,-5.3988278E-003
2.9933960E+001,-5.2443029E-003
2.9935460E+001,-5.0561071E-003
2.9936960E+001,-4.7917854E-003
2.9938460E+001,-4.5274637E-003
2.9939960E+001,-4.2631419E-003
2.9941460E+001,-3.9256772E-003
2.9942960E+001,-3.5862085E-003
2.9944460E+001,-3.2467398E-003
2.9945960E+001,-2.8884444E-003
2.9947460E+001,-2.5195591E-003
2.9948960E+001,-2.1506737E-003
2.9950460E+001,-1.7873113E-003
2.9951960E+001,-1.4364353E-003
2.9953460E+001,-1.0855594E-003
2.9954960E+001,-7.3468343E-004
2.9956460E+001,-4.4008999E-004
2.9957960E+001,-1.4703858E-004
2.9959460E+001,1.4601282E-004
2.9960960E+001,3.8588189E-004
2.9962460E+001,5.9583581E-004
2.9963960E+001,8.0578973E-004
2.9965460E+001,9.8781517E-004
2.9966960E+001,1.1066978E-003
2.9968460E+001,1.2255803E-003
2.9969960E+001,1.3444629E-003
2.9971460E+001,1.3820526E-003
2.9972960E+001,1.4174150E-003
2.9974460E+001,1.4527774E-003
2.9975960E+001,1.4461915E-003
2.9977460E+001,1.4160095E-003
2.9978960E+001,1.3858275E-003
2.9980460E+001,1.3423077E-003
2.9981960E+001,1.2686329E-003
2.9983460E+001,1.1949581E-003
2.9984960E+001,1.1212833E-003
2.9986460E+001,1.0254749E-003
2.9987960E+001,9.2906003E-004
2.9989460E+001,8.3264518E-004
2.9990960E+001,7.3242041E-004
2.9992460E+001,6.3005255E-004
2.9993960E+001,5.2768469E-004
2.9995460E+001,4.2756721E-004
2.9996960E+001,3.3253753E-004
2.9998460E+001,2.3750786E-004
2.9999960E+001,1.4247819E-004
3.0001460E+001,6.6353166E-005
3.0002960E+001,-9.2539047E-006
3.0004460E+001,-8.4860976E-005
3.0005960E+001,-1.3987599E-004
3.0007460E+001,-1.8330795E-004
3.0008960E+001,-2.2673990E-004
3.0010460E+001,-2.5620599E-004
3.0011960E+001,-2.5409698E-004
3.0013460E+001,-2.5198796E-004
3.0014960E+001,-2.4987895E-004
3.0016460E+001,-1.9179261E-004
3.0017960E+001,-1.3217261E-004
3.0019460E+001,-7.2552607E-005
3.0020960E+001,2.8653287E-005
3.0022460E+001,1.5325131E-004
3.0023960E+001,2.7784934E-004
3.0025460E+001,4.2229665E-004
3.0026960E+001,6.1162075E-004
3.0028460E+001,8.0094485E-004
3.0029960E+001,9.9026896E-004
3.0031460E+001,1.2326661E-003
3.0032960E+001,1.4765174E-003
3.0034460E+001,1.7203687E-003
3.0035960E+001,1.9861840E-003
3.0037460E+001,2.2643542E-003
3.0038960E+001,2.5425244E-003
3.0040460E+001,2.8227740E-003
3.0041960E+001,3.1077249E-003
3.0043460E+001,3.3926759E-003
3.0044960E+001,3.6776268E-003
3.0046460E+001,3.9399422E-003
3.0047960E+001,4.2016374E-003
3.0049460E+001,4.4633327E-003
3.0050960E+001,4.6929075E-003
3.0052460E+001,4.9044146E-003
3.0053960E+001,5.1159217E-003
3.0055460E+001,5.3062467E-003
3.0056960E+001,5.4486818E-003
3.0058460E+001,5.5911169E-003
3.0059960E+001,5.7335520E-003
3.0061460E+001,5.8011977E-003
3.0062960E+001,5.8667944E-003
3.0064460E+001,5.9323910E-003
3.0065960E+001,5.9511677E-003
3.0067460E+001,5.9436081E-003
3.0068960E+001,5.9360486E-003
3.0070460E+001,5.9099936E-003
3.0071960E+001,5.8421227E-003
3.0073460E+001,5.7742518E-003
3.0074960E+001,5.7063809E-003
3.0076460E+001,5.5978555E-003
3.0077960E+001,5.4882162E-003
3.0079460E+001,5.3785769E-003
3.0080960E+001,5.2558998E-003
3.0082460E+001,5.1258889E-003
3.0083960E+001,4.9958781E-003
3.0085460E+001,4.8665711E-003
3.0086960E+001,4.7388556E-003
3.0088460E+001,4.6111401E-003
3.0089960E+001,4.4834246E-003
3.0091460E+001,4.3800965E-003
3.0092960E+001,4.2774365E-003
3.0094460E+001,4.1747765E-003
3.0095960E+001,4.1015027E-003
3.0097460E+001,4.0447586E-003
3.0098960E+001,3.9880146E-003
3.0100460E+001,3.9501818E-003
3.0101960E+001,3.9551050E-003
3.0103460E+001,3.9600282E-003
3.0104960E+001,3.9649514E-003
3.0106460E+001,4.0366060E-003
3.0107960E+001,4.1100888E-003
3.0109460E+001,4.1835717E-003
3.0110960E+001,4.2978064E-003
3.0112460E+001,4.4349641E-003
3.0113960E+001,4.5721218E-003
3.0115460E+001,4.7235118E-003
3.0116960E+001,4.9070792E-003
3.0118460E+001,5.0906467E-003
3.0119960E+001,5.2742141E-003
3.0121460E+001,5.4765279E-003
3.0122960E+001,5.6793553E-003
3.0124460E+001,5.8821827E-003
3.0125960E+001,6.0767997E-003
3.0127460E+001,6.2667983E-003
3.0128960E+001,6.4567970E-003
3.0130460E+001,6.6332088E-003
3.0131960E+001,6.7789025E-003
3.0133460E+001,6.9245962E-003
3.0134960E+001,7.0702899E-003
3.0136460E+001,7.1471181E-003
3.0137960E+001,7.2220595E-003
3.0139460E+001,7.2970009E-003
3.0140960E+001,7.3147120E-003
3.0142460E+001,7.3002309E-003
3.0143960E+001,7.2857498E-003
3.0145460E+001,7.2409926E-003
3.0146960E+001,7.1277852E-003
3.0148460E+001,7.0145777E-003
3.0149960E+001,6.9013702E-003
3.0151460E+001,6.6931454E-003
3.0152960E+001,6.4823173E-003
3.0154460E+001,6.2714892E-003
3.0155960E+001,6.0059396E-003
3.0157460E+001,5.7096089E-003
3.0158960E+001,5.4132782E-003
3.0160460E+001,5.0977308E-003
3.0161960E+001,4.7387366E-003
3.0163460E+001,4.3797423E-003
3.0164960E+001,4.0207481E-003
3.0166460E+001,3.6314666E-003
3.0167960E+001,3.2413552E-003
3.0169460E+001,2.8512438E-003
3.0170960E+001,2.4641770E-003
3.0172460E+001,2.0788228E-003
3.0173960E+001,1.6934686E-003
3.0175460E+001,1.3199817E-003
3.0176960E+001,9.7332522E-004
3.0178460E+001,6.2666878E-004
3.0179960E+001,2.8001235E-004
3.0181460E+001,-3.8050266E-006
3.0182960E+001,-2.8590074E-004
3.0184460E+001,-5.6799645E-004
3.0185960E+001,-7.9967556E-004
3.0187460E+001,-1.0029953E-003
3.0188960E+001,-1.2063149E-003
3.0190460E+001,-1.3846401E-003
3.0191960E+001,-1.5064555E-003
3.0193460E+001,-1.6282710E-003
3.0194960E+001,-1.7500865E-003
3.0196460E+001,-1.7981394E-003
3.0197960E+001,-1.8441713E-003
3.0199460E+001,-1.8902032E-003
3.0200960E+001,-1.8942892E-003
3.0202460E+001,-1.8747806E-003
3.0203960E+001,-1.8552720E-003
3.0205460E+001,-1.8192696E-003
3.0206960E+001,-1.7459768E-003
3.0208460E+001,-1.6726840E-003
3.0209960E+001,-1.5993912E-003
3.0211460E+001,-1.4854862E-003
3.0212960E+001,-1.3704685E-003
3.0214460E+001,-1.2554508E-003
3.0215960E+001,-1.1218655E-003
3.0217460E+001,-9.7783589E-004
3.0218960E+001,-8.3380625E-004
3.0220460E+001,-6.8520056E-004
3.0221960E+001,-5.2624897E-004
3.0223460E+001,-3.6729738E-004
3.0224960E+001,-2.0834579E-004
3.0226460E+001,-4.9648378E-005
3.0227960E+001,1.0904207E-004
3.0229460E+001,2.6773252E-004
3.0230960E+001,4.1699799E-004
3.0232460E+001,5.6096189E-004
3.0233960E+001,7.0492579E-004
3.0235460E+001,8.4097078E-004
3.0236960E+001,9.5911212E-004
3.0238460E+001,1.0772535E-003
3.0239960E+001,1.1953948E-003
3.0241460E+001,1.2831074E-003
3.0242960E+001,1.3699863E-003
3.0244460E+001,1.4568652E-003
3.0245960E+001,1.5245161E-003
3.0247460E+001,1.5813512E-003
3.0248960E+001,1.6381862E-003
3.0250460E+001,1.6879990E-003
3.0251960E+001,1.7219351E-003
3.0253460E+001,1.7558713E-003
3.0254960E+001,1.7898074E-003
3.0256460E+001,1.8117623E-003
3.0257960E+001,1.8333890E-003
3.0259460E+001,1.8550156E-003
3.0260960E+001,1.8754637E-003
3.0262460E+001,1.8952488E-003
3.0263960E+001,1.9150339E-003
3.0265460E+001,1.9364282E-003
3.0266960E+001,1.9614607E-003
3.0268460E+001,1.9864932E-003
3.0269960E+001,2.0115258E-003
3.0271460E+001,2.0437380E-003
3.0272960E+001,2.0761469E-003
3.0274460E+001,2.1085558E-003
3.0275960E+001,2.1441884E-003
3.0277460E+001,2.1816344E-003
3.0278960E+001,2.2190804E-003
3.0280460E+001,2.2565586E-003
3.0281960E+001,2.2941096E-003
3.0283460E+001,2.3316606E-003
3.0284960E+001,2.3692116E-003
3.0286460E+001,2.4016645E-003
3.0287960E+001,2.4339777E-003
3.0289460E+001,2.4662909E-003
3.0290960E+001,2.4926308E-003
3.0292460E+001,2.5156106E-003
3.0293960E+001,2.5385904E-003
3.0295460E+001,2.5580819E-003
3.0296960E+001,2.5696866E-003
3.0298460E+001,2.5812912E-003
3.0299960E+001,2.5928959E-003
3.0301460E+001,2.5936476E-003
3.0302960E+001,2.5941019E-003
3.0304460E+001,2.5945562E-003
3.0305960E+001,2.5896090E-003
3.0307460E+001,2.5816233E-003
3.0308960E+001,2.5736376E-003
3.0310460E+001,2.5647850E-003
3.0311960E+001,2.5539724E-003
3.0313460E+001,2.5431597E-003
3.0314960E+001,2.5323470E-003
3.0316460E+001,2.5268969E-003
3.0317960E+001,2.5215936E-003
3.0319460E+001,2.5162904E-003
3.0320960E+001,2.5203290E-003
3.0322460E+001,2.5296225E-003
3.0323960E+001,2.5389159E-003
3.0325460E+001,2.5544877E-003
3.0326960E+001,2.5842540E-003
3.0328460E+001,2.6140202E-003
3.0329960E+001,2.6437865E-003
3.0331460E+001,2.6917434E-003
3.0332960E+001,2.7401986E-003
3.0334460E+001,2.7886539E-003
3.0335960E+001,2.8414139E-003
3.0337460E+001,2.8965953E-003
3.0338960E+001,2.9517767E-003
3.0340460E+001,3.0026313E-003
3.0341960E+001,3.0437036E-003
3.0343460E+001,3.0847759E-003
3.0344960E+001,3.1258482E-003
3.0346460E+001,3.1296095E-003
3.0347960E+001,3.1323485E-003
3.0349460E+001,3.1350875E-003
3.0350960E+001,3.1007884E-003
3.0352460E+001,3.0456553E-003
3.0353960E+001,2.9905222E-003
3.0355460E+001,2.9153689E-003
3.0356960E+001,2.7949523E-003
3.0358460E+001,2.6745358E-003
3.0359960E+001,2.5541192E-003
3.0361460E+001,2.3779691E-003
3.0362960E+001,2.2002920E-003
3.0364460E+001,2.0226149E-003
3.0365960E+001,1.8216754E-003
3.0367460E+001,1.6076508E-003
3.0368960E+001,1.3936261E-003
3.0370460E+001,1.1766255E-003
3.0371960E+001,9.5289651E-004
3.0373460E+001,7.2916751E-004
3.0374960E+001,5.0543850E-004
3.0376460E+001,2.9552045E-004
3.0377960E+001,8.5980787E-005
3.0379460E+001,-1.2355887E-004
3.0380960E+001,-3.1466765E-004
3.0382460E+001,-4.9540901E-004
3.0383960E+001,-6.7615038E-004
3.0385460E+001,-8.4727577E-004
3.0386960E+001,-9.9666061E-004
3.0388460E+001,-1.1460455E-003
3.0389960E+001,-1.2954303E-003
3.0391460E+001,-1.4222436E-003
3.0392960E+001,-1.5484384E-003
3.0394460E+001,-1.6746333E-003
3.0395960E+001,-1.7950913E-003
3.0397460E+001,-1.9123223E-003
3.0398960E+001,-2.0295533E-003
3.0400460E+001,-2.1482892E-003
3.0401960E+001,-2.2704273E-003
3.0403460E+001,-2.3925653E-003
3.0404960E+001,-2.5147034E-003
3.0406460E+001,-2.6488717E-003
3.0407960E+001,-2.7833696E-003
3.0409460E+001,-2.9178676E-003
3.0410960E+001,-3.0585548E-003
3.0412460E+001,-3.2027237E-003
3.0413960E+001,-3.3468925E-003
3.0415460E+001,-3.4900669E-003
3.0416960E+001,-3.6309932E-003
3.0418460E+001,-3.7719194E-003
3.0419960E+001,-3.9128457E-003
3.0421460E+001,-4.0318469E-003
3.0422960E+001,-4.1502474E-003
3.0424460E+001,-4.2686479E-003
3.0425960E+001,-4.3605330E-003
3.0427460E+001,-4.4375032E-003
3.0428960E+001,-4.5144733E-003
3.0430460E+001,-4.5752505E-003
3.0431960E+001,-4.5994173E-003
3.0433460E+001,-4.6235842E-003
3.0434960E+001,-4.6477510E-003
3.0436460E+001,-4.6211647E-003
3.0437960E+001,-4.5931878E-003
3.0439460E+001,-4.5652110E-003
3.0440960E+001,-4.5119328E-003
3.0442460E+001,-4.4444227E-003
3.0443960E+001,-4.3769125E-003
3.0445460E+001,-4.3034682E-003
3.0446960E+001,-4.2166077E-003
3.0448460E+001,-4.1297471E-003
3.0449960E+001,-4.0428865E-003
3.0451460E+001,-3.9577531E-003
3.0452960E+001,-3.8726669E-003
3.0454460E+001,-3.7875808E-003
3.0455960E+001,-3.7136976E-003
3.0457460E+001,-3.6461161E-003
3.0458960E+001,-3.5785346E-003
3.0460460E+001,-3.5182862E-003
3.0461960E+001,-3.4746168E-003
3.0463460E+001,-3.4309474E-003
3.0464960E+001,-3.3872779E-003
3.0466460E+001,-3.3636887E-003
3.0467960E+001,-3.3406497E-003
3.0469460E+001,-3.3176107E-003
3.0470960E+001,-3.3013567E-003
3.0472460E+001,-3.2889194E-003
3.0473960E+001,-3.2764820E-003
3.0475460E+001,-3.2635747E-003
3.0476960E+001,-3.2496047E-003
3.0478460E+001,-3.2356348E-003
3.0479960E+001,-3.2216648E-003
3.0481460E+001,-3.1965661E-003
3.0482960E+001,-3.1711625E-003
3.0484460E+001,-3.1457588E-003
3.0485960E+001,-3.1099241E-003
3.0487460E+001,-3.0682219E-003
3.0488960E+001,-3.0265197E-003
3.0490460E+001,-2.9801981E-003
3.0491960E+001,-2.9234326E-003
3.0493460E+001,-2.8666671E-003
3.0494960E+001,-2.8099017E-003
3.0496460E+001,-2.7452441E-003
3.0497960E+001,-2.6803703E-003
3.0499460E+001,-2.6154965E-003
3.0500960E+001,-2.5526275E-003
3.0502460E+001,-2.4908862E-003
3.0503960E+001,-2.4291449E-003
3.0505460E+001,-2.3724891E-003
3.0506960E+001,-2.3273312E-003
3.0508460E+001,-2.2821733E-003
3.0509960E+001,-2.2370153E-003
3.0511460E+001,-2.2208054E-003
3.0512960E+001,-2.2053885E-003
3.0514460E+001,-2.1899717E-003
3.0515960E+001,-2.1998512E-003
3.0517460E+001,-2.2239599E-003
3.0518960E+001,-2.2480687E-003
3.0520460E+001,-2.2851559E-003
3.0521960E+001,-2.3515858E-003
3.0523460E+001,-2.4180158E-003
3.0524960E+001,-2.4844457E-003
3.0526460E+001,-2.5850233E-003
3.0527960E+001,-2.6865365E-003
3.0529460E+001,-2.7880497E-003
3.0530960E+001,-2.9006567E-003
3.0532460E+001,-3.0195041E-003
3.0533960E+001,-3.1383514E-003
3.0535460E+001,-3.2549059E-003
3.0536960E+001,-3.3662766E-003
3.0538460E+001,-3.4776473E-003
3.0539960E+001,-3.5890180E-003
3.0541460E+001,-3.6686344E-003
3.0542960E+001,-3.7473807E-003
3.0544460E+001,-3.8261271E-003
3.0545960E+001,-3.8724771E-003
3.0547460E+001,-3.9006042E-003
3.0548960E+001,-3.9287313E-003
3.0550460E+001,-3.9396066E-003
3.0551960E+001,-3.9114776E-003
3.0553460E+001,-3.8833487E-003
3.0554960E+001,-3.8552197E-003
3.0556460E+001,-3.7795434E-003
3.0557960E+001,-3.7025644E-003
3.0559460E+001,-3.6255854E-003
3.0560960E+001,-3.5276986E-003
3.0562460E+001,-3.4180513E-003
3.0563960E+001,-3.3084039E-003
3.0565460E+001,-3.1941480E-003
3.0566960E+001,-3.0694731E-003
3.0568460E+001,-2.9447982E-003
3.0569960E+001,-2.8201233E-003
3.0571460E+001,-2.6928562E-003
3.0572960E+001,-2.5655180E-003
3.0574460E+001,-2.4381798E-003
3.0575960E+001,-2.3118444E-003
3.0577460E+001,-2.1860731E-003
3.0578960E+001,-2.0603017E-003
3.0580460E+001,-1.9343880E-003
3.0581960E+001,-1.8081521E-003
3.0583460E+001,-1.6819163E-003
3.0584960E+001,-1.5556805E-003
3.0586460E+001,-1.4255414E-003
3.0587960E+001,-1.2952953E-003
3.0589460E+001,-1.1650493E-003
3.0590960E+001,-1.0320016E-003
3.0592460E+001,-8.9737813E-004
3.0593960E+001,-7.6275462E-004
3.0595460E+001,-6.2840410E-004
3.0596960E+001,-4.9467079E-004
3.0598460E+001,-3.6093748E-004
3.0599960E+001,-2.2720417E-004
3.0601460E+001,-1.0453497E-004
3.0602960E+001,1.7831086E-005
3.0604460E+001,1.4019715E-004
3.0605960E+001,2.4684799E-004
3.0607460E+001,3.4465899E-004
3.0608960E+001,4.4247000E-004
3.0610460E+001,5.2878440E-004
3.0611960E+001,5.8910641E-004
3.0613460E+001,6.4942842E-004
3.0614960E+001,7.0975043E-004
3.0616460E+001,7.2336811E-004
3.0617960E+001,7.3570618E-004
3.0619460E+001,7.4804425E-004
3.0620960E+001,7.2542740E-004
3.0622460E+001,6.8314835E-004
3.0623960E+001,6.4086930E-004
3.0625460E+001,5.8144820E-004
3.0626960E+001,4.8327102E-004
3.0628460E+001,3.8509385E-004
3.0629960E+001,2.8691667E-004
3.0631460E+001,1.3999377E-004
3.0632960E+001,-8.2646678E-006
3.0634460E+001,-1.5652310E-004
3.0635960E+001,-3.2799632E-004
3.0637460E+001,-5.1252789E-004
3.0638960E+001,-6.9705945E-004
3.0640460E+001,-8.8643521E-004
3.0641960E+001,-1.0867631E-003
3.0643460E+001,-1.2870910E-003
3.0644960E+001,-1.4874189E-003
3.0646460E+001,-1.6803040E-003
3.0647960E+001,-1.8729853E-003
3.0649460E+001,-2.0656665E-003
3.0650960E+001,-2.2396298E-003
3.0652460E+001,-2.4030642E-003
3.0653960E+001,-2.5664987E-003
3.0655460E+001,-2.7161768E-003
3.0656960E+001,-2.8347537E-003
3.0658460E+001,-2.9533307E-003
3.0659960E+001,-3.0719076E-003
3.0661460E+001,-3.1396103E-003
3.0662960E+001,-3.2059191E-003
3.0664460E+001,-3.2722280E-003
3.0665960E+001,-3.3055768E-003
3.0667460E+001,-3.3203854E-003
3.0668960E+001,-3.3351941E-003
3.0670460E+001,-3.3364830E-003
3.0671960E+001,-3.3072054E-003
3.0673460E+001,-3.2779277E-003
3.0674960E+001,-3.2486501E-003
3.0676460E+001,-3.1883620E-003
3.0677960E+001,-3.1272244E-003
3.0679460E+001,-3.0660868E-003
3.0680960E+001,-2.9945371E-003
3.0682460E+001,-2.9171306E-003
3.0683960E+001,-2.8397241E-003
3.0685460E+001,-2.7626993E-003
3.0686960E+001,-2.6865377E-003
3.0688460E+001,-2.6103761E-003
3.0689960E+001,-2.5342145E-003
3.0691460E+001,-2.4760536E-003
3.0692960E+001,-2.4183859E-003
3.0694460E+001,-2.3607182E-003
3.0695960E+001,-2.3238718E-003
3.0697460E+001,-2.2987375E-003
3.0698960E+001,-2.2736031E-003
3.0700460E+001,-2.2608963E-003
3.0701960E+001,-2.2762868E-003
3.0703460E+001,-2.2916773E-003
3.0704960E+001,-2.3070678E-003
3.0706460E+001,-2.3620327E-003
3.0707960E+001,-2.4180819E-003
3.0709460E+001,-2.4741311E-003
3.0710960E+001,-2.5510544E-003
3.0712460E+001,-2.6397193E-003
3.0713960E+001,-2.7283842E-003
3.0715460E+001,-2.8224906E-003
3.0716960E+001,-2.9288994E-003
3.0718460E+001,-3.0353082E-003
3.0719960E+001,-3.1417171E-003
3.0721460E+001,-3.2471672E-003
3.0722960E+001,-3.3525910E-003
3.0724460E+001,-3.4580148E-003
3.0725960E+001,-3.5508831E-003
3.0727460E+001,-3.6366889E-003
3.0728960E+001,-3.7224947E-003
3.0730460E+001,-3.7977216E-003
3.0731960E+001,-3.8490310E-003
3.0733460E+001,-3.9003404E-003
3.0734960E+001,-3.9516498E-003
3.0736460E+001,-3.9606801E-003
3.0737960E+001,-3.9685520E-003
3.0739460E+001,-3.9764239E-003
3.0740960E+001,-3.9547815E-003
3.0742460E+001,-3.9165373E-003
3.0743960E+001,-3.8782930E-003
3.0745460E+001,-3.8266657E-003
3.0746960E+001,-3.7447808E-003
3.0748460E+001,-3.6628959E-003
3.0749960E+001,-3.5810110E-003
3.0751460E+001,-3.4624515E-003
3.0752960E+001,-3.3428872E-003
3.0754460E+001,-3.2233229E-003
3.0755960E+001,-3.0849286E-003
3.0757460E+001,-2.9359423E-003
3.0758960E+001,-2.7869560E-003
3.0760460E+001,-2.6321759E-003
3.0761960E+001,-2.4642967E-003
3.0763460E+001,-2.2964175E-003
3.0764960E+001,-2.1285383E-003
3.0766460E+001,-1.9554533E-003
3.0767960E+001,-1.7822257E-003
3.0769460E+001,-1.6089981E-003
3.0770960E+001,-1.4429721E-003
3.0772460E+001,-1.2809970E-003
3.0773960E+001,-1.1190219E-003
3.0775460E+001,-9.6592436E-004
3.0776960E+001,-8.3289806E-004
3.0778460E+001,-6.9987177E-004
3.0779960E+001,-5.6684548E-004
3.0781460E+001,-4.7655462E-004
3.0782960E+001,-3.8743462E-004
3.0784460E+001,-2.9831463E-004
3.0785960E+001,-2.4238205E-004
3.0787460E+001,-2.0511745E-004
3.0788960E+001,-1.6785285E-004
3.0790460E+001,-1.4584696E-004
3.0791960E+001,-1.5833914E-004
3.0793460E+001,-1.7083132E-004
3.0794960E+001,-1.8332351E-004
3.0796460E+001,-2.3184814E-004
3.0797960E+001,-2.8135999E-004
3.0799460E+001,-3.3087183E-004
3.0800960E+001,-3.9073937E-004
3.0802460E+001,-4.5643200E-004
3.0803960E+001,-5.2212463E-004
3.0805460E+001,-5.8556773E-004
3.0806960E+001,-6.4392492E-004
3.0808460E+001,-7.0228210E-004
3.0809960E+001,-7.6063928E-004
3.0811460E+001,-7.9282257E-004
3.0812960E+001,-8.2428876E-004
3.0814460E+001,-8.5575494E-004
3.0815960E+001,-8.6339473E-004
3.0817460E+001,-8.5763213E-004
3.0818960E+001,-8.5186953E-004
3.0820460E+001,-8.3493883E-004
3.0821960E+001,-7.9275846E-004
3.0823460E+001,-7.5057809E-004
3.0824960E+001,-7.0839772E-004
3.0826460E+001,-6.4082520E-004
3.0827960E+001,-5.7255699E-004
3.0829460E+001,-5.0428878E-004
3.0830960E+001,-4.2939563E-004
3.0832460E+001,-3.5077593E-004
3.0833960E+001,-2.7215623E-004
3.0835460E+001,-1.9526082E-004
3.0836960E+001,-1.2226381E-004
3.0838460E+001,-4.9266797E-005
3.0839960E+001,2.3730214E-005
3.0841460E+001,8.0209062E-005
3.0842960E+001,1.3623535E-004
3.0844460E+001,1.9226163E-004
3.0845960E+001,2.3524320E-004
3.0847460E+001,2.7088709E-004
3.0848960E+001,3.0653099E-004
3.0850460E+001,3.3758941E-004
3.0851960E+001,3.5828066E-004
3.0853460E+001,3.7897190E-004
3.0854960E+001,3.9966315E-004
3.0856460E+001,4.1809198E-004
3.0857960E+001,4.3645882E-004
3.0859460E+001,4.5482566E-004
3.0860960E+001,4.8201396E-004
3.0862460E+001,5.1416436E-004
3.0863960E+001,5.4631476E-004
3.0865460E+001,5.8719324E-004
3.0866960E+001,6.4780484E-004
3.0868460E+001,7.0841644E-004
3.0869960E+001,7.6902804E-004
3.0871460E+001,8.6558366E-004
3.0872960E+001,9.6312407E-004
3.0874460E+001,1.0606645E-003
3.0875960E+001,1.1812991E-003
3.0877460E+001,1.3149242E-003
3.0878960E+001,1.4485493E-003
3.0880460E+001,1.5899914E-003
3.0881960E+001,1.7491070E-003
3.0883460E+001,1.9082226E-003
3.0884960E+001,2.0673382E-003
3.0886460E+001,2.2334804E-003
3.0887960E+001,2.3998150E-003
3.0889460E+001,2.5661497E-003
3.0890960E+001,2.7229095E-003
3.0892460E+001,2.8742833E-003
3.0893960E+001,3.0256572E-003
3.0895460E+001,3.1659319E-003
3.0896960E+001,3.2811128E-003
3.0898460E+001,3.3962937E-003
3.0899960E+001,3.5114746E-003
3.0901460E+001,3.5770265E-003
3.0902960E+001,3.6412186E-003
3.0904460E+001,3.7054108E-003
3.0905960E+001,3.7348004E-003
3.0907460E+001,3.7446136E-003
3.0908960E+001,3.7544268E-003
3.0910460E+001,3.7507706E-003
3.0911960E+001,3.7166620E-003
3.0913460E+001,3.6825534E-003
3.0914960E+001,3.6484448E-003
3.0916460E+001,3.5935136E-003
3.0917960E+001,3.5380119E-003
3.0919460E+001,3.4825102E-003
3.0920960E+001,3.4316249E-003
3.0922460E+001,3.3833363E-003
3.0923960E+001,3.3350478E-003
3.0925460E+001,3.2970746E-003
3.0926960E+001,3.2824230E-003
3.0928460E+001,3.2677714E-003
3.0929960E+001,3.2531198E-003
3.0931460E+001,3.2874978E-003
3.0932960E+001,3.3232190E-003
3.0934460E+001,3.3589403E-003
3.0935960E+001,3.4288522E-003
3.0937460E+001,3.5179964E-003
3.0938960E+001,3.6071405E-003
3.0940460E+001,3.7096245E-003
3.0941960E+001,3.8422680E-003
3.0943460E+001,3.9749115E-003
3.0944960E+001,4.1075550E-003
3.0946460E+001,4.2645442E-003
3.0947960E+001,4.4222004E-003
3.0949460E+001,4.5798566E-003
3.0950960E+001,4.7397576E-003
3.0952460E+001,4.9009212E-003
3.0953960E+001,5.0620848E-003
3.0955460E+001,5.2181352E-003
3.0956960E+001,5.3626254E-003
3.0958460E+001,5.5071156E-003
3.0959960E+001,5.6516058E-003
3.0961460E+001,5.7638781E-003
3.0962960E+001,5.8752677E-003
3.0964460E+001,5.9866573E-003
3.0965960E+001,6.0695447E-003
3.0967460E+001,6.1363996E-003
3.0968960E+001,6.2032545E-003
3.0970460E+001,6.2547938E-003
3.0971960E+001,6.2717061E-003
3.0973460E+001,6.2886185E-003
3.0974960E+001,6.3055309E-003
3.0976460E+001,6.2755939E-003
3.0977960E+001,6.2443733E-003
3.0979460E+001,6.2131527E-003
3.0980960E+001,6.1574668E-003
3.0982460E+001,6.0880191E-003
3.0983960E+001,6.0185714E-003
3.0985460E+001,5.9427398E-003
3.0986960E+001,5.8524752E-003
3.0988460E+001,5.7622106E-003
3.0989960E+001,5.6719460E-003
3.0991460E+001,5.5825162E-003
3.0992960E+001,5.4931093E-003
3.0994460E+001,5.4037024E-003
3.0995960E+001,5.3277205E-003
3.0997460E+001,5.2592902E-003
3.0998960E+001,5.1908599E-003
3.1000460E+001,5.1326108E-003
3.1001960E+001,5.0973801E-003
3.1003460E+001,5.0621495E-003
3.1004960E+001,5.0269188E-003
3.1006460E+001,5.0245266E-003
3.1007960E+001,5.0230342E-003
3.1009460E+001,5.0215417E-003
3.1010960E+001,5.0349668E-003
3.1012460E+001,5.0567830E-003
3.1013960E+001,5.0785992E-003
3.1015460E+001,5.1024551E-003
3.1016960E+001,5.1309224E-003
3.1018460E+001,5.1593898E-003
3.1019960E+001,5.1878572E-003
3.1021460E+001,5.2066525E-003
3.1022960E+001,5.2251828E-003
3.1024460E+001,5.2437132E-003
3.1025960E+001,5.2484407E-003
3.1027460E+001,5.2454040E-003
3.1028960E+001,5.2423674E-003
3.1030460E+001,5.2311275E-003
3.1031960E+001,5.2013409E-003
3.1033460E+001,5.1715544E-003
3.1034960E+001,5.1417678E-003
3.1036460E+001,5.0852846E-003
3.1037960E+001,5.0280700E-003
3.1039460E+001,4.9708554E-003
3.1040960E+001,4.8963656E-003
3.1042460E+001,4.8121586E-003
3.1043960E+001,4.7279515E-003
3.1045460E+001,4.6352840E-003
3.1046960E+001,4.5234884E-003
3.1048460E+001,4.4116927E-003
3.1049960E+001,4.2998971E-003
3.1051460E+001,4.1602180E-003
3.1052960E+001,4.0197749E-003
3.1054460E+001,3.8793319E-003
3.1055960E+001,3.7212573E-003
3.1057460E+001,3.5532649E-003
3.1058960E+001,3.3852725E-003
3.1060460E+001,3.2106715E-003
3.1061960E+001,3.0211293E-003
3.1063460E+001,2.8315870E-003
3.1064960E+001,2.6420448E-003
3.1066460E+001,2.4432857E-003
3.1067960E+001,2.2442740E-003
3.1069460E+001,2.0452623E-003
3.1070960E+001,1.8510917E-003
3.1072460E+001,1.6596442E-003
3.1073960E+001,1.4681967E-003
3.1075460E+001,1.2848034E-003
3.1076960E+001,1.1196198E-003
3.1078460E+001,9.5443616E-004
3.1079960E+001,7.8925254E-004
3.1081460E+001,6.6508290E-004
3.1082960E+001,5.4203697E-004
3.1084460E+001,4.1899104E-004
3.1085960E+001,3.2860409E-004
3.1087460E+001,2.5658788E-004
3.1088960E+001,1.8457166E-004
3.1090460E+001,1.2803766E-004
3.1091960E+001,1.0650702E-004
3.1093460E+001,8.4976382E-005
3.1094960E+001,6.3445745E-005
3.1096460E+001,8.1042538E-005
3.1097960E+001,9.9711343E-005
3.1099460E+001,1.1838015E-004
3.1100960E+001,1.5095599E-004
3.1102460E+001,1.9135456E-004
3.1103960E+001,2.3175314E-004
3.1105460E+001,2.7159666E-004
3.1106960E+001,3.1018529E-004
3.1108460E+001,3.4877392E-004
3.1109960E+001,3.8736255E-004
3.1111460E+001,4.0061910E-004
3.1112960E+001,4.1318159E-004
3.1114460E+001,4.2574408E-004
3.1115960E+001,4.0885052E-004
3.1117460E+001,3.7538786E-004
3.1118960E+001,3.4192521E-004
3.1120460E+001,2.9077921E-004
3.1121960E+001,1.9965332E-004
3.1123460E+001,1.0852743E-004
3.1124960E+001,1.7401538E-005
3.1126460E+001,-1.3060890E-004
3.1127960E+001,-2.8017785E-004
3.1129460E+001,-4.2974681E-004
3.1130960E+001,-6.0980206E-004
3.1132460E+001,-8.0700591E-004
3.1133960E+001,-1.0042098E-003
3.1135460E+001,-1.2094475E-003
3.1136960E+001,-1.4328488E-003
3.1138460E+001,-1.6562502E-003
3.1139960E+001,-1.8796515E-003
3.1141460E+001,-2.1001597E-003
3.1142960E+001,-2.3205887E-003
3.1144460E+001,-2.5410176E-003
3.1145960E+001,-2.7390778E-003
3.1147460E+001,-2.9245554E-003
3.1148960E+001,-3.1100330E-003
3.1150460E+001,-3.2759778E-003
3.1151960E+001,-3.3977611E-003
3.1153460E+001,-3.5195444E-003
3.1154960E+001,-3.6413277E-003
3.1156460E+001,-3.6815282E-003
3.1157960E+001,-3.7194935E-003
3.1159460E+001,-3.7574588E-003
3.1160960E+001,-3.7364136E-003
3.1162460E+001,-3.6821749E-003
3.1163960E+001,-3.6279362E-003
3.1165460E+001,-3.5465533E-003
3.1166960E+001,-3.4038008E-003
3.1168460E+001,-3.2610482E-003
3.1169960E+001,-3.1182956E-003
3.1171460E+001,-2.9030025E-003
3.1172960E+001,-2.6857220E-003
3.1174460E+001,-2.4684414E-003
3.1175960E+001,-2.2173232E-003
3.1177460E+001,-1.9471711E-003
3.1178960E+001,-1.6770191E-003
3.1180460E+001,-1.3989052E-003
3.1181960E+001,-1.1027907E-003
3.1183460E+001,-8.0667621E-004
3.1184960E+001,-5.1056169E-004
3.1186460E+001,-2.1845856E-004
3.1187960E+001,7.3534667E-005
3.1189460E+001,3.6552789E-004
3.1190960E+001,6.3515439E-004
3.1192460E+001,8.9219956E-004
3.1193960E+001,1.1492447E-003
3.1195460E+001,1.3869070E-003
3.1196960E+001,1.5807471E-003
3.1198460E+001,1.7745871E-003
3.1199960E+001,1.9684271E-003
3.1201460E+001,2.0793513E-003
3.1202960E+001,2.1880038E-003
3.1204460E+001,2.2966562E-003
3.1205960E+001,2.3426461E-003
3.1207460E+001,2.3533880E-003
3.1208960E+001,2.3641300E-003
3.1210460E+001,2.3442806E-003
3.1211960E+001,2.2552680E-003
3.1213460E+001,2.1662553E-003
3.1214960E+001,2.0772426E-003
3.1216460E+001,1.9003011E-003
3.1217960E+001,1.7209505E-003
3.1219460E+001,1.5415999E-003
3.1220960E+001,1.3172307E-003
3.1222460E+001,1.0675384E-003
3.1223960E+001,8.1784607E-004
3.1225460E+001,5.5534225E-004
3.1226960E+001,2.6387318E-004
3.1228460E+001,-2.7595887E-005
3.1229960E+001,-3.1906495E-004
3.1231460E+001,-6.1854211E-004
3.1232960E+001,-9.1823867E-004
3.1234460E+001,-1.2179352E-003
3.1235960E+001,-1.5013073E-003
3.1237460E+001,-1.7754969E-003
3.1238960E+001,-2.0496865E-003
3.1240460E+001,-2.3072270E-003
3.1241960E+001,-2.5271261E-003
3.1243460E+001,-2.7470252E-003
3.1244960E+001,-2.9669244E-003
3.1246460E+001,-3.1150954E-003
3.1247960E+001,-3.2613012E-003
3.1249460E+001,-3.4075070E-003
3.1250960E+001,-3.5018070E-003
3.1252460E+001,-3.5669098E-003
3.1253960E+001,-3.6320127E-003
3.1255460E+001,-3.6736137E-003
3.1256960E+001,-3.6620798E-003
3.1258460E+001,-3.6505459E-003
3.1259960E+001,-3.6390121E-003
3.1261460E+001,-3.5660386E-003
3.1262960E+001,-3.4913817E-003
3.1264460E+001,-3.4167249E-003
3.1265960E+001,-3.3134276E-003
3.1267460E+001,-3.1940201E-003
3.1268960E+001,-3.0746125E-003
3.1270460E+001,-2.9474940E-003
3.1271960E+001,-2.8029418E-003
3.1273460E+001,-2.6583896E-003
3.1274960E+001,-2.5138374E-003
3.1276460E+001,-2.3632769E-003
3.1277960E+001,-2.2125517E-003
3.1279460E+001,-2.0618266E-003
3.1280960E+001,-1.9187334E-003
3.1282460E+001,-1.7799334E-003
3.1283960E+001,-1.6411333E-003
3.1285460E+001,-1.5113783E-003
3.1286960E+001,-1.4020730E-003
3.1288460E+001,-1.2927677E-003
3.1289960E+001,-1.1834624E-003
3.1291460E+001,-1.1191349E-003
3.1292960E+001,-1.0560397E-003
3.1294460E+001,-9.9294454E-004
3.1295960E+001,-9.6840352E-004
3.1297460E+001,-9.6554929E-004
3.1298960E+001,-9.6269506E-004
3.1300460E+001,-9.8082491E-004
3.1301960E+001,-1.0463972E-003
3.1303460E+001,-1.1119694E-003
3.1304960E+001,-1.1775417E-003
3.1306460E+001,-1.3088993E-003
3.1307960E+001,-1.4420594E-003
3.1309460E+001,-1.5752194E-003
3.1310960E+001,-1.7443417E-003
3.1312460E+001,-1.9336929E-003
3.1313960E+001,-2.1230441E-003
3.1315460E+001,-2.3232033E-003
3.1316960E+001,-2.5477982E-003
3.1318460E+001,-2.7723931E-003
3.1319960E+001,-2.9969880E-003
3.1321460E+001,-3.2295113E-003
3.1322960E+001,-3.4622519E-003
3.1324460E+001,-3.6949924E-003
3.1325960E+001,-3.9149723E-003
3.1327460E+001,-4.1277741E-003
3.1328960E+001,-4.3405760E-003
3.1330460E+001,-4.5401984E-003
3.1331960E+001,-4.7100238E-003
3.1333460E+001,-4.8798491E-003
3.1334960E+001,-5.0496744E-003
3.1336460E+001,-5.1653142E-003
3.1337960E+001,-5.2794694E-003
3.1339460E+001,-5.3936246E-003
3.1340960E+001,-5.4721770E-003
3.1342460E+001,-5.5307028E-003
3.1343960E+001,-5.5892287E-003
3.1345460E+001,-5.6340422E-003
3.1346960E+001,-5.6478542E-003
3.1348460E+001,-5.6616661E-003
3.1349960E+001,-5.6754780E-003
3.1351460E+001,-5.6617849E-003
3.1352960E+001,-5.6473383E-003
3.1354460E+001,-5.6328916E-003
3.1355960E+001,-5.6103824E-003
3.1357460E+001,-5.5833380E-003
3.1358960E+001,-5.5562936E-003
3.1360460E+001,-5.5284696E-003
3.1361960E+001,-5.4988829E-003
3.1363460E+001,-5.4692963E-003
3.1364960E+001,-5.4397096E-003
3.1366460E+001,-5.4101146E-003
3.1367960E+001,-5.3805193E-003
3.1369460E+001,-5.3509241E-003
3.1370960E+001,-5.3187861E-003
3.1372460E+001,-5.2852178E-003
3.1373960E+001,-5.2516495E-003
3.1375460E+001,-5.2145547E-003
3.1376960E+001,-5.1694872E-003
3.1378460E+001,-5.1244197E-003
3.1379960E+001,-5.0793521E-003
3.1381460E+001,-5.0154487E-003
3.1382960E+001,-4.9510292E-003
3.1384460E+001,-4.8866098E-003
3.1385960E+001,-4.8060044E-003
3.1387460E+001,-4.7162944E-003
3.1388960E+001,-4.6265845E-003
3.1390460E+001,-4.5281946E-003
3.1391960E+001,-4.4101805E-003
3.1393460E+001,-4.2921665E-003
3.1394960E+001,-4.1741524E-003
3.1396460E+001,-4.0288134E-003
3.1397960E+001,-3.8827257E-003
3.1399460E+001,-3.7366380E-003
3.1400960E+001,-3.5748482E-003
3.1402460E+001,-3.4042261E-003
3.1403960E+001,-3.2336039E-003
3.1405460E+001,-3.0575161E-003
3.1406960E+001,-2.8690711E-003
3.1408460E+001,-2.6806261E-003
3.1409960E+001,-2.4921810E-003
3.1411460E+001,-2.2957165E-003
3.1412960E+001,-2.0990322E-003
3.1414460E+001,-1.9023479E-003
3.1415960E+001,-1.7080979E-003
3.1417460E+001,-1.5152172E-003
3.1418960E+001,-1.3223365E-003
3.1420460E+001,-1.1348007E-003
3.1421960E+001,-9.5934920E-004
3.1423460E+001,-7.8389771E-004
3.1424960E+001,-6.0844622E-004
3.1426460E+001,-4.6286156E-004
3.1427960E+001,-3.1809519E-004
3.1429460E+001,-1.7332882E-004
3.1430960E+001,-5.4524429E-005
3.1432460E+001,4.9676308E-005
3.1433960E+001,1.5387704E-004
3.1435460E+001,2.4454458E-004
3.1436960E+001,3.0461521E-004
3.1438460E+001,3.6468584E-004
3.1439960E+001,4.2475647E-004
3.1441460E+001,4.4590200E-004
3.1442960E+001,4.6598107E-004
3.1444460E+001,4.8606013E-004
3.1445960E+001,4.8750570E-004
3.1447460E+001,4.7846990E-004
3.1448960E+001,4.6943410E-004
3.1450460E+001,4.5592624E-004
3.1451960E+001,4.3230760E-004
3.1453460E+001,4.0868897E-004
3.1454960E+001,3.8507034E-004
3.1456460E+001,3.6084639E-004
3.1457960E+001,3.3660585E-004
3.1459460E+001,3.1236532E-004
3.1460960E+001,2.9373528E-004
3.1462460E+001,2.7826116E-004
3.1463960E+001,2.6278704E-004
3.1465460E+001,2.5074302E-004
3.1466960E+001,2.4645407E-004
3.1468460E+001,2.4216512E-004
3.1469960E+001,2.3787617E-004
3.1471460E+001,2.4005345E-004
3.1472960E+001,2.4240790E-004
3.1474460E+001,2.4476235E-004
3.1475960E+001,2.4543766E-004
3.1477460E+001,2.4516845E-004
3.1478960E+001,2.4489924E-004
3.1480460E+001,2.4062147E-004
3.1481960E+001,2.2728083E-004
3.1483460E+001,2.1394019E-004
3.1484960E+001,2.0059955E-004
3.1486460E+001,1.6688117E-004
3.1487960E+001,1.3260448E-004
3.1489460E+001,9.8327798E-005
3.1490960E+001,4.9170394E-005
3.1492460E+001,-8.3574368E-006
3.1493960E+001,-6.5885268E-005
3.1495460E+001,-1.2916377E-004
3.1496960E+001,-2.0544383E-004
3.1498460E+001,-2.8172389E-004
3.1499960E+001,-3.5800394E-004
3.1501460E+001,-4.4236397E-004
3.1502960E+001,-5.2694536E-004
3.1504460E+001,-6.1152676E-004
3.1505960E+001,-6.9251449E-004
3.1507460E+001,-7.7148079E-004
3.1508960E+001,-8.5044708E-004
3.1510460E+001,-9.2326908E-004
3.1511960E+001,-9.8219958E-004
3.1513460E+001,-1.0411301E-003
3.1514960E+001,-1.1000606E-003
3.1516460E+001,-1.1274384E-003
3.1517960E+001,-1.1539517E-003
3.1519460E+001,-1.1804651E-003
3.1520960E+001,-1.1808511E-003
3.1522460E+001,-1.1665404E-003
3.1523960E+001,-1.1522298E-003
3.1525460E+001,-1.1244745E-003
3.1526960E+001,-1.0663227E-003
3.1528460E+001,-1.0081708E-003
3.1529960E+001,-9.5001896E-004
3.1531460E+001,-8.5227944E-004
3.1532960E+001,-7.5345531E-004
3.1534460E+001,-6.5463118E-004
3.1535960E+001,-5.3575205E-004
3.1537460E+001,-4.0559197E-004
3.1538960E+001,-2.7543188E-004
3.1540460E+001,-1.4011734E-004
3.1541960E+001,6.8507835E-006
3.1543460E+001,1.5381891E-004
3.1544960E+001,3.0078704E-004
3.1546460E+001,4.4704559E-004
3.1547960E+001,5.9328469E-004
3.1549460E+001,7.3952380E-004
3.1550960E+001,8.7446820E-004
3.1552460E+001,1.0030593E-003
3.1553960E+001,1.1316504E-003
3.1555460E+001,1.2512308E-003
3.1556960E+001,1.3504389E-003
3.1558460E+001,1.4496470E-003
3.1559960E+001,1.5488552E-003
3.1561460E+001,1.6168382E-003
3.1562960E+001,1.6839657E-003
3.1564460E+001,1.7510932E-003
3.1565960E+001,1.8024964E-003
3.1567460E+001,1.8450547E-003
3.1568960E+001,1.8876130E-003
3.1570460E+001,1.9273202E-003
3.1571960E+001,1.9605815E-003
3.1573460E+001,1.9938429E-003
3.1574960E+001,2.0271042E-003
3.1576460E+001,2.0684548E-003
3.1577960E+001,2.1100270E-003
3.1579460E+001,2.1515993E-003
3.1580960E+001,2.2070508E-003
3.1582460E+001,2.2703094E-003
3.1583960E+001,2.3335680E-003
3.1585460E+001,2.4046480E-003
3.1586960E+001,2.4934108E-003
3.1588460E+001,2.5821737E-003
3.1589960E+001,2.6709366E-003
3.1591460E+001,2.7770753E-003
3.1592960E+001,2.8836899E-003
3.1594460E+001,2.9903046E-003
3.1595960E+001,3.0976326E-003
3.1597460E+001,3.2053618E-003
3.1598960E+001,3.3130910E-003
3.1600460E+001,3.4149534E-003
3.1601960E+001,3.5035518E-003
3.1603460E+001,3.5921501E-003
3.1604960E+001,3.6807485E-003
3.1606460E+001,3.7336915E-003
3.1607960E+001,3.7856575E-003
3.1609460E+001,3.8376236E-003
3.1610960E+001,3.8596042E-003
3.1612460E+001,3.8647179E-003
3.1613960E+001,3.8698317E-003
3.1615460E+001,3.8601903E-003
3.1616960E+001,3.8171893E-003
3.1618460E+001,3.7741883E-003
3.1619960E+001,3.7311873E-003
3.1621460E+001,3.6478412E-003
3.1622960E+001,3.5633896E-003
3.1624460E+001,3.4789381E-003
3.1625960E+001,3.3755685E-003
3.1627460E+001,3.2615574E-003
3.1628960E+001,3.1475463E-003
3.1630460E+001,3.0288334E-003
3.1631960E+001,2.8994902E-003
3.1633460E+001,2.7701471E-003
3.1634960E+001,2.6408039E-003
3.1636460E+001,2.5108053E-003
3.1637960E+001,2.3807887E-003
3.1639460E+001,2.2507721E-003
3.1640960E+001,2.1294189E-003
3.1642460E+001,2.0129390E-003
3.1643960E+001,1.8964590E-003
3.1645460E+001,1.7880805E-003
3.1646960E+001,1.6980185E-003
3.1648460E+001,1.6079565E-003
3.1649960E+001,1.5178945E-003
3.1651460E+001,1.4630696E-003
3.1652960E+001,1.4092101E-003
3.1654460E+001,1.3553506E-003
3.1655960E+001,1.3274519E-003
3.1657460E+001,1.3141562E-003
3.1658960E+001,1.3008605E-003
3.1660460E+001,1.2991939E-003
3.1661960E+001,1.3238196E-003
3.1663460E+001,1.3484452E-003
3.1664960E+001,1.3730708E-003
3.1666460E+001,1.4255733E-003
3.1667960E+001,1.4788395E-003
3.1669460E+001,1.5321057E-003
3.1670960E+001,1.5951698E-003
3.1672460E+001,1.6637451E-003
3.1673960E+001,1.7323204E-003
3.1675460E+001,1.8014646E-003
3.1676960E+001,1.8718950E-003
3.1678460E+001,1.9423253E-003
3.1679960E+001,2.0127557E-003
3.1681460E+001,2.0751169E-003
3.1682960E+001,2.1372570E-003
3.1684460E+001,2.1993971E-003
3.1685960E+001,2.2525149E-003
3.1687460E+001,2.3005575E-003
3.1688960E+001,2.3486001E-003
3.1690460E+001,2.3912930E-003
3.1691960E+001,2.4218906E-003
3.1693460E+001,2.4524882E-003
3.1694960E+001,2.4830858E-003
3.1696460E+001,2.4927543E-003
3.1697960E+001,2.5018494E-003
3.1699460E+001,2.5109445E-003
3.1700960E+001,2.5020350E-003
3.1702460E+001,2.4829979E-003
3.1703960E+001,2.4639608E-003
3.1705460E+001,2.4337729E-003
3.1706960E+001,2.3783740E-003
3.1708460E+001,2.3229751E-003
3.1709960E+001,2.2675762E-003
3.1711460E+001,2.1704408E-003
3.1712960E+001,2.0721620E-003
3.1714460E+001,1.9738831E-003
3.1715960E+001,1.8475504E-003
3.1717460E+001,1.7054375E-003
3.1718960E+001,1.5633246E-003
3.1720460E+001,1.4099400E-003
3.1721960E+001,1.2310715E-003
3.1723460E+001,1.0522030E-003
3.1724960E+001,8.7333444E-004
3.1726460E+001,6.7320128E-004
3.1727960E+001,4.7248551E-004
3.1729460E+001,2.7176974E-004
3.1730960E+001,6.9718529E-005
3.1732460E+001,-1.3308386E-004
3.1733960E+001,-3.3588625E-004
3.1735460E+001,-5.3313996E-004
3.1736960E+001,-7.1784877E-004
3.1738460E+001,-9.0255759E-004
3.1739960E+001,-1.0872664E-003
3.1741460E+001,-1.2380520E-003
3.1742960E+001,-1.3879081E-003
3.1744460E+001,-1.5377643E-003
3.1745960E+001,-1.6579988E-003
3.1747460E+001,-1.7615712E-003
3.1748960E+001,-1.8651436E-003
3.1750460E+001,-1.9526787E-003
3.1751960E+001,-2.0039556E-003
3.1753460E+001,-2.0552325E-003
3.1754960E+001,-2.1065094E-003
3.1756460E+001,-2.1055275E-003
3.1757960E+001,-2.1031137E-003
3.1759460E+001,-2.1007000E-003
3.1760960E+001,-2.0653292E-003
3.1762460E+001,-2.0114199E-003
3.1763960E+001,-1.9575106E-003
3.1765460E+001,-1.8892690E-003
3.1766960E+001,-1.7886238E-003
3.1768460E+001,-1.6879785E-003
3.1769960E+001,-1.5873332E-003
3.1771460E+001,-1.4475115E-003
3.1772960E+001,-1.3066163E-003
3.1774460E+001,-1.1657212E-003
3.1775960E+001,-1.0040447E-003
3.1777460E+001,-8.3067878E-004
3.1778960E+001,-6.5731284E-004
3.1780460E+001,-4.7674852E-004
3.1781960E+001,-2.7990953E-004
3.1783460E+001,-8.3070536E-005
3.1784960E+001,1.1376845E-004
3.1786460E+001,3.2353154E-004
3.1787960E+001,5.3364871E-004
3.1789460E+001,7.4376589E-004
3.1790960E+001,9.5524861E-004
3.1792460E+001,1.1674994E-003
3.1793960E+001,1.3797503E-003
3.1795460E+001,1.5891495E-003
3.1796960E+001,1.7921016E-003
3.1798460E+001,1.9950537E-003
3.1799960E+001,2.1980058E-003
3.1801460E+001,2.3816988E-003
3.1802960E+001,2.5648642E-003
3.1804460E+001,2.7480295E-003
3.1805960E+001,2.9134715E-003
3.1807460E+001,3.0689441E-003
3.1808960E+001,3.2244166E-003
3.1810460E+001,3.3701634E-003
3.1811960E+001,3.4939213E-003
3.1813460E+001,3.6176793E-003
3.1814960E+001,3.7414372E-003
3.1816460E+001,3.8343926E-003
3.1817960E+001,3.9265042E-003
3.1819460E+001,4.0186157E-003
3.1820960E+001,4.0926390E-003
3.1822460E+001,4.1564876E-003
3.1823960E+001,4.2203363E-003
3.1825460E+001,4.2773023E-003
3.1826960E+001,4.3187076E-003
3.1828460E+001,4.3601129E-003
3.1829960E+001,4.4015182E-003
3.1831460E+001,4.4286199E-003
3.1832960E+001,4.4553297E-003
3.1834460E+001,4.4820395E-003
3.1835960E+001,4.5051032E-003
3.1837460E+001,4.5261160E-003
3.1838960E+001,4.5471288E-003
3.1840460E+001,4.5690228E-003
3.1841960E+001,4.5929091E-003
3.1843460E+001,4.6167953E-003
3.1844960E+001,4.6406816E-003
3.1846460E+001,4.6725986E-003
3.1847960E+001,4.7047356E-003
3.1849460E+001,4.7368726E-003
3.1850960E+001,4.7737804E-003
3.1852460E+001,4.8133719E-003
3.1853960E+001,4.8529633E-003
3.1855460E+001,4.8921438E-003
3.1856960E+001,4.9303952E-003
3.1858460E+001,4.9686466E-003
3.1859960E+001,5.0068979E-003
3.1861460E+001,5.0281106E-003
3.1862960E+001,5.0488565E-003
3.1864460E+001,5.0696024E-003
3.1865960E+001,5.0663897E-003
3.1867460E+001,5.0497004E-003
3.1868960E+001,5.0330111E-003
3.1870460E+001,4.9993218E-003
3.1871960E+001,4.9271975E-003
3.1873460E+001,4.8550733E-003
3.1874960E+001,4.7829491E-003
3.1876460E+001,4.6467207E-003
3.1877960E+001,4.5087360E-003
3.1879460E+001,4.3707514E-003
3.1880960E+001,4.1910019E-003
3.1882460E+001,3.9877596E-003
3.1883960E+001,3.7845174E-003
3.1885460E+001,3.5649339E-003
3.1886960E+001,3.3084048E-003
3.1888460E+001,3.0518757E-003
3.1889960E+001,2.7953467E-003
3.1891460E+001,2.5073522E-003
3.1892960E+001,2.2184957E-003
3.1894460E+001,1.9296392E-003
3.1895960E+001,1.6366483E-003
3.1897460E+001,1.3413320E-003
3.1898960E+001,1.0460156E-003
3.1900460E+001,7.5673523E-004
3.1901960E+001,4.8110138E-004
3.1903460E+001,2.0546754E-004
3.1904960E+001,-7.0166311E-005
3.1906460E+001,-3.0486921E-004
3.1907960E+001,-5.3845068E-004
3.1909460E+001,-7.7203216E-004
3.1910960E+001,-9.6847356E-004
3.1912460E+001,-1.1440236E-003
3.1913960E+001,-1.3195737E-003
3.1915460E+001,-1.4747112E-003
3.1916960E+001,-1.5836984E-003
3.1918460E+001,-1.6926857E-003
3.1919960E+001,-1.8016729E-003
3.1921460E+001,-1.8448103E-003
3.1922960E+001,-1.8861436E-003
3.1924460E+001,-1.9274769E-003
3.1925960E+001,-1.9292428E-003
3.1927460E+001,-1.9087519E-003
3.1928960E+001,-1.8882610E-003
3.1930460E+001,-1.8524913E-003
3.1931960E+001,-1.7821780E-003
3.1933460E+001,-1.7118646E-003
3.1934960E+001,-1.6415513E-003
3.1936460E+001,-1.5396778E-003
3.1937960E+001,-1.4369397E-003
3.1939460E+001,-1.3342015E-003
3.1940960E+001,-1.2248547E-003
3.1942460E+001,-1.1117904E-003
3.1943960E+001,-9.9872614E-004
3.1945460E+001,-8.9037717E-004
3.1946960E+001,-7.9268892E-004
3.1948460E+001,-6.9500066E-004
3.1949960E+001,-5.9731240E-004
3.1951460E+001,-5.4059162E-004
3.1952960E+001,-4.8499327E-004
3.1954460E+001,-4.2939492E-004
3.1955960E+001,-4.1548110E-004
3.1957460E+001,-4.2501490E-004
3.1958960E+001,-4.3454871E-004
3.1960460E+001,-4.6822518E-004
3.1961960E+001,-5.5648526E-004
3.1963460E+001,-6.4474534E-004
3.1964960E+001,-7.3300542E-004
3.1966460E+001,-8.9742496E-004
3.1967960E+001,-1.0639311E-003
3.1969460E+001,-1.2304373E-003
3.1970960E+001,-1.4367733E-003
3.1972460E+001,-1.6655137E-003
3.1973960E+001,-1.8942542E-003
3.1975460E+001,-2.1331497E-003
3.1976960E+001,-2.3950047E-003
3.1978460E+001,-2.6568596E-003
3.1979960E+001,-2.9187146E-003
3.1981460E+001,-3.1771525E-003
3.1982960E+001,-3.4354968E-003
3.1984460E+001,-3.6938411E-003
3.1985960E+001,-3.9262077E-003
3.1987460E+001,-4.1439620E-003
3.1988960E+001,-4.3617162E-003
3.1990460E+001,-4.5574731E-003
3.1991960E+001,-4.7034966E-003
3.1993460E+001,-4.8495202E-003
3.1994960E+001,-4.9955437E-003
3.1996460E+001,-5.0513315E-003
3.1997960E+001,-5.1046469E-003
3.1999460E+001,-5.1579624E-003
3.2000960E+001,-5.1461976E-003
3.2002460E+001,-5.0978252E-003
3.2003960E+001,-5.0494527E-003
3.2005460E+001,-4.9708660E-003
3.2006960E+001,-4.8239689E-003
3.2008460E+001,-4.6770717E-003
3.2009960E+001,-4.5301746E-003
3.2011460E+001,-4.3013815E-003
3.2012960E+001,-4.0703447E-003
3.2014460E+001,-3.8393079E-003
3.2015960E+001,-3.5696621E-003
3.2017460E+001,-3.2782986E-003
3.2018960E+001,-2.9869351E-003
3.2020460E+001,-2.6865099E-003
3.2021960E+001,-2.3655972E-003
3.2023460E+001,-2.0446844E-003
3.2024960E+001,-1.7237717E-003
3.2026460E+001,-1.4080578E-003
3.2027960E+001,-1.0924864E-003
3.2029460E+001,-7.7691500E-004
3.2030960E+001,-4.8749845E-004
3.2032460E+001,-2.1279406E-004
3.2033960E+001,6.1910331E-005
3.2035460E+001,3.1447475E-004
3.2036960E+001,5.1698341E-004
3.2038460E+001,7.1949207E-004
3.2039960E+001,9.2200073E-004
3.2041460E+001,1.0337922E-003
3.2042960E+001,1.1430983E-003
3.2044460E+001,1.2524043E-003
3.2045960E+001,1.2987949E-003
3.2047460E+001,1.3097953E-003
3.2048960E+001,1.3207958E-003
3.2050460E+001,1.3056657E-003
3.2051960E+001,1.2314577E-003
3.2053460E+001,1.1572496E-003
3.2054960E+001,1.0830415E-003
3.2056460E+001,9.5376309E-004
3.2057960E+001,8.2297583E-004
3.2059460E+001,6.9218856E-004
3.2060960E+001,5.4891776E-004
3.2062460E+001,3.9862495E-004
3.2063960E+001,2.4833213E-004
3.2065460E+001,1.0322169E-004
3.2066960E+001,-3.0172049E-005
3.2068460E+001,-1.6356579E-004
3.2069960E+001,-2.9695952E-004
3.2071460E+001,-3.8705745E-004
3.2072960E+001,-4.7596917E-004
3.2074460E+001,-5.6488088E-004
3.2075960E+001,-6.1649067E-004
3.2077460E+001,-6.4711806E-004
3.2078960E+001,-6.7774546E-004
3.2080460E+001,-6.9082909E-004
3.2081960E+001,-6.6424844E-004
3.2083460E+001,-6.3766779E-004
3.2084960E+001,-6.1108714E-004
3.2086460E+001,-5.4233171E-004
3.2087960E+001,-4.7242077E-004
3.2089460E+001,-4.0250984E-004
3.2090960E+001,-3.1926023E-004
3.2092460E+001,-2.2850758E-004
3.2093960E+001,-1.3775493E-004
3.2095460E+001,-4.8464058E-005
3.2096960E+001,3.7521909E-005
3.2098460E+001,1.2350788E-004
3.2099960E+001,2.0949384E-004
3.2101460E+001,2.6861115E-004
3.2102960E+001,3.2699231E-004
3.2104460E+001,3.8537347E-004
3.2105960E+001,4.1637437E-004
3.2107460E+001,4.3197382E-004
3.2108960E+001,4.4757328E-004
3.2110460E+001,4.4853307E-004
3.2111960E+001,4.1639438E-004
3.2113460E+001,3.8425570E-004
3.2114960E+001,3.5211701E-004
3.2116460E+001,2.7855127E-004
3.2117960E+001,2.0385051E-004
3.2119460E+001,1.2914975E-004
3.2120960E+001,3.5670907E-005
3.2122460E+001,-6.8370644E-005
3.2123960E+001,-1.7241220E-004
3.2125460E+001,-2.7998514E-004
3.2126960E+001,-3.9554213E-004
3.2128460E+001,-5.1109913E-004
3.2129960E+001,-6.2665612E-004
3.2131460E+001,-7.3599283E-004
3.2132960E+001,-8.4515911E-004
3.2134460E+001,-9.5432539E-004
3.2135960E+001,-1.0510610E-003
3.2137460E+001,-1.1408043E-003
3.2138960E+001,-1.2305476E-003
3.2140460E+001,-1.3129822E-003
3.2141960E+001,-1.3788926E-003
3.2143460E+001,-1.4448030E-003
3.2144960E+001,-1.5107134E-003
3.2146460E+001,-1.5581015E-003
3.2147960E+001,-1.6049821E-003
3.2149460E+001,-1.6518627E-003
3.2150960E+001,-1.6933652E-003
3.2152460E+001,-1.7318425E-003
3.2153960E+001,-1.7703199E-003
3.2155460E+001,-1.8093803E-003
3.2156960E+001,-1.8497591E-003
3.2158460E+001,-1.8901379E-003
3.2159960E+001,-1.9305167E-003
3.2161460E+001,-1.9766940E-003
3.2162960E+001,-2.0230302E-003
3.2164460E+001,-2.0693663E-003
3.2165960E+001,-2.1165652E-003
3.2167460E+001,-2.1642493E-003
3.2168960E+001,-2.2119334E-003
3.2170460E+001,-2.2567785E-003
3.2171960E+001,-2.2952051E-003
3.2173460E+001,-2.3336317E-003
3.2174960E+001,-2.3720583E-003
3.2176460E+001,-2.3913449E-003
3.2177960E+001,-2.4101072E-003
3.2179460E+001,-2.4288695E-003
3.2180960E+001,-2.4321726E-003
3.2182460E+001,-2.4267800E-003
3.2183960E+001,-2.4213874E-003
3.2185460E+001,-2.4095177E-003
3.2186960E+001,-2.3830043E-003
3.2188460E+001,-2.3564908E-003
3.2189960E+001,-2.3299773E-003
3.2191460E+001,-2.2901944E-003
3.2192960E+001,-2.2500478E-003
3.2194460E+001,-2.2099013E-003
3.2195960E+001,-2.1654129E-003
3.2197460E+001,-2.1184821E-003
3.2198960E+001,-2.0715514E-003
3.2200460E+001,-2.0233648E-003
3.2201960E+001,-1.9723387E-003
3.2203460E+001,-1.9213127E-003
3.2204960E+001,-1.8702867E-003
3.2206460E+001,-1.8139012E-003
3.2207960E+001,-1.7573689E-003
3.2209460E+001,-1.7008366E-003
3.2210960E+001,-1.6392489E-003
3.2212460E+001,-1.5748177E-003
3.2213960E+001,-1.5103865E-003
3.2215460E+001,-1.4436730E-003
3.2216960E+001,-1.3717996E-003
3.2218460E+001,-1.2999262E-003
3.2219960E+001,-1.2280528E-003
3.2221460E+001,-1.1540665E-003
3.2222960E+001,-1.0800222E-003
3.2224460E+001,-1.0059780E-003
3.2225960E+001,-9.3631652E-004
3.2227460E+001,-8.6912028E-004
3.2228960E+001,-8.0192404E-004
3.2230460E+001,-7.3977591E-004
3.2231960E+001,-6.8904094E-004
3.2233460E+001,-6.3830597E-004
3.2234960E+001,-5.8757101E-004
3.2236460E+001,-5.5982283E-004
3.2237960E+001,-5.3270444E-004
3.2239460E+001,-5.0558606E-004
3.2240960E+001,-4.9575694E-004
3.2242460E+001,-4.9565306E-004
3.2243960E+001,-4.9554918E-004
3.2245460E+001,-5.0378749E-004
3.2246960E+001,-5.3088646E-004
3.2248460E+001,-5.5798542E-004
3.2249960E+001,-5.8508438E-004
3.2251460E+001,-6.3702851E-004
3.2252960E+001,-6.8965335E-004
3.2254460E+001,-7.4227819E-004
3.2255960E+001,-8.0955877E-004
3.2257460E+001,-8.8508325E-004
3.2258960E+001,-9.6060772E-004
3.2260460E+001,-1.0419642E-003
3.2261960E+001,-1.1365063E-003
3.2263460E+001,-1.2310484E-003
3.2264960E+001,-1.3255905E-003
3.2266460E+001,-1.4321526E-003
3.2267960E+001,-1.5390440E-003
3.2269460E+001,-1.6459353E-003
3.2270960E+001,-1.7536018E-003
3.2272460E+001,-1.8617043E-003
3.2273960E+001,-1.9698069E-003
3.2275460E+001,-2.0734604E-003
3.2276960E+001,-2.1670555E-003
3.2278460E+001,-2.2606506E-003
3.2279960E+001,-2.3542457E-003
3.2281460E+001,-2.4164102E-003
3.2282960E+001,-2.4777136E-003
3.2284460E+001,-2.5390170E-003
3.2285960E+001,-2.5698065E-003
3.2287460E+001,-2.5834318E-003
3.2288960E+001,-2.5970572E-003
3.2290460E+001,-2.5934383E-003
3.2291960E+001,-2.5508322E-003
3.2293460E+001,-2.5082261E-003
3.2294960E+001,-2.4656201E-003
3.2296460E+001,-2.3690822E-003
3.2297960E+001,-2.2710667E-003
3.2299460E+001,-2.1730512E-003
3.2300960E+001,-2.0459814E-003
3.2302460E+001,-1.9025685E-003
3.2303960E+001,-1.7591556E-003
3.2305460E+001,-1.6068798E-003
3.2306960E+001,-1.4345660E-003
3.2308460E+001,-1.2622522E-003
3.2309960E+001,-1.0899383E-003
3.2311460E+001,-9.0779834E-004
3.2312960E+001,-7.2538912E-004
3.2314460E+001,-5.4297990E-004
3.2315960E+001,-3.6510584E-004
3.2317460E+001,-1.8978282E-004
3.2318960E+001,-1.4459797E-005
3.2320460E+001,1.5454849E-004
3.2321960E+001,3.0927992E-004
3.2323460E+001,4.6401136E-004
3.2324960E+001,6.1874279E-004
3.2326460E+001,7.4363409E-004
3.2327960E+001,8.6770783E-004
3.2329460E+001,9.9178158E-004
3.2330960E+001,1.0911340E-003
3.2332460E+001,1.1765807E-003
3.2333960E+001,1.2620274E-003
3.2335460E+001,1.3336110E-003
3.2336960E+001,1.3738518E-003
3.2338460E+001,1.4140926E-003
3.2339960E+001,1.4543334E-003
3.2341460E+001,1.4463441E-003
3.2342960E+001,1.4370335E-003
3.2344460E+001,1.4277228E-003
3.2345960E+001,1.3866219E-003
3.2347460E+001,1.3276389E-003
3.2348960E+001,1.2686559E-003
3.2350460E+001,1.1962680E-003
3.2351960E+001,1.0935734E-003
3.2353460E+001,9.9087868E-004
3.2354960E+001,8.8818400E-004
3.2356460E+001,7.5495486E-004
3.2357960E+001,6.2088914E-004
3.2359460E+001,4.8682342E-004
3.2360960E+001,3.4340620E-004
3.2362460E+001,1.9472875E-004
3.2363960E+001,4.6051297E-005
3.2365460E+001,-1.0169103E-004
3.2366960E+001,-2.4731913E-004
3.2368460E+001,-3.9294724E-004
3.2369960E+001,-5.3857534E-004
3.2371460E+001,-6.6637927E-004
3.2372960E+001,-7.9369485E-004
3.2374460E+001,-9.2101042E-004
3.2375960E+001,-1.0294400E-003
3.2377460E+001,-1.1272463E-003
3.2378960E+001,-1.2250525E-003
3.2380460E+001,-1.3116442E-003
3.2381960E+001,-1.3728813E-003
3.2383460E+001,-1.4341184E-003
3.2384960E+001,-1.4953555E-003
3.2386460E+001,-1.5176790E-003
3.2387960E+001,-1.5389364E-003
3.2389460E+001,-1.5601937E-003
3.2390960E+001,-1.5558789E-003
3.2392460E+001,-1.5371797E-003
3.2393960E+001,-1.5184805E-003
3.2395460E+001,-1.4886472E-003
3.2396960E+001,-1.4336411E-003
3.2398460E+001,-1.3786350E-003
3.2399960E+001,-1.3236290E-003
3.2401460E+001,-1.2407454E-003
3.2402960E+001,-1.1570981E-003
3.2404460E+001,-1.0734508E-003
3.2405960E+001,-9.7910105E-004
3.2407460E+001,-8.7873120E-004
3.2408960E+001,-7.7836134E-004
3.2410460E+001,-6.7767580E-004
3.2411960E+001,-5.7627654E-004
3.2413460E+001,-4.7487728E-004
3.2414960E+001,-3.7347802E-004
3.2416460E+001,-2.8838295E-004
3.2417960E+001,-2.0373458E-004
3.2419460E+001,-1.1908621E-004
3.2420960E+001,-5.6129706E-005
3.2422460E+001,-5.3749173E-006
3.2423960E+001,4.5379871E-005
3.2425460E+001,8.1575408E-005
3.2426960E+001,8.4854281E-005
3.2428460E+001,8.8133154E-005
3.2429960E+001,9.1412026E-005
3.2431460E+001,4.0954458E-005
3.2432960E+001,-1.0975375E-005
3.2434460E+001,-6.2905209E-005
3.2435960E+001,-1.5055829E-004
3.2437460E+001,-2.5830575E-004
3.2438960E+001,-3.6605322E-004
3.2440460E+001,-4.8887269E-004
3.2441960E+001,-6.4576811E-004
3.2443460E+001,-8.0266354E-004
3.2444960E+001,-9.5955896E-004
3.2446460E+001,-1.1516266E-003
3.2447960E+001,-1.3446579E-003
3.2449460E+001,-1.5376891E-003
3.2450960E+001,-1.7425396E-003
3.2452460E+001,-1.9540385E-003
3.2453960E+001,-2.1655374E-003
3.2455460E+001,-2.3764327E-003
3.2456960E+001,-2.5859634E-003
3.2458460E+001,-2.7954942E-003
3.2459960E+001,-3.0050250E-003
3.2461460E+001,-3.1919157E-003
3.2462960E+001,-3.3781862E-003
3.2464460E+001,-3.5644566E-003
3.2465960E+001,-3.7231512E-003
3.2467460E+001,-3.8663342E-003
3.2468960E+001,-4.0095173E-003
3.2470460E+001,-4.1347809E-003
3.2471960E+001,-4.2195306E-003
3.2473460E+001,-4.3042803E-003
3.2474960E+001,-4.3890300E-003
3.2476460E+001,-4.4094072E-003
3.2477960E+001,-4.4280207E-003
3.2479460E+001,-4.4466343E-003
3.2480960E+001,-4.4242257E-003
3.2482460E+001,-4.3787420E-003
3.2483960E+001,-4.3332583E-003
3.2485460E+001,-4.2717133E-003
3.2486960E+001,-4.1738559E-003
3.2488460E+001,-4.0759984E-003
3.2489960E+001,-3.9781410E-003
3.2491460E+001,-3.8475509E-003
3.2492960E+001,-3.7160640E-003
3.2494460E+001,-3.5845772E-003
3.2495960E+001,-3.4449180E-003
3.2497460E+001,-3.3006619E-003
3.2498960E+001,-3.1564058E-003
3.2500460E+001,-3.0135043E-003
3.2501960E+001,-2.8736656E-003
3.2503460E+001,-2.7338268E-003
3.2504960E+001,-2.5939881E-003
3.2506460E+001,-2.4672135E-003
3.2507960E+001,-2.3407968E-003
3.2509460E+001,-2.2143801E-003
3.2510960E+001,-2.0962207E-003
3.2512460E+001,-1.9827061E-003
3.2513960E+001,-1.8691914E-003
3.2515460E+001,-1.7572054E-003
3.2516960E+001,-1.6486753E-003
3.2518460E+001,-1.5401453E-003
3.2519960E+001,-1.4316152E-003
3.2521460E+001,-1.3171354E-003
3.2522960E+001,-1.2024925E-003
3.2524460E+001,-1.0878497E-003
3.2525960E+001,-9.6298595E-004
3.2527460E+001,-8.3237294E-004
3.2528960E+001,-7.0175994E-004
3.2530460E+001,-5.6461006E-004
3.2531960E+001,-4.1268112E-004
3.2533460E+001,-2.6075219E-004
3.2534960E+001,-1.0882326E-004
3.2536460E+001,6.3254763E-005
3.2537960E+001,2.3588483E-004
3.2539460E+001,4.0851489E-004
3.2540960E+001,5.9050574E-004
3.2542460E+001,7.7776204E-004
3.2543960E+001,9.6501835E-004
3.2545460E+001,1.1538039E-003
3.2546960E+001,1.3460468E-003
3.2548460E+001,1.5382898E-003
3.2549960E+001,1.7305327E-003
3.2551460E+001,1.9169306E-003
3.2552960E+001,2.1031684E-003
3.2554460E+001,2.2894062E-003
3.2555960E+001,2.4649964E-003
3.2557460E+001,2.6345973E-003
3.2558960E+001,2.8041982E-003
3.2560460E+001,2.9659168E-003
3.2561960E+001,3.1098145E-003
3.2563460E+001,3.2537122E-003
3.2564960E+001,3.3976099E-003
3.2566460E+001,3.5102292E-003
3.2567960E+001,3.6219915E-003
3.2569460E+001,3.7337538E-003
3.2570960E+001,3.8231257E-003
3.2572460E+001,3.8999029E-003
3.2573960E+001,3.9766801E-003
3.2575460E+001,4.0431065E-003
3.2576960E+001,4.0861306E-003
3.2578460E+001,4.1291548E-003
3.2579960E+001,4.1721790E-003
3.2581460E+001,4.1874016E-003
3.2582960E+001,4.2018625E-003
3.2584460E+001,4.2163234E-003
3.2585960E+001,4.2179456E-003
3.2587460E+001,4.2123460E-003
3.2588960E+001,4.2067464E-003
3.2590460E+001,4.1983068E-003
3.2591960E+001,4.1834464E-003
3.2593460E+001,4.1685860E-003
3.2594960E+001,4.1537256E-003
3.2596460E+001,4.1414216E-003
3.2597960E+001,4.1291877E-003
3.2599460E+001,4.1169537E-003
3.2600960E+001,4.1139632E-003
3.2602460E+001,4.1161720E-003
3.2603960E+001,4.1183809E-003
3.2605460E+001,4.1282781E-003
3.2606960E+001,4.1555577E-003
3.2608460E+001,4.1828373E-003
3.2609960E+001,4.2101168E-003
3.2611460E+001,4.2695005E-003
3.2612960E+001,4.3297638E-003
3.2614460E+001,4.3900271E-003
3.2615960E+001,4.4733059E-003
3.2617460E+001,4.5695310E-003
3.2618960E+001,4.6657562E-003
3.2620460E+001,4.7717263E-003
3.2621960E+001,4.8997286E-003
3.2623460E+001,5.0277310E-003
3.2624960E+001,5.1557333E-003
3.2626460E+001,5.3028290E-003
3.2627960E+001,5.4504477E-003
3.2629460E+001,5.5980665E-003
3.2630960E+001,5.7463333E-003
3.2632460E+001,5.8949647E-003
3.2633960E+001,6.0435961E-003
3.2635460E+001,6.1859350E-003
3.2636960E+001,6.3140473E-003
3.2638460E+001,6.4421597E-003
3.2639960E+001,6.5702720E-003
3.2641460E+001,6.6587295E-003
3.2642960E+001,6.7461005E-003
3.2644460E+001,6.8334716E-003
3.2645960E+001,6.8850313E-003
3.2647460E+001,6.9164471E-003
3.2648960E+001,6.9478629E-003
3.2650460E+001,6.9597114E-003
3.2651960E+001,6.9273205E-003
3.2653460E+001,6.8949296E-003
3.2654960E+001,6.8625387E-003
3.2656460E+001,6.7683030E-003
3.2657960E+001,6.6723730E-003
3.2659460E+001,6.5764430E-003
3.2660960E+001,6.4448921E-003
3.2662460E+001,6.2933044E-003
3.2663960E+001,6.1417167E-003
3.2665460E+001,5.9774576E-003
3.2666960E+001,5.7845502E-003
3.2668460E+001,5.5916427E-003
3.2669960E+001,5.3987353E-003
3.2671460E+001,5.1842542E-003
3.2672960E+001,4.9691819E-003
3.2674460E+001,4.7541097E-003
3.2675960E+001,4.5385146E-003
3.2677460E+001,4.3226255E-003
3.2678960E+001,4.1067363E-003
3.2680460E+001,3.8966023E-003
3.2681960E+001,3.6994799E-003
3.2683460E+001,3.5023576E-003
3.2684960E+001,3.3052353E-003
3.2686460E+001,3.1393134E-003
3.2687960E+001,2.9742464E-003
3.2689460E+001,2.8091793E-003
3.2690960E+001,2.6669181E-003
3.2692460E+001,2.5374853E-003
3.2693960E+001,2.4080524E-003
3.2695460E+001,2.2874376E-003
3.2696960E+001,2.1867592E-003
3.2698460E+001,2.0860809E-003
3.2699960E+001,1.9854025E-003
3.2701460E+001,1.8982809E-003
3.2702960E+001,1.8115306E-003
3.2704460E+001,1.7247804E-003
3.2705960E+001,1.6357094E-003
3.2707460E+001,1.5453328E-003
3.2708960E+001,1.4549562E-003
3.2710460E+001,1.3591565E-003
3.2711960E+001,1.2510959E-003
3.2713460E+001,1.1430352E-003
3.2714960E+001,1.0349745E-003
3.2716460E+001,9.0401376E-004
3.2717960E+001,7.7242563E-004
3.2719460E+001,6.4083751E-004
3.2720960E+001,4.9639180E-004
3.2722460E+001,3.4471370E-004
3.2723960E+001,1.9303559E-004
3.2725460E+001,3.8206266E-005
3.2726960E+001,-1.2374756E-004
3.2728460E+001,-2.8570139E-004
3.2729960E+001,-4.4765522E-004
3.2731460E+001,-6.0880382E-004
3.2732960E+001,-7.6993036E-004
3.2734460E+001,-9.3105689E-004
3.2735960E+001,-1.0867031E-003
3.2737460E+001,-1.2392667E-003
3.2738960E+001,-1.3918302E-003
3.2740460E+001,-1.5411426E-003
3.2741960E+001,-1.6831043E-003
3.2743460E+001,-1.8250661E-003
3.2744960E+001,-1.9670279E-003
3.2746460E+001,-2.1017276E-003
3.2747960E+001,-2.2362283E-003
3.2749460E+001,-2.3707291E-003
3.2750960E+001,-2.5040998E-003
3.2752460E+001,-2.6368349E-003
3.2753960E+001,-2.7695700E-003
3.2755460E+001,-2.9033212E-003
3.2756960E+001,-3.0393696E-003
3.2758460E+001,-3.1754181E-003
3.2759960E+001,-3.3114665E-003
3.2761460E+001,-3.4529564E-003
3.2762960E+001,-3.5945953E-003
3.2764460E+001,-3.7362343E-003
3.2765960E+001,-3.8806795E-003
3.2767460E+001,-4.0267033E-003
3.2768960E+001,-4.1727271E-003
3.2770460E+001,-4.3187214E-003
3.2771960E+001,-4.4646492E-003
3.2773460E+001,-4.6105770E-003
3.2774960E+001,-4.7565048E-003
3.2776460E+001,-4.8951795E-003
3.2777960E+001,-5.0336554E-003
3.2779460E+001,-5.1721313E-003
3.2780960E+001,-5.2997549E-003
3.2782460E+001,-5.4212740E-003
3.2783960E+001,-5.5427932E-003
3.2785460E+001,-5.6560306E-003
3.2786960E+001,-5.7505441E-003
3.2788460E+001,-5.8450575E-003
3.2789960E+001,-5.9395710E-003
3.2791460E+001,-5.9998017E-003
3.2792960E+001,-6.0590931E-003
3.2794460E+001,-6.1183845E-003
3.2795960E+001,-6.1524353E-003
3.2797460E+001,-6.1722884E-003
3.2798960E+001,-6.1921414E-003
3.2800460E+001,-6.2001255E-003
3.2801960E+001,-6.1812756E-003
3.2803460E+001,-6.1624256E-003
3.2804960E+001,-6.1435756E-003
3.2806460E+001,-6.0920618E-003
3.2807960E+001,-6.0396531E-003
3.2809460E+001,-5.9872445E-003
3.2810960E+001,-5.9184427E-003
3.2812460E+001,-5.8404199E-003
3.2813960E+001,-5.7623971E-003
3.2815460E+001,-5.6792312E-003
3.2816960E+001,-5.5844375E-003
3.2818460E+001,-5.4896438E-003
3.2819960E+001,-5.3948501E-003
3.2821460E+001,-5.2918508E-003
3.2822960E+001,-5.1886267E-003
3.2824460E+001,-5.0854026E-003
3.2825960E+001,-4.9814258E-003
3.2827460E+001,-4.8770256E-003
3.2828960E+001,-4.7726254E-003
3.2830460E+001,-4.6696583E-003
3.2831960E+001,-4.5699312E-003
3.2833460E+001,-4.4702042E-003
3.2834960E+001,-4.3704771E-003
3.2836460E+001,-4.2786662E-003
3.2837960E+001,-4.1870722E-003
3.2839460E+001,-4.0954781E-003
3.2840960E+001,-4.0086661E-003
3.2842460E+001,-3.9245441E-003
3.2843960E+001,-3.8404221E-003
3.2845460E+001,-3.7567443E-003
3.2846960E+001,-3.6740708E-003
3.2848460E+001,-3.5913974E-003
3.2849960E+001,-3.5087240E-003
3.2851460E+001,-3.4170994E-003
3.2852960E+001,-3.3252295E-003
3.2854460E+001,-3.2333597E-003
3.2855960E+001,-3.1277903E-003
3.2857460E+001,-3.0145148E-003
3.2858960E+001,-2.9012393E-003
3.2860460E+001,-2.7784799E-003
3.2861960E+001,-2.6342784E-003
3.2863460E+001,-2.4900770E-003
3.2864960E+001,-2.3458755E-003
3.2866460E+001,-2.1684606E-003
3.2867960E+001,-1.9901357E-003
3.2869460E+001,-1.8118108E-003
3.2870960E+001,-1.6145634E-003
3.2872460E+001,-1.4066721E-003
3.2873960E+001,-1.1987808E-003
3.2875460E+001,-9.8518558E-004
3.2876960E+001,-7.5869459E-004
3.2878460E+001,-5.3220360E-004
3.2879960E+001,-3.0571261E-004
3.2881460E+001,-7.4923745E-005
3.2882960E+001,1.5598288E-004
3.2884460E+001,3.8688950E-004
3.2885960E+001,6.1143372E-004
3.2887460E+001,8.3239908E-004
3.2888960E+001,1.0533644E-003
3.2890460E+001,1.2672463E-003
3.2891960E+001,1.4651132E-003
3.2893460E+001,1.6629802E-003
3.2894960E+001,1.8608471E-003
3.2896460E+001,2.0245432E-003
3.2897960E+001,2.1873030E-003
3.2899460E+001,2.3500628E-003
3.2900960E+001,2.4835217E-003
3.2902460E+001,2.6004987E-003
3.2903960E+001,2.7174758E-003
3.2905460E+001,2.8181194E-003
3.2906960E+001,2.8818351E-003
3.2908460E+001,2.9455509E-003
3.2909960E+001,3.0092667E-003
3.2911460E+001,3.0203795E-003
3.2912960E+001,3.0300511E-003
3.2914460E+001,3.0397227E-003
3.2915960E+001,3.0208463E-003
3.2917460E+001,2.9859117E-003
3.2918960E+001,2.9509770E-003
3.2920460E+001,2.9087436E-003
3.2921960E+001,2.8500086E-003
3.2923460E+001,2.7912736E-003
3.2924960E+001,2.7325386E-003
3.2926460E+001,2.6788591E-003
3.2927960E+001,2.6253182E-003
3.2929460E+001,2.5717773E-003
3.2930960E+001,2.5405358E-003
3.2932460E+001,2.5218378E-003
3.2933960E+001,2.5031398E-003
3.2935460E+001,2.5015717E-003
3.2936960E+001,2.5387319E-003
3.2938460E+001,2.5758921E-003
3.2939960E+001,2.6130523E-003
3.2941460E+001,2.7098342E-003
3.2942960E+001,2.8082496E-003
3.2944460E+001,2.9066649E-003
3.2945960E+001,3.0366765E-003
3.2947460E+001,3.1844610E-003
3.2948960E+001,3.3322455E-003
3.2950460E+001,3.4874283E-003
3.2951960E+001,3.6593376E-003
3.2953460E+001,3.8312469E-003
3.2954960E+001,4.0031562E-003
3.2956460E+001,4.1682186E-003
3.2957960E+001,4.3330934E-003
3.2959460E+001,4.4979683E-003
3.2960960E+001,4.6398411E-003
3.2962460E+001,4.7687752E-003
3.2963960E+001,4.8977094E-003
3.2965460E+001,5.0094742E-003
3.2966960E+001,5.0824213E-003
3.2968460E+001,5.1553683E-003
3.2969960E+001,5.2283154E-003
3.2971460E+001,5.2394931E-003
3.2972960E+001,5.2489785E-003
3.2974460E+001,5.2584639E-003
3.2975960E+001,5.2309317E-003
3.2977460E+001,5.1825772E-003
3.2978960E+001,5.1342227E-003
3.2980460E+001,5.0732252E-003
3.2981960E+001,4.9836435E-003
3.2983460E+001,4.8940618E-003
3.2984960E+001,4.8044801E-003
3.2986460E+001,4.6978278E-003
3.2987960E+001,4.5907078E-003
3.2989460E+001,4.4835878E-003
3.2990960E+001,4.3816895E-003
3.2992460E+001,4.2827284E-003
3.2993960E+001,4.1837673E-003
3.2995460E+001,4.0941264E-003
3.2996960E+001,4.0255576E-003
3.2998460E+001,3.9569887E-003
3.2999960E+001,3.8884198E-003
3.3001460E+001,3.8632030E-003
3.3002960E+001,3.8391740E-003
3.3004460E+001,3.8151450E-003
3.3005960E+001,3.8219548E-003
3.3007460E+001,3.8461115E-003
3.3008960E+001,3.8702682E-003
3.3010460E+001,3.9072041E-003
3.3011960E+001,3.9730322E-003
3.3013460E+001,4.0388602E-003
3.3014960E+001,4.1046883E-003
3.3016460E+001,4.1973598E-003
3.3017960E+001,4.2907667E-003
3.3019460E+001,4.3841737E-003
3.3020960E+001,4.4838072E-003
3.3022460E+001,4.5869433E-003
3.3023960E+001,4.6900794E-003
3.3025460E+001,4.7908027E-003
3.3026960E+001,4.8860709E-003
3.3028460E+001,4.9813392E-003
3.3029960E+001,5.0766075E-003
3.3031460E+001,5.1503566E-003
3.3032960E+001,5.2235161E-003
3.3034460E+001,5.2966756E-003
3.3035960E+001,5.3495666E-003
3.3037460E+001,5.3910565E-003
3.3038960E+001,5.4325464E-003
3.3040460E+001,5.4626942E-003
3.3041960E+001,5.4671989E-003
3.3043460E+001,5.4717036E-003
3.3044960E+001,5.4762083E-003
3.3046460E+001,5.4425018E-003
3.3047960E+001,5.4077484E-003
3.3049460E+001,5.3729949E-003
3.3050960E+001,5.3130445E-003
3.3052460E+001,5.2389206E-003
3.3053960E+001,5.1647968E-003
3.3055460E+001,5.0791794E-003
3.3056960E+001,4.9675768E-003
3.3058460E+001,4.8559741E-003
3.3059960E+001,4.7443714E-003
3.3061460E+001,4.6004514E-003
3.3062960E+001,4.4556460E-003
3.3064460E+001,4.3108405E-003
3.3065960E+001,4.1493567E-003
3.3067460E+001,3.9784912E-003
3.3068960E+001,3.8076258E-003
3.3070460E+001,3.6318281E-003
3.3071960E+001,3.4448792E-003
3.3073460E+001,3.2579303E-003
3.3074960E+001,3.0709814E-003
3.3076460E+001,2.8798005E-003
3.3077960E+001,2.6885037E-003
3.3079460E+001,2.4972068E-003
3.3080960E+001,2.3105747E-003
3.3082460E+001,2.1265664E-003
3.3083960E+001,1.9425581E-003
3.3085460E+001,1.7638548E-003
3.3086960E+001,1.5971454E-003
3.3088460E+001,1.4304360E-003
3.3089960E+001,1.2637266E-003
3.3091460E+001,1.1216653E-003
3.3092960E+001,9.8027932E-004
3.3094460E+001,8.3889335E-004
3.3095960E+001,7.1778393E-004
3.3097460E+001,6.0808010E-004
3.3098960E+001,4.9837626E-004
3.3100460E+001,3.9973440E-004
3.3101960E+001,3.2610228E-004
3.3103460E+001,2.5247015E-004
3.3104960E+001,1.7883802E-004
3.3106460E+001,1.4113169E-004
3.3107960E+001,1.0440966E-004
3.3109460E+001,6.7687619E-005
3.3110960E+001,5.1439657E-005
3.3112460E+001,4.6708384E-005
3.3113960E+001,4.1977112E-005
3.3115460E+001,4.3334514E-005
3.3116960E+001,5.8457643E-005
3.3118460E+001,7.3580772E-005
3.3119960E+001,8.8703902E-005
3.3121460E+001,1.0485690E-004
3.3122960E+001,1.2103811E-004
3.3124460E+001,1.3721932E-004
3.3125960E+001,1.3987656E-004
3.3127460E+001,1.3492656E-004
3.3128960E+001,1.2997656E-004
3.3130460E+001,1.1241887E-004
3.3131960E+001,6.6356748E-005
3.3133460E+001,2.0294631E-005
3.3134960E+001,-2.5767486E-005
3.3136460E+001,-1.2320625E-004
3.3137960E+001,-2.2205262E-004
3.3139460E+001,-3.2089898E-004
3.3140960E+001,-4.5317198E-004
3.3142460E+001,-6.0424751E-004
3.3143960E+001,-7.5532303E-004
3.3145460E+001,-9.1854076E-004
3.3146960E+001,-1.1092105E-003
3.3148460E+001,-1.2998802E-003
3.3149960E+001,-1.4905500E-003
3.3151460E+001,-1.6996784E-003
3.3152960E+001,-1.9093124E-003
3.3154460E+001,-2.1189465E-003
3.3155960E+001,-2.3263672E-003
3.3157460E+001,-2.5325427E-003
3.3158960E+001,-2.7387183E-003
3.3160460E+001,-2.9382524E-003
3.3161960E+001,-3.1227708E-003
3.3163460E+001,-3.3072892E-003
3.3164960E+001,-3.4918076E-003
3.3166460E+001,-3.6454879E-003
3.3167960E+001,-3.7983232E-003
3.3169460E+001,-3.9511585E-003
3.3170960E+001,-4.0830730E-003
3.3172460E+001,-4.2032195E-003
3.3173960E+001,-4.3233660E-003
3.3175460E+001,-4.4353096E-003
3.3176960E+001,-4.5287076E-003
3.3178460E+001,-4.6221056E-003
3.3179960E+001,-4.7155036E-003
3.3181460E+001,-4.7918929E-003
3.3182960E+001,-4.8678161E-003
3.3184460E+001,-4.9437394E-003
3.3185960E+001,-5.0143561E-003
3.3187460E+001,-5.0819879E-003
3.3188960E+001,-5.1496196E-003
3.3190460E+001,-5.2168007E-003
3.3191960E+001,-5.2829630E-003
3.3193460E+001,-5.3491253E-003
3.3194960E+001,-5.4152875E-003
3.3196460E+001,-5.4832332E-003
3.3197960E+001,-5.5512278E-003
3.3199460E+001,-5.6192223E-003
3.3200960E+001,-5.6879661E-003
3.3202460E+001,-5.7571313E-003
3.3203960E+001,-5.8262964E-003
3.3205460E+001,-5.8944231E-003
3.3206960E+001,-5.9602018E-003
3.3208460E+001,-6.0259804E-003
3.3209960E+001,-6.0917591E-003
3.3211460E+001,-6.1465645E-003
3.3212960E+001,-6.2010692E-003
3.3214460E+001,-6.2555740E-003
3.3215960E+001,-6.2964408E-003
3.3217460E+001,-6.3296364E-003
3.3218960E+001,-6.3628319E-003
3.3220460E+001,-6.3863959E-003
3.3221960E+001,-6.3881842E-003
3.3223460E+001,-6.3899725E-003
3.3224960E+001,-6.3917608E-003
3.3226460E+001,-6.3561066E-003
3.3227960E+001,-6.3194266E-003
3.3229460E+001,-6.2827466E-003
3.3230960E+001,-6.2210830E-003
3.3232460E+001,-6.1453661E-003
3.3233960E+001,-6.0696493E-003
3.3235460E+001,-5.9845062E-003
3.3236960E+001,-5.8780515E-003
3.3238460E+001,-5.7715969E-003
3.3239960E+001,-5.6651422E-003
3.3241460E+001,-5.5453575E-003
3.3242960E+001,-5.4252075E-003
3.3244460E+001,-5.3050575E-003
3.3245960E+001,-5.1905732E-003
3.3247460E+001,-5.0792758E-003
3.3248960E+001,-4.9679784E-003
3.3250460E+001,-4.8661994E-003
3.3251960E+001,-4.7859401E-003
3.3253460E+001,-4.7056809E-003
3.3254960E+001,-4.6254216E-003
3.3256460E+001,-4.5899399E-003
3.3257960E+001,-4.5556850E-003
3.3259460E+001,-4.5214301E-003
3.3260960E+001,-4.5182142E-003
3.3262460E+001,-4.5324577E-003
3.3263960E+001,-4.5467013E-003
3.3265460E+001,-4.5724026E-003
3.3266960E+001,-4.6240083E-003
3.3268460E+001,-4.6756141E-003
3.3269960E+001,-4.7272199E-003
3.3271460E+001,-4.7946798E-003
3.3272960E+001,-4.8625741E-003
3.3274460E+001,-4.9304683E-003
3.3275960E+001,-4.9933346E-003
3.3277460E+001,-5.0533727E-003
3.3278960E+001,-5.1134108E-003
3.3280460E+001,-5.1648603E-003
3.3281960E+001,-5.1968920E-003
3.3283460E+001,-5.2289238E-003
3.3284960E+001,-5.2609555E-003
3.3286460E+001,-5.2547172E-003
3.3287960E+001,-5.2474304E-003
3.3289460E+001,-5.2401436E-003
3.3290960E+001,-5.2071542E-003
3.3292460E+001,-5.1597071E-003
3.3293960E+001,-5.1122599E-003
3.3295460E+001,-5.0550283E-003
3.3296960E+001,-4.9756754E-003
3.3298460E+001,-4.8963224E-003
3.3299960E+001,-4.8169694E-003
3.3301460E+001,-4.7201327E-003
3.3302960E+001,-4.6228171E-003
3.3304460E+001,-4.5255014E-003
3.3305960E+001,-4.4266556E-003
3.3307460E+001,-4.3269491E-003
3.3308960E+001,-4.2272426E-003
3.3310460E+001,-4.1309808E-003
3.3311960E+001,-4.0425073E-003
3.3313460E+001,-3.9540337E-003
3.3314960E+001,-3.8655601E-003
3.3316460E+001,-3.7967302E-003
3.3317960E+001,-3.7284384E-003
3.3319460E+001,-3.6601466E-003
3.3320960E+001,-3.6063171E-003
3.3322460E+001,-3.5606226E-003
3.3323960E+001,-3.5149281E-003
3.3325460E+001,-3.4747551E-003
3.3326960E+001,-3.4470653E-003
3.3328460E+001,-3.4193755E-003
3.3329960E+001,-3.3916857E-003
3.3331460E+001,-3.3719481E-003
3.3332960E+001,-3.3524284E-003
3.3334460E+001,-3.3329087E-003
3.3335960E+001,-3.3115200E-003
3.3337460E+001,-3.2890801E-003
3.3338960E+001,-3.2666402E-003
3.3340460E+001,-3.2409498E-003
3.3341960E+001,-3.2079106E-003
3.3343460E+001,-3.1748714E-003
3.3344960E+001,-3.1418322E-003
3.3346460E+001,-3.0974058E-003
3.3347960E+001,-3.0526675E-003
3.3349460E+001,-3.0079291E-003
3.3350960E+001,-2.9593575E-003
3.3352460E+001,-2.9086297E-003
3.3353960E+001,-2.8579019E-003
3.3355460E+001,-2.8083102E-003
3.3356960E+001,-2.7612870E-003
3.3358460E+001,-2.7142638E-003
3.3359960E+001,-2.6672407E-003
3.3361460E+001,-2.6324286E-003
3.3362960E+001,-2.5979512E-003
3.3364460E+001,-2.5634737E-003
3.3365960E+001,-2.5389697E-003
3.3367460E+001,-2.5200757E-003
3.3368960E+001,-2.5011818E-003
3.3370460E+001,-2.4853324E-003
3.3371960E+001,-2.4763665E-003
3.3373460E+001,-2.4674005E-003
3.3374960E+001,-2.4584345E-003
3.3376460E+001,-2.4456879E-003
3.3377960E+001,-2.4328377E-003
3.3379460E+001,-2.4199875E-003
3.3380960E+001,-2.3929613E-003
3.3382460E+001,-2.3579610E-003
3.3383960E+001,-2.3229608E-003
3.3385460E+001,-2.2758203E-003
3.3386960E+001,-2.2012324E-003
3.3388460E+001,-2.1266445E-003
3.3389960E+001,-2.0520566E-003
3.3391460E+001,-1.9276079E-003
3.3392960E+001,-1.8017932E-003
3.3394460E+001,-1.6759784E-003
3.3395960E+001,-1.5156521E-003
3.3397460E+001,-1.3359132E-003
3.3398960E+001,-1.1561742E-003
3.3400460E+001,-9.6193831E-004
3.3401960E+001,-7.3492675E-004
3.3403460E+001,-5.0791519E-004
3.3404960E+001,-2.8090363E-004
3.3406460E+001,-2.1215965E-005
3.3407960E+001,2.3936695E-004
3.3409460E+001,4.9994987E-004
3.3410960E+001,7.7115607E-004
3.3412460E+001,1.0483379E-003
3.3413960E+001,1.3255197E-003
3.3415460E+001,1.6026371E-003
3.3416960E+001,1.8796089E-003
3.3418460E+001,2.1565808E-003
3.3419960E+001,2.4335526E-003
3.3421460E+001,2.6959647E-003
3.3422960E+001,2.9579779E-003
3.3424460E+001,3.2199910E-003
3.3425960E+001,3.4645733E-003
3.3427460E+001,3.6993505E-003
3.3428960E+001,3.9341278E-003
3.3430460E+001,4.1574667E-003
3.3431960E+001,4.3549450E-003
3.3433460E+001,4.5524233E-003
3.3434960E+001,4.7499015E-003
3.3436460E+001,4.9033587E-003
3.3437960E+001,5.0556098E-003
3.3439460E+001,5.2078609E-003
3.3440960E+001,5.3278965E-003
3.3442460E+001,5.4298108E-003
3.3443960E+001,5.5317252E-003
3.3445460E+001,5.6179807E-003
3.3446960E+001,5.6688338E-003
3.3448460E+001,5.7196869E-003
3.3449960E+001,5.7705400E-003
3.3451460E+001,5.7769493E-003
3.3452960E+001,5.7821410E-003
3.3454460E+001,5.7873326E-003
3.3455960E+001,5.7710049E-003
3.3457460E+001,5.7425727E-003
3.3458960E+001,5.7141404E-003
3.3460460E+001,5.6805773E-003
3.3461960E+001,5.6354144E-003
3.3463460E+001,5.5902514E-003
3.3464960E+001,5.5450885E-003
3.3466460E+001,5.5010140E-003
3.3467960E+001,5.4569695E-003
3.3469460E+001,5.4129249E-003
3.3470960E+001,5.3786090E-003
3.3472460E+001,5.3497656E-003
3.3473960E+001,5.3209222E-003
3.3475460E+001,5.2987111E-003
3.3476960E+001,5.2914947E-003
3.3478460E+001,5.2842783E-003
3.3479960E+001,5.2770619E-003
3.3481460E+001,5.2881341E-003
3.3482960E+001,5.2997074E-003
3.3484460E+001,5.3112806E-003
3.3485960E+001,5.3281083E-003
3.3487460E+001,5.3478917E-003
3.3488960E+001,5.3676750E-003
3.3490460E+001,5.3856746E-003
3.3491960E+001,5.3996413E-003
3.3493460E+001,5.4136079E-003
3.3494960E+001,5.4275746E-003
3.3496460E+001,5.4240415E-003
3.3497960E+001,5.4200291E-003
3.3499460E+001,5.4160166E-003
3.3500960E+001,5.3964699E-003
3.3502460E+001,5.3681851E-003
3.3503960E+001,5.3399003E-003
3.3505460E+001,5.3043846E-003
3.3506960E+001,5.2525208E-003
3.3508460E+001,5.2006570E-003
3.3509960E+001,5.1487932E-003
3.3511460E+001,5.0795310E-003
3.3512960E+001,5.0097921E-003
3.3514460E+001,4.9400532E-003
3.3515960E+001,4.8631281E-003
3.3517460E+001,4.7821607E-003
3.3518960E+001,4.7011932E-003
3.3520460E+001,4.6178030E-003
3.3521960E+001,4.5289350E-003
3.3523460E+001,4.4400670E-003
3.3524960E+001,4.3511990E-003
3.3526460E+001,4.2525796E-003
3.3527960E+001,4.1536930E-003
3.3529460E+001,4.0548063E-003
3.3530960E+001,3.9456695E-003
3.3532460E+001,3.8307670E-003
3.3533960E+001,3.7158645E-003
3.3535460E+001,3.5944635E-003
3.3536960E+001,3.4583702E-003
3.3538460E+001,3.3222770E-003
3.3539960E+001,3.1861837E-003
3.3541460E+001,3.0302662E-003
3.3542960E+001,2.8738056E-003
3.3544460E+001,2.7173450E-003
3.3545960E+001,2.5538976E-003
3.3547460E+001,2.3865202E-003
3.3548960E+001,2.2191428E-003
3.3550460E+001,2.0535257E-003
3.3551960E+001,1.8918885E-003
3.3553460E+001,1.7302514E-003
3.3554960E+001,1.5686142E-003
3.3556460E+001,1.4309841E-003
3.3557960E+001,1.2940117E-003
3.3559460E+001,1.1570393E-003
3.3560960E+001,1.0452834E-003
3.3562460E+001,9.4771187E-004
3.3563960E+001,8.5014031E-004
3.3565460E+001,7.6627806E-004
3.3566960E+001,7.1341083E-004
3.3568460E+001,6.6054360E-004
3.3569960E+001,6.0767636E-004
3.3571460E+001,5.9281260E-004
3.3572960E+001,5.7899004E-004
3.3574460E+001,5.6516749E-004
3.3575960E+001,5.6764871E-004
3.3577460E+001,5.7930082E-004
3.3578960E+001,5.9095294E-004
3.3580460E+001,6.0567970E-004
3.3581960E+001,6.2735788E-004
3.3583460E+001,6.4903605E-004
3.3584960E+001,6.7071422E-004
3.3586460E+001,6.9093494E-004
3.3587960E+001,7.1111574E-004
3.3589460E+001,7.3129654E-004
3.3590960E+001,7.4745052E-004
3.3592460E+001,7.6133942E-004
3.3593960E+001,7.7522833E-004
3.3595460E+001,7.8745969E-004
3.3596960E+001,7.9594357E-004
3.3598460E+001,8.0442746E-004
3.3599960E+001,8.1291134E-004
3.3601460E+001,8.1892837E-004
3.3602960E+001,8.2487782E-004
3.3604460E+001,8.3082727E-004
3.3605960E+001,8.3575853E-004
3.3607460E+001,8.4011707E-004
3.3608960E+001,8.4447560E-004
3.3610460E+001,8.4750265E-004
3.3611960E+001,8.4751937E-004
3.3613460E+001,8.4753609E-004
3.3614960E+001,8.4755280E-004
3.3616460E+001,8.3824583E-004
3.3617960E+001,8.2868340E-004
3.3619460E+001,8.1912098E-004
3.3620960E+001,8.0032855E-004
3.3622460E+001,7.7634424E-004
3.3623960E+001,7.5235993E-004
3.3625460E+001,7.2325556E-004
3.3626960E+001,6.8257538E-004
3.3628460E+001,6.4189521E-004
3.3629960E+001,6.0121503E-004
3.3631460E+001,5.4455732E-004
3.3632960E+001,4.8746187E-004
3.3634460E+001,4.3036641E-004
3.3635960E+001,3.6346045E-004
3.3637460E+001,2.9103606E-004
3.3638960E+001,2.1861168E-004
3.3640460E+001,1.4152038E-004
3.3641960E+001,5.3877812E-005
3.3643460E+001,-3.3764761E-005
3.3644960E+001,-1.2140733E-004
3.3646460E+001,-2.2495130E-004
3.3647960E+001,-3.2893093E-004
3.3649460E+001,-4.3291056E-004
3.3650960E+001,-5.4770200E-004
3.3652460E+001,-6.6857510E-004
3.3653960E+001,-7.8944819E-004
3.3655460E+001,-9.1456258E-004
3.3656960E+001,-1.0492660E-003
3.3658460E+001,-1.1839694E-003
3.3659960E+001,-1.3186729E-003
3.3661460E+001,-1.4579422E-003
3.3662960E+001,-1.5973366E-003
3.3664460E+001,-1.7367310E-003
3.3665960E+001,-1.8695090E-003
3.3667460E+001,-1.9985652E-003
3.3668960E+001,-2.1276215E-003
3.3670460E+001,-2.2482072E-003
3.3671960E+001,-2.3496421E-003
3.3673460E+001,-2.4510769E-003
3.3674960E+001,-2.5525118E-003
3.3676460E+001,-2.6137173E-003
3.3677960E+001,-2.6738205E-003
3.3679460E+001,-2.7339237E-003
3.3680960E+001,-2.7644812E-003
3.3682460E+001,-2.7784192E-003
3.3683960E+001,-2.7923572E-003
3.3685460E+001,-2.7940377E-003
3.3686960E+001,-2.7680057E-003
3.3688460E+001,-2.7419736E-003
3.3689960E+001,-2.7159415E-003
3.3691460E+001,-2.6656097E-003
3.3692960E+001,-2.6146121E-003
3.3694460E+001,-2.5636145E-003
3.3695960E+001,-2.5081582E-003
3.3697460E+001,-2.4501938E-003
3.3698960E+001,-2.3922295E-003
3.3700460E+001,-2.3364810E-003
3.3701960E+001,-2.2857422E-003
3.3703460E+001,-2.2350034E-003
3.3704960E+001,-2.1842646E-003
3.3706460E+001,-2.1463084E-003
3.3707960E+001,-2.1087024E-003
3.3709460E+001,-2.0710965E-003
3.3710960E+001,-2.0402900E-003
3.3712460E+001,-2.0133084E-003
3.3713960E+001,-1.9863267E-003
3.3715460E+001,-1.9603367E-003
3.3716960E+001,-1.9365888E-003
3.3718460E+001,-1.9128409E-003
3.3719960E+001,-1.8890930E-003
3.3721460E+001,-1.8609041E-003
3.3722960E+001,-1.8325935E-003
3.3724460E+001,-1.8042829E-003
3.3725960E+001,-1.7696539E-003
3.3727460E+001,-1.7314708E-003
3.3728960E+001,-1.6932876E-003
3.3730460E+001,-1.6513803E-003
3.3731960E+001,-1.6010530E-003
3.3733460E+001,-1.5507256E-003
3.3734960E+001,-1.5003983E-003
3.3736460E+001,-1.4380083E-003
3.3737960E+001,-1.3752879E-003
3.3739460E+001,-1.3125675E-003
3.3740960E+001,-1.2422003E-003
3.3742460E+001,-1.1675317E-003
3.3743960E+001,-1.0928632E-003
3.3745460E+001,-1.0147000E-003
3.3746960E+001,-9.2863588E-004
3.3748460E+001,-8.4257174E-004
3.3749960E+001,-7.5650760E-004
3.3751460E+001,-6.6059779E-004
3.3752960E+001,-5.6441824E-004
3.3754460E+001,-4.6823868E-004
3.3755960E+001,-3.6771012E-004
3.3757460E+001,-2.6473524E-004
3.3758960E+001,-1.6176035E-004
3.3760460E+001,-5.8564102E-005
3.3761960E+001,4.5132642E-005
3.3763460E+001,1.4882939E-004
3.3764960E+001,2.5252613E-004
3.3766460E+001,3.4920269E-004
3.3767960E+001,4.4568691E-004
3.3769460E+001,5.4217113E-004
3.3770960E+001,6.2923014E-004
3.3772460E+001,7.1098746E-004
3.3773960E+001,7.9274478E-004
3.3775460E+001,8.6854812E-004
3.3776960E+001,9.3089025E-004
3.3778460E+001,9.9323239E-004
3.3779960E+001,1.0555745E-003
3.3781460E+001,1.0983605E-003
3.3782960E+001,1.1406106E-003
3.3784460E+001,1.1828607E-003
3.3785960E+001,1.2139490E-003
3.3787460E+001,1.2387587E-003
3.3788960E+001,1.2635684E-003
3.3790460E+001,1.2841862E-003
3.3791960E+001,1.2953265E-003
3.3793460E+001,1.3064669E-003
3.3794960E+001,1.3176072E-003
3.3796460E+001,1.3177912E-003
3.3797960E+001,1.3176750E-003
3.3799460E+001,1.3175587E-003
3.3800960E+001,1.3101435E-003
3.3802460E+001,1.2986226E-003
3.3803960E+001,1.2871017E-003
3.3805460E+001,1.2714915E-003
3.3806960E+001,1.2466357E-003
3.3808460E+001,1.2217800E-003
3.3809960E+001,1.1969242E-003
3.3811460E+001,1.1574250E-003
3.3812960E+001,1.1175246E-003
3.3814460E+001,1.0776242E-003
3.3815960E+001,1.0282579E-003
3.3817460E+001,9.7356706E-004
3.3818960E+001,9.1887624E-004
3.3820460E+001,8.6052215E-004
3.3821960E+001,7.9388588E-004
3.3823460E+001,7.2724961E-004
3.3824960E+001,6.6061335E-004
3.3826460E+001,5.8731040E-004
3.3827960E+001,5.1382480E-004
3.3829460E+001,4.4033921E-004
3.3830960E+001,3.6660523E-004
3.3832460E+001,2.9273153E-004
3.3833960E+001,2.1885784E-004
3.3835460E+001,1.4687332E-004
3.3836960E+001,7.9159989E-005
3.3838460E+001,1.1446658E-005
3.3839960E+001,-5.6266672E-005
3.3841460E+001,-1.1292533E-004
3.3842960E+001,-1.6928112E-004
3.3844460E+001,-2.2563691E-004
3.3845960E+001,-2.7287885E-004
3.3847460E+001,-3.1499425E-004
3.3848960E+001,-3.5710965E-004
3.3850460E+001,-3.9465206E-004
3.3851960E+001,-4.2185553E-004
3.3853460E+001,-4.4905900E-004
3.3854960E+001,-4.7626248E-004
3.3856460E+001,-4.8940433E-004
3.3857960E+001,-5.0216092E-004
3.3859460E+001,-5.1491752E-004
3.3860960E+001,-5.1863072E-004
3.3862460E+001,-5.1725701E-004
3.3863960E+001,-5.1588329E-004
3.3865460E+001,-5.1004454E-004
3.3866960E+001,-4.9411090E-004
3.3868460E+001,-4.7817727E-004
3.3869960E+001,-4.6224363E-004
3.3871460E+001,-4.3161299E-004
3.3872960E+001,-4.0057968E-004
3.3874460E+001,-3.6954638E-004
3.3875960E+001,-3.2952906E-004
3.3877460E+001,-2.8445822E-004
3.3878960E+001,-2.3938739E-004
3.3880460E+001,-1.9137154E-004
3.3881960E+001,-1.3669738E-004
3.3883460E+001,-8.2023226E-005
3.3884960E+001,-2.7349072E-005
3.3886460E+001,2.8633808E-005
3.3887960E+001,8.4652543E-005
3.3889460E+001,1.4067128E-004
3.3890960E+001,1.9076772E-004
3.3892460E+001,2.3753287E-004
3.3893960E+001,2.8429802E-004
3.3895460E+001,3.2507857E-004
3.3896960E+001,3.5232871E-004
3.3898460E+001,3.7957884E-004
3.3899960E+001,4.0682898E-004
3.3901460E+001,4.0783226E-004
3.3902960E+001,4.0811643E-004
3.3904460E+001,4.0840061E-004
3.3905960E+001,3.8938960E-004
3.3907460E+001,3.5952505E-004
3.3908960E+001,3.2966050E-004
3.3910460E+001,2.9104404E-004
3.3911960E+001,2.3264064E-004
3.3913460E+001,1.7423723E-004
3.3914960E+001,1.1583383E-004
3.3916460E+001,3.5812614E-005
3.3917960E+001,-4.4800878E-005
3.3919460E+001,-1.2541437E-004
3.3920960E+001,-2.1353485E-004
3.3922460E+001,-3.0587800E-004
3.3923960E+001,-3.9822116E-004
3.3925460E+001,-4.9000123E-004
3.3926960E+001,-5.8050820E-004
3.3928460E+001,-6.7101517E-004
3.3929960E+001,-7.6152214E-004
3.3931460E+001,-8.3556497E-004
3.3932960E+001,-9.0915671E-004
3.3934460E+001,-9.8274845E-004
3.3935960E+001,-1.0363176E-003
3.3937460E+001,-1.0786241E-003
3.3938960E+001,-1.1209306E-003
3.3940460E+001,-1.1503564E-003
3.3941960E+001,-1.1506608E-003
3.3943460E+001,-1.1509651E-003
3.3944960E+001,-1.1512695E-003
3.3946460E+001,-1.1067823E-003
3.3947960E+001,-1.0610679E-003
3.3949460E+001,-1.0153535E-003
3.3950960E+001,-9.4304457E-004
3.3952460E+001,-8.5577619E-004
3.3953960E+001,-7.6850781E-004
3.3955460E+001,-6.7227414E-004
3.3956960E+001,-5.5577110E-004
3.3958460E+001,-4.3926805E-004
3.3959960E+001,-3.2276501E-004
3.3961460E+001,-1.9456871E-004
3.3962960E+001,-6.6052037E-005
3.3964460E+001,6.2464633E-005
3.3965960E+001,1.8711102E-004
3.3967460E+001,3.0958037E-004
3.3968960E+001,4.3204971E-004
3.3970460E+001,5.4799386E-004
3.3971960E+001,6.4918534E-004
3.3973460E+001,7.5037682E-004
3.3974960E+001,8.5156830E-004
3.3976460E+001,9.2208262E-004
3.3977960E+001,9.9175646E-004
3.3979460E+001,1.0614303E-003
3.3980960E+001,1.1077252E-003
3.3982460E+001,1.1408694E-003
3.3983960E+001,1.1740136E-003
3.3985460E+001,1.1956643E-003
3.3986960E+001,1.1913298E-003
3.3988460E+001,1.1869952E-003
3.3989960E+001,1.1826607E-003
3.3991460E+001,1.1436008E-003
3.3992960E+001,1.1035895E-003
3.3994460E+001,1.0635782E-003
3.3995960E+001,1.0033912E-003
3.3997460E+001,9.3185535E-004
3.3998960E+001,8.6031952E-004
3.4000460E+001,7.8125853E-004
3.4001960E+001,6.8518413E-004
3.4003460E+001,5.8910972E-004
3.4004960E+001,4.9303532E-004
3.4006460E+001,3.8306746E-004
3.4007960E+001,2.7271896E-004
3.4009460E+001,1.6237046E-004
3.4010960E+001,5.1281780E-005
3.4012460E+001,-6.0223252E-005
3.4013960E+001,-1.7172828E-004
3.4015460E+001,-2.7913361E-004
3.4016960E+001,-3.7727000E-004
3.4018460E+001,-4.7540640E-004
3.4019960E+001,-5.7354279E-004
3.4021460E+001,-6.4524802E-004
3.4022960E+001,-7.1622909E-004
3.4024460E+001,-7.8721016E-004
3.4025960E+001,-8.3398576E-004
3.4027460E+001,-8.6714576E-004
3.4028960E+001,-9.0030577E-004
3.4030460E+001,-9.2017863E-004
3.4031960E+001,-9.1001097E-004
3.4033460E+001,-8.9984331E-004
3.4034960E+001,-8.8967565E-004
3.4036460E+001,-8.3806797E-004
3.4037960E+001,-7.8532494E-004
3.4039460E+001,-7.3258191E-004
3.4040960E+001,-6.5699997E-004
3.4042460E+001,-5.6857113E-004
3.4043960E+001,-4.8014229E-004
3.4045460E+001,-3.8438757E-004
3.4046960E+001,-2.7206997E-004
3.4048460E+001,-1.5975237E-004
3.4049960E+001,-4.7434769E-005
3.4051460E+001,7.3915181E-005
3.4052960E+001,1.9551260E-004
3.4054460E+001,3.1711001E-004
3.4055960E+001,4.3520289E-004
3.4057460E+001,5.5132446E-004
3.4058960E+001,6.6744603E-004
3.4060460E+001,7.7812572E-004
3.4061960E+001,8.7650198E-004
3.4063460E+001,9.7487824E-004
3.4064960E+001,1.0732545E-003
3.4066460E+001,1.1465557E-003
3.4067960E+001,1.2191698E-003
3.4069460E+001,1.2917840E-003
3.4070960E+001,1.3457952E-003
3.4072460E+001,1.3893423E-003
3.4073960E+001,1.4328894E-003
3.4075460E+001,1.4677933E-003
3.4076960E+001,1.4831559E-003
3.4078460E+001,1.4985185E-003
3.4079960E+001,1.5138811E-003
3.4081460E+001,1.5058769E-003
3.4082960E+001,1.4972326E-003
3.4084460E+001,1.4885882E-003
3.4085960E+001,1.4687102E-003
3.4087460E+001,1.4425134E-003
3.4088960E+001,1.4163165E-003
3.4090460E+001,1.3870361E-003
3.4091960E+001,1.3507840E-003
3.4093460E+001,1.3145319E-003
3.4094960E+001,1.2782798E-003
3.4096460E+001,1.2392135E-003
3.4097960E+001,1.2000700E-003
3.4099460E+001,1.1609266E-003
3.4100960E+001,1.1235574E-003
3.4102460E+001,1.0871864E-003
3.4103960E+001,1.0508154E-003
3.4105460E+001,1.0163666E-003
3.4106960E+001,9.8626370E-004
3.4108460E+001,9.5616083E-004
3.4109960E+001,9.2605797E-004
3.4111460E+001,9.0324497E-004
3.4112960E+001,8.8063169E-004
3.4114460E+001,8.5801842E-004
3.4115960E+001,8.3978905E-004
3.4117460E+001,8.2402564E-004
3.4118960E+001,8.0826222E-004
3.4120460E+001,7.9406085E-004
3.4121960E+001,7.8339105E-004
3.4123460E+001,7.7272126E-004
3.4124960E+001,7.6205146E-004
3.4126460E+001,7.5412936E-004
3.4127960E+001,7.4628254E-004
3.4129460E+001,7.3843572E-004
3.4130960E+001,7.3061781E-004
3.4132460E+001,7.2281616E-004
3.4133960E+001,7.1501451E-004
3.4135460E+001,7.0609295E-004
3.4136960E+001,6.9463944E-004
3.4138460E+001,6.8318593E-004
3.4139960E+001,6.7173242E-004
3.4141460E+001,6.5221279E-004
3.4142960E+001,6.3247217E-004
3.4144460E+001,6.1273155E-004
3.4145960E+001,5.8477108E-004
3.4147460E+001,5.5218694E-004
3.4148960E+001,5.1960280E-004
3.4150460E+001,4.8227060E-004
3.4151960E+001,4.3420365E-004
3.4153460E+001,3.8613670E-004
3.4154960E+001,3.3806975E-004
3.4156460E+001,2.7593726E-004
3.4157960E+001,2.1341942E-004
3.4159460E+001,1.5090157E-004
3.4160960E+001,8.2599038E-005
3.4162460E+001,1.1042618E-005
3.4163960E+001,-6.0513802E-005
3.4165460E+001,-1.3211899E-004
3.4166960E+001,-2.0383445E-004
3.4168460E+001,-2.7554991E-004
3.4169960E+001,-3.4726537E-004
3.4171460E+001,-4.0955300E-004
3.4172960E+001,-4.7158233E-004
3.4174460E+001,-5.3361166E-004
3.4175960E+001,-5.8461380E-004
3.4177460E+001,-6.2941315E-004
3.4178960E+001,-6.7421249E-004
3.4180460E+001,-7.1292293E-004
3.4181960E+001,-7.3786713E-004
3.4183460E+001,-7.6281133E-004
3.4184960E+001,-7.8775554E-004
3.4186460E+001,-7.9633265E-004
3.4187960E+001,-8.0446135E-004
3.4189460E+001,-8.1259005E-004
3.4190960E+001,-8.1463824E-004
3.4192460E+001,-8.1326614E-004
3.4193960E+001,-8.1189404E-004
3.4195460E+001,-8.1029749E-004
3.4196960E+001,-8.0819349E-004
3.4198460E+001,-8.0608948E-004
3.4199960E+001,-8.0398548E-004
3.4201460E+001,-8.0807182E-004
3.4202960E+001,-8.1232777E-004
3.4204460E+001,-8.1658372E-004
3.4205960E+001,-8.2687828E-004
3.4207460E+001,-8.4056958E-004
3.4208960E+001,-8.5426087E-004
3.4210460E+001,-8.7034248E-004
3.4211960E+001,-8.9182831E-004
3.4213460E+001,-9.1331413E-004
3.4214960E+001,-9.3479996E-004
3.4216460E+001,-9.5880927E-004
3.4217960E+001,-9.8288771E-004
3.4219460E+001,-1.0069662E-003
3.4220960E+001,-1.0285694E-003
3.4222460E+001,-1.0487803E-003
3.4223960E+001,-1.0689913E-003
3.4225460E+001,-1.0863313E-003
3.4226960E+001,-1.0971806E-003
3.4228460E+001,-1.1080298E-003
3.4229960E+001,-1.1188791E-003
3.4231460E+001,-1.1174736E-003
3.4232960E+001,-1.1157323E-003
3.4234460E+001,-1.1139911E-003
3.4235960E+001,-1.1037910E-003
3.4237460E+001,-1.0888328E-003
3.4238960E+001,-1.0738747E-003
3.4240460E+001,-1.0553866E-003
3.4241960E+001,-1.0289176E-003
3.4243460E+001,-1.0024487E-003
3.4244960E+001,-9.7597978E-004
3.4246460E+001,-9.4160594E-004
3.4247960E+001,-9.0701552E-004
3.4249460E+001,-8.7242510E-004
3.4250960E+001,-8.3529842E-004
3.4252460E+001,-7.9674509E-004
3.4253960E+001,-7.5819176E-004
3.4255460E+001,-7.1964941E-004
3.4256960E+001,-6.8113189E-004
3.4258460E+001,-6.4261436E-004
3.4259960E+001,-6.0409684E-004
3.4261460E+001,-5.6875393E-004
3.4262960E+001,-5.3349799E-004
3.4264460E+001,-4.9824205E-004
3.4265960E+001,-4.6656111E-004
3.4267460E+001,-4.3689111E-004
3.4268960E+001,-4.0722110E-004
3.4270460E+001,-3.7978599E-004
3.4271960E+001,-3.5740369E-004
3.4273460E+001,-3.3502139E-004
3.4274960E+001,-3.1263910E-004
3.4276460E+001,-2.9881167E-004
3.4277960E+001,-2.8521864E-004
3.4279460E+001,-2.7162560E-004
3.4280960E+001,-2.6460175E-004
3.4282460E+001,-2.6127308E-004
3.4283960E+001,-2.5794440E-004
3.4285460E+001,-2.5808314E-004
3.4286960E+001,-2.6606127E-004
3.4288460E+001,-2.7403940E-004
3.4289960E+001,-2.8201753E-004
3.4291460E+001,-3.0071146E-004
3.4292960E+001,-3.1969898E-004
3.4294460E+001,-3.3868650E-004
3.4295960E+001,-3.6314975E-004
3.4297460E+001,-3.9069310E-004
3.4298960E+001,-4.1823646E-004
3.4300460E+001,-4.4697444E-004
3.4301960E+001,-4.7841331E-004
3.4303460E+001,-5.0985219E-004
3.4304960E+001,-5.4129106E-004
3.4306460E+001,-5.7072583E-004
3.4307960E+001,-6.0010570E-004
3.4309460E+001,-6.2948556E-004
3.4310960E+001,-6.5386147E-004
3.4312460E+001,-6.7542264E-004
3.4313960E+001,-6.9698381E-004
3.4315460E+001,-7.1487803E-004
3.4316960E+001,-7.2448174E-004
3.4318460E+001,-7.3408544E-004
3.4319960E+001,-7.4368914E-004
3.4321460E+001,-7.3999455E-004
3.4322960E+001,-7.3593561E-004
3.4324460E+001,-7.3187668E-004
3.4325960E+001,-7.1950019E-004
3.4327460E+001,-7.0244508E-004
3.4328960E+001,-6.8538997E-004
3.4330460E+001,-6.6504764E-004
3.4331960E+001,-6.3727334E-004
3.4333460E+001,-6.0949903E-004
3.4334960E+001,-5.8172472E-004
3.4336460E+001,-5.4643785E-004
3.4337960E+001,-5.1094516E-004
3.4339460E+001,-4.7545246E-004
3.4340960E+001,-4.3710213E-004
3.4342460E+001,-3.9714439E-004
3.4343960E+001,-3.5718665E-004
3.4345460E+001,-3.1691858E-004
3.4346960E+001,-2.7594888E-004
3.4348460E+001,-2.3497917E-004
3.4349960E+001,-1.9400947E-004
3.4351460E+001,-1.5549574E-004
3.4352960E+001,-1.1704930E-004
3.4354460E+001,-7.8602853E-005
3.4355960E+001,-4.3750283E-005
3.4357460E+001,-1.0919269E-005
3.4358960E+001,2.1911746E-005
3.4360460E+001,5.2423516E-005
3.4361960E+001,7.7691772E-005
3.4363460E+001,1.0296003E-004
3.4364960E+001,1.2822828E-004
3.4366460E+001,1.4570210E-004
3.4367960E+001,1.6296238E-004
3.4369460E+001,1.8022265E-004
3.4370960E+001,1.9288637E-004
3.4372460E+001,2.0296454E-004
3.4373960E+001,2.1304270E-004
3.4375460E+001,2.2136733E-004
3.4376960E+001,2.2572743E-004
3.4378460E+001,2.3008754E-004
3.4379960E+001,2.3444764E-004
3.4381460E+001,2.3462030E-004
3.4382960E+001,2.3467823E-004
3.4384460E+001,2.3473616E-004
3.4385960E+001,2.3262715E-004
3.4387460E+001,2.2929923E-004
3.4388960E+001,2.2597132E-004
3.4390460E+001,2.2172159E-004
3.4391960E+001,2.1538773E-004
3.4393460E+001,2.0905387E-004
3.4394960E+001,2.0272000E-004
3.4396460E+001,1.9366732E-004
3.4397960E+001,1.8454014E-004
3.4399460E+001,1.7541297E-004
3.4400960E+001,1.6485130E-004
3.4402460E+001,1.5348273E-004
3.4403960E+001,1.4211416E-004
3.4405460E+001,1.3041730E-004
3.4406960E+001,1.1797820E-004
3.4408460E+001,1.0553910E-004
3.4409960E+001,9.3099997E-005
3.4411460E+001,8.1253762E-005
3.4412960E+001,6.9423770E-005
3.4414460E+001,5.7593778E-005
3.4415960E+001,4.7302820E-005
3.4417460E+001,3.7877569E-005
3.4418960E+001,2.8452318E-005
3.4420460E+001,2.0202129E-005
3.4421960E+001,1.4608604E-005
3.4423460E+001,9.0150794E-006
3.4424960E+001,3.4215544E-006
3.4426460E+001,2.1706438E-006
3.4427960E+001,1.0387097E-006
3.4429460E+001,-9.3224302E-008
3.4430960E+001,1.3715252E-006
3.4432460E+001,4.2969102E-006
3.4433960E+001,7.2222953E-006
3.4435460E+001,1.0965947E-005
3.4436960E+001,1.6559596E-005
3.4438460E+001,2.2153244E-005
3.4439960E+001,2.7746893E-005
3.4441460E+001,3.3898505E-005
3.4442960E+001,4.0065403E-005
3.4444460E+001,4.6232301E-005
3.4445960E+001,5.1193049E-005
3.4447460E+001,5.5475337E-005
3.4448960E+001,5.9757625E-005
3.4450460E+001,6.2701234E-005
3.4451960E+001,6.2618259E-005
3.4453460E+001,6.2535285E-005
3.4454960E+001,6.2452311E-005
3.4456460E+001,5.6094282E-005
3.4457960E+001,4.9564332E-005
3.4459460E+001,4.3034383E-005
3.4460960E+001,3.1649060E-005
3.4462460E+001,1.7532588E-005
3.4463960E+001,3.4161152E-006
3.4465460E+001,-1.2928918E-005
3.4466960E+001,-3.4312440E-005
3.4468460E+001,-5.5695961E-005
3.4469960E+001,-7.7079483E-005
3.4471460E+001,-1.0354571E-004
3.4472960E+001,-1.3015119E-004
3.4474460E+001,-1.5675666E-004
3.4475960E+001,-1.8436889E-004
3.4477460E+001,-2.1254742E-004
3.4478960E+001,-2.4072594E-004
3.4480460E+001,-2.6794666E-004
3.4481960E+001,-2.9300191E-004
3.4483460E+001,-3.1805715E-004
3.4484960E+001,-3.4311240E-004
3.4486460E+001,-3.6047883E-004
3.4487960E+001,-3.7763461E-004
3.4489460E+001,-3.9479040E-004
3.4490960E+001,-4.0454454E-004
3.4492460E+001,-4.1013526E-004
3.4493960E+001,-4.1572599E-004
3.4495460E+001,-4.1729747E-004
3.4496960E+001,-4.0978197E-004
3.4498460E+001,-4.0226647E-004
3.4499960E+001,-3.9475096E-004
3.4501460E+001,-3.7545994E-004
3.4502960E+001,-3.5584630E-004
3.4504460E+001,-3.3623266E-004
3.4505960E+001,-3.1095272E-004
3.4507460E+001,-2.8248548E-004
3.4508960E+001,-2.5401823E-004
3.4510460E+001,-2.2424481E-004
3.4511960E+001,-1.9151828E-004
3.4513460E+001,-1.5879174E-004
3.4514960E+001,-1.2606521E-004
3.4516460E+001,-9.3863448E-005
3.4517960E+001,-6.1676061E-005
3.4519460E+001,-2.9488674E-005
3.4520960E+001,-1.7135843E-007
3.4522460E+001,2.7531540E-005
3.4523960E+001,5.5234439E-005
3.4525460E+001,8.0805282E-005
3.4526960E+001,1.0155582E-004
3.4528460E+001,1.2230637E-004
3.4529960E+001,1.4305691E-004
3.4531460E+001,1.5605431E-004
3.4532960E+001,1.6883930E-004
3.4534460E+001,1.8162428E-004
3.4535960E+001,1.8923449E-004
3.4537460E+001,1.9393388E-004
3.4538960E+001,1.9863327E-004
3.4540460E+001,2.0088265E-004
3.4541960E+001,1.9759284E-004
3.4543460E+001,1.9430303E-004
3.4544960E+001,1.9101322E-004
3.4546460E+001,1.7991968E-004
3.4547960E+001,1.6861234E-004
3.4549460E+001,1.5730499E-004
3.4550960E+001,1.4088119E-004
3.4552460E+001,1.2157937E-004
3.4553960E+001,1.0227755E-004
3.4555460E+001,8.0714095E-005
3.4556960E+001,5.4037375E-005
3.4558460E+001,2.7360654E-005
3.4559960E+001,6.8393361E-007
3.4561460E+001,-3.1446896E-005
3.4562960E+001,-6.3727154E-005
3.4564460E+001,-9.6007412E-005
3.4565960E+001,-1.2990230E-004
3.4567460E+001,-1.6470542E-004
3.4568960E+001,-1.9950854E-004
3.4570460E+001,-2.3389056E-004
3.4571960E+001,-2.6732053E-004
3.4573460E+001,-3.0075050E-004
3.4574960E+001,-3.3418047E-004
3.4576460E+001,-3.6269254E-004
3.4577960E+001,-3.9106987E-004
3.4579460E+001,-4.1944720E-004
3.4580960E+001,-4.4306200E-004
3.4582460E+001,-4.6399787E-004
3.4583960E+001,-4.8493375E-004
3.4585460E+001,-5.0341646E-004
3.4586960E+001,-5.1635290E-004
3.4588460E+001,-5.2928935E-004
3.4589960E+001,-5.4222579E-004
3.4591460E+001,-5.4836133E-004
3.4592960E+001,-5.5431054E-004
3.4594460E+001,-5.6025975E-004
3.4595960E+001,-5.6283016E-004
3.4597460E+001,-5.6349999E-004
3.4598960E+001,-5.6416982E-004
3.4600460E+001,-5.6364911E-004
3.4601960E+001,-5.6043675E-004
3.4603460E+001,-5.5722438E-004
3.4604960E+001,-5.5401201E-004
3.4606460E+001,-5.4746181E-004
3.4607960E+001,-5.4082016E-004
3.4609460E+001,-5.3417851E-004
3.4610960E+001,-5.2504374E-004
3.4612460E+001,-5.1450657E-004
3.4613960E+001,-5.0396941E-004
3.4615460E+001,-4.9199778E-004
3.4616960E+001,-4.7678302E-004
3.4618460E+001,-4.6156825E-004
3.4619960E+001,-4.4635349E-004
3.4621460E+001,-4.2626844E-004
3.4622960E+001,-4.0604995E-004
3.4624460E+001,-3.8583147E-004
3.4625960E+001,-3.6279338E-004
3.4627460E+001,-3.3816927E-004
3.4628960E+001,-3.1354515E-004
3.4630460E+001,-2.8802024E-004
3.4631960E+001,-2.6045876E-004
3.4633460E+001,-2.3289727E-004
3.4634960E+001,-2.0533579E-004
3.4636460E+001,-1.7675410E-004
3.4637960E+001,-1.4814446E-004
3.4639460E+001,-1.1953482E-004
3.4640960E+001,-9.1387029E-005
3.4642460E+001,-6.3499022E-005
3.4643960E+001,-3.5611016E-005
3.4645460E+001,-8.3374662E-006
3.4646960E+001,1.7546874E-005
3.4648460E+001,4.3431214E-005
3.4649960E+001,6.9315554E-005
3.4651460E+001,9.2550818E-005
3.4652960E+001,1.1571350E-004
3.4654460E+001,1.3887619E-004
3.4655960E+001,1.6008627E-004
3.4657460E+001,1.8019801E-004
3.4658960E+001,2.0030975E-004
3.4660460E+001,2.1942771E-004
3.4661960E+001,2.3629887E-004
3.4663460E+001,2.5317002E-004
3.4664960E+001,2.7004118E-004
3.4666460E+001,2.8360154E-004
3.4667960E+001,2.9707120E-004
3.4669460E+001,3.1054085E-004
3.4670960E+001,3.2181830E-004
3.4672460E+001,3.3186262E-004
3.4673960E+001,3.4190695E-004
3.4675460E+001,3.5099955E-004
3.4676960E+001,3.5794040E-004
3.4678460E+001,3.6488126E-004
3.4679960E+001,3.7182211E-004
3.4681460E+001,3.7649535E-004
3.4682960E+001,3.8110646E-004
3.4684460E+001,3.8571757E-004
3.4685960E+001,3.8955383E-004
3.4687460E+001,3.9295423E-004
3.4688960E+001,3.9635463E-004
3.4690460E+001,3.9974692E-004
3.4691960E+001,4.0312087E-004
3.4693460E+001,4.0649482E-004
3.4694960E+001,4.0986877E-004
3.4696460E+001,4.1411315E-004
3.4697960E+001,4.1838138E-004
3.4699460E+001,4.2264961E-004
3.4700960E+001,4.2775660E-004
3.4702460E+001,4.3333541E-004
3.4703960E+001,4.3891421E-004
3.4705460E+001,4.4485169E-004
3.4706960E+001,4.5160011E-004
3.4708460E+001,4.5834853E-004
3.4709960E+001,4.6509695E-004
3.4711460E+001,4.7244708E-004
3.4712960E+001,4.7981370E-004
3.4714460E+001,4.8718032E-004
3.4715960E+001,4.9448449E-004
3.4717460E+001,5.0175353E-004
3.4718960E+001,5.0902258E-004
3.4720460E+001,5.1605310E-004
3.4721960E+001,5.2254434E-004
3.4723460E+001,5.2903558E-004
3.4724960E+001,5.3552682E-004
3.4726460E+001,5.4070328E-004
3.4727960E+001,5.4584371E-004
3.4729460E+001,5.5098414E-004
3.4730960E+001,5.5493762E-004
3.4732460E+001,5.5822344E-004
3.4733960E+001,5.6150926E-004
3.4735460E+001,5.6406870E-004
3.4736960E+001,5.6498588E-004
3.4738460E+001,5.6590305E-004
3.4739960E+001,5.6682023E-004
3.4741460E+001,5.6487216E-004
3.4742960E+001,5.6284559E-004
3.4744460E+001,5.6081903E-004
3.4745960E+001,5.5652892E-004
3.4747460E+001,5.5096557E-004
3.4748960E+001,5.4540222E-004
3.4750460E+001,5.3862162E-004
3.4751960E+001,5.2908897E-004
3.4753460E+001,5.1955632E-004
3.4754960E+001,5.1002367E-004
3.4756460E+001,4.9663077E-004
3.4757960E+001,4.8313212E-004
3.4759460E+001,4.6963347E-004
3.4760960E+001,4.5403079E-004
3.4762460E+001,4.3724460E-004
3.4763960E+001,4.2045841E-004
3.4765460E+001,4.0309523E-004
3.4766960E+001,3.8442755E-004
3.4768460E+001,3.6575988E-004
3.4769960E+001,3.4709221E-004
3.4771460E+001,3.2847389E-004
3.4772960E+001,3.0985692E-004
3.4774460E+001,2.9123995E-004
3.4775960E+001,2.7396897E-004
3.4777460E+001,2.5745511E-004
3.4778960E+001,2.4094125E-004
3.4780460E+001,2.2559097E-004
3.4781960E+001,2.1287138E-004
3.4783460E+001,2.0015180E-004
3.4784960E+001,1.8743221E-004
3.4786460E+001,1.7931099E-004
3.4787960E+001,1.7131576E-004
3.4789460E+001,1.6332053E-004
3.4790960E+001,1.5834026E-004
3.4792460E+001,1.5505591E-004
3.4793960E+001,1.5177156E-004
3.4795460E+001,1.4966618E-004
3.4796960E+001,1.5022629E-004
3.4798460E+001,1.5078640E-004
3.4799960E+001,1.5134651E-004
3.4801460E+001,1.5426960E-004
3.4802960E+001,1.5725743E-004
3.4804460E+001,1.6024525E-004
3.4805960E+001,1.6376620E-004
3.4807460E+001,1.6758704E-004
3.4808960E+001,1.7140788E-004
3.4810460E+001,1.7503541E-004
3.4811960E+001,1.7822591E-004
3.4813460E+001,1.8141641E-004
3.4814960E+001,1.8460691E-004
3.4816460E+001,1.8607189E-004
3.4817960E+001,1.8748960E-004
3.4819460E+001,1.8890731E-004
3.4820960E+001,1.8871923E-004
3.4822460E+001,1.8762790E-004
3.4823960E+001,1.8653657E-004
3.4825460E+001,1.8458210E-004
3.4826960E+001,1.8067620E-004
3.4828460E+001,1.7677029E-004
3.4829960E+001,1.7286439E-004
3.4831460E+001,1.6634014E-004
3.4832960E+001,1.5974416E-004
3.4834460E+001,1.5314817E-004
3.4835960E+001,1.4517497E-004
3.4837460E+001,1.3642709E-004
3.4838960E+001,1.2767920E-004
3.4840460E+001,1.1854538E-004
3.4841960E+001,1.0853899E-004
3.4843460E+001,9.8532608E-005
3.4844960E+001,8.8526224E-005
3.4846460E+001,7.8367386E-005
3.4847960E+001,6.8204372E-005
3.4849460E+001,5.8041358E-005
3.4850960E+001,4.8458501E-005
3.4852460E+001,3.9201982E-005
3.4853960E+001,2.9945463E-005
3.4855460E+001,2.1195978E-005
3.4856960E+001,1.3592833E-005
3.4858460E+001,5.9896878E-006
3.4859960E+001,-1.6134576E-006
3.4861460E+001,-7.3613926E-006
3.4862960E+001,-1.3058500E-005
3.4864460E+001,-1.8755607E-005
3.4865960E+001,-2.3375075E-005
3.4867460E+001,-2.7388370E-005
3.4868960E+001,-3.1401666E-005
3.4870460E+001,-3.5050512E-005
3.4871960E+001,-3.7875385E-005
3.4873460E+001,-4.0700258E-005
3.4874960E+001,-4.3525131E-005
3.4876460E+001,-4.5686094E-005
3.4877960E+001,-4.7828868E-005
3.4879460E+001,-4.9971642E-005
3.4880960E+001,-5.1892993E-005
3.4882460E+001,-5.3689792E-005
3.4883960E+001,-5.5486592E-005
3.4885460E+001,-5.7217231E-005
3.4886960E+001,-5.8798288E-005
3.4888460E+001,-6.0379346E-005
3.4889960E+001,-6.1960403E-005
3.4891460E+001,-6.3323259E-005
3.4892960E+001,-6.4680137E-005
3.4894460E+001,-6.6037015E-005
3.4895960E+001,-6.7206966E-005
3.4897460E+001,-6.8271772E-005
3.4898960E+001,-6.9336577E-005
3.4900460E+001,-7.0285131E-005
3.4901960E+001,-7.0970858E-005
3.4903460E+001,-7.1656585E-005
3.4904960E+001,-7.2342312E-005
3.4906460E+001,-7.2575986E-005
3.4907960E+001,-7.2797275E-005
3.4909460E+001,-7.3018564E-005
3.4910960E+001,-7.2913972E-005
3.4912460E+001,-7.2626071E-005
3.4913960E+001,-7.2338170E-005
3.4915460E+001,-7.1908617E-005
3.4916960E+001,-7.1158805E-005
3.4918460E+001,-7.0408994E-005
3.4919960E+001,-6.9659182E-005
3.4921460E+001,-6.8614196E-005
3.4922960E+001,-6.7561124E-005
3.4924460E+001,-6.6508051E-005
3.4925960E+001,-6.5409010E-005
3.4927460E+001,-6.4284111E-005
3.4928960E+001,-6.3159213E-005
3.4930460E+001,-6.2083669E-005
3.4931960E+001,-6.1119708E-005
3.4933460E+001,-6.0155748E-005
3.4934960E+001,-5.9191788E-005
3.4936460E+001,-5.8556909E-005
3.4937960E+001,-5.7931046E-005
3.4939460E+001,-5.7305183E-005
3.4940960E+001,-5.6961372E-005
3.4942460E+001,-5.6776216E-005
3.4943960E+001,-5.6591059E-005
3.4945460E+001,-5.6551714E-005
3.4946960E+001,-5.6842029E-005
3.4948460E+001,-5.7132343E-005
3.4949960E+001,-5.7422658E-005
3.4951460E+001,-5.8150178E-005
3.4952960E+001,-5.8889677E-005
3.4954460E+001,-5.9629175E-005
3.4955960E+001,-6.0595747E-005
3.4957460E+001,-6.1690048E-005
3.4958960E+001,-6.2784348E-005
3.4960460E+001,-6.3933188E-005
3.4961960E+001,-6.5205333E-005
3.4963460E+001,-6.6477479E-005
3.4964960E+001,-6.7749624E-005
3.4966460E+001,-6.8941416E-005
3.4967960E+001,-7.0131007E-005
3.4969460E+001,-7.1320598E-005
3.4970960E+001,-7.2258759E-005
3.4972460E+001,-7.3055490E-005
3.4973960E+001,-7.3852222E-005
3.4975460E+001,-7.4439780E-005
3.4976960E+001,-7.4554427E-005
3.4978460E+001,-7.4669074E-005
3.4979960E+001,-7.4783721E-005
3.4981460E+001,-7.4057410E-005
3.4982960E+001,-7.3308059E-005
3.4984460E+001,-7.2558708E-005
3.4985960E+001,-7.1250013E-005
3.4987460E+001,-6.9626686E-005
3.4988960E+001,-6.8003360E-005
3.4990460E+001,-6.6165371E-005
3.4991960E+001,-6.3842061E-005
3.4993460E+001,-6.1518751E-005
3.4994960E+001,-5.9195441E-005
3.4996460E+001,-5.6490552E-005
3.4997960E+001,-5.3775208E-005
3.4999460E+001,-5.1059864E-005
3.5000960E+001,-4.8315729E-005
3.5002460E+001,-4.5555398E-005
3.5003960E+001,-4.2795068E-005
3.5005460E+001,-4.0108639E-005
3.5006960E+001,-3.7589290E-005
3.5008460E+001,-3.5069941E-005
3.5009960E+001,-3.2550592E-005
3.5011460E+001,-3.0425905E-005
3.5012960E+001,-2.8312031E-005
3.5014460E+001,-2.6198158E-005
3.5015960E+001,-2.4373344E-005
3.5017460E+001,-2.2711128E-005
3.5018960E+001,-2.1048911E-005
3.5020460E+001,-1.9518918E-005
3.5021960E+001,-1.8287864E-005
3.5023460E+001,-1.7056810E-005
3.5024960E+001,-1.5825756E-005
3.5026460E+001,-1.4985695E-005
3.5027960E+001,-1.4156345E-005
3.5029460E+001,-1.3326996E-005
3.5030960E+001,-1.2747157E-005
3.5032460E+001,-1.2307669E-005
3.5033960E+001,-1.1868180E-005
3.5035460E+001,-1.1545961E-005
3.5036960E+001,-1.1488873E-005
3.5038460E+001,-1.1431785E-005
3.5039960E+001,-1.1374697E-005
3.5041460E+001,-1.1652370E-005
3.5042960E+001,-1.1939213E-005
3.5044460E+001,-1.2226057E-005
3.5045960E+001,-1.2669049E-005
3.5047460E+001,-1.3199873E-005
3.5048960E+001,-1.3730698E-005
3.5050460E+001,-1.4285647E-005
3.5051960E+001,-1.4895140E-005
3.5053460E+001,-1.5504634E-005
3.5054960E+001,-1.6114127E-005
3.5056460E+001,-1.6605284E-005
3.5057960E+001,-1.7093200E-005
3.5059460E+001,-1.7581115E-005
3.5060960E+001,-1.7875884E-005
3.5062460E+001,-1.8062008E-005
3.5063960E+001,-1.8248132E-005
3.5065460E+001,-1.8309847E-005
3.5066960E+001,-1.8090288E-005
3.5068460E+001,-1.7870729E-005
3.5069960E+001,-1.7651170E-005
3.5071460E+001,-1.7041845E-005
3.5072960E+001,-1.6421841E-005
3.5074460E+001,-1.5801837E-005
3.5075960E+001,-1.4995757E-005
3.5077460E+001,-1.4085010E-005
3.5078960E+001,-1.3174262E-005
3.5080460E+001,-1.2227748E-005
3.5081960E+001,-1.1200370E-005
3.5083460E+001,-1.0172993E-005
3.5084960E+001,-9.1456157E-006
3.5086460E+001,-8.1790915E-006
3.5087960E+001,-7.2142345E-006
3.5089460E+001,-6.2493775E-006
3.5090960E+001,-5.4070660E-006
3.5092460E+001,-4.6336864E-006
3.5093960E+001,-3.8603067E-006
3.5095460E+001,-3.1606257E-006
3.5096960E+001,-2.6275676E-006
3.5098460E+001,-2.0945096E-006
3.5099960E+001,-1.5614515E-006
3.5101460E+001,-1.2356367E-006
3.5102960E+001,-9.1549974E-007
3.5104460E+001,-5.9536281E-007
3.5105960E+001,-3.6415026E-007
3.5107460E+001,-1.8295768E-007
3.5108960E+001,-1.7651088E-009
3.5110460E+001,1.6219388E-007
3.5111960E+001,2.8718997E-007
3.5113460E+001,4.1218606E-007
3.5114960E+001,5.3718216E-007
3.5116460E+001,6.6744440E-007
3.5117960E+001,7.9785092E-007
3.5119460E+001,9.2825745E-007
3.5120960E+001,1.0790996E-006
3.5122460E+001,1.2414368E-006
3.5123960E+001,1.4037739E-006
3.5125460E+001,1.5740637E-006
3.5126960E+001,1.7623335E-006
3.5128460E+001,1.9506032E-006
3.5129960E+001,2.1388730E-006
3.5131460E+001,2.3288695E-006
3.5132960E+001,2.5189134E-006
3.5134460E+001,2.7089573E-006
3.5135960E+001,2.8844598E-006
3.5137460E+001,3.0517829E-006
3.5138960E+001,3.2191059E-006
3.5140460E+001,3.3756408E-006
3.5141960E+001,3.5077850E-006
3.5143460E+001,3.6399291E-006
3.5144960E+001,3.7720733E-006
3.5146460E+001,3.8714911E-006
3.5147960E+001,3.9700123E-006
3.5149460E+001,4.0685335E-006
3.5150960E+001,4.1511807E-006
3.5152460E+001,4.2248988E-006
3.5153960E+001,4.2986169E-006
3.5155460E+001,4.3668977E-006
3.5156960E+001,4.4228855E-006
3.5158460E+001,4.4788734E-006
3.5159960E+001,4.5348612E-006
3.5161460E+001,4.5741906E-006
3.5162960E+001,4.6130636E-006
3.5164460E+001,4.6519366E-006
3.5165960E+001,4.6775134E-006
3.5167460E+001,4.6956110E-006
3.5168960E+001,4.7137086E-006
3.5170460E+001,4.7250061E-006
3.5171960E+001,4.7209293E-006
3.5173460E+001,4.7168526E-006
3.5174960E+001,4.7127758E-006
3.5176460E+001,4.6931231E-006
3.5177960E+001,4.6730437E-006
3.5179460E+001,4.6529642E-006
3.5180960E+001,4.6311782E-006
3.5182460E+001,4.6084322E-006
3.5183960E+001,4.5856862E-006
3.5185460E+001,4.5665488E-006
3.5186960E+001,4.5555697E-006
3.5188460E+001,4.5445906E-006
3.5189960E+001,4.5336116E-006
3.5191460E+001,4.5421004E-006
3.5192960E+001,4.5511225E-006
3.5194460E+001,4.5601447E-006
3.5195960E+001,4.5810346E-006
3.5197460E+001,4.6086001E-006
3.5198960E+001,4.6361655E-006
3.5200460E+001,4.6666339E-006
3.5201960E+001,4.7036654E-006
3.5203460E+001,4.7406968E-006
3.5204960E+001,4.7777283E-006
3.5206460E+001,4.8130627E-006
3.5207960E+001,4.8483506E-006
3.5209460E+001,4.8836385E-006
3.5210960E+001,4.9125850E-006
3.5212460E+001,4.9379645E-006
3.5213960E+001,4.9633439E-006
3.5215460E+001,4.9847916E-006
3.5216960E+001,4.9973502E-006
3.5218460E+001,5.0099087E-006
3.5219960E+001,5.0224673E-006
3.5221460E+001,5.0236764E-006
3.5222960E+001,5.0245746E-006
3.5224460E+001,5.0254728E-006
3.5225960E+001,5.0203236E-006
3.5227460E+001,5.0117728E-006
3.5228960E+001,5.0032219E-006
3.5230460E+001,4.9919967E-006
3.5231960E+001,4.9747252E-006
3.5233460E+001,4.9574537E-006
3.5234960E+001,4.9401822E-006
3.5236460E+001,4.9132211E-006
3.5237960E+001,4.8859945E-006
3.5239460E+001,4.8587680E-006
3.5240960E+001,4.8240203E-006
3.5242460E+001,4.7850419E-006
3.5243960E+001,4.7460636E-006
3.5245460E+001,4.7033136E-006
3.5246960E+001,4.6520363E-006
3.5248460E+001,4.6007591E-006
3.5249960E+001,4.5494818E-006
3.5251460E+001,4.4877530E-006
3.5252960E+001,4.4257378E-006
3.5254460E+001,4.3637227E-006
3.5255960E+001,4.2969297E-006
3.5257460E+001,4.2274492E-006
3.5258960E+001,4.1579687E-006
3.5260460E+001,4.0873935E-006
3.5261960E+001,4.0143434E-006
3.5263460E+001,3.9412932E-006
3.5264960E+001,3.8682430E-006
3.5266460E+001,3.7950469E-006
3.5267960E+001,3.7218468E-006
3.5269460E+001,3.6486466E-006
3.5270960E+001,3.5767703E-006
3.5272460E+001,3.5056385E-006
3.5273960E+001,3.4345068E-006
3.5275460E+001,3.3642529E-006
3.5276960E+001,3.2959838E-006
3.5278460E+001,3.2277147E-006
3.5279960E+001,3.1594456E-006
3.5281460E+001,3.0936091E-006
3.5282960E+001,3.0278393E-006
3.5284460E+001,2.9620694E-006
3.5285960E+001,2.8973080E-006
3.5287460E+001,2.8331139E-006
3.5288960E+001,2.7689197E-006
3.5290460E+001,2.7049514E-006
3.5291960E+001,2.6414934E-006
3.5293460E+001,2.5780354E-006
3.5294960E+001,2.5145774E-006
3.5296460E+001,2.4515007E-006
3.5297960E+001,2.3884344E-006
3.5299460E+001,2.3253681E-006
3.5300960E+001,2.2626751E-006
3.5302460E+001,2.2001921E-006
3.5303960E+001,2.1377091E-006
3.5305460E+001,2.0755442E-006
3.5306960E+001,2.0140987E-006
3.5308460E+001,1.9526532E-006
3.5309960E+001,1.8912076E-006
3.5311460E+001,1.8311072E-006
3.5312960E+001,1.7710435E-006
3.5314460E+001,1.7109799E-006
3.5315960E+001,1.6518220E-006
3.5317460E+001,1.5931736E-006
3.5318960E+001,1.5345251E-006
3.5320460E+001,1.4762638E-006
3.5321960E+001,1.4188777E-006
3.5323460E+001,1.3614915E-006
3.5324960E+001,1.3041054E-006
3.5326460E+001,1.2479781E-006
3.5327960E+001,1.1918852E-006
3.5329460E+001,1.1357924E-006
3.5330960E+001,1.0808842E-006
3.5332460E+001,1.0266424E-006
3.5333960E+001,9.7240062E-007
3.5335460E+001,9.1907641E-007
3.5336960E+001,8.6782680E-007
3.5338460E+001,8.1657719E-007
3.5339960E+001,7.6532758E-007
3.5341460E+001,7.1837516E-007
3.5342960E+001,6.7154047E-007
3.5344460E+001,6.2470579E-007
3.5345960E+001,5.8145348E-007
3.5347460E+001,5.4021626E-007
3.5348960E+001,4.9897904E-007
3.5350460E+001,4.5959710E-007
3.5351960E+001,4.2440972E-007
3.5353460E+001,3.8922234E-007
3.5354960E+001,3.5403496E-007
3.5356460E+001,3.2424864E-007
3.5357960E+001,2.9461029E-007
3.5359460E+001,2.6497194E-007
3.5360960E+001,2.3805279E-007
3.5362460E+001,2.1266318E-007
3.5363960E+001,1.8727356E-007
3.5365460E+001,1.6268333E-007
3.5366960E+001,1.3990039E-007
3.5368460E+001,1.1711744E-007
3.5369960E+001,9.4334500E-008
3.5371460E+001,7.2685021E-008
3.5372960E+001,5.1066596E-008
3.5374460E+001,2.9448171E-008
3.5375960E+001,8.0238681E-009
3.5377460E+001,-1.3291241E-008
3.5378960E+001,-3.4606349E-008
3.5380460E+001,-5.5887975E-008
3.5381960E+001,-7.7093900E-008
3.5383460E+001,-9.8299824E-008
3.5384960E+001,-1.1950575E-007
3.5386460E+001,-1.4031938E-007
3.5387960E+001,-1.6112227E-007
3.5389460E+001,-1.8192516E-007
3.5390960E+001,-2.0216432E-007
3.5392460E+001,-2.2208639E-007
3.5393960E+001,-2.4200845E-007
3.5395460E+001,-2.6154285E-007
3.5396960E+001,-2.8020078E-007
3.5398460E+001,-2.9885872E-007
3.5399960E+001,-3.1751666E-007
3.5401460E+001,-3.3481856E-007
3.5402960E+001,-3.5208331E-007
3.5404460E+001,-3.6934807E-007
3.5405960E+001,-3.8581242E-007
3.5407460E+001,-4.0182655E-007
3.5408960E+001,-4.1784068E-007
3.5410460E+001,-4.3356894E-007
3.5411960E+001,-4.4865089E-007
3.5413460E+001,-4.6373284E-007
3.5414960E+001,-4.7881479E-007
3.5416460E+001,-4.9332822E-007
3.5417960E+001,-5.0782608E-007
3.5419460E+001,-5.2232394E-007
3.5420960E+001,-5.3661014E-007
3.5422460E+001,-5.5077728E-007
3.5423960E+001,-5.6494442E-007
3.5425460E+001,-5.7904300E-007
3.5426960E+001,-5.9298658E-007
3.5428460E+001,-6.0693015E-007
3.5429960E+001,-6.2087373E-007
3.5431460E+001,-6.3458901E-007
3.5432960E+001,-6.4829803E-007
3.5434460E+001,-6.6200705E-007
3.5435960E+001,-6.7552933E-007
3.5437460E+001,-6.8894655E-007
3.5438960E+001,-7.0236378E-007
3.5440460E+001,-7.1567924E-007
3.5441960E+001,-7.2876462E-007
3.5443460E+001,-7.4185000E-007
3.5444960E+001,-7.5493538E-007
3.5446460E+001,-7.6769445E-007
3.5447960E+001,-7.8044459E-007
3.5449460E+001,-7.9319472E-007
3.5450960E+001,-8.0573698E-007
3.5452460E+001,-8.1816231E-007
3.5453960E+001,-8.3058764E-007
3.5455460E+001,-8.4291076E-007
3.5456960E+001,-8.5500281E-007
3.5458460E+001,-8.6709486E-007
3.5459960E+001,-8.7918692E-007
3.5461460E+001,-8.9091861E-007
3.5462960E+001,-9.0264044E-007
3.5464460E+001,-9.1436226E-007
3.5465960E+001,-9.2581839E-007
3.5467460E+001,-9.3712505E-007
3.5468960E+001,-9.4843172E-007
3.5470460E+001,-9.5960466E-007
3.5471960E+001,-9.7047527E-007
3.5473460E+001,-9.8134588E-007
3.5474960E+001,-9.9221649E-007
3.5476460E+001,-1.0026860E-006
3.5477960E+001,-1.0131446E-006
3.5479460E+001,-1.0236031E-006
3.5480960E+001,-1.0338408E-006
3.5482460E+001,-1.0439542E-006
3.5483960E+001,-1.0540675E-006
3.5485460E+001,-1.0641010E-006
3.5486960E+001,-1.0739536E-006
3.5488460E+001,-1.0838062E-006
3.5489960E+001,-1.0936589E-006
3.5491460E+001,-1.1033203E-006
3.5492960E+001,-1.1129764E-006
3.5494460E+001,-1.1226326E-006
3.5495960E+001,-1.1321725E-006
3.5497460E+001,-1.1416471E-006
3.5498960E+001,-1.1511217E-006
3.5500460E+001,-1.1605297E-006
3.5501960E+001,-1.1697874E-006
3.5503460E+001,-1.1790451E-006
3.5504960E+001,-1.1883028E-006
3.5506460E+001,-1.1972954E-006
3.5507960E+001,-1.2062808E-006
3.5509460E+001,-1.2152661E-006
3.5510960E+001,-1.2240559E-006
3.5512460E+001,-1.2327357E-006
3.5513960E+001,-1.2414156E-006
3.5515460E+001,-1.2500074E-006
3.5516960E+001,-1.2584002E-006
3.5518460E+001,-1.2667929E-006
3.5519960E+001,-1.2751857E-006
3.5521460E+001,-1.2833666E-006
3.5522960E+001,-1.2915417E-006
3.5524460E+001,-1.2997169E-006
3.5525960E+001,-1.3078125E-006
3.5527460E+001,-1.3158635E-006
3.5528960E+001,-1.3239144E-006
3.5530460E+001,-1.3294964E-006
3.5531960E+001,-1.3294964E-006
3.5533460E+001,-1.3294964E-006
3.5534960E+001,-1.3294964E-006
