   0.0000000e+00  -0.00033997127
   1.0000000e-02  -0.00309475894
   2.0000000e-02  -0.01327257234
   3.0000000e-02  -0.03575077734
   4.0000000e-02  -0.06825168934
   5.0000000e-02  -0.09968563434000001
   6.0000000e-02  -0.11962593584
   7.0000000e-02  -0.12850640069
   8.0000000e-02  -0.13491837349
   9.0000000e-02  -0.14419157993999998
   1.0000000e-01  -0.15418930259
   1.1000000e-01  -0.16175600838999998
   1.2000000e-01  -0.16771732619
   1.3000000e-01  -0.17400885429
   1.4000000e-01  -0.18026238743999998
   1.5000000e-01  -0.18539192639
   1.6000000e-01  -0.18975118998999999
   1.7000000e-01  -0.19406285724
   1.8000000e-01  -0.19807349714
   1.9000000e-01  -0.20132628879
   2.0000000e-01  -0.20397049699
   2.1000000e-01  -0.20624968194
   2.2000000e-01  -0.20812140299
   2.3000000e-01  -0.20957142179000002
   2.4000000e-01  -0.21062932958500002
   2.5000000e-01  -0.21114342712000003
   2.6000000e-01   -0.21103446140500004
   2.7000000e-01   -0.21054827202000004
   2.8000000e-01   -0.20989170559000003
   2.9000000e-01   -0.20890706479000004
   3.0000000e-01   -0.20737457054000005
   3.1000000e-01   -0.20534784579000007
   3.2000000e-01   -0.20299642464000006
   3.3000000e-01   -0.20035714484000006
   3.4000000e-01   -0.19737864284000006
   3.5000000e-01   -0.19406009664000007
   3.6000000e-01   -0.19046529694000006
   3.7000000e-01   -0.18664447579000007
   3.8000000e-01   -0.18255550794000008
   3.9000000e-01   -0.17810545304000008
   4.0000000e-01   -0.1733161356400001
   4.1000000e-01   -0.16834495034000008
   4.2000000e-01   -0.16325925839000008
   4.3000000e-01   -0.15794063969000008
   4.4000000e-01   -0.15231499314000008
   4.5000000e-01   -0.1464865541900001
   4.6000000e-01   -0.1405251730400001
   4.7000000e-01   -0.1343368078400001
   4.8000000e-01   -0.1278721710400001
   4.9000000e-01   -0.12124281469000009
   5.0000000e-01   -0.11451844409000009
   5.1000000e-01   -0.10763447519000009
   5.2000000e-01   -0.10058044904000009
   5.3000000e-01   -0.09343320114000009
   5.4000000e-01   -0.08614113634000009
   5.5000000e-01   -0.07854250664000009
   5.6000000e-01   -0.07065815234000009
   5.7000000e-01   -0.06269853609000009
   5.8000000e-01   -0.05473240859000009
   5.9000000e-01   -0.046623936390000086
   6.0000000e-01   -0.03833849674000009
   6.1000000e-01   -0.030018639290000086
   6.2000000e-01   -0.021698086890000086
   6.3000000e-01   -0.013225044840000087
   6.4000000e-01   -0.004547591790000088
   6.5000000e-01   0.004180498659999912
   6.6000000e-01   0.012857161859999914
   6.7000000e-01   0.021565283209999914
   6.8000000e-01   0.030375381259999917
   6.9000000e-01   0.03922640000999992
   7.0000000e-01   0.04808308950999992
   7.1000000e-01   0.05703034735999992
   7.2000000e-01   0.06611572280999992
   7.3000000e-01   0.07522159605999992
   7.4000000e-01   0.08418545480999992
   7.5000000e-01   0.09299215515999992
   7.6000000e-01   0.10178426555999992
   7.7000000e-01   0.11068747090999992
   7.8000000e-01   0.11966800745999992
   7.9000000e-01   0.1286104095099999
   8.0000000e-01   0.13750929425999991
   8.1000000e-01   0.1464556530599999
   8.2000000e-01   0.15540407805999992
   8.3000000e-01   0.16414854810999993
   8.4000000e-01   0.17264556610999993
   8.5000000e-01   0.18114502900999993
   8.6000000e-01   0.18980844125999993
   8.7000000e-01   0.19841062190999992
   8.8000000e-01   0.20667499045999993
   8.9000000e-01   0.21472262320999994
   9.0000000e-01   0.22289527500999995
   9.1000000e-01   0.23125188010999995
   9.2000000e-01   0.23951779750999994
   9.3000000e-01   0.24746736065999994
   9.4000000e-01   0.25513280325999993
   9.5000000e-01   0.26268089870999994
   9.6000000e-01   0.27025103940999995
   9.7000000e-01   0.27786622355999996
   9.8000000e-01   0.28538648400999994
   9.9000000e-01   0.29261921630999993
   1.0000000e+00   0.29955839985999994
   1.0100000e+00   0.30642080795999993
   1.0200000e+00   0.31337415900999993
   1.0300000e+00   0.32033417980999995
   1.0400000e+00   0.3271032892099999
   1.0500000e+00   0.3336086125599999
   1.0600000e+00   0.3399138260099999
   1.0700000e+00   0.3460663199099999
   1.0800000e+00   0.3520389125599999
   1.0900000e+00   0.3578185815599999
   1.1000000e+00   0.3634682991099999
   1.1100000e+00   0.3690488446599999
   1.1200000e+00   0.37451814700999986
   1.1300000e+00   0.37977640685999986
   1.1400000e+00   0.38479209805999987
   1.1500000e+00   0.3896053745599999
   1.1600000e+00   0.39422949290999987
   1.1700000e+00   0.3986524828599999
   1.1800000e+00   0.4029142853599999
   1.1900000e+00   0.4070557267099999
   1.2000000e+00   0.4110155073099999
   1.2100000e+00   0.4147259258099999
   1.2200000e+00   0.4182787596599999
   1.2300000e+00   0.4218154712099999
   1.2400000e+00   0.4252731276099999
   1.2500000e+00   0.4284377710599999
   1.2600000e+00   0.4312495204599999
   1.2700000e+00   0.4338613895599999
   1.2800000e+00   0.4363842202599999
   1.2900000e+00   0.4387532384099999
   1.3000000e+00   0.4408731712099999
   1.3100000e+00   0.4427466723599999
   1.3200000e+00   0.44442353730999995
   1.3300000e+00   0.44592376695999997
   1.3400000e+00   0.44724221026
   1.3500000e+00   0.44837909816
   1.3600000e+00   0.44934640071
   1.3700000e+00   0.45014284873
   1.3800000e+00   0.45072136280999997
   1.3900000e+00   0.451024418635
   1.4000000e+00  0.4510758664235
   1.4100000e+00  0.450967408132
   1.4200000e+00  0.45071729829199997
   1.4300000e+00  0.45023282231699996
   1.4400000e+00  0.44945471129699993
   1.4500000e+00  0.4484396525269999
   1.4600000e+00  0.4472657557769999
   1.4700000e+00  0.4459537185769999
   1.4800000e+00  0.4444899234269999
   1.4900000e+00  0.4428333924269999
   1.5000000e+00  0.4409248901769999
   1.5100000e+00  0.43877453842699987
   1.5200000e+00  0.43647755302699986
   1.5300000e+00  0.43407271297699984
   1.5400000e+00  0.43149349702699985
   1.5500000e+00  0.42873091337699987
   1.5600000e+00  0.4259103754769999
   1.5700000e+00  0.4231117641769999
   1.5800000e+00  0.4202032394769999
   1.5900000e+00  0.4169360792269999
   1.6000000e+00  0.4131995951769999
   1.6100000e+00  0.4091561108769999
   1.6200000e+00  0.4050405377269999
   1.6300000e+00  0.4008179669269999
   1.6400000e+00  0.3962736694269999
   1.6500000e+00  0.39147869402699986
   1.6600000e+00  0.38670334522699984
   1.6700000e+00  0.38179037767699986
   1.6800000e+00  0.37634347997699985
   1.6900000e+00  0.37062683377699984
   1.7000000e+00  0.36524696197699985
   1.7100000e+00  0.35991046827699985
   1.7200000e+00  0.35386072512699984
   1.7300000e+00  0.34742167177699984
   1.7400000e+00  0.34140078412699987
   1.7500000e+00  0.3353823511269999
   1.7600000e+00  0.3286431929769999
   1.7700000e+00  0.3218486694769999
   1.7800000e+00  0.3155398392269999
   1.7900000e+00  0.30857966132699993
   1.8000000e+00  0.3005802812769999
   1.8100000e+00  0.2932344322269999
   1.8200000e+00  0.2867355424769999
   1.8300000e+00  0.2789359557269999
   1.8400000e+00  0.2703865126769999
   1.8500000e+00  0.2634311549269999
   1.8600000e+00  0.2527875385769999
   1.8700000e+00  0.2270569020769999
   1.8800000e+00  0.18708980957699992
   1.8900000e+00  0.15260528957699993
   1.9000000e+00  0.13986818926199993
   1.9100000e+00   0.14133411314699992
   1.9200000e+00  0.13865447874699993
   1.9300000e+00  0.12750521214699992
   1.9400000e+00  0.11688689759699991
   1.9500000e+00  0.11075084699699991
   1.9600000e+00  0.10422567904699992
   1.9700000e+00  0.09488919464699992
   1.9800000e+00  0.08584890014699992
   1.9900000e+00  0.07840732009699991
   2.0000000e+00  0.07036019584699992
   2.0100000e+00  0.06112564934699991
   2.0200000e+00  0.05233661099699991
   2.0300000e+00  0.04412466604699991
   2.0400000e+00  0.03528820739699991
   2.0500000e+00  0.025995176196999908
   2.0600000e+00  0.017158480196999906
   2.0700000e+00  0.008505787296999905
   2.0800000e+00  -0.0006098440530000956
   2.0900000e+00  -0.009940352103000096
   2.1000000e+00  -0.019171985503000095
   2.1100000e+00  -0.028578963703000095
   2.1200000e+00  -0.03818443655300009
   2.1300000e+00  -0.047597217653000096
   2.1400000e+00  -0.056885190603000096
   2.1500000e+00  -0.0664598582030001
   2.1600000e+00  -0.0762394163530001
   2.1700000e+00  -0.0858845775030001
   2.1800000e+00  -0.0954818462530001
   2.1900000e+00  -0.1052466885030001
   2.2000000e+00  -0.1150785624530001
   2.2100000e+00  -0.1249070367530001
   2.2200000e+00  -0.1348422058530001
   2.2300000e+00  -0.14475840550300012
   2.2400000e+00  -0.15446472335300013
   2.2500000e+00  -0.16424740875300012
   2.2600000e+00  -0.17443942045300012
   2.2700000e+00  -0.18474788495300012
   2.2800000e+00  -0.19480818345300013
   2.2900000e+00  -0.20481795295300015
   2.3000000e+00  -0.21488669995300014
   2.3100000e+00  -0.22467332215300015
   2.3200000e+00  -0.23428099300300015
   2.3300000e+00  -0.24427852365300015
   2.3400000e+00  -0.25448860365300013
   2.3500000e+00  -0.26431275995300013
   2.3600000e+00  -0.2741383047530001
   2.3700000e+00  -0.2844886917530001
   2.3800000e+00  -0.29452851555300014
   2.3900000e+00  -0.30370499645300014
   2.4000000e+00  -0.31331211305300016
   2.4100000e+00  -0.32388605905300016
   2.4200000e+00  -0.3336824783030002
   2.4300000e+00  -0.3423841703530002
   2.4400000e+00  -0.35220958165300015
   2.4500000e+00  -0.36275796315300013
   2.4600000e+00  -0.3715719133530001
   2.4700000e+00  -0.3836641060530001
   2.4800000e+00  -0.4104702795530001
   2.4900000e+00  -0.4514756230530001
   2.5000000e+00  -0.4870702690530001
   2.5100000e+00  -0.5007302650030001
   2.5200000e+00   -0.4998518775030001
   2.5300000e+00  -0.502984106153
   2.5400000e+00  -0.514598819253
   2.5500000e+00  -0.525502838053
   2.5600000e+00  -0.531538427703
   2.5700000e+00  -0.5376821287529999
   2.5800000e+00  -0.5465402649529999
   2.5900000e+00  -0.5549534501529999
   2.6000000e+00  -0.561502326903
   2.6100000e+00  -0.5685009338029999
   2.6200000e+00  -0.576707130703
   2.6300000e+00  -0.584394343053
   2.6400000e+00  -0.5911571456529999
   2.6500000e+00  -0.598115336503
   2.6600000e+00  -0.605282695603
   2.6700000e+00  -0.6119349435529999
   2.6800000e+00  -0.618383044303
   2.6900000e+00  -0.625197475703
   2.7000000e+00  -0.631978228453
   2.7100000e+00  -0.638282257803
   2.7200000e+00  -0.6444666497529999
   2.7300000e+00  -0.6507899380029999
   2.7400000e+00  -0.6568780398529999
   2.7500000e+00  -0.6625266576529999
   2.7600000e+00  -0.6680372236029999
   2.7700000e+00  -0.6735860543529999
   2.7800000e+00  -0.6790244230029999
   2.7900000e+00  -0.6842873893029999
   2.8000000e+00  -0.689458215103
   2.8100000e+00  -0.694545702903
   2.8200000e+00  -0.699517427703
   2.8300000e+00  -0.704368382803
   2.8400000e+00  -0.7090288964029999
   2.8500000e+00  -0.7134378186029999
   2.8600000e+00  -0.7176986421529999
   2.8700000e+00  -0.7219186431029999
   2.8800000e+00  -0.7260003407029999
   2.8900000e+00  -0.729819474003
   2.9000000e+00  -0.733430232253
   2.9100000e+00  -0.7368994497529999
   2.9200000e+00  -0.7401670237529999
   2.9300000e+00  -0.743232491303
   2.9400000e+00  -0.7462315850029999
   2.9500000e+00  -0.7492038227029999
   2.9600000e+00  -0.7520189459029999
   2.9700000e+00  -0.7545934876029999
   2.9800000e+00  -0.756953391003
   2.9900000e+00  -0.7590872877029999
   3.0000000e+00  -0.7609654199029999
   3.0100000e+00  -0.7626572408029999
   3.0200000e+00  -0.7642255591029999
   3.0300000e+00  -0.7655976201029999
   3.0400000e+00  -0.766715983443
   3.0500000e+00  -0.7676685339129999
   3.0600000e+00  -0.7685097419829999
   3.0700000e+00  -0.7691476016779999
   3.0800000e+00  -0.7695623491629999
   3.0900000e+00  -0.7699064203429999
   3.1000000e+00  -0.770216765133
   3.1100000e+00   -0.7702607803229999
   3.1200000e+00   -0.7698474420129999
   3.1300000e+00   -0.7690849346679999
   3.1400000e+00   -0.7681728544629999
   3.1500000e+00   -0.7671356000929999
   3.1600000e+00   -0.7659098637429999
   3.1700000e+00   -0.7645181481929999
   3.1800000e+00   -0.7629978390429999
   3.1900000e+00   -0.7612787237929999
   3.2000000e+00   -0.7592648391929999
   3.2100000e+00   -0.756965143743
   3.2200000e+00   -0.754451679493
   3.2300000e+00   -0.751747729643
   3.2400000e+00   -0.7488283506929999
   3.2500000e+00   -0.745684904443
   3.2600000e+00   -0.742330492593
   3.2700000e+00   -0.738771526493
   3.2800000e+00   -0.735014494343
   3.2900000e+00   -0.731074414093
   3.3000000e+00   -0.726948119593
   3.3100000e+00   -0.722613867893
   3.3200000e+00   -0.7180820309429999
   3.3300000e+00   -0.7133931638429999
   3.3400000e+00   -0.7085354314929999
   3.3500000e+00   -0.7034394047429999
   3.3600000e+00   -0.6980968783429999
   3.3700000e+00   -0.692583503943
   3.3800000e+00   -0.6868983322429999
   3.3900000e+00   -0.680903353943
   3.4000000e+00   -0.674529066743
   3.4100000e+00   -0.667929896693
   3.4200000e+00   -0.661304148143
   3.4300000e+00   -0.654642785793
   3.4400000e+00   -0.6477843749429999
   3.4500000e+00   -0.6406465279429999
   3.4600000e+00   -0.6332769969429999
   3.4700000e+00   -0.6257318475929999
   3.4800000e+00   -0.6180209158929999
   3.4900000e+00   -0.6101478041929999
   3.5000000e+00   -0.6021197732429998
   3.5100000e+00   -0.5939222812929998
   3.5200000e+00   -0.5855169845429998
   3.5300000e+00   -0.5768548348929998
   3.5400000e+00   -0.5678967476429998
   3.5500000e+00   -0.5586592036929998
   3.5600000e+00   -0.5492315054429998
   3.5700000e+00   -0.5396991235429998
   3.5800000e+00   -0.5300518076929998
   3.5900000e+00   -0.5202081304929997
   3.6000000e+00   -0.5101170199929997
   3.6100000e+00   -0.49978793799299975
   3.6200000e+00   -0.4892383509929997
   3.6300000e+00   -0.4784741649929997
   3.6400000e+00   -0.46752527849299974
   3.6500000e+00   -0.45644143649299973
   3.6600000e+00   -0.4452338629929997
   3.6700000e+00   -0.4338680879929997
   3.6800000e+00   -0.4223227729929997
   3.6900000e+00   -0.4105877789929997
   3.7000000e+00   -0.39860157799299967
   3.7100000e+00   -0.38630885099299966
   3.7200000e+00   -0.37381335499299967
   3.7300000e+00   -0.36132305099299966
   3.7400000e+00   -0.34887299999299964
   3.7500000e+00   -0.33626416699299966
   3.7600000e+00   -0.32336404799299967
   3.7700000e+00   -0.3102806254929997
   3.7800000e+00   -0.2971222284929997
   3.7900000e+00   -0.2837962754929997
   3.8000000e+00   -0.2702118459929997
   3.8100000e+00   -0.2564786159929997
   3.8200000e+00   -0.2427035879929997
   3.8300000e+00   -0.2287692654929997
   3.8400000e+00   -0.2145288704929997
   3.8500000e+00   -0.20006782699299971
   3.8600000e+00   -0.18555053899299973
   3.8700000e+00   -0.17093051049299973
   3.8800000e+00   -0.15603652649299973
   3.8900000e+00   -0.14087224749299973
   3.9000000e+00   -0.12561573949299973
   3.9100000e+00   -0.11033674249299973
   3.9200000e+00   -0.09490625249299972
   3.9300000e+00   -0.07923376749299972
   3.9400000e+00   -0.06343664299299973
   3.9500000e+00   -0.047667565992999726
   3.9600000e+00   -0.031882302492999726
   3.9700000e+00   -0.015922138492999727
   3.9800000e+00   0.0002405710070002738
   3.9900000e+00   0.016507994007000273
   4.0000000e+00   0.03286429450700028
   4.0100000e+00   0.04937498750700028
   4.0200000e+00   0.06599269250700028
   4.0300000e+00   0.08259420350700028
   4.0400000e+00   0.09923039500700029
   4.0500000e+00   0.11609578650700028
   4.0600000e+00   0.1332038130070003
   4.0700000e+00   0.1503309190070003
   4.0800000e+00   0.1673414135070003
   4.0900000e+00   0.1843498785070003
   4.1000000e+00   0.2015138655070003
   4.1100000e+00   0.2188650910070003
   4.1200000e+00   0.2363721515070003
   4.1300000e+00   0.2539818080070003
   4.1400000e+00   0.27158628050700034
   4.1500000e+00   0.28911555100700037
   4.1600000e+00   0.30664812800700036
   4.1700000e+00   0.32428541550700035
   4.1800000e+00   0.34197031100700037
   4.1900000e+00   0.35958685350700037
   4.2000000e+00   0.3771824235070004
   4.2100000e+00   0.3949274740070004
   4.2200000e+00   0.4128733885070004
   4.2300000e+00   0.4308770265070004
   4.2400000e+00   0.4487863325070004
   4.2500000e+00   0.4666395770070004
   4.2600000e+00   0.4846303465070004
   4.2700000e+00   0.5028491185070004
   4.2800000e+00   0.5211164420070005
   4.2900000e+00   0.5391984835070005
   4.3000000e+00   0.5571652515070005
   4.3100000e+00   0.5753241595070004
   4.3200000e+00   0.5937530680070005
   4.3300000e+00   0.6121555670070005
   4.3400000e+00   0.6302990110070005
   4.3500000e+00   0.6483338550070005
   4.3600000e+00   0.6664989080070005
   4.3700000e+00   0.6847483895070006
   4.3800000e+00   0.7028925400070005
   4.3900000e+00   0.7209265135070005
   4.4000000e+00   0.7389907365070005
   4.4100000e+00   0.7571077625070005
   4.4200000e+00   0.7751454470070005
   4.4300000e+00   0.7929994060070005
   4.4400000e+00   0.8106984405070005
   4.4500000e+00   0.8283564960070005
   4.4600000e+00   0.8460784455070004
   4.4700000e+00   0.8638822170070004
   4.4800000e+00   0.8816806695070004
   4.4900000e+00   0.8993497715070005
   4.5000000e+00   0.9168081030070004
   4.5100000e+00   0.9340457780070004
   4.5200000e+00   0.9511510385070004
   4.5300000e+00   0.9683082180070004
   4.5400000e+00   0.9856471165070004
   4.5500000e+00   1.0030579970070004
   4.5600000e+00   1.0202808965070003
   4.5700000e+00   1.0372260495070003
   4.5800000e+00   1.0540768020070002
   4.5900000e+00   1.0710161700070002
   4.6000000e+00   1.0879859860070002
   4.6100000e+00   1.1048061760070003
   4.6200000e+00   1.1214220310070002
   4.6300000e+00   1.1379219830070002
   4.6400000e+00   1.1543707310070002
   4.6500000e+00   1.1707254275070003
   4.6600000e+00   1.1869068735070003
   4.6700000e+00   1.2028992390070004
   4.6800000e+00   1.2187757540070003
   4.6900000e+00   1.2346328735070002
   4.7000000e+00   1.2504753435070002
   4.7100000e+00   1.2661657835070002
   4.7200000e+00   1.2815357645070002
   4.7300000e+00   1.2965692310070003
   4.7400000e+00   1.3114333770070004
   4.7500000e+00   1.3262937295070003
   4.7600000e+00   1.3411293655070002
   4.7700000e+00   1.3557712990070003
   4.7800000e+00   1.3701065685070004
   4.7900000e+00   1.3841921265070005
   4.8000000e+00   1.3981494255070006
   4.8100000e+00   1.4119961950070006
   4.8200000e+00   1.4256500375070005
   4.8300000e+00   1.4390833155070004
   4.8400000e+00   1.4523662605070005
   4.8500000e+00   1.4655148205070005
   4.8600000e+00   1.4784249715070006
   4.8700000e+00   1.4910576380070006
   4.8800000e+00   1.5035434895070006
   4.8900000e+00   1.5159490845070005
   4.9000000e+00   1.5281110125070005
   4.9100000e+00   1.5399333830070006
   4.9200000e+00   1.5516682110070006
   4.9300000e+00   1.5635809200070006
   4.9400000e+00   1.5754755620070005
   4.9500000e+00   1.5869048920070004
   4.9600000e+00   1.5977585950070003
   4.9700000e+00   1.6083076255070003
   4.9800000e+00   1.6187441940070004
   4.9900000e+00   1.6289911120070004
   5.0000000e+00   1.6389245986570005
   5.0100000e+00   1.6485479859070005
   5.0200000e+00   1.6579474509070005
   5.0300000e+00   1.6671640018570004
   5.0400000e+00   1.6760917211570003
   5.0500000e+00   1.6845627551570004
   5.0600000e+00   1.6925650959570004
   5.0700000e+00   1.7001665055070005
   5.0800000e+00   1.7072028361570006
   5.0900000e+00   1.7134052476570005
   5.1000000e+00   1.7187860262570005
   5.1100000e+00   1.7233481414070004
   5.1200000e+00   1.7265843086070005
   5.1300000e+00   1.7280682468320006
   5.1400000e+00  1.7283576821045006
   5.1500000e+00   1.7285240332920007
   5.1600000e+00   1.7292836566820007
   5.1700000e+00   1.7314485280820007
   5.1800000e+00   1.7364770297320007
   5.1900000e+00   1.7459227200320007
   5.2000000e+00   1.7613631955320006
   5.2100000e+00   1.7843942460320006
   5.2200000e+00   1.8138409830320006
   5.2300000e+00   1.8432895335320005
   5.2400000e+00   1.8652749230320005
   5.2500000e+00   1.8774037297820005
   5.2600000e+00  1.8796652999820005
   5.2700000e+00  1.8673237924320005
   5.2800000e+00  1.8336682409320004
   5.2900000e+00  1.7805716569320005
   5.3000000e+00  1.7217347534320004
   5.3100000e+00  1.6757064259320005
   5.3200000e+00  1.6562452593320005
   5.3300000e+00   1.6632011217320004
   5.3400000e+00   1.6805930317320004
   5.3500000e+00   1.6904722656320004
   5.3600000e+00  1.6872202091820003
   5.3700000e+00  1.6680335163320004
   5.3800000e+00  1.6161636443320004
   5.3900000e+00  1.5119632608320004
   5.4000000e+00  1.3552705008320003
   5.4100000e+00  1.1600744608320004
   5.4200000e+00  0.9418503308320004
   5.4300000e+00  0.7326137658320004
   5.4400000e+00  0.5831775808320004
   5.4500000e+00  0.5138148268320004
   5.4600000e+00  0.48577312583200044
   5.4700000e+00  0.4595572673320004
   5.4800000e+00   0.45027952733200044
   5.4900000e+00   0.47931532883200045
   5.5000000e+00   0.5068785991820004
   5.5100000e+00  0.4690751440320004
   5.5200000e+00  0.3528864085320004
   5.5300000e+00  0.18412427853200036
   5.5400000e+00  -0.02161023146799962
   5.5500000e+00  -0.2398220314679996
   5.5600000e+00  -0.4055593764679996
   5.5700000e+00   -0.4613918026679996
   5.5800000e+00   -0.41349489386799965
   5.5900000e+00   -0.29585581886799966
   5.6000000e+00   -0.11230660386799968
   5.6100000e+00   0.13218341113200036
   5.6200000e+00   0.3627606161320004
   5.6300000e+00  0.4567076354820004
   5.6400000e+00  0.3572400898320004
   5.6500000e+00  0.1493703398320004
   5.6600000e+00  -0.007311369667999612
   5.6700000e+00   -0.040569408667999615
   5.6800000e+00  -0.03484512616799962
   5.6900000e+00  -0.09980967416799963
   5.7000000e+00  -0.20807168066799964
   5.7100000e+00   -0.24521701166799964
   5.7200000e+00   -0.19266642416799964
   5.7300000e+00   -0.14648843566799966
   5.7400000e+00  -0.16187406316799965
   5.7500000e+00  -0.20218238716799966
   5.7600000e+00  -0.23939330566799966
   5.7700000e+00  -0.27340752166799964
   5.7800000e+00   -0.26247947216799966
   5.7900000e+00   -0.18791696816799966
   5.8000000e+00  -0.17817477566799966
   5.8100000e+00  -0.3950413401679997
   5.8200000e+00  -0.7941489601679997
   5.8300000e+00  -1.1707136151679998
   5.8400000e+00  -1.4368076401679999
   5.8500000e+00  -1.671505640168
   5.8600000e+00  -1.909128510168
   5.8700000e+00  -2.078214895168
   5.8800000e+00  -2.157526870168
   5.8900000e+00  -2.212920218668
   5.9000000e+00  -2.2802149031680004
   5.9100000e+00  -2.3673705891680004
   5.9200000e+00  -2.5342566141680005
   5.9300000e+00  -2.8001853291680003
   5.9400000e+00  -3.0217074991680004
   5.9500000e+00   -3.0424262941680005
   5.9600000e+00   -2.9253245741680005
   5.9700000e+00  -2.8786181236680006
   5.9800000e+00  -2.9995247181680007
   5.9900000e+00  -3.2267209581680008
   6.0000000e+00  -3.4770572381680007
   6.0100000e+00  -3.697032838168001
   6.0200000e+00  -3.837914853668001
   6.0300000e+00   -3.875291510168001
   6.0400000e+00   -3.795610851168001
   6.0500000e+00   -3.541045771168001
   6.0600000e+00   -3.095951606168001
   6.0700000e+00   -2.643194911168001
   6.0800000e+00   -2.451897900818001
   6.0900000e+00  -2.562254310468001
   6.1000000e+00  -2.759567585468001
   6.1100000e+00  -2.897299365468001
   6.1200000e+00  -3.045720020468001
   6.1300000e+00  -3.271418585468001
   6.1400000e+00  -3.4797208004680007
   6.1500000e+00  -3.558903377653001
   6.1600000e+00   -3.510333919338001
   6.1700000e+00   -3.361800263838001
   6.1800000e+00   -3.100789798838001
   6.1900000e+00   -2.7629108088380008
   6.2000000e+00   -2.462330118838001
   6.2100000e+00   -2.269799553838001
   6.2200000e+00   -2.148700783838001
   6.2300000e+00   -2.049910766338001
   6.2400000e+00   -1.990004929338001
   6.2500000e+00  -1.998437903338001
   6.2600000e+00  -2.0436086093380013
   6.2700000e+00   -2.0481996958380013
   6.2800000e+00   -1.9591416598380014
   6.2900000e+00   -1.7842774748380013
   6.3000000e+00   -1.5580932098380011
   6.3100000e+00   -1.286148314838001
   6.3200000e+00   -0.9631621848380011
   6.3300000e+00   -0.6543727598380011
   6.3400000e+00   -0.49224618833800116
   6.3500000e+00  -0.5485075968380012
   6.3600000e+00  -0.7670361168380012
   6.3700000e+00  -1.0593317318380011
   6.3800000e+00  -1.379950551838001
   6.3900000e+00  -1.655071121838001
   6.4000000e+00   -1.751280129338001
   6.4100000e+00   -1.6177834368380009
   6.4200000e+00   -1.373595771838001
   6.4300000e+00   -1.155433231838001
   6.4400000e+00   -0.9717534818380009
   6.4500000e+00   -0.8168783618380009
   6.4600000e+00  -0.8198143868380009
   6.4700000e+00  -1.112065141838001
   6.4800000e+00  -1.6024719068380011
   6.4900000e+00  -2.050029291838001
   6.5000000e+00  -2.3426192018380014
   6.5100000e+00  -2.5546189918380016
   6.5200000e+00  -2.7404348218380017
   6.5300000e+00  -2.8383892868380016
   6.5400000e+00   -2.8103069918380017
   6.5500000e+00   -2.7242480528380018
   6.5600000e+00   -2.639587114838002
   6.5700000e+00   -2.532782245838002
   6.5800000e+00   -2.391794015838002
   6.5900000e+00   -2.263506115838002
   6.6000000e+00   -2.148857550838002
   6.6100000e+00   -1.972085430838002
   6.6200000e+00   -1.717388115838002
   6.6300000e+00   -1.471941700838002
   6.6400000e+00   -1.266224685838002
   6.6500000e+00   -1.005076250838002
   6.6600000e+00   -0.6346239858380021
   6.6700000e+00   -0.2384697058380021
   6.6800000e+00   0.11845614416199785
   6.6900000e+00   0.4937932341619979
   6.7000000e+00   0.9109126441619979
   6.7100000e+00   1.242306594161998
   6.7200000e+00   1.374379188161998
   6.7300000e+00  1.372257958161998
   6.7400000e+00   1.364497958161998
   6.7500000e+00  1.365588802661998
   6.7600000e+00  1.317556210161998
   6.7700000e+00  1.215817367161998
   6.7800000e+00  1.097895322161998
   6.7900000e+00  0.981745762161998
   6.8000000e+00  0.889129263161998
   6.8100000e+00   0.862920334161998
   6.8200000e+00   0.906356323661998
   6.8300000e+00   0.964481139661998
   6.8400000e+00   0.998042791161998
   6.8500000e+00   1.016798235661998
   6.8600000e+00  1.023450017561998
   6.8700000e+00  0.986437489461998
   6.8800000e+00  0.8860054139619981
   6.8900000e+00  0.746959513961998
   6.9000000e+00  0.623241768961998
   6.9100000e+00  0.569688180261998
   6.9200000e+00   0.603891962061998
   6.9300000e+00   0.678463027561998
   6.9400000e+00   0.7262181745619981
   6.9500000e+00  0.7362123634619981
   6.9600000e+00  0.7353382883219981
   6.9700000e+00  0.7092442862819981
   6.9800000e+00  0.6190276012819981
   6.9900000e+00  0.483179121281998
   7.0000000e+00  0.350541566281998
   7.0100000e+00  0.201311701281998
   7.0200000e+00  -0.02556611371800202
   7.0300000e+00  -0.310259853718002
   7.0400000e+00  -0.554539713718002
   7.0500000e+00  -0.706637123718002
   7.0600000e+00  -0.799421977718002
   7.0700000e+00  -0.8715739217180021
   7.0800000e+00  -0.928152597218002
   7.0900000e+00  -0.9662126542180021
   7.1000000e+00   -0.9679317967180021
   7.1100000e+00   -0.8825921727180022
   7.1200000e+00   -0.6769768627180022
   7.1300000e+00   -0.39189840771800216
   7.1400000e+00   -0.10808817771800217
   7.1500000e+00   0.12375969728199782
   7.1600000e+00   0.2948452472819978
   7.1700000e+00   0.4147713272819978
   7.1800000e+00   0.4990093287819978
   7.1900000e+00   0.5504642327819977
   7.2000000e+00  0.5475678097819977
   7.2100000e+00  0.48378239178199767
   7.2200000e+00  0.4094553212819977
   7.2300000e+00   0.3893446332819977
   7.2400000e+00   0.4271250767819977
   7.2500000e+00   0.47365654228199766
   7.2600000e+00   0.49523651393199764
   7.2700000e+00  0.49434214843199764
   7.2800000e+00  0.48559417898199764
   7.2900000e+00   0.49365344518199766
   7.3000000e+00   0.5522710611819976
   7.3100000e+00   0.6649443066819977
   7.3200000e+00   0.7876011816819977
   7.3300000e+00   0.8817110571819977
   7.3400000e+00   0.9545749506819977
   7.3500000e+00   1.0157943206819977
   7.3600000e+00  1.0352002656819976
   7.3700000e+00  0.9920938391819977
   7.3800000e+00  0.9319192901819977
   7.3900000e+00   0.9122024799319977
   7.4000000e+00  0.9088993741819976
   7.4100000e+00  0.8422689441819976
   7.4200000e+00  0.6946782291819976
   7.4300000e+00  0.5332130891819976
   7.4400000e+00  0.3977242791819976
   7.4500000e+00  0.2360402841819976
   7.4600000e+00  -0.010680945818002385
   7.4700000e+00  -0.3186219908180024
   7.4800000e+00  -0.6275249908180024
   7.4900000e+00  -0.9179275508180024
   7.5000000e+00  -1.1719301608180024
   7.5100000e+00  -1.3022368018180024
   7.5200000e+00   -1.2111974978180025
   7.5300000e+00   -0.9123518728180025
   7.5400000e+00   -0.5205568978180024
   7.5500000e+00   -0.12087407281800239
   7.5600000e+00   0.29205541218199765
   7.5700000e+00   0.7430346721819976
   7.5800000e+00   1.2048430021819976
   7.5900000e+00   1.6145485021819976
   7.6000000e+00   1.9236155421819976
   7.6100000e+00   2.1217376821819975
   7.6200000e+00   2.2409420996819978
   7.6300000e+00   2.3405749821819977
   7.6400000e+00   2.4563212921819977
   7.6500000e+00   2.556745182681998
   7.6600000e+00  2.5836518266819977
   7.6700000e+00  2.5473127511819977
   7.6800000e+00   2.5421543086819978
   7.6900000e+00   2.640852690181998
   7.7000000e+00   2.806432825181998
   7.7100000e+00   2.940505409181998
   7.7200000e+00  2.980444468681998
   7.7300000e+00  2.906225094181998
   7.7400000e+00  2.6942296241819976
   7.7500000e+00  2.3315050541819975
   7.7600000e+00  1.8564419641819976
   7.7700000e+00  1.3306042291819975
   7.7800000e+00  0.7901123941819975
   7.7900000e+00  0.26350717418199754
   7.8000000e+00  -0.20570445081800248
   7.8100000e+00  -0.5999605108180025
   7.8200000e+00  -0.9396282508180025
   7.8300000e+00  -1.2126239558180025
   7.8400000e+00  -1.3588371413180025
   7.8500000e+00   -1.3657202548180025
   7.8600000e+00   -1.2995429553180025
   7.8700000e+00   -1.2049819228180025
   7.8800000e+00   -1.0701225128180025
   7.8900000e+00   -0.9229000878180025
   7.9000000e+00   -0.8434319923180025
   7.9100000e+00  -0.8417081573180025
   7.9200000e+00   -0.8490606104680025
   7.9300000e+00  -0.8665352721180025
   7.9400000e+00  -0.9828834211180025
   7.9500000e+00  -1.2056881811180025
   7.9600000e+00  -1.4185018461180026
   7.9700000e+00  -1.5498858631180026
   7.9800000e+00  -1.6442522111180027
   7.9900000e+00  -1.7215634441180028
   8.0000000e+00   -1.7070811791180027
   8.0100000e+00   -1.5555598121180028
   8.0200000e+00   -1.3317378221180027
   8.0300000e+00   -1.1246301571180028
   8.0400000e+00   -0.9738162871180028
   8.0500000e+00   -0.8984342961180029
   8.0600000e+00  -0.9065077631180029
   8.0700000e+00  -0.9593779991180028
   8.0800000e+00  -1.0024672096180027
   8.0900000e+00  -1.0368328546180028
   8.1000000e+00  -1.1010616916180027
   8.1100000e+00  -1.1942567446180028
   8.1200000e+00  -1.2734959856180028
   8.1300000e+00  -1.3120022871180028
   8.1400000e+00   -1.311131530618003
   8.1500000e+00   -1.270406428618003
   8.1600000e+00   -1.183709212118003
   8.1700000e+00   -1.054509807118003
   8.1800000e+00   -0.900215622118003
   8.1900000e+00   -0.761591702118003
   8.2000000e+00  -0.703847811468003
   8.2100000e+00  -0.761607380818003
   8.2200000e+00  -0.8718407808180031
   8.2300000e+00   -0.9101483073180031
   8.2400000e+00   -0.8211781888180031
   8.2500000e+00   -0.6781421388180031
   8.2600000e+00   -0.5799422063180031
   8.2700000e+00   -0.5200775988180031
   8.2800000e+00   -0.4152096738180031
   8.2900000e+00   -0.2568454088180031
   8.3000000e+00   -0.1515565893180031
   8.3100000e+00  -0.1671537978180031
   8.3200000e+00  -0.2152718153180031
   8.3300000e+00   -0.1656186898180031
   8.3400000e+00   -0.013855449818003074
   8.3500000e+00   0.16173714518199692
   8.3600000e+00   0.3448885451819969
   8.3700000e+00   0.5507079501819969
   8.3800000e+00   0.6993145641819969
   8.3900000e+00  0.6741341281819969
   8.4000000e+00  0.4940798831819969
   8.4100000e+00  0.2997782531819969
   8.4200000e+00  0.1860703096819969
   8.4300000e+00   0.1560623860319969
   8.4400000e+00   0.1939139603819969
   8.4500000e+00   0.26454230688199687
   8.4600000e+00  0.29556029478199686
   8.4700000e+00  0.27255049918199686
   8.4800000e+00   0.28168147618199685
   8.4900000e+00   0.35395987468199686
   8.5000000e+00  0.37264591768199684
   8.5100000e+00  0.25918366068199683
   8.5200000e+00  0.13462695118199683
   8.5300000e+00   0.15096861668199682
   8.5400000e+00   0.2650205216819968
   8.5500000e+00  0.32544693418199677
   8.5600000e+00  0.29243222218199677
   8.5700000e+00  0.23180512818199678
   8.5800000e+00  0.17652194868199678
   8.5900000e+00  0.13189064168199677
   8.6000000e+00   0.15019810368199676
   8.6100000e+00   0.2719789276819968
   8.6200000e+00   0.4404533226819968
   8.6300000e+00   0.5799612026819968
   8.6400000e+00   0.7177338026819968
   8.6500000e+00   0.9298265826819968
   8.6600000e+00   1.1931748126819968
   8.6700000e+00   1.3840921376819968
   8.6800000e+00  1.4226385321819968
   8.6900000e+00  1.3450369266819968
   8.7000000e+00  1.2227113666819969
   8.7100000e+00  1.081470261681997
   8.7200000e+00  0.9444331516819969
   8.7300000e+00   0.9036236336819969
   8.7400000e+00   1.069495470681997
   8.7500000e+00   1.443043790681997
   8.7600000e+00   1.896088635681997
   8.7700000e+00   2.300161415681997
   8.7800000e+00   2.6309054756819967
   8.7900000e+00   2.926110120681997
   8.8000000e+00   3.200131385681997
   8.8100000e+00   3.453970030681997
   8.8200000e+00   3.7315439856819967
   8.8300000e+00   4.087080935681997
   8.8400000e+00   4.490790485681997
   8.8500000e+00   4.837669735681997
   8.8600000e+00   5.0838980156819975
   8.8700000e+00   5.312588595681998
   8.8800000e+00   5.607536270681998
   8.8900000e+00   5.922764975681998
   8.9000000e+00   6.1717683006819986
   8.9100000e+00   6.399361735681999
   8.9200000e+00   6.727976630681999
   8.9300000e+00   7.143257885681999
   8.9400000e+00   7.491341860681999
   8.9500000e+00   7.7130523206819985
   8.9600000e+00   7.9113872856819984
   8.9700000e+00   8.136636330681998
   8.9800000e+00   8.291842280681998
   8.9900000e+00   8.343987360181998
   9.0000000e+00   8.440732629681998
   9.0100000e+00   8.675878824681998
   9.0200000e+00   8.896920389681998
   9.0300000e+00  8.908842089681999
   9.0400000e+00  8.740652389682
   9.0500000e+00  8.542371794682
   9.0600000e+00  8.333827904682
   9.0700000e+00  8.046000519682
   9.0800000e+00  7.735356249682
   9.0900000e+00  7.563994345682
   9.1000000e+00   7.589321966681999
   9.1100000e+00   7.721593231681999
   9.1200000e+00   7.871925606681999
   9.1300000e+00   8.016446371682
   9.1400000e+00   8.130100411182
   9.1500000e+00  8.166036379182
   9.1600000e+00  8.086895207682
   9.1700000e+00  7.836042407682
   9.1800000e+00  7.324200982682
   9.1900000e+00  6.545869792682
   9.2000000e+00  5.670581807682
   9.2100000e+00  4.911838612682
   9.2200000e+00  4.322709942682
   9.2300000e+00  3.7994760226819997
   9.2400000e+00  3.2476103376819996
   9.2500000e+00  2.6541256576819996
   9.2600000e+00  2.0387060726819994
   9.2700000e+00  1.4458984076819994
   9.2800000e+00  0.9714963826819993
   9.2900000e+00  0.6915211326819993
   9.3000000e+00  0.5620567461819993
   9.3100000e+00  0.4775951126819993
   9.3200000e+00  0.42383338118199926
   9.3300000e+00   0.46878132668199923
   9.3400000e+00   0.5888702416819992
   9.3500000e+00  0.6246095336819992
   9.3600000e+00  0.47514487568199926
   9.3700000e+00  0.24276444568199929
   9.3800000e+00  0.08712311068199927
   9.3900000e+00  0.003047408681999264
   9.4000000e+00  -0.13065157831800076
   9.4100000e+00  -0.3190229483180007
   9.4200000e+00  -0.4361337073180007
   9.4300000e+00  -0.47419684081800073
   9.4400000e+00  -0.6348197653180008
   9.4500000e+00  -1.0640749003180008
   9.4600000e+00  -1.629352600318001
   9.4700000e+00  -2.107118460318001
   9.4800000e+00  -2.498633325318001
   9.4900000e+00  -2.982562745318001
   9.5000000e+00  -3.603746720318001
   9.5100000e+00  -4.210599785318001
   9.5200000e+00  -4.721330095318001
   9.5300000e+00  -5.262706575318001
   9.5400000e+00  -5.959082420318001
   9.5500000e+00  -6.728854895318001
   9.5600000e+00  -7.417391825318001
   9.5700000e+00  -8.044912070318
   9.5800000e+00  -8.779848755318
   9.5900000e+00  -9.695133205318
   9.6000000e+00  -10.688308745317999
   9.6100000e+00  -11.660330375317999
   9.6200000e+00  -12.637012290318
   9.6300000e+00  -13.633247690317999
   9.6400000e+00  -14.506886370318
   9.6500000e+00  -15.088915390318
   9.6600000e+00  -15.417442265318
   9.6700000e+00  -15.699890835318
   9.6800000e+00  -16.051699175318
   9.6900000e+00  -16.419420945318
   9.7000000e+00  -16.776006780318
   9.7100000e+00  -17.220683505318
   9.7200000e+00  -17.809982950318002
   9.7300000e+00  -18.432782185318
   9.7400000e+00  -18.951945975318
   9.7500000e+00  -19.349074680318
   9.7600000e+00  -19.620582580318
   9.7700000e+00   -19.648194660318
   9.7800000e+00   -19.317661900318
   9.7900000e+00   -18.696007890318
   9.8000000e+00   -17.955401690318002
   9.8100000e+00   -17.159612150318
   9.8200000e+00   -16.231220900318
   9.8300000e+00   -15.087831800318
   9.8400000e+00   -13.708972450317999
   9.8500000e+00   -12.107576000318
   9.8600000e+00   -10.344981700318
   9.8700000e+00   -8.560069800317999
   9.8800000e+00   -6.884650000317999
   9.8900000e+00   -5.318469300317998
   9.9000000e+00   -3.752818100317999
   9.9100000e+00   -2.126696600317999
   9.9200000e+00   -0.5169935503179988
   9.9300000e+00   0.925568649682001
   9.9400000e+00   2.098500449682001
   9.9500000e+00   3.013093564682001
   9.9600000e+00   3.768329639682001
   9.9700000e+00   4.464645464682001
   9.9800000e+00   5.138739469682001
   9.9900000e+00   5.784314279682001
   1.0000000e+01   6.413115224682001
   1.0010000e+01   7.059423904682001
   1.0020000e+01   7.742042134682001
   1.0030000e+01   8.475915459682001
   1.0040000e+01   9.311025564682001
   1.0050000e+01   10.288218869682002
   1.0060000e+01   11.347248919682002
   1.0070000e+01   12.354702204682003
   1.0080000e+01   13.254708324682003
   1.0090000e+01   14.126389094682002
   1.0100000e+01   15.051430434682002
   1.0110000e+01   15.987976364682002
   1.0120000e+01   16.834671994682
   1.0130000e+01   17.572292304682
   1.0140000e+01   18.273707929682
   1.0150000e+01   19.002629759682
   1.0160000e+01   19.772510049682
   1.0170000e+01   20.588107469682
   1.0180000e+01   21.436570494682
   1.0190000e+01   22.195451109682
   1.0200000e+01   22.600955434682
   1.0210000e+01  22.385105969681998
   1.0220000e+01  21.484317559681998
   1.0230000e+01  20.108003659681998
   1.0240000e+01  18.577788609682
   1.0250000e+01  17.084589509681997
   1.0260000e+01  15.598306709681998
   1.0270000e+01  13.987307609681999
   1.0280000e+01  12.176441809681998
   1.0290000e+01  10.182941559681998
   1.0300000e+01  8.068152709681998
   1.0310000e+01  5.921061159681997
   1.0320000e+01  3.869139459681997
   1.0330000e+01  2.033677209681997
   1.0340000e+01  0.4408782596819969
   1.0350000e+01  -0.9991248403180033
   1.0360000e+01  -2.385554640318003
   1.0370000e+01  -3.681341940318003
   1.0380000e+01  -4.700433070318003
   1.0390000e+01  -5.291442715318003
   1.0400000e+01  -5.529427170318003
   1.0410000e+01  -5.650217195318003
   1.0420000e+01  -5.777238020318003
   1.0430000e+01   -5.814987099318003
   1.0440000e+01   -5.666879628318003
   1.0450000e+01   -5.442161943318003
   1.0460000e+01  -5.343001541618003
   1.0470000e+01  -5.444722454918003
   1.0480000e+01  -5.721907919918003
   1.0490000e+01  -6.216351169918003
   1.0500000e+01  -7.014315249918003
   1.0510000e+01  -8.080522254918003
   1.0520000e+01  -9.271609954918004
   1.0530000e+01  -10.538181454918004
   1.0540000e+01  -11.997401654918004
   1.0550000e+01  -13.769741454918005
   1.0560000e+01  -15.829399104918005
   1.0570000e+01  -18.057473054918006
   1.0580000e+01  -20.385434254918007
   1.0590000e+01  -22.838962954918006
   1.0600000e+01  -25.461145654918006
   1.0610000e+01  -28.234159904918005
   1.0620000e+01  -31.093064054918006
   1.0630000e+01  -33.99440270491801
   1.0640000e+01  -36.92881680491801
   1.0650000e+01  -39.863170104918005
   1.0660000e+01  -42.721062454918005
   1.0670000e+01  -45.437847654918
   1.0680000e+01  -47.980095104918
   1.0690000e+01  -50.291736804918
   1.0700000e+01  -52.293345654918
   1.0710000e+01  -53.963653954918
   1.0720000e+01  -55.325036254918004
   1.0730000e+01  -56.279289549918005
   1.0740000e+01   -56.545445784918
   1.0750000e+01   -55.881907874918
   1.0760000e+01   -54.376347874918
   1.0770000e+01   -52.454307674918
   1.0780000e+01   -50.563361224918
   1.0790000e+01   -48.826188124918
   1.0800000e+01   -46.997705824918
   1.0810000e+01   -44.785092524918
   1.0820000e+01   -42.172247374918
   1.0830000e+01   -39.310895024918004
   1.0840000e+01   -36.10621587491801
   1.0850000e+01   -32.13565392491801
   1.0860000e+01   -27.07846482491801
   1.0870000e+01   -21.016064874918012
   1.0880000e+01   -14.190055624918013
   1.0890000e+01   -6.726111174918014
   1.0900000e+01   1.194288525081987
   1.0910000e+01   9.111830575081987
   1.0920000e+01   16.458677375081987
   1.0930000e+01   22.759188125081987
   1.0940000e+01   27.546029175081987
   1.0950000e+01   30.490130525081987
   1.0960000e+01   31.978184890081987
   1.0970000e+01   33.23206385508199
   1.0980000e+01   35.33830900508199
   1.0990000e+01   38.22589760508199
   1.1000000e+01   40.94237360508199
   1.1010000e+01   42.83656930508199
   1.1020000e+01   44.14433185508199
   1.1030000e+01   45.514229505081985
   1.1040000e+01   47.32793870508198
   1.1050000e+01   49.50190080508198
   1.1060000e+01   51.67069655508198
   1.1070000e+01   53.49836285508198
   1.1080000e+01   54.97835560508198
   1.1090000e+01   56.45639125508198
   1.1100000e+01   58.24710805508198
   1.1110000e+01   60.25801645508198
   1.1120000e+01   62.10720510508198
   1.1130000e+01   63.54323440508198
   1.1140000e+01   64.57442537008198
   1.1150000e+01   65.22887681508199
   1.1160000e+01  65.43331444808199
   1.1170000e+01  65.20616443108199
   1.1180000e+01  64.76354248108198
   1.1190000e+01  64.27552035108198
   1.1200000e+01  63.63359527608198
   1.1210000e+01  62.61372100108198
   1.1220000e+01  61.19300595108198
   1.1230000e+01  59.54796440108198
   1.1240000e+01  57.77168595108198
   1.1250000e+01  55.733130001081975
   1.1260000e+01  53.22509000108197
   1.1270000e+01  50.162471251081975
   1.1280000e+01  46.626017001081976
   1.1290000e+01  42.75709585108198
   1.1300000e+01  38.606090351081974
   1.1310000e+01  34.093236501081975
   1.1320000e+01  29.185096101081974
   1.1330000e+01  24.091561201081973
   1.1340000e+01  19.148960601081974
   1.1350000e+01  14.469080451081973
   1.1360000e+01  9.851640251081974
   1.1370000e+01  5.130244151081975
   1.1380000e+01  0.4794055010819749
   1.1390000e+01  -3.740763148918025
   1.1400000e+01  -7.368119848918026
   1.1410000e+01  -10.545319148918026
   1.1420000e+01  -13.468812198918025
   1.1430000e+01  -16.132947748918024
   1.1440000e+01  -18.343877648918024
   1.1450000e+01  -19.918362848918026
   1.1460000e+01  -20.806821648918024
   1.1470000e+01   -21.034159413918026
   1.1480000e+01   -20.609836433918026
   1.1490000e+01   -19.583763938918025
   1.1500000e+01   -18.172481638918025
   1.1510000e+01   -16.722548838918026
   1.1520000e+01   -15.488755888918027
   1.1530000e+01   -14.482173333918027
   1.1540000e+01   -13.553476658918028
   1.1550000e+01   -12.569625888918027
   1.1560000e+01   -11.490996838918027
   1.1570000e+01   -10.365602638918027
   1.1580000e+01   -9.323718243918027
   1.1590000e+01   -8.519712438918027
   1.1600000e+01   -7.973363608918027
   1.1610000e+01   -7.467419878918027
   1.1620000e+01   -6.682991568918027
   1.1630000e+01   -5.469692918918027
   1.1640000e+01   -3.959682368918027
   1.1650000e+01   -2.434878118918027
   1.1660000e+01   -1.142280368918027
   1.1670000e+01   -0.23381970891802684
   1.1680000e+01   0.20183127608197315
   1.1690000e+01  0.11991723108197316
   1.1700000e+01  -0.4612202839180267
   1.1710000e+01  -1.4366914289180266
   1.1720000e+01  -2.6386967289180268
   1.1730000e+01  -3.9364444289180267
   1.1740000e+01  -5.3359944789180265
   1.1750000e+01  -6.9453690289180265
   1.1760000e+01  -8.825660578918027
   1.1770000e+01  -10.914610478918028
   1.1780000e+01  -13.089404028918029
   1.1790000e+01  -15.23166012891803
   1.1800000e+01  -17.22978972891803
   1.1810000e+01  -19.013513628918027
   1.1820000e+01  -20.609663628918028
   1.1830000e+01  -22.075524778918027
   1.1840000e+01  -23.356907028918027
   1.1850000e+01  -24.301879338918027
   1.1860000e+01  -24.830946748918027
   1.1870000e+01  -25.004758990918027
   1.1880000e+01   -24.91767372291803
   1.1890000e+01   -24.61933863291803
   1.1900000e+01   -24.14838196791803
   1.1910000e+01   -23.55846930791803
   1.1920000e+01   -22.91020238291803
   1.1930000e+01   -22.29263534791803
   1.1940000e+01   -21.79592077291803
   1.1950000e+01   -21.374627727918032
   1.1960000e+01   -20.819284992918032
   1.1970000e+01   -20.004513112918033
   1.1980000e+01   -19.114037457918034
   1.1990000e+01   -18.463549732918032
   1.2000000e+01   -18.12170535791803
   1.2010000e+01   -17.86632949791803
   1.2020000e+01   -17.529446602918032
   1.2030000e+01   -17.22223535291803
   1.2040000e+01  -17.13229328391803
   1.2050000e+01  -17.20810237491803
   1.2060000e+01   -17.187544919918032
   1.2070000e+01   -16.935905544918032
   1.2080000e+01   -16.62976267991803
   1.2090000e+01  -16.52880814191803
   1.2100000e+01  -16.64412731391803
   1.2110000e+01  -16.75759785241803
   1.2120000e+01   -16.74077079041803
   1.2130000e+01   -16.694065548418028
   1.2140000e+01  -16.731814465918028
   1.2150000e+01  -16.78606864491803
   1.2160000e+01   -16.719230119918027
   1.2170000e+01   -16.519179624918028
   1.2180000e+01   -16.28002575491803
   1.2190000e+01   -16.06755512491803
   1.2200000e+01   -15.88494280491803
   1.2210000e+01   -15.69619848491803
   1.2220000e+01   -15.41394973991803
   1.2230000e+01   -14.94238225491803
   1.2240000e+01   -14.29357819491803
   1.2250000e+01   -13.57557633991803
   1.2260000e+01   -12.80998426991803
   1.2270000e+01   -11.867622809918029
   1.2280000e+01   -10.662486509918029
   1.2290000e+01   -9.30855125991803
   1.2300000e+01   -7.98758655991803
   1.2310000e+01   -6.741171209918029
   1.2320000e+01   -5.497407109918029
   1.2330000e+01   -4.247698359918029
   1.2340000e+01   -3.0860621099180294
   1.2350000e+01   -2.0831165799180296
   1.2360000e+01   -1.2030044249180296
   1.2370000e+01   -0.36052324991802953
   1.2380000e+01   0.48314290008197047
   1.2390000e+01   1.2995745350819705
   1.2400000e+01   2.0523449100819704
   1.2410000e+01   2.7626508400819705
   1.2420000e+01   3.5056970450819707
   1.2430000e+01   4.341021445081971
   1.2440000e+01   5.266240140081971
   1.2450000e+01   6.245078685081971
   1.2460000e+01   7.238281155081971
   1.2470000e+01   8.17424104508197
   1.2480000e+01   8.940062215081971
   1.2490000e+01   9.47730868508197
   1.2500000e+01   9.868755310081971
   1.2510000e+01   10.24847890008197
   1.2520000e+01   10.62366318008197
   1.2530000e+01   10.87016283008197
   1.2540000e+01  10.92203342908197
   1.2550000e+01  10.86956193208197
   1.2560000e+01  10.81859725408197
   1.2570000e+01  10.74186858708197
   1.2580000e+01  10.55453073708197
   1.2590000e+01  10.27024561708197
   1.2600000e+01  9.971267322081971
   1.2610000e+01  9.65710366208197
   1.2620000e+01  9.247095062081971
   1.2630000e+01  8.737863992081971
   1.2640000e+01  8.234174372081972
   1.2650000e+01  7.778181012081972
   1.2660000e+01  7.253039747081972
   1.2670000e+01  6.532076302081972
   1.2680000e+01  5.649112327081972
   1.2690000e+01  4.730860572081972
   1.2700000e+01  3.8098270270819716
   1.2710000e+01  2.8084610320819716
   1.2720000e+01  1.6953162320819715
   1.2730000e+01  0.5543287820819716
   1.2740000e+01  -0.5263744179180285
   1.2750000e+01  -1.5618132179180286
   1.2760000e+01  -2.6306290679180284
   1.2770000e+01  -3.7749706179180285
   1.2780000e+01  -4.970835267918028
   1.2790000e+01  -6.163453167918028
   1.2800000e+01  -7.300060567918028
   1.2810000e+01  -8.344235737918028
   1.2820000e+01  -9.280206107918028
   1.2830000e+01  -10.100954217918028
   1.2840000e+01  -10.79512262291803
   1.2850000e+01  -11.359221327918029
   1.2860000e+01  -11.809390677918028
   1.2870000e+01  -12.151320957918028
   1.2880000e+01  -12.350243417918028
   1.2890000e+01   -12.374835634918028
   1.2900000e+01   -12.269768431918028
   1.2910000e+01   -12.129339316918028
   1.2920000e+01   -11.975620796918028
   1.2930000e+01   -11.708281841918028
   1.2940000e+01   -11.213930001918028
   1.2950000e+01   -10.496410441918028
   1.2960000e+01   -9.656206411918028
   1.2970000e+01   -8.758916136918028
   1.2980000e+01   -7.776498421918028
   1.2990000e+01   -6.6627147719180275
   1.3000000e+01   -5.430590421918027
   1.3010000e+01   -4.1157110219180275
   1.3020000e+01   -2.699308471918027
   1.3030000e+01   -1.1350941719180272
   1.3040000e+01   0.5474397780819729
   1.3050000e+01   2.239708228081973
   1.3060000e+01   3.8859160780819733
   1.3070000e+01   5.550782828081973
   1.3080000e+01   7.301097828081973
   1.3090000e+01   9.081078978081973
   1.3100000e+01   10.780919578081972
   1.3110000e+01   12.380152528081972
   1.3120000e+01   13.938816178081971
   1.3130000e+01   15.492848278081972
   1.3140000e+01   17.053828928081973
   1.3150000e+01   18.661617828081972
   1.3160000e+01   20.308981228081972
   1.3170000e+01   21.83610812808197
   1.3180000e+01   23.03393365808197
   1.3190000e+01   23.85737319808197
   1.3200000e+01   24.42153026308197
   1.3210000e+01   24.79290855308197
   1.3220000e+01  24.92301573658197
   1.3230000e+01  24.81407335008197
   1.3240000e+01  24.61612351508197
   1.3250000e+01  24.49274424208197
   1.3260000e+01   24.46583431738197
   1.3270000e+01  24.42989774168197
   1.3280000e+01  24.25164545268197
   1.3290000e+01  23.84084666268197
   1.3300000e+01  23.21520411268197
   1.3310000e+01  22.53451057768197
   1.3320000e+01  21.990984632681972
   1.3330000e+01  21.62004883268197
   1.3340000e+01  21.287721157681972
   1.3350000e+01  20.903196307681974
   1.3360000e+01  20.556671522681974
   1.3370000e+01  20.375372967681972
   1.3380000e+01  20.31868564868197
   1.3390000e+01  20.22247349468197
   1.3400000e+01  20.011578129681972
   1.3410000e+01  19.750947749681973
   1.3420000e+01  19.477424169681974
   1.3430000e+01  19.093688764681975
   1.3440000e+01  18.486617064681976
   1.3450000e+01  17.676717269681976
   1.3460000e+01  16.774283669681978
   1.3470000e+01  15.820351684681977
   1.3480000e+01  14.744547019681978
   1.3490000e+01  13.483981119681978
   1.3500000e+01  12.087665269681978
   1.3510000e+01  10.667657869681978
   1.3520000e+01  9.264723069681978
   1.3530000e+01  7.807582569681978
   1.3540000e+01  6.230979919681978
   1.3550000e+01  4.605195419681978
   1.3560000e+01  3.093830819681978
   1.3570000e+01  1.7839786696819782
   1.3580000e+01  0.6193984696819781
   1.3590000e+01  -0.48308348031802195
   1.3600000e+01  -1.522150520318022
   1.3610000e+01  -2.455169640318022
   1.3620000e+01  -3.286404190318022
   1.3630000e+01  -4.058724290318022
   1.3640000e+01  -4.809850750318022
   1.3650000e+01  -5.584162005318022
   1.3660000e+01  -6.429329910318022
   1.3670000e+01  -7.327122015318022
   1.3680000e+01  -8.182426480318021
   1.3690000e+01  -8.933564400318021
   1.3700000e+01  -9.619783000318021
   1.3710000e+01  -10.294485095318022
   1.3720000e+01  -10.940769760318021
   1.3730000e+01  -11.530254380318022
   1.3740000e+01  -12.088177500318022
   1.3750000e+01  -12.616548930318022
   1.3760000e+01  -13.014303150318021
   1.3770000e+01  -13.170847749818021
   1.3780000e+01   -13.103098534318022
   1.3790000e+01   -12.913630479318021
   1.3800000e+01   -12.646158419318022
   1.3810000e+01   -12.272292239318022
   1.3820000e+01   -11.797196369318021
   1.3830000e+01   -11.282664749318021
   1.3840000e+01   -10.769845794318021
   1.3850000e+01   -10.263947029318022
   1.3860000e+01   -9.795039084318022
   1.3870000e+01   -9.408742629318022
   1.3880000e+01   -9.082695234318022
   1.3890000e+01   -8.722807164318022
   1.3900000e+01   -8.260664429318021
   1.3910000e+01   -7.713647914318021
   1.3920000e+01   -7.166421769318021
   1.3930000e+01   -6.743965784318021
   1.3940000e+01   -6.559933929818022
   1.3950000e+01  -6.609361610318022
   1.3960000e+01  -6.7454258303180215
   1.3970000e+01  -6.847412856818021
   1.3980000e+01  -6.973002028318021
   1.3990000e+01  -7.248541798318021
   1.4000000e+01  -7.652876118318021
   1.4010000e+01  -8.031755808318021
   1.4020000e+01  -8.305526903318022
   1.4030000e+01  -8.535302638318022
   1.4040000e+01  -8.772432703318023
   1.4050000e+01  -8.950835208318022
   1.4060000e+01   -8.968252763318022
   1.4070000e+01   -8.813815238318021
   1.4080000e+01   -8.579424158318021
   1.4090000e+01   -8.364106048318021
   1.4100000e+01   -8.180901233318021
   1.4110000e+01   -7.962792823318021
   1.4120000e+01   -7.670580648318021
   1.4130000e+01   -7.380695163318021
   1.4140000e+01   -7.239075303318021
   1.4150000e+01  -7.341160453318021
   1.4160000e+01  -7.679819768318021
   1.4170000e+01  -8.176332043318022
   1.4180000e+01  -8.722550748318021
   1.4190000e+01  -9.232278058318022
   1.4200000e+01  -9.70635574331802
   1.4210000e+01  -10.21804562831802
   1.4220000e+01  -10.78500591831802
   1.4230000e+01  -11.294422228318021
   1.4240000e+01  -11.618492973318022
   1.4250000e+01  -11.771727733318022
   1.4260000e+01  -11.876194178318022
   1.4270000e+01  -11.983243643318021
   1.4280000e+01   -12.012648250318021
   1.4290000e+01   -11.88484881231802
   1.4300000e+01   -11.636557087318021
   1.4310000e+01   -11.35261155231802
   1.4320000e+01   -11.03122031231802
   1.4330000e+01   -10.59200083231802
   1.4340000e+01   -10.01171280731802
   1.4350000e+01   -9.38063367731802
   1.4360000e+01   -8.79633207231802
   1.4370000e+01   -8.25084230231802
   1.4380000e+01   -7.66720641231802
   1.4390000e+01   -7.0242472923180195
   1.4400000e+01   -6.3968803623180195
   1.4410000e+01   -5.867542082318019
   1.4420000e+01   -5.433931662318019
   1.4430000e+01   -5.030018962318019
   1.4440000e+01   -4.619658262318019
   1.4450000e+01   -4.229230892318019
   1.4460000e+01   -3.885478622318019
   1.4470000e+01   -3.572237722318019
   1.4480000e+01   -3.279406852318019
   1.4490000e+01   -3.046358412318019
   1.4500000e+01   -2.900520112318019
   1.4510000e+01   -2.785061172318019
   1.4520000e+01   -2.615684042318019
   1.4530000e+01   -2.395736947318019
   1.4540000e+01   -2.2081251823180192
   1.4550000e+01   -2.0942598688180194
   1.4560000e+01   -2.0021606353180195
   1.4570000e+01   -1.8612171353180194
   1.4580000e+01   -1.6544907053180193
   1.4590000e+01   -1.4012241403180195
   1.4600000e+01   -1.1041441353180195
   1.4610000e+01   -0.7295599853180195
   1.4620000e+01   -0.22644079031801945
   1.4630000e+01   0.42872386468198054
   1.4640000e+01   1.1922520246819803
   1.4650000e+01   1.9755487246819803
   1.4660000e+01   2.7288662546819804
   1.4670000e+01   3.4879480046819804
   1.4680000e+01   4.31542617968198
   1.4690000e+01   5.21448284968198
   1.4700000e+01   6.1315576546819806
   1.4710000e+01   7.029985914681981
   1.4720000e+01   7.917194044681981
   1.4730000e+01   8.78789086468198
   1.4740000e+01   9.56818255468198
   1.4750000e+01   10.143629189681981
   1.4760000e+01   10.45803670968198
   1.4770000e+01   10.59131489268198
   1.4780000e+01   10.72148943068198
   1.4790000e+01   10.972906590681982
   1.4800000e+01   11.299001705681981
   1.4810000e+01   11.55507612568198
   1.4820000e+01   11.69196223818198
   1.4830000e+01   11.818899300681979
   1.4840000e+01   12.055724925681979
   1.4850000e+01   12.40046706068198
   1.4860000e+01   12.79154950068198
   1.4870000e+01   13.22116223068198
   1.4880000e+01   13.70682441568198
   1.4890000e+01   14.20879733568198
   1.4900000e+01   14.664714180681981
   1.4910000e+01   15.070576610681982
   1.4920000e+01   15.452619690681983
   1.4930000e+01   15.794490375681983
   1.4940000e+01   16.059318160681983
   1.4950000e+01   16.24352720068198
   1.4960000e+01   16.34732198018198
   1.4970000e+01  16.34285203518198
   1.4980000e+01  16.237546275681982
   1.4990000e+01  16.113747185681984
   1.5000000e+01  16.031623102181985
   1.5010000e+01  15.941612638681985
   1.5020000e+01  15.766653668681984
   1.5030000e+01  15.526731828681985
   1.5040000e+01  15.307965808681985
   1.5050000e+01  15.144131173681984
   1.5060000e+01  14.999141083681984
   1.5070000e+01  14.841302638681984
   1.5080000e+01  14.672298873681985
   1.5090000e+01  14.495484293681985
   1.5100000e+01  14.300081543681985
   1.5110000e+01  14.068144333681985
   1.5120000e+01  13.774170443681985
   1.5130000e+01  13.397632548681985
   1.5140000e+01  12.953778103681985
   1.5150000e+01  12.488253873681986
   1.5160000e+01  12.025824103681986
   1.5170000e+01  11.545935578681986
   1.5180000e+01  11.016244888681985
   1.5190000e+01  10.425579668681985
   1.5200000e+01  9.780653423681985
   1.5210000e+01  9.099058623681984
   1.5220000e+01  8.410986613681985
   1.5230000e+01  7.741720393681985
   1.5240000e+01  7.085228063681985
   1.5250000e+01  6.412118468681985
   1.5260000e+01  5.7045183786819855
   1.5270000e+01  4.971475953681986
   1.5280000e+01  4.239219168681986
   1.5290000e+01  3.541458368681986
   1.5300000e+01  2.907142233681986
   1.5310000e+01  2.338397128681986
   1.5320000e+01  1.809329003681986
   1.5330000e+01  1.305060668681986
   1.5340000e+01  0.8564039136819859
   1.5350000e+01  0.5208211586819859
   1.5360000e+01  0.3318564136819858
   1.5370000e+01   0.2758967327819858
   1.5380000e+01   0.3123565693819858
   1.5390000e+01   0.4053032868819858
   1.5400000e+01   0.5352303118819858
   1.5410000e+01   0.6885233818819858
   1.5420000e+01   0.8446772118819859
   1.5430000e+01   0.9782892518819859
   1.5440000e+01   1.068511262881986
   1.5450000e+01  1.100250609096986
   1.5460000e+01  1.0641538633119858
   1.5470000e+01  0.9679346073119858
   1.5480000e+01  0.8394105773119858
   1.5490000e+01  0.7006114523119857
   1.5500000e+01  0.5473010223119857
   1.5510000e+01  0.37715035731198576
   1.5520000e+01  0.22905453231198575
   1.5530000e+01  0.16157072931198574
   1.5540000e+01   0.19223217881198573
   1.5550000e+01   0.28895605631198573
   1.5560000e+01   0.41997215131198573
   1.5570000e+01   0.5735369013119858
   1.5580000e+01   0.7222244463119858
   1.5590000e+01   0.8100800438119857
   1.5600000e+01  0.7936050373119857
   1.5610000e+01  0.6631586883119858
   1.5620000e+01  0.41245635831198574
   1.5630000e+01  0.032351683311985735
   1.5640000e+01  -0.43905936168801424
   1.5650000e+01  -0.9076843966880143
   1.5660000e+01  -1.3115959316880144
   1.5670000e+01  -1.6877495466880144
   1.5680000e+01  -2.1038111466880145
   1.5690000e+01  -2.5530165266880145
   1.5700000e+01  -2.9783664916880146
   1.5710000e+01  -3.3836501866880146
   1.5720000e+01  -3.844436111688015
   1.5730000e+01  -4.400055041688015
   1.5740000e+01  -5.004898301688015
   1.5750000e+01  -5.610400901688015
   1.5760000e+01  -6.230962876688015
   1.5770000e+01  -6.892431341688015
   1.5780000e+01  -7.571240241688015
   1.5790000e+01  -8.231953416688015
   1.5800000e+01  -8.883108166688015
   1.5810000e+01  -9.545025071688015
   1.5820000e+01  -10.191325126688014
   1.5830000e+01  -10.771939191688015
   1.5840000e+01  -11.277710356688015
   1.5850000e+01  -11.743037906688015
   1.5860000e+01  -12.199487416688015
   1.5870000e+01  -12.659857196688016
   1.5880000e+01  -13.131746861688017
   1.5890000e+01  -13.614534206688017
   1.5900000e+01  -14.094764061688016
   1.5910000e+01  -14.567871266688016
   1.5920000e+01  -15.047320281688016
   1.5930000e+01  -15.531919971688016
   1.5940000e+01  -15.988677291688015
   1.5950000e+01  -16.392585786688016
   1.5960000e+01  -16.756714406688015
   1.5970000e+01  -17.094281046688014
   1.5980000e+01  -17.378584821688015
   1.5990000e+01  -17.576261596688017
   1.6000000e+01  -17.698608845188016
   1.6010000e+01  -17.782431243188014
   1.6020000e+01  -17.835547723688016
   1.6030000e+01   -17.836911067688018
   1.6040000e+01   -17.77957889768802
   1.6050000e+01   -17.68339546968802
   1.6060000e+01   -17.57730497968802
   1.6070000e+01   -17.49413223268802
   1.6080000e+01   -17.46185944923802
   1.6090000e+01  -17.46834779828802
   1.6100000e+01   -17.456098517788018
   1.6110000e+01   -17.389401071288017
   1.6120000e+01   -17.308178544788017
   1.6130000e+01  -17.274314973273018
   1.6140000e+01  -17.281905619758017
   1.6150000e+01   -17.271447926758018
   1.6160000e+01   -17.22670715925802
   1.6170000e+01  -17.20082858250802
   1.6180000e+01  -17.23331983625802
   1.6190000e+01  -17.29091887525802
   1.6200000e+01  -17.319843231158018
   1.6210000e+01   -17.321229196858017
   1.6220000e+01  -17.333675054658016
   1.6230000e+01  -17.352860265158018
   1.6240000e+01   -17.310069183158017
   1.6250000e+01   -17.146001857658018
   1.6260000e+01   -16.882767657658018
   1.6270000e+01   -16.59551878265802
   1.6280000e+01   -16.31791166265802
   1.6290000e+01   -16.00762141265802
   1.6300000e+01   -15.617625917658017
   1.6310000e+01   -15.169218362658018
   1.6320000e+01   -14.722751877658018
   1.6330000e+01   -14.299444732658017
   1.6340000e+01   -13.877946727658017
   1.6350000e+01   -13.458143857658017
   1.6360000e+01   -13.074007132658018
   1.6370000e+01   -12.737567197658018
   1.6380000e+01   -12.423664277658018
   1.6390000e+01   -12.125115337658018
   1.6400000e+01   -11.869330317658019
   1.6410000e+01   -11.65427109265802
   1.6420000e+01   -11.41644189765802
   1.6430000e+01   -11.09674271265802
   1.6440000e+01   -10.69920645765802
   1.6450000e+01   -10.25029494265802
   1.6460000e+01   -9.73783020765802
   1.6470000e+01   -9.13355478265802
   1.6480000e+01   -8.44989396265802
   1.6490000e+01   -7.72790640765802
   1.6500000e+01   -6.9794599976580205
   1.6510000e+01   -6.18149774765802
   1.6520000e+01   -5.32873577265802
   1.6530000e+01   -4.45997142265802
   1.6540000e+01   -3.61825889265802
   1.6550000e+01   -2.8005555776580198
   1.6560000e+01   -1.96504040765802
   1.6570000e+01   -1.08999002265802
   1.6580000e+01   -0.2110308726580199
   1.6590000e+01   0.61396712734198
   1.6600000e+01   1.36956512734198
   1.6610000e+01   2.0898936223419797
   1.6620000e+01   2.79908183234198
   1.6630000e+01   3.47194266234198
   1.6640000e+01   4.06998695734198
   1.6650000e+01   4.59412533734198
   1.6660000e+01   5.07679022234198
   1.6670000e+01   5.53530431734198
   1.6680000e+01   5.96045105734198
   1.6690000e+01   6.34494445234198
   1.6700000e+01   6.69484043734198
   1.6710000e+01   7.0109046623419795
   1.6720000e+01   7.2820482373419795
   1.6730000e+01   7.4992827373419795
   1.6740000e+01   7.653996322341979
   1.6750000e+01   7.724215358341979
   1.6760000e+01  7.694062675341979
   1.6770000e+01  7.592640356341979
   1.6780000e+01  7.4802863463419795
   1.6790000e+01  7.38528412634198
   1.6800000e+01  7.28885514634198
   1.6810000e+01  7.18609703134198
   1.6820000e+01  7.1184792793419795
   1.6830000e+01   7.119452907841979
   1.6840000e+01   7.171279719341979
   1.6850000e+01   7.255757495341979
   1.6860000e+01   7.409460620341979
   1.6870000e+01   7.674026015341979
   1.6880000e+01   8.014709810341978
   1.6890000e+01   8.351155545341978
   1.6900000e+01   8.668890015341978
   1.6910000e+01   9.044723155341977
   1.6920000e+01   9.547222375341978
   1.6930000e+01   10.156451255341977
   1.6940000e+01   10.801292150341977
   1.6950000e+01   11.433144665341977
   1.6960000e+01   12.029305810341977
   1.6970000e+01   12.557149335341977
   1.6980000e+01   12.984402570341977
   1.6990000e+01   13.317068030341977
   1.7000000e+01   13.585588165341976
   1.7010000e+01   13.791515590341977
   1.7020000e+01   13.903053206341976
   1.7030000e+01  13.908958071841976
   1.7040000e+01  13.843820381341976
   1.7050000e+01  13.748724721341976
   1.7060000e+01  13.633453361341976
   1.7070000e+01  13.488265271341977
   1.7080000e+01  13.309006076341976
   1.7090000e+01  13.099886521341976
   1.7100000e+01  12.872235346341975
   1.7110000e+01  12.648340396341975
   1.7120000e+01  12.446348416341975
   1.7130000e+01  12.256653101341975
   1.7140000e+01  12.054806796341975
   1.7150000e+01  11.839448711341975
   1.7160000e+01  11.630785061341975
   1.7170000e+01  11.429483656341974
   1.7180000e+01  11.212420946341974
   1.7190000e+01  10.982880941341973
   1.7200000e+01  10.791459171341973
   1.7210000e+01  10.682900586841972
   1.7220000e+01  10.646486549341972
   1.7230000e+01   10.645918218441972
   1.7240000e+01   10.678765175541972
   1.7250000e+01   10.772393080541972
   1.7260000e+01   10.927366295541972
   1.7270000e+01   11.097248410541972
   1.7280000e+01   11.230540745541973
   1.7290000e+01   11.309700591041972
   1.7300000e+01   11.338386968091973
   1.7310000e+01  11.306083013641972
   1.7320000e+01  11.180955792641972
   1.7330000e+01  10.937088367641973
   1.7340000e+01  10.583011427641972
   1.7350000e+01  10.159985827641972
   1.7360000e+01  9.708329862641971
   1.7370000e+01  9.23627100264197
   1.7380000e+01  8.730220392641971
   1.7390000e+01  8.19486427764197
   1.7400000e+01  7.664765547641971
   1.7410000e+01  7.165173427641971
   1.7420000e+01  6.676618642641971
   1.7430000e+01  6.156456752641971
   1.7440000e+01  5.588335327641971
   1.7450000e+01  4.992992507641971
   1.7460000e+01  4.392258122641971
   1.7470000e+01  3.7785947676419713
   1.7480000e+01  3.125963447641971
   1.7490000e+01  2.423899147641971
   1.7500000e+01  1.6952237726419712
   1.7510000e+01  0.9802910826419712
   1.7520000e+01  0.3088394126419711
   1.7530000e+01  -0.30325735735802883
   1.7540000e+01  -0.8273938873580288
   1.7550000e+01  -1.2093796173580287
   1.7560000e+01  -1.4033396093580286
   1.7570000e+01   -1.4153919953580285
   1.7580000e+01   -1.2938384843580284
   1.7590000e+01   -1.0715928443580283
   1.7600000e+01   -0.7354311643580282
   1.7610000e+01   -0.2635095343580282
   1.7620000e+01   0.31731116564197187
   1.7630000e+01   0.929365075641972
   1.7640000e+01   1.504943140641972
   1.7650000e+01   2.039190865641972
   1.7660000e+01   2.568128795641972
   1.7670000e+01   3.093958515641972
   1.7680000e+01   3.551024280641972
   1.7690000e+01   3.8581606356419718
   1.7700000e+01   3.9890384826419716
   1.7710000e+01  3.9733248076419714
   1.7720000e+01  3.8467231806419715
   1.7730000e+01  3.6307784806419714
   1.7740000e+01  3.3510989856419715
   1.7750000e+01  3.0344791956419717
   1.7760000e+01  2.6815534006419717
   1.7770000e+01  2.2753486406419716
   1.7780000e+01  1.8260810206419715
   1.7790000e+01  1.3771399606419714
   1.7800000e+01  0.9560705106419715
   1.7810000e+01  0.5514421906419715
   1.7820000e+01  0.15695694064197147
   1.7830000e+01  -0.18797666935802854
   1.7840000e+01  -0.42618674435802856
   1.7850000e+01  -0.5339323063580286
   1.7860000e+01   -0.5180032188580286
   1.7870000e+01   -0.37085784935802857
   1.7880000e+01   -0.05977866935802856
   1.7890000e+01   0.4284954756419715
   1.7900000e+01   1.0514548956419714
   1.7910000e+01   1.7389647506419714
   1.7920000e+01   2.4522241506419715
   1.7930000e+01   3.1942916956419714
   1.7940000e+01   3.9620795006419716
   1.7950000e+01   4.717087730641971
   1.7960000e+01   5.420265090641971
   1.7970000e+01   6.068732605641971
   1.7980000e+01   6.666356785641971
   1.7990000e+01   7.173616295641971
   1.8000000e+01   7.524632370641971
   1.8010000e+01   7.693569019641971
   1.8020000e+01  7.713643522641971
   1.8030000e+01  7.627594066641971
   1.8040000e+01  7.448182201641972
   1.8050000e+01  7.176777686641971
   1.8060000e+01  6.836519526641971
   1.8070000e+01  6.469584196641971
   1.8080000e+01  6.111018801641971
   1.8090000e+01  5.775950161641971
   1.8100000e+01  5.467111591641971
   1.8110000e+01  5.187677716641971
   1.8120000e+01  4.949855231641972
   1.8130000e+01  4.776658086641972
   1.8140000e+01  4.695164155141972
   1.8150000e+01   4.7243756391419724
   1.8160000e+01   4.867245434641973
   1.8170000e+01   5.114470234641972
   1.8180000e+01   5.4561911646419725
   1.8190000e+01   5.887855919641972
   1.8200000e+01   6.402329099641973
   1.8210000e+01   6.978379894641973
   1.8220000e+01   7.581786014641973
   1.8230000e+01   8.179070419641974
   1.8240000e+01   8.747133264641974
   1.8250000e+01   9.266286389641975
   1.8260000e+01   9.703988489641974
   1.8270000e+01   10.012302584641974
   1.8280000e+01   10.154366659141974
   1.8290000e+01  10.139959065641975
   1.8300000e+01  10.025615732641974
   1.8310000e+01  9.868774537641974
   1.8320000e+01  9.686795107641974
   1.8330000e+01  9.469024957641974
   1.8340000e+01  9.218752347641974
   1.8350000e+01  8.967266527641975
   1.8360000e+01  8.749575607641974
   1.8370000e+01  8.577353247641975
   1.8380000e+01  8.431218457641975
   1.8390000e+01  8.270909602641975
   1.8400000e+01  8.061627042641975
   1.8410000e+01  7.800926457641975
   1.8420000e+01  7.511966647641975
   1.8430000e+01  7.204228957641975
   1.8440000e+01  6.855330157641975
   1.8450000e+01  6.439716192641975
   1.8460000e+01  5.957307527641975
   1.8470000e+01  5.422814837641974
   1.8480000e+01  4.846192067641974
   1.8490000e+01  4.236994722641974
   1.8500000e+01  3.608194437641974
   1.8510000e+01  2.960379057641974
   1.8520000e+01  2.281675687641974
   1.8530000e+01  1.579198722641974
   1.8540000e+01  0.8887998926419739
   1.8550000e+01  0.23253482764197386
   1.8560000e+01  -0.4140588923580262
   1.8570000e+01  -1.087159792358026
   1.8580000e+01  -1.781504897358026
   1.8590000e+01  -2.457170652358026
   1.8600000e+01  -3.087037177358026
   1.8610000e+01  -3.667696527358026
   1.8620000e+01  -4.186964822358026
   1.8630000e+01  -4.611036267358026
   1.8640000e+01  -4.913006502358026
   1.8650000e+01  -5.095270217358026
   1.8660000e+01  -5.175403991358026
   1.8670000e+01   -5.167498238358026
   1.8680000e+01   -5.091390736358026
   1.8690000e+01   -4.986611226358026
   1.8700000e+01   -4.893565631358025
   1.8710000e+01   -4.819248560358025
   1.8720000e+01   -4.741474715858025
   1.8730000e+01   -4.656743948358025
   1.8740000e+01   -4.607419964858025
   1.8750000e+01  -4.644693600358025
   1.8760000e+01  -4.775864290358025
   1.8770000e+01  -4.969706835358025
   1.8780000e+01  -5.207702955358025
   1.8790000e+01  -5.504237420358025
   1.8800000e+01  -5.875037050358024
   1.8810000e+01  -6.311397110358024
   1.8820000e+01  -6.793491720358024
   1.8830000e+01  -7.308218845358025
   1.8840000e+01  -7.843992290358025
   1.8850000e+01  -8.383961520358024
   1.8860000e+01  -8.914204400358024
   1.8870000e+01  -9.429660895358024
   1.8880000e+01  -9.930496305358025
   1.8890000e+01  -10.423686130358025
   1.8900000e+01  -10.925210430358025
   1.8910000e+01  -11.445274060358024
   1.8920000e+01  -11.975122110358024
   1.8930000e+01  -12.506932335358023
   1.8940000e+01  -13.061675840358022
   1.8950000e+01  -13.670883570358022
   1.8960000e+01  -14.327594180358021
   1.8970000e+01  -14.982913695358022
   1.8980000e+01  -15.605413560358022
   1.8990000e+01  -16.223969405358023
   1.9000000e+01  -16.891632790358024
   1.9010000e+01  -17.617139855358023
   1.9020000e+01  -18.35370318035802
   1.9030000e+01  -19.054198370358023
   1.9040000e+01  -19.71456530035802
   1.9050000e+01  -20.35120151035802
   1.9060000e+01  -20.95166399535802
   1.9070000e+01  -21.467761745358022
   1.9080000e+01  -21.853592080358023
   1.9090000e+01  -22.093943305358025
   1.9100000e+01  -22.195874022858025
   1.9110000e+01   -22.168396422858024
   1.9120000e+01   -22.015271620358025
   1.9130000e+01   -21.738636910358025
   1.9140000e+01   -21.346626130358025
   1.9150000e+01   -20.860062855358024
   1.9160000e+01   -20.304912815358023
   1.9170000e+01   -19.691477165358023
   1.9180000e+01   -19.011700675358025
   1.9190000e+01   -18.268062525358026
   1.9200000e+01   -17.493231215358026
   1.9210000e+01   -16.726906840358026
   1.9220000e+01   -15.986597655358027
   1.9230000e+01   -15.280683065358026
   1.9240000e+01   -14.637817490358026
   1.9250000e+01   -14.096547555358026
   1.9260000e+01   -13.668904115358025
   1.9270000e+01   -13.338545460358025
   1.9280000e+01   -13.095191455358025
   1.9290000e+01   -12.945797413858024
   1.9300000e+01   -12.883704720858024
   1.9310000e+01   -12.868633885908023
   1.9320000e+01   -12.854196922958023
   1.9330000e+01   -12.824599570958023
   1.9340000e+01   -12.788306397458022
   1.9350000e+01   -12.742067771458023
   1.9360000e+01   -12.660400376458023
   1.9370000e+01   -12.522774906458023
   1.9380000e+01   -12.333878576458023
   1.9390000e+01   -12.107596096458023
   1.9400000e+01   -11.841917581458024
   1.9410000e+01   -11.519416966458024
   1.9420000e+01   -11.124448876458024
   1.9430000e+01   -10.651058336458023
   1.9440000e+01   -10.101314471458023
   1.9450000e+01   -9.484308936458023
   1.9460000e+01   -8.810889916458022
   1.9470000e+01   -8.084203291458023
   1.9480000e+01   -7.303016201458023
   1.9490000e+01   -6.476878836458023
   1.9500000e+01   -5.6271883564580225
   1.9510000e+01   -4.773313771458023
   1.9520000e+01   -3.9362649914580228
   1.9530000e+01   -3.1607037714580226
   1.9540000e+01   -2.5086269864580224
   1.9550000e+01   -2.0116859714580224
   1.9560000e+01   -1.6418823664580224
   1.9570000e+01   -1.3479065814580224
   1.9580000e+01   -1.1146396364580224
   1.9590000e+01   -0.9700983269580224
   1.9600000e+01  -0.9339838544580225
   1.9610000e+01  -0.9745698284580224
   1.9620000e+01  -1.0264365459580225
   1.9630000e+01  -1.0476639613580225
   1.9640000e+01  -1.0490602800280224
   1.9650000e+01  -1.0618720797980223
   1.9660000e+01  -1.0879164192980224
   1.9670000e+01   -1.0985307767980224
   1.9680000e+01   -1.0786137947980223
   1.9690000e+01   -1.0472333387980224
   1.9700000e+01   -1.0258075327980223
   1.9710000e+01   -1.0053800622980222
   1.9720000e+01   -0.9577768467980222
   1.9730000e+01   -0.8626870957980222
   1.9740000e+01   -0.7105721907980221
   1.9750000e+01   -0.49590891079802213
   1.9760000e+01   -0.22583539079802217
   1.9770000e+01   0.07535976920197779
   1.9780000e+01   0.3849184092019778
   1.9790000e+01   0.6938142992019778
   1.9800000e+01   0.9890732192019778
   1.9810000e+01   1.2395743492019777
   1.9820000e+01   1.4140469042019777
   1.9830000e+01   1.4997387202019776
   1.9840000e+01  1.4923230692019775
   1.9850000e+01  1.3862497172019776
   1.9860000e+01  1.1900881972019777
   1.9870000e+01  0.9324050772019776
   1.9880000e+01  0.6341928672019777
   1.9890000e+01  0.2915828472019776
   1.9900000e+01  -0.09550296279802245
   1.9910000e+01  -0.4903008327980225
   1.9920000e+01  -0.8309281627980225
   1.9930000e+01  -1.0650792227980226
   1.9940000e+01  -1.1638234077980225
   1.9950000e+01   -1.1182123627980225
   1.9960000e+01   -0.9385219327980225
   1.9970000e+01   -0.6465718077980225
   1.9980000e+01   -0.25510175779802247
   1.9990000e+01   0.2403877472019776
   2.0000000e+01   0.8443663172019775
   2.0010000e+01   1.5441846672019774
   2.0020000e+01   2.3120746822019775
   2.0030000e+01   3.1122921672019777
   2.0040000e+01   3.9041735322019777
   2.0050000e+01   4.652636552201978
   2.0060000e+01   5.341966902201977
   2.0070000e+01   5.969579572201978
   2.0080000e+01   6.5254606722019775
   2.0090000e+01   6.994123757201978
   2.0100000e+01   7.381994557201978
   2.0110000e+01   7.7224464272019775
   2.0120000e+01   8.037669722201978
   2.0130000e+01   8.310170907201977
   2.0140000e+01   8.513533897201977
   2.0150000e+01   8.662203707201977
   2.0160000e+01   8.802722852201978
   2.0170000e+01   8.953971587201977
   2.0180000e+01   9.085486552201976
   2.0190000e+01   9.168998867701976
   2.0200000e+01   9.226765161701977
   2.0210000e+01   9.303818842701977
   2.0220000e+01   9.405211985201976
   2.0230000e+01   9.488554220701976
   2.0240000e+01  9.516991395351976
   2.0250000e+01  9.494761482001977
   2.0260000e+01  9.445332817501976
   2.0270000e+01  9.376855218501976
   2.0280000e+01  9.283171221501977
   2.0290000e+01  9.165742486501976
   2.0300000e+01  9.037916756501977
   2.0310000e+01  8.910398856501976
   2.0320000e+01  8.785284616501976
   2.0330000e+01  8.668414716501976
   2.0340000e+01  8.581746935501977
   2.0350000e+01   8.555653924501977
   2.0360000e+01   8.603235159501978
   2.0370000e+01   8.703153899501977
   2.0380000e+01   8.816334714501977
   2.0390000e+01   8.923583754501976
   2.0400000e+01   9.038616099501976
   2.0410000e+01   9.179943759501976
   2.0420000e+01   9.343258584501976
   2.0430000e+01   9.511435289501977
   2.0440000e+01   9.676301789501977
   2.0450000e+01   9.832542399501977
   2.0460000e+01   9.962665409501977
   2.0470000e+01   10.052623928001976
   2.0480000e+01   10.117654713001976
   2.0490000e+01   10.188165905001975
   2.0500000e+01   10.268849261501975
   2.0510000e+01   10.333503348501974
   2.0520000e+01   10.364908273001975
   2.0530000e+01   10.379979145501975
   2.0540000e+01   10.405338671001976
   2.0550000e+01   10.441868428001976
   2.0560000e+01   10.467025719001976
   2.0570000e+01  10.466975050001976
   2.0580000e+01  10.453456688001976
   2.0590000e+01  10.445357439251977
   2.0600000e+01  10.440775180051977
   2.0610000e+01  10.415343039601977
   2.0620000e+01  10.348865861601977
   2.0630000e+01  10.247386686101978
   2.0640000e+01  10.134163301101978
   2.0650000e+01  10.021831076101979
   2.0660000e+01  9.89997419610198
   2.0670000e+01  9.75159778110198
   2.0680000e+01  9.57631657110198
   2.0690000e+01  9.39070302610198
   2.0700000e+01  9.20573753610198
   2.0710000e+01  9.01168656610198
   2.0720000e+01  8.79116489110198
   2.0730000e+01  8.54197275610198
   2.0740000e+01  8.278421331101981
   2.0750000e+01  8.01273005110198
   2.0760000e+01  7.745267756101981
   2.0770000e+01  7.473921331101981
   2.0780000e+01  7.203492776101982
   2.0790000e+01  6.941019951101982
   2.0800000e+01  6.686318266101982
   2.0810000e+01  6.431505411101982
   2.0820000e+01  6.169956251101982
   2.0830000e+01  5.904955366101982
   2.0840000e+01  5.648386211101982
   2.0850000e+01  5.409660451101981
   2.0860000e+01  5.187399001101981
   2.0870000e+01  4.973310041101981
   2.0880000e+01  4.760958076101981
   2.0890000e+01  4.549376661101981
   2.0900000e+01  4.344126656101981
   2.0910000e+01  4.1563780611019805
   2.0920000e+01  3.9909625811019804
   2.0930000e+01  3.8323018211019804
   2.0940000e+01  3.6563498661019804
   2.0950000e+01  3.4627703511019803
   2.0960000e+01  3.27803611610198
   2.0970000e+01  3.11572457110198
   2.0980000e+01  2.95213185110198
   2.0990000e+01  2.75777537110198
   2.1000000e+01  2.5363491661019797
   2.1010000e+01  2.3103350111019796
   2.1020000e+01  2.0801043211019796
   2.1030000e+01  1.8248055211019796
   2.1040000e+01  1.5421833561019795
   2.1050000e+01  1.2614935511019796
   2.1060000e+01  1.0081424361019795
   2.1070000e+01  0.7727571661019794
   2.1080000e+01  0.5273347011019794
   2.1090000e+01  0.26217327610197944
   2.1100000e+01  -0.006819273898020561
   2.1110000e+01  -0.26584164389802056
   2.1120000e+01  -0.5264279938980205
   2.1130000e+01  -0.8146759988980206
   2.1140000e+01  -1.1410092288980205
   2.1150000e+01  -1.4869808238980204
   2.1160000e+01  -1.8226118788980206
   2.1170000e+01  -2.1311436288980206
   2.1180000e+01  -2.4135432538980206
   2.1190000e+01  -2.6753988888980205
   2.1200000e+01  -2.9192515088980207
   2.1210000e+01  -3.1477622288980207
   2.1220000e+01  -3.3605827888980206
   2.1230000e+01  -3.5419974138980206
   2.1240000e+01  -3.6627837628980204
   2.1250000e+01  -3.7045156757780204
   2.1260000e+01   -3.6752126301580206
   2.1270000e+01   -3.5922867056580206
   2.1280000e+01   -3.4590350506580205
   2.1290000e+01   -3.2706354756580205
   2.1300000e+01   -3.0360484506580203
   2.1310000e+01   -2.7783742706580203
   2.1320000e+01   -2.51661477065802
   2.1330000e+01   -2.2614568506580204
   2.1340000e+01   -2.02704235065802
   2.1350000e+01   -1.8311362306580201
   2.1360000e+01   -1.68000278065802
   2.1370000e+01   -1.56257344065802
   2.1380000e+01   -1.46146109315802
   2.1390000e+01   -1.36427528015802
   2.1400000e+01   -1.2682425851580201
   2.1410000e+01   -1.1831756896580201
   2.1420000e+01   -1.12735061965802
   2.1430000e+01  -1.11152904560802
   2.1440000e+01  -1.1282734375580201
   2.1450000e+01  -1.1616275975580201
   2.1460000e+01  -1.2011193305580201
   2.1470000e+01  -1.2397210140580202
   2.1480000e+01  -1.2665499205580202
   2.1490000e+01   -1.2729851753080201
   2.1500000e+01   -1.2622448965580202
   2.1510000e+01   -1.2435615665580202
   2.1520000e+01   -1.2191050575580202
   2.1530000e+01   -1.1834967100580203
   2.1540000e+01   -1.1339446410580203
   2.1550000e+01   -1.0757480415580203
   2.1560000e+01   -1.0193487550580203
   2.1570000e+01   -0.9724963075580203
   2.1580000e+01   -0.9300974565580203
   2.1590000e+01   -0.8729408170580204
   2.1600000e+01   -0.7860635040580204
   2.1610000e+01   -0.6782414440580204
   2.1620000e+01   -0.5707580740580205
   2.1630000e+01   -0.4655356390580205
   2.1640000e+01   -0.3397819140580205
   2.1650000e+01   -0.1765760440580205
   2.1660000e+01   0.0163795759419795
   2.1670000e+01   0.22690625594197952
   2.1680000e+01   0.45968736094197954
   2.1690000e+01   0.7231485109419795
   2.1700000e+01   1.0075858759419796
   2.1710000e+01   1.2910527559419795
   2.1720000e+01   1.5567831059419794
   2.1730000e+01   1.7901848309419794
   2.1740000e+01   1.9681527009419795
   2.1750000e+01   2.0682532659419794
   2.1760000e+01  2.0843659354419795
   2.1770000e+01  2.0223796519419794
   2.1780000e+01  1.8888075089419794
   2.1790000e+01  1.6954403689419792
   2.1800000e+01  1.4638235889419793
   2.1810000e+01  1.2084698339419793
   2.1820000e+01  0.9238556739419792
   2.1830000e+01  0.6029684939419793
   2.1840000e+01  0.2572716239419792
   2.1850000e+01  -0.10042139105802078
   2.1860000e+01  -0.48051484605802075
   2.1870000e+01  -0.8990549610580207
   2.1880000e+01  -1.3426686960580207
   2.1890000e+01  -1.7768605060580207
   2.1900000e+01  -2.1857302460580206
   2.1910000e+01  -2.5779064010580206
   2.1920000e+01  -2.9553155110580205
   2.1930000e+01  -3.3046048360580205
   2.1940000e+01  -3.6227942210580206
   2.1950000e+01  -3.9237754960580205
   2.1960000e+01  -4.21187432105802
   2.1970000e+01  -4.47446214605802
   2.1980000e+01  -4.71117340605802
   2.1990000e+01  -4.94703579105802
   2.2000000e+01  -5.202881336058019
   2.2010000e+01  -5.47106911105802
   2.2020000e+01  -5.73252161605802
   2.2030000e+01  -5.97979745105802
   2.2040000e+01  -6.21029674105802
   2.2050000e+01  -6.41319868605802
   2.2060000e+01  -6.57693412605802
   2.2070000e+01  -6.69560885405802
   2.2080000e+01  -6.75655439605802
   2.2090000e+01   -6.737714455058019
   2.2100000e+01   -6.632032620058019
   2.2110000e+01   -6.461366155058019
   2.2120000e+01   -6.252595245058019
   2.2130000e+01   -6.012113520058018
   2.2140000e+01   -5.736481775058018
   2.2150000e+01   -5.4342654950580185
   2.2160000e+01   -5.120134160058019
   2.2170000e+01   -4.795921950058019
   2.2180000e+01   -4.453792015058019
   2.2190000e+01   -4.093396575058019
   2.2200000e+01   -3.7216158050580193
   2.2210000e+01   -3.337307340058019
   2.2220000e+01   -2.9289556400580192
   2.2230000e+01   -2.4892416900580194
   2.2240000e+01   -2.0238504250580194
   2.2250000e+01   -1.5441779950580194
   2.2260000e+01   -1.0584693800580194
   2.2270000e+01   -0.5741283750580194
   2.2280000e+01   -0.10353273505801935
   2.2290000e+01   0.33927998994198066
   2.2300000e+01   0.7464582749419806
   2.2310000e+01   1.1144902799419807
   2.2320000e+01   1.4355206099419808
   2.2330000e+01   1.7004996649419808
   2.2340000e+01   1.9148662449419809
   2.2350000e+01   2.1017285049419807
   2.2360000e+01   2.2824103649419807
   2.2370000e+01   2.460648769941981
   2.2380000e+01   2.631982529941981
   2.2390000e+01   2.7996856999419806
   2.2400000e+01   2.9715139549419805
   2.2410000e+01   3.1468876249419804
   2.2420000e+01   3.3180712299419803
   2.2430000e+01   3.4815737549419805
   2.2440000e+01   3.6398682849419806
   2.2450000e+01   3.7925168349419804
   2.2460000e+01   3.9312146549419804
   2.2470000e+01   4.04323485194198
   2.2480000e+01   4.11700045394198
   2.2490000e+01   4.14544524034198
   2.2500000e+01  4.12421981574198
   2.2510000e+01  4.04439163474198
   2.2520000e+01  3.89087459974198
   2.2530000e+01  3.65697233974198
   2.2540000e+01  3.35944365474198
   2.2550000e+01  3.0275441197419797
   2.2560000e+01  2.6741287647419796
   2.2570000e+01  2.2884009047419793
   2.2580000e+01  1.8608182097419794
   2.2590000e+01  1.4011161297419794
   2.2600000e+01  0.9226172397419794
   2.2610000e+01  0.42306241974197933
   2.2620000e+01  -0.10195657025802074
   2.2630000e+01  -0.6341849902580208
   2.2640000e+01  -1.140006415258021
   2.2650000e+01  -1.6003512452580209
   2.2660000e+01  -2.0161751552580207
   2.2670000e+01  -2.385742285258021
   2.2680000e+01  -2.698379650258021
   2.2690000e+01  -2.9579476302580208
   2.2700000e+01  -3.1934833852580207
   2.2710000e+01  -3.4328601452580205
   2.2720000e+01  -3.6765688102580203
   2.2730000e+01  -3.90862375525802
   2.2740000e+01  -4.12342660025802
   2.2750000e+01  -4.3284153402580205
   2.2760000e+01  -4.52541435025802
   2.2770000e+01  -4.70262300025802
   2.2780000e+01  -4.84571886025802
   2.2790000e+01  -4.94886266425802
   2.2800000e+01  -5.0136358637580205
   2.2810000e+01  -5.042294605258021
   2.2820000e+01   -5.032821379758021
   2.2830000e+01   -4.977272876758021
   2.2840000e+01   -4.865670495258021
   2.2850000e+01   -4.695850385258021
   2.2860000e+01   -4.480223100258021
   2.2870000e+01   -4.239461845258021
   2.2880000e+01   -3.988603135258021
   2.2890000e+01   -3.731974990258021
   2.2900000e+01   -3.471214825258021
   2.2910000e+01   -3.2130385152580208
   2.2920000e+01   -2.9679258452580206
   2.2930000e+01   -2.7471986002580207
   2.2940000e+01   -2.563628495258021
   2.2950000e+01   -2.4268709602580207
   2.2960000e+01   -2.3325352792580207
   2.2970000e+01   -2.262976810758021
   2.2980000e+01   -2.2065591457580207
   2.2990000e+01   -2.170042882258021
   2.3000000e+01  -2.163939862258021
   2.3010000e+01  -2.182804607758021
   2.3020000e+01  -2.2110954347580214
   2.3030000e+01  -2.2428664372580216
   2.3040000e+01  -2.282148965258022
   2.3050000e+01  -2.326257277758022
   2.3060000e+01  -2.362928847758022
   2.3070000e+01  -2.3855890842580223
   2.3080000e+01  -2.399195895258022
   2.3090000e+01  -2.407402368658022
   2.3100000e+01   -2.404470548558022
   2.3110000e+01   -2.384825371058022
   2.3120000e+01   -2.351392374058022
   2.3130000e+01   -2.3081012045580223
   2.3140000e+01   -2.2521258580580223
   2.3150000e+01   -2.1816343245580225
   2.3160000e+01   -2.1047048270580224
   2.3170000e+01   -2.0306543400580224
   2.3180000e+01   -1.9572703530580224
   2.3190000e+01   -1.8787613545580224
   2.3200000e+01   -1.8052762720580224
   2.3210000e+01   -1.7629451500580224
   2.3220000e+01  -1.7737509905580224
   2.3230000e+01  -1.8457474250580224
   2.3240000e+01  -1.9825792400580224
   2.3250000e+01  -2.1873310950580223
   2.3260000e+01  -2.4501465700580223
   2.3270000e+01  -2.7433823550580225
   2.3280000e+01  -3.0391783600580227
   2.3290000e+01  -3.327909315058023
   2.3300000e+01  -3.6137485900580226
   2.3310000e+01  -3.8960947300580226
   2.3320000e+01  -4.1612721200580225
   2.3330000e+01  -4.391394745058022
   2.3340000e+01  -4.576985985058022
   2.3350000e+01  -4.719573070058022
   2.3360000e+01  -4.824725149058022
   2.3370000e+01  -4.8973612080580216
   2.3380000e+01  -4.945471070058021
   2.3390000e+01  -4.983315465558021
   2.3400000e+01  -5.025873233058021
   2.3410000e+01  -5.082365179558021
   2.3420000e+01  -5.157456209058021
   2.3430000e+01  -5.2528051610580215
   2.3440000e+01  -5.363009021058022
   2.3450000e+01  -5.476731131058022
   2.3460000e+01  -5.587580726058023
   2.3470000e+01  -5.698102221058023
   2.3480000e+01  -5.809096926058023
   2.3490000e+01  -5.9129560460580235
   2.3500000e+01  -6.0021017950580235
   2.3510000e+01  -6.075832592058023
   2.3520000e+01  -6.1348094715580235
   2.3530000e+01  -6.177435257058024
   2.3540000e+01  -6.205057325058024
   2.3550000e+01  -6.221372873558024
   2.3560000e+01   -6.222874967808024
   2.3570000e+01   -6.198086954558024
   2.3580000e+01   -6.139127115558024
   2.3590000e+01   -6.0470882595580235
   2.3600000e+01   -5.925241964558023
   2.3610000e+01   -5.774237359558024
   2.3620000e+01   -5.594050864558024
   2.3630000e+01   -5.383566149558024
   2.3640000e+01   -5.138399244558023
   2.3650000e+01   -4.855194819558023
   2.3660000e+01   -4.537176154558023
   2.3670000e+01   -4.190414404558023
   2.3680000e+01   -3.817167344558023
   2.3690000e+01   -3.419284369558023
   2.3700000e+01   -3.0063504945580233
   2.3710000e+01   -2.5927598595580235
   2.3720000e+01   -2.1853874045580235
   2.3730000e+01   -1.7802862345580235
   2.3740000e+01   -1.3744492945580236
   2.3750000e+01   -0.9757375045580235
   2.3760000e+01   -0.5963787495580235
   2.3770000e+01   -0.23984756955802344
   2.3780000e+01   0.10003867044197656
   2.3790000e+01   0.42861655044197655
   2.3800000e+01   0.7454676954419766
   2.3810000e+01   1.0497123454419766
   2.3820000e+01   1.3423589554419766
   2.3830000e+01   1.6201719354419766
   2.3840000e+01   1.8734505054419766
   2.3850000e+01   2.0954552804419766
   2.3860000e+01   2.2914859154419767
   2.3870000e+01   2.474491490441977
   2.3880000e+01   2.6538212504419767
   2.3890000e+01   2.8332859054419766
   2.3900000e+01   3.0196951104419765
   2.3910000e+01   3.2262470954419764
   2.3920000e+01   3.4631763204419763
   2.3930000e+01   3.730684985441976
   2.3940000e+01   4.028372530441976
   2.3950000e+01   4.3661342304419755
   2.3960000e+01   4.753021305441975
   2.3970000e+01   5.176710845441975
   2.3980000e+01   5.609121410441975
   2.3990000e+01   6.035896070441975
   2.4000000e+01   6.467189375441975
   2.4010000e+01   6.9158007204419745
   2.4020000e+01   7.379442560441975
   2.4030000e+01   7.850424810441974
   2.4040000e+01   8.327431965441974
   2.4050000e+01   8.807917605441974
   2.4060000e+01   9.280132620441973
   2.4070000e+01   9.731416950441973
   2.4080000e+01   10.155117550441974
   2.4090000e+01   10.542378995441974
   2.4100000e+01   10.875928825441974
   2.4110000e+01   11.138883125441975
   2.4120000e+01   11.324410410441974
   2.4130000e+01   11.435059381441974
   2.4140000e+01   11.480269871941974
   2.4150000e+01  11.475130684941975
   2.4160000e+01  11.432711990941975
   2.4170000e+01  11.357051836441975
   2.4180000e+01  11.250963789441975
   2.4190000e+01  11.126836534441976
   2.4200000e+01  10.998573389441976
   2.4210000e+01  10.866771999441976
   2.4220000e+01  10.725264909441977
   2.4230000e+01  10.579067414441976
   2.4240000e+01  10.440802164441976
   2.4250000e+01  10.311462934441977
   2.4260000e+01  10.180869579441977
   2.4270000e+01  10.046342714441977
   2.4280000e+01  9.913757169441977
   2.4290000e+01  9.778854289441977
   2.4300000e+01  9.624803099441976
   2.4310000e+01  9.442029739441976
   2.4320000e+01  9.234514939441976
   2.4330000e+01  9.001082879441975
   2.4340000e+01  8.725489859441975
   2.4350000e+01  8.393833189441976
   2.4360000e+01  8.011255789441975
   2.4370000e+01  7.592791404441975
   2.4380000e+01  7.145940044441975
   2.4390000e+01  6.672379249441975
   2.4400000e+01  6.182647754441975
   2.4410000e+01  5.698508414441975
   2.4420000e+01  5.239416659441975
   2.4430000e+01  4.8135047644419755
   2.4440000e+01  4.423596984441976
   2.4450000e+01  4.074099754441976
   2.4460000e+01  3.765638789441976
   2.4470000e+01  3.488422094441976
   2.4480000e+01  3.229708709441976
   2.4490000e+01  2.984814834441976
   2.4500000e+01  2.750870609441976
   2.4510000e+01  2.511779424441976
   2.4520000e+01  2.242387179441976
   2.4530000e+01  1.9305684494419757
   2.4540000e+01  1.5847018844419756
   2.4550000e+01  1.2158526894419757
   2.4560000e+01  0.8233807444419756
   2.4570000e+01  0.4044260694419757
   2.4580000e+01  -0.03131319055802434
   2.4590000e+01  -0.46505616055802435
   2.4600000e+01  -0.8829400355580244
   2.4610000e+01  -1.2797069855580243
   2.4620000e+01  -1.6518907205580242
   2.4630000e+01  -1.9956329255580243
   2.4640000e+01  -2.3120364955580244
   2.4650000e+01  -2.6079643955580245
   2.4660000e+01  -2.8878308505580246
   2.4670000e+01  -3.1485747255580248
   2.4680000e+01  -3.386284470558025
   2.4690000e+01  -3.6028122555580246
   2.4700000e+01  -3.7992810705580244
   2.4710000e+01  -3.9671241205580245
   2.4720000e+01  -4.095004215558024
   2.4730000e+01  -4.183327475558024
   2.4740000e+01  -4.242651613058024
   2.4750000e+01  -4.278760657058024
   2.4760000e+01   -4.289375028908024
   2.4770000e+01   -4.2749930592580245
   2.4780000e+01   -4.242557028758024
   2.4790000e+01   -4.199343844258024
   2.4800000e+01   -4.154005825758024
   2.4810000e+01   -4.120757171758024
   2.4820000e+01   -4.108288275358024
   2.4830000e+01   -4.1060346606580245
   2.4840000e+01   -4.097180281858025
   2.4850000e+01   -4.0853202514080245
   2.4860000e+01  -4.092257574958024
   2.4870000e+01  -4.128790396458024
   2.4880000e+01  -4.184652553958024
   2.4890000e+01  -4.249388343458024
   2.4900000e+01  -4.325001209958025
   2.4910000e+01  -4.411866398458025
   2.4920000e+01  -4.497791486458024
   2.4930000e+01  -4.5697021219580245
   2.4940000e+01  -4.6254795844580245
   2.4950000e+01  -4.667457067458025
   2.4960000e+01  -4.693370828458025
   2.4970000e+01   -4.7000745040080245
   2.4980000e+01   -4.689049404058024
   2.4990000e+01   -4.662647738558024
   2.5000000e+01   -4.619420157558024
   2.5010000e+01   -4.555949704558024
   2.5020000e+01   -4.468963974558024
   2.5030000e+01   -4.354679257058024
   2.5040000e+01   -4.211101892058024
   2.5050000e+01   -4.0413578820580245
   2.5060000e+01   -3.8491279220580243
   2.5070000e+01   -3.630386062058024
   2.5080000e+01   -3.376103427058024
   2.5090000e+01   -3.085038947058024
   2.5100000e+01   -2.767963572058024
   2.5110000e+01   -2.436065877058024
   2.5120000e+01   -2.0904078820580243
   2.5130000e+01   -1.7283148620580242
   2.5140000e+01   -1.3577597620580242
   2.5150000e+01   -0.9987787070580242
   2.5160000e+01   -0.6688560170580242
   2.5170000e+01   -0.3717061720580242
   2.5180000e+01   -0.10390641705802423
   2.5190000e+01   0.13208984794197579
   2.5200000e+01   0.3285335029419758
   2.5210000e+01   0.4841803579419758
   2.5220000e+01   0.6072351779419758
   2.5230000e+01   0.7047482019419757
   2.5240000e+01   0.7754343364419758
   2.5250000e+01   0.8150323709419758
   2.5260000e+01  0.8228301599919757
   2.5270000e+01  0.8005837725419758
   2.5280000e+01  0.7508220055419758
   2.5290000e+01  0.6793536575419757
   2.5300000e+01  0.5948742805419758
   2.5310000e+01  0.5032641730419758
   2.5320000e+01  0.4056737040419758
   2.5330000e+01  0.3036430640419758
   2.5340000e+01  0.20204682354197578
   2.5350000e+01  0.10507722154197578
   2.5360000e+01  0.01288220054197578
   2.5370000e+01  -0.07537580195802422
   2.5380000e+01  -0.1576329744580242
   2.5390000e+01  -0.2310660284580242
   2.5400000e+01  -0.2972573144580242
   2.5410000e+01  -0.36182822645802426
   2.5420000e+01  -0.4270858699580243
   2.5430000e+01  -0.48714487345802426
   2.5440000e+01  -0.5334454289580243
   2.5450000e+01  -0.5633855189580242
   2.5460000e+01  -0.5783808144580243
   2.5470000e+01   -0.5740347784580242
   2.5480000e+01   -0.5397315924580242
   2.5490000e+01   -0.47080181795802417
   2.5500000e+01   -0.37490609795802415
   2.5510000e+01   -0.26284269295802415
   2.5520000e+01   -0.13866406795802416
   2.5530000e+01   -0.002689992958024162
   2.5540000e+01   0.14146696704197584
   2.5550000e+01   0.2883030320419758
   2.5560000e+01   0.43534191704197583
   2.5570000e+01   0.5822314970419759
   2.5580000e+01   0.7276492970419759
   2.5590000e+01   0.8709393720419759
   2.5600000e+01   1.015036477041976
   2.5610000e+01   1.164751737041976
   2.5620000e+01   1.322552257041976
   2.5630000e+01   1.4861920620419762
   2.5640000e+01   1.6481880520419763
   2.5650000e+01   1.7971524420419762
   2.5660000e+01   1.9224509520419761
   2.5670000e+01   2.019311603541976
   2.5680000e+01   2.088991476541976
   2.5690000e+01   2.1348013660419762
   2.5700000e+01   2.1595029650419764
   2.5710000e+01  2.165095487991976
   2.5720000e+01  2.152240712941976
   2.5730000e+01  2.120197522941976
   2.5740000e+01  2.069327274941976
   2.5750000e+01  2.002760429441976
   2.5760000e+01  1.923330577941976
   2.5770000e+01  1.8296201519419761
   2.5780000e+01  1.7171069819419762
   2.5790000e+01  1.5824538019419763
   2.5800000e+01  1.4249615219419762
   2.5810000e+01  1.2452034169419761
   2.5820000e+01  1.044679116941976
   2.5830000e+01  0.826149216941976
   2.5840000e+01  0.592610976941976
   2.5850000e+01  0.34716068194197597
   2.5860000e+01  0.09528130694197595
   2.5870000e+01  -0.15533976805802407
   2.5880000e+01  -0.4001469430580241
   2.5890000e+01  -0.6403755280580241
   2.5900000e+01  -0.8763337480580241
   2.5910000e+01  -1.0997330380580241
   2.5920000e+01  -1.297289973058024
   2.5930000e+01  -1.4609125030580241
   2.5940000e+01  -1.5893163730580242
   2.5950000e+01  -1.680220303558024
   2.5960000e+01  -1.727339940558024
   2.5970000e+01   -1.7269010335580242
   2.5980000e+01   -1.6819005850580242
   2.5990000e+01   -1.5971965600580242
   2.6000000e+01   -1.4742353850580243
   2.6010000e+01   -1.3134609700580242
   2.6020000e+01   -1.1193718750580242
   2.6030000e+01   -0.9008867400580242
   2.6040000e+01   -0.6683157250580242
   2.6050000e+01   -0.43128469005802417
   2.6060000e+01   -0.19795345005802417
   2.6070000e+01   0.025348099941975843
   2.6080000e+01   0.23358352494197587
   2.6090000e+01   0.42231881994197584
   2.6100000e+01   0.5884269799419759
   2.6110000e+01   0.7311583799419759
   2.6120000e+01   0.8514644549419759
   2.6130000e+01   0.9500776129419759
   2.6140000e+01   1.026400319441976
   2.6150000e+01   1.0791305469419759
   2.6160000e+01   1.1081322484419758
   2.6170000e+01  1.1153873633919758
   2.6180000e+01  1.1026963153419758
   2.6190000e+01  1.0685499883419758
   2.6200000e+01  1.0101273648419757
   2.6210000e+01  0.9296996458419757
   2.6220000e+01  0.8363791433419757
   2.6230000e+01  0.7396182348419758
   2.6240000e+01  0.6432265433419757
   2.6250000e+01  0.5479451258419757
   2.6260000e+01  0.4583034503419757
   2.6270000e+01  0.3847146053419757
   2.6280000e+01  0.3387832328419757
   2.6290000e+01   0.3266339557419757
   2.6300000e+01   0.3460238986419757
   2.6310000e+01   0.3896446116419757
   2.6320000e+01   0.45004900814197574
   2.6330000e+01   0.5185318401419757
   2.6340000e+01   0.5800154656419757
   2.6350000e+01   0.6158424201419757
   2.6360000e+01  0.6156227086419757
   2.6370000e+01  0.5815517686419757
   2.6380000e+01  0.5169049886419756
   2.6390000e+01  0.41561644564197564
   2.6400000e+01  0.26913948564197565
   2.6410000e+01  0.07917766564197568
   2.6420000e+01  -0.14370223935802431
   2.6430000e+01  -0.39180476435802436
   2.6440000e+01  -0.6632389343580243
   2.6450000e+01  -0.9529942793580244
   2.6460000e+01  -1.2472901793580244
   2.6470000e+01  -1.5292389093580245
   2.6480000e+01  -1.7870234493580246
   2.6490000e+01  -2.0144814243580247
   2.6500000e+01  -2.2057298393580247
   2.6510000e+01  -2.3527103643580247
   2.6520000e+01  -2.4499265353580246
   2.6530000e+01  -2.500333211858025
   2.6540000e+01   -2.5131613620580247
   2.6550000e+01   -2.4951235752580248
   2.6560000e+01   -2.447389395258025
   2.6570000e+01   -2.373109281758025
   2.6580000e+01   -2.2836084877580247
   2.6590000e+01   -2.193321586258025
   2.6600000e+01   -2.111972222258025
   2.6610000e+01   -2.046056760258025
   2.6620000e+01   -2.0045857577580253
   2.6630000e+01  -1.9967071052580252
   2.6640000e+01  -2.023482980758025
   2.6650000e+01  -2.076319940758025
   2.6660000e+01  -2.143600276258025
   2.6670000e+01  -2.214974022258025
   2.6680000e+01  -2.278635147758025
   2.6690000e+01  -2.318781518258025
   2.6700000e+01   -2.319798340758025
   2.6710000e+01   -2.273665840758025
   2.6720000e+01   -2.1823785377580247
   2.6730000e+01   -2.0527463527580245
   2.6740000e+01   -1.8894745327580245
   2.6750000e+01   -1.6936999627580245
   2.6760000e+01   -1.4664642427580246
   2.6770000e+01   -1.2109833877580245
   2.6780000e+01   -0.9325612977580244
   2.6790000e+01   -0.6403776877580244
   2.6800000e+01   -0.3493554777580244
   2.6810000e+01   -0.0744564477580244
   2.6820000e+01   0.1804599322419756
   2.6830000e+01   0.4254257572419756
   2.6840000e+01   0.6737981872419756
   2.6850000e+01   0.9312379322419756
   2.6860000e+01   1.1958729772419756
   2.6870000e+01   1.4642686172419757
   2.6880000e+01   1.7330183022419756
   2.6890000e+01   1.9972595972419755
   2.6900000e+01   2.2525691322419754
   2.6910000e+01   2.4983838522419752
   2.6920000e+01   2.736757272241975
   2.6930000e+01   2.967787502241975
   2.6940000e+01   3.188659937241975
   2.6950000e+01   3.397444497241975
   2.6960000e+01   3.595250767241975
   2.6970000e+01   3.782837472241975
   2.6980000e+01   3.9564025122419753
   2.6990000e+01   4.108864857241976
   2.7000000e+01   4.234652217241976
   2.7010000e+01   4.330714401241976
   2.7020000e+01   4.393348200741976
   2.7030000e+01   4.418266845091976
   2.7040000e+01  4.405770352941976
   2.7050000e+01  4.3624695509419755
   2.7060000e+01  4.294669809941976
   2.7070000e+01  4.201779084941975
   2.7080000e+01  4.079005349941975
   2.7090000e+01  3.9251201699419753
   2.7100000e+01  3.7445741399419754
   2.7110000e+01  3.5428753199419756
   2.7120000e+01  3.3235520349419754
   2.7130000e+01  3.0903206949419753
   2.7140000e+01  2.8484444099419752
   2.7150000e+01  2.600838544941975
   2.7160000e+01  2.345050514941975
   2.7170000e+01  2.078666394941975
   2.7180000e+01  1.8074159249419748
   2.7190000e+01  1.5428249999419748
   2.7200000e+01  1.2909871799419748
   2.7210000e+01  1.0499833899419748
   2.7220000e+01  0.8211231549419749
   2.7230000e+01  0.6150687949419749
   2.7240000e+01  0.44026333994197486
   2.7250000e+01  0.2907644549419749
   2.7260000e+01  0.1529712449419749
   2.7270000e+01  0.020401889941974893
   2.7280000e+01  -0.10551836505802512
   2.7290000e+01  -0.22564110005802512
   2.7300000e+01  -0.3457306700580251
   2.7310000e+01  -0.47054137505802507
   2.7320000e+01  -0.602377415058025
   2.7330000e+01  -0.744708535058025
   2.7340000e+01  -0.901264815058025
   2.7350000e+01  -1.071958740058025
   2.7360000e+01  -1.254074215058025
   2.7370000e+01  -1.446272380058025
   2.7380000e+01  -1.647572535058025
   2.7390000e+01  -1.854492640058025
   2.7400000e+01  -2.063948125058025
   2.7410000e+01  -2.277825540058025
   2.7420000e+01  -2.500194495058025
   2.7430000e+01  -2.7303114350580246
   2.7440000e+01  -2.9621500900580244
   2.7450000e+01  -3.1905940350580244
   2.7460000e+01  -3.4140183850580246
   2.7470000e+01  -3.6298469550580243
   2.7480000e+01  -3.831041430058024
   2.7490000e+01  -4.0084886650580245
   2.7500000e+01  -4.153735180058025
   2.7510000e+01  -4.257495659058025
   2.7520000e+01  -4.309615402558024
   2.7530000e+01   -4.306101225558025
   2.7540000e+01   -4.256216902558025
   2.7550000e+01   -4.178714898058025
   2.7560000e+01   -4.090094598558025
   2.7570000e+01   -3.998619749558025
   2.7580000e+01   -3.908798754058025
   2.7590000e+01   -3.827283249558025
   2.7600000e+01   -3.7630981150580247
   2.7610000e+01   -3.7251602635580245
   2.7620000e+01  -3.7206550595580246
   2.7630000e+01  -3.7528036135580245
   2.7640000e+01  -3.8183041115580245
   2.7650000e+01  -3.9085041480580247
   2.7660000e+01  -4.014090706058025
   2.7670000e+01  -4.127712786058025
   2.7680000e+01  -4.243074926058025
   2.7690000e+01  -4.355000741058025
   2.7700000e+01  -4.461362906058025
   2.7710000e+01  -4.562245727058025
   2.7720000e+01  -4.655972119558025
   2.7730000e+01  -4.737900966558025
   2.7740000e+01  -4.803739820558025
   2.7750000e+01  -4.851791038558026
   2.7760000e+01  -4.8813069075580255
   2.7770000e+01   -4.891246136078026
   2.7780000e+01   -4.882028090098026
   2.7790000e+01   -4.856555718598026
   2.7800000e+01   -4.818143686598026
   2.7810000e+01   -4.768759187098025
   2.7820000e+01   -4.7098930305980256
   2.7830000e+01   -4.6432382865980255
   2.7840000e+01   -4.569405005598026
   2.7850000e+01   -4.487566922598026
   2.7860000e+01   -4.397572740098026
   2.7870000e+01   -4.301015633598026
   2.7880000e+01   -4.198945156098026
   2.7890000e+01   -4.089720671098026
   2.7900000e+01   -3.970267721098026
   2.7910000e+01   -3.8378087010980257
   2.7920000e+01   -3.688373836098026
   2.7930000e+01   -3.515177176098026
   2.7940000e+01   -3.312259236098026
   2.7950000e+01   -3.0808379710980263
   2.7960000e+01   -2.829487421098026
   2.7970000e+01   -2.566167291098026
   2.7980000e+01   -2.291431246098026
   2.7990000e+01   -2.0008343510980264
   2.8000000e+01   -1.6924832710980264
   2.8010000e+01   -1.3703848610980265
   2.8020000e+01   -1.0412821210980265
   2.8030000e+01   -0.7100922560980265
   2.8040000e+01   -0.3785154660980265
   2.8050000e+01   -0.046801716098026525
   2.8060000e+01   0.28442156390197343
   2.8070000e+01   0.6148928889019735
   2.8080000e+01   0.9463822739019735
   2.8090000e+01   1.2807923289019736
   2.8100000e+01   1.6157032489019736
   2.8110000e+01   1.9452330289019737
   2.8120000e+01   2.2676179989019736
   2.8130000e+01   2.5879353439019734
   2.8140000e+01   2.9089520989019735
   2.8150000e+01   3.2226733189019736
   2.8160000e+01   3.5170815089019736
   2.8170000e+01   3.7897312789019737
   2.8180000e+01   4.048532803901974
   2.8190000e+01   4.299630333901974
   2.8200000e+01   4.540897393901974
   2.8210000e+01   4.768269563901974
   2.8220000e+01   4.982299553901974
   2.8230000e+01   5.185634223901975
   2.8240000e+01   5.378395198901974
   2.8250000e+01   5.559396608901975
   2.8260000e+01   5.729172703901974
   2.8270000e+01   5.8885173639019746
   2.8280000e+01   6.035396238901974
   2.8290000e+01   6.166216548901974
   2.8300000e+01   6.280117098901974
   2.8310000e+01   6.380130987901975
   2.8320000e+01   6.469668342901975
   2.8330000e+01   6.549064190401975
   2.8340000e+01   6.616557857901975
   2.8350000e+01   6.672168575401974
   2.8360000e+01   6.718817212901974
   2.8370000e+01   6.758319568401974
   2.8380000e+01   6.787431923401973
   2.8390000e+01   6.800161748601973
   2.8400000e+01  6.793584512801973
   2.8410000e+01  6.768417702801973
   2.8420000e+01  6.723447465801973
   2.8430000e+01  6.652985162801973
   2.8440000e+01  6.551873477301973
   2.8450000e+01  6.420597767301973
   2.8460000e+01  6.263827537301973
   2.8470000e+01  6.086493737301972
   2.8480000e+01  5.8929013823019725
   2.8490000e+01  5.686752442301972
   2.8500000e+01  5.469912582301972
   2.8510000e+01  5.243341067301972
   2.8520000e+01  5.010166412301972
   2.8530000e+01  4.774648197301972
   2.8540000e+01  4.5370613573019725
   2.8550000e+01  4.293035757301973
   2.8560000e+01  4.038750412301972
   2.8570000e+01  3.7732345273019723
   2.8580000e+01  3.4957232073019724
   2.8590000e+01  3.2058801023019723
   2.8600000e+01  2.907526527301972
   2.8610000e+01  2.6075167323019723
   2.8620000e+01  2.3103711373019724
   2.8630000e+01  2.018599992301972
   2.8640000e+01  1.7383103573019723
   2.8650000e+01  1.4793162673019722
   2.8660000e+01  1.2492067573019723
   2.8670000e+01  1.0515638423019722
   2.8680000e+01  0.8894576973019722
   2.8690000e+01  0.7657892623019722
   2.8700000e+01  0.6799712343019721
   2.8710000e+01  0.6274689338019721
   2.8720000e+01  0.6012431493019721
   2.8730000e+01  0.5906593106019721
   2.8740000e+01  0.5820087409019721
   2.8750000e+01  0.5645897974019721
   2.8760000e+01  0.5342031724019721
   2.8770000e+01  0.48732107090197213
   2.8780000e+01  0.41536678940197214
   2.8790000e+01  0.30943781990197217
   2.8800000e+01  0.16795767990197216
   2.8810000e+01  -0.004949950098027872
   2.8820000e+01  -0.2061234300980279
   2.8830000e+01  -0.4332145900980279
   2.8840000e+01  -0.6795657450980279
   2.8850000e+01  -0.9353430350980279
   2.8860000e+01  -1.1950826050980279
   2.8870000e+01  -1.460066315098028
   2.8880000e+01  -1.7313060950980281
   2.8890000e+01  -2.003357020098028
   2.8900000e+01  -2.268081995098028
   2.8910000e+01  -2.522632835098028
   2.8920000e+01  -2.770009780098028
   2.8930000e+01  -3.0125794650980278
   2.8940000e+01  -3.2495781650980278
   2.8950000e+01  -3.4816849750980277
   2.8960000e+01  -3.7131617750980275
   2.8970000e+01  -3.9466667250980274
   2.8980000e+01  -4.179105995098028
   2.8990000e+01  -4.4053462950980276
   2.9000000e+01  -4.623867900098028
   2.9010000e+01  -4.836592015098028
   2.9020000e+01  -5.044566940098028
   2.9030000e+01  -5.244737045098028
   2.9040000e+01  -5.429286685098028
   2.9050000e+01  -5.588096135098028
   2.9060000e+01  -5.714149655098028
   2.9070000e+01  -5.806934653098028
   2.9080000e+01  -5.8695945690980285
   2.9090000e+01  -5.904695255598028
   2.9100000e+01   -5.915109920508028
   2.9110000e+01   -5.906525035418028
   2.9120000e+01   -5.885301222418028
   2.9130000e+01   -5.8552622744180285
   2.9140000e+01   -5.819456374918029
   2.9150000e+01   -5.782689464918029
   2.9160000e+01   -5.748516301418029
   2.9170000e+01   -5.7154242969180284
   2.9180000e+01   -5.679429497918028
   2.9190000e+01   -5.638892839918029
   2.9200000e+01   -5.593892205918029
   2.9210000e+01   -5.543028911918029
   2.9220000e+01   -5.4844148819180285
   2.9230000e+01   -5.4183754094180285
   2.9240000e+01   -5.346093442418028
   2.9250000e+01   -5.267016452918028
   2.9260000e+01   -5.180530905918029
   2.9270000e+01   -5.088549992418029
   2.9280000e+01   -4.992847135918029
   2.9290000e+01   -4.890664652918029
   2.9300000e+01   -4.776643727918029
   2.9310000e+01   -4.649147017918029
   2.9320000e+01   -4.511251072918029
   2.9330000e+01   -4.364894912918029
   2.9340000e+01   -4.207768702918028
   2.9350000e+01   -4.038205242918028
   2.9360000e+01   -3.8603402279180283
   2.9370000e+01   -3.6809184329180282
   2.9380000e+01   -3.5018491629180284
   2.9390000e+01   -3.3191334629180282
   2.9400000e+01   -3.129290457918028
   2.9410000e+01   -2.933902157918028
   2.9420000e+01   -2.737010032918028
   2.9430000e+01   -2.541071517918028
   2.9440000e+01   -2.347699507918028
   2.9450000e+01   -2.160334772918028
   2.9460000e+01   -1.982962457918028
   2.9470000e+01   -1.8160718629180281
   2.9480000e+01   -1.655936812918028
   2.9490000e+01   -1.498421837918028
   2.9500000e+01   -1.3419489179180282
   2.9510000e+01   -1.185805177918028
   2.9520000e+01   -1.0269695729180282
   2.9530000e+01   -0.8608110729180282
   2.9540000e+01   -0.6851990229180281
   2.9550000e+01   -0.5022105529180281
   2.9560000e+01   -0.31495843291802805
   2.9570000e+01   -0.12448356291802803
   2.9580000e+01   0.06849652208197199
   2.9590000e+01   0.260320917081972
   2.9600000e+01   0.44593375208197206
   2.9610000e+01   0.6237581470819721
   2.9620000e+01   0.7965328370819721
   2.9630000e+01   0.9673615070819721
   2.9640000e+01   1.138356517081972
   2.9650000e+01   1.314343582081972
   2.9660000e+01   1.504228647081972
   2.9670000e+01   1.715643102081972
   2.9680000e+01   1.950145127081972
   2.9690000e+01   2.206148877081972
   2.9700000e+01   2.484136237081972
   2.9710000e+01   2.7854565870819723
   2.9720000e+01   3.1082932370819725
   2.9730000e+01   3.4498637670819727
   2.9740000e+01   3.8114303520819726
   2.9750000e+01   4.195044692081972
   2.9760000e+01   4.594919097081973
   2.9770000e+01   4.9985014370819725
   2.9780000e+01   5.398186232081972
   2.9790000e+01   5.795683922081972
   2.9800000e+01   6.191189832081972
   2.9810000e+01   6.573871132081972
   2.9820000e+01   6.927933522081972
   2.9830000e+01   7.243317452081972
   2.9840000e+01   7.514512952081972
   2.9850000e+01   7.733145822081973
   2.9860000e+01   7.890609792081973
   2.9870000e+01   7.988288495081973
   2.9880000e+01   8.037988004081972
   2.9890000e+01  8.049927656831972
   2.9900000e+01  8.025493171081973
   2.9910000e+01  7.964681569081972
   2.9920000e+01  7.8758418100819725
   2.9930000e+01  7.772514975581973
   2.9940000e+01  7.661964420581973
   2.9950000e+01  7.542005050581973
   2.9960000e+01  7.409915920581973
   2.9970000e+01  7.269477380581973
   2.9980000e+01  7.1258087605819735
   2.9990000e+01  6.976854755581973
   3.0000000e+01  6.815908995581974
   3.0010000e+01  6.6424493105819735
   3.0020000e+01  6.464832765581973
   3.0030000e+01  6.290497080581973
   3.0040000e+01  6.119207075581973
   3.0050000e+01  5.949983300581973
   3.0060000e+01  5.789447350581973
   3.0070000e+01  5.646660440581973
   3.0080000e+01  5.5227233955819734
   3.0090000e+01  5.413038700581973
   3.0100000e+01  5.318649343581973
   3.0110000e+01  5.247159257581973
   3.0120000e+01  5.201387975081974
   3.0130000e+01  5.174466487081974
   3.0140000e+01  5.1579120045819735
   3.0150000e+01  5.146747687681973
   3.0160000e+01  5.132783185781973
   3.0170000e+01  5.100088275281973
   3.0180000e+01  5.034032817281973
   3.0190000e+01  4.931664621781972
   3.0200000e+01  4.797841501781972
   3.0210000e+01  4.633999401781972
   3.0220000e+01  4.437118451781973
   3.0230000e+01  4.209148011781973
   3.0240000e+01  3.9609243217819725
   3.0250000e+01  3.7037659517819725
   3.0260000e+01  3.4403228367819727
   3.0270000e+01  3.1668454517819726
   3.0280000e+01  2.8832592767819727
   3.0290000e+01  2.597981916781973
   3.0300000e+01  2.322292991781973
   3.0310000e+01  2.062229321781973
   3.0320000e+01  1.817701966781973
   3.0330000e+01  1.588042501781973
   3.0340000e+01  1.374973136781973
   3.0350000e+01  1.1787203367819732
   3.0360000e+01  0.9936792567819732
   3.0370000e+01  0.8112395617819732
   3.0380000e+01  0.6268811317819732
   3.0390000e+01  0.44190421178197326
   3.0400000e+01  0.25784755178197327
   3.0410000e+01  0.07233125178197328
   3.0420000e+01  -0.11765462821802672
   3.0430000e+01  -0.31046044321802674
   3.0440000e+01  -0.5003008432180267
   3.0450000e+01  -0.6821377082180267
   3.0460000e+01  -0.8536783332180267
   3.0470000e+01  -1.0126843532180267
   3.0480000e+01  -1.1546801382180267
   3.0490000e+01  -1.2748704032180267
   3.0500000e+01  -1.3722861002180267
   3.0510000e+01  -1.4516199112180266
   3.0520000e+01  -1.5204288647180266
   3.0530000e+01  -1.5840677917180266
   3.0540000e+01  -1.6439745842180267
   3.0550000e+01  -1.7016480542180266
   3.0560000e+01  -1.7628076777180266
   3.0570000e+01  -1.8351980102180265
   3.0580000e+01  -1.9229102832180265
   3.0590000e+01  -2.0259303722180264
   3.0600000e+01  -2.1454618972180266
   3.0610000e+01  -2.2859646072180264
   3.0620000e+01  -2.4500035472180266
   3.0630000e+01  -2.6339228622180264
   3.0640000e+01  -2.8313711772180263
   3.0650000e+01  -3.0393135672180263
   3.0660000e+01  -3.257396367218026
   3.0670000e+01  -3.482205092218026
   3.0680000e+01  -3.706117422218026
   3.0690000e+01  -3.923398487218026
   3.0700000e+01  -4.134584592218026
   3.0710000e+01  -4.341970932218026
   3.0720000e+01  -4.5423953122180265
   3.0730000e+01  -4.728334567218027
   3.0740000e+01  -4.896042597218027
   3.0750000e+01  -5.048475232218027
   3.0760000e+01  -5.189129322218027
   3.0770000e+01  -5.317460602218027
   3.0780000e+01  -5.4327668172180275
   3.0790000e+01  -5.5381707522180275
   3.0800000e+01  -5.636854455218027
   3.0810000e+01  -5.727443023218028
   3.0820000e+01  -5.806903959718028
   3.0830000e+01  -5.875442840218028
   3.0840000e+01  -5.935042274718028
   3.0850000e+01  -5.985746874218028
   3.0860000e+01  -6.027063744218029
   3.0870000e+01  -6.060936899218029
   3.0880000e+01  -6.090050126218029
   3.0890000e+01  -6.115157897718029
   3.0900000e+01  -6.136801556718029
   3.0910000e+01  -6.156899612218029
   3.0920000e+01  -6.175015962218029
   3.0930000e+01  -6.185238071568029
   3.0940000e+01   -6.180863195418029
   3.0950000e+01   -6.1611427339180285
   3.0960000e+01   -6.129598056418028
   3.0970000e+01   -6.086184684418028
   3.0980000e+01   -6.025402246918028
   3.0990000e+01   -5.943341253918028
   3.1000000e+01   -5.842850672918028
   3.1010000e+01   -5.728980412918029
   3.1020000e+01   -5.6019798079180285
   3.1030000e+01   -5.458863972918029
   3.1040000e+01   -5.3008003929180285
   3.1050000e+01   -5.134083037918028
   3.1060000e+01   -4.9629303779180285
   3.1070000e+01   -4.785892912918029
   3.1080000e+01   -4.601707017918029
   3.1090000e+01   -4.414965422918029
   3.1100000e+01   -4.232739967918029
   3.1110000e+01   -4.057875647918029
   3.1120000e+01   -3.8885251779180288
   3.1130000e+01   -3.722770087918029
   3.1140000e+01   -3.561281497918029
   3.1150000e+01   -3.406328107918029
   3.1160000e+01   -3.259494152918029
   3.1170000e+01   -3.119169917918029
   3.1180000e+01   -2.979697282918029
   3.1190000e+01   -2.835057282918029
   3.1200000e+01   -2.684250322918029
   3.1210000e+01   -2.531000687918029
   3.1220000e+01   -2.3778791929180287
   3.1230000e+01   -2.223758532918029
   3.1240000e+01   -2.067745907918029
   3.1250000e+01   -1.911918237918029
   3.1260000e+01   -1.7587009379180292
   3.1270000e+01   -1.6094121429180293
   3.1280000e+01   -1.4675178029180294
   3.1290000e+01   -1.3391912829180295
   3.1300000e+01   -1.2272686729180295
   3.1310000e+01   -1.1279853094180297
   3.1320000e+01   -1.0372220739180296
   3.1330000e+01   -0.9563588104180296
   3.1340000e+01   -0.8870592829180296
   3.1350000e+01   -0.8229591414180296
   3.1360000e+01   -0.7522137989180296
   3.1370000e+01   -0.6672517864180296
   3.1380000e+01   -0.5673444209180296
   3.1390000e+01   -0.45306403591802963
   3.1400000e+01   -0.32386173591802964
   3.1410000e+01   -0.18079646591802964
   3.1420000e+01   -0.02624639591802963
   3.1430000e+01   0.13952522408197038
   3.1440000e+01   0.3169354040819704
   3.1450000e+01   0.5022659390819704
   3.1460000e+01   0.6892380740819704
   3.1470000e+01   0.8757303890819703
   3.1480000e+01   1.0641789440819704
   3.1490000e+01   1.2550937340819703
   3.1500000e+01   1.4452366640819703
   3.1510000e+01   1.6325431490819704
   3.1520000e+01   1.8171894140819704
   3.1530000e+01   1.9966613940819704
   3.1540000e+01   2.1653673090819705
   3.1550000e+01   2.3207612690819706
   3.1560000e+01   2.4641909640819706
   3.1570000e+01   2.5933132540819708
   3.1580000e+01   2.699341006081971
   3.1590000e+01   2.775751945081971
   3.1600000e+01   2.825744437581971
   3.1610000e+01   2.8570913140819707
   3.1620000e+01   2.872506648431971
   3.1630000e+01  2.8691240972819707
   3.1640000e+01  2.8459356797819706
   3.1650000e+01  2.8080594512819705
   3.1660000e+01  2.7636052507819704
   3.1670000e+01  2.7187359527819703
   3.1680000e+01  2.6769061257819704
   3.1690000e+01  2.64195935728197
   3.1700000e+01  2.6194711452819703
   3.1710000e+01   2.6125013062119704
   3.1720000e+01   2.6167835579919703
   3.1730000e+01   2.62421615009197
   3.1740000e+01   2.63228305979197
   3.1750000e+01   2.64554382974197
   3.1760000e+01   2.66558026074197
   3.1770000e+01   2.68522133324197
   3.1780000e+01   2.6977594639919698
   3.1790000e+01   2.7069782717419697
   3.1800000e+01   2.72111060574197
   3.1810000e+01   2.74024234574197
   3.1820000e+01   2.75763881324197
   3.1830000e+01   2.77160706874197
   3.1840000e+01   2.78703951474197
   3.1850000e+01   2.80458898824197
   3.1860000e+01   2.81693397444197
   3.1870000e+01  2.81884820199197
   3.1880000e+01  2.8141110545419696
   3.1890000e+01  2.8079528670919696
   3.1900000e+01  2.7973643624419697
   3.1910000e+01  2.77406661044197
   3.1920000e+01  2.7348851054419696
   3.1930000e+01  2.68433943744197
   3.1940000e+01  2.62698212444197
   3.1950000e+01  2.56124806844197
   3.1960000e+01  2.48295191394197
   3.1970000e+01  2.39224949944197
   3.1980000e+01  2.29332139644197
   3.1990000e+01  2.18741120144197
   3.2000000e+01  2.07050035644197
   3.2010000e+01  1.9400633414419701
   3.2020000e+01  1.8007793414419702
   3.2030000e+01  1.66051427144197
   3.2040000e+01  1.52379216644197
   3.2050000e+01  1.39353140644197
   3.2060000e+01  1.2767061364419698
   3.2070000e+01  1.18239201394197
   3.2080000e+01  1.11421732194197
   3.2090000e+01  1.06942065944197
   3.2100000e+01  1.0454771089419699
   3.2110000e+01   1.04270145664197
   3.2120000e+01   1.0592107038419698
   3.2130000e+01   1.0882621288419698
   3.2140000e+01   1.1233186018419699
   3.2150000e+01   1.1623617248419698
   3.2160000e+01   1.2045340663419697
   3.2170000e+01   1.2457123448419698
   3.2180000e+01   1.2810260488419698
   3.2190000e+01   1.3096987188419698
   3.2200000e+01   1.3337104133419697
   3.2210000e+01   1.3532491238419697
   3.2220000e+01   1.3674472413419698
   3.2230000e+01   1.3781746759419697
   3.2240000e+01   1.3879285865919697
   3.2250000e+01   1.3938076646919697
   3.2260000e+01  1.3883393027419697
   3.2270000e+01  1.3669407727419698
   3.2280000e+01  1.3301593207419697
   3.2290000e+01  1.2782589712419696
   3.2300000e+01  1.2089368422419697
   3.2310000e+01  1.1214712382419698
   3.2320000e+01  1.0176873042419698
   3.2330000e+01  0.8973281592419698
   3.2340000e+01  0.7581349692419699
   3.2350000e+01  0.6026465742419699
   3.2360000e+01  0.4393939042419699
   3.2370000e+01  0.27457225924196993
   3.2380000e+01  0.10713184924196995
   3.2390000e+01  -0.06582563075803005
   3.2400000e+01  -0.2439306407580301
   3.2410000e+01  -0.4263150257580301
   3.2420000e+01  -0.6143755757580301
   3.2430000e+01  -0.8082341307580301
   3.2440000e+01  -1.00372784575803
   3.2450000e+01  -1.1954962607580302
   3.2460000e+01  -1.3805771907580302
   3.2470000e+01  -1.55779069575803
   3.2480000e+01  -1.72663758075803
   3.2490000e+01  -1.8878112657580302
   3.2500000e+01  -2.04164761575803
   3.2510000e+01  -2.18515048075803
   3.2520000e+01  -2.31369498575803
   3.2530000e+01  -2.42672961075803
   3.2540000e+01  -2.52910193375803
   3.2550000e+01  -2.62603314825803
   3.2560000e+01  -2.7194735352580297
   3.2570000e+01  -2.81000463525803
   3.2580000e+01  -2.8991946457580298
   3.2590000e+01  -2.98840041175803
   3.2600000e+01  -3.07737627675803
   3.2610000e+01  -3.16580782175803
   3.2620000e+01  -3.25479323775803
   3.2630000e+01  -3.34518502975803
   3.2640000e+01  -3.43545693975803
   3.2650000e+01  -3.5228907922580297
   3.2660000e+01  -3.6064749932580296
   3.2670000e+01  -3.6870834007580298
   3.2680000e+01  -3.76474417625803
   3.2690000e+01  -3.83720663075803
   3.2700000e+01  -3.90175901325803
   3.2710000e+01  -3.95708567425803
   3.2720000e+01  -4.00189735475803
   3.2730000e+01  -4.0321155392580295
   3.2740000e+01   -4.04099123080803
   3.2750000e+01   -4.02292895185803
   3.2760000e+01   -3.97686468835803
   3.2770000e+01   -3.90518156985803
   3.2780000e+01   -3.80927214585803
   3.2790000e+01   -3.6871006358580303
   3.2800000e+01   -3.5361488758580304
   3.2810000e+01   -3.3581220458580305
   3.2820000e+01   -3.1582644358580305
   3.2830000e+01   -2.9386847958580304
   3.2840000e+01   -2.6945063408580303
   3.2850000e+01   -2.4194222608580302
   3.2860000e+01   -2.1141985308580304
   3.2870000e+01   -1.7868098058580304
   3.2880000e+01   -1.4447705858580302
   3.2890000e+01   -1.0911433758580302
   3.2900000e+01   -0.7288314708580302
   3.2910000e+01   -0.36479730585803016
   3.2920000e+01   -0.00760336585803012
   3.2930000e+01   0.33642289414196985
   3.2940000e+01   0.6617149691419699
   3.2950000e+01   0.9602897941419699
   3.2960000e+01   1.22392620414197
   3.2970000e+01   1.44987806414197
   3.2980000e+01   1.64239823414197
   3.2990000e+01   1.80846409414197
   3.3000000e+01   1.95365762914197
   3.3010000e+01   2.08228478414197
   3.3020000e+01   2.19933710414197
   3.3030000e+01   2.3107545591419703
   3.3040000e+01   2.4222947041419705
   3.3050000e+01   2.5387891391419704
   3.3060000e+01   2.6633723891419705
   3.3070000e+01   2.7960565241419704
   3.3080000e+01   2.9337934491419704
   3.3090000e+01   3.0735358641419706
   3.3100000e+01   3.2147607891419705
   3.3110000e+01   3.3573519041419706
   3.3120000e+01   3.4976664141419707
   3.3130000e+01   3.6289263241419705
   3.3140000e+01   3.7452012041419707
   3.3150000e+01   3.842709835141971
   3.3160000e+01   3.9177510201419707
   3.3170000e+01   3.9667721871419706
   3.3180000e+01   3.9893919707919707
   3.3190000e+01  3.988876758441971
   3.3200000e+01  3.968688646441971
   3.3210000e+01  3.930231273441971
   3.3220000e+01  3.874042538941971
   3.3230000e+01  3.800975507441971
   3.3240000e+01  3.711646487941971
   3.3250000e+01  3.606269029441971
   3.3260000e+01  3.485260704441971
   3.3270000e+01  3.348857469441971
   3.3280000e+01  3.196400819441971
   3.3290000e+01  3.0272275794419707
   3.3300000e+01  2.842136944441971
   3.3310000e+01  2.6434376144419707
   3.3320000e+01  2.434286019441971
   3.3330000e+01  2.218518419441971
   3.3340000e+01  2.000176019441971
   3.3350000e+01  1.7825258344419708
   3.3360000e+01  1.5682123494419709
   3.3370000e+01  1.360737754441971
   3.3380000e+01  1.165310119441971
   3.3390000e+01  0.988165804441971
   3.3400000e+01  0.835078074441971
   3.3410000e+01  0.709516639441971
   3.3420000e+01  0.611480937941971
   3.3430000e+01  0.538830905941971
   3.3440000e+01  0.49002914494197103
   3.3450000e+01  0.46426258444197105
   3.3460000e+01   0.45865835504197106
   3.3470000e+01   0.46735919714197105
   3.3480000e+01   0.48402162764197104
   3.3490000e+01   0.5033315341419711
   3.3500000e+01   0.5195449876419711
   3.3510000e+01  0.5259737988869712
   3.3520000e+01  0.5173198616319712
   3.3530000e+01  0.49128199963197117
   3.3540000e+01  0.44787175663197115
   3.3550000e+01  0.3896308071319712
   3.3560000e+01  0.32300585913197116
   3.3570000e+01  0.2565029066319712
   3.3580000e+01  0.19579408113197116
   3.3590000e+01  0.14230258113197117
   3.3600000e+01  0.09716704013197117
   3.3610000e+01  0.06403356363197116
   3.3620000e+01  0.04664157228197116
   3.3630000e+01   0.04586633643197116
   3.3640000e+01   0.06060444993197116
   3.3650000e+01   0.08953826693197116
   3.3660000e+01   0.13020177343197115
   3.3670000e+01   0.17790703343197115
   3.3680000e+01   0.22786000993197114
   3.3690000e+01   0.27806642643197116
   3.3700000e+01   0.32905377793197116
   3.3710000e+01   0.38133702493197114
   3.3720000e+01   0.43430857443197113
   3.3730000e+01   0.48741666143197115
   3.3740000e+01   0.5415209034319711
   3.3750000e+01   0.5985805674319711
   3.3760000e+01   0.659755439931971
   3.3770000e+01   0.723957654431971
   3.3780000e+01   0.789176970431971
   3.3790000e+01   0.855630479431971
   3.3800000e+01   0.926301329931971
   3.3810000e+01   1.003208554931971
   3.3820000e+01   1.084344084431971
   3.3830000e+01   1.1659133304319709
   3.3840000e+01   1.246508800931971
   3.3850000e+01   1.327001082431971
   3.3860000e+01   1.407106894431971
   3.3870000e+01   1.484433209431971
   3.3880000e+01   1.556579131431971
   3.3890000e+01   1.6217933594319711
   3.3900000e+01   1.6773322174319711
   3.3910000e+01   1.7191513939319711
   3.3920000e+01   1.743851978931971
   3.3930000e+01  1.7500709878319711
   3.3940000e+01  1.738438719231971
   3.3950000e+01  1.711572032731971
   3.3960000e+01  1.673630709231971
   3.3970000e+01  1.628217641231971
   3.3980000e+01  1.5766481052319712
   3.3990000e+01  1.5190367087319712
   3.4000000e+01  1.4563062787319712
   3.4010000e+01  1.3901671202319712
   3.4020000e+01  1.3222541317319711
   3.4030000e+01  1.2545213897319711
   3.4040000e+01  1.1891848682319712
   3.4050000e+01  1.1266168917319712
   3.4060000e+01  1.0642007647319711
   3.4070000e+01  0.9986484407319711
   3.4080000e+01  0.928404960231971
   3.4090000e+01  0.852357736731971
   3.4100000e+01  0.767447673731971
   3.4110000e+01  0.669686685231971
   3.4120000e+01  0.557202330231971
   3.4130000e+01  0.43051936023197096
   3.4140000e+01  0.28986821023197096
   3.4150000e+01  0.13401405023197097
   3.4160000e+01  -0.03739113476802902
   3.4170000e+01  -0.22145329476802902
   3.4180000e+01  -0.413504114768029
   3.4190000e+01  -0.610640589768029
   3.4200000e+01  -0.812014249768029
   3.4210000e+01  -1.0152194847680291
   3.4220000e+01  -1.2150679847680292
   3.4230000e+01  -1.4082040997680292
   3.4240000e+01  -1.5966902197680293
   3.4250000e+01  -1.7833379847680293
   3.4260000e+01  -1.9647687497680293
   3.4270000e+01  -2.1336426747680295
   3.4280000e+01  -2.2877064197680297
   3.4290000e+01  -2.43199351976803
   3.4300000e+01  -2.5713104047680297
   3.4310000e+01  -2.7052409047680297
   3.4320000e+01  -2.8321760497680297
   3.4330000e+01  -2.95349074476803
   3.4340000e+01  -3.07032647976803
   3.4350000e+01  -3.17897514476803
   3.4360000e+01  -3.27246421026803
   3.4370000e+01  -3.34521118976803
   3.4380000e+01  -3.39435445976803
   3.4390000e+01  -3.4185792302680302
   3.4400000e+01   -3.4181439522680304
   3.4410000e+01   -3.3951986517680304
   3.4420000e+01   -3.3521561957680306
   3.4430000e+01   -3.2899757632680307
   3.4440000e+01   -3.2091519277680307
   3.4450000e+01   -3.1120783967680308
   3.4460000e+01   -3.003369721768031
   3.4470000e+01   -2.887684066768031
   3.4480000e+01   -2.7678577567680307
   3.4490000e+01   -2.645440881768031
   3.4500000e+01   -2.522413361768031
   3.4510000e+01   -2.401483941768031
   3.4520000e+01   -2.2847225567680307
   3.4530000e+01   -2.1727627967680307
   3.4540000e+01   -2.0655802467680306
   3.4550000e+01   -1.9631622317680306
   3.4560000e+01   -1.8649442162680305
   3.4570000e+01   -1.7694753652680306
   3.4580000e+01   -1.6755160812680305
   3.4590000e+01   -1.5831917672680305
   3.4600000e+01   -1.4936096577680305
   3.4610000e+01   -1.4076009112680306
   3.4620000e+01   -1.3250664562680305
   3.4630000e+01   -1.2451894267680306
   3.4640000e+01   -1.1669691317680306
   3.4650000e+01   -1.0896213997680306
   3.4660000e+01   -1.0126223132680305
   3.4670000e+01   -0.9357159907680306
   3.4680000e+01   -0.8594660802680306
   3.4690000e+01   -0.7859412202680306
   3.4700000e+01   -0.7183898762680306
   3.4710000e+01   -0.6599885592680306
   3.4720000e+01   -0.6130277322680305
   3.4730000e+01   -0.5789297972680305
   3.4740000e+01   -0.5580878462680305
   3.4750000e+01   -0.5492388145680306
   3.4760000e+01  -0.5494572192180306
   3.4770000e+01  -0.5552577827680306
   3.4780000e+01  -0.5637084224180307
   3.4790000e+01  -0.5724854414180307
   3.4800000e+01  -0.5794314947180307
   3.4810000e+01  -0.5830640448180306
   3.4820000e+01  -0.5840460344780306
   3.4830000e+01  -0.5853945556380306
   3.4840000e+01  -0.5899780565880306
   3.4850000e+01  -0.5979355698380306
   3.4860000e+01  -0.6078873149880306
   3.4870000e+01  -0.6206958314880306
   3.4880000e+01  -0.6403617499880306
   3.4890000e+01  -0.6707411979880307
   3.4900000e+01  -0.7129464429880307
   3.4910000e+01  -0.7664533269880307
   3.4920000e+01  -0.8307331724880307
   3.4930000e+01  -0.9043878989880307
   3.4940000e+01  -0.9840434864880307
   3.4950000e+01  -1.0657182174880306
   3.4960000e+01  -1.1468209569880305
   3.4970000e+01  -1.2260142869880306
   3.4980000e+01  -1.3019177499880306
   3.4990000e+01  -1.3728822354880306
   3.5000000e+01  -1.4375147359880305
   3.5010000e+01  -1.4946928654880305
   3.5020000e+01  -1.5434248499880305
   3.5030000e+01  -1.5831385824880306
   3.5040000e+01  -1.6137360549880306
   3.5050000e+01  -1.6351018799880306
   3.5060000e+01  -1.6469510903880307
   3.5070000e+01   -1.6493082399880308
   3.5080000e+01   -1.6428998371880308
   3.5090000e+01   -1.6294924876880308
   3.5100000e+01   -1.6125853581880307
   3.5110000e+01   -1.5972101311880307
   3.5120000e+01   -1.5875555406380306
   3.5130000e+01  -1.5845746217980305
   3.5140000e+01  -1.5868808083080306
   3.5150000e+01  -1.5935452119080307
   3.5160000e+01  -1.6043042467080306
   3.5170000e+01  -1.6175033552080307
   3.5180000e+01  -1.6307537417080307
   3.5190000e+01  -1.6443688277080306
   3.5200000e+01  -1.6612423647080305
   3.5210000e+01  -1.6817881882080306
   3.5220000e+01  -1.7017462557080305
   3.5230000e+01  -1.7171875757080306
   3.5240000e+01  -1.7291298837080307
   3.5250000e+01  -1.7401277307080307
   3.5260000e+01  -1.7480570198580307
   3.5270000e+01   -1.7467985369080308
   3.5280000e+01   -1.7324533583080308
   3.5290000e+01   -1.7058732048080307
   3.5300000e+01   -1.6695592298080308
   3.5310000e+01   -1.6255494048080308
   3.5320000e+01   -1.5770928603080308
   3.5330000e+01   -1.5293956093080308
   3.5340000e+01   -1.4866923728080308
   3.5350000e+01   -1.4496343308080308
   3.5360000e+01   -1.4166547013080308
   3.5370000e+01   -1.3870888648080308
   3.5380000e+01   -1.3621610233080308
   3.5390000e+01   -1.3435837893080307
   3.5400000e+01   -1.3319303931580306
   3.5410000e+01   -1.3261470209080306
   3.5420000e+01   -1.3243921529030307
   3.5430000e+01  -1.3254692504980308
   3.5440000e+01  -1.3291891026480307
   3.5450000e+01  -1.3350102034980307
   3.5460000e+01  -1.3408677595980307
   3.5470000e+01  -1.3439179872280307
   3.5480000e+01   -1.3417271302580307
   3.5490000e+01   -1.3318141380580306
   3.5500000e+01   -1.3106746615580307
   3.5510000e+01   -1.2745274800580306
   3.5520000e+01   -1.2210305915580306
   3.5530000e+01   -1.1497977855580306
   3.5540000e+01   -1.0618368720580307
   3.5550000e+01   -0.9590176305580307
   3.5560000e+01   -0.8432178105580307
   3.5570000e+01   -0.7153352305580307
   3.5580000e+01   -0.5758662305580307
   3.5590000e+01   -0.42648685055803065
   3.5600000e+01   -0.26952353555803066
   3.5610000e+01   -0.10544662055803067
   3.5620000e+01   0.06749046944196932
   3.5630000e+01   0.25044804444196933
   3.5640000e+01   0.4421314744419693
   3.5650000e+01   0.6400685444419694
   3.5660000e+01   0.8422842294419693
   3.5670000e+01   1.0473473744419695
   3.5680000e+01   1.2542759144419695
   3.5690000e+01   1.4628565944419696
   3.5700000e+01   1.6726372944419696
   3.5710000e+01   1.8808825094419697
   3.5720000e+01   2.0821209044419695
   3.5730000e+01   2.2696428344419695
   3.5740000e+01   2.4368846694419695
   3.5750000e+01   2.5782953744419697
   3.5760000e+01   2.69070614844197
   3.5770000e+01   2.77428966344197
   3.5780000e+01   2.8313896649419696
   3.5790000e+01   2.86431194444197
   3.5800000e+01  2.8748852864419696
   3.5810000e+01  2.8662108584419697
   3.5820000e+01  2.84412364594197
   3.5830000e+01  2.81624226894197
   3.5840000e+01  2.78927286894197
   3.5850000e+01  2.76728453394197
   3.5860000e+01  2.75262148644197
   3.5870000e+01   2.74787803084197
   3.5880000e+01   2.7562157207419697
   3.5890000e+01   2.78009531924197
   3.5900000e+01   2.82064226974197
   3.5910000e+01   2.87773248924197
   3.5920000e+01   2.94906874774197
   3.5930000e+01   3.02932833474197
   3.5940000e+01   3.11227043024197
   3.5950000e+01   3.19425605224197
   3.5960000e+01   3.27421726574197
   3.5970000e+01   3.3501077437419697
   3.5980000e+01   3.4174997072419697
   3.5990000e+01   3.47227961224197
   3.6000000e+01   3.51265862774197
   3.6010000e+01   3.53748848424197
   3.6020000e+01  3.54447332724197
   3.6030000e+01  3.53176223874197
   3.6040000e+01  3.50049847424197
   3.6050000e+01  3.45440245724197
   3.6060000e+01  3.39697299524197
   3.6070000e+01  3.32985676824197
   3.6080000e+01  3.25400970824197
   3.6090000e+01  3.17197831574197
   3.6100000e+01  3.08848291774197
   3.6110000e+01  3.0084302362419697
   3.6120000e+01  2.9347290142419697
   3.6130000e+01  2.8685283547419695
   3.6140000e+01  2.8108220957419694
   3.6150000e+01  2.7624950252419693
   3.6160000e+01  2.7230056077419693
   3.6170000e+01  2.690329492741969
   3.6180000e+01  2.6623346317419694
   3.6190000e+01  2.6374438942419696
   3.6200000e+01  2.6142176557419696
   3.6210000e+01  2.59106683924197
   3.6220000e+01  2.5661586712419697
   3.6230000e+01  2.5375283767419696
   3.6240000e+01  2.50443846574197
   3.6250000e+01  2.4690238712419696
   3.6260000e+01  2.4353709192419695
   3.6270000e+01  2.4067245022419694
   3.6280000e+01  2.3846841982419695
   3.6290000e+01  2.3703552962419696
   3.6300000e+01  2.36409922409197
   3.6310000e+01   2.36474185904197
   3.6320000e+01   2.37133088054197
   3.6330000e+01   2.38473278244197
   3.6340000e+01   2.40500372044197
   3.6350000e+01   2.4286699989419698
   3.6360000e+01   2.4516877189419697
   3.6370000e+01   2.4738722589419697
   3.6380000e+01   2.4979128934419697
   3.6390000e+01   2.52592953394197
   3.6400000e+01   2.55916930694197
   3.6410000e+01   2.59820081244197
   3.6420000e+01   2.64118251594197
   3.6430000e+01   2.68541407494197
   3.6440000e+01   2.7321175019419703
   3.6450000e+01   2.7844723619419702
   3.6460000e+01   2.8390979209419704
   3.6470000e+01   2.8862165839419704
   3.6480000e+01   2.9209503024419705
   3.6490000e+01   2.9467503519419704
   3.6500000e+01   2.9640058874419704
   3.6510000e+01  2.9639030069419703
   3.6520000e+01  2.9392088484419703
   3.6530000e+01  2.8934425644419703
   3.6540000e+01  2.8330756939419706
   3.6550000e+01  2.7577404529419707
   3.6560000e+01  2.6652153129419704
   3.6570000e+01  2.5599830829419705
   3.6580000e+01  2.4489755529419703
   3.6590000e+01  2.3328743229419704
   3.6600000e+01  2.2087360729419703
   3.6610000e+01  2.0783252129419703
   3.6620000e+01  1.9472083479419702
   3.6630000e+01  1.81702818294197
   3.6640000e+01  1.6842436529419702
   3.6650000e+01  1.5463118279419703
   3.6660000e+01  1.4051328229419702
   3.6670000e+01  1.2642144429419702
   3.6680000e+01  1.1251281129419701
   3.6690000e+01  0.9868517429419701
   3.6700000e+01  0.84682569794197
   3.6710000e+01  0.7030533829419701
   3.6720000e+01  0.5568732779419701
   3.6730000e+01  0.41327388794197006
   3.6740000e+01  0.27676770794197003
   3.6750000e+01  0.14708805294197003
   3.6760000e+01  0.02052856294197003
   3.6770000e+01  -0.10455761205802996
   3.6780000e+01  -0.22559454205802998
   3.6790000e+01  -0.33982285205803
   3.6800000e+01  -0.44852746205802996
   3.6810000e+01  -0.55547187205803
   3.6820000e+01  -0.66241769705803
   3.6830000e+01  -0.76856526205803
   3.6840000e+01  -0.8738779220580299
   3.6850000e+01  -0.98019875205803
   3.6860000e+01  -1.08863831205803
   3.6870000e+01  -1.19825097705803
   3.6880000e+01  -1.3081453170580302
   3.6890000e+01  -1.4189716970580302
   3.6900000e+01  -1.5315713270580302
   3.6910000e+01  -1.6459835120580302
   3.6920000e+01  -1.7624658770580302
   3.6930000e+01  -1.8817479570580302
   3.6940000e+01  -2.0038702720580304
   3.6950000e+01  -2.1287109120580303
   3.6960000e+01  -2.2578536970580303
   3.6970000e+01  -2.3936423120580304
   3.6980000e+01  -2.5361693570580304
   3.6990000e+01  -2.6835738570580303
   3.7000000e+01  -2.83512203205803
   3.7010000e+01  -2.99079434205803
   3.7020000e+01  -3.14749104705803
   3.7030000e+01  -3.29909355705803
   3.7040000e+01  -3.44140734705803
   3.7050000e+01  -3.5742448920580303
   3.7060000e+01  -3.69762485205803
   3.7070000e+01  -3.8087731320580303
   3.7080000e+01  -3.9044422665580303
   3.7090000e+01  -3.98409040255803
   3.7100000e+01  -4.0493263840580305
   3.7110000e+01  -4.101902179058031
   3.7120000e+01  -4.14382641305803
   3.7130000e+01  -4.17855057505803
   3.7140000e+01  -4.21037368855803
   3.7150000e+01  -4.2418681310580295
   3.7160000e+01  -4.271760436558029
   3.7170000e+01  -4.2959630635580295
   3.7180000e+01  -4.31186621055803
   3.7190000e+01  -4.32179212395803
   3.7200000e+01  -4.33093916085803
   3.7210000e+01  -4.34109992585803
   3.7220000e+01  -4.34717443010803
   3.7230000e+01   -4.34096774285803
   3.7240000e+01   -4.318811165858031
   3.7250000e+01   -4.2852209633580305
   3.7260000e+01   -4.248064314858031
   3.7270000e+01   -4.209394219358031
   3.7280000e+01   -4.162808211858031
   3.7290000e+01   -4.10207660185803
   3.7300000e+01   -4.02982438035803
   3.7310000e+01   -3.95291922585803
   3.7320000e+01   -3.8716546648580303
   3.7330000e+01   -3.7812193078580303
   3.7340000e+01   -3.68294325035803
   3.7350000e+01   -3.58364094035803
   3.7360000e+01   -3.48202551035803
   3.7370000e+01   -3.3679345953580304
   3.7380000e+01   -3.2400594353580305
   3.7390000e+01   -3.1117183753580306
   3.7400000e+01   -2.9909914353580307
   3.7410000e+01   -2.8677934803580305
   3.7420000e+01   -2.7315412203580305
   3.7430000e+01   -2.5894430253580305
   3.7440000e+01   -2.4532256403580304
   3.7450000e+01   -2.3181435853580306
   3.7460000e+01   -2.1717243703580307
   3.7470000e+01   -2.0156806603580306
   3.7480000e+01   -1.8611924303580305
   3.7490000e+01   -1.7070997803580306
   3.7500000e+01   -1.5411807903580306
   3.7510000e+01   -1.3615147303580306
   3.7520000e+01   -1.1790935653580306
   3.7530000e+01   -0.9989017903580306
   3.7540000e+01   -0.8151587353580306
   3.7550000e+01   -0.6274590203580306
   3.7560000e+01   -0.4457335953580306
   3.7570000e+01   -0.2749109503580306
   3.7580000e+01   -0.10856801035803057
   3.7590000e+01   0.05670523964196941
   3.7600000e+01   0.2126279446419694
   3.7610000e+01   0.3512266796419694
   3.7620000e+01   0.4756578996419694
   3.7630000e+01   0.5924391146419694
   3.7640000e+01   0.7006074446419694
   3.7650000e+01   0.7949013176419695
   3.7660000e+01   0.8736917851419694
   3.7670000e+01   0.9378519421419694
   3.7680000e+01   0.9861085546419694
   3.7690000e+01   1.0167891671419695
   3.7700000e+01   1.0315464658419695
   3.7710000e+01  1.0333927797919695
   3.7720000e+01  1.0228453855419695
   3.7730000e+01  0.9990826235419694
   3.7740000e+01  0.9638858360419694
   3.7750000e+01  0.9222029045419694
   3.7760000e+01  0.8791095545419694
   3.7770000e+01  0.8374538125419694
   3.7780000e+01  0.7985130555419694
   3.7790000e+01  0.7643050010419694
   3.7800000e+01  0.7385379140419694
   3.7810000e+01  0.7246801667919694
   3.7820000e+01   0.7234070823419695
   3.7830000e+01   0.7327447586419695
   3.7840000e+01   0.7500435176419695
   3.7850000e+01   0.7722705416419695
   3.7860000e+01   0.7951419561419695
   3.7870000e+01   0.8145908406419695
   3.7880000e+01   0.8292427806419695
   3.7890000e+01   0.8390628910919695
   3.7900000e+01  0.8416852654419695
   3.7910000e+01  0.8332767338419695
   3.7920000e+01  0.8135358888419696
   3.7930000e+01  0.7862758098419695
   3.7940000e+01  0.7538088928419695
   3.7950000e+01  0.7145402823419695
   3.7960000e+01  0.6684280718419695
   3.7970000e+01  0.6211828953419695
   3.7980000e+01  0.5793038148419695
   3.7990000e+01  0.5432780643419695
   3.8000000e+01  0.5098084233419694
   3.8010000e+01  0.4792703713419694
   3.8020000e+01  0.4560091513419694
   3.8030000e+01  0.4408731713419694
   3.8040000e+01  0.4282188523419694
   3.8050000e+01  0.41270586484196936
   3.8060000e+01  0.39579925184196935
   3.8070000e+01  0.3825257648419693
   3.8080000e+01  0.3742779536419693
   3.8090000e+01  0.3687357930419693
   3.8100000e+01  0.3653704422919693
   3.8110000e+01   0.3662505875419693
   3.8120000e+01   0.37169632534196934
   3.8130000e+01   0.38040620204196934
   3.8140000e+01   0.39483221554196934
   3.8150000e+01   0.42085296404196937
   3.8160000e+01   0.45967120104196935
   3.8170000e+01   0.5050428795419694
   3.8180000e+01   0.5515702830419693
   3.8190000e+01   0.6008141875419694
   3.8200000e+01   0.6554679575419694
   3.8210000e+01   0.7124744925419694
   3.8220000e+01   0.7669536985419694
   3.8230000e+01   0.8190163770419694
   3.8240000e+01   0.8712158720419694
   3.8250000e+01   0.9220406670419694
   3.8260000e+01   0.9671682065419694
   3.8270000e+01   1.0050966815419695
   3.8280000e+01   1.0365604200419696
   3.8290000e+01   1.0598634680419696
   3.8300000e+01   1.0716929586919697
   3.8310000e+01  1.0720460257419697
   3.8320000e+01  1.0641250446419697
   3.8330000e+01  1.0493258636419696
   3.8340000e+01  1.0260033226419696
   3.8350000e+01  0.9936811421419696
   3.8360000e+01  0.9552069001419695
   3.8370000e+01  0.9135071426419695
   3.8380000e+01  0.8685857611419695
   3.8390000e+01  0.8191789071419695
   3.8400000e+01  0.7657147931419696
   3.8410000e+01  0.7103679981419696
   3.8420000e+01  0.6558574106419696
   3.8430000e+01  0.6057729441419696
   3.8440000e+01  0.5643580401419696
   3.8450000e+01  0.5335299816419695
   3.8460000e+01  0.5110160801419695
   3.8470000e+01  0.4935899156419695
   3.8480000e+01  0.48089000229196954
   3.8490000e+01  0.47321173549196954
   3.8500000e+01  0.4667404152419695
   3.8510000e+01  0.4549305599419695
   3.8520000e+01  0.4347366964419695
   3.8530000e+01  0.4079204379419695
   3.8540000e+01  0.3757392044419695
   3.8550000e+01  0.3360254014419695
   3.8560000e+01  0.28691921094196954
   3.8570000e+01  0.23055048044196952
   3.8580000e+01  0.1710966629419695
   3.8590000e+01  0.11088595694196951
   3.8600000e+01  0.04995865994196951
   3.8610000e+01  -0.011647121058030493
   3.8620000e+01  -0.0728930045580305
   3.8630000e+01  -0.1333014015580305
   3.8640000e+01  -0.1946819565580305
   3.8650000e+01  -0.2602147250580305
   3.8660000e+01  -0.3315770730580305
   3.8670000e+01  -0.4082397330580305
   3.8680000e+01  -0.4904620090580305
   3.8690000e+01  -0.5812867000580305
   3.8700000e+01  -0.6835658130580305
   3.8710000e+01  -0.7961888630580306
   3.8720000e+01  -0.9155277080580306
   3.8730000e+01  -1.0396452780580308
   3.8740000e+01  -1.1685966030580308
   3.8750000e+01  -1.3012442830580309
   3.8760000e+01  -1.4343428230580308
   3.8770000e+01  -1.5648585480580308
   3.8780000e+01  -1.691628763058031
   3.8790000e+01  -1.8147717330580309
   3.8800000e+01  -1.9341078230580309
   3.8810000e+01  -2.0475142430580306
   3.8820000e+01  -2.1507683140580305
   3.8830000e+01  -2.2404603780580303
   3.8840000e+01  -2.31701794755803
   3.8850000e+01  -2.38290625105803
   3.8860000e+01  -2.43813370655803
   3.8870000e+01  -2.48032082855803
   3.8880000e+01  -2.5091710210580302
   3.8890000e+01  -2.52727120305803
   3.8900000e+01  -2.5354286045580303
   3.8910000e+01   -2.5306179280580303
   3.8920000e+01   -2.51045083305803
   3.8930000e+01   -2.4770464470580302
   3.8940000e+01   -2.4342332900580304
   3.8950000e+01   -2.3828659405580304
   3.8960000e+01   -2.3214680345580305
   3.8970000e+01   -2.2503638425580306
   3.8980000e+01   -2.1722703865580306
   3.8990000e+01   -2.0886763540580304
   3.9000000e+01   -1.9982992175580305
   3.9010000e+01   -1.9004279320580306
   3.9020000e+01   -1.7978522570580306
   3.9030000e+01   -1.6944721720580307
   3.9040000e+01   -1.5910809270580306
   3.9050000e+01   -1.4856806620580305
   3.9060000e+01   -1.3775307420580305
   3.9070000e+01   -1.2687361420580305
   3.9080000e+01   -1.1615476570580305
   3.9090000e+01   -1.0556307870580306
   3.9100000e+01   -0.9484732970580306
   3.9110000e+01   -0.8374192270580306
   3.9120000e+01   -0.7206543670580307
   3.9130000e+01   -0.5968808120580307
   3.9140000e+01   -0.46543530705803066
   3.9150000e+01   -0.32756954705803065
   3.9160000e+01   -0.18642499705803064
   3.9170000e+01   -0.043581597058030636
   3.9180000e+01   0.10369328294196939
   3.9190000e+01   0.25848652794196936
   3.9200000e+01   0.41770662294196936
   3.9210000e+01   0.5739734279419694
   3.9220000e+01   0.7246506829419694
   3.9230000e+01   0.8737027479419694
   3.9240000e+01   1.0235072979419695
   3.9250000e+01   1.1712562529419694
   3.9260000e+01   1.3151297879419694
   3.9270000e+01   1.4562573429419694
   3.9280000e+01   1.5917281079419694
   3.9290000e+01   1.7142734779419695
   3.9300000e+01   1.8230414979419696
   3.9310000e+01   1.9260605929419696
   3.9320000e+01   2.0274700979419698
   3.9330000e+01   2.12160460444197
   3.9340000e+01   2.20496904994197
   3.9350000e+01   2.2838859334419697
   3.9360000e+01   2.36349075344197
   3.9370000e+01   2.43919887194197
   3.9380000e+01   2.50705314544197
   3.9390000e+01   2.57290884744197
   3.9400000e+01   2.6420795459419697
   3.9410000e+01   2.7080893654419698
   3.9420000e+01   2.7613755149419696
   3.9430000e+01   2.8024145439419694
   3.9440000e+01   2.8368909259419692
   3.9450000e+01   2.8638729879419693
   3.9460000e+01   2.8785771823419695
   3.9470000e+01   2.8826670454019694
   3.9480000e+01  2.8825389788619695
   3.9490000e+01  2.8799019557619694
   3.9500000e+01  2.8721808413619696
   3.9510000e+01  2.8607136328619696
   3.9520000e+01  2.8510221453119695
   3.9530000e+01  2.8449377754119696
   3.9540000e+01  2.8385731015119697
   3.9550000e+01  2.82875422396197
   3.9560000e+01  2.8159679134619697
   3.9570000e+01  2.7993060769619698
   3.9580000e+01  2.77375155796197
   3.9590000e+01  2.73615916746197
   3.9600000e+01  2.69025254196197
   3.9610000e+01  2.64086300046197
   3.9620000e+01  2.58532398596197
   3.9630000e+01  2.51606140296197
   3.9640000e+01  2.4310138454619703
   3.9650000e+01  2.33569228846197
   3.9660000e+01  2.23444114096197
   3.9670000e+01  2.1257210459619698
   3.9680000e+01  2.0079756809619695
   3.9690000e+01  1.8844434659619695
   3.9700000e+01  1.7586390659619695
   3.9710000e+01  1.6291044959619696
   3.9720000e+01  1.4923983409619697
   3.9730000e+01  1.3489558059619697
   3.9740000e+01  1.2029703659619697
   3.9750000e+01  1.0577851409619696
   3.9760000e+01  0.9138710959619696
   3.9770000e+01  0.7714138309619696
   3.9780000e+01  0.6333773459619696
   3.9790000e+01  0.5042155109619696
   3.9800000e+01  0.3849193509619696
   3.9810000e+01  0.2720080059619696
   3.9820000e+01  0.1645041659619696
   3.9830000e+01  0.06911187146196959
   3.9840000e+01  -0.00708747103803041
   3.9850000e+01  -0.06692474753803042
   3.9860000e+01  -0.11839165803803042
   3.9870000e+01  -0.16056993153803042
   3.9880000e+01  -0.18413354903803042
   3.9890000e+01   -0.18734414163803043
   3.9900000e+01   -0.18106594393803044
   3.9910000e+01   -0.17423223223803044
   3.9920000e+01   -0.16467006633803044
   3.9930000e+01   -0.14942150683803043
   3.9940000e+01   -0.13334256533803043
   3.9950000e+01   -0.11957970383803043
   3.9960000e+01   -0.10082304733803044
   3.9970000e+01   -0.06973773383803043
   3.9980000e+01   -0.03142931183803043
   3.9990000e+01   0.003718145161969569
   4.0000000e+01   0.033814498161969575
   4.0010000e+01   0.062459727661969576
   4.0020000e+01   0.08627561216196958
   4.0030000e+01  0.09481152546196958
   4.0040000e+01  0.08041594726196959
   4.0050000e+01  0.04083494326196958
   4.0060000e+01  -0.024620427238030415
   4.0070000e+01  -0.11325509223803042
   4.0080000e+01  -0.21515598923803042
   4.0090000e+01  -0.3185246292380304
   4.0100000e+01  -0.41845539273803034
   4.0110000e+01  -0.5158691527380304
   4.0120000e+01  -0.6100474502380303
   4.0130000e+01  -0.6972569337380303
   4.0140000e+01  -0.7743968247380303
   4.0150000e+01  -0.8387301052380303
   4.0160000e+01  -0.8858978337380302
   4.0170000e+01  -0.9134629577380302
   4.0180000e+01  -0.9252668545380303
   4.0190000e+01   -0.9272526533880303
   4.0200000e+01   -0.9191713679380303
   4.0210000e+01   -0.8947803129380303
   4.0220000e+01   -0.8506837994380303
   4.0230000e+01   -0.7910349234380303
   4.0240000e+01   -0.7222955539380302
   4.0250000e+01   -0.6472573544380302
   4.0260000e+01   -0.5672368459380303
   4.0270000e+01   -0.48719216443803026
   4.0280000e+01   -0.4133958959380303
   4.0290000e+01   -0.3459939639380303
   4.0300000e+01   -0.2790310819380303
   4.0310000e+01   -0.2099857449380303
   4.0320000e+01   -0.1448577899380303
   4.0330000e+01   -0.09052699693803032
   4.0340000e+01   -0.046209241438030325
   4.0350000e+01   -0.007167521438030323
   4.0360000e+01   0.02671962006196968
   4.0370000e+01   0.05251989606196968
   4.0380000e+01   0.07245136056196969
   4.0390000e+01   0.09322672906196969
   4.0400000e+01   0.11649769856196969
   4.0410000e+01   0.1358319215619697
   4.0420000e+01   0.14466560231196968
   4.0430000e+01  0.14238946881196968
   4.0440000e+01  0.13096275506196967
   4.0450000e+01  0.11057255406196967
   4.0460000e+01  0.08230903306196967
   4.0470000e+01  0.05237033456196967
   4.0480000e+01  0.029639831061969667
   4.0490000e+01  0.019253013911969666
   4.0500000e+01   0.020653453361969665
   4.0510000e+01   0.031704964961969666
   4.0520000e+01   0.05212853546196967
   4.0530000e+01   0.08151387146196967
   4.0540000e+01   0.11603952946196967
   4.0550000e+01   0.15042432196196967
   4.0560000e+01   0.18281892796196966
   4.0570000e+01   0.21422398696196965
   4.0580000e+01   0.24294191896196965
   4.0590000e+01   0.26455292396196967
   4.0600000e+01   0.27894201996196966
   4.0610000e+01   0.29155139996196966
   4.0620000e+01   0.30432169246196966
   4.0630000e+01   0.31099243941196963
   4.0640000e+01  0.30560427186196965
   4.0650000e+01  0.2898305253619696
   4.0660000e+01  0.2665677213619696
   4.0670000e+01  0.2323574323619696
   4.0680000e+01  0.1834688403619696
   4.0690000e+01  0.12498601336196957
   4.0700000e+01  0.06637251686196957
   4.0710000e+01  0.011622408361969566
   4.0720000e+01  -0.038875829138030435
   4.0730000e+01  -0.08010384263803043
   4.0740000e+01  -0.10428203213803043
   4.0750000e+01   -0.10978523698803043
   4.0760000e+01   -0.10166040383803043
   4.0770000e+01   -0.08407358233803043
   4.0780000e+01   -0.05753635783803043
   4.0790000e+01   -0.022617617338030437
   4.0800000e+01   0.018634300661969562
   4.0810000e+01   0.06505653466196956
   4.0820000e+01   0.11702128616196955
   4.0830000e+01   0.17491060416196955
   4.0840000e+01   0.23857736216196956
   4.0850000e+01   0.30737914966196955
   4.0860000e+01   0.37998168966196955
   4.0870000e+01   0.45558797316196953
   4.0880000e+01   0.5350857036619695
   4.0890000e+01   0.6184461566619694
   4.0900000e+01   0.7016605256619695
   4.0910000e+01   0.7798393786619695
   4.0920000e+01   0.8529825096619695
   4.0930000e+01   0.9246983576619695
   4.0940000e+01   0.9953157466619695
   4.0950000e+01   1.0604753191619696
   4.0960000e+01   1.1168125301619696
   4.0970000e+01   1.1646894726619696
   4.0980000e+01   1.2042968021619695
   4.0990000e+01   1.2331240391619696
   4.1000000e+01   1.2492563895119695
   4.1010000e+01  1.2540728351749695
   4.1020000e+01  1.2490440712379696
   4.1030000e+01  1.2316639079879697
   4.1040000e+01  1.1977466224879696
   4.1050000e+01  1.1481066004879696
   4.1060000e+01  1.0906646234879696
   4.1070000e+01  1.0343680129879695
   4.1080000e+01  0.9822063564879695
   4.1090000e+01  0.9319911984879695
   4.1100000e+01  0.8826159829879695
   4.1110000e+01  0.8358710569879695
   4.1120000e+01  0.7916177964879695
   4.1130000e+01  0.7451355364879695
   4.1140000e+01  0.6915449699879694
   4.1150000e+01  0.6302093859879694
   4.1160000e+01  0.5627076249879693
   4.1170000e+01  0.48938205248796934
   4.1180000e+01  0.41085675398796934
   4.1190000e+01  0.3308123779879693
   4.1200000e+01  0.2539913769879693
   4.1210000e+01  0.1823940254879693
   4.1220000e+01  0.11545804198796929
   4.1230000e+01  0.052283795487969284
   4.1240000e+01  -0.008664941012030719
   4.1250000e+01  -0.07026553301203073
   4.1260000e+01  -0.13430317451203072
   4.1270000e+01  -0.19946100851203072
   4.1280000e+01  -0.2639567620120307
   4.1290000e+01  -0.3284731890120307
   4.1300000e+01  -0.3936656745120307
   4.1310000e+01  -0.4563257635120307
   4.1320000e+01  -0.5115598805120307
   4.1330000e+01  -0.5583990715120307
   4.1340000e+01  -0.6004432580120307
   4.1350000e+01  -0.6414311065120307
   4.1360000e+01  -0.6830204365120307
   4.1370000e+01  -0.7265787975120307
   4.1380000e+01  -0.7739996335120307
   4.1390000e+01  -0.8262746630120307
   4.1400000e+01  -0.8837094285120307
   4.1410000e+01  -0.9478032905120307
   4.1420000e+01  -1.0202037565120308
   4.1430000e+01  -1.0987815805120307
   4.1440000e+01  -1.1767747385120306
   4.1450000e+01  -1.2470600665120306
   4.1460000e+01  -1.3061705655120306
   4.1470000e+01  -1.3538366115120306
   4.1480000e+01  -1.3908366585120306
   4.1490000e+01  -1.4192944360120305
   4.1500000e+01  -1.4442739915120306
   4.1510000e+01  -1.4726439925120307
   4.1520000e+01  -1.5087692630120306
   4.1530000e+01  -1.5514657915120307
   4.1540000e+01  -1.5964449610120306
   4.1550000e+01  -1.6425686475120307
   4.1560000e+01  -1.6950325720120307
   4.1570000e+01  -1.7614893465120307
   4.1580000e+01  -1.8457682535120308
   4.1590000e+01  -1.9464659230120307
   4.1600000e+01  -2.0601495380120305
   4.1610000e+01  -2.1829387980120307
   4.1620000e+01  -2.3090067730120305
   4.1630000e+01  -2.4308920730120307
   4.1640000e+01  -2.5429425080120307
   4.1650000e+01  -2.642703752012031
   4.1660000e+01  -2.7282868495120307
   4.1670000e+01  -2.7971899320120306
   4.1680000e+01  -2.8496582225120304
   4.1690000e+01  -2.8910205750120306
   4.1700000e+01  -2.9280429095120306
   4.1710000e+01  -2.9637180390120306
   4.1720000e+01  -2.9971972015120305
   4.1730000e+01  -3.0274233435120306
   4.1740000e+01  -3.0545586075120306
   4.1750000e+01  -3.0785345050120307
   4.1760000e+01  -3.0981669650120307
   4.1770000e+01  -3.111226829412031
   4.1780000e+01   -3.113962935062031
   4.1790000e+01   -3.1018123288120307
   4.1800000e+01   -3.0729196503120306
   4.1810000e+01   -3.0304594838120305
   4.1820000e+01   -2.9795889118120304
   4.1830000e+01   -2.9228330288120303
   4.1840000e+01   -2.8603372948120303
   4.1850000e+01   -2.7934204303120302
   4.1860000e+01   -2.7251593678120303
   4.1870000e+01   -2.6580382598120305
   4.1880000e+01   -2.5934360558120306
   4.1890000e+01   -2.5327480553120307
   4.1900000e+01   -2.4765103938120308
   4.1910000e+01   -2.4230575188120307
   4.1920000e+01   -2.3706201143120307
   4.1930000e+01   -2.3203466888120308
   4.1940000e+01   -2.2749196298120307
   4.1950000e+01   -2.234577109812031
   4.1960000e+01   -2.1966652908120308
   4.1970000e+01   -2.158778017812031
   4.1980000e+01   -2.120346317812031
   4.1990000e+01   -2.081158501312031
   4.2000000e+01   -2.039548576312031
   4.2010000e+01   -1.991787573312031
   4.2020000e+01   -1.932744878812031
   4.2030000e+01   -1.858212720812031
   4.2040000e+01   -1.767342343812031
   4.2050000e+01   -1.662047919312031
   4.2060000e+01   -1.544241514312031
   4.2070000e+01   -1.4153225343120308
   4.2080000e+01   -1.2779657143120309
   4.2090000e+01   -1.1356719893120308
   4.2100000e+01   -0.9901035093120308
   4.2110000e+01   -0.8413054093120309
   4.2120000e+01   -0.6909059093120309
   4.2130000e+01   -0.5425572043120308
   4.2140000e+01   -0.3989781143120308
   4.2150000e+01   -0.26131968931203076
   4.2160000e+01   -0.13147400931203077
   4.2170000e+01   -0.011408079312030778
   4.2180000e+01   0.10065514568796921
   4.2190000e+01   0.2100066956879692
   4.2200000e+01   0.3202542206879692
   4.2210000e+01   0.4312024556879692
   4.2220000e+01   0.5421862456879692
   4.2230000e+01   0.6534850756879692
   4.2240000e+01   0.7634291706879692
   4.2250000e+01   0.8684812706879692
   4.2260000e+01   0.9681418491879692
   4.2270000e+01   1.0659883391879692
   4.2280000e+01   1.1639477886879692
   4.2290000e+01   1.2594511711879692
   4.2300000e+01   1.3505338586879692
   4.2310000e+01   1.4396777406879693
   4.2320000e+01   1.5292845726879694
   4.2330000e+01   1.6165724691879693
   4.2340000e+01   1.6967420311879693
   4.2350000e+01   1.7690994456879694
   4.2360000e+01   1.8364575421879694
   4.2370000e+01   1.8998565161879695
   4.2380000e+01   1.9574858741879695
   4.2390000e+01   2.0085508071879694
   4.2400000e+01   2.0549358816879693
   4.2410000e+01   2.0979973696879695
   4.2420000e+01   2.1357829611879695
   4.2430000e+01   2.1650218366879694
   4.2440000e+01   2.1850196191879694
   4.2450000e+01   2.1981512811879695
   4.2460000e+01   2.2067231150379696
   4.2470000e+01   2.2106764279879694
   4.2480000e+01  2.2086411265379695
   4.2490000e+01  2.2000242964879697
   4.2500000e+01  2.18528519648797
   4.2510000e+01  2.16491567298797
   4.2520000e+01  2.13903104098797
   4.2530000e+01  2.10771332248797
   4.2540000e+01  2.07128855048797
   4.2550000e+01  2.03048388148797
   4.2560000e+01  1.98641528098797
   4.2570000e+01  1.93998674248797
   4.2580000e+01  1.89141071548797
   4.2590000e+01  1.84107458548797
   4.2600000e+01  1.79067295898797
   4.2610000e+01  1.74220327148797
   4.2620000e+01  1.69559372998797
   4.2630000e+01  1.64848351048797
   4.2640000e+01  1.59852242548797
   4.2650000e+01  1.54451868548797
   4.2660000e+01  1.48523624048797
   4.2670000e+01  1.41924779148797
   4.2680000e+01  1.34709177498797
   4.2690000e+01  1.27171817198797
   4.2700000e+01  1.19533606498797
   4.2710000e+01  1.11751421998797
   4.2720000e+01  1.03810068598797
   4.2730000e+01  0.96021507748797
   4.2740000e+01  0.8878989004879699
   4.2750000e+01  0.8219433994879699
   4.2760000e+01  0.7604586304879699
   4.2770000e+01  0.7025342919879699
   4.2780000e+01  0.6485120399879699
   4.2790000e+01  0.5971116884879699
   4.2800000e+01  0.5452364619879699
   4.2810000e+01  0.49083088348796994
   4.2820000e+01  0.43332766648796994
   4.2830000e+01  0.3709710169879699
   4.2840000e+01  0.3006982589879699
   4.2850000e+01  0.2221048209879699
   4.2860000e+01  0.1393800944879699
   4.2870000e+01  0.057725890987969875
   4.2880000e+01  -0.020534152512030127
   4.2890000e+01  -0.09488291451203013
   4.2900000e+01  -0.16346152751203014
   4.2910000e+01  -0.22312571101203013
   4.2920000e+01  -0.2717896685120301
   4.2930000e+01  -0.30910506351203015
   4.2940000e+01  -0.33578356401203013
   4.2950000e+01  -0.35386591851203014
   4.2960000e+01  -0.36656331651203017
   4.2970000e+01  -0.37595485281203017
   4.2980000e+01  -0.38174407136203015
   4.2990000e+01  -0.38390827715703013
   4.3000000e+01  -0.3850590506520301
   4.3010000e+01  -0.3878600344020301
   4.3020000e+01  -0.3914809608020301
   4.3030000e+01  -0.3934835270270301
   4.3040000e+01  -0.3944435631520301
   4.3050000e+01  -0.3977398455520301
   4.3060000e+01  -0.40490318620203014
   4.3070000e+01  -0.41386043725203014
   4.3080000e+01  -0.42208365220203015
   4.3090000e+01  -0.42911986825203013
   4.3100000e+01  -0.4351745852020301
   4.3110000e+01  -0.4388867643020301
   4.3120000e+01   -0.4378146391520301
   4.3130000e+01   -0.4307448379520301
   4.3140000e+01   -0.41870520045203014
   4.3150000e+01   -0.40330109345203013
   4.3160000e+01   -0.38421400645203013
   4.3170000e+01   -0.35901086395203013
   4.3180000e+01   -0.3255919929520301
   4.3190000e+01   -0.2838584154520301
   4.3200000e+01   -0.23452960095203013
   4.3210000e+01   -0.17774908595203012
   4.3220000e+01   -0.11401539795203013
   4.3230000e+01   -0.04525168295203014
   4.3240000e+01   0.026517232047969866
   4.3250000e+01   0.10059935854796986
   4.3260000e+01   0.17635369954796987
   4.3270000e+01   0.25145579204796986
   4.3280000e+01   0.32296994954796987
   4.3290000e+01   0.3893844145479699
   4.3300000e+01   0.4502501915479699
   4.3310000e+01   0.5047019645479699
   4.3320000e+01   0.5517818640479699
   4.3330000e+01   0.59145363854797
   4.3340000e+01   0.6239352250479699
   4.3350000e+01   0.64874745854797
   4.3360000e+01   0.66561858004797
   4.3370000e+01   0.67542355364797
   4.3380000e+01   0.67883328633297
   4.3390000e+01  0.67482409976797
   4.3400000e+01  0.66213681411797
   4.3410000e+01  0.6419493661179699
   4.3420000e+01  0.6178872791179699
   4.3430000e+01  0.5936293971179699
   4.3440000e+01  0.5714961976179699
   4.3450000e+01  0.5529768186179699
   4.3460000e+01  0.5393274031179699
   4.3470000e+01  0.5313520299179699
   4.3480000e+01   0.52910851486297
   4.3490000e+01   0.53190076430797
   4.3500000e+01   0.5384598072079699
   4.3510000e+01   0.5474475315579699
   4.3520000e+01   0.5578819208079698
   4.3530000e+01   0.5687883358079698
   4.3540000e+01   0.5787914942579698
   4.3550000e+01   0.5868839826579698
   4.3560000e+01   0.5934116136079698
   4.3570000e+01   0.5994012607579697
   4.3580000e+01   0.6052480207079697
   4.3590000e+01   0.6112703912579697
   4.3600000e+01   0.6191608467079697
   4.3610000e+01   0.6310306059079697
   4.3620000e+01   0.6466166484079696
   4.3630000e+01   0.6628436659079696
   4.3640000e+01   0.6765117389079696
   4.3650000e+01   0.6861254578079695
   4.3660000e+01   0.6909329106079695
   4.3670000e+01  0.6900236457079695
   4.3680000e+01  0.6834402130579694
   4.3690000e+01  0.6730335972079694
   4.3700000e+01  0.6610908987079694
   4.3710000e+01  0.6486830587079695
   4.3720000e+01  0.6361471312079695
   4.3730000e+01  0.6245993212079695
   4.3740000e+01  0.6159314393079695
   4.3750000e+01  0.6113470412079695
   4.3760000e+01   0.6105354628979694
   4.3770000e+01   0.6121359087379694
   4.3780000e+01   0.6142746290379694
   4.3790000e+01  0.6147989134179693
   4.3800000e+01  0.6121945537979693
   4.3810000e+01  0.6068588447479693
   4.3820000e+01  0.6006573909479692
   4.3830000e+01  0.5946857325979692
   4.3840000e+01  0.5884165550479692
   4.3850000e+01  0.5816993058979691
   4.3860000e+01  0.5762633172979691
   4.3870000e+01  0.573989955387969
   4.3880000e+01   0.574890337027969
   4.3890000e+01   0.578322438727969
   4.3900000e+01   0.585070020877969
   4.3910000e+01   0.596305153827969
   4.3920000e+01   0.611276905327969
   4.3930000e+01   0.628042586827969
   4.3940000e+01   0.646136369827969
   4.3950000e+01   0.666794977327969
   4.3960000e+01   0.690818823827969
   4.3970000e+01   0.717698303827969
   4.3980000e+01   0.7464810433279689
   4.3990000e+01   0.775963388327969
   4.4000000e+01   0.8041562133279689
   4.4010000e+01   0.828874272827969
   4.4020000e+01   0.848948866827969
   4.4030000e+01   0.864069075827969
   4.4040000e+01   0.873613855277969
   4.4050000e+01  0.8765543372529689
   4.4060000e+01  0.8727044672779689
   4.4070000e+01  0.863472759277969
   4.4080000e+01  0.850793250777969
   4.4090000e+01  0.8351231077779689
   4.4100000e+01  0.8147978717779689
   4.4110000e+01  0.787814976777969
   4.4120000e+01  0.7539289557779689
   4.4130000e+01  0.713940804777969
   4.4140000e+01  0.666906828277969
   4.4150000e+01  0.609780303277969
   4.4160000e+01  0.5410099757779689
   4.4170000e+01  0.46325447277796894
   4.4180000e+01  0.3809217542779689
   4.4190000e+01  0.2959733022779689
   4.4200000e+01  0.2082815642779689
   4.4210000e+01  0.11960647677796891
   4.4220000e+01  0.034338585777968916
   4.4230000e+01  -0.044467994222031085
   4.4240000e+01  -0.11722178522203108
   4.4250000e+01  -0.1845134517220311
   4.4260000e+01  -0.2440662447220311
   4.4270000e+01  -0.2931558112220311
   4.4280000e+01  -0.3323608762220311
   4.4290000e+01  -0.36443417972203107
   4.4300000e+01  -0.39046963472203106
   4.4310000e+01  -0.40934537172203106
   4.4320000e+01  -0.41997232352203107
   4.4330000e+01   -0.42186638047203107
   4.4340000e+01   -0.4142688401220311
   4.4350000e+01   -0.3969603746220311
   4.4360000e+01   -0.3716687816220311
   4.4370000e+01   -0.3409725511220311
   4.4380000e+01   -0.3061215846220311
   4.4390000e+01   -0.2672128086220311
   4.4400000e+01   -0.22488615762203112
   4.4410000e+01   -0.18042415962203112
   4.4420000e+01   -0.1345194356220311
   4.4430000e+01   -0.08723343062203111
   4.4440000e+01   -0.039290687122031105
   4.4450000e+01   0.007463878877968899
   4.4460000e+01   0.0515066298779689
   4.4470000e+01   0.09329980937796889
   4.4480000e+01   0.13427811437796888
   4.4490000e+01   0.1731398293779689
   4.4500000e+01   0.2045453228779689
   4.4510000e+01   0.2240866523779689
   4.4520000e+01   0.2337839267279689
   4.4530000e+01   0.2390564384779689
   4.4540000e+01  0.2402796884779689
   4.4550000e+01  0.2316724235779689
   4.4560000e+01  0.2094375160779689
   4.4570000e+01  0.17641276507796888
   4.4580000e+01  0.1367672510779689
   4.4590000e+01  0.09032350807796888
   4.4600000e+01  0.03493698507796887
   4.4610000e+01  -0.028394724922031128
   4.4620000e+01  -0.09543091892203114
   4.4630000e+01  -0.16212409442203113
   4.4640000e+01  -0.22663415192203112
   4.4650000e+01  -0.2889052144220311
   4.4660000e+01  -0.3486774354220311
   4.4670000e+01  -0.4031948574220311
   4.4680000e+01  -0.4476925734220311
   4.4690000e+01  -0.4795750004220311
   4.4700000e+01  -0.5012741364220311
   4.4710000e+01  -0.5174348444220311
   4.4720000e+01  -0.5299017194220311
   4.4730000e+01  -0.5368872950720311
   4.4740000e+01   -0.5368960640720312
   4.4750000e+01   -0.5322368449720312
   4.4760000e+01   -0.5275800881220312
   4.4770000e+01   -0.5249208977220312
   4.4780000e+01   -0.5216606631720312
   4.4790000e+01   -0.5150291181720312
   4.4800000e+01   -0.5059889234220313
   4.4810000e+01   -0.4957847951220313
   4.4820000e+01   -0.4812471721220313
   4.4830000e+01   -0.4580843761220313
   4.4840000e+01   -0.42713200262203127
   4.4850000e+01   -0.39306724412203126
   4.4860000e+01   -0.35896796912203127
   4.4870000e+01   -0.3260934106220313
   4.4880000e+01   -0.2960581201220313
   4.4890000e+01   -0.2692089261220313
   4.4900000e+01   -0.24464412562203128
   4.4910000e+01   -0.2256708361220313
   4.4920000e+01  -0.2202545883220313
   4.4930000e+01  -0.2319038370220313
   4.4940000e+01  -0.2555243200220313
   4.4950000e+01  -0.2856087785220313
   4.4960000e+01  -0.32095801402203133
   4.4970000e+01  -0.35674353052203134
   4.4980000e+01  -0.38048390102203133
   4.4990000e+01   -0.38327605527203135
   4.5000000e+01   -0.36960510352203135
   4.5010000e+01   -0.3499405035220314
   4.5020000e+01   -0.32774305352203137
   4.5030000e+01   -0.29861679352203135
   4.5040000e+01   -0.25914034152203136
   4.5050000e+01   -0.21269984552203136
   4.5060000e+01   -0.16784797652203137
   4.5070000e+01   -0.13176924952203137
   4.5080000e+01   -0.10386082652203137
   4.5090000e+01   -0.07672527852203137
   4.5100000e+01   -0.04523677352203137
   4.5110000e+01   -0.011750776522031367
   4.5120000e+01   0.02026663247796863
   4.5130000e+01   0.05290774497796863
   4.5140000e+01   0.08882376547796864
   4.5150000e+01   0.12388903497796863
   4.5160000e+01   0.15165772247796863
   4.5170000e+01   0.17192941397796863
   4.5180000e+01   0.18763611947796863
   4.5190000e+01   0.19582191992796863
   4.5200000e+01  0.18981189687796862
   4.5210000e+01  0.16936602387796862
   4.5220000e+01  0.14104560837796862
   4.5230000e+01  0.10852592837796862
   4.5240000e+01  0.06948148837796862
   4.5250000e+01  0.022299730877968618
   4.5260000e+01  -0.030812507122031388
   4.5270000e+01  -0.0879127546220314
   4.5280000e+01  -0.1482771541220314
   4.5290000e+01  -0.2089337801220314
   4.5300000e+01  -0.2659827066220314
   4.5310000e+01  -0.3189770531220314
   4.5320000e+01  -0.3683355256220314
   4.5330000e+01  -0.4100798891220314
   4.5340000e+01  -0.4401376156220314
   4.5350000e+01  -0.46209628312203144
   4.5360000e+01  -0.4823200016220314
   4.5370000e+01  -0.4985119741220314
   4.5380000e+01   -0.5029648724720314
   4.5390000e+01   -0.4979937439720314
   4.5400000e+01  -0.4980982164720314
   4.5410000e+01  -0.5138037428220315
   4.5420000e+01  -0.5420625738220315
   4.5430000e+01  -0.5761480658220315
   4.5440000e+01  -0.6163062168220315
   4.5450000e+01  -0.6651583688220315
   4.5460000e+01  -0.7198390093220315
   4.5470000e+01  -0.7756869688220315
   4.5480000e+01  -0.8332575888220315
   4.5490000e+01  -0.8954284528220315
   4.5500000e+01  -0.9610078598220315
   4.5510000e+01  -1.0273290563220314
   4.5520000e+01  -1.0965159468220314
   4.5530000e+01  -1.1725294688220314
   4.5540000e+01  -1.2528119218220313
   4.5550000e+01  -1.3289153858220313
   4.5560000e+01  -1.3961498458220314
   4.5570000e+01  -1.4580094448220313
   4.5580000e+01  -1.5200585623220313
   4.5590000e+01  -1.5833114808220312
   4.5600000e+01  -1.6448390558220312
   4.5610000e+01  -1.7013667603220313
   4.5620000e+01  -1.7504039768220312
   4.5630000e+01  -1.7905198653220311
   4.5640000e+01  -1.8227947198220311
   4.5650000e+01  -1.8504234913220312
   4.5660000e+01  -1.8747922053220312
   4.5670000e+01  -1.8928863013220312
   4.5680000e+01  -1.9006247610220313
   4.5690000e+01   -1.8985747567220312
   4.5700000e+01   -1.8927584293220312
   4.5710000e+01   -1.8896032256670312
   4.5720000e+01  -1.8912942866620313
   4.5730000e+01  -1.8965458831120312
   4.5740000e+01  -1.9047871720620313
   4.5750000e+01  -1.9178056248120312
   4.5760000e+01  -1.9365489473120312
   4.5770000e+01  -1.9579884433120311
   4.5780000e+01  -1.9779232933120312
   4.5790000e+01  -1.9968056228120312
   4.5800000e+01  -2.019069217312031
   4.5810000e+01  -2.044849317812031
   4.5820000e+01  -2.065890806812031
   4.5830000e+01   -2.072689543812031
   4.5840000e+01   -2.062564783312031
   4.5850000e+01   -2.037382709812031
   4.5860000e+01   -1.997329502312031
   4.5870000e+01   -1.941939849312031
   4.5880000e+01   -1.873693263812031
   4.5890000e+01   -1.7945700888120308
   4.5900000e+01   -1.701800186812031
   4.5910000e+01   -1.592866836812031
   4.5920000e+01   -1.4717325368120309
   4.5930000e+01   -1.3441277668120308
   4.5940000e+01   -1.2102207868120307
   4.5950000e+01   -1.0685383018120307
   4.5960000e+01   -0.9233259768120307
   4.5970000e+01   -0.7808606468120307
   4.5980000e+01   -0.6423762218120307
   4.5990000e+01   -0.5080632368120307
   4.6000000e+01   -0.3834895268120307
   4.6010000e+01   -0.2732632168120307
   4.6020000e+01   -0.17229023631203072
   4.6030000e+01   -0.07289166381203073
   4.6040000e+01   0.02235670718796927
   4.6050000e+01   0.10482161968796927
   4.6060000e+01   0.17513371218796928
   4.6070000e+01   0.24428926668796927
   4.6080000e+01   0.3192636221879693
   4.6090000e+01   0.39656360468796925
   4.6100000e+01   0.47138392868796924
   4.6110000e+01   0.5443105891879693
   4.6120000e+01   0.6150765791879693
   4.6130000e+01   0.6766897506879693
   4.6140000e+01   0.7218479216879693
   4.6150000e+01   0.7517544406879693
   4.6160000e+01   0.7732163326879693
   4.6170000e+01   0.7894780446879693
   4.6180000e+01   0.8000789241379693
   4.6190000e+01   0.8087507717879693
   4.6200000e+01   0.8240692734879693
   4.6210000e+01   0.8503400419879693
   4.6220000e+01   0.8841617124879693
   4.6230000e+01   0.9229697219879692
   4.6240000e+01   0.9705530979879692
   4.6250000e+01   1.0290818139879692
   4.6260000e+01   1.0910520229879692
   4.6270000e+01   1.1460896614879692
   4.6280000e+01   1.1928246904879691
   4.6290000e+01   1.236825499987969
   4.6300000e+01   1.2779655339879692
   4.6310000e+01   1.3078256659879692
   4.6320000e+01   1.3216437536879693
   4.6330000e+01   1.3260571312379692
   4.6340000e+01   1.3307986421379692
   4.6350000e+01   1.3378752018879692
   4.6360000e+01   1.3440815030879691
   4.6370000e+01   1.3494103788379692
   4.6380000e+01   1.3560112075879691
   4.6390000e+01   1.3623794643379692
   4.6400000e+01   1.3660670676379691
   4.6410000e+01   1.3686963260879692
   4.6420000e+01   1.3705421969129692
   4.6430000e+01  1.3652654098379693
   4.6440000e+01  1.3497042723379693
   4.6450000e+01  1.3322769158379693
   4.6460000e+01  1.3189774133379693
   4.6470000e+01  1.2981960773379693
   4.6480000e+01  1.2554192033379692
   4.6490000e+01  1.196810796837969
   4.6500000e+01  1.140609580337969
   4.6510000e+01  1.091056992337969
   4.6520000e+01  1.039867132837969
   4.6530000e+01  0.9873246548379689
   4.6540000e+01  0.9403458493379689
   4.6550000e+01  0.893819700337969
   4.6560000e+01  0.835648954337969
   4.6570000e+01  0.7678900648379691
   4.6580000e+01  0.702865083337969
   4.6590000e+01  0.6408839653379691
   4.6600000e+01  0.5709936518379691
   4.6610000e+01  0.49149743633796916
   4.6620000e+01  0.41167135783796915
   4.6630000e+01  0.33504031433796916
   4.6640000e+01  0.25768365033796914
   4.6650000e+01  0.18194988583796914
   4.6660000e+01  0.11689154833796914
   4.6670000e+01  0.06500374883796914
   4.6680000e+01  0.020030163337969142
   4.6690000e+01  -0.022559770662030854
   4.6700000e+01  -0.062160353662030855
   4.6710000e+01  -0.09926327466203086
   4.6720000e+01  -0.13735466966203086
   4.6730000e+01  -0.17822627666203086
   4.6740000e+01  -0.22025256966203086
   4.6750000e+01  -0.26182481166203087
   4.6760000e+01  -0.3036827466620309
   4.6770000e+01  -0.3467897411620309
   4.6780000e+01  -0.38866025416203087
   4.6790000e+01  -0.42360036516203087
   4.6800000e+01  -0.44846081116203085
   4.6810000e+01  -0.46684545966203084
   4.6820000e+01  -0.4845327746620308
   4.6830000e+01  -0.5021018751620309
   4.6840000e+01  -0.5159406246620308
   4.6850000e+01  -0.5244438889120309
   4.6860000e+01  -0.5280741618120308
   4.6870000e+01   -0.5254578295620308
   4.6880000e+01   -0.5154045651620308
   4.6890000e+01   -0.5011387036620308
   4.6900000e+01   -0.48691619216203086
   4.6910000e+01   -0.47215424916203086
   4.6920000e+01   -0.4537418876620309
   4.6930000e+01   -0.4316855836620309
   4.6940000e+01   -0.4077902721620309
   4.6950000e+01   -0.3814817796620309
   4.6960000e+01   -0.3512536271620309
   4.6970000e+01   -0.3175145576620309
   4.6980000e+01   -0.2804302941620309
   4.6990000e+01   -0.23785792116203092
   4.7000000e+01   -0.18828752616203093
   4.7010000e+01   -0.13299971666203092
   4.7020000e+01   -0.07381612616203093
   4.7030000e+01   -0.012399380662030932
   4.7040000e+01   0.047457583337969074
   4.7050000e+01   0.10177226433796907
   4.7060000e+01   0.15199134433796907
   4.7070000e+01   0.20370425783796908
   4.7080000e+01   0.2576716948379691
   4.7090000e+01   0.30630927433796906
   4.7100000e+01   0.34128682933796906
   4.7110000e+01   0.36130177683796905
   4.7120000e+01   0.37066650963796904
   4.7130000e+01   0.37390892888796906
   4.7140000e+01   0.37464379060296904
   4.7150000e+01   0.377673403567969
   4.7160000e+01   0.389864002767969
   4.7170000e+01   0.420306351267969
   4.7180000e+01   0.480745712267969
   4.7190000e+01   0.582799874267969
   4.7200000e+01   0.730824119267969
   4.7210000e+01   0.9172738042679689
   4.7220000e+01   1.1266140092679688
   4.7230000e+01   1.3430065492679688
   4.7240000e+01   1.5528774192679689
   4.7250000e+01   1.742507469267969
   4.7260000e+01   1.8976055492679689
   4.7270000e+01   2.006343751267969
   4.7280000e+01   2.0615998512679687
   4.7290000e+01  2.0619467197679686
   4.7300000e+01  2.0141668042679686
   4.7310000e+01  1.9351568297679687
   4.7320000e+01  1.8485330397679687
   4.7330000e+01  1.7776549177679686
   4.7340000e+01  1.7409740822679687
   4.7350000e+01   1.7505287532679688
   4.7360000e+01   1.8103684087679688
   4.7370000e+01   1.9154820932679688
   4.7380000e+01   2.0542367882679686
   4.7390000e+01   2.212842578267969
   4.7400000e+01   2.377646223267969
   4.7410000e+01   2.534929523267969
   4.7420000e+01   2.6708391832679688
   4.7430000e+01   2.7722265487679687
   4.7440000e+01   2.828004276267969
   4.7450000e+01  2.831701915767969
   4.7460000e+01  2.784724015767969
   4.7470000e+01  2.697362688267969
   4.7480000e+01  2.586073278267969
   4.7490000e+01  2.468963953267969
   4.7500000e+01  2.361420577267969
   4.7510000e+01  2.2724464727679687
   4.7520000e+01  2.2037562537679687
   4.7530000e+01  2.153403666767969
   4.7540000e+01  2.1200323622679687
   4.7550000e+01  2.1016039267679685
   4.7560000e+01  2.0906844560679683
   4.7570000e+01  2.0752151878679683
   4.7580000e+01  2.0461660298679685
   4.7590000e+01  2.0024487213679683
   4.7600000e+01  1.9472053013679682
   4.7610000e+01  1.8817094858679682
   4.7620000e+01  1.8040266968679681
   4.7630000e+01  1.7109101638679682
   4.7640000e+01  1.5996566438679682
   4.7650000e+01  1.4709599738679682
   4.7660000e+01  1.3316435938679683
   4.7670000e+01  1.1921997738679682
   4.7680000e+01  1.0602798488679681
   4.7690000e+01  0.9383760138679681
   4.7700000e+01  0.8271817688679681
   4.7710000e+01  0.7268613438679681
   4.7720000e+01  0.6343723683679681
   4.7730000e+01  0.5444979728679681
   4.7740000e+01  0.4556502563679681
   4.7750000e+01  0.37049274536796806
   4.7760000e+01  0.28846249236796806
   4.7770000e+01  0.20171553186796806
   4.7780000e+01  0.10167338986796806
   4.7790000e+01  -0.013350245132031938
   4.7800000e+01  -0.1397362201320319
   4.7810000e+01  -0.27435655513203194
   4.7820000e+01  -0.41479303013203195
   4.7830000e+01  -0.555915860132032
   4.7840000e+01  -0.690834415132032
   4.7850000e+01  -0.8154010601320321
   4.7860000e+01  -0.929174415132032
   4.7870000e+01  -1.032495773632032
   4.7880000e+01  -1.1256003221320319
   4.7890000e+01  -1.210819275632032
   4.7900000e+01  -1.2930219926320319
   4.7910000e+01  -1.3766547686320318
   4.7920000e+01  -1.4631200926320318
   4.7930000e+01  -1.5510140701320319
   4.7940000e+01  -1.6379428656320318
   4.7950000e+01  -1.7222464751320319
   4.7960000e+01  -1.803727391132032
   4.7970000e+01  -1.882691363132032
   4.7980000e+01  -1.958733187632032
   4.7990000e+01  -2.031902468632032
   4.8000000e+01  -2.104684423632032
   4.8010000e+01  -2.180380191132032
   4.8020000e+01  -2.259402135632032
   4.8030000e+01  -2.340054739632032
   4.8040000e+01  -2.423520431632032
   4.8050000e+01  -2.514896891632032
   4.8060000e+01  -2.618012884132032
   4.8070000e+01  -2.7316835641320316
   4.8080000e+01  -2.8518670141320315
   4.8090000e+01  -2.9745762841320316
   4.8100000e+01  -3.0953156741320313
   4.8110000e+01  -3.2083326891320314
   4.8120000e+01  -3.3086447946320314
   4.8130000e+01  -3.3940384871320313
   4.8140000e+01  -3.4642713286320315
   4.8150000e+01  -3.5188943906320316
   4.8160000e+01  -3.5559885431320315
   4.8170000e+01  -3.5727928756320315
   4.8180000e+01   -3.5683398826320314
   4.8190000e+01   -3.5459037361320314
   4.8200000e+01   -3.511733348132031
   4.8210000e+01   -3.470880402132031
   4.8220000e+01   -3.425364466132031
   4.8230000e+01   -3.376340481132031
   4.8240000e+01   -3.326170774132031
   4.8250000e+01   -3.2779298136320314
   4.8260000e+01   -3.2342253321320316
   4.8270000e+01   -3.1962711821320315
   4.8280000e+01   -3.1626060631320314
   4.8290000e+01   -3.1294427436320316
   4.8300000e+01   -3.0940150921320315
   4.8310000e+01   -3.0565943571320315
   4.8320000e+01   -3.0178350561320317
   4.8330000e+01   -2.9764840991320316
   4.8340000e+01   -2.9320182316320316
   4.8350000e+01   -2.8866585936320317
   4.8360000e+01   -2.841408395132032
   4.8370000e+01   -2.792778306632032
   4.8380000e+01   -2.7372981401320318
   4.8390000e+01   -2.676632590132032
   4.8400000e+01   -2.613719065132032
   4.8410000e+01   -2.546112563132032
   4.8420000e+01   -2.468197032132032
   4.8430000e+01   -2.3785488406320323
   4.8440000e+01   -2.2803075341320325
   4.8450000e+01   -2.1753559691320326
   4.8460000e+01   -2.0630016941320326
   4.8470000e+01   -1.9442971741320325
   4.8480000e+01   -1.8236286991320325
   4.8490000e+01   -1.7056340641320324
   4.8500000e+01   -1.5934153791320325
   4.8510000e+01   -1.4899123931320324
   4.8520000e+01   -1.3985054161320325
   4.8530000e+01   -1.3214883706320324
   4.8540000e+01   -1.2587840521320324
   4.8550000e+01   -1.2078540231320323
   4.8560000e+01   -1.1640260126320323
   4.8570000e+01   -1.1210480236320324
   4.8580000e+01   -1.0717831826320323
   4.8590000e+01   -1.0092246996320324
   4.8600000e+01   -0.9288296211320324
   4.8610000e+01   -0.8308888431320324
   4.8620000e+01   -0.7191245081320323
   4.8630000e+01   -0.5962194531320323
   4.8640000e+01   -0.4624186231320323
   4.8650000e+01   -0.3182016431320323
   4.8660000e+01   -0.1646645631320323
   4.8670000e+01   -0.0006511481320322643
   4.8680000e+01   0.17623766686796774
   4.8690000e+01   0.36416380186796776
   4.8700000e+01   0.5557554718679678
   4.8710000e+01   0.7426137118679679
   4.8720000e+01   0.9171937068679679
   4.8730000e+01   1.070270246867968
   4.8740000e+01   1.1916814268679679
   4.8750000e+01   1.2754946573679677
   4.8760000e+01   1.3221758278679678
   4.8770000e+01  1.3363778919829679
   4.8780000e+01  1.325632178597968
   4.8790000e+01  1.2999344540979678
   4.8800000e+01  1.2694106490979677
   4.8810000e+01  1.2436100420979677
   4.8820000e+01   1.2345815752979676
   4.8830000e+01   1.2563182004979676
   4.8840000e+01   1.3170761539979676
   4.8850000e+01   1.4147896794979675
   4.8860000e+01   1.5425356294979675
   4.8870000e+01   1.6948873244979676
   4.8880000e+01   1.8662442644979675
   4.8890000e+01   2.0471526844979677
   4.8900000e+01   2.2267709194979677
   4.8910000e+01   2.397700429497968
   4.8920000e+01   2.556145099497968
   4.8930000e+01   2.6990632594979678
   4.8940000e+01   2.823753714497968
   4.8950000e+01   2.929913789497968
   4.8960000e+01   3.020184145997968
   4.8970000e+01   3.097250738497968
   4.8980000e+01   3.160352450997968
   4.8990000e+01   3.206537641997968
   4.9000000e+01   3.2367847019979683
   4.9010000e+01   3.2585635319979684
   4.9020000e+01   3.2796786254979686
   4.9030000e+01   3.3017768934979688
   4.9040000e+01   3.322900015997969
   4.9050000e+01   3.3435754784979688
   4.9060000e+01   3.366329448497969
   4.9070000e+01   3.391944757497969
   4.9080000e+01   3.421441669497969
   4.9090000e+01   3.460444270997969
   4.9100000e+01   3.516643315997969
   4.9110000e+01   3.592778797497969
   4.9120000e+01   3.684750383997969
   4.9130000e+01   3.785527191497969
   4.9140000e+01   3.888740036497969
   4.9150000e+01   3.9903330364979688
   4.9160000e+01   4.0889561734979685
   4.9170000e+01   4.183348123997969
   4.9180000e+01   4.2687318684979685
   4.9190000e+01   4.338357067497968
   4.9200000e+01   4.388733948997968
   4.9210000e+01   4.420191625497968
   4.9220000e+01   4.432931130897968
   4.9230000e+01  4.426849382297968
   4.9240000e+01  4.404418513797968
   4.9250000e+01  4.368159060797968
   4.9260000e+01  4.3154113597979675
   4.9270000e+01  4.241415646297968
   4.9280000e+01  4.1474126282979675
   4.9290000e+01  4.0391795132979675
   4.9300000e+01  3.9172207782979673
   4.9310000e+01  3.7753436232979674
   4.9320000e+01  3.6101549282979675
   4.9330000e+01  3.4255731432979672
   4.9340000e+01  3.2266522082979674
   4.9350000e+01  3.0153571682979674
   4.9360000e+01  2.7947389982979676
   4.9370000e+01  2.5721307232979678
   4.9380000e+01  2.355559903297968
   4.9390000e+01  2.150082878297968
   4.9400000e+01  1.9586943682979678
   4.9410000e+01  1.7835130832979678
   4.9420000e+01  1.6245007882979678
   4.9430000e+01  1.4787432332979678
   4.9440000e+01  1.3416615432979677
   4.9450000e+01  1.2082407232979677
   4.9460000e+01  1.0739043282979677
   4.9470000e+01  0.9354190482979676
   4.9480000e+01  0.7906986432979677
   4.9490000e+01  0.6381161832979677
   4.9500000e+01  0.4775830332979677
   4.9510000e+01  0.3117421332979676
   4.9520000e+01  0.1439159182979676
   4.9530000e+01  -0.02468315670203239
   4.9540000e+01  -0.1940134817020324
   4.9550000e+01  -0.36320075170203237
   4.9560000e+01  -0.5320166367020324
   4.9570000e+01  -0.7023070267020324
   4.9580000e+01  -0.8745496917020323
   4.9590000e+01  -1.0445221367020323
   4.9600000e+01  -1.2067254667020324
   4.9610000e+01  -1.3597837967020323
   4.9620000e+01  -1.5054323767020323
   4.9630000e+01  -1.6437764917020323
   4.9640000e+01  -1.7728763267020322
   4.9650000e+01  -1.8918026167020323
   4.9660000e+01  -2.0006912617020323
   4.9670000e+01  -2.097917078202032
   4.9680000e+01  -2.179641855202032
   4.9690000e+01  -2.242732901702032
   4.9700000e+01  -2.287593922702032
   4.9710000e+01  -2.318569281202032
   4.9720000e+01  -2.341757833202032
   4.9730000e+01  -2.3615285612020323
   4.9740000e+01  -2.379032804202032
   4.9750000e+01  -2.3949474717020323
   4.9760000e+01  -2.4131568352020323
   4.9770000e+01  -2.439909595202032
   4.9780000e+01  -2.4788973742020324
   4.9790000e+01  -2.5284936202020325
   4.9800000e+01  -2.5844314402020325
   4.9810000e+01  -2.6438126517020324
   4.9820000e+01  -2.7049373147020326
   4.9830000e+01  -2.7639999572020324
   4.9840000e+01  -2.8150444072020324
   4.9850000e+01  -2.8549708797020323
   4.9860000e+01  -2.8863770572020324
   4.9870000e+01  -2.9126583807020325
   4.9880000e+01  -2.9322146477020326
   4.9890000e+01  -2.9415173489520328
   4.9900000e+01   -2.942509643102033
   4.9910000e+01   -2.9414735183370326
   4.9920000e+01   -2.9403609724720328
   4.9930000e+01   -2.9350375240220328
   4.9940000e+01   -2.923567176772033
   4.9950000e+01   -2.910304281772033
   4.9960000e+01   -2.898804195272033
   4.9970000e+01   -2.886129848772033
   4.9980000e+01   -2.868605964772033
   4.9990000e+01   -2.848852491272033
   5.0000000e+01   -2.831584897772033
   5.0010000e+01   -2.8153680792720333
   5.0020000e+01   -2.7948729667720333
   5.0030000e+01   -2.7701615462720333
   5.0040000e+01   -2.7470213292720334
   5.0050000e+01   -2.7272948692720336
   5.0060000e+01   -2.7054554937720336
   5.0070000e+01   -2.6773835972720335
   5.0080000e+01   -2.6463778757720333
   5.0090000e+01   -2.6161060077720335
   5.0100000e+01   -2.5830333217720334
   5.0110000e+01   -2.5420242412720335
   5.0120000e+01   -2.4956532967720335
   5.0130000e+01   -2.4509067207720334
   5.0140000e+01   -2.4088373987720333
   5.0150000e+01   -2.3649407457720333
   5.0160000e+01   -2.319260625772033
   5.0170000e+01   -2.278603044272033
   5.0180000e+01   -2.247029536272033
   5.0190000e+01   -2.220225121772033
   5.0200000e+01   -2.192000709272033
   5.0210000e+01   -2.1614784332720327
   5.0220000e+01   -2.1300935782720325
   5.0230000e+01   -2.0949978382720325
   5.0240000e+01   -2.0505865172720323
   5.0250000e+01   -1.9960998717720324
   5.0260000e+01   -1.9372252482720325
   5.0270000e+01   -1.8784407207720324
   5.0280000e+01   -1.8170225137720324
   5.0290000e+01   -1.7478984882720323
   5.0300000e+01   -1.6726484857720323
   5.0310000e+01   -1.5992782877720324
   5.0320000e+01   -1.5326942917720323
   5.0330000e+01   -1.4694539167720324
   5.0340000e+01   -1.4036748062720323
   5.0350000e+01   -1.3348047612720324
   5.0360000e+01   -1.2668981182720325
   5.0370000e+01   -1.2025541387720324
   5.0380000e+01   -1.1408381287720324
   5.0390000e+01   -1.0803066427720325
   5.0400000e+01   -1.0210090192720325
   5.0410000e+01   -0.9629372837720325
   5.0420000e+01   -0.9042231087720325
   5.0430000e+01   -0.8415074962720325
   5.0440000e+01   -0.7714618192720325
   5.0450000e+01   -0.6923119172720325
   5.0460000e+01   -0.6048784167720325
   5.0470000e+01   -0.5117325267720325
   5.0480000e+01   -0.41444550327203256
   5.0490000e+01   -0.3125050067720325
   5.0500000e+01   -0.20596216177203253
   5.0510000e+01   -0.09757384177203253
   5.0520000e+01   0.009596628227967488
   5.0530000e+01   0.11509015822796749
   5.0540000e+01   0.2190907882279675
   5.0550000e+01   0.3193722367279675
   5.0560000e+01   0.4135245337279675
   5.0570000e+01   0.5026599907279675
   5.0580000e+01   0.5889694407279675
   5.0590000e+01   0.6706594757279676
   5.0600000e+01   0.7434833452279676
   5.0610000e+01   0.8068665322279676
   5.0620000e+01   0.8647887527279675
   5.0630000e+01   0.9210202662279675
   5.0640000e+01   0.9770789212279675
   5.0650000e+01   1.0347349767279674
   5.0660000e+01   1.0972987687279674
   5.0670000e+01   1.1680069852279673
   5.0680000e+01   1.2488260992279674
   5.0690000e+01   1.3402814117279673
   5.0700000e+01   1.4410567842279673
   5.0710000e+01   1.5486517942279674
   5.0720000e+01   1.6612172092279673
   5.0730000e+01   1.7771578292279673
   5.0740000e+01   1.8925412942279674
   5.0750000e+01   2.0016265392279675
   5.0760000e+01   2.1011421067279676
   5.0770000e+01   2.1916039942279677
   5.0780000e+01   2.273557334227968
   5.0790000e+01   2.345554951727968
   5.0800000e+01   2.4071252652279678
   5.0810000e+01   2.4604049622279676
   5.0820000e+01   2.5065482957279674
   5.0830000e+01   2.5429066837279675
   5.0840000e+01   2.5659242427279674
   5.0850000e+01   2.5748728206279674
   5.0860000e+01  2.5707409880279672
   5.0870000e+01  2.553258775027967
   5.0880000e+01  2.5213163950279673
   5.0890000e+01  2.4753725100279675
   5.0900000e+01  2.4175480465279677
   5.0910000e+01  2.349548569027968
   5.0920000e+01  2.2716097800279678
   5.0930000e+01  2.183806856527968
   5.0940000e+01  2.088463961527968
   5.0950000e+01  1.9909720620279678
   5.0960000e+01  1.8968373305279678
   5.0970000e+01  1.8073275190279678
   5.0980000e+01  1.719911401027968
   5.0990000e+01  1.634006677027968
   5.1000000e+01  1.553257073027968
   5.1010000e+01  1.479484882027968
   5.1020000e+01  1.407631024027968
   5.1030000e+01  1.3314450105279678
   5.1040000e+01  1.2524143795279679
   5.1050000e+01  1.1773396385279677
   5.1060000e+01  1.1072062525279678
   5.1070000e+01  1.0348279745279678
   5.1080000e+01  0.9557543495279678
   5.1090000e+01  0.8755641485279678
   5.1100000e+01  0.8015976015279678
   5.1110000e+01  0.7317907760279678
   5.1120000e+01  0.6584115015279678
   5.1130000e+01  0.5810457045279678
   5.1140000e+01  0.5082998100279678
   5.1150000e+01  0.44564467452796774
   5.1160000e+01  0.38868161752796776
   5.1170000e+01  0.3314713190279678
   5.1180000e+01  0.2751842920279678
   5.1190000e+01  0.2235269875279678
   5.1200000e+01  0.17421767102796779
   5.1210000e+01  0.12108314102796779
   5.1220000e+01  0.0626194065279678
   5.1230000e+01  0.0035986705279677997
   5.1240000e+01  -0.0506280954720322
   5.1250000e+01  -0.0974545599720322
   5.1260000e+01  -0.1355425439720322
   5.1270000e+01  -0.16350372247203218
   5.1280000e+01  -0.18021602297203218
   5.1290000e+01   -0.18515299472203217
   5.1300000e+01   -0.17946297197203218
   5.1310000e+01   -0.16746989347203217
   5.1320000e+01   -0.15489945097203217
   5.1330000e+01   -0.14441407282203217
   5.1340000e+01   -0.13521450622203218
   5.1350000e+01   -0.1279503542720322
   5.1360000e+01  -0.12661280412203219
   5.1370000e+01  -0.1336480704720322
   5.1380000e+01  -0.1467121689720322
   5.1390000e+01  -0.1632285039720322
   5.1400000e+01  -0.1852380409720322
   5.1410000e+01  -0.2161026614720322
   5.1420000e+01  -0.2544375009720322
   5.1430000e+01  -0.29524021697203223
   5.1440000e+01  -0.33599040747203224
   5.1450000e+01  -0.37783219047203226
   5.1460000e+01  -0.42101767597203227
   5.1470000e+01  -0.4628301819720323
   5.1480000e+01  -0.5006995794720323
   5.1490000e+01  -0.5346447084720323
   5.1500000e+01  -0.5656782394720323
   5.1510000e+01  -0.5936427329720323
   5.1520000e+01  -0.6174772794720323
   5.1530000e+01  -0.6364411814720323
   5.1540000e+01  -0.6503250564720323
   5.1550000e+01  -0.6588311898220323
   5.1560000e+01   -0.6610751042720323
   5.1570000e+01   -0.6560931240220323
   5.1580000e+01   -0.6444118906720323
   5.1590000e+01   -0.6285788456720323
   5.1600000e+01   -0.6110495256720323
   5.1610000e+01   -0.5923392906720323
   5.1620000e+01   -0.5728872756720322
   5.1630000e+01   -0.5556034126720323
   5.1640000e+01   -0.5439153431220323
   5.1650000e+01   -0.5378363582720322
   5.1660000e+01   -0.5347181220220323
   5.1670000e+01   -0.5334655551570323
   5.1680000e+01  -0.5349766414920323
   5.1690000e+01  -0.5386569933920323
   5.1700000e+01  -0.5421372101920323
   5.1710000e+01  -0.5454402415920323
   5.1720000e+01  -0.5525091303420323
   5.1730000e+01  -0.5669052298420323
   5.1740000e+01  -0.5875208198420323
   5.1750000e+01  -0.6096406383420323
   5.1760000e+01  -0.6289448938420323
   5.1770000e+01  -0.6433407098420323
   5.1780000e+01  -0.6517979684920323
   5.1790000e+01   -0.6529339752920323
   5.1800000e+01   -0.6451777199420323
   5.1810000e+01   -0.6279092214420323
   5.1820000e+01   -0.6019658384420323
   5.1830000e+01   -0.5686600779420323
   5.1840000e+01   -0.5282990229420323
   5.1850000e+01   -0.48036888044203235
   5.1860000e+01   -0.42572705994203236
   5.1870000e+01   -0.3677263464420324
   5.1880000e+01   -0.30985805794203236
   5.1890000e+01   -0.2531461539420323
   5.1900000e+01   -0.1981883959420323
   5.1910000e+01   -0.1492210109420323
   5.1920000e+01   -0.1124113759420323
   5.1930000e+01   -0.08914755444203229
   5.1940000e+01   -0.07496719294203229
   5.1950000e+01   -0.06705542059203229
   5.1960000e+01  -0.06846055534203228
   5.1970000e+01  -0.08158933494203228
   5.1980000e+01  -0.10179488194203229
   5.1990000e+01  -0.1224652299420323
   5.2000000e+01  -0.14370555344203229
   5.2010000e+01  -0.17049537544203228
   5.2020000e+01  -0.20362750394203227
   5.2030000e+01  -0.23764857594203226
   5.2040000e+01  -0.26727301944203224
   5.2050000e+01  -0.29106774544203223
   5.2060000e+01  -0.3086670319420322
   5.2070000e+01  -0.31901884274203224
   5.2080000e+01  -0.3228557925420322
   5.2090000e+01   -0.3233549093320322
   5.2100000e+01   -0.3221079716220322
   5.2110000e+01   -0.31636374287203217
   5.2120000e+01   -0.30206054162203216
   5.2130000e+01   -0.27826015412203214
   5.2140000e+01   -0.24704245962203214
   5.2150000e+01   -0.21044513262203213
   5.2160000e+01   -0.1699764716220321
   5.2170000e+01   -0.1287333416220321
   5.2180000e+01   -0.0910186331220321
   5.2190000e+01   -0.05862887362203209
   5.2200000e+01   -0.02959048712203209
   5.2210000e+01   -0.0021147646220320906
   5.2220000e+01   0.021974860377967913
   5.2230000e+01   0.03956895437796791
   5.2240000e+01   0.05029809287796791
   5.2250000e+01   0.05601095277796791
   5.2260000e+01   0.05790954151146791
   5.2270000e+01  0.057012297044967915
   5.2280000e+01  0.056017258914967914
   5.2290000e+01   0.057124115034967914
   5.2300000e+01   0.058401943694967914
   5.2310000e+01  0.05555654070496791
   5.2320000e+01  0.04724368950496791
   5.2330000e+01  0.035654129004967915
   5.2340000e+01  0.021927967004967915
   5.2350000e+01  0.004378585504967912
   5.2360000e+01  -0.018082404995032084
   5.2370000e+01  -0.043998437995032086
   5.2380000e+01  -0.07221787999503208
   5.2390000e+01  -0.10400008899503208
   5.2400000e+01  -0.14032618899503208
   5.2410000e+01  -0.17883569899503207
   5.2420000e+01  -0.21554968399503208
   5.2430000e+01  -0.24902452149503207
   5.2440000e+01  -0.28101428499503206
   5.2450000e+01  -0.31282211399503207
   5.2460000e+01  -0.34257772749503207
   5.2470000e+01  -0.36749049649503207
   5.2480000e+01  -0.38807126799503205
   5.2490000e+01  -0.40800625749503205
   5.2500000e+01  -0.429488285995032
   5.2510000e+01  -0.45104745799503204
   5.2520000e+01  -0.471242635995032
   5.2530000e+01  -0.491735472495032
   5.2540000e+01  -0.514038778995032
   5.2550000e+01  -0.535555591995032
   5.2560000e+01  -0.552531725995032
   5.2570000e+01  -0.5653281544950319
   5.2580000e+01  -0.5766446939950319
   5.2590000e+01  -0.585775796245032
   5.2600000e+01  -0.589495488235032
   5.2610000e+01   -0.588358443625032
   5.2620000e+01  -0.587159644005032
   5.2630000e+01  -0.5884107979350319
   5.2640000e+01  -0.5896882438100319
   5.2650000e+01   -0.588424608385032
   5.2660000e+01   -0.585178905185032
   5.2670000e+01   -0.580573354285032
   5.2680000e+01   -0.572540651985032
   5.2690000e+01   -0.558707474985032
   5.2700000e+01   -0.539233541485032
   5.2710000e+01   -0.515797177485032
   5.2720000e+01   -0.48945803048503195
   5.2730000e+01   -0.46031846848503194
   5.2740000e+01   -0.4277841114850319
   5.2750000e+01   -0.39089069048503194
   5.2760000e+01   -0.34982272398503195
   5.2770000e+01   -0.30688911798503193
   5.2780000e+01   -0.2644166769850319
   5.2790000e+01   -0.2222388654850319
   5.2800000e+01   -0.1791228249850319
   5.2810000e+01   -0.1358881649850319
   5.2820000e+01   -0.0945614404850319
   5.2830000e+01   -0.0546195914850319
   5.2840000e+01   -0.012661495485031891
   5.2850000e+01   0.033820513514968106
   5.2860000e+01   0.0845553265149681
   5.2870000e+01   0.1387042585149681
   5.2880000e+01   0.1964439275149681
   5.2890000e+01   0.25709989051496807
   5.2900000e+01   0.3174229095149681
   5.2910000e+01   0.3731614035149681
   5.2920000e+01   0.42152729601496813
   5.2930000e+01   0.4614594405149681
   5.2940000e+01   0.4928808600149681
   5.2950000e+01   0.5170410125149681
   5.2960000e+01   0.5366834230149682
   5.2970000e+01   0.5545110130149682
   5.2980000e+01   0.5719486020149682
   5.2990000e+01   0.5902286995149683
   5.3000000e+01   0.6116732840149682
   5.3010000e+01   0.6385155615149682
   5.3020000e+01   0.6710240825149683
   5.3030000e+01   0.7079695935149682
   5.3040000e+01   0.7482635245149682
   5.3050000e+01   0.7908798125149683
   5.3060000e+01   0.8340977550149683
   5.3070000e+01   0.8767191195149683
   5.3080000e+01   0.9196793885149683
   5.3090000e+01   0.9647626160149684
   5.3100000e+01   1.0119098685149683
   5.3110000e+01   1.0591568320149682
   5.3120000e+01   1.1049166145149683
   5.3130000e+01   1.1491922805149684
   5.3140000e+01   1.1930791530149683
   5.3150000e+01   1.2381688260149684
   5.3160000e+01   1.2858414540149683
   5.3170000e+01   1.3360880170149683
   5.3180000e+01   1.3873108825149683
   5.3190000e+01   1.4374325765149683
   5.3200000e+01   1.4843405230149682
   5.3210000e+01   1.5258434970149681
   5.3220000e+01   1.5614729005149681
   5.3230000e+01   1.5942972135149682
   5.3240000e+01   1.6282657010149681
   5.3250000e+01   1.6634484250149681
   5.3260000e+01   1.6965967380149682
   5.3270000e+01   1.7263916955149683
   5.3280000e+01   1.7546196155149683
   5.3290000e+01   1.7815540005149682
   5.3300000e+01   1.8037693135149682
   5.3310000e+01   1.8176997807149682
   5.3320000e+01   1.8224550889599682
   5.3330000e+01  1.8185086367549683
   5.3340000e+01  1.8068488370049682
   5.3350000e+01  1.7901582960049682
   5.3360000e+01  1.7714674860049682
   5.3370000e+01  1.7504681900049681
   5.3380000e+01  1.723884277004968
   5.3390000e+01  1.690234698504968
   5.3400000e+01  1.651573191004968
   5.3410000e+01  1.6101676465049681
   5.3420000e+01  1.566456348504968
   5.3430000e+01  1.520782149004968
   5.3440000e+01  1.474051874004968
   5.3450000e+01  1.4257390105049679
   5.3460000e+01  1.3738855225049678
   5.3470000e+01  1.3181974380049677
   5.3480000e+01  1.2610926445049677
   5.3490000e+01  1.2047717855049678
   5.3500000e+01  1.1488933455049677
   5.3510000e+01  1.0916458320049678
   5.3520000e+01  1.0314690255049679
   5.3530000e+01  0.9673162170049678
   5.3540000e+01  0.8988355530049679
   5.3550000e+01  0.8269705640049678
   5.3560000e+01  0.7534602670049678
   5.3570000e+01  0.6793538315049679
   5.3580000e+01  0.6044870745049679
   5.3590000e+01  0.5284725800049679
   5.3600000e+01  0.4520426340049679
   5.3610000e+01  0.37776731200496794
   5.3620000e+01  0.3093565450049679
   5.3630000e+01  0.2490134185049679
   5.3640000e+01  0.19482215300496789
   5.3650000e+01  0.1418664105049679
   5.3660000e+01  0.08668966800496788
   5.3670000e+01  0.029585378504967882
   5.3680000e+01  -0.027847063995032117
   5.3690000e+01  -0.08530076399503211
   5.3700000e+01  -0.14269894599503213
   5.3710000e+01  -0.19875435999503213
   5.3720000e+01  -0.25262760949503216
   5.3730000e+01  -0.3051653819950322
   5.3740000e+01  -0.3560041724950322
   5.3750000e+01  -0.4009887854950322
   5.3760000e+01  -0.4353447084950322
   5.3770000e+01  -0.4584942984950322
   5.3780000e+01  -0.4733687419950322
   5.3790000e+01  -0.4824257314950322
   5.3800000e+01  -0.48717485049503223
   5.3810000e+01  -0.49010221014503225
   5.3820000e+01  -0.49354909149503223
   5.3830000e+01  -0.4972558716450322
   5.3840000e+01  -0.4997720672950322
   5.3850000e+01  -0.5015631455450322
   5.3860000e+01  -0.5042241134450323
   5.3870000e+01  -0.5074545797950323
   5.3880000e+01  -0.5091876767950323
   5.3890000e+01   -0.5080355004950323
   5.3900000e+01   -0.5036868943950323
   5.3910000e+01   -0.49571815069503233
   5.3920000e+01   -0.4838040662950323
   5.3930000e+01   -0.4686361742950323
   5.3940000e+01   -0.4516312057950323
   5.3950000e+01   -0.4342553442950323
   5.3960000e+01   -0.4177197102950323
   5.3970000e+01   -0.4022125617950323
   5.3980000e+01   -0.3866478697950323
   5.3990000e+01   -0.3705505682950323
   5.4000000e+01   -0.3555260252950323
   5.4010000e+01   -0.3430232982950323
   5.4020000e+01   -0.3316394447950323
   5.4030000e+01   -0.31933875029503234
   5.4040000e+01   -0.30769292529503234
   5.4050000e+01   -0.30061736129503236
   5.4060000e+01  -0.29881683092003236
   5.4070000e+01   -0.29887004645503235
   5.4080000e+01   -0.29860143362003233
   5.4090000e+01  -0.30027480312503235
   5.4100000e+01  -0.30723917937503237
   5.4110000e+01  -0.32013667437503235
   5.4120000e+01  -0.33797590937503236
   5.4130000e+01  -0.36046145187503237
   5.4140000e+01  -0.3871281253750324
   5.4150000e+01  -0.41599271887503236
   5.4160000e+01  -0.4453706363750324
   5.4170000e+01  -0.47592947237503236
   5.4180000e+01  -0.5090326798750323
   5.4190000e+01  -0.5440229648750323
   5.4200000e+01  -0.5789521513750323
   5.4210000e+01  -0.6131846448750323
   5.4220000e+01  -0.6474213308750323
   5.4230000e+01  -0.6815589928750323
   5.4240000e+01  -0.7142530048750323
   5.4250000e+01  -0.7445465873750323
   5.4260000e+01  -0.7724183183750323
   5.4270000e+01  -0.7975224888750323
   5.4280000e+01  -0.8187949248750322
   5.4290000e+01  -0.8360024688750323
   5.4300000e+01  -0.8507846168750323
   5.4310000e+01  -0.8651297013750323
   5.4320000e+01  -0.8788927503750323
   5.4330000e+01  -0.8896053688750324
   5.4340000e+01  -0.8950503596250324
   5.4350000e+01   -0.8954518014750324
   5.4360000e+01   -0.8927668503750325
   5.4370000e+01   -0.8886767961750325
   5.4380000e+01   -0.8842384686750325
   5.4390000e+01   -0.8808476872750325
   5.4400000e+01  -0.8800093410800325
   5.4410000e+01  -0.8820197152350325
   5.4420000e+01  -0.8860414057850325
   5.4430000e+01  -0.8916798774850325
   5.4440000e+01  -0.8994553149850325
   5.4450000e+01  -0.9095983588850325
   5.4460000e+01  -0.9214512718850325
   5.4470000e+01  -0.9341351858850325
   5.4480000e+01  -0.9466964963850325
   5.4490000e+01  -0.9576423492350326
   5.4500000e+01  -0.9656911034850325
   5.4510000e+01  -0.9711478788350325
   5.4520000e+01  -0.9753839408350325
   5.4530000e+01  -0.9790329132350325
   5.4540000e+01  -0.9818748546850325
   5.4550000e+01  -0.9839243066850325
   5.4560000e+01   -0.9847088001050325
   5.4570000e+01   -0.9817805415250325
   5.4580000e+01   -0.9723798574250325
   5.4590000e+01   -0.9570045289250325
   5.4600000e+01   -0.9391496759250325
   5.4610000e+01   -0.9208689154250325
   5.4620000e+01   -0.9006630029250324
   5.4630000e+01   -0.8765412119250324
   5.4640000e+01   -0.8489992529250324
   5.4650000e+01   -0.8196539479250324
   5.4660000e+01   -0.7887604494250324
   5.4670000e+01   -0.7557595059250324
   5.4680000e+01   -0.7210015914250324
   5.4690000e+01   -0.6852108109250324
   5.4700000e+01   -0.6481662624250324
   5.4710000e+01   -0.6097877239250324
   5.4720000e+01   -0.5722647574250325
   5.4730000e+01   -0.5396482734250325
   5.4740000e+01   -0.5153745129250326
   5.4750000e+01   -0.5010487376750326
   5.4760000e+01  -0.49695220212503255
   5.4770000e+01  -0.5023203032750325
   5.4780000e+01  -0.5155614967250325
   5.4790000e+01  -0.5356360897250325
   5.4800000e+01  -0.5629386172250325
   5.4810000e+01  -0.5977917937250324
   5.4820000e+01  -0.6389639667250324
   5.4830000e+01  -0.6849585317250324
   5.4840000e+01  -0.7355171377250325
   5.4850000e+01  -0.7902388647250325
   5.4860000e+01  -0.8471156362250325
   5.4870000e+01  -0.9041979912250325
   5.4880000e+01  -0.9611288992250325
   5.4890000e+01  -1.0171885107250325
   5.4900000e+01  -1.0696846412250325
   5.4910000e+01  -1.1163035387250324
   5.4920000e+01  -1.1570135037250324
   5.4930000e+01  -1.1915543582250325
   5.4940000e+01  -1.2174680342250326
   5.4950000e+01  -1.2331702597250325
   5.4960000e+01  -1.2407862809750325
   5.4970000e+01  -1.2434440916500324
   5.4980000e+01   -1.2417148855250324
   5.4990000e+01   -1.2348401597750325
   5.5000000e+01   -1.2236307255750325
   5.5010000e+01   -1.2106336010750325
   5.5020000e+01   -1.1992684678250325
   5.5030000e+01   -1.1933177451750325
   5.5040000e+01  -1.1945604450750325
   5.5050000e+01  -1.2004350463250324
   5.5060000e+01  -1.2069331604250324
   5.5070000e+01  -1.2137140383750324
   5.5080000e+01  -1.2227273946750326
   5.5090000e+01  -1.2320531478250325
   5.5100000e+01   -1.2358462832850325
   5.5110000e+01   -1.2312371577450325
   5.5120000e+01   -1.2209995513950325
   5.5130000e+01   -1.2083264948950325
   5.5140000e+01   -1.1930738398950325
   5.5150000e+01   -1.1746165633950325
   5.5160000e+01   -1.1546728628950325
   5.5170000e+01   -1.1352859193950324
   5.5180000e+01   -1.1167783548950325
   5.5190000e+01   -1.0997128593950325
   5.5200000e+01   -1.0868406578950325
   5.5210000e+01   -1.0808548460950325
   5.5220000e+01  -1.0809143472950324
   5.5230000e+01  -1.0831399132450323
   5.5240000e+01  -1.0847580948450324
   5.5250000e+01  -1.0865404983450324
   5.5260000e+01  -1.0902269496450323
   5.5270000e+01  -1.0943221767450324
   5.5280000e+01   -1.0942733938950324
   5.5290000e+01   -1.0870877473950324
   5.5300000e+01   -1.0739014348950324
   5.5310000e+01   -1.0571719418950325
   5.5320000e+01   -1.0373405738950325
   5.5330000e+01   -1.0137210233950325
   5.5340000e+01   -0.9868959048950324
   5.5350000e+01   -0.9583557268950325
   5.5360000e+01   -0.9290665558950324
   5.5370000e+01   -0.9002233768950324
   5.5380000e+01   -0.8742622373950324
   5.5390000e+01   -0.8528975458950324
   5.5400000e+01   -0.8342699788950324
   5.5410000e+01   -0.8134557958950324
   5.5420000e+01   -0.7857407278950324
   5.5430000e+01   -0.7484675643950324
   5.5440000e+01   -0.7003045013950324
   5.5450000e+01   -0.6408212363950324
   5.5460000e+01   -0.5718579543950324
   5.5470000e+01   -0.4979566423950324
   5.5480000e+01   -0.4234047228950324
   5.5490000e+01   -0.3486892058950324
   5.5500000e+01   -0.27103588589503236
   5.5510000e+01   -0.18807340389503235
   5.5520000e+01   -0.09924553989503235
   5.5530000e+01   -0.004252899895032344
   5.5540000e+01   0.09662289510496766
   5.5550000e+01   0.19970237010496766
   5.5560000e+01   0.2983946046049677
   5.5570000e+01   0.3880329006049677
   5.5580000e+01   0.4677259126049677
   5.5590000e+01   0.5363824686049677
   5.5600000e+01   0.5905703566049677
   5.5610000e+01   0.6286244056049677
   5.5620000e+01   0.6537438031049677
   5.5630000e+01   0.6708486836049677
   5.5640000e+01   0.6840719836049678
   5.5650000e+01   0.7000987721049678
   5.5660000e+01   0.7293642031049679
   5.5670000e+01   0.7784310851049678
   5.5680000e+01   0.8427787326049678
   5.5690000e+01   0.9111542041049678
   5.5700000e+01   0.9756262451049679
   5.5710000e+01   1.0343202856049678
   5.5720000e+01   1.0873401221049679
   5.5730000e+01   1.135567399104968
   5.5740000e+01   1.182686040104968
   5.5750000e+01   1.232954915604968
   5.5760000e+01   1.285664914604968
   5.5770000e+01   1.335210804604968
   5.5780000e+01   1.377820963104968
   5.5790000e+01   1.4157222006049681
   5.5800000e+01   1.453954333604968
   5.5810000e+01   1.495726979104968
   5.5820000e+01   1.5419726311049682
   5.5830000e+01   1.5924171866049681
   5.5840000e+01   1.644137033604968
   5.5850000e+01   1.690366639104968
   5.5860000e+01   1.7241128051049681
   5.5870000e+01   1.7437978471049682
