   0.0000000e+00  -0.00024531631000000004
   1.0000000e-02  -0.0022531856700000004
   2.0000000e-02  -0.00971211072
   3.0000000e-02  -0.02624947022
   4.0000000e-02  -0.050490353220000006
   5.0000000e-02  -0.07540059322
   6.0000000e-02  -0.09511726522000001
   7.0000000e-02  -0.11058860022000001
   8.0000000e-02  -0.12600577572000002
   9.0000000e-02  -0.14190536422000002
   1.0000000e-01  -0.15438747877000003
   1.1000000e-01   -0.15844739047000003
   1.2000000e-01   -0.14947467212000004
   1.3000000e-01   -0.12590131062000004
   1.4000000e-01   -0.09489852112000004
   1.5000000e-01   -0.07052382862000003
   1.6000000e-01   -0.05957764127000004
   1.7000000e-01   -0.05276290222000003
   1.8000000e-01   -0.03584653852000003
   1.9000000e-01   -0.005554136520000034
   2.0000000e-01   0.031201908479999967
   2.1000000e-01   0.06740333697999996
   2.2000000e-01   0.09660070197999997
   2.3000000e-01   0.10971590937999998
   2.4000000e-01  0.10314942527999997
   2.5000000e-01  0.08729015427999998
   2.6000000e-01  0.07467659852999997
   2.7000000e-01  0.06028115077999997
   2.8000000e-01  0.02650458627999997
   2.9000000e-01  -0.02938549172000003
   3.0000000e-01  -0.08444389172000002
   3.1000000e-01  -0.11181310042000003
   3.2000000e-01   -0.10375432662000003
   3.3000000e-01   -0.06811195312000004
   3.4000000e-01   -0.014549717120000041
   3.5000000e-01   0.042939680379999956
   3.6000000e-01   0.07772747987999995
   3.7000000e-01  0.06370456037999996
   3.8000000e-01  0.002157665879999951
   3.9000000e-01  -0.07394912662000006
   4.0000000e-01  -0.12695053462000006
   4.1000000e-01   -0.14031058122000006
   4.2000000e-01   -0.11931525482000006
   4.3000000e-01   -0.07958536382000006
   4.4000000e-01   -0.04026463982000006
   4.5000000e-01   -0.015910779320000058
   4.6000000e-01   -0.0043130299700000554
   4.7000000e-01   0.010492495879999945
   4.8000000e-01   0.03430394437999995
   4.9000000e-01   0.050288781629999946
   5.0000000e-01  0.04162355387999994
   5.1000000e-01  0.01845888537999994
   5.2000000e-01   0.007535408729999939
   5.3000000e-01   0.02045205807999994
   5.4000000e-01   0.049219238579999935
   5.5000000e-01   0.08993441307999994
   5.6000000e-01   0.14907414507999994
   5.7000000e-01   0.22081578607999996
   5.8000000e-01   0.27747982707999996
   5.9000000e-01  0.29588853468
   6.0000000e-01  0.28365461127999997
   6.1000000e-01  0.26767704927999997
   6.2000000e-01  0.26120580473
   6.3000000e-01  0.25166117818
   6.4000000e-01  0.21989254868
   6.5000000e-01  0.16449014368
   6.6000000e-01  0.10486101018
   6.7000000e-01  0.06401343518
   6.8000000e-01   0.05327989677999999
   6.9000000e-01   0.07355292788
   7.0000000e-01   0.12140766987999999
   7.1000000e-01   0.18379895838
   7.2000000e-01   0.23245030538
   7.3000000e-01  0.24014956988
   7.4000000e-01  0.20836626287999999
   7.5000000e-01  0.17134151888
   7.6000000e-01   0.16950345188
   7.7000000e-01   0.21919372488
   7.8000000e-01   0.29912928788
   7.9000000e-01   0.35868444138
   8.0000000e-01  0.35313960637999997
   8.1000000e-01  0.28828095187999997
   8.2000000e-01  0.22207489787999996
   8.3000000e-01   0.20608494737999994
   8.4000000e-01   0.23411042037999993
   8.5000000e-01   0.2628577913799999
   8.6000000e-01  0.2666349230799999
   8.7000000e-01  0.24950973627999992
   8.8000000e-01  0.22138782777999994
   8.9000000e-01  0.19475337727999995
   9.0000000e-01   0.19619420977999993
   9.1000000e-01   0.24570107527999993
   9.2000000e-01   0.3204863037799999
   9.3000000e-01   0.36531976677999994
   9.4000000e-01  0.34802647777999995
   9.5000000e-01  0.29299995127999995
   9.6000000e-01  0.25736810777999997
   9.7000000e-01   0.27929873277999995
   9.8000000e-01   0.34325114228
   9.9000000e-01   0.38983566378
   1.0000000e+00  0.36965180178
   1.0100000e+00  0.29314060228
   1.0200000e+00  0.21520948528
   1.0300000e+00  0.16861380978
   1.0400000e+00  0.13438695128
   1.0500000e+00  0.08610424427999999
   1.0600000e+00  0.03560181227999999
   1.0700000e+00  0.013674585129999993
   1.0800000e+00   0.02671965797999999
   1.0900000e+00   0.06010743597999999
   1.1000000e+00   0.11197267947999999
   1.1100000e+00   0.19350407898
   1.1200000e+00   0.29733814698
   1.1300000e+00   0.39117311498
   1.1400000e+00   0.44821963898
   1.1500000e+00   0.46813326923
   1.1600000e+00  0.46619269758
   1.1700000e+00  0.45757839453
   1.1800000e+00  0.45309473001
   1.1900000e+00  0.45162618019
   1.2000000e+00  0.43225913124
   1.2100000e+00  0.37351579673999996
   1.2200000e+00  0.29087805473999995
   1.2300000e+00  0.23955467873999994
   1.2400000e+00   0.26630499323999995
   1.2500000e+00   0.36632008973999997
   1.2600000e+00   0.49422714974
   1.2700000e+00   0.60468453524
   1.2800000e+00   0.67297144924
   1.2900000e+00  0.6921620050899999
   1.3000000e+00  0.6708879979399999
   1.3100000e+00  0.6306674374399999
   1.3200000e+00  0.5902646289399999
   1.3300000e+00  0.5519122884399998
   1.3400000e+00  0.5101791399399999
   1.3500000e+00  0.46903770743999984
   1.3600000e+00  0.43996648243999986
   1.3700000e+00  0.4276914133899999
   1.3800000e+00   0.4275726673399999
   1.3900000e+00   0.4306938097899999
   1.4000000e+00  0.4190910512399999
   1.4100000e+00  0.3638307707399999
   1.4200000e+00  0.2484824862399999
   1.4300000e+00  0.09571286623999989
   1.4400000e+00  -0.0472530137600001
   1.4500000e+00  -0.15272556126000011
   1.4600000e+00  -0.2255292732600001
   1.4700000e+00  -0.2713622757600001
   1.4800000e+00   -0.2789828932600001
   1.4900000e+00   -0.24886895026000008
   1.5000000e+00   -0.21705156526000008
   1.5100000e+00  -0.22407418276000007
   1.5200000e+00  -0.26871160276000006
   1.5300000e+00  -0.31572507826000007
   1.5400000e+00  -0.34507468226000004
   1.5500000e+00  -0.36961225376000006
   1.5600000e+00  -0.40364425576000007
   1.5700000e+00  -0.43924011926000006
   1.5800000e+00  -0.46326207726000007
   1.5900000e+00  -0.4782999427600001
   1.6000000e+00  -0.4925380067600001
   1.6100000e+00  -0.50120782491
   1.6200000e+00   -0.49268389456000006
   1.6300000e+00   -0.46748360006000006
   1.6400000e+00   -0.44054118006000004
   1.6500000e+00   -0.42634237736
   1.6600000e+00  -0.42580785926000003
   1.6700000e+00   -0.42406251056000005
   1.6800000e+00   -0.40078339126000007
   1.6900000e+00   -0.3507955917600001
   1.7000000e+00   -0.2955226097600001
   1.7100000e+00   -0.2643560252600001
   1.7200000e+00  -0.26252674876000015
   1.7300000e+00   -0.26703636143500015
   1.7400000e+00   -0.25652750361000015
   1.7500000e+00   -0.23538681811000015
   1.7600000e+00  -0.22518225436000014
   1.7700000e+00  -0.23963402961000013
   1.7800000e+00  -0.26970616211000015
   1.7900000e+00  -0.2890522849100001
   1.8000000e+00   -0.2782910752100001
   1.8100000e+00   -0.25064733371000014
   1.8200000e+00  -0.24631734821000015
   1.8300000e+00  -0.29083691321000016
   1.8400000e+00  -0.36587477421000014
   1.8500000e+00  -0.43227417171000015
   1.8600000e+00  -0.47181531071000016
   1.8700000e+00  -0.48938846576000017
   1.8800000e+00   -0.4828374333100002
   1.8900000e+00   -0.43572497931000015
   1.9000000e+00   -0.3447524758100001
   1.9100000e+00   -0.2371848358100001
   1.9200000e+00   -0.1510209443100001
   1.9300000e+00   -0.1033516558100001
   1.9400000e+00   -0.08365528531000009
   1.9500000e+00   -0.0770592084100001
   1.9600000e+00  -0.09081368751000009
   1.9700000e+00  -0.15216071501000009
   1.9800000e+00  -0.2746884450100001
   1.9900000e+00  -0.4305955250100001
   2.0000000e+00  -0.5656529200100001
   2.0100000e+00  -0.6422169040100001
   2.0200000e+00   -0.6615314617600001
   2.0300000e+00   -0.6468514035100001
   2.0400000e+00   -0.6150822555100002
   2.0500000e+00   -0.5670496510100002
   2.0600000e+00   -0.49978999451000017
   2.0700000e+00   -0.42562372801000015
   2.0800000e+00   -0.37646750751000013
   2.0900000e+00  -0.38179002451000016
   2.1000000e+00  -0.44010860301000015
   2.1100000e+00  -0.5191429235100001
   2.1200000e+00  -0.5851959515100001
   2.1300000e+00  -0.6259801690100002
   2.1400000e+00  -0.6493607980100002
   2.1500000e+00  -0.6733927040100003
   2.1600000e+00  -0.7146548605100003
   2.1700000e+00  -0.7699020625100003
   2.1800000e+00  -0.8099708490100003
   2.1900000e+00   -0.8073495435100003
   2.2000000e+00   -0.7674449590100003
   2.2100000e+00   -0.7168185295100004
   2.2200000e+00   -0.6672578290100004
   2.2300000e+00   -0.6141511610100004
   2.2400000e+00   -0.5661587180100005
   2.2500000e+00  -0.5481492189100005
   2.2600000e+00  -0.5690702333100005
   2.2700000e+00  -0.6090585143100005
   2.2800000e+00  -0.6449419858100005
   2.2900000e+00  -0.6690199313100005
   2.3000000e+00   -0.6750148988100004
   2.3100000e+00   -0.6446869208100005
   2.3200000e+00   -0.5644117683100005
   2.3300000e+00   -0.4492458983100005
   2.3400000e+00   -0.3397662263100005
   2.3500000e+00   -0.27367499331000045
   2.3600000e+00  -0.2620377543100004
   2.3700000e+00  -0.29178187681000045
   2.3800000e+00  -0.34858674831000047
   2.3900000e+00  -0.4333734493100005
   2.4000000e+00  -0.5531668843100005
   2.4100000e+00  -0.6994495793100005
   2.4200000e+00  -0.8430143893100005
   2.4300000e+00  -0.9499051718100004
   2.4400000e+00  -0.9962614303100005
   2.4500000e+00   -0.9702037958100005
   2.4600000e+00   -0.8715320453100005
   2.4700000e+00   -0.7159860603100004
   2.4800000e+00   -0.5354900803100004
   2.4900000e+00   -0.3691817053100005
   2.5000000e+00   -0.2498597808100005
   2.5100000e+00   -0.1893433758100005
   2.5200000e+00   -0.1688547790600005
   2.5300000e+00   -0.1485026498100005
   2.5400000e+00   -0.0958754793100005
   2.5500000e+00   -0.006717411810000504
   2.5600000e+00   0.1017407731899995
   2.5700000e+00   0.2073036591899995
   2.5800000e+00   0.2869964456899995
   2.5900000e+00   0.31973768068999947
   2.6000000e+00  0.3038235161899995
   2.6100000e+00  0.27054969868999945
   2.6200000e+00   0.26721314468999946
   2.6300000e+00   0.32315391968999946
   2.6400000e+00   0.43496245518999943
   2.6500000e+00   0.5775189101899995
   2.6600000e+00   0.7192499201899994
   2.6700000e+00   0.8308202556899995
   2.6800000e+00   0.8927375161899995
   2.6900000e+00  0.9013431266899995
   2.7000000e+00  0.8668780401899995
   2.7100000e+00  0.8058427826899994
   2.7200000e+00  0.7334793021899995
   2.7300000e+00  0.6568515331899994
   2.7400000e+00  0.5715833336899995
   2.7500000e+00  0.46911315318999947
   2.7600000e+00  0.34864453818999946
   2.7700000e+00  0.21698429318999948
   2.7800000e+00  0.07637880818999948
   2.7900000e+00  -0.07801906181000051
   2.8000000e+00  -0.2430321618100005
   2.8100000e+00  -0.3978309368100005
   2.8200000e+00  -0.5193185068100005
   2.8300000e+00  -0.6044489978100005
   2.8400000e+00  -0.6678484593100005
   2.8500000e+00  -0.7176116618100005
   2.8600000e+00  -0.7434287037600005
   2.8700000e+00   -0.7311367452100005
   2.8800000e+00   -0.6790089192100005
   2.8900000e+00   -0.5952950647100005
   2.9000000e+00   -0.49186892771000046
   2.9100000e+00   -0.39085265921000045
   2.9200000e+00   -0.32772723721000047
   2.9300000e+00  -0.33106738471000047
   2.9400000e+00  -0.39781764871000047
   2.9500000e+00  -0.49624595171000047
   2.9600000e+00  -0.5907876207100005
   2.9700000e+00  -0.6572294977100005
   2.9800000e+00   -0.6804910746600005
   2.9900000e+00   -0.6518435561100004
   3.0000000e+00   -0.5711333536100004
   3.0100000e+00   -0.4466997936100004
   3.0200000e+00   -0.2947544336100004
   3.0300000e+00   -0.14153451861000044
   3.0400000e+00   -0.017501538610000436
   3.0500000e+00   0.06142996638999956
   3.0600000e+00   0.10548452338999956
   3.0700000e+00   0.13715900988999957
   3.0800000e+00   0.16714619788999957
   3.0900000e+00   0.18870508638999958
   3.1000000e+00  0.19286654078999957
   3.1100000e+00  0.18214194168999956
   3.1200000e+00  0.16768236418999957
   3.1300000e+00  0.15619419918999958
   3.1400000e+00  0.14212195268999958
   3.1500000e+00  0.11304631818999958
   3.1600000e+00  0.06108409018999958
   3.1700000e+00  -0.013283333310000423
   3.1800000e+00  -0.10552974831000043
   3.1900000e+00  -0.20566076381000042
   3.2000000e+00  -0.28819256231000046
   3.2100000e+00   -0.31398428731000044
   3.2200000e+00   -0.25800286331000044
   3.2300000e+00   -0.13967835781000043
   3.2400000e+00   -0.01602469281000042
   3.2500000e+00   0.06561933968999957
   3.2600000e+00   0.10750112418999958
   3.2700000e+00   0.14701505518999958
   3.2800000e+00   0.2019475761899996
   3.2900000e+00   0.24110528518999957
   3.3000000e+00  0.2180286571899996
   3.3100000e+00  0.1254152721899996
   3.3200000e+00  0.001582807189999605
   3.3300000e+00  -0.11343059281000038
   3.3400000e+00  -0.2104202943100004
   3.3500000e+00  -0.2973751518100004
   3.3600000e+00  -0.37040456931000043
   3.3700000e+00  -0.4066829298100004
   3.3800000e+00   -0.3779387988100004
   3.3900000e+00   -0.2701802938100004
   3.4000000e+00   -0.10335714381000041
   3.4100000e+00   0.0663435111899996
   3.4200000e+00   0.17910537568999962
   3.4300000e+00  0.2139860448399996
   3.4400000e+00  0.19249318298999962
   3.4500000e+00  0.1429497674899996
   3.4600000e+00  0.0758972299899996
   3.4700000e+00  -0.006987620510000403
   3.4800000e+00  -0.1011055655100004
   3.4900000e+00  -0.20531477351000038
   3.5000000e+00  -0.3253235235100004
   3.5100000e+00  -0.4577152535100004
   3.5200000e+00  -0.5764745485100005
   3.5300000e+00  -0.6476717675100004
   3.5400000e+00   -0.6619977200100005
   3.5500000e+00   -0.6489326795100004
   3.5600000e+00  -0.6503138380100004
   3.5700000e+00  -0.6740005390100005
   3.5800000e+00   -0.6786230370100005
   3.5900000e+00   -0.6131187965100005
   3.6000000e+00   -0.46829521651000044
   3.6100000e+00   -0.27937991651000044
   3.6200000e+00   -0.08274549651000043
   3.6300000e+00   0.11149506348999957
   3.6400000e+00   0.2995423484899996
   3.6500000e+00   0.4533168284899996
   3.6600000e+00   0.5241283824899996
   3.6700000e+00  0.4769296964899996
   3.6800000e+00  0.3201290864899996
   3.6900000e+00  0.1068444164899996
   3.7000000e+00  -0.09218464351000041
   3.7100000e+00  -0.22472024751000044
   3.7200000e+00  -0.27621999151000043
   3.7300000e+00   -0.26241668601000046
   3.7400000e+00   -0.21066894101000044
   3.7500000e+00   -0.14681915501000042
   3.7600000e+00   -0.08666100701000043
   3.7700000e+00   -0.02972108701000043
   3.7800000e+00   0.034846549489999566
   3.7900000e+00   0.11033240498999958
   3.8000000e+00   0.18594933048999956
   3.8100000e+00   0.25488305548999957
   3.8200000e+00   0.3313377919899996
   3.8300000e+00   0.43612089148999955
   3.8400000e+00   0.5648068864899995
   3.8500000e+00   0.6822066664899995
   3.8600000e+00   0.7554169679899995
   3.8700000e+00   0.7864199239899995
   3.8800000e+00   0.8038629364899995
   3.8900000e+00   0.8261947839899995
   3.9000000e+00   0.8461996559899995
   3.9100000e+00   0.8561540541899995
   3.9200000e+00   0.8719855768899994
   3.9300000e+00   0.9132396698899994
   3.9400000e+00   0.9633209033899994
   3.9500000e+00  0.9722224718899994
   3.9600000e+00  0.9080212278899994
   3.9700000e+00  0.7925809578899994
   3.9800000e+00  0.6770538628899994
   3.9900000e+00  0.5927499963899994
   4.0000000e+00  0.5367790138899994
   4.0100000e+00  0.4961862023899994
   4.0200000e+00  0.4671722003899994
   4.0300000e+00  0.4452600748899994
   4.0400000e+00  0.4083168648899994
   4.0500000e+00  0.3241468238899994
   4.0600000e+00  0.18003512388999937
   4.0700000e+00  -0.0007517961100006465
   4.0800000e+00  -0.17731573111000065
   4.0900000e+00  -0.3230130811100007
   4.1000000e+00  -0.4356968866100007
   4.1100000e+00  -0.5231291956100007
   4.1200000e+00  -0.5876074996100007
   4.1300000e+00  -0.6236821491100006
   4.1400000e+00   -0.6246278871100006
   4.1500000e+00   -0.5907128371100006
   4.1600000e+00   -0.5308851721100005
   4.1700000e+00   -0.4516202606100005
   4.1800000e+00   -0.3476489301100005
   4.1900000e+00   -0.21651656511000048
   4.2000000e+00   -0.08120838011000048
   4.2100000e+00   0.018997624889999523
   4.2200000e+00   0.06196292488999952
   4.2300000e+00  0.04892660188999952
   4.2400000e+00  -0.020286587110000476
   4.2500000e+00  -0.14727284811000046
   4.2600000e+00  -0.2997541031100005
   4.2700000e+00  -0.4059331216100005
   4.2800000e+00   -0.4067518761100005
   4.2900000e+00   -0.3021673271100005
   4.3000000e+00   -0.1373812021100005
   4.3100000e+00   0.03811550788999951
   4.3200000e+00   0.1889174978899995
   4.3300000e+00   0.2947118223899995
   4.3400000e+00   0.3530036263899995
   4.3500000e+00   0.3742539700899995
   4.3600000e+00  0.3697521197899995
   4.3700000e+00  0.3564791157899995
   4.3800000e+00   0.3720321512899995
   4.3900000e+00   0.4586540012899995
   4.4000000e+00   0.6202670862899995
   4.4100000e+00   0.8133104612899995
   4.4200000e+00   0.9930362612899996
   4.4300000e+00   1.1568696462899997
   4.4400000e+00   1.3344966962899996
   4.4500000e+00   1.5508799862899996
   4.4600000e+00   1.8102675112899995
   4.4700000e+00   2.1019169262899995
   4.4800000e+00   2.4049611862899996
   4.4900000e+00   2.6948722662899995
   4.5000000e+00   2.9610184862899995
   4.5100000e+00   3.2184375412899997
   4.5200000e+00   3.4970932812899997
   4.5300000e+00   3.8269953212899996
   4.5400000e+00   4.23932840129
   4.5500000e+00   4.76259567629
   4.5600000e+00   5.39360111129
   4.5700000e+00   6.08168989129
   4.5800000e+00   6.76709072629
   4.5900000e+00   7.42501798629
   4.6000000e+00   8.038415876290001
   4.6100000e+00   8.534919941290001
   4.6200000e+00   8.800838561290002
   4.6300000e+00  8.779291731290002
   4.6400000e+00  8.532823311290002
   4.6500000e+00  8.203502376290002
   4.6600000e+00  7.931007886290002
   4.6700000e+00  7.793492387790002
   4.6800000e+00   7.767610184640002
   4.6900000e+00  7.708189884990002
   4.7000000e+00  7.3853876349900025
   4.7100000e+00  6.585690969990003
   4.7200000e+00  5.217733119990003
   4.7300000e+00  3.3470487199900028
   4.7400000e+00  1.1348641199900027
   4.7500000e+00  -1.2490002300099974
   4.7600000e+00  -3.6287583800099976
   4.7700000e+00  -5.751969380009998
   4.7800000e+00  -7.299579680009998
   4.7900000e+00  -8.026490680009998
   4.8000000e+00   -7.860366585009998
   4.8100000e+00   -6.855806190009998
   4.8200000e+00   -5.165035790009998
   4.8300000e+00   -3.1277077400099986
   4.8400000e+00   -1.2721167900099986
   4.8500000e+00   -0.07394018000999858
   4.8600000e+00  0.29129023199000137
   4.8700000e+00  -0.06894564100999867
   4.8800000e+00  -0.9351447660099986
   4.8900000e+00  -2.061662666009999
   4.9000000e+00  -3.192508816009999
   4.9100000e+00  -4.115654836009999
   4.9200000e+00  -4.711335366009999
   4.9300000e+00  -4.953881171509999
   4.9400000e+00   -4.936646022009999
   4.9500000e+00  -4.884087581662499
   4.9600000e+00  -5.019000676314999
   4.9700000e+00  -5.377190831314999
   4.9800000e+00  -5.819718156314999
   4.9900000e+00  -6.2101289213149995
   5.0000000e+00  -6.475029346314999
   5.0100000e+00   -6.513339751314999
   5.0200000e+00   -6.200176001314999
   5.0300000e+00   -5.535525661314999
   5.0400000e+00   -4.703650341314999
   5.0500000e+00   -3.939974961314999
   5.0600000e+00   -3.372950106314999
   5.0700000e+00   -2.984336841314999
   5.0800000e+00   -2.661755541314999
   5.0900000e+00   -2.285384046314999
   5.1000000e+00   -1.811779056314999
   5.1100000e+00   -1.291367846314999
   5.1200000e+00   -0.8026902463149989
   5.1300000e+00   -0.39194688131499883
   5.1400000e+00   -0.0796366613149988
   5.1500000e+00   0.1248375286850012
   5.1600000e+00   0.2529343986850012
   5.1700000e+00   0.39521072868500123
   5.1800000e+00   0.6546954936850012
   5.1900000e+00   1.0854219336850013
   5.2000000e+00   1.6843017686850015
   5.2100000e+00   2.422756803685002
   5.2200000e+00   3.2624948236850018
   5.2300000e+00   4.136897048685002
   5.2400000e+00   4.926224348685002
   5.2500000e+00   5.468807463685002
   5.2600000e+00  5.621526041185002
   5.2700000e+00  5.323923658685002
   5.2800000e+00  4.605534633685002
   5.2900000e+00  3.5467086386850015
   5.3000000e+00  2.255886488685001
   5.3100000e+00  0.8694094386850011
   5.3200000e+00  -0.4798395113149989
   5.3300000e+00  -1.7179168613149989
   5.3400000e+00  -2.8277931113149988
   5.3500000e+00  -3.775436866314999
   5.3600000e+00  -4.463124071314999
   5.3700000e+00  -4.7753101028149985
   5.3800000e+00   -4.651708179314999
   5.3900000e+00   -4.099031389314998
   5.4000000e+00   -3.153546204314998
   5.4100000e+00   -1.8694918043149982
   5.4200000e+00   -0.3656716043149981
   5.4300000e+00   1.1173493956850018
   5.4400000e+00   2.238035280685002
   5.4500000e+00   2.687476081185002
   5.4600000e+00  2.341109596685002
   5.4700000e+00  1.2954312466850022
   5.4800000e+00  -0.19985940331499785
   5.4900000e+00  -1.7970249533149978
   5.5000000e+00  -3.0986058533149983
   5.5100000e+00  -3.814048533314998
   5.5200000e+00   -3.956355137814998
   5.5300000e+00   -3.820213657314998
   5.5400000e+00   -3.706415566314998
   5.5500000e+00  -3.7169144703149977
   5.5600000e+00  -3.8383030953149975
   5.5700000e+00  -4.097632160314998
   5.5800000e+00  -4.511693115314998
   5.5900000e+00  -4.933888105314998
   5.6000000e+00   -5.086420870814998
   5.6100000e+00   -4.786817481314999
   5.6200000e+00   -4.107855136314999
   5.6300000e+00   -3.314336046314999
   5.6400000e+00   -2.6741573213149987
   5.6500000e+00   -2.317000011314999
   5.6600000e+00  -2.2186485320149987
   5.6700000e+00  -2.2814852477149987
   5.6800000e+00  -2.426842177714999
   5.6900000e+00  -2.624067752714999
   5.7000000e+00  -2.853809362714999
   5.7100000e+00  -3.071353262714999
   5.7200000e+00  -3.220519577714999
   5.7300000e+00  -3.2739157173149986
   5.7400000e+00   -3.2384633009149986
   5.7500000e+00   -3.1113883799149984
   5.7600000e+00   -2.8448638749149984
   5.7700000e+00   -2.3792986599149986
   5.7800000e+00   -1.7166856199149985
   5.7900000e+00   -0.9387132399149986
   5.8000000e+00   -0.1358617599149986
   5.8100000e+00   0.6675831350850013
   5.8200000e+00   1.4975235750850013
   5.8300000e+00   2.3445416400850014
   5.8400000e+00   3.1168875900850015
   5.8500000e+00   3.6874478650850016
   5.8600000e+00   3.9753053500850015
   5.8700000e+00  3.9727779950850017
   5.8800000e+00  3.711956465085002
   5.8900000e+00  3.2386706650850017
   5.9000000e+00  2.6244137550850017
   5.9100000e+00  1.9684067200850017
   5.9200000e+00  1.3585941550850018
   5.9300000e+00  0.8419505700850018
   5.9400000e+00  0.44656751508500186
   5.9500000e+00  0.20487462508500187
   5.9600000e+00  0.12532675563500187
   5.9700000e+00   0.16859575118500186
   5.9800000e+00   0.29947168618500186
   5.9900000e+00   0.5517846061850018
   6.0000000e+00   0.9920463861850018
   6.0100000e+00   1.614329526185002
   6.0200000e+00   2.310803106185002
   6.0300000e+00   2.948080731185002
   6.0400000e+00   3.4283354911850017
   6.0500000e+00   3.669647941185002
   6.0600000e+00  3.587800746185002
   6.0700000e+00  3.149405956185002
   6.0800000e+00  2.434125971185002
   6.0900000e+00  1.6183037361850021
   6.1000000e+00  0.8934294711850022
   6.1100000e+00  0.3882112361850022
   6.1200000e+00  0.1253457211850022
   6.1300000e+00  0.020039560185002206
   6.1400000e+00  -0.0630056408149978
   6.1500000e+00  -0.2156084908149978
   6.1600000e+00  -0.4363472358149978
   6.1700000e+00  -0.6694870608149979
   6.1800000e+00  -0.8687759758149979
   6.1900000e+00  -1.0047712713149979
   6.2000000e+00   -1.0362205673149978
   6.2100000e+00   -0.9237828478149978
   6.2200000e+00   -0.6882829028149978
   6.2300000e+00   -0.43082173781499783
   6.2400000e+00   -0.27218616831499787
   6.2500000e+00  -0.2740136968149979
   6.2600000e+00  -0.4250918198149979
   6.2700000e+00  -0.6920623798149979
   6.2800000e+00  -1.0635484848149979
   6.2900000e+00  -1.5447052448149978
   6.3000000e+00  -2.1290494248149976
   6.3100000e+00  -2.784512264814998
   6.3200000e+00  -3.4473722498149977
   6.3300000e+00  -4.011899714814998
   6.3400000e+00  -4.342309689814998
   6.3500000e+00   -4.323952934814998
   6.3600000e+00   -3.907163154814998
   6.3700000e+00   -3.100013489814998
   6.3800000e+00   -1.952323549814998
   6.3900000e+00   -0.5874838998149978
   6.4000000e+00   0.7674194501850025
   6.4100000e+00   1.8470762651850026
   6.4200000e+00   2.4833993801850025
   6.4300000e+00  2.6790408554850025
   6.4400000e+00  2.5580182757850025
   6.4500000e+00  2.2665857557850027
   6.4600000e+00  1.9143637357850025
   6.4700000e+00  1.5686838807850023
   6.4800000e+00  1.2669007157850023
   6.4900000e+00  1.0199932707850023
   6.5000000e+00  0.8089978107850023
   6.5100000e+00  0.5979308457850023
   6.5200000e+00  0.3738174357850023
   6.5300000e+00  0.1767889757850023
   6.5400000e+00  0.07473956528500231
   6.5500000e+00   0.1045736777850023
   6.5600000e+00   0.2500520407850023
   6.5700000e+00   0.4730897607850023
   6.5800000e+00   0.7438243457850023
   6.5900000e+00   1.0340563107850023
   6.6000000e+00   1.3021871407850023
   6.6100000e+00   1.5005312807850024
   6.6200000e+00   1.5914713307850024
   6.6300000e+00  1.5490224207850023
   6.6400000e+00  1.3525487357850023
   6.6500000e+00  0.9929627507850023
   6.6600000e+00  0.4918130457850023
   6.6700000e+00  -0.08579736421499773
   6.6800000e+00  -0.6393656392149978
   6.6900000e+00  -1.0620100892149977
   6.7000000e+00  -1.2813938842149977
   6.7100000e+00   -1.2955970672149977
   6.7200000e+00   -1.1748890202149977
   6.7300000e+00   -1.0116033852149977
   6.7400000e+00   -0.8509706502149976
   6.7500000e+00   -0.6690476452149976
   6.7600000e+00   -0.4173017502149976
   6.7700000e+00   -0.0784708702149976
   6.7800000e+00   0.31979634478500246
   6.7900000e+00   0.7219897947850025
   6.8000000e+00   1.0600317297850024
   6.8100000e+00   1.2696113047850024
   6.8200000e+00  1.3160371097850023
   6.8300000e+00  1.2079956547850024
   6.8400000e+00  0.9863433797850023
   6.8500000e+00  0.7117662297850023
   6.8600000e+00  0.46231938978500225
   6.8700000e+00  0.31356562028500223
   6.8800000e+00   0.2962112172850022
   6.8900000e+00   0.3773209687850022
   6.9000000e+00   0.49208941878500223
   6.9100000e+00   0.5886229997850022
   6.9200000e+00   0.6444438767850023
   6.9300000e+00   0.6638302428350022
   6.9400000e+00   0.6761095503850022
   6.9500000e+00   0.7243353073850022
   6.9600000e+00   0.8358588918850022
   6.9700000e+00   0.9995714218850021
   6.9800000e+00   1.1737276868850022
   6.9900000e+00   1.3128183918850023
   7.0000000e+00   1.3874046578850023
   7.0100000e+00  1.3878119503850024
   7.0200000e+00  1.3192444618850023
   7.0300000e+00  1.1996013168850024
   7.0400000e+00  1.0646321168850024
   7.0500000e+00  0.9683250078850023
   7.0600000e+00   0.9598404588850024
   7.0700000e+00   1.0449490688850023
   7.0800000e+00   1.1709760038850023
   7.0900000e+00   1.2577944213850023
   7.1000000e+00  1.2471250488850023
   7.1100000e+00  1.1260994288850024
   7.1200000e+00  0.9167647738850023
   7.1300000e+00  0.6566882088850023
   7.1400000e+00  0.38854828888500237
   7.1500000e+00  0.1534236088850024
   7.1600000e+00  -0.020514216114997624
   7.1700000e+00  -0.12854889961499763
   7.1800000e+00  -0.18947126161499764
   7.1900000e+00  -0.23724626661499765
   7.2000000e+00  -0.31423993311499765
   7.2100000e+00  -0.4645626431149977
   7.2200000e+00  -0.7151024681149977
   7.2300000e+00  -1.0487716981149977
   7.2400000e+00  -1.4000836781149977
   7.2500000e+00  -1.6896427831149978
   7.2600000e+00  -1.8683472281149978
   7.2700000e+00  -1.9293814054649978
   7.2800000e+00   -1.8875572208149978
   7.2900000e+00   -1.7602905738149979
   7.3000000e+00   -1.567881123814998
   7.3100000e+00   -1.3397591138149978
   7.3200000e+00   -1.1122379838149978
   7.3300000e+00   -0.9167031438149978
   7.3400000e+00   -0.7617758688149978
   7.3500000e+00   -0.6215447988149978
   7.3600000e+00   -0.4516354388149978
   7.3700000e+00   -0.2320722138149978
   7.3800000e+00   0.00540143118500222
   7.3900000e+00   0.20061851118500224
   7.4000000e+00   0.3137388471850022
   7.4100000e+00  0.3458289870850022
   7.4200000e+00  0.3208810629850022
   7.4300000e+00  0.2646750739850022
   7.4400000e+00  0.20350003948500217
   7.4500000e+00  0.17044959978500218
   7.4600000e+00   0.20145718808500218
   7.4700000e+00   0.3185808725850022
   7.4800000e+00   0.5083957875850021
   7.4900000e+00   0.7115874375850021
   7.5000000e+00   0.843152466085002
   7.5100000e+00  0.840485030585002
   7.5200000e+00  0.701384981585002
   7.5300000e+00  0.47409213158500196
   7.5400000e+00  0.20840389658500197
   7.5500000e+00  -0.08274480841499804
   7.5600000e+00  -0.41653170841499804
   7.5700000e+00  -0.802588513414998
   7.5800000e+00  -1.2139019984149981
   7.5900000e+00  -1.587197838414998
   7.6000000e+00  -1.8453346184149981
   7.6100000e+00   -1.9266762324149982
   7.6200000e+00   -1.8093266164149981
   7.6300000e+00   -1.517569911414998
   7.6400000e+00   -1.107546746414998
   7.6500000e+00   -0.649111136414998
   7.6600000e+00   -0.21811700141499796
   7.6700000e+00   0.11331280858500203
   7.6800000e+00   0.302921458585002
   7.6900000e+00   0.362517371985002
   7.7000000e+00  0.352396669385002
   7.7100000e+00   0.35200362838500204
   7.7200000e+00   0.43163043838500204
   7.7300000e+00   0.629415343385002
   7.7400000e+00   0.931515833385002
   7.7500000e+00   1.275365653385002
   7.7600000e+00   1.587613048385002
   7.7700000e+00   1.8250945783850019
   7.7800000e+00   1.9819103383850019
   7.7900000e+00   2.070572029885002
   7.8000000e+00   2.108158593385002
   7.8100000e+00  2.115255431785002
   7.8200000e+00   2.1163195215850017
   7.8300000e+00   2.1348240624850017
   7.8400000e+00   2.1812251799850015
   7.8500000e+00   2.2385660609850015
   7.8600000e+00   2.2661568031950017
   7.8700000e+00  2.2318246244050015
   7.8800000e+00  2.1416354994050013
   7.8900000e+00  2.0290916244050012
   7.9000000e+00  1.9183517794050013
   7.9100000e+00  1.8077765044050014
   7.9200000e+00  1.6819403944050013
   7.9300000e+00  1.5224639194050014
   7.9400000e+00  1.3095685844050013
   7.9500000e+00  1.0336406744050013
   7.9600000e+00  0.7146537194050013
   7.9700000e+00  0.40109126940500134
   7.9800000e+00  0.14110927440500137
   7.9900000e+00  -0.046221600594998635
   8.0000000e+00  -0.17427944559499864
   8.0100000e+00  -0.26967282259499864
   8.0200000e+00  -0.34956365059499866
   8.0300000e+00  -0.4126262785949987
   8.0400000e+00  -0.4485964780949987
   8.0500000e+00   -0.4539943328449987
   8.0600000e+00   -0.4354949530949987
   8.0700000e+00   -0.4004047910949987
   8.0800000e+00   -0.3523420155949987
   8.0900000e+00   -0.2990942780949987
   8.1000000e+00   -0.25607653059499874
   8.1100000e+00   -0.23375225959499873
   8.1200000e+00   -0.22490725559499875
   8.1300000e+00   -0.21231731359499875
   8.1400000e+00   -0.18978698409499875
   8.1500000e+00   -0.17147025209499875
   8.1600000e+00  -0.18029413909499875
   8.1700000e+00  -0.22942362609499875
   8.1800000e+00  -0.3123203865949988
   8.1900000e+00  -0.40550931959499875
   8.2000000e+00  -0.4805172035949988
   8.2100000e+00  -0.5160817225949987
   8.2200000e+00   -0.4998498890949987
   8.2300000e+00   -0.4210552140949987
   8.2400000e+00   -0.2703955240949987
   8.2500000e+00   -0.05289245909499865
   8.2600000e+00   0.20554408590500137
   8.2700000e+00   0.4734266759050014
   8.2800000e+00   0.7342513059050014
   8.2900000e+00   0.9869890059050015
   8.3000000e+00   1.2307579109050015
   8.3100000e+00   1.4566578309050016
   8.3200000e+00   1.6522598959050017
   8.3300000e+00   1.8079997459050017
   8.3400000e+00   1.9233079634050017
   8.3500000e+00   2.0145881874050016
   8.3600000e+00   2.1136150739050015
   8.3700000e+00   2.2462760089050016
   8.3800000e+00   2.4077169839050017
   8.3900000e+00   2.5609023839050016
   8.4000000e+00   2.6617266814050016
   8.4100000e+00  2.688263584405002
   8.4200000e+00  2.6527729574050016
   8.4300000e+00  2.5917681704050017
   8.4400000e+00  2.5436853539050017
   8.4500000e+00   2.5299720630550016
   8.4600000e+00   2.5498343637050014
   8.4700000e+00   2.5851549317050013
   8.4800000e+00   2.607393592855001
   8.4900000e+00  2.5864455695050013
   8.5000000e+00  2.502996973505001
   8.5100000e+00  2.355814488505001
   8.5200000e+00  2.156134818505001
   8.5300000e+00  1.9180685935050008
   8.5400000e+00  1.6587628585050007
   8.5500000e+00  1.4045913435050008
   8.5600000e+00  1.1890170935050008
   8.5700000e+00  1.0415877585050008
   8.5800000e+00  0.9810588835050008
   8.5900000e+00   1.0159985945050007
   8.6000000e+00   1.1414683505050007
   8.6100000e+00   1.3279858955050008
   8.6200000e+00   1.519169330505001
   8.6300000e+00   1.6533610415050009
   8.6400000e+00  1.6966053134050008
   8.6500000e+00  1.6560270958050007
   8.6600000e+00  1.5627349523050007
   8.6700000e+00  1.4472839573050007
   8.6800000e+00  1.3316480173050007
   8.6900000e+00  1.2312525673050008
   8.7000000e+00  1.1483725463050007
   8.7100000e+00  1.0623188678050006
   8.7200000e+00  0.9389089103050006
   8.7300000e+00  0.7586567603050005
   8.7400000e+00  0.5337353103050004
   8.7500000e+00  0.29511471030500047
   8.7600000e+00  0.0676129553050005
   8.7700000e+00  -0.1408908296949995
   8.7800000e+00  -0.3355592496949995
   8.7900000e+00  -0.5309111496949995
   8.8000000e+00  -0.7482960746949996
   8.8100000e+00  -1.0052064796949995
   8.8200000e+00  -1.3015735646949995
   8.8300000e+00  -1.6185649346949995
   8.8400000e+00  -1.9289727696949996
   8.8500000e+00  -2.2037180446949995
   8.8600000e+00  -2.4127375746949995
   8.8700000e+00  -2.5321937571949995
   8.8800000e+00   -2.5550665896949996
   8.8900000e+00   -2.4891940946949997
   8.9000000e+00   -2.3454734496949996
   8.9100000e+00   -2.1342803746949994
   8.9200000e+00   -1.8693074196949995
   8.9300000e+00   -1.5652739046949995
   8.9400000e+00   -1.2380613646949994
   8.9500000e+00   -0.9209198146949994
   8.9600000e+00   -0.6715319446949994
   8.9700000e+00   -0.5366983596949995
   8.9800000e+00  -0.5039863151449995
   8.9900000e+00   -0.5050909190449995
   9.0000000e+00   -0.4705900809949995
   9.0100000e+00   -0.3676851944949995
   9.0200000e+00   -0.1888684794949995
   9.0300000e+00   0.0685343655050005
   9.0400000e+00   0.3994282755050005
   9.0500000e+00   0.7833105755050005
   9.0600000e+00   1.1900935205050005
   9.0700000e+00   1.5859814905050005
   9.0800000e+00   1.9331205755050005
   9.0900000e+00   2.1988404705050004
   9.1000000e+00   2.3735232755050006
   9.1100000e+00   2.4723415205050006
   9.1200000e+00   2.5155547120050006
   9.1300000e+00  2.5119728435050006
   9.1400000e+00  2.4606123805050006
   9.1500000e+00  2.359950487505001
   9.1600000e+00  2.214109112505001
   9.1700000e+00  2.036575637505001
   9.1800000e+00  1.8489050925050008
   9.1900000e+00  1.6690905925050008
   9.2000000e+00  1.4973670725050008
   9.2100000e+00  1.3157655725050008
   9.2200000e+00  1.1039268525050008
   9.2300000e+00  0.8547986925050008
   9.2400000e+00  0.5746889725050008
   9.2500000e+00  0.2710608275050008
   9.2600000e+00  -0.05535838249499919
   9.2700000e+00  -0.4067390774949992
   9.2800000e+00  -0.7832998024949993
   9.2900000e+00  -1.1873561724949993
   9.3000000e+00  -1.6275710424949992
   9.3100000e+00  -2.110899167494999
   9.3200000e+00  -2.629718977494999
   9.3300000e+00  -3.161691957494999
   9.3400000e+00  -3.681805002494999
   9.3500000e+00  -4.170130492494999
   9.3600000e+00  -4.6096967224949985
   9.3700000e+00  -4.9843505874949985
   9.3800000e+00  -5.281873232494998
   9.3900000e+00  -5.496568177494998
   9.4000000e+00  -5.627701411494998
   9.4100000e+00  -5.677420953944998
   9.4200000e+00   -5.6506532748949985
   9.4300000e+00   -5.554480287394998
   9.4400000e+00   -5.394822887394998
   9.4500000e+00   -5.173625602394998
   9.4600000e+00   -4.892634982394998
   9.4700000e+00   -4.562748597394998
   9.4800000e+00   -4.2069883423949985
   9.4900000e+00   -3.8503247923949986
   9.5000000e+00   -3.5100627373949984
   9.5100000e+00   -3.2024947723949984
   9.5200000e+00   -2.9537842323949985
   9.5300000e+00   -2.7901547223949987
   9.5400000e+00   -2.7137125818949985
   9.5500000e+00  -2.6975869898949987
   9.5600000e+00  -2.7078271213949985
   9.5700000e+00  -2.7202811904949984
   9.5800000e+00   -2.7135783205949986
   9.5900000e+00   -2.659918154594999
   9.6000000e+00   -2.534522294594999
   9.6100000e+00   -2.329333239594999
   9.6200000e+00   -2.050212014594999
   9.6300000e+00   -1.7058106095949992
   9.6400000e+00   -1.3074304645949992
   9.6500000e+00   -0.8770693845949993
   9.6600000e+00   -0.4467083045949993
   9.6700000e+00   -0.04708510459499926
   9.6800000e+00   0.3000014604050008
   9.6900000e+00   0.5798469104050008
   9.7000000e+00   0.7828530504050009
   9.7100000e+00   0.9097047524050008
   9.7200000e+00   0.9762770714050009
   9.7300000e+00   1.006663944405001
   9.7400000e+00   1.016091757415001
   9.7500000e+00  0.999158117425001
   9.7600000e+00  0.935431752925001
   9.7700000e+00  0.8079602704250011
   9.7800000e+00  0.6189874354250011
   9.7900000e+00  0.3911269804250011
   9.8000000e+00  0.1548658354250011
   9.8100000e+00  -0.0669340645749989
   9.8200000e+00  -0.2659529895749989
   9.8300000e+00  -0.4431251295749989
   9.8400000e+00  -0.5987236045749988
   9.8500000e+00  -0.7296734345749989
   9.8600000e+00  -0.8374520020749989
   9.8700000e+00  -0.9365457645749989
   9.8800000e+00  -1.050901064574999
   9.8900000e+00  -1.199109919574999
   9.9000000e+00  -1.383357534574999
   9.9100000e+00  -1.5934643045749992
   9.9200000e+00  -1.8181940745749992
   9.9300000e+00  -2.046813344574999
   9.9400000e+00  -2.259896884574999
   9.9500000e+00  -2.427702954574999
   9.9600000e+00  -2.525152725074999
   9.9700000e+00   -2.545114224074999
   9.9800000e+00   -2.491042506574999
   9.9900000e+00   -2.362342835574999
   1.0000000e+01   -2.1591432655749987
   1.0010000e+01   -1.9006938205749986
   1.0020000e+01   -1.6251563755749987
   1.0030000e+01   -1.3661562155749987
   1.0040000e+01   -1.1397787355749986
   1.0050000e+01   -0.9584142155749986
   1.0060000e+01   -0.8424178950749986
   1.0070000e+01  -0.8047988817749987
   1.0080000e+01  -0.8311607744749987
   1.0090000e+01  -0.8868192619749987
   1.0100000e+01  -0.9413732964749987
   1.0110000e+01  -0.9796466919749987
   1.0120000e+01  -0.9961362845249987
   1.0130000e+01   -0.9924868175749987
   1.0140000e+01   -0.9803189760749986
   1.0150000e+01  -0.9750027492249986
   1.0160000e+01  -0.9807306872249987
   1.0170000e+01   -0.9836682729749987
   1.0180000e+01   -0.9598974253749987
   1.0190000e+01   -0.8885385233749987
   1.0200000e+01   -0.7609804548749988
   1.0210000e+01   -0.5840741898749988
   1.0220000e+01   -0.3766109048749988
   1.0230000e+01   -0.1616561648749988
   1.0240000e+01   0.03848959012500122
   1.0250000e+01   0.20404655012500122
   1.0260000e+01   0.3227967416250012
   1.0270000e+01   0.3959069351250012
   1.0280000e+01   0.4317134331250012
   1.0290000e+01  0.4294910621250012
   1.0300000e+01  0.3769051046250012
   1.0310000e+01  0.2715797991250012
   1.0320000e+01  0.1401704091250012
   1.0330000e+01  0.025225410625001193
   1.0340000e+01  -0.04784911787499882
   1.0350000e+01  -0.08422852987499882
   1.0360000e+01  -0.10100055287499882
   1.0370000e+01   -0.10423422357499881
   1.0380000e+01   -0.08817043127499881
   1.0390000e+01   -0.04931933827499881
   1.0400000e+01   0.007742887725001188
   1.0410000e+01   0.07866865322500119
   1.0420000e+01   0.16674818022500118
   1.0430000e+01   0.27714947172500115
   1.0440000e+01   0.40401537672500115
   1.0450000e+01   0.5259486467250012
   1.0460000e+01   0.6166463017250012
   1.0470000e+01   0.6625886452250013
   1.0480000e+01   0.6741035133950013
   1.0490000e+01   0.6815187720650013
   1.0500000e+01   0.7173376215650014
   1.0510000e+01   0.7948913025650014
   1.0520000e+01   0.8998855980650013
   1.0530000e+01   1.0033924755650014
   1.0540000e+01   1.0840306355650013
   1.0550000e+01   1.1375377385650014
   1.0560000e+01   1.1693017460650015
   1.0570000e+01   1.1859270110650015
   1.0580000e+01   1.1959887530150015
   1.0590000e+01   1.2111932819650015
   1.0600000e+01   1.2397807494650015
   1.0610000e+01   1.2796598179650014
   1.0620000e+01   1.3201879569650015
   1.0630000e+01   1.3486939314650015
   1.0640000e+01  1.3546139533150015
   1.0650000e+01  1.3315590496650014
   1.0660000e+01  1.2784170821650014
   1.0670000e+01  1.1968381651650013
   1.0680000e+01  1.0871004966650013
   1.0690000e+01  0.9496390016650014
   1.0700000e+01  0.7921051066650013
   1.0710000e+01  0.6324470666650013
   1.0720000e+01  0.49324277666500127
   1.0730000e+01  0.39306445116500127
   1.0740000e+01  0.3410561071650013
   1.0750000e+01   0.3347967511650013
   1.0760000e+01   0.3605145056650013
   1.0770000e+01   0.39768190516500135
   1.0780000e+01   0.42937178866500136
   1.0790000e+01   0.4541949756650014
   1.0800000e+01   0.4903376976650014
   1.0810000e+01   0.5650543836650014
   1.0820000e+01   0.6957654886650013
   1.0830000e+01   0.8781090236650013
   1.0840000e+01   1.0882896936650013
   1.0850000e+01   1.2928828136650012
   1.0860000e+01   1.4589160886650012
   1.0870000e+01   1.5645928896650012
   1.0880000e+01   1.6083692836650012
   1.0890000e+01  1.6087450021650012
   1.0900000e+01  1.5952623721650012
   1.0910000e+01   1.6000763666650013
   1.0920000e+01   1.6516545636650013
   1.0930000e+01   1.7644237406650012
   1.0940000e+01   1.9288973506650011
   1.0950000e+01   2.1152780106650013
   1.0960000e+01   2.2894125006650015
   1.0970000e+01   2.4261447306650012
   1.0980000e+01   2.5140930116650013
   1.0990000e+01   2.5570599816650015
   1.1000000e+01   2.5710512219150017
   1.1010000e+01  2.571985970565002
   1.1020000e+01  2.561877368465002
   1.1030000e+01  2.527410138465002
   1.1040000e+01  2.450687887965002
   1.1050000e+01  2.320399272965002
   1.1060000e+01  2.137421492965002
   1.1070000e+01  1.915872092965002
   1.1080000e+01  1.6795782229650018
   1.1090000e+01  1.4548273529650018
   1.1100000e+01  1.2633346629650017
   1.1110000e+01  1.1167515679650017
   1.1120000e+01  1.0124620459650018
   1.1130000e+01  0.9354101934650018
   1.1140000e+01  0.8686917594650018
   1.1150000e+01  0.8032696929650017
   1.1160000e+01  0.7364813954650017
   1.1170000e+01  0.6652454504650017
   1.1180000e+01  0.5856751014650017
   1.1190000e+01  0.4969790339650017
   1.1200000e+01  0.4009153529650017
   1.1210000e+01  0.2987391109650017
   1.1220000e+01  0.19202265596500173
   1.1230000e+01  0.08480167596500174
   1.1240000e+01  -0.01725394653499826
   1.1250000e+01  -0.10726943903499826
   1.1260000e+01  -0.17548747253499825
   1.1270000e+01  -0.21151978003499824
   1.1280000e+01   -0.21139160303499824
   1.1290000e+01   -0.18010406053499822
   1.1300000e+01   -0.1265838075349982
   1.1310000e+01   -0.0602621240349982
   1.1320000e+01   0.006753595465001802
   1.1330000e+01   0.06115571646500181
   1.1340000e+01   0.09774996296500181
   1.1350000e+01   0.1247293189650018
   1.1360000e+01   0.1545906054650018
   1.1370000e+01   0.1893856049650018
   1.1380000e+01   0.2173806639650018
   1.1390000e+01  0.2246069275650018
   1.1400000e+01  0.20822467216500182
   1.1410000e+01  0.17892279966500182
   1.1420000e+01  0.15339183966500183
   1.1430000e+01   0.14690328466500183
   1.1440000e+01   0.17094059266500183
   1.1450000e+01   0.23194735066500183
   1.1460000e+01   0.32801534916500186
   1.1470000e+01   0.44698834916500185
   1.1480000e+01   0.5693298791650019
   1.1490000e+01   0.6733805891650019
   1.1500000e+01   0.7402224141650019
   1.1510000e+01  0.7586333607650019
   1.1520000e+01  0.7281595413650018
   1.1530000e+01  0.6553130538650018
   1.1540000e+01  0.5452092973650018
   1.1550000e+01  0.3993450873650018
   1.1560000e+01  0.22281346736500177
   1.1570000e+01  0.029794572365001742
   1.1580000e+01  -0.16188641263499826
   1.1590000e+01  -0.34026646263499827
   1.1600000e+01  -0.5010005426349983
   1.1610000e+01  -0.6420557726349982
   1.1620000e+01  -0.7612787976349983
   1.1630000e+01  -0.8602886371349983
   1.1640000e+01  -0.9479900886349982
   1.1650000e+01  -1.0370407806349982
   1.1660000e+01  -1.1346563156349982
   1.1670000e+01  -1.2356037386349983
   1.1680000e+01  -1.3247171481349982
   1.1690000e+01  -1.3887235701349983
   1.1700000e+01  -1.4278974086349983
   1.1710000e+01  -1.4562208786349982
   1.1720000e+01  -1.4882712081349982
   1.1730000e+01  -1.5241200541349982
   1.1740000e+01  -1.5469606341349982
   1.1750000e+01   -1.536611745134998
   1.1760000e+01   -1.4853569641349982
   1.1770000e+01   -1.3993992486349982
   1.1780000e+01   -1.286069678634998
   1.1790000e+01   -1.144602968634998
   1.1800000e+01   -0.9726781886349981
   1.1810000e+01   -0.7784203786349981
   1.1820000e+01   -0.5795536686349981
   1.1830000e+01   -0.38883349863499816
   1.1840000e+01   -0.20262211863499816
   1.1850000e+01   -0.004945518634998147
   1.1860000e+01   0.21779274136500185
   1.1870000e+01   0.4648679913650018
   1.1880000e+01   0.7208995963650018
   1.1890000e+01   0.9661774763650017
   1.1900000e+01   1.1886960663650017
   1.1910000e+01   1.3881553313650017
   1.1920000e+01   1.5705004613650018
   1.1930000e+01   1.7405300113650017
   1.1940000e+01   1.8993241013650017
   1.1950000e+01   2.0458676963650015
   1.1960000e+01   2.1791367513650015
   1.1970000e+01   2.2993773913650015
   1.1980000e+01   2.4087252413650013
   1.1990000e+01   2.510248257365001
   1.2000000e+01   2.6044702893650014
   1.2010000e+01   2.6847299153650015
   1.2020000e+01   2.7360292918650013
   1.2030000e+01  2.7422022808650013
   1.2040000e+01  2.698320916865001
   1.2050000e+01  2.615738535865001
   1.2060000e+01  2.512681841365001
   1.2070000e+01  2.401801301365001
   1.2080000e+01  2.2899731863650006
   1.2090000e+01  2.1856623138650004
   1.2100000e+01  2.0969309133650005
   1.2110000e+01  2.0204326748650003
   1.2120000e+01  1.9395543418650003
   1.2130000e+01  1.8369503943650003
   1.2140000e+01  1.7050336543650002
   1.2150000e+01  1.5438969243650003
   1.2160000e+01  1.3564904843650003
   1.2170000e+01  1.1499905393650003
   1.2180000e+01  0.9363516993650003
   1.2190000e+01  0.7255799793650003
   1.2200000e+01  0.5199232043650003
   1.2210000e+01  0.3182033943650002
   1.2220000e+01  0.1252185243650002
   1.2230000e+01  -0.0453615606349998
   1.2240000e+01  -0.1778464356349998
   1.2250000e+01  -0.2652002441349998
   1.2260000e+01  -0.3159419696349998
   1.2270000e+01  -0.35233885963499983
   1.2280000e+01  -0.40009614563499984
   1.2290000e+01  -0.47609481913499985
   1.2300000e+01  -0.5822122446349999
   1.2310000e+01  -0.7074176596349999
   1.2320000e+01  -0.8339281346349999
   1.2330000e+01  -0.9423969221349999
   1.2340000e+01  -1.014806884135
   1.2350000e+01   -1.037665291235
   1.2360000e+01   -1.007626789335
   1.2370000e+01   -0.9357884573349999
   1.2380000e+01   -0.843718670835
   1.2390000e+01   -0.7516620948349999
   1.2400000e+01   -0.6690123628349999
   1.2410000e+01   -0.5945405323349999
   1.2420000e+01   -0.5227185813349999
   1.2430000e+01   -0.4488498168349999
   1.2440000e+01   -0.3710912918349999
   1.2450000e+01   -0.2906114758349999
   1.2460000e+01   -0.2108783563349999
   1.2470000e+01   -0.1384204168349999
   1.2480000e+01   -0.0852703458349999
   1.2490000e+01  -0.0659878320349999
   1.2500000e+01  -0.0847395682349999
   1.2510000e+01  -0.1243040762349999
   1.2520000e+01  -0.1535739017349999
   1.2530000e+01   -0.14919892423499992
   1.2540000e+01   -0.10900245373499992
   1.2550000e+01   -0.04650590923499993
   1.2560000e+01   0.022112051265000078
   1.2570000e+01   0.08564190326500007
   1.2580000e+01   0.13924907426500008
   1.2590000e+01   0.18269168026500007
   1.2600000e+01   0.21597267476500007
   1.2610000e+01   0.23591923026500006
   1.2620000e+01  0.23864426281500006
   1.2630000e+01  0.22504856236500007
   1.2640000e+01  0.20116326186500005
   1.2650000e+01  0.17237319436500007
   1.2660000e+01  0.13907281636500007
   1.2670000e+01  0.09837881986500008
   1.2680000e+01  0.04840983636500007
   1.2690000e+01  -0.009957795134999933
   1.2700000e+01  -0.07445386513499994
   1.2710000e+01  -0.14317638563499996
   1.2720000e+01  -0.21481313063499996
   1.2730000e+01  -0.2880645306349999
   1.2740000e+01  -0.36204776463499994
   1.2750000e+01  -0.43751039513499995
   1.2760000e+01  -0.5168221601349999
   1.2770000e+01  -0.602130263135
   1.2780000e+01  -0.6932571211349999
   1.2790000e+01  -0.7865694366349999
   1.2800000e+01  -0.8754285381349999
   1.2810000e+01  -0.9531111906349998
   1.2820000e+01  -1.0163501301349998
   1.2830000e+01  -1.0645385751349998
   1.2840000e+01  -1.0953048861349999
   1.2850000e+01  -1.105881800185
   1.2860000e+01   -1.103038184685
   1.2870000e+01  -1.106767246135
   1.2880000e+01  -1.134857981635
   1.2890000e+01  -1.182444405135
   1.2900000e+01  -1.2236171066350001
   1.2910000e+01   -1.236329505335
   1.2920000e+01   -1.2215515220350002
   1.2930000e+01   -1.1965125360350002
   1.2940000e+01   -1.1752632235350002
   1.2950000e+01   -1.1601246900350002
   1.2960000e+01   -1.147332516035
   1.2970000e+01   -1.134112615535
   1.2980000e+01   -1.1201633800350002
   1.2990000e+01   -1.1062441815350001
   1.3000000e+01   -1.092235260535
   1.3010000e+01   -1.075243067535
   1.3020000e+01   -1.050854290535
   1.3030000e+01   -1.018517997535
   1.3040000e+01   -0.984470035535
   1.3050000e+01   -0.956817548535
   1.3060000e+01   -0.938970029035
   1.3070000e+01   -0.9305767581850001
   1.3080000e+01  -0.9329690930850001
   1.3090000e+01  -0.9489907798350001
   1.3100000e+01  -0.9773113353350001
   1.3110000e+01  -1.010903705835
   1.3120000e+01  -1.0419483633350002
   1.3130000e+01  -1.0650025643350003
   1.3140000e+01  -1.0749410132350004
   1.3150000e+01   -1.0659807156350003
   1.3160000e+01   -1.0353643881350003
   1.3170000e+01   -0.9865942721350003
   1.3180000e+01   -0.9280066261350003
   1.3190000e+01   -0.8689570856350003
   1.3200000e+01   -0.8165772426350003
   1.3210000e+01   -0.7738776851350003
   1.3220000e+01   -0.7404441821350003
   1.3230000e+01   -0.7152478266350003
   1.3240000e+01   -0.6969740496350003
   1.3250000e+01   -0.6806362856350003
   1.3260000e+01   -0.6577267721350003
   1.3270000e+01   -0.6242455976350003
   1.3280000e+01   -0.5874908431350003
   1.3290000e+01   -0.5611575936350003
   1.3300000e+01  -0.5541851672350003
   1.3310000e+01  -0.5671230323350003
   1.3320000e+01  -0.5975936273350003
   1.3330000e+01  -0.6445198603350003
   1.3340000e+01  -0.7067090328350003
   1.3350000e+01  -0.7812027958350003
   1.3360000e+01  -0.8637253453350003
   1.3370000e+01  -0.9472710213350003
   1.3380000e+01  -1.0195922338350003
   1.3390000e+01  -1.0664166143350002
   1.3400000e+01   -1.0799714217850003
   1.3410000e+01   -1.0624087372350002
   1.3420000e+01   -1.0201028742350002
   1.3430000e+01   -0.9590242872350002
   1.3440000e+01   -0.8889254962350002
   1.3450000e+01   -0.8276079797350002
   1.3460000e+01   -0.7941024227350002
   1.3470000e+01  -0.7965856247350002
   1.3480000e+01  -0.8294803312350002
   1.3490000e+01  -0.8806844552350002
   1.3500000e+01  -0.9371652462350002
   1.3510000e+01  -0.9844104717350002
   1.3520000e+01  -1.0073424770850001
   1.3530000e+01   -0.9970817994350001
   1.3540000e+01   -0.956754694435
   1.3550000e+01   -0.898876774435
   1.3560000e+01   -0.836756855935
   1.3570000e+01   -0.7782195804350001
   1.3580000e+01   -0.724978512935
   1.3590000e+01   -0.6736153784350001
   1.3600000e+01   -0.615308101435
   1.3610000e+01   -0.538747526935
   1.3620000e+01   -0.43960785993500007
   1.3630000e+01   -0.3274771999350001
   1.3640000e+01   -0.21768330493500007
   1.3650000e+01   -0.11413249493500006
   1.3660000e+01   -0.005692379935000061
   1.3670000e+01   0.11666704006499994
   1.3680000e+01   0.24352814006499995
   1.3690000e+01   0.35193837956499996
   1.3700000e+01   0.42271073106499996
   1.3710000e+01   0.44839615126499993
   1.3720000e+01  0.42911806096499994
   1.3730000e+01  0.3698415439649999
   1.3740000e+01  0.2832947414649999
   1.3750000e+01  0.18894247796499988
   1.3760000e+01  0.10372667596499988
   1.3770000e+01  0.033619462464999875
   1.3780000e+01  -0.025369186535000122
   1.3790000e+01  -0.07998964753500012
   1.3800000e+01  -0.13504289953500012
   1.3810000e+01  -0.19343548503500013
   1.3820000e+01  -0.25650412453500016
   1.3830000e+01  -0.32217829803500014
   1.3840000e+01  -0.3843835190350001
   1.3850000e+01  -0.4366793330350001
   1.3860000e+01  -0.47696542803500014
   1.3870000e+01  -0.5083655855350001
   1.3880000e+01  -0.5370745235350001
   1.3890000e+01  -0.5710183030350001
   1.3900000e+01  -0.6184465445350001
   1.3910000e+01  -0.6831503790350002
   1.3920000e+01  -0.7593701550350002
   1.3930000e+01  -0.8331366840350002
   1.3940000e+01  -0.8889535835350002
   1.3950000e+01  -0.9140616669850002
   1.3960000e+01   -0.8990594334350003
   1.3970000e+01   -0.8406484739350003
   1.3980000e+01   -0.7454294804350003
   1.3990000e+01   -0.6265675604350003
   1.4000000e+01   -0.4946309654350003
   1.4010000e+01   -0.3547404804350003
   1.4020000e+01   -0.21275506043500028
   1.4030000e+01   -0.07818703043500028
   1.4040000e+01   0.042345199564999714
   1.4050000e+01   0.1503354995649997
   1.4060000e+01   0.2500191160649997
   1.4070000e+01   0.3397691990649997
   1.4080000e+01   0.4117091410649997
   1.4090000e+01   0.4588768240649997
   1.4100000e+01   0.4814081695649997
   1.4110000e+01  0.48688745758499974
   1.4120000e+01  0.48558650120499974
   1.4130000e+01   0.48453713061499976
   1.4140000e+01   0.48592735677499976
   1.4150000e+01   0.49130300737499977
   1.4160000e+01   0.5054733891249997
   1.4170000e+01   0.5343323276249997
   1.4180000e+01   0.5802103121249997
   1.4190000e+01   0.6426401611249998
   1.4200000e+01   0.7246796786249998
   1.4210000e+01   0.8359561896249998
   1.4220000e+01   0.9851313146249998
   1.4230000e+01   1.1659930296249998
   1.4240000e+01   1.3519224696249998
   1.4250000e+01   1.5090904796249998
   1.4260000e+01   1.6183166131249997
   1.4270000e+01   1.6823543886249999
   1.4280000e+01   1.7114031796249998
   1.4290000e+01  1.7070420601249998
   1.4300000e+01  1.6645499156249999
   1.4310000e+01  1.585759579625
   1.4320000e+01  1.4812671496249998
   1.4330000e+01  1.360364869625
   1.4340000e+01  1.226344824625
   1.4350000e+01  1.084213164625
   1.4360000e+01  0.9469863596249999
   1.4370000e+01  0.8291468946249999
   1.4380000e+01  0.735608576125
   1.4390000e+01  0.6599043031249999
   1.4400000e+01  0.5905044371249999
   1.4410000e+01  0.5149820196249999
   1.4420000e+01  0.4208661886249999
   1.4430000e+01  0.30001381862499993
   1.4440000e+01  0.15488068862499993
   1.4450000e+01  -0.003263681375000077
   1.4460000e+01  -0.16436182137500008
   1.4470000e+01  -0.3253655813750001
   1.4480000e+01  -0.48622917637500007
   1.4490000e+01  -0.6452819863750001
   1.4500000e+01  -0.8006710563750001
   1.4510000e+01  -0.9516503613750001
   1.4520000e+01  -1.0944065263750002
   1.4530000e+01  -1.2184346413750002
   1.4540000e+01  -1.3098724023750004
   1.4550000e+01  -1.3591095188750004
   1.4560000e+01   -1.3676880771250004
   1.4570000e+01   -1.3516820423750004
   1.4580000e+01   -1.3361100333750004
   1.4590000e+01  -1.3378227758750005
   1.4600000e+01  -1.3501859433750005
   1.4610000e+01   -1.3488695493750005
   1.4620000e+01   -1.3158497578750006
   1.4630000e+01   -1.2551479898750006
   1.4640000e+01   -1.1842932243750006
   1.4650000e+01   -1.1160677958750007
   1.4660000e+01   -1.0531478088750008
   1.4670000e+01   -0.9967131268750008
   1.4680000e+01   -0.9522194773750008
   1.4690000e+01   -0.9231415533750008
   1.4700000e+01   -0.9020959068750009
   1.4710000e+01   -0.8731217768750008
   1.4720000e+01   -0.8246176428750008
   1.4730000e+01   -0.7585763943750008
   1.4740000e+01   -0.6864771218750008
   1.4750000e+01   -0.6184291928750008
   1.4760000e+01   -0.5570101773750008
   1.4770000e+01   -0.4967184618750008
   1.4780000e+01   -0.42456231387500076
   1.4790000e+01   -0.3247445068750008
   1.4800000e+01   -0.19102092687500077
   1.4810000e+01   -0.03637493687500076
   1.4820000e+01   0.11392377312499924
   1.4830000e+01   0.23974754312499924
   1.4840000e+01   0.3335164906249992
   1.4850000e+01   0.3933197366249992
   1.4860000e+01   0.4189591398749992
   1.4870000e+01  0.4197494179249992
   1.4880000e+01   0.4196809224249992
   1.4890000e+01   0.44693364262499924
   1.4900000e+01   0.5182214941249993
   1.4910000e+01   0.6353948366249993
   1.4920000e+01   0.7921608716249993
   1.4930000e+01   0.9758572566249992
   1.4940000e+01   1.1632288366249992
   1.4950000e+01   1.3249784666249993
   1.4960000e+01   1.4429044936249993
   1.4970000e+01   1.5213140876249993
   1.4980000e+01   1.5775350351249993
   1.4990000e+01   1.6230691086249993
   1.5000000e+01   1.6575219921249993
   1.5010000e+01   1.6768644801249992
   1.5020000e+01  1.6795003651249991
   1.5030000e+01  1.6637844766249992
   1.5040000e+01  1.6261282701249993
   1.5050000e+01  1.5632440961249994
   1.5060000e+01  1.4718200276249993
   1.5070000e+01  1.3463922126249992
   1.5080000e+01  1.1842309976249992
   1.5090000e+01  0.9937692226249992
   1.5100000e+01  0.7922359026249992
   1.5110000e+01  0.5934817626249992
   1.5120000e+01  0.4037224476249992
   1.5130000e+01  0.22932677262499918
   1.5140000e+01  0.07976193262499917
   1.5150000e+01  -0.04205901737500084
   1.5160000e+01  -0.14703922737500086
   1.5170000e+01  -0.25260723737500085
   1.5180000e+01  -0.36944861737500084
   1.5190000e+01  -0.4952583423750009
   1.5200000e+01  -0.6172727473750009
   1.5210000e+01  -0.7207561443750009
   1.5220000e+01  -0.8002238433750009
   1.5230000e+01  -0.8639219768750008
   1.5240000e+01  -0.9245229468750008
   1.5250000e+01  -0.9869565508750008
   1.5260000e+01  -1.0492366623750007
   1.5270000e+01  -1.1105949393750008
   1.5280000e+01  -1.1692332973750008
   1.5290000e+01  -1.212696279375001
   1.5300000e+01   -1.2205775523750009
   1.5310000e+01   -1.180904363875001
   1.5320000e+01   -1.100639060875001
   1.5330000e+01   -1.002078469375001
   1.5340000e+01   -0.9147185018750009
   1.5350000e+01   -0.8657369293750009
   1.5360000e+01  -0.8653906723750009
   1.5370000e+01  -0.8986271593750009
   1.5380000e+01  -0.9387614828750009
   1.5390000e+01  -0.9711621738750009
   1.5400000e+01  -0.9978678853750009
   1.5410000e+01  -1.021726504375001
   1.5420000e+01  -1.037449144525001
   1.5430000e+01   -1.040221139725001
   1.5440000e+01   -1.032510232275001
   1.5450000e+01   -1.016879267275001
   1.5460000e+01   -0.9882007002750011
   1.5470000e+01   -0.937306227775001
   1.5480000e+01   -0.858719432275001
   1.5490000e+01   -0.753565785775001
   1.5500000e+01   -0.630409355775001
   1.5510000e+01   -0.5056121207750011
   1.5520000e+01   -0.39680265427500105
   1.5530000e+01   -0.30961985177500106
   1.5540000e+01   -0.23121475927500107
   1.5550000e+01   -0.14037597777500105
   1.5560000e+01   -0.025641607775001046
   1.5570000e+01   0.10641059722499896
   1.5580000e+01   0.23944690722499895
   1.5590000e+01   0.36160136722499897
   1.5600000e+01   0.47078933722499894
   1.5610000e+01   0.5689390112249989
   1.5620000e+01   0.6564134862249988
   1.5630000e+01   0.7347331267249988
   1.5640000e+01   0.8110370547249988
   1.5650000e+01   0.8937290557249988
   1.5660000e+01   0.9822656897249988
   1.5670000e+01   1.0649456517249989
   1.5680000e+01   1.129369569224999
   1.5690000e+01   1.173125030724999
   1.5700000e+01   1.201925930224999
   1.5710000e+01   1.2196430152249988
   1.5720000e+01  1.224693396824999
   1.5730000e+01  1.2164553469249988
   1.5740000e+01  1.2010209594249988
   1.5750000e+01  1.1886024495749987
   1.5760000e+01   1.1880578758749987
   1.5770000e+01   1.2059608540249986
   1.5780000e+01   1.2479173605249987
   1.5790000e+01   1.3163321235249987
   1.5800000e+01   1.4059863505249988
   1.5810000e+01   1.5031402785249988
   1.5820000e+01   1.5896819685249988
   1.5830000e+01   1.6496146925249988
   1.5840000e+01   1.6751649924249987
   1.5850000e+01  1.6698833153249988
   1.5860000e+01  1.6464285258249989
   1.5870000e+01  1.6204961428249989
   1.5880000e+01  1.605776810124999
   1.5890000e+01   1.6125314889249989
   1.5900000e+01   1.6474174799249988
   1.5910000e+01   1.7110117694249987
   1.5920000e+01   1.7932833009249987
   1.5930000e+01   1.8725895909249988
   1.5940000e+01   1.9242052594249988
   1.5950000e+01  1.9351611314249988
   1.5960000e+01  1.9115395834249989
   1.5970000e+01  1.8694131679249988
   1.5980000e+01  1.8196695634249989
   1.5990000e+01  1.7638451179249988
   1.6000000e+01  1.7011920269249987
   1.6010000e+01  1.6322985679249986
   1.6020000e+01  1.5545376784249987
   1.6030000e+01  1.4607064194249988
   1.6040000e+01  1.3465090244249989
   1.6050000e+01  1.2161942544249988
   1.6060000e+01  1.078163059424999
   1.6070000e+01  0.9392398244249989
   1.6080000e+01  0.8074606244249989
   1.6090000e+01  0.6962309414249989
   1.6100000e+01  0.6176787219249988
   1.6110000e+01  0.5706270349249989
   1.6120000e+01  0.5403086354249989
   1.6130000e+01  0.5119800029249989
   1.6140000e+01  0.4810311369249989
   1.6150000e+01  0.4479576709249989
   1.6160000e+01  0.4085159034249989
   1.6170000e+01  0.3550189219249989
   1.6180000e+01  0.2875719974249989
   1.6190000e+01  0.2197022019249989
   1.6200000e+01  0.1698863594249989
   1.6210000e+01  0.1479295539749989
   1.6220000e+01   0.1509149525249989
   1.6230000e+01   0.1713648260249989
   1.6240000e+01   0.2055830935249989
   1.6250000e+01   0.2517257150249989
   1.6260000e+01   0.3029930135249989
   1.6270000e+01   0.3485598780249989
   1.6280000e+01   0.3825766350249989
   1.6290000e+01   0.4093917735249989
   1.6300000e+01   0.4393086740249989
   1.6310000e+01   0.48080315502499893
   1.6320000e+01   0.5345629050249989
   1.6330000e+01   0.590504499524999
   1.6340000e+01   0.6317464950249989
   1.6350000e+01   0.6470023933749989
   1.6360000e+01  0.6398234967249988
   1.6370000e+01  0.6225757402249988
   1.6380000e+01  0.6033317872249988
   1.6390000e+01  0.5835912497249988
   1.6400000e+01  0.5661323007249988
   1.6410000e+01  0.5567899392249988
   1.6420000e+01   0.5570749560749988
   1.6430000e+01   0.5608976271249988
   1.6440000e+01  0.5604256315249988
   1.6450000e+01  0.5513381967249988
   1.6460000e+01  0.5320903857249989
   1.6470000e+01  0.5030487322249989
   1.6480000e+01  0.4682165662249989
   1.6490000e+01  0.4339879737249989
   1.6500000e+01  0.4035218267249989
   1.6510000e+01  0.3738836677249989
   1.6520000e+01  0.33991437972499894
   1.6530000e+01  0.29928036322499896
   1.6540000e+01  0.252564618224999
   1.6550000e+01  0.20003010722499898
   1.6560000e+01  0.14065322822499898
   1.6570000e+01  0.07487454372499898
   1.6580000e+01  0.007254428224998971
   1.6590000e+01  -0.05442129377500103
   1.6600000e+01  -0.10265272627500104
   1.6610000e+01  -0.13300997177500104
   1.6620000e+01  -0.14462523792500104
   1.6630000e+01   -0.13960069457500104
   1.6640000e+01   -0.12281691857500104
   1.6650000e+01   -0.10177599507500104
   1.6660000e+01   -0.08519955807500104
   1.6670000e+01  -0.08048161892500104
   1.6680000e+01  -0.09145235577500103
   1.6690000e+01  -0.11710153627500104
   1.6700000e+01  -0.15115495127500103
   1.6710000e+01  -0.184252335275001
   1.6720000e+01  -0.21076315177500102
   1.6730000e+01  -0.235891278275001
   1.6740000e+01  -0.273132184275001
   1.6750000e+01  -0.330327738775001
   1.6760000e+01  -0.398266151775001
   1.6770000e+01  -0.45582638077500104
   1.6780000e+01  -0.48607402477500106
   1.6790000e+01   -0.48502825077500106
   1.6800000e+01   -0.45697553177500105
   1.6810000e+01   -0.4081543147750011
   1.6820000e+01   -0.3484575867750011
   1.6830000e+01   -0.29497679977500113
   1.6840000e+01   -0.2670232997750011
   1.6850000e+01  -0.2745090902750011
   1.6860000e+01  -0.3114194827750011
   1.6870000e+01  -0.3608450672750011
   1.6880000e+01  -0.4058898927750011
   1.6890000e+01  -0.4365645707750011
   1.6900000e+01  -0.4495736332750011
   1.6910000e+01   -0.44562475877500113
   1.6920000e+01   -0.42825936327500114
   1.6930000e+01   -0.40298319927500115
   1.6940000e+01   -0.37557454827500114
   1.6950000e+01   -0.35241188377500116
   1.6960000e+01  -0.34305449102500113
   1.6970000e+01  -0.35872660427500114
   1.6980000e+01  -0.40455771877500113
   1.6990000e+01  -0.4754044637750011
   1.7000000e+01  -0.5625989842750011
   1.7010000e+01  -0.6617610697750012
   1.7020000e+01  -0.7694282697750011
   1.7030000e+01  -0.8759146897750011
   1.7040000e+01  -0.9696554242750011
   1.7050000e+01  -1.048526335775001
   1.7060000e+01  -1.1201804727750009
   1.7070000e+01  -1.1902089632750008
   1.7080000e+01  -1.2546142012750008
   1.7090000e+01  -1.3033197477750007
   1.7100000e+01  -1.3257342960250007
   1.7110000e+01   -1.3137671177750008
   1.7120000e+01   -1.2663140782750009
   1.7130000e+01   -1.193173368275001
   1.7140000e+01   -1.111561915275001
   1.7150000e+01   -1.038007893775001
   1.7160000e+01   -0.983961640775001
   1.7170000e+01   -0.9548033662750011
   1.7180000e+01  -0.9480037061250011
   1.7190000e+01  -0.9537241069250011
   1.7200000e+01  -0.9612199370250011
   1.7210000e+01  -0.9646632419000011
   1.7220000e+01   -0.962431433275001
   1.7230000e+01   -0.9542588429250011
   1.7240000e+01   -0.9408424374250011
   1.7250000e+01   -0.922593308925001
   1.7260000e+01   -0.896545973425001
   1.7270000e+01   -0.857495167425001
   1.7280000e+01   -0.803896533925001
   1.7290000e+01   -0.7401852279250011
   1.7300000e+01   -0.6730191849250011
   1.7310000e+01   -0.6087586674250012
   1.7320000e+01   -0.5547196029250012
   1.7330000e+01   -0.5179172359250013
   1.7340000e+01   -0.5000069437250013
   1.7350000e+01  -0.49602281502500134
   1.7360000e+01  -0.49989558862500133
   1.7370000e+01  -0.5096556752250013
   1.7380000e+01  -0.5265881447250014
   1.7390000e+01  -0.5513676157250014
   1.7400000e+01  -0.5824664572250013
   1.7410000e+01  -0.6176547992250013
   1.7420000e+01  -0.6560765182250013
   1.7430000e+01  -0.6983423882250014
   1.7440000e+01  -0.7441749517250014
   1.7450000e+01  -0.7901310407250014
   1.7460000e+01  -0.8301853122250014
   1.7470000e+01  -0.8584813537250013
   1.7480000e+01  -0.8714704952250013
   1.7490000e+01   -0.8682733722250013
   1.7500000e+01   -0.8494492887250014
   1.7510000e+01   -0.8146720992250014
   1.7520000e+01   -0.7620756327250013
   1.7530000e+01   -0.6927893737250014
   1.7540000e+01   -0.6178222027250013
   1.7550000e+01   -0.5579144247250013
   1.7560000e+01   -0.5326285508250013
   1.7570000e+01  -0.5479690454250012
   1.7580000e+01  -0.5941865359250013
   1.7590000e+01  -0.6539227989250013
   1.7600000e+01  -0.7113935879250013
   1.7610000e+01  -0.7559779954250013
   1.7620000e+01  -0.7814696084250013
   1.7630000e+01   -0.7854589102750014
   1.7640000e+01   -0.7702829186250013
   1.7650000e+01   -0.7426046581250013
   1.7660000e+01   -0.7090747081250013
   1.7670000e+01   -0.6712733036250013
   1.7680000e+01   -0.6261697826250012
   1.7690000e+01   -0.5724189536250013
   1.7700000e+01   -0.5150946566250013
   1.7710000e+01   -0.46329382712500133
   1.7720000e+01   -0.4242775881250013
   1.7730000e+01   -0.40175969262500133
   1.7740000e+01  -0.3996321355750013
   1.7750000e+01  -0.42436707252500133
   1.7760000e+01  -0.4802987425250013
   1.7770000e+01  -0.5619824770250014
   1.7780000e+01  -0.6541855655250014
   1.7790000e+01  -0.7420884395250014
   1.7800000e+01  -0.8208026300250013
   1.7810000e+01  -0.8937660160250013
   1.7820000e+01  -0.9639897630250013
   1.7830000e+01  -1.0290979255250012
   1.7840000e+01  -1.0824069865250012
   1.7850000e+01  -1.1150215460250013
   1.7860000e+01   -1.1180906965250013
   1.7870000e+01   -1.0872217825250012
   1.7880000e+01   -1.0258461570250013
   1.7890000e+01   -0.9435856890250013
   1.7900000e+01   -0.8528893045250013
   1.7910000e+01   -0.7679846870250013
   1.7920000e+01   -0.7026803925250014
   1.7930000e+01   -0.6640657815250014
   1.7940000e+01   -0.6485168521250014
   1.7950000e+01  -0.6460757527250014
   1.7960000e+01  -0.6477961959250014
   1.7970000e+01   -0.6480459435750013
   1.7980000e+01   -0.6436575835750014
   1.7990000e+01   -0.6350585797250013
   1.8000000e+01   -0.6262323167250013
   1.8010000e+01   -0.6187836131750013
   1.8020000e+01   -0.6060661672250013
   1.8030000e+01   -0.5770475777250013
   1.8040000e+01   -0.5267735497250012
   1.8050000e+01   -0.4598580692250012
   1.8060000e+01   -0.38251961272500123
   1.8070000e+01   -0.2944954567250012
   1.8080000e+01   -0.19148385922500122
   1.8090000e+01   -0.07331982422500122
   1.8100000e+01   0.05385303577499878
   1.8110000e+01   0.18238494077499878
   1.8120000e+01   0.30523725077499875
   1.8130000e+01   0.41163526927499877
   1.8140000e+01   0.4846988917749988
   1.8150000e+01  0.5083357607749988
   1.8160000e+01  0.47779271627499875
   1.8170000e+01  0.40285980727499876
   1.8180000e+01  0.3017015777749988
   1.8190000e+01  0.1932039127749988
   1.8200000e+01  0.09457308477499879
   1.8210000e+01  0.02254946777499879
   1.8220000e+01  -0.008154284375001208
   1.8230000e+01   0.008645844974998793
   1.8240000e+01   0.0656641144749988
   1.8250000e+01   0.14667779147499882
   1.8260000e+01   0.2374996414749988
   1.8270000e+01   0.33072329997499883
   1.8280000e+01   0.41972477647499884
   1.8290000e+01   0.49370160447499883
   1.8300000e+01   0.5439794894749989
   1.8310000e+01   0.5728073714749988
   1.8320000e+01   0.5900017994749989
   1.8330000e+01   0.6010538092749989
   1.8340000e+01  0.6034606052249989
   1.8350000e+01  0.5949791313749989
   1.8360000e+01  0.5802716488749989
   1.8370000e+01  0.567414608874999
   1.8380000e+01  0.561144976674999
   1.8390000e+01   0.5609146752749989
   1.8400000e+01   0.562496086824999
   1.8410000e+01  0.5598978717249989
   1.8420000e+01  0.548366291874999
   1.8430000e+01  0.5278036428749989
   1.8440000e+01  0.502746647374999
   1.8450000e+01  0.47909801787499895
   1.8460000e+01  0.46245140787499894
   1.8470000e+01   0.45857695832499895
   1.8480000e+01   0.4713924837749989
   1.8490000e+01   0.49840562327499893
   1.8500000e+01   0.5302303147749989
   1.8510000e+01   0.556618404274999
   1.8520000e+01   0.5724820347749989
   1.8530000e+01   0.5777648354099989
   1.8540000e+01  0.573285273944999
   1.8550000e+01  0.5582621528449989
   1.8560000e+01  0.5310136703449989
   1.8570000e+01  0.4902427858449989
   1.8580000e+01  0.43541362734499894
   1.8590000e+01  0.36759638084499896
   1.8600000e+01  0.291613487344999
   1.8610000e+01  0.21666400134499897
   1.8620000e+01  0.15200582884499897
   1.8630000e+01  0.10024528134499897
   1.8640000e+01  0.05584004884499896
   1.8650000e+01  0.01085947634499896
   1.8660000e+01  -0.03983652115500104
   1.8670000e+01  -0.09988422165500105
   1.8680000e+01  -0.17335514865500104
   1.8690000e+01  -0.260256347155001
   1.8700000e+01  -0.35092689215500106
   1.8710000e+01  -0.42937503415500106
   1.8720000e+01  -0.48346429515500106
   1.8730000e+01  -0.5102894141550011
   1.8740000e+01   -0.512525808305001
   1.8750000e+01   -0.49271661445500103
   1.8760000e+01   -0.45155043195500105
   1.8770000e+01   -0.388975605955001
   1.8780000e+01   -0.305522855455001
   1.8790000e+01   -0.203774464955001
   1.8800000e+01   -0.08966737995500101
   1.8810000e+01   0.02817661504499898
   1.8820000e+01   0.14126181504499896
   1.8830000e+01   0.24363026704499896
   1.8840000e+01   0.332061917544999
   1.8850000e+01   0.405520557044999
   1.8860000e+01   0.466019577544999
   1.8870000e+01   0.519745589544999
   1.8880000e+01   0.575078246044999
   1.8890000e+01   0.637596992544999
   1.8900000e+01   0.707020170544999
   1.8910000e+01   0.779571083044999
   1.8920000e+01   0.852761299044999
   1.8930000e+01   0.927081561044999
   1.8940000e+01   1.003499569044999
   1.8950000e+01   1.080244144544999
   1.8960000e+01   1.1521255630449991
   1.8970000e+01   1.212842995044999
   1.8980000e+01   1.258491351044999
   1.8990000e+01   1.2895248020449992
   1.9000000e+01   1.3094140940449992
   1.9010000e+01   1.3208933102449991
   1.9020000e+01  1.3227210248949992
   1.9030000e+01  1.3099447978449992
   1.9040000e+01  1.2788147258449991
   1.9050000e+01  1.233089672344999
   1.9060000e+01  1.184300006344999
   1.9070000e+01  1.1427046268449992
   1.9080000e+01  1.1078546998449992
   1.9090000e+01  1.0708944708449992
   1.9100000e+01  1.0255641088449992
   1.9110000e+01  0.9719046073449992
   1.9120000e+01  0.9082870663449991
   1.9130000e+01  0.8269314118449991
   1.9140000e+01  0.7226853533449991
   1.9150000e+01  0.602203418344999
   1.9160000e+01  0.47897210834499904
   1.9170000e+01  0.36181137834499905
   1.9180000e+01  0.25283598834499904
   1.9190000e+01  0.15339352534499906
   1.9200000e+01  0.06546809184499906
   1.9210000e+01  -0.012167189155000938
   1.9220000e+01  -0.08424142665500094
   1.9230000e+01  -0.15551567415500095
   1.9240000e+01  -0.23049298315500094
   1.9250000e+01  -0.31568800715500095
   1.9260000e+01  -0.41769013265500093
   1.9270000e+01  -0.536965922655001
   1.9280000e+01  -0.6645436326550009
   1.9290000e+01  -0.785911717655001
   1.9300000e+01  -0.889387965655001
   1.9310000e+01  -0.971976220655001
   1.9320000e+01  -1.037091286655001
   1.9330000e+01  -1.087133518155001
   1.9340000e+01  -1.121216968655001
   1.9350000e+01  -1.1408233206550011
   1.9360000e+01  -1.152524078455001
   1.9370000e+01  -1.161088637905001
   1.9380000e+01   -1.163247877705001
   1.9390000e+01   -1.152100925355001
   1.9400000e+01   -1.124676105355001
   1.9410000e+01   -1.082070759355001
   1.9420000e+01   -1.026468635855001
   1.9430000e+01   -0.962149479855001
   1.9440000e+01   -0.894938950855001
   1.9450000e+01   -0.825560030855001
   1.9460000e+01   -0.747362574355001
   1.9470000e+01   -0.655512768855001
   1.9480000e+01   -0.554227428855001
   1.9490000e+01   -0.449694828855001
   1.9500000e+01   -0.340882773855001
   1.9510000e+01   -0.22473103885500098
   1.9520000e+01   -0.10673474885500098
   1.9530000e+01   0.0023499511449990435
   1.9540000e+01   0.09904506914499905
   1.9550000e+01   0.18811135314499905
   1.9560000e+01   0.27086851614499907
   1.9570000e+01   0.3409355506449991
   1.9580000e+01   0.3943182131449991
   1.9590000e+01   0.4369163746449991
   1.9600000e+01   0.4772075976449991
   1.9610000e+01   0.5153270401449991
   1.9620000e+01   0.5446704601449991
   1.9630000e+01   0.5638390416449991
   1.9640000e+01   0.5833945016449991
   1.9650000e+01   0.619076687644999
   1.9660000e+01   0.678510489144999
   1.9670000e+01   0.754553265644999
   1.9680000e+01   0.831083325644999
   1.9690000e+01   0.894751206144999
   1.9700000e+01   0.941717691144999
   1.9710000e+01   0.975999148144999
   1.9720000e+01   1.005094399144999
   1.9730000e+01   1.037309983644999
   1.9740000e+01   1.0787797366449992
   1.9750000e+01   1.1293051141449992
   1.9760000e+01   1.1818879316449993
   1.9770000e+01   1.2281924956449992
   1.9780000e+01   1.2636878856449991
   1.9790000e+01   1.2868951711449992
   1.9800000e+01   1.2966680895949991
   1.9810000e+01  1.2933920020949992
   1.9820000e+01  1.2813022601449993
   1.9830000e+01  1.2658703621449994
   1.9840000e+01  1.2484799996449993
   1.9850000e+01  1.2255469111449993
   1.9860000e+01  1.1923988846449993
   1.9870000e+01  1.1463446186449993
   1.9880000e+01  1.0875727366449992
   1.9890000e+01  1.0203283511449992
   1.9900000e+01  0.9524985251449992
   1.9910000e+01  0.8900548046449992
   1.9920000e+01  0.8308395416449992
   1.9930000e+01  0.7667025261449991
   1.9940000e+01  0.6930992651449991
   1.9950000e+01  0.6143681686449991
   1.9960000e+01  0.5386985166449991
   1.9970000e+01  0.47121077514499915
   1.9980000e+01  0.41437272564499916
   1.9990000e+01  0.37165322414499913
   2.0000000e+01  0.34492609814499914
   2.0010000e+01  0.32737754014499915
   2.0020000e+01  0.30313969364499915
   2.0030000e+01  0.25711031364499914
   2.0040000e+01  0.18509515064499915
   2.0050000e+01  0.09470534764499915
   2.0060000e+01  -0.0013356553550008393
   2.0070000e+01  -0.09231320885500084
   2.0080000e+01  -0.17350837035500083
   2.0090000e+01  -0.24670662985500083
   2.0100000e+01  -0.31728249435500083
   2.0110000e+01  -0.38988054085500085
   2.0120000e+01  -0.4660225943550008
   2.0130000e+01  -0.5437828543550008
   2.0140000e+01  -0.6174478203550009
   2.0150000e+01  -0.6783534643550009
   2.0160000e+01  -0.7193913893550009
   2.0170000e+01  -0.7399839368550009
   2.0180000e+01   -0.7455983782215009
   2.0190000e+01   -0.7429983507880009
   2.0200000e+01   -0.7379364784380009
   2.0210000e+01  -0.735996358638001
   2.0220000e+01  -0.740776030238001
   2.0230000e+01  -0.749076779188001
   2.0240000e+01   -0.7508824355880009
   2.0250000e+01   -0.737386000388001
   2.0260000e+01   -0.7088884173880009
   2.0270000e+01   -0.6736430543880009
   2.0280000e+01   -0.6396112143880008
   2.0290000e+01   -0.6079340063880009
   2.0300000e+01   -0.5725487908880009
   2.0310000e+01   -0.523963412888001
   2.0320000e+01   -0.454370590388001
   2.0330000e+01   -0.36218904188800094
   2.0340000e+01   -0.25314580188800095
   2.0350000e+01   -0.13638336688800096
   2.0360000e+01   -0.019329206888000952
   2.0370000e+01   0.09339858311199904
   2.0380000e+01   0.19801399211199905
   2.0390000e+01   0.292118164611999
   2.0400000e+01   0.377932117611999
   2.0410000e+01   0.46160660811199905
   2.0420000e+01   0.546804067111999
   2.0430000e+01   0.630547591111999
   2.0440000e+01   0.707413533111999
   2.0450000e+01   0.7763307741119989
   2.0460000e+01   0.841068501611999
   2.0470000e+01   0.905549456611999
   2.0480000e+01   0.971830316611999
   2.0490000e+01   1.042236585611999
   2.0500000e+01   1.119867727611999
   2.0510000e+01   1.2052195346119992
   2.0520000e+01   1.2934738076119991
   2.0530000e+01   1.375868342111999
   2.0540000e+01   1.443173200611999
   2.0550000e+01   1.488456419111999
   2.0560000e+01   1.508626884511999
   2.0570000e+01  1.504443488911999
   2.0580000e+01  1.4785000609119991
   2.0590000e+01  1.4329920914119991
   2.0600000e+01  1.370170215911999
   2.0610000e+01  1.2950779394119991
   2.0620000e+01  1.216790246911999
   2.0630000e+01  1.145717003911999
   2.0640000e+01  1.088498672411999
   2.0650000e+01  1.0441607409119988
   2.0660000e+01  1.0043531284119989
   2.0670000e+01  0.9576052219119988
   2.0680000e+01  0.8945086989119988
   2.0690000e+01  0.8105901459119988
   2.0700000e+01  0.7066829059119989
   2.0710000e+01  0.5886185909119989
   2.0720000e+01  0.46622995591199884
   2.0730000e+01  0.3496911409119988
   2.0740000e+01  0.24377893591199884
   2.0750000e+01  0.14498396191199883
   2.0760000e+01  0.045365532911998824
   2.0770000e+01  -0.05978302708800118
   2.0780000e+01  -0.16759236208800118
   2.0790000e+01  -0.2698146180880012
   2.0800000e+01  -0.35833363708800126
   2.0810000e+01  -0.4296777600880013
   2.0820000e+01  -0.4869483650880013
   2.0830000e+01  -0.5382741255880014
   2.0840000e+01  -0.5913867470880013
   2.0850000e+01  -0.6483380985880013
   2.0860000e+01  -0.7064800815880012
   2.0870000e+01  -0.7642389340880013
   2.0880000e+01  -0.8226275885880012
   2.0890000e+01  -0.8799123950880012
   2.0900000e+01  -0.9285871535880013
   2.0910000e+01  -0.9607944845880012
   2.0920000e+01  -0.9748466426380012
   2.0930000e+01   -0.9740415633880013
   2.0940000e+01   -0.9610560640880013
   2.0950000e+01   -0.9361474890880013
   2.0960000e+01   -0.8994367925880012
   2.0970000e+01   -0.8523799420880013
   2.0980000e+01   -0.7976505225880013
   2.0990000e+01   -0.7394625520880013
   2.1000000e+01   -0.6834977635880013
   2.1010000e+01   -0.6346821510880013
   2.1020000e+01   -0.5942931365880013
   2.1030000e+01   -0.5593329065880013
   2.1040000e+01   -0.5250553895880012
   2.1050000e+01   -0.48887848958800123
   2.1060000e+01   -0.45215481808800123
   2.1070000e+01   -0.41774373208800125
   2.1080000e+01   -0.3866833865880012
   2.1090000e+01   -0.35880428458800123
   2.1100000e+01   -0.3351752005880012
   2.1110000e+01   -0.3163870425880012
   2.1120000e+01   -0.2989683105880012
   2.1130000e+01   -0.2782771860880012
   2.1140000e+01   -0.2559686190880012
   2.1150000e+01   -0.23986429258800124
   2.1160000e+01   -0.23410401829800123
   2.1170000e+01   -0.23289683115800122
   2.1180000e+01   -0.22611233980800122
   2.1190000e+01   -0.20841951480800122
   2.1200000e+01   -0.18180401630800122
   2.1210000e+01   -0.15207742630800122
   2.1220000e+01   -0.12438001680800122
   2.1230000e+01   -0.10031660330800121
   2.1240000e+01   -0.07908044130800121
   2.1250000e+01   -0.0625023303080012
   2.1260000e+01  -0.057697452158001206
   2.1270000e+01  -0.0729413760080012
   2.1280000e+01  -0.1125380500080012
   2.1290000e+01  -0.1765965360080012
   2.1300000e+01  -0.2614010080080012
   2.1310000e+01  -0.35686376850800117
   2.1320000e+01  -0.44870659900800114
   2.1330000e+01  -0.5292036240080011
   2.1340000e+01  -0.6036822060080012
   2.1350000e+01  -0.6820965580080012
   2.1360000e+01  -0.7665269860080012
   2.1370000e+01  -0.8507120690080012
   2.1380000e+01  -0.9289059725080012
   2.1390000e+01  -1.000823938508001
   2.1400000e+01  -1.0698622695080011
   2.1410000e+01  -1.139806516008001
   2.1420000e+01  -1.2110287245080011
   2.1430000e+01  -1.2770888650080012
   2.1440000e+01  -1.3280182620080012
   2.1450000e+01  -1.3603545680080011
   2.1460000e+01  -1.3816050915080011
   2.1470000e+01  -1.401821769008001
   2.1480000e+01  -1.423111423008001
   2.1490000e+01  -1.4404234700080012
   2.1500000e+01  -1.4501262910580013
   2.1510000e+01  -1.4533279795380012
   2.1520000e+01   -1.4508311883680012
   2.1530000e+01   -1.4383808992680012
   2.1540000e+01   -1.408559596268001
   2.1550000e+01   -1.355953901268001
   2.1560000e+01   -1.2792485562680012
   2.1570000e+01   -1.1796870247680011
   2.1580000e+01   -1.060049339768001
   2.1590000e+01   -0.925245139768001
   2.1600000e+01   -0.7810823497680011
   2.1610000e+01   -0.6308152847680011
   2.1620000e+01   -0.4747652447680011
   2.1630000e+01   -0.31483844476800105
   2.1640000e+01   -0.15740171976800105
   2.1650000e+01   -0.010033674768001044
   2.1660000e+01   0.12256080023199897
   2.1670000e+01   0.23839465523199896
   2.1680000e+01   0.33752120173199895
   2.1690000e+01   0.4237088117319989
   2.1700000e+01   0.5030810452319989
   2.1710000e+01   0.5776823307319989
   2.1720000e+01   0.6427062767319989
   2.1730000e+01   0.6926812937319988
   2.1740000e+01   0.7281233987319988
   2.1750000e+01   0.7540341727319988
   2.1760000e+01   0.7745907212319988
   2.1770000e+01   0.7916722387319988
   2.1780000e+01   0.8060489707319988
   2.1790000e+01   0.8172279149819988
   2.1800000e+01   0.8231653322319987
   2.1810000e+01  0.8213377214819987
   2.1820000e+01  0.8091439892319987
   2.1830000e+01  0.7835750932319987
   2.1840000e+01  0.7425734727319987
   2.1850000e+01  0.6866571867319987
   2.1860000e+01  0.6175523242319987
   2.1870000e+01  0.5361327192319987
   2.1880000e+01  0.44379652623199867
   2.1890000e+01  0.34465221623199865
   2.1900000e+01  0.24359988123199866
   2.1910000e+01  0.14270468623199867
   2.1920000e+01  0.041280846231998666
   2.1930000e+01  -0.06159044876800132
   2.1940000e+01  -0.16625667376800132
   2.1950000e+01  -0.27193911876800136
   2.1960000e+01  -0.3740206902680014
   2.1970000e+01  -0.4634296277680014
   2.1980000e+01  -0.5322305922680014
   2.1990000e+01  -0.5798240622680014
   2.2000000e+01  -0.6114780742680014
   2.2010000e+01  -0.6316220177680014
   2.2020000e+01  -0.6419774757180015
   2.2030000e+01  -0.6468937049680015
   2.2040000e+01  -0.6568709777680015
   2.2050000e+01  -0.6831335457680016
   2.2060000e+01  -0.7283797602680016
   2.2070000e+01  -0.7844201842680015
   2.2080000e+01  -0.8391538062680015
   2.2090000e+01  -0.8844486992680015
   2.2100000e+01  -0.9169704792680016
   2.2110000e+01  -0.9342168662180016
   2.2120000e+01   -0.9333009886680016
   2.2130000e+01   -0.9136730516680016
   2.2140000e+01   -0.8779946011680017
   2.2150000e+01   -0.8288337091680017
   2.2160000e+01   -0.7660931341680017
   2.2170000e+01   -0.6887733706680017
   2.2180000e+01   -0.5978308186680017
   2.2190000e+01   -0.4962673491680017
   2.2200000e+01   -0.3877290941680017
   2.2210000e+01   -0.2761681291680017
   2.2220000e+01   -0.1660514091680017
   2.2230000e+01   -0.0619089491680017
   2.2240000e+01   0.03258371483199829
   2.2250000e+01   0.1158901008319983
   2.2260000e+01   0.1893815223319983
   2.2270000e+01   0.2549406058319983
   2.2280000e+01   0.3104493333319983
   2.2290000e+01   0.35028796783199834
   2.2300000e+01   0.37300410133199835
   2.2310000e+01   0.38580081633199836
   2.2320000e+01   0.39740094433199835
   2.2330000e+01   0.40820612668199835
   2.2340000e+01  0.4116303573319984
   2.2350000e+01  0.40390340063199837
   2.2360000e+01  0.3887385301319984
   2.2370000e+01  0.3735906441319984
   2.2380000e+01  0.36489749838199836
   2.2390000e+01   0.36537684973199835
   2.2400000e+01   0.37177397938199835
   2.2410000e+01  0.37555999758299835
   2.2420000e+01  0.3685243797339984
   2.2430000e+01  0.34728724273399836
   2.2440000e+01  0.31173195873399834
   2.2450000e+01  0.26215280323399837
   2.2460000e+01  0.20020185773399835
   2.2470000e+01  0.13010881323399834
   2.2480000e+01  0.05688368773399834
   2.2490000e+01  -0.014572176266001671
   2.2500000e+01  -0.07769832276600168
   2.2510000e+01  -0.12534486426600167
   2.2520000e+01  -0.15522576576600167
   2.2530000e+01  -0.17232816376600166
   2.2540000e+01  -0.18423575376600165
   2.2550000e+01  -0.19567453626600165
   2.2560000e+01  -0.20848228726600165
   2.2570000e+01  -0.22480643676600165
   2.2580000e+01  -0.24847024226600165
   2.2590000e+01  -0.28280430576600163
   2.2600000e+01  -0.3261503612660016
   2.2610000e+01  -0.3687744847660016
   2.2620000e+01  -0.3961966767660016
   2.2630000e+01   -0.3984511157660016
   2.2640000e+01   -0.3766755357660016
   2.2650000e+01   -0.3402283662660016
   2.2660000e+01   -0.2984936427660016
   2.2670000e+01   -0.2563328117660016
   2.2680000e+01   -0.2152561217660016
   2.2690000e+01   -0.1754661572660016
   2.2700000e+01   -0.13566654926600158
   2.2710000e+01   -0.09248661476600158
   2.2720000e+01   -0.04198796526600158
   2.2730000e+01   0.01733332573399842
   2.2740000e+01   0.08274156123399842
   2.2750000e+01   0.14837380023399843
   2.2760000e+01   0.2082553432339984
   2.2770000e+01   0.2587909657339984
   2.2780000e+01   0.2996161012339984
   2.2790000e+01   0.3332767132339984
   2.2800000e+01   0.3638836632339984
   2.2810000e+01   0.3948998397339984
   2.2820000e+01   0.4280582042339984
   2.2830000e+01   0.4649214582339984
   2.2840000e+01   0.5082521232339984
   2.2850000e+01   0.5595617382339984
   2.2860000e+01   0.6154431607339983
   2.2870000e+01   0.6685434167339983
   2.2880000e+01   0.7125276067339983
   2.2890000e+01   0.7448447167339983
   2.2900000e+01   0.7659791412339984
   2.2910000e+01   0.7789561352339983
   2.2920000e+01   0.7884031737339983
   2.2930000e+01   0.7958316948839983
   2.2940000e+01  0.7961039276839983
   2.2950000e+01  0.7832556138339983
   2.2960000e+01  0.7603854958339983
   2.2970000e+01  0.7391771418339983
   2.2980000e+01  0.7283742967839983
   2.2990000e+01   0.7266318247839983
   2.3000000e+01   0.7279123984339984
   2.3010000e+01   0.7300724052339983
   2.3020000e+01   0.7359282183339984
   2.3030000e+01   0.7477335422339983
   2.3040000e+01   0.7619038297339984
   2.3050000e+01  0.7685270629989984
   2.3060000e+01  0.7562834132639984
   2.3070000e+01  0.7188346707639984
   2.3080000e+01  0.6569787382639984
   2.3090000e+01  0.5763901532639985
   2.3100000e+01  0.48539156926399846
   2.3110000e+01  0.3928286112639985
   2.3120000e+01  0.3034941072639985
   2.3130000e+01  0.2157193477639985
   2.3140000e+01  0.1270306602639985
   2.3150000e+01  0.041002519263998505
   2.3160000e+01  -0.03573443673600149
   2.3170000e+01  -0.10131524973600149
   2.3180000e+01  -0.1574735442360015
   2.3190000e+01  -0.2014128042360015
   2.3200000e+01  -0.2255448232360015
   2.3210000e+01   -0.2269559783860015
   2.3220000e+01   -0.2128869215360015
   2.3230000e+01   -0.1956291545360015
   2.3240000e+01   -0.1849214778360015
   2.3250000e+01  -0.1852056029360015
   2.3260000e+01  -0.1960853417360015
   2.3270000e+01  -0.2130107667360015
   2.3280000e+01  -0.2286197767360015
   2.3290000e+01   -0.23503401747650152
   2.3300000e+01   -0.2261993037170015
   2.3310000e+01   -0.1999645037170015
   2.3320000e+01   -0.1591135247170015
   2.3330000e+01   -0.10976093371700149
   2.3340000e+01   -0.05785741421700149
   2.3350000e+01   -0.006893374717001487
   2.3360000e+01   0.04213697628299852
   2.3370000e+01   0.09023847328299853
   2.3380000e+01   0.14007385028299854
   2.3390000e+01   0.19452071078299854
   2.3400000e+01   0.25404022428299855
   2.3410000e+01   0.31502210978299855
   2.3420000e+01   0.37085160728299854
   2.3430000e+01   0.4148101397829985
   2.3440000e+01   0.4423787082829985
   2.3450000e+01  0.45154617362799854
   2.3460000e+01  0.4415792969729985
   2.3470000e+01  0.4116238324729985
   2.3480000e+01  0.3608705969729985
   2.3490000e+01  0.2914205914729985
   2.3500000e+01  0.21158560747299848
   2.3510000e+01  0.13424483447299848
   2.3520000e+01  0.06911306747299849
   2.3530000e+01  0.016429992472998478
   2.3540000e+01  -0.030983360527001527
   2.3550000e+01  -0.08127390752700153
   2.3560000e+01  -0.14059919102700152
   2.3570000e+01  -0.21261452652700152
   2.3580000e+01  -0.2952695970270015
   2.3590000e+01  -0.3783919145270015
   2.3600000e+01  -0.4488784025270015
   2.3610000e+01  -0.4997537260270015
   2.3620000e+01  -0.5334582015270015
   2.3630000e+01  -0.5584829215270015
   2.3640000e+01  -0.5850940240270015
   2.3650000e+01  -0.6213173525270015
   2.3660000e+01  -0.6683892435270015
   2.3670000e+01  -0.7197745785270014
   2.3680000e+01  -0.7659513130270015
   2.3690000e+01  -0.7991194860270014
   2.3700000e+01  -0.8135925126270015
   2.3710000e+01   -0.8059967282270015
   2.3720000e+01   -0.7778778402270016
   2.3730000e+01   -0.7359150837270015
   2.3740000e+01   -0.6875594782270016
   2.3750000e+01   -0.6372905612270016
   2.3760000e+01   -0.5865423882270016
   2.3770000e+01   -0.5346774022270016
   2.3780000e+01   -0.48020113822700156
   2.3790000e+01   -0.42329099622700156
   2.3800000e+01   -0.36631487172700156
   2.3810000e+01   -0.30970809872700156
   2.3820000e+01   -0.24938005422700155
   2.3830000e+01   -0.18159666722700155
   2.3840000e+01   -0.10865062272700154
   2.3850000e+01   -0.03561388622700154
   2.3860000e+01   0.037465032272998466
   2.3870000e+01   0.11582687927299846
   2.3880000e+01   0.20253697527299847
   2.3890000e+01   0.29462764327299845
   2.3900000e+01   0.38768391877299846
   2.3910000e+01   0.4816743347729985
   2.3920000e+01   0.5809930872729985
   2.3930000e+01   0.6900604872729985
   2.3940000e+01   0.8093995222729985
   2.3950000e+01   0.9342478272729985
   2.3960000e+01   1.0551566072729985
   2.3970000e+01   1.1604950547729986
   2.3980000e+01   1.2411181132729987
   2.3990000e+01   1.2948920532729986
   2.4000000e+01   1.3265498457729985
   2.4010000e+01   1.3420410100729985
   2.4020000e+01  1.3436130781229985
   2.4030000e+01  1.3316473428729985
   2.4040000e+01  1.3095444388729984
   2.4050000e+01  1.2828133563729984
   2.4060000e+01  1.2526611208729985
   2.4070000e+01  1.2142151683729985
   2.4080000e+01  1.1632382073729985
   2.4090000e+01  1.1021540728729986
   2.4100000e+01  1.0375479228729987
   2.4110000e+01  0.9742609898729987
   2.4120000e+01  0.9144241313729987
   2.4130000e+01  0.8598718753729987
   2.4140000e+01  0.8114428828729987
   2.4150000e+01  0.7658087543729987
   2.4160000e+01  0.7159275608729987
   2.4170000e+01  0.6560253348729987
   2.4180000e+01  0.5852915223729988
   2.4190000e+01  0.5062558323729988
   2.4200000e+01  0.42073683637299875
   2.4210000e+01  0.32898761037299873
   2.4220000e+01  0.23311742037299873
   2.4230000e+01  0.13963332437299875
   2.4240000e+01  0.056154672872998745
   2.4250000e+01  -0.015005057627001259
   2.4260000e+01  -0.07826314162700125
   2.4270000e+01  -0.13861614862700125
   2.4280000e+01  -0.19559650712700125
   2.4290000e+01  -0.24532928112700125
   2.4300000e+01  -0.28754413612700125
   2.4310000e+01  -0.32736055612700127
   2.4320000e+01  -0.36909789662700127
   2.4330000e+01  -0.4107389186270013
   2.4340000e+01  -0.4465273206270013
   2.4350000e+01  -0.4733454431270013
   2.4360000e+01  -0.49167516362700125
   2.4370000e+01  -0.5010925438270013
   2.4380000e+01   -0.49882159072700133
   2.4390000e+01   -0.48437248942700134
   2.4400000e+01   -0.4627280014270013
   2.4410000e+01   -0.43995055392700133
   2.4420000e+01   -0.4162769929270013
   2.4430000e+01   -0.3856438339270013
   2.4440000e+01   -0.34217811942700127
   2.4450000e+01   -0.2861342449270013
   2.4460000e+01   -0.22366362792700129
   2.4470000e+01   -0.16201458442700128
   2.4480000e+01   -0.1055627224270013
   2.4490000e+01   -0.05598585442700129
   2.4500000e+01   -0.01499265492700129
   2.4510000e+01   0.014790415572998709
   2.4520000e+01   0.032768141572998705
   2.4530000e+01   0.04402856907299871
   2.4540000e+01   0.05871631907299871
   2.4550000e+01   0.08603471957299871
   2.4560000e+01   0.12772063607299872
   2.4570000e+01   0.17760360557299873
   2.4580000e+01   0.22819551007299874
   2.4590000e+01   0.27697155207299873
   2.4600000e+01   0.3247870650729987
   2.4610000e+01   0.3692181385729987
   2.4620000e+01   0.4030256770729987
   2.4630000e+01   0.4205731361229987
   2.4640000e+01  0.4230537678229987
   2.4650000e+01  0.4153250589729987
   2.4660000e+01  0.3998728599729987
   2.4670000e+01  0.3766999284729987
   2.4680000e+01  0.34766884047299873
   2.4690000e+01  0.3175051244729987
   2.4700000e+01  0.2901360864729987
   2.4710000e+01  0.2660114474729987
   2.4720000e+01  0.2432533479729987
   2.4730000e+01  0.2197815954729987
   2.4740000e+01  0.1938065299729987
   2.4750000e+01  0.16339676197299868
   2.4760000e+01  0.12618997447299868
   2.4770000e+01  0.07900225197299868
   2.4780000e+01  0.017891007472998675
   2.4790000e+01  -0.05963377052700133
   2.4800000e+01  -0.15105738302700134
   2.4810000e+01  -0.24844598252700134
   2.4820000e+01  -0.34349394002700134
   2.4830000e+01  -0.43298882802700134
   2.4840000e+01  -0.5177433630270013
   2.4850000e+01  -0.5966287635270013
   2.4860000e+01  -0.6648074295270013
   2.4870000e+01  -0.7191902455270014
   2.4880000e+01  -0.7628569915270014
   2.4890000e+01  -0.8016898790270014
   2.4900000e+01  -0.8384091845270014
   2.4910000e+01  -0.8719577270270014
   2.4920000e+01  -0.9005911445270014
   2.4930000e+01  -0.9226534320270015
   2.4940000e+01  -0.9357162959770015
   2.4950000e+01   -0.9380429140270015
   2.4960000e+01   -0.9303989921270015
   2.4970000e+01   -0.9141391551270015
   2.4980000e+01   -0.8885919896270015
   2.4990000e+01   -0.8534168376270015
   2.5000000e+01   -0.8130132026270015
   2.5010000e+01   -0.7747496751270015
   2.5020000e+01   -0.7416236291270015
   2.5030000e+01   -0.7096516676270015
   2.5040000e+01   -0.6742597391270015
   2.5050000e+01   -0.6363706886270015
   2.5060000e+01   -0.5990311546270015
   2.5070000e+01   -0.5598957881270015
   2.5080000e+01   -0.5114667161270015
   2.5090000e+01   -0.4491320321270015
   2.5100000e+01   -0.3752440746270015
   2.5110000e+01   -0.2940842986270015
   2.5120000e+01   -0.20630839562700148
   2.5130000e+01   -0.11061960812700149
   2.5140000e+01   -0.008440531127001494
   2.5150000e+01   0.09548760887299851
   2.5160000e+01   0.1956779978729985
   2.5170000e+01   0.28778082587299847
   2.5180000e+01   0.37020015237299847
   2.5190000e+01   0.44566644837299846
   2.5200000e+01   0.5192214743729985
   2.5210000e+01   0.5927531993729985
   2.5220000e+01   0.6629854453729985
   2.5230000e+01   0.7259983803729986
   2.5240000e+01   0.7815816883729986
   2.5250000e+01   0.8316618818729986
   2.5260000e+01   0.8769493028729987
   2.5270000e+01   0.9176611273729987
   2.5280000e+01   0.9559491978729987
   2.5290000e+01   0.9947876228729987
   2.5300000e+01   1.0346592973729987
   2.5310000e+01   1.0729869983729987
   2.5320000e+01   1.1065293968729988
   2.5330000e+01   1.1329723008729988
   2.5340000e+01   1.1502777293729989
   2.5350000e+01  1.155732236222999
   2.5360000e+01  1.1464903905729988
   2.5370000e+01  1.1212965685729988
   2.5380000e+01  1.0814878475729988
   2.5390000e+01  1.0299942445729988
   2.5400000e+01  0.9700124080729988
   2.5410000e+01  0.9059738505729988
   2.5420000e+01  0.8450633800729989
   2.5430000e+01  0.7945551960729988
   2.5440000e+01  0.7561786150729989
   2.5450000e+01  0.7254817960729989
   2.5460000e+01  0.6982497035729989
   2.5470000e+01  0.6745176800729988
   2.5480000e+01  0.6535270070729988
   2.5490000e+01  0.6277942370729989
   2.5500000e+01  0.5871584660729988
   2.5510000e+01  0.5286020415729988
   2.5520000e+01  0.4583525630729988
   2.5530000e+01  0.38366122807299885
   2.5540000e+01  0.30579950707299886
   2.5550000e+01  0.22287837357299883
   2.5560000e+01  0.13694991157299882
   2.5570000e+01  0.054872800572998814
   2.5580000e+01  -0.018032492427001195
   2.5590000e+01  -0.0828439044270012
   2.5600000e+01  -0.1445635884270012
   2.5610000e+01  -0.20644747842700123
   2.5620000e+01  -0.26823263042700124
   2.5630000e+01  -0.32867493592700125
   2.5640000e+01  -0.3876139494270013
   2.5650000e+01  -0.4455777084270013
   2.5660000e+01  -0.5028967469270013
   2.5670000e+01  -0.5590996099270013
   2.5680000e+01  -0.6115077484270013
   2.5690000e+01  -0.6543707354270013
   2.5700000e+01  -0.6819262644270013
   2.5710000e+01  -0.6946425783270014
   2.5720000e+01  -0.7019806091770013
   2.5730000e+01  -0.7166100306270013
   2.5740000e+01  -0.7445057301270014
   2.5750000e+01  -0.7815596936270014
   2.5760000e+01  -0.8207072496270014
   2.5770000e+01  -0.8604791646270014
   2.5780000e+01  -0.9038973196270014
   2.5790000e+01  -0.9501432376270014
   2.5800000e+01  -0.9916081746270013
   2.5810000e+01  -1.0204644741270013
   2.5820000e+01  -1.0350959825270012
   2.5830000e+01   -1.0384951920770011
   2.5840000e+01   -1.0329109008270012
   2.5850000e+01   -1.0178352739270011
   2.5860000e+01   -0.9911763434270011
   2.5870000e+01   -0.9507226414270011
   2.5880000e+01   -0.8961359314270011
   2.5890000e+01   -0.8307820204270011
   2.5900000e+01   -0.7598696349270011
   2.5910000e+01   -0.6859230614270011
   2.5920000e+01   -0.608470978427001
   2.5930000e+01   -0.529410543927001
   2.5940000e+01   -0.4558129609270011
   2.5950000e+01   -0.3947936944270011
   2.5960000e+01   -0.34674215092700106
   2.5970000e+01   -0.3052897934270011
   2.5980000e+01   -0.2629519639270011
   2.5990000e+01   -0.2155493419270011
   2.6000000e+01   -0.1622991654270011
   2.6010000e+01   -0.10355978242700109
   2.6020000e+01   -0.03928467142700108
   2.6030000e+01   0.029927323072998918
   2.6040000e+01   0.10029592257299892
   2.6050000e+01   0.16523057107299893
   2.6060000e+01   0.22044300157299895
   2.6070000e+01   0.26821057457299896
   2.6080000e+01   0.31460959757299894
   2.6090000e+01   0.36271376157299895
   2.6100000e+01   0.40991669707299894
   2.6110000e+01   0.45094292857299895
   2.6120000e+01   0.48116189307299895
   2.6130000e+01   0.49734142607299897
   2.6140000e+01  0.497859183122999
   2.6150000e+01  0.48351262167299897
   2.6160000e+01  0.457578455672999
   2.6170000e+01  0.42456373267299896
   2.6180000e+01  0.388421835672999
   2.6190000e+01  0.35113029367299897
   2.6200000e+01  0.31305493367299897
   2.6210000e+01  0.27544589817299897
   2.6220000e+01  0.24160217367299897
   2.6230000e+01  0.21358922367299896
   2.6240000e+01  0.18869695367299896
   2.6250000e+01  0.16232801417299897
   2.6260000e+01  0.13433166917299896
   2.6270000e+01  0.10855767667299895
   2.6280000e+01  0.08475378467299896
   2.6290000e+01  0.05444733867299896
   2.6300000e+01  0.0074742626729989575
   2.6310000e+01  -0.059187115327001036
   2.6320000e+01  -0.14052465232700104
   2.6330000e+01  -0.228824157327001
   2.6340000e+01  -0.317196592827001
   2.6350000e+01  -0.399265726827001
   2.6360000e+01  -0.469078933827001
   2.6370000e+01  -0.523446572827001
   2.6380000e+01  -0.564067978827001
   2.6390000e+01  -0.595767205327001
   2.6400000e+01  -0.621312657827001
   2.6410000e+01  -0.638600208827001
   2.6420000e+01  -0.644895029897001
   2.6430000e+01   -0.643741546617001
   2.6440000e+01  -0.644852946867001
   2.6450000e+01  -0.655977744467001
   2.6460000e+01  -0.677254159967001
   2.6470000e+01  -0.704658465467001
   2.6480000e+01  -0.735528942967001
   2.6490000e+01  -0.767726840467001
   2.6500000e+01  -0.796025230467001
   2.6510000e+01  -0.813992143467001
   2.6520000e+01  -0.820057535567001
   2.6530000e+01   -0.819272643417001
   2.6540000e+01  -0.818320037377001
   2.6550000e+01  -0.820306839037001
   2.6560000e+01  -0.825184422337001
   2.6570000e+01  -0.8337607851870009
   2.6580000e+01  -0.8491050836870009
   2.6590000e+01  -0.8732604251870009
   2.6600000e+01  -0.9035923436870008
   2.6610000e+01  -0.9334526276870008
   2.6620000e+01  -0.9562486716870008
   2.6630000e+01  -0.9685824390370008
   2.6640000e+01   -0.9707646448870008
   2.6650000e+01   -0.9663382620870008
   2.6660000e+01   -0.9615213460370008
   2.6670000e+01  -0.9635162196870007
   2.6680000e+01  -0.9772860855870007
   2.6690000e+01  -1.0026606080870006
   2.6700000e+01  -1.0344162855870007
   2.6710000e+01  -1.0656017635870008
   2.6720000e+01  -1.0904795285870008
   2.6730000e+01  -1.1037056077870009
   2.6740000e+01   -1.0987787694870008
   2.6750000e+01   -1.0717783169870008
   2.6760000e+01   -1.0278670374870007
   2.6770000e+01   -0.9800400794870007
   2.6780000e+01   -0.9385096429870007
   2.6790000e+01   -0.9036053534870007
   2.6800000e+01   -0.8704121939870006
   2.6810000e+01   -0.8358463229870007
   2.6820000e+01   -0.7977667424870006
   2.6830000e+01   -0.7513590504870007
   2.6840000e+01   -0.6917655594870007
   2.6850000e+01   -0.6191522519870007
   2.6860000e+01   -0.5383691779870008
   2.6870000e+01   -0.4557142914870008
   2.6880000e+01   -0.37832860098700083
   2.6890000e+01   -0.31332673148700085
   2.6900000e+01   -0.26340187048700087
   2.6910000e+01   -0.22455089548700086
   2.6920000e+01   -0.19015480048700084
   2.6930000e+01   -0.15491127148700085
   2.6940000e+01   -0.11327624648700085
   2.6950000e+01   -0.05874505398700085
   2.6960000e+01   0.010493811512999149
   2.6970000e+01   0.08709115051299915
   2.6980000e+01   0.15977439401299914
   2.6990000e+01   0.22251007151299915
   2.7000000e+01   0.2763818390129992
   2.7010000e+01   0.32456684501299915
   2.7020000e+01   0.36937147751299915
   2.7030000e+01   0.41390504451299914
   2.7040000e+01   0.46272844651299916
   2.7050000e+01   0.5182548780129992
   2.7060000e+01   0.5768606145129992
   2.7070000e+01   0.6299805535129992
   2.7080000e+01   0.6703111620129992
   2.7090000e+01   0.6977476425129993
   2.7100000e+01   0.7192706375129992
   2.7110000e+01   0.7427844365129992
   2.7120000e+01   0.7712207845129992
   2.7130000e+01   0.8022435465129992
   2.7140000e+01   0.8319286415129993
   2.7150000e+01   0.8576023345129993
   2.7160000e+01   0.8785914105129993
   2.7170000e+01   0.8963678110129992
   2.7180000e+01   0.9138097760129992
   2.7190000e+01   0.9327870300129992
   2.7200000e+01   0.9521628520129992
   2.7210000e+01   0.9685086215129992
   2.7220000e+01   0.9779710261629992
   2.7230000e+01  0.9769532310129992
   2.7240000e+01  0.9629273617129992
   2.7250000e+01  0.9367326607129992
   2.7260000e+01  0.9030557862129992
   2.7270000e+01  0.8663076267129992
   2.7280000e+01  0.8264216147129992
   2.7290000e+01  0.7807967342129992
   2.7300000e+01  0.7299800477129992
   2.7310000e+01  0.6789164617129991
   2.7320000e+01  0.6322458542129992
   2.7330000e+01  0.5907593317129992
   2.7340000e+01  0.5534486422129992
   2.7350000e+01  0.5208747662129991
   2.7360000e+01  0.4948195917129991
   2.7370000e+01  0.47604494071299913
   2.7380000e+01  0.4643248588129991
   2.7390000e+01  0.4598673592879991
   2.7400000e+01   0.4624309108129991
   2.7410000e+01   0.46871290236299906
   2.7420000e+01   0.47251453672299903
   2.7430000e+01  0.468802089632999
   2.7440000e+01  0.456994750082999
   2.7450000e+01  0.439913984082999
   2.7460000e+01  0.421388457082999
   2.7470000e+01  0.406774758582999
   2.7480000e+01   0.40422391558299897
   2.7490000e+01   0.42141011758299896
   2.7500000e+01   0.45899270658299895
   2.7510000e+01   0.5084409270829989
   2.7520000e+01   0.5574804830829989
   2.7530000e+01   0.5973198385829989
   2.7540000e+01   0.6249173770829989
   2.7550000e+01   0.6407364975829989
   2.7560000e+01   0.6465548078829989
   2.7570000e+01  0.6450066310329989
   2.7580000e+01  0.639395235882999
   2.7590000e+01  0.633038276832999
   2.7600000e+01  0.628641436882999
   2.7610000e+01   0.627648743342999
   2.7620000e+01   0.629496155752999
   2.7630000e+01   0.631945789952999
   2.7640000e+01   0.6331840420529989
   2.7650000e+01   0.6335513582479989
   2.7660000e+01   0.634398676342999
   2.7670000e+01   0.635747438392999
   2.7680000e+01   0.6365323033779989
   2.7690000e+01  0.6363950341279989
   2.7700000e+01  0.6345644151429989
   2.7710000e+01  0.6273340901929989
   2.7720000e+01  0.6107270126929989
   2.7730000e+01  0.5867338641929989
   2.7740000e+01  0.5624717331929989
   2.7750000e+01  0.5408063161929989
   2.7760000e+01  0.5159434116929988
   2.7770000e+01  0.48116585619299884
   2.7780000e+01  0.43686149369299887
   2.7790000e+01  0.3878276376929989
   2.7800000e+01  0.33711113269299886
   2.7810000e+01  0.28650354369299885
   2.7820000e+01  0.23937686519299886
   2.7830000e+01  0.19892199019299886
   2.7840000e+01  0.16602447969299886
   2.7850000e+01  0.14120242319299886
   2.7860000e+01  0.12540552819299886
   2.7870000e+01  0.11709116984299886
   2.7880000e+01  0.11241381689299886
   2.7890000e+01  0.11027817625299885
   2.7900000e+01   0.11357214091299885
   2.7910000e+01   0.12401765561299885
   2.7920000e+01   0.13956153461299886
   2.7930000e+01   0.15768684561299887
   2.7940000e+01   0.17701921661299885
   2.7950000e+01   0.19465179411299885
   2.7960000e+01   0.20636640816299884
   2.7970000e+01   0.21165651916299882
   2.7980000e+01   0.21583830581299882
   2.7990000e+01   0.2253650990129988
   2.8000000e+01   0.24175304301299883
   2.8010000e+01   0.26017324651299883
   2.8020000e+01   0.2739293631129988
   2.8030000e+01   0.28156703621299883
   2.8040000e+01   0.2892654662129988
   2.8050000e+01   0.3037879742129988
   2.8060000e+01   0.32351683571299883
   2.8070000e+01   0.33986498321299885
   2.8080000e+01   0.34707028766299886
   2.8090000e+01  0.34627034621299885
   2.8100000e+01  0.3404811370629989
   2.8110000e+01  0.3316128445629989
   2.8120000e+01  0.3235664064129989
   2.8130000e+01   0.3221013736629989
   2.8140000e+01   0.3286518394129989
   2.8150000e+01   0.3382875076629989
   2.8160000e+01   0.3456575125129989
   2.8170000e+01   0.3490806869129989
   2.8180000e+01  0.34777380441299893
   2.8190000e+01  0.3401785742129989
   2.8200000e+01  0.3274083422129989
   2.8210000e+01  0.3138790492129989
   2.8220000e+01  0.3015204492129989
   2.8230000e+01  0.2868581552129989
   2.8240000e+01  0.2669425562129989
   2.8250000e+01  0.2455556682129989
   2.8260000e+01  0.2305538214129989
   2.8270000e+01   0.2267693247629989
   2.8280000e+01   0.23379918691299892
   2.8290000e+01   0.24893334091299893
   2.8300000e+01   0.26936866291299894
   2.8310000e+01   0.29204981941299896
   2.8320000e+01   0.31368903441299895
   2.8330000e+01   0.33177315091299897
   2.8340000e+01   0.345118285412999
   2.8350000e+01   0.353336388862999
   2.8360000e+01  0.355952840942999
   2.8370000e+01  0.352271030722999
   2.8380000e+01  0.342503851372999
   2.8390000e+01  0.328804453372999
   2.8400000e+01  0.31392532387299904
   2.8410000e+01  0.29856575437299904
   2.8420000e+01  0.281723640372999
   2.8430000e+01  0.264202450372999
   2.8440000e+01  0.248988142372999
   2.8450000e+01  0.23585682937299898
   2.8460000e+01  0.217599642872999
   2.8470000e+01  0.18458581337299898
   2.8480000e+01  0.13232860937299898
   2.8490000e+01  0.06265225987299897
   2.8500000e+01  -0.020372606127001036
   2.8510000e+01  -0.11157277962700103
   2.8520000e+01  -0.20259803662700104
   2.8530000e+01  -0.28373175262700107
   2.8540000e+01  -0.35000975112700106
   2.8550000e+01  -0.4037384251270011
   2.8560000e+01  -0.4504274426270011
   2.8570000e+01  -0.49416151162700106
   2.8580000e+01  -0.536714909127001
   2.8590000e+01  -0.5779131491270011
   2.8600000e+01  -0.615324685627001
   2.8610000e+01  -0.6453430966270011
   2.8620000e+01  -0.665667607127001
   2.8630000e+01  -0.675835885877001
   2.8640000e+01   -0.6757252103770011
   2.8650000e+01   -0.665729766627001
   2.8660000e+01   -0.648783215127001
   2.8670000e+01   -0.630236797627001
   2.8680000e+01   -0.6150091016270011
   2.8690000e+01   -0.605832844477001
   2.8700000e+01  -0.603561336077001
   2.8710000e+01  -0.6065522122770011
   2.8720000e+01  -0.6092811935670011
   2.8730000e+01   -0.6042799929070011
   2.8740000e+01   -0.5873112214070011
   2.8750000e+01   -0.5596131254070011
   2.8760000e+01   -0.5242536989070011
   2.8770000e+01   -0.48185288990700115
   2.8780000e+01   -0.43102719490700114
   2.8790000e+01   -0.37131167590700115
   2.8800000e+01   -0.30369991690700116
   2.8810000e+01   -0.22932123490700115
   2.8820000e+01   -0.14984380040700115
   2.8830000e+01   -0.06933012240700116
   2.8840000e+01   0.0057683175929988395
   2.8850000e+01   0.06906334059299883
   2.8860000e+01   0.11680691859299883
   2.8870000e+01   0.14933758759299884
   2.8880000e+01   0.17111396359299885
   2.8890000e+01   0.18815968109299885
   2.8900000e+01   0.20376093559299885
   2.8910000e+01   0.21726449859299884
   2.8920000e+01   0.22820427909299884
   2.8930000e+01   0.23973384659299884
   2.8940000e+01   0.25511926659299883
   2.8950000e+01   0.27178741559299885
   2.8960000e+01   0.28243464554299885
   2.8970000e+01  0.28247914529299883
   2.8980000e+01  0.2734611300929988
   2.8990000e+01  0.2586550490929988
   2.9000000e+01  0.2389786310929988
   2.9010000e+01  0.2150478230929988
   2.9020000e+01  0.1901138850929988
   2.9030000e+01  0.1678034475929988
   2.9040000e+01  0.1479269415929988
   2.9050000e+01  0.1263341885929988
   2.9060000e+01  0.0979412210929988
   2.9070000e+01  0.0588186865929988
   2.9080000e+01  0.007188407092998797
   2.9090000e+01  -0.055292951907001196
   2.9100000e+01  -0.12336409640700119
   2.9110000e+01  -0.19011364540700118
   2.9120000e+01  -0.24905816940700118
   2.9130000e+01  -0.2954272214070012
   2.9140000e+01  -0.32825964090700116
   2.9150000e+01  -0.3522962329070012
   2.9160000e+01  -0.3756131084070012
   2.9170000e+01  -0.40331675990700117
   2.9180000e+01  -0.43381073790700114
   2.9190000e+01  -0.4616803699070011
   2.9200000e+01  -0.48331814540700113
   2.9210000e+01  -0.4992098269070011
   2.9220000e+01  -0.5116244774070011
   2.9230000e+01  -0.5210056104070011
   2.9240000e+01  -0.5251206952570011
   2.9250000e+01   -0.5225392671070012
   2.9260000e+01   -0.5169904104570011
   2.9270000e+01  -0.5163122650570011
   2.9280000e+01  -0.5251766453070011
   2.9290000e+01  -0.5395994143070011
   2.9300000e+01  -0.5502677858070011
   2.9310000e+01   -0.550578455707001
   2.9320000e+01   -0.539843606107001
   2.9330000e+01   -0.519951762607001
   2.9340000e+01   -0.49208932210700107
   2.9350000e+01   -0.4572651641070011
   2.9360000e+01   -0.4175240916070011
   2.9370000e+01   -0.3750957036070011
   2.9380000e+01   -0.33127686960700115
   2.9390000e+01   -0.28707128860700115
   2.9400000e+01   -0.24446593610700115
   2.9410000e+01   -0.20632522960700117
   2.9420000e+01   -0.17459385760700116
   2.9430000e+01   -0.14847088710700115
   2.9440000e+01   -0.12503641410700114
   2.9450000e+01   -0.10248498310700115
   2.9460000e+01   -0.08206802110700115
   2.9470000e+01   -0.06604428460700115
   2.9480000e+01   -0.05544438150700115
   2.9490000e+01  -0.05170118283200115
   2.9500000e+01  -0.05783382425700115
   2.9510000e+01  -0.07382332075700115
   2.9520000e+01  -0.09232395075700116
   2.9530000e+01  -0.10417608015700115
   2.9540000e+01  -0.10814278300700116
   2.9550000e+01  -0.11053972470700116
   2.9560000e+01  -0.11573435490700115
   2.9570000e+01  -0.12312523880700116
   2.9580000e+01  -0.13454952275700116
   2.9590000e+01  -0.15805336925700117
   2.9600000e+01  -0.20017016825700118
   2.9610000e+01  -0.25750776425700117
   2.9620000e+01  -0.3189002327570012
   2.9630000e+01  -0.3743027412570012
   2.9640000e+01  -0.42062634275700117
   2.9650000e+01  -0.4612687552570012
   2.9660000e+01  -0.5014073302570011
   2.9670000e+01  -0.5426141087570011
   2.9680000e+01  -0.5816286232570012
   2.9690000e+01  -0.6145943962570012
   2.9700000e+01  -0.6406017802570012
   2.9710000e+01  -0.6596618527570012
   2.9720000e+01  -0.6702660177570012
   2.9730000e+01   -0.6724917412570013
   2.9740000e+01   -0.6713572309620013
   2.9750000e+01  -0.6726343593670013
   2.9760000e+01  -0.6758257416170014
   2.9770000e+01   -0.6746217002170014
   2.9780000e+01   -0.6637052657670014
   2.9790000e+01   -0.6422282712670014
   2.9800000e+01   -0.6115918422670015
   2.9810000e+01   -0.5733107777670015
   2.9820000e+01   -0.5294565342670015
   2.9830000e+01   -0.48301916876700146
   2.9840000e+01   -0.43687946726700144
   2.9850000e+01   -0.39221009176700145
   2.9860000e+01   -0.34699037476700145
   2.9870000e+01   -0.2967111572670015
   2.9880000e+01   -0.2390193347670015
   2.9890000e+01   -0.1776794637670015
   2.9900000e+01   -0.11886795076700149
   2.9910000e+01   -0.06316810876700149
   2.9920000e+01   -0.004900125767001488
   2.9930000e+01   0.059626630232998516
   2.9940000e+01   0.12721149573299853
   2.9950000e+01   0.19279379323299856
   2.9960000e+01   0.2549188172329986
   2.9970000e+01   0.3126056772329986
   2.9980000e+01   0.3601222732329986
   2.9990000e+01   0.3902001752329986
   3.0000000e+01   0.4023778869829986
   3.0010000e+01  0.4044961720179986
   3.0020000e+01   0.4052500252529986
   3.0030000e+01   0.4077891063029986
   3.0040000e+01   0.41098088290299856
   3.0050000e+01   0.41364359830299857
   3.0060000e+01   0.41519963362299855
   3.0070000e+01  0.41388688004299856
   3.0080000e+01  0.4073432920429986
   3.0090000e+01  0.3956134770429986
   3.0100000e+01  0.38227607804299857
   3.0110000e+01  0.3716231689929986
   3.0120000e+01  0.3645186471929986
   3.0130000e+01  0.3570310160429986
   3.0140000e+01  0.34350401864299857
   3.0150000e+01  0.3214352121429986
   3.0160000e+01  0.2929933271429986
   3.0170000e+01  0.2612754256429986
   3.0180000e+01  0.2260373471429986
   3.0190000e+01  0.1845268336429986
   3.0200000e+01  0.1360886731429986
   3.0210000e+01  0.08439754464299862
   3.0220000e+01  0.03513178364299861
   3.0230000e+01  -0.007356116857001389
   3.0240000e+01  -0.04131659535700139
   3.0250000e+01  -0.06740877335700139
   3.0260000e+01  -0.08822604585700139
   3.0270000e+01  -0.1074882468570014
   3.0280000e+01  -0.1289440313570014
   3.0290000e+01  -0.1550628153570014
   3.0300000e+01  -0.1850163188570014
   3.0310000e+01  -0.2132119368570014
   3.0320000e+01  -0.2318164938570014
   3.0330000e+01   -0.2369961593070014
   3.0340000e+01   -0.23222611575700142
   3.0350000e+01   -0.22435663260700142
   3.0360000e+01   -0.21793179310700142
   3.0370000e+01   -0.21513207761200143
   3.0380000e+01  -0.21903234136700142
   3.0390000e+01  -0.23270419726700142
   3.0400000e+01  -0.2545919082670014
   3.0410000e+01  -0.2776614267670014
   3.0420000e+01  -0.2942395837670014
   3.0430000e+01  -0.3004644284820014
   3.0440000e+01   -0.29664510369700137
   3.0450000e+01   -0.28625471369700134
   3.0460000e+01   -0.27555765774700136
   3.0470000e+01  -0.27190496719700136
   3.0480000e+01  -0.28005360809700136
   3.0490000e+01  -0.2992549695970014
   3.0500000e+01  -0.32305250809700137
   3.0510000e+01  -0.34165272209700137
   3.0520000e+01   -0.34681851604700137
   3.0530000e+01   -0.3377320149970014
   3.0540000e+01   -0.3228531594970014
   3.0550000e+01   -0.31455601624700136
   3.0560000e+01  -0.32076098699700134
   3.0570000e+01  -0.34103740099700136
   3.0580000e+01  -0.36918063999700135
   3.0590000e+01  -0.39781008049700134
   3.0600000e+01  -0.42065480399700134
   3.0610000e+01  -0.43265661014700135
   3.0620000e+01   -0.43044814154700134
   3.0630000e+01   -0.4140455042970013
   3.0640000e+01   -0.3876137607970013
   3.0650000e+01   -0.3571311097970013
   3.0660000e+01   -0.3266308157970013
   3.0670000e+01   -0.2973743937970013
   3.0680000e+01   -0.2707421822970013
   3.0690000e+01   -0.2501544522970013
   3.0700000e+01   -0.23871807019700128
   3.0710000e+01  -0.23593828701200129
   3.0720000e+01  -0.2382455912770013
   3.0730000e+01  -0.2420743152770013
   3.0740000e+01  -0.2445856127270013
   3.0750000e+01   -0.2415500599770013
   3.0760000e+01   -0.22711720542700128
   3.0770000e+01   -0.19783574542700127
   3.0780000e+01   -0.15662736592700127
   3.0790000e+01   -0.11121237492700128
   3.0800000e+01   -0.06813477242700129
   3.0810000e+01   -0.029360923927001285
   3.0820000e+01   0.005277112072998719
   3.0830000e+01   0.035115967072998716
   3.0840000e+01   0.06050470307299872
   3.0850000e+01   0.08539221807299872
   3.0860000e+01   0.11379238607299873
   3.0870000e+01   0.1434327285729987
   3.0880000e+01   0.16639639507299872
   3.0890000e+01   0.17722389822299872
   3.0900000e+01  0.17813100032299872
   3.0910000e+01  0.17569505382299871
   3.0920000e+01   0.1749026725679987
   3.0930000e+01   0.17730574891299872
   3.0940000e+01   0.18256010341299872
   3.0950000e+01   0.18981269611299872
   3.0960000e+01   0.19789800016299872
   3.0970000e+01   0.2048182153129987
   3.0980000e+01   0.2078315813429987
   3.0990000e+01  0.2058748352729987
   3.1000000e+01  0.2024021106729987
   3.1010000e+01   0.2035354012229987
   3.1020000e+01   0.21201855572299871
   3.1030000e+01   0.2247195342229987
   3.1040000e+01   0.2367741017229987
   3.1050000e+01   0.2455607530729987
   3.1060000e+01   0.2495570797729987
   3.1070000e+01  0.2466645743229987
   3.1080000e+01  0.2363712610229987
   3.1090000e+01  0.22188637952299872
   3.1100000e+01  0.20811143602299872
   3.1110000e+01  0.19856926822299872
   3.1120000e+01   0.19515992593599873
   3.1130000e+01   0.19872529699899874
   3.1140000e+01   0.20796451254899873
   3.1150000e+01   0.2192681865489987
   3.1160000e+01   0.22968399404899872
   3.1170000e+01   0.23952957704899872
   3.1180000e+01   0.25078936704899873
   3.1190000e+01   0.26375571104899875
   3.1200000e+01   0.2771836335489988
   3.1210000e+01   0.2919784390489988
   3.1220000e+01   0.31290946654899876
   3.1230000e+01   0.34502272054899874
   3.1240000e+01   0.38853995904899874
   3.1250000e+01   0.4384504350489987
   3.1260000e+01   0.48902003404899874
   3.1270000e+01   0.5371256055489988
   3.1280000e+01   0.5808059585489989
   3.1290000e+01   0.6168460705489989
   3.1300000e+01   0.6420324385489988
   3.1310000e+01   0.6561555082489988
   3.1320000e+01   0.6620590483989989
   3.1330000e+01  0.6632549614939989
   3.1340000e+01   0.6631884330239989
   3.1350000e+01   0.6659692317589989
   3.1360000e+01   0.6748373046089989
   3.1370000e+01   0.6892725581089989
   3.1380000e+01   0.7059439826089989
   3.1390000e+01   0.7232711976089989
   3.1400000e+01   0.7428245806089989
   3.1410000e+01   0.7653160036089989
   3.1420000e+01   0.7876265611089989
   3.1430000e+01   0.8055834786089988
   3.1440000e+01   0.8181967751089988
   3.1450000e+01   0.8274967837089988
   3.1460000e+01   0.8350913049589989
   3.1470000e+01   0.8402795557089988
   3.1480000e+01  0.8412742339589988
   3.1490000e+01  0.8375689527089988
   3.1500000e+01  0.8310113467089988
   3.1510000e+01  0.8241132520089988
   3.1520000e+01  0.8168597873089988
   3.1530000e+01  0.8061490842089988
   3.1540000e+01  0.7894787747089987
   3.1550000e+01  0.7681705967089988
   3.1560000e+01  0.7453203577089987
   3.1570000e+01  0.7212058477089988
   3.1580000e+01  0.6925441607089987
   3.1590000e+01  0.6563702177089987
   3.1600000e+01  0.6134133992089987
   3.1610000e+01  0.5671444992089987
   3.1620000e+01  0.5197847462089987
   3.1630000e+01  0.46997276470899874
   3.1640000e+01  0.41558237570899875
   3.1650000e+01  0.35881141570899877
   3.1660000e+01  0.3061712987089988
   3.1670000e+01  0.2623940452089988
   3.1680000e+01  0.2269398687089988
   3.1690000e+01  0.1977840202089988
   3.1700000e+01  0.1745724792089988
   3.1710000e+01  0.15463610920899878
   3.1720000e+01  0.12948955770899878
   3.1730000e+01  0.09041695670899878
   3.1740000e+01  0.036527716708998785
   3.1750000e+01  -0.025725620791001214
   3.1760000e+01  -0.0888368242910012
   3.1770000e+01  -0.1468275522910012
   3.1780000e+01  -0.19430407829100121
   3.1790000e+01  -0.22748843029100121
   3.1800000e+01  -0.24567836679100122
   3.1810000e+01   -0.2495588883410012
   3.1820000e+01   -0.2398360108910012
   3.1830000e+01   -0.2194575033910012
   3.1840000e+01   -0.1946328238910012
   3.1850000e+01   -0.17093719739100122
   3.1860000e+01   -0.1499091803910012
   3.1870000e+01   -0.13090543539100122
   3.1880000e+01   -0.11371165489100121
   3.1890000e+01   -0.09739395689100121
   3.1900000e+01   -0.0793884453910012
   3.1910000e+01   -0.05853586589100121
   3.1920000e+01   -0.03704022589100121
   3.1930000e+01   -0.016511258391001215
   3.1940000e+01   0.006554933108998785
   3.1950000e+01   0.03810511360899878
   3.1960000e+01   0.07951260710899878
   3.1970000e+01   0.12598935810899878
   3.1980000e+01   0.1723468831089988
   3.1990000e+01   0.2176033026089988
   3.2000000e+01   0.2628299831089988
   3.2010000e+01   0.30734373660899883
   3.2020000e+01   0.34953033660899885
   3.2030000e+01   0.38968957410899885
   3.2040000e+01   0.4294170896089988
   3.2050000e+01   0.46913661960899883
   3.2060000e+01   0.5082202316089989
   3.2070000e+01   0.5459203301089989
   3.2080000e+01   0.5796415286089989
   3.2090000e+01   0.6040878776089988
   3.2100000e+01   0.6156246837089988
   3.2110000e+01  0.6166635844589988
   3.2120000e+01  0.6126838030589988
   3.2130000e+01  0.6058565369089989
   3.2140000e+01  0.5946682278089989
   3.2150000e+01  0.5785878243089989
   3.2160000e+01  0.5591184803089989
   3.2170000e+01  0.5362130313089989
   3.2180000e+01  0.5070437563089989
   3.2190000e+01  0.4692816973089989
   3.2200000e+01  0.4240290763089989
   3.2210000e+01  0.3756147458089989
   3.2220000e+01  0.3297032853089989
   3.2230000e+01  0.2904992178089989
   3.2240000e+01  0.2576237403089989
   3.2250000e+01  0.22581924280899893
   3.2260000e+01  0.18901290430899892
   3.2270000e+01  0.14451120580899893
   3.2280000e+01  0.09283852130899892
   3.2290000e+01  0.034965444808998915
   3.2300000e+01  -0.028636112191001088
   3.2310000e+01  -0.09663780169100109
   3.2320000e+01  -0.1657818311910011
   3.2330000e+01  -0.2312322946910011
   3.2340000e+01  -0.2878527091910011
   3.2350000e+01  -0.3319670801910011
   3.2360000e+01  -0.36257898969100105
   3.2370000e+01  -0.38063912319100107
   3.2380000e+01  -0.38735326124100106
   3.2390000e+01   -0.38462297104100107
   3.2400000e+01   -0.37763290379100106
   3.2410000e+01  -0.37487428764100106
   3.2420000e+01  -0.38294783549100103
   3.2430000e+01  -0.401263140991001
   3.2440000e+01  -0.42361862349100105
   3.2450000e+01  -0.44495266949100104
   3.2460000e+01  -0.46428913149100104
   3.2470000e+01  -0.48073042949100103
   3.2480000e+01  -0.490063501941001
   3.2490000e+01   -0.488399305291001
   3.2500000e+01   -0.477883239691001
   3.2510000e+01   -0.465764825191001
   3.2520000e+01   -0.457471521291001
   3.2530000e+01   -0.452144248541001
   3.2540000e+01   -0.444869047241001
   3.2550000e+01   -0.431612678791001
   3.2560000e+01   -0.411621065291001
   3.2570000e+01   -0.38654071529100104
   3.2580000e+01   -0.35873042079100104
   3.2590000e+01   -0.330760614291001
   3.2600000e+01   -0.305804882291001
   3.2610000e+01   -0.287091626791001
   3.2620000e+01   -0.275788431941001
   3.2630000e+01   -0.269549894091001
   3.2640000e+01   -0.26424600954100097
   3.2650000e+01   -0.25762756944100096
   3.2660000e+01   -0.25056399674100094
   3.2670000e+01   -0.24389185414100095
   3.2680000e+01   -0.23464983669100095
   3.2690000e+01   -0.21724838369100094
   3.2700000e+01   -0.18953949969100095
   3.2710000e+01   -0.15679207219100094
   3.2720000e+01   -0.12775860019100094
   3.2730000e+01   -0.10655473269100094
   3.2740000e+01   -0.08998098369100094
   3.2750000e+01   -0.07338752869100093
   3.2760000e+01   -0.05735428319100093
   3.2770000e+01   -0.047028977641000926
   3.2780000e+01  -0.046032312991000926
   3.2790000e+01  -0.053052320391000926
   3.2800000e+01  -0.06419530089100092
   3.2810000e+01  -0.07681996039100092
   3.2820000e+01  -0.09076355989100092
   3.2830000e+01  -0.10743106989100092
   3.2840000e+01  -0.12849663239100093
   3.2850000e+01  -0.1544742353910009
   3.2860000e+01  -0.18366832039100092
   3.2870000e+01  -0.2128085788910009
   3.2880000e+01  -0.2388165023910009
   3.2890000e+01  -0.2596274068910009
   3.2900000e+01  -0.2743387968910009
   3.2910000e+01  -0.28459825054100085
   3.2920000e+01  -0.29582600869100084
   3.2930000e+01  -0.31498266669100083
   3.2940000e+01  -0.3464056036910008
   3.2950000e+01  -0.39052045069100083
   3.2960000e+01  -0.44536245369100086
   3.2970000e+01  -0.5069630386910009
   3.2980000e+01  -0.5690155771910009
   3.2990000e+01  -0.625247547191001
   3.3000000e+01  -0.6727667846910009
   3.3010000e+01  -0.711758457691001
   3.3020000e+01  -0.742714485191001
   3.3030000e+01  -0.765812451191001
   3.3040000e+01  -0.7820678081910011
   3.3050000e+01  -0.793145046441001
   3.3060000e+01  -0.800714515241001
   3.3070000e+01  -0.8069339911410011
   3.3080000e+01  -0.813672681841001
   3.3090000e+01  -0.8198847034410011
   3.3100000e+01   -0.821808855741001
   3.3110000e+01   -0.817288303791001
   3.3120000e+01   -0.808110533291001
   3.3130000e+01   -0.797050118291001
   3.3140000e+01   -0.784565317291001
   3.3150000e+01   -0.769405119291001
   3.3160000e+01   -0.750949946291001
   3.3170000e+01   -0.730404080291001
   3.3180000e+01   -0.7104160527910011
   3.3190000e+01   -0.692508180291001
   3.3200000e+01   -0.6736507152910011
   3.3210000e+01   -0.647354954791001
   3.3220000e+01   -0.610443405291001
   3.3230000e+01   -0.567147176791001
   3.3240000e+01   -0.524344312291001
   3.3250000e+01   -0.48449514179100095
   3.3260000e+01   -0.44554140979100093
   3.3270000e+01   -0.40597648729100094
   3.3280000e+01   -0.36719550229100095
   3.3290000e+01   -0.33139035929100097
   3.3300000e+01   -0.298921991791001
   3.3310000e+01   -0.267586637791001
   3.3320000e+01   -0.233953474791001
   3.3330000e+01   -0.196330152791001
   3.3340000e+01   -0.156887658291001
   3.3350000e+01   -0.12000925929100098
   3.3360000e+01   -0.08822070329100098
   3.3370000e+01   -0.060210240791000985
   3.3380000e+01   -0.03252031229100098
   3.3390000e+01   -0.0025206007910009848
   3.3400000e+01   0.02979045520899902
   3.3410000e+01   0.06197963220899902
   3.3420000e+01   0.09093963270899902
   3.3430000e+01   0.11438596070899902
   3.3440000e+01   0.13059294720899903
   3.3450000e+01   0.13781853985899903
   3.3460000e+01  0.13551138960899903
   3.3470000e+01  0.12557183420899903
   3.3480000e+01  0.11062612820899903
   3.3490000e+01  0.09125565470899903
   3.3500000e+01  0.06691757420899903
   3.3510000e+01  0.03977893570899903
   3.3520000e+01  0.015498468708999024
   3.3530000e+01  -0.0009378692910009742
   3.3540000e+01  -0.009192159641000975
   3.3550000e+01  -0.012949871441000974
   3.3560000e+01  -0.016780084691000972
   3.3570000e+01  -0.024692366991000973
   3.3580000e+01  -0.040268581491000974
   3.3590000e+01  -0.06538448449100097
   3.3600000e+01  -0.09776595299100097
   3.3610000e+01  -0.13125481999100097
   3.3620000e+01  -0.16015426049100098
   3.3630000e+01  -0.18357438799100098
   3.3640000e+01  -0.205387947991001
   3.3650000e+01  -0.230549010491001
   3.3660000e+01  -0.26152468449100097
   3.3670000e+01  -0.29661042399100096
   3.3680000e+01  -0.33028848799100097
   3.3690000e+01  -0.356430667991001
   3.3700000e+01  -0.37307921399100097
   3.3710000e+01  -0.38360665784100095
   3.3720000e+01  -0.39190013439100096
   3.3730000e+01  -0.39776827009100096
   3.3740000e+01   -0.399137113241001
   3.3750000e+01   -0.39714751684100097
   3.3760000e+01  -0.39583436247600096
   3.3770000e+01  -0.39751432556100097
   3.3780000e+01  -0.40180890481100096
   3.3790000e+01  -0.408557748761001
   3.3800000e+01  -0.417535789311001
   3.3810000e+01  -0.425013607311001
   3.3820000e+01   -0.425138758361001
   3.3830000e+01   -0.416490852861001
   3.3840000e+01   -0.40384602236100103
   3.3850000e+01   -0.391790214861001
   3.3860000e+01   -0.379866123361001
   3.3870000e+01   -0.365905829361001
   3.3880000e+01   -0.35075948936100104
   3.3890000e+01   -0.33663791436100104
   3.3900000e+01   -0.32274810986100105
   3.3910000e+01   -0.30575304936100106
   3.3920000e+01   -0.28425102186100104
   3.3930000e+01   -0.260903570861001
   3.3940000e+01   -0.23994070186100103
   3.3950000e+01   -0.22308264236100103
   3.3960000e+01   -0.20753133986100103
   3.3970000e+01   -0.18786026286100102
   3.3980000e+01   -0.16065851886100102
   3.3990000e+01   -0.12747346436100102
   3.4000000e+01   -0.09265958386100101
   3.4010000e+01   -0.05887210086100101
   3.4020000e+01   -0.02590132586100101
   3.4030000e+01   0.006431633138998992
   3.4040000e+01   0.03612008213899899
   3.4050000e+01   0.06060791313899899
   3.4060000e+01   0.079769310638999
   3.4070000e+01   0.096402484638999
   3.4080000e+01   0.113861211138999
   3.4090000e+01   0.133690886138999
   3.4100000e+01   0.15570853663899897
   3.4110000e+01   0.179677942138999
   3.4120000e+01   0.20575705013899898
   3.4130000e+01   0.233419194638999
   3.4140000e+01   0.261782624138999
   3.4150000e+01   0.291844151138999
   3.4160000e+01   0.326413837638999
   3.4170000e+01   0.366199302638999
   3.4180000e+01   0.407718557638999
   3.4190000e+01   0.447077393138999
   3.4200000e+01   0.48381379813899905
   3.4210000e+01   0.5180855991389991
   3.4220000e+01   0.5457812421389991
   3.4230000e+01   0.5605777468889992
   3.4240000e+01  0.5610230109389992
   3.4250000e+01  0.5525940617389992
   3.4260000e+01  0.5426106267889992
   3.4270000e+01  0.5356480422389992
   3.4280000e+01   0.5336760660289992
   3.4290000e+01   0.5375180491189991
   3.4300000e+01   0.5471085923189991
   3.4310000e+01   0.5617388658189991
   3.4320000e+01   0.5798937263189992
   3.4330000e+01   0.5974756828189992
   3.4340000e+01   0.6075023994689992
   3.4350000e+01  0.6044770721189991
   3.4360000e+01  0.5889989031189992
   3.4370000e+01  0.5658300251189992
   3.4380000e+01  0.5379061066189992
   3.4390000e+01  0.5050039051189992
   3.4400000e+01  0.46795888411899916
   3.4410000e+01  0.43033581911899915
   3.4420000e+01  0.39426253111899917
   3.4430000e+01  0.3573073241189992
   3.4440000e+01  0.31589252361899917
   3.4450000e+01  0.2704426841189992
   3.4460000e+01  0.2248874716189992
   3.4470000e+01  0.18174855211899918
   3.4480000e+01  0.14005986011899918
   3.4490000e+01  0.09833459611899918
   3.4500000e+01  0.05741023711899918
   3.4510000e+01  0.01903062661899918
   3.4520000e+01  -0.017344730881000824
   3.4530000e+01  -0.05468156538100082
   3.4540000e+01  -0.09502092588100082
   3.4550000e+01  -0.1368239328810008
   3.4560000e+01  -0.17627249738100081
   3.4570000e+01  -0.2108131153810008
   3.4580000e+01  -0.2406232363810008
   3.4590000e+01  -0.2666878208810008
   3.4600000e+01  -0.2885005763810008
   3.4610000e+01  -0.3042245843810008
   3.4620000e+01  -0.3125065776310008
   3.4630000e+01   -0.3135924995310008
   3.4640000e+01   -0.3089885441310008
   3.4650000e+01   -0.3000716215810008
   3.4660000e+01   -0.2862744545810008
   3.4670000e+01   -0.2648481590810008
   3.4680000e+01   -0.2341035025810008
   3.4690000e+01   -0.19720850458100078
   3.4700000e+01   -0.1605553790810008
   3.4710000e+01   -0.1271619035810008
   3.4720000e+01   -0.09357104958100079
   3.4730000e+01   -0.054525076081000795
   3.4740000e+01   -0.008654533581000802
   3.4750000e+01   0.0419259629189992
   3.4760000e+01   0.0951957059189992
   3.4770000e+01   0.1499439584189992
   3.4780000e+01   0.2048219464189992
   3.4790000e+01   0.2596316609189992
   3.4800000e+01   0.31657475291899917
   3.4810000e+01   0.3775178744189992
   3.4820000e+01   0.44048233941899917
   3.4830000e+01   0.5012173729189991
   3.4840000e+01   0.5582481769189992
   3.4850000e+01   0.6146256679189992
   3.4860000e+01   0.6746095094189992
   3.4870000e+01   0.7397850709189993
   3.4880000e+01   0.8082213914189993
   3.4890000e+01   0.8761323514189993
   3.4900000e+01   0.9398617439189992
   3.4910000e+01   0.9966013769189992
   3.4920000e+01   1.0438629899189993
   3.4930000e+01   1.0795826159189992
   3.4940000e+01   1.1038932809189992
   3.4950000e+01   1.1201858719189992
   3.4960000e+01   1.1329711444189992
   3.4970000e+01   1.1446368524189992
   3.4980000e+01   1.155017647518999
   3.4990000e+01   1.163410998418999
   3.5000000e+01   1.169516318918999
   3.5010000e+01   1.172529956918999
   3.5020000e+01  1.1705730384689992
   3.5030000e+01  1.1610495957189992
   3.5040000e+01  1.1408916187189992
   3.5050000e+01  1.1074486877189993
   3.5060000e+01  1.0612502872189993
   3.5070000e+01  1.0081516642189992
   3.5080000e+01  0.9568179517189992
   3.5090000e+01  0.9126089857189992
   3.5100000e+01  0.8739709927189991
   3.5110000e+01  0.8348010042189992
   3.5120000e+01  0.7896905247189991
   3.5130000e+01  0.7370137962189991
   3.5140000e+01  0.6781874927189991
   3.5150000e+01  0.6148509657189991
   3.5160000e+01  0.5468568512189991
   3.5170000e+01  0.47310477171899906
   3.5180000e+01  0.39409754721899903
   3.5190000e+01  0.31230405921899906
   3.5200000e+01  0.22907917021899907
   3.5210000e+01  0.14251681871899907
   3.5220000e+01  0.049812610718999076
   3.5230000e+01  -0.04911829528100094
   3.5240000e+01  -0.15132729028100095
   3.5250000e+01  -0.252468865281001
   3.5260000e+01  -0.347416654781001
   3.5270000e+01  -0.431397285781001
   3.5280000e+01  -0.502757821281001
   3.5290000e+01  -0.563283966781001
   3.5300000e+01  -0.614446151781001
   3.5310000e+01  -0.655824064281001
   3.5320000e+01  -0.6892962262810011
   3.5330000e+01  -0.7216753027810011
   3.5340000e+01  -0.7593736127810011
   3.5350000e+01  -0.8018944652810012
   3.5360000e+01  -0.8437800162810012
   3.5370000e+01  -0.8814979472810012
   3.5380000e+01  -0.9147226237810012
   3.5390000e+01  -0.9417425272810013
   3.5400000e+01  -0.9582178252810013
   3.5410000e+01   -0.9620188569810013
   3.5420000e+01   -0.9564477654810013
   3.5430000e+01   -0.9467397862810013
   3.5440000e+01   -0.9349794702810013
   3.5450000e+01   -0.9200618262810013
   3.5460000e+01   -0.9011689422810013
   3.5470000e+01   -0.8788672067810013
   3.5480000e+01   -0.8528263477810013
   3.5490000e+01   -0.8204082667810013
   3.5500000e+01   -0.7786058312810014
   3.5510000e+01   -0.7271189722810013
   3.5520000e+01   -0.6693214752810013
   3.5530000e+01   -0.6104001132810013
   3.5540000e+01   -0.5544734197810013
   3.5550000e+01   -0.5031027792810013
   3.5560000e+01   -0.4559358222810013
   3.5570000e+01   -0.4118504952810013
   3.5580000e+01   -0.3692164972810013
   3.5590000e+01   -0.32642293978100134
   3.5600000e+01   -0.28359747828100135
   3.5610000e+01   -0.24317704028100134
   3.5620000e+01   -0.20747635578100135
   3.5630000e+01   -0.17625235278100135
   3.5640000e+01   -0.14759251428100134
   3.5650000e+01   -0.11982395078100133
   3.5660000e+01   -0.09101755528100133
   3.5670000e+01   -0.05841658578100133
   3.5680000e+01   -0.021149523281001337
   3.5690000e+01   0.01721829771899866
   3.5700000e+01   0.05136042221899866
   3.5710000e+01   0.07909431221899867
   3.5720000e+01   0.10187950921899866
   3.5730000e+01   0.12169897771899865
   3.5740000e+01   0.13999350921899864
   3.5750000e+01   0.15870120771899865
   3.5760000e+01   0.17937395071899864
   3.5770000e+01   0.20132104771899864
   3.5780000e+01   0.22271162621899865
   3.5790000e+01   0.24313688021899865
   3.5800000e+01   0.2633332067189986
   3.5810000e+01   0.2833461937189986
   3.5820000e+01   0.3031736042189986
   3.5830000e+01   0.3244780202189986
   3.5840000e+01   0.3494851302189986
   3.5850000e+01   0.3786281972189986
   3.5860000e+01   0.4108301202189986
   3.5870000e+01   0.44514685821899863
   3.5880000e+01   0.48044196221899865
   3.5890000e+01   0.5143440317189987
   3.5900000e+01   0.5441210037189986
   3.5910000e+01   0.5681811732189986
   3.5920000e+01   0.5865048477189987
   3.5930000e+01   0.6012776952189987
   3.5940000e+01   0.6173449622189987
   3.5950000e+01   0.6393383347189987
   3.5960000e+01   0.6669327567189987
   3.5970000e+01   0.6946516367189987
   3.5980000e+01   0.7170113942189986
   3.5990000e+01   0.7320785757189986
   3.6000000e+01   0.7402457117689986
   3.6010000e+01   0.7427520933124986
   3.6020000e+01  0.7424091741959986
   3.6030000e+01   0.7433197074359986
   3.6040000e+01   0.7488308616859987
   3.6050000e+01   0.7609563075859986
   3.6060000e+01   0.7808248220859987
   3.6070000e+01   0.8069452645859987
   3.6080000e+01   0.8336125260859987
   3.6090000e+01   0.8540902780859987
   3.6100000e+01   0.8653764101359986
   3.6110000e+01  0.8677439002859987
   3.6120000e+01  0.8607932293859987
   3.6130000e+01  0.8428881763859987
   3.6140000e+01  0.8134744358859987
   3.6150000e+01  0.7729268483859987
   3.6160000e+01  0.7210892308859986
   3.6170000e+01  0.6591068463859986
   3.6180000e+01  0.5918922878859986
   3.6190000e+01  0.5255999923859985
   3.6200000e+01  0.46290978738599853
   3.6210000e+01  0.4031266393859985
   3.6220000e+01  0.34620814938599853
   3.6230000e+01  0.29422076188599855
   3.6240000e+01  0.24896338088599856
   3.6250000e+01  0.20979686138599857
   3.6260000e+01  0.17384959788599857
   3.6270000e+01  0.13798251538599857
   3.6280000e+01  0.10134458438599855
   3.6290000e+01  0.06595942188599856
   3.6300000e+01  0.03334399688599855
   3.6310000e+01  0.0007603033859985495
   3.6320000e+01  -0.03700709711400145
   3.6330000e+01  -0.08192017611400146
   3.6340000e+01  -0.13099482311400146
   3.6350000e+01  -0.18093621411400146
   3.6360000e+01  -0.23229408211400146
   3.6370000e+01  -0.28765198761400146
   3.6380000e+01  -0.34702120011400145
   3.6390000e+01  -0.40698783111400144
   3.6400000e+01  -0.4647320561140014
   3.6410000e+01  -0.5212498676140014
   3.6420000e+01  -0.5786549196140014
   3.6430000e+01  -0.6348122021140014
   3.6440000e+01  -0.6838277661140013
   3.6450000e+01  -0.7233476596140013
   3.6460000e+01  -0.7585253696140013
   3.6470000e+01  -0.7961362416140013
   3.6480000e+01  -0.8369000651140013
   3.6490000e+01  -0.8765715251140013
   3.6500000e+01  -0.9128221476140013
   3.6510000e+01  -0.9474747896140012
   3.6520000e+01  -0.9825083261140012
   3.6530000e+01  -1.0170817431140011
   3.6540000e+01  -1.0491523786140011
   3.6550000e+01  -1.078011759614001
   3.6560000e+01  -1.103996634114001
   3.6570000e+01  -1.126295423614001
   3.6580000e+01  -1.142292177114001
   3.6590000e+01  -1.149907714364001
   3.6600000e+01   -1.150113121314001
   3.6610000e+01   -1.145900123864001
   3.6620000e+01   -1.139033732664001
   3.6630000e+01   -1.129312393614001
   3.6640000e+01   -1.116396472614001
   3.6650000e+01   -1.100016673614001
   3.6660000e+01   -1.079045136114001
   3.6670000e+01   -1.053593013114001
   3.6680000e+01   -1.027670391614001
   3.6690000e+01   -1.0058984561140012
   3.6700000e+01   -0.9872368326140012
   3.6710000e+01   -0.9655740671140012
   3.6720000e+01   -0.9369422511140012
   3.6730000e+01   -0.9029372056140013
   3.6740000e+01   -0.8672755891140013
   3.6750000e+01   -0.8326896236140012
   3.6760000e+01   -0.8009517436140012
   3.6770000e+01   -0.7718793676140012
   3.6780000e+01   -0.7419537221140012
   3.6790000e+01   -0.7072660991140012
   3.6800000e+01   -0.6680253536140012
   3.6810000e+01   -0.6276304446140012
   3.6820000e+01   -0.5880992371140012
   3.6830000e+01   -0.5491640366140013
   3.6840000e+01   -0.5106666056140012
   3.6850000e+01   -0.47259982211400126
   3.6860000e+01   -0.43340473711400124
   3.6870000e+01   -0.39096742661400125
   3.6880000e+01   -0.34510341361400126
   3.6890000e+01   -0.2977332471140013
   3.6900000e+01   -0.25176285511400126
   3.6910000e+01   -0.21064906761400126
   3.6920000e+01   -0.17696069211400126
   3.6930000e+01   -0.15016279711400127
   3.6940000e+01   -0.12772517311400128
   3.6950000e+01   -0.10891080461400128
   3.6960000e+01   -0.09488800111400128
   3.6970000e+01   -0.08459693831400128
   3.6980000e+01   -0.07356514601400128
   3.6990000e+01   -0.058081677514001284
   3.7000000e+01   -0.03852198701400128
   3.7010000e+01   -0.018009228514001278
   3.7020000e+01   0.00031330298599872505
   3.7030000e+01   0.014537889985998725
   3.7040000e+01   0.024414190735998726
   3.7050000e+01   0.031029572935998725
   3.7060000e+01   0.035722367835998727
   3.7070000e+01   0.040040262535998725
   3.7080000e+01   0.046281969735998726
   3.7090000e+01   0.05536360418599873
   3.7100000e+01   0.06385196993599873
   3.7110000e+01  0.06657905583599873
   3.7120000e+01  0.06321681658599873
   3.7130000e+01  0.05871581058599873
   3.7140000e+01  0.055988596535998726
   3.7150000e+01  0.05193570578599872
   3.7160000e+01  0.042496463985998725
   3.7170000e+01  0.028180929985998728
   3.7180000e+01  0.012448539485998729
   3.7190000e+01  -0.0026675305140012734
   3.7200000e+01  -0.017052126014001273
   3.7210000e+01  -0.030225763514001275
   3.7220000e+01  -0.04043895166400127
   3.7230000e+01  -0.045986001564001275
   3.7240000e+01   -0.047355208689001276
   3.7250000e+01  -0.04801903416400127
   3.7260000e+01  -0.05174182921400127
   3.7270000e+01  -0.05856751466400127
   3.7280000e+01  -0.06520965086400127
   3.7290000e+01  -0.06982269046400127
   3.7300000e+01  -0.07385927061400127
   3.7310000e+01  -0.07859848776400127
   3.7320000e+01  -0.08313060611400128
   3.7330000e+01  -0.08728075371400128
   3.7340000e+01  -0.09355574501400128
   3.7350000e+01  -0.10429121066400128
   3.7360000e+01  -0.11891866816400128
   3.7370000e+01  -0.1352139716640013
   3.7380000e+01  -0.1513529876640013
   3.7390000e+01  -0.1662127406640013
   3.7400000e+01  -0.1794538046640013
   3.7410000e+01  -0.19107030516400128
   3.7420000e+01  -0.19918437981400128
   3.7430000e+01   -0.20004418861400128
   3.7440000e+01   -0.19320402616400129
   3.7450000e+01   -0.18482358401400129
   3.7460000e+01  -0.1818819500340013
   3.7470000e+01  -0.18430459730400128
   3.7480000e+01  -0.1865050166290013
   3.7490000e+01   -0.18531173510400129
   3.7500000e+01   -0.1822957753040013
   3.7510000e+01   -0.1793837442040013
   3.7520000e+01   -0.1766049250040013
   3.7530000e+01   -0.1741509739540013
   3.7540000e+01  -0.17316578381700132
   3.7550000e+01  -0.1742400043300013
   3.7560000e+01  -0.1775089380300013
   3.7570000e+01  -0.18396395948000133
   3.7580000e+01  -0.19453478958000134
   3.7590000e+01  -0.20814457158000133
   3.7600000e+01  -0.22242900558000134
   3.7610000e+01  -0.23618462958000133
   3.7620000e+01  -0.24957950008000132
   3.7630000e+01  -0.2615566290800013
   3.7640000e+01  -0.26783682293000133
   3.7650000e+01   -0.26262514978000134
   3.7660000e+01   -0.24344067278000134
   3.7670000e+01   -0.21443933528000134
   3.7680000e+01   -0.18382997778000135
   3.7690000e+01   -0.15737929078000135
   3.7700000e+01   -0.13501879728000135
   3.7710000e+01   -0.11332217578000135
   3.7720000e+01   -0.08929239578000135
   3.7730000e+01   -0.06146248928000135
   3.7740000e+01   -0.029627741780001347
   3.7750000e+01   0.005235868719998656
   3.7760000e+01   0.04190508971999866
   3.7770000e+01   0.08006861021999866
   3.7780000e+01   0.11930942421999866
   3.7790000e+01   0.15733445771999865
   3.7800000e+01   0.19154848971999866
   3.7810000e+01   0.22307136221999865
   3.7820000e+01   0.25743064721999864
   3.7830000e+01   0.30004200771999867
   3.7840000e+01   0.35146566721999867
   3.7850000e+01   0.40753051571999865
   3.7860000e+01   0.4635933882199986
   3.7870000e+01   0.5179305517199986
   3.7880000e+01   0.5707496272199986
   3.7890000e+01   0.6209245207199986
   3.7900000e+01   0.6657334032199986
   3.7910000e+01   0.7043396002199986
   3.7920000e+01   0.7392827602199986
   3.7930000e+01   0.7728247447199986
   3.7940000e+01   0.8035547407199987
   3.7950000e+01   0.8286007347199986
   3.7960000e+01   0.8476764337199986
   3.7970000e+01   0.8628620792199986
   3.7980000e+01   0.8759142852199986
   3.7990000e+01   0.8879740887199986
   3.8000000e+01   0.9003118082199986
   3.8010000e+01   0.9129535342199986
   3.8020000e+01   0.9240034453699986
   3.8030000e+01   0.9324614907199986
   3.8040000e+01   0.9398858527699986
   3.8050000e+01   0.9469918160199986
   3.8060000e+01   0.9509201038699986
   3.8070000e+01  0.9488561584199986
   3.8080000e+01  0.9420187938199986
   3.8090000e+01  0.9323197461199987
   3.8100000e+01  0.9171626991199987
   3.8110000e+01  0.8921871166199987
   3.8120000e+01  0.8579756461199988
   3.8130000e+01  0.8191798386199988
   3.8140000e+01  0.7774994956199988
   3.8150000e+01  0.7306494466199988
   3.8160000e+01  0.6787765076199987
   3.8170000e+01  0.6267346366199987
   3.8180000e+01  0.5778300926199987
   3.8190000e+01  0.5290147011199987
   3.8200000e+01  0.47491114061999873
   3.8210000e+01  0.4142465916199987
   3.8220000e+01  0.3498307161199987
   3.8230000e+01  0.2838362196199987
   3.8240000e+01  0.21614346411999874
   3.8250000e+01  0.14757975811999874
   3.8260000e+01  0.08246722311999874
   3.8270000e+01  0.02598487261999874
   3.8280000e+01  -0.020904690380001263
   3.8290000e+01  -0.06237596738000127
   3.8300000e+01  -0.10285976338000127
   3.8310000e+01  -0.14246869688000127
   3.8320000e+01  -0.17849015488000128
   3.8330000e+01  -0.2102740978800013
   3.8340000e+01  -0.2405930323800013
   3.8350000e+01  -0.2722509873800013
   3.8360000e+01  -0.30522416038000133
   3.8370000e+01  -0.3380994093800013
   3.8380000e+01  -0.3713698753800013
   3.8390000e+01  -0.40753048788000135
   3.8400000e+01  -0.44690394538000133
   3.8410000e+01  -0.48441729288000135
   3.8420000e+01  -0.5129516568800013
   3.8430000e+01  -0.5306066528800013
   3.8440000e+01  -0.5424583273800013
   3.8450000e+01  -0.5537641528800014
   3.8460000e+01  -0.5637339548800013
   3.8470000e+01  -0.5681386197400013
   3.8480000e+01   -0.5657047784000013
   3.8490000e+01   -0.5586525596500014
   3.8500000e+01   -0.5484426711000013
   3.8510000e+01   -0.5348452571000013
   3.8520000e+01   -0.5189125271000014
   3.8530000e+01   -0.5031567606000014
   3.8540000e+01   -0.48778116560000134
   3.8550000e+01   -0.4694268116000013
   3.8560000e+01   -0.4452816541000013
   3.8570000e+01   -0.41692955760000133
   3.8580000e+01   -0.38857209760000133
   3.8590000e+01   -0.3623310681000013
   3.8600000e+01   -0.3370393956000013
   3.8610000e+01   -0.3113889846000013
   3.8620000e+01   -0.2859617696000013
   3.8630000e+01   -0.2608200951000013
   3.8640000e+01   -0.23289443910000132
   3.8650000e+01   -0.19860686560000132
   3.8660000e+01   -0.1591300146000013
   3.8670000e+01   -0.12063377010000131
   3.8680000e+01   -0.08858777210000132
   3.8690000e+01   -0.06362563410000133
   3.8700000e+01   -0.043614716100001324
   3.8710000e+01   -0.027747890100001324
   3.8720000e+01   -0.017250154200001325
   3.8730000e+01   -0.013272984830001324
   3.8740000e+01  -0.015409981510001326
   3.8750000e+01  -0.022030195960001327
   3.8760000e+01  -0.031809983760001326
   3.8770000e+01  -0.04539066476000132
   3.8780000e+01  -0.06527321876000132
   3.8790000e+01  -0.09317092726000131
   3.8800000e+01  -0.12751213526000132
   3.8810000e+01  -0.16424950326000132
   3.8820000e+01  -0.2000217537600013
   3.8830000e+01  -0.2341182607600013
   3.8840000e+01  -0.2679175952600013
   3.8850000e+01  -0.3034054627600013
   3.8860000e+01  -0.3424548972600013
   3.8870000e+01  -0.38687653976000125
   3.8880000e+01  -0.4379154502600012
   3.8890000e+01  -0.49441290126000126
   3.8900000e+01  -0.5515862957600013
   3.8910000e+01  -0.6034623597600013
   3.8920000e+01  -0.6476431997600013
   3.8930000e+01  -0.6866391412600013
   3.8940000e+01  -0.7237959482600013
   3.8950000e+01  -0.7593899552600013
   3.8960000e+01  -0.7917078692600013
   3.8970000e+01  -0.8200987347600013
   3.8980000e+01  -0.8449276072600013
   3.8990000e+01  -0.8653937777600013
   3.9000000e+01  -0.8794324392600013
   3.9010000e+01  -0.8859125212600013
   3.9020000e+01   -0.8857703522100013
   3.9030000e+01   -0.8807247141100013
   3.9040000e+01   -0.8715268140600013
   3.9050000e+01   -0.8578132080600013
   3.9060000e+01   -0.8395792835600012
   3.9070000e+01   -0.8185505885600012
   3.9080000e+01   -0.7975388070600011
   3.9090000e+01   -0.7777539720600011
   3.9100000e+01   -0.7566338745600011
   3.9110000e+01   -0.728973524060001
   3.9120000e+01   -0.6909358695600011
   3.9130000e+01   -0.6429419375600011
   3.9140000e+01   -0.588011712060001
   3.9150000e+01   -0.527544661560001
   3.9160000e+01   -0.460583866060001
   3.9170000e+01   -0.388383426060001
   3.9180000e+01   -0.317622209560001
   3.9190000e+01   -0.25588344406000096
   3.9200000e+01   -0.20412699006000096
   3.9210000e+01   -0.15652597406000096
   3.9220000e+01   -0.10784466156000096
   3.9230000e+01   -0.05755022456000096
   3.9240000e+01   -0.005896353060000956
   3.9250000e+01   0.049554133439999044
   3.9260000e+01   0.11007422093999905
   3.9270000e+01   0.17101885643999906
   3.9280000e+01   0.22502204043999907
   3.9290000e+01   0.26975558593999904
   3.9300000e+01   0.31005755793999906
   3.9310000e+01   0.35243875143999903
   3.9320000e+01   0.399289260439999
   3.9330000e+01   0.448417040939999
   3.9340000e+01   0.49642270193999904
   3.9350000e+01   0.5413313039399991
   3.9360000e+01   0.5819525069399991
   3.9370000e+01   0.6156295354399991
   3.9380000e+01   0.6386769564399991
   3.9390000e+01   0.6505497683399991
   3.9400000e+01   0.6562246555399991
   3.9410000e+01   0.6620519107899991
   3.9420000e+01   0.6696873792399991
   3.9430000e+01   0.6761557015399992
   3.9440000e+01   0.6790426072449992
   3.9450000e+01  0.6788067214499992
   3.9460000e+01  0.6762818866999992
   3.9470000e+01  0.6710922076499992
   3.9480000e+01  0.6632936014499993
   3.9490000e+01  0.6541223502499993
   3.9500000e+01  0.6441016852499993
   3.9510000e+01  0.6321279492499994
   3.9520000e+01  0.6172547352499994
   3.9530000e+01  0.6001773167499994
   3.9540000e+01  0.5824291447499994
   3.9550000e+01  0.5648660387499994
   3.9560000e+01  0.5470428237499995
   3.9570000e+01  0.5276548072499995
   3.9580000e+01  0.5059325587499994
   3.9590000e+01  0.4827432392499994
   3.9600000e+01  0.4595188967499994
   3.9610000e+01  0.4364749667499994
   3.9620000e+01  0.4139072382499994
   3.9630000e+01  0.3951600592499994
   3.9640000e+01  0.3849510595999994
   3.9650000e+01   0.3832319974999994
   3.9660000e+01  0.38367421574499944
   3.9670000e+01  0.3803339083899994
   3.9680000e+01  0.37331091323999943
   3.9690000e+01  0.3658787123899994
   3.9700000e+01  0.35896663388999944
   3.9710000e+01  0.35127978898999945
   3.9720000e+01  0.34269951023999945
   3.9730000e+01  0.3348547613899994
   3.9740000e+01  0.3297788314899994
   3.9750000e+01   0.32967123213999944
   3.9760000e+01   0.3358999161399994
   3.9770000e+01   0.3464613818399994
   3.9780000e+01   0.35648459338999944
   3.9790000e+01   0.36296982723999943
   3.9800000e+01   0.36729947113999944
   3.9810000e+01   0.37195222233999947
   3.9820000e+01   0.37680697648999945
   3.9830000e+01   0.37992965118999944
   3.9840000e+01  0.38012941758999946
   3.9850000e+01  0.37729480963999945
   3.9860000e+01  0.3712411896899995
   3.9870000e+01  0.3613017714399995
   3.9880000e+01  0.34708317093999946
   3.9890000e+01  0.32990591843999945
   3.9900000e+01  0.31337711643999944
   3.9910000e+01  0.30107863183999944
   3.9920000e+01  0.29317391003999943
   3.9930000e+01  0.2868207225899994
   3.9940000e+01  0.2802747868399994
   3.9950000e+01  0.2746306992899994
   3.9960000e+01  0.2710402283399994
   3.9970000e+01  0.2683316490399994
   3.9980000e+01  0.2640647760399994
   3.9990000e+01  0.2560513944399994
   4.0000000e+01  0.24236859443999942
   4.0010000e+01  0.2220031209399994
   4.0020000e+01  0.1963835714399994
   4.0030000e+01  0.1686857249399994
   4.0040000e+01  0.1409409084399994
   4.0050000e+01  0.1131362834399994
   4.0060000e+01  0.0854031529399994
   4.0070000e+01  0.05931771843999939
   4.0080000e+01  0.03612649593999939
   4.0090000e+01  0.014944954939999394
   4.0100000e+01  -0.006029138060000605
   4.0110000e+01  -0.027021536060000607
   4.0120000e+01  -0.04666334906000061
   4.0130000e+01  -0.0645577155600006
   4.0140000e+01  -0.0825296880600006
   4.0150000e+01  -0.1024148460600006
   4.0160000e+01  -0.1235562555600006
   4.0170000e+01  -0.1436625230600006
   4.0180000e+01  -0.1612313545600006
   4.0190000e+01  -0.1756810145600006
   4.0200000e+01  -0.1862199388600006
   4.0210000e+01  -0.1927204466600006
   4.0220000e+01  -0.1967607632600006
   4.0230000e+01  -0.1992126494600006
   4.0240000e+01   -0.1976572563100006
   4.0250000e+01   -0.1894072760600006
   4.0260000e+01   -0.1766741360600006
   4.0270000e+01   -0.1651389711600006
   4.0280000e+01   -0.1570620692100006
   4.0290000e+01   -0.1490471603100006
   4.0300000e+01   -0.13717937446000059
   4.0310000e+01   -0.12136775496000059
   4.0320000e+01   -0.10370481496000059
   4.0330000e+01   -0.08499072096000058
   4.0340000e+01   -0.06419404746000058
   4.0350000e+01   -0.04036406946000058
   4.0360000e+01   -0.01459512646000058
   4.0370000e+01   0.00994890753999942
   4.0380000e+01   0.03103449503999942
   4.0390000e+01   0.05037270103999942
   4.0400000e+01   0.07145902003999942
   4.0410000e+01   0.09411955603999941
   4.0420000e+01   0.11423382603999942
   4.0430000e+01   0.1297135860399994
   4.0440000e+01   0.1433115070399994
   4.0450000e+01   0.15807929853999939
   4.0460000e+01   0.1734566710399994
   4.0470000e+01   0.1876801965399994
   4.0480000e+01   0.2009713130399994
   4.0490000e+01   0.2143166075399994
   4.0500000e+01   0.2275064065399994
   4.0510000e+01   0.2399801475399994
   4.0520000e+01   0.2516106370399994
   4.0530000e+01   0.2617487714899994
   4.0540000e+01   0.2695495224399994
   4.0550000e+01   0.2757803331899994
   4.0560000e+01   0.2823484065399994
   4.0570000e+01   0.2898295609899994
   4.0580000e+01   0.2970081338899994
   4.0590000e+01   0.3022466299899994
   4.0600000e+01  0.3038807859049994
   4.0610000e+01  0.30097675826999937
   4.0620000e+01  0.29581187341999937
   4.0630000e+01   0.2934507079699994
   4.0640000e+01   0.2959724302199994
   4.0650000e+01   0.29899122586999943
   4.0660000e+01  0.2969112822699994
   4.0670000e+01  0.2898525303199994
   4.0680000e+01  0.28226143821999944
   4.0690000e+01  0.27625442756999946
   4.0700000e+01  0.26955069021999944
   4.0710000e+01  0.25908517146999943
   4.0720000e+01  0.24410526096999943
   4.0730000e+01  0.22624924996999943
   4.0740000e+01  0.20811162296999944
   4.0750000e+01  0.19095759096999942
   4.0760000e+01  0.1731947474699994
   4.0770000e+01  0.1524701559699994
   4.0780000e+01  0.1292755324699994
   4.0790000e+01  0.10601931696999939
   4.0800000e+01  0.08234138996999939
   4.0810000e+01  0.054773875969999386
   4.0820000e+01  0.022486690969999383
   4.0830000e+01  -0.00976549303000062
   4.0840000e+01  -0.03694777403000062
   4.0850000e+01  -0.06012429803000062
   4.0860000e+01  -0.08480996153000062
   4.0870000e+01  -0.11348182453000062
   4.0880000e+01  -0.14210086753000062
   4.0890000e+01  -0.16485787403000063
   4.0900000e+01  -0.18117834203000063
   4.0910000e+01  -0.19685196453000064
   4.0920000e+01  -0.21831315653000066
   4.0930000e+01  -0.24659389953000066
   4.0940000e+01  -0.27712520853000067
   4.0950000e+01  -0.30466726053000065
   4.0960000e+01  -0.32759907703000063
   4.0970000e+01  -0.3477125250300006
   4.0980000e+01  -0.3669944965300006
   4.0990000e+01  -0.3852973020300006
   4.1000000e+01  -0.4007385430300006
   4.1010000e+01  -0.4115195271300006
   4.1020000e+01  -0.4171082898300006
   4.1030000e+01   -0.41833149048000057
   4.1040000e+01   -0.4170066775300006
   4.1050000e+01   -0.4152083465300006
   4.1060000e+01   -0.4141634019600006
   4.1070000e+01   -0.41382939555000064
   4.1080000e+01  -0.41400015886500063
   4.1090000e+01  -0.4157152919700006
   4.1100000e+01  -0.4209868478700006
   4.1110000e+01  -0.43091082932000063
   4.1120000e+01  -0.44416690932000064
   4.1130000e+01  -0.4572540303200006
   4.1140000e+01  -0.46612173357000064
   4.1150000e+01   -0.4681943791700006
   4.1160000e+01   -0.4637198757200006
   4.1170000e+01   -0.4555276832700006
   4.1180000e+01   -0.4473760342200006
   4.1190000e+01   -0.4421911099200006
   4.1200000e+01  -0.4410393098500006
   4.1210000e+01  -0.4427345867300006
   4.1220000e+01  -0.4442812174250006
   4.1230000e+01   -0.4426075637200006
   4.1240000e+01   -0.4367154504200006
   4.1250000e+01   -0.4282301642700006
   4.1260000e+01   -0.4196100372200006
   4.1270000e+01   -0.4117520970700006
   4.1280000e+01   -0.4035014616200006
   4.1290000e+01   -0.3936538764700006
   4.1300000e+01   -0.3831757724700006
   4.1310000e+01   -0.37480345187000064
   4.1320000e+01   -0.3704328564200006
   4.1330000e+01  -0.3699664767700006
   4.1340000e+01  -0.3732415245200006
   4.1350000e+01  -0.3816514435700006
   4.1360000e+01  -0.3962137280700006
   4.1370000e+01  -0.4146345040700006
   4.1380000e+01  -0.43213461507000056
   4.1390000e+01  -0.44557471607000054
   4.1400000e+01  -0.45585724482000056
   4.1410000e+01  -0.46611514807000054
   4.1420000e+01  -0.47812385457000056
   4.1430000e+01  -0.49042700057000055
   4.1440000e+01  -0.49955531652000057
   4.1450000e+01  -0.5031414421900006
   4.1460000e+01   -0.5018642965100005
   4.1470000e+01   -0.4982721527100005
   4.1480000e+01   -0.4946019655600005
   4.1490000e+01   -0.4927931448000005
   4.1500000e+01  -0.49547546194000053
   4.1510000e+01  -0.5044609105900005
   4.1520000e+01  -0.5180916550900005
   4.1530000e+01  -0.5322587385900005
   4.1540000e+01  -0.5446662635900005
   4.1550000e+01  -0.5563464535900005
   4.1560000e+01  -0.5686138870900005
   4.1570000e+01  -0.5807926920900005
   4.1580000e+01  -0.5919922570900005
   4.1590000e+01  -0.6028797265900004
   4.1600000e+01  -0.6136951195900004
   4.1610000e+01  -0.6219331465400004
   4.1620000e+01   -0.6245107584700004
   4.1630000e+01   -0.6221201831500004
   4.1640000e+01   -0.6193349110500004
   4.1650000e+01  -0.6196375975000004
   4.1660000e+01  -0.6216721876500003
   4.1670000e+01   -0.6216773649000004
   4.1680000e+01   -0.6192357621000003
   4.1690000e+01  -0.6190107345500003
   4.1700000e+01  -0.6255237776500003
   4.1710000e+01  -0.6368156261500003
   4.1720000e+01  -0.6454611353500003
   4.1730000e+01   -0.6468054163000003
   4.1740000e+01   -0.6442830145000004
   4.1750000e+01  -0.6447151924000004
   4.1760000e+01  -0.6497260141500004
   4.1770000e+01  -0.6542233604000004
   4.1780000e+01   -0.6526612572000003
   4.1790000e+01   -0.6441826580500003
   4.1800000e+01   -0.6314547300500003
   4.1810000e+01   -0.6168584990500003
   4.1820000e+01   -0.6011792215500004
   4.1830000e+01   -0.5852287490500003
   4.1840000e+01   -0.5712489955500003
   4.1850000e+01   -0.5612381274000003
   4.1860000e+01   -0.5533460135000003
   4.1870000e+01   -0.5416254582500003
   4.1880000e+01   -0.5214898557500003
   4.1890000e+01   -0.4948618832500003
   4.1900000e+01   -0.46829692725000027
   4.1910000e+01   -0.44687864725000026
   4.1920000e+01   -0.43137333775000025
   4.1930000e+01   -0.41970957625000027
   4.1940000e+01   -0.40895448575000026
   4.1950000e+01   -0.39673855075000025
   4.1960000e+01   -0.38246475025000026
   4.1970000e+01   -0.3666634237500003
   4.1980000e+01   -0.3491338867500003
   4.1990000e+01   -0.32949563675000026
   4.2000000e+01   -0.3091132022500003
   4.2010000e+01   -0.28953458525000025
   4.2020000e+01   -0.26934554925000026
   4.2030000e+01   -0.24598053325000024
   4.2040000e+01   -0.22038302075000024
   4.2050000e+01   -0.19653362275000025
   4.2060000e+01   -0.17706496275000025
   4.2070000e+01   -0.16264315375000024
   4.2080000e+01   -0.15427955785000025
   4.2090000e+01  -0.15252893825000025
   4.2100000e+01  -0.15582198510000025
   4.2110000e+01  -0.16292819080000026
   4.2120000e+01  -0.17499372545000025
   4.2130000e+01  -0.19200012145000026
   4.2140000e+01  -0.21021712045000027
   4.2150000e+01  -0.22668068345000025
   4.2160000e+01  -0.24285852995000026
   4.2170000e+01  -0.26036281645000026
   4.2180000e+01  -0.27683475795000023
   4.2190000e+01  -0.28986990195000023
   4.2200000e+01  -0.30119773145000023
   4.2210000e+01  -0.31308538345000025
   4.2220000e+01  -0.32429035445000026
   4.2230000e+01  -0.33347606890000026
   4.2240000e+01  -0.34314246785000024
   4.2250000e+01  -0.35607887735000027
   4.2260000e+01  -0.37062654185000027
   4.2270000e+01  -0.3830697953500003
   4.2280000e+01  -0.3924652698500003
   4.2290000e+01  -0.3999456656500003
   4.2300000e+01  -0.4051742515500003
   4.2310000e+01   -0.4066486240400003
   4.2320000e+01   -0.40491901498000027
   4.2330000e+01   -0.4034617520850003
   4.2340000e+01  -0.4058641663900003
   4.2350000e+01  -0.41191451434000026
   4.2360000e+01  -0.41616883264000026
   4.2370000e+01   -0.41160033024000026
   4.2380000e+01   -0.39588843024000026
   4.2390000e+01   -0.3728883422400003
   4.2400000e+01   -0.3467730042400003
   4.2410000e+01   -0.3169419007400003
   4.2420000e+01   -0.2810583452400003
   4.2430000e+01   -0.24116466674000028
   4.2440000e+01   -0.20343446474000026
   4.2450000e+01   -0.17238889274000027
   4.2460000e+01   -0.14801740124000026
   4.2470000e+01   -0.12827111874000027
   4.2480000e+01   -0.11168961624000028
   4.2490000e+01   -0.09699368774000028
   4.2500000e+01   -0.08206614774000028
   4.2510000e+01   -0.06470626024000027
   4.2520000e+01   -0.04417338274000027
   4.2530000e+01   -0.021544717740000264
   4.2540000e+01   0.0014856412599997398
   4.2550000e+01   0.02389114225999974
   4.2560000e+01   0.04506423125999974
   4.2570000e+01   0.06381210975999974
   4.2580000e+01   0.07918173725999973
   4.2590000e+01   0.09296099825999973
   4.2600000e+01   0.10990914775999974
   4.2610000e+01   0.13395619175999973
   4.2620000e+01   0.16438258725999974
   4.2630000e+01   0.19634959925999973
   4.2640000e+01   0.22487461325999974
   4.2650000e+01   0.24829260625999974
   4.2660000e+01   0.26860068725999975
   4.2670000e+01   0.28847834775999975
   4.2680000e+01   0.30766745775999976
   4.2690000e+01   0.3232372972599998
   4.2700000e+01   0.3340312038599998
   4.2710000e+01   0.3427830651099998
   4.2720000e+01   0.3519046132099998
   4.2730000e+01   0.35920023555999975
   4.2740000e+01  0.3606283200099997
   4.2750000e+01  0.3559573036099997
   4.2760000e+01  0.34878438950999974
   4.2770000e+01  0.34203411760999974
   4.2780000e+01  0.3363603973099997
   4.2790000e+01  0.33234740265999974
   4.2800000e+01   0.33147305595999976
   4.2810000e+01   0.33440469370999976
   4.2820000e+01   0.33944316615999975
   4.2830000e+01   0.34286786140999975
   4.2840000e+01  0.34131694400999973
   4.2850000e+01  0.3350960784599997
   4.2860000e+01  0.32856358720999973
   4.2870000e+01  0.32535074185999974
   4.2880000e+01  0.3239526196599997
   4.2890000e+01  0.32044781355999974
   4.2900000e+01  0.3145698890599997
   4.2910000e+01  0.3098503122599997
   4.2920000e+01   0.3083398949534997
   4.2930000e+01   0.3088250901869997
   4.2940000e+01   0.31045101902699973
   4.2950000e+01   0.3147520483769997
   4.2960000e+01   0.3231932571269997
   4.2970000e+01   0.3350139051269997
   4.2980000e+01   0.3483444296269997
   4.2990000e+01   0.3621145261269997
   4.3000000e+01   0.37658996112699966
   4.3010000e+01   0.39292173162699967
   4.3020000e+01   0.4120306776269997
   4.3030000e+01   0.4333448246269997
   4.3040000e+01   0.4550261816269997
   4.3050000e+01   0.4757948831269997
   4.3060000e+01   0.4960390496269997
   4.3070000e+01   0.5169793991269996
   4.3080000e+01   0.5390830796269996
   4.3090000e+01   0.5610340801269996
   4.3100000e+01   0.5801140186269996
   4.3110000e+01   0.5945342216269996
   4.3120000e+01   0.6055896246269996
   4.3130000e+01   0.6159097306269996
   4.3140000e+01   0.6251784881769996
   4.3150000e+01   0.6298604555769997
   4.3160000e+01  0.6282522257769997
   4.3170000e+01  0.6236924216269997
   4.3180000e+01   0.6217139524969997
   4.3190000e+01   0.6262233643669997
   4.3200000e+01   0.6392573188669997
   4.3210000e+01   0.6612340898669996
   4.3220000e+01   0.6890107028669996
   4.3230000e+01   0.7156023978669996
   4.3240000e+01   0.7343486453669996
   4.3250000e+01   0.7431784494669996
   4.3260000e+01  0.7443913051669996
   4.3270000e+01  0.7418313844169996
   4.3280000e+01  0.7393496446669996
   4.3290000e+01   0.7405877329169996
   4.3300000e+01   0.7481812915669996
   4.3310000e+01   0.7623666965669996
   4.3320000e+01   0.7805561205669996
   4.3330000e+01   0.7991328375669996
   4.3340000e+01   0.8168131200669996
   4.3350000e+01   0.8362169505669996
   4.3360000e+01   0.8608963180669996
   4.3370000e+01   0.8907437985669996
   4.3380000e+01   0.9218546600669996
   4.3390000e+01   0.9511480970669995
   4.3400000e+01   0.9791685810669996
   4.3410000e+01   1.0075610180669996
   4.3420000e+01   1.0360211980669995
   4.3430000e+01   1.0634257925669997
   4.3440000e+01   1.0901121500669997
