   0.0000000e+00   1.2874118e-9
   1.0000000e-02   9.209527100000001e-9
   2.0000000e-02   3.03729356e-8
   3.0000000e-02   6.31149356e-8
   4.0000000e-02   9.747826410000001e-8
   5.0000000e-02   1.275847721e-7
   6.0000000e-02   1.559451566e-7
   7.0000000e-02   1.855710051e-7
   8.0000000e-02   2.156832391e-7
   9.0000000e-02   2.448580171e-7
   1.0000000e-01   2.7331365110000003e-7
   1.1000000e-01   3.0171267310000005e-7
   1.2000000e-01   3.3002052360000005e-7
   1.3000000e-01   3.5793816060000006e-7
   1.4000000e-01   3.8545529110000005e-7
   1.5000000e-01   4.127071276000001e-7
   1.6000000e-01   4.3971235760000006e-7
   1.7000000e-01   4.6641327610000005e-7
   1.8000000e-01   4.927974611e-7
   1.9000000e-01   5.188909901e-7
   2.0000000e-01   5.447027806e-7
   2.1000000e-01   5.702224376e-7
   2.2000000e-01   5.954454591e-7
   2.3000000e-01   6.203766050999999e-7
   2.4000000e-01   6.450185815999999e-7
   2.5000000e-01   6.693694590999999e-7
   2.6000000e-01   6.934277001e-7
   2.7000000e-01   7.171937595999999e-7
   2.8000000e-01   7.406679250999999e-7
   2.9000000e-01   7.638495200999999e-7
   3.0000000e-01   7.867377315999999e-7
   3.1000000e-01   8.093317515999999e-7
   3.2000000e-01   8.316305295999999e-7
   3.3000000e-01   8.536331190999999e-7
   3.4000000e-01   8.753387635999999e-7
   3.5000000e-01   8.967463185999999e-7
   3.6000000e-01   9.178541780999999e-7
   3.7000000e-01   9.386608785999999e-7
   3.8000000e-01   9.591651715999998e-7
   3.9000000e-01   9.793654990999999e-7
   4.0000000e-01   9.992599405999999e-7
   4.1000000e-01   1.0188465826e-6
   4.2000000e-01   1.0381235060999999e-6
   4.3000000e-01   1.0570886120999999e-6
   4.4000000e-01   1.0757396980999998e-6
   4.5000000e-01   1.0940744710999997e-6
   4.6000000e-01   1.1120905080999996e-6
   4.7000000e-01   1.1297853750999996e-6
   4.8000000e-01   1.1471566665999995e-6
   4.9000000e-01   1.1642018705999996e-6
   5.0000000e-01   1.1809181715999995e-6
   5.1000000e-01   1.1973024080999994e-6
   5.2000000e-01   1.2133514500999994e-6
   5.3000000e-01   1.2290625240999995e-6
   5.4000000e-01   1.2444328335999995e-6
   5.5000000e-01   1.2594590655999994e-6
   5.6000000e-01   1.2741376315999994e-6
   5.7000000e-01   1.2884651830999995e-6
   5.8000000e-01   1.3024385650999995e-6
   5.9000000e-01   1.3160543250999994e-6
   6.0000000e-01   1.3293085525999994e-6
   6.1000000e-01   1.3421973355999994e-6
   6.2000000e-01   1.3547171060999994e-6
   6.3000000e-01   1.3668643485999994e-6
   6.4000000e-01   1.3786352370999995e-6
   6.5000000e-01   1.3900257285999996e-6
   6.6000000e-01   1.4010317865999995e-6
   6.7000000e-01   1.4116492840999995e-6
   6.8000000e-01   1.4218738910999994e-6
   6.9000000e-01   1.4317013601999994e-6
   7.0000000e-01   1.4411277426499994e-6
   7.1000000e-01   1.4501490334999995e-6
   7.2000000e-01   1.4587607345999996e-6
   7.3000000e-01   1.4669580909999996e-6
   7.4000000e-01   1.4747366206499996e-6
   7.5000000e-01   1.4820920334499996e-6
   7.6000000e-01   1.4890198899999996e-6
   7.7000000e-01   1.4955156432999996e-6
   7.8000000e-01   1.5015747221999997e-6
   7.9000000e-01   1.5071925159499998e-6
   8.0000000e-01   1.5123644222499997e-6
   8.1000000e-01   1.5170857844499997e-6
   8.2000000e-01   1.5213518576499997e-6
   8.3000000e-01   1.5251579204999996e-6
   8.4000000e-01   1.5284992265999996e-6
   8.5000000e-01   1.5313709840999997e-6
   8.6000000e-01   1.5337685460499998e-6
   8.7000000e-01   1.5356872836499998e-6
   8.8000000e-01   1.53712226865e-6
   8.9000000e-01   1.538068500645e-6
   9.0000000e-01   1.538521299755e-6
   9.1000000e-01  1.538476165415e-6
   9.2000000e-01  1.53792849002e-6
   9.3000000e-01  1.53687355223e-6
   9.4000000e-01  1.53530656593e-6
   9.5000000e-01  1.5332226868299999e-6
   9.6000000e-01  1.53061711953e-6
   9.7000000e-01  1.5274852160799999e-6
   9.8000000e-01  1.52382243763e-6
   9.9000000e-01  1.51962434318e-6
   1.0000000e+00  1.51488652558e-6
   1.0100000e+00  1.50960439948e-6
   1.0200000e+00  1.50377324318e-6
   1.0300000e+00  1.49738851553e-6
   1.0400000e+00  1.4904459616799999e-6
   1.0500000e+00  1.48294143543e-6
   1.0600000e+00  1.47487070443e-6
   1.0700000e+00  1.46622946463e-6
   1.0800000e+00  1.45701355493e-6
   1.0900000e+00  1.4472189809300002e-6
   1.1000000e+00  1.43684173393e-6
   1.1100000e+00  1.42587783943e-6
   1.1200000e+00  1.41432349143e-6
   1.1300000e+00  1.40217500193e-6
   1.1400000e+00  1.38942873093e-6
   1.1500000e+00  1.37608106093e-6
   1.1600000e+00  1.36212842493e-6
   1.1700000e+00  1.34756740293e-6
   1.1800000e+00  1.3323947229299999e-6
   1.1900000e+00  1.31660713193e-6
   1.2000000e+00  1.30020141793e-6
   1.2100000e+00  1.28317463893e-6
   1.2200000e+00  1.26552418143e-6
   1.2300000e+00  1.24724753343e-6
   1.2400000e+00  1.2283420614299998e-6
   1.2500000e+00  1.2088050439299998e-6
   1.2600000e+00  1.1886339429299999e-6
   1.2700000e+00  1.16782655043e-6
   1.2800000e+00  1.14638087793e-6
   1.2900000e+00  1.12429507243e-6
   1.3000000e+00  1.10156737243e-6
   1.3100000e+00  1.0781960934300001e-6
   1.3200000e+00  1.05417976793e-6
   1.3300000e+00  1.0295171709300001e-6
   1.3400000e+00  1.00420709043e-6
   1.3500000e+00  9.782483299300001e-7
   1.3600000e+00  9.516400889300001e-7
   1.3700000e+00  9.243820189300001e-7
   1.3800000e+00  8.964737834300001e-7
   1.3900000e+00  8.679149139300001e-7
   1.4000000e+00  8.387051099300002e-7
   1.4100000e+00  8.088444134300001e-7
   1.4200000e+00  7.783331899300002e-7
   1.4300000e+00  7.471720584300002e-7
   1.4400000e+00  7.153617224300002e-7
   1.4500000e+00  6.829028919300002e-7
   1.4600000e+00  6.497964944300002e-7
   1.4700000e+00  6.160438909300002e-7
   1.4800000e+00  5.816467599300002e-7
   1.4900000e+00  5.466068379300003e-7
   1.5000000e+00  5.109259229300003e-7
   1.5100000e+00  4.7460608793000033e-7
   1.5200000e+00  4.3764973193000034e-7
   1.5300000e+00  4.0005947943000036e-7
   1.5400000e+00  3.6183818593000035e-7
   1.5500000e+00  3.2298896593000037e-7
   1.5600000e+00  2.835151099300004e-7
   1.5700000e+00  2.434200864300004e-7
   1.5800000e+00  2.027076669300004e-7
   1.5900000e+00  1.613819719300004e-7
   1.6000000e+00  1.1944741143000038e-7
   1.6100000e+00  7.690855743000038e-8
   1.6200000e+00  3.377011793000037e-8
   1.6300000e+00  -9.962933569999635e-9
   1.6400000e+00  -5.4285377069999634e-8
   1.6500000e+00  -9.919172406999963e-8
   1.6600000e+00  -1.4467596056999963e-7
   1.6700000e+00  -1.9073165056999964e-7
   1.6800000e+00  -2.3735237456999965e-7
   1.6900000e+00  -2.8453170256999965e-7
   1.7000000e+00  -3.3226282206999965e-7
   1.7100000e+00  -3.805385510699997e-7
   1.7200000e+00  -4.293514805699997e-7
   1.7300000e+00  -4.786937420699997e-7
   1.7400000e+00  -5.285570370699997e-7
   1.7500000e+00  -5.789330975699997e-7
   1.7600000e+00  -6.298135360699997e-7
   1.7700000e+00  -6.811892755699997e-7
   1.7800000e+00  -7.330508040699997e-7
   1.7900000e+00  -7.853888195699997e-7
   1.8000000e+00  -8.381939485699997e-7
   1.8100000e+00  -8.914560380699998e-7
   1.8200000e+00  -9.451642905699998e-7
   1.8300000e+00  -9.993078730699998e-7
   1.8400000e+00  -1.05387597607e-6
   1.8500000e+00  -1.10885746257e-6
   1.8600000e+00  -1.1642407665699999e-6
   1.8700000e+00  -1.22001400857e-6
   1.8800000e+00  -1.27616501957e-6
   1.8900000e+00  -1.3326812985700001e-6
   1.9000000e+00  -1.3895499675700001e-6
   1.9100000e+00  -1.44675787557e-6
   1.9200000e+00  -1.50429180707e-6
   1.9300000e+00  -1.56213830507e-6
   1.9400000e+00  -1.62028326557e-6
   1.9500000e+00  -1.67871201857e-6
   1.9600000e+00  -1.7374097880699999e-6
   1.9700000e+00  -1.7963618460699998e-6
   1.9800000e+00  -1.8555532445699999e-6
   1.9900000e+00  -1.91496855207e-6
   2.0000000e+00  -1.9745918280699998e-6
   2.0100000e+00  -2.03440683107e-6
   2.0200000e+00  -2.09439727407e-6
   2.0300000e+00  -2.15454665157e-6
   2.0400000e+00  -2.21483785457e-6
   2.0500000e+00  -2.27525341607e-6
   2.0600000e+00  -2.33577594507e-6
   2.0700000e+00  -2.39638778307e-6
   2.0800000e+00  -2.45707055557e-6
   2.0900000e+00  -2.51780553857e-6
   2.1000000e+00  -2.57857413307e-6
   2.1100000e+00  -2.63935759457e-6
   2.1200000e+00  -2.70013657857e-6
   2.1300000e+00  -2.7608912625699998e-6
   2.1400000e+00  -2.82160170707e-6
   2.1500000e+00  -2.8822478930699998e-6
   2.1600000e+00  -2.9428095285699997e-6
   2.1700000e+00  -3.00326593457e-6
   2.1800000e+00  -3.06359612857e-6
   2.1900000e+00  -3.12377893707e-6
   2.2000000e+00  -3.18379294057e-6
   2.2100000e+00  -3.24361638257e-6
   2.2200000e+00  -3.30322723507e-6
   2.2300000e+00  -3.36260338257e-6
   2.2400000e+00  -3.42172258357e-6
   2.2500000e+00  -3.48056214057e-6
   2.2600000e+00  -3.53909896307e-6
   2.2700000e+00  -3.59730999357e-6
   2.2800000e+00  -3.65517207657e-6
   2.2900000e+00  -3.71266158007e-6
   2.3000000e+00  -3.76975458807e-6
   2.3100000e+00  -3.82642711507e-6
   2.3200000e+00  -3.88265492207e-6
   2.3300000e+00  -3.9384136065700005e-6
   2.3400000e+00  -3.99367880257e-6
   2.3500000e+00  -4.04842583757e-6
   2.3600000e+00  -4.10262951207e-6
   2.3700000e+00  -4.15626441557e-6
   2.3800000e+00  -4.2093052030700005e-6
   2.3900000e+00  -4.261726856570001e-6
   2.4000000e+00  -4.313504403570001e-6
   2.4100000e+00  -4.364611769070001e-6
   2.4200000e+00  -4.415022324570001e-6
   2.4300000e+00  -4.464710646070001e-6
   2.4400000e+00  -4.513650812570001e-6
   2.4500000e+00  -4.561814417570001e-6
   2.4600000e+00  -4.6091740330700005e-6
   2.4700000e+00  -4.65570588357e-6
   2.4800000e+00  -4.7013860410700006e-6
   2.4900000e+00  -4.74618660157e-6
   2.5000000e+00  -4.79007743157e-6
   2.5100000e+00  -4.83303065357e-6
   2.5200000e+00  -4.87502207007e-6
   2.5300000e+00  -4.91602722657e-6
   2.5400000e+00  -4.95601733257e-6
   2.5500000e+00  -4.99496179057e-6
   2.5600000e+00  -5.03283417207e-6
   2.5700000e+00  -5.0696118305699994e-6
   2.5800000e+00  -5.105269327069999e-6
   2.5900000e+00  -5.139776110069999e-6
   2.6000000e+00  -5.173101373569999e-6
   2.6100000e+00  -5.205218655069999e-6
   2.6200000e+00  -5.236104591569999e-6
   2.6300000e+00  -5.265733756069999e-6
   2.6400000e+00  -5.2940768880699995e-6
   2.6500000e+00  -5.321104714069999e-6
   2.6600000e+00  -5.34679012057e-6
   2.6700000e+00  -5.37110664207e-6
   2.6800000e+00  -5.39402852507e-6
   2.6900000e+00  -5.4155314775700005e-6
   2.7000000e+00  -5.4355906055700005e-6
   2.7100000e+00  -5.45417852107e-6
   2.7200000e+00  -5.47126693407e-6
   2.7300000e+00  -5.4868290105699995e-6
   2.7400000e+00  -5.500838936069999e-6
   2.7500000e+00  -5.513269946069999e-6
   2.7600000e+00  -5.524095105569999e-6
   2.7700000e+00  -5.5332903952699985e-6
   2.7800000e+00  -5.540833508019999e-6
   2.7900000e+00  -5.546699434069999e-6
   2.8000000e+00  -5.5508616062199985e-6
   2.8100000e+00  -5.553295867419999e-6
   2.8200000e+00   -5.553979134509999e-6
   2.8300000e+00   -5.552886803599999e-6
   2.8400000e+00   -5.549994144749999e-6
   2.8500000e+00   -5.545277818849998e-6
   2.8600000e+00   -5.538714991549999e-6
   2.8700000e+00   -5.530282655349999e-6
   2.8800000e+00   -5.519958108949999e-6
   2.8900000e+00   -5.507719228949999e-6
   2.9000000e+00   -5.4935443064499985e-6
   2.9100000e+00   -5.477411953449999e-6
   2.9200000e+00   -5.459301085449999e-6
   2.9300000e+00   -5.439190951449999e-6
   2.9400000e+00   -5.4170611464499995e-6
   2.9500000e+00   -5.392891597449999e-6
   2.9600000e+00   -5.36666271745e-6
   2.9700000e+00   -5.33835559745e-6
   2.9800000e+00   -5.30795187045e-6
   2.9900000e+00   -5.27543334945e-6
   3.0000000e+00   -5.2407820794499996e-6
   3.0100000e+00   -5.20398079995e-6
   3.0200000e+00   -5.16501301845e-6
   3.0300000e+00   -5.12386271145e-6
   3.0400000e+00   -5.08051424895e-6
   3.0500000e+00   -5.0349524359499996e-6
   3.0600000e+00   -4.987162540449999e-6
   3.0700000e+00   -4.9371305609499996e-6
   3.0800000e+00   -4.884843411949999e-6
   3.0900000e+00   -4.8302886064499995e-6
   3.1000000e+00   -4.7734539069499995e-6
   3.1100000e+00   -4.714327464449999e-6
   3.1200000e+00   -4.652898319449999e-6
   3.1300000e+00   -4.5891566014499994e-6
   3.1400000e+00   -4.523092900949999e-6
   3.1500000e+00   -4.454697829449999e-6
   3.1600000e+00   -4.38396278545e-6
   3.1700000e+00   -4.310880626449999e-6
   3.1800000e+00   -4.2354450499499995e-6
   3.1900000e+00   -4.1576498124499995e-6
   3.2000000e+00   -4.07748907545e-6
   3.2100000e+00   -3.9949582159499996e-6
   3.2200000e+00   -3.9100537119499995e-6
   3.2300000e+00   -3.8227725289499995e-6
   3.2400000e+00   -3.7331122839499996e-6
   3.2500000e+00   -3.6410716069499994e-6
   3.2600000e+00   -3.5466498784499993e-6
   3.2700000e+00   -3.4498471119499994e-6
   3.2800000e+00   -3.3506642844499994e-6
   3.2900000e+00   -3.2491033994499995e-6
   3.3000000e+00   -3.1451672094499993e-6
   3.3100000e+00   -3.038859124449999e-6
   3.3200000e+00   -2.930183504449999e-6
   3.3300000e+00   -2.819145909449999e-6
   3.3400000e+00   -2.705752769449999e-6
   3.3500000e+00   -2.590011014449999e-6
   3.3600000e+00   -2.471928579449999e-6
   3.3700000e+00   -2.351514819449999e-6
   3.3800000e+00   -2.228779799449999e-6
   3.3900000e+00   -2.1037340244499986e-6
   3.4000000e+00   -1.9763893444499987e-6
   3.4100000e+00   -1.8467591044499987e-6
   3.4200000e+00   -1.7148573244499986e-6
   3.4300000e+00   -1.5806986744499986e-6
   3.4400000e+00   -1.4442989644499985e-6
   3.4500000e+00   -1.3056750294499985e-6
   3.4600000e+00   -1.1648445794499984e-6
   3.4700000e+00   -1.0218265894499984e-6
   3.4800000e+00   -8.766414044499984e-7
   3.4900000e+00   -7.293101644499984e-7
   3.5000000e+00   -5.798545744499984e-7
   3.5100000e+00   -4.282974894499984e-7
   3.5200000e+00   -2.746632444499984e-7
   3.5300000e+00   -1.189771094499984e-7
   3.5400000e+00   3.873484055000164e-8
   3.5500000e+00   1.9844481055000163e-7
   3.5600000e+00   3.601233705500016e-7
   3.5700000e+00   5.237409355500016e-7
   3.5800000e+00   6.892674905500016e-7
   3.5900000e+00   8.566708755500017e-7
   3.6000000e+00   1.0259173855500016e-6
   3.6100000e+00   1.1969735255500017e-6
   3.6200000e+00   1.3698051455500017e-6
   3.6300000e+00   1.5443760955500018e-6
   3.6400000e+00   1.7206497355500018e-6
   3.6500000e+00   1.8985890005500018e-6
   3.6600000e+00   2.0781527855500018e-6
   3.6700000e+00   2.259296290550002e-6
   3.6800000e+00   2.4419765955500018e-6
   3.6900000e+00   2.626154065550002e-6
   3.7000000e+00   2.811787435550002e-6
   3.7100000e+00   2.998830070550002e-6
   3.7200000e+00   3.187232225550002e-6
   3.7300000e+00   3.376945980550002e-6
   3.7400000e+00   3.567925705550002e-6
   3.7500000e+00   3.760123390550002e-6
   3.7600000e+00   3.953486185550002e-6
   3.7700000e+00   4.147959120550002e-6
   3.7800000e+00   4.343488290550002e-6
   3.7900000e+00   4.540020850550002e-6
   3.8000000e+00   4.737502770550002e-6
   3.8100000e+00   4.935876925550002e-6
   3.8200000e+00   5.135083475550002e-6
   3.8300000e+00   5.335062905550002e-6
   3.8400000e+00   5.535757125550002e-6
   3.8500000e+00   5.7371057605500024e-6
   3.8600000e+00   5.939045140550002e-6
   3.8700000e+00   6.1415124605500025e-6
   3.8800000e+00   6.344445590550002e-6
   3.8900000e+00   6.547778590550002e-6
   3.9000000e+00   6.751442115550002e-6
   3.9100000e+00   6.955367315550002e-6
   3.9200000e+00   7.159486960550002e-6
   3.9300000e+00   7.363733780550002e-6
   3.9400000e+00   7.568037760550002e-6
   3.9500000e+00   7.772324885550003e-6
   3.9600000e+00   7.976520315550002e-6
   3.9700000e+00   8.180551950550003e-6
   3.9800000e+00   8.384347805550002e-6
   3.9900000e+00   8.587831515550002e-6
   4.0000000e+00   8.790923855550003e-6
   4.0100000e+00   8.993546345550003e-6
   4.0200000e+00   9.195620990550004e-6
   4.0300000e+00   9.397069025550004e-6
   4.0400000e+00   9.597810955550005e-6
   4.0500000e+00   9.797766320550005e-6
   4.0600000e+00   9.996852815550004e-6
   4.0700000e+00   1.0194985925550005e-5
   4.0800000e+00   1.0392080575550004e-5
   4.0900000e+00   1.0588052805550005e-5
   4.1000000e+00   1.0782818425550005e-5
   4.1100000e+00   1.0976291655550005e-5
   4.1200000e+00   1.1168385620550005e-5
   4.1300000e+00   1.1359012255550005e-5
   4.1400000e+00   1.1548082470550005e-5
   4.1500000e+00   1.1735507110550006e-5
   4.1600000e+00   1.1921196650550005e-5
   4.1700000e+00   1.2105060295550005e-5
   4.1800000e+00   1.2287006450550005e-5
   4.1900000e+00   1.2466944070550006e-5
   4.2000000e+00   1.2644782230550005e-5
   4.2100000e+00   1.2820428215550005e-5
   4.2200000e+00   1.2993787905550005e-5
   4.2300000e+00   1.3164767200550005e-5
   4.2400000e+00   1.3333271620550005e-5
   4.2500000e+00   1.3499206830550005e-5
   4.2600000e+00   1.3662478995550005e-5
   4.2700000e+00   1.3822992100550005e-5
   4.2800000e+00   1.3980647815550005e-5
   4.2900000e+00   1.4135348905550005e-5
   4.3000000e+00   1.4286999360550004e-5
   4.3100000e+00   1.4435502770550004e-5
   4.3200000e+00   1.4580762970550004e-5
   4.3300000e+00   1.4722683670550005e-5
   4.3400000e+00   1.4861167225550004e-5
   4.3500000e+00   1.4996115525550005e-5
   4.3600000e+00   1.5127430340550005e-5
   4.3700000e+00   1.5255012935550006e-5
   4.3800000e+00   1.5378765550550006e-5
   4.3900000e+00   1.5498591020550005e-5
   4.4000000e+00   1.5614390340550007e-5
   4.4100000e+00   1.5726064595550007e-5
   4.4200000e+00   1.5833517690550007e-5
   4.4300000e+00   1.5936652885550007e-5
   4.4400000e+00   1.6035370200050006e-5
   4.4500000e+00   1.6129570688550007e-5
   4.4600000e+00   1.6219159070050008e-5
   4.4700000e+00   1.6304040360550007e-5
   4.4800000e+00   1.6384117415550008e-5
   4.4900000e+00   1.6459292654550007e-5
   4.5000000e+00   1.652947023305001e-5
   4.5100000e+00   1.659455552355001e-5
   4.5200000e+00   1.665445365755001e-5
   4.5300000e+00   1.670907001255001e-5
   4.5400000e+00   1.675831096705001e-5
   4.5500000e+00   1.680208333755001e-5
   4.5600000e+00   1.6840294378050007e-5
   4.5700000e+00   1.6872852085050007e-5
   4.5800000e+00   1.6899664811550007e-5
   4.5900000e+00   1.6920641486050006e-5
   4.6000000e+00   1.6935691856550006e-5
   4.6100000e+00   1.6944726408650007e-5
   4.6200000e+00  1.6947657884825006e-5
   4.6300000e+00  1.6944401965100005e-5
   4.6400000e+00  1.6934874140800005e-5
   4.6500000e+00  1.6918987709300006e-5
   4.6600000e+00  1.6896656661800005e-5
   4.6700000e+00  1.6867798258300003e-5
   4.6800000e+00  1.6832331169300002e-5
   4.6900000e+00  1.6790173622300002e-5
   4.7000000e+00  1.67412456988e-5
   4.7100000e+00  1.66854713133e-5
   4.7200000e+00  1.66227761038e-5
   4.7300000e+00  1.65530853888e-5
   4.7400000e+00  1.64763245013e-5
   4.7500000e+00  1.6392419753799998e-5
   4.7600000e+00  1.63013000333e-5
   4.7700000e+00  1.62028974253e-5
   4.7800000e+00  1.60971453003e-5
   4.7900000e+00  1.5983977295299997e-5
   4.8000000e+00  1.5863328905299996e-5
   4.8100000e+00  1.5735138155299996e-5
   4.8200000e+00  1.5599344480299996e-5
   4.8300000e+00  1.5455889500299995e-5
   4.8400000e+00  1.5304718475299994e-5
   4.8500000e+00  1.5145777610299993e-5
   4.8600000e+00  1.4979011305299994e-5
   4.8700000e+00  1.4804365950299993e-5
   4.8800000e+00  1.4621794630299993e-5
   4.8900000e+00  1.4431254250299992e-5
   4.9000000e+00  1.4232700415299992e-5
   4.9100000e+00  1.4026088925299991e-5
   4.9200000e+00  1.381137999529999e-5
   4.9300000e+00  1.358853844029999e-5
   4.9400000e+00  1.3357530865299991e-5
   4.9500000e+00  1.311832359029999e-5
   4.9600000e+00  1.287088361529999e-5
   4.9700000e+00  1.2615182130299991e-5
   4.9800000e+00  1.235119676029999e-5
   4.9900000e+00  1.2078909140299991e-5
   5.0000000e+00  1.179830037529999e-5
   5.0100000e+00  1.1509351020299991e-5
   5.0200000e+00  1.121204539029999e-5
   5.0300000e+00  1.090637301029999e-5
   5.0400000e+00  1.059232624529999e-5
   5.0500000e+00  1.0269899655299991e-5
   5.0600000e+00  9.93909137529999e-6
   5.0700000e+00  9.59990260529999e-6
   5.0800000e+00  9.25233607029999e-6
   5.0900000e+00  8.89639692029999e-6
   5.1000000e+00  8.53209483529999e-6
   5.1100000e+00  8.15944367029999e-6
   5.1200000e+00  7.77845983529999e-6
   5.1300000e+00  7.389162590299991e-6
   5.1400000e+00  6.991574530299991e-6
   5.1500000e+00  6.585720480299991e-6
   5.1600000e+00  6.171628170299991e-6
   5.1700000e+00  5.749331215299991e-6
   5.1800000e+00  5.3188686152999905e-6
   5.1900000e+00  4.8802801802999905e-6
   5.2000000e+00  4.43360557529999e-6
   5.2100000e+00  3.97888939529999e-6
   5.2200000e+00  3.5161847652999903e-6
   5.2300000e+00  3.04554936029999e-6
   5.2400000e+00  2.56703899529999e-6
   5.2500000e+00  2.08070979529999e-6
   5.2600000e+00  1.5866259602999902e-6
   5.2700000e+00  1.0848592752999902e-6
   5.2800000e+00  5.754828152999902e-7
   5.2900000e+00  5.857072029999021e-8
   5.3000000e+00  -4.6579811970000985e-7
   5.3100000e+00  -9.975396597000098e-7
   5.3200000e+00  -1.5365664547000097e-6
   5.3300000e+00  -2.0827876797000097e-6
   5.3400000e+00  -2.63610800470001e-6
   5.3500000e+00  -3.19642797970001e-6
   5.3600000e+00  -3.76364471470001e-6
   5.3700000e+00  -4.33765103470001e-6
   5.3800000e+00  -4.91833514470001e-6
   5.3900000e+00  -5.5055819247000096e-6
   5.4000000e+00  -6.099272959700009e-6
   5.4100000e+00  -6.699284764700009e-6
   5.4200000e+00  -7.305489459700009e-6
   5.4300000e+00  -7.917757069700008e-6
   5.4400000e+00  -8.535953949700007e-6
   5.4500000e+00  -9.159939904700008e-6
   5.4600000e+00  -9.789570344700007e-6
   5.4700000e+00  -1.0424699699700007e-5
   5.4800000e+00  -1.1065178859700007e-5
   5.4900000e+00  -1.1710850459700007e-5
   5.5000000e+00  -1.2361550824700006e-5
   5.5100000e+00  -1.3017115884700005e-5
   5.5200000e+00  -1.3677380309700005e-5
   5.5300000e+00  -1.4342171819700006e-5
   5.5400000e+00  -1.5011312219700007e-5
   5.5500000e+00  -1.5684622824700008e-5
   5.5600000e+00  -1.6361922679700006e-5
   5.5700000e+00  -1.7043022139700005e-5
   5.5800000e+00  -1.7727724284700003e-5
   5.5900000e+00  -1.8415831979700003e-5
   5.6000000e+00  -1.9107147404700003e-5
   5.6100000e+00  -1.9801466694700005e-5
   5.6200000e+00  -2.0498580459700006e-5
   5.6300000e+00  -2.1198275689700004e-5
   5.6400000e+00  -2.1900334124700005e-5
   5.6500000e+00  -2.2604533349700006e-5
   5.6600000e+00  -2.3310649579700005e-5
   5.6700000e+00  -2.4018455944700004e-5
   5.6800000e+00  -2.4727720604700004e-5
   5.6900000e+00  -2.5438207889700005e-5
   5.7000000e+00  -2.6149677389700006e-5
   5.7100000e+00  -2.6861882944700005e-5
   5.7200000e+00  -2.7574576009700004e-5
   5.7300000e+00  -2.8287507574700005e-5
   5.7400000e+00  -2.9000424834700005e-5
   5.7500000e+00  -2.9713069949700005e-5
   5.7600000e+00  -3.0425182439700006e-5
   5.7700000e+00  -3.113649197970001e-5
   5.7800000e+00  -3.1846710579700007e-5
   5.7900000e+00  -3.2555554504700006e-5
   5.8000000e+00  -3.326276980970001e-5
   5.8100000e+00  -3.396810600970001e-5
   5.8200000e+00  -3.4671271479700015e-5
   5.8300000e+00  -3.537194839470002e-5
   5.8400000e+00  -3.6069844874700017e-5
   5.8500000e+00  -3.676469893970002e-5
   5.8600000e+00  -3.7456229919700014e-5
   5.8700000e+00  -3.8144109959700016e-5
   5.8800000e+00  -3.882799955970002e-5
   5.8900000e+00  -3.9507602759700015e-5
   5.9000000e+00  -4.0182658054700015e-5
   5.9100000e+00  -4.0852874219700016e-5
   5.9200000e+00  -4.151790960970002e-5
   5.9300000e+00  -4.2177416214700014e-5
   5.9400000e+00  -4.283107162970001e-5
   5.9500000e+00  -4.347856690970001e-5
   5.9600000e+00  -4.411959058970001e-5
   5.9700000e+00  -4.475382829470001e-5
   5.9800000e+00  -4.538095736470001e-5
   5.9900000e+00  -4.600063786970001e-5
   6.0000000e+00  -4.661252259970001e-5
   6.0100000e+00  -4.721627542470001e-5
   6.0200000e+00  -4.781156910470001e-5
   6.0300000e+00  -4.8398064099700015e-5
   6.0400000e+00  -4.8975402764700014e-5
   6.0500000e+00  -4.954323919470001e-5
   6.0600000e+00  -5.010125845470001e-5
   6.0700000e+00  -5.064913622970001e-5
   6.0800000e+00  -5.118649954970001e-5
   6.0900000e+00  -5.171296564970001e-5
   6.1000000e+00  -5.222819889970001e-5
   6.1100000e+00  -5.273189569470001e-5
   6.1200000e+00  -5.322372696470001e-5
   6.1300000e+00  -5.370331739470001e-5
   6.1400000e+00  -5.417028177970001e-5
   6.1500000e+00  -5.462426841970001e-5
   6.1600000e+00  -5.506495238970001e-5
   6.1700000e+00  -5.5491993929700006e-5
   6.1800000e+00  -5.5905023739700006e-5
   6.1900000e+00  -5.6303668709700006e-5
   6.2000000e+00  -5.6687574499700004e-5
   6.2100000e+00  -5.70564007447e-5
   6.2200000e+00  -5.74098101497e-5
   6.2300000e+00  -5.77474652497e-5
   6.2400000e+00  -5.80690204547e-5
   6.2500000e+00  -5.83741140897e-5
   6.2600000e+00  -5.8662379604700004e-5
   6.2700000e+00  -5.8933463559700005e-5
   6.2800000e+00  -5.91870269147e-5
   6.2900000e+00  -5.94227326647e-5
   6.3000000e+00  -5.9640231354700004e-5
   6.3100000e+00  -5.9839160669700005e-5
   6.3200000e+00  -6.001917273970001e-5
   6.3300000e+00  -6.017995474970001e-5
   6.3400000e+00  -6.032119822970001e-5
   6.3500000e+00  -6.044255616970001e-5
   6.3600000e+00  -6.054366419620001e-5
   6.3700000e+00  -6.062419676320001e-5
   6.3800000e+00  -6.0683856386700014e-5
   6.3900000e+00  -6.0722316770200015e-5
   6.4000000e+00  -6.073923301415002e-5
   6.4100000e+00   -6.073429473110002e-5
   6.4200000e+00   -6.0707215284100016e-5
   6.4300000e+00   -6.0657684529600015e-5
   6.4400000e+00   -6.058537246660001e-5
   6.4500000e+00   -6.048996437760001e-5
   6.4600000e+00   -6.037116323760001e-5
   6.4700000e+00   -6.0228665447600005e-5
   6.4800000e+00   -6.0062165112600006e-5
   6.4900000e+00   -5.9871390687600005e-5
   6.5000000e+00   -5.965610342760001e-5
   6.5100000e+00   -5.9416042412600004e-5
   6.5200000e+00   -5.915090147760001e-5
   6.5300000e+00   -5.8860372957600007e-5
   6.5400000e+00   -5.854419308760001e-5
   6.5500000e+00   -5.8202135742600004e-5
   6.5600000e+00   -5.78339707976e-5
   6.5700000e+00   -5.74394439926e-5
   6.5800000e+00   -5.70183012076e-5
   6.5900000e+00   -5.6570311717600004e-5
   6.6000000e+00   -5.60952578126e-5
   6.6100000e+00   -5.55929193976e-5
   6.6200000e+00   -5.50630782076e-5
   6.6300000e+00   -5.45055269176e-5
   6.6400000e+00   -5.39200688976e-5
   6.6500000e+00   -5.33065143826e-5
   6.6600000e+00   -5.26646784776e-5
   6.6700000e+00   -5.1994381252599997e-5
   6.6800000e+00   -5.12954522126e-5
   6.6900000e+00   -5.0567733322599997e-5
   6.7000000e+00   -4.98110730676e-5
   6.7100000e+00   -4.90253224076e-5
   6.7200000e+00   -4.8210341522599996e-5
   6.7300000e+00   -4.7366005372599996e-5
   6.7400000e+00   -4.649220021259999e-5
   6.7500000e+00   -4.5588817542599995e-5
   6.7600000e+00   -4.4655752362599994e-5
   6.7700000e+00   -4.3692908842599995e-5
   6.7800000e+00   -4.2700206297599996e-5
   6.7900000e+00   -4.1677574797599994e-5
   6.8000000e+00   -4.062494989759999e-5
   6.8100000e+00   -3.9542279147599996e-5
   6.8200000e+00   -3.84295245476e-5
   6.8300000e+00   -3.7286652147599996e-5
   6.8400000e+00   -3.6113633447599995e-5
   6.8500000e+00   -3.491045854759999e-5
   6.8600000e+00   -3.3677131997599994e-5
   6.8700000e+00   -3.2413661547599995e-5
   6.8800000e+00   -3.112006494759999e-5
   6.8900000e+00   -2.979637934759999e-5
   6.9000000e+00   -2.844265314759999e-5
   6.9100000e+00   -2.705893629759999e-5
   6.9200000e+00   -2.564528959759999e-5
   6.9300000e+00   -2.420179789759999e-5
   6.9400000e+00   -2.272856164759999e-5
   6.9500000e+00   -2.1225680747599988e-5
   6.9600000e+00   -1.969326179759999e-5
   6.9700000e+00   -1.813143499759999e-5
   6.9800000e+00   -1.654034889759999e-5
   6.9900000e+00   -1.4920155297599991e-5
   7.0000000e+00   -1.327101329759999e-5
   7.0100000e+00   -1.1593102947599991e-5
   7.0200000e+00   -9.886623297599992e-6
   7.0300000e+00   -8.151780997599992e-6
   7.0400000e+00   -6.388789997599991e-6
   7.0500000e+00   -4.597879397599991e-6
   7.0600000e+00   -2.779292997599991e-6
   7.0700000e+00   -9.332860975999908e-7
   7.0800000e+00   9.398634524000091e-7
   7.0900000e+00   2.8398504024000088e-6
   7.1000000e+00   4.766369352400008e-6
   7.1100000e+00   6.7191276024000085e-6
   7.1200000e+00   8.697811602400008e-6
   7.1300000e+00   1.0702069202400009e-5
   7.1400000e+00   1.2731529252400009e-5
   7.1500000e+00   1.478581260240001e-5
   7.1600000e+00   1.686453270240001e-5
   7.1700000e+00   1.896729965240001e-5
   7.1800000e+00   2.109370865240001e-5
   7.1900000e+00   2.3243319752400007e-5
   7.2000000e+00   2.5415673402400007e-5
   7.2100000e+00   2.7610319252400007e-5
   7.2200000e+00   2.9826792302400007e-5
   7.2300000e+00   3.206458800240001e-5
   7.2400000e+00   3.4323199852400006e-5
   7.2500000e+00   3.6602132702400005e-5
   7.2600000e+00   3.8900853202400004e-5
   7.2700000e+00   4.1218777652400005e-5
   7.2800000e+00   4.35553197024e-5
   7.2900000e+00   4.5909910552400004e-5
   7.3000000e+00   4.828196695240001e-5
   7.3100000e+00   5.0670878252400005e-5
   7.3200000e+00   5.307602860240001e-5
   7.3300000e+00   5.549679345240001e-5
   7.3400000e+00   5.7932516202400005e-5
   7.3500000e+00   6.038251195240001e-5
   7.3600000e+00   6.284608375240001e-5
   7.3700000e+00   6.53225231524e-5
   7.3800000e+00   6.78111073524e-5
   7.3900000e+00   7.03111075024e-5
   7.4000000e+00   7.282179145240001e-5
   7.4100000e+00   7.534240800240001e-5
   7.4200000e+00   7.787217160240002e-5
   7.4300000e+00   8.041027630240001e-5
   7.4400000e+00   8.295592600240001e-5
   7.4500000e+00   8.55083202524e-5
   7.4600000e+00   8.806660935240001e-5
   7.4700000e+00   9.062990800240001e-5
   7.4800000e+00   9.319734810240001e-5
   7.4900000e+00   9.576807935240001e-5
   7.5000000e+00   9.834122815240001e-5
   7.5100000e+00   0.0001009158806024
   7.5200000e+00   0.00010349109965240001
   7.5300000e+00   0.0001060659437024
   7.5400000e+00   0.00010863946595240001
   7.5500000e+00   0.00011121070215240001
   7.5600000e+00   0.00011377866160240002
   7.5700000e+00   0.00011634234025240002
   7.5800000e+00   0.00011890074765240002
   7.5900000e+00   0.00012145289265240002
   7.6000000e+00   0.00012399774425240004
   7.6100000e+00   0.00012653424580240003
   7.6200000e+00   0.00012906134050240004
   7.6300000e+00   0.00013157795150240005
   7.6400000e+00   0.00013408298825240005
   7.6500000e+00   0.00013657537885240005
   7.6600000e+00   0.00013905404250240006
   7.6700000e+00   0.00014151784955240007
   7.6800000e+00   0.00014396565095240008
   7.6900000e+00   0.00014639631405240008
   7.7000000e+00   0.00014880869690240008
   7.7100000e+00   0.00015120162035240007
   7.7200000e+00   0.00015357389810240007
   7.7300000e+00   0.00015592436650240006
   7.7400000e+00   0.00015825185365240006
   7.7500000e+00   0.00016055515340240005
   7.7600000e+00   0.00016283304980240006
   7.7700000e+00   0.00016508432465240006
   7.7800000e+00   0.00016730774255240005
   7.7900000e+00   0.00016950206305240006
   7.8000000e+00   0.00017166605015240006
   7.8100000e+00   0.00017379845920240006
   7.8200000e+00   0.00017589803125240004
   7.8300000e+00   0.00017796349510240005
   7.8400000e+00   0.00017999357025240005
   7.8500000e+00   0.00018198697095240005
   7.8600000e+00   0.00018394240605240005
   7.8700000e+00   0.00018585858545240006
   7.8800000e+00   0.00018773422170240007
   7.8900000e+00   0.00018956801095240008
   7.9000000e+00   0.00019135863375240007
   7.9100000e+00   0.00019310477740240006
   7.9200000e+00   0.00019480513050240005
   7.9300000e+00   0.00019645836765240006
   7.9400000e+00   0.00019806316315240007
   7.9500000e+00   0.00019961820455240007
   7.9600000e+00   0.00020112216735240006
   7.9700000e+00   0.00020257369730240007
   7.9800000e+00   0.00020397144530240007
   7.9900000e+00   0.00020531408515240008
   8.0000000e+00   0.0002066002827524001
   8.0100000e+00   0.0002078286923524001
   8.0200000e+00   0.0002089979838024001
   8.0300000e+00   0.0002101068434524001
   8.0400000e+00   0.0002111539531024001
   8.0500000e+00   0.0002121379793024001
   8.0600000e+00   0.0002130575820224001
   8.0700000e+00   0.00021391142500740007
   8.0800000e+00   0.00021469817358740008
   8.0900000e+00   0.0002154165021824001
   8.1000000e+00   0.00021606510513240009
   8.1100000e+00   0.00021664267403740008
   8.1200000e+00   0.00021714788521240007
   8.1300000e+00   0.00021757943400240007
   8.1400000e+00   0.00021793604151740007
   8.1500000e+00   0.00021821642235740006
   8.1600000e+00   0.00021841929406240005
   8.1700000e+00   0.00021854339843340004
   8.1800000e+00   0.00021858747044575005
   8.1900000e+00  0.00021855021983960006
   8.2000000e+00  0.00021843037729210005
   8.2100000e+00  0.00021822673405710004
   8.2200000e+00  0.00021793810455210004
   8.2300000e+00  0.00021756326160710004
   8.2400000e+00  0.00021710095375210005
   8.2500000e+00  0.00021654997530710005
   8.2600000e+00  0.00021590916745210003
   8.2700000e+00  0.00021517737700710003
   8.2800000e+00  0.00021435345536210002
   8.2900000e+00  0.00021343626518710002
   8.3000000e+00  0.00021242467247210002
   8.3100000e+00  0.00021131755917210002
   8.3200000e+00  0.00021011384162210003
   8.3300000e+00  0.00020881245442210003
   8.3400000e+00  0.00020741232687210002
   8.3500000e+00  0.00020591240402210003
   8.3600000e+00  0.0002043116731221
   8.3700000e+00  0.00020260914017210003
   8.3800000e+00  0.00020080380997210002
   8.3900000e+00  0.0001988947114721
   8.4000000e+00  0.00019688091432210002
   8.4100000e+00  0.00019476150607210003
   8.4200000e+00  0.00019253557327210004
   8.4300000e+00  0.00019020222202210002
   8.4400000e+00  0.00018776060982210002
   8.4500000e+00  0.00018520993572210002
   8.4600000e+00  0.00018254939487210003
   8.4700000e+00  0.00017977817277210002
   8.4800000e+00  0.00017689549867210003
   8.4900000e+00  0.00017390066337210003
   8.5000000e+00  0.00017079297532210003
   8.5100000e+00  0.00016757175442210003
   8.5200000e+00  0.00016423636027210003
   8.5300000e+00  0.0001607861770721
   8.5400000e+00  0.00015722060362210002
   8.5500000e+00  0.0001535390870221
   8.5600000e+00  0.0001497411215221
   8.5700000e+00  0.0001458262040221
   8.5800000e+00  0.0001417938380721
   8.5900000e+00  0.0001376435846221
   8.6000000e+00  0.0001333750650221
   8.6100000e+00  0.0001289879185721
   8.6200000e+00  0.00012448179622210001
   8.6300000e+00  0.00011985638712210001
   8.6400000e+00  0.00011511142777210001
   8.6500000e+00  0.00011024669612210001
   8.6600000e+00  0.00010526200052210002
   8.6700000e+00  0.00010015717097210003
   8.6800000e+00  9.493207687210003e-5
   8.6900000e+00  8.958664637210003e-5
   8.7000000e+00  8.412084597210003e-5
   8.7100000e+00  7.853466432210003e-5
   8.7200000e+00  7.282813177210003e-5
   8.7300000e+00  6.700131667210003e-5
   8.7400000e+00  6.105430607210004e-5
   8.7500000e+00  5.498723772210004e-5
   8.7600000e+00  4.880032957210004e-5
   8.7700000e+00  4.249383842210004e-5
   8.7800000e+00  3.606802692210004e-5
   8.7900000e+00  2.952319502210004e-5
   8.8000000e+00  2.285970272210004e-5
   8.8100000e+00  1.6077956872100037e-5
   8.8200000e+00  9.178398622100038e-6
   8.8300000e+00  2.1615072221000377e-6
   8.8400000e+00  -4.9721744278999624e-6
   8.8500000e+00  -1.2222038827899964e-5
   8.8600000e+00  -1.9587459927899965e-5
   8.8700000e+00  -2.7067800927899964e-5
   8.8800000e+00  -3.466236512789996e-5
   8.8900000e+00  -4.237037857789996e-5
   8.9000000e+00  -5.019102047789996e-5
   8.9100000e+00  -5.812343602789996e-5
   8.9200000e+00  -6.616672467789997e-5
   8.9300000e+00  -7.431994657789997e-5
   8.9400000e+00  -8.258212607789997e-5
   8.9500000e+00  -9.095222487789997e-5
   8.9600000e+00  -9.942912947789997e-5
   8.9700000e+00  -0.00010801167612789997
   8.9800000e+00  -0.00011669867772789998
   8.9900000e+00  -0.0001254889248279
   9.0000000e+00  -0.0001343811622279
   9.0100000e+00  -0.00014337406162789998
   9.0200000e+00  -0.00015246621737789997
   9.0300000e+00  -0.00016165616832789997
   9.0400000e+00  -0.00017094242062789996
   9.0500000e+00  -0.00018032345852789995
   9.0600000e+00  -0.00018979772832789996
   9.0700000e+00  -0.00019936358277789995
   9.0800000e+00  -0.00020901926952789996
   9.0900000e+00  -0.00021876301512789996
   9.1000000e+00  -0.00022859310102789997
   9.1100000e+00  -0.00023850788387789996
   9.1200000e+00  -0.00024850569802789996
   9.1300000e+00  -0.0002585845910279
   9.1400000e+00  -0.0002687422660279
   9.1500000e+00  -0.0002789764920279
   9.1600000e+00  -0.0002892853550279
   9.1700000e+00  -0.0002996668510279
   9.1800000e+00  -0.0003101185910279
   9.1900000e+00  -0.0003206382440279
   9.2000000e+00  -0.0003312238200279
   9.2100000e+00  -0.00034187320352789996
   9.2200000e+00  -0.00035258387952789996
   9.2300000e+00  -0.00036335324952789993
   9.2400000e+00  -0.0003741788390278999
   9.2500000e+00  -0.0003850582565278999
   9.2600000e+00  -0.00039598909952789994
   9.2700000e+00  -0.00040696875752789996
   9.2800000e+00  -0.00041799442402789996
   9.2900000e+00  -0.00042906336002789994
   9.3000000e+00  -0.00044017284502789994
   9.3100000e+00  -0.00045132000302789993
   9.3200000e+00  -0.00046250197302789993
   9.3300000e+00  -0.0004737160170278999
   9.3400000e+00  -0.0004849593240278999
   9.3500000e+00  -0.0004962288950278999
   9.3600000e+00  -0.0005075216660279
   9.3700000e+00  -0.0005188345775279
   9.3800000e+00  -0.0005301644040279
   9.3900000e+00  -0.0005415077825279
   9.4000000e+00  -0.0005528615905279
   9.4100000e+00  -0.0005642229025279
   9.4200000e+00  -0.0005755885120279
   9.4300000e+00  -0.0005869549735279
   9.4400000e+00  -0.0005983190045279
   9.4500000e+00  -0.0006096773900279
   9.4600000e+00  -0.0006210266575279001
   9.4700000e+00  -0.0006323632110279001
   9.4800000e+00  -0.0006436836270279
   9.4900000e+00  -0.0006549844630279
   9.5000000e+00  -0.0006662619700279
   9.5100000e+00  -0.0006775123565279
   9.5200000e+00  -0.0006887321255279
   9.5300000e+00  -0.0006999179105279
   9.5400000e+00  -0.0007110661300279
   9.5500000e+00  -0.0007221729410279
   9.5600000e+00  -0.0007332344770279
   9.5700000e+00  -0.0007442470235279
   9.5800000e+00  -0.0007552069345279
   9.5900000e+00  -0.0007661104180278999
   9.6000000e+00  -0.0007769534650278999
   9.6100000e+00  -0.0007877320645278999
   9.6200000e+00  -0.0007984424720279
   9.6300000e+00  -0.0008090811065278999
   9.6400000e+00  -0.0008196441220279
   9.6500000e+00  -0.0008301272745278999
   9.6600000e+00  -0.0008405263145278999
   9.6700000e+00  -0.0008508373505278999
   9.6800000e+00  -0.0008610566740278999
   9.6900000e+00  -0.0008711803200279
   9.7000000e+00  -0.0008812040905778999
   9.7100000e+00  -0.0008911239302778999
   9.7200000e+00  -0.0009009358814278999
   9.7300000e+00  -0.0009106358596779
   9.7400000e+00  -0.0009202197360279
   9.7500000e+00  -0.0009296833722779
   9.7600000e+00  -0.0009390227846279
   9.7700000e+00  -0.0009482343216779
   9.7800000e+00  -0.0009573139550779
   9.7900000e+00  -0.0009662571272779
   9.8000000e+00  -0.0009750599863279
   9.8100000e+00  -0.0009837186061779
   9.8200000e+00  -0.0009922278523778999
   9.8300000e+00  -0.0010005845017278998
   9.8400000e+00  -0.0010087861938778999
   9.8500000e+00  -0.0010168256033278999
   9.8600000e+00  -0.0010246985714778998
   9.8700000e+00  -0.0010324085388279
   9.8800000e+00  -0.0010399445205279
   9.8900000e+00  -0.0010472928141779
   9.9000000e+00  -0.0010544732062279
   9.9100000e+00  -0.0010614799589779
   9.9200000e+00  -0.0010682610758279
   9.9300000e+00  -0.0010748626092779
   9.9400000e+00  -0.0010813341645779001
   9.9500000e+00  -0.0010875137521279001
   9.9600000e+00  -0.0010934357770279002
   9.9700000e+00  -0.0010993960779779
   9.9800000e+00  -0.0011050209491779
   9.9900000e+00  -0.0011100324361779002
   1.0000000e+01  -0.0011154593393279003
   1.0010000e+01  -0.0011208528028779003
   1.0020000e+01  -0.0011267693181779004
   1.0030000e+01  -0.0011474719746279005
   1.0040000e+01  -0.0011988113066279005
   1.0050000e+01  -0.0012440184506279006
   1.0060000e+01   -0.0011791800626279006
   1.0070000e+01   -0.0009348433976279006
   1.0080000e+01   -0.0005921169776279007
   1.0090000e+01   -0.00033560464762790067
   1.0100000e+01  -0.00027386165212790064
   1.0110000e+01  -0.00035398399662790064
   1.0120000e+01  -0.0004547761256279006
   1.0130000e+01  -0.0004969263085279006
   1.0140000e+01   -0.00045462518842790057
   1.0150000e+01   -0.00033974032942790054
   1.0160000e+01   -0.00021711167942790053
   1.0170000e+01  -0.00019113694692790052
   1.0180000e+01  -0.00030801810442790054
   1.0190000e+01  -0.00046050185442790054
   1.0200000e+01   -0.0004754860774279006
   1.0210000e+01   -0.0003261498254279006
   1.0220000e+01   -0.00013168887542790058
   1.0230000e+01   5.034657457209942e-5
   1.0240000e+01   0.00022871479457209945
   1.0250000e+01   0.00032676627757209946
   1.0260000e+01  0.0002856247255720994
   1.0270000e+01  0.00021923954257209942
   1.0280000e+01   0.00021832168057209943
   1.0290000e+01  0.00016484776157209944
   1.0300000e+01  -4.698348842790056e-5
   1.0310000e+01  -0.00029122221842790055
   1.0320000e+01   -0.00036131328742790053
   1.0330000e+01   -0.00019495599142790054
   1.0340000e+01   0.00011772143357209947
   1.0350000e+01   0.0004493883935720995
   1.0360000e+01   0.0007223026235720995
   1.0370000e+01   0.0009131617185720995
   1.0380000e+01   0.0010191074750720995
   1.0390000e+01   0.0010697079530720996
   1.0400000e+01   0.0011380746295720995
   1.0410000e+01   0.0012694632145720994
   1.0420000e+01   0.0014331282845720995
   1.0430000e+01   0.0015951341745720996
   1.0440000e+01   0.0017873719145720995
   1.0450000e+01   0.0020542519395720994
   1.0460000e+01   0.0023492999495720993
   1.0470000e+01   0.0025170675335720993
   1.0480000e+01  0.0024278570425720993
   1.0490000e+01  0.002151839337572099
   1.0500000e+01  0.0019072880775720992
   1.0510000e+01  0.001795534275072099
   1.0520000e+01  0.0017382919135720991
   1.0530000e+01   0.0017196810815720991
   1.0540000e+01   0.0018473732485720991
   1.0550000e+01   0.0020782323485720993
   1.0560000e+01  0.002159948461572099
   1.0570000e+01  0.0019948434095720994
   1.0580000e+01  0.0018122582645720994
   1.0590000e+01   0.0018150702095720995
   1.0600000e+01   0.0018825950695720995
   1.0610000e+01  0.0018240317095720995
   1.0620000e+01  0.0017372843075720995
   1.0630000e+01   0.0018551916005720994
   1.0640000e+01   0.002139362145572099
   1.0650000e+01   0.002310652769572099
   1.0660000e+01  0.002265838218572099
   1.0670000e+01   0.0022109439350720987
   1.0680000e+01   0.0023500722165720987
   1.0690000e+01   0.002631138186572099
   1.0700000e+01   0.0028268620410720987
   1.0710000e+01  0.0027365028155720986
   1.0720000e+01  0.0023283775455720987
   1.0730000e+01  0.0018136537805720989
   1.0740000e+01  0.001542313824572099
   1.0750000e+01   0.001687165088572099
   1.0760000e+01   0.002040734193572099
   1.0770000e+01  0.002215495679022099
   1.0780000e+01  0.002028529924472099
   1.0790000e+01  0.001638963854472099
   1.0800000e+01  0.0013363907294720988
   1.0810000e+01   0.001250156405472099
   1.0820000e+01   0.001296019935472099
   1.0830000e+01   0.0013628152559720988
   1.0840000e+01   0.0014149677989720988
   1.0850000e+01  0.0013972008024720989
   1.0860000e+01  0.001241520824472099
   1.0870000e+01  0.001031815129472099
   1.0880000e+01   0.000961849045472099
   1.0890000e+01   0.001087643606472099
   1.0900000e+01   0.001283758421472099
   1.0910000e+01   0.001401567275472099
   1.0920000e+01  0.001321931244472099
   1.0930000e+01  0.000971803234472099
   1.0940000e+01  0.000464998654472099
   1.0950000e+01  0.00012269597447209902
   1.0960000e+01   0.00018221770447209902
   1.0970000e+01   0.000523564664472099
   1.0980000e+01   0.0008096687394720989
   1.0990000e+01  0.0008808141044720989
   1.1000000e+01   0.0008785968064720989
   1.1010000e+01   0.0009764319434720989
   1.1020000e+01   0.001157784048472099
   1.1030000e+01   0.001302400056972099
   1.1040000e+01  0.001339448711972099
   1.1050000e+01  0.001293626100472099
   1.1060000e+01   0.001273597862472099
   1.1070000e+01   0.001350930397472099
   1.1080000e+01  0.001411287626622099
   1.1090000e+01  0.001279169340772099
   1.1100000e+01  0.000988743770772099
   1.1110000e+01  0.000730738500772099
   1.1120000e+01  0.000558654330772099
   1.1130000e+01  0.00034438310077209897
   1.1140000e+01  -4.290194227901071e-6
   1.1150000e+01  -0.00042399278422790103
   1.1160000e+01  -0.000760736814227901
   1.1170000e+01   -0.000873178322727901
   1.1180000e+01   -0.000720464291227901
   1.1190000e+01   -0.000441269056227901
   1.1200000e+01  -0.000337467288227901
   1.1210000e+01  -0.000642417070227901
   1.1220000e+01  -0.0012144531402279012
   1.1230000e+01  -0.0015897111802279013
   1.1240000e+01   -0.0014670821802279014
   1.1250000e+01   -0.0010100486152279013
   1.1260000e+01   -0.0005735969902279013
   1.1270000e+01   -0.00032325972522790134
   1.1280000e+01   -0.00022303997572790132
   1.1290000e+01   -0.00019761170062790133
   1.1300000e+01   -0.00018009184902790132
   1.1310000e+01   -0.00011190133802790132
   1.1320000e+01   8.74247197209867e-6
   1.1330000e+01   0.00010192779297209866
   1.1340000e+01  8.159662847209866e-5
   1.1350000e+01  -2.182546702790134e-5
   1.1360000e+01   -5.963717902790134e-5
   1.1370000e+01   5.1913643972098664e-5
   1.1380000e+01   0.00019543358397209866
   1.1390000e+01  0.00021082884797209866
   1.1400000e+01  0.00014538601847209864
   1.1410000e+01   0.00016048622247209863
   1.1420000e+01  0.0002042943353120986
   1.1430000e+01  4.1964750652098606e-5
   1.1440000e+01  -0.0003612927893479015
   1.1450000e+01  -0.0007837892093479015
   1.1460000e+01  -0.0010721224143479015
   1.1470000e+01  -0.0012022060723479015
   1.1480000e+01   -0.0011052087153479015
   1.1490000e+01   -0.0007949252953479014
   1.1500000e+01   -0.0005255888403479014
   1.1510000e+01  -0.0004959000143479014
   1.1520000e+01  -0.0006040119933479014
   1.1530000e+01  -0.0007256502933479014
   1.1540000e+01  -0.0009040498833479014
   1.1550000e+01  -0.0010692948978479014
   1.1560000e+01   -0.0009797433373479015
   1.1570000e+01   -0.0006443248273479015
   1.1580000e+01   -0.0003916287773479015
   1.1590000e+01  -0.0003416036848479015
   1.1600000e+01   -0.0002197782973479015
   1.1610000e+01   0.00014824427265209848
   1.1620000e+01   0.0005564970576520985
   1.1630000e+01   0.0007561591506520985
   1.1640000e+01  0.0007186403086520984
   1.1650000e+01  0.0005221391636520984
   1.1660000e+01  0.0003041770386520984
   1.1670000e+01   0.0002711876986520984
   1.1680000e+01   0.0004440823036520984
   1.1690000e+01  0.0005290473471520985
   1.1700000e+01  0.00031850527565209844
   1.1710000e+01  1.1544345652098411e-5
   1.1720000e+01  -0.0001190030842979016
   1.1730000e+01  -0.0001311360332479016
   1.1740000e+01  -0.0002446937522479016
   1.1750000e+01  -0.0004954932722479016
   1.1760000e+01  -0.0007592851322479016
   1.1770000e+01  -0.0009381671072479016
   1.1780000e+01   -0.0009917023892479016
   1.1790000e+01   -0.0009341807432479017
   1.1800000e+01   -0.0008716980922479017
   1.1810000e+01  -0.0009279498292479016
   1.1820000e+01  -0.0011126650142479016
   1.1830000e+01  -0.0013214074842479015
   1.1840000e+01  -0.0014251424142479015
   1.1850000e+01   -0.0013388098292479015
   1.1860000e+01   -0.0010933641892479015
   1.1870000e+01   -0.0008702592192479015
   1.1880000e+01  -0.0008771757592479015
   1.1890000e+01  -0.0011365383942479016
   1.1900000e+01  -0.0014218668592479015
   1.1910000e+01   -0.0014513066542479014
   1.1920000e+01   -0.0011865727242479013
   1.1930000e+01   -0.0009107840692479013
   1.1940000e+01  -0.0009250245592479013
   1.1950000e+01  -0.0011887760342479013
   1.1960000e+01  -0.0013642990272479012
   1.1970000e+01   -0.0011908826152479013
   1.1980000e+01   -0.0007085212302479014
   1.1990000e+01   -0.00016332401024790144
   1.2000000e+01   0.00016408795975209859
   1.2010000e+01  7.939695475209859e-5
   1.2020000e+01  -0.0003878831902479014
   1.2030000e+01  -0.0009411298052479014
   1.2040000e+01  -0.0012323668007479015
   1.2050000e+01   -0.0011320216812479016
   1.2060000e+01   -0.0007549825462479017
   1.2070000e+01   -0.0003396328512479017
   1.2080000e+01  -0.00016628773774790168
   1.2090000e+01  -0.00041600211424790167
   1.2100000e+01  -0.0009613930242479017
   1.2110000e+01  -0.0014062415092479018
   1.2120000e+01   -0.0014648981642479018
   1.2130000e+01   -0.0012319531392479019
   1.2140000e+01   -0.0009913848742479018
   1.2150000e+01   -0.0008739518832479018
   1.2160000e+01   -0.0008257077002479017
   1.2170000e+01   -0.0008009989457479017
   1.2180000e+01  -0.0008114547527479016
   1.2190000e+01  -0.0008320400152479016
   1.2200000e+01   -0.0008253849947479016
   1.2210000e+01  -0.0008504193562479017
   1.2220000e+01  -0.0009958625512479016
   1.2230000e+01  -0.0012111725812479017
   1.2240000e+01  -0.0013607845352479019
   1.2250000e+01  -0.001435950405747902
   1.2260000e+01  -0.0015364858372479018
   1.2270000e+01  -0.001638526971247902
   1.2280000e+01   -0.001567235840247902
   1.2290000e+01   -0.001255483755247902
   1.2300000e+01   -0.0008763651052479019
   1.2310000e+01   -0.0006186138652479019
   1.2320000e+01   -0.0004456699602479019
   1.2330000e+01   -0.0002144700602479019
   1.2340000e+01   6.764136475209811e-5
   1.2350000e+01   0.0002875097597520981
   1.2360000e+01   0.0004360071997520981
   1.2370000e+01   0.0005657247547520981
   1.2380000e+01   0.0006314922247520981
   1.2390000e+01  0.0005665446347520981
   1.2400000e+01  0.00040820470475209805
   1.2410000e+01  0.00020994406975209803
   1.2420000e+01  -3.0116495247901995e-5
   1.2430000e+01  -0.000286771265247902
   1.2440000e+01  -0.000500735745247902
   1.2450000e+01  -0.000621776832247902
   1.2460000e+01   -0.000545831089247902
   1.2470000e+01   -0.000192137344247902
   1.2480000e+01   0.000241353235752098
   1.2490000e+01  0.00038325482725209796
   1.2500000e+01  0.00015171742375209794
   1.2510000e+01  -0.00020563209124790208
   1.2520000e+01  -0.000548885721247902
   1.2530000e+01  -0.0009233975012479021
   1.2540000e+01  -0.0012107967912479021
   1.2550000e+01   -0.0011560067062479022
   1.2560000e+01   -0.0007919066062479021
   1.2570000e+01   -0.0004602047012479021
   1.2580000e+01  -0.0003712497842479021
   1.2590000e+01  -0.0004361422822479021
   1.2600000e+01  -0.0005071184987479021
   1.2610000e+01   -0.0005042640457479021
   1.2620000e+01   -0.0003480369462479021
   1.2630000e+01   -2.6470331247902055e-5
   1.2640000e+01   0.00029273793375209794
   1.2650000e+01  0.00040810604925209794
   1.2660000e+01  0.00031940640475209794
   1.2670000e+01  0.00020721914325209792
   1.2680000e+01   0.00022483887175209794
   1.2690000e+01   0.0003722881767520979
   1.2700000e+01   0.0005438775317520979
   1.2710000e+01   0.0006740419667520979
   1.2720000e+01   0.0007906444417520979
   1.2730000e+01   0.0008827414117520978
   1.2740000e+01  0.0008418171817520979
   1.2750000e+01  0.0006438285167520979
   1.2760000e+01  0.0004278402767520979
   1.2770000e+01  0.00027924524175209785
   1.2780000e+01  0.00012563026675209784
   1.2790000e+01  -5.993681324790214e-5
   1.2800000e+01  -0.00016567356174790215
   1.2810000e+01   -0.00013725155724790214
   1.2820000e+01   -6.846747474790213e-5
   1.2830000e+01   -2.2416753247902125e-5
   1.2840000e+01   5.010766875209787e-5
   1.2850000e+01   0.00015185875125209788
   1.2860000e+01  0.0001996606963520979
   1.2870000e+01   0.0002001840914020979
   1.2880000e+01   0.0002459005123520979
   1.2890000e+01   0.0002935606074020979
   1.2900000e+01  0.0001796987539520979
   1.2910000e+01  -9.945545604790211e-5
   1.2920000e+01  -0.00031420721604790217
   1.2930000e+01   -0.0002485312210479022
   1.2940000e+01   8.581211895209779e-5
   1.2950000e+01   0.0004944646939520978
   1.2960000e+01   0.0007742084389520978
   1.2970000e+01  0.0008021276189520978
   1.2980000e+01  0.0005615655639520978
   1.2990000e+01  0.00021844468895209772
   1.3000000e+01   7.864877345209771e-5
   1.3010000e+01   0.00028015176295209773
   1.3020000e+01   0.0006051535979520978
   1.3030000e+01   0.0007620440364520978
   1.3040000e+01  0.0007329628359520978
   1.3050000e+01  0.0006777268949520978
   1.3060000e+01  0.0006363673219520978
   1.3070000e+01  0.0005208894009520978
   1.3080000e+01  0.0003124195359520978
   1.3090000e+01  9.380535095209779e-5
   1.3100000e+01  -7.948774404790222e-5
   1.3110000e+01  -0.0002464863740479022
   1.3120000e+01  -0.0005148452090479021
   1.3130000e+01  -0.0009644178990479021
   1.3140000e+01  -0.0014942624340479021
   1.3150000e+01  -0.001860820094047902
   1.3160000e+01  -0.001989200383547902
   1.3170000e+01  -0.0020584930330479023
   1.3180000e+01  -0.002151671274547902
   1.3190000e+01   -0.002110842971047902
   1.3200000e+01   -0.0018707072660479021
   1.3210000e+01   -0.0015998020260479021
   1.3220000e+01   -0.0014107357210479021
   1.3230000e+01   -0.001261548186047902
   1.3240000e+01   -0.001174541168047902
   1.3250000e+01  -0.001224158670047902
   1.3260000e+01  -0.001305758463547902
   1.3270000e+01   -0.001199077852047902
   1.3280000e+01   -0.000864612822047902
   1.3290000e+01   -0.0004954921620479019
   1.3300000e+01   -0.00030156030754790195
   1.3310000e+01  -0.00033822208304790194
   1.3320000e+01  -0.00047661549804790197
   1.3330000e+01   -0.0004908140980479019
   1.3340000e+01   -0.0002896643830479019
   1.3350000e+01   -9.740860704790188e-5
   1.3360000e+01  -0.0002342977060479019
   1.3370000e+01  -0.0006612840910479019
   1.3380000e+01  -0.0009592898410479019
   1.3390000e+01   -0.0008523682510479019
   1.3400000e+01   -0.0005128787310479019
   1.3410000e+01   -0.0002543707310479019
   1.3420000e+01  -0.00017804994324790193
   1.3430000e+01  -0.00020868520494790192
   1.3440000e+01  -0.0002632684729479019
   1.3450000e+01  -0.0003258347774479019
   1.3460000e+01  -0.0004386579434479019
   1.3470000e+01  -0.0005767527434479019
   1.3480000e+01   -0.0005770724384479019
   1.3490000e+01   -0.00034134268344790185
   1.3500000e+01   -2.9338084479018246e-6
   1.3510000e+01   0.0002593253715520982
   1.3520000e+01   0.00040293677605209824
   1.3530000e+01  0.00041081720705209824
   1.3540000e+01  0.00023775678355209822
   1.3550000e+01  -3.1444056447901765e-5
   1.3560000e+01  -0.0001859036379479018
   1.3570000e+01   -0.0001132856394479018
   1.3580000e+01   0.00011944675055209822
   1.3590000e+01   0.00036936121055209823
   1.3600000e+01   0.0004900839785520983
   1.3610000e+01  0.0004118962415520983
   1.3620000e+01  0.00024018534155209828
   1.3630000e+01  0.00015329367135209827
   1.3640000e+01   0.00019077351615209826
   1.3650000e+01   0.00027944425415209824
   1.3660000e+01   0.0003822155121520983
   1.3670000e+01   0.0004586856936520983
   1.3680000e+01  0.00044020131065209827
   1.3690000e+01  0.0003953153481520983
   1.3700000e+01   0.0004824703851520983
   1.3710000e+01   0.0006225323506520984
   1.3720000e+01  0.0005450653461520984
   1.3730000e+01  0.00027218287115209837
   1.3740000e+01   0.00017253803615209837
   1.3750000e+01   0.0003897552111520984
   1.3760000e+01   0.0006057792256520984
   1.3770000e+01  0.0005643920651520984
   1.3780000e+01  0.0004706799501520984
   1.3790000e+01   0.0006211633251520984
   1.3800000e+01   0.0009285001551520984
   1.3810000e+01   0.0010929886381520985
   1.3820000e+01  0.0010470607111520984
   1.3830000e+01  0.0009640171276520984
   1.3840000e+01  0.0009240029146520984
   1.3850000e+01  0.0008079725101520983
   1.3860000e+01  0.0005670709251520983
   1.3870000e+01   0.0004268522746520983
   1.3880000e+01   0.0006292672591520983
   1.3890000e+01   0.0010371842241520984
   1.3900000e+01   0.0012622202551520983
   1.3910000e+01  0.0011734715061520982
   1.3920000e+01  0.0009978566411520983
   1.3930000e+01   0.0009451265636520983
   1.3940000e+01   0.0010223779061520983
   1.3950000e+01   0.0011733326911520982
   1.3960000e+01   0.0013394157161520982
   1.3970000e+01   0.0014309572451520981
   1.3980000e+01  0.0014242961111520982
   1.3990000e+01   0.0014199305566520981
   1.4000000e+01   0.0014808909416520982
   1.4010000e+01  0.0015026169766520982
   1.4020000e+01  0.0013657116301520982
   1.4030000e+01  0.0011622070901520982
   1.4040000e+01   0.0011271164901520982
   1.4050000e+01   0.0013255878051520982
   1.4060000e+01   0.0015483997751520983
   1.4070000e+01  0.0015814070741520983
   1.4080000e+01  0.0014373944981520982
   1.4090000e+01  0.001264978818152098
   1.4100000e+01   0.0011986087856520982
   1.4110000e+01   0.0013262608031520981
   1.4120000e+01   0.001597938973152098
   1.4130000e+01   0.0017679223121520981
   1.4140000e+01  0.001644002541152098
   1.4150000e+01  0.001351688791152098
   1.4160000e+01  0.001160805992652098
   1.4170000e+01   0.001158515235152098
   1.4180000e+01   0.001264051296152098
   1.4190000e+01   0.001406882451152098
   1.4200000e+01   0.001523653585152098
   1.4210000e+01  0.001526586618152098
   1.4220000e+01  0.001410309242152098
   1.4230000e+01  0.001289774913152098
   1.4240000e+01   0.001258578271152098
   1.4250000e+01   0.001274443221152098
   1.4260000e+01  0.001207097594152098
   1.4270000e+01  0.000953345099152098
   1.4280000e+01  0.0005172993941520979
   1.4290000e+01  4.1774524152097875e-5
   1.4300000e+01  -0.0002393107208479021
   1.4310000e+01   -0.0001710771458479021
   1.4320000e+01   0.0001454763491520979
   1.4330000e+01   0.0004231884791520979
   1.4340000e+01  0.0004999605021520979
   1.4350000e+01   0.0004895478472520979
   1.4360000e+01   0.000553568244352098
   1.4370000e+01   0.0006629685068520979
   1.4380000e+01  0.000700149078352098
   1.4390000e+01  0.000646462677352098
   1.4400000e+01  0.000528685517352098
   1.4410000e+01  0.000338680062352098
   1.4420000e+01  0.00016127106735209801
   1.4430000e+01   0.000218647677352098
   1.4440000e+01   0.0006040321823520981
   1.4450000e+01   0.001081414522352098
   1.4460000e+01   0.001319358550352098
   1.4470000e+01  0.001270980073352098
   1.4480000e+01  0.0011593403468520978
   1.4490000e+01  0.001071920715352098
   1.4500000e+01  0.0007883238303520979
   1.4510000e+01  0.00019130605035209784
   1.4520000e+01  -0.00036748006964790224
   1.4530000e+01   -0.0004598331096479023
   1.4540000e+01   -0.0001999974896479023
   1.4550000e+01  -7.112409114790229e-5
   1.4560000e+01  -0.00024123894264790232
   1.4570000e+01  -0.00047255093264790234
   1.4580000e+01  -0.0006092731851479023
   1.4590000e+01  -0.0007131822776479023
   1.4600000e+01  -0.0007777215661479023
   1.4610000e+01   -0.0007087952196479023
   1.4620000e+01   -0.0005549384246479023
   1.4630000e+01   -0.00046147465164790227
   1.4640000e+01  -0.00046243103214790225
   1.4650000e+01  -0.0005078313001479022
   1.4660000e+01  -0.0005533824716479022
   1.4670000e+01   -0.00048297180864790223
   1.4680000e+01   -0.00016901381364790223
   1.4690000e+01   0.00022675252135209776
   1.4700000e+01  0.00028778365135209775
   1.4710000e+01  -9.898020364790228e-5
   1.4720000e+01  -0.0005130646736479024
   1.4730000e+01   -0.0005988238186479024
   1.4740000e+01  -0.0005574579056479024
   1.4750000e+01  -0.0007160648226479024
   1.4760000e+01  -0.0009807278626479024
   1.4770000e+01  -0.0010996843740979025
   1.4780000e+01  -0.0011244075890479025
   1.4790000e+01  -0.0012444688575479026
   1.4800000e+01  -0.0014319866075479025
   1.4810000e+01   -0.0015099808100479024
   1.4820000e+01   -0.0013863645475479024
   1.4830000e+01   -0.0011025521875479023
   1.4840000e+01   -0.0007937920525479022
   1.4850000e+01   -0.0006363486675479022
   1.4860000e+01  -0.0007408919125479022
   1.4870000e+01  -0.0010890400775479022
   1.4880000e+01  -0.0015872425375479022
   1.4890000e+01  -0.002111783797547902
   1.4900000e+01  -0.0024574005025479024
   1.4910000e+01   -0.002374450327547902
   1.4920000e+01   -0.001833021262547902
   1.4930000e+01   -0.001159442962547902
   1.4940000e+01   -0.0006946373725479019
   1.4950000e+01   -0.0004267912975479019
   1.4960000e+01   -0.00019077760754790187
   1.4970000e+01   -4.913396604790186e-5
   1.4980000e+01  -0.00018591975454790185
   1.4990000e+01  -0.0005767557845479019
   1.5000000e+01  -0.001022903804547902
   1.5010000e+01  -0.001379551394547902
   1.5020000e+01  -0.0015563111520479022
   1.5030000e+01   -0.0014581160695479021
   1.5040000e+01   -0.0011345849745479021
   1.5050000e+01   -0.0008574954095479021
   1.5060000e+01  -0.0008627022945479021
   1.5070000e+01  -0.0010933575345479021
   1.5080000e+01  -0.0012920925395479021
   1.5090000e+01   -0.001253152744547902
   1.5100000e+01   -0.000965773384547902
   1.5110000e+01   -0.0006328560145479019
   1.5120000e+01  -0.000521727063547902
   1.5130000e+01  -0.000657998532547902
   1.5140000e+01   -0.0007020780925479019
   1.5150000e+01   -0.0002716919725479019
   1.5160000e+01   0.0005855464524520981
   1.5170000e+01   0.0013358276824520982
   1.5180000e+01  0.0014586797024520983
   1.5190000e+01  0.0009276577874520982
   1.5200000e+01  6.449594745209814e-5
   1.5210000e+01  -0.000917384687547902
   1.5220000e+01  -0.0019013435525479022
   1.5230000e+01  -0.002527363637547902
   1.5240000e+01   -0.002360501832547902
   1.5250000e+01   -0.0015069333575479017
   1.5260000e+01   -0.0006569115225479017
   1.5270000e+01   -0.0003178937665479017
   1.5280000e+01  -0.00033488840754790166
   1.5290000e+01  -0.00038461494904790165
   1.5300000e+01  -0.0005508757535479016
   1.5310000e+01  -0.0010116346485479016
   1.5320000e+01  -0.0014638992985479015
   1.5330000e+01   -0.0014122179585479015
   1.5340000e+01   -0.0009468241135479015
   1.5350000e+01  -0.0007073301685479015
   1.5360000e+01  -0.0009937018085479014
   1.5370000e+01  -0.0013739920035479014
   1.5380000e+01   -0.0013572897985479014
   1.5390000e+01   -0.0010550642635479015
   1.5400000e+01  -0.0009026809060479014
   1.5410000e+01  -0.0010064314885479015
   1.5420000e+01   -0.0010448743785479015
   1.5430000e+01   -0.0007012047385479014
   1.5440000e+01   -3.5980053547901374e-5
   1.5450000e+01   0.0005756545064520987
   1.5460000e+01   0.0008674960714520987
   1.5470000e+01   0.0009363818754520987
   1.5480000e+01   0.0009602091889520987
   1.5490000e+01  0.0008707073484520987
   1.5500000e+01  0.0005457048984520988
   1.5510000e+01  0.00010752035845209879
   1.5520000e+01  -0.00024401550154790123
   1.5530000e+01  -0.0005024336565479012
   1.5540000e+01  -0.0007183172665479012
   1.5550000e+01   -0.0007666437975479011
   1.5560000e+01   -0.00047060727354790113
   1.5570000e+01   0.00014181006145209892
   1.5580000e+01   0.000823631031452099
   1.5590000e+01   0.0012520345314520989
   1.5600000e+01  0.0011910653314520989
   1.5610000e+01  0.0007283033164520989
   1.5620000e+01  0.0003273387164520989
   1.5630000e+01   0.0003605488914520989
   1.5640000e+01   0.000624602876452099
   1.5650000e+01  0.0006280291714520989
   1.5660000e+01  0.000287873531452099
   1.5670000e+01  -2.5641385479010007e-6
   1.5680000e+01   4.909457645209901e-5
   1.5690000e+01   0.000319118001452099
   1.5700000e+01   0.000549256131452099
   1.5710000e+01   0.000669851437952099
   1.5720000e+01  0.000707809196252099
   1.5730000e+01  0.000561213233052099
   1.5740000e+01  0.00016534093305209895
   1.5750000e+01  -0.00016125829194790108
   1.5760000e+01   4.106371805209894e-5
   1.5770000e+01   0.0006980855180520989
   1.5780000e+01   0.0012246778880520988
   1.5790000e+01  0.0013216392835520988
   1.5800000e+01  0.0012623808880520989
   1.5810000e+01   0.001328684147052099
   1.5820000e+01   0.001477217737052099
   1.5830000e+01   0.001601954232052099
   1.5840000e+01   0.0016559178620020988
   1.5850000e+01  0.001522084511952099
   1.5860000e+01  0.001175132826952099
   1.5870000e+01  0.000921320912952099
   1.5880000e+01   0.001105919438952099
   1.5890000e+01   0.001620458733952099
   1.5900000e+01   0.002007474803952099
   1.5910000e+01  0.002020177838952099
   1.5920000e+01  0.001815323903952099
   1.5930000e+01  0.0016208495289520989
   1.5940000e+01  0.001484674658952099
   1.5950000e+01  0.0014188570929520989
   1.5960000e+01   0.001568696491952099
   1.5970000e+01   0.002045648716952099
   1.5980000e+01   0.002668610746952099
   1.5990000e+01   0.0030676236419520993
   1.6000000e+01  0.0030454204119520992
   1.6010000e+01  0.0027079222169520993
   1.6020000e+01  0.0022969050569520994
   1.6030000e+01  0.0020265052019520996
   1.6040000e+01   0.0019905861399520997
   1.6050000e+01   0.0020846919029521
   1.6060000e+01  0.0020709887379520998
   1.6070000e+01  0.0018213919829520998
   1.6080000e+01  0.0014752762729521
   1.6090000e+01  0.0012744239214521
   1.6100000e+01   0.0012474178149521
   1.6110000e+01  0.0011896837749520999
   1.6120000e+01  0.0009856961049520998
   1.6130000e+01  0.0007602132949520999
   1.6140000e+01  0.0006455663384520999
   1.6150000e+01  0.0005991945589520998
   1.6160000e+01  0.0005186553859520998
   1.6170000e+01  0.00039253113595209984
   1.6180000e+01   0.00032682054710209986
   1.6190000e+01   0.0004924059632520998
   1.6200000e+01   0.0009635862782520997
   1.6210000e+01   0.0015728301682520996
   1.6220000e+01   0.0020394179682520996
   1.6230000e+01  0.0021980547787520998
   1.6240000e+01  0.0019727662492521
   1.6250000e+01  0.0013179576942520998
   1.6260000e+01  0.0004262090392520998
   1.6270000e+01  -0.00022436098074790026
   1.6280000e+01   -0.00030628970074790025
   1.6290000e+01   4.319297425209973e-5
   1.6300000e+01   0.0004820690492520997
   1.6310000e+01   0.0007872776842520997
   1.6320000e+01  0.0008483586992520997
   1.6330000e+01  0.0006503731492520997
   1.6340000e+01  0.00035410156925209967
   1.6350000e+01  0.00015747153425209966
   1.6360000e+01  4.217609925209966e-5
   1.6370000e+01  -0.00016556599574790037
   1.6380000e+01  -0.0005144274907479005
   1.6390000e+01  -0.0008707185657479005
   1.6400000e+01  -0.0010843205907479004
   1.6410000e+01   -0.0010700649207479004
   1.6420000e+01   -0.0008056847657479003
   1.6430000e+01   -0.0003883727057479003
   1.6440000e+01   -1.949480574790026e-5
   1.6450000e+01   0.00017197221975209974
   1.6460000e+01   0.00022443451825209974
   1.6470000e+01  0.00022655823370209974
   1.6480000e+01  0.00020331303165209975
   1.6490000e+01  0.00013408573015209974
   1.6500000e+01  8.15196315209974e-6
   1.6510000e+01  -0.00013220149184790028
   1.6520000e+01  -0.00020464189234790028
   1.6530000e+01   -0.00020301763284790028
   1.6540000e+01  -0.00022362783734790028
   1.6550000e+01  -0.0002751646543479003
   1.6560000e+01   -0.0002255357518479003
   1.6570000e+01   -6.06881418479003e-5
   1.6580000e+01   5.76689066520997e-5
   1.6590000e+01   0.0001143379276520997
   1.6600000e+01   0.0002675797251520997
   1.6610000e+01   0.0004417010001520997
   1.6620000e+01  0.0003342705451520997
   1.6630000e+01  -4.655126984790041e-5
   1.6640000e+01  -0.0002944457893479004
   1.6650000e+01   -0.00016302617884790042
   1.6660000e+01   0.00013486065615209958
   1.6670000e+01  0.0002303305931520996
   1.6680000e+01  -1.5060998479004238e-6
   1.6690000e+01  -0.0003136656248479004
   1.6700000e+01   -0.0003168518898479004
   1.6710000e+01   7.05664001520996e-5
   1.6720000e+01   0.0005026528201520996
   1.6730000e+01  0.0006627098021520996
   1.6740000e+01  0.0006244765231520996
   1.6750000e+01   0.0005995623321520995
   1.6760000e+01  0.0005955450771520995
   1.6770000e+01  0.0005099294871520996
   1.6780000e+01  0.0003245628171520996
   1.6790000e+01  6.93236171520996e-5
   1.6800000e+01  -0.00020061947784790043
   1.6810000e+01  -0.00034416929684790045
   1.6820000e+01   -0.0002573063558479004
   1.6830000e+01   -4.2281850847900406e-5
   1.6840000e+01   0.0001010949581520996
   1.6850000e+01  5.71566271520996e-5
   1.6860000e+01  -0.00019416911284790035
   1.6870000e+01  -0.0005330128378479002
   1.6880000e+01   -0.0006777425513479002
   1.6890000e+01   -0.0005044090998479003
   1.6900000e+01   -0.0003107416818479003
   1.6910000e+01  -0.00042410076884790034
   1.6920000e+01  -0.0006868929638479003
   1.6930000e+01   -0.0007141360588479003
   1.6940000e+01   -0.0005092233038479002
   1.6950000e+01  -0.0003933245498479002
   1.6960000e+01  -0.0004269558308479002
   1.6970000e+01   -0.0003635175008479002
   1.6980000e+01   -0.00016289422584790019
   1.6990000e+01  -0.00010593339084790018
   1.7000000e+01  -0.00033820718084790017
   1.7010000e+01  -0.0006701092908479001
   1.7020000e+01  -0.0008850243158479001
   1.7030000e+01   -0.0009442059627979002
   1.7040000e+01   -0.0008782864197479001
   1.7050000e+01   -0.0007377937897479001
   1.7060000e+01   -0.0006466880732479001
   1.7070000e+01  -0.0007182334267479001
   1.7080000e+01  -0.0009340006717479001
   1.7090000e+01  -0.0012006896067479002
   1.7100000e+01  -0.0014629173467479001
   1.7110000e+01  -0.0016850507917479
   1.7120000e+01  -0.0018010060182479001
   1.7130000e+01   -0.0017870458217479
   1.7140000e+01   -0.0017429201547479
   1.7150000e+01  -0.0017887849707479001
   1.7160000e+01  -0.0019026769257479
   1.7170000e+01  -0.0019787877662479
   1.7180000e+01  -0.0020267050647479
   1.7190000e+01  -0.0021610866927479
   1.7200000e+01  -0.0023567042777478996
   1.7210000e+01   -0.0023554693727478996
   1.7220000e+01   -0.0019633411427479
   1.7230000e+01   -0.0014037187777479
   1.7240000e+01  -0.0011635629207479
   1.7250000e+01  -0.0014188885387479
   1.7260000e+01  -0.0018434265187479
   1.7270000e+01  -0.0020643477197479
   1.7280000e+01   -0.0020167419557479
   1.7290000e+01   -0.0017907094307479
   1.7300000e+01   -0.0014749824907479
   1.7310000e+01   -0.0012091825507479
   1.7320000e+01   -0.0011089943715479
   1.7330000e+01  -0.0011458220348478999
   1.7340000e+01  -0.0012489020023478997
   1.7350000e+01  -0.0013817170623478998
   1.7360000e+01   -0.0014461981642978998
   1.7370000e+01   -0.0013506561662478998
   1.7380000e+01   -0.0012200376047478997
   1.7390000e+01  -0.0013084828232478997
   1.7400000e+01  -0.0016880425082478998
   1.7410000e+01  -0.0021769181432478996
   1.7420000e+01  -0.0025162129282478994
   1.7430000e+01   -0.0025261606932478996
   1.7440000e+01   -0.0022072524382478996
   1.7450000e+01   -0.0017548685782478996
   1.7460000e+01   -0.0014076269332478995
   1.7470000e+01  -0.0013090310327478994
   1.7480000e+01  -0.0014876518522478994
   1.7490000e+01  -0.0017757004272478995
   1.7500000e+01   -0.0018150188722478994
   1.7510000e+01   -0.0014481366472478994
   1.7520000e+01   -0.0010091870722478994
   1.7530000e+01  -0.0009187563522478994
   1.7540000e+01  -0.0011703029922478995
   1.7550000e+01  -0.0015138929022478994
   1.7560000e+01  -0.0018635449022478994
   1.7570000e+01  -0.0021900786122478993
   1.7580000e+01   -0.0023106437537478994
   1.7590000e+01   -0.0021368592652478992
   1.7600000e+01   -0.0019030279702478992
   1.7610000e+01  -0.0018594480502478992
   1.7620000e+01  -0.0019295384967478993
   1.7630000e+01   -0.0018996153932478992
   1.7640000e+01   -0.0017596120132478991
   1.7650000e+01   -0.0016237920032478991
   1.7660000e+01   -0.001472922188247899
   1.7670000e+01   -0.001231720353247899
   1.7680000e+01   -0.001009543978247899
   1.7690000e+01  -0.001010721428247899
   1.7700000e+01  -0.001225494253247899
   1.7710000e+01  -0.001411180858247899
   1.7720000e+01   -0.001393641613247899
   1.7730000e+01   -0.001247330193247899
   1.7740000e+01   -0.0011545737857478991
   1.7750000e+01  -0.0011801519372478992
   1.7760000e+01  -0.0012238563572478992
   1.7770000e+01   -0.0011449216682478992
   1.7780000e+01   -0.0008810428432478992
   1.7790000e+01   -0.0004808856332478992
   1.7800000e+01   -9.91080232478992e-5
   1.7810000e+01   6.841493825210078e-5
   1.7820000e+01  -5.497111024789923e-5
   1.7830000e+01  -0.00034151557524789925
   1.7840000e+01  -0.0006064669252478993
   1.7850000e+01  -0.0007981658602478993
   1.7860000e+01  -0.0009683242152478993
   1.7870000e+01  -0.0011226062802478993
   1.7880000e+01  -0.0012186085517478993
   1.7890000e+01  -0.0012902750062478993
   1.7900000e+01  -0.0014484846992478995
   1.7910000e+01  -0.0017071185192478995
   1.7920000e+01  -0.0019021834642478995
   1.7930000e+01   -0.0018890377692478994
   1.7940000e+01   -0.0017531263242478994
   1.7950000e+01  -0.0016823418843328994
   1.7960000e+01  -0.0017076018054178995
   1.7970000e+01  -0.0017501573204178995
   1.7980000e+01  -0.0017992105379178995
   1.7990000e+01   -0.0018162506489178996
   1.8000000e+01   -0.0016621275164178996
   1.8010000e+01   -0.0013992728664178995
   1.8020000e+01  -0.0014041151714178995
   1.8030000e+01  -0.0018544287664178996
   1.8040000e+01  -0.0023844934864178996
   1.8050000e+01   -0.0025513993289178996
   1.8060000e+01   -0.0023497693914178996
   1.8070000e+01   -0.0020259287164178996
   1.8080000e+01   -0.0017109725264178996
   1.8090000e+01   -0.0014665976614178997
   1.8100000e+01  -0.0014107487119178997
   1.8110000e+01  -0.0015763120424178998
   1.8120000e+01  -0.0018018807824178998
   1.8130000e+01   -0.0018949373352678998
   1.8140000e+01   -0.0018094655281178998
   1.8150000e+01   -0.0016065491331178998
   1.8160000e+01   -0.0013469822331178998
   1.8170000e+01   -0.0011008657431178998
   1.8180000e+01   -0.0009810905491178998
   1.8190000e+01  -0.0010463196801179
   1.8200000e+01  -0.0011796401551178999
   1.8210000e+01   -0.0011743695901178998
   1.8220000e+01   -0.0009817028851178999
   1.8230000e+01   -0.0007937766001178999
   1.8240000e+01  -0.0008086385001178999
   1.8250000e+01  -0.0009560550701178999
   1.8260000e+01   -0.0009767555101179
   1.8270000e+01   -0.0007997288251178999
   1.8280000e+01   -0.0006726331226178998
   1.8290000e+01  -0.0007961173501178998
   1.8300000e+01  -0.0010034272351178999
   1.8310000e+01   -0.0009797154951179
   1.8320000e+01   -0.0006436388851179
   1.8330000e+01   -0.00016184896011789992
   1.8340000e+01   0.0002273116848821001
   1.8350000e+01  0.0002789414298821001
   1.8360000e+01  -0.00012607702511789994
   1.8370000e+01  -0.0007544505801178999
   1.8380000e+01  -0.0011442419801178999
   1.8390000e+01   -0.0010897301901178998
   1.8400000e+01   -0.0008010412201178998
   1.8410000e+01   -0.0005197376651178997
   1.8420000e+01   -0.0002456762551178997
   1.8430000e+01   6.730552488210027e-5
   1.8440000e+01   0.0002928159448821003
   1.8450000e+01  0.00022940282488210026
   1.8460000e+01  -0.00016849606511789975
   1.8470000e+01  -0.0006667215501178998
   1.8480000e+01   -0.0008808266876178998
   1.8490000e+01   -0.0006312406351178998
   1.8500000e+01   -0.0001197286451178999
   1.8510000e+01   0.0003192709948821001
   1.8520000e+01   0.0005075032738821001
   1.8530000e+01  0.00045069309788210016
   1.8540000e+01  0.00029750296788210015
   1.8550000e+01   0.00026390969638210015
   1.8560000e+01   0.00041903613988210017
   1.8570000e+01   0.0006190907548821002
   1.8580000e+01   0.0007386255203821002
   1.8590000e+01   0.0007909761178821002
   1.8600000e+01  0.0007880320803821002
   1.8610000e+01  0.0007112994958821002
   1.8620000e+01  0.0006446042463821003
   1.8630000e+01   0.0007386793568821003
   1.8640000e+01   0.0010222581418821003
   1.8650000e+01   0.0013382350168821004
   1.8660000e+01  0.0014659939558821005
   1.8670000e+01  0.0013404125748821005
   1.8680000e+01  0.0011696500698821005
   1.8690000e+01   0.0012062193298821005
   1.8700000e+01   0.0014338057798821005
   1.8710000e+01   0.0017008176548821007
   1.8720000e+01   0.002004148719882101
   1.8730000e+01   0.002306733124882101
   1.8740000e+01  0.0023438866648821007
   1.8750000e+01  0.0020243475398821005
   1.8760000e+01  0.0017230675048821005
   1.8770000e+01   0.0018111175898821005
   1.8780000e+01   0.0022118915148821006
   1.8790000e+01   0.0026514540698821007
   1.8800000e+01   0.0029859500698821008
   1.8810000e+01   0.0031501626603821008
   1.8820000e+01  0.0031224562558821007
   1.8830000e+01  0.0029943310758821008
   1.8840000e+01  0.0028502785608821007
   1.8850000e+01  0.0026724236108821007
   1.8860000e+01  0.0025279137368821006
   1.8870000e+01   0.0026329515078821007
   1.8880000e+01   0.0030386845228821007
   1.8890000e+01   0.0034659242528821007
   1.8900000e+01   0.003635036914932101
   1.8910000e+01  0.003568816366982101
   1.8920000e+01  0.0034018714069821007
   1.8930000e+01  0.0031123632919821008
   1.8940000e+01  0.002672800456982101
   1.8950000e+01  0.002253743351982101
   1.8960000e+01  0.0020117705119821008
   1.8970000e+01  0.0018831425769821007
   1.8980000e+01  0.0018253574553321007
   1.8990000e+01   0.0019974697886821005
   1.9000000e+01   0.0024644051836821006
   1.9010000e+01   0.0029966317286821004
   1.9020000e+01   0.0033640169836821002
   1.9030000e+01   0.0035747956486821
   1.9040000e+01   0.0036921269106821
   1.9050000e+01  0.0036729331826821
   1.9060000e+01  0.0035059797676821
   1.9070000e+01  0.0033102158026821
   1.9080000e+01  0.0032232200540821
   1.9090000e+01   0.0033087181204821
   1.9100000e+01   0.0035330100704821
   1.9110000e+01   0.0037187943004821
   1.9120000e+01  0.0036381385354820996
   1.9130000e+01  0.0032991346154820998
   1.9140000e+01  0.0030507018774821
   1.9150000e+01   0.0033279918294821
   1.9160000e+01   0.0044057383444821
   1.9170000e+01   0.0063425699444821
   1.9180000e+01   0.008844014994482102
   1.9190000e+01   0.011128343494482102
   1.9200000e+01   0.012301758009482102
   1.9210000e+01  0.012066254974482103
   1.9220000e+01  0.010848316374482104
   1.9230000e+01  0.009163186424482104
   1.9240000e+01  0.007157326324482105
   1.9250000e+01  0.0048809531744821045
   1.9260000e+01  0.0026348272744821043
   1.9270000e+01  0.0007918528244821043
   1.9280000e+01  -0.0004621982005178957
   1.9290000e+01  -0.0009813968920178958
   1.9300000e+01   -0.0005424408035178958
   1.9310000e+01   0.0008022996014821042
   1.9320000e+01   0.002458432551482104
   1.9330000e+01   0.003708595286482104
   1.9340000e+01   0.004274464051482104
   1.9350000e+01  0.0042622623764821035
   1.9360000e+01  0.0038339719564821034
   1.9370000e+01  0.0032431025064821035
   1.9380000e+01   0.0029779577604821033
   1.9390000e+01   0.0035743216994821034
   1.9400000e+01   0.0053101548994821035
   1.9410000e+01   0.008013978799482104
   1.9420000e+01   0.010954616849482103
   1.9430000e+01   0.013063919649482104
   1.9440000e+01  0.013609584904482103
   1.9450000e+01  0.012655462259482103
   1.9460000e+01  0.010821569309482103
   1.9470000e+01  0.008866949409482103
   1.9480000e+01  0.007529116804482103
   1.9490000e+01   0.007224917904482103
   1.9500000e+01   0.007614416024482103
   1.9510000e+01  0.007873822883982102
   1.9520000e+01  0.007679436358482102
   1.9530000e+01   0.007549037883482102
   1.9540000e+01   0.007986654238482103
   1.9550000e+01   0.008705114118482103
   1.9560000e+01  0.008947803478482102
   1.9570000e+01  0.008247755568482102
   1.9580000e+01  0.006727523668482102
   1.9590000e+01  0.004975830768482102
   1.9600000e+01  0.003708652853482102
   1.9610000e+01  0.003278142476382102
   1.9620000e+01   0.003466454619282102
   1.9630000e+01   0.003887334884282102
   1.9640000e+01   0.004471021999282102
   1.9650000e+01   0.005363960304282102
   1.9660000e+01   0.006469332604282102
   1.9670000e+01   0.007386602084282102
   1.9680000e+01   0.007866427169282103
   1.9690000e+01   0.008090228769282103
   1.9700000e+01   0.008391866689282103
   1.9710000e+01   0.008902602809282104
   1.9720000e+01   0.009553075619282104
   1.9730000e+01   0.010198632569282103
   1.9740000e+01   0.010645675889282103
   1.9750000e+01  0.010742712405282103
   1.9760000e+01  0.010522367296282103
   1.9770000e+01  0.010140768076282102
   1.9780000e+01  0.009687236556282102
   1.9790000e+01  0.009181518066282103
   1.9800000e+01  0.008728498216282103
   1.9810000e+01  0.008470973591282103
   1.9820000e+01  0.008306878606282103
   1.9830000e+01  0.007873441081282103
   1.9840000e+01  0.007004727266282103
   1.9850000e+01  0.0060120814912821025
   1.9860000e+01  0.005319142751282102
   1.9870000e+01  0.005048629502782102
   1.9880000e+01   0.0051156618692821025
   1.9890000e+01   0.005404952344282102
   1.9900000e+01   0.005682026879282102
   1.9910000e+01  0.005644420779282101
   1.9920000e+01  0.005262245184282101
   1.9930000e+01  0.004884394869282101
   1.9940000e+01   0.004888058904282101
   1.9950000e+01   0.005335674919282101
   1.9960000e+01   0.006018081674282101
   1.9970000e+01   0.006690851759282101
   1.9980000e+01   0.007183648374282101
   1.9990000e+01   0.007444662689282101
   2.0000000e+01   0.007680112509282101
   2.0010000e+01   0.008321713964282102
   2.0020000e+01   0.009552731129282102
   2.0030000e+01   0.010900911779282103
   2.0040000e+01   0.011582394319282104
   2.0050000e+01  0.011228718274282104
   2.0060000e+01  0.010086943239282104
   2.0070000e+01  0.008677970039282104
   2.0080000e+01  0.007510535309282104
   2.0090000e+01  0.006921290239282104
   2.0100000e+01   0.006895567254282104
   2.0110000e+01   0.007126326979282104
   2.0120000e+01   0.007359965694282104
   2.0130000e+01   0.007565059989282104
   2.0140000e+01   0.007725330599282104
   2.0150000e+01  0.007555231994282104
   2.0160000e+01  0.006325612979282104
   2.0170000e+01  0.0026475678792821033
   2.0180000e+01  -0.005796968120717897
   2.0190000e+01  -0.021809373120717897
   2.0200000e+01  -0.0464464011207179
   2.0210000e+01  -0.07538538862071789
   2.0220000e+01  -0.09607910912071789
   2.0230000e+01   -0.08937615612071789
   2.0240000e+01   -0.04129941962071789
   2.0250000e+01   0.03574427087928212
   2.0260000e+01   0.09444065137928212
   2.0270000e+01  0.08275699537928212
   2.0280000e+01  -0.006612324120717883
   2.0290000e+01  -0.1250115091207179
   2.0300000e+01  -0.20757163262071787
   2.0310000e+01   -0.21241269412071787
   2.0320000e+01   -0.13181089712071786
   2.0330000e+01   -0.0004175021207178664
   2.0340000e+01   0.10417916737928212
   2.0350000e+01  0.10894032887928212
   2.0360000e+01  0.014888140879282113
   2.0370000e+01  -0.0975252351207179
   2.0380000e+01   -0.1412254392707179
   2.0390000e+01   -0.09135849642071789
   2.0400000e+01   0.012654349579282118
   2.0410000e+01   0.11377760057928211
   2.0420000e+01   0.17642772657928213
   2.0430000e+01  0.18611847257928213
   2.0440000e+01  0.13681293757928212
   2.0450000e+01  0.04643454657928213
   2.0460000e+01  -0.031622500920717875
   2.0470000e+01   -0.05589602482071788
   2.0480000e+01   -0.04807559902071788
   2.0490000e+01  -0.05297074632071788
   2.0500000e+01  -0.06332518392071788
   2.0510000e+01   -0.042037962020717884
   2.0520000e+01   -0.004430206020717885
   2.0530000e+01  -0.0062363210207178835
   2.0540000e+01  -0.048724082520717873
   2.0550000e+01   -0.06721018602071788
   2.0560000e+01   -0.029361224520717877
   2.0570000e+01   0.014807020979282118
   2.0580000e+01  0.00018589547928211762
   2.0590000e+01  -0.08224976602071787
   2.0600000e+01  -0.19104749602071788
   2.0610000e+01  -0.26758008402071787
   2.0620000e+01   -0.2623725410207179
   2.0630000e+01   -0.1729461300207179
   2.0640000e+01   -0.05904734002071789
   2.0650000e+01   0.00711328697928211
   2.0660000e+01  -0.001023536520717891
   2.0670000e+01  -0.06037374302071789
   2.0680000e+01  -0.11782590852071789
   2.0690000e+01   -0.1111748615207179
   2.0700000e+01   -0.017889465020717907
   2.0710000e+01   0.10814076997928211
   2.0720000e+01   0.18360856697928213
   2.0730000e+01  0.17639568447928214
   2.0740000e+01  0.11352166247928214
   2.0750000e+01  0.031191809479282143
   2.0760000e+01  -0.04631205652071786
   2.0770000e+01  -0.09474069302071786
   2.0780000e+01   -0.09552702252071786
   2.0790000e+01   -0.05417696502071786
   2.0800000e+01   0.005491466479282149
   2.0810000e+01   0.06315105547928215
   2.0820000e+01   0.10903411297928214
   2.0830000e+01   0.13772863197928215
   2.0840000e+01  0.14421445277928216
   2.0850000e+01  0.12331643657928215
   2.0860000e+01  0.07542107707928214
   2.0870000e+01  0.01649900857928214
   2.0880000e+01  -0.03005508592071786
   2.0890000e+01  -0.05725610092071785
   2.0900000e+01  -0.07470343792071785
   2.0910000e+01  -0.08921587842071785
   2.0920000e+01  -0.11045716942071784
   2.0930000e+01  -0.16251036942071784
   2.0940000e+01  -0.25236203342071784
   2.0950000e+01  -0.3375238144207178
   2.0960000e+01   -0.35865450242071784
   2.0970000e+01   -0.29172428442071785
   2.0980000e+01   -0.14809536942071785
   2.0990000e+01   0.04217715057928215
   2.1000000e+01   0.21443151057928217
   2.1010000e+01  0.27608729707928215
   2.1020000e+01  0.18360588857928217
   2.1030000e+01  0.0035634535792821442
   2.1040000e+01  -0.13737495642071787
   2.1050000e+01   -0.15630190492071788
   2.1060000e+01   -0.05652590842071788
   2.1070000e+01   0.09667078157928215
   2.1080000e+01   0.21334303457928216
   2.1090000e+01  0.23047769657928216
   2.1100000e+01  0.16875913757928215
   2.1110000e+01  0.11789074807928215
   2.1120000e+01   0.14213680807928214
   2.1130000e+01   0.22313574007928216
   2.1140000e+01   0.29879803357928214
   2.1150000e+01  0.31795870807928217
   2.1160000e+01  0.25793481957928216
   2.1170000e+01  0.13763298957928216
   2.1180000e+01  0.01719050457928216
   2.1190000e+01  -0.050802949420717836
   2.1200000e+01   -0.06508066507071783
   2.1210000e+01   -0.05364147122071783
   2.1220000e+01   -0.03448972922071783
   2.1230000e+01   -0.018231589220717832
   2.1240000e+01  -0.022181322720717832
   2.1250000e+01  -0.05756388472071783
   2.1260000e+01  -0.10743429072071783
   2.1270000e+01   -0.12594709572071783
   2.1280000e+01   -0.07151431722071783
   2.1290000e+01   0.04746598527928217
   2.1300000e+01   0.16896385527928218
   2.1310000e+01   0.22935838127928218
   2.1320000e+01  0.21020744727928217
   2.1330000e+01  0.1366492272792822
   2.1340000e+01  0.0520129232792822
   2.1350000e+01  -0.004615694220717795
   2.1360000e+01   -0.018162546270717797
   2.1370000e+01   -0.004691205820717796
   2.1380000e+01   0.009959133679282204
   2.1390000e+01   0.020448860179282206
   2.1400000e+01   0.03857864567928221
   2.1410000e+01   0.060595154679282205
   2.1420000e+01  0.06461433817928221
   2.1430000e+01  0.04843302167928221
   2.1440000e+01  0.03591720987928221
   2.1450000e+01   0.035134766779282206
   2.1460000e+01  0.028389590479282207
   2.1470000e+01  0.009257356479282206
   2.1480000e+01  -0.014233875520717795
   2.1490000e+01  -0.053076420520717794
   2.1500000e+01  -0.1256904930207178
   2.1510000e+01  -0.21076729952071782
   2.1520000e+01  -0.2532448357207178
   2.1530000e+01   -0.22234972442071782
   2.1540000e+01   -0.13800132342071783
   2.1550000e+01   -0.043753398920717834
   2.1560000e+01   0.022934072579282164
   2.1570000e+01  0.041537923029282164
   2.1580000e+01  0.019645784979282162
   2.1590000e+01  -0.003997647020717837
   2.1600000e+01   0.009129706479282164
   2.1610000e+01   0.05797149347928216
   2.1620000e+01   0.10906697697928217
   2.1630000e+01   0.13815472297928216
   2.1640000e+01  0.14414517477928215
   2.1650000e+01  0.12959393007928216
   2.1660000e+01  0.09384961307928216
   2.1670000e+01  0.04332479257928216
   2.1680000e+01  -0.010836956920717844
   2.1690000e+01  -0.06113865192071784
   2.1700000e+01  -0.09861917942071785
   2.1710000e+01   -0.10998374437071785
   2.1720000e+01   -0.09114057682071786
   2.1730000e+01   -0.05716936182071786
   2.1740000e+01   -0.03174725332071786
   2.1750000e+01  -0.02695310857071786
   2.1760000e+01  -0.03248584822071786
   2.1770000e+01   -0.02499934462071786
   2.1780000e+01   0.006037440379282142
   2.1790000e+01   0.039059122379282135
   2.1800000e+01  0.033777107379282134
   2.1810000e+01  -0.02915767312071786
   2.1820000e+01  -0.12440080362071786
   2.1830000e+01  -0.20176180912071784
   2.1840000e+01   -0.22464790312071783
   2.1850000e+01   -0.18626747962071782
   2.1860000e+01   -0.10218756112071782
   2.1870000e+01   -0.002529614620717824
   2.1880000e+01   0.07561608387928218
   2.1890000e+01   0.10810960417928217
   2.1900000e+01  0.10186703197928217
   2.1910000e+01  0.08523501147928217
   2.1920000e+01   0.07962895802928217
   2.1930000e+01   0.08674533807928217
   2.1940000e+01   0.09896361057928217
   2.1950000e+01   0.10991031657928217
   2.1960000e+01  0.11432187667928218
   2.1970000e+01  0.10724462927928217
   2.1980000e+01  0.08691067277928217
   2.1990000e+01  0.05718359477928217
   2.2000000e+01  0.02782537427928217
   2.2010000e+01  0.00868937977928217
   2.2020000e+01  -0.00030821987071782964
   2.2030000e+01  -0.00689044712071783
   2.2040000e+01  -0.01211717312071783
   2.2050000e+01   -0.01255526587071783
   2.2060000e+01  -0.018758734720717832
   2.2070000e+01  -0.04912540572071783
   2.2080000e+01  -0.09814223422071783
   2.2090000e+01  -0.13432868372071782
   2.2100000e+01   -0.14089961162071782
   2.2110000e+01  -0.1390306854207178
   2.2120000e+01  -0.15946197432071782
   2.2130000e+01  -0.2050740918207178
   2.2140000e+01  -0.24975225532071782
   2.2150000e+01   -0.2631095234707178
   2.2160000e+01   -0.23041816462071782
   2.2170000e+01   -0.15741432412071782
   2.2180000e+01   -0.06295377162071782
   2.2190000e+01   0.03341866637928219
   2.2200000e+01   0.11822700037928219
   2.2210000e+01   0.18211134437928217
   2.2220000e+01   0.21616734237928217
   2.2230000e+01  0.21320660437928218
   2.2240000e+01  0.17720210837928219
   2.2250000e+01  0.1324279058792822
   2.2260000e+01   0.11232648678378218
   2.2270000e+01   0.1321617786882822
   2.2280000e+01   0.17775027118828218
   2.2290000e+01   0.21727008868828218
   2.2300000e+01  0.21581998168828218
   2.2310000e+01  0.15483402968828217
   2.2320000e+01  0.05731008768828216
   2.2330000e+01  -0.021700946311717845
   2.2340000e+01  -0.05062028901171785
   2.2350000e+01   -0.05151346146171785
   2.2360000e+01  -0.05951206271171785
   2.2370000e+01  -0.07793951871171785
   2.2380000e+01  -0.09347432221171785
   2.2390000e+01  -0.10672291221171785
   2.2400000e+01  -0.12303301021171785
   2.2410000e+01  -0.13614745506171785
   2.2420000e+01  -0.14048798611671787
   2.2430000e+01  -0.14140756582171787
   2.2440000e+01  -0.14332211417171786
   2.2450000e+01   -0.14267603637171786
   2.2460000e+01   -0.13272561522171786
   2.2470000e+01   -0.10215567672171785
   2.2480000e+01   -0.03698901672171785
   2.2490000e+01   0.060114480278282145
   2.2500000e+01   0.15790334677828216
   2.2510000e+01   0.21807145327828215
   2.2520000e+01  0.22959574177828215
   2.2530000e+01  0.21323579477828214
   2.2540000e+01  0.18962428227828215
   2.2550000e+01  0.15415560677828216
   2.2560000e+01  0.09427596427828216
   2.2570000e+01  0.020022398278282158
   2.2580000e+01  -0.042036446221717844
   2.2590000e+01  -0.07814610822171784
   2.2600000e+01  -0.09147144067171785
   2.2610000e+01   -0.08414004262171784
   2.2620000e+01   -0.05380546162171784
   2.2630000e+01   -0.0030553371217178424
   2.2640000e+01   0.060004581378282164
   2.2650000e+01   0.12349522287828216
   2.2660000e+01   0.16737878537828216
   2.2670000e+01  0.16968133137828215
   2.2680000e+01  0.12777255687828215
   2.2690000e+01  0.06784201987828214
   2.2700000e+01  0.025710146378282145
   2.2710000e+01   0.01790047622828214
   2.2720000e+01   0.032559615078282145
   2.2730000e+01   0.046939318978282144
   2.2740000e+01  0.04858573312828214
   2.2750000e+01  0.03649543937828214
   2.2760000e+01  0.010835133378282139
   2.2770000e+01  -0.02522503062171786
   2.2780000e+01  -0.05747103012171786
   2.2790000e+01  -0.07025250308171786
   2.2800000e+01   -0.06584518884171786
   2.2810000e+01  -0.06178745724171786
   2.2820000e+01  -0.06714564979171786
   2.2830000e+01  -0.07322163734171785
   2.2840000e+01   -0.06807455544171785
   2.2850000e+01   -0.04615664944171785
   2.2860000e+01   -0.004890215941717846
   2.2870000e+01   0.05087237905828215
   2.2880000e+01   0.10243358155828215
   2.2890000e+01   0.13064606055828215
   2.2900000e+01  0.13019921055828215
   2.2910000e+01  0.10170791255828215
   2.2920000e+01  0.04767894705828215
   2.2930000e+01  -0.012885011441717859
   2.2940000e+01  -0.04948582594171786
   2.2950000e+01   -0.05297993694171786
   2.2960000e+01   -0.04346864124171786
   2.2970000e+01   -0.03767377249171786
   2.2980000e+01   -0.02853939394171786
   2.2990000e+01   -0.0030972939417178574
   2.3000000e+01   0.03715794255828215
   2.3010000e+01   0.07858870655828215
   2.3020000e+01   0.10553511355828216
   2.3030000e+01  0.10683233955828216
   2.3040000e+01  0.08196572855828216
   2.3050000e+01  0.04226401755828216
   2.3060000e+01  0.003994149558282152
   2.3070000e+01  -0.01792106494171785
   2.3080000e+01   -0.01459813494171785
   2.3090000e+01   0.008912967558282152
   2.3100000e+01   0.03295261955828215
   2.3110000e+01  0.03777880675828215
   2.3120000e+01  0.01647551695828215
   2.3130000e+01  -0.02831456954171785
   2.3140000e+01  -0.09091013404171785
   2.3150000e+01  -0.15741676254171785
   2.3160000e+01  -0.20025668904171784
   2.3170000e+01   -0.19290300904171784
   2.3180000e+01   -0.13688640004171782
   2.3190000e+01   -0.06559346654171781
   2.3200000e+01   -0.012043256041717805
   2.3210000e+01   0.022710178458282194
   2.3220000e+01   0.0635265634582822
   2.3230000e+01   0.1316632669582822
   2.3240000e+01   0.2288783264582822
   2.3250000e+01   0.34132785645828223
   2.3260000e+01   0.4467174349582822
   2.3270000e+01   0.5239178294582822
   2.3280000e+01   0.5715977139582823
   2.3290000e+01   0.6178327654582823
   2.3300000e+01   0.6978967184582823
   2.3310000e+01   0.8179785834582822
   2.3320000e+01   0.9449015684582822
   2.3330000e+01   1.0287518554582822
   2.3340000e+01  1.034524773458282
   2.3350000e+01  0.9635076794582821
   2.3360000e+01  0.8492979644582821
   2.3370000e+01  0.7237655444582821
   2.3380000e+01  0.5876699994582821
   2.3390000e+01  0.4243376944582822
   2.3400000e+01  0.23199743945828216
   2.3410000e+01  0.027005959458282186
   2.3420000e+01  -0.1720320905417178
   2.3430000e+01  -0.34719264054171783
   2.3440000e+01  -0.48512860054171786
   2.3450000e+01  -0.5963305305417179
   2.3460000e+01  -0.715415815541718
   2.3470000e+01  -0.866622475541718
   2.3480000e+01  -1.043461675541718
   2.3490000e+01  -1.2346534905417181
   2.3500000e+01  -1.452376340541718
   2.3510000e+01  -1.717948955541718
   2.3520000e+01  -2.031184250541718
   2.3530000e+01  -2.367235690541718
   2.3540000e+01  -2.692576560541718
   2.3550000e+01  -2.974739200541718
   2.3560000e+01  -3.193544335541718
   2.3570000e+01  -3.3554865805417182
   2.3580000e+01  -3.4780673005417184
   2.3590000e+01  -3.5428275045417186
   2.3600000e+01   -3.4773856185417187
   2.3610000e+01   -3.1991865835417186
   2.3620000e+01   -2.6736805735417186
   2.3630000e+01   -1.9321823685417185
   2.3640000e+01   -1.0486419535417186
   2.3650000e+01   -0.10179285354171863
   2.3660000e+01   0.8544152314582815
   2.3670000e+01   1.7938904414582815
   2.3680000e+01   2.6940403314582815
   2.3690000e+01   3.5080185164582813
   2.3700000e+01   4.159224786458282
   2.3710000e+01   4.565935781458282
   2.3720000e+01  4.684641521458282
   2.3730000e+01  4.5379858614582815
   2.3740000e+01  4.193782336458281
   2.3750000e+01  3.7150260964582813
   2.3760000e+01  3.1406655164582813
   2.3770000e+01  2.506782196458281
   2.3780000e+01  1.856347301458281
   2.3790000e+01  1.222246621458281
   2.3800000e+01  0.627404901458281
   2.3810000e+01  0.10827933145828095
   2.3820000e+01  -0.2893880385417191
   2.3830000e+01  -0.5479183985417191
   2.3840000e+01  -0.688259539541719
   2.3850000e+01  -0.740388209541719
   2.3860000e+01   -0.730332281541719
   2.3870000e+01   -0.696235712541719
   2.3880000e+01  -0.680023012641719
   2.3890000e+01  -0.692128798241719
   2.3900000e+01  -0.710412331241719
   2.3910000e+01   -0.715987713691719
   2.3920000e+01   -0.704428860641719
   2.3930000e+01   -0.667479776641719
   2.3940000e+01   -0.595533089141719
   2.3950000e+01   -0.49633988464171896
   2.3960000e+01   -0.38557886964171895
   2.3970000e+01   -0.2622250996417189
   2.3980000e+01   -0.11313590464171891
   2.3990000e+01   0.05979484535828111
   2.4000000e+01   0.2246477603582811
   2.4010000e+01   0.3273926968582811
   2.4020000e+01  0.3237966483582811
   2.4030000e+01  0.2257171683582811
   2.4040000e+01  0.11483980785828109
   2.4050000e+01   0.08954215785828108
   2.4060000e+01   0.19079649335828108
   2.4070000e+01   0.38111677835828106
   2.4080000e+01   0.579662633358281
   2.4090000e+01   0.6980398003582811
   2.4100000e+01  0.6534192223582811
   2.4110000e+01  0.3893151423582811
   2.4120000e+01  -0.08487534264171898
   2.4130000e+01  -0.683816917641719
   2.4140000e+01  -1.298852147641719
   2.4150000e+01  -1.8629323376417188
   2.4160000e+01  -2.362238872641719
   2.4170000e+01  -2.8038756376417187
   2.4180000e+01  -3.184323232641719
   2.4190000e+01  -3.4684687726417187
   2.4200000e+01   -3.578920211441719
   2.4210000e+01   -3.415892980241719
   2.4220000e+01   -2.909822110241719
   2.4230000e+01   -2.069568170241719
   2.4240000e+01   -0.9888609202417189
   2.4250000e+01   0.19481912975828108
   2.4260000e+01   1.3641121797582811
   2.4270000e+01   2.464077179758281
   2.4280000e+01   3.489577864758281
   2.4290000e+01   4.433980949758281
   2.4300000e+01   5.251097314758281
   2.4310000e+01   5.857436039758281
   2.4320000e+01   6.159454464758281
   2.4330000e+01  6.086835224758281
   2.4340000e+01  5.621178254758281
   2.4350000e+01  4.80010168975828
   2.4360000e+01  3.68936513975828
   2.4370000e+01  2.35523063975828
   2.4380000e+01  0.8676319397582797
   2.4390000e+01  -0.6832280102417203
   2.4400000e+01  -2.1891961602417203
   2.4410000e+01  -3.5384932602417205
   2.4420000e+01  -4.61318801024172
   2.4430000e+01  -5.285500970241721
   2.4440000e+01   -5.469323327241721
   2.4450000e+01   -5.210659929241721
   2.4460000e+01   -4.6953810092417205
   2.4470000e+01   -4.126694019241721
   2.4480000e+01   -3.608704049241721
   2.4490000e+01   -3.160685419241721
   2.4500000e+01   -2.7968208042417206
   2.4510000e+01   -2.5498435642417205
   2.4520000e+01   -2.4310743692417205
   2.4530000e+01   -2.3900790802417204
   2.4540000e+01   -2.3186888612417205
   2.4550000e+01   -2.1075965012417206
   2.4560000e+01   -1.7123860362417207
   2.4570000e+01   -1.1608196212417208
   2.4580000e+01   -0.49733837624172084
   2.4590000e+01   0.2646453237582792
   2.4600000e+01   1.1363201737582793
   2.4610000e+01   2.119234583758279
   2.4620000e+01   3.182129383758279
   2.4630000e+01   4.250422383758279
   2.4640000e+01   5.203350168758279
   2.4650000e+01   5.900222848758279
   2.4660000e+01   6.243989763758279
   2.4670000e+01  6.233055943758279
   2.4680000e+01  5.945303253758279
   2.4690000e+01  5.4722044437582795
   2.4700000e+01  4.87322400875828
   2.4710000e+01  4.18136323375828
   2.4720000e+01  3.4276965337582794
   2.4730000e+01  2.646509628758279
   2.4740000e+01  1.8587240087582793
   2.4750000e+01  1.0582391537582794
   2.4760000e+01  0.22224322375827932
   2.4770000e+01  -0.6602192062417206
   2.4780000e+01  -1.5684070112417206
   2.4790000e+01  -2.4528032462417206
   2.4800000e+01  -3.2446911362417206
   2.4810000e+01  -3.8604418912417207
   2.4820000e+01  -4.222976441241721
   2.4830000e+01   -4.311005310241721
   2.4840000e+01   -4.182735319241721
   2.4850000e+01   -3.9244912942417214
   2.4860000e+01   -3.5762426242417216
   2.4870000e+01   -3.1238021342417217
   2.4880000e+01   -2.5496219642417217
   2.4890000e+01   -1.8652097642417216
   2.4900000e+01   -1.1064469542417215
   2.4910000e+01   -0.32855758424172143
   2.4920000e+01   0.3957858557582785
   2.4930000e+01   0.9987456557582786
   2.4940000e+01   1.4471281107582785
   2.4950000e+01   1.7449162807582785
   2.4960000e+01   1.9102621657582786
   2.4970000e+01  1.9594527045082786
   2.4980000e+01  1.9090844097582786
   2.4990000e+01  1.7788984012582787
   2.5000000e+01  1.5872724962582787
   2.5010000e+01  1.3507005062582786
   2.5020000e+01  1.0897788712582788
   2.5030000e+01  0.8298714012582789
   2.5040000e+01  0.5927179312582789
   2.5050000e+01  0.3861388012582789
   2.5060000e+01  0.19819644625827887
   2.5070000e+01  0.004010481258278881
   2.5080000e+01  -0.21058648374172112
   2.5090000e+01  -0.42850595874172115
   2.5100000e+01  -0.6132822487417211
   2.5110000e+01  -0.7473937537417211
   2.5120000e+01  -0.8544103387417211
   2.5130000e+01  -0.9773900437417211
   2.5140000e+01  -1.1346043987417211
   2.5150000e+01  -1.2984972637417211
   2.5160000e+01  -1.419133756741721
   2.5170000e+01  -1.466685593341721
   2.5180000e+01   -1.449568341441721
   2.5190000e+01   -1.394148371441721
   2.5200000e+01   -1.311369684441721
   2.5210000e+01   -1.182368071941721
   2.5220000e+01   -0.9720857369417211
   2.5230000e+01   -0.656774841941721
   2.5240000e+01   -0.24474185694172096
   2.5250000e+01   0.22131811805827906
   2.5260000e+01   0.6791781380582791
   2.5270000e+01   1.0720937980582792
   2.5280000e+01   1.3723533180582792
   2.5290000e+01   1.5855711930582792
   2.5300000e+01   1.7305691230582791
   2.5310000e+01   1.818140199558279
   2.5320000e+01   1.851455051758279
   2.5330000e+01  1.836421507458279
   2.5340000e+01  1.778325923958279
   2.5350000e+01  1.668006375458279
   2.5360000e+01  1.478453720458279
   2.5370000e+01  1.180271540458279
   2.5380000e+01  0.7665088854582791
   2.5390000e+01  0.2667861804582791
   2.5400000e+01  -0.26652936954172085
   2.5410000e+01  -0.7895523845417209
   2.5420000e+01  -1.280224679541721
   2.5430000e+01  -1.720772199541721
   2.5440000e+01  -2.078506559541721
   2.5450000e+01  -2.3133474195417207
   2.5460000e+01  -2.4041673830417207
   2.5470000e+01   -2.367205786041721
   2.5480000e+01   -2.249746150541721
   2.5490000e+01   -2.103301075541721
   2.5500000e+01   -1.958682240541721
   2.5510000e+01   -1.820987100541721
   2.5520000e+01   -1.6782895955417212
   2.5530000e+01   -1.5109677005417212
   2.5540000e+01   -1.3031704705417213
   2.5550000e+01   -1.0568728355417212
   2.5560000e+01   -0.7949921605417212
   2.5570000e+01   -0.5469209005417212
   2.5580000e+01   -0.32855709554172113
   2.5590000e+01   -0.1319534305417211
   2.5600000e+01   0.06719665445827891
   2.5610000e+01   0.2848277144582789
   2.5620000e+01   0.505031349458279
   2.5630000e+01   0.685501159458279
   2.5640000e+01   0.791671946958279
   2.5650000e+01  0.821634164058279
   2.5660000e+01  0.795165314658279
   2.5670000e+01  0.729040527658279
   2.5680000e+01  0.631896844658279
   2.5690000e+01  0.513943989658279
   2.5700000e+01  0.38956420965827904
   2.5710000e+01  0.273273719658279
   2.5720000e+01  0.177653079158279
   2.5730000e+01  0.108746104158279
   2.5740000e+01  0.061353713658279
   2.5750000e+01  0.028822559658279
   2.5760000e+01   0.020312307008278997
   2.5770000e+01   0.056280229858279
   2.5780000e+01   0.139568997358279
   2.5790000e+01   0.239193504358279
   2.5800000e+01   0.310732830358279
   2.5810000e+01  0.329786166708279
   2.5820000e+01  0.304987224558279
   2.5830000e+01  0.268450927058279
   2.5840000e+01   0.257193791708279
   2.5850000e+01   0.292121566858279
   2.5860000e+01   0.366569183858279
   2.5870000e+01   0.458198709358279
   2.5880000e+01   0.550079368858279
   2.5890000e+01   0.633333224858279
   2.5900000e+01   0.6971297558582791
   2.5910000e+01   0.7328872773582791
   2.5920000e+01   0.7479736142582791
   2.5930000e+01   0.7599498086582791
   2.5940000e+01   0.7717459592582792
   2.5950000e+01  0.7611204153582791
   2.5960000e+01  0.7009948298582791
   2.5970000e+01  0.5867924983582791
   2.5980000e+01  0.43916563835827904
   2.5990000e+01  0.283488708358279
   2.6000000e+01  0.133959083358279
   2.6010000e+01  -0.00452663664172101
   2.6020000e+01  -0.129372296641721
   2.6030000e+01  -0.237986970141721
   2.6040000e+01  -0.326450220141721
   2.6050000e+01  -0.38859125414172097
   2.6060000e+01  -0.41877235514172095
   2.6070000e+01   -0.41470793064172096
   2.6080000e+01   -0.37683711614172094
   2.6090000e+01   -0.3080840031417209
   2.6100000e+01   -0.2164017766417209
   2.6110000e+01   -0.11772061114172089
   2.6120000e+01   -0.03638101964172087
   2.6130000e+01   0.0026123403582791263
   2.6140000e+01  -0.008073490641720873
   2.6150000e+01  -0.045930990141720876
   2.6160000e+01  -0.07498487114172088
   2.6170000e+01   -0.07934938774172087
   2.6180000e+01   -0.07352818589172087
   2.6190000e+01  -0.07733371794172088
   2.6200000e+01  -0.09055448344172087
   2.6210000e+01   -0.09609569509172088
   2.6220000e+01   -0.07748438324172087
   2.6230000e+01   -0.027132783741720873
   2.6240000e+01   0.05385957625827913
   2.6250000e+01   0.15486850875827912
   2.6260000e+01   0.25560052525827914
   2.6270000e+01   0.3315010742582791
   2.6280000e+01   0.36338618525827915
   2.6290000e+01  0.34621365525827913
   2.6300000e+01  0.2907978867582791
   2.6310000e+01  0.21625211425827912
   2.6320000e+01  0.14098958425827912
   2.6330000e+01  0.08159572525827913
   2.6340000e+01  0.05479447270827913
   2.6350000e+01   0.07019970115827913
   2.6360000e+01   0.11839896365827912
   2.6370000e+01   0.17428819165827913
   2.6380000e+01   0.21689577915827912
   2.6390000e+01   0.24065917315827912
   2.6400000e+01  0.24726802560827912
   2.6410000e+01  0.23839369705827912
   2.6420000e+01  0.2205307565582791
   2.6430000e+01  0.2043484620582791
   2.6440000e+01  0.19137888555827912
   2.6450000e+01  0.16981617405827912
   2.6460000e+01  0.1306927300582791
   2.6470000e+01  0.08321609055827911
   2.6480000e+01  0.04816555755827911
   2.6490000e+01   0.03709186680827911
   2.6500000e+01   0.04063165965827911
   2.6510000e+01  0.03649940475827911
   2.6520000e+01  0.005853204258279114
   2.6530000e+01  -0.057736862241720886
   2.6540000e+01  -0.1477511427417209
   2.6550000e+01  -0.2464175892417209
   2.6560000e+01  -0.3310714872417209
   2.6570000e+01  -0.3871165332417209
   2.6580000e+01  -0.4160723892417209
   2.6590000e+01  -0.42866854184172093
   2.6600000e+01   -0.4316919388417209
   2.6610000e+01   -0.4237442802417209
   2.6620000e+01   -0.4002337832417209
   2.6630000e+01   -0.3557523887417209
   2.6640000e+01   -0.2807391732417209
   2.6650000e+01   -0.16402885474172085
   2.6660000e+01   -0.006342719741720848
   2.6670000e+01   0.17053175025827913
   2.6680000e+01   0.3323056252582791
   2.6690000e+01   0.44841733325827915
   2.6700000e+01   0.5008873252582792
   2.6710000e+01  0.4883331437582792
   2.6720000e+01  0.42918389325827916
   2.6730000e+01  0.35336902575827916
   2.6740000e+01  0.2803562922582792
   2.6750000e+01  0.2063410232582792
   2.6760000e+01  0.1163030502582792
   2.6770000e+01  0.0037253552582792032
   2.6780000e+01  -0.1237507047417208
   2.6790000e+01  -0.2493807347417208
   2.6800000e+01  -0.3525645007417208
   2.6810000e+01  -0.4164924057417208
   2.6820000e+01  -0.4381719586417208
   2.6830000e+01   -0.4298512165417208
   2.6840000e+01   -0.4082207005417208
   2.6850000e+01   -0.38218296454172085
   2.6860000e+01   -0.3492501955417208
   2.6870000e+01   -0.3008962685417208
   2.6880000e+01   -0.2308348150417208
   2.6890000e+01   -0.13953348054172082
   2.6900000e+01   -0.03370713054172082
   2.6910000e+01   0.07541765445827917
   2.6920000e+01   0.17456771095827917
   2.6930000e+01   0.25466249495827914
   2.6940000e+01   0.3177203269582791
   2.6950000e+01   0.37523328645827914
   2.6960000e+01   0.43606408645827915
   2.6970000e+01   0.49560536895827917
   2.6980000e+01   0.5389603559582792
   2.6990000e+01   0.5551092773582792
   2.7000000e+01  0.5466264217582792
   2.7010000e+01  0.5270081152582793
   2.7020000e+01  0.5119245400582793
   2.7030000e+01   0.5118746815082793
   2.7040000e+01   0.5263603961582793
   2.7050000e+01   0.5395776783082793
   2.7060000e+01  0.5246588644582793
   2.7070000e+01  0.46138180045827926
   2.7080000e+01  0.3541971654582793
   2.7090000e+01  0.22795493045827928
   2.7100000e+01  0.10279246545827928
   2.7110000e+01  -0.020517884541720724
   2.7120000e+01  -0.1468839195417207
   2.7130000e+01  -0.2683799795417207
   2.7140000e+01  -0.36977466304172074
   2.7150000e+01  -0.44805038404172076
   2.7160000e+01  -0.5151616450417208
   2.7170000e+01  -0.5813858150417208
   2.7180000e+01  -0.6453875510417209
   2.7190000e+01  -0.7029241260417208
   2.7200000e+01  -0.7568428995417208
   2.7210000e+01  -0.8124537765417208
   2.7220000e+01  -0.8671793570417208
   2.7230000e+01  -0.9110886885417208
   2.7240000e+01  -0.9355530415417208
   2.7250000e+01   -0.9344612190417209
   2.7260000e+01   -0.8988133810417208
   2.7270000e+01   -0.8209587915417208
   2.7280000e+01   -0.7073147395417207
   2.7290000e+01   -0.5783024045417208
   2.7300000e+01   -0.4517980195417208
   2.7310000e+01   -0.33284049954172074
   2.7320000e+01   -0.22044586954172074
   2.7330000e+01   -0.11462012954172072
   2.7340000e+01   -0.012923749541720736
   2.7350000e+01   0.08936649545827928
   2.7360000e+01   0.18842733845827928
   2.7370000e+01   0.2684894744582793
   2.7380000e+01   0.31523927595827933
   2.7390000e+01  0.32721470115827933
   2.7400000e+01  0.3125583138582793
   2.7410000e+01  0.2839766443582793
   2.7420000e+01  0.2601222373582793
   2.7430000e+01   0.2623139218582793
   2.7440000e+01   0.30142209635827927
   2.7450000e+01   0.36722607785827927
   2.7460000e+01   0.4323290938582793
   2.7470000e+01   0.46932458535827926
   2.7480000e+01  0.46879539435827927
   2.7490000e+01  0.4446104723582793
   2.7500000e+01  0.4235825608582793
   2.7510000e+01   0.42773582535827925
   2.7520000e+01   0.45962145785827924
   2.7530000e+01   0.5004659638582792
   2.7540000e+01   0.5255190748582792
   2.7550000e+01  0.5236294378582792
   2.7560000e+01  0.5005406288582792
   2.7570000e+01  0.4664629368582792
   2.7580000e+01  0.4273310493582792
   2.7590000e+01  0.3869545343582792
   2.7600000e+01  0.3493515368582792
   2.7610000e+01  0.3148429313582792
   2.7620000e+01  0.27622384085827917
   2.7630000e+01  0.22271303935827919
   2.7640000e+01  0.1499395703582792
   2.7650000e+01  0.06399702385827921
   2.7660000e+01  -0.02855717564172079
   2.7670000e+01  -0.13244356214172082
   2.7680000e+01  -0.25741752714172084
   2.7690000e+01  -0.3996475971417208
   2.7700000e+01  -0.5379173971417208
   2.7710000e+01  -0.6520154086417208
   2.7720000e+01  -0.7390292371417209
   2.7730000e+01  -0.8077281166417208
   2.7740000e+01  -0.8615345391417208
   2.7750000e+01  -0.8930137231417209
   2.7760000e+01   -0.8947267911417209
   2.7770000e+01   -0.8693900571417209
   2.7780000e+01   -0.8253358751417209
   2.7790000e+01   -0.7655985706417209
   2.7800000e+01   -0.6867476341417209
   2.7810000e+01   -0.5869299931417209
   2.7820000e+01   -0.4711008781417209
   2.7830000e+01   -0.3501639931417209
   2.7840000e+01   -0.23815315314172092
   2.7850000e+01   -0.14735825264172092
   2.7860000e+01   -0.08064923614172093
   2.7870000e+01   -0.026312941641720926
   2.7880000e+01   0.03772129785827908
   2.7890000e+01   0.1287947188582791
   2.7900000e+01   0.24210081385827908
   2.7910000e+01   0.34759098435827906
   2.7920000e+01   0.4093184578582791
   2.7930000e+01  0.4126079748582791
   2.7940000e+01  0.3746706768582791
   2.7950000e+01  0.3298801138582791
   2.7960000e+01  0.3039842698582791
   2.7970000e+01   0.3003793332082791
   2.7980000e+01   0.3083040955582791
   2.7990000e+01   0.3191766035582791
   2.8000000e+01   0.3310126595582791
   2.8010000e+01   0.3410401622082791
   2.8020000e+01  0.3432059529582791
   2.8030000e+01  0.3351317450582791
   2.8040000e+01  0.3206639435582791
   2.8050000e+01  0.3021621780582791
   2.8060000e+01  0.2762348475582791
   2.8070000e+01  0.2409012515582791
   2.8080000e+01  0.2009848735582791
   2.8090000e+01  0.1624347845582791
   2.8100000e+01  0.1281918480582791
   2.8110000e+01  0.1048072955582791
   2.8120000e+01   0.1061288210582791
   2.8130000e+01   0.1426252855582791
   2.8140000e+01   0.20840969455827912
   2.8150000e+01   0.2813269135582791
   2.8160000e+01   0.3345240605582791
   2.8170000e+01  0.3498184051082791
   2.8180000e+01  0.3253337826582791
   2.8190000e+01  0.2726088976582791
   2.8200000e+01  0.2063863696582791
   2.8210000e+01  0.1371852281582791
   2.8220000e+01  0.0701133786582791
   2.8230000e+01  0.006384416658279102
   2.8240000e+01  -0.0523900328417209
   2.8250000e+01  -0.0991768968417209
   2.8260000e+01  -0.1248044183417209
   2.8270000e+01   -0.1282282986917209
   2.8280000e+01   -0.11858172154172089
   2.8290000e+01   -0.10555149254172089
   2.8300000e+01   -0.09242681854172088
   2.8310000e+01   -0.07949960154172088
   2.8320000e+01   -0.07063552834172088
   2.8330000e+01  -0.07486625314172088
   2.8340000e+01  -0.09969381714172088
   2.8350000e+01  -0.13920976464172088
   2.8360000e+01  -0.17048298164172088
   2.8370000e+01   -0.16886777414172088
   2.8380000e+01   -0.13035623814172087
   2.8390000e+01   -0.07677920064172086
   2.8400000e+01   -0.03775233914172086
   2.8410000e+01  -0.02854650169172086
   2.8420000e+01  -0.04476546174172086
   2.8430000e+01  -0.07385499374172086
   2.8440000e+01  -0.10675233374172086
   2.8450000e+01  -0.13880756974172087
   2.8460000e+01  -0.16528567574172087
   2.8470000e+01  -0.18053753329172087
   2.8480000e+01   -0.18102155234172088
   2.8490000e+01   -0.16690621784172088
   2.8500000e+01   -0.1407892823417209
   2.8510000e+01   -0.1068177718417209
   2.8520000e+01   -0.0714111938417209
   2.8530000e+01   -0.0421625778417209
   2.8540000e+01   -0.0241825143417209
   2.8550000e+01  -0.0190094908917209
   2.8560000e+01  -0.0272286704417209
   2.8570000e+01  -0.0479599484417209
   2.8580000e+01  -0.07335282744172089
   2.8590000e+01  -0.08770637549172089
   2.8600000e+01   -0.07758298004172089
   2.8610000e+01   -0.04409791854172089
   2.8620000e+01   -0.004239901541720895
   2.8630000e+01   0.02037599195827911
   2.8640000e+01  0.01799637145827911
   2.8650000e+01  -0.005755826041720889
   2.8660000e+01  -0.03233761854172089
   2.8670000e+01   -0.043518175049720886
   2.8680000e+01   -0.032883451057720885
   2.8690000e+01   -0.006956529557720883
   2.8700000e+01   0.02246000994227912
   2.8710000e+01   0.046610324942279124
   2.8720000e+01   0.06335950544227913
   2.8730000e+01   0.07602366844227912
   2.8740000e+01   0.09044173144227913
   2.8750000e+01   0.11322578244227913
   2.8760000e+01   0.15020183394227912
   2.8770000e+01   0.20094098594227913
   2.8780000e+01   0.25199695294227914
   2.8790000e+01   0.2805281804422791
   2.8800000e+01  0.27180291544227914
   2.8810000e+01  0.23490126894227914
   2.8820000e+01  0.19927744844227913
   2.8830000e+01   0.19392060644227913
   2.8840000e+01   0.22670690344227912
   2.8850000e+01   0.28055585894227913
   2.8860000e+01   0.3277023709422791
   2.8870000e+01   0.3461754281572791
   2.8880000e+01  0.3243408748722791
   2.8890000e+01  0.2590188283722791
   2.8900000e+01  0.15813745987227906
   2.8910000e+01  0.04277626487227906
   2.8920000e+01  -0.06104035712772095
   2.8930000e+01  -0.13501878662772093
   2.8940000e+01  -0.17497752162772093
   2.8950000e+01  -0.19035303192772093
   2.8960000e+01  -0.19796999052772093
   2.8970000e+01  -0.20961021282772094
   2.8980000e+01  -0.22397810832772094
   2.8990000e+01  -0.23465559457772095
   2.9000000e+01  -0.24187706307772094
   2.9010000e+01  -0.24840682297772093
   2.9020000e+01   -0.24865175427772093
   2.9030000e+01   -0.23328488742772094
   2.9040000e+01   -0.20282361792772094
   2.9050000e+01   -0.16753686342772095
   2.9060000e+01   -0.13601068492772095
   2.9070000e+01   -0.11049783942772094
   2.9080000e+01   -0.08952443242772094
   2.9090000e+01   -0.06823210542772094
   2.9100000e+01   -0.039339652927720944
   2.9110000e+01   0.0003502910722790603
   2.9120000e+01   0.045667293072279055
   2.9130000e+01   0.08766174057227905
   2.9140000e+01   0.12009749507227904
   2.9150000e+01   0.14109079707227903
   2.9160000e+01   0.15374454907227902
   2.9170000e+01   0.16685999357227901
   2.9180000e+01   0.188743494572279
   2.9190000e+01   0.217261676072279
   2.9200000e+01   0.241041265572279
   2.9210000e+01   0.251978984572279
   2.9220000e+01  0.25150699592227904
   2.9230000e+01  0.24552014777227904
   2.9240000e+01  0.24020790282227905
   2.9250000e+01   0.24152910827227905
   2.9260000e+01   0.25029273167227906
   2.9270000e+01   0.2567475979222791
   2.9280000e+01  0.2458769186722791
   2.9290000e+01  0.2099814431722791
   2.9300000e+01  0.1547797171722791
   2.9310000e+01  0.0939294671722791
   2.9320000e+01  0.03832590817227909
   2.9330000e+01  -0.010317391327720908
   2.9340000e+01  -0.055896712327720914
   2.9350000e+01  -0.0986124098277209
   2.9360000e+01  -0.13235783032772092
   2.9370000e+01  -0.1536549843277209
   2.9380000e+01  -0.1695680203277209
   2.9390000e+01  -0.1918273148277209
   2.9400000e+01  -0.2256785888277209
   2.9410000e+01  -0.2699397078277209
   2.9420000e+01  -0.3244285533277209
   2.9430000e+01  -0.3894819243277209
   2.9440000e+01  -0.4599721708277209
   2.9450000e+01  -0.5264480298277209
   2.9460000e+01  -0.5801604598277209
   2.9470000e+01  -0.6123940388277209
   2.9480000e+01   -0.6140298848277209
   2.9490000e+01   -0.5829716043277209
   2.9500000e+01   -0.5295103328277209
   2.9510000e+01   -0.46917989632772084
   2.9520000e+01   -0.41136118832772084
   2.9530000e+01   -0.3559759668277208
   2.9540000e+01   -0.2975290603277208
   2.9550000e+01   -0.2303080918277208
   2.9560000e+01   -0.15219366332772077
   2.9570000e+01   -0.06544012232772077
   2.9580000e+01   0.025573275672279253
   2.9590000e+01   0.11589574167227926
   2.9600000e+01   0.19962748917227927
   2.9610000e+01   0.27096792667227926
   2.9620000e+01   0.3274421386722793
   2.9630000e+01   0.3714054636722793
   2.9640000e+01   0.4067901371722793
   2.9650000e+01   0.43349844267227927
   2.9660000e+01   0.44633975407227927
   2.9670000e+01  0.44038073047227927
   2.9680000e+01  0.4144560194722793
   2.9690000e+01  0.36862970097227926
   2.9700000e+01  0.3037414584722793
   2.9710000e+01  0.2258679099722793
   2.9720000e+01  0.1462025904722793
   2.9730000e+01  0.07434657647227928
   2.9740000e+01  0.014560604972279276
   2.9750000e+01  -0.03221991702772072
   2.9760000e+01  -0.06605715902772072
   2.9770000e+01  -0.08728039052772071
   2.9780000e+01  -0.09685952392772071
   2.9790000e+01   -0.09805340397772071
   2.9800000e+01   -0.09653762677772071
   2.9810000e+01  -0.0972505010277207
   2.9820000e+01  -0.1019563748277207
   2.9830000e+01  -0.1097966900777207
   2.9840000e+01  -0.1179544073277207
   2.9850000e+01  -0.12238269187772069
   2.9860000e+01   -0.12076765672772069
   2.9870000e+01   -0.11394511942772069
   2.9880000e+01   -0.10212687362772069
   2.9890000e+01   -0.08308230312772069
   2.9900000e+01   -0.059188873127720684
   2.9910000e+01   -0.043488093777720685
   2.9920000e+01  -0.051288543427720684
   2.9930000e+01  -0.08521642142772068
   2.9940000e+01  -0.1332779124277207
   2.9950000e+01  -0.1806009734277207
   2.9960000e+01  -0.2183880864277207
   2.9970000e+01  -0.2440428774277207
   2.9980000e+01  -0.2598249674277207
   2.9990000e+01  -0.2716332974277207
   3.0000000e+01  -0.2834919524277207
   3.0010000e+01  -0.29177179312772067
   3.0020000e+01   -0.28806888432772065
   3.0030000e+01   -0.26871797682772064
   3.0040000e+01   -0.23894802082772065
   3.0050000e+01   -0.20624542982772065
   3.0060000e+01   -0.17108067032772065
   3.0070000e+01   -0.12635283482772064
   3.0080000e+01   -0.06722740032772064
   3.0090000e+01   -0.0010322993277206288
   3.0100000e+01   0.05535754517227938
   3.0110000e+01   0.09014742467227937
   3.0120000e+01   0.10688965567227937
   3.0130000e+01   0.11835962567227937
   3.0140000e+01   0.13337063067227936
   3.0150000e+01   0.15274688667227937
   3.0160000e+01   0.17473415867227937
   3.0170000e+01   0.19872324317227938
   3.0180000e+01   0.22323744867227938
   3.0190000e+01   0.24356538717227938
   3.0200000e+01   0.25367209072227936
   3.0210000e+01  0.2507625312722794
   3.0220000e+01  0.23729373377227939
   3.0230000e+01  0.2181746647722794
   3.0240000e+01  0.19685183377227938
   3.0250000e+01  0.17504084377227938
   3.0260000e+01  0.15570343277227938
   3.0270000e+01  0.14405380232227938
   3.0280000e+01   0.1434206994222794
   3.0290000e+01   0.15115077797227938
   3.0300000e+01   0.1622199454722794
   3.0310000e+01   0.1764955689722794
   3.0320000e+01   0.19726652347227938
   3.0330000e+01   0.2220440764722794
   3.0340000e+01   0.2414463904722794
   3.0350000e+01   0.25050612502227937
   3.0360000e+01   0.25610577597227935
   3.0370000e+01   0.26855252387227935
   3.0380000e+01   0.28806373337227936
   3.0390000e+01   0.30410190437227935
   3.0400000e+01  0.30785807072227933
   3.0410000e+01  0.30085785607227933
   3.0420000e+01  0.2893708635722793
   3.0430000e+01  0.27531411057227934
   3.0440000e+01  0.2578268825722793
   3.0450000e+01  0.24000673807227932
   3.0460000e+01  0.2262214845722793
   3.0470000e+01  0.2132785150722793
   3.0480000e+01  0.1910790545722793
   3.0490000e+01  0.15302739457227932
   3.0500000e+01  0.10167368907227933
   3.0510000e+01  0.044735525572279326
   3.0520000e+01  -0.00989158492772068
   3.0530000e+01  -0.055254376427720686
   3.0540000e+01  -0.08638971642772068
   3.0550000e+01  -0.10325834592772068
   3.0560000e+01  -0.11138387617772068
   3.0570000e+01  -0.11748229477772068
   3.0580000e+01  -0.12480125202772067
   3.0590000e+01  -0.13434490542772068
   3.0600000e+01  -0.14943779642772068
   3.0610000e+01  -0.17488902892772068
   3.0620000e+01  -0.2097073509277207
   3.0630000e+01  -0.2431620939277207
   3.0640000e+01  -0.2608765679277207
   3.0650000e+01   -0.2554360969277207
   3.0660000e+01   -0.23216711342772067
   3.0670000e+01   -0.20683090142772068
   3.0680000e+01  -0.19694155972772068
   3.0690000e+01  -0.21063406852772068
   3.0700000e+01  -0.24041213052772067
   3.0710000e+01  -0.2681257235277207
   3.0720000e+01   -0.2780252564777207
   3.0730000e+01   -0.2673778204277207
   3.0740000e+01   -0.24734079492772068
   3.0750000e+01   -0.23386972007772067
   3.0760000e+01  -0.23420806837772068
   3.0770000e+01  -0.23990871797772068
   3.0780000e+01   -0.23465406942772069
   3.0790000e+01   -0.2097332939277207
   3.0800000e+01   -0.1702416914277207
   3.0810000e+01   -0.1271079434277207
   3.0820000e+01   -0.08695126542772069
   3.0830000e+01   -0.04998579392772069
   3.0840000e+01   -0.013686757927720693
   3.0850000e+01   0.02363332807227931
   3.0860000e+01   0.061542252072279306
   3.0870000e+01   0.09877039557227932
   3.0880000e+01   0.13520291357227932
   3.0890000e+01   0.1714455950722793
   3.0900000e+01   0.2071067225722793
   3.0910000e+01   0.24166227757227932
   3.0920000e+01   0.27633407607227933
   3.0930000e+01   0.31190629457227936
   3.0940000e+01   0.34410980857227935
   3.0950000e+01   0.36414148707227934
   3.0960000e+01  0.36502447737227933
   3.0970000e+01  0.3447707871722793
   3.0980000e+01  0.3030445601722793
   3.0990000e+01  0.24130751167227932
   3.1000000e+01  0.1706286166722793
   3.1010000e+01  0.1128455791722793
   3.1020000e+01  0.0861683755722793
   3.1030000e+01   0.0915394934722793
   3.1040000e+01   0.11591354497227929
   3.1050000e+01   0.14317176347227928
   3.1060000e+01   0.15885189707227929
   3.1070000e+01  0.1523935001722793
   3.1080000e+01  0.12181378617227928
   3.1090000e+01  0.0749931301722793
   3.1100000e+01  0.025733027172279294
   3.1110000e+01  -0.011278605327720709
   3.1120000e+01  -0.02761961822772071
   3.1130000e+01   -0.02804092707772071
   3.1140000e+01  -0.02607152723772071
   3.1150000e+01  -0.03030551149772071
   3.1160000e+01  -0.03995359254772071
   3.1170000e+01  -0.053064295047720714
   3.1180000e+01  -0.07014556054772071
   3.1190000e+01  -0.08959271254772072
   3.1200000e+01  -0.10958147404772073
   3.1210000e+01  -0.13490021254772072
   3.1220000e+01  -0.17086193304772074
   3.1230000e+01  -0.20817490654772075
   3.1240000e+01   -0.22388836139772075
   3.1250000e+01   -0.20240511724772076
   3.1260000e+01   -0.15146800824772078
   3.1270000e+01   -0.09593733024772078
   3.1280000e+01   -0.05897940674772078
   3.1290000e+01  -0.04874647599772078
   3.1300000e+01  -0.05801719774772078
   3.1310000e+01  -0.07275811774772079
   3.1320000e+01  -0.08201667944772079
   3.1330000e+01   -0.08435288391472079
   3.1340000e+01  -0.0882601589817208
   3.1350000e+01  -0.1046546842817208
   3.1360000e+01  -0.1358390217817208
   3.1370000e+01  -0.17244748278172078
   3.1380000e+01  -0.20214893828172079
   3.1390000e+01  -0.2187202533817208
   3.1400000e+01   -0.2218937634817208
   3.1410000e+01   -0.2135173804817208
   3.1420000e+01   -0.1976465444817208
   3.1430000e+01   -0.1806659249817208
   3.1440000e+01   -0.1663112629817208
   3.1450000e+01   -0.1515764024817208
   3.1460000e+01   -0.1305988249817208
   3.1470000e+01   -0.10108712898172079
   3.1480000e+01   -0.06393277248172079
   3.1490000e+01   -0.018501643981720786
   3.1500000e+01   0.03699993601827921
   3.1510000e+01   0.09962150201827921
   3.1520000e+01   0.15847161801827922
   3.1530000e+01   0.19902531301827922
   3.1540000e+01  0.21220221851827922
   3.1550000e+01  0.20123292551827923
   3.1560000e+01  0.17914587151827924
   3.1570000e+01  0.15763300951827924
   3.1580000e+01  0.13895747551827925
   3.1590000e+01  0.11898798901827926
   3.1600000e+01  0.09426212901827925
   3.1610000e+01  0.06412705551827926
   3.1620000e+01  0.031010149518279254
   3.1630000e+01  0.0026301555182792515
   3.1640000e+01  -0.010080488231720749
   3.1650000e+01   -0.002364757481720748
   3.1660000e+01   0.017947917518279254
   3.1670000e+01   0.03565064851827925
   3.1680000e+01  0.038542854618279256
   3.1690000e+01  0.022139797718279255
   3.1700000e+01  -0.012083065281720744
   3.1710000e+01  -0.059019371781720745
   3.1720000e+01  -0.11055017878172074
   3.1730000e+01  -0.15669876378172076
   3.1740000e+01  -0.18895548628172076
   3.1750000e+01  -0.20405334913172077
   3.1760000e+01   -0.20415858568172077
   3.1770000e+01   -0.19213472088172076
   3.1780000e+01   -0.16777596938172076
   3.1790000e+01   -0.13141974188172076
   3.1800000e+01   -0.08966775988172075
   3.1810000e+01   -0.05214386938172075
   3.1820000e+01   -0.022014464881720743
   3.1830000e+01   0.0055670941182792595
   3.1840000e+01   0.035399724118279255
   3.1850000e+01   0.06762993111827925
   3.1860000e+01   0.10122561261827925
   3.1870000e+01   0.13637699311827925
   3.1880000e+01   0.17156943861827925
   3.1890000e+01   0.20145773761827926
   3.1900000e+01   0.21888254046827926
   3.1910000e+01  0.21738561181827926
   3.1920000e+01  0.19221291031827925
   3.1930000e+01  0.14248276981827926
   3.1940000e+01  0.07531839731827926
   3.1950000e+01  0.0066007468182792545
   3.1960000e+01  -0.04655102218172075
   3.1970000e+01  -0.07651153818172075
   3.1980000e+01  -0.08821622623172075
   3.1990000e+01  -0.09219747648172075
   3.2000000e+01  -0.09608169898172075
   3.2010000e+01  -0.10195323143172075
   3.2020000e+01  -0.10903013023172074
   3.2030000e+01  -0.11683227703172075
   3.2040000e+01  -0.12507082153172075
   3.2050000e+01  -0.13111577248172074
   3.2060000e+01   -0.12994871558172075
   3.2070000e+01   -0.11860738158172074
   3.2080000e+01   -0.10005720608172074
   3.2090000e+01   -0.08086706808172073
   3.2100000e+01   -0.06475306058172073
   3.2110000e+01   -0.049764709081720725
   3.2120000e+01   -0.03252793708172072
   3.2130000e+01   -0.013610672081720718
   3.2140000e+01   0.0031602814182792836
   3.2150000e+01   0.015581511418279282
   3.2160000e+01   0.025036563068279283
   3.2170000e+01   0.03430297786827928
   3.2180000e+01   0.04557716001827928
   3.2190000e+01   0.06001127101827928
   3.2200000e+01   0.07666218951827927
   3.2210000e+01   0.09160941101827927
   3.2220000e+01   0.10018456246827927
   3.2230000e+01  0.10157446686827927
   3.2240000e+01   0.10084540971827927
   3.2250000e+01   0.10462716506827927
   3.2260000e+01   0.11356930551827926
   3.2270000e+01   0.12090850771827927
   3.2280000e+01  0.12111964821827927
   3.2290000e+01  0.11801157171827927
   3.2300000e+01   0.12009215836827926
   3.2310000e+01   0.12933333831827926
   3.2320000e+01   0.13961265036827925
   3.2330000e+01   0.14609908296827925
   3.2340000e+01   0.15146636571827926
   3.2350000e+01   0.16158732941827927
   3.2360000e+01   0.17747219841827927
   3.2370000e+01   0.19192969191827927
   3.2380000e+01  0.19301148836827928
   3.2390000e+01  0.1715307243182793
   3.2400000e+01  0.1273622718182793
   3.2410000e+01  0.0697836343182793
   3.2420000e+01  0.012277082318279307
   3.2430000e+01  -0.033774868681720686
   3.2440000e+01  -0.06351969518172068
   3.2450000e+01  -0.07991799468172069
   3.2460000e+01  -0.09022704763172068
   3.2470000e+01  -0.09964579643172068
   3.2480000e+01  -0.10920922038172068
   3.2490000e+01  -0.11991563848172068
   3.2500000e+01  -0.1347007899817207
   3.2510000e+01  -0.1532363634817207
   3.2520000e+01  -0.1679749909817207
   3.2530000e+01   -0.1695795077317207
   3.2540000e+01   -0.1557181874817207
   3.2550000e+01   -0.1331025379817207
   3.2560000e+01   -0.1128451029817207
   3.2570000e+01  -0.10490566363672069
   3.2580000e+01  -0.11345269129172068
   3.2590000e+01  -0.1337063162917207
   3.2600000e+01  -0.1540193282917207
   3.2610000e+01  -0.16408784084172068
   3.2620000e+01   -0.16188009704172068
   3.2630000e+01   -0.1518268781917207
   3.2640000e+01   -0.1378726896917207
   3.2650000e+01   -0.1209522811917207
   3.2660000e+01   -0.1017662116917207
   3.2670000e+01   -0.0815376471917207
   3.2680000e+01   -0.0594534881917207
   3.2690000e+01   -0.0325169476917207
   3.2700000e+01   0.0016098603082793025
   3.2710000e+01   0.04285873280827931
   3.2720000e+01   0.0876487713082793
   3.2730000e+01   0.1277324908082793
   3.2740000e+01   0.1537708878082793
   3.2750000e+01   0.1632904948582793
   3.2760000e+01  0.16273187550827928
   3.2770000e+01  0.15951021825827927
   3.2780000e+01  0.15440886905827927
   3.2790000e+01  0.14330952620827928
   3.2800000e+01  0.12429518870827927
   3.2810000e+01  0.10181452720827927
   3.2820000e+01  0.08478118820827926
   3.2830000e+01   0.08007810795827926
   3.2840000e+01   0.08626077370827925
   3.2850000e+01   0.09390119750827926
   3.2860000e+01  0.09332817185827925
   3.2870000e+01  0.08201949440827926
   3.2880000e+01  0.06496960440827926
   3.2890000e+01  0.050075849408279256
   3.2900000e+01  0.04341126620827926
   3.2910000e+01   0.04538233745827926
   3.2920000e+01   0.048793536808279254
   3.2930000e+01  0.04254060020827925
   3.2940000e+01  0.020148304208279254
   3.2950000e+01  -0.014630295291720746
   3.2960000e+01  -0.049827349791720744
   3.2970000e+01  -0.07124352229172075
   3.2980000e+01   -0.06837493629172074
   3.2990000e+01   -0.03957291329172074
   3.3000000e+01   0.006559141208279266
   3.3010000e+01   0.05659591320827927
   3.3020000e+01   0.09958836020827927
   3.3030000e+01   0.12914256870827928
   3.3040000e+01   0.14243138520827928
   3.3050000e+01  0.14109158985827927
   3.3060000e+01  0.13064370850827928
   3.3070000e+01  0.11503302400827928
   3.3080000e+01  0.09299374550827928
   3.3090000e+01  0.06201430300827928
   3.3100000e+01  0.023623308508279282
   3.3110000e+01  -0.017638220491720723
   3.3120000e+01  -0.05863711549172072
   3.3130000e+01  -0.09889694299172072
   3.3140000e+01  -0.13856832899172072
   3.3150000e+01  -0.17673501549172072
   3.3160000e+01  -0.21091860099172072
   3.3170000e+01  -0.23667628199172072
   3.3180000e+01  -0.2480386926917207
   3.3190000e+01   -0.2404929488917207
   3.3200000e+01   -0.2148874283917207
   3.3210000e+01   -0.17776463739172071
   3.3220000e+01   -0.1374652568917207
   3.3230000e+01   -0.1009432348917207
   3.3240000e+01   -0.07360379839172071
   3.3250000e+01   -0.058359943441720706
   3.3260000e+01   -0.0529284747417207
   3.3270000e+01   -0.0506698024417207
   3.3280000e+01   -0.0459537939917207
   3.3290000e+01   -0.0368879500917207
   3.3300000e+01   -0.022356276091720702
   3.3310000e+01   -0.00014723959172069714
   3.3320000e+01   0.029704941408279305
   3.3330000e+01   0.06305247890827931
   3.3340000e+01   0.09651705840827932
   3.3350000e+01   0.13168883840827933
   3.3360000e+01   0.17042444740827933
   3.3370000e+01   0.20798879140827933
   3.3380000e+01   0.23564099640827935
   3.3390000e+01   0.24915127265827935
   3.3400000e+01  0.25057722730827936
   3.3410000e+01  0.24293703220827936
   3.3420000e+01  0.22849284370827935
   3.3430000e+01  0.21230910470827935
   3.3440000e+01  0.20150450060827935
   3.3450000e+01  0.19781182981827936
   3.3460000e+01  0.19385163687827936
   3.3470000e+01  0.17950822312827935
   3.3480000e+01  0.15059513062827934
   3.3490000e+01  0.11049664662827934
   3.3500000e+01  0.06643351312827933
   3.3510000e+01  0.02595527912827933
   3.3520000e+01  -0.005729345371720672
   3.3530000e+01  -0.02751423987172067
   3.3540000e+01  -0.04132250687172067
   3.3550000e+01  -0.05004591767172067
   3.3560000e+01  -0.05718462637172067
   3.3570000e+01  -0.06546678957172067
   3.3580000e+01  -0.07380555107172067
   3.3590000e+01  -0.07861266777172067
   3.3600000e+01   -0.07938576194672067
   3.3610000e+01  -0.07939797209672067
   3.3620000e+01  -0.08028757477172067
   3.3630000e+01   -0.08026066457172068
   3.3640000e+01   -0.07848963617172068
   3.3650000e+01  -0.07735482384272067
   3.3660000e+01  -0.07908059956372067
   3.3670000e+01  -0.08307712076372067
   3.3680000e+01  -0.08795444636372067
   3.3690000e+01  -0.09389703061372068
   3.3700000e+01  -0.10121540551372067
   3.3710000e+01  -0.10795795596372067
   3.3720000e+01  -0.11127792561372067
   3.3730000e+01   -0.11155254381372068
   3.3740000e+01  -0.11417163121372068
   3.3750000e+01  -0.12591951621372066
   3.3760000e+01  -0.14809021471372066
   3.3770000e+01  -0.17343004471372067
   3.3780000e+01  -0.19233082271372068
   3.3790000e+01  -0.20269218926372068
   3.3800000e+01  -0.2111984009137207
   3.3810000e+01  -0.2238682380137207
   3.3820000e+01  -0.2374885260137207
   3.3830000e+01   -0.2415380870137207
   3.3840000e+01   -0.22721308351372071
   3.3850000e+01   -0.1939410615137207
   3.3860000e+01   -0.1489053895137207
   3.3870000e+01   -0.10260255851372072
   3.3880000e+01   -0.06495074151372071
   3.3890000e+01   -0.04250455251372071
   3.3900000e+01   -0.03559332390222071
   3.3910000e+01  -0.03770312119072071
   3.3920000e+01  -0.04007848781072071
   3.3930000e+01   -0.037837074330720706
   3.3940000e+01   -0.030715984830720706
   3.3950000e+01   -0.019387360530720703
   3.3960000e+01   -0.004385944030720703
   3.3970000e+01   0.011710782969279295
   3.3980000e+01   0.024768084469279295
   3.3990000e+01   0.0327691798692793
   3.4000000e+01   0.036948491719279296
   3.4010000e+01   0.0391651376192793
   3.4020000e+01   0.0402598283792793
   3.4030000e+01   0.0413169164892793
   3.4040000e+01   0.0446736900392793
   3.4050000e+01   0.0523453112892793
   3.4060000e+01   0.0636986732892793
   3.4070000e+01   0.0760254752892793
   3.4080000e+01   0.0884933032892793
   3.4090000e+01   0.1042548567892793
   3.4100000e+01   0.1259055467892793
   3.4110000e+01   0.1486607857892793
   3.4120000e+01   0.1607122481892793
   3.4130000e+01  0.15185653458927928
   3.4140000e+01  0.12140520658927928
   3.4150000e+01  0.07827154158927928
   3.4160000e+01  0.03472817758927928
   3.4170000e+01  -0.0005494504107207213
   3.4180000e+01  -0.025735363910720722
   3.4190000e+01  -0.044048202910720716
   3.4200000e+01  -0.05914397141072072
   3.4210000e+01  -0.07163732041072071
   3.4220000e+01  -0.07860903601072071
   3.4230000e+01   -0.07516774151072071
   3.4240000e+01   -0.05703311141072071
   3.4250000e+01   -0.023897094410720708
   3.4260000e+01   0.018145655589279296
   3.4270000e+01   0.058244990589279295
   3.4280000e+01   0.0866679740892793
   3.4290000e+01   0.1002931242392793
   3.4300000e+01  0.1033366917042793
   3.4310000e+01   0.10328222886927929
   3.4320000e+01   0.1050045070192793
   3.4330000e+01   0.1073499617692793
   3.4340000e+01  0.1055527087692793
   3.4350000e+01  0.09696365531927931
   3.4360000e+01  0.08305957131927931
   3.4370000e+01  0.0665543593192793
   3.4380000e+01  0.049721803319279306
   3.4390000e+01  0.03568154181927931
   3.4400000e+01  0.027748714769279308
   3.4410000e+01   0.02661499441927931
   3.4420000e+01   0.030779633019279308
   3.4430000e+01   0.039482321419279306
   3.4440000e+01   0.05173336191927931
   3.4450000e+01   0.06267395261927931
   3.4460000e+01  0.06513594056927931
   3.4470000e+01  0.055943500319279305
   3.4480000e+01  0.03816346231927931
   3.4490000e+01  0.017437674819279308
   3.4500000e+01  -0.0008350211807206936
   3.4510000e+01  -0.011414427680720693
   3.4520000e+01   -0.011155814580720694
   3.4530000e+01   -0.0033659921807206944
   3.4540000e+01   0.0025005801192793057
   3.4550000e+01  -0.0008426064307206944
   3.4560000e+01  -0.010070219480720694
   3.4570000e+01   -0.013313654730720693
   3.4580000e+01   -0.0017701284807206934
   3.4590000e+01   0.022110338519279307
   3.4600000e+01   0.04863009951927931
   3.4610000e+01   0.0704449540192793
   3.4620000e+01   0.08551025201927931
   3.4630000e+01   0.09194418506927932
   3.4640000e+01  0.08449960861927931
   3.4650000e+01  0.05894084911927931
   3.4660000e+01  0.01877536711927931
   3.4670000e+01  -0.025060890380720693
   3.4680000e+01  -0.06203464438072069
   3.4690000e+01  -0.08835141688072069
   3.4700000e+01  -0.1054816108807207
   3.4710000e+01  -0.1150294465807207
   3.4720000e+01   -0.1173131944307207
   3.4730000e+01   -0.11398789638072071
   3.4740000e+01   -0.1093538583807207
   3.4750000e+01  -0.1073985907362207
   3.4760000e+01   -0.1073790545732207
   3.4770000e+01   -0.1034165294047207
   3.4780000e+01   -0.08977888305472069
   3.4790000e+01   -0.06625167505472068
   3.4800000e+01   -0.03755811155472068
   3.4810000e+01   -0.009165207554720674
   3.4820000e+01   0.014532331945279326
   3.4830000e+01   0.030014618445279327
   3.4840000e+01   0.03584789429527933
   3.4850000e+01  0.03363747544527933
   3.4860000e+01  0.026243520695279327
   3.4870000e+01  0.016243450145279326
   3.4880000e+01  0.006821429295279327
   3.4890000e+01  0.0013298795452793277
   3.4900000e+01   9.276990527932777e-5
   3.4910000e+01  -0.00017191379972067222
   3.4920000e+01  -0.0022092884647206723
   3.4930000e+01  -0.005244661914720672
   3.4940000e+01   -0.006581894364720672
   3.4950000e+01   -0.0037986095147206716
   3.4960000e+01   0.0051822465352793275
   3.4970000e+01   0.02185370253527933
   3.4980000e+01   0.04557472403527933
   3.4990000e+01   0.07249794903527933
   3.5000000e+01   0.09614677153527933
   3.5010000e+01   0.10981880898527932
   3.5020000e+01  0.10997558628527931
   3.5030000e+01  0.09767670713527932
   3.5040000e+01  0.07699300563527932
   3.5050000e+01  0.05396164563527932
   3.5060000e+01  0.037091342635279315
   3.5070000e+01   0.03450981493527931
   3.5080000e+01   0.04757744173527931
   3.5090000e+01   0.06953594023527931
   3.5100000e+01   0.09246280873527932
   3.5110000e+01   0.11370297223527931
   3.5120000e+01   0.1345782837352793
   3.5130000e+01   0.1554003377352793
   3.5140000e+01   0.1733937287352793
   3.5150000e+01   0.1840613421852793
   3.5160000e+01  0.18327507073527932
   3.5170000e+01  0.16879288983527932
   3.5180000e+01  0.14142568633527933
   3.5190000e+01  0.10586999083527932
   3.5200000e+01  0.0698178733352793
   3.5210000e+01  0.040202267835279304
   3.5220000e+01  0.019112700335279304
   3.5230000e+01  0.0036464923352793055
   3.5240000e+01  -0.010830704664720693
   3.5250000e+01  -0.02862361866472069
   3.5260000e+01  -0.05339917466472069
   3.5270000e+01  -0.08578165166472068
   3.5280000e+01  -0.11977911566472069
   3.5290000e+01  -0.14467277816472068
   3.5300000e+01   -0.15329648940472068
   3.5310000e+01   -0.14793221164472067
   3.5320000e+01   -0.13712733264472068
   3.5330000e+01   -0.1277951724947207
   3.5340000e+01   -0.12118155259472069
   3.5350000e+01   -0.11505358364472068
   3.5360000e+01   -0.10774385339472069
   3.5370000e+01   -0.09929670974472068
   3.5380000e+01   -0.08949118214472068
   3.5390000e+01   -0.07658482614472069
   3.5400000e+01   -0.05899956864472069
   3.5410000e+01   -0.036999159144720684
   3.5420000e+01   -0.011577416144720683
   3.5430000e+01   0.01671106885527932
   3.5440000e+01   0.04616861285527932
   3.5450000e+01   0.07266026035527931
   3.5460000e+01   0.0917127203552793
   3.5470000e+01   0.10134115435527931
   3.5480000e+01  0.10247375140527931
   3.5490000e+01  0.09777129135527932
   3.5500000e+01  0.08976322700527932
   3.5510000e+01  0.07862611475527932
   3.5520000e+01  0.062301272255279316
   3.5530000e+01  0.04013454825527932
   3.5540000e+01  0.015506906755279319
   3.5550000e+01  -0.006523639744720679
   3.5560000e+01  -0.023774000244720678
   3.5570000e+01  -0.038742088744720675
   3.5580000e+01  -0.05657435974472068
   3.5590000e+01  -0.08119554024472067
   3.5600000e+01  -0.11250793124472067
   3.5610000e+01  -0.14677154424472066
   3.5620000e+01  -0.17884027224472065
   3.5630000e+01  -0.20333536374472067
   3.5640000e+01  -0.21557764104472066
   3.5650000e+01   -0.21449691659472067
   3.5660000e+01   -0.20437769784472068
   3.5670000e+01   -0.19105102034472068
   3.5680000e+01   -0.17622535334472067
   3.5690000e+01   -0.15740778934472066
   3.5700000e+01   -0.13269410584472066
   3.5710000e+01   -0.10320426634472066
   3.5720000e+01   -0.07128675334472065
   3.5730000e+01   -0.03928208634472065
   3.5740000e+01   -0.010641679344720649
   3.5750000e+01   0.010400873655279353
   3.5760000e+01   0.021981548555279354
   3.5770000e+01   0.026296724505279354
   3.5780000e+01   0.027300615750279353
   3.5790000e+01   0.027906146005279353
   3.5800000e+01   0.029740610765279354
   3.5810000e+01   0.03332191221527935
   3.5820000e+01   0.03674671726527935
   3.5830000e+01  0.03558427446527935
   3.5840000e+01  0.02630398236527935
   3.5850000e+01  0.010313854365279346
   3.5860000e+01  -0.006039741634720656
   3.5870000e+01  -0.015821928134720657
   3.5880000e+01   -0.015907110234720658
   3.5890000e+01   -0.0076838793347206585
   3.5900000e+01   0.005288565165279341
   3.5910000e+01   0.01947379966527934
   3.5920000e+01   0.03169408116527934
   3.5930000e+01   0.038661775765279335
   3.5940000e+01  0.037802326065279335
   3.5950000e+01  0.029520541265279334
   3.5960000e+01  0.017905096765279335
   3.5970000e+01  0.007575912015279336
   3.5980000e+01  -0.0006131782847206644
   3.5990000e+01  -0.010264986334720665
   3.6000000e+01  -0.025801486834720666
   3.6010000e+01  -0.048039924334720666
   3.6020000e+01  -0.07285608133472066
   3.6030000e+01  -0.09428027333472067
   3.6040000e+01  -0.10929981583472066
   3.6050000e+01  -0.11922782853472066
   3.6060000e+01  -0.12610814578472065
   3.6070000e+01   -0.12881910511972067
   3.6080000e+01   -0.12359285140472066
   3.6090000e+01   -0.10778405790472066
   3.6100000e+01   -0.08261477590472066
   3.6110000e+01   -0.05304730690472066
   3.6120000e+01   -0.02552783040472066
   3.6130000e+01   -0.004626056904720663
   3.6140000e+01   0.009716185095279339
   3.6150000e+01   0.021614786095279337
   3.6160000e+01   0.034869651595279334
   3.6170000e+01   0.048775124595279336
   3.6180000e+01   0.058759949395279336
   3.6190000e+01  0.06127699934527934
   3.6200000e+01  0.05707105819527934
   3.6210000e+01  0.048613493395279345
   3.6220000e+01  0.035270965395279345
   3.6230000e+01  0.013669613395279345
   3.6240000e+01  -0.016191089104720658
   3.6250000e+01  -0.047383410104720664
   3.6260000e+01  -0.07049216060472066
   3.6270000e+01  -0.08067054505472065
   3.6280000e+01   -0.07917666170472065
   3.6290000e+01   -0.06920024040472066
   3.6300000e+01   -0.05186110040472065
   3.6310000e+01   -0.02594217690472065
   3.6320000e+01   0.009833955595279345
   3.6330000e+01   0.054475920595279344
   3.6340000e+01   0.10355585959527935
   3.6350000e+01   0.14961342509527936
   3.6360000e+01   0.18472985759527938
   3.6370000e+01   0.2048778345952794
   3.6380000e+01   0.2126911886452794
   3.6390000e+01   0.2147637125602794
   3.6400000e+01  0.2151826916102794
   3.6410000e+01  0.2123951487452794
   3.6420000e+01  0.2027217801952794
   3.6430000e+01  0.18543409269527938
   3.6440000e+01  0.16355780019527938
   3.6450000e+01  0.1412252436952794
   3.6460000e+01  0.12153509869527938
   3.6470000e+01  0.10586369619527938
   3.6480000e+01  0.09366058669527938
   3.6490000e+01  0.08329801664527937
   3.6500000e+01  0.07436929114527938
   3.6510000e+01  0.06892297289527938
   3.6520000e+01   0.06925969214527938
   3.6530000e+01   0.07452375339527938
   3.6540000e+01   0.08046647884527938
   3.6550000e+01  0.08260437759027939
   3.6560000e+01  0.07878885588527938
   3.6570000e+01  0.06915577318527938
   3.6580000e+01  0.055485381685279375
   3.6590000e+01  0.041217572185279376
   3.6600000e+01  0.030227666385279378
   3.6610000e+01  0.02397313443527938
   3.6620000e+01  0.02052916868527938
   3.6630000e+01  0.017438911535279378
   3.6640000e+01  0.014758242185279378
   3.6650000e+01   0.014204722245279378
   3.6660000e+01   0.015752333955279377
   3.6670000e+01  0.016130158005279376
   3.6680000e+01  0.010880284155279377
   3.6690000e+01  -0.0023735723947206234
   3.6700000e+01  -0.02241856089472062
   3.6710000e+01  -0.04528351439472062
   3.6720000e+01  -0.06593983389472062
   3.6730000e+01  -0.07997326939472062
   3.6740000e+01  -0.08550025004472062
   3.6750000e+01   -0.08454969744472061
   3.6760000e+01   -0.08200364334472061
   3.6770000e+01  -0.08223394414472061
   3.6780000e+01  -0.08637017189472061
   3.6790000e+01  -0.09249193339472062
   3.6800000e+01  -0.09780089359472062
   3.6810000e+01  -0.10023264729472062
   3.6820000e+01   -0.09872327389472062
   3.6830000e+01   -0.09335097909472062
   3.6840000e+01   -0.08560406514472062
   3.6850000e+01   -0.07752035074472062
   3.6860000e+01   -0.07014182469472062
   3.6870000e+01   -0.06366074084472062
   3.6880000e+01   -0.05923856354472062
   3.6890000e+01  -0.05917825879472062
   3.6900000e+01  -0.06405654694472063
   3.6910000e+01  -0.07044783819472063
   3.6920000e+01   -0.07327206549472062
   3.6930000e+01   -0.07083286784472062
   3.6940000e+01   -0.06606288164472061
   3.6950000e+01   -0.061877790444720616
   3.6960000e+01   -0.05707239039472062
   3.6970000e+01   -0.04898341289472062
   3.6980000e+01   -0.038935400194720624
   3.6990000e+01   -0.03166876869472062
   3.7000000e+01   -0.02910252555472062
   3.7010000e+01   -0.02778915476472062
   3.7020000e+01   -0.02355996286472062
   3.7030000e+01   -0.016046815064720617
   3.7040000e+01   -0.007487560364720617
   3.7050000e+01   0.00037565338527938315
   3.7060000e+01   0.006462634485279383
   3.7070000e+01   0.009063502025279384
   3.7080000e+01  0.006615662115279384
   3.7090000e+01  0.00045927326527938316
   3.7100000e+01  -0.0038338569847206167
   3.7110000e+01   0.0005556318652793837
   3.7120000e+01   0.016229123865279388
   3.7130000e+01   0.039322131365279386
   3.7140000e+01   0.06276738336527939
   3.7150000e+01   0.08100709586527939
   3.7160000e+01   0.09217809261527939
   3.7170000e+01   0.09809047566527938
   3.7180000e+01   0.10281240566527938
   3.7190000e+01   0.10932172126527938
   3.7200000e+01   0.11613255686527937
   3.7210000e+01  0.11805627811527937
   3.7220000e+01  0.11110092416527936
   3.7230000e+01  0.09602377216527937
   3.7240000e+01  0.07713507016527937
   3.7250000e+01  0.059247065165279375
   3.7260000e+01  0.04618147571527938
   3.7270000e+01  0.04007592581527938
   3.7280000e+01   0.040250739015279376
   3.7290000e+01   0.043105774515279374
   3.7300000e+01  0.04429751769027938
   3.7310000e+01  0.041734518215279376
   3.7320000e+01  0.03668815806527938
   3.7330000e+01  0.03152530041527938
   3.7340000e+01  0.02580328746527938
   3.7350000e+01  0.01529833981527938
   3.7360000e+01  -0.003745633184720619
   3.7370000e+01  -0.029356224184720614
   3.7380000e+01  -0.05399373868472061
   3.7390000e+01  -0.07057395018472061
   3.7400000e+01  -0.07805337068472061
   3.7410000e+01  -0.08121247823472061
   3.7420000e+01  -0.08578308903472061
   3.7430000e+01  -0.09383739493472061
   3.7440000e+01  -0.10259177913472062
   3.7450000e+01  -0.10656694870522061
   3.7460000e+01   -0.10128542172572061
   3.7470000e+01   -0.0858822512257206
   3.7480000e+01   -0.0628124292257206
   3.7490000e+01   -0.035770837225720595
   3.7500000e+01   -0.008399414225720596
   3.7510000e+01   0.015935600274279406
   3.7520000e+01   0.03483791877427941
   3.7530000e+01   0.047909700274279404
   3.7540000e+01   0.05663114052427941
   3.7550000e+01   0.0632285944242794
   3.7560000e+01   0.06984972747427941
   3.7570000e+01   0.0781261287242794
   3.7580000e+01   0.08842780807427941
   3.7590000e+01   0.09915007807427942
   3.7600000e+01   0.10688035057427941
   3.7610000e+01  0.10750460612427941
   3.7620000e+01  0.0979861456742794
   3.7630000e+01  0.0784135051742794
   3.7640000e+01  0.0525567416742794
   3.7650000e+01  0.025110503674279402
   3.7660000e+01  -0.0022300063257205995
   3.7670000e+01  -0.0308120678257206
   3.7680000e+01  -0.0607249158257206
   3.7690000e+01  -0.0881423943257206
   3.7700000e+01  -0.1080880098257206
   3.7710000e+01  -0.1186344726257206
   3.7720000e+01   -0.1211971526507206
   3.7730000e+01   -0.1175987674257206
   3.7740000e+01   -0.10836048597572061
   3.7750000e+01   -0.09395998097572061
   3.7760000e+01   -0.07644003647572062
   3.7770000e+01   -0.05852707597572062
   3.7780000e+01   -0.04134608947572062
   3.7790000e+01   -0.024084218475720617
   3.7800000e+01   -0.006051285975720619
   3.7810000e+01   0.01167560452427938
   3.7820000e+01   0.02652894952427938
   3.7830000e+01   0.03559563732427938
   3.7840000e+01  0.03694096062427938
   3.7850000e+01  0.03116263797427938
   3.7860000e+01  0.02182129587427938
   3.7870000e+01  0.013219650624279378
   3.7880000e+01  0.0072147153742793775
   3.7890000e+01  0.002627918474279378
   3.7900000e+01  -0.0023481761257206227
   3.7910000e+01  -0.007884155075720623
   3.7920000e+01  -0.012353724375720623
   3.7930000e+01   -0.013662239480720623
   3.7940000e+01   -0.011384420585720622
   3.7950000e+01   -0.008630397035720622
   3.7960000e+01  -0.010947602435720622
   3.7970000e+01  -0.02167136238572062
   3.7980000e+01  -0.03812685838572062
   3.7990000e+01  -0.05313038938572062
   3.8000000e+01  -0.06034281543572062
   3.8010000e+01   -0.058148766685720624
   3.8020000e+01   -0.049288033885720624
   3.8030000e+01   -0.038091335885720626
   3.8040000e+01   -0.028195042685720626
   3.8050000e+01   -0.021496139585720626
   3.8060000e+01   -0.018142696785720627
   3.8070000e+01  -0.017850435485720628
   3.8080000e+01  -0.02155415703572063
   3.8090000e+01  -0.030724917485720628
   3.8100000e+01  -0.04433331098572063
   3.8110000e+01  -0.05787646348572063
   3.8120000e+01  -0.06712392978572063
   3.8130000e+01  -0.07241310573572063
   3.8140000e+01  -0.07799376343572063
   3.8150000e+01  -0.08753716548572063
   3.8160000e+01  -0.10123428448572064
   3.8170000e+01  -0.11627591548572064
   3.8180000e+01  -0.12841460248572065
   3.8190000e+01  -0.13376093033572065
   3.8200000e+01   -0.13161164928572064
   3.8210000e+01   -0.12628751688572065
   3.8220000e+01  -0.12442638033572065
   3.8230000e+01  -0.12902328553572065
   3.8240000e+01  -0.13650535268572064
   3.8250000e+01  -0.14022565084072064
   3.8260000e+01   -0.13628227519572064
   3.8270000e+01   -0.12547045879572064
   3.8280000e+01   -0.11061799779572064
   3.8290000e+01   -0.09369377229572064
   3.8300000e+01   -0.07576855279572063
   3.8310000e+01   -0.05829873829572063
   3.8320000e+01   -0.04293677379572063
   3.8330000e+01   -0.030073468795720634
   3.8340000e+01   -0.018440911795720633
   3.8350000e+01   -0.006176949295720631
   3.8360000e+01   0.00854617570427937
   3.8370000e+01   0.027712011704279373
   3.8380000e+01   0.05258715970427937
   3.8390000e+01   0.08187734770427937
   3.8400000e+01   0.11206501320427936
   3.8410000e+01   0.14070373570427935
   3.8420000e+01   0.16849786370427935
   3.8430000e+01   0.19705126370427936
   3.8440000e+01   0.22517761320427937
   3.8450000e+01   0.24841150870427936
   3.8460000e+01   0.2620291451542794
   3.8470000e+01  0.2642002137042794
   3.8480000e+01  0.2564281883042794
   3.8490000e+01  0.24134888380427938
   3.8500000e+01  0.2205365558042794
   3.8510000e+01  0.1946690893042794
   3.8520000e+01  0.1652455598042794
   3.8530000e+01  0.13520713230427941
   3.8540000e+01  0.10764760530427941
   3.8550000e+01  0.0842141538042794
   3.8560000e+01  0.0647400993042794
   3.8570000e+01  0.048062386304279406
   3.8580000e+01  0.033019003304279405
   3.8590000e+01  0.018933223304279406
   3.8600000e+01  0.005711933804279406
   3.8610000e+01  -0.006117526695720594
   3.8620000e+01  -0.015658317695720594
   3.8630000e+01  -0.022414010845720592
   3.8640000e+01  -0.026819014695720594
   3.8650000e+01  -0.029622158895720594
   3.8660000e+01  -0.030744576390720594
   3.8670000e+01   -0.029056510035720594
   3.8680000e+01   -0.023257772885720594
   3.8690000e+01   -0.012850740585720593
   3.8700000e+01   0.0015354074142794067
   3.8710000e+01   0.018604132414279405
   3.8720000e+01   0.03727261991427941
   3.8730000e+01   0.05707081691427941
   3.8740000e+01   0.07761986191427941
   3.8750000e+01   0.09811750741427941
   3.8760000e+01   0.1177551269142794
   3.8770000e+01   0.1363429419142794
   3.8780000e+01   0.1539794124142794
   3.8790000e+01   0.1701703969142794
   3.8800000e+01   0.1834606009142794
   3.8810000e+01   0.1914557021642794
   3.8820000e+01  0.1908815913642794
   3.8830000e+01  0.1783627493142794
   3.8840000e+01  0.1520624503142794
   3.8850000e+01  0.11287762331427939
   3.8860000e+01  0.06444765031427938
   3.8870000e+01  0.01245125881427938
   3.8880000e+01  -0.03675259868572062
   3.8890000e+01  -0.07813212268572062
   3.8900000e+01  -0.10932570868572061
   3.8910000e+01  -0.1302640411857206
   3.8920000e+01  -0.1420232470357206
   3.8930000e+01  -0.14625416808572062
   3.8940000e+01   -0.1450074671857206
   3.8950000e+01   -0.1401040020857206
   3.8960000e+01   -0.1322162999857206
   3.8970000e+01   -0.1209121263857206
   3.8980000e+01   -0.1062277548857206
   3.8990000e+01   -0.0900054973857206
   3.9000000e+01   -0.07469766138572059
   3.9010000e+01   -0.060788847885720594
   3.9020000e+01   -0.04656677338572059
   3.9030000e+01   -0.030613750885720593
   3.9040000e+01   -0.01321627538572059
   3.9050000e+01   0.004778017614279408
   3.9060000e+01   0.022721054614279406
   3.9070000e+01   0.03915126611427941
   3.9080000e+01   0.05139907351427941
   3.9090000e+01   0.056958951614279406
   3.9100000e+01  0.054859428514279406
   3.9110000e+01  0.046086361214279406
   3.9120000e+01  0.03338492971427941
   3.9130000e+01  0.019950783214279406
   3.9140000e+01  0.007489395214279404
   3.9150000e+01  -0.003852883785720596
   3.9160000e+01  -0.013549723135720596
   3.9170000e+01  -0.020370380035720594
   3.9180000e+01  -0.024846860685720593
   3.9190000e+01  -0.030423189435720595
   3.9200000e+01  -0.040556720085720595
   3.9210000e+01  -0.05532815708572059
   3.9220000e+01  -0.07193206508572059
   3.9230000e+01  -0.08767870708572059
   3.9240000e+01  -0.10136640158572059
   3.9250000e+01  -0.1125527947357206
   3.9260000e+01  -0.1210334621357206
   3.9270000e+01  -0.1268340306857206
   3.9280000e+01  -0.12964475663572061
   3.9290000e+01   -0.12850274033572062
   3.9300000e+01   -0.12280134928572062
   3.9310000e+01   -0.11321099818572061
   3.9320000e+01   -0.10101821368572061
   3.9330000e+01   -0.08709876218572062
   3.9340000e+01   -0.07194229518572062
   3.9350000e+01   -0.05594635768572062
   3.9360000e+01   -0.039318080185720625
   3.9370000e+01   -0.022457016685720626
   3.9380000e+01   -0.006713631685720624
   3.9390000e+01   0.006080455814279377
   3.9400000e+01   0.015362238764279376
   3.9410000e+01   0.022760402714279378
   3.9420000e+01   0.030836245214279377
   3.9430000e+01   0.04062196971427938
   3.9440000e+01   0.05024344701427938
   3.9450000e+01   0.05623979656427938
   3.9460000e+01  0.056486341414279384
   3.9470000e+01  0.05157286001427938
   3.9480000e+01  0.04359984971427938
   3.9490000e+01  0.03473766711427938
   3.9500000e+01  0.026832596814279377
   3.9510000e+01  0.020542471564279376
   3.9520000e+01  0.014011967964279377
   3.9530000e+01  0.0036097791142793764
   3.9540000e+01  -0.013083657885720622
   3.9550000e+01  -0.035084424885720625
   3.9560000e+01  -0.05838667438572062
   3.9570000e+01  -0.07804374588572062
   3.9580000e+01  -0.09067131583572062
   3.9590000e+01  -0.09617491653572062
   3.9600000e+01  -0.09744193779072062
   3.9610000e+01  -0.09816314899572062
   3.9620000e+01  -0.10062833624572062
   3.9630000e+01  -0.10504154894572063
   3.9640000e+01  -0.11026752609572063
   3.9650000e+01  -0.11479519219572062
   3.9660000e+01  -0.11696636089572063
   3.9670000e+01   -0.11469652729572063
   3.9680000e+01   -0.10555075309572064
   3.9690000e+01   -0.08761974809572064
   3.9700000e+01   -0.060823261095720636
   3.9710000e+01   -0.027409406595720637
   3.9720000e+01   0.009332114904279369
   3.9730000e+01   0.04690499640427937
   3.9740000e+01   0.08365603990427936
   3.9750000e+01   0.11730965740427937
   3.9760000e+01   0.14444729940427936
   3.9770000e+01   0.16151165140427937
   3.9780000e+01  0.16593579925427937
   3.9790000e+01  0.15712198660427937
   3.9800000e+01  0.13746147810427936
   3.9810000e+01  0.11180321560427936
   3.9820000e+01  0.08451306110427936
   3.9830000e+01  0.05699146160427937
   3.9840000e+01  0.02854184110427937
   3.9850000e+01  -0.0011468218957206323
   3.9860000e+01  -0.031151895395720632
   3.9870000e+01  -0.05977763839572063
   3.9880000e+01  -0.08459304789572063
   3.9890000e+01  -0.10283649089572063
   3.9900000e+01  -0.11300068074572063
   3.9910000e+01   -0.11558587734572064
   3.9920000e+01   -0.11172420879572063
   3.9930000e+01   -0.10183534649572064
   3.9940000e+01   -0.08610597549572063
   3.9950000e+01   -0.06539845549572064
   3.9960000e+01   -0.04105584649572064
   3.9970000e+01   -0.014277599495720633
   3.9980000e+01   0.013861815004279368
   3.9990000e+01   0.041821289004279366
   4.0000000e+01   0.06724007500427936
   4.0010000e+01   0.08763500600427937
   4.0020000e+01   0.10181327600427936
   4.0030000e+01   0.11036326060427937
   4.0040000e+01   0.11468172860427937
   4.0050000e+01   0.11612338105427937
   4.0060000e+01  0.11605245606427937
   4.0070000e+01  0.11548474425927938
   4.0080000e+01  0.11409120289427938
   4.0090000e+01  0.11042102139427938
   4.0100000e+01  0.10374463764427938
   4.0110000e+01  0.09527835774427938
   4.0120000e+01  0.08716250659427938
   4.0130000e+01  0.08028069224427938
   4.0140000e+01  0.07344257854427938
   4.0150000e+01  0.06513627329427937
   4.0160000e+01  0.05584224169427937
   4.0170000e+01  0.04781897414427937
   4.0180000e+01  0.04273062294427937
   4.0190000e+01  0.04042669059427937
   4.0200000e+01   0.03987007196477937
   4.0210000e+01   0.04008243024027937
   4.0220000e+01  0.04010590815527937
   4.0230000e+01  0.03912782236527937
   4.0240000e+01  0.03713030726527937
   4.0250000e+01  0.03500536261527937
   4.0260000e+01  0.03369264703527937
   4.0270000e+01  0.03317729667027937
   4.0280000e+01  0.03238130628527937
   4.0290000e+01  0.030140191635279368
   4.0300000e+01  0.026236526685279368
   4.0310000e+01  0.021157503135279365
   4.0320000e+01  0.014778206785279364
   4.0330000e+01  0.005814735335279365
   4.0340000e+01  -0.006883860664720635
   4.0350000e+01  -0.022563899164720635
   4.0360000e+01  -0.03848300866472064
   4.0370000e+01  -0.051671302664720635
   4.0380000e+01  -0.060568883714720634
   4.0390000e+01  -0.06530506266472064
   4.0400000e+01  -0.06746670751472064
   4.0410000e+01  -0.06984717501472064
   4.0420000e+01  -0.07497821781472064
   4.0430000e+01  -0.08257637936472063
   4.0440000e+01  -0.08883087696472064
   4.0450000e+01   -0.08914884136472064
   4.0460000e+01   -0.08178467496472064
   4.0470000e+01   -0.06898469446472064
   4.0480000e+01   -0.05521220346472064
   4.0490000e+01   -0.044153417614720636
   4.0500000e+01   -0.03649978816472064
   4.0510000e+01   -0.03010836166472064
   4.0520000e+01   -0.02241125121472064
   4.0530000e+01   -0.01269503566472064
   4.0540000e+01   -0.0021535541647206384
   4.0550000e+01   0.007683455835279362
   4.0560000e+01   0.01604386998527936
   4.0570000e+01   0.022725718135279363
   4.0580000e+01   0.027709899285279362
   4.0590000e+01   0.03150493913527936
   4.0600000e+01   0.03543374083527936
   4.0610000e+01   0.04065903123527936
   4.0620000e+01   0.04652453048527935
   4.0630000e+01   0.050176368885279356
   4.0640000e+01  0.048319859035279356
   4.0650000e+01  0.03953435563527936
   4.0660000e+01  0.02473598563527936
   4.0670000e+01  0.005523300635279359
   4.0680000e+01  -0.017289239864720644
   4.0690000e+01  -0.04325992136472065
   4.0700000e+01  -0.07095110636472066
   4.0710000e+01  -0.09722783986472067
   4.0720000e+01  -0.11784018336472066
   4.0730000e+01  -0.12928021836472064
   4.0740000e+01   -0.13081024486472065
   4.0750000e+01   -0.12441112501472065
   4.0760000e+01   -0.11236548366472066
   4.0770000e+01   -0.09548738866472066
   4.0780000e+01   -0.07406411866472067
   4.0790000e+01   -0.049691755164720665
   4.0800000e+01   -0.02549851316472066
   4.0810000e+01   -0.004745252164720663
   4.0820000e+01   0.010826465835279337
   4.0830000e+01   0.021763292835279335
   4.0840000e+01   0.030136601485279337
   4.0850000e+01   0.03769361868527934
   4.0860000e+01   0.04444448758527934
   4.0870000e+01   0.04874052568527934
   4.0880000e+01  0.04868655223527934
   4.0890000e+01  0.04401789023527934
   4.0900000e+01  0.03700947633527934
   4.0910000e+01  0.031173982185279336
   4.0920000e+01  0.028546558280279338
   4.0930000e+01   0.02822677287027934
   4.0940000e+01  0.02767073871527934
   4.0950000e+01  0.02525674646527934
   4.0960000e+01  0.021582804015279337
   4.0970000e+01  0.018608835215279337
   4.0980000e+01   0.017749684435279335
   4.0990000e+01   0.018591771955279335
   4.1000000e+01  0.019203180595279336
   4.1010000e+01  0.017641102835279338
   4.1020000e+01  0.013274793735279337
   4.1030000e+01  0.007139453235279338
   4.1040000e+01  0.0016547420352793383
   4.1050000e+01   -0.0002295825147206618
   4.1060000e+01   0.003316086385279338
   4.1070000e+01   0.011717369135279338
   4.1080000e+01   0.02271240413527934
   4.1090000e+01   0.034447553135279335
   4.1100000e+01   0.046704137635279336
   4.1110000e+01   0.06035711763527933
   4.1120000e+01   0.07601005363527932
   4.1130000e+01   0.09300975863527933
   4.1140000e+01   0.10946499113527933
   4.1150000e+01   0.12313296163527933
   4.1160000e+01   0.13237779218527934
   4.1170000e+01   0.13659155073527934
   4.1180000e+01  0.13616159838527933
   4.1190000e+01  0.13214211678527932
   4.1200000e+01  0.1255842338852793
   4.1210000e+01  0.11690199908527932
   4.1220000e+01  0.10596703693527931
   4.1230000e+01  0.09281912843527931
   4.1240000e+01  0.07799653643527932
   4.1250000e+01  0.062100419435279317
   4.1260000e+01  0.045382536435279314
   4.1270000e+01  0.027869618435279315
   4.1280000e+01  0.009543495935279315
   4.1290000e+01  -0.009603191564720684
   4.1300000e+01  -0.029111680564720684
   4.1310000e+01  -0.04741765006472068
   4.1320000e+01  -0.06219751456472068
   4.1330000e+01  -0.07199804431472068
   4.1340000e+01  -0.07759161066472067
   4.1350000e+01  -0.08120913156472068
   4.1360000e+01  -0.08409913591472068
   4.1370000e+01   -0.08530853307472068
   4.1380000e+01   -0.08337481088472068
   4.1390000e+01   -0.07864777298472068
   4.1400000e+01   -0.07301625253472069
   4.1410000e+01   -0.06758932538472069
   4.1420000e+01   -0.06165836588472069
   4.1430000e+01   -0.054060741284720694
   4.1440000e+01   -0.04464225238472069
   4.1450000e+01   -0.03390318988472069
   4.1460000e+01   -0.021941754884720693
   4.1470000e+01   -0.008662045884720693
   4.1480000e+01   0.005064110615279307
   4.1490000e+01   0.017118000115279308
   4.1500000e+01   0.025189544815279307
   4.1510000e+01  0.027936615421279308
   4.1520000e+01  0.02534189857727931
   4.1530000e+01  0.018399147777279308
   4.1540000e+01  0.008527381227279307
   4.1550000e+01  -0.002991587772720695
   4.1560000e+01  -0.015368285272720694
   4.1570000e+01  -0.02842069127272069
   4.1580000e+01  -0.04232032527272069
   4.1590000e+01  -0.05684268227272069
   4.1600000e+01  -0.0706663757727207
   4.1610000e+01  -0.0816915666227207
   4.1620000e+01  -0.08840890617272071
   4.1630000e+01  -0.0910138608877207
   4.1640000e+01   -0.09107321818772071
   4.1650000e+01   -0.0901058970227207
   4.1660000e+01   -0.08857639177272071
   4.1670000e+01   -0.08623452877272071
   4.1680000e+01   -0.08318342387272071
   4.1690000e+01   -0.0801748979227207
   4.1700000e+01   -0.0774898182727207
   4.1710000e+01   -0.07376089617272069
   4.1720000e+01   -0.0666890620727207
   4.1730000e+01   -0.0553459976727207
   4.1740000e+01   -0.041482993672720694
   4.1750000e+01   -0.028335867672720692
   4.1760000e+01   -0.018297490022720693
   4.1770000e+01   -0.011741939172720692
   4.1780000e+01   -0.007588327472720691
   4.1790000e+01   -0.004315807422720691
   4.1800000e+01   -0.00042049287272069146
   4.1810000e+01   0.004979168227279308
   4.1820000e+01   0.010914481627279309
   4.1830000e+01   0.014403284827279308
   4.1840000e+01  0.012512927877279308
   4.1850000e+01  0.004530425527279308
   4.1860000e+01  -0.008092618972720692
   4.1870000e+01  -0.02309255847272069
   4.1880000e+01  -0.03815645047272069
   4.1890000e+01  -0.05122400047272069
   4.1900000e+01  -0.061066944372720686
   4.1910000e+01  -0.06767235727272068
   4.1920000e+01  -0.07175153772272068
   4.1930000e+01  -0.07373369675772068
   4.1940000e+01   -0.07327566289272068
   4.1950000e+01   -0.06991123164272069
   4.1960000e+01   -0.06416977284272068
   4.1970000e+01   -0.057595921242720685
   4.1980000e+01   -0.05121096514272069
   4.1990000e+01   -0.04409947629272069
   4.2000000e+01   -0.033934104942720686
   4.2010000e+01   -0.018987328942720684
   4.2020000e+01   0.0003958760572793166
   4.2030000e+01   0.022029571557279314
   4.2040000e+01   0.043306057557279315
   4.2050000e+01   0.06256885855727931
   4.2060000e+01   0.07945288705727932
   4.2070000e+01   0.09400039055727932
   4.2080000e+01   0.10547550375727932
   4.2090000e+01   0.11226375230727932
   4.2100000e+01  0.11307528670727932
   4.2110000e+01  0.10803335000727932
   4.2120000e+01  0.09848860975727931
   4.2130000e+01  0.08618160375727932
   4.2140000e+01  0.07281498225727932
   4.2150000e+01  0.05991409675727932
   4.2160000e+01  0.048566888257279325
   4.2170000e+01  0.039377872757279324
   4.2180000e+01  0.03273566275727932
   4.2190000e+01  0.02878083415727932
   4.2200000e+01  0.02701780207227932
   4.2210000e+01  0.02634043351227932
   4.2220000e+01  0.02566818890227932
   4.2230000e+01  0.024451973217279318
   4.2240000e+01  0.022554870917279316
   4.2250000e+01  0.019797979417279316
   4.2260000e+01  0.015694339917279317
   4.2270000e+01  0.009758866167279317
   4.2280000e+01  0.0023554302172793164
   4.2290000e+01  -0.004861978982720684
   4.2300000e+01  -0.009895081732720684
   4.2310000e+01  -0.011908942277720685
   4.2320000e+01   -0.011391581122720686
   4.2330000e+01   -0.008976169122720685
   4.2340000e+01   -0.004860715422720685
   4.2350000e+01   0.0006595036772793156
   4.2360000e+01   0.007115143827279315
   4.2370000e+01   0.014803800327279315
   4.2380000e+01   0.025198807277279314
   4.2390000e+01   0.03977757627727931
   4.2400000e+01   0.05839697977727931
   4.2410000e+01   0.07892015427727932
   4.2420000e+01   0.09835856327727932
   4.2430000e+01   0.11433225127727932
   4.2440000e+01   0.12554421432727933
   4.2450000e+01   0.13117398597727933
   4.2460000e+01  0.13038565887727932
   4.2470000e+01  0.12285035467727932
   4.2480000e+01  0.10957716667727932
   4.2490000e+01  0.09282180117727931
   4.2500000e+01  0.07508447967727931
   4.2510000e+01  0.05809871167727931
   4.2520000e+01  0.042294133177279314
   4.2530000e+01  0.026910296177279313
   4.2540000e+01  0.011005353677279315
   4.2550000e+01  -0.005243774322720683
   4.2560000e+01  -0.020471380322720684
   4.2570000e+01  -0.033561272822720686
   4.2580000e+01  -0.04475788182272068
   4.2590000e+01  -0.05511248232272068
   4.2600000e+01  -0.06528545632272068
   4.2610000e+01  -0.07514306602272068
   4.2620000e+01  -0.08402630267272068
   4.2630000e+01  -0.09093941082272068
   4.2640000e+01  -0.09459771712272068
   4.2650000e+01   -0.09378535042272068
   4.2660000e+01   -0.08824244112272069
   4.2670000e+01   -0.07941114457272068
   4.2680000e+01   -0.06984997332272068
   4.2690000e+01   -0.06144023672272068
   4.2700000e+01   -0.05422004952272068
   4.2710000e+01   -0.046923585272720676
   4.2720000e+01   -0.038223347172720676
   4.2730000e+01   -0.027453779022720677
   4.2740000e+01   -0.014744769522720675
   4.2750000e+01   -0.0008785270227206748
   4.2760000e+01   0.012959998477279324
   4.2770000e+01   0.025404164977279327
   4.2780000e+01   0.03521517532727933
   4.2790000e+01   0.04174323287727933
   4.2800000e+01   0.04498206032727933
   4.2810000e+01  0.04486739272727933
   4.2820000e+01  0.04070847912727933
   4.2830000e+01  0.03182518437727933
   4.2840000e+01  0.01891630037727933
   4.2850000e+01  0.00453596687727933
   4.2860000e+01  -0.008091929122720672
   4.2870000e+01  -0.01690907597272067
   4.2880000e+01  -0.021842943522720672
   4.2890000e+01  -0.024068102222720673
   4.2900000e+01  -0.024730576990720673
   4.2910000e+01   -0.02440215479372067
   4.2920000e+01   -0.02340206757872067
   4.2930000e+01   -0.02216384522872067
   4.2940000e+01   -0.02099662687872067
   4.2950000e+01   -0.01951004037872067
   4.2960000e+01   -0.016623613528720667
   4.2970000e+01   -0.011476523078720666
   4.2980000e+01   -0.004246983628720666
   4.2990000e+01   0.0040519233712793335
   4.3000000e+01   0.012277340071279334
   4.3010000e+01   0.019444029071279335
   4.3020000e+01   0.024707127171279333
   4.3030000e+01   0.027463031171279333
   4.3040000e+01  0.027418693471279332
   4.3050000e+01  0.024624959921279332
   4.3060000e+01  0.01980575172127933
   4.3070000e+01  0.01455522502127933
   4.3080000e+01  0.010548518071279331
   4.3090000e+01  0.008266160771279332
   4.3100000e+01  0.006739559621279332
   4.3110000e+01  0.004525260221279331
   4.3120000e+01  0.0006588356212793309
   4.3130000e+01  -0.0050477556287206685
   4.3140000e+01  -0.011933750978720669
   4.3150000e+01  -0.01857065427872067
   4.3160000e+01  -0.02345106812872067
   4.3170000e+01  -0.02594387332872067
   4.3180000e+01   -0.026428609013720673
   4.3190000e+01   -0.02553465384872067
   4.3200000e+01   -0.02369309709872067
   4.3210000e+01   -0.02146281604872067
   4.3220000e+01   -0.01966683244872067
   4.3230000e+01   -0.01886600141872067
   4.3240000e+01  -0.01896660414372067
   4.3250000e+01  -0.01943243908872067
   4.3260000e+01   -0.01961638599372067
   4.3270000e+01   -0.018912247558720667
   4.3280000e+01   -0.016964049908720667
   4.3290000e+01   -0.014013852308720667
   4.3300000e+01   -0.011136508258720666
   4.3310000e+01  -0.010012204818720666
   4.3320000e+01  -0.012054276378720665
   4.3330000e+01  -0.017376908478720664
   4.3340000e+01  -0.024573037678720662
   4.3350000e+01  -0.03154707397872066
   4.3360000e+01  -0.03656539992872066
   4.3370000e+01  -0.03874631675872066
   4.3380000e+01   -0.03797370623872066
   4.3390000e+01   -0.03456152598872066
   4.3400000e+01   -0.028979804388720658
   4.3410000e+01   -0.021866707238720657
   4.3420000e+01   -0.014269353788720657
   4.3430000e+01   -0.007764375788720658
   4.3440000e+01   -0.0041233923387206575
   4.3450000e+01  -0.004485576438720658
   4.3460000e+01  -0.008470137388720659
   4.3470000e+01  -0.01404241048872066
   4.3480000e+01  -0.018651110888720658
   4.3490000e+01  -0.020972747238720658
   4.3500000e+01  -0.02160860713872066
   4.3510000e+01  -0.02192451824872066
   4.3520000e+01  -0.02241653284872066
   4.3530000e+01   -0.02249063985872066
   4.3540000e+01   -0.02145159442872066
   4.3550000e+01   -0.01916068172872066
   4.3560000e+01   -0.01605003927872066
   4.3570000e+01   -0.01313122282872066
   4.3580000e+01   -0.011805289773720659
   4.3590000e+01  -0.013026151068720659
   4.3600000e+01  -0.016368637468720658
   4.3610000e+01  -0.019902238668720658
   4.3620000e+01   -0.02127038715372066
   4.3630000e+01   -0.01964922853872066
   4.3640000e+01   -0.01701771493872066
   4.3650000e+01  -0.01695332698872066
   4.3660000e+01  -0.02170193233872066
   4.3670000e+01  -0.03052238853872066
   4.3680000e+01  -0.04064943638872066
   4.3690000e+01  -0.04925303863872066
   4.3700000e+01  -0.05469376248872066
   4.3710000e+01  -0.05691749404372066
   4.3720000e+01   -0.05710452618872066
   4.3730000e+01   -0.05658213256872066
   4.3740000e+01   -0.05581917873872066
   4.3750000e+01   -0.05446088626872066
   4.3760000e+01   -0.05208383516872066
   4.3770000e+01   -0.04865650056872066
   4.3780000e+01   -0.04442898661872066
   4.3790000e+01   -0.039648603468720664
   4.3800000e+01   -0.034462004718720664
   4.3810000e+01   -0.029153546968720665
   4.3820000e+01   -0.024435472718720666
   4.3830000e+01   -0.021195346518720667
   4.3840000e+01   -0.019766929058720666
   4.3850000e+01  -0.019532839026220668
   4.3860000e+01   -0.019153323638720667
   4.3870000e+01   -0.017015808173720667
   4.3880000e+01   -0.011858626073720667
   4.3890000e+01   -0.0036838397237206662
   4.3900000e+01   0.0058155487762793345
   4.3910000e+01   0.014262423376279336
   4.3920000e+01   0.020463358376279335
   4.3930000e+01   0.025365335226279335
   4.3940000e+01   0.031157896026279334
   4.3950000e+01   0.03933734487627934
   4.3960000e+01   0.04941977622627934
   4.3970000e+01   0.05940155752627934
   4.3980000e+01   0.06749292082627933
   4.3990000e+01   0.07343353632627933
   4.4000000e+01   0.07820005327627932
   4.4010000e+01   0.08269120447627933
   4.4020000e+01   0.08698615412627933
   4.4030000e+01   0.09082497742627933
   4.4040000e+01   0.09431159817627933
   4.4050000e+01   0.09777236202627934
   4.4060000e+01   0.10116507602627935
   4.4070000e+01   0.10395794922627935
   4.4080000e+01   0.10541970384127936
   4.4090000e+01  0.10489358390627936
   4.4100000e+01  0.10223260390627936
   4.4110000e+01  0.09836816320627936
   4.4120000e+01  0.09520910680627936
   4.4130000e+01   0.09458133900627937
   4.4140000e+01   0.09716993780627936
   4.4150000e+01   0.10228357835627937
   4.4160000e+01   0.10810768305627937
   4.4170000e+01   0.11209522890627936
   4.4180000e+01  0.11190951525627936
   4.4190000e+01  0.10676801035627936
   4.4200000e+01  0.09787883905627937
   4.4210000e+01  0.08744266955627936
   4.4220000e+01  0.07748237515627936
   4.4230000e+01  0.06953117420627936
   4.4240000e+01  0.06463759150627936
   4.4250000e+01   0.06312886857627936
   4.4260000e+01   0.06453596049627937
   4.4270000e+01   0.06783348824627937
   4.4280000e+01   0.07163670339627937
   4.4290000e+01   0.07454852259627937
   4.4300000e+01   0.07587211221127936
   4.4310000e+01  0.07588607686627936
   4.4320000e+01  0.07510727845627936
   4.4330000e+01  0.07344382415627936
   4.4340000e+01  0.07014868275627935
   4.4350000e+01  0.06417987805627935
   4.4360000e+01  0.05452629050627935
   4.4370000e+01  0.04083092350627935
   4.4380000e+01  0.024058652506279348
   4.4390000e+01  0.006125965006279349
   4.4400000e+01  -0.01140733949372065
   4.4410000e+01  -0.02799206499372065
   4.4420000e+01  -0.043526164493720654
   4.4430000e+01  -0.05782647499372065
   4.4440000e+01  -0.07075486549372065
   4.4450000e+01  -0.08206230149372065
   4.4460000e+01  -0.09074657044372066
   4.4470000e+01  -0.09519268824372065
   4.4480000e+01   -0.09441381654372065
   4.4490000e+01   -0.08890760914372065
   4.4500000e+01   -0.08018305904372064
   4.4510000e+01   -0.06974819529372064
   4.4520000e+01   -0.05853968279372065
   4.4530000e+01   -0.04691990979372065
   4.4540000e+01   -0.035021861293720646
   4.4550000e+01   -0.023144556293720645
   4.4560000e+01   -0.011809224793720647
   4.4570000e+01   -0.0014617016437206472
   4.4580000e+01   0.0076670066562793526
   4.4590000e+01   0.015204262406279354
   4.4600000e+01   0.020242354856279354
   4.4610000e+01  0.021671314441279354
   4.4620000e+01  0.019099894226279356
   4.4630000e+01  0.013278025476279355
   4.4640000e+01  0.005484484226279355
   4.4650000e+01  -0.0033956623237206456
   4.4660000e+01  -0.013138673923720645
   4.4670000e+01  -0.023578392923720645
   4.4680000e+01  -0.03381256682372064
   4.4690000e+01  -0.04228919097372064
   4.4700000e+01  -0.047937058723720644
   4.4710000e+01  -0.051071455373720646
   4.4720000e+01  -0.053040562623720644
   4.4730000e+01  -0.055213038823720646
   4.4740000e+01  -0.05835319202372065
   4.4750000e+01  -0.06243026537372065
   4.4760000e+01  -0.06654197502372065
   4.4770000e+01  -0.06920291387372066
   4.4780000e+01   -0.06923015882372066
   4.4790000e+01   -0.06663044597372066
   4.4800000e+01   -0.06257503127372066
   4.4810000e+01   -0.05839264122372066
   4.4820000e+01   -0.054587672323720665
   4.4830000e+01   -0.050818499323720664
   4.4840000e+01   -0.04659250472372067
   4.4850000e+01   -0.04178197702372067
   4.4860000e+01   -0.03667126167372067
   4.4870000e+01   -0.031830820123720675
   4.4880000e+01   -0.027910374473720675
   4.4890000e+01   -0.025353850423720674
   4.4900000e+01   -0.024314819243720674
   4.4910000e+01  -0.024841049913720673
   4.4920000e+01  -0.026944345363720673
   4.4930000e+01  -0.030440023713720673
   4.4940000e+01  -0.034965160563720676
   4.4950000e+01  -0.040303506213720676
   4.4960000e+01  -0.046484157013720676
   4.4970000e+01  -0.05329591736372068
   4.4980000e+01  -0.05980271426372068
   4.4990000e+01  -0.06472362086372067
   4.5000000e+01  -0.06743679161372067
   4.5010000e+01  -0.06832142569372067
   4.5020000e+01   -0.06792538542872067
   4.5030000e+01   -0.06613045288372067
   4.5040000e+01   -0.06251088773372067
   4.5050000e+01   -0.057306168483720665
   4.5060000e+01   -0.05156053223372067
   4.5070000e+01   -0.04627975013372067
   4.5080000e+01   -0.041804952033720665
   4.5090000e+01   -0.038048657383720666
   4.5100000e+01   -0.03496084393372067
   4.5110000e+01   -0.03260940018372067
   4.5120000e+01   -0.031128900433720668
   4.5130000e+01  -0.03082892869372067
   4.5140000e+01  -0.03210661505372067
   4.5150000e+01  -0.03492208090372067
   4.5160000e+01  -0.03842527820372067
   4.5170000e+01  -0.04139194375372067
   4.5180000e+01  -0.04315578135372067
   4.5190000e+01  -0.04410565096872067
   4.5200000e+01  -0.04527017813372067
   4.5210000e+01  -0.047302427783720666
   4.5220000e+01  -0.04968180908372066
   4.5230000e+01  -0.05092304071872066
   4.5240000e+01   -0.04968823795372066
   4.5250000e+01   -0.04566875675372066
   4.5260000e+01   -0.03943184915372066
   4.5270000e+01   -0.03173395640372066
   4.5280000e+01   -0.02316143425372066
   4.5290000e+01   -0.01415380435372066
   4.5300000e+01   -0.00506489090372066
   4.5310000e+01   0.0037186899462793403
   4.5320000e+01   0.01159313709627934
   4.5330000e+01   0.01784506859627934
   4.5340000e+01   0.02200660459627934
   4.5350000e+01   0.023847393456279342
   4.5360000e+01  0.02308629471627934
   4.5370000e+01  0.01965706971627934
   4.5380000e+01  0.01440999006627934
   4.5390000e+01  0.009115753916279341
   4.5400000e+01  0.005530394716279341
   4.5410000e+01   0.004476654856279341
   4.5420000e+01   0.0056537797962793405
   4.5430000e+01   0.00820123459627934
   4.5440000e+01   0.01164752594627934
   4.5450000e+01   0.01640238889627934
   4.5460000e+01   0.023184032246279337
   4.5470000e+01   0.032033804396279335
   4.5480000e+01   0.042004131546279334
   4.5490000e+01   0.05161231249627933
   4.5500000e+01   0.05956433104627933
   4.5510000e+01   0.06543936864627933
   4.5520000e+01   0.06987027319627934
   4.5530000e+01   0.07391889219627934
   4.5540000e+01   0.07837998704627934
   4.5550000e+01   0.08378008854627934
   4.5560000e+01   0.09046861884627934
   4.5570000e+01   0.09807237294627934
   4.5580000e+01   0.10513874724627933
   4.5590000e+01   0.11001391779627934
   4.5600000e+01   0.11214395640627933
   4.5610000e+01  0.11216294378627933
   4.5620000e+01  0.11085295590627933
   4.5630000e+01  0.10853632940627933
   4.5640000e+01  0.10534462635627934
   4.5650000e+01  0.10131547840627933
   4.5660000e+01  0.09608926515627933
   4.5670000e+01  0.08913389395627933
   4.5680000e+01  0.08037840885627932
   4.5690000e+01  0.07019330530627932
   4.5700000e+01  0.05898514080627932
   4.5710000e+01  0.047402881806279315
   4.5720000e+01  0.036612430306279316
   4.5730000e+01  0.027621248056279316
   4.5740000e+01  0.020412617756279318
   4.5750000e+01  0.014183979956279319
   4.5760000e+01  0.00829818260627932
   4.5770000e+01  0.0027460340062793196
   4.5780000e+01  -0.0020033992437206802
   4.5790000e+01  -0.00511106809372068
   4.5800000e+01   -0.005343037493720681
   4.5810000e+01   -0.0014548176937206805
   4.5820000e+01   0.00688703590627932
   4.5830000e+01   0.01844269040627932
   4.5840000e+01   0.03086190040627932
   4.5850000e+01   0.04201534990627932
   4.5860000e+01   0.050924059006279325
   4.5870000e+01   0.057496303606279324
   4.5880000e+01   0.06178959895627932
   4.5890000e+01   0.06395428610627932
   4.5900000e+01   0.06461913165127932
   4.5910000e+01  0.06453291837627932
   4.5920000e+01  0.06357199685627932
   4.5930000e+01  0.06061452380627932
   4.5940000e+01  0.05477170290627932
   4.5950000e+01  0.04658927125627932
   4.5960000e+01  0.03782346030627932
   4.5970000e+01  0.030027657206279316
   4.5980000e+01  0.023383048006279314
   4.5990000e+01  0.016772626756279312
   4.6000000e+01  0.008734379706279312
   4.6010000e+01  -0.0015658308437206878
   4.6020000e+01  -0.013648107343720689
   4.6030000e+01  -0.025634311343720687
   4.6040000e+01  -0.035288341093720685
   4.6050000e+01  -0.041493430043720685
   4.6060000e+01  -0.044556614743720684
   4.6070000e+01   -0.04530257994872068
   4.6080000e+01   -0.04445998720372068
   4.6090000e+01   -0.04271981795372068
   4.6100000e+01   -0.04057663585372068
   4.6110000e+01   -0.03797538760372068
   4.6120000e+01   -0.03459379530372068
   4.6130000e+01   -0.030581497503720675
   4.6140000e+01   -0.026772476203720676
   4.6150000e+01   -0.024109240103720675
   4.6160000e+01   -0.022888089263720674
   4.6170000e+01   -0.022483295998720672
   4.6180000e+01   -0.02181278387372067
   4.6190000e+01   -0.02023618537372067
   4.6200000e+01   -0.01811858082372067
   4.6210000e+01   -0.01652155817372067
   4.6220000e+01  -0.01632377628372067
   4.6230000e+01  -0.01765843574372067
   4.6240000e+01  -0.02015559354372067
   4.6250000e+01  -0.02347296664372067
   4.6260000e+01  -0.027356108593720667
   4.6270000e+01  -0.03137443149372067
   4.6280000e+01  -0.03500551239372067
   4.6290000e+01  -0.03803908149372067
   4.6300000e+01  -0.04075765669372067
   4.6310000e+01  -0.04380195949372067
   4.6320000e+01  -0.04780938469372067
   4.6330000e+01  -0.05272845154372067
   4.6340000e+01  -0.05735526854372067
   4.6350000e+01  -0.060017228793720664
   4.6360000e+01   -0.059911718993720664
   4.6370000e+01   -0.057513454043720665
   4.6380000e+01   -0.05381129054372066
   4.6390000e+01   -0.04965475159372067
   4.6400000e+01   -0.045787055293720666
   4.6410000e+01   -0.04285348839372067
   4.6420000e+01   -0.04098395314372067
   4.6430000e+01   -0.03956401599372067
   4.6440000e+01   -0.03763405944372067
   4.6450000e+01   -0.034407403093720666
   4.6460000e+01   -0.029441460793720665
   4.6470000e+01   -0.022719765243720665
   4.6480000e+01   -0.014696834143720664
   4.6490000e+01   -0.005896867993720663
   4.6500000e+01   0.0036483856062793363
   4.6510000e+01   0.014245560156279336
   4.6520000e+01   0.025648728156279336
   4.6530000e+01   0.03635720815627934
   4.6540000e+01   0.04384172155627934
   4.6550000e+01  0.04570793505627934
   4.6560000e+01  0.04102786140627934
   4.6570000e+01  0.030689380656279346
   4.6580000e+01  0.016518933156279343
   4.6590000e+01  0.0003677001562793422
   4.6600000e+01  -0.01585309734372066
   4.6610000e+01  -0.02988500534372066
   4.6620000e+01  -0.03973087189372066
   4.6630000e+01  -0.04476317209372066
   4.6640000e+01   -0.04596073078872066
   4.6650000e+01   -0.04505820713372066
   4.6660000e+01   -0.043694858483720664
   4.6670000e+01  -0.04310401152272066
   4.6680000e+01  -0.043807831361720666
   4.6690000e+01  -0.04520413731172067
   4.6700000e+01   -0.04585269793172067
   4.6710000e+01   -0.044580147351720674
   4.6720000e+01   -0.04122533345172068
   4.6730000e+01   -0.036370047351720676
   4.6740000e+01   -0.030813022651720676
   4.6750000e+01   -0.025336914851720675
   4.6760000e+01   -0.020409616151720676
   4.6770000e+01   -0.015948654301720676
   4.6780000e+01   -0.011821903201720677
   4.6790000e+01   -0.008637450201720676
   4.6800000e+01  -0.007519707156720677
   4.6810000e+01  -0.008913047161720677
   4.6820000e+01  -0.011989755511720677
   4.6830000e+01  -0.015412092661720677
   4.6840000e+01  -0.018333369311720676
   4.6850000e+01  -0.020520021611720677
   4.6860000e+01  -0.021944197411720677
   4.6870000e+01  -0.022576877406720677
   4.6880000e+01   -0.022369619766720677
   4.6890000e+01   -0.021313239681720678
   4.6900000e+01   -0.019690803981720677
   4.6910000e+01   -0.018149135631720676
   4.6920000e+01   -0.017151374811720677
   4.6930000e+01   -0.01648317491672068
   4.6940000e+01   -0.015708687956720677
   4.6950000e+01   -0.014958184501720677
   4.6960000e+01  -0.014827076691720677
   4.6970000e+01  -0.015641164851720676
   4.6980000e+01  -0.017223743201720675
   4.6990000e+01  -0.019241449351720674
   4.7000000e+01  -0.021368474651720676
   4.7010000e+01  -0.023126804251720676
   4.7020000e+01  -0.023894946536720675
   4.7030000e+01   -0.023246786221720675
   4.7040000e+01   -0.021258617771720674
   4.7050000e+01   -0.018450533271720675
   4.7060000e+01   -0.015380541571720675
   4.7070000e+01   -0.012197534771720675
   4.7080000e+01   -0.008569354521720675
   4.7090000e+01   -0.0041218767217206746
   4.7100000e+01   0.0010528396782793258
   4.7110000e+01   0.006354631178279325
   4.7120000e+01   0.011060740928279324
   4.7130000e+01   0.014751915428279324
   4.7140000e+01   0.017547692878279324
   4.7150000e+01   0.020021151978279323
   4.7160000e+01   0.022792791228279322
   4.7170000e+01   0.026155353778279322
   4.7180000e+01   0.030001181178279324
   4.7190000e+01   0.03381035607827932
   4.7200000e+01   0.03663683527827932
   4.7210000e+01  0.03762060630577932
   4.7220000e+01  0.03689706633327932
   4.7230000e+01  0.03562632758327932
   4.7240000e+01  0.03478757521827932
   4.7250000e+01  0.03433697649327932
   4.7260000e+01  0.03378602871327932
   4.7270000e+01  0.03304687458827932
   4.7280000e+01  0.03234400302327932
   4.7290000e+01  0.03174132510827932
   4.7300000e+01  0.031135297378279317
   4.7310000e+01  0.03049088343327932
   4.7320000e+01  0.029854043173279318
   4.7330000e+01  0.029242040278279317
   4.7340000e+01  0.028635838398279316
   4.7350000e+01  0.028027231553279314
   4.7360000e+01  0.027423451348279313
   4.7370000e+01  0.026828533238279315
   4.7380000e+01  0.026240050678279316
   4.7390000e+01  0.025655949638279316
   4.7400000e+01  0.025076961878279316
   4.7410000e+01  0.024504197588279316
   4.7420000e+01  0.023937488898279315
   4.7430000e+01  0.023376268353279314
   4.7440000e+01  0.022820582983279315
   4.7450000e+01  0.022270732593279316
   4.7460000e+01  0.021726720113279314
   4.7470000e+01  0.021188419813279315
   4.7480000e+01  0.020655841298279316
   4.7490000e+01  0.020129048933279315
   4.7500000e+01  0.019608048518279315
   4.7510000e+01  0.019092822513279314
   4.7520000e+01  0.018583374903279312
   4.7530000e+01  0.01807971890327931
   4.7540000e+01  0.01758185929327931
   4.7550000e+01  0.017089795783279307
   4.7560000e+01  0.016603531068279307
   4.7570000e+01  0.016123069258279308
   4.7580000e+01  0.01564841084827931
   4.7590000e+01  0.015179554153279309
   4.7600000e+01  0.01471649868327931
   4.7610000e+01  0.01425924360327931
   4.7620000e+01  0.01380778554827931
   4.7630000e+01  0.01336212039327931
   4.7640000e+01  0.01292224572827931
   4.7650000e+01  0.01248815951327931
   4.7660000e+01  0.01205985627827931
   4.7670000e+01  0.011637327263279311
   4.7680000e+01  0.011220564738279312
   4.7690000e+01  0.010809563328279311
   4.7700000e+01  0.010404316928279311
   4.7710000e+01  0.010004816063279312
   4.7720000e+01  0.009611048583279313
   4.7730000e+01  0.009223002628279313
   4.7740000e+01  0.008840667553279313
   4.7750000e+01  0.008464031863279313
   4.7760000e+01  0.008093082933279313
   4.7770000e+01  0.007727808373279313
   4.7780000e+01  0.007368195088279313
   4.7790000e+01  0.007014227663279313
   4.7800000e+01  0.006665888653279313
   4.7810000e+01  0.006323160233279313
   4.7820000e+01  0.005986025513279313
   4.7830000e+01  0.005654467163279313
   4.7840000e+01  0.005328465373279313
   4.7850000e+01  0.005007999473279313
   4.7860000e+01  0.004693049973279313
   4.7870000e+01  0.004383596808279313
   4.7880000e+01  0.004079617333279314
   4.7890000e+01  0.0037810873632793136
   4.7900000e+01  0.0034879838832793135
   4.7910000e+01  0.0032002853382793136
   4.7920000e+01  0.0029179675582793134
   4.7930000e+01  0.0026410026382793135
   4.7940000e+01  0.0023693640482793134
   4.7950000e+01  0.0021030278832793133
   4.7960000e+01  0.0018419676782793133
   4.7970000e+01  0.0015861523682793133
   4.7980000e+01  0.0013355501682793132
   4.7990000e+01  0.0010901320682793134
   4.8000000e+01  0.0008498709082793134
   4.8010000e+01  0.0006147384132793134
   4.8020000e+01  0.0003847035932793134
   4.8030000e+01  0.00015973266827931337
   4.8040000e+01  -6.021019172068666e-5
   4.8050000e+01  -0.00027516061672068666
   4.8060000e+01  -0.00048515114172068664
   4.8070000e+01  -0.0006902118617206866
   4.8080000e+01  -0.0008903747917206866
   4.8090000e+01  -0.0010856762167206866
   4.8100000e+01  -0.0012761549467206865
   4.8110000e+01  -0.0014618497167206866
   4.8120000e+01  -0.0016427979867206866
   4.8130000e+01  -0.0018190357067206866
   4.8140000e+01  -0.0019905986367206867
   4.8150000e+01  -0.0021575251517206868
   4.8160000e+01  -0.002319856426720687
   4.8170000e+01  -0.002477633856720687
   4.8180000e+01  -0.002630897791720687
   4.8190000e+01  -0.002779686916720687
   4.8200000e+01  -0.002924039111720687
   4.8210000e+01  -0.003063995596720687
   4.8220000e+01  -0.0031996015367206873
   4.8230000e+01  -0.003330900806720687
   4.8240000e+01  -0.003457934156720687
   4.8250000e+01  -0.003580743501720687
   4.8260000e+01  -0.003699374141720687
   4.8270000e+01  -0.003813870951720687
   4.8280000e+01  -0.003924275201720687
   4.8290000e+01  -0.0040306280117206866
   4.8300000e+01  -0.004132975151720687
   4.8310000e+01  -0.0042313652147206865
   4.8320000e+01  -0.004325844211720687
   4.8330000e+01  -0.004416455297220687
   4.8340000e+01  -0.004503243324720687
   4.8350000e+01  -0.004586256355720687
   4.8360000e+01  -0.004665542072720687
   4.8370000e+01  -0.004741145787720687
   4.8380000e+01  -0.004813113101220687
   4.8390000e+01  -0.004881491161220687
   4.8400000e+01  -0.004946326304720687
   4.8410000e+01  -0.005007664451720687
   4.8420000e+01  -0.005065554284220687
   4.8430000e+01  -0.005120045705220687
   4.8440000e+01  -0.005171186007720686
   4.8450000e+01  -0.005219021320220687
   4.8460000e+01  -0.005263599777220687
   4.8470000e+01  -0.005304970698720687
   4.8480000e+01  -0.005343182541220687
   4.8490000e+01  -0.005378283134220688
   4.8500000e+01  -0.005410320766220687
   4.8510000e+01  -0.005439344097220688
   4.8520000e+01  -0.005465401643220688
   4.8530000e+01  -0.005488541927720688
   4.8540000e+01  -0.005508813688720688
   4.8550000e+01  -0.005526265567220688
   4.8560000e+01  -0.005540945964720688
   4.8570000e+01  -0.005552903337720688
   4.8580000e+01  -0.0055621861324206875
   4.8590000e+01  -0.005568842460470688
   4.8600000e+01  -0.005572920497820688
   4.8610000e+01  -0.005574469144825687
   4.8620000e+01   -0.005573537542480687
   4.8630000e+01   -0.005570173860480687
   4.8640000e+01   -0.005564425318980687
   4.8650000e+01   -0.005556339586380687
   4.8660000e+01   -0.005545965199130687
   4.8670000e+01   -0.005533350252630687
   4.8680000e+01   -0.005518541863630687
   4.8690000e+01   -0.005501587418130687
   4.8700000e+01   -0.005482535019130687
   4.8710000e+01   -0.005461432077630687
   4.8720000e+01   -0.005438324796130687
   4.8730000e+01   -0.005413259639130687
   4.8740000e+01   -0.005386283887630687
   4.8750000e+01   -0.005357444261630687
   4.8760000e+01   -0.005326786400630687
   4.8770000e+01   -0.005294355950630687
   4.8780000e+01   -0.005260199017630687
   4.8790000e+01   -0.005224361497630687
   4.8800000e+01   -0.005186888624630687
   4.8810000e+01   -0.005147825104630687
   4.8820000e+01   -0.0051072155356306865
   4.8830000e+01   -0.005065104731130686
   4.8840000e+01   -0.005021537245130686
   4.8850000e+01   -0.004976556614630686
   4.8860000e+01   -0.004930205809130686
   4.8870000e+01   -0.004882528192130686
   4.8880000e+01   -0.004833567144130686
   4.8890000e+01   -0.004783365265130686
   4.8900000e+01   -0.004731964788130686
   4.8910000e+01   -0.004679407968130686
   4.8920000e+01   -0.004625736420630686
   4.8930000e+01   -0.004570990949130686
   4.8940000e+01   -0.004515212306130686
   4.8950000e+01   -0.004458441355130686
   4.8960000e+01   -0.004400718553630686
   4.8970000e+01   -0.0043420837796306865
   4.8980000e+01   -0.004282576382630686
   4.8990000e+01   -0.004222235190130687
   4.9000000e+01   -0.004161098667630687
   4.9010000e+01   -0.004099205006630687
   4.9020000e+01   -0.004036592039630687
   4.9030000e+01   -0.003973297304630687
   4.9040000e+01   -0.003909358114630687
   4.9050000e+01   -0.003844811291130687
   4.9060000e+01   -0.003779692820630687
   4.9070000e+01   -0.0037140379846306868
   4.9080000e+01   -0.0036478819366306866
   4.9090000e+01   -0.0035812599106306866
   4.9100000e+01   -0.0035142066701306864
   4.9110000e+01   -0.0034467560506306863
   4.9120000e+01   -0.0033789413066306864
   4.9130000e+01   -0.0033107956421306864
   4.9140000e+01   -0.0032423520346306863
   4.9150000e+01   -0.0031736426516306864
   4.9160000e+01   -0.0031046988466306865
   4.9170000e+01   -0.0030355516891306866
   4.9180000e+01   -0.0029662321211306867
   4.9190000e+01   -0.0028967706501306866
   4.9200000e+01   -0.0028271972036306866
   4.9210000e+01   -0.0027575412171306868
   4.9220000e+01   -0.0026878315896306866
   4.9230000e+01   -0.0026180965991306868
   4.9240000e+01   -0.002548364127630687
   4.9250000e+01   -0.002478661905630687
   4.9260000e+01   -0.002409017235130687
   4.9270000e+01   -0.002339456510130687
   4.9280000e+01   -0.002270005332130687
   4.9290000e+01   -0.002200689170130687
   4.9300000e+01   -0.0021315335651306867
   4.9310000e+01   -0.0020625634816306866
   4.9320000e+01   -0.0019938027596306867
   4.9330000e+01   -0.0019252745186306868
   4.9340000e+01   -0.0018570019671306868
   4.9350000e+01   -0.0017890082876306868
   4.9360000e+01   -0.0017213157111306868
   4.9370000e+01   -0.0016539456176306868
   4.9380000e+01   -0.0015869194516306868
   4.9390000e+01   -0.0015202583416306869
   4.9400000e+01   -0.001453982244130687
   4.9410000e+01   -0.0013881105266306869
   4.9420000e+01   -0.001322662668130687
   4.9430000e+01   -0.001257657777130687
   4.9440000e+01   -0.001193114248630687
   4.9450000e+01   -0.0011290500496306869
   4.9460000e+01   -0.001065482584630687
   4.9470000e+01   -0.001002428376130687
   4.9480000e+01   -0.000939903515130687
   4.9490000e+01   -0.000877924298630687
   4.9500000e+01   -0.000816506896130687
   4.9510000e+01   -0.0007556665121306869
   4.9520000e+01   -0.0006954173596306869
   4.9530000e+01   -0.000635773305130687
   4.9540000e+01   -0.000576748093130687
   4.9550000e+01   -0.000518355164130687
   4.9560000e+01   -0.000460607582630687
   4.9570000e+01   -0.000403517788630687
   4.9580000e+01   -0.000347097305130687
   4.9590000e+01   -0.00029135719613068695
   4.9600000e+01   -0.00023630873563068697
   4.9610000e+01   -0.00018196299763068697
   4.9620000e+01   -0.00012832999413068698
   4.9630000e+01   -7.541901013068697e-5
   4.9640000e+01   -2.323955863068697e-5
   4.9650000e+01   2.8198896869313032e-5
   4.9660000e+01   7.888800186931303e-5
   4.9670000e+01   0.00012882042236931303
   4.9680000e+01   0.00017798874786931305
   4.9690000e+01   0.00022638522186931305
   4.9700000e+01   0.00027400254686931304
   4.9710000e+01   0.000320834310869313
   4.9720000e+01   0.000366874658369313
   4.9730000e+01   0.000412118089869313
   4.9740000e+01   0.000456559543369313
   4.9750000e+01   0.000500194274369313
   4.9760000e+01   0.000543017666369313
   4.9770000e+01   0.000585025386869313
   4.9780000e+01   0.0006262136578693131
   4.9790000e+01   0.000666579128869313
   4.9800000e+01   0.0007061186423693131
   4.9810000e+01   0.0007448294638693131
   4.9820000e+01   0.0007827094598693131
   4.9830000e+01   0.0008197567518693132
   4.9840000e+01   0.0008559696198693131
   4.9850000e+01   0.0008913468188693132
   4.9860000e+01   0.0009258874498693132
   4.9870000e+01   0.0009595906568693131
   4.9880000e+01   0.0009924559788693132
   4.9890000e+01   0.0010244837028693132
   4.9900000e+01   0.0010556743998693132
   4.9910000e+01   0.001086028483369313
   4.9920000e+01   0.001115546575869313
   4.9930000e+01   0.001144229881869313
   4.9940000e+01   0.0011720799708693128
   4.9950000e+01   0.0011990986528693129
   4.9960000e+01   0.0012252881483693129
   4.9970000e+01   0.0012506509493693128
   4.9980000e+01   0.001275189625869313
   4.9990000e+01   0.001298907031869313
   5.0000000e+01   0.001321806378869313
   5.0010000e+01   0.0013438909728693128
   5.0020000e+01   0.0013651642243693127
   5.0030000e+01   0.0013856299798693126
   5.0040000e+01   0.0014052925928693127
   5.0050000e+01   0.0014241566873693127
   5.0060000e+01   0.0014422269653693127
   5.0070000e+01   0.0014595081223693128
   5.0080000e+01   0.001476004957869313
   5.0090000e+01   0.001491722633869313
   5.0100000e+01   0.001506666699369313
   5.0110000e+01   0.001520842963369313
   5.0120000e+01   0.001534257462869313
   5.0130000e+01   0.001546916388869313
   5.0140000e+01   0.001558825998369313
   5.0150000e+01   0.001569992635369313
   5.0160000e+01   0.001580422813869313
   5.0170000e+01   0.001590123255919313
   5.0180000e+01   0.001599100814819313
   5.0190000e+01   0.001607362483019313
   5.0200000e+01   0.001614915590469313
   5.0210000e+01   0.001621767823119313
   5.0220000e+01   0.001627926958769313
   5.0230000e+01   0.001633400776919313
   5.0240000e+01   0.0016381971690193132
   5.0250000e+01   0.001642324025069313
   5.0260000e+01   0.0016457891614193132
   5.0270000e+01   0.0016486007375193133
   5.0280000e+01   0.0016507675105193133
   5.0290000e+01   0.0016522982928193132
   5.0300000e+01   0.0016532014234393133
   5.0310000e+01  0.0016534851181158132
   5.0320000e+01  0.0016531581321923131
   5.0330000e+01  0.0016522298020623131
   5.0340000e+01  0.001650709450612313
   5.0350000e+01  0.0016486059156623132
   5.0360000e+01  0.0016459278826123133
   5.0370000e+01  0.0016426845597623133
   5.0380000e+01  0.0016388855703123133
   5.0390000e+01  0.0016345403283623133
   5.0400000e+01  0.0016296581301123133
   5.0410000e+01  0.0016242486231123133
   5.0420000e+01  0.0016183214854123132
   5.0430000e+01  0.0016118859504623132
   5.0440000e+01  0.0016049513153123132
   5.0450000e+01  0.0015975275220623131
   5.0460000e+01  0.0015896246954623132
   5.0470000e+01  0.0015812525568623132
   5.0480000e+01  0.0015724206521123133
   5.0490000e+01  0.0015631387215623133
   5.0500000e+01  0.0015534166372623134
   5.0510000e+01  0.0015432642827623135
   5.0520000e+01  0.0015326916042623135
   5.0530000e+01  0.0015217085557623134
   5.0540000e+01  0.0015103248962623135
   5.0550000e+01  0.0014985502637623134
   5.0560000e+01  0.0014863945132623133
   5.0570000e+01  0.0014738676972623132
   5.0580000e+01  0.0014609797217623132
   5.0590000e+01  0.001447740371262313
   5.0600000e+01  0.0014341595417623131
   5.0610000e+01  0.001420247059262313
   5.0620000e+01  0.0014060125227623131
   5.0630000e+01  0.001391465655262313
   5.0640000e+01  0.0013766164332623132
   5.0650000e+01  0.001361474645762313
   5.0660000e+01  0.001346049778762313
   5.0670000e+01  0.0013303514352623132
   5.0680000e+01  0.0013143893872623132
   5.0690000e+01  0.0012981731907623132
   5.0700000e+01  0.001281712172262313
   5.0710000e+01  0.0012650157592623132
   5.0720000e+01  0.0012480934762623133
   5.0730000e+01  0.0012309546917623133
   5.0740000e+01  0.0012136086662623133
   5.0750000e+01  0.0011960647267623132
   5.0760000e+01  0.0011783321092623132
   5.0770000e+01  0.0011604197912623133
   5.0780000e+01  0.0011423367252623132
   5.0790000e+01  0.0011240920097623133
   5.0800000e+01  0.0011056946242623132
   5.0810000e+01  0.0010871532747623132
   5.0820000e+01  0.0010684766627623132
   5.0830000e+01  0.0010496736112623132
   5.0840000e+01  0.0010307527957623133
   5.0850000e+01  0.0010117226242623133
   5.0860000e+01  0.0009925914677623134
   5.0870000e+01  0.0009733677692623134
   5.0880000e+01  0.0009540598617623134
   5.0890000e+01  0.0009346758627623134
   5.0900000e+01  0.0009152237977623134
   5.0910000e+01  0.0008957116967623134
   5.0920000e+01  0.0008761475247623134
   5.0930000e+01  0.0008565390877623134
   5.0940000e+01  0.0008368940582623134
   5.0950000e+01  0.0008172200562623134
   5.0960000e+01  0.0007975246392623134
   5.0970000e+01  0.0007778152317623134
   5.0980000e+01  0.0007580991052623134
   5.0990000e+01  0.0007383834217623135
   5.1000000e+01  0.0007186752992623135
   5.1010000e+01  0.0006989818132623135
   5.1020000e+01  0.0006793099022623135
   5.1030000e+01  0.0006596663207623135
   5.1040000e+01  0.0006400577127623134
   5.1050000e+01  0.0006204906567623135
   5.1060000e+01  0.0006009716457623135
   5.1070000e+01  0.0005815070782623135
   5.1080000e+01  0.0005621032062623135
   5.1090000e+01  0.0005427660832623136
   5.1100000e+01  0.0005235016687623135
   5.1110000e+01  0.0005043159527623136
   5.1120000e+01  0.00048521486226231356
   5.1130000e+01  0.00046620408276231356
   5.1140000e+01  0.00044728905576231357
   5.1150000e+01  0.00042847514626231356
   5.1160000e+01  0.00040976775026231355
   5.1170000e+01  0.00039117219576231355
   5.1180000e+01  0.00037269362626231355
   5.1190000e+01  0.00035433704976231355
   5.1200000e+01  0.00033610735976231357
   5.1210000e+01  0.00031800924426231357
   5.1220000e+01  0.0003000472417623136
   5.1230000e+01  0.0002822259117623136
   5.1240000e+01  0.0002645497932623136
   5.1250000e+01  0.00024702322076231356
   5.1260000e+01  0.00022965032126231357
   5.1270000e+01  0.00021243515226231356
   5.1280000e+01  0.00019538171326231356
   5.1290000e+01  0.00017849385876231357
   5.1300000e+01  0.00016177530676231356
   5.1310000e+01  0.00014522968176231357
   5.1320000e+01  0.00012886047576231356
   5.1330000e+01  0.00011267105226231356
   5.1340000e+01  9.666473976231355e-5
   5.1350000e+01  8.084477776231355e-5
   5.1360000e+01  6.521415376231355e-5
   5.1370000e+01  4.9775655262313556e-5
   5.1380000e+01  3.453209226231355e-5
   5.1390000e+01  1.9486365762313553e-5
   5.1400000e+01  4.6412082623135515e-6
   5.1410000e+01  -1.0001041737686449e-5
   5.1420000e+01  -2.443814073768645e-5
   5.1430000e+01  -3.8667666237686453e-5
   5.1440000e+01  -5.268732873768645e-5
   5.1450000e+01  -6.649514123768646e-5
   5.1460000e+01  -8.008916223768646e-5
   5.1470000e+01  -9.346746673768645e-5
   5.1480000e+01  -0.00010662830823768646
   5.1490000e+01  -0.00011957006373768646
   5.1500000e+01  -0.00013229114623768647
   5.1510000e+01  -0.00014479014523768646
   5.1520000e+01  -0.00015706588473768645
   5.1530000e+01  -0.00016911711323768644
   5.1540000e+01  -0.00018094240273768645
   5.1550000e+01  -0.00019254057673768644
   5.1560000e+01  -0.00020391084773768644
   5.1570000e+01  -0.00021505244923768644
   5.1580000e+01  -0.00022596453973768645
   5.1590000e+01  -0.00023664642323768646
   5.1600000e+01  -0.00024709755723768644
   5.1610000e+01  -0.00025731742173768646
   5.1620000e+01  -0.00026730557718768644
   5.1630000e+01  -0.00027706177293768645
   5.1640000e+01  -0.00028658585543768646
   5.1650000e+01  -0.00029587763308768644
   5.1660000e+01  -0.00030493694268768644
   5.1670000e+01  -0.00031376379068768644
   5.1680000e+01  -0.00032235834598768644
   5.1690000e+01  -0.0003307208548876864
   5.1700000e+01  -0.00033885160798768644
   5.1710000e+01  -0.0003467509358376864
   5.1720000e+01  -0.0003544192290376864
   5.1730000e+01  -0.0003618569836376864
   5.1740000e+01  -0.0003690648014376864
   5.1750000e+01  -0.0003760433501376864
   5.1760000e+01  -0.00038279335618768637
   5.1770000e+01  -0.00038931561303768636
   5.1780000e+01  -0.00039561096688768636
   5.1790000e+01  -0.00040168033818768637
   5.1800000e+01  -0.00040752477183768636
   5.1810000e+01  -0.00041314539513768637
   5.1820000e+01  -0.0004185433282376864
   5.1830000e+01  -0.0004237197114876864
   5.1840000e+01  -0.0004286757919376864
   5.1850000e+01  -0.0004334129196876864
   5.1860000e+01  -0.0004379324889876864
   5.1870000e+01  -0.0004422359153876864
   5.1880000e+01  -0.0004463246746876864
   5.1890000e+01  -0.0004502003541376864
   5.1900000e+01  -0.0004538646152376864
   5.1910000e+01  -0.00045731911758768636
   5.1920000e+01  -0.00046056553348768634
   5.1930000e+01  -0.00046360559313768634
   5.1940000e+01  -0.00046644109398768634
   5.1950000e+01  -0.00046907392133768635
   5.1960000e+01  -0.00047150602608768633
   5.1970000e+01  -0.00047373935168768634
   5.1980000e+01  -0.00047577584558768636
   5.1990000e+01  -0.0004776175280876864
   5.2000000e+01  -0.0004792664902376864
   5.2010000e+01  -0.00048072485178768636
   5.2020000e+01  -0.00048199476048768635
   5.2030000e+01  -0.00048307841454768634
   5.2040000e+01  -0.00048397805180268636
   5.2050000e+01  -0.0004846959242026864
   5.2060000e+01  -0.00048523431549268636
   5.2070000e+01  -0.0004855955671376864
   5.2080000e+01  -0.0004857820473961864
   5.2090000e+01   -0.0004857961173211864
   5.2100000e+01   -0.00048564016105768636
   5.2110000e+01   -0.00048531661749268634
   5.2120000e+01   -0.00048482795642768636
   5.2130000e+01   -0.00048417666388768637
   5.2140000e+01   -0.00048336526755268636
   5.2150000e+01   -0.0004823963211176864
   5.2160000e+01   -0.00048127235566768637
   5.2170000e+01   -0.00047999590901768636
   5.2180000e+01   -0.00047856958146768637
   5.2190000e+01   -0.00047699599926768636
   5.2200000e+01   -0.00047527776996768637
   5.2210000e+01   -0.0004734175145676864
   5.2220000e+01   -0.0004714178920176864
   5.2230000e+01   -0.0004692815854176864
   5.2240000e+01   -0.0004670112847676864
   5.2250000e+01   -0.0004646096579676864
   5.2260000e+01   -0.0004620793575176864
   5.2270000e+01   -0.00045942307646768644
   5.2280000e+01   -0.00045664354426768643
   5.2290000e+01   -0.00045374346981768643
   5.2300000e+01   -0.00045072555626768645
   5.2310000e+01   -0.00044759255031768646
   5.2320000e+01   -0.00044434720331768646
   5.2330000e+01   -0.0004409922131676865
   5.2340000e+01   -0.0004375302724676865
   5.2350000e+01   -0.00043396412701768647
   5.2360000e+01   -0.00043029652661768646
   5.2370000e+01   -0.0004265301740676865
   5.2380000e+01   -0.0004226677629176865
   5.2390000e+01   -0.0004187120098176865
   5.2400000e+01   -0.0004146656275176865
   5.2410000e+01   -0.0004105313146176865
   5.2420000e+01   -0.0004063117755676865
   5.2430000e+01   -0.0004020097024176865
   5.2440000e+01   -0.00039762775391768653
   5.2450000e+01   -0.00039316860086768655
   5.2460000e+01   -0.00038863494596768657
   5.2470000e+01   -0.00038402944881768655
   5.2480000e+01   -0.0003793546966676866
   5.2490000e+01   -0.0003746132825676866
   5.2500000e+01   -0.0003698078390676866
   5.2510000e+01   -0.0003649409852176866
   5.2520000e+01   -0.0003600153022176866
   5.2530000e+01   -0.0003550333578176866
   5.2540000e+01   -0.0003499977096676866
   5.2550000e+01   -0.0003449108818676866
   5.2560000e+01   -0.0003397753720676866
   5.2570000e+01   -0.0003345936850676866
   5.2580000e+01   -0.0003293683147176866
   5.2590000e+01   -0.0003241016955176866
   5.2600000e+01   -0.0003187962341176866
   5.2610000e+01   -0.0003134543774176866
   5.2620000e+01   -0.0003080785795676866
   5.2630000e+01   -0.0003026712178676866
   5.2640000e+01   -0.0002972346002676866
   5.2650000e+01   -0.0002917710330176866
   5.2660000e+01   -0.0002862828388176866
   5.2670000e+01   -0.0002807723244676866
   5.2680000e+01   -0.0002752417504676866
   5.2690000e+01   -0.0002696933295176866
   5.2700000e+01   -0.0002641292537176866
   5.2710000e+01   -0.0002585517183176866
   5.2720000e+01   -0.0002529629079676866
   5.2730000e+01   -0.00024736496241768664
   5.2740000e+01   -0.00024175997351768663
   5.2750000e+01   -0.00023615001146768663
   5.2760000e+01   -0.00023053712576768664
   5.2770000e+01   -0.00022492332906768665
   5.2780000e+01   -0.00021931060761768665
   5.2790000e+01   -0.00021370093481768666
   5.2800000e+01   -0.00020809625551768666
   5.2810000e+01   -0.00020249846946768666
   5.2820000e+01   -0.00019690944946768667
   5.2830000e+01   -0.00019133106006768668
   5.2840000e+01   -0.00018576513096768668
   5.2850000e+01   -0.0001802134366676867
   5.2860000e+01   -0.0001746777275676867
   5.2870000e+01   -0.0001691597482176867
   5.2880000e+01   -0.0001636612043676867
   5.2890000e+01   -0.00015818373821768671
   5.2900000e+01   -0.00015272895371768673
   5.2910000e+01   -0.00014729845651768672
   5.2920000e+01   -0.0001418938558676867
   5.2930000e+01   -0.0001365167259176867
   5.2940000e+01   -0.00013116857521768672
   5.2950000e+01   -0.0001258508528676867
   5.2960000e+01   -0.00012056497626768671
   5.2970000e+01   -0.0001153123613176867
   5.2980000e+01   -0.00011009441866768671
   5.2990000e+01   -0.0001049125145176867
   5.3000000e+01   -9.97679629676867e-5
   5.3010000e+01   -9.46620482176867e-5
   5.3020000e+01   -8.95960229676867e-5
   5.3030000e+01   -8.45710981176867e-5
   5.3040000e+01   -7.958845561768671e-5
   5.3050000e+01   -7.46492760676867e-5
   5.3060000e+01   -6.97547283176867e-5
   5.3070000e+01   -6.49059059676867e-5
   5.3080000e+01   -6.01038197676867e-5
   5.3090000e+01   -5.5349485217686696e-5
   5.3100000e+01   -5.0643950967686693e-5
   5.3110000e+01   -4.598821576768669e-5
   5.3120000e+01   -4.138319246768669e-5
   5.3130000e+01   -3.6829763967686695e-5
   5.3140000e+01   -3.23288155176867e-5
   5.3150000e+01   -2.78812168176867e-5
   5.3160000e+01   -2.34877937176867e-5
   5.3170000e+01   -1.91493086676867e-5
   5.3180000e+01   -1.48664915176867e-5
   5.3190000e+01   -1.0640090967686698e-5
   5.3200000e+01   -6.470842917686698e-6
   5.3210000e+01   -2.359396517686698e-6
   5.3220000e+01   1.6936633823133022e-6
   5.3230000e+01   5.687732332313302e-6
   5.3240000e+01   9.622193782313303e-6
   5.3250000e+01   1.3496500532313304e-5
   5.3260000e+01   1.7310176832313304e-5
   5.3270000e+01   2.1062742432313303e-5
   5.3280000e+01   2.4753693732313303e-5
   5.3290000e+01   2.8382561382313303e-5
   5.3300000e+01   3.1948950382313306e-5
   5.3310000e+01   3.5452517882313306e-5
   5.3320000e+01   3.8892934832313305e-5
   5.3330000e+01   4.2269882482313304e-5
   5.3340000e+01   4.5583060782313306e-5
   5.3350000e+01   4.88321860323133e-5
   5.3360000e+01   5.20170113323133e-5
   5.3370000e+01   5.51373389823133e-5
   5.3380000e+01   5.81929826323133e-5
   5.3390000e+01   6.11837597823133e-5
   5.3400000e+01   6.41095374823133e-5
   5.3410000e+01   6.69702289323133e-5
   5.3420000e+01   6.976574158231329e-5
   5.3430000e+01   7.24959800323133e-5
   5.3440000e+01   7.516089568231329e-5
   5.3450000e+01   7.776049088231329e-5
   5.3460000e+01   8.029478313231328e-5
   5.3470000e+01   8.276379438231329e-5
   5.3480000e+01   8.516757408231328e-5
   5.3490000e+01   8.750621458231329e-5
   5.3500000e+01   8.977982548231329e-5
   5.3510000e+01   9.19885061823133e-5
   5.3520000e+01   9.41323664323133e-5
   5.3530000e+01   9.621156218231329e-5
   5.3540000e+01   9.82262983323133e-5
   5.3550000e+01   0.00010017679548231329
   5.3560000e+01   0.00010206326308231329
   5.3570000e+01   0.00010388592328231329
   5.3580000e+01   0.00010564504283231328
   5.3590000e+01   0.00010734091733231329
   5.3600000e+01   0.00010897384143231329
   5.3610000e+01   0.00011054410818231329
   5.3620000e+01   0.0001120520427323133
   5.3630000e+01   0.0001134980273823133
   5.3640000e+01   0.00011488245588231329
   5.3650000e+01   0.00011620568578231329
   5.3660000e+01   0.0001174680866323133
   5.3670000e+01   0.0001186700892823133
   5.3680000e+01   0.0001198121440323133
   5.3690000e+01   0.00012089468343231329
   5.3700000e+01   0.0001219181498623133
   5.3710000e+01   0.00012288301585231329
   5.3720000e+01   0.0001237897768273133
   5.3730000e+01   0.0001246389532923133
   5.3740000e+01   0.0001254310821773133
   5.3750000e+01   0.00012616668878231331
   5.3760000e+01   0.0001268462907723133
   5.3770000e+01   0.0001274704286773133
   5.3780000e+01   0.0001280396677123133
   5.3790000e+01   0.0001285545832173133
   5.3800000e+01   0.0001290157662173133
   5.3810000e+01   0.0001294238346773133
   5.3820000e+01   0.0001297794233273133
   5.3830000e+01   0.0001300831519973133
   5.3840000e+01   0.0001303356135623133
   5.3850000e+01   0.0001305374159223133
   5.3860000e+01   0.0001306892181323133
   5.3870000e+01   0.0001307916986218133
   5.3880000e+01   0.00013084552111981327
   5.3890000e+01  0.00013085135337831326
   5.3900000e+01  0.00013080988506581327
   5.3910000e+01  0.00013072181227831328
   5.3920000e+01  0.00013058781499331328
   5.3930000e+01  0.00013040856140331328
   5.3940000e+01  0.00013018474753831327
   5.3950000e+01  0.00012991712104331327
   5.3960000e+01  0.00012960644067331326
   5.3970000e+01  0.00012925341802331327
   5.3980000e+01  0.00012885872855831327
   5.3990000e+01  0.00012842307753331328
   5.4000000e+01  0.00012794721957831327
   5.4010000e+01  0.00012743191370831328
   5.4020000e+01  0.00012687789749831328
   5.4030000e+01  0.0001262859115283133
   5.4040000e+01  0.00012565671444831329
   5.4050000e+01  0.00012499106073331329
   5.4060000e+01  0.00012428969128331328
   5.4070000e+01  0.0001235533572883133
   5.4080000e+01  0.0001227828266583133
   5.4090000e+01  0.0001219788591683133
   5.4100000e+01  0.00012114220100831329
   5.4110000e+01  0.0001202736098983133
   5.4120000e+01  0.0001193738618683133
   5.4130000e+01  0.0001184437239433133
   5.4140000e+01  0.0001174839407733133
   5.4150000e+01  0.0001164952613933133
   5.4160000e+01  0.0001154784567933133
   5.4170000e+01  0.0001144342944933133
   5.4180000e+01  0.0001133635230933133
   5.4190000e+01  0.0001122668965433133
   5.4200000e+01  0.0001111451797933133
   5.4210000e+01  0.0001099991226933133
   5.4220000e+01  0.0001088294653433133
   5.4230000e+01  0.00010763696414331331
   5.4240000e+01  0.00010642237619331331
   5.4250000e+01  0.00010518643594331331
   5.4260000e+01  0.00010392987634331332
   5.4270000e+01  0.00010265344484331332
   5.4280000e+01  0.00010135787799331332
   5.4290000e+01  0.00010004389149331332
   5.4300000e+01  9.871220839331332e-5
   5.4310000e+01  9.736356749331332e-5
   5.4320000e+01  9.599869429331332e-5
   5.4330000e+01  9.461829029331332e-5
   5.4340000e+01  9.322305694331332e-5
   5.4350000e+01  9.181370434331331e-5
   5.4360000e+01  9.03909334433133e-5
   5.4370000e+01  8.89554340933133e-5
   5.4380000e+01  8.75078994933133e-5
   5.4390000e+01  8.60490198933133e-5
   5.4400000e+01  8.457946714331331e-5
   5.4410000e+01  8.309990479331331e-5
   5.4420000e+01  8.161100339331331e-5
   5.4430000e+01  8.011342934331331e-5
   5.4440000e+01  7.860783194331331e-5
   5.4450000e+01  7.709485309331331e-5
   5.4460000e+01  7.557513549331331e-5
   5.4470000e+01  7.404931409331331e-5
   5.4480000e+01  7.251801289331332e-5
   5.4490000e+01  7.098185489331332e-5
   5.4500000e+01  6.944146244331331e-5
   5.4510000e+01  6.789744129331331e-5
   5.4520000e+01  6.635037599331331e-5
   5.4530000e+01  6.480084934331331e-5
   5.4540000e+01  6.32494541433133e-5
   5.4550000e+01  6.169677709331331e-5
   5.4560000e+01  6.014338484331331e-5
   5.4570000e+01  5.858983204331331e-5
   5.4580000e+01  5.703666889331331e-5
   5.4590000e+01  5.5484439843313314e-5
   5.4600000e+01  5.3933682743313315e-5
   5.4610000e+01  5.238492669331331e-5
   5.4620000e+01  5.083869194331331e-5
   5.4630000e+01  4.929549184331331e-5
   5.4640000e+01  4.775582839331331e-5
   5.4650000e+01  4.622019224331331e-5
   5.4660000e+01  4.468907209331331e-5
   5.4670000e+01  4.316295284331331e-5
   5.4680000e+01  4.164230454331331e-5
   5.4690000e+01  4.012758284331331e-5
   5.4700000e+01  3.8619235693313307e-5
   5.4710000e+01  3.711770644331331e-5
   5.4720000e+01  3.562343579331331e-5
   5.4730000e+01  3.413685754331331e-5
   5.4740000e+01  3.265838839331331e-5
   5.4750000e+01  3.118842784331331e-5
   5.4760000e+01  2.972737054331331e-5
   5.4770000e+01  2.827561274331331e-5
   5.4780000e+01  2.683354369331331e-5
   5.4790000e+01  2.540153619331331e-5
   5.4800000e+01  2.3979949243313312e-5
   5.4810000e+01  2.256913519331331e-5
   5.4820000e+01  2.1169442493313312e-5
   5.4830000e+01  1.9781214543313314e-5
   5.4840000e+01  1.8404784343313312e-5
   5.4850000e+01  1.7040468943313312e-5
   5.4860000e+01  1.568857419331331e-5
   5.4870000e+01  1.4349403143313311e-5
   5.4880000e+01  1.302325304331331e-5
   5.4890000e+01  1.171040859331331e-5
   5.4900000e+01  1.0411145093313311e-5
   5.4910000e+01  9.12573299331331e-6
   5.4920000e+01  7.85443374331331e-6
   5.4930000e+01  6.59749524331331e-6
   5.4940000e+01  5.35515454331331e-6
   5.4950000e+01  4.12764344331331e-6
   5.4960000e+01  2.9151892933133104e-6
   5.4970000e+01  1.7180105433133102e-6
   5.4980000e+01  5.363150933133101e-7
   5.4990000e+01  -6.296969066866899e-7
   5.5000000e+01  -1.77983425668669e-6
   5.5010000e+01  -2.9139177566866902e-6
   5.5020000e+01  -4.03177610668669e-6
   5.5030000e+01  -5.13324200668669e-6
   5.5040000e+01  -6.21815650668669e-6
   5.5050000e+01  -7.28637045668669e-6
   5.5060000e+01  -8.33773985668669e-6
   5.5070000e+01  -9.37212870668669e-6
   5.5080000e+01  -1.038941480668669e-5
   5.5090000e+01  -1.1389483616686691e-5
   5.5100000e+01  -1.2372221566686691e-5
   5.5110000e+01  -1.3337523796686691e-5
   5.5120000e+01  -1.4285299496686692e-5
   5.5130000e+01  -1.5215462491686693e-5
   5.5140000e+01  -1.6127927781686692e-5
   5.5150000e+01  -1.702262173668669e-5
   5.5160000e+01  -1.7899484451686692e-5
   5.5170000e+01  -1.875846004668669e-5
   5.5180000e+01  -1.959949340668669e-5
   5.5190000e+01  -2.042253756168669e-5
   5.5200000e+01  -2.1227558026686693e-5
   5.5210000e+01  -2.2014528091686692e-5
   5.5220000e+01  -2.278342405168669e-5
   5.5230000e+01  -2.353422748668669e-5
   5.5240000e+01  -2.426692968168669e-5
   5.5250000e+01  -2.4981530166686692e-5
   5.5260000e+01  -2.5678031456686692e-5
   5.5270000e+01  -2.6356440166686692e-5
   5.5280000e+01  -2.7016772826686693e-5
   5.5290000e+01  -2.7659054331686693e-5
   5.5300000e+01  -2.8283311936686693e-5
   5.5310000e+01  -2.888957637668669e-5
   5.5320000e+01  -2.9477887626686693e-5
   5.5330000e+01  -3.004829576168669e-5
   5.5340000e+01  -3.060085536168669e-5
   5.5350000e+01  -3.113562097668669e-5
   5.5360000e+01  -3.165265148668669e-5
   5.5370000e+01  -3.215201682168669e-5
   5.5380000e+01  -3.263379341168669e-5
   5.5390000e+01  -3.309805614668669e-5
   5.5400000e+01  -3.354488392668669e-5
   5.5410000e+01  -3.397436825168669e-5
   5.5420000e+01  -3.438660779668669e-5
   5.5430000e+01  -3.478170103668669e-5
   5.5440000e+01  -3.5159749081686694e-5
   5.5450000e+01  -3.55208581416867e-5
   5.5460000e+01  -3.58651382666867e-5
   5.5470000e+01  -3.61927053416867e-5
   5.5480000e+01  -3.65036819566867e-5
   5.5490000e+01  -3.67981938666867e-5
   5.5500000e+01  -3.70763689966867e-5
   5.5510000e+01  -3.7338339766686696e-5
   5.5520000e+01  -3.7584242896686696e-5
   5.5530000e+01  -3.7814217761686695e-5
   5.5540000e+01  -3.8028408281686694e-5
   5.5550000e+01  -3.822696469168669e-5
   5.5560000e+01  -3.841003906168669e-5
   5.5570000e+01  -3.857778206668669e-5
   5.5580000e+01  -3.8730349581686695e-5
   5.5590000e+01  -3.886790710668669e-5
   5.5600000e+01  -3.899062130168669e-5
   5.5610000e+01  -3.909865420668669e-5
   5.5620000e+01  -3.919217182818669e-5
   5.5630000e+01  -3.927134956818669e-5
   5.5640000e+01  -3.933636377368669e-5
   5.5650000e+01  -3.938738842718669e-5
   5.5660000e+01  -3.942460410018669e-5
   5.5670000e+01  -3.944819766668669e-5
   5.5680000e+01  -3.9458351632836686e-5
   5.5690000e+01   -3.9455247007036685e-5
   5.5700000e+01   -3.943907455808669e-5
   5.5710000e+01   -3.9410030625086685e-5
   5.5720000e+01   -3.9368305749586686e-5
   5.5730000e+01   -3.9314087704586686e-5
   5.5740000e+01   -3.9247572149586686e-5
   5.5750000e+01   -3.9168961610586686e-5
   5.5760000e+01   -3.9078456153586685e-5
   5.5770000e+01   -3.897625266108669e-5
   5.5780000e+01   -3.886255154108669e-5
   5.5790000e+01   -3.873755820108669e-5
   5.5800000e+01   -3.860147921108669e-5
   5.5810000e+01   -3.845451950608669e-5
   5.5820000e+01   -3.829688250108669e-5
   5.5830000e+01   -3.8128772551086686e-5
   5.5840000e+01   -3.7950396866086687e-5
   5.5850000e+01   -3.776196499608669e-5
   5.5860000e+01   -3.756368660108669e-5
   5.5870000e+01   -3.7355769681086685e-5
   5.5880000e+01   -3.713842336108668e-5
   5.5890000e+01   -3.691186115608668e-5
   5.5900000e+01   -3.667629592608668e-5
   5.5910000e+01   -3.643193428108668e-5
   5.5920000e+01   -3.6178982351086684e-5
   5.5930000e+01   -3.591765333108668e-5
   5.5940000e+01   -3.564816277608668e-5
   5.5950000e+01   -3.537071985608668e-5
   5.5960000e+01   -3.5085530501086684e-5
   5.5970000e+01   -3.479280642108668e-5
   5.5980000e+01   -3.449276268108668e-5
   5.5990000e+01   -3.418560896608668e-5
   5.6000000e+01   -3.387155057108668e-5
   5.6010000e+01   -3.355079441608668e-5
   5.6020000e+01   -3.322354925108668e-5
   5.6030000e+01   -3.289002311108668e-5
   5.6040000e+01   -3.2550422761086675e-5
   5.6050000e+01   -3.2204954541086674e-5
   5.6060000e+01   -3.185382442108668e-5
   5.6070000e+01   -3.1497236046086675e-5
   5.6080000e+01   -3.1135390361086675e-5
   5.6090000e+01   -3.076848872108667e-5
   5.6100000e+01   -3.0396734266086672e-5
   5.6110000e+01   -3.0020329151086673e-5
   5.6120000e+01   -2.9639471591086672e-5
   5.6130000e+01   -2.9254356006086672e-5
   5.6140000e+01   -2.8865176426086674e-5
   5.6150000e+01   -2.8472129316086672e-5
   5.6160000e+01   -2.8075411336086674e-5
   5.6170000e+01   -2.7675215211086675e-5
   5.6180000e+01   -2.7271729716086676e-5
   5.6190000e+01   -2.6865142231086674e-5
   5.6200000e+01   -2.6455639681086675e-5
   5.6210000e+01   -2.6043407991086676e-5
   5.6220000e+01   -2.5628631481086676e-5
   5.6230000e+01   -2.5211493021086677e-5
   5.6240000e+01   -2.4792174641086676e-5
   5.6250000e+01   -2.4370856191086676e-5
   5.6260000e+01   -2.3947712936086675e-5
   5.6270000e+01   -2.3522917156086676e-5
   5.6280000e+01   -2.3096642261086674e-5
   5.6290000e+01   -2.2669062106086674e-5
   5.6300000e+01   -2.2240346711086674e-5
   5.6310000e+01   -2.1810661851086675e-5
   5.6320000e+01   -2.1380172306086674e-5
   5.6330000e+01   -2.0949042791086676e-5
   5.6340000e+01   -2.0517435091086674e-5
   5.6350000e+01   -2.0085506381086675e-5
   5.6360000e+01   -1.9653412231086675e-5
   5.6370000e+01   -1.9221309206086673e-5
   5.6380000e+01   -1.8789351826086672e-5
   5.6390000e+01   -1.835768918108667e-5
   5.6400000e+01   -1.792646719108667e-5
   5.6410000e+01   -1.7495831356086672e-5
   5.6420000e+01   -1.706592521608667e-5
   5.6430000e+01   -1.663688971108667e-5
   5.6440000e+01   -1.620886556108667e-5
   5.6450000e+01   -1.578199262108667e-5
   5.6460000e+01   -1.5356404941086668e-5
   5.6470000e+01   -1.4932229626086668e-5
   5.6480000e+01   -1.4509594011086668e-5
   5.6490000e+01   -1.4088630106086668e-5
   5.6500000e+01   -1.3669466856086668e-5
   5.6510000e+01   -1.3252222896086668e-5
   5.6520000e+01   -1.2837012616086669e-5
   5.6530000e+01   -1.2423954511086669e-5
   5.6540000e+01   -1.2013167776086669e-5
   5.6550000e+01   -1.160476468608667e-5
   5.6560000e+01   -1.119885250608667e-5
   5.6570000e+01   -1.079553982108667e-5
   5.6580000e+01   -1.039493517608667e-5
   5.6590000e+01   -9.99714190108667e-6
   5.6600000e+01   -9.60225817608667e-6
   5.6610000e+01   -9.210379921086671e-6
   5.6620000e+01   -8.82160194108667e-6
   5.6630000e+01   -8.436018426086671e-6
   5.6640000e+01   -8.053722576086671e-6
   5.6650000e+01   -7.674804246086672e-6
   5.6660000e+01   -7.299348561086672e-6
   5.6670000e+01   -6.9274373010866714e-6
   5.6680000e+01   -6.559149786086671e-6
   5.6690000e+01   -6.194562391086671e-6
   5.6700000e+01   -5.8337501760866714e-6
   5.6710000e+01   -5.476789061086672e-6
   5.6720000e+01   -5.123753286086672e-6
   5.6730000e+01   -4.774711141086672e-6
   5.6740000e+01   -4.429726476086672e-6
   5.6750000e+01   -4.088863431086672e-6
   5.6760000e+01   -3.7521859760866716e-6
   5.6770000e+01   -3.4197535960866715e-6
   5.6780000e+01   -3.0916205960866713e-6
   5.6790000e+01   -2.7678397260866713e-6
   5.6800000e+01   -2.4484646410866713e-6
   5.6810000e+01   -2.133547751086671e-6
   5.6820000e+01   -1.823137176086671e-6
   5.6830000e+01   -1.5172773860866711e-6
   5.6840000e+01   -1.216010746086671e-6
   5.6850000e+01   -9.19377016086671e-7
   5.6860000e+01   -6.274134610866711e-7
   5.6870000e+01   -3.401564110866711e-7
   5.6880000e+01   -5.764144108667113e-8
   5.6890000e+01   2.2009815391332888e-7
   5.6900000e+01   4.930316239133289e-7
   5.6910000e+01   7.611300239133289e-7
   5.6920000e+01   1.0243676239133288e-6
   5.6930000e+01   1.282722843913329e-6
   5.6940000e+01   1.536175153913329e-6
   5.6950000e+01   1.784703333913329e-6
   5.6960000e+01   2.0282887589133287e-6
   5.6970000e+01   2.266917038913329e-6
   5.6980000e+01   2.500575378913329e-6
   5.6990000e+01   2.729251448913329e-6
   5.7000000e+01   2.9529348839133287e-6
   5.7010000e+01   3.1716183389133286e-6
   5.7020000e+01   3.3852968889133287e-6
   5.7030000e+01   3.5939662039133287e-6
   5.7040000e+01   3.7976229489133286e-6
   5.7050000e+01   3.996267323913329e-6
   5.7060000e+01   4.189901938913329e-6
   5.7070000e+01   4.378529158913329e-6
   5.7080000e+01   4.562152933913329e-6
   5.7090000e+01   4.740780288913329e-6
   5.7100000e+01   4.914418908913329e-6
   5.7110000e+01   5.083077728913329e-6
   5.7120000e+01   5.246770268913329e-6
   5.7130000e+01   5.405511823913329e-6
   5.7140000e+01   5.559314133913329e-6
   5.7150000e+01   5.708188898913329e-6
   5.7160000e+01   5.85215488891333e-6
   5.7170000e+01   5.99123552891333e-6
   5.7180000e+01   6.12545225391333e-6
   5.7190000e+01   6.254825628913329e-6
   5.7200000e+01   6.379379818913329e-6
   5.7210000e+01   6.499141293913329e-6
   5.7220000e+01   6.614134908913329e-6
   5.7230000e+01   6.724385263913329e-6
   5.7240000e+01   6.829921183913329e-6
   5.7250000e+01   6.9307747859133295e-6
   5.7260000e+01   7.026977133913329e-6
   5.7270000e+01   7.118559342413329e-6
   5.7280000e+01   7.205555995913329e-6
   5.7290000e+01   7.288003339913329e-6
   5.7300000e+01   7.36593697391333e-6
   5.7310000e+01   7.43939368441333e-6
   5.7320000e+01   7.50841232091333e-6
