   0.0000000e+00   7.3106415e-9
   5.0000000e-03   6.64615905e-8
   1.0000000e-02   2.937492755e-7
   1.5000000e-02   8.566687030000001e-7
   2.0000000e-02   1.8900715280000002e-6
   2.5000000e-02   3.424470228e-6
   3.0000000e-02   5.3815135030000004e-6
   3.5000000e-02   7.617511078000001e-6
   4.0000000e-02   9.973277328e-6
   4.5000000e-02   1.2309509228000001e-5
   5.0000000e-02   1.4527025428000002e-5
   5.5000000e-02   1.6576322378000002e-5
   6.0000000e-02   1.8457490528000004e-5
   6.5000000e-02   2.0209469978000005e-5
   7.0000000e-02   2.1890334203000003e-5
   7.5000000e-02   2.3554812953000004e-5
   8.0000000e-02   2.5237173653000006e-5
   8.5000000e-02   2.6945070553000007e-5
   9.0000000e-02   2.8664672503000006e-5
   9.5000000e-02   3.0372544678000006e-5
   1.0000000e-01   3.2047856328000005e-5
   1.0500000e-01   3.3679902753000006e-5
   1.1000000e-01   3.5269234103e-5
   1.1500000e-01   3.6823855728000005e-5
   1.2000000e-01   3.8353595553000006e-5
   1.2500000e-01   3.986554682800001e-5
   1.3000000e-01   4.136213020300001e-5
   1.3500000e-01   4.284173567800001e-5
   1.4000000e-01   4.430084062800001e-5
   1.4500000e-01   4.573623185300001e-5
   1.5000000e-01   4.7146348878000015e-5
   1.5500000e-01   4.853145255300002e-5
   1.6000000e-01   4.989293235300002e-5
   1.6500000e-01   5.123235550300002e-5
   1.7000000e-01   5.255078565300002e-5
   1.7500000e-01   5.384859185300002e-5
   1.8000000e-01   5.5125649278000015e-5
   1.8500000e-01   5.638167367800002e-5
   1.9000000e-01   5.7616470178000014e-5
   1.9500000e-01   5.8830024053000013e-5
   2.0000000e-01   6.002248300300001e-5
   2.0500000e-01   6.119410622800001e-5
   2.1000000e-01   6.234521242800001e-5
   2.1500000e-01   6.347611950300001e-5
   2.2000000e-01   6.458707700300002e-5
   2.2500000e-01   6.567822497800002e-5
   2.3000000e-01   6.674961650300003e-5
   2.3500000e-01   6.780129822800003e-5
   2.4000000e-01   6.883339080300004e-5
   2.4500000e-01   6.984610500300004e-5
   2.5000000e-01   7.083968292800004e-5
   2.5500000e-01   7.181431800300005e-5
   2.6000000e-01   7.277012090300005e-5
   2.6500000e-01   7.370714972800005e-5
   2.7000000e-01   7.462546537800005e-5
   2.7500000e-01   7.552516522800004e-5
   2.8000000e-01   7.640638532800004e-5
   2.8500000e-01   7.726929192800004e-5
   2.9000000e-01   7.811407552800004e-5
   2.9500000e-01   7.894093830300004e-5
   3.0000000e-01   7.975006820300004e-5
   3.0500000e-01   8.054161675300004e-5
   3.1000000e-01   8.131570425300005e-5
   3.1500000e-01   8.207244967800005e-5
   3.2000000e-01   8.281199410300005e-5
   3.2500000e-01   8.353449347800004e-5
   3.3000000e-01   8.424009017800004e-5
   3.3500000e-01   8.492889122800005e-5
   3.4000000e-01   8.560096882800005e-5
   3.4500000e-01   8.625638007800005e-5
   3.5000000e-01   8.689519542800005e-5
   3.5500000e-01   8.751752285300005e-5
   3.6000000e-01   8.812351425300006e-5
   3.6500000e-01   8.871335002800006e-5
   3.7000000e-01   8.928721440300006e-5
   3.7500000e-01   8.984527802800005e-5
   3.8000000e-01   9.038769047800005e-5
   3.8500000e-01   9.091457462800005e-5
   3.9000000e-01   9.142601932800006e-5
   3.9500000e-01   9.192207630300006e-5
   4.0000000e-01   9.240277007800005e-5
   4.0500000e-01   9.286812223300005e-5
   4.1000000e-01   9.331818056300005e-5
   4.1500000e-01   9.375303941800004e-5
   4.2000000e-01   9.417284218050004e-5
   4.2500000e-01   9.457776624050004e-5
   4.3000000e-01   9.496799881550005e-5
   4.3500000e-01   9.534371371050005e-5
   4.4000000e-01   9.570505345300005e-5
   4.4500000e-01   9.605211602300005e-5
   4.5000000e-01   9.638494978050005e-5
   4.5500000e-01   9.670356754550004e-5
   4.6000000e-01   9.700798426800005e-5
   4.6500000e-01   9.729826111050005e-5
   4.7000000e-01   9.757452458550005e-5
   4.7500000e-01   9.783694249800004e-5
   4.8000000e-01   9.808566998800005e-5
   4.8500000e-01   9.832080135800005e-5
   4.9000000e-01   9.854235881550005e-5
   4.9500000e-01   9.875032382550005e-5
   5.0000000e-01   9.894469075050006e-5
   5.0500000e-01   9.912551239550006e-5
   5.1000000e-01   9.929291568550006e-5
   5.1500000e-01   9.944708336550006e-5
   5.2000000e-01   9.958821157800006e-5
   5.2500000e-01   9.971645910550006e-5
   5.3000000e-01   9.983190636800005e-5
   5.3500000e-01   9.993454200300005e-5
   5.4000000e-01   0.00010002428635050005
   5.4500000e-01   0.00010010104442800005
   5.5000000e-01   0.00010016476620550005
   5.5500000e-01   0.00010021548846550005
   5.6000000e-01   0.00010025334224425005
   5.6500000e-01   0.00010027852719500005
   5.7000000e-01   0.00010029126862900005
   5.7500000e-01  0.00010029177710200005
   5.8000000e-01  0.00010028022393700006
   5.8500000e-01  0.00010025673322200005
   5.9000000e-01  0.00010022138188625005
   5.9500000e-01  0.00010017420436200005
   6.0000000e-01  0.00010011520842450006
   6.0500000e-01  0.00010004440358200006
   6.1000000e-01  9.996182399950006e-5
   6.1500000e-01  9.986752156950006e-5
   6.2000000e-01  9.976152681950006e-5
   6.2500000e-01  9.964380743950006e-5
   6.3000000e-01  9.951426677700006e-5
   6.3500000e-01  9.937280542700006e-5
   6.4000000e-01  9.921942699950006e-5
   6.4500000e-01  9.905432799950007e-5
   6.5000000e-01  9.887790318450007e-5
   6.5500000e-01  9.869063959950008e-5
   6.6000000e-01  9.849294215950008e-5
   6.6500000e-01  9.828497826700008e-5
   6.7000000e-01  9.806661498700008e-5
   6.7500000e-01  9.783746847450008e-5
   6.8000000e-01  9.759703759450008e-5
   6.8500000e-01  9.734487460950008e-5
   6.9000000e-01  9.708074350700008e-5
   6.9500000e-01  9.680471678950007e-5
   7.0000000e-01  9.651716972450008e-5
   7.0500000e-01  9.621866022950008e-5
   7.1000000e-01  9.590973245200007e-5
   7.1500000e-01  9.559072943200007e-5
   7.2000000e-01  9.526170648200007e-5
   7.2500000e-01  9.492248346450007e-5
   7.3000000e-01  9.457279471950006e-5
   7.3500000e-01  9.421245045450006e-5
   7.4000000e-01  9.384143693950006e-5
   7.4500000e-01  9.345992592200006e-5
   7.5000000e-01  9.306820171700006e-5
   7.5500000e-01  9.266654073950006e-5
   7.6000000e-01  9.225509587950006e-5
   7.6500000e-01  9.183383859700007e-5
   7.7000000e-01  9.140258616200007e-5
   7.7500000e-01  9.096109939950008e-5
   7.8000000e-01  9.050920207700008e-5
   7.8500000e-01  9.004686664450009e-5
   7.9000000e-01  8.957423342950009e-5
   7.9500000e-01  8.909156570200009e-5
   8.0000000e-01  8.859916987950008e-5
   8.0500000e-01  8.809731585200008e-5
   8.1000000e-01  8.758618107700009e-5
   8.1500000e-01  8.706582867700009e-5
   8.2000000e-01  8.653622152700009e-5
   8.2500000e-01  8.599726732700009e-5
   8.3000000e-01  8.544888000200009e-5
   8.3500000e-01  8.489103437700009e-5
   8.4000000e-01  8.432378912700009e-5
   8.4500000e-01  8.374726137700009e-5
   8.5000000e-01  8.316156007700009e-5
   8.5500000e-01  8.256671737700008e-5
   8.6000000e-01  8.196267217700008e-5
   8.6500000e-01  8.134933335200008e-5
   8.7000000e-01  8.072669092700007e-5
   8.7500000e-01  8.009489647700008e-5
   8.8000000e-01  7.945424607700007e-5
   8.8500000e-01  7.880506702700007e-5
   8.9000000e-01  7.814757782700007e-5
   8.9500000e-01  7.748180660200008e-5
   9.0000000e-01  7.680760747700007e-5
   9.0500000e-01  7.612474667700007e-5
   9.1000000e-01  7.543299485200008e-5
   9.1500000e-01  7.473218297700008e-5
   9.2000000e-01  7.402222725200007e-5
   9.2500000e-01  7.330315152700007e-5
   9.3000000e-01  7.257511345200006e-5
   9.3500000e-01  7.183840372700006e-5
   9.4000000e-01  7.109338517700006e-5
   9.4500000e-01  7.034037967700005e-5
   9.5000000e-01  6.957955867700005e-5
   9.5500000e-01  6.881090157700005e-5
   9.6000000e-01  6.803424735200005e-5
   9.6500000e-01  6.724940952700006e-5
   9.7000000e-01  6.645628892700006e-5
   9.7500000e-01  6.565492557700006e-5
   9.8000000e-01  6.484547557700006e-5
   9.8500000e-01  6.402814667700006e-5
   9.9000000e-01  6.320313882700006e-5
   9.9500000e-01  6.237060950200006e-5
   1.0000000e+00  6.153065570200006e-5
   1.0050000e+00  6.0683305402000064e-5
   1.0100000e+00  5.9828527477000064e-5
   1.0150000e+00  5.8966268677000066e-5
   1.0200000e+00  5.809650430200006e-5
   1.0250000e+00  5.7219273552000064e-5
   1.0300000e+00  5.633467945200007e-5
   1.0350000e+00  5.5442855477000066e-5
   1.0400000e+00  5.454391840200007e-5
   1.0450000e+00  5.363793517700007e-5
   1.0500000e+00  5.272492650200007e-5
   1.0550000e+00  5.1804905327000074e-5
   1.0600000e+00  5.087791807700007e-5
   1.0650000e+00  4.994405165200007e-5
   1.0700000e+00  4.900340272700007e-5
   1.0750000e+00  4.805604717700007e-5
   1.0800000e+00  4.7102052477000065e-5
   1.0850000e+00  4.614153325200006e-5
   1.0900000e+00  4.5174699402000065e-5
   1.0950000e+00  4.4201840652000064e-5
   1.1000000e+00  4.322323867700006e-5
   1.1050000e+00  4.2239053102000065e-5
   1.1100000e+00  4.124924432700006e-5
   1.1150000e+00  4.0253571252000065e-5
   1.1200000e+00  3.9251667252000066e-5
   1.1250000e+00  3.824317357700006e-5
   1.1300000e+00  3.722789072700006e-5
   1.1350000e+00  3.620589222700006e-5
   1.1400000e+00  3.5177545127000064e-5
   1.1450000e+00  3.414341112700007e-5
   1.1500000e+00  3.310405885200007e-5
   1.1550000e+00  3.205987320200007e-5
   1.1600000e+00  3.101095892700007e-5
   1.1650000e+00  2.995718275200007e-5
   1.1700000e+00  2.8898315852000072e-5
   1.1750000e+00  2.7834187752000072e-5
   1.1800000e+00  2.6764773827000074e-5
   1.1850000e+00  2.5690189502000073e-5
   1.1900000e+00  2.4610616377000072e-5
   1.1950000e+00  2.352621627700007e-5
   1.2000000e+00  2.2437088027000073e-5
   1.2050000e+00  2.1343288252000074e-5
   1.2100000e+00  2.0244890352000075e-5
   1.2150000e+00  1.9142029577000074e-5
   1.2200000e+00  1.8034898052000075e-5
   1.2250000e+00  1.6923695302000075e-5
   1.2300000e+00  1.5808571027000073e-5
   1.2350000e+00  1.4689595202000074e-5
   1.2400000e+00  1.3566764902000073e-5
   1.2450000e+00  1.2440035752000072e-5
   1.2500000e+00  1.1309364077000073e-5
   1.2550000e+00  1.0174752277000072e-5
   1.2600000e+00  9.036286727000073e-6
   1.2650000e+00  7.894148852000073e-6
   1.2700000e+00  6.748585752000073e-6
   1.2750000e+00  5.599850502000073e-6
   1.2800000e+00  4.448143302000072e-6
   1.2850000e+00  3.2935846270000724e-6
   1.2900000e+00  2.1362304020000724e-6
   1.2950000e+00  9.761119520000724e-7
   1.3000000e+00  -1.8672919799992767e-7
   1.3050000e+00  -1.3522286479999277e-6
   1.3100000e+00  -2.520300897999928e-6
   1.3150000e+00  -3.690840147999928e-6
   1.3200000e+00  -4.863717497999928e-6
   1.3250000e+00  -6.038780722999928e-6
   1.3300000e+00  -7.215858047999928e-6
   1.3350000e+00  -8.394765197999929e-6
   1.3400000e+00  -9.575322222999929e-6
   1.3450000e+00  -1.0757386422999929e-5
   1.3500000e+00  -1.1940887972999929e-5
   1.3550000e+00  -1.3125833222999929e-5
   1.3600000e+00  -1.4312250722999929e-5
   1.3650000e+00  -1.550010054799993e-5
   1.3700000e+00  -1.668921014799993e-5
   1.3750000e+00  -1.787929399799993e-5
   1.3800000e+00  -1.9070056297999928e-5
   1.3850000e+00  -2.0261314047999928e-5
   1.3900000e+00  -2.1453060922999927e-5
   1.3950000e+00  -2.2645427647999926e-5
   1.4000000e+00  -2.3838552897999927e-5
   1.4050000e+00  -2.5032427897999928e-5
   1.4100000e+00  -2.622679762299993e-5
   1.4150000e+00  -2.742118149799993e-5
   1.4200000e+00  -2.861501709799993e-5
   1.4250000e+00  -2.9807858972999928e-5
   1.4300000e+00  -3.0999529172999926e-5
   1.4350000e+00  -3.219014239799993e-5
   1.4400000e+00  -3.3379999422999925e-5
   1.4450000e+00  -3.4569411447999925e-5
   1.4500000e+00  -3.575854419799993e-5
   1.4550000e+00  -3.6947345797999925e-5
   1.4600000e+00  -3.8135566897999924e-5
   1.4650000e+00  -3.932283149799992e-5
   1.4700000e+00  -4.050870529799992e-5
   1.4750000e+00  -4.169273857299992e-5
   1.4800000e+00  -4.2874502022999916e-5
   1.4850000e+00  -4.4053642847999916e-5
   1.4900000e+00  -4.522995734799992e-5
   1.4950000e+00  -4.640344092299992e-5
   1.5000000e+00  -4.757427282299992e-5
   1.5050000e+00  -4.874272757299992e-5
   1.5100000e+00  -4.990904754799992e-5
   1.5150000e+00  -5.107332887299992e-5
   1.5200000e+00  -5.2235457522999925e-5
   1.5250000e+00  -5.3395105372999923e-5
   1.5300000e+00  -5.455178274799992e-5
   1.5350000e+00  -5.570494127299992e-5
   1.5400000e+00  -5.685410832299992e-5
   1.5450000e+00  -5.7999006197999916e-5
   1.5500000e+00  -5.913959314799992e-5
   1.5550000e+00  -6.027599242299992e-5
   1.5600000e+00  -6.140834347299993e-5
   1.5650000e+00  -6.253666552299992e-5
   1.5700000e+00  -6.366081394799993e-5
   1.5750000e+00  -6.478053769799992e-5
   1.5800000e+00  -6.589557602299992e-5
   1.5850000e+00  -6.700572427299992e-5
   1.5900000e+00  -6.811084392299992e-5
   1.5950000e+00  -6.921083542299993e-5
   1.6000000e+00  -7.030560247299993e-5
   1.6050000e+00  -7.139502477299993e-5
   1.6100000e+00  -7.247894559799992e-5
   1.6150000e+00  -7.355717594799992e-5
   1.6200000e+00  -7.462951324799992e-5
   1.6250000e+00  -7.569576649799992e-5
   1.6300000e+00  -7.675577344799992e-5
   1.6350000e+00  -7.780939632299992e-5
   1.6400000e+00  -7.885649584799991e-5
   1.6450000e+00  -7.989690097299991e-5
   1.6500000e+00  -8.093039762299991e-5
   1.6550000e+00  -8.195674802299992e-5
   1.6600000e+00  -8.297573182299992e-5
   1.6650000e+00  -8.398718669799992e-5
   1.6700000e+00  -8.499102599799992e-5
   1.6750000e+00  -8.598722182299993e-5
   1.6800000e+00  -8.697575777299992e-5
   1.6850000e+00  -8.795657137299992e-5
   1.6900000e+00  -8.892951414799992e-5
   1.6950000e+00  -8.989434799799991e-5
   1.7000000e+00  -9.085077579799991e-5
   1.7050000e+00  -9.17984911479999e-5
   1.7100000e+00  -9.273723209799991e-5
   1.7150000e+00  -9.36668221479999e-5
   1.7200000e+00  -9.45871765729999e-5
   1.7250000e+00  -9.54982601729999e-5
   1.7300000e+00  -9.64000111729999e-5
   1.7350000e+00  -9.72922744729999e-5
   1.7400000e+00  -9.81747869729999e-5
   1.7450000e+00  -9.90472273479999e-5
   1.7500000e+00  -9.99093036979999e-5
   1.7550000e+00  -0.0001007608323979999
   1.7600000e+00  -0.0001016017703729999
   1.7650000e+00  -0.0001024321895229999
   1.7700000e+00  -0.0001032522073229999
   1.7750000e+00  -0.00010406189859799989
   1.7800000e+00  -0.00010486121599799989
   1.7850000e+00  -0.00010564994757299989
   1.7900000e+00  -0.00010642773342299989
   1.7950000e+00  -0.0001071941422979999
   1.8000000e+00  -0.0001079487804729999
   1.8050000e+00  -0.0001086913867479999
   1.8100000e+00  -0.0001094218692479999
   1.8150000e+00  -0.00011014026314799989
   1.8200000e+00  -0.00011084662599799989
   1.8250000e+00  -0.00011154092259799989
   1.8300000e+00  -0.0001122229616229999
   1.8350000e+00  -0.0001128924193229999
   1.8400000e+00  -0.00011354893644799989
   1.8450000e+00  -0.0001141922347979999
   1.8500000e+00  -0.0001148221899229999
   1.8550000e+00  -0.0001154388193229999
   1.8600000e+00  -0.0001160421917229999
   1.8650000e+00  -0.0001166323089479999
   1.8700000e+00  -0.00011720902964799991
   1.8750000e+00  -0.0001177720787729999
   1.8800000e+00  -0.00011832113392299991
   1.8850000e+00  -0.00011885593349799991
   1.8900000e+00  -0.00011937633897299991
   1.8950000e+00  -0.00011988231448799992
   1.9000000e+00  -0.00012037384367299992
   1.9050000e+00  -0.00012085084507799992
   1.9100000e+00  -0.00012131314394299993
   1.9150000e+00  -0.00012176051539049993
   1.9200000e+00  -0.00012219276376799993
   1.9250000e+00  -0.00012260977827299992
   1.9300000e+00  -0.00012301152383549993
   1.9350000e+00  -0.0001233979751104999
   1.9400000e+00  -0.0001237690408504999
   1.9450000e+00  -0.0001241245285854999
   1.9500000e+00  -0.0001244641735404999
   1.9550000e+00  -0.00012478772104799988
   1.9600000e+00  -0.00012509501895299988
   1.9650000e+00  -0.00012538605869049987
   1.9700000e+00  -0.00012566092193299987
   1.9750000e+00  -0.00012591964829299987
   1.9800000e+00  -0.00012616210375299987
   1.9850000e+00  -0.00012638794389049988
   1.9900000e+00  -0.0001265967075604999
   1.9950000e+00  -0.0001267879877354999
   2.0000000e+00  -0.0001269615774904999
   2.0050000e+00  -0.0001271175104379999
   2.0100000e+00  -0.00012725597967549988
   2.0150000e+00  -0.0001273771845979999
   2.0200000e+00  -0.0001274811886904999
   2.0250000e+00  -0.0001275678578754999
   2.0300000e+00  -0.0001276369000929999
   2.0350000e+00  -0.0001276879777712499
   2.0400000e+00  -0.0001277208387467499
   2.0450000e+00  -0.0001277354042244999
   2.0500000e+00   -0.0001277317627739999
   2.0550000e+00   -0.0001277100610099999
   2.0600000e+00   -0.0001276703483517499
   2.0650000e+00   -0.0001276124751514999
   2.0700000e+00   -0.0001275361127564999
   2.0750000e+00   -0.0001274408782739999
   2.0800000e+00   -0.0001273264783864999
   2.0850000e+00   -0.00012719278725899992
   2.0900000e+00   -0.00012703982925399993
   2.0950000e+00   -0.00012686769717399992
   2.1000000e+00   -0.00012667646508399992
   2.1050000e+00   -0.00012646614445399991
   2.1100000e+00   -0.00012623669500899993
   2.1150000e+00   -0.00012598806253399992
   2.1200000e+00   -0.0001257202029264999
   2.1250000e+00   -0.0001254330709189999
   2.1300000e+00   -0.0001251265822264999
   2.1350000e+00   -0.0001248005775839999
   2.1400000e+00   -0.00012445481910149992
   2.1450000e+00   -0.00012408903326399992
   2.1500000e+00   -0.0001237029862264999
   2.1550000e+00   -0.00012329655408649991
   2.1600000e+00   -0.00012286975188649993
   2.1650000e+00   -0.00012242270731899993
   2.1700000e+00   -0.00012195558959649994
   2.1750000e+00   -0.00012146851939399993
   2.1800000e+00   -0.00012096149383149993
   2.1850000e+00   -0.00012043436083149993
   2.1900000e+00   -0.00011988686240649993
   2.1950000e+00   -0.00011931873490649992
   2.2000000e+00   -0.00011872981990649992
   2.2050000e+00   -0.00011812012535649992
   2.2100000e+00   -0.00011748979813149992
   2.2150000e+00   -0.00011683902025649993
   2.2200000e+00   -0.00011616789090649993
   2.2250000e+00   -0.00011547636770649992
   2.2300000e+00   -0.00011476430285649992
   2.2350000e+00   -0.00011403154695649991
   2.2400000e+00   -0.00011327804858149992
   2.2450000e+00   -0.00011250388175649992
   2.2500000e+00   -0.00011170918533149991
   2.2550000e+00   -0.00011089406005649992
   2.2600000e+00   -0.00011005849288149992
   2.2650000e+00   -0.00010920235005649992
   2.2700000e+00   -0.00010832543103149991
   2.2750000e+00   -0.00010742754460649991
   2.2800000e+00   -0.0001065085689564999
   2.2850000e+00   -0.00010556847203149991
   2.2900000e+00   -0.0001046072898814999
   2.2950000e+00   -0.0001036250822814999
   2.3000000e+00   -0.0001026218937564999
   2.3050000e+00   -0.0001015977365064999
   2.3100000e+00   -0.00010055259370649989
   2.3150000e+00   -9.948643565649989e-5
   2.3200000e+00   -9.83992462064999e-5
   2.3250000e+00   -9.729105773149989e-5
   2.3300000e+00   -9.616198235649989e-5
   2.3350000e+00   -9.501221623149989e-5
   2.3400000e+00   -9.384199825649988e-5
   2.3450000e+00   -9.265153210649988e-5
   2.3500000e+00   -9.144091208149989e-5
   2.3550000e+00   -9.02100970814999e-5
   2.3600000e+00   -8.89589451564999e-5
   2.3650000e+00   -8.768728045649989e-5
   2.3700000e+00   -8.639495098149989e-5
   2.3750000e+00   -8.508185705649989e-5
   2.3800000e+00   -8.374796100649989e-5
   2.3850000e+00   -8.23932986314999e-5
   2.3900000e+00   -8.101799583149989e-5
   2.3950000e+00   -7.96222697064999e-5
   2.4000000e+00   -7.820638988149989e-5
   2.4050000e+00   -7.677060195649989e-5
   2.4100000e+00   -7.531504990649989e-5
   2.4150000e+00   -7.383974345649989e-5
   2.4200000e+00   -7.23445882314999e-5
   2.4250000e+00   -7.08294583814999e-5
   2.4300000e+00   -6.929427635649989e-5
   2.4350000e+00   -6.773907155649988e-5
   2.4400000e+00   -6.616399660649989e-5
   2.4450000e+00   -6.456928690649988e-5
   2.4500000e+00   -6.295517540649988e-5
   2.4550000e+00   -6.132181065649989e-5
   2.4600000e+00   -5.966923160649989e-5
   2.4650000e+00   -5.799741180649989e-5
   2.4700000e+00   -5.6306337131499894e-5
   2.4750000e+00   -5.45960666564999e-5
   2.4800000e+00   -5.2866746856499895e-5
   2.4850000e+00   -5.1118578506499894e-5
   2.4900000e+00   -4.935175483149989e-5
   2.4950000e+00   -4.756639998149989e-5
   2.5000000e+00   -4.576254058149989e-5
   2.5050000e+00   -4.3940132881499894e-5
   2.5100000e+00   -4.209914195649989e-5
   2.5150000e+00   -4.023963908149989e-5
   2.5200000e+00   -3.836186643149989e-5
   2.5250000e+00   -3.646622723149989e-5
   2.5300000e+00   -3.455319403149989e-5
   2.5350000e+00   -3.2623173656499895e-5
   2.5400000e+00   -3.06763974564999e-5
   2.5450000e+00   -2.87128934064999e-5
   2.5500000e+00   -2.6732546206499898e-5
   2.5550000e+00   -2.47351995064999e-5
   2.5600000e+00   -2.27207408814999e-5
   2.5650000e+00   -2.06891403064999e-5
   2.5700000e+00   -1.86404538064999e-5
   2.5750000e+00   -1.65748219314999e-5
   2.5800000e+00   -1.4492479181499899e-5
   2.5850000e+00   -1.23937630814999e-5
   2.5900000e+00   -1.02790949314999e-5
   2.5950000e+00   -8.1489141064999e-6
   2.6000000e+00   -6.0035818814999e-6
   2.6050000e+00   -3.8433027564999e-6
   2.6100000e+00   -1.6681109064999e-6
   2.6150000e+00   5.220661185000999e-7
   2.6200000e+00   2.7272968935001e-6
   2.6250000e+00   4.947540143500099e-6
   2.6300000e+00   7.1825892185001e-6
   2.6350000e+00   9.432090093500101e-6
   2.6400000e+00   1.1695624068500101e-5
   2.6450000e+00   1.39728174685001e-5
   2.6500000e+00   1.62634303435001e-5
   2.6550000e+00   1.85673887685001e-5
   2.6600000e+00   2.08847490685001e-5
   2.6650000e+00   2.32156079935001e-5
   2.6700000e+00   2.55599957935001e-5
   2.6750000e+00   2.7917797643500102e-5
   2.6800000e+00   3.0288733543500104e-5
   2.6850000e+00   3.2672394518500105e-5
   2.6900000e+00   3.50683067185001e-5
   2.6950000e+00   3.74759933435001e-5
   2.7000000e+00   3.98950229185001e-5
   2.7050000e+00   4.2325049368500104e-5
   2.7100000e+00   4.4765845618500105e-5
   2.7150000e+00   4.7217315368500105e-5
   2.7200000e+00   4.9679460718500104e-5
   2.7250000e+00   5.2152301893500106e-5
   2.7300000e+00   5.4635779518500104e-5
   2.7350000e+00   5.712969159350011e-5
   2.7400000e+00   5.963370331850011e-5
   2.7450000e+00   6.214742154350011e-5
   2.7500000e+00   6.467048401850011e-5
   2.7550000e+00   6.720261049350011e-5
   2.7600000e+00   6.974359544350012e-5
   2.7650000e+00   7.229325911850012e-5
   2.7700000e+00   7.485138926850012e-5
   2.7750000e+00   7.741770061850011e-5
   2.7800000e+00   7.999182774350011e-5
   2.7850000e+00   8.257335774350012e-5
   2.7900000e+00   8.516189789350012e-5
   2.7950000e+00   8.775715329350012e-5
   2.8000000e+00   9.035897041850012e-5
   2.8050000e+00   9.296730801850012e-5
   2.8100000e+00   9.558213844350012e-5
   2.8150000e+00   9.820333476850012e-5
   2.8200000e+00   0.00010083061329350011
   2.8250000e+00   0.00010346355859350012
   2.8300000e+00   0.00010610169816850012
   2.8350000e+00   0.00010874457124350012
   2.8400000e+00   0.00011139176319350013
   2.8450000e+00   0.00011404291481850013
   2.8500000e+00   0.00011669772499350013
   2.8550000e+00   0.00011935595019350013
   2.8600000e+00   0.00012201739301850013
   2.8650000e+00   0.00012468187711850014
   2.8700000e+00   0.00012734921594350013
   2.8750000e+00   0.00013001918519350012
   2.8800000e+00   0.0001326915055935001
   2.8850000e+00   0.0001353658408435001
   2.8900000e+00   0.0001380418144185001
   2.8950000e+00   0.0001407190413935001
   2.9000000e+00   0.0001433971613685001
   2.9050000e+00   0.0001460758573685001
   2.9100000e+00   0.0001487548546685001
   2.9150000e+00   0.00015143390081850011
   2.9200000e+00   0.00015411273046850012
   2.9250000e+00   0.00015679102734350011
   2.9300000e+00   0.00015946840851850013
   2.9350000e+00   0.00016214445254350012
   2.9400000e+00   0.00016481876391850013
   2.9450000e+00   0.00016749103479350014
   2.9500000e+00   0.00017016106114350015
   2.9550000e+00   0.00017282869824350013
   2.9600000e+00   0.00017549377854350013
   2.9650000e+00   0.00017815603609350013
   2.9700000e+00   0.00018081507471850013
   2.9750000e+00   0.00018347039199350014
   2.9800000e+00   0.00018612144636850013
   2.9850000e+00   0.00018876774341850013
   2.9900000e+00   0.00019140891271850012
   2.9950000e+00   0.00019404474196850014
   3.0000000e+00   0.00019667514009350014
   3.0050000e+00   0.00019930003296850013
   3.0100000e+00   0.00020191924359350014
   3.0150000e+00   0.00020453242844350013
   3.0200000e+00   0.00020713910534350013
   3.0250000e+00   0.00020973874464350013
   3.0300000e+00   0.00021233086149350012
   3.0350000e+00   0.0002149150644435001
   3.0400000e+00   0.00021749105436850012
   3.0450000e+00   0.00022005859204350013
   3.0500000e+00   0.00022261745681850014
   3.0550000e+00   0.00022516741154350015
   3.0600000e+00   0.00022770818009350014
   3.0650000e+00   0.00023023943931850015
   3.0700000e+00   0.00023276082441850014
   3.0750000e+00   0.00023527194401850015
   3.0800000e+00   0.00023777239924350016
   3.0850000e+00   0.00024026180069350016
   3.0900000e+00   0.00024273977856850015
   3.0950000e+00   0.0002452059842185002
   3.1000000e+00   0.00024766008524350016
   3.1050000e+00   0.00025010175751850015
   3.1100000e+00   0.00025253067659350014
   3.1150000e+00   0.0002549465075685001
   3.1200000e+00   0.00025734889111850013
   3.1250000e+00   0.00025973743184350015
   3.1300000e+00   0.00026211170464350016
   3.1350000e+00   0.00026447128864350017
   3.1400000e+00   0.00026681581651850016
   3.1450000e+00   0.00026914500936850016
   3.1500000e+00   0.0002714586685685002
   3.1550000e+00   0.00027375661634350016
   3.1600000e+00   0.00027603860999350014
   3.1650000e+00   0.00027830428309350014
   3.1700000e+00   0.00028055316064350014
   3.1750000e+00   0.0002827847454435001
   3.1800000e+00   0.00028499861554350013
   3.1850000e+00   0.0002871944608185001
   3.1900000e+00   0.0002893720340685001
   3.1950000e+00   0.0002915310570435001
   3.2000000e+00   0.00029367115109350014
   3.2050000e+00   0.00029579183929350015
   3.2100000e+00   0.0002978926157185001
   3.2150000e+00   0.00029997303709350013
   3.2200000e+00   0.00030203278536850014
   3.2250000e+00   0.00030407167334350015
   3.2300000e+00   0.00030608959969350016
   3.2350000e+00   0.00030808648301850015
   3.2400000e+00   0.0003100622060935001
   3.2450000e+00   0.0003120165847185001
   3.2500000e+00   0.0003139493544435001
   3.2550000e+00   0.0003158601626685001
   3.2600000e+00   0.0003177485696935001
   3.2650000e+00   0.00031961407709350006
   3.2700000e+00   0.00032145618854350006
   3.2750000e+00   0.00032327447471850005
   3.2800000e+00   0.00032506859929350005
   3.2850000e+00   0.00032683828829350005
   3.2900000e+00   0.00032858326834350006
   3.2950000e+00   0.00033030321996850006
   3.3000000e+00   0.00033199777444350005
   3.3050000e+00   0.00033366654679350006
   3.3100000e+00   0.00033530917564350007
   3.3150000e+00   0.00033692534564350006
   3.3200000e+00   0.00033851478404350004
   3.3250000e+00   0.00034007723489350004
   3.3300000e+00   0.0003416124259435
   3.3350000e+00   0.0003431200551435
   3.3400000e+00   0.00034459981834349996
   3.3450000e+00   0.00034605146391849997
   3.3500000e+00   0.00034747481976849995
   3.3550000e+00   0.0003488697450685
   3.3600000e+00   0.0003502360244935
   3.3650000e+00   0.0003515732873935
   3.3700000e+00   0.0003528810285185
   3.3750000e+00   0.0003541587271435
   3.3800000e+00   0.0003554059798935
   3.3850000e+00   0.0003566225530435
   3.3900000e+00   0.00035780832674350003
   3.3950000e+00   0.00035896318394350004
   3.4000000e+00   0.00036008692619350006
   3.4050000e+00   0.00036117926336850007
   3.4100000e+00   0.00036223986066850005
   3.4150000e+00   0.00036326838861850004
   3.4200000e+00   0.0003642645390185
   3.4250000e+00   0.0003652280175935
   3.4300000e+00   0.0003661585485185
   3.4350000e+00   0.0003670558990185
   3.4400000e+00   0.0003679198908685
   3.4450000e+00   0.00036875036804349996
   3.4500000e+00   0.0003695471357685
   3.4550000e+00   0.0003703099205685
   3.4600000e+00   0.0003710383860185
   3.4650000e+00   0.0003717321957935
   3.4700000e+00   0.0003723910819935
   3.4750000e+00   0.0003730148729435
   3.4800000e+00   0.0003736034621685
   3.4850000e+00   0.0003741567402685
   3.4900000e+00   0.00037467453362349996
   3.4950000e+00   0.000375156581606
   3.5000000e+00   0.00037560255498349997
   3.5050000e+00   0.00037601210003599994
   3.5100000e+00   0.00037638489057349993
   3.5150000e+00   0.0003767206711434999
   3.5200000e+00   0.0003770192725884999
   3.5250000e+00   0.0003772805856284999
   3.5300000e+00   0.0003775044992384999
   3.5350000e+00   0.0003776908371959999
   3.5400000e+00   0.00037783933286099987
   3.5450000e+00   0.0003779496597609999
   3.5500000e+00   0.0003780215026634999
   3.5550000e+00   0.0003780546339567499
   3.5600000e+00  0.0003780489585392499
   3.5650000e+00  0.0003780045018484999
   3.5700000e+00  0.0003779213378659999
   3.5750000e+00  0.0003777994824334999
   3.5800000e+00  0.0003776388001309999
   3.5850000e+00  0.0003774389756509999
   3.5900000e+00  0.0003771995737084999
   3.5950000e+00  0.00037692016265599993
   3.6000000e+00  0.00037660043523599996
   3.6050000e+00  0.00037624025684599994
   3.6100000e+00  0.0003758396139409999
   3.6150000e+00  0.0003753984975159999
   3.6200000e+00  0.0003749167982934999
   3.6250000e+00  0.0003743942826434999
   3.6300000e+00  0.0003738306655684999
   3.6350000e+00  0.00037322573364349993
   3.6400000e+00  0.0003725794368684999
   3.6450000e+00  0.0003718918875934999
   3.6500000e+00  0.0003711632658434999
   3.6550000e+00  0.0003703936914434999
   3.6600000e+00  0.0003695831402184999
   3.6650000e+00  0.0003687314428184999
   3.6700000e+00  0.00036783834669349986
   3.6750000e+00  0.00036690359051849984
   3.6800000e+00  0.00036592695036849986
   3.6850000e+00  0.00036490824716849986
   3.6900000e+00  0.0003638473302684999
   3.6950000e+00  0.0003627440628934999
   3.7000000e+00  0.0003615983268434999
   3.7050000e+00  0.0003604100419684999
   3.7100000e+00  0.00035917918131849987
   3.7150000e+00  0.0003579057688434999
   3.7200000e+00  0.00035658986221849987
   3.7250000e+00  0.00035523152864349987
   3.7300000e+00  0.00035383081606849985
   3.7350000e+00  0.00035238772096849987
   3.7400000e+00  0.00035090216251849985
   3.7450000e+00  0.00034937398244349986
   3.7500000e+00  0.00034780298344349984
   3.7550000e+00  0.00034618899391849984
   3.7600000e+00  0.00034453192619349985
   3.7650000e+00  0.00034283180114349983
   3.7700000e+00  0.00034108873411849985
   3.7750000e+00  0.00033930289251849985
   3.7800000e+00  0.00033747443824349985
   3.7850000e+00  0.00033560346801849984
   3.7900000e+00  0.0003336899670434998
   3.7950000e+00  0.0003317337949434998
   3.8000000e+00  0.0003297347199184998
   3.8050000e+00  0.0003276924973934998
   3.8100000e+00  0.0003256069607184998
   3.8150000e+00  0.0003234780768184998
   3.8200000e+00  0.0003213059390684998
   3.8250000e+00  0.0003190907123684998
   3.8300000e+00  0.0003168325756434998
   3.8350000e+00  0.0003145316993184998
   3.8400000e+00  0.0003121882569184998
   3.8450000e+00  0.0003098024374934998
   3.8500000e+00  0.0003073744265684998
   3.8550000e+00  0.00030490435266849976
   3.8600000e+00  0.0003023922283434998
   3.8650000e+00  0.00029983792736849976
   3.8700000e+00  0.0002972412269684998
   3.8750000e+00  0.00029460191126849975
   3.8800000e+00  0.00029191989426849977
   3.8850000e+00  0.00028919529951849975
   3.8900000e+00  0.00028642844794349976
   3.8950000e+00  0.00028361975276849975
   3.9000000e+00  0.00028076957506849976
   3.9050000e+00  0.00027787812006849975
   3.9100000e+00  0.00027494543104349974
   3.9150000e+00  0.00027197147369349976
   3.9200000e+00  0.0002689562415684998
   3.9250000e+00  0.0002658998046184998
   3.9300000e+00  0.00026280227919349983
   3.9350000e+00  0.0002596637663934998
   3.9400000e+00  0.0002564843241934998
   3.9450000e+00  0.0002532639969934998
   3.9500000e+00  0.0002500028703684998
   3.9550000e+00  0.0002467010990934998
   3.9600000e+00  0.0002433588851934998
   3.9650000e+00  0.0002399764303434998
   3.9700000e+00  0.0002365539101184998
   3.9750000e+00  0.0002330914959434998
   3.9800000e+00  0.0002295894049434998
   3.9850000e+00  0.0002260479291934998
   3.9900000e+00  0.0002224674078434998
   3.9950000e+00  0.00021884814759349982
   4.0000000e+00  0.0002151902443434998
   4.0050000e+00  0.0002114925349684998
   4.0100000e+00  0.0002077475943184998
   4.0150000e+00  0.0002039270304434998
   4.0200000e+00  0.00019995438819349982
   4.0250000e+00  0.00019567686086849982
   4.0300000e+00  0.00019086318234349983
   4.0350000e+00  0.00018525264009349983
   4.0400000e+00  0.00017864980734349982
   4.0450000e+00  0.00017102134934349984
   4.0500000e+00  0.00016253837334349983
   4.0550000e+00  0.00015353407684349984
   4.0600000e+00  0.00014439388759349982
   4.0650000e+00  0.00013543128534349982
   4.0700000e+00  0.00012680576709349982
   4.0750000e+00  0.00011851229009349982
   4.0800000e+00  0.00011043377784349982
   4.0850000e+00  0.00010242164209349982
   4.0900000e+00  9.436480159349982e-5
   4.0950000e+00  8.622239509349983e-5
   4.1000000e+00  7.801751459349983e-5
   4.1050000e+00  6.980657759349983e-5
   4.1100000e+00  6.164486784349983e-5
   4.1150000e+00  5.356397259349983e-5
   4.1200000e+00  4.556672159349983e-5
   4.1250000e+00  3.763593384349983e-5
   4.1300000e+00  2.974861359349983e-5
   4.1350000e+00  2.188771859349983e-5
   4.1400000e+00  1.404733559349983e-5
   4.1450000e+00  6.231344343499832e-6
   4.1500000e+00  -1.5515959065001677e-6
   4.1550000e+00  -9.293314156500168e-6
   4.1600000e+00  -1.6989322406500168e-5
   4.1650000e+00  -2.4639323406500167e-5
   4.1700000e+00  -3.224578940650017e-5
   4.1750000e+00  -3.981192565650017e-5
   4.1800000e+00  -4.734010265650017e-5
   4.1850000e+00  -5.483122415650017e-5
   4.1900000e+00  -6.228491265650017e-5
   4.1950000e+00  -6.970010090650017e-5
   4.2000000e+00  -7.707562890650016e-5
   4.2050000e+00  -8.441061940650016e-5
   4.2100000e+00  -9.170459340650015e-5
   4.2150000e+00  -9.895740315650015e-5
   4.2200000e+00  -0.00010616909215650014
   4.2250000e+00  -0.00011333976165650014
   4.2300000e+00  -0.00012046948315650013
   4.2350000e+00  -0.00012755826265650015
   4.2400000e+00  -0.00013460604265650014
   4.2450000e+00  -0.00014161272565650014
   4.2500000e+00  -0.00014857820965650013
   4.2550000e+00  -0.00015550243315650013
   4.2600000e+00  -0.00016238542240650013
   4.2650000e+00  -0.00016922731865650012
   4.2700000e+00  -0.00017602835290650011
   4.2750000e+00  -0.0001827887539065001
   4.2800000e+00  -0.0001895086216565001
   4.2850000e+00  -0.00019618783515650012
   4.2900000e+00  -0.00020282604990650013
   4.2950000e+00  -0.00020942279265650013
   4.3000000e+00  -0.00021597760615650014
   4.3050000e+00  -0.00022249017440650014
   4.3100000e+00  -0.00022896037615650013
   4.3150000e+00  -0.00023538825465650013
   4.3200000e+00  -0.00024177393465650012
   4.3250000e+00  -0.00024811753215650014
   4.3300000e+00  -0.0002544190954065001
   4.3350000e+00  -0.00026067859265650013
   4.3400000e+00  -0.00026689593740650015
   4.3450000e+00  -0.00027307102965650013
   4.3500000e+00  -0.00027920378890650013
   4.3550000e+00  -0.0002852941689065001
   4.3600000e+00  -0.0002913421544065001
   4.3650000e+00  -0.0002973477459065001
   4.3700000e+00  -0.0003033109439065001
   4.3750000e+00  -0.0003092317399065001
   4.3800000e+00  -0.00031511011490650007
   4.3850000e+00  -0.0003209460434065001
   4.3900000e+00  -0.0003267394996565001
   4.3950000e+00  -0.0003324904624065001
   4.4000000e+00  -0.0003381989166565001
   4.4050000e+00  -0.00034386485315650013
   4.4100000e+00  -0.0003494882659065001
   4.4150000e+00  -0.0003550691501565001
   4.4200000e+00  -0.00036060750140650007
   4.4250000e+00  -0.0003661033146565001
   4.4300000e+00  -0.00037155658590650007
   4.4350000e+00  -0.00037696731290650005
   4.4400000e+00  -0.00038233549515650004
   4.4450000e+00  -0.0003876611341565
   4.4500000e+00  -0.0003929442336565
   4.4550000e+00  -0.00039818479915650003
   4.4600000e+00  -0.0004033828374065
   4.4650000e+00  -0.0004085383566565
   4.4700000e+00  -0.00041365136640650004
   4.4750000e+00  -0.00041872187740650004
   4.4800000e+00  -0.0004237499021565
   4.4850000e+00  -0.0004287354547565
   4.4900000e+00  -0.0004336785506565
   4.4950000e+00  -0.0004385792068565
   4.5000000e+00  -0.0004434374418565
   4.5050000e+00  -0.00044825327558149997
   4.5100000e+00  -0.0004530267293565
   4.5150000e+00  -0.00045775782590649997
   4.5200000e+00  -0.00046244658935649995
   4.5250000e+00  -0.00046709304523149994
   4.5300000e+00  -0.00047169722048149995
   4.5350000e+00  -0.0004762591434064999
   4.5400000e+00  -0.0004807788436564999
   4.5450000e+00  -0.0004852563522814999
   4.5500000e+00  -0.0004896917016814999
   4.5550000e+00  -0.0004940849255564999
   4.5600000e+00  -0.0004984360589564999
   4.5650000e+00  -0.0005027451382314999
   4.5700000e+00  -0.0005070122010314999
   4.5750000e+00  -0.0005112372863064999
   4.5800000e+00  -0.0005154204342814999
   4.5850000e+00  -0.0005195616864814999
   4.5900000e+00  -0.0005236610856814999
   4.5950000e+00  -0.0005277186758814999
   4.6000000e+00  -0.0005317345021564999
   4.6050000e+00  -0.0005357086087064999
   4.6100000e+00  -0.0005396410299814999
   4.6150000e+00  -0.0005435317679315
   4.6200000e+00  -0.0005473807568314999
   4.6250000e+00  -0.0005511878381064999
   4.6300000e+00  -0.0005549527811314998
   4.6350000e+00  -0.0005586753671564998
   4.6400000e+00  -0.0005623555074064998
   4.6450000e+00  -0.0005659933311064998
   4.6500000e+00  -0.0005695891872564998
   4.6550000e+00  -0.0005731435521314998
   4.6600000e+00  -0.0005766568875314998
   4.6650000e+00  -0.0005801295180564998
   4.6700000e+00  -0.0005835615793064998
   4.6750000e+00  -0.0005869530474064998
   4.6800000e+00  -0.0005903038214064998
   4.6850000e+00  -0.0005936138124564999
   4.6900000e+00  -0.0005968830013814998
   4.6950000e+00  -0.0006001114486064998
   4.7000000e+00  -0.0006032992602564998
   4.7050000e+00  -0.0006064465254064998
   4.7100000e+00  -0.0006095532475814999
   4.7150000e+00  -0.0006126193048814998
   4.7200000e+00  -0.0006156444747064998
   4.7250000e+00  -0.0006186285321814998
   4.7300000e+00  -0.0006215713836814998
   4.7350000e+00  -0.0006244731642564997
   4.7400000e+00  -0.0006273342409064997
   4.7450000e+00  -0.0006301551158064998
   4.7500000e+00  -0.0006329362781814998
   4.7550000e+00  -0.0006356780749064998
   4.7600000e+00  -0.0006383806480814998
   4.7650000e+00  -0.0006410439427064999
   4.7700000e+00  -0.0006436677559814998
   4.7750000e+00  -0.0006462518033564998
   4.7800000e+00  -0.0006487957983314998
   4.7850000e+00  -0.0006512995482814999
   4.7900000e+00  -0.0006537630468314999
   4.7950000e+00  -0.0006561865210314999
   4.8000000e+00  -0.0006585703993564998
   4.8050000e+00  -0.0006609152041314999
   4.8100000e+00  -0.0006632214117814999
   4.8150000e+00  -0.0006654893362565
   4.8200000e+00  -0.0006677190700815
   4.8250000e+00  -0.0006699104882065
   4.8300000e+00  -0.0006720633067065
   4.8350000e+00  -0.0006741771884065
   4.8400000e+00  -0.0006762518783315
   4.8450000e+00  -0.0006782873289065
   4.8500000e+00  -0.0006802837610565
   4.8550000e+00  -0.0006822416266565
   4.8600000e+00  -0.0006841614830315
   4.8650000e+00  -0.0006860438297565
   4.8700000e+00  -0.0006878889682065
   4.8750000e+00  -0.0006896969291315
   4.8800000e+00  -0.0006914674918815
   4.8850000e+00  -0.0006932002961565
   4.8900000e+00  -0.0006948950159315
   4.8950000e+00  -0.0006965515307815
   4.9000000e+00  -0.0006981700178315001
   4.9050000e+00  -0.0006997509152315
   4.9100000e+00  -0.0007012947653315
   4.9150000e+00  -0.0007028020053315
   4.9200000e+00  -0.0007042728068815
   4.9250000e+00  -0.0007057070509815
   4.9300000e+00  -0.0007071044570565
   4.9350000e+00  -0.0007084647986315
   4.9400000e+00  -0.0007097880872815
   4.9450000e+00  -0.0007110746241815
   4.9500000e+00  -0.0007123248919065
   4.9550000e+00  -0.0007135393460815001
   4.9600000e+00  -0.0007147182229315
   4.9650000e+00  -0.0007158614734565001
   4.9700000e+00  -0.0007169688631315001
   4.9750000e+00  -0.0007180401765315001
   4.9800000e+00  -0.0007190754023565001
   4.9850000e+00  -0.0007200747868065001
   4.9900000e+00  -0.0007210387270565001
   4.9950000e+00  -0.0007219675799815001
   5.0000000e+00  -0.0007228615152065001
   5.0050000e+00  -0.0007237205070315001
   5.0100000e+00  -0.0007245444605815001
   5.0150000e+00  -0.0007253333757065001
   5.0200000e+00  -0.0007260874308315001
   5.0250000e+00  -0.0007268069309065001
   5.0300000e+00  -0.0007274921639315
   5.0350000e+00  -0.0007281432765315001
   5.0400000e+00  -0.0007287602615315001
   5.0450000e+00  -0.0007293430635315001
   5.0500000e+00  -0.0007298917201815
   5.0550000e+00  -0.0007304064319465
   5.0600000e+00  -0.000730887507509
   5.0650000e+00  -0.0007313352263965
   5.0700000e+00  -0.0007317497235915
   5.0750000e+00  -0.0007321309825240001
   5.0800000e+00  -0.0007324789365940001
   5.0850000e+00  -0.0007327935952640001
   5.0900000e+00  -0.0007330750980765001
   5.0950000e+00  -0.000733323666974
   5.1000000e+00  -0.0007335395129790001
   5.1050000e+00  -0.0007337227820390001
   5.1100000e+00  -0.0007338735763940001
   5.1150000e+00  -0.0007339920132715002
   5.1200000e+00  -0.0007340782532115001
   5.1250000e+00  -0.0007341324698955002
   5.1300000e+00  -0.0007341547969255002
   5.1350000e+00   -0.0007341453076712502
   5.1400000e+00   -0.0007341040449985002
   5.1450000e+00   -0.0007340310673610002
   5.1500000e+00   -0.0007339264717385002
   5.1550000e+00   -0.0007337903903760002
   5.1600000e+00   -0.0007336229874360002
   5.1650000e+00   -0.0007334244694635002
   5.1700000e+00   -0.0007331950893035002
   5.1750000e+00   -0.0007329351135835002
   5.1800000e+00   -0.0007326447576085002
   5.1850000e+00   -0.0007323241339535002
   5.1900000e+00   -0.0007319732608060002
   5.1950000e+00   -0.0007315921267010002
   5.2000000e+00   -0.0007311807606385001
   5.2050000e+00   -0.0007307392605410001
   5.2100000e+00   -0.0007302677788435002
   5.2150000e+00   -0.0007297664968160002
   5.2200000e+00   -0.0007292356081910002
   5.2250000e+00   -0.0007286753052410003
   5.2300000e+00   -0.0007280857579660002
   5.2350000e+00   -0.0007274670989910003
   5.2400000e+00   -0.0007268194342660003
   5.2450000e+00   -0.0007261428750410003
   5.2500000e+00   -0.0007254375603410003
   5.2550000e+00   -0.0007247036488910002
   5.2600000e+00   -0.0007239412951410003
   5.2650000e+00   -0.0007231506400410002
   5.2700000e+00   -0.0007223318241660002
   5.2750000e+00   -0.0007214850001410002
   5.2800000e+00   -0.0007206103246660001
   5.2850000e+00   -0.0007197079411160001
   5.2900000e+00   -0.0007187779785160001
   5.2950000e+00   -0.0007178205703160001
   5.3000000e+00   -0.0007168358681660001
   5.3050000e+00   -0.0007158240304660002
   5.3100000e+00   -0.0007147851950910001
   5.3150000e+00   -0.0007137194617160001
   5.3200000e+00   -0.0007126268969160001
   5.3250000e+00   -0.0007115075582660001
   5.3300000e+00   -0.0007103615297910001
   5.3350000e+00   -0.000709188958891
   5.3400000e+00   -0.0007079900735910001
   5.3450000e+00   -0.0007067651574410001
   5.3500000e+00   -0.000705514485391
   5.3550000e+00   -0.0007042382577160001
   5.3600000e+00   -0.0007029365732910001
   5.3650000e+00   -0.000701609453391
   5.3700000e+00   -0.0007002568976160001
   5.3750000e+00   -0.0006988789472160001
   5.3800000e+00   -0.0006974757350660001
   5.3850000e+00   -0.0006960474999910001
   5.3900000e+00   -0.0006945945489410001
   5.3950000e+00   -0.000693117178991
   5.4000000e+00   -0.000691615602491
   5.4050000e+00   -0.0006900899187910001
   5.4100000e+00   -0.000688540141791
   5.4150000e+00   -0.0006869662598410001
   5.4200000e+00   -0.0006853682968660001
   5.4250000e+00   -0.0006837463501660001
   5.4300000e+00   -0.000682100591291
   5.4350000e+00   -0.0006804312344910001
   5.4400000e+00   -0.0006787384956660001
   5.4450000e+00   -0.0006770225655660002
   5.4500000e+00   -0.0006752836030410002
   5.4550000e+00   -0.0006735217413910002
   5.4600000e+00   -0.0006717371021160002
   5.4650000e+00   -0.0006699298113410001
   5.4700000e+00   -0.0006681000100410001
   5.4750000e+00   -0.000666247852141
   5.4800000e+00   -0.000664373496416
   5.4850000e+00   -0.000662477101416
   5.4900000e+00   -0.000660558823591
   5.4950000e+00   -0.000658618814691
   5.5000000e+00   -0.0006566572206660001
   5.5050000e+00   -0.0006546741856910001
   5.5100000e+00   -0.0006526698568410001
   5.5150000e+00   -0.000650644383491
   5.5200000e+00   -0.0006485979145660001
   5.5250000e+00   -0.0006465305989910001
   5.5300000e+00   -0.0006444425856160001
   5.5350000e+00   -0.000642334014316
   5.5400000e+00   -0.0006402049993910001
   5.5450000e+00   -0.0006380556187160001
   5.5500000e+00   -0.0006358859248910001
   5.5550000e+00   -0.0006336959830660001
   5.5600000e+00   -0.0006314859176160001
   5.5650000e+00   -0.0006292559352660001
   5.5700000e+00   -0.0006270063056160001
   5.5750000e+00   -0.0006247373124660001
   5.5800000e+00   -0.0006224492058910001
   5.5850000e+00   -0.000620142174191
   5.5900000e+00   -0.000617816336966
   5.5950000e+00   -0.000615471753416
   5.6000000e+00   -0.000613108443491
   5.6050000e+00   -0.000610726422766
   5.6100000e+00   -0.0006083257480659999
   5.6150000e+00   -0.0006059065574159999
   5.6200000e+00   -0.0006034690775659999
   5.6250000e+00   -0.0006010135849409999
   5.6300000e+00   -0.0005985403362909999
   5.6350000e+00   -0.0005960495085659998
   5.6400000e+00   -0.0005935411857659999
   5.6450000e+00   -0.0005910154035909999
   5.6500000e+00   -0.0005884722245409999
   5.6550000e+00   -0.0005859117924659999
   5.6600000e+00   -0.0005833343292409998
   5.6650000e+00   -0.0005807400779159999
   5.6700000e+00   -0.0005781292322909998
   5.6750000e+00   -0.0005755018974659998
   5.6800000e+00   -0.0005728581020909998
   5.6850000e+00   -0.0005701978510909998
   5.6900000e+00   -0.0005675211901909998
   5.6950000e+00   -0.0005648282550909997
   5.7000000e+00   -0.0005621192856909998
   5.7050000e+00   -0.0005593945953659997
   5.7100000e+00   -0.0005566545030409998
   5.7150000e+00   -0.0005538992574409998
   5.7200000e+00   -0.0005511289907159998
   5.7250000e+00   -0.0005483437241909998
   5.7300000e+00   -0.0005455434214659998
   5.7350000e+00   -0.0005427280612409998
   5.7400000e+00   -0.0005398976990659999
   5.7450000e+00   -0.0005370524992659998
   5.7500000e+00   -0.0005341927296409998
   5.7550000e+00   -0.0005313187181659998
   5.7600000e+00   -0.0005284307824409998
   5.7650000e+00   -0.0005255291590159998
   5.7700000e+00   -0.0005226139649159998
   5.7750000e+00   -0.0005196852098409997
   5.7800000e+00   -0.0005167428516409997
   5.7850000e+00   -0.0005137868664409997
   5.7900000e+00   -0.0005108173007909997
   5.7950000e+00   -0.0005078342865659997
   5.8000000e+00   -0.0005048380199409998
   5.8050000e+00   -0.0005018287211409997
   5.8100000e+00   -0.0004988065965159998
   5.8150000e+00   -0.0004957718178659997
   5.8200000e+00   -0.0004927245222159998
   5.8250000e+00   -0.0004896648259159998
   5.8300000e+00   -0.00048659284266599974
   5.8350000e+00   -0.00048350869641599974
   5.8400000e+00   -0.00048041252541599976
   5.8450000e+00   -0.00047730447886599976
   5.8500000e+00   -0.00047418470989099977
   5.8550000e+00   -0.00047105336919099974
   5.8600000e+00   -0.00046791060184099976
   5.8650000e+00   -0.00046475654741599977
   5.8700000e+00   -0.00046159134234099975
   5.8750000e+00   -0.00045841512259099974
   5.8800000e+00   -0.00045522802539099975
   5.8850000e+00   -0.00045203018964099976
   5.8900000e+00   -0.00044882175541599974
   5.8950000e+00   -0.0004456028629409997
   5.9000000e+00   -0.0004423736516909997
   5.9050000e+00   -0.0004391342600909997
   5.9100000e+00   -0.00043588482559099974
   5.9150000e+00   -0.00043262548499099974
   5.9200000e+00   -0.00042935637479099976
   5.9250000e+00   -0.00042607763134099974
   5.9300000e+00   -0.0004227893908909997
   5.9350000e+00   -0.0004194917895159997
   5.9400000e+00   -0.0004161849629909997
   5.9450000e+00   -0.0004128690466659997
   5.9500000e+00   -0.0004095441754909997
   5.9550000e+00   -0.00040621048396599966
   5.9600000e+00   -0.0004028681061659997
   5.9650000e+00   -0.00039951717586599966
   5.9700000e+00   -0.0003961578263159997
   5.9750000e+00   -0.0003927901884659997
   5.9800000e+00   -0.0003894143841659997
   5.9850000e+00   -0.0003860305119409997
   5.9900000e+00   -0.0003826386327409997
   5.9950000e+00   -0.0003792387732659997
   6.0000000e+00   -0.00037583095771599967
   6.0050000e+00   -0.00037241525664099965
   6.0100000e+00   -0.00036899182441599965
   6.0150000e+00   -0.00036556090094099966
   6.0200000e+00   -0.00036212277431599965
   6.0250000e+00   -0.00035867772381599966
   6.0300000e+00   -0.00035522597046599964
   6.0350000e+00   -0.00035176765196599964
   6.0400000e+00   -0.00034830282264099963
   6.0450000e+00   -0.0003448314729659996
   6.0500000e+00   -0.0003413535673409996
   6.0550000e+00   -0.0003378690967159996
   6.0600000e+00   -0.0003343781298909996
   6.0650000e+00   -0.0003308808396409996
   6.0700000e+00   -0.0003273774881909996
   6.0750000e+00   -0.0003238683774409996
   6.0800000e+00   -0.00032035378729099965
   6.0850000e+00   -0.00031683392864099964
   6.0900000e+00   -0.00031330892451599966
   6.0950000e+00   -0.0003097788158659997
   6.1000000e+00   -0.0003062435844159997
   6.1050000e+00   -0.0003027031906659997
   6.1100000e+00   -0.00029915762451599966
   6.1150000e+00   -0.00029560695406599967
   6.1200000e+00   -0.00029205134981599967
   6.1250000e+00   -0.0002884910679159997
   6.1300000e+00   -0.0002849263939659997
   6.1350000e+00   -0.0002813575682659997
   6.1400000e+00   -0.0002777847271659997
   6.1450000e+00   -0.0002742078944409997
   6.1500000e+00   -0.00027062703129099975
   6.1550000e+00   -0.00026704211511599974
   6.1600000e+00   -0.0002634531972409997
   6.1650000e+00   -0.0002598604090409997
   6.1700000e+00   -0.0002562639277909997
   6.1750000e+00   -0.0002526639385659997
   6.1800000e+00   -0.0002490606188909997
   6.1850000e+00   -0.0002454541458909997
   6.1900000e+00   -0.00024184470654099968
   6.1950000e+00   -0.0002382324904659997
   6.2000000e+00   -0.00023461765999099968
   6.2050000e+00   -0.0002310003150409997
   6.2100000e+00   -0.0002273804833659997
   6.2150000e+00   -0.00022375815299099968
   6.2200000e+00   -0.00022013332976599968
   6.2250000e+00   -0.0002165060803159997
   6.2300000e+00   -0.0002128765339909997
   6.2350000e+00   -0.0002092448529909997
   6.2400000e+00   -0.0002056112009159997
   6.2450000e+00   -0.0002019757279159997
   6.2500000e+00   -0.0001983385673409997
   6.2550000e+00   -0.0001946998331159997
   6.2600000e+00   -0.0001910596195909997
   6.2650000e+00   -0.0001874180126659997
   6.2700000e+00   -0.00018377510891599968
   6.2750000e+00   -0.00018013102574099968
   6.2800000e+00   -0.00017648589204099968
   6.2850000e+00   -0.00017283983054099968
   6.2900000e+00   -0.0001691929515659997
   6.2950000e+00   -0.0001655453623159997
   6.3000000e+00   -0.0001618971763159997
   6.3050000e+00   -0.00015824850979099972
   6.3100000e+00   -0.00015459947151599972
   6.3150000e+00   -0.00015095016201599972
   6.3200000e+00   -0.00014730068431599973
   6.3250000e+00   -0.00014365115021599972
   6.3300000e+00   -0.00014000166714099973
   6.3350000e+00   -0.00013635231151599972
   6.3400000e+00   -0.00013270311421599972
   6.3450000e+00   -0.0001290540814909997
   6.3500000e+00   -0.00012540524816599972
   6.3550000e+00   -0.00012175672856599972
   6.3600000e+00   -0.00011810872471599971
   6.3650000e+00   -0.00011446148186599971
   6.3700000e+00   -0.00011081522306599971
   6.3750000e+00   -0.00010717010759099971
   6.3800000e+00   -0.00010352623201599971
   6.3850000e+00   -9.988365574099971e-5
   6.3900000e+00   -9.624242059099971e-5
   6.3950000e+00   -9.260255289099971e-5
   6.4000000e+00   -8.896406234099971e-5
   6.4050000e+00   -8.532696006599971e-5
   6.4100000e+00   -8.169129879099971e-5
   6.4150000e+00   -7.805720946599971e-5
   6.4200000e+00   -7.442490054099971e-5
   6.4250000e+00   -7.079461186599971e-5
   6.4300000e+00   -6.716655324099971e-5
   6.4350000e+00   -6.354086881599971e-5
   6.4400000e+00   -5.9917642865999714e-5
   6.4450000e+00   -5.629692711599971e-5
   6.4500000e+00   -5.2678759515999714e-5
   6.4550000e+00   -4.9063164140999716e-5
   6.4600000e+00   -4.5450148090999716e-5
   6.4650000e+00   -4.183971834099972e-5
   6.4700000e+00   -3.823192179099972e-5
   6.4750000e+00   -3.4626882415999716e-5
   6.4800000e+00   -3.102479956599971e-5
   6.4850000e+00   -2.7425895515999713e-5
   6.4900000e+00   -2.3830338390999714e-5
   6.4950000e+00   -2.0238187115999715e-5
   6.5000000e+00   -1.6649393015999715e-5
   6.5050000e+00   -1.3063860365999715e-5
   6.5100000e+00   -9.481538040999716e-6
   6.5150000e+00   -5.902497840999716e-6
   6.5200000e+00   -2.3269574409997163e-6
   6.5250000e+00   1.2447703840002838e-6
   6.5300000e+00   4.8123813090002835e-6
   6.5350000e+00   8.375681734000283e-6
   6.5400000e+00   1.1934632184000283e-5
   6.5450000e+00   1.548930513400028e-5
   6.5500000e+00   1.9039781359000283e-5
   6.5550000e+00   2.258604853400028e-5
   6.5600000e+00   2.6127965259000282e-5
   6.5650000e+00   2.9665310409000283e-5
   6.5700000e+00   3.319788190900028e-5
   6.5750000e+00   3.672558115900028e-5
   6.5800000e+00   4.024843335900028e-5
   6.5850000e+00   4.376653443400028e-5
   6.5900000e+00   4.727995435900028e-5
   6.5950000e+00   5.078864753400028e-5
   6.6000000e+00   5.429241938400028e-5
   6.6050000e+00   5.779097175900028e-5
   6.6100000e+00   6.128400680900028e-5
   6.6150000e+00   6.477133463400029e-5
   6.6200000e+00   6.825292785900028e-5
   6.6250000e+00   7.172889638400029e-5
   6.6300000e+00   7.519939690900029e-5
   6.6350000e+00   7.866452055900029e-5
   6.6400000e+00   8.212420933400029e-5
   6.6450000e+00   8.557824095900028e-5
   6.6500000e+00   8.902629298400029e-5
   6.6550000e+00   9.246805755900029e-5
   6.6600000e+00   9.590335020900029e-5
   6.6650000e+00   9.933215870900029e-5
   6.6700000e+00   0.00010275461173400029
   6.6750000e+00   0.00010617088943400028
   6.6800000e+00   0.00010958112300900028
   6.6850000e+00   0.00011298532493400028
   6.6900000e+00   0.00011638336665900028
   6.6950000e+00   0.00011977499943400028
   6.7000000e+00   0.00012315990733400027
   6.7050000e+00   0.00012653778175900028
   6.7100000e+00   0.00012990839948400027
   6.7150000e+00   0.00013327167640900028
   6.7200000e+00   0.00013662767195900027
   6.7250000e+00   0.00013997653955900028
   6.7300000e+00   0.00014331844498400028
   6.7350000e+00   0.00014665348938400026
   6.7400000e+00   0.00014998166820900027
   6.7450000e+00   0.00015330287550900028
   6.7500000e+00   0.00015661693815900027
   6.7550000e+00   0.00015992365193400027
   6.7600000e+00   0.00016322280090900026
   6.7650000e+00   0.00016651416578400026
   6.7700000e+00   0.00016979754118400024
   6.7750000e+00   0.00017307277173400024
   6.7800000e+00   0.00017633979213400023
   6.7850000e+00   0.00017959864288400024
   6.7900000e+00   0.00018284944408400024
   6.7950000e+00   0.00018609233535900023
   6.8000000e+00   0.00018932741003400023
   6.8050000e+00   0.00019255467368400024
   6.8100000e+00   0.00019577404235900025
   6.8150000e+00   0.00019898537455900024
   6.8200000e+00   0.00020218851675900024
   6.8250000e+00   0.00020538334043400023
   6.8300000e+00   0.00020856975638400022
   6.8350000e+00   0.0002117477020590002
   6.8400000e+00   0.00021491710740900022
   6.8450000e+00   0.00021807785608400022
   6.8500000e+00   0.00022122976790900023
   6.8550000e+00   0.00022437262355900022
   6.8600000e+00   0.00022750622763400023
   6.8650000e+00   0.00023063047753400022
   6.8700000e+00   0.0002337453971340002
   6.8750000e+00   0.00023685111383400022
   6.8800000e+00   0.00023994779043400022
   6.8850000e+00   0.00024303554728400022
   6.8900000e+00   0.0002461144115590002
   6.8950000e+00   0.0002491843117340002
   6.9000000e+00   0.0002522451109840002
   6.9050000e+00   0.0002552966569590002
   6.9100000e+00   0.0002583388232090002
   6.9150000e+00   0.0002613715275840002
   6.9200000e+00   0.0002643947267590002
   6.9250000e+00   0.0002674083966590002
   6.9300000e+00   0.0002704125112340002
   6.9350000e+00   0.0002734070276340002
   6.9400000e+00   0.0002763918770090002
   6.9450000e+00   0.0002793669547090002
   6.9500000e+00   0.0002823321096090002
   6.9550000e+00   0.0002852871452590002
   6.9600000e+00   0.0002882318491590002
   6.9650000e+00   0.0002911660490340002
   6.9700000e+00   0.0002940896703590002
   6.9750000e+00   0.00029700276060900025
   6.9800000e+00   0.00029990546203400025
   6.9850000e+00   0.00030279794450900025
   6.9900000e+00   0.00030568033168400027
   6.9950000e+00   0.0003085526543590003
   7.0000000e+00   0.00031141484740900027
   7.0050000e+00   0.00031426678358400026
   7.0100000e+00   0.0003171083221340003
   7.0150000e+00   0.0003199393486840003
   7.0200000e+00   0.0003227597924090003
   7.0250000e+00   0.0003255696201340003
   7.0300000e+00   0.0003283688169340003
   7.0350000e+00   0.00033115736568400033
   7.0400000e+00   0.0003339352345090003
   7.0450000e+00   0.00033670237488400034
   7.0500000e+00   0.0003394587275840003
   7.0550000e+00   0.0003422042312590003
   7.0600000e+00   0.0003449388291340003
   7.0650000e+00   0.0003476624716090003
   7.0700000e+00   0.0003503751150840003
   7.0750000e+00   0.0003530767188340003
   7.0800000e+00   0.0003557672420090003
   7.0850000e+00   0.0003584466419590003
   7.0900000e+00   0.0003611148740840003
   7.0950000e+00   0.0003637718928340003
   7.1000000e+00   0.0003664176529090003
   7.1050000e+00   0.00036905211003400033
   7.1100000e+00   0.00037167522133400036
   7.1150000e+00   0.00037428694505900034
   7.1200000e+00   0.00037688724010900035
   7.1250000e+00   0.00037947606575900036
   7.1300000e+00   0.00038205338140900034
   7.1350000e+00   0.00038461914658400036
   7.1400000e+00   0.00038717332113400035
   7.1450000e+00   0.00038971586535900034
   7.1500000e+00   0.00039224674003400035
   7.1550000e+00   0.00039476590650900034
   7.1600000e+00   0.0003972733266590003
   7.1650000e+00   0.0003997689627840003
   7.1700000e+00   0.0004022527776090003
   7.1750000e+00   0.0004047247342590003
   7.1800000e+00   0.0004071847962590003
   7.1850000e+00   0.0004096329275590003
   7.1900000e+00   0.0004120690925340003
   7.1950000e+00   0.0004144932560090003
   7.2000000e+00   0.0004169053832340003
   7.2050000e+00   0.0004193054398840003
   7.2100000e+00   0.0004216933920840003
   7.2150000e+00   0.0004240692063590003
   7.2200000e+00   0.0004264328496590003
   7.2250000e+00   0.0004287842893840003
   7.2300000e+00   0.0004311234933340003
   7.2350000e+00   0.0004334504296840003
   7.2400000e+00   0.00043576506708400026
   7.2450000e+00   0.0004380673746090003
   7.2500000e+00   0.00044035732170900026
   7.2550000e+00   0.00044263487825900027
   7.2600000e+00   0.00044490001458400027
   7.2650000e+00   0.00044715270140900025
   7.2700000e+00   0.00044939290983400025
   7.2750000e+00   0.00045162061138400025
   7.2800000e+00   0.00045383577800900025
   7.2850000e+00   0.00045603838205900024
   7.2900000e+00   0.00045822839630900024
   7.2950000e+00   0.0004604057939090002
   7.3000000e+00   0.00046257054843400024
   7.3050000e+00   0.00046472263388400023
   7.3100000e+00   0.00046686202460900024
   7.3150000e+00   0.00046898869538400026
   7.3200000e+00   0.0004711026213840003
   7.3250000e+00   0.0004732037781840003
   7.3300000e+00   0.0004752921417590003
   7.3350000e+00   0.0004773676884590003
   7.3400000e+00   0.0004794303950590003
   7.3450000e+00   0.0004814802387340003
   7.3500000e+00   0.00048351719703400027
   7.3550000e+00   0.00048554124790900027
   7.3600000e+00   0.00048755236968400025
   7.3650000e+00   0.0004895505410840003
   7.3700000e+00   0.0004915357412340003
   7.3750000e+00   0.0004935079496340003
   7.3800000e+00   0.0004954671461590002
   7.3850000e+00   0.0004974133110840003
   7.3900000e+00   0.0004993464250590003
   7.3950000e+00   0.0005012664691090002
   7.4000000e+00   0.0005031734246590002
   7.4050000e+00   0.0005050672735090003
   7.4100000e+00   0.0005069479978340003
   7.4150000e+00   0.0005088155801840004
   7.4200000e+00   0.0005106700036840003
   7.4250000e+00   0.0005125112537840003
   7.4300000e+00   0.0005143393252840003
   7.4350000e+00   0.0005161542380840003
   7.4400000e+00   0.0005179560566090003
   7.4450000e+00   0.0005197448955340003
   7.4500000e+00   0.0005215208932840003
   7.4550000e+00   0.0005232841545590003
   7.4600000e+00   0.0005250346896840003
   7.4650000e+00   0.0005267723873090003
   7.4700000e+00   0.0005284970398340003
   7.4750000e+00   0.0005302084104340003
   7.4800000e+00   0.0005319063078840003
   7.4850000e+00   0.0005335906344090003
   7.4900000e+00   0.0005352613896090003
   7.4950000e+00   0.0005369186369340003
   7.5000000e+00   0.0005385624548840003
   7.5050000e+00   0.0005401928966840003
   7.5100000e+00   0.0005418099726840003
   7.5150000e+00   0.0005434136560840002
   7.5200000e+00   0.0005450039023590002
   7.5250000e+00   0.0005465806698590002
   7.5300000e+00   0.0005481439324590002
   7.5350000e+00   0.0005496936815840001
   7.5400000e+00   0.0005512299203090001
   7.5450000e+00   0.0005527526546840002
   7.5500000e+00   0.0005542618870090001
   7.5550000e+00   0.0005557576131840001
   7.5600000e+00   0.0005572398238840001
   7.5650000e+00   0.0005587085076590001
   7.5700000e+00   0.0005601636539590001
   7.5750000e+00   0.0005616052550340002
   7.5800000e+00   0.0005630333078090002
   7.5850000e+00   0.0005644478199590002
   7.5900000e+00   0.0005658488244090001
   7.5950000e+00   0.0005672363979840002
   7.6000000e+00   0.0005686106668090002
   7.6050000e+00   0.0005699717799840002
   7.6100000e+00   0.0005713198526590002
   7.6150000e+00   0.0005726549056590002
   7.6200000e+00   0.0005739768383590002
   7.6250000e+00   0.0005752854542090002
   7.6300000e+00   0.0005765805275090002
   7.6350000e+00   0.0005778618780840002
   7.6400000e+00   0.0005791294191090002
   7.6450000e+00   0.0005803831610340001
   7.6500000e+00   0.0005816231780340002
   7.6550000e+00   0.0005828495591840002
   7.6600000e+00   0.0005840623683090002
   7.6650000e+00   0.0005852616264090002
   7.6700000e+00   0.0005864473173090002
   7.6750000e+00   0.0005876194070590002
   7.6800000e+00   0.0005887778645340001
   7.6850000e+00   0.0005899226740840001
   7.6900000e+00   0.000591053837559
   7.6950000e+00   0.0005921713684340001
   7.7000000e+00   0.000593275283309
   7.7050000e+00   0.0005943655969340001
   7.7100000e+00   0.0005954423266090001
   7.7150000e+00   0.0005965055090590001
   7.7200000e+00   0.0005975552230340002
   7.7250000e+00   0.0005985915980340001
   7.7300000e+00   0.0005996147894840001
   7.7350000e+00   0.0006006249214090001
   7.7400000e+00   0.0006016220248340001
   7.7450000e+00   0.0006026060092340001
   7.7500000e+00   0.0006035766871340001
   7.7550000e+00   0.000604533840859
   7.7600000e+00   0.000605477297559
   7.7650000e+00   0.000606406977534
   7.7700000e+00   0.000607322898509
   7.7750000e+00   0.0006082251423090001
   7.7800000e+00   0.000609113805959
   7.7850000e+00   0.0006099889613090001
   7.7900000e+00   0.0006108506373090001
   7.7950000e+00   0.0006116988255590001
   7.8000000e+00   0.0006125334997840001
   7.8050000e+00   0.0006133546366090001
   7.8100000e+00   0.0006141622300340001
   7.8150000e+00   0.0006149563005340001
   7.8200000e+00   0.0006157369049090001
   7.8250000e+00   0.0006165041471090001
   7.8300000e+00   0.0006172581771340002
   7.8350000e+00   0.0006179991618590002
   7.8400000e+00   0.0006187272287840002
   7.8450000e+00   0.0006194424084340003
   7.8500000e+00   0.0006201446101090003
   7.8550000e+00   0.0006208336490590003
   7.8600000e+00   0.0006215093135840004
   7.8650000e+00   0.0006221714389340004
   7.8700000e+00   0.0006228199539090004
   7.8750000e+00   0.0006234548839590005
   7.8800000e+00   0.0006240763174090004
   7.8850000e+00   0.0006246843567840005
   7.8900000e+00   0.0006252790790090005
   7.8950000e+00   0.0006258605181840005
   7.9000000e+00   0.0006264286714340005
   7.9050000e+00   0.0006269835183840004
   7.9100000e+00   0.0006275250417340005
   7.9150000e+00   0.0006280532415590005
   7.9200000e+00   0.0006285681443340005
   7.9250000e+00   0.0006290698126490005
   7.9300000e+00   0.0006295583560715005
   7.9350000e+00   0.0006300339301690005
   7.9400000e+00   0.0006304967073915005
   7.9450000e+00   0.0006309468208440006
   7.9500000e+00   0.0006313843066765006
   7.9550000e+00   0.0006318090797965007
   7.9600000e+00   0.0006322209610315007
   7.9650000e+00   0.0006326197442215007
   7.9700000e+00   0.0006330052700815006
   7.9750000e+00   0.0006333774728715006
   7.9800000e+00   0.0006337363834865006
   7.9850000e+00   0.0006340820956590006
   7.9900000e+00   0.0006344147173265006
   7.9950000e+00   0.0006347343307615006
   8.0000000e+00   0.0006350409753840006
   8.0050000e+00   0.0006353346536465006
   8.0100000e+00   0.0006356153504190006
   8.0150000e+00   0.0006358830536390006
   8.0200000e+00   0.0006361377686140006
   8.0250000e+00   0.0006363795269890006
   8.0300000e+00   0.0006366083965240006
   8.0350000e+00   0.0006368244919490006
   8.0400000e+00   0.0006370279739465006
   8.0450000e+00   0.0006372190200515006
   8.0500000e+00   0.0006373977684240006
   8.0550000e+00   0.0006375642602440006
   8.0600000e+00   0.0006377184154190005
   8.0650000e+00   0.0006378600597515005
   8.0700000e+00   0.0006379889920340004
   8.0750000e+00   0.0006381050579040004
   8.0800000e+00   0.0006382081965165005
   8.0850000e+00   0.0006382984436390005
   8.0900000e+00   0.0006383758978465004
   8.0950000e+00   0.0006384406718865004
   8.1000000e+00   0.0006384928528220005
   8.1050000e+00   0.0006385324848380005
   8.1100000e+00   0.0006385595751222505
   8.1150000e+00   0.0006385741132535005
   8.1200000e+00  0.0006385760918531755
   8.1250000e+00  0.0006385655208878505
   8.1300000e+00  0.0006385424366286005
   8.1350000e+00  0.0006385069114391006
   8.1400000e+00  0.0006384590646238506
   8.1450000e+00  0.0006383990614088507
   8.1500000e+00  0.0006383270838513506
   8.1550000e+00  0.0006382432746088507
   8.1600000e+00  0.0006381476793313507
   8.1650000e+00  0.0006380402223713507
   8.1700000e+00  0.0006379207339488507
   8.1750000e+00  0.0006377890172413508
   8.1800000e+00  0.0006376449222513507
   8.1850000e+00  0.0006374883924738507
   8.1900000e+00  0.0006373194679813507
   8.1950000e+00  0.0006371382516338508
   8.2000000e+00  0.0006369448604388508
   8.2050000e+00  0.0006367393856863508
   8.2100000e+00  0.0006365218757688508
   8.2150000e+00  0.0006362923420588508
   8.2200000e+00  0.0006360507782913507
   8.2250000e+00  0.0006357971810263507
   8.2300000e+00  0.0006355315621863507
   8.2350000e+00  0.0006352539511838507
   8.2400000e+00  0.0006349643907338507
   8.2450000e+00  0.0006346629352663507
   8.2500000e+00  0.0006343496599663508
   8.2550000e+00  0.0006340246776413508
   8.2600000e+00  0.0006336881455738508
   8.2650000e+00  0.0006333402421388508
   8.2700000e+00  0.0006329811124163508
   8.2750000e+00  0.0006326108091513508
   8.2800000e+00  0.0006322292655413507
   8.2850000e+00  0.0006318363197788507
   8.2900000e+00  0.0006314317808388507
   8.2950000e+00  0.0006310155024338507
   8.3000000e+00  0.0006305874306238506
   8.3050000e+00  0.0006301476079688507
   8.3100000e+00  0.0006296961404288506
   8.3150000e+00  0.0006292331488888507
   8.3200000e+00  0.0006287587290513506
   8.3250000e+00  0.0006282729338563507
   8.3300000e+00  0.0006277757790488507
   8.3350000e+00  0.0006272672624238507
   8.3400000e+00  0.0006267473843238507
   8.3450000e+00  0.0006262161603238507
   8.3500000e+00  0.0006256736232988508
   8.3550000e+00  0.0006251198174988508
   8.3600000e+00  0.0006245547901738508
   8.3650000e+00  0.0006239785866238508
   8.3700000e+00  0.0006233912545238508
   8.3750000e+00  0.0006227928608488508
   8.3800000e+00  0.0006221835144488508
   8.3850000e+00  0.0006215633746988508
   8.3900000e+00  0.0006209326267238508
   8.3950000e+00  0.0006202914240988508
   8.4000000e+00  0.0006196398271988508
   8.4050000e+00  0.0006189777746988508
   8.4100000e+00  0.0006183051081738508
   8.4150000e+00  0.0006176216388488508
   8.4200000e+00  0.0006169272225988508
   8.4250000e+00  0.0006162218082488508
   8.4300000e+00  0.0006155054419238508
   8.4350000e+00  0.0006147782336738508
   8.4400000e+00  0.0006140403085738509
   8.4450000e+00  0.0006132917663738508
   8.4500000e+00  0.0006125326637488509
   8.4550000e+00  0.0006117630198988509
   8.4600000e+00  0.0006109828359488509
   8.4650000e+00  0.0006101921155238509
   8.4700000e+00  0.0006093908775488509
   8.4750000e+00  0.0006085791582988508
   8.4800000e+00  0.0006077570054988508
   8.4850000e+00  0.0006069244696738508
   8.4900000e+00  0.0006060815973488508
   8.4950000e+00  0.0006052284283988508
   8.5000000e+00  0.0006043649972238507
   8.5050000e+00  0.0006034913360488507
   8.5100000e+00  0.0006026074797238507
   8.5150000e+00  0.0006017134744488507
   8.5200000e+00  0.0006008093936238506
   8.5250000e+00  0.0005998953563738506
   8.5300000e+00  0.0005989715319988506
   8.5350000e+00  0.0005980381126238506
   8.5400000e+00  0.0005970952555238506
   8.5450000e+00  0.0005961430226238506
   8.5500000e+00  0.0005951813536238507
   8.5550000e+00  0.0005942100918738506
   8.5600000e+00  0.0005932290514988506
   8.5650000e+00  0.0005922380922238505
   8.5700000e+00  0.0005912371671238506
   8.5750000e+00  0.0005902263263988506
   8.5800000e+00  0.0005892056837488506
   8.5850000e+00  0.0005881753675238506
   8.5900000e+00  0.0005871354804488505
   8.5950000e+00  0.0005860860820988505
   8.6000000e+00  0.0005850271946738505
   8.6050000e+00  0.0005839588223738505
   8.6100000e+00  0.0005828809720488505
   8.6150000e+00  0.0005817936658238505
   8.6200000e+00  0.0005806969430988505
   8.6250000e+00  0.0005795908546738505
   8.6300000e+00  0.0005784754540488506
   8.6350000e+00  0.0005773507906738505
   8.6400000e+00  0.0005762169073238505
   8.6450000e+00  0.0005750738412738506
   8.6500000e+00  0.0005739216274488506
   8.6550000e+00  0.0005727603013988506
   8.6600000e+00  0.0005715899009988506
   8.6650000e+00  0.0005704104666238506
   8.6700000e+00  0.0005692220400988507
   8.6750000e+00  0.0005680246635488506
   8.6800000e+00  0.0005668183785738506
   8.6850000e+00  0.0005656032258988506
   8.6900000e+00  0.0005643792456488506
   8.6950000e+00  0.0005631464777488506
   8.7000000e+00  0.0005619049622988506
   8.7050000e+00  0.0005606547397988506
   8.7100000e+00  0.0005593958510738506
   8.7150000e+00  0.0005581283371488506
   8.7200000e+00  0.0005568522391488506
   8.7250000e+00  0.0005555675981488506
   8.7300000e+00  0.0005542744551488507
   8.7350000e+00  0.0005529728511738507
   8.7400000e+00  0.0005516628272738507
   8.7450000e+00  0.0005503444245488507
   8.7500000e+00  0.0005490176841988507
   8.7550000e+00  0.0005476826475238507
   8.7600000e+00  0.0005463393558988507
   8.7650000e+00  0.0005449878507238507
   8.7700000e+00  0.0005436281734488507
   8.7750000e+00  0.0005422603655738506
   8.7800000e+00  0.0005408844686238506
   8.7850000e+00  0.0005395005241738506
   8.7900000e+00  0.0005381085740488506
   8.7950000e+00  0.0005367086620488506
   8.8000000e+00  0.0005353008410238507
   8.8050000e+00  0.0005338851885988506
   8.8100000e+00  0.0005324618265988506
   8.8150000e+00  0.0005310309267488506
   8.8200000e+00  0.0005295926841738506
   8.8250000e+00  0.0005281472600238505
   8.8300000e+00  0.0005266947206988505
   8.8350000e+00  0.0005252350105738505
   8.8400000e+00  0.0005237679774988505
   8.8450000e+00  0.0005222934397488505
   8.8500000e+00  0.0005208112608488505
   8.8550000e+00  0.0005193213974488505
   8.8600000e+00  0.0005178239032988505
   8.8650000e+00  0.0005163188956988505
   8.8700000e+00  0.0005148065065988505
   8.8750000e+00  0.0005132868423238505
   8.8800000e+00  0.0005117599660738505
   8.8850000e+00  0.0005102259035988505
   8.8900000e+00  0.0005086846625488504
   8.8950000e+00  0.0005071362530988504
   8.9000000e+00  0.0005055807006738504
   8.9050000e+00  0.0005040180479238504
   8.9100000e+00  0.0005024483487988504
   8.9150000e+00  0.0005008716599488504
   8.9200000e+00  0.0004992880339488504
   8.9250000e+00  0.0004976975166488504
   8.9300000e+00  0.0004961001483238504
   8.9350000e+00  0.0004944959667988504
   8.9400000e+00  0.0004928850102988504
   8.9450000e+00  0.0004912673173988504
   8.9500000e+00  0.0004896429201238504
   8.9550000e+00  0.0004880118271988504
   8.9600000e+00  0.0004863740033988504
   8.9650000e+00  0.0004847293630488504
   8.9700000e+00  0.0004830777961988504
   8.9750000e+00  0.0004814192262988504
   8.9800000e+00  0.0004797536712988504
   8.9850000e+00  0.0004780812713488504
   8.9900000e+00  0.0004764022634988504
   8.9950000e+00  0.0004747169146738504
   9.0000000e+00  0.00047302544679885043
   9.0050000e+00  0.0004713279886738504
   9.0100000e+00  0.0004696245719738504
   9.0150000e+00  0.0004679151647988504
   9.0200000e+00  0.0004661997204988504
   9.0250000e+00  0.0004644782180488504
   9.0300000e+00  0.0004627506796488504
   9.0350000e+00  0.00046101716502385036
   9.0400000e+00  0.00045927775204885035
   9.0450000e+00  0.00045753251612385033
   9.0500000e+00  0.00045578151742385034
   9.0550000e+00  0.0004540247988988503
   9.0600000e+00  0.00045226239222385034
   9.0650000e+00  0.0004504943264238503
   9.0700000e+00  0.0004487206345988503
   9.0750000e+00  0.0004469413565738503
   9.0800000e+00  0.0004451565377988503
   9.0850000e+00  0.0004433662261738503
   9.0900000e+00  0.0004415704689988503
   9.0950000e+00  0.0004397693113238503
   9.1000000e+00  0.0004379627957988503
   9.1050000e+00  0.0004361509636488503
   9.1100000e+00  0.0004343338558488503
   9.1150000e+00  0.0004325115139988503
   9.1200000e+00  0.0004306839806238503
   9.1250000e+00  0.0004288512989238503
   9.1300000e+00  0.0004270135123238503
   9.1350000e+00  0.0004251706641238503
   9.1400000e+00  0.0004233227973238503
   9.1450000e+00  0.00042146995459885027
   9.1500000e+00  0.0004196121784488503
   9.1550000e+00  0.0004177495113738503
   9.1600000e+00  0.0004158819959738503
   9.1650000e+00  0.00041400967492385033
   9.1700000e+00  0.00041213259094885035
   9.1750000e+00  0.0004102507867988503
   9.1800000e+00  0.0004083643051738503
   9.1850000e+00  0.0004064731887238503
   9.1900000e+00  0.0004045774800488503
   9.1950000e+00  0.0004026772215238503
   9.2000000e+00  0.0004007724535488503
   9.2050000e+00  0.0003988632075238503
   9.2100000e+00  0.00039694949014885034
   9.2150000e+00  0.00039503126392385034
   9.2200000e+00  0.0003931084414488503
   9.2250000e+00  0.0003911809119738503
   9.2300000e+00  0.00038924859874885033
   9.2350000e+00  0.00038731151974885034
   9.2400000e+00  0.00038536981499885035
   9.2450000e+00  0.00038342372107385035
   9.2500000e+00  0.00038147350414885034
   9.2550000e+00  0.00037951938512385033
   9.2600000e+00  0.0003775614917738503
   9.2650000e+00  0.00037559985482385033
   9.2700000e+00  0.0003736344414488503
   9.2750000e+00  0.0003716652041488503
   9.2800000e+00  0.00036969212104885033
   9.2850000e+00  0.00036771521342385033
   9.2900000e+00  0.0003657345399988503
   9.2950000e+00  0.0003637501775738503
   9.3000000e+00  0.00036176220042385027
   9.3050000e+00  0.00035977066759885026
   9.3100000e+00  0.0003577756208738503
   9.3150000e+00  0.0003557770907238503
   9.3200000e+00  0.0003537751049488503
   9.3250000e+00  0.0003517696953738503
   9.3300000e+00  0.0003497609003738503
   9.3350000e+00  0.0003477487619238503
   9.3400000e+00  0.00034573331542385027
   9.3450000e+00  0.0003437145709488503
   9.3500000e+00  0.00034169249209885027
   9.3550000e+00  0.0003396669901988503
   9.3600000e+00  0.0003376379517238503
   9.3650000e+00  0.0003356052968988503
   9.3700000e+00  0.00033356904134885026
   9.3750000e+00  0.00033152932362385027
   9.3800000e+00  0.0003294863794738503
   9.3850000e+00  0.0003274404744988503
   9.3900000e+00  0.0003253918288988503
   9.3950000e+00  0.0003233405694238503
   9.4000000e+00  0.00032128672547385026
   9.4050000e+00  0.00031923026272385026
   9.4100000e+00  0.00031717113212385026
   9.4150000e+00  0.00031510931032385027
   9.4200000e+00  0.0003130448172738503
   9.4250000e+00  0.00031097771042385027
   9.4300000e+00  0.00030890806524885026
   9.4350000e+00  0.0003068359544988503
   9.4400000e+00  0.00030476143372385026
   9.4450000e+00  0.00030268453214885027
   9.4500000e+00  0.0003006052429488503
   9.4550000e+00  0.0002985235124238503
   9.4600000e+00  0.0002964392410738503
   9.4650000e+00  0.0002943523127488503
   9.4700000e+00  0.0002922626508488503
   9.4750000e+00  0.0002901702759988503
   9.4800000e+00  0.0002880753302488503
   9.4850000e+00  0.00028597804987385027
   9.4900000e+00  0.0002838786983238503
   9.4950000e+00  0.0002817774923488503
   9.5000000e+00  0.0002796745553488503
   9.5050000e+00  0.0002775699142238503
   9.5100000e+00  0.0002754635332238503
   9.5150000e+00  0.00027335536259885033
   9.5200000e+00  0.0002712453781988503
   9.5250000e+00  0.0002691335969988503
   9.5300000e+00  0.0002670200641238503
   9.5350000e+00  0.0002649048176988503
   9.5400000e+00  0.0002627878489738503
   9.5450000e+00  0.0002606690840738503
   9.5500000e+00  0.0002585484085738503
   9.5550000e+00  0.0002564257308488503
   9.5600000e+00  0.0002543010513988503
   9.5650000e+00  0.0002521744968738503
   9.5700000e+00  0.00025004629717385033
   9.5750000e+00  0.00024791671727385033
   9.5800000e+00  0.00024578597929885034
   9.5850000e+00  0.00024365421162385033
   9.5900000e+00  0.00024152144324885032
   9.5950000e+00  0.00023938763704885033
   9.6000000e+00  0.00023725273782385033
   9.6050000e+00  0.00023511670672385032
   9.6100000e+00  0.0002329795239738503
   9.6150000e+00  0.0002308411639238503
   9.6200000e+00  0.0002287015697738503
   9.6250000e+00  0.00022656065909885029
   9.6300000e+00  0.00022441836809885027
   9.6350000e+00  0.00022227471017385026
   9.6400000e+00  0.00022012980912385026
   9.6450000e+00  0.00021798388244885026
   9.6500000e+00  0.00021583718132385025
   9.6550000e+00  0.00021368991844885024
   9.6600000e+00  0.00021154221884885023
   9.6650000e+00  0.00020939411102385022
   9.6700000e+00  0.00020724555037385023
   9.6750000e+00  0.00020509645059885021
   9.6800000e+00  0.0002029467043238502
   9.6850000e+00  0.0002007961959988502
   9.6900000e+00  0.0001986448238988502
   9.6950000e+00  0.0001964925389988502
   9.7000000e+00  0.0001943393853738502
   9.7050000e+00  0.0001921855145988502
   9.7100000e+00  0.0001900311578238502
   9.7150000e+00  0.0001878765642988502
   9.7200000e+00  0.0001857219350238502
   9.7250000e+00  0.0001835673814488502
   9.7300000e+00  0.0001814129225738502
   9.7350000e+00  0.0001792585103988502
   9.7400000e+00  0.0001771040600488502
   9.7450000e+00  0.0001749494675488502
   9.7500000e+00  0.0001727946199738502
   9.7550000e+00  0.0001706394161238502
   9.7600000e+00  0.0001684838054238502
   9.7650000e+00  0.0001663278291988502
   9.7700000e+00  0.0001641716361738502
   9.7750000e+00  0.0001620154552488502
   9.7800000e+00  0.0001598595342488502
   9.7850000e+00  0.0001577040733488502
   9.7900000e+00  0.0001555491833238502
   9.7950000e+00  0.00015339488232385021
   9.8000000e+00  0.0001512411212738502
   9.8050000e+00  0.00014908781392385022
   9.8100000e+00  0.00014693485479885023
   9.8150000e+00  0.00014478212954885023
   9.8200000e+00  0.00014262953557385024
   9.8250000e+00  0.00014047702097385022
   9.8300000e+00  0.00013832462584885023
   9.8350000e+00  0.00013617249767385023
   9.8400000e+00  0.00013402086412385024
   9.8450000e+00  0.00013186997154885025
   9.8500000e+00  0.00012972001659885025
   9.8550000e+00  0.00012757109779885025
   9.8600000e+00  0.00012542319829885026
   9.8650000e+00  0.00012327619874885027
   9.8700000e+00  0.00012112991754885027
   9.8750000e+00  0.00011898417469885026
   9.8800000e+00  0.00011683886517385025
   9.8850000e+00  0.00011469401387385025
   9.8900000e+00  0.00011254978437385025
   9.8950000e+00  0.00011040643407385026
   9.9000000e+00  0.00010826423509885025
   9.9050000e+00  0.00010612339597385025
   9.9100000e+00  0.00010398401244885026
   9.9150000e+00  0.00010184605602385026
   9.9200000e+00  9.970939442385026e-5
   9.9250000e+00  9.757383722385026e-5
   9.9300000e+00  9.543920147385026e-5
   9.9350000e+00  9.330538369885027e-5
   9.9400000e+00  9.117241202385027e-5
   9.9450000e+00  8.904045247385027e-5
   9.9500000e+00  8.690976279885027e-5
   9.9550000e+00  8.478061349885027e-5
   9.9600000e+00  8.265321039885028e-5
   9.9650000e+00  8.052764649885027e-5
   9.9700000e+00  7.840389119885027e-5
   9.9750000e+00  7.628181084885027e-5
   9.9800000e+00  7.416121417385027e-5
   9.9850000e+00  7.204191757385027e-5
   9.9900000e+00  6.992381677385027e-5
   9.9950000e+00  6.780693882385027e-5
   1.0000000e+01  6.569144842385026e-5
   1.0005000e+01  6.357760187385026e-5
   1.0010000e+01  6.146566827385026e-5
   1.0015000e+01  5.935585212385026e-5
   1.0020000e+01  5.724824514885026e-5
   1.0025000e+01  5.514281552385026e-5
   1.0030000e+01  5.303942842385026e-5
   1.0035000e+01  5.093789139885026e-5
   1.0040000e+01  4.8838019623850256e-5
   1.0045000e+01  4.673970752385026e-5
   1.0050000e+01  4.464298084885026e-5
   1.0055000e+01  4.2548003048850255e-5
   1.0060000e+01  4.0455029148850256e-5
   1.0065000e+01  3.836432697385026e-5
   1.0070000e+01  3.6276099773850257e-5
   1.0075000e+01  3.419043799885026e-5
   1.0080000e+01  3.210730854885026e-5
   1.0085000e+01  3.0026575348850258e-5
   1.0090000e+01  2.794804467385026e-5
   1.0095000e+01  2.5871530398850258e-5
   1.0100000e+01  2.3796925698850257e-5
   1.0105000e+01  2.1724255048850255e-5
   1.0110000e+01  1.9653680573850256e-5
   1.0115000e+01  1.7585456048850256e-5
   1.0120000e+01  1.5519848023850257e-5
   1.0125000e+01  1.3457058423850258e-5
   1.0130000e+01  1.1397176448850258e-5
   1.0135000e+01  9.340167723850257e-6
   1.0140000e+01  7.2858948488502575e-6
   1.0145000e+01  5.234162798850257e-6
   1.0150000e+01  3.1847841488502573e-6
   1.0155000e+01  1.1376507988502573e-6
   1.0160000e+01  -9.072140761497425e-7
   1.0165000e+01  -2.9496498511497425e-6
   1.0170000e+01  -4.989406176149742e-6
   1.0175000e+01  -7.026228751149742e-6
   1.0180000e+01  -9.059950651149742e-6
   1.0185000e+01  -1.1090552876149743e-5
   1.0190000e+01  -1.3118165126149742e-5
   1.0195000e+01  -1.5142999326149743e-5
   1.0200000e+01  -1.7165241151149745e-5
   1.0205000e+01  -1.9184950501149744e-5
   1.0210000e+01  -2.1202019976149744e-5
   1.0215000e+01  -2.3216209051149742e-5
   1.0220000e+01  -2.522723220114974e-5
   1.0225000e+01  -2.723485607614974e-5
   1.0230000e+01  -2.923896600114974e-5
   1.0235000e+01  -3.1239586451149744e-5
   1.0240000e+01  -3.323686030114974e-5
   1.0245000e+01  -3.5230996751149744e-5
   1.0250000e+01  -3.722219805114974e-5
   1.0255000e+01  -3.9210582351149744e-5
   1.0260000e+01  -4.1196130201149744e-5
   1.0265000e+01  -4.317868012614975e-5
   1.0270000e+01  -4.5157979476149745e-5
   1.0275000e+01  -4.7133772676149745e-5
   1.0280000e+01  -4.910589377614974e-5
   1.0285000e+01  -5.107432682614974e-5
   1.0290000e+01  -5.303920562614974e-5
   1.0295000e+01  -5.500074615114974e-5
   1.0300000e+01  -5.695913740114974e-5
   1.0305000e+01  -5.8914441826149735e-5
   1.0310000e+01  -6.0866554026149735e-5
   1.0315000e+01  -6.281523532614974e-5
   1.0320000e+01  -6.476020225114973e-5
   1.0325000e+01  -6.670122377614973e-5
   1.0330000e+01  -6.863818777614973e-5
   1.0335000e+01  -7.057112142614973e-5
   1.0340000e+01  -7.250017025114973e-5
   1.0345000e+01  -7.442554600114972e-5
   1.0350000e+01  -7.634745340114972e-5
   1.0355000e+01  -7.826601300114972e-5
   1.0360000e+01  -8.018120777614972e-5
   1.0365000e+01  -8.209287867614972e-5
   1.0370000e+01  -8.400077550114972e-5
   1.0375000e+01  -8.590464520114972e-5
   1.0380000e+01  -8.780432435114971e-5
   1.0385000e+01  -8.969979950114972e-5
   1.0390000e+01  -9.159120692614972e-5
   1.0395000e+01  -9.347876505114971e-5
   1.0400000e+01  -9.536266535114972e-5
   1.0405000e+01  -9.724297277614971e-5
   1.0410000e+01  -9.911958440114972e-5
   1.0415000e+01  -0.00010099226402614972
   1.0420000e+01  -0.00010286073067614973
   1.0425000e+01  -0.00010472475580114973
   1.0430000e+01  -0.00010658422977614973
   1.0435000e+01  -0.00010843918225114973
   1.0440000e+01  -0.00011028976125114972
   1.0445000e+01  -0.00011213618102614972
   1.0450000e+01  -0.00011397864877614972
   1.0455000e+01  -0.00011581728755114971
   1.0460000e+01  -0.00011765208277614971
   1.0465000e+01  -0.00011948287792614971
   1.0470000e+01  -0.00012130942530114971
   1.0475000e+01  -0.00012313147430114972
   1.0480000e+01  -0.00012494886400114973
   1.0485000e+01  -0.00012676158342614973
   1.0490000e+01  -0.00012856977135114974
   1.0495000e+01  -0.00013037364872614974
   1.0500000e+01  -0.00013217340952614975
   1.0505000e+01  -0.00013396912115114974
   1.0510000e+01  -0.00013576068315114973
   1.0515000e+01  -0.00013754786185114974
   1.0520000e+01  -0.00013933037877614972
   1.0525000e+01  -0.00014110800785114972
   1.0530000e+01  -0.00014288064192614973
   1.0535000e+01  -0.00014464831317614974
   1.0540000e+01  -0.00014641117210114973
   1.0545000e+01  -0.00014816943542614972
   1.0550000e+01  -0.0001499233128511497
   1.0555000e+01  -0.0001516729299011497
   1.0560000e+01  -0.0001534182745261497
   1.0565000e+01  -0.0001551591924761497
   1.0570000e+01  -0.0001568954363761497
   1.0575000e+01  -0.0001586267472011497
   1.0580000e+01  -0.00016035293280114972
   1.0585000e+01  -0.00016207391582614972
   1.0590000e+01  -0.0001637897435011497
   1.0595000e+01  -0.00016550056600114971
   1.0600000e+01  -0.0001672065904761497
   1.0605000e+01  -0.0001689080156261497
   1.0610000e+01  -0.00017060496032614972
   1.0615000e+01  -0.0001722974120261497
   1.0620000e+01  -0.0001739852206761497
   1.0625000e+01  -0.0001756681449261497
   1.0630000e+01  -0.0001773459307011497
   1.0635000e+01  -0.0001790183866761497
   1.0640000e+01  -0.00018068542545114972
   1.0645000e+01  -0.00018234706035114972
   1.0650000e+01  -0.0001840033724011497
   1.0655000e+01  -0.0001856544750761497
   1.0660000e+01  -0.0001873004951011497
   1.0665000e+01  -0.00018894156377614969
   1.0670000e+01  -0.00019057779925114968
   1.0675000e+01  -0.00019220927012614968
   1.0680000e+01  -0.00019383595517614969
   1.0685000e+01  -0.0001954577277261497
   1.0690000e+01  -0.0001970743819511497
   1.0695000e+01  -0.0001986856930761497
   1.0700000e+01  -0.00020029148337614972
   1.0705000e+01  -0.00020189166375114971
   1.0710000e+01  -0.0002034862372261497
   1.0715000e+01  -0.0002050752739511497
   1.0720000e+01  -0.0002066588814011497
   1.0725000e+01  -0.00020823718655114972
   1.0730000e+01  -0.00020981032555114973
   1.0735000e+01  -0.00021137842290114972
   1.0740000e+01  -0.00021294155235114973
   1.0745000e+01  -0.00021449969560114973
   1.0750000e+01  -0.00021605272690114973
   1.0755000e+01  -0.00021760044030114974
   1.0760000e+01  -0.00021914261095114975
   1.0765000e+01  -0.00022067906175114976
   1.0770000e+01  -0.00022220970502614975
   1.0775000e+01  -0.00022373454577614976
   1.0780000e+01  -0.00022525365627614976
   1.0785000e+01  -0.00022676714590114976
   1.0790000e+01  -0.00022827514327614977
   1.0795000e+01  -0.00022977778595114978
   1.0800000e+01  -0.00023127519967614977
   1.0805000e+01  -0.00023276745955114978
   1.0810000e+01  -0.0002342545487011498
   1.0815000e+01  -0.0002357363428511498
   1.0820000e+01  -0.0002372126376011498
   1.0825000e+01  -0.0002386832096761498
   1.0830000e+01  -0.0002401478835261498
   1.0835000e+01  -0.0002416065727761498
   1.0840000e+01  -0.00024305928172614982
   1.0845000e+01  -0.0002445060730011498
   1.0850000e+01  -0.0002459470216261498
   1.0855000e+01  -0.00024738217787614983
   1.0860000e+01  -0.00024881155305114984
   1.0865000e+01  -0.0002502351323011498
   1.0870000e+01  -0.0002516529088511498
   1.0875000e+01  -0.00025306492287614985
   1.0880000e+01  -0.00025447127912614986
   1.0885000e+01  -0.0002558721221261499
   1.0890000e+01  -0.00025726757305114987
   1.0895000e+01  -0.00025865766085114987
   1.0900000e+01  -0.00026004228852614985
   1.0905000e+01  -0.00026142125610114985
   1.0910000e+01  -0.00026279432880114983
   1.0915000e+01  -0.00026416131487614985
   1.0920000e+01  -0.00026552211630114983
   1.0925000e+01  -0.0002668767343511498
   1.0930000e+01  -0.0002682252362011498
   1.0935000e+01  -0.0002695677051261498
   1.0940000e+01  -0.00027090419905114984
   1.0945000e+01  -0.00027223473217614984
   1.0950000e+01  -0.0002735592804511498
   1.0955000e+01  -0.0002748778011511498
   1.0960000e+01  -0.0002761902541011498
   1.0965000e+01  -0.00027749661647614977
   1.0970000e+01  -0.00027879689200114975
   1.0975000e+01  -0.00028009112080114974
   1.0980000e+01  -0.00028137939005114975
   1.0985000e+01  -0.00028266183277614977
   1.0990000e+01  -0.00028393859862614975
   1.0995000e+01  -0.0002852097976261498
   1.1000000e+01  -0.0002864754426011498
   1.1005000e+01  -0.0002877354249011498
   1.1010000e+01  -0.00028898954170114983
   1.1015000e+01  -0.0002902375630761498
   1.1020000e+01  -0.00029147930587614985
   1.1025000e+01  -0.0002927146804011498
   1.1030000e+01  -0.0002939436934011498
   1.1035000e+01  -0.0002951664143261498
   1.1040000e+01  -0.0002963829266761498
   1.1045000e+01  -0.0002975932881261498
   1.1050000e+01  -0.0002987975133511498
   1.1055000e+01  -0.0002999955799261498
   1.1060000e+01  -0.0003011874477511498
   1.1065000e+01  -0.0003023730794511498
   1.1070000e+01  -0.0003035524529011498
   1.1075000e+01  -0.0003047255632261498
   1.1080000e+01  -0.0003058924168011498
   1.1085000e+01  -0.0003070530226761498
   1.1090000e+01  -0.0003082073858761498
   1.1095000e+01  -0.00030935550475114977
   1.1100000e+01  -0.00031049737222614977
   1.1105000e+01  -0.00031163297885114977
   1.1110000e+01  -0.0003127623158761498
   1.1115000e+01  -0.0003138853769011498
   1.1120000e+01  -0.0003150021579761498
   1.1125000e+01  -0.0003161126566761498
   1.1130000e+01  -0.00031721687085114976
   1.1135000e+01  -0.0003183147978011498
   1.1140000e+01  -0.00031940643402614976
   1.1145000e+01  -0.00032049177545114975
   1.1150000e+01  -0.00032157081782614976
   1.1155000e+01  -0.00032264355707614976
   1.1160000e+01  -0.00032370998952614975
   1.1165000e+01  -0.0003247701118761498
   1.1170000e+01  -0.0003258239210511498
   1.1175000e+01  -0.00032687141410114975
   1.1180000e+01  -0.00032791258807614976
   1.1185000e+01  -0.00032894743997614976
   1.1190000e+01  -0.00032997596680114976
   1.1195000e+01  -0.0003309981656261498
   1.1200000e+01  -0.0003320140336511498
   1.1205000e+01  -0.0003330235681761498
   1.1210000e+01  -0.0003340267666011498
   1.1215000e+01  -0.0003350236264761498
   1.1220000e+01  -0.0003360141454011498
   1.1225000e+01  -0.00033699832105114983
   1.1230000e+01  -0.0003379761511761498
   1.1235000e+01  -0.0003389476335761498
   1.1240000e+01  -0.0003399127661761498
   1.1245000e+01  -0.00034087154697614984
   1.1250000e+01  -0.00034182397387614986
   1.1255000e+01  -0.00034277004290114986
   1.1260000e+01  -0.0003437097411511499
   1.1265000e+01  -0.00034464303115114986
   1.1270000e+01  -0.0003455698313011499
   1.1275000e+01  -0.00034649001022614987
   1.1280000e+01  -0.0003474034132761499
   1.1285000e+01  -0.0003483099199261499
   1.1290000e+01  -0.0003492095045011499
   1.1295000e+01  -0.0003501022634511499
   1.1300000e+01  -0.0003509883899261499
   1.1305000e+01  -0.0003518681067261499
   1.1310000e+01  -0.0003527415915261499
   1.1315000e+01  -0.00035360892900114987
   1.1320000e+01  -0.00035447010687614987
   1.1325000e+01  -0.00035532504945114986
   1.1330000e+01  -0.0003561736664261499
   1.1335000e+01  -0.00035701589322614986
   1.1340000e+01  -0.00035785170857614986
   1.1345000e+01  -0.0003586811286011499
   1.1350000e+01  -0.00035950418560114987
   1.1355000e+01  -0.00036032090050114985
   1.1360000e+01  -0.00036113125442614985
   1.1365000e+01  -0.0003619351671511498
   1.1370000e+01  -0.00036273249740114983
   1.1375000e+01  -0.0003635230779761498
   1.1380000e+01  -0.00036430677987614983
   1.1385000e+01  -0.0003650835757011498
   1.1390000e+01  -0.00036585356582614985
   1.1395000e+01  -0.00036661694972614983
   1.1400000e+01  -0.0003673739557511498
   1.1405000e+01  -0.00036812476292614983
   1.1410000e+01  -0.00036886944590114985
   1.1415000e+01  -0.00036960795622614984
   1.1420000e+01  -0.00037034013760114986
   1.1425000e+01  -0.00037106576995114983
   1.1430000e+01  -0.0003717846364511498
   1.1435000e+01  -0.0003724965982761498
   1.1440000e+01  -0.0003732016492011498
   1.1445000e+01  -0.0003738999231261498
   1.1450000e+01  -0.00037459164782614984
   1.1455000e+01  -0.00037527706505114983
   1.1460000e+01  -0.00037595635212614984
   1.1465000e+01  -0.00037662957305114984
   1.1470000e+01  -0.0003772966676011498
   1.1475000e+01  -0.0003779574721761498
   1.1480000e+01  -0.0003786117655511498
   1.1485000e+01  -0.0003792593344761498
   1.1490000e+01  -0.0003799000452511498
   1.1495000e+01  -0.0003805338939511498
   1.1500000e+01  -0.0003811610056261498
   1.1505000e+01  -0.0003817815723761498
   1.1510000e+01  -0.00038239575515114984
   1.1515000e+01  -0.00038300360250114986
   1.1520000e+01  -0.00038360503597614987
   1.1525000e+01  -0.00038419991222614987
   1.1530000e+01  -0.0003847881221011499
   1.1535000e+01  -0.0003853696619761499
   1.1540000e+01  -0.00038594463125114987
   1.1545000e+01  -0.0003865131602011499
   1.1550000e+01  -0.00038707532072614987
   1.1555000e+01  -0.0003876310840011499
   1.1560000e+01  -0.0003881803532011499
   1.1565000e+01  -0.0003887230443761499
   1.1570000e+01  -0.00038925915475114986
   1.1575000e+01  -0.0003897887685511499
   1.1580000e+01  -0.00039031199697614987
   1.1585000e+01  -0.00039082889850114986
   1.1590000e+01  -0.00039133944027614984
   1.1595000e+01  -0.00039184352925114986
   1.1600000e+01  -0.0003923410887386499
   1.1605000e+01  -0.0003928321224936499
   1.1610000e+01  -0.0003933167181336499
   1.1615000e+01  -0.00039379498694864986
   1.1620000e+01  -0.00039426698530364986
   1.1625000e+01  -0.00039473267595614985
   1.1630000e+01  -0.00039519195356114983
   1.1635000e+01  -0.00039564470758614984
   1.1640000e+01  -0.00039609087369114985
   1.1645000e+01  -0.00039653044644114986
   1.1650000e+01  -0.0003969634627761499
   1.1655000e+01  -0.0003973899794061499
   1.1660000e+01  -0.00039781005439614987
   1.1665000e+01  -0.00039822373031864986
   1.1670000e+01  -0.00039863102103864987
   1.1675000e+01  -0.00039903191312114987
   1.1680000e+01  -0.0003994263854936499
   1.1685000e+01  -0.0003998144320461499
   1.1690000e+01  -0.0004001960655336499
   1.1695000e+01  -0.0004005712973211499
   1.1700000e+01  -0.00040094010923864994
   1.1705000e+01  -0.00040130244161864993
   1.1710000e+01  -0.00040165821265364995
   1.1715000e+01  -0.0004020073646436499
   1.1720000e+01  -0.00040234991114614994
   1.1725000e+01  -0.0004026859506836499
   1.1730000e+01  -0.0004030156311886499
   1.1735000e+01  -0.0004033390861136499
   1.1740000e+01  -0.00040365638576364993
   1.1745000e+01  -0.00040396753249114995
   1.1750000e+01  -0.00040427249053864996
   1.1755000e+01  -0.00040457121790614994
   1.1760000e+01  -0.00040486367676864995
   1.1765000e+01  -0.00040514982419114995
   1.1770000e+01  -0.00040542960096364995
   1.1775000e+01  -0.00040570293417864994
   1.1780000e+01  -0.00040596975538864996
   1.1785000e+01  -0.00040623002456115
   1.1790000e+01  -0.00040648374980614997
   1.1795000e+01  -0.00040673099844114997
   1.1800000e+01  -0.00040697189483364994
   1.1805000e+01  -0.00040720659689614993
   1.1810000e+01  -0.0004074352496536499
   1.1815000e+01  -0.0004076579320061499
   1.1820000e+01  -0.0004078746242636499
   1.1825000e+01  -0.0004080852160011499
   1.1830000e+01  -0.0004082895519011499
   1.1835000e+01  -0.00040848749280864987
   1.1840000e+01  -0.00040867896288364987
   1.1845000e+01  -0.00040886396429364985
   1.1850000e+01  -0.0004090425591986498
   1.1855000e+01  -0.00040921483344114984
   1.1860000e+01  -0.0004093808613786498
   1.1865000e+01  -0.0004095406860886498
   1.1870000e+01  -0.00040969431852364984
   1.1875000e+01  -0.0004098417501636498
   1.1880000e+01  -0.00040998296972364983
   1.1885000e+01  -0.00041011797542864984
   1.1890000e+01  -0.00041024677912614984
   1.1895000e+01  -0.00041036940333364985
   1.1900000e+01  -0.00041048587474614985
   1.1905000e+01  -0.00041059621820614987
   1.1910000e+01  -0.0004107004536386499
   1.1915000e+01  -0.0004107985961111499
   1.1920000e+01  -0.0004108906578961499
   1.1925000e+01  -0.0004109766510461499
   1.1930000e+01  -0.0004110565890886499
   1.1935000e+01  -0.0004111304874336499
   1.1940000e+01  -0.0004111983628961499
   1.1945000e+01  -0.0004112602327536499
   1.1950000e+01  -0.0004113161139136499
   1.1955000e+01  -0.00041136602261289987
   1.1960000e+01  -0.0004114099742831499
   1.1965000e+01  -0.0004114479820473999
   1.1970000e+01  -0.0004114800502621499
   1.1975000e+01  -0.0004115061605353999
   1.1980000e+01  -0.00041152625751889987
   1.1985000e+01  -0.0004115402521038999
   1.1990000e+01  -0.0004115480530847749
   1.1995000e+01   -0.0004115496159099999
   1.2000000e+01   -0.0004115449801433499
   1.2005000e+01   -0.0004115342711695999
   1.2010000e+01   -0.00041151766268084994
   1.2015000e+01   -0.00041149531814484993
   1.2020000e+01   -0.00041146733635884995
   1.2025000e+01   -0.00041143371903909997
   1.2030000e+01   -0.00041139437047659996
   1.2035000e+01   -0.00041134913276259994
   1.2040000e+01   -0.00041129784528809996
   1.2045000e+01   -0.00041124040026809997
   1.2050000e+01   -0.00041117676847809997
   1.2055000e+01   -0.00041110699274309997
   1.2060000e+01   -0.00041103116626809994
   1.2065000e+01   -0.0004109494120630999
   1.2070000e+01   -0.0004108618662780999
   1.2075000e+01   -0.0004107686572830999
   1.2080000e+01   -0.0004106698743880999
   1.2085000e+01   -0.0004105655363230999
   1.2090000e+01   -0.0004104555829230999
   1.2095000e+01   -0.0004103399028380999
   1.2100000e+01   -0.0004102183827805999
   1.2105000e+01   -0.0004100909504730999
   1.2110000e+01   -0.0004099575945180999
   1.2115000e+01   -0.0004098183598505999
   1.2120000e+01   -0.0004096733238255999
   1.2125000e+01   -0.0004095225635780999
   1.2130000e+01   -0.00040936613178059987
   1.2135000e+01   -0.00040920405221059986
   1.2140000e+01   -0.00040903632991059986
   1.2145000e+01   -0.0004088629634930999
   1.2150000e+01   -0.00040868395479559986
   1.2155000e+01   -0.00040849931630059985
   1.2160000e+01   -0.00040830907284559987
   1.2165000e+01   -0.0004081132551805999
   1.2170000e+01   -0.0004079118917230999
   1.2175000e+01   -0.0004077050047380999
   1.2180000e+01   -0.0004074926052505999
   1.2185000e+01   -0.00040727467893809986
   1.2190000e+01   -0.00040705117316059986
   1.2195000e+01   -0.00040682200833809984
   1.2200000e+01   -0.00040658711857559983
   1.2205000e+01   -0.00040634649219059983
   1.2210000e+01   -0.00040610017605559985
   1.2215000e+01   -0.0004058482419405998
   1.2220000e+01   -0.0004055907496230998
   1.2225000e+01   -0.0004053277374930998
   1.2230000e+01   -0.0004050592347905998
   1.2235000e+01   -0.0004047852683480998
   1.2240000e+01   -0.00040450585468559984
   1.2245000e+01   -0.00040422099580059986
   1.2250000e+01   -0.00040393069384559983
   1.2255000e+01   -0.0004036349711530998
   1.2260000e+01   -0.0004033338700980998
   1.2265000e+01   -0.00040302743112809983
   1.2270000e+01   -0.0004027156755805998
   1.2275000e+01   -0.0004023986134605998
   1.2280000e+01   -0.0004020762620530998
   1.2285000e+01   -0.0004017486438180998
   1.2290000e+01   -0.0004014157562105998
   1.2295000e+01   -0.0004010775459430998
   1.2300000e+01   -0.0004007339278130998
   1.2305000e+01   -0.0004003848477855998
   1.2310000e+01   -0.0004000303399905998
   1.2315000e+01   -0.0003996705220580998
   1.2320000e+01   -0.00039930552448309977
   1.2325000e+01   -0.0003989354109905998
   1.2330000e+01   -0.0003985601581180998
   1.2335000e+01   -0.0003981797094480998
   1.2340000e+01   -0.00039779405166059977
   1.2345000e+01   -0.0003974032404605998
   1.2350000e+01   -0.0003970073512380998
   1.2355000e+01   -0.0003966063985355998
   1.2360000e+01   -0.0003962003001230998
   1.2365000e+01   -0.0003957889283780998
   1.2370000e+01   -0.0003953722182355998
   1.2375000e+01   -0.0003949502472005998
   1.2380000e+01   -0.00039452321695559984
   1.2385000e+01   -0.00039409133988059985
   1.2390000e+01   -0.00039365470883559987
   1.2395000e+01   -0.0003932132464080999
   1.2400000e+01   -0.0003927667753880999
   1.2405000e+01   -0.00039231516304309987
   1.2410000e+01   -0.00039185843435559986
   1.2415000e+01   -0.00039139677015309984
   1.2420000e+01   -0.0003909303896680998
   1.2425000e+01   -0.0003904593975155998
   1.2430000e+01   -0.00038998369422059984
   1.2435000e+01   -0.0003895030028280998
   1.2440000e+01   -0.00038901699447059984
   1.2445000e+01   -0.0003885254493105998
   1.2450000e+01   -0.0003880283803830998
   1.2455000e+01   -0.00038752606479309983
   1.2460000e+01   -0.00038701896021809984
   1.2465000e+01   -0.00038650753239309984
   1.2470000e+01   -0.0003859920668180998
   1.2475000e+01   -0.0003854725534180998
   1.2480000e+01   -0.0003849486987930998
   1.2485000e+01   -0.0003844200553430998
   1.2490000e+01   -0.0003838861994680998
   1.2495000e+01   -0.0003833468750680998
   1.2500000e+01   -0.0003828020484930998
   1.2505000e+01   -0.0003822518756930998
   1.2510000e+01   -0.0003816966269180998
   1.2515000e+01   -0.0003811366214430998
   1.2520000e+01   -0.0003805721912930998
   1.2525000e+01   -0.0003800036514680998
   1.2530000e+01   -0.0003794312470430998
   1.2535000e+01   -0.0003788550802680998
   1.2540000e+01   -0.00037827505841809975
   1.2545000e+01   -0.00037769090649309974
   1.2550000e+01   -0.0003771022538930997
   1.2555000e+01   -0.0003765087594930997
   1.2560000e+01   -0.0003759102175430997
   1.2565000e+01   -0.0003753065998180997
   1.2570000e+01   -0.0003746980249930997
   1.2575000e+01   -0.0003740846813430997
   1.2580000e+01   -0.0003734667444430997
   1.2585000e+01   -0.0003728443242930997
   1.2590000e+01   -0.0003722174551680997
   1.2595000e+01   -0.0003715861196430997
   1.2600000e+01   -0.00037095028616809973
   1.2605000e+01   -0.00037030994014309974
   1.2610000e+01   -0.0003696650974930997
   1.2615000e+01   -0.0003690158007680997
   1.2620000e+01   -0.0003683621053430997
   1.2625000e+01   -0.0003677040648930997
   1.2630000e+01   -0.00036704172256809967
   1.2635000e+01   -0.00036637510969309966
   1.2640000e+01   -0.00036570424986809963
   1.2645000e+01   -0.00036502916479309964
   1.2650000e+01   -0.00036434987876809966
   1.2655000e+01   -0.00036366642034309964
   1.2660000e+01   -0.00036297882151809966
   1.2665000e+01   -0.00036228711574309966
   1.2670000e+01   -0.0003615913359180997
   1.2675000e+01   -0.0003608915133180997
   1.2680000e+01   -0.0003601876775430997
   1.2685000e+01   -0.0003594798571180997
   1.2690000e+01   -0.0003587680803430997
   1.2695000e+01   -0.0003580523755680997
   1.2700000e+01   -0.00035733276941809974
   1.2705000e+01   -0.0003566092778930997
   1.2710000e+01   -0.0003558818832430997
   1.2715000e+01   -0.0003551504986430997
   1.2720000e+01   -0.00035441494289309975
   1.2725000e+01   -0.00035367496121809975
   1.2730000e+01   -0.00035293030934309974
   1.2735000e+01   -0.0003521808716430997
   1.2740000e+01   -0.00035142674921809973
   1.2745000e+01   -0.00035066826174309974
   1.2750000e+01   -0.0003499058549930997
   1.2755000e+01   -0.0003491399587930997
   1.2760000e+01   -0.0003483708623680997
   1.2765000e+01   -0.0003475986537430997
   1.2770000e+01   -0.00034682322649309973
   1.2775000e+01   -0.0003460443270180997
   1.2780000e+01   -0.0003452616185680997
   1.2785000e+01   -0.00034447475984309973
   1.2790000e+01   -0.0003436835007930997
   1.2795000e+01   -0.0003428877756430997
   1.2800000e+01   -0.00034208775069309973
   1.2805000e+01   -0.0003412837909680997
   1.2810000e+01   -0.00034047634419309973
   1.2815000e+01   -0.00033966578011809974
   1.2820000e+01   -0.0003388522472180997
   1.2825000e+01   -0.00033803561111809974
   1.2830000e+01   -0.00033721551444309975
   1.2835000e+01   -0.0003363915443180998
   1.2840000e+01   -0.0003355634334180998
   1.2845000e+01   -0.00033473119094309977
   1.2850000e+01   -0.0003338950887930998
   1.2855000e+01   -0.00033305550694309976
   1.2860000e+01   -0.0003322127273430998
   1.2865000e+01   -0.00033136680076809976
   1.2870000e+01   -0.00033051756426809975
   1.2875000e+01   -0.00032966478514309975
   1.2880000e+01   -0.00032880832321809973
   1.2885000e+01   -0.00032794820134309974
   1.2890000e+01   -0.00032708455399309977
   1.2895000e+01   -0.0003262175171430998
   1.2900000e+01   -0.0003253471511430998
   1.2905000e+01   -0.0003244734382180998
   1.2910000e+01   -0.0003235963271930998
   1.2915000e+01   -0.00032271577609309984
   1.2920000e+01   -0.00032183177249309983
   1.2925000e+01   -0.0003209443413930998
   1.2930000e+01   -0.0003200535471430998
   1.2935000e+01   -0.0003191594795680998
   1.2940000e+01   -0.0003182622197680998
   1.2945000e+01   -0.0003173618038180998
   1.2950000e+01   -0.0003164582096180998
   1.2955000e+01   -0.00031555137361809985
   1.2960000e+01   -0.00031464122616809987
   1.2965000e+01   -0.0003137277330430999
   1.2970000e+01   -0.00031281093234309987
   1.2975000e+01   -0.00031189094766809986
   1.2980000e+01   -0.0003109679581180999
   1.2985000e+01   -0.0003100421309180999
   1.2990000e+01   -0.00030911355451809986
   1.2995000e+01   -0.00030818221281809984
   1.3000000e+01   -0.00030724800891809986
   1.3005000e+01   -0.00030631081396809986
   1.3010000e+01   -0.00030537051039309987
   1.3015000e+01   -0.00030442701501809985
   1.3020000e+01   -0.0003034802884430998
   1.3025000e+01   -0.00030253034409309984
   1.3030000e+01   -0.00030157725774309984
   1.3035000e+01   -0.00030062116161809986
   1.3040000e+01   -0.00029966220931809987
   1.3045000e+01   -0.0002987005204930999
   1.3050000e+01   -0.0002977361343680999
   1.3055000e+01   -0.00029676899944309994
   1.3060000e+01   -0.0002957990057430999
   1.3065000e+01   -0.0002948260414930999
   1.3070000e+01   -0.0002938500444930999
   1.3075000e+01   -0.00029287102556809993
   1.3080000e+01   -0.0002918890584680999
   1.3085000e+01   -0.0002909042475680999
   1.3090000e+01   -0.0002899166925180999
   1.3095000e+01   -0.00028892646521809994
   1.3100000e+01   -0.00028793360516809997
   1.3105000e+01   -0.0002869381297431
   1.3110000e+01   -0.0002859400503181
   1.3115000e+01   -0.0002849393854181
   1.3120000e+01   -0.0002839361663181
   1.3125000e+01   -0.00028293043534310003
   1.3130000e+01   -0.0002819222396681
   1.3135000e+01   -0.0002809116233931
   1.3140000e+01   -0.0002798986171681
   1.3145000e+01   -0.0002788832235181
   1.3150000e+01   -0.0002778654044181
   1.3155000e+01   -0.0002768450868431
   1.3160000e+01   -0.0002758221946431
   1.3165000e+01   -0.0002747966912681
   1.3170000e+01   -0.0002737686026931
   1.3175000e+01   -0.0002727380039431
   1.3180000e+01   -0.00027170498401809997
   1.3185000e+01   -0.00027066961874309996
   1.3190000e+01   -0.00026963196486809996
   1.3195000e+01   -0.0002685920637181
   1.3200000e+01   -0.0002675499362431
   1.3205000e+01   -0.0002665055686431
   1.3210000e+01   -0.0002654589077931
   1.3215000e+01   -0.00026440988631810003
   1.3220000e+01   -0.0002633584741681
   1.3225000e+01   -0.0002623047246431
   1.3230000e+01   -0.00026124877626810004
   1.3235000e+01   -0.00026019079851810005
   1.3240000e+01   -0.00025913091026810004
   1.3245000e+01   -0.00025806912029310006
   1.3250000e+01   -0.00025700532461810007
   1.3255000e+01   -0.00025593935986810006
   1.3260000e+01   -0.00025487108059310006
   1.3265000e+01   -0.00025380041996810005
   1.3270000e+01   -0.00025272740836810003
   1.3275000e+01   -0.00025165214951810004
   1.3280000e+01   -0.00025057477379310006
   1.3285000e+01   -0.00024949539424310005
   1.3290000e+01   -0.00024841408294310006
   1.3295000e+01   -0.00024733087164310007
   1.3300000e+01   -0.0002462457688931001
   1.3305000e+01   -0.00024515878121810007
   1.3310000e+01   -0.00024406992801810008
   1.3315000e+01   -0.0002429792457681001
   1.3320000e+01   -0.0002418867833181001
   1.3325000e+01   -0.0002407925917181001
   1.3330000e+01   -0.0002396967097181001
   1.3335000e+01   -0.0002385991445681001
   1.3340000e+01   -0.0002374998530931001
   1.3345000e+01   -0.0002363987387931001
   1.3350000e+01   -0.00023529568156810008
   1.3355000e+01   -0.00023419059694310007
   1.3360000e+01   -0.00023308349536810006
   1.3365000e+01   -0.00023197450176810005
   1.3370000e+01   -0.00023086381309310005
   1.3375000e+01   -0.00022975161089310007
   1.3380000e+01   -0.00022863798026810008
   1.3385000e+01   -0.00022752288691810007
   1.3390000e+01   -0.00022640622394310008
   1.3395000e+01   -0.00022528789051810008
   1.3400000e+01   -0.00022416784716810007
   1.3405000e+01   -0.00022304611779310008
   1.3410000e+01   -0.0002219227507181001
   1.3415000e+01   -0.0002207977742181001
   1.3420000e+01   -0.00021967117711810008
   1.3425000e+01   -0.00021854292219310008
   1.3430000e+01   -0.00021741297761810008
   1.3435000e+01   -0.00021628134489310008
   1.3440000e+01   -0.00021514806821810008
   1.3445000e+01   -0.00021401322349310007
   1.3450000e+01   -0.00021287689649310008
   1.3455000e+01   -0.00021173916266810009
   1.3460000e+01   -0.0002106000769931001
   1.3465000e+01   -0.0002094596755931001
   1.3470000e+01   -0.0002083179848181001
   1.3475000e+01   -0.00020717503141810012
   1.3480000e+01   -0.00020603084906810012
   1.3485000e+01   -0.00020488547964310011
   1.3490000e+01   -0.00020373897016810012
   1.3495000e+01   -0.00020259136664310012
   1.3500000e+01   -0.00020144270386810012
   1.3505000e+01   -0.0002002929899931001
   1.3510000e+01   -0.00019914219266810011
   1.3515000e+01   -0.0001979902421431001
   1.3520000e+01   -0.0001968370577431001
   1.3525000e+01   -0.0001956825833931001
   1.3530000e+01   -0.0001945268107431001
   1.3535000e+01   -0.00019336978184310012
   1.3540000e+01   -0.00019221157611810013
   1.3545000e+01   -0.00019105228784310014
   1.3550000e+01   -0.00018989200144310013
   1.3555000e+01   -0.00018873077636810014
   1.3560000e+01   -0.00018756864724310014
   1.3565000e+01   -0.00018640562881810013
   1.3570000e+01   -0.00018524171211810014
   1.3575000e+01   -0.00018407685756810014
   1.3580000e+01   -0.00018291100714310014
   1.3585000e+01   -0.00018174412164310015
   1.3590000e+01   -0.00018057621506810016
   1.3595000e+01   -0.00017940734874310015
   1.3600000e+01   -0.00017823758229310014
   1.3605000e+01   -0.00017706692491810015
   1.3610000e+01   -0.00017589533751810013
   1.3615000e+01   -0.00017472279051810013
   1.3620000e+01   -0.00017354932579310013
   1.3625000e+01   -0.00017237506029310013
   1.3630000e+01   -0.00017120011621810013
   1.3635000e+01   -0.00017002452549310014
   1.3640000e+01   -0.00016884818269310013
   1.3645000e+01   -0.00016767089334310012
   1.3650000e+01   -0.0001664925016931001
   1.3655000e+01   -0.0001653130225681001
   1.3660000e+01   -0.0001641326866681001
   1.3665000e+01   -0.0001629518563181001
   1.3670000e+01   -0.0001617708521431001
   1.3675000e+01   -0.0001605897901431001
   1.3680000e+01   -0.0001594085215181001
   1.3685000e+01   -0.00015822670314310009
   1.3690000e+01   -0.0001570439523681001
   1.3695000e+01   -0.00015586000154310008
   1.3700000e+01   -0.0001546747828431001
   1.3705000e+01   -0.0001534884248431001
   1.3710000e+01   -0.00015230119369310008
   1.3715000e+01   -0.00015111342864310007
   1.3720000e+01   -0.00014992549574310008
   1.3725000e+01   -0.0001487377454431001
   1.3730000e+01   -0.0001475504507681001
   1.3735000e+01   -0.0001463637317931001
   1.3740000e+01   -0.0001451775059931001
   1.3745000e+01   -0.0001439915057431001
   1.3750000e+01   -0.0001428053690931001
   1.3755000e+01   -0.00014161876664310012
   1.3760000e+01   -0.0001404315051931001
   1.3765000e+01   -0.00013924355949310012
   1.3770000e+01   -0.0001380550172681001
   1.3775000e+01   -0.00013686596559310012
   1.3780000e+01   -0.00013567638321810012
   1.3785000e+01   -0.00013448610896810013
   1.3790000e+01   -0.00013329491616810013
   1.3795000e+01   -0.00013210265524310014
   1.3800000e+01   -0.00013090937951810015
   1.3805000e+01   -0.00012971537804310016
   1.3810000e+01   -0.00012852109646810015
   1.3815000e+01   -0.00012732699119310015
   1.3820000e+01   -0.00012613339251810014
   1.3825000e+01   -0.00012494043634310014
   1.3830000e+01   -0.00012374807624310015
   1.3835000e+01   -0.00012255614184310016
   1.3840000e+01   -0.00012136439694310016
   1.3845000e+01   -0.00012017257804310016
   1.3850000e+01   -0.00011898043149310016
   1.3855000e+01   -0.00011778777376810016
   1.3860000e+01   -0.00011659456679310015
   1.3865000e+01   -0.00011540096189310015
   1.3870000e+01   -0.00011420726211810015
   1.3875000e+01   -0.00011301379741810015
   1.3880000e+01   -0.00011182077204310016
   1.3885000e+01   -0.00011062817676810016
   1.3890000e+01   -0.00010943582234310016
   1.3895000e+01   -0.00010824346641810016
   1.3900000e+01   -0.00010705094469310015
   1.3905000e+01   -0.00010585823019310015
   1.3910000e+01   -0.00010466541251810015
   1.3915000e+01   -0.00010347264099310015
   1.3920000e+01   -0.00010228007294310016
   1.3925000e+01   -0.00010108783669310016
   1.3930000e+01   -9.989600479310016e-5
   1.3935000e+01   -9.870458244310016e-5
   1.3940000e+01   -9.751351994310016e-5
   1.3945000e+01   -9.632274451810016e-5
   1.3950000e+01   -9.513219591810015e-5
   1.3955000e+01   -9.394185356810015e-5
   1.3960000e+01   -9.275174864310016e-5
   1.3965000e+01   -9.156195496810016e-5
   1.3970000e+01   -9.037255771810016e-5
   1.3975000e+01   -8.918361254310016e-5
   1.3980000e+01   -8.799511724310016e-5
   1.3985000e+01   -8.680701279310015e-5
   1.3990000e+01   -8.561921381810016e-5
   1.3995000e+01   -8.443165194310015e-5
   1.4000000e+01   -8.324430964310015e-5
   1.4005000e+01   -8.205723004310015e-5
   1.4010000e+01   -8.087050204310014e-5
   1.4015000e+01   -7.968423156810015e-5
   1.4020000e+01   -7.849851414310014e-5
   1.4025000e+01   -7.731341971810014e-5
   1.4030000e+01   -7.612899214310014e-5
   1.4035000e+01   -7.494525769310014e-5
   1.4040000e+01   -7.376223151810014e-5
   1.4045000e+01   -7.257991309310015e-5
   1.4050000e+01   -7.139827519310016e-5
   1.4055000e+01   -7.021726446810015e-5
   1.4060000e+01   -6.903682611810015e-5
   1.4065000e+01   -6.785694106810015e-5
   1.4070000e+01   -6.667764509310015e-5
   1.4075000e+01   -6.549900949310016e-5
   1.4080000e+01   -6.432109466810015e-5
   1.4085000e+01   -6.314391284310016e-5
   1.4090000e+01   -6.196743366810015e-5
   1.4095000e+01   -6.0791633893100155e-5
   1.4100000e+01   -5.9616554468100156e-5
   1.4105000e+01   -5.8442317743100156e-5
   1.4110000e+01   -5.726908509310016e-5
   1.4115000e+01   -5.609697974310016e-5
   1.4120000e+01   -5.492602479310016e-5
   1.4125000e+01   -5.375613449310016e-5
   1.4130000e+01   -5.258716016810016e-5
   1.4135000e+01   -5.141895734310016e-5
   1.4140000e+01   -5.025143061810016e-5
   1.4145000e+01   -4.9084534668100165e-5
   1.4150000e+01   -4.791824706810017e-5
   1.4155000e+01   -4.675254979310017e-5
   1.4160000e+01   -4.5587443143100166e-5
   1.4165000e+01   -4.4422982368100165e-5
   1.4170000e+01   -4.325930451810016e-5
   1.4175000e+01   -4.209661761810016e-5
   1.4180000e+01   -4.093514741810016e-5
   1.4185000e+01   -3.977506159310016e-5
   1.4190000e+01   -3.861640521810016e-5
   1.4195000e+01   -3.745907981810016e-5
   1.4200000e+01   -3.630287941810016e-5
   1.4205000e+01   -3.5147570018100166e-5
   1.4210000e+01   -3.3992981143100165e-5
   1.4215000e+01   -3.2839075818100166e-5
   1.4220000e+01   -3.168597254310016e-5
   1.4225000e+01   -3.0533906843100165e-5
   1.4230000e+01   -2.9383143743100166e-5
   1.4235000e+01   -2.8233877718100165e-5
   1.4240000e+01   -2.7086162693100163e-5
   1.4245000e+01   -2.5939897493100163e-5
   1.4250000e+01   -2.4794868393100162e-5
   1.4255000e+01   -2.3650832893100164e-5
   1.4260000e+01   -2.2507616043100165e-5
   1.4265000e+01   -2.1365182593100165e-5
   1.4270000e+01   -2.0223653918100166e-5
   1.4275000e+01   -1.9083259793100166e-5
   1.4280000e+01   -1.7944243968100167e-5
   1.4285000e+01   -1.680676789310017e-5
   1.4290000e+01   -1.567086211810017e-5
   1.4295000e+01   -1.4536445718100169e-5
   1.4300000e+01   -1.3403387918100169e-5
   1.4305000e+01   -1.2271565768100168e-5
   1.4310000e+01   -1.1140894568100169e-5
   1.4315000e+01   -1.0011341193100168e-5
   1.4320000e+01   -8.882934318100168e-6
   1.4325000e+01   -7.755763643100168e-6
   1.4330000e+01   -6.629952493100168e-6
   1.4335000e+01   -5.505612668100168e-6
   1.4340000e+01   -4.382814743100168e-6
   1.4345000e+01   -3.261595343100168e-6
   1.4350000e+01   -2.141983743100168e-6
   1.4355000e+01   -1.024008668100168e-6
   1.4360000e+01   9.233218189983222e-8
   1.4365000e+01   1.2071169568998323e-6
   1.4370000e+01   2.320515406899832e-6
   1.4375000e+01   3.4327460068998323e-6
   1.4380000e+01   4.543979681899832e-6
   1.4385000e+01   5.654229881899832e-6
   1.4390000e+01   6.7632890818998325e-6
   1.4395000e+01   7.870762881899832e-6
   1.4400000e+01   8.976206081899833e-6
   1.4405000e+01   1.0079302856899833e-5
   1.4410000e+01   1.1179999231899834e-5
   1.4415000e+01   1.2278518081899833e-5
   1.4420000e+01   1.3375252206899833e-5
   1.4425000e+01   1.4470594856899833e-5
   1.4430000e+01   1.5564791781899833e-5
   1.4435000e+01   1.665787660689983e-5
   1.4440000e+01   1.774970145689983e-5
   1.4445000e+01   1.884002908189983e-5
   1.4450000e+01   1.9928633456899832e-5
   1.4455000e+01   2.1015365281899832e-5
   1.4460000e+01   2.2100165706899833e-5
   1.4465000e+01   2.318303883189983e-5
   1.4470000e+01   2.4264009131899833e-5
   1.4475000e+01   2.5343093256899833e-5
   1.4480000e+01   2.6420306406899833e-5
   1.4485000e+01   2.7495701806899833e-5
   1.4490000e+01   2.8569411931899833e-5
   1.4495000e+01   2.9641644606899833e-5
   1.4500000e+01   3.071260950689983e-5
   1.4505000e+01   3.1782401856899836e-5
   1.4510000e+01   3.285091163189984e-5
   1.4515000e+01   3.391782373189984e-5
   1.4520000e+01   3.4982728056899834e-5
   1.4525000e+01   3.604529455689983e-5
   1.4530000e+01   3.710542193189983e-5
   1.4535000e+01   3.816327115689983e-5
   1.4540000e+01   3.921915625689983e-5
   1.4545000e+01   4.0273353831899834e-5
   1.4550000e+01   4.1325948631899835e-5
   1.4555000e+01   4.237680860689984e-5
   1.4560000e+01   4.342569173189984e-5
   1.4565000e+01   4.447240028189984e-5
   1.4570000e+01   4.551688218189984e-5
   1.4575000e+01   4.655923350689984e-5
   1.4580000e+01   4.7599623006899836e-5
   1.4585000e+01   4.8638192231899836e-5
   1.4590000e+01   4.9674983506899835e-5
   1.4595000e+01   5.070992745689983e-5
   1.4600000e+01   5.1742890231899835e-5
   1.4605000e+01   5.277374920689983e-5
   1.4610000e+01   5.3802453306899834e-5
   1.4615000e+01   5.4829037656899835e-5
   1.4620000e+01   5.585359070689983e-5
   1.4625000e+01   5.687619755689983e-5
   1.4630000e+01   5.789689143189983e-5
   1.4635000e+01   5.891563475689983e-5
   1.4640000e+01   5.9932332681899825e-5
   1.4645000e+01   6.094686618189982e-5
   1.4650000e+01   6.195912720689982e-5
   1.4655000e+01   6.296904523189982e-5
   1.4660000e+01   6.397660335689983e-5
   1.4665000e+01   6.498184120689983e-5
   1.4670000e+01   6.598483648189983e-5
   1.4675000e+01   6.698566333189984e-5
   1.4680000e+01   6.798434623189983e-5
   1.4685000e+01   6.898084103189984e-5
   1.4690000e+01   6.997506050689983e-5
   1.4695000e+01   7.096692988189983e-5
   1.4700000e+01   7.195643600689983e-5
   1.4705000e+01   7.294363888189983e-5
   1.4710000e+01   7.392863990689982e-5
   1.4715000e+01   7.491152768189982e-5
   1.4720000e+01   7.589233195689982e-5
   1.4725000e+01   7.687100753189982e-5
   1.4730000e+01   7.784745095689982e-5
   1.4735000e+01   7.882153623189982e-5
   1.4740000e+01   7.979315160689982e-5
   1.4745000e+01   8.076222653189982e-5
   1.4750000e+01   8.172874805689982e-5
   1.4755000e+01   8.269276738189982e-5
   1.4760000e+01   8.365438883189982e-5
   1.4765000e+01   8.461373278189981e-5
   1.4770000e+01   8.557088130689981e-5
   1.4775000e+01   8.65258366818998e-5
   1.4780000e+01   8.74785219318998e-5
   1.4785000e+01   8.84288250818998e-5
   1.4790000e+01   8.93766586818998e-5
   1.4795000e+01   9.03219981568998e-5
   1.4800000e+01   9.12648794318998e-5
   1.4805000e+01   9.220536245689981e-5
   1.4810000e+01   9.314348548189981e-5
   1.4815000e+01   9.407923653189981e-5
   1.4820000e+01   9.501255743189981e-5
   1.4825000e+01   9.594337858189981e-5
   1.4830000e+01   9.687166278189981e-5
   1.4835000e+01   9.779742690689982e-5
   1.4840000e+01   9.872072575689981e-5
   1.4845000e+01   9.964161235689981e-5
   1.4850000e+01   0.00010056010240689981
   1.4855000e+01   0.00010147615923189982
   1.4860000e+01   0.00010238970128189982
   1.4865000e+01   0.00010330063085689982
   1.4870000e+01   0.00010420887688189982
   1.4875000e+01   0.00010511442785689982
   1.4880000e+01   0.00010601732578189983
   1.4885000e+01   0.00010691761840689983
   1.4890000e+01   0.00010781530788189984
   1.4895000e+01   0.00010871034413189984
   1.4900000e+01   0.00010960267615689984
   1.4905000e+01   0.00011049232500689984
   1.4910000e+01   0.00011137942120689984
   1.4915000e+01   0.00011226416990689984
   1.4920000e+01   0.00011314674940689983
   1.4925000e+01   0.00011402718903189983
   1.4930000e+01   0.00011490529390689983
   1.4935000e+01   0.00011578067260689983
   1.4940000e+01   0.00011665287315689983
   1.4945000e+01   0.00011752156733189983
   1.4950000e+01   0.00011838668823189983
   1.4955000e+01   0.00011924844903189983
   1.4960000e+01   0.00012010723710689984
   1.4965000e+01   0.00012096344345689984
   1.4970000e+01   0.00012181731283189983
   1.4975000e+01   0.00012266887760689984
   1.4980000e+01   0.00012351798945689984
   1.4985000e+01   0.00012436442040689985
   1.4990000e+01   0.00012520798680689985
   1.4995000e+01   0.00012604865075689986
   1.5000000e+01   0.00012688655953189986
   1.5005000e+01   0.00012772199700689986
   1.5010000e+01   0.00012855525515689985
   1.5015000e+01   0.00012938647885689985
   1.5020000e+01   0.00013021556315689984
   1.5025000e+01   0.00013104216445689984
   1.5030000e+01   0.00013186583185689985
   1.5035000e+01   0.00013268620125689984
   1.5040000e+01   0.00013350315373189984
   1.5045000e+01   0.00013431685020689983
   1.5050000e+01   0.00013512762205689983
   1.5055000e+01   0.00013593578650689982
   1.5060000e+01   0.0001367414997068998
   1.5065000e+01   0.00013754472213189982
   1.5070000e+01   0.00013834528805689982
   1.5075000e+01   0.0001391430137068998
   1.5080000e+01   0.0001399377794318998
   1.5085000e+01   0.00014072955513189979
   1.5090000e+01   0.0001415183716318998
   1.5095000e+01   0.0001423042651818998
   1.5100000e+01   0.0001430872336818998
   1.5105000e+01   0.0001438672314068998
   1.5110000e+01   0.0001446441997318998
   1.5115000e+01   0.0001454181070318998
   1.5120000e+01   0.0001461889686818998
   1.5125000e+01   0.0001469568361818998
   1.5130000e+01   0.00014772176890689978
   1.5135000e+01   0.00014848381308189978
   1.5140000e+01   0.0001492429990818998
   1.5145000e+01   0.0001499993456568998
   1.5150000e+01   0.0001507528539568998
   1.5155000e+01   0.0001515034922568998
   1.5160000e+01   0.00015225119158189982
   1.5165000e+01   0.0001529958684318998
   1.5170000e+01   0.00015373746678189982
   1.5175000e+01   0.00015447599190689982
   1.5180000e+01   0.00015521151185689982
   1.5185000e+01   0.00015594412355689983
   1.5190000e+01   0.00015667390238189983
   1.5195000e+01   0.00015740086243189983
   1.5200000e+01   0.00015812494590689984
   1.5205000e+01   0.00015884604365689985
   1.5210000e+01   0.00015956403720689984
   1.5215000e+01   0.00016027884730689983
   1.5220000e+01   0.00016099047098189982
   1.5225000e+01   0.0001616989868068998
   1.5230000e+01   0.0001624045170068998
   1.5235000e+01   0.0001631071608318998
   1.5240000e+01   0.0001638069383068998
   1.5245000e+01   0.0001645037808318998
   1.5250000e+01   0.0001651975729068998
   1.5255000e+01   0.0001658882151068998
   1.5260000e+01   0.0001665756686068998
   1.5265000e+01   0.00016725995958189979
   1.5270000e+01   0.00016794115175689978
   1.5275000e+01   0.0001686193140818998
   1.5280000e+01   0.0001692945028068998
   1.5285000e+01   0.00016996675503189981
   1.5290000e+01   0.00017063608303189982
   1.5295000e+01   0.00017130246880689982
   1.5300000e+01   0.00017196586475689982
   1.5305000e+01   0.00017262620038189982
   1.5310000e+01   0.0001732833922068998
   1.5315000e+01   0.0001739373623068998
   1.5320000e+01   0.0001745880714818998
   1.5325000e+01   0.0001752355539318998
   1.5330000e+01   0.0001758799194318998
   1.5335000e+01   0.0001765212985318998
   1.5340000e+01   0.0001771597515818998
   1.5345000e+01   0.0001777952048318998
   1.5350000e+01   0.0001784274704318998
   1.5355000e+01   0.0001790563495068998
   1.5360000e+01   0.0001796817556568998
   1.5365000e+01   0.00018030378078189978
   1.5370000e+01   0.00018092266405689977
   1.5375000e+01   0.00018153868550689978
   1.5380000e+01   0.00018215204570689979
   1.5385000e+01   0.0001827627921068998
   1.5390000e+01   0.0001833708189818998
   1.5395000e+01   0.0001839759272068998
   1.5400000e+01   0.0001845779050568998
   1.5405000e+01   0.0001851765907318998
   1.5410000e+01   0.0001857718956318998
   1.5415000e+01   0.0001863637903568998
   1.5420000e+01   0.00018695227075689978
   1.5425000e+01   0.00018753732510689978
   1.5430000e+01   0.00018811891775689978
   1.5435000e+01   0.00018869699715689977
   1.5440000e+01   0.00018927152990689977
   1.5445000e+01   0.00018984255035689977
   1.5450000e+01   0.00019041019615689977
   1.5455000e+01   0.00019097469250689976
   1.5460000e+01   0.00019153627433189974
   1.5465000e+01   0.00019209508543189974
   1.5470000e+01   0.00019265112088189974
   1.5475000e+01   0.00019320424818189974
   1.5480000e+01   0.00019375428110689975
   1.5485000e+01   0.00019430104818189976
   1.5490000e+01   0.00019484442210689976
   1.5495000e+01   0.00019538432200689977
   1.5500000e+01   0.00019592071620689976
   1.5505000e+01   0.00019645363400689977
   1.5510000e+01   0.00019698317083189975
   1.5515000e+01   0.00019750946830689975
   1.5520000e+01   0.00019803266808189976
   1.5525000e+01   0.00019855285880689976
   1.5530000e+01   0.00019907004248189976
   1.5535000e+01   0.00019958413650689974
   1.5540000e+01   0.00020009501163189975
   1.5545000e+01   0.00020060255050689975
   1.5550000e+01   0.00020110669860689976
   1.5555000e+01   0.00020160747742689977
   1.5560000e+01   0.00020210494929689976
   1.5565000e+01   0.00020259915718939976
   1.5570000e+01   0.00020309008344939977
   1.5575000e+01   0.00020357765700189978
   1.5580000e+01   0.00020406180120439976
   1.5585000e+01   0.00020454248571939975
   1.5590000e+01   0.00020501974661689976
   1.5595000e+01   0.00020549366499439975
   1.5600000e+01   0.00020596432477939974
   1.5605000e+01   0.00020643178296939974
   1.5610000e+01   0.00020689607040939975
   1.5615000e+01   0.00020735721074939976
   1.5620000e+01   0.00020781522870189976
   1.5625000e+01   0.00020827013381439976
   1.5630000e+01   0.00020872189616439975
   1.5635000e+01   0.00020917044225439975
   1.5640000e+01   0.00020961568138939976
   1.5645000e+01   0.00021005754581689975
   1.5650000e+01   0.00021049601719689973
   1.5655000e+01   0.00021093112382939973
   1.5660000e+01   0.00021136291635939972
   1.5665000e+01   0.0002117914440893997
   1.5670000e+01   0.0002122167454768997
   1.5675000e+01   0.0002126388466543997
   1.5680000e+01   0.0002130577578018997
   1.5685000e+01   0.00021347347178939972
   1.5690000e+01   0.0002138859753743997
   1.5695000e+01   0.00021429526586939972
   1.5700000e+01   0.00021470135026939972
   1.5705000e+01   0.00021510421861939972
   1.5710000e+01   0.0002155038172993997
   1.5715000e+01   0.0002159000594143997
   1.5720000e+01   0.0002162928803618997
   1.5725000e+01   0.0002166823041843997
   1.5730000e+01   0.0002170684696643997
   1.5735000e+01   0.00021745158569439968
   1.5740000e+01   0.00021783182524439968
   1.5745000e+01   0.00021820920416439968
   1.5750000e+01   0.0002185835102093997
   1.5755000e+01   0.00021895433522189968
   1.5760000e+01   0.00021932121407439967
   1.5765000e+01   0.00021968381145439966
   1.5770000e+01   0.00022004206701939965
   1.5775000e+01   0.00022039623503439964
   1.5780000e+01   0.00022074681229939964
   1.5785000e+01   0.00022109439215439963
   1.5790000e+01   0.00022143949403939962
   1.5795000e+01   0.00022178241388189963
   1.5800000e+01   0.00022212313653439963
   1.5805000e+01   0.00022246134229439964
   1.5810000e+01   0.00022279651511189963
   1.5815000e+01   0.00022312812386689963
   1.5820000e+01   0.00022345581333939964
   1.5825000e+01   0.00022377952439189963
   1.5830000e+01   0.00022409948222439964
   1.5835000e+01   0.00022441605441939964
   1.5840000e+01   0.00022472955668939964
   1.5845000e+01   0.00022504011536189964
   1.5850000e+01   0.00022534765093939964
   1.5855000e+01   0.00022565196374689964
   1.5860000e+01   0.00022595285028939965
   1.5865000e+01   0.00022625018659189964
   1.5870000e+01   0.00022654395448939963
   1.5875000e+01   0.00022683422027439964
   1.5880000e+01   0.00022712108891689964
   1.5885000e+01   0.00022740465617189965
   1.5890000e+01   0.00022768497479189965
   1.5895000e+01   0.00022796204591689966
   1.5900000e+01   0.00022823583959689965
   1.5905000e+01   0.00022850633503439965
   1.5910000e+01   0.00022877355775439965
   1.5915000e+01   0.00022903759003439964
   1.5920000e+01   0.00022929854619939963
   1.5925000e+01   0.00022955652541939962
   1.5930000e+01   0.0002298115670493996
   1.5935000e+01   0.0002300636303943996
   1.5940000e+01   0.0002303126059718996
   1.5945000e+01   0.0002305583490968996
   1.5950000e+01   0.0002308007180718996
   1.5955000e+01   0.0002310396021418996
   1.5960000e+01   0.0002312749355893996
   1.5965000e+01   0.0002315067043093996
   1.5970000e+01   0.0002317349501543996
   1.5975000e+01   0.0002319597686543996
   1.5980000e+01   0.00023218129103939962
   1.5985000e+01   0.00023239964886439962
   1.5990000e+01   0.0002326149319393996
   1.5995000e+01   0.00023282715725439962
   1.6000000e+01   0.00023303626296439963
   1.6005000e+01   0.00023324213018689963
   1.6010000e+01   0.00023344462514189964
   1.6015000e+01   0.00023364364782689964
   1.6020000e+01   0.00023383916712189963
   1.6025000e+01   0.00023403122194439962
   1.6030000e+01   0.00023421988679939962
   1.6035000e+01   0.00023440522939189963
   1.6040000e+01   0.00023458729690689964
   1.6045000e+01   0.00023476614086689963
   1.6050000e+01   0.00023494184991689962
   1.6055000e+01   0.00023511454334189963
   1.6060000e+01   0.00023528430565439962
   1.6065000e+01   0.00023545109755189963
   1.6070000e+01   0.00023561471455689964
   1.6075000e+01   0.00023577484354189964
   1.6080000e+01   0.00023593119958939966
   1.6085000e+01   0.00023608366534689967
   1.6090000e+01   0.00023623234976189966
   1.6095000e+01   0.00023637753373439966
   1.6100000e+01   0.00023651953730439965
   1.6105000e+01   0.00023665858316939965
   1.6110000e+01   0.00023679472731439965
   1.6115000e+01   0.00023692788881439966
   1.6120000e+01   0.00023705795699189967
   1.6125000e+01   0.00023718490786689967
   1.6130000e+01   0.00023730885084439967
   1.6135000e+01   0.00023742996737939967
   1.6140000e+01   0.00023754837630439967
   1.6145000e+01   0.00023766401579939966
   1.6150000e+01   0.00023777662822189967
   1.6155000e+01   0.00023788586902689967
   1.6160000e+01   0.00023799147622439966
   1.6165000e+01   0.00023809339426939967
   1.6170000e+01   0.00023819178085189967
   1.6175000e+01   0.00023828690719189966
   1.6180000e+01   0.00023837902446939967
   1.6185000e+01   0.00023846827153939967
   1.6190000e+01   0.00023855465671439966
   1.6195000e+01   0.00023863809832689966
   1.6200000e+01   0.00023871848424689965
   1.6205000e+01   0.00023879571554689965
   1.6210000e+01   0.00023886972069689965
   1.6215000e+01   0.00023894044772439964
   1.6220000e+01   0.00023900785363689965
   1.6225000e+01   0.00023907190826689964
   1.6230000e+01   0.00023913261398939963
   1.6235000e+01   0.00023919002504189964
   1.6240000e+01   0.00023924424581939964
   1.6245000e+01   0.00023929540047689965
   1.6250000e+01   0.00023934358575439964
   1.6255000e+01   0.00023938883046564964
   1.6260000e+01   0.00023943108251564963
   1.6265000e+01   0.00023947023196514963
   1.6270000e+01   0.00023950616313814962
   1.6275000e+01   0.00023953881396589962
   1.6280000e+01   0.0002395682132356496
   1.6285000e+01   0.0002395944748346496
   1.6290000e+01   0.0002396177504313996
   1.6295000e+01   0.00023963816383414961
   1.6300000e+01   0.0002396557583641496
   1.6305000e+01   0.0002396704797618996
   1.6310000e+01   0.0002396821986031496
   1.6315000e+01   0.0002396907605368996
   1.6320000e+01   0.0002396960445458496
   1.6325000e+01   0.00023969800452311712
   1.6330000e+01  0.00023969667210725962
   1.6335000e+01  0.00023969212009833463
   1.6340000e+01  0.00023968441637733462
   1.6345000e+01  0.00023967360708033463
   1.6350000e+01  0.00023965974005158463
   1.6355000e+01  0.00023964289790258462
   1.6360000e+01  0.00023962319275258462
   1.6365000e+01  0.00023960070212408462
   1.6370000e+01  0.00023957538069633463
   1.6375000e+01  0.00023954701907808463
   1.6380000e+01  0.00023951529999133463
   1.6385000e+01  0.00023947993464208464
   1.6390000e+01  0.00023944080189133464
   1.6395000e+01  0.00023939800879083464
   1.6400000e+01  0.00023935184509058465
   1.6405000e+01  0.00023930267316408464
   1.6410000e+01  0.00023925082492908464
   1.6415000e+01  0.00023919654891658464
   1.6420000e+01  0.00023913999649408462
   1.6425000e+01  0.00023908121006158462
   1.6430000e+01  0.0002390200981290846
   1.6435000e+01  0.0002389564235465846
   1.6440000e+01  0.00023888984680408459
   1.6445000e+01  0.00023882003540658459
   1.6450000e+01  0.00023874679400158458
   1.6455000e+01  0.0002386701389390846
   1.6460000e+01  0.0002385902700090846
   1.6465000e+01  0.0002385074586815846
   1.6470000e+01  0.0002384219180215846
   1.6475000e+01  0.00023833371579658463
   1.6480000e+01  0.00023824276075908463
   1.6485000e+01  0.00023814886137908463
   1.6490000e+01  0.00023805183023658464
   1.6495000e+01  0.00023795158423908465
   1.6500000e+01  0.00023784818584658465
   1.6505000e+01  0.00023774180059408465
   1.6510000e+01  0.00023763259941658466
   1.6515000e+01  0.00023752066998158466
   1.6520000e+01  0.00023740598980658467
   1.6525000e+01  0.00023728846683908466
   1.6530000e+01  0.00023716800946658466
   1.6535000e+01  0.00023704457720408466
   1.6540000e+01  0.00023691818540158465
   1.6545000e+01  0.00023678887059408465
   1.6550000e+01  0.00023665664572408465
   1.6555000e+01  0.00023652147718158465
   1.6560000e+01  0.00023638330020908465
   1.6565000e+01  0.00023624206369658463
   1.6570000e+01  0.00023609777437408463
   1.6575000e+01  0.00023595050969908463
   1.6580000e+01  0.00023580038928908462
   1.6585000e+01  0.00023564752158908463
   1.6590000e+01  0.00023549195881408463
   1.6595000e+01  0.00023533368776408462
   1.6600000e+01  0.00023517265695908462
   1.6605000e+01  0.00023500881305908461
   1.6610000e+01  0.0002348421201115846
   1.6615000e+01  0.0002346725622540846
   1.6620000e+01  0.0002345001502665846
   1.6625000e+01  0.00023432494090158462
   1.6630000e+01  0.00023414704870658462
   1.6635000e+01  0.0002339666169265846
   1.6640000e+01  0.0002337837379690846
   1.6645000e+01  0.0002335983618915846
   1.6650000e+01  0.0002334102613390846
   1.6655000e+01  0.0002332190974590846
   1.6660000e+01  0.00023302456416408459
   1.6665000e+01  0.0002328265306315846
   1.6670000e+01  0.0002326251007865846
   1.6675000e+01  0.0002324205643890846
   1.6680000e+01  0.0002322132834890846
   1.6685000e+01  0.00023200358732158462
   1.6690000e+01  0.00023179171914158462
   1.6695000e+01  0.00023157782345908462
   1.6700000e+01  0.00023136193559158462
   1.6705000e+01  0.00023114395772908463
   1.6710000e+01  0.00023092364750908464
   1.6715000e+01  0.00023070066110658465
   1.6720000e+01  0.00023047466213658465
   1.6725000e+01  0.00023024545133908464
   1.6730000e+01  0.00023001304091658465
   1.6735000e+01  0.00022977762647658466
   1.6740000e+01  0.00022953947717658466
   1.6745000e+01  0.00022929881264158465
   1.6750000e+01  0.00022905573014908465
   1.6755000e+01  0.00022881020338408464
   1.6760000e+01  0.00022856213126658465
   1.6765000e+01  0.00022831139808158465
   1.6770000e+01  0.00022805791759408466
   1.6775000e+01  0.00022780165575658466
   1.6780000e+01  0.00022754263780908467
   1.6785000e+01  0.00022728094249658466
   1.6790000e+01  0.00022701668122658466
   1.6795000e+01  0.00022674996312158465
   1.6800000e+01  0.00022648085576158466
   1.6805000e+01  0.00022620935720158466
   1.6810000e+01  0.00022593539249658466
   1.6815000e+01  0.00022565883962408467
   1.6820000e+01  0.00022537957861658466
   1.6825000e+01  0.00022509754542408464
   1.6830000e+01  0.00022481276455908465
   1.6835000e+01  0.00022452534144158466
   1.6840000e+01  0.00022423541601158467
   1.6845000e+01  0.00022394310097158468
   1.6850000e+01  0.00022364843807658468
   1.6855000e+01  0.00022335139610908468
   1.6860000e+01  0.00022305190589908469
   1.6865000e+01  0.00022274990172408467
   1.6870000e+01  0.00022244534153658467
   1.6875000e+01  0.00022213820765908468
   1.6880000e+01  0.00022182851047658467
   1.6885000e+01  0.00022151630710658468
   1.6890000e+01  0.0002212017190715847
   1.6895000e+01  0.0002208849175390847
   1.6900000e+01  0.0002205660572615847
   1.6905000e+01  0.00022024517603408468
   1.6910000e+01  0.0002199221144440847
   1.6915000e+01  0.00021959652070158468
   1.6920000e+01  0.00021926796916908468
   1.6925000e+01  0.00021893615513158467
   1.6930000e+01  0.00021860107344408468
   1.6935000e+01  0.00021826308018908468
   1.6940000e+01  0.00021792278493908468
   1.6945000e+01  0.00021758080756158468
   1.6950000e+01  0.00021723751124658468
   1.6955000e+01  0.00021689284312908467
   1.6960000e+01  0.00021654636171408465
   1.6965000e+01  0.00021619743756158465
   1.6970000e+01  0.00021584552953158464
   1.6975000e+01  0.00021549040267158465
   1.6980000e+01  0.00021513218598408465
   1.6985000e+01  0.00021477125759908464
   1.6990000e+01  0.00021440803841158465
   1.6995000e+01  0.00021404281154158465
   1.7000000e+01  0.00021367564865158465
   1.7005000e+01  0.00021330645337158465
   1.7010000e+01  0.00021293507335908466
   1.7015000e+01  0.00021256140816658465
   1.7020000e+01  0.00021218545353158465
   1.7025000e+01  0.00021180726698408463
   1.7030000e+01  0.00021142689135158463
   1.7035000e+01  0.00021104429702408463
   1.7040000e+01  0.00021065938303908464
   1.7045000e+01  0.00021027203016908463
   1.7050000e+01  0.00020988216503908463
   1.7055000e+01  0.00020948979609158462
   1.7060000e+01  0.00020909500986658462
   1.7065000e+01  0.0002086979409465846
   1.7070000e+01  0.0002082987342965846
   1.7075000e+01  0.0002078975114790846
   1.7080000e+01  0.00020749434555158462
   1.7085000e+01  0.0002070892481990846
   1.7090000e+01  0.0002066821747465846
   1.7095000e+01  0.0002062730501690846
   1.7100000e+01  0.0002058618056665846
   1.7105000e+01  0.0002054484026315846
   1.7110000e+01  0.0002050328297090846
   1.7115000e+01  0.0002046150846315846
   1.7120000e+01  0.0002041951635290846
   1.7125000e+01  0.0002037730613365846
   1.7130000e+01  0.0002033487652190846
   1.7135000e+01  0.0002029222316715846
   1.7140000e+01  0.0002024933682215846
   1.7145000e+01  0.0002020620517540846
   1.7150000e+01  0.00020162818834658461
   1.7155000e+01  0.00020119177988658463
   1.7160000e+01  0.00020075294964658463
   1.7165000e+01  0.00020031190507658462
   1.7170000e+01  0.00019986886099658462
   1.7175000e+01  0.00019942397566408463
   1.7180000e+01  0.00019897734077908464
   1.7185000e+01  0.00019852901919158465
   1.7190000e+01  0.00019807908016908465
   1.7195000e+01  0.00019762758468158467
   1.7200000e+01  0.00019717452434158466
   1.7205000e+01  0.00019671977080158465
   1.7210000e+01  0.00019626309410658465
   1.7215000e+01  0.00019580425264658467
   1.7220000e+01  0.00019534309593408465
   1.7225000e+01  0.00019487961254158466
   1.7230000e+01  0.00019441390187158465
   1.7235000e+01  0.00019394610100908466
   1.7240000e+01  0.00019347631655908465
   1.7245000e+01  0.00019300459642658464
   1.7250000e+01  0.00019253094756658463
   1.7255000e+01  0.00019205537935158463
   1.7260000e+01  0.00019157793988158463
   1.7265000e+01  0.00019109872013658462
   1.7270000e+01  0.00019061782282908462
   1.7275000e+01  0.00019013531445408462
   1.7280000e+01  0.0001896511873465846
   1.7285000e+01  0.00018916535054908462
   1.7290000e+01  0.0001886776514215846
   1.7295000e+01  0.0001881879160490846
   1.7300000e+01  0.0001876959932840846
   1.7305000e+01  0.0001872017918065846
   1.7310000e+01  0.0001867053027790846
   1.7315000e+01  0.0001862066010790846
   1.7320000e+01  0.0001857058238290846
   1.7325000e+01  0.00018520313502908462
   1.7330000e+01  0.00018469868705408462
   1.7335000e+01  0.00018419258442908462
   1.7340000e+01  0.00018368485700408463
   1.7345000e+01  0.00018317545950408462
   1.7350000e+01  0.0001826643116790846
   1.7355000e+01  0.0001821513678290846
   1.7360000e+01  0.0001816366769540846
   1.7365000e+01  0.00018112039352908462
   1.7370000e+01  0.00018060272735408463
   1.7375000e+01  0.00018008385790408462
   1.7380000e+01  0.00017956385810408463
   1.7385000e+01  0.00017904266387908462
   1.7390000e+01  0.00017852009835408463
   1.7395000e+01  0.00017799593200408463
   1.7400000e+01  0.00017746994697908464
   1.7405000e+01  0.00017694197855408464
   1.7410000e+01  0.00017641192337908464
   1.7415000e+01  0.00017587972265408465
   1.7420000e+01  0.00017534534130408464
   1.7425000e+01  0.00017480876617908465
   1.7430000e+01  0.00017427003067908465
   1.7435000e+01  0.00017372924485408464
   1.7440000e+01  0.00017318659425408464
   1.7445000e+01  0.00017264229047908464
   1.7450000e+01  0.00017209649717908463
   1.7455000e+01  0.00017154927720408464
   1.7460000e+01  0.00017100059142908464
   1.7465000e+01  0.00017045034667908463
   1.7470000e+01  0.00016989846392908463
   1.7475000e+01  0.00016934492792908463
   1.7480000e+01  0.00016878978807908463
   1.7485000e+01  0.00016823310887908462
   1.7490000e+01  0.0001676749049290846
   1.7495000e+01  0.0001671151122540846
   1.7500000e+01  0.0001665536258040846
   1.7505000e+01  0.0001659903829540846
   1.7510000e+01  0.0001654254318540846
   1.7515000e+01  0.0001648589286290846
   1.7520000e+01  0.0001642910588790846
   1.7525000e+01  0.0001637219356290846
   1.7530000e+01  0.0001631515413790846
   1.7535000e+01  0.0001625797465040846
   1.7540000e+01  0.0001620063864540846
   1.7545000e+01  0.0001614313507040846
   1.7550000e+01  0.00016085463430408461
   1.7555000e+01  0.00016027632502908462
   1.7560000e+01  0.0001596965384040846
   1.7565000e+01  0.0001591153490790846
   1.7570000e+01  0.0001585327696290846
   1.7575000e+01  0.0001579487890040846
   1.7580000e+01  0.0001573634358540846
   1.7585000e+01  0.00015677681447908462
   1.7590000e+01  0.00015618908402908463
   1.7595000e+01  0.00015560039255408463
   1.7600000e+01  0.00015501080562908462
   1.7605000e+01  0.00015442026895408462
   1.7610000e+01  0.0001538286207790846
   1.7615000e+01  0.0001532356422040846
   1.7620000e+01  0.0001526411173040846
   1.7625000e+01  0.0001520448774790846
   1.7630000e+01  0.0001514468223290846
   1.7635000e+01  0.0001508469279290846
   1.7640000e+01  0.00015024525520408459
   1.7645000e+01  0.00014964195287908458
   1.7650000e+01  0.0001490372335040846
   1.7655000e+01  0.0001484313138540846
   1.7660000e+01  0.0001478243436290846
   1.7665000e+01  0.0001472163623790846
   1.7670000e+01  0.0001466073070040846
   1.7675000e+01  0.00014599705910408461
   1.7680000e+01  0.0001453855000540846
   1.7685000e+01  0.0001447725452040846
   1.7690000e+01  0.0001441581505790846
   1.7695000e+01  0.0001435423060040846
   1.7700000e+01  0.0001429250302790846
   1.7705000e+01  0.0001423063705290846
   1.7710000e+01  0.0001416863971290846
   1.7715000e+01  0.0001410651899040846
   1.7720000e+01  0.0001404428230290846
   1.7725000e+01  0.0001398193588290846
   1.7730000e+01  0.00013919485092908458
   1.7735000e+01  0.00013856934687908457
   1.7740000e+01  0.00013794288107908458
   1.7745000e+01  0.0001373154596790846
   1.7750000e+01  0.00013668705042908457
   1.7755000e+01  0.00013605759107908458
   1.7760000e+01  0.0001354270142790846
   1.7765000e+01  0.0001347952687040846
   1.7770000e+01  0.00013416232057908458
   1.7775000e+01  0.00013352814452908458
   1.7780000e+01  0.00013289272752908457
   1.7785000e+01  0.00013225609472908458
   1.7790000e+01  0.00013161833747908457
   1.7795000e+01  0.00013097961310408457
   1.7800000e+01  0.00013034010322908457
   1.7805000e+01  0.00012969994665408457
   1.7810000e+01  0.00012905918080408457
   1.7815000e+01  0.00012841772107908457
   1.7820000e+01  0.00012777538532908456
   1.7825000e+01  0.00012713194812908455
   1.7830000e+01  0.00012648719925408456
   1.7835000e+01  0.00012584098825408455
   1.7840000e+01  0.00012519325352908456
   1.7845000e+01  0.00012454404037908455
   1.7850000e+01  0.00012389350145408456
   1.7855000e+01  0.00012324186280408456
   1.7860000e+01  0.00012258935342908457
   1.7865000e+01  0.00012193612725408457
   1.7870000e+01  0.00012128221920408457
   1.7875000e+01  0.00012062755762908457
   1.7880000e+01  0.00011997202335408457
   1.7885000e+01  0.00011931552410408457
   1.7890000e+01  0.00011865804947908457
   1.7895000e+01  0.00011799968267908457
   1.7900000e+01  0.00011734056537908457
   1.7905000e+01  0.00011668083385408458
   1.7910000e+01  0.00011602055657908458
   1.7915000e+01  0.00011535970022908459
   1.7920000e+01  0.00011469813665408459
   1.7925000e+01  0.0001140356864790846
   1.7930000e+01  0.0001133721829290846
   1.7935000e+01  0.0001127075315290846
   1.7940000e+01  0.0001120417397540846
   1.7945000e+01  0.0001113749016290846
   1.7950000e+01  0.00011070714377908461
   1.7955000e+01  0.0001100385599290846
   1.7960000e+01  0.0001093691692040846
   1.7965000e+01  0.00010869892550408459
   1.7970000e+01  0.0001080277766290846
   1.7975000e+01  0.0001073557342790846
   1.7980000e+01  0.00010668289725408461
   1.7985000e+01  0.00010600939525408461
   1.7990000e+01  0.0001053352822290846
   1.7995000e+01  0.00010466045690408461
   1.8000000e+01  0.00010398467800408461
   1.8005000e+01  0.0001033076767040846
   1.8010000e+01  0.0001026293030540846
   1.8015000e+01  0.0001019496274790846
   1.8020000e+01  0.0001012689511290846
   1.8025000e+01  0.0001005877231040846
   1.8030000e+01  9.99063933040846e-5
   1.8035000e+01  9.92252499540846e-5
   1.8040000e+01  9.85443059790846e-5
   1.8045000e+01  9.786329315408459e-5
   1.8050000e+01  9.718178030408459e-5
   1.8055000e+01  9.649936522908459e-5
   1.8060000e+01  9.581584417908459e-5
   1.8065000e+01  9.513127450408459e-5
   1.8070000e+01  9.444590807908459e-5
   1.8075000e+01  9.37600434290846e-5
   1.8080000e+01  9.30738822040846e-5
   1.8085000e+01  9.23874612540846e-5
   1.8090000e+01  9.17006763540846e-5
   1.8095000e+01  9.10133579540846e-5
   1.8100000e+01  9.03253440040846e-5
   1.8105000e+01  8.96365235540846e-5
   1.8110000e+01  8.894685702908461e-5
   1.8115000e+01  8.82563817540846e-5
   1.8120000e+01  8.75651968790846e-5
   1.8125000e+01  8.687342207908461e-5
   1.8130000e+01  8.618114505408461e-5
   1.8135000e+01  8.548838665408461e-5
   1.8140000e+01  8.479510285408461e-5
   1.8145000e+01  8.410122170408462e-5
   1.8150000e+01  8.340669827908461e-5
   1.8155000e+01  8.271156195408461e-5
   1.8160000e+01  8.201592477908462e-5
   1.8165000e+01  8.131993222908462e-5
   1.8170000e+01  8.062367570408462e-5
   1.8175000e+01  7.992712420408462e-5
   1.8180000e+01  7.923012972908462e-5
   1.8185000e+01  7.853251090408462e-5
   1.8190000e+01  7.783416220408462e-5
   1.8195000e+01  7.713511795408462e-5
   1.8200000e+01  7.643553267908462e-5
   1.8205000e+01  7.573559345408463e-5
   1.8210000e+01  7.503541872908462e-5
   1.8215000e+01  7.433500282908462e-5
   1.8220000e+01  7.363423850408463e-5
   1.8225000e+01  7.293300512908463e-5
   1.8230000e+01  7.223126775408463e-5
   1.8235000e+01  7.152912120408464e-5
   1.8240000e+01  7.082675010408464e-5
   1.8245000e+01  7.012433377908465e-5
   1.8250000e+01  6.942195497908465e-5
   1.8255000e+01  6.871955647908465e-5
   1.8260000e+01  6.801695762908464e-5
   1.8265000e+01  6.731392150408464e-5
   1.8270000e+01  6.661024952908464e-5
   1.8275000e+01  6.590586772908464e-5
   1.8280000e+01  6.520086487908465e-5
   1.8285000e+01  6.449546007908465e-5
   1.8290000e+01  6.378991167908465e-5
   1.8295000e+01  6.308440977908466e-5
   1.8300000e+01  6.237900102908466e-5
   1.8305000e+01  6.167357615408466e-5
   1.8310000e+01  6.0967921179084666e-5
   1.8315000e+01  6.0261807329084665e-5
   1.8320000e+01  5.9555080579084666e-5
   1.8325000e+01  5.884771337908467e-5
   1.8330000e+01  5.8139802679084665e-5
   1.8335000e+01  5.7431529004084664e-5
   1.8340000e+01  5.6723103954084665e-5
   1.8345000e+01  5.601471945408466e-5
   1.8350000e+01  5.5306496029084664e-5
   1.8355000e+01  5.4598435904084666e-5
   1.8360000e+01  5.389040925408467e-5
   1.8365000e+01  5.3182201254084666e-5
   1.8370000e+01  5.247361080408467e-5
   1.8375000e+01  5.1764550079084667e-5
   1.8380000e+01  5.1055086429084665e-5
   1.8385000e+01  5.034540170408466e-5
   1.8390000e+01  4.963569312908466e-5
   1.8395000e+01  4.8926071954084664e-5
   1.8400000e+01  4.8216515254084666e-5
   1.8405000e+01  4.750689742908467e-5
   1.8410000e+01  4.679708455408467e-5
   1.8415000e+01  4.608703355408467e-5
   1.8420000e+01  4.537682760408467e-5
   1.8425000e+01  4.466661880408467e-5
   1.8430000e+01  4.395651775408467e-5
   1.8435000e+01  4.3246510879084675e-5
   1.8440000e+01  4.2536463204084675e-5
   1.8445000e+01  4.182619917908467e-5
   1.8450000e+01  4.111560510408467e-5
   1.8455000e+01  4.040469445408467e-5
   1.8460000e+01  3.9693608154084676e-5
   1.8465000e+01  3.8982558054084673e-5
   1.8470000e+01  3.8271744704084674e-5
   1.8475000e+01  3.756128515408467e-5
   1.8480000e+01  3.6851176129084675e-5
   1.8485000e+01  3.6141300254084676e-5
   1.8490000e+01  3.543146680408468e-5
   1.8495000e+01  3.4721471454084677e-5
   1.8500000e+01  3.401116187908468e-5
   1.8505000e+01  3.330049535408468e-5
   1.8510000e+01  3.258956580408468e-5
   1.8515000e+01  3.187857705408468e-5
   1.8520000e+01  3.116776437908468e-5
   1.8525000e+01  3.045730435408468e-5
   1.8530000e+01  2.9747262454084678e-5
   1.8535000e+01  2.9037594504084677e-5
   1.8540000e+01  2.8328176804084676e-5
   1.8545000e+01  2.7618834754084675e-5
   1.8550000e+01  2.6909368179084675e-5
   1.8555000e+01  2.6199590929084675e-5
   1.8560000e+01  2.5489387854084674e-5
   1.8565000e+01  2.4778763104084675e-5
   1.8570000e+01  2.4067845804084674e-5
   1.8575000e+01  2.3356844729084673e-5
   1.8580000e+01  2.2645981279084672e-5
   1.8585000e+01  2.193544265408467e-5
   1.8590000e+01  2.122537062908467e-5
   1.8595000e+01  2.0515862904084672e-5
   1.8600000e+01  1.9806957554084672e-5
   1.8605000e+01  1.909860472908467e-5
   1.8610000e+01  1.839066120408467e-5
   1.8615000e+01  1.768293387908467e-5
   1.8620000e+01  1.697525702908467e-5
   1.8625000e+01  1.626755722908467e-5
   1.8630000e+01  1.5559865754084672e-5
   1.8635000e+01  1.4852273679084672e-5
   1.8640000e+01  1.4144862704084672e-5
   1.8645000e+01  1.3437657979084671e-5
   1.8650000e+01  1.2730629904084671e-5
   1.8655000e+01  1.202373785408467e-5
   1.8660000e+01  1.131698520408467e-5
   1.8665000e+01  1.061045100408467e-5
   1.8670000e+01  9.90427482908467e-6
   1.8675000e+01  9.19859470408467e-6
   1.8680000e+01  8.493469354084669e-6
   1.8685000e+01  7.788835704084668e-6
   1.8690000e+01  7.084536979084669e-6
   1.8695000e+01  6.380407179084668e-6
   1.8700000e+01  5.676353904084669e-6
   1.8705000e+01  4.972386754084669e-6
   1.8710000e+01  4.268587929084668e-6
   1.8715000e+01  3.5650648040846683e-6
   1.8720000e+01  2.8619233790846684e-6
   1.8725000e+01  2.1592686540846684e-6
   1.8730000e+01  1.4572098290846683e-6
   1.8735000e+01  7.558475040846683e-7
   1.8740000e+01  5.5240754084668294e-8
   1.8745000e+01  -6.446277459153319e-7
   1.8750000e+01  -1.3438663959153319e-6
   1.8755000e+01  -2.042658720915332e-6
   1.8760000e+01  -2.741222470915332e-6
   1.8765000e+01  -3.4397573209153316e-6
   1.8770000e+01  -4.138392270915332e-6
   1.8775000e+01  -4.837142745915332e-6
   1.8780000e+01  -5.535895345915332e-6
   1.8785000e+01  -6.234440595915332e-6
   1.8790000e+01  -6.932552195915332e-6
   1.8795000e+01  -7.630076820915331e-6
   1.8800000e+01  -8.32698672091533e-6
   1.8805000e+01  -9.02337004591533e-6
   1.8810000e+01  -9.719369520915331e-6
   1.8815000e+01  -1.0415103345915331e-5
   1.8820000e+01  -1.111060592091533e-5
   1.8825000e+01  -1.1805813970915331e-5
   1.8830000e+01  -1.250060012091533e-5
   1.8835000e+01  -1.319483129591533e-5
   1.8840000e+01  -1.388841704591533e-5
   1.8845000e+01  -1.458132359591533e-5
   1.8850000e+01  -1.527355619591533e-5
   1.8855000e+01  -1.596513267091533e-5
   1.8860000e+01  -1.665607082091533e-5
   1.8865000e+01  -1.734639549591533e-5
   1.8870000e+01  -1.803615074591533e-5
   1.8875000e+01  -1.872539437091533e-5
   1.8880000e+01  -1.941416872091533e-5
   1.8885000e+01  -2.010247242091533e-5
   1.8890000e+01  -2.079026884591533e-5
   1.8895000e+01  -2.147753784591533e-5
   1.8900000e+01  -2.216433077091533e-5
   1.8905000e+01  -2.285077602091533e-5
   1.8910000e+01  -2.353702022091533e-5
   1.8915000e+01  -2.422314299591533e-5
   1.8920000e+01  -2.490910402091533e-5
   1.8925000e+01  -2.559475332091533e-5
   1.8930000e+01  -2.627988669591533e-5
   1.8935000e+01  -2.6964301970915332e-5
   1.8940000e+01  -2.764782999591533e-5
   1.8945000e+01  -2.8330351695915332e-5
   1.8950000e+01  -2.9011823145915332e-5
   1.8955000e+01  -2.9692303570915333e-5
   1.8960000e+01  -3.0371954070915334e-5
   1.8965000e+01  -3.105098592091533e-5
   1.8970000e+01  -3.1729576170915334e-5
   1.8975000e+01  -3.240779439591533e-5
   1.8980000e+01  -3.308557804591533e-5
   1.8985000e+01  -3.376276774591533e-5
   1.8990000e+01  -3.4439187395915334e-5
   1.8995000e+01  -3.511473167091533e-5
   1.9000000e+01  -3.578941309591533e-5
   1.9005000e+01  -3.646333907091533e-5
   1.9010000e+01  -3.713663549591533e-5
   1.9015000e+01  -3.780937249591533e-5
   1.9020000e+01  -3.848154142091533e-5
   1.9025000e+01  -3.915308809591533e-5
   1.9030000e+01  -3.982396739591533e-5
   1.9035000e+01  -4.049417877091533e-5
   1.9040000e+01  -4.116376274591533e-5
   1.9045000e+01  -4.183276219591533e-5
   1.9050000e+01  -4.2501172995915334e-5
   1.9055000e+01  -4.316892262091533e-5
   1.9060000e+01  -4.383590469591533e-5
   1.9065000e+01  -4.4502057045915336e-5
   1.9070000e+01  -4.5167428120915336e-5
   1.9075000e+01  -4.583217524591534e-5
   1.9080000e+01  -4.649648669591534e-5
   1.9085000e+01  -4.7160476845915336e-5
   1.9090000e+01  -4.782412202091534e-5
   1.9095000e+01  -4.848727077091534e-5
   1.9100000e+01  -4.914970694591534e-5
   1.9105000e+01  -4.981121569591534e-5
   1.9110000e+01  -5.047162142091534e-5
   1.9115000e+01  -5.113080669591534e-5
   1.9120000e+01  -5.178873512091534e-5
   1.9125000e+01  -5.2445475345915336e-5
   1.9130000e+01  -5.310119629591534e-5
   1.9135000e+01  -5.375611387091534e-5
   1.9140000e+01  -5.441040684591534e-5
   1.9145000e+01  -5.506414487091534e-5
   1.9150000e+01  -5.571726359591534e-5
   1.9155000e+01  -5.636959407091534e-5
   1.9160000e+01  -5.702092899591534e-5
   1.9165000e+01  -5.767109737091534e-5
   1.9170000e+01  -5.832002102091534e-5
   1.9175000e+01  -5.896773712091534e-5
   1.9180000e+01  -5.9614384820915336e-5
   1.9185000e+01  -6.0260164995915336e-5
   1.9190000e+01  -6.0905285620915334e-5
   1.9195000e+01  -6.154990219591534e-5
   1.9200000e+01  -6.219406412091533e-5
   1.9205000e+01  -6.283768849591533e-5
   1.9210000e+01  -6.348058552091533e-5
   1.9215000e+01  -6.412253454591532e-5
   1.9220000e+01  -6.476337062091532e-5
   1.9225000e+01  -6.540302924591532e-5
   1.9230000e+01  -6.604153117091533e-5
   1.9235000e+01  -6.667894064591533e-5
   1.9240000e+01  -6.731534759591532e-5
   1.9245000e+01  -6.795088842091532e-5
   1.9250000e+01  -6.858576759591532e-5
   1.9255000e+01  -6.922022599591532e-5
   1.9260000e+01  -6.985443964591532e-5
   1.9265000e+01  -7.048839437091533e-5
   1.9270000e+01  -7.112182032091532e-5
   1.9275000e+01  -7.175425317091532e-5
   1.9280000e+01  -7.238521729591532e-5
   1.9285000e+01  -7.301444262091532e-5
   1.9290000e+01  -7.364199099591532e-5
   1.9295000e+01  -7.426821399591531e-5
   1.9300000e+01  -7.48935662209153e-5
   1.9305000e+01  -7.551838284591531e-5
   1.9310000e+01  -7.614273949591531e-5
   1.9315000e+01  -7.676645082091531e-5
   1.9320000e+01  -7.738918697091531e-5
   1.9325000e+01  -7.801064064591531e-5
   1.9330000e+01  -7.863066894591531e-5
   1.9335000e+01  -7.924935204591531e-5
   1.9340000e+01  -7.986694532091532e-5
   1.9345000e+01  -8.048374749591533e-5
   1.9350000e+01  -8.109994932091533e-5
   1.9355000e+01  -8.171553999591532e-5
   1.9360000e+01  -8.233031789591531e-5
   1.9365000e+01  -8.294399472091532e-5
   1.9370000e+01  -8.355633362091532e-5
   1.9375000e+01  -8.416724859591532e-5
   1.9380000e+01  -8.477681972091532e-5
   1.9385000e+01  -8.538523164591532e-5
   1.9390000e+01  -8.599268642091532e-5
   1.9395000e+01  -8.659934242091531e-5
   1.9400000e+01  -8.720529327091531e-5
   1.9405000e+01  -8.781056657091531e-5
   1.9410000e+01  -8.841512217091531e-5
   1.9415000e+01  -8.90188523959153e-5
   1.9420000e+01  -8.96216012459153e-5
   1.9425000e+01  -9.02232107209153e-5
   1.9430000e+01  -9.08235794459153e-5
   1.9435000e+01  -9.14227011459153e-5
   1.9440000e+01  -9.202065317091531e-5
   1.9445000e+01  -9.26175322709153e-5
   1.9450000e+01  -9.32133743459153e-5
   1.9455000e+01  -9.38081138209153e-5
   1.9460000e+01  -9.440161284591531e-5
   1.9465000e+01  -9.499373847091531e-5
   1.9470000e+01  -9.55844344459153e-5
   1.9475000e+01  -9.61737465209153e-5
   1.9480000e+01  -9.67617970959153e-5
   1.9485000e+01  -9.734873569591531e-5
   1.9490000e+01  -9.793469684591531e-5
   1.9495000e+01  -9.851977827091531e-5
   1.9500000e+01  -9.910402942091531e-5
   1.9505000e+01  -9.96874352209153e-5
   1.9510000e+01  -0.0001002698982709153
   1.9515000e+01  -0.00010085124437091531
   1.9520000e+01  -0.00010143127287091531
   1.9525000e+01  -0.00010200983954591531
   1.9530000e+01  -0.00010258692254591531
   1.9535000e+01  -0.0001031626225459153
   1.9540000e+01  -0.0001037370952209153
   1.9545000e+01  -0.0001043104656459153
   1.9550000e+01  -0.0001048827808709153
   1.9555000e+01  -0.00010545401534591529
   1.9560000e+01  -0.0001060241007709153
   1.9565000e+01  -0.0001065929472709153
   1.9570000e+01  -0.0001071604487209153
   1.9575000e+01  -0.0001077264886959153
   1.9580000e+01  -0.0001082909633709153
   1.9585000e+01  -0.00010885381944591531
   1.9590000e+01  -0.00010941508852091531
   1.9595000e+01  -0.00010997489777091531
   1.9600000e+01  -0.0001105334494459153
   1.9605000e+01  -0.0001110909786459153
   1.9610000e+01  -0.0001116477072959153
   1.9615000e+01  -0.00011220380662091531
   1.9620000e+01  -0.0001127593685209153
   1.9625000e+01  -0.0001133143817709153
   1.9630000e+01  -0.00011386871949591531
   1.9635000e+01  -0.0001144221551459153
   1.9640000e+01  -0.00011497441737091531
   1.9645000e+01  -0.00011552527212091531
   1.9650000e+01  -0.0001160745987959153
   1.9655000e+01  -0.0001166224231459153
   1.9660000e+01  -0.0001171688876709153
   1.9665000e+01  -0.0001177141735959153
   1.9670000e+01  -0.00011825841622091531
   1.9675000e+01  -0.00011880165709591531
   1.9680000e+01  -0.0001193438497209153
   1.9685000e+01  -0.00011988490097091531
   1.9690000e+01  -0.00012042471617091531
   1.9695000e+01  -0.0001209632256209153
   1.9700000e+01  -0.0001215003882709153
   1.9705000e+01  -0.0001220361801209153
   1.9710000e+01  -0.00012257058212091531
   1.9715000e+01  -0.00012310358364591532
   1.9720000e+01  -0.0001236352024709153
   1.9725000e+01  -0.00012416549919591532
   1.9730000e+01  -0.0001246945595209153
   1.9735000e+01  -0.0001252224435209153
   1.9740000e+01  -0.00012574913394591532
   1.9745000e+01  -0.00012627452339591532
   1.9750000e+01  -0.00012679845642091532
   1.9755000e+01  -0.0001273208065459153
   1.9760000e+01  -0.0001278415469459153
   1.9765000e+01  -0.0001283607780959153
   1.9770000e+01  -0.0001288786970959153
   1.9775000e+01  -0.0001293955181209153
   1.9780000e+01  -0.0001299113754709153
   1.9785000e+01  -0.0001304262560709153
   1.9790000e+01  -0.00013094000294591528
   1.9795000e+01  -0.0001314523938709153
   1.9800000e+01  -0.0001319632507209153
   1.9805000e+01  -0.0001324725172959153
   1.9810000e+01  -0.0001329802680209153
   1.9815000e+01  -0.0001334866524959153
   1.9820000e+01  -0.0001339918115959153
   1.9825000e+01  -0.00013449580822091532
   1.9830000e+01  -0.00013499860447091532
   1.9835000e+01  -0.00013550009244591533
   1.9840000e+01  -0.00013600015977841532
   1.9845000e+01  -0.00013649875540591532
   1.9850000e+01  -0.00013699592169091532
   1.9855000e+01  -0.0001374917760934153
   1.9860000e+01  -0.00013798645337091532
   1.9865000e+01  -0.0001384800414684153
   1.9870000e+01  -0.0001389725430309153
   1.9875000e+01  -0.0001394638722509153
   1.9880000e+01  -0.00013995387890841532
   1.9885000e+01  -0.00014044239335091532
   1.9890000e+01  -0.00014092929048091531
   1.9895000e+01  -0.00014141455585341532
   1.9900000e+01  -0.00014189831514341533
   1.9905000e+01  -0.00014238079397091533
   1.9910000e+01  -0.00014286221725841533
   1.9915000e+01  -0.00014334270251841535
   1.9920000e+01  -0.00014382220878841534
   1.9925000e+01  -0.00014430056426341535
   1.9930000e+01  -0.00014477754221341535
   1.9935000e+01  -0.00014525293112091535
   1.9940000e+01  -0.00014572656924341536
   1.9945000e+01  -0.00014619835684091538
   1.9950000e+01  -0.00014666827295341538
   1.9955000e+01  -0.00014713639635841538
   1.9960000e+01  -0.00014760290116091538
   1.9965000e+01  -0.00014806800594591537
   1.9970000e+01  -0.00014853189394591537
   1.9975000e+01  -0.00014899464973841536
   1.9980000e+01  -0.00014945625042841535
   1.9985000e+01  -0.00014991661389591535
   1.9990000e+01  -0.00015037566977341534
   1.9995000e+01  -0.00015083340664091534
   2.0000000e+01  -0.00015128986909841534
   2.0005000e+01  -0.00015174511267091533
   2.0010000e+01  -0.00015219914784091532
   2.0015000e+01  -0.00015265190813091531
   2.0020000e+01  -0.00015310326578091532
   2.0025000e+01  -0.00015355309641591533
   2.0030000e+01  -0.00015400136775591534
   2.0035000e+01  -0.00015444821211841534
   2.0040000e+01  -0.00015489394977091534
   2.0045000e+01  -0.00015533905476841533
   2.0050000e+01  -0.00015578408361341533
   2.0055000e+01  -0.00015622960852841532
   2.0060000e+01  -0.00015667619484841533
   2.0065000e+01  -0.00015712442487341534
   2.0070000e+01  -0.00015757492336091532
   2.0075000e+01  -0.00015802833405341533
   2.0080000e+01  -0.00015848524921341532
   2.0085000e+01  -0.0001589461545059153
   2.0090000e+01  -0.00015941145005591531
   2.0095000e+01  -0.0001598815370084153
   2.0100000e+01  -0.0001603568927509153
   2.0105000e+01  -0.00016083807914841531
   2.0110000e+01  -0.00016132571974591532
   2.0115000e+01  -0.00016182052885091534
   2.0120000e+01  -0.00016232340166591534
   2.0125000e+01  -0.00016283545401591534
   2.0130000e+01  -0.00016335787956591534
   2.0135000e+01  -0.00016389161861591535
   2.0140000e+01  -0.00016443699866591535
   2.0145000e+01  -0.00016499356809091534
   2.0150000e+01  -0.00016556024326591534
   2.0155000e+01  -0.00016613571139091534
   2.0160000e+01  -0.00016671893521591534
   2.0165000e+01  -0.00016730963101591534
   2.0170000e+01  -0.00016790860201591534
   2.0175000e+01  -0.00016851774544091535
   2.0180000e+01  -0.00016913961304091535
   2.0185000e+01  -0.00016977672256591534
   2.0190000e+01  -0.00017043107781591533
   2.0195000e+01  -0.00017110414284091533
   2.0200000e+01  -0.00017179697889091534
   2.0205000e+01  -0.00017251003404091534
   2.0210000e+01  -0.00017324249479091534
   2.0215000e+01  -0.00017399171959091533
   2.0220000e+01  -0.00017475339819091534
   2.0225000e+01  -0.00017552257681591535
   2.0230000e+01  -0.00017629503691591534
   2.0235000e+01  -0.00017706831131591535
   2.0240000e+01  -0.00017784207484091536
   2.0245000e+01  -0.00017861836391591535
   2.0250000e+01  -0.00017940227766591535
   2.0255000e+01  -0.00018020303774091536
   2.0260000e+01  -0.00018103409214091534
   2.0265000e+01  -0.00018191062074091535
   2.0270000e+01  -0.00018284410561591536
   2.0275000e+01  -0.00018383588994091537
   2.0280000e+01  -0.00018487318819091538
   2.0285000e+01  -0.00018593055251591537
   2.0290000e+01  -0.00018697743616591538
   2.0295000e+01  -0.00018798945356591538
   2.0300000e+01  -0.00018895871829091538
   2.0305000e+01  -0.00018989838409091538
   2.0310000e+01  -0.00019083867761591537
   2.0315000e+01  -0.00019181565474091537
   2.0320000e+01  -0.00019285769114091536
   2.0325000e+01  -0.00019397597241591535
   2.0330000e+01  -0.00019516302101591534
   2.0335000e+01  -0.00019639899684091534
   2.0340000e+01  -0.00019766178586591533
   2.0345000e+01  -0.00019893561361591534
   2.0350000e+01  -0.00020021431951591534
   2.0355000e+01  -0.00020149860536591534
   2.0360000e+01  -0.00020279006969091534
   2.0365000e+01  -0.00020408688239091535
   2.0370000e+01  -0.00020538499484091535
   2.0375000e+01  -0.00020668464004091534
   2.0380000e+01  -0.00020799681011591536
   2.0385000e+01  -0.00020934254104091536
   2.0390000e+01  -0.00021074200031591535
   2.0395000e+01  -0.00021219844859091537
   2.0400000e+01  -0.00021368769141591536
   2.0405000e+01  -0.00021516155044091535
   2.0410000e+01  -0.00021656545214091536
   2.0415000e+01  -0.00021786190171591536
   2.0420000e+01  -0.00021904900021591536
   2.0425000e+01  -0.00022016677469091536
   2.0430000e+01  -0.00022129023879091536
   2.0435000e+01  -0.00022251277731591537
   2.0440000e+01  -0.00022392500591591536
   2.0445000e+01  -0.00022559347271591535
   2.0450000e+01  -0.00022754239379091536
   2.0455000e+01  -0.00022974179624091537
   2.0460000e+01  -0.00023210701249091537
   2.0465000e+01  -0.00023451488186591537
   2.0470000e+01  -0.00023683776706591537
   2.0475000e+01  -0.00023898699581591536
   2.0480000e+01  -0.00024094754859091535
   2.0485000e+01  -0.00024278402769091536
   2.0490000e+01  -0.00024460915649091535
   2.0495000e+01  -0.00024652612191591536
   2.0500000e+01  -0.00024857278389091536
   2.0505000e+01  -0.00025069739361591534
   2.0510000e+01  -0.00025277968416591534
   2.0515000e+01  -0.00025468696649091536
   2.0520000e+01  -0.00025633625046591534
   2.0525000e+01  -0.00025773093671591535
   2.0530000e+01  -0.00025895549511591534
   2.0535000e+01  -0.0002601350171659153
   2.0540000e+01  -0.0002613845833909153
   2.0545000e+01  -0.0002627752499159153
   2.0550000e+01  -0.0002643292598909153
   2.0555000e+01  -0.0002660381641659153
   2.0560000e+01  -0.0002678875102159153
   2.0565000e+01  -0.00026987522534091535
   2.0570000e+01  -0.00027202027319091535
   2.0575000e+01  -0.00027436270309091535
   2.0580000e+01  -0.00027695350809091535
   2.0585000e+01  -0.00027983092459091534
   2.0590000e+01  -0.0002829865278909153
   2.0595000e+01  -0.0002863358387159153
   2.0600000e+01  -0.0002897124083409153
   2.0605000e+01  -0.0002928955323409153
   2.0610000e+01  -0.0002956659420659153
   2.0615000e+01  -0.0002978715092659153
   2.0620000e+01  -0.0002994809940909153
   2.0625000e+01  -0.0003006067770909153
   2.0630000e+01  -0.0003014858619909153
   2.0635000e+01  -0.00030242258416591535
   2.0640000e+01  -0.0003037133149659153
   2.0645000e+01  -0.00030558293196591535
   2.0650000e+01  -0.00030815475664091533
   2.0655000e+01  -0.00031145236769091535
   2.0660000e+01  -0.00031541123649091537
   2.0665000e+01  -0.00031987975144091537
   2.0670000e+01  -0.00032461279899091537
   2.0675000e+01  -0.00032928398881591536
   2.0680000e+01  -0.00033354062496591534
   2.0685000e+01  -0.00033709658441591535
   2.0690000e+01  -0.00033982462126591536
   2.0695000e+01  -0.00034179873731591534
   2.0700000e+01  -0.0003432601909159153
   2.0705000e+01  -0.0003445235605409153
   2.0710000e+01  -0.0003458726019909153
   2.0715000e+01  -0.0003474957969909153
   2.0720000e+01  -0.00034947899274091526
   2.0725000e+01  -0.0003518327788659153
   2.0730000e+01  -0.0003545162575659153
   2.0735000e+01  -0.0003574376395659153
   2.0740000e+01  -0.0003604464732159153
   2.0745000e+01  -0.00036334964541591527
   2.0750000e+01  -0.00036596738806591526
   2.0755000e+01  -0.00036821111724091523
   2.0760000e+01  -0.00037014255164091525
   2.0765000e+01  -0.00037198075551591524
   2.0770000e+01  -0.0003740513779659152
   2.0775000e+01  -0.00037669720761591524
   2.0780000e+01  -0.00038017728724091523
   2.0785000e+01  -0.0003845781671409152
   2.0790000e+01  -0.0003897577465159152
   2.0795000e+01  -0.00039534256501591516
   2.0800000e+01  -0.0004007943770159152
   2.0805000e+01  -0.00040554269809091515
   2.0810000e+01  -0.0004091505441659152
   2.0815000e+01  -0.0004114569859909152
   2.0820000e+01  -0.0004126396364909152
   2.0825000e+01  -0.00041316770531091523
   2.0830000e+01  -0.00041365946278091524
   2.0835000e+01  -0.00041469503368091523
   2.0840000e+01  -0.0004166497287059152
   2.0845000e+01  -0.0004196024028559152
   2.0850000e+01  -0.00042334659303091524
   2.0855000e+01  -0.0004274991178059152
   2.0860000e+01  -0.0004316668669309152
   2.0865000e+01  -0.0004356049103309152
   2.0870000e+01  -0.0004392930358059152
   2.0875000e+01  -0.0004428885808059152
   2.0880000e+01  -0.0004465771471559152
   2.0885000e+01  -0.0004504073391809152
   2.0890000e+01  -0.0004542164234309152
   2.0895000e+01  -0.0004577068644809152
   2.0900000e+01  -0.0004606402494059152
   2.0905000e+01  -0.0004630339833309152
   2.0910000e+01  -0.00046523405765591517
   2.0915000e+01  -0.00046780489428091516
   2.0920000e+01  -0.00047127991000591514
   2.0925000e+01  -0.00047589027185591514
   2.0930000e+01  -0.00048139955260591516
   2.0935000e+01  -0.00048712597235591517
   2.0940000e+01  -0.0004921579725059152
   2.0945000e+01  -0.0004956882282809152
   2.0950000e+01  -0.0004973326662309152
   2.0955000e+01   -0.0004972952661309152
   2.0960000e+01   -0.0004963012184309152
   2.0965000e+01   -0.0004953268802809151
   2.0970000e+01  -0.0004952498403559152
   2.0975000e+01  -0.0004965747368559152
   2.0980000e+01  -0.0004993450243559152
   2.0985000e+01  -0.0005032548308309152
   2.0990000e+01  -0.0005078794364809152
   2.0995000e+01  -0.0005128953553559152
   2.1000000e+01  -0.0005181823508559152
   2.1005000e+01  -0.0005237734268559153
   2.1010000e+01  -0.0005297015771059153
   2.1015000e+01  -0.0005358415003559153
   2.1020000e+01  -0.0005418419948559154
   2.1025000e+01  -0.0005471972875559154
   2.1030000e+01  -0.0005514356629809154
   2.1035000e+01  -0.0005543411642309154
   2.1040000e+01  -0.0005560975903059154
   2.1045000e+01  -0.0005572694877309154
   2.1050000e+01  -0.0005586055560559154
   2.1055000e+01  -0.0005607357026559154
   2.1060000e+01  -0.0005638923566559154
   2.1065000e+01  -0.0005677881547809154
   2.1070000e+01  -0.0005717217706309154
   2.1075000e+01  -0.0005748855454809153
   2.1080000e+01  -0.0005767529460309153
   2.1085000e+01  -0.0005773739372959153
   2.1090000e+01  -0.0005774328181139153
   2.1095000e+01  -0.0005780240260919153
   2.1100000e+01  -0.0005802327860669153
   2.1105000e+01  -0.0005847016323919153
   2.1110000e+01  -0.0005913691511419153
   2.1115000e+01  -0.0005994806271419153
   2.1120000e+01  -0.0006078410501419154
   2.1125000e+01  -0.0006151828121419154
   2.1130000e+01  -0.0006205036342169154
   2.1135000e+01  -0.0006232862655419154
   2.1140000e+01   -0.0006235836938169154
   2.1145000e+01   -0.0006219895682669154
   2.1150000e+01   -0.0006195089480169154
   2.1155000e+01   -0.0006173355607919154
   2.1160000e+01  -0.0006165599626469154
   2.1165000e+01  -0.0006178735449019155
   2.1170000e+01  -0.0006213642954019155
   2.1175000e+01  -0.0006264918465519156
   2.1180000e+01  -0.0006322734795519156
   2.1185000e+01  -0.0006376269020519156
   2.1190000e+01  -0.0006417397760019155
   2.1195000e+01  -0.0006443179213519155
   2.1200000e+01  -0.0006456258135519154
   2.1205000e+01  -0.0006463404147269155
   2.1210000e+01  -0.0006473181386519155
   2.1215000e+01  -0.0006493734464769155
   2.1220000e+01  -0.0006531074457769155
   2.1225000e+01  -0.0006587763268019155
   2.1230000e+01  -0.0006661963825519155
   2.1235000e+01  -0.0006747194258019155
   2.1240000e+01  -0.0006833232335519154
   2.1245000e+01  -0.0006908257700519154
   2.1250000e+01  -0.0006961787063019154
   2.1255000e+01  -0.0006987612766269154
   2.1260000e+01   -0.0006985893990769154
   2.1265000e+01   -0.0006963699934269155
   2.1270000e+01   -0.0006933633304269154
   2.1275000e+01   -0.0006910686518019155
   2.1280000e+01  -0.0006908134405019155
   2.1285000e+01  -0.0006933796575769155
   2.1290000e+01  -0.0006988042598019155
   2.1295000e+01  -0.0007064260160519155
   2.1300000e+01  -0.0007151412800519154
   2.1305000e+01  -0.0007237417583019155
   2.1310000e+01  -0.0007311933678019154
   2.1315000e+01  -0.0007367805097019155
   2.1320000e+01  -0.0007401318381519155
   2.1325000e+01   -0.0007411944207794155
   2.1330000e+01   -0.0007402064991569154
   2.1335000e+01   -0.0007376687979069155
   2.1340000e+01   -0.0007342853392319154
   2.1345000e+01   -0.0007308575923319154
   2.1350000e+01   -0.0007281482269569154
   2.1355000e+01   -0.0007267528064069153
   2.1360000e+01  -0.0007270182327819153
   2.1365000e+01  -0.0007290294811569154
   2.1370000e+01  -0.0007326598869569153
   2.1375000e+01  -0.0007376567819569153
   2.1380000e+01  -0.0007437256147069152
   2.1385000e+01  -0.0007505860824569152
   2.1390000e+01  -0.0007579950309569152
   2.1395000e+01  -0.0007657476054569152
   2.1400000e+01  -0.0007736706702069152
   2.1405000e+01  -0.0007816143387069152
   2.1410000e+01  -0.0007894380944569152
   2.1415000e+01  -0.0007969827339569152
   2.1420000e+01  -0.0008040221597069152
   2.1425000e+01  -0.0008102072644569152
   2.1430000e+01  -0.0008150442026819152
   2.1435000e+01  -0.0008179611919069152
   2.1440000e+01   -0.0008184790143819152
   2.1445000e+01   -0.0008164247401069153
   2.1450000e+01   -0.0008120804381069153
   2.1455000e+01   -0.0008061876863569153
   2.1460000e+01   -0.0007998086606069153
   2.1465000e+01   -0.0007941038603569153
   2.1470000e+01   -0.0007900919867819152
   2.1475000e+01   -0.0007884427962344152
   2.1480000e+01  -0.0007893562497119152
   2.1485000e+01  -0.0007925825309619152
   2.1490000e+01  -0.0007975946825119151
   2.1495000e+01  -0.0008038436170119151
   2.1500000e+01  -0.0008109647255119151
   2.1505000e+01  -0.0008188206622619152
   2.1510000e+01  -0.0008273534705119152
   2.1515000e+01  -0.0008363277595119152
   2.1520000e+01  -0.0008451137300119152
   2.1525000e+01  -0.0008526529267619151
   2.1530000e+01  -0.0008576778172619151
   2.1535000e+01   -0.0008591469406869151
   2.1540000e+01   -0.0008567441802869151
   2.1545000e+01   -0.0008512170767119151
   2.1550000e+01   -0.0008443478637119151
   2.1555000e+01   -0.0008384888128869151
   2.1560000e+01   -0.0008358037869119151
   2.1565000e+01  -0.0008375251834869151
   2.1570000e+01  -0.0008435509622119151
   2.1575000e+01  -0.0008525512267119151
   2.1580000e+01  -0.0008625143337119151
   2.1585000e+01  -0.0008714707617119151
   2.1590000e+01  -0.0008780846847119151
   2.1595000e+01  -0.0008819069744869151
   2.1600000e+01  -0.0008832635683819151
   2.1605000e+01   -0.0008829042483519151
   2.1610000e+01   -0.000881595520626915
   2.1615000e+01   -0.0008798155295519151
   2.1620000e+01   -0.0008776429721269151
   2.1625000e+01   -0.0008748585488019151
   2.1630000e+01   -0.0008712087974769151
   2.1635000e+01   -0.0008667253398769151
   2.1640000e+01   -0.0008619590782519151
   2.1645000e+01   -0.0008579960507519151
   2.1650000e+01   -0.0008561866783994151
   2.1655000e+01  -0.0008576401252219151
   2.1660000e+01  -0.0008626695763469151
   2.1665000e+01  -0.0008704532748469151
   2.1670000e+01  -0.0008791375925969151
   2.1675000e+01  -0.0008864354563469151
   2.1680000e+01  -0.0008905237132219151
   2.1685000e+01   -0.000890843930296915
   2.1690000e+01   -0.000888396838996915
   2.1695000e+01   -0.000885335902446915
   2.1700000e+01  -0.000884015076624415
   2.1705000e+01  -0.000885938892201915
   2.1710000e+01  -0.000891125045551915
   2.1715000e+01  -0.0008981746998019149
   2.1720000e+01  -0.0009049760805519149
   2.1725000e+01  -0.0009096582860769149
   2.1730000e+01  -0.0009113275863169149
   2.1735000e+01   -0.0009102732831569149
   2.1740000e+01   -0.0009076153195069149
   2.1745000e+01   -0.0009046343037569149
   2.1750000e+01   -0.0009021584021319149
   2.1755000e+01   -0.0009003222650319149
   2.1760000e+01   -0.0008987837314569149
   2.1765000e+01   -0.0008972022661819149
   2.1770000e+01   -0.0008956256146819149
   2.1775000e+01   -0.0008945199034319149
   2.1780000e+01  -0.0008944585151069149
   2.1785000e+01  -0.0008957375866819149
   2.1790000e+01  -0.0008982094819319149
   2.1795000e+01  -0.0009014179925819149
   2.1800000e+01  -0.000904870720256915
   2.1805000e+01  -0.000908198783331915
   2.1810000e+01  -0.000911081122681915
   2.1815000e+01  -0.0009130288535319149
   2.1820000e+01   -0.0009132594676819149
   2.1825000e+01   -0.000910847446931915
   2.1830000e+01   -0.000905154723331915
   2.1835000e+01   -0.000896343289831915
   2.1840000e+01   -0.0008856748400819151
   2.1845000e+01   -0.0008753709093319151
   2.1850000e+01   -0.0008680209348319151
   2.1855000e+01  -0.0008657775027569151
   2.1860000e+01  -0.0008697070314319151
   2.1865000e+01  -0.0008795612704319151
   2.1870000e+01  -0.000893964543431915
   2.1875000e+01  -0.0009107949514319151
   2.1880000e+01  -0.000927549663931915
   2.1885000e+01  -0.0009416653329319151
   2.1890000e+01  -0.0009508874684319151
   2.1895000e+01   -0.000953712875981915
   2.1900000e+01   -0.000949766815781915
   2.1905000e+01   -0.000939920490281915
   2.1910000e+01   -0.000926073485531915
   2.1915000e+01   -0.000910699963281915
   2.1920000e+01   -0.000896330327531915
   2.1925000e+01   -0.000885087911281915
   2.1930000e+01   -0.000878329534456915
   2.1935000e+01  -0.000876436053181915
   2.1940000e+01  -0.000878826214881915
   2.1945000e+01  -0.0008842263742819149
   2.1950000e+01  -0.0008911027117819149
   2.1955000e+01  -0.000898055966781915
   2.1960000e+01  -0.000904010749531915
   2.1965000e+01  -0.0009081980595319149
   2.1970000e+01  -0.0009100857213569149
   2.1975000e+01   -0.0009094110094569149
   2.1980000e+01   -0.0009063220136569149
   2.1985000e+01   -0.0009014936580819149
   2.1990000e+01   -0.0008960784628319149
   2.1995000e+01   -0.0008914576985069149
   2.2000000e+01   -0.0008888636733819148
   2.2005000e+01  -0.0008889877795319149
   2.2010000e+01  -0.0008916940925069148
   2.2015000e+01  -0.0008959511179069149
   2.2020000e+01  -0.0009000557664319149
   2.2025000e+01  -0.0009021329009319148
   2.2030000e+01   -0.0009007781539569148
   2.2035000e+01   -0.0008956268091319147
   2.2040000e+01   -0.0008876151071319148
   2.2045000e+01   -0.0008787684018819148
   2.2050000e+01   -0.0008715114553819148
   2.2055000e+01   -0.0008677226735069149
   2.2060000e+01  -0.0008679422303819148
   2.2065000e+01  -0.0008711481355819148
   2.2070000e+01  -0.0008752689345319149
   2.2075000e+01  -0.0008782143837569149
   2.2080000e+01   -0.0008789075413819149
   2.2085000e+01   -0.0008777858901569149
   2.2090000e+01   -0.0008765213521069149
   2.2095000e+01  -0.000877120827531915
   2.2100000e+01  -0.000880871920631915
   2.2105000e+01  -0.000887637507881915
   2.2110000e+01  -0.000895794433131915
   2.2115000e+01  -0.0009028056408819149
   2.2120000e+01  -0.0009061660260569149
   2.2125000e+01   -0.0009043396476819149
   2.2130000e+01   -0.000897315567381915
   2.2135000e+01   -0.000886550291131915
   2.2140000e+01   -0.000874317430381915
   2.2145000e+01   -0.000862762212131915
   2.2150000e+01   -0.000853116229631915
   2.2155000e+01   -0.000845455483381915
   2.2160000e+01   -0.000839091519131915
   2.2165000e+01   -0.000833322981381915
   2.2170000e+01   -0.000828069625681915
   2.2175000e+01   -0.000824012387756915
   2.2180000e+01   -0.000822203664306915
   2.2185000e+01  -0.000823433433706915
   2.2190000e+01  -0.000827711507331915
   2.2195000e+01  -0.000834062710581915
   2.2200000e+01  -0.000840633998581915
   2.2205000e+01  -0.000845037099106915
   2.2210000e+01   -0.000844861210556915
   2.2215000e+01   -0.000838274661481915
   2.2220000e+01   -0.000824583458231915
   2.2225000e+01   -0.0008046055774819151
   2.2230000e+01   -0.0007807641857319151
   2.2235000e+01   -0.000756832098731915
   2.2240000e+01   -0.000737270951731915
   2.2245000e+01   -0.000726203375981915
   2.2250000e+01  -0.0007262679419819151
   2.2255000e+01  -0.0007377750172319151
   2.2260000e+01  -0.000758508295981915
   2.2265000e+01  -0.0007842173057319151
   2.2270000e+01  -0.000809558022231915
   2.2275000e+01  -0.000829162787981915
   2.2280000e+01  -0.000838625724806915
   2.2285000e+01   -0.000835297842131915
   2.2290000e+01   -0.000818795093131915
   2.2295000e+01   -0.000791096266881915
   2.2300000e+01   -0.000756162176381915
   2.2305000e+01   -0.0007191558703819151
   2.2310000e+01   -0.0006854769943819151
   2.2315000e+01   -0.0006598418051319151
   2.2320000e+01   -0.0006455602103819151
   2.2325000e+01  -0.0006440740728819151
   2.2330000e+01  -0.0006547813741319151
   2.2335000e+01  -0.0006751634088819151
   2.2340000e+01  -0.0007012187293819151
   2.2345000e+01  -0.0007281595033819151
   2.2350000e+01  -0.0007512380833819151
   2.2355000e+01  -0.000766493996631915
   2.2360000e+01   -0.000771240092031915
   2.2365000e+01   -0.0007642744474319151
   2.2370000e+01   -0.0007459865834319151
   2.2375000e+01   -0.0007185199569319151
   2.2380000e+01   -0.0006859041171819152
   2.2385000e+01   -0.0006538011856819152
   2.2390000e+01   -0.0006285450004319152
   2.2395000e+01   -0.0006155577564319152
   2.2400000e+01  -0.0006176954341819153
   2.2405000e+01  -0.0006342035549319153
   2.2410000e+01  -0.0006606867856819153
   2.2415000e+01  -0.0006900869774319153
   2.2420000e+01  -0.0007143939206819153
   2.2425000e+01  -0.0007266864266069153
   2.2430000e+01   -0.0007229943180319153
   2.2435000e+01   -0.0007034002815319153
   2.2440000e+01   -0.0006719346240319152
   2.2445000e+01   -0.0006352435872819152
   2.2450000e+01   -0.0006005560967819152
   2.2455000e+01   -0.0005737792745319152
   2.2460000e+01   -0.0005583853912819152
   2.2465000e+01  -0.0005552420170819152
   2.2470000e+01  -0.0005630806573819152
   2.2475000e+01  -0.0005791773308819151
   2.2480000e+01  -0.0005999576441319152
   2.2485000e+01  -0.0006214063811319151
   2.2490000e+01  -0.0006392871328819151
   2.2495000e+01  -0.0006493373241319151
   2.2500000e+01   -0.0006477467471319152
   2.2505000e+01   -0.0006321293931319152
   2.2510000e+01   -0.0006027760586319151
   2.2515000e+01   -0.0005635139756319152
   2.2520000e+01   -0.0005214320121319152
   2.2525000e+01   -0.00048520898113191523
   2.2530000e+01   -0.0004625302976319152
   2.2535000e+01  -0.0004576160380069152
   2.2540000e+01  -0.0004698803603819152
   2.2545000e+01  -0.0004942223093819153
   2.2550000e+01  -0.0005227438716319153
   2.2555000e+01  -0.0005471784276319153
   2.2560000e+01  -0.0005611631618819153
   2.2565000e+01   -0.0005616676041319152
   2.2570000e+01   -0.0005492860356319152
   2.2575000e+01   -0.0005275503321319153
   2.2580000e+01   -0.0005016969588819153
   2.2585000e+01   -0.00047729641438191533
   2.2590000e+01   -0.0004589566941319153
   2.2595000e+01   -0.0004492186666319153
   2.2600000e+01  -0.00044787228070691527
   2.2605000e+01  -0.00045204239653191526
   2.2610000e+01  -0.00045724326375691526
   2.2615000e+01   -0.00045913924410691525
   2.2620000e+01   -0.00045527286523191525
   2.2625000e+01   -0.0004459298224819153
   2.2630000e+01   -0.0004337322554819153
   2.2635000e+01   -0.0004222097624819153
   2.2640000e+01   -0.00041407126773191526
   2.2645000e+01   -0.0004099718010819153
   2.2650000e+01   -0.0004082897355069153
   2.2655000e+01   -0.0004059673268069153
   2.2660000e+01   -0.0003999914255319153
   2.2665000e+01   -0.0003887867652819153
   2.2670000e+01   -0.0003728334325319153
   2.2675000e+01   -0.00035424368003191534
   2.2680000e+01   -0.00033564610153191535
   2.2685000e+01   -0.0003191440137819153
   2.2690000e+01   -0.0003060120942819153
   2.2695000e+01   -0.0002971941777819153
   2.2700000e+01  -0.0002939979371024153
   2.2705000e+01  -0.0002981804619229153
   2.2710000e+01  -0.0003110761691729153
   2.2715000e+01  -0.00033221591792291527
   2.2720000e+01  -0.00035841953992291525
   2.2725000e+01  -0.0003841680411729153
   2.2730000e+01  -0.0004032485956729153
   2.2735000e+01  -0.0004108139151979153
   2.2740000e+01   -0.00040478415047291526
   2.2745000e+01   -0.00038607904297291527
   2.2750000e+01   -0.0003579412729729153
   2.2755000e+01   -0.0003249299319729153
   2.2760000e+01   -0.0002919390797229153
   2.2765000e+01   -0.0002632964567229153
   2.2770000e+01   -0.00024199222622291527
   2.2775000e+01   -0.00022925409022291526
   2.2780000e+01   -0.00022467439664791526
   2.2785000e+01  -0.00022680230782291526
   2.2790000e+01  -0.00023378824932291525
   2.2795000e+01  -0.00024363393382291525
   2.2800000e+01  -0.00025393700007291523
   2.2805000e+01  -0.00026147978132291523
   2.2810000e+01   -0.00026224784664791525
   2.2815000e+01   -0.00025229877722291523
   2.2820000e+01   -0.00022940337247291524
   2.2825000e+01   -0.00019477481997291524
   2.2830000e+01   -0.00015381546922291526
   2.2835000e+01   -0.00011501152372291526
   2.2840000e+01   -8.701725572291525e-5
   2.2845000e+01   -7.515424324791525e-5
   2.2850000e+01  -7.914271777291525e-5
   2.2855000e+01  -9.329900877291526e-5
   2.2860000e+01  -0.00010901542527291526
   2.2865000e+01  -0.00011814373209791526
   2.2870000e+01   -0.00011574182217291525
   2.2875000e+01   -0.00010136468617291525
   2.2880000e+01   -7.887684367291526e-5
   2.2885000e+01   -5.508486017291525e-5
   2.2890000e+01   -3.750339567291525e-5
   2.2895000e+01  -3.1729208447915254e-5
   2.2900000e+01  -3.9262535472915253e-5
   2.2905000e+01  -5.6751625722915253e-5
   2.2910000e+01  -7.715393772291525e-5
   2.2915000e+01  -9.236152872291525e-5
   2.2920000e+01   -9.606128552291525e-5
   2.2925000e+01   -8.555791057291525e-5
   2.2930000e+01   -6.198509057291525e-5
   2.2935000e+01   -2.923545832291525e-5
   2.2940000e+01   7.5401246770847495e-6
   2.2945000e+01   4.309776842708475e-5
   2.2950000e+01   7.266358867708475e-5
   2.2955000e+01   9.216694142708475e-5
   2.2960000e+01  9.864201640208475e-5
   2.2965000e+01  9.105679312708475e-5
   2.2970000e+01  7.130362562708474e-5
   2.2975000e+01  4.4682496127084744e-5
   2.2980000e+01  1.9234883377084748e-5
   2.2985000e+01  3.747131377084748e-6
   2.2990000e+01   4.920183377084747e-6
   2.2995000e+01   2.4795929877084745e-5
   2.3000000e+01   5.969367587708475e-5
   2.3005000e+01   0.00010139460487708475
   2.3010000e+01   0.00014025041462708475
   2.3015000e+01   0.00016886673762708476
   2.3020000e+01   0.00018467766062708475
   2.3025000e+01   0.00019030401410208476
   2.3030000e+01   0.00019169897260208477
   2.3035000e+01   0.00019506944887708478
   2.3040000e+01   0.00020395961112708479
   2.3045000e+01   0.0002176678936270848
   2.3050000e+01   0.0002315852231270848
   2.3055000e+01   0.0002393160625270848
   2.3060000e+01  0.0002357390016770848
   2.3065000e+01  0.0002197205806770848
   2.3070000e+01  0.0001952880734270848
   2.3075000e+01  0.0001707230029270848
   2.3080000e+01  0.0001559209821770848
   2.3085000e+01   0.0001590247256770848
   2.3090000e+01   0.00018353944767708478
   2.3095000e+01   0.0002269199404270848
   2.3100000e+01   0.0002811264504270848
   2.3105000e+01   0.0003350185479270848
   2.3110000e+01   0.0003778183759270848
   2.3115000e+01   0.0004024101956770848
   2.3120000e+01  0.0004072036055020848
   2.3125000e+01  0.0003958396290770848
   2.3130000e+01  0.00037500332757708476
   2.3135000e+01  0.0003515084185770848
   2.3140000e+01  0.00033009312457708476
   2.3145000e+01  0.00031284959507708475
   2.3150000e+01  0.00030023437957708474
   2.3155000e+01  0.00029275137672708475
   2.3160000e+01   0.00029211460925208477
   2.3165000e+01   0.0003010832511270848
   2.3170000e+01   0.00032195916862708476
   2.3175000e+01   0.00035452204237708477
   2.3180000e+01   0.00039457465412708477
   2.3185000e+01   0.00043410190562708477
   2.3190000e+01   0.0004633767526270848
   2.3195000e+01   0.0004744505329370848
   2.3200000e+01  0.0004647163037470848
   2.3205000e+01  0.0004389574024970848
   2.3210000e+01  0.0004086740392470848
   2.3215000e+01  0.0003884968139970848
   2.3220000e+01   0.0003908307022470848
   2.3225000e+01   0.0004209057497470848
   2.3230000e+01   0.00047448423874708477
   2.3235000e+01   0.0005393673037470848
   2.3240000e+01   0.0006000483987470848
   2.3245000e+01   0.0006433489457470848
   2.3250000e+01   0.0006624962852470848
   2.3255000e+01  0.0006580694049970848
   2.3260000e+01  0.0006359681524970847
   2.3265000e+01  0.0006040278677470847
   2.3270000e+01  0.0005692461447470847
   2.3275000e+01  0.0005367093079970847
   2.3280000e+01  0.0005099509257470847
   2.3285000e+01  0.0004916648047470847
   2.3290000e+01  0.00048390291004708465
   2.3295000e+01   0.00048770567034708465
   2.3300000e+01   0.0005027059625970846
   2.3305000e+01   0.0005271502420970846
   2.3310000e+01   0.0005582541850970846
   2.3315000e+01   0.0005924974893470845
   2.3320000e+01   0.0006257031630970846
   2.3325000e+01   0.0006532499395970846
   2.3330000e+01   0.0006709324855970845
   2.3335000e+01  0.0006765247693970845
   2.3340000e+01  0.0006713395551970846
   2.3345000e+01  0.0006606677916970846
   2.3350000e+01  0.0006523693497470846
   2.3355000e+01   0.0006539417470470846
   2.3360000e+01   0.0006694517785470846
   2.3365000e+01   0.0006979860372970846
   2.3370000e+01   0.0007344391110470846
   2.3375000e+01   0.0007720281922970846
   2.3380000e+01   0.0008049465680470846
   2.3385000e+01   0.0008297593155470846
   2.3390000e+01   0.0008452533487970846
   2.3395000e+01   0.0008515219795970846
   2.3400000e+01  0.0008492917103970846
   2.3405000e+01  0.0008398859228970847
   2.3410000e+01  0.0008254548451470847
   2.3415000e+01  0.0008088830666470847
   2.3420000e+01  0.0007932087186470847
   2.3425000e+01  0.0007809321188970847
   2.3430000e+01  0.0007737028579220847
   2.3435000e+01   0.0007725125159720848
   2.3440000e+01   0.0007780959287470848
   2.3445000e+01   0.0007911133097470848
   2.3450000e+01   0.0008118617904970849
   2.3455000e+01   0.0008395870917470849
   2.3460000e+01   0.000871803773497085
   2.3465000e+01   0.000904221715247085
   2.3470000e+01   0.000931679617497085
   2.3475000e+01   0.000949861957497085
   2.3480000e+01   0.000956926831472085
   2.3485000e+01  0.000954090868447085
   2.3490000e+01  0.0009448791584470849
   2.3495000e+01  0.0009336347774470849
   2.3500000e+01  0.0009242283664470849
   2.3505000e+01  0.000919464851622085
   2.3510000e+01   0.000920981715072085
   2.3515000e+01   0.000929199477597085
   2.3520000e+01   0.000943244519847085
   2.3525000e+01   0.0009611507800970849
   2.3530000e+01   0.0009805357740970849
   2.3535000e+01   0.0009994854758470849
   2.3540000e+01   0.0010171407743470849
   2.3545000e+01   0.001033699040847085
   2.3550000e+01   0.001049909916597085
   2.3555000e+01   0.001066295366597085
   2.3560000e+01   0.001082328633597085
   2.3565000e+01   0.001095918593347085
   2.3570000e+01   0.001103682741872085
   2.3575000e+01  0.001102271699147085
   2.3580000e+01  0.001090327366397085
   2.3585000e+01  0.0010699951638970852
   2.3590000e+01  0.001046914298647085
   2.3595000e+01  0.0010284195533970851
   2.3600000e+01  0.001020747674922085
   2.3605000e+01   0.001026587142197085
   2.3610000e+01   0.001044043694947085
   2.3615000e+01   0.001067360905447085
   2.3620000e+01   0.001089068453697085
   2.3625000e+01   0.001102839906697085
   2.3630000e+01  0.001106120905472085
   2.3635000e+01  0.001101502546747085
   2.3640000e+01  0.001096068631647085
   2.3645000e+01   0.001098703658047085
   2.3650000e+01   0.0011163628182970851
   2.3655000e+01   0.0011509411975470852
   2.3660000e+01   0.001198121266047085
   2.3665000e+01   0.001248558479547085
   2.3670000e+01   0.0012907213585470851
   2.3675000e+01   0.0013142974782970852
   2.3680000e+01  0.0013132776317970852
   2.3685000e+01  0.0012880726735470852
   2.3690000e+01  0.0012459875610470851
   2.3695000e+01  0.0011994474090470852
   2.3700000e+01  0.0011620921877970852
   2.3705000e+01  0.001144092965297085
   2.3710000e+01   0.001148845570297085
   2.3715000e+01   0.001172692693297085
   2.3720000e+01   0.001207663764297085
   2.3725000e+01   0.0012455461670470849
   2.3730000e+01   0.001281054848297085
   2.3735000e+01   0.0013126783090470849
   2.3740000e+01   0.0013412505330470848
   2.3745000e+01   0.0013674940337970848
   2.3750000e+01   0.0013901300005470848
   2.3755000e+01   0.0014056226415470848
   2.3760000e+01  0.0014096103073720848
   2.3765000e+01  0.0013991737039470847
   2.3770000e+01  0.0013747624591970847
   2.3775000e+01  0.0013408933266970847
   2.3780000e+01  0.0013053411364470848
   2.3785000e+01  0.0012771258071970848
   2.3790000e+01  0.0012639828261970848
   2.3795000e+01   0.0012701435676970847
   2.3800000e+01   0.0012951305404470847
   2.3805000e+01   0.0013339216176970847
   2.3810000e+01   0.0013783917459470848
   2.3815000e+01   0.0014196036989470849
   2.3820000e+01   0.0014503891949470848
   2.3825000e+01   0.0014676164404470848
   2.3830000e+01   0.0014734386108220848
   2.3835000e+01   0.001474826682997085
   2.3840000e+01   0.001481171004797085
   2.3845000e+01   0.001500671165797085
   2.3850000e+01   0.0015369974105470848
   2.3855000e+01   0.0015876459420470848
   2.3860000e+01   0.0016445478570470849
   2.3865000e+01   0.001696477503047085
   2.3870000e+01   0.001732248466797085
   2.3875000e+01  0.0017436755802220849
   2.3880000e+01  0.0017275408951470848
   2.3885000e+01  0.0016861259143970849
   2.3890000e+01  0.001626298266897085
   2.3895000e+01  0.0015576718543970848
   2.3900000e+01  0.0014906944118970849
   2.3905000e+01  0.0014352879431470849
   2.3910000e+01  0.0013999787533970848
   2.3915000e+01   0.001390954201647085
   2.3920000e+01   0.0014107268036470848
   2.3925000e+01   0.0014568697988970847
   2.3930000e+01   0.0015217857538970848
   2.3935000e+01   0.0015940942638970849
   2.3940000e+01   0.001661283031397085
   2.3945000e+01   0.001712625060397085
   2.3950000e+01   0.001741477652147085
   2.3955000e+01  0.001746557659147085
   2.3960000e+01  0.0017320317446470849
   2.3965000e+01  0.0017062655291470849
   2.3970000e+01  0.0016793182176470848
   2.3975000e+01  0.0016598894271470847
   2.3980000e+01  0.0016528956005720848
   2.3985000e+01   0.001658614294247085
   2.3990000e+01   0.0016735201859970849
   2.3995000e+01   0.0016922207384970848
   2.4000000e+01   0.0017096943084970847
   2.4005000e+01   0.0017231292909970848
   2.4010000e+01   0.0017327336574970847
   2.4015000e+01   0.0017410570869970847
   2.4020000e+01   0.0017509891112470848
   2.4025000e+01   0.0017635158737470849
   2.4030000e+01   0.0017767514739970849
   2.4035000e+01   0.0017870663822470848
   2.4040000e+01   0.001791647381197085
   2.4045000e+01  0.001790715898447085
   2.4050000e+01  0.001787851179322085
   2.4055000e+01   0.001788216271422085
   2.4060000e+01   0.001795852148197085
   2.4065000e+01   0.001811624701697085
   2.4070000e+01   0.001832812369447085
   2.4075000e+01   0.0018543201624470849
   2.4080000e+01   0.001870732403947085
   2.4085000e+01   0.001878179033647085
   2.4090000e+01  0.001875303000097085
   2.4095000e+01  0.001863260658347085
   2.4100000e+01  0.001845235311097085
   2.4105000e+01  0.001825979819847085
   2.4110000e+01  0.0018114168755970848
   2.4115000e+01   0.0018078326428970848
   2.4120000e+01   0.001820299733697085
   2.4125000e+01   0.001850685521697085
   2.4130000e+01   0.001896270282447085
   2.4135000e+01   0.001949897374947085
   2.4140000e+01   0.002001720895697085
   2.4145000e+01   0.002041771178197085
   2.4150000e+01   0.002062406467697085
   2.4155000e+01  0.0020601306391970853
   2.4160000e+01  0.002036563755697085
   2.4165000e+01  0.001998268590697085
   2.4170000e+01  0.0019551151414470853
   2.4175000e+01  0.0019174076209470853
   2.4180000e+01  0.0018928460819470853
   2.4185000e+01   0.0018847116464420853
   2.4190000e+01   0.0018920012111870853
   2.4195000e+01   0.0019110757014370854
   2.4200000e+01   0.0019376446971870855
   2.4205000e+01   0.0019680585414370857
   2.4210000e+01   0.001999604425937086
   2.4215000e+01   0.0020301348464370856
   2.4220000e+01   0.002057506859187086
   2.4225000e+01   0.002079132558937086
   2.4230000e+01   0.002091826633687086
   2.4235000e+01  0.002092194691687086
   2.4240000e+01  0.002077739800187086
   2.4245000e+01  0.002048431001437086
   2.4250000e+01  0.002007932684687086
   2.4255000e+01  0.001963590663437086
   2.4260000e+01  0.001924834569187086
   2.4265000e+01  0.001900513156187086
   2.4270000e+01   0.001896225043937086
   2.4275000e+01   0.0019126469409370861
   2.4280000e+01   0.0019453745039370862
   2.4285000e+01   0.001986252404937086
   2.4290000e+01   0.002025771316937086
   2.4295000e+01   0.002055798117937086
   2.4300000e+01   0.0020716910964370863
   2.4305000e+01  0.0020729989101870862
   2.4310000e+01  0.002062632143937086
   2.4315000e+01  0.002045253678937086
   2.4320000e+01  0.002025919280437086
   2.4325000e+01  0.002009428215687086
   2.4330000e+01  0.002000007525712086
   2.4335000e+01   0.002000728083737086
   2.4340000e+01   0.002012634243987086
   2.4345000e+01   0.002034256451737086
   2.4350000e+01   0.002062126496987086
   2.4355000e+01   0.002092090863487086
   2.4360000e+01   0.002120473921237086
   2.4365000e+01   0.002144320045987086
   2.4370000e+01   0.002160920251487086
   2.4375000e+01   0.0021676050900620862
   2.4380000e+01  0.0021625514246370863
   2.4385000e+01  0.002146334196637086
   2.4390000e+01  0.002123108018637086
   2.4395000e+01  0.002100299790137086
   2.4400000e+01  0.0020864358163870857
   2.4405000e+01   0.0020877211478870857
   2.4410000e+01   0.0021048165063870857
   2.4415000e+01   0.0021315737873870855
   2.4420000e+01   0.0021569191616370854
   2.4425000e+01   0.0021695407903120855
   2.4430000e+01  0.0021632530362370853
   2.4435000e+01  0.0021401479217370853
   2.4440000e+01  0.002109709409237085
   2.4445000e+01  0.002084388942237085
   2.4450000e+01  0.0020741020090870852
   2.4455000e+01   0.002082385942937085
   2.4460000e+01   0.002105618847937085
   2.4465000e+01   0.0021349613904370853
   2.4470000e+01   0.0021597315119370854
   2.4475000e+01   0.0021709602691620854
   2.4480000e+01  0.002164285642637085
   2.4485000e+01  0.0021415544578870854
   2.4490000e+01  0.0021105653933870855
   2.4495000e+01  0.0020827105586370856
   2.4500000e+01  0.0020690393669870856
   2.4505000e+01   0.0020761390395870856
   2.4510000e+01   0.0021035889465870856
   2.4515000e+01   0.0021442157323370856
   2.4520000e+01   0.0021871230720870855
   2.4525000e+01   0.0022221297673370856
   2.4530000e+01   0.0022435349345870854
   2.4535000e+01   0.0022514462528120853
   2.4540000e+01  0.0022501610549870853
   2.4545000e+01  0.0022446869419370853
   2.4550000e+01  0.002237556554437085
   2.4555000e+01  0.0022279170009370853
   2.4560000e+01  0.0022134113006870852
   2.4565000e+01  0.002193463301437085
   2.4570000e+01  0.002171549242437085
   2.4575000e+01  0.0021546993729370852
   2.4580000e+01   0.0021503649193870852
   2.4585000e+01   0.0021625024258370854
   2.4590000e+01   0.002189115660587085
   2.4595000e+01   0.0022225309663370853
   2.4600000e+01   0.002252208736837085
   2.4605000e+01   0.0022687540495870853
   2.4610000e+01  0.0022673644243370854
   2.4615000e+01  0.0022492861358370856
   2.4620000e+01  0.0022207906428370855
   2.4625000e+01  0.0021903136480870855
   2.4630000e+01  0.0021651327255870854
   2.4635000e+01  0.0021489393258370855
   2.4640000e+01  0.0021410440889870854
   2.4645000e+01  0.0021372067267370854
   2.4650000e+01  0.0021315596610870856
   2.4655000e+01  0.0021188857145870857
   2.4660000e+01  0.0020965649600870858
   2.4665000e+01  0.0020657428068370856
   2.4670000e+01  0.0020315414168370857
   2.4675000e+01  0.0020022613245870855
   2.4680000e+01  0.0019875083290870855
   2.4685000e+01   0.0019953270323370856
   2.4690000e+01   0.0020289822788370857
   2.4695000e+01   0.0020847373980870856
   2.4700000e+01   0.0021520861580870856
   2.4705000e+01   0.0022169142555870857
   2.4710000e+01   0.002266449602337086
   2.4715000e+01   0.002293763643837086
   2.4720000e+01  0.002299837773637086
   2.4725000e+01  0.0022925808824370863
   2.4730000e+01  0.0022836804206870865
   2.4735000e+01   0.0022848973484370866
   2.4740000e+01   0.0023051357839370865
   2.4745000e+01   0.0023487105061870866
   2.4750000e+01   0.0024143940986870865
   2.4755000e+01   0.0024946873861870864
   2.4760000e+01   0.0025754668311870864
   2.4765000e+01   0.0026371031361870864
   2.4770000e+01  0.0026582509061870863
   2.4775000e+01  0.0026221919761870863
   2.4780000e+01  0.0025235489486870864
   2.4785000e+01  0.0023719918286870863
   2.4790000e+01  0.0021904377936870865
   2.4795000e+01  0.0020078538936870866
   2.4800000e+01  0.0018495295661870865
   2.4805000e+01  0.0017290410036870864
   2.4810000e+01  0.0016454930636870865
   2.4815000e+01  0.0015873434316870864
   2.4820000e+01  0.0015410751944370865
   2.4825000e+01  0.0015004299956870866
   2.4830000e+01  0.0014712389386870865
   2.4835000e+01   0.0014689226819370866
   2.4840000e+01   0.0015097780136870867
   2.4845000e+01   0.0016008897936870866
   2.4850000e+01   0.0017343737761870866
   2.4855000e+01   0.0018890047986870866
   2.4860000e+01   0.0020380123961870867
   2.4865000e+01   0.002158835131187087
   2.4870000e+01   0.002240467636187087
   2.4875000e+01   0.0022859963736870867
   2.4880000e+01   0.0023101775141870866
   2.4885000e+01   0.0023332939556870865
   2.4890000e+01   0.0023731442941870864
   2.4895000e+01   0.0024374583491870863
   2.4900000e+01   0.0025193605641870864
   2.4905000e+01   0.0025981303441870865
   2.4910000e+01   0.0026459784866870867
   2.4915000e+01  0.0026392100156870865
   2.4920000e+01  0.0025699872946870865
   2.4925000e+01  0.0024539708321870864
   2.4930000e+01  0.0023299474621870865
   2.4935000e+01  0.0022501133544370867
   2.4940000e+01   0.0022633021416870866
   2.4945000e+01   0.0023968161416870865
   2.4950000e+01   0.0026439525041870864
   2.4955000e+01   0.0029626594716870864
   2.4960000e+01   0.0032863607491870864
   2.4965000e+01   0.0035428722041870864
   2.4970000e+01   0.0036741263941870864
   2.4975000e+01  0.0036497029891870863
   2.4980000e+01  0.0034705531941870865
   2.4985000e+01  0.0031638063216870866
   2.4990000e+01  0.0027727504041870866
   2.4995000e+01  0.0023465065866870864
   2.5000000e+01  0.0019319132966870863
   2.5005000e+01  0.0015676688691870864
   2.5010000e+01  0.0012798892191870864
   2.5015000e+01  0.0010792530941870864
   2.5020000e+01  0.0009612434241870864
   2.5025000e+01  0.0009107718961870863
   2.5030000e+01   0.0009103418889370863
   2.5035000e+01   0.0009483657996870864
   2.5040000e+01   0.0010234021496870864
   2.5045000e+01   0.0011418679121870865
   2.5050000e+01   0.0013102048346870865
   2.5055000e+01   0.0015253834171870865
   2.5060000e+01   0.0017684351496870866
   2.5065000e+01   0.0020043679046870865
   2.5070000e+01   0.0021893125046870865
   2.5075000e+01   0.0022830499284370864
   2.5080000e+01  0.0022628615046870865
   2.5085000e+01  0.0021335863196870865
   2.5090000e+01  0.0019294853546870864
   2.5095000e+01  0.0017061237246870865
   2.5100000e+01  0.0015242452721870865
   2.5105000e+01  0.0014310629701870866
   2.5110000e+01   0.0014459335456870866
   2.5115000e+01   0.0015560756581870865
   2.5120000e+01   0.0017241231506870864
   2.5125000e+01   0.0019044464456870864
   2.5130000e+01   0.0020614566031870864
   2.5135000e+01   0.0021821962131870864
   2.5140000e+01   0.0022779217756870866
   2.5145000e+01   0.0023742389906870865
   2.5150000e+01   0.0024946364406870864
   2.5155000e+01   0.0026454315456870864
   2.5160000e+01   0.002809403558187086
   2.5165000e+01   0.0029509708156870863
   2.5170000e+01   0.003030060941687086
   2.5175000e+01  0.0030179303201870863
   2.5180000e+01  0.0029079322201870862
   2.5185000e+01  0.0027171979201870864
   2.5190000e+01  0.0024794572551870863
   2.5195000e+01  0.0022327631126870862
   2.5200000e+01  0.002007448670187086
   2.5205000e+01  0.0018189195476870862
   2.5210000e+01  0.0016674132976870863
   2.5215000e+01  0.0015438121501870864
   2.5220000e+01  0.0014382151226870865
   2.5225000e+01  0.0013470928526870866
   2.5230000e+01  0.0012757490551870865
   2.5235000e+01  0.0012351969211870865
   2.5240000e+01   0.0012354056894370866
   2.5245000e+01   0.0012786762841870867
   2.5250000e+01   0.0013566051791870867
   2.5255000e+01   0.0014519868216870866
   2.5260000e+01   0.0015445453441870866
   2.5265000e+01   0.0016179388191870866
   2.5270000e+01   0.0016653072154370866
   2.5275000e+01   0.0016912040661870866
   2.5280000e+01   0.0017087506681870866
   2.5285000e+01   0.0017324850521870867
   2.5290000e+01   0.0017695779216870867
   2.5295000e+01   0.0018138156476870868
   2.5300000e+01   0.0018464739306870868
   2.5305000e+01  0.0018452290044370869
   2.5310000e+01  0.0017976811681870868
   2.5315000e+01  0.0017125001406870868
   2.5320000e+01  0.0016211852706870867
   2.5325000e+01  0.0015676036151870867
   2.5330000e+01   0.0015888591396870867
   2.5335000e+01   0.0016962059571870866
   2.5340000e+01   0.0018657460771870867
   2.5345000e+01   0.0020446640421870866
   2.5350000e+01   0.0021712938896870865
   2.5355000e+01  0.0021999735879370866
   2.5360000e+01  0.0021186502936870865
   2.5365000e+01  0.0019509075236870865
   2.5370000e+01  0.0017427336886870865
   2.5375000e+01  0.0015425254786870866
   2.5380000e+01  0.0013851420461870865
   2.5385000e+01  0.0012861821036870866
   2.5390000e+01  0.0012451330491870865
   2.5395000e+01   0.0012514764934370866
   2.5400000e+01   0.0012889704199370866
   2.5405000e+01   0.0013378791116870866
   2.5410000e+01   0.0013780749051870865
   2.5415000e+01   0.0013948034203370866
   2.5420000e+01  0.0013849366019870865
   2.5425000e+01  0.0013589320942370864
   2.5430000e+01  0.0013354460434870864
   2.5435000e+01   0.0013306406557370865
   2.5440000e+01   0.0013486108827370864
   2.5445000e+01   0.0013792757329870865
   2.5450000e+01   0.0014051915464870866
   2.5455000e+01  0.0014125146630620865
   2.5460000e+01  0.0013985350331370864
   2.5465000e+01  0.0013711283273870863
   2.5470000e+01  0.0013418442956370862
   2.5475000e+01  0.0013189195038870861
   2.5480000e+01  0.0013055443596370862
   2.5485000e+01   0.0013033532391120862
   2.5490000e+01   0.0013162738545870862
   2.5495000e+01   0.0013498171553370862
   2.5500000e+01   0.0014054784640870862
   2.5505000e+01   0.0014749878415870861
   2.5510000e+01   0.001540272419087086
   2.5515000e+01   0.0015811641345870862
   2.5520000e+01  0.0015870366220870863
   2.5525000e+01  0.0015650129435870862
   2.5530000e+01  0.0015386979563370862
   2.5535000e+01   0.0015368027958370862
   2.5540000e+01   0.001577177154587086
   2.5545000e+01   0.0016548115745870862
   2.5550000e+01   0.0017404142620870862
   2.5555000e+01   0.0017904923168370862
   2.5560000e+01  0.001764054494087086
   2.5565000e+01  0.001638406396587086
   2.5570000e+01  0.001417865551587086
   2.5575000e+01  0.001132932496587086
   2.5580000e+01  0.000831223494087086
   2.5585000e+01  0.0005640117340870859
   2.5590000e+01  0.00037326019408708596
   2.5595000e+01  0.00028342214908708596
   2.5600000e+01   0.00029993139408708596
   2.5605000e+01   0.00041298793908708595
   2.5610000e+01   0.0006028988765870859
   2.5615000e+01   0.000843587626587086
   2.5620000e+01   0.0011036795690870858
   2.5625000e+01   0.0013474572115870858
   2.5630000e+01   0.0015385002290870858
   2.5635000e+01   0.0016466111565870858
   2.5640000e+01  0.001655621583087086
   2.5645000e+01  0.0015683190370870859
   2.5650000e+01  0.0014059349920870858
   2.5655000e+01  0.0012023043445870858
   2.5660000e+01  0.0009950831695870858
   2.5665000e+01  0.0008171328820870858
   2.5670000e+01  0.0006904054495870858
   2.5675000e+01  0.0006232339803370859
   2.5680000e+01   0.0006107627130870858
   2.5685000e+01   0.0006378141908370858
   2.5690000e+01   0.0006835668638370859
   2.5695000e+01   0.0007273239213370859
   2.5700000e+01   0.0007540468195870859
   2.5705000e+01  0.0007577815245870859
   2.5710000e+01  0.0007416078053370859
   2.5715000e+01  0.0007144474955870859
   2.5720000e+01  0.0006868325333370859
   2.5725000e+01  0.0006680948803370859
   2.5730000e+01   0.000666002746087086
   2.5735000e+01   0.000687694042587086
   2.5740000e+01   0.0007395343590870859
   2.5745000e+01   0.0008242998490870859
   2.5750000e+01   0.0009364558515870859
   2.5755000e+01   0.001058581224087086
   2.5760000e+01   0.001162338351587086
   2.5765000e+01   0.001215244744837086
   2.5770000e+01  0.001191130118087086
   2.5775000e+01  0.001079794983087086
   2.5780000e+01  0.000891613690587086
   2.5785000e+01  0.000655492385587086
   2.5790000e+01  0.000411912790587086
   2.5795000e+01  0.00020454695808708596
   2.5800000e+01  7.307485808708594e-5
   2.5805000e+01   4.7439178087085935e-5
   2.5810000e+01   0.00014224682308708596
   2.5815000e+01   0.00035097839308708594
   2.5820000e+01   0.0006422174505870859
   2.5825000e+01   0.0009615805155870859
   2.5830000e+01   0.001241497435587086
   2.5835000e+01   0.001417170358087086
   2.5840000e+01  0.001443584118087086
   2.5845000e+01  0.0013076097005870861
   2.5850000e+01  0.0010312769305870861
   2.5855000e+01  0.0006657171930870862
   2.5860000e+01  0.0002783024705870861
   2.5865000e+01  -6.289549191291393e-5
   2.5870000e+01  -0.0003031558644129139
   2.5875000e+01  -0.0004106215891629139
   2.5880000e+01   -0.0003799532039129139
   2.5885000e+01   -0.00023048229141291388
   2.5890000e+01   -2.8224141291387857e-7
   2.5895000e+01   0.0002621441410870861
   2.5900000e+01   0.0005069739660870862
   2.5905000e+01   0.0006914242060870861
   2.5910000e+01   0.0007858455618370862
   2.5915000e+01  0.0007766024050870862
   2.5920000e+01  0.0006660956775870862
   2.5925000e+01  0.0004715020025870862
   2.5930000e+01  0.00022361918008708618
   2.5935000e+01  -3.468489491291384e-5
   2.5940000e+01  -0.00025295896741291384
   2.5945000e+01  -0.0003829140174129138
   2.5950000e+01   -0.0003924238149129138
   2.5955000e+01   -0.00027838356991291384
   2.5960000e+01   -7.122396491291384e-5
   2.5965000e+01   0.00017313096508708614
   2.5970000e+01   0.00039161290758708616
   2.5975000e+01   0.0005346098800870862
   2.5980000e+01  0.0005795321463370862
   2.5985000e+01  0.0005322358075870862
   2.5990000e+01  0.00041796026008708624
   2.5995000e+01  0.00026840714258708626
   2.6000000e+01  0.00011194439258708624
   2.6005000e+01  -2.984443491291377e-5
   2.6010000e+01  -0.00014085651741291375
   2.6015000e+01  -0.00020861849466291375
   2.6020000e+01   -0.00022521663916291376
   2.6025000e+01   -0.00019110166891291377
   2.6030000e+01   -0.00011877717891291377
   2.6035000e+01   -3.2637011412913765e-5
   2.6040000e+01   3.669029108708623e-5
   2.6045000e+01  6.167923381208623e-5
   2.6050000e+01  2.6688826537086237e-5
   2.6055000e+01  -6.786090846291376e-5
   2.6060000e+01  -0.00020740229846291376
   2.6065000e+01  -0.00036952266846291377
   2.6070000e+01  -0.0005311263009629138
   2.6075000e+01  -0.0006733813159629138
   2.6080000e+01  -0.0007834683434629139
   2.6085000e+01  -0.0008541754899629139
   2.6090000e+01  -0.0008829585444629139
   2.6095000e+01   -0.0008712833657129139
   2.6100000e+01   -0.0008241481889629139
   2.6105000e+01   -0.0007495438564629139
   2.6110000e+01   -0.0006578469764629139
   2.6115000e+01   -0.0005609512164629139
   2.6120000e+01   -0.00047053307396291384
   2.6125000e+01   -0.00039523103646291386
   2.6130000e+01   -0.00033787130696291386
   2.6135000e+01   -0.0002948533222129139
   2.6140000e+01   -0.00025896731621291385
   2.6145000e+01   -0.00022455075371291384
   2.6150000e+01   -0.00019196971071291385
   2.6155000e+01   -0.00016862374971291384
   2.6160000e+01  -0.00016582366096291382
   2.6165000e+01  -0.0001932839384629138
   2.6170000e+01  -0.0002540710399629138
   2.6175000e+01  -0.0003423593674629138
   2.6180000e+01  -0.0004449118899629138
   2.6185000e+01  -0.0005455646299629138
   2.6190000e+01  -0.0006306887624629138
   2.6195000e+01  -0.0006931278099629138
   2.6200000e+01  -0.0007328502337129138
   2.6205000e+01  -0.0007543558639629138
   2.6210000e+01  -0.0007627845576129137
   2.6215000e+01   -0.0007614211057629137
   2.6220000e+01   -0.0007521873640129138
   2.6225000e+01   -0.0007383860835129138
   2.6230000e+01   -0.0007271000922629137
   2.6235000e+01  -0.0007287250005129138
   2.6240000e+01  -0.0007531245832629138
   2.6245000e+01  -0.0008043799017629137
   2.6250000e+01  -0.0008772925142629137
   2.6255000e+01  -0.0009578626242629137
   2.6260000e+01  -0.0010275105642629137
   2.6265000e+01  -0.0010685902412629136
   2.6270000e+01   -0.0010684576907629135
   2.6275000e+01   -0.0010211826107629136
   2.6280000e+01   -0.0009281715307629135
   2.6285000e+01   -0.0007993260932629135
   2.6290000e+01   -0.0006544713257629135
   2.6295000e+01   -0.0005225928382629135
   2.6300000e+01   -0.0004364170357629135
   2.6305000e+01  -0.0004226655525129135
   2.6310000e+01  -0.0004919216467629135
   2.6315000e+01  -0.0006335067917629135
   2.6320000e+01  -0.0008186093267629135
   2.6325000e+01  -0.0010103654417629134
   2.6330000e+01  -0.0011757387267629135
   2.6335000e+01  -0.0012935452142629135
   2.6340000e+01  -0.0013560772592629135
   2.6345000e+01   -0.0013660820925129134
   2.6350000e+01   -0.0013331203182629133
   2.6355000e+01   -0.0012720813007629133
   2.6360000e+01   -0.0012032983507629133
   2.6365000e+01   -0.0011513559195129133
   2.6370000e+01  -0.0011403587250129132
   2.6375000e+01  -0.0011864718892629132
   2.6380000e+01  -0.0012913086267629132
   2.6385000e+01  -0.0014400026842629132
   2.6390000e+01  -0.0016054821242629132
   2.6395000e+01  -0.0017573832467629132
   2.6400000e+01  -0.0018722115867629131
   2.6405000e+01  -0.0019414714590129131
   2.6410000e+01  -0.0019758101410129133
   2.6415000e+01  -0.0020045658575129134
   2.6420000e+01  -0.0020708909867629133
   2.6425000e+01  -0.002223141849262913
   2.6430000e+01  -0.0025040110192629133
   2.6435000e+01  -0.002939865071762913
   2.6440000e+01  -0.003533215296762913
   2.6445000e+01  -0.004260552171762913
   2.6450000e+01  -0.005076082521762913
   2.6455000e+01  -0.005920111496762913
   2.6460000e+01  -0.006729753921762913
   2.6465000e+01  -0.007449494771762913
   2.6470000e+01  -0.008039464521762914
   2.6475000e+01  -0.008479942234262914
   2.6480000e+01  -0.008771770791762914
   2.6485000e+01  -0.008934021216762913
   2.6490000e+01  -0.009001353822512914
   2.6495000e+01  -0.009022727590012913
   2.6500000e+01  -0.009060415636762914
   2.6505000e+01  -0.009185860754262913
   2.6510000e+01  -0.009469460359262914
   2.6515000e+01  -0.009965357001762914
   2.6520000e+01  -0.010696890676762914
   2.6525000e+01  -0.011649597276762914
   2.6530000e+01  -0.012774979726762914
   2.6535000e+01  -0.014002129751762914
   2.6540000e+01  -0.015250110101762915
   2.6545000e+01  -0.016434841951762914
   2.6550000e+01  -0.017469384776762915
   2.6555000e+01  -0.018262182326762917
   2.6560000e+01  -0.018720143949262916
   2.6565000e+01   -0.018761054379262915
   2.6570000e+01   -0.018334678011762917
   2.6575000e+01   -0.017447253461762915
   2.6580000e+01   -0.016181918386762917
   2.6585000e+01   -0.014707968711762916
   2.6590000e+01   -0.013273581311762915
   2.6595000e+01   -0.012178825961762915
   2.6600000e+01   -0.011728684259262915
   2.6605000e+01  -0.012170484206762915
   2.6610000e+01  -0.013627136281762915
   2.6615000e+01  -0.016044632481762914
   2.6620000e+01  -0.019174317256762913
   2.6625000e+01  -0.022602929406762912
   2.6630000e+01  -0.025827618956762912
   2.6635000e+01  -0.02835702860676291
   2.6640000e+01  -0.02981162505676291
   2.6645000e+01   -0.02999866798676291
   2.6650000e+01   -0.02894505731676291
   2.6655000e+01   -0.02688105626676291
   2.6660000e+01   -0.02418012761676291
   2.6665000e+01   -0.02127453324176291
   2.6670000e+01   -0.01857598719176291
   2.6675000e+01   -0.01642641084176291
   2.6680000e+01   -0.015085701041762909
   2.6685000e+01  -0.01474366425176291
   2.6690000e+01  -0.015535448261762909
   2.6695000e+01  -0.017545715111762908
   2.6700000e+01  -0.02079678451176291
   2.6705000e+01  -0.02522139453676291
   2.6710000e+01  -0.03062303988676291
   2.6715000e+01  -0.03663321313676291
   2.6720000e+01  -0.042686675636762914
   2.6725000e+01  -0.04804395396176291
   2.6730000e+01  -0.05188239143676291
   2.6735000e+01  -0.05345075461926291
   2.6740000e+01   -0.05225020802676291
   2.6745000e+01   -0.04818583765176291
   2.6750000e+01   -0.04163858515176291
   2.6755000e+01   -0.0334318454017629
   2.6760000e+01   -0.0246957796517629
   2.6765000e+01   -0.016656383401762904
   2.6770000e+01   -0.010395059401762906
   2.6775000e+01   -0.006637092476762906
   2.6780000e+01  -0.005625533159262906
   2.6785000e+01  -0.007111788941762906
   2.6790000e+01  -0.010451856216762907
   2.6795000e+01  -0.014761111166762906
   2.6800000e+01  -0.019073107316762906
   2.6805000e+01  -0.022468647291762907
   2.6810000e+01  -0.024169638791762905
   2.6815000e+01   -0.023609115491762905
   2.6820000e+01   -0.020491833916762906
   2.6825000e+01   -0.014853740216762907
   2.6830000e+01   -0.0071133679667629065
   2.6835000e+01   0.0019138742832370947
   2.6840000e+01   0.011080755783237094
   2.6845000e+01   0.019079708783237094
   2.6850000e+01   0.024704194658237096
   2.6855000e+01   0.027134619533237096
   2.6860000e+01  0.026156178983237095
   2.6865000e+01  0.022222421433237095
   2.6870000e+01  0.016318672433237095
   2.6875000e+01  0.009648647433237095
   2.6880000e+01  0.003247596183237095
   2.6885000e+01  -0.002322981316762905
   2.6890000e+01  -0.007062757266762905
   2.6895000e+01  -0.011360960591762906
   2.6900000e+01  -0.015648355741762904
   2.6905000e+01  -0.020038138816762904
   2.6910000e+01  -0.024122052191762906
   2.6915000e+01  -0.027016481966762908
   2.6920000e+01   -0.027647729791762908
   2.6925000e+01   -0.025166717916762907
   2.6930000e+01   -0.019325436166762907
   2.6935000e+01   -0.010655694666762907
   2.6940000e+01   -0.00036718891676290784
   2.6945000e+01   0.01000628658323709
   2.6950000e+01   0.019088037583237093
   2.6955000e+01   0.026098292583237093
   2.6960000e+01   0.031093085733237092
   2.6965000e+01   0.03489478610823709
   2.6970000e+01   0.03870007780823709
   2.6975000e+01   0.04347808028323709
   2.6980000e+01   0.04938736328323709
   2.6985000e+01   0.055472581033237094
   2.6990000e+01   0.05980698610823709
   2.6995000e+01  0.060063869883237093
   2.7000000e+01  0.05432355808323709
   2.7005000e+01  0.041833446583237094
   2.7010000e+01  0.023455745333237094
   2.7015000e+01  0.0016367170832370936
   2.7020000e+01  -0.02011735616676291
   2.7025000e+01  -0.038102808916762904
   2.7030000e+01  -0.0493398731667629
   2.7035000e+01   -0.0522626981917629
   2.7040000e+01   -0.0470056022167629
   2.7045000e+01   -0.0352776257167629
   2.7050000e+01   -0.0199234807167629
   2.7055000e+01   -0.004287357216762898
   2.7060000e+01   0.008512226783237101
   2.7065000e+01   0.016264070083237103
   2.7070000e+01  0.018134328608237105
   2.7075000e+01  0.014779013583237105
   2.7080000e+01  0.008057165333237106
   2.7085000e+01  0.00043636108323710614
   2.7090000e+01  -0.005725796641762893
   2.7095000e+01  -0.008815236691762892
   2.7100000e+01   -0.008327620741762892
   2.7105000e+01   -0.004853413316762891
   2.7110000e+01   0.00031652483323710897
   2.7115000e+01   0.005818748583237108
   2.7120000e+01   0.010822752208237108
   2.7125000e+01   0.015356167933237108
   2.7130000e+01   0.02021107053323711
   2.7135000e+01   0.026470726283237107
   2.7140000e+01   0.03484535528323711
   2.7145000e+01   0.045080521033237106
   2.7150000e+01   0.05569892903323711
   2.7155000e+01   0.0642479810332371
   2.7160000e+01   0.0680393225332371
   2.7165000e+01  0.0651305087832371
   2.7170000e+01  0.055144859033237105
   2.7175000e+01  0.039576097533237105
   2.7180000e+01  0.021464029033237103
   2.7185000e+01  0.004596835283237101
   2.7190000e+01  -0.007468581966762901
   2.7195000e+01  -0.012303021966762901
   2.7200000e+01   -0.009241616466762902
   2.7205000e+01   0.00036440003323709794
   2.7210000e+01   0.013387299783237097
   2.7215000e+01   0.025690353533237096
   2.7220000e+01   0.0332873428582371
   2.7225000e+01  0.0335479619082371
   2.7230000e+01  0.026001092633237098
   2.7235000e+01  0.0124020373832371
   2.7240000e+01  -0.003969211866762901
   2.7245000e+01  -0.019478892616762902
   2.7250000e+01  -0.0312934548667629
   2.7255000e+01  -0.0380817707417629
   2.7260000e+01   -0.0400766001342629
   2.7265000e+01   -0.0386009508017629
   2.7270000e+01   -0.0353527506517629
   2.7275000e+01   -0.0317558002267629
   2.7280000e+01   -0.0285747889267629
   2.7285000e+01   -0.0258527512517629
   2.7290000e+01   -0.0231209498767629
   2.7295000e+01   -0.0197645364017629
   2.7300000e+01   -0.0154004816767629
   2.7305000e+01   -0.0101400150517629
   2.7310000e+01   -0.0046581085517628995
   2.7315000e+01   -5.3253251762899224e-5
   2.7320000e+01   0.002466124623237101
   2.7325000e+01  0.001984486973237101
   2.7330000e+01  -0.0017580645017628992
   2.7335000e+01  -0.0081921335017629
   2.7340000e+01  -0.016039953501762898
   2.7345000e+01  -0.023719878751762898
   2.7350000e+01  -0.029879784501762898
   2.7355000e+01  -0.033817569601762895
   2.7360000e+01  -0.0355879654517629
   2.7365000e+01   -0.035767627696762894
   2.7370000e+01   -0.035059898191762896
   2.7375000e+01   -0.0340138332667629
   2.7380000e+01   -0.0330181028667629
   2.7385000e+01   -0.0324836682717629
   2.7390000e+01  -0.0329535688517629
   2.7395000e+01  -0.034933804026762896
   2.7400000e+01  -0.0384897756767629
   2.7405000e+01  -0.0428878889017629
   2.7410000e+01  -0.0465847217767629
   2.7415000e+01   -0.0476659060767629
   2.7420000e+01   -0.044578557051762904
   2.7425000e+01   -0.036855461551762905
   2.7430000e+01   -0.025536043801762904
   2.7435000e+01   -0.013086969551762903
   2.7440000e+01   -0.0027685005517629046
   2.7445000e+01   0.0024128239482370953
   2.7450000e+01  0.0008037139482370949
   2.7455000e+01  -0.007229664051762906
   2.7460000e+01  -0.019432615551762907
   2.7465000e+01  -0.03257837305176291
   2.7470000e+01  -0.0437353020517629
   2.7475000e+01  -0.05126347980176291
   2.7480000e+01  -0.055098877801762904
   2.7485000e+01  -0.056298327431762905
   2.7490000e+01   -0.056191302374262904
   2.7495000e+01   -0.05560645858676291
   2.7500000e+01   -0.054501947511762905
   2.7505000e+01   -0.05207728186176291
   2.7510000e+01   -0.047240573436762905
   2.7515000e+01   -0.039210015686762904
   2.7520000e+01   -0.028021431686762903
   2.7525000e+01   -0.014768982436762902
   2.7530000e+01   -0.0015159936867629002
   2.7535000e+01   0.0090598515632371
   2.7540000e+01   0.014157241588237099
   2.7545000e+01  0.011387295863237099
   2.7550000e+01  -0.0006613241367629009
   2.7555000e+01  -0.021860702386762902
   2.7560000e+01  -0.05014915013676291
   2.7565000e+01  -0.08157189838676292
   2.7570000e+01  -0.11093464563676292
   2.7575000e+01  -0.13297384063676293
   2.7580000e+01  -0.14369127188676292
   2.7585000e+01   -0.14144235013676293
   2.7590000e+01   -0.12749032838676294
   2.7595000e+01   -0.10589054563676295
   2.7600000e+01   -0.08266624113676295
   2.7605000e+01   -0.06434863188676294
   2.7610000e+01   -0.056167252261762945
   2.7615000e+01  -0.060428511386762945
   2.7620000e+01  -0.07570293388676294
   2.7625000e+01  -0.09720226638676294
   2.7630000e+01  -0.11824922413676293
   2.7635000e+01  -0.13229964863676294
   2.7640000e+01   -0.13481033766176295
   2.7645000e+01   -0.12438612893676296
   2.7650000e+01   -0.10293638993676296
   2.7655000e+01   -0.07486310318676297
   2.7660000e+01   -0.04553955843676297
   2.7665000e+01   -0.019540497436762966
   2.7670000e+01   0.0007802618132370341
   2.7675000e+01   0.015817405813237033
   2.7680000e+01   0.028112686563237035
   2.7685000e+01   0.040871720813237034
   2.7690000e+01   0.05625045756323704
   2.7695000e+01   0.07417448231323703
   2.7700000e+01   0.09222822031323703
   2.7705000e+01   0.10669467231323704
   2.7710000e+01   0.11431642298823703
   2.7715000e+01  0.11399023811323704
   2.7720000e+01  0.10759116781323703
   2.7725000e+01  0.09950591631323703
   2.7730000e+01  0.09506258853823703
   2.7735000e+01   0.09854202751323703
   2.7740000e+01   0.11159279251323703
   2.7745000e+01   0.13263962926323702
   2.7750000e+01   0.15745073626323702
   2.7755000e+01   0.18060246451323703
   2.7760000e+01   0.19727115726323702
   2.7765000e+01   0.20467126183823703
   2.7770000e+01  0.20260764291323702
   2.7775000e+01  0.192998201413237
   2.7780000e+01  0.178690175913237
   2.7785000e+01  0.162196637663237
   2.7790000e+01  0.144953198663237
   2.7795000e+01  0.127370755413237
   2.7800000e+01  0.109530961913237
   2.7805000e+01  0.092048749913237
   2.7810000e+01  0.076539962163237
   2.7815000e+01  0.065320126663237
   2.7820000e+01  0.060371094413237
   2.7825000e+01   0.062071176963237
   2.7830000e+01   0.068418565263237
   2.7835000e+01   0.075284794013237
   2.7840000e+01  0.077687406038237
   2.7845000e+01  0.071520884813237
   2.7850000e+01  0.054995264063237
   2.7855000e+01  0.029269195063236997
   2.7860000e+01  -0.0018262454367630049
   2.7865000e+01  -0.032787283436763
   2.7870000e+01  -0.057867497186763005
   2.7875000e+01  -0.07259217543676301
   2.7880000e+01   -0.074943848086763
   2.7885000e+01   -0.06582347698676301
   2.7890000e+01   -0.04860774898676301
   2.7895000e+01   -0.027977524236763012
   2.7900000e+01   -0.008480247736763011
   2.7905000e+01   0.00664737601323699
   2.7910000e+01   0.01602314726323699
   2.7915000e+01   0.019917462513236988
   2.7920000e+01  0.01946595456323699
   2.7925000e+01  0.015670615863236988
   2.7930000e+01  0.008641814613236987
   2.7935000e+01  -0.002575700886763012
   2.7940000e+01  -0.019508042136763014
   2.7945000e+01  -0.043294689636763015
   2.7950000e+01  -0.07368669788676302
   2.7955000e+01  -0.10848052663676302
   2.7960000e+01  -0.14371975813676302
   2.7965000e+01  -0.17463723913676302
   2.7970000e+01  -0.19689736588676301
   2.7975000e+01  -0.207530913586763
   2.7980000e+01   -0.20521976378676302
   2.7985000e+01   -0.19010688878676302
   2.7990000e+01   -0.16361870978676302
   2.7995000e+01   -0.128587312786763
   2.8000000e+01   -0.08944296128676299
   2.8005000e+01   -0.05194064703676299
   2.8010000e+01   -0.022111171286762987
   2.8015000e+01   -0.004686331036762987
   2.8020000e+01  -0.001654360111762987
   2.8025000e+01  -0.011572562686762987
   2.8030000e+01  -0.029908117686762985
   2.8035000e+01  -0.05028001743676298
   2.8040000e+01  -0.06620915368676299
   2.8045000e+01  -0.07285678796176298
   2.8050000e+01   -0.06821929973676298
   2.8055000e+01   -0.05338880798676298
   2.8060000e+01   -0.031817644736762976
   2.8065000e+01   -0.007933313486762978
   2.8070000e+01   0.014291530013237026
   2.8075000e+01   0.032265037013237026
   2.8080000e+01   0.04495867976323703
   2.8085000e+01   0.05246390601323703
   2.8090000e+01   0.055285452913237026
   2.8095000e+01  0.053822410438237024
   2.8100000e+01  0.048399300813237026
   2.8105000e+01  0.03990352306323702
   2.8110000e+01  0.030624538063237023
   2.8115000e+01  0.024544912538237023
   2.8120000e+01   0.026448343763237025
   2.8125000e+01   0.03987876176323703
   2.8130000e+01   0.06485452501323702
   2.8135000e+01   0.09669258001323702
   2.8140000e+01   0.12690558051323703
   2.8145000e+01   0.14604766576323702
   2.8150000e+01  0.14726721451323702
   2.8155000e+01  0.12888808076323702
   2.8160000e+01  0.09483364651323703
   2.8165000e+01  0.05279291326323703
   2.8170000e+01  0.01108160751323703
   2.8175000e+01  -0.024328408736762973
   2.8180000e+01  -0.05132332623676297
   2.8185000e+01  -0.07116635523676297
   2.8190000e+01  -0.08645129148676298
   2.8195000e+01  -0.09867898173676298
   2.8200000e+01  -0.10681727548676298
   2.8205000e+01   -0.10765237126176298
   2.8210000e+01   -0.09771585678676298
   2.8215000e+01   -0.07566367628676297
   2.8220000e+01   -0.04374723278676298
   2.8225000e+01   -0.007565420036762978
   2.8230000e+01   0.02577629671323703
   2.8235000e+01   0.05020678521323703
   2.8240000e+01   0.06278079846323703
   2.8245000e+01  0.06444897331323703
   2.8250000e+01  0.059266173413237026
   2.8255000e+01  0.05250805141323703
   2.8260000e+01  0.04863638311323703
   2.8265000e+01   0.05004352456323703
   2.8270000e+01   0.05700917981323703
   2.8275000e+01   0.06860149656323704
   2.8280000e+01   0.08376813756323703
   2.8285000e+01   0.10187151506323704
   2.8290000e+01   0.12238345156323704
   2.8295000e+01   0.14405129006323705
   2.8300000e+01   0.16420907081323705
   2.8305000e+01   0.17883018706323706
   2.8310000e+01  0.18346844441323706
   2.8315000e+01  0.17469974151323706
   2.8320000e+01  0.15138117501323706
   2.8325000e+01  0.11513972476323706
   2.8330000e+01  0.06989269251323706
   2.8335000e+01  0.020654639013237053
   2.8340000e+01  -0.02780388723676295
   2.8345000e+01  -0.07181914673676296
   2.8350000e+01  -0.10880569598676296
   2.8355000e+01  -0.13636659348676294
   2.8360000e+01  -0.15109604398676293
   2.8365000e+01   -0.14797549073676294
   2.8370000e+01   -0.12116320498676295
   2.8375000e+01   -0.06633799248676295
   2.8380000e+01   0.016172105013237056
   2.8385000e+01   0.11895389501323705
   2.8390000e+01   0.22727028251323705
   2.8395000e+01   0.32176175751323705
   2.8400000e+01   0.38359043851323704
   2.8405000e+01  0.40035931151323706
   2.8410000e+01  0.3705827560132371
   2.8415000e+01  0.3048373635132371
   2.8420000e+01  0.2228829935132371
   2.8425000e+01  0.1475548460132371
   2.8430000e+01  0.09749797451323709
   2.8435000e+01   0.0813551926382371
   2.8440000e+01   0.09556760351323709
   2.8445000e+01   0.1265819285132371
   2.8450000e+01   0.15648511201323712
   2.8455000e+01   0.1697147497132371
   2.8460000e+01  0.15821187416323712
   2.8465000e+01  0.12328836216323713
   2.8470000e+01  0.07400006366323714
   2.8475000e+01  0.023125443413237134
   2.8480000e+01  -0.017551705586762868
   2.8485000e+01  -0.041033504586762866
   2.8490000e+01   -0.04681700708676287
   2.8495000e+01   -0.04005786258676287
   2.8500000e+01   -0.028614167086762867
   2.8505000e+01   -0.019277527086762867
   2.8510000e+01   -0.014902305011762866
   2.8515000e+01   -0.013701400361762865
   2.8520000e+01   -0.010861576286762865
   2.8525000e+01   -0.001513006786762864
   2.8530000e+01   0.01640106646323714
   2.8535000e+01   0.04053526721323714
   2.8540000e+01   0.06431985596323714
   2.8545000e+01   0.07871777846323713
   2.8550000e+01  0.07495183321323713
   2.8555000e+01  0.04740978971323713
   2.8560000e+01  -0.004106968036762866
   2.8565000e+01  -0.07354700803676287
   2.8570000e+01  -0.14966097303676285
   2.8575000e+01  -0.21887822803676285
   2.8580000e+01  -0.26923624053676287
   2.8585000e+01  -0.29399365203676286
   2.8590000e+01   -0.29343394803676287
   2.8595000e+01   -0.27396084128676285
   2.8600000e+01   -0.24479014453676284
   2.8605000e+01   -0.21379872953676285
   2.8610000e+01   -0.18463286203676285
   2.8615000e+01   -0.15654691728676284
   2.8620000e+01   -0.12690083303676283
   2.8625000e+01   -0.09469434278676284
   2.8630000e+01   -0.06292472928676283
   2.8635000e+01   -0.03828758778676283
   2.8640000e+01   -0.028315290211762833
   2.8645000e+01  -0.037490745886762836
   2.8650000e+01  -0.06437713463676284
   2.8655000e+01  -0.10119743713676284
   2.8660000e+01  -0.13604564788676285
   2.8665000e+01  -0.15673813363676284
   2.8670000e+01   -0.15475766838676283
   2.8675000e+01   -0.12791507688676285
   2.8680000e+01   -0.08099245938676285
   2.8685000e+01   -0.024360946886762845
   2.8690000e+01   0.028868738863237153
   2.8695000e+01   0.06627896336323716
   2.8700000e+01  0.07918696863823715
   2.8705000e+01  0.06447473591323716
   2.8710000e+01  0.024785799163237157
   2.8715000e+01  -0.03277104833676285
   2.8720000e+01  -0.09876494833676285
   2.8725000e+01  -0.16359883833676286
   2.8730000e+01  -0.21909585083676286
   2.8735000e+01  -0.25945145358676286
   2.8740000e+01  -0.28186199258676287
   2.8745000e+01   -0.2870532597617629
   2.8750000e+01   -0.2794738681867629
   2.8755000e+01   -0.2665732451867629
   2.8760000e+01   -0.2568131906867629
   2.8765000e+01  -0.2568357981867629
   2.8770000e+01  -0.2689636899367629
   2.8775000e+01  -0.2902988511867629
   2.8780000e+01  -0.31394863468676293
   2.8785000e+01  -0.33179313243676295
   2.8790000e+01   -0.33742090748676296
   2.8795000e+01   -0.32785924428676294
   2.8800000e+01   -0.30348151978676297
   2.8805000e+01   -0.266542128786763
   2.8810000e+01   -0.21955017678676297
   2.8815000e+01   -0.16467122928676298
   2.8820000e+01   -0.10451105678676298
   2.8825000e+01   -0.04350266428676298
   2.8830000e+01   0.011518278213237025
   2.8835000e+01   0.05257560446323702
   2.8840000e+01   0.07343940246323702
   2.8845000e+01  0.07266981996323701
   2.8850000e+01  0.05500094646323701
   2.8855000e+01  0.03009715671323701
   2.8860000e+01  0.009168361963237007
   2.8865000e+01  0.0009828888882370077
   2.8870000e+01   0.008872908063237008
   2.8875000e+01   0.029612015063237008
   2.8880000e+01   0.05423736006323701
   2.8885000e+01   0.07044246406323701
   2.8890000e+01  0.06602030281323701
   2.8895000e+01  0.032690855063237004
   2.8900000e+01  -0.030621335936763
   2.8905000e+01  -0.116201745936763
   2.8910000e+01  -0.208611390936763
   2.8915000e+01  -0.288592588436763
   2.8920000e+01  -0.33882421643676297
   2.8925000e+01   -0.349510823436763
   2.8930000e+01   -0.32157329043676297
   2.8935000e+01   -0.26607761093676296
   2.8940000e+01   -0.20013438843676296
   2.8945000e+01   -0.14099988593676294
   2.8950000e+01   -0.10072110293676292
   2.8955000e+01   -0.08315077818676292
   2.8960000e+01  -0.08396208293676292
   2.8965000e+01  -0.09317197668676293
   2.8970000e+01  -0.09909469143676293
   2.8975000e+01   -0.09251383568676293
   2.8980000e+01   -0.06990294443676293
   2.8985000e+01   -0.03470547518676293
   2.8990000e+01   0.003796470813237071
   2.8995000e+01   0.033627948313237066
   2.9000000e+01  0.044067074988237066
   2.9005000e+01  0.02892236391323707
   2.9010000e+01  -0.01186856108676293
   2.9015000e+01  -0.07249668358676294
   2.9020000e+01  -0.14288401108676294
   2.9025000e+01  -0.21088112608676293
   2.9030000e+01  -0.26448592258676296
   2.9035000e+01  -0.29382413708676297
   2.9040000e+01   -0.29279750608676297
   2.9045000e+01   -0.260228701086763
   2.9050000e+01   -0.200181460086763
   2.9055000e+01   -0.12116983008676299
   2.9060000e+01   -0.034271285086763
   2.9065000e+01   0.049456679913237
   2.9070000e+01   0.121609989913237
   2.9075000e+01   0.17840399716323702
   2.9080000e+01   0.221299159913237
   2.9085000e+01   0.255848233913237
   2.9090000e+01   0.28890698166323703
   2.9095000e+01   0.325159382663237
   2.9100000e+01   0.36443479891323705
   2.9105000e+01   0.40105156991323704
   2.9110000e+01   0.42547505866323704
   2.9115000e+01  0.42754407891323704
   2.9120000e+01  0.40001473166323703
   2.9125000e+01  0.34131543391323704
   2.9130000e+01  0.25685375641323704
   2.9135000e+01  0.15858947641323706
   2.9140000e+01  0.06283872141323706
   2.9145000e+01  -0.013406373586762943
   2.9150000e+01  -0.05688103358676295
   2.9155000e+01   -0.06195722108676295
   2.9160000e+01   -0.03270063533676295
   2.9165000e+01   0.017911405413237054
   2.9170000e+01   0.07170466791323706
   2.9175000e+01   0.11088821616323706
   2.9180000e+01  0.12353716138823706
   2.9185000e+01  0.10694929286323707
   2.9190000e+01  0.06777345061323706
   2.9195000e+01  0.019260004113237056
   2.9200000e+01  -0.022874144886762947
   2.9205000e+01  -0.044280059636762945
   2.9210000e+01   -0.03455991013676295
   2.9215000e+01   0.011358889863237048
   2.9220000e+01   0.09254673486323706
   2.9225000e+01   0.20186050986323706
   2.9230000e+01   0.32651720236323706
   2.9235000e+01   0.44993934486323706
   2.9240000e+01   0.5549284173632371
   2.9245000e+01   0.6275045173632371
   2.9250000e+01   0.660227817863237
   2.9255000e+01  0.653800097113237
   2.9260000e+01  0.616258493363237
   2.9265000e+01  0.559914753363237
   2.9270000e+01  0.49705022836323703
   2.9275000e+01  0.43593841836323705
   2.9280000e+01  0.37878085836323705
   2.9285000e+01  0.322478950863237
   2.9290000e+01  0.26194469586323704
   2.9295000e+01  0.19435657586323704
   2.9300000e+01  0.12211130836323704
   2.9305000e+01  0.05273635336323704
   2.9310000e+01  -0.004411276386762968
   2.9315000e+01  -0.04304852038676297
   2.9320000e+01  -0.06387052263676297
   2.9325000e+01  -0.07522143963676298
   2.9330000e+01  -0.08982624638676298
   2.9335000e+01  -0.11881462013676297
   2.9340000e+01  -0.165717088636763
   2.9345000e+01  -0.22337162113676298
   2.9350000e+01  -0.275498031636763
   2.9355000e+01  -0.302527778636763
   2.9360000e+01   -0.289211865136763
   2.9365000e+01   -0.230703010136763
   2.9370000e+01   -0.13460853513676302
   2.9375000e+01   -0.018361300136763015
   2.9380000e+01   0.09685235236323697
   2.9385000e+01   0.193190592363237
   2.9390000e+01   0.261643949863237
   2.9395000e+01   0.303931278363237
   2.9400000e+01   0.330139413613237
   2.9405000e+01   0.353067227113237
   2.9410000e+01   0.381584190613237
   2.9415000e+01   0.415752981113237
   2.9420000e+01   0.445728143863237
   2.9425000e+01  0.45487073411323703
   2.9430000e+01  0.42585545786323703
   2.9435000e+01  0.347483525363237
   2.9440000e+01  0.21977237536323702
   2.9445000e+01  0.05558984786323701
   2.9450000e+01  -0.12170265713676298
   2.9455000e+01  -0.28385921963676297
   2.9460000e+01  -0.404912679636763
   2.9465000e+01  -0.467818569136763
   2.9470000e+01   -0.46876502963676303
   2.9475000e+01   -0.418055078136763
   2.9480000e+01   -0.33740175063676303
   2.9485000e+01   -0.25444422063676303
   2.9490000e+01   -0.19611401588676303
   2.9495000e+01  -0.18282540738676303
   2.9500000e+01  -0.22500742863676304
   2.9505000e+01  -0.322348688636763
   2.9510000e+01  -0.464974038636763
   2.9515000e+01  -0.6353700661367631
   2.9520000e+01  -0.8103867861367631
   2.9525000e+01  -0.9635074136367631
   2.9530000e+01  -1.068020916136763
   2.9535000e+01   -1.1013785813867631
   2.9540000e+01   -1.0501198141367631
   2.9545000e+01   -0.9139350041367631
   2.9550000e+01   -0.7072251041367631
   2.9555000e+01   -0.4570773241367631
   2.9560000e+01   -0.1977095741367631
   2.9565000e+01   0.03726751086323693
   2.9570000e+01   0.22248430836323693
   2.9575000e+01   0.3459443358632369
   2.9580000e+01   0.4101116186132369
   2.9585000e+01   0.4288745214882369
   2.9590000e+01  0.4217233426132369
   2.9595000e+01  0.4072785196132369
   2.9600000e+01  0.3982641312382369
   2.9605000e+01   0.3992577926132369
   2.9610000e+01   0.4074163298632369
   2.9615000e+01   0.4153283791132369
   2.9620000e+01  0.4145724603632369
   2.9625000e+01  0.3986439971132369
   2.9630000e+01  0.3645401871132369
   2.9635000e+01  0.3130630563632369
   2.9640000e+01  0.2483425813632369
   2.9645000e+01  0.1769708113632369
   2.9650000e+01  0.10671412386323689
   2.9655000e+01  0.044561328863236896
   2.9660000e+01  -0.005775523886763105
   2.9665000e+01  -0.0460386153867631
   2.9670000e+01  -0.0839116041367631
   2.9675000e+01  -0.1308326516367631
   2.9680000e+01  -0.19744781163676312
   2.9685000e+01  -0.2884867141367631
   2.9690000e+01  -0.3994673066367631
   2.9695000e+01  -0.5169451616367631
   2.9700000e+01  -0.6224192816367631
   2.9705000e+01  -0.6983739266367631
   2.9710000e+01  -0.7340112468867631
   2.9715000e+01   -0.7283304778867631
   2.9720000e+01   -0.689296841136763
   2.9725000e+01   -0.629549263636763
   2.9730000e+01   -0.5606946211367629
   2.9735000e+01   -0.48887391863676294
   2.9740000e+01   -0.4135306761367629
   2.9745000e+01   -0.3295749536367629
   2.9750000e+01   -0.23147550363676295
   2.9755000e+01   -0.11716552363676296
   2.9760000e+01   0.009853976363237052
   2.9765000e+01   0.14081024136323705
   2.9770000e+01   0.2640765263632371
   2.9775000e+01   0.36884326386323707
   2.9780000e+01   0.44870486886323707
   2.9785000e+01   0.5036060093632371
   2.9790000e+01   0.5390873763632371
   2.9795000e+01   0.5631109761132371
   2.9800000e+01   0.5822197198632372
   2.9805000e+01   0.5992612861132371
   2.9810000e+01   0.6138446986132371
   2.9815000e+01   0.6247695041132371
   2.9820000e+01   0.6322870496132371
   2.9825000e+01   0.6382336128632371
   2.9830000e+01   0.643644096363237
   2.9835000e+01  0.645286951563237
   2.9840000e+01  0.633482260513237
   2.9845000e+01  0.593117783763237
   2.9850000e+01  0.508340761263237
   2.9855000e+01  0.36974204376323705
   2.9860000e+01  0.18157000126323705
   2.9865000e+01  -0.034088801236762944
   2.9870000e+01  -0.23889076623676292
   2.9875000e+01  -0.3867047937367629
   2.9880000e+01   -0.4373003607367629
   2.9885000e+01   -0.3706688302367629
   2.9890000e+01   -0.1961318252367629
   2.9895000e+01   0.048066659763237124
   2.9900000e+01   0.3052154322632371
   2.9905000e+01   0.5171185772632371
   2.9910000e+01   0.6416388622632371
   2.9915000e+01  0.6647456145132371
   2.9920000e+01  0.602991166763237
   2.9925000e+01  0.4956694492632371
   2.9930000e+01  0.38963814426323706
   2.9935000e+01  0.32262327026323706
   2.9940000e+01   0.3114283955132371
   2.9945000e+01   0.3492881772632371
   2.9950000e+01   0.4125498772632371
   2.9955000e+01   0.47296793976323714
   2.9960000e+01   0.5100253277632372
   2.9965000e+01  0.5184210102632372
   2.9970000e+01  0.5083935102632372
   2.9975000e+01  0.4995391469882372
   2.9980000e+01   0.5111056179632372
   2.9985000e+01   0.5527643752132372
   2.9990000e+01   0.6194179527132372
   2.9995000e+01   0.6919301802132372
   3.0000000e+01   0.7433976949632372
   3.0005000e+01  0.7485209114632372
   3.0010000e+01  0.6925004007132372
   3.0015000e+01  0.5760882682132371
   3.0020000e+01  0.4149521057132371
   3.0025000e+01  0.2338458057132371
   3.0030000e+01  0.05824113321323707
   3.0035000e+01  -0.09300243428676294
   3.0040000e+01  -0.21114404678676293
   3.0045000e+01  -0.29650171178676293
   3.0050000e+01  -0.35425332978676294
   3.0055000e+01  -0.38972667928676297
   3.0060000e+01  -0.40556833153676297
   3.0065000e+01   -0.401823143036763
   3.0070000e+01   -0.37830963828676295
   3.0075000e+01   -0.3375726187867629
   3.0080000e+01   -0.28654605228676294
   3.0085000e+01   -0.23578854703676294
   3.0090000e+01   -0.19638072503676293
   3.0095000e+01   -0.17579184078676294
   3.0100000e+01  -0.17466956878676293
   3.0105000e+01  -0.18615799353676293
   3.0110000e+01  -0.19810715128676293
   3.0115000e+01   -0.19715918453676293
   3.0120000e+01   -0.17304993803676294
   3.0125000e+01   -0.12177375928676293
   3.0130000e+01   -0.04699978928676293
   3.0135000e+01   0.04032614071323706
   3.0140000e+01   0.12404587821323707
   3.0145000e+01   0.18619790471323708
   3.0150000e+01   0.21109228411323708
   3.0155000e+01  0.18900148026323707
   3.0160000e+01  0.11841946351323708
   3.0165000e+01  0.0063722885132370816
   3.0170000e+01  -0.1329831289867629
   3.0175000e+01  -0.2807584289867629
   3.0180000e+01  -0.41604567148676286
   3.0185000e+01  -0.5185896289867629
   3.0190000e+01  -0.5713560144867629
   3.0195000e+01   -0.5629892894867629
   3.0200000e+01   -0.49000155148676283
   3.0205000e+01   -0.35826608648676284
   3.0210000e+01   -0.1831543939867628
   3.0215000e+01   0.012319611013237225
   3.0220000e+01   0.2015233985132372
   3.0225000e+01   0.35975122851323715
   3.0230000e+01   0.46983090101323716
   3.0235000e+01   0.5259976005132372
   3.0240000e+01  0.5346687172632372
   3.0245000e+01  0.5118277260132371
   3.0250000e+01  0.4779702362632371
   3.0255000e+01  0.4524085125132371
   3.0260000e+01   0.4487943982632371
   3.0265000e+01   0.4730111692632371
   3.0270000e+01   0.5235073995132371
   3.0275000e+01   0.5932653545132371
   3.0280000e+01   0.6722780470132371
   3.0285000e+01   0.7496655820132371
   3.0290000e+01   0.8151579070132371
   3.0295000e+01   0.8602460935132371
   3.0300000e+01   0.8794816780132371
   3.0305000e+01  0.8720351612632371
   3.0310000e+01  0.842981665513237
   3.0315000e+01  0.803383066763237
   3.0320000e+01  0.768428110763237
   3.0325000e+01  0.753601588438237
   3.0330000e+01   0.769703111113237
   3.0335000e+01   0.818141082863237
   3.0340000e+01   0.888090707863237
   3.0345000e+01   0.9567905653632369
   3.0350000e+01   0.9934783351132369
   3.0355000e+01  0.9663221823632369
   3.0360000e+01  0.8504946123632369
   3.0365000e+01  0.6348052373632369
   3.0370000e+01  0.3245674323632369
   3.0375000e+01  -0.060321642636763095
   3.0380000e+01  -0.4913023126367631
   3.0385000e+01  -0.938801547636763
   3.0390000e+01  -1.3787622826367631
   3.0395000e+01  -1.795720770136763
   3.0400000e+01  -2.181572870136763
   3.0405000e+01  -2.5311775776367633
   3.0410000e+01  -2.8376375376367635
   3.0415000e+01  -3.0903926976367635
   3.0420000e+01  -3.2776313626367637
   3.0425000e+01  -3.3917074401367637
   3.0430000e+01  -3.434059939636764
   3.0435000e+01   -3.416172075636764
   3.0440000e+01   -3.3554883171367638
   3.0445000e+01   -3.268340319636764
   3.0450000e+01   -3.1637010021367638
   3.0455000e+01   -3.0409075246367636
   3.0460000e+01   -2.8920145821367638
   3.0465000e+01   -2.706915144636764
   3.0470000e+01   -2.478350049636764
   3.0475000e+01   -2.204773727136764
   3.0480000e+01   -1.890835682136764
   3.0485000e+01   -1.546582914636764
   3.0490000e+01   -1.186553374636764
   3.0495000e+01   -0.828980477136764
   3.0500000e+01   -0.49439012713676406
   3.0505000e+01   -0.20281351213676407
   3.0510000e+01   0.03032743786323594
   3.0515000e+01   0.19859859036323593
   3.0520000e+01   0.3076706703632359
   3.0525000e+01   0.37591628786323594
   3.0530000e+01   0.43196995536323596
   3.0535000e+01   0.509607630363236
   3.0540000e+01   0.641034685363236
   3.0545000e+01   0.850069025363236
   3.0550000e+01   1.146712832863236
   3.0555000e+01   1.5243333878632361
   3.0560000e+01   1.9602623828632362
   3.0565000e+01   2.4200531603632363
   3.0570000e+01   2.8647537453632363
   3.0575000e+01   3.2594067953632364
   3.0580000e+01   3.5800982403632364
   3.0585000e+01   3.8170103978632364
   3.0590000e+01   3.9724202103632362
   3.0595000e+01   4.054823048613236
   3.0600000e+01  4.072092654113236
   3.0605000e+01  4.026739131363236
   3.0610000e+01  3.9148366538632358
   3.0615000e+01  3.7281061463632357
   3.0620000e+01  3.4573456638632356
   3.0625000e+01  3.0955690038632357
   3.0630000e+01  2.640320716363236
   3.0635000e+01  2.095533441363236
   3.0640000e+01  1.473248016363236
   3.0645000e+01  0.794782541363236
   3.0650000e+01  0.09040139136323588
   3.0655000e+01  -0.603142958636764
   3.0660000e+01  -1.246803708636764
   3.0665000e+01  -1.803882283636764
   3.0670000e+01  -2.2438018861367643
   3.0675000e+01  -2.5445244661367643
   3.0680000e+01  -2.694072901136764
   3.0685000e+01   -2.691878311136764
   3.0690000e+01   -2.550058713636764
   3.0695000e+01   -2.2937927936367637
   3.0700000e+01   -1.9594590486367638
   3.0705000e+01   -1.5896372761367639
   3.0710000e+01   -1.225350398636764
   3.0715000e+01   -0.8974833861367639
   3.0720000e+01   -0.620266481136764
   3.0725000e+01   -0.389324098636764
   3.0730000e+01   -0.18507299613676395
   3.0735000e+01   0.019930651363236074
   3.0740000e+01   0.25257754886323613
   3.0745000e+01   0.5326771338632361
   3.0750000e+01   0.8700311888632362
   3.0755000e+01   1.2650442538632363
   3.0760000e+01   1.7114099613632363
   3.0765000e+01   2.1989721913632363
   3.0770000e+01   2.715357966363236
   3.0775000e+01   3.2460008663632363
   3.0780000e+01   3.7732151663632365
   3.0785000e+01   4.275588443863237
   3.0790000e+01   4.728807413863237
   3.0795000e+01   5.108092068863237
   3.0800000e+01   5.391143268863237
   3.0805000e+01   5.559779813863237
   3.0810000e+01  5.599030258613237
   3.0815000e+01  5.494277315863237
   3.0820000e+01  5.228908308363237
   3.0825000e+01  4.785217155863236
   3.0830000e+01  4.1494582558632365
   3.0835000e+01  3.3190916808632367
   3.0840000e+01  2.3084304308632366
   3.0845000e+01  1.1494728558632366
   3.0850000e+01  -0.11269456913676357
   3.0855000e+01  -1.4276718691367636
   3.0860000e+01  -2.7471003941367638
   3.0865000e+01  -4.028789744136764
   3.0870000e+01  -5.2369888691367645
   3.0875000e+01  -6.340322719136765
   3.0880000e+01  -7.309830919136765
   3.0885000e+01  -8.118898019136765
   3.0890000e+01  -8.745342194136764
   3.0895000e+01  -9.174663854136764
   3.0900000e+01  -9.403083519136764
   3.0905000e+01   -9.439231369136765
   3.0910000e+01   -9.303573649136766
   3.0915000e+01   -9.024876476636766
   3.0920000e+01   -8.633865599136767
   3.0925000e+01   -8.155949804136768
   3.0930000e+01   -7.606356429136768
   3.0935000e+01   -6.990647979136768
   3.0940000e+01   -6.3109415791367685
   3.0945000e+01   -5.574835254136769
   3.0950000e+01   -4.802375904136769
   3.0955000e+01   -4.027378604136769
   3.0960000e+01   -3.2920811541367687
   3.0965000e+01   -2.6368482541367686
   3.0970000e+01   -2.0884520416367685
   3.0975000e+01   -1.6511116266367685
   3.0980000e+01   -1.3038477291367685
   3.0985000e+01   -1.0057583091367683
   3.0990000e+01   -0.7080705766367683
   3.0995000e+01   -0.3693475091367683
   3.1000000e+01   0.031010863363231722
   3.1005000e+01   0.4854730108632317
   3.1010000e+01   0.9600167733632317
   3.1015000e+01   1.4047277083632317
   3.1020000e+01   1.7704759233632317
   3.1025000e+01   2.026625220863232
   3.1030000e+01   2.1741124408632317
   3.1035000e+01   2.249530925863232
   3.1040000e+01   2.318755698363232
   3.1045000e+01   2.462126635863232
   3.1050000e+01   2.755810363363232
   3.1055000e+01   3.254657745863232
   3.1060000e+01   3.980751070863232
   3.1065000e+01   4.919837470863232
   3.1070000e+01   6.025809645863232
   3.1075000e+01   7.231574345863232
   3.1080000e+01   8.463129595863231
   3.1085000e+01   9.652854420863232
   3.1090000e+01   10.748415845863232
   3.1095000e+01   11.715350745863232
   3.1100000e+01   12.533610870863232
   3.1105000e+01   13.190209220863231
   3.1110000e+01   13.67097705336323
   3.1115000e+01   13.95433606336323
   3.1120000e+01  14.00916278586323
   3.1125000e+01  13.79740655836323
   3.1130000e+01  13.28035098586323
   3.1135000e+01  12.42605106086323
   3.1140000e+01  11.21549306086323
   3.1145000e+01  9.646466935863229
   3.1150000e+01  7.735771860863229
   3.1155000e+01  5.520761010863229
   3.1160000e+01  3.0601740108632285
   3.1165000e+01  0.43287611086322864
   3.1170000e+01  -2.2671299641367715
   3.1175000e+01  -4.939851639136772
   3.1180000e+01  -7.491123314136772
   3.1185000e+01  -9.844116964136772
   3.1190000e+01  -11.947306739136772
   3.1195000e+01  -13.776611339136773
   3.1200000e+01  -15.331018364136773
   3.1205000e+01  -16.622540389136773
   3.1210000e+01  -17.662666139136775
   3.1215000e+01  -18.448700964136776
   3.1220000e+01  -18.954384149136775
   3.1225000e+01   -19.129084577386774
   3.1230000e+01   -18.907751178136774
   3.1235000e+01   -18.229704610636773
   3.1240000e+01   -17.05997808563677
   3.1245000e+01   -15.404769560636772
   3.1250000e+01   -13.314378485636773
   3.1255000e+01   -10.872361260636772
   3.1260000e+01   -8.175963960636771
   3.1265000e+01   -5.316789835636771
   3.1270000e+01   -2.369961210636771
   3.1275000e+01   0.604847489363229
   3.1280000e+01   3.5534439643632294
   3.1285000e+01   6.41551796436323
   3.1290000e+01   9.11906443936323
   3.1295000e+01   11.58504698936323
   3.1300000e+01   13.74117663936323
   3.1305000e+01   15.53885218936323
   3.1310000e+01   16.965045414363228
   3.1315000e+01   18.042395589363228
   3.1320000e+01   18.81575156436323
   3.1325000e+01   19.32981738686323
   3.1330000e+01   19.60727145186323
   3.1335000e+01  19.63724467936323
   3.1340000e+01  19.37998165436323
   3.1345000e+01  18.786648044363233
   3.1350000e+01  17.826476044363233
   3.1355000e+01  16.509617144363233
   3.1360000e+01  14.895108369363232
   3.1365000e+01  13.079332419363231
   3.1370000e+01  11.168980294363232
   3.1375000e+01  9.249749669363231
   3.1380000e+01  7.363989169363231
   3.1385000e+01  5.506038669363231
   3.1390000e+01  3.6356215443632305
   3.1395000e+01  1.7019841193632304
   3.1400000e+01  -0.33171153063676995
   3.1405000e+01  -2.47231808063677
   3.1410000e+01  -4.692637330636771
   3.1415000e+01  -6.937981330636771
   3.1420000e+01  -9.13859720563677
   3.1425000e+01  -11.22215115563677
   3.1430000e+01  -13.121796455636769
   3.1435000e+01  -14.77845265563677
   3.1440000e+01  -16.13932013063677
   3.1445000e+01  -17.156494155636768
   3.1450000e+01  -17.78882385313677
   3.1455000e+01  -18.00745593463677
   3.1460000e+01   -17.80250908863677
   3.1465000e+01   -17.186828508636772
   3.1470000e+01   -16.193730808636772
   3.1475000e+01   -14.868627108636773
   3.1480000e+01   -13.257684033636773
   3.1485000e+01   -11.398344233636772
   3.1490000e+01   -9.315834608636772
   3.1495000e+01   -7.0274499586367725
   3.1500000e+01   -4.553623408636772
   3.1505000e+01   -1.9323116336367718
   3.1510000e+01   0.7686679413632285
   3.1515000e+01   3.4473935663632287
   3.1520000e+01   5.976145391363229
   3.1525000e+01   8.222389116363228
   3.1530000e+01   10.076772666363228
   3.1535000e+01   11.478021491363227
   3.1540000e+01   12.424279866363227
   3.1545000e+01   12.965282041363228
   3.1550000e+01   13.178163066363227
   3.1555000e+01  13.137665501363227
   3.1560000e+01  12.894266991363226
   3.1565000e+01  12.469195746363226
   3.1570000e+01  11.865888546363227
   3.1575000e+01  11.088903821363226
   3.1580000e+01  10.158604246363227
   3.1585000e+01  9.113969221363227
   3.1590000e+01  8.003377046363227
   3.1595000e+01  6.869368121363227
   3.1600000e+01  5.735375746363227
   3.1605000e+01  4.600427721363227
   3.1610000e+01  3.4439578713632266
   3.1615000e+01  2.2389965213632266
   3.1620000e+01  0.9690337713632267
   3.1625000e+01  -0.3577253536367735
   3.1630000e+01  -1.7025367286367734
   3.1635000e+01  -3.0017074286367733
   3.1640000e+01  -4.182083228636773
   3.1645000e+01  -5.180636828636773
   3.1650000e+01  -5.960453828636774
   3.1655000e+01  -6.517025501136773
   3.1660000e+01  -6.873232646136773
   3.1665000e+01  -7.066468101136773
   3.1670000e+01  -7.134286860386773
   3.1675000e+01   -7.104336427136773
   3.1680000e+01   -6.990971959636773
   3.1685000e+01   -6.797435389636773
   3.1690000e+01   -6.5209100146367724
   3.1695000e+01   -6.158301249636772
   3.1700000e+01   -5.711786382136772
   3.1705000e+01   -5.193654117136772
   3.1710000e+01   -4.629567467136772
   3.1715000e+01   -4.058940942136772
   3.1720000e+01   -3.531450407136772
   3.1725000e+01   -3.0999216021367717
   3.1730000e+01   -2.8113047946367717
   3.1735000e+01   -2.698183018636772
   3.1740000e+01  -2.772843457636772
   3.1745000e+01  -3.024829440136772
   3.1750000e+01  -3.421939117636772
   3.1755000e+01  -3.914242265136772
   3.1760000e+01  -4.440553690136772
   3.1765000e+01  -4.936491932636772
   3.1770000e+01  -5.342750030136773
   3.1775000e+01  -5.6118995151367725
   3.1780000e+01  -5.712331050636773
   3.1785000e+01   -5.628898633636773
   3.1790000e+01   -5.361179218636773
   3.1795000e+01   -4.921300076136773
   3.1800000e+01   -4.333195976136773
   3.1805000e+01   -3.633603651136773
   3.1810000e+01   -2.8728366011367727
   3.1815000e+01   -2.112056226136773
   3.1820000e+01   -1.4147618261367727
   3.1825000e+01   -0.8334372761367727
   3.1830000e+01   -0.39583275613677266
   3.1835000e+01   -0.09678439113677262
   3.1840000e+01   0.10039116636322742
   3.1845000e+01   0.2529930313632274
   3.1850000e+01   0.42241899636322744
   3.1855000e+01   0.6574267688632274
   3.1860000e+01   0.9815327613632274
   3.1865000e+01   1.3867592138632274
   3.1870000e+01   1.8342003888632274
   3.1875000e+01   2.2609681813632276
   3.1880000e+01   2.5924200788632277
   3.1885000e+01   2.7576191163632275
   3.1890000e+01  2.7049146963632276
   3.1895000e+01  2.4140313588632276
   3.1900000e+01  1.9015695438632276
   3.1905000e+01  1.2183278188632276
   3.1910000e+01  0.43897929386322754
   3.1915000e+01  -0.3532261061367725
   3.1920000e+01  -1.0826761561367726
   3.1925000e+01  -1.6944126811367726
   3.1930000e+01  -2.1610341486367726
   3.1935000e+01  -2.4823862911367724
   3.1940000e+01  -2.6787745461367725
   3.1945000e+01  -2.7800558761367724
   3.1950000e+01  -2.8142231096367722
   3.1955000e+01   -2.7994617131367723
   3.1960000e+01   -2.7424734206367725
   3.1965000e+01   -2.6431082356367726
   3.1970000e+01   -2.502159855636773
   3.1975000e+01   -2.3273849556367727
   3.1980000e+01   -2.1337211531367726
   3.1985000e+01   -1.9370475731367724
   3.1990000e+01   -1.7447483556367724
   3.1995000e+01   -1.5483881231367724
   3.2000000e+01   -1.3227473206367724
   3.2005000e+01   -1.0321084056367724
   3.2010000e+01   -0.6412014681367724
   3.2015000e+01   -0.12650935313677236
   3.2020000e+01   0.5158332718632277
   3.2025000e+01   1.267432321863228
   3.2030000e+01   2.090273821863228
   3.2035000e+01   2.933311896863228
   3.2040000e+01   3.741102371863228
   3.2045000e+01   4.462443521863228
   3.2050000e+01   5.057395146863228
   3.2055000e+01   5.501925746863228
   3.2060000e+01   5.790114494363229
   3.2065000e+01   5.933672421863228
   3.2070000e+01  5.957988542613228
   3.2075000e+01  5.894226180863228
   3.2080000e+01  5.768779785863228
   3.2085000e+01  5.5936659483632285
   3.2090000e+01  5.362361593363229
   3.2095000e+01  5.054056150863229
   3.2100000e+01  4.645632283363229
   3.2105000e+01  4.126737173363229
   3.2110000e+01  3.5112486233632287
   3.2115000e+01  2.8395182983632288
   3.2120000e+01  2.1695774983632288
   3.2125000e+01  1.5602657483632287
   3.2130000e+01  1.0527828733632287
   3.2135000e+01  0.6578457108632287
   3.2140000e+01  0.3532303008632287
   3.2145000e+01  0.09224911836322869
   3.2150000e+01  -0.1804362141367713
   3.2155000e+01  -0.5117168066367713
   3.2160000e+01  -0.9276196516367714
   3.2165000e+01  -1.4290382266367714
   3.2170000e+01  -1.9952935516367714
   3.2175000e+01  -2.5919613266367714
   3.2180000e+01  -3.178307326636771
   3.2185000e+01  -3.7112071866367713
   3.2190000e+01  -4.145575186636771
   3.2195000e+01  -4.434102269136771
   3.2200000e+01   -4.529706472386771
   3.2205000e+01   -4.39211430313677
   3.2210000e+01   -3.99678382313677
   3.2215000e+01   -3.34224939813677
   3.2220000e+01   -2.45252882313677
   3.2225000e+01   -1.37414569813677
   3.2230000e+01   -0.17038657313676997
   3.2235000e+01   1.08381715186323
   3.2240000e+01   2.30518570186323
   3.2245000e+01   3.40565660186323
   3.2250000e+01   4.29971322686323
   3.2255000e+01   4.91694137186323
   3.2260000e+01   5.217098561863231
   3.2265000e+01  5.20170112936323
   3.2270000e+01  4.91612537186323
   3.2275000e+01  4.43957094186323
   3.2280000e+01  3.86510594186323
   3.2285000e+01  3.27605696686323
   3.2290000e+01  2.7265147668632297
   3.2295000e+01  2.2321335993632294
   3.2300000e+01  1.7734389668632293
   3.2305000e+01  1.3093046518632292
   3.2310000e+01  0.7951227768632292
   3.2315000e+01  0.19960320186322922
   3.2320000e+01  -0.4842350981367707
   3.2325000e+01  -1.2358430231367707
   3.2330000e+01  -2.0115683231367707
   3.2335000e+01  -2.755177023136771
   3.2340000e+01  -3.411689198136771
   3.2345000e+01  -3.940570900636771
   3.2350000e+01  -4.323893120636771
   3.2355000e+01  -4.566364418136771
   3.2360000e+01  -4.687267428136771
   3.2365000e+01   -4.7079752221367706
   3.2370000e+01   -4.6408598811367705
   3.2375000e+01   -4.48465360113677
   3.2380000e+01   -4.22796768613677
   3.2385000e+01   -3.85857163113677
   3.2390000e+01   -3.37346649113677
   3.2395000e+01   -2.78501646613677
   3.2400000e+01   -2.12091654113677
   3.2405000e+01   -1.4188156661367697
   3.2410000e+01   -0.7183580411367697
   3.2415000e+01   -0.0537348661367697
   3.2420000e+01   0.5510109088632302
   3.2425000e+01   1.0830842163632302
   3.2430000e+01   1.5390657213632302
   3.2435000e+01   1.9217368288632302
   3.2440000e+01   2.23741328386323
   3.2445000e+01   2.49473225636323
   3.2450000e+01   2.70448431886323
   3.2455000e+01   2.87916039636323
   3.2460000e+01   3.03109437136323
   3.2465000e+01   3.16928976386323
   3.2470000e+01   3.29621324636323
   3.2475000e+01   3.4060060738632303
   3.2480000e+01   3.4847500763632304
   3.2485000e+01  3.5126502463882305
   3.2490000e+01  3.4679869689132303
   3.2495000e+01  3.3329387739132303
   3.2500000e+01  3.1007247314132305
   3.2505000e+01  2.7816832489132306
   3.2510000e+01  2.4043154839132304
   3.2515000e+01  2.0081361589132305
   3.2520000e+01  1.6290759014132306
   3.2525000e+01  1.2830795839132305
   3.2530000e+01  0.9559123014132305
   3.2535000e+01  0.6050025764132305
   3.2540000e+01  0.17363026891323052
   3.2545000e+01  -0.38777421608676954
   3.2550000e+01  -1.1012130910867697
   3.2555000e+01  -1.9489090410867698
   3.2560000e+01  -2.8735166660867697
   3.2565000e+01  -3.79070024108677
   3.2570000e+01  -4.60964716608677
   3.2575000e+01  -5.25405416608677
   3.2580000e+01  -5.67612886108677
   3.2585000e+01  -5.85976821108677
   3.2590000e+01   -5.81461996858677
   3.2595000e+01   -5.566951381086771
   3.2600000e+01   -5.153526043586771
   3.2605000e+01   -4.620955896086771
   3.2610000e+01   -4.027900096086771
   3.2615000e+01   -3.4446524960867713
   3.2620000e+01   -2.9461402110867714
   3.2625000e+01   -2.5990392910867715
   3.2630000e+01   -2.4481102713367715
   3.2635000e+01  -2.5078132690867716
   3.2640000e+01  -2.7623892840867716
   3.2645000e+01  -3.173245604086772
   3.2650000e+01  -3.6895231915867717
   3.2655000e+01  -4.257427391586772
   3.2660000e+01  -4.825692366586772
   3.2665000e+01  -5.347042146586772
   3.2670000e+01  -5.777470829086772
   3.2675000e+01  -6.075853436586772
   3.2680000e+01  -6.205675906836771
   3.2685000e+01   -6.139031657086771
   3.2690000e+01   -5.861416134586771
   3.2695000e+01   -5.375142302086771
   3.2700000e+01   -4.699666077086771
   3.2705000e+01   -3.868312727086771
   3.2710000e+01   -2.922175052086771
   3.2715000e+01   -1.9029144020867712
   3.2720000e+01   -0.8466436770867711
   3.2725000e+01   0.21923522291322883
   3.2730000e+01   1.2755683729132288
   3.2735000e+01   2.3084255479132287
   3.2740000e+01   3.3059460229132287
   3.2745000e+01   4.257490547913228
   3.2750000e+01   5.155807047913228
   3.2755000e+01   6.000307997913229
   3.2760000e+01   6.797950897913228
   3.2765000e+01   7.559142847913228
   3.2770000e+01   8.289217497913228
   3.2775000e+01   8.979231822913228
   3.2780000e+01   9.600927322913227
   3.2785000e+01   10.109065567913227
   3.2790000e+01   10.451026570413227
   3.2795000e+01   10.580320809913227
   3.2800000e+01  10.468972709413226
   3.2805000e+01  10.114156866913225
   3.2810000e+01  9.536680956913225
   3.2815000e+01  8.772057831913225
   3.2820000e+01  7.857935431913225
   3.2825000e+01  6.823370106913225
   3.2830000e+01  5.684780656913224
   3.2835000e+01  4.450291081913225
   3.2840000e+01  3.1300046069132246
   3.2845000e+01  1.7468381319132247
   3.2850000e+01  0.34233925691322487
   3.2855000e+01  -1.0258323680867751
   3.2860000e+01  -2.2946415680867753
   3.2865000e+01  -3.4112303930867753
   3.2870000e+01  -4.347749018086775
   3.2875000e+01  -5.109617018086775
   3.2880000e+01  -5.733166943086775
   3.2885000e+01  -6.272247768086775
   3.2890000e+01  -6.7778017855867745
   3.2895000e+01  -7.277931303086774
   3.2900000e+01  -7.766589675586774
   3.2905000e+01  -8.205770973086773
   3.2910000e+01  -8.540027620586773
   3.2915000e+01  -8.716426943086773
   3.2920000e+01   -8.701004975586773
   3.2925000e+01   -8.485518935586773
   3.2930000e+01   -8.083842873086773
   3.2935000e+01   -7.522182808086773
   3.2940000e+01   -6.829009383086773
   3.2945000e+01   -6.029179458086773
   3.2950000e+01   -5.143696883086773
   3.2955000e+01   -4.193650683086773
   3.2960000e+01   -3.205137408086773
   3.2965000e+01   -2.211844508086773
   3.2970000e+01   -1.2533713080867728
   3.2975000e+01   -0.3697026830867728
   3.2980000e+01   0.4056034919132273
   3.2985000e+01   1.0502677419132274
   3.2990000e+01   1.5542589094132273
   3.2995000e+01   1.9175263594132272
   3.3000000e+01   2.1471740094132272
   3.3005000e+01   2.256728226913227
   3.3010000e+01  2.267952587663227
   3.3015000e+01  2.212832548413227
   3.3020000e+01  2.132055230913227
   3.3025000e+01  2.067742256163227
   3.3030000e+01   2.051678236413227
   3.3035000e+01   2.093691426413227
   3.3040000e+01   2.175955791413227
   3.3045000e+01   2.2568070889132272
   3.3050000e+01  2.283172567913227
   3.3055000e+01  2.206470796913227
   3.3060000e+01  1.995452434413227
   3.3065000e+01  1.641737884413227
   3.3070000e+01  1.158162731913227
   3.3075000e+01  0.573611056913227
   3.3080000e+01  -0.071347843086773
   3.3085000e+01  -0.7261231930867731
   3.3090000e+01  -1.330784593086773
   3.3095000e+01  -1.819664443086773
   3.3100000e+01  -2.130793935586773
   3.3105000e+01   -2.220212030836773
   3.3110000e+01   -2.0758027910867733
   3.3115000e+01   -1.7235865235867733
   3.3120000e+01   -1.2220656985867735
   3.3125000e+01   -0.6460177735867735
   3.3130000e+01   -0.06636154858677357
   3.3135000e+01   0.4658626089132264
   3.3140000e+01   0.9261868689132264
   3.3145000e+01   1.3136072764132265
   3.3150000e+01   1.6408761214132266
   3.3155000e+01   1.9225029414132266
   3.3160000e+01   2.1637782914132266
   3.3165000e+01   2.3526604264132267
   3.3170000e+01   2.4557456331632266
   3.3175000e+01  2.4198343649132266
   3.3180000e+01  2.1806391749132263
   3.3185000e+01  1.6786291699132263
   3.3190000e+01  0.8787458949132263
   3.3195000e+01  -0.21255118008677365
   3.3200000e+01  -1.5401634800867738
   3.3205000e+01  -3.0071872300867737
   3.3210000e+01  -4.4939087300867735
   3.3215000e+01  -5.882038980086774
   3.3220000e+01  -7.075664430086774
   3.3225000e+01  -8.012783855086774
   3.3230000e+01  -8.665878455086773
   3.3235000e+01  -9.034170435086773
   3.3240000e+01   -9.132357604586772
   3.3245000e+01   -8.980452806586772
   3.3250000e+01   -8.597719471586773
   3.3255000e+01   -8.001543974086772
   3.3260000e+01   -7.210107499086772
   3.3265000e+01   -6.246433549086772
   3.3270000e+01   -5.141235999086772
   3.3275000e+01   -3.9330758490867725
   3.3280000e+01   -2.6660674990867723
   3.3285000e+01   -1.3866120240867723
   3.3290000e+01   -0.14043179908677228
   3.3295000e+01   1.0303110009132277
   3.3300000e+01   2.0914164759132277
   3.3305000e+01   3.0238128259132275
   3.3310000e+01   3.8322087509132277
   3.3315000e+01   4.550806000913227
   3.3320000e+01   5.240446675913227
   3.3325000e+01   5.9739739759132275
   3.3330000e+01   6.811862175913228
   3.3335000e+01   7.775565675913228
   3.3340000e+01   8.828594350913228
   3.3345000e+01   9.873645600913228
   3.3350000e+01   10.768898425913228
   3.3355000e+01   11.359912368413228
   3.3360000e+01  11.517935525913229
   3.3365000e+01  11.172793590913228
   3.3370000e+01  10.329984540913228
   3.3375000e+01  9.066982365913228
   3.3380000e+01  7.511293540913228
   3.3385000e+01  5.809313765913228
   3.3390000e+01  4.097286415913228
   3.3395000e+01  2.482600515913228
   3.3400000e+01  1.037389965913228
   3.3405000e+01  -0.19918525908677198
   3.3410000e+01  -1.215552384086772
   3.3415000e+01  -2.023013984086772
   3.3420000e+01  -2.652147034086772
   3.3425000e+01  -3.148410341586772
   3.3430000e+01  -3.5649194040867718
   3.3435000e+01  -3.9519722165867717
   3.3440000e+01  -4.3450929215867715
   3.3445000e+01  -4.7550136240867715
   3.3450000e+01  -5.163406154086772
   3.3455000e+01  -5.526906301586772
   3.3460000e+01  -5.789214016586772
   3.3465000e+01  -5.897821873336772
   3.3470000e+01   -5.819781567586772
   3.3475000e+01   -5.551058477586772
   3.3480000e+01   -5.116495857586772
   3.3485000e+01   -4.561091207586772
   3.3490000e+01   -3.936502532586772
   3.3495000e+01   -3.2880255325867718
   3.3500000e+01   -2.6462303825867717
   3.3505000e+01   -2.0247978575867718
   3.3510000e+01   -1.4234705325867716
   3.3515000e+01   -0.8338139075867715
   3.3520000e+01   -0.2458428575867715
   3.3525000e+01   0.3455007424132285
   3.3530000e+01   0.9347402424132285
   3.3535000e+01   1.5024838924132284
   3.3540000e+01   2.0162952799132285
   3.3545000e+01   2.4372592499132284
   3.3550000e+01   2.7314496624132283
   3.3555000e+01   2.8826079099132285
   3.3560000e+01  2.9005914686632286
   3.3565000e+01  2.8209355699132286
   3.3570000e+01  2.6942486174132285
   3.3575000e+01  2.5687396374132287
   3.3580000e+01  2.4726960824132287
   3.3585000e+01  2.4041883174132286
   3.3590000e+01  2.3321853324132285
   3.3595000e+01  2.2082237274132286
   3.3600000e+01  1.9835578949132286
   3.3605000e+01  1.6253403649132285
   3.3610000e+01  1.1268230449132286
   3.3615000e+01  0.5094078449132287
   3.3620000e+01  -0.1827580800867713
   3.3625000e+01  -0.8927930050867713
   3.3630000e+01  -1.5619255300867714
   3.3635000e+01  -2.138083405086771
   3.3640000e+01  -2.581077692586771
   3.3645000e+01  -2.865224605086771
   3.3650000e+01  -2.981008037336771
   3.3655000e+01   -2.936541124586771
   3.3660000e+01   -2.757935019586771
   3.3665000e+01   -2.4867090745867713
   3.3670000e+01   -2.173217139586771
   3.3675000e+01   -1.8674156120867713
   3.3680000e+01   -1.6103291270867715
   3.3685000e+01   -1.4294374170867714
   3.3690000e+01   -1.3388451750867714
   3.3695000e+01  -1.3422864380867714
   3.3700000e+01  -1.4357350905867714
   3.3705000e+01  -1.6073258580867713
   3.3710000e+01  -1.8346888830867714
   3.3715000e+01  -2.0822149655867714
   3.3720000e+01  -2.3017964205867716
   3.3725000e+01  -2.4395014680867715
   3.3730000e+01   -2.4477937380867716
   3.3735000e+01   -2.2996215255867716
   3.3740000e+01   -1.9986390505867715
   3.3745000e+01   -1.5802855530867714
   3.3750000e+01   -1.1017258855867715
   3.3755000e+01   -0.6235558455867716
   3.3760000e+01   -0.19028680558677158
   3.3765000e+01   0.18239902191322843
   3.3770000e+01   0.5085459119132284
   3.3775000e+01   0.8212859044132284
   3.3780000e+01   1.1560394344132283
   3.3785000e+01   1.5351384819132283
   3.3790000e+01   1.9599811569132284
   3.3795000e+01   2.4128398194132283
   3.3800000e+01   2.8661445594132284
   3.3805000e+01   3.2943321569132284
   3.3810000e+01   3.6829944919132283
   3.3815000e+01   4.031837136913229
   3.3820000e+01   4.350945134413228
   3.3825000e+01   4.652790506913228
   3.3830000e+01   4.9440672519132285
   3.3835000e+01   5.221077391913228
   3.3840000e+01   5.470242154413229
   3.3845000e+01   5.672553736913229
   3.3850000e+01   5.808953424413229
   3.3855000e+01   5.863726941913229
   3.3860000e+01  5.824859026913229
   3.3865000e+01  5.682557881913229
   3.3870000e+01  5.428267884413229
   3.3875000e+01  5.0557712569132285
   3.3880000e+01  4.564156389413228
   3.3885000e+01  3.9609458894132286
   3.3890000e+01  3.2635211894132286
   3.3895000e+01  2.4980369144132286
   3.3900000e+01  1.6963779144132287
   3.3905000e+01  0.8924877644132287
   3.3910000e+01  0.11929073941322865
   3.3915000e+01  -0.5932919605867715
   3.3920000e+01  -1.2195823605867715
   3.3925000e+01  -1.7395333305867715
   3.3930000e+01  -2.1410518480867715
   3.3935000e+01  -2.4231589905867716
   3.3940000e+01  -2.598500610586772
   3.3945000e+01  -2.692691123086772
   3.3950000e+01  -2.738376996086772
   3.3955000e+01  -2.764198278836772
   3.3960000e+01  -2.782117505086772
   3.3965000e+01   -2.7788715870867717
   3.3970000e+01   -2.7167310200867716
   3.3975000e+01   -2.5450474400867718
   3.3980000e+01   -2.218969852586772
   3.3985000e+01   -1.7179842000867718
   3.3990000e+01   -1.0566907750867718
   3.3995000e+01   -0.28364932508677176
   3.4000000e+01   0.5306439749132282
   3.4005000e+01   1.3112503499132282
   3.4010000e+01   1.9949531999132282
   3.4015000e+01   2.5401043949132283
   3.4020000e+01   2.9287732799132282
   3.4025000e+01   3.163135279913228
   3.4030000e+01   3.259555131663228
   3.4035000e+01  3.243358958413228
   3.4040000e+01  3.145733575913228
   3.4045000e+01  3.0025552584132282
   3.4050000e+01  2.853690448413228
   3.4055000e+01  2.740558918413228
   3.4060000e+01   2.699968520238228
   3.4065000e+01   2.7540676045632284
   3.4070000e+01   2.8994032820632283
   3.4075000e+01   3.100613327063228
   3.4080000e+01   3.2939218870632283
   3.4085000e+01   3.4018206668132285
   3.4090000e+01  3.3551269290632284
   3.4095000e+01  3.1150822740632282
   3.4100000e+01  2.6879965065632283
   3.4105000e+01  2.1275532315632284
   3.4110000e+01  1.5235829315632283
   3.4115000e+01  0.9797675140632284
   3.4120000e+01  0.5860900565632283
   3.4125000e+01  0.3943798665632283
   3.4130000e+01   0.4056668140632283
   3.4135000e+01   0.5748589490632283
   3.4140000e+01   0.8316666515632283
   3.4145000e+01   1.1093203815632282
   3.4150000e+01   1.3685378915632282
   3.4155000e+01   1.6063218790632283
   3.4160000e+01   1.8468713015632283
   3.4165000e+01   2.120881749063228
   3.4170000e+01   2.444592046563228
   3.4175000e+01   2.808533879063228
   3.4180000e+01   3.179655746563228
   3.4185000e+01   3.513535979063228
   3.4190000e+01   3.769491806563228
   3.4195000e+01   3.9216666940632283
   3.4200000e+01  3.9623570580632284
   3.4205000e+01  3.8978025495632282
   3.4210000e+01  3.7397622745632284
   3.4215000e+01  3.4975463570632286
   3.4220000e+01  3.1744338045632285
   3.4225000e+01  2.7698428120632284
   3.4230000e+01  2.2853436845632285
   3.4235000e+01  1.7303945845632285
   3.4240000e+01  1.1239937595632283
   3.4245000e+01  0.49125098456322835
   3.4250000e+01  -0.14262671543677174
   3.4255000e+01  -0.7567612654367718
   3.4260000e+01  -1.334716115436772
   3.4265000e+01  -1.861117997936772
   3.4270000e+01  -2.318572670436772
   3.4275000e+01  -2.688750680436772
   3.4280000e+01  -2.958544717936772
   3.4285000e+01  -3.128109730436772
   3.4290000e+01  -3.2151648304367724
   3.4295000e+01  -3.2510587734367724
   3.4300000e+01  -3.2685174219367723
   3.4305000e+01  -3.286148568686772
   3.4310000e+01  -3.2973198644617723
   3.4315000e+01   -3.269167621486772
   3.4320000e+01   -3.152392051486772
   3.4325000e+01   -2.897343458986772
   3.4330000e+01   -2.469593733986772
   3.4335000e+01   -1.859479833986772
   3.4340000e+01   -1.083587433986772
   3.4345000e+01   -0.1795915089867719
   3.4350000e+01   0.802271716013228
   3.4355000e+01   1.807871816013228
   3.4360000e+01   2.786058191013228
   3.4365000e+01   3.693339066013228
   3.4370000e+01   4.496850916013228
   3.4375000e+01   5.176004341013228
   3.4380000e+01   5.722469813513229
   3.4385000e+01   6.137687498513229
   3.4390000e+01   6.427635621013229
   3.4395000e+01   6.596213591013229
   3.4400000e+01  6.640305125013229
   3.4405000e+01  6.549848821513229
   3.4410000e+01  6.314135056513229
   3.4415000e+01  5.931813101513229
   3.4420000e+01  5.419066459013229
   3.4425000e+01  4.810483009013229
   3.4430000e+01  4.150785109013229
   3.4435000e+01  3.4807168590132287
   3.4440000e+01  2.8237997340132286
   3.4445000e+01  2.1803069340132284
   3.4450000e+01  1.5310351340132282
   3.4455000e+01  0.8485755840132281
   3.4460000e+01  0.11054770901322808
   3.4465000e+01  -0.6907340659867719
   3.4470000e+01  -1.544903015986772
   3.4475000e+01  -2.425851140986772
   3.4480000e+01  -3.297256365986772
   3.4485000e+01  -4.119102990986772
   3.4490000e+01  -4.8540430659867715
   3.4495000e+01  -5.473053015986771
   3.4500000e+01  -5.959737185986771
   3.4505000e+01  -6.312364135986772
   3.4510000e+01  -6.542808128486771
   3.4515000e+01  -6.672158920986772
   3.4520000e+01  -6.723728795986772
   3.4525000e+01   -6.715188843486772
   3.4530000e+01   -6.652171395986772
   3.4535000e+01   -6.525571455986772
   3.4540000e+01   -6.313894665986772
   3.4545000e+01   -5.990447223486772
   3.4550000e+01   -5.533292805986772
   3.4555000e+01   -4.934466280986772
   3.4560000e+01   -4.204901230986772
   3.4565000e+01   -3.373304855986772
   3.4570000e+01   -2.480000730986772
   3.4575000e+01   -1.568914705986772
   3.4580000e+01   -0.6810897059867721
   3.4585000e+01   0.1486652440132279
   3.4590000e+01   0.8929194690132278
   3.4595000e+01   1.5330294690132278
   3.4600000e+01   2.0626765415132278
   3.4605000e+01   2.492877324013228
   3.4610000e+01   2.855028134013228
   3.4615000e+01   3.197632931513228
   3.4620000e+01   3.574495364013228
   3.4625000e+01   4.026526924013228
   3.4630000e+01   4.563497899013228
   3.4635000e+01   5.153520899013229
   3.4640000e+01   5.725802574013229
   3.4645000e+01   6.187189886513229
   3.4650000e+01   6.447493194013229
   3.4655000e+01  6.4448469665132295
   3.4660000e+01  6.1620572165132295
   3.4665000e+01  5.628261339013229
   3.4670000e+01  4.906047414013229
   3.4675000e+01  4.069947314013229
   3.4680000e+01  3.1852315390132286
   3.4685000e+01  2.2948354390132284
   3.4690000e+01  1.4178666140132283
   3.4695000e+01  0.5578536140132283
   3.4700000e+01  -0.28486046098677176
   3.4705000e+01  -1.1029808609867717
   3.4710000e+01  -1.8786280359867717
   3.4715000e+01  -2.586673185986772
   3.4720000e+01  -3.202135635986772
   3.4725000e+01  -3.707405878486772
   3.4730000e+01  -4.096081083486772
   3.4735000e+01  -4.372536440986772
   3.4740000e+01  -4.548448005986772
   3.4745000e+01  -4.638302790986772
   3.4750000e+01   -4.6555221239867715
   3.4755000e+01   -4.609977181986771
   3.4760000e+01   -4.5071045694867715
   3.4765000e+01   -4.348597461986771
   3.4770000e+01   -4.134333661986771
   3.4775000e+01   -3.864572566986771
   3.4780000e+01   -3.540925246986771
   3.4785000e+01   -3.1649504844867713
   3.4790000e+01   -2.7347351744867714
   3.4795000e+01   -2.2417112319867716
   3.4800000e+01   -1.6708242819867716
   3.4805000e+01   -1.0060128819867713
   3.4810000e+01   -0.24007518198677125
   3.4815000e+01   0.6150681930132287
   3.4820000e+01   1.5230628430132287
   3.4825000e+01   2.4266704930132286
   3.4830000e+01   3.2603490430132287
   3.4835000e+01   3.9678529930132287
   3.4840000e+01   4.5183437105132285
   3.4845000e+01   4.914778450513229
   3.4850000e+01   5.191040873013229
   3.4855000e+01   5.398140333013229
   3.4860000e+01   5.5835973530132295
   3.4865000e+01   5.77091056551323
   3.4870000e+01   5.94687339051323
   3.4875000e+01   6.06259410551323
   3.4880000e+01  6.04923955801323
   3.4885000e+01  5.843305873013231
   3.4890000e+01  5.41159282801323
   3.4895000e+01  4.76568847801323
   3.4900000e+01  3.96012490301323
   3.4905000e+01  3.07535265301323
   3.4910000e+01  2.19294495301323
   3.4915000e+01  1.3731579280132298
   3.4920000e+01  0.6431320030132298
   3.4925000e+01  -0.0011896219867701952
   3.4930000e+01  -0.5822311219867703
   3.4935000e+01  -1.1237016719867703
   3.4940000e+01  -1.6364288519867702
   3.4945000e+01  -2.1118947594867703
   3.4950000e+01  -2.52453136448677
   3.4955000e+01  -2.84039198448677
   3.4960000e+01  -3.02783112448677
   3.4965000e+01   -3.06585464598677
   3.4970000e+01   -2.9476979274867703
   3.4975000e+01   -2.6799702274867703
   3.4980000e+01   -2.2798535224867704
   3.4985000e+01   -1.7731691499867703
   3.4990000e+01   -1.1945520249867703
   3.4995000e+01   -0.5885956499867703
   3.5000000e+01   -0.009204374986770292
   3.5005000e+01   0.48538692001322975
   3.5010000e+01   0.8423448125132298
   3.5015000e+01   1.0262165775132297
   3.5020000e+01  1.0286436575132296
   3.5025000e+01  0.8715398075132296
   3.5030000e+01  0.6019747475132295
   3.5035000e+01  0.28037881501322953
   3.5040000e+01  -0.03390085498677048
   3.5045000e+01  -0.29517208498677044
   3.5050000e+01  -0.47872751498677046
   3.5055000e+01  -0.5815208399867705
   3.5060000e+01  -0.6169062562367705
   3.5065000e+01   -0.6059749187367706
   3.5070000e+01   -0.5689145379867706
   3.5075000e+01   -0.5193507409867706
   3.5080000e+01   -0.4630537309867706
   3.5085000e+01   -0.4004923734867706
   3.5090000e+01   -0.33123449848677056
   3.5095000e+01   -0.25764412848677054
   3.5100000e+01   -0.18600123348677056
   3.5105000e+01   -0.12479710598677056
   3.5110000e+01   -0.08155524223677056
   3.5115000e+01   -0.06007936648677056
   3.5120000e+01  -0.059392300236770564
   3.5125000e+01  -0.07453690723677056
   3.5130000e+01  -0.09863357373677056
   3.5135000e+01  -0.12527876848677055
   3.5140000e+01  -0.15026456798677054
   3.5145000e+01  -0.17168166648677055
   3.5150000e+01  -0.18811462648677055
   3.5155000e+01  -0.19594629681177056
   3.5160000e+01   -0.18796692938677056
   3.5165000e+01   -0.15532458638677055
   3.5170000e+01   -0.09297248463677055
   3.5175000e+01   -0.0062337746367705504
   3.5180000e+01   0.08527475286322946
   3.5185000e+01   0.14918967861322946
   3.5190000e+01  0.14745103811322946
   3.5195000e+01  0.04600340686322947
   3.5200000e+01  -0.17685477813677053
   3.5205000e+01  -0.5263709356367705
   3.5210000e+01  -0.9920011606367705
   3.5215000e+01  -1.5511761356367706
   3.5220000e+01  -2.1734921356367707
   3.5225000e+01  -2.8229974356367706
   3.5230000e+01  -3.457800435636771
   3.5235000e+01  -4.028546235636771
   3.5240000e+01  -4.479310188136771
   3.5245000e+01  -4.754487783136771
   3.5250000e+01   -4.81232055813677
   3.5255000e+01   -4.64093628563677
   3.5260000e+01   -4.26931613563677
   3.5265000e+01   -3.76623156563677
   3.5270000e+01   -3.22509934063677
   3.5275000e+01   -2.73928525063677
   3.5280000e+01   -2.3770612506367703
   3.5285000e+01   -2.16570127563677
   3.5290000e+01   -2.0899797646367704
   3.5295000e+01  -2.1039506018867704
   3.5300000e+01  -2.1497499968867704
   3.5305000e+01  -2.1756471507867703
   3.5310000e+01   -2.1476956029367704
   3.5315000e+01   -2.0533012304367704
   3.5320000e+01   -1.8985658579367704
   3.5325000e+01   -1.7028612329367703
   3.5330000e+01   -1.4934868154367702
   3.5335000e+01   -1.3014118029367703
   3.5340000e+01   -1.1574342354367704
   3.5345000e+01   -1.0876231396867704
   3.5350000e+01  -1.1077557664367703
   3.5355000e+01  -1.2179562414367704
   3.5360000e+01  -1.3998593614367705
   3.5365000e+01  -1.6184769439367706
   3.5370000e+01  -1.8293344639367706
   3.5375000e+01  -1.9891528014367705
   3.5380000e+01  -2.0667145894367707
   3.5385000e+01   -2.050491634936771
   3.5390000e+01   -1.9509278699367707
   3.5395000e+01   -1.7970005974367707
   3.5400000e+01   -1.6280562799367706
   3.5405000e+01   -1.4829098949367705
   3.5410000e+01   -1.3890411074367706
   3.5415000e+01   -1.3551595224117705
   3.5420000e+01  -1.3697634113867705
   3.5425000e+01  -1.4063132921367705
   3.5430000e+01  -1.4330394218867706
   3.5435000e+01   -1.4236449953867705
   3.5440000e+01   -1.3652945483867704
   3.5445000e+01   -1.2620058633867703
   3.5450000e+01   -1.1335359183867704
   3.5455000e+01   -1.0109308233867704
   3.5460000e+01   -0.9300736133867704
   3.5465000e+01  -0.9244403893867704
   3.5470000e+01  -1.0182082053867705
   3.5475000e+01  -1.2207701878867705
   3.5480000e+01  -1.5235689053867705
   3.5485000e+01  -1.9000463978867705
   3.5490000e+01  -2.3093008053867705
   3.5495000e+01  -2.7033814128867704
   3.5500000e+01  -3.0369763978867703
   3.5505000e+01  -3.2771045003867703
   3.5510000e+01  -3.41010726788677
   3.5515000e+01   -3.44405128538677
   3.5520000e+01   -3.40612679538677
   3.5525000e+01   -3.3359941953867702
   3.5530000e+01   -3.27681253463677
   3.5535000e+01  -3.26591483113677
   3.5540000e+01  -3.3270280458867703
   3.5545000e+01  -3.4656689483867704
   3.5550000e+01  -3.6687323708867705
   3.5555000e+01  -3.9082254183867704
   3.5560000e+01  -4.14788323838677
   3.5565000e+01  -4.35064139588677
   3.5570000e+01  -4.48506252838677
   3.5575000e+01   -4.52964180966177
   3.5580000e+01   -4.47478811343677
   3.5585000e+01   -4.322640100936771
   3.5590000e+01   -4.0847924584367705
   3.5595000e+01   -3.7780747209367704
   3.5600000e+01   -3.41919471343677
   3.5605000e+01   -3.02006555343677
   3.5610000e+01   -2.58615746593677
   3.5615000e+01   -2.11951790343677
   3.5620000e+01   -1.6260480584367698
   3.5625000e+01   -1.12389308093677
   3.5630000e+01   -0.64784802843677
   3.5635000e+01   -0.24512714843677008
   3.5640000e+01   0.03864136156322995
   3.5645000e+01   0.17894495906322996
   3.5650000e+01  0.18875481781322997
   3.5655000e+01  0.12250691406322997
   3.5660000e+01  0.06294575106322997
   3.5665000e+01   0.09382143806322997
   3.5670000e+01   0.26857731806322993
   3.5675000e+01   0.5879203055632299
   3.5680000e+01   0.99597509306323
   3.5685000e+01   1.39709696556323
   3.5690000e+01   1.6870050605632299
   3.5695000e+01  1.78647710956323
   3.5700000e+01  1.6654629710632298
   3.5705000e+01  1.34974540356323
   3.5710000e+01  0.9090314310632299
   3.5715000e+01  0.43190183356323
   3.5720000e+01  -0.00280491893677004
   3.5725000e+01  -0.34803284143677
   3.5730000e+01  -0.59688225643677
   3.5735000e+01  -0.7757351914367699
   3.5740000e+01  -0.92639570143677
   3.5745000e+01  -1.08533366643677
   3.5750000e+01  -1.2683983614367702
   3.5755000e+01  -1.4661977989367703
   3.5760000e+01  -1.6503899589367703
   3.5765000e+01  -1.7867249264367704
   3.5770000e+01  -1.8486177091867704
   3.5775000e+01   -1.8258581369367703
   3.5780000e+01   -1.7260008544367704
   3.5785000e+01   -1.5694542119367705
   3.5790000e+01   -1.3816985044367704
   3.5795000e+01   -1.1864638594367705
   3.5800000e+01   -1.0021682719367704
   3.5805000e+01   -0.8414932819367704
   3.5810000e+01   -0.7121126169367704
   3.5815000e+01   -0.6163630194367704
   3.5820000e+01   -0.5491283444367704
   3.5825000e+01   -0.49541785943677036
   3.5830000e+01   -0.43058490193677035
   3.5835000e+01   -0.3257069044367703
   3.5840000e+01   -0.15819756693677028
   3.5845000e+01   0.07562188806322973
   3.5850000e+01   0.35156273556322976
   3.5855000e+01   0.6174591855632298
   3.5860000e+01   0.8040832580632298
   3.5865000e+01  0.8448816258132298
   3.5870000e+01  0.6985641185632298
   3.5875000e+01  0.36681137356322974
   3.5880000e+01  -0.09977385893677027
   3.5885000e+01  -0.6109262839367703
   3.5890000e+01  -1.0594851739367703
   3.5895000e+01  -1.3508125939367703
   3.5900000e+01   -1.4290934541867704
   3.5905000e+01   -1.2916792344367702
   3.5910000e+01   -0.9872210594367703
   3.5915000e+01   -0.5994063369367704
   3.5920000e+01   -0.22275113193677037
   3.5925000e+01   0.06171787806322965
   3.5930000e+01   0.20468939556322965
   3.5935000e+01  0.19743303306322965
   3.5940000e+01  0.07061653056322967
   3.5945000e+01  -0.1158898644367703
   3.5950000e+01  -0.2898124169367703
   3.5955000e+01  -0.38595680168677027
   3.5960000e+01   -0.3631648239367703
   3.5965000e+01   -0.21349611893677028
   3.5970000e+01   0.039589143563229734
   3.5975000e+01   0.35340788606322976
   3.5980000e+01   0.6837022435632298
   3.5985000e+01   1.0003397660632298
   3.5990000e+01   1.2944802985632298
   3.5995000e+01   1.57481659356323
   3.6000000e+01   1.85603585856323
   3.6005000e+01   2.14646964856323
   3.6010000e+01   2.4417464310632297
   3.6015000e+01   2.7272466510632296
   3.6020000e+01   2.9867940610632298
   3.6025000e+01   3.21157527606323
   3.6030000e+01   3.40366440356323
   3.6035000e+01   3.57218188106323
   3.6040000e+01   3.72462574106323
   3.6045000e+01   3.85865925356323
   3.6050000e+01   3.9592562135632297
   3.6055000e+01   4.00301844556323
   3.6060000e+01  3.9674866850632298
   3.6065000e+01  3.84053957756323
   3.6070000e+01  3.6249595175632296
   3.6075000e+01  3.3359215575632297
   3.6080000e+01  2.9930642025632297
   3.6085000e+01  2.6117722125632294
   3.6090000e+01  2.1986545350632296
   3.6095000e+01  1.7536951725632295
   3.6100000e+01  1.2776269525632293
   3.6105000e+01  0.7800495250632293
   3.6110000e+01  0.2834481775632293
   3.6115000e+01  -0.17936374993677073
   3.6120000e+01  -0.5733553724367708
   3.6125000e+01  -0.8713416424367708
   3.6130000e+01  -1.0618730249367707
   3.6135000e+01  -1.1520759336867707
   3.6140000e+01   -1.1645928496867708
   3.6145000e+01   -1.1297401394367708
   3.6150000e+01   -1.0754921494367709
   3.6155000e+01   -1.0185796994367708
   3.6160000e+01   -0.9595645344367708
   3.6165000e+01   -0.8833363319367709
   3.6170000e+01   -0.7647427244367708
   3.6175000e+01   -0.5777433819367708
   3.6180000e+01   -0.30578564693677074
   3.6185000e+01   0.04930409556322929
   3.6190000e+01   0.46294099806322936
   3.6195000e+01   0.8906298680632294
   3.6200000e+01   1.2788690430632292
   3.6205000e+01   1.5814653805632293
   3.6210000e+01   1.7752471380632293
   3.6215000e+01   1.8682761493132294
   3.6220000e+01   1.8963375198132293
   3.6225000e+01   1.9085182460632293
   3.6230000e+01   1.9474641555632293
   3.6235000e+01   2.032166075563229
   3.6240000e+01   2.150084698063229
   3.6245000e+01   2.261722040563229
   3.6250000e+01   2.315854381813229
   3.6255000e+01  2.269390915563229
   3.6260000e+01  2.104003025563229
   3.6265000e+01  1.833254283063229
   3.6270000e+01  1.4982899655632291
   3.6275000e+01  1.154985453063229
   3.6280000e+01  0.8582963805632291
   3.6285000e+01  0.6492650230632291
   3.6290000e+01  0.547609082563229
   3.6295000e+01   0.550083427063229
   3.6300000e+01   0.633406454563229
   3.6305000e+01   0.760535479563229
   3.6310000e+01   0.889363177063229
   3.6315000e+01   0.982465794563229
   3.6320000e+01  1.0154426277882291
   3.6325000e+01  0.9808185535132291
   3.6330000e+01  0.8856340710132291
   3.6335000e+01  0.7436876560132291
   3.6340000e+01  0.5663793060132291
   3.6345000e+01  0.3572243060132291
   3.6350000e+01  0.11339383101322906
   3.6355000e+01  -0.16613881398677097
   3.6360000e+01  -0.470124736486771
   3.6365000e+01  -0.768383538986771
   3.6370000e+01  -1.013862181486771
   3.6375000e+01  -1.154362978986771
   3.6380000e+01   -1.150134961486771
   3.6385000e+01   -0.990347953986771
   3.6390000e+01   -0.701447968986771
   3.6395000e+01   -0.34345119148677095
   3.6400000e+01   0.00508579601322906
   3.6405000e+01   0.26834240851322905
   3.6410000e+01   0.393363294263229
   3.6415000e+01  0.362250807513229
   3.6420000e+01  0.19292928251322902
   3.6425000e+01  -0.070426802486771
   3.6430000e+01  -0.372424364986771
   3.6435000e+01  -0.6608234074867709
   3.6440000e+01  -0.895822502486771
   3.6445000e+01  -1.053209689986771
   3.6450000e+01  -1.123252313486771
   3.6455000e+01   -1.108063039486771
   3.6460000e+01   -1.0189922544867709
   3.6465000e+01   -0.8738207269867708
   3.6470000e+01   -0.6928124044867708
   3.6475000e+01   -0.49356350448677083
   3.6480000e+01   -0.2861617069867708
   3.6485000e+01   -0.07102419698677079
   3.6490000e+01   0.15886188051322922
   3.6495000e+01   0.41142137051322925
   3.6500000e+01   0.6869665680132293
   3.6505000e+01   0.9714392680132293
   3.6510000e+01   1.2352499130132293
   3.6515000e+01   1.4396882030132292
   3.6520000e+01   1.5494875230132292
   3.6525000e+01  1.5466955005132292
   3.6530000e+01  1.4395268880132293
   3.6535000e+01  1.2615691430132292
   3.6540000e+01  1.0610306830132292
   3.6545000e+01  0.8844403230132292
   3.6550000e+01  0.7616897305132292
   3.6555000e+01  0.6982436980132292
   3.6560000e+01  0.6766133942632292
   3.6565000e+01  0.6651492235132292
   3.6570000e+01  0.6299272265132293
   3.6575000e+01  0.5454889365132293
   3.6580000e+01  0.4015937690132293
   3.6585000e+01  0.20486745901322925
   3.6590000e+01  -0.024239298486770783
   3.6595000e+01  -0.2575410184867708
   3.6600000e+01  -0.4659294384867708
   3.6605000e+01  -0.6248202309867708
   3.6610000e+01  -0.7172988184867708
   3.6615000e+01   -0.7353578549867708
   3.6620000e+01   -0.6801756039867708
   3.6625000e+01   -0.5619314314867708
   3.6630000e+01   -0.3989377489867708
   3.6635000e+01   -0.21579788398677083
   3.6640000e+01   -0.04089322398677084
   3.6645000e+01   0.09615502101322917
   3.6650000e+01   0.16702948676322915
   3.6655000e+01  0.14830567501322914
   3.6660000e+01  0.027173210013229143
   3.6665000e+01  -0.19139389498677084
   3.6670000e+01  -0.47926992748677083
   3.6675000e+01  -0.7859909024867708
   3.6680000e+01  -1.0482992649867708
   3.6685000e+01  -1.2068277099867708
   3.6690000e+01   -1.2242595249867707
   3.6695000e+01   -1.0977751874867707
   3.6700000e+01   -0.8606069524867708
   3.6705000e+01   -0.5720533099867707
   3.6710000e+01   -0.2999835974867707
   3.6715000e+01   -0.10242529498677072
   3.6720000e+01   -0.014351099236770706
   3.6725000e+01  -0.04292441098677072
   3.6730000e+01  -0.17082352598677072
   3.6735000e+01  -0.3645325259867707
   3.6740000e+01  -0.5837069959867708
   3.6745000e+01  -0.7888786809867708
   3.6750000e+01  -0.9468114134867708
   3.6755000e+01  -1.0342785137367707
   3.6760000e+01   -1.0409516719867706
   3.6765000e+01   -0.9708289299867706
   3.6770000e+01   -0.8406464149867706
   3.6775000e+01   -0.6743500349867706
   3.6780000e+01   -0.4949104099867706
   3.6785000e+01   -0.3170229799867706
   3.6790000e+01   -0.1446556424867706
   3.6795000e+01   0.024836337513229445
   3.6800000e+01   0.19222747251322947
   3.6805000e+01   0.3489717400132295
   3.6810000e+01   0.4762843725132295
   3.6815000e+01   0.5525980482632296
   3.6820000e+01  0.5657553490132295
   3.6825000e+01  0.5225679940132295
   3.6830000e+01  0.4491582290132295
   3.6835000e+01  0.3805963015132295
   3.6840000e+01  0.3445734200132295
   3.6845000e+01   0.3473071627632295
   3.6850000e+01   0.3686815397632295
   3.6855000e+01  0.3689177385132295
   3.6860000e+01  0.3037897070132295
   3.6865000e+01  0.1421308220132295
   3.6870000e+01  -0.12092025048677049
   3.6875000e+01  -0.4593553829867705
   3.6880000e+01  -0.8215106904867705
   3.6885000e+01  -1.1429457129867706
   3.6890000e+01  -1.3628100154867706
   3.6895000e+01   -1.4390514626867705
   3.6900000e+01   -1.3587431598867705
   3.6905000e+01   -1.1415003648867705
   3.6910000e+01   -0.8357654298867705
   3.6915000e+01   -0.5091652848867705
   3.6920000e+01   -0.23493163738677053
   3.6925000e+01   -0.07658273738677054
   3.6930000e+01  -0.07313564738677054
   3.6935000e+01  -0.22755638738677053
   3.6940000e+01  -0.5018676473867705
   3.6945000e+01  -0.8222819848867705
   3.6950000e+01  -1.0956292298867705
   3.6955000e+01  -1.2340709198867705
   3.6960000e+01   -1.1804777723867705
   3.6965000e+01   -0.9249133223867706
   3.6970000e+01   -0.5055088598867706
   3.6975000e+01   0.0061978176132293505
   3.6980000e+01   0.5284296176132294
   3.6985000e+01   0.9909173926132294
   3.6990000e+01   1.3479344251132295
   3.6995000e+01   1.5811012876132295
   3.7000000e+01   1.6952303951132295
   3.7005000e+01  1.7117208108632296
   3.7010000e+01  1.6622610191132297
   3.7015000e+01  1.5832444966132297
   3.7020000e+01  1.5102316441132297
   3.7025000e+01  1.4721794016132297
   3.7030000e+01   1.4860595208632297
   3.7035000e+01   1.5530360351132297
   3.7040000e+01   1.6573595426132297
   3.7045000e+01   1.7687272176132298
   3.7050000e+01   1.84816588011323
   3.7055000e+01  1.8565430128632299
   3.7060000e+01  1.7637946456132299
   3.7065000e+01  1.5563671131132297
   3.7070000e+01  1.2406962806132298
   3.7075000e+01  0.8418227406132297
   3.7080000e+01  0.39786446311322976
   3.7085000e+01  -0.04777156438677027
   3.7090000e+01  -0.4542509768867703
   3.7095000e+01  -0.7894294293867703
   3.7100000e+01  -1.0331219918867702
   3.7105000e+01  -1.1773091168867702
   3.7110000e+01   -1.2239917808617702
   3.7115000e+01   -1.1820879073367703
   3.7120000e+01   -1.0648561223367703
   3.7125000e+01   -0.8887091573367703
   3.7130000e+01   -0.6731970123367702
   3.7135000e+01   -0.4410173223367702
   3.7140000e+01   -0.21673616733677023
   3.7145000e+01   -0.0235683948367702
   3.7150000e+01   0.12133251266322981
   3.7155000e+01   0.21158245516322982
   3.7160000e+01   0.25417634316322985
   3.7165000e+01   0.26810031266322987
   3.7170000e+01   0.2782882159132299
   3.7175000e+01   0.3062911414132299
   3.7180000e+01   0.3609517576632299
   3.7185000e+01   0.4331066826632299
   3.7190000e+01   0.4972666976632299
   3.7195000e+01  0.5205691159132299
   3.7200000e+01  0.47604905166322986
   3.7205000e+01  0.3549184616632299
   3.7210000e+01  0.17249845416322984
   3.7215000e+01  -0.03488418833677018
   3.7220000e+01  -0.22067569583677019
   3.7225000e+01  -0.34208773333677023
   3.7230000e+01   -0.3722340840867702
   3.7235000e+01   -0.3069199898367702
   3.7240000e+01   -0.16490253483677023
   3.7245000e+01   0.017679412663229782
   3.7250000e+01   0.19682973266322978
   3.7255000e+01   0.33165944766322975
   3.7260000e+01   0.3941172291632297
   3.7265000e+01  0.3751950956632297
   3.7270000e+01  0.28620574066322974
   3.7275000e+01  0.15492238816322973
   3.7280000e+01  0.017607100663229736
   3.7285000e+01  -0.09100904183677025
   3.7290000e+01  -0.14707890433677026
   3.7295000e+01   -0.14355705258677026
   3.7300000e+01   -0.09068908583677027
   3.7305000e+01   -0.010692428336770268
   3.7310000e+01   0.07172170666322973
   3.7315000e+01   0.13962299166322972
   3.7320000e+01   0.19094444016322973
   3.7325000e+01   0.23937392116322972
   3.7330000e+01   0.3085522236632297
   3.7335000e+01   0.4220226161632297
   3.7340000e+01   0.5932223861632298
   3.7345000e+01   0.8195880986632298
   3.7350000e+01   1.0828586111632297
   3.7355000e+01   1.3550526711632296
   3.7360000e+01   1.6074721161632297
   3.7365000e+01   1.8190225911632298
   3.7370000e+01   1.9803854061632298
   3.7375000e+01   2.0922197761632297
   3.7380000e+01   2.1583513486632295
   3.7385000e+01  2.1777265091632296
   3.7390000e+01  2.1400900946632295
   3.7395000e+01  2.0287056671632295
   3.7400000e+01  1.8295202646632296
   3.7405000e+01  1.5422260496632296
   3.7410000e+01  1.1871838871632296
   3.7415000e+01  0.8040912271632297
   3.7420000e+01  0.4423653071632297
   3.7425000e+01  0.1470758446632297
   3.7430000e+01  -0.05399015033677032
   3.7435000e+01  -0.15733828283677032
   3.7440000e+01   -0.1825708660867703
   3.7445000e+01   -0.16371590283677032
   3.7450000e+01   -0.13632022358677032
   3.7455000e+01  -0.12492786111177032
   3.7460000e+01  -0.13546634938677032
   3.7465000e+01  -0.15536422288677032
   3.7470000e+01   -0.16121935938677032
   3.7475000e+01   -0.1305048553867703
   3.7480000e+01   -0.051710607886770316
   3.7485000e+01   0.0720937346132297
   3.7490000e+01   0.22785322961322968
   3.7495000e+01   0.4022455921132297
   3.7500000e+01   0.5904688046132297
   3.7505000e+01   0.7986279846132297
   3.7510000e+01   1.0381021146132297
   3.7515000e+01   1.3148872721132296
   3.7520000e+01   1.6195491446132295
   3.7525000e+01   1.9229833271132295
   3.7530000e+01   2.1804935571132296
   3.7535000e+01   2.3433349871132294
   3.7540000e+01  2.3740503823632295
   3.7545000e+01  2.2602780851132294
   3.7550000e+01  2.0216720726132293
   3.7555000e+01  1.7065641176132293
   3.7560000e+01  1.3787966776132294
   3.7565000e+01  1.0992407801132293
   3.7570000e+01  0.9086642676132294
   3.7575000e+01  0.8176518051132294
   3.7580000e+01   0.8060872666132295
   3.7585000e+01   0.8313595821132295
   3.7590000e+01  0.8423941783632295
   3.7595000e+01  0.7958267606132294
   3.7600000e+01  0.6703561256132294
   3.7605000e+01  0.47527292061322945
   3.7610000e+01  0.24997742561322944
   3.7615000e+01  0.053614078113229435
   3.7620000e+01  -0.05262666413677056
   3.7625000e+01   -0.02494268138677056
   3.7630000e+01   0.14858073111322945
   3.7635000e+01   0.44353555861322946
   3.7640000e+01   0.8063877011132294
   3.7645000e+01   1.1707081686132295
   3.7650000e+01   1.4766265286132294
   3.7655000e+01   1.6866152886132295
   3.7660000e+01   1.7922567836132295
   3.7665000e+01  1.8103535648632294
   3.7670000e+01  1.7711622961132294
   3.7675000e+01  1.7046290711132295
   3.7680000e+01  1.6306877761132295
   3.7685000e+01  1.5568680736132294
   3.7690000e+01  1.4823084111132294
   3.7695000e+01  1.4042030461132293
   3.7700000e+01  1.3223439961132293
   3.7705000e+01  1.2395950486132292
   3.7710000e+01  1.1592133361132293
   3.7715000e+01  1.0819342961132292
   3.7720000e+01  1.0055135036132292
   3.7725000e+01  0.9272655786132292
   3.7730000e+01  0.8476136336132292
   3.7735000e+01  0.7716430086132292
   3.7740000e+01  0.7069924611132292
   3.7745000e+01  0.6591654981132292
   3.7750000e+01  0.6274315106132292
   3.7755000e+01  0.6043692496132292
   3.7760000e+01  0.5798850181132292
   3.7765000e+01  0.5477029111132292
   3.7770000e+01  0.5106495686132292
   3.7775000e+01  0.4815213208632292
   3.7780000e+01   0.4785888093632292
   3.7785000e+01   0.5175178851132292
   3.7790000e+01   0.6032309401132292
   3.7795000e+01   0.7252521251132292
   3.7800000e+01   0.8585124851132292
   3.7805000e+01   0.9692847151132292
   3.7810000e+01   1.0240408598632291
   3.7815000e+01  0.9984334496132291
   3.7820000e+01  0.8842490871132291
   3.7825000e+01  0.6931987846132291
   3.7830000e+01  0.45689309211322915
   3.7835000e+01  0.22225712461322913
   3.7840000e+01  0.041861252113229136
   3.7845000e+01  -0.03991306488677086
   3.7850000e+01   -0.0014899618867708561
   3.7855000e+01   0.14583461561322916
   3.7860000e+01   0.3573649781132292
   3.7865000e+01   0.5658390956132292
   3.7870000e+01   0.7008142381132292
   3.7875000e+01  0.7100764181132292
   3.7880000e+01  0.5755750706132292
   3.7885000e+01  0.3184581456132292
   3.7890000e+01  -0.008193401886770757
   3.7895000e+01  -0.3360372568867708
   3.7900000e+01  -0.6016343443867708
   3.7905000e+01  -0.7634458693867707
   3.7910000e+01   -0.8106793686367707
   3.7915000e+01   -0.7622916203867707
   3.7920000e+01   -0.6578706128867706
   3.7925000e+01   -0.5442263478867706
   3.7930000e+01   -0.4617747703867706
   3.7935000e+01  -0.4338025172617706
   3.7940000e+01  -0.4605690916367706
   3.7945000e+01  -0.5195020916367706
   3.7950000e+01  -0.5720176531367707
   3.7955000e+01   -0.5759769168867707
   3.7960000e+01   -0.5005517366367707
   3.7965000e+01   -0.33859609663677065
   3.7970000e+01   -0.11194148913677063
   3.7975000e+01   0.1324818133632294
   3.7980000e+01   0.33454738086322944
   3.7985000e+01   0.4373915571132294
   3.7990000e+01  0.4041165758632294
   3.7995000e+01  0.2304355808632294
   3.8000000e+01  -0.05064669913677061
   3.8005000e+01  -0.3747220041367706
   3.8010000e+01  -0.6621069241367705
   3.8015000e+01  -0.8398454516367705
   3.8020000e+01   -0.8621673366367705
   3.8025000e+01   -0.7221353816367705
   3.8030000e+01   -0.45094581663677047
   3.8035000e+01   -0.1065939766367704
   3.8040000e+01   0.24262190336322959
   3.8045000e+01   0.5337323558632295
   3.8050000e+01   0.7199806333632296
   3.8055000e+01  0.7760172538632296
   3.8060000e+01  0.6984337218632296
   3.8065000e+01  0.5030551318632296
   3.8070000e+01  0.21987638686322958
   3.8075000e+01  -0.11378515813677043
   3.8080000e+01  -0.4608447806367704
   3.8085000e+01  -0.7907726856367704
   3.8090000e+01  -1.0825689331367703
   3.8095000e+01  -1.3234801731367702
   3.8100000e+01  -1.5047339281367702
   3.8105000e+01  -1.6173816606367701
   3.8110000e+01   -1.6514323141367702
   3.8115000e+01   -1.5995197951367701
   3.8120000e+01   -1.4634309801367702
   3.8125000e+01   -1.2596959801367702
   3.8130000e+01   -1.0204636551367703
   3.8135000e+01   -0.7880661126367703
   3.8140000e+01   -0.6046908876367703
   3.8145000e+01   -0.5007721726367702
   3.8150000e+01  -0.48621192088677023
   3.8155000e+01  -0.5475064291367703
   3.8160000e+01  -0.6519030591367703
   3.8165000e+01  -0.7574289791367703
   3.8170000e+01  -0.8256289151367703
   3.8175000e+01   -0.8328793123867703
   3.8180000e+01   -0.7767110461367702
   3.8185000e+01   -0.6753911136367702
   3.8190000e+01   -0.5612266886367702
   3.8195000e+01   -0.46992560863677013
   3.8200000e+01   -0.42948265163677013
   3.8205000e+01  -0.4521473321367701
   3.8210000e+01  -0.5319108021367701
   3.8215000e+01  -0.6479948921367701
   3.8220000e+01  -0.7728033146367701
   3.8225000e+01  -0.8813764246367701
   3.8230000e+01  -0.9590023471367701
   3.8235000e+01  -1.0044989541367702
   3.8240000e+01  -1.0285320133867701
   3.8245000e+01  -1.0482612243867702
   3.8250000e+01  -1.0806247401367701
   3.8255000e+01  -1.1364631996367702
   3.8260000e+01  -1.2170085671367703
   3.8265000e+01  -1.3135719271367703
   3.8270000e+01  -1.4105506296367702
   3.8275000e+01  -1.4909110771367702
   3.8280000e+01  -1.5422678813867703
   3.8285000e+01  -1.5611889305367703
   3.8290000e+01   -1.5538953831867703
   3.8295000e+01   -1.5329767481867704
   3.8300000e+01   -1.5114205446867703
   3.8305000e+01   -1.4963621374367704
   3.8310000e+01   -1.4850718249367705
   3.8315000e+01   -1.4649338959367704
   3.8320000e+01   -1.4179020979367705
   3.8325000e+01   -1.3283837704367705
   3.8330000e+01   -1.1919097204367706
   3.8335000e+01   -1.0208577254367706
   3.8340000e+01   -0.8438846279367705
   3.8345000e+01   -0.6981287454367705
   3.8350000e+01   -0.6167895846867705
   3.8355000e+01  -0.6172659776867705
   3.8360000e+01  -0.6949092589367705
   3.8365000e+01  -0.8247250589367705
   3.8370000e+01  -0.9697704514367705
   3.8375000e+01  -1.0924958339367705
   3.8380000e+01  -1.1648295669367705
   3.8385000e+01   -1.1740704031867706
   3.8390000e+01   -1.1235584314367706
   3.8395000e+01   -1.0287138714367705
   3.8400000e+01   -0.9101271164367705
   3.8405000e+01   -0.7860802739367705
   3.8410000e+01   -0.6670574039367705
   3.8415000e+01   -0.5541101214367705
   3.8420000e+01   -0.4414094589367705
   3.8425000e+01   -0.3215992139367705
   3.8430000e+01   -0.19153568393677048
   3.8435000e+01   -0.05606423893677048
   3.8440000e+01   0.07159849606322952
   3.8445000e+01   0.17306643106322953
   3.8450000e+01   0.23056917781322953
   3.8455000e+01  0.2333708160632295
   3.8460000e+01  0.18242414506322951
   3.8465000e+01  0.0912661400632295
   3.8470000e+01  -0.01749552743677049
   3.8475000e+01  -0.1189404524367705
   3.8480000e+01  -0.1932458874367705
   3.8485000e+01  -0.2308447531867705
   3.8490000e+01   -0.2334010141867705
   3.8495000e+01   -0.2104843036867705
   3.8500000e+01   -0.17364083168677052
   3.8505000e+01   -0.1305411846867705
   3.8510000e+01   -0.0816254189367705
   3.8515000e+01   -0.0204290514367705
   3.8520000e+01   0.06268633606322951
   3.8525000e+01   0.1747181110632295
   3.8530000e+01   0.31399006106322946
   3.8535000e+01   0.4660669610632294
   3.8540000e+01   0.6037840235632295
   3.8545000e+01   0.6927498935632295
   3.8550000e+01  0.7017024550632295
   3.8555000e+01  0.6145233415632295
   3.8560000e+01  0.43901612406322954
   3.8565000e+01  0.20807181906322952
   3.8570000e+01  -0.028305525936770493
   3.8575000e+01  -0.2177968659367705
   3.8580000e+01  -0.3221277609367705
   3.8585000e+01   -0.32894611718677047
   3.8590000e+01   -0.25470931093677046
   3.8595000e+01   -0.13727515343677044
   3.8600000e+01   -0.02074041343677044
   3.8605000e+01   0.06171438906322957
   3.8610000e+01   0.10002772206322957
   3.8615000e+01   0.10933864291322958
   3.8620000e+01   0.12118977726322958
   3.8625000e+01   0.1681852687632296
   3.8630000e+01   0.2694409662632296
   3.8635000e+01   0.4232982262632296
   3.8640000e+01   0.6096330562632296
   3.8645000e+01   0.7992740237632296
   3.8650000e+01   0.9652575062632296
   3.8655000e+01   1.0909643262632296
   3.8660000e+01   1.1726782612632296
   3.8665000e+01   1.2169357102632297
   3.8670000e+01   1.2348208650132297
   3.8675000e+01  1.2358294397632297
   3.8680000e+01  1.2235227210132296
   3.8685000e+01  1.1943831562632297
   3.8690000e+01  1.1402413192632297
   3.8695000e+01  1.0534400042632297
   3.8700000e+01  0.9327611717632297
   3.8705000e+01  0.7875163167632298
   3.8710000e+01  0.6375541767632298
   3.8715000e+01  0.5083932392632298
   3.8720000e+01  0.42278886426322976
   3.8725000e+01  0.39187663073822976
   3.8730000e+01   0.40964719971322977
   3.8735000e+01   0.45347118046322976
   3.8740000e+01   0.49108565646322977
   3.8745000e+01  0.49188037071322976
   3.8750000e+01  0.4385447547132298
   3.8755000e+01  0.3347736772132298
   3.8760000e+01  0.2058311997132298
   3.8765000e+01  0.0910184647132298
   3.8770000e+01  0.029949384463229797
   3.8775000e+01   0.04719803921322979
   3.8780000e+01   0.1412429542132298
   3.8785000e+01   0.28269538171322983
   3.8790000e+01   0.4234238942132298
   3.8795000e+01   0.5136075267132298
   3.8800000e+01  0.5201586062132298
   3.8805000e+01  0.43923901821322986
   3.8810000e+01  0.2980898857132298
   3.8815000e+01  0.1457287782132298
   3.8820000e+01  0.0361712707132298
   3.8825000e+01   0.010195631963229802
   3.8830000e+01   0.0818234232132298
   3.8835000e+01   0.2339171307132298
   3.8840000e+01   0.4242448407132298
   3.8845000e+01   0.5999082457132299
   3.8850000e+01   0.7152063207132299
   3.8855000e+01  0.7467662487132298
   3.8860000e+01  0.7006267067132298
   3.8865000e+01  0.6087059742132298
   3.8870000e+01  0.5158580842132298
   3.8875000e+01  0.4622643564632298
   3.8880000e+01   0.4679183742132298
   3.8885000e+01   0.5254630422132298
   3.8890000e+01   0.6045097347132298
   3.8895000e+01   0.6658760257132298
   3.8900000e+01  0.6798610864632297
   3.8905000e+01  0.6407084337132297
   3.8910000e+01  0.5708532287132297
   3.8915000e+01  0.5129500857132298
   3.8920000e+01   0.5130520347132298
   3.8925000e+01   0.6020750717132298
   3.8930000e+01   0.7830530217132298
   3.8935000e+01   1.0287159567132298
   3.8940000e+01   1.2893970967132298
   3.8945000e+01   1.5075210042132299
   3.8950000e+01   1.6334063542132298
   3.8955000e+01  1.6377741492132298
   3.8960000e+01  1.5181416117132298
   3.8965000e+01  1.2982071017132297
   3.8970000e+01  1.0210025942132297
   3.8975000e+01  0.7379672667132298
   3.8980000e+01  0.4969950592132298
   3.8985000e+01  0.3325677767132298
   3.8990000e+01  0.26016741646322983
   3.8995000e+01   0.2756376037132298
   3.9000000e+01   0.3587208612132298
   3.9005000e+01   0.4791908937132298
   3.9010000e+01   0.6039414087132298
   3.9015000e+01   0.7037646862132297
   3.9020000e+01   0.7588817242132297
   3.9025000e+01  0.7623446079632298
   3.9030000e+01  0.7204562112132298
   3.9035000e+01  0.6498100887132298
   3.9040000e+01  0.5715966987132297
   3.9045000e+01  0.5049773687132297
   3.9050000e+01  0.46181912221322974
   3.9055000e+01  0.44450274971322973
   3.9060000e+01   0.44717234396322975
   3.9065000e+01   0.45946055571322975
   3.9070000e+01   0.47106113396322974
   3.9075000e+01   0.4756432964132297
   3.9080000e+01  0.4731159186132297
   3.9085000e+01  0.4697138679632297
   3.9090000e+01   0.4757256850632297
   3.9095000e+01   0.5011630215632297
   3.9100000e+01   0.5504754738132297
   3.9105000e+01   0.6183336438132296
   3.9110000e+01   0.6888845413132296
   3.9115000e+01   0.7399921958132296
   3.9120000e+01  0.7517284985632297
   3.9125000e+01  0.7158102743132296
   3.9130000e+01  0.6414439568132296
   3.9135000e+01  0.5541787868132296
   3.9140000e+01  0.48744008481322965
   3.9145000e+01   0.46978322231322966
   3.9150000e+01   0.5128876468132296
   3.9155000e+01   0.6051198068132296
   3.9160000e+01   0.7134179693132296
   3.9165000e+01   0.7931921818132297
   3.9170000e+01  0.8029518950632297
   3.9175000e+01  0.7184665008132297
   3.9180000e+01  0.5411811108132297
   3.9185000e+01  0.2975800333132297
   3.9190000e+01  0.029647825813229667
   3.9195000e+01  -0.21981795668677034
   3.9200000e+01  -0.4211523116867703
   3.9205000e+01  -0.5655378841867703
   3.9210000e+01  -0.6638091491867703
   3.9215000e+01  -0.7375328466867702
   3.9220000e+01  -0.8066167166867703
   3.9225000e+01  -0.8786239466867702
   3.9230000e+01  -0.9436516241867703
   3.9235000e+01  -0.9760829884367703
   3.9240000e+01   -0.9420888776867703
   3.9245000e+01   -0.8102917651867703
   3.9250000e+01   -0.5626061676867702
   3.9255000e+01   -0.20252160268677016
   3.9260000e+01   0.2414119848132299
   3.9265000e+01   0.71842214481323
   3.9270000e+01   1.16493272231323
   3.9275000e+01   1.51885601231323
   3.9280000e+01   1.73498282481323
   3.9285000e+01  1.79666726606323
   3.9290000e+01  1.71983680481323
   3.9295000e+01  1.54788830731323
   3.9300000e+01  1.33921475981323
   3.9305000e+01  1.15160876981323
   3.9310000e+01  1.02856935481323
   3.9315000e+01   0.99131339706323
   3.9320000e+01   1.03771559431323
   3.9325000e+01   1.14677023681323
   3.9330000e+01   1.28573211181323
   3.9335000e+01   1.4173386343132302
   3.9340000e+01   1.50589151681323
   3.9345000e+01  1.52229572806323
   3.9350000e+01  1.4484609843132301
   3.9355000e+01  1.28075362181323
   3.9360000e+01  1.03132832431323
   3.9365000e+01  0.7261731268132301
   3.9370000e+01  0.39982914431323013
   3.9375000e+01  0.08828079181323017
   3.9380000e+01  -0.1776768956867698
   3.9385000e+01  -0.3768200031867698
   3.9390000e+01  -0.4992981806867698
   3.9395000e+01  -0.5467328551867698
   3.9400000e+01   -0.5315605689367698
   3.9405000e+01   -0.47567497068676984
   3.9410000e+01   -0.40756271068676986
   3.9415000e+01   -0.35722164793676986
   3.9420000e+01  -0.34926761393676986
   3.9425000e+01  -0.39601909768676985
   3.9430000e+01  -0.49299391268676984
   3.9435000e+01  -0.6186331726867699
   3.9440000e+01  -0.7385309551867699
   3.9445000e+01  -0.8129209339367699
   3.9450000e+01   -0.8054054151867699
   3.9455000e+01   -0.6909739026867698
   3.9460000e+01   -0.4618066576867698
   3.9465000e+01   -0.1298106476867698
   3.9470000e+01   0.27469300231323024
   3.9475000e+01   0.7079898798132302
   3.9480000e+01   1.1206164098132303
   3.9485000e+01   1.4658331473132302
   3.9490000e+01   1.7071439273132303
   3.9495000e+01   1.8237334623132302
   3.9500000e+01  1.8133532973132303
   3.9505000e+01  1.6923327123132303
   3.9510000e+01  1.4922700748132303
   3.9515000e+01  1.2533032973132303
   3.9520000e+01  1.0149940698132303
   3.9525000e+01  0.8072426948132303
   3.9530000e+01  0.6442816723132303
   3.9535000e+01  0.5240181973132303
   3.9540000e+01  0.4329651348132303
   3.9545000e+01  0.35464390731323026
   3.9550000e+01  0.27786735981323024
   3.9555000e+01  0.20150844731323025
   3.9560000e+01  0.13413409481323024
   3.9565000e+01  0.08929292831323024
   3.9570000e+01   0.07904168156323024
   3.9575000e+01   0.10864172206323024
   3.9580000e+01   0.17430634781323023
   3.9585000e+01   0.26424788531323024
   3.9590000e+01   0.36201738781323023
   3.9595000e+01   0.4507326353132302
   3.9600000e+01   0.5170821928132302
   3.9605000e+01   0.5544287825632302
   3.9610000e+01  0.5644935842882303
   3.9615000e+01  0.5570501502632302
   3.9620000e+01  0.5472454827632303
   3.9625000e+01   0.5509208917632302
   3.9630000e+01   0.5793793720132302
   3.9635000e+01   0.6357149492632302
   3.9640000e+01   0.7144418992632302
   3.9645000e+01   0.8047140117632302
   3.9650000e+01   0.8955987792632302
   3.9655000e+01   0.9806943667632302
   3.9660000e+01   1.0595932292632302
   3.9665000e+01   1.1353179742632302
   3.9670000e+01   1.2091328842632303
   3.9675000e+01   1.2758802842632302
   3.9680000e+01   1.3231015215132302
   3.9685000e+01  1.3353151457632302
   3.9690000e+01  1.3017857352632303
   3.9695000e+01  1.2236871752632303
   3.9700000e+01  1.1163336777632304
   3.9705000e+01  1.0044570027632305
   3.9710000e+01  0.9121682777632305
   3.9715000e+01  0.8522307680132305
   3.9720000e+01  0.8198868915132305
   3.9725000e+01  0.7943683097632305
   3.9730000e+01  0.7475541547632305
   3.9735000e+01  0.6559846072632305
   3.9740000e+01  0.5111327497632305
   3.9745000e+01  0.3238673122632305
   3.9750000e+01  0.12165866226323052
   3.9755000e+01  -0.060005830236769475
   3.9760000e+01  -0.1885481002367695
   3.9765000e+01  -0.2437610249867695
   3.9770000e+01   -0.2231531197367695
   3.9775000e+01   -0.1423299472367695
   3.9780000e+01   -0.03099383473676949
   3.9785000e+01   0.07424261776323053
   3.9790000e+01   0.13885443926323054
   3.9795000e+01  0.13948961326323053
   3.9800000e+01  0.07084347076323053
   3.9805000e+01  -0.052132619236769484
   3.9810000e+01  -0.1981426092367695
   3.9815000e+01  -0.3288522117367695
   3.9820000e+01  -0.4105082407367695
   3.9825000e+01   -0.4236848924867695
   3.9830000e+01   -0.3678669502367695
   3.9835000e+01   -0.25990644273676955
   3.9840000e+01   -0.12773717523676956
   3.9845000e+01   -0.0019469752367695659
   3.9850000e+01   0.09229788976323045
   3.9855000e+01   0.14129027701323044
   3.9860000e+01  0.14587649001323044
   3.9865000e+01  0.12116682126323045
   3.9870000e+01  0.09276481651323044
   3.9875000e+01   0.08996551526323045
   3.9880000e+01   0.13722324426323046
   3.9885000e+01   0.24608049676323046
   3.9890000e+01   0.41017724926323046
   3.9895000e+01   0.6054643167632304
   3.9900000e+01   0.7962160567632304
   3.9905000e+01   0.9452836892632304
   3.9910000e+01   1.0251058050132305
   3.9915000e+01  1.0253011245132304
   3.9920000e+01  0.9538548032632304
   3.9925000e+01  0.8317096782632303
   3.9930000e+01  0.6836571907632303
   3.9935000e+01  0.5300165207632302
   3.9940000e+01  0.38267161076323025
   3.9945000e+01  0.24618893576323025
   3.9950000e+01  0.12185114576323024
   3.9955000e+01  0.011341958263230228
   3.9960000e+01  -0.08205374173676977
   3.9965000e+01  -0.15465991173676977
   3.9970000e+01  -0.20436697923676977
   3.9975000e+01  -0.23166004723676978
   3.9980000e+01   -0.23924285216176977
   3.9985000e+01   -0.23102908258676977
   3.9990000e+01   -0.21157216383676977
   3.9995000e+01   -0.18625879808676976
   4.0000000e+01   -0.16155530608676977
   4.0005000e+01   -0.14421628608676976
   4.0010000e+01  -0.13904711946176976
   4.0015000e+01  -0.14612141658676975
   4.0020000e+01  -0.15931097183676976
   4.0025000e+01  -0.16773568028676977
   4.0030000e+01   -0.16020196198676978
   4.0035000e+01   -0.13073916773676977
   4.0040000e+01   -0.08229166973676977
   4.0045000e+01   -0.02634775973676977
   4.0050000e+01   0.021514378263230237
   4.0055000e+01   0.04787515126323024
   4.0060000e+01  0.04630970901323024
   4.0065000e+01  0.018616719763230243
   4.0070000e+01  -0.027600834736769757
   4.0075000e+01  -0.08320531723676976
   4.0080000e+01  -0.14134841223676975
   4.0085000e+01  -0.19935276473676974
   4.0090000e+01  -0.25842793973676975
   4.0095000e+01  -0.32191910973676974
   4.0100000e+01  -0.3930580322367697
   4.0105000e+01  -0.47298114223676974
   4.0110000e+01  -0.5594142197367697
   4.0115000e+01  -0.6461472497367697
   4.0120000e+01  -0.7233724347367697
   4.0125000e+01  -0.7790903249867697
   4.0130000e+01  -0.8018444724117697
   4.0135000e+01   -0.7847026143367697
   4.0140000e+01   -0.7295868690867697
   4.0145000e+01   -0.6501514590867697
   4.0150000e+01   -0.5711463640867698
   4.0155000e+01   -0.5231767173367697
   4.0160000e+01  -0.5338152920867697
   4.0165000e+01  -0.6181000435867697
   4.0170000e+01  -0.7722274185867697
   4.0175000e+01  -0.9731223935867697
   4.0180000e+01  -1.1841195260867696
   4.0185000e+01  -1.3645813035867698
   4.0190000e+01  -1.4800813810867697
   4.0195000e+01   -1.5101217985867696
   4.0200000e+01   -1.4517419560867697
   4.0205000e+01   -1.3189600910867698
   4.0210000e+01   -1.1390607885867698
   4.0215000e+01   -0.9470490685867698
   4.0220000e+01   -0.7793424385867699
   4.0225000e+01   -0.6674291585867699
   4.0230000e+01  -0.6321801033367699
   4.0235000e+01  -0.6798099005867699
   4.0240000e+01  -0.80075976558677
   4.0245000e+01  -0.97245898308677
   4.0250000e+01  -1.16574983308677
   4.0255000e+01  -1.35312615808677
   4.0260000e+01  -1.51579218058677
   4.0265000e+01  -1.64679431058677
   4.0270000e+01  -1.74922365308677
   4.0275000e+01  -1.83081640558677
   4.0280000e+01  -1.89782549308677
   4.0285000e+01  -1.95095576133677
   4.0290000e+01  -1.98470552733677
   4.0295000e+01   -1.98971324358677
   4.0300000e+01   -1.9566904120867699
   4.0305000e+01   -1.8804855595867698
   4.0310000e+01   -1.7632494695867698
   4.0315000e+01   -1.6159240995867696
   4.0320000e+01   -1.4573199870867697
   4.0325000e+01   -1.3104466420867698
   4.0330000e+01   -1.1968700870867697
   4.0335000e+01   -1.1311156185867697
   4.0340000e+01  -1.1174073308367696
   4.0345000e+01  -1.1498861915867695
   4.0350000e+01  -1.2156459790867695
   4.0355000e+01  -1.2987707340867696
   4.0360000e+01  -1.3837300715867695
   4.0365000e+01  -1.4575813365867696
   4.0370000e+01  -1.5114189518367696
   4.0375000e+01  -1.5416445190867696
   4.0380000e+01  -1.5509647050017696
   4.0385000e+01   -1.5482913784167696
   4.0390000e+01  -1.5466924473667696
   4.0395000e+01  -1.5594206855667696
   4.0400000e+01  -1.5952965288167695
   4.0405000e+01  -1.6554523333167694
   4.0410000e+01  -1.7330586658167695
   4.0415000e+01  -1.8162667883167696
   4.0420000e+01  -1.8929886883167695
   4.0425000e+01  -1.9552306183167696
   4.0430000e+01  -2.0010132458167695
   4.0435000e+01  -2.0332403743167697
   4.0440000e+01  -2.05642424056677
   4.0445000e+01  -2.0730644618167697
   4.0450000e+01  -2.0813206879417696
   4.0455000e+01   -2.0747445298167695
   4.0460000e+01   -2.0439546770667696
   4.0465000e+01   -1.9796912850667696
   4.0470000e+01   -1.8765354275667696
   4.0475000e+01   -1.7363744125667697
   4.0480000e+01   -1.5704181275667697
   4.0485000e+01   -1.3986141950667696
   4.0490000e+01   -1.2460152425667697
   4.0495000e+01   -1.1368791375667697
   4.0500000e+01   -1.0884013483167698
   4.0505000e+01  -1.1062902740667697
   4.0510000e+01  -1.1836513790667698
   4.0515000e+01  -1.3032469515667697
   4.0520000e+01  -1.4419360290667698
   4.0525000e+01  -1.5756132990667697
   4.0530000e+01  -1.6833354940667697
   4.0535000e+01  -1.7500936448167697
   4.0540000e+01   -1.7682867455667697
   4.0545000e+01   -1.7381218680667696
   4.0550000e+01   -1.6670715155667697
   4.0555000e+01   -1.5684776655667696
   4.0560000e+01   -1.4595128780667697
   4.0565000e+01   -1.3588070730667696
   4.0570000e+01   -1.2839365055667695
   4.0575000e+01   -1.2487691395667695
   4.0580000e+01  -1.2606978185667694
   4.0585000e+01  -1.3182052185667694
   4.0590000e+01  -1.4097127785667694
   4.0595000e+01  -1.5147675185667693
   4.0600000e+01  -1.6080065935667693
   4.0605000e+01  -1.6651971115667694
   4.0610000e+01   -1.6696036188167693
   4.0615000e+01   -1.6166249580667693
   4.0620000e+01   -1.5152498930667693
   4.0625000e+01   -1.3860268055667693
   4.0630000e+01   -1.2562911705667692
   4.0635000e+01   -1.1539021280667692
   4.0640000e+01   -1.100715793566769
   4.0645000e+01  -1.106844213066769
   4.0650000e+01  -1.166788899566769
   4.0655000e+01  -1.258770567066769
   4.0660000e+01  -1.348487469566769
   4.0665000e+01  -1.397520719316769
   4.0670000e+01   -1.374637454066769
   4.0675000e+01   -1.266230836566769
   4.0680000e+01   -1.0815273265667689
   4.0685000e+01   -0.8499073090667688
   4.0690000e+01   -0.6111594340667688
   4.0695000e+01   -0.40278189906676876
   4.0700000e+01   -0.24958644406676875
   4.0705000e+01   -0.15932528156676876
   4.0710000e+01   -0.12501178806676877
   4.0715000e+01  -0.13183308606676877
   4.0720000e+01  -0.16522573256676878
   4.0725000e+01  -0.2169247175667688
   4.0730000e+01  -0.2870655075667688
   4.0735000e+01  -0.3820873600667688
   4.0740000e+01  -0.5097340575667688
   4.0745000e+01  -0.6733992700667688
   4.0750000e+01  -0.8680510700667688
   4.0755000e+01  -1.0790359700667689
   4.0760000e+01  -1.2837929650667688
   4.0765000e+01  -1.4556604525667687
   4.0770000e+01  -1.5688406475667687
   4.0775000e+01   -1.6038157095667687
   4.0780000e+01   -1.5524680140667686
   4.0785000e+01   -1.4216942765667686
   4.0790000e+01   -1.2339546340667686
   4.0795000e+01   -1.0236641040667687
   4.0800000e+01   -0.8297487090667687
   4.0805000e+01   -0.6863770440667687
   4.0810000e+01   -0.6148220158167687
   4.0815000e+01  -0.6190117833167686
   4.0820000e+01  -0.6858494090667686
   4.0825000e+01  -0.7896830265667686
   4.0830000e+01  -0.8992137090667686
   4.0835000e+01  -0.9849121540667686
   4.0840000e+01  -1.0253951145667686
   4.0845000e+01   -1.0117167163167686
   4.0850000e+01   -0.9489005150667686
   4.0855000e+01   -0.8543562825667687
   4.0860000e+01   -0.7533049975667687
   4.0865000e+01   -0.6720341350667687
   4.0870000e+01   -0.6305375175667687
   4.0875000e+01  -0.6365560555667686
   4.0880000e+01  -0.6829545660667686
   4.0885000e+01  -0.7495985560667686
   4.0890000e+01  -0.8095215808167686
   4.0895000e+01  -0.8376141453167686
   4.0900000e+01   -0.8189657883167686
   4.0905000e+01   -0.7539101965667686
   4.0910000e+01   -0.6579036765667686
   4.0915000e+01   -0.5562419765667687
   4.0920000e+01   -0.47555005156676866
   4.0925000e+01   -0.43515460031676867
   4.0930000e+01  -0.4413647073167687
   4.0935000e+01  -0.4864155055667687
   4.0940000e+01  -0.5519978205667687
   4.0945000e+01  -0.6157267980667687
   4.0950000e+01  -0.6581711755667686
   4.0955000e+01   -0.6682557413167687
   4.0960000e+01   -0.6456446350667687
   4.0965000e+01   -0.5996969155667687
   4.0970000e+01   -0.5454931905667687
   4.0975000e+01   -0.4981701955667687
   4.0980000e+01   -0.46730432381676873
   4.0985000e+01   -0.4532069885667687
   4.0990000e+01   -0.4465530460667687
   4.0995000e+01   -0.4317188185667687
   4.1000000e+01   -0.3928172550667687
   4.1005000e+01   -0.3202372275667687
   4.1010000e+01   -0.2151314775667687
   4.1015000e+01   -0.09003583006676871
   4.1020000e+01   0.03465603243323129
   4.1025000e+01   0.13702804743323127
   4.1030000e+01   0.2004853544332313
   4.1035000e+01  0.2187683544832313
   4.1040000e+01  0.19754469603323127
   4.1045000e+01  0.15216374703323127
   4.1050000e+01  0.10241224403323126
   4.1055000e+01  0.06608997428323127
   4.1060000e+01   0.05358831880823127
   4.1065000e+01   0.06522062783323127
   4.1070000e+01   0.09198014208323127
   4.1075000e+01   0.11916050683323126
   4.1080000e+01   0.13138689423323127
   4.1085000e+01  0.11735638463323127
   4.1090000e+01  0.07293282088323128
   4.1095000e+01  0.0019355883832312681
   4.1100000e+01  -0.08527872411676873
   4.1105000e+01  -0.17473827161676875
   4.1110000e+01  -0.25227027661676876
   4.1115000e+01  -0.30644581561676876
   4.1120000e+01  -0.33044197436676875
   4.1125000e+01   -0.32265905511676873
   4.1130000e+01   -0.28624009811676876
   4.1135000e+01   -0.22772087011676875
   4.1140000e+01   -0.15505265761676876
   4.1145000e+01   -0.07540213761676876
   4.1150000e+01   0.006601709883231235
   4.1155000e+01   0.08945717488323122
   4.1160000e+01   0.17391176488323123
   4.1165000e+01   0.26101259488323125
   4.1170000e+01   0.35000996238323123
   4.1175000e+01   0.43707982738323126
   4.1180000e+01   0.5154430298832313
   4.1185000e+01   0.5769055548832314
   4.1190000e+01   0.6143280788832314
   4.1195000e+01  0.6241630686082313
   4.1200000e+01  0.6080963375832313
   4.1205000e+01  0.5731071570832313
   4.1210000e+01  0.5298509058332314
   4.1215000e+01  0.48989188983323134
   4.1220000e+01  0.46267303883323135
   4.1225000e+01  0.45310169713323134
   4.1230000e+01   0.46036945968323134
   4.1235000e+01   0.47828595793323136
   4.1240000e+01   0.4970868774332314
   4.1245000e+01   0.5063588217582313
   4.1250000e+01  0.49836990083323135
   4.1255000e+01  0.47078060408323136
   4.1260000e+01  0.4276652938332314
   4.1265000e+01  0.37822988458323137
   4.1270000e+01  0.33352602708323137
   4.1275000e+01  0.30241591533323137
   4.1280000e+01  0.28846240183323135
   4.1285000e+01   0.28900538333323134
   4.1290000e+01   0.29665610558323136
   4.1295000e+01   0.30238704643323133
   4.1300000e+01  0.2988720555332313
   4.1305000e+01  0.2829190715332313
   4.1310000e+01  0.25647964703323134
   4.1315000e+01  0.22633793378323133
   4.1320000e+01  0.20281814878323134
   4.1325000e+01   0.19771992278323133
   4.1330000e+01   0.22155701653323134
   4.1335000e+01   0.28040154228323133
   4.1340000e+01   0.37319293228323136
   4.1345000e+01   0.4907647022832314
   4.1350000e+01   0.6175148797832314
   4.1355000e+01   0.7355314897832314
   4.1360000e+01   0.8296918747832314
   4.1365000e+01   0.8916515095332314
   4.1370000e+01   0.9211660277832313
   4.1375000e+01  0.9245149117832313
   4.1380000e+01  0.9110856770332313
   4.1385000e+01  0.8897409372832313
   4.1390000e+01  0.8663132685332313
   4.1395000e+01  0.8428477362832313
   4.1400000e+01  0.8185184710332313
   4.1405000e+01  0.7917002777832313
   4.1410000e+01  0.7624243515332313
   4.1415000e+01  0.7342950210332313
   4.1420000e+01  0.7149493120332313
   4.1425000e+01   0.7144841207832313
   4.1430000e+01   0.7420460255332313
   4.1435000e+01   0.8017482927832313
   4.1440000e+01   0.8897085152832314
   4.1445000e+01   0.9937771252832314
   4.1450000e+01   1.0964162777832314
   4.1455000e+01   1.1797565627832314
   4.1460000e+01   1.2309029680332313
   4.1465000e+01  1.2455528865332313
   4.1470000e+01  1.2288038037832312
   4.1475000e+01  1.193133310033231
   4.1480000e+01  1.1543981277832311
   4.1485000e+01  1.127090625033231
   4.1490000e+01   1.120100240783231
   4.1495000e+01   1.134066747783231
   4.1500000e+01   1.1611782282832308
   4.1505000e+01   1.187833515533231
   4.1510000e+01   1.199760467633231
   4.1515000e+01  1.1880290229832309
   4.1520000e+01  1.1534750977332309
   4.1525000e+01  1.1071546807332309
   4.1530000e+01  1.0659693854832308
   4.1535000e+01  1.0450007499832308
   4.1540000e+01   1.0500264964832309
   4.1545000e+01   1.0738981832332308
   4.1550000e+01   1.098667857483231
   4.1555000e+01  1.102547572733231
   4.1560000e+01  1.068553484983231
   4.1565000e+01  0.9911577849832309
   4.1570000e+01  0.8784852074832309
   4.1575000e+01  0.7496537424832309
   4.1580000e+01  0.6286623074832309
   4.1585000e+01  0.537120279983231
   4.1590000e+01  0.48809798198323096
   4.1595000e+01   0.48281625423323093
   4.1600000e+01   0.5110778622332309
   4.1605000e+01   0.5553323329832309
   4.1610000e+01   0.5971025209832309
   4.1615000e+01   0.623503371233231
   4.1620000e+01  0.631307625633231
   4.1625000e+01  0.626845926283231
   4.1630000e+01  0.621772014283231
   4.1635000e+01   0.626586517283231
   4.1640000e+01   0.644851412783231
   4.1645000e+01   0.670702083783231
   4.1650000e+01   0.690729821283231
   4.1655000e+01  0.689299942283231
   4.1660000e+01  0.654822120283231
   4.1665000e+01  0.584109790283231
   4.1670000e+01  0.48294507278323096
   4.1675000e+01  0.36286949028323096
   4.1680000e+01  0.23611349528323095
   4.1685000e+01  0.11142580528323094
   4.1690000e+01  -0.007166429716769063
   4.1695000e+01  -0.11852619971676907
   4.1700000e+01  -0.22119737721676908
   4.1705000e+01  -0.31108479971676906
   4.1710000e+01  -0.38132013971676904
   4.1715000e+01  -0.42395436371676903
   4.1720000e+01   -0.43208480571676905
   4.1725000e+01   -0.40130603371676904
   4.1730000e+01   -0.330497446216769
   4.1735000e+01   -0.22274046371676903
   4.1740000e+01   -0.08676784871676904
   4.1745000e+01   0.06190065378323095
   4.1750000e+01   0.20186113878323095
   4.1755000e+01   0.30993125378323094
   4.1760000e+01   0.36771554628323094
   4.1765000e+01  0.36792840978323094
   4.1770000e+01  0.3172755007832309
   4.1775000e+01  0.2341925032832309
   4.1780000e+01  0.1423585907832309
   4.1785000e+01  0.0630029507832309
   4.1790000e+01  0.009366513783230897
   4.1795000e+01  -0.014786283716769103
   4.1800000e+01   -0.012945865216769104
   4.1805000e+01   0.008087842033230899
   4.1810000e+01   0.04162741203323091
   4.1815000e+01   0.08270425003323091
   4.1820000e+01   0.1278699637832309
   4.1825000e+01   0.1739958430332309
   4.1830000e+01   0.2169096767832309
   4.1835000e+01   0.2503879750332309
   4.1840000e+01   0.2658570619332309
   4.1845000e+01  0.2532255355832309
   4.1850000e+01  0.2031875760832309
   4.1855000e+01  0.1107496335832309
   4.1860000e+01  -0.02119302391676911
   4.1865000e+01  -0.18001412141676912
   4.1870000e+01  -0.34470277891676915
   4.1875000e+01  -0.49053598891676914
   4.1880000e+01  -0.5955691789167692
   4.1885000e+01  -0.6464297311667692
   4.1890000e+01   -0.6411751536667691
   4.1895000e+01   -0.5884204989167692
   4.1900000e+01   -0.5037059989167691
   4.1905000e+01   -0.40511872141676913
   4.1910000e+01   -0.30994026641676914
   4.1915000e+01   -0.23287708891676911
   4.1920000e+01   -0.18519303641676912
   4.1925000e+01  -0.17369001491676914
   4.1930000e+01  -0.19914724691676913
   4.1935000e+01  -0.25491895041676915
   4.1940000e+01  -0.32701124041676916
   4.1945000e+01  -0.39659612291676916
   4.1950000e+01  -0.44475586066676914
   4.1955000e+01   -0.45798956266676916
   4.1960000e+01   -0.43240967766676913
   4.1965000e+01   -0.37496923341676913
   4.1970000e+01   -0.3012833234167691
   4.1975000e+01   -0.2310124409167691
   4.1980000e+01   -0.1826615261667691
   4.1985000e+01  -0.1696060259167691
   4.1990000e+01  -0.1982706504167691
   4.1995000e+01  -0.2682008354167691
   4.2000000e+01  -0.3729833554167691
   4.2005000e+01  -0.501032190416769
   4.2010000e+01  -0.6360521154167691
   4.2015000e+01  -0.7579187279167691
   4.2020000e+01  -0.845037227916769
   4.2025000e+01  -0.878599025291769
   4.2030000e+01   -0.847854095166769
   4.2035000e+01   -0.754399577666769
   4.2040000e+01   -0.613363720166769
   4.2045000e+01   -0.45043895266676903
   4.2050000e+01   -0.2954433251667691
   4.2055000e+01   -0.1745655401667691
   4.2060000e+01   -0.1039683379167691
   4.2065000e+01  -0.0868021506667691
   4.2070000e+01  -0.11427098791676911
   4.2075000e+01  -0.1698794301667691
   4.2080000e+01  -0.2350324376667691
   4.2085000e+01  -0.2940593076667691
   4.2090000e+01  -0.3373388986667691
   4.2095000e+01  -0.3621096374167691
   4.2100000e+01  -0.3713662061917691
   4.2105000e+01   -0.3717281696417691
   4.2110000e+01  -0.3712088910667691
   4.2115000e+01  -0.37746754531676907
   4.2120000e+01  -0.3966222600667691
   4.2125000e+01  -0.43235458531676907
   4.2130000e+01  -0.48505018106676906
   4.2135000e+01  -0.551047591066769
   4.2140000e+01  -0.6224360385667691
   4.2145000e+01  -0.6879528835667691
   4.2150000e+01  -0.7352437928167691
   4.2155000e+01  -0.7541590132667692
   4.2160000e+01   -0.7401296604667692
   4.2165000e+01   -0.6963109789667692
   4.2170000e+01   -0.6333482114667692
   4.2175000e+01   -0.5663928839667692
   4.2180000e+01   -0.5101589744667693
   4.2185000e+01   -0.47384592521676927
   4.2190000e+01   -0.4580714567167693
   4.2195000e+01  -0.4552413326417693
   4.2200000e+01   -0.4532742608417693
   4.2205000e+01   -0.4410208468667693
   4.2210000e+01   -0.4129005711167693
   4.2215000e+01   -0.3707056531167693
   4.2220000e+01   -0.3219916321167693
   4.2225000e+01   -0.2761840923667693
   4.2230000e+01   -0.24051930061676927
   4.2235000e+01   -0.21770808586676926
   4.2240000e+01   -0.20605504311676925
   4.2245000e+01   -0.20149245414176925
   4.2250000e+01   -0.20031314017676924
   4.2255000e+01  -0.20146237596176925
   4.2260000e+01  -0.20772326448676925
   4.2265000e+01  -0.22556500648676925
   4.2270000e+01  -0.2636604094867693
   4.2275000e+01  -0.33026124948676927
   4.2280000e+01  -0.4299408244867693
   4.2285000e+01  -0.5606543669867693
   4.2290000e+01  -0.7123515019867693
   4.2295000e+01  -0.8681529494867694
   4.2300000e+01  -1.0082495669867693
   4.2305000e+01  -1.1154704519867693
   4.2310000e+01  -1.1804963494867693
   4.2315000e+01  -1.2045597282367693
   4.2320000e+01   -1.1983743929867692
   4.2325000e+01   -1.1775976014867693
   4.2330000e+01   -1.1565783409867694
   4.2335000e+01   -1.1427899174867693
   4.2340000e+01   -1.1339631827367693
   4.2345000e+01   -1.1188446409867694
   4.2350000e+01   -1.0812611534867693
   4.2355000e+01   -1.0062051359867694
   4.2360000e+01   -0.8860935809867694
   4.2365000e+01   -0.7251835534867693
   4.2370000e+01   -0.5404033584867693
   4.2375000e+01   -0.35773085348676936
   4.2380000e+01   -0.20472070098676937
   4.2385000e+01   -0.10145868098676936
   4.2390000e+01   -0.05333829148676936
   4.2395000e+01  -0.04884257798676936
   4.2400000e+01  -0.06373079473676936
   4.2405000e+01   -0.07030476298676935
   4.2410000e+01   -0.04807892348676935
   4.2415000e+01   0.008531133513230656
   4.2420000e+01   0.08855142101323066
   4.2425000e+01   0.16921583601323065
   4.2430000e+01   0.22491232601323063
   4.2435000e+01  0.23659978826323064
   4.2440000e+01  0.19813798551323064
   4.2445000e+01  0.11747537801323064
   4.2450000e+01  0.012773763013230646
   4.2455000e+01  -0.09455686198676935
   4.2460000e+01  -0.18700630448676936
   4.2465000e+01  -0.2557132594867694
   4.2470000e+01  -0.30154668198676937
   4.2475000e+01  -0.33283251098676936
   4.2480000e+01  -0.36112228823676934
   4.2485000e+01  -0.39663082748676937
   4.2490000e+01  -0.44457263848676937
   4.2495000e+01  -0.5031165984867694
   4.2500000e+01  -0.5633711359867694
   4.2505000e+01  -0.6115920797367693
   4.2510000e+01  -0.6333545887367693
   4.2515000e+01   -0.6186644419867693
   4.2520000e+01   -0.5662523599867693
   4.2525000e+01   -0.48516604998676927
   4.2530000e+01   -0.39258530998676927
   4.2535000e+01   -0.30830994748676926
   4.2540000e+01   -0.24787606748676927
   4.2545000e+01   -0.21695333948676926
   4.2550000e+01  -0.20922406216176925
   4.2555000e+01   -0.20859855821176926
   4.2560000e+01   -0.19496823683676925
   4.2565000e+01   -0.15134926258676926
   4.2570000e+01   -0.06972815508676926
   4.2575000e+01   0.04653430241323073
   4.2580000e+01   0.18440526491323075
   4.2585000e+01   0.32590768491323074
   4.2590000e+01   0.45366734491323074
   4.2595000e+01   0.5551034774132307
   4.2600000e+01   0.6240961024132308
   4.2605000e+01   0.6602282914132308
   4.2610000e+01  0.6665379539132308
   4.2615000e+01  0.6469204984132307
   4.2620000e+01  0.6041281044132307
   4.2625000e+01  0.5389800344132307
   4.2630000e+01  0.45098376191323075
   4.2635000e+01  0.3400256469132308
   4.2640000e+01  0.20826062941323079
   4.2645000e+01  0.06115717191323078
   4.2650000e+01  -0.09294112308676925
   4.2655000e+01  -0.24458581058676926
   4.2660000e+01  -0.3854779805867693
   4.2665000e+01  -0.5101261955867693
   4.2670000e+01  -0.6161308505867693
   4.2675000e+01  -0.7030146380867693
   4.2680000e+01  -0.7703198330867693
   4.2685000e+01  -0.8161754865867693
   4.2690000e+01  -0.8373261460867693
   4.2695000e+01   -0.8307120543367692
   4.2700000e+01   -0.7956272118367692
   4.2705000e+01   -0.7350261845867692
   4.2710000e+01   -0.6551274345867691
   4.2715000e+01   -0.5637103795867692
   4.2720000e+01   -0.46845249708676917
   4.2725000e+01   -0.37648396958676916
   4.2730000e+01   -0.29513019458676915
   4.2735000e+01   -0.23255671708676917
   4.2740000e+01   -0.1968275463367692
   4.2745000e+01  -0.1930046573367692
   4.2750000e+01  -0.21953747508676918
   4.2755000e+01  -0.2660797285867692
   4.2760000e+01  -0.3143584715867692
   4.2765000e+01  -0.3421787290867692
   4.2770000e+01   -0.3291187293367692
   4.2775000e+01   -0.2618456475867692
   4.2780000e+01   -0.1374234100867692
   4.2785000e+01   0.036018659913230805
   4.2790000e+01   0.24100870741323077
   4.2795000e+01   0.4541825924132308
   4.2800000e+01   0.6507353124132308
   4.2805000e+01   0.8091375749132308
   4.2810000e+01   0.9152771349132308
   4.2815000e+01   0.9650999414132309
   4.2820000e+01  0.9649557559132309
   4.2825000e+01  0.9292908071632309
   4.2830000e+01  0.8760628029132309
   4.2835000e+01  0.8211416904132309
   4.2840000e+01  0.7736221279132309
   4.2845000e+01  0.733885154163231
   4.2850000e+01  0.695185770913231
   4.2855000e+01  0.647950503913231
   4.2860000e+01  0.584742166413231
   4.2865000e+01  0.503707678913231
   4.2870000e+01  0.409292008913231
   4.2875000e+01  0.31041438141323097
   4.2880000e+01  0.21732697141323096
   4.2885000e+01  0.13858816891323095
   4.2890000e+01  0.07914950166323095
   4.2895000e+01  0.03992921741323095
   4.2900000e+01  0.018733581913230952
   4.2905000e+01  0.012012985483230952
   4.2910000e+01   0.01665888980323095
   4.2915000e+01   0.03098170380323095
   4.2920000e+01   0.05435477830323095
   4.2925000e+01   0.08571204055323095
   4.2930000e+01   0.12175413330323095
   4.2935000e+01   0.15593645880323095
   4.2940000e+01   0.17898562830323095
   4.2945000e+01  0.18103244680323094
   4.2950000e+01  0.15475707655323095
   4.2955000e+01  0.09845142755323096
   4.2960000e+01  0.017776805053230954
   4.2965000e+01  -0.07468205744676905
   4.2970000e+01  -0.16222889494676906
   4.2975000e+01  -0.22847061494676907
   4.2980000e+01  -0.26185612669676905
   4.2985000e+01   -0.25874561944676905
   4.2990000e+01   -0.22401292444676904
   4.2995000e+01   -0.16919509594676904
   4.3000000e+01   -0.10909402594676904
   4.3005000e+01   -0.058080624946769036
   4.3010000e+01   -0.027101073696769035
   4.3015000e+01  -0.021832946696769034
   4.3020000e+01  -0.04197163369676904
   4.3025000e+01  -0.08145318944676905
   4.3030000e+01  -0.12949069869676905
   4.3035000e+01  -0.17242372719676904
   4.3040000e+01  -0.19636881019676905
   4.3045000e+01   -0.19041907644676906
   4.3050000e+01   -0.14972100594676907
   4.3055000e+01   -0.07739717844676908
   4.3060000e+01   0.015662101553230917
   4.3065000e+01   0.11346768905323093
   4.3070000e+01   0.19937365405323093
   4.3075000e+01   0.26075216155323094
   4.3080000e+01   0.29216150805323093
   4.3085000e+01  0.2958696253032309
   4.3090000e+01  0.2797299003032309
   4.3095000e+01  0.25352892230323093
   4.3100000e+01  0.22549063005323094
   4.3105000e+01  0.20036190705323095
   4.3110000e+01  0.17958154730323095
   4.3115000e+01  0.16295669630323095
   4.3120000e+01  0.15060695830323095
   4.3125000e+01  0.14397928812823096
   4.3130000e+01   0.14536753295323096
   4.3135000e+01   0.15621305895323095
   4.3140000e+01   0.17513770395323094
   4.3145000e+01   0.19690126895323096
   4.3150000e+01   0.21314022495323096
   4.3155000e+01  0.21489044395323095
   4.3160000e+01  0.19589609845323094
   4.3165000e+01  0.15514709520323094
   4.3170000e+01  0.09738718020323095
   4.3175000e+01  0.03137008770323095
   4.3180000e+01  -0.03322479479676904
   4.3185000e+01  -0.08875955204676905
   4.3190000e+01  -0.13131611054676906
   4.3195000e+01  -0.16072801854676907
   4.3200000e+01  -0.17939459429676907
   4.3205000e+01  -0.19065529729676908
   4.3210000e+01  -0.19735282049676908
   4.3215000e+01  -0.20082353064676908
   4.3220000e+01   -0.20028947772176908
   4.3225000e+01   -0.19267070334676908
   4.3230000e+01   -0.17302750434676908
   4.3235000e+01   -0.13583845159676908
   4.3240000e+01   -0.07697516234676907
   4.3245000e+01   0.004229120153230931
   4.3250000e+01   0.10363063515323093
   4.3255000e+01   0.21224293765323093
   4.3260000e+01   0.31762667015323093
   4.3265000e+01   0.4063407326532309
   4.3270000e+01   0.4668372326532309
   4.3275000e+01   0.4921020069032309
   4.3280000e+01  0.4813399284032309
   4.3285000e+01  0.44010930315323094
   4.3290000e+01  0.37866738565323094
   4.3295000e+01  0.30893321815323094
   4.3300000e+01  0.24115165815323092
   4.3305000e+01  0.18162367815323094
   4.3310000e+01  0.13246548790323093
   4.3315000e+01  0.09336986865323092
   4.3320000e+01  0.06424486315323093
   4.3325000e+01  0.04703768790323093
   4.3330000e+01   0.04545668865323093
   4.3335000e+01   0.06256542490323093
   4.3340000e+01   0.09761774590323094
   4.3345000e+01   0.14413168690323094
   4.3350000e+01   0.19061979815323093
   4.3355000e+01   0.22394386565323093
   4.3360000e+01  0.23382978477823094
   4.3365000e+01  0.21648476940323094
   4.3370000e+01  0.17574334290323096
   4.3375000e+01  0.12134405040323096
   4.3380000e+01  0.06516041790323096
   4.3385000e+01  0.01696530890323096
   4.3390000e+01  -0.01862769109676904
   4.3395000e+01  -0.04299106934676904
   4.3400000e+01  -0.06200674359676904
   4.3405000e+01  -0.08315964859676904
   4.3410000e+01  -0.11253541359676904
   4.3415000e+01  -0.15283475884676903
   4.3420000e+01  -0.20282510209676904
   4.3425000e+01  -0.25794742959676903
   4.3430000e+01  -0.311450764596769
   4.3435000e+01  -0.35551705959676905
   4.3440000e+01  -0.38220994809676906
   4.3445000e+01   -0.38444760759676905
   4.3450000e+01   -0.35725770609676905
   4.3455000e+01   -0.29921532609676904
   4.3460000e+01   -0.21347500609676906
   4.3465000e+01   -0.10767472859676906
   4.3470000e+01   0.007557546403230947
   4.3475000e+01   0.12100200640323096
   4.3480000e+01   0.22313905390323097
   4.3485000e+01   0.30742967140323096
   4.3490000e+01   0.37033088140323095
   4.3495000e+01   0.410538768153231
   4.3500000e+01   0.428294744403231
   4.3505000e+01  0.425331308903231
   4.3510000e+01  0.405381637903231
   4.3515000e+01  0.37460219740323103
   4.3520000e+01  0.341170252903231
   4.3525000e+01  0.313786099903231
   4.3530000e+01  0.299510037903231
   4.3535000e+01   0.301821965653231
   4.3540000e+01   0.319719819903231
   4.3545000e+01   0.348153086153231
   4.3550000e+01   0.37947750765323096
   4.3555000e+01   0.405286113653231
   4.3560000e+01   0.418056555978231
   4.3565000e+01  0.412384066303231
   4.3570000e+01  0.38580725880323097
   4.3575000e+01  0.339185867553231
   4.3580000e+01  0.276419517553231
   4.3585000e+01  0.20336358005323102
   4.3590000e+01  0.12621467255323102
   4.3595000e+01  0.050074967553231015
   4.3600000e+01  -0.02158995994676899
   4.3605000e+01  -0.08641091494676899
   4.3610000e+01  -0.14199776244676898
   4.3615000e+01  -0.18510705419676898
   4.3620000e+01  -0.211746014446769
   4.3625000e+01   -0.218276616146769
   4.3630000e+01   -0.203019254596769
   4.3635000e+01   -0.167605078596769
   4.3640000e+01   -0.11743336734676901
   4.3645000e+01   -0.06093905484676901
   4.3650000e+01   -0.007817627846769003
   4.3655000e+01   0.033250118153231006
   4.3660000e+01   0.05662397490323101
   4.3665000e+01  0.06081307640323101
   4.3670000e+01  0.04834802640323101
   4.3675000e+01  0.024560930153231013
   4.3680000e+01  -0.004186110096768985
   4.3685000e+01  -0.03209259184676899
   4.3690000e+01  -0.054701237846768995
   4.3695000e+01  -0.068645473846769
   4.3700000e+01   -0.070702532646769
   4.3705000e+01   -0.056913067946768994
   4.3710000e+01   -0.022534424196768994
   4.3715000e+01   0.03684553005323101
   4.3720000e+01   0.12335024755323101
   4.3725000e+01   0.23481995755323104
   4.3730000e+01   0.36369134755323107
   4.3735000e+01   0.4973814300532311
   4.3740000e+01   0.6203265500532311
   4.3745000e+01   0.7173343275532311
   4.3750000e+01   0.7774774838032311
   4.3755000e+01   0.7974355254957312
   4.3760000e+01  0.7830975686882311
   4.3765000e+01  0.7485632059382311
   4.3770000e+01  0.7124783394382311
   4.3775000e+01  0.6926812251882312
   4.3780000e+01   0.7009219509382312
   4.3785000e+01   0.7394970249382312
   4.3790000e+01   0.8008974349382312
   4.3795000e+01   0.8703542199382311
   4.3800000e+01   0.9301050074382311
   4.3805000e+01   0.9638134559382311
   4.3810000e+01  0.9599396151882311
   4.3815000e+01  0.9136165109382312
   4.3820000e+01  0.8271955759382311
   4.3825000e+01  0.7097536684382311
   4.3830000e+01  0.575616460938231
   4.3835000e+01  0.441778153438231
   4.3840000e+01  0.324356093438231
   4.3845000e+01  0.23486048093823103
   4.3850000e+01  0.17759193568823103
   4.3855000e+01  0.14934820993823103
   4.3860000e+01   0.14169227163073103
   4.3865000e+01   0.14477421007323102
   4.3870000e+01   0.15088394832323102
   4.3875000e+01   0.156085892798231
   4.3880000e+01   0.15938756844823102
   4.3885000e+01  0.160292156173231
   4.3890000e+01  0.156486134723231
   4.3895000e+01  0.143331245973231
   4.3900000e+01  0.11582389597323099
   4.3905000e+01  0.072275976223231
   4.3910000e+01  0.017858941223230992
   4.3915000e+01  -0.03409591677676901
   4.3920000e+01  -0.06434655777676901
   4.3925000e+01   -0.05329611277676901
   4.3930000e+01   0.011987457723230989
   4.3935000e+01   0.132017610223231
   4.3940000e+01   0.292849622723231
   4.3945000e+01   0.46884216272323104
   4.3950000e+01   0.6294471777232311
   4.3955000e+01   0.7476909727232312
   4.3960000e+01   0.8073877359732311
   4.3965000e+01  0.8066751594732311
   4.3970000e+01  0.7569140822232311
   4.3975000e+01  0.6777311397232311
   4.3980000e+01  0.590305109723231
   4.3985000e+01  0.5114030072232311
   4.3990000e+01  0.45005228722323104
   4.3995000e+01  0.40742188422323106
   4.4000000e+01  0.37911396797323105
   4.4005000e+01  0.358281324473231
   4.4010000e+01  0.33808783097323103
   4.4015000e+01  0.31282307697323103
   4.4020000e+01  0.27790520522323103
   4.4025000e+01  0.22951077922323104
   4.4030000e+01  0.16447258922323105
   4.4035000e+01  0.08063146672323103
   4.4040000e+01  -0.022562460776768975
   4.4045000e+01  -0.143484053276769
   4.4050000e+01  -0.277938665776769
   4.4055000e+01  -0.418956385776769
   4.4060000e+01  -0.556873095776769
   4.4065000e+01  -0.679997500776769
   4.4070000e+01  -0.776229725776769
   4.4075000e+01  -0.835712081026769
   4.4080000e+01   -0.853982343026769
   4.4085000e+01   -0.834483566276769
   4.4090000e+01   -0.789103352776769
   4.4095000e+01   -0.7359280202767691
   4.4100000e+01   -0.6944611562767691
   4.4105000e+01  -0.679680622026769
   4.4110000e+01  -0.6969406860267691
   4.4115000e+01  -0.739561845276769
   4.4120000e+01  -0.790064377026769
   4.4125000e+01  -0.824762634026769
   4.4130000e+01   -0.820317130026769
   4.4135000e+01   -0.760234105776769
   4.4140000e+01   -0.639406803276769
   4.4145000e+01   -0.465544923276769
   4.4150000e+01   -0.257403780776769
   4.4155000e+01   -0.04063114577676899
   4.4160000e+01   0.157532331723231
   4.4165000e+01   0.313512204223231
   4.4170000e+01   0.411668286723231
   4.4175000e+01   0.44683304397323104
   4.4180000e+01  0.42462431022323105
   4.4185000e+01  0.35948406172323105
   4.4190000e+01  0.27103260672323104
   4.4195000e+01  0.17985139422323104
   4.4200000e+01  0.10386817672323104
   4.4205000e+01  0.05605988772323104
   4.4210000e+01   0.04352984572323104
   4.4215000e+01   0.06758194747323104
   4.4220000e+01   0.12438779222323104
   4.4225000e+01   0.20605874222323106
   4.4230000e+01   0.3020846397232311
   4.4235000e+01   0.40101704972323104
   4.4240000e+01   0.49205527222323103
   4.4245000e+01   0.566097359723231
   4.4250000e+01   0.6160373372232311
   4.4255000e+01   0.6365560387982311
   4.4260000e+01  0.6240386163732311
   4.4265000e+01  0.5772011298732311
   4.4270000e+01  0.49845008737323115
   4.4275000e+01  0.39526087987323116
   4.4280000e+01  0.28046139737323117
   4.4285000e+01  0.17057998987323117
   4.4290000e+01  0.08228008987323118
   4.4295000e+01  0.02791589087323118
   4.4300000e+01   0.011866687023231182
   4.4305000e+01   0.02919379417323118
   4.4310000e+01   0.06732314342323117
   4.4315000e+01   0.11024512192323117
   4.4320000e+01   0.1436791059232312
   4.4325000e+01   0.15925372067323118
   4.4330000e+01  0.15620294692323117
   4.4335000e+01  0.14017138842323118
   4.4340000e+01  0.11993638167323117
   4.4345000e+01  0.10361224392323118
   4.4350000e+01  0.09587976519823117
   4.4355000e+01   0.09707587022323118
   4.4360000e+01   0.10401955172323119
   4.4365000e+01   0.11176008897323118
   4.4370000e+01   0.11531860113073118
   4.4375000e+01  0.11088158353823119
   4.4380000e+01  0.09643014703823119
   4.4385000e+01  0.07207812428823118
   4.4390000e+01  0.04031739128823118
   4.4395000e+01  0.006081818538231178
   4.4400000e+01  -0.02367804846176882
   4.4405000e+01  -0.04116299271176882
   4.4410000e+01   -0.03956075071176882
   4.4415000e+01   -0.01506998346176882
   4.4420000e+01   0.03159408953823119
   4.4425000e+01   0.09483126953823118
   4.4430000e+01   0.16518199953823118
   4.4435000e+01   0.23153152953823117
   4.4440000e+01   0.28387863953823117
   4.4445000e+01   0.31585772403823115
   4.4450000e+01  0.32625347294935614
   4.4455000e+01  0.31902771036048116
   4.4460000e+01  0.30183121161048115
   4.4465000e+01  0.28349476811048113
   4.4470000e+01  0.2713981593604811
   4.4475000e+01   0.2696713133854811
   4.4480000e+01   0.27877098891048113
   4.4485000e+01   0.2962695924104811
   4.4490000e+01   0.3181217711604811
   4.4495000e+01   0.3396351929104811
   4.4500000e+01   0.3558799664104811
   4.4505000e+01  0.3619006330929811
   4.4510000e+01  0.3533131695254811
   4.4515000e+01  0.3274977345254811
   4.4520000e+01  0.28496737077548107
   4.4525000e+01  0.23014425327548105
   4.4530000e+01  0.17098449827548104
   4.4535000e+01  0.11746698327548102
   4.4540000e+01  0.07946050727548101
   4.4545000e+01  0.06461235210048101
   4.4550000e+01   0.076705692425481
   4.4555000e+01   0.11467275092548102
   4.4560000e+01   0.17233382992548102
   4.4565000e+01   0.238966474925481
   4.4570000e+01   0.30084637742548104
   4.4575000e+01   0.34378772017548104
   4.4580000e+01  0.35639883665048105
   4.4585000e+01  0.33335062087548106
   4.4590000e+01  0.27763049637548104
   4.4595000e+01  0.20076311637548105
   4.4600000e+01  0.12047523387548105
   4.4605000e+01  0.056191501375481054
   4.4610000e+01  0.023709898625481056
   4.4615000e+01   0.03091245937548106
   4.4620000e+01   0.07606419037548107
   4.4625000e+01   0.14920831787548106
   4.4630000e+01   0.23588942287548106
   4.4635000e+01   0.3215933253754811
   4.4640000e+01   0.3952881503754811
   4.4645000e+01   0.45117345237548107
   4.4650000e+01   0.48866563862548107
   4.4655000e+01   0.5112142196254811
   4.4660000e+01   0.5245654866254811
   4.4665000e+01   0.534824695375481
   4.4670000e+01   0.546527775625481
   4.4675000e+01   0.5610915916254811
   4.4680000e+01   0.576245529625481
   4.4685000e+01   0.5869561968754811
   4.4690000e+01  0.587761826375481
   4.4695000e+01  0.575608797875481
   4.4700000e+01  0.551801553625481
   4.4705000e+01  0.521964298125481
   4.4710000e+01  0.49388847587548096
   4.4715000e+01  0.47424643287548096
   4.4720000e+01  0.46572988347548094
   4.4725000e+01   0.46589863185048097
   4.4730000e+01   0.468117454725481
   4.4735000e+01  0.464006158575481
   4.4740000e+01  0.446353787825481
   4.4745000e+01  0.411553905825481
   4.4750000e+01  0.361011626825481
   4.4755000e+01  0.30131195432548097
   4.4760000e+01  0.24311551932548098
   4.4765000e+01  0.19888518307548098
   4.4770000e+01  0.17979492867548097
   4.4775000e+01   0.19252877177548097
   4.4780000e+01   0.23696610552548097
   4.4785000e+01   0.30573266302548097
   4.4790000e+01   0.38612041302548095
   4.4795000e+01   0.46400015052548094
   4.4800000e+01   0.5283880105254809
   4.4805000e+01   0.5747881492754809
   4.4810000e+01   0.6057506917754809
   4.4815000e+01   0.6282881692754809
   4.4820000e+01   0.6493648067754809
   4.4825000e+01   0.671747190775481
   4.4830000e+01   0.6923869300254809
   4.4835000e+01   0.7041691902754809
   4.4840000e+01  0.7000434650254809
   4.4845000e+01  0.6773163680254809
   4.4850000e+01  0.6399243910254809
   4.4855000e+01  0.5977044980254809
   4.4860000e+01  0.5632471070254809
   4.4865000e+01  0.5479380223504808
   4.4870000e+01   0.5588234931754809
   4.4875000e+01   0.5971787341754808
   4.4880000e+01   0.6587412966754809
   4.4885000e+01   0.7350296766754809
   4.4890000e+01   0.8151436091754809
   4.4895000e+01   0.8876935541754809
   4.4900000e+01   0.9426987866754809
   4.4905000e+01   0.9732801691754809
   4.4910000e+01  0.9768535034254808
   4.4915000e+01  0.9554887846754808
   4.4920000e+01  0.9152354619254808
   4.4925000e+01  0.8644869171754808
   4.4930000e+01  0.8117705196754808
   4.4935000e+01  0.7636006711754808
   4.4940000e+01  0.7231127774254809
   4.4945000e+01  0.6900085491754808
   4.4950000e+01  0.6618852601754808
   4.4955000e+01  0.6364529516754808
   4.4960000e+01  0.6137270891754808
   4.4965000e+01  0.5972329626754808
   4.4970000e+01   0.5936178023754808
   4.4975000e+01   0.6107042938254807
   4.4980000e+01   0.6546820065754807
   4.4985000e+01   0.7275321190754807
   4.4990000e+01   0.8257067765754806
   4.4995000e+01   0.9405400765754807
   4.5000000e+01   1.0601150615754806
   4.5005000e+01   1.1717470190754806
   4.5010000e+01   1.2641567665754807
   4.5015000e+01   1.3287932948254808
   4.5020000e+01   1.3603341768254809
   4.5025000e+01  1.3567666298254808
   4.5030000e+01  1.3194161315754809
   4.5035000e+01  1.252939166575481
   4.5040000e+01  1.164972869075481
   4.5045000e+01  1.065153571575481
   4.5050000e+01  0.963594864075481
   4.5055000e+01  0.8693381040754811
   4.5060000e+01  0.7893753890754811
   4.5065000e+01  0.7284885865754811
   4.5070000e+01  0.6896097065754812
   4.5075000e+01  0.6741058251254811
   4.5080000e+01   0.6815671331754811
   4.5085000e+01   0.7092077279254811
   4.5090000e+01   0.7514784529254811
   4.5095000e+01   0.8005540126754811
   4.5100000e+01   0.8479025001754811
   4.5105000e+01   0.8864586529254811
   4.5110000e+01   0.9124659131754811
   4.5115000e+01   0.9261320146754811
   4.5120000e+01   0.9307919543504811
   4.5125000e+01  0.9309373001004811
   4.5130000e+01  0.9298998224254812
   4.5135000e+01  0.9280385090254812
   4.5140000e+01  0.9220475743754812
   4.5145000e+01  0.9056191638754812
   4.5150000e+01  0.8712778258754812
   4.5155000e+01  0.8128605768754812
   4.5160000e+01  0.7279382868754812
   4.5165000e+01  0.6194936293754812
   4.5170000e+01  0.49634406687548127
   4.5175000e+01  0.3720600543754813
   4.5180000e+01  0.2624557018754813
   4.5185000e+01  0.18212381937548128
   4.5190000e+01  0.14088799562548127
   4.5195000e+01   0.14127064887548127
   4.5200000e+01   0.17790608337548128
   4.5205000e+01   0.2391880183754813
   4.5210000e+01   0.3105561083754813
   4.5215000e+01   0.3781568633754813
   4.5220000e+01   0.43156713512548134
   4.5225000e+01   0.4648746463754813
   4.5230000e+01   0.4762684066704813
   4.5235000e+01  0.4668598017154813
   4.5240000e+01  0.4394612719654813
   4.5245000e+01  0.3976697714654813
   4.5250000e+01  0.34525346996548134
   4.5255000e+01  0.28579215246548134
   4.5260000e+01  0.22268057246548134
   4.5265000e+01  0.15964547246548133
   4.5270000e+01  0.10163940996548133
   4.5275000e+01  0.05549809296548133
   4.5280000e+01  0.029499395465481332
   4.5285000e+01   0.03129915346548133
   4.5290000e+01   0.06460824996548133
   4.5295000e+01   0.12593699296548133
   4.5300000e+01   0.20312730046548133
   4.5305000e+01   0.27686615046548135
   4.5310000e+01   0.32512811796548136
   4.5315000e+01  0.32918204121548134
   4.5320000e+01  0.2791029844654813
   4.5325000e+01  0.1769605094654813
   4.5330000e+01  0.03679625446548129
   4.5335000e+01  -0.1183717505345187
   4.5340000e+01  -0.2614739155345187
   4.5345000e+01  -0.3669291230345187
   4.5350000e+01  -0.4156605415345187
   4.5355000e+01   -0.3988054700345187
   4.5360000e+01   -0.3196364525345187
   4.5365000e+01   -0.1933638250345187
   4.5370000e+01   -0.044601140034518705
   4.5375000e+01   0.09744208996548132
   4.5380000e+01   0.2053873299654813
   4.5385000e+01   0.2603181347154813
   4.5390000e+01  0.25667288546548134
   4.5395000e+01  0.20361561146548135
   4.5400000e+01  0.12209750896548134
   4.5405000e+01  0.03833073646548134
   4.5410000e+01  -0.024240710034518664
   4.5415000e+01  -0.051799391284518666
   4.5420000e+01   -0.04361402178451867
   4.5425000e+01   -0.01113538628451867
   4.5430000e+01   0.026696983465481328
   4.5435000e+01   0.05013251221548133
   4.5440000e+01  0.044941188715481334
   4.5445000e+01  0.006359487465481331
   4.5450000e+01  -0.06044032503451868
   4.5455000e+01  -0.14320473003451867
   4.5460000e+01  -0.22753700753451866
   4.5465000e+01  -0.30211533253451867
   4.5470000e+01  -0.36247792253451866
   4.5475000e+01  -0.41226831703451866
   4.5480000e+01  -0.46167472403451865
   4.5485000e+01  -0.5236145890345186
   4.5490000e+01  -0.6088435790345186
   4.5495000e+01  -0.7214970165345186
   4.5500000e+01  -0.8565075515345186
   4.5505000e+01  -0.9998462165345187
   4.5510000e+01  -1.1316971665345186
   4.5515000e+01  -1.2317369090345185
   4.5520000e+01  -1.2849509062845186
   4.5525000e+01   -1.2861442895345185
   4.5530000e+01   -1.2416200355345186
   4.5535000e+01   -1.1673575380345187
   4.5540000e+01   -1.0841791405345187
   4.5545000e+01   -1.0114477455345188
   4.5550000e+01   -0.9613963812845188
   4.5555000e+01   -0.9360211395345187
   4.5560000e+01   -0.9276111169345187
   4.5565000e+01   -0.9227222120845187
   4.5570000e+01   -0.9081393053345187
   4.5575000e+01   -0.8765553000845187
   4.5580000e+01   -0.8296926393345186
   4.5585000e+01   -0.7775385368345187
   4.5590000e+01   -0.7339861930845186
   4.5595000e+01   -0.7107739988345186
   4.5600000e+01  -0.7123758583345187
   4.5605000e+01  -0.7339841763345186
   4.5610000e+01  -0.7632203510845186
   4.5615000e+01  -0.7845464075845185
   4.5620000e+01   -0.7843966845845185
   4.5625000e+01   -0.7551535225845185
   4.5630000e+01   -0.6969600708345185
   4.5635000e+01   -0.6173488233345185
   4.5640000e+01   -0.5292417658345184
   4.5645000e+01   -0.44795672833451844
   4.5650000e+01   -0.38773038608451843
   4.5655000e+01   -0.3582872798345184
   4.5660000e+01  -0.3622028298345184
   4.5665000e+01  -0.3939409390845184
   4.5670000e+01  -0.4411503143345184
   4.5675000e+01  -0.4880421908345184
   4.5680000e+01  -0.5198147175845184
   4.5685000e+01   -0.5266398900845184
   4.5690000e+01   -0.5059421870845184
   4.5695000e+01   -0.46242106933451843
   4.5700000e+01   -0.40610242183451845
   4.5705000e+01   -0.3492817818345184
   4.5710000e+01   -0.3033847140845184
   4.5715000e+01   -0.2765644275845184
   4.5720000e+01  -0.2724559918345184
   4.5725000e+01  -0.2901101183345184
   4.5730000e+01  -0.3248741055845184
   4.5735000e+01  -0.3698928775845184
   4.5740000e+01  -0.41789584083451836
   4.5745000e+01  -0.4629374555845184
   4.5750000e+01  -0.5017572040845184
   4.5755000e+01  -0.5344589860845184
   4.5760000e+01  -0.5643179365845183
   4.5765000e+01  -0.5967015420845183
   4.5770000e+01  -0.6373095248345183
   4.5775000e+01  -0.6901497043345183
   4.5780000e+01  -0.7558138418345183
   4.5785000e+01  -0.8306151143345183
   4.5790000e+01  -0.9069350393345182
   4.5795000e+01  -0.9747381368345183
   4.5800000e+01  -1.0238079470845183
   4.5805000e+01  -1.0460384170845183
   4.5810000e+01   -1.0371767653345183
   4.5815000e+01   -0.9976792613345183
   4.5820000e+01   -0.9326264563345184
   4.5825000e+01   -0.8508101463345183
   4.5830000e+01   -0.7631517488345183
   4.5835000e+01   -0.6806477863345183
   4.5840000e+01   -0.6121543538345182
   4.5845000e+01   -0.5624980898345182
   4.5850000e+01   -0.5315052213345182
   4.5855000e+01   -0.5144183043345182
   4.5860000e+01   -0.5037572963345182
   4.5865000e+01   -0.49208537433451816
   4.5870000e+01   -0.47464065883451817
   4.5875000e+01   -0.4507180430845182
   4.5880000e+01   -0.42318635358451817
   4.5885000e+01   -0.3964310555845182
   4.5890000e+01   -0.3738553703345182
   4.5895000e+01   -0.3563442593345182
   4.5900000e+01   -0.3425674515845182
   4.5905000e+01   -0.3309111610845182
   4.5910000e+01   -0.3218080480845182
   4.5915000e+01  -0.3189298307595182
   4.5920000e+01  -0.3283521709345182
   4.5925000e+01  -0.35601373643451817
   4.5930000e+01  -0.40479821618451817
   4.5935000e+01  -0.47274712368451816
   4.5940000e+01  -0.5532232411845182
   4.5945000e+01  -0.6368079236845182
   4.5950000e+01  -0.7139709061845182
   4.5955000e+01  -0.7774178611845182
   4.5960000e+01  -0.8233908329345182
   4.5965000e+01  -0.8517488536845182
   4.5970000e+01  -0.8651110404345183
   4.5975000e+01   -0.8675651784845183
   4.5980000e+01   -0.8634156627845183
   4.5985000e+01   -0.8562362067845183
   4.5990000e+01   -0.8482403835345182
   4.5995000e+01   -0.8398422077845182
   4.6000000e+01   -0.8293397712845182
   4.6005000e+01   -0.8128621100345181
   4.6010000e+01   -0.7848792682845182
   4.6015000e+01   -0.7394884312845181
   4.6020000e+01   -0.6723268362845182
   4.6025000e+01   -0.5825292787845182
   4.6030000e+01   -0.4739444687845182
   4.6035000e+01   -0.35501515878451817
   4.6040000e+01   -0.23721955128451816
   4.6045000e+01   -0.13250154878451814
   4.6050000e+01   -0.050442813784518134
   4.6055000e+01   0.004035710965481859
   4.6060000e+01   0.03184601721548186
   4.6065000e+01  0.03947747946548186
   4.6070000e+01  0.037326083365481856
   4.6075000e+01   0.036927884540481855
   4.6080000e+01   0.04770552756548185
   4.6085000e+01   0.07405651956548186
   4.6090000e+01   0.11366095156548187
   4.6095000e+01   0.15766861606548188
   4.6100000e+01   0.19292824881548187
   4.6105000e+01  0.20576070281548187
   4.6110000e+01  0.18618035906548186
   4.6115000e+01  0.13119491706548186
   4.6120000e+01  0.04603590206548186
   4.6125000e+01  -0.05713711293451813
   4.6130000e+01  -0.16261457043451816
   4.6135000e+01  -0.25542126293451817
   4.6140000e+01  -0.3250691004345182
   4.6145000e+01  -0.3676198196845182
   4.6150000e+01  -0.38555877193451815
   4.6155000e+01   -0.38574841993451814
   4.6160000e+01   -0.37634710793451814
   4.6165000e+01   -0.36385817018451816
   4.6170000e+01   -0.3513250296845182
   4.6175000e+01   -0.33815898518451815
   4.6180000e+01   -0.32139994743451816
   4.6185000e+01   -0.29768553168451817
   4.6190000e+01   -0.26507241893451816
   4.6195000e+01   -0.22410924768451818
   4.6200000e+01   -0.17798242368451817
   4.6205000e+01   -0.13189087568451818
   4.6210000e+01   -0.09193646543451818
   4.6215000e+01   -0.06379632418451818
   4.6220000e+01   -0.05139511958451818
   4.6225000e+01  -0.055795809734518184
   4.6230000e+01  -0.07456357298451818
   4.6235000e+01  -0.10185905773451819
   4.6240000e+01  -0.12941480623451818
   4.6245000e+01  -0.14832278373451818
   4.6250000e+01   -0.15126590673451817
   4.6255000e+01   -0.13457902423451817
   4.6260000e+01   -0.09945144773451817
   4.6265000e+01   -0.05175775773451817
   4.6270000e+01   -0.0004085902345181622
   4.6275000e+01   0.04536887501548184
   4.6280000e+01   0.07897032226548184
   4.6285000e+01   0.09855104001548184
   4.6290000e+01   0.10753242126548185
   4.6295000e+01   0.11316705701548185
   4.6300000e+01   0.12352457326548186
   4.6305000e+01   0.14387341976548185
   4.6310000e+01   0.17376999076548183
   4.6315000e+01   0.20605755051548183
   4.6320000e+01   0.22837898851548183
   4.6325000e+01  0.22687633651548184
   4.6330000e+01  0.19084078326548184
   4.6335000e+01  0.11660828076548184
   4.6340000e+01  0.009236698265481832
   4.6345000e+01  -0.11860545923451817
   4.6350000e+01  -0.24996219673451814
   4.6355000e+01  -0.36771187923451815
   4.6360000e+01  -0.45796051423451817
   4.6365000e+01  -0.5117956697345182
   4.6370000e+01   -0.5254306687345182
   4.6375000e+01   -0.49947335273451815
   4.6380000e+01   -0.43816417823451814
   4.6385000e+01   -0.34898661823451815
   4.6390000e+01   -0.24243093823451817
   4.6395000e+01   -0.13133192823451817
   4.6400000e+01   -0.029339505734518156
   4.6405000e+01   0.051380369265481854
   4.6410000e+01   0.10253841776548185
   4.6415000e+01   0.12130047259048185
   4.6420000e+01  0.11041968866548185
   4.6425000e+01  0.07691169241548185
   4.6430000e+01  0.029867128915481843
   4.6435000e+01  -0.02173089108451816
   4.6440000e+01  -0.07047508208451816
   4.6445000e+01  -0.11103543483451817
   4.6450000e+01  -0.13993266983451816
   4.6455000e+01  -0.15509332808451817
   4.6460000e+01   -0.15562656508451816
   4.6465000e+01   -0.14193146183451816
   4.6470000e+01   -0.11588626258451816
   4.6475000e+01   -0.08073872033451816
   4.6480000e+01   -0.04050584833451816
   4.6485000e+01   0.0009407506654818404
   4.6490000e+01   0.04066783141548184
   4.6495000e+01   0.07696914491548185
   4.6500000e+01   0.10909006291548184
   4.6505000e+01   0.13667063541548186
   4.6510000e+01   0.15931085566548187
   4.6515000e+01   0.17651286016548187
   4.6520000e+01   0.18797033066548188
   4.6525000e+01   0.19393943681548187
   4.6530000e+01  0.19536168799048187
   4.6535000e+01  0.19354866146548186
   4.6540000e+01  0.18951596069048185
   4.6545000e+01  0.18331325521548186
   4.6550000e+01  0.17376317121548188
   4.6555000e+01  0.15882447721548187
   4.6560000e+01  0.13644550571548186
   4.6565000e+01  0.10549529496548186
   4.6570000e+01  0.06632471846548185
   4.6575000e+01  0.020724939465481852
   4.6580000e+01  -0.028625432284518144
   4.6585000e+01  -0.07888445478451814
   4.6590000e+01  -0.12755282828451814
   4.6595000e+01  -0.17253709628451813
   4.6600000e+01  -0.21183646078451812
   4.6605000e+01  -0.2431819810345181
   4.6610000e+01  -0.2640275812845181
   4.6615000e+01  -0.2720894539095181
   4.6620000e+01   -0.2662412747845181
   4.6625000e+01   -0.2472483627845181
   4.6630000e+01   -0.2178229000345181
   4.6635000e+01   -0.1818524662845181
   4.6640000e+01   -0.1431584295345181
   4.6645000e+01   -0.1044277447845181
   4.6650000e+01   -0.06684005828451811
   4.6655000e+01   -0.030485757034518113
   4.6660000e+01   0.004763873465481891
   4.6665000e+01   0.03845842771548189
   4.6670000e+01   0.0692494612154819
   4.6675000e+01   0.0951766864654819
   4.6680000e+01   0.1144159479654819
   4.6685000e+01   0.12618047346548192
   4.6690000e+01   0.13141244619048192
   4.6695000e+01   0.13295534786548194
   4.6700000e+01   0.13507230521548194
   4.6705000e+01   0.14244320586548195
   4.6710000e+01   0.15901254711548196
   4.6715000e+01   0.18711544311548195
   4.6720000e+01   0.22712954961548196
   4.6725000e+01   0.27761091561548196
   4.6730000e+01   0.33567823061548197
   4.6735000e+01   0.39742001061548193
   4.6740000e+01   0.4582478381154819
   4.6745000e+01   0.5132632706154819
   4.6750000e+01   0.5577539543654819
   4.6755000e+01   0.587874993115482
   4.6760000e+01   0.601442406865482
   4.6765000e+01  0.598628132115482
   4.6770000e+01  0.5822698681154821
   4.6775000e+01  0.5575483406154821
   4.6780000e+01  0.5309563416154821
   4.6785000e+01  0.5087472406154822
   4.6790000e+01  0.49529581661548217
   4.6795000e+01   0.4918920913404822
   4.6800000e+01   0.4963441180654822
   4.6805000e+01   0.5034554533154821
   4.6810000e+01  0.5061546943904821
   4.6815000e+01  0.4969560499654821
   4.6820000e+01  0.4695165959654821
   4.6825000e+01  0.42015105671548214
   4.6830000e+01  0.34911107421548215
   4.6835000e+01  0.26127573671548215
   4.6840000e+01  0.16584033921548214
   4.6845000e+01  0.07479745671548213
   4.6850000e+01  0.0004482392154821352
   4.6855000e+01  -0.04735902428451787
   4.6860000e+01   -0.06336803148451786
   4.6865000e+01   -0.047747419934517865
   4.6870000e+01   -0.0054618821845178675
   4.6875000e+01   0.05540444531548213
   4.6880000e+01   0.12563018781548213
   4.6885000e+01   0.19645700781548214
   4.6890000e+01   0.26049798281548214
   4.6895000e+01   0.31211053856548215
   4.6900000e+01   0.34765287181548216
   4.6905000e+01   0.36593405706548215
   4.6910000e+01  0.36877608529048217
   4.6915000e+01  0.3612241907654822
   4.6920000e+01  0.35086482501548216
   4.6925000e+01  0.34603390568873216
   4.6930000e+01   0.35326286661198214
   4.6935000e+01   0.37481375961198216
   4.6940000e+01   0.40732260511198215
   4.6945000e+01   0.44228070936198216
   4.6950000e+01   0.4684144501119822
   4.6955000e+01  0.47523773736198216
   4.6960000e+01  0.45650969811198217
   4.6965000e+01  0.4123204001119822
   4.6970000e+01  0.3490796976119822
   4.6975000e+01  0.2775332201119822
   4.6980000e+01  0.2096710351119822
   4.6985000e+01  0.1557083556119822
   4.6990000e+01  0.1221100461119822
   4.6995000e+01   0.1110570225744822
   4.7000000e+01   0.12112622228698221
   4.7005000e+01   0.1485693902869822
   4.7010000e+01   0.1885444095369822
   4.7015000e+01   0.2358936832869822
   4.7020000e+01   0.2853999197869822
   4.7025000e+01   0.3317238222869822
   4.7030000e+01   0.3693578125369822
   4.7035000e+01   0.3928997427869822
   4.7040000e+01  0.3977857787869822
   4.7045000e+01  0.38137692903698217
   4.7050000e+01  0.34406066353698217
   4.7055000e+01  0.2899240835369822
   4.7060000e+01  0.2266545110369822
   4.7065000e+01  0.1645852635369822
   4.7070000e+01  0.11507756978698219
   4.7075000e+01  0.08857713853698218
   4.7080000e+01   0.09269802528698218
   4.7085000e+01   0.1306648345369822
   4.7090000e+01   0.20045917703698218
   4.7095000e+01   0.2950145795369822
   4.7100000e+01   0.4036401295369822
   4.7105000e+01   0.5144533920369823
   4.7110000e+01   0.6171216820369823
   4.7115000e+01   0.7049732120369823
   4.7120000e+01   0.7757668520369823
   4.7125000e+01   0.8309960970369823
   4.7130000e+01   0.8741930942869823
   4.7135000e+01   0.9089751780369824
   4.7140000e+01   0.9374808542869824
   4.7145000e+01   0.9595468737869823
   4.7150000e+01   0.9726891852869823
   4.7155000e+01  0.9727593395369823
   4.7160000e+01  0.9550448465369823
   4.7165000e+01  0.9155433710369822
   4.7170000e+01  0.8521529085369822
   4.7175000e+01  0.7655554735369823
   4.7180000e+01  0.6596030835369823
   4.7185000e+01  0.5410558310369823
   4.7190000e+01  0.4186183735369823
   4.7195000e+01  0.30139805103698225
   4.7200000e+01  0.19713113853698222
   4.7205000e+01  0.11069414853698221
   4.7210000e+01  0.04340505603698222
   4.7215000e+01  -0.006640191213017774
   4.7220000e+01  -0.04336595171301778
   4.7225000e+01  -0.07116861946301778
   4.7230000e+01  -0.09362159846301778
   4.7235000e+01  -0.11281874171301778
   4.7240000e+01  -0.1293868582130178
   4.7245000e+01  -0.14291762071301778
   4.7250000e+01  -0.1524948804630178
   4.7255000e+01  -0.1571133061380178
   4.7260000e+01   -0.1559689076880178
   4.7265000e+01   -0.1486941885630178
   4.7270000e+01   -0.13554832781301782
   4.7275000e+01   -0.11744886831301782
   4.7280000e+01   -0.09570960981301782
   4.7285000e+01   -0.07150397181301782
   4.7290000e+01   -0.04530726731301782
   4.7295000e+01   -0.01668603631301782
   4.7300000e+01   0.015341394186982181
   4.7305000e+01   0.051498166686982184
   4.7310000e+01   0.09144148043698219
   4.7315000e+01   0.1334468264369822
   4.7320000e+01   0.1747888574369822
   4.7325000e+01   0.2125846459369822
   4.7330000e+01   0.24457599168698219
   4.7335000e+01   0.2693994849369822
   4.7340000e+01   0.2862889989369822
   4.7345000e+01   0.29459730358698216
   4.7350000e+01  0.2936817389869822
   4.7355000e+01  0.2834364792369822
   4.7360000e+01  0.2652348884869822
   4.7365000e+01  0.24262187373698219
   4.7370000e+01  0.2210709212369822
   4.7375000e+01  0.20655423648698218
   4.7380000e+01   0.20334563546198217
   4.7385000e+01   0.21200484568698216
   4.7390000e+01   0.22855450418698217
   4.7395000e+01   0.24538006118698216
   4.7400000e+01   0.2535916008369822
   4.7405000e+01  0.24590997648698218
   4.7410000e+01  0.21893638498698217
   4.7415000e+01  0.17400247698698218
   4.7420000e+01  0.11643737448698219
   4.7425000e+01  0.05367788198698219
   4.7430000e+01  -0.007039600513017809
   4.7435000e+01  -0.06065371151301781
   4.7440000e+01  -0.1053515885130178
   4.7445000e+01  -0.1424581827630178
   4.7450000e+01  -0.1751999490130178
   4.7455000e+01  -0.20675998201301782
   4.7460000e+01  -0.23832330726301781
   4.7465000e+01  -0.2678826900130178
   4.7470000e+01  -0.2903536862630178
   4.7475000e+01  -0.2990782217805178
   4.7480000e+01   -0.2882466745480178
   4.7485000e+01   -0.25535130479801776
   4.7490000e+01   -0.20267261654801777
   4.7495000e+01   -0.13707540154801778
   4.7500000e+01   -0.06800016904801777
   4.7505000e+01   -0.00427458154801777
   4.7510000e+01   0.049067531951982234
   4.7515000e+01   0.09266190520198223
   4.7520000e+01   0.13252543970198222
   4.7525000e+01   0.1775771094519822
   4.7530000e+01   0.23582465945198222
   4.7535000e+01   0.3106387419519822
   4.7540000e+01   0.39855439945198223
   4.7545000e+01   0.4895089469519822
   4.7550000e+01   0.5695506644519822
   4.7555000e+01   0.6251537617019822
   4.7560000e+01   0.6476731710269822
   4.7565000e+01  0.6363916866019822
   4.7570000e+01  0.5990966263519822
   4.7575000e+01  0.5499977126019823
   4.7580000e+01  0.5057144018519822
   4.7585000e+01  0.48065516510198225
   4.7590000e+01   0.48318655760198226
   4.7595000e+01   0.5136008538519823
   4.7600000e+01   0.5642689891019823
   4.7605000e+01   0.6217596641019824
   4.7610000e+01   0.6702664866019824
   4.7615000e+01   0.6954541958519824
   4.7620000e+01  0.6877996713519824
   4.7625000e+01  0.6446470451019823
   4.7630000e+01  0.5705050176019824
   4.7635000e+01  0.47555130260198236
   4.7640000e+01  0.37278803010198236
   4.7645000e+01  0.2746795551019824
   4.7650000e+01  0.19025746510198238
   4.7655000e+01  0.12350820760198238
   4.7660000e+01  0.07339652035198238
   4.7665000e+01  0.03529217910198238
   4.7670000e+01  0.003108848351982378
   4.7675000e+01  -0.02866458189801762
   4.7680000e+01  -0.06362399639801762
   4.7685000e+01  -0.10294823714801762
   4.7690000e+01  -0.14550640939801762
   4.7695000e+01  -0.18822768114801763
   4.7700000e+01  -0.22653668539801763
   4.7705000e+01  -0.2549003403980176
   4.7710000e+01  -0.2676459862230176
   4.7715000e+01   -0.2600965652980176
   4.7720000e+01   -0.2298164907980176
   4.7725000e+01   -0.17756679304801762
   4.7730000e+01   -0.10757387304801762
   4.7735000e+01   -0.02692350304801762
   4.7740000e+01   0.05581408945198238
   4.7745000e+01   0.1323775294519824
   4.7750000e+01   0.19656229195198238
   4.7755000e+01   0.24548661270198238
   4.7760000e+01   0.2800687192019824
   4.7765000e+01   0.3045992499519824
   4.7770000e+01   0.3255077787019824
   4.7775000e+01   0.3496190149519824
   4.7780000e+01   0.3823172824519824
   4.7785000e+01   0.42605023370198236
   4.7790000e+01   0.4795169449519824
   4.7795000e+01   0.5377451799519823
   4.7800000e+01   0.5930915574519824
   4.7805000e+01   0.6369891927019824
   4.7810000e+01   0.6620345764519824
   4.7815000e+01  0.6638354489519824
   4.7820000e+01  0.6420610204519824
   4.7825000e+01  0.6004040854519824
   4.7830000e+01  0.5455834179519824
   4.7835000e+01  0.4858580029519824
   4.7840000e+01  0.42958780795198237
   4.7845000e+01  0.38413813770198235
   4.7850000e+01  0.35508149995198235
   4.7855000e+01   0.34547349342698236
   4.7860000e+01   0.35510592115198236
   4.7865000e+01   0.37996420415198234
   4.7870000e+01   0.4123577586519823
   4.7875000e+01   0.44210707465198235
   4.7880000e+01   0.45874002365198235
   4.7885000e+01  0.45410797090198235
   4.7890000e+01  0.42451655340198235
   4.7895000e+01  0.37158721740198236
   4.7900000e+01  0.30157037490198235
   4.7905000e+01  0.22344546990198233
   4.7910000e+01  0.14655458240198233
   4.7915000e+01  0.07855808990198232
   4.7920000e+01  0.024224635151982324
   4.7925000e+01  -0.014826997098017679
   4.7930000e+01  -0.03962236134801768
   4.7935000e+01  -0.05286732909801768
   4.7940000e+01  -0.05779393087301768
   4.7945000e+01   -0.05701067534801768
   4.7950000e+01   -0.05154513854801768
   4.7955000e+01   -0.04033686579801768
   4.7960000e+01   -0.02048341254801768
   4.7965000e+01   0.01158361045198232
   4.7970000e+01   0.05817131745198232
   4.7975000e+01   0.11828775245198232
   4.7980000e+01   0.18642659245198234
   4.7985000e+01   0.25297129495198234
   4.7990000e+01   0.3064071124519823
   4.7995000e+01   0.3366987997019823
   4.8000000e+01  0.3385649837019823
   4.8005000e+01  0.3133101714519823
   4.8010000e+01  0.2684295949519823
   4.8015000e+01  0.21512250495198232
   4.8020000e+01  0.16469883770198232
   4.8025000e+01  0.12525784520198233
   4.8030000e+01  0.09980997595198232
   4.8035000e+01  0.08635064970198232
   4.8040000e+01  0.07961287140198232
   4.8045000e+01  0.07366230935198233
   4.8050000e+01  0.06432946160198233
   4.8055000e+01  0.05067282785198233
   4.8060000e+01  0.03508717935198233
   4.8065000e+01  0.02215066235198233
   4.8070000e+01  0.01671440710198233
   4.8075000e+01   0.02196994760198233
   4.8080000e+01   0.03819827910198233
   4.8085000e+01   0.06260388435198233
   4.8090000e+01   0.09019023985198234
   4.8095000e+01   0.11525107635198234
   4.8100000e+01   0.13290461885198235
   4.8105000e+01   0.14020580022698234
   4.8110000e+01  0.13661099460198234
   4.8115000e+01  0.12379126260198234
   4.8120000e+01  0.10492758935198233
   4.8125000e+01  0.08370086585198233
   4.8130000e+01  0.06324666035198233
   4.8135000e+01  0.04536259935198233
   4.8140000e+01  0.030189065851982326
   4.8145000e+01  0.016432229101982325
   4.8150000e+01  0.002029162851982326
   4.8155000e+01  -0.014958326398017672
   4.8160000e+01  -0.03547671939801768
   4.8165000e+01  -0.05890126389801768
   4.8170000e+01  -0.08298392264801768
   4.8175000e+01  -0.10447383889801767
   4.8180000e+01  -0.12033267089801768
   4.8185000e+01  -0.1291579103980177
   4.8190000e+01  -0.13219763637301768
   4.8195000e+01  -0.13338451192301767
   4.8200000e+01  -0.13819832924801767
   4.8205000e+01  -0.15172905549801768
   4.8210000e+01  -0.17675208874801768
   4.8215000e+01  -0.21268176049801768
   4.8220000e+01  -0.2558877907480177
   4.8225000e+01  -0.3012343664980177
   4.8230000e+01  -0.3441450462480177
   4.8235000e+01  -0.3822667394980177
   4.8240000e+01  -0.4159935674980177
   4.8245000e+01  -0.4476279327480177
   4.8250000e+01  -0.4795833212480177
   4.8255000e+01  -0.5124973379980178
   4.8260000e+01  -0.5441951552480178
   4.8265000e+01  -0.5700587869980177
   4.8270000e+01  -0.5846873999980177
   4.8275000e+01   -0.5841172219980176
   4.8280000e+01   -0.5676180194980176
   4.8285000e+01   -0.5382943037480176
   4.8290000e+01   -0.5022454539980176
   4.8295000e+01   -0.46661548749801757
   4.8300000e+01   -0.43726937099801755
   4.8305000e+01   -0.4169599127480175
   4.8310000e+01   -0.40467933874801754
   4.8315000e+01   -0.39646675799801756
   4.8320000e+01   -0.38738432099801756
   4.8325000e+01   -0.37388165199801754
   4.8330000e+01   -0.35556766124801753
   4.8335000e+01   -0.33563304299801755
   4.8340000e+01   -0.31974538124801755
   4.8345000e+01  -0.31390484669801755
   4.8350000e+01  -0.32217619114801754
   4.8355000e+01  -0.34520389739801755
   4.8360000e+01  -0.38001019439801753
   4.8365000e+01  -0.42100695114801756
   4.8370000e+01  -0.46170639589801754
   4.8375000e+01  -0.49646451939801756
   4.8380000e+01  -0.5217266486480175
   4.8385000e+01  -0.5365278648980175
   4.8390000e+01  -0.5422739683480176
   4.8395000e+01   -0.5420016187980176
   4.8400000e+01   -0.5393812108230176
   4.8405000e+01   -0.5377205638180176
   4.8410000e+01  -0.5391921571630176
   4.8415000e+01  -0.5444583090380176
   4.8420000e+01  -0.5527937072880176
   4.8425000e+01  -0.5626786970380175
   4.8430000e+01  -0.5726674890380176
   4.8435000e+01  -0.5821907467880175
   4.8440000e+01  -0.5919299410380175
   4.8445000e+01  -0.6035536762880176
   4.8450000e+01  -0.6188843397880176
   4.8455000e+01  -0.6388343747880176
   4.8460000e+01  -0.6625796050380176
   4.8465000e+01  -0.6873613412880176
   4.8470000e+01  -0.7090674465380177
   4.8475000e+01  -0.7234398307880177
   4.8480000e+01   -0.7275082969880177
   4.8485000e+01   -0.7207430694380177
   4.8490000e+01   -0.7054849384380177
   4.8495000e+01   -0.6864333319380177
   4.8500000e+01   -0.6692814299380176
   4.8505000e+01   -0.6588863331880176
   4.8510000e+01  -0.6575548819380176
   4.8515000e+01  -0.6640460064380176
   4.8520000e+01  -0.6737157676880176
   4.8525000e+01  -0.6798846385630175
   4.8530000e+01   -0.6760675669380175
   4.8535000e+01   -0.6583229096880175
   4.8540000e+01   -0.6268303709380175
   4.8545000e+01   -0.5860258194380176
   4.8550000e+01   -0.5431602544380176
   4.8555000e+01   -0.5057831209380176
   4.8560000e+01   -0.4790799326880176
   4.8565000e+01   -0.4640328131880176
   4.8570000e+01   -0.4570400093880176
   4.8575000e+01   -0.4511063690880176
   4.8580000e+01   -0.4382071538380176
   4.8585000e+01   -0.4120685305880176
   4.8590000e+01   -0.3704666148380176
   4.8595000e+01   -0.31626281658801764
   4.8600000e+01   -0.25677255408801763
   4.8605000e+01   -0.20162060158801764
   4.8610000e+01   -0.15977135358801764
   4.8615000e+01   -0.13671398533801765
   4.8620000e+01  -0.13271819241301766
   4.8625000e+01  -0.14270986098801766
   4.8630000e+01  -0.15780450848801766
   4.8635000e+01  -0.16803502323801767
   4.8640000e+01   -0.16543259173801766
   4.8645000e+01   -0.14646537148801766
   4.8650000e+01   -0.11300323623801767
   4.8655000e+01   -0.07147818823801766
   4.8660000e+01   -0.03060100723801766
   4.8665000e+01   0.0014301545119823414
   4.8670000e+01   0.019140239261982342
   4.8675000e+01  0.020685048261982343
   4.8680000e+01  0.007418944761982344
   4.8685000e+01  -0.017309939488017657
   4.8690000e+01  -0.04938212573801766
   4.8695000e+01  -0.08467756948801766
   4.8700000e+01  -0.11942162448801766
   4.8705000e+01  -0.15045030423801764
   4.8710000e+01  -0.17565069148801765
   4.8715000e+01  -0.19444923323801766
   4.8720000e+01  -0.20790675673801767
   4.8725000e+01  -0.21805784098801767
   4.8730000e+01  -0.22660972323801767
   4.8735000e+01  -0.23365215098801767
   4.8740000e+01  -0.23719475153801767
   4.8745000e+01   -0.23396340133801766
   4.8750000e+01   -0.22117111308801765
   4.8755000e+01   -0.19838849258801766
   4.8760000e+01   -0.16853581708801765
   4.8765000e+01   -0.13743903033801766
   4.8770000e+01   -0.11207208933801766
   4.8775000e+01   -0.09819675508801766
   4.8780000e+01  -0.09836464308801766
   4.8785000e+01  -0.11109439833801767
   4.8790000e+01  -0.13155408108801767
   4.8795000e+01  -0.15345052433801767
   4.8800000e+01  -0.17131311833801768
   4.8805000e+01  -0.18220540333801769
   4.8810000e+01  -0.1861991310380177
   4.8815000e+01   -0.18555487236301768
   4.8820000e+01   -0.18314196058801768
   4.8825000e+01   -0.18089060136301768
   4.8830000e+01   -0.1789119340130177
   4.8835000e+01   -0.17551374148801768
   4.8840000e+01   -0.16794858023801768
   4.8845000e+01   -0.15352705148801768
   4.8850000e+01   -0.1307046189880177
   4.8855000e+01   -0.09980775523801769
   4.8860000e+01   -0.06315078923801769
   4.8865000e+01   -0.024440317738017685
   4.8870000e+01   0.012395599761982318
   4.8875000e+01   0.044541872511982314
   4.8880000e+01   0.07122926901198232
   4.8885000e+01   0.09380392401198231
   4.8890000e+01   0.11482785976198231
   4.8895000e+01   0.13654959826198232
   4.8900000e+01   0.15939035076198232
   4.8905000e+01   0.18110766851198232
   4.8910000e+01   0.19702643426198233
   4.8915000e+01  0.20130336138698232
   4.8920000e+01  0.1888038870119823
   4.8925000e+01  0.1569657235119823
   4.8930000e+01  0.10704643376198228
   4.8935000e+01  0.04434707626198228
   4.8940000e+01  -0.02272899123801772
   4.8945000e+01  -0.08465076373801772
   4.8950000e+01  -0.1333682187380177
   4.8955000e+01  -0.16489677023801771
   4.8960000e+01  -0.18104901923801772
   4.8965000e+01  -0.18955537573801773
   4.8970000e+01  -0.20223422323801774
   4.8975000e+01  -0.23156260873801773
   4.8980000e+01  -0.2866719232380177
   4.8985000e+01  -0.3701017057380177
   4.8990000e+01  -0.4764059207380177
   4.8995000e+01  -0.5930313032380177
   4.9000000e+01  -0.7031130532380176
   4.9005000e+01  -0.7893027007380177
   4.9010000e+01  -0.8376023969880176
   4.9015000e+01   -0.8403393872380176
   4.9020000e+01   -0.7976903212380176
   4.9025000e+01   -0.7174562412380177
   4.9030000e+01   -0.6131169962380176
   4.9035000e+01   -0.5005875337380177
   4.9040000e+01   -0.39447610373801767
   4.9045000e+01   -0.3048364037380177
   4.9050000e+01   -0.2352927187380177
   4.9055000e+01   -0.1830267939880177
   4.9060000e+01   -0.14058719748801768
   4.9065000e+01   -0.09896835848801767
   4.9070000e+01   -0.05102505123801767
   4.9075000e+01   0.005856093761982331
   4.9080000e+01   0.06871901626198233
   4.9085000e+01   0.12999604876198234
   4.9090000e+01   0.18010583076198233
   4.9095000e+01   0.21072548176198233
   4.9100000e+01  0.21754436776198233
   4.9105000e+01  0.20155767876198233
   4.9110000e+01  0.16855099276198232
   4.9115000e+01  0.12709367401198232
   4.9120000e+01  0.08584443376198231
   4.9125000e+01  0.051129564261982306
   4.9130000e+01  0.025564844761982303
   4.9135000e+01  0.008048286011982302
   4.9140000e+01  -0.005075263988017697
   4.9145000e+01  -0.018283084488017697
   4.9150000e+01  -0.0353107042380177
   4.9155000e+01  -0.0582973914880177
   4.9160000e+01  -0.0877787547380177
   4.9165000e+01  -0.1232552717380177
   4.9170000e+01  -0.1638541517380177
   4.9175000e+01  -0.2086715364880177
   4.9180000e+01  -0.2566547204880177
   4.9185000e+01  -0.3061782204880177
   4.9190000e+01  -0.3546196534880177
   4.9195000e+01  -0.3982062944880177
   4.9200000e+01  -0.4322596232380177
   4.9205000e+01  -0.4518290657380177
   4.9210000e+01   -0.45263122623801766
   4.9215000e+01   -0.43216235248801765
   4.9220000e+01   -0.39076865473801764
   4.9225000e+01   -0.33234301473801764
   4.9230000e+01   -0.2642633072380176
   4.9235000e+01   -0.1963226772380176
   4.9240000e+01   -0.1387600564880176
   4.9245000e+01   -0.09994260848801759
   4.9250000e+01   -0.08452037693801759
   4.9255000e+01  -0.09275556013801758
   4.9260000e+01  -0.12123306913801758
   4.9265000e+01  -0.16454139788801758
   4.9270000e+01  -0.21712067513801758
   4.9275000e+01  -0.2745168901380176
   4.9280000e+01  -0.3336962976380176
   4.9285000e+01  -0.39258892513801763
   4.9290000e+01  -0.44935485763801764
   4.9295000e+01  -0.5018743318880177
   4.9300000e+01  -0.5477303898880177
   4.9305000e+01  -0.5846622023880177
   4.9310000e+01  -0.6112634756380178
   4.9315000e+01  -0.6276270853880177
   4.9320000e+01  -0.6356654232630177
   4.9325000e+01  -0.6389264442630177
   4.9330000e+01  -0.6418559313880177
   4.9335000e+01  -0.6486114476380177
   4.9340000e+01  -0.6616878116380177
   4.9345000e+01  -0.6807318678880178
   4.9350000e+01  -0.7019643208880177
   4.9355000e+01  -0.7185461031380177
   4.9360000e+01   -0.7219994391380177
   4.9365000e+01   -0.7044448893880176
   4.9370000e+01   -0.6610532376380176
   4.9375000e+01   -0.5919035176380176
   4.9380000e+01   -0.5025279551380176
   4.9385000e+01   -0.40282936763801763
   4.9390000e+01   -0.3046367126380176
   4.9395000e+01   -0.21867999263801763
   4.9400000e+01   -0.15198937263801762
   4.9405000e+01   -0.10654846238801763
   4.9410000e+01   -0.07952907863801763
   4.9415000e+01   -0.06483107588801763
   4.9420000e+01   -0.05522384638801763
   4.9425000e+01   -0.04431713838801763
   4.9430000e+01   -0.02785983038801763
   4.9435000e+01   -0.004276498138017629
   4.9440000e+01   0.02534559436198237
   4.9445000e+01   0.05755407236198237
   4.9450000e+01   0.08700894161198237
   4.9455000e+01   0.10723676661198238
   4.9460000e+01  0.11181539183698237
   4.9465000e+01  0.09597351456198237
   4.9470000e+01  0.05826760831198237
   4.9475000e+01  0.0017226388119823619
   4.9480000e+01  -0.06619234368801763
   4.9485000e+01  -0.13503936868801764
   4.9490000e+01  -0.19402891118801763
   4.9495000e+01  -0.23491358818801764
   4.9500000e+01  -0.2540886159380176
   4.9505000e+01   -0.2531268951880176
   4.9510000e+01   -0.23764390518801762
   4.9515000e+01   -0.21508132693801763
   4.9520000e+01   -0.19236757393801762
   4.9525000e+01   -0.17430481543801762
   4.9530000e+01   -0.16306093418801762
   4.9535000e+01   -0.1586002959380176
   4.9540000e+01  -0.1595497808630176
   4.9545000e+01  -0.16399028853801761
   4.9550000e+01  -0.16991801203801762
   4.9555000e+01  -0.17543435626301762
   4.9560000e+01  -0.17889078108801762
   4.9565000e+01   -0.17914241471301762
   4.9570000e+01   -0.17583872148801763
   4.9575000e+01   -0.16951295623801763
   4.9580000e+01   -0.16129629198801762
   4.9585000e+01   -0.15235136823801762
   4.9590000e+01   -0.1433728274880176
   4.9595000e+01   -0.1345073079880176
   4.9600000e+01   -0.1257652469880176
   4.9605000e+01   -0.11762960898801761
   4.9610000e+01   -0.11138735691301761
   4.9615000e+01   -0.10885708635801761
   4.9620000e+01  -0.11156690037801761
   4.9625000e+01  -0.11980149712801762
   4.9630000e+01  -0.13205778837801763
   4.9635000e+01  -0.14525768537801761
   4.9640000e+01  -0.15568513637801762
   4.9645000e+01  -0.16025928377801762
   4.9650000e+01   -0.15760834592801762
   4.9655000e+01   -0.14852158567801763
   4.9660000e+01   -0.13564307892801764
   4.9665000e+01   -0.12257450592801764
   4.9670000e+01   -0.11274264717801763
   4.9675000e+01   -0.10841236177801764
   4.9680000e+01  -0.11012037912801763
   4.9685000e+01  -0.11663733037801763
   4.9690000e+01  -0.12539392312801761
   4.9695000e+01  -0.1331703741280176
   4.9700000e+01  -0.1367799936530176
   4.9705000e+01   -0.1335141621780176
   4.9710000e+01   -0.12126635917801759
   4.9715000e+01   -0.09845918967801759
   4.9720000e+01   -0.06403785767801759
   4.9725000e+01   -0.017753639678017588
   4.9730000e+01   0.039263520321982416
   4.9735000e+01   0.10391997532198244
   4.9740000e+01   0.17097381532198244
   4.9745000e+01   0.23355042532198245
   4.9750000e+01   0.28435013982198243
   4.9755000e+01   0.3172167278219824
   4.9760000e+01   0.3285705143844824
   4.9765000e+01  0.3182639819469824
   4.9770000e+01  0.28962679269698244
   4.9775000e+01  0.24871383269698244
   4.9780000e+01  0.20296384669698245
   4.9785000e+01  0.15958883319698244
   4.9790000e+01  0.12405939869698245
   4.9795000e+01  0.09904230919698245
   4.9800000e+01  0.08406989644698246
   4.9805000e+01  0.07605099944698246
   4.9810000e+01  0.07048035294698246
   4.9815000e+01  0.06295009694698246
   4.9820000e+01  0.05044195319698246
   4.9825000e+01  0.03197376319698246
   4.9830000e+01  0.008466496196982459
   4.9835000e+01  -0.017958528053017543
   4.9840000e+01  -0.044835600053017545
   4.9845000e+01  -0.06998417005301755
   4.9850000e+01  -0.09176153505301754
   4.9855000e+01  -0.10903471205301754
   4.9860000e+01  -0.12106816130301754
   4.9865000e+01  -0.12745259980301754
   4.9870000e+01   -0.12807162917801754
   4.9875000e+01   -0.12305265080301754
   4.9880000e+01   -0.11270463755301754
   4.9885000e+01   -0.09751540930301754
   4.9890000e+01   -0.07825808980301754
   4.9895000e+01   -0.05613380830301754
   4.9900000e+01   -0.032763332803017534
   4.9905000e+01   -0.009860119553017535
   4.9910000e+01   0.011401406446982468
   4.9915000e+01   0.031071228696982464
   4.9920000e+01   0.05078237419698246
   4.9925000e+01   0.07348448344698247
   4.9930000e+01   0.10252019919698246
   4.9935000e+01   0.14032795694698247
   4.9940000e+01   0.18726334619698248
   4.9945000e+01   0.2410354286969825
   4.9950000e+01   0.2970494911969825
   4.9955000e+01   0.3496088049469825
   4.9960000e+01   0.3935782406969825
   4.9965000e+01   0.4258890769469825
   4.9970000e+01   0.44627699719698255
   4.9975000e+01   0.45692625394698255
   4.9980000e+01   0.46115525024698256
   4.9985000e+01  0.46172222479698255
   4.9990000e+01  0.45952336714698255
   4.9995000e+01  0.45327210974698257
   5.0000000e+01  0.44026444399698256
   5.0005000e+01  0.41780886174698256
   5.0010000e+01  0.3846167579969826
   5.0015000e+01  0.34154347224698256
   5.0020000e+01  0.29144806299698256
   5.0025000e+01  0.23836116049698255
   5.0030000e+01  0.18639426049698254
   5.0035000e+01  0.13881540649698254
   5.0040000e+01  0.09753238999698255
   5.0045000e+01  0.06300657249698255
   5.0050000e+01  0.03447805299698255
   5.0055000e+01  0.010352156496982547
   5.0060000e+01  -0.011350613503017453
   5.0065000e+01  -0.032506090753017455
   5.0070000e+01  -0.05435222675301746
   5.0075000e+01  -0.07694073525301745
   5.0080000e+01  -0.09869793625301745
   5.0085000e+01  -0.11630258725301745
   5.0090000e+01  -0.12509011562801745
   5.0095000e+01   -0.12006100575301745
   5.0100000e+01   -0.09732336825301745
   5.0105000e+01   -0.055540067253017446
   5.0110000e+01   0.0031670177469825533
   5.0115000e+01   0.07327016774698256
   5.0120000e+01   0.14690569774698253
   5.0125000e+01   0.21561397774698254
   5.0130000e+01   0.27215985324698255
   5.0135000e+01   0.31187654324698255
   5.0140000e+01   0.33323012524698253
   5.0145000e+01  0.3376079641969825
   5.0150000e+01  0.32853828814698255
   5.0155000e+01  0.31060659664698254
   5.0160000e+01  0.28831000139698254
   5.0165000e+01  0.2650626001469825
   5.0170000e+01  0.24254996664698253
   5.0175000e+01  0.22058163189698252
   5.0180000e+01  0.1974660531469825
   5.0185000e+01  0.17076181789698253
   5.0190000e+01  0.13813280864698252
   5.0195000e+01  0.09803422064698253
   5.0200000e+01  0.05007996414698252
   5.0205000e+01  -0.004894935853017479
   5.0210000e+01  -0.06496339835301748
   5.0215000e+01  -0.12731863085301748
   5.0220000e+01  -0.18852960585301748
   5.0225000e+01  -0.24484811585301747
   5.0230000e+01  -0.29255854960301747
   5.0235000e+01  -0.3283077526030175
   5.0240000e+01  -0.3493361116030175
   5.0245000e+01   -0.3535946921780175
   5.0250000e+01   -0.3398356960030175
   5.0255000e+01   -0.3078054557530175
   5.0260000e+01   -0.25858035500301746
   5.0265000e+01   -0.19490056750301746
   5.0270000e+01   -0.12120909250301745
   5.0275000e+01   -0.04313732750301745
   5.0280000e+01   0.03357355249698256
   5.0285000e+01   0.10438987249698256
   5.0290000e+01   0.16700449249698257
   5.0295000e+01   0.22158688749698258
   5.0300000e+01   0.27011929374698257
   5.0305000e+01   0.3150836817469826
   5.0310000e+01   0.3580424319969826
   5.0315000e+01   0.3986753497469826
   5.0320000e+01   0.4346162929969826
   5.0325000e+01   0.46210317524698263
   5.0330000e+01   0.4771647997469826
   5.0335000e+01  0.4769104254969826
   5.0340000e+01  0.4604844934969826
   5.0345000e+01  0.4293796574969826
   5.0350000e+01  0.3870282809969826
   5.0355000e+01  0.3378490739969826
   5.0360000e+01  0.2861112939969826
   5.0365000e+01  0.2350079314969826
   5.0370000e+01  0.1861991604969826
   5.0375000e+01  0.1398884864969826
   5.0380000e+01  0.0953337884969826
   5.0385000e+01  0.0516130269969826
   5.0390000e+01  0.008425085496982593
   5.0395000e+01  -0.03332658325301741
   5.0400000e+01  -0.0714210765030174
   5.0405000e+01  -0.1028331627530174
   5.0410000e+01  -0.1248022492530174
   5.0415000e+01  -0.1361096602530174
   5.0420000e+01   -0.1380370844280174
   5.0425000e+01   -0.1345208095280174
   5.0430000e+01   -0.1312885334030174
   5.0435000e+01  -0.13415731635301742
   5.0440000e+01  -0.14702165310301743
   5.0445000e+01  -0.17023706460301744
   5.0450000e+01  -0.20004013510301744
   5.0455000e+01  -0.22934315010301742
   5.0460000e+01  -0.2497753813530174
   5.0465000e+01   -0.2543645970030174
   5.0470000e+01   -0.23995734465301738
   5.0475000e+01   -0.20851911715301738
   5.0480000e+01   -0.16684844490301737
   5.0485000e+01   -0.12482115815301736
   5.0490000e+01   -0.09279380615301736
   5.0495000e+01   -0.07902268550301736
   5.0500000e+01  -0.08783537910301736
   5.0505000e+01  -0.11893313760301737
   5.0510000e+01  -0.16780370910301737
   5.0515000e+01  -0.22695560160301737
   5.0520000e+01  -0.28759986660301734
   5.0525000e+01  -0.3414380563530173
   5.0530000e+01  -0.38225909560301735
   5.0535000e+01  -0.40705697810301733
   5.0540000e+01  -0.41640464397801735
   5.0545000e+01   -0.41394385935301736
   5.0550000e+01   -0.4050986301030174
   5.0555000e+01   -0.3953971116030174
   5.0560000e+01   -0.38893981415301737
   5.0565000e+01  -0.38748348815301736
   5.0570000e+01  -0.39035568862801734
   5.0575000e+01  -0.39510765195301734
   5.0580000e+01  -0.39858545227801734
   5.0585000e+01   -0.3980169858780173
   5.0590000e+01   -0.3917750224530173
   5.0595000e+01   -0.37964621920301733
   5.0600000e+01   -0.36264650070301735
   5.0605000e+01   -0.34258644945301736
   5.0610000e+01   -0.32163249545301736
   5.0615000e+01   -0.30202416870301735
   5.0620000e+01   -0.28596647220301735
   5.0625000e+01   -0.27561371120301736
   5.0630000e+01  -0.27303966222801734
   5.0635000e+01  -0.28012243800301734
   5.0640000e+01  -0.2983136490030173
   5.0645000e+01  -0.3282958465030173
   5.0650000e+01  -0.3695789745030173
   5.0655000e+01  -0.4201555002530173
   5.0660000e+01  -0.4763928527530173
   5.0665000e+01  -0.5333336127530173
   5.0670000e+01  -0.5854668422530173
   5.0675000e+01  -0.6278549475030173
   5.0680000e+01  -0.6573224152530173
   5.0685000e+01  -0.6733159322530172
   5.0690000e+01  -0.6780868762830172
   5.0695000e+01   -0.6760416938130173
   5.0700000e+01   -0.6724041611880173
   5.0705000e+01  -0.6716152017630173
   5.0710000e+01  -0.6760144212130172
   5.0715000e+01  -0.6852269852130173
   5.0720000e+01  -0.6963832409630173
   5.0725000e+01  -0.7049926144630173
   5.0730000e+01   -0.7061256206880173
   5.0735000e+01   -0.6955623176630173
   5.0740000e+01   -0.6706723381630173
   5.0745000e+01   -0.6309108279130173
   5.0750000e+01   -0.5779018869130174
   5.0755000e+01   -0.5151391544130174
   5.0760000e+01   -0.4473782119130174
   5.0765000e+01   -0.3798344519130174
   5.0770000e+01   -0.3173300519130174
   5.0775000e+01   -0.2635490766630174
   5.0780000e+01   -0.2205539361630174
   5.0785000e+01   -0.18867909641301742
   5.0790000e+01   -0.16683802941301742
   5.0795000e+01   -0.15316044966301742
   5.0800000e+01   -0.14575401031301743
   5.0805000e+01   -0.14331897391551743
   5.0810000e+01  -0.14538714461801744
   5.0815000e+01  -0.15210724086801744
   5.0820000e+01  -0.16369494136801743
   5.0825000e+01  -0.17981359686801743
   5.0830000e+01  -0.19918036661801744
   5.0835000e+01  -0.21959172561801743
   5.0840000e+01  -0.23838126261801743
   5.0845000e+01  -0.2531405161180174
   5.0850000e+01  -0.2624223696180174
   5.0855000e+01  -0.2661458689430174
   5.0860000e+01   -0.2655292625930174
   5.0865000e+01   -0.2625564582680174
   5.0870000e+01   -0.25917003004301736
   5.0875000e+01   -0.25651150184301735
   5.0880000e+01   -0.25453360094301736
   5.0885000e+01   -0.25216137391801735
   5.0890000e+01   -0.24792428766801736
   5.0895000e+01   -0.24074674616801736
   5.0900000e+01   -0.23051760741801736
   5.0905000e+01   -0.21821535266801736
   5.0910000e+01   -0.20563849216801736
   5.0915000e+01   -0.19497894191801735
   5.0920000e+01   -0.18844981769301736
   5.0925000e+01  -0.18799956136801735
   5.0930000e+01  -0.19500813501801734
   5.0935000e+01  -0.20991121851801733
   5.0940000e+01  -0.23188280501801734
   5.0945000e+01  -0.25882584826801736
   5.0950000e+01  -0.28782157076801734
   5.0955000e+01  -0.31591574126801736
   5.0960000e+01  -0.34088322826801737
   5.0965000e+01  -0.36159888976801735
   5.0970000e+01  -0.37786415826801734
   5.0975000e+01  -0.38983433726801736
   5.0980000e+01  -0.39737597026801735
   5.0985000e+01   -0.39968240009301736
   5.0990000e+01   -0.3953400006680174
   5.0995000e+01   -0.3828578309180174
   5.1000000e+01   -0.3615029476680174
   5.1005000e+01   -0.3321421716680174
   5.1010000e+01   -0.2977135814180174
   5.1015000e+01   -0.2630003746680174
   5.1020000e+01   -0.2335958241680174
   5.1025000e+01   -0.21428227641801742
   5.1030000e+01   -0.20735502444301743
   5.1035000e+01  -0.21153540221801742
   5.1040000e+01  -0.22195042821801741
   5.1045000e+01  -0.2312670434680174
   5.1050000e+01   -0.2316329957180174
   5.1055000e+01   -0.2167873114680174
   5.1060000e+01   -0.1836704057180174
   5.1065000e+01   -0.1330714072180174
   5.1070000e+01   -0.06918939471801741
   5.1075000e+01   0.0016780902819825971
   5.1080000e+01   0.0728724627819826
   5.1085000e+01   0.1390044452819826
   5.1090000e+01   0.19700396778198262
   5.1095000e+01   0.2463003207819826
   5.1100000e+01   0.2881191815319826
   5.1105000e+01   0.3241884212819826
   5.1110000e+01   0.3553747092819826
   5.1115000e+01   0.3808146900319826
   5.1120000e+01   0.3979092280319826
   5.1125000e+01  0.4031862182069826
   5.1130000e+01  0.39367175338198257
   5.1135000e+01  0.3682111253819826
   5.1140000e+01  0.3282298493819826
   5.1145000e+01  0.27767402963198257
   5.1150000e+01  0.22218647463198254
   5.1155000e+01  0.16782311463198255
   5.1160000e+01  0.11971982013198254
   5.1165000e+01  0.08108835163198255
   5.1170000e+01  0.05280189663198255
   5.1175000e+01  0.03367052388198255
   5.1180000e+01  0.02132476738198255
   5.1185000e+01  0.01343738263198255
   5.1190000e+01  0.008864397781982551
   5.1195000e+01   0.008254641656982552
   5.1200000e+01   0.013828396381982551
   5.1205000e+01   0.02834922138198255
   5.1210000e+01   0.053683914381982556
   5.1215000e+01   0.08957232613198256
   5.1220000e+01   0.13316971663198257
   5.1225000e+01   0.17959301188198257
   5.1230000e+01   0.22326753963198256
   5.1235000e+01   0.25954689263198255
   5.1240000e+01   0.2859973166319826
   5.1245000e+01   0.3028981851319826
   5.1250000e+01   0.31281599338198257
   5.1255000e+01   0.31943986563198257
   5.1260000e+01   0.32611881863198255
   5.1265000e+01   0.33464019038198256
   5.1270000e+01   0.3446943656319826
   5.1275000e+01   0.3542001758819826
   5.1280000e+01   0.3603137112319826
   5.1285000e+01  0.36066362213198255
   5.1290000e+01  0.35428361468198255
   5.1295000e+01  0.34188286393198253
   5.1300000e+01  0.32541624143198256
   5.1305000e+01  0.3072236511819826
   5.1310000e+01  0.2891572429319826
   5.1315000e+01  0.2720575206819826
   5.1320000e+01  0.2557326036819826
   5.1325000e+01  0.2393586614319826
   5.1330000e+01  0.2220652989319826
   5.1335000e+01  0.2034487294319826
   5.1340000e+01  0.1838473301819826
   5.1345000e+01  0.1643521991819826
   5.1350000e+01  0.1466383164319826
   5.1355000e+01  0.1327438311819826
   5.1360000e+01  0.1248864457069826
   5.1365000e+01   0.1253155367319826
   5.1370000e+01   0.1361172534819826
   5.1375000e+01   0.15888349073198257
   5.1380000e+01   0.19424782373198257
   5.1385000e+01   0.2414289507319826
   5.1390000e+01   0.2979996882319826
   5.1395000e+01   0.36004092073198257
   5.1400000e+01   0.42266924323198257
   5.1405000e+01   0.4807598832319826
   5.1410000e+01   0.5296381322319826
   5.1415000e+01   0.5656028144819827
   5.1420000e+01   0.5862861152319827
   5.1425000e+01  0.5909272902819827
   5.1430000e+01  0.5805916210819827
   5.1435000e+01  0.5582474740819827
   5.1440000e+01  0.5285257335819827
   5.1445000e+01  0.4970152870819827
   5.1450000e+01  0.46911921658198275
   5.1455000e+01  0.44874622433198275
   5.1460000e+01  0.4373030608319827
   5.1465000e+01  0.43343785030698273
   5.1470000e+01   0.43370845485698273
   5.1475000e+01  0.43393060075698275
   5.1480000e+01  0.43063662433198274
   5.1485000e+01  0.42205102083198276
   5.1490000e+01  0.4082791600819828
   5.1495000e+01  0.3908210828319828
   5.1500000e+01  0.3718060528319828
   5.1505000e+01  0.35335259083198284
   5.1510000e+01  0.33724717858198283
   5.1515000e+01  0.32488380508198283
   5.1520000e+01  0.31727628283198284
   5.1525000e+01   0.31498626502198285
   5.1530000e+01   0.31793528471198285
   5.1535000e+01   0.32519416446198285
   5.1540000e+01   0.33490594921198286
   5.1545000e+01   0.34447765896198285
   5.1550000e+01   0.3510775936869828
   5.1555000e+01  0.3523330545369828
   5.1560000e+01  0.3470029946619828
   5.1565000e+01  0.3353696281619828
   5.1570000e+01  0.3191781821619828
   5.1575000e+01  0.3011173744119828
   5.1580000e+01  0.28400183016198277
   5.1585000e+01  0.2699299254119828
   5.1590000e+01  0.2597176789119828
   5.1595000e+01  0.2528426586619828
   5.1600000e+01  0.2479705244619828
   5.1605000e+01  0.2439048120119828
   5.1610000e+01  0.2405745592619828
   5.1615000e+01   0.23957288796198278
   5.1620000e+01   0.24387639916198278
   5.1625000e+01   0.2567020116619828
   5.1630000e+01   0.2798644916619828
   5.1635000e+01   0.3122929789119828
   5.1640000e+01   0.34939561741198283
   5.1645000e+01   0.3836889671619828
   5.1650000e+01   0.4066255981619828
   5.1655000e+01  0.4110508719119828
   5.1660000e+01  0.3934211749119828
   5.1665000e+01  0.3549759136619828
   5.1670000e+01  0.3014648276619828
   5.1675000e+01  0.2415945726619828
   5.1680000e+01  0.1847958126619828
   5.1685000e+01  0.1390386666619828
   5.1690000e+01  0.1092549769119828
   5.1695000e+01  0.0966267930369828
   5.1700000e+01   0.0987409559119828
   5.1705000e+01   0.1104533959119828
   5.1710000e+01   0.1252226069119828
   5.1715000e+01   0.1366167056619828
   5.1720000e+01  0.13967285271198282
   5.1725000e+01  0.13182172851198282
   5.1730000e+01  0.11319839426198282
   5.1735000e+01  0.08632121751198282
   5.1740000e+01  0.05528296076198282
   5.1745000e+01  0.02471174401198282
   5.1750000e+01  -0.0012086117380171839
   5.1755000e+01  -0.019425392738017185
   5.1760000e+01  -0.028297998013017182
   5.1765000e+01   -0.027498762038017183
   5.1770000e+01   -0.01766514253801718
   5.1775000e+01   2.293196198282013e-5
   5.1780000e+01   0.024187884211982823
   5.1785000e+01   0.05343093296198283
   5.1790000e+01   0.08632721471198282
   5.1795000e+01   0.12130105571198282
   5.1800000e+01   0.15649720871198283
   5.1805000e+01   0.18977579171198283
   5.1810000e+01   0.21890889221198284
   5.1815000e+01   0.24195279871198283
   5.1820000e+01   0.25765915246198284
   5.1825000e+01   0.26573751363698284
   5.1830000e+01  0.26683086061198286
   5.1835000e+01  0.26219474491198286
   5.1840000e+01  0.2532083231619829
   5.1845000e+01  0.24091234491198288
   5.1850000e+01  0.22573356141198286
   5.1855000e+01  0.20745493541198287
   5.1860000e+01  0.18540093716198286
   5.1865000e+01  0.15877301841198285
   5.1870000e+01  0.12707465241198285
   5.1875000e+01  0.09055760391198285
   5.1880000e+01  0.050578530661982854
   5.1885000e+01  0.00971012791198285
   5.1890000e+01  -0.028536037838017156
   5.1895000e+01  -0.06041036433801716
   5.1900000e+01  -0.08290356258801716
   5.1905000e+01  -0.09468028758801716
   5.1910000e+01   -0.09658205651301717
   5.1915000e+01   -0.09143362343801717
   5.1920000e+01   -0.08316159818801717
   5.1925000e+01   -0.07552597943801717
   5.1930000e+01   -0.07091613426301717
   5.1935000e+01  -0.06961053846801717
   5.1940000e+01  -0.06971202893551717
   5.1945000e+01   -0.06776239209801717
   5.1950000e+01   -0.05987252367301717
   5.1955000e+01   -0.04307249817301717
   5.1960000e+01   -0.01648954917301717
   5.1965000e+01   0.018047637576982835
   5.1970000e+01   0.05624011382698284
   5.1975000e+01   0.09236573107698284
   5.1980000e+01   0.12081042557698285
   5.1985000e+01   0.13756493082698285
   5.1990000e+01  0.14119931930198285
   5.1995000e+01  0.13304413277698285
   5.2000000e+01  0.11658315502698285
   5.2005000e+01  0.09628149027698285
   5.2010000e+01  0.07619206702698285
   5.2015000e+01  0.05872035552698285
   5.2020000e+01  0.04389339402698285
   5.2025000e+01  0.02936151027698285
   5.2030000e+01  0.01115741477698285
   5.2035000e+01  -0.015002351973017147
   5.2040000e+01  -0.052274243723017144
   5.2045000e+01  -0.10155794122301715
   5.2050000e+01  -0.16103592622301716
   5.2055000e+01  -0.22651856622301714
   5.2060000e+01  -0.29245870872301716
   5.2065000e+01  -0.35326285372301713
   5.2070000e+01  -0.4044175784730171
   5.2075000e+01  -0.4430356897230171
   5.2080000e+01  -0.4676941797230171
   5.2085000e+01  -0.47777138882301706
   5.2090000e+01   -0.4727230636730171
   5.2095000e+01   -0.45173806242301706
   5.2100000e+01   -0.41398345792301705
   5.2105000e+01   -0.35931685392301704
   5.2110000e+01   -0.289094346423017
   5.2115000e+01   -0.20666119892301701
   5.2120000e+01   -0.117277238923017
   5.2125000e+01   -0.027485656423016994
   5.2130000e+01   0.055861828576983005
   5.2135000e+01   0.126643011076983
   5.2140000e+01   0.180344214576983
   5.2145000e+01   0.21466391707698299
   5.2150000e+01   0.22979640532698298
   5.2155000e+01  0.22835929507698297
   5.2160000e+01  0.21491643582698297
   5.2165000e+01  0.19509178507698297
   5.2170000e+01  0.17440499932698297
   5.2175000e+01  0.15712380132698298
   5.2180000e+01  0.14549306907698298
   5.2185000e+01  0.13957749565198296
   5.2190000e+01  0.13768919501448296
   5.2195000e+01  0.13712985815198295
   5.2200000e+01  0.13491925387698295
   5.2205000e+01  0.12832792900198295
   5.2210000e+01  0.11524280750198294
   5.2215000e+01  0.09449206100198294
   5.2220000e+01  0.06617556775198294
   5.2225000e+01  0.03188622050198294
   5.2230000e+01  -0.005371175998017057
   5.2235000e+01  -0.04166736299801706
   5.2240000e+01  -0.07294874999801707
   5.2245000e+01  -0.09589542999801706
   5.2250000e+01  -0.10856707149801706
   5.2255000e+01   -0.11069227992301706
   5.2260000e+01   -0.10362115384801705
   5.2265000e+01   -0.09005118309801705
   5.2270000e+01   -0.07361715184801704
   5.2275000e+01   -0.05836416034801704
   5.2280000e+01   -0.048090786098017035
   5.2285000e+01  -0.045601134123017036
   5.2290000e+01  -0.05200760939801703
   5.2295000e+01  -0.06630572089801703
   5.2300000e+01  -0.08543240839801704
   5.2305000e+01  -0.10489546789801704
   5.2310000e+01  -0.11985496864801705
   5.2315000e+01  -0.12633841522301706
   5.2320000e+01   -0.12219543904801705
   5.2325000e+01   -0.10750857154801705
   5.2330000e+01   -0.08442054554801705
   5.2335000e+01   -0.056567122298017046
   5.2340000e+01   -0.028384801298017046
   5.2345000e+01   -0.0044807722980170495
   5.2350000e+01   0.01089042695198295
   5.2355000e+01  0.014288014351982951
   5.2360000e+01  0.0035277287519829524
   5.2365000e+01  -0.02190064324801705
   5.2370000e+01  -0.06050501374801705
   5.2375000e+01  -0.10866674549801704
   5.2380000e+01  -0.16086612049801705
   5.2385000e+01  -0.21037208649801703
   5.2390000e+01  -0.250382662748017
   5.2395000e+01  -0.275410649998017
   5.2400000e+01   -0.282554449123017
   5.2405000e+01   -0.27226868899801704
   5.2410000e+01   -0.24837099874801705
   5.2415000e+01   -0.21723417049801705
   5.2420000e+01   -0.18634151724801704
   5.2425000e+01   -0.16256743049801703
   5.2430000e+01   -0.15063812849801703
   5.2435000e+01  -0.15219100299801702
   5.2440000e+01  -0.165676727498017
   5.2445000e+01  -0.187085027498017
   5.2450000e+01  -0.21122009349801701
   5.2455000e+01  -0.233104712498017
   5.2460000e+01  -0.249103796498017
   5.2465000e+01  -0.25750589314801703
   5.2470000e+01   -0.25850708344801704
   5.2475000e+01   -0.253718413848017
   5.2480000e+01   -0.24541864109801703
   5.2485000e+01   -0.23580250809801703
   5.2490000e+01   -0.22645129684801704
   5.2495000e+01   -0.21817717734801703
   5.2500000e+01   -0.21125623434801702
   5.2505000e+01   -0.205892591223017
   5.2510000e+01   -0.202625719123017
   5.2515000e+01  -0.202391032598017
   5.2520000e+01  -0.206098310548017
   5.2525000e+01  -0.213845743548017
   5.2530000e+01  -0.224123163548017
   5.2535000e+01  -0.23345447054801702
   5.2540000e+01   -0.23681332469801702
   5.2545000e+01   -0.22883867659801702
   5.2550000e+01   -0.205506018848017
   5.2555000e+01   -0.165660591098017
   5.2560000e+01   -0.111823376848017
   5.2565000e+01   -0.04993637184801701
   5.2570000e+01   0.01190876565198299
   5.2575000e+01   0.065377559401983
   5.2580000e+01   0.103867007901983
   5.2585000e+01   0.123978043401983
   5.2590000e+01  0.126085368901983
   5.2595000e+01  0.113888863901983
   5.2600000e+01  0.093141818151983
   5.2605000e+01  0.069980497651983
   5.2610000e+01  0.049351583651983
   5.2615000e+01  0.033946892901983
   5.2620000e+01  0.023869721651983
   5.2625000e+01  0.017046718401982998
   5.2630000e+01  0.010207524151982998
   5.2635000e+01  0.00010535665198299626
   5.2640000e+01  -0.015418954348017006
   5.2645000e+01  -0.03686992609801701
   5.2650000e+01  -0.063168167348017
   5.2655000e+01  -0.092227455098017
   5.2660000e+01  -0.121702192848017
   5.2665000e+01  -0.149552495598017
   5.2670000e+01  -0.174247943598017
   5.2675000e+01  -0.19466975384801702
   5.2680000e+01  -0.20991520059801702
   5.2685000e+01  -0.21918764434801702
   5.2690000e+01   -0.22183331899801703
   5.2695000e+01   -0.21748369814801702
   5.2700000e+01   -0.20624293364801702
   5.2705000e+01   -0.18888218439801702
   5.2710000e+01   -0.16698831589801702
   5.2715000e+01   -0.14295329539801702
   5.2720000e+01   -0.11966531264801701
   5.2725000e+01   -0.099859659648017
   5.2730000e+01   -0.08528822914801701
   5.2735000e+01   -0.076040511148017
   5.2740000e+01   -0.07036025359801701
   5.2745000e+01   -0.06512240429801701
   5.2750000e+01   -0.05685828854801701
   5.2755000e+01   -0.04297963679801701
   5.2760000e+01   -0.022750525798017007
   5.2765000e+01   0.002377018701982994
   5.2770000e+01   0.029229412201982993
   5.2775000e+01   0.054035204201982996
   5.2780000e+01   0.07377178570198299
   5.2785000e+01   0.08717343245198299
   5.2790000e+01   0.09496718895198299
   5.2795000e+01   0.09925212290198299
   5.2800000e+01   0.10234038600198299
   5.2805000e+01   0.10562668022698299
   5.2810000e+01   0.10901690330198299
   5.2815000e+01   0.11114660192698299
   5.2820000e+01  0.11021018002698299
   5.2825000e+01  0.10491481900198299
   5.2830000e+01  0.095033000251983
   5.2835000e+01  0.081279334251983
   5.2840000e+01  0.064640165501983
   5.2845000e+01  0.04560262400198299
   5.2850000e+01  0.02377517825198299
   5.2855000e+01  -0.0018541287480170095
   5.2860000e+01  -0.032149516498017006
   5.2865000e+01  -0.066948795248017
   5.2870000e+01  -0.104503305748017
   5.2875000e+01  -0.141484400248017
   5.2880000e+01  -0.173558858498017
   5.2885000e+01  -0.196356577748017
   5.2890000e+01  -0.206571454923017
   5.2895000e+01   -0.202907810098017
   5.2900000e+01   -0.186583280348017
   5.2905000e+01   -0.161157686598017
   5.2910000e+01   -0.131622197848017
   5.2915000e+01   -0.10293828859801699
   5.2920000e+01   -0.078464362098017
   5.2925000e+01   -0.05882464859801699
   5.2930000e+01   -0.04167993509801699
   5.2935000e+01   -0.022559470348016992
   5.2940000e+01   0.00349245765198301
   5.2945000e+01   0.040045800651983016
   5.2950000e+01   0.08789355265198302
   5.2955000e+01   0.14465307265198302
   5.2960000e+01   0.20546558765198303
   5.2965000e+01   0.264480705151983
   5.2970000e+01   0.31657117615198305
   5.2975000e+01   0.35871632115198304
   5.2980000e+01   0.39065072265198303
   5.2985000e+01   0.41460113765198303
   5.2990000e+01   0.434182935651983
   5.2995000e+01   0.45278263865198304
   5.3000000e+01   0.471963434401983
   5.3005000e+01   0.490493058651983
   5.3010000e+01   0.504425706901983
   5.3015000e+01  0.508294730901983
   5.3020000e+01  0.497033249651983
   5.3025000e+01  0.46792638290198296
   5.3030000e+01  0.42185317915198295
   5.3035000e+01  0.3633276541519829
   5.3040000e+01  0.2993045091519829
   5.3045000e+01  0.23719621665198293
   5.3050000e+01  0.18285268465198293
   5.3055000e+01  0.13924589890198294
   5.3060000e+01  0.10628158590198294
   5.3065000e+01  0.08167791115198295
   5.3070000e+01  0.06243195990198294
   5.3075000e+01  0.04622131240198294
   5.3080000e+01  0.03221348915198294
   5.3085000e+01  0.02108849390198294
   5.3090000e+01  0.01443918985198294
   5.3095000e+01   0.01392947035198294
   5.3100000e+01   0.020586192901982943
   5.3105000e+01   0.034430404401982945
   5.3110000e+01   0.05445130140198294
   5.3115000e+01   0.07881424165198295
   5.3120000e+01   0.10520020115198295
   5.3125000e+01   0.13122781890198296
   5.3130000e+01   0.15491686615198297
   5.3135000e+01   0.17509081765198298
   5.3140000e+01   0.19155944890198298
   5.3145000e+01   0.204965131651983
   5.3150000e+01   0.216330634651983
   5.3155000e+01   0.226512389901983
   5.3160000e+01   0.23581442190198298
   5.3165000e+01   0.243914752401983
   5.3170000e+01   0.250077928001983
   5.3175000e+01   0.25349718120198295
   5.3180000e+01  0.25359111782698296
   5.3185000e+01  0.250145917101983
   5.3190000e+01  0.24327902785198297
   5.3195000e+01  0.23326319860198297
   5.3200000e+01  0.22028790335198298
   5.3205000e+01  0.20425554060198298
   5.3210000e+01  0.18470601360198297
   5.3215000e+01  0.16092716335198295
   5.3220000e+01  0.13224995185198296
   5.3225000e+01  0.09847034185198296
   5.3230000e+01  0.06029745735198296
   5.3235000e+01  0.019692334351982962
   5.3240000e+01  -0.02006795864801704
   5.3245000e+01  -0.05475420989801704
   5.3250000e+01  -0.08002265889801705
   5.3255000e+01  -0.09256402914801705
   5.3260000e+01   -0.09118706939801705
   5.3265000e+01   -0.07738555764801705
   5.3270000e+01   -0.05508976264801705
   5.3275000e+01   -0.029624861648017052
   5.3280000e+01   -0.006223695898017054
   5.3285000e+01   0.011390819851982946
   5.3290000e+01   0.02188702110198295
   5.3295000e+01   0.02641816427698295
   5.3300000e+01   0.02795349537698295
   5.3305000e+01   0.03010727185198295
   5.3310000e+01   0.03585328490198295
   5.3315000e+01   0.04650919415198295
   5.3320000e+01   0.06126475665198295
   5.3325000e+01   0.07736136615198294
   5.3330000e+01   0.09085635015198294
   5.3335000e+01   0.09775494950198294
   5.3340000e+01  0.09518714710198294
   5.3345000e+01  0.08227484985198294
   5.3350000e+01  0.06040981160198294
   5.3355000e+01  0.032846669851982944
   5.3360000e+01  0.003752124851982945
   5.3365000e+01  -0.022960007648017058
   5.3370000e+01  -0.04462206439801706
   5.3375000e+01  -0.060337461648017066
   5.3380000e+01  -0.07091622889801706
   5.3385000e+01  -0.07828548464801706
   5.3390000e+01  -0.08458706539801705
   5.3395000e+01  -0.09126535964801705
   5.3400000e+01  -0.09846162889801705
   5.3405000e+01  -0.10494040839801705
   5.3410000e+01  -0.10858062172301705
   5.3415000e+01   -0.10723193284801705
   5.3420000e+01   -0.09957684014801704
   5.3425000e+01   -0.08564502664801704
   5.3430000e+01   -0.06680345914801704
   5.3435000e+01   -0.04529347339801704
   5.3440000e+01   -0.023562024898017037
   5.3445000e+01   -0.0036525663980170354
   5.3450000e+01   0.013190684601982965
   5.3455000e+01   0.026684331351982962
   5.3460000e+01   0.03747096010198296
   5.3465000e+01   0.046901323851982965
   5.3470000e+01   0.056613875101982965
   5.3475000e+01   0.06793116385198296
   5.3480000e+01   0.08121452585198295
   5.3485000e+01   0.09544348085198295
   5.3490000e+01   0.10829744710198295
   5.3495000e+01   0.11685034910198296
   5.3500000e+01  0.11869699320198296
   5.3505000e+01  0.11307169105198296
   5.3510000e+01  0.10145872555198296
   5.3515000e+01  0.08738379730198295
   5.3520000e+01  0.07541593730198295
   5.3525000e+01  0.06972069880198295
   5.3530000e+01   0.07265128430198295
   5.3535000e+01   0.08382316205198295
   5.3540000e+01   0.09995677355198296
   5.3545000e+01   0.11556843055198296
   5.3550000e+01   0.12437655382698296
   5.3555000e+01  0.12108095985198296
   5.3560000e+01  0.10300719385198295
   5.3565000e+01  0.07106949060198295
   5.3570000e+01  0.02966905635198295
   5.3575000e+01  -0.014504382148017053
   5.3580000e+01  -0.05438976714801705
   5.3585000e+01  -0.08453088039801705
   5.3590000e+01  -0.10243469439801706
   5.3595000e+01  -0.10888834872301706
   5.3600000e+01   -0.10721273889801707
   5.3605000e+01   -0.10180736899801707
   5.3610000e+01   -0.09655651829801706
   5.3615000e+01   -0.09366533769801706
   5.3620000e+01  -0.09329594227301706
   5.3625000e+01  -0.09405108939801705
   5.3630000e+01   -0.09401898207301705
   5.3635000e+01   -0.09187768644801705
   5.3640000e+01   -0.08755950029801705
   5.3645000e+01   -0.08219734629801706
   5.3650000e+01   -0.07740971549801706
   5.3655000e+01   -0.07427107349801707
   5.3660000e+01   -0.07244349009801707
   5.3665000e+01   -0.06987911159801706
   5.3670000e+01   -0.06327881554801706
   5.3675000e+01   -0.04918941754801706
   5.3680000e+01   -0.02534833529801706
   5.3685000e+01   0.008244616451982937
   5.3690000e+01   0.04896401620198293
   5.3695000e+01   0.09206904520198292
   5.3700000e+01   0.13191900795198291
   5.3705000e+01   0.1634843714519829
   5.3710000e+01   0.18368592970198291
   5.3715000e+01   0.1922072547019829
   5.3720000e+01  0.1916156582519829
   5.3725000e+01  0.1867978428019829
   5.3730000e+01  0.18382912575948288
   5.3735000e+01   0.18847399046698288
   5.3740000e+01   0.2046031452169829
   5.3745000e+01   0.2329098964669829
   5.3750000e+01   0.2703514377169829
   5.3755000e+01   0.3106333887169829
   5.3760000e+01   0.34575845471698285
   5.3765000e+01   0.36825664546698283
   5.3770000e+01  0.37339498851698283
   5.3775000e+01  0.36061198381698284
   5.3780000e+01  0.33368665581698287
   5.3785000e+01  0.29961372781698287
   5.3790000e+01  0.26660061731698287
   5.3795000e+01  0.24184710806698287
   5.3800000e+01  0.22975369906698287
   5.3805000e+01   0.23099224406698288
   5.3810000e+01   0.24258571481698288
   5.3815000e+01   0.2588893735669829
   5.3820000e+01   0.2731897663169829
   5.3825000e+01   0.2795360165919829
   5.3830000e+01  0.2743752691169829
   5.3835000e+01  0.2575871788669829
   5.3840000e+01  0.2326235678669829
   5.3845000e+01  0.2056677823669829
   5.3850000e+01  0.18400244761698292
   5.3855000e+01  0.17403605576698292
   5.3860000e+01   0.17958361716698293
   5.3865000e+01   0.20093976991698292
   5.3870000e+01   0.23501468791698293
   5.3875000e+01   0.27641777791698297
   5.3880000e+01   0.319037889666983
   5.3885000e+01   0.357534840666983
   5.3890000e+01   0.388276191166983
   5.3895000e+01   0.40954387766698297
   5.3900000e+01   0.421139057916983
   5.3905000e+01  0.42369538254198297
   5.3910000e+01  0.418028848166983
   5.3915000e+01  0.404750658416983
   5.3920000e+01  0.38422197841698297
   5.3925000e+01  0.35679357916698295
   5.3930000e+01  0.32318172816698293
   5.3935000e+01  0.28479944691698295
   5.3940000e+01  0.24388779516698295
   5.3945000e+01  0.20335724341698294
   5.3950000e+01  0.16633259291698294
   5.3955000e+01  0.13548422591698292
   5.3960000e+01  0.11231774766698292
   5.3965000e+01  0.09666398141698293
   5.3970000e+01  0.08661838216698292
   5.3975000e+01  0.07907670591698292
   5.3980000e+01  0.07079914791698291
   5.3985000e+01  0.05968126416698291
   5.3990000e+01  0.045744672166982914
   5.3995000e+01  0.031394574916982915
   5.4000000e+01  0.020745975916982913
   5.4005000e+01   0.01820346846698291
   5.4010000e+01   0.026818889266982913
   5.4015000e+01   0.04707500076698291
   5.4020000e+01   0.07657366601698291
   5.4025000e+01   0.11071832776698293
   5.4030000e+01   0.14407067726698292
   5.4035000e+01   0.17183429151698293
   5.4040000e+01   0.19096004151698293
   5.4045000e+01   0.20060929126698293
   5.4050000e+01  0.20199223394198293
   5.4055000e+01  0.19778093736698293
   5.4060000e+01  0.19133323036698294
   5.4065000e+01  0.18590373194198292
   5.4070000e+01   0.18395354979698292
   5.4075000e+01   0.18665968757698292
   5.4080000e+01   0.19374877482698294
   5.4085000e+01   0.20375749882698294
   5.4090000e+01   0.21469484982698295
   5.4095000e+01   0.22488461832698295
   5.4100000e+01   0.23362529232698295
   5.4105000e+01   0.24134121657698296
   5.4110000e+01   0.24913102357698297
   5.4115000e+01   0.257930529576983
   5.4120000e+01   0.267717030826983
   5.4125000e+01   0.277163031576983
   5.4130000e+01   0.283909103501983
   5.4135000e+01  0.285307431876983
   5.4140000e+01  0.27927067132698297
   5.4145000e+01  0.26485639182698295
   5.4150000e+01  0.24240545682698295
   5.4155000e+01  0.21330286482698294
   5.4160000e+01  0.17958811032698294
   5.4165000e+01  0.14362845482698294
   5.4170000e+01  0.10792186707698294
   5.4175000e+01  0.07494137057698294
   5.4180000e+01  0.04688740657698294
   5.4185000e+01  0.02530796057698294
   5.4190000e+01  0.01069980757698294
   5.4195000e+01  0.002295544576982939
   5.4200000e+01  -0.0018043921730170618
   5.4205000e+01  -0.004149525523017061
   5.4210000e+01  -0.007260926873017062
   5.4215000e+01  -0.012981522623017064
   5.4220000e+01  -0.022044582373017062
   5.4225000e+01  -0.03395630137301706
   5.4230000e+01  -0.04719347412301706
   5.4235000e+01  -0.05964604837301706
   5.4240000e+01  -0.06918698387301705
   5.4245000e+01  -0.07422704082301705
   5.4250000e+01   -0.07411415474801705
   5.4255000e+01   -0.06926965947301705
   5.4260000e+01   -0.06101708422301705
   5.4265000e+01   -0.05114808197301705
   5.4270000e+01   -0.041364252973017046
   5.4275000e+01   -0.032795400223017045
   5.4280000e+01   -0.025785742723017046
   5.4285000e+01   -0.020048723473017047
   5.4290000e+01   -0.015146076448017045
   5.4295000e+01   -0.011101449748017043
   5.4300000e+01   -0.008871597648017043
   5.4305000e+01  -0.010416154623017043
   5.4310000e+01  -0.018248176773017044
   5.4315000e+01  -0.034575678023017045
   5.4320000e+01  -0.06036031777301705
   5.4325000e+01  -0.09470123227301705
   5.4330000e+01  -0.13483401652301705
   5.4335000e+01  -0.17676598602301705
   5.4340000e+01  -0.21629228977301704
   5.4345000e+01  -0.24999866452301706
   5.4350000e+01  -0.27591103152301705
   5.4355000e+01  -0.29364225052301707
   5.4360000e+01  -0.30409560077301706
   5.4365000e+01  -0.30891664447301703
   5.4370000e+01   -0.30991030305301703
   5.4375000e+01   -0.30858763130801703
   5.4380000e+01   -0.305925380908017
   5.4385000e+01   -0.302343698383017
   5.4390000e+01   -0.297844683608017
   5.4395000e+01   -0.292214183833017
   5.4400000e+01   -0.285184969583017
   5.4405000e+01   -0.27650052883301696
   5.4410000e+01   -0.265890356083017
   5.4415000e+01   -0.253029997583017
   5.4420000e+01   -0.237570761583017
   5.4425000e+01   -0.21927184283301698
   5.4430000e+01   -0.19818188358301697
   5.4435000e+01   -0.17475814533301698
   5.4440000e+01   -0.149830107333017
   5.4445000e+01   -0.124407492333017
   5.4450000e+01   -0.09943588833301699
   5.4455000e+01   -0.075636691833017
   5.4460000e+01   -0.05350481908301699
   5.4465000e+01   -0.033428156583016996
   5.4470000e+01   -0.015821974833016995
   5.4475000e+01   -0.0011857455830169925
   5.4480000e+01   0.009938067416983007
   5.4485000e+01   0.01706097141698301
   5.4490000e+01   0.019848378841983007
   5.4495000e+01  0.01819727884198301
   5.4500000e+01  0.012289247916983007
   5.4505000e+01  0.002614714416983006
   5.4510000e+01  -0.010043732833016994
   5.4515000e+01  -0.024673541833016996
   5.4520000e+01  -0.040128130333016994
   5.4525000e+01  -0.05524437858301699
   5.4530000e+01  -0.06898768183301698
   5.4535000e+01  -0.08063674883301698
   5.4540000e+01  -0.08998628658301698
   5.4545000e+01  -0.09748628283301698
   5.4550000e+01  -0.10420619758301698
   5.4555000e+01  -0.11155749033301698
   5.4560000e+01  -0.12082178133301699
   5.4565000e+01  -0.132652280083017
   5.4570000e+01  -0.146765971083017
   5.4575000e+01  -0.16198360883301702
   5.4580000e+01  -0.176628048583017
   5.4585000e+01  -0.189132625083017
   5.4590000e+01  -0.198618736083017
   5.4595000e+01  -0.205215032833017
   5.4600000e+01  -0.209996142633017
   5.4605000e+01  -0.214567673333017
   5.4610000e+01  -0.220459438233017
   5.4615000e+01  -0.228563291733017
   5.4620000e+01  -0.238836942983017
   5.4625000e+01  -0.250389756233017
   5.4630000e+01  -0.261907388983017
   5.4635000e+01  -0.272227132483017
   5.4640000e+01  -0.280813076983017
   5.4645000e+01  -0.287927635983017
   5.4650000e+01  -0.29442570923301703
   5.4655000e+01  -0.301249568233017
   5.4660000e+01  -0.30882115548301703
   5.4665000e+01  -0.316580467233017
   5.4670000e+01  -0.32288660848301703
   5.4675000e+01   -0.325379353830517
   5.4680000e+01   -0.321721103928017
   5.4685000e+01   -0.310468364928017
   5.4690000e+01   -0.291739740178017
   5.4695000e+01   -0.267402848178017
   5.4700000e+01   -0.24067789792801703
   5.4705000e+01   -0.21527400292801702
   5.4710000e+01   -0.19434300042801703
   5.4715000e+01   -0.17959356642801702
   5.4720000e+01   -0.17084811542801703
   5.4725000e+01   -0.16618071585301702
   5.4730000e+01   -0.16259549635301704
   5.4735000e+01   -0.15703759717801705
   5.4740000e+01   -0.14741415742801706
   5.4745000e+01   -0.13328316767801707
   5.4750000e+01   -0.11597281592801706
   5.4755000e+01   -0.09810608342801706
   5.4760000e+01   -0.08274044242801706
   5.4765000e+01   -0.07247325842801706
   5.4770000e+01   -0.06883778267051706
   5.4775000e+01  -0.07214881066301707
   5.4780000e+01  -0.08175168991301707
   5.4785000e+01  -0.09648232616301707
   5.4790000e+01  -0.11510276741301706
   5.4795000e+01  -0.13652909291301707
   5.4800000e+01  -0.15978714816301706
   5.4805000e+01  -0.18377904266301706
   5.4810000e+01  -0.20706183966301706
   5.4815000e+01  -0.22786022716301707
   5.4820000e+01  -0.24442102191301707
   5.4825000e+01  -0.25561352266301707
   5.4830000e+01  -0.26150276291301705
   5.4835000e+01  -0.2635866434630171
   5.4840000e+01  -0.26452077966301707
   5.4845000e+01  -0.2673800697880171
   5.4850000e+01  -0.2747015645130171
   5.4855000e+01  -0.2876333070130171
   5.4860000e+01  -0.30546669126301706
   5.4865000e+01  -0.32569840101301706
   5.4870000e+01  -0.34460813626301706
   5.4875000e+01  -0.35819436176301706
   5.4880000e+01  -0.3632123403430171
   5.4885000e+01   -0.3580267139230171
   5.4890000e+01   -0.3430342471730171
   5.4895000e+01   -0.3205262039230171
   5.4900000e+01   -0.2940212776730171
   5.4905000e+01   -0.26726561942301713
   5.4910000e+01   -0.24320858617301713
   5.4915000e+01   -0.22327219817301713
   5.4920000e+01   -0.20712868142301713
   5.4925000e+01   -0.19302399492301714
   5.4930000e+01   -0.17850459792301715
   5.4935000e+01   -0.16128198292301715
   5.4940000e+01   -0.13994123192301716
   5.4945000e+01   -0.11427620342301717
   5.4950000e+01   -0.08519447467301716
   5.4955000e+01   -0.054318284923017164
   5.4960000e+01   -0.023522754173017163
   5.4965000e+01   0.005368590826982836
   5.4970000e+01   0.030656506576982837
   5.4975000e+01   0.05070556657698284
   5.4980000e+01   0.06393408257698284
   5.4985000e+01   0.06898460057698284
   5.4990000e+01  0.06506042482698285
   5.4995000e+01  0.05227830207698285
   5.5000000e+01  0.03184387057698285
   5.5005000e+01  0.005925063326982845
   5.5010000e+01  -0.022761438423017154
   5.5015000e+01  -0.05150037592301715
   5.5020000e+01  -0.07805944292301716
   5.5025000e+01  -0.10095538717301715
   5.5030000e+01  -0.11949097642301715
   5.5035000e+01  -0.13366381317301715
   5.5040000e+01  -0.14406555617301714
   5.5045000e+01  -0.15181150892301715
   5.5050000e+01  -0.15844429167301716
   5.5055000e+01  -0.16572671767301717
   5.5060000e+01  -0.17529892917301718
   5.5065000e+01  -0.1882725179230172
   5.5070000e+01  -0.2048986324230172
   5.5075000e+01  -0.2244395116730172
   5.5080000e+01  -0.2453021504230172
   5.5085000e+01  -0.2653968791730172
   5.5090000e+01  -0.2826053809230172
   5.5095000e+01  -0.2952122399230172
   5.5100000e+01  -0.3021793279980172
   5.5105000e+01   -0.3032073538730172
   5.5110000e+01   -0.29860318442301725
   5.5115000e+01   -0.28902621342301726
   5.5120000e+01   -0.27520896142301726
   5.5125000e+01   -0.2577401214230173
   5.5130000e+01   -0.23697266717301727
   5.5135000e+01   -0.21308256992301727
   5.5140000e+01   -0.18626013067301728
   5.5145000e+01   -0.15697374192301727
   5.5150000e+01   -0.12621468092301727
   5.5155000e+01   -0.09561819492301726
   5.5160000e+01   -0.06736565817301726
   5.5165000e+01   -0.04381328867301726
   5.5170000e+01   -0.02687416467301726
   5.5175000e+01   -0.017296439173017257
   5.5180000e+01   -0.014092989873017258
   5.5185000e+01  -0.014417256998017257
   5.5190000e+01   -0.014084181723017257
   5.5195000e+01   -0.008701638023017256
   5.5200000e+01   0.004906853976982746
   5.5205000e+01   0.02749860322698275
   5.5210000e+01   0.05691624897698275
   5.5215000e+01   0.08854001372698275
   5.5220000e+01   0.11655916347698275
   5.5225000e+01   0.13561859722698275
   5.5230000e+01  0.14227396472948275
   5.5235000e+01  0.13579864973198275
   5.5240000e+01  0.11815920448198275
   5.5245000e+01  0.09328080148198274
   5.5250000e+01  0.06593447098198274
   5.5255000e+01  0.04062749273198274
   5.5260000e+01  0.020783179481982737
   5.5265000e+01  0.008332252481982737
   5.5270000e+01  0.003690242531982737
   5.5275000e+01   0.0060122635819827375
   5.5280000e+01   0.013596897081982737
   5.5285000e+01   0.024325588331982735
   5.5290000e+01   0.036048227831982735
   5.5295000e+01   0.04685598008198273
   5.5300000e+01   0.05522675133198273
   5.5305000e+01   0.06008279493198273
   5.5310000e+01  0.06083752500698273
   5.5315000e+01  0.05749782173198273
   5.5320000e+01  0.05082097398198273
   5.5325000e+01  0.042433655231982725
   5.5330000e+01  0.03476374898198273
   5.5335000e+01  0.030667844506982726
   5.5340000e+01   0.032765432531982726
   5.5345000e+01   0.042659066531982724
   5.5350000e+01   0.06033221803198273
   5.5355000e+01   0.08399632928198272
   5.5360000e+01   0.11050022428198272
   5.5365000e+01   0.13619083228198273
   5.5370000e+01   0.15793078403198274
   5.5375000e+01   0.17391813728198274
   5.5380000e+01   0.18403713103198274
   5.5385000e+01   0.18965390863198275
   5.5390000e+01   0.19297627890698277
   5.5395000e+01   0.19623878080698276
   5.5400000e+01   0.20100435778198275
   5.5405000e+01   0.20779520678198274
   5.5410000e+01   0.21612531178198274
   5.5415000e+01   0.22486777728198273
   5.5420000e+01   0.23279788853198274
   5.5425000e+01   0.23912498653198275
   5.5430000e+01   0.24385294333198274
   5.5435000e+01   0.24786625513198274
   5.5440000e+01   0.25270600363198276
   5.5445000e+01   0.2600724173819828
   5.5450000e+01   0.27117300088198276
   5.5455000e+01   0.2861165716319828
   5.5460000e+01   0.3035915606319828
   5.5465000e+01   0.32100724463198277
   5.5470000e+01   0.3351069791319828
   5.5475000e+01   0.3428531922069828
   5.5480000e+01  0.3422587515319828
   5.5485000e+01  0.3328816750319828
   5.5490000e+01  0.3158760575319828
   5.5495000e+01  0.2936751380319828
   5.5500000e+01  0.2694640342819828
   5.5505000e+01  0.2465750070319828
   5.5510000e+01  0.2278858427819828
   5.5515000e+01  0.2152914865319828
   5.5520000e+01  0.20934645928198278
   5.5525000e+01   0.20918282575698277
   5.5530000e+01   0.21275150658198277
   5.5535000e+01   0.21732865663198278
   5.5540000e+01   0.2201342155569828
   5.5545000e+01  0.21888256765698277
   5.5550000e+01  0.21213784753198278
   5.5555000e+01  0.19944506303198278
   5.5560000e+01  0.18129740003198277
   5.5565000e+01  0.15903146003198276
   5.5570000e+01  0.13469907578198276
   5.5575000e+01  0.11087924678198276
   5.5580000e+01  0.09034163278198276
   5.5585000e+01  0.07552229128198276
   5.5590000e+01  0.06791627183198276
   5.5595000e+01   0.06762871398198277
   5.5600000e+01   0.07332998608198277
   5.5605000e+01   0.08269148033198277
   5.5610000e+01   0.09313210583198277
   5.5615000e+01   0.10254481133198276
   5.5620000e+01   0.10970402708198276
   5.5625000e+01   0.11425070460698276
   5.5630000e+01   0.11637893088198277
   5.5635000e+01  0.11647159320698278
   5.5640000e+01  0.11490094758198277
   5.5645000e+01  0.11206776568198278
   5.5650000e+01  0.10859163263198278
   5.5655000e+01  0.10546858495698277
   5.5660000e+01  0.10402626705198277
   5.5665000e+01   0.10562471744698278
   5.5670000e+01   0.11120884267198278
   5.5675000e+01   0.12091909492198277
   5.5680000e+01   0.13394238867198277
   5.5685000e+01   0.14865699042198277
   5.5690000e+01   0.16299002167198276
   5.5695000e+01   0.17485262042198277
   5.5700000e+01   0.18255127567198276
   5.5705000e+01  0.18512841745698275
   5.5710000e+01  0.18259967974198274
   5.5715000e+01  0.17602971099198275
   5.5720000e+01  0.16737428049198275
   5.5725000e+01  0.15906172199198274
   5.5730000e+01  0.15339036296698275
   5.5735000e+01   0.15192455726698276
   5.5740000e+01   0.15510635709198276
   5.5745000e+01   0.16222657459198275
   5.5750000e+01   0.17175104684198275
   5.5755000e+01   0.18185550159198274
   5.5760000e+01   0.19095633684198274
   5.5765000e+01   0.19805538459198274
   5.5770000e+01   0.20281583616698273
   5.5775000e+01   0.20540307271698274
   5.5780000e+01   0.20620963809198276
   5.5785000e+01  0.20560721854198274
   5.5790000e+01  0.20382701234198275
   5.5795000e+01  0.20098965271698274
   5.5800000e+01  0.19723097431698275
   5.5805000e+01  0.19283778016698275
   5.5810000e+01  0.18832527634198276
   5.5815000e+01  0.18442805701698275
   5.5820000e+01  0.18200479359198277
   5.5825000e+01   0.18186521874198278
   5.5830000e+01   0.18453944226698277
   5.5835000e+01   0.19004234209198276
   5.5840000e+01   0.19772096584198276
   5.5845000e+01   0.20626921959198277
   5.5850000e+01   0.21393503109198278
   5.5855000e+01   0.2188625257919828
   5.5860000e+01  0.2194586408419828
   5.5865000e+01  0.2146784411919828
   5.5870000e+01  0.2041726394419828
   5.5875000e+01  0.1882994809419828
   5.5880000e+01  0.1680440236919828
   5.5885000e+01  0.1449010874419828
   5.5890000e+01  0.1207627799419828
   5.5895000e+01  0.0978109156919828
   5.5900000e+01  0.0783666404419828
   5.5905000e+01  0.0646318066919828
   5.5910000e+01  0.058302557041982804
   5.5915000e+01   0.060133317891982806
   5.5920000e+01   0.06961285139198281
   5.5925000e+01   0.08491246464198281
   5.5930000e+01   0.1031706776419828
   5.5935000e+01   0.1210514108919828
   5.5940000e+01   0.1354301866419828
   5.5945000e+01   0.14404991514198281
   5.5950000e+01  0.1460138074669828
   5.5955000e+01  0.1420104622919828
   5.5960000e+01  0.1341936120419828
   5.5965000e+01  0.12569431979198278
   5.5970000e+01  0.11984263909198278
   5.5975000e+01   0.11929077549198279
   5.5980000e+01   0.1252977070919828
   5.5985000e+01   0.1374042143419828
   5.5990000e+01   0.15359966484198279
   5.5995000e+01   0.17091514684198278
   5.6000000e+01   0.18624400709198277
   5.6005000e+01   0.19713617559198277
   5.6010000e+01   0.20234431884198276
   5.6015000e+01  0.20199781121698276
   5.6020000e+01  0.19740685409198278
   5.6025000e+01  0.1906050773419828
   5.6030000e+01  0.18378374434198277
   5.6035000e+01  0.17874840236698278
   5.6040000e+01  0.17647730189198277
   5.6045000e+01   0.17683238806698276
   5.6050000e+01   0.17848603779198277
   5.6055000e+01  0.17914150801698278
   5.6060000e+01  0.17608097769198278
   5.6065000e+01  0.16695227294198278
   5.6070000e+01  0.15055962794198277
   5.6075000e+01  0.12735382069198276
   5.6080000e+01  0.09939099744198275
   5.6085000e+01  0.06973284769198275
   5.6090000e+01  0.041501263691982745
   5.6095000e+01  0.016959732191982747
   5.6100000e+01  -0.003011071558017251
   5.6105000e+01  -0.01884863180801725
   5.6110000e+01  -0.03172104805801725
   5.6115000e+01  -0.042708078558017254
   5.6120000e+01  -0.05212801005801725
   5.6125000e+01  -0.059302876558017255
   5.6130000e+01  -0.06284935675801726
   5.6135000e+01   -0.061353336758017255
   5.6140000e+01   -0.05412801755801726
   5.6145000e+01   -0.04172770505801726
   5.6150000e+01   -0.02599642655801726
   5.6155000e+01   -0.00962060930801726
   5.6160000e+01   0.004657061691982741
   5.6165000e+01   0.014894980941982742
   5.6170000e+01   0.02060593536698274
   5.6175000e+01   0.02300033231698274
   5.6180000e+01   0.02471938539198274
   5.6185000e+01   0.02908517519198274
   5.6190000e+01   0.03904171919198274
   5.6195000e+01   0.056100867191982734
   5.6200000e+01   0.07966657669198274
   5.6205000e+01   0.10702145094198273
   5.6210000e+01   0.13402593444198274
   5.6215000e+01   0.15630283494198274
   5.6220000e+01   0.17049106644198275
   5.6225000e+01  0.17513481172198275
   5.6230000e+01  0.17092228100198276
   5.6235000e+01  0.16023339850198276
   5.6240000e+01  0.14620639750198275
   5.6245000e+01  0.13169737075198273
   5.6250000e+01  0.11851518900198273
   5.6255000e+01  0.10716140950198272
   5.6260000e+01  0.09707102900198272
   5.6265000e+01  0.08715898225198272
   5.6270000e+01  0.07641324400198272
   5.6275000e+01  0.06433373575198273
   5.6280000e+01  0.05112786150198273
   5.6285000e+01  0.03766691100198273
   5.6290000e+01  0.025253268001982732
   5.6295000e+01  0.015261832251982733
   5.6300000e+01  0.008732595826982732
   5.6305000e+01  0.006018524476982732
   5.6310000e+01   0.006612195626982732
   5.6315000e+01   0.009246792251982732
   5.6320000e+01   0.012274982676982732
   5.6325000e+01   0.014205494326982732
   5.6330000e+01  0.014191010851982731
   5.6335000e+01  0.012270967476982732
   5.6340000e+01  0.009282503626982732
   5.6345000e+01  0.006504680126982732
   5.6350000e+01  0.005212232721982732
   5.6355000e+01   0.006329088441982732
   5.6360000e+01   0.010291510041982732
   5.6365000e+01   0.017112619541982732
   5.6370000e+01   0.026554169041982732
   5.6375000e+01   0.038294799541982734
   5.6380000e+01   0.05202306054198273
   5.6385000e+01   0.06743680879198273
   5.6390000e+01   0.08416793329198273
   5.6395000e+01   0.10167083054198273
   5.6400000e+01   0.11912646829198273
   5.6405000e+01   0.13542281704198272
   5.6410000e+01   0.14926348704198272
   5.6415000e+01   0.15941705079198273
   5.6420000e+01   0.16505506271698273
   5.6425000e+01  0.16606381096698272
   5.6430000e+01  0.16319059344198272
   5.6435000e+01  0.1579266988419827
   5.6440000e+01  0.15212907759198271
   5.6445000e+01  0.1474937953919827
   5.6450000e+01  0.1450587361669827
   5.6455000e+01   0.1449045395919827
   5.6460000e+01   0.1461588034919827
   5.6465000e+01   0.1473203510669827
   5.6470000e+01  0.14682454336698272
   5.6475000e+01  0.14367856116698272
   5.6480000e+01  0.13793895829198272
   5.6485000e+01  0.13082951904198273
   5.6490000e+01  0.12442429429198273
   5.6495000e+01  0.12100252509198274
   5.6500000e+01   0.12232427974198275
   5.6505000e+01   0.12909829959198274
   5.6510000e+01   0.14080897609198273
   5.6515000e+01   0.15590432559198272
   5.6520000e+01   0.17221343884198273
   5.6525000e+01   0.18741875184198273
   5.6530000e+01   0.19945195234198274
   5.6535000e+01   0.20676120516698274
   5.6540000e+01  0.20845611101698275
   5.6545000e+01  0.20435375054198274
   5.6550000e+01  0.19494046604198273
   5.6555000e+01  0.18125621854198273
   5.6560000e+01  0.16471281104198274
   5.6565000e+01  0.14687038179198275
   5.6570000e+01  0.12921227629198276
   5.6575000e+01  0.11296940929198276
   5.6580000e+01  0.09903727204198276
   5.6585000e+01  0.08798976804198276
   5.6590000e+01  0.08013611654198276
   5.6595000e+01  0.07553145669198276
   5.6600000e+01  0.07388059864948276
   5.6605000e+01   0.07436856610698277
   5.6610000e+01   0.07555431753198277
   5.6615000e+01  0.07549214535698277
   5.6620000e+01  0.07215388365698278
   5.6625000e+01  0.06405436440698277
   5.6630000e+01  0.05083866090698277
   5.6635000e+01  0.03356774590698276
   5.6640000e+01  0.014554547656982764
   5.6645000e+01  -0.0032128320930172385
   5.6650000e+01  -0.01686556884301724
   5.6655000e+01  -0.02440394596801724
   5.6660000e+01   -0.02517605714301724
   5.6665000e+01   -0.019967564443017238
   5.6670000e+01   -0.010717114943017237
   5.6675000e+01   2.167280698276222e-5
   5.6680000e+01   0.009705322306982763
   5.6685000e+01   0.01636621655698276
   5.6690000e+01   0.01902643095698276
   5.6695000e+01  0.01791006633198276
   5.6700000e+01  0.014416989706982759
   5.6705000e+01  0.010829683556982758
   5.6710000e+01   0.009771515156982758
   5.6715000e+01   0.013521630056982759
   5.6720000e+01   0.023368174306982757
   5.6725000e+01   0.03918995430698276
   5.6730000e+01   0.05938683955698276
   5.6735000e+01   0.08117257055698276
   5.6740000e+01   0.10115077305698277
   5.6745000e+01   0.11603990555698276
   5.6750000e+01   0.12339324890698276
   5.6755000e+01  0.12216547700698277
   5.6760000e+01  0.11300052325698277
   5.6765000e+01  0.09815530225698277
   5.6770000e+01  0.08103616825698276
   5.6775000e+01  0.06541442200698276
   5.6780000e+01  0.054489739006982764
   5.6785000e+01  0.05004681878198276
   5.6790000e+01   0.051956122706982764
   5.6795000e+01   0.05818595235698276
   5.6800000e+01   0.06534318160698276
   5.6805000e+01   0.06959581303198276
   5.6810000e+01  0.06770897545698276
   5.6815000e+01  0.05788755095698276
   5.6820000e+01  0.040176403206982764
   5.6825000e+01  0.01630618445698276
   5.6830000e+01  -0.010953219543017239
   5.6835000e+01  -0.03871270079301724
   5.6840000e+01  -0.06484766704301724
   5.6845000e+01  -0.08854073604301724
   5.6850000e+01  -0.11028602504301724
   5.6855000e+01  -0.13134891304301724
   5.6860000e+01  -0.15289767204301724
   5.6865000e+01  -0.17518815154301726
   5.6870000e+01  -0.19719390054301728
   5.6875000e+01  -0.21689136979301726
   5.6880000e+01  -0.23209900504301725
   5.6885000e+01  -0.24148671529301724
   5.6890000e+01  -0.24527697001801724
   5.6895000e+01   -0.24530755309301724
   5.6900000e+01   -0.24443388326801724
   5.6905000e+01  -0.24554504241801725
   5.6910000e+01  -0.25060602749301725
   5.6915000e+01  -0.26008046024301723
   5.6920000e+01  -0.27290134674301725
   5.6925000e+01  -0.28694900599301726
   5.6930000e+01  -0.2998391959930173
   5.6935000e+01  -0.3097446327430173
   5.6940000e+01  -0.3159705898180173
   5.6945000e+01  -0.3190822004680173
   5.6950000e+01  -0.3205314584680173
   5.6955000e+01  -0.32191927579301727
   5.6960000e+01  -0.3241850608180173
   5.6965000e+01  -0.3270724496430173
   5.6970000e+01  -0.3291344584680173
   5.6975000e+01   -0.32832674699301734
   5.6980000e+01   -0.32296773714301735
   5.6985000e+01   -0.31264018114301734
   5.6990000e+01   -0.2985884533930173
   5.6995000e+01   -0.28337051014301734
   5.7000000e+01   -0.26987169939301736
   5.7005000e+01   -0.26010563464301734
   5.7010000e+01   -0.25434617279301736
   5.7015000e+01   -0.2509893447430174
   5.7020000e+01   -0.24721041649301737
   5.7025000e+01   -0.24012902019301735
   5.7030000e+01   -0.22799300369301734
   5.7035000e+01   -0.21091894319301735
   5.7040000e+01   -0.19094449944301733
   5.7045000e+01   -0.17143336394301734
   5.7050000e+01   -0.15609723194301733
   5.7055000e+01   -0.14798477904301732
   5.7060000e+01  -0.14873507014301732
   5.7065000e+01  -0.15825995364301731
   5.7070000e+01  -0.17487975314301732
   5.7075000e+01  -0.19583526914301733
   5.7080000e+01  -0.21803892989301732
   5.7085000e+01  -0.23888471489301732
   5.7090000e+01  -0.25689945614301735
   5.7095000e+01  -0.27201640589301734
   5.7100000e+01  -0.28533583864301737
   5.7105000e+01  -0.2984207146430174
   5.7110000e+01  -0.3123909411430174
   5.7115000e+01  -0.3272034786430174
   5.7120000e+01  -0.34144476264301743
   5.7125000e+01  -0.3527343521430174
   5.7130000e+01  -0.3585676248680174
   5.7135000e+01   -0.35725257559301743
   5.7140000e+01   -0.3485894135930174
   5.7145000e+01   -0.33407072634301743
   5.7150000e+01   -0.31655947434301746
   5.7155000e+01   -0.29955573259301743
   5.7160000e+01   -0.28625596859301744
   5.7165000e+01   -0.27864248346801745
   5.7170000e+01  -0.27683183996801747
   5.7175000e+01  -0.27887022696801744
   5.7180000e+01  -0.28108603779301744
   5.7185000e+01   -0.2789831967430174
   5.7190000e+01   -0.26848891924301743
   5.7195000e+01   -0.24720675774301742
   5.7200000e+01   -0.21525746224301742
   5.7205000e+01   -0.17538800799301743
   5.7210000e+01   -0.13228318499301742
   5.7215000e+01   -0.09131560949301742
   5.7220000e+01   -0.05717043849301742
   5.7225000e+01   -0.03278792799301743
   5.7230000e+01   -0.018899934493017426
   5.7235000e+01   -0.014201348593017426
   5.7240000e+01  -0.016005947243017425
   5.7245000e+01  -0.021141323793017426
   5.7250000e+01  -0.026830072293017426
   5.7255000e+01  -0.03135132931801743
   5.7260000e+01  -0.03435287611801743
   5.7265000e+01  -0.03677370546801743
   5.7270000e+01  -0.040426124318017426
   5.7275000e+01  -0.047362465843017426
   5.7280000e+01  -0.05920411559301743
   5.7285000e+01  -0.07662492884301743
   5.7290000e+01  -0.09913700259301743
   5.7295000e+01  -0.12521992159301742
   5.7300000e+01  -0.15270205934301742
   5.7305000e+01  -0.17921421859301742
   5.7310000e+01  -0.20254587834301743
   5.7315000e+01  -0.22083373184301744
   5.7320000e+01  -0.23263172034301743
   5.7325000e+01  -0.23697312542551743
   5.7330000e+01   -0.23350595250801742
   5.7335000e+01   -0.22269091675801742
   5.7340000e+01   -0.2059587720080174
   5.7345000e+01   -0.1856868100080174
   5.7350000e+01   -0.1648970905080174
   5.7355000e+01   -0.1466858742580174
   5.7360000e+01   -0.1335188530080174
   5.7365000e+01   -0.12661359538301742
   5.7370000e+01  -0.12563518985801742
   5.7375000e+01  -0.12884011565801742
   5.7380000e+01  -0.13364378345801742
   5.7385000e+01  -0.13742255645801743
   5.7390000e+01   -0.13826783743301743
   5.7395000e+01   -0.13543612335801744
   5.7400000e+01   -0.12937172970801744
   5.7405000e+01   -0.12134899695801744
   5.7410000e+01   -0.11290747745801744
   5.7415000e+01   -0.10529388945801743
   5.7420000e+01   -0.09908694295801743
   5.7425000e+01   -0.09409889743301743
   5.7430000e+01   -0.08955076203301743
   5.7435000e+01   -0.08443248515801743
   5.7440000e+01   -0.07791520890801744
   5.7445000e+01   -0.06969457940801743
   5.7450000e+01   -0.06018697740801743
   5.7455000e+01   -0.05053021515801743
   5.7460000e+01   -0.042351683908017426
   5.7465000e+01   -0.037308690083017425
   5.7470000e+01  -0.03651347323301742
   5.7475000e+01  -0.040078451458017424
   5.7480000e+01  -0.04703789345801743
   5.7485000e+01  -0.05574740245801743
   5.7490000e+01  -0.06459777045801743
   5.7495000e+01  -0.07268082770801743
   5.7500000e+01  -0.08005999895801742
   5.7505000e+01  -0.08752280195801743
   5.7510000e+01  -0.09597402420801743
   5.7515000e+01  -0.10579294970801743
   5.7520000e+01  -0.11645635795801744
   5.7525000e+01  -0.12657434070801743
   5.7530000e+01  -0.13429839745801744
   5.7535000e+01  -0.13791517038301745
   5.7540000e+01   -0.13637363268301744
   5.7545000e+01   -0.12953190830801745
   5.7550000e+01   -0.11804923030801745
   5.7555000e+01   -0.10302782430801745
   5.7560000e+01   -0.08562297830801745
   5.7565000e+01   -0.06681510755801745
   5.7570000e+01   -0.04740449805801745
   5.7575000e+01   -0.02815219805801745
   5.7580000e+01   -0.009932667308017448
   5.7585000e+01   0.006211723441982554
   5.7590000e+01   0.019162526191982554
   5.7595000e+01   0.027944337691982554
   5.7600000e+01   0.03198985281698256
   5.7605000e+01  0.031334200041982556
   5.7610000e+01  0.026646750391982554
   5.7615000e+01  0.019091039641982555
   5.7620000e+01  0.010085138391982554
   5.7625000e+01  0.0010527726419825544
   5.7630000e+01  -0.006790681358017447
   5.7635000e+01  -0.012621102933017447
   5.7640000e+01  -0.016154476108017447
   5.7645000e+01  -0.01770849990801745
   5.7650000e+01  -0.01809810557801745
   5.7655000e+01  -0.01833929008801745
   5.7660000e+01  -0.019248177453017448
   5.7665000e+01  -0.02111000832801745
   5.7670000e+01  -0.02358054035301745
   5.7675000e+01  -0.025870287103017447
   5.7680000e+01  -0.02712391897801745
   5.7685000e+01   -0.026826158103017448
   5.7690000e+01   -0.025071827103017447
   5.7695000e+01   -0.022602469053017445
   5.7700000e+01   -0.020590680378017444
   5.7705000e+01  -0.020226115903017445
   5.7710000e+01  -0.022225541853017446
   5.7715000e+01  -0.026443525628017446
   5.7720000e+01  -0.03176406837801744
   5.7725000e+01  -0.03637085272801745
   5.7730000e+01  -0.038334695468017446
   5.7735000e+01   -0.03629362363301745
   5.7740000e+01   -0.029931131908017446
   5.7745000e+01   -0.020035274158017445
   5.7750000e+01   -0.008112021908017445
   5.7755000e+01   0.004268666841982556
   5.7760000e+01   0.016098328341982555
   5.7765000e+01   0.027252808341982557
   5.7770000e+01   0.03838296484198256
   5.7775000e+01   0.05044185334198256
   5.7780000e+01   0.06407420409198256
   5.7785000e+01   0.07913756509198255
   5.7790000e+01   0.09454346484198256
   5.7795000e+01   0.10845543509198256
   5.7800000e+01   0.11873891259198256
   5.7805000e+01   0.12348534536698257
   5.7810000e+01  0.12144518614198256
   5.7815000e+01  0.11227626889198256
   5.7820000e+01  0.09659437639198255
   5.7825000e+01  0.07585582989198256
   5.7830000e+01  0.052102048391982556
   5.7835000e+01  0.02759185064198256
   5.7840000e+01  0.004377312641982559
   5.7845000e+01  -0.016068572108017445
   5.7850000e+01  -0.03304602810801745
   5.7855000e+01  -0.04657568685801745
   5.7860000e+01  -0.05714188960801744
   5.7865000e+01  -0.06537074185801744
   5.7870000e+01  -0.07179975835801744
   5.7875000e+01  -0.07682886598301744
   5.7880000e+01  -0.08083324750801744
   5.7885000e+01  -0.08432612663301745
   5.7890000e+01  -0.08802625695801744
   5.7895000e+01  -0.09272394530801745
   5.7900000e+01  -0.09893870905801745
   5.7905000e+01  -0.10648700680801745
   5.7910000e+01  -0.11417660305801745
   5.7915000e+01  -0.11985674843301745
   5.7920000e+01   -0.12094715380801746
   5.7925000e+01   -0.11536466680801746
   5.7930000e+01   -0.10254453005801746
   5.7935000e+01   -0.08412385980801745
   5.7940000e+01   -0.06390959905801745
   5.7945000e+01   -0.047007470308017454
   5.7950000e+01   -0.038348795108017454
   5.7955000e+01  -0.041140703408017454
   5.7960000e+01  -0.05581836965801745
   5.7965000e+01  -0.07986039965801744
   5.7970000e+01  -0.10846712765801744
   5.7975000e+01  -0.13579533015801742
   5.7980000e+01  -0.15632402865801742
   5.7985000e+01  -0.16599069945801742
   5.7990000e+01   -0.16288877525801743
   5.7995000e+01   -0.1474611870080174
   5.8000000e+01   -0.1222244892580174
   5.8005000e+01   -0.0911245465080174
   5.8010000e+01   -0.0586741215080174
   5.8015000e+01   -0.0290538385080174
   5.8020000e+01   -0.0053604217580173995
   5.8025000e+01   0.010843850991982599
   5.8030000e+01   0.019585403991982598
   5.8035000e+01  0.022129102519482597
   5.8040000e+01  0.020326950646982596
   5.8045000e+01  0.015878981746982594
   5.8050000e+01  0.009771248746982594
   5.8055000e+01  0.002098473496982593
   5.8060000e+01  -0.007683420003017408
   5.8065000e+01  -0.02022443925301741
   5.8070000e+01  -0.03574287800301741
   5.8075000e+01  -0.05374665750301741
   5.8080000e+01  -0.0731310977530174
   5.8085000e+01  -0.0925666685030174
   5.8090000e+01  -0.1109424025030174
   5.8095000e+01  -0.1276241847530174
   5.8100000e+01  -0.1424204082530174
   5.8105000e+01  -0.15532800275301742
   5.8110000e+01  -0.16624194975301743
   5.8115000e+01  -0.17479354575301742
   5.8120000e+01  -0.1803729686030174
   5.8125000e+01   -0.1822799913680174
   5.8130000e+01   -0.1799042842080174
   5.8135000e+01   -0.1728697123830174
   5.8140000e+01   -0.1611348883830174
   5.8145000e+01   -0.1450691561330174
   5.8150000e+01   -0.12550599988301742
   5.8155000e+01   -0.10374568663301742
   5.8160000e+01   -0.08147097188301743
   5.8165000e+01   -0.06055974263301743
   5.8170000e+01   -0.04280919588301743
   5.8175000e+01   -0.029613478633017432
   5.8180000e+01   -0.021659676133017433
   5.8185000e+01   -0.01872552678301743
   5.8190000e+01  -0.01966466583301743
   5.8195000e+01  -0.02263225910801743
   5.8200000e+01  -0.02552766820801743
   5.8205000e+01   -0.02653584793801743
   5.8210000e+01   -0.024591797743017427
   5.8215000e+01   -0.01962110004301743
   5.8220000e+01   -0.012512213793017429
   5.8225000e+01   -0.004875846543017428
   5.8230000e+01   0.0013278205569825716
   5.8235000e+01   0.004249244806982572
   5.8240000e+01  0.0026634577819825717
   5.8245000e+01  -0.003565855893017429
   5.8250000e+01  -0.01327319464301743
   5.8255000e+01  -0.02422926714301743
   5.8260000e+01  -0.03386348264301743
   5.8265000e+01  -0.040244114543017434
   5.8270000e+01  -0.042904405343017434
   5.8275000e+01   -0.043125506358017436
   5.8280000e+01  -0.04351623412301744
   5.8285000e+01  -0.047038350773017434
   5.8290000e+01  -0.055853222273017436
   5.8295000e+01  -0.07041402727301743
   5.8300000e+01  -0.08910516802301743
   5.8305000e+01  -0.10852130852301743
   5.8310000e+01  -0.12427854527301743
   5.8315000e+01  -0.13211841769801744
   5.8320000e+01   -0.12901472162301744
   5.8325000e+01   -0.11401004162301744
   5.8330000e+01   -0.08857559537301743
   5.8335000e+01   -0.05639147212301743
   5.8340000e+01   -0.022573764373017426
   5.8345000e+01   0.007488346626982573
   5.8350000e+01   0.029410804626982576
   5.8355000e+01   0.04088276687698258
   5.8360000e+01  0.04223134630198258
   5.8365000e+01  0.03630199747698258
   5.8370000e+01  0.02764241797698258
   5.8375000e+01  0.021168827426982582
   5.8380000e+01   0.020664560476982584
   5.8385000e+01   0.027562057826982584
   5.8390000e+01   0.040436822576982584
   5.8395000e+01   0.05545853507698258
   5.8400000e+01   0.06771880082698259
   5.8405000e+01   0.07299385585198259
   5.8410000e+01  0.06927739587698259
   5.8415000e+01  0.05747868812698259
   5.8420000e+01  0.04103050687698259
   5.8425000e+01  0.02462582562698259
   5.8430000e+01  0.012655203876982593
   5.8435000e+01  0.007972293276982593
   5.8440000e+01   0.011374150926982594
   5.8445000e+01   0.021812088426982595
   5.8450000e+01   0.03705953742698259
   5.8455000e+01   0.05447842917698259
   5.8460000e+01   0.0716216886769826
   5.8465000e+01   0.0865691764269826
   5.8470000e+01   0.0980107846769826
   5.8475000e+01   0.1051370005019826
   5.8480000e+01  0.1074152843994826
   5.8485000e+01  0.1043604417219826
   5.8490000e+01  0.0954367987219826
   5.8495000e+01  0.0802077619719826
   5.8500000e+01  0.05874106772198259
   5.8505000e+01  0.03211663672198259
   5.8510000e+01  0.0027563447219825857
   5.8515000e+01  -0.025706730028017415
   5.8520000e+01  -0.049141940528017417
   5.8525000e+01  -0.06406988027801741
   5.8530000e+01   -0.06884460652801741
   5.8535000e+01   -0.0643719770280174
   5.8540000e+01   -0.054008296278017405
   5.8545000e+01   -0.04261673702801741
   5.8550000e+01   -0.035123023228017414
   5.8555000e+01  -0.035115770653017415
   5.8560000e+01  -0.043976174878017416
   5.8565000e+01  -0.06074652637801742
   5.8570000e+01  -0.08262876812801742
   5.8575000e+01  -0.10581748937801742
   5.8580000e+01  -0.12637697987801744
   5.8585000e+01  -0.14099286762801744
   5.8590000e+01  -0.14753708647801744
   5.8595000e+01   -0.14541160507801745
   5.8600000e+01   -0.13561257632801746
   5.8605000e+01   -0.12046166982801745
   5.8610000e+01   -0.10303042032801746
   5.8615000e+01   -0.08640677432801745
   5.8620000e+01   -0.07304014607801745
   5.8625000e+01   -0.06438101832801746
   5.8630000e+01   -0.06089421437801746
   5.8635000e+01  -0.06233900377801746
   5.8640000e+01  -0.06808524587801745
   5.8645000e+01  -0.07725796312801746
   5.8650000e+01  -0.08866643712801746
   5.8655000e+01  -0.10067017937801746
   5.8660000e+01  -0.11122256962801746
   5.8665000e+01  -0.11824403647801747
   5.8670000e+01   -0.12026551517801747
   5.8675000e+01   -0.11708742702801747
   5.8680000e+01   -0.11013995552801747
   5.8685000e+01   -0.10233482377801748
   5.8690000e+01   -0.09740268410301747
   5.8695000e+01  -0.09891237967801747
   5.8700000e+01  -0.10928677917801748
   5.8705000e+01  -0.12912671417801747
   5.8710000e+01  -0.15703749692801747
   5.8715000e+01  -0.18997123992801745
   5.8720000e+01  -0.22393157517801746
   5.8725000e+01  -0.25480696792801744
   5.8730000e+01  -0.27912234692801746
   5.8735000e+01  -0.2945786259280175
   5.8740000e+01  -0.3003204934030175
   5.8745000e+01   -0.2969141423780175
   5.8750000e+01   -0.2860592396280175
   5.8755000e+01   -0.2701273746280175
   5.8760000e+01   -0.25168049562801753
   5.8765000e+01   -0.23311438037801752
   5.8770000e+01   -0.2164738551280175
   5.8775000e+01   -0.2033601978780175
   5.8780000e+01   -0.1947975626280175
   5.8785000e+01   -0.19099448960301751
   5.8790000e+01  -0.19107750985301752
   5.8795000e+01  -0.19297428880301754
   5.8800000e+01   -0.19360704252801753
   5.8805000e+01   -0.1894409350780175
   5.8810000e+01   -0.17729574982801752
   5.8815000e+01   -0.15523424557801752
   5.8820000e+01   -0.12329762332801752
   5.8825000e+01   -0.08385710707801752
   5.8830000e+01   -0.04139945257801752
   5.8835000e+01   -0.0016872893280175175
   5.8840000e+01   0.029568165171982477
   5.8845000e+01   0.04817322492198248
   5.8850000e+01  0.052588150896982475
   5.8855000e+01  0.04432816987198247
   5.8860000e+01  0.027470712371982474
   5.8865000e+01  0.007435700121982473
   5.8870000e+01  -0.010543110878017528
   5.8875000e+01  -0.022764274378017528
   5.8880000e+01  -0.027842532578017526
   5.8885000e+01   -0.026776460378017525
   5.8890000e+01   -0.022384286478017525
   5.8895000e+01   -0.018356664178017526
   5.8900000e+01  -0.018225608728017526
   5.8905000e+01  -0.024501141078017527
   5.8910000e+01  -0.03813117257801753
   5.8915000e+01  -0.05834277482801753
   5.8920000e+01  -0.08284575757801753
   5.8925000e+01  -0.10832108757801753
   5.8930000e+01  -0.13106935457801755
   5.8935000e+01  -0.14766175432801756
   5.8940000e+01  -0.15544015280301757
   5.8945000e+01   -0.15277722502801758
   5.8950000e+01   -0.13911958477801759
   5.8955000e+01   -0.11493107477801759
   5.8960000e+01   -0.08165557127801759
   5.8965000e+01   -0.04171873227801759
   5.8970000e+01   0.001534949721982412
   5.8975000e+01   0.044112954971982414
   5.8980000e+01   0.08190942697198242
   5.8985000e+01   0.11140120047198242
   5.8990000e+01   0.13028076647198242
   5.8995000e+01   0.13780002679698242
   5.9000000e+01  0.13472326362198242
   5.9005000e+01  0.12296524687198242
   5.9010000e+01  0.10511236062198241
   5.9015000e+01  0.08401769387198241
   5.9020000e+01  0.06254059712198241
   5.9025000e+01  0.04336314087198241
   5.9030000e+01  0.028764039871982408
   5.9035000e+01  0.02029760787198241
   5.9040000e+01   0.018454546571982408
   5.9045000e+01   0.022477852521982408
   5.9050000e+01   0.03050399227198241
   5.9055000e+01   0.04008939577198241
   5.9060000e+01   0.04901056352198241
   5.9065000e+01   0.05606897502198241
   5.9070000e+01   0.06157043877198241
   5.9075000e+01   0.0672334657719824
   5.9080000e+01   0.0754989937719824
   5.9085000e+01   0.0884766360219824
   5.9090000e+01   0.1069439550219824
   5.9095000e+01   0.1298174692719824
   5.9100000e+01   0.1543276960219824
   5.9105000e+01   0.1768424642719824
   5.9110000e+01   0.1940262272719824
   5.9115000e+01   0.2039039350219824
   5.9120000e+01  0.2064480189719824
   5.9125000e+01  0.20348932767198238
   5.9130000e+01  0.19799768342198237
   5.9135000e+01  0.19300787854698237
   5.9140000e+01  0.19060211487198236
   5.9145000e+01   0.19133250492198237
   5.9150000e+01   0.19427012782198236
   5.9155000e+01   0.19759087422198235
   5.9160000e+01   0.19940234827198236
   5.9165000e+01  0.19848165504698237
   5.9170000e+01  0.19470778812198236
   5.9175000e+01  0.18912253412198235
   5.9180000e+01  0.18364997332198235
   5.9185000e+01  0.18054773352198236
   5.9190000e+01   0.18170989634698237
   5.9195000e+01   0.18801422592198236
   5.9200000e+01   0.19894995892198236
   5.9205000e+01   0.21269523592198236
   5.9210000e+01   0.22662454967198237
   5.9215000e+01   0.23801977092198237
   5.9220000e+01   0.24468275029698236
   5.9225000e+01  0.24526553184698235
   5.9230000e+01  0.23934982402198235
   5.9235000e+01  0.22744026602198236
   5.9240000e+01  0.21098218627198237
   5.9245000e+01  0.19233945602198238
   5.9250000e+01  0.1745446007719824
   5.9255000e+01  0.16069041827198238
   5.9260000e+01  0.1530520396719824
   5.9265000e+01   0.15226400382198238
   5.9270000e+01   0.15695808757198237
   5.9275000e+01   0.16411302882198237
   5.9280000e+01   0.17004176307198238
   5.9285000e+01  0.17162578579698237
   5.9290000e+01  0.16728595277198238
   5.9295000e+01  0.15732207952198238
   5.9300000e+01  0.14356388727198238
   5.9305000e+01  0.1285680002719824
   5.9310000e+01  0.1147275760219824
   5.9315000e+01  0.1036116035219824
   5.9320000e+01  0.0956966582719824
   5.9325000e+01  0.0904925459469824
   5.9330000e+01  0.0869546437719824
   5.9335000e+01  0.08402864359698241
   5.9340000e+01  0.0811645282219824
   5.9345000e+01  0.0786435649969824
   5.9350000e+01   0.0775900017869824
   5.9355000e+01   0.0796153285769824
   5.9360000e+01   0.08617640415198241
   5.9365000e+01   0.09787394115198242
   5.9370000e+01   0.11398918715198242
   5.9375000e+01   0.13249038690198242
   5.9380000e+01   0.15055076540198242
   5.9385000e+01   0.16539730415198242
   5.9390000e+01   0.17516529815198242
   5.9395000e+01   0.17943186437698241
   5.9400000e+01  0.17923290482698243
   5.9405000e+01  0.1765697077519824
   5.9410000e+01  0.1736042470019824
   5.9415000e+01  0.1718568208769824
   5.9420000e+01   0.1717105935769824
   5.9425000e+01   0.17239004442698241
   5.9430000e+01  0.17236708435198242
   5.9435000e+01  0.1699636466769824
   5.9440000e+01  0.1638665445519824
   5.9445000e+01  0.15337686605198242
   5.9450000e+01  0.13840055105198243
   5.9455000e+01  0.11931598855198243
   5.9460000e+01  0.09685187430198243
   5.9465000e+01  0.07201097830198243
   5.9470000e+01  0.04598664180198243
   5.9475000e+01  0.020012523551982426
   5.9480000e+01  -0.0048475061980175725
   5.9485000e+01  -0.02789085269801757
   5.9490000e+01  -0.04885409044801757
   5.9495000e+01  -0.06783132569801757
   5.9500000e+01  -0.08506662394801758
   5.9505000e+01  -0.10071547694801758
   5.9510000e+01  -0.11468035194801758
   5.9515000e+01  -0.1265806384480176
   5.9520000e+01  -0.1358455584480176
   5.9525000e+01  -0.1418651959230176
   5.9530000e+01  -0.14413106368301762
   5.9535000e+01   -0.14233344676801762
   5.9540000e+01   -0.13641756631801763
   5.9545000e+01   -0.12660732081801762
   5.9550000e+01   -0.11339542656801763
   5.9555000e+01   -0.09749758681801762
   5.9560000e+01   -0.07977823806801762
   5.9565000e+01   -0.06115852331801762
   5.9570000e+01   -0.042508780568017615
   5.9575000e+01   -0.024527506568017613
   5.9580000e+01   -0.007630700818017613
   5.9585000e+01   0.008098256431982389
   5.9590000e+01   0.02285154168198239
   5.9595000e+01   0.03692839593198239
   5.9600000e+01   0.05050313418198239
   5.9605000e+01   0.0634038281819824
   5.9610000e+01   0.0749705326819824
   5.9615000e+01   0.0840457999319824
   5.9620000e+01   0.0891344403069824
   5.9625000e+01  0.0887382482319824
   5.9630000e+01  0.0818080227819824
   5.9635000e+01  0.0681776552819824
   5.9640000e+01  0.048804053781982396
   5.9645000e+01  0.025675308531982396
   5.9650000e+01  0.0013661387819823949
   5.9655000e+01  -0.02163379496801761
   5.9660000e+01  -0.041584027218017613
   5.9665000e+01  -0.05789756046801761
   5.9670000e+01  -0.07112413621801761
   5.9675000e+01  -0.0825215579680176
   5.9680000e+01  -0.09340241896801761
   5.9685000e+01  -0.1045445594680176
   5.9690000e+01  -0.11591991696801761
   5.9695000e+01  -0.12683714421801762
   5.9700000e+01  -0.13638871621801762
   5.9705000e+01  -0.14395313846801763
   5.9710000e+01  -0.14950020389301763
   5.9715000e+01  -0.15357251591801763
   5.9720000e+01  -0.15698826616801762
   5.9725000e+01  -0.16043255266801762
   5.9730000e+01  -0.1641253388680176
   5.9735000e+01  -0.1676850122180176
   5.9740000e+01  -0.1702015792930176
   5.9745000e+01   -0.1704532863680176
   5.9750000e+01   -0.1671794833680176
   5.9755000e+01   -0.1593515061180176
   5.9760000e+01   -0.1464177771180176
   5.9765000e+01   -0.12849972686801758
   5.9770000e+01   -0.10648773786801757
   5.9775000e+01   -0.08197729661801757
   5.9780000e+01   -0.057027118868017576
   5.9785000e+01   -0.03379051161801758
   5.9790000e+01   -0.014115293368017576
   5.9795000e+01   0.0007975898819824259
   5.9800000e+01   0.010615033131982426
   5.9805000e+01   0.015927834906982425
   5.9810000e+01   0.018105561056982425
   5.9815000e+01   0.018944518206982425
   5.9820000e+01   0.020171586506982427
   5.9825000e+01   0.022944264356982425
   5.9830000e+01   0.027518321181982427
   5.9835000e+01   0.033201155431982425
   5.9840000e+01   0.038588095031982426
   5.9845000e+01   0.041959630906982424
   5.9850000e+01  0.04167438240698242
   5.9855000e+01  0.03644560788198242
   5.9860000e+01  0.025486390631982422
   5.9865000e+01  0.008572700381982424
   5.9870000e+01  -0.013930637618017577
   5.9875000e+01  -0.04107834961801758
   5.9880000e+01  -0.07141164611801759
   5.9885000e+01  -0.1030977956180176
   5.9890000e+01  -0.1341310993680176
   5.9895000e+01  -0.1625712283680176
   5.9900000e+01  -0.1867936683680176
   5.9905000e+01  -0.2057154908680176
   5.9910000e+01  -0.2189340191180176
   5.9915000e+01  -0.2267090713680176
   5.9920000e+01  -0.2297675418930176
   5.9925000e+01   -0.2289986755680176
   5.9930000e+01   -0.22517167871801758
   5.9935000e+01   -0.21878576696801758
   5.9940000e+01   -0.21007312796801758
   5.9945000e+01   -0.19909637396801758
   5.9950000e+01   -0.1858706919680176
   5.9955000e+01   -0.17047526946801758
   5.9960000e+01   -0.15313740746801757
   5.9965000e+01   -0.13425807921801758
   5.9970000e+01   -0.11434369921801757
   5.9975000e+01   -0.09385511521801757
   5.9980000e+01   -0.07305548571801757
   5.9985000e+01   -0.05196645871801757
   5.9990000e+01   -0.030492232718017574
   5.9995000e+01   -0.008674386468017575
   6.0000000e+01   0.013042010031982423
   6.0005000e+01   0.03367573803198242
   6.0010000e+01   0.051813351031982424
   6.0015000e+01   0.06595768528198243
   6.0020000e+01   0.07501162603198243
   6.0025000e+01   0.07869794973198242
   6.0030000e+01  0.07770750358198242
   6.0035000e+01  0.07346512298198242
   6.0040000e+01  0.06757324798198242
   6.0045000e+01  0.061156247481982416
   6.0050000e+01  0.054398420481982415
   6.0055000e+01  0.046503896481982415
   6.0060000e+01  0.03612996373198242
   6.0065000e+01  0.02213074673198242
   6.0070000e+01  0.0042898102319824175
   6.0075000e+01  -0.016303641768017584
   6.0080000e+01  -0.03744294951801758
   6.0085000e+01  -0.05651337101801758
   6.0090000e+01  -0.07142726501801758
   6.0095000e+01  -0.08136570626801758
   6.0100000e+01  -0.08698705401801758
   6.0105000e+01  -0.09001765849301759
   6.0110000e+01  -0.09243861906801759
   6.0115000e+01  -0.09566023016801758
   6.0120000e+01  -0.10003427929301759
   6.0125000e+01  -0.10483354394301758
   6.0130000e+01  -0.10858431804301759
   6.0135000e+01   -0.10952967641801759
   6.0140000e+01   -0.10606369996801758
   6.0145000e+01   -0.09710133921801758
   6.0150000e+01   -0.08239296421801759
   6.0155000e+01   -0.06272316771801759
   6.0160000e+01   -0.03985616396801758
   6.0165000e+01   -0.01613668396801758
   6.0170000e+01   0.006163408281982419
   6.0175000e+01   0.02548197353198242
   6.0180000e+01   0.041294140281982424
   6.0185000e+01   0.05400536878198242
   6.0190000e+01   0.06452054803198243
   6.0195000e+01   0.07374338278198243
   6.0200000e+01   0.08224322278198243
   6.0205000e+01   0.09019537378198243
   6.0210000e+01   0.09754768728198243
   6.0215000e+01   0.10426007153198243
   6.0220000e+01   0.11044016753198242
   6.0225000e+01   0.11626974953198242
   6.0230000e+01   0.12175815528198242
   6.0235000e+01   0.1264956386819824
   6.0240000e+01   0.1296136315569824
   6.0245000e+01  0.1300448254569824
   6.0250000e+01  0.1269752081819824
   6.0255000e+01  0.12023497323198241
   6.0260000e+01  0.11040227048198241
   6.0265000e+01  0.09858109923198241
   6.0270000e+01  0.08602055848198241
   6.0275000e+01  0.07381080098198241
   6.0280000e+01  0.0627818644819824
   6.0285000e+01  0.0535497737319824
   6.0290000e+01  0.046551154981982396
   6.0295000e+01  0.04195348048198239
   6.0300000e+01  0.039467511881982394
   6.0305000e+01  0.038202489381982396
   6.0310000e+01  0.036710540456982396
   6.0315000e+01  0.0332699952819824
   6.0320000e+01  0.026327362631982397
   6.0325000e+01  0.014930451631982398
   6.0330000e+01  -0.0010172608680176012
   6.0335000e+01  -0.020768179868017603
   6.0340000e+01  -0.042964895618017605
   6.0345000e+01  -0.0659437193680176
   6.0350000e+01  -0.0879349858680176
   6.0355000e+01  -0.10708673786801759
   6.0360000e+01  -0.12140092661801759
   6.0365000e+01  -0.1287831897930176
   6.0370000e+01   -0.1273738654680176
   6.0375000e+01   -0.1161500679680176
   6.0380000e+01   -0.0955729042180176
   6.0385000e+01   -0.06794399721801761
   6.0390000e+01   -0.03721348346801761
   6.0395000e+01   -0.008209995968017608
   6.0400000e+01   0.01448826228198239
   6.0405000e+01   0.02768385753198239
   6.0410000e+01  0.03035382295698239
   6.0415000e+01  0.02390015238198239
   6.0420000e+01  0.011811631631982391
   6.0425000e+01  -0.0011737663680176074
   6.0430000e+01  -0.010219821368017606
   6.0435000e+01   -0.011602638518017606
   6.0440000e+01   -0.0036910764180176064
   6.0445000e+01   0.012576540331982395
   6.0450000e+01   0.0339004658319824
   6.0455000e+01   0.055519807831982404
   6.0460000e+01   0.0725907730819824
   6.0465000e+01   0.0816337526319824
   6.0470000e+01  0.0815670300319824
   6.0475000e+01  0.0739569963819824
   6.0480000e+01  0.062392230631982404
   6.0485000e+01  0.0512212616319824
   6.0490000e+01  0.0441325908069824
   6.0495000e+01   0.04309290205698239
   6.0500000e+01   0.04798408588198239
   6.0505000e+01   0.056979256381982396
   6.0510000e+01   0.0674112031319824
   6.0515000e+01   0.0767346956319824
   6.0520000e+01   0.0832153218819824
   6.0525000e+01   0.0861548970819824
   6.0530000e+01  0.0856919459069824
   6.0535000e+01  0.0823899177819824
   6.0540000e+01  0.0768736542819824
   6.0545000e+01  0.0696865502819824
   6.0550000e+01  0.0613752317819824
   6.0555000e+01  0.0526640417819824
   6.0560000e+01  0.0445400262819824
   6.0565000e+01  0.0381432782819824
   6.0570000e+01  0.034486275156982396
   6.0575000e+01   0.03412315345698239
   6.0580000e+01   0.036906331931982395
   6.0585000e+01   0.0419156229819824
   6.0590000e+01   0.0475738072319824
   6.0595000e+01   0.0519159072819824
   6.0600000e+01  0.0529648079819824
   6.0605000e+01  0.0491592786319824
   6.0610000e+01  0.0397567021319824
   6.0615000e+01  0.025098268381982404
   6.0620000e+01  0.006618987631982404
   6.0625000e+01  -0.013455033118017597
   6.0630000e+01  -0.0326643128680176
   6.0635000e+01  -0.0489596418680176
   6.0640000e+01  -0.0612192288680176
   6.0645000e+01  -0.0694743976180176
   6.0650000e+01  -0.0747909668430176
   6.0655000e+01  -0.0788786934430176
   6.0660000e+01  -0.0835872215680176
   6.0665000e+01  -0.0904570793180176
   6.0670000e+01  -0.10042641981801759
   6.0675000e+01  -0.11369396606801759
   6.0680000e+01  -0.1296765855680176
   6.0685000e+01  -0.1470162888180176
   6.0690000e+01  -0.16365934581801758
   6.0695000e+01  -0.17708043781801758
   6.0700000e+01  -0.18470665131801758
   6.0705000e+01   -0.18451233859301758
   6.0710000e+01   -0.17564860511801758
   6.0715000e+01   -0.15889200886801758
   6.0720000e+01   -0.13669041411801758
   6.0725000e+01   -0.11267710036801758
   6.0730000e+01   -0.09070881711801758
   6.0735000e+01   -0.07369949686801758
   6.0740000e+01   -0.06266837586801757
   6.0745000e+01   -0.056404418643017575
   6.0750000e+01   -0.051938341718017575
   6.0755000e+01   -0.04568051776801758
   6.0760000e+01   -0.03478147926801758
   6.0765000e+01   -0.018162024268017576
   6.0770000e+01   0.0031872967319824252
   6.0775000e+01   0.026696005731982424
   6.0780000e+01   0.04920504923198242
   6.0785000e+01   0.06800188198198243
   6.0790000e+01   0.08151230723198243
   6.0795000e+01   0.08949135398198242
   6.0800000e+01   0.09278944508198242
   6.0805000e+01  0.09289576690698242
   6.0810000e+01  0.09146218698198243
   6.0815000e+01  0.08994148578198242
   6.0820000e+01   0.08939295316198242
   6.0825000e+01   0.09044869484198242
   6.0830000e+01   0.09340293264198242
   6.0835000e+01   0.09837726094198242
   6.0840000e+01   0.10550958369198242
   6.0845000e+01   0.11509877794198242
   6.0850000e+01   0.12762310619198242
   6.0855000e+01   0.1435756921919824
   6.0860000e+01   0.1631463724419824
   6.0865000e+01   0.1858894494419824
   6.0870000e+01   0.2105708894419824
   6.0875000e+01   0.2353289291919824
   6.0880000e+01   0.2581303376919824
   6.0885000e+01   0.2773496466919824
   6.0890000e+01   0.2922295936919824
   6.0895000e+01   0.3030274034419824
   6.0900000e+01   0.31077911794198243
   6.0905000e+01   0.3167631641919824
   6.0910000e+01   0.3218634251919824
   6.0915000e+01   0.32608490679198243
   6.0920000e+01   0.32843674231698244
   6.0925000e+01  0.32726486044198244
   6.0930000e+01  0.32092928039198243
   6.0935000e+01  0.30856020564198244
   6.0940000e+01  0.2905784683919824
   6.0945000e+01  0.2687614376419824
   6.0950000e+01  0.2458257513919824
   6.0955000e+01  0.22468498864198239
   6.0960000e+01  0.20764364339198238
   6.0965000e+01  0.19578749039198237
   6.0970000e+01  0.18875041711698237
   6.0975000e+01  0.18491611589198237
   6.0980000e+01  0.18198101384198237
   6.0985000e+01  0.17769477124198238
   6.0990000e+01  0.1705439017419824
   6.0995000e+01  0.1601768674919824
   6.1000000e+01  0.1474706359919824
   6.1005000e+01  0.1342560262419824
   6.1010000e+01  0.12280085224198241
   6.1015000e+01  0.1151874542419824
   6.1020000e+01   0.1127395065044824
   6.1025000e+01   0.11565868851698241
   6.1030000e+01   0.12299250801698242
   6.1035000e+01   0.1329462065169824
   6.1040000e+01   0.1434141607669824
   6.1045000e+01   0.1525252222669824
   6.1050000e+01   0.1590236534919824
   6.1055000e+01   0.1624124491919824
   6.1060000e+01  0.1628926930919824
   6.1065000e+01  0.1611885881419824
   6.1070000e+01  0.1583495148419824
   6.1075000e+01  0.1555869167919824
   6.1080000e+01  0.15414987841198238
   6.1085000e+01   0.1551875130319824
   6.1090000e+01   0.1595271251569824
   6.1095000e+01   0.1673534881569824
   6.1100000e+01   0.1778951894069824
   6.1105000e+01   0.1893243639069824
   6.1110000e+01   0.1990516866569824
   6.1115000e+01   0.20442180408198238
   6.1120000e+01  0.20358159523198238
   6.1125000e+01  0.19616155245698239
   6.1130000e+01  0.1834741604569824
   6.1135000e+01  0.1681541269569824
   6.1140000e+01  0.15340846370698238
   6.1145000e+01  0.1421779024569824
   6.1150000e+01  0.13648606608198238
   6.1155000e+01   0.1371160246819824
   6.1160000e+01   0.1436031666569824
   6.1165000e+01   0.1544512074069824
   6.1170000e+01   0.1674825841569824
   6.1175000e+01   0.1802761596569824
   6.1180000e+01   0.1906548999069824
   6.1185000e+01   0.1971386502569824
   6.1190000e+01  0.1992182509494824
   6.1195000e+01  0.19731602824198238
   6.1200000e+01  0.1924103751919824
   6.1205000e+01  0.1854679341919824
   6.1210000e+01  0.1769410959419824
   6.1215000e+01  0.1665734781919824
   6.1220000e+01  0.1536153321919824
   6.1225000e+01  0.1373570581919824
   6.1230000e+01  0.1177336984419824
   6.1235000e+01  0.0957052949419824
   6.1240000e+01  0.07320257519198241
   6.1245000e+01  0.05261501769198241
   6.1250000e+01  0.03600815294198241
   6.1255000e+01  0.02438959669198241
   6.1260000e+01  0.01733323994198241
   6.1265000e+01  0.01312338279198241
   6.1270000e+01  0.009366591516982409
   6.1275000e+01  0.003836109641982409
   6.1280000e+01  -0.0047629686080175905
   6.1285000e+01  -0.01636854385801759
   6.1290000e+01  -0.02959378785801759
   6.1295000e+01  -0.04216644410801759
   6.1300000e+01  -0.05159887135801759
   6.1305000e+01  -0.055867585883017594
   6.1310000e+01   -0.05391804190801759
   6.1315000e+01   -0.04589612740801759
   6.1320000e+01   -0.03309371165801758
   6.1325000e+01   -0.017648481408017586
   6.1330000e+01   -0.0020627849080175863
   6.1335000e+01   0.011368312841982413
   6.1340000e+01   0.021089767091982414
   6.1345000e+01   0.026624295216982414
   6.1350000e+01   0.028594199809482412
   6.1355000e+01  0.028414758876982412
   6.1360000e+01  0.027780396329482412
   6.1365000e+01   0.028143114406982413
   6.1370000e+01   0.030354940281982414
   6.1375000e+01   0.034535151931982415
   6.1380000e+01   0.040109327931982415
   6.1385000e+01   0.04592597193198242
   6.1390000e+01   0.05039998335698242
   6.1395000e+01  0.05170601088198242
   6.1400000e+01  0.04807492873198242
   6.1405000e+01  0.03819733773198242
   6.1410000e+01  0.021636958481982417
   6.1415000e+01  -0.0009214345180175824
   6.1420000e+01  -0.027748071018017583
   6.1425000e+01  -0.05649898401801759
   6.1430000e+01  -0.08485636301801759
   6.1435000e+01  -0.1111164685180176
   6.1440000e+01  -0.1344830580180176
   6.1445000e+01  -0.1549717187680176
   6.1450000e+01  -0.1730175812680176
   6.1455000e+01  -0.18900389201801762
   6.1460000e+01  -0.20293939376801762
   6.1465000e+01  -0.21442016176801762
   6.1470000e+01  -0.22286711276801763
   6.1475000e+01  -0.22789582246801762
   6.1480000e+01  -0.22960958334801762
   6.1485000e+01   -0.22864784985301762
   6.1490000e+01   -0.2259583821030176
   6.1495000e+01   -0.2224190305530176
   6.1500000e+01   -0.2185165463780176
   6.1505000e+01   -0.2142431174280176
   6.1510000e+01   -0.2092326171780176
   6.1515000e+01   -0.20302449242801762
   6.1520000e+01   -0.19529633717801761
   6.1525000e+01   -0.1859584214280176
   6.1530000e+01   -0.1751017629280176
   6.1535000e+01   -0.1628702009280176
   6.1540000e+01   -0.1493544446780176
   6.1545000e+01   -0.1345871076780176
   6.1550000e+01   -0.1186666014280176
   6.1555000e+01   -0.1019637106780176
   6.1560000e+01   -0.08528961492801759
   6.1565000e+01   -0.06987801717801759
   6.1570000e+01   -0.05710423767801759
   6.1575000e+01   -0.04801611167801759
   6.1580000e+01   -0.04289321112801758
   6.1585000e+01   -0.041076872335517586
   6.1590000e+01  -0.04119338394301759
   6.1595000e+01  -0.04169620279301759
   6.1600000e+01   -0.04149296966801759
   6.1605000e+01   -0.04037850039301759
   6.1610000e+01   -0.03907886484301759
   6.1615000e+01  -0.03888362556801759
   6.1620000e+01  -0.04103030264301759
   6.1625000e+01  -0.04612077159301759
   6.1630000e+01  -0.05382994009301759
   6.1635000e+01  -0.0630188333430176
   6.1640000e+01  -0.07217262234301759
   6.1645000e+01  -0.07995697659301759
   6.1650000e+01  -0.08567424326801759
   6.1655000e+01  -0.08947307489301759
   6.1660000e+01  -0.09225713549301759
   6.1665000e+01  -0.09531765131801759
   6.1670000e+01  -0.09978949824301758
   6.1675000e+01  -0.10610621324301758
   6.1680000e+01  -0.11367050924301758
   6.1685000e+01  -0.12091100249301757
   6.1690000e+01  -0.12575281801801758
   6.1695000e+01   -0.12634935194301758
   6.1700000e+01   -0.12179721109301758
   6.1705000e+01   -0.11254792234301758
   6.1710000e+01   -0.10033878959301758
   6.1715000e+01   -0.08764562884301758
   6.1720000e+01   -0.07684809334301758
   6.1725000e+01   -0.06942582784301758
   6.1730000e+01   -0.06551014946801759
   6.1735000e+01   -0.06397743441801759
   6.1740000e+01   -0.06303359119301759
   6.1745000e+01   -0.06101801814301759
   6.1750000e+01   -0.05707091534301759
   6.1755000e+01   -0.051404843543017595
   6.1760000e+01   -0.045134359543017595
   6.1765000e+01   -0.039816420218017595
   6.1770000e+01   -0.0369367197430176
   6.1775000e+01  -0.0375312149180176
   6.1780000e+01  -0.0420237799930176
   6.1785000e+01  -0.0502679202430176
   6.1790000e+01  -0.0617344379930176
   6.1795000e+01  -0.07576954399301761
   6.1800000e+01  -0.0918323997430176
   6.1805000e+01  -0.1096114857430176
   6.1810000e+01  -0.1289468564930176
   6.1815000e+01  -0.1495681929930176
   6.1820000e+01  -0.1707668389930176
   6.1825000e+01  -0.19118675849301758
   6.1830000e+01  -0.20889047599301758
   6.1835000e+01  -0.22173556699301758
   6.1840000e+01  -0.22794718046801757
   6.1845000e+01   -0.22667017569301756
   6.1850000e+01   -0.21827910344301757
   6.1855000e+01   -0.20431657694301758
   6.1860000e+01   -0.18708034844301757
   6.1865000e+01   -0.16901977244301758
   6.1870000e+01   -0.15216481419301758
   6.1875000e+01   -0.13776396969301757
   6.1880000e+01   -0.12618571519301758
   6.1885000e+01   -0.11702363544301758
   6.1890000e+01   -0.10930633444301759
   6.1895000e+01   -0.10175065144301759
   6.1900000e+01   -0.09305105644301759
   6.1905000e+01   -0.08220718819301759
   6.1910000e+01   -0.06884412894301759
   6.1915000e+01   -0.05342151769301758
   6.1920000e+01   -0.03721964044301758
   6.1925000e+01   -0.02206060369301758
   6.1930000e+01   -0.009839677693017577
   6.1935000e+01   -0.0020357559430175766
   6.1940000e+01   0.0006197955689824235
   6.1945000e+01  -0.0017826356940175763
   6.1950000e+01  -0.008491098719017577
   6.1955000e+01  -0.018375832719017576
   6.1960000e+01  -0.030214518969017577
   6.1965000e+01  -0.042910061219017574
   6.1970000e+01  -0.05563460871901758
   6.1975000e+01  -0.06791686696901758
   6.1980000e+01  -0.07967035171901758
   6.1985000e+01  -0.09113679621901757
   6.1990000e+01  -0.10272982521901758
   6.1995000e+01  -0.11480930521901758
   6.2000000e+01  -0.12746129421901758
   6.2005000e+01  -0.14036806171901758
   6.2010000e+01  -0.1528223249690176
   6.2015000e+01  -0.1638895177190176
   6.2020000e+01  -0.1726740384690176
   6.2025000e+01  -0.1786126093690176
   6.2030000e+01  -0.1817054025190176
   6.2035000e+01  -0.1826058553220176
   6.2040000e+01   -0.1825220793375176
   6.2045000e+01  -0.1829310781250176
   6.2050000e+01  -0.1851626978000176
   6.2055000e+01  -0.1899609011500176
   6.2060000e+01  -0.1971594126500176
   6.2065000e+01  -0.2056003956500176
   6.2070000e+01  -0.21336897890001758
   6.2075000e+01  -0.2183188910250176
   6.2080000e+01   -0.21875131677501758
   6.2085000e+01   -0.21402384865001758
   6.2090000e+01   -0.2048550511500176
   6.2095000e+01   -0.19317693090001758
   6.2100000e+01   -0.18155348390001758
   6.2105000e+01   -0.17236352790001758
   6.2110000e+01   -0.16705461425001758
   6.2115000e+01  -0.1657511490500176
   6.2120000e+01  -0.16734819272501758
   6.2125000e+01  -0.17001678577501758
   6.2130000e+01  -0.17188969825001757
   6.2135000e+01   -0.17165780612501758
   6.2140000e+01   -0.16888639340001757
   6.2145000e+01   -0.16399977895001758
   6.2150000e+01   -0.15801144545001758
   6.2155000e+01   -0.15214936295001757
   6.2160000e+01   -0.14752891322501757
   6.2165000e+01   -0.14496892192501756
   6.2170000e+01  -0.14495841062501758
   6.2175000e+01  -0.14770657027501757
   6.2180000e+01  -0.15318770465001758
   6.2185000e+01  -0.1611359126500176
   6.2190000e+01  -0.1710145699000176
   6.2195000e+01  -0.1820257354000176
   6.2200000e+01  -0.19320263540001759
   6.2205000e+01  -0.2035644291500176
   6.2210000e+01  -0.2122607864000176
   6.2215000e+01  -0.2186380334000176
   6.2220000e+01  -0.2222175667500176
   6.2225000e+01   -0.22264672602501762
   6.2230000e+01   -0.2197087161000176
   6.2235000e+01   -0.2134366425000176
   6.2240000e+01   -0.2042886142500176
   6.2245000e+01   -0.1932630392500176
   6.2250000e+01   -0.1818259487500176
   6.2255000e+01   -0.1716078245000176
   6.2260000e+01   -0.1639639260000176
   6.2265000e+01   -0.1595907084000176
   6.2270000e+01  -0.1583782843175176
   6.2275000e+01  -0.1595566412600176
   6.2280000e+01  -0.1620402326600176
   6.2285000e+01  -0.1647893212350176
   6.2290000e+01  -0.1670343743600176
   6.2295000e+01  -0.1683199746600176
   6.2300000e+01   -0.16843350913501762
   6.2305000e+01   -0.1673184879600176
   6.2310000e+01   -0.1650239885350176
   6.2315000e+01   -0.16166830036001759
   6.2320000e+01   -0.15736768396001757
   6.2325000e+01   -0.15212204293501758
   6.2330000e+01   -0.14571532643501758
   6.2335000e+01   -0.13771538243501757
   6.2340000e+01   -0.12761687093501758
   6.2345000e+01   -0.11508779693501758
   6.2350000e+01   -0.10021095468501758
   6.2355000e+01   -0.08360054168501757
   6.2360000e+01   -0.06632834368501757
   6.2365000e+01   -0.04968223243501757
   6.2370000e+01   -0.03485397693501757
   6.2375000e+01   -0.022676457685017574
   6.2380000e+01   -0.013496003685017573
   6.2385000e+01   -0.007197837210017573
   6.2390000e+01   -0.003338790335017573
   6.2395000e+01   -0.0013112929600175727
   6.2400000e+01   -0.0004754913050175727
   6.2405000e+01   -0.00023916469001757272
   6.2410000e+01   -0.0001095355175175727
   6.2415000e+01   0.00024213776998242733
   6.2420000e+01   0.0008859579949824273
   6.2425000e+01   0.0015406961699824273
   6.2430000e+01  0.0015522740449824273
   6.2435000e+01  3.34701998242707e-6
   6.2440000e+01  -0.004045477630017573
   6.2445000e+01  -0.011255542380017573
   6.2450000e+01  -0.021761385630017574
   6.2455000e+01  -0.03506228613001757
   6.2460000e+01  -0.05008340238001757
   6.2465000e+01  -0.06537786513001757
   6.2470000e+01  -0.07940850238001758
   6.2475000e+01  -0.09083754788001758
   6.2480000e+01  -0.09875518113001758
   6.2485000e+01  -0.10279412498001758
   6.2490000e+01   -0.10311211538001758
   6.2495000e+01   -0.10026798873001758
   6.2500000e+01   -0.09504902953001758
   6.2505000e+01   -0.08831113653001758
   6.2510000e+01   -0.08087165528001758
   6.2515000e+01   -0.07346268578001758
   6.2520000e+01   -0.06672501878001758
   6.2525000e+01   -0.06120791608001758
   6.2530000e+01   -0.05734240865501758
   6.2535000e+01   -0.05537750863001758
   6.2540000e+01  -0.055303413380017576
   6.2545000e+01  -0.05681514873001758
   6.2550000e+01  -0.05937068260501758
   6.2555000e+01  -0.06235750153001758
   6.2560000e+01  -0.06531664575501758
   6.2565000e+01  -0.06812457930501759
   6.2570000e+01  -0.07104047523001758
   6.2575000e+01  -0.07459182563001758
   6.2580000e+01  -0.07935279778001758
   6.2585000e+01  -0.08571540228001757
   6.2590000e+01  -0.09374346403001757
   6.2595000e+01  -0.10315302103001757
   6.2600000e+01  -0.11341053078001757
   6.2605000e+01  -0.12389949328001758
   6.2610000e+01  -0.13408495128001757
   6.2615000e+01  -0.14361367578001757
   6.2620000e+01  -0.15232794528001758
   6.2625000e+01  -0.1602199315300176
   6.2630000e+01  -0.1673739035300176
   6.2635000e+01  -0.1739200577800176
   6.2640000e+01  -0.1799869450300176
   6.2645000e+01  -0.18563458803001762
   6.2650000e+01  -0.1907856279300176
   6.2655000e+01  -0.1952051767300176
   6.2660000e+01  -0.19856509565501762
   6.2665000e+01  -0.20056869870501762
   6.2670000e+01   -0.20106176666501763
   6.2675000e+01   -0.20006571720001762
   6.2680000e+01   -0.19773320902501762
   6.2685000e+01   -0.19428792375001763
   6.2690000e+01   -0.19001394242501762
   6.2695000e+01   -0.18530334185001762
   6.2700000e+01   -0.18070232437501763
   6.2705000e+01   -0.17687293042501762
   6.2710000e+01   -0.17442955857501763
   6.2715000e+01  -0.17369124734751762
   6.2720000e+01  -0.17446120362001763
   6.2725000e+01  -0.17595954819501763
   6.2730000e+01  -0.17697843249001763
   6.2735000e+01   -0.17622487223501762
   6.2740000e+01   -0.17272057013501763
   6.2745000e+01   -0.16609531513501763
   6.2750000e+01   -0.15666211463501764
   6.2755000e+01   -0.14526764813501764
   6.2760000e+01   -0.13300783263501764
   6.2765000e+01   -0.12093246863501764
   6.2770000e+01   -0.10982876438501764
   6.2775000e+01   -0.10011138688501764
   6.2780000e+01   -0.09180666488501764
   6.2785000e+01   -0.08461791238501765
   6.2790000e+01   -0.07807181338501765
   6.2795000e+01   -0.07173449238501764
   6.2800000e+01   -0.06544171263501763
   6.2805000e+01   -0.05944427813501763
   6.2810000e+01   -0.05437523858501763
   6.2815000e+01   -0.05101828043501763
   6.2820000e+01  -0.049963274082517634
   6.2825000e+01  -0.051309237130017636
   6.2830000e+01  -0.05456443095501764
   6.2835000e+01  -0.058797647855017635
   6.2840000e+01  -0.06296900368001764
   6.2845000e+01  -0.06628717083001763
   6.2850000e+01  -0.06844609480501763
   6.2855000e+01  -0.06967161740501764
   6.2860000e+01  -0.07059872135501763
   6.2865000e+01  -0.07205040663001763
   6.2870000e+01  -0.07478878160501763
   6.2875000e+01  -0.07928627193001764
   6.2880000e+01  -0.08555372268001764
   6.2885000e+01  -0.09306995743001764
   6.2890000e+01  -0.10086076593001764
   6.2895000e+01  -0.10774459343001763
   6.2900000e+01  -0.11269351000501764
   6.2905000e+01  -0.11518610588001764
   6.2910000e+01   -0.11540549913001764
   6.2915000e+01   -0.11418737995501764
   6.2920000e+01   -0.11272654003001764
   6.2925000e+01  -0.11214879409001764
   6.2930000e+01  -0.11310148062501764
   6.2935000e+01  -0.11550085170001764
   6.2940000e+01  -0.11851921520001764
   6.2945000e+01  -0.12082196162501764
   6.2950000e+01   -0.12098822465001764
   6.2955000e+01   -0.11798252105001764
   6.2960000e+01   -0.11151191900001764
   6.2965000e+01   -0.10212873500001764
   6.2970000e+01   -0.09102667250001764
   6.2975000e+01   -0.07960025125001764
   6.2980000e+01   -0.06894126600001764
   6.2985000e+01   -0.059480753500017636
   6.2990000e+01   -0.05092705225001763
   6.2995000e+01   -0.04252011975001763
   6.3000000e+01   -0.033478362500017636
   6.3005000e+01   -0.023427462250017635
   6.3010000e+01   -0.012615378000017633
   6.3015000e+01   -0.001825858750017631
   6.3020000e+01   0.00795240674998237
   6.3025000e+01   0.01593598399998237
   6.3030000e+01   0.021849540699982368
   6.3035000e+01   0.02600018347498237
   6.3040000e+01   0.02911303939998237
   6.3045000e+01   0.03201741392498237
   6.3050000e+01   0.03532006124998237
   6.3055000e+01   0.03918825982498237
   6.3060000e+01   0.04331068964998237
   6.3065000e+01   0.04703912292498237
   6.3070000e+01   0.04966017699998237
   6.3075000e+01   0.05071038989248237
   6.3080000e+01  0.050230557684982365
   6.3085000e+01  0.048862317759982364
   6.3090000e+01  0.04772924060998236
   6.3095000e+01   0.04811340258498236
   6.3100000e+01   0.05101629903498236
   6.3105000e+01   0.056750377384982356
   6.3110000e+01   0.06471973613498236
   6.3115000e+01   0.07350435388498236
   6.3120000e+01   0.08126610988498235
   6.3125000e+01   0.08637060598498235
   6.3130000e+01  0.08801143999248234
   6.3135000e+01  0.08658773199998235
   6.3140000e+01  0.08365629742498235
   6.3145000e+01  0.08144249859998234
   6.3150000e+01   0.08208052447498235
   6.3155000e+01   0.08687436449998234
   6.3160000e+01   0.09586300549998235
   6.3165000e+01   0.10784105924998234
   6.3170000e+01   0.12079693649998234
   6.3175000e+01   0.13257600624998234
   6.3180000e+01   0.14151867699998233
   6.3185000e+01   0.14686960789998232
   6.3190000e+01   0.1488645675224823
   6.3195000e+01  0.14852145671998232
   6.3200000e+01  0.14724993134498232
   6.3205000e+01  0.14642968744748233
   6.3210000e+01   0.14708874677498232
   6.3215000e+01   0.1497531961499823
   6.3220000e+01   0.1544663923999823
   6.3225000e+01   0.16092112764998232
   6.3230000e+01   0.1686305221499823
   6.3235000e+01   0.17707536014998232
   6.3240000e+01   0.18578864339998233
   6.3245000e+01   0.19436364014998234
   6.3250000e+01   0.20240204464998235
   6.3255000e+01   0.20944951014998234
   6.3260000e+01   0.21497778369998233
   6.3265000e+01   0.21845022839998232
   6.3270000e+01  0.21945984610748231
   6.3275000e+01  0.21788702183998232
   6.3280000e+01  0.21401400391498232
   6.3285000e+01  0.20855364656498232
   6.3290000e+01  0.20257957256498232
   6.3295000e+01  0.19736624733998231
   6.3300000e+01  0.19416154106498232
   6.3305000e+01   0.19393063706498231
   6.3310000e+01   0.1971285828149823
   6.3315000e+01   0.2035669705149823
   6.3320000e+01   0.2124260527649823
   6.3325000e+01   0.2224264777649823
   6.3330000e+01   0.2321263225149823
   6.3335000e+01   0.24026739401498232
   6.3340000e+01   0.2460777298649823
   6.3345000e+01   0.2494533074899823
   6.3350000e+01   0.2509824862149823
   6.3355000e+01   0.25181949606498233
   6.3360000e+01   0.2534393702399823
   6.3365000e+01   0.2573155510149823
   6.3370000e+01   0.26456833976498234
   6.3375000e+01   0.2756495662649823
   6.3380000e+01   0.2901487272649823
   6.3385000e+01   0.3068037712649823
   6.3390000e+01   0.3237545600149823
   6.3395000e+01   0.3389929425149823
   6.3400000e+01   0.3508756965149823
   6.3405000e+01   0.3585249177649823
   6.3410000e+01   0.3619762389399823
   6.3415000e+01  0.3620363602899823
   6.3420000e+01  0.35992572781498233
   6.3425000e+01  0.35685162688998234
   6.3430000e+01  0.35365481378998237
   6.3435000e+01  0.35061650086498236
   6.3440000e+01  0.34744451896498235
   6.3445000e+01  0.34341234136498233
   6.3450000e+01  0.33760737306498234
   6.3455000e+01  0.32923671231498236
   6.3460000e+01  0.3179236845649824
   6.3465000e+01  0.30391444681498236
   6.3470000e+01  0.28812333181498234
   6.3475000e+01  0.27198808306498234
   6.3480000e+01  0.25716561406498234
   6.3485000e+01  0.24514910581498234
   6.3490000e+01  0.23691329756498233
   6.3495000e+01  0.23269446736498234
   6.3500000e+01   0.23198238278998234
   6.3505000e+01   0.23374025973998233
   6.3510000e+01   0.23678708533998233
   6.3515000e+01   0.24020793056498232
   6.3520000e+01   0.24363935431498232
   6.3525000e+01   0.24732220581498232
   6.3530000e+01   0.25190295176498234
   6.3535000e+01   0.25805856801498234
   6.3540000e+01   0.26608496501498236
   6.3545000e+01   0.27560609826498234
   6.3550000e+01   0.28552488476498233
   6.3555000e+01   0.2942543140149823
   6.3560000e+01   0.3001616168149823
   6.3565000e+01  0.30207163419748234
   6.3570000e+01  0.2996490749049823
   6.3575000e+01  0.29352677202998234
   6.3580000e+01  0.2851425852799823
   6.3585000e+01  0.2763448237799823
   6.3590000e+01  0.2688900957799823
   6.3595000e+01  0.2639801114549823
   6.3600000e+01  0.2619712563799823
   6.3605000e+01   0.2623444151549823
   6.3610000e+01   0.2639417719049823
   6.3615000e+01   0.2653797197049823
   6.3620000e+01  0.26547702110498234
   6.3625000e+01  0.26354010115498233
   6.3630000e+01  0.25942717812998234
   6.3635000e+01  0.2534216906299823
   6.3640000e+01  0.24601843937998233
   6.3645000e+01  0.23773158287998233
   6.3650000e+01  0.22898939262998233
   6.3655000e+01  0.22012506037998233
   6.3660000e+01  0.21143157287998232
   6.3665000e+01  0.2032274873799823
   6.3670000e+01  0.1958797261299823
   6.3675000e+01  0.1897522391299823
   6.3680000e+01  0.18509140937998228
   6.3685000e+01  0.1818998067299823
   6.3690000e+01  0.17986296302998228
   6.3695000e+01  0.1783700536049823
   6.3700000e+01  0.17662586265498229
   6.3705000e+01  0.1738157357549823
   6.3710000e+01  0.1692727259299823
   6.3715000e+01  0.1626039081799823
   6.3720000e+01  0.1537502504299823
   6.3725000e+01  0.1429733146799823
   6.3730000e+01  0.1307782399299823
   6.3735000e+01  0.1177942999299823
   6.3740000e+01  0.1046420081799823
   6.3745000e+01  0.0918186009299823
   6.3750000e+01  0.0796279874299823
   6.3755000e+01  0.0681649491799823
   6.3760000e+01  0.0573445689299823
   6.3765000e+01  0.0469614419299823
   6.3770000e+01  0.0367732784299823
   6.3775000e+01  0.026612697179982298
   6.3780000e+01  0.0165168851799823
   6.3785000e+01  0.006829984679982299
   6.3790000e+01  -0.0017881663200177023
   6.3795000e+01  -0.008487103820017702
   6.3800000e+01  -0.012456781145017703
   6.3805000e+01   -0.013173990845017703
   6.3810000e+01   -0.010563856495017704
   6.3815000e+01   -0.005025327020017703
   6.3820000e+01   0.0026617229799822967
   6.3825000e+01   0.011490975979982297
   6.3830000e+01   0.020397144229982296
   6.3835000e+01   0.028420356229982298
   6.3840000e+01   0.0348691062299823
   6.3845000e+01   0.0394673624299823
   6.3850000e+01   0.0424387982299823
   6.3855000e+01   0.044469328504982295
   6.3860000e+01   0.0465225472549823
   6.3865000e+01   0.0495497870049823
   6.3870000e+01   0.0541960061799823
   6.3875000e+01   0.060613419429982295
   6.3880000e+01   0.0684468099299823
   6.3885000e+01   0.07697661167998229
   6.3890000e+01   0.0853437984299823
   6.3895000e+01   0.0927643749299823
   6.3900000e+01   0.09866849942998229
   6.3905000e+01   0.10274476257998229
   6.3910000e+01   0.10490804322998229
   6.3915000e+01  0.10522770357998229
   6.3920000e+01  0.10385307575498229
   6.3925000e+01  0.10096203742998229
   6.3930000e+01  0.09674263100498229
   6.3935000e+01  0.0914024237299823
   6.3940000e+01  0.0851897224799823
   6.3945000e+01  0.0784074927299823
   6.3950000e+01  0.07140549572998231
   6.3955000e+01  0.06454672172998231
   6.3960000e+01  0.05815624747998231
   6.3965000e+01  0.05246920997998231
   6.3970000e+01  0.04759651472998231
   6.3975000e+01  0.04352193287998231
   6.3980000e+01  0.04013449387998231
   6.3985000e+01  0.03728911177998231
   6.3990000e+01  0.034880027079982306
   6.3995000e+01  0.032908039404982305
   6.4000000e+01  0.0315227901799823
   6.4005000e+01   0.0310235753924823
   6.4010000e+01   0.0318074271299823
   6.4015000e+01   0.034266281779982304
   6.4020000e+01   0.038657792204982305
   6.4025000e+01   0.044997196204982305
   6.4030000e+01   0.0530212459549823
   6.4035000e+01   0.062246528704982304
   6.4040000e+01   0.0720948607049823
   6.4045000e+01   0.0820216054549823
   6.4050000e+01   0.0915881539549823
   6.4055000e+01   0.1004639462049823
   6.4060000e+01   0.1083906094549823
   6.4065000e+01   0.1151548892049823
   6.4070000e+01   0.12059311920498231
   6.4075000e+01   0.1246150023049823
   6.4080000e+01   0.1272194972049823
   6.4085000e+01   0.1284887739299823
   6.4090000e+01  0.12857010694748228
   6.4095000e+01  0.1276660411899823
   6.4100000e+01  0.1260399962649823
   6.4105000e+01  0.1240187813899823
   6.4110000e+01  0.1219591192649823
   6.4115000e+01  0.1201607265399823
   6.4120000e+01  0.1187503347899823
   6.4125000e+01  0.1176013379149823
   6.4130000e+01  0.1163573953399823
   6.4135000e+01  0.1145804165649823
   6.4140000e+01  0.1119662398649823
   6.4145000e+01  0.1085154246899823
   6.4150000e+01  0.10455705021498231
   6.4155000e+01  0.10060357103998231
   6.4160000e+01  0.09711610921498232
   6.4165000e+01  0.09431333781498231
   6.4170000e+01  0.09212697026498232
   6.4175000e+01  0.09031676483998231
   6.4180000e+01  0.0886697148899823
   6.4185000e+01  0.0871719087649823
   6.4190000e+01  0.0860658509649823
   6.4195000e+01   0.0857658959774823
   6.4200000e+01   0.0866675162899823
   6.4205000e+01   0.08892932163998231
   6.4210000e+01   0.09231892711498231
   6.4215000e+01   0.09619397676498231
   6.4220000e+01   0.09964537736498232
   6.4225000e+01   0.10177390996498231
   6.4230000e+01  0.10201870396498232
   6.4235000e+01  0.10042268916498232
   6.4240000e+01  0.09772263906498231
   6.4245000e+01  0.09520007708998231
   6.4250000e+01   0.0943162694024823
   6.4255000e+01   0.0962475175649823
   6.4260000e+01   0.1014905597399823
   6.4265000e+01   0.10969001448998231
   6.4270000e+01   0.11975425873998231
   6.4275000e+01   0.1302117304899823
   6.4280000e+01   0.1396672027399823
   6.4285000e+01   0.14718465548998227
   6.4290000e+01   0.15246174058998227
   6.4295000e+01   0.15575466366498228
   6.4300000e+01   0.15762163163998227
   6.4305000e+01   0.15862641983998227
   6.4310000e+01   0.15914370017998228
   6.4315000e+01   0.15933616584623228
   6.4320000e+01  0.15927322434498228
   6.4325000e+01  0.15908986256498228
   6.4330000e+01   0.1590778252249823
   6.4335000e+01   0.15965310596248228
   6.4340000e+01   0.1612151334874823
   6.4345000e+01   0.1639620419124823
   6.4350000e+01   0.16773470936248228
   6.4355000e+01   0.17194068538748228
   6.4360000e+01   0.17558113053748228
   6.4365000e+01   0.17738339743748227
   6.4370000e+01  0.17602577778748227
   6.4375000e+01  0.17042028608748228
   6.4380000e+01  0.15999465033748228
   6.4385000e+01  0.1448982848374823
   6.4390000e+01  0.1260621673374823
   6.4395000e+01  0.10507296508748229
   6.4400000e+01  0.08387132758748228
   6.4405000e+01  0.06434106733748228
   6.4410000e+01  0.04790236783748228
   6.4415000e+01  0.03523555958748228
   6.4420000e+01  0.02622602408748228
   6.4425000e+01  0.02014258296248228
   6.4430000e+01  0.01597547288748228
   6.4435000e+01  0.01280684501248228
   6.4440000e+01  0.01008779491248228
   6.4445000e+01  0.007742995887482279
   6.4450000e+01  0.006091926337482279
   6.4455000e+01   0.005638970849982279
   6.4460000e+01   0.006824172737482279
   6.4465000e+01   0.009830165362482279
   6.4470000e+01   0.014507926062482279
   6.4475000e+01   0.02042888281248228
   6.4480000e+01   0.02701909006248228
   6.4485000e+01   0.03370625456248228
   6.4490000e+01   0.040020815562482284
   6.4495000e+01   0.04562701931248229
   6.4500000e+01   0.05029617273748229
   6.4505000e+01   0.053853278812482294
   6.4510000e+01   0.0561274290624823
   6.4515000e+01   0.056926387609732294
   6.4520000e+01  0.05604647523198229
   6.4525000e+01  0.053319543006982294
   6.4530000e+01  0.04868403310698229
   6.4535000e+01  0.042248561856982295
   6.4540000e+01  0.0343068128569823
   6.4545000e+01  0.025275983106982296
   6.4550000e+01  0.015568338356982297
   6.4555000e+01  0.005447173606982297
   6.4560000e+01  -0.005063991393017704
   6.4565000e+01  -0.0161717756430177
   6.4570000e+01  -0.0282037928930177
   6.4575000e+01  -0.0414453803930177
   6.4580000e+01  -0.0559849966430177
   6.4585000e+01  -0.0716198078930177
   6.4590000e+01  -0.0878471646430177
   6.4595000e+01  -0.1039415163930177
   6.4600000e+01  -0.1190949251430177
   6.4605000e+01  -0.1325818443930177
   6.4610000e+01  -0.14389742764301772
   6.4615000e+01  -0.1528222048930177
   6.4620000e+01  -0.1593920208930177
   6.4625000e+01  -0.1637937349180177
   6.4630000e+01  -0.16624112974301772
   6.4635000e+01   -0.1668887964080177
   6.4640000e+01   -0.1658125500980177
   6.4645000e+01   -0.16304573289801771
   6.4650000e+01   -0.1586393141230177
   6.4655000e+01   -0.1527194093730177
   6.4660000e+01   -0.1455339358730177
   6.4665000e+01   -0.1374877538730177
   6.4670000e+01   -0.1291544066230177
   6.4675000e+01   -0.12123719762301768
   6.4680000e+01   -0.11445746437301768
   6.4685000e+01   -0.10938346544801768
   6.4690000e+01   -0.10626063124801768
   6.4695000e+01   -0.10492717424801769
   6.4700000e+01  -0.1048738041255177
   6.4705000e+01  -0.1054407230280177
   6.4710000e+01  -0.1060755984030177
   6.4715000e+01  -0.10654269014551769
   6.4720000e+01  -0.10699398351301768
   6.4725000e+01  -0.10787594623801769
   6.4730000e+01  -0.1097179842630177
   6.4735000e+01  -0.1128969819130177
   6.4740000e+01  -0.11747666231301769
   6.4745000e+01  -0.12318168781301769
   6.4750000e+01  -0.1295044543130177
   6.4755000e+01  -0.1358877258130177
   6.4760000e+01  -0.1419035143130177
   6.4765000e+01  -0.1473633530630177
   6.4770000e+01  -0.1523326076630177
   6.4775000e+01  -0.1570600636880177
   6.4780000e+01  -0.1618589580630177
   6.4785000e+01  -0.1669826687630177
   6.4790000e+01  -0.1725301152630177
   6.4795000e+01  -0.1783989122630177
   6.4800000e+01  -0.1842868520130177
   6.4805000e+01  -0.1897316207630177
   6.4810000e+01  -0.19417694128801768
   6.4815000e+01  -0.19705662193801768
   6.4820000e+01   -0.19788962180801767
   6.4825000e+01   -0.19637526152801768
   6.4830000e+01   -0.1924705342530177
   6.4835000e+01   -0.18642835925301768
   6.4840000e+01   -0.17878191100301769
   6.4845000e+01   -0.17027342975301768
   6.4850000e+01   -0.1617383867530177
   6.4855000e+01   -0.15396330050301768
   6.4860000e+01   -0.14754119425301768
   6.4865000e+01   -0.14275634677801768
   6.4870000e+01   -0.13953457850301768
   6.4875000e+01   -0.13748523387801767
   6.4880000e+01   -0.13603142250301767
   6.4885000e+01   -0.13458778912801767
   6.4890000e+01   -0.13272290945301768
   6.4895000e+01   -0.1302522387030177
   6.4900000e+01   -0.12724211597801768
   6.4905000e+01   -0.12394293735301769
   6.4910000e+01   -0.12068915295301769
   6.4915000e+01   -0.11780170045301769
   6.4920000e+01   -0.1155166454530177
   6.4925000e+01   -0.11395367825301769
   6.4930000e+01   -0.1131302281805177
   6.4935000e+01  -0.1130148957630177
   6.4940000e+01  -0.1135961462180177
   6.4945000e+01  -0.11492793751801769
   6.4950000e+01  -0.11711702306801769
   6.4955000e+01  -0.1202432669680177
   6.4960000e+01  -0.1242446622680177
   6.4965000e+01  -0.1288296024930177
   6.4970000e+01  -0.1334770431430177
   6.4975000e+01  -0.1375448164430177
   6.4980000e+01  -0.1404485579180177
   6.4985000e+01  -0.1418353580430177
   6.4990000e+01   -0.1416827348930177
   6.4995000e+01   -0.1402970092430177
   6.5000000e+01   -0.1382309768930177
   6.5005000e+01   -0.1361586463680177
   6.5010000e+01   -0.1347350856180177
   6.5015000e+01  -0.1344573262730177
   6.5020000e+01  -0.1355471020780177
   6.5025000e+01  -0.1378899486780177
   6.5030000e+01  -0.1410634823030177
   6.5035000e+01  -0.14445818937801772
   6.5040000e+01  -0.1474505077530177
   6.5045000e+01  -0.1495582266780177
   6.5050000e+01  -0.15051273653051772
   6.5055000e+01   -0.15022189170801772
   6.5060000e+01   -0.1486522943080177
   6.5065000e+01   -0.1457022745080177
   6.5070000e+01   -0.1411438666830177
   6.5075000e+01   -0.1346792139330177
   6.5080000e+01   -0.1260999846830177
   6.5085000e+01   -0.11548395443301769
   6.5090000e+01   -0.10333511468301769
   6.5095000e+01   -0.09058619818301769
   6.5100000e+01   -0.0784336406830177
   6.5105000e+01   -0.0680454739330177
   6.5110000e+01   -0.0602413211830177
   6.5115000e+01   -0.0552625969580177
   6.5120000e+01   -0.0527208055580177
   6.5125000e+01   -0.0517460455605177
   6.5130000e+01   -0.0512846709080177
   6.5135000e+01   -0.0504437982780177
   6.5140000e+01   -0.0487693308530177
   6.5145000e+01   -0.0463739311780177
   6.5150000e+01   -0.0438857533030177
   6.5155000e+01   -0.0422445419530177
   6.5160000e+01  -0.0424109508530177
   6.5165000e+01  -0.0450708593530177
   6.5170000e+01  -0.050411127678017705
   6.5175000e+01  -0.05802248867801771
   6.5180000e+01  -0.06695571267801771
   6.5185000e+01  -0.07592409467801771
   6.5190000e+01  -0.08361154892801771
   6.5195000e+01  -0.08901398897801771
   6.5200000e+01  -0.09172010225301772
   6.5205000e+01   -0.09203969622801772
   6.5210000e+01   -0.09092445592801772
   6.5215000e+01   -0.08969307222801771
   6.5220000e+01  -0.08964555300301771
   6.5225000e+01  -0.09169446287801772
   6.5230000e+01  -0.09612961632801773
   6.5235000e+01  -0.10257406632801773
   6.5240000e+01  -0.11011833382801774
   6.5245000e+01  -0.11757355332801774
   6.5250000e+01  -0.12377252757801774
   6.5255000e+01  -0.12785235415301774
   6.5260000e+01  -0.12945432323801773
   6.5265000e+01   -0.12878139419801773
   6.5270000e+01   -0.12648274134801774
   6.5275000e+01   -0.12339551477301773
   6.5280000e+01   -0.12023931159801773
   6.5285000e+01   -0.11738676142301774
   6.5290000e+01   -0.11480291847301774
   6.5295000e+01   -0.11217298337301775
   6.5300000e+01   -0.10915949847301774
   6.5305000e+01   -0.10567848949801774
   6.5310000e+01   -0.10207460254801774
   6.5315000e+01   -0.09911109477301774
   6.5320000e+01   -0.09776342060801774
   6.5325000e+01  -0.09889017096801773
   6.5330000e+01  -0.10291296841801774
   6.5335000e+01  -0.10963498066801775
   6.5340000e+01  -0.11826535241801775
   6.5345000e+01  -0.12762922041801775
   6.5350000e+01  -0.13647673891801776
   6.5355000e+01  -0.14378630066801776
   6.5360000e+01  -0.14898059961801777
   6.5365000e+01  -0.15201358129301776
   6.5370000e+01  -0.15332069111801777
   6.5375000e+01  -0.15365096552301777
   6.5380000e+01  -0.15382452112551775
   6.5385000e+01  -0.15448356874801775
   6.5390000e+01  -0.15591662234801776
   6.5395000e+01  -0.15801797954801775
   6.5400000e+01  -0.16039472442301775
   6.5405000e+01  -0.16256996607301774
   6.5410000e+01  -0.16418691132301774
   6.5415000e+01  -0.16512158047301775
   6.5420000e+01  -0.16546457302301776
   6.5425000e+01   -0.16540474514801776
   6.5430000e+01   -0.16509567465051775
   6.5435000e+01   -0.16458053297801775
   6.5440000e+01   -0.16380053230301775
   6.5445000e+01   -0.16265541312801776
   6.5450000e+01   -0.16106060875301775
   6.5455000e+01   -0.15896449657801776
   6.5460000e+01   -0.15632816407801775
   6.5465000e+01   -0.15309829862801774
   6.5470000e+01   -0.14920554712801773
   6.5475000e+01   -0.14460069560301772
   6.5480000e+01   -0.13931377132801773
   6.5485000e+01   -0.13350090332801773
   6.5490000e+01   -0.12744136932801772
   6.5495000e+01   -0.12146794432801772
   6.5500000e+01   -0.11585122407801772
   6.5505000e+01   -0.11069275750301771
   6.5510000e+01   -0.10588816357801771
   6.5515000e+01   -0.10118991030301772
   6.5520000e+01   -0.09634500425301772
   6.5525000e+01   -0.09123679262801772
   6.5530000e+01   -0.08595023637801771
   6.5535000e+01   -0.08071525862801772
   6.5540000e+01   -0.07574876445301772
   6.5545000e+01   -0.07107968560301772
   6.5550000e+01   -0.06646453375301772
   6.5555000e+01   -0.06146170407801772
   6.5560000e+01   -0.055646002328017724
   6.5565000e+01   -0.04886020707801773
   6.5570000e+01   -0.041372012328017724
   6.5575000e+01   -0.033852223578017725
   6.5580000e+01   -0.027183681078017725
   6.5585000e+01   -0.022191811003017724
   6.5590000e+01   -0.019411628103017723
   6.5595000e+01  -0.01896893765301772
   6.5600000e+01  -0.020589965953017722
   6.5605000e+01  -0.02370581622801772
   6.5610000e+01  -0.02760451670301772
   6.5615000e+01  -0.03159190950301772
   6.5620000e+01  -0.03513053117801772
   6.5625000e+01  -0.03792504527801772
   6.5630000e+01  -0.03992602872801772
   6.5635000e+01  -0.04124579652801772
   6.5640000e+01  -0.04201782190301772
   6.5645000e+01   -0.04226380882801772
   6.5650000e+01   -0.041836330578017715
   6.5655000e+01   -0.040472903503017715
   6.5660000e+01   -0.037943587278017714
   6.5665000e+01   -0.034225924003017716
   6.5670000e+01   -0.029623133678017714
   6.5675000e+01   -0.024763012178017713
   6.5680000e+01   -0.020464934328017714
   6.5685000e+01   -0.017516551178017713
   6.5690000e+01   -0.016435783805517714
   6.5695000e+01  -0.017295027208017715
   6.5700000e+01  -0.019657859033017717
   6.5705000e+01  -0.022641441458017716
   6.5710000e+01  -0.025087518233017716
   6.5715000e+01   -0.025807186273017715
   6.5720000e+01   -0.023853835213017715
   6.5725000e+01   -0.018768745363017716
   6.5730000e+01   -0.010737956363017716
   6.5735000e+01   -0.0006078243630177164
   6.5740000e+01   0.010262594136982283
   6.5745000e+01   0.020287418886982284
   6.5750000e+01   0.028008649636982286
   6.5755000e+01   0.03242744116198229
   6.5760000e+01  0.03322657976198229
   6.5765000e+01  0.03082928641198229
   6.5770000e+01  0.02628147948698229
   6.5775000e+01  0.02098832348698229
   6.5780000e+01  0.01637350763698229
   6.5785000e+01  0.01355134061198229
   6.5790000e+01   0.01309724173698229
   6.5795000e+01   0.01496966638698229
   6.5800000e+01   0.01858776913698229
   6.5805000e+01   0.02302441828698229
   6.5810000e+01   0.02724988888698229
   6.5815000e+01   0.030361710111982288
   6.5820000e+01   0.031753654294482285
   6.5825000e+01  0.031201049201982287
   6.5830000e+01  0.028862455176982285
   6.5835000e+01  0.025215046926982284
   6.5840000e+01  0.020950193351982282
   6.5845000e+01  0.01685484230198228
   6.5850000e+01  0.013694633026982282
   6.5855000e+01  0.012103284026982282
   6.5860000e+01   0.012479787851982282
   6.5865000e+01   0.014904211001982283
   6.5870000e+01   0.019095947976982282
   6.5875000e+01   0.024439972451982282
   6.5880000e+01   0.030089486951982283
   6.5885000e+01   0.03512564937698228
   6.5890000e+01   0.03873362942698228
   6.5895000e+01   0.04035036875198228
   6.5900000e+01  0.03975212945198228
   6.5905000e+01  0.03707091950198228
   6.5910000e+01  0.03274950247698228
   6.5915000e+01  0.02745760665198228
   6.5920000e+01  0.02199181465198228
   6.5925000e+01  0.01716986432698228
   6.5930000e+01  0.01371816220198228
   6.5935000e+01  0.01215310625198228
   6.5940000e+01   0.01267420735198228
   6.5945000e+01   0.01510449880198228
   6.5950000e+01   0.01891137745198228
   6.5955000e+01   0.023314208301982282
   6.5960000e+01   0.027450342801982282
   6.5965000e+01   0.03055153642698228
   6.5970000e+01   0.03208683532698228
   6.5975000e+01  0.03184569487698228
   6.5980000e+01  0.02995161287698228
   6.5985000e+01  0.026807637976982282
   6.5990000e+01  0.02298617932698228
   6.5995000e+01  0.01908942945198228
   6.6000000e+01  0.01561746160198228
   6.6005000e+01  0.01288029535198228
   6.6010000e+01  0.01097567302698228
   6.6015000e+01  0.00983102622698228
   6.6020000e+01  0.00928517890948228
   6.6025000e+01   0.009172712819482278
   6.6030000e+01   0.009378161784482279
   6.6035000e+01   0.00984558114698228
   6.6040000e+01   0.01054960404698228
   6.6045000e+01   0.01144528532198228
   6.6050000e+01   0.012414651671982281
   6.6055000e+01   0.013225963171982281
   6.6060000e+01  0.013523680114482281
   6.6065000e+01  0.012869273606982281
   6.6070000e+01  0.01084403573198228
   6.6075000e+01  0.007198390456982281
   6.6080000e+01  0.00199761393198228
   6.6085000e+01  -0.004304290568017719
   6.6090000e+01  -0.01091188306801772
   6.6095000e+01  -0.01685431806801772
   6.6100000e+01  -0.02121429894301772
   6.6105000e+01  -0.023342977868017718
   6.6110000e+01   -0.023002471693017716
   6.6115000e+01   -0.020413093618017717
   6.6120000e+01   -0.016206350843017716
   6.6125000e+01   -0.011291472418017716
   6.6130000e+01   -0.006649994618017716
   6.6135000e+01   -0.0030946971180177162
   6.6140000e+01   -0.0010570155930177162
   6.6145000e+01  -0.0004747724655177162
   6.6150000e+01  -0.0008235736380177163
   6.6155000e+01  -0.0012827404555177163
   6.6160000e+01   -0.0009805565730177162
   6.6165000e+01   0.0007544893769822836
   6.6170000e+01   0.004201813101982284
   6.6175000e+01   0.009162327601982285
   6.6180000e+01   0.015001250101982284
   6.6185000e+01   0.020815187101982283
   6.6190000e+01   0.025682701976982282
   6.6195000e+01   0.028926405151982283
   6.6200000e+01   0.030305761391982284
   6.6205000e+01  0.030080166156982283
   6.6210000e+01  0.028921290231982283
   6.6215000e+01  0.027695542331982282
   6.6220000e+01  0.027172009755732283
   6.6225000e+01   0.027736248604482282
   6.6230000e+01   0.02920077340448228
   6.6235000e+01   0.03078717427948228
   6.6240000e+01  0.03130590100448228
   6.6245000e+01  0.02949110110448228
   6.6250000e+01  0.02438902657948228
   6.6255000e+01  0.015675358579482282
   6.6260000e+01  0.003796926829482284
   6.6265000e+01  -0.010111358420517715
   6.6270000e+01  -0.024508281670517718
   6.6275000e+01  -0.037827873420517716
   6.6280000e+01  -0.04882226742051772
   6.6285000e+01  -0.05674803092051772
   6.6290000e+01  -0.061357968370517726
   6.6295000e+01   -0.06275948445051772
   6.6300000e+01   -0.061259994705517726
   6.6305000e+01   -0.057302038580517724
   6.6310000e+01   -0.05150826383051772
   6.6315000e+01   -0.04476496508051772
   6.6320000e+01   -0.038233020580517724
   6.6325000e+01   -0.03321216328051772
   6.6330000e+01   -0.03087362393051772
   6.6335000e+01  -0.03196052393051772
   6.6340000e+01  -0.03658380148051772
   6.6345000e+01  -0.044200342980517726
   6.6350000e+01  -0.053778851230517725
   6.6355000e+01  -0.06408609723051772
   6.6360000e+01  -0.07399463973051773
   6.6365000e+01  -0.08272457498051773
   6.6370000e+01  -0.08996705673051773
   6.6375000e+01  -0.09587585998051773
   6.6380000e+01  -0.10094437590551773
   6.6385000e+01  -0.10580664053051773
   6.6390000e+01  -0.11101351898051773
   6.6395000e+01  -0.11684027023051773
   6.6400000e+01  -0.12317784023051773
   6.6405000e+01  -0.12954296148051772
   6.6410000e+01  -0.13520970648051772
   6.6415000e+01  -0.13942496260551773
   6.6420000e+01  -0.14163828803051773
   6.6425000e+01   -0.14166817288051772
   6.6430000e+01   -0.13974741518051773
   6.6435000e+01   -0.13643334745551772
   6.6440000e+01   -0.1324181966555177
   6.6445000e+01   -0.12831140278051772
   6.6450000e+01   -0.12447328730551772
   6.6455000e+01   -0.12095421820551773
   6.6460000e+01   -0.11754772368051773
   6.6465000e+01   -0.11392241998051773
   6.6470000e+01   -0.10977583658051773
   6.6475000e+01   -0.10495901278051774
   6.6480000e+01   -0.09954392403051773
   6.6485000e+01   -0.09382859878051773
   6.6490000e+01   -0.08828546153051774
   6.6495000e+01   -0.08345973470551774
   6.6500000e+01   -0.07982899230551774
   6.6505000e+01   -0.07764993140551774
   6.6510000e+01   -0.07683758894051773
   6.6515000e+01  -0.07692879116801773
   6.6520000e+01  -0.07716243263801774
   6.6525000e+01   -0.07666689976551774
   6.6530000e+01   -0.07469918064051774
   6.6535000e+01   -0.07085606659051774
   6.6540000e+01   -0.06518917469051774
   6.6545000e+01   -0.05819471194051774
   6.6550000e+01   -0.05069239344051774
   6.6555000e+01   -0.043634147190517746
   6.6560000e+01   -0.037888284490517746
   6.6565000e+01   -0.03404124239051774
   6.6570000e+01   -0.03225894196551774
   6.6575000e+01  -0.03225001821551774
   6.6580000e+01  -0.03335842121551774
   6.6585000e+01  -0.03477464266551774
   6.6590000e+01  -0.03580547176551774
   6.6595000e+01   -0.03610920418051774
   6.6600000e+01   -0.03580852444551774
   6.6605000e+01   -0.03543723658551774
   6.6610000e+01  -0.03573982522551774
   6.6615000e+01  -0.03739765722551774
   6.6620000e+01  -0.040781001500517736
   6.6625000e+01  -0.045812714500517736
   6.6630000e+01  -0.051983655000517735
   6.6635000e+01  -0.058501914250517734
   6.6640000e+01  -0.06451314925051774
   6.6645000e+01  -0.06931511530051773
   6.6650000e+01  -0.07250673575051773
   6.6655000e+01  -0.07404605387551773
   6.6660000e+01   -0.07422186192801773
   6.6665000e+01   -0.07355784053051773
   6.6670000e+01   -0.07266842815551773
   6.6675000e+01   -0.07208686452301773
   6.6680000e+01  -0.07209906795551772
   6.6685000e+01  -0.07263595187051772
   6.6690000e+01  -0.07327948297051771
   6.6695000e+01   -0.07340593733051771
   6.6700000e+01   -0.07242951814051772
   6.6705000e+01   -0.07005280099051772
   6.6710000e+01   -0.06641413784051772
   6.6715000e+01   -0.062061163565517725
   6.6720000e+01   -0.057756416115517725
   6.6725000e+01   -0.05419703929051772
   6.6730000e+01   -0.05176829189051772
   6.6735000e+01   -0.05043344489051772
   6.6740000e+01   -0.04980056111301772
   6.6745000e+01   -0.04932892876051772
   6.6750000e+01   -0.04857907263551772
   6.6755000e+01   -0.04739572321051772
   6.6760000e+01   -0.04594825313551772
   6.6765000e+01   -0.04461945108551772
   6.6770000e+01   -0.043797972618017725
   6.6775000e+01  -0.04366443736801773
   6.6780000e+01  -0.04405829123551773
   6.6785000e+01  -0.044481864153017726
   6.6790000e+01   -0.04425203249551773
   6.6795000e+01   -0.04275707944551773
   6.6800000e+01   -0.03972808289551773
   6.6805000e+01   -0.035411156770517725
   6.6810000e+01   -0.030551001670517726
   6.6815000e+01   -0.026170426570517727
   6.6820000e+01   -0.023225162620517728
   6.6825000e+01  -0.02227658185301773
   6.6830000e+01  -0.02331638031051773
   6.6835000e+01  -0.02580010141051773
   6.6840000e+01  -0.02884858998551773
   6.6845000e+01  -0.03151562878551773
   6.6850000e+01  -0.03302106931051773
   6.6855000e+01   -0.03289195891051773
   6.6860000e+01   -0.03100013966051773
   6.6865000e+01   -0.02750972928551773
   6.6870000e+01   -0.02275641643551773
   6.6875000e+01   -0.01708973568551773
   6.6880000e+01   -0.01072484993551773
   6.6885000e+01   -0.0036582679355177316
   6.6890000e+01   0.004314814314482268
   6.6895000e+01   0.013485165564482267
   6.6900000e+01   0.024064134064482268
   6.6905000e+01   0.03603742856448227
   6.6910000e+01   0.04909527681448227
   6.6915000e+01   0.06266200906448227
   6.6920000e+01   0.07601160281448227
   6.6925000e+01   0.08843049731448227
   6.6930000e+01   0.09937839756448227
   6.6935000e+01   0.10860034431448227
   6.6940000e+01   0.11615777681448228
   6.6945000e+01   0.12237095456448228
   6.6950000e+01   0.1276942048144823
   6.6955000e+01   0.13256855903948228
   6.6960000e+01   0.13730283016448228
   6.6965000e+01   0.14202036103948226
   6.6970000e+01   0.14668087111448228
   6.6975000e+01   0.15115755088948227
   6.6980000e+01   0.15533056801448228
   6.6985000e+01   0.15915611856448228
   6.6990000e+01   0.16268525473948228
   6.6995000e+01   0.1660316645644823
   6.7000000e+01   0.1693090324894823
   6.7005000e+01   0.1725649294644823
   6.7010000e+01   0.1757295593894823
   6.7015000e+01   0.1785869143394823
   6.7020000e+01   0.1807753046144823
   6.7025000e+01   0.18183152015698228
   6.7030000e+01  0.18129243167448228
   6.7035000e+01  0.17884755842448227
   6.7040000e+01  0.17450216074948227
   6.7045000e+01  0.16868485149948226
   6.7050000e+01  0.16223795224948226
   6.7055000e+01  0.15626722199948226
   6.7060000e+01  0.15188367974948225
   6.7065000e+01  0.14991679107448225
   6.7070000e+01   0.15069336807448225
   6.7075000e+01   0.15395468077448224
   6.7080000e+01   0.15893678379948223
   6.7085000e+01   0.16458598829948223
   6.7090000e+01   0.16984210517448223
   6.7095000e+01   0.17390843569948222
   6.7100000e+01   0.17644015352448222
   6.7105000e+01   0.1776113384994822
   6.7110000e+01   0.1780509477344822
   6.7115000e+01   0.17866227056948222
   6.7120000e+01   0.18036390146948222
   6.7125000e+01   0.18381846466948223
   6.7130000e+01   0.18923667011948223
   6.7135000e+01   0.19633226861948222
   6.7140000e+01   0.20444538086948222
   6.7145000e+01   0.21277358661948223
   6.7150000e+01   0.22060357411948223
   6.7155000e+01   0.22745371086948224
   6.7160000e+01   0.23310327261948224
   6.7165000e+01   0.23754658346948224
   6.7170000e+01   0.24092847241948223
   6.7175000e+01   0.24349054866948222
   6.7180000e+01   0.24552093201948222
   6.7185000e+01   0.2472904733944822
   6.7190000e+01   0.24898281706948222
   6.7195000e+01   0.2506553401694822
   6.7200000e+01   0.2522665106944822
   6.7205000e+01   0.2537634629694822
   6.7210000e+01   0.2551717602694822
   6.7215000e+01   0.25661307901948216
   6.7220000e+01   0.25821796776948214
   6.7225000e+01   0.25997720514448214
   6.7230000e+01   0.26163311664448213
   6.7235000e+01   0.2627053536444821
   6.7240000e+01  0.2626701743194821
   6.7245000e+01  0.2612134520194821
   6.7250000e+01  0.2584214206944821
   6.7255000e+01  0.2547998111194821
   6.7260000e+01  0.2511060563194821
   6.7265000e+01  0.24808018246948207
   6.7270000e+01  0.24620581909448208
   6.7275000e+01   0.2456016181154821
   6.7280000e+01   0.2460634071864821
   6.7285000e+01   0.24720193673648208
   6.7290000e+01   0.2485916721114821
   6.7295000e+01   0.2498696345614821
   6.7300000e+01   0.2507740542614821
   6.7305000e+01   0.25115243461898207
   6.7310000e+01  0.2509719044264821
   6.7315000e+01  0.2503350353514821
   6.7320000e+01  0.2494722449014821
   6.7325000e+01  0.24868084410148208
   6.7330000e+01  0.24821628375148208
   6.7335000e+01   0.24818361779648207
   6.7340000e+01   0.24848906312898206
   6.7345000e+01   0.24888221452148207
   6.7350000e+01   0.24907151998973207
   6.7355000e+01  0.24885993503798207
   6.7360000e+01  0.24823956427298208
   6.7365000e+01  0.24740187802298208
   6.7370000e+01  0.2466552927729821
   6.7375000e+01  0.24628262792798208
   6.7380000e+01   0.24639979141548207
   6.7385000e+01   0.24687669582298208
   6.7390000e+01   0.2473489153179821
   6.7395000e+01  0.2473033138004821
   6.7400000e+01  0.2461930388879821
   6.7405000e+01  0.24354312468798212
   6.7410000e+01  0.23903457578798212
   6.7415000e+01  0.23257272678798213
   6.7420000e+01  0.22433888078798214
   6.7425000e+01  0.21480588253798213
   6.7430000e+01  0.20469416578798214
   6.7435000e+01  0.19486377078798214
   6.7440000e+01  0.18616349928798215
   6.7445000e+01  0.17927024353798215
   6.7450000e+01  0.17454804708798216
   6.7455000e+01  0.17195231648798215
   6.7460000e+01  0.17100760394048214
   6.7465000e+01   0.17088570848423215
   6.7470000e+01  0.17058750772548215
   6.7475000e+01  0.16918913935048216
   6.7480000e+01  0.16607690630048216
   6.7485000e+01  0.16109345542548217
   6.7490000e+01  0.15455440767548217
   6.7495000e+01  0.14714618217548217
   6.7500000e+01  0.13975189892548218
   6.7505000e+01  0.1332597356754822
   6.7510000e+01  0.12839610437548218
   6.7515000e+01  0.12561102600048218
   6.7520000e+01   0.12503187722548217
   6.7525000e+01   0.12648924907548217
   6.7530000e+01   0.12960024687548216
   6.7535000e+01   0.13387597542548216
   6.7540000e+01   0.13881440522548216
   6.7545000e+01   0.14395498097548215
   6.7550000e+01   0.14889972595048215
   6.7555000e+01   0.15332784505048214
   6.7560000e+01   0.15703006722548213
   6.7565000e+01   0.15996463682548212
   6.7570000e+01   0.16230598597548213
   6.7575000e+01   0.1644418392254821
   6.7580000e+01   0.1668867580254821
   6.7585000e+01   0.17011545312548212
   6.7590000e+01   0.17436151677548212
   6.7595000e+01   0.1794574164754821
   6.7600000e+01   0.1847933877254821
   6.7605000e+01   0.1894376575754821
   6.7610000e+01   0.19239465965048208
   6.7615000e+01  0.19290867855048208
   6.7620000e+01  0.19068738957548206
   6.7625000e+01  0.18594997442548206
   6.7630000e+01  0.17928719342548205
   6.7635000e+01  0.17140922442548204
   6.7640000e+01  0.16290051267548203
   6.7645000e+01  0.15408031867548203
   6.7650000e+01  0.14500429617548202
   6.7655000e+01  0.13557602567548202
   6.7660000e+01  0.12569847592548203
   6.7665000e+01  0.11539309092548203
   6.7670000e+01  0.10484091667548202
   6.7675000e+01  0.09434013842548203
   6.7680000e+01  0.08420997667548202
   6.7685000e+01  0.07468801917548203
   6.7690000e+01  0.06586237842548202
   6.7695000e+01  0.057659149175482025
   6.7700000e+01  0.049883021925482024
   6.7705000e+01  0.042293734425482024
   6.7710000e+01  0.03469331167548202
   6.7715000e+01  0.02699487117548202
   6.7720000e+01  0.019244151925482022
   6.7725000e+01  0.01157718142548202
   6.7730000e+01  0.00412614217548202
   6.7735000e+01  -0.003079032324517981
   6.7740000e+01  -0.01014735557451798
   6.7745000e+01  -0.017256423324517982
   6.7750000e+01  -0.02448801107451798
   6.7755000e+01  -0.03164769732451798
   6.7760000e+01  -0.03817620432451797
   6.7765000e+01  -0.04323159732451797
   6.7770000e+01  -0.04594688324951797
   6.7775000e+01   -0.04578339174951797
   6.7780000e+01   -0.042844366199517966
   6.7785000e+01   -0.03800878082451797
   6.7790000e+01   -0.03279804499951797
   6.7795000e+01   -0.028985549849517966
   6.7800000e+01  -0.028068847074517966
   6.7805000e+01  -0.030798808499517966
   6.7810000e+01  -0.03695528787451797
   6.7815000e+01  -0.045463864374517965
   6.7820000e+01  -0.054802941874517966
   6.7825000e+01  -0.06352846362451797
   6.7830000e+01  -0.07070732712451797
   6.7835000e+01  -0.07611141012451797
   6.7840000e+01  -0.08013832672451797
   6.7845000e+01  -0.08352913067451798
   6.7850000e+01  -0.08700655054951797
   6.7855000e+01  -0.09095907892451797
   6.7860000e+01  -0.09526808109951798
   6.7865000e+01  -0.09933281314951799
   6.7870000e+01  -0.10229200684951799
   6.7875000e+01   -0.10337158745101799
   6.7880000e+01   -0.10222760767751798
   6.7885000e+01   -0.09913813390251798
   6.7890000e+01   -0.09494998912751798
   6.7895000e+01   -0.09078993810251798
   6.7900000e+01   -0.08765566470251798
   6.7905000e+01   -0.08605664422751798
   6.7910000e+01  -0.08585278410001798
   6.7915000e+01  -0.08635282029751798
   6.7920000e+01   -0.08662691995251798
   6.7925000e+01   -0.08590554115751797
   6.7930000e+01   -0.08390940453251797
   6.7935000e+01   -0.08098846838251797
   6.7940000e+01   -0.07802448600751796
   6.7945000e+01   -0.07614155358251797
   6.7950000e+01  -0.07633737973251796
   6.7955000e+01  -0.07916934318251796
   6.7960000e+01  -0.08459931708251796
   6.7965000e+01  -0.09203709958251796
   6.7970000e+01  -0.10055174733251795
   6.7975000e+01  -0.10916755108251795
   6.7980000e+01  -0.11714132483251795
   6.7985000e+01  -0.12413368208251795
   6.7990000e+01  -0.13023135158251795
   6.7995000e+01  -0.13583266633251795
   6.8000000e+01  -0.14145289533251795
   6.8005000e+01  -0.14752494233251795
   6.8010000e+01  -0.15426101033251796
   6.8015000e+01  -0.16160968533251796
   6.8020000e+01  -0.16930362883251796
   6.8025000e+01  -0.17696020183251795
   6.8030000e+01  -0.18418370133251796
   6.8035000e+01  -0.19062979258251797
   6.8040000e+01  -0.19602441970751797
   6.8045000e+01  -0.20016248630751796
   6.8050000e+01  -0.20292347763251795
   6.8055000e+01  -0.20432103115751796
   6.8060000e+01   -0.20456333881001795
   6.8065000e+01   -0.20407172711251795
   6.8070000e+01   -0.20341311151251795
   6.8075000e+01  -0.20314900641251796
   6.8080000e+01  -0.20365960093751795
   6.8085000e+01  -0.20502677183751794
   6.8090000e+01  -0.20703551438751794
   6.8095000e+01  -0.20929405226251793
   6.8100000e+01  -0.21141608108751794
   6.8105000e+01  -0.21318615641251795
   6.8110000e+01  -0.21464689506251794
   6.8115000e+01  -0.21608561443751795
   6.8120000e+01  -0.21793454053751796
   6.8125000e+01  -0.22062156381251796
   6.8130000e+01  -0.22441952116251795
   6.8135000e+01  -0.22934379508751795
   6.8140000e+01  -0.23513617958751795
   6.8145000e+01  -0.24134255783751796
   6.8150000e+01  -0.24745114958751796
   6.8155000e+01  -0.253029843837518
   6.8160000e+01  -0.25780563101251797
   6.8165000e+01  -0.261664151437518
   6.8170000e+01  -0.264588858987518
   6.8175000e+01  -0.266582321887518
   6.8180000e+01  -0.26760950051251803
   6.8185000e+01   -0.267584495712518
   6.8190000e+01   -0.26640212576251804
   6.8195000e+01   -0.26400075111251803
   6.8200000e+01   -0.260432773862518
   6.8205000e+01   -0.255913289762518
   6.8210000e+01   -0.250819239887518
   6.8215000e+01   -0.245627147137518
   6.8220000e+01   -0.24080627916251798
   6.8225000e+01   -0.23671189626251798
   6.8230000e+01   -0.23352959548751798
   6.8235000e+01   -0.23129650678751798
   6.8240000e+01   -0.229980516762518
   6.8245000e+01  -0.229563514285768
   6.8250000e+01  -0.23007352598401798
   6.8255000e+01  -0.23154587825901798
   6.8260000e+01  -0.23394296970901798
   6.8265000e+01  -0.237093234584018
   6.8270000e+01  -0.24070045955901798
   6.8275000e+01  -0.24442898568401797
   6.8280000e+01  -0.24801789768401797
   6.8285000e+01  -0.251353388134018
   6.8290000e+01  -0.254449735459018
   6.8295000e+01  -0.257343205509018
   6.8300000e+01  -0.25995795973401803
   6.8305000e+01  -0.26202721758401804
   6.8310000e+01  -0.263130563884018
   6.8315000e+01   -0.262847104659018
   6.8320000e+01   -0.260955425209018
   6.8325000e+01   -0.257576337884018
   6.8330000e+01   -0.253178248884018
   6.8335000e+01   -0.24843533635901802
   6.8340000e+01   -0.24400238728401802
   6.8345000e+01   -0.24030464505901802
   6.8350000e+01   -0.23742368288401802
   6.8355000e+01   -0.23511037463401802
   6.8360000e+01   -0.23290427218401802
   6.8365000e+01   -0.23030659385901803
   6.8370000e+01   -0.22694670953401802
   6.8375000e+01   -0.22269325185901803
   6.8380000e+01   -0.21768188663401802
   6.8385000e+01   -0.212256357634018
   6.8390000e+01   -0.206844323384018
   6.8395000e+01   -0.201810180334018
   6.8400000e+01   -0.197336351809018
   6.8405000e+01   -0.193376329759018
   6.8410000e+01   -0.189697509784018
   6.8415000e+01   -0.185998216209018
   6.8420000e+01   -0.182054433959018
   6.8425000e+01   -0.177839087034018
   6.8430000e+01   -0.17356538948401798
   6.8435000e+01   -0.16963339830901797
   6.8440000e+01   -0.16649598793401796
   6.8445000e+01   -0.16449292983401795
   6.8450000e+01   -0.16371621189151794
   6.8455000e+01  -0.16396022667401794
   6.8460000e+01  -0.16478079524901795
   6.8465000e+01  -0.16564703882401796
   6.8470000e+01  -0.16613225540901796
   6.8475000e+01   -0.16606922838901797
   6.8480000e+01   -0.16560619125901796
   6.8485000e+01   -0.16514337129151796
   6.8490000e+01  -0.16518469636151795
   6.8495000e+01  -0.16617022954901794
   6.8500000e+01  -0.16834411419901796
   6.8505000e+01  -0.17167727977401795
   6.8510000e+01  -0.17583979582401796
   6.8515000e+01  -0.18022259054901796
   6.8520000e+01  -0.18402466529901795
   6.8525000e+01  -0.18641764469901795
   6.8530000e+01   -0.18676390754901795
   6.8535000e+01   -0.18482180327401795
   6.8540000e+01   -0.18085833872401796
   6.8545000e+01   -0.17562206084901796
   6.8550000e+01   -0.17018791259901797
   6.8555000e+01   -0.16573403679901796
   6.8560000e+01   -0.16332078717401796
   6.8565000e+01  -0.16371665277401795
   6.8570000e+01  -0.16728051369901795
   6.8575000e+01  -0.17389233269901794
   6.8580000e+01  -0.18293328844901793
   6.8585000e+01  -0.19333571019901793
   6.8590000e+01  -0.20372688219901794
   6.8595000e+01  -0.21266378469901795
   6.8600000e+01  -0.21890831052401796
   6.8605000e+01  -0.22165578687401796
   6.8610000e+01   -0.22063461619901797
   6.8615000e+01   -0.216047413499018
   6.8620000e+01   -0.20839676949901798
   6.8625000e+01   -0.19828736424901797
   6.8630000e+01   -0.18629022824901798
   6.8635000e+01   -0.17290137249901796
   6.8640000e+01   -0.15856599649901795
   6.8645000e+01   -0.14371350449901796
   6.8650000e+01   -0.12876833149901795
   6.8655000e+01   -0.11413965199901795
   6.8660000e+01   -0.10021160149901795
   6.8665000e+01   -0.08734192474901795
   6.8670000e+01   -0.07585234674901795
   6.8675000e+01   -0.06598960849901794
   6.8680000e+01   -0.05786122524901795
   6.8685000e+01   -0.05138321774901795
   6.8690000e+01   -0.046286545199017946
   6.8695000e+01   -0.04220123349901794
   6.8700000e+01   -0.038789018324017946
   6.8705000e+01   -0.035860418349017945
   6.8710000e+01   -0.03341506249901795
   6.8715000e+01   -0.03158310102401795
   6.8720000e+01   -0.03049650394901795
   6.8725000e+01  -0.030153283078917948
   6.8730000e+01  -0.030338432753817948
   6.8735000e+01  -0.03063497174381795
   6.8740000e+01   -0.030515798026317948
   6.8745000e+01   -0.029476620488817946
   6.8750000e+01   -0.027165767388817947
   6.8755000e+01   -0.02348120451381795
   6.8760000e+01   -0.01861873611381795
   6.8765000e+01   -0.013056530113817948
   6.8770000e+01   -0.007460032863817949
   6.8775000e+01   -0.0025092638388179486
   6.8780000e+01   0.0013072930861820512
   6.8785000e+01   0.0038473855111820516
   6.8790000e+01   0.005334883536182051
   6.8795000e+01   0.0062214412861820514
   6.8800000e+01   0.0069535538111820516
   6.8805000e+01   0.007761860961182051
   6.8810000e+01   0.00856911513618205
   6.8815000e+01   0.00903665967618205
   6.8820000e+01  0.00869604594118205
   6.8825000e+01  0.00709060759118205
   6.8830000e+01  0.0038802263411820497
   6.8835000e+01  -0.00109683278381795
   6.8840000e+01  -0.007791247533817949
   6.8845000e+01  -0.01592952503381795
   6.8850000e+01  -0.025022891283817947
   6.8855000e+01  -0.034407334533817946
   6.8860000e+01  -0.04332298803381795
   6.8865000e+01  -0.05103346703381795
   6.8870000e+01  -0.05697058053381795
   6.8875000e+01  -0.06086921598381795
   6.8880000e+01  -0.06284329913381795
   6.8885000e+01   -0.06336296659631795
   6.8890000e+01   -0.06312926820381795
   6.8895000e+01   -0.06288742629131795
   6.8900000e+01  -0.06324434435881796
   6.8905000e+01  -0.06454642173381796
   6.8910000e+01  -0.06684129075881795
   6.8915000e+01  -0.06991562203381795
   6.8920000e+01  -0.07338427493381794
   6.8925000e+01  -0.07680041120881793
   6.8930000e+01  -0.07975432758381794
   6.8935000e+01  -0.08193296510881794
   6.8940000e+01  -0.08312996858381794
   6.8945000e+01   -0.08322395496881793
   6.8950000e+01   -0.08215981570381793
   6.8955000e+01   -0.07995609912881793
   6.8960000e+01   -0.07672800455381792
   6.8965000e+01   -0.07269107295381792
   6.8970000e+01   -0.06812043430381792
   6.8975000e+01   -0.06327813390381792
   6.8980000e+01   -0.058353919528817924
   6.8985000e+01   -0.053463897803817925
   6.8990000e+01   -0.04871595682881792
   6.8995000e+01   -0.04430631690381792
   6.9000000e+01   -0.04058716452881792
   6.9005000e+01   -0.03805388115381792
   6.9010000e+01  -0.03723579948131792
   6.9015000e+01  -0.038520630508817925
   6.9020000e+01  -0.04198071023381793
   6.9025000e+01  -0.04728027240881793
   6.9030000e+01  -0.05371597990881793
   6.9035000e+01  -0.06038586740881793
   6.9040000e+01  -0.06642306190881793
   6.9045000e+01  -0.07120241420881793
   6.9050000e+01  -0.07444455418381793
   6.9055000e+01  -0.07619106025881793
   6.9060000e+01   -0.07667952757381793
   6.9065000e+01   -0.07618322373881793
   6.9070000e+01   -0.07488426298881794
   6.9075000e+01   -0.07282467383881794
   6.9080000e+01   -0.06994109176381794
   6.9085000e+01   -0.06615452948881793
   6.9090000e+01   -0.06146973813881793
   6.9095000e+01   -0.05604162963881793
   6.9100000e+01   -0.050183330388817934
   6.9105000e+01   -0.04431378513881794
   6.9110000e+01   -0.03886637338881794
   6.9115000e+01   -0.03419774356381794
   6.9120000e+01   -0.03053892351381794
   6.9125000e+01   -0.02801068503881794
   6.9130000e+01   -0.02668697851381794
   6.9135000e+01  -0.02665749371381794
   6.9140000e+01  -0.02804072746381794
   6.9145000e+01  -0.03093755991381794
   6.9150000e+01  -0.035363896088817945
   6.9155000e+01  -0.041218907338817945
   6.9160000e+01  -0.04831670358881795
   6.9165000e+01  -0.056457713088817946
   6.9170000e+01  -0.06548409033881794
   6.9175000e+01  -0.07527522083881794
   6.9180000e+01  -0.08568270683881793
   6.9185000e+01  -0.09644533683881792
   6.9190000e+01  -0.10713742883881792
   6.9195000e+01  -0.11718692633881793
   6.9200000e+01  -0.12596850708881793
   6.9205000e+01  -0.13294773408881794
   6.9210000e+01  -0.13783282928881793
   6.9215000e+01  -0.14068450611381794
   6.9220000e+01  -0.14194411981381794
   6.9225000e+01  -0.14236414270381795
   6.9230000e+01  -0.14285343759381794
   6.9235000e+01  -0.14427298106881795
   6.9240000e+01  -0.14723163196881794
   6.9245000e+01  -0.15193546521881796
   6.9250000e+01  -0.15813424246881796
   6.9255000e+01  -0.16518137146881798
   6.9260000e+01  -0.17218645571881797
   6.9265000e+01  -0.17821061321881795
   6.9270000e+01  -0.18244967164381795
   6.9275000e+01  -0.18436822079381796
   6.9280000e+01   -0.18377268199381797
   6.9285000e+01   -0.18082787394381797
   6.9290000e+01   -0.17602429441881798
   6.9295000e+01   -0.17009944516881798
   6.9300000e+01   -0.16391615891881797
   6.9305000e+01   -0.15830914841881796
   6.9310000e+01   -0.15392526759381797
   6.9315000e+01   -0.15109536941881796
   6.9320000e+01   -0.14977739346881797
   6.9325000e+01  -0.14959590496881797
   6.9330000e+01  -0.14997362991631796
   6.9335000e+01  -0.15031488802131796
   6.9340000e+01   -0.15017615883381796
   6.9345000e+01   -0.14936266333881795
   6.9350000e+01   -0.14792590533881794
   6.9355000e+01   -0.14608688618881793
   6.9360000e+01   -0.14414057736381794
   6.9365000e+01   -0.14238850431381794
   6.9370000e+01   -0.14110830466381794
   6.9375000e+01   -0.14053466385881794
   6.9380000e+01  -0.14082164562881794
   6.9385000e+01  -0.14198174977881795
   6.9390000e+01  -0.14382895727881795
   6.9395000e+01  -0.14596633025381794
   6.9400000e+01  -0.14784382895381795
   6.9405000e+01  -0.14887864143131796
   6.9410000e+01   -0.14859846628381795
   6.9415000e+01   -0.14675489555881796
   6.9420000e+01   -0.14336521133381797
   6.9425000e+01   -0.13867074763381795
   6.9430000e+01   -0.13303498313381795
   6.9435000e+01   -0.12682881538381796
   6.9440000e+01   -0.12035196488381796
   6.9445000e+01   -0.11381630888381795
   6.9450000e+01   -0.10738048938381796
   6.9455000e+01   -0.10119611063381796
   6.9460000e+01   -0.09542325613381797
   6.9465000e+01   -0.09020028930881797
   6.9470000e+01   -0.08559115923381798
   6.9475000e+01   -0.08155262863381799
   6.9480000e+01   -0.07794708998381798
   6.9485000e+01   -0.07458734600881799
   6.9490000e+01   -0.07127224280881798
   6.9495000e+01   -0.06778176850881798
   6.9500000e+01   -0.06384103190881799
   6.9505000e+01   -0.05910160858381799
   6.9510000e+01   -0.05319271833381799
   6.9515000e+01   -0.04585466758381799
   6.9520000e+01   -0.03710567133381799
   6.9525000e+01   -0.02735124858381799
   6.9530000e+01   -0.017355128833817988
   6.9535000e+01   -0.008053119333817988
   6.9540000e+01   -0.00027394333381798846
   6.9545000e+01   0.0055132845161820114
   6.9550000e+01   0.009309922266182012
   6.9555000e+01   0.011507547566182013
   6.9560000e+01   0.012659666566182013
   6.9565000e+01   0.013217417273682013
   6.9570000e+01  0.013350447506182013
   6.9575000e+01  0.012924529631182013
   6.9580000e+01  0.011632564381182013
   6.9585000e+01  0.009214050631182013
   6.9590000e+01  0.0056706632561820125
   6.9595000e+01  0.0013930270811820123
   6.9600000e+01  -0.0028532794188179875
   6.9605000e+01  -0.006088150293817988
   6.9610000e+01  -0.007382318421317988
   6.9615000e+01   -0.006149488198817988
   6.9620000e+01   -0.0023701882238179877
   6.9625000e+01   0.0033369468261820134
   6.9630000e+01   0.009839089076182014
   6.9635000e+01   0.015787142076182016
   6.9640000e+01   0.020003840026182017
   6.9645000e+01   0.021843453351182016
   6.9650000e+01  0.021410981276182017
   6.9655000e+01  0.019569692676182016
   6.9660000e+01  0.017724063576182017
   6.9665000e+01   0.017425596226182016
   6.9670000e+01   0.019902434126182016
   6.9675000e+01   0.025649928926182015
   6.9680000e+01   0.03422236217618202
   6.9685000e+01   0.04432089142618202
   6.9690000e+01   0.05418070492618202
   6.9695000e+01   0.06214791142618202
   6.9700000e+01   0.06724865870118202
   6.9705000e+01   0.06953295945118201
   6.9710000e+01  0.07004512139035701
   6.9715000e+01   0.07041551067953201
   6.9720000e+01   0.07222838220453201
   6.9725000e+01   0.07642105015453202
   6.9730000e+01   0.08295536865453201
   6.9735000e+01   0.09087728565453201
   6.9740000e+01   0.09870924415453201
   6.9745000e+01   0.10498993740453201
   6.9750000e+01   0.10874281007953202
   6.9755000e+01  0.10971832280453202
   6.9760000e+01  0.10836845420453202
   6.9765000e+01  0.10561520020453202
   6.9770000e+01  0.10252785972953202
   6.9775000e+01  0.10002160487953202
   6.9780000e+01  0.09865469487953202
   6.9785000e+01   0.09856186410453202
   6.9790000e+01   0.09953011247953202
   6.9795000e+01   0.10119374137953202
   6.9800000e+01   0.10328683782953202
   6.9805000e+01   0.10585093267953202
   6.9810000e+01   0.10928575217953203
   6.9815000e+01   0.11418433500453203
   6.9820000e+01   0.12100337600453202
   6.9825000e+01   0.12972643450453203
   6.9830000e+01   0.13970686750453204
   6.9835000e+01   0.14979786100453205
   6.9840000e+01   0.15872999800453205
   6.9845000e+01   0.16556824925453206
   6.9850000e+01   0.17004131875453207
   6.9855000e+01   0.17260128785453208
   6.9860000e+01   0.17419884527953208
   6.9865000e+01   0.17588412310453208
   6.9870000e+01   0.17841200055453207
   6.9875000e+01   0.1820191872295321
   6.9880000e+01   0.1864542278795321
   6.9885000e+01   0.19121561667953207
   6.9890000e+01   0.19584746647953208
   6.9895000e+01   0.20011910445453207
   6.9900000e+01   0.20399644897953206
   6.9905000e+01   0.20745170112953207
   6.9910000e+01   0.21026184872953207
   6.9915000e+01   0.21194714562953207
   6.9920000e+01  0.21190473082953207
   6.9925000e+01  0.20967130475453208
   6.9930000e+01  0.20517958545453208
   6.9935000e+01  0.19888617920453208
   6.9940000e+01  0.19171817395453208
   6.9945000e+01  0.18486313570453208
   6.9950000e+01  0.1794764665795321
   6.9955000e+01  0.17639272482953208
   6.9960000e+01   0.1759133704295321
   6.9965000e+01   0.17771734887953208
   6.9970000e+01   0.18091510317953208
   6.9975000e+01   0.18424457637953207
   6.9980000e+01   0.18638152635453206
   6.9985000e+01  0.18629726885453207
   6.9990000e+01  0.18355636667953207
   6.9995000e+01  0.17844026535453206
   7.0000000e+01  0.17183870985453206
   7.0005000e+01  0.16495157360453205
   7.0010000e+01  0.15892803635453207
   7.0015000e+01  0.15458200367953207
   7.0020000e+01  0.15226163585453206
   7.0025000e+01   0.15186913719703207
   7.0030000e+01   0.15297881868953206
   7.0035000e+01   0.15499780446453207
   7.0040000e+01   0.15732676703953208
   7.0045000e+01   0.1594833580145321
   7.0050000e+01   0.1611560142395321
   7.0055000e+01   0.1621826927645321
   7.0060000e+01  0.1624948258570321
   7.0065000e+01  0.1620925964995321
   7.0070000e+01  0.1610873085495321
   7.0075000e+01  0.1597741037745321
   7.0080000e+01  0.1586465640745321
   7.0085000e+01   0.15828890744203208
   7.0090000e+01   0.1591720464345321
   7.0095000e+01   0.16146529943453208
   7.0100000e+01   0.1649831942595321
   7.0105000e+01   0.16930422745953208
   7.0110000e+01   0.17398408403453208
   7.0115000e+01   0.17872338300953208
   7.0120000e+01   0.1833861197845321
   7.0125000e+01   0.18787554338453208
   7.0130000e+01   0.1919804381845321
   7.0135000e+01   0.1953274722345321
   7.0140000e+01   0.19749307665953209
   7.0145000e+01  0.19819921170203209
   7.0150000e+01  0.1974410867195321
   7.0155000e+01  0.19543697461953208
   7.0160000e+01  0.19242602736953207
   7.0165000e+01  0.18846769916953207
   7.0170000e+01  0.18341318009453206
   7.0175000e+01  0.17710197934453206
   7.0180000e+01  0.16966497159453206
   7.0185000e+01  0.16171579684453205
   7.0190000e+01  0.15426459059453204
   7.0195000e+01  0.14836089371953204
   7.0200000e+01  0.14464873204453205
   7.0205000e+01  0.14308017141953205
   7.0210000e+01   0.14294829877453205
   7.0215000e+01   0.14322404796953206
   7.0220000e+01  0.14301871408453207
   7.0225000e+01  0.14193615295953207
   7.0230000e+01  0.14015483073453208
   7.0235000e+01  0.13824059058453209
   7.0240000e+01  0.1368339515345321
   7.0245000e+01   0.1363924397495321
   7.0250000e+01   0.1370892739395321
   7.0255000e+01   0.1388497165395321
   7.0260000e+01   0.1414394828645321
   7.0265000e+01   0.1445389489645321
   7.0270000e+01   0.1477958803645321
   7.0275000e+01   0.15087813956453208
   7.0280000e+01   0.1535249403395321
   7.0285000e+01   0.1555620689645321
   7.0290000e+01   0.1568548465145321
   7.0295000e+01  0.1572259932445321
   7.0300000e+01  0.1564152028995321
   7.0305000e+01  0.1541508078995321
   7.0310000e+01  0.1503342301495321
   7.0315000e+01  0.1452488009245321
   7.0320000e+01  0.1396570406745321
   7.0325000e+01  0.1346813376245321
   7.0330000e+01  0.1314625592745321
   7.0335000e+01   0.1307098036495321
   7.0340000e+01   0.1323301440745321
   7.0345000e+01   0.1353181646495321
   7.0350000e+01   0.1379905505495321
   7.0355000e+01  0.1385106164995321
   7.0360000e+01  0.1355229966995321
   7.0365000e+01  0.12866539202453212
   7.0370000e+01  0.11876561102453212
   7.0375000e+01  0.10764797802453212
   7.0380000e+01  0.09761236177453211
   7.0385000e+01  0.09075802492453211
   7.0390000e+01   0.08837119091803211
   7.0395000e+01   0.0905736643115321
   7.0400000e+01   0.0963494003615321
   7.0405000e+01   0.10394325836153209
   7.0410000e+01   0.11149040011153209
   7.0415000e+01   0.1176352183615321
   7.0420000e+01   0.1218917952865321
   7.0425000e+01   0.1246083977865321
   7.0430000e+01   0.1265850977615321
   7.0435000e+01   0.1285597145615321
   7.0440000e+01   0.1308297665865321
   7.0445000e+01   0.1331892668115321
   7.0450000e+01   0.1351824955865321
   7.0455000e+01   0.1365091283365321
   7.0460000e+01   0.13733971133653208
   7.0465000e+01   0.1383498149115321
   7.0470000e+01   0.1404287405865321
   7.0475000e+01   0.1441928650865321
   7.0480000e+01   0.1495472083115321
   7.0485000e+01   0.1555297553115321
   7.0490000e+01   0.1605423020365321
   7.0495000e+01   0.16288777668653212
   7.0500000e+01  0.16139397281153212
   7.0505000e+01  0.15587302426153213
   7.0510000e+01  0.14724492576153214
   7.0515000e+01  0.13729056251153215
   7.0520000e+01  0.12813311151153214
   7.0525000e+01  0.12163323866153214
   7.0530000e+01  0.11890243771153214
   7.0535000e+01   0.12008655963653214
   7.0540000e+01   0.12446542566153214
   7.0545000e+01   0.13079624866153214
   7.0550000e+01   0.13774974116153213
   7.0555000e+01   0.14427975891153214
   7.0560000e+01   0.14982331493653214
   7.0565000e+01   0.15431077703653215
   7.0570000e+01   0.15803398001153215
   7.0575000e+01   0.16144878106153215
   7.0580000e+01   0.16498074146153216
   7.0585000e+01   0.16887854306153216
   7.0590000e+01   0.17313893403653216
   7.0595000e+01   0.17751410833653217
   7.0600000e+01   0.18159953446153218
   7.0605000e+01   0.18497986616153217
   7.0610000e+01   0.18738526686153217
   7.0615000e+01   0.18879320956153217
   7.0620000e+01   0.18941861616653216
   7.0625000e+01   0.18957762205778217
   7.0630000e+01  0.18947555459153217
   7.0635000e+01  0.18902280516403216
   7.0640000e+01  0.18778581491403218
   7.0645000e+01  0.18512482293903218
   7.0650000e+01  0.18048218503903218
   7.0655000e+01  0.1737075830390322
   7.0660000e+01  0.1652727055390322
   7.0665000e+01  0.1562542400390322
   7.0670000e+01  0.1480497890390322
   7.0675000e+01  0.14191216593903222
   7.0680000e+01  0.13848968576403223
   7.0685000e+01   0.13758082249403222
   7.0690000e+01   0.13822355004903222
   7.0695000e+01   0.13908185329903222
   7.0700000e+01  0.13895258309903222
   7.0705000e+01  0.1371734957740322
   7.0710000e+01  0.1337825590990322
   7.0715000e+01  0.1294062229240322
   7.0720000e+01  0.1249655210490322
   7.0725000e+01  0.1213387440990322
   7.0730000e+01  0.1191069947740322
   7.0735000e+01   0.1184551741065322
   7.0740000e+01   0.1192280481640322
   7.0745000e+01   0.1210737412890322
   7.0750000e+01   0.1235769341890322
   7.0755000e+01   0.12631270466403222
   7.0760000e+01   0.1288242685890322
   7.0765000e+01   0.1305929534390322
   7.0770000e+01  0.13107774271903222
   7.0775000e+01  0.12984842752403222
   7.0780000e+01  0.12676066647403222
   7.0785000e+01  0.12207548312403223
   7.0790000e+01  0.11643813462403223
   7.0795000e+01  0.11069400987403223
   7.0800000e+01  0.10559995144903223
   7.0805000e+01  0.10154941867403222
   7.0810000e+01  0.09843853579903222
   7.0815000e+01  0.09574646682403222
   7.0820000e+01  0.09280579699903221
   7.0825000e+01  0.08914202234903221
   7.0830000e+01  0.0847191552490322
   7.0835000e+01  0.0799709354240322
   7.0840000e+01  0.0756070887490322
   7.0845000e+01  0.0723005790990322
   7.0850000e+01  0.07041549089903221
   7.0855000e+01   0.06989558715903221
   7.0860000e+01   0.07033259359403221
   7.0865000e+01   0.07114173006903221
   7.0870000e+01   0.0717452176890322
   7.0875000e+01  0.07170231909153221
   7.0880000e+01  0.07078034842403222
   7.0885000e+01  0.06898766029903222
   7.0890000e+01  0.06657675597403222
   7.0895000e+01  0.06399997464903222
   7.0900000e+01  0.06179568119903222
   7.0905000e+01  0.06041271567403222
   7.0910000e+01   0.06002974690153222
   7.0915000e+01   0.06045961130403222
   7.0920000e+01   0.06121329132903222
   7.0925000e+01   0.06172593146403222
   7.0930000e+01  0.06165075356153222
   7.0935000e+01  0.06106671509903222
   7.0940000e+01  0.06047144481653222
   7.0945000e+01   0.060540172209032225
   7.0950000e+01   0.061764491609032225
   7.0955000e+01   0.06416097608403222
   7.0960000e+01   0.06720920395903222
   7.0965000e+01   0.07005586753403223
   7.0970000e+01   0.07187686440903222
   7.0975000e+01  0.07220757452903222
   7.0980000e+01  0.07107995434903222
   7.0985000e+01  0.06892171219903222
   7.0990000e+01  0.06630081712403221
   7.0995000e+01  0.06366050514903221
   7.1000000e+01  0.06116177722403221
   7.1005000e+01  0.05867019089903221
   7.1010000e+01  0.055851465874032204
   7.1015000e+01  0.052310829474032206
   7.1020000e+01  0.047720358274032204
   7.1025000e+01  0.041904315024032204
   7.1030000e+01  0.0348767550240322
   7.1035000e+01  0.0268413545240322
   7.1040000e+01  0.0181677875240322
   7.1045000e+01  0.009351006774032201
   7.1050000e+01  0.0009461277740322009
   7.1055000e+01  -0.0065311589759678
   7.1060000e+01  -0.0127279424759678
   7.1065000e+01  -0.0175567592259678
   7.1070000e+01  -0.021218549800967802
   7.1075000e+01  -0.024115564300967802
   7.1080000e+01  -0.026683756225967803
   7.1085000e+01  -0.029223018800967802
   7.1090000e+01  -0.0318046690759678
   7.1095000e+01  -0.0342882803259678
   7.1100000e+01  -0.036418778350967795
   7.1105000e+01  -0.0379405703759678
   7.1110000e+01  -0.0386744581009678
   7.1115000e+01   -0.038537854225967796
   7.1120000e+01   -0.0375193583509678
   7.1125000e+01   -0.0356312837759678
   7.1130000e+01   -0.0328666383259678
   7.1135000e+01   -0.0291894153009678
   7.1140000e+01   -0.0245806099759678
   7.1145000e+01   -0.0191334832259678
   7.1150000e+01   -0.013148187975967798
   7.1155000e+01   -0.007152259975967799
   7.1160000e+01   -0.0018011256759677989
   7.1165000e+01   0.002314489674032202
   7.1170000e+01   0.004857497624032202
   7.1175000e+01   0.005821231336532203
   7.1180000e+01  0.005448755674032203
   7.1185000e+01  0.004047584849032203
   7.1190000e+01  0.001817277649032203
   7.1195000e+01  -0.0012065933509677975
   7.1200000e+01  -0.005069366750967798
   7.1205000e+01  -0.009743678500967797
   7.1210000e+01  -0.015017249250967799
   7.1215000e+01  -0.0205055085009678
   7.1220000e+01  -0.025792381750967798
   7.1225000e+01  -0.030620106675967797
   7.1230000e+01  -0.035014018400967795
   7.1235000e+01  -0.0392624340509678
   7.1240000e+01  -0.0437541716509678
   7.1245000e+01  -0.048756149650967806
   7.1250000e+01  -0.054243980900967805
   7.1255000e+01  -0.0598659631509678
   7.1260000e+01  -0.06504924407596781
   7.1265000e+01  -0.06918778452596781
   7.1270000e+01  -0.07181998417596781
   7.1275000e+01  -0.07272227175021781
   7.1280000e+01   -0.07189957022446782
   7.1285000e+01   -0.06951023539946781
   7.1290000e+01   -0.06578753184946781
   7.1295000e+01   -0.06100104814946781
   7.1300000e+01   -0.055459477649467806
   7.1305000e+01   -0.0495239368994678
   7.1310000e+01   -0.0435981518994678
   7.1315000e+01   -0.0380828523994678
   7.1320000e+01   -0.0333060286994678
   7.1325000e+01   -0.029452637699467796
   7.1330000e+01   -0.026516810524467797
   7.1335000e+01   -0.024295584149467798
   7.1340000e+01   -0.022439237324467797
   7.1345000e+01   -0.020562884999467797
   7.1350000e+01   -0.018401116074467795
   7.1355000e+01   -0.015959220774467795
   7.1360000e+01   -0.013599162174467796
   7.1365000e+01   -0.012010754174467796
   7.1370000e+01  -0.012057909574467797
   7.1375000e+01  -0.014540033624467796
   7.1380000e+01  -0.019946483999467798
   7.1385000e+01  -0.028288684999467798
   7.1390000e+01  -0.0390653794994678
   7.1395000e+01  -0.0513655982494678
   7.1400000e+01  -0.0640673277494678
   7.1405000e+01  -0.0760690979994678
   7.1410000e+01  -0.0864985057494678
   7.1415000e+01  -0.0948591732494678
   7.1420000e+01  -0.1010894522494678
   7.1425000e+01  -0.1055143660744678
   7.1430000e+01  -0.1086929264244678
   7.1435000e+01  -0.1112022671994678
   7.1440000e+01  -0.1134382903494678
   7.1445000e+01  -0.1155171798994678
   7.1450000e+01  -0.1173188493494678
   7.1455000e+01  -0.11864307322446781
   7.1460000e+01  -0.1193934753744678
   7.1465000e+01  -0.11969466350946781
   7.1470000e+01  -0.1198841430344678
   7.1475000e+01  -0.1203796951994678
   7.1480000e+01  -0.1214771947494678
   7.1485000e+01  -0.1231648977744678
   7.1490000e+01  -0.1250388196744678
   7.1495000e+01  -0.12636862022446782
   7.1500000e+01   -0.1263051951744678
   7.1505000e+01   -0.12416393924946781
   7.1510000e+01   -0.11968713644946781
   7.1515000e+01   -0.11319605794946781
   7.1520000e+01   -0.10557945719946782
   7.1525000e+01   -0.09811323494946782
   7.1530000e+01   -0.09215396547446782
   7.1535000e+01   -0.08879026544946782
   7.1540000e+01  -0.08856053342446782
   7.1545000e+01  -0.09133624394946782
   7.1550000e+01  -0.09641554444946782
   7.1555000e+01  -0.10278601769946781
   7.1560000e+01  -0.10943892269946781
   7.1565000e+01  -0.11559546719946781
   7.1570000e+01  -0.12075790282446781
   7.1575000e+01  -0.12460124124946781
   7.1580000e+01  -0.12681808334946781
   7.1585000e+01   -0.12705832912446782
   7.1590000e+01   -0.12504107099946782
   7.1595000e+01   -0.12079113064946782
   7.1600000e+01   -0.11484696664946782
   7.1605000e+01   -0.10827409839946782
   7.1610000e+01   -0.10241451789946782
   7.1615000e+01   -0.09845295784946781
   7.1620000e+01   -0.09699542603946781
   7.1625000e+01  -0.09786412970446781
   7.1630000e+01  -0.10020692657946781
   7.1635000e+01  -0.1028584763544678
   7.1640000e+01  -0.1047696970544678
   7.1645000e+01   -0.1053118885169678
   7.1650000e+01   -0.1043569173294678
   7.1655000e+01   -0.1021609862044678
   7.1660000e+01   -0.0991553241044678
   7.1665000e+01   -0.0957465934544678
   7.1670000e+01   -0.0921874517794678
   7.1675000e+01   -0.0885391453544678
   7.1680000e+01   -0.0847250779044678
   7.1685000e+01   -0.0806507900044678
   7.1690000e+01   -0.0763358804044678
   7.1695000e+01   -0.07198882835446781
   7.1700000e+01   -0.06798015880446781
   7.1705000e+01   -0.0647246209294678
   7.1710000e+01   -0.0625305843044678
   7.1715000e+01   -0.0614833761019678
   7.1720000e+01  -0.061403459201967804
   7.1725000e+01  -0.0618886508044678
   7.1730000e+01  -0.0624291601044678
   7.1735000e+01   -0.0625677608369678
   7.1740000e+01   -0.0620553634194678
   7.1745000e+01   -0.060936424019467805
   7.1750000e+01   -0.05951301671946781
   7.1755000e+01   -0.05818683761946781
   7.1760000e+01   -0.05724009006946781
   7.1765000e+01   -0.05665302354446781
   7.1770000e+01   -0.056047677844467805
   7.1775000e+01   -0.05479857909446781
   7.1780000e+01   -0.052281657869467806
   7.1785000e+01   -0.048167449444467804
   7.1790000e+01   -0.042629680419467804
   7.1795000e+01   -0.036358084919467806
   7.1800000e+01   -0.030341021419467807
   7.1805000e+01   -0.02549470854446781
   7.1810000e+01   -0.02230684566946781
   7.1815000e+01   -0.02067400216946781
   7.1820000e+01   -0.020022283409467812
   7.1825000e+01   -0.019650428511967813
   7.1830000e+01   -0.01911246614946781
   7.1835000e+01   -0.01844328344946781
   7.1840000e+01  -0.01813442640471781
   7.1845000e+01  -0.01891402840996781
   7.1850000e+01  -0.02147026483496781
   7.1855000e+01  -0.02623518968496781
   7.1860000e+01  -0.03326119843496781
   7.1865000e+01  -0.04216431143496781
   7.1870000e+01  -0.052121184934967806
   7.1875000e+01  -0.061953452184967804
   7.1880000e+01  -0.0703417251849678
   7.1885000e+01  -0.0761511487349678
   7.1890000e+01  -0.0787614516099678
   7.1895000e+01   -0.07825222308496779
   7.1900000e+01   -0.0753428574599678
   7.1905000e+01   -0.07110350590996779
   7.1910000e+01   -0.0665676055599678
   7.1915000e+01   -0.062420686434967794
   7.1920000e+01   -0.0588920068099678
   7.1925000e+01   -0.0558654836099678
   7.1930000e+01   -0.0531152738849678
   7.1935000e+01   -0.0505180769849678
   7.1940000e+01   -0.048126225534967794
   7.1945000e+01   -0.04608265400996779
   7.1950000e+01   -0.04446064065996779
   7.1955000e+01   -0.04315283365996779
   7.1960000e+01   -0.04188985963496779
   7.1965000e+01   -0.040372024884967786
   7.1970000e+01   -0.03841719790996779
   7.1975000e+01   -0.03601935733496779
   7.1980000e+01   -0.03327971230996779
   7.1985000e+01   -0.03026809115996779
   7.1990000e+01   -0.02693007125996779
   7.1995000e+01   -0.02313297245996779
   7.2000000e+01   -0.01885064010996779
   7.2005000e+01   -0.01438005688496779
   7.2010000e+01   -0.01043365440996779
   7.2015000e+01   -0.007999377634967789
   7.2020000e+01  -0.007985076159967788
   7.2025000e+01  -0.010793576784967788
   7.2030000e+01  -0.01603299883496779
   7.2035000e+01  -0.022517944084967788
   7.2040000e+01  -0.02858622583496779
   7.2045000e+01  -0.03261199943496779
   7.2050000e+01   -0.03351318078496779
   7.2055000e+01   -0.03106659923496779
   7.2060000e+01   -0.02594075093496779
   7.2065000e+01   -0.01947363718496779
   7.2070000e+01   -0.01329969268496779
   7.2075000e+01   -0.008940095959967788
   7.2080000e+01  -0.007438246934967788
   7.2085000e+01  -0.009092567459967787
   7.2090000e+01  -0.013336943034967786
   7.2095000e+01  -0.018826815784967785
   7.2100000e+01  -0.023763966859967785
   7.2105000e+01  -0.026414338834967785
   7.2110000e+01   -0.025671106134967786
   7.2115000e+01   -0.021456517034967787
   7.2120000e+01   -0.014793731034967787
   7.2125000e+01   -0.007507922534967787
   7.2130000e+01   -0.001668612534967787
   7.2135000e+01   0.0010180582650322133
   7.2140000e+01  -0.0003401170349677867
   7.2145000e+01  -0.0056518211349677865
   7.2150000e+01  -0.013964651384967787
   7.2155000e+01  -0.02379897163496779
   7.2160000e+01  -0.03356637763496779
   7.2165000e+01  -0.04194510413496779
   7.2170000e+01  -0.048117874659967794
   7.2175000e+01  -0.051832369859967795
   7.2180000e+01  -0.053306894224967795
   7.2185000e+01   -0.053054296389967795
   7.2190000e+01   -0.051712571164967795
   7.2195000e+01   -0.0499398619149678
   7.2200000e+01   -0.048372374964967796
   7.2205000e+01   -0.04759650532996779
   7.2210000e+01  -0.0480839348199678
   7.2215000e+01  -0.0500781184449678
   7.2220000e+01  -0.053469436944967794
   7.2225000e+01  -0.05772114676996779
   7.2230000e+01  -0.06189905024496779
   7.2235000e+01  -0.0648253879449678
   7.2240000e+01   -0.0653376259449678
   7.2245000e+01   -0.0625970470949678
   7.2250000e+01   -0.0563684996949678
   7.2255000e+01   -0.0471878031949678
   7.2260000e+01   -0.0363501289449678
   7.2265000e+01   -0.0256899179449678
   7.2270000e+01   -0.017176985944967804
   7.2275000e+01   -0.012417049219967804
   7.2280000e+01  -0.012200099819967804
   7.2285000e+01  -0.016256657894967805
   7.2290000e+01  -0.023332199644967806
   7.2295000e+01  -0.03157568614496781
   7.2300000e+01  -0.03910594639496781
   7.2305000e+01  -0.04454260296996781
   7.2310000e+01  -0.04731511726996781
   7.2315000e+01   -0.04767713991996781
   7.2320000e+01   -0.04647967516996781
   7.2325000e+01   -0.04482411116996781
   7.2330000e+01   -0.04371075356996781
   7.2335000e+01  -0.04376053969496781
   7.2340000e+01  -0.0450599127449678
   7.2345000e+01  -0.047164616194967805
   7.2350000e+01  -0.04927121186996781
   7.2355000e+01  -0.05051196206996781
   7.2360000e+01   -0.05027145486996781
   7.2365000e+01   -0.04840136924496781
   7.2370000e+01   -0.04524503416996781
   7.2375000e+01   -0.04146390661996781
   7.2380000e+01   -0.037747036969967805
   7.2385000e+01   -0.034540213619967806
   7.2390000e+01   -0.031924116819967804
   7.2395000e+01   -0.029696718244967803
   7.2400000e+01   -0.027605386594967803
   7.2405000e+01   -0.025587578269967805
   7.2410000e+01   -0.023871405894967803
   7.2415000e+01   -0.022870773619967803
   7.2420000e+01  -0.022935565144967803
   7.2425000e+01  -0.024105534544967805
   7.2430000e+01  -0.026012150144967806
   7.2435000e+01  -0.027983692344967805
   7.2440000e+01  -0.029295933094967804
   7.2445000e+01   -0.029441175544967804
   7.2450000e+01   -0.028293960569967802
   7.2455000e+01   -0.0261162247699678
   7.2460000e+01   -0.0234236622449678
   7.2465000e+01   -0.0207871564199678
   7.2470000e+01   -0.0186515714449678
   7.2475000e+01   -0.0172280510699678
   7.2480000e+01   -0.0164773265324678
   7.2485000e+01   -0.0161699073299678
   7.2490000e+01   -0.0159924271824678
   7.2495000e+01   -0.0156649089474678
   7.2500000e+01   -0.015035180994967801
   7.2505000e+01   -0.014122590819967801
   7.2510000e+01   -0.013097008644967802
   7.2515000e+01   -0.012202359894967802
   7.2520000e+01   -0.011659299207467803
   7.2525000e+01  -0.011594551987467804
   7.2530000e+01  -0.012032853404967804
   7.2535000e+01  -0.012952903029967804
   7.2540000e+01  -0.014369573429967804
   7.2545000e+01  -0.016385735954967805
   7.2550000e+01  -0.019172446629967806
   7.2555000e+01  -0.022877169879967806
   7.2560000e+01  -0.027500663229967807
   7.2565000e+01  -0.032800950479967804
   7.2570000e+01  -0.038272062229967804
   7.2575000e+01  -0.043216786779967806
   7.2580000e+01  -0.04690048340496781
   7.2585000e+01  -0.048745129054967806
   7.2590000e+01   -0.04850409987996781
   7.2595000e+01   -0.04635595222996781
   7.2600000e+01   -0.04287619262996781
   7.2605000e+01   -0.03888634947996781
   7.2610000e+01   -0.03522397852996781
   7.2615000e+01   -0.03250745277996781
   7.2620000e+01   -0.030975897504967813
   7.2625000e+01   -0.030466416302467814
   7.2630000e+01  -0.030548699134967813
   7.2635000e+01  -0.030775239477467815
   7.2640000e+01  -0.030942518042467816
   7.2645000e+01  -0.031231809119967816
   7.2650000e+01  -0.032141244489967816
   7.2655000e+01  -0.034227104614967814
   7.2660000e+01  -0.037783385089967814
   7.2665000e+01  -0.042629512714967815
   7.2670000e+01  -0.04811558396496782
   7.2675000e+01  -0.053333912014967816
   7.2680000e+01  -0.05742527568996782
   7.2685000e+01  -0.059843769089967816
   7.2690000e+01   -0.06049126927996781
   7.2695000e+01   -0.05970428146996781
   7.2700000e+01   -0.05812633339496781
   7.2705000e+01   -0.05651343094496781
   7.2710000e+01   -0.05551434689496781
   7.2715000e+01  -0.055465846294967806
   7.2720000e+01  -0.056253178744967804
   7.2725000e+01  -0.0572926890699678
   7.2730000e+01   -0.0576733684449678
   7.2735000e+01   -0.056441902644967804
   7.2740000e+01   -0.052952178569967805
   7.2745000e+01   -0.047159397694967804
   7.2750000e+01   -0.039745176694967806
   7.2755000e+01   -0.03201303644496781
   7.2760000e+01   -0.02557089544496781
   7.2765000e+01   -0.02188871054496781
   7.2770000e+01  -0.02186331551996781
   7.2775000e+01  -0.025528591644967808
   7.2780000e+01  -0.03201369464496781
   7.2785000e+01  -0.03977780389496781
   7.2790000e+01  -0.047054728144967806
   7.2795000e+01  -0.052361442019967806
   7.2800000e+01  -0.054900408894967806
   7.2805000e+01   -0.054730712669967804
   7.2810000e+01   -0.052674274444967806
   7.2815000e+01   -0.050015267244967805
   7.2820000e+01   -0.0481059501449678
   7.2825000e+01  -0.0480002189199678
   7.2830000e+01  -0.0502088289449678
   7.2835000e+01  -0.054624594044967806
   7.2840000e+01  -0.060615655544967804
   7.2845000e+01  -0.0672417090449678
   7.2850000e+01  -0.0735216542949678
   7.2855000e+01  -0.07867572034496781
   7.2860000e+01  -0.08227858174496781
   7.2865000e+01  -0.08428820389496781
   7.2870000e+01  -0.08495397111246782
   7.2875000e+01   -0.08464894967996782
   7.2880000e+01   -0.08370039505496782
   7.2885000e+01   -0.08229409462996781
   7.2890000e+01   -0.08049472712996782
   7.2895000e+01   -0.07836545205496781
   7.2900000e+01   -0.0761124223549678
   7.2905000e+01   -0.07415832812996781
   7.2910000e+01   -0.0730830956599678
   7.2915000e+01  -0.0734441063149678
   7.2920000e+01  -0.07555696281496779
   7.2925000e+01  -0.0793377698899678
   7.2930000e+01  -0.0842720535899678
   7.2935000e+01  -0.0895148203399678
   7.2940000e+01  -0.0940806702399678
   7.2945000e+01  -0.0970700137899678
   7.2950000e+01   -0.0978859274699678
   7.2955000e+01   -0.0964034714249678
   7.2960000e+01   -0.0930500152749678
   7.2965000e+01   -0.0887544058499678
   7.2970000e+01   -0.0847456160999678
   7.2975000e+01   -0.0822317561749678
   7.2980000e+01  -0.08204568574996779
   7.2985000e+01  -0.08437176027496779
   7.2990000e+01  -0.08865154119996779
   7.2995000e+01  -0.0937100281999678
   7.3000000e+01  -0.0980696882499678
   7.3005000e+01  -0.1003551046749678
   7.3010000e+01   -0.0996628315249678
   7.3015000e+01   -0.0957920499999678
   7.3020000e+01   -0.0892889444999678
   7.3025000e+01   -0.0813164132499678
   7.3030000e+01   -0.0733906834999678
   7.3035000e+01   -0.0670293417499678
   7.3040000e+01   -0.0633612091499678
   7.3045000e+01  -0.0627797482249678
   7.3050000e+01  -0.06475971782496781
   7.3055000e+01  -0.06794967777496781
   7.3060000e+01  -0.0705649057249678
   7.3065000e+01   -0.0709642381499678
   7.3070000e+01   -0.0681861195499678
   7.3075000e+01   -0.0622233559499678
   7.3080000e+01   -0.0539386081999678
   7.3085000e+01   -0.0446887169499678
   7.3090000e+01   -0.0358396601999678
   7.3095000e+01   -0.028367033449967802
   7.3100000e+01   -0.022667947949967803
   7.3105000e+01   -0.018611558374967804
   7.3110000e+01   -0.015771092399967802
   7.3115000e+01   -0.013729793124967802
   7.3120000e+01   -0.012339818074967802
   7.3125000e+01  -0.011834976205467801
   7.3130000e+01  -0.012750421060967802
   7.3135000e+01  -0.015673746260967802
   7.3140000e+01  -0.020921937660967803
   7.3145000e+01  -0.028280214410967803
   7.3150000e+01  -0.036927998410967805
   7.3155000e+01  -0.045608631160967805
   7.3160000e+01  -0.052996454910967807
   7.3165000e+01  -0.05812366466096781
   7.3170000e+01  -0.060695788435967804
   7.3175000e+01   -0.061168112228467804
   7.3180000e+01   -0.060555929870967806
   7.3185000e+01   -0.06005948963346781
   7.3190000e+01  -0.060648440720967804
   7.3195000e+01  -0.0627472949709678
   7.3200000e+01  -0.0661089886209678
   7.3205000e+01  -0.0698957032959678
   7.3210000e+01  -0.0729329166459678
   7.3215000e+01   -0.0740671081284678
   7.3220000e+01   -0.07252974873596779
   7.3225000e+01   -0.0681922086359678
   7.3230000e+01   -0.061609542885967795
   7.3235000e+01   -0.053815328135967795
   7.3240000e+01   -0.0459323978859678
   7.3245000e+01   -0.0387558401359678
   7.3250000e+01   -0.0324888321359678
   7.3255000e+01   -0.026747413885967804
   7.3260000e+01   -0.020826633635967803
   7.3265000e+01   -0.014099223135967804
   7.3270000e+01   -0.006358368385967805
   7.3275000e+01   0.002052884114032194
   7.3280000e+01   0.010376162614032194
   7.3285000e+01   0.017757621864032194
   7.3290000e+01   0.023589936489032196
   7.3295000e+01   0.027715776339032196
   7.3300000e+01   0.030414061639032194
   7.3305000e+01   0.032201597589032196
   7.3310000e+01   0.0335647538890322
   7.3315000e+01   0.0347543132640322
   7.3320000e+01   0.0357322295390322
   7.3325000e+01   0.0362788466315322
   7.3330000e+01  0.036190975804032195
   7.3335000e+01  0.03545942893403219
   7.3340000e+01  0.034327744634032195
   7.3345000e+01  0.0331963866590322
   7.3350000e+01  0.032418987934032195
   7.3355000e+01  0.03209703230903219
   7.3360000e+01  0.03198307141653219
   7.3365000e+01  0.031546686324032194
   7.3370000e+01  0.030174803174032195
   7.3375000e+01  0.027417679774032196
   7.3380000e+01  0.023183478274032197
   7.3385000e+01  0.017818376324032197
   7.3390000e+01  0.012053470074032197
   7.3395000e+01  0.006833203424032197
   7.3400000e+01  0.003065857749032197
   7.3405000e+01  0.0013629210490321967
   7.3410000e+01   0.0018514890990321965
   7.3415000e+01   0.004130796899032197
   7.3420000e+01   0.007394424974032197
   7.3425000e+01   0.010676435349032197
   7.3430000e+01   0.013136107474032196
   7.3435000e+01   0.014288383794032196
   7.3440000e+01  0.014109364064032195
   7.3445000e+01  0.012986273639032195
   7.3450000e+01  0.011532538839032195
   7.3455000e+01  0.010340449739032195
   7.3460000e+01  0.009773007941532194
   7.3465000e+01   0.009879578009032195
   7.3470000e+01   0.010458538474032195
   7.3475000e+01   0.011217457824032195
   7.3480000e+01   0.011939053424032195
   7.3485000e+01   0.012569138699032194
   7.3490000e+01   0.013189808399032193
   7.3495000e+01   0.013900174399032194
   7.3500000e+01   0.014673086849032194
   7.3505000e+01   0.015271871929032194
   7.3510000e+01  0.015285480081532195
   7.3515000e+01  0.014277798179032195
   7.3520000e+01  0.011977177079032194
   7.3525000e+01  0.008401454154032194
   7.3530000e+01  0.003848741729032194
   7.3535000e+01  -0.0012364022459678053
   7.3540000e+01  -0.006444576995967806
   7.3545000e+01  -0.011542203745967806
   7.3550000e+01  -0.016521346920967805
   7.3555000e+01  -0.021559208345967806
   7.3560000e+01  -0.026918231345967807
   7.3565000e+01  -0.0328260415959678
   7.3570000e+01  -0.0393731430959678
   7.3575000e+01  -0.0464594408459678
   7.3580000e+01  -0.0538033528459678
   7.3585000e+01  -0.0610019805959678
   7.3590000e+01  -0.0676128270959678
   7.3595000e+01  -0.0732299393459678
   7.3600000e+01  -0.0775450081459678
   7.3605000e+01  -0.08039764997096781
   7.3610000e+01  -0.08181549734596781
   7.3615000e+01   -0.08203031032596782
   7.3620000e+01   -0.08145035738096781
   7.3625000e+01   -0.08058332093096782
   7.3630000e+01   -0.07992866685846782
   7.3635000e+01  -0.07987225812596782
   7.3640000e+01  -0.08060805876596783
   7.3645000e+01  -0.08209427684096783
   7.3650000e+01  -0.08404561944096783
   7.3655000e+01  -0.08597348471596783
   7.3660000e+01  -0.08729134151596783
   7.3665000e+01   -0.08748179201096783
   7.3670000e+01   -0.08628083048096782
   7.3675000e+01   -0.08380609248096782
   7.3680000e+01   -0.08056780535596782
   7.3685000e+01   -0.07735053123096781
   7.3690000e+01   -0.07500945848096781
   7.3695000e+01  -0.07425520181346781
   7.3700000e+01  -0.07549561264596781
   7.3705000e+01  -0.07877293889596781
   7.3710000e+01  -0.08379762344596782
   7.3715000e+01  -0.09004990544596782
   7.3720000e+01  -0.09690533769596782
   7.3725000e+01  -0.10374407094596783
   7.3730000e+01  -0.11002380994596783
   7.3735000e+01  -0.11532149152096784
   7.3740000e+01  -0.11936238159596783
   7.3745000e+01  -0.12204714159596783
   7.3750000e+01  -0.12346523474596782
   7.3755000e+01   -0.12387017503296782
   7.3760000e+01   -0.12360680309496783
   7.3765000e+01   -0.12301475676996783
   7.3770000e+01   -0.12235405789496782
   7.3775000e+01   -0.12178380060996782
   7.3780000e+01   -0.12138341544746782
   7.3785000e+01   -0.12117563023246782
   7.3790000e+01  -0.12111973367344532
   7.3795000e+01   -0.12108419316442282
   7.3800000e+01   -0.12084104769192282
   7.3805000e+01   -0.12011891383192282
   7.3810000e+01   -0.11870910243192281
   7.3815000e+01   -0.11657366408192281
   7.3820000e+01   -0.11389161758192282
   7.3825000e+01   -0.11101074025692281
   7.3830000e+01   -0.10832480325692281
   7.3835000e+01   -0.10613405128192281
   7.3840000e+01   -0.10454902955692282
   7.3845000e+01   -0.10347167710692282
   7.3850000e+01   -0.10265528910692281
   7.3855000e+01   -0.10182044885692282
   7.3860000e+01   -0.10078551683192281
   7.3865000e+01   -0.09955605723192282
   7.3870000e+01   -0.09832103788192281
   7.3875000e+01   -0.09734131870692281
   7.3880000e+01   -0.09677918194442281
   7.3885000e+01   -0.0965654099219228
   7.3890000e+01   -0.0963906389719228
   7.3895000e+01   -0.09583823258192281
   7.3900000e+01   -0.09459144665692282
   7.3905000e+01   -0.09260470578192281
   7.3910000e+01   -0.09015227220692282
   7.3915000e+01   -0.08773681205692281
   7.3920000e+01   -0.08591002950692281
   7.3925000e+01   -0.0850898946369228
   7.3930000e+01  -0.0854437335169228
   7.3935000e+01  -0.08686150796692281
   7.3940000e+01  -0.0890009944669228
   7.3945000e+01  -0.0913706177669228
   7.3950000e+01  -0.0934262759419228
   7.3955000e+01  -0.0946737666669228
   7.3960000e+01   -0.0947675904419228
   7.3965000e+01   -0.0935817985169228
   7.3970000e+01   -0.09122110771692281
   7.3975000e+01   -0.08795841516692281
   7.3980000e+01   -0.0841216300669228
   7.3985000e+01   -0.0799825487169228
   7.3990000e+01   -0.0757007395919228
   7.3995000e+01   -0.0713442612169228
   7.4000000e+01   -0.0669650106919228
   7.4005000e+01   -0.0626753546669228
   7.4010000e+01   -0.0586728135919228
   7.4015000e+01   -0.0551920555919228
   7.4020000e+01   -0.052410289616922796
   7.4025000e+01   -0.050365020791922795
   7.4030000e+01   -0.048940144941922795
   7.4035000e+01   -0.0479366635669228
   7.4040000e+01   -0.0471906937919228
   7.4045000e+01   -0.046668305681922796
   7.4050000e+01  -0.0464787734076728
   7.4055000e+01  -0.0468011697684228
   7.4060000e+01  -0.0477786155934228
   7.4065000e+01  -0.0494548829684228
   7.4070000e+01  -0.0517901292934228
   7.4075000e+01  -0.054723692843422794
   7.4080000e+01  -0.058208893768422795
   7.4085000e+01  -0.0621669535434228
   7.4090000e+01  -0.06637996066842279
   7.4095000e+01  -0.07040731354342279
   7.4100000e+01  -0.07361177364342279
   7.4105000e+01  -0.0753155142684228
   7.4110000e+01   -0.0750213187684228
   7.4115000e+01   -0.0725901954934228
   7.4120000e+01   -0.0682912343684228
   7.4125000e+01   -0.0627098888684228
   7.4130000e+01   -0.056567719868422794
   7.4135000e+01   -0.050532853868422795
   7.4140000e+01   -0.045083307618422795
   7.4145000e+01   -0.040448617143422794
   7.4150000e+01   -0.036623897218422796
   7.4155000e+01   -0.0334338296184228
   7.4160000e+01   -0.030618598418422797
   7.4165000e+01   -0.027915552243422796
   7.4170000e+01   -0.025119503418422794
   7.4175000e+01   -0.022118529368422794
   7.4180000e+01   -0.018911729468422792
   7.4185000e+01   -0.015613199493422793
   7.4190000e+01   -0.012437586643422793
   7.4195000e+01   -0.009660590743422792
   7.4200000e+01   -0.007558303243422792
   7.4205000e+01   -0.006342032268422792
   7.4210000e+01  -0.006106364390922792
   7.4215000e+01  -0.006797553013422792
   7.4220000e+01  -0.008200611363422792
   7.4225000e+01  -0.009946921988422792
   7.4230000e+01  -0.011553405188422792
   7.4235000e+01  -0.012503443603422792
   7.4240000e+01   -0.012362044243422791
   7.4245000e+01   -0.010894265943422791
   7.4250000e+01   -0.00814530991842279
   7.4255000e+01   -0.0044509096684227905
   7.4260000e+01   -0.0003693214934227902
   7.4265000e+01   0.00345235510657721
   7.4270000e+01   0.00644935340657721
   7.4275000e+01   0.00830603685657721
   7.4280000e+01   0.009064436731577209
   7.4285000e+01  0.00912284495657721
   7.4290000e+01   0.00910402866657721
   7.4295000e+01   0.00962958275157721
   7.4300000e+01   0.011090192351577209
   7.4305000e+01   0.013513666626577209
   7.4310000e+01   0.01658858197657721
   7.4315000e+01   0.01982389457657721
   7.4320000e+01   0.022759068601577212
   7.4325000e+01   0.02512120945157721
   7.4330000e+01   0.026861290651577212
   7.4335000e+01   0.028068089551577212
   7.4340000e+01   0.028820527876577212
   7.4345000e+01  0.029066268821827213
   7.4350000e+01  0.028594536567077212
   7.4355000e+01  0.027116793192077212
   7.4360000e+01  0.024411402642077213
   7.4365000e+01  0.020459065017077213
   7.4370000e+01  0.015506595817077213
   7.4375000e+01  0.010035062817077212
   7.4380000e+01  0.004649578817077212
   7.4385000e+01  -6.725390792278792e-5
   7.4390000e+01  -0.003692910132922788
   7.4395000e+01  -0.006059238457922788
   7.4400000e+01  -0.007284987807922788
   7.4405000e+01  -0.007742820915422788
   7.4410000e+01  -0.007969362942922787
   7.4415000e+01  -0.008536383387922787
   7.4420000e+01  -0.009907406812922787
   7.4425000e+01  -0.012306985612922787
   7.4430000e+01  -0.015630438237922786
   7.4435000e+01  -0.019419413237922786
   7.4440000e+01  -0.022919874212922787
   7.4445000e+01  -0.025221218962922787
   7.4450000e+01   -0.02545084233792279
   7.4455000e+01   -0.022976772087922787
   7.4460000e+01   -0.017563484737922786
   7.4465000e+01   -0.009438729737922785
   7.4470000e+01   0.0007424915120772153
   7.4475000e+01   0.012020753512077214
   7.4480000e+01   0.023308900512077214
   7.4485000e+01   0.03358982751207722
   7.4490000e+01   0.042109304262077214
   7.4495000e+01   0.04853547126207722
   7.4500000e+01   0.05304242701207722
   7.4505000e+01   0.05626811841207722
   7.4510000e+01   0.059122599812077216
   7.4515000e+01   0.062485501887077216
   7.4520000e+01   0.06689839796207722
   7.4525000e+01   0.07237967346207722
   7.4530000e+01   0.07844229096207722
   7.4535000e+01   0.08430232021207722
   7.4540000e+01   0.08918291626207722
   7.4545000e+01   0.09258866618707723
   7.4550000e+01   0.09445432843707723
   7.4555000e+01   0.09513252148957722
   7.4560000e+01   0.09524354857510223
   7.4565000e+01   0.09544915805312723
   7.4570000e+01   0.09622882649812724
   7.4575000e+01   0.09773472949812724
   7.4580000e+01   0.09977845252312724
   7.4585000e+01   0.10195742954812724
   7.4590000e+01   0.10387221487312724
   7.4595000e+01   0.10534139634812724
   7.4600000e+01   0.10651514934812724
   7.4605000e+01   0.10782985892312724
   7.4610000e+01   0.10981812897312725
   7.4615000e+01   0.11285666027312724
   7.4620000e+01   0.11696538922312724
   7.4625000e+01   0.12174942537312725
   7.4630000e+01   0.12651110897312726
   7.4635000e+01   0.13048376109812726
   7.4640000e+01   0.13308711992312727
   7.4645000e+01   0.13410064461312726
   7.4650000e+01  0.13369536015312727
   7.4655000e+01  0.13233387075312728
   7.4660000e+01  0.13060400590312726
   7.4665000e+01  0.12906434147812726
   7.4670000e+01  0.12814797675312725
   7.4675000e+01   0.12812339163562725
   7.4680000e+01   0.12908473306812726
   7.4685000e+01   0.13095280651812727
   7.4690000e+01   0.13349397296812726
   7.4695000e+01   0.13637559389312726
   7.4700000e+01   0.13925939379312727
   7.4705000e+01   0.14190325491812728
   7.4710000e+01   0.14422642886812728
   7.4715000e+01   0.14630909569312728
   7.4720000e+01   0.14833453176812728
   7.4725000e+01   0.15051354661812727
   7.4730000e+01   0.15303365461812726
   7.4735000e+01   0.15604880699312726
   7.4740000e+01   0.15969072379312726
   7.4745000e+01   0.16406720429312727
   7.4750000e+01   0.16922842251812725
   7.4755000e+01   0.17511615251812726
   7.4760000e+01   0.18153490951812726
   7.4765000e+01   0.18817754976812726
   7.4770000e+01   0.19470466401812725
   7.4775000e+01   0.20084146551812726
   7.4780000e+01   0.20644291676812726
   7.4785000e+01   0.21149511696812726
   7.4790000e+01   0.21605575774312727
   7.4795000e+01   0.22016773076812726
   7.4800000e+01   0.22379267144312726
   7.4805000e+01   0.22680177819312725
   7.4810000e+01   0.22903438966812725
   7.4815000e+01   0.23039982654312724
   7.4820000e+01   0.23096914304062724
   7.4825000e+01  0.23099830169812724
   7.4830000e+01  0.23085317168312725
   7.4835000e+01   0.23085920972812723
   7.4840000e+01   0.23114431993562723
   7.4845000e+01   0.23155229456562723
   7.4850000e+01  0.23167010604562724
   7.4855000e+01  0.23095666798312725
   7.4860000e+01  0.22891588168312726
   7.4865000e+01  0.22524460650812728
   7.4870000e+01  0.21990763865812726
   7.4875000e+01  0.21313065465812725
   7.4880000e+01  0.20533609965812724
   7.4885000e+01  0.19705990215812724
   7.4890000e+01  0.18887626890812725
   7.4895000e+01  0.18133521165812724
   7.4900000e+01  0.17490064890812723
   7.4905000e+01  0.16987887978312724
   7.4910000e+01  0.16634790855812723
   7.4915000e+01  0.16412297830812722
   7.4920000e+01  0.16280064368312722
   7.4925000e+01  0.1618975551581272
   7.4930000e+01  0.1610475806331272
   7.4935000e+01  0.16017307375812723
   7.4940000e+01  0.15953982556312724
   7.4945000e+01   0.15965382556812724
   7.4950000e+01   0.16103704756812723
   7.4955000e+01   0.16398250764312722
   7.4960000e+01   0.16839923051812722
   7.4965000e+01   0.17381140576812723
   7.4970000e+01   0.17950068226812724
   7.4975000e+01   0.18471757781812723
   7.4980000e+01   0.18886882649312722
   7.4985000e+01   0.19161671016812723
   7.4990000e+01   0.19288069019312723
   7.4995000e+01  0.19277642214312724
   7.5000000e+01  0.19153969029312723
   7.5005000e+01  0.18946427819312722
   7.5010000e+01  0.1868534984681272
   7.5015000e+01  0.1839681106431272
   7.5020000e+01  0.1809599301681272
   7.5025000e+01  0.17780449011812718
   7.5030000e+01  0.17426896694312718
   7.5035000e+01  0.1699536378181272
   7.5040000e+01  0.1644187744181272
   7.5045000e+01  0.1573652811681272
   7.5050000e+01  0.1488015086681272
   7.5055000e+01  0.1391232666681272
   7.5060000e+01  0.12906396141812718
   7.5065000e+01  0.11952181941812717
   7.5070000e+01  0.11131854891812717
   7.5075000e+01  0.10497141266812718
   7.5080000e+01  0.10056023466812718
   7.5085000e+01  0.09774043144312718
   7.5090000e+01  0.09589921546812717
   7.5095000e+01  0.09439409554312717
   7.5100000e+01  0.09277849889312717
   7.5105000e+01  0.09092826209312717
   7.5110000e+01  0.08903081684312716
   7.5115000e+01  0.08745978131812716
   7.5120000e+01  0.08660013167562716
   7.5125000e+01   0.08669588263312716
   7.5130000e+01   0.08776720790812717
   7.5135000e+01   0.08960661608312717
   7.5140000e+01   0.09183588000812717
   7.5145000e+01   0.09399743155812718
   7.5150000e+01   0.09565956863312718
   7.5155000e+01   0.09651868749062717
   7.5160000e+01  0.09647579126312716
   7.5165000e+01  0.09565774135312717
   7.5170000e+01  0.09436355825312717
   7.5175000e+01  0.09294795052812717
   7.5180000e+01  0.09169035967812716
   7.5185000e+01  0.09070973072812716
   7.5190000e+01  0.08996012530312716
   7.5195000e+01  0.08929630400312716
   7.5200000e+01  0.08856302280312715
   7.5205000e+01  0.08765792185312715
   7.5210000e+01  0.08654268565312716
   7.5215000e+01  0.08521132005312716
   7.5220000e+01  0.08364735962812717
   7.5225000e+01  0.08180237400312716
   7.5230000e+01  0.07960869255312716
   7.5235000e+01  0.07701442412812716
   7.5240000e+01  0.07401643485312716
   7.5245000e+01  0.07067462540312716
   7.5250000e+01  0.06710940262812716
   7.5255000e+01  0.06349534725312717
   7.5260000e+01  0.060056986078127164
   7.5265000e+01  0.05705487942812716
   7.5270000e+01  0.054742147178127164
   7.5275000e+01  0.053287140453127164
   7.5280000e+01  0.05268956756062716
   7.5285000e+01   0.05273890691312716
   7.5290000e+01   0.05305239031312716
   7.5295000e+01  0.05318690663312716
   7.5300000e+01  0.05277318379812716
   7.5305000e+01  0.05160570157312716
   7.5310000e+01  0.049650674923127164
   7.5315000e+01  0.04698715792312717
   7.5320000e+01  0.043735072673127165
   7.5325000e+01  0.04002222317312717
   7.5330000e+01  0.03600379179812717
   7.5335000e+01  0.03190129929812717
   7.5340000e+01  0.02800611464812717
   7.5345000e+01  0.02461118302312717
   7.5350000e+01  0.021884085523127168
   7.5355000e+01  0.019744478073127167
   7.5360000e+01  0.017824841873127165
   7.5365000e+01  0.015558980273127165
   7.5370000e+01  0.012374146173127164
   7.5375000e+01  0.007902075373127164
   7.5380000e+01  0.0021114128731271643
   7.5385000e+01  -0.004692603126872835
   7.5390000e+01  -0.011985863126872835
   7.5395000e+01  -0.019194871376872834
   7.5400000e+01  -0.025846948376872833
   7.5405000e+01  -0.031659559626872835
   7.5410000e+01  -0.036561133126872834
   7.5415000e+01  -0.040653529726872834
   7.5420000e+01  -0.04413131950187283
   7.5425000e+01  -0.04717951200187283
   7.5430000e+01  -0.04988293590187283
   7.5435000e+01  -0.05218496032687283
   7.5440000e+01  -0.05391807567687283
   7.5445000e+01  -0.05489661820187283
   7.5450000e+01   -0.055029995441872835
   7.5455000e+01   -0.054401668431872836
   7.5460000e+01   -0.05327235228187284
   7.5465000e+01   -0.051999527806872836
   7.5470000e+01   -0.050904803931872834
   7.5475000e+01   -0.050148183606872836
   7.5480000e+01   -0.049668700629372835
   7.5485000e+01   -0.049219793451872836
   7.5490000e+01   -0.04847891992687284
   7.5495000e+01   -0.04717304472687284
   7.5500000e+01   -0.04516005802687284
   7.5505000e+01   -0.04244139087687284
   7.5510000e+01   -0.03912582730187284
   7.5515000e+01   -0.03538581785187284
   7.5520000e+01   -0.03143420565187284
   7.5525000e+01   -0.02751833107687284
   7.5530000e+01   -0.02390733647687284
   7.5535000e+01   -0.020851621326872842
   7.5540000e+01   -0.018514952451872842
   7.5545000e+01   -0.016903072826872843
   7.5550000e+01   -0.01582365592687284
   7.5555000e+01   -0.01490604362687284
   7.5560000e+01   -0.013688811551872841
   7.5565000e+01   -0.011757465201872841
   7.5570000e+01   -0.008893462251872842
   7.5575000e+01   -0.005186667701872842
   7.5580000e+01   -0.0010687407768728415
   7.5585000e+01   0.0027567991981271582
   7.5590000e+01   0.005484097523127158
   7.5595000e+01  0.006436625970627158
   7.5600000e+01  0.005291913693127159
   7.5605000e+01  0.0022152186431271584
   7.5610000e+01  -0.0021640193818728416
   7.5615000e+01  -0.006943333106872842
   7.5620000e+01  -0.011242387081872841
   7.5625000e+01  -0.014485700931872842
   7.5630000e+01  -0.016558764881872842
   7.5635000e+01  -0.017782521431872842
   7.5640000e+01  -0.01873371438187284
   7.5645000e+01  -0.02000003608187284
   7.5650000e+01  -0.02197296735687284
   7.5655000e+01  -0.02475002393187284
   7.5660000e+01  -0.02816344503187284
   7.5665000e+01  -0.03190010110687284
   7.5670000e+01  -0.035647204831872836
   7.5675000e+01  -0.03919837008187284
   7.5680000e+01  -0.04248042910687284
   7.5685000e+01  -0.045500521481872835
   7.5690000e+01  -0.04824984850687283
   7.5695000e+01  -0.050620538656872834
   7.5700000e+01  -0.052385001006872836
   7.5705000e+01  -0.05325362489187284
   7.5710000e+01   -0.05298341450187284
   7.5715000e+01   -0.051483094201872845
   7.5720000e+01   -0.048865937476872845
   7.5725000e+01   -0.04543278327687284
   7.5730000e+01   -0.04159961437687284
   7.5735000e+01   -0.037797291551872836
   7.5740000e+01   -0.03436785022687284
   7.5745000e+01   -0.03147862592687284
   7.5750000e+01   -0.02908075312687284
   7.5755000e+01   -0.02694099390187284
   7.5760000e+01   -0.02475687932687284
   7.5765000e+01   -0.02232268690187284
   7.5770000e+01   -0.019672160701872842
   7.5775000e+01   -0.017117886026872843
   7.5780000e+01   -0.015152005351872843
   7.5785000e+01   -0.014246495966872844
   7.5790000e+01  -0.014647473306872844
   7.5795000e+01  -0.016261501256872844
   7.5800000e+01  -0.018683664581872844
   7.5805000e+01  -0.021349566806872843
   7.5810000e+01  -0.023743021981872843
   7.5815000e+01  -0.025576548006872844
   7.5820000e+01  -0.026880923081872843
   7.5825000e+01  -0.027979728056872842
   7.5830000e+01  -0.029367954081872844
   7.5835000e+01  -0.03154459655687284
   7.5840000e+01  -0.03485849695687284
   7.5845000e+01  -0.03941514695687284
   7.5850000e+01  -0.04506734120687284
   7.5855000e+01  -0.05148378370687284
   7.5860000e+01  -0.058265485206872844
   7.5865000e+01  -0.06506671220687285
   7.5870000e+01  -0.07167836595687285
   7.5875000e+01  -0.07804569195687286
   7.5880000e+01  -0.08421561445687285
   7.5885000e+01  -0.09023662120687286
   7.5890000e+01  -0.09605679970687285
   7.5895000e+01  -0.10147090720687285
   7.5900000e+01  -0.10614791815687286
   7.5905000e+01  -0.10973283745687286
   7.5910000e+01  -0.11197952908187286
   7.5915000e+01  -0.11285441789437287
   7.5920000e+01   -0.11256283083187286
   7.5925000e+01   -0.11148439358187287
   7.5930000e+01   -0.11004437620687287
   7.5935000e+01   -0.10857475310687287
   7.5940000e+01   -0.10721993730687286
   7.5945000e+01   -0.10591970783187286
   7.5950000e+01   -0.10446973273187286
   7.5955000e+01   -0.10263339585687287
   7.5960000e+01   -0.10026406183187286
   7.5965000e+01   -0.09739388775687287
   7.5970000e+01   -0.09425398255687287
   7.5975000e+01   -0.09121383115687287
   7.5980000e+01   -0.08866211660687287
   7.5985000e+01   -0.08688038478187288
   7.5990000e+01   -0.08596494318187288
   7.5995000e+01  -0.08582456698687288
   7.6000000e+01  -0.08623947301687288
   7.6005000e+01  -0.08694018104187287
   7.6010000e+01  -0.08767008766687287
   7.6015000e+01  -0.08822240924937287
   7.6020000e+01  -0.08846394742187287
   7.6025000e+01   -0.08835736200187287
   7.6030000e+01   -0.08797624794187286
   7.6035000e+01   -0.08749411014437286
   7.6040000e+01   -0.08713484120437286
   7.6045000e+01  -0.08709579620937286
   7.6050000e+01  -0.08747678733187285
   7.6055000e+01  -0.08825027998187285
   7.6060000e+01  -0.08928539718187285
   7.6065000e+01  -0.09040539663187286
   7.6070000e+01  -0.09143777900687286
   7.6075000e+01  -0.09222319493187286
   7.6080000e+01  -0.09258118631187287
   7.6085000e+01   -0.09226748486687288
   7.6090000e+01   -0.09097232911687288
   7.6095000e+01   -0.08838699199187287
   7.6100000e+01   -0.08431845381687288
   7.6105000e+01   -0.07879432914187287
   7.6110000e+01   -0.07210108514187287
   7.6115000e+01   -0.06473622914187287
   7.6120000e+01   -0.057299219641872866
   7.6125000e+01   -0.05036723664187287
   7.6130000e+01   -0.044395721141872874
   7.6135000e+01   -0.039664100316872876
   7.6140000e+01   -0.036268293316872875
   7.6145000e+01   -0.034147814591872876
   7.6150000e+01   -0.03312710279187288
   7.6155000e+01  -0.03295106451687288
   7.6160000e+01  -0.03330630896687288
   7.6165000e+01  -0.03383757056687288
   7.6170000e+01  -0.03418061614187288
   7.6175000e+01   -0.03402630986687288
   7.6180000e+01   -0.033206095941872876
   7.6185000e+01   -0.031763630141872876
   7.6190000e+01   -0.029971234691872874
   7.6195000e+01   -0.028270400566872876
   7.6200000e+01   -0.027150730416872874
   7.6205000e+01  -0.027010790631872873
   7.6210000e+01  -0.028052633746872873
   7.6215000e+01  -0.030247012196872872
   7.6220000e+01  -0.03337580744687287
   7.6225000e+01  -0.037124217646872876
   7.6230000e+01  -0.04117321244687287
   7.6235000e+01  -0.04524706549687287
   7.6240000e+01  -0.049103472446872874
   7.6245000e+01  -0.052495657796872874
   7.6250000e+01  -0.05515632479687287
   7.6255000e+01  -0.05683614049687287
   7.6260000e+01   -0.05738832251762287
   7.6265000e+01   -0.05685583638837287
   7.6270000e+01   -0.05550907983837287
   7.6275000e+01   -0.05380042563837287
   7.6280000e+01   -0.052237822738372866
   7.6285000e+01   -0.051220282363372865
   7.6290000e+01  -0.05090581273412287
   7.6295000e+01  -0.051176569604872865
   7.6300000e+01  -0.05172012640487286
   7.6305000e+01  -0.05218282895487286
   7.6310000e+01   -0.05231325140737286
   7.6315000e+01   -0.05202834952237286
   7.6320000e+01   -0.05139002510987286
   7.6325000e+01   -0.05053355088487286
   7.6330000e+01   -0.04960506520987286
   7.6335000e+01   -0.04873947540987286
   7.6340000e+01   -0.048069415534872866
   7.6345000e+01   -0.047732519822372865
   7.6350000e+01  -0.047851809044872864
   7.6355000e+01  -0.04849156510487287
   7.6360000e+01  -0.049615002354872866
   7.6365000e+01  -0.05107231085487286
   7.6370000e+01  -0.052628441604872865
   7.6375000e+01  -0.054016034779872865
   7.6380000e+01  -0.05498877550487286
   7.6385000e+01  -0.055359123390622864
   7.6390000e+01   -0.055020210076372866
   7.6395000e+01   -0.053959193126372866
   7.6400000e+01   -0.05226433417637286
   7.6405000e+01   -0.05011991610137286
   7.6410000e+01   -0.04778249955137286
   7.6415000e+01   -0.045539630501372864
   7.6420000e+01   -0.04366069060137286
   7.6425000e+01   -0.042353119276372864
   7.6430000e+01   -0.041734521503872864
   7.6435000e+01  -0.041823594236372864
   7.6440000e+01  -0.04254410501637287
   7.6445000e+01  -0.04373302359137287
   7.6450000e+01  -0.04515062216637287
   7.6455000e+01  -0.04650140409137287
   7.6460000e+01  -0.04747718039137287
   7.6465000e+01   -0.047820523721372875
   7.6470000e+01   -0.047387144776372875
   7.6475000e+01   -0.046177951401372874
   7.6480000e+01   -0.044325515326372876
   7.6485000e+01   -0.042045249776372876
   7.6490000e+01   -0.03957739085137288
   7.6495000e+01   -0.03714028362637288
   7.6500000e+01   -0.03489808332637288
   7.6505000e+01   -0.032936465251372886
   7.6510000e+01   -0.031246329676372885
   7.6515000e+01   -0.029726191726372884
   7.6520000e+01   -0.028212524526372885
   7.6525000e+01   -0.026532211676372885
   7.6530000e+01   -0.024556858576372884
   7.6535000e+01   -0.022238143651372885
   7.6540000e+01   -0.019615472276372885
   7.6545000e+01   -0.016801310251372884
   7.6550000e+01   -0.013957638051372883
   7.6555000e+01   -0.011276790026372883
   7.6560000e+01   -0.008971534376372882
   7.6565000e+01   -0.007265162001372882
   7.6570000e+01   -0.006361894718872882
   7.6575000e+01  -0.006384034586372882
   7.6580000e+01  -0.007288184186372882
   7.6585000e+01  -0.008802514261372883
   7.6590000e+01  -0.010434302261372883
   7.6595000e+01  -0.011568952386372882
   7.6600000e+01   -0.011633534386372883
   7.6605000e+01   -0.010261989136372883
   7.6610000e+01   -0.007398597686372882
   7.6615000e+01   -0.003307678586372882
   7.6620000e+01   0.0015021943386271178
   7.6625000e+01   0.006404065338627118
   7.6630000e+01   0.010787399813627118
   7.6635000e+01   0.014171253763627118
   7.6640000e+01   0.016281670288627117
   7.6645000e+01   0.017091070726127117
   7.6650000e+01  0.016819317913627115
   7.6655000e+01  0.015891799638627115
   7.6660000e+01  0.014850769238627114
   7.6665000e+01  0.014230588683627114
   7.6670000e+01   0.014429373053627114
   7.6675000e+01   0.015620737778627113
   7.6680000e+01   0.017736329603627112
   7.6685000e+01   0.02051791710362711
   7.6690000e+01   0.02360796932862711
   7.6695000e+01   0.026638543203627112
   7.6700000e+01   0.029291763353627112
   7.6705000e+01   0.03132751667862711
   7.6710000e+01   0.032589161878627114
   7.6715000e+01  0.03299964553287711
   7.6720000e+01  0.03255357156212711
   7.6725000e+01  0.03130496468712711
   7.6730000e+01  0.02935059486212711
   7.6735000e+01  0.02681256596212711
   7.6740000e+01  0.02382675106212711
   7.6745000e+01  0.02054292358712711
   7.6750000e+01  0.017136761912127107
   7.6755000e+01  0.013822847112127107
   7.6760000e+01  0.010846611812127108
   7.6765000e+01  0.008434947537127108
   7.6770000e+01  0.006709234812127108
   7.6775000e+01  0.005600567612127108
   7.6780000e+01  0.004826085687127109
   7.6785000e+01  0.003964450087127109
   7.6790000e+01  0.002614049587127109
   7.6795000e+01  0.0005639504871271087
   7.6800000e+01  -0.0021086479128728914
   7.6805000e+01  -0.005067557237872892
   7.6810000e+01  -0.007862835312872893
   7.6815000e+01  -0.010123300612872893
   7.6820000e+01  -0.011705320462872893
   7.6825000e+01  -0.012730579637872892
   7.6830000e+01  -0.013501014862872892
   7.6835000e+01  -0.014337592487872891
   7.6840000e+01  -0.015422600737872891
   7.6845000e+01  -0.01671757066287289
   7.6850000e+01  -0.01798646051287289
   7.6855000e+01  -0.01890061683787289
   7.6860000e+01   -0.01916789428537289
   7.6865000e+01   -0.01862917720787289
   7.6870000e+01   -0.01729360723287289
   7.6875000e+01   -0.01531636348287289
   7.6880000e+01   -0.012941925357872891
   7.6885000e+01   -0.01043901375787289
   7.6890000e+01   -0.00804776263287289
   7.6895000e+01   -0.00595017250787289
   7.6900000e+01   -0.00426346338287289
   7.6905000e+01   -0.0030470852828728898
   7.6910000e+01   -0.0023142645728728897
   7.6915000e+01   -0.0020474830266228898
   7.6920000e+01  -0.0022231855453728896
   7.6925000e+01  -0.0028436401003728894
   7.6930000e+01  -0.003957416500372889
   7.6935000e+01  -0.005643071250372889
   7.6940000e+01  -0.007948066975372889
   7.6945000e+01  -0.01080929735037289
   7.6950000e+01  -0.01400576842537289
   7.6955000e+01  -0.017184545375372888
   7.6960000e+01  -0.019960268575372888
   7.6965000e+01  -0.022043949650372888
   7.6970000e+01  -0.023338831925372887
   7.6975000e+01  -0.023959606362872886
   7.6980000e+01  -0.024170891837872886
   7.6985000e+01  -0.024276851882872885
   7.6990000e+01  -0.024510387072872883
   7.6995000e+01  -0.024966014480372882
   7.7000000e+01  -0.02560098910537288
   7.7005000e+01  -0.026300796205372883
   7.7010000e+01  -0.026976057755372884
   7.7015000e+01  -0.027640721130372883
   7.7020000e+01  -0.028428094030372882
   7.7025000e+01  -0.029532565555372883
   7.7030000e+01  -0.031105272155372884
   7.7035000e+01  -0.033158301505372884
   7.7040000e+01  -0.03552886028037289
   7.7045000e+01  -0.03792419078037289
   7.7050000e+01  -0.04002684063037289
   7.7055000e+01  -0.041609884805372886
   7.7060000e+01  -0.042608438405372887
   7.7065000e+01  -0.04311862983037289
   7.7070000e+01  -0.04333355162537289
   7.7075000e+01  -0.04345506363287289
   7.7080000e+01  -0.04362464702287289
   7.7085000e+01  -0.043896688315372884
   7.7090000e+01  -0.044249898185372886
   7.7095000e+01  -0.044616334962872886
   7.7100000e+01  -0.044910608497872886
   7.7105000e+01  -0.045055420532872884
   7.7110000e+01   -0.045007305080372886
   7.7115000e+01   -0.04478090832787289
   7.7120000e+01   -0.04445991449287289
   7.7125000e+01   -0.04418177223037289
   7.7130000e+01  -0.04409561304362289
   7.7135000e+01  -0.044308735081872885
   7.7140000e+01  -0.044844407551872884
   7.7145000e+01  -0.045628143076872886
   7.7150000e+01  -0.046506061351872886
   7.7155000e+01  -0.04728626145187289
   7.7160000e+01  -0.04778814420687289
   7.7165000e+01   -0.04788556692937289
   7.7170000e+01   -0.047533913221872885
   7.7175000e+01   -0.04677564502187288
   7.7180000e+01   -0.04572368062187288
   7.7185000e+01   -0.04452770209687288
   7.7190000e+01   -0.04333346059687288
   7.7195000e+01   -0.04224610777187288
   7.7200000e+01   -0.041305071446872885
   7.7205000e+01   -0.040473660821872884
   7.7210000e+01   -0.039645181746872885
   7.7215000e+01   -0.03866789907187288
   7.7220000e+01   -0.037388538021872884
   7.7225000e+01   -0.035705094621872886
   7.7230000e+01   -0.033609218896872885
   7.7235000e+01   -0.031196792446872883
   7.7240000e+01   -0.028638953496872885
   7.7245000e+01   -0.026128429921872885
   7.7250000e+01   -0.023831101696872886
   7.7255000e+01   -0.021867017771872888
   7.7260000e+01   -0.020321499071872886
   7.7265000e+01   -0.019263846671872885
   7.7270000e+01   -0.018747662304372886
   7.7275000e+01  -0.018786020691872886
   7.7280000e+01  -0.019320378946872885
   7.7285000e+01  -0.020212250096872886
   7.7290000e+01  -0.021272932146872887
   7.7295000e+01  -0.022320622971872886
   7.7300000e+01  -0.023236079846872888
   7.7305000e+01  -0.02398885192187289
   7.7310000e+01  -0.02462236779687289
   7.7315000e+01  -0.02520655299687289
   7.7320000e+01  -0.025781757571872888
   7.7325000e+01  -0.02632233859687289
   7.7330000e+01  -0.026739580011872887
   7.7335000e+01  -0.026923371006622888
   7.7340000e+01   -0.026799810491372887
   7.7345000e+01   -0.026372155021372887
   7.7350000e+01   -0.025723139246372886
   7.7355000e+01   -0.024980202896372886
   7.7360000e+01   -0.024264305496372887
   7.7365000e+01   -0.023646251071372887
   7.7370000e+01   -0.02312479693387289
   7.7375000e+01   -0.02262932382137289
   7.7380000e+01   -0.02204316164637289
   7.7385000e+01   -0.02124042657137289
   7.7390000e+01   -0.020126361896372888
   7.7395000e+01   -0.018669443371372888
   7.7400000e+01   -0.016915657496372888
   7.7405000e+01   -0.014981402346372888
   7.7410000e+01   -0.013027875221372888
   7.7415000e+01   -0.011223292346372888
   7.7420000e+01   -0.009700346296372888
   7.7425000e+01   -0.008518292271372888
   7.7430000e+01   -0.007642845871372888
   7.7435000e+01   -0.006957539921372887
   7.7440000e+01   -0.006310428346372887
   7.7445000e+01   -0.005580804821372887
   7.7450000e+01   -0.0047341166463728875
   7.7455000e+01   -0.0038344433463728877
   7.7460000e+01   -0.0030061887963728877
   7.7465000e+01   -0.002366482471372888
   7.7470000e+01   -0.001966715943872888
   7.7475000e+01   -0.0017746325238728877
   7.7480000e+01   -0.0017035783508728877
   7.7485000e+01   -0.0016695337173728876
   7.7490000e+01   -0.0016436855726228877
   7.7495000e+01  -0.0016730400533728877
   7.7500000e+01  -0.0018592630708728877
   7.7505000e+01  -0.0023072041908728876
   7.7510000e+01  -0.0030692755908728877
   7.7515000e+01  -0.004112755365872888
   7.7520000e+01  -0.005323627215872888
   7.7525000e+01  -0.006540657115872889
   7.7530000e+01  -0.0075994053658728885
   7.7535000e+01  -0.008365952115872889
   7.7540000e+01  -0.008751930730872888
   7.7545000e+01   -0.008715497783372888
   7.7550000e+01   -0.008257575070872889
   7.7555000e+01   -0.007418013670872889
   7.7560000e+01   -0.006269243670872888
   7.7565000e+01   -0.004903333545872888
   7.7570000e+01   -0.003413584195872888
   7.7575000e+01   -0.001877899370872888
   7.7580000e+01   -0.0003513919458728882
   7.7585000e+01   0.0011304959791271119
   7.7590000e+01   0.002543629129127112
   7.7595000e+01   0.0038680104541271125
   7.7600000e+01   0.005084377904127113
   7.7605000e+01   0.006173111679127112
   7.7610000e+01   0.007113311379127112
   7.7615000e+01   0.007881829679127112
   7.7620000e+01   0.008453967594127112
   7.7625000e+01   0.008807838964127112
   7.7630000e+01   0.008932716380877111
   7.7635000e+01  0.008838328062627111
   7.7640000e+01  0.008558979087627112
   7.7645000e+01  0.008146805035127111
   7.7650000e+01  0.007654008552627111
   7.7655000e+01  0.007111626702627111
   7.7660000e+01  0.0065164590526271115
   7.7665000e+01  0.005834654827627112
   7.7670000e+01  0.005021771952627112
   7.7675000e+01  0.004050402302627112
   7.7680000e+01  0.002932952077627112
   7.7685000e+01  0.0017302340276271122
   7.7690000e+01  0.0005431742026271121
   7.7695000e+01  -0.0005090873973728879
   7.7700000e+01  -0.001318020747372888
   7.7705000e+01  -0.001813312797372888
   7.7710000e+01  -0.001981133329622888
   7.7715000e+01   -0.001867333971872888
   7.7720000e+01   -0.001564870599372888
   7.7725000e+01   -0.001190142419372888
   7.7730000e+01   -0.0008556752118728879
   7.7735000e+01   -0.0006459035943728879
   7.7740000e+01  -0.0006007479558728879
   7.7745000e+01  -0.0007102349748728878
   7.7750000e+01  -0.0009222078373728878
   7.7755000e+01  -0.0011624126198728879
   7.7760000e+01  -0.001361598397372888
   7.7765000e+01  -0.0014802172973728879
   7.7770000e+01  -0.0015212827068728878
   7.7775000e+01  -0.0015269645699728877
   7.7780000e+01  -0.0015618211585728876
   7.7785000e+01  -0.0016908107360728876
   7.7790000e+01  -0.0019608792135728877
   7.7795000e+01  -0.0023916687310728876
   7.7800000e+01  -0.0029761761560728878
   7.7805000e+01  -0.003688309956072888
   7.7810000e+01  -0.004492683681072888
   7.7815000e+01  -0.005352967481072888
   7.7820000e+01  -0.006237590106072889
   7.7825000e+01  -0.007123479756072889
   7.7830000e+01  -0.007998426681072889
   7.7835000e+01  -0.008861097456072888
   7.7840000e+01  -0.009716876806072888
   7.7845000e+01  -0.010569347581072887
   7.7850000e+01  -0.011410851831072887
   7.7855000e+01  -0.012218304156072887
   7.7860000e+01  -0.012959135556072886
   7.7865000e+01  -0.013606505756072886
   7.7870000e+01  -0.014156009681072886
   7.7875000e+01  -0.014633002246072887
   7.7880000e+01  -0.015083468068572886
   7.7885000e+01  -0.015550633231072886
   7.7890000e+01  -0.016048657036072885
   7.7895000e+01  -0.016547617291072885
   7.7900000e+01  -0.016978426943572884
   7.7905000e+01  -0.017255740176072884
   7.7910000e+01   -0.017307840026072885
   7.7915000e+01   -0.017100020521072883
   7.7920000e+01   -0.016642712426072882
   7.7925000e+01   -0.015983898651072883
   7.7930000e+01   -0.015192072851072883
   7.7935000e+01   -0.014337953276072884
   7.7940000e+01   -0.013480875401072883
   7.7945000e+01   -0.012662053676072883
   7.7950000e+01   -0.011904080326072883
   7.7955000e+01   -0.011214712901072883
   7.7960000e+01   -0.010592746001072883
   7.7965000e+01   -0.010034106901072884
   7.7970000e+01   -0.009536907581072883
   7.7975000e+01   -0.009104588286072883
   7.7980000e+01   -0.008746308088572883
   7.7985000e+01   -0.008473894528572883
   7.7990000e+01   -0.008295801501072883
   7.7995000e+01   -0.008210555898072883
   7.8000000e+01  -0.008203470267322883
   7.8005000e+01  -0.008249148504572883
   7.8010000e+01  -0.008318786454572883
   7.8015000e+01  -0.008388209489572883
   7.8020000e+01  -0.008442684093322883
   7.8025000e+01  -0.008477547642822884
   7.8030000e+01  -0.008496570140072884
   7.8035000e+01  -0.008510077632072883
   7.8040000e+01  -0.008532825513322883
   7.8045000e+01  -0.008580296724072883
   7.8050000e+01  -0.008663182729072882
   7.8055000e+01  -0.008781929881572881
   7.8060000e+01  -0.008923962114072882
   7.8065000e+01  -0.009064904234072881
   7.8070000e+01  -0.009173279366572881
   7.8075000e+01  -0.00921715490369788
   7.8080000e+01   -0.00917108125582288
   7.8085000e+01   -0.00902173254582288
   7.8090000e+01   -0.00877073199332288
   7.8095000e+01   -0.008433599368322879
   7.8100000e+01   -0.00803484358832288
   7.8105000e+01   -0.0076006868158228795
   7.8110000e+01   -0.0071521048408228795
   7.8115000e+01   -0.00670103641082288
   7.8120000e+01   -0.00625125598582288
   7.8125000e+01   -0.00580287010332288
   7.8130000e+01   -0.00535713108832288
   7.8135000e+01   -0.00491803836082288
   7.8140000e+01   -0.00448958706582288
   7.8145000e+01   -0.00407098869832288
   7.8150000e+01   -0.00365404558332288
   7.8155000e+01   -0.0032255423008228797
   7.8160000e+01   -0.0027740033108228797
   7.8165000e+01   -0.0022971302058228797
   7.8170000e+01   -0.0018057571458228797
   7.8175000e+01   -0.0013222214283228795
   7.8180000e+01   -0.0008739152383228795
   7.8185000e+01   -0.0004846806408228795
   7.8190000e+01   -0.00016707089332287944
   7.8195000e+01   8.207574917712054e-5
   7.8200000e+01   0.0002811532216771206
   7.8205000e+01   0.0004579802441771206
   7.8210000e+01   0.0006400953791771206
   7.8215000e+01   0.0008446491691771206
   7.8220000e+01   0.0010723495066771206
   7.8225000e+01   0.0013086651016771206
   7.8230000e+01   0.0015322572616771205
   7.8235000e+01   0.0017269398916771204
   7.8240000e+01   0.0018912996491771204
   7.8245000e+01   0.00204076103917712
   7.8250000e+01   0.00220038005167712
   7.8255000e+01   0.00239151672417712
   7.8260000e+01   0.00261927604417712
   7.8265000e+01   0.00286792574917712
   7.8270000e+01   0.00310772090917712
   7.8275000e+01   0.00331033358167712
   7.8280000e+01   0.00346475993917712
   7.8285000e+01   0.00358444917417712
   7.8290000e+01   0.00370066858917712
   7.8295000e+01   0.00384483062917712
   7.8300000e+01   0.00402926685167712
   7.8305000e+01   0.00423740683917712
   7.8310000e+01   0.0044292665366771206
   7.8315000e+01   0.00455969152167712
   7.8320000e+01  0.00460031670517712
   7.8325000e+01  0.00455523569367712
   7.8330000e+01  0.00446425481867712
   7.8335000e+01  0.00439295870842712
   7.8340000e+01   0.00441291238067712
   7.8345000e+01   0.004577731563177119
   7.8350000e+01   0.004902137000677119
   7.8355000e+01   0.005351365228177119
   7.8360000e+01   0.005846307835677119
   7.8365000e+01   0.006284817205677119
   7.8370000e+01   0.006573016078177119
   7.8375000e+01  0.0066552999751771195
   7.8380000e+01  0.006531202702177119
   7.8385000e+01  0.006252417967177119
   7.8390000e+01  0.005901856787177119
   7.8395000e+01  0.005564323084677119
   7.8400000e+01  0.005301225279677119
   7.8405000e+01  0.005138495864677119
   7.8410000e+01  0.005069749978427119
   7.8415000e+01   0.005069739694427119
   7.8420000e+01   0.00510978186667712
   7.8425000e+01   0.00516805735167712
   7.8430000e+01   0.00523195262917712
   7.8435000e+01   0.00529416053917712
   7.8440000e+01   0.00534680262042712
   7.8445000e+01   0.00537770145342712
   7.8450000e+01  0.00537094208892712
   7.8455000e+01  0.00531143561267712
   7.8460000e+01  0.00519142100767712
   7.8465000e+01  0.00501609034767712
   7.8470000e+01  0.0048056920576771195
   7.8475000e+01  0.004592449415177119
   7.8480000e+01  0.0044124620326771195
   7.8485000e+01  0.00429513200267712
   7.8490000e+01  0.00425442613500212
   7.8495000e+01   0.00428597194232712
   7.8500000e+01   0.0043712169198271205
   7.8505000e+01   0.004486205624827121
   7.8510000e+01   0.0046103872498271204
   7.8515000e+01   0.00473156352232712
   7.8520000e+01   0.00484578719732712
   7.8525000e+01   0.00495367983982712
   7.8530000e+01   0.0050557810298271205
   7.8535000e+01   0.00514914755232712
   7.8540000e+01   0.005226337854827121
   7.8545000e+01   0.00527682354382712
   7.8550000e+01  0.005289978441827121
   7.8555000e+01  0.0052582680958271205
   7.8560000e+01  0.005179384543327121
   7.8565000e+01  0.00505681775582712
   7.8570000e+01  0.004899117970827121
   7.8575000e+01  0.004718256628327121
   7.8580000e+01  0.004527192023327121
   7.8585000e+01  0.0043367926733271205
   7.8590000e+01  0.00415305200832712
   7.8595000e+01  0.00397630931832712
   7.8600000e+01  0.0038037689783271197
   7.8605000e+01  0.0036346859183271196
   7.8610000e+01  0.0034753776108271198
   7.8615000e+01  0.00334056484332712
   7.8620000e+01  0.0032492815233271196
   7.8625000e+01  0.0032167770636421194
   7.8630000e+01   0.0032464149814571196
   7.8635000e+01   0.0033259195114571194
   7.8640000e+01   0.0034302625214571196
   7.8645000e+01   0.0035302006364571195
   7.8650000e+01   0.0036026776714571194
   7.8655000e+01   0.003638372520457119
   7.8660000e+01  0.003643076704207119
   7.8665000e+01  0.003632673291457119
   7.8670000e+01  0.003624642928932119
   7.8675000e+01   0.003630456496157119
   7.8680000e+01   0.003652145377657119
   7.8685000e+01   0.003683647919907119
   7.8690000e+01   0.0037151133441571194
   7.8695000e+01   0.0037375970544071195
   7.8700000e+01   0.0037463963789821195
   7.8705000e+01  0.0037424841223071196
   7.8710000e+01  0.0037321495010571195
   7.8715000e+01  0.0037250727859321196
   7.8720000e+01   0.0037312307353071198
   7.8725000e+01   0.00375751508155712
   7.8730000e+01   0.0038053327223071197
   7.8735000e+01   0.0038701712073071198
   7.8740000e+01   0.00394314683730712
   7.8745000e+01   0.00401357233480712
   7.8750000e+01   0.004071320615557121
   7.8755000e+01   0.00410833280680712
   7.8760000e+01  0.004119433738357121
   7.8765000e+01  0.004102964163907121
   7.8770000e+01  0.004061422880907121
   7.8775000e+01  0.004001762095907121
   7.8780000e+01  0.003934768285907121
   7.8785000e+01  0.003873273133407121
   7.8790000e+01  0.003829495126157121
   7.8795000e+01  0.0038122217255071207
   7.8800000e+01   0.0038246382316071206
   7.8805000e+01   0.0038634540336071207
   7.8810000e+01   0.003919664866107121
   7.8815000e+01   0.00398086035360712
   7.8820000e+01   0.00403450331260712
   7.8825000e+01   0.00407122942535712
   7.8830000e+01   0.004087131819107121
   7.8835000e+01  0.004084294026357121
   7.8840000e+01  0.0040694370013571205
   7.8845000e+01  0.004051228545607121
   7.8850000e+01  0.004037286669607121
   7.8855000e+01  0.0040319729545196204
   7.8860000e+01   0.004035678632932121
   7.8865000e+01   0.00404564055718212
   7.8870000e+01   0.00405770568793212
   7.8875000e+01   0.00406816524143212
   7.8880000e+01   0.0040748979901071205
   7.8885000e+01   0.004077496087157121
   7.8890000e+01  0.004076567403107121
   7.8895000e+01  0.004072758715182121
   7.8900000e+01  0.004066061234182121
   7.8905000e+01  0.004055675236682121
   7.8910000e+01  0.004040335193182121
   7.8915000e+01  0.004018774209932121
   7.8920000e+01  0.003990048746432121
   7.8925000e+01  0.003953676048932121
   7.8930000e+01  0.003909756235682121
   7.8935000e+01  0.003859257877182121
   7.8940000e+01  0.003804393952182121
   7.8945000e+01  0.003748705357182121
   7.8950000e+01  0.003696436148182121
   7.8955000e+01  0.003651180788682121
   7.8960000e+01  0.003614358574182121
   7.8965000e+01  0.003584344042682121
   7.8970000e+01  0.003556793607432121
   7.8975000e+01  0.003526070628932121
   7.8980000e+01  0.003487153531932121
   7.8985000e+01  0.003437304583182121
   7.8990000e+01  0.003377000538182121
   7.8995000e+01  0.003309924750682121
   7.9000000e+01  0.0032420501906821214
   7.9005000e+01  0.0031800337206821213
   7.9010000e+01  0.0031293388144321213
   7.9015000e+01  0.0030926424131821214
   7.9020000e+01  0.0030690452811821213
   7.9025000e+01  0.0030543617314321213
   7.9030000e+01  0.0030424078066821213
   7.9035000e+01  0.003026878282932121
   7.9040000e+01  0.003003205143432121
   7.9045000e+01  0.0029697777664321207
   7.9050000e+01  0.0029281071244321205
   7.9055000e+01  0.0028819104544321205
   7.9060000e+01  0.0028355436079321207
   7.9065000e+01  0.0027924822779321207
   7.9070000e+01  0.0027544676796821205
   7.9075000e+01  0.0027215235259321203
   7.9080000e+01  0.0026925825176821205
   7.9085000e+01  0.0026662282731821207
   7.9090000e+01  0.0026411645029321205
   7.9095000e+01  0.0026163207491821205
   7.9100000e+01  0.0025907513989321205
   7.9105000e+01  0.0025635447826821206
   7.9110000e+01  0.0025338669564321206
   7.9115000e+01  0.0025011383259321207
   7.9120000e+01  0.0024652600476821208
   7.9125000e+01  0.002426777405682121
   7.9130000e+01  0.002386873750682121
   7.9135000e+01  0.002347138836682121
   7.9140000e+01  0.002309156784682121
   7.9145000e+01  0.0022740682521821213
   7.9150000e+01  0.002242294618432121
   7.9155000e+01  0.002213525204432121
   7.9160000e+01  0.002186919894932121
   7.9165000e+01  0.002161386566932121
   7.9170000e+01  0.002135818694432121
   7.9175000e+01  0.002109271285182121
   7.9180000e+01  0.0020811068369321214
   7.9185000e+01  0.002051112257682121
   7.9190000e+01  0.0020195294589321214
   7.9195000e+01  0.0019869426936821215
   7.9200000e+01  0.0019540427619321216
   7.9205000e+01  0.0019213757134321217
   7.9210000e+01  0.0018892016491821218
   7.9215000e+01  0.0018575190306821217
   7.9220000e+01  0.0018262050046821217
   7.9225000e+01  0.0017951589466821216
   7.9230000e+01  0.0017643551636821217
   7.9235000e+01  0.0017337907821821216
   7.9240000e+01  0.0017033945576821216
   7.9245000e+01  0.0016729859729321217
   7.9250000e+01  0.0016423305411821217
   7.9255000e+01  0.0016112634176821217
   7.9260000e+01  0.0015798026694321217
   7.9265000e+01  0.0015481780536821216
   7.9270000e+01  0.0015167538226821217
   7.9275000e+01  0.0014858877504321216
   7.9280000e+01  0.0014558022484321216
   7.9285000e+01  0.0014265286101821217
   7.9290000e+01  0.0013979369886821216
   7.9295000e+01  0.0013698183059321217
   7.9300000e+01  0.0013419683669321216
   7.9305000e+01  0.0013142400316821217
   7.9310000e+01  0.0012865556539321218
   7.9315000e+01  0.0012588900129321219
   7.9320000e+01  0.001231240585682122
   7.9325000e+01  0.0012036029366821219
   7.9330000e+01  0.0011759651821821218
   7.9335000e+01  0.0011483234204321218
   7.9340000e+01  0.0011207031486821218
   7.9345000e+01  0.0010931635216821218
   7.9350000e+01  0.001065772744182122
   7.9355000e+01  0.001038567984432122
   7.9360000e+01  0.001011530975432122
   7.9365000e+01  0.000984603148932122
   7.9370000e+01  0.000957734543182122
   7.9375000e+01  0.0009309317624321221
   7.9380000e+01  0.0009042661951821221
   7.9385000e+01  0.0008778296564321221
   7.9390000e+01  0.0008516623059321221
   7.9395000e+01  0.0008256999489321221
   7.9400000e+01  0.0007997788751821221
   7.9405000e+01  0.0007737020556821221
   7.9410000e+01  0.0007473328549321221
   7.9415000e+01  0.0007206646814321221
   7.9420000e+01  0.0006938275094321221
   7.9425000e+01  0.0006670271084321221
   7.9430000e+01  0.0006404496221821221
   7.9435000e+01  0.0006141819039321221
   7.9440000e+01  0.000588187205432122
   7.9445000e+01  0.000562343566182122
   7.9450000e+01  0.000536518057432122
   7.9455000e+01  0.000510633903182122
   7.9460000e+01  0.000484697338182122
   7.9465000e+01  0.000458777954682122
   7.9470000e+01  0.00043296164593212196
   7.9475000e+01  0.000407304504432122
   7.9480000e+01  0.000381807885432122
   7.9485000e+01  0.000356419315682122
   7.9490000e+01  0.000331052271432122
   7.9495000e+01  0.000305614237432122
   7.9500000e+01  0.00028003393343212197
   7.9505000e+01  0.000254280865182122
   7.9510000e+01  0.000228372279682122
   7.9515000e+01  0.00020236555118212198
   7.9520000e+01  0.00017633852068212196
   7.9525000e+01  0.00015036464243212196
   7.9530000e+01  0.00012449154118212197
   7.9535000e+01  9.872981218212197e-5
   7.9540000e+01  7.305468968212197e-5
   7.9545000e+01  4.741856118212197e-5
   7.9550000e+01  2.176894968212197e-5
   7.9555000e+01  -3.934547817878032e-6
   7.9560000e+01  -2.9709685317878035e-5
   7.9565000e+01  -5.5549795817878034e-5
   7.9570000e+01  -8.142992281787803e-5
   7.9575000e+01  -0.00010731748281787803
   7.9580000e+01  -0.00013318328106787803
   7.9585000e+01  -0.00015900949431787802
   7.9590000e+01  -0.00018479286381787802
   7.9595000e+01  -0.00021054299781787802
   7.9600000e+01  -0.00023627696756787803
   7.9605000e+01  -0.00026201222806787806
   7.9610000e+01  -0.00028776026181787806
   7.9615000e+01  -0.00031352305831787805
   7.9620000e+01  -0.00033929352731787806
   7.9625000e+01  -0.0003650594513178781
   7.9630000e+01  -0.0003908091795678781
   7.9635000e+01  -0.0004165365783178781
   7.9640000e+01  -0.00044224314431787806
   7.9645000e+01  -0.00046793653131787805
   7.9650000e+01  -0.0004936264215678781
   7.9655000e+01  -0.0005193198620678781
   7.9660000e+01  -0.0005450182845678781
   7.9665000e+01  -0.0005707174248178781
   7.9670000e+01  -0.0005964098180678781
   7.9675000e+01  -0.0006220883520678781
   7.9680000e+01  -0.0006477491088178781
   7.9685000e+01  -0.0006733924108178781
   7.9690000e+01  -0.0006990220508178781
   7.9695000e+01  -0.0007246434605678781
   7.9700000e+01  -0.000750261747817878
   7.9705000e+01  -0.000775880231567878
   7.9710000e+01  -0.000801499706817878
   7.9715000e+01  -0.000827118425067878
   7.9720000e+01  -0.000852732703817878
   7.9725000e+01  -0.0008783380343178781
   7.9730000e+01  -0.0009039304275678781
   7.9735000e+01  -0.0009295075938178781
   7.9740000e+01  -0.0009550695343178782
   7.9745000e+01  -0.0009806183068178781
   7.9750000e+01  -0.0010061570565678781
   7.9755000e+01  -0.0010316887195678782
   7.9760000e+01  -0.0010572149410678783
   7.9765000e+01  -0.0010827356293178782
   7.9770000e+01  -0.0011082492390678783
   7.9775000e+01  -0.0011337535390678784
   7.9780000e+01  -0.0011592464375678785
   7.9785000e+01  -0.0011847265100678784
   7.9790000e+01  -0.0012101930990678785
   7.9795000e+01  -0.0012356460868178786
   7.9800000e+01  -0.0012610855630678787
   7.9805000e+01  -0.0012865115790678787
   7.9810000e+01  -0.0013119240600678787
   7.9815000e+01  -0.0013373228248178787
   7.9820000e+01  -0.0013627076163178786
   7.9825000e+01  -0.0013880780900678786
   7.9830000e+01  -0.0014134337763178787
   7.9835000e+01  -0.0014387740695678787
   7.9840000e+01  -0.0014640982783178788
   7.9845000e+01  -0.0014894057213178788
   7.9850000e+01  -0.0015146958240678788
   7.9855000e+01  -0.0015399681688178788
   7.9860000e+01  -0.0015652224785678787
   7.9865000e+01  -0.0015904585508178786
   7.9870000e+01  -0.0016156761720678785
   7.9875000e+01  -0.0016408750403178786
   7.9880000e+01  -0.0016660547145678785
   7.9885000e+01  -0.0016912146083178786
   7.9890000e+01  -0.0017163540445678787
   7.9895000e+01  -0.0017414723685678787
   7.9900000e+01  -0.0017665690728178786
   7.9905000e+01  -0.0017916438603178787
   7.9910000e+01  -0.0018166965968178786
   7.9915000e+01  -0.0018417271705678786
   7.9920000e+01  -0.0018667353385678786
   7.9925000e+01  -0.0018917206485678786
   7.9930000e+01  -0.0019166824753178787
   7.9935000e+01  -0.0019416201415678788
   7.9940000e+01  -0.0019665330533178787
   7.9945000e+01  -0.001991420782567879
   7.9950000e+01  -0.002016283067067879
   7.9955000e+01  -0.002041119738817879
   7.9960000e+01  -0.0020659306213178788
   7.9965000e+01  -0.0020907154405678786
   7.9970000e+01  -0.0021154737870678784
   7.9975000e+01  -0.0021402051400678784
   7.9980000e+01  -0.0021649089323178784
   7.9985000e+01  -0.0021895846173178783
   7.9990000e+01  -0.002214231705817878
   7.9995000e+01  -0.0022388497643178783
