   0.0000000e+00   2.87222175e-9
   5.0000000e-03   2.98730385e-8
   1.0000000e-02   1.56164601e-7
   1.5000000e-02   5.488244685e-7
   2.0000000e-02   1.4463602935000003e-6
   2.5000000e-02   2.9882649935000004e-6
   3.0000000e-02   4.8714229935000005e-6
   3.5000000e-02   6.0109647585e-6
   4.0000000e-02  4.5360153235e-6
   4.5000000e-02  -1.6808481515e-6
   5.0000000e-02  -1.41382909015e-5
   5.5000000e-02  -3.2949127651500006e-5
   6.0000000e-02  -5.6665887651500006e-5
   6.5000000e-02  -8.280288265150001e-5
   7.0000000e-02  -0.00010877261990150001
   7.5000000e-02  -0.00013276025015150001
   8.0000000e-02  -0.00015415221615150003
   8.5000000e-02  -0.00017341190240150004
   9.0000000e-02  -0.00019157155740150004
   9.5000000e-02  -0.00020964459665150003
   1.0000000e-01  -0.00022822266615150002
   1.0500000e-01  -0.0002473711716515
   1.1000000e-01  -0.0002667761511515
   1.1500000e-01  -0.0002860016241515
   1.2000000e-01  -0.0003047129539015
   1.2500000e-01  -0.0003227825814015
   1.3000000e-01  -0.0003402724366515
   1.3500000e-01  -0.00035734230590149995
   1.4000000e-01  -0.00037414864965149995
   1.4500000e-01  -0.0003907803821515
   1.5000000e-01  -0.00040724609715149995
   1.5500000e-01  -0.00042350001090149997
   1.6000000e-01  -0.00043948172765149996
   1.6500000e-01  -0.00045514784515149993
   1.7000000e-01  -0.00047048481290149993
   1.7500000e-01  -0.0004855043474014999
   1.8000000e-01  -0.0005002297511514999
   1.8500000e-01  -0.0005146823609014999
   1.9000000e-01  -0.0005288739074014999
   1.9500000e-01  -0.0005428058794014999
   2.0000000e-01  -0.0005564735416515
   2.0500000e-01  -0.0005698711106514999
   2.1000000e-01  -0.0005829954004014999
   2.1500000e-01  -0.0005958469384015
   2.2000000e-01  -0.0006084290459015
   2.2500000e-01  -0.0006207460819015
   2.3000000e-01  -0.0006328019524015
   2.3500000e-01  -0.0006445994359015
   2.4000000e-01  -0.0006561402899015001
   2.4500000e-01  -0.0006674257619015001
   2.5000000e-01  -0.0006784570969015001
   2.5500000e-01  -0.0006892358104015001
   2.6000000e-01  -0.0006997637164015001
   2.6500000e-01  -0.0007100428289015001
   2.7000000e-01  -0.0007200752586515001
   2.7500000e-01  -0.0007298631609015001
   2.8000000e-01  -0.0007394087304015001
   2.8500000e-01  -0.0007487142044015001
   2.9000000e-01  -0.0007577818391515001
   2.9500000e-01  -0.0007666138581515001
   3.0000000e-01  -0.0007752124064015002
   3.0500000e-01  -0.0007835795526515002
   3.1000000e-01  -0.0007917173454015002
   3.1500000e-01  -0.0007996278904015002
   3.2000000e-01  -0.0008073134076515002
   3.2500000e-01  -0.0008147762404015002
   3.3000000e-01  -0.0008220188151515001
   3.3500000e-01  -0.0008290435676515001
   3.4000000e-01  -0.0008358528581515002
   3.4500000e-01  -0.0008424489099015002
   3.5000000e-01  -0.0008488338021515002
   3.5500000e-01  -0.0008550095301515002
   3.6000000e-01  -0.0008609781161515002
   3.6500000e-01  -0.0008667417264015002
   3.7000000e-01  -0.0008723027424015002
   3.7500000e-01  -0.0008776637564015002
   3.8000000e-01  -0.0008828274986515003
   3.8500000e-01  -0.0008877967330765003
   3.9000000e-01  -0.0008925741637765003
   3.9500000e-01  -0.0008971623847265003
   4.0000000e-01  -0.0009015638782265003
   4.0500000e-01  -0.0009057810430765003
   4.1000000e-01  -0.0009098162256515003
   4.1500000e-01  -0.0009136717411265004
   4.2000000e-01  -0.0009173498959015004
   4.2500000e-01  -0.0009208530280765003
   4.3000000e-01  -0.0009241835624515004
   4.3500000e-01  -0.0009273440530515003
   4.4000000e-01  -0.0009303371879765003
   4.4500000e-01  -0.0009331657510765003
   4.5000000e-01  -0.0009358325497015003
   4.5500000e-01  -0.0009383403245265003
   4.6000000e-01  -0.0009406916687515003
   4.6500000e-01  -0.0009428889994015003
   4.7000000e-01  -0.0009449346187265003
   4.7500000e-01  -0.0009468308582265002
   4.8000000e-01  -0.0009485802339765003
   4.8500000e-01  -0.0009501855155265003
   4.9000000e-01  -0.0009516496570765002
   4.9500000e-01  -0.0009529756316765003
   5.0000000e-01  -0.0009541662744265003
   5.0500000e-01  -0.0009552242271765003
   5.1000000e-01  -0.0009561519989515003
   5.1500000e-01  -0.0009569520799765003
   5.2000000e-01  -0.0009576270305265003
   5.2500000e-01  -0.0009581795065540003
   5.3000000e-01  -0.0009586122335590003
   5.3500000e-01  -0.0009589279627040003
   5.4000000e-01  -0.0009591294389990003
   5.4500000e-01  -0.0009592193970022503
   5.5000000e-01   -0.0009592005819105003
   5.5500000e-01   -0.0009590757753330003
   5.6000000e-01   -0.0009588477967305002
   5.6500000e-01   -0.0009585194640705003
   5.7000000e-01   -0.0009580935255005002
   5.7500000e-01   -0.0009575726003480002
   5.8000000e-01   -0.0009569591754480003
   5.8500000e-01   -0.0009562556796480002
   5.9000000e-01   -0.0009554646096980003
   5.9500000e-01   -0.0009545886361480003
   6.0000000e-01   -0.0009536306204980003
   6.0500000e-01   -0.0009525935305730003
   6.1000000e-01   -0.0009514803070730003
   6.1500000e-01   -0.0009502937608230003
   6.2000000e-01   -0.0009490365526230002
   6.2500000e-01   -0.0009477112524480002
   6.3000000e-01   -0.0009463204312230002
   6.3500000e-01   -0.0009448667298230001
   6.4000000e-01   -0.0009433528732230002
   6.4500000e-01   -0.0009417816329480002
   6.5000000e-01   -0.0009401557671230001
   6.5500000e-01   -0.0009384779759980001
   6.6000000e-01   -0.0009367509023980002
   6.6500000e-01   -0.0009349771827230002
   6.7000000e-01   -0.0009331595222730002
   6.7500000e-01   -0.0009313007461230001
   6.8000000e-01   -0.0009294037822230001
   6.8500000e-01   -0.0009274715698480001
   6.9000000e-01   -0.0009255069319230001
   6.9500000e-01   -0.0009235124761730001
   7.0000000e-01   -0.0009214905818230001
   7.0500000e-01   -0.0009194434877230002
   7.1000000e-01   -0.0009173734444730002
   7.1500000e-01   -0.0009152828568980002
   7.2000000e-01   -0.0009131743462480002
   7.2500000e-01   -0.0009110507031730002
   7.3000000e-01   -0.0009089147600730002
   7.3500000e-01   -0.0009067692518730002
   7.4000000e-01   -0.0009046167369480001
   7.4500000e-01   -0.0009024596151730001
   7.5000000e-01   -0.0009003002287480001
   7.5500000e-01   -0.0008981409876980001
   7.6000000e-01   -0.0008959844475730001
   7.6500000e-01   -0.0008938332940230001
   7.7000000e-01   -0.0008916902470730001
   7.7500000e-01   -0.0008895579511730001
   7.8000000e-01   -0.0008874389217980001
   7.8500000e-01   -0.000885335569048
   7.9000000e-01   -0.000883250258623
   7.9500000e-01   -0.000881185355098
   8.0000000e-01   -0.000879143226748
   8.0500000e-01   -0.000877126231698
   8.1000000e-01   -0.000875136710798
   8.1500000e-01   -0.000873176989773
   8.2000000e-01   -0.0008712493741480001
   8.2500000e-01   -0.0008693561245480001
   8.3000000e-01   -0.0008674994242230001
   8.3500000e-01   -0.0008656813725480001
   8.4000000e-01   -0.0008639040332480001
   8.4500000e-01   -0.0008621695271730001
   8.5000000e-01   -0.0008604801146480001
   8.5500000e-01   -0.0008588382080980001
   8.6000000e-01   -0.0008572463030730001
   8.6500000e-01   -0.0008557068744730001
   8.7000000e-01   -0.0008542222996980001
   8.7500000e-01   -0.0008527948328230002
   8.8000000e-01   -0.0008514266077980002
   8.8500000e-01   -0.0008501196382730002
   8.9000000e-01   -0.0008488758070480002
   8.9500000e-01   -0.0008476968638980002
   9.0000000e-01   -0.0008465844489230002
   9.0500000e-01   -0.0008455401401980002
   9.1000000e-01   -0.0008445655204230002
   9.1500000e-01   -0.0008436622673480002
   9.2000000e-01   -0.0008428322688480002
   9.2500000e-01   -0.0008420777330730002
   9.3000000e-01   -0.0008414012295480002
   9.3500000e-01   -0.0008408055917980002
   9.4000000e-01   -0.0008402936493930002
   9.4500000e-01   -0.0008398678301230002
   9.5000000e-01   -0.0008395297620630002
   9.5500000e-01   -0.0008392800691305001
   9.6000000e-01   -0.0008391185293430001
   9.6500000e-01   -0.0008390446197877501
   9.7000000e-01  -0.0008390582646300002
   9.7500000e-01  -0.0008391604640050001
   9.8000000e-01  -0.0008393535179725001
   9.8500000e-01  -0.0008396407583825001
   9.9000000e-01  -0.0008400259401625001
   9.9500000e-01  -0.0008405125820725002
   1.0000000e+00  -0.0008411035171475002
   1.0050000e+00  -0.0008418007493225002
   1.0100000e+00  -0.0008426055248975002
   1.0150000e+00  -0.0008435184388725002
   1.0200000e+00  -0.0008445394612725002
   1.0250000e+00  -0.0008456679235725002
   1.0300000e+00  -0.0008469026170975002
   1.0350000e+00  -0.0008482421336475002
   1.0400000e+00  -0.0008496854432725002
   1.0450000e+00  -0.0008512325488975002
   1.0500000e+00  -0.0008528849665225002
   1.0550000e+00  -0.0008546457886975002
   1.0600000e+00  -0.0008565191999975003
   1.0650000e+00  -0.0008585095108975002
   1.0700000e+00  -0.0008606200085725002
   1.0750000e+00  -0.0008628520784725002
   1.0800000e+00  -0.0008652050051225002
   1.0850000e+00  -0.0008676765850725002
   1.0900000e+00  -0.0008702643048975002
   1.0950000e+00  -0.0008729665696225002
   1.1000000e+00  -0.0008757834748725001
   1.1050000e+00  -0.0008787168861225001
   1.1100000e+00  -0.0008817699341975001
   1.1150000e+00  -0.0008849462391225001
   1.1200000e+00  -0.0008882491458725001
   1.1250000e+00  -0.0008916810866475001
   1.1300000e+00  -0.0008952430478725001
   1.1350000e+00  -0.0008989341230475001
   1.1400000e+00  -0.0009027512503475001
   1.1450000e+00  -0.0009066893483725001
   1.1500000e+00  -0.0009107420570225001
   1.1550000e+00  -0.0009149031205225001
   1.1600000e+00  -0.0009191681740225001
   1.1650000e+00  -0.0009235364411975002
   1.1700000e+00  -0.0009280117497475002
   1.1750000e+00  -0.0009326023870725002
   1.1800000e+00  -0.0009373196079725002
   1.1850000e+00  -0.0009421749711475001
   1.1900000e+00  -0.0009471770424475002
   1.1950000e+00  -0.0009523283114475002
   1.2000000e+00  -0.0009576233379475002
   1.2050000e+00  -0.0009630490166975002
   1.2100000e+00  -0.0009685872984475001
   1.2150000e+00  -0.0009742198221975001
   1.2200000e+00  -0.0009799330614475002
   1.2250000e+00  -0.0009857222371975002
   1.2300000e+00  -0.0009915926696975003
   1.2350000e+00  -0.0009975582746975004
   1.2400000e+00  -0.0010036380264475003
   1.2450000e+00  -0.0010098517941975003
   1.2500000e+00  -0.0010162167036975004
   1.2550000e+00  -0.0010227443356975003
   1.2600000e+00  -0.0010294383739475003
   1.2650000e+00  -0.0010362924071975002
   1.2700000e+00  -0.0010432884584475
   1.2750000e+00  -0.0010503976689475
   1.2800000e+00  -0.0010575844236975001
   1.2850000e+00  -0.0010648137959475001
   1.2900000e+00  -0.0010720603299475002
   1.2950000e+00  -0.0010793151804475002
   1.3000000e+00  -0.0010865891401975003
   1.3050000e+00  -0.0010939106371975003
   1.3100000e+00  -0.0011013193161975004
   1.3150000e+00  -0.0011088566734475003
   1.3200000e+00  -0.0011165555546975004
   1.3250000e+00  -0.0011244306399475004
   1.3300000e+00  -0.0011324723929475003
   1.3350000e+00  -0.0011406468646975004
   1.3400000e+00  -0.0011489027056975005
   1.3450000e+00  -0.0011571847444475005
   1.3500000e+00  -0.0011654510556975005
   1.3550000e+00  -0.0011736883704475006
   1.3600000e+00  -0.0011819198379475005
   1.3650000e+00  -0.0011902004376975004
   1.3700000e+00  -0.0011985992511975004
   1.3750000e+00  -0.0012071735636975003
   1.3800000e+00  -0.0012159448041975003
   1.3850000e+00  -0.0012248872681975003
   1.3900000e+00  -0.0012339356176975002
   1.3950000e+00  -0.0012430082156975
   1.4000000e+00  -0.0012520355579475001
   1.4050000e+00  -0.0012609813919475
   1.4100000e+00  -0.0012698495356975
   1.4150000e+00  -0.0012786778529475
   1.4200000e+00  -0.0012875263036974999
   1.4250000e+00  -0.0012964652611975
   1.4300000e+00  -0.0013055652304475
   1.4350000e+00  -0.0013148847729475
   1.4400000e+00  -0.0013244538214475
   1.4450000e+00  -0.0013342545974475
   1.4500000e+00  -0.0013442082924475002
   1.4550000e+00  -0.0013541778701975002
   1.4600000e+00  -0.0013639931954475002
   1.4650000e+00  -0.0013734952179475
   1.4700000e+00  -0.0013825854656975
   1.4750000e+00  -0.0013912613456975001
   1.4800000e+00  -0.0013996208851975
   1.4850000e+00  -0.0014078324134475001
   1.4900000e+00  -0.0014160801034475
   1.4950000e+00  -0.0014245074174475
   1.5000000e+00  -0.0014331812011975
   1.5050000e+00  -0.0014420887681975
   1.5100000e+00  -0.0014511640749475
   1.5150000e+00  -0.0014603254434475
   1.5200000e+00  -0.0014695034216975
   1.5250000e+00  -0.0014786454249475002
   1.5300000e+00  -0.0014876994676975002
   1.5350000e+00  -0.0014965936019475001
   1.5400000e+00  -0.0015052316656975
   1.5450000e+00  -0.0015135162134475
   1.5500000e+00  -0.0015213910989475001
   1.5550000e+00  -0.0015288804294475002
   1.5600000e+00  -0.0015360984011975002
   1.5650000e+00  -0.0015432189604475002
   1.5700000e+00  -0.0015504175901975001
   1.5750000e+00  -0.0015578151161975001
   1.5800000e+00  -0.0015654527616975002
   1.5850000e+00  -0.0015733075379475003
   1.5900000e+00  -0.0015813299461975004
   1.5950000e+00  -0.0015894710504475004
   1.6000000e+00  -0.0015976756959475004
   1.6050000e+00  -0.0016058481539475004
   1.6100000e+00  -0.0016138246659475003
   1.6150000e+00  -0.0016213908774475004
   1.6200000e+00  -0.0016283536814475003
   1.6250000e+00  -0.0016346338254475004
   1.6300000e+00  -0.0016403198006975004
   1.6350000e+00  -0.0016456383331975005
   1.6400000e+00  -0.0016508469586975004
   1.6450000e+00  -0.0016561065796975004
   1.6500000e+00  -0.0016614089576975004
   1.6550000e+00  -0.0016666023436975005
   1.6600000e+00  -0.0016714992192475005
   1.6650000e+00  -0.0016760028916725004
   1.6700000e+00  -0.0016801825001975003
   1.6750000e+00  -0.0016842577786975003
   1.6800000e+00  -0.0016885019314475003
   1.6850000e+00  -0.0016931073661975004
   1.6900000e+00  -0.0016980719862975005
   1.6950000e+00  -0.0017031538865475006
   1.7000000e+00  -0.0017079164314475006
   1.7050000e+00  -0.0017118526391225006
   1.7100000e+00  -0.0017145485022725007
   1.7150000e+00  -0.0017158304097975006
   1.7200000e+00   -0.0017158471257225007
   1.7250000e+00   -0.0017150569450725007
   1.7300000e+00   -0.0017141158906225007
   1.7350000e+00   -0.0017136876069397506
   1.7400000e+00  -0.0017142208402070006
   1.7450000e+00  -0.0017157646138820006
   1.7500000e+00  -0.0017179013593570005
   1.7550000e+00  -0.0017198543253820005
   1.7600000e+00  -0.0017207602375095006
   1.7650000e+00   -0.0017200141450370006
   1.7700000e+00   -0.0017175381802120005
   1.7750000e+00   -0.0017138414973120004
   1.7800000e+00   -0.0017098277579370004
   1.7850000e+00   -0.0017064248154620004
   1.7900000e+00   -0.0017041942381620003
   1.7950000e+00   -0.0017030835193370003
   1.8000000e+00   -0.0017024153112620002
   1.8050000e+00   -0.0017011069834870001
   1.8100000e+00   -0.0016980281869620002
   1.8150000e+00   -0.0016923636481370001
   1.8200000e+00   -0.001683859102637
   1.8250000e+00   -0.001672879169137
   1.8300000e+00   -0.001660275798637
   1.8350000e+00   -0.001647127813637
   1.8400000e+00   -0.001634442923637
   1.8450000e+00   -0.001622907155387
   1.8500000e+00   -0.001612736866387
   1.8550000e+00   -0.001603656328137
   1.8600000e+00   -0.001594998783637
   1.8650000e+00   -0.0015859061366369999
   1.8700000e+00   -0.0015755781768869998
   1.8750000e+00   -0.0015635062753869998
   1.8800000e+00   -0.0015496332283869998
   1.8850000e+00   -0.0015344081388869997
   1.8900000e+00   -0.0015187295798869997
   1.8950000e+00   -0.0015037722608869997
   1.9000000e+00   -0.0014906851503869998
   1.9050000e+00   -0.0014801730188869998
   1.9100000e+00   -0.001472052148387
   1.9150000e+00   -0.001464968762387
   1.9200000e+00   -0.001456499769637
   1.9250000e+00   -0.0014437492333869999
   1.9300000e+00   -0.001424326287387
   1.9350000e+00   -0.0013973552583869998
   1.9400000e+00   -0.0013640738036369998
   1.9450000e+00   -0.0013277009138869997
   1.9500000e+00   -0.0012925577863869997
   1.9550000e+00   -0.0012627505941369998
   1.9600000e+00   -0.0012409097693869997
   1.9650000e+00   -0.0012274401091369998
   1.9700000e+00   -0.0012205050269619997
   1.9750000e+00   -0.0012166711080119996
   1.9800000e+00   -0.0012119143229869997
   1.9850000e+00   -0.0012026192082369997
   1.9900000e+00   -0.0011862842639869997
   1.9950000e+00   -0.0011618118762369996
   2.0000000e+00   -0.0011294218654869996
   2.0050000e+00   -0.0010903245774869996
   2.0100000e+00   -0.0010463100597369996
   2.0150000e+00   -0.0009993776422369996
   2.0200000e+00   -0.0009514758027369995
   2.0250000e+00   -0.0009043640717369995
   2.0300000e+00   -0.0008595558322369995
   2.0350000e+00   -0.0008182665302369995
   2.0400000e+00   -0.0007812971172369995
   2.0450000e+00   -0.0007488392039869996
   2.0500000e+00   -0.0007202765159869996
   2.0550000e+00   -0.0006941237004869996
   2.0600000e+00   -0.0006682312287369996
   2.0650000e+00   -0.0006402759489869996
   2.0700000e+00   -0.0006083965237369996
   2.0750000e+00   -0.0005717149647369996
   2.0800000e+00   -0.0005304965422369995
   2.0850000e+00   -0.00048585889348699954
   2.0900000e+00   -0.0004391711784869995
   2.0950000e+00   -0.0003914521062369995
   2.1000000e+00   -0.0003430749307369995
   2.1050000e+00   -0.0002939128434869995
   2.1100000e+00   -0.0002438119689869995
   2.1150000e+00   -0.00019310189648699948
   2.1200000e+00   -0.00014283385798699946
   2.1250000e+00   -9.456913348699946e-5
   2.1300000e+00   -4.9751958486999464e-5
   2.1350000e+00   -8.904010986999465e-6
   2.1400000e+00   2.9001084763000535e-5
   2.1450000e+00   6.663793226300054e-5
   2.1500000e+00   0.00010773011051300055
   2.1550000e+00   0.00015587033101300055
   2.1600000e+00   0.00021317839851300055
   2.1650000e+00   0.00027936487851300056
   2.1700000e+00   0.00035165924351300055
   2.1750000e+00   0.0004257134660130005
   2.1800000e+00   0.0004971595160130005
   2.1850000e+00   0.0005631918460130005
   2.1900000e+00   0.0006235181160130005
   2.1950000e+00   0.0006802931335130006
   2.2000000e+00   0.0007370973535130006
   2.2050000e+00   0.0007974302710130006
   2.2100000e+00   0.0008633654860130005
   2.2150000e+00   0.0009348840235130005
   2.2200000e+00   0.0010100563810130005
   2.2250000e+00   0.0010858805660130006
   2.2300000e+00   0.0011593805610130006
   2.2350000e+00   0.0012285762185130005
   2.2400000e+00   0.0012930708735130005
   2.2450000e+00   0.0013541511960130006
   2.2500000e+00   0.0014144004985130005
   2.2550000e+00   0.0014769124635130005
   2.2600000e+00   0.0015442921260130004
   2.2650000e+00   0.0016177351260130005
   2.2700000e+00   0.0016965243960130006
   2.2750000e+00   0.0017782058735130006
   2.2800000e+00   0.0018594752960130005
   2.2850000e+00   0.0019374843085130005
   2.2900000e+00   0.0020110067960130004
   2.2950000e+00   0.0020808821635130005
   2.3000000e+00   0.0021494647185130006
   2.3050000e+00   0.002219338656013001
   2.3100000e+00   0.002291996623513001
   2.3150000e+00   0.002367224326013001
   2.3200000e+00   0.0024435262660130012
   2.3250000e+00   0.0025193198785130014
   2.3300000e+00   0.0025942001735130013
   2.3350000e+00   0.0026695768960130015
   2.3400000e+00   0.0027483664160130017
   2.3450000e+00   0.002833920121013002
   2.3500000e+00   0.002928707506013002
   2.3550000e+00   0.0030333046285130017
   2.3600000e+00   0.0031460162585130015
   2.3650000e+00   0.0032631606860130014
   2.3700000e+00   0.0033798507235130015
   2.3750000e+00   0.0034910748085130016
   2.3800000e+00   0.0035929250010130016
   2.3850000e+00   0.0036837852935130014
   2.3900000e+00   0.0037651489910130015
   2.3950000e+00   0.0038416331410130017
   2.4000000e+00   0.003919922101013002
   2.4050000e+00   0.004006847711013002
   2.4100000e+00   0.004107345973513002
   2.4150000e+00   0.004223212458513002
   2.4200000e+00   0.004353183683513002
   2.4250000e+00   0.004494090868513002
   2.4300000e+00   0.004642191451013002
   2.4350000e+00   0.004793766043513002
   2.4400000e+00   0.004944727191013002
   2.4450000e+00   0.005089858446013002
   2.4500000e+00   0.005222723968513002
   2.4550000e+00   0.0053368948210130015
   2.4600000e+00   0.005428165186013001
   2.4650000e+00   0.005496573371013002
   2.4700000e+00   0.005546944521013002
   2.4750000e+00   0.0055874511352630015
   2.4800000e+00   0.005626840973263002
   2.4850000e+00   0.005671749434513001
   2.4900000e+00   0.005725406894513002
   2.4950000e+00   0.005788167359513001
   2.5000000e+00   0.005859209782013001
   2.5050000e+00   0.005938173919513001
   2.5100000e+00   0.006025725489513001
   2.5150000e+00   0.006122898092013001
   2.5200000e+00   0.0062299330195130015
   2.5250000e+00   0.006345638007013001
   2.5300000e+00   0.006467829359513001
   2.5350000e+00   0.006594567944513002
   2.5400000e+00   0.006725286812013002
   2.5450000e+00   0.006860978664513001
   2.5500000e+00   0.0070032859245130015
   2.5550000e+00   0.007153097099513002
   2.5600000e+00   0.007309555079513002
   2.5650000e+00   0.0074700518145130014
   2.5700000e+00   0.007631103949513001
   2.5750000e+00   0.007789467687013002
   2.5800000e+00   0.007942799044513001
   2.5850000e+00   0.008089579392013001
   2.5900000e+00   0.008228580109513002
   2.5950000e+00   0.008358440607013002
   2.6000000e+00   0.008477782557013003
   2.6050000e+00   0.008585808689513003
   2.6100000e+00   0.008682906639513002
   2.6150000e+00   0.008770742559513002
   2.6200000e+00   0.008851732642013001
   2.6250000e+00   0.008928306974513
   2.6300000e+00   0.009002580677013
   2.6350000e+00   0.009076713524513001
   2.6400000e+00   0.009153608104513001
   2.6450000e+00   0.009237188129513001
   2.6500000e+00   0.009331692754513001
   2.6550000e+00   0.009440124829513001
   2.6600000e+00   0.009562680487013002
   2.6650000e+00   0.009696125717013001
   2.6700000e+00   0.009834549422013
   2.6750000e+00   0.009971104829513001
   2.6800000e+00   0.010099847682013002
   2.6850000e+00   0.010216918214513001
   2.6900000e+00   0.010320908607013
   2.6950000e+00   0.010412780969513001
   2.7000000e+00   0.010495731234513
   2.7050000e+00   0.010574971314513
   2.7100000e+00   0.010656993154513
   2.7150000e+00   0.010747972339512999
   2.7200000e+00   0.010851623159513
   2.7250000e+00   0.010967548332013
   2.7300000e+00   0.011091268512013
   2.7350000e+00   0.011216376804513
   2.7400000e+00   0.011338022079513
   2.7450000e+00   0.011456001227013
   2.7500000e+00   0.011575787732013001
   2.7550000e+00   0.011706836284513002
   2.7600000e+00   0.011858836584513002
   2.7650000e+00   0.012037466919513002
   2.7700000e+00   0.012241259014513003
   2.7750000e+00   0.012460632289513003
   2.7800000e+00   0.012679434799513003
   2.7850000e+00   0.012878707747013003
   2.7900000e+00   0.013041841994513003
   2.7950000e+00   0.013159744219513003
   2.8000000e+00   0.013234251554513002
   2.8050000e+00   0.013278224743763003
   2.8100000e+00   0.013311763773763002
   2.8150000e+00   0.013355566864513002
   2.8200000e+00   0.013423838299513002
   2.8250000e+00   0.013519542667013001
   2.8300000e+00   0.013633906064513
   2.8350000e+00   0.013750300859513
   2.8400000e+00   0.013850888082013001
   2.8450000e+00   0.013923416029513
   2.8500000e+00   0.013965696196013
   2.8550000e+00   0.013986298430763001
   2.8600000e+00   0.014001442808763
   2.8650000e+00   0.014029396657263
   2.8700000e+00   0.014084488666013001
   2.8750000e+00   0.014172868171013
   2.8800000e+00   0.014291356226013
   2.8850000e+00   0.014429465221013
   2.8900000e+00   0.014573458366013
   2.8950000e+00   0.014710713628513
   2.9000000e+00   0.014832864428513
   2.9050000e+00   0.014936991768513
   2.9100000e+00   0.015025042918513
   2.9150000e+00   0.015102195076013
   2.9200000e+00   0.015174914058513
   2.9250000e+00   0.015249165283513
   2.9300000e+00   0.015328958841012999
   2.9350000e+00   0.015415371998512999
   2.9400000e+00   0.015506321446012999
   2.9450000e+00   0.015597372406013
   2.9500000e+00   0.015683552091013
   2.9550000e+00   0.015761566996013
   2.9600000e+00   0.015831390928513
   2.9650000e+00   0.015896292591013
   2.9700000e+00   0.015961090036013
   2.9750000e+00   0.016029406636013
   2.9800000e+00   0.016101376153512998
   2.9850000e+00   0.016173146606013
   2.9900000e+00   0.016238631763513
   2.9950000e+00   0.016292704578013
   3.0000000e+00   0.016334118174763
   3.0050000e+00   0.016366408790763
   3.0100000e+00   0.016395909530263
   3.0150000e+00   0.016427354288263002
   3.0200000e+00   0.016458849747263003
   3.0250000e+00   0.016478785674263002
   3.0300000e+00  0.016467001496013003
   3.0350000e+00  0.016400798587513005
   3.0400000e+00  0.016263655952513004
   3.0450000e+00  0.016052441832513004
   3.0500000e+00  0.015779233052513005
   3.0550000e+00  0.015466696150013004
   3.0600000e+00  0.015139571177513004
   3.0650000e+00  0.014816774715013003
   3.0700000e+00  0.014507828035013003
   3.0750000e+00  0.014214458305013004
   3.0800000e+00  0.013935271912513003
   3.0850000e+00  0.013670115872513003
   3.0900000e+00  0.013421613670013002
   3.0950000e+00  0.013193518267513003
   3.1000000e+00  0.012987501127513002
   3.1050000e+00  0.012800689432513002
   3.1100000e+00  0.012625495925013002
   3.1150000e+00  0.012451737785013002
   3.1200000e+00  0.012269730692513001
   3.1250000e+00  0.012072702222513002
   3.1300000e+00  0.011857550667513003
   3.1350000e+00  0.011624104135013002
   3.1400000e+00  0.011373830687513003
   3.1450000e+00  0.011108966535013002
   3.1500000e+00  0.010832418967513002
   3.1550000e+00  0.010548125595013003
   3.1600000e+00  0.010261303487513003
   3.1650000e+00  0.009978258860013004
   3.1700000e+00  0.009705812992513004
   3.1750000e+00  0.009450564802513004
   3.1800000e+00  0.009218088152513003
   3.1850000e+00  0.009011997442513003
   3.1900000e+00  0.008832879360013002
   3.1950000e+00  0.008677390810013003
   3.2000000e+00  0.008538085105013003
   3.2050000e+00  0.008404435302513003
   3.2100000e+00  0.008265017052513002
   3.2150000e+00  0.008110175527513003
   3.2200000e+00  0.007934158992513003
   3.2250000e+00  0.007735912862513002
   3.2300000e+00  0.007518389097513002
   3.2350000e+00  0.007286941235013002
   3.2400000e+00  0.007047722080013002
   3.2450000e+00  0.006806792767513002
   3.2500000e+00  0.006570039832513002
   3.2550000e+00  0.006343371052513002
   3.2600000e+00  0.006132428032513002
   3.2650000e+00  0.005941401435013002
   3.2700000e+00  0.005771287240013002
   3.2750000e+00  0.005618588410013002
   3.2800000e+00  0.005475524360013002
   3.2850000e+00  0.005332097460013002
   3.2900000e+00  0.005179275330013002
   3.2950000e+00  0.005011810227513002
   3.3000000e+00  0.004829365630013001
   3.3050000e+00  0.004635569002513001
   3.3100000e+00  0.004435717512513001
   3.3150000e+00  0.004234436715013001
   3.3200000e+00  0.004034381432513001
   3.3250000e+00  0.0038363524625130013
   3.3300000e+00  0.0036404715550130014
   3.3350000e+00  0.0034476413425130015
   3.3400000e+00  0.0032604787450130016
   3.3450000e+00  0.0030831687950130015
   3.3500000e+00  0.0029201455125130015
   3.3550000e+00  0.0027740483725130017
   3.3600000e+00  0.002643822272513002
   3.3650000e+00  0.0025238869225130017
   3.3700000e+00  0.0024049033550130015
   3.3750000e+00  0.0022759901875130015
   3.3800000e+00  0.0021276592750130016
   3.3850000e+00  0.0019545431075130015
   3.3900000e+00  0.0017571791150130015
   3.3950000e+00  0.0015424551425130015
   3.4000000e+00  0.0013225754600130015
   3.4050000e+00  0.0011125829300130015
   3.4100000e+00  0.0009267595750130015
   3.4150000e+00  0.0007747151450130014
   3.4200000e+00  0.0006584343725130014
   3.4250000e+00  0.0005715514900130014
   3.4300000e+00  0.0005013932525130014
   3.4350000e+00  0.00043311309001300145
   3.4400000e+00  0.00035420000751300144
   3.4450000e+00  0.00025745680251300146
   3.4500000e+00  0.00014138307751300144
   3.4550000e+00  8.296605013001452e-6
   3.4600000e+00  -0.00013835122998699857
   3.4650000e+00  -0.00029581556998699857
   3.4700000e+00  -0.00046219041998699854
   3.4750000e+00  -0.0006351819799869985
   3.4800000e+00  -0.0008107283324869986
   3.4850000e+00  -0.0009826783499869987
   3.4900000e+00  -0.0011439832999869987
   3.4950000e+00  -0.0012888728024869987
   3.5000000e+00  -0.0014148901574869987
   3.5050000e+00  -0.0015237412899869987
   3.5100000e+00  -0.0016205297474869986
   3.5150000e+00  -0.0017117174849869987
   3.5200000e+00  -0.0018026965724869987
   3.5250000e+00  -0.0018959930424869986
   3.5300000e+00  -0.0019908511599869986
   3.5350000e+00  -0.0020843820724869987
   3.5400000e+00  -0.0021737955849869986
   3.5450000e+00  -0.0022587162799869985
   3.5500000e+00  -0.0023424656549869984
   3.5550000e+00  -0.0024315938249869985
   3.5600000e+00  -0.0025337388599869985
   3.5650000e+00  -0.0026547043024869985
   3.5700000e+00  -0.0027960437574869983
   3.5750000e+00  -0.0029542025849869985
   3.5800000e+00  -0.0031215281949869985
   3.5850000e+00  -0.0032886327299869985
   3.5900000e+00  -0.0034470906074869985
   3.5950000e+00  -0.0035914529874869986
   3.6000000e+00  -0.0037199490549869986
   3.6050000e+00  -0.0038337772024869985
   3.6100000e+00  -0.003935384884986999
   3.6150000e+00  -0.004026517864986999
   3.6200000e+00  -0.004107013394986999
   3.6250000e+00  -0.0041751599124869995
   3.6300000e+00  -0.004229806703736999
   3.6350000e+00  -0.0042733950802369995
   3.6400000e+00  -0.004314192021237
   3.6450000e+00  -0.004365900461987
   3.6500000e+00  -0.004443851051986999
   3.6550000e+00  -0.004558807681987
   3.6600000e+00  -0.004711071506987
   3.6650000e+00  -0.004887988514487
   3.6700000e+00  -0.005066699114487
   3.6750000e+00  -0.005221526199487
   3.6800000e+00  -0.0053330387719869995
   3.6850000e+00  -0.005394861265736999
   3.6900000e+00  -0.0054153151348869995
   3.6950000e+00   -0.005413466530536999
   3.7000000e+00  -0.005411759710511999
   3.7050000e+00  -0.005428737662736999
   3.7100000e+00  -0.005474772817736999
   3.7150000e+00  -0.005551762572736999
   3.7200000e+00  -0.005655645985237
   3.7250000e+00  -0.005779551980236999
   3.7300000e+00  -0.005915797865236999
   3.7350000e+00  -0.006056300350236999
   3.7400000e+00  -0.0061922418852369985
   3.7450000e+00  -0.006314252090236999
   3.7500000e+00  -0.006413779672736999
   3.7550000e+00  -0.006485273310236999
   3.7600000e+00  -0.006528042708736999
   3.7650000e+00  -0.006546730281736999
   3.7700000e+00   -0.006550093839711999
   3.7750000e+00   -0.006548710451286998
   3.7800000e+00  -0.006552652489386999
   3.7850000e+00  -0.006569936811886999
   3.7900000e+00  -0.006605879089136998
   3.7950000e+00  -0.0066629135988869985
   3.8000000e+00  -0.0067403429513869986
   3.8050000e+00  -0.006833874058886999
   3.8100000e+00  -0.006935361923886999
   3.8150000e+00  -0.0070335036988869995
   3.8200000e+00  -0.007116021116386999
   3.8250000e+00  -0.007173147739886999
   3.8300000e+00  -0.007201324928136999
   3.8350000e+00   -0.007205439823636999
   3.8400000e+00   -0.007198187612136999
   3.8450000e+00  -0.007196296480886999
   3.8500000e+00  -0.007214921840136999
   3.8550000e+00  -0.007262597063386999
   3.8600000e+00  -0.0073389711058869985
   3.8650000e+00  -0.007436148473386999
   3.8700000e+00  -0.007542602993386999
   3.8750000e+00  -0.007647510635886999
   3.8800000e+00  -0.007743578295886999
   3.8850000e+00  -0.007827709493386998
   3.8900000e+00  -0.007900148823386998
   3.8950000e+00  -0.007963220358386999
   3.9000000e+00  -0.008020321098386999
   3.9050000e+00  -0.008075077373386998
   3.9100000e+00  -0.008130266700886998
   3.9150000e+00  -0.008186487533386999
   3.9200000e+00  -0.008241211265886998
   3.9250000e+00  -0.008289108874386998
   3.9300000e+00  -0.008324054674136999
   3.9350000e+00  -0.008342213259386999
   3.9400000e+00   -0.008344770664761999
   3.9450000e+00   -0.008338780091136998
   3.9500000e+00  -0.008335391928111998
   3.9550000e+00  -0.008346015115836998
   3.9600000e+00  -0.008378023436836997
   3.9650000e+00  -0.008431922654586997
   3.9700000e+00  -0.008501295817086998
   3.9750000e+00  -0.008575640152086998
   3.9800000e+00  -0.008644937004586998
   3.9850000e+00  -0.008703992002086998
   3.9900000e+00  -0.008754592581586998
   3.9950000e+00  -0.008804395761086997
   4.0000000e+00  -0.008862873148586997
   4.0050000e+00  -0.008936013156086997
   4.0100000e+00  -0.009022161471086997
   4.0150000e+00  -0.009110981893586997
   4.0200000e+00  -0.009186166961086997
   4.0250000e+00  -0.009230853297836997
   4.0300000e+00   -0.009233522394836997
   4.0350000e+00   -0.009192051817586998
   4.0400000e+00   -0.009114508912586998
   4.0450000e+00   -0.009016697715086997
   4.0500000e+00   -0.008917652757586996
   4.0550000e+00   -0.008834748942586996
   4.0600000e+00   -0.008779860536086996
   4.0650000e+00   -0.008757393585586996
   4.0700000e+00  -0.008764398761586996
   4.0750000e+00  -0.008792500662336996
   4.0800000e+00  -0.008831019488586996
   4.0850000e+00  -0.008870378936336996
   4.0900000e+00  -0.008904790233336997
   4.0950000e+00  -0.008933426236086997
   4.1000000e+00  -0.008959847712336997
   4.1050000e+00  -0.008990074130336997
   4.1100000e+00  -0.009030080400586997
   4.1150000e+00  -0.009083506991086997
   4.1200000e+00  -0.009150131318586998
   4.1250000e+00  -0.009225408778586998
   4.1300000e+00  -0.009301243661086998
   4.1350000e+00  -0.009367962503586999
   4.1400000e+00  -0.009417085597587
   4.1450000e+00  -0.009444014204087
   4.1500000e+00   -0.009449513873886999
   4.1550000e+00   -0.009439199347937
   4.1600000e+00   -0.009421090971436999
   4.1650000e+00   -0.009402283150186999
   4.1700000e+00   -0.009386265674937
   4.1750000e+00   -0.009372142590437
   4.1800000e+00   -0.009356046660187
   4.1850000e+00   -0.009333969820937
   4.1900000e+00   -0.009304585681187
   4.1950000e+00   -0.009270715903686999
   4.2000000e+00   -0.009238781569187
   4.2050000e+00   -0.009216505571437
   4.2100000e+00  -0.009209875026212
   4.2150000e+00  -0.009220655302487
   4.2200000e+00  -0.009245494853987
   4.2250000e+00  -0.009276991109487001
   4.2300000e+00  -0.009306276241487001
   4.2350000e+00  -0.009326075200487002
   4.2400000e+00  -0.009333056357202002
   4.2450000e+00   -0.009328669979167002
   4.2500000e+00   -0.009318316827667003
   4.2550000e+00   -0.009309266436917003
   4.2600000e+00  -0.009308039367192003
   4.2650000e+00  -0.009318004740217004
   4.2700000e+00  -0.009337874693967003
   4.2750000e+00  -0.009361666948717004
   4.2800000e+00  -0.009380446130717004
   4.2850000e+00   -0.009385599991792004
   4.2900000e+00   -0.009372633126617003
   4.2950000e+00   -0.009343868863867004
   4.3000000e+00   -0.009308555614867004
   4.3050000e+00   -0.009279884377367004
   4.3100000e+00  -0.009269943181342005
   4.3150000e+00  -0.009284805694317005
   4.3200000e+00  -0.009322012816317005
   4.3250000e+00  -0.009371554101317004
   4.3300000e+00  -0.009419755799817004
   4.3350000e+00  -0.009454214187817004
   4.3400000e+00  -0.009467706429417005
   4.3450000e+00   -0.009459788181017005
   4.3500000e+00   -0.009435941112767006
   4.3550000e+00   -0.009405027858267006
   4.3600000e+00   -0.009376165433517006
   4.3650000e+00   -0.009356036531017006
   4.3700000e+00   -0.009347347603967006
   4.3750000e+00  -0.009348747751667006
   4.3800000e+00  -0.009356074402667006
   4.3850000e+00  -0.009364353023167007
   4.3900000e+00  -0.009369715253617007
   4.3950000e+00   -0.009370485380167007
   4.4000000e+00   -0.009367123222767006
   4.4050000e+00   -0.009361279721017007
   4.4100000e+00   -0.009354602671017006
   4.4150000e+00   -0.009347926421017005
   4.4200000e+00   -0.009341132392517005
   4.4250000e+00   -0.009333512103267005
   4.4300000e+00   -0.009324180215267005
   4.4350000e+00   -0.009312141632767005
   4.4400000e+00   -0.009295975786517006
   4.4450000e+00   -0.009273516694767005
   4.4500000e+00   -0.009242058252267005
   4.4550000e+00   -0.009199334711767005
   4.4600000e+00   -0.009144969574517004
   4.4650000e+00   -0.009081647102017004
   4.4700000e+00   -0.009015275502017004
   4.4750000e+00   -0.008953882262017003
   4.4800000e+00   -0.008905588336517004
   4.4850000e+00   -0.008876384986767004
   4.4900000e+00  -0.008868454798667004
   4.4950000e+00  -0.008879556682567003
   4.5000000e+00  -0.008903696792317003
   4.5050000e+00  -0.008932973229817003
   4.5100000e+00  -0.008960084534567002
   4.5150000e+00  -0.008980616696317003
   4.5200000e+00  -0.008994125457317002
   4.5250000e+00  -0.009003440305067003
   4.5300000e+00  -0.009012461157317003
   4.5350000e+00  -0.009023551914817003
   4.5400000e+00  -0.009035905895567003
   4.5450000e+00  -0.009045735233067002
   4.5500000e+00   -0.009048124197867002
   4.5550000e+00   -0.009039521359167002
   4.5600000e+00   -0.009019622456417001
   4.5650000e+00   -0.008991829358167001
   4.5700000e+00   -0.008962173109417002
   4.5750000e+00   -0.008937154201167002
   4.5800000e+00   -0.008921248717917002
   4.5850000e+00   -0.008914939537167002
   4.5900000e+00  -0.008914090148174502
   4.5950000e+00   -0.008911153703932001
   4.6000000e+00   -0.008898009353682
   4.6050000e+00   -0.008869364274932
   4.6100000e+00   -0.008825170048932
   4.6150000e+00   -0.008770808608932
   4.6200000e+00   -0.008714855238932
   4.6250000e+00   -0.008665458014932
   4.6300000e+00   -0.008627077833431999
   4.6350000e+00   -0.008599124006681998
   4.6400000e+00   -0.008577034676681998
   4.6450000e+00   -0.008555119101181998
   4.6500000e+00   -0.008529619462431998
   4.6550000e+00   -0.008500384339181998
   4.6600000e+00   -0.008470314561431998
   4.6650000e+00   -0.008442964637931998
   4.6700000e+00   -0.008419709333181999
   4.6750000e+00   -0.008398129787431999
   4.6800000e+00   -0.008372578948682
   4.6850000e+00   -0.008336659670182
   4.6900000e+00   -0.008286328351932
   4.6950000e+00   -0.008222106959432
   4.7000000e+00   -0.008149490271932
   4.7050000e+00   -0.008077584079432
   4.7100000e+00   -0.008016682634431999
   4.7150000e+00   -0.007975605488932
   4.7200000e+00   -0.007959364921906999
   4.7250000e+00  -0.007967528950131999
   4.7300000e+00  -0.007993659884631998
   4.7350000e+00  -0.008026239092381999
   4.7400000e+00  -0.008051206834132
   4.7450000e+00   -0.008055607662882
   4.7500000e+00   -0.008031202003632
   4.7550000e+00   -0.007976759479382001
   4.7600000e+00   -0.007898248079382001
   4.7650000e+00   -0.007806977014382001
   4.7700000e+00   -0.007716450064382001
   4.7750000e+00   -0.007638947159382001
   4.7800000e+00   -0.0075827263918820005
   4.7850000e+00   -0.007550451089632
   4.7900000e+00   -0.007539140628157
   4.7950000e+00  -0.007541609821682
   4.8000000e+00  -0.007548969978932
   4.8050000e+00  -0.007553406527332
   4.8100000e+00   -0.007550314454482
   4.8150000e+00   -0.007539093976731999
   4.8200000e+00   -0.007522423588731999
   4.8250000e+00   -0.007504405576481999
   4.8300000e+00   -0.007488365313231999
   4.8350000e+00   -0.007475140667231999
   4.8400000e+00   -0.007462441143731999
   4.8450000e+00   -0.007445422487731999
   4.8500000e+00   -0.007418189270981999
   4.8550000e+00   -0.007375663139732
   4.8600000e+00   -0.007315219539732
   4.8650000e+00   -0.007237668702232
   4.8700000e+00   -0.007147410317232
   4.8750000e+00   -0.007051793999732
   4.8800000e+00   -0.006959832269732
   4.8850000e+00   -0.0068805032497319995
   4.8900000e+00   -0.006821002051981999
   4.8950000e+00   -0.006785388828231999
   4.9000000e+00  -0.006773989979646999
   4.9050000e+00  -0.006783590081561999
   4.9100000e+00  -0.006808098003812
   4.9150000e+00  -0.006839298069562
   4.9200000e+00  -0.006867620632812
   4.9250000e+00  -0.006883285337062
   4.9300000e+00   -0.0068781676178120005
   4.9350000e+00   -0.0068481031360620006
   4.9400000e+00   -0.006794518572562001
   4.9450000e+00   -0.006724092770062
   4.9500000e+00   -0.006646073622562
   4.9550000e+00   -0.006568429895062
   4.9600000e+00   -0.006495030687562
   4.9650000e+00   -0.006425592835062
   4.9700000e+00   -0.006358379917562
   4.9750000e+00   -0.006293778817562001
   4.9800000e+00   -0.006236242657562001
   4.9850000e+00   -0.006193107461562001
   4.9900000e+00   -0.006170750226312001
   4.9950000e+00  -0.006170197290562001
   5.0000000e+00  -0.006184683573312001
   5.0050000e+00  -0.006200691646062001
   5.0100000e+00   -0.006202267157812001
   5.0150000e+00   -0.006176808347062001
   5.0200000e+00   -0.006119819335562001
   5.0250000e+00   -0.006036615645562001
   5.0300000e+00   -0.005940406388062001
   5.0350000e+00   -0.005847794328062
   5.0400000e+00   -0.005773684165562
   5.0450000e+00   -0.005727448929812
   5.0500000e+00   -0.005711245959962001
   5.0550000e+00  -0.005720326740612001
   5.0600000e+00  -0.005744663570612001
   5.0650000e+00  -0.005771291285112001
   5.0700000e+00  -0.0057870293968620016
   5.0750000e+00   -0.005781291229862002
   5.0800000e+00   -0.005748468250362002
   5.0850000e+00   -0.005689223522862001
   5.0900000e+00   -0.005610238062862001
   5.0950000e+00   -0.005522475877862002
   5.1000000e+00   -0.005438513797862002
   5.1050000e+00   -0.005369623140362002
   5.1100000e+00   -0.005323136172612002
   5.1150000e+00   -0.005300483984112002
   5.1200000e+00  -0.005296350093787002
   5.1250000e+00  -0.005299478517437002
   5.1300000e+00   -0.005295420672162002
   5.1350000e+00   -0.005270738488662002
   5.1400000e+00   -0.005217260923662002
   5.1450000e+00   -0.005134618061162002
   5.1500000e+00   -0.005029920056162002
   5.1550000e+00   -0.004914867281162002
   5.1600000e+00   -0.004801895581162003
   5.1650000e+00   -0.004701283621162003
   5.1700000e+00   -0.004620259593662002
   5.1750000e+00   -0.004563687745912003
   5.1800000e+00   -0.004534922146912003
   5.1850000e+00  -0.004535538499162003
   5.1900000e+00  -0.004563727501662003
   5.1950000e+00  -0.004612361860662003
   5.2000000e+00  -0.004668322913162003
   5.2050000e+00  -0.004714274158662004
   5.2100000e+00  -0.004732947911987004
   5.2150000e+00   -0.004712716401562004
   5.2200000e+00   -0.0046523071233120035
   5.2250000e+00   -0.004562425445812004
   5.2300000e+00   -0.004462983605812004
   5.2350000e+00   -0.004376428770812004
   5.2400000e+00   -0.0043195954098120045
   5.2450000e+00   -0.004297516862312004
   5.2500000e+00  -0.004301949579812004
   5.2550000e+00  -0.004315177071812004
   5.2600000e+00   -0.004317162380312004
   5.2650000e+00   -0.004292752922312004
   5.2700000e+00   -0.004236086796312004
   5.2750000e+00   -0.004151084248812004
   5.2800000e+00   -0.004048725031312005
   5.2850000e+00   -0.003942774326312005
   5.2900000e+00   -0.0038456065188120048
   5.2950000e+00   -0.0037652550013120047
   5.3000000e+00   -0.0037042402763120047
   5.3050000e+00   -0.0036602176853120045
   5.3100000e+00   -0.0036279956920620047
   5.3150000e+00   -0.0036020849163120048
   5.3200000e+00   -0.0035788480308120048
   5.3250000e+00   -0.0035575992005620048
   5.3300000e+00   -0.0035404523998120046
   5.3350000e+00   -0.003531070502962005
   5.3400000e+00  -0.003532657578862005
   5.3450000e+00  -0.003545719465612005
   5.3500000e+00  -0.003566383896612005
   5.3550000e+00  -0.003586224553612005
   5.3600000e+00   -0.003594222332112005
   5.3650000e+00   -0.003580606571612005
   5.3700000e+00   -0.0035412151001120054
   5.3750000e+00   -0.003480369897612005
   5.3800000e+00   -0.003410602630112005
   5.3850000e+00   -0.003348854435112005
   5.3900000e+00   -0.003310419403362005
   5.3950000e+00  -0.003303060571612005
   5.4000000e+00  -0.003323779688362005
   5.4050000e+00  -0.003359605121862005
   5.4100000e+00  -0.0033920158791120054
   5.4150000e+00   -0.0034031043910870053
   5.4200000e+00   -0.0033810116603120053
   5.4250000e+00   -0.0033227312180620053
   5.4300000e+00   -0.0032336696555620055
   5.4350000e+00   -0.0031246740730620057
   5.4400000e+00   -0.0030080259530620057
   5.4450000e+00   -0.002893978508062006
   5.4500000e+00   -0.002788940095562006
   5.4550000e+00   -0.002695655745562006
   5.4600000e+00   -0.0026149467580620063
   5.4650000e+00   -0.0025479376655620062
   5.4700000e+00   -0.002497464745062006
   5.4750000e+00   -0.002467723286312006
   5.4800000e+00  -0.0024621366835620062
   5.4850000e+00  -0.002480502978812006
   5.4900000e+00  -0.002517049840312006
   5.4950000e+00  -0.002560668271812006
   5.5000000e+00  -0.002597451367062006
   5.5050000e+00  -0.002614448246587006
   5.5100000e+00   -0.0026030250371120063
   5.5150000e+00   -0.002560651778612006
   5.5200000e+00   -0.002490868221112006
   5.5250000e+00   -0.002401905316112006
   5.5300000e+00   -0.002304569738612006
   5.5350000e+00   -0.002209755028612006
   5.5400000e+00   -0.002125841921112006
   5.5450000e+00   -0.0020565384911120058
   5.5500000e+00   -0.0020000793386120057
   5.5550000e+00   -0.0019505673388620058
   5.5600000e+00   -0.0019013357941120058
   5.5650000e+00   -0.0018489525241120058
   5.5700000e+00   -0.0017957620691120058
   5.5750000e+00   -0.001749344078112006
   5.5800000e+00   -0.001718847693862006
   5.5850000e+00  -0.001709942588587006
   5.5900000e+00  -0.001721004200562006
   5.5950000e+00  -0.001742568818062006
   5.6000000e+00  -0.001760404288062006
   5.6050000e+00   -0.001760735002062006
   5.6100000e+00   -0.001735214861812006
   5.6150000e+00   -0.001683563246562006
   5.6200000e+00   -0.001613050301562006
   5.6250000e+00   -0.0015354806240620062
   5.6300000e+00   -0.0014632408790620061
   5.6350000e+00   -0.0014060042308120062
   5.6400000e+00   -0.0013689906838120062
   5.6450000e+00   -0.0013527791478120063
   5.6500000e+00  -0.0013540718450620064
   5.6550000e+00  -0.0013667470080620063
   5.6600000e+00  -0.0013828540223120064
   5.6650000e+00  -0.0013935676378120064
   5.6700000e+00   -0.0013902650840620064
   5.6750000e+00   -0.0013657884298120065
   5.6800000e+00   -0.0013157450465620065
   5.6850000e+00   -0.0012395461140620066
   5.6900000e+00   -0.0011408711640620065
   5.6950000e+00   -0.0010273708615620065
   5.7000000e+00   -0.0009096220115620066
   5.7050000e+00   -0.0007995434865620066
   5.7100000e+00   -0.0007085856865620065
   5.7150000e+00   -0.0006459833053120065
   5.7200000e+00   -0.0006172633900620065
   5.7250000e+00  -0.0006231421070620065
   5.7300000e+00  -0.0006589994648120065
   5.7350000e+00  -0.0007152294640620065
   5.7400000e+00  -0.0007787385740620065
   5.7450000e+00  -0.0008355541240620065
   5.7500000e+00  -0.0008739669130620065
   5.7550000e+00   -0.0008871821865770066
   5.7600000e+00   -0.0008744637538420066
   5.7650000e+00   -0.0008403550360920066
   5.7700000e+00   -0.0007924612030920067
   5.7750000e+00   -0.0007389240880920067
   5.7800000e+00   -0.0006866827705920067
   5.7850000e+00   -0.0006409111825920067
   5.7900000e+00   -0.0006051521145920068
   5.7950000e+00   -0.0005812492455920067
   5.8000000e+00   -0.0005685318193420067
   5.8050000e+00   -0.0005626041252170068
   5.8100000e+00   -0.0005548899583420068
   5.8150000e+00   -0.0005341253328420068
   5.8200000e+00   -0.0004900626023420068
   5.8250000e+00   -0.00041818393234200674
   5.8300000e+00   -0.00032313250484200675
   5.8350000e+00   -0.00021869502234200675
   5.8400000e+00   -0.00012367464734200676
   5.8450000e+00   -5.513906234200676e-5
   5.8500000e+00   -2.2049928092006762e-5
   5.8550000e+00  -2.2200612342006762e-5
   5.8600000e+00  -4.3703448842006766e-5
   5.8650000e+00  -6.998139859200676e-5
   5.8700000e+00  -8.568166459200677e-5
   5.8750000e+00   -8.093949684200678e-5
   5.8800000e+00   -5.275034109200678e-5
   5.8850000e+00   -3.860697342006778e-6
   5.8900000e+00   5.944967015799322e-5
   5.8950000e+00   0.0001294162376579932
   5.9000000e+00   0.0001981540451579932
   5.9050000e+00   0.00025854192515799323
   5.9100000e+00   0.00030503478140799325
   5.9150000e+00   0.00033453227815799324
   5.9200000e+00   0.0003470401233079932
   5.9250000e+00  0.00034571371545799324
   5.9300000e+00  0.00033608065045799323
   5.9350000e+00  0.00032465147495799326
   5.9400000e+00  0.00031748030130799323
   5.9450000e+00   0.0003192877461579932
   5.9500000e+00   0.00033341619515799323
   5.9550000e+00   0.00036230312565799325
   5.9600000e+00   0.00040771481015799326
   5.9650000e+00   0.00047008199765799323
   5.9700000e+00   0.0005470032151579932
   5.9750000e+00   0.0006319042801579932
   5.9800000e+00   0.0007142430651579932
   5.9850000e+00   0.0007820474351579932
   5.9900000e+00   0.0008261848946579932
   5.9950000e+00   0.0008444423074079932
   6.0000000e+00  0.0008431782534079932
   6.0050000e+00  0.0008353403344079932
   6.0100000e+00   0.0008354911546579932
   6.0150000e+00   0.0008540935301579931
   6.0200000e+00   0.0008937312936579931
   6.0250000e+00   0.0009489448236579931
   6.0300000e+00   0.0010095104236579932
   6.0350000e+00   0.001065314011157993
   6.0400000e+00   0.0011103485624079932
   6.0450000e+00   0.0011440700459079932
   6.0500000e+00   0.0011699134476579932
   6.0550000e+00   0.0011922921471579932
   6.0600000e+00   0.0012140491826579931
   6.0650000e+00   0.001235793796157993
   6.0700000e+00   0.0012572116034079931
   6.0750000e+00   0.0012791056844079932
   6.0800000e+00   0.0013044222734079933
   6.0850000e+00   0.0013371726111579933
   6.0900000e+00   0.0013796111486579932
   6.0950000e+00   0.0014293673056579932
   6.1000000e+00   0.0014785503251579933
   6.1050000e+00   0.0015158536791579932
   6.1100000e+00   0.0015309416188829933
   6.1150000e+00  0.0015190087953579933
   6.1200000e+00  0.0014832584433579932
   6.1250000e+00  0.0014341985801079931
   6.1300000e+00  0.001386303261107993
   6.1350000e+00  0.001353683429857993
   6.1400000e+00   0.001346435026857993
   6.1450000e+00   0.001368564519607993
   6.1500000e+00   0.001417558240607993
   6.1550000e+00   0.001485280810607993
   6.1600000e+00   0.0015599217381079928
   6.1650000e+00   0.0016287585581079929
   6.1700000e+00   0.001681290470107993
   6.1750000e+00   0.001711945236357993
   6.1800000e+00  0.001721452924882993
   6.1850000e+00  0.0017163456271579928
   6.1900000e+00  0.0017067327464079928
   6.1950000e+00   0.0017031199462829928
   6.2000000e+00   0.0017132836984079928
   6.2050000e+00   0.0017400772751579928
   6.2100000e+00   0.0017807202396579928
   6.2150000e+00   0.0018277589129079928
   6.2200000e+00   0.0018714805114079928
   6.2250000e+00   0.0019031048724079927
   6.2300000e+00   0.0019177093314079927
   6.2350000e+00  0.0019158329774079928
   6.2400000e+00  0.0019031988534079928
   6.2450000e+00  0.0018887924066579927
   6.2500000e+00  0.0018821878508479928
   6.2550000e+00   0.0018911424770379928
   6.2600000e+00   0.0019200759040379927
   6.2650000e+00   0.001969473722787993
   6.2700000e+00   0.0020359229452879928
   6.2750000e+00   0.002112558147787993
   6.2800000e+00   0.002189980315287993
   6.2850000e+00   0.002257853202787993
   6.2900000e+00   0.002307165559287993
   6.2950000e+00   0.002332661119287993
   6.3000000e+00  0.002334526215787993
   6.3050000e+00  0.002318451441787993
   6.3100000e+00  0.0022937687122879928
   6.3150000e+00  0.0022702628462879927
   6.3200000e+00  0.002254973909037993
   6.3250000e+00   0.0022503987445629927
   6.3300000e+00   0.002254859336587993
   6.3350000e+00   0.002264741602087993
   6.3400000e+00   0.002277372659337993
   6.3450000e+00   0.0022929836380879928
   6.3500000e+00   0.002314672017337993
   6.3550000e+00   0.0023463211788379928
   6.3600000e+00   0.002389560011587993
   6.3650000e+00   0.002441482160337993
   6.3700000e+00   0.002494605727837993
   6.3750000e+00   0.002539460999087993
   6.3800000e+00   0.0025687458240879926
   6.3850000e+00   0.0025809701109379924
   6.3900000e+00  0.0025815672688379926
   6.3950000e+00   0.0025806619721129927
   6.4000000e+00   0.0025884428498379928
   6.4050000e+00   0.0026104141070879927
   6.4100000e+00   0.0026449188335879925
   6.4150000e+00   0.0026841512218379925
   6.4200000e+00   0.0027180581860879924
   6.4250000e+00   0.0027390739680879924
   6.4300000e+00  0.0027453051069129923
   6.4350000e+00  0.0027407168307379925
   6.4400000e+00  0.0027325179872379926
   6.4450000e+00  0.0027273946381129927
   6.4500000e+00   0.002728723246162993
   6.4550000e+00   0.002736164517337993
   6.4600000e+00   0.002747544494337993
   6.4650000e+00   0.0027615694100879933
   6.4700000e+00   0.0027795172613379934
   6.4750000e+00   0.0028048178160879934
   6.4800000e+00   0.0028408303458379936
   6.4850000e+00   0.0028882302858379938
   6.4900000e+00   0.002943566810837994
   6.4950000e+00   0.002999786390837994
   6.5000000e+00   0.0030484316763379937
   6.5050000e+00   0.003082476297337994
   6.5100000e+00   0.003098625097837994
   6.5150000e+00  0.003098263405587994
   6.5200000e+00  0.003086794334087994
   6.5250000e+00  0.003071656493587994
   6.5300000e+00  0.0030597551070879942
   6.5350000e+00  0.0030552504248479943
   6.5400000e+00   0.0030585054038579943
   6.5450000e+00   0.003066503237107994
   6.5500000e+00   0.003074424396857994
   6.5550000e+00  0.003077650245290494
   6.5600000e+00  0.003073431150472994
   6.5650000e+00  0.003061742852972994
   6.5700000e+00  0.003045205810222994
   6.5750000e+00  0.003028177802972994
   6.5800000e+00  0.003015269927472994
   6.5850000e+00  0.003009697242897994
   6.5900000e+00   0.003012062857822994
   6.5950000e+00   0.003020207521572994
   6.6000000e+00   0.003030430498072994
   6.6050000e+00   0.003039719872572994
   6.6100000e+00   0.003047952312322994
   6.6150000e+00   0.0030587968713229937
   6.6200000e+00   0.0030785528910729936
   6.6250000e+00   0.0031132091750729935
   6.6300000e+00   0.0031650792100729936
   6.6350000e+00   0.0032308001225729937
   6.6400000e+00   0.0033019361550729936
   6.6450000e+00   0.0033681114500729937
   6.6500000e+00   0.0034212157630729937
   6.6550000e+00   0.0034585882438229938
   6.6600000e+00   0.0034835960850729936
   6.6650000e+00   0.003503406628822994
   6.6700000e+00   0.003525193143572994
   6.6750000e+00   0.003552697182572994
   6.6800000e+00   0.003584689526072994
   6.6850000e+00   0.003615781716322994
   6.6900000e+00   0.003638937483072994
   6.6950000e+00   0.003648456809072994
   6.7000000e+00  0.003642253725072994
   6.7050000e+00  0.003622683968822994
   6.7100000e+00  0.0035957294558229937
   6.7150000e+00  0.0035688883910729935
   6.7200000e+00  0.0035485954030729937
   6.7250000e+00  0.003538252628697994
   6.7300000e+00   0.0035377600532729937
   6.7350000e+00   0.0035447226207229936
   6.7400000e+00   0.0035565846519729936
   6.7450000e+00   0.0035723735287229936
   6.7500000e+00   0.0035929689377229936
   6.7550000e+00   0.003619779221972994
   6.7600000e+00   0.003652793533722994
   6.7650000e+00   0.003689443057472994
   6.7700000e+00   0.0037251974409729938
   6.7750000e+00   0.003755653382972994
   6.7800000e+00   0.003778814225722994
   6.7850000e+00   0.003796033379972994
   6.7900000e+00   0.003810883657222994
   6.7950000e+00   0.0038265309974729943
   6.8000000e+00   0.003843185881222994
   6.8050000e+00   0.003857226230722994
   6.8100000e+00  0.0038626096542479942
   6.8150000e+00  0.0038538423390229943
   6.8200000e+00  0.003828890983772994
   6.8250000e+00  0.003790516637022994
   6.8300000e+00  0.003745431865522994
   6.8350000e+00  0.003701801164522994
   6.8400000e+00  0.003666272523272994
   6.8450000e+00  0.003641711911272994
   6.8500000e+00  0.003626349441022994
   6.8550000e+00  0.0036145354815229937
   6.8600000e+00  0.0035989390972729937
   6.8650000e+00  0.0035736968387729937
   6.8700000e+00  0.0035375966495229936
   6.8750000e+00  0.0034959974852729935
   6.8800000e+00  0.0034602598157729937
   6.8850000e+00  0.003444312145997994
   6.8900000e+00   0.003459384209722994
   6.8950000e+00   0.0035091168132229938
   6.9000000e+00   0.0035873733357229937
   6.9050000e+00   0.0036798961532229935
   6.9100000e+00   0.0037690999757229934
   6.9150000e+00   0.0038398582207229935
   6.9200000e+00   0.0038839051139729934
   6.9250000e+00   0.0039014218957229936
   6.9300000e+00  0.0038997779647229934
   6.9350000e+00  0.0038904296407229933
   6.9400000e+00  0.003885271615425493
   6.9450000e+00   0.003893483508627993
   6.9500000e+00   0.003919526417877993
   6.9550000e+00   0.003962635343127993
   6.9600000e+00   0.004017844048127993
   6.9650000e+00   0.004078144140627993
   6.9700000e+00   0.004136918758127993
   6.9750000e+00   0.004189611580377993
   6.9800000e+00   0.004233926968377993
   6.9850000e+00   0.004268608811627993
   6.9900000e+00   0.004291616521627993
   6.9950000e+00  0.0042988852195779935
   7.0000000e+00  0.004284639112777993
   7.0050000e+00  0.0042435296480279935
   7.0100000e+00  0.004173979283027994
   7.0150000e+00  0.004081366168027994
   7.0200000e+00  0.003979402165527994
   7.0250000e+00  0.003888455135527994
   7.0300000e+00  0.003830640676777994
   7.0350000e+00   0.003822927720527994
   7.0400000e+00   0.003870662758027994
   7.0450000e+00   0.003964193040527994
   7.0500000e+00   0.004080354145527994
   7.0550000e+00   0.004188735923027994
   7.0600000e+00   0.004260632522027994
   7.0650000e+00  0.004277376312027994
   7.0700000e+00  0.004234985020527994
   7.0750000e+00  0.004143646608027994
   7.0800000e+00  0.0040227650105279945
   7.0850000e+00  0.0038940447680279947
   7.0900000e+00  0.0037756175005279947
   7.0950000e+00  0.0036793420005279947
   7.1000000e+00  0.0036116219605279946
   7.1050000e+00  0.0035762650632779947
   7.1100000e+00   0.0035769628495279948
   7.1150000e+00   0.003617416425527995
   7.1200000e+00   0.0036987667605279948
   7.1250000e+00   0.0038158951405279948
   7.1300000e+00   0.003955178413027995
   7.1350000e+00   0.004095737228027994
   7.1400000e+00   0.004214389575527994
   7.1450000e+00   0.004292493628027994
   7.1500000e+00   0.004321785226052994
   7.1550000e+00  0.004306705275327994
   7.1600000e+00  0.004262254444077994
   7.1650000e+00  0.004208287329077994
   7.1700000e+00  0.004162544557827994
   7.1750000e+00  0.004135119387327994
   7.1800000e+00  0.004126371619802994
   7.1850000e+00   0.0041288245232779935
   7.1900000e+00   0.004131910064777994
   7.1950000e+00  0.004127290333027994
   7.2000000e+00  0.004112404359277994
   7.2050000e+00  0.004090886633527994
   7.2100000e+00  0.004070038158527994
   7.2150000e+00  0.004056809870527994
   7.2200000e+00   0.004054194435652994
   7.2250000e+00   0.0040594423765279945
   7.2300000e+00   0.004064532665327994
   7.2350000e+00  0.004058424269127994
   7.2400000e+00  0.004030197959877994
   7.2450000e+00  0.003972285546377994
   7.2500000e+00  0.003883264656377994
   7.2550000e+00  0.003769800281377994
   7.2600000e+00  0.003647129921377994
   7.2650000e+00  0.003537305251377994
   7.2700000e+00  0.003464704567127994
   7.2750000e+00   0.003449353184877994
   7.2800000e+00   0.003499974211877994
   7.2850000e+00   0.0036095788468779944
   7.2900000e+00   0.003755986406877994
   7.2950000e+00   0.003907825726877995
   7.3000000e+00   0.004034112236877995
   7.3050000e+00   0.004113722109377995
   7.3100000e+00   0.004141010142527995
   7.3150000e+00  0.004125531205177995
   7.3200000e+00  0.004086436490677995
   7.3250000e+00  0.004044300942427996
   7.3300000e+00  0.0040139030894279955
   7.3350000e+00  0.004000648744302996
   7.3400000e+00   0.004001499378927996
   7.3450000e+00   0.004009339425177996
   7.3500000e+00   0.004018433985677996
   7.3550000e+00   0.004028355380927996
   7.3600000e+00   0.004044518546677996
   7.3650000e+00   0.004075004225177996
   7.3700000e+00   0.0041251153979279965
   7.3750000e+00   0.0041923343629279965
   7.3800000e+00   0.004264350407927996
   7.3850000e+00   0.004321487824427996
   7.3900000e+00  0.004342812665902996
   7.3950000e+00  0.004313501298377996
   7.4000000e+00  0.004230550468377996
   7.4050000e+00  0.004104706268377996
   7.4100000e+00  0.003958022180877996
   7.4150000e+00  0.003817968105877996
   7.4200000e+00  0.003710011583377996
   7.4250000e+00  0.003650941403377996
   7.4300000e+00   0.003644926561627996
   7.4350000e+00   0.003683447924877996
   7.4400000e+00   0.0037489623198779963
   7.4450000e+00   0.0038208604373779964
   7.4500000e+00   0.0038815195848779962
   7.4550000e+00   0.003920409939127996
   7.4600000e+00   0.003935193045477996
   7.4650000e+00  0.003930021914077996
   7.4700000e+00  0.003912203695577996
   7.4750000e+00  0.0038887019628279958
   7.4800000e+00  0.003863705446827996
   7.4850000e+00  0.003837939935327996
   7.4900000e+00  0.003809776409327996
   7.4950000e+00  0.003777602846827996
   7.5000000e+00  0.0037424622688279957
   7.5050000e+00  0.0037097585608279957
   7.5100000e+00  0.0036890579070779955
   7.5150000e+00   0.0036917013505779954
   7.5200000e+00   0.003726876273077995
   7.5250000e+00   0.003797548970577995
   7.5300000e+00   0.003897836640577995
   7.5350000e+00   0.004012885638077995
   7.5400000e+00   0.004121401130577995
   7.5450000e+00   0.004200121018077995
   7.5500000e+00  0.004229087317335495
   7.5550000e+00  0.004196536544092995
   7.5600000e+00  0.004102362159092996
   7.5650000e+00  0.003959230676592995
   7.5700000e+00  0.0037906757640929953
   7.5750000e+00  0.003626113746592995
   7.5800000e+00  0.003493758081592995
   7.5850000e+00  0.003413449006592995
   7.5900000e+00   0.003391790769092995
   7.5950000e+00   0.003421285386592995
   7.6000000e+00   0.003483600491592995
   7.6050000e+00   0.003555515434092995
   7.6100000e+00   0.003615303724842995
   7.6150000e+00   0.003647644747842995
   7.6200000e+00  0.0036462178588429948
   7.6250000e+00  0.0036141583845929947
   7.6300000e+00  0.003562986586592995
   7.6350000e+00  0.003510430965342995
   7.6400000e+00  0.0034771733968429947
   7.6450000e+00   0.0034824408513429946
   7.6500000e+00   0.0035387922105929947
   7.6550000e+00   0.0036472422880929945
   7.6600000e+00   0.0037945484880929944
   7.6650000e+00   0.003954469155592995
   7.6700000e+00   0.0040937189805929945
   7.6750000e+00   0.004181396473092995
   7.6800000e+00  0.004198718494342995
   7.6850000e+00  0.004145151783092995
   7.6900000e+00  0.004038217498092995
   7.6950000e+00  0.003907006873092995
   7.7000000e+00  0.003782366775592995
   7.7050000e+00  0.003688123795592995
   7.7100000e+00  0.0036367735973429948
   7.7150000e+00   0.0036303439735929947
   7.7200000e+00   0.0036643022980929947
   7.7250000e+00   0.0037311204905929947
   7.7300000e+00   0.0038211144180929947
   7.7350000e+00   0.003920690968092995
   7.7400000e+00   0.0040104691480929945
   7.7450000e+00   0.004066322075592994
   7.7500000e+00  0.004064769086592994
   7.7550000e+00  0.003991304047592994
   7.7600000e+00  0.003847958467592994
   7.7650000e+00  0.003656122780092994
   7.7700000e+00  0.003452603097592994
   7.7750000e+00  0.003279955420092994
   7.7800000e+00  0.003174621420092994
   7.7850000e+00   0.003157082527842994
   7.7900000e+00   0.003227068148092994
   7.7950000e+00   0.0033646895630929942
   7.8000000e+00   0.0035363792555929943
   7.8050000e+00   0.0037034196730929944
   7.8100000e+00   0.0038306980655929946
   7.8150000e+00   0.0038937566150929947
   7.8200000e+00  0.0038828523410929946
   7.8250000e+00  0.0038034635375929944
   7.8300000e+00  0.0036734889925929943
   7.8350000e+00  0.0035182001550929944
   7.8400000e+00  0.0033645400800929944
   7.8450000e+00  0.003236301162592994
   7.8500000e+00  0.0031510277475929943
   7.8550000e+00  0.0031185796979179945
   7.8600000e+00   0.0031407457157429943
   7.8650000e+00   0.003211413018242994
   7.8700000e+00   0.003317328390742994
   7.8750000e+00   0.003439833625742994
   7.8800000e+00   0.003557739588242994
   7.8850000e+00   0.003650889028242994
   7.8900000e+00   0.003703498491492994
   7.8950000e+00  0.0037064634522429936
   7.9000000e+00  0.0036583512347429935
   7.9050000e+00  0.0035653240872429936
   7.9100000e+00  0.0034403551647429935
   7.9150000e+00  0.0033018483322429936
   7.9200000e+00  0.0031714790147429938
   7.9250000e+00  0.0030710490847429936
   7.9300000e+00  0.0030184692117429936
   7.9350000e+00   0.0030235076447429937
   7.9400000e+00   0.0030844422657429938
   7.9450000e+00   0.0031869624057429937
   7.9500000e+00   0.0033063404082429937
   7.9550000e+00   0.003412932673242994
   7.9600000e+00   0.003479728496242994
   7.9650000e+00  0.0034895725087429937
   7.9700000e+00  0.003439532008242994
   7.9750000e+00  0.003340908945742994
   7.9800000e+00  0.003215141573242994
   7.9850000e+00  0.003087379413242994
   7.9900000e+00  0.002980082968242994
   7.9950000e+00  0.0029084803432429937
   8.0000000e+00  0.002878624289992994
   8.0050000e+00   0.002887828245742994
   8.0100000e+00   0.002926795977242994
   8.0150000e+00   0.002982710342242994
   8.0200000e+00   0.003042601039742994
   8.0250000e+00   0.003096284639492994
   8.0300000e+00   0.003138158451992994
   8.0350000e+00   0.003167363387992994
   8.0400000e+00   0.003186389634242994
   8.0450000e+00   0.003198854635742994
   8.0500000e+00   0.003207524153492994
   8.0550000e+00   0.0032133998351179943
   8.0600000e+00   0.0032159798917429944
   8.0650000e+00  0.0032140872675429943
   8.0700000e+00  0.0032064472580929943
   8.0750000e+00  0.003191615734592994
   8.0800000e+00  0.0031675558798429943
   8.0850000e+00  0.0031315606285929943
   8.0900000e+00  0.0030809888970929943
   8.0950000e+00  0.003014623429592994
   8.1000000e+00  0.002933931459592994
   8.1050000e+00  0.002843554944592994
   8.1100000e+00  0.002750893474592994
   8.1150000e+00  0.0026651519145929944
   8.1200000e+00  0.0025962524270929945
   8.1250000e+00  0.0025536114250929946
   8.1300000e+00   0.0025444658605929945
   8.1350000e+00   0.0025716557103429944
   8.1400000e+00   0.0026314638975929944
   8.1450000e+00   0.0027127119700929942
   8.1500000e+00   0.002798214887592994
   8.1550000e+00   0.002868784517592994
   8.1600000e+00   0.0029086911633429942
   8.1650000e+00  0.0029105724258429943
   8.1700000e+00  0.002877768227842994
   8.1750000e+00  0.0028230256505929942
   8.1800000e+00  0.002764015748092994
   8.1850000e+00  0.002717423693342994
   8.1900000e+00  0.002693896084842994
   8.1950000e+00   0.002695641970592994
   8.2000000e+00   0.002717261902842994
   8.2050000e+00   0.002749014594842994
   8.2100000e+00   0.002780836383092994
   8.2150000e+00   0.002805374398092994
   8.2200000e+00   0.002819057503842994
   8.2250000e+00  0.002821383924817994
   8.2300000e+00  0.002813492922542994
   8.2350000e+00  0.002797176894292994
   8.2400000e+00  0.002774751584542994
   8.2450000e+00  0.002749209061292994
   8.2500000e+00  0.002723644838042994
   8.2550000e+00  0.002699514302792994
   8.2600000e+00  0.0026744979120429937
   8.2650000e+00  0.0026417033072929936
   8.2700000e+00  0.0025917235305429934
   8.2750000e+00  0.0025175482605429935
   8.2800000e+00  0.0024202798805429936
   8.2850000e+00  0.0023123683180429934
   8.2900000e+00  0.0022156923580429933
   8.2950000e+00  0.002154274366042993
   8.3000000e+00   0.002144478119542993
   8.3050000e+00   0.002187364592542993
   8.3100000e+00   0.0022671905750429933
   8.3150000e+00   0.002357043075042993
   8.3200000e+00   0.002428986465042993
   8.3250000e+00   0.002463954461042993
   8.3300000e+00  0.002457105353792993
   8.3350000e+00  0.002417007748042993
   8.3400000e+00  0.002360150170542993
   8.3450000e+00  0.002304114400542993
   8.3500000e+00  0.002262539578792993
   8.3550000e+00  0.002243241687542993
   8.3600000e+00   0.002248841591042993
   8.3650000e+00   0.0022781971032929927
   8.3700000e+00   0.0023272322125429926
   8.3750000e+00   0.0023888936800429924
   8.3800000e+00   0.0024529909925429926
   8.3850000e+00   0.0025069085577929928
   8.3900000e+00   0.0025376158430429926
   8.3950000e+00  0.0025345706090429926
   8.4000000e+00  0.002492576267542993
   8.4050000e+00  0.0024136278225429927
   8.4100000e+00  0.002307117937542993
   8.4150000e+00  0.002188236050042993
   8.4200000e+00  0.002074846315042993
   8.4250000e+00  0.001983535090042993
   8.4300000e+00  0.001925815926542993
   8.4350000e+00  0.001905551969642993
   8.4400000e+00   0.001918397938242993
   8.4450000e+00   0.001953477271742993
   8.4500000e+00   0.001996746060492993
   8.4550000e+00   0.002034847319492993
   8.4600000e+00   0.002058072940992993
   8.4650000e+00  0.002061525250742993
   8.4700000e+00  0.002044536650492993
   8.4750000e+00  0.0020093093294929927
   8.4800000e+00  0.0019599617437429926
   8.4850000e+00  0.0019025249237429925
   8.4900000e+00  0.0018453797137429925
   8.4950000e+00  0.0017989739239929925
   8.5000000e+00  0.0017739443964929925
   8.5050000e+00   0.0017778417709929924
   8.5100000e+00   0.0018117925539929923
   8.5150000e+00   0.0018688641597429923
   8.5200000e+00   0.0019353072597429923
   8.5250000e+00   0.0019945275947429925
   8.5300000e+00   0.0020322853784929926
   8.5350000e+00  0.0020409637294929927
   8.5400000e+00  0.0020211720607429926
   8.5450000e+00  0.0019802630044929927
   8.5500000e+00  0.0019288262292429927
   8.5550000e+00  0.0018770324544929926
   8.5600000e+00  0.0018323991202429926
   8.5650000e+00  0.0017994135797429927
   8.5700000e+00  0.0017802751417429928
   8.5750000e+00   0.0017755462567429928
   8.5800000e+00   0.0017839334892429928
   8.5850000e+00   0.0018013475289929929
   8.5900000e+00   0.001820163131742993
   8.5950000e+00   0.001829737758167993
   8.6000000e+00  0.001818681440342993
   8.6050000e+00  0.0017784104520929928
   8.6100000e+00  0.0017066745295929928
   8.6150000e+00  0.0016094904445929927
   8.6200000e+00  0.0015004307445929928
   8.6250000e+00  0.0013972810320929928
   8.6300000e+00  0.0013171556195929928
   8.6350000e+00  0.0012717195103429928
   8.6400000e+00   0.0012640084553429928
   8.6450000e+00   0.0012876854198429928
   8.6500000e+00   0.0013288242085929929
   8.6550000e+00   0.001369737727842993
   8.6600000e+00   0.001393975024092993
   8.6650000e+00  0.001391290051842993
   8.6700000e+00  0.0013611556015929928
   8.6750000e+00  0.0013134756140929927
   8.6800000e+00  0.0012657743185929928
   8.6850000e+00  0.0012372989683429928
   8.6900000e+00   0.0012417891943429927
   8.6950000e+00   0.0012815407175929927
   8.7000000e+00   0.0013453006025929927
   8.7050000e+00   0.0014113140875929926
   8.7100000e+00   0.0014548439118429925
   8.7150000e+00  0.0014574907098429926
   8.7200000e+00  0.0014146016960929926
   8.7250000e+00  0.0013376057285929925
   8.7300000e+00  0.0012501683010929926
   8.7350000e+00  0.0011797133185929927
   8.7400000e+00  0.0011478043320929927
   8.7450000e+00   0.0011631588000929928
   8.7500000e+00   0.0012196543495929927
   8.7550000e+00   0.0012994505545929928
   8.7600000e+00   0.0013794629995929927
   8.7650000e+00   0.0014386270658429928
   8.7700000e+00   0.0014636738770929928
   8.7750000e+00  0.0014520134120929928
   8.7800000e+00  0.0014112781695929928
   8.7850000e+00  0.0013559086995929928
   8.7900000e+00  0.0013018580455929928
   8.7950000e+00  0.001261025998842993
   8.8000000e+00  0.001237227817842993
   8.8050000e+00  0.001225141930092993
   8.8100000e+00  0.001212735506092993
   8.8150000e+00  0.001186404436842993
   8.8200000e+00  0.0011369727495929931
   8.8250000e+00  0.001064253777092993
   8.8300000e+00  0.000978313447092993
   8.8350000e+00  0.000896764369592993
   8.8400000e+00  0.000838918521842993
   8.8450000e+00   0.000818870987617993
   8.8500000e+00   0.000840100129142993
   8.8550000e+00   0.0008937240571429931
   8.8600000e+00   0.000961255124642993
   8.8650000e+00   0.0010209782146429931
   8.8700000e+00   0.0010555989913929931
   8.8750000e+00  0.0010582045998929932
   8.8800000e+00  0.0010341790948929933
   8.8850000e+00  0.0009983303901429934
   8.8900000e+00  0.0009684500593929934
   8.8950000e+00   0.0009579943162929934
   8.9000000e+00   0.0009709036481929934
   8.9050000e+00   0.0010006218414429933
   8.9100000e+00   0.0010335391729429932
   8.9150000e+00   0.0010551664771929932
   8.9200000e+00  0.0010562052209429932
   8.9250000e+00  0.0010358470374429933
   8.9300000e+00  0.0010010389341929932
   8.9350000e+00  0.0009623942846929932
   8.9400000e+00  0.0009289333239429933
   8.9450000e+00  0.0009041588241929932
   8.9500000e+00  0.0008850351956929932
   8.9550000e+00  0.0008638667356929932
   8.9600000e+00  0.0008317899264429932
   8.9650000e+00  0.0007822417924429932
   8.9700000e+00  0.0007133043249429932
   8.9750000e+00  0.0006286518249429932
   8.9800000e+00  0.0005372967824429933
   8.9850000e+00  0.00045226397244299327
   8.9900000e+00  0.00038809726994299326
   8.9950000e+00  0.0003572359574429933
   9.0000000e+00   0.0003659218274429933
   9.0050000e+00   0.0004110071774429933
   9.0100000e+00   0.0004792077299429933
   9.0150000e+00   0.0005496670799429933
   9.0200000e+00   0.0005994186939429933
   9.0250000e+00  0.0006100959686929934
   9.0300000e+00  0.0005736785619429934
   9.0350000e+00  0.0004954163269429934
   9.0400000e+00  0.0003930929344429934
   9.0450000e+00  0.0002929322919429934
   9.0500000e+00  0.00022323029419299341
   9.0550000e+00   0.0002070985806929934
   9.0600000e+00   0.0002557874574429934
   9.0650000e+00   0.00036418252494299343
   9.0700000e+00   0.0005101378824429934
   9.0750000e+00   0.0006588206849429934
   9.0800000e+00   0.0007718010324429935
   9.0850000e+00   0.0008185290389429935
   9.0900000e+00  0.0007861805254429935
   9.0950000e+00  0.0006838360729429935
   9.1000000e+00  0.0005389941804429934
   9.1050000e+00  0.00038767125794299343
   9.1100000e+00  0.00026216039794299344
   9.1150000e+00  0.00018144189544299342
   9.1200000e+00  0.00014782449944299343
   9.1250000e+00   0.00015041879894299342
   9.1300000e+00   0.00017299593219299343
   9.1350000e+00   0.00020209849594299343
   9.1400000e+00   0.00023165229119299343
   9.1450000e+00   0.00026246618969299345
   9.1500000e+00   0.00029775194619299344
   9.1550000e+00   0.00033773418869299343
   9.1600000e+00   0.0003766075796929934
   9.1650000e+00   0.0004035500201929934
   9.1700000e+00  0.0004071620821929934
   9.1750000e+00  0.0003808860729429934
   9.1800000e+00  0.00032659323644299335
   9.1850000e+00  0.00025466615644299334
   9.1900000e+00  0.00018075694644299333
   9.1950000e+00  0.00012087300894299334
   9.2000000e+00  8.681338044299334e-5
   9.2050000e+00   8.331017994299334e-5
   9.2100000e+00   0.00010719782594299334
   9.2150000e+00   0.00014824918069299335
   9.2200000e+00   0.00019121231469299336
   9.2250000e+00   0.00021876442819299336
   9.2300000e+00  0.00021516014619299336
   9.2350000e+00  0.00017014828544299336
   9.2400000e+00  8.241482794299337e-5
   9.2450000e+00  -3.841774205700663e-5
   9.2500000e+00  -0.00017222652205700666
   9.2550000e+00  -0.00029194516955700667
   9.2600000e+00  -0.0003701186545570067
   9.2650000e+00   -0.0003870359985570067
   9.2700000e+00   -0.0003377441525570067
   9.2750000e+00   -0.0002348812700570067
   9.2800000e+00   -0.00010545635005700668
   9.2850000e+00   1.781897244299333e-5
   9.2900000e+00   0.00010746336744299333
   9.2950000e+00   0.00014997725769299333
   9.3000000e+00  0.00014876743794299332
   9.3050000e+00  0.00012013280244299333
   9.3100000e+00  8.428257194299332e-5
   9.3150000e+00  5.556801669299332e-5
   9.3200000e+00  3.641510994299332e-5
   9.3250000e+00  1.766836269299332e-5
   9.3300000e+00  -1.500666830700668e-5
   9.3350000e+00  -7.190598605700669e-5
   9.3400000e+00  -0.0001518141310570067
   9.3450000e+00  -0.0002399634610570067
   9.3500000e+00  -0.0003125391660570067
   9.3550000e+00  -0.0003458281650570067
   9.3600000e+00   -0.0003260212363070067
   9.3650000e+00   -0.0002553838035570067
   9.3700000e+00   -0.00015208866855700672
   9.3750000e+00   -4.375553855700672e-5
   9.3800000e+00   4.2538983942993277e-5
   9.3850000e+00   8.955918444299328e-5
   9.3900000e+00  9.476329144299329e-5
   9.3950000e+00  6.908559494299329e-5
   9.4000000e+00  3.072067219299329e-5
   9.4050000e+00  -3.0405140570067106e-6
   9.4100000e+00  -2.2426365307006712e-5
   9.4150000e+00   -2.7813644367006712e-5
   9.4200000e+00  -2.7803278514506713e-5
   9.4250000e+00  -3.3991790102006716e-5
   9.4300000e+00  -5.482422260200672e-5
   9.4350000e+00  -9.114014435200672e-5
   9.4400000e+00  -0.00013536708185200673
   9.4450000e+00  -0.00017492051785200673
   9.4500000e+00  -0.00019854908410200673
   9.4550000e+00   -0.00020276246260200672
   9.4600000e+00   -0.0001949971903520067
   9.4650000e+00  -0.00019143131947700672
   9.4700000e+00  -0.0002100193933520067
   9.4750000e+00  -0.0002619842241020067
   9.4800000e+00  -0.00034600690660200673
   9.4850000e+00  -0.00044798265660200674
   9.4900000e+00  -0.0005462788916020067
   9.4950000e+00  -0.0006197310741020068
   9.5000000e+00  -0.0006546348613520067
   9.5050000e+00   -0.0006480285353520067
   9.5100000e+00   -0.0006067291971020067
   9.5150000e+00   -0.0005435812046020067
   9.5200000e+00   -0.00047323274460200665
   9.5250000e+00   -0.0004092515746020066
   9.5300000e+00   -0.0003630252213520066
   9.5350000e+00   -0.0003435848345770066
   9.5400000e+00  -0.0003570748763020066
   9.5450000e+00  -0.00040528321655200657
   9.5500000e+00  -0.00048388361655200655
   9.5550000e+00  -0.0005818591465520065
   9.5600000e+00  -0.0006833113715520065
   9.5650000e+00  -0.0007716373815520065
   9.5700000e+00  -0.0008346484300520065
   9.5750000e+00  -0.0008684669748020065
   9.5800000e+00  -0.0008783911287595065
   9.5850000e+00   -0.0008761866227420064
   9.5900000e+00  -0.0008748681911670065
   9.5950000e+00  -0.0008832290740670065
   9.6000000e+00  -0.0009025605238170064
   9.6050000e+00  -0.0009269825518170064
   9.6100000e+00  -0.0009470195148170064
   9.6150000e+00   -0.0009544488300520064
   9.6200000e+00   -0.0009459575397870064
   9.6250000e+00   -0.0009240273507870064
   9.6300000e+00   -0.0008951190242870064
   9.6350000e+00   -0.0008665826760370064
   9.6400000e+00   -0.0008440384405370064
   9.6450000e+00   -0.0008302802567870063
   9.6500000e+00   -0.0008256860062045064
   9.6550000e+00  -0.0008293568933720064
   9.6600000e+00  -0.0008400694766220064
   9.6650000e+00  -0.0008564928688720064
   9.6700000e+00  -0.0008766802453720064
   9.6750000e+00  -0.0008972856738720063
   9.6800000e+00  -0.0009131207463720063
   9.6850000e+00   -0.0009175477497970063
   9.6900000e+00   -0.0009039092817220062
   9.6950000e+00   -0.0008678167274720062
   9.7000000e+00   -0.0008096963609720062
   9.7050000e+00   -0.0007365798959720062
   9.7100000e+00   -0.0006619560884720062
   9.7150000e+00   -0.0006029269092220062
   9.7200000e+00   -0.0005750659059720062
   9.7250000e+00  -0.0005868029394720062
   9.7300000e+00  -0.0006359235469720063
   9.7350000e+00  -0.0007101169194720062
   9.7400000e+00  -0.0007915555194720062
   9.7450000e+00  -0.0008633168169720061
   9.7500000e+00  -0.0009144138144720061
   9.7550000e+00  -0.0009410086487220061
   9.7600000e+00   -0.0009436698669720062
   9.7650000e+00   -0.0009230333952220061
   9.7700000e+00   -0.0008774374219720062
   9.7750000e+00   -0.0008050694619720062
   9.7800000e+00   -0.0007101355069720061
   9.7850000e+00   -0.0006091536244720061
   9.7900000e+00   -0.000532005159472006
   9.7950000e+00  -0.000514408023222006
   9.8000000e+00  -0.000583430326972006
   9.8050000e+00  -0.0007427128494720061
   9.8100000e+00  -0.000965776429472006
   9.8150000e+00  -0.001202510936972006
   9.8200000e+00  -0.001397197459472006
   9.8250000e+00  -0.001510075616972006
   9.8300000e+00   -0.0015322726134720062
   9.8350000e+00   -0.0014871087074720061
   9.8400000e+00   -0.0014175077349720061
   9.8450000e+00   -0.0013657993807220062
   9.8500000e+00  -0.0013553494359720062
   9.8550000e+00  -0.0013820075622220061
   9.8600000e+00  -0.0014184670014720062
   9.8650000e+00   -0.0014288304509720061
   9.8700000e+00   -0.001386526380472006
   9.8750000e+00   -0.001287730792972006
   9.8800000e+00   -0.001154710485472006
   9.8850000e+00   -0.001027896130472006
   9.8900000e+00   -0.0009502047652220059
   9.8950000e+00  -0.0009502784884720059
   9.9000000e+00  -0.001031596714472006
   9.9050000e+00  -0.001171723289472006
   9.9100000e+00  -0.001331479016972006
   9.9150000e+00  -0.001469653011972006
   9.9200000e+00  -0.001556881719472006
   9.9250000e+00   -0.001583282126072006
   9.9300000e+00   -0.001557623464422006
   9.9350000e+00   -0.001499619808672006
   9.9400000e+00   -0.001429641806172006
   9.9450000e+00   -0.001360757661172006
   9.9500000e+00   -0.001296430953672006
   9.9550000e+00   -0.001234203701172006
   9.9600000e+00   -0.001172647401172006
   9.9650000e+00   -0.001117233832422006
   9.9700000e+00   -0.001081430874922006
   9.9750000e+00  -0.0010819958639220059
   9.9800000e+00  -0.0011307252216720058
   9.9850000e+00  -0.0012270214616720058
   9.9900000e+00  -0.0013553752791720059
   9.9950000e+00  -0.001489359314172006
   1.0000000e+01  -0.0016003546016720059
   1.0005000e+01  -0.0016668181896720058
   1.0010000e+01   -0.0016797698669220058
   1.0015000e+01   -0.0016424160086720057
   1.0020000e+01   -0.0015652010411720057
   1.0025000e+01   -0.0014601147511720057
   1.0030000e+01   -0.0013381707836720056
   1.0035000e+01   -0.0012113944836720056
   1.0040000e+01   -0.0010969592561720057
   1.0045000e+01   -0.0010188177461720057
   1.0050000e+01  -0.0010031706104220058
   1.0055000e+01  -0.0010681671121720057
   1.0060000e+01  -0.0012128317971720056
   1.0065000e+01  -0.0014121072221720057
   1.0070000e+01  -0.0016223824796720058
   1.0075000e+01  -0.0017961635471720058
   1.0080000e+01  -0.0018991516071720058
   1.0085000e+01   -0.0019214061901720058
   1.0090000e+01   -0.0018775273981720057
   1.0095000e+01   -0.0017967979706720058
   1.0100000e+01   -0.001709217328172006
   1.0105000e+01   -0.0016344867306720059
   1.0110000e+01   -0.0015781446266720058
   1.0115000e+01   -0.0015345923749220058
   1.0120000e+01   -0.0014936408011720058
   1.0125000e+01   -0.0014468574676720057
   1.0130000e+01   -0.0013916293551720057
   1.0135000e+01   -0.0013326309726720057
   1.0140000e+01   -0.0012810946871720057
   1.0145000e+01   -0.0012521258296720058
   1.0150000e+01  -0.0012602726596720058
   1.0155000e+01  -0.0013142002816720058
   1.0160000e+01  -0.0014122026816720057
   1.0165000e+01  -0.0015405340541720057
   1.0170000e+01  -0.0016757007816720058
   1.0175000e+01  -0.0017902940541720059
   1.0180000e+01  -0.001860489164172006
   1.0185000e+01   -0.0018726868744220059
   1.0190000e+01   -0.0018271522396720058
   1.0195000e+01   -0.001737677089672006
   1.0200000e+01   -0.001627703554672006
   1.0205000e+01   -0.0015243691096720059
   1.0210000e+01   -0.001452188757172006
   1.0215000e+01  -0.0014277084381220059
   1.0220000e+01  -0.001455976529072006
   1.0225000e+01  -0.001529493601572006
   1.0230000e+01  -0.001630235419072006
   1.0235000e+01  -0.0017348085515720062
   1.0240000e+01  -0.0018215368315720063
   1.0245000e+01  -0.0018769216208220064
   1.0250000e+01  -0.0018986311035720065
   1.0255000e+01   -0.0018935904168220065
   1.0260000e+01   -0.0018722402813220065
   1.0265000e+01   -0.0018420773050720066
   1.0270000e+01   -0.0018039067288220065
   1.0275000e+01   -0.0017527067235720065
   1.0280000e+01   -0.0016825872585720064
   1.0285000e+01   -0.0015932868435720065
   1.0290000e+01   -0.0014948302010720064
   1.0295000e+01   -0.0014076067035720065
   1.0300000e+01   -0.0013569864928220064
   1.0305000e+01  -0.0013640405653220064
   1.0310000e+01  -0.0014359975110720064
   1.0315000e+01  -0.0015607161835720063
   1.0320000e+01  -0.0017081487585720063
   1.0325000e+01  -0.0018389347410720062
   1.0330000e+01  -0.0019171716943220062
   1.0335000e+01   -0.0019225071635720061
   1.0340000e+01   -0.0018568687695720062
   1.0345000e+01   -0.0017433057195720063
   1.0350000e+01   -0.0016175959145720063
   1.0355000e+01   -0.0015160972745720063
   1.0360000e+01   -0.0014645742803220062
   1.0365000e+01  -0.0014719115205720063
   1.0370000e+01  -0.0015302310300720063
   1.0375000e+01  -0.0016202262725720062
   1.0380000e+01  -0.0017188357550720062
   1.0385000e+01  -0.0018062947400720062
   1.0390000e+01  -0.0018707034125720063
   1.0395000e+01  -0.0019095599175720063
   1.0400000e+01  -0.0019285126005720063
   1.0405000e+01  -0.0019378993563220063
   1.0410000e+01  -0.0019479426335720063
   1.0415000e+01  -0.001964023370072006
   1.0420000e+01  -0.001983912692322006
   1.0425000e+01  -0.0019985051420720063
   1.0430000e+01   -0.0019961666148220064
   1.0435000e+01   -0.0019688580798220066
   1.0440000e+01   -0.0019169423715720067
   1.0445000e+01   -0.0018500415815720067
   1.0450000e+01   -0.0017834526690720066
   1.0455000e+01   -0.0017321977310720065
   1.0460000e+01   -0.0017060616188220065
   1.0465000e+01  -0.0017079978833220064
   1.0470000e+01  -0.0017357156908220065
   1.0475000e+01  -0.0017840417520720065
   1.0480000e+01  -0.0018455946420720066
   1.0485000e+01  -0.0019095517945720065
   1.0490000e+01  -0.0019609643348220064
   1.0495000e+01  -0.0019836831093720062
   1.0500000e+01   -0.0019674959351720063
   1.0505000e+01   -0.0019161300441720064
   1.0510000e+01   -0.0018505070066720064
   1.0515000e+01   -0.0018032979396720064
   1.0520000e+01  -0.0018057875586720063
   1.0525000e+01  -0.0018730708771720064
   1.0530000e+01  -0.0019951881971720063
   1.0535000e+01  -0.0021388418971720062
   1.0540000e+01  -0.0022588555396720065
   1.0545000e+01  -0.0023140313616720064
   1.0550000e+01   -0.0022808952886720062
   1.0555000e+01   -0.002160797946172006
   1.0560000e+01   -0.001978990451172006
   1.0565000e+01   -0.001776800958672006
   1.0570000e+01   -0.001599474346172006
   1.0575000e+01   -0.001483123041172006
   1.0580000e+01  -0.001444763949997006
   1.0585000e+01  -0.0014789245288220059
   1.0590000e+01  -0.0015621175188220058
   1.0595000e+01  -0.0016631363838220058
   1.0600000e+01  -0.0017544466763220058
   1.0605000e+01  -0.0018197485835720058
   1.0610000e+01  -0.0018552724198220058
   1.0615000e+01  -0.0018658747157145057
   1.0620000e+01   -0.0018592857688570056
   1.0625000e+01   -0.0018417985973570056
   1.0630000e+01   -0.0018169074333570056
   1.0635000e+01   -0.0017864522721070056
   1.0640000e+01   -0.0017528454756070057
   1.0645000e+01   -0.0017210152788570056
   1.0650000e+01   -0.0016991782126070055
   1.0655000e+01  -0.0016979517758570054
   1.0660000e+01  -0.0017276705998570054
   1.0665000e+01  -0.0017943532321070053
   1.0670000e+01  -0.0018955837621070053
   1.0675000e+01  -0.0020181651021070053
   1.0680000e+01  -0.002139198294607005
   1.0685000e+01  -0.002231087314607005
   1.0690000e+01  -0.002269327075357005
   1.0695000e+01   -0.002240605351107005
   1.0700000e+01   -0.0021483583961070052
   1.0705000e+01   -0.002013593203607005
   1.0710000e+01   -0.001870234261107005
   1.0715000e+01   -0.001756017576107005
   1.0720000e+01   -0.0017015654116070051
   1.0725000e+01  -0.001721199629607005
   1.0730000e+01  -0.001808754407107005
   1.0735000e+01  -0.0019399358121070052
   1.0740000e+01  -0.002080202404607005
   1.0745000e+01  -0.0021949701721070054
   1.0750000e+01  -0.0022584143623570053
   1.0755000e+01   -0.0022585068588570054
   1.0760000e+01   -0.0021981446301070056
   1.0765000e+01   -0.0020936873726070055
   1.0770000e+01   -0.0019720529901070052
   1.0775000e+01   -0.0018663005651070052
   1.0780000e+01   -0.0018088992486070053
   1.0785000e+01  -0.0018227695671070054
   1.0790000e+01  -0.0019123484996070054
   1.0795000e+01  -0.0020586962871070053
   1.0800000e+01  -0.002222291034607005
   1.0805000e+01  -0.002354239304607005
   1.0810000e+01  -0.002412542652357005
   1.0815000e+01   -0.002377126662607005
   1.0820000e+01   -0.0022573391626070053
   1.0825000e+01   -0.002088687350107005
   1.0830000e+01   -0.0019201759176070052
   1.0835000e+01   -0.0017974886076070052
   1.0840000e+01   -0.001748679081857005
   1.0845000e+01  -0.001777518486107005
   1.0850000e+01  -0.0018660496686070049
   1.0855000e+01  -0.001983978438607005
   1.0860000e+01  -0.0021001411236070047
   1.0865000e+01  -0.002191443046107005
   1.0870000e+01  -0.0022469301528570047
   1.0875000e+01  -0.0022673790982320045
   1.0880000e+01   -0.0022622524718570046
   1.0885000e+01   -0.0022455853023570045
   1.0890000e+01   -0.0022313742351070046
   1.0895000e+01  -0.0022287696416570047
   1.0900000e+01  -0.0022382064484570046
   1.0905000e+01  -0.0022504927829570046
   1.0910000e+01   -0.0022503919362070047
   1.0915000e+01   -0.002224092193707005
   1.0920000e+01   -0.002167427577457005
   1.0925000e+01   -0.002090627289957005
   1.0930000e+01   -0.002016679274957005
   1.0935000e+01   -0.001973453665457005
   1.0940000e+01  -0.001982810868207005
   1.0945000e+01  -0.0020513413179570053
   1.0950000e+01  -0.0021665075729570054
   1.0955000e+01  -0.0022994390854570055
   1.0960000e+01  -0.0024129189254570053
   1.0965000e+01  -0.002471535241957005
   1.0970000e+01   -0.002450993063457005
   1.0975000e+01   -0.002344615093457005
   1.0980000e+01   -0.0021660900134570053
   1.0985000e+01   -0.0019479687059570053
   1.0990000e+01   -0.0017355544909570053
   1.0995000e+01   -0.0015764913134570053
   1.1000000e+01   -0.0015079439219570054
   1.1005000e+01  -0.0015451422429570054
   1.1010000e+01  -0.0016757703854570053
   1.1015000e+01  -0.0018630969954570053
   1.1020000e+01  -0.0020572366679570053
   1.1025000e+01  -0.0022104085829570052
   1.1030000e+01  -0.0022906298637070054
   1.1035000e+01   -0.0022895930497070054
   1.1040000e+01   -0.0022232481124570052
   1.1045000e+01   -0.002125889672457005
   1.1050000e+01   -0.0020395014199570054
   1.1055000e+01   -0.0020005083457070054
   1.1060000e+01  -0.0020270348539570054
   1.1065000e+01  -0.0021110268764570053
   1.1070000e+01  -0.002219466633957005
   1.1075000e+01  -0.0023059671514570053
   1.1080000e+01   -0.002329045213457005
   1.1085000e+01   -0.0022692998604570054
   1.1090000e+01   -0.002137565670457005
   1.1095000e+01   -0.001970406670457005
   1.1100000e+01   -0.001815559602957005
   1.1105000e+01   -0.0017143873979570052
   1.1110000e+01  -0.0016887566212070051
   1.1115000e+01  -0.0017364885919570051
   1.1120000e+01  -0.001835148221957005
   1.1125000e+01  -0.001950952266957005
   1.1130000e+01  -0.002049004331957005
   1.1135000e+01  -0.002102205408457005
   1.1140000e+01   -0.002097599173957005
   1.1145000e+01   -0.002039552295457005
   1.1150000e+01   -0.0019490402779570048
   1.1155000e+01   -0.001858275897957005
   1.1160000e+01   -0.001800917693707005
   1.1165000e+01  -0.001800208849707005
   1.1170000e+01  -0.0018594604449570051
   1.1175000e+01  -0.001959543409957005
   1.1180000e+01  -0.0020655219299570053
   1.1185000e+01  -0.0021401775674570055
   1.1190000e+01   -0.0021584879409570056
   1.1195000e+01   -0.0021165870944570057
   1.1200000e+01   -0.002031797341957006
   1.1205000e+01   -0.0019349660069570057
   1.1210000e+01   -0.0018595572369570056
   1.1215000e+01  -0.0018320192156320056
   1.1220000e+01  -0.0018656278343070056
   1.1225000e+01  -0.0019576521618070056
   1.1230000e+01  -0.0020891094843070055
   1.1235000e+01  -0.0022273704393070055
   1.1240000e+01  -0.0023326481018070056
   1.1245000e+01   -0.002368444452807006
   1.1250000e+01   -0.002313590408807006
   1.1255000e+01   -0.002171422541307006
   1.1260000e+01   -0.001971684286307006
   1.1265000e+01   -0.0017632439588070059
   1.1270000e+01   -0.001599420818807006
   1.1275000e+01   -0.001520779524807006
   1.1280000e+01  -0.0015414089358070059
   1.1285000e+01  -0.0016436215458070058
   1.1290000e+01  -0.0017831856433070058
   1.1295000e+01  -0.0019036504408070057
   1.1300000e+01  -0.0019552777508070056
   1.1305000e+01   -0.0019125628233070055
   1.1310000e+01   -0.0017846812208070055
   1.1315000e+01   -0.0016151359883070054
   1.1320000e+01   -0.0014698241808070054
   1.1325000e+01  -0.0014161798648070054
   1.1330000e+01  -0.0014993668513070054
   1.1335000e+01  -0.0017235919438070054
   1.1340000e+01  -0.0020460799413070056
   1.1345000e+01  -0.0023873720938070056
   1.1350000e+01  -0.0026553999188070054
   1.1355000e+01  -0.0027749685678070055
   1.1360000e+01   -0.0027118296268070054
   1.1365000e+01   -0.0024827644243070055
   1.1370000e+01   -0.0021488555643070055
   1.1375000e+01   -0.0017954954168070054
   1.1380000e+01   -0.0015068390318070054
   1.1385000e+01   -0.0013430841918070054
   1.1390000e+01  -0.0013267159618070054
   1.1395000e+01  -0.0014402768543070054
   1.1400000e+01  -0.0016348399543070055
   1.1405000e+01  -0.0018459808568070054
   1.1410000e+01  -0.0020127634843070054
   1.1415000e+01  -0.0020948589370570056
   1.1420000e+01   -0.0020832933498070054
   1.1425000e+01   -0.0020016220898070054
   1.1430000e+01   -0.0018967472173070053
   1.1435000e+01   -0.0018218824295570053
   1.1440000e+01  -0.0018172868828070054
   1.1445000e+01  -0.0018957849138070055
   1.1450000e+01  -0.0020386375863070054
   1.1455000e+01  -0.0022033016813070056
   1.1460000e+01  -0.0023397802363070057
   1.1465000e+01  -0.0024089408508070056
   1.1470000e+01   -0.0023958094503070057
   1.1475000e+01   -0.0023133154728070056
   1.1480000e+01   -0.0021958942853070058
   1.1485000e+01   -0.002086030830307006
   1.1490000e+01   -0.002018981690557006
   1.1495000e+01  -0.002011030074557006
   1.1500000e+01  -0.002054949910807006
   1.1505000e+01  -0.002123680903307006
   1.1510000e+01  -0.0021805511183070063
   1.1515000e+01   -0.0021925128665570065
   1.1520000e+01   -0.0021421186598070065
   1.1525000e+01   -0.0020343677923070065
   1.1530000e+01   -0.0018960250048070065
   1.1535000e+01   -0.0017673688123070064
   1.1540000e+01   -0.0016889968010570064
   1.1545000e+01  -0.0016882507263070064
   1.1550000e+01  -0.0017699900228070064
   1.1555000e+01  -0.0019146157778070065
   1.1560000e+01  -0.0020833766203070063
   1.1565000e+01  -0.0022286295878070064
   1.1570000e+01  -0.002305930333807006
   1.1575000e+01   -0.0022853989773070063
   1.1580000e+01   -0.002160632939807006
   1.1585000e+01   -0.0019535566498070063
   1.1590000e+01   -0.0017131351798070063
   1.1595000e+01   -0.0015060076498070063
   1.1600000e+01   -0.0013990157743070063
   1.1605000e+01  -0.0014372910688070064
   1.1610000e+01  -0.0016252909263070063
   1.1615000e+01  -0.0019193163813070063
   1.1620000e+01  -0.0022368679088070062
   1.1625000e+01  -0.0024814322663070064
   1.1630000e+01  -0.0025742045650570065
   1.1635000e+01   -0.0024807688988070066
   1.1640000e+01   -0.0022228582813070066
   1.1645000e+01   -0.0018716230088070065
   1.1650000e+01   -0.0015257455463070066
   1.1655000e+01   -0.0012820703388070065
   1.1660000e+01  -0.0012073571103070064
   1.1665000e+01  -0.0013185278668070065
   1.1670000e+01  -0.0015766950393070064
   1.1675000e+01  -0.0018974687218070063
   1.1680000e+01  -0.0021760072468070065
   1.1685000e+01  -0.0023203115918070064
   1.1690000e+01   -0.0022822257168070063
   1.1695000e+01   -0.0020749050268070064
   1.1700000e+01   -0.0017693682318070064
   1.1705000e+01   -0.0014701531893070064
   1.1710000e+01   -0.0012782148568070064
   1.1715000e+01  -0.0012546543443070063
   1.1720000e+01  -0.0013991613168070063
   1.1725000e+01  -0.0016516552893070064
   1.1730000e+01  -0.0019164028718070066
   1.1735000e+01  -0.002098677701807007
   1.1740000e+01   -0.0021390099183070067
   1.1745000e+01   -0.0020317037973070066
   1.1750000e+01   -0.0018218107548070065
   1.1755000e+01   -0.0015843211548070065
   1.1760000e+01   -0.0013961656398070064
   1.1765000e+01   -0.0013125984673070063
   1.1770000e+01  -0.0013550199198070064
   1.1775000e+01  -0.0015106596173070064
   1.1780000e+01  -0.0017398820273070064
   1.1785000e+01  -0.0019863329848070063
   1.1790000e+01  -0.002187714067307006
   1.1795000e+01  -0.002287576089307006
   1.1800000e+01   -0.002248553456307006
   1.1805000e+01   -0.002064828011307006
   1.1810000e+01   -0.001768764228807006
   1.1815000e+01   -0.001426575488807006
   1.1820000e+01   -0.0011216225888070058
   1.1825000e+01   -0.0009296963938070058
   1.1830000e+01  -0.0008949764955570058
   1.1835000e+01  -0.0010157027448070058
   1.1840000e+01  -0.0012448823873070058
   1.1845000e+01  -0.0015057534898070058
   1.1850000e+01  -0.0017168597598070058
   1.1855000e+01  -0.0018188925613070058
   1.1860000e+01   -0.0017949367603070057
   1.1865000e+01   -0.0016770480753070056
   1.1870000e+01   -0.0015353466053070056
   1.1875000e+01   -0.0014513307340570055
   1.1880000e+01  -0.0014839397728070055
   1.1885000e+01  -0.0016420220403070055
   1.1890000e+01  -0.0018765018378070054
   1.1895000e+01  -0.0020980005878070054
   1.1900000e+01  -0.0022136659038070054
   1.1905000e+01   -0.0021668778473070056
   1.1910000e+01   -0.0019614908523070055
   1.1915000e+01   -0.0016598947273070055
   1.1920000e+01   -0.0013570627973070056
   1.1925000e+01   -0.0011435195798070055
   1.1930000e+01  -0.0010733766870570055
   1.1935000e+01  -0.0011489251843070055
   1.1940000e+01  -0.0013247482968070056
   1.1945000e+01  -0.0015268435368070055
   1.1950000e+01  -0.0016785440943070055
   1.1955000e+01   -0.0017249484655570055
   1.1960000e+01   -0.0016494420843070055
   1.1965000e+01   -0.0014783061368070054
   1.1970000e+01   -0.0012719888118070055
   1.1975000e+01   -0.0011047200943070054
   1.1980000e+01   -0.0010379171056070053
   1.1985000e+01  -0.0010962908169070053
   1.1990000e+01  -0.0012566016219070053
   1.1995000e+01  -0.0014555512694070052
   1.2000000e+01  -0.0016153665269070052
   1.2005000e+01  -0.0016765638975570053
   1.2010000e+01   -0.0016225779582070053
   1.2015000e+01   -0.0014842659907070054
   1.2020000e+01   -0.0013227748007070053
   1.2025000e+01   -0.0012008743532070053
   1.2030000e+01  -0.0011583959656820053
   1.2035000e+01  -0.0012034517456570052
   1.2040000e+01  -0.0013205281881570052
   1.2045000e+01  -0.0014864498331570051
   1.2050000e+01  -0.0016819979731570052
   1.2055000e+01  -0.0018921296106570052
   1.2060000e+01  -0.0020971942406570053
   1.2065000e+01  -0.0022646640481570053
   1.2070000e+01  -0.002350925405407005
   1.2075000e+01   -0.002315718330157005
   1.2080000e+01   -0.002142584335157005
   1.2085000e+01   -0.0018534140026570049
   1.2090000e+01   -0.0015074931751570047
   1.2095000e+01   -0.0011839244001570046
   1.2100000e+01   -0.0009554555226570045
   1.2105000e+01   -0.0008657910344070045
   1.2110000e+01  -0.0009193186461570044
   1.2115000e+01  -0.0010847525636570043
   1.2120000e+01  -0.0013078817536570043
   1.2125000e+01  -0.0015270931061570044
   1.2130000e+01  -0.0016879843786570044
   1.2135000e+01  -0.0017563685864070045
   1.2140000e+01   -0.0017290036266570045
   1.2145000e+01   -0.0016387025641570044
   1.2150000e+01   -0.0015485776891570044
   1.2155000e+01  -0.0015324942684070044
   1.2160000e+01  -0.0016454278076570045
   1.2165000e+01  -0.0018945188476570045
   1.2170000e+01  -0.0022242471301570045
   1.2175000e+01  -0.0025248897226570043
   1.2180000e+01  -0.0026641235731570045
   1.2185000e+01   -0.0025319867711570045
   1.2190000e+01   -0.0020838809036570045
   1.2195000e+01   -0.0013666866286570043
   1.2200000e+01   -0.0005183145536570042
   1.2205000e+01   0.0002612957463429958
   1.2210000e+01   0.0007617398088429958
   1.2215000e+01  0.0008234381538429959
   1.2220000e+01  0.0003913560863429959
   1.2225000e+01  -0.0004565415386570041
   1.2230000e+01  -0.001518556438657004
   1.2235000e+01  -0.0025178346136570037
   1.2240000e+01  -0.0031782419261570036
   1.2245000e+01   -0.0033045504536570037
   1.2250000e+01   -0.0028409722436570036
   1.2255000e+01   -0.0018891766436570038
   1.2260000e+01   -0.0006811564186570038
   1.2265000e+01   0.00048288258134299633
   1.2270000e+01   0.0013122624813429965
   1.2275000e+01  0.0015985711735929966
   1.2280000e+01  0.0012670468408429965
   1.2285000e+01  0.0003961134908429966
   1.2290000e+01  -0.0007999965841570033
   1.2295000e+01  -0.0020244220091570034
   1.2300000e+01  -0.0029767500591570033
   1.2305000e+01  -0.0034377752191570034
   1.2310000e+01   -0.0033330419516570033
   1.2315000e+01   -0.0027513391241570035
   1.2320000e+01   -0.0019090396241570034
   1.2325000e+01   -0.0010724147491570034
   1.2330000e+01   -0.00046765851415700335
   1.2335000e+01   -0.00021310182665700337
   1.2340000e+01  -0.00029732631665700335
   1.2345000e+01  -0.0006061486416570034
   1.2350000e+01  -0.0009811949591570035
   1.2355000e+01  -0.0012824876641570034
   1.2360000e+01  -0.0014307018991570033
   1.2365000e+01   -0.0014179580541570033
   1.2370000e+01   -0.0012912052941570034
   1.2375000e+01   -0.0011218215966570034
   1.2380000e+01   -0.0009758855416570034
   1.2385000e+01   -0.0008940269966570035
   1.2390000e+01  -0.0008831786424070034
   1.2395000e+01  -0.0009190642374070035
   1.2400000e+01  -0.0009580126046570035
   1.2405000e+01   -0.0009565452884070034
   1.2410000e+01   -0.0008943521991570034
   1.2415000e+01   -0.0007916187216570035
   1.2420000e+01   -0.0007096613916570035
   1.2425000e+01  -0.0007287128441570035
   1.2430000e+01  -0.0009081096466570035
   1.2435000e+01  -0.0012460906816570035
   1.2440000e+01  -0.0016609150141570035
   1.2445000e+01  -0.0020077109391570037
   1.2450000e+01   -0.0021290630106570035
   1.2455000e+01   -0.0019202156421570036
   1.2460000e+01   -0.0013810183496570038
   1.2465000e+01   -0.0006309840246570038
   1.2470000e+01   0.00012105492534299613
   1.2475000e+01   0.0006425551628429962
   1.2480000e+01  0.0007542408203429962
   1.2485000e+01  0.0003910660653429962
   1.2490000e+01  -0.00037319875965700385
   1.2495000e+01  -0.0013446553596570038
   1.2500000e+01  -0.002263952359657004
   1.2505000e+01  -0.002879395949657004
   1.2510000e+01   -0.003016899457157004
   1.2515000e+01   -0.002627465599657004
   1.2520000e+01   -0.001800172899657004
   1.2525000e+01   -0.0007385793746570038
   1.2530000e+01   0.00029184185034299625
   1.2535000e+01   0.0010308698753429962
   1.2540000e+01  0.0012885888195929961
   1.2545000e+01  0.000993290313842996
   1.2550000e+01  0.00021137648884299602
   1.2555000e+01  -0.0008661728861570041
   1.2560000e+01  -0.0019697285111570043
   1.2565000e+01  -0.0028204750861570045
   1.2570000e+01  -0.0032063882761570045
   1.2575000e+01   -0.0030424215636570043
   1.2580000e+01   -0.002394325061157004
   1.2585000e+01   -0.001456134711157004
   1.2590000e+01   -0.00048795028615700403
   1.2595000e+01   0.00026406506384299595
   1.2600000e+01   0.000637125453842996
   1.2605000e+01  0.0005881539888429959
   1.2610000e+01  0.00018917543384299585
   1.2615000e+01  -0.0004101575161570041
   1.2620000e+01  -0.0010351179411570042
   1.2625000e+01  -0.0015350774361570043
   1.2630000e+01  -0.0018168241236570042
   1.2635000e+01   -0.0018573295711570043
   1.2640000e+01   -0.0016971586086570044
   1.2645000e+01   -0.0014190527586570045
   1.2650000e+01   -0.0011183223861570045
   1.2655000e+01   -0.0008734521461570045
   1.2660000e+01   -0.0007258558961570045
   1.2665000e+01   -0.0006752239374070044
   1.2670000e+01  -0.0006909780126570044
   1.2675000e+01  -0.0007332981321570044
   1.2680000e+01  -0.0007729614749070044
   1.2685000e+01  -0.0008006173049070044
   1.2690000e+01  -0.0008224948576570043
   1.2695000e+01  -0.0008471448939070044
   1.2700000e+01  -0.0008722934099070044
   1.2705000e+01   -0.0008800620179070044
   1.2710000e+01   -0.0008436859961570044
   1.2715000e+01   -0.0007424957386570044
   1.2720000e+01   -0.0005774647236570044
   1.2725000e+01   -0.00037891426615700437
   1.2730000e+01   -0.00020116827865700434
   1.2735000e+01   -0.00010474238715700434
   1.2740000e+01  -0.00013262607065700434
   1.2745000e+01  -0.0002906574481570044
   1.2750000e+01  -0.0005410472906570043
   1.2755000e+01  -0.0008128645006570043
   1.2760000e+01  -0.0010259347131570042
   1.2765000e+01  -0.0011184468836570043
   1.2770000e+01   -0.0010665406966570044
   1.2775000e+01   -0.0008875222841570044
   1.2780000e+01   -0.0006260680816570044
   1.2785000e+01   -0.00033149906415700444
   1.2790000e+01   -3.9340064157004375e-5
   1.2795000e+01   0.00023177659084299562
   1.2800000e+01   0.00046634812834299563
   1.2805000e+01   0.0006319777008429957
   1.2810000e+01  0.0006705479035929956
   1.2815000e+01  0.0005137231163429956
   1.2820000e+01  0.00012116152134299558
   1.2825000e+01  -0.0004771130536570044
   1.2830000e+01  -0.0011607408536570046
   1.2835000e+01  -0.0017404815511570047
   1.2840000e+01  -0.0020197655136570047
   1.2845000e+01   -0.0018727762311570046
   1.2850000e+01   -0.0013039752336570045
   1.2855000e+01   -0.0004598971086570044
   1.2860000e+01   0.00041539839134299575
   1.2865000e+01   0.0010648851463429957
   1.2870000e+01   0.0013093165048429956
   1.2875000e+01  0.0011078480483429957
   1.2880000e+01  0.0005651215883429956
   1.2885000e+01  -0.00011641483665700443
   1.2890000e+01  -0.0007181140866570044
   1.2895000e+01  -0.0010868175591570045
   1.2900000e+01   -0.0011839402604070044
   1.2905000e+01   -0.0010839828641570045
   1.2910000e+01   -0.0009264745941570045
   1.2915000e+01   -0.0008450291986570044
   1.2920000e+01  -0.0009058570756570045
   1.2925000e+01  -0.0010819725406570045
   1.2930000e+01  -0.0012717183381570044
   1.2935000e+01   -0.0013498792824070045
   1.2940000e+01   -0.0012263605316570046
   1.2945000e+01   -0.0008867888841570045
   1.2950000e+01   -0.00040017819665700443
   1.2955000e+01   0.00010580564334299557
   1.2960000e+01   0.0004892286858429956
   1.2965000e+01   0.0006404913348429956
   1.2970000e+01  0.0005160914638429957
   1.2975000e+01  0.0001506046513429957
   1.2980000e+01  -0.0003552007936570044
   1.2985000e+01  -0.0008658065661570045
   1.2990000e+01  -0.0012521224986570046
   1.2995000e+01  -0.0014291418811570047
   1.3000000e+01   -0.0013774914786570047
   1.3005000e+01   -0.0011420779836570046
   1.3010000e+01   -0.0008100758786570045
   1.3015000e+01   -0.0004784851961570045
   1.3020000e+01   -0.0002242800811570045
   1.3025000e+01   -8.66834211570045e-5
   1.3030000e+01  -6.40342859070045e-5
   1.3035000e+01  -0.00012160063315700449
   1.3040000e+01  -0.0002047776031570045
   1.3045000e+01  -0.0002542510711570045
   1.3050000e+01   -0.00022266855915700447
   1.3055000e+01   -9.243397665700446e-5
   1.3060000e+01   0.00010956145834299555
   1.3065000e+01   0.00030899163084299557
   1.3070000e+01   0.00040155643459299556
   1.3075000e+01  0.00029163484334299557
   1.3080000e+01  -5.996011915700443e-5
   1.3085000e+01  -0.0006012000316570045
   1.3090000e+01  -0.0011882365066570046
   1.3095000e+01  -0.0016264977716570045
   1.3100000e+01   -0.0017408032991570045
   1.3105000e+01   -0.0014460327866570044
   1.3110000e+01   -0.0007874088616570043
   1.3115000e+01   6.815023834299573e-5
   1.3120000e+01   0.0008871250383429957
   1.3125000e+01   0.0014489552208429958
   1.3130000e+01  0.0016187691333429959
   1.3135000e+01  0.001386139018342996
   1.3140000e+01  0.000857525148342996
   1.3145000e+01  0.00020865344834299603
   1.3150000e+01  -0.0003821939266570039
   1.3155000e+01  -0.000793473444157004
   1.3160000e+01  -0.000990871644157004
   1.3165000e+01   -0.001020656174657004
   1.3170000e+01   -0.0009729103226570039
   1.3175000e+01   -0.0009329930969070039
   1.3180000e+01  -0.0009424033511570039
   1.3185000e+01  -0.0009840419134070038
   1.3190000e+01   -0.0009951909891570039
   1.3195000e+01   -0.0009000201726570039
   1.3200000e+01   -0.0006468692551570039
   1.3205000e+01   -0.00023567326765700392
   1.3210000e+01   0.0002738146123429961
   1.3215000e+01   0.0007750011048429961
   1.3220000e+01   0.001144005007342996
   1.3225000e+01  0.0012766830363429961
   1.3230000e+01  0.0011220649228429961
   1.3235000e+01  0.0007017760903429962
   1.3240000e+01  0.00010847989034299614
   1.3245000e+01  -0.0005175374096570039
   1.3250000e+01  -0.001027164449657004
   1.3255000e+01  -0.001304281067157004
   1.3260000e+01   -0.0012967118121570038
   1.3265000e+01   -0.001026496492157004
   1.3270000e+01   -0.000577638479657004
   1.3275000e+01   -6.761070465700404e-5
   1.3280000e+01   0.000386468307842996
   1.3285000e+01   0.0006962908953429959
   1.3290000e+01   0.0008185607015929959
   1.3295000e+01  0.0007569973853429959
   1.3300000e+01  0.000552372147842996
   1.3305000e+01  0.00026545667034299597
   1.3310000e+01  -4.1120314657004024e-5
   1.3315000e+01  -0.00031657348215700405
   1.3320000e+01  -0.000527777939657004
   1.3325000e+01  -0.0006571158971570041
   1.3330000e+01   -0.0006957369339070041
   1.3335000e+01   -0.0006376112156570041
   1.3340000e+01   -0.00047905862315700417
   1.3345000e+01   -0.00022504436315700418
   1.3350000e+01   0.00010104908434299589
   1.3355000e+01   0.0004507731093429959
   1.3360000e+01   0.0007536074993429959
   1.3365000e+01   0.0009322169193429959
   1.3370000e+01  0.0009265677343429959
   1.3375000e+01  0.0007183478493429959
   1.3380000e+01  0.0003454581243429959
   1.3385000e+01  -0.00010093279065700414
   1.3390000e+01  -0.0004982201631570041
   1.3395000e+01  -0.0007274908856570041
   1.3400000e+01   -0.0007109457681570041
   1.3405000e+01   -0.00043884641065700407
   1.3410000e+01   2.40538493429959e-5
   1.3415000e+01   0.0005560166743429959
   1.3420000e+01   0.0010147600443429958
   1.3425000e+01   0.0012806900418429958
   1.3430000e+01  0.0012919661243429958
   1.3435000e+01  0.001059535324342996
   1.3440000e+01  0.0006582548018429959
   1.3445000e+01  0.00019955459934299587
   1.3450000e+01  -0.00020263803065700422
   1.3455000e+01  -0.00046054192565700425
   1.3460000e+01   -0.0005283559241570043
   1.3465000e+01   -0.0004045560801570043
   1.3470000e+01   -0.00012465704265700425
   1.3475000e+01   0.00025048299984299573
   1.3480000e+01   0.0006473607548429958
   1.3485000e+01   0.0009921665798429957
   1.3490000e+01   0.0012223383623429958
   1.3495000e+01  0.0012965816690929958
   1.3500000e+01  0.0012019189208429958
   1.3505000e+01  0.0009561589958429958
   1.3510000e+01  0.0006048049183429957
   1.3515000e+01  0.00021259546834299573
   1.3520000e+01  -0.00014882325415700427
   1.3525000e+01  -0.00041457795915700427
   1.3530000e+01  -0.0005386702291570043
   1.3535000e+01   -0.0005019974916570043
   1.3540000e+01   -0.00031501855415700427
   1.3545000e+01   -1.5353726657004276e-5
   1.3550000e+01   0.00033829993584299573
   1.3555000e+01   0.0006745960383429957
   1.3560000e+01   0.0009199735483429957
   1.3565000e+01   0.0010115794551679956
   1.3570000e+01  0.0009123951394929956
   1.3575000e+01  0.0006256645519929955
   1.3580000e+01  0.00020283846199299556
   1.3585000e+01  -0.00026128315050700444
   1.3590000e+01  -0.0006490743255070045
   1.3595000e+01  -0.0008526296030070045
   1.3600000e+01   -0.0008083621780070045
   1.3605000e+01   -0.0005210392805070045
   1.3610000e+01   -6.729388550700454e-5
   1.3615000e+01   0.0004244603169929955
   1.3620000e+01   0.0008124960819929955
   1.3625000e+01   0.0009867483762429955
   1.3630000e+01  0.0009055128179929955
   1.3635000e+01  0.0006108423579929955
   1.3640000e+01  0.00021588403799299548
   1.3645000e+01  -0.0001331902395070045
   1.3650000e+01  -0.0003082399145070045
   1.3655000e+01   -0.0002445793895070045
   1.3660000e+01   3.694817799299553e-5
   1.3665000e+01   0.00044010999549299554
   1.3670000e+01   0.0008310188054929954
   1.3675000e+01   0.0010872009129929954
   1.3680000e+01  0.0011379331354929953
   1.3685000e+01  0.0009815438304929952
   1.3690000e+01  0.0006769479179929952
   1.3695000e+01  0.00031744924549299516
   1.3700000e+01  -3.4767950700485134e-7
   1.3705000e+01  -0.00020162715200700487
   1.3710000e+01   -0.00024723764550700487
   1.3715000e+01   -0.0001365128990070049
   1.3720000e+01   9.80322884929951e-5
   1.3725000e+01   0.0004009143259929951
   1.3730000e+01   0.0007063342334929951
   1.3735000e+01   0.0009513576234929951
   1.3740000e+01   0.0010877553184929951
   1.3745000e+01  0.001090579558492995
   1.3750000e+01  0.000961888030992995
   1.3755000e+01  0.0007289632309929949
   1.3760000e+01  0.0004377029084929949
   1.3765000e+01  0.00014306046599299487
   1.3770000e+01  -0.00010108877650700512
   1.3775000e+01  -0.0002507422790070051
   1.3780000e+01   -0.0002783612700070051
   1.3785000e+01   -0.00017719362850700514
   1.3790000e+01   3.678676399299487e-5
   1.3795000e+01   0.0003260731014929949
   1.3800000e+01   0.000636928798992995
   1.3805000e+01   0.000908868843992995
   1.3810000e+01   0.001086709413992995
   1.3815000e+01  0.001132351642242995
   1.3820000e+01  0.001033571222992995
   1.3825000e+01  0.000808166762992995
   1.3830000e+01  0.000502743412992995
   1.3835000e+01  0.00018561034299299502
   1.3840000e+01  -6.651625700700495e-5
   1.3845000e+01  -0.00018687127625700498
   1.3850000e+01   -0.00013813158800700498
   1.3855000e+01   7.342568199299502e-5
   1.3860000e+01   0.000395600946992995
   1.3865000e+01   0.0007428569019929949
   1.3870000e+01   0.001021229121992995
   1.3875000e+01   0.001157792474492995
   1.3880000e+01  0.0011245773194929949
   1.3885000e+01  0.0009482402969929948
   1.3890000e+01  0.0007013354794929948
   1.3895000e+01  0.0004772371544929948
   1.3900000e+01  0.00035681239449299483
   1.3905000e+01   0.00037878872949299484
   1.3910000e+01   0.0005254884044929948
   1.3915000e+01   0.0007303717344929948
   1.3920000e+01   0.0009050324119929948
   1.3925000e+01   0.0009746541729429948
   1.3930000e+01  0.0009069435688929948
   1.3935000e+01  0.0007226890363929947
   1.3940000e+01  0.0004849359638929947
   1.3945000e+01  0.0002735034088929947
   1.3950000e+01  0.00015696480639299467
   1.3955000e+01   0.00017295435639299466
   1.3960000e+01   0.00032160039139299463
   1.3965000e+01   0.0005703540438929946
   1.3970000e+01   0.0008650780163929946
   1.3975000e+01   0.0011426999063929946
   1.3980000e+01   0.0013431239363929945
   1.3985000e+01   0.0014199555178929944
   1.3990000e+01  0.0013497316793929944
   1.3995000e+01  0.0011382802668929944
   1.4000000e+01  0.0008219151393929944
   1.4005000e+01  0.0004615209043929944
   1.4010000e+01  0.00012944127439299438
   1.4015000e+01  -0.00010818332560700561
   1.4020000e+01  -0.00020862820660700563
   1.4025000e+01   -0.00016368216760700562
   1.4030000e+01   -6.600201070055894e-7
   1.4035000e+01   0.0002271015473929944
   1.4040000e+01   0.0004568691448929944
   1.4045000e+01   0.0006344873898929944
   1.4050000e+01   0.0007279397098929944
   1.4055000e+01  0.0007328594358929943
   1.4060000e+01  0.0006695028193929943
   1.4065000e+01  0.0005735767668929943
   1.4070000e+01  0.0004849125618929943
   1.4075000e+01  0.0004377817498929943
   1.4080000e+01   0.00045487326039299434
   1.4085000e+01   0.0005446326853929943
   1.4090000e+01   0.0007002844103929943
   1.4095000e+01   0.0008993597853929943
   1.4100000e+01   0.0011044600828929944
   1.4105000e+01   0.0012675170278929945
   1.4110000e+01   0.0013392503146429945
   1.4115000e+01  0.0012827361038929945
   1.4120000e+01  0.0010868061688929945
   1.4125000e+01  0.0007737979438929945
   1.4130000e+01  0.00039801203139299443
   1.4135000e+01  3.49480088929945e-5
   1.4140000e+01  -0.00023534946360700553
   1.4145000e+01  -0.00034628853185700553
   1.4150000e+01   -0.0002601793826070055
   1.4155000e+01   2.1547754892994484e-5
   1.4160000e+01   0.00045523984489299446
   1.4165000e+01   0.0009603848098929944
   1.4170000e+01   0.0014337747848929944
   1.4175000e+01   0.0017709292973929944
   1.4180000e+01  0.0018909110473679944
   1.4185000e+01  0.0017586841723429944
   1.4190000e+01  0.0013983250373429943
   1.4195000e+01  0.0008914539898429943
   1.4200000e+01  0.00035878423984299433
   1.4205000e+01  -7.16607001570057e-5
   1.4210000e+01  -0.0003003283801570057
   1.4215000e+01   -0.0002838256601570057
   1.4220000e+01   -4.490040015700568e-5
   1.4225000e+01   0.00033795905984299436
   1.4230000e+01   0.0007562533798429944
   1.4235000e+01   0.0011029376723429944
   1.4240000e+01   0.0013001176873429945
   1.4245000e+01  0.0013165550173429945
   1.4250000e+01  0.0011720294198429946
   1.4255000e+01  0.0009282837648429945
   1.4260000e+01  0.0006687565273429945
   1.4265000e+01  0.0004722621423429946
   1.4270000e+01  0.0003884213263429946
   1.4275000e+01   0.0004230944528429946
   1.4280000e+01   0.0005391599328429946
   1.4285000e+01   0.0006725015928429946
   1.4290000e+01   0.0007573644658429946
   1.4295000e+01  0.0007517274838429945
   1.4300000e+01  0.0006533643288429945
   1.4305000e+01  0.0005007754813429945
   1.4310000e+01  0.0003589186188429945
   1.4315000e+01  0.0002954833625929945
   1.4320000e+01   0.00035693403384299454
   1.4325000e+01   0.0005531083838429946
   1.4330000e+01   0.0008550668638429946
   1.4335000e+01   0.0012052223638429945
   1.4340000e+01   0.0015343098538429945
   1.4345000e+01   0.0017783936713429945
   1.4350000e+01   0.0018909976275929944
   1.4355000e+01  0.0018490361863429945
   1.4360000e+01  0.0016542146988429945
   1.4365000e+01  0.0013322090013429945
   1.4370000e+01  0.0009302134613429945
   1.4375000e+01  0.0005112547563429944
   1.4380000e+01  0.00014348294884299436
   1.4385000e+01  -0.00011462640115700567
   1.4390000e+01  -0.00022842407215700568
   1.4395000e+01   -0.0001943001531570057
   1.4400000e+01   -3.630139315700571e-5
   1.4405000e+01   0.00020602349934299428
   1.4410000e+01   0.0004921209693429943
   1.4415000e+01   0.0007901896743429944
   1.4420000e+01   0.0010785387343429944
   1.4425000e+01   0.0013398764543429945
   1.4430000e+01   0.0015534990693429945
   1.4435000e+01   0.0016911729693429944
   1.4440000e+01  0.0017206224955929944
   1.4445000e+01  0.0016168169768429944
   1.4450000e+01  0.0013769304618429944
   1.4455000e+01  0.0010317090218429944
   1.4460000e+01  0.0006460209468429944
   1.4465000e+01  0.00030542575934299436
   1.4470000e+01  9.210102684299438e-5
   1.4475000e+01   5.891235434299439e-5
   1.4480000e+01   0.0002117013693429944
   1.4485000e+01   0.0005064961568429945
   1.4490000e+01   0.0008624971318429945
   1.4495000e+01   0.0011862849368429944
   1.4500000e+01   0.0013994720093429944
   1.4505000e+01  0.0014612430333429945
   1.4510000e+01  0.0013786829823429945
   1.4515000e+01  0.0012013724498429945
   1.4520000e+01  0.0010019243248429945
   1.4525000e+01  0.0008493277423429945
   1.4530000e+01  0.0007848710580929944
   1.4535000e+01   0.0008095197038429944
   1.4540000e+01   0.0008872278563429944
   1.4545000e+01   0.0009626011238429944
   1.4550000e+01  0.0009858790123429945
   1.4555000e+01  0.0009352674708429945
   1.4560000e+01  0.0008274229383429945
   1.4565000e+01  0.0007114878583429946
   1.4570000e+01  0.0006489747078429946
   1.4575000e+01   0.0006879387973429946
   1.4580000e+01   0.0008421874148429946
   1.4585000e+01   0.0010836670523429945
   1.4590000e+01   0.0013503354898429945
   1.4595000e+01   0.0015658838598429947
   1.4600000e+01   0.0016640279478429946
   1.4605000e+01  0.0016093700033429947
   1.4610000e+01  0.0014084822308429946
   1.4615000e+01  0.0011081203633429946
   1.4620000e+01  0.0007815614133429944
   1.4625000e+01  0.0005077918433429945
   1.4630000e+01  0.00035021894334299444
   1.4635000e+01   0.00034100016084299446
   1.4640000e+01   0.0004746105608429944
   1.4645000e+01   0.0007113489908429945
   1.4650000e+01   0.0009891486883429944
   1.4655000e+01   0.0012403807033429944
   1.4660000e+01   0.0014091251308429944
   1.4665000e+01  0.0014640483620929944
   1.4670000e+01  0.0014033590283429945
   1.4675000e+01  0.0012513258558429945
   1.4680000e+01  0.0010490903808429944
   1.4685000e+01  0.0008440046483429944
   1.4690000e+01  0.0006806373758429943
   1.4695000e+01  0.0005940754010929943
   1.4700000e+01   0.0006043997863429943
   1.4705000e+01   0.0007116306313429944
   1.4710000e+01   0.0008924800263429944
   1.4715000e+01   0.0011019539038429943
   1.4720000e+01   0.0012823358863429943
   1.4725000e+01   0.0013790144928429943
   1.4730000e+01  0.0013584887993429943
   1.4735000e+01  0.0012212647793429943
   1.4740000e+01  0.0010033181243429942
   1.4745000e+01  0.0007645042843429943
   1.4750000e+01  0.0005684786168429943
   1.4755000e+01  0.0004627419968429943
   1.4760000e+01   0.0004667201143429943
   1.4765000e+01   0.0005707406793429943
   1.4770000e+01   0.0007429028643429942
   1.4775000e+01   0.0009382435818429942
   1.4780000e+01   0.0011067011218429943
   1.4785000e+01   0.0012006003340929944
   1.4790000e+01  0.0011843836988429943
   1.4795000e+01  0.0010468675563429944
   1.4800000e+01  0.0008114612688429944
   1.4805000e+01  0.0005371433488429943
   1.4810000e+01  0.00030560712884299433
   1.4815000e+01  0.00019672841759299433
   1.4820000e+01   0.0002610596213429943
   1.4825000e+01   0.0005004138438429943
   1.4830000e+01   0.0008646908263429942
   1.4835000e+01   0.0012666976363429941
   1.4840000e+01   0.0016097452588429942
   1.4845000e+01   0.0018179154263429941
   1.4850000e+01  0.001857973542342994
   1.4855000e+01  0.001745534390842994
   1.4860000e+01  0.001534778898342994
   1.4865000e+01  0.001297425203342994
   1.4870000e+01  0.001099580878342994
   1.4875000e+01  0.000983871093342994
   1.4880000e+01   0.0009608959338429941
   1.4885000e+01   0.001011024271842994
   1.4890000e+01   0.001095289134342994
   1.4895000e+01   0.001171791344342994
   1.4900000e+01   0.0012115868820929939
   1.4905000e+01  0.0012074764513429939
   1.4910000e+01  0.0011721942028429938
   1.4915000e+01  0.0011280837338429937
   1.4920000e+01  0.0010946930508429938
   1.4925000e+01  0.0010807571990179938
   1.4930000e+01   0.0010832337886929938
   1.4935000e+01   0.0010916796074429938
   1.4940000e+01  0.0010941658145429938
   1.4945000e+01  0.0010814656308929939
   1.4950000e+01  0.0010479822496429938
   1.4955000e+01  0.0009895944378929939
   1.4960000e+01  0.0009000264228929939
   1.4965000e+01  0.0007684096428929939
   1.4970000e+01  0.0005807396678929939
   1.4975000e+01  0.00032620427539299386
   1.4980000e+01  6.1885078929938995e-6
   1.4985000e+01  -0.0003590573371070061
   1.4990000e+01  -0.0007312660321070061
   1.4995000e+01  -0.001064199584607006
   1.5000000e+01  -0.0013190428346070062
   1.5005000e+01  -0.0014774740621070063
   1.5010000e+01  -0.0015458190008570062
   1.5015000e+01   -0.0015493060636070062
   1.5020000e+01   -0.0015213944063570063
   1.5025000e+01   -0.0014948323686070064
   1.5030000e+01  -0.0014976693016070064
   1.5035000e+01  -0.0015524527286070063
   1.5040000e+01  -0.0016746376336070064
   1.5045000e+01  -0.0018679459861070064
   1.5050000e+01  -0.0021177896011070063
   1.5055000e+01  -0.002386369971107006
   1.5060000e+01  -0.0026139739186070063
   1.5065000e+01  -0.0027303011793570063
   1.5070000e+01   -0.0026764988926070063
   1.5075000e+01   -0.0024323581626070063
   1.5080000e+01   -0.0020364167001070063
   1.5085000e+01   -0.0015851026701070063
   1.5090000e+01   -0.0012045252501070062
   1.5095000e+01   -0.0010026605001070062
   1.5100000e+01  -0.0010222834776070062
   1.5105000e+01  -0.0012178775151070061
   1.5110000e+01  -0.0014704011501070061
   1.5115000e+01  -0.001636441470107006
   1.5120000e+01   -0.001611155567607006
   1.5125000e+01   -0.0013761529051070061
   1.5130000e+01   -0.0010095735426070061
   1.5135000e+01   -0.0006544501401070062
   1.5140000e+01   -0.0004627765276070062
   1.5145000e+01  -0.0005429056851070062
   1.5150000e+01  -0.0009305891151070061
   1.5155000e+01  -0.001586652865107006
   1.5160000e+01  -0.002412217415107006
   1.5165000e+01  -0.0032736275651070058
   1.5170000e+01  -0.004036733265107006
   1.5175000e+01  -0.004610036237607006
   1.5180000e+01  -0.004984717870107006
   1.5185000e+01  -0.005248907587607006
   1.5190000e+01  -0.005559335525107006
   1.5195000e+01  -0.006076834505107006
   1.5200000e+01  -0.006896279455107007
   1.5205000e+01  -0.008007101055107007
   1.5210000e+01  -0.009303107530107007
   1.5215000e+01  -0.010633097055107007
   1.5220000e+01  -0.011864268580107007
   1.5225000e+01  -0.012927456030107006
   1.5230000e+01  -0.013824507530107007
   1.5235000e+01  -0.014597068555107007
   1.5240000e+01  -0.015275937930107007
   1.5245000e+01  -0.015843023567607008
   1.5250000e+01  -0.016234225300107007
   1.5255000e+01  -0.016387640522107005
   1.5260000e+01   -0.016308602266607006
   1.5265000e+01   -0.016105106039107007
   1.5270000e+01   -0.015962626651607005
   1.5275000e+01  -0.016069797189107005
   1.5280000e+01  -0.016544854594107004
   1.5285000e+01  -0.017415497819107003
   1.5290000e+01  -0.018667249019107005
   1.5295000e+01  -0.020324899744107006
   1.5300000e+01  -0.022504835619107006
   1.5305000e+01  -0.025390542319107007
   1.5310000e+01  -0.029128436344107007
   1.5315000e+01  -0.033689413469107005
   1.5320000e+01  -0.038768257444107
   1.5325000e+01  -0.043785095669107
   1.5330000e+01  -0.048011757094107
   1.5335000e+01  -0.050788147719107
   1.5340000e+01  -0.051747838671357
   1.5345000e+01   -0.050962685298607
   1.5350000e+01   -0.048947946923607
   1.5355000e+01   -0.046524070398607
   1.5360000e+01   -0.044583658923607
   1.5365000e+01  -0.043844781215857
   1.5370000e+01  -0.044676261833106995
   1.5375000e+01  -0.047051963408106995
   1.5380000e+01  -0.050633185658107
   1.5385000e+01  -0.054916368233107
   1.5390000e+01  -0.059358122283106995
   1.5395000e+01  -0.063424459333107
   1.5400000e+01  -0.066581841458107
   1.5405000e+01  -0.068296444158107
   1.5410000e+01   -0.06809518705810699
   1.5415000e+01   -0.065684311008107
   1.5420000e+01   -0.061073008883106995
   1.5425000e+01   -0.054647445133106994
   1.5430000e+01   -0.047171174383106994
   1.5435000e+01   -0.039712264133106995
   1.5440000e+01   -0.033498093383107
   1.5445000e+01   -0.029696821683106996
   1.5450000e+01  -0.029148493883106995
   1.5455000e+01  -0.032115653433106996
   1.5460000e+01  -0.038154807333107
   1.5465000e+01  -0.046186735083107
   1.5470000e+01  -0.054762884583107005
   1.5475000e+01  -0.06242948333310701
   1.5480000e+01  -0.06804220038310702
   1.5485000e+01  -0.07092098075810702
   1.5490000e+01   -0.07083994928310701
   1.5495000e+01   -0.067948817258107
   1.5500000e+01   -0.062738776783107
   1.5505000e+01   -0.056076684283107005
   1.5510000e+01   -0.049210516283107006
   1.5515000e+01   -0.043615643108107005
   1.5520000e+01   -0.040659403908107
   1.5525000e+01  -0.041230256408107006
   1.5530000e+01  -0.045548687433107006
   1.5535000e+01  -0.053262198933107005
   1.5540000e+01  -0.063709094433107
   1.5545000e+01  -0.076108554183107
   1.5550000e+01  -0.089522732933107
   1.5555000e+01  -0.102671999683107
   1.5560000e+01  -0.113859064183107
   1.5565000e+01  -0.121211372408107
   1.5570000e+01   -0.123216221383107
   1.5575000e+01   -0.11929408113310701
   1.5580000e+01   -0.11011603663310701
   1.5585000e+01   -0.09753729388310702
   1.5590000e+01   -0.08423652438310701
   1.5595000e+01   -0.073242104383107
   1.5600000e+01   -0.067448447958107
   1.5605000e+01  -0.069103263033107
   1.5610000e+01  -0.079244160033107
   1.5615000e+01  -0.097213304533107
   1.5620000e+01  -0.120530962783107
   1.5625000e+01  -0.145361209783107
   1.5630000e+01  -0.16750984128310697
   1.5635000e+01  -0.18354754453310698
   1.5640000e+01  -0.19153779645810698
   1.5645000e+01   -0.191094891158107
   1.5650000e+01   -0.182934074433107
   1.5655000e+01   -0.168366613933107
   1.5660000e+01   -0.149119282183107
   1.5665000e+01   -0.12750332118310698
   1.5670000e+01   -0.10662200043310698
   1.5675000e+01   -0.09023906693310697
   1.5680000e+01   -0.08214328590810697
   1.5685000e+01  -0.08515074863310698
   1.5690000e+01  -0.10009798988310697
   1.5695000e+01  -0.12523307613310697
   1.5700000e+01  -0.15633352688310698
   1.5705000e+01  -0.187679693633107
   1.5710000e+01  -0.213686225383107
   1.5715000e+01  -0.230629404633107
   1.5720000e+01  -0.237725226208107
   1.5725000e+01   -0.237024155258107
   1.5730000e+01   -0.232169094233107
   1.5735000e+01   -0.226683711983107
   1.5740000e+01   -0.22269690025810698
   1.5745000e+01   -0.22068786568310697
   1.5750000e+01  -0.22018038683310698
   1.5755000e+01  -0.22077885178310697
   1.5760000e+01  -0.22285064493310697
   1.5765000e+01  -0.22749379438310696
   1.5770000e+01  -0.23589011988310696
   1.5775000e+01  -0.24844345138310697
   1.5780000e+01  -0.264150890633107
   1.5785000e+01  -0.280528336633107
   1.5790000e+01  -0.294198531383107
   1.5795000e+01  -0.30199089195810697
   1.5800000e+01   -0.302158465533107
   1.5805000e+01   -0.295216487033107
   1.5810000e+01   -0.284046567283107
   1.5815000e+01   -0.273221405783107
   1.5820000e+01   -0.267782286858107
   1.5825000e+01  -0.271807915183107
   1.5830000e+01  -0.287108556433107
   1.5835000e+01  -0.312396370683107
   1.5840000e+01  -0.343297644683107
   1.5845000e+01  -0.373398542183107
   1.5850000e+01  -0.396075525683107
   1.5855000e+01  -0.406402981033107
   1.5860000e+01   -0.402356666883107
   1.5865000e+01   -0.384969955133107
   1.5870000e+01   -0.357706314883107
   1.5875000e+01   -0.325581178133107
   1.5880000e+01   -0.294341915883107
   1.5885000e+01   -0.269632317883107
   1.5890000e+01   -0.255978287133107
   1.5895000e+01  -0.255719068633107
   1.5900000e+01  -0.268330248133107
   1.5905000e+01  -0.290563107133107
   1.5910000e+01  -0.317439616633107
   1.5915000e+01  -0.343714996383107
   1.5920000e+01  -0.365260538133107
   1.5925000e+01  -0.37995163563310697
   1.5930000e+01  -0.387873593808107
   1.5935000e+01  -0.39083013890810697
   1.5940000e+01   -0.39128359513560695
   1.5945000e+01   -0.39105418558560695
   1.5950000e+01   -0.39031071575810694
   1.5955000e+01   -0.38740724183310693
   1.5960000e+01   -0.37981428188310695
   1.5965000e+01   -0.36583399388310694
   1.5970000e+01   -0.34626938438310695
   1.5975000e+01   -0.32507173513310694
   1.5980000e+01   -0.30838219988310694
   1.5985000e+01  -0.30218686465560696
   1.5990000e+01  -0.309623736428107
   1.5995000e+01  -0.32932336592810696
   1.6000000e+01  -0.355734209678107
   1.6005000e+01  -0.381333438928107
   1.6010000e+01  -0.399560647928107
   1.6015000e+01  -0.40693714730310704
   1.6020000e+01   -0.40342726167810705
   1.6025000e+01   -0.39125797167810705
   1.6030000e+01   -0.37331551467810703
   1.6035000e+01   -0.35225681992810703
   1.6040000e+01   -0.330667065178107
   1.6045000e+01   -0.311643783428107
   1.6050000e+01   -0.298843671678107
   1.6055000e+01  -0.295520489678107
   1.6060000e+01  -0.302975501178107
   1.6065000e+01  -0.31942697317810703
   1.6070000e+01  -0.34016930517810706
   1.6075000e+01  -0.35918162217810706
   1.6080000e+01  -0.37155154817810704
   1.6085000e+01  -0.375621614215607
   1.6090000e+01   -0.373783578728107
   1.6095000e+01   -0.37131297872810703
   1.6100000e+01  -0.37349807900310705
   1.6105000e+01  -0.38237294500310703
   1.6110000e+01  -0.395049307503107
   1.6115000e+01  -0.405202396253107
   1.6120000e+01   -0.407468911528107
   1.6125000e+01   -0.402272320303107
   1.6130000e+01   -0.397618147403107
   1.6135000e+01  -0.40585992250310704
   1.6140000e+01  -0.43668197700310707
   1.6145000e+01  -0.49033402600310705
   1.6150000e+01  -0.5553605685031071
   1.6155000e+01  -0.6124643280031071
   1.6160000e+01  -0.6425745920031072
   1.6165000e+01   -0.6350317465031072
   1.6170000e+01   -0.5921316740031072
   1.6175000e+01   -0.5283893540031072
   1.6180000e+01   -0.4652543040031072
   1.6185000e+01   -0.4235611380031072
   1.6190000e+01  -0.4165036332531072
   1.6195000e+01  -0.44557274825310716
   1.6200000e+01  -0.5008398595031072
   1.6205000e+01  -0.5653534095031072
   1.6210000e+01  -0.6217458577531072
   1.6215000e+01  -0.6582232060031072
   1.6220000e+01  -0.6715252633031072
   1.6225000e+01   -0.6660556278531072
   1.6230000e+01   -0.6502979968531072
   1.6235000e+01   -0.6327832048531072
   1.6240000e+01   -0.6196571611031072
   1.6245000e+01   -0.6145486001731072
   1.6250000e+01  -0.6198294474931072
   1.6255000e+01  -0.6375233132431072
   1.6260000e+01  -0.6686061897431071
   1.6265000e+01  -0.7109544109931072
   1.6270000e+01  -0.7576659047431071
   1.6275000e+01  -0.7977479057431072
   1.6280000e+01  -0.8198267274931071
   1.6285000e+01   -0.8173857157431071
   1.6290000e+01   -0.7926136447431071
   1.6295000e+01   -0.7564141337431072
   1.6300000e+01   -0.7243265697431072
   1.6305000e+01   -0.7105667208431071
   1.6310000e+01  -0.7233878881931072
   1.6315000e+01  -0.7638328444431072
   1.6320000e+01  -0.8275990919431072
   1.6325000e+01  -0.9079101944431072
   1.6330000e+01  -0.9971813419431071
   1.6335000e+01  -1.0867204344431072
   1.6340000e+01  -1.1654801794431071
   1.6345000e+01  -1.2197294649431072
   1.6350000e+01   -1.2350344639431072
   1.6355000e+01   -1.2005807024431072
   1.6360000e+01   -1.1144067124431072
   1.6365000e+01   -0.9872188799431072
   1.6370000e+01   -0.8425322799431072
   1.6375000e+01   -0.7120600824431071
   1.6380000e+01   -0.6272274299431071
   1.6385000e+01  -0.6095707529431071
   1.6390000e+01  -0.6635941484431072
   1.6395000e+01  -0.7748695809431072
   1.6400000e+01  -0.9141409134431072
   1.6405000e+01  -1.0459137134431071
   1.6410000e+01  -1.138475838443107
   1.6415000e+01  -1.172004819418107
   1.6420000e+01   -1.142329252893107
   1.6425000e+01   -1.059598137893107
   1.6430000e+01   -0.942947345393107
   1.6435000e+01   -0.813558472893107
   1.6440000e+01   -0.688783947893107
   1.6445000e+01   -0.579200710393107
   1.6450000e+01   -0.48898948289310706
   1.6455000e+01   -0.41861587789310706
   1.6460000e+01   -0.36800149664310705
   1.6465000e+01   -0.3384551093931071
   1.6470000e+01  -0.3324601728931071
   1.6475000e+01  -0.3515994908931071
   1.6480000e+01  -0.3939101593931071
   1.6485000e+01  -0.4522944843931071
   1.6490000e+01  -0.5150480993931071
   1.6495000e+01  -0.5683995133931071
   1.6500000e+01  -0.5998964901431071
   1.6505000e+01   -0.6011804076431071
   1.6510000e+01   -0.5692605476431071
   1.6515000e+01   -0.5063178278931071
   1.6520000e+01   -0.4186628353931071
   1.6525000e+01   -0.3154842553931071
   1.6530000e+01   -0.20770803289310708
   1.6535000e+01   -0.10703657539310707
   1.6540000e+01   -0.025167272893107065
   1.6545000e+01   0.026861265106892934
   1.6550000e+01  0.039399689356892934
   1.6555000e+01  0.005333283106892933
   1.6560000e+01  -0.07812497439310706
   1.6565000e+01  -0.20716155439310707
   1.6570000e+01  -0.36930724689310707
   1.6575000e+01  -0.542713944393107
   1.6580000e+01  -0.6979663318931071
   1.6585000e+01  -0.8031759993931071
   1.6590000e+01   -0.8319467843931071
   1.6595000e+01   -0.7721288693931071
   1.6600000e+01   -0.6318873518931071
   1.6605000e+01   -0.439636314393107
   1.6610000e+01   -0.236493264393107
   1.6615000e+01   -0.06347845189310697
   1.6620000e+01   0.05116814060689304
   1.6625000e+01   0.09857950710689303
   1.6630000e+01  0.08662814185689303
   1.6635000e+01  0.029965395106893028
   1.6640000e+01  -0.061034069893106974
   1.6645000e+01  -0.18539658489310698
   1.6650000e+01  -0.347285732393107
   1.6655000e+01  -0.544851537393107
   1.6660000e+01  -0.759391172393107
   1.6665000e+01  -0.9525086573931071
   1.6670000e+01  -1.0749107173931072
   1.6675000e+01   -1.0842523048931072
   1.6680000e+01   -0.9644551048931072
   1.6685000e+01   -0.7376048498931072
   1.6690000e+01   -0.4623274073931071
   1.6695000e+01   -0.2180791698931071
   1.6700000e+01   -0.0806956348931071
   1.6705000e+01  -0.09834709739310711
   1.6710000e+01  -0.2770519698931071
   1.6715000e+01  -0.5809725048931071
   1.6720000e+01  -0.9465822973931072
   1.6725000e+01  -1.3042939523931072
   1.6730000e+01  -1.598773212393107
   1.6735000e+01  -1.8007934073931071
   1.6740000e+01  -1.907964434893107
   1.6745000e+01   -1.936629184893107
   1.6750000e+01   -1.910323768643107
   1.6755000e+01   -1.8502692823931068
   1.6760000e+01   -1.7708649248931068
   1.6765000e+01   -1.6798394298931068
   1.6770000e+01   -1.5805780673931067
   1.6775000e+01   -1.4741770848931066
   1.6780000e+01   -1.3604228448931066
   1.6785000e+01   -1.2385558698931065
   1.6790000e+01   -1.1090081623931065
   1.6795000e+01   -0.9761804473931065
   1.6800000e+01   -0.8508242398931065
   1.6805000e+01   -0.7500094073931065
   1.6810000e+01   -0.6935259266431065
   1.6815000e+01  -0.6973913298931065
   1.6820000e+01  -0.7668612213931065
   1.6825000e+01  -0.8920434688931065
   1.6830000e+01  -1.0484983638931065
   1.6835000e+01  -1.2032683538931064
   1.6840000e+01  -1.3243534788931064
   1.6845000e+01  -1.3898276546431063
   1.6850000e+01   -1.3926340046431063
   1.6855000e+01   -1.3390008313931063
   1.6860000e+01   -1.2416502513931063
   1.6865000e+01   -1.1118395563931063
   1.6870000e+01   -0.9550393738931062
   1.6875000e+01   -0.7730349988931062
   1.6880000e+01   -0.5713815063931063
   1.6885000e+01   -0.36758608639310625
   1.6890000e+01   -0.19427329139310623
   1.6895000e+01   -0.09379364389310622
   1.6900000e+01  -0.10526887889310622
   1.6905000e+01  -0.2494694913931062
   1.6910000e+01  -0.5186013688931062
   1.6915000e+01  -0.8759050213931061
   1.6920000e+01  -1.265124606393106
   1.6925000e+01  -1.625266158893106
   1.6930000e+01  -1.9043447663931061
   1.6935000e+01  -2.067700571393106
   1.6940000e+01   -2.100212546393106
   1.6945000e+01   -2.004651348893106
   1.6950000e+01   -1.7988792713931059
   1.6955000e+01   -1.513103881393106
   1.6960000e+01   -1.186703723893106
   1.6965000e+01   -0.8636919838931059
   1.6970000e+01   -0.5867106338931058
   1.6975000e+01   -0.3905506563931058
   1.6980000e+01   -0.29662614939310583
   1.6985000e+01  -0.30946369989310585
   1.6990000e+01  -0.41566632989310587
   1.6995000e+01  -0.5855296848931059
   1.7000000e+01  -0.7775213998931059
   1.7005000e+01  -0.9456619898931059
   1.7010000e+01  -1.0489967923931058
   1.7015000e+01   -1.0609933113931058
   1.7020000e+01   -0.9757265553931058
   1.7025000e+01   -0.8081465353931058
   1.7030000e+01   -0.5878471303931058
   1.7035000e+01   -0.34869534539310576
   1.7040000e+01   -0.11878936039310578
   1.7045000e+01   0.08489506210689424
   1.7050000e+01   0.25531538960689426
   1.7055000e+01   0.3894060696068943
   1.7060000e+01   0.48181367960689425
   1.7065000e+01   0.5228417501068943
   1.7070000e+01  0.5023729831068943
   1.7075000e+01  0.41756560560689426
   1.7080000e+01  0.27943978310689427
   1.7085000e+01  0.11389108560689426
   1.7090000e+01  -0.04401366189310574
   1.7095000e+01  -0.15958124939310575
   1.7100000e+01  -0.20696925939310573
   1.7105000e+01   -0.17292342939310573
   1.7110000e+01   -0.05556619189310573
   1.7115000e+01   0.1388494606068943
   1.7120000e+01   0.39772774560689433
   1.7125000e+01   0.7011898481068943
   1.7130000e+01   1.0203298656068944
   1.7135000e+01   1.3182060956068944
   1.7140000e+01   1.5557648006068945
   1.7145000e+01   1.7014314431068944
   1.7150000e+01  1.7400054181068945
   1.7155000e+01  1.6760982581068944
   1.7160000e+01  1.5301449606068944
   1.7165000e+01  1.3292379031068944
   1.7170000e+01  1.0979122131068944
   1.7175000e+01  0.8536900556068944
   1.7180000e+01  0.6089604906068944
   1.7185000e+01  0.37679085060689443
   1.7190000e+01  0.17602934560689446
   1.7195000e+01  0.03175194310689447
   1.7200000e+01  -0.030008129143105536
   1.7205000e+01   0.008847003606894471
   1.7210000e+01   0.14979136610689447
   1.7215000e+01   0.3728153561068945
   1.7220000e+01   0.6374904411068945
   1.7225000e+01   0.8901214286068945
   1.7230000e+01   1.0754000811068944
   1.7235000e+01   1.1496432586068945
   1.7240000e+01  1.0920191111068944
   1.7245000e+01  0.9104695636068945
   1.7250000e+01  0.6404431861068944
   1.7255000e+01  0.3366486311068944
   1.7260000e+01  0.06004091860689442
   1.7265000e+01  -0.13648379389310555
   1.7270000e+01  -0.21987459639310555
   1.7275000e+01   -0.18289843889310556
   1.7280000e+01   -0.04237606639310554
   1.7285000e+01   0.16996221360689445
   1.7290000e+01   0.4208483661068944
   1.7295000e+01   0.6877567786068943
   1.7300000e+01   0.9646699061068944
   1.7305000e+01   1.2585052586068946
   1.7310000e+01   1.5777398911068945
   1.7315000e+01   1.9186943886068946
   1.7320000e+01   2.2562986986068947
   1.7325000e+01   2.544230221106895
   1.7330000e+01   2.725145418606895
   1.7335000e+01  2.7474058386068947
   1.7340000e+01  2.5821255611068947
   1.7345000e+01  2.2343881636068947
   1.7350000e+01  1.7447573361068947
   1.7355000e+01  1.1806189111068948
   1.7360000e+01  0.6201402611068947
   1.7365000e+01  0.1337186311068947
   1.7370000e+01  -0.23173342139310532
   1.7375000e+01  -0.46137109889310535
   1.7380000e+01  -0.5717552238931054
   1.7385000e+01  -0.6015786865681054
   1.7390000e+01   -0.5970387967431054
   1.7395000e+01  -0.5967996412431055
   1.7400000e+01  -0.6215158132431055
   1.7405000e+01  -0.6710563457431055
   1.7410000e+01  -0.7295135607431055
   1.7415000e+01  -0.7751103867431055
   1.7420000e+01   -0.7905421713681056
   1.7425000e+01   -0.7697091927431056
   1.7430000e+01   -0.7188330129931055
   1.7435000e+01   -0.6525288979931055
   1.7440000e+01   -0.5873573629931055
   1.7445000e+01   -0.5359631017431055
   1.7450000e+01   -0.5040682337431055
   1.7455000e+01   -0.4908739875681055
   1.7460000e+01  -0.4917249313931055
   1.7465000e+01  -0.5010137538931055
   1.7470000e+01  -0.5136203968931056
   1.7475000e+01  -0.5244373461431056
   1.7480000e+01   -0.5269843228431056
   1.7485000e+01   -0.5128891900431056
   1.7490000e+01   -0.47358371354310563
   1.7495000e+01   -0.40409013104310565
   1.7500000e+01   -0.30708945104310564
   1.7505000e+01   -0.19465848354310566
   1.7510000e+01   -0.08583572104310566
   1.7515000e+01   -0.00029683104310565533
   1.7520000e+01   0.04926694370689435
   1.7525000e+01  0.06241167955689435
   1.7530000e+01  0.05116616990689435
   1.7535000e+01  0.035094961156894346
   1.7540000e+01   0.033713160406894344
   1.7545000e+01   0.05992836790689435
   1.7550000e+01   0.11727108315689436
   1.7555000e+01   0.20141391565689437
   1.7560000e+01   0.30435419065689434
   1.7565000e+01   0.4188303156568943
   1.7570000e+01   0.5412133906568943
   1.7575000e+01   0.6724552206568943
   1.7580000e+01   0.8176402706568944
   1.7585000e+01   0.9847752306568944
   1.7590000e+01   1.1829484306568945
   1.7595000e+01   1.4196432606568945
   1.7600000e+01   1.6973359506568946
   1.7605000e+01   2.0104226931568947
   1.7610000e+01   2.3442524081568945
   1.7615000e+01   2.6777519081568943
   1.7620000e+01   2.9895851456568945
   1.7625000e+01   3.2656913006568944
   1.7630000e+01   3.5047041806568946
   1.7635000e+01   3.7182228531568944
   1.7640000e+01   3.9251931506568942
   1.7645000e+01   4.142611275656894
   1.7650000e+01   4.376713490656894
   1.7655000e+01   4.618641005656895
   1.7660000e+01   4.846366530656895
   1.7665000e+01   5.031683943156895
   1.7670000e+01   5.148911438156895
   1.7675000e+01  5.181675481156895
   1.7680000e+01  5.125633849156895
   1.7685000e+01  4.9872044116568945
   1.7690000e+01  4.780005439156895
   1.7695000e+01  4.521068876656895
   1.7700000e+01  4.228158961656895
   1.7705000e+01  3.918512626656895
   1.7710000e+01  3.608731856656895
   1.7715000e+01  3.315533341656895
   1.7720000e+01  3.057183569156895
   1.7725000e+01  2.8552474091568953
   1.7730000e+01  2.7357225866568955
   1.7735000e+01   2.7282101516568953
   1.7740000e+01   2.8620996941568952
   1.7745000e+01   3.160014974156895
   1.7750000e+01   3.630440494156895
   1.7755000e+01   4.262520644156895
   1.7760000e+01   5.0256450941568955
   1.7765000e+01   5.8745635191568955
   1.7770000e+01   6.7583207441568955
   1.7775000e+01   7.629634144156896
   1.7780000e+01   8.451406094156896
   1.7785000e+01   9.198792094156897
   1.7790000e+01   9.857564419156896
   1.7795000e+01   10.421077994156896
   1.7800000e+01   10.888178436656895
   1.7805000e+01   11.263083464156896
   1.7810000e+01   11.556549396656896
   1.7815000e+01   11.786552806656896
   1.7820000e+01   11.976847749156896
   1.7825000e+01   12.152953691656895
   1.7830000e+01   12.336666864156895
   1.7835000e+01   12.541191196656895
   1.7840000e+01   12.768904276656894
   1.7845000e+01   13.012681109156894
   1.7850000e+01   13.260212371656895
   1.7855000e+01   13.499626176656895
   1.7860000e+01   13.724384149156895
   1.7865000e+01   13.935826111656896
   1.7870000e+01   14.142565801656895
   1.7875000e+01   14.356914809156894
   1.7880000e+01   14.589480126656895
   1.7885000e+01   14.843854854156895
   1.7890000e+01   15.113560501656895
   1.7895000e+01   15.382776714156895
   1.7900000e+01   15.630952554156895
   1.7905000e+01   15.839712321656895
   1.7910000e+01   15.999402834156895
   1.7915000e+01   16.112765629156893
   1.7920000e+01   16.194478216656893
   1.7925000e+01   16.267007669156893
   1.7930000e+01   16.354522564156895
   1.7935000e+01   16.477029489156894
   1.7940000e+01   16.646490244156894
   1.7945000e+01   16.865833339156893
   1.7950000e+01   17.130887424156892
   1.7955000e+01   17.43450459415689
   1.7960000e+01   17.77152504165689
   1.7965000e+01   18.14283635165689
   1.7970000e+01   18.55683026915689
   1.7975000e+01   19.02728586915689
   1.7980000e+01   19.56805249415689
   1.7985000e+01   20.18637999415689
   1.7990000e+01   20.87761136915689
   1.7995000e+01   21.62365846915689
   1.8000000e+01   22.39623819415689
   1.8005000e+01   23.16389154415689
   1.8010000e+01   23.90027114415689
   1.8015000e+01   24.59076334415689
   1.8020000e+01   25.235303844156892
   1.8025000e+01   25.84675514415689
   1.8030000e+01   26.44570806915689
   1.8035000e+01   27.05351584415689
   1.8040000e+01   27.68563466915689
   1.8045000e+01   28.34707271915689
   1.8050000e+01   29.031086969156892
   1.8055000e+01   29.72125439415689
   1.8060000e+01   30.39578541915689
   1.8065000e+01   31.03185791915689
   1.8070000e+01   31.60752849415689
   1.8075000e+01   32.09994769915689
   1.8080000e+01   32.480912006656894
   1.8085000e+01   32.713018051656896
   1.8090000e+01  32.7502832016569
   1.8095000e+01  32.5452449266569
   1.8100000e+01  32.060972444156896
   1.8105000e+01  31.283155119156895
   1.8110000e+01  30.226587769156893
   1.8115000e+01  28.932706894156894
   1.8120000e+01  27.459133344156893
   1.8125000e+01  25.865975544156893
   1.8130000e+01  24.204772844156892
   1.8135000e+01  22.513901319156894
   1.8140000e+01  20.820438144156892
   1.8145000e+01  19.145245969156893
   1.8150000e+01  17.507182669156894
   1.8155000e+01  15.924015119156893
   1.8160000e+01  14.410395969156893
   1.8165000e+01  12.975235144156892
   1.8170000e+01  11.620853594156893
   1.8175000e+01  10.344763069156892
   1.8180000e+01  9.143077519156892
   1.8185000e+01  8.013652644156892
   1.8190000e+01  6.957396544156892
   1.8195000e+01  5.977247619156892
   1.8200000e+01  5.075331469156892
   1.8205000e+01  4.249444594156892
   1.8210000e+01  3.4903156691568924
   1.8215000e+01  2.781072069156892
   1.8220000e+01  2.0997490691568923
   1.8225000e+01  1.4243836941568921
   1.8230000e+01  0.738692319156892
   1.8235000e+01  0.03554649415689204
   1.8240000e+01  -0.683755430843108
   1.8245000e+01  -1.414259655843108
   1.8250000e+01  -2.153709755843108
   1.8255000e+01  -2.9070459308431085
   1.8260000e+01  -3.6866020558431085
   1.8265000e+01  -4.507882780843109
   1.8270000e+01  -5.383088180843108
   1.8275000e+01  -6.315559130843108
   1.8280000e+01  -7.297650930843108
   1.8285000e+01  -8.312744655843108
   1.8290000e+01  -9.340208780843108
   1.8295000e+01  -10.361049180843107
   1.8300000e+01  -11.362101530843107
   1.8305000e+01  -12.337643830843108
   1.8310000e+01  -13.288553980843108
   1.8315000e+01  -14.219948330843108
   1.8320000e+01  -15.138335430843108
   1.8325000e+01  -16.048907280843107
   1.8330000e+01  -16.953144880843105
   1.8335000e+01  -17.846824405843105
   1.8340000e+01  -18.718802030843104
   1.8345000e+01  -19.551284755843103
   1.8350000e+01  -20.322210430843104
   1.8355000e+01  -21.009672180843104
   1.8360000e+01  -21.597296530843103
   1.8365000e+01  -22.078714575843104
   1.8370000e+01  -22.459292235843105
   1.8375000e+01  -22.754219933343105
   1.8380000e+01  -22.983486315843106
   1.8385000e+01  -23.165471758343106
   1.8390000e+01  -23.311319185843107
   1.8395000e+01  -23.421738080843106
   1.8400000e+01  -23.486815601593104
   1.8405000e+01   -23.488337314593103
   1.8410000e+01   -23.403562124343104
   1.8415000e+01   -23.209504129343102
   1.8420000e+01   -22.8872795218431
   1.8425000e+01   -22.4264511168431
   1.8430000e+01   -21.829108416843102
   1.8435000e+01   -21.112677991843103
   1.8440000e+01   -20.309769516843104
   1.8445000e+01   -19.463577316843104
   1.8450000e+01   -18.618899016843102
   1.8455000e+01   -17.8111513418431
   1.8460000e+01   -17.0574637918431
   1.8465000e+01   -16.3536730168431
   1.8470000e+01   -15.6786055668431
   1.8475000e+01   -15.0036875418431
   1.8480000e+01   -14.3036337918431
   1.8485000e+01   -13.564057741843099
   1.8490000e+01   -12.784025091843098
   1.8495000e+01   -11.974254941843098
   1.8500000e+01   -11.153176391843099
   1.8505000e+01   -10.3428033168431
   1.8510000e+01   -9.565149291843099
   1.8515000e+01   -8.8389491918431
   1.8520000e+01   -8.1765204918431
   1.8525000e+01   -7.581404316843099
   1.8530000e+01   -7.0480518668431
   1.8535000e+01   -6.564514039343099
   1.8540000e+01   -6.117832981843099
   1.8545000e+01   -5.700324366843099
   1.8550000e+01   -5.3141149318431
   1.8555000e+01   -4.9717590243431
   1.8560000e+01   -4.692412134343099
   1.8565000e+01   -4.4951228518430995
   1.8570000e+01   -4.3922398918431
   1.8575000e+01  -4.3859032945931
   1.8580000e+01  -4.4690460123431
   1.8585000e+01  -4.6300791223431
   1.8590000e+01  -4.8586947273431
   1.8595000e+01  -5.1499033773431
   1.8600000e+01  -5.5045848648431
   1.8605000e+01  -5.9267095523431
   1.8610000e+01  -6.4189382523431
   1.8615000e+01  -6.9788342523431
   1.8620000e+01  -7.5973650773431
   1.8625000e+01  -8.2601849023431
   1.8630000e+01  -8.9509770523431
   1.8635000e+01  -9.655369677343101
   1.8640000e+01  -10.363835002343102
   1.8645000e+01  -11.072509352343102
   1.8650000e+01  -11.781777152343103
   1.8655000e+01  -12.493359652343104
   1.8660000e+01  -13.207155077343105
   1.8665000e+01  -13.918998977343104
   1.8670000e+01  -14.619958152343104
   1.8675000e+01  -15.297071702343104
   1.8680000e+01  -15.934958302343103
   1.8685000e+01  -16.517588352343104
   1.8690000e+01  -17.029709757343102
   1.8695000e+01  -17.457729659843103
   1.8700000e+01  -17.790123584843105
   1.8705000e+01  -18.017593894843106
   1.8710000e+01  -18.133248609843108
   1.8715000e+01   -18.13307809734311
   1.8720000e+01   -18.017002739843107
   1.8725000e+01   -17.790683904843107
   1.8730000e+01   -17.467976979843108
   1.8735000e+01   -17.07327067484311
   1.8740000e+01   -16.64222047734311
   1.8745000e+01   -16.21912860734311
   1.8750000e+01   -15.850049934843108
   1.8755000e+01   -15.572641519843108
   1.8760000e+01   -15.405952934843109
   1.8765000e+01   -15.344384596343108
   1.8770000e+01  -15.358953648093108
   1.8775000e+01  -15.406063908343107
   1.8780000e+01  -15.440657746093107
   1.8785000e+01   -15.428736302343108
   1.8790000e+01   -15.354759468343108
   1.8795000e+01   -15.221981845843107
   1.8800000e+01   -15.046899060843106
   1.8805000e+01   -14.851102138343107
   1.8810000e+01   -14.654139583343106
   1.8815000e+01   -14.469680918343107
   1.8820000e+01   -14.305294623343107
   1.8825000e+01   -14.164531468343107
   1.8830000e+01   -14.049368180843107
   1.8835000e+01   -13.961465183343106
   1.8840000e+01   -13.901727355843107
   1.8845000e+01   -13.868746444343108
   1.8850000e+01   -13.857338313568109
   1.8855000e+01  -13.858320273393108
   1.8860000e+01   -13.860007823118108
   1.8865000e+01   -13.851042229243108
   1.8870000e+01   -13.823554950743107
   1.8875000e+01   -13.775593919243107
   1.8880000e+01   -13.712109659243108
   1.8885000e+01   -13.644334599243107
   1.8890000e+01   -13.587818538493107
   1.8895000e+01   -13.559622391743106
   1.8900000e+01  -13.575279285243106
   1.8905000e+01  -13.646159744743105
   1.8910000e+01  -13.777795984743106
   1.8915000e+01  -13.969477917243106
   1.8920000e+01  -14.215065439743105
   1.8925000e+01  -14.504608349743105
   1.8930000e+01  -14.826184134743105
   1.8935000e+01  -15.167423327243105
   1.8940000e+01  -15.516440449743104
   1.8945000e+01  -15.862201769743104
   1.8950000e+01  -16.194609929743102
   1.8955000e+01  -16.504678364743103
   1.8960000e+01  -16.785071412243102
   1.8965000e+01  -17.0310347072431
   1.8970000e+01  -17.2414380872431
   1.8975000e+01  -17.4194395397431
   1.8980000e+01  -17.5722720072431
   1.8985000e+01  -17.7098956647431
   1.8990000e+01  -17.8426816347431
   1.8995000e+01  -17.978742302243102
   1.9000000e+01  -18.1218000547431
   1.9005000e+01  -18.270428899743102
   1.9010000e+01  -18.4190730272431
   1.9015000e+01  -18.560576359743102
   1.9020000e+01  -18.6893225747431
   1.9025000e+01  -18.8037817222431
   1.9030000e+01  -18.907448837243102
   1.9035000e+01  -19.0077734047431
   1.9040000e+01  -19.113446662243103
   1.9045000e+01  -19.231006017243104
   1.9050000e+01  -19.361905884743102
   1.9055000e+01  -19.5009637322431
   1.9060000e+01  -19.6365698272431
   1.9065000e+01  -19.7524768447431
   1.9070000e+01  -19.8305540647431
   1.9075000e+01   -19.8536982459931
   1.9080000e+01   -19.8081449847431
   1.9085000e+01   -19.684668412243102
   1.9090000e+01   -19.478511929743103
   1.9095000e+01   -19.188259269743103
   1.9100000e+01   -18.814132204743103
   1.9105000e+01   -18.3563168847431
   1.9110000e+01   -17.813862742243103
   1.9115000e+01   -17.184510442243102
   1.9120000e+01   -16.465550267243103
   1.9125000e+01   -15.655532517243103
   1.9130000e+01   -14.756381142243102
   1.9135000e+01   -13.775262292243102
   1.9140000e+01   -12.725531717243102
   1.9145000e+01   -11.626306342243103
   1.9150000e+01   -10.500641292243102
   1.9155000e+01   -9.372772742243102
   1.9160000e+01   -8.265184692243102
   1.9165000e+01   -7.196244242243101
   1.9170000e+01   -6.178869392243101
   1.9175000e+01   -5.2203214672431
   1.9180000e+01   -4.3229245922431
   1.9185000e+01   -3.4853740172431005
   1.9190000e+01   -2.7042684922431004
   1.9195000e+01   -1.9755303672431004
   1.9200000e+01   -1.2954459672431002
   1.9205000e+01   -0.6611880422431002
   1.9210000e+01   -0.07086651724310022
   1.9215000e+01   0.47667085775689977
   1.9220000e+01   0.9819836252568999
   1.9225000e+01   1.4448765177568998
   1.9230000e+01   1.8638419727568998
   1.9235000e+01   2.2352443627569
   1.9240000e+01   2.5526182827569
   1.9245000e+01   2.8066290927569
   1.9250000e+01   2.9862409977568998
   1.9255000e+01   3.0813288452568997
   1.9260000e+01  3.0863499160068995
   1.9265000e+01  3.0039896617568993
   1.9270000e+01  2.8473128417568994
   1.9275000e+01  2.639220696756899
   1.9280000e+01  2.4089359217568993
   1.9285000e+01  2.186418301756899
   1.9290000e+01  1.9964813317568992
   1.9295000e+01  1.8545131367568992
   1.9300000e+01  1.7650610767568993
   1.9305000e+01  1.7234420472568992
   1.9310000e+01   1.719476367006899
   1.9315000e+01   1.7418223577568992
   1.9320000e+01   1.7813916652568993
   1.9325000e+01   1.8328729787568994
   1.9330000e+01   1.8942142437568994
   1.9335000e+01   1.9646726437568993
   1.9340000e+01   2.0424646612568993
   1.9345000e+01   2.1230258262568995
   1.9350000e+01   2.1984995912568994
   1.9355000e+01   2.2585273790068996
   1.9360000e+01   2.2919446310068996
   1.9365000e+01  2.2887634970068995
   1.9370000e+01  2.2418748062568996
   1.9375000e+01  2.1481419162568995
   1.9380000e+01  2.0088387812568995
   1.9385000e+01  1.8295756312568994
   1.9390000e+01  1.6199050662568995
   1.9395000e+01  1.3927369662568994
   1.9400000e+01  1.1635836387568994
   1.9405000e+01  0.9495745512568994
   1.9410000e+01  0.7681597512568994
   1.9415000e+01  0.6354692087568994
   1.9420000e+01  0.5643994230068994
   1.9425000e+01   0.5626361867568994
   1.9430000e+01   0.6309612312568994
   1.9435000e+01   0.7622836387568994
   1.9440000e+01   0.9418220287568995
   1.9445000e+01   1.1486837362568996
   1.9450000e+01   1.3587390987568995
   1.9455000e+01   1.5482673662568995
   1.9460000e+01   1.6975348487568995
   1.9465000e+01   1.7934252412568996
   1.9470000e+01   1.8305218475068996
   1.9475000e+01  1.8105238445068996
   1.9480000e+01  1.7403587777568996
   1.9485000e+01  1.6296626977568995
   1.9490000e+01  1.4883717527568996
   1.9495000e+01  1.3250201252568996
   1.9500000e+01  1.1460224752568997
   1.9505000e+01  0.9558235727568998
   1.9510000e+01  0.7574661027568999
   1.9515000e+01  0.5530222252568999
   1.9520000e+01  0.34353670775689993
   1.9525000e+01  0.12854939775689994
   1.9530000e+01  -0.09433953724310007
   1.9535000e+01  -0.32928133474310006
   1.9540000e+01  -0.5810473847431
   1.9545000e+01  -0.8531356672431001
   1.9550000e+01  -1.1457366697431002
   1.9555000e+01  -1.4542857372431002
   1.9560000e+01  -1.7690338897431002
   1.9565000e+01  -2.0755811447431003
   1.9570000e+01  -2.3559765397431
   1.9575000e+01  -2.5900178147431
   1.9580000e+01  -2.7566998072431
   1.9585000e+01  -2.8360387912431
   1.9590000e+01   -2.8114407952431004
   1.9595000e+01   -2.6723719077431003
   1.9600000e+01   -2.4166248252431
   1.9605000e+01   -2.0513301977431
   1.9610000e+01   -1.5921877602431003
   1.9615000e+01   -1.0610219352431
   1.9620000e+01   -0.4823522352431
   1.9625000e+01   0.1200675397569001
   1.9630000e+01   0.7259048397569001
   1.9635000e+01   1.3196327647569002
   1.9640000e+01   1.8906127397569001
   1.9645000e+01   2.4322002647569003
   1.9650000e+01   2.9403964847569
   1.9655000e+01   3.4125779422569003
   1.9660000e+01   3.8466704322569
   1.9665000e+01   4.2408596797569
   1.9670000e+01   4.5936738922569
   1.9675000e+01   4.904154454756901
   1.9680000e+01   5.171900949756901
   1.9685000e+01   5.3969724747569
   1.9690000e+01   5.5798078822569
   1.9695000e+01   5.7213646297569
   1.9700000e+01   5.8235405847569
   1.9705000e+01   5.8897282320069
   1.9710000e+01   5.9252114917569
   1.9715000e+01   5.9371629112069
   1.9720000e+01  5.9342164941569
   1.9725000e+01  5.9258350546569
   1.9730000e+01   5.9217843016569
   1.9735000e+01   5.9318895631569
   1.9740000e+01   5.9659714249069
   1.9745000e+01   6.0336330351569
   1.9750000e+01   6.1435755926569
   1.9755000e+01   6.3023683151569
   1.9760000e+01   6.5129487751569
   1.9765000e+01   6.7733706626569
   1.9770000e+01   7.0763115676569
   1.9775000e+01   7.4096070951568995
   1.9780000e+01   7.7577130376569
   1.9785000e+01   8.103682895156899
   1.9790000e+01   8.4311203326569
   1.9795000e+01   8.725674027656899
   1.9800000e+01   8.9759212501569
   1.9805000e+01   9.1737800726569
   1.9810000e+01   9.3147290551569
   1.9815000e+01   9.398022117656899
   1.9820000e+01   9.4268423133069
   1.9825000e+01  9.408124911956898
   1.9830000e+01  9.351760047456898
   1.9835000e+01  9.269085974956898
   1.9840000e+01  9.170888549956898
   1.9845000e+01  9.065360767456898
   1.9850000e+01  8.956535729956897
   1.9855000e+01  8.843579554956897
   1.9860000e+01  8.721084627456896
   1.9865000e+01  8.580227629956896
   1.9870000e+01  8.410437319956896
   1.9875000e+01  8.201132427456896
   1.9880000e+01  7.943186914956896
   1.9885000e+01  7.630022814956896
   1.9890000e+01  7.258478374956896
   1.9895000e+01  6.829666677456896
   1.9900000e+01  6.349837929956896
   1.9905000e+01  5.830901579956897
   1.9910000e+01  5.290034179956897
   1.9915000e+01  4.747953704956897
   1.9920000e+01  4.225997154956897
   1.9925000e+01  3.7428049849568965
   1.9930000e+01  3.3117613674568966
   1.9935000e+01  2.9400869949568964
   1.9940000e+01  2.6297228224568965
   1.9945000e+01  2.3793061174568964
   1.9950000e+01  2.186116034956896
   1.9955000e+01  2.047088619956896
   1.9960000e+01  1.958700537456896
   1.9965000e+01  1.916247463956896
   1.9970000e+01   1.9133695874568961
   1.9975000e+01   1.9424603254568962
   1.9980000e+01   1.9960291239568961
   1.9985000e+01   2.068537848956896
   1.9990000e+01   2.157980761456896
   1.9995000e+01   2.266594528956896
   2.0000000e+01   2.400429083956896
   2.0005000e+01   2.567877703956896
   2.0010000e+01   2.777516551456896
   2.0015000e+01   3.035713818956896
   2.0020000e+01   3.344481498956896
   2.0025000e+01   3.7000037964568957
   2.0030000e+01   4.092189321456896
   2.0035000e+01   4.505434511456896
   2.0040000e+01   4.920544468956896
   2.0045000e+01   5.317477988956896
   2.0050000e+01   5.678355911456896
   2.0055000e+01   5.990085388956897
   2.0060000e+01   6.246042986456897
   2.0065000e+01   6.4464893664568965
   2.0070000e+01   6.597675411456897
   2.0075000e+01   6.709866343956897
   2.0080000e+01   6.794712916456897
   2.0085000e+01   6.862519768956897
   2.0090000e+01   6.919985423956897
   2.0095000e+01   6.9688947207068965
   2.0100000e+01   7.006026621206897
   2.0105000e+01   7.024237013456897
   2.0110000e+01  7.014375891706897
   2.0115000e+01  6.967506396456897
   2.0120000e+01  6.876878918956897
   2.0125000e+01  6.739272231456897
   2.0130000e+01  6.555569476456897
   2.0135000e+01  6.330681678956897
   2.0140000e+01  6.073075171456897
   2.0145000e+01  5.794162013956897
   2.0150000e+01  5.507689901456897
   2.0155000e+01  5.229081393956896
   2.0160000e+01  4.974513586456896
   2.0165000e+01  4.759498733956896
   2.0170000e+01  4.596887983956896
   2.0175000e+01  4.494547958956896
   2.0180000e+01  4.453313192956896
   2.0185000e+01   4.465991519706896
   2.0190000e+01   4.518038937456896
   2.0195000e+01   4.590027967456896
   2.0200000e+01   4.661393134956896
   2.0205000e+01   4.714428404956895
   2.0210000e+01   4.737367404456895
   2.0215000e+01  4.725672069456896
   2.0220000e+01  4.681274817456895
   2.0225000e+01  4.610216567456895
   2.0230000e+01  4.519624587456895
   2.0235000e+01  4.415094232456895
   2.0240000e+01  4.299257519956895
   2.0245000e+01  4.171792982456895
   2.0250000e+01  4.0306039924568955
   2.0255000e+01  3.8735812524568956
   2.0260000e+01  3.7003430074568957
   2.0265000e+01  3.513529084956896
   2.0270000e+01  3.3194497274568957
   2.0275000e+01  3.128034382456896
   2.0280000e+01  2.952076404956896
   2.0285000e+01  2.805805039956896
   2.0290000e+01  2.702919087456896
   2.0295000e+01  2.654393010206896
   2.0300000e+01   2.666527563956896
   2.0305000e+01   2.7397419874568962
   2.0310000e+01   2.868431929956896
   2.0315000e+01   3.041900324956896
   2.0320000e+01   3.246049892456896
   2.0325000e+01   3.465347039956896
   2.0330000e+01   3.684582134956896
   2.0335000e+01   3.8901112399568962
   2.0340000e+01   4.070472802456896
   2.0345000e+01   4.216456474956896
   2.0350000e+01   4.320835249956896
   2.0355000e+01   4.378048938456896
   2.0360000e+01  4.384121865206896
   2.0365000e+01  4.336979848456896
   2.0370000e+01  4.237113458456896
   2.0375000e+01  4.088301568456896
   2.0380000e+01  3.897985398456896
   2.0385000e+01  3.676950225956896
   2.0390000e+01  3.438206903456896
   2.0395000e+01  3.195252180956896
   2.0400000e+01  2.9600924359568963
   2.0405000e+01  2.7414712784568964
   2.0410000e+01  2.5436701334568963
   2.0415000e+01  2.3661245959568964
   2.0420000e+01  2.2039735709568964
   2.0425000e+01  2.0495337709568964
   2.0430000e+01  1.8945333009568963
   2.0435000e+01  1.7327269359568964
   2.0440000e+01  1.5622993284568965
   2.0445000e+01  1.3873538309568965
   2.0450000e+01  1.2179051559568965
   2.0455000e+01  1.0681837784568966
   2.0460000e+01  0.9536142234568966
   2.0465000e+01  0.8873196997068966
   2.0470000e+01   0.8771951709568966
   2.0475000e+01   0.9243770959568965
   2.0480000e+01   1.0234184434568965
   2.0485000e+01   1.1638900809568964
   2.0490000e+01   1.3327154709568965
   2.0495000e+01   1.5164396209568964
   2.0500000e+01   1.7028365834568964
   2.0505000e+01   1.8816681684568963
   2.0510000e+01   2.0448439759568964
   2.0515000e+01   2.1864912834568964
   2.0520000e+01   2.3033645134568963
   2.0525000e+01   2.3956141609568964
   2.0530000e+01   2.4674200009568965
   2.0535000e+01   2.5267230959568967
   2.0540000e+01   2.5835176859568967
   2.0545000e+01   2.6468442534568966
   2.0550000e+01   2.7214073409568966
   2.0555000e+01   2.8051654909568966
   2.0560000e+01   2.8890178459568965
   2.0565000e+01   2.9589060534568965
   2.0570000e+01   2.9996438424568965
   2.0575000e+01  2.9990689519568967
   2.0580000e+01  2.9510191824568968
   2.0585000e+01  2.856188212456897
   2.0590000e+01  2.720837319956897
   2.0595000e+01  2.554201399956897
   2.0600000e+01  2.365865504956897
   2.0605000e+01  2.164242587456897
   2.0610000e+01  1.9566453124568972
   2.0615000e+01  1.7506047899568973
   2.0620000e+01  1.5554245674568972
   2.0625000e+01  1.382789312456897
   2.0630000e+01  1.245688807456897
   2.0635000e+01  1.155789259956897
   2.0640000e+01  1.120257673456897
   2.0645000e+01   1.139449374206897
   2.0650000e+01   1.206558548956897
   2.0655000e+01   1.309452411456897
   2.0660000e+01   1.433929163956897
   2.0665000e+01   1.5670742289568969
   2.0670000e+01   1.6995001989568967
   2.0675000e+01   1.8259181489568967
   2.0680000e+01   1.9442965789568967
   2.0685000e+01   2.0543926039568965
   2.0690000e+01   2.1564743614568966
   2.0695000e+01   2.2506735789568966
   2.0700000e+01   2.3368956314568967
   2.0705000e+01   2.4148767864568965
   2.0710000e+01   2.4839819039568964
   2.0715000e+01   2.5426424964568963
   2.0720000e+01   2.5877412497068963
   2.0725000e+01   2.614498924456896
   2.0730000e+01  2.617336349206896
   2.0735000e+01  2.591767390706896
   2.0740000e+01  2.536818906456896
   2.0745000e+01  2.457065761456896
   2.0750000e+01  2.363353531456896
   2.0755000e+01  2.271699228956896
   2.0760000e+01  2.200520116456896
   2.0765000e+01  2.1669316772068963
   2.0770000e+01   2.183130597456896
   2.0775000e+01   2.2537775544568963
   2.0780000e+01   2.3749353194568963
   2.0785000e+01   2.5346841519568963
   2.0790000e+01   2.7151691994568963
   2.0795000e+01   2.895594024456896
   2.0800000e+01   3.055567059456896
   2.0805000e+01   3.178221081956896
   2.0810000e+01   3.2526369414568963
   2.0815000e+01  3.275274024831896
   2.0820000e+01  3.250293489956896
   2.0825000e+01  3.188816468706896
   2.0830000e+01  3.107272216206896
   2.0835000e+01  3.025067743706896
   2.0840000e+01  2.961868870456896
   2.0845000e+01  2.934836625456896
   2.0850000e+01   2.9562107614568958
   2.0855000e+01   3.031650334206896
   2.0860000e+01   3.159688464206896
   2.0865000e+01   3.3324945042068963
   2.0870000e+01   3.537855084206896
   2.0875000e+01   3.761942289206896
   2.0880000e+01   3.992154651706896
   2.0885000e+01   4.219240026706896
   2.0890000e+01   4.438126819206897
   2.0895000e+01   4.647357339206897
   2.0900000e+01   4.847547534206897
   2.0905000e+01   5.039643739206897
   2.0910000e+01   5.2237389967068975
   2.0915000e+01   5.398858831706898
   2.0920000e+01   5.5636158742068975
   2.0925000e+01   5.717219464206898
   2.0930000e+01   5.860195609206897
   2.0935000e+01   5.994357314206898
   2.0940000e+01   6.121952486706898
   2.0945000e+01   6.244318084206898
   2.0950000e+01   6.360608131706898
   2.0955000e+01   6.467145141706898
   2.0960000e+01   6.5576914492068985
   2.0965000e+01   6.624573801706899
   2.0970000e+01   6.660286153206899
   2.0975000e+01  6.659062363206899
   2.0980000e+01  6.617972866706899
   2.0985000e+01  6.537287254206899
   2.0990000e+01  6.420059324206899
   2.0995000e+01  6.271068959206898
   2.1000000e+01  6.095384951706898
   2.1005000e+01  5.8969047392068985
   2.1010000e+01  5.677271311706899
   2.1015000e+01  5.435528259206898
   2.1020000e+01  5.168724134206898
   2.1025000e+01  4.8734406067068985
   2.1030000e+01  4.547971139206899
   2.1035000e+01  4.1946975617068984
   2.1040000e+01  3.8221276017068986
   2.1045000e+01  3.446038436706899
   2.1050000e+01  3.0892009417068986
   2.1055000e+01  2.7792940142068985
   2.1060000e+01  2.5449664442068984
   2.1065000e+01  2.4105932692068985
   2.1070000e+01   2.3909253197068985
   2.1075000e+01   2.4871888827068984
   2.1080000e+01   2.6859467952068985
   2.1085000e+01   2.9611784902068985
   2.1090000e+01   3.2789476552068986
   2.1095000e+01   3.603239257706899
   2.1100000e+01   3.901412497706899
   2.1105000e+01   4.1481796352068985
   2.1110000e+01   4.327709802706899
   2.1115000e+01   4.433976955206899
   2.1120000e+01   4.469668645481899
   2.1125000e+01  4.443973123256899
   2.1130000e+01  4.369592823256899
   2.1135000e+01  4.259498540756899
   2.1140000e+01  4.124138045756899
   2.1145000e+01  3.969829250756899
   2.1150000e+01  3.798758760756899
   2.1155000e+01  3.610440640756899
   2.1160000e+01  3.403933620756899
   2.1165000e+01  3.1798691482568993
   2.1170000e+01  2.941542205756899
   2.1175000e+01  2.694831928256899
   2.1180000e+01  2.447242248256899
   2.1185000e+01  2.206609465756899
   2.1190000e+01  1.979947303256899
   2.1195000e+01  1.772640318256899
   2.1200000e+01  1.587972025756899
   2.1205000e+01  1.426904458256899
   2.1210000e+01  1.288076675756899
   2.1215000e+01  1.168047183256899
   2.1220000e+01  1.061791098256899
   2.1225000e+01  0.963388073256899
   2.1230000e+01  0.866769258256899
   2.1235000e+01  0.766387350756899
   2.1240000e+01  0.657734960756899
   2.1245000e+01  0.537717873256899
   2.1250000e+01  0.40493887325689903
   2.1255000e+01  0.25994175075689907
   2.1260000e+01  0.10541817825689906
   2.1265000e+01  -0.053677336743100934
   2.1270000e+01  -0.21020483424310094
   2.1275000e+01  -0.3552299392431009
   2.1280000e+01  -0.47882681174310093
   2.1285000e+01  -0.5712961067431009
   2.1290000e+01  -0.6246304637431009
   2.1295000e+01   -0.6338780847431009
   2.1300000e+01   -0.597984666243101
   2.1305000e+01   -0.519835188743101
   2.1310000e+01   -0.405544101243101
   2.1315000e+01   -0.263380056243101
   2.1320000e+01   -0.10283614624310103
   2.1325000e+01   0.06583922875689896
   2.1330000e+01   0.23174561125689894
   2.1335000e+01   0.38351961375689897
   2.1340000e+01   0.5101133512568989
   2.1345000e+01   0.6023462612568989
   2.1350000e+01   0.654895267256899
   2.1355000e+01  0.6679734895068989
   2.1360000e+01  0.647890842256899
   2.1365000e+01  0.606047252506899
   2.1370000e+01  0.556513898006899
   2.1375000e+01  0.512918596756899
   2.1380000e+01  0.485610041256899
   2.1385000e+01   0.479931866006899
   2.1390000e+01   0.49598236925689904
   2.1395000e+01   0.529687826006899
   2.1400000e+01   0.574610195506899
   2.1405000e+01   0.6237888502568989
   2.1410000e+01   0.6710872760068989
   2.1415000e+01   0.7118609327568989
   2.1420000e+01   0.7431011120068989
   2.1425000e+01   0.7633835807568988
   2.1430000e+01   0.7728958220318989
   2.1435000e+01  0.7735892558818989
   2.1440000e+01  0.7692480559568988
   2.1445000e+01  0.7651415028318989
   2.1450000e+01   0.7670210724568989
   2.1455000e+01   0.7795120527068988
   2.1460000e+01   0.8043036217068988
   2.1465000e+01   0.8387831237068989
   2.1470000e+01   0.8757416744568989
   2.1475000e+01   0.9044572704568988
   2.1480000e+01  0.9129440188068988
   2.1485000e+01  0.8906693921568988
   2.1490000e+01  0.8308320269068987
   2.1495000e+01  0.7314877669068988
   2.1500000e+01  0.5953288194068987
   2.1505000e+01  0.4284954844068988
   2.1510000e+01  0.23912980190689875
   2.1515000e+01  0.03630244190689874
   2.1520000e+01  -0.17046938309310128
   2.1525000e+01  -0.3713807480931013
   2.1530000e+01  -0.5567026755931013
   2.1535000e+01  -0.7177558705931013
   2.1540000e+01  -0.8484641855931013
   2.1545000e+01  -0.9469650180931013
   2.1550000e+01  -1.0164998530931013
   2.1555000e+01  -1.0649623623431013
   2.1560000e+01  -1.1029939910931013
   2.1565000e+01  -1.1411456888431013
   2.1570000e+01  -1.1870633320931012
   2.1575000e+01  -1.2436905845931012
   2.1580000e+01  -1.3090982920931011
   2.1585000e+01  -1.377919127093101
   2.1590000e+01  -1.443764839593101
   2.1595000e+01  -1.501675387093101
   2.1600000e+01  -1.549705802343101
   2.1605000e+01  -1.589143419593101
   2.1610000e+01  -1.623386040843101
   2.1615000e+01  -1.6559845453431008
   2.1620000e+01  -1.6885983403431009
   2.1625000e+01  -1.7195741643431008
   2.1630000e+01  -1.7435930878431007
   2.1635000e+01   -1.7524600652431008
   2.1640000e+01   -1.7367687016431008
   2.1645000e+01   -1.6879594148931008
   2.1650000e+01   -1.6002424323931008
   2.1655000e+01   -1.4719595573931008
   2.1660000e+01   -1.3061482723931008
   2.1665000e+01   -1.1102716898931009
   2.1670000e+01   -0.8952311173931009
   2.1675000e+01   -0.6738702798931009
   2.1680000e+01   -0.45923391239310085
   2.1685000e+01   -0.26288399739310087
   2.1690000e+01   -0.09359788739310085
   2.1695000e+01   0.04326933010689915
   2.1700000e+01   0.14562442760689914
   2.1705000e+01   0.21379135010689915
   2.1710000e+01   0.24935664035689914
   2.1715000e+01  0.25421748285689916
   2.1720000e+01  0.23025201160689915
   2.1725000e+01  0.17970752810689913
   2.1730000e+01  0.10598489810689914
   2.1735000e+01  0.014208195606899149
   2.1740000e+01  -0.08900587939310085
   2.1745000e+01  -0.19679145439310086
   2.1750000e+01  -0.3039443218931009
   2.1755000e+01  -0.4086979518931009
   2.1760000e+01  -0.5134691168931009
   2.1765000e+01  -0.6240383293931009
   2.1770000e+01  -0.7473030143931009
   2.1775000e+01  -0.8884106893931009
   2.1780000e+01  -1.0484116468931008
   2.1785000e+01  -1.223384966893101
   2.1790000e+01  -1.4053611468931009
   2.1795000e+01  -1.5845864693931009
   2.1800000e+01  -1.752121021893101
   2.1805000e+01  -1.901691331893101
   2.1810000e+01  -2.030142579393101
   2.1815000e+01  -2.136524241893101
   2.1820000e+01  -2.220450569393101
   2.1825000e+01  -2.2806207828931013
   2.1830000e+01  -2.3141813508931013
   2.1835000e+01   -2.3171117683931013
   2.1840000e+01   -2.2853025488931014
   2.1845000e+01   -2.2157355763931013
   2.1850000e+01   -2.1072760763931013
   2.1855000e+01   -1.9609370713931014
   2.1860000e+01   -1.7798415338931013
   2.1865000e+01   -1.5692570638931014
   2.1870000e+01   -1.3369292513931013
   2.1875000e+01   -1.0935944463931013
   2.1880000e+01   -0.8532321788931013
   2.1885000e+01   -0.6325355563931013
   2.1890000e+01   -0.44931837889310133
   2.1895000e+01   -0.32004324139310136
   2.1900000e+01   -0.2571127978931014
   2.1905000e+01  -0.2667705618931014
   2.1910000e+01  -0.3482850793931014
   2.1915000e+01  -0.49461356189310135
   2.1920000e+01  -0.6941876568931014
   2.1925000e+01  -0.9330984343931014
   2.1930000e+01  -1.1969395293931013
   2.1935000e+01  -1.4718792118931012
   2.1940000e+01  -1.7450013018931012
   2.1945000e+01  -2.004345919393101
   2.1950000e+01  -2.239205659393101
   2.1955000e+01  -2.441030729393101
   2.1960000e+01  -2.604862236893101
   2.1965000e+01  -2.730758864393101
   2.1970000e+01  -2.824448971893101
   2.1975000e+01  -2.896580551893101
   2.1980000e+01  -2.960433969393101
   2.1985000e+01  -3.028603271893101
   2.1990000e+01  -3.109643934393101
   2.1995000e+01  -3.205785544393101
   2.2000000e+01  -3.3124566018931008
   2.2005000e+01  -3.419721071893101
   2.2010000e+01  -3.5150728968931007
   2.2015000e+01  -3.5866487843931005
   2.2020000e+01  -3.6259234571431005
   2.2025000e+01   -3.6292744648931006
   2.2030000e+01   -3.5982483803931005
   2.2035000e+01   -3.5387268733931005
   2.2040000e+01   -3.4593773958931004
   2.2045000e+01   -3.3697950708931006
   2.2050000e+01   -3.2786810308931007
   2.2055000e+01   -3.1923296383931006
   2.2060000e+01   -3.1136337383931005
   2.2065000e+01   -3.0417437908931007
   2.2070000e+01   -2.9724116058931007
   2.2075000e+01   -2.8989183633931006
   2.2080000e+01   -2.8133660733931007
   2.2085000e+01   -2.7080478108931008
   2.2090000e+01   -2.5766333583931007
   2.2095000e+01   -2.415006185893101
   2.2100000e+01   -2.2217215208931007
   2.2105000e+01   -1.9981616933931008
   2.2110000e+01   -1.7484937408931007
   2.2115000e+01   -1.4794752558931008
   2.2120000e+01   -1.2000497808931008
   2.2125000e+01   -0.9206019808931007
   2.2130000e+01   -0.6517804808931007
   2.2135000e+01   -0.40296353339310065
   2.2140000e+01   -0.18067715089310066
   2.2145000e+01   0.012550926606899382
   2.2150000e+01   0.1784321191068994
   2.2155000e+01   0.3220301591068994
   2.2160000e+01   0.44992285910689944
   2.2165000e+01   0.5679645291068994
   2.2170000e+01   0.6793743591068995
   2.2175000e+01   0.7837614141068995
   2.2180000e+01   0.8773471166068995
   2.2185000e+01   0.9542194716068995
   2.2190000e+01   1.0081287271068995
   2.2195000e+01   1.0342265428568995
   2.2200000e+01  1.0302695906068995
   2.2205000e+01  0.9970717096068995
   2.2210000e+01  0.9382721161068995
   2.2215000e+01  0.8596804086068995
   2.2220000e+01  0.7685048536068996
   2.2225000e+01  0.6726786061068996
   2.2230000e+01  0.5803355436068995
   2.2235000e+01  0.49934530610689953
   2.2240000e+01  0.43677151360689953
   2.2245000e+01  0.3981889746068995
   2.2250000e+01   0.3869383132568995
   2.2255000e+01   0.4035194849068995
   2.2260000e+01   0.4453483414068995
   2.2265000e+01   0.5070039089068995
   2.2270000e+01   0.5809361339068995
   2.2275000e+01   0.6584802714068995
   2.2280000e+01   0.7309994089068994
   2.2285000e+01   0.7910358264068994
   2.2290000e+01   0.8334136029068994
   2.2295000e+01   0.8562203051568994
   2.2300000e+01  0.8614989457818995
   2.2305000e+01  0.8553834771568994
   2.2310000e+01  0.8474218949068995
   2.2315000e+01   0.8490058636568995
   2.2320000e+01   0.8711187029068994
   2.2325000e+01   0.9218992221568995
   2.2330000e+01   1.0046624571568994
   2.2335000e+01   1.1169447546568994
   2.2340000e+01   1.2508663271568994
   2.2345000e+01   1.3947247221568995
   2.2350000e+01   1.5353806021568994
   2.2355000e+01   1.6607926071568995
   2.2360000e+01   1.7620642171568994
   2.2365000e+01   1.8345673821568995
   2.2370000e+01   1.8780195349068995
   2.2375000e+01   1.8956933484068996
   2.2380000e+01  1.8931300761568997
   2.2385000e+01  1.8767629819068996
   2.2390000e+01  1.8527616774068996
   2.2395000e+01  1.8262522154068996
   2.2400000e+01  1.8009274461568996
   2.2405000e+01  1.7789804496568995
   2.2410000e+01  1.7612685276568996
   2.2415000e+01  1.7476164066568995
   2.2420000e+01  1.7371698341568995
   2.2425000e+01  1.7287154396568996
   2.2430000e+01  1.7209094344068996
   2.2435000e+01  1.7124172159068995
   2.2440000e+01  1.7020369154068995
   2.2445000e+01  1.6889150831568995
   2.2450000e+01  1.6729230551568994
   2.2455000e+01  1.6551527206568994
   2.2460000e+01  1.6383646936568994
   2.2465000e+01  1.6271537004068994
   2.2470000e+01   1.6276331251568994
   2.2475000e+01   1.6465776846568994
   2.2480000e+01   1.6901464321568993
   2.2485000e+01   1.7624649321568993
   2.2490000e+01   1.8644170196568992
   2.2495000e+01   1.9929612271568993
   2.2500000e+01   2.141163994656899
   2.2505000e+01   2.2989787946568994
   2.2510000e+01   2.4546478846568993
   2.2515000e+01   2.596491047156899
   2.2520000e+01   2.7147761371568992
   2.2525000e+01   2.8033322721568994
   2.2530000e+01   2.8605749881568996
   2.2535000e+01   2.8896890554068997
   2.2540000e+01  2.8978777677523997
   2.2545000e+01  2.8948152500978996
   2.2550000e+01  2.8906580116728997
   2.2555000e+01   2.8940922629978996
   2.2560000e+01   2.9108579067478995
   2.2565000e+01   2.9430137774978995
   2.2570000e+01   2.9889721854978997
   2.2575000e+01   3.0441356629978995
   2.2580000e+01   3.1018836329978994
   2.2585000e+01   3.1546848839978994
   2.2590000e+01   3.1951968889978994
   2.2595000e+01   3.2172784074978993
   2.2600000e+01  3.2168411097478993
   2.2605000e+01  3.192414716497899
   2.2610000e+01  3.145265372997899
   2.2615000e+01  3.078957940497899
   2.2620000e+01  2.998405192997899
   2.2625000e+01  2.908640995497899
   2.2630000e+01  2.813687252997899
   2.2635000e+01  2.715874050497899
   2.2640000e+01  2.6158114929978993
   2.2645000e+01  2.5129712529978994
   2.2650000e+01  2.4066211879978994
   2.2655000e+01  2.2967490354978994
   2.2660000e+01  2.1846352529978996
   2.2665000e+01  2.0728644704979
   2.2670000e+01  1.9647516179978999
   2.2675000e+01  1.8633529604978998
   2.2680000e+01  1.7703849604978998
   2.2685000e+01  1.6854336754978998
   2.2690000e+01  1.6057656079979
   2.2695000e+01  1.5268522504978999
   2.2700000e+01  1.4434613604978999
   2.2705000e+01  1.3509560554978999
   2.2710000e+01  1.2463719579978998
   2.2715000e+01  1.1289400804978997
   2.2720000e+01  0.9999380029978997
   2.2725000e+01  0.8619893254978996
   2.2730000e+01  0.7181037604978997
   2.2735000e+01  0.5708101804978997
   2.2740000e+01  0.42167923549789965
   2.2745000e+01  0.27138768799789964
   2.2750000e+01  0.12028609049789962
   2.2755000e+01  -0.030754104502100366
   2.2760000e+01  -0.17956469700210037
   2.2765000e+01  -0.32234617950210037
   2.2770000e+01  -0.4540283595021004
   2.2775000e+01  -0.5693415145021005
   2.2780000e+01  -0.6643204845021005
   2.2785000e+01  -0.7377313370021005
   2.2790000e+01  -0.7918552875021004
   2.2795000e+01  -0.8322449200021005
   2.2800000e+01  -0.8664346437521004
   2.2805000e+01  -0.9019939927521005
   2.2810000e+01  -0.9445803102521004
   2.2815000e+01  -0.9966543455021004
   2.2820000e+01  -1.0572635805021005
   2.2825000e+01  -1.1228876505021004
   2.2830000e+01  -1.1889552130021004
   2.2835000e+01  -1.2514392405021004
   2.2840000e+01  -1.3079849255021003
   2.2845000e+01  -1.3582735805021002
   2.2850000e+01  -1.4036475947521003
   2.2855000e+01  -1.4462748555021003
   2.2860000e+01  -1.4882304355021003
   2.2865000e+01  -1.5308156660021004
   2.2870000e+01  -1.5742799022521003
   2.2875000e+01  -1.6179384977521003
   2.2880000e+01  -1.6605555357521002
   2.2885000e+01  -1.7008124900021002
   2.2890000e+01  -1.7377112025021002
   2.2895000e+01  -1.7708316505021002
   2.2900000e+01  -1.8004386495021003
   2.2905000e+01  -1.8274698132521003
   2.2910000e+01  -1.8534288495021003
   2.2915000e+01  -1.8801759420021003
   2.2920000e+01  -1.9095916440021004
   2.2925000e+01  -1.9431225042521003
   2.2930000e+01  -1.9812892225021004
   2.2935000e+01  -2.0233071115021004
   2.2940000e+01  -2.0669786757521003
   2.2945000e+01  -2.1089423397521
   2.2950000e+01  -2.1452257987521
   2.2955000e+01  -2.1719255807521
   2.2960000e+01  -2.1857861882521
   2.2965000e+01   -2.1845100772521
   2.2970000e+01   -2.1667616675021
   2.2975000e+01   -2.1319639815021
   2.2980000e+01   -2.0800588400021
   2.2985000e+01   -2.0113831825021
   2.2990000e+01   -1.9267244625021
   2.2995000e+01   -1.8275065700021
   2.3000000e+01   -1.7159773625021
   2.3005000e+01   -1.5952549500021
   2.3010000e+01   -1.4691485275021001
   2.3015000e+01   -1.3417757475021002
   2.3020000e+01   -1.2171036575021001
   2.3025000e+01   -1.0985905525021002
   2.3030000e+01   -0.9890695300021003
   2.3035000e+01   -0.8909014250021003
   2.3040000e+01   -0.8062882875021004
   2.3045000e+01   -0.7375495400021004
   2.3050000e+01   -0.6871715517521004
   2.3055000e+01   -0.6575474907521004
   2.3060000e+01  -0.6504769958521004
   2.3065000e+01  -0.6666197944521004
   2.3070000e+01  -0.7051348577021004
   2.3075000e+01  -0.7636714802021004
   2.3080000e+01  -0.8387415277021004
   2.3085000e+01  -0.9263520377021004
   2.3090000e+01  -1.0226752127021004
   2.3095000e+01  -1.1245187352021004
   2.3100000e+01  -1.2294396477021006
   2.3105000e+01  -1.3354893177021006
   2.3110000e+01  -1.4407271127021006
   2.3115000e+01  -1.5427329027021006
   2.3120000e+01  -1.6383432902021007
   2.3125000e+01  -1.7237385177021007
   2.3130000e+01  -1.7948650227021008
   2.3135000e+01  -1.8480596564521008
   2.3140000e+01  -1.8806943647021008
   2.3145000e+01  -1.8916887702621008
   2.3150000e+01   -1.8818039433221008
   2.3155000e+01   -1.8536814490721008
   2.3160000e+01   -1.8116015098221008
   2.3165000e+01   -1.7609251693221009
   2.3170000e+01   -1.7072124468221008
   2.3175000e+01   -1.6551103868221009
   2.3180000e+01   -1.607258455072101
   2.3185000e+01   -1.563575515822101
   2.3190000e+01   -1.521271053072101
   2.3195000e+01   -1.4757223880721009
   2.3200000e+01   -1.4220401808221008
   2.3205000e+01   -1.356845800822101
   2.3210000e+01   -1.279650843322101
   2.3215000e+01   -1.193335703322101
   2.3220000e+01   -1.103539068322101
   2.3225000e+01   -1.0171707183221008
   2.3230000e+01   -0.9405844233221008
   2.3235000e+01   -0.8780617308221008
   2.3240000e+01   -0.8311113628221009
   2.3245000e+01   -0.7987435815721009
   2.3250000e+01   -0.7784844865721009
   2.3255000e+01   -0.7676259910721009
   2.3260000e+01   -0.764179116147101
   2.3265000e+01  -0.767210800722101
   2.3270000e+01  -0.776579582222101
   2.3275000e+01  -0.792367230222101
   2.3280000e+01  -0.814390502222101
   2.3285000e+01  -0.8420405239721009
   2.3290000e+01  -0.874436433472101
   2.3295000e+01  -0.910664156972101
   2.3300000e+01  -0.949835571972101
   2.3305000e+01  -0.990863468472101
   2.3310000e+01  -1.032090107722101
   2.3315000e+01  -1.0710641059721009
   2.3320000e+01  -1.104720787222101
   2.3325000e+01  -1.130002911472101
   2.3330000e+01  -1.144695134722101
   2.3335000e+01   -1.148098316397101
   2.3340000e+01   -1.141227829572101
   2.3345000e+01   -1.126449444572101
   2.3350000e+01   -1.1067372633221009
   2.3355000e+01   -1.0849050380721008
   2.3360000e+01   -1.0631450323221008
   2.3365000e+01   -1.0430291948221009
   2.3370000e+01   -1.025887093572101
   2.3375000e+01   -1.013294148822101
   2.3380000e+01   -1.007360497247101
   2.3385000e+01  -1.0106110731721012
   2.3390000e+01  -1.0254340891721012
   2.3395000e+01  -1.0532643104221011
   2.3400000e+01  -1.0937877766721011
   2.3405000e+01  -1.1444692871721012
   2.3410000e+01  -1.2006148046721012
   2.3415000e+01  -1.2560201271721012
   2.3420000e+01  -1.304075810672101
   2.3425000e+01  -1.3390530359221011
   2.3430000e+01  -1.3572318621721011
   2.3435000e+01   -1.357571834422101
   2.3440000e+01   -1.341750850922101
   2.3445000e+01   -1.313569667922101
   2.3450000e+01   -1.277884622172101
   2.3455000e+01   -1.239346539672101
   2.3460000e+01   -1.201264838922101
   2.3465000e+01   -1.164878139672101
   2.3470000e+01   -1.129208272672101
   2.3475000e+01   -1.0915277794221012
   2.3480000e+01   -1.0483148886721012
   2.3485000e+01   -0.9964419111721012
   2.3490000e+01   -0.9342775011721013
   2.3495000e+01   -0.8624025661721013
   2.3500000e+01   -0.7837444711721013
   2.3505000e+01   -0.7030981811721013
   2.3510000e+01   -0.6261758611721013
   2.3515000e+01   -0.5584499961721013
   2.3520000e+01   -0.5040874356721013
   2.3525000e+01   -0.46520874917210137
   2.3530000e+01   -0.44158573042210136
   2.3535000e+01   -0.43076731692210135
   2.3540000e+01  -0.42854640102210134
   2.3545000e+01  -0.42965771452210133
   2.3550000e+01   -0.42860715764710133
   2.3555000e+01   -0.42054146512210133
   2.3560000e+01   -0.4020548961221013
   2.3565000e+01   -0.37180479687210133
   2.3570000e+01   -0.33079840162210133
   2.3575000e+01   -0.2822474961221013
   2.3580000e+01   -0.2309746411221013
   2.3585000e+01   -0.1824744118721013
   2.3590000e+01   -0.14184174512210132
   2.3595000e+01   -0.11283010137210132
   2.3600000e+01   -0.09726978412210133
   2.3605000e+01  -0.09497297674710133
   2.3610000e+01  -0.10411776462210133
   2.3615000e+01  -0.12198435762210133
   2.3620000e+01  -0.14584090937210134
   2.3625000e+01  -0.17374897962210134
   2.3630000e+01  -0.20507508512210135
   2.3635000e+01  -0.24055428337210136
   2.3640000e+01  -0.2818571996221014
   2.3645000e+01  -0.33075448087210135
   2.3650000e+01  -0.38811781087210134
   2.3655000e+01  -0.4530880658721013
   2.3660000e+01  -0.5227257583721013
   2.3665000e+01  -0.5923186433721013
   2.3670000e+01  -0.6562932033721013
   2.3675000e+01  -0.7094455041221013
   2.3680000e+01  -0.7480717643721013
   2.3685000e+01  -0.7706073478721013
   2.3690000e+01   -0.7775738978296013
   2.3695000e+01   -0.7709123450371013
   2.3700000e+01   -0.7530242822871013
   2.3705000e+01   -0.7259459025371012
   2.3710000e+01   -0.6909910705371012
   2.3715000e+01   -0.6489642867871012
   2.3720000e+01   -0.6007705017871011
   2.3725000e+01   -0.5480639317871011
   2.3730000e+01   -0.4935654892871011
   2.3735000e+01   -0.44083869928710107
   2.3740000e+01   -0.3935669427871011
   2.3745000e+01   -0.35460139078710107
   2.3750000e+01   -0.3251497992871011
   2.3755000e+01   -0.3044169300371011
   2.3760000e+01   -0.28982645753710107
   2.3765000e+01   -0.2777363482871011
   2.3770000e+01   -0.2643918562871011
   2.3775000e+01   -0.24679784303710112
   2.3780000e+01   -0.22324607153710113
   2.3785000e+01   -0.19337511528710113
   2.3790000e+01   -0.15781628228710112
   2.3795000e+01   -0.11762473353710112
   2.3800000e+01   -0.07375777078710112
   2.3805000e+01   -0.026820872037101116
   2.3810000e+01   0.022821633212898894
   2.3815000e+01   0.0746249032128989
   2.3820000e+01   0.12730167071289888
   2.3825000e+01   0.17833890646289888
   2.3830000e+01   0.22379020071289887
   2.3835000e+01   0.2584698047128989
   2.3840000e+01   0.2765739099628989
   2.3845000e+01  0.2726393097128989
   2.3850000e+01  0.2426386447128989
   2.3855000e+01  0.1849406047128989
   2.3860000e+01  0.10087365471289887
   2.3865000e+01  -0.005262215287101135
   2.3870000e+01  -0.12672548028710115
   2.3875000e+01  -0.25524462778710116
   2.3880000e+01  -0.38208605278710117
   2.3885000e+01  -0.49908753528710115
   2.3890000e+01  -0.5995508727871012
   2.3895000e+01  -0.6789471852871012
   2.3900000e+01  -0.7353831837871012
   2.3905000e+01  -0.7697307502871013
   2.3910000e+01  -0.7853051992871013
   2.3915000e+01   -0.7870480597371013
   2.3920000e+01   -0.7803260806871013
   2.3925000e+01   -0.7696296409371013
   2.3930000e+01   -0.7575434466871013
   2.3935000e+01   -0.7443058459371013
   2.3940000e+01   -0.7280800811871012
   2.3945000e+01   -0.7058132094371012
   2.3950000e+01   -0.6743665351871012
   2.3955000e+01   -0.6315456781871012
   2.3960000e+01   -0.5767499181871012
   2.3965000e+01   -0.5111409281871012
   2.3970000e+01   -0.4374090531871012
   2.3975000e+01   -0.3593160206871012
   2.3980000e+01   -0.2811923031871012
   2.3985000e+01   -0.2074949131871012
   2.3990000e+01   -0.14244466568710118
   2.3995000e+01   -0.08971032693710118
   2.4000000e+01   -0.052108078437101184
   2.4005000e+01   -0.031321562437101186
   2.4010000e+01  -0.027687022462101186
   2.4015000e+01  -0.040102619987101185
   2.4020000e+01  -0.06610453248710119
   2.4025000e+01  -0.10211907523710119
   2.4030000e+01  -0.14387065848710118
   2.4035000e+01  -0.18691076323710118
   2.4040000e+01  -0.22722599848710118
   2.4045000e+01  -0.2618653672371012
   2.4050000e+01  -0.2894876074871012
   2.4055000e+01  -0.3106830852371012
   2.4060000e+01  -0.3279098524871012
   2.4065000e+01  -0.3449409307371012
   2.4070000e+01  -0.3658599432371012
   2.4075000e+01  -0.3938242132371012
   2.4080000e+01  -0.4299567179871012
   2.4085000e+01  -0.47274883223710124
   2.4090000e+01  -0.5182215624871013
   2.4095000e+01  -0.5608461879871013
   2.4100000e+01  -0.5949665809871013
   2.4105000e+01  -0.6163017969871013
   2.4110000e+01   -0.6230969341371013
   2.4115000e+01   -0.6166194610371013
   2.4120000e+01   -0.6009022042871013
   2.4125000e+01   -0.5818382255371013
   2.4130000e+01   -0.5658845725371013
   2.4135000e+01   -0.5587076573371014
   2.4140000e+01  -0.5640967181371014
   2.4145000e+01  -0.5833868466371014
   2.4150000e+01  -0.6154862816371014
   2.4155000e+01  -0.6574318353871014
   2.4160000e+01  -0.7052558501371013
   2.4165000e+01  -0.7548885303871014
   2.4170000e+01  -0.8028615063871014
   2.4175000e+01  -0.8466988408871015
   2.4180000e+01  -0.8850220228871014
   2.4185000e+01  -0.9174902386371014
   2.4190000e+01  -0.9447063843871014
   2.4195000e+01  -0.9681489761371014
   2.4200000e+01  -0.9900896576371013
   2.4205000e+01  -1.0133918771371013
   2.4210000e+01  -1.0411047563871014
   2.4215000e+01  -1.0758646766371014
   2.4220000e+01  -1.1192426131371014
   2.4225000e+01  -1.1712533046371014
   2.4230000e+01  -1.2302212321371013
   2.4235000e+01  -1.2930809746371013
   2.4240000e+01  -1.3560317171371012
   2.4245000e+01  -1.4153431121371012
   2.4250000e+01  -1.4680748413871012
   2.4255000e+01  -1.5125292143871012
   2.4260000e+01  -1.5483658126371012
   2.4265000e+01  -1.5764142821371012
   2.4270000e+01  -1.5982854311371013
   2.4275000e+01  -1.6158933741371013
   2.4280000e+01  -1.6309826676371013
   2.4285000e+01  -1.6447335291371012
   2.4290000e+01  -1.6575112831371013
   2.4295000e+01  -1.6688246078871012
   2.4300000e+01  -1.6775361608871011
   2.4305000e+01  -1.6823101559371012
   2.4310000e+01   -1.6821926404371013
   2.4315000e+01   -1.6771392506371012
   2.4320000e+01   -1.6682804411371013
   2.4325000e+01   -1.6577758388871013
   2.4330000e+01   -1.6482486966371013
   2.4335000e+01   -1.6419594722121014
   2.4340000e+01  -1.6400042146171014
   2.4345000e+01  -1.6418474810971015
   2.4350000e+01  -1.6453973600971015
   2.4355000e+01  -1.6476313318971014
   2.4360000e+01   -1.6455625168971015
   2.4365000e+01   -1.6371905359471015
   2.4370000e+01   -1.6220795149471015
   2.4375000e+01   -1.6013566214471016
   2.4380000e+01   -1.5771656209471017
   2.4385000e+01   -1.5518329794471017
   2.4390000e+01   -1.5271061941971018
   2.4395000e+01   -1.5037600204471018
   2.4400000e+01   -1.4816723521971018
   2.4405000e+01   -1.4602470241971017
   2.4410000e+01   -1.4389161584471017
   2.4415000e+01   -1.4174545439471018
   2.4420000e+01   -1.3959709321971019
   2.4425000e+01   -1.3746281341971018
   2.4430000e+01   -1.3532860179471018
   2.4435000e+01   -1.3312905974471019
   2.4440000e+01   -1.3075436926971018
   2.4445000e+01   -1.2808369514471019
   2.4450000e+01   -1.2503032496971018
   2.4455000e+01   -1.2157906529471019
   2.4460000e+01   -1.1780129991971018
   2.4465000e+01   -1.1384403499471019
   2.4470000e+01   -1.0990008369471018
   2.4475000e+01   -1.0617215499471018
   2.4480000e+01   -1.0284232721971018
   2.4485000e+01   -1.0005229454471019
   2.4490000e+01   -0.9789307079471019
   2.4495000e+01   -0.9639930914471019
   2.4500000e+01   -0.9554444469471018
   2.4505000e+01   -0.9523703316971018
   2.4510000e+01  -0.9532280275471018
   2.4515000e+01  -0.9559820506471017
   2.4520000e+01  -0.9583864689971018
   2.4525000e+01   -0.9583928939471018
   2.4530000e+01   -0.9546080227971018
   2.4535000e+01   -0.9466917760471018
   2.4540000e+01   -0.9355891465471018
   2.4545000e+01   -0.9235236942971018
   2.4550000e+01   -0.9137348035471018
   2.4555000e+01  -0.9099973371496017
   2.4560000e+01  -0.9160074962521018
   2.4565000e+01  -0.9347452807521017
   2.4570000e+01  -0.9679299590021018
   2.4575000e+01  -1.0156708987521017
   2.4580000e+01  -1.0763836062521017
   2.4585000e+01  -1.1469933362521016
   2.4590000e+01  -1.2233929762521016
   2.4595000e+01  -1.3010685762521017
   2.4600000e+01  -1.3757678112521017
   2.4605000e+01  -1.4440762287521016
   2.4610000e+01  -1.5037898937521017
   2.4615000e+01  -1.5540263725021017
   2.4620000e+01  -1.5950819445021018
   2.4625000e+01  -1.628098684002102
   2.4630000e+01  -1.654633829752102
   2.4635000e+01  -1.676223911002102
   2.4640000e+01  -1.694019304502102
   2.4645000e+01  -1.708545557002102
   2.4650000e+01  -1.719630965502102
   2.4655000e+01  -1.726518940227102
   2.4660000e+01   -1.728149255177102
   2.4665000e+01   -1.723545084652102
   2.4670000e+01   -1.7121989571521021
   2.4675000e+01   -1.694335045652102
   2.4680000e+01   -1.670954797902102
   2.4685000e+01   -1.643644041402102
   2.4690000e+01   -1.614205972902102
   2.4695000e+01   -1.5842487994021022
   2.4700000e+01   -1.554870255402102
   2.4705000e+01   -1.526537680652102
   2.4710000e+01   -1.499181895902102
   2.4715000e+01   -1.472442494402102
   2.4720000e+01   -1.445956894152102
   2.4725000e+01   -1.419592203152102
   2.4730000e+01   -1.393567142652102
   2.4735000e+01   -1.368470278902102
   2.4740000e+01   -1.345218502152102
   2.4745000e+01   -1.3250012531521018
   2.4750000e+01   -1.3092300936521017
   2.4755000e+01   -1.2994823004021017
   2.4760000e+01  -1.2974109570771017
   2.4765000e+01  -1.3045990580021019
   2.4770000e+01  -1.3223558715021018
   2.4775000e+01  -1.3514803592521019
   2.4780000e+01  -1.3920404052521018
   2.4785000e+01  -1.443231224002102
   2.4790000e+01  -1.503374406502102
   2.4795000e+01  -1.570094119002102
   2.4800000e+01  -1.640658784002102
   2.4805000e+01  -1.7124169115021022
   2.4810000e+01  -1.7832079515021022
   2.4815000e+01  -1.8516183365021022
   2.4820000e+01  -1.9169918890021023
   2.4825000e+01  -1.9791827440021024
   2.4830000e+01  -2.0381283915021022
   2.4835000e+01  -2.0933855040021023
   2.4840000e+01  -2.1437883300021023
   2.4845000e+01  -2.1873547505021023
   2.4850000e+01  -2.2214919045021024
   2.4855000e+01  -2.2434638322521026
   2.4860000e+01   -2.2510024440346026
   2.4865000e+01   -2.2428935068171025
   2.4870000e+01   -2.2193685103171026
   2.4875000e+01   -2.1821856820671024
   2.4880000e+01   -2.1343747845671026
   2.4885000e+01   -2.0797194295671027
   2.4890000e+01   -2.022121314567103
   2.4895000e+01   -1.9650092020671028
   2.4900000e+01   -1.9109219045671029
   2.4905000e+01   -1.8613315980671028
   2.4910000e+01   -1.8167110150671029
   2.4915000e+01   -1.776803357817103
   2.4920000e+01   -1.7410258113171029
   2.4925000e+01   -1.7089149738171028
   2.4930000e+01   -1.6805019075671028
   2.4935000e+01   -1.6564996828171028
   2.4940000e+01   -1.6382187713171028
   2.4945000e+01   -1.6272027378171028
   2.4950000e+01  -1.6246764342921027
   2.4955000e+01  -1.6309773015171027
   2.4960000e+01  -1.6451575765171027
   2.4965000e+01  -1.6648914847671028
   2.4970000e+01  -1.686723340267103
   2.4975000e+01  -1.706594591267103
   2.4980000e+01  -1.720525358517103
   2.4985000e+01   -1.7253071955071029
   2.4990000e+01   -1.719074292247103
   2.4995000e+01   -1.7016421719971029
   2.5000000e+01   -1.6745313064971028
   2.5005000e+01   -1.6406374919971027
   2.5010000e+01   -1.6035808717471027
   2.5015000e+01   -1.5668543399971027
   2.5020000e+01   -1.5329714069971028
   2.5025000e+01   -1.5028449092471028
   2.5030000e+01   -1.4755836942471028
   2.5035000e+01   -1.4487767439971029
   2.5040000e+01   -1.4191799834971028
   2.5045000e+01   -1.3835887209971027
   2.5050000e+01   -1.3396222454971027
   2.5055000e+01   -1.2861898974971027
   2.5060000e+01   -1.2235310624971028
   2.5065000e+01   -1.1528736774971027
   2.5070000e+01   -1.0758781374971027
   2.5075000e+01   -0.9940847474971027
   2.5080000e+01   -0.9085533349971028
   2.5085000e+01   -0.8197930774971027
   2.5090000e+01   -0.7279667099971028
   2.5095000e+01   -0.6332572174971027
   2.5100000e+01   -0.5362381174971027
   2.5105000e+01   -0.4381027524971027
   2.5110000e+01   -0.34067316499710265
   2.5115000e+01   -0.24619628249710263
   2.5120000e+01   -0.15700889499710263
   2.5125000e+01   -0.07518632999710263
   2.5130000e+01   -0.0022757949971026342
   2.5135000e+01   0.060831887502897364
   2.5140000e+01   0.11389326625289736
   2.5145000e+01   0.15720632375289736
   2.5150000e+01   0.19146154825289735
   2.5155000e+01   0.21759562750289735
   2.5160000e+01   0.23667409975289735
   2.5165000e+01   0.24980959525289737
   2.5170000e+01   0.2581084922528974
   2.5175000e+01   0.2626334100528974
   2.5180000e+01   0.26437185227789745
   2.5185000e+01  0.26420965147789743
   2.5190000e+01  0.26291593615289743
   2.5195000e+01  0.2611474312028974
   2.5200000e+01  0.2594704604278974
   2.5205000e+01  0.25838257925289737
   2.5210000e+01   0.25830332817789736
   2.5215000e+01   0.25950862395289737
   2.5220000e+01   0.26201249562789736
   2.5225000e+01   0.26544461835289734
   2.5230000e+01   0.26900763455289733
   2.5235000e+01   0.27159498665289733
   2.5240000e+01  0.27209341815289734
   2.5245000e+01  0.26980110962789733
   2.5250000e+01  0.2648087766528973
   2.5255000e+01  0.25816934290289734
   2.5260000e+01  0.2517477786528973
   2.5265000e+01  0.24777466967789732
   2.5270000e+01   0.24826278025289733
   2.5275000e+01   0.25451500930289733
   2.5280000e+01   0.26691564730289735
   2.5285000e+01   0.28506957255289733
   2.5290000e+01   0.30819777880289734
   2.5295000e+01   0.33558880980289735
   2.5300000e+01   0.36689548530289734
   2.5305000e+01   0.40215479280289734
   2.5310000e+01   0.44154679255289736
   2.5315000e+01   0.48502559780289733
   2.5320000e+01   0.5319988630528973
   2.5325000e+01   0.5811917640528973
   2.5330000e+01   0.6307396668028973
   2.5335000e+01   0.6784614228028973
   2.5340000e+01   0.7222118850528974
   2.5345000e+01   0.7602087045528974
   2.5350000e+01   0.7912598818028973
   2.5355000e+01   0.8148599838028973
   2.5360000e+01   0.8311554595528973
   2.5365000e+01   0.8407978040528973
   2.5370000e+01   0.8447134234778972
   2.5375000e+01  0.8438296687028972
   2.5380000e+01  0.8388101905028972
   2.5385000e+01  0.8298624782528972
   2.5390000e+01  0.8166744240028971
   2.5395000e+01  0.7985087425028972
   2.5400000e+01  0.7744407167528972
   2.5405000e+01  0.7436833395028971
   2.5410000e+01  0.7059213840028971
   2.5415000e+01  0.6615777980028971
   2.5420000e+01  0.6119545835028971
   2.5425000e+01  0.5592140810028972
   2.5430000e+01  0.5061897085028971
   2.5435000e+01  0.45604123725289714
   2.5440000e+01  0.41180419075289715
   2.5445000e+01  0.37592199275289717
   2.5450000e+01  0.3498755222528972
   2.5455000e+01  0.3340149360028972
   2.5460000e+01  0.3276418555278972
   2.5465000e+01   0.3293013663028972
   2.5470000e+01   0.3371625848028972
   2.5475000e+01   0.34933856080289716
   2.5480000e+01   0.3640420585528972
   2.5485000e+01   0.37957266830289715
   2.5490000e+01   0.3942277588028972
   2.5495000e+01   0.4062674455528972
   2.5500000e+01   0.4140188945528972
   2.5505000e+01  0.4161062799028972
   2.5510000e+01  0.4117029812528972
   2.5515000e+01  0.4006796067528972
   2.5520000e+01  0.3835782707528972
   2.5525000e+01  0.3614401017528972
   2.5530000e+01  0.3355836962528972
   2.5535000e+01  0.3074320435028972
   2.5540000e+01  0.2784207915028972
   2.5545000e+01  0.24994362850289722
   2.5550000e+01  0.22325977125289723
   2.5555000e+01  0.19932662075289723
   2.5560000e+01  0.17859837050289723
   2.5565000e+01  0.16089023400289723
   2.5570000e+01  0.14540292050289721
   2.5575000e+01  0.1309325552528972
   2.5580000e+01  0.11619985900289721
   2.5585000e+01  0.1001738735028972
   2.5590000e+01  0.08227137325289721
   2.5595000e+01  0.06237532100289721
   2.5600000e+01  0.04069707825289721
   2.5605000e+01  0.017566497002897207
   2.5610000e+01  -0.006751601747102792
   2.5615000e+01  -0.03214490199710279
   2.5620000e+01  -0.05862766574710279
   2.5625000e+01  -0.0862346324971028
   2.5630000e+01  -0.1148969484971028
   2.5635000e+01  -0.14436107624710282
   2.5640000e+01  -0.17418397374710282
   2.5645000e+01  -0.20379746924710282
   2.5650000e+01  -0.23259985574710282
   2.5655000e+01  -0.2600191599971028
   2.5660000e+01  -0.2855076642471028
   2.5665000e+01  -0.3084661062471028
   2.5670000e+01  -0.3281417092471028
   2.5675000e+01  -0.34357392024710276
   2.5680000e+01  -0.35365713274710275
   2.5685000e+01  -0.35734759178710274
   2.5690000e+01   -0.35397813107710274
   2.5695000e+01   -0.3435879370771027
   2.5700000e+01   -0.3271518483271027
   2.5705000e+01   -0.3066159333271027
   2.5710000e+01   -0.2847040345771027
   2.5715000e+01   -0.2645299420771027
   2.5720000e+01   -0.2491057985771027
   2.5725000e+01   -0.2408618372021027
   2.5730000e+01  -0.2412819395271027
   2.5735000e+01  -0.2507222867271027
   2.5740000e+01  -0.2684315932271027
   2.5745000e+01  -0.2927465652271027
   2.5750000e+01  -0.3214069632271027
   2.5755000e+01  -0.35192602422710273
   2.5760000e+01  -0.38196079322710275
   2.5765000e+01  -0.40964210797710277
   2.5770000e+01  -0.43383208372710275
   2.5775000e+01  -0.4542718739771027
   2.5780000e+01  -0.4715733934771027
   2.5785000e+01  -0.4870168027271027
   2.5790000e+01  -0.5021579524771027
   2.5795000e+01  -0.5183208557271027
   2.5800000e+01  -0.5361163984771027
   2.5805000e+01  -0.5551470207271026
   2.5810000e+01  -0.5740049142271026
   2.5815000e+01  -0.5905647189771026
   2.5820000e+01  -0.6024602932271026
   2.5825000e+01  -0.6075730628771026
   2.5830000e+01   -0.6043742630271025
   2.5835000e+01   -0.5920421940271026
   2.5840000e+01   -0.5703755272771026
   2.5845000e+01   -0.5395971020271026
   2.5850000e+01   -0.5001611510271027
   2.5855000e+01   -0.45264186077710267
   2.5860000e+01   -0.39771860827710265
   2.5865000e+01   -0.33621814827710267
   2.5870000e+01   -0.2691529207771027
   2.5875000e+01   -0.19771340077710267
   2.5880000e+01   -0.12321500827710268
   2.5885000e+01   -0.04703837077710267
   2.5890000e+01   0.029388174222897342
   2.5895000e+01   0.10453898172289734
   2.5900000e+01   0.17669262672289734
   2.5905000e+01   0.24383907672289734
   2.5910000e+01   0.3036564292228973
   2.5915000e+01   0.3536002364728973
   2.5920000e+01   0.3911106064728973
   2.5925000e+01   0.41390660497289733
   2.5930000e+01  0.4203166640478973
   2.5935000e+01  0.4095887133728973
   2.5940000e+01  0.3821274978728973
   2.5945000e+01  0.3396121196228973
   2.5950000e+01  0.2849534103728973
   2.5955000e+01  0.22206386037289727
   2.5960000e+01  0.15543959537289725
   2.5965000e+01  0.08959645287289725
   2.5970000e+01  0.028452725372897246
   2.5975000e+01  -0.02520819562710276
   2.5980000e+01  -0.07005357187710276
   2.5985000e+01  -0.10619308087710276
   2.5990000e+01  -0.13482887287710277
   2.5995000e+01  -0.15765155037710277
   2.6000000e+01  -0.17615628487710278
   2.6005000e+01  -0.1910850998771028
   2.6010000e+01  -0.20216355062710278
   2.6015000e+01  -0.20820641517710278
   2.6020000e+01   -0.2075522960771028
   2.6025000e+01   -0.1986899369271028
   2.6030000e+01   -0.1808868656771028
   2.6035000e+01   -0.1546334189271028
   2.6040000e+01   -0.12176732392710281
   2.6045000e+01   -0.0852317834271028
   2.6050000e+01   -0.0485230654271028
   2.6055000e+01   -0.0149757114271028
   2.6060000e+01   0.0129142393228972
   2.6065000e+01   0.0339370878228972
   2.6070000e+01   0.0482710500728972
   2.6075000e+01   0.057234301822897196
   2.6080000e+01   0.0627959001978972
   2.6085000e+01   0.0670199458978972
   2.6090000e+01   0.0716141454728972
   2.6095000e+01   0.07768851897289719
   2.6100000e+01   0.0857352454728972
   2.6105000e+01   0.0957591752228972
   2.6110000e+01   0.1074534242228972
   2.6115000e+01   0.1203350237228972
   2.6120000e+01   0.1338141189728972
   2.6125000e+01   0.14723099297289718
   2.6130000e+01   0.1599225737228972
   2.6135000e+01   0.1713575592228972
   2.6140000e+01   0.1813196932228972
   2.6145000e+01   0.1900587769728972
   2.6150000e+01   0.1983093857228972
   2.6155000e+01   0.2071182722228972
   2.6160000e+01   0.2175084144728972
   2.6165000e+01   0.2300963359728972
   2.6170000e+01   0.2448198302228972
   2.6175000e+01   0.26089932397289717
   2.6180000e+01   0.27706153172289716
   2.6185000e+01   0.29194508597289714
   2.6190000e+01   0.30453707447289713
   2.6195000e+01   0.3144871137228971
   2.6200000e+01   0.32220586597289713
   2.6205000e+01   0.3287431219728971
   2.6210000e+01   0.3355145764728971
   2.6215000e+01   0.3439781337228971
   2.6220000e+01   0.3553467289728971
   2.6225000e+01   0.3703836952228971
   2.6230000e+01   0.3892856557228971
   2.6235000e+01   0.4116370202228971
   2.6240000e+01   0.4364231157228971
   2.6245000e+01   0.4621034579728971
   2.6250000e+01   0.4867543124728971
   2.6255000e+01   0.5082791682228971
   2.6260000e+01   0.5246604492228971
   2.6265000e+01   0.5342013477228971
   2.6270000e+01  0.5357002512728971
   2.6275000e+01  0.5285192715728971
   2.6280000e+01  0.5125458378228971
   2.6285000e+01  0.4880847233228971
   2.6290000e+01  0.4557387245728971
   2.6295000e+01  0.4163292460728971
   2.6300000e+01  0.3708765768228971
   2.6305000e+01  0.3206198965728971
   2.6310000e+01  0.2670310665728971
   2.6315000e+01  0.2117800840728971
   2.6320000e+01  0.1566427065728971
   2.6325000e+01  0.10338175907289712
   2.6330000e+01  0.053654308572897116
   2.6335000e+01  0.008979758322897123
   2.6340000e+01  -0.02924305392710288
   2.6345000e+01  -0.05972780242710288
   2.6350000e+01  -0.08137145567710288
   2.6355000e+01  -0.09343758742710288
   2.6360000e+01   -0.09581823847710288
   2.6365000e+01   -0.08927738752710289
   2.6370000e+01   -0.0755556705271029
   2.6375000e+01   -0.0572469700271029
   2.6380000e+01   -0.03743192752710289
   2.6385000e+01   -0.01914167152710289
   2.6390000e+01   -0.004792498277102892
   2.6395000e+01   0.004247299972897108
   2.6400000e+01   0.007832750797897109
   2.6405000e+01  0.006914366197897108
   2.6410000e+01  0.003159637272897108
   2.6415000e+01  -0.0015437374771028922
   2.6420000e+01  -0.005538944102102893
   2.6425000e+01  -0.007671802927102893
   2.6430000e+01   -0.007330453202102892
   2.6435000e+01   -0.004298057652102892
   2.6440000e+01   0.001464869972897109
   2.6445000e+01   0.00997894972289711
   2.6450000e+01   0.021265452722897107
   2.6455000e+01   0.035232298222897106
   2.6460000e+01   0.05150791172289711
   2.6465000e+01   0.06933287897289711
   2.6470000e+01   0.08758891347289711
   2.6475000e+01   0.10497439847289712
   2.6480000e+01   0.12026296947289712
   2.6485000e+01   0.13254154597289713
   2.6490000e+01   0.14133387022289715
   2.6495000e+01   0.14656804527289716
   2.6500000e+01   0.14841616573039715
   2.6505000e+01  0.14708869471289715
   2.6510000e+01  0.14268097353789716
   2.6515000e+01  0.13513792078789716
   2.6520000e+01  0.12434143028789715
   2.6525000e+01  0.11026422403789715
   2.6530000e+01  0.09310493453789714
   2.6535000e+01  0.07333666603789714
   2.6540000e+01  0.05165528103789714
   2.6545000e+01  0.028874324287897143
   2.6550000e+01  0.005846764787897144
   2.6555000e+01  -0.016520353212102858
   2.6560000e+01  -0.03714840196210285
   2.6565000e+01  -0.05462657621210286
   2.6570000e+01  -0.06711415971210286
   2.6575000e+01  -0.07240767773710285
   2.6580000e+01   -0.06821855526210285
   2.6585000e+01   -0.05262088851210285
   2.6590000e+01   -0.024550138762102852
   2.6595000e+01   0.01580430648789715
   2.6600000e+01   0.06685023023789716
   2.6605000e+01   0.12575449023789714
   2.6610000e+01   0.18888733023789717
   2.6615000e+01   0.25243415523789714
   2.6620000e+01   0.31301221773789717
   2.6625000e+01   0.3681361177378972
   2.6630000e+01   0.41643214498789716
   2.6635000e+01   0.45758528498789713
   2.6640000e+01   0.49208283598789715
   2.6645000e+01   0.5208660779878972
   2.6650000e+01   0.5450014054878972
   2.6655000e+01   0.5654413917378972
   2.6660000e+01   0.5828901299878972
   2.6665000e+01   0.5977476544878972
   2.6670000e+01   0.6101043547378973
   2.6675000e+01   0.6197815324878972
   2.6680000e+01   0.6264399147378973
   2.6685000e+01   0.6297733368628973
   2.6690000e+01  0.6297615487878973
   2.6695000e+01  0.6268983172128972
   2.6700000e+01  0.6222817240878973
   2.6705000e+01  0.6174847617878972
   2.6710000e+01  0.6142116256878972
   2.6715000e+01   0.6138462709878972
   2.6720000e+01   0.6170593435878973
   2.6725000e+01   0.6236230088378972
   2.6730000e+01   0.6324978380878973
   2.6735000e+01   0.6421456140878973
   2.6740000e+01   0.6509407245878973
   2.6745000e+01   0.6575354515878973
   2.6750000e+01   0.6610806282128973
   2.6755000e+01  0.6612820062378972
   2.6760000e+01  0.6583421983378972
   2.6765000e+01  0.6528670605378972
   2.6770000e+01  0.6457971805378973
   2.6775000e+01  0.6383772827878973
   2.6780000e+01  0.6321286890378973
   2.6785000e+01  0.6287685286878973
   2.6790000e+01   0.6300345893878974
   2.6795000e+01   0.6374181986878974
   2.6800000e+01   0.6518576721878974
   2.6805000e+01   0.6734772831878973
   2.6810000e+01   0.7014556039378973
   2.6815000e+01   0.7340724856878973
   2.6820000e+01   0.7689311884378973
   2.6825000e+01   0.8033032709378973
   2.6830000e+01   0.8345159834378973
   2.6835000e+01   0.8603002009378974
   2.6840000e+01   0.8790355994378974
   2.6845000e+01   0.8898588504378975
   2.6850000e+01  0.8926319508378975
   2.6855000e+01  0.8877963442378974
   2.6860000e+01  0.8761601407378974
   2.6865000e+01  0.8586760622378974
   2.6870000e+01  0.8362633104878974
   2.6875000e+01  0.8097077172378974
   2.6880000e+01  0.7796468359878974
   2.6885000e+01  0.7466195329878974
   2.6890000e+01  0.7111429987378974
   2.6895000e+01  0.6737798014878974
   2.6900000e+01  0.6351723474878974
   2.6905000e+01  0.5960435442378974
   2.6910000e+01  0.5571793149878974
   2.6915000e+01  0.5194129884878974
   2.6920000e+01  0.4836233529878974
   2.6925000e+01  0.45074427548789736
   2.6930000e+01  0.42177309398789736
   2.6935000e+01  0.39776249698789734
   2.6940000e+01  0.3797854627378973
   2.6945000e+01  0.36887096548789733
   2.6950000e+01   0.3659162642128973
   2.6955000e+01   0.3715886779378973
   2.6960000e+01   0.3862354366878973
   2.6965000e+01   0.4098224946878973
   2.6970000e+01   0.4419190496878973
   2.6975000e+01   0.4817331354378973
   2.6980000e+01   0.5281889819378973
   2.6985000e+01   0.5800260214378973
   2.6990000e+01   0.6358979414378972
   2.6995000e+01   0.6944576239378972
   2.7000000e+01   0.7544239614378973
   2.7005000e+01   0.8146320914378973
   2.7010000e+01   0.8740665864378973
   2.7015000e+01   0.9318710714378973
   2.7020000e+01   0.9873248339378973
   2.7025000e+01   1.0397824414378973
   2.7030000e+01   1.0885850996878974
   2.7035000e+01   1.1329661244378975
   2.7040000e+01   1.1719803619378975
   2.7045000e+01   1.2044855536878976
   2.7050000e+01   1.2291940699378976
   2.7055000e+01   1.2447990201878976
   2.7060000e+01  1.2501613636666475
   2.7065000e+01  1.2445262538953976
   2.7070000e+01  1.2277223128953976
   2.7075000e+01  1.2002943688953975
   2.7080000e+01  1.1635335958953976
   2.7085000e+01  1.1193961006453976
   2.7090000e+01  1.0703305243953976
   2.7095000e+01  1.0190538993953975
   2.7100000e+01  0.9683160888953974
   2.7105000e+01  0.9206802826453975
   2.7110000e+01  0.8783310548953975
   2.7115000e+01  0.8429129356453975
   2.7120000e+01  0.8154053678953975
   2.7125000e+01  0.7960500916453975
   2.7130000e+01  0.7843546261453975
   2.7135000e+01  0.7791910478953975
   2.7140000e+01   0.7789891401703976
   2.7145000e+01   0.7819930058953976
   2.7150000e+01   0.7865238614453975
   2.7155000e+01   0.7911834628953975
   2.7160000e+01   0.7949495226703975
   2.7165000e+01   0.7971512263203976
   2.7170000e+01  0.7973539920203976
   2.7175000e+01  0.7952104949203976
   2.7180000e+01  0.7903396028453976
   2.7185000e+01  0.7822776715953976
   2.7190000e+01  0.7705177530953976
   2.7195000e+01  0.7546236438453976
   2.7200000e+01  0.7343855000953976
   2.7205000e+01  0.7099748045953976
   2.7210000e+01  0.6820580253453976
   2.7215000e+01  0.6518379133453976
   2.7220000e+01  0.6210056138453977
   2.7225000e+01  0.5916017555953976
   2.7230000e+01  0.5657977665953976
   2.7235000e+01  0.5456200765953976
   2.7240000e+01  0.5326519598453976
   2.7245000e+01  0.5277610626703976
   2.7250000e+01   0.5309101232453975
   2.7255000e+01   0.5411046277453976
   2.7260000e+01   0.5565072069953976
   2.7265000e+01   0.5747075202453976
   2.7270000e+01   0.5930926007453976
   2.7275000e+01   0.6092347087453976
   2.7280000e+01   0.6212134959953977
   2.7285000e+01   0.6278150686953976
   2.7290000e+01  0.6285891480203976
   2.7295000e+01  0.6237807296453975
   2.7300000e+01  0.6141738186453976
   2.7305000e+01  0.6008905546453975
   2.7310000e+01  0.5851845546453975
   2.7315000e+01  0.5682589566453975
   2.7320000e+01  0.5511308556453975
   2.7325000e+01  0.5345546511453976
   2.7330000e+01  0.5190064541453976
   2.7335000e+01  0.5047209078953976
   2.7340000e+01  0.4917631041453976
   2.7345000e+01  0.48011408064539757
   2.7350000e+01  0.46974912364539756
   2.7355000e+01  0.4606925771453976
   2.7360000e+01  0.45303974639539757
   2.7365000e+01  0.4469450123953976
   2.7370000e+01  0.44258416664539757
   2.7375000e+01  0.4401053797453976
   2.7380000e+01   0.4395838190178976
   2.7385000e+01   0.4409889043403976
   2.7390000e+01   0.4441640995403976
   2.7395000e+01   0.4488130638403976
   2.7400000e+01   0.4544869845903976
   2.7405000e+01   0.4605747090903976
   2.7410000e+01   0.4663043150903976
   2.7415000e+01   0.4707665739153976
   2.7420000e+01   0.4729660730653976
   2.7425000e+01  0.4718976001403976
   2.7430000e+01  0.46663781164039764
   2.7435000e+01  0.45643717889039764
   2.7440000e+01  0.44079457239039765
   2.7445000e+01  0.41949713839039765
   2.7450000e+01  0.39261417114039765
   2.7455000e+01  0.36044798889039764
   2.7460000e+01  0.3234642303903976
   2.7465000e+01  0.2822376528903976
   2.7470000e+01  0.23744476039039758
   2.7475000e+01  0.18990782589039756
   2.7480000e+01  0.14065813989039755
   2.7485000e+01  0.09096204814039754
   2.7490000e+01  0.04225960039039755
   2.7495000e+01  -0.00399700010960246
   2.7500000e+01  -0.04656752960960246
   2.7505000e+01  -0.08463502710960247
   2.7510000e+01  -0.11792259360960247
   2.7515000e+01  -0.14666345585960247
   2.7520000e+01  -0.17142601985960246
   2.7525000e+01  -0.19285326085960244
   2.7530000e+01  -0.21141307185960245
   2.7535000e+01  -0.22725466835960245
   2.7540000e+01  -0.24022235960960245
   2.7545000e+01  -0.2500088881096024
   2.7550000e+01  -0.2563684419846024
   2.7555000e+01  -0.2592859320846024
   2.7560000e+01   -0.2590265163346024
   2.7565000e+01   -0.25605253398460237
   2.7570000e+01   -0.2508599938596024
   2.7575000e+01   -0.2438205071096024
   2.7580000e+01   -0.2351029673596024
   2.7585000e+01   -0.2247027711096024
   2.7590000e+01   -0.21255155410960241
   2.7595000e+01   -0.1986448318596024
   2.7600000e+01   -0.18312358885960242
   2.7605000e+01   -0.16627554235960243
   2.7610000e+01   -0.14846454010960242
   2.7615000e+01   -0.13002993410960242
   2.7620000e+01   -0.11120703860960243
   2.7625000e+01   -0.09210478010960244
   2.7630000e+01   -0.07274928060960244
   2.7635000e+01   -0.05317648735960244
   2.7640000e+01   -0.03354033185960244
   2.7645000e+01   -0.014195103859602438
   2.7650000e+01   0.004288995640397562
   2.7655000e+01   0.021205897390397563
   2.7660000e+01   0.03588899364039756
   2.7665000e+01   0.047939763140397565
   2.7670000e+01   0.05743140164039756
   2.7675000e+01   0.06500149964039756
   2.7680000e+01   0.07178050314039756
   2.7685000e+01   0.07916475064039756
   2.7690000e+01   0.08850502364039756
   2.7695000e+01   0.10081339589039756
   2.7700000e+01   0.11657856214039757
   2.7705000e+01   0.13573140514039755
   2.7710000e+01   0.15774337714039754
   2.7715000e+01   0.18179803189039753
   2.7720000e+01   0.20696746764039753
   2.7725000e+01   0.23234876589039752
   2.7730000e+01   0.25715234389039754
   2.7735000e+01   0.28076042564039755
   2.7740000e+01   0.30277466389039753
   2.7745000e+01   0.32305115414039753
   2.7750000e+01   0.34169850264039753
   2.7755000e+01   0.35901186064039753
   2.7760000e+01   0.37534027864039754
   2.7765000e+01   0.39092324314039756
   2.7770000e+01   0.4057595363903976
   2.7775000e+01   0.4195671783903976
   2.7780000e+01   0.43185541939039757
   2.7785000e+01   0.44207712864039755
   2.7790000e+01   0.44979068714039755
   2.7795000e+01   0.45475652719039755
   2.7800000e+01   0.45692834806539756
   2.7805000e+01  0.45635582756539755
   2.7810000e+01  0.45306510239039754
   2.7815000e+01  0.44699868179039753
   2.7820000e+01  0.43806776354039756
   2.7825000e+01  0.42630992654039757
   2.7830000e+01  0.41208361804039756
   2.7835000e+01  0.39619932279039755
   2.7840000e+01  0.37990303254039753
   2.7845000e+01  0.36468495779039756
   2.7850000e+01  0.35195970604039756
   2.7855000e+01  0.34272021479039755
   2.7860000e+01  0.33728164846539754
   2.7865000e+01  0.3351983564403975
   2.7870000e+01   0.33537392246539754
   2.7875000e+01   0.3363207359153975
   2.7880000e+01  0.3364870042153975
   2.7885000e+01  0.3345647422653975
   2.7890000e+01  0.3297133029903975
   2.7895000e+01  0.3216630802403975
   2.7900000e+01  0.3106914019903975
   2.7905000e+01  0.2974849289903975
   2.7910000e+01  0.2829221929903975
   2.7915000e+01  0.2678256712403975
   2.7920000e+01  0.2527400487403975
   2.7925000e+01  0.2377874839903975
   2.7930000e+01  0.2226325937403975
   2.7935000e+01  0.2065655607403975
   2.7940000e+01  0.1886879669903975
   2.7945000e+01  0.1681665029903975
   2.7950000e+01  0.1445059532403975
   2.7955000e+01  0.1177859667403975
   2.7960000e+01  0.0888077154903975
   2.7965000e+01  0.05910748549039749
   2.7970000e+01  0.030814242740397485
   2.7975000e+01  0.006356671990397484
   2.7980000e+01  -0.011939387759602516
   2.7985000e+01  -0.022285726509602515
   2.7990000e+01   -0.023796996234602515
   2.7995000e+01   -0.016688381209602515
   2.8000000e+01   -0.0022474684596025148
   2.8005000e+01   0.017412041790397487
   2.8010000e+01   0.03974116104039749
   2.8015000e+01   0.06217952954039749
   2.8020000e+01   0.08250583604039749
   2.8025000e+01   0.09904952029039749
   2.8030000e+01   0.11075510554039748
   2.8035000e+01   0.11713789794039749
   2.8040000e+01  0.11819129796539748
   2.8045000e+01  0.11429791059039748
   2.8050000e+01  0.10616821584039748
   2.8055000e+01  0.09479895959039748
   2.8060000e+01  0.08142533909039748
   2.8065000e+01  0.06744387659039748
   2.8070000e+01  0.05430104509039748
   2.8075000e+01  0.04336247009039748
   2.8080000e+01  0.03578697234039748
   2.8085000e+01  0.03242635166539748
   2.8090000e+01   0.03376180899039748
   2.8095000e+01   0.039878936740397476
   2.8100000e+01   0.05047829299039748
   2.8105000e+01   0.06491629274039748
   2.8110000e+01   0.08227023299039748
   2.8115000e+01   0.10142296049039748
   2.8120000e+01   0.12116767599039749
   2.8125000e+01   0.14033733924039749
   2.8130000e+01   0.15795789699039747
   2.8135000e+01   0.17340597949039746
   2.8140000e+01   0.18652752799039746
   2.8145000e+01   0.19766229299039745
   2.8150000e+01   0.20753689574039744
   2.8155000e+01   0.21703656849039743
   2.8160000e+01   0.22692204324039744
   2.8165000e+01   0.23759182124039743
   2.8170000e+01   0.24897869399039743
   2.8175000e+01   0.2606149487403974
   2.8180000e+01   0.2718299147403974
   2.8185000e+01   0.2819918467403974
   2.8190000e+01   0.2906969594903974
   2.8195000e+01   0.29784137249039744
   2.8200000e+01   0.3035667147403974
   2.8205000e+01   0.30812121621539745
   2.8210000e+01   0.3117058400653975
   2.8215000e+01   0.31437148416539745
   2.8220000e+01   0.31600198114039746
   2.8225000e+01  0.31637249337289747
   2.8230000e+01  0.3152357559303975
   2.8235000e+01  0.3123805317553975
   2.8240000e+01  0.3076344410053975
   2.8245000e+01  0.3008312217553975
   2.8250000e+01  0.2917989210053975
   2.8255000e+01  0.2804235417553975
   2.8260000e+01  0.2667990622553975
   2.8265000e+01  0.2514131795053975
   2.8270000e+01  0.23527456325539747
   2.8275000e+01  0.21988915375539747
   2.8280000e+01  0.20704483700539747
   2.8285000e+01  0.19844598650539746
   2.8290000e+01  0.19531581834039746
   2.8295000e+01   0.19811726117539746
   2.8300000e+01   0.20650954617539746
   2.8305000e+01   0.21956524892539747
   2.8310000e+01   0.23615996117539748
   2.8315000e+01   0.2553682764253975
   2.8320000e+01   0.2766964719253975
   2.8325000e+01   0.30005852267539745
   2.8330000e+01   0.3255215644253975
   2.8335000e+01   0.3529514476753975
   2.8340000e+01   0.3817288851753975
   2.8345000e+01   0.4106656874253975
   2.8350000e+01   0.4381529869253975
   2.8355000e+01   0.4624699719253975
   2.8360000e+01   0.4821225536753975
   2.8365000e+01   0.4960897836753975
   2.8370000e+01   0.5039176320753975
   2.8375000e+01  0.5056748796003975
   2.8380000e+01  0.5018338179753975
   2.8385000e+01  0.4931412352253975
   2.8390000e+01  0.4805139709753975
   2.8395000e+01  0.4649565579753975
   2.8400000e+01  0.4474814382253975
   2.8405000e+01  0.4290222782253975
   2.8410000e+01  0.4103555282253975
   2.8415000e+01  0.3920625729753975
   2.8420000e+01  0.3745582097253975
   2.8425000e+01  0.3581811022253975
   2.8430000e+01  0.3433060039753975
   2.8435000e+01  0.3304199789753975
   2.8440000e+01  0.3201195519753975
   2.8445000e+01  0.3130258654753975
   2.8450000e+01  0.3096564804253975
   2.8455000e+01   0.3103104747003975
   2.8460000e+01   0.31500916752539754
   2.8465000e+01   0.32350038202539755
   2.8470000e+01   0.33530264402539756
   2.8475000e+01   0.34975450552539755
   2.8480000e+01   0.36604540627539756
   2.8485000e+01   0.3832274142753975
   2.8490000e+01   0.40022762427539754
   2.8495000e+01   0.41588917227539757
   2.8500000e+01   0.4290617337753976
   2.8505000e+01   0.4387423722753976
   2.8510000e+01   0.4442409962753976
   2.8515000e+01  0.4453211194253976
   2.8520000e+01  0.44225747082539757
   2.8525000e+01  0.4357663003253976
   2.8530000e+01  0.4268030213253976
   2.8535000e+01  0.4162741700753976
   2.8540000e+01  0.4047549945753976
   2.8545000e+01  0.3923168530753976
   2.8550000e+01  0.3785376153253976
   2.8555000e+01  0.36270186682539757
   2.8560000e+01  0.3441238995753976
   2.8565000e+01  0.3224789388253976
   2.8570000e+01  0.2980278503253976
   2.8575000e+01  0.27166503282539756
   2.8580000e+01  0.24478523132539756
   2.8585000e+01  0.21902330382539756
   2.8590000e+01  0.19595113457539756
   2.8595000e+01  0.17681362182539756
   2.8600000e+01  0.16236016157539757
   2.8605000e+01  0.15279384857539757
   2.8610000e+01  0.14782985225039758
   2.8615000e+01   0.14683321942539757
   2.8620000e+01   0.14899561990039756
   2.8625000e+01   0.15350900437539755
   2.8630000e+01   0.15970066062539756
   2.8635000e+01   0.16710772062539755
   2.8640000e+01   0.17548711962539756
   2.8645000e+01   0.18477408237539755
   2.8650000e+01   0.19501240762539757
   2.8655000e+01   0.20628023812539756
   2.8660000e+01   0.21862828062539755
   2.8665000e+01   0.23203981712539754
   2.8670000e+01   0.24641789612539755
   2.8675000e+01   0.26160373112539753
   2.8680000e+01   0.27742626912539753
   2.8685000e+01   0.2937726583753975
   2.8690000e+01   0.3106562618753975
   2.8695000e+01   0.3282518973753975
   2.8700000e+01   0.3468749833753975
   2.8705000e+01   0.36690230137539753
   2.8710000e+01   0.3886582583753975
   2.8715000e+01   0.4123088741253975
   2.8720000e+01   0.4378062276253975
   2.8725000e+01   0.4649067411253975
   2.8730000e+01   0.49325461287539746
   2.8735000e+01   0.5224907338753975
   2.8740000e+01   0.5523324271253974
   2.8745000e+01   0.5825792938753974
   2.8750000e+01   0.6130330181253975
   2.8755000e+01   0.6433604846253974
   2.8760000e+01   0.6729611498753975
   2.8765000e+01   0.7009063941253975
   2.8770000e+01   0.7259966436253975
   2.8775000e+01   0.7469397176253975
   2.8780000e+01   0.7626075133753974
   2.8785000e+01   0.7722954103753974
   2.8790000e+01   0.7759018975503974
   2.8795000e+01  0.7739675046753974
   2.8800000e+01  0.7675544188753974
   2.8805000e+01  0.7579963136253974
   2.8810000e+01  0.7465858551253974
   2.8815000e+01  0.7342838101253975
   2.8820000e+01  0.7215254346253974
   2.8825000e+01  0.7081712726253975
   2.8830000e+01  0.6936097803753974
   2.8835000e+01  0.6769790733753974
   2.8840000e+01  0.6574446316253975
   2.8845000e+01  0.6344567443753975
   2.8850000e+01  0.6079197156253975
   2.8855000e+01  0.5782327296253975
   2.8860000e+01  0.5462019428753975
   2.8865000e+01  0.5128621306253974
   2.8870000e+01  0.4792704856253974
   2.8875000e+01  0.4463361356253974
   2.8880000e+01  0.41472726262539744
   2.8885000e+01  0.3848640466253974
   2.8890000e+01  0.3569756166253974
   2.8895000e+01  0.3311846951253974
   2.8900000e+01  0.3075864196253974
   2.8905000e+01  0.2862999121253974
   2.8910000e+01  0.2674820846253974
   2.8915000e+01  0.2512984231253974
   2.8920000e+01  0.2378492021253974
   2.8925000e+01  0.2270592183753974
   2.8930000e+01  0.2185568921253974
   2.8935000e+01  0.2115869516253974
   2.8940000e+01  0.2050063961253974
   2.8945000e+01  0.1973959926253974
   2.8950000e+01  0.1872809393753974
   2.8955000e+01  0.1734094483753974
   2.8960000e+01  0.1550081673753974
   2.8965000e+01  0.1319350163753974
   2.8970000e+01  0.1046851568753974
   2.8975000e+01  0.07425946887539739
   2.8980000e+01  0.041951914625397387
   2.8985000e+01  0.009130473625397387
   2.8990000e+01  -0.022930266374602618
   2.8995000e+01  -0.05314484487460262
   2.9000000e+01  -0.08065607262460261
   2.9005000e+01  -0.10484559587460263
   2.9010000e+01  -0.12533319937460263
   2.9015000e+01  -0.14196349762460264
   2.9020000e+01  -0.15477137812460265
   2.9025000e+01  -0.16392897337460266
   2.9030000e+01  -0.16969662407460265
   2.9035000e+01  -0.17240875579960266
   2.9040000e+01   -0.17251009529960265
   2.9045000e+01   -0.17062313014960265
   2.9050000e+01   -0.16759483869960265
   2.9055000e+01   -0.16446289954960264
   2.9060000e+01   -0.16230981904960265
   2.9065000e+01  -0.16202815497460266
   2.9070000e+01  -0.16407477439960266
   2.9075000e+01  -0.16831679422460266
   2.9080000e+01  -0.17404929197460267
   2.9085000e+01  -0.18020140997460268
   2.9090000e+01  -0.18567146189960268
   2.9095000e+01  -0.18967908092460267
   2.9100000e+01  -0.19201736337460268
   2.9105000e+01  -0.19312953512460268
   2.9110000e+01  -0.19399937829960268
   2.9115000e+01  -0.1959019012246027
   2.9120000e+01  -0.20009067937460268
   2.9125000e+01  -0.20749960487460267
   2.9130000e+01  -0.21852066937460268
   2.9135000e+01  -0.2328973696246027
   2.9140000e+01  -0.2497497808746027
   2.9145000e+01  -0.2677220018746027
   2.9150000e+01  -0.2852174758746027
   2.9155000e+01  -0.3006696826246027
   2.9160000e+01  -0.3127924418746027
   2.9165000e+01  -0.3207666103746027
   2.9170000e+01  -0.3243408239496027
   2.9175000e+01   -0.3238424074746027
   2.9180000e+01   -0.3201045421746027
   2.9185000e+01   -0.31431931217460274
   2.9190000e+01   -0.3078304939246027
   2.9195000e+01   -0.30189039292460274
   2.9200000e+01   -0.2974204487746027
   2.9205000e+01   -0.2948277002496027
   2.9210000e+01   -0.29392828376460267
   2.9215000e+01  -0.29400883824460267
   2.9220000e+01   -0.29401972884210265
   2.9225000e+01   -0.29285230914960264
   2.9230000e+01   -0.2896226725746026
   2.9235000e+01   -0.2838803811996026
   2.9240000e+01   -0.27568646444960265
   2.9245000e+01   -0.26555139794960264
   2.9250000e+01   -0.25427146669960266
   2.9255000e+01   -0.24272996919960266
   2.9260000e+01   -0.23172641644960265
   2.9265000e+01   -0.22186677169960264
   2.9270000e+01   -0.21350990869960265
   2.9275000e+01   -0.20674237044960264
   2.9280000e+01   -0.20135730137460264
   2.9285000e+01   -0.19683825637460264
   2.9290000e+01   -0.19237491079960264
   2.9295000e+01   -0.18694545189960265
   2.9300000e+01   -0.17948173789960264
   2.9305000e+01   -0.16909652514960263
   2.9310000e+01   -0.15531590464960263
   2.9315000e+01   -0.13824293889960262
   2.9320000e+01   -0.11858977814960261
   2.9325000e+01   -0.09755263539960261
   2.9330000e+01   -0.07655433564960261
   2.9335000e+01   -0.056925144649602605
   2.9340000e+01   -0.039617426399602605
   2.9345000e+01   -0.025042747649602605
   2.9350000e+01   -0.013081020399602605
   2.9355000e+01   -0.0032517833996026056
   2.9360000e+01   0.005020985100397394
   2.9365000e+01   0.012153276850397392
   2.9370000e+01   0.018251106600397395
   2.9375000e+01   0.023116754350397395
   2.9380000e+01   0.026395795550397394
   2.9385000e+01   0.027793062770397396
   2.9390000e+01  0.027263386140397396
   2.9395000e+01  0.025101871490397394
   2.9400000e+01  0.021905644665397392
   2.9405000e+01  0.01843038766539739
   2.9410000e+01  0.015399151840397389
   2.9415000e+01  0.013328442365397389
   2.9420000e+01  0.012420969490397388
   2.9425000e+01   0.012546763040397388
   2.9430000e+01   0.013306486590397387
   2.9435000e+01   0.014151544140397387
   2.9440000e+01   0.014528856943147386
   2.9445000e+01  0.014022445920897386
   2.9450000e+01  0.012472847245897386
   2.9455000e+01  0.010061037320897387
   2.9460000e+01  0.007341923645897387
   2.9465000e+01  0.005207450820897387
   2.9470000e+01   0.004761310370897387
   2.9475000e+01   0.007105424670897387
   2.9480000e+01   0.013072256045897387
   2.9485000e+01   0.022972930545897385
   2.9490000e+01   0.03644820154589738
   2.9495000e+01   0.05249114479589738
   2.9500000e+01   0.06965674879589738
   2.9505000e+01   0.08640308204589738
   2.9510000e+01   0.10145277329589737
   2.9515000e+01   0.11405116929589737
   2.9520000e+01   0.12403930629589738
   2.9525000e+01   0.13173883979589737
   2.9530000e+01   0.13772325729589738
   2.9535000e+01   0.14258426502089738
   2.9540000e+01   0.14677719142089737
   2.9545000e+01   0.15056468382089738
   2.9550000e+01   0.15401945249589738
   2.9555000e+01   0.1570335365958974
   2.9560000e+01   0.1593169370958974
   2.9565000e+01   0.16041717322589738
   2.9570000e+01  0.15980748718089738
   2.9575000e+01  0.1570560781058974
   2.9580000e+01  0.15202589085589738
   2.9585000e+01  0.14501227910589737
   2.9590000e+01  0.13673885510589737
   2.9595000e+01  0.12819519160589737
   2.9600000e+01  0.12037486260589737
   2.9605000e+01  0.11401469485589738
   2.9610000e+01  0.10942572385589738
   2.9615000e+01  0.10645522253089738
   2.9620000e+01  0.10455948818089739
   2.9625000e+01  0.10293045093089738
   2.9630000e+01  0.10062020605589737
   2.9635000e+01  0.09663838265589737
   2.9640000e+01  0.09003365040589738
   2.9645000e+01  0.07998704540589738
   2.9650000e+01  0.06593063290589737
   2.9655000e+01  0.047672217405897374
   2.9660000e+01  0.02548130390589737
   2.9665000e+01  9.381940589736973e-5
   2.9670000e+01  -0.027377267594102632
   2.9675000e+01  -0.05560152659410263
   2.9680000e+01  -0.08321617309410262
   2.9685000e+01  -0.10899572684410262
   2.9690000e+01  -0.1319833128441026
   2.9695000e+01  -0.15157584809410263
   2.9700000e+01  -0.16755830659410262
   2.9705000e+01  -0.1800779330941026
   2.9710000e+01  -0.18955040609410262
   2.9715000e+01  -0.19650498434410263
   2.9720000e+01  -0.20140089726910262
   2.9725000e+01  -0.2044683213191026
   2.9730000e+01  -0.20562851931160261
   2.9735000e+01   -0.2045229013291026
   2.9740000e+01   -0.2006388749791026
   2.9745000e+01   -0.1934819907291026
   2.9750000e+01   -0.1827295727291026
   2.9755000e+01   -0.1683181759791026
   2.9760000e+01   -0.1504546724791026
   2.9765000e+01   -0.1295754649791026
   2.9770000e+01   -0.10629010122910261
   2.9775000e+01   -0.08133022447910261
   2.9780000e+01   -0.05549657247910261
   2.9785000e+01   -0.029578680229102615
   2.9790000e+01   -0.004230617979102614
   2.9795000e+01   0.020180033270897388
   2.9800000e+01   0.04369411252089739
   2.9805000e+01   0.06678243527089739
   2.9810000e+01   0.09022143527089739
   2.9815000e+01   0.1148385007708974
   2.9820000e+01   0.14120977752089742
   2.9825000e+01   0.16942872102089743
   2.9830000e+01   0.19904383202089743
   2.9835000e+01   0.22919435752089742
   2.9840000e+01   0.2588866510208974
   2.9845000e+01   0.2872948502708974
   2.9850000e+01   0.3139671480208974
   2.9855000e+01   0.3388722012708974
   2.9860000e+01   0.3622980515208974
   2.9865000e+01   0.3846753602708974
   2.9870000e+01   0.4064089137708974
   2.9875000e+01   0.42776844877089737
   2.9880000e+01   0.44884146002089736
   2.9885000e+01   0.46952135227089736
   2.9890000e+01   0.4895090935208974
   2.9895000e+01   0.5083322272708974
   2.9900000e+01   0.5254033940208974
   2.9905000e+01   0.5401313957708974
   2.9910000e+01   0.5520650827708974
   2.9915000e+01   0.5610182145208974
   2.9920000e+01   0.5671182411458974
   2.9925000e+01   0.5707524447208974
   2.9930000e+01   0.5724352930708974
   2.9935000e+01  0.5726607531008974
   2.9940000e+01  0.5718076817808974
   2.9945000e+01  0.5701324391308974
   2.9950000e+01  0.5678319806058973
   2.9955000e+01  0.5651242812058973
   2.9960000e+01  0.5622914997558973
   2.9965000e+01  0.5596615654308973
   2.9970000e+01  0.5575429758058973
   2.9975000e+01  0.5561503689558973
   2.9980000e+01  0.5555548041433973
   2.9985000e+01   0.5556724565183974
   2.9990000e+01   0.5562878893308973
   2.9995000e+01   0.5571054512308974
   3.0000000e+01   0.5578303391808974
   3.0005000e+01   0.5582833626583974
   3.0010000e+01   0.5585376244358974
   3.0015000e+01   0.5590350636608974
   3.0020000e+01   0.5606173073358974
   3.0025000e+01   0.5644132491858974
   3.0030000e+01   0.5715741774358974
   3.0035000e+01   0.5829187359358975
   3.0040000e+01   0.5986077006858975
   3.0045000e+01   0.6179773429358976
   3.0050000e+01   0.6396085709358975
   3.0055000e+01   0.6616178066858975
   3.0060000e+01   0.6820672211858976
   3.0065000e+01   0.6993484396858975
   3.0070000e+01   0.7124148954358975
   3.0075000e+01   0.7208118009358976
   3.0080000e+01   0.7245419775108976
   3.0085000e+01  0.7238664173108975
   3.0090000e+01  0.7191420532858975
   3.0095000e+01  0.7107489807858975
   3.0100000e+01  0.6990893882858975
   3.0105000e+01  0.6845959290358975
   3.0110000e+01  0.6676956642858975
   3.0115000e+01  0.6487276287858975
   3.0120000e+01  0.6278670565358975
   3.0125000e+01  0.6051245082858975
   3.0130000e+01  0.5804497022858974
   3.0135000e+01  0.5539033900358974
   3.0140000e+01  0.5258125442858974
   3.0145000e+01  0.4968279222858974
   3.0150000e+01  0.4678558180358974
   3.0155000e+01  0.4399019072858974
   3.0160000e+01  0.4139028042858974
   3.0165000e+01  0.39061109903589736
   3.0170000e+01  0.3705557972858974
   3.0175000e+01  0.3540550850358974
   3.0180000e+01  0.3412396552858974
   3.0185000e+01  0.3320576232858974
   3.0190000e+01  0.3262603080608974
   3.0195000e+01  0.3233898012108974
   3.0200000e+01   0.3227919245608974
   3.0205000e+01   0.32366474031089737
   3.0210000e+01   0.3251353017608974
   3.0215000e+01   0.32634673531089736
   3.0220000e+01  0.3265371377533974
   3.0225000e+01  0.3250971095708974
   3.0230000e+01  0.3215984024458974
   3.0235000e+01  0.31579020607089736
   3.0240000e+01  0.30756455507089736
   3.0245000e+01  0.2969010465708974
   3.0250000e+01  0.2838115188208974
   3.0255000e+01  0.2683098518208974
   3.0260000e+01  0.2504229098208974
   3.0265000e+01  0.2302364763208974
   3.0270000e+01  0.2079468350708974
   3.0275000e+01  0.1838809045708974
   3.0280000e+01  0.1584637133208974
   3.0285000e+01  0.1321433118208974
   3.0290000e+01  0.10530999632089738
   3.0295000e+01  0.07825159357089738
   3.0300000e+01  0.051167107070897375
   3.0305000e+01  0.024230261320897378
   3.0310000e+01  -0.0023299291791026265
   3.0315000e+01  -0.028171941429102627
   3.0320000e+01  -0.05283896567910263
   3.0325000e+01  -0.07582164742910263
   3.0330000e+01  -0.09667291767910263
   3.0335000e+01  -0.11513798917910263
   3.0340000e+01  -0.13124747467910264
   3.0345000e+01  -0.14532409392910264
   3.0350000e+01  -0.15787932467910265
   3.0355000e+01  -0.16942060392910266
   3.0360000e+01  -0.18023459942910267
   3.0365000e+01  -0.19023416492910267
   3.0370000e+01  -0.19893962042910268
   3.0375000e+01  -0.2056113134291027
   3.0380000e+01  -0.20948319712910268
   3.0385000e+01   -0.21000041120410268
   3.0390000e+01   -0.20696397477910267
   3.0395000e+01   -0.20053474772910268
   3.0400000e+01   -0.19112059147910268
   3.0405000e+01   -0.17922460297910267
   3.0410000e+01   -0.16533803672910266
   3.0415000e+01   -0.14991839222910266
   3.0420000e+01   -0.13343064372910265
   3.0425000e+01   -0.11638809572910265
   3.0430000e+01   -0.09933409772910265
   3.0435000e+01   -0.08275187197910265
   3.0440000e+01   -0.06694666697910265
   3.0445000e+01   -0.05197632722910265
   3.0450000e+01   -0.03769265122910265
   3.0455000e+01   -0.023902297229102646
   3.0460000e+01   -0.010590553729102645
   3.0465000e+01   0.0018906387708973547
   3.0470000e+01   0.012763453020897354
   3.0475000e+01   0.020934200770897353
   3.0480000e+01   0.025239228295897354
   3.0485000e+01  0.024735461545897355
   3.0490000e+01  0.018930703020897353
   3.0495000e+01  0.007882492270897355
   3.0500000e+01  -0.007846560229102646
   3.0505000e+01  -0.027336764479102646
   3.0510000e+01  -0.04949964172910265
   3.0515000e+01  -0.07325211897910265
   3.0520000e+01  -0.09764725272910266
   3.0525000e+01  -0.12195486697910266
   3.0530000e+01  -0.14569614047910265
   3.0535000e+01  -0.16863686172910264
   3.0540000e+01  -0.19074289247910264
   3.0545000e+01  -0.21210395697910264
   3.0550000e+01  -0.23283763722910264
   3.0555000e+01  -0.25299038097910265
   3.0560000e+01  -0.27245389397910263
   3.0565000e+01  -0.29091432997910266
   3.0570000e+01  -0.30784971047910265
   3.0575000e+01  -0.32258662422910267
   3.0580000e+01  -0.33441654897910267
   3.0585000e+01  -0.3427533754791027
   3.0590000e+01  -0.3472921904541027
   3.0595000e+01   -0.3481168802541027
   3.0600000e+01   -0.3457119780291027
   3.0605000e+01   -0.3408644817291027
   3.0610000e+01   -0.3344831684791027
   3.0615000e+01   -0.3273969692291027
   3.0620000e+01   -0.3202031874791027
   3.0625000e+01   -0.3132154374791027
   3.0630000e+01   -0.3065193237291027
   3.0635000e+01   -0.3000997732291027
   3.0640000e+01   -0.2939768124791027
   3.0645000e+01   -0.2882881204791027
   3.0650000e+01   -0.2832862976541027
   3.0655000e+01   -0.2792632205041027
   3.0660000e+01   -0.2764515559541027
   3.0665000e+01   -0.2749641342541027
   3.0670000e+01  -0.2748080110291027
   3.0675000e+01  -0.27596406190410266
   3.0680000e+01  -0.2784819859541027
   3.0685000e+01  -0.2825300787791027
   3.0690000e+01  -0.2883655259291027
   3.0695000e+01  -0.2962369499291027
   3.0700000e+01  -0.3062675896791027
   3.0705000e+01  -0.31837421517910275
   3.0710000e+01  -0.33225395092910276
   3.0715000e+01  -0.34743636642910275
   3.0720000e+01  -0.3633721869291027
   3.0725000e+01  -0.37952309367910275
   3.0730000e+01  -0.39542621367910274
   3.0735000e+01  -0.41072203442910277
   3.0740000e+01  -0.42514735692910277
   3.0745000e+01  -0.4385029106791028
   3.0750000e+01  -0.4506096149291028
   3.0755000e+01  -0.4612693284291028
   3.0760000e+01  -0.4702444404291028
   3.0765000e+01  -0.4772643424291028
   3.0770000e+01  -0.4820562882041028
   3.0775000e+01  -0.4843873834291028
   3.0780000e+01   -0.4840993249791028
   3.0785000e+01   -0.4811220144291028
   3.0790000e+01   -0.4754648760291028
   3.0795000e+01   -0.46719833677910283
   3.0800000e+01   -0.45644317602910284
   3.0805000e+01   -0.4433775095291028
   3.0810000e+01   -0.42825436752910284
   3.0815000e+01   -0.4114091190291028
   3.0820000e+01   -0.3932370850291028
   3.0825000e+01   -0.3741398477791028
   3.0830000e+01   -0.3544635497791028
   3.0835000e+01   -0.33446678177910283
   3.0840000e+01   -0.31434723702910283
   3.0845000e+01   -0.2943266107791028
   3.0850000e+01   -0.27475750427910284
   3.0855000e+01   -0.25619486402910285
   3.0860000e+01   -0.23938192777910286
   3.0865000e+01   -0.22513636302910287
   3.0870000e+01   -0.21417043777910286
   3.0875000e+01   -0.20691546552910287
   3.0880000e+01   -0.20342509495410285
   3.0885000e+01  -0.20339943705410285
   3.0890000e+01  -0.20631726732910285
   3.0895000e+01  -0.21161396442910285
   3.0900000e+01  -0.21882369417910286
   3.0905000e+01  -0.22762500117910286
   3.0910000e+01  -0.23777838992910286
   3.0915000e+01  -0.24899773942910286
   3.0920000e+01  -0.2608285936791029
   3.0925000e+01  -0.2726009099291029
   3.0930000e+01  -0.2834849016791029
   3.0935000e+01  -0.2926257111791029
   3.0940000e+01  -0.2992927769291029
   3.0945000e+01  -0.3029740457041029
   3.0950000e+01   -0.30337720385410294
   3.0955000e+01   -0.30035272930410295
   3.0960000e+01   -0.29379746987910293
   3.0965000e+01   -0.2836074686291029
   3.0970000e+01   -0.26971865587910293
   3.0975000e+01   -0.25222061862910294
   3.0980000e+01   -0.23148240437910295
   3.0985000e+01   -0.20821686562910294
   3.0990000e+01   -0.18343888312910295
   3.0995000e+01   -0.15832695612910294
   3.1000000e+01   -0.13404688812910293
   3.1005000e+01   -0.11161336587910292
   3.1010000e+01   -0.09184111512910292
   3.1015000e+01   -0.07538591662910292
   3.1020000e+01   -0.06282564287910292
   3.1025000e+01   -0.05470997312910292
   3.1030000e+01   -0.05152607310410292
   3.1035000e+01  -0.05357638947910292
   3.1040000e+01  -0.060818192129102916
   3.1045000e+01  -0.07274464387910291
   3.1050000e+01  -0.08837795387910291
   3.1055000e+01  -0.10640060137910291
   3.1060000e+01  -0.1253929226291029
   3.1065000e+01  -0.1441033873791029
   3.1070000e+01  -0.1616714158791029
   3.1075000e+01  -0.17775109962910288
   3.1080000e+01  -0.19252768737910286
   3.1085000e+01  -0.20665094962910285
   3.1090000e+01  -0.22111537512910284
   3.1095000e+01  -0.23710175487910284
   3.1100000e+01  -0.25577822912910286
   3.1105000e+01  -0.27806077362910286
   3.1110000e+01  -0.3043579018791029
   3.1115000e+01  -0.3343584056291029
   3.1120000e+01  -0.3669407891291029
   3.1125000e+01  -0.4002689501291029
   3.1130000e+01  -0.4320859341291029
   3.1135000e+01  -0.4601416628791029
   3.1140000e+01  -0.48262405962910293
   3.1145000e+01  -0.4984435193791029
   3.1150000e+01  -0.5072706531291029
   3.1155000e+01   -0.5093348472041029
   3.1160000e+01   -0.5051066312791029
   3.1165000e+01   -0.49504413502910294
   3.1170000e+01   -0.47954092552910293
   3.1175000e+01   -0.45908465627910294
   3.1180000e+01   -0.4344958347791029
   3.1185000e+01   -0.40705234652910294
   3.1190000e+01   -0.37836482552910294
   3.1195000e+01   -0.3500200627791029
   3.1200000e+01   -0.32316201327910293
   3.1205000e+01   -0.29823618252910294
   3.1210000e+01   -0.27504477002910294
   3.1215000e+01   -0.25309097377910295
   3.1220000e+01   -0.23202990777910296
   3.1225000e+01   -0.21198338227910296
   3.1230000e+01   -0.19354935902910297
   3.1235000e+01   -0.177501609529103
   3.1240000e+01   -0.16434022277910298
   3.1245000e+01   -0.153931763029103
   3.1250000e+01   -0.14543096727910299
   3.1255000e+01   -0.137532041029103
   3.1260000e+01   -0.128933304779103
   3.1265000e+01   -0.118797642279103
   3.1270000e+01   -0.107001008779103
   3.1275000e+01   -0.094072488279103
   3.1280000e+01   -0.080882111779103
   3.1285000e+01   -0.068248758279103
   3.1290000e+01   -0.056663480029103
   3.1295000e+01   -0.046246457279102995
   3.1300000e+01   -0.03692325827910299
   3.1305000e+01   -0.02869057377910299
   3.1310000e+01   -0.02180409852910299
   3.1315000e+01   -0.016778063179102992
   3.1320000e+01   -0.014200345579102991
   3.1325000e+01  -0.014471764479102991
   3.1330000e+01  -0.017615302229102993
   3.1335000e+01  -0.023255207579102995
   3.1340000e+01  -0.030769389579102996
   3.1345000e+01  -0.039527508579103
   3.1350000e+01  -0.049087866829103
   3.1355000e+01  -0.059252206579103
   3.1360000e+01  -0.06994981432910301
   3.1365000e+01  -0.081005179829103
   3.1370000e+01  -0.091902273829103
   3.1375000e+01  -0.101670542829103
   3.1380000e+01  -0.108976326079103
   3.1385000e+01  -0.112420190179103
   3.1390000e+01   -0.110945731729103
   3.1395000e+01   -0.104200324429103
   3.1400000e+01   -0.092688915429103
   3.1405000e+01   -0.077637268179103
   3.1410000e+01   -0.06060225692910301
   3.1415000e+01   -0.042977919429103006
   3.1420000e+01   -0.025592394929103007
   3.1425000e+01   -0.008549653679103007
   3.1430000e+01   0.008637658320896996
   3.1435000e+01   0.026698965820896994
   3.1440000e+01   0.046193760820897
   3.1445000e+01   0.067196979570897
   3.1450000e+01   0.089182500820897
   3.1455000e+01   0.111116017570897
   3.1460000e+01   0.131692961070897
   3.1465000e+01   0.14962536307089702
   3.1470000e+01   0.16389632782089703
   3.1475000e+01   0.17394046057089702
   3.1480000e+01   0.17974323594589703
   3.1485000e+01   0.18186372844089702
   3.1490000e+01  0.181377399810897
   3.1495000e+01  0.179728536060897
   3.1500000e+01  0.178492995060897
   3.1505000e+01   0.17908162181089698
   3.1510000e+01   0.182446542035897
   3.1515000e+01   0.188866699260897
   3.1520000e+01   0.197876263260897
   3.1525000e+01   0.208364725510897
   3.1530000e+01   0.218832699260897
   3.1535000e+01   0.227744567010897
   3.1540000e+01   0.233888287885897
   3.1545000e+01   0.236643721835897
   3.1550000e+01  0.23608129816089699
   3.1555000e+01  0.23286157018589698
   3.1560000e+01  0.22796879321089697
   3.1565000e+01  0.22236469021089697
   3.1570000e+01  0.21667098821089698
   3.1575000e+01  0.21097347171089698
   3.1580000e+01  0.204795073210897
   3.1585000e+01  0.19723036721089698
   3.1590000e+01  0.187188697710897
   3.1595000e+01  0.173670344210897
   3.1600000e+01  0.156001791710897
   3.1605000e+01  0.133976983710897
   3.1610000e+01  0.107882976210897
   3.1615000e+01  0.078421990460897
   3.1620000e+01  0.046569113460896996
   3.1625000e+01  0.013418055710896992
   3.1630000e+01  -0.019938694289103012
   3.1635000e+01  -0.052473048539103014
   3.1640000e+01  -0.08323774178910301
   3.1645000e+01  -0.11137008628910301
   3.1650000e+01  -0.136118993539103
   3.1655000e+01  -0.156907944789103
   3.1660000e+01  -0.173411513789103
   3.1665000e+01  -0.185599426539103
   3.1670000e+01  -0.19370843303910298
   3.1675000e+01  -0.198138144064103
   3.1680000e+01   -0.19931131892410298
   3.1685000e+01   -0.19756283188410298
   3.1690000e+01   -0.19310721350910298
   3.1695000e+01   -0.186088845259103
   3.1700000e+01   -0.17666933675910299
   3.1705000e+01   -0.16508556050910297
   3.1710000e+01   -0.15163521250910297
   3.1715000e+01   -0.13660203250910297
   3.1720000e+01   -0.12018413175910296
   3.1725000e+01   -0.10249917625910296
   3.1730000e+01   -0.08369699700910296
   3.1735000e+01   -0.06413692300910297
   3.1740000e+01   -0.04452955325910296
   3.1745000e+01   -0.025939409509102958
   3.1750000e+01   -0.009602746009102957
   3.1755000e+01   0.003394361740897042
   3.1760000e+01   0.012454264240897043
   3.1765000e+01   0.017672465540897044
   3.1770000e+01   0.019800063915897045
   3.1775000e+01  0.019950335440897044
   3.1780000e+01  0.019146910440897044
   3.1785000e+01  0.017888425965897042
   3.1790000e+01  0.015909133965897042
   3.1795000e+01  0.012238909465897042
   3.1800000e+01  0.0055415049408970435
   3.1805000e+01  -0.005404770059102958
   3.1810000e+01  -0.021270155309102957
   3.1815000e+01  -0.04193235280910296
   3.1820000e+01  -0.06648835830910296
   3.1825000e+01  -0.09347273305910296
   3.1830000e+01  -0.12117258605910296
   3.1835000e+01  -0.14792662505910295
   3.1840000e+01  -0.17233855455910296
   3.1845000e+01  -0.19339012805910297
   3.1850000e+01  -0.21047642430910296
   3.1855000e+01  -0.22339438530910297
   3.1860000e+01  -0.23230312955910296
   3.1865000e+01  -0.23765713253410295
   3.1870000e+01  -0.24010422818410296
   3.1875000e+01   -0.24034477170910296
   3.1880000e+01   -0.23896440970910296
   3.1885000e+01   -0.23627436435910296
   3.1890000e+01   -0.23221023875910296
   3.1895000e+01   -0.22634125240910297
   3.1900000e+01   -0.21801700240910296
   3.1905000e+01   -0.20662909240910296
   3.1910000e+01   -0.19190745865910297
   3.1915000e+01   -0.17413602765910297
   3.1920000e+01   -0.15418674615910297
   3.1925000e+01   -0.13333951015910298
   3.1930000e+01   -0.11295030915910298
   3.1935000e+01   -0.09410257540910298
   3.1940000e+01   -0.07738629315910298
   3.1945000e+01   -0.06288849565910297
   3.1950000e+01   -0.05037919990910297
   3.1955000e+01   -0.03959052065910297
   3.1960000e+01   -0.03045532640910297
   3.1965000e+01   -0.023205126409102973
   3.1970000e+01   -0.018301480209102973
   3.1975000e+01   -0.016250833784102973
   3.1980000e+01  -0.017394403084102974
   3.1985000e+01  -0.021759075859102976
   3.1990000e+01  -0.029013688359102976
   3.1995000e+01  -0.038524454859102976
   3.2000000e+01  -0.049470017609102974
   3.2005000e+01  -0.06097178410910298
   3.2010000e+01  -0.07221140585910298
   3.2015000e+01  -0.08252653185910297
   3.2020000e+01  -0.09148393185910297
   3.2025000e+01  -0.09892411385910298
   3.2030000e+01  -0.10496358760910297
   3.2035000e+01  -0.10994207835910297
   3.2040000e+01  -0.11431673923410297
   3.2045000e+01  -0.11852711345910297
   3.2050000e+01  -0.12287013885910297
   3.2055000e+01  -0.12742316448410299
   3.2060000e+01  -0.132033682209103
   3.2065000e+01  -0.136366728459103
   3.2070000e+01  -0.139979170609103
   3.2075000e+01  -0.142385538009103
   3.2080000e+01   -0.143094450319103
   3.2085000e+01   -0.141619544029103
   3.2090000e+01   -0.137489723779103
   3.2095000e+01   -0.130287636029103
   3.2100000e+01   -0.11972826402910301
   3.2105000e+01   -0.10575974102910302
   3.2110000e+01   -0.08864379527910302
   3.2115000e+01   -0.06897127302910301
   3.2120000e+01   -0.04759392827910301
   3.2125000e+01   -0.02549361352910301
   3.2130000e+01   -0.0036390890291030133
   3.2135000e+01   0.017120531970896986
   3.2140000e+01   0.03610684347089699
   3.2145000e+01   0.05282548222089699
   3.2150000e+01   0.06697546447089699
   3.2155000e+01   0.07847295897089698
   3.2160000e+01   0.08747588597089698
   3.2165000e+01   0.09437476222089698
   3.2170000e+01   0.09972378279589698
   3.2175000e+01   0.10411864782089698
   3.2180000e+01   0.10805983084589699
   3.2185000e+01   0.11184908719589699
   3.2190000e+01   0.115549182220897
   3.2195000e+01   0.119007641920897
   3.2200000e+01   0.12192470039589699
   3.2205000e+01   0.12394175919589699
   3.2210000e+01   0.124732745660897
   3.2215000e+01  0.124085004275897
   3.2220000e+01  0.121954500150897
   3.2225000e+01  0.118478402975897
   3.2230000e+01  0.113935537300897
   3.2235000e+01  0.10866341275089701
   3.2240000e+01  0.10296106675089702
   3.2245000e+01  0.09701710400089701
   3.2250000e+01  0.09089442050089701
   3.2255000e+01  0.084579513750897
   3.2260000e+01  0.07807579650089701
   3.2265000e+01  0.071500201500897
   3.2270000e+01  0.065139886000897
   3.2275000e+01  0.059442258750897
   3.2280000e+01  0.054939548150897
   3.2285000e+01  0.052136146525897
   3.2290000e+01   0.051400992518397
   3.2295000e+01   0.052902424135897
   3.2300000e+01   0.056602144610897
   3.2305000e+01   0.062298197985897
   3.2310000e+01   0.069686547485897
   3.2315000e+01   0.07840645623589701
   3.2320000e+01   0.08804888198589701
   3.2325000e+01   0.09813331123589701
   3.2330000e+01   0.10808333248589701
   3.2335000e+01   0.11723947498589701
   3.2340000e+01   0.12493125273589702
   3.2345000e+01   0.130595390935897
   3.2350000e+01   0.133894020010897
   3.2355000e+01  0.13477715475339702
   3.2360000e+01  0.13345588742089703
   3.2365000e+01  0.13029326524589704
   3.2370000e+01  0.12565405602089705
   3.2375000e+01  0.11976485277089705
   3.2380000e+01  0.11262330952089705
   3.2385000e+01  0.10397450752089706
   3.2390000e+01  0.09335665527089705
   3.2395000e+01  0.08020911077089705
   3.2400000e+01  0.06402685977089706
   3.2405000e+01  0.04453366077089706
   3.2410000e+01  0.021835414520897056
   3.2415000e+01  -0.0034867972291029448
   3.2420000e+01  -0.030375141479102943
   3.2425000e+01  -0.05739759047910295
   3.2430000e+01  -0.08294349572910295
   3.2435000e+01  -0.10547500197910295
   3.2440000e+01  -0.12377413022910295
   3.2445000e+01  -0.13711606772910295
   3.2450000e+01  -0.14531495947910295
   3.2455000e+01  -0.14863061445410294
   3.2460000e+01   -0.14757767420410295
   3.2465000e+01   -0.14271679797910294
   3.2470000e+01   -0.13450928872910295
   3.2475000e+01   -0.12328053997910295
   3.2480000e+01   -0.10928280047910294
   3.2485000e+01   -0.09280253397910293
   3.2490000e+01   -0.07424389622910293
   3.2495000e+01   -0.05414168597910293
   3.2500000e+01   -0.03310029147910293
   3.2505000e+01   -0.01169557722910293
   3.2510000e+01   0.009606607770897068
   3.2515000e+01   0.03047550777089707
   3.2520000e+01   0.05067864427089708
   3.2525000e+01   0.07001150102089708
   3.2530000e+01   0.08823650477089709
   3.2535000e+01   0.10506270177089709
   3.2540000e+01   0.12016954577089708
   3.2545000e+01   0.1332517305208971
   3.2550000e+01   0.1440524967708971
   3.2555000e+01   0.1523640965208971
   3.2560000e+01   0.1579970346958971
   3.2565000e+01   0.16073946699589708
   3.2570000e+01  0.1603342261208971
   3.2575000e+01  0.15649304462089708
   3.2580000e+01  0.1489528903708971
   3.2585000e+01  0.1375650538708971
   3.2590000e+01  0.12239558637089709
   3.2595000e+01  0.1038050118708971
   3.2600000e+01  0.08246894062089709
   3.2605000e+01  0.059308219120897086
   3.2610000e+01  0.03532507287089709
   3.2615000e+01  0.011385254120897092
   3.2620000e+01  -0.011975473629102909
   3.2625000e+01  -0.03463520962910291
   3.2630000e+01  -0.056811876629102906
   3.2635000e+01  -0.07885120687910291
   3.2640000e+01  -0.10096249962910292
   3.2645000e+01  -0.12301597162910292
   3.2650000e+01  -0.14448957137910293
   3.2655000e+01  -0.16458538237910292
   3.2660000e+01  -0.18246024812910291
   3.2665000e+01  -0.19746956362910292
   3.2670000e+01  -0.20932824037910291
   3.2675000e+01  -0.21814194262910291
   3.2680000e+01  -0.2243248993791029
   3.2685000e+01  -0.2284629832291029
   3.2690000e+01  -0.2311835007041029
   3.2695000e+01  -0.2330636100541029
   3.2700000e+01  -0.2345732628041029
   3.2705000e+01  -0.2360310751041029
   3.2710000e+01  -0.2375604942041029
   3.2715000e+01  -0.2390572020041029
   3.2720000e+01  -0.24019585150410291
   3.2725000e+01   -0.2404994880966029
   3.2730000e+01   -0.2394681506391029
   3.2735000e+01   -0.2367293515391029
   3.2740000e+01   -0.2321541019641029
   3.2745000e+01   -0.2258926822141029
   3.2750000e+01   -0.2183217739641029
   3.2755000e+01   -0.2099383509641029
   3.2760000e+01   -0.2012594374641029
   3.2765000e+01   -0.19277538721410292
   3.2770000e+01   -0.18496465671410292
   3.2775000e+01   -0.1783353814641029
   3.2780000e+01   -0.1734410040391029
   3.2785000e+01   -0.1708360980141029
   3.2790000e+01  -0.1709831921641029
   3.2795000e+01  -0.1741630470891029
   3.2800000e+01  -0.1804502760141029
   3.2805000e+01  -0.18978275576410292
   3.2810000e+01  -0.20209390726410292
   3.2815000e+01  -0.21742825601410293
   3.2820000e+01  -0.23595667076410293
   3.2825000e+01  -0.2578563872641029
   3.2830000e+01  -0.2830966860141029
   3.2835000e+01  -0.31122924101410293
   3.2840000e+01  -0.34128756626410295
   3.2845000e+01  -0.3718499332641029
   3.2850000e+01  -0.40124528301410295
   3.2855000e+01  -0.4278247595141029
   3.2860000e+01  -0.4502096292641029
   3.2865000e+01  -0.4674562762641029
   3.2870000e+01  -0.47912424826410294
   3.2875000e+01  -0.4852656551641029
   3.2880000e+01   -0.48636191453910294
   3.2885000e+01   -0.48322532126410295
   3.2890000e+01   -0.4768750522641029
   3.2895000e+01   -0.46839977951410294
   3.2900000e+01   -0.45882783826410295
   3.2905000e+01   -0.44902878676410296
   3.2910000e+01   -0.43965985776410293
   3.2915000e+01   -0.4311522857641029
   3.2920000e+01   -0.42371914676410294
   3.2925000e+01   -0.41736800101410293
   3.2930000e+01   -0.41191596176410294
   3.2935000e+01   -0.40701939156410294
   3.2940000e+01   -0.40223285033910294
   3.2945000e+01   -0.3970990395641029
   3.2950000e+01   -0.3912510690641029
   3.2955000e+01   -0.3844936413141029
   3.2960000e+01   -0.3768316068141029
   3.2965000e+01   -0.3684352033141029
   3.2970000e+01   -0.3595625340641029
   3.2975000e+01   -0.3504844448141029
   3.2980000e+01   -0.3414580670641029
   3.2985000e+01   -0.3327674318141029
   3.2990000e+01   -0.3248051115641029
   3.2995000e+01   -0.3181336255641029
   3.3000000e+01   -0.3134638958641029
   3.3005000e+01   -0.3115274571866029
   3.3010000e+01  -0.3128817043841029
   3.3015000e+01  -0.3177379128091029
   3.3020000e+01  -0.3259065290591029
   3.3025000e+01  -0.3369029930591029
   3.3030000e+01  -0.35017354030910286
   3.3035000e+01  -0.36533127255910286
   3.3040000e+01  -0.38228168205910285
   3.3045000e+01  -0.40117422930910285
   3.3050000e+01  -0.4222102733091028
   3.3055000e+01  -0.44541179705910283
   3.3060000e+01  -0.47046696905910285
   3.3065000e+01  -0.49671555330910283
   3.3070000e+01  -0.5232575883091029
   3.3075000e+01  -0.5491124818091029
   3.3080000e+01  -0.5733506253091029
   3.3085000e+01  -0.5951572555591028
   3.3090000e+01  -0.6138362783091028
   3.3095000e+01  -0.6287903813091028
   3.3100000e+01  -0.6395139188091028
   3.3105000e+01  -0.6456171486841028
   3.3110000e+01   -0.6468801128091028
   3.3115000e+01   -0.6433204505591028
   3.3120000e+01   -0.6352519865591028
   3.3125000e+01   -0.6233082670591028
   3.3130000e+01   -0.6084087250591028
   3.3135000e+01   -0.5916579955591028
   3.3140000e+01   -0.5741903443091028
   3.3145000e+01   -0.5569932288091027
   3.3150000e+01   -0.5407547033091027
   3.3155000e+01   -0.5257711625591027
   3.3160000e+01   -0.5119288103091028
   3.3165000e+01   -0.49874878680910273
   3.3170000e+01   -0.48547682205910275
   3.3175000e+01   -0.47120610505910276
   3.3180000e+01   -0.45503353805910274
   3.3185000e+01   -0.4362462250591027
   3.3190000e+01   -0.41451049205910273
   3.3195000e+01   -0.3900046518091027
   3.3200000e+01   -0.36342661305910273
   3.3205000e+01   -0.3358378655591027
   3.3210000e+01   -0.30837080755910273
   3.3215000e+01   -0.2818957673091027
   3.3220000e+01   -0.2567778848091027
   3.3225000e+01   -0.2328278228091027
   3.3230000e+01   -0.2094706855591027
   3.3235000e+01   -0.1860613123091027
   3.3240000e+01   -0.1622096913091027
   3.3245000e+01   -0.1379806398091027
   3.3250000e+01   -0.11389500730910268
   3.3255000e+01   -0.09074963555910268
   3.3260000e+01   -0.06934362580910268
   3.3265000e+01   -0.05022045455910268
   3.3270000e+01   -0.03351132205910268
   3.3275000e+01   -0.018917822809102678
   3.3280000e+01   -0.005824944309102678
   3.3285000e+01   0.006499701940897322
   3.3290000e+01   0.018684327940897322
   3.3295000e+01   0.03107474169089732
   3.3300000e+01   0.04364630819089732
   3.3305000e+01   0.056018749440897325
   3.3310000e+01   0.06755228319089733
   3.3315000e+01   0.07748657869089733
   3.3320000e+01   0.08508897244089733
   3.3325000e+01   0.08979359891589733
   3.3330000e+01  0.09132085105089734
   3.3335000e+01  0.08975943411089733
   3.3340000e+01  0.08558102476089734
   3.3345000e+01  0.07955893876089734
   3.3350000e+01  0.07258862501089734
   3.3355000e+01  0.06545219876089733
   3.3360000e+01  0.05860821401089733
   3.3365000e+01  0.05209522776089733
   3.3370000e+01  0.045600908010897334
   3.3375000e+01  0.03867865326089733
   3.3380000e+01  0.031022970510897332
   3.3385000e+01  0.022680612260897334
   3.3390000e+01  0.014098642260897335
   3.3395000e+01  0.005985444760897334
   3.3400000e+01  -0.0009494409891026654
   3.3405000e+01  -0.006251801739102666
   3.3410000e+01  -0.009854617089102666
   3.3415000e+01  -0.012031526064102665
   3.3420000e+01  -0.013214640214102666
   3.3425000e+01  -0.013792789376602665
   3.3430000e+01  -0.014013034939102666
   3.3435000e+01   -0.014041367398352666
   3.3440000e+01  -0.014136028675102667
   3.3445000e+01  -0.014812095492602666
   3.3450000e+01  -0.016876943217602667
   3.3455000e+01  -0.021292595867602668
   3.3460000e+01  -0.028923305867602667
   3.3465000e+01  -0.04029068586760266
   3.3470000e+01  -0.05544854936760266
   3.3475000e+01  -0.07401864036760267
   3.3480000e+01  -0.09534479161760268
   3.3485000e+01  -0.11867509586760268
   3.3490000e+01  -0.14328912811760267
   3.3495000e+01  -0.16853507736760265
   3.3500000e+01  -0.19379560761760264
   3.3505000e+01  -0.21843172661760266
   3.3510000e+01  -0.24175190261760265
   3.3515000e+01  -0.26303054386760266
   3.3520000e+01  -0.28157406611760266
   3.3525000e+01  -0.29681489161760266
   3.3530000e+01  -0.3084036481176027
   3.3535000e+01  -0.3162647333676027
   3.3540000e+01  -0.32058382811760266
   3.3545000e+01   -0.32171584461760266
   3.3550000e+01   -0.32003846386760265
   3.3555000e+01   -0.31581365186760263
   3.3560000e+01   -0.30913107936760265
   3.3565000e+01   -0.2999762068676026
   3.3570000e+01   -0.2884009818676026
   3.3575000e+01   -0.2747108818676026
   3.3580000e+01   -0.2595582881176026
   3.3585000e+01   -0.24386883061760262
   3.3590000e+01   -0.22861004936760262
   3.3595000e+01   -0.2144978736176026
   3.3600000e+01   -0.2017781853676026
   3.3605000e+01   -0.19019204736760262
   3.3610000e+01   -0.17914554486760262
   3.3615000e+01   -0.16800312786760263
   3.3620000e+01   -0.15636108036760263
   3.3625000e+01   -0.14416941161760263
   3.3630000e+01   -0.13165045786760263
   3.3635000e+01   -0.11906768161760263
   3.3640000e+01   -0.10647179761760263
   3.3645000e+01   -0.09355525636760263
   3.3650000e+01   -0.07968218561760262
   3.3655000e+01   -0.06406877511760262
   3.3660000e+01   -0.04602111211760262
   3.3665000e+01   -0.025127000617602615
   3.3670000e+01   -0.001341832617602616
   3.3675000e+01   0.025027670632397383
   3.3680000e+01   0.05339362913239738
   3.3685000e+01   0.08295865438239738
   3.3690000e+01   0.11276582413239739
   3.3695000e+01   0.1417416611323974
   3.3700000e+01   0.1687674156323974
   3.3705000e+01   0.19280441788239738
   3.3710000e+01   0.21306395863239738
   3.3715000e+01   0.22916981763239738
   3.3720000e+01   0.24123751638239738
   3.3725000e+01   0.24980905113239738
   3.3730000e+01   0.25563799083239735
   3.3735000e+01   0.25939520800739735
   3.3740000e+01   0.26141980668239734
   3.3745000e+01  0.2616362353073973
   3.3750000e+01  0.25968895150739735
   3.3755000e+01  0.25524108628239733
   3.3760000e+01  0.24829839828239733
   3.3765000e+01  0.23940169678239734
   3.3770000e+01  0.22959086028239734
   3.3775000e+01  0.22015022853239732
   3.3780000e+01  0.2122439975323973
   3.3785000e+01  0.2065942921323973
   3.3790000e+01  0.2033273806823973
   3.3795000e+01  0.2020334589398973
   3.3800000e+01   0.2019927955548973
   3.3805000e+01   0.2024571680123973
   3.3810000e+01   0.2028652505348973
   3.3815000e+01  0.2029140570648973
   3.3820000e+01  0.20248344999739729
   3.3825000e+01  0.2014824528223973
   3.3830000e+01  0.1997211805473973
   3.3835000e+01  0.1968923180473973
   3.3840000e+01  0.1926788265473973
   3.3845000e+01  0.1869246127223973
   3.3850000e+01  0.1797594142223973
   3.3855000e+01  0.1715899854723973
   3.3860000e+01  0.1629487034723973
   3.3865000e+01  0.1542795077223973
   3.3870000e+01  0.1457811239723973
   3.3875000e+01  0.13739157147239728
   3.3880000e+01  0.1289104104723973
   3.3885000e+01  0.1201742932223973
   3.3890000e+01  0.1111775004723973
   3.3895000e+01  0.1020718574723973
   3.3900000e+01  0.0930570267223973
   3.3905000e+01  0.08423386597239729
   3.3910000e+01  0.0755070017223973
   3.3915000e+01  0.0665868057223973
   3.3920000e+01  0.057082186722397295
   3.3925000e+01  0.04662982047239729
   3.3930000e+01  0.03499641947239729
   3.3935000e+01  0.02211757772239729
   3.3940000e+01  0.00807717222239729
   3.3945000e+01  -0.00694196827760271
   3.3950000e+01  -0.022705374277602712
   3.3955000e+01  -0.03895976752760271
   3.3960000e+01  -0.05545595702760271
   3.3965000e+01  -0.07196880202760271
   3.3970000e+01  -0.0883118782776027
   3.3975000e+01  -0.1043361900276027
   3.3980000e+01  -0.1199044517776027
   3.3985000e+01  -0.1348433045276027
   3.3990000e+01  -0.14888684802760271
   3.3995000e+01  -0.16163066127760273
   3.4000000e+01  -0.17251722552760274
   3.4005000e+01  -0.18087319702760274
   3.4010000e+01  -0.18601210080260275
   3.4015000e+01   -0.18739541697760276
   3.4020000e+01   -0.18481172935260276
   3.4025000e+01   -0.17850455632760276
   3.4030000e+01   -0.16917957107760276
   3.4035000e+01   -0.15786363432760275
   3.4040000e+01   -0.14565618732760274
   3.4045000e+01   -0.13347028857760274
   3.4050000e+01   -0.12186988632760273
   3.4055000e+01   -0.11106291757760273
   3.4060000e+01   -0.10103188532760272
   3.4065000e+01   -0.09171825557760273
   3.4070000e+01   -0.08315916207760272
   3.4075000e+01   -0.07551108507760272
   3.4080000e+01   -0.06896262232760272
   3.4085000e+01   -0.06360023460260272
   3.4090000e+01   -0.05931609995260272
   3.4095000e+01   -0.055825374402602726
   3.4100000e+01   -0.052803355477602724
   3.4105000e+01   -0.050088690777602723
   3.4110000e+01   -0.04785740205260272
   3.4115000e+01   -0.04667530041510272
   3.4120000e+01  -0.04738537902760272
   3.4125000e+01  -0.05086137995260272
   3.4130000e+01  -0.05772294020260272
   3.4135000e+01  -0.06812809845260272
   3.4140000e+01  -0.08172439295260271
   3.4145000e+01  -0.09776910795260271
   3.4150000e+01  -0.11535933720260272
   3.4155000e+01  -0.13367545545260273
   3.4160000e+01  -0.15214770595260274
   3.4165000e+01  -0.17049407495260274
   3.4170000e+01  -0.18862892845260273
   3.4175000e+01  -0.20648879170260273
   3.4180000e+01  -0.22385139270260274
   3.4185000e+01  -0.24022677970260273
   3.4190000e+01  -0.25487071795260274
   3.4195000e+01  -0.26691866370260275
   3.4200000e+01  -0.27558514595260275
   3.4205000e+01  -0.28034438877760276
   3.4210000e+01   -0.2810184848526028
   3.4215000e+01   -0.27774421835260277
   3.4220000e+01   -0.27084688460260276
   3.4225000e+01   -0.26069267035260274
   3.4230000e+01   -0.24760088085260273
   3.4235000e+01   -0.23186758310260275
   3.4240000e+01   -0.21389302035260274
   3.4245000e+01   -0.19434145785260273
   3.4250000e+01   -0.17422721335260274
   3.4255000e+01   -0.15484047160260275
   3.4260000e+01   -0.13750103760260274
   3.4265000e+01   -0.12322341110260274
   3.4270000e+01   -0.11243854410260273
   3.4275000e+01   -0.10490491035260273
   3.4280000e+01   -0.09985473917760274
   3.4285000e+01   -0.09630724022760273
   3.4290000e+01   -0.09340449485260273
   3.4295000e+01   -0.09062926512760273
   3.4300000e+01   -0.08783975195260274
   3.4305000e+01   -0.08515485395260274
   3.4310000e+01   -0.08278746352760273
   3.4315000e+01   -0.08092330935260274
   3.4320000e+01   -0.07969066227760274
   3.4325000e+01   -0.07920114817760274
   3.4330000e+01  -0.07960291875260274
   3.4335000e+01  -0.08109112870260274
   3.4340000e+01  -0.08385670685260274
   3.4345000e+01  -0.08799694260260274
   3.4350000e+01  -0.09343643010260275
   3.4355000e+01  -0.09990439635260275
   3.4360000e+01  -0.10698971060260275
   3.4365000e+01  -0.11426142910260274
   3.4370000e+01  -0.12141369635260274
   3.4375000e+01  -0.12837821935260274
   3.4380000e+01  -0.13535112235260274
   3.4385000e+01  -0.14270670135260274
   3.4390000e+01  -0.15081484885260274
   3.4395000e+01  -0.15982705785260273
   3.4400000e+01  -0.16952436885260275
   3.4405000e+01  -0.17930869310260275
   3.4410000e+01  -0.18836382210260275
   3.4415000e+01  -0.19593551810260273
   3.4420000e+01  -0.20161803857760274
   3.4425000e+01  -0.20551995210260274
   3.4430000e+01  -0.20822634815260274
   3.4435000e+01  -0.21056119845260274
   3.4440000e+01  -0.21324570085260275
   3.4445000e+01  -0.21660332682760275
   3.4450000e+01  -0.22044966400260274
   3.4455000e+01  -0.22422295257760275
   3.4460000e+01  -0.22729303420260275
   3.4465000e+01  -0.22929163990260273
   3.4470000e+01  -0.23029140072760274
   3.4475000e+01  -0.23074098097010273
   3.4480000e+01  -0.23119832303760274
   3.4485000e+01  -0.23201430716260274
   3.4490000e+01  -0.23313805178760275
   3.4495000e+01  -0.23413345993760273
   3.4500000e+01   -0.23437043001260274
   3.4505000e+01   -0.23326501633760274
   3.4510000e+01   -0.23044107758760274
   3.4515000e+01   -0.22575930973760275
   3.4520000e+01   -0.21924900323760274
   3.4525000e+01   -0.21102432973760274
   3.4530000e+01   -0.20125071798760275
   3.4535000e+01   -0.19017240023760273
   3.4540000e+01   -0.17816212098760273
   3.4545000e+01   -0.16573769123760274
   3.4550000e+01   -0.15350983323760273
   3.4555000e+01   -0.14206373598760272
   3.4560000e+01   -0.13181047023760273
   3.4565000e+01   -0.12285848598760273
   3.4570000e+01   -0.11494600098760273
   3.4575000e+01   -0.10744975423760272
   3.4580000e+01   -0.09945955823760272
   3.4585000e+01   -0.08989608123760272
   3.4590000e+01   -0.07765548323760271
   3.4595000e+01   -0.06177795323760271
   3.4600000e+01   -0.041639100987602706
   3.4605000e+01   -0.017143124237602704
   3.4610000e+01   0.011135148762397296
   3.4615000e+01   0.041928846762397304
   3.4620000e+01   0.0734250705123973
   3.4625000e+01   0.1035635567623973
   3.4630000e+01   0.1304030630123973
   3.4635000e+01   0.1524342647623973
   3.4640000e+01   0.1687408647623973
   3.4645000e+01   0.1789820027623973
   3.4650000e+01   0.18324845488739733
   3.4655000e+01  0.18188895473739733
   3.4660000e+01  0.17539168946239733
   3.4665000e+01  0.16435291921239734
   3.4670000e+01  0.14950381996239734
   3.4675000e+01  0.13173173796239734
   3.4680000e+01  0.11203966246239734
   3.4685000e+01  0.09143141171239734
   3.4690000e+01  0.07076403446239735
   3.4695000e+01  0.05064033971239734
   3.4700000e+01  0.03140128171239734
   3.4705000e+01  0.01322491596239734
   3.4710000e+01  -0.003721748037602661
   3.4715000e+01  -0.01915958928760266
   3.4720000e+01  -0.03266193078760266
   3.4725000e+01  -0.04371097628760266
   3.4730000e+01  -0.05180308153760266
   3.4735000e+01  -0.056549578737602656
   3.4740000e+01   -0.05774383653760266
   3.4745000e+01   -0.05539578561260266
   3.4750000e+01   -0.04974701783760266
   3.4755000e+01   -0.04127050783760266
   3.4760000e+01   -0.030646402837602657
   3.4765000e+01   -0.018705963837602656
   3.4770000e+01   -0.006349833337602657
   3.4775000e+01   0.005539903662397344
   3.4780000e+01   0.016175444162397343
   3.4785000e+01   0.024923650412397344
   3.4790000e+01   0.03136377466239734
   3.4795000e+01   0.035355466712397345
   3.4800000e+01   0.037109735862397346
   3.4805000e+01  0.03722675621239734
   3.4810000e+01  0.036649989062397345
   3.4815000e+01   0.03650435467489734
   3.4820000e+01   0.03783559561239734
   3.4825000e+01   0.04132390983739734
   3.4830000e+01   0.04707340913739734
   3.4835000e+01   0.05455954138739734
   3.4840000e+01   0.06275751538739734
   3.4845000e+01   0.07040755088739734
   3.4850000e+01   0.07633025391239734
   3.4855000e+01   0.07970059156239734
   3.4860000e+01  0.08021177223739734
   3.4865000e+01  0.07809281966239734
   3.4870000e+01  0.07397697638739734
   3.4875000e+01  0.06865491223739734
   3.4880000e+01  0.06278733423739734
   3.4885000e+01  0.05668081773739734
   3.4890000e+01  0.05022283123739734
   3.4895000e+01  0.04301337323739734
   3.4900000e+01  0.03463982373739734
   3.4905000e+01  0.02496547273739734
   3.4910000e+01  0.01428763123739734
   3.4915000e+01  0.0032825184873973377
   3.4920000e+01  -0.007238793012602664
   3.4925000e+01  -0.016643018012602664
   3.4930000e+01  -0.024700845762602664
   3.4935000e+01  -0.031615528762602665
   3.4940000e+01  -0.03784261001260267
   3.4945000e+01  -0.04379597401260267
   3.4950000e+01  -0.04959539651260267
   3.4955000e+01  -0.05499160451260267
   3.4960000e+01  -0.05951126338760267
   3.4965000e+01  -0.06274113633760267
   3.4970000e+01  -0.06458534933760267
   3.4975000e+01  -0.06533691818760266
   3.4980000e+01  -0.06550980326535266
   3.4985000e+01  -0.06552440366560267
   3.4990000e+01   -0.06543724014810266
   3.4995000e+01   -0.06488707835810266
   3.5000000e+01   -0.06329933083310266
   3.5005000e+01   -0.06022801278310266
   3.5010000e+01   -0.05562476148310266
   3.5015000e+01   -0.049866806983102654
   3.5020000e+01   -0.043523579483102655
   3.5025000e+01   -0.03700126898310265
   3.5030000e+01   -0.030279070233102653
   3.5035000e+01   -0.022900415233102652
   3.5040000e+01   -0.014242922483102652
   3.5045000e+01   -0.003943183483102653
   3.5050000e+01   0.007727057016897347
   3.5055000e+01   0.019714865516897346
   3.5060000e+01   0.030346670016897344
   3.5065000e+01   0.03773801726689734
   3.5070000e+01  0.04029514737689734
   3.5075000e+01  0.037126530986897346
   3.5080000e+01  0.028236079486897346
   3.5085000e+01  0.014466235486897346
   3.5090000e+01  -0.002751562513102653
   3.5095000e+01  -0.021735138013102655
   3.5100000e+01  -0.04087618376310266
   3.5105000e+01  -0.05887973551310266
   3.5110000e+01  -0.07488530951310265
   3.5115000e+01  -0.08847100926310265
   3.5120000e+01  -0.09957065926310266
   3.5125000e+01  -0.10835399526310266
   3.5130000e+01  -0.11512245551310266
   3.5135000e+01  -0.12025133041310265
   3.5140000e+01  -0.12416990713810265
   3.5145000e+01  -0.12733823496310265
   3.5150000e+01  -0.13017870226310266
   3.5155000e+01  -0.13296002823810266
   3.5160000e+01  -0.13568611616310267
   3.5165000e+01  -0.13806858956310267
   3.5170000e+01  -0.13962948201310266
   3.5175000e+01   -0.13990238578310266
   3.5180000e+01   -0.13863040955310266
   3.5185000e+01   -0.13585402125310267
   3.5190000e+01   -0.13185286102810267
   3.5195000e+01   -0.12700443240310266
   3.5200000e+01   -0.12167486515310266
   3.5205000e+01   -0.11622105865310266
   3.5210000e+01   -0.11108529190310265
   3.5215000e+01   -0.10687728630310266
   3.5220000e+01   -0.10433054862810266
   3.5225000e+01  -0.10409781710310266
   3.5230000e+01  -0.10646189762810267
   3.5235000e+01  -0.11110999935310267
   3.5240000e+01  -0.11710759885310268
   3.5245000e+01  -0.12311941585310268
   3.5250000e+01  -0.1278078407031027
   3.5255000e+01  -0.1302509072781027
   3.5260000e+01   -0.1302038252531027
   3.5265000e+01   -0.1280900549531027
   3.5270000e+01   -0.12472545022810269
   3.5275000e+01   -0.1209008676781027
   3.5280000e+01   -0.1170164198281027
   3.5285000e+01   -0.11293678692810269
   3.5290000e+01   -0.1081284310031027
   3.5295000e+01   -0.1019987847531027
   3.5300000e+01   -0.0942574287531027
   3.5305000e+01   -0.0851130992531027
   3.5310000e+01   -0.0752111207531027
   3.5315000e+01   -0.0653543137531027
   3.5320000e+01   -0.0561623235031027
   3.5325000e+01   -0.047850512003102696
   3.5330000e+01   -0.0402371767531027
   3.5335000e+01   -0.0329569450031027
   3.5340000e+01   -0.025741165753102698
   3.5345000e+01   -0.0185895632531027
   3.5350000e+01   -0.0117243912531027
   3.5355000e+01   -0.005352248253102699
   3.5360000e+01   0.0006185437468973019
   3.5365000e+01   0.0067194892468973024
   3.5370000e+01   0.013808332246897303
   3.5375000e+01   0.0227255052468973
   3.5380000e+01   0.0338731684968973
   3.5385000e+01   0.0469163382468973
   3.5390000e+01   0.0607524367468973
   3.5395000e+01   0.0737755817468973
   3.5400000e+01   0.0843357784968973
   3.5405000e+01   0.0912160627718973
   3.5410000e+01   0.0939504745218973
   3.5415000e+01  0.0928771996718973
   3.5420000e+01  0.08893137459689729
   3.5425000e+01  0.08328342384689728
   3.5430000e+01  0.07697818034689728
   3.5435000e+01  0.07070811259689729
   3.5440000e+01  0.06477576784689729
   3.5445000e+01  0.059208303096897286
   3.5450000e+01  0.05392758534689729
   3.5455000e+01  0.04887879912189729
   3.5460000e+01  0.044070877146897294
   3.5465000e+01  0.03954808374689729
   3.5470000e+01  0.03535282807189729
   3.5475000e+01  0.03153295122189729
   3.5480000e+01  0.02820124639689729
   3.5485000e+01  0.025604456446897288
   3.5490000e+01  0.024139415146897287
   3.5495000e+01   0.024279658771897288
   3.5500000e+01   0.02643018284689729
   3.5505000e+01   0.03077580019689729
   3.5510000e+01   0.03719990544689729
   3.5515000e+01   0.04531902069689729
   3.5520000e+01   0.05462221494689729
   3.5525000e+01   0.0646522879468973
   3.5530000e+01   0.0751422584468973
   3.5535000e+01   0.0860378096968973
   3.5540000e+01   0.09738898844689729
   3.5545000e+01   0.10916103669689729
   3.5550000e+01   0.12106208819689729
   3.5555000e+01   0.1324856254468973
   3.5560000e+01   0.1426118059468973
   3.5565000e+01   0.1506293609468973
   3.5570000e+01   0.1559738695468973
   3.5575000e+01   0.1584666455218973
   3.5580000e+01  0.1582883078718973
   3.5585000e+01  0.1558051090218973
   3.5590000e+01  0.15133951244689728
   3.5595000e+01  0.1450016481968973
   3.5600000e+01  0.1366632126968973
   3.5605000e+01  0.1260794364468973
   3.5610000e+01  0.11308905244689729
   3.5615000e+01  0.0977879866968973
   3.5620000e+01  0.0805966344468973
   3.5625000e+01  0.0622041761968973
   3.5630000e+01  0.04343440394689729
   3.5635000e+01  0.025100931696897293
   3.5640000e+01  0.007901581196897291
   3.5645000e+01  -0.00763262230310271
   3.5650000e+01  -0.02114020930310271
   3.5655000e+01  -0.03239168005310271
   3.5660000e+01  -0.041215985553102706
   3.5665000e+01  -0.047405059353102706
   3.5670000e+01  -0.0506332659281027
   3.5675000e+01   -0.050445416828102704
   3.5680000e+01   -0.0463555664531027
   3.5685000e+01   -0.0380537812031027
   3.5690000e+01   -0.025657497203102703
   3.5695000e+01   -0.009899976703102702
   3.5700000e+01   0.007850879796897296
   3.5705000e+01   0.025795717046897298
   3.5710000e+01   0.0420910042968973
   3.5715000e+01   0.0552952902968973
   3.5720000e+01   0.0647083105468973
   3.5725000e+01   0.0704678903468973
   3.5730000e+01   0.0733653949718973
   3.5735000e+01   0.0744599588643973
   3.5740000e+01  0.07465750339439729
   3.5745000e+01  0.0744279310918973
   3.5750000e+01  0.0737570511018973
   3.5755000e+01  0.0723089097768973
   3.5760000e+01  0.0696752411518973
   3.5765000e+01  0.0655651862768973
   3.5770000e+01  0.059848789426897295
   3.5775000e+01  0.05247134067689729
   3.5780000e+01  0.04333886392689729
   3.5785000e+01  0.03228985992689729
   3.5790000e+01  0.01920787367689729
   3.5795000e+01  0.0042288369268972895
   3.5800000e+01  -0.012085640073102708
   3.5805000e+01  -0.028751149323102708
   3.5810000e+01  -0.04460727482310271
   3.5815000e+01  -0.058743582323102714
   3.5820000e+01  -0.07091824557310271
   3.5825000e+01  -0.08174546357310271
   3.5830000e+01  -0.0925107595731027
   3.5835000e+01  -0.10464652707310271
   3.5840000e+01  -0.11907803882310271
   3.5845000e+01  -0.13573536607310271
   3.5850000e+01  -0.1534655850731027
   3.5855000e+01  -0.1703957128231027
   3.5860000e+01  -0.1845821045731027
   3.5865000e+01  -0.1946492748231027
   3.5870000e+01  -0.2001410403981027
   3.5875000e+01   -0.2014667707981027
   3.5880000e+01   -0.1995346406981027
   3.5885000e+01   -0.1953054830231027
   3.5890000e+01   -0.1895012107731027
   3.5895000e+01   -0.1825723997731027
   3.5900000e+01   -0.17485744227310268
   3.5905000e+01   -0.1667566617731027
   3.5910000e+01   -0.15875852852310268
   3.5915000e+01   -0.15127226402310268
   3.5920000e+01   -0.14436202102310267
   3.5925000e+01   -0.13755599627310267
   3.5930000e+01   -0.12987695152310266
   3.5935000e+01   -0.12012875027310266
   3.5940000e+01   -0.10734004352310265
   3.5945000e+01   -0.09117995102310265
   3.5950000e+01   -0.07216243652310265
   3.5955000e+01   -0.05154392227310266
   3.5960000e+01   -0.030951236273102655
   3.5965000e+01   -0.011892782773102656
   3.5970000e+01   0.004649089226897343
   3.5975000e+01   0.018392390476897346
   3.5980000e+01   0.029656330976897346
   3.5985000e+01   0.03906967272689735
   3.5990000e+01   0.047239764976897344
   3.5995000e+01   0.05453018547689734
   3.6000000e+01   0.06102421722689734
   3.6005000e+01   0.06665523597689735
   3.6010000e+01   0.07140808770189735
   3.6015000e+01   0.07546843890189736
   3.6020000e+01   0.07922900622689737
   3.6025000e+01   0.08313900910189737
   3.6030000e+01   0.08747237915189737
   3.6035000e+01   0.09214642847689737
   3.6040000e+01   0.09670998562689737
   3.6045000e+01   0.10053559890189737
   3.6050000e+01   0.10313490450189737
   3.6055000e+01   0.10443644012689737
   3.6060000e+01   0.10487393708439738
   3.6065000e+01   0.10523208806689738
   3.6070000e+01   0.10632991934189738
   3.6075000e+01   0.10870839664189738
   3.6080000e+01   0.11247553939189738
   3.6085000e+01   0.11735951314189738
   3.6090000e+01   0.12289582914189738
   3.6095000e+01   0.12860921264189737
   3.6100000e+01   0.13408312639189737
   3.6105000e+01   0.13891302076689738
   3.6110000e+01   0.14263857916689737
   3.6115000e+01   0.14477428901689737
   3.6120000e+01  0.14498658589189736
   3.6125000e+01  0.14334518906689736
   3.6130000e+01  0.14048881684189737
   3.6135000e+01  0.13755733534189737
   3.6140000e+01  0.13585776581689737
   3.6145000e+01   0.13638608391689738
   3.6150000e+01   0.1394259210918974
   3.6155000e+01   0.14442472579189738
   3.6160000e+01   0.1502153010418974
   3.6165000e+01   0.15548073941689738
   3.6170000e+01   0.15924801611689737
   3.6175000e+01   0.16119673541689739
   3.6180000e+01  0.16167477715439738
   3.6185000e+01  0.16145796243939736
   3.6190000e+01   0.16139949835939738
   3.6195000e+01   0.16213831910689738
   3.6200000e+01   0.16397348538189738
   3.6205000e+01   0.16690679653189738
   3.6210000e+01   0.17076700268189737
   3.6215000e+01   0.17530204515689737
   3.6220000e+01   0.18017020670689737
   3.6225000e+01   0.18484680210689738
   3.6230000e+01   0.18853683423189738
   3.6235000e+01   0.19019874635939737
   3.6240000e+01  0.18872654263689737
   3.6245000e+01  0.18323809301189736
   3.6250000e+01  0.17333723226189737
   3.6255000e+01  0.15921138851189737
   3.6260000e+01  0.14150674501189736
   3.6265000e+01  0.12104461576189736
   3.6270000e+01  0.09852994926189736
   3.6275000e+01  0.07439955576189736
   3.6280000e+01  0.048867259511897354
   3.6285000e+01  0.02210600776189735
   3.6290000e+01  -0.005563682238102649
   3.6295000e+01  -0.03359726498810265
   3.6300000e+01  -0.06130338148810265
   3.6305000e+01  -0.08802713948810266
   3.6310000e+01  -0.11333720123810266
   3.6315000e+01  -0.13711433098810266
   3.6320000e+01  -0.15948664848810265
   3.6325000e+01  -0.18062995748810265
   3.6330000e+01  -0.20052093873810264
   3.6335000e+01  -0.21876552548810263
   3.6340000e+01  -0.23460168298810263
   3.6345000e+01  -0.24709683098810264
   3.6350000e+01  -0.2554600499881026
   3.6355000e+01  -0.2593228901881026
   3.6360000e+01   -0.25885282291310263
   3.6365000e+01   -0.25465014443810263
   3.6370000e+01   -0.24749473293810265
   3.6375000e+01   -0.23808548368810264
   3.6380000e+01   -0.22690716218810264
   3.6385000e+01   -0.21427320643810263
   3.6390000e+01   -0.20048244693810263
   3.6395000e+01   -0.18595976668810263
   3.6400000e+01   -0.17126480143810263
   3.6405000e+01   -0.15693886043810262
   3.6410000e+01   -0.1432670594381026
   3.6415000e+01   -0.1300981914381026
   3.6420000e+01   -0.1168506231881026
   3.6425000e+01   -0.1027436121881026
   3.6430000e+01   -0.0871754616881026
   3.6435000e+01   -0.07008510293810259
   3.6440000e+01   -0.05212826318810259
   3.6445000e+01   -0.03457875418810259
   3.6450000e+01   -0.01899047068810259
   3.6455000e+01   -0.006762858688102592
   3.6460000e+01   0.0012122935618974085
   3.6465000e+01   0.004697511011897408
   3.6470000e+01  0.004033627211897408
   3.6475000e+01  -6.994628810259168e-5
   3.6480000e+01  -0.006744794288102591
   3.6485000e+01  -0.015074070038102592
   3.6490000e+01  -0.02409312278810259
   3.6495000e+01  -0.03275249678810259
   3.6500000e+01  -0.03994145528810259
   3.6505000e+01  -0.044623390438102595
   3.6510000e+01   -0.046047346475602595
   3.6515000e+01   -0.04393159401310259
   3.6520000e+01   -0.03851260366310259
   3.6525000e+01   -0.03041881191310259
   3.6530000e+01   -0.02042074816310259
   3.6535000e+01   -0.009169636413102589
   3.6540000e+01   0.00296799258689741
   3.6545000e+01   0.01593138133689741
   3.6550000e+01   0.029866080086897413
   3.6555000e+01   0.044971190586897414
   3.6560000e+01   0.061360188086897416
   3.6565000e+01   0.07897202833689741
   3.6570000e+01   0.09753664958689742
   3.6575000e+01   0.11658384758689742
   3.6580000e+01   0.13548789208689743
   3.6585000e+01   0.15354762133689742
   3.6590000e+01   0.17009727983689743
   3.6595000e+01   0.18462487533689742
   3.6600000e+01   0.19685717783689743
   3.6605000e+01   0.20677320833689744
   3.6610000e+01   0.21453701008689743
   3.6615000e+01   0.22038010101189742
   3.6620000e+01   0.22448838618689743
   3.6625000e+01   0.22694146998689743
   3.6630000e+01  0.22771966086939743
   3.6635000e+01  0.22675665107689744
   3.6640000e+01  0.22399555600189744
   3.6645000e+01  0.21941299030189743
   3.6650000e+01  0.21300543930189741
   3.6655000e+01  0.20476696330189742
   3.6660000e+01  0.1947038198018974
   3.6665000e+01  0.18291299805189742
   3.6670000e+01  0.16970246005189743
   3.6675000e+01  0.15568167130189742
   3.6680000e+01  0.14174187880189743
   3.6685000e+01  0.12889510730189743
   3.6690000e+01  0.11802519230189744
   3.6695000e+01  0.10966818255189743
   3.6700000e+01  0.10393533307689744
   3.6705000e+01  0.10061627327689744
   3.6710000e+01  0.09939883942939744
   3.6715000e+01   0.10007942178189744
   3.6720000e+01   0.10265136043189743
   3.6725000e+01   0.10723696120689744
   3.6730000e+01   0.11392050895689744
   3.6735000e+01   0.12259083420689744
   3.6740000e+01   0.13288712820689744
   3.6745000e+01   0.14427547520689743
   3.6750000e+01   0.15620748245689742
   3.6755000e+01   0.16826899895689743
   3.6760000e+01   0.18023713320689744
   3.6765000e+01   0.19201784170689745
   3.6770000e+01   0.20350148920689745
   3.6775000e+01   0.21441394120689744
   3.6780000e+01   0.22423779045689743
   3.6785000e+01   0.23224138195689742
   3.6790000e+01   0.23760916475689742
   3.6795000e+01   0.2396379734418974
   3.6800000e+01  0.2379523265518974
   3.6805000e+01  0.2326847595268974
   3.6810000e+01  0.2245576752768974
   3.6815000e+01  0.2148050400268974
   3.6820000e+01  0.2049093045268974
   3.6825000e+01  0.1962054155268974
   3.6830000e+01  0.18948536902689742
   3.6835000e+01  0.1847667255268974
   3.6840000e+01  0.1813315907768974
   3.6845000e+01  0.17802004900189738
   3.6850000e+01  0.1736446622268974
   3.6855000e+01  0.1673523667268974
   3.6860000e+01  0.1588175324768974
   3.6865000e+01  0.1482595014768974
   3.6870000e+01  0.1363623807268974
   3.6875000e+01  0.12418246897689741
   3.6880000e+01  0.11306880822689741
   3.6885000e+01  0.10455404372689742
   3.6890000e+01  0.10015705692689741
   3.6895000e+01   0.10109168030189741
   3.6900000e+01   0.10795717597689741
   3.6905000e+01   0.12053201047689742
   3.6910000e+01   0.13776425297689743
   3.6915000e+01   0.15796547847689743
   3.6920000e+01   0.17912692272689743
   3.6925000e+01   0.19924039247689743
   3.6930000e+01   0.21653471122689744
   3.6935000e+01   0.22960015497689742
   3.6940000e+01   0.23742419457689742
   3.6945000e+01  0.23937893210189742
   3.6950000e+01  0.2351913847768974
   3.6955000e+01  0.2249124435268974
   3.6960000e+01  0.2088900140268974
   3.6965000e+01  0.18774420927689742
   3.6970000e+01  0.1623337642768974
   3.6975000e+01  0.13369781227689742
   3.6980000e+01  0.10296437152689741
   3.6985000e+01  0.07123649927689742
   3.6990000e+01  0.039486778526897415
   3.6995000e+01  0.008495723276897418
   3.7000000e+01  -0.02114441122310258
   3.7005000e+01  -0.04896275472310258
   3.7010000e+01  -0.07450249072310258
   3.7015000e+01  -0.09720630872310258
   3.7020000e+01  -0.11633193147310258
   3.7025000e+01  -0.1309365822231026
   3.7030000e+01  -0.1399649092231026
   3.7035000e+01   -0.14245430039810258
   3.7040000e+01   -0.1378285328231026
   3.7045000e+01   -0.1261957935731026
   3.7050000e+01   -0.10852916707310259
   3.7055000e+01   -0.08661938207310259
   3.7060000e+01   -0.06276362582310259
   3.7065000e+01   -0.03926684107310259
   3.7070000e+01   -0.01792861757310259
   3.7075000e+01   0.00028726967689740937
   3.7080000e+01   0.015276022676897408
   3.7085000e+01   0.027522468426897408
   3.7090000e+01   0.037689686426897406
   3.7095000e+01   0.046274322176897406
   3.7100000e+01   0.0534847519268974
   3.7105000e+01   0.059363780176897404
   3.7110000e+01   0.0640369362268974
   3.7115000e+01   0.0678999306268974
   3.7120000e+01   0.0716014251268974
   3.7125000e+01   0.0758042072018974
   3.7130000e+01   0.0808463683768974
   3.7135000e+01   0.0864955948768974
   3.7140000e+01   0.0919527983768974
   3.7145000e+01   0.0961340289768974
   3.7150000e+01   0.09811008410189741
   3.7155000e+01  0.0974937337768974
   3.7160000e+01  0.09458626697689741
   3.7165000e+01  0.09021822945189742
   3.7170000e+01  0.08537632122689742
   3.7175000e+01  0.08081225702689743
   3.7180000e+01  0.07682389882689743
   3.7185000e+01  0.07329190477689743
   3.7190000e+01  0.06991194447689743
   3.7195000e+01  0.06646562292689742
   3.7200000e+01  0.06297297300189743
   3.7205000e+01  0.059656892951897425
   3.7210000e+01  0.056767056176897424
   3.7215000e+01  0.05438816432689742
   3.7220000e+01  0.05235544587689742
   3.7225000e+01  0.05032898722689742
   3.7230000e+01  0.047985691676897424
   3.7235000e+01  0.045226921026897425
   3.7240000e+01  0.04229925172689743
   3.7245000e+01  0.039776188026897426
   3.7250000e+01  0.03841548530189742
   3.7255000e+01   0.038953848676897426
   3.7260000e+01   0.04191076002689743
   3.7265000e+01   0.04745240407689743
   3.7270000e+01   0.05533537882689743
   3.7275000e+01   0.06492664707689744
   3.7280000e+01   0.07528740982689744
   3.7285000e+01   0.08530849132689744
   3.7290000e+01   0.09388331232689744
   3.7295000e+01   0.10009594740189744
   3.7300000e+01   0.10338917087689743
   3.7305000e+01  0.10367047660189743
   3.7310000e+01  0.10132231197689744
   3.7315000e+01  0.09710791507689744
   3.7320000e+01  0.09199670787689744
   3.7325000e+01  0.08695709972689744
   3.7330000e+01  0.08276810565189745
   3.7335000e+01  0.07988607100189744
   3.7340000e+01  0.07838244307689744
   3.7345000e+01  0.07795598737739744
   3.7350000e+01   0.07801920700539744
   3.7355000e+01  0.07785361943789744
   3.7360000e+01  0.07681246471789743
   3.7365000e+01  0.07452562491789744
   3.7370000e+01  0.07104559304289744
   3.7375000e+01  0.06688075751789743
   3.7380000e+01  0.06289583566789743
   3.7385000e+01  0.06010641284289743
   3.7390000e+01   0.05943492036789743
   3.7395000e+01   0.06151132196789743
   3.7400000e+01   0.06658505264289744
   3.7405000e+01   0.07456948264289744
   3.7410000e+01   0.08518308864289743
   3.7415000e+01   0.09810826639289744
   3.7420000e+01   0.11308361239289744
   3.7425000e+01   0.12988652889289742
   3.7430000e+01   0.1482316588928974
   3.7435000e+01   0.16766738989289742
   3.7440000e+01   0.18755945839289742
   3.7445000e+01   0.2071978518928974
   3.7450000e+01   0.22598035389289742
   3.7455000e+01   0.24356595889289742
   3.7460000e+01   0.2598954616428974
   3.7465000e+01   0.2750462901428974
   3.7470000e+01   0.28898367389289736
   3.7475000e+01   0.30133434314289737
   3.7480000e+01   0.3113056103928974
   3.7485000e+01   0.3178055099678974
   3.7490000e+01  0.3197266200178974
   3.7495000e+01  0.3162847259928974
   3.7500000e+01  0.30728456724289743
   3.7505000e+01  0.2932206712428974
   3.7510000e+01  0.2751897194928974
   3.7515000e+01  0.2546603279928974
   3.7520000e+01  0.2331893654928974
   3.7525000e+01  0.2121768329928974
   3.7530000e+01  0.19271632299289743
   3.7535000e+01  0.17554399249289743
   3.7540000e+01  0.16104508274289742
   3.7545000e+01  0.1492688127428974
   3.7550000e+01  0.1399340527428974
   3.7555000e+01  0.1324546954928974
   3.7560000e+01  0.1260353112428974
   3.7565000e+01  0.11985973499289741
   3.7570000e+01  0.11333086024289742
   3.7575000e+01  0.10626451249289742
   3.7580000e+01  0.09893842574289742
   3.7585000e+01  0.09195816524289742
   3.7590000e+01  0.08599085574289742
   3.7595000e+01  0.08148110301789742
   3.7600000e+01  0.07846548301789742
   3.7605000e+01  0.07654572029289743
   3.7610000e+01  0.07500276609289742
   3.7615000e+01  0.07297860481789742
   3.7620000e+01  0.06964518359289742
   3.7625000e+01  0.06431511564289742
   3.7630000e+01  0.05649769764289742
   3.7635000e+01  0.045933252142897424
   3.7640000e+01  0.03263261564289742
   3.7645000e+01  0.01691666539289742
   3.7650000e+01  -0.0005789758571025788
   3.7655000e+01  -0.01897103960710258
   3.7660000e+01  -0.03727436260710258
   3.7665000e+01  -0.05458980910710258
   3.7670000e+01  -0.07026987335710258
   3.7675000e+01  -0.08400272885710258
   3.7680000e+01  -0.09579052735710258
   3.7685000e+01  -0.10584221385710259
   3.7690000e+01  -0.11443202310710258
   3.7695000e+01  -0.12177939910710259
   3.7700000e+01  -0.1279862346071026
   3.7705000e+01  -0.1330360418571026
   3.7710000e+01  -0.13683355595710261
   3.7715000e+01  -0.13925475515710262
   3.7720000e+01  -0.14018857079460262
   3.7725000e+01   -0.13957300298210262
   3.7730000e+01   -0.13744342518210262
   3.7735000e+01   -0.13400654390710262
   3.7740000e+01   -0.12972979885710262
   3.7745000e+01   -0.12540720810710262
   3.7750000e+01   -0.12214849783210263
   3.7755000e+01  -0.12125152850710263
   3.7760000e+01  -0.12395711688210263
   3.7765000e+01  -0.13113639758210263
   3.7770000e+01  -0.14300374258210263
   3.7775000e+01  -0.15896254158210263
   3.7780000e+01  -0.17766176858210264
   3.7785000e+01  -0.19726750433210263
   3.7790000e+01  -0.21585936708210263
   3.7795000e+01  -0.23179507158210264
   3.7800000e+01  -0.24389626533210262
   3.7805000e+01  -0.2514078670821026
   3.7810000e+01   -0.2538228522521026
   3.7815000e+01   -0.2507540784221026
   3.7820000e+01   -0.24200174217210263
   3.7825000e+01   -0.22781575992210262
   3.7830000e+01   -0.20918120167210263
   3.7835000e+01   -0.18788495417210263
   3.7840000e+01   -0.16621581942210262
   3.7845000e+01   -0.1463598371721026
   3.7850000e+01   -0.1297467719221026
   3.7855000e+01   -0.1166575829221026
   3.7860000e+01   -0.1062813681721026
   3.7865000e+01   -0.0971883586721026
   3.7870000e+01   -0.08799318192210259
   3.7875000e+01   -0.0779205164221026
   3.7880000e+01   -0.0670679361721026
   3.7885000e+01   -0.05632065367210261
   3.7890000e+01   -0.047013893922102604
   3.7895000e+01   -0.04049738702210261
   3.7900000e+01   -0.037732147272102605
   3.7905000e+01  -0.03898977249710261
   3.7910000e+01  -0.04368290957210261
   3.7915000e+01  -0.05035409682210261
   3.7920000e+01  -0.05686653682210261
   3.7925000e+01  -0.06082788374710261
   3.7930000e+01   -0.06020501557210261
   3.7935000e+01   -0.05397042047210261
   3.7940000e+01   -0.04252752822210261
   3.7945000e+01   -0.027676379222102608
   3.7950000e+01   -0.012039843972102608
   3.7955000e+01   0.0018787745278973922
   3.7960000e+01   0.012624548777897392
   3.7965000e+01   0.02028667577789739
   3.7970000e+01   0.026325237277897387
   3.7975000e+01   0.032812624277897384
   3.7980000e+01   0.041455919277897386
   3.7985000e+01   0.05285612677789739
   3.7990000e+01   0.06631353977789739
   3.7995000e+01   0.0801982302778974
   3.8000000e+01   0.0926368127778974
   3.8005000e+01   0.1021595465278974
   3.8010000e+01   0.1080403133028974
   3.8015000e+01   0.1102693058353974
   3.8020000e+01  0.1092923828178974
   3.8025000e+01  0.1057263001678974
   3.8030000e+01  0.1001944410428974
   3.8035000e+01  0.09329060304289741
   3.8040000e+01  0.0855741675428974
   3.8045000e+01  0.0774999357928974
   3.8050000e+01  0.0692803130428974
   3.8055000e+01  0.060784832792897404
   3.8060000e+01  0.051609441792897406
   3.8065000e+01  0.041361049542897405
   3.8070000e+01  0.030053623042897402
   3.8075000e+01  0.0184039410428974
   3.8080000e+01  0.0078291472928974
   3.8085000e+01  8.576754289740026e-5
   3.8090000e+01  -0.0033277650071026
   3.8095000e+01   -0.0017596491821026002
   3.8100000e+01   0.0042630801928974
   3.8105000e+01   0.0130968946928974
   3.8110000e+01   0.022420248192897403
   3.8115000e+01   0.029896999192897403
   3.8120000e+01   0.033847807092897406
   3.8125000e+01  0.03372178791789741
   3.8130000e+01  0.030230849017897406
   3.8135000e+01  0.025116355442897406
   3.8140000e+01  0.020632052467897406
   3.8145000e+01   0.018913426705397408
   3.8150000e+01   0.021431159392897407
   3.8155000e+01   0.028684193367897407
   3.8160000e+01   0.040194688617897406
   3.8165000e+01   0.054763068367897405
   3.8170000e+01   0.0708674528678974
   3.8175000e+01   0.0870696386178974
   3.8180000e+01   0.10231538761789741
   3.8185000e+01   0.1160693711178974
   3.8190000e+01   0.1282816893678974
   3.8195000e+01   0.1392280168678974
   3.8200000e+01   0.1492922606178974
   3.8205000e+01   0.1587671098678974
   3.8210000e+01   0.1677337998678974
   3.8215000e+01   0.1760501841178974
   3.8220000e+01   0.18343365111789742
   3.8225000e+01   0.18958695111789742
   3.8230000e+01   0.19429793006789742
   3.8235000e+01   0.19746030629289743
   3.8240000e+01   0.19900913061789743
   3.8245000e+01  0.19882057616789744
   3.8250000e+01  0.19665953169289743
   3.8255000e+01  0.19224439696789744
   3.8260000e+01  0.18543462321789744
   3.8265000e+01  0.17646198571789745
   3.8270000e+01  0.16607012521789746
   3.8275000e+01  0.15544061946789747
   3.8280000e+01  0.14587524871789748
   3.8285000e+01  0.13833444471789746
   3.8290000e+01  0.13303136981789745
   3.8295000e+01  0.12928648086789746
   3.8300000e+01  0.12574238979289745
   3.8305000e+01  0.12087051676789745
   3.8310000e+01  0.11355837326789744
   3.8315000e+01  0.10352876301789744
   3.8320000e+01  0.09143038301789744
   3.8325000e+01  0.07860135551789743
   3.8330000e+01  0.06665148201789743
   3.8335000e+01  0.05706124776789743
   3.8340000e+01  0.05094151271789743
   3.8345000e+01   0.04898414446789743
   3.8350000e+01   0.05153236236789743
   3.8355000e+01   0.058662235717897436
   3.8360000e+01   0.07020080571789744
   3.8365000e+01   0.08567880271789745
   3.8370000e+01   0.10427843446789745
   3.8375000e+01   0.12485251971789744
   3.8380000e+01   0.14605297146789745
   3.8385000e+01   0.16653858696789745
   3.8390000e+01   0.18517698946789746
   3.8395000e+01   0.20115057096789746
   3.8400000e+01   0.21392956696789744
   3.8405000e+01   0.22315751096789743
   3.8410000e+01   0.22855298614289743
   3.8415000e+01  0.22992389566789742
   3.8420000e+01  0.22731311519289743
   3.8425000e+01  0.22119095036789743
   3.8430000e+01  0.21254720161789742
   3.8435000e+01  0.20276218936789742
   3.8440000e+01  0.1932475638678974
   3.8445000e+01  0.1849846733678974
   3.8450000e+01  0.1781695076178974
   3.8455000e+01  0.1721458031178974
   3.8460000e+01  0.1656812983678974
   3.8465000e+01  0.1574835306178974
   3.8470000e+01  0.14674482861789742
   3.8475000e+01  0.13350221336789742
   3.8480000e+01  0.11868901436789742
   3.8485000e+01  0.10388654961789742
   3.8490000e+01  0.09089156661789742
   3.8495000e+01  0.08125848636789743
   3.8500000e+01  0.07595284804289743
   3.8505000e+01   0.07518957611789742
   3.8510000e+01   0.07846034976789742
   3.8515000e+01   0.08470349051789743
   3.8520000e+01   0.09254750401789742
   3.8525000e+01   0.10056269851789743
   3.8530000e+01   0.10747380176789742
   3.8535000e+01   0.11230881414289742
   3.8540000e+01   0.11447757199289742
   3.8545000e+01  0.11378476479289741
   3.8550000e+01  0.11038748551789741
   3.8555000e+01  0.10470971541789742
   3.8560000e+01  0.09732864041789742
   3.8565000e+01  0.08885230641789742
   3.8570000e+01  0.07981356116789742
   3.8575000e+01  0.07060613491789743
   3.8580000e+01  0.06147861216789743
   3.8585000e+01  0.05257990241789742
   3.8590000e+01  0.04402472266789742
   3.8595000e+01  0.03593542141789742
   3.8600000e+01  0.02842859266789742
   3.8605000e+01  0.02154786791789742
   3.8610000e+01  0.01517990316789742
   3.8615000e+01  0.00900794916789742
   3.8620000e+01  0.0025465956678974193
   3.8625000e+01  -0.004731720082102581
   3.8630000e+01  -0.013207653582102581
   3.8635000e+01  -0.022924296332102582
   3.8640000e+01  -0.03346995683210258
   3.8645000e+01  -0.04400018958210258
   3.8650000e+01  -0.05342941683210259
   3.8655000e+01  -0.06076432533210259
   3.8660000e+01  -0.0654863389571026
   3.8665000e+01  -0.0678469108821026
   3.8670000e+01  -0.0689455484321026
   3.8675000e+01  -0.0705268920571026
   3.8680000e+01  -0.07453993893210259
   3.8685000e+01  -0.08260362268210258
   3.8690000e+01  -0.09556812393210258
   3.8695000e+01  -0.11332393818210258
   3.8700000e+01  -0.13490551468210257
   3.8705000e+01  -0.15881398868210259
   3.8710000e+01  -0.18340472593210258
   3.8715000e+01  -0.20718705468210258
   3.8720000e+01  -0.22895816793210258
   3.8725000e+01  -0.24779361543210257
   3.8730000e+01  -0.26298486968210255
   3.8735000e+01  -0.27401594518210254
   3.8740000e+01  -0.2806150895571025
   3.8745000e+01  -0.2828472994321025
   3.8750000e+01   -0.2811752334571025
   3.8755000e+01   -0.2764294004821025
   3.8760000e+01   -0.26967712198210253
   3.8765000e+01   -0.2620287104821025
   3.8770000e+01   -0.25444113373210253
   3.8775000e+01   -0.24756980048210253
   3.8780000e+01   -0.24169286673210252
   3.8785000e+01   -0.23670827758210253
   3.8790000e+01   -0.23219136020710252
   3.8795000e+01   -0.2274985721571025
   3.8800000e+01   -0.22190356308210252
   3.8805000e+01   -0.21474873708210251
   3.8810000e+01   -0.2055881698321025
   3.8815000e+01   -0.19429136783210252
   3.8820000e+01   -0.1810802050821025
   3.8825000e+01   -0.1664881730821025
   3.8830000e+01   -0.1512571350821025
   3.8835000e+01   -0.13620829058210251
   3.8840000e+01   -0.12212690458210251
   3.8845000e+01   -0.10968175308210251
   3.8850000e+01   -0.09937311933210251
   3.8855000e+01   -0.09148784933210251
   3.8860000e+01   -0.08604841193210251
   3.8865000e+01   -0.08276829590710251
   3.8870000e+01   -0.08104706865710251
   3.8875000e+01   -0.08003542003210251
   3.8880000e+01   -0.0787713931571025
   3.8885000e+01   -0.07635166700710251
   3.8890000e+01   -0.07208125923210251
   3.8895000e+01   -0.06555528348210252
   3.8900000e+01   -0.05666047748210252
   3.8905000e+01   -0.04552003798210252
   3.8910000e+01   -0.032421633732102516
   3.8915000e+01   -0.017758886982102515
   3.8920000e+01   -0.001992032982102515
   3.8925000e+01   0.014386964017897484
   3.8930000e+01   0.030901653017897483
   3.8935000e+01   0.04715085201789748
   3.8940000e+01   0.06285889601789749
   3.8945000e+01   0.07788507476789748
   3.8950000e+01   0.09217589926789749
   3.8955000e+01   0.10567794151789749
   3.8960000e+01   0.11826123201789748
   3.8965000e+01   0.12970881726789749
   3.8970000e+01   0.1397965710178975
   3.8975000e+01   0.14843347251789749
   3.8980000e+01   0.15578994576789748
   3.8985000e+01   0.1623407512678975
   3.8990000e+01   0.16879330626789749
   3.8995000e+01   0.17593440101789748
   3.9000000e+01   0.18446694701789748
   3.9005000e+01   0.19489899201789748
   3.9010000e+01   0.20750012301789747
   3.9015000e+01   0.22229312576789748
   3.9020000e+01   0.23903737726789748
   3.9025000e+01   0.25719185276789747
   3.9030000e+01   0.2758928170178975
   3.9035000e+01   0.2940045930178975
   3.9040000e+01   0.3102793637678975
   3.9045000e+01   0.3236056490178975
   3.9050000e+01   0.3332709367678975
   3.9055000e+01   0.33914565044289746
   3.9060000e+01   0.3417222112928975
   3.9065000e+01  0.34199611914289746
   3.9070000e+01  0.34122648106789744
   3.9075000e+01  0.34064160550789746
   3.9080000e+01   0.34115983114789744
   3.9085000e+01   0.34318650309789744
   3.9090000e+01   0.34653233577289744
   3.9095000e+01   0.3504749338978974
   3.9100000e+01   0.3539501979728974
   3.9105000e+01   0.3558190893228974
   3.9110000e+01  0.35512592389789743
   3.9115000e+01  0.35126744724789744
   3.9120000e+01  0.34403284624789743
   3.9125000e+01  0.3335349064978974
   3.9130000e+01  0.3200978529978974
   3.9135000e+01  0.3041711469978974
   3.9140000e+01  0.2863003634978974
   3.9145000e+01  0.2671340394978974
   3.9150000e+01  0.24741616199789737
   3.9155000e+01  0.22792787124789737
   3.9160000e+01  0.20938728674789736
   3.9165000e+01  0.19235767349789737
   3.9170000e+01  0.17721802349789736
   3.9175000e+01  0.16421033074789737
   3.9180000e+01  0.15352137124789736
   3.9185000e+01  0.14532555724789736
   3.9190000e+01  0.13973629419789738
   3.9195000e+01  0.13667757167289737
   3.9200000e+01   0.13575466602318437
   3.9205000e+01   0.13622592727347135
   3.9210000e+01   0.13713452412347135
   3.9215000e+01  0.13756899081247134
   3.9220000e+01  0.13693638997647134
   3.9225000e+01  0.13510659965147134
   3.9230000e+01  0.13234392625147134
   3.9235000e+01  0.12905671407647135
   3.9240000e+01  0.12550220022647135
   3.9245000e+01  0.12161621407647134
   3.9250000e+01  0.11706957230147134
   3.9255000e+01  0.11152026757647135
   3.9260000e+01  0.10491138832647134
   3.9265000e+01  0.09763346382647134
   3.9270000e+01  0.09044828907647134
   3.9275000e+01  0.08421232682647134
   3.9280000e+01  0.07955490772647134
   3.9285000e+01  0.07668864390147133
   3.9290000e+01  0.07544588807647133
   3.9295000e+01   0.07549959837647133
   3.9300000e+01   0.07662198405147133
   3.9305000e+01   0.07881964020147134
   3.9310000e+01   0.08226358995147133
   3.9315000e+01   0.08705714757647133
   3.9320000e+01   0.09298225657647133
   3.9325000e+01   0.09938290257647132
   3.9330000e+01   0.10527490407647133
   3.9335000e+01   0.10965419045147133
   3.9340000e+01   0.11187323107647133
   3.9345000e+01  0.11191902247647133
   3.9350000e+01  0.11047011960147132
   3.9355000e+01  0.10870777457647132
   3.9360000e+01   0.10795806548897133
   3.9365000e+01   0.10930340327647133
   3.9370000e+01   0.11330236365147132
   3.9375000e+01   0.11990348290147132
   3.9380000e+01   0.1285581161514713
   3.9385000e+01   0.1384633496514713
   3.9390000e+01   0.1488267031514713
   3.9395000e+01   0.1590529106514713
   3.9400000e+01   0.1688015804014713
   3.9405000e+01   0.17792788615147132
   3.9410000e+01   0.1863667726514713
   3.9415000e+01   0.19403478340147132
   3.9420000e+01   0.2008013116514713
   3.9425000e+01   0.2065376354014713
   3.9430000e+01   0.2112090323514713
   3.9435000e+01   0.2149514085514713
   3.9440000e+01   0.2180793885514713
   3.9445000e+01   0.2210060094514713
   3.9450000e+01   0.2241006670264713
   3.9455000e+01   0.2275485919264713
   3.9460000e+01   0.2312802561514713
   3.9465000e+01   0.2350060755764713
   3.9470000e+01   0.23833623512647129
   3.9475000e+01   0.2409189587764713
   3.9480000e+01   0.24252188457647128
   3.9485000e+01  0.2430173026814713
   3.9490000e+01  0.2422919784614713
   3.9495000e+01  0.2401498825114713
   3.9500000e+01  0.2362826556864713
   3.9505000e+01  0.2303445367614713
   3.9510000e+01  0.2221085210114713
   3.9515000e+01  0.2116326365114713
   3.9520000e+01  0.19935451576147128
   3.9525000e+01  0.1860627197614713
   3.9530000e+01  0.17274773026147128
   3.9535000e+01  0.16038719226147127
   3.9540000e+01  0.14974506001147128
   3.9545000e+01  0.1412524885114713
   3.9550000e+01  0.1349970267614713
   3.9555000e+01  0.1307973748114713
   3.9560000e+01  0.1283083983114713
   3.9565000e+01  0.1271000314864713
   3.9570000e+01  0.1266810511914713
   3.9575000e+01  0.1264765106314713
   3.9580000e+01  0.1257949342164713
   3.9585000e+01  0.12382651151647131
   3.9590000e+01  0.11969835519147132
   3.9595000e+01  0.11258787494147132
   3.9600000e+01  0.10187120394147132
   3.9605000e+01  0.08726682494147132
   3.9610000e+01  0.06892839244147132
   3.9615000e+01  0.04744831644147132
   3.9620000e+01  0.02375709419147132
   3.9625000e+01  -0.0010610448085286751
   3.9630000e+01  -0.025980813558528673
   3.9635000e+01  -0.050205526808528675
   3.9640000e+01  -0.07323725530852868
   3.9645000e+01  -0.09483258305852868
   3.9650000e+01  -0.11487772955852868
   3.9655000e+01  -0.13324875580852868
   3.9660000e+01  -0.14972391380852867
   3.9665000e+01  -0.16398794330852867
   3.9670000e+01  -0.17572615055852867
   3.9675000e+01  -0.18476671180852866
   3.9680000e+01  -0.19120715055852866
   3.9685000e+01  -0.19546367560852865
   3.9690000e+01  -0.19821038128352864
   3.9695000e+01  -0.20021996423352864
   3.9700000e+01  -0.20216109388352865
   3.9705000e+01  -0.20443032505852865
   3.9710000e+01  -0.20708600885852865
   3.9715000e+01  -0.20990983795852866
   3.9720000e+01  -0.21256558183352867
   3.9725000e+01  -0.21478039198352866
   3.9730000e+01  -0.21646494640852867
   3.9735000e+01  -0.21772172763352868
   3.9740000e+01  -0.21875016943352868
   3.9745000e+01  -0.21971084088352869
   3.9750000e+01  -0.22062734305852869
   3.9755000e+01  -0.22137475600852868
   3.9760000e+01  -0.2217470086110287
   3.9765000e+01   -0.22154948148852868
   3.9770000e+01   -0.22065723463852868
   3.9775000e+01   -0.21901521656352868
   3.9780000e+01   -0.21660657033852868
   3.9785000e+01   -0.21344030958852866
   3.9790000e+01   -0.20958967228852868
   3.9795000e+01   -0.20526134261352869
   3.9800000e+01   -0.2008333780885287
   3.9805000e+01   -0.19680263398852868
   3.9810000e+01   -0.1936350883885287
   3.9815000e+01   -0.1915812713135287
   3.9820000e+01   -0.19055579041352871
   3.9825000e+01   -0.1901564224135287
   3.9830000e+01   -0.1898260156585287
   3.9835000e+01   -0.1890825554785287
   3.9840000e+01   -0.1877048365285287
   3.9845000e+01   -0.1857838074785287
   3.9850000e+01   -0.18361859462852873
   3.9855000e+01   -0.18151348097852874
   3.9860000e+01   -0.17957804905352873
   3.9865000e+01   -0.17762630032852872
   3.9870000e+01   -0.17521858990352873
   3.9875000e+01   -0.17182156702852874
   3.9880000e+01   -0.16701052135352876
   3.9885000e+01   -0.16062764560352877
   3.9890000e+01   -0.15283870210352876
   3.9895000e+01   -0.14408056585352877
   3.9900000e+01   -0.13493755885352876
   3.9905000e+01   -0.12600584010352875
   3.9910000e+01   -0.11779619035352874
   3.9915000e+01   -0.11069444235352874
   3.9920000e+01   -0.10496374115352874
   3.9925000e+01   -0.10075367162852875
   3.9930000e+01   -0.09808905507852875
   3.9935000e+01   -0.09684022830352874
   3.9940000e+01  -0.09670621257102874
   3.9945000e+01  -0.09724945243852874
   3.9950000e+01  -0.09799700903852875
   3.9955000e+01  -0.09858142995352874
   3.9960000e+01  -0.09886217718852874
   3.9965000e+01  -0.09896797592102874
   3.9970000e+01  -0.09923396777352873
   3.9975000e+01  -0.10005603731352873
   3.9980000e+01  -0.10172132171352873
   3.9985000e+01  -0.10428132793852872
   3.9990000e+01  -0.10751265166352872
   3.9995000e+01  -0.11097380528852872
   4.0000000e+01  -0.11413160921352872
   4.0005000e+01  -0.11650847043852872
   4.0010000e+01  -0.11779799201352871
   4.0015000e+01   -0.1179114352360287
   4.0020000e+01   -0.1169471713085287
   4.0025000e+01   -0.11510816605852871
   4.0030000e+01   -0.1126131106335287
   4.0035000e+01   -0.10964358000852871
   4.0040000e+01   -0.1063441486585287
   4.0045000e+01   -0.1028599608585287
   4.0050000e+01   -0.09937604345852871
   4.0055000e+01   -0.09612514208352871
   4.0060000e+01   -0.0933520450835287
   4.0065000e+01   -0.0912482451085287
   4.0070000e+01   -0.0898871987585287
   4.0075000e+01   -0.0891905336060287
   4.0080000e+01   -0.0889414226585287
   4.0085000e+01   -0.0888410322135287
   4.0090000e+01   -0.08858679906352869
   4.0095000e+01   -0.0879440677135287
   4.0100000e+01   -0.0867874138385287
   4.0105000e+01   -0.0851021541385287
   4.0110000e+01   -0.0829540275885287
   4.0115000e+01   -0.0804482844885287
   4.0120000e+01   -0.0777019223135287
   4.0125000e+01   -0.07484222298852869
   4.0130000e+01   -0.07202547936352868
   4.0135000e+01   -0.06945239276352869
   4.0140000e+01   -0.06735257121352868
   4.0145000e+01   -0.06592489366352867
   4.0150000e+01   -0.06524738164602867
   4.0155000e+01  -0.06519521910852867
   4.0160000e+01  -0.06541366046352867
   4.0165000e+01   -0.06537675652102867
   4.0170000e+01   -0.06452835807852868
   4.0175000e+01   -0.06246404375352868
   4.0180000e+01   -0.05908951192852868
   4.0185000e+01   -0.05469444575352868
   4.0190000e+01   -0.04991046162852868
   4.0195000e+01   -0.04556467855352868
   4.0200000e+01   -0.04247785132852868
   4.0205000e+01   -0.04127238640852868
   4.0210000e+01  -0.04224601606352868
   4.0215000e+01  -0.04533854881352868
   4.0220000e+01  -0.05018624426352868
   4.0225000e+01  -0.05623463726352868
   4.0230000e+01  -0.06287263026352868
   4.0235000e+01  -0.06955611326352869
   4.0240000e+01  -0.07590055401352869
   4.0245000e+01  -0.08173170976352868
   4.0250000e+01  -0.08708943776352868
   4.0255000e+01  -0.09218399326352868
   4.0260000e+01  -0.09731092501352867
   4.0265000e+01  -0.10274074476352867
   4.0270000e+01  -0.10860994776352867
   4.0275000e+01  -0.11484525326352867
   4.0280000e+01  -0.12114820001352866
   4.0285000e+01  -0.12705076676352867
   4.0290000e+01  -0.13202793668852866
   4.0295000e+01  -0.13562916848852866
   4.0300000e+01  -0.13757972626352866
   4.0305000e+01   -0.13781355083852867
   4.0310000e+01   -0.13642994583852866
   4.0315000e+01   -0.13360215526352867
   4.0320000e+01   -0.12948670493852868
   4.0325000e+01   -0.12417554126352869
   4.0330000e+01   -0.11770307326352869
   4.0335000e+01   -0.11008678326352869
   4.0340000e+01   -0.10136458626352869
   4.0345000e+01   -0.09160322451352869
   4.0350000e+01   -0.08087983701352869
   4.0355000e+01   -0.06926238501352869
   4.0360000e+01   -0.05681655551352869
   4.0365000e+01   -0.04364581676352869
   4.0370000e+01   -0.029943137263528687
   4.0375000e+01   -0.016018937513528685
   4.0380000e+01   -0.0022814787635286847
   4.0385000e+01   0.010824376736471315
   4.0390000e+01   0.022887434236471313
   4.0395000e+01   0.03357250023647131
   4.0400000e+01   0.042618823236471315
   4.0405000e+01   0.04981000723647132
   4.0410000e+01   0.05495045853647132
   4.0415000e+01   0.05787804008647132
   4.0420000e+01  0.058515681011471324
   4.0425000e+01  0.05693351241147132
   4.0430000e+01  0.05337754321147132
   4.0435000e+01  0.048231920286471316
   4.0440000e+01  0.041915603536471314
   4.0445000e+01  0.03475384203647131
   4.0450000e+01  0.02688792078647131
   4.0455000e+01  0.01827711253647131
   4.0460000e+01  0.00880468528647131
   4.0465000e+01  -0.0015553849635286908
   4.0470000e+01  -0.012591946963528692
   4.0475000e+01  -0.023806850213528692
   4.0480000e+01  -0.03449013846352869
   4.0485000e+01  -0.04388311121352869
   4.0490000e+01  -0.05134780946352869
   4.0495000e+01  -0.05646479291352869
   4.0500000e+01  -0.05902797181352869
   4.0505000e+01   -0.05896433948852869
   4.0510000e+01   -0.056241095713528685
   4.0515000e+01   -0.05081569496352868
   4.0520000e+01   -0.04264716821352868
   4.0525000e+01   -0.03174794446352868
   4.0530000e+01   -0.01823812221352868
   4.0535000e+01   -0.00237329171352868
   4.0540000e+01   0.01546086453647132
   4.0545000e+01   0.034777177786471325
   4.0550000e+01   0.055026633786471324
   4.0555000e+01   0.07564479478647132
   4.0560000e+01   0.09610652103647133
   4.0565000e+01   0.11598554953647133
   4.0570000e+01   0.13500254103647133
   4.0575000e+01   0.15303649703647132
   4.0580000e+01   0.17008163503647133
   4.0585000e+01   0.18615554153647135
   4.0590000e+01   0.20119195528647135
   4.0595000e+01   0.21496492778647136
   4.0600000e+01   0.22707993303647137
   4.0605000e+01   0.23703640803647136
   4.0610000e+01   0.24433219303647136
   4.0615000e+01   0.24856216858647134
   4.0620000e+01  0.24947063283647133
   4.0625000e+01  0.24694509636147133
   4.0630000e+01  0.24097240493647132
   4.0635000e+01  0.23159788018647132
   4.0640000e+01  0.21892315718647132
   4.0645000e+01  0.2031511424364713
   4.0650000e+01  0.1846527759364713
   4.0655000e+01  0.1640102934364713
   4.0660000e+01  0.1419980189364713
   4.0665000e+01  0.1194914491864713
   4.0670000e+01  0.0973320134364713
   4.0675000e+01  0.0761984669364713
   4.0680000e+01  0.0565342131864713
   4.0685000e+01  0.0385541129364713
   4.0690000e+01  0.022317230936471297
   4.0695000e+01  0.007821229686471297
   4.0700000e+01  -0.004935186313528702
   4.0705000e+01  -0.015957631063528703
   4.0710000e+01  -0.025327764313528706
   4.0715000e+01  -0.033301571313528705
   4.0720000e+01  -0.0403755428135287
   4.0725000e+01  -0.04727377581352871
   4.0730000e+01  -0.05484531681352871
   4.0735000e+01  -0.06390232306352871
   4.0740000e+01  -0.07505422556352871
   4.0745000e+01  -0.08859030181352871
   4.0750000e+01  -0.10443818156352871
   4.0755000e+01  -0.12219502231352872
   4.0760000e+01  -0.14120752456352872
   4.0765000e+01  -0.16067334256352872
   4.0770000e+01  -0.17974508031352873
   4.0775000e+01  -0.19762817056352874
   4.0780000e+01  -0.21366711856352874
   4.0785000e+01  -0.22741050181352873
   4.0790000e+01  -0.23864078656352872
   4.0795000e+01  -0.24735887556352873
   4.0800000e+01  -0.25372801481352875
   4.0805000e+01  -0.25800074908852877
   4.0810000e+01  -0.2604633750385288
   4.0815000e+01  -0.2614242029935288
   4.0820000e+01   -0.2612450553735288
   4.0825000e+01   -0.2603835984235288
   4.0830000e+01   -0.2593981012235288
   4.0835000e+01   -0.2588801818710288
   4.0840000e+01  -0.2593209449685288
   4.0845000e+01  -0.2609593012185288
   4.0850000e+01  -0.2636811280185288
   4.0855000e+01  -0.2670206965685288
   4.0860000e+01  -0.2702707478935288
   4.0865000e+01  -0.2726604043185288
   4.0870000e+01   -0.27353563604352876
   4.0875000e+01   -0.27248453671852874
   4.0880000e+01   -0.2693800426435287
   4.0885000e+01   -0.2643471433185287
   4.0890000e+01   -0.25768383131852873
   4.0895000e+01   -0.24976900381852873
   4.0900000e+01   -0.24098082306852872
   4.0905000e+01   -0.23163586081852872
   4.0910000e+01   -0.22195172731852872
   4.0915000e+01   -0.21203626456852873
   4.0920000e+01   -0.20190942506852871
   4.0925000e+01   -0.19156097531852873
   4.0930000e+01   -0.18103382106852872
   4.0935000e+01   -0.17050436656852871
   4.0940000e+01   -0.1603206360685287
   4.0945000e+01   -0.1509670550685287
   4.0950000e+01   -0.1429523443185287
   4.0955000e+01   -0.1366519520685287
   4.0960000e+01   -0.13216113664352871
   4.0965000e+01   -0.12921610091852873
   4.0970000e+01   -0.1272169930935287
   4.0975000e+01   -0.1253484829685287
   4.0980000e+01   -0.12275770284352872
   4.0985000e+01   -0.11873078186852871
   4.0990000e+01   -0.11281481541852871
   4.0995000e+01   -0.1048574159185287
   4.1000000e+01   -0.0949678596685287
   4.1005000e+01   -0.0834278556685287
   4.1010000e+01   -0.0705882711685287
   4.1015000e+01   -0.0567825381685287
   4.1020000e+01   -0.0422756031685287
   4.1025000e+01   -0.0272556176685287
   4.1030000e+01   -0.011865142668528698
   4.1035000e+01   0.003742684831471303
   4.1040000e+01   0.019349190831471304
   4.1045000e+01   0.034647952081471305
   4.1050000e+01   0.049277560831471307
   4.1055000e+01   0.0629058950814713
   4.1060000e+01   0.0753310350814713
   4.1065000e+01   0.0865460720814713
   4.1070000e+01   0.0967257735814713
   4.1075000e+01   0.1061311305814713
   4.1080000e+01   0.11497344008147131
   4.1085000e+01   0.1233055930814713
   4.1090000e+01   0.1309975153314713
   4.1095000e+01   0.1378097973314713
   4.1100000e+01   0.1435283973314713
   4.1105000e+01   0.1480925267314713
   4.1110000e+01   0.1516534738564713
   4.1115000e+01   0.1545388942564713
   4.1120000e+01   0.1571430498814713
   4.1125000e+01   0.1597941792814713
   4.1130000e+01   0.1626526989814713
   4.1135000e+01   0.16567223723147131
   4.1140000e+01   0.1686250549314713
   4.1145000e+01   0.17117025365647132
   4.1150000e+01   0.1729352171314713
   4.1155000e+01   0.1735860527859713
   4.1160000e+01  0.17287397686547132
   4.1165000e+01  0.17065467106547133
   4.1170000e+01  0.16688376319047132
   4.1175000e+01  0.16159495974047133
   4.1180000e+01  0.15487060724047133
   4.1185000e+01  0.14681825374047133
   4.1190000e+01  0.13756811999047133
   4.1195000e+01  0.12730042849047132
   4.1200000e+01  0.11629650124047132
   4.1205000e+01  0.10498899224047131
   4.1210000e+01  0.09397626374047131
   4.1215000e+01  0.08397384949047132
   4.1220000e+01  0.07570182274047133
   4.1225000e+01  0.06973786999047132
   4.1230000e+01  0.06638450426547132
   4.1235000e+01   0.06559513173547132
   4.1240000e+01   0.06698160573047132
   4.1245000e+01   0.06989911518047132
   4.1250000e+01   0.07358523445547131
   4.1255000e+01   0.07732215720547131
   4.1260000e+01   0.0805900343054713
   4.1265000e+01   0.08317991318047131
   4.1270000e+01   0.08523748120547131
   4.1275000e+01   0.08721869405547131
   4.1280000e+01   0.0897588394554713
   4.1285000e+01   0.0934839941554713
   4.1290000e+01   0.0988176076804713
   4.1295000e+01   0.1058431221804713
   4.1300000e+01   0.1142695316804713
   4.1305000e+01   0.1235133104304713
   4.1310000e+01   0.1328686619304713
   4.1315000e+01   0.14170455218047132
   4.1320000e+01   0.1496158254304713
   4.1325000e+01   0.1564733081804713
   4.1330000e+01   0.16235879743047132
   4.1335000e+01   0.1674186985554713
   4.1340000e+01   0.1717036211304713
   4.1345000e+01   0.1750646191304713
   4.1350000e+01   0.17714824283047131
   4.1355000e+01  0.17748645010547132
   4.1360000e+01  0.17563697365547132
   4.1365000e+01  0.1713144863304713
   4.1370000e+01  0.1644677868304713
   4.1375000e+01  0.1552914488304713
   4.1380000e+01  0.1441912990804713
   4.1385000e+01  0.1317349093304713
   4.1390000e+01  0.1186074563304713
   4.1395000e+01  0.1055703495804713
   4.1400000e+01  0.09340231258047131
   4.1405000e+01  0.08280388783047131
   4.1410000e+01  0.07426870208047132
   4.1415000e+01  0.06795680583047131
   4.1420000e+01  0.06362717713047131
   4.1425000e+01  0.060680334730471304
   4.1430000e+01  0.0583234765804713
   4.1435000e+01  0.0558140136804713
   4.1440000e+01  0.0526913997054713
   4.1445000e+01  0.048900201530471296
   4.1450000e+01  0.044750325805471294
   4.1455000e+01  0.040736681855471295
   4.1460000e+01  0.03731155768047129
   4.1465000e+01  0.03472762528047129
   4.1470000e+01  0.03302929535547129
   4.1475000e+01  0.03218349568797129
   4.1480000e+01   0.03225601734547129
   4.1485000e+01   0.03350730104547129
   4.1490000e+01   0.03632413019547129
   4.1495000e+01   0.040999096895471286
   4.1500000e+01   0.047463477895471284
   4.1505000e+01   0.05511714614547129
   4.1510000e+01   0.06285983314547129
   4.1515000e+01   0.06933385939547129
   4.1520000e+01   0.07329007489547129
   4.1525000e+01  0.07393471347047129
   4.1530000e+01  0.07112637849547129
   4.1535000e+01  0.06535719894547129
   4.1540000e+01  0.05753677919547129
   4.1545000e+01  0.04866639244547129
   4.1550000e+01  0.039521067695471285
   4.1555000e+01  0.030443713695471285
   4.1560000e+01  0.021308426195471283
   4.1565000e+01  0.011649116445471282
   4.1570000e+01  0.0008961804454712795
   4.1575000e+01  -0.01136531530452872
   4.1580000e+01  -0.02520109580452872
   4.1585000e+01  -0.040254585554528724
   4.1590000e+01  -0.05581139605452873
   4.1595000e+01  -0.07097466830452873
   4.1600000e+01  -0.08489158505452873
   4.1605000e+01  -0.09695687480452873
   4.1610000e+01  -0.10692865755452874
   4.1615000e+01  -0.11492485330452874
   4.1620000e+01  -0.12131380380452875
   4.1625000e+01  -0.12655122667952876
   4.1630000e+01  -0.13102839187952875
   4.1635000e+01  -0.13497816957952874
   4.1640000e+01  -0.13844980420452874
   4.1645000e+01  -0.14133382645452874
   4.1650000e+01  -0.14341246505452873
   4.1655000e+01  -0.14442546769702874
   4.1660000e+01   -0.14415639093952876
   4.1665000e+01   -0.14254015651452875
   4.1670000e+01   -0.13976718791452875
   4.1675000e+01   -0.13633296931452873
   4.1680000e+01   -0.13298178758952872
   4.1685000e+01   -0.13053175583952872
   4.1690000e+01   -0.12962944657325373
   4.1695000e+01  -0.13053154308197873
   4.1700000e+01  -0.13301569830697874
   4.1705000e+01  -0.13647460893197874
   4.1710000e+01  -0.14016657350697875
   4.1715000e+01  -0.14352098898197876
   4.1720000e+01  -0.14636550338197876
   4.1725000e+01  -0.14897094778197875
   4.1730000e+01  -0.15189043010697875
   4.1735000e+01  -0.15566421858197876
   4.1740000e+01  -0.16052613815697878
   4.1745000e+01  -0.1662467246569788
   4.1750000e+01  -0.17218188465697878
   4.1755000e+01  -0.17749690758197878
   4.1760000e+01  -0.18145567395697879
   4.1765000e+01  -0.18364426830697878
   4.1770000e+01   -0.18404400379697877
   4.1775000e+01   -0.18295186583697878
   4.1780000e+01   -0.1808190856369788
   4.1785000e+01   -0.1781028520869788
   4.1790000e+01   -0.1751945048869788
   4.1795000e+01   -0.1724254718369788
   4.1800000e+01   -0.1701011544869788
   4.1805000e+01   -0.16850389286197878
   4.1810000e+01   -0.1678406913169788
   4.1815000e+01  -0.1681625962969788
   4.1820000e+01  -0.1693141859219788
   4.1825000e+01  -0.1709621603719788
   4.1830000e+01  -0.1727078691969788
   4.1835000e+01  -0.1742380191219788
   4.1840000e+01  -0.1754419394719788
   4.1845000e+01  -0.17643782992197882
   4.1850000e+01  -0.1774958445719788
   4.1855000e+01  -0.1788968718969788
   4.1860000e+01  -0.18079494637197882
   4.1865000e+01  -0.1831445672969788
   4.1870000e+01  -0.1857183640719788
   4.1875000e+01  -0.1881969748969788
   4.1880000e+01  -0.19028429127197882
   4.1885000e+01  -0.1917983151219788
   4.1890000e+01  -0.19270635217197882
   4.1895000e+01  -0.19309973232447883
   4.1900000e+01   -0.19312542107697883
   4.1905000e+01   -0.19290424233447884
   4.1910000e+01   -0.19246778034197884
   4.1915000e+01   -0.19173911824197884
   4.1920000e+01   -0.19056663409197883
   4.1925000e+01   -0.18879775081697883
   4.1930000e+01   -0.18635900584197884
   4.1935000e+01   -0.18330183299197883
   4.1940000e+01   -0.17978769179197884
   4.1945000e+01   -0.17601733326697885
   4.1950000e+01   -0.17214028546697885
   4.1955000e+01   -0.16819238509197884
   4.1960000e+01   -0.16409268091697884
   4.1965000e+01   -0.15969619184197884
   4.1970000e+01   -0.15486844221697885
   4.1975000e+01   -0.14954077671697885
   4.1980000e+01   -0.14372432496697884
   4.1985000e+01   -0.13748933121697884
   4.1990000e+01   -0.13093448646697883
   4.1995000e+01   -0.12416765296697883
   4.2000000e+01   -0.11730155296697883
   4.2005000e+01   -0.11045193296697883
   4.2010000e+01   -0.10372405396697883
   4.2015000e+01   -0.09718619096697882
   4.2020000e+01   -0.09084496146697882
   4.2025000e+01   -0.08464340246697882
   4.2030000e+01   -0.07849305771697883
   4.2035000e+01   -0.07233169071697883
   4.2040000e+01   -0.06618158171697883
   4.2045000e+01   -0.060180521716978824
   4.2050000e+01   -0.05456959421697882
   4.2055000e+01   -0.049639774341978825
   4.2060000e+01   -0.045652399866978825
   4.2065000e+01   -0.042752636691978825
   4.2070000e+01   -0.040894657316978826
   4.2075000e+01   -0.03979828634197883
   4.2080000e+01   -0.03895823056697883
   4.2085000e+01   -0.037720347216978825
   4.2090000e+01   -0.03541848546697882
   4.2095000e+01   -0.03153610934197882
   4.2100000e+01   -0.02583659396697882
   4.2105000e+01   -0.018411284966978823
   4.2110000e+01   -0.009626499216978824
   4.2115000e+01   7.195033021175842e-6
   4.2120000e+01   0.009991383033021177
   4.2125000e+01   0.019968168533021177
   4.2130000e+01   0.029787384783021176
   4.2135000e+01   0.03950582003302118
   4.2140000e+01   0.04932945953302118
   4.2145000e+01   0.059517208033021185
   4.2150000e+01   0.07026896978302119
   4.2155000e+01   0.08162740728302119
   4.2160000e+01   0.09342618328302119
   4.2165000e+01   0.10530733653302118
   4.2170000e+01   0.11680331528302118
   4.2175000e+01   0.12744751303302118
   4.2180000e+01   0.13686269128302117
   4.2185000e+01   0.14479275378302117
   4.2190000e+01   0.15108112353302117
   4.2195000e+01   0.15563170190802117
   4.2200000e+01   0.15839192108302116
   4.2205000e+01   0.15937032037302115
   4.2210000e+01  0.15866662243802115
   4.2215000e+01  0.15647931213802116
   4.2220000e+01  0.15307443396302117
   4.2225000e+01  0.14873265513802117
   4.2230000e+01  0.14371003186302117
   4.2235000e+01  0.13823502711302116
   4.2240000e+01  0.13253131286302117
   4.2245000e+01  0.12683171286302117
   4.2250000e+01  0.12135490811302117
   4.2255000e+01  0.11624884031302117
   4.2260000e+01  0.11153664753802117
   4.2265000e+01  0.10710646846302117
   4.2270000e+01  0.10276122581302118
   4.2275000e+01  0.09830796283802118
   4.2280000e+01  0.09364441258802118
   4.2285000e+01  0.08880536271302118
   4.2290000e+01  0.08395486068802119
   4.2295000e+01  0.07933432943802118
   4.2300000e+01  0.07518897176302118
   4.2305000e+01  0.07169570543802119
   4.2310000e+01  0.06891223318802119
   4.2315000e+01  0.06676240086302118
   4.2320000e+01  0.06506502591302118
   4.2325000e+01  0.06359874158802119
   4.2330000e+01  0.06217798828802119
   4.2335000e+01  0.060706043213021185
   4.2340000e+01  0.05917943898802119
   4.2345000e+01  0.057643009788021185
   4.2350000e+01  0.056122604238021186
   4.2355000e+01  0.05457583856302119
   4.2360000e+01  0.05289084208802119
   4.2365000e+01  0.05093428858802119
   4.2370000e+01  0.04862031196302119
   4.2375000e+01  0.04595934626302119
   4.2380000e+01  0.04305826601302119
   4.2385000e+01  0.040072809013021196
   4.2390000e+01  0.0371417366130212
   4.2395000e+01  0.034341787288021196
   4.2400000e+01  0.031687307613021194
   4.2405000e+01  0.029168201213021196
   4.2410000e+01  0.026793758963021195
   4.2415000e+01  0.024604770238021195
   4.2420000e+01  0.022635881313021196
   4.2425000e+01  0.020842962838021197
   4.2430000e+01  0.019036537963021197
   4.2435000e+01  0.016866241013021196
   4.2440000e+01  0.013880248813021197
   4.2445000e+01  0.009649121138021195
   4.2450000e+01  0.003913121313021195
   4.2455000e+01  -0.003300775686978805
   4.2460000e+01  -0.011637867436978803
   4.2465000e+01  -0.020472198936978804
   4.2470000e+01  -0.029050351686978802
   4.2475000e+01  -0.0366824304369788
   4.2480000e+01  -0.042921295686978805
   4.2485000e+01  -0.047671506061978806
   4.2490000e+01  -0.05119177626197881
   4.2495000e+01  -0.053992232136978804
   4.2500000e+01  -0.0566651889119788
   4.2505000e+01  -0.059709370086978804
   4.2510000e+01  -0.0634039314619788
   4.2515000e+01  -0.06776378961197879
   4.2520000e+01  -0.07257440063697879
   4.2525000e+01  -0.07747756406197878
   4.2530000e+01  -0.08207038473697878
   4.2535000e+01  -0.08598797971197877
   4.2540000e+01  -0.08895827233697877
   4.2545000e+01  -0.09083195216197877
   4.2550000e+01  -0.09159462378947877
   4.2555000e+01   -0.09136313591697877
   4.2560000e+01   -0.09036280006697876
   4.2565000e+01   -0.08888388679197877
   4.2570000e+01   -0.08722367156697877
   4.2575000e+01   -0.08562728309197877
   4.2580000e+01   -0.08424084466697877
   4.2585000e+01   -0.08308485379197877
   4.2590000e+01   -0.08205006694197878
   4.2595000e+01   -0.08091588236697878
   4.2600000e+01   -0.07939013489197877
   4.2605000e+01   -0.07716498451697877
   4.2610000e+01   -0.07397629956697876
   4.2615000e+01   -0.06964984346697876
   4.2620000e+01   -0.06412304744197876
   4.2625000e+01   -0.05744479244197876
   4.2630000e+01   -0.04976721144197876
   4.2635000e+01   -0.041342374191978754
   4.2640000e+01   -0.032522340691978756
   4.2645000e+01   -0.023745614441978757
   4.2650000e+01   -0.015491842191978758
   4.2655000e+01   -0.008204383691978758
   4.2660000e+01   -0.0022054519419787578
   4.2665000e+01   0.0023587394330212416
   4.2670000e+01   0.005516765033021242
   4.2675000e+01   0.007418041483021242
   4.2680000e+01   0.008257170008021243
   4.2685000e+01  0.008215284048021243
   4.2690000e+01  0.007441177213021243
   4.2695000e+01  0.006067918238021244
   4.2700000e+01  0.0042407655380212435
   4.2705000e+01  0.0021305217880212435
   4.2710000e+01  -7.905033697875631e-5
   4.2715000e+01  -0.0022217449869787564
   4.2720000e+01  -0.004176934586978757
   4.2725000e+01  -0.0058753849869787565
   4.2730000e+01  -0.007275993286978756
   4.2735000e+01  -0.008324795811978756
   4.2740000e+01  -0.008921259994478757
   4.2745000e+01   -0.008916927504478757
   4.2750000e+01   -0.008155399306978757
   4.2755000e+01   -0.006538203631978757
   4.2760000e+01   -0.004083108681978757
   4.2765000e+01   -0.0009419494319787571
   4.2770000e+01   0.0026358369930212433
   4.2775000e+01   0.006381783768021243
   4.2780000e+01   0.010098595068021243
   4.2785000e+01   0.013728541568021243
   4.2790000e+01   0.01737725496802124
   4.2795000e+01   0.02128745484302124
   4.2800000e+01   0.025773875893021242
   4.2805000e+01   0.031140943718021244
   4.2810000e+01   0.03760519146802124
   4.2815000e+01   0.04523652471802125
   4.2820000e+01   0.053923333218021244
   4.2825000e+01   0.06336384771802124
   4.2830000e+01   0.07309038671802125
   4.2835000e+01   0.08253509396802125
   4.2840000e+01   0.09113533371802125
   4.2845000e+01   0.09845501471802125
   4.2850000e+01   0.10427942896802125
   4.2855000e+01   0.10864302514302125
   4.2860000e+01   0.11177634336802125
   4.2865000e+01   0.11399593599302126
   4.2870000e+01   0.11558593431802125
   4.2875000e+01   0.11671603369302125
   4.2880000e+01   0.11741182083802125
   4.2885000e+01  0.11756159361052125
   4.2890000e+01  0.11693408441302125
   4.2895000e+01  0.11520141461302125
   4.2900000e+01  0.11199160186302125
   4.2905000e+01  0.10700068946302124
   4.2910000e+01  0.10015708046302124
   4.2915000e+01  0.09176992446302124
   4.2920000e+01  0.08256005421302123
   4.2925000e+01  0.07350710321302123
   4.2930000e+01  0.06554191021302123
   4.2935000e+01  0.059210346963021236
   4.2940000e+01  0.05446642788802124
   4.2945000e+01  0.050695559488021236
   4.2950000e+01  0.046959363038021236
   4.2955000e+01  0.042356629413021235
   4.2960000e+01  0.036356410413021234
   4.2965000e+01  0.028982413663021234
   4.2970000e+01  0.02078829891302123
   4.2975000e+01  0.012636725163021232
   4.2980000e+01  0.005366092913021232
   4.2985000e+01  -0.0005203003369787674
   4.2990000e+01  -0.005006807436978768
   4.2995000e+01  -0.008493139411978767
   4.3000000e+01  -0.011549511286978767
   4.3005000e+01  -0.014650384911978767
   4.3010000e+01  -0.018042818986978768
   4.3015000e+01  -0.02180194283697877
   4.3020000e+01  -0.02598424963697877
   4.3025000e+01  -0.03071636628697877
   4.3030000e+01  -0.036112092036978766
   4.3035000e+01  -0.04205516078697877
   4.3040000e+01  -0.04801045728697877
   4.3045000e+01  -0.05303580516197877
   4.3050000e+01  -0.05604746393697877
   4.3055000e+01   -0.05622482243697877
   4.3060000e+01   -0.053338541436978776
   4.3065000e+01   -0.047822764086978775
   4.3070000e+01   -0.04056445358697877
   4.3075000e+01   -0.03255049108697877
   4.3080000e+01   -0.02458345108697877
   4.3085000e+01   -0.01720448383697877
   4.3090000e+01   -0.01080146083697877
   4.3095000e+01   -0.005749259461978769
   4.3100000e+01   -0.002420572261978769
   4.3105000e+01   -0.001022729491978769
   4.3110000e+01  -0.001370206521978769
   4.3115000e+01  -0.0027799514719787687
   4.3120000e+01  -0.004219775046978768
   4.3125000e+01   -0.004685403704478768
   4.3130000e+01   -0.003631571986978768
   4.3135000e+01   -0.0012337318119787677
   4.3140000e+01   0.0016609945880212318
   4.3145000e+01   0.003874597613021232
   4.3150000e+01  0.004368717663021232
   4.3155000e+01  0.002634467188021232
   4.3160000e+01  -0.0011484117369787682
   4.3165000e+01  -0.0062115981619787685
   4.3170000e+01  -0.011476676911978768
   4.3175000e+01  -0.01588506863697877
   4.3180000e+01  -0.01867305923697877
   4.3185000e+01   -0.01953834813197877
   4.3190000e+01   -0.01868816627697877
   4.3195000e+01   -0.016775870901978768
   4.3200000e+01   -0.014735759776978767
   4.3205000e+01   -0.013538579076978767
   4.3210000e+01  -0.013920864076978767
   4.3215000e+01  -0.016171318551978765
   4.3220000e+01  -0.020056854051978767
   4.3225000e+01  -0.024925329401978766
   4.3230000e+01  -0.029948354101978766
   4.3235000e+01  -0.034404962951978764
   4.3240000e+01  -0.03789160092697876
   4.3245000e+01  -0.04038560500197876
   4.3250000e+01  -0.04216574542697876
   4.3255000e+01  -0.043661867926978765
   4.3260000e+01  -0.045327363401978765
   4.3265000e+01  -0.047590895151978764
   4.3270000e+01  -0.050871695476978764
   4.3275000e+01  -0.055584453201978766
   4.3280000e+01  -0.062058880951978763
   4.3285000e+01  -0.07036347220197876
   4.3290000e+01  -0.08011475970197876
   4.3295000e+01  -0.09040831495197876
   4.3300000e+01  -0.09997616845197876
   4.3305000e+01  -0.10755995470197877
   4.3310000e+01  -0.11235261697697876
   4.3315000e+01  -0.11429307600197876
   4.3320000e+01   -0.11405404167697876
   4.3325000e+01   -0.11272098300197876
   4.3330000e+01   -0.11132622882697876
   4.3335000e+01   -0.11047160462697876
   4.3340000e+01   -0.11020415454272876
   4.3345000e+01   -0.11015281826097877
   4.3350000e+01   -0.10979389926347877
   4.3355000e+01   -0.10867319573847876
   4.3360000e+01   -0.10648128878847876
   4.3365000e+01   -0.10299345376347877
   4.3370000e+01   -0.09796570333847876
   4.3375000e+01   -0.09108010308847876
   4.3380000e+01   -0.08197304583847877
   4.3385000e+01   -0.07031635958847876
   4.3390000e+01   -0.05590257708847876
   4.3395000e+01   -0.038717482088478763
   4.3400000e+01   -0.019024417838478764
   4.3405000e+01   0.002514532661521237
   4.3410000e+01   0.02470963691152124
   4.3415000e+01   0.045805448911521246
   4.3420000e+01   0.06365066616152125
   4.3425000e+01   0.07612095341152125
   4.3430000e+01   0.08170150473652125
   4.3435000e+01  0.08001143306152125
   4.3440000e+01  0.07202641806152126
   4.3445000e+01  0.05986268906152126
   4.3450000e+01  0.04617864231152126
   4.3455000e+01  0.03342808356152126
   4.3460000e+01  0.02326217106152126
   4.3465000e+01  0.01628975056152126
   4.3470000e+01  0.01221845736152126
   4.3475000e+01  0.010219331061521258
   4.3480000e+01  0.009286097211521259
   4.3485000e+01  0.008429715636521258
   4.3490000e+01  0.006705809611521258
   4.3495000e+01  0.0032106886865212584
   4.3500000e+01  -0.002792253038478741
   4.3505000e+01  -0.01156016353847874
   4.3510000e+01  -0.02248752928847874
   4.3515000e+01  -0.03388819328847874
   4.3520000e+01  -0.04316164078847874
   4.3525000e+01  -0.04740342413847874
   4.3530000e+01   -0.04430125523847874
   4.3535000e+01   -0.03299899723847874
   4.3540000e+01   -0.014593284738478738
   4.3545000e+01   0.007943570011521264
   4.3550000e+01   0.030411244261521263
   4.3555000e+01   0.04839918376152126
   4.3560000e+01   0.058361834261521264
   4.3565000e+01  0.05844037351152127
   4.3570000e+01  0.04882073076152127
   4.3575000e+01  0.031572728511521264
   4.3580000e+01  0.010067261261521264
   4.3585000e+01  -0.011833231238478736
   4.3590000e+01  -0.030595468488478737
   4.3595000e+01  -0.043676453488478734
   4.3600000e+01  -0.04992427051347873
   4.3605000e+01   -0.04967664266347873
   4.3610000e+01   -0.04455659053847873
   4.3615000e+01   -0.03700883953847873
   4.3620000e+01   -0.029683121038478727
   4.3625000e+01   -0.024831046588478727
   4.3630000e+01  -0.023893970588478728
   4.3635000e+01  -0.027388748038478728
   4.3640000e+01  -0.03507091828847873
   4.3645000e+01  -0.04624315603847873
   4.3650000e+01  -0.06004764878847873
   4.3655000e+01  -0.07564210003847874
   4.3660000e+01  -0.09225490203847875
   4.3665000e+01  -0.10917595878847874
   4.3670000e+01  -0.12573819203847875
   4.3675000e+01  -0.14130960503847875
   4.3680000e+01  -0.15529467503847874
   4.3685000e+01  -0.16715464303847874
   4.3690000e+01  -0.17647308703847875
   4.3695000e+01  -0.18307824653847876
   4.3700000e+01  -0.18718119386347876
   4.3705000e+01  -0.18943790143847875
   4.3710000e+01  -0.19084518883847876
   4.3715000e+01  -0.19245306313847876
   4.3720000e+01  -0.19498222593847878
   4.3725000e+01  -0.19850801671347879
   4.3730000e+01  -0.20236102103847878
   4.3735000e+01  -0.20530271163847877
   4.3740000e+01   -0.20591368016347877
   4.3745000e+01   -0.2030475277884788
   4.3750000e+01   -0.19619331003847879
   4.3755000e+01   -0.1856456107884788
   4.3760000e+01   -0.1724620442884788
   4.3765000e+01   -0.1582487065384788
   4.3770000e+01   -0.1448355805384788
   4.3775000e+01   -0.1338990947884788
   4.3780000e+01   -0.12658586828847881
   4.3785000e+01   -0.12320570841347882
   4.3790000e+01  -0.12308069566347882
   4.3795000e+01  -0.12462975543847882
   4.3800000e+01  -0.1257130961359788
   4.3805000e+01   -0.1241699104584788
   4.3810000e+01   -0.11839850473347881
   4.3815000e+01   -0.1077971049834788
   4.3820000e+01   -0.0929252064834788
   4.3825000e+01   -0.0753401977334788
   4.3830000e+01   -0.0571692944834788
   4.3835000e+01   -0.0405525724834788
   4.3840000e+01   -0.0271192809834788
   4.3845000e+01   -0.017637520983478802
   4.3850000e+01   -0.011919339883478802
   4.3855000e+01   -0.008986683083478803
   4.3860000e+01   -0.007429188758478802
   4.3865000e+01   -0.005834973908478802
   4.3870000e+01   -0.0031671418584788016
   4.3875000e+01   0.0010074154915211985
   4.3880000e+01   0.006472788516521199
   4.3885000e+01   0.012484880266521198
   4.3890000e+01   0.018010434016521196
   4.3895000e+01   0.022027148391521197
   4.3900000e+01   0.023823343041521197
   4.3905000e+01  0.023225714991521196
   4.3910000e+01  0.020678885766521195
   4.3915000e+01  0.017124942766521194
   4.3920000e+01  0.013697036166521194
   4.3925000e+01  0.011326696641521193
   4.3930000e+01  0.010420777189021194
   4.3935000e+01   0.010747461911521193
   4.3940000e+01   0.011579232861521193
   4.3945000e+01   0.012020382794771193
   4.3950000e+01  0.011365008603021193
   4.3955000e+01  0.009333282178021193
   4.3960000e+01  0.006112934628021193
   4.3965000e+01  0.0022375444530211928
   4.3970000e+01  -0.0015991893219788069
   4.3975000e+01  -0.004696893321978807
   4.3980000e+01  -0.006431858396978807
   4.3985000e+01   -0.006296947346978807
   4.3990000e+01   -0.003947711896978807
   4.3995000e+01   0.0007258281280211939
   4.4000000e+01   0.007534366878021194
   4.4005000e+01   0.015989527378021194
   4.4010000e+01   0.025399329128021196
   4.4015000e+01   0.0350256058780212
   4.4020000e+01   0.0442205448780212
   4.4025000e+01   0.0524673403780212
   4.4030000e+01   0.059317058878021196
   4.4035000e+01   0.06429587965302119
   4.4040000e+01   0.0668932424280212
   4.4045000e+01  0.0666986481780212
   4.4050000e+01  0.06365278930302119
   4.4055000e+01  0.058280711428021194
   4.4060000e+01  0.05174766692802119
   4.4065000e+01  0.045648315928021196
   4.4070000e+01  0.041573122703021194
   4.4075000e+01   0.040617350153021196
   4.4080000e+01   0.043037760578021195
   4.4085000e+01   0.048197490828021196
   4.4090000e+01   0.054808506078021194
   4.4095000e+01   0.061356449328021194
   4.4100000e+01   0.06653670842802119
   4.4105000e+01   0.06955919095302118
   4.4110000e+01  0.07026000076552118
   4.4115000e+01  0.06903798650302118
   4.4120000e+01  0.06667615645302118
   4.4125000e+01  0.06410999935302118
   4.4130000e+01  0.062189802953021185
   4.4135000e+01  0.06147506918202118
   4.4140000e+01   0.062100243186021184
   4.4145000e+01   0.06374895953602118
   4.4150000e+01   0.06575480211102118
   4.4155000e+01   0.06731026933602118
   4.4160000e+01  0.06772726418352118
   4.4165000e+01  0.06667038145602118
   4.4170000e+01  0.06428834263102118
   4.4175000e+01  0.06119723568102118
   4.4180000e+01  0.05831274925602118
   4.4185000e+01  0.05657601300602118
   4.4190000e+01   0.05665617245602118
   4.4195000e+01   0.05872835548102118
   4.4200000e+01   0.06240740580602118
   4.4205000e+01   0.06686638335602119
   4.4210000e+01   0.07110152593102119
   4.4215000e+01   0.07425056768102119
   4.4220000e+01   0.07585424090602119
   4.4225000e+01  0.07597843848102119
   4.4230000e+01  0.07517072290602118
   4.4235000e+01  0.07428020195602118
   4.4240000e+01   0.07420068255602118
   4.4245000e+01   0.07560060728102118
   4.4250000e+01   0.07869559138102118
   4.4255000e+01   0.08311680703102119
   4.4260000e+01   0.08792835733102118
   4.4265000e+01   0.09182714113102118
   4.4270000e+01   0.09350165831852118
   4.4275000e+01  0.09204565815602118
   4.4280000e+01  0.08726689758102119
   4.4285000e+01  0.07975111733102118
   4.4290000e+01  0.07064512308102118
   4.4295000e+01  0.06125952333102118
   4.4300000e+01  0.052679563581021174
   4.4305000e+01  0.045555312331021176
   4.4310000e+01  0.04012980205602117
   4.4315000e+01  0.036425767781021176
   4.4320000e+01  0.034432744306021175
   4.4325000e+01   0.03416134683102118
   4.4330000e+01   0.035539790906021176
   4.4335000e+01   0.038247912631021175
   4.4340000e+01   0.041638960356021174
   4.4345000e+01   0.044852677656021175
   4.4350000e+01   0.047101203056021175
   4.4355000e+01   0.04798726416602118
   4.4360000e+01  0.04767148697602118
   4.4365000e+01  0.04677617827602118
   4.4370000e+01  0.04606001832102118
   4.4375000e+01   0.046033456201021186
   4.4380000e+01   0.046722801261021185
   4.4385000e+01   0.047705718511021185
   4.4390000e+01   0.048383943381021186
   4.4395000e+01  0.04832710722602119
   4.4400000e+01  0.04749213527602119
   4.4405000e+01  0.04620565512602119
   4.4410000e+01  0.044934543301021194
   4.4415000e+01  0.04398069032602119
   4.4420000e+01  0.04326635890102119
   4.4425000e+01  0.042323070601021195
   4.4430000e+01  0.0404960039010212
   4.4435000e+01  0.037275964801021196
   4.4440000e+01  0.03261210685102119
   4.4445000e+01  0.027062788101021192
   4.4450000e+01  0.02170877925102119
   4.4455000e+01  0.01785676487602119
   4.4460000e+01   0.01665614716602119
   4.4465000e+01   0.018791681131021188
   4.4470000e+01   0.024375037031021188
   4.4475000e+01   0.03305548803102119
   4.4480000e+01   0.044253133531021185
   4.4485000e+01   0.057348428781021185
   4.4490000e+01   0.07168285503102119
   4.4495000e+01   0.08633984328102119
   4.4500000e+01   0.0998344180310212
   4.4505000e+01   0.1099576527810212
   4.4510000e+01   0.1140104525085212
   4.4515000e+01  0.10948767398602119
   4.4520000e+01  0.0950029427360212
   4.4525000e+01  0.07102925423602119
   4.4530000e+01  0.040031041236021185
   4.4535000e+01  0.005833445236021188
   4.4540000e+01  -0.027508647013978815
   4.4545000e+01  -0.056767936263978816
   4.4550000e+01  -0.07997348826397882
   4.4555000e+01  -0.09603428226397882
   4.4560000e+01  -0.10390219866397882
   4.4565000e+01   -0.10194657556397882
   4.4570000e+01   -0.08811251556397882
   4.4575000e+01   -0.06094444356397882
   4.4580000e+01   -0.020969669813978825
   4.4585000e+01   0.028378529186021177
   4.4590000e+01   0.08095416168602118
   4.4595000e+01   0.12929846993602118
   4.4600000e+01   0.16668787543602118
   4.4605000e+01   0.18890677393602118
   4.4610000e+01  0.19495108238602119
   4.4615000e+01  0.18642386033602118
   4.4620000e+01  0.1660602273360212
   4.4625000e+01  0.1362402315860212
   4.4630000e+01  0.0982820948360212
   4.4635000e+01  0.05279883558602119
   4.4640000e+01  0.0007502660860211896
   4.4645000e+01  -0.05558478391397881
   4.4650000e+01  -0.11241544891397881
   4.4655000e+01  -0.16522120291397882
   4.4660000e+01  -0.2100928949139788
   4.4665000e+01  -0.2448743676639788
   4.4670000e+01  -0.2694797396639788
   4.4675000e+01  -0.2852687424139788
   4.4680000e+01  -0.2939146941639788
   4.4685000e+01   -0.2964584790939788
   4.4690000e+01   -0.29307243302397884
   4.4695000e+01   -0.28359443852397886
   4.4700000e+01   -0.26842942477397885
   4.4705000e+01   -0.24921640877397885
   4.4710000e+01   -0.22881150677397885
   4.4715000e+01   -0.21052854702397886
   4.4720000e+01   -0.19698323127397885
   4.4725000e+01   -0.18909437752397884
   4.4730000e+01   -0.18571566657397884
   4.4735000e+01   -0.18406577754897885
   4.4740000e+01   -0.18076524477397884
   4.4745000e+01   -0.17305582432397884
   4.4750000e+01   -0.15976198407397885
   4.4755000e+01   -0.14171198157397885
   4.4760000e+01   -0.12154387607397885
   4.4765000e+01   -0.10297661107397885
   4.4770000e+01   -0.08971602982397885
   4.4775000e+01   -0.08424614672397884
   4.4780000e+01  -0.08685664437397884
   4.4785000e+01  -0.09531247687397884
   4.4790000e+01  -0.10545704212397884
   4.4795000e+01  -0.11270206949897885
   4.4800000e+01   -0.11391151144897885
   4.4805000e+01   -0.10888732902397885
   4.4810000e+01   -0.10073695127397886
   4.4815000e+01   -0.09486530349897886
   4.4820000e+01  -0.09696364797397886
   4.4825000e+01  -0.11082793597397886
   4.4830000e+01  -0.13689555522397887
   4.4835000e+01  -0.17203866622397887
   4.4840000e+01  -0.21060027872397888
   4.4845000e+01  -0.2461784577239789
   4.4850000e+01  -0.2734467369739789
   4.4855000e+01  -0.2893875607239789
   4.4860000e+01   -0.2936229787239789
   4.4865000e+01   -0.2879012394739789
   4.4870000e+01   -0.27509056472397886
   4.4875000e+01   -0.25814461872397887
   4.4880000e+01   -0.23941802022397887
   4.4885000e+01   -0.22048417172397888
   4.4890000e+01   -0.20235410497397888
   4.4895000e+01   -0.18582992522397887
   4.4900000e+01   -0.17171706747397886
   4.4905000e+01   -0.16075465797397887
   4.4910000e+01   -0.15332093247397888
   4.4915000e+01   -0.14912131484897886
   4.4920000e+01   -0.14709026007397885
   4.4925000e+01   -0.14562585932397884
   4.4930000e+01   -0.14309543789897883
   4.4935000e+01   -0.13840414482397884
   4.4940000e+01   -0.13138559182397883
   4.4945000e+01   -0.12286292707397882
   4.4950000e+01   -0.11437873032397883
   4.4955000e+01   -0.10771477307397882
   4.4960000e+01   -0.10436217127397882
   4.4965000e+01  -0.10506721612397882
   4.4970000e+01  -0.10952451377397882
   4.4975000e+01  -0.11626950477397882
   4.4980000e+01  -0.12283856827397882
   4.4985000e+01  -0.1262633278489788
   4.4990000e+01   -0.12388463767397881
   4.4995000e+01   -0.11430582967397881
   4.5000000e+01   -0.09813619517397881
   4.5005000e+01   -0.0781353301739788
   4.5010000e+01   -0.058544615923978804
   4.5015000e+01   -0.043745114423978805
   4.5020000e+01   -0.036740880973978804
   4.5025000e+01  -0.0381214870239788
   4.5030000e+01  -0.0459893840239788
   4.5035000e+01  -0.0569081680239788
   4.5040000e+01  -0.0674517622739788
   4.5045000e+01  -0.0756567087739788
   4.5050000e+01  -0.0817355412739788
   4.5055000e+01  -0.0877577842739788
   4.5060000e+01  -0.0964668902739788
   4.5065000e+01  -0.1097628450239788
   4.5070000e+01  -0.1274972357739788
   4.5075000e+01  -0.1470765545239788
   4.5080000e+01  -0.1640354047739788
   4.5085000e+01  -0.17336665887397879
   4.5090000e+01   -0.17112036322397878
   4.5095000e+01   -0.15569787697397877
   4.5100000e+01   -0.12839067797397877
   4.5105000e+01   -0.09299244622397876
   4.5110000e+01   -0.054647222223978754
   4.5115000e+01   -0.01836743172397875
   4.5120000e+01   0.012235882526021254
   4.5125000e+01   0.03556860377602125
   4.5130000e+01   0.05185176002602125
   4.5135000e+01   0.062288770776021254
   4.5140000e+01   0.06805601440102126
   4.5145000e+01  0.06962740335102126
   4.5150000e+01  0.06675135692602126
   4.5155000e+01  0.05904628192602126
   4.5160000e+01  0.046847613426021256
   4.5165000e+01  0.03180152167602125
   4.5170000e+01  0.01683006742602125
   4.5175000e+01  0.00541608567602125
   4.5180000e+01  0.0004971679010212504
   4.5185000e+01   0.0034415871260212506
   4.5190000e+01   0.013527419626021251
   4.5195000e+01   0.028111185876021252
   4.5200000e+01   0.043389114876021255
   4.5205000e+01   0.05545587487602126
   4.5210000e+01   0.061315787576021255
   4.5215000e+01  0.05957908377602125
   4.5220000e+01  0.050710494276021256
   4.5225000e+01  0.036823092776021256
   4.5230000e+01  0.021098455526021256
   4.5235000e+01  0.006972469026021255
   4.5240000e+01  -0.002729860223978744
   4.5245000e+01  -0.006500524523978745
   4.5250000e+01   -0.004500391248978745
   4.5255000e+01   0.001559374076021255
   4.5260000e+01   0.008986566826021256
   4.5265000e+01   0.014959023526021256
   4.5270000e+01   0.017386911313521256
   4.5275000e+01  0.015505869776021256
   4.5280000e+01  0.010010412151021256
   4.5285000e+01  0.0026961981510212557
   4.5290000e+01  -0.004245887098978745
   4.5295000e+01  -0.009013976723978745
   4.5300000e+01  -0.010761520943978744
   4.5305000e+01   -0.009744932363978744
   4.5310000e+01   -0.007038131063978744
   4.5315000e+01   -0.003992901738978744
   4.5320000e+01   -0.0017247194639787434
   4.5325000e+01   -0.0008549494289787434
   4.5330000e+01  -0.0015699184939787433
   4.5335000e+01  -0.003867145593978743
   4.5340000e+01  -0.0077629910939787435
   4.5345000e+01  -0.013288393268978745
   4.5350000e+01  -0.020262120518978743
   4.5355000e+01  -0.028000296768978743
   4.5360000e+01  -0.035192315018978744
   4.5365000e+01  -0.040102174743978744
   4.5370000e+01   -0.041079111193978744
   4.5375000e+01   -0.03717948041897874
   4.5380000e+01   -0.02861531241897874
   4.5385000e+01   -0.016804995418978744
   4.5390000e+01   -0.0039803261689787435
   4.5395000e+01   0.007490877331021257
   4.5400000e+01   0.01578303558102126
   4.5405000e+01   0.020026750281021258
   4.5410000e+01  0.020338379106021258
   4.5415000e+01  0.01753422448102126
   4.5420000e+01  0.012729987981021259
   4.5425000e+01  0.007037216481021259
   4.5430000e+01  0.0014656032310212588
   4.5435000e+01  -0.003008944343978741
   4.5440000e+01  -0.00535797364397874
   4.5445000e+01   -0.00455070361897874
   4.5450000e+01   0.0001972261310212598
   4.5455000e+01   0.00905274913102126
   4.5460000e+01   0.02125464238102126
   4.5465000e+01   0.035060527881021264
   4.5470000e+01   0.04805979088102126
   4.5475000e+01   0.05780466663102126
   4.5480000e+01   0.06255836140602127
   4.5485000e+01  0.06187892803102126
   4.5490000e+01  0.05679379563102126
   4.5495000e+01  0.04946851738102126
   4.5500000e+01  0.04247975988102126
   4.5505000e+01  0.03797731698102126
   4.5510000e+01   0.037075117081021264
   4.5515000e+01   0.039707003931021265
   4.5520000e+01   0.044959966281021266
   4.5525000e+01   0.051667462031021266
   4.5530000e+01   0.05893548928102127
   4.5535000e+01   0.06634887053102127
   4.5540000e+01   0.07382019878102128
   4.5545000e+01   0.08126607103102128
   4.5550000e+01   0.08838584428102128
   4.5555000e+01   0.09472333828102128
   4.5560000e+01   0.09997841153102129
   4.5565000e+01   0.10434551983102129
   4.5570000e+01   0.1086139203310213
   4.5575000e+01   0.1138954567810213
   4.5580000e+01   0.1210677985310213
   4.5585000e+01   0.1301987242810213
   4.5590000e+01   0.1402486417810213
   4.5595000e+01   0.1492221790310213
   4.5600000e+01   0.1547316569310213
   4.5605000e+01  0.1547575086810213
   4.5610000e+01  0.1483251167810213
   4.5615000e+01  0.1358767850310213
   4.5620000e+01  0.1192512785310213
   4.5625000e+01  0.10131810103102129
   4.5630000e+01  0.0853967817810213
   4.5635000e+01  0.0746118272810213
   4.5640000e+01   0.0713128036060213
   4.5645000e+01   0.0766544461810213
   4.5650000e+01   0.0903990389310213
   4.5655000e+01   0.1109717381810213
   4.5660000e+01   0.1357621051810213
   4.5665000e+01   0.1616202736810213
   4.5670000e+01   0.1854519871810213
   4.5675000e+01   0.2047872009310213
   4.5680000e+01   0.2181948439310213
   4.5685000e+01   0.2254472309310213
   4.5690000e+01  0.2273971322785213
   4.5695000e+01  0.2256049881760213
   4.5700000e+01  0.2218233345010213
   4.5705000e+01  0.2174888488510213
   4.5710000e+01  0.2133725761760213
   4.5715000e+01  0.2094899110260213
   4.5720000e+01  0.2052844397760213
   4.5725000e+01  0.20000194867602128
   4.5730000e+01  0.1931009251760213
   4.5735000e+01  0.1845358999260213
   4.5740000e+01  0.17480857092602128
   4.5745000e+01  0.16478528617602128
   4.5750000e+01  0.15538074292602128
   4.5755000e+01  0.14725845442602128
   4.5760000e+01  0.1406752664260213
   4.5765000e+01  0.1355147763260213
   4.5770000e+01  0.1314583460510213
   4.5775000e+01  0.12818365415102131
   4.5780000e+01  0.12548788365102131
   4.5785000e+01  0.12329577582602132
   4.5790000e+01  0.12159000275102132
   4.5795000e+01  0.12034428875102132
   4.5800000e+01  0.11952358622602133
   4.5805000e+01  0.11915471741602132
   4.5810000e+01   0.11940921798102132
   4.5815000e+01   0.12062159173102131
   4.5820000e+01   0.12320432720602131
   4.5825000e+01   0.12748927950602132
   4.5830000e+01   0.13357527150602133
   4.5835000e+01   0.14125832025602134
   4.5840000e+01   0.15006578425602135
   4.5845000e+01   0.15934752925602136
   4.5850000e+01   0.16834448250602135
   4.5855000e+01   0.17618288875602134
   4.5860000e+01   0.18181510503102133
   4.5865000e+01   0.18399646204602133
   4.5870000e+01  0.18140192778602132
   4.5875000e+01  0.17292590153602133
   4.5880000e+01  0.15809941153602133
   4.5885000e+01  0.13746146428602132
   4.5890000e+01  0.11269605403602131
   4.5895000e+01  0.08641831203602131
   4.5900000e+01  0.0616342347860213
   4.5905000e+01  0.04104034103602129
   4.5910000e+01  0.026401695036021293
   4.5915000e+01  0.01821456753602129
   4.5920000e+01   0.01574322041602129
   4.5925000e+01   0.01737885839602129
   4.5930000e+01   0.02116746359602129
   4.5935000e+01   0.025327084096021288
   4.5940000e+01   0.02861659382102129
   4.5945000e+01   0.03049045012102129
   4.5950000e+01  0.03103997188377129
   4.5955000e+01  0.03076423112152129
   4.5960000e+01  0.030238526546521288
   4.5965000e+01  0.029768229134021287
   4.5970000e+01  0.029131522746521286
   4.5975000e+01  0.027510225721521286
   4.5980000e+01  0.023663879446521287
   4.5985000e+01  0.016317474446521287
   4.5990000e+01  0.004637257446521286
   4.5995000e+01  -0.011387797053478714
   4.6000000e+01  -0.03081845030347872
   4.6005000e+01  -0.05194810905347873
   4.6010000e+01  -0.07271674055347874
   4.6015000e+01  -0.09117929330347874
   4.6020000e+01  -0.10584741480347874
   4.6025000e+01  -0.11581174555347874
   4.6030000e+01  -0.12067960807847875
   4.6035000e+01   -0.12045289912847874
   4.6040000e+01   -0.11547179090347874
   4.6045000e+01   -0.10646673815347873
   4.6050000e+01   -0.09465222190347873
   4.6055000e+01   -0.08173356990347873
   4.6060000e+01   -0.06972461515347873
   4.6065000e+01   -0.060573942153478735
   4.6070000e+01   -0.055711022828478736
   4.6075000e+01  -0.055684139228478736
   4.6080000e+01  -0.06003600370347874
   4.6085000e+01  -0.06746606870347874
   4.6090000e+01  -0.07621239620347874
   4.6095000e+01  -0.08450746295347873
   4.6100000e+01  -0.09095399970347873
   4.6105000e+01  -0.09472391677847873
   4.6110000e+01   -0.09556988260347873
   4.6115000e+01   -0.09371026387847874
   4.6120000e+01   -0.08967392025347874
   4.6125000e+01   -0.08417073385347874
   4.6130000e+01   -0.07801055410347875
   4.6135000e+01   -0.07205721685347875
   4.6140000e+01   -0.06719115197847875
   4.6145000e+01   -0.06425902910347875
   4.6150000e+01  -0.06399749627847875
   4.6155000e+01  -0.06692343525347876
   4.6160000e+01  -0.07319259505347875
   4.6165000e+01  -0.08245273030347874
   4.6170000e+01  -0.09375241805347874
   4.6175000e+01  -0.10558712505347874
   4.6180000e+01  -0.11613885705347873
   4.6185000e+01  -0.12368702630347873
   4.6190000e+01  -0.12706879502847873
   4.6195000e+01   -0.12600760950347872
   4.6200000e+01   -0.12115814100347873
   4.6205000e+01   -0.11383386825347873
   4.6210000e+01   -0.10553185600347872
   4.6215000e+01   -0.09746412525347872
   4.6220000e+01   -0.09028970975347872
   4.6225000e+01   -0.08412437025347871
   4.6230000e+01   -0.07875610650347871
   4.6235000e+01   -0.0739025621284787
   4.6240000e+01   -0.0693620688034787
   4.6245000e+01   -0.06501454495347869
   4.6250000e+01   -0.06074605065347869
   4.6255000e+01   -0.05641955637847869
   4.6260000e+01   -0.051961830378478686
   4.6265000e+01   -0.047522381678478685
   4.6270000e+01   -0.04357151057847868
   4.6275000e+01   -0.040813167328478686
   4.6280000e+01  -0.03989942412097869
   4.6285000e+01  -0.04107609103847869
   4.6290000e+01  -0.043962778613478685
   4.6295000e+01  -0.04761567586347869
   4.6300000e+01  -0.050863732188478686
   4.6305000e+01  -0.052747468788478684
   4.6310000e+01   -0.05282995701347869
   4.6315000e+01   -0.051232017238478686
   4.6320000e+01   -0.04841516438847868
   4.6325000e+01   -0.04488457846347868
   4.6330000e+01   -0.04101482241347868
   4.6335000e+01   -0.03709664931347868
   4.6340000e+01   -0.033536360088478684
   4.6345000e+01   -0.031022275263478685
   4.6350000e+01  -0.030484487188478685
   4.6355000e+01  -0.032807707313478686
   4.6360000e+01  -0.038426009638478684
   4.6365000e+01  -0.04702239738847869
   4.6370000e+01  -0.05751327313847869
   4.6375000e+01  -0.06834388788847869
   4.6380000e+01  -0.07795181263847868
   4.6385000e+01  -0.08517502588847868
   4.6390000e+01  -0.08943399113847868
   4.6395000e+01   -0.09066223399347868
   4.6400000e+01   -0.08910071159847868
   4.6405000e+01   -0.08512007084847868
   4.6410000e+01   -0.07916986184847868
   4.6415000e+01   -0.07183011209847869
   4.6420000e+01   -0.06385022859847869
   4.6425000e+01   -0.05606747209847869
   4.6430000e+01   -0.04919533609847869
   4.6435000e+01   -0.04358851499847869
   4.6440000e+01   -0.03913878147347869
   4.6445000e+01   -0.03539472322347869
   4.6450000e+01   -0.03186314907347869
   4.6455000e+01   -0.028328822598478687
   4.6460000e+01   -0.025003723573478687
   4.6465000e+01   -0.022408688073478684
   4.6470000e+01   -0.021045862923478684
   4.6475000e+01  -0.021045872773478684
   4.6480000e+01  -0.021992778348478684
   4.6485000e+01  -0.023031003098478685
   4.6490000e+01   -0.023200124600978686
   4.6495000e+01   -0.021818345028478688
   4.6500000e+01   -0.018714060128478687
   4.6505000e+01   -0.014194872503478687
   4.6510000e+01   -0.008788274003478688
   4.6515000e+01   -0.0029050660034786882
   4.6520000e+01   0.0033939292465213107
   4.6525000e+01   0.01041021574652131
   4.6530000e+01   0.01859313549652131
   4.6535000e+01   0.02819397524652131
   4.6540000e+01   0.03893415099652131
   4.6545000e+01   0.04982356274652131
   4.6550000e+01   0.05921274174652131
   4.6555000e+01   0.0650904976215213
   4.6560000e+01  0.06556665797152131
   4.6565000e+01  0.05942077394652131
   4.6570000e+01  0.046564212946521306
   4.6575000e+01  0.028266611696521306
   4.6580000e+01  0.007045808196521307
   4.6585000e+01  -0.013790845303478693
   4.6590000e+01  -0.030857501053478693
   4.6595000e+01  -0.04146497055347869
   4.6600000e+01   -0.044235174203478694
   4.6605000e+01   -0.039371249603478695
   4.6610000e+01   -0.028509717353478695
   4.6615000e+01   -0.014218715853478694
   4.6620000e+01   0.0006842028965213069
   4.6625000e+01   0.013782569396521305
   4.6630000e+01   0.023508490146521302
   4.6635000e+01   0.0293089449715213
   4.6640000e+01   0.0315523661965213
   4.6645000e+01  0.031264131971521295
   4.6650000e+01  0.029798682896521295
   4.6655000e+01  0.028535542721521295
   4.6660000e+01   0.028647295696521295
   4.6665000e+01   0.030949061571521295
   4.6670000e+01   0.035813527246521294
   4.6675000e+01   0.043129016996521295
   4.6680000e+01   0.052290721746521295
   4.6685000e+01   0.06223932924652129
   4.6690000e+01   0.0715799187465213
   4.6695000e+01   0.07880777699652129
   4.6700000e+01   0.08262917774652129
   4.6705000e+01  0.08230878174652129
   4.6710000e+01  0.07793344824652129
   4.6715000e+01  0.0704852244965213
   4.6720000e+01  0.06167098899652129
   4.6725000e+01  0.053539353746521294
   4.6730000e+01  0.0479874550215213
   4.6735000e+01   0.046290503274021295
   4.6740000e+01   0.0487712146015213
   4.6745000e+01   0.0546837464515213
   4.6750000e+01   0.062340048701521295
   4.6755000e+01   0.0694628627015213
   4.6760000e+01   0.0737017920265213
   4.6765000e+01  0.0731950315765213
   4.6770000e+01  0.0670199630515213
   4.6775000e+01  0.055386197801521306
   4.6780000e+01  0.039503858301521304
   4.6785000e+01  0.021183694051521304
   4.6790000e+01  0.0023320888015213037
   4.6795000e+01  -0.015466981698478696
   4.6800000e+01  -0.031154782698478697
   4.6805000e+01  -0.044173079948478695
   4.6810000e+01  -0.054299638198478696
   4.6815000e+01  -0.0614665929484787
   4.6820000e+01  -0.06564992842347869
   4.6825000e+01   -0.0668505066759787
   4.6830000e+01   -0.06513207232847869
   4.6835000e+01   -0.06066662095347869
   4.6840000e+01   -0.053759106203478686
   4.6845000e+01   -0.04485617645347868
   4.6850000e+01   -0.034559489703478684
   4.6855000e+01   -0.023651080203478683
   4.6860000e+01   -0.013107213703478683
   4.6865000e+01   -0.004054341453478683
   4.6870000e+01   0.002370780796521316
   4.6875000e+01   0.005252096246521317
   4.6880000e+01  0.004155873596521317
   4.6885000e+01  -0.0006740352534786833
   4.6890000e+01  -0.008277954753478683
   4.6895000e+01  -0.017139940003478682
   4.6900000e+01  -0.025514037503478682
   4.6905000e+01  -0.031823602453478685
   4.6910000e+01  -0.035012659753478684
   4.6915000e+01   -0.034746386503478686
   4.6920000e+01   -0.031412991528478686
   4.6925000e+01   -0.025948292653478686
   4.6930000e+01   -0.019558284653478683
   4.6935000e+01   -0.013432373903478683
   4.6940000e+01   -0.008517539278478684
   4.6945000e+01   -0.005379043553478684
   4.6950000e+01   -0.004135118085978684
   4.6955000e+01  -0.004443329943478684
   4.6960000e+01  -0.005535544293478684
   4.6965000e+01  -0.006323842525978684
   4.6970000e+01   -0.005601250633478684
   4.6975000e+01   -0.002324988483478684
   4.6980000e+01   0.0040861329165213164
   4.6985000e+01   0.013544247416521318
   4.6990000e+01   0.02526119066652132
   4.6995000e+01   0.03791117441652132
   4.7000000e+01   0.049926152166521326
   4.7005000e+01   0.059821906166521326
   4.7010000e+01   0.06646911429152133
   4.7015000e+01   0.06927301631652133
   4.7020000e+01  0.06826457331652133
   4.7025000e+01  0.06411044641652133
   4.7030000e+01  0.058030742166521335
   4.7035000e+01  0.051605412416521335
   4.7040000e+01  0.04647414179152133
   4.7045000e+01  0.04398146066652133
   4.7050000e+01   0.04485762296652133
   4.7055000e+01   0.04902901401652133
   4.7060000e+01   0.05561533076652133
   4.7065000e+01   0.06311360451652133
   4.7070000e+01   0.06971789551652133
   4.7075000e+01   0.07369512631652132
   4.7080000e+01  0.07373316751652133
   4.7085000e+01  0.06918890366652133
   4.7090000e+01  0.06018565366652133
   4.7095000e+01  0.04754168441652133
   4.7100000e+01  0.03255501541652133
   4.7105000e+01  0.01671363941652133
   4.7110000e+01  0.0014225924165213299
   4.7115000e+01  -0.01217813008347867
   4.7120000e+01  -0.02328267733347867
   4.7125000e+01  -0.031408143833478674
   4.7130000e+01  -0.03635766823347868
   4.7135000e+01  -0.038190934545978675
   4.7140000e+01   -0.03719485353347868
   4.7145000e+01   -0.033826609908478675
   4.7150000e+01   -0.028619096458478675
   4.7155000e+01   -0.022078099958478675
   4.7160000e+01   -0.014624841458478675
   4.7165000e+01   -0.006622038708478675
   4.7170000e+01   0.0015265742915213255
   4.7175000e+01   0.009263072541521325
   4.7180000e+01   0.015827403041521325
   4.7185000e+01   0.020329082616521325
   4.7190000e+01  0.021936001943021324
   4.7195000e+01  0.020115562194521326
   4.7200000e+01  0.014825853194521326
   4.7205000e+01  0.006562266444521325
   4.7210000e+01  -0.0037807465554786767
   4.7215000e+01  -0.015192934305478677
   4.7220000e+01  -0.026867083805478677
   4.7225000e+01  -0.03842031755547868
   4.7230000e+01  -0.04992254205547868
   4.7235000e+01  -0.06172125655547868
   4.7240000e+01  -0.07414335305547867
   4.7245000e+01  -0.08720791205547868
   4.7250000e+01  -0.10047329930547867
   4.7255000e+01  -0.11307471005547867
   4.7260000e+01  -0.12392180230547867
   4.7265000e+01  -0.13196522180547868
   4.7270000e+01  -0.13643214488047867
   4.7275000e+01   -0.13696810805547865
   4.7280000e+01   -0.13367381540547865
   4.7285000e+01   -0.12705872590547865
   4.7290000e+01   -0.11793720065547865
   4.7295000e+01   -0.10728286640547866
   4.7300000e+01   -0.09605601215547865
   4.7305000e+01   -0.08503524315547865
   4.7310000e+01   -0.07470208840547865
   4.7315000e+01   -0.06522052790547865
   4.7320000e+01   -0.05651423990547865
   4.7325000e+01   -0.04839450615547865
   4.7330000e+01   -0.04066861665547865
   4.7335000e+01   -0.03318404315547865
   4.7340000e+01   -0.025821765905478647
   4.7345000e+01   -0.018497906655478645
   4.7350000e+01   -0.011226355905478644
   4.7355000e+01   -0.004235096905478643
   4.7360000e+01   0.0019423785945213573
   4.7365000e+01   0.006505139894521357
   4.7370000e+01   0.008607879594521358
   4.7375000e+01  0.007720715569521358
   4.7380000e+01  0.003978177144521358
   4.7385000e+01  -0.0016633601054786415
   4.7390000e+01  -0.007579965105478641
   4.7395000e+01  -0.01193437795547864
   4.7400000e+01   -0.01327676367797864
   4.7405000e+01   -0.011058471375478642
   4.7410000e+01   -0.005851196450478641
   4.7415000e+01   0.0008123342995213587
   4.7420000e+01   0.006899789549521359
   4.7425000e+01   0.01045230717452136
   4.7430000e+01  0.01006576597452136
   4.7435000e+01  0.005157822149521361
   4.7440000e+01  -0.003988520600478639
   4.7445000e+01  -0.016339418600478637
   4.7450000e+01  -0.030311749600478638
   4.7455000e+01  -0.04402918360047864
   4.7460000e+01  -0.05563072335047864
   4.7465000e+01  -0.06361749110047864
   4.7470000e+01  -0.06717658572547863
   4.7475000e+01   -0.06637978150047863
   4.7480000e+01   -0.06216065640047863
   4.7485000e+01   -0.05603832515047863
   4.7490000e+01   -0.04965375215047863
   4.7495000e+01   -0.044267365025478636
   4.7500000e+01   -0.040390847225478636
   4.7505000e+01   -0.03767731622547864
   4.7510000e+01   -0.035095639675478636
   4.7515000e+01   -0.031313194425478634
   4.7520000e+01   -0.025150546150478632
   4.7525000e+01   -0.015968752650478632
   4.7530000e+01   -0.003892059650478631
   4.7535000e+01   0.010173364599521369
   4.7540000e+01   0.024714123599521368
   4.7545000e+01   0.03793239584952137
   4.7550000e+01   0.04814655459952137
   4.7555000e+01   0.054179683499521375
   4.7560000e+01  0.055637665474521376
   4.7565000e+01  0.052994917449521374
   4.7570000e+01  0.047455220349521376
   4.7575000e+01  0.040627378099521376
   4.7580000e+01  0.03412127059952137
   4.7585000e+01  0.02919538789952137
   4.7590000e+01  0.02655597192452137
   4.7595000e+01   0.02633561744952137
   4.7600000e+01   0.02820543894952137
   4.7605000e+01   0.03153950157452137
   4.7610000e+01   0.03556671464952137
   4.7615000e+01   0.039492602474521375
   4.7620000e+01   0.04261150214952138
   4.7625000e+01   0.04442998949952138
   4.7630000e+01  0.044787953357021376
   4.7635000e+01  0.043926603239521377
   4.7640000e+01  0.042448098689521374
   4.7645000e+01  0.041150709314521375
   4.7650000e+01   0.04078499362202138
   4.7655000e+01   0.041821858879521376
   4.7660000e+01   0.04432367635452138
   4.7665000e+01   0.04796377512952138
   4.7670000e+01   0.05217285297952138
   4.7675000e+01   0.05633811420452138
   4.7680000e+01   0.05996772222952138
   4.7685000e+01   0.06276347435452138
   4.7690000e+01   0.06460027332952138
   4.7695000e+01   0.06546090378202138
   4.7700000e+01  0.06539087823452137
   4.7705000e+01  0.06451186385952137
   4.7710000e+01  0.06308038280952137
   4.7715000e+01  0.06153503373452137
   4.7720000e+01  0.06047047803452137
   4.7725000e+01   0.06051596168452137
   4.7730000e+01   0.06215685485952137
   4.7735000e+01   0.06558072600952136
   4.7740000e+01   0.07062539823452137
   4.7745000e+01   0.07685504073452137
   4.7750000e+01   0.08372179073452138
   4.7755000e+01   0.09072632848452138
   4.7760000e+01   0.09749755023452138
   4.7765000e+01   0.10376328148452138
   4.7770000e+01   0.10924791998452138
   4.7775000e+01   0.11357129170952138
   4.7780000e+01   0.11621702915952138
   4.7785000e+01  0.11659750225952138
   4.7790000e+01  0.11419294373452138
   4.7795000e+01  0.10871106233452138
   4.7800000e+01  0.10021052633452138
   4.7805000e+01  0.08914997608452138
   4.7810000e+01  0.07634838908452138
   4.7815000e+01  0.06286199433452137
   4.7820000e+01  0.049797532334521374
   4.7825000e+01  0.038097487834521375
   4.7830000e+01  0.028350846584521375
   4.7835000e+01  0.020692028084521374
   4.7840000e+01  0.014834511584521374
   4.7845000e+01  0.010238557959521374
   4.7850000e+01  0.006351388209521374
   4.7855000e+01  0.002817703559521373
   4.7860000e+01  -0.00043179916547862653
   4.7865000e+01  -0.003244895865478626
   4.7870000e+01  -0.005416013540478626
   4.7875000e+01  -0.006857760840478626
   4.7880000e+01  -0.007685282690478626
   4.7885000e+01  -0.008186350567978626
   4.7890000e+01  -0.008723985070478626
   4.7895000e+01  -0.009652459820478626
   4.7900000e+01  -0.011299748970478626
   4.7905000e+01  -0.014002677870478627
   4.7910000e+01  -0.018127122920478626
   4.7915000e+01  -0.024007715320478625
   4.7920000e+01  -0.031801741320478624
   4.7925000e+01  -0.04132882507047862
   4.7930000e+01  -0.05200539557047862
   4.7935000e+01  -0.06294921882047862
   4.7940000e+01  -0.07323942882047861
   4.7945000e+01  -0.08222441607047862
   4.7950000e+01  -0.08973148132047862
   4.7955000e+01  -0.09607495982047862
   4.7960000e+01  -0.10186150182047862
   4.7965000e+01  -0.10769386132047862
   4.7970000e+01  -0.11391834532047862
   4.7975000e+01  -0.12052256482047861
   4.7980000e+01  -0.12719656457047862
   4.7985000e+01  -0.13348163057047863
   4.7990000e+01  -0.13890051519547864
   4.7995000e+01  -0.14300386737047863
   4.8000000e+01  -0.14534723262047863
   4.8005000e+01   -0.14547499384547863
   4.8010000e+01   -0.14298962077047864
   4.8015000e+01   -0.13772414917047865
   4.8020000e+01   -0.12995118792047866
   4.8025000e+01   -0.12050776567047866
   4.8030000e+01   -0.11072972917047866
   4.8035000e+01   -0.10217013217047866
   4.8040000e+01   -0.09618244699547865
   4.8045000e+01   -0.09352553274547865
   4.8050000e+01  -0.09415242617047864
   4.8055000e+01  -0.09727428409547864
   4.8060000e+01  -0.10167622619547864
   4.8065000e+01  -0.10615607857047864
   4.8070000e+01  -0.10990863652047864
   4.8075000e+01  -0.11270873264547863
   4.8080000e+01  -0.11484015072047864
   4.8085000e+01  -0.11682826462047864
   4.8090000e+01  -0.11911030882047864
   4.8095000e+01  -0.12178812422047865
   4.8100000e+01  -0.12455856934547865
   4.8105000e+01  -0.12683678812047866
   4.8110000e+01  -0.12801179463547865
   4.8115000e+01   -0.12772590257547867
   4.8120000e+01   -0.12606064735047867
   4.8125000e+01   -0.12354556525047868
   4.8130000e+01   -0.12097630867547868
   4.8135000e+01   -0.11911186052547867
   4.8140000e+01   -0.11837880543047867
   4.8145000e+01  -0.11871014171047867
   4.8150000e+01  -0.11958312648547867
   4.8155000e+01  -0.12022814470547867
   4.8160000e+01   -0.11990819407547867
   4.8165000e+01   -0.11815046905047867
   4.8170000e+01   -0.11484821007547867
   4.8175000e+01   -0.11021585165047867
   4.8180000e+01   -0.10464049865047867
   4.8185000e+01   -0.09850514865047867
   4.8190000e+01   -0.09205662640047867
   4.8195000e+01   -0.08536012090047866
   4.8200000e+01   -0.07833858140047867
   4.8205000e+01   -0.07085973865047866
   4.8210000e+01   -0.06282262990047867
   4.8215000e+01   -0.054211915400478664
   4.8220000e+01   -0.04511809115047866
   4.8225000e+01   -0.035742652150478664
   4.8230000e+01   -0.026403939650478665
   4.8235000e+01   -0.017535287150478664
   4.8240000e+01   -0.009643929150478665
   4.8245000e+01   -0.0032025221504786644
   4.8250000e+01   0.0015158742745213357
   4.8255000e+01   0.004593235224521336
   4.8260000e+01   0.006514754774521335
   4.8265000e+01   0.008038836249521335
   4.8270000e+01   0.009903807899521335
   4.8275000e+01   0.012489507124521335
   4.8280000e+01   0.015608930149521335
   4.8285000e+01   0.018570449949521336
   4.8290000e+01   0.020529406399521336
   4.8295000e+01  0.020996455122021335
   4.8300000e+01  0.020268271569521334
   4.8305000e+01  0.019551615157021335
   4.8310000e+01   0.020669649694521335
   4.8315000e+01   0.025421135769521333
   4.8320000e+01   0.034829868019521336
   4.8325000e+01   0.048598611019521336
   4.8330000e+01   0.06502761276952133
   4.8335000e+01   0.08148312726952134
   4.8340000e+01   0.09527037501952133
   4.8345000e+01   0.10457638426952133
   4.8350000e+01   0.10909359751952133
   4.8355000e+01  0.11005411026202133
   4.8360000e+01  0.10965444163702133
   4.8365000e+01   0.11012006951952133
   4.8370000e+01   0.11281851074452133
   4.8375000e+01   0.11779860046952133
   4.8380000e+01   0.12392329846952133
   4.8385000e+01   0.12947670726952132
   4.8390000e+01   0.13290908344452132
   4.8395000e+01  0.13335031136952133
   4.8400000e+01  0.13068862609452134
   4.8405000e+01  0.12527927401952133
   4.8410000e+01  0.11755697251952132
   4.8415000e+01  0.10785038601952132
   4.8420000e+01  0.09652566751952132
   4.8425000e+01  0.08433294101952132
   4.8430000e+01  0.07265950101952132
   4.8435000e+01  0.06341778126952131
   4.8440000e+01  0.05850451696952132
   4.8445000e+01   0.05903818404452132
   4.8450000e+01   0.06475598591952132
   4.8455000e+01   0.07392344266952132
   4.8460000e+01   0.08388208066952133
   4.8465000e+01   0.09204422466952132
   4.8470000e+01   0.09690120419452132
   4.8475000e+01   0.09857517177202132
   4.8480000e+01  0.09864669424952133
   4.8485000e+01   0.09933735414952133
   4.8490000e+01   0.10244351307452133
   4.8495000e+01   0.10853730377452134
   4.8500000e+01   0.11680732927452134
   4.8505000e+01   0.12557856677452134
   4.8510000e+01   0.13320574127452134
   4.8515000e+01   0.13886019814952133
   4.8520000e+01   0.14281464827452134
   4.8525000e+01   0.14611729389952133
   4.8530000e+01   0.14987229307452132
   4.8535000e+01   0.15453065212452133
   4.8540000e+01   0.15955595244952134
   4.8545000e+01   0.16360637247452134
   4.8550000e+01  0.16510711672202133
   4.8555000e+01  0.16291983956952133
   4.8560000e+01  0.15681476111952133
   4.8565000e+01  0.14758214836952133
   4.8570000e+01  0.13678836436952133
   4.8575000e+01  0.12630346036952134
   4.8580000e+01  0.11777239011952134
   4.8585000e+01  0.11218870196952134
   4.8590000e+01  0.10968665789452134
   4.8595000e+01   0.10960564266952134
   4.8600000e+01   0.11079791534452134
   4.8605000e+01   0.11206091374452135
   4.8610000e+01  0.11251960617202135
   4.8615000e+01  0.11180732572452134
   4.8620000e+01  0.10999983227452134
   4.8625000e+01  0.10739181909952134
   4.8630000e+01  0.10428228362452134
   4.8635000e+01  0.10090168892452134
   4.8640000e+01  0.09749285779952134
   4.8645000e+01  0.09443604289952134
   4.8650000e+01  0.09227385742452135
   4.8655000e+01   0.09156666617452135
   4.8660000e+01   0.09263724654952135
   4.8665000e+01   0.09535359297452135
   4.8670000e+01   0.09909049447452135
   4.8675000e+01   0.10291299437452135
   4.8680000e+01   0.10590270374952135
   4.8685000e+01   0.10747395917452135
   4.8690000e+01  0.10753779009952134
   4.8695000e+01  0.10645389339952134
   4.8700000e+01  0.10481577894952133
   4.8705000e+01  0.10318800447452134
   4.8710000e+01  0.10192353027452133
   4.8715000e+01  0.10113396254952134
   4.8720000e+01  0.10079763013702134
   4.8725000e+01   0.10091731224952134
   4.8730000e+01   0.10161961524952134
   4.8735000e+01   0.10313053419952134
   4.8740000e+01   0.10564045504952134
   4.8745000e+01   0.10913989544952134
   4.8750000e+01   0.11332464934952134
   4.8755000e+01   0.11762690449952135
   4.8760000e+01   0.12135545577452135
   4.8765000e+01   0.12387072084952135
   4.8770000e+01  0.12471461236952135
   4.8775000e+01  0.12366110541452134
   4.8780000e+01  0.12071372086452134
   4.8785000e+01  0.11610373608952133
   4.8790000e+01  0.11031548958952134
   4.8795000e+01  0.10410482383952134
   4.8800000e+01  0.09843623483952134
   4.8805000e+01  0.09428733638952135
   4.8810000e+01  0.09235354568952135
   4.8815000e+01   0.09277827138952136
   4.8820000e+01   0.09506419351452136
   4.8825000e+01   0.09825295421452136
   4.8830000e+01   0.10132173623952136
   4.8835000e+01   0.10361589268952136
   4.8840000e+01   0.10509971348952135
   4.8845000e+01   0.10629368281452135
   4.8850000e+01   0.10793272906452135
   4.8855000e+01   0.11053181121452135
   4.8860000e+01   0.11409401668952135
   4.8865000e+01   0.11811269918952134
   4.8870000e+01   0.12185114856452134
   4.8875000e+01   0.12472825318952134
   4.8880000e+01   0.12658561981452135
   4.8885000e+01   0.12768893236452136
   4.8890000e+01   0.12847566066452137
   4.8895000e+01   0.12920754936452136
   4.8900000e+01   0.12973501981452137
   4.8905000e+01  0.12950738028952138
   4.8910000e+01  0.1278162082895214
   4.8915000e+01  0.12412935763952139
   4.8920000e+01  0.1183348314895214
   4.8925000e+01  0.1107821809895214
   4.8930000e+01  0.1021329694895214
   4.8935000e+01  0.0931304719895214
   4.8940000e+01  0.0844158317395214
   4.8945000e+01  0.0764558099895214
   4.8950000e+01  0.06955947348952139
   4.8955000e+01  0.06391025241452139
   4.8960000e+01  0.05955387333952139
   4.8965000e+01  0.05634095728952139
   4.8970000e+01  0.05387737973952139
   4.8975000e+01  0.05154714036452139
   4.8980000e+01  0.04863637183952139
   4.8985000e+01  0.04452912276452139
   4.8990000e+01  0.03890115383952139
   4.8995000e+01  0.03183037258952139
   4.9000000e+01  0.023773275589521393
   4.9005000e+01  0.015409788589521392
   4.9010000e+01  0.0074108065895213925
   4.9015000e+01  0.00021283508952139266
   4.9020000e+01  -0.006118735160478608
   4.9025000e+01  -0.011890360160478609
   4.9030000e+01  -0.01764936341047861
   4.9035000e+01  -0.02397365916047861
   4.9040000e+01  -0.031259759160478615
   4.9045000e+01  -0.039579942910478616
   4.9050000e+01  -0.048647019160478616
   4.9055000e+01  -0.05788446591047862
   4.9060000e+01  -0.06656948141047862
   4.9065000e+01  -0.07400548166047863
   4.9070000e+01  -0.07968472551047863
   4.9075000e+01  -0.08341038766047863
   4.9080000e+01  -0.08535377833547864
   4.9085000e+01  -0.08602879066547864
   4.9090000e+01  -0.08617897056797864
   4.9095000e+01  -0.08659527736547865
   4.9100000e+01  -0.08790766841547865
   4.9105000e+01  -0.09040867821547864
   4.9110000e+01  -0.09396315969047864
   4.9115000e+01  -0.09803554561547864
   4.9120000e+01  -0.10183254111547864
   4.9125000e+01  -0.10452564539047864
   4.9130000e+01   -0.10549319179872864
   4.9135000e+01   -0.10451231653197864
   4.9140000e+01   -0.10184199760697864
   4.9145000e+01   -0.09816930628197863
   4.9150000e+01   -0.09443463123197864
   4.9155000e+01   -0.09159222035697863
   4.9160000e+01   -0.09038262895697863
   4.9165000e+01  -0.09118429735697862
   4.9170000e+01  -0.09397731498197863
   4.9175000e+01  -0.09840996288197863
   4.9180000e+01  -0.10392683663197863
   4.9185000e+01  -0.10990780988197862
   4.9190000e+01  -0.11577921063197863
   4.9195000e+01  -0.12108172188197863
   4.9200000e+01  -0.12550003578197863
   4.9205000e+01  -0.12886825340697863
   4.9210000e+01  -0.13116245490697864
   4.9215000e+01  -0.13248492770697864
   4.9220000e+01  -0.13304087456697863
   4.9225000e+01   -0.13310979212947863
   4.9230000e+01   -0.13301541992947863
   4.9235000e+01  -0.13309507590197864
   4.9240000e+01  -0.13366259757697863
   4.9245000e+01  -0.13495702182697863
   4.9250000e+01  -0.13707861790197864
   4.9255000e+01  -0.13993214342697866
   4.9260000e+01  -0.14321075177697865
   4.9265000e+01  -0.14644839030197865
   4.9270000e+01  -0.14914101552697864
   4.9275000e+01  -0.15090095507697865
   4.9280000e+01  -0.15158582431947865
   4.9285000e+01   -0.15134859573697865
   4.9290000e+01   -0.15058725426197864
   4.9295000e+01   -0.14981441576197863
   4.9300000e+01  -0.14949833266322862
   4.9305000e+01  -0.14993317911447862
   4.9310000e+01  -0.15117810283947863
   4.9315000e+01  -0.15307268576447863
   4.9320000e+01  -0.15530731146447863
   4.9325000e+01  -0.15751308658947863
   4.9330000e+01  -0.15934080631447864
   4.9335000e+01  -0.16051551601447864
   4.9340000e+01   -0.16087049337697865
   4.9345000e+01   -0.16037143691447864
   4.9350000e+01   -0.15913528168947863
   4.9355000e+01   -0.15743461988947863
   4.9360000e+01   -0.15566992573947863
   4.9365000e+01   -0.15429720713947864
   4.9370000e+01   -0.15371841641447864
   4.9375000e+01  -0.15416505871447864
   4.9380000e+01  -0.15561657813947863
   4.9385000e+01  -0.15778527731447864
   4.9390000e+01  -0.16017313931447863
   4.9395000e+01  -0.16217807448947863
   4.9400000e+01  -0.16321299129947864
   4.9405000e+01   -0.16280581753447865
   4.9410000e+01   -0.16066519933447865
   4.9415000e+01   -0.15671257110947864
   4.9420000e+01   -0.15108775608447864
   4.9425000e+01   -0.14413201658447863
   4.9430000e+01   -0.13634635383447863
   4.9435000e+01   -0.12832176633447862
   4.9440000e+01   -0.12064523783447861
   4.9445000e+01   -0.11379666008447861
   4.9450000e+01   -0.10805993008447862
   4.9455000e+01   -0.10347026685947862
   4.9460000e+01   -0.09980995785947862
   4.9465000e+01   -0.09665246850947862
   4.9470000e+01   -0.09344642723447862
   4.9475000e+01   -0.08962749388447862
   4.9480000e+01   -0.08474330573447862
   4.9485000e+01   -0.07857056048447862
   4.9490000e+01   -0.07119567323447862
   4.9495000e+01   -0.06302905673447862
   4.9500000e+01   -0.05473520898447862
   4.9505000e+01   -0.04708612148447862
   4.9510000e+01   -0.04077433898447862
   4.9515000e+01   -0.03624054503447861
   4.9520000e+01   -0.03356917590947861
   4.9525000e+01   -0.03248381050697861
   4.9530000e+01  -0.03244026786197861
   4.9535000e+01  -0.03278237920197861
   4.9540000e+01   -0.03290588298447861
   4.9545000e+01   -0.03237783845947861
   4.9550000e+01   -0.03098223390947861
   4.9555000e+01   -0.028697095559478608
   4.9560000e+01   -0.025637278409478607
   4.9565000e+01   -0.022004339984478608
   4.9570000e+01   -0.01806613810947861
   4.9575000e+01   -0.014156330659478609
   4.9580000e+01   -0.010660661409478609
   4.9585000e+01   -0.007961185334478609
   4.9590000e+01   -0.006341138209478609
   4.9595000e+01  -0.005890974136978608
   4.9600000e+01  -0.006471814889478608
   4.9605000e+01  -0.007770771589478608
   4.9610000e+01  -0.009433327589478608
   4.9615000e+01  -0.011211437689478607
   4.9620000e+01  -0.013052804364478608
   4.9625000e+01  -0.01508720116447861
   4.9630000e+01  -0.017522345314478608
   4.9635000e+01  -0.02051052251447861
   4.9640000e+01  -0.02405867303947861
   4.9645000e+01  -0.02802302096447861
   4.9650000e+01  -0.03217558216447861
   4.9655000e+01  -0.036288527264478614
   4.9660000e+01  -0.040179196289478615
   4.9665000e+01  -0.04369389133947862
   4.9670000e+01  -0.046657196914478616
   4.9675000e+01  -0.048841759489478616
   4.9680000e+01  -0.05000166941447862
   4.9685000e+01   -0.049968370639478614
   4.9690000e+01   -0.04876048536447861
   4.9695000e+01   -0.046639349414478615
   4.9700000e+01   -0.044064106064478616
   4.9705000e+01   -0.041552371989478615
   4.9710000e+01   -0.03950569953947861
   4.9715000e+01   -0.038083499864478614
   4.9720000e+01   -0.03719011758947861
   4.9725000e+01   -0.03658531828947861
   4.9730000e+01   -0.03606538013947861
   4.9735000e+01   -0.03562292947947861
   4.9740000e+01  -0.035500362096978606
   4.9745000e+01  -0.03610248642447861
   4.9750000e+01  -0.03780323442447861
   4.9755000e+01  -0.04073259332447861
   4.9760000e+01  -0.044637106399478606
   4.9765000e+01  -0.0488695772494786
   4.9770000e+01  -0.0525050531994786
   4.9775000e+01  -0.0545334168744786
   4.9780000e+01   -0.0540645971244786
   4.9785000e+01   -0.0504983027994786
   4.9790000e+01   -0.043636784299478606
   4.9795000e+01   -0.03373607304947861
   4.9800000e+01   -0.021491852549478607
   4.9805000e+01   -0.007950525799478608
   4.9810000e+01   0.00565947920052139
   4.9815000e+01   0.01815850245052139
   4.9820000e+01   0.028658490950521393
   4.9825000e+01   0.03674598620052139
   4.9830000e+01   0.04254022712552139
   4.9835000e+01   0.046599552550521395
   4.9840000e+01   0.04970306212552139
   4.9845000e+01   0.052579194200521394
   4.9850000e+01   0.0556696440505214
   4.9855000e+01   0.059001933675521395
   4.9860000e+01   0.062206493300521394
   4.9865000e+01   0.06466898690052139
   4.9870000e+01   0.06576834808302139
   4.9875000e+01  0.06512447836552139
   4.9880000e+01  0.0627739018405214
   4.9885000e+01  0.059211833865521396
   4.9890000e+01  0.0552832793905214
   4.9895000e+01  0.0519606889655214
   4.9900000e+01  0.050088872240521394
   4.9905000e+01   0.05018836539052139
   4.9910000e+01   0.052380083640521394
   4.9915000e+01   0.05644087291552139
   4.9920000e+01   0.06194812201552139
   4.9925000e+01   0.0684452610155214
   4.9930000e+01   0.0755660280155214
   4.9935000e+01   0.08308388626552139
   4.9940000e+01   0.09088635701552139
   4.9945000e+01   0.09889874876552139
   4.9950000e+01   0.10699350751552139
   4.9955000e+01   0.1149223917655214
   4.9960000e+01   0.1223018490155214
   4.9965000e+01   0.1286679557655214
   4.9970000e+01   0.13359578234052139
   4.9975000e+01   0.1368515310155214
   4.9980000e+01   0.1385220498905214
   4.9985000e+01   0.1390575573580214
   4.9990000e+01   0.1391811775430214
   4.9995000e+01   0.1396660372605214
   5.0000000e+01   0.1410442487105214
   5.0005000e+01   0.1433632629355214
   5.0010000e+01   0.1461105631105214
   5.0015000e+01   0.14837013243552138
   5.0020000e+01  0.14916978790802138
   5.0025000e+01  0.14787716343052137
   5.0030000e+01  0.14446342263052137
   5.0035000e+01  0.13950964013052136
   5.0040000e+01  0.13395909913052137
   5.0045000e+01  0.12874959618052137
   5.0050000e+01  0.12451573688052137
   5.0055000e+01  0.12149711015552137
   5.0060000e+01  0.11965690330552137
   5.0065000e+01  0.11888869065802136
   5.0070000e+01   0.11914564446052137
   5.0075000e+01   0.12039200508552136
   5.0080000e+01   0.12240838333552137
   5.0085000e+01   0.12459680771052137
   5.0090000e+01   0.12595599818552136
   5.0095000e+01  0.12531369933552136
   5.0100000e+01  0.12175615178552136
   5.0105000e+01  0.11506723578552136
   5.0110000e+01  0.10595520378552135
   5.0115000e+01  0.09592792253552135
   5.0120000e+01  0.08683941603552135
   5.0125000e+01  0.08028830736052135
   5.0130000e+01  0.07711931828552135
   5.0135000e+01   0.07722485591052135
   5.0140000e+01   0.07969524498552134
   5.0145000e+01   0.08320517151052134
   5.0150000e+01   0.08643660136052134
   5.0155000e+01   0.08836507026052133
   5.0160000e+01  0.08834871041052134
   5.0165000e+01  0.08608130193552134
   5.0170000e+01  0.08152706283552134
   5.0175000e+01  0.07491929558552135
   5.0180000e+01  0.06681313258552135
   5.0185000e+01  0.05810512183552135
   5.0190000e+01  0.04992589808552135
   5.0195000e+01  0.043382245835521346
   5.0200000e+01  0.039224816935521344
   5.0205000e+01  0.037582138975521345
   5.0210000e+01   0.037889280765521345
   5.0215000e+01   0.03905776954052134
   5.0220000e+01   0.03982848041802134
   5.0225000e+01  0.03917528312052134
   5.0230000e+01  0.03661514877052134
   5.0235000e+01  0.03232656667052134
   5.0240000e+01  0.02705427392052134
   5.0245000e+01  0.02185095812052134
   5.0250000e+01  0.01775188667052134
   5.0255000e+01  0.01548696117052134
   5.0260000e+01   0.01530966644552134
   5.0265000e+01   0.01697597604552134
   5.0270000e+01   0.01985610219552134
   5.0275000e+01   0.02312578609552134
   5.0280000e+01   0.02597236397052134
   5.0285000e+01   0.02776287219552134
   5.0290000e+01  0.02814544111052134
   5.0295000e+01  0.02707762172552134
   5.0300000e+01  0.02478922887552134
   5.0305000e+01  0.02169477290052134
   5.0310000e+01  0.01827691610052134
   5.0315000e+01  0.014968834600521338
   5.0320000e+01  0.012064950425521338
   5.0325000e+01  0.009680455975521338
   5.0330000e+01  0.0077612227505213386
   5.0335000e+01  0.0061266186505213385
   5.0340000e+01  0.004520639325521339
   5.0345000e+01  0.002656531900521339
   5.0350000e+01  0.00025895667552133924
   5.0355000e+01  -0.002880576449478661
   5.0360000e+01  -0.0068274352494786614
   5.0365000e+01  -0.011425091674478662
   5.0370000e+01  -0.016257593549478665
   5.0375000e+01  -0.020699130899478665
   5.0380000e+01  -0.024065032824478666
   5.0385000e+01  -0.025825899324478666
   5.0390000e+01   -0.025802827799478664
   5.0395000e+01   -0.024255711699478665
   5.0400000e+01   -0.021816671149478665
   5.0405000e+01   -0.019288020949478665
   5.0410000e+01   -0.017383894049478665
   5.0415000e+01   -0.016516537016978666
   5.0420000e+01  -0.016703639109478665
   5.0425000e+01  -0.017617389134478665
   5.0430000e+01  -0.018738263209478665
   5.0435000e+01  -0.019542972434478664
   5.0440000e+01   -0.019657527584478664
   5.0445000e+01   -0.018935787009478663
   5.0450000e+01   -0.017461791809478662
   5.0455000e+01   -0.015500493434478662
   5.0460000e+01   -0.013426036184478662
   5.0465000e+01   -0.011644298159478662
   5.0470000e+01   -0.010512118059478662
   5.0475000e+01  -0.010253873006978663
   5.0480000e+01  -0.010889271129478663
   5.0485000e+01  -0.012202363229478663
   5.0490000e+01  -0.013782996054478663
   5.0495000e+01  -0.015148755729478663
   5.0500000e+01  -0.015916113326978662
   5.0505000e+01   -0.01595655415447866
   5.0510000e+01   -0.015469269484478661
   5.0515000e+01   -0.01493293422947866
   5.0520000e+01  -0.01495045454197866
   5.0525000e+01  -0.01604553488447866
   5.0530000e+01  -0.018486312384478662
   5.0535000e+01  -0.022194123709478663
   5.0540000e+01  -0.026757399059478663
   5.0545000e+01  -0.03153224360947866
   5.0550000e+01  -0.03578866565947866
   5.0555000e+01  -0.038859598884478666
   5.0560000e+01  -0.04026300674447866
   5.0565000e+01   -0.039784140104478664
   5.0570000e+01   -0.037515331079478666
   5.0575000e+01   -0.033851041154478664
   5.0580000e+01   -0.029431300704478663
   5.0585000e+01   -0.025027534754478664
   5.0590000e+01   -0.021378867379478663
   5.0595000e+01   -0.019011830254478664
   5.0600000e+01   -0.018098010969478665
   5.0605000e+01  -0.018405336659478664
   5.0610000e+01  -0.019371636759478665
   5.0615000e+01  -0.020283189959478667
   5.0620000e+01   -0.020498383184478667
   5.0625000e+01   -0.01963903498447867
   5.0630000e+01   -0.01768730783447867
   5.0635000e+01   -0.014965118509478669
   5.0640000e+01   -0.012016044934478668
   5.0645000e+01   -0.009438685784478668
   5.0650000e+01   -0.007726495659478669
   5.0655000e+01  -0.007154804009478669
   5.0660000e+01  -0.007731567559478668
   5.0665000e+01  -0.009207206834478667
   5.0670000e+01  -0.011129322059478667
   5.0675000e+01  -0.012930056434478667
   5.0680000e+01  -0.014038772034478668
   5.0685000e+01   -0.014010148859478667
   5.0690000e+01   -0.012644945159478668
   5.0695000e+01   -0.010066333184478667
   5.0700000e+01   -0.006713854784478666
   5.0705000e+01   -0.003238460234478666
   5.0710000e+01   -0.00031984445947866617
   5.0715000e+01   0.001537084465521334
   5.0720000e+01   0.0021555286680963338
   5.0725000e+01  0.0017341344956713336
   5.0730000e+01  0.0007708314956713335
   5.0735000e+01  -0.0001090674543286665
   5.0740000e+01   -0.0003577410318286665
   5.0745000e+01   0.0003319503156713335
   5.0750000e+01   0.001962754215671334
   5.0755000e+01   0.004285083365671334
   5.0760000e+01   0.006930647540671334
   5.0765000e+01   0.009557727015671334
   5.0770000e+01   0.011937467490671334
   5.0775000e+01   0.013947925115671334
   5.0780000e+01   0.015498243640671334
   5.0785000e+01   0.016446845190671334
   5.0790000e+01  0.016579758598171335
   5.0795000e+01  0.015676632380671334
   5.0800000e+01  0.013635494005671333
   5.0805000e+01  0.010586044080671334
   5.0810000e+01  0.006919205055671333
   5.0815000e+01  0.0031998348806713335
   5.0820000e+01  -1.0303944328666614e-5
   5.0825000e+01  -0.002342855419328667
   5.0830000e+01  -0.0037384253443286672
   5.0835000e+01  -0.004433413274328667
   5.0840000e+01  -0.0048273015793286675
   5.0845000e+01  -0.0052985664293286674
   5.0850000e+01  -0.006060163729328667
   5.0855000e+01  -0.007119805054328667
   5.0860000e+01  -0.008351053304328667
   5.0865000e+01  -0.009622500104328666
   5.0870000e+01  -0.010906454729328666
   5.0875000e+01  -0.012307788154328666
   5.0880000e+01  -0.014003514979328667
   5.0885000e+01  -0.016133832529328665
   5.0890000e+01  -0.018708046554328665
   5.0895000e+01  -0.021574953054328664
   5.0900000e+01  -0.024469183229328666
   5.0905000e+01  -0.027106753104328665
   5.0910000e+01  -0.029284822329328664
   5.0915000e+01  -0.030947775154328665
   5.0920000e+01  -0.03220393160432866
   5.0925000e+01  -0.03329787545432866
   5.0930000e+01  -0.03455187045432866
   5.0935000e+01  -0.036287892754328664
   5.0940000e+01  -0.03873976940432866
   5.0945000e+01  -0.04197081870432866
   5.0950000e+01  -0.04582341530432866
   5.0955000e+01  -0.04993074145432866
   5.0960000e+01  -0.05380640295432866
   5.0965000e+01  -0.05699543837932866
   5.0970000e+01  -0.05923569837932866
   5.0975000e+01  -0.06056244685432866
   5.0980000e+01  -0.061304539304328665
   5.0985000e+01  -0.061964263154328666
   5.0990000e+01  -0.06302550490432866
   5.0995000e+01  -0.06477045657932866
   5.1000000e+01  -0.06718440015432865
   5.1005000e+01  -0.06998917387932865
   5.1010000e+01  -0.07278616570432865
   5.1015000e+01  -0.07523825777932865
   5.1020000e+01  -0.07720324572932864
   5.1025000e+01  -0.07875794762932864
   5.1030000e+01  -0.08010892540432864
   5.1035000e+01  -0.08144298295432864
   5.1040000e+01  -0.08279869192932864
   5.1045000e+01  -0.08402531435432864
   5.1050000e+01  -0.08484711830432864
   5.1055000e+01   -0.08499636458432865
   5.1060000e+01   -0.08434639048932864
   5.1065000e+01   -0.08298203316432864
   5.1070000e+01   -0.08118112251432864
   5.1075000e+01   -0.07932514663932864
   5.1080000e+01   -0.07778577476432864
   5.1085000e+01   -0.07683563193932864
   5.1090000e+01  -0.07661163132682865
   5.1095000e+01  -0.07713162331432864
   5.1100000e+01  -0.07834340258932865
   5.1105000e+01  -0.08017569008932865
   5.1110000e+01  -0.08256412361432865
   5.1115000e+01  -0.08543944586432865
   5.1120000e+01  -0.08868585943932865
   5.1125000e+01  -0.09209704943932864
   5.1130000e+01  -0.09536478753932864
   5.1135000e+01  -0.09812272681432864
   5.1140000e+01  -0.10003937091432864
   5.1145000e+01  -0.10092473923182864
   5.1150000e+01   -0.10080340592432864
   5.1155000e+01   -0.09992055167432864
   5.1160000e+01   -0.09867898104932865
   5.1165000e+01   -0.09753477144932865
   5.1170000e+01   -0.09689137010182865
   5.1175000e+01  -0.09702344247932865
   5.1180000e+01  -0.09804183877932865
   5.1185000e+01  -0.09989279982932865
   5.1190000e+01  -0.10237638145432865
   5.1195000e+01  -0.10517171107932864
   5.1200000e+01  -0.10786533737932864
   5.1205000e+01  -0.10998731685432864
   5.1210000e+01  -0.11106275386682864
   5.1215000e+01   -0.11068183745432864
   5.1220000e+01   -0.10858013315432863
   5.1225000e+01   -0.10470813582932863
   5.1230000e+01   -0.09926266885432863
   5.1235000e+01   -0.09265915885432863
   5.1240000e+01   -0.08544346385432863
   5.1245000e+01   -0.07816662035432863
   5.1250000e+01   -0.07126233235432863
   5.1255000e+01   -0.06496512560432863
   5.1260000e+01   -0.05928747710432863
   5.1265000e+01   -0.05404899060432863
   5.1270000e+01   -0.04893529235432863
   5.1275000e+01   -0.04356636735432863
   5.1280000e+01   -0.03756770485432863
   5.1285000e+01   -0.03064840860432863
   5.1290000e+01   -0.022686925604328632
   5.1295000e+01   -0.013808269604328632
   5.1300000e+01   -0.004419913854328633
   5.1305000e+01   0.004826869145671368
   5.1310000e+01   0.013160518395671368
   5.1315000e+01   0.01987015839567137
   5.1320000e+01   0.02448443667067137
   5.1325000e+01   0.02688177389567137
   5.1330000e+01  0.02729083838317137
   5.1335000e+01  0.02618588317067137
   5.1340000e+01  0.02412450017067137
   5.1345000e+01  0.02159390802067137
   5.1350000e+01  0.01891892522067137
   5.1355000e+01  0.01625007222067137
   5.1360000e+01  0.013613127245671371
   5.1365000e+01  0.01097950262067137
   5.1370000e+01  0.008317792995671371
   5.1375000e+01  0.005606987870671371
   5.1380000e+01  0.0028189710456713703
   5.1385000e+01  -0.00010266435432862995
   5.1390000e+01  -0.00323919935432863
   5.1395000e+01  -0.00665783127932863
   5.1400000e+01  -0.01035160647932863
   5.1405000e+01  -0.01419025220432863
   5.1410000e+01  -0.01791271235432863
   5.1415000e+01  -0.02117340852932863
   5.1420000e+01  -0.02362991807932863
   5.1425000e+01  -0.02504350395432863
   5.1430000e+01   -0.02536144022682863
   5.1435000e+01   -0.02475722012432863
   5.1440000e+01   -0.02361418462432863
   5.1445000e+01   -0.02244748357432863
   5.1450000e+01   -0.02177237641682863
   5.1455000e+01  -0.02194661773432863
   5.1460000e+01  -0.02303511668432863
   5.1465000e+01  -0.02475183485932863
   5.1470000e+01  -0.02651480828432863
   5.1475000e+01  -0.02760758520932863
   5.1480000e+01   -0.02739367945932863
   5.1485000e+01   -0.025505340084328632
   5.1490000e+01   -0.021938850834328633
   5.1495000e+01   -0.017030032559328633
   5.1500000e+01   -0.01133345705932863
   5.1505000e+01   -0.00546238155932863
   5.1510000e+01   4.9829190671369684e-5
   5.1515000e+01   0.00482867396567137
   5.1520000e+01   0.00867321501567137
   5.1525000e+01   0.01152829656567137
   5.1530000e+01   0.01344483029067137
   5.1535000e+01   0.01455018424067137
   5.1540000e+01   0.01503402077067137
   5.1545000e+01  0.01514124372217137
   5.1550000e+01   0.01515986108617137
   5.1555000e+01   0.015397182171171371
   5.1560000e+01   0.01614698113867137
   5.1565000e+01   0.017656196013671372
   5.1570000e+01   0.020098951463671372
   5.1575000e+01   0.023560100463671373
   5.1580000e+01   0.02802558168867137
   5.1585000e+01   0.03337730681367137
   5.1590000e+01   0.03939559956367137
   5.1595000e+01   0.04577669081367137
   5.1600000e+01   0.05217012006367137
   5.1605000e+01   0.05823045331367137
   5.1610000e+01   0.06366657081367137
   5.1615000e+01   0.06826971563867137
   5.1620000e+01   0.07191251303867137
   5.1625000e+01   0.07452872553867138
   5.1630000e+01   0.07609461086367138
   5.1635000e+01   0.07662816063867138
   5.1640000e+01  0.07620467933867138
   5.1645000e+01  0.07496913708867138
   5.1650000e+01  0.07312148796367138
   5.1655000e+01  0.07086530076367138
   5.1660000e+01  0.06833466146367138
   5.1665000e+01  0.06553451611367138
   5.1670000e+01  0.06233295143867138
   5.1675000e+01  0.05852662163867138
   5.1680000e+01  0.05396848586367138
   5.1685000e+01  0.04871289666367138
   5.1690000e+01  0.04311231816367138
   5.1695000e+01  0.03780562486367138
   5.1700000e+01  0.03357413393867138
   5.1705000e+01  0.031097870013671383
   5.1710000e+01   0.030697107888671384
   5.1715000e+01   0.03216570011367138
   5.1720000e+01   0.03477769058867138
   5.1725000e+01   0.037484256113671385
   5.1730000e+01   0.03924144488867139
   5.1735000e+01  0.039354354938671385
   5.1740000e+01  0.03771386673867139
   5.1745000e+01  0.03484087908867139
   5.1750000e+01  0.03172332363867139
   5.1755000e+01  0.02950498848867139
   5.1760000e+01   0.02913472366367139
   5.1765000e+01   0.031092745513671388
   5.1770000e+01   0.035276563163671386
   5.1775000e+01   0.04106774041367139
   5.1780000e+01   0.047537316413671385
   5.1785000e+01   0.053706555663671385
   5.1790000e+01   0.058774186813671386
   5.1795000e+01   0.062248986888671386
   5.1800000e+01   0.06397168428867138
   5.1805000e+01  0.06405176741367138
   5.1810000e+01  0.06276654333867139
   5.1815000e+01  0.060466588788671394
   5.1820000e+01  0.057510677363671395
   5.1825000e+01  0.0542287930386714
   5.1830000e+01  0.050897637188671394
   5.1835000e+01  0.04771491431367139
   5.1840000e+01  0.04477221931367139
   5.1845000e+01  0.04204042091367139
   5.1850000e+01  0.03938530623867139
   5.1855000e+01  0.03662094256367139
   5.1860000e+01  0.03358865088867139
   5.1865000e+01  0.03023165928867139
   5.1870000e+01  0.02663053471367139
   5.1875000e+01  0.02297767913867139
   5.1880000e+01  0.01949662991367139
   5.1885000e+01  0.01634127593867139
   5.1890000e+01  0.01352562786367139
   5.1895000e+01  0.01092524746367139
   5.1900000e+01  0.008357620213671391
   5.1905000e+01  0.005705667413671391
   5.1910000e+01  0.003019449888671391
   5.1915000e+01  0.0005346331386713908
   5.1920000e+01  -0.001415513686328609
   5.1925000e+01  -0.002562881986328609
   5.1930000e+01   -0.002867584153828609
   5.1935000e+01   -0.002599742481328609
   5.1940000e+01   -0.002291783876328609
   5.1945000e+01  -0.002570690461328609
   5.1950000e+01  -0.003933963411328609
   5.1955000e+01  -0.006559049961328609
   5.1960000e+01  -0.010222781511328608
   5.1965000e+01  -0.014361926636328608
   5.1970000e+01  -0.01824898876132861
   5.1975000e+01  -0.021213835286328607
   5.1980000e+01  -0.022829629111328607
   5.1985000e+01   -0.023003654111328608
   5.1990000e+01   -0.021956753261328607
   5.1995000e+01   -0.020117576611328607
   5.2000000e+01   -0.01798153456132861
   5.2005000e+01   -0.015983577311328608
   5.2010000e+01   -0.014415922811328608
   5.2015000e+01   -0.013399655736328607
   5.2020000e+01   -0.012902701226328608
   5.2025000e+01  -0.012788727776328607
   5.2030000e+01  -0.012879432778828607
   5.2035000e+01  -0.013013335861328607
   5.2040000e+01  -0.013087066444328607
   5.2045000e+01   -0.013071138592328606
   5.2050000e+01   -0.013000945697328606
   5.2055000e+01   -0.012952054631828606
   5.2060000e+01  -0.013012775271328606
   5.2065000e+01  -0.013264615578828607
   5.2070000e+01  -0.013774517681328606
   5.2075000e+01  -0.014595795856328607
   5.2080000e+01  -0.015770801356328606
   5.2085000e+01  -0.017328486681328605
   5.2090000e+01  -0.019273416781328604
   5.2095000e+01  -0.021568095631328603
   5.2100000e+01  -0.024116245106328604
   5.2105000e+01  -0.026758465056328604
   5.2110000e+01  -0.029290326956328605
   5.2115000e+01  -0.0315045940313286
   5.2120000e+01  -0.033246216981328604
   5.2125000e+01  -0.0344578370813286
   5.2130000e+01  -0.0351925573063286
   5.2135000e+01  -0.0355829439988286
   5.2140000e+01  -0.0357757542063286
   5.2145000e+01  -0.0358597781645786
   5.2150000e+01   -0.035819043990328606
   5.2155000e+01   -0.03553247953532861
   5.2160000e+01   -0.03482030459782861
   5.2165000e+01   -0.03351809837282861
   5.2170000e+01   -0.03155036747282861
   5.2175000e+01   -0.028978281247828613
   5.2180000e+01   -0.026006833722828613
   5.2185000e+01   -0.022949350872828612
   5.2190000e+01   -0.020158443147828612
   5.2195000e+01   -0.017941054297828614
   5.2200000e+01   -0.016480497922828612
   5.2205000e+01   -0.015788800492828613
   5.2210000e+01  -0.015706673187828615
   5.2215000e+01  -0.015956050507828615
   5.2220000e+01  -0.016234065595328615
   5.2225000e+01   -0.016322453061578614
   5.2230000e+01   -0.016178043097828613
   5.2235000e+01   -0.015972011200328613
   5.2240000e+01  -0.016058396787828614
   5.2245000e+01  -0.016872932035328615
   5.2250000e+01  -0.018785736585328616
   5.2255000e+01  -0.021949693535328618
   5.2260000e+01  -0.026194836585328618
   5.2265000e+01  -0.031013365210328617
   5.2270000e+01  -0.035657327510328615
   5.2275000e+01  -0.03933380171032862
   5.2280000e+01  -0.04144124146032862
   5.2285000e+01   -0.04176387491032862
   5.2290000e+01   -0.04054628713532862
   5.2295000e+01   -0.038412002435328614
   5.2300000e+01   -0.036152319835328614
   5.2305000e+01   -0.034465200760328614
   5.2310000e+01   -0.03374207443032862
   5.2315000e+01  -0.033975582900328614
   5.2320000e+01  -0.034808756850328616
   5.2325000e+01  -0.035692782875328614
   5.2330000e+01  -0.036088485192578616
   5.2335000e+01   -0.035643063134828616
   5.2340000e+01   -0.03429197053482862
   5.2345000e+01   -0.032264259359828615
   5.2350000e+01   -0.029998597009828615
   5.2355000e+01   -0.028000994084828614
   5.2360000e+01   -0.026690448009828616
   5.2365000e+01  -0.026281585124828616
   5.2370000e+01  -0.026741401989828616
   5.2375000e+01  -0.027831971114828616
   5.2380000e+01  -0.029220110689828615
   5.2385000e+01  -0.030610286339828614
   5.2390000e+01  -0.03184906483982861
   5.2395000e+01  -0.03296212213982861
   5.2400000e+01  -0.03411264858982861
   5.2405000e+01  -0.035500770564828615
   5.2410000e+01  -0.037244690939828615
   5.2415000e+01  -0.039288760589828615
   5.2420000e+01  -0.041372567514828616
   5.2425000e+01  -0.04307439248982862
   5.2430000e+01  -0.043918726684828616
   5.2435000e+01   -0.043516250479828614
   5.2440000e+01   -0.04169071187982861
   5.2445000e+01   -0.03854639262982861
   5.2450000e+01   -0.03444674022982861
   5.2455000e+01   -0.02990697765482861
   5.2460000e+01   -0.02543904650482861
   5.2465000e+01   -0.02140852690482861
   5.2470000e+01   -0.017957473504828608
   5.2475000e+01   -0.015015781054828608
   5.2480000e+01   -0.012382825004828606
   5.2485000e+01   -0.009832226829828606
   5.2490000e+01   -0.007189840079828607
   5.2495000e+01   -0.004357596079828606
   5.2500000e+01   -0.0012895451548286057
   5.2505000e+01   0.0020473887951713943
   5.2510000e+01   0.005690065445171394
   5.2515000e+01   0.009652722595171394
   5.2520000e+01   0.013867454270171393
   5.2525000e+01   0.018128355245171392
   5.2530000e+01   0.022083835745171393
   5.2535000e+01   0.025303784845171394
   5.2540000e+01   0.027411850845171393
   5.2545000e+01   0.028235987835171394
   5.2550000e+01  0.027912455600171394
   5.2555000e+01  0.026890639200171394
   5.2560000e+01  0.025824068050171393
   5.2565000e+01   0.025379379021671394
   5.2570000e+01   0.026028437343171396
   5.2575000e+01   0.027895330793171396
   5.2580000e+01   0.030708676093171395
   5.2585000e+01   0.033871549093171395
   5.2590000e+01   0.036622173243171394
   5.2595000e+01   0.038231709918171396
   5.2600000e+01  0.03817827661817139
   5.2605000e+01  0.03624925261817139
   5.2610000e+01  0.032551945543171396
   5.2615000e+01  0.027445955168171395
   5.2620000e+01  0.021436339668171392
   5.2625000e+01  0.015073791168171391
   5.2630000e+01  0.008893054668171392
   5.2635000e+01  0.003391857668171392
   5.2640000e+01  -0.0009737267068286081
   5.2645000e+01  -0.0038095329068286083
   5.2650000e+01  -0.004836046066828609
   5.2655000e+01   -0.0039619842018286085
   5.2660000e+01   -0.0013436294268286083
   5.2665000e+01   0.002608280898171392
   5.2670000e+01   0.007292621898171392
   5.2675000e+01   0.012040433823171392
   5.2680000e+01   0.01625857232317139
   5.2685000e+01   0.01955048324817139
   5.2690000e+01   0.02178234999817139
   5.2695000e+01   0.02308439062317139
   5.2700000e+01   0.02379619864817139
   5.2705000e+01   0.02437516204817139
   5.2710000e+01   0.02528879812317139
   5.2715000e+01   0.02690987014817139
   5.2720000e+01   0.029431167348171392
   5.2725000e+01   0.03281536247317139
   5.2730000e+01   0.03679232732317139
   5.2735000e+01   0.04090917564817139
   5.2740000e+01   0.04462638007317139
   5.2745000e+01   0.04743905092317139
   5.2750000e+01   0.04899151474817139
   5.2755000e+01  0.049152148023171395
   5.2760000e+01  0.0480270862481714
   5.2765000e+01  0.045912315898171394
   5.2770000e+01  0.04320426014817139
   5.2775000e+01  0.04029940617317139
   5.2780000e+01  0.03751005942317139
   5.2785000e+01  0.035010725448171395
   5.2790000e+01  0.032817244173171396
   5.2795000e+01  0.030795302723171394
   5.2800000e+01  0.028695697748171396
   5.2805000e+01  0.026214436148171396
   5.2810000e+01  0.023070935623171397
   5.2815000e+01  0.019088029623171396
   5.2820000e+01  0.014250289898171396
   5.2825000e+01  0.008719979648171398
   5.2830000e+01  0.002804240398171398
   5.2835000e+01  -0.003113771851828602
   5.2840000e+01  -0.008653807351828602
   5.2845000e+01  -0.013501524726828602
   5.2850000e+01  -0.0174423309518286
   5.2855000e+01  -0.0203701576768286
   5.2860000e+01  -0.0222866697768286
   5.2865000e+01  -0.0233051224768286
   5.2870000e+01  -0.0236601517293286
   5.2875000e+01   -0.023708664915603597
   5.2880000e+01  -0.023899037251878596
   5.2885000e+01  -0.024693580454378597
   5.2890000e+01  -0.026451414329378597
   5.2895000e+01  -0.029304981429378596
   5.2900000e+01  -0.0330791569043786
   5.2905000e+01  -0.037296824029378596
   5.2910000e+01  -0.04128819547937859
   5.2915000e+01  -0.044382527104378594
   5.2920000e+01  -0.04612544687937859
   5.2925000e+01   -0.046447564206878594
   5.2930000e+01   -0.04571896655937859
   5.2935000e+01   -0.044659110909378595
   5.2940000e+01   -0.0441221226193786
   5.2945000e+01  -0.0448257007793786
   5.2950000e+01  -0.0471178921043786
   5.2955000e+01  -0.0508665938043786
   5.2960000e+01  -0.0555124765793786
   5.2965000e+01  -0.060263832479378596
   5.2970000e+01  -0.06435809795437859
   5.2975000e+01  -0.06729305940437859
   5.2980000e+01  -0.06894963132937859
   5.2985000e+01  -0.0695768151993786
   5.2990000e+01   -0.0696638950506286
   5.2995000e+01  -0.0697607695493786
   5.3000000e+01  -0.0703123687668786
   5.3005000e+01  -0.07155192481687861
   5.3010000e+01  -0.0734666038918786
   5.3015000e+01  -0.0758244205668786
   5.3020000e+01  -0.0782413429668786
   5.3025000e+01  -0.0802688656668786
   5.3030000e+01  -0.08148624366687861
   5.3035000e+01   -0.0815818627168786
   5.3040000e+01   -0.0804060347918786
   5.3045000e+01   -0.0779792835168786
   5.3050000e+01   -0.0744510347418786
   5.3055000e+01   -0.0700218651668786
   5.3060000e+01   -0.0648595679418786
   5.3065000e+01   -0.0590451949418786
   5.3070000e+01   -0.0525748516918786
   5.3075000e+01   -0.0454196169418786
   5.3080000e+01   -0.0376195454418786
   5.3085000e+01   -0.029370089941878598
   5.3090000e+01   -0.021058620691878596
   5.3095000e+01   -0.013226172441878596
   5.3100000e+01   -0.006458747691878596
   5.3105000e+01   -0.0012419385918785962
   5.3110000e+01   0.002169915758121404
   5.3115000e+01   0.003821230758121404
   5.3120000e+01  0.004032711778121404
   5.3125000e+01  0.0032957721731214037
   5.3130000e+01  0.0021218996481214038
   5.3135000e+01  0.0009011515731214038
   5.3140000e+01  -0.00018154602687859601
   5.3145000e+01  -0.001148046601878596
   5.3150000e+01  -0.002154978826878596
   5.3155000e+01  -0.0033835289268785962
   5.3160000e+01  -0.004937184151878596
   5.3165000e+01  -0.006785184126878596
   5.3170000e+01  -0.008767505126878596
   5.3175000e+01  -0.010652421776878597
   5.3180000e+01  -0.012220013226878596
   5.3185000e+01  -0.013339381326878596
   5.3190000e+01  -0.014013072011878597
   5.3195000e+01  -0.014375111079378597
   5.3200000e+01  -0.014644588596878597
   5.3205000e+01  -0.015050991581878597
   5.3210000e+01  -0.0157569000818786
   5.3215000e+01  -0.0168047332818786
   5.3220000e+01  -0.0181051953068786
   5.3225000e+01  -0.0194683763068786
   5.3230000e+01  -0.020661310781878602
   5.3235000e+01  -0.0214668783068786
   5.3240000e+01   -0.0217229286568786
   5.3245000e+01   -0.0213344398568786
   5.3250000e+01   -0.0202663017818786
   5.3255000e+01   -0.018530930831878602
   5.3260000e+01   -0.016180593556878602
   5.3265000e+01   -0.013304121006878602
   5.3270000e+01   -0.0100203771568786
   5.3275000e+01   -0.006462198681878601
   5.3280000e+01   -0.002753252681878601
   5.3285000e+01   0.0010108556931213986
   5.3290000e+01   0.0047646106181213985
   5.3295000e+01   0.008453982793121399
   5.3300000e+01   0.012007450468121399
   5.3305000e+01   0.015316484043121399
   5.3310000e+01   0.0182426480181214
   5.3315000e+01   0.0206533326181214
   5.3320000e+01   0.0224691560181214
   5.3325000e+01   0.0236956591931214
   5.3330000e+01   0.024417864793121403
   5.3335000e+01   0.024756038705621403
   5.3340000e+01  0.024802836615621403
   5.3345000e+01  0.024572642660621404
   5.3350000e+01  0.023987216683121402
   5.3355000e+01  0.022902590033121402
   5.3360000e+01  0.021162572033121402
   5.3365000e+01  0.018655394308121402
   5.3370000e+01  0.015355114933121403
   5.3375000e+01  0.011342344483121403
   5.3380000e+01  0.006809232458121403
   5.3385000e+01  0.002054397908121403
   5.3390000e+01  -0.0025340528668785977
   5.3395000e+01  -0.006516518141878598
   5.3400000e+01  -0.009467859241878599
   5.3405000e+01  -0.011064698816878599
   5.3410000e+01   -0.011169851116878599
   5.3415000e+01   -0.009880354816878599
   5.3420000e+01   -0.007512965716878598
   5.3425000e+01   -0.004523559091878598
   5.3430000e+01   -0.0013839511168785984
   5.3435000e+01   0.0015421499581214017
   5.3440000e+01   0.0040813898581214016
   5.3445000e+01   0.0062646440581214016
   5.3450000e+01   0.008271808983121402
   5.3455000e+01   0.010332043808121402
   5.3460000e+01   0.012619279933121402
   5.3465000e+01   0.015182576983121402
   5.3470000e+01   0.0179351902831214
   5.3475000e+01   0.0207011791581214
   5.3480000e+01   0.0232945230081214
   5.3485000e+01   0.0255935259581214
   5.3490000e+01   0.0275781452581214
   5.3495000e+01   0.0293170712331214
   5.3500000e+01   0.0309154196831214
   5.3505000e+01   0.0324512980331214
   5.3510000e+01   0.0339324810581214
   5.3515000e+01   0.035292453008121394
   5.3520000e+01   0.03642481920812139
   5.3525000e+01   0.03723689483312139
   5.3530000e+01   0.03769580325812139
   5.3535000e+01   0.03784627180462139
   5.3540000e+01  0.03779415198112139
   5.3545000e+01  0.03766533351362139
   5.3550000e+01  0.03755910067362139
   5.3555000e+01  0.03751544828112139
   5.3560000e+01  0.03750900245707139
   5.3565000e+01  0.037471357993021384
   5.3570000e+01  0.037332279495521384
   5.3575000e+01  0.03706185880052138
   5.3580000e+01  0.036694261720521384
   5.3585000e+01  0.036321605898021386
   5.3590000e+01  0.036061699783021386
   5.3595000e+01   0.03601813745302139
   5.3600000e+01   0.03625603668552139
   5.3605000e+01   0.03680701576302139
   5.3610000e+01   0.03769783988802139
   5.3615000e+01   0.03898072916302139
   5.3620000e+01   0.04074084871302139
   5.3625000e+01   0.04307031418802139
   5.3630000e+01   0.046019706463021386
   5.3635000e+01   0.04955394263802138
   5.3640000e+01   0.05353933598802138
   5.3645000e+01   0.05777249791302138
   5.3650000e+01   0.06203876888802138
   5.3655000e+01   0.06617135883802137
   5.3660000e+01   0.07008165471302137
   5.3665000e+01   0.07374642451302137
   5.3670000e+01   0.07716026808802137
   5.3675000e+01   0.08027944196302138
   5.3680000e+01   0.08298729736302138
   5.3685000e+01   0.08510089271302138
   5.3690000e+01   0.08641899228802137
   5.3695000e+01  0.08679288471052136
   5.3700000e+01  0.08619096215802137
   5.3705000e+01  0.08472931280802137
   5.3710000e+01  0.08265275390802138
   5.3715000e+01  0.08026935993302138
   5.3720000e+01  0.07786002048302137
   5.3725000e+01  0.07559574233302138
   5.3730000e+01  0.07349400618302138
   5.3735000e+01  0.07143085893302138
   5.3740000e+01  0.06920299580802139
   5.3745000e+01  0.06661372955802139
   5.3750000e+01  0.06354805473302139
   5.3755000e+01  0.06000900493302139
   5.3760000e+01  0.05610616963302139
   5.3765000e+01  0.05200791170802139
   5.3770000e+01  0.047881813008021384
   5.3775000e+01  0.043848595333021385
   5.3780000e+01  0.03996516813302139
   5.3785000e+01  0.036238510208021386
   5.3790000e+01  0.03265989993302139
   5.3795000e+01  0.029242325083021388
   5.3800000e+01  0.026043916533021388
   5.3805000e+01  0.023166400183021386
   5.3810000e+01  0.020727940158021388
   5.3815000e+01  0.018820919558021388
   5.3820000e+01  0.017472545908021386
   5.3825000e+01  0.016625637183021385
   5.3830000e+01  0.016147751058021385
   5.3835000e+01  0.015862979855521386
   5.3840000e+01  0.015589643840521385
   5.3845000e+01  0.015165324528021386
   5.3850000e+01  0.014449489353021386
   5.3855000e+01  0.013308188928021386
   5.3860000e+01  0.011596481403021386
   5.3865000e+01  0.009156003953021387
   5.3870000e+01  0.005836944578021387
   5.3875000e+01  0.0015404289530213866
   5.3880000e+01  -0.0037342935719786134
   5.3885000e+01  -0.009858569321978613
   5.3890000e+01  -0.016576424321978613
   5.3895000e+01  -0.023546847821978613
   5.3900000e+01  -0.030418240571978613
   5.3905000e+01  -0.036912983571978614
   5.3910000e+01  -0.042893069571978616
   5.3915000e+01  -0.04838226132197861
   5.3920000e+01  -0.053536018071978615
   5.3925000e+01  -0.05857114982197861
   5.3930000e+01  -0.06368301707197861
   5.3935000e+01  -0.06898116832197862
   5.3940000e+01  -0.07446337557197862
   5.3945000e+01  -0.08002946632197862
   5.3950000e+01  -0.08552033457197862
   5.3955000e+01  -0.09076179857197862
   5.3960000e+01  -0.09559837657197862
   5.3965000e+01  -0.09991269527197862
   5.3970000e+01  -0.10363421117197862
   5.3975000e+01  -0.10674183092197861
   5.3980000e+01  -0.10926053082197862
   5.3985000e+01  -0.11124788682197861
   5.3990000e+01  -0.11276759117197861
   5.3995000e+01  -0.11385423497197861
   5.4000000e+01  -0.11448261268697861
   5.4005000e+01   -0.11455897071947861
   5.4010000e+01   -0.11394620813697862
   5.4015000e+01   -0.11252047636197862
   5.4020000e+01   -0.11023921713697862
   5.4025000e+01   -0.10718978233697862
   5.4030000e+01   -0.10359074591197862
   5.4035000e+01   -0.09973576436197862
   5.4040000e+01   -0.09589572443697862
   5.4045000e+01   -0.09221742231197862
   5.4050000e+01   -0.08866469758697862
   5.4055000e+01   -0.08503459878697862
   5.4060000e+01   -0.08104978266197863
   5.4065000e+01   -0.07649200573697862
   5.4070000e+01   -0.07131886568697862
   5.4075000e+01   -0.06571111743697862
   5.4080000e+01   -0.06003047893697862
   5.4085000e+01   -0.05471050568697862
   5.4090000e+01   -0.05013162776197862
   5.4095000e+01   -0.04653104141197862
   5.4100000e+01   -0.04397331946197862
   5.4105000e+01   -0.042377100211978616
   5.4110000e+01   -0.04157473942197862
   5.4115000e+01  -0.04137991214197862
   5.4120000e+01  -0.04164496025947862
   5.4125000e+01  -0.04229574256697862
   5.4130000e+01  -0.04333492464197862
   5.4135000e+01  -0.04481015709197862
   5.4140000e+01  -0.046755288516978626
   5.4145000e+01  -0.049126637166978626
   5.4150000e+01  -0.051762541816978626
   5.4155000e+01  -0.05438598856697863
   5.4160000e+01  -0.05665023981697863
   5.4165000e+01  -0.05820804549197863
   5.4170000e+01  -0.05877788626972863
   5.4175000e+01   -0.05818815817247863
   5.4180000e+01   -0.05639421732247863
   5.4185000e+01   -0.05347293904747863
   5.4190000e+01   -0.049600532697478626
   5.4195000e+01   -0.04501634719747863
   5.4200000e+01   -0.03997582159747863
   5.4205000e+01   -0.03470191409747863
   5.4210000e+01   -0.02935091709747863
   5.4215000e+01   -0.02400754134747863
   5.4220000e+01   -0.018712450097478628
   5.4225000e+01   -0.013508329597478629
   5.4230000e+01   -0.008478583547478628
   5.4235000e+01   -0.0037544855974786275
   5.4240000e+01   0.0005171357775213721
   5.4245000e+01   0.004231335177521372
   5.4250000e+01   0.007378039377521372
   5.4255000e+01   0.010062278352521372
   5.4260000e+01   0.012480295977521372
   5.4265000e+01   0.014862022477521372
   5.4270000e+01   0.017404049027521372
   5.4275000e+01   0.020216711452521373
   5.4280000e+01   0.023298510077521373
   5.4285000e+01   0.02654016800252137
   5.4290000e+01   0.029754750377521372
   5.4295000e+01   0.032727621977521375
   5.4300000e+01   0.03527568630252138
   5.4305000e+01   0.03729856877752138
   5.4310000e+01   0.03880104927752138
   5.4315000e+01   0.03987341195252138
   5.4320000e+01   0.040635064827521376
   5.4325000e+01   0.041167460750021374
   5.4330000e+01   0.041471157120021376
   5.4335000e+01  0.041470681832521374
   5.4340000e+01  0.041064498222521374
   5.4345000e+01  0.040191399922521374
   5.4350000e+01  0.038875405447521376
   5.4355000e+01  0.03722453109752138
   5.4360000e+01  0.03538616152252138
   5.4365000e+01  0.03348602817252138
   5.4370000e+01  0.03158474982252138
   5.4375000e+01  0.029672791447521378
   5.4380000e+01  0.027701148472521378
   5.4385000e+01  0.025625848772521376
   5.4390000e+01  0.023439992022521377
   5.4395000e+01  0.021178067622521377
   5.4400000e+01  0.018895358397521378
   5.4405000e+01  0.01663922332252138
   5.4410000e+01  0.01443176224752138
   5.4415000e+01  0.012274760547521378
   5.4420000e+01  0.010173695397521379
   5.4425000e+01  0.008165715347521378
   5.4430000e+01  0.006332933297521378
   5.4435000e+01  0.0047892671975213776
   5.4440000e+01  0.0036436968225213775
   5.4445000e+01  0.0029577911950213775
   5.4450000e+01  0.0027214130145213774
   5.4455000e+01   0.0028620922965213774
   5.4460000e+01   0.0032842203815213774
   5.4465000e+01   0.003916129981521377
   5.4470000e+01   0.004739007506521377
   5.4475000e+01   0.005784406356521377
   5.4480000e+01   0.007107017431521378
   5.4485000e+01   0.008751462856521378
   5.4490000e+01   0.010728771106521378
   5.4495000e+01   0.013005446256521377
   5.4500000e+01   0.015498213756521377
   5.4505000e+01   0.018068588806521377
   5.4510000e+01   0.020520516556521377
   5.4515000e+01   0.022611624131521377
   5.4520000e+01   0.02408639460652138
   5.4525000e+01   0.02472826121402138
   5.4530000e+01  0.02441466864652138
   5.4535000e+01  0.023153239821521378
   5.4540000e+01  0.021082734596521376
   5.4545000e+01  0.018437279146521376
   5.4550000e+01  0.015488674546521376
   5.4555000e+01  0.012490173046521376
   5.4560000e+01  0.009640500121521376
   5.4565000e+01  0.007071767621521376
   5.4570000e+01  0.004849642496521376
   5.4575000e+01  0.0029703476465213754
   5.4580000e+01  0.0013506232465213754
   5.4585000e+01  -0.00017495065347862483
   5.4590000e+01  -0.0018261210534786247
   5.4595000e+01  -0.003807765153478625
   5.4600000e+01  -0.006217770803478625
   5.4605000e+01  -0.008977239703478624
   5.4610000e+01  -0.011830479153478624
   5.4615000e+01  -0.014432148553478623
   5.4620000e+01  -0.016491183628478623
   5.4625000e+01  -0.017904783553478625
   5.4630000e+01  -0.018814978903478625
   5.4635000e+01  -0.019557601178478625
   5.4640000e+01  -0.020527568803478627
   5.4645000e+01  -0.022024231103478627
   5.4650000e+01  -0.02414516862847863
   5.4655000e+01  -0.026767537628478628
   5.4660000e+01  -0.029612641028478628
   5.4665000e+01  -0.032355711203478625
   5.4670000e+01  -0.034732179453478625
   5.4675000e+01  -0.036602313278478626
   5.4680000e+01  -0.037957670153478625
   5.4685000e+01  -0.038875521428478624
   5.4690000e+01  -0.03944582139097862
   5.4695000e+01  -0.03970578620847862
   5.4700000e+01   -0.03961491645847862
   5.4705000e+01   -0.03908512480347862
   5.4710000e+01   -0.038051399228478625
   5.4715000e+01   -0.03654312355347863
   5.4720000e+01   -0.03471176010347863
   5.4725000e+01   -0.03279271140347863
   5.4730000e+01   -0.031015621128478627
   5.4735000e+01   -0.029505752978478628
   5.4740000e+01   -0.02822299115347863
   5.4745000e+01   -0.026965029953478627
   5.4750000e+01   -0.025432133353478627
   5.4755000e+01   -0.023328470428478628
   5.4760000e+01   -0.020466352928478627
   5.4765000e+01   -0.01684210942847863
   5.4770000e+01   -0.012660749103478627
   5.4775000e+01   -0.008299052978478627
   5.4780000e+01   -0.004213480603478628
   5.4785000e+01   -0.000817849728478628
   5.4790000e+01   0.001630993171521372
   5.4795000e+01   0.003101356221521372
   5.4800000e+01   0.003786423534021372
   5.4805000e+01   0.004038576496521372
   5.4810000e+01   0.0042645440815213724
   5.4815000e+01   0.004818401966521372
   5.4820000e+01   0.005924881791521373
   5.4825000e+01   0.007650180691521373
   5.4830000e+01   0.009919625341521372
   5.4835000e+01   0.012567955391521371
   5.4840000e+01   0.015401783641521371
   5.4845000e+01   0.01825488469152137
   5.4850000e+01   0.02102343454152137
   5.4855000e+01   0.02367716099152137
   5.4860000e+01   0.02624998726652137
   5.4865000e+01   0.02881732279152137
   5.4870000e+01   0.031466428266521365
   5.4875000e+01   0.03426414709152137
   5.4880000e+01   0.037226620566521366
   5.4885000e+01   0.04029946594152137
   5.4890000e+01   0.04336042356652137
   5.4895000e+01   0.046253071141521364
   5.4900000e+01   0.048846521441521365
   5.4905000e+01   0.05109735136652137
   5.4910000e+01   0.05307952299152137
   5.4915000e+01   0.054958086716521366
   5.4920000e+01   0.05691287694152137
   5.4925000e+01   0.05905206256652137
   5.4930000e+01   0.06136752856652137
   5.4935000e+01   0.06376133214152137
   5.4940000e+01   0.06612669104152137
   5.4945000e+01   0.06842949606652138
   5.4950000e+01   0.07073502671652138
   5.4955000e+01   0.07316122306652138
   5.4960000e+01   0.07578820549152138
   5.4965000e+01   0.07857990346652138
   5.4970000e+01   0.08136211011652138
   5.4975000e+01   0.08386423336652138
   5.4980000e+01   0.08579675056652138
   5.4985000e+01   0.08692370996652138
   5.4990000e+01  0.08710163287902138
   5.4995000e+01  0.08627983769152138
   5.5000000e+01  0.08447667961652137
   5.5005000e+01  0.08175252771652138
   5.5010000e+01  0.07819380611652138
   5.5015000e+01  0.07390984419152138
   5.5020000e+01  0.06903421309152138
   5.5025000e+01  0.06372059584152139
   5.5030000e+01  0.058129916591521384
   5.5035000e+01  0.05241426809152139
   5.5040000e+01  0.04670639684152139
   5.5045000e+01  0.04111825284152139
   5.5050000e+01  0.03574312084152139
   5.5055000e+01  0.03065165379152139
   5.5060000e+01  0.02587751101652139
   5.5065000e+01  0.02139971379152139
   5.5070000e+01  0.01713701219152139
   5.5075000e+01  0.01296710869152139
   5.5080000e+01  0.00877099424152139
   5.5085000e+01  0.00448780566652139
   5.5090000e+01  0.00015773586652138936
   5.5095000e+01  -0.004066161383478611
   5.5100000e+01  -0.007944502208478612
   5.5105000e+01  -0.011209360008478612
   5.5110000e+01  -0.013635080308478612
   5.5115000e+01  -0.015098839158478611
   5.5120000e+01  -0.015609889780978612
   5.5125000e+01   -0.015296316253478612
   5.5130000e+01   -0.014354015428478611
   5.5135000e+01   -0.012979071503478611
   5.5140000e+01   -0.01131316907847861
   5.5145000e+01   -0.00942570670347861
   5.5150000e+01   -0.007337175353478609
   5.5155000e+01   -0.005066449453478609
   5.5160000e+01   -0.0026731307284786087
   5.5165000e+01   -0.0002719616534786087
   5.5170000e+01   0.0019848584465213914
   5.5175000e+01   0.003942635521521392
   5.5180000e+01   0.0054745632215213915
   5.5185000e+01   0.006493886021521391
   5.5190000e+01   0.006950455061521392
   5.5195000e+01  0.006826244051521392
   5.5200000e+01  0.006143211701521391
   5.5205000e+01  0.004983332851521392
   5.5210000e+01  0.003504681951521392
   5.5215000e+01  0.0019317014265213919
   5.5220000e+01  0.0005085083765213917
   5.5225000e+01  -0.0005736765734786083
   5.5230000e+01  -0.0012437983284786084
   5.5235000e+01  -0.0015774675434786084
   5.5240000e+01  -0.0017634633859786083
   5.5245000e+01  -0.0020201267184786083
   5.5250000e+01  -0.0024977881184786084
   5.5255000e+01  -0.0032121002434786087
   5.5260000e+01  -0.0040392306434786085
   5.5265000e+01  -0.0047746470934786085
   5.5270000e+01  -0.0052280438384786085
   5.5275000e+01   -0.005312237640978609
   5.5280000e+01   -0.0050892444009786085
   5.5285000e+01   -0.004757155040978608
   5.5290000e+01   -0.0045856262947286085
   5.5295000e+01  -0.004825459143478608
   5.5300000e+01  -0.005624012375978608
   5.5305000e+01  -0.006973764675978608
   5.5310000e+01  -0.008709669200978608
   5.5315000e+01  -0.010555909825978609
   5.5320000e+01  -0.01220785382597861
   5.5325000e+01  -0.013423989025978609
   5.5330000e+01  -0.014098883880978609
   5.5335000e+01   -0.01429386384547861
   5.5340000e+01   -0.01421632091747861
   5.5345000e+01  -0.01415663101397861
   5.5350000e+01  -0.01440611955547861
   5.5355000e+01  -0.01518386623797861
   5.5360000e+01  -0.01659289878797861
   5.5365000e+01  -0.01861248511297861
   5.5370000e+01  -0.02112101881297861
   5.5375000e+01  -0.023938853737978612
   5.5380000e+01  -0.02688121571297861
   5.5385000e+01  -0.02981226928797861
   5.5390000e+01  -0.03268865303797861
   5.5395000e+01  -0.035577052837978615
   5.5400000e+01  -0.038633046162978614
   5.5405000e+01  -0.04204190838797861
   5.5410000e+01  -0.04594136801297861
   5.5415000e+01  -0.05035885263797861
   5.5420000e+01  -0.05519094633797861
   5.5425000e+01  -0.060231446437978606
   5.5430000e+01  -0.06522971601297861
   5.5435000e+01  -0.06994895446297861
   5.5440000e+01  -0.07420130393797861
   5.5445000e+01  -0.07785629401297861
   5.5450000e+01  -0.08083642948797862
   5.5455000e+01  -0.08311795481297862
   5.5460000e+01  -0.08474567376297862
   5.5465000e+01  -0.08585613066297862
   5.5470000e+01  -0.08669238951297861
   5.5475000e+01  -0.08759078516297861
   5.5480000e+01  -0.08892609278797861
   5.5485000e+01  -0.09101590958797862
   5.5490000e+01  -0.09400566456297861
   5.5495000e+01  -0.09777616113797861
   5.5500000e+01  -0.10192384983797861
   5.5505000e+01  -0.10584788876297861
   5.5510000e+01  -0.1089357327879786
   5.5515000e+01  -0.11078649326297861
   5.5520000e+01  -0.1113775999699786
   5.5525000e+01   -0.1110905418769786
   5.5530000e+01   -0.1105687182294786
   5.5535000e+01  -0.1104594815994786
   5.5540000e+01  -0.1111519036419786
   5.5545000e+01  -0.11262776154197861
   5.5550000e+01  -0.11448983284197861
   5.5555000e+01  -0.1161453711419786
   5.5560000e+01  -0.11704855529947861
   5.5565000e+01   -0.11688272068197861
   5.5570000e+01   -0.1156031297319786
   5.5575000e+01   -0.1133417553069786
   5.5580000e+01   -0.1102519303569786
   5.5585000e+01   -0.1063987980819786
   5.5590000e+01   -0.1017638406069786
   5.5595000e+01   -0.09635004835697861
   5.5600000e+01   -0.0902995528569786
   5.5605000e+01   -0.0839183566069786
   5.5610000e+01   -0.07755972785697861
   5.5615000e+01   -0.07141663460697861
   5.5620000e+01   -0.06535038135697861
   5.5625000e+01   -0.05888274610697861
   5.5630000e+01   -0.05139476010697861
   5.5635000e+01   -0.04245403160697861
   5.5640000e+01   -0.03210749060697861
   5.5645000e+01   -0.020980829606978606
   5.5650000e+01   -0.010119836106978605
   5.5655000e+01   -0.0006399908569786044
   5.5660000e+01   0.006653451393021395
   5.5665000e+01   0.011502856018021396
   5.5670000e+01   0.014198728793021396
   5.5675000e+01   0.015368551218021395
   5.5680000e+01   0.015675661723521396
   5.5685000e+01  0.015576171201521397
   5.5690000e+01  0.015232225574021397
   5.5695000e+01  0.014589076924021397
   5.5700000e+01  0.013543071324021397
   5.5705000e+01  0.012096617624021398
   5.5710000e+01  0.010422044274021398
   5.5715000e+01  0.008816551499021398
   5.5720000e+01  0.007589190349021398
   5.5725000e+01  0.006948466214021397
   5.5730000e+01   0.006946415814021397
   5.5735000e+01   0.007494665524021397
   5.5740000e+01   0.008426089599021396
   5.5745000e+01   0.009556332999021396
   5.5750000e+01   0.010711152024021396
   5.5755000e+01   0.011717025924021397
   5.5760000e+01   0.012381120341521397
   5.5765000e+01  0.012493776174021396
   5.5770000e+01  0.011869525889021397
   5.5775000e+01  0.010414498314021397
   5.5780000e+01  0.008187491164021397
   5.5785000e+01  0.005420159389021397
   5.5790000e+01  0.0024774200890213963
   5.5795000e+01  -0.0002372065359786033
   5.5800000e+01  -0.0024050630859786034
   5.5805000e+01  -0.0039051728109786034
   5.5810000e+01  -0.004875301610978603
   5.5815000e+01  -0.005692069060978603
   5.5820000e+01  -0.006866111160978603
   5.5825000e+01  -0.008880729085978603
   5.5830000e+01  -0.012029255985978603
   5.5835000e+01  -0.016312912710978605
   5.5840000e+01  -0.021440052735978606
   5.5845000e+01  -0.026926423235978606
   5.5850000e+01  -0.032253681485978604
   5.5855000e+01  -0.037021053410978604
   5.5860000e+01  -0.041033308760978604
   5.5865000e+01  -0.0443012160609786
   5.5870000e+01  -0.0469701255359786
   5.5875000e+01  -0.049219129160978606
   5.5880000e+01  -0.05117753573597861
   5.5885000e+01  -0.05288969378597861
   5.5890000e+01  -0.05433382401097861
   5.5895000e+01  -0.05547658801097861
   5.5900000e+01  -0.05633040721097861
   5.5905000e+01  -0.05697936246097861
   5.5910000e+01  -0.057553228360978606
   5.5915000e+01  -0.058154750760978605
   5.5920000e+01  -0.058773013660978604
   5.5925000e+01  -0.0592311674259786
   5.5930000e+01   -0.0592080697234786
   5.5935000e+01   -0.0583404790559786
   5.5940000e+01   -0.056370238930978596
   5.5945000e+01   -0.05327225705597859
   5.5950000e+01   -0.04930138118097859
   5.5955000e+01   -0.04493045670597859
   5.5960000e+01   -0.04070137700597859
   5.5965000e+01   -0.03705086920597859
   5.5970000e+01   -0.034183152155978586
   5.5975000e+01   -0.03203769625597858
   5.5980000e+01   -0.030354733505978584
   5.5985000e+01   -0.028797491105978585
   5.5990000e+01   -0.027070718830978585
   5.5995000e+01   -0.024988811405978584
   5.6000000e+01   -0.022483413680978583
   5.6005000e+01   -0.019575934205978585
   5.6010000e+01   -0.016352245855978585
   5.6015000e+01   -0.012959007380978584
   5.6020000e+01   -0.009608889605978584
   5.6025000e+01   -0.006561830005978583
   5.6030000e+01   -0.0040592254559785835
   5.6035000e+01   -0.0022233311559785836
   5.6040000e+01   -0.0009704658559785836
   5.6045000e+01   3.794144021416427e-6
   5.6050000e+01   0.0011375724690214164
   5.6055000e+01   0.002836540244021416
   5.6060000e+01   0.005298271169021417
   5.6065000e+01   0.008410009244021417
   5.6070000e+01   0.011773034669021418
   5.6075000e+01   0.014848114469021418
   5.6080000e+01   0.017158538844021416
   5.6085000e+01   0.018459817819021417
   5.6090000e+01  0.018802752711521417
   5.6095000e+01  0.018470380204021416
   5.6100000e+01  0.017830774929021416
   5.6105000e+01  0.017184111779021415
   5.6110000e+01  0.016675462816521415
   5.6115000e+01  0.016301719559021415
   5.6120000e+01  0.015989419611521415
   5.6125000e+01  0.015689798511521413
   5.6130000e+01  0.015440846954021413
   5.6135000e+01   0.015373588491521413
   5.6140000e+01   0.015669442289021413
   5.6145000e+01   0.016491454239021413
   5.6150000e+01   0.017913780264021413
   5.6155000e+01   0.019870543964021412
   5.6160000e+01   0.02214338623902141
   5.6165000e+01   0.02440259311402141
   5.6170000e+01   0.02630108866402141
   5.6175000e+01   0.02759376096402141
   5.6180000e+01   0.02823109683902141
   5.6185000e+01  0.028376296929021407
   5.6190000e+01  0.028327466164021407
   5.6195000e+01   0.028376783354021405
   5.6200000e+01   0.028676169709021405
   5.6205000e+01   0.029177988919021406
   5.6210000e+01   0.029677885271521407
   5.6215000e+01   0.029929910826521407
   5.6220000e+01  0.029766784281521408
   5.6225000e+01  0.029162338584021407
   5.6230000e+01  0.028213670184021405
   5.6235000e+01  0.027069593359021406
   5.6240000e+01  0.025858821609021407
   5.6245000e+01  0.024661386184021406
   5.6250000e+01  0.023530034284021405
   5.6255000e+01  0.022531024609021406
   5.6260000e+01  0.021760918034021408
   5.6265000e+01  0.021315502571521407
   5.6270000e+01   0.021225048139021405
   5.6275000e+01   0.021400489169021406
   5.6280000e+01   0.021636447706521407
   5.6285000e+01  0.021686390016521406
   5.6290000e+01  0.021380412764021407
   5.6295000e+01  0.020724723214021405
   5.6300000e+01  0.019924366214021404
   5.6305000e+01  0.019308110524021403
   5.6310000e+01   0.0191868307740214
   5.6315000e+01   0.0197146645890214
   5.6320000e+01   0.0208234912140214
   5.6325000e+01   0.0222642867890214
   5.6330000e+01   0.023733900289021403
   5.6335000e+01   0.025022849264021402
   5.6340000e+01   0.026111166914021402
   5.6345000e+01   0.0271676917390214
   5.6350000e+01   0.0284568072640214
   5.6355000e+01   0.0302005261140214
   5.6360000e+01   0.0324627843640214
   5.6365000e+01   0.0351097768890214
   5.6370000e+01   0.0378626447140214
   5.6375000e+01   0.0404150080890214
   5.6380000e+01   0.042558630614021396
   5.6385000e+01   0.0442596081390214
   5.6390000e+01   0.0456539846890214
   5.6395000e+01   0.046970491064021395
   5.6400000e+01   0.048419074339021394
   5.6405000e+01   0.050093781564021396
   5.6410000e+01   0.0519269073640214
   5.6415000e+01   0.0537073080140214
   5.6420000e+01   0.0551507970140214
   5.6425000e+01   0.0559929697740214
   5.6430000e+01  0.056069210844021396
   5.6435000e+01  0.0553541800290214
   5.6440000e+01  0.0539508576290214
   5.6445000e+01  0.052039946829021404
   5.6450000e+01  0.0498149393040214
   5.6455000e+01  0.0474303477540214
   5.6460000e+01  0.0449807910790214
   5.6465000e+01  0.0425125547290214
   5.6470000e+01  0.0400543830040214
   5.6475000e+01  0.0376464460040214
   5.6480000e+01  0.0353486962040214
   5.6485000e+01  0.0332219006790214
   5.6490000e+01  0.0312919323040214
   5.6495000e+01  0.0295215772040214
   5.6500000e+01  0.0278145131790214
   5.6505000e+01  0.026059461904021402
   5.6510000e+01  0.024196178454021403
   5.6515000e+01  0.022265443704021403
   5.6520000e+01  0.020407979604021402
   5.6525000e+01  0.0188043242790214
   5.6530000e+01  0.0175838773790214
   5.6535000e+01  0.0167528517040214
   5.6540000e+01  0.0161823157965214
   5.6545000e+01  0.0156633849890214
   5.6550000e+01  0.014998520264021398
   5.6555000e+01  0.014079294439021398
   5.6560000e+01  0.012911539614021398
   5.6565000e+01  0.011579683689021398
   5.6570000e+01  0.010174096639021397
   5.6575000e+01  0.008721714439021398
   5.6580000e+01  0.0071553174140213975
   5.6585000e+01  0.005335983739021398
   5.6590000e+01  0.003117797364021398
   5.6595000e+01  0.000425281389021398
   5.6600000e+01  -0.0026905719859786023
   5.6605000e+01  -0.006041624910978602
   5.6610000e+01  -0.009341767610978602
   5.6615000e+01  -0.012280796110978601
   5.6620000e+01  -0.014606198460978602
   5.6625000e+01  -0.016185801510978603
   5.6630000e+01  -0.017033155910978603
   5.6635000e+01  -0.017290365624728604
   5.6640000e+01   -0.017175220598478605
   5.6645000e+01   -0.016908977778478607
   5.6650000e+01   -0.016647389493478607
   5.6655000e+01   -0.016438995695978606
   5.6660000e+01   -0.016228139003478605
   5.6665000e+01   -0.015904014938478605
   5.6670000e+01   -0.015375601648478605
   5.6675000e+01   -0.014636473298478605
   5.6680000e+01   -0.013785157673478605
   5.6685000e+01   -0.012989122748478606
   5.6690000e+01   -0.012412802225978606
   5.6695000e+01   -0.012152087568478607
   5.6700000e+01  -0.012213464505978607
   5.6705000e+01  -0.012546420175978606
   5.6710000e+01  -0.013101982798478606
   5.6715000e+01  -0.013872947173478607
   5.6720000e+01  -0.014885114873478607
   5.6725000e+01  -0.016144768648478608
   5.6730000e+01  -0.017580868598478606
   5.6735000e+01  -0.019027698948478607
   5.6740000e+01  -0.020269049073478606
   5.6745000e+01  -0.021124283798478607
   5.6750000e+01  -0.021526808143478605
   5.6755000e+01   -0.021546738790978605
   5.6760000e+01   -0.021342247198478603
   5.6765000e+01   -0.021067783975978603
   5.6770000e+01   -0.020794404933478602
   5.6775000e+01   -0.020490156048478602
   5.6780000e+01   -0.020071050928478603
   5.6785000e+01   -0.019488844128478604
   5.6790000e+01   -0.018798171253478605
   5.6795000e+01   -0.018157256428478607
   5.6800000e+01   -0.017756049723478606
   5.6805000e+01  -0.017709429323478607
   5.6810000e+01  -0.017975344330978606
   5.6815000e+01  -0.018346133828478606
   5.6820000e+01  -0.018522914810028605
   5.6825000e+01   -0.018239424496578605
   5.6830000e+01   -0.017376380446578604
   5.6835000e+01   -0.016012865371578606
   5.6840000e+01   -0.014393161546578605
   5.6845000e+01   -0.012827862796578606
   5.6850000e+01   -0.011575777571578606
   5.6855000e+01   -0.010755596971578607
   5.6860000e+01   -0.010316078721578607
   5.6865000e+01   -0.010065065976578608
   5.6870000e+01   -0.009737056931578609
   5.6875000e+01   -0.009073650331578609
   5.6880000e+01   -0.007896953606578608
   5.6885000e+01   -0.006163465581578608
   5.6890000e+01   -0.0039891618065786075
   5.6895000e+01   -0.0016374697815786073
   5.6900000e+01   0.0005333507184213928
   5.6905000e+01   0.002155266593421393
   5.6910000e+01   0.002945589190921393
   5.6915000e+01  0.002781627988421393
   5.6920000e+01  0.001728809463421393
   5.6925000e+01  1.2765838421392945e-5
   5.6930000e+01  -0.0020526752115786074
   5.6935000e+01  -0.004153279436578608
   5.6940000e+01  -0.006045735036578607
   5.6945000e+01  -0.007590380486578607
   5.6950000e+01  -0.008742248861578606
   5.6955000e+01  -0.009515962361578607
   5.6960000e+01  -0.009949013416578606
   5.6965000e+01   -0.010083355040628607
   5.6970000e+01   -0.009970526519678606
   5.6975000e+01   -0.009689782907178606
   5.6980000e+01   -0.009360937284678605
   5.6985000e+01   -0.009137589567178604
   5.6990000e+01  -0.009178674409678605
   5.6995000e+01  -0.009608913169678605
   5.7000000e+01  -0.010484594669678604
   5.7005000e+01  -0.011777811344678604
   5.7010000e+01  -0.013383097394678604
   5.7015000e+01  -0.015141364594678604
   5.7020000e+01  -0.016871745844678605
   5.7025000e+01  -0.018403089994678604
   5.7030000e+01  -0.019600523469678603
   5.7035000e+01  -0.020385123169678603
   5.7040000e+01  -0.020744920569678603
   5.7045000e+01   -0.020734583259678602
   5.7050000e+01   -0.020461585719678602
   5.7055000e+01   -0.0200595296796786
   5.7060000e+01   -0.019653450364678603
   5.7065000e+01   -0.019325334919678604
   5.7070000e+01   -0.019089059017178604
   5.7075000e+01   -0.018882203579678604
   5.7080000e+01   -0.018578522064678603
   5.7085000e+01   -0.018020236174678603
   5.7090000e+01   -0.017064497949678605
   5.7095000e+01   -0.015633623299678604
   5.7100000e+01   -0.013754906099678605
   5.7105000e+01   -0.011574849549678605
   5.7110000e+01   -0.009336811424678605
   5.7115000e+01   -0.007321208899678605
   5.7120000e+01   -0.005761221849678605
   5.7125000e+01   -0.0047589713496786045
   5.7130000e+01   -0.004231487549678605
   5.7135000e+01   -0.0039092690021786045
   5.7140000e+01   -0.0033943676796786043
   5.7145000e+01   -0.002265094579678604
   5.7150000e+01   -0.00019747032967860423
   5.7155000e+01   0.002934641320321396
   5.7160000e+01   0.007014700920321396
   5.7165000e+01   0.011711589695321396
   5.7170000e+01   0.016573932745321394
   5.7175000e+01   0.021160019120321394
   5.7180000e+01   0.025159019520321395
   5.7185000e+01   0.028462488845321394
   5.7190000e+01   0.031164800045321392
   5.7195000e+01   0.03349877384532139
   5.7200000e+01   0.03573605454532139
   5.7205000e+01   0.03809087487032139
   5.7210000e+01   0.040658271770321386
   5.7215000e+01   0.04339927624532139
   5.7220000e+01   0.04616640552032139
   5.7225000e+01   0.04875191869532139
   5.7230000e+01   0.05094158387032139
   5.7235000e+01   0.05256389832032139
   5.7240000e+01   0.05353113027032139
   5.7245000e+01   0.0538689921290714
   5.7250000e+01  0.053727381010321394
   5.7255000e+01  0.053361907152821395
   5.7260000e+01  0.05308114265032139
   5.7265000e+01   0.05316797395032139
   5.7270000e+01   0.05379815742282139
   5.7275000e+01   0.05498533947282139
   5.7280000e+01   0.05657380827282139
   5.7285000e+01   0.058281108572821386
   5.7290000e+01   0.059772440522821386
   5.7295000e+01   0.06073818097282139
   5.7300000e+01  0.06094957366282139
   5.7305000e+01  0.06028184072782139
   5.7310000e+01  0.05870955435282139
   5.7315000e+01  0.056287737327821386
   5.7320000e+01  0.05313109010282138
   5.7325000e+01  0.04939644737782138
   5.7330000e+01  0.04526642970282138
   5.7335000e+01  0.04093004155282138
   5.7340000e+01  0.03655918217782138
   5.7345000e+01  0.03228544182782138
   5.7350000e+01  0.028184877527821377
   5.7355000e+01  0.02427718405282138
   5.7360000e+01  0.02054031690282138
   5.7365000e+01  0.01693515027782138
   5.7370000e+01  0.013430763402821379
   5.7375000e+01  0.010021630927821379
   5.7380000e+01  0.006732835527821379
   5.7385000e+01  0.003615434977821379
   5.7390000e+01  0.0007376704778213786
   5.7395000e+01  -0.0018230582471786216
   5.7400000e+01  -0.0039864084971786215
   5.7405000e+01  -0.005676163772178621
   5.7410000e+01  -0.006831436422178621
   5.7415000e+01  -0.007422372922178621
   5.7420000e+01   -0.007466434144678621
   5.7425000e+01   -0.007038618642178621
   5.7430000e+01   -0.006269648067178621
   5.7435000e+01   -0.005329803067178621
   5.7440000e+01   -0.004400959417178621
   5.7445000e+01   -0.003643417792178621
   5.7450000e+01   -0.003166098142178621
   5.7455000e+01  -0.003008233503228621
   5.7460000e+01  -0.003138028036778621
   5.7465000e+01  -0.0034692911967786214
   5.7470000e+01  -0.003891708199278621
   5.7475000e+01  -0.0043057109567786215
   5.7480000e+01  -0.004650810669278621
   5.7485000e+01  -0.004918114419278622
   5.7490000e+01  -0.005143393281778622
   5.7495000e+01  -0.005384556096778622
   5.7500000e+01  -0.005693764891778622
   5.7505000e+01  -0.006096957269278622
   5.7510000e+01  -0.006590704834278622
   5.7515000e+01  -0.007158540709278622
   5.7520000e+01  -0.007798790784278622
   5.7525000e+01  -0.008548085609278623
   5.7530000e+01  -0.009483912609278623
   5.7535000e+01  -0.010698079534278622
   5.7540000e+01  -0.012248169459278622
   5.7545000e+01  -0.014108522984278622
   5.7550000e+01  -0.016147266384278623
   5.7555000e+01  -0.018146817734278623
   5.7560000e+01  -0.019865336759278623
   5.7565000e+01  -0.021115747509278623
   5.7570000e+01  -0.021828578656778622
   5.7575000e+01  -0.022070935048528622
   5.7580000e+01   -0.02201359101777862
   5.7585000e+01   -0.021861487330278623
   5.7590000e+01   -0.021778286560528624
   5.7595000e+01  -0.021836063570778625
   5.7600000e+01  -0.022007409770778624
   5.7605000e+01  -0.022196834808278623
   5.7610000e+01  -0.022291637247028623
   5.7615000e+01   -0.022206994085778625
   5.7620000e+01   -0.021907158710778623
   5.7625000e+01   -0.021399226130778624
   5.7630000e+01   -0.020709795830778626
   5.7635000e+01   -0.019861516005778627
   5.7640000e+01   -0.018863936855778626
   5.7645000e+01   -0.017723793980778627
   5.7650000e+01   -0.016468600480778625
   5.7655000e+01   -0.015169210880778626
   5.7660000e+01   -0.013945529880778625
   5.7665000e+01   -0.012946154330778625
   5.7670000e+01   -0.012305445483278625
   5.7675000e+01  -0.012094702246528626
   5.7680000e+01  -0.012290488302278626
   5.7685000e+01  -0.012777923047278626
   5.7690000e+01  -0.013391148122278625
   5.7695000e+01  -0.013974864572278626
   5.7700000e+01  -0.014439768799778626
   5.7705000e+01  -0.014787257934778626
   5.7710000e+01  -0.015093776307278626
   5.7715000e+01  -0.015464630397278627
   5.7720000e+01  -0.015980782372278627
   5.7725000e+01  -0.016663270797278626
   5.7730000e+01  -0.017468703422278627
   5.7735000e+01  -0.018312488297278627
   5.7740000e+01  -0.019103471597278626
   5.7745000e+01  -0.019771031672278627
   5.7750000e+01  -0.020273647262278628
   5.7755000e+01  -0.02059064553727863
   5.7760000e+01  -0.02070834146702863
   5.7765000e+01   -0.020613131824278628
   5.7770000e+01   -0.020297757029278628
   5.7775000e+01   -0.019777529571778626
   5.7780000e+01   -0.019106292996778625
   5.7785000e+01   -0.018380626196778625
   5.7790000e+01   -0.017725716371778624
   5.7795000e+01   -0.017265095061778625
   5.7800000e+01   -0.017085006362778626
   5.7805000e+01  -0.017208163856278626
   5.7810000e+01  -0.017588461961278626
   5.7815000e+01  -0.018128950733778626
   5.7820000e+01  -0.018714816308778626
   5.7825000e+01  -0.019246969403778628
   5.7830000e+01  -0.019663229508778628
   5.7835000e+01  -0.019941605001278628
   5.7840000e+01  -0.020089142091278628
   5.7845000e+01   -0.020125445238028627
   5.7850000e+01   -0.020070001172278626
   5.7855000e+01   -0.019937882457278625
   5.7860000e+01   -0.019742449862278626
   5.7865000e+01   -0.019499758679778625
   5.7870000e+01   -0.019229431054778624
   5.7875000e+01   -0.018950251167278623
   5.7880000e+01   -0.01867305339727862
   5.7885000e+01   -0.01839559905227862
   5.7890000e+01   -0.01810276426477862
   5.7895000e+01   -0.01777180754727862
   5.7900000e+01   -0.01737959836477862
   5.7905000e+01   -0.01690849909727862
   5.7910000e+01   -0.01634969677227862
   5.7915000e+01   -0.01570488447227862
   5.7920000e+01   -0.01498733447227862
   5.7925000e+01   -0.01422178594727862
   5.7930000e+01   -0.013441284147278621
   5.7935000e+01   -0.012680045972278621
   5.7940000e+01   -0.011964345522278621
   5.7945000e+01   -0.01130597849727862
   5.7950000e+01   -0.01070260749727862
   5.7955000e+01   -0.01014572412227862
   5.7960000e+01   -0.00963209291477862
   5.7965000e+01   -0.009171509414778619
   5.7970000e+01   -0.00878474118227862
   5.7975000e+01   -0.00849057584227862
   5.7980000e+01   -0.00828757027227862
   5.7985000e+01   -0.00814070697727862
   5.7990000e+01   -0.00798257957727862
   5.7995000e+01   -0.0077322507272786205
   5.8000000e+01   -0.00732529850977862
   5.8005000e+01   -0.00674107611727862
   5.8010000e+01   -0.006012793067278621
   5.8015000e+01   -0.005213932892278621
   5.8020000e+01   -0.004426884092278621
   5.8025000e+01   -0.0037093999672786213
   5.8030000e+01   -0.003075646167278621
   5.8035000e+01   -0.002500200667278621
   5.8040000e+01   -0.001940351242278621
   5.8045000e+01   -0.0013622116172786211
   5.8050000e+01   -0.0007554182672786211
   5.8055000e+01   -0.000129691192278621
   5.8060000e+01   0.000501263832721379
   5.8065000e+01   0.001135065582721379
   5.8070000e+01   0.001783104307721379
   5.8075000e+01   0.002457710182721379
   5.8080000e+01   0.003153009457721379
   5.8085000e+01   0.003833795657721379
   5.8090000e+01   0.004442376357721379
   5.8095000e+01   0.004922060800221379
   5.8100000e+01   0.005245088910221379
   5.8105000e+01   0.0054293402277213795
   5.8110000e+01   0.0055341937177213795
   5.8115000e+01   0.0056375526977213795
   5.8120000e+01   0.005806185805221379
   5.8125000e+01   0.006074341505221379
   5.8130000e+01   0.006439927975221379
   5.8135000e+01   0.0068772878602213795
   5.8140000e+01   0.007356974977721379
   5.8145000e+01   0.00786069697272138
   5.8150000e+01   0.00838428727272138
   5.8155000e+01   0.00892964812272138
   5.8160000e+01   0.00949293397272138
   5.8165000e+01   0.01005738144772138
   5.8170000e+01   0.01059523409772138
   5.8175000e+01   0.01107723030522138
   5.8180000e+01   0.01148390932272138
   5.8185000e+01   0.011812707252721379
   5.8190000e+01   0.012077972367721379
   5.8195000e+01   0.01230516539022138
   5.8200000e+01   0.01252296125522138
   5.8205000e+01   0.012756591895221379
   5.8210000e+01   0.013023532972721378
   5.8215000e+01   0.013330703825221378
   5.8220000e+01   0.013672308752721378
   5.8225000e+01   0.014029043147721378
   5.8230000e+01   0.014370777352721378
   5.8235000e+01   0.014664198925221378
   5.8240000e+01   0.014884096490221379
   5.8245000e+01   0.01502382933772138
   5.8250000e+01   0.01509951720772138
   5.8255000e+01   0.01514482890847138
   5.8260000e+01   0.01519791316172138
   5.8265000e+01   0.01528630518422138
   5.8270000e+01   0.01541693962172138
   5.8275000e+01   0.01557583724422138
   5.8280000e+01   0.01573703130672138
   5.8285000e+01   0.01587568897672138
   5.8290000e+01   0.015978694464221378
   5.8295000e+01   0.01604795185672138
   5.8300000e+01   0.016095960551971378
   5.8305000e+01   0.01613723275022138
   5.8310000e+01   0.01618067676972138
   5.8315000e+01   0.016226628401471377
   5.8320000e+01   0.016269031323971377
   5.8325000e+01   0.01630042039872138
   5.8330000e+01   0.016316384576471377
   5.8335000e+01  0.016317249152221377
   5.8340000e+01  0.016306773545471377
   5.8345000e+01  0.016289317438471375
   5.8350000e+01  0.016267350773971376
   5.8355000e+01  0.016240460420721376
   5.8360000e+01  0.016205865579971376
   5.8365000e+01  0.016159661140221375
   5.8370000e+01  0.016097903740221374
   5.8375000e+01  0.016017078485221374
   5.8380000e+01  0.015914024462721374
   5.8385000e+01  0.015785718297721373
   5.8390000e+01  0.015629321380221373
   5.8395000e+01  0.015442688002721373
   5.8400000e+01  0.015225260747721374
   5.8405000e+01  0.014979052550221373
   5.8410000e+01  0.014709289042721374
   5.8415000e+01  0.014424302317721373
   5.8420000e+01  0.014134457857721373
   5.8425000e+01  0.013850237135221372
   5.8430000e+01  0.013579980305221373
   5.8435000e+01  0.013328042787721373
   5.8440000e+01  0.013094077417721372
   5.8445000e+01  0.012873775272721372
   5.8450000e+01  0.012660812845221373
   5.8455000e+01  0.012449234230221373
   5.8460000e+01  0.012235325805221374
   5.8465000e+01  0.012018329447721373
   5.8470000e+01  0.011799934560221373
   5.8475000e+01  0.011583047815221372
   5.8480000e+01  0.011370555937721372
   5.8485000e+01  0.011164601677721372
   5.8490000e+01  0.010966479262721372
   5.8495000e+01  0.010776911100221371
   5.8500000e+01  0.010596365342721372
   5.8505000e+01  0.010425188882721372
   5.8510000e+01  0.010263519107721372
   5.8515000e+01  0.010111076387721372
   5.8520000e+01  0.009966989190221372
   5.8525000e+01  0.009829782587721372
   5.8530000e+01  0.009697591085221372
   5.8535000e+01  0.009568556345221371
   5.8540000e+01  0.009441275562721372
   5.8545000e+01  0.009315128967721372
   5.8550000e+01  0.009190363590221372
   5.8555000e+01  0.009067917520221371
   5.8560000e+01  0.008949068680221372
   5.8565000e+01  0.008835034037721371
   5.8570000e+01  0.008726627892721371
   5.8575000e+01  0.008624044570221371
   5.8580000e+01  0.00852679081522137
   5.8585000e+01  0.00843376268272137
   5.8590000e+01  0.00834343614522137
   5.8595000e+01  0.008254121752721371
   5.8600000e+01  0.00816422900272137
   5.8605000e+01  0.00807249621772137
   5.8610000e+01  0.00797815663522137
   5.8615000e+01  0.00788102163272137
   5.8620000e+01  0.007781468852721371
   5.8625000e+01  0.007680334050221371
   5.8630000e+01  0.007578722550221371
   5.8635000e+01  0.007477772385221371
   5.8640000e+01  0.007378410185221371
   5.8645000e+01  0.007281144795221371
   5.8650000e+01  0.007185946305221371
   5.8655000e+01  0.007092253530221371
   5.8660000e+01  0.006999126667721371
   5.8665000e+01  0.006905511165221371
   5.8670000e+01  0.006810527432721371
   5.8675000e+01  0.006713686445221371
   5.8680000e+01  0.006614970422721371
   5.8685000e+01  0.006514785350221371
   5.8690000e+01  0.006413838487721372
   5.8695000e+01  0.006312989612721372
   5.8700000e+01  0.0062130882052213714
   5.8705000e+01  0.006114788325221371
   5.8710000e+01  0.006018358335221371
   5.8715000e+01  0.005923553905221372
   5.8720000e+01  0.005829645425221372
   5.8725000e+01  0.0057356451027213715
   5.8730000e+01  0.005640677670221372
   5.8735000e+01  0.0055443433327213715
   5.8740000e+01  0.005446899705221372
   5.8745000e+01  0.005349165452721372
   5.8750000e+01  0.005252184690221372
   5.8755000e+01  0.005156810312721373
   5.8760000e+01  0.0050633971602213725
   5.8765000e+01  0.004971725462721372
   5.8770000e+01  0.004881147307721372
   5.8775000e+01  0.004790842240221372
   5.8780000e+01  0.004700041765221373
   5.8785000e+01  0.004608139447721373
   5.8790000e+01  0.0045146931777213725
   5.8795000e+01  0.004419385422721372
   5.8800000e+01  0.004322004420221372
   5.8805000e+01  0.004222462082721372
   5.8810000e+01  0.004120818955221372
   5.8815000e+01  0.004017277910221372
   5.8820000e+01  0.003912135575221372
   5.8825000e+01  0.003805713990221372
   5.8830000e+01  0.003698305205221372
   5.8835000e+01  0.003590143927721372
   5.8840000e+01  0.003481398500221372
   5.8845000e+01  0.003372162437721372
   5.8850000e+01  0.003262442860221372
   5.8855000e+01  0.0031521620602213717
   5.8860000e+01  0.0030411924177213717
   5.8865000e+01  0.0029294259677213716
   5.8870000e+01  0.0028168519727213718
   5.8875000e+01  0.0027036015702213718
   5.8880000e+01  0.0025899308277213717
   5.8885000e+01  0.0024761458477213717
   5.8890000e+01  0.0023625053427213717
   5.8895000e+01  0.002249147627721372
   5.8900000e+01  0.0021360742527213716
   5.8905000e+01  0.0020231916452213717
   5.8910000e+01  0.0019103835402213716
   5.8915000e+01  0.0017975754377213716
   5.8920000e+01  0.0016847614927213716
   5.8925000e+01  0.0015719864527213717
   5.8930000e+01  0.0014592978577213718
   5.8935000e+01  0.0013466964327213718
   5.8940000e+01  0.001234111267721372
   5.8945000e+01  0.001121413295221372
   5.8950000e+01  0.001008462085221372
   5.8955000e+01  0.000895164875221372
   5.8960000e+01  0.000781520115221372
   5.8965000e+01  0.000667624070221372
   5.8970000e+01  0.000553636087721372
   5.8975000e+01  0.000439718007721372
   5.8980000e+01  0.000325975652721372
   5.8985000e+01  0.00021242857272137203
   5.8990000e+01  9.901910272137203e-5
   5.8995000e+01  -1.434820727862797e-5
   5.9000000e+01  -0.000127759722278628
   5.9005000e+01  -0.000241262114778628
   5.9010000e+01  -0.000354859964778628
   5.9015000e+01  -0.00046853687727862797
   5.9020000e+01  -0.0005822834197786279
   5.9025000e+01  -0.000696113894778628
   5.9030000e+01  -0.000810062832278628
   5.9035000e+01  -0.000924164872278628
   5.9040000e+01  -0.001038430827278628
   5.9045000e+01  -0.0011528336222786282
   5.9050000e+01  -0.0012673111097786282
   5.9055000e+01  -0.0013817832272786281
   5.9060000e+01  -0.0014961741922786282
   5.9065000e+01  -0.0016104295172786282
   5.9070000e+01  -0.001724521884778628
   5.9075000e+01  -0.001838446139778628
   5.9080000e+01  -0.001952208267278628
   5.9085000e+01  -0.0020658144422786282
   5.9090000e+01  -0.0021792645097786284
   5.9095000e+01  -0.0022925511547786286
   5.9100000e+01  -0.0024056633347786286
   5.9105000e+01  -0.0025185911247786285
   5.9110000e+01  -0.0026313291247786284
   5.9115000e+01  -0.0027438765897786284
   5.9120000e+01  -0.0028562340997786285
   5.9125000e+01  -0.0029683982822786286
   5.9130000e+01  -0.0030803570972786284
   5.9135000e+01  -0.0031920881472786286
   5.9140000e+01  -0.0033035611847786286
   5.9145000e+01  -0.0034147441547786287
   5.9150000e+01  -0.003525610557278629
   5.9155000e+01  -0.003636145327278629
   5.9160000e+01  -0.003746347067278629
   5.9165000e+01  -0.003856225924778629
   5.9170000e+01  -0.003965798057278629
   5.9175000e+01  -0.004075078799778629
   5.9180000e+01  -0.004184076947278629
   5.9185000e+01  -0.004292791924778629
   5.9190000e+01  -0.0044012143622786295
   5.9195000e+01  -0.00450932925477863
   5.9200000e+01  -0.00461712003977863
   5.9205000e+01  -0.00472457190227863
   5.9210000e+01  -0.00483167330477863
   5.9215000e+01  -0.00493841573727863
   5.9220000e+01  -0.00504479250227863
   5.9225000e+01  -0.00515079756227863
   5.9230000e+01  -0.00525642506977863
   5.9235000e+01  -0.0053616695447786305
   5.9240000e+01  -0.005466526142278631
   5.9245000e+01  -0.005570990439778631
   5.9250000e+01  -0.005675057614778631
   5.9255000e+01  -0.0057787214272786306
   5.9260000e+01  -0.005881973682278631
   5.9265000e+01  -0.005984804599778631
   5.9270000e+01  -0.006087204007278631
   5.9275000e+01  -0.006189162757278631
   5.9280000e+01  -0.006290673662278631
   5.9285000e+01  -0.006391731564778631
   5.9290000e+01  -0.006492332627278631
   5.9295000e+01  -0.006592473317278631
   5.9300000e+01  -0.006692149619778631
   5.9305000e+01  -0.0067913567772786305
   5.9310000e+01  -0.00689008950977863
   5.9315000e+01  -0.00698834243227863
   5.9320000e+01  -0.00708611038227863
   5.9325000e+01  -0.00718338853727863
   5.9330000e+01  -0.00728017238727863
   5.9335000e+01  -0.00737645768727863
   5.9340000e+01  -0.00747224046977863
   5.9345000e+01  -0.00756751709227863
   5.9350000e+01  -0.00766228423977863
   5.9355000e+01  -0.00775653881477863
   5.9360000e+01  -0.00785027771727863
   5.9365000e+01  -0.00794349761727863
   5.9370000e+01  -0.00803619486477863
   5.9375000e+01  -0.00812836561227863
   5.9380000e+01  -0.008220006094778631
   5.9385000e+01  -0.008311112934778632
   5.9390000e+01  -0.008401683284778631
   5.9395000e+01  -0.008491714724778632
   5.9400000e+01  -0.008581204994778631
   5.9405000e+01  -0.00867015170477863
   5.9410000e+01  -0.00875855218977863
   5.9415000e+01  -0.00884640357727863
   5.9420000e+01  -0.008933702994778631
   5.9425000e+01  -0.00902044777227863
   5.9430000e+01  -0.009106635537278631
   5.9435000e+01  -0.009192264197278631
   5.9440000e+01  -0.00927733184477863
   5.9445000e+01  -0.00936183666727863
   5.9450000e+01  -0.00944577692727863
   5.9455000e+01  -0.00952915099477863
   5.9460000e+01  -0.00961195737977863
   5.9465000e+01  -0.00969419471727863
   5.9470000e+01  -0.00977586167977863
   5.9475000e+01  -0.009856956862278629
   5.9480000e+01  -0.009937478694778628
   5.9485000e+01  -0.010017425429778628
   5.9490000e+01  -0.010096795227278627
   5.9495000e+01  -0.010175586299778628
   5.9500000e+01  -0.010253797077278628
   5.9505000e+01  -0.010331426307278627
   5.9510000e+01  -0.010408473054778627
   5.9515000e+01  -0.010484936622278628
   5.9520000e+01  -0.010560816427278628
   5.9525000e+01  -0.010636111894778628
   5.9530000e+01  -0.010710822389778628
   5.9535000e+01  -0.010784947182278628
   5.9540000e+01  -0.010858485444778628
   5.9545000e+01  -0.010931436304778629
   5.9550000e+01  -0.01100379892977863
   5.9555000e+01  -0.011075572607278629
   5.9560000e+01  -0.011146756792278629
   5.9565000e+01  -0.011217351119778628
   5.9570000e+01  -0.011287355374778629
   5.9575000e+01  -0.01135676943727863
   5.9580000e+01  -0.01142559322727863
   5.9585000e+01  -0.011493826649778629
   5.9590000e+01  -0.011561469574778629
   5.9595000e+01  -0.01162852185727863
   5.9600000e+01  -0.01169498338727863
   5.9605000e+01  -0.01176085413477863
   5.9610000e+01  -0.01182613415727863
   5.9615000e+01  -0.011890823569778629
   5.9620000e+01  -0.011954922504778628
   5.9625000e+01  -0.012018431114778629
   5.9630000e+01  -0.012081349604778628
   5.9635000e+01  -0.012143678254778629
   5.9640000e+01  -0.012205417424778629
   5.9645000e+01  -0.012266567539778629
   5.9650000e+01  -0.012327129052278629
   5.9655000e+01  -0.012387102419778629
   5.9660000e+01  -0.01244648811727863
   5.9665000e+01  -0.01250528665727863
   5.9670000e+01  -0.01256349861477863
   5.9675000e+01  -0.01262112465727863
   5.9680000e+01  -0.01267816555227863
   5.9685000e+01  -0.01273462214227863
   5.9690000e+01  -0.01279049529227863
   5.9695000e+01  -0.01284578583977863
   5.9700000e+01  -0.01290049456477863
   5.9705000e+01  -0.01295462219977863
   5.9710000e+01  -0.01300816947977863
   5.9715000e+01  -0.01306113719977863
   5.9720000e+01  -0.01311352627227863
   5.9725000e+01  -0.01316533774727863
   5.9730000e+01  -0.01321657278727863
   5.9735000e+01  -0.013267232617278631
   5.9740000e+01  -0.013317318457278631
   5.9745000e+01  -0.013366831489778632
   5.9750000e+01  -0.013415772887778631
   5.9755000e+01  -0.013464143870778631
   5.9760000e+01  -0.01351194573277863
   5.9765000e+01  -0.013559179804028631
   5.9770000e+01  -0.013605847376778632
   5.9775000e+01  -0.01365194966527863
   5.9780000e+01  -0.01369748784602863
   5.9785000e+01  -0.01374246315377863
   5.9790000e+01  -0.013786876961528631
   5.9795000e+01  -0.013830730787778632
   5.9800000e+01  -0.013874026232028632
   5.9805000e+01  -0.013916764882778631
   5.9810000e+01  -0.013958948253028632
   5.9815000e+01  -0.014000577778278631
   5.9820000e+01  -0.01404165487202863
   5.9825000e+01  -0.01408218100577863
   5.9830000e+01  -0.01412215777152863
   5.9835000e+01  -0.01416158689952863
   5.9840000e+01  -0.01420047022802863
   5.9845000e+01  -0.014238809643778631
   5.9850000e+01  -0.01427660701727863
   5.9855000e+01  -0.01431386415277863
   5.9860000e+01  -0.014350582767778631
   5.9865000e+01  -0.014386764510528631
   5.9870000e+01  -0.014422411010778631
   5.9875000e+01  -0.01445752393552863
   5.9880000e+01  -0.01449210502102863
   5.9885000e+01  -0.01452615607527863
   5.9890000e+01  -0.014559678963778631
   5.9895000e+01  -0.014592675591278631
   5.9900000e+01  -0.014625147886028632
   5.9905000e+01  -0.014657097782528633
   5.9910000e+01  -0.014688527202278633
   5.9915000e+01  -0.014719438043278634
   5.9920000e+01  -0.014749832193028634
   5.9925000e+01  -0.014779711569528634
   5.9930000e+01  -0.014809078171528633
   5.9935000e+01  -0.014837934101528633
   5.9940000e+01  -0.014866281535778634
   5.9945000e+01  -0.014894122647778634
   5.9950000e+01  -0.014921459522278633
   5.9955000e+01  -0.014948294106778634
   5.9960000e+01  -0.014974628235028634
   5.9965000e+01  -0.015000463723278634
   5.9970000e+01  -0.015025802499778633
   5.9975000e+01  -0.015050646705028634
   5.9980000e+01  -0.015074998702278634
   5.9985000e+01  -0.015098860976528634
   5.9990000e+01  -0.015122235961528634
   5.9995000e+01  -0.015145125887278635
   6.0000000e+01  -0.015167532737528635
