   0.0000000e+00   5.579229e-8
   5.0000000e-03   5.05353405e-7
   1.0000000e-02   2.2194988050000003e-6
   1.5000000e-02   6.406671630000001e-6
   2.0000000e-02   1.391770163e-5
   2.5000000e-02   2.4680859130000002e-5
   3.0000000e-02   3.775386688e-5
   3.5000000e-02   5.184367463e-5
   4.0000000e-02   6.586896338e-5
   4.5000000e-02   7.926914988e-5
   5.0000000e-02   9.200048738e-5
   5.5000000e-02   0.00010433033913
   6.0000000e-02   0.00011659067363
   6.5000000e-02   0.00012900844063
   7.0000000e-02   0.00014165182488
   7.5000000e-02   0.00015446688787999999
   8.0000000e-02   0.00016735139013
   8.5000000e-02   0.00018021876762999999
   9.0000000e-02   0.00019302889788
   9.5000000e-02   0.00020578617813
   1.0000000e-01   0.00021851924163
   1.0500000e-01   0.00023125861338
   1.1000000e-01   0.00024402277363
   1.1500000e-01   0.00025681515463
   1.2000000e-01   0.00026962884063
   1.2500000e-01   0.00028245375838
   1.3000000e-01   0.00029528223563
   1.3500000e-01   0.00030811121913
   1.4000000e-01   0.00032094159038000003
   1.4500000e-01   0.00033377608038
   1.5000000e-01   0.00034661725238
   1.5500000e-01   0.00035946638188
   1.6000000e-01   0.00037232334538
   1.6500000e-01   0.00038518715888000003
   1.7000000e-01   0.00039805666963000003
   1.7500000e-01   0.00041093102813
   1.8000000e-01   0.00042380981763000004
   1.8500000e-01   0.00043669293263000006
   1.9000000e-01   0.0004495803736300001
   1.9500000e-01   0.0004624720831300001
   2.0000000e-01   0.0004753678711300001
   2.0500000e-01   0.0004882674196300001
   2.1000000e-01   0.0005011703358800001
   2.1500000e-01   0.0005140762123800001
   2.2000000e-01   0.0005269846566300001
   2.2500000e-01   0.0005398952916300002
   2.3000000e-01   0.0005528077446300002
   2.3500000e-01   0.0005657216348800003
   2.4000000e-01   0.0005786365678800003
   2.4500000e-01   0.0005915521396300002
   2.5000000e-01   0.0006044679408800002
   2.5500000e-01   0.0006173835531300002
   2.6000000e-01   0.0006302985413800002
   2.6500000e-01   0.0006432124511300002
   2.7000000e-01   0.0006561248123800002
   2.7500000e-01   0.0006690351453800001
   2.8000000e-01   0.0006819429601300002
   2.8500000e-01   0.0006948477498800002
   2.9000000e-01   0.0007077489893800001
   2.9500000e-01   0.0007206461381300002
   3.0000000e-01   0.0007335386361300002
   3.0500000e-01   0.0007464258928800002
   3.1000000e-01   0.0007593072896300002
   3.1500000e-01   0.0007721822033800002
   3.2000000e-01   0.0007850500323800002
   3.2500000e-01   0.0007979101911300002
   3.3000000e-01   0.0008107620771300001
   3.3500000e-01   0.0008236050486300001
   3.4000000e-01   0.0008364384293800001
   3.4500000e-01   0.0008492615233800001
   3.5000000e-01   0.00086207362563
   3.5500000e-01   0.0008748740253800001
   3.6000000e-01   0.0008876620028800001
   3.6500000e-01   0.00090043682188
   3.7000000e-01   0.00091319771913
   3.7500000e-01   0.0009259438981300001
   3.8000000e-01   0.0009386745363800001
   3.8500000e-01   0.0009513888036300001
   3.9000000e-01   0.0009640858696300001
   3.9500000e-01   0.0009767648913800002
   4.0000000e-01   0.0009894250011300001
   4.0500000e-01   0.00100206531188
   4.1000000e-01   0.00101468493438
   4.1500000e-01   0.0010272829841300002
   4.2000000e-01   0.0010398585683800002
   4.2500000e-01   0.0010524107698800002
   4.3000000e-01   0.0010649386418800002
   4.3500000e-01   0.0010774412123800003
   4.4000000e-01   0.0010899174868800002
   4.4500000e-01   0.0011023664433800003
   4.5000000e-01   0.0011147870256300002
   4.5500000e-01   0.0011271781468800003
   4.6000000e-01   0.0011395387043800003
   4.6500000e-01   0.0011518675943800003
   4.7000000e-01   0.0011641637223800004
   4.7500000e-01   0.0011764259983800005
   4.8000000e-01   0.0011886533141300005
   4.8500000e-01   0.0012008445248800005
   4.9000000e-01   0.0012129984501300006
   4.9500000e-01   0.0012251138831300007
   5.0000000e-01   0.0012371896001300007
   5.0500000e-01   0.0012492243656300006
   5.1000000e-01   0.0012612169251300007
   5.1500000e-01   0.0012731659918800008
   5.2000000e-01   0.0012850702476300008
   5.2500000e-01   0.0012969283591300008
   5.3000000e-01   0.001308738988380001
   5.3500000e-01   0.001320500785630001
   5.4000000e-01   0.001332212379880001
   5.4500000e-01   0.0013438723776300011
   5.5000000e-01   0.0013554793678800011
   5.5500000e-01   0.0013670319273800012
   5.6000000e-01   0.0013785286201300013
   5.6500000e-01   0.0013899679888800013
   5.7000000e-01   0.0014013485421300012
   5.7500000e-01   0.0014126687468800012
   5.8000000e-01   0.0014239270363800012
   5.8500000e-01   0.0014351218276300011
   5.9000000e-01   0.0014462515303800012
   5.9500000e-01   0.001457314539880001
   6.0000000e-01   0.001468309227880001
   6.0500000e-01   0.001479233940880001
   6.1000000e-01   0.001490087001630001
   6.1500000e-01   0.001500866712630001
   6.2000000e-01   0.001511571363630001
   6.2500000e-01   0.001522199233880001
   6.3000000e-01   0.001532748578880001
   6.3500000e-01   0.001543217613380001
   6.4000000e-01   0.001553604504880001
   6.4500000e-01   0.001563907383630001
   6.5000000e-01   0.001574124365630001
   6.5500000e-01   0.001584253574880001
   6.6000000e-01   0.001594293147130001
   6.6500000e-01   0.001604241212380001
   6.7000000e-01   0.001614095866380001
   6.7500000e-01   0.0016238551456300011
   6.8000000e-01   0.001633517025130001
   6.8500000e-01   0.001643079444880001
   6.9000000e-01   0.001652540342630001
   6.9500000e-01   0.001661897661880001
   7.0000000e-01   0.001671149338880001
   7.0500000e-01   0.001680293286630001
   7.1000000e-01   0.001689327379130001
   7.1500000e-01   0.001698249441630001
   7.2000000e-01   0.001707057255380001
   7.2500000e-01   0.001715748575880001
   7.3000000e-01   0.001724321155630001
   7.3500000e-01   0.0017327727541300011
   7.4000000e-01   0.0017411011238800012
   7.4500000e-01   0.0017493039796300013
   7.5000000e-01   0.0017573789756300012
   7.5500000e-01   0.0017653237178800012
   7.6000000e-01   0.0017731357988800011
   7.6500000e-01   0.0017808128121300012
   7.7000000e-01   0.0017883523321300012
   7.7500000e-01   0.0017957518901300013
   7.8000000e-01   0.0018030089776300013
   7.8500000e-01   0.0018101210708800013
   7.9000000e-01   0.0018170856441300013
   7.9500000e-01   0.0018239001566300013
   8.0000000e-01   0.0018305620326300013
   8.0500000e-01   0.0018370686591300013
   8.1000000e-01   0.0018434173946300014
   8.1500000e-01   0.0018496055676300014
   8.2000000e-01   0.0018556304718800015
   8.2500000e-01   0.0018614893753800014
   8.3000000e-01   0.0018671795338800015
   8.3500000e-01   0.0018726981903800014
   8.4000000e-01   0.0018780425608800014
   8.4500000e-01   0.0018832098218800014
   8.5000000e-01   0.0018881971099300014
   8.5500000e-01   0.0018930015290800014
   8.6000000e-01   0.0018976201605050015
   8.6500000e-01   0.0019020500667300015
   8.7000000e-01   0.0019062882905800014
   8.7500000e-01   0.0019103318555550013
   8.8000000e-01   0.0019141777592550013
   8.8500000e-01   0.0019178229621050014
   8.9000000e-01   0.0019212643902550013
   8.9500000e-01   0.0019244989483300013
   9.0000000e-01   0.0019275235211550013
   9.0500000e-01   0.0019303349644050013
   9.1000000e-01   0.0019329300983050013
   9.1500000e-01   0.0019353057096050013
   9.2000000e-01   0.0019374585597800012
   9.2500000e-01   0.0019393853944550013
   9.3000000e-01   0.0019410829434050013
   9.3500000e-01   0.0019425479094300013
   9.4000000e-01   0.0019437769585300014
   9.4500000e-01   0.0019447667190550014
   9.5000000e-01   0.0019455137872050013
   9.5500000e-01   0.0019460147338050014
   9.6000000e-01   0.0019462661107925014
   9.6500000e-01  0.0019462644565050014
   9.7000000e-01  0.0019460062926675015
   9.7500000e-01  0.0019454881125800015
   9.8000000e-01  0.0019447063703050015
   9.8500000e-01  0.0019436574728550016
   9.9000000e-01  0.0019423377775300017
   9.9500000e-01  0.0019407436050550017
   1.0000000e+00  0.0019388712645550018
   1.0050000e+00  0.001936717070680002
   1.0100000e+00  0.001934277343255002
   1.0150000e+00  0.001931548392980002
   1.0200000e+00  0.001928526500605002
   1.0250000e+00  0.001925207900430002
   1.0300000e+00  0.001921588773830002
   1.0350000e+00  0.0019176652497550019
   1.0400000e+00  0.0019134334120550019
   1.0450000e+00  0.001908889315130002
   1.0500000e+00  0.001904028999430002
   1.0550000e+00  0.0018988484976800019
   1.0600000e+00  0.0018933438374300019
   1.0650000e+00  0.0018875110421800018
   1.0700000e+00  0.001881346121180002
   1.0750000e+00  0.0018748450496800018
   1.0800000e+00  0.0018680037569300018
   1.0850000e+00  0.0018608181276800017
   1.0900000e+00  0.0018532840086800018
   1.0950000e+00  0.0018453972149300017
   1.1000000e+00  0.0018371535354300018
   1.1050000e+00  0.0018285487406800019
   1.1100000e+00  0.001819578593180002
   1.1150000e+00  0.001810238855930002
   1.1200000e+00  0.001800525286930002
   1.1250000e+00  0.0017904336211800019
   1.1300000e+00  0.001779959553430002
   1.1350000e+00  0.0017690987289300018
   1.1400000e+00  0.0017578467439300018
   1.1450000e+00  0.0017461991541800018
   1.1500000e+00  0.001734151492430002
   1.1550000e+00  0.001721699285680002
   1.1600000e+00  0.001708838059680002
   1.1650000e+00  0.001695563332930002
   1.1700000e+00  0.0016818706051800018
   1.1750000e+00  0.0016677553454300018
   1.1800000e+00  0.0016532129856800019
   1.1850000e+00  0.001638238922930002
   1.1900000e+00  0.0016228285301800019
   1.1950000e+00  0.0016069771729300018
   1.2000000e+00  0.0015906802139300019
   1.2050000e+00  0.0015739329981800019
   1.2100000e+00  0.0015567308341800019
   1.2150000e+00  0.0015390689891800018
   1.2200000e+00  0.0015209427011800018
   1.2250000e+00  0.0015023471939300018
   1.2300000e+00  0.001483277684430002
   1.2350000e+00  0.0014637293826800018
   1.2400000e+00  0.0014436974844300018
   1.2450000e+00  0.0014231771629300018
   1.2500000e+00  0.0014021635654300018
   1.2550000e+00  0.0013806518146800017
   1.2600000e+00  0.0013586370124300017
   1.2650000e+00  0.0013361142424300016
   1.2700000e+00  0.0013130785724300017
   1.2750000e+00  0.0012895250544300017
   1.2800000e+00  0.0012654487239300016
   1.2850000e+00  0.0012408445999300016
   1.2900000e+00  0.0012157076859300015
   1.2950000e+00  0.0011900329716800016
   1.3000000e+00  0.0011638154351800015
   1.3050000e+00  0.0011370500414300015
   1.3100000e+00  0.0011097317334300015
   1.3150000e+00  0.0010818554249300014
   1.3200000e+00  0.0010534160096800013
   1.3250000e+00  0.0010244083769300014
   1.3300000e+00  0.0009948274126800015
   1.3350000e+00  0.0009646679946800014
   1.3400000e+00  0.0009339249941800015
   1.3450000e+00  0.0009025932736800015
   1.3500000e+00  0.0008706676814300015
   1.3550000e+00  0.0008381430516800015
   1.3600000e+00  0.0008050142016800015
   1.3650000e+00  0.0007712759304300016
   1.3700000e+00  0.0007369230304300016
   1.3750000e+00  0.0007019502979300016
   1.3800000e+00  0.0006663525259300016
   1.3850000e+00  0.0006301244914300016
   1.3900000e+00  0.0005932609521800017
   1.3950000e+00  0.0005557566529300016
   1.4000000e+00  0.0005176063346800017
   1.4050000e+00  0.0004788047369300017
   1.4100000e+00  0.0004393465971800017
   1.4150000e+00  0.0003992266556800017
   1.4200000e+00  0.0003584396596800017
   1.4250000e+00  0.0003169803544300017
   1.4300000e+00  0.0002748434669300017
   1.4350000e+00  0.0002320237039300017
   1.4400000e+00  0.0001885157626800017
   1.4450000e+00  0.0001443143381800017
   1.4500000e+00  9.941412893000172e-5
   1.4550000e+00  5.380984843000172e-5
   1.4600000e+00  7.496235680001723e-6
   1.4650000e+00  -3.953194481999828e-5
   1.4700000e+00  -8.727992131999828e-5
   1.4750000e+00  -0.0001357529423199983
   1.4800000e+00  -0.00018495628881999828
   1.4850000e+00  -0.00023489526056999827
   1.4900000e+00  -0.00028557515056999824
   1.4950000e+00  -0.00033700123056999823
   1.5000000e+00  -0.0003891787480699982
   1.5050000e+00  -0.0004421129280699982
   1.5100000e+00  -0.0004958089755699982
   1.5150000e+00  -0.0005502720855699982
   1.5200000e+00  -0.0006055074555699982
   1.5250000e+00  -0.0006615202930699983
   1.5300000e+00  -0.0007183158580699983
   1.5350000e+00  -0.0007758994830699983
   1.5400000e+00  -0.0008342764480699983
   1.5450000e+00  -0.0008934518055699983
   1.5500000e+00  -0.0009534303880699982
   1.5550000e+00  -0.0010142170630699982
   1.5600000e+00  -0.0010758169830699983
   1.5650000e+00  -0.0011382355405699983
   1.5700000e+00  -0.0012014780505699982
   1.5750000e+00  -0.0012655495180699983
   1.5800000e+00  -0.0013304547330699984
   1.5850000e+00  -0.0013961985355699985
   1.5900000e+00  -0.0014627859505699984
   1.5950000e+00  -0.0015302221130699984
   1.6000000e+00  -0.0015985121430699984
   1.6050000e+00  -0.0016676610880699983
   1.6100000e+00  -0.0017376738980699983
   1.6150000e+00  -0.0018085553655699982
   1.6200000e+00  -0.0018803101205699983
   1.6250000e+00  -0.0019529427380699982
   1.6300000e+00  -0.002026457863069998
   1.6350000e+00  -0.002100860223069998
   1.6400000e+00  -0.0021761545705699984
   1.6450000e+00  -0.0022523456780699984
   1.6500000e+00  -0.0023294383380699983
   1.6550000e+00  -0.002407437320569998
   1.6600000e+00  -0.0024863473555699982
   1.6650000e+00  -0.0025661730955699982
   1.6700000e+00  -0.002646918988069998
   1.6750000e+00  -0.002728589205569998
   1.6800000e+00  -0.002811187800569998
   1.6850000e+00  -0.002894718978069998
   1.6900000e+00  -0.002979187183069998
   1.6950000e+00  -0.003064596958069998
   1.7000000e+00  -0.003150952798069998
   1.7050000e+00  -0.0032382590930699977
   1.7100000e+00  -0.0033265201055699975
   1.7150000e+00  -0.0034157399405699974
   1.7200000e+00  -0.0035059225280699973
   1.7250000e+00  -0.003597071663069997
   1.7300000e+00  -0.0036891911055699973
   1.7350000e+00  -0.0037822846480699973
   1.7400000e+00  -0.0038763560555699975
   1.7450000e+00  -0.003971409000569998
   1.7500000e+00  -0.004067447123069998
   1.7550000e+00  -0.004164474110569998
   1.7600000e+00  -0.004262493685569998
   1.7650000e+00  -0.004361509575569998
   1.7700000e+00  -0.004461525503069998
   1.7750000e+00  -0.004562545095569998
   1.7800000e+00  -0.004664571743069998
   1.7850000e+00  -0.004767608575569998
   1.7900000e+00  -0.004871658563069999
   1.7950000e+00  -0.004976724598069999
   1.8000000e+00  -0.005082809538069999
   1.8050000e+00  -0.005189916265569999
   1.8100000e+00  -0.005298047775569999
   1.8150000e+00  -0.005407207183069999
   1.8200000e+00  -0.005517397588069999
   1.8250000e+00  -0.005628621883069999
   1.8300000e+00  -0.00574088263807
   1.8350000e+00  -0.005854182118069999
   1.8400000e+00  -0.00596852237307
   1.8450000e+00  -0.00608390534307
   1.8500000e+00  -0.00620033296557
   1.8550000e+00  -0.00631780729807
   1.8600000e+00  -0.00643633059807
   1.8650000e+00  -0.00655590521807
   1.8700000e+00  -0.00667653332557
   1.8750000e+00  -0.0067982167505699995
   1.8800000e+00  -0.006920957108069999
   1.8850000e+00  -0.007044755940569999
   1.8900000e+00  -0.007169614670569999
   1.8950000e+00  -0.0072955345080699995
   1.9000000e+00  -0.00742251647557
   1.9050000e+00  -0.00755056152557
   1.9100000e+00  -0.00767967064807
   1.9150000e+00  -0.00780984483057
   1.9200000e+00  -0.007941084933069999
   1.9250000e+00  -0.008073391680569999
   1.9300000e+00  -0.008206765755569998
   1.9350000e+00  -0.008341207773069998
   1.9400000e+00  -0.008476718120569998
   1.9450000e+00  -0.008613296885569997
   1.9500000e+00  -0.008750943933069997
   1.9550000e+00  -0.008889659023069997
   1.9600000e+00  -0.009029441920569996
   1.9650000e+00  -0.009170292435569997
   1.9700000e+00  -0.009312210290569996
   1.9750000e+00  -0.009455194883069996
   1.9800000e+00  -0.009599245210569997
   1.9850000e+00  -0.009744360078069997
   1.9900000e+00  -0.009890538378069998
   1.9950000e+00  -0.010037779160569998
   2.0000000e+00  -0.010186081435569998
   2.0050000e+00  -0.010335443938069998
   2.0100000e+00  -0.010485865078069999
   2.0150000e+00  -0.010637343075569999
   2.0200000e+00  -0.010789876038069999
   2.0250000e+00  -0.010943461873069998
   2.0300000e+00  -0.011098098250569998
   2.0350000e+00  -0.011253782693069998
   2.0400000e+00  -0.011410512648069998
   2.0450000e+00  -0.011568285475569998
   2.0500000e+00  -0.011727098385569998
   2.0550000e+00  -0.011886948345569998
   2.0600000e+00  -0.012047832033069998
   2.0650000e+00  -0.012209745858069998
   2.0700000e+00  -0.012372686025569998
   2.0750000e+00  -0.012536648578069999
   2.0800000e+00  -0.012701629413069999
   2.0850000e+00  -0.012867624345569999
   2.0900000e+00  -0.01303462915057
   2.0950000e+00  -0.01320263958057
   2.1000000e+00  -0.01337165137557
   2.1050000e+00  -0.013541660128070001
   2.1100000e+00  -0.01371266096557
   2.1150000e+00  -0.013884648328070001
   2.1200000e+00  -0.01405761614307
   2.1250000e+00  -0.01423155825057
   2.1300000e+00  -0.014406468650570001
   2.1350000e+00  -0.01458234143807
   2.1400000e+00  -0.01475917059807
   2.1450000e+00  -0.01493694981057
   2.1500000e+00  -0.01511567232307
   2.1550000e+00  -0.01529533094307
   2.1600000e+00  -0.01547591814307
   2.1650000e+00  -0.01565742623057
   2.1700000e+00  -0.015839847483069998
   2.1750000e+00  -0.016023174125569997
   2.1800000e+00  -0.016207398145569995
   2.1850000e+00  -0.016392511140569995
   2.1900000e+00  -0.016578504393069994
   2.1950000e+00  -0.016765369070569993
   2.2000000e+00  -0.016953096240569992
   2.2050000e+00  -0.017141676663069993
   2.2100000e+00  -0.01733110068556999
   2.2150000e+00  -0.01752135836306999
   2.2200000e+00  -0.017712439595569993
   2.2250000e+00  -0.017904334115569992
   2.2300000e+00  -0.01809703137556999
   2.2350000e+00  -0.01829052047306999
   2.2400000e+00  -0.01848479021306999
   2.2450000e+00  -0.01867982921056999
   2.2500000e+00  -0.01887562585306999
   2.2550000e+00  -0.01907216817306999
   2.2600000e+00  -0.01926944381806999
   2.2650000e+00  -0.01946744015556999
   2.2700000e+00  -0.01966614440556999
   2.2750000e+00  -0.01986554368556999
   2.2800000e+00  -0.02006562489056999
   2.2850000e+00  -0.02026637446556999
   2.2900000e+00  -0.02046777831306999
   2.2950000e+00  -0.02066982195306999
   2.3000000e+00  -0.02087249071806999
   2.3050000e+00  -0.02107576973056999
   2.3100000e+00  -0.021279643748069992
   2.3150000e+00  -0.021484097125569993
   2.3200000e+00  -0.021689113898069993
   2.3250000e+00  -0.021894677853069994
   2.3300000e+00  -0.022100772600569994
   2.3350000e+00  -0.022307381625569993
   2.3400000e+00  -0.022514488165569994
   2.3450000e+00  -0.022722074955569993
   2.3500000e+00  -0.02293012412306999
   2.3550000e+00  -0.02313861736056999
   2.3600000e+00  -0.02334753617306999
   2.3650000e+00  -0.02355686196306999
   2.3700000e+00  -0.02376657591806999
   2.3750000e+00  -0.02397665880306999
   2.3800000e+00  -0.02418709084306999
   2.3850000e+00  -0.02439785179306999
   2.3900000e+00  -0.02460892106806999
   2.3950000e+00  -0.02482027776056999
   2.4000000e+00  -0.02503190057556999
   2.4050000e+00  -0.02524376781306999
   2.4100000e+00  -0.02545585743806999
   2.4150000e+00  -0.02566814716056999
   2.4200000e+00  -0.02588061441056999
   2.4250000e+00  -0.026093236223069992
   2.4300000e+00  -0.026305989200569993
   2.4350000e+00  -0.026518849588069993
   2.4400000e+00  -0.026731793270569994
   2.4450000e+00  -0.026944795630569993
   2.4500000e+00  -0.027157831543069992
   2.4550000e+00  -0.027370875815569993
   2.4600000e+00  -0.027583903603069993
   2.4650000e+00  -0.027796889653069992
   2.4700000e+00  -0.02800980698056999
   2.4750000e+00  -0.02822262706806999
   2.4800000e+00  -0.02843532104306999
   2.4850000e+00  -0.02864785977056999
   2.4900000e+00  -0.02886021350056999
   2.4950000e+00  -0.02907235254556999
   2.5000000e+00  -0.029284248138069992
   2.5050000e+00  -0.02949587219806999
   2.5100000e+00  -0.02970719653056999
   2.5150000e+00  -0.02991819260306999
   2.5200000e+00  -0.03012883165056999
   2.5250000e+00  -0.03033908402306999
   2.5300000e+00  -0.03054891824056999
   2.5350000e+00  -0.030758301050569987
   2.5400000e+00  -0.03096719831806999
   2.5450000e+00  -0.031175575650569987
   2.5500000e+00  -0.03138339886306999
   2.5550000e+00  -0.031590634908069994
   2.5600000e+00  -0.03179725198806999
   2.5650000e+00  -0.03200321746306999
   2.5700000e+00  -0.03220849533556999
   2.5750000e+00  -0.03241304626306999
   2.5800000e+00  -0.03261683011806999
   2.5850000e+00  -0.03281980820056999
   2.5900000e+00  -0.03302194316806999
   2.5950000e+00  -0.033223198138069995
   2.6000000e+00  -0.03342353659306999
   2.6050000e+00  -0.033622922175569996
   2.6100000e+00  -0.03382131775307
   2.6150000e+00  -0.03401868457557
   2.6200000e+00  -0.03421498191557
   2.6250000e+00  -0.03441016761807
   2.6300000e+00  -0.03460419979307
   2.6350000e+00  -0.03479703778057
   2.6400000e+00  -0.03498864082807
   2.6450000e+00  -0.035178966383070005
   2.6500000e+00  -0.03536797024807001
   2.6550000e+00  -0.035555607768070006
   2.6600000e+00  -0.03574183438557001
   2.6650000e+00  -0.035926605365570005
   2.6700000e+00  -0.03610987534807
   2.6750000e+00  -0.03629159821057
   2.6800000e+00  -0.03647172732807
   2.6850000e+00  -0.03665021605057
   2.6900000e+00  -0.03682701791557
   2.6950000e+00  -0.03700208601057
   2.7000000e+00  -0.03717537181057
   2.7050000e+00  -0.03734682498057
   2.7100000e+00  -0.03751639478807
   2.7150000e+00  -0.03768403166807
   2.7200000e+00  -0.03784968672057
   2.7250000e+00  -0.03801330936807
   2.7300000e+00  -0.03817484605307
   2.7350000e+00  -0.03833424131307
   2.7400000e+00  -0.03849143995057
   2.7450000e+00  -0.03864638898307
   2.7500000e+00  -0.038799038248069996
   2.7550000e+00  -0.03894933869057
   2.7600000e+00  -0.03909723921307
   2.7650000e+00  -0.03924268448307
   2.7700000e+00  -0.03938561548557
   2.7750000e+00  -0.03952597202307
   2.7800000e+00  -0.03966369419307
   2.7850000e+00  -0.03979872174807
   2.7900000e+00  -0.039930993708069996
   2.7950000e+00  -0.04006044980057
   2.8000000e+00  -0.040187032103069995
   2.8050000e+00  -0.04031068487806999
   2.8100000e+00  -0.04043135215556999
   2.8150000e+00  -0.04054897419056999
   2.8200000e+00  -0.04066348563306999
   2.8250000e+00  -0.04077481777556999
   2.8300000e+00  -0.04088290296556999
   2.8350000e+00  -0.04098767677806999
   2.8400000e+00  -0.04108907699556999
   2.8450000e+00  -0.04118704198556999
   2.8500000e+00  -0.04128150972056999
   2.8550000e+00  -0.04137241679806999
   2.8600000e+00  -0.041459697770569987
   2.8650000e+00  -0.041543285453069984
   2.8700000e+00  -0.041623111505569986
   2.8750000e+00  -0.04169910643306999
   2.8800000e+00  -0.04177119929556999
   2.8850000e+00  -0.04183931774056999
   2.8900000e+00  -0.04190338853556999
   2.8950000e+00  -0.04196333837806999
   2.9000000e+00  -0.04201909462056999
   2.9050000e+00  -0.04207058547481999
   2.9100000e+00  -0.04211773920981999
   2.9150000e+00  -0.04216048280806999
   2.9200000e+00  -0.04219874142631999
   2.9250000e+00  -0.04223243889181999
   2.9300000e+00  -0.04226149854806999
   2.9350000e+00  -0.04228584426631999
   2.9400000e+00  -0.04230540097981999
   2.9450000e+00  -0.042320093851819986
   2.9500000e+00  -0.04232984692356999
   2.9550000e+00  -0.04233458260856999
   2.9600000e+00   -0.04233422198986999
   2.9650000e+00   -0.04232868562991999
   2.9700000e+00   -0.04231789446691999
   2.9750000e+00   -0.04230176935716999
   2.9800000e+00   -0.04228022908141999
   2.9850000e+00   -0.04225318902066999
   2.9900000e+00   -0.04222056208841999
   2.9950000e+00   -0.04218226114491999
   3.0000000e+00   -0.042138201005919994
   3.0050000e+00   -0.04208829857266999
   3.0100000e+00   -0.04203247138016999
   3.0150000e+00   -0.04197063617266999
   3.0200000e+00   -0.04190270796766999
   3.0250000e+00   -0.04182859932266999
   3.0300000e+00   -0.04174822050766999
   3.0350000e+00   -0.041661480805169994
   3.0400000e+00   -0.041568289805169994
   3.0450000e+00   -0.04146855776766999
   3.0500000e+00   -0.04136219522766999
   3.0550000e+00   -0.04124911245016999
   3.0600000e+00   -0.04112921901266999
   3.0650000e+00   -0.04100242350266999
   3.0700000e+00   -0.04086863334766999
   3.0750000e+00   -0.04072775489516999
   3.0800000e+00   -0.040579693732669994
   3.0850000e+00   -0.040424355062669996
   3.0900000e+00   -0.04026164386017
   3.0950000e+00   -0.040091464752669996
   3.1000000e+00   -0.039913721757669995
   3.1050000e+00   -0.039728318087669995
   3.1100000e+00   -0.03953515618266999
   3.1150000e+00   -0.03933413788516999
   3.1200000e+00   -0.039125164512669994
   3.1250000e+00   -0.03890813681267
   3.1300000e+00   -0.038682955030169996
   3.1350000e+00   -0.038449519065169996
   3.1400000e+00   -0.03820772851016999
   3.1450000e+00   -0.03795748246016999
   3.1500000e+00   -0.037698679182669996
   3.1550000e+00   -0.03743121590517
   3.1600000e+00   -0.03715498898517
   3.1650000e+00   -0.036869894340170004
   3.1700000e+00   -0.03657582773767001
   3.1750000e+00   -0.036272684797670006
   3.1800000e+00   -0.03596036079767
   3.1850000e+00   -0.035638750412670006
   3.1900000e+00   -0.035307747530170006
   3.1950000e+00   -0.034967245250170004
   3.2000000e+00   -0.03461713605017001
   3.2050000e+00   -0.03425731190267001
   3.2100000e+00   -0.03388766426767001
   3.2150000e+00   -0.033508084117670006
   3.2200000e+00   -0.03311846204767001
   3.2250000e+00   -0.03271868837767001
   3.2300000e+00   -0.032308653127670006
   3.2350000e+00   -0.03188824580767
   3.2400000e+00   -0.031457355202670005
   3.2450000e+00   -0.031015869407670003
   3.2500000e+00   -0.030563676032670004
   3.2550000e+00   -0.030100662312670005
   3.2600000e+00   -0.029626715125170004
   3.2650000e+00   -0.029141721025170004
   3.2700000e+00   -0.028645566222670005
   3.2750000e+00   -0.028138136497670004
   3.2800000e+00   -0.027619317097670005
   3.2850000e+00   -0.027088992772670004
   3.2900000e+00   -0.026547047822670002
   3.2950000e+00   -0.025993366197670002
   3.3000000e+00   -0.02542783154767
   3.3050000e+00   -0.02485032712267
   3.3100000e+00   -0.024260735847670002
   3.3150000e+00   -0.02365894027267
   3.3200000e+00   -0.023044822497670002
   3.3250000e+00   -0.02241826422267
   3.3300000e+00   -0.02177914677267
   3.3350000e+00   -0.02112735119767
   3.3400000e+00   -0.02046275842267
   3.3450000e+00   -0.01978524929767
   3.3500000e+00   -0.01909470437267
   3.3550000e+00   -0.01839100367267
   3.3600000e+00   -0.017674026747669998
   3.3650000e+00   -0.016943652847669997
   3.3700000e+00   -0.016199760972669997
   3.3750000e+00   -0.015442229847669997
   3.3800000e+00   -0.014670937897669996
   3.3850000e+00   -0.013885763397669997
   3.3900000e+00   -0.013086584647669996
   3.3950000e+00   -0.012273279997669997
   3.4000000e+00   -0.011445727672669997
   3.4050000e+00   -0.010603805447669997
   3.4100000e+00   -0.009747390572669998
   3.4150000e+00   -0.008876360022669998
   3.4200000e+00   -0.007990590972669997
   3.4250000e+00   -0.007089960947669997
   3.4300000e+00   -0.006174347422669997
   3.4350000e+00   -0.005243627172669997
   3.4400000e+00   -0.004297675747669997
   3.4450000e+00   -0.003336367547669997
   3.4500000e+00   -0.002359576972669997
   3.4550000e+00   -0.0013671802976699971
   3.4600000e+00   -0.0003590565976699972
   3.4650000e+00   0.0006649136023300028
   3.4700000e+00   0.0017048504773300027
   3.4750000e+00   0.002760875852330003
   3.4800000e+00   0.0038331131273300033
   3.4850000e+00   0.004921687077330003
   3.4900000e+00   0.006026723527330003
   3.4950000e+00   0.007148348702330003
   3.5000000e+00   0.008286688402330003
   3.5050000e+00   0.009441867152330002
   3.5100000e+00   0.010614007802330003
   3.5150000e+00   0.011803232227330002
   3.5200000e+00   0.013009662602330002
   3.5250000e+00   0.014233421902330002
   3.5300000e+00   0.015474633452330001
   3.5350000e+00   0.016733420077330002
   3.5400000e+00   0.018009903152330003
   3.5450000e+00   0.019304202102330005
   3.5500000e+00   0.020616435227330004
   3.5550000e+00   0.021946721077330006
   3.5600000e+00   0.023295179127330007
   3.5650000e+00   0.024661930377330006
   3.5700000e+00   0.026047097552330006
   3.5750000e+00   0.027450803377330007
   3.5800000e+00   0.028873168327330008
   3.5850000e+00   0.03031431042733001
   3.5900000e+00   0.03177434680233001
   3.5950000e+00   0.033253394802330014
   3.6000000e+00   0.03475157207733001
   3.6050000e+00   0.03626899642733001
   3.6100000e+00   0.03780578597733001
   3.6150000e+00   0.03936205892733001
   3.6200000e+00   0.040937932827330006
   3.6250000e+00   0.04253352407733001
   3.6300000e+00   0.044148947352330006
   3.6350000e+00   0.04578431522733001
   3.6400000e+00   0.047439738252330006
   3.6450000e+00   0.04911532527733001
   3.6500000e+00   0.050811184652330005
   3.6550000e+00   0.05252742655233
   3.6600000e+00   0.05426416410233
   3.6650000e+00   0.056021511127330004
   3.6700000e+00   0.057799578452330004
   3.6750000e+00   0.059598472452330006
   3.6800000e+00   0.06141829665233001
   3.6850000e+00   0.06325915447733
   3.6900000e+00   0.06512115112733001
   3.6950000e+00   0.06700439342733001
   3.7000000e+00   0.06890898792733001
   3.7050000e+00   0.07083503897733001
   3.7100000e+00   0.07278264835233002
   3.7150000e+00   0.07475191577733002
   3.7200000e+00   0.07674293927733002
   3.7250000e+00   0.07875581575233001
   3.7300000e+00   0.08079064112733
   3.7350000e+00   0.08284751012733
   3.7400000e+00   0.08492651700233
   3.7450000e+00   0.08702775640233
   3.7500000e+00   0.08915132252733
   3.7550000e+00   0.09129730762733
   3.7600000e+00   0.09346580190233
   3.7650000e+00   0.09565689397733
   3.7700000e+00   0.09787067072733
   3.7750000e+00   0.10010721672733
   3.7800000e+00   0.10236661457733
   3.7850000e+00   0.10464894605233
   3.7900000e+00   0.10695429285232999
   3.7950000e+00   0.10928273645232998
   3.8000000e+00   0.11163435680232998
   3.8050000e+00   0.11400923037732999
   3.8100000e+00   0.11640742962732999
   3.8150000e+00   0.11882902522732999
   3.8200000e+00   0.12127408902732999
   3.8250000e+00   0.12374269392732999
   3.8300000e+00   0.12623491120233
   3.8350000e+00   0.12875080840233
   3.8400000e+00   0.13129044902733
   3.8450000e+00   0.13385389325233
   3.8500000e+00   0.13644119885233
   3.8550000e+00   0.13905242257733
   3.8600000e+00   0.14168762172733
   3.8650000e+00   0.14434685427733
   3.8700000e+00   0.14703017650233
   3.8750000e+00   0.14973763995233
   3.8800000e+00   0.15246929087733
   3.8850000e+00   0.15522517270233
   3.8900000e+00   0.15800532830233
   3.8950000e+00   0.16080979970233
   3.9000000e+00   0.16363862655233
   3.9050000e+00   0.16649184497733
   3.9100000e+00   0.16936948717733
   3.9150000e+00   0.17227158235233
   3.9200000e+00   0.17519815882733
   3.9250000e+00   0.17814924582733
   3.9300000e+00   0.18112487315233
   3.9350000e+00   0.18412506835233
   3.9400000e+00   0.18714985322733
   3.9450000e+00   0.19019924257732998
   3.9500000e+00   0.19327324590232997
   3.9550000e+00   0.19637187005232998
   3.9600000e+00   0.19949512127733
   3.9650000e+00   0.20264300550233
   3.9700000e+00   0.20581552670233
   3.9750000e+00   0.20901268500233
   3.9800000e+00   0.21223447565233
   3.9850000e+00   0.21548088742733001
   3.9900000e+00   0.21875190112733
   3.9950000e+00   0.22204749407733002
   4.0000000e+00   0.22536764890233002
   4.0050000e+00   0.22871235692733002
   4.0100000e+00   0.23208161592733004
   4.0150000e+00   0.23547542550233003
   4.0200000e+00   0.23889377430233003
   4.0250000e+00   0.24233662670233003
   4.0300000e+00   0.24580392900233003
   4.0350000e+00   0.24929562635233002
   4.0400000e+00   0.25281166615233003
   4.0450000e+00   0.25635199360233
   4.0500000e+00   0.25991655555233
   4.0550000e+00   0.26350530582733
   4.0600000e+00   0.26711820075233
   4.0650000e+00   0.27075518830233003
   4.0700000e+00   0.27441619975233
   4.0750000e+00   0.27810114860233
   4.0800000e+00   0.28180993577733
   4.0850000e+00   0.28554245932732997
   4.0900000e+00   0.28929862950233
   4.0950000e+00   0.29307838137733
   4.1000000e+00   0.29688166682733
   4.1050000e+00   0.30070842512733004
   4.1100000e+00   0.30455855875233
   4.1150000e+00   0.30843193450233003
   4.1200000e+00   0.31232840400233003
   4.1250000e+00   0.31624782637733
   4.1300000e+00   0.32019008100233
   4.1350000e+00   0.32415506772733
   4.1400000e+00   0.32814269660233
   4.1450000e+00   0.33215286907733
   4.1500000e+00   0.33618545912733
   4.1550000e+00   0.34024030997733
   4.1600000e+00   0.34431725105233
   4.1650000e+00   0.34841611980233
   4.1700000e+00   0.35253676637733
   4.1750000e+00   0.35667903432733
   4.1800000e+00   0.36084274062733
   4.1850000e+00   0.36502768437733
   4.1900000e+00   0.36923367457733003
   4.1950000e+00   0.37346054052733
   4.2000000e+00   0.37770811767733004
   4.2050000e+00   0.38197623342733006
   4.2100000e+00   0.38626470202733004
   4.2150000e+00   0.39057332125233
   4.2200000e+00   0.39490187670233
   4.2250000e+00   0.39925015685233
   4.2300000e+00   0.40361795865233
   4.2350000e+00   0.40800507065233005
   4.2400000e+00   0.41241125030233006
   4.2450000e+00   0.41683622195233005
   4.2500000e+00   0.42127970305233003
   4.2550000e+00   0.42574143482733
   4.2600000e+00   0.43022118722733
   4.2650000e+00   0.43471873550233
   4.2700000e+00   0.43923383245233
   4.2750000e+00   0.44376620125233
   4.2800000e+00   0.44831554855233
   4.2850000e+00   0.45288157262733003
   4.2900000e+00   0.45746395627733005
   4.2950000e+00   0.4620623659273301
   4.3000000e+00   0.4666764699023301
   4.3050000e+00   0.4713059576523301
   4.3100000e+00   0.4759505411773301
   4.3150000e+00   0.4806099392523301
   4.3200000e+00   0.4852838528523301
   4.3250000e+00   0.4899719446273301
   4.3300000e+00   0.4946738386023301
   4.3350000e+00   0.4993891424273301
   4.3400000e+00   0.5041174739523301
   4.3450000e+00   0.50886532350233
   4.3500000e+00   0.51364137052733
   4.3550000e+00   0.51828381530233
   4.3600000e+00   0.5220491390523301
   4.3650000e+00  0.5235193010698301
   4.3700000e+00  0.5213311885123302
   4.3750000e+00  0.5148920761373301
   4.3800000e+00  0.5043093383873302
   4.3850000e+00  0.49058914263733017
   4.3900000e+00  0.47647143263733016
   4.3950000e+00  0.4659412501373302
   4.4000000e+00  0.4616818544623302
   4.4050000e+00   0.46271620393733015
   4.4100000e+00   0.46456750168733013
   4.4150000e+00  0.4619720922873301
   4.4200000e+00  0.4520915647873301
   4.4250000e+00  0.4358542132873301
   4.4300000e+00  0.41672343853733007
   4.4350000e+00  0.39847952928733005
   4.4400000e+00  0.38392350503733
   4.4450000e+00  0.37441526753733
   4.4500000e+00  0.36935439483733
   4.4550000e+00  0.36601431208733004
   4.4600000e+00  0.36064344803733006
   4.4650000e+00  0.35067386353733004
   4.4700000e+00  0.33657402103733003
   4.4750000e+00  0.32160219153733005
   4.4800000e+00  0.30914053778733
   4.4850000e+00  0.29993135853733005
   4.4900000e+00  0.29240118628733003
   4.4950000e+00  0.28522278903733
   4.5000000e+00  0.27795917053733
   4.5050000e+00  0.26969028953733
   4.5100000e+00  0.25909186053732997
   4.5150000e+00  0.24591597353732997
   4.5200000e+00  0.23127954453732996
   4.5250000e+00  0.21661100653732995
   4.5300000e+00  0.20275657428732996
   4.5350000e+00  0.18990248553732997
   4.5400000e+00  0.17820315353732996
   4.5450000e+00  0.16836777353732996
   4.5500000e+00  0.16096224728732997
   4.5550000e+00  0.15509483228732995
   4.5600000e+00  0.14915121428732994
   4.5650000e+00  0.14327289003732993
   4.5700000e+00  0.13985769088732994
   4.5750000e+00   0.14095721936232994
   4.5800000e+00   0.14568130698732995
   4.5850000e+00   0.15068646788732995
   4.5900000e+00   0.15309087673732996
   4.5950000e+00  0.15241999416232996
   4.6000000e+00  0.15003196116232995
   4.6050000e+00  0.14756171608732996
   4.6100000e+00  0.14596538538732995
   4.6150000e+00  0.14524263168732995
   4.6200000e+00  0.14432315706232995
   4.6250000e+00  0.14128132051232994
   4.6300000e+00  0.13449466273732993
   4.6350000e+00  0.12399859698732993
   4.6400000e+00  0.11143417123732993
   4.6450000e+00  0.09870971573732994
   4.6500000e+00  0.08676290698732994
   4.6550000e+00  0.07507003648732995
   4.6600000e+00  0.06238805848732995
   4.6650000e+00  0.048822919987329946
   4.6700000e+00  0.03665431423732994
   4.6750000e+00  0.02781728648732994
   4.6800000e+00  0.02137295523732994
   4.6850000e+00  0.01467323598732994
   4.6900000e+00  0.00606310723732994
   4.6950000e+00  -0.00432160951267006
   4.7000000e+00  -0.01544490226267006
   4.7050000e+00  -0.02633081451267006
   4.7100000e+00  -0.036497429262670064
   4.7150000e+00  -0.04595583476267007
   4.7200000e+00  -0.05498936826267006
   4.7250000e+00  -0.06396283626267006
   4.7300000e+00  -0.07343870876267006
   4.7350000e+00  -0.08441823251267006
   4.7400000e+00  -0.09773662351267005
   4.7450000e+00  -0.11265536726267006
   4.7500000e+00  -0.12679750051267005
   4.7550000e+00  -0.13815609376267005
   4.7600000e+00  -0.14665987701267005
   4.7650000e+00  -0.15365607976267007
   4.7700000e+00  -0.16037809726267008
   4.7750000e+00  -0.16642443801267007
   4.7800000e+00  -0.16933178846267008
   4.7850000e+00   -0.16714166283767007
   4.7900000e+00   -0.16200951326267007
   4.7950000e+00   -0.15922664997767008
   4.8000000e+00  -0.1619468684426701
   4.8050000e+00  -0.1684101626926701
   4.8100000e+00  -0.1746232026926701
   4.8150000e+00  -0.1786441679176701
   4.8200000e+00  -0.1817107207426701
   4.8250000e+00  -0.1859355725926701
   4.8300000e+00  -0.1921201348426701
   4.8350000e+00  -0.1997077510926701
   4.8400000e+00  -0.2077449508426701
   4.8450000e+00  -0.21555612459267012
   4.8500000e+00  -0.22307998034267013
   4.8550000e+00  -0.23112050909267012
   4.8600000e+00  -0.2409796530926701
   4.8650000e+00  -0.2529857710926701
   4.8700000e+00  -0.2654992840926701
   4.8750000e+00  -0.2760652095926701
   4.8800000e+00  -0.2830944070926701
   4.8850000e+00  -0.2861853907176701
   4.8900000e+00   -0.28621304391767005
   4.8950000e+00   -0.28562386051017
   4.9000000e+00  -0.28726726995267005
   4.9050000e+00  -0.29232328337767005
   4.9100000e+00  -0.29982283162767004
   4.9150000e+00  -0.30794235187767005
   4.9200000e+00  -0.31533048462767005
   4.9250000e+00  -0.32156330987767007
   4.9300000e+00  -0.3269319133776701
   4.9350000e+00  -0.3319960268776701
   4.9400000e+00  -0.3372120038776701
   4.9450000e+00  -0.3427669606276701
   4.9500000e+00  -0.34860313737767007
   4.9550000e+00  -0.3545410168776701
   4.9600000e+00  -0.3604058068776701
   4.9650000e+00  -0.3661005621276701
   4.9700000e+00  -0.3716160416276701
   4.9750000e+00  -0.3769989426276701
   4.9800000e+00  -0.3823092511276701
   4.9850000e+00  -0.3875323278776701
   4.9900000e+00  -0.3922894221526701
   4.9950000e+00  -0.3954879497776701
   5.0000000e+00   -0.3956742281026701
   5.0050000e+00   -0.3922317408276701
   5.0100000e+00   -0.3861118230776701
   5.0150000e+00   -0.37934757707767014
   5.0200000e+00   -0.37424784805267014
   5.0250000e+00  -0.37273183015267014
   5.0300000e+00  -0.37544433230267016
   5.0350000e+00  -0.3812818433276702
   5.0400000e+00  -0.3881828508276702
   5.0450000e+00  -0.39443137757767016
   5.0500000e+00  -0.3990894374776702
   5.0550000e+00  -0.40152627882767017
   5.0600000e+00   -0.40145751115267014
   5.0650000e+00   -0.3999399768026701
   5.0700000e+00  -0.39939443292767013
   5.0750000e+00  -0.4017445037776701
   5.0800000e+00  -0.4069424702776701
   5.0850000e+00  -0.4135184482776701
   5.0900000e+00  -0.4199627065276701
   5.0950000e+00  -0.4255069402776701
   5.1000000e+00  -0.4301526628276701
   5.1050000e+00  -0.4343650041026701
   5.1100000e+00  -0.4389137576526701
   5.1150000e+00  -0.4449452874776701
   5.1200000e+00  -0.4534730927276701
   5.1250000e+00  -0.4640419077276701
   5.1300000e+00  -0.4744132897276701
   5.1350000e+00  -0.48236106247767013
   5.1400000e+00  -0.48749321322767014
   5.1450000e+00  -0.49131393470267015
   5.1500000e+00  -0.49630637467767014
   5.1550000e+00  -0.5047925404276702
   5.1600000e+00  -0.5175204349276702
   5.1650000e+00  -0.5327347661776702
   5.1700000e+00  -0.5468871526776702
   5.1750000e+00  -0.5568373399276701
   5.1800000e+00  -0.5615679577276701
   5.1850000e+00   -0.5618430759526701
   5.1900000e+00   -0.5592129550276701
   5.1950000e+00   -0.5560099362526701
   5.2000000e+00  -0.5549481397526701
   5.2050000e+00  -0.5574376389276701
   5.2100000e+00  -0.5627062769276701
   5.2150000e+00  -0.5688560544276701
   5.2200000e+00  -0.5744564939276701
   5.2250000e+00  -0.57957954742767
   5.2300000e+00  -0.5860678961776701
   5.2350000e+00  -0.5967007421776701
   5.2400000e+00  -0.6134885269276701
   5.2450000e+00  -0.6363101744276701
   5.2500000e+00  -0.6629706179276701
   5.2550000e+00  -0.6907162184276701
   5.2600000e+00  -0.7181688261776701
   5.2650000e+00  -0.7459440514276701
   5.2700000e+00  -0.7750197809276701
   5.2750000e+00  -0.8047442041776701
   5.2800000e+00  -0.8332256281776701
   5.2850000e+00  -0.8593178439276701
   5.2900000e+00  -0.88313063592767
   5.2950000e+00  -0.9043812026776701
   5.3000000e+00  -0.9211305929276701
   5.3050000e+00  -0.9312463861776701
   5.3100000e+00  -0.93496961460267
   5.3150000e+00   -0.93498865922767
   5.3200000e+00   -0.9338636241526701
   5.3250000e+00   -0.9319641498026701
   5.3300000e+00   -0.9280856799776701
   5.3350000e+00   -0.9217675509776702
   5.3400000e+00   -0.9146473429776701
   5.3450000e+00   -0.9094839147026701
   5.3500000e+00  -0.9078868490901701
   5.3550000e+00  -0.9088177630776701
   5.3600000e+00   -0.9093362367526702
   5.3650000e+00   -0.9073075322776701
   5.3700000e+00   -0.9034520992776701
   5.3750000e+00   -0.9002371108776701
   5.3800000e+00   -0.8988761556251701
   5.3850000e+00   -0.8981000113226701
   5.3900000e+00   -0.8961539241476701
   5.3950000e+00   -0.8935897014476701
   5.4000000e+00  -0.8933318327976701
   5.4050000e+00  -0.8976982534476702
   5.4100000e+00  -0.9057413111976702
   5.4150000e+00  -0.9139044936976702
   5.4200000e+00  -0.9188780383976702
   5.4250000e+00   -0.9191711532476703
   5.4300000e+00   -0.9147383423976703
   5.4350000e+00   -0.9064271056476703
   5.4400000e+00   -0.8953607446476702
   5.4450000e+00   -0.8819865146476702
   5.4500000e+00   -0.8660152298976702
   5.4550000e+00   -0.8471318743976702
   5.4600000e+00   -0.8250515196476702
   5.4650000e+00   -0.7994538971476702
   5.4700000e+00   -0.7707060433976702
   5.4750000e+00   -0.7402047243976703
   5.4800000e+00   -0.7095629086476702
   5.4850000e+00   -0.6797151403976702
   5.4900000e+00   -0.6507747963976702
   5.4950000e+00   -0.6223897786476702
   5.5000000e+00   -0.5941493883976702
   5.5050000e+00   -0.5658269153976702
   5.5100000e+00   -0.5376510946476701
   5.5150000e+00   -0.5110031843976701
   5.5200000e+00   -0.4885308856476701
   5.5250000e+00   -0.4720269898976701
   5.5300000e+00   -0.4602593006476701
   5.5350000e+00   -0.45061374089767015
   5.5400000e+00   -0.4424969081476701
   5.5450000e+00   -0.4372855493976701
   5.5500000e+00   -0.43498472209767014
   5.5550000e+00   -0.43268652599767016
   5.5600000e+00   -0.42730114244767015
   5.5650000e+00   -0.41841307944767014
   5.5700000e+00   -0.40706568094767015
   5.5750000e+00   -0.3932496576976702
   5.5800000e+00   -0.3765218916976702
   5.5850000e+00   -0.3583970104476702
   5.5900000e+00   -0.3417400134476702
   5.5950000e+00   -0.32711646569767017
   5.6000000e+00   -0.31221743519767015
   5.6050000e+00   -0.29620931319767013
   5.6100000e+00   -0.2824354036976701
   5.6150000e+00   -0.2752693580976701
   5.6200000e+00  -0.2752858715476701
   5.6250000e+00  -0.27863317999767007
   5.6300000e+00  -0.28074545479767005
   5.6350000e+00   -0.27980940332267007
   5.6400000e+00   -0.27758772199767007
   5.6450000e+00  -0.27843066707267006
   5.6500000e+00  -0.28664214634767005
   5.6550000e+00  -0.3032371933476701
   5.6600000e+00  -0.32532113209767005
   5.6650000e+00  -0.3486785508476701
   5.6700000e+00  -0.3704733403476701
   5.6750000e+00  -0.3899744853476701
   5.6800000e+00  -0.4076485033476701
   5.6850000e+00  -0.4238104703476701
   5.6900000e+00  -0.4383653478476701
   5.6950000e+00  -0.45197978859767013
   5.7000000e+00  -0.4665419895976701
   5.7050000e+00  -0.4836396330976701
   5.7100000e+00  -0.5030823775976702
   5.7150000e+00  -0.5230354180976702
   5.7200000e+00  -0.5409387920976702
   5.7250000e+00  -0.5546988390976701
   5.7300000e+00  -0.5639745053476701
   5.7350000e+00  -0.5702923023476701
   5.7400000e+00  -0.5754439740226701
   5.7450000e+00  -0.5797501713726702
   5.7500000e+00  -0.5821190843726701
   5.7550000e+00   -0.5818674236476701
   5.7600000e+00   -0.5801434879226701
   5.7650000e+00   -0.5788675735226702
   5.7700000e+00   -0.5779625589476701
   5.7750000e+00   -0.5745754405976701
   5.7800000e+00   -0.56575316659767
   5.7850000e+00   -0.5508249328476701
   5.7900000e+00   -0.5308442995976701
   5.7950000e+00   -0.50742128659767
   5.8000000e+00   -0.48285451309767
   5.8050000e+00   -0.46032304684767
   5.8100000e+00   -0.44303409909767
   5.8150000e+00   -0.43302946609767
   5.8200000e+00  -0.43067543674767
   5.8250000e+00  -0.43481025239767
   5.8300000e+00  -0.44312294714767003
   5.8350000e+00  -0.45296203364767
   5.8400000e+00  -0.46267960414767
   5.8450000e+00  -0.47254986314767
   5.8500000e+00  -0.48389983189767
   5.8550000e+00  -0.49666295639767
   5.8600000e+00  -0.50778073514767
   5.8650000e+00  -0.5125542212601699
   5.8700000e+00   -0.50801777737267
   5.8750000e+00   -0.49487851212267
   5.8800000e+00   -0.47605162137267
   5.8850000e+00   -0.45417084612267
   5.8900000e+00   -0.43092711087267
   5.8950000e+00   -0.40740821237267
   5.9000000e+00   -0.38373736312267
   5.9050000e+00   -0.35876012962267
   5.9100000e+00   -0.33135786487267
   5.9150000e+00   -0.30238771637267
   5.9200000e+00   -0.27429449612267
   5.9250000e+00   -0.24838068837266997
   5.9300000e+00   -0.22333715162266995
   5.9350000e+00   -0.19714900737266997
   5.9400000e+00   -0.17012947487266997
   5.9450000e+00   -0.14533159887266997
   5.9500000e+00   -0.12591229937266996
   5.9550000e+00   -0.11254933162266996
   5.9600000e+00   -0.10327997987266996
   5.9650000e+00   -0.09524650062266996
   5.9700000e+00   -0.08644625737266995
   5.9750000e+00   -0.07632300287266995
   5.9800000e+00   -0.06536348987266995
   5.9850000e+00   -0.05438075412266995
   5.9900000e+00   -0.04397099837266995
   5.9950000e+00   -0.034311118622669945
   6.0000000e+00   -0.025236793122669944
   6.0050000e+00   -0.016444779122669943
   6.0100000e+00   -0.007567580122669943
   6.0150000e+00   0.002287561627330058
   6.0200000e+00   0.015373147877330058
   6.0250000e+00   0.035086001877330054
   6.0300000e+00   0.06391828537733005
   6.0350000e+00   0.10131658387733004
   6.0400000e+00   0.14349699312733005
   6.0450000e+00   0.18519535362733006
   6.0500000e+00   0.22221713012733008
   6.0550000e+00   0.2535578161273301
   6.0600000e+00   0.28182649062733006
   6.0650000e+00   0.31143982912733004
   6.0700000e+00   0.34575747137733004
   6.0750000e+00   0.38560320687733
   6.0800000e+00   0.43013591362733
   6.0850000e+00   0.47817310062733
   6.0900000e+00   0.52863718437733
   6.0950000e+00   0.58087186687733
   6.1000000e+00   0.6344736218773299
   6.1050000e+00   0.6878435018773299
   6.1100000e+00   0.7373718173773299
   6.1150000e+00   0.7795874411273299
   6.1200000e+00   0.8146915883773299
   6.1250000e+00   0.8467020938773299
   6.1300000e+00   0.8788145163773299
   6.1350000e+00   0.9092514408773299
   6.1400000e+00   0.9326433831273299
   6.1450000e+00   0.9452237168773299
   6.1500000e+00  0.9481766083523299
   6.1550000e+00  0.9462723011773299
   6.1600000e+00  0.9442031642523299
   6.1650000e+00   0.9442970317523298
   6.1700000e+00   0.9465135945523299
   6.1750000e+00   0.9495982745273298
   6.1800000e+00   0.9522607906023298
   6.1850000e+00   0.9538325121773298
   6.1900000e+00   0.9543451786323298
   6.1950000e+00  0.9543658224728299
   6.2000000e+00   0.9550497202833299
   6.2050000e+00   0.9581383782583299
   6.2100000e+00   0.9650650732583299
   6.2150000e+00   0.9757025642583299
   6.2200000e+00   0.9883792290083299
   6.2250000e+00   1.0011746122583298
   6.2300000e+00   1.0130059877583297
   6.2350000e+00   1.0237054502583298
   6.2400000e+00   1.0332597317583299
   6.2450000e+00   1.0409732907583298
   6.2500000e+00   1.0457162690583297
   6.2550000e+00  1.0471954182910796
   6.2600000e+00  1.0465140332238296
   6.2650000e+00  1.0452975137238296
   6.2700000e+00  1.0444951474238295
   6.2750000e+00  1.0436586459738295
   6.2800000e+00  1.0410216580238296
   6.2850000e+00  1.0348879854738295
   6.2900000e+00  1.0255828824738296
   6.2950000e+00  1.0158973239738296
   6.3000000e+00  1.0091899160488296
   6.3050000e+00  1.0068958915688295
   6.3100000e+00   1.0078930963638295
   6.3150000e+00   1.0099384742638295
   6.3200000e+00   1.0113171016638296
   6.3250000e+00  1.0115013492338296
   6.3300000e+00  1.0111518400413295
   6.3350000e+00   1.0118577661788295
   6.3400000e+00   1.0150817223788295
   6.3450000e+00   1.0206220790288296
   6.3500000e+00   1.0269404342788295
   6.3550000e+00   1.0336716030288295
   6.3600000e+00   1.0428776142788296
   6.3650000e+00   1.0575211055288296
   6.3700000e+00   1.0795618890288297
   6.3750000e+00   1.1095076640288297
   6.3800000e+00   1.1469348202788296
   6.3850000e+00   1.1909648630288296
   6.3900000e+00   1.2402685157788296
   6.3950000e+00   1.2929296357788296
   6.4000000e+00   1.3466889332788297
   6.4050000e+00   1.3991846507788297
   6.4100000e+00   1.4475683322788298
   6.4150000e+00   1.4885209242788298
   6.4200000e+00   1.5197476037788298
   6.4250000e+00   1.5413622142788297
   6.4300000e+00   1.5554510702788298
   6.4350000e+00   1.5646485100288299
   6.4400000e+00   1.57059741747883
   6.4450000e+00  1.57229458965383
   6.4500000e+00  1.56562388737883
   6.4550000e+00  1.5458436893788299
   6.4600000e+00  1.51189347487883
   6.4650000e+00  1.46776480037883
   6.4700000e+00  1.41872090962883
   6.4750000e+00  1.3676955121288301
   6.4800000e+00  1.3160336746288301
   6.4850000e+00  1.26475354712883
   6.4900000e+00  1.21400835212883
   6.4950000e+00  1.16347066212883
   6.5000000e+00  1.11317739712883
   6.5050000e+00  1.06293656962883
   6.5100000e+00  1.01242879962883
   6.5150000e+00  0.9628474973788299
   6.5200000e+00  0.9170426906288299
   6.5250000e+00  0.87730774962883
   6.5300000e+00  0.8436597441288299
   6.5350000e+00  0.8145190668788299
   6.5400000e+00  0.7881418341288299
   6.5450000e+00  0.7627752476288299
   6.5500000e+00  0.7368884088788299
   6.5550000e+00  0.71078179187883
   6.5600000e+00  0.6871652743788299
   6.5650000e+00  0.6690573956288299
   6.5700000e+00  0.6571602708788299
   6.5750000e+00  0.6490287808788299
   6.5800000e+00  0.6403666353788299
   6.5850000e+00  0.6275565888788299
   6.5900000e+00  0.60940728037883
   6.5950000e+00  0.5866156893788299
   6.6000000e+00  0.5603062496288299
   6.6050000e+00  0.5314771518788299
   6.6100000e+00  0.5007385186288299
   6.6150000e+00  0.4678906126288299
   6.6200000e+00  0.43232260862882993
   6.6250000e+00  0.3937267543788299
   6.6300000e+00  0.3521278098788299
   6.6350000e+00  0.3081557913788299
   6.6400000e+00  0.26342709562882993
   6.6450000e+00  0.21922096162882992
   6.6500000e+00  0.17457800062882992
   6.6550000e+00  0.12681253812882992
   6.6600000e+00  0.07409796312882991
   6.6650000e+00  0.01712252562882991
   6.6700000e+00  -0.041693834371170094
   6.6750000e+00  -0.1000761043711701
   6.6800000e+00  -0.1565960318711701
   6.6850000e+00  -0.2096288393711701
   6.6900000e+00  -0.2564119813711701
   6.6950000e+00  -0.2941945778711701
   6.7000000e+00  -0.3225294023711701
   6.7050000e+00  -0.3436710293711701
   6.7100000e+00  -0.36004739662117013
   6.7150000e+00  -0.37155903287117015
   6.7200000e+00   -0.37584601116367017
   6.7250000e+00   -0.3704780224561702
   6.7300000e+00   -0.3540576439561702
   6.7350000e+00   -0.3262857542061702
   6.7400000e+00   -0.2881957457061702
   6.7450000e+00   -0.24186421020617016
   6.7500000e+00   -0.18926461845617015
   6.7550000e+00   -0.13167570595617015
   6.7600000e+00   -0.07063170595617015
   6.7650000e+00   -0.009198190956170145
   6.7700000e+00   0.048670944043829864
   6.7750000e+00   0.10080543204382986
   6.7800000e+00   0.14862336454382985
   6.7850000e+00   0.19540034579382987
   6.7900000e+00   0.2425053117938299
   6.7950000e+00   0.2880119980438299
   6.8000000e+00   0.3289870017938299
   6.8050000e+00   0.3643455840438299
   6.8100000e+00   0.39548272179382987
   6.8150000e+00   0.4248753427938299
   6.8200000e+00   0.4542745060438299
   6.8250000e+00   0.4833208102938299
   6.8300000e+00   0.5091494132938299
   6.8350000e+00   0.5281901437938299
   6.8400000e+00   0.5391199362938299
   6.8450000e+00   0.5434490632688299
   6.8500000e+00  0.5435181064938299
   6.8550000e+00  0.5411451045438299
   6.8600000e+00  0.5377372075688299
   6.8650000e+00  0.5343402765188299
   6.8700000e+00  0.5314562048438298
   6.8750000e+00  0.5294427762438298
   6.8800000e+00   0.5292098229188299
   6.8850000e+00   0.5319507137188298
   6.8900000e+00   0.5379093168938298
   6.8950000e+00   0.5459112656438299
   6.9000000e+00   0.5543128186438299
   6.9050000e+00   0.5620780971438298
   6.9100000e+00   0.5690365701438298
   6.9150000e+00   0.5755547123938298
   6.9200000e+00   0.5820161713938298
   6.9250000e+00   0.5881828453938298
   6.9300000e+00   0.5929353982438298
   6.9350000e+00   0.5954005838688298
   6.9400000e+00   0.5966000108188297
   6.9450000e+00   0.5990035589688297
   6.9500000e+00   0.6042116649438297
   6.9550000e+00   0.6116822884438298
   6.9600000e+00   0.6192194349438298
   6.9650000e+00   0.6241036019438299
   6.9700000e+00  0.6245725167438299
   6.9750000e+00  0.6209531055438299
   6.9800000e+00  0.6150792182938298
   6.9850000e+00  0.6083177532938299
   6.9900000e+00  0.6003365817938299
   6.9950000e+00  0.5899605727938299
   7.0000000e+00  0.5768513125438298
   7.0050000e+00  0.5617803270438299
   7.0100000e+00  0.5453186947938299
   7.0150000e+00  0.5268869877938299
   7.0200000e+00  0.5055322532938299
   7.0250000e+00  0.4813084305438299
   7.0300000e+00  0.45511024179382986
   7.0350000e+00  0.4268963422938299
   7.0400000e+00  0.3950063487938299
   7.0450000e+00  0.3583801917938299
   7.0500000e+00  0.3188164892938299
   7.0550000e+00  0.2797455672938299
   7.0600000e+00  0.24325777679382987
   7.0650000e+00  0.20885523629382988
   7.0700000e+00  0.17424306754382987
   7.0750000e+00  0.13732691379382989
   7.0800000e+00  0.09831093279382988
   7.0850000e+00  0.059689067293829876
   7.0900000e+00  0.024136778043829875
   7.0950000e+00  -0.0068744422061701276
   7.1000000e+00  -0.033019082456170135
   7.1050000e+00  -0.05509279070617014
   7.1100000e+00  -0.07490203370617014
   7.1150000e+00  -0.09435222345617014
   7.1200000e+00  -0.11460119970617014
   7.1250000e+00  -0.13629883370617013
   7.1300000e+00  -0.16029516595617013
   7.1350000e+00  -0.18745857595617013
   7.1400000e+00  -0.21796999245617013
   7.1450000e+00  -0.25133185995617013
   7.1500000e+00  -0.28621686020617015
   7.1550000e+00  -0.31999387020617015
   7.1600000e+00  -0.35046985095617017
   7.1650000e+00  -0.37825430470617016
   7.1700000e+00  -0.4050154307061702
   7.1750000e+00  -0.4302544412061702
   7.1800000e+00  -0.45219235095617016
   7.1850000e+00  -0.4706350454561702
   7.1900000e+00  -0.4874901489561702
   7.1950000e+00  -0.5055156957061702
   7.2000000e+00  -0.5269426907061702
   7.2050000e+00  -0.5523392992061702
   7.2100000e+00  -0.5804474154561702
   7.2150000e+00  -0.6092485329561702
   7.2200000e+00  -0.6371014832061702
   7.2250000e+00  -0.6628510292061702
   7.2300000e+00  -0.6853895559561702
   7.2350000e+00  -0.7039954652061703
   7.2400000e+00  -0.7192170149561703
   7.2450000e+00  -0.7327907549561703
   7.2500000e+00  -0.7465259532061703
   7.2550000e+00  -0.7611884152061703
   7.2600000e+00  -0.7757989859561704
   7.2650000e+00  -0.7879802394561704
   7.2700000e+00  -0.7956746692061704
   7.2750000e+00  -0.7983823036961704
   7.2800000e+00   -0.7965866726361703
   7.2850000e+00   -0.7910300830861703
   7.2900000e+00   -0.7829315618361703
   7.2950000e+00   -0.7740495285861703
   7.3000000e+00   -0.7663336175861702
   7.3050000e+00   -0.7616305872111703
   7.3100000e+00  -0.7610582162861703
   7.3150000e+00  -0.7645323739861704
   7.3200000e+00  -0.7714502939861704
   7.3250000e+00  -0.7814263962361704
   7.3300000e+00  -0.7938714589861704
   7.3350000e+00  -0.8075903534861704
   7.3400000e+00  -0.8213485069861703
   7.3450000e+00  -0.8343924434861704
   7.3500000e+00  -0.8460030597361704
   7.3550000e+00  -0.8547292997361704
   7.3600000e+00  -0.8585165009111704
   7.3650000e+00   -0.8556838743361703
   7.3700000e+00   -0.8457215853361704
   7.3750000e+00   -0.8295972463361704
   7.3800000e+00   -0.8096246285861703
   7.3850000e+00   -0.7885629485861704
   7.3900000e+00   -0.7683293520861704
   7.3950000e+00   -0.7494216303361704
   7.4000000e+00   -0.7313237858361704
   7.4050000e+00   -0.7132557995861705
   7.4100000e+00   -0.6947086035861705
   7.4150000e+00   -0.6755984620861705
   7.4200000e+00   -0.6560011715861704
   7.4250000e+00   -0.6355649393361704
   7.4300000e+00   -0.6134696838361704
   7.4350000e+00   -0.5896642163361704
   7.4400000e+00   -0.5658401780861704
   7.4450000e+00   -0.5446671675861704
   7.4500000e+00   -0.5291756075861704
   7.4550000e+00   -0.5231596048661704
   7.4600000e+00  -0.5298614748961704
   7.4650000e+00  -0.5490227746461704
   7.4700000e+00  -0.5761330406461704
   7.4750000e+00  -0.6047749613961705
   7.4800000e+00  -0.6298543078961705
   7.4850000e+00  -0.6500644888961705
   7.4900000e+00  -0.6680504953961706
   7.4950000e+00  -0.6875240508961705
   7.5000000e+00  -0.7097935536461705
   7.5050000e+00  -0.7332263721461705
   7.5100000e+00  -0.7557788911461705
   7.5150000e+00  -0.7769606618961705
   7.5200000e+00  -0.7969020256461705
   7.5250000e+00  -0.8149706423961706
   7.5300000e+00  -0.8302246876461705
   7.5350000e+00  -0.8421905091461706
   7.5400000e+00  -0.8511339276461706
   7.5450000e+00  -0.8586249498961706
   7.5500000e+00  -0.8672610498961706
   7.5550000e+00  -0.8788057008961706
   7.5600000e+00  -0.8930538356461706
   7.5650000e+00  -0.9089816521461705
   7.5700000e+00  -0.9264612546461706
   7.5750000e+00  -0.9462818836461706
   7.5800000e+00  -0.9687426206461706
   7.5850000e+00  -0.9928530168961706
   7.5900000e+00  -1.0166949553961706
   7.5950000e+00  -1.0380467281461707
   7.6000000e+00  -1.0552863698961708
   7.6050000e+00  -1.0684817296461708
   7.6100000e+00  -1.0793659068961707
   7.6150000e+00  -1.0900039951461706
   7.6200000e+00  -1.1017364801461706
   7.6250000e+00  -1.1153420543961707
   7.6300000e+00  -1.1313513213961708
   7.6350000e+00  -1.1491017143961708
   7.6400000e+00  -1.1654097096461709
   7.6450000e+00  -1.1751609903961708
   7.6500000e+00   -1.1739955453961708
   7.6550000e+00   -1.1604574301461708
   7.6600000e+00   -1.1355862798961707
   7.6650000e+00   -1.1014479616461708
   7.6700000e+00   -1.0609855451461707
   7.6750000e+00   -1.0183991701461708
   7.6800000e+00   -0.9778672901461708
   7.6850000e+00   -0.9410858103961708
   7.6900000e+00   -0.9067118821461708
   7.6950000e+00   -0.8728518323961708
   7.7000000e+00   -0.8392633091461708
   7.7050000e+00   -0.8066959891461708
   7.7100000e+00   -0.7753076631461708
   7.7150000e+00   -0.7441533226461708
   7.7200000e+00   -0.7114595521461708
   7.7250000e+00   -0.6755342798961709
   7.7300000e+00   -0.6358248546461709
   7.7350000e+00   -0.5928407061461709
   7.7400000e+00   -0.5475912728961709
   7.7450000e+00   -0.5018844086461709
   7.7500000e+00   -0.45821830339617087
   7.7550000e+00   -0.41842839914617086
   7.7600000e+00   -0.38312363139617084
   7.7650000e+00   -0.3526396071461708
   7.7700000e+00   -0.3275611286461708
   7.7750000e+00   -0.3079169273961708
   7.7800000e+00   -0.29235879364617084
   7.7850000e+00   -0.27861743864617083
   7.7900000e+00   -0.2648036978961708
   7.7950000e+00   -0.2501982958961708
   7.8000000e+00   -0.23511939964617082
   7.8050000e+00   -0.22056884489617082
   7.8100000e+00   -0.2080930056461708
   7.8150000e+00   -0.19929058814617082
   7.8200000e+00   -0.19468779812117082
   7.8250000e+00   -0.1931018453711708
   7.8300000e+00   -0.1921939095461708
   7.8350000e+00   -0.1893827597211708
   7.8400000e+00   -0.1826993552461708
   7.8450000e+00   -0.1717499557461708
   7.8500000e+00   -0.1579706029961708
   7.8550000e+00   -0.1435594109961708
   7.8600000e+00   -0.13009923799617082
   7.8650000e+00   -0.11801087499617081
   7.8700000e+00   -0.10670843399617082
   7.8750000e+00   -0.09481417749617081
   7.8800000e+00   -0.08071545324617081
   7.8850000e+00   -0.06402481849617081
   7.8900000e+00   -0.04652408374617081
   7.8950000e+00   -0.03070912899617081
   7.9000000e+00   -0.017189532496170813
   7.9050000e+00   -0.003922342496170813
   7.9100000e+00   0.011921418753829184
   7.9150000e+00   0.03152500350382918
   7.9200000e+00   0.053762713253829184
   7.9250000e+00   0.07616050425382918
   7.9300000e+00   0.09598628725382918
   7.9350000e+00   0.11130638100382918
   7.9400000e+00   0.12206461750382919
   7.9450000e+00   0.1299477870038292
   7.9500000e+00   0.1364628400038292
   7.9550000e+00   0.1408032069538292
   7.9600000e+00  0.1397908501038292
   7.9650000e+00  0.1303104995538292
   7.9700000e+00  0.1119337908038292
   7.9750000e+00  0.0871524355538292
   7.9800000e+00  0.05919544930382921
   7.9850000e+00  0.03007504030382921
   7.9900000e+00  0.000846951053829207
   7.9950000e+00  -0.02766537594617079
   8.0000000e+00  -0.05554405744617079
   8.0050000e+00  -0.08375749869617079
   8.0100000e+00  -0.1123413909461708
   8.0150000e+00  -0.1398284129461708
   8.0200000e+00  -0.1649863056961708
   8.0250000e+00  -0.18794381169617078
   8.0300000e+00  -0.2092254901961708
   8.0350000e+00  -0.2283054051961708
   8.0400000e+00  -0.24342580094617078
   8.0450000e+00  -0.25263992219617076
   8.0500000e+00   -0.25502494204617077
   8.0550000e+00   -0.25179967739617076
   8.0600000e+00   -0.24703319172117078
   8.0650000e+00  -0.24618075329617078
   8.0700000e+00  -0.2526202235461708
   8.0750000e+00  -0.2660478500461708
   8.0800000e+00  -0.28426904429617084
   8.0850000e+00  -0.3050584345461708
   8.0900000e+00  -0.3258244417961708
   8.0950000e+00  -0.34288168979617084
   8.1000000e+00  -0.35277412704617084
   8.1050000e+00   -0.35488561449617084
   8.1100000e+00   -0.35195711177117084
   8.1150000e+00   -0.3472899744711708
   8.1200000e+00   -0.34140065709617085
   8.1250000e+00   -0.33144492284617083
   8.1300000e+00   -0.3137445313461708
   8.1350000e+00   -0.2865714233461708
   8.1400000e+00   -0.2507866005961708
   8.1450000e+00   -0.2089567310961708
   8.1500000e+00   -0.1643071775961708
   8.1550000e+00   -0.1195593893461708
   8.1600000e+00   -0.07565844784617079
   8.1650000e+00   -0.03133842784617078
   8.1700000e+00   0.015578099653829225
   8.1750000e+00   0.06587078190382922
   8.1800000e+00   0.11771541940382922
   8.1850000e+00   0.16776339490382922
   8.1900000e+00   0.21360677815382922
   8.1950000e+00   0.2556847096538292
   8.2000000e+00   0.2969766101538292
   8.2050000e+00   0.3403356891538292
   8.2100000e+00   0.3859900436538292
   8.2150000e+00   0.43235438865382925
   8.2200000e+00   0.47904085540382924
   8.2250000e+00   0.5280504869038293
   8.2300000e+00   0.5825653919038293
   8.2350000e+00   0.6454346319038293
   8.2400000e+00   0.7176765444038293
   8.2450000e+00   0.7972467769038294
   8.2500000e+00   0.8799063069038294
   8.2550000e+00   0.9621433394038295
   8.2600000e+00   1.0432489969038294
   8.2650000e+00   1.1243373469038294
   8.2700000e+00   1.2053753319038294
   8.2750000e+00   1.2834898819038294
   8.2800000e+00   1.3544386719038295
   8.2850000e+00   1.4156544669038296
   8.2900000e+00   1.4671913721538297
   8.2950000e+00   1.5094849736538296
   8.3000000e+00   1.5419798731538297
   8.3050000e+00   1.5650260071538298
   8.3100000e+00   1.5810457366538297
   8.3150000e+00   1.5924848809038297
   8.3200000e+00   1.5999781581538297
   8.3250000e+00   1.6034129612288297
   8.3300000e+00  1.6039488385788296
   8.3350000e+00   1.6037644172995797
   8.3400000e+00   1.6039221327003297
   8.3450000e+00  1.6040479636053298
   8.3500000e+00   1.6042428053653297
   8.3550000e+00   1.6056406854503298
   8.3600000e+00   1.6089494555003299
   8.3650000e+00   1.61354345157533
   8.3700000e+00   1.61772653235033
   8.3750000e+00  1.61932820011283
   8.3800000e+00  1.61679331557533
   8.3850000e+00  1.61034097550033
   8.3900000e+00  1.60170165150033
   8.3950000e+00  1.59236302275033
   8.4000000e+00  1.58224733675033
   8.4050000e+00  1.57056160400033
   8.4100000e+00  1.55765324075033
   8.4150000e+00  1.54480011450033
   8.4200000e+00  1.53241772550033
   8.4250000e+00  1.52015777700033
   8.4300000e+00  1.50847316775033
   8.4350000e+00  1.49859330100033
   8.4400000e+00  1.49144879650033
   8.4450000e+00  1.48726235900033
   8.4500000e+00  1.48485175350033
   8.4550000e+00  1.48110894225033
   8.4600000e+00  1.47311675325033
   8.4650000e+00  1.46085160925033
   8.4700000e+00  1.4462825245003301
   8.4750000e+00  1.43064124975033
   8.4800000e+00  1.4138397015003301
   8.4850000e+00  1.3952059120003302
   8.4900000e+00  1.3735177047503302
   8.4950000e+00  1.3471612947503302
   8.5000000e+00  1.31518773050033
   8.5050000e+00  1.27791688075033
   8.5100000e+00  1.23551894225033
   8.5150000e+00  1.1859880445003301
   8.5200000e+00  1.12640576200033
   8.5250000e+00  1.0569929770003301
   8.5300000e+00  0.9821901345003301
   8.5350000e+00  0.9072832145003301
   8.5400000e+00  0.8351574895003301
   8.5450000e+00  0.7659167495003301
   8.5500000e+00  0.6981964320003301
   8.5550000e+00  0.6305741970003301
   8.5600000e+00  0.5625353370003301
   8.5650000e+00  0.49501486450033005
   8.5700000e+00  0.43031912450033005
   8.5750000e+00  0.37124148450033007
   8.5800000e+00  0.3201548087503301
   8.5850000e+00  0.2790382945003301
   8.5900000e+00  0.2500410215003301
   8.5950000e+00  0.23501117050033007
   8.6000000e+00   0.23321306487533008
   8.6050000e+00   0.23984231000033007
   8.6100000e+00   0.24867113950033007
   8.6150000e+00   0.25635967325033004
   8.6200000e+00   0.26323192525033007
   8.6250000e+00   0.2708094977503301
   8.6300000e+00   0.2797391297503301
   8.6350000e+00   0.2891622182503301
   8.6400000e+00   0.2970471712503301
   8.6450000e+00   0.30135983532533006
   8.6500000e+00  0.30088518347533005
   8.6550000e+00  0.29477583680033004
   8.6600000e+00  0.28268839330033
   8.6650000e+00  0.26636336905033003
   8.6700000e+00  0.24960589205033004
   8.6750000e+00  0.23556683255033004
   8.6800000e+00  0.22467473705033003
   8.6850000e+00  0.21501294055033005
   8.6900000e+00  0.20358439330033004
   8.6950000e+00  0.18738893955033004
   8.7000000e+00  0.16449988580033004
   8.7050000e+00  0.13496966555033002
   8.7100000e+00  0.10071430430033002
   8.7150000e+00  0.06377257955033001
   8.7200000e+00  0.023853985300330012
   8.7250000e+00  -0.022778547449669985
   8.7300000e+00  -0.08200570494967
   8.7350000e+00  -0.15899628994967
   8.7400000e+00  -0.25569429994966997
   8.7450000e+00  -0.37010917244967
   8.7500000e+00  -0.49752174494967005
   8.7550000e+00  -0.63246559244967
   8.7600000e+00  -0.7701802074496701
   8.7650000e+00  -0.90704400994967
   8.7700000e+00  -1.0401338949496701
   8.7750000e+00  -1.1662253499496702
   8.7800000e+00  -1.2812111049496702
   8.7850000e+00  -1.3812305149496702
   8.7900000e+00  -1.4646735149496701
   8.7950000e+00  -1.5323239149496701
   8.8000000e+00  -1.58477852894967
   8.8050000e+00  -1.61993995594967
   8.8100000e+00  -1.6344723356246702
   8.8150000e+00   -1.6282356582996702
   8.8200000e+00   -1.6054453952996701
   8.8250000e+00   -1.5704674617996701
   8.8300000e+00   -1.5236360472996702
   8.8350000e+00   -1.4619306297996701
   8.8400000e+00   -1.38325372979967
   8.8450000e+00   -1.28911089729967
   8.8500000e+00   -1.18349703729967
   8.8550000e+00   -1.0716051847996702
   8.8600000e+00   -0.9601542672996701
   8.8650000e+00   -0.8561179672996702
   8.8700000e+00   -0.7637504022996702
   8.8750000e+00   -0.6839905897996702
   8.8800000e+00   -0.6168213872996702
   8.8850000e+00   -0.5631102910496701
   8.8900000e+00   -0.5238862037996701
   8.8950000e+00   -0.4991012790496701
   8.9000000e+00   -0.4888321275996701
   8.9050000e+00  -0.4952778548996701
   8.9100000e+00  -0.52175558139967
   8.9150000e+00  -0.5695826428996701
   8.9200000e+00  -0.6367236378996701
   8.9250000e+00  -0.7190447528996702
   8.9300000e+00  -0.8115129678996702
   8.9350000e+00  -0.9079872153996702
   8.9400000e+00  -1.0022778303996702
   8.9450000e+00  -1.0912630653996702
   8.9500000e+00  -1.1752509078996702
   8.9550000e+00  -1.2539766328996702
   8.9600000e+00  -1.3238157128996701
   8.9650000e+00  -1.3796174211496701
   8.9700000e+00  -1.4182917963996702
   8.9750000e+00  -1.4405989993996702
   8.9800000e+00  -1.45012530792467
   8.9850000e+00   -1.4504629203496702
   8.9900000e+00   -1.4430859739996702
   8.9950000e+00   -1.4276301152496702
   9.0000000e+00   -1.4032093302496702
   9.0050000e+00   -1.3690842019996703
   9.0100000e+00   -1.3254432777496703
   9.0150000e+00   -1.2742711392496704
   9.0200000e+00   -1.2185920392496703
   9.0250000e+00   -1.1610261892496703
   9.0300000e+00   -1.1036786667496703
   9.0350000e+00   -1.0479602942496702
   9.0400000e+00   -0.9933770742496701
   9.0450000e+00   -0.9378025542496702
   9.0500000e+00   -0.8797167067496702
   9.0550000e+00   -0.8193666842496702
   9.0600000e+00   -0.7576201292496701
   9.0650000e+00   -0.6946685417496702
   9.0700000e+00   -0.6306396292496702
   9.0750000e+00   -0.5669381892496702
   9.0800000e+00   -0.5056962492496702
   9.0850000e+00   -0.44788423424967017
   9.0900000e+00   -0.39286888174967016
   9.0950000e+00   -0.3399243242496702
   9.1000000e+00   -0.28972155824967016
   9.1050000e+00   -0.24414024524967015
   9.1100000e+00   -0.20464890774967015
   9.1150000e+00   -0.17088866649967016
   9.1200000e+00   -0.14075985649967016
   9.1250000e+00   -0.11178003874967016
   9.1300000e+00   -0.08232625374967016
   9.1350000e+00   -0.05167539224967016
   9.1400000e+00   -0.019198582499670165
   9.1450000e+00   0.015869192000329838
   9.1500000e+00   0.05362087675032984
   9.1550000e+00   0.09302357550032984
   9.1600000e+00   0.13286852900032986
   9.1650000e+00   0.17321642075032986
   9.1700000e+00   0.21581787975032984
   9.1750000e+00   0.26325234925032986
   9.1800000e+00   0.31797943675032986
   9.1850000e+00   0.38197114675032984
   9.1900000e+00   0.45609449425032983
   9.1950000e+00   0.5391212042503298
   9.2000000e+00   0.6277034042503298
   9.2050000e+00   0.7177960192503298
   9.2100000e+00   0.8062609592503298
   9.2150000e+00   0.8912436542503298
   9.2200000e+00   0.9714618292503298
   9.2250000e+00   1.0457362717503298
   9.2300000e+00   1.1132198267503297
   9.2350000e+00   1.1733590892503296
   9.2400000e+00   1.2249128400003295
   9.2450000e+00   1.2654739167503295
   9.2500000e+00   1.2933663077503295
   9.2550000e+00   1.3097345527503295
   9.2600000e+00   1.3172231359003295
   9.2650000e+00  1.3172225689253294
   9.2700000e+00  1.3098211288003294
   9.2750000e+00  1.2956738303003295
   9.2800000e+00  1.2765592465503295
   9.2850000e+00  1.2541969353003295
   9.2900000e+00  1.2296148385503296
   9.2950000e+00  1.2039837778003295
   9.3000000e+00  1.1786141558003296
   9.3050000e+00  1.1534090425503296
   9.3100000e+00  1.1268819593003296
   9.3150000e+00  1.0987902190503296
   9.3200000e+00  1.0721106208003295
   9.3250000e+00  1.0516892160503295
   9.3300000e+00  1.0407858070503295
   9.3350000e+00   1.0389572742753295
   9.3400000e+00   1.0433324162503295
   9.3450000e+00   1.0518344727503295
   9.3500000e+00   1.0646097482503294
   9.3550000e+00   1.0820653625003294
   9.3600000e+00   1.1023737167503294
   9.3650000e+00   1.1215091190003295
   9.3700000e+00   1.1351517292503295
   9.3750000e+00  1.1398319705003295
   9.3800000e+00  1.1326135685003296
   9.3850000e+00  1.1114241520003296
   9.3900000e+00  1.0766891775003296
   9.3950000e+00  1.0314849600003295
   9.4000000e+00  0.9790090562503295
   9.4050000e+00  0.9200885937503295
   9.4100000e+00  0.8533282012503295
   9.4150000e+00  0.7774373537503295
   9.4200000e+00  0.6933723062503295
   9.4250000e+00  0.6047405337503295
   9.4300000e+00  0.5162383762503295
   9.4350000e+00  0.43020264875032954
   9.4400000e+00  0.34359194875032956
   9.4450000e+00  0.24953294875032955
   9.4500000e+00  0.14228996125032956
   9.4550000e+00  0.019770943750329548
   9.4600000e+00  -0.11709695874967045
   9.4650000e+00  -0.2647972862496704
   9.4700000e+00  -0.41829434374967045
   9.4750000e+00  -0.5741995212496704
   9.4800000e+00  -0.7329103087496704
   9.4850000e+00  -0.8966721862496705
   9.4900000e+00  -1.0653329062496706
   9.4950000e+00  -1.2341198462496705
   9.5000000e+00  -1.3950351387496704
   9.5050000e+00  -1.5396834612496704
   9.5100000e+00  -1.6616304137496705
   9.5150000e+00  -1.7581731562496705
   9.5200000e+00  -1.8310387337496705
   9.5250000e+00  -1.8852602044996705
   9.5300000e+00  -1.9266207517496705
   9.5350000e+00  -1.9585239364996705
   9.5400000e+00  -1.9798134907496705
   9.5450000e+00   -1.9863047137496705
   9.5500000e+00   -1.9756478509996704
   9.5550000e+00   -1.9501881084996704
   9.5600000e+00   -1.9152332469996705
   9.5650000e+00   -1.8757529372496704
   9.5700000e+00   -1.8336771739996705
   9.5750000e+00   -1.7865131392496705
   9.5800000e+00   -1.7293974992496706
   9.5850000e+00   -1.6598320592496705
   9.5900000e+00   -1.5802060942496705
   9.5950000e+00   -1.4959844067496706
   9.6000000e+00   -1.4125614992496707
   9.6050000e+00   -1.3339918967496707
   9.6100000e+00   -1.2631711467496707
   9.6150000e+00   -1.2012273417496706
   9.6200000e+00   -1.1467939892496706
   9.6250000e+00   -1.0972936324996705
   9.6300000e+00   -1.0508282719996704
   9.6350000e+00   -1.0063511267496705
   9.6400000e+00   -0.9630457959996706
   9.6450000e+00   -0.9203455377496705
   9.6500000e+00   -0.8781431357496705
   9.6550000e+00   -0.8366355354996705
   9.6600000e+00   -0.7960289907496705
   9.6650000e+00   -0.7565165672496705
   9.6700000e+00   -0.7189198707496706
   9.6750000e+00   -0.6855750444996705
   9.6800000e+00   -0.6599229557496705
   9.6850000e+00   -0.6448217069996706
   9.6900000e+00  -0.6418874460746705
   9.6950000e+00  -0.6518741588996705
   9.7000000e+00  -0.6738762313996705
   9.7050000e+00  -0.7045925026496704
   9.7100000e+00  -0.7400580378996704
   9.7150000e+00  -0.7777355606496704
   9.7200000e+00  -0.8162092976496704
   9.7250000e+00  -0.8538555373996705
   9.7300000e+00  -0.8888990151496705
   9.7350000e+00  -0.9206595861496705
   9.7400000e+00  -0.9501609211496704
   9.7450000e+00  -0.9794962576496704
   9.7500000e+00  -1.0108675516496703
   9.7550000e+00  -1.0454804668996704
   9.7600000e+00  -1.0823309971496704
   9.7650000e+00  -1.1184781681496705
   9.7700000e+00  -1.1509175651496706
   9.7750000e+00  -1.1773600396496706
   9.7800000e+00  -1.1953511946496707
   9.7850000e+00  -1.2018986369479208
   9.7900000e+00   -1.1937410139961708
   9.7950000e+00   -1.1675194177461707
   9.8000000e+00   -1.1209695429961708
   9.8050000e+00   -1.0544599729961708
   9.8100000e+00   -0.9703965529961708
   9.8150000e+00   -0.8716486129961708
   9.8200000e+00   -0.7617499579961708
   9.8250000e+00   -0.6460608204961709
   9.8300000e+00   -0.5318529104961709
   9.8350000e+00   -0.4271429904961709
   9.8400000e+00   -0.33890402799617086
   9.8450000e+00   -0.2715930779961709
   9.8500000e+00   -0.22712382199617087
   9.8550000e+00   -0.20595478224617086
   9.8600000e+00  -0.20771429349617088
   9.8650000e+00  -0.23115679049617088
   9.8700000e+00  -0.2741776774961709
   9.8750000e+00  -0.3334620999961709
   9.8800000e+00  -0.4044814424961709
   9.8850000e+00  -0.4838049524961709
   9.8900000e+00  -0.5715069799961708
   9.8950000e+00  -0.6695600424961708
   9.9000000e+00  -0.7779667974961708
   9.9050000e+00  -0.8934305324961708
   9.9100000e+00  -1.0113575974961708
   9.9150000e+00  -1.1286933499961709
   9.9200000e+00  -1.2454248474961709
   9.9250000e+00  -1.3640285224961708
   9.9300000e+00  -1.4874153899961708
   9.9350000e+00  -1.6167488999961708
   9.9400000e+00  -1.7505980624961708
   9.9450000e+00  -1.8857184999961707
   9.9500000e+00  -2.017863392496171
   9.9550000e+00  -2.1418189649961707
   9.9600000e+00  -2.2526799374961706
   9.9650000e+00  -2.3485319074961706
   9.9700000e+00  -2.430868014996171
   9.9750000e+00  -2.5018867849961706
   9.9800000e+00  -2.5622578124961706
   9.9850000e+00  -2.6111808917461707
   9.9900000e+00  -2.647252557496171
   9.9950000e+00  -2.668853272996171
   1.0000000e+01   -2.674625515821171
   1.0005000e+01   -2.6648936861461707
   1.0010000e+01   -2.6429397663961707
   1.0015000e+01   -2.6141458236461705
   1.0020000e+01   -2.5831814646461706
   1.0025000e+01   -2.551994129896171
   1.0030000e+01   -2.520805204646171
   1.0035000e+01   -2.490575628896171
   1.0040000e+01   -2.463579103646171
   1.0045000e+01   -2.441652032896171
   1.0050000e+01   -2.424744704146171
   1.0055000e+01   -2.4116088318961713
   1.0060000e+01   -2.4014009523961715
   1.0065000e+01   -2.3940269801461715
   1.0070000e+01   -2.3896004029711717
   1.0075000e+01  -2.3884612799711715
   1.0080000e+01  -2.3910429676961713
   1.0085000e+01  -2.3967466867461713
   1.0090000e+01  -2.4032213989961715
   1.0095000e+01  -2.4074191857211713
   1.0100000e+01   -2.407500315971171
   1.0105000e+01   -2.4034161374961713
   1.0110000e+01   -2.395791413996171
   1.0115000e+01   -2.385210536996171
   1.0120000e+01   -2.3729431537461707
   1.0125000e+01   -2.3613703009961706
   1.0130000e+01   -2.3525490559961706
   1.0135000e+01   -2.3464594569961705
   1.0140000e+01   -2.3420026230211706
   1.0145000e+01   -2.3397344347211706
   1.0150000e+01  -2.3416804531711706
   1.0155000e+01  -2.3481075256961708
   1.0160000e+01  -2.3560582796961707
   1.0165000e+01  -2.3615962950711706
   1.0170000e+01   -2.3630775694361708
   1.0175000e+01   -2.3624239975261707
   1.0180000e+01  -2.3638258673261707
   1.0185000e+01  -2.3712340142761708
   1.0190000e+01  -2.386201042526171
   1.0195000e+01  -2.4070483117761707
   1.0200000e+01  -2.429599704276171
   1.0205000e+01  -2.448952993026171
   1.0210000e+01  -2.461371592526171
   1.0215000e+01   -2.465347671371171
   1.0220000e+01   -2.461340986966171
   1.0225000e+01   -2.450621941966171
   1.0230000e+01   -2.4339935794661707
   1.0235000e+01   -2.4110693137161707
   1.0240000e+01   -2.3811086669661705
   1.0245000e+01   -2.3451179517161704
   1.0250000e+01   -2.3062332289661702
   1.0255000e+01   -2.26763520946617
   1.0260000e+01   -2.23198957396617
   1.0265000e+01   -2.20306652296617
   1.0270000e+01   -2.1849995177161703
   1.0275000e+01  -2.1791980072011703
   1.0280000e+01  -2.1836311789361704
   1.0285000e+01  -2.1950606934361705
   1.0290000e+01  -2.2107915981861703
   1.0295000e+01  -2.2284147994361705
   1.0300000e+01  -2.2452739066861707
   1.0305000e+01  -2.2593784531861707
   1.0310000e+01  -2.2706441394361705
   1.0315000e+01  -2.2805706629361704
   1.0320000e+01  -2.2909843804361705
   1.0325000e+01  -2.3039066334361706
   1.0330000e+01  -2.322732138936171
   1.0335000e+01  -2.3523159844361707
   1.0340000e+01  -2.3965711841861705
   1.0345000e+01  -2.4558977941861704
   1.0350000e+01  -2.5274089991861706
   1.0355000e+01  -2.6078229941861704
   1.0360000e+01  -2.6963649066861706
   1.0365000e+01  -2.7946288041861704
   1.0370000e+01  -2.9021452966861703
   1.0375000e+01  -3.0119104591861703
   1.0380000e+01  -3.1127278391861704
   1.0385000e+01  -3.1961652841861703
   1.0390000e+01  -3.25913869668617
   1.0395000e+01  -3.3015896311861703
   1.0400000e+01  -3.3250678589361704
   1.0405000e+01  -3.3325170589786706
   1.0410000e+01   -3.3266799157711704
   1.0415000e+01   -3.3080397655211704
   1.0420000e+01   -3.2744835082711705
   1.0425000e+01   -3.2231966337711704
   1.0430000e+01   -3.1539068112711703
   1.0435000e+01   -3.0710683137711703
   1.0440000e+01   -2.9823475037711704
   1.0445000e+01   -2.8944264337711703
   1.0450000e+01   -2.8100304162711702
   1.0455000e+01   -2.7277909487711702
   1.0460000e+01   -2.6435349162711703
   1.0465000e+01   -2.5515769962711703
   1.0470000e+01   -2.44613710377117
   1.0475000e+01   -2.3233772562711703
   1.0480000e+01   -2.18265410377117
   1.0485000e+01   -2.0253156412711704
   1.0490000e+01   -1.8524492887711703
   1.0495000e+01   -1.6641329112711702
   1.0500000e+01   -1.4604458187711702
   1.0505000e+01   -1.2427526987711701
   1.0510000e+01   -1.01406357127117
   1.0515000e+01   -0.7784790112711701
   1.0520000e+01   -0.5404274937711702
   1.0525000e+01   -0.3042602312711702
   1.0530000e+01   -0.07462472627117017
   1.0535000e+01   0.14283620122882987
   1.0540000e+01   0.34235926372882985
   1.0545000e+01   0.5207248787288299
   1.0550000e+01   0.6784568512288298
   1.0555000e+01   0.8181401487288298
   1.0560000e+01   0.9427259812288298
   1.0565000e+01   1.0550885312288298
   1.0570000e+01   1.1573707437288299
   1.0575000e+01   1.2508181562288299
   1.0580000e+01   1.3371208837288298
   1.0585000e+01   1.4190935737288297
   1.0590000e+01   1.4994173837288298
   1.0595000e+01   1.57970341872883
   1.0600000e+01   1.66178117122883
   1.0605000e+01   1.74962476122883
   1.0610000e+01   1.84862579872883
   1.0615000e+01   1.96201499872883
   1.0620000e+01   2.08813770622883
   1.0625000e+01   2.22130872622883
   1.0630000e+01   2.35523313872883
   1.0635000e+01   2.48614944872883
   1.0640000e+01   2.61403902872883
   1.0645000e+01   2.74216868622883
   1.0650000e+01   2.8749184662288303
   1.0655000e+01   3.0142988962288304
   1.0660000e+01   3.1588723362288302
   1.0665000e+01   3.30709712372883
   1.0670000e+01   3.46046563122883
   1.0675000e+01   3.6223281837288304
   1.0680000e+01   3.7947926162288304
   1.0685000e+01   3.97767709122883
   1.0690000e+01   4.16987077872883
   1.0695000e+01   4.37053152872883
   1.0700000e+01   4.57857522372883
   1.0705000e+01   4.79171025622883
   1.0710000e+01   5.00640595372883
   1.0715000e+01   5.21874682372883
   1.0720000e+01   5.42584669622883
   1.0725000e+01   5.6269897112288305
   1.0730000e+01   5.823129556228831
   1.0735000e+01   6.01526176622883
   1.0740000e+01   6.20384611372883
   1.0745000e+01   6.3894813462288305
   1.0750000e+01   6.573278583728831
   1.0755000e+01   6.756782601228831
   1.0760000e+01   6.942007483728831
   1.0765000e+01   7.130971976228831
   1.0770000e+01   7.32424935622883
   1.0775000e+01   7.519760286228831
   1.0780000e+01   7.71363966872883
   1.0785000e+01   7.902743078728831
   1.0790000e+01   8.085875916228831
   1.0795000e+01   8.26252648122883
   1.0800000e+01   8.43151857622883
   1.0805000e+01   8.592101188728831
   1.0810000e+01   8.74613194872883
   1.0815000e+01   8.89735284622883
   1.0820000e+01   9.04767983372883
   1.0825000e+01   9.19538138872883
   1.0830000e+01   9.33706168872883
   1.0835000e+01   9.470270103728831
   1.0840000e+01   9.59434684622883
   1.0845000e+01   9.709912706228831
   1.0850000e+01   9.81813052122883
   1.0855000e+01   9.92063784872883
   1.0860000e+01   10.019899861228831
   1.0865000e+01   10.11814182622883
   1.0870000e+01   10.21499736622883
   1.0875000e+01   10.30746457122883
   1.0880000e+01   10.39251369622883
   1.0885000e+01   10.46796803372883
   1.0890000e+01   10.53124885872883
   1.0895000e+01   10.57995899197883
   1.0900000e+01   10.614526617478829
   1.0905000e+01   10.639125948978828
   1.0910000e+01   10.659133023728828
   1.0915000e+01   10.677855858478827
   1.0920000e+01   10.695970558728828
   1.0925000e+01   10.713161810978828
   1.0930000e+01   10.729334384228828
   1.0935000e+01   10.744770412728828
   1.0940000e+01   10.760217267478827
   1.0945000e+01   10.777029892228827
   1.0950000e+01   10.796356454728826
   1.0955000e+01   10.817924347478826
   1.0960000e+01   10.840963104728825
   1.0965000e+01   10.866484104478825
   1.0970000e+01   10.896878544478826
   1.0975000e+01   10.933401105978826
   1.0980000e+01   10.975964043978825
   1.0985000e+01   11.025524768728825
   1.0990000e+01   11.085196038728826
   1.0995000e+01   11.158274848728826
   1.1000000e+01   11.246333093728826
   1.1005000e+01   11.350302231228826
   1.1010000e+01   11.471664401228825
   1.1015000e+01   11.610715813728826
   1.1020000e+01   11.764710706228826
   1.1025000e+01   11.928899991228826
   1.1030000e+01   12.098982393728827
   1.1035000e+01   12.272372531228827
   1.1040000e+01   12.448248616228828
   1.1045000e+01   12.628097388728827
   1.1050000e+01   12.816211318728827
   1.1055000e+01   13.017834008728828
   1.1060000e+01   13.236240156228828
   1.1065000e+01   13.471722206228828
   1.1070000e+01   13.721692396228828
   1.1075000e+01   13.980888108728829
   1.1080000e+01   14.243466996228829
   1.1085000e+01   14.506310421228829
   1.1090000e+01   14.76977061872883
   1.1095000e+01   15.03500263372883
   1.1100000e+01   15.30137102122883
   1.1105000e+01   15.56720143372883
   1.1110000e+01   15.83243178872883
   1.1115000e+01   16.09935479622883
   1.1120000e+01   16.37119198872883
   1.1125000e+01   16.650511758728832
   1.1130000e+01   16.937693431228833
   1.1135000e+01   17.229696398728834
   1.1140000e+01   17.520778888728834
   1.1145000e+01   17.805093998728836
   1.1150000e+01   18.078702031228836
   1.1155000e+01   18.339323738728837
   1.1160000e+01   18.585268618728836
   1.1165000e+01   18.815659743728837
   1.1170000e+01   19.030526303728838
   1.1175000e+01   19.22920389622884
   1.1180000e+01   19.41016594372884
   1.1185000e+01   19.57355946872884
   1.1190000e+01   19.721969886228838
   1.1195000e+01   19.857894568728838
   1.1200000e+01   19.98192737122884
   1.1205000e+01   20.09376872372884
   1.1210000e+01   20.19420898122884
   1.1215000e+01   20.28571552872884
   1.1220000e+01   20.37064191872884
   1.1225000e+01   20.44820774372884
   1.1230000e+01   20.51310526872884
   1.1235000e+01   20.55698352297884
   1.1240000e+01  20.57041800100384
   1.1245000e+01  20.54284506477884
   1.1250000e+01  20.462097169778843
   1.1255000e+01  20.317516417278842
   1.1260000e+01  20.10585623477884
   1.1265000e+01  19.83313365977884
   1.1270000e+01  19.508966047278843
   1.1275000e+01  19.138545519778845
   1.1280000e+01  18.719399364778845
   1.1285000e+01  18.245017454778843
   1.1290000e+01  17.711784829778843
   1.1295000e+01  17.123321329778843
   1.1300000e+01  16.488910529778842
   1.1305000e+01  15.818693954778842
   1.1310000e+01  15.120323129778843
   1.1315000e+01  14.397560854778842
   1.1320000e+01  13.649948854778842
   1.1325000e+01  12.875168629778841
   1.1330000e+01  12.073743204778841
   1.1335000e+01  11.251574754778842
   1.1340000e+01  10.417176104778841
   1.1345000e+01  9.576003079778841
   1.1350000e+01  8.727270979778842
   1.1355000e+01  7.865613304778842
   1.1360000e+01  6.985342904778842
   1.1365000e+01  6.084276929778842
   1.1370000e+01  5.165521829778842
   1.1375000e+01  4.236776629778842
   1.1380000e+01  3.3077909047788423
   1.1385000e+01  2.387306479778842
   1.1390000e+01  1.480895079778842
   1.1395000e+01  0.590503779778842
   1.1400000e+01  -0.2846447452211579
   1.1405000e+01  -1.146598270221158
   1.1410000e+01  -1.997093520221158
   1.1415000e+01  -2.8362318202211583
   1.1420000e+01  -3.6622436702211583
   1.1425000e+01  -4.473133695221158
   1.1430000e+01  -5.269156170221158
   1.1435000e+01  -6.053147220221158
   1.1440000e+01  -6.827397920221157
   1.1445000e+01  -7.590053245221157
   1.1450000e+01  -8.335937070221156
   1.1455000e+01  -9.061890245221157
   1.1460000e+01  -9.769952820221157
   1.1465000e+01  -10.464470520221157
   1.1470000e+01  -11.147531845221158
   1.1475000e+01  -11.817684545221159
   1.1480000e+01  -12.471480095221159
   1.1485000e+01  -13.104921745221159
   1.1490000e+01  -13.714098795221158
   1.1495000e+01  -14.296674420221159
   1.1500000e+01  -14.853741270221159
   1.1505000e+01  -15.389275345221158
   1.1510000e+01  -15.907344220221159
   1.1515000e+01  -16.40985402772116
   1.1520000e+01  -16.89603558522116
   1.1525000e+01  -17.36341063272116
   1.1530000e+01  -17.81001221772116
   1.1535000e+01  -18.236836265221157
   1.1540000e+01  -18.648598577721156
   1.1545000e+01  -19.051820147721156
   1.1550000e+01  -19.451509565221155
   1.1555000e+01  -19.849049337721155
   1.1560000e+01  -20.243095872721156
   1.1565000e+01  -20.632785005221155
   1.1570000e+01  -21.020381195221155
   1.1575000e+01  -21.411572390221156
   1.1580000e+01  -21.814179075221155
   1.1585000e+01  -22.235709292721154
   1.1590000e+01  -22.679606705221154
   1.1595000e+01  -23.142810407721154
   1.1600000e+01  -23.617938030221154
   1.1605000e+01  -24.098911827721153
   1.1610000e+01  -24.585134932721154
   1.1615000e+01  -25.080815965221152
   1.1620000e+01  -25.59075921522115
   1.1625000e+01  -26.11637164022115
   1.1630000e+01  -26.65383469022115
   1.1635000e+01  -27.19499241522115
   1.1640000e+01  -27.73088131522115
   1.1645000e+01  -28.25451924022115
   1.1650000e+01  -28.75972345022115
   1.1655000e+01  -29.239169547721147
   1.1660000e+01  -29.685980445221148
   1.1665000e+01  -30.096697402721148
   1.1670000e+01  -30.470940945221148
   1.1675000e+01  -30.80753895772115
   1.1680000e+01  -31.10172139522115
   1.1685000e+01  -31.346825632721153
   1.1690000e+01  -31.538608277721153
   1.1695000e+01  -31.678468902721153
   1.1700000e+01  -31.773887407721155
   1.1705000e+01  -31.835311992721156
   1.1710000e+01  -31.870773388221156
   1.1715000e+01  -31.883157135496155
   1.1720000e+01   -31.872676170771154
   1.1725000e+01   -31.840605715521153
   1.1730000e+01   -31.790416584271153
   1.1735000e+01   -31.727040789271154
   1.1740000e+01   -31.656262811771153
   1.1745000e+01   -31.584550174271154
   1.1750000e+01   -31.518494824271155
   1.1755000e+01   -31.463807997771156
   1.1760000e+01   -31.424902303771155
   1.1765000e+01   -31.405632001271155
   1.1770000e+01  -31.410322549771156
   1.1775000e+01  -31.443487185271156
   1.1780000e+01  -31.507911887271156
   1.1785000e+01  -31.602954097271155
   1.1790000e+01  -31.725408349771154
   1.1795000e+01  -31.872714947271152
   1.1800000e+01  -32.044943819771156
   1.1805000e+01  -32.24349833227116
   1.1810000e+01  -32.468891027271155
   1.1815000e+01  -32.71972373727115
   1.1820000e+01  -32.99227753977115
   1.1825000e+01  -33.28032477977115
   1.1830000e+01  -33.57588987227115
   1.1835000e+01  -33.87120796977115
   1.1840000e+01  -34.16122651977115
   1.1845000e+01  -34.44527222977115
   1.1850000e+01  -34.72599344227115
   1.1855000e+01  -35.00555456977115
   1.1860000e+01  -35.282496917271146
   1.1865000e+01  -35.55229868977115
   1.1870000e+01  -35.81032755477115
   1.1875000e+01  -36.05312255727115
   1.1880000e+01  -36.27669539227115
   1.1885000e+01  -36.47559107477115
   1.1890000e+01  -36.645207949771155
   1.1895000e+01  -36.78427076727115
   1.1900000e+01  -36.894418392271156
   1.1905000e+01  -36.978046419771154
   1.1910000e+01  -37.03665802477116
   1.1915000e+01  -37.07050868027115
   1.1920000e+01   -37.079116579071155
   1.1925000e+01   -37.06164597587115
   1.1930000e+01   -37.016353854371154
   1.1935000e+01   -36.93934846437116
   1.1940000e+01   -36.824610904371156
   1.1945000e+01   -36.667434034371155
   1.1950000e+01   -36.46888707437115
   1.1955000e+01   -36.23525705937115
   1.1960000e+01   -35.97209065687115
   1.1965000e+01   -35.679478524371156
   1.1970000e+01   -35.35288190187116
   1.1975000e+01   -34.986805236871156
   1.1980000e+01   -34.57631700187115
   1.1985000e+01   -34.116765874371154
   1.1990000e+01   -33.60584807187115
   1.1995000e+01   -33.04631799687115
   1.2000000e+01   -32.44458259687115
   1.2005000e+01   -31.80727484687115
   1.2010000e+01   -31.13923122187115
   1.2015000e+01   -30.441099171871148
   1.2020000e+01   -29.707539721871147
   1.2025000e+01   -28.930076021871148
   1.2030000e+01   -28.101722321871147
   1.2035000e+01   -27.218010871871147
   1.2040000e+01   -26.276094546871146
   1.2045000e+01   -25.275256696871146
   1.2050000e+01   -24.217509096871147
   1.2055000e+01   -23.10619309687115
   1.2060000e+01   -21.943434396871147
   1.2065000e+01   -20.728869471871146
   1.2070000e+01   -19.460574946871148
   1.2075000e+01   -18.13710379687115
   1.2080000e+01   -16.759795471871147
   1.2085000e+01   -15.334652621871147
   1.2090000e+01   -13.871901071871147
   1.2095000e+01   -12.383007396871147
   1.2100000e+01   -10.877930596871147
   1.2105000e+01   -9.363813846871148
   1.2110000e+01   -7.844097171871148
   1.2115000e+01   -6.319472946871148
   1.2120000e+01   -4.791541521871148
   1.2125000e+01   -3.264769721871148
   1.2130000e+01   -1.7442712468711479
   1.2135000e+01   -0.23337992187114787
   1.2140000e+01   1.2662498531288524
   1.2145000e+01   2.7526949781288526
   1.2150000e+01   4.219439928128852
   1.2155000e+01   5.651473303128852
   1.2160000e+01   7.029437403128852
   1.2165000e+01   8.340923128128852
   1.2170000e+01   9.587452703128852
   1.2175000e+01   10.780755628128851
   1.2180000e+01   11.932907703128851
   1.2185000e+01   13.048385253128851
   1.2190000e+01   14.12253660312885
   1.2195000e+01   15.14577192812885
   1.2200000e+01   16.10990917812885
   1.2205000e+01   17.012630778128848
   1.2210000e+01   17.857134378128848
   1.2215000e+01   18.64730757812885
   1.2220000e+01   19.38243420312885
   1.2225000e+01   20.05628577812885
   1.2230000e+01   20.661552103128848
   1.2235000e+01   21.194543658128847
   1.2240000e+01   21.654814548128847
   1.2245000e+01   22.04100683062885
   1.2250000e+01   22.349196968128847
   1.2255000e+01   22.576760273128848
   1.2260000e+01   22.726298815628848
   1.2265000e+01   22.803866403128847
   1.2270000e+01  22.815374367878846
   1.2275000e+01  22.766678062628845
   1.2280000e+01  22.665170950128847
   1.2285000e+01  22.519743777628847
   1.2290000e+01  22.339805135128845
   1.2295000e+01  22.133992650128846
   1.2300000e+01  21.909144822628846
   1.2305000e+01  21.671358802628845
   1.2310000e+01  21.428526530128845
   1.2315000e+01  21.190776962628846
   1.2320000e+01  20.967837907628844
   1.2325000e+01  20.767189462628846
   1.2330000e+01  20.596727365128846
   1.2335000e+01  20.467987690128847
   1.2340000e+01  20.392818326378848
   1.2345000e+01   20.378412800628848
   1.2350000e+01   20.43001340862885
   1.2355000e+01   20.555018736128847
   1.2360000e+01   20.759571376128847
   1.2365000e+01   21.043832001128848
   1.2370000e+01   21.402608018628847
   1.2375000e+01   21.828320146128846
   1.2380000e+01   22.314735256128845
   1.2385000e+01   22.861598381128847
   1.2390000e+01   23.475152656128845
   1.2395000e+01   24.162079256128845
   1.2400000e+01   24.922638231128843
   1.2405000e+01   25.748641131128842
   1.2410000e+01   26.62622465612884
   1.2415000e+01   27.54051060612884
   1.2420000e+01   28.47953873112884
   1.2425000e+01   29.43642055612884
   1.2430000e+01   30.40946218112884
   1.2435000e+01   31.40002323112884
   1.2440000e+01   32.40864420612884
   1.2445000e+01   33.43099763112884
   1.2450000e+01   34.45541513112884
   1.2455000e+01   35.463890231128836
   1.2460000e+01   36.437333181128835
   1.2465000e+01   37.361374131128834
   1.2470000e+01   38.22804690612883
   1.2475000e+01   39.03453173112883
   1.2480000e+01   39.78135593112883
   1.2485000e+01   40.46867503112883
   1.2490000e+01   41.09247440612883
   1.2495000e+01   41.64587015612883
   1.2500000e+01   42.12355098362883
   1.2505000e+01   42.52345186362883
   1.2510000e+01   42.84658196112883
   1.2515000e+01   43.098143133628824
   1.2520000e+01   43.28778241862882
   1.2525000e+01   43.426188623628825
   1.2530000e+01   43.520217606128824
   1.2535000e+01   43.57170312037882
   1.2540000e+01  43.58106404587882
   1.2545000e+01  43.55044366412882
   1.2550000e+01  43.48252556862882
   1.2555000e+01  43.377867508628825
   1.2560000e+01  43.235567428628826
   1.2565000e+01  43.05715509362883
   1.2570000e+01  42.84804003612883
   1.2575000e+01  42.61262033862883
   1.2580000e+01  42.34708182612883
   1.2585000e+01  42.038999356128826
   1.2590000e+01  41.67714151612883
   1.2595000e+01  41.26211710112883
   1.2600000e+01  40.80618501112883
   1.2605000e+01  40.322884476128834
   1.2610000e+01  39.818037036128835
   1.2615000e+01  39.29073273612884
   1.2620000e+01  38.74009768612884
   1.2625000e+01  38.16854163612884
   1.2630000e+01  37.58034551112884
   1.2635000e+01  36.98002163612884
   1.2640000e+01  36.37178171112884
   1.2645000e+01  35.75884606112884
   1.2650000e+01  35.14230011112884
   1.2655000e+01  34.52046503612884
   1.2660000e+01  33.88980503612884
   1.2665000e+01  33.24706111112884
   1.2670000e+01  32.590240311128845
   1.2675000e+01  31.916853811128846
   1.2680000e+01  31.222227011128844
   1.2685000e+01  30.500979086128844
   1.2690000e+01  29.749238361128842
   1.2695000e+01  28.964782611128843
   1.2700000e+01  28.146976736128842
   1.2705000e+01  27.29733661112884
   1.2710000e+01  26.41825951112884
   1.2715000e+01  25.50995701112884
   1.2720000e+01  24.56925893612884
   1.2725000e+01  23.592638536128838
   1.2730000e+01  22.58057053612884
   1.2735000e+01  21.538119911128838
   1.2740000e+01  20.471689211128837
   1.2745000e+01  19.38624328612884
   1.2750000e+01  18.28499411112884
   1.2755000e+01  17.169863811128838
   1.2760000e+01  16.04119303612884
   1.2765000e+01  14.898238286128839
   1.2770000e+01  13.742071511128838
   1.2775000e+01  12.577837886128838
   1.2780000e+01  11.413005411128838
   1.2785000e+01  10.253915361128838
   1.2790000e+01  9.104288561128838
   1.2795000e+01  7.965571811128838
   1.2800000e+01  6.837679336128837
   1.2805000e+01  5.719938711128837
   1.2810000e+01  4.612337861128837
   1.2815000e+01  3.5163846361288367
   1.2820000e+01  2.4346774611288367
   1.2825000e+01  1.3695278111288367
   1.2830000e+01  0.3220998111288367
   1.2835000e+01  -0.7070750388711633
   1.2840000e+01  -1.7163462138711634
   1.2845000e+01  -2.700258888871163
   1.2850000e+01  -3.646909763871163
   1.2855000e+01  -4.538155688871163
   1.2860000e+01  -5.355639538871164
   1.2865000e+01  -6.089344888871164
   1.2870000e+01  -6.738385813871164
   1.2875000e+01  -7.3026216638711645
   1.2880000e+01  -7.778126313871165
   1.2885000e+01  -8.161382343871164
   1.2890000e+01  -8.452499331371165
   1.2895000e+01  -8.653963166371165
   1.2900000e+01  -8.770091976371164
   1.2905000e+01  -8.808116730796165
   1.2910000e+01   -8.778750875221165
   1.2915000e+01   -8.696334000221166
   1.2920000e+01   -8.578494220221165
   1.2925000e+01   -8.443971542721165
   1.2930000e+01   -8.308724102721165
   1.2935000e+01   -8.182559485221164
   1.2940000e+01   -8.068248895221164
   1.2945000e+01   -7.963611515221164
   1.2950000e+01   -7.865621007721164
   1.2955000e+01   -7.773972612721164
   1.2960000e+01   -7.691242930221164
   1.2965000e+01   -7.619295265221164
   1.2970000e+01   -7.556154187721164
   1.2975000e+01   -7.497933370221165
   1.2980000e+01   -7.443155767721165
   1.2985000e+01   -7.393908893971165
   1.2990000e+01   -7.3549491587211655
   1.2995000e+01   -7.333226239221165
   1.3000000e+01  -7.335385766971165
   1.3005000e+01  -7.363666905971165
   1.3010000e+01  -7.415680019221165
   1.3015000e+01  -7.489467049221165
   1.3020000e+01  -7.5883211567211655
   1.3025000e+01  -7.719845734221165
   1.3030000e+01  -7.891089266721165
   1.3035000e+01  -8.106381639221166
   1.3040000e+01  -8.369631564221166
   1.3045000e+01  -8.686386424221165
   1.3050000e+01  -9.061615391721165
   1.3055000e+01  -9.495297134221165
   1.3060000e+01  -9.981538179221165
   1.3065000e+01  -10.512868779221165
   1.3070000e+01  -11.085474154221165
   1.3075000e+01  -11.700583504221164
   1.3080000e+01  -12.360338304221164
   1.3085000e+01  -13.059969629221165
   1.3090000e+01  -13.781774679221165
   1.3095000e+01  -14.496713154221165
   1.3100000e+01  -15.173017129221165
   1.3105000e+01  -15.785136804221166
   1.3110000e+01  -16.317489401721165
   1.3115000e+01  -16.762152654221165
   1.3120000e+01  -17.113248191721166
   1.3125000e+01  -17.361753634221166
   1.3130000e+01  -17.494552014221167
   1.3135000e+01   -17.50056587672117
   1.3140000e+01   -17.37906736672117
   1.3145000e+01   -17.13947943172117
   1.3150000e+01   -16.79288648422117
   1.3155000e+01   -16.34671464672117
   1.3160000e+01   -15.806859899221172
   1.3165000e+01   -15.181044599221172
   1.3170000e+01   -14.478263874221172
   1.3175000e+01   -13.705580024221172
   1.3180000e+01   -12.866116424221172
   1.3185000e+01   -11.959494999221173
   1.3190000e+01   -10.983863874221173
   1.3195000e+01   -9.939272624221173
   1.3200000e+01   -8.830019949221173
   1.3205000e+01   -7.661619699221173
   1.3210000e+01   -6.434405899221173
   1.3215000e+01   -5.141879974221173
   1.3220000e+01   -3.7766786492211732
   1.3225000e+01   -2.338396024221173
   1.3230000e+01   -0.836265449221173
   1.3235000e+01   0.7146861507788269
   1.3240000e+01   2.300057725778827
   1.3245000e+01   3.910436975778827
   1.3250000e+01   5.541872000778827
   1.3255000e+01   7.193708175778827
   1.3260000e+01   8.865506875778827
   1.3265000e+01   10.553850700778828
   1.3270000e+01   12.250771975778827
   1.3275000e+01   13.945070225778826
   1.3280000e+01   15.623753225778826
   1.3285000e+01   17.270700625778826
   1.3290000e+01   18.863956025778826
   1.3295000e+01   20.373432075778826
   1.3300000e+01   21.760320300778826
   1.3305000e+01   22.981834300778825
   1.3310000e+01   24.001649825778824
   1.3315000e+01   24.798139075778824
   1.3320000e+01   25.362415748278824
   1.3325000e+01   25.688626978278823
   1.3330000e+01  25.767426276278822
   1.3335000e+01  25.590600089278823
   1.3340000e+01  25.163810386778824
   1.3345000e+01  24.515167811778824
   1.3350000e+01  23.689446136778823
   1.3355000e+01  22.731944386778824
   1.3360000e+01  21.675419986778824
   1.3365000e+01  20.537662211778823
   1.3370000e+01  19.327047661778824
   1.3375000e+01  18.049051561778825
   1.3380000e+01  16.709586236778826
   1.3385000e+01  15.315912311778826
   1.3390000e+01  13.876490711778827
   1.3395000e+01  12.399917011778827
   1.3400000e+01  10.893556586778827
   1.3405000e+01  9.362769561778826
   1.3410000e+01  7.810702661778826
   1.3415000e+01  6.238445611778826
   1.3420000e+01  4.645504136778826
   1.3425000e+01  3.0300881867788263
   1.3430000e+01  1.3900004117788263
   1.3435000e+01  -0.2736422382211736
   1.3440000e+01  -1.9511088882211738
   1.3445000e+01  -3.6224303632211736
   1.3450000e+01  -5.2616751382211735
   1.3455000e+01  -6.843823388221174
   1.3460000e+01  -8.349776638221174
   1.3465000e+01  -9.767221238221174
   1.3470000e+01  -11.088471763221174
   1.3475000e+01  -12.308493713221173
   1.3480000e+01  -13.423180113221173
   1.3485000e+01  -14.425229788221174
   1.3490000e+01  -15.302199088221174
   1.3495000e+01  -16.044470513221174
   1.3500000e+01  -16.655489313221175
   1.3505000e+01  -17.150409618221175
   1.3510000e+01  -17.547320660721176
   1.3515000e+01  -17.862996423221176
   1.3520000e+01  -18.113024330721178
   1.3525000e+01  -18.31106688572118
   1.3530000e+01  -18.46750777322118
   1.3535000e+01  -18.590566823221177
   1.3540000e+01  -18.690242418221178
   1.3545000e+01  -18.78131796572118
   1.3550000e+01  -18.88151245822118
   1.3555000e+01  -19.00545567572118
   1.3560000e+01  -19.15967971322118
   1.3565000e+01  -19.34275703322118
   1.3570000e+01  -19.54928735822118
   1.3575000e+01  -19.77419753322118
   1.3580000e+01  -20.01543622822118
   1.3585000e+01  -20.27398535572118
   1.3590000e+01  -20.55107256072118
   1.3595000e+01  -20.84471475322118
   1.3600000e+01  -21.14867824822118
   1.3605000e+01  -21.45441798822118
   1.3610000e+01  -21.75244882572118
   1.3615000e+01  -22.031359875721183
   1.3620000e+01  -22.278511478221183
   1.3625000e+01  -22.484029563221185
   1.3630000e+01  -22.643479195721184
   1.3635000e+01  -22.756879025721183
   1.3640000e+01  -22.82633014722118
   1.3645000e+01  -22.85404953047118
   1.3650000e+01   -22.84200804772118
   1.3655000e+01   -22.79375581572118
   1.3660000e+01   -22.71488917072118
   1.3665000e+01   -22.609721428221178
   1.3670000e+01   -22.47973602822118
   1.3675000e+01   -22.32681705822118
   1.3680000e+01   -22.15451279822118
   1.3685000e+01   -21.965145783221182
   1.3690000e+01   -21.75899719322118
   1.3695000e+01   -21.53661078572118
   1.3700000e+01   -21.29979376822118
   1.3705000e+01   -21.05047912572118
   1.3710000e+01   -20.78942253072118
   1.3715000e+01   -20.515767530721178
   1.3720000e+01   -20.22790316822118
   1.3725000e+01   -19.925155088221178
   1.3730000e+01   -19.608574253221178
   1.3735000e+01   -19.28008299322118
   1.3740000e+01   -18.941214133221177
   1.3745000e+01   -18.59260738322118
   1.3750000e+01   -18.234366680721177
   1.3755000e+01   -17.867013665721178
   1.3760000e+01   -17.492456480721177
   1.3765000e+01   -17.114183345721177
   1.3770000e+01   -16.736637498221178
   1.3775000e+01   -16.364703750721176
   1.3780000e+01   -16.004031413221178
   1.3785000e+01   -15.660997380721177
   1.3790000e+01   -15.340616713221177
   1.3795000e+01   -15.044505715721177
   1.3800000e+01   -14.772941000721177
   1.3805000e+01   -14.530237645721177
   1.3810000e+01   -14.326672545721177
   1.3815000e+01   -14.172263575721177
   1.3820000e+01   -14.069355953221176
   1.3825000e+01   -14.014002142721177
   1.3830000e+01  -14.002397889221177
   1.3835000e+01  -14.033105263721177
   1.3840000e+01  -14.105717323721178
   1.3845000e+01  -14.219977496221178
   1.3850000e+01  -14.374833173721179
   1.3855000e+01  -14.567164643721178
   1.3860000e+01  -14.791970948721177
   1.3865000e+01  -15.044060716221177
   1.3870000e+01  -15.318991361221176
   1.3875000e+01  -15.612201933721176
   1.3880000e+01  -15.918594851221176
   1.3885000e+01  -16.234026006221175
   1.3890000e+01  -16.555894851221176
   1.3895000e+01  -16.880834966221176
   1.3900000e+01  -17.202366126221175
   1.3905000e+01  -17.511700776221176
   1.3910000e+01  -17.800737113721176
   1.3915000e+01  -18.063541023721175
   1.3920000e+01  -18.294399891221175
   1.3925000e+01  -18.484892943721174
   1.3930000e+01  -18.624124526221173
   1.3935000e+01  -18.702375733221174
   1.3940000e+01   -18.713644253971175
   1.3945000e+01   -18.655234642721176
   1.3950000e+01   -18.527360805221175
   1.3955000e+01   -18.331695942721176
   1.3960000e+01   -18.066925175221176
   1.3965000e+01   -17.728308612721175
   1.3970000e+01   -17.314766542721177
   1.3975000e+01   -16.833691745221177
   1.3980000e+01   -16.297774620221176
   1.3985000e+01   -15.719533245221177
   1.3990000e+01   -15.107551720221178
   1.3995000e+01   -14.465181645221177
   1.4000000e+01   -13.793781320221177
   1.4005000e+01   -13.098127370221176
   1.4010000e+01   -12.387315520221176
   1.4015000e+01   -11.670194795221175
   1.4020000e+01   -10.950935820221174
   1.4025000e+01   -10.228833545221175
   1.4030000e+01   -9.501701745221174
   1.4035000e+01   -8.769613345221174
   1.4040000e+01   -8.036040920221174
   1.4045000e+01   -7.306306620221173
   1.4050000e+01   -6.586131845221173
   1.4055000e+01   -5.882280570221173
   1.4060000e+01   -5.203785995221173
   1.4065000e+01   -4.5609203202211726
   1.4070000e+01   -3.9615605202211723
   1.4075000e+01   -3.4079835952211726
   1.4080000e+01   -2.8980252227211727
   1.4085000e+01   -2.4304784177211727
   1.4090000e+01   -2.008381702721173
   1.4095000e+01   -1.6360354852211727
   1.4100000e+01   -1.3147606952211728
   1.4105000e+01   -1.0423642552211727
   1.4110000e+01   -0.8141426127211727
   1.4115000e+01   -0.6235953402211727
   1.4120000e+01   -0.46423392772117267
   1.4125000e+01   -0.3318106402211727
   1.4130000e+01   -0.22502370022117268
   1.4135000e+01   -0.14464204022117266
   1.4140000e+01   -0.09120800797117268
   1.4145000e+01   -0.06178083422117268
   1.4150000e+01   -0.048425747471172675
   1.4155000e+01   -0.04065438472117267
   1.4160000e+01   -0.030005844721172674
   1.4165000e+01   -0.012248099721172672
   1.4170000e+01   0.014332992778827328
   1.4175000e+01   0.05049148777882734
   1.4180000e+01   0.09538041202882733
   1.4185000e+01   0.14742550127882734
   1.4190000e+01   0.20686918377882735
   1.4195000e+01   0.27543380127882733
   1.4200000e+01   0.3536643262788273
   1.4205000e+01   0.4403758812788273
   1.4210000e+01   0.5344842762788273
   1.4215000e+01   0.6361667562788274
   1.4220000e+01   0.7462349937788274
   1.4225000e+01   0.8657222412788275
   1.4230000e+01   0.9969905787788275
   1.4235000e+01   1.1443482137788274
   1.4240000e+01   1.3120870237788276
   1.4245000e+01   1.5013722062788277
   1.4250000e+01   1.7096517437788277
   1.4255000e+01   1.9337112112788277
   1.4260000e+01   2.1729029062788277
   1.4265000e+01   2.4289720062788276
   1.4270000e+01   2.7033690362788274
   1.4275000e+01   2.9959158062788274
   1.4280000e+01   3.3060727862788273
   1.4285000e+01   3.6336916637788272
   1.4290000e+01   3.977922428778827
   1.4295000e+01   4.336993928778827
   1.4300000e+01   4.709375418778827
   1.4305000e+01   5.093897981278827
   1.4310000e+01   5.4886919187788274
   1.4315000e+01   5.890829633778828
   1.4320000e+01   6.297093638778827
   1.4325000e+01   6.704445078778828
   1.4330000e+01   7.109618533778828
   1.4335000e+01   7.509347281278828
   1.4340000e+01   7.9014039737788275
   1.4345000e+01   8.284333618778827
   1.4350000e+01   8.656004123778828
   1.4355000e+01   9.01321625627883
   1.4360000e+01   9.352041363778829
   1.4365000e+01   9.667376043778829
   1.4370000e+01   9.95248133377883
   1.4375000e+01   10.199513731278829
   1.4380000e+01   10.401050636278828
   1.4385000e+01   10.552801526278829
   1.4390000e+01   10.65538825127883
   1.4395000e+01   10.71172961002883
   1.4400000e+01  10.722986639028829
   1.4405000e+01  10.68905485427883
   1.4410000e+01  10.61121380677883
   1.4415000e+01  10.49180703177883
   1.4420000e+01  10.33340047177883
   1.4425000e+01  10.14018079677883
   1.4430000e+01  9.91879721177883
   1.4435000e+01  9.67744925677883
   1.4440000e+01  9.42504518677883
   1.4445000e+01  9.17035071927883
   1.4450000e+01  8.920573816778829
   1.4455000e+01  8.680506234278829
   1.4460000e+01  8.452747389278828
   1.4465000e+01  8.23832910177883
   1.4470000e+01  8.03743994177883
   1.4475000e+01  7.85057006927883
   1.4480000e+01  7.67989440677883
   1.4485000e+01  7.52960421177883
   1.4490000e+01  7.40448900677883
   1.4495000e+01  7.3082180317788294
   1.4500000e+01  7.24253994927883
   1.4505000e+01  7.2068545610288295
   1.4510000e+01   7.1986962427038295
   1.4515000e+01   7.216140916628829
   1.4520000e+01   7.259956065628829
   1.4525000e+01   7.3329678606288295
   1.4530000e+01   7.437844545628829
   1.4535000e+01   7.575493890628829
   1.4540000e+01   7.744558680628829
   1.4545000e+01   7.941968438128829
   1.4550000e+01   8.164071520628829
   1.4555000e+01   8.407083658128828
   1.4560000e+01   8.666856080628827
   1.4565000e+01   8.939320695628828
   1.4570000e+01   9.221383768128828
   1.4575000e+01   9.511108105628827
   1.4580000e+01   9.807652740628827
   1.4585000e+01   10.111296715628827
   1.4590000e+01   10.422401013128827
   1.4595000e+01   10.739317463128828
   1.4600000e+01   11.056921113128828
   1.4605000e+01   11.366792625628829
   1.4610000e+01   11.65939982312883
   1.4615000e+01   11.92810297812883
   1.4620000e+01   12.17219176812883
   1.4625000e+01   12.39525088812883
   1.4630000e+01   12.59937703562883
   1.4635000e+01   12.78073289062883
   1.4640000e+01   12.93110275812883
   1.4645000e+01   13.04288107812883
   1.4650000e+01   13.11167149562883
   1.4655000e+01   13.13627528877883
   1.4660000e+01  13.11829448817883
   1.4665000e+01  13.06026040692883
   1.4670000e+01  12.96262005442883
   1.4675000e+01  12.82304950442883
   1.4680000e+01  12.63862324942883
   1.4685000e+01  12.40819251442883
   1.4690000e+01  12.13354237942883
   1.4695000e+01  11.81888916442883
   1.4700000e+01  11.46860068692883
   1.4705000e+01  11.08516868942883
   1.4710000e+01  10.66977767692883
   1.4715000e+01  10.22464989692883
   1.4720000e+01  9.75449160192883
   1.4725000e+01  9.26597676942883
   1.4730000e+01  8.76673728942883
   1.4735000e+01  8.26510743942883
   1.4740000e+01  7.76954863192883
   1.4745000e+01  7.28715052442883
   1.4750000e+01  6.82293176442883
   1.4755000e+01  6.38122865442883
   1.4760000e+01  5.967570109428831
   1.4765000e+01  5.588040796928831
   1.4770000e+01  5.2461834294288305
   1.4775000e+01  4.941492206928831
   1.4780000e+01  4.672477599428831
   1.4785000e+01  4.441485679428831
   1.4790000e+01  4.25484398692883
   1.4795000e+01  4.11759926692883
   1.4800000e+01  4.02982332442883
   1.4805000e+01  3.98764079117883
   1.4810000e+01   3.98508923992883
   1.4815000e+01   4.01522311342883
   1.4820000e+01   4.0718509199288295
   1.4825000e+01   4.15078996242883
   1.4830000e+01   4.24908345742883
   1.4835000e+01   4.36295664492883
   1.4840000e+01   4.48543317492883
   1.4845000e+01   4.60515742492883
   1.4850000e+01   4.70928130242883
   1.4855000e+01   4.789131644928831
   1.4860000e+01   4.842829843428831
   1.4865000e+01   4.872621558928831
   1.4870000e+01  4.879840867828831
   1.4875000e+01  4.860446569978831
   1.4880000e+01  4.803680097728831
   1.4885000e+01  4.696417227728832
   1.4890000e+01  4.531429300228831
   1.4895000e+01  4.312920785228831
   1.4900000e+01  4.054431740228831
   1.4905000e+01  3.770543945228831
   1.4910000e+01  3.468722900228831
   1.4915000e+01  3.147871595228831
   1.4920000e+01  2.804099802728831
   1.4925000e+01  2.436283645228831
   1.4930000e+01  2.046175905228831
   1.4935000e+01  1.637101505228831
   1.4940000e+01  1.214944442728831
   1.4945000e+01  0.7883409802288309
   1.4950000e+01  0.3656316102288309
   1.4955000e+01  -0.04882784477116914
   1.4960000e+01  -0.4555434222711691
   1.4965000e+01  -0.8576722347711692
   1.4970000e+01  -1.2579714172711691
   1.4975000e+01  -1.6565507097711691
   1.4980000e+01  -2.049879172271169
   1.4985000e+01  -2.431480394771169
   1.4990000e+01  -2.794068589771169
   1.4995000e+01  -3.131598624771169
   1.5000000e+01  -3.439690779771169
   1.5005000e+01  -3.714721369771169
   1.5010000e+01  -3.9535569797711694
   1.5015000e+01  -4.15409466727117
   1.5020000e+01  -4.31437651477117
   1.5025000e+01  -4.43071201977117
   1.5030000e+01  -4.49798820352117
   1.5035000e+01   -4.51220893427117
   1.5040000e+01   -4.47262739627117
   1.5045000e+01   -4.38259786877117
   1.5050000e+01   -4.24880493127117
   1.5055000e+01   -4.07828089127117
   1.5060000e+01   -3.87561955627117
   1.5065000e+01   -3.64324830877117
   1.5070000e+01   -3.38315573877117
   1.5075000e+01   -3.09750198877117
   1.5080000e+01   -2.78856155627117
   1.5085000e+01   -2.45877354877117
   1.5090000e+01   -2.1106800787711704
   1.5095000e+01   -1.7472482687711703
   1.5100000e+01   -1.3725456712711703
   1.5105000e+01   -0.9912925337711702
   1.5110000e+01   -0.6074180412711702
   1.5115000e+01   -0.22349049877117022
   1.5120000e+01   0.15877176622882977
   1.5125000e+01   0.5378024537288297
   1.5130000e+01   0.9112699187288298
   1.5135000e+01   1.2754238112288299
   1.5140000e+01   1.6257415437288298
   1.5145000e+01   1.9578672487288298
   1.5150000e+01   2.2670621412288297
   1.5155000e+01   2.5468273462288296
   1.5160000e+01   2.7889128562288295
   1.5165000e+01   2.9855871812288295
   1.5170000e+01   3.1324010687288295
   1.5175000e+01   3.2287672787288297
   1.5180000e+01   3.2759877587288297
   1.5185000e+01  3.2751843859788297
   1.5190000e+01  3.2273905857288296
   1.5195000e+01  3.13477787822883
   1.5200000e+01  3.00057767322883
   1.5205000e+01  2.82811165822883
   1.5210000e+01  2.62103130822883
   1.5215000e+01  2.38452216572883
   1.5220000e+01  2.1248778657288296
   1.5225000e+01  1.8465793032288296
   1.5230000e+01  1.5502632882288294
   1.5235000e+01  1.2345219007288293
   1.5240000e+01  0.8992966107288293
   1.5245000e+01  0.5473563407288293
   1.5250000e+01  0.18344889572882933
   1.5255000e+01  -0.18756541427117074
   1.5260000e+01  -0.5623812917711708
   1.5265000e+01  -0.9397598892711707
   1.5270000e+01  -1.3194398367711708
   1.5275000e+01  -1.700064934271171
   1.5280000e+01  -2.077823011771171
   1.5285000e+01  -2.447266821771171
   1.5290000e+01  -2.8038302217711712
   1.5295000e+01  -3.1453463942711712
   1.5300000e+01  -3.4706583867711713
   1.5305000e+01  -3.7777428642711715
   1.5310000e+01  -4.064357896771171
   1.5315000e+01  -4.328962156771171
   1.5320000e+01  -4.569792279271171
   1.5325000e+01  -4.785335511771171
   1.5330000e+01  -4.976935311771171
   1.5335000e+01  -5.149183561771171
   1.5340000e+01  -5.307421256771171
   1.5345000e+01  -5.455910116771171
   1.5350000e+01  -5.597743901771171
   1.5355000e+01  -5.734720521771171
   1.5360000e+01  -5.866553559271171
   1.5365000e+01  -5.991284386771171
   1.5370000e+01  -6.107650289271171
   1.5375000e+01  -6.216481754271171
   1.5380000e+01  -6.319309494271171
   1.5385000e+01  -6.416630929271171
   1.5390000e+01  -6.50787262177117
   1.5395000e+01  -6.59177711677117
   1.5400000e+01  -6.66561303427117
   1.5405000e+01  -6.72461290427117
   1.5410000e+01  -6.76419930152117
   1.5415000e+01  -6.78333556452117
   1.5420000e+01   -6.78480792902117
   1.5425000e+01   -6.77236529452117
   1.5430000e+01   -6.74773886377117
   1.5435000e+01   -6.70942219627117
   1.5440000e+01   -6.65429118877117
   1.5445000e+01   -6.58124106877117
   1.5450000e+01   -6.49272600377117
   1.5455000e+01   -6.39231969627117
   1.5460000e+01   -6.28184151127117
   1.5465000e+01   -6.161031413771171
   1.5470000e+01   -6.0287698937711705
   1.5475000e+01   -5.884118206271171
   1.5480000e+01   -5.72673266127117
   1.5485000e+01   -5.55672070877117
   1.5490000e+01   -5.37398903377117
   1.5495000e+01   -5.1775103212711695
   1.5500000e+01   -4.96551458127117
   1.5505000e+01   -4.737219663771169
   1.5510000e+01   -4.4949963562711694
   1.5515000e+01   -4.244365366271169
   1.5520000e+01   -3.9909179337711693
   1.5525000e+01   -3.7372853412711695
   1.5530000e+01   -3.4836913787711694
   1.5535000e+01   -3.2312192537711693
   1.5540000e+01   -2.9835925887711694
   1.5545000e+01   -2.7457321562711696
   1.5550000e+01   -2.5222995737711695
   1.5555000e+01   -2.3183281012711694
   1.5560000e+01   -2.1391641587711696
   1.5565000e+01   -1.9882088512711695
   1.5570000e+01   -1.8651977937711695
   1.5575000e+01   -1.7670867837711695
   1.5580000e+01   -1.6904614862711695
   1.5585000e+01   -1.6334630312711695
   1.5590000e+01   -1.5964693205211695
   1.5595000e+01   -1.5816592655461694
   1.5600000e+01  -1.5913194168211695
   1.5605000e+01  -1.6253884643211696
   1.5610000e+01  -1.6801839238211695
   1.5615000e+01  -1.7499015163211695
   1.5620000e+01  -1.8299102213211695
   1.5625000e+01  -1.9188317488211695
   1.5630000e+01  -2.0178488188211694
   1.5635000e+01  -2.1288309563211696
   1.5640000e+01  -2.2532860288211696
   1.5645000e+01  -2.3922339913211697
   1.5650000e+01  -2.54606306882117
   1.5655000e+01  -2.71401561132117
   1.5660000e+01  -2.8938844738211698
   1.5665000e+01  -3.08254671882117
   1.5670000e+01  -3.27690522632117
   1.5675000e+01  -3.47395763632117
   1.5680000e+01  -3.67007396382117
   1.5685000e+01  -3.86136447382117
   1.5690000e+01  -4.04551282132117
   1.5695000e+01  -4.222621111321169
   1.5700000e+01  -4.3932099138211695
   1.5705000e+01  -4.5558438088211695
   1.5710000e+01  -4.70843841632117
   1.5715000e+01  -4.8516890138211695
   1.5720000e+01  -4.989457093821169
   1.5725000e+01  -5.12591314132117
   1.5730000e+01  -5.26324033632117
   1.5735000e+01  -5.40167398382117
   1.5740000e+01  -5.54127622132117
   1.5745000e+01  -5.68376796132117
   1.5750000e+01  -5.83215486382117
   1.5755000e+01  -5.98795511132117
   1.5760000e+01  -6.148710951321171
   1.5765000e+01  -6.307835176321171
   1.5770000e+01  -6.456595156321171
   1.5775000e+01  -6.5870572938211716
   1.5780000e+01  -6.6940674988211715
   1.5785000e+01  -6.774768883821172
   1.5790000e+01  -6.826902375571172
   1.5795000e+01  -6.848534372071172
   1.5800000e+01   -6.839552101571172
   1.5805000e+01   -6.802306943821172
   1.5810000e+01   -6.739300336321172
   1.5815000e+01   -6.649881178821172
   1.5820000e+01   -6.529984691321172
   1.5825000e+01   -6.3757085863211715
   1.5830000e+01   -6.187258643821171
   1.5835000e+01   -5.9696077963211716
   1.5840000e+01   -5.729970693821172
   1.5845000e+01   -5.474456141321172
   1.5850000e+01   -5.205117338821172
   1.5855000e+01   -4.919157623821172
   1.5860000e+01   -4.612363713821172
   1.5865000e+01   -4.283664081321172
   1.5870000e+01   -3.9354656488211717
   1.5875000e+01   -3.5706163313211716
   1.5880000e+01   -3.1904308413211715
   1.5885000e+01   -2.7948532188211717
   1.5890000e+01   -2.3832933313211715
   1.5895000e+01   -1.9553711838211716
   1.5900000e+01   -1.5116868288211716
   1.5905000e+01   -1.0544768063211716
   1.5910000e+01   -0.5875642063211716
   1.5915000e+01   -0.11557170382117149
   1.5920000e+01   0.3571663386788285
   1.5925000e+01   0.8277582386788285
   1.5930000e+01   1.2946588811788284
   1.5935000e+01   1.7548749936788284
   1.5940000e+01   2.2012239536788285
   1.5945000e+01   2.6239471436788286
   1.5950000e+01   3.0149294986788284
   1.5955000e+01   3.3693621136788283
   1.5960000e+01   3.684054288678828
   1.5965000e+01   3.955325383678828
   1.5970000e+01   4.178823126178828
   1.5975000e+01   4.351563563678828
   1.5980000e+01   4.473984038678828
   1.5985000e+01   4.549402858678828
   1.5990000e+01   4.582203414678828
   1.5995000e+01  4.577745761428828
   1.6000000e+01  4.542564288428828
   1.6005000e+01  4.482499399678828
   1.6010000e+01  4.401291294678828
   1.6015000e+01  4.301886124678828
   1.6020000e+01  4.188204562178828
   1.6025000e+01  4.065509227178827
   1.6030000e+01  3.939613472178827
   1.6035000e+01  3.814790199678827
   1.6040000e+01  3.691710659678827
   1.6045000e+01  3.5682438896788273
   1.6050000e+01  3.4424638621788275
   1.6055000e+01  3.3145076996788276
   1.6060000e+01  3.1864321221788274
   1.6065000e+01  3.0611132871788276
   1.6070000e+01  2.9406890821788276
   1.6075000e+01  2.8256656921788275
   1.6080000e+01  2.7160220921788274
   1.6085000e+01  2.6134163996788273
   1.6090000e+01  2.521894052178827
   1.6095000e+01  2.445846759678827
   1.6100000e+01  2.387261909928827
   1.6105000e+01  2.345581088178827
   1.6110000e+01  2.320602973178827
   1.6115000e+01   2.314562286628827
   1.6120000e+01   2.3297955713288268
   1.6125000e+01   2.365226578328827
   1.6130000e+01   2.417534294578827
   1.6135000e+01   2.485385767078827
   1.6140000e+01   2.5703015945788272
   1.6145000e+01   2.672743519578827
   1.6150000e+01   2.788473497078827
   1.6155000e+01   2.9098204545788273
   1.6160000e+01   3.0301473920788276
   1.6165000e+01   3.1466208195788274
   1.6170000e+01   3.2596006120788275
   1.6175000e+01   3.3700604095788274
   1.6180000e+01   3.4771102145788273
   1.6185000e+01   3.5776985570788273
   1.6190000e+01   3.6682316245788273
   1.6195000e+01   3.7451761270788273
   1.6200000e+01   3.8043263538288272
   1.6205000e+01   3.841724571578827
   1.6210000e+01   3.856214030828827
   1.6215000e+01  3.8501518985788272
   1.6220000e+01  3.8271589653288274
   1.6225000e+01  3.7897399595788275
   1.6230000e+01  3.7393213965788274
   1.6235000e+01  3.6773277540788274
   1.6240000e+01  3.6051442315788274
   1.6245000e+01  3.5241385915788275
   1.6250000e+01  3.4367084240788275
   1.6255000e+01  3.3466478540788276
   1.6260000e+01  3.2587415740788277
   1.6265000e+01  3.178902219078828
   1.6270000e+01  3.113785201578828
   1.6275000e+01  3.069258121578828
   1.6280000e+01  3.049619584078828
   1.6285000e+01   3.057823846078828
   1.6290000e+01   3.095167058078828
   1.6295000e+01   3.160918240578828
   1.6300000e+01   3.253205903078828
   1.6305000e+01   3.370309463078828
   1.6310000e+01   3.510653010578828
   1.6315000e+01   3.671822235578828
   1.6320000e+01   3.850568843078828
   1.6325000e+01   4.043450690578828
   1.6330000e+01   4.245642350578828
   1.6335000e+01   4.4494666105788285
   1.6340000e+01   4.6467335130788285
   1.6345000e+01   4.833288760578829
   1.6350000e+01   5.010193625578829
   1.6355000e+01   5.180295968078829
   1.6360000e+01   5.344460463078828
   1.6365000e+01   5.501308485578829
   1.6370000e+01   5.649391833078829
   1.6375000e+01   5.788652123078829
   1.6380000e+01   5.920537380578828
   1.6385000e+01   6.0475563955788285
   1.6390000e+01   6.172172363078828
   1.6395000e+01   6.2950110255788285
   1.6400000e+01   6.4138605080788285
   1.6405000e+01   6.525396828078828
   1.6410000e+01   6.628558143078829
   1.6415000e+01   6.725640290578829
   1.6420000e+01   6.819923788078829
   1.6425000e+01   6.912887420578829
   1.6430000e+01   7.003822343078829
   1.6435000e+01   7.091454685578829
   1.6440000e+01   7.175121975578829
   1.6445000e+01   7.254703385578829
   1.6450000e+01   7.330744800578829
   1.6455000e+01   7.404195420578829
   1.6460000e+01   7.474237163078829
   1.6465000e+01   7.537087225578829
   1.6470000e+01   7.588874558578829
   1.6475000e+01   7.629452654828829
   1.6480000e+01   7.6627007195788295
   1.6485000e+01   7.6935867978288295
   1.6490000e+01   7.724750983078829
   1.6495000e+01   7.754768797328829
   1.6500000e+01   7.779311965328829
   1.6505000e+01   7.794427762578829
   1.6510000e+01  7.798904428153829
   1.6515000e+01  7.793578486478829
   1.6520000e+01  7.7787409662288285
   1.6525000e+01  7.752665763228828
   1.6530000e+01  7.712836676228828
   1.6535000e+01  7.658103219228828
   1.6540000e+01  7.589182549228828
   1.6545000e+01  7.5075462617288276
   1.6550000e+01  7.414309776728827
   1.6555000e+01  7.309737031728828
   1.6560000e+01  7.192815141728827
   1.6565000e+01  7.061017054228827
   1.6570000e+01  6.911797636728827
   1.6575000e+01  6.745321761728827
   1.6580000e+01  6.5645289092288275
   1.6585000e+01  6.371922299228827
   1.6590000e+01  6.167737649228827
   1.6595000e+01  5.951317719228827
   1.6600000e+01  5.722844356728827
   1.6605000e+01  5.484085769228827
   1.6610000e+01  5.238686066728826
   1.6615000e+01  4.991374881728826
   1.6620000e+01  4.7460301342288265
   1.6625000e+01  4.504466699228827
   1.6630000e+01  4.267310279228827
   1.6635000e+01  4.036103374228827
   1.6640000e+01  3.814557861728827
   1.6645000e+01  3.607517009228827
   1.6650000e+01  3.418061709228827
   1.6655000e+01  3.245233559228827
   1.6660000e+01  3.0849790367288272
   1.6665000e+01  2.933859514228827
   1.6670000e+01  2.791906126728827
   1.6675000e+01  2.661436866728827
   1.6680000e+01  2.543179801728827
   1.6685000e+01  2.434798421728827
   1.6690000e+01  2.333554634228827
   1.6695000e+01  2.239179314228827
   1.6700000e+01  2.153669184228827
   1.6705000e+01  2.079047619228827
   1.6710000e+01  2.015991354228827
   1.6715000e+01  1.9641863839788267
   1.6720000e+01  1.9225193299788268
   1.6725000e+01  1.8886029332288268
   1.6730000e+01  1.8596263004788267
   1.6735000e+01  1.8343426059788268
   1.6740000e+01  1.8138502194788269
   1.6745000e+01  1.801102214728827
   1.6750000e+01   1.799939022978827
   1.6755000e+01   1.812764595228827
   1.6760000e+01   1.838234543728827
   1.6765000e+01   1.872708578228827
   1.6770000e+01   1.914596323228827
   1.6775000e+01   1.966529866228827
   1.6780000e+01   2.033551911228827
   1.6785000e+01   2.1197859012288274
   1.6790000e+01   2.226115643728827
   1.6795000e+01   2.3496109812288273
   1.6800000e+01   2.484423658728827
   1.6805000e+01   2.6237829962288273
   1.6810000e+01   2.7622142312288274
   1.6815000e+01   2.8962302737288272
   1.6820000e+01   3.0231453662288272
   1.6825000e+01   3.140186278728827
   1.6830000e+01   3.245098893728827
   1.6835000e+01   3.336797976228827
   1.6840000e+01   3.4148318487288267
   1.6845000e+01   3.4782789537288266
   1.6850000e+01   3.5253892187288267
   1.6855000e+01   3.554457578728827
   1.6860000e+01   3.565104095003827
   1.6865000e+01  3.558544310278827
   1.6870000e+01  3.536358271028827
   1.6875000e+01  3.499258712528827
   1.6880000e+01  3.447410619778827
   1.6885000e+01  3.381432197278827
   1.6890000e+01  3.3026415797788267
   1.6895000e+01  3.212929592278827
   1.6900000e+01  3.114934599778827
   1.6905000e+01  3.0120308722788267
   1.6910000e+01  2.9076206997788265
   1.6915000e+01  2.8041307797788266
   1.6920000e+01  2.702470994778827
   1.6925000e+01  2.602145429778827
   1.6930000e+01  2.501677919778827
   1.6935000e+01  2.3995646947788267
   1.6940000e+01  2.2958686847788266
   1.6945000e+01  2.1927737372788267
   1.6950000e+01  2.092856314778827
   1.6955000e+01  1.997031877278827
   1.6960000e+01  1.9044144547788269
   1.6965000e+01  1.8135953597788268
   1.6970000e+01  1.7239527322788268
   1.6975000e+01  1.6363907047788269
   1.6980000e+01  1.5531238347788268
   1.6985000e+01  1.4764099722788269
   1.6990000e+01  1.4070469022788268
   1.6995000e+01  1.3441546847788268
   1.7000000e+01  1.2868330122788267
   1.7005000e+01  1.2355476462788266
   1.7010000e+01  1.1909828777788267
   1.7015000e+01  1.1521045047788268
   1.7020000e+01  1.1163515455288266
   1.7025000e+01  1.0813789935288267
   1.7030000e+01  1.0461465540288266
   1.7035000e+01  1.0107909167788267
   1.7040000e+01  0.9759614412788267
   1.7045000e+01  0.9422292492788267
   1.7050000e+01  0.9098103235288266
   1.7055000e+01  0.8785838180288266
   1.7060000e+01  0.8482646910288265
   1.7065000e+01  0.8185846105288265
   1.7070000e+01  0.7892358232788265
   1.7075000e+01  0.7591996840288264
   1.7080000e+01  0.7261498090288264
   1.7085000e+01  0.6879145085288264
   1.7090000e+01  0.6453052010288264
   1.7095000e+01  0.6021373752788264
   1.7100000e+01  0.5616508930288264
   1.7105000e+01  0.5237034715288265
   1.7110000e+01  0.48559491277882644
   1.7115000e+01  0.44491170077882647
   1.7120000e+01  0.40133170552882647
   1.7125000e+01  0.35604540952882646
   1.7130000e+01  0.30993645002882647
   1.7135000e+01  0.2626460287788265
   1.7140000e+01  0.21332473477882646
   1.7145000e+01  0.16157143227882648
   1.7150000e+01  0.10709108227882647
   1.7155000e+01  0.048992959778826464
   1.7160000e+01  -0.013964115221173537
   1.7165000e+01  -0.08265182772117353
   1.7170000e+01  -0.15728989272117355
   1.7175000e+01  -0.23764774272117356
   1.7180000e+01  -0.32336694022117357
   1.7185000e+01  -0.4140495652211736
   1.7190000e+01  -0.5089567052211736
   1.7195000e+01  -0.6070333827211737
   1.7200000e+01  -0.7080186777211737
   1.7205000e+01  -0.8131328877211736
   1.7210000e+01  -0.9234948652211736
   1.7215000e+01  -1.0381219852211736
   1.7220000e+01  -1.1545746027211736
   1.7225000e+01  -1.2716706327211735
   1.7230000e+01  -1.3906889452211735
   1.7235000e+01  -1.5129961527211735
   1.7240000e+01  -1.6368851577211736
   1.7245000e+01  -1.7579000577211736
   1.7250000e+01  -1.8722345502211737
   1.7255000e+01  -1.9791444052211737
   1.7260000e+01  -2.0800767077211737
   1.7265000e+01  -2.1758850852211737
   1.7270000e+01  -2.2651223552211737
   1.7275000e+01  -2.3449732352211736
   1.7280000e+01  -2.413877292721174
   1.7285000e+01  -2.473661615221174
   1.7290000e+01  -2.5293317352211737
   1.7295000e+01  -2.5861922502211736
   1.7300000e+01  -2.6463905052211736
   1.7305000e+01  -2.7080747627211736
   1.7310000e+01  -2.7682890777211737
   1.7315000e+01  -2.826979720221174
   1.7320000e+01  -2.887772882721174
   1.7325000e+01  -2.9546793752211737
   1.7330000e+01  -3.0286610852211737
   1.7335000e+01  -3.1072920602211735
   1.7340000e+01  -3.1869429327211733
   1.7345000e+01  -3.265385237721173
   1.7350000e+01  -3.3428912652211733
   1.7355000e+01  -3.420744432721173
   1.7360000e+01  -3.498757782721173
   1.7365000e+01  -3.575062647721173
   1.7370000e+01  -3.648197542721173
   1.7375000e+01  -3.718364450221173
   1.7380000e+01  -3.786742362721173
   1.7385000e+01  -3.8543753627211728
   1.7390000e+01  -3.9216506252211727
   1.7395000e+01  -3.988125717721173
   1.7400000e+01  -4.052452782721173
   1.7405000e+01  -4.112892550221173
   1.7410000e+01  -4.1687048077211735
   1.7415000e+01  -4.221391222721174
   1.7420000e+01  -4.274476890221174
   1.7425000e+01  -4.331906632721174
   1.7430000e+01  -4.3965867327211745
   1.7435000e+01  -4.470074810221175
   1.7440000e+01  -4.552421620221175
   1.7445000e+01  -4.641658367721175
   1.7450000e+01  -4.734635667721175
   1.7455000e+01  -4.829385537721175
   1.7460000e+01  -4.926431787721175
   1.7465000e+01  -5.028142045221175
   1.7470000e+01  -5.137356217721175
   1.7475000e+01  -5.255579767721175
   1.7480000e+01  -5.3814749177211745
   1.7485000e+01  -5.511792030221175
   1.7490000e+01  -5.6441989877211745
   1.7495000e+01  -5.778620552721175
   1.7500000e+01  -5.915899292721175
   1.7505000e+01  -6.055713267721175
   1.7510000e+01  -6.195692922721175
   1.7515000e+01  -6.332138215221176
   1.7520000e+01  -6.461604412721176
   1.7525000e+01  -6.582176875221176
   1.7530000e+01  -6.693375965221176
   1.7535000e+01  -6.794585572721177
   1.7540000e+01  -6.883829440221176
   1.7545000e+01  -6.9588305027211765
   1.7550000e+01  -7.018453732721176
   1.7555000e+01  -7.061843813471176
   1.7560000e+01  -7.087815675221177
   1.7565000e+01  -7.096976143096176
   1.7570000e+01   -7.092969784221176
   1.7575000e+01   -7.080066560971176
   1.7580000e+01   -7.060090283471176
   1.7585000e+01   -7.032143723221176
   1.7590000e+01   -6.9948989602211755
   1.7595000e+01   -6.948919684471176
   1.7600000e+01   -6.897051661471176
   1.7605000e+01   -6.842945601471176
   1.7610000e+01   -6.789242278971177
   1.7615000e+01   -6.736828208971176
   1.7620000e+01   -6.685315368971176
   1.7625000e+01   -6.634116638971176
   1.7630000e+01   -6.5834284089711765
   1.7635000e+01   -6.534109784721177
   1.7640000e+01   -6.4861078484711765
   1.7645000e+01   -6.437253393971177
   1.7650000e+01   -6.384338168971177
   1.7655000e+01   -6.325550788971177
   1.7660000e+01   -6.261791616471177
   1.7665000e+01   -6.195871716471177
   1.7670000e+01   -6.130912021471177
   1.7675000e+01   -6.0694218539711775
   1.7680000e+01   -6.012714141471178
   1.7685000e+01   -5.960251276471178
   1.7690000e+01   -5.910001115471178
   1.7695000e+01   -5.860184973971178
   1.7700000e+01   -5.810821963221178
   1.7705000e+01   -5.7634203212211785
   1.7710000e+01   -5.719336895721178
   1.7715000e+01   -5.678940490221178
   1.7720000e+01   -5.641894993471178
   1.7725000e+01   -5.606780723221178
   1.7730000e+01   -5.570125033971178
   1.7735000e+01   -5.526938220721178
   1.7740000e+01   -5.473082463971178
   1.7745000e+01   -5.407008378971177
   1.7750000e+01   -5.328686046471177
   1.7755000e+01   -5.237171841471177
   1.7760000e+01   -5.130006991471177
   1.7765000e+01   -5.004712916471177
   1.7770000e+01   -4.860415286471177
   1.7775000e+01   -4.698573053971177
   1.7780000e+01   -4.5218403614711775
   1.7785000e+01   -4.330869241471177
   1.7790000e+01   -4.122898691471177
   1.7795000e+01   -3.8950379789711773
   1.7800000e+01   -3.6479853864711775
   1.7805000e+01   -3.3854794914711777
   1.7810000e+01   -3.1113571864711775
   1.7815000e+01   -2.8280340414711773
   1.7820000e+01   -2.5368502339711774
   1.7825000e+01   -2.2385039639711772
   1.7830000e+01   -1.9332237564711772
   1.7835000e+01   -1.6220243739711773
   1.7840000e+01   -1.3079299964711772
   1.7845000e+01   -0.9946305864711773
   1.7850000e+01   -0.6846416914711773
   1.7855000e+01   -0.3799907664711773
   1.7860000e+01   -0.0827976864711773
   1.7865000e+01   0.20648992352882273
   1.7870000e+01   0.4899647760288227
   1.7875000e+01   0.7701808160288227
   1.7880000e+01   1.0475597360288227
   1.7885000e+01   1.3196202785288227
   1.7890000e+01   1.5822411235288227
   1.7895000e+01   1.8320031085288226
   1.7900000e+01   2.067511698528823
   1.7905000e+01   2.2884456885288227
   1.7910000e+01   2.4944622235288225
   1.7915000e+01   2.6854632685288227
   1.7920000e+01   2.860815081028823
   1.7925000e+01   3.017835541028823
   1.7930000e+01   3.153705336028823
   1.7935000e+01   3.268901223528823
   1.7940000e+01   3.366327138528823
   1.7945000e+01   3.4476446685288233
   1.7950000e+01   3.512249036028823
   1.7955000e+01   3.559213910778823
   1.7960000e+01   3.589023949778823
   1.7965000e+01   3.603450863028823
   1.7970000e+01  3.604391002028823
   1.7975000e+01  3.593506388528823
   1.7980000e+01  3.573436473778823
   1.7985000e+01  3.5485898507788227
   1.7990000e+01  3.523178466778823
   1.7995000e+01  3.498554842028823
   1.8000000e+01  3.473566852528823
   1.8005000e+01  3.447022796778823
   1.8010000e+01  3.419176535778823
   1.8015000e+01  3.391739224778823
   1.8020000e+01  3.367022459278823
   1.8025000e+01  3.346563428528823
   1.8030000e+01  3.330563761528823
   1.8035000e+01  3.3188951717788227
   1.8040000e+01  3.312131152678823
   1.8045000e+01   3.311324550028823
   1.8050000e+01   3.317188794978823
   1.8055000e+01   3.329430892478823
   1.8060000e+01   3.346448055978823
   1.8065000e+01   3.365717351978823
   1.8070000e+01   3.384463793728823
   1.8075000e+01   3.399749424228823
   1.8080000e+01   3.4088109847288233
   1.8085000e+01  3.4105752379288234
   1.8090000e+01  3.4063580678788234
   1.8095000e+01  3.3981100291288233
   1.8100000e+01  3.3863961548788235
   1.8105000e+01  3.3703223968788234
   1.8110000e+01  3.3485171516288235
   1.8115000e+01  3.3195480686288237
   1.8120000e+01  3.281830638378824
   1.8125000e+01  3.234212052128824
   1.8130000e+01  3.177279037128824
   1.8135000e+01  3.113771739628824
   1.8140000e+01  3.0471149071288237
   1.8145000e+01  2.9796434521288235
   1.8150000e+01  2.9133506121288235
   1.8155000e+01  2.8522567046288234
   1.8160000e+01  2.8017307108788234
   1.8165000e+01  2.7649066226288235
   1.8170000e+01  2.7413379768788233
   1.8175000e+01  2.7284725913788233
   1.8180000e+01  2.7230288302788233
   1.8185000e+01   2.722574297928823
   1.8190000e+01   2.7276064189288234
   1.8195000e+01   2.7414827269288233
   1.8200000e+01   2.7675774844288235
   1.8205000e+01   2.8066377656788233
   1.8210000e+01   2.8566245884288235
   1.8215000e+01   2.9144952284288235
   1.8220000e+01   2.9780247859288234
   1.8225000e+01   3.0464701834288235
   1.8230000e+01   3.1201000234288236
   1.8235000e+01   3.199039700928824
   1.8240000e+01   3.282077415928824
   1.8245000e+01   3.366279295928824
   1.8250000e+01   3.447772708428824
   1.8255000e+01   3.523195168428824
   1.8260000e+01   3.590811730928824
   1.8265000e+01   3.6506995884288242
   1.8270000e+01   3.7043351809288243
   1.8275000e+01   3.7536785326788245
   1.8280000e+01   3.7995130039288245
   1.8285000e+01   3.8406437379288247
   1.8290000e+01   3.875343471928825
   1.8295000e+01   3.902423068928825
   1.8300000e+01   3.9202762466788252
   1.8305000e+01   3.9271727810788253
   1.8310000e+01  3.9231264292288253
   1.8315000e+01  3.9091124039788254
   1.8320000e+01  3.8844670034788256
   1.8325000e+01  3.8470221212288256
   1.8330000e+01  3.7953446152288257
   1.8335000e+01  3.7296165352288257
   1.8340000e+01  3.650773140228826
   1.8345000e+01  3.5592500252288257
   1.8350000e+01  3.454488402728826
   1.8355000e+01  3.3363946227288257
   1.8360000e+01  3.207764987728826
   1.8365000e+01  3.074111990228826
   1.8370000e+01  2.9400451702288257
   1.8375000e+01  2.806024490228826
   1.8380000e+01  2.669105080228826
   1.8385000e+01  2.526658482728826
   1.8390000e+01  2.378616232728826
   1.8395000e+01  2.226493627728826
   1.8400000e+01  2.071895405228826
   1.8405000e+01  1.916032937728826
   1.8410000e+01  1.759308975228826
   1.8415000e+01  1.601315797728826
   1.8420000e+01  1.4419004327288258
   1.8425000e+01  1.281988700228826
   1.8430000e+01  1.1233408402288259
   1.8435000e+01  0.9680308277288259
   1.8440000e+01  0.8177945652288259
   1.8445000e+01  0.6731717902288259
   1.8450000e+01  0.5335947977288259
   1.8455000e+01  0.3985152302288259
   1.8460000e+01  0.2677456552288259
   1.8465000e+01  0.14070502772882587
   1.8470000e+01  0.01630907272882587
   1.8475000e+01  -0.10591047227117413
   1.8480000e+01  -0.22481391227117412
   1.8485000e+01  -0.3381158997711741
   1.8490000e+01  -0.4440703747711741
   1.8495000e+01  -0.5429049822711741
   1.8500000e+01  -0.6367984747711741
   1.8505000e+01  -0.7285157772711741
   1.8510000e+01  -0.8198538747711741
   1.8515000e+01  -0.9106600147711741
   1.8520000e+01  -0.9985025772711741
   1.8525000e+01  -1.0797444847711741
   1.8530000e+01  -1.1521447797711741
   1.8535000e+01  -1.2163067897711741
   1.8540000e+01  -1.273959067271174
   1.8545000e+01  -1.325249222521174
   1.8550000e+01  -1.368011039271174
   1.8555000e+01  -1.399125009021174
   1.8560000e+01  -1.416272730271174
   1.8565000e+01   -1.418827687421174
   1.8570000e+01   -1.407917534821174
   1.8575000e+01   -1.385829023071174
   1.8580000e+01   -1.3546592165711742
   1.8585000e+01   -1.3154702000711742
   1.8590000e+01   -1.2689445955711742
   1.8595000e+01   -1.2154309035711743
   1.8600000e+01   -1.1534587960711744
   1.8605000e+01   -1.0800785635711745
   1.8610000e+01   -0.9936472685711745
   1.8615000e+01   -0.8949471685711745
   1.8620000e+01   -0.7857551435711745
   1.8625000e+01   -0.6679268335711744
   1.8630000e+01   -0.5437558410711745
   1.8635000e+01   -0.41569540607117444
   1.8640000e+01   -0.28475464107117443
   1.8645000e+01   -0.14972833107117442
   1.8650000e+01   -0.009117721071174423
   1.8655000e+01   0.13645278642882558
   1.8660000e+01   0.2845237489288256
   1.8665000e+01   0.43315637892882564
   1.8670000e+01   0.5823308214288256
   1.8675000e+01   0.7330224339288256
   1.8680000e+01   0.8854726064288256
   1.8685000e+01   1.0387393339288256
   1.8690000e+01   1.1915663714288256
   1.8695000e+01   1.3434013939288256
   1.8700000e+01   1.4948813289288256
   1.8705000e+01   1.6471765839288257
   1.8710000e+01   1.8002867914288256
   1.8715000e+01   1.9523499314288255
   1.8720000e+01   2.1010870664288257
   1.8725000e+01   2.245098423928826
   1.8730000e+01   2.3832142589288257
   1.8735000e+01   2.5134713314288257
   1.8740000e+01   2.6336121489288256
   1.8745000e+01   2.7421431714288254
   1.8750000e+01   2.8373276439288255
   1.8755000e+01   2.9151555764288255
   1.8760000e+01   2.9707183711788256
   1.8765000e+01   3.0016811939288255
   1.8770000e+01  3.0080758699288257
   1.8775000e+01  2.9894411064288255
   1.8780000e+01  2.9442654399288255
   1.8785000e+01  2.8712673599288254
   1.8790000e+01  2.7702745249288254
   1.8795000e+01  2.6432106849288255
   1.8800000e+01  2.4944229974288255
   1.8805000e+01  2.3286676074288253
   1.8810000e+01  2.148761217428825
   1.8815000e+01  1.955444732428825
   1.8820000e+01  1.748404872428825
   1.8825000e+01  1.5274657124288251
   1.8830000e+01  1.294461654928825
   1.8835000e+01  1.054201699928825
   1.8840000e+01  0.8126220274288251
   1.8845000e+01  0.5739206874288251
   1.8850000e+01  0.3396609174288251
   1.8855000e+01  0.11016545242882508
   1.8860000e+01  -0.11355173007117492
   1.8865000e+01  -0.3290885250711749
   1.8870000e+01  -0.5338571625711749
   1.8875000e+01  -0.7271264025711749
   1.8880000e+01  -0.910810000071175
   1.8885000e+01  -1.0878717325711749
   1.8890000e+01  -1.259557135071175
   1.8895000e+01  -1.424313557571175
   1.8900000e+01  -1.579478500071175
   1.8905000e+01  -1.723213212571175
   1.8910000e+01  -1.854745415071175
   1.8915000e+01  -1.974210190071175
   1.8920000e+01  -2.082898052571175
   1.8925000e+01  -2.182957872571175
   1.8930000e+01  -2.276663895071175
   1.8935000e+01  -2.365833335071175
   1.8940000e+01  -2.4509279725711752
   1.8945000e+01  -2.530771970071175
   1.8950000e+01  -2.604523307571175
   1.8955000e+01  -2.6735220000711752
   1.8960000e+01  -2.739900327571175
   1.8965000e+01  -2.804413257571175
   1.8970000e+01  -2.866817602571175
   1.8975000e+01  -2.927327240071175
   1.8980000e+01  -2.987049425071175
   1.8985000e+01  -3.047943682571175
   1.8990000e+01  -3.1128834525711753
   1.8995000e+01  -3.1850585325711753
   1.9000000e+01  -3.266201230071175
   1.9005000e+01  -3.355349725071175
   1.9010000e+01  -3.450387910071175
   1.9015000e+01  -3.550672077571175
   1.9020000e+01  -3.657194012571175
   1.9025000e+01  -3.7707671275711747
   1.9030000e+01  -3.8909620000711747
   1.9035000e+01  -4.016148042571174
   1.9040000e+01  -4.143869487571174
   1.9045000e+01  -4.271361122571174
   1.9050000e+01  -4.395404735071175
   1.9055000e+01  -4.511715790071174
   1.9060000e+01  -4.616396342571174
   1.9065000e+01  -4.708890392571174
   1.9070000e+01  -4.791604057571174
   1.9075000e+01  -4.8658203975711745
   1.9080000e+01  -4.929395447571174
   1.9085000e+01  -4.978927313821174
   1.9090000e+01  -5.013089899321174
   1.9095000e+01  -5.032851232571174
   1.9100000e+01   -5.039233468926174
   1.9105000e+01   -5.0325878352811735
   1.9110000e+01   -5.013350334781173
   1.9115000e+01   -4.981626421531174
   1.9120000e+01   -4.9368473652811735
   1.9125000e+01   -4.878970130281173
   1.9130000e+01   -4.808752425281173
   1.9135000e+01   -4.726785257781173
   1.9140000e+01   -4.634157205281173
   1.9145000e+01   -4.5336942627811725
   1.9150000e+01   -4.428698795281172
   1.9155000e+01   -4.320740945281172
   1.9160000e+01   -4.209805117781173
   1.9165000e+01   -4.096511925281173
   1.9170000e+01   -3.983604172781173
   1.9175000e+01   -3.875157157781173
   1.9180000e+01   -3.774899292781173
   1.9185000e+01   -3.685385520281173
   1.9190000e+01   -3.607673167781173
   1.9195000e+01   -3.541240387781173
   1.9200000e+01   -3.485112995281173
   1.9205000e+01   -3.439755932031173
   1.9210000e+01   -3.407547874781173
   1.9215000e+01   -3.390798639531173
   1.9220000e+01  -3.3895077232811732
   1.9225000e+01  -3.4019240585311734
   1.9230000e+01  -3.4265117272811736
   1.9235000e+01  -3.4614893995311737
   1.9240000e+01  -3.5028523027811738
   1.9245000e+01  -3.544612965031174
   1.9250000e+01  -3.581323573281174
   1.9255000e+01  -3.610119419531174
   1.9260000e+01  -3.6308166672811737
   1.9265000e+01  -3.644658476531174
   1.9270000e+01  -3.6528279082811737
   1.9275000e+01   -3.655263943431174
   1.9280000e+01   -3.6501642610811738
   1.9285000e+01   -3.6346881143311736
   1.9290000e+01   -3.6064316883311736
   1.9295000e+01   -3.5644672425811734
   1.9300000e+01   -3.5095860490811734
   1.9305000e+01   -3.4439225640811735
   1.9310000e+01   -3.3696625565811735
   1.9315000e+01   -3.2873818140811735
   1.9320000e+01   -3.1957169065811732
   1.9325000e+01   -3.092651511581173
   1.9330000e+01   -2.976961284081173
   1.9335000e+01   -2.848985264081173
   1.9340000e+01   -2.710567369081173
   1.9345000e+01   -2.563891679081173
   1.9350000e+01   -2.410279774081173
   1.9355000e+01   -2.250813104081173
   1.9360000e+01   -2.088071849081173
   1.9365000e+01   -1.9264209840811732
   1.9370000e+01   -1.7703619965811732
   1.9375000e+01   -1.6227543315811732
   1.9380000e+01   -1.4843872840811732
   1.9385000e+01   -1.3549978815811732
   1.9390000e+01   -1.2346024390811732
   1.9395000e+01   -1.1234503590811733
   1.9400000e+01   -1.0206955165811733
   1.9405000e+01   -0.9243209615811733
   1.9410000e+01   -0.8331978240811733
   1.9415000e+01   -0.7486765190811733
   1.9420000e+01   -0.6736403440811732
   1.9425000e+01   -0.6102119465811733
   1.9430000e+01   -0.5588069833311733
   1.9435000e+01   -0.5194149623311732
   1.9440000e+01   -0.49313166333117325
   1.9445000e+01   -0.48174208518117323
   1.9450000e+01  -0.48572563178117323
   1.9455000e+01  -0.5033523027811733
   1.9460000e+01  -0.5321620067811733
   1.9465000e+01  -0.5705132077811733
   1.9470000e+01  -0.6171378472811733
   1.9475000e+01  -0.6702406947811733
   1.9480000e+01  -0.7285086122811734
   1.9485000e+01  -0.7932317922811734
   1.9490000e+01  -0.8680386447811733
   1.9495000e+01  -0.9556887997811734
   1.9500000e+01  -1.0560623097811734
   1.9505000e+01  -1.1670875697811733
   1.9510000e+01  -1.2858757122811733
   1.9515000e+01  -1.4092772647811733
   1.9520000e+01  -1.5353539372811733
   1.9525000e+01  -1.6648993847811733
   1.9530000e+01  -1.8007479022811732
   1.9535000e+01  -1.9449450372811732
   1.9540000e+01  -2.096727807281173
   1.9545000e+01  -2.253613412281173
   1.9550000e+01  -2.4138980997811728
   1.9555000e+01  -2.577435199781173
   1.9560000e+01  -2.744385759781173
   1.9565000e+01  -2.913921324781173
   1.9570000e+01  -3.084212877281173
   1.9575000e+01  -3.253099949781173
   1.9580000e+01  -3.418503182281173
   1.9585000e+01  -3.578986227281173
   1.9590000e+01  -3.734440117281173
   1.9595000e+01  -3.885501894781173
   1.9600000e+01  -4.031773194781173
   1.9605000e+01  -4.170980639781173
   1.9610000e+01  -4.300281124781173
   1.9615000e+01  -4.418382404781173
   1.9620000e+01  -4.526192237281173
   1.9625000e+01  -4.625382469781173
   1.9630000e+01  -4.716437867281173
   1.9635000e+01  -4.797983882281173
   1.9640000e+01  -4.867721197281173
   1.9645000e+01  -4.9238388080311735
   1.9650000e+01  -4.965696648031173
   1.9655000e+01  -4.993612377281173
   1.9660000e+01  -5.008284256781173
   1.9665000e+01   -5.010309711681173
   1.9670000e+01   -4.999973915831173
   1.9675000e+01   -4.977279785331174
   1.9680000e+01   -4.942098121081174
   1.9685000e+01   -4.894318273581174
   1.9690000e+01   -4.833845361081174
   1.9695000e+01   -4.760246983581174
   1.9700000e+01   -4.672508346081174
   1.9705000e+01   -4.570060998581174
   1.9710000e+01   -4.454536118581174
   1.9715000e+01   -4.329641698581174
   1.9720000e+01   -4.198657008581174
   1.9725000e+01   -4.062384923581174
   1.9730000e+01   -3.919959693581174
   1.9735000e+01   -3.7713450985811736
   1.9740000e+01   -3.6181620860811736
   1.9745000e+01   -3.4622501285811738
   1.9750000e+01   -3.3045739535811736
   1.9755000e+01   -3.1450659535811734
   1.9760000e+01   -2.9822035835811733
   1.9765000e+01   -2.813379848581173
   1.9770000e+01   -2.637023941081173
   1.9775000e+01   -2.454297946081173
   1.9780000e+01   -2.268265351081173
   1.9785000e+01   -2.081499576081173
   1.9790000e+01   -1.894785458581173
   1.9795000e+01   -1.707974296081173
   1.9800000e+01   -1.521290831081173
   1.9805000e+01   -1.335470526081173
   1.9810000e+01   -1.151205138581173
   1.9815000e+01   -0.968837673581173
   1.9820000e+01   -0.788413213581173
   1.9825000e+01   -0.609875556081173
   1.9830000e+01   -0.43340567858117307
   1.9835000e+01   -0.2599939860811731
   1.9840000e+01   -0.09195804108117306
   1.9845000e+01   0.06733242891882696
   1.9850000e+01   0.21489705641882698
   1.9855000e+01   0.349826496418827
   1.9860000e+01   0.473562718918827
   1.9865000e+01   0.588503183918827
   1.9870000e+01   0.696405111418827
   1.9875000e+01   0.797790063918827
   1.9880000e+01   0.8922574889188271
   1.9885000e+01   0.9791051114188271
   1.9890000e+01   1.057818553918827
   1.9895000e+01   1.1282652664188269
   1.9900000e+01   1.1906337139188268
   1.9905000e+01   1.2453489689188268
   1.9910000e+01   1.293290900918827
   1.9915000e+01   1.3361485044188268
   1.9920000e+01   1.376173119418827
   1.9925000e+01   1.415253599668827
   1.9930000e+01   1.454225361418827
   1.9935000e+01   1.492967215418827
   1.9940000e+01   1.5309502484188269
   1.9945000e+01   1.5677326654188268
   1.9950000e+01   1.603180618918827
   1.9955000e+01   1.637497222918827
   1.9960000e+01   1.671354858418827
   1.9965000e+01   1.7061892249188269
   1.9970000e+01   1.744130212668827
   1.9975000e+01   1.787236504418827
   1.9980000e+01   1.836572712918827
   1.9985000e+01   1.891578430418827
   1.9990000e+01   1.949706727918827
   1.9995000e+01   2.007032675418827
   2.0000000e+01   2.0603366554188267
   2.0005000e+01   2.1089259189188265
   2.0010000e+01   2.1541511304188266
   2.0015000e+01   2.1972290971688264
   2.0020000e+01   2.237641487918826
   2.0025000e+01   2.2734808419188264
   2.0030000e+01   2.303210246418826
   2.0035000e+01   2.326863161418826
   2.0040000e+01   2.345049686918826
   2.0045000e+01   2.356994229918826
   2.0050000e+01  2.360545900793826
   2.0055000e+01  2.353912104918826
   2.0060000e+01  2.336368331168826
   2.0065000e+01  2.3078619604188257
   2.0070000e+01  2.2687542034188257
   2.0075000e+01  2.2190053026688257
   2.0080000e+01  2.1570696251688255
   2.0085000e+01  2.0806836301688256
   2.0090000e+01  1.9892519376688256
   2.0095000e+01  1.8849690801688255
   2.0100000e+01  1.7715676026688254
   2.0105000e+01  1.6522105576688255
   2.0110000e+01  1.5282282651688255
   2.0115000e+01  1.3989693576688254
   2.0120000e+01  1.2624478401688253
   2.0125000e+01  1.1170448451688253
   2.0130000e+01  0.9634444901688253
   2.0135000e+01  0.8044828501688253
   2.0140000e+01  0.6432082926688253
   2.0145000e+01  0.4819840676688253
   2.0150000e+01  0.3224879601688253
   2.0155000e+01  0.1649490751688253
   2.0160000e+01  0.008299152668825277
   2.0165000e+01  -0.14780178483117473
   2.0170000e+01  -0.3020995573311748
   2.0175000e+01  -0.45303788983117477
   2.0180000e+01  -0.5994261198311748
   2.0185000e+01  -0.7395767648311747
   2.0190000e+01  -0.8707574898311747
   2.0195000e+01  -0.9900688698311747
   2.0200000e+01  -1.0962205448311746
   2.0205000e+01  -1.1908550373311746
   2.0210000e+01  -1.2778916773311746
   2.0215000e+01  -1.3608813023311745
   2.0220000e+01  -1.4408020148311746
   2.0225000e+01  -1.5162691598311746
   2.0230000e+01  -1.5851754673311746
   2.0235000e+01  -1.6457313748311746
   2.0240000e+01  -1.6965880973311747
   2.0245000e+01  -1.7373688310811746
   2.0250000e+01  -1.7696846938311745
   2.0255000e+01  -1.7965681918311744
   2.0260000e+01  -1.8201240178311744
   2.0265000e+01  -1.8402591020811745
   2.0270000e+01  -1.8558978013311744
   2.0275000e+01  -1.8669124720811745
   2.0280000e+01  -1.8746846405811746
   2.0285000e+01  -1.8809788195811745
   2.0290000e+01  -1.8863866363311745
   2.0295000e+01  -1.8899835131561746
   2.0300000e+01   -1.8904365032561747
   2.0305000e+01   -1.8866618055311748
   2.0310000e+01   -1.8770809660311747
   2.0315000e+01   -1.8594054537811746
   2.0320000e+01   -1.8314169052811746
   2.0325000e+01   -1.7907637270311747
   2.0330000e+01   -1.7347906460311746
   2.0335000e+01   -1.6626477710311747
   2.0340000e+01   -1.5771216985311747
   2.0345000e+01   -1.4828541285311747
   2.0350000e+01   -1.3827451360311747
   2.0355000e+01   -1.2762502060311747
   2.0360000e+01   -1.1607151510311746
   2.0365000e+01   -1.0344263260311746
   2.0370000e+01   -0.8986550110311746
   2.0375000e+01   -0.7563211735311746
   2.0380000e+01   -0.6086165035311746
   2.0385000e+01   -0.45387101103117455
   2.0390000e+01   -0.2900522010311746
   2.0395000e+01   -0.11757906853117459
   2.0400000e+01   0.0611438364688254
   2.0405000e+01   0.2446593989688254
   2.0410000e+01   0.43365966896882546
   2.0415000e+01   0.6292761414688255
   2.0420000e+01   0.8315073389688254
   2.0425000e+01   1.0394539539688255
   2.0430000e+01   1.2520426439688255
   2.0435000e+01   1.4679624314688255
   2.0440000e+01   1.6850457439688256
   2.0445000e+01   1.9002546714688255
   2.0450000e+01   2.1111050614688254
   2.0455000e+01   2.3177003814688253
   2.0460000e+01   2.5231699514688253
   2.0465000e+01   2.7317087339688255
   2.0470000e+01   2.9461063314688256
   2.0475000e+01   3.1666132114688255
   2.0480000e+01   3.3913534364688256
   2.0485000e+01   3.6181671839688256
   2.0490000e+01   3.8466355539688255
   2.0495000e+01   4.077454971468826
   2.0500000e+01   4.3096519764688255
   2.0505000e+01   4.540287278968825
   2.0510000e+01   4.767765903968825
   2.0515000e+01   4.994275028968825
   2.0520000e+01   5.224015606468825
   2.0525000e+01   5.459342046468825
   2.0530000e+01   5.699405598968824
   2.0535000e+01   5.942006538968824
   2.0540000e+01   6.185258693968825
   2.0545000e+01   6.427658621468825
   2.0550000e+01   6.668273838968825
   2.0555000e+01   6.907896121468825
   2.0560000e+01   7.149448041468825
   2.0565000e+01   7.395924323968825
   2.0570000e+01   7.647833578968825
   2.0575000e+01   7.903181228968825
   2.0580000e+01   8.158589086468826
   2.0585000e+01   8.409369991468825
   2.0590000e+01   8.650456296468825
   2.0595000e+01   8.878968408968825
   2.0600000e+01   9.095372693968825
   2.0605000e+01   9.301975591468825
   2.0610000e+01   9.500595281468824
   2.0615000e+01   9.690630331468824
   2.0620000e+01   9.868092336468825
   2.0625000e+01   10.026394998968826
   2.0630000e+01   10.158009173968825
   2.0635000e+01   10.255559241468825
   2.0640000e+01   10.313345121968826
   2.0645000e+01  10.329549866168826
   2.0650000e+01  10.306100030368826
   2.0655000e+01  10.245095718368827
   2.0660000e+01  10.145518935868827
   2.0665000e+01  10.003835773368827
   2.0670000e+01  9.817559193368828
   2.0675000e+01  9.587619180868828
   2.0680000e+01  9.317674683368828
   2.0685000e+01  9.012604548368829
   2.0690000e+01  8.67770010336883
   2.0695000e+01  8.31757425086883
   2.0700000e+01  7.93484014086883
   2.0705000e+01  7.53006595336883
   2.0710000e+01  7.103301310868829
   2.0715000e+01  6.655849515868829
   2.0720000e+01  6.19092911586883
   2.0725000e+01  5.71309300586883
   2.0730000e+01  5.22699363336883
   2.0735000e+01  4.735768510868829
   2.0740000e+01  4.239781760868829
   2.0745000e+01  3.7371064408688293
   2.0750000e+01  3.225714115868829
   2.0755000e+01  2.705492115868829
   2.0760000e+01  2.1785289658688294
   2.0765000e+01  1.6480774158688294
   2.0770000e+01  1.1179982908688293
   2.0775000e+01  0.5933543408688293
   2.0780000e+01  0.0805917158688293
   2.0785000e+01  -0.4141583666311707
   2.0790000e+01  -0.8872302716311709
   2.0795000e+01  -1.3366432491311708
   2.0800000e+01  -1.759022576631171
   2.0805000e+01  -2.149441661631171
   2.0810000e+01  -2.504429919131171
   2.0815000e+01  -2.8227905316311714
   2.0820000e+01  -3.1036050891311713
   2.0825000e+01  -3.345269049131171
   2.0830000e+01  -3.546311384131171
   2.0835000e+01  -3.706129476631171
   2.0840000e+01  -3.825080459131171
   2.0845000e+01  -3.904744116631171
   2.0850000e+01  -3.948558295131171
   2.0855000e+01   -3.961815313631171
   2.0860000e+01   -3.950336643631171
   2.0865000e+01   -3.918699838631171
   2.0870000e+01   -3.8697281486311708
   2.0875000e+01   -3.805929106131171
   2.0880000e+01   -3.731507881131171
   2.0885000e+01   -3.6528197361311707
   2.0890000e+01   -3.5766382811311708
   2.0895000e+01   -3.507957306131171
   2.0900000e+01   -3.4493471786311707
   2.0905000e+01   -3.4015432188811707
   2.0910000e+01   -3.3641066541311706
   2.0915000e+01   -3.3366876663811706
   2.0920000e+01   -3.3206262641311706
   2.0925000e+01  -3.3185790211311708
   2.0930000e+01  -3.3322852183811706
   2.0935000e+01  -3.3615598166311704
   2.0940000e+01  -3.4055973866311704
   2.0945000e+01  -3.4644826816311705
   2.0950000e+01  -3.5389204616311702
   2.0955000e+01  -3.62885505663117
   2.0960000e+01  -3.73294843913117
   2.0965000e+01  -3.84903221913117
   2.0970000e+01  -3.97435031163117
   2.0975000e+01  -4.10554949413117
   2.0980000e+01  -4.239109929131169
   2.0985000e+01  -4.372065956631169
   2.0990000e+01  -4.501933954131169
   2.0995000e+01  -4.625562379131169
   2.1000000e+01  -4.738352809131169
   2.1005000e+01  -4.834866549131169
   2.1010000e+01  -4.910316811631169
   2.1015000e+01  -4.962583469131169
   2.1020000e+01  -4.993511739881169
   2.1025000e+01  -5.006578566781169
   2.1030000e+01   -5.002373820431169
   2.1035000e+01   -4.978317555431169
   2.1040000e+01   -4.932752917931169
   2.1045000e+01   -4.866707112931169
   2.1050000e+01   -4.78185783043117
   2.1055000e+01   -4.678814455431169
   2.1060000e+01   -4.55734170543117
   2.1065000e+01   -4.41738352793117
   2.1070000e+01   -4.26003251793117
   2.1075000e+01   -4.08798662793117
   2.1080000e+01   -3.90493615293117
   2.1085000e+01   -3.71385217543117
   2.1090000e+01   -3.5156224404311702
   2.1095000e+01   -3.30967366293117
   2.1100000e+01   -3.09573453543117
   2.1105000e+01   -2.87429214793117
   2.1110000e+01   -2.6451459154311703
   2.1115000e+01   -2.4063571854311703
   2.1120000e+01   -2.1557676904311704
   2.1125000e+01   -1.8932633904311704
   2.1130000e+01   -1.6206882779311704
   2.1135000e+01   -1.3406818754311705
   2.1140000e+01   -1.0570551079311705
   2.1145000e+01   -0.7754743254311705
   2.1150000e+01   -0.5021700854311704
   2.1155000e+01   -0.24134962043117036
   2.1160000e+01   0.005942114568829648
   2.1165000e+01   0.24036556456882965
   2.1170000e+01   0.4622786595688297
   2.1175000e+01   0.6712025320688297
   2.1180000e+01   0.8663343895688297
   2.1185000e+01   1.0470235545688298
   2.1190000e+01   1.2129420345688298
   2.1195000e+01   1.3641107495688298
   2.1200000e+01   1.5010475070688298
   2.1205000e+01   1.62535876206883
   2.1210000e+01   1.7408342145688298
   2.1215000e+01   1.8539272445688297
   2.1220000e+01   1.9718871470688297
   2.1225000e+01   2.0995141670688295
   2.1230000e+01   2.2380641945688295
   2.1235000e+01   2.3870426395688296
   2.1240000e+01   2.5458759370688298
   2.1245000e+01   2.71351870706883
   2.1250000e+01   2.88766354956883
   2.1255000e+01   3.0659763470688297
   2.1260000e+01   3.2479768195688297
   2.1265000e+01   3.43429890706883
   2.1270000e+01   3.6243722595688297
   2.1275000e+01   3.8160039295688297
   2.1280000e+01   4.00687854706883
   2.1285000e+01   4.195734817068829
   2.1290000e+01   4.38223377206883
   2.1295000e+01   4.56566710706883
   2.1300000e+01   4.7433809870688295
   2.1305000e+01   4.91054541456883
   2.1310000e+01   5.06215091706883
   2.1315000e+01   5.195726047068829
   2.1320000e+01   5.311363874568829
   2.1325000e+01   5.408668999568829
   2.1330000e+01   5.485859764568829
   2.1335000e+01   5.542692548068829
   2.1340000e+01   5.581210782568829
   2.1345000e+01   5.603098666818829
   2.1350000e+01  5.609215168468829
   2.1355000e+01  5.601281753618829
   2.1360000e+01  5.581634344618829
   2.1365000e+01  5.551899987368829
   2.1370000e+01  5.512833870118829
   2.1375000e+01  5.4645949143688295
   2.1380000e+01  5.407323459368829
   2.1385000e+01  5.342501989368829
   2.1390000e+01  5.273475434368829
   2.1395000e+01  5.204210516868829
   2.1400000e+01  5.138013724368829
   2.1405000e+01  5.077251109368829
   2.1410000e+01  5.023347871868829
   2.1415000e+01  4.976707086368829
   2.1420000e+01  4.936730756368829
   2.1425000e+01  4.9018765303688285
   2.1430000e+01  4.869922421618829
   2.1435000e+01  4.838753956868828
   2.1440000e+01  4.807213552118828
   2.1445000e+01  4.775260302368828
   2.1450000e+01  4.7434676881188285
   2.1455000e+01  4.712420427118828
   2.1460000e+01  4.682150468618828
   2.1465000e+01  4.651288603368828
   2.1470000e+01  4.616739572118828
   2.1475000e+01  4.575455321118827
   2.1480000e+01  4.526876427868827
   2.1485000e+01  4.472595800368827
   2.1490000e+01  4.413585190368828
   2.1495000e+01  4.348787975368828
   2.1500000e+01  4.276850247868828
   2.1505000e+01  4.198643062868828
   2.1510000e+01  4.117256320368828
   2.1515000e+01  4.0354638578688276
   2.1520000e+01  3.9538541103688276
   2.1525000e+01  3.871856987868828
   2.1530000e+01  3.7899733953688277
   2.1535000e+01  3.7099951203688275
   2.1540000e+01  3.6335529528688273
   2.1545000e+01  3.5615345003688272
   2.1550000e+01  3.4942042178688273
   2.1555000e+01  3.430849115368827
   2.1560000e+01  3.3698023403688273
   2.1565000e+01  3.3094117128688274
   2.1570000e+01  3.2491251078688275
   2.1575000e+01  3.1903549853688276
   2.1580000e+01  3.1364612728688277
   2.1585000e+01  3.090397998368828
   2.1590000e+01  3.0511998553688278
   2.1595000e+01  3.0132360046188276
   2.1600000e+01  2.9698205483688276
   2.1605000e+01  2.9177958793688274
   2.1610000e+01  2.8583815593688273
   2.1615000e+01  2.7942008343688274
   2.1620000e+01  2.7264630293688272
   2.1625000e+01  2.654307834368827
   2.1630000e+01  2.5758113418688273
   2.1635000e+01  2.4903895493688273
   2.1640000e+01  2.400769419368827
   2.1645000e+01  2.311734414368827
   2.1650000e+01  2.2270799918688273
   2.1655000e+01  2.1485447993688274
   2.1660000e+01  2.0766792543688273
   2.1665000e+01  2.0113166593688274
   2.1670000e+01  1.9514597593688274
   2.1675000e+01  1.8960855918688275
   2.1680000e+01  1.8456615601188275
   2.1685000e+01  1.8018564278688276
   2.1690000e+01  1.7653152791188276
   2.1695000e+01  1.7350497181188276
   2.1700000e+01  1.7105138591188276
   2.1705000e+01  1.6930533193688275
   2.1710000e+01  1.6844294357188274
   2.1715000e+01   1.6845785191188274
   2.1720000e+01   1.6920232609188275
   2.1725000e+01   1.7058509706688274
   2.1730000e+01   1.7258414661688275
   2.1735000e+01   1.7517582509188274
   2.1740000e+01   1.7839154161688273
   2.1745000e+01   1.8229826831688274
   2.1750000e+01   1.8681587061688274
   2.1755000e+01   1.9165337459188274
   2.1760000e+01   1.9641820816688274
   2.1765000e+01   2.0068381149188275
   2.1770000e+01   2.0400432406688274
   2.1775000e+01   2.0604659396688274
   2.1780000e+01   2.0682653229688275
   2.1785000e+01  2.0674508730938275
   2.1790000e+01  2.0623822894188275
   2.1795000e+01  2.0534766929188275
   2.1800000e+01  2.0367136274188273
   2.1805000e+01  2.0072875146688274
   2.1810000e+01  1.9628989189188273
   2.1815000e+01  1.9033138614188272
   2.1820000e+01  1.8286358214188272
   2.1825000e+01  1.7395264239188273
   2.1830000e+01  1.6381034414188274
   2.1835000e+01  1.5271668489188273
   2.1840000e+01  1.4084983964188273
   2.1845000e+01  1.2827338839188274
   2.1850000e+01  1.1506989764188273
   2.1855000e+01  1.0133218014188272
   2.1860000e+01  0.8701935964188272
   2.1865000e+01  0.7199599364188272
   2.1870000e+01  0.5625841989188272
   2.1875000e+01  0.4004642439188272
   2.1880000e+01  0.23703279391882717
   2.1885000e+01  0.07384524891882716
   2.1890000e+01  -0.09147781108117284
   2.1895000e+01  -0.26366838358117284
   2.1900000e+01  -0.44550964358117284
   2.1905000e+01  -0.6361888310811729
   2.1910000e+01  -0.8338648560811729
   2.1915000e+01  -1.0377713060811729
   2.1920000e+01  -1.2476360760811729
   2.1925000e+01  -1.4628737960811729
   2.1930000e+01  -1.6828438460811728
   2.1935000e+01  -1.9072500435811728
   2.1940000e+01  -2.1360504285811728
   2.1945000e+01  -2.368894466081173
   2.1950000e+01  -2.604372986081173
   2.1955000e+01  -2.8396699785811728
   2.1960000e+01  -3.0712602710811727
   2.1965000e+01  -3.2965799060811727
   2.1970000e+01  -3.5151252560811725
   2.1975000e+01  -3.7276913285811726
   2.1980000e+01  -3.9350927260811726
   2.1985000e+01  -4.1379395460811725
   2.1990000e+01  -4.336463768581172
   2.1995000e+01  -4.5295460135811725
   2.2000000e+01  -4.714359418581172
   2.2005000e+01  -4.887787101081172
   2.2010000e+01  -5.048494241081173
   2.2015000e+01  -5.197582593581172
   2.2020000e+01  -5.337357001081172
   2.2025000e+01  -5.469602748581172
   2.2030000e+01  -5.594488598581172
   2.2035000e+01  -5.710181441081172
   2.2040000e+01  -5.813180838581172
   2.2045000e+01  -5.8995743935811715
   2.2050000e+01  -5.966882291081172
   2.2055000e+01  -6.014962265081172
   2.2060000e+01  -6.045092879081172
   2.2065000e+01  -6.059038022831172
   2.2070000e+01   -6.059273858331172
   2.2075000e+01   -6.048418335581172
   2.2080000e+01   -6.027174510581172
   2.2085000e+01   -5.993483061081172
   2.2090000e+01   -5.944658622081172
   2.2095000e+01   -5.880530177081172
   2.2100000e+01   -5.804126269581173
   2.2105000e+01   -5.7192199045811725
   2.2110000e+01   -5.627548909581172
   2.2115000e+01   -5.528451809581172
   2.2120000e+01   -5.420730187081173
   2.2125000e+01   -5.304379922081172
   2.2130000e+01   -5.180825792081173
   2.2135000e+01   -5.052425417081173
   2.2140000e+01   -4.921928527081173
   2.2145000e+01   -4.791697559581173
   2.2150000e+01   -4.662897802081172
   2.2155000e+01   -4.534989504581172
   2.2160000e+01   -4.405373167081172
   2.2165000e+01   -4.269647597081172
   2.2170000e+01   -4.123323922081172
   2.2175000e+01   -3.9642477220811725
   2.2180000e+01   -3.7936672245811724
   2.2185000e+01   -3.6149904395811725
   2.2190000e+01   -3.4314431745811724
   2.2195000e+01   -3.2446581470811724
   2.2200000e+01   -3.0550746545811722
   2.2205000e+01   -2.863238507081172
   2.2210000e+01   -2.670297789581172
   2.2215000e+01   -2.4769317820811723
   2.2220000e+01   -2.2819198170811723
   2.2225000e+01   -2.0826242795811725
   2.2230000e+01   -1.8776300820811724
   2.2235000e+01   -1.6685093670811724
   2.2240000e+01   -1.4586413945811723
   2.2245000e+01   -1.2510207345811724
   2.2250000e+01   -1.0477855445811723
   2.2255000e+01   -0.8512674895811723
   2.2260000e+01   -0.6642265245811723
   2.2265000e+01   -0.4890000745811723
   2.2270000e+01   -0.3278864220811723
   2.2275000e+01   -0.1843969695811723
   2.2280000e+01   -0.06230744458117231
   2.2285000e+01   0.037068317918827684
   2.2290000e+01   0.11575161041882769
   2.2295000e+01   0.1769677379188277
   2.2300000e+01   0.2226167886688277
   2.2305000e+01   0.2528917499188277
   2.2310000e+01   0.2672450149188277
   2.2315000e+01  0.2646996221688277
   2.2320000e+01  0.2439323041688277
   2.2325000e+01  0.20462422366882768
   2.2330000e+01  0.14943799391882767
   2.2335000e+01  0.08400392891882767
   2.2340000e+01  0.014181511418827675
   2.2345000e+01  -0.05611717858117232
   2.2350000e+01  -0.12427889108117232
   2.2355000e+01  -0.18780432108117234
   2.2360000e+01  -0.24436723608117233
   2.2365000e+01  -0.29183754783117233
   2.2370000e+01  -0.32764399083117235
   2.2375000e+01  -0.34853119358117235
   2.2380000e+01   -0.35132708583117234
   2.2385000e+01   -0.33403099108117235
   2.2390000e+01   -0.29617179783117237
   2.2395000e+01   -0.23830915008117237
   2.2400000e+01   -0.16144699508117238
   2.2405000e+01   -0.06692882008117237
   2.2410000e+01   0.043682097418827615
   2.2415000e+01   0.1693714499188276
   2.2420000e+01   0.31014099491882763
   2.2425000e+01   0.46614742741882764
   2.2430000e+01   0.6366902649188276
   2.2435000e+01   0.8204142149188276
   2.2440000e+01   1.0160489249188276
   2.2445000e+01   1.2224592799188276
   2.2450000e+01   1.4381000374188275
   2.2455000e+01   1.6608784824188276
   2.2460000e+01   1.8886116649188276
   2.2465000e+01   2.1192506174188277
   2.2470000e+01   2.350755099918828
   2.2475000e+01   2.581197224918828
   2.2480000e+01   2.808816179918828
   2.2485000e+01   3.031688192418828
   2.2490000e+01   3.2476120049188277
   2.2495000e+01   3.4541226449188276
   2.2500000e+01   3.6481318349188276
   2.2505000e+01   3.8262575974188278
   2.2510000e+01   3.9862745024188277
   2.2515000e+01   4.127508047418828
   2.2520000e+01   4.249016852418828
   2.2525000e+01   4.347791299918828
   2.2530000e+01   4.4194682774188285
   2.2535000e+01   4.460955321168829
   2.2540000e+01  4.472096212468829
   2.2545000e+01  4.455130952768829
   2.2550000e+01  4.413427270518829
   2.2555000e+01  4.350774973018829
   2.2560000e+01  4.270796443018829
   2.2565000e+01  4.175863013018829
   2.2570000e+01  4.066565330518829
   2.2575000e+01  3.942926785518829
   2.2580000e+01  3.805598255518829
   2.2585000e+01  3.655141983018829
   2.2590000e+01  3.491548358018829
   2.2595000e+01  3.315509000518829
   2.2600000e+01  3.128844635518829
   2.2605000e+01  2.9332355480188292
   2.2610000e+01  2.7294632805188295
   2.2615000e+01  2.5172191855188295
   2.2620000e+01  2.2950236080188295
   2.2625000e+01  2.0619808030188294
   2.2630000e+01  1.8204034530188293
   2.2635000e+01  1.5754724680188292
   2.2640000e+01  1.3320748155188293
   2.2645000e+01  1.0925203855188292
   2.2650000e+01  0.8567092955188292
   2.2655000e+01  0.6237530255188293
   2.2660000e+01  0.39366920051882925
   2.2665000e+01  0.16800156801882923
   2.2670000e+01  -0.050800334481170745
   2.2675000e+01  -0.26025623948117077
   2.2680000e+01  -0.45867869448117077
   2.2685000e+01  -0.6462120169811707
   2.2690000e+01  -0.8246661394811707
   2.2695000e+01  -0.9953526644811708
   2.2700000e+01  -1.1577741744811707
   2.2705000e+01  -1.3111702644811707
   2.2710000e+01  -1.4565503594811706
   2.2715000e+01  -1.5966904394811707
   2.2720000e+01  -1.7344486769811707
   2.2725000e+01  -1.8709976919811706
   2.2730000e+01  -2.0055902769811706
   2.2735000e+01  -2.1374094244811706
   2.2740000e+01  -2.2673612244811707
   2.2745000e+01  -2.3973833069811707
   2.2750000e+01  -2.5284521219811706
   2.2755000e+01  -2.6597944969811707
   2.2760000e+01  -2.7893862144811705
   2.2765000e+01  -2.9149689694811705
   2.2770000e+01  -3.0353034194811706
   2.2775000e+01  -3.1505515044811707
   2.2780000e+01  -3.2613151694811706
   2.2785000e+01  -3.3680847494811705
   2.2790000e+01  -3.4720666594811704
   2.2795000e+01  -3.5754430969811706
   2.2800000e+01  -3.6790803669811707
   2.2805000e+01  -3.779871964481171
   2.2810000e+01  -3.872406226981171
   2.2815000e+01  -3.953909326981171
   2.2820000e+01  -4.025920336981171
   2.2825000e+01  -4.091380281981171
   2.2830000e+01  -4.1520073719811705
   2.2835000e+01  -4.208380519481171
   2.2840000e+01  -4.260672486981171
   2.2845000e+01  -4.308034643731172
   2.2850000e+01  -4.347731729481172
   2.2855000e+01  -4.376298428481172
   2.2860000e+01  -4.392413355731172
   2.2865000e+01  -4.398477810606172
   2.2870000e+01   -4.398860134781172
   2.2875000e+01   -4.396845767631172
   2.2880000e+01   -4.393473285631172
   2.2885000e+01   -4.387772863331172
   2.2890000e+01   -4.377132719581172
   2.2895000e+01   -4.359053991581172
   2.2900000e+01   -4.333732564831172
   2.2905000e+01   -4.304379680081173
   2.2910000e+01   -4.275300074831173
   2.2915000e+01   -4.250289133831173
   2.2920000e+01   -4.232086785581173
   2.2925000e+01   -4.222655594131173
   2.2930000e+01  -4.224070063681173
   2.2935000e+01  -4.238413189931173
   2.2940000e+01  -4.266179739681173
   2.2945000e+01  -4.305820862931173
   2.2950000e+01  -4.355398927931174
   2.2955000e+01  -4.413728590431174
   2.2960000e+01  -4.479944227931174
   2.2965000e+01  -4.553125000431174
   2.2970000e+01  -4.632645155431174
   2.2975000e+01  -4.7186524479311736
   2.2980000e+01  -4.812046977931174
   2.2985000e+01  -4.912996055431174
   2.2990000e+01  -5.018863922931174
   2.2995000e+01  -5.125190500431174
   2.3000000e+01  -5.229077710431174
   2.3005000e+01  -5.329255635431173
   2.3010000e+01  -5.423508392931173
   2.3015000e+01  -5.509301397931173
   2.3020000e+01  -5.5859636304311735
   2.3025000e+01  -5.653662210431174
   2.3030000e+01  -5.711330062931173
   2.3035000e+01  -5.756964108181173
   2.3040000e+01  -5.788805520931174
   2.3045000e+01  -5.805058211181174
   2.3050000e+01   -5.802920875181174
   2.3055000e+01   -5.7792456104311745
   2.3060000e+01   -5.732566889431174
   2.3065000e+01   -5.664021571931174
   2.3070000e+01   -5.576828206931174
   2.3075000e+01   -5.475305416931175
   2.3080000e+01   -5.362925804431175
   2.3085000e+01   -5.240432426931175
   2.3090000e+01   -5.106821931931175
   2.3095000e+01   -4.962155739431175
   2.3100000e+01   -4.808424086931175
   2.3105000e+01   -4.648151144431175
   2.3110000e+01   -4.483276151931175
   2.3115000e+01   -4.315367739431175
   2.3120000e+01   -4.146155659431175
   2.3125000e+01   -3.977354201931175
   2.3130000e+01   -3.810100011931175
   2.3135000e+01   -3.644979751931175
   2.3140000e+01   -3.482721829431175
   2.3145000e+01   -3.324433799431175
   2.3150000e+01   -3.170861321931175
   2.3155000e+01   -3.022094649431175
   2.3160000e+01   -2.878883696931175
   2.3165000e+01   -2.744028184431175
   2.3170000e+01   -2.621287806931175
   2.3175000e+01   -2.5120829419311748
   2.3180000e+01   -2.4138847644311747
   2.3185000e+01   -2.322416114431175
   2.3190000e+01   -2.234659381931175
   2.3195000e+01   -2.1502294469311747
   2.3200000e+01   -2.0717527844311747
   2.3205000e+01   -2.0033414494311748
   2.3210000e+01   -1.9467114519311748
   2.3215000e+01   -1.8990210446811748
   2.3220000e+01   -1.855064209931175
   2.3225000e+01   -1.8104844354311749
   2.3230000e+01   -1.7621263659311748
   2.3235000e+01   -1.7065772109311748
   2.3240000e+01   -1.6408560334311748
   2.3245000e+01   -1.5648897459311748
   2.3250000e+01   -1.4810341884311748
   2.3255000e+01   -1.390583278431175
   2.3260000e+01   -1.292259340931175
   2.3265000e+01   -1.184162633431175
   2.3270000e+01   -1.066071965931175
   2.3275000e+01   -0.9395663584311751
   2.3280000e+01   -0.8062621784311751
   2.3285000e+01   -0.6661118309311751
   2.3290000e+01   -0.5173767459311751
   2.3295000e+01   -0.3585544084311751
   2.3300000e+01   -0.1910168034311751
   2.3305000e+01   -0.01972427343117511
   2.3310000e+01   0.1493668590688249
   2.3315000e+01   0.3124508015688249
   2.3320000e+01   0.4682854615688249
   2.3325000e+01   0.6167649665688248
   2.3330000e+01   0.7579913165688248
   2.3335000e+01   0.8919670765688248
   2.3340000e+01   1.0180957115688247
   2.3345000e+01   1.1346780690688247
   2.3350000e+01   1.2391868840688247
   2.3355000e+01   1.3291084765688248
   2.3360000e+01   1.4023173165688247
   2.3365000e+01   1.4569722828188247
   2.3370000e+01   1.4918259278188248
   2.3375000e+01   1.5070480000688249
   2.3380000e+01  1.5045812860688248
   2.3385000e+01  1.487332261318825
   2.3390000e+01  1.4580170108188248
   2.3395000e+01  1.4188244135688248
   2.3400000e+01  1.3715288320688248
   2.3405000e+01  1.3171136095688247
   2.3410000e+01  1.2551659145688248
   2.3415000e+01  1.1841721895688249
   2.3420000e+01  1.103002982068825
   2.3425000e+01  1.012181089568825
   2.3430000e+01  0.9137270370688251
   2.3435000e+01  0.810272142068825
   2.3440000e+01  0.704215732068825
   2.3445000e+01  0.596792467068825
   2.3450000e+01  0.487770369568825
   2.3455000e+01  0.376429632068825
   2.3460000e+01  0.26239334206882503
   2.3465000e+01  0.14540435456882503
   2.3470000e+01  0.025473319568825023
   2.3475000e+01  -0.09607380793117498
   2.3480000e+01  -0.21620447043117497
   2.3485000e+01  -0.33130525543117495
   2.3490000e+01  -0.4389728379311749
   2.3495000e+01  -0.5391007929311749
   2.3500000e+01  -0.6331217329311749
   2.3505000e+01  -0.7217422904311749
   2.3510000e+01  -0.8037427404311749
   2.3515000e+01  -0.8771777679311749
   2.3520000e+01  -0.9405576004311749
   2.3525000e+01  -0.9921941199311749
   2.3530000e+01  -1.0295788954311749
   2.3535000e+01  -1.0507202879311748
   2.3540000e+01   -1.0561304058811747
   2.3545000e+01   -1.0485985540811746
   2.3550000e+01   -1.0306240373311746
   2.3555000e+01   -1.0026501540811745
   2.3560000e+01   -0.9639077915811746
   2.3565000e+01   -0.9142920763311746
   2.3570000e+01   -0.8550777538311746
   2.3575000e+01   -0.7879621138311745
   2.3580000e+01   -0.7134970488311745
   2.3585000e+01   -0.6303949813311744
   2.3590000e+01   -0.5363376913311744
   2.3595000e+01   -0.4294530863311744
   2.3600000e+01   -0.3092741363311744
   2.3605000e+01   -0.1769472413311744
   2.3610000e+01   -0.034668586331174395
   2.3615000e+01   0.11562907866882563
   2.3620000e+01   0.2729066736688256
   2.3625000e+01   0.4360377461688256
   2.3630000e+01   0.6031716636688256
   2.3635000e+01   0.7725106961688256
   2.3640000e+01   0.9424906561688257
   2.3645000e+01   1.1110986736688258
   2.3650000e+01   1.2764242461688258
   2.3655000e+01   1.4379973061688258
   2.3660000e+01   1.5966413911688258
   2.3665000e+01   1.7528411786688258
   2.3670000e+01   1.9055525586688258
   2.3675000e+01   2.0527127486688257
   2.3680000e+01   2.1929347536688257
   2.3685000e+01   2.3264918486688257
   2.3690000e+01   2.4541783986688257
   2.3695000e+01   2.575615291168826
   2.3700000e+01   2.689901761168826
   2.3705000e+01   2.797757263668826
   2.3710000e+01   2.9017816736688262
   2.3715000e+01   3.0046673186688264
   2.3720000e+01   3.1077864061688265
   2.3725000e+01   3.2111482411688264
   2.3730000e+01   3.3140798086688266
   2.3735000e+01   3.4159068686688268
   2.3740000e+01   3.5163405186688266
   2.3745000e+01   3.6156909936688266
   2.3750000e+01   3.7151521336688265
   2.3755000e+01   3.8168710761688267
   2.3760000e+01   3.9233578561688267
   2.3765000e+01   4.036791773668827
   2.3770000e+01   4.158722118668827
   2.3775000e+01   4.289390703668826
   2.3780000e+01   4.427174311168827
   2.3785000e+01   4.570052488668827
   2.3790000e+01   4.717808578668826
   2.3795000e+01   4.871800996168826
   2.3800000e+01   5.032971553668826
   2.3805000e+01   5.200786981168826
   2.3810000e+01   5.373521396168826
   2.3815000e+01   5.549421003668826
   2.3820000e+01   5.7284009761688255
   2.3825000e+01   5.912464161168826
   2.3830000e+01   6.1038381186688255
   2.3835000e+01   6.303005308668825
   2.3840000e+01   6.508504748668825
   2.3845000e+01   6.717710243668825
   2.3850000e+01   6.927673798668825
   2.3855000e+01   7.136065353668825
   2.3860000e+01   7.3418110086688255
   2.3865000e+01   7.544753986168826
   2.3870000e+01   7.744538813668826
   2.3875000e+01   7.939838181168826
   2.3880000e+01   8.128722873668826
   2.3885000e+01   8.309609861168825
   2.3890000e+01   8.481583348668826
   2.3895000e+01   8.643699783668826
   2.3900000e+01   8.794011073668825
   2.3905000e+01   8.929477308668826
   2.3910000e+01   9.047259646168825
   2.3915000e+01   9.146058773668825
   2.3920000e+01   9.225605838668825
   2.3925000e+01   9.285344334418825
   2.3930000e+01   9.324762873918825
   2.3935000e+01   9.344099644668825
   2.3940000e+01  9.343122436418826
   2.3945000e+01  9.319992322918825
   2.3950000e+01  9.272764272168825
   2.3955000e+01  9.201801764668826
   2.3960000e+01  9.109673009668827
   2.3965000e+01  8.998570159668827
   2.3970000e+01  8.869131134668827
   2.3975000e+01  8.722127097168826
   2.3980000e+01  8.559796869668826
   2.3985000e+01  8.385175219668826
   2.3990000e+01  8.201052002168826
   2.3995000e+01  8.009188749668827
   2.4000000e+01  7.809765157168827
   2.4005000e+01  7.602071544668827
   2.4010000e+01  7.386079832168827
   2.4015000e+01  7.1630873846688266
   2.4020000e+01  6.935300627168827
   2.4025000e+01  6.705191304668827
   2.4030000e+01  6.474508259668827
   2.4035000e+01  6.243524274668827
   2.4040000e+01  6.011534499668827
   2.4045000e+01  5.777399624668828
   2.4050000e+01  5.539107324668827
   2.4055000e+01  5.294223359668828
   2.4060000e+01  5.041975407168827
   2.4065000e+01  4.784599992168827
   2.4070000e+01  4.526627354668827
   2.4075000e+01  4.273138374668827
   2.4080000e+01  4.027954194668827
   2.4085000e+01  3.792068567168827
   2.4090000e+01  3.562990737168827
   2.4095000e+01  3.336083749668827
   2.4100000e+01  3.107584422168827
   2.4105000e+01  2.8766350846688273
   2.4110000e+01  2.644218869668827
   2.4115000e+01  2.410531937168827
   2.4120000e+01  2.174567072168827
   2.4125000e+01  1.936654812168827
   2.4130000e+01  1.699715799668827
   2.4135000e+01  1.466664709668827
   2.4140000e+01  1.237458999668827
   2.4145000e+01  1.009468207168827
   2.4150000e+01  0.780089049668827
   2.4155000e+01  0.548332014668827
   2.4160000e+01  0.314535552168827
   2.4165000e+01  0.08006144716882704
   2.4170000e+01  -0.15290528283117294
   2.4175000e+01  -0.3830244553311729
   2.4180000e+01  -0.6115182728311729
   2.4185000e+01  -0.8411127403311729
   2.4190000e+01  -1.073019750331173
   2.4195000e+01  -1.305665467831173
   2.4200000e+01  -1.536766377831173
   2.4205000e+01  -1.765759305331173
   2.4210000e+01  -1.9933000803311731
   2.4215000e+01  -2.219162352831173
   2.4220000e+01  -2.441932665331173
   2.4225000e+01  -2.6608378153311727
   2.4230000e+01  -2.8766517253311727
   2.4235000e+01  -3.090102200331173
   2.4240000e+01  -3.300504855331173
   2.4245000e+01  -3.5065680953311733
   2.4250000e+01  -3.707285737831173
   2.4255000e+01  -3.901606907831173
   2.4260000e+01  -4.088131345331173
   2.4265000e+01  -4.265133612831173
   2.4270000e+01  -4.430262262831173
   2.4275000e+01  -4.580435100331173
   2.4280000e+01  -4.712786757831173
   2.4285000e+01  -4.826172782831173
   2.4290000e+01  -4.921637512831173
   2.4295000e+01  -5.000900967831173
   2.4300000e+01  -5.063862390331173
   2.4305000e+01  -5.107423965081173
   2.4310000e+01  -5.127139991081173
   2.4315000e+01   -5.120650818331173
   2.4320000e+01   -5.089743911331173
   2.4325000e+01   -5.038835525831173
   2.4330000e+01   -4.971679203331173
   2.4335000e+01   -4.889972790831173
   2.4340000e+01   -4.794272668331173
   2.4345000e+01   -4.684940473331173
   2.4350000e+01   -4.562258885831173
   2.4355000e+01   -4.426378333331173
   2.4360000e+01   -4.277506138331173
   2.4365000e+01   -4.116387778331173
   2.4370000e+01   -3.944766920831173
   2.4375000e+01   -3.765161148331173
   2.4380000e+01   -3.580095430831173
   2.4385000e+01   -3.391488893331173
   2.4390000e+01   -3.199694645831173
   2.4395000e+01   -3.002411838331173
   2.4400000e+01   -2.796235255831173
   2.4405000e+01   -2.580666050831173
   2.4410000e+01   -2.359521753331173
   2.4415000e+01   -2.138039858331173
   2.4420000e+01   -1.9197625708311727
   2.4425000e+01   -1.7061411933311728
   2.4430000e+01   -1.4976453858311727
   2.4435000e+01   -1.2943177058311726
   2.4440000e+01   -1.0961143333311725
   2.4445000e+01   -0.9038683733311725
   2.4450000e+01   -0.7191775533311725
   2.4455000e+01   -0.5427765533311726
   2.4460000e+01   -0.3743982483311726
   2.4465000e+01   -0.2143717208311726
   2.4470000e+01   -0.0638762733311726
   2.4475000e+01   0.07608447666882742
   2.4480000e+01   0.20514941916882742
   2.4485000e+01   0.3241506741688274
   2.4490000e+01   0.43586414416882746
   2.4495000e+01   0.5442289691688275
   2.4500000e+01   0.6523214516688275
   2.4505000e+01   0.7612247116688275
   2.4510000e+01   0.8705210516688275
   2.4515000e+01   0.9796647291688275
   2.4520000e+01   1.0893663766688275
   2.4525000e+01   1.2021860116688274
   2.4530000e+01   1.3215691791688275
   2.4535000e+01   1.4494011141688277
   2.4540000e+01   1.5841194041688276
   2.4545000e+01   1.7216176841688275
   2.4550000e+01   1.8580207391688275
   2.4555000e+01   1.9915294941688275
   2.4560000e+01   2.1222775641688276
   2.4565000e+01   2.2509544691688275
   2.4570000e+01   2.3772206641688274
   2.4575000e+01   2.4988075541688275
   2.4580000e+01   2.6118893866688273
   2.4585000e+01   2.7127108766688273
   2.4590000e+01   2.799754729168827
   2.4595000e+01   2.8748922591688273
   2.4600000e+01   2.941782049168827
   2.4605000e+01   3.002330576668827
   2.4610000e+01   3.0549325974188273
   2.4615000e+01   3.0961042779188275
   2.4620000e+01   3.1230331866688275
   2.4625000e+01   3.1346870583438275
   2.4630000e+01  3.1314939742688277
   2.4635000e+01  3.1145555492688275
   2.4640000e+01  3.0852155512688273
   2.4645000e+01  3.0451747397688274
   2.4650000e+01  2.9964872305188273
   2.4655000e+01  2.940797758018827
   2.4660000e+01  2.878271833018827
   2.4665000e+01  2.807527828018827
   2.4670000e+01  2.7270049205188274
   2.4675000e+01  2.6361308430188273
   2.4680000e+01  2.534857643018827
   2.4685000e+01  2.4228315880188274
   2.4690000e+01  2.300018095518827
   2.4695000e+01  2.168121733018827
   2.4700000e+01  2.030517785518827
   2.4705000e+01  1.890284300518827
   2.4710000e+01  1.748782288018827
   2.4715000e+01  1.6060748130188272
   2.4720000e+01  1.4615264280188272
   2.4725000e+01  1.3137614805188271
   2.4730000e+01  1.160897728018827
   2.4735000e+01  1.0010142805188271
   2.4740000e+01  0.8324739905188271
   2.4745000e+01  0.6546900855188271
   2.4750000e+01  0.4691451930188271
   2.4755000e+01  0.2791744680188271
   2.4760000e+01  0.08806564301882708
   2.4765000e+01  -0.10255417198117295
   2.4770000e+01  -0.29208110948117294
   2.4775000e+01  -0.47948068948117295
   2.4780000e+01  -0.663570986981173
   2.4785000e+01  -0.844241729481173
   2.4790000e+01  -1.022465434481173
   2.4795000e+01  -1.1993170119811731
   2.4800000e+01  -1.375304401981173
   2.4805000e+01  -1.5503465194811732
   2.4810000e+01  -1.724071776981173
   2.4815000e+01  -1.8961261519811732
   2.4820000e+01  -2.0665122369811733
   2.4825000e+01  -2.2363132169811735
   2.4830000e+01  -2.4079940919811733
   2.4835000e+01  -2.5832921194811735
   2.4840000e+01  -2.7605636944811733
   2.4845000e+01  -2.9364953844811734
   2.4850000e+01  -3.1100659869811733
   2.4855000e+01  -3.2822657644811732
   2.4860000e+01  -3.4532168494811732
   2.4865000e+01  -3.6222429394811733
   2.4870000e+01  -3.7898139769811734
   2.4875000e+01  -3.9573538044811736
   2.4880000e+01  -4.1249659094811735
   2.4885000e+01  -4.290240126981174
   2.4890000e+01  -4.449797646981174
   2.4895000e+01  -4.601844501981174
   2.4900000e+01  -4.747011526981174
   2.4905000e+01  -4.886747884481174
   2.4910000e+01  -5.020994124481175
   2.4915000e+01  -5.1473602619811745
   2.4920000e+01  -5.262358301981174
   2.4925000e+01  -5.363501949481174
   2.4930000e+01  -5.450586626981174
   2.4935000e+01  -5.524889689481174
   2.4940000e+01  -5.5868771069811745
   2.4945000e+01  -5.635213181731174
   2.4950000e+01  -5.668472791481174
   2.4955000e+01  -5.687164053981174
   2.4960000e+01  -5.693281605056174
   2.4965000e+01   -5.687977145381174
   2.4970000e+01   -5.670610165881174
   2.4975000e+01   -5.640336908381173
   2.4980000e+01   -5.597134217881173
   2.4985000e+01   -5.540855363631173
   2.4990000e+01   -5.4712682236311725
   2.4995000e+01   -5.389659966131172
   2.5000000e+01   -5.299099906131173
   2.5005000e+01   -5.203098631131173
   2.5010000e+01   -5.104679166131173
   2.5015000e+01   -5.006010943631173
   2.5020000e+01   -4.907828603631173
   2.5025000e+01   -4.809004948631173
   2.5030000e+01   -4.707047053631173
   2.5035000e+01   -4.5994349511311725
   2.5040000e+01   -4.484810713631172
   2.5045000e+01   -4.363192368631172
   2.5050000e+01   -4.235454068631173
   2.5055000e+01   -4.102921876131172
   2.5060000e+01   -3.9674936911311725
   2.5065000e+01   -3.8318869536311726
   2.5070000e+01   -3.6992277136311724
   2.5075000e+01   -3.5716683961311726
   2.5080000e+01   -3.4491126136311725
   2.5085000e+01   -3.3297432511311724
   2.5090000e+01   -3.2124172711311725
   2.5095000e+01   -3.0985809111311724
   2.5100000e+01   -2.9911550286311726
   2.5105000e+01   -2.8915269236311727
   2.5110000e+01   -2.7986358661311725
   2.5115000e+01   -2.7106613086311726
   2.5120000e+01   -2.6262768036311726
   2.5125000e+01   -2.5448186336311727
   2.5130000e+01   -2.4664985886311728
   2.5135000e+01   -2.392032426131173
   2.5140000e+01   -2.321422256131173
   2.5145000e+01   -2.253403686131173
   2.5150000e+01   -2.1859167911311728
   2.5155000e+01   -2.116815618631173
   2.5160000e+01   -2.045118566131173
   2.5165000e+01   -1.972283413631173
   2.5170000e+01   -1.901189166131173
   2.5175000e+01   -1.832881966131173
   2.5180000e+01   -1.764643651131173
   2.5185000e+01   -1.691906501131173
   2.5190000e+01   -1.6120630511311729
   2.5195000e+01   -1.5258440611311728
   2.5200000e+01   -1.4354619711311727
   2.5205000e+01   -1.3427618286311727
   2.5210000e+01   -1.2487517536311727
   2.5215000e+01   -1.1532630386311729
   2.5220000e+01   -1.0548680486311728
   2.5225000e+01   -0.9521394511311728
   2.5230000e+01   -0.8456782586311729
   2.5235000e+01   -0.7389245561311728
   2.5240000e+01   -0.6366298011311728
   2.5245000e+01   -0.5423783086311729
   2.5250000e+01   -0.4575486786311729
   2.5255000e+01   -0.38226276863117287
   2.5260000e+01   -0.31666910113117286
   2.5265000e+01   -0.2610125436311729
   2.5270000e+01   -0.21520608913117287
   2.5275000e+01   -0.17931221188117286
   2.5280000e+01   -0.15425917938117287
   2.5285000e+01   -0.14152006363117287
   2.5290000e+01  -0.14221956688117288
   2.5295000e+01  -0.15670397538117287
   2.5300000e+01  -0.18450993938117285
   2.5305000e+01  -0.22396577388117286
   2.5310000e+01  -0.27177088613117284
   2.5315000e+01  -0.32411445363117286
   2.5320000e+01  -0.37897972613117287
   2.5325000e+01  -0.43702338613117286
   2.5330000e+01  -0.5002520386311728
   2.5335000e+01  -0.5700855036311728
   2.5340000e+01  -0.6458044586311729
   2.5345000e+01  -0.7242381986311729
   2.5350000e+01  -0.8018301261311729
   2.5355000e+01  -0.8771551936311729
   2.5360000e+01  -0.9504455586311729
   2.5365000e+01  -1.021219311131173
   2.5370000e+01  -1.0877825661311729
   2.5375000e+01  -1.1489518411311728
   2.5380000e+01  -1.2054548436311727
   2.5385000e+01  -1.2594777136311728
   2.5390000e+01  -1.3131206836311728
   2.5395000e+01  -1.367246766131173
   2.5400000e+01  -1.421072228631173
   2.5405000e+01  -1.472305831881173
   2.5410000e+01  -1.518137872881173
   2.5415000e+01  -1.556894073881173
   2.5420000e+01  -1.588981936131173
   2.5425000e+01  -1.615796786631173
   2.5430000e+01  -1.637587902131173
   2.5435000e+01  -1.653371067631173
   2.5440000e+01  -1.663195454381173
   2.5445000e+01  -1.6691523662811731
   2.5450000e+01  -1.6735495433061731
   2.5455000e+01  -1.676739048681173
   2.5460000e+01   -1.6769183157811731
   2.5465000e+01   -1.6717797563811732
   2.5470000e+01   -1.660492444881173
   2.5475000e+01   -1.6444757933811731
   2.5480000e+01   -1.626354852881173
   2.5485000e+01   -1.607899338631173
   2.5490000e+01   -1.588621014881173
   2.5495000e+01   -1.566227151131173
   2.5500000e+01   -1.538720162381173
   2.5505000e+01   -1.5065862076311731
   2.5510000e+01   -1.4730076086311732
   2.5515000e+01   -1.441566637631173
   2.5520000e+01   -1.413750168631173
   2.5525000e+01   -1.388667352131173
   2.5530000e+01   -1.364446111631173
   2.5535000e+01   -1.339309171631173
   2.5540000e+01   -1.311788863131173
   2.5545000e+01   -1.281252571881173
   2.5550000e+01   -1.248833532131173
   2.5555000e+01   -1.216619340631173
   2.5560000e+01   -1.185009304381173
   2.5565000e+01   -1.1517399386311729
   2.5570000e+01   -1.1140053416311728
   2.5575000e+01   -1.0708722811311728
   2.5580000e+01   -1.023332801881173
   2.5585000e+01   -0.9726191828811729
   2.5590000e+01   -0.9192782703811728
   2.5595000e+01   -0.8635543928811729
   2.5600000e+01   -0.8053151778811729
   2.5605000e+01   -0.7431146653811729
   2.5610000e+01   -0.6740631053811729
   2.5615000e+01   -0.5954055078811729
   2.5620000e+01   -0.5064461228811729
   2.5625000e+01   -0.4087694278811729
   2.5630000e+01   -0.3047092878811729
   2.5635000e+01   -0.19594119538117288
   2.5640000e+01   -0.08343011788117288
   2.5645000e+01   0.03209849711882712
   2.5650000e+01   0.15067729461882712
   2.5655000e+01   0.27375852711882714
   2.5660000e+01   0.40274239961882713
   2.5665000e+01   0.5363663696188271
   2.5670000e+01   0.6702841121188271
   2.5675000e+01   0.7992795971188271
   2.5680000e+01   0.9195330871188271
   2.5685000e+01   1.029178512118827
   2.5690000e+01   1.1280354971188271
   2.5695000e+01   1.2176515146188271
   2.5700000e+01   1.300428797118827
   2.5705000e+01   1.377344077118827
   2.5710000e+01   1.447162819618827
   2.5715000e+01   1.508558464618827
   2.5720000e+01   1.562233497118827
   2.5725000e+01   1.610465967118827
   2.5730000e+01   1.6550976136188271
   2.5735000e+01   1.696656150368827
   2.5740000e+01   1.7353406461188272
   2.5745000e+01   1.7719575498688271
   2.5750000e+01   1.807602649368827
   2.5755000e+01   1.8429971846188271
   2.5760000e+01   1.878330572118827
   2.5765000e+01   1.9134729731188271
   2.5770000e+01   1.948230770368827
   2.5775000e+01   1.9825005883688271
   2.5780000e+01   2.0162182768688273
   2.5785000e+01   2.0489606173688273
   2.5790000e+01   2.079551076618827
   2.5795000e+01   2.1065819441188274
   2.5800000e+01   2.129534821368827
   2.5805000e+01   2.1488130988688274
   2.5810000e+01   2.1647914956188274
   2.5815000e+01   2.1777093616188274
   2.5820000e+01   2.1883161561188276
   2.5825000e+01   2.1975215623688276
   2.5830000e+01   2.2048984266188274
   2.5835000e+01   2.208315475093827
   2.5840000e+01  2.206316656318827
   2.5845000e+01  2.200557628068827
   2.5850000e+01  2.194804187768827
   2.5855000e+01  2.1922314578888273
   2.5860000e+01   2.194395143558827
   2.5865000e+01   2.2014306100588272
   2.5870000e+01   2.2123712433088274
   2.5875000e+01   2.226106669558827
   2.5880000e+01   2.242263978308827
   2.5885000e+01   2.2608930153088274
   2.5890000e+01   2.282064460808827
   2.5895000e+01   2.306168000558827
   2.5900000e+01   2.333726424558827
   2.5905000e+01   2.3647798235588273
   2.5910000e+01   2.399235461808827
   2.5915000e+01   2.437677284558827
   2.5920000e+01   2.481081712308827
   2.5925000e+01   2.529693594308827
   2.5930000e+01   2.582850074308827
   2.5935000e+01   2.640433029308827
   2.5940000e+01   2.7039370143088273
   2.5945000e+01   2.775436594308827
   2.5950000e+01   2.856203681808827
   2.5955000e+01   2.946746999308827
   2.5960000e+01   3.047026961808827
   2.5965000e+01   3.156045824308827
   2.5970000e+01   3.272025674308827
   2.5975000e+01   3.3933957318088273
   2.5980000e+01   3.5193180168088274
   2.5985000e+01   3.6491796868088273
   2.5990000e+01   3.7820297843088273
   2.5995000e+01   3.9171036418088274
   2.6000000e+01   4.0547935018088275
   2.6005000e+01   4.196428744308827
   2.6010000e+01   4.342768384308827
   2.6015000e+01   4.492795856808827
   2.6020000e+01   4.6440987968088265
   2.6025000e+01   4.794351741808827
   2.6030000e+01   4.942303766808827
   2.6035000e+01   5.087418144308827
   2.6040000e+01   5.228843021808827
   2.6045000e+01   5.365075184308827
   2.6050000e+01   5.494818189308827
   2.6055000e+01   5.617948116808827
   2.6060000e+01   5.734831704308827
   2.6065000e+01   5.844220236808827
   2.6070000e+01   5.9429055493088265
   2.6075000e+01   6.0281655718088265
   2.6080000e+01   6.0991380093088265
   2.6085000e+01   6.155437374308827
   2.6090000e+01   6.196149818808827
   2.6095000e+01   6.220101351308827
   2.6100000e+01  6.225687536233827
   2.6105000e+01  6.211260512408827
   2.6110000e+01  6.176804677908827
   2.6115000e+01  6.124269186658827
   2.6120000e+01  6.056085029158827
   2.6125000e+01  5.974546939158827
   2.6130000e+01  5.881998294158827
   2.6135000e+01  5.780108626658827
   2.6140000e+01  5.6693344166588275
   2.6145000e+01  5.549622181658828
   2.6150000e+01  5.420897709158828
   2.6155000e+01  5.282925359158828
   2.6160000e+01  5.135873476658828
   2.6165000e+01  4.981415284158828
   2.6170000e+01  4.822836484158828
   2.6175000e+01  4.663746329158828
   2.6180000e+01  4.506531836658828
   2.6185000e+01  4.351807954158828
   2.6190000e+01  4.198975669158829
   2.6195000e+01  4.0471334016588285
   2.6200000e+01  3.8957448341588283
   2.6205000e+01  3.7450371291588285
   2.6210000e+01  3.5962998466588285
   2.6215000e+01  3.4518101666588286
   2.6220000e+01  3.3138089716588284
   2.6225000e+01  3.1826583641588284
   2.6230000e+01  3.0557530541588283
   2.6235000e+01  2.928955841658828
   2.6240000e+01  2.799585331658828
   2.6245000e+01  2.667894126658828
   2.6250000e+01  2.536283434158828
   2.6255000e+01  2.407862661658828
   2.6260000e+01  2.284972774158828
   2.6265000e+01  2.167862304158828
   2.6270000e+01  2.054568239158828
   2.6275000e+01  1.941838796658828
   2.6280000e+01  1.825888486658828
   2.6285000e+01  1.703509229158828
   2.6290000e+01  1.5739182166588281
   2.6295000e+01  1.439053009158828
   2.6300000e+01  1.3014866216588281
   2.6305000e+01  1.162741289158828
   2.6310000e+01  1.023275256658828
   2.6315000e+01  0.8827949941588279
   2.6320000e+01  0.7409750066588279
   2.6325000e+01  0.5988277291588279
   2.6330000e+01  0.45861069915882785
   2.6335000e+01  0.32160794665882786
   2.6340000e+01  0.18671217665882786
   2.6345000e+01  0.052166276658827865
   2.6350000e+01  -0.08136462834117214
   2.6355000e+01  -0.21064780334117214
   2.6360000e+01  -0.3330668483411722
   2.6365000e+01  -0.4485549408411722
   2.6370000e+01  -0.5584454608411722
   2.6375000e+01  -0.6639099058411722
   2.6380000e+01  -0.7647821983411721
   2.6385000e+01  -0.8586505483411722
   2.6390000e+01  -0.9427611633411721
   2.6395000e+01  -1.0178355408411721
   2.6400000e+01  -1.0880820833411722
   2.6405000e+01  -1.1574355508411722
   2.6410000e+01  -1.2278294933411722
   2.6415000e+01  -1.3001762683411722
   2.6420000e+01  -1.3746631133411722
   2.6425000e+01  -1.4503214283411723
   2.6430000e+01  -1.5253494208411722
   2.6435000e+01  -1.5977517633411722
   2.6440000e+01  -1.6658908258411722
   2.6445000e+01  -1.7295061858411722
   2.6450000e+01  -1.7909205508411723
   2.6455000e+01  -1.8547080083411722
   2.6460000e+01  -1.9245733783411723
   2.6465000e+01  -1.9998996383411722
   2.6470000e+01  -2.076329443341172
   2.6475000e+01  -2.149787345841172
   2.6480000e+01  -2.219006010841172
   2.6485000e+01  -2.2845884033411723
   2.6490000e+01  -2.346861275841172
   2.6495000e+01  -2.4050475883411724
   2.6500000e+01  -2.458352280841172
   2.6505000e+01  -2.5076240005911723
   2.6510000e+01  -2.555331150591172
   2.6515000e+01  -2.603211475341172
   2.6520000e+01  -2.6502215595911722
   2.6525000e+01  -2.6932559583411724
   2.6530000e+01  -2.7294281718411724
   2.6535000e+01  -2.7574478763411725
   2.6540000e+01  -2.7774528310911726
   2.6545000e+01  -2.7898978050911727
   2.6550000e+01  -2.794565639091173
   2.6555000e+01   -2.791052912341173
   2.6560000e+01   -2.780296089091173
   2.6565000e+01   -2.764556410341173
   2.6570000e+01   -2.745424406591173
   2.6575000e+01   -2.722656361591173
   2.6580000e+01   -2.695277295341173
   2.6585000e+01   -2.6633267895911734
   2.6590000e+01   -2.6283577245911736
   2.6595000e+01   -2.5925095853411735
   2.6600000e+01   -2.5573269780911736
   2.6605000e+01   -2.5233159325911734
   2.6610000e+01   -2.4903013900911732
   2.6615000e+01   -2.4582669025911734
   2.6620000e+01   -2.4281729763411732
   2.6625000e+01   -2.401972231591173
   2.6630000e+01   -2.381540547341173
   2.6635000e+01   -2.367287533591173
   2.6640000e+01   -2.357642746091173
   2.6645000e+01   -2.3500524583411733
   2.6650000e+01   -2.3428644133411733
   2.6655000e+01   -2.3366092873411732
   2.6660000e+01   -2.333667596241173
   2.6665000e+01  -2.336728714891173
   2.6670000e+01  -2.347411250641173
   2.6675000e+01  -2.3659398248911727
   2.6680000e+01  -2.391584017391173
   2.6685000e+01  -2.423026074891173
   2.6690000e+01  -2.458497366891173
   2.6695000e+01  -2.496427443641173
   2.6700000e+01  -2.5364433386411727
   2.6705000e+01  -2.5791745693911725
   2.6710000e+01  -2.6248268346411727
   2.6715000e+01  -2.672480990891173
   2.6720000e+01  -2.7207783731411728
   2.6725000e+01  -2.768780349641173
   2.6730000e+01  -2.816200329891173
   2.6735000e+01  -2.863191082391173
   2.6740000e+01  -2.910037837891173
   2.6745000e+01  -2.956942864391173
   2.6750000e+01  -3.004034177141173
   2.6755000e+01  -3.0517469863911733
   2.6760000e+01  -3.1011170081411734
   2.6765000e+01  -3.1528868106411734
   2.6770000e+01  -3.2061509506411734
   2.6775000e+01  -3.2590678681411736
   2.6780000e+01  -3.3109067581411735
   2.6785000e+01  -3.3619736981411736
   2.6790000e+01  -3.4119798818911735
   2.6795000e+01  -3.4600679266411736
   2.6800000e+01  -3.5060789031411734
   2.6805000e+01  -3.5506109368911734
   2.6810000e+01  -3.5938300388911735
   2.6815000e+01  -3.6348651898911735
   2.6820000e+01  -3.6726497888911736
   2.6825000e+01  -3.7068367553911736
   2.6830000e+01  -3.7374714161411737
   2.6835000e+01  -3.764535002141174
   2.6840000e+01  -3.788303323891174
   2.6845000e+01  -3.809289961891174
   2.6850000e+01  -3.827555145641174
   2.6855000e+01  -3.8429090366411742
   2.6860000e+01  -3.855842234891174
   2.6865000e+01  -3.8678373686411742
   2.6870000e+01  -3.881393093891174
   2.6875000e+01  -3.899913558891174
   2.6880000e+01  -3.926129614391174
   2.6885000e+01  -3.9601087896411737
   2.6890000e+01  -3.9998436413911738
   2.6895000e+01  -4.043758216141174
   2.6900000e+01  -4.091941185141174
   2.6905000e+01  -4.145493917641174
   2.6910000e+01  -4.205511270141174
   2.6915000e+01  -4.272460930141174
   2.6920000e+01  -4.3457215701411736
   2.6925000e+01  -4.423345607641173
   2.6930000e+01  -4.502587942641173
   2.6935000e+01  -4.580833702641173
   2.6940000e+01  -4.655800727641173
   2.6945000e+01  -4.7249599351411735
   2.6950000e+01  -4.7852511351411735
   2.6955000e+01  -4.833809918641173
   2.6960000e+01  -4.869279619641174
   2.6965000e+01  -4.892578909141173
   2.6970000e+01  -4.9062702153911735
   2.6975000e+01  -4.912575146266174
   2.6980000e+01   -4.911182020391173
   2.6985000e+01   -4.898843227141174
   2.6990000e+01   -4.871646188641174
   2.6995000e+01   -4.827849980891174
   2.7000000e+01   -4.7688361608911745
   2.7005000e+01   -4.698494673391174
   2.7010000e+01   -4.621864190891174
   2.7015000e+01   -4.542862215891175
   2.7020000e+01   -4.462430470891174
   2.7025000e+01   -4.379109685891175
   2.7030000e+01   -4.291472655891175
   2.7035000e+01   -4.199935190891175
   2.7040000e+01   -4.106431163391175
   2.7045000e+01   -4.012585213391175
   2.7050000e+01   -3.9185699608911744
   2.7055000e+01   -3.8240973558911744
   2.7060000e+01   -3.7297708533911744
   2.7065000e+01   -3.6361973508911745
   2.7070000e+01   -3.5422146308911744
   2.7075000e+01   -3.4453421708911742
   2.7080000e+01   -3.3440815708911744
   2.7085000e+01   -3.2393061233911746
   2.7090000e+01   -3.1335088208911746
   2.7095000e+01   -3.0290396158911745
   2.7100000e+01   -2.9270014308911745
   2.7105000e+01   -2.8272850908911744
   2.7110000e+01   -2.7291911433911746
   2.7115000e+01   -2.6320414808911745
   2.7120000e+01   -2.5355044933911746
   2.7125000e+01   -2.4396164108911744
   2.7130000e+01   -2.3446228883911746
   2.7135000e+01   -2.2507891833911744
   2.7140000e+01   -2.158500390891174
   2.7145000e+01   -2.069074320891174
   2.7150000e+01   -1.9855056308911743
   2.7155000e+01   -1.9113780008911743
   2.7160000e+01   -1.8485127658911742
   2.7165000e+01   -1.7961380428911742
   2.7170000e+01   -1.7521975161411742
   2.7175000e+01   -1.7147756706411743
   2.7180000e+01   -1.6824357391411744
   2.7185000e+01   -1.6544411023911745
   2.7190000e+01   -1.6316560208911746
   2.7195000e+01   -1.6165040911411745
   2.7200000e+01   -1.6104603821911745
   2.7205000e+01  -1.6111338117661744
   2.7210000e+01  -1.6128198264911744
   2.7215000e+01   -1.6110615212911743
   2.7220000e+01   -1.6064283373911743
   2.7225000e+01   -1.6029099271911742
   2.7230000e+01  -1.6028076301911742
   2.7235000e+01  -1.6043353763661743
   2.7240000e+01   -1.6044353939911742
   2.7245000e+01   -1.6021365447411742
   2.7250000e+01   -1.5984057099161741
   2.7255000e+01   -1.595123025241174
   2.7260000e+01  -1.5948743924911741
   2.7265000e+01  -1.5991879292411741
   2.7270000e+01  -1.606570795241174
   2.7275000e+01  -1.6136569202411741
   2.7280000e+01  -1.6176437788911742
   2.7285000e+01   -1.6171976203661742
   2.7290000e+01   -1.6125308569411743
   2.7295000e+01   -1.6052834836911742
   2.7300000e+01   -1.5974282334411742
   2.7305000e+01   -1.5895703764411742
   2.7310000e+01   -1.5801944336911742
   2.7315000e+01   -1.5666978104411742
   2.7320000e+01   -1.5474676291911742
   2.7325000e+01   -1.5232511404411742
   2.7330000e+01   -1.496567592441174
   2.7335000e+01   -1.469631251191174
   2.7340000e+01   -1.4425677514411739
   2.7345000e+01   -1.4133369176911739
   2.7350000e+01   -1.3791842186911738
   2.7355000e+01   -1.3382038601911739
   2.7360000e+01   -1.289894366191174
   2.7365000e+01   -1.2349854386911738
   2.7370000e+01   -1.1755492536911738
   2.7375000e+01   -1.1149783286911739
   2.7380000e+01   -1.0562557236911738
   2.7385000e+01   -0.9997098911911738
   2.7390000e+01   -0.9434094061911739
   2.7395000e+01   -0.8856434386911739
   2.7400000e+01   -0.8260981911911739
   2.7405000e+01   -0.7649841261911738
   2.7410000e+01   -0.7023744111911738
   2.7415000e+01   -0.6391527261911738
   2.7420000e+01   -0.5779863361911738
   2.7425000e+01   -0.5224163561911738
   2.7430000e+01   -0.4749246049411738
   2.7435000e+01   -0.4358132964411738
   2.7440000e+01   -0.4032561951911738
   2.7445000e+01   -0.3742122459411738
   2.7450000e+01   -0.3458732319411738
   2.7455000e+01   -0.3168562151911738
   2.7460000e+01   -0.2875823394411738
   2.7465000e+01   -0.2599510889411738
   2.7470000e+01   -0.2362479204411738
   2.7475000e+01   -0.2175192811911738
   2.7480000e+01   -0.20280116469117382
   2.7485000e+01   -0.19000239219117382
   2.7490000e+01   -0.1772628409411738
   2.7495000e+01   -0.16330933244117382
   2.7500000e+01   -0.14700075894117381
   2.7505000e+01   -0.12746202569117382
   2.7510000e+01   -0.10498122244117382
   2.7515000e+01   -0.08114753819117382
   2.7520000e+01   -0.05775465444117382
   2.7525000e+01   -0.03576703894117382
   2.7530000e+01   -0.015185715441173819
   2.7535000e+01   0.004512534058826182
   2.7540000e+01   0.02388304255882618
   2.7545000e+01   0.04322609030882618
   2.7550000e+01   0.06265941405882619
   2.7555000e+01   0.0826449625588262
   2.7560000e+01   0.1043792418088262
   2.7565000e+01   0.1291367250588262
   2.7570000e+01   0.1573072125588262
   2.7575000e+01   0.18862500755882622
   2.7580000e+01   0.2228583588088262
   2.7585000e+01   0.2597126593088262
   2.7590000e+01   0.2988322298088262
   2.7595000e+01   0.3402884923088262
   2.7600000e+01   0.3843863450588262
   2.7605000e+01   0.4311959780588262
   2.7610000e+01   0.4810137478088262
   2.7615000e+01   0.5349004953088262
   2.7620000e+01   0.5942091303088262
   2.7625000e+01   0.6598946528088262
   2.7630000e+01   0.7326612328088262
   2.7635000e+01   0.8133458553088262
   2.7640000e+01   0.9020940703088262
   2.7645000e+01   0.9969275928088261
   2.7650000e+01   1.094080830308826
   2.7655000e+01   1.1901498803088262
   2.7660000e+01   1.2836407528088263
   2.7665000e+01   1.3748737078088262
   2.7670000e+01   1.4652492328088262
   2.7675000e+01   1.5568082578088263
   2.7680000e+01   1.6518921328088263
   2.7685000e+01   1.7523146028088263
   2.7690000e+01   1.8582237053088264
   2.7695000e+01   1.9676855928088264
   2.7700000e+01   2.0777033053088263
   2.7705000e+01   2.1859148553088263
   2.7710000e+01   2.2917578653088264
   2.7715000e+01   2.3969968228088265
   2.7720000e+01   2.5050931103088265
   2.7725000e+01   2.6183851403088267
   2.7730000e+01   2.735419170308827
   2.7735000e+01   2.852118732808827
   2.7740000e+01   2.965362652808827
   2.7745000e+01   3.074898397808827
   2.7750000e+01   3.182876425308827
   2.7755000e+01   3.292261600308827
   2.7760000e+01   3.404650220308827
   2.7765000e+01   3.518340277808827
   2.7770000e+01   3.6285273478088267
   2.7775000e+01   3.730515865308827
   2.7780000e+01   3.823339917808827
   2.7785000e+01   3.910015712808827
   2.7790000e+01   3.994656807808827
   2.7795000e+01   4.079680827808827
   2.7800000e+01   4.164719100308827
   2.7805000e+01   4.247065695308827
   2.7810000e+01   4.323279185308826
   2.7815000e+01   4.390973990308827
   2.7820000e+01   4.449725080308827
   2.7825000e+01   4.501009781308827
   2.7830000e+01   4.547331539308828
   2.7835000e+01   4.590542206808828
   2.7840000e+01   4.630488389558828
   2.7845000e+01   4.665192373558828
   2.7850000e+01   4.691969663558828
   2.7855000e+01   4.708698664558828
   2.7860000e+01   4.715276541108827
   2.7865000e+01  4.7140210007088275
   2.7870000e+01  4.707808805258828
   2.7875000e+01  4.697876657258828
   2.7880000e+01  4.683807609008828
   2.7885000e+01  4.665211653508828
   2.7890000e+01  4.6429377305088275
   2.7895000e+01  4.618673759508828
   2.7900000e+01  4.593472246758828
   2.7905000e+01  4.566770200008828
   2.7910000e+01  4.537115825508828
   2.7915000e+01  4.503726445258828
   2.7920000e+01  4.466838377258829
   2.7925000e+01  4.427126161758829
   2.7930000e+01  4.385941218258829
   2.7935000e+01  4.345584803758829
   2.7940000e+01  4.308041414758829
   2.7945000e+01  4.27350067625883
   2.7950000e+01  4.24041665300883
   2.7955000e+01  4.20647838350883
   2.7960000e+01  4.16976261100883
   2.7965000e+01  4.130105144758829
   2.7970000e+01  4.089256126258829
   2.7975000e+01  4.048807407258829
   2.7980000e+01  4.008483546508829
   2.7985000e+01  3.9670860240088293
   2.7990000e+01  3.9242448185088294
   2.7995000e+01  3.8808606880088297
   2.8000000e+01  3.8385750517588297
   2.8005000e+01  3.79845780025883
   2.8010000e+01  3.75935737725883
   2.8015000e+01  3.71876593525883
   2.8020000e+01  3.67637826325883
   2.8025000e+01  3.63483420650883
   2.8030000e+01  3.5961529712588303
   2.8035000e+01  3.55994185450883
   2.8040000e+01  3.5254370047588304
   2.8045000e+01  3.4928797030088305
   2.8050000e+01  3.4628780825088303
   2.8055000e+01  3.4360509305088303
   2.8060000e+01  3.41294555425883
   2.8065000e+01  3.3933095910088302
   2.8070000e+01  3.37583274050883
   2.8075000e+01  3.3592016762588304
   2.8080000e+01  3.34341562425883
   2.8085000e+01  3.33012154925883
   2.8090000e+01  3.32178847225883
   2.8095000e+01   3.32042234440883
   2.8100000e+01   3.32664076005883
   2.8105000e+01   3.33941486855883
   2.8110000e+01   3.35660858630883
   2.8115000e+01   3.37622291330883
   2.8120000e+01   3.39711041680883
   2.8125000e+01   3.41831578555883
   2.8130000e+01   3.4387926148088304
   2.8135000e+01   3.4586484018088304
   2.8140000e+01   3.4795856793088302
   2.8145000e+01   3.5033544200588302
   2.8150000e+01   3.53055553780883
   2.8155000e+01   3.56051051855883
   2.8160000e+01   3.59074513480883
   2.8165000e+01   3.61727331830883
   2.8170000e+01   3.63722713955883
   2.8175000e+01   3.65116470980883
   2.8180000e+01   3.66236860355883
   2.8185000e+01   3.67474035505883
   2.8190000e+01   3.6915306245588297
   2.8195000e+01   3.71473271255883
   2.8200000e+01   3.7445175830588298
   2.8205000e+01   3.7790063848088296
   2.8210000e+01   3.8147283713088296
   2.8215000e+01   3.8478055788088295
   2.8220000e+01   3.8756709515588295
   2.8225000e+01   3.8981546713088293
   2.8230000e+01   3.9165669003088293
   2.8235000e+01   3.9316701563088294
   2.8240000e+01   3.9428297903088296
   2.8245000e+01   3.9487296911338294
   2.8250000e+01  3.9483072347088295
   2.8255000e+01  3.9411386872088294
   2.8260000e+01  3.9275320999588295
   2.8265000e+01  3.9085856474588296
   2.8270000e+01  3.8856271337088297
   2.8275000e+01  3.8587356267088295
   2.8280000e+01  3.8260480824588297
   2.8285000e+01  3.7853823574588294
   2.8290000e+01  3.7366024509588294
   2.8295000e+01  3.6820499709588295
   2.8300000e+01  3.6247586484588297
   2.8305000e+01  3.5670606759588295
   2.8310000e+01  3.5112394934588296
   2.8315000e+01  3.4588741534588294
   2.8320000e+01  3.4070828684588292
   2.8325000e+01  3.3485471984588293
   2.8330000e+01  3.278503665958829
   2.8335000e+01  3.199181438458829
   2.8340000e+01  3.1160167159588292
   2.8345000e+01  3.032696885958829
   2.8350000e+01  2.950509035958829
   2.8355000e+01  2.869511180958829
   2.8360000e+01  2.788827995958829
   2.8365000e+01  2.706634993458829
   2.8370000e+01  2.621126055958829
   2.8375000e+01  2.532033810958829
   2.8380000e+01  2.4409214509588293
   2.8385000e+01  2.349917360958829
   2.8390000e+01  2.260349050958829
   2.8395000e+01  2.172122800958829
   2.8400000e+01  2.0839259659588287
   2.8405000e+01  1.9945577009588287
   2.8410000e+01  1.9045145784588287
   2.8415000e+01  1.8157425184588287
   2.8420000e+01  1.7297251009588288
   2.8425000e+01  1.6463967934588288
   2.8430000e+01  1.5647287959588287
   2.8435000e+01  1.4837228059588288
   2.8440000e+01  1.4028916009588288
   2.8445000e+01  1.3222464909588287
   2.8450000e+01  1.2421226909588288
   2.8455000e+01  1.1632209634588289
   2.8460000e+01  1.0867207884588288
   2.8465000e+01  1.0135125384588288
   2.8470000e+01  0.9427427034588288
   2.8475000e+01  0.8719364309588289
   2.8480000e+01  0.7993552109588289
   2.8485000e+01  0.7258891684588289
   2.8490000e+01  0.6543095859588289
   2.8495000e+01  0.5870194259588289
   2.8500000e+01  0.525199913458829
   2.8505000e+01  0.469950203458829
   2.8510000e+01  0.422520739958829
   2.8515000e+01  0.38290351570882897
   2.8520000e+01  0.349767845208829
   2.8525000e+01  0.32124603870882895
   2.8530000e+01  0.2938261584588289
   2.8535000e+01  0.2624195259588289
   2.8540000e+01  0.22430671445882888
   2.8545000e+01  0.18135261020882887
   2.8550000e+01  0.13706241420882886
   2.8555000e+01  0.09382775945882887
   2.8560000e+01  0.053289632208828874
   2.8565000e+01  0.016547317458828877
   2.8570000e+01  -0.016752618291171126
   2.8575000e+01  -0.04829311304117113
   2.8580000e+01  -0.07979938729117113
   2.8585000e+01  -0.11210450579117112
   2.8590000e+01  -0.14511110629117113
   2.8595000e+01  -0.17824230729117113
   2.8600000e+01  -0.21123180479117115
   2.8605000e+01  -0.24560061429117114
   2.8610000e+01  -0.28545242129117115
   2.8615000e+01  -0.33465688704117114
   2.8620000e+01  -0.3924883770411711
   2.8625000e+01  -0.4543176370411711
   2.8630000e+01  -0.5172356245411711
   2.8635000e+01  -0.5832628245411711
   2.8640000e+01  -0.6567806020411711
   2.8645000e+01  -0.739955622041171
   2.8650000e+01  -0.8310393320411711
   2.8655000e+01  -0.926113392041171
   2.8660000e+01  -1.021365917041171
   2.8665000e+01  -1.114597597041171
   2.8670000e+01  -1.206386442041171
   2.8675000e+01  -1.299653499541171
   2.8680000e+01  -1.397093439541171
   2.8685000e+01  -1.4993186320411709
   2.8690000e+01  -1.605252032041171
   2.8695000e+01  -1.7131449445411708
   2.8700000e+01  -1.8224553770411709
   2.8705000e+01  -1.936776094541171
   2.8710000e+01  -2.062935752041171
   2.8715000e+01  -2.204959449541171
   2.8720000e+01  -2.360971032041171
   2.8725000e+01  -2.526487832041171
   2.8730000e+01  -2.697387472041171
   2.8735000e+01  -2.869859882041171
   2.8740000e+01  -3.041305897041171
   2.8745000e+01  -3.212218057041171
   2.8750000e+01  -3.3857350720411707
   2.8755000e+01  -3.564999574541171
   2.8760000e+01  -3.750953359541171
   2.8765000e+01  -3.941897542041171
   2.8770000e+01  -4.134249662041171
   2.8775000e+01  -4.323811624541171
   2.8780000e+01  -4.507797397041171
   2.8785000e+01  -4.686616569541171
   2.8790000e+01  -4.86265626204117
   2.8795000e+01  -5.03630560954117
   2.8800000e+01  -5.20336922954117
   2.8805000e+01  -5.35621661954117
   2.8810000e+01  -5.487072854541171
   2.8815000e+01  -5.590862857041171
   2.8820000e+01  -5.666380669541171
   2.8825000e+01  -5.716302568541171
   2.8830000e+01  -5.746891591791171
   2.8835000e+01  -5.766834642541172
   2.8840000e+01  -5.783800137541172
   2.8845000e+01  -5.799954946541171
   2.8850000e+01  -5.811312489541171
   2.8855000e+01   -5.812606418466171
   2.8860000e+01   -5.802402324141171
   2.8865000e+01   -5.783543285891171
   2.8870000e+01   -5.760027783641171
   2.8875000e+01   -5.734320892141171
   2.8880000e+01   -5.707005735391171
   2.8885000e+01   -5.677154191141171
   2.8890000e+01   -5.6422519246411715
   2.8895000e+01   -5.599220252391172
   2.8900000e+01   -5.546466659891172
   2.8905000e+01   -5.484234659891172
   2.8910000e+01   -5.412717604891172
   2.8915000e+01   -5.331192989891171
   2.8920000e+01   -5.240547197391171
   2.8925000e+01   -5.145696827391172
   2.8930000e+01   -5.053053224891172
   2.8935000e+01   -4.965401147391172
   2.8940000e+01   -4.880306594891172
   2.8945000e+01   -4.793034572391172
   2.8950000e+01   -4.700249674891173
   2.8955000e+01   -4.601631919891172
   2.8960000e+01   -4.499603229891172
   2.8965000e+01   -4.398296794891173
   2.8970000e+01   -4.302010092391173
   2.8975000e+01   -4.213767707391173
   2.8980000e+01   -4.135219054891173
   2.8985000e+01   -4.067821097391173
   2.8990000e+01   -4.013815352641172
   2.8995000e+01   -3.9755126481411724
   2.9000000e+01   -3.9527475406411723
   2.9005000e+01   -3.9410861626411724
   2.9010000e+01   -3.9345324483911726
   2.9015000e+01   -3.9308392530161727
   2.9020000e+01  -3.9321492114661725
   2.9025000e+01  -3.9402992340411727
   2.9030000e+01  -3.9538945210411724
   2.9035000e+01  -3.9698072980411725
   2.9040000e+01  -3.9855469987911727
   2.9045000e+01  -4.000108854791173
   2.9050000e+01  -4.013643518541173
   2.9055000e+01  -4.026894096041173
   2.9060000e+01  -4.041064734291173
   2.9065000e+01  -4.057792414791173
   2.9070000e+01  -4.078211070541173
   2.9075000e+01  -4.101454841541173
   2.9080000e+01  -4.124227055041173
   2.9085000e+01  -4.141978358541173
   2.9090000e+01  -4.151307470516173
   2.9095000e+01   -4.152723011891172
   2.9100000e+01   -4.150673140991173
   2.9105000e+01   -4.149155047116173
   2.9110000e+01   -4.1476677290911725
   2.9115000e+01   -4.141605529391173
   2.9120000e+01   -4.124391006391173
   2.9125000e+01   -4.089861650641173
   2.9130000e+01   -4.036263851891173
   2.9135000e+01   -3.968240469391173
   2.9140000e+01   -3.893311944391173
   2.9145000e+01   -3.817160839391173
   2.9150000e+01   -3.742417316891173
   2.9155000e+01   -3.6695996718911728
   2.9160000e+01   -3.597508544391173
   2.9165000e+01   -3.523212334391173
   2.9170000e+01   -3.443305979391173
   2.9175000e+01   -3.356762976891173
   2.9180000e+01   -3.267492826891173
   2.9185000e+01   -3.184076864391173
   2.9190000e+01   -3.114633774391173
   2.9195000e+01   -3.058204891891173
   2.9200000e+01   -3.0014040318911728
   2.9205000e+01   -2.9272804368911727
   2.9210000e+01   -2.8282627043911726
   2.9215000e+01   -2.7096718743911725
   2.9220000e+01   -2.5827235393911727
   2.9225000e+01   -2.456176556891173
   2.9230000e+01   -2.333344871891173
   2.9235000e+01   -2.213737956891173
   2.9240000e+01   -2.095521209391173
   2.9245000e+01   -1.977028426891173
   2.9250000e+01   -1.857448286891173
   2.9255000e+01   -1.736907559391173
   2.9260000e+01   -1.616078944391173
   2.9265000e+01   -1.495457676891173
   2.9270000e+01   -1.3746230118911729
   2.9275000e+01   -1.2523030843911729
   2.9280000e+01   -1.127453349391173
   2.9285000e+01   -0.999912889391173
   2.9290000e+01   -0.870053761891173
   2.9295000e+01   -0.738910884391173
   2.9300000e+01   -0.608647511891173
   2.9305000e+01   -0.481524409391173
   2.9310000e+01   -0.358186419391173
   2.9315000e+01   -0.237527811891173
   2.9320000e+01   -0.117951759391173
   2.9325000e+01   0.0015695356088269996
   2.9330000e+01   0.121240003108827
   2.9335000e+01   0.240709710608827
   2.9340000e+01   0.359481758108827
   2.9345000e+01   0.477208688108827
   2.9350000e+01   0.593794763108827
   2.9355000e+01   0.709342315608827
   2.9360000e+01   0.824071880608827
   2.9365000e+01   0.9384515631088269
   2.9370000e+01   1.0536095406088268
   2.9375000e+01   1.171507465608827
   2.9380000e+01   1.294194643108827
   2.9385000e+01   1.4223822431088269
   2.9390000e+01   1.554625323108827
   2.9395000e+01   1.688113768108827
   2.9400000e+01   1.820396985608827
   2.9405000e+01   1.9504536181088268
   2.9410000e+01   2.078596295608827
   2.9415000e+01   2.205984358108827
   2.9420000e+01   2.334339540608827
   2.9425000e+01   2.465407413108827
   2.9430000e+01   2.599833130608827
   2.9435000e+01   2.736490028108827
   2.9440000e+01   2.873015030608827
   2.9445000e+01   3.006674530608827
   2.9450000e+01   3.134881285608827
   2.9455000e+01   3.255710500608827
   2.9460000e+01   3.368360768108827
   2.9465000e+01   3.4730510431088266
   2.9470000e+01   3.5704340081088266
   2.9475000e+01   3.6610395081088267
   2.9480000e+01   3.745035140608827
   2.9485000e+01   3.822174708108827
   2.9490000e+01   3.8914501806088273
   2.9495000e+01   3.9506234631088275
   2.9500000e+01   3.9972767991088274
   2.9505000e+01   4.031326486358827
   2.9510000e+01   4.055399976358827
   2.9515000e+01   4.072246718108827
   2.9520000e+01   4.0833224503588275
   2.9525000e+01   4.089648598983827
   2.9530000e+01   4.092111809058827
   2.9535000e+01  4.091159615908827
   2.9540000e+01  4.087372014658827
   2.9545000e+01  4.081958408008827
   2.9550000e+01  4.076241601508827
   2.9555000e+01  4.070999687033827
   2.9560000e+01  4.066383699358827
   2.9565000e+01  4.062199395583827
   2.9570000e+01  4.058206279558827
   2.9575000e+01  4.054285971183827
   2.9580000e+01  4.050467690408827
   2.9585000e+01  4.046867189058827
   2.9590000e+01  4.043607009808827
   2.9595000e+01  4.040867539533827
   2.9600000e+01  4.039266844108827
   2.9605000e+01   4.040149455858827
   2.9610000e+01   4.044795439008826
   2.9615000e+01   4.052806610258826
   2.9620000e+01   4.061482089758826
   2.9625000e+01   4.067113467608826
   2.9630000e+01  4.067133842283826
   2.9635000e+01  4.061350525858826
   2.9640000e+01  4.051079422108826
   2.9645000e+01  4.0369212061088255
   2.9650000e+01  4.018083184108826
   2.9655000e+01  3.994522749608826
   2.9660000e+01  3.968887963608826
   2.9665000e+01  3.9450680261088262
   2.9670000e+01  3.924551184858826
   2.9675000e+01  3.904714288108826
   2.9680000e+01  3.881011035858826
   2.9685000e+01  3.8505931088588263
   2.9690000e+01  3.8139716463588265
   2.9695000e+01  3.7741677261088267
   2.9700000e+01  3.7350143908588267
   2.9705000e+01  3.6996310628588267
   2.9710000e+01  3.668841914608827
   2.9715000e+01  3.6405049018588267
   2.9720000e+01  3.6115211743588267
   2.9725000e+01  3.5813469351088267
   2.9730000e+01  3.553035255608827
   2.9735000e+01  3.530063773608827
   2.9740000e+01  3.512837489358827
   2.9745000e+01  3.499376556358827
   2.9750000e+01  3.4882006603588267
   2.9755000e+01  3.479253389108827
   2.9760000e+01  3.473400014908827
   2.9765000e+01   3.471971598533827
   2.9770000e+01   3.4760584226088267
   2.9775000e+01   3.4867263543588267
   2.9780000e+01   3.5061634448588266
   2.9785000e+01   3.5366093041088265
   2.9790000e+01   3.5778613366088265
   2.9795000e+01   3.6276453293588267
   2.9800000e+01   3.6837169293588268
   2.9805000e+01   3.7440747243588266
   2.9810000e+01   3.806419999358827
   2.9815000e+01   3.8688275893588266
   2.9820000e+01   3.9302928993588266
   2.9825000e+01   3.9897349668588267
   2.9830000e+01   4.0447916518588265
   2.9835000e+01   4.092475378608826
   2.9840000e+01   4.130696286858826
   2.9845000e+01   4.158365901358826
   2.9850000e+01   4.174985961858826
   2.9855000e+01   4.181215770283826
   2.9860000e+01  4.179034409458826
   2.9865000e+01  4.170550406208825
   2.9870000e+01  4.156858629708825
   2.9875000e+01  4.137910463708825
   2.9880000e+01  4.112828727708825
   2.9885000e+01  4.080110028708825
   2.9890000e+01  4.038143551458825
   2.9895000e+01  3.9864477757088252
   2.9900000e+01  3.9267034157088254
   2.9905000e+01  3.8620682107088253
   2.9910000e+01  3.7947386332088255
   2.9915000e+01  3.7243303882088257
   2.9920000e+01  3.6493057657088257
   2.9925000e+01  3.569286978208826
   2.9930000e+01  3.484995163208826
   2.9935000e+01  3.396858018208826
   2.9940000e+01  3.305076458208826
   2.9945000e+01  3.210972363208826
   2.9950000e+01  3.117056723208826
   2.9955000e+01  3.025195773208826
   2.9960000e+01  2.936031648208826
   2.9965000e+01  2.850816583208826
   2.9970000e+01  2.771909230708826
   2.9975000e+01  2.7011955507088263
   2.9980000e+01  2.6399217407088265
   2.9985000e+01  2.5889515099588265
   2.9990000e+01  2.5468056084588264
   2.9995000e+01  2.5089151887088263
   3.0000000e+01  2.4711201684588264
   3.0005000e+01  2.4335118982088266
   3.0010000e+01  2.3999541317088267
   3.0015000e+01  2.3742236734588267
   3.0020000e+01  2.3576247452088266
   3.0025000e+01  2.3500011413588267
   3.0030000e+01   2.350796142083827
   3.0035000e+01   2.3584989609088267
   3.0040000e+01   2.3710326656588268
   3.0045000e+01   2.387482373908827
   3.0050000e+01   2.408543815158827
   3.0055000e+01   2.434943108158827
   3.0060000e+01   2.465448196658827
   3.0065000e+01   2.496185843908827
   3.0070000e+01   2.522257446408827
   3.0075000e+01   2.541133763408827
   3.0080000e+01   2.555229468408827
   3.0085000e+01   2.570645326158827
   3.0090000e+01   2.591948793658827
   3.0095000e+01   2.617863843158827
   3.0100000e+01   2.643040274658827
   3.0105000e+01   2.6635183236588267
   3.0110000e+01   2.679330369158827
   3.0115000e+01   2.692881375658827
   3.0120000e+01   2.706093327908827
   3.0125000e+01   2.718432877658827
   3.0130000e+01   2.727144025408827
   3.0135000e+01  2.729921659016327
   3.0140000e+01  2.727313859173827
   3.0145000e+01  2.722207237473827
   3.0150000e+01  2.7175352113238267
   3.0155000e+01  2.7147764339488267
   3.0160000e+01  2.7138386514163266
   3.0165000e+01  2.7134133234588265
   3.0170000e+01  2.7113930422588264
   3.0175000e+01  2.7058842567088264
   3.0180000e+01  2.6963916952088263
   3.0185000e+01  2.683695859708826
   3.0190000e+01  2.668972610958826
   3.0195000e+01  2.6537884434588257
   3.0200000e+01  2.639870127208826
   3.0205000e+01  2.6277059734588257
   3.0210000e+01  2.616435719208826
   3.0215000e+01  2.6055091109588258
   3.0220000e+01  2.5949264212088257
   3.0225000e+01  2.584016911958826
   3.0230000e+01  2.5717955314588257
   3.0235000e+01  2.558709253958826
   3.0240000e+01  2.5468548767088257
   3.0245000e+01  2.5378260099588257
   3.0250000e+01  2.5307890027088256
   3.0255000e+01  2.5233767049588254
   3.0260000e+01  2.514094823958825
   3.0265000e+01  2.503248864708825
   3.0270000e+01  2.4920302699588253
   3.0275000e+01  2.4811802339588254
   3.0280000e+01  2.470244860458825
   3.0285000e+01  2.4582457162088254
   3.0290000e+01  2.4455481489588253
   3.0295000e+01  2.434692875958825
   3.0300000e+01  2.428627444008825
   3.0305000e+01   2.4278361844088248
   3.0310000e+01   2.429204622308825
   3.0315000e+01  2.427862484858825
   3.0320000e+01  2.420469270608825
   3.0325000e+01  2.407144652608825
   3.0330000e+01  2.390734920358825
   3.0335000e+01  2.374535828358825
   3.0340000e+01  2.360418181358825
   3.0345000e+01  2.348120782858825
   3.0350000e+01  2.335449444858825
   3.0355000e+01  2.319299542108825
   3.0360000e+01  2.297316538108825
   3.0365000e+01  2.269309961608825
   3.0370000e+01  2.2373916223588246
   3.0375000e+01  2.2045485713588246
   3.0380000e+01  2.172525060358825
   3.0385000e+01  2.1405767356088248
   3.0390000e+01  2.1060954663588247
   3.0395000e+01  2.0666136488588247
   3.0400000e+01  2.0216342998588246
   3.0405000e+01  1.9729647878588246
   3.0410000e+01  1.9233455141088245
   3.0415000e+01  1.8743583548588245
   3.0420000e+01  1.8251974493588246
   3.0425000e+01  1.7732713066088246
   3.0430000e+01  1.7159523816088247
   3.0435000e+01  1.6518662466088248
   3.0440000e+01  1.5809977791088248
   3.0445000e+01  1.5041919566088247
   3.0450000e+01  1.4228907191088247
   3.0455000e+01  1.3389609591088247
   3.0460000e+01  1.2538378091088247
   3.0465000e+01  1.1676678016088247
   3.0470000e+01  1.0799029641088247
   3.0475000e+01  0.9906206741088247
   3.0480000e+01  0.9006464416088247
   3.0485000e+01  0.8103941666088247
   3.0490000e+01  0.7191239041088247
   3.0495000e+01  0.6257892116088246
   3.0500000e+01  0.5304512266088246
   3.0505000e+01  0.4343315616088246
   3.0510000e+01  0.33833747160882455
   3.0515000e+01  0.24173403410882455
   3.0520000e+01  0.14241973660882457
   3.0525000e+01  0.03858612660882456
   3.0530000e+01  -0.06984030839117546
   3.0535000e+01  -0.18144191089117545
   3.0540000e+01  -0.29501521839117545
   3.0545000e+01  -0.41080742089117545
   3.0550000e+01  -0.5299353708911755
   3.0555000e+01  -0.6527957458911755
   3.0560000e+01  -0.7781951808911756
   3.0565000e+01  -0.9039670233911755
   3.0570000e+01  -1.0282799808911756
   3.0575000e+01  -1.1503787383911757
   3.0580000e+01  -1.2704355508911758
   3.0585000e+01  -1.3890068633911758
   3.0590000e+01  -1.5065664908911758
   3.0595000e+01  -1.6232957058911759
   3.0600000e+01  -1.7391073533911758
   3.0605000e+01  -1.8538128408911758
   3.0610000e+01  -1.9674543333911758
   3.0615000e+01  -2.0807765258911757
   3.0620000e+01  -2.195216778391176
   3.0625000e+01  -2.311775558391176
   3.0630000e+01  -2.4295578458911757
   3.0635000e+01  -2.5458226708911758
   3.0640000e+01  -2.6582041533911758
   3.0645000e+01  -2.7668566108911756
   3.0650000e+01  -2.873624680891176
   3.0655000e+01  -2.979699560891176
   3.0660000e+01  -3.0854517708911757
   3.0665000e+01  -3.1916165133911756
   3.0670000e+01  -3.2989415933911754
   3.0675000e+01  -3.4071229433911756
   3.0680000e+01  -3.5149939408911757
   3.0685000e+01  -3.621403208391176
   3.0690000e+01  -3.7254035983911757
   3.0695000e+01  -3.825973520891176
   3.0700000e+01  -3.922652280891176
   3.0705000e+01  -4.016623488391176
   3.0710000e+01  -4.109809010891175
   3.0715000e+01  -4.202571303391175
   3.0720000e+01  -4.293515698391175
   3.0725000e+01  -4.381464403391175
   3.0730000e+01  -4.466585523391175
   3.0735000e+01  -4.549842178391175
   3.0740000e+01  -4.632119543391175
   3.0745000e+01  -4.713844875891175
   3.0750000e+01  -4.795025458391175
   3.0755000e+01  -4.875456793391175
   3.0760000e+01  -4.9549096183911745
   3.0765000e+01  -5.0330782758911745
   3.0770000e+01  -5.109194935891175
   3.0775000e+01  -5.1819179983911745
   3.0780000e+01  -5.2501418608911745
   3.0785000e+01  -5.313741123391175
   3.0790000e+01  -5.373068503391175
   3.0795000e+01  -5.428313983391175
   3.0800000e+01  -5.479772031391175
   3.0805000e+01  -5.527784034141175
   3.0810000e+01  -5.571882659391175
   3.0815000e+01  -5.610721516641175
   3.0820000e+01  -5.643373980141175
   3.0825000e+01  -5.670572997641175
   3.0830000e+01  -5.694530842891175
   3.0835000e+01  -5.717600580141175
   3.0840000e+01  -5.7410528443911755
   3.0845000e+01  -5.764577043391175
   3.0850000e+01  -5.786446962641175
   3.0855000e+01  -5.804588233141176
   3.0860000e+01  -5.818042276141176
   3.0865000e+01  -5.827164956891176
   3.0870000e+01  -5.832551139991176
   3.0875000e+01  -5.8346448970911755
   3.0880000e+01   -5.834320999191175
   3.0885000e+01   -5.832927023891175
   3.0890000e+01   -5.831507225566175
   3.0895000e+01   -5.829926398366175
   3.0900000e+01   -5.826233586341175
   3.0905000e+01   -5.817193405591175
   3.0910000e+01   -5.800654027091175
   3.0915000e+01   -5.777616269841175
   3.0920000e+01   -5.7514868335911755
   3.0925000e+01   -5.725529972091175
   3.0930000e+01   -5.701009808341175
   3.0935000e+01   -5.676762709341175
   3.0940000e+01   -5.649918902591176
   3.0945000e+01   -5.617531549591176
   3.0950000e+01   -5.578411935341176
   3.0955000e+01   -5.533945688091176
   3.0960000e+01   -5.487165101091176
   3.0965000e+01   -5.440869115091177
   3.0970000e+01   -5.396383485091177
   3.0975000e+01   -5.353586079591177
   3.0980000e+01   -5.311641263591177
   3.0985000e+01   -5.269700379341177
   3.0990000e+01   -5.227074991591177
   3.0995000e+01   -5.182956203841178
   3.1000000e+01   -5.136677098341178
   3.1005000e+01   -5.088792222591177
   3.1010000e+01   -5.0409957853411775
   3.1015000e+01   -4.994278364841177
   3.1020000e+01   -4.948377616091177
   3.1025000e+01   -4.903420033091177
   3.1030000e+01   -4.860479637591177
   3.1035000e+01   -4.820169553591177
   3.1040000e+01   -4.781857634841177
   3.1045000e+01   -4.744411742841177
   3.1050000e+01   -4.707282674091178
   3.1055000e+01   -4.671211401841178
   3.1060000e+01   -4.638268089591178
   3.1065000e+01   -4.610965354091178
   3.1070000e+01   -4.591033021841178
   3.1075000e+01   -4.5787586465911785
   3.1080000e+01   -4.572943804816179
   3.1085000e+01  -4.571439912898678
   3.1090000e+01  -4.572543606856178
   3.1095000e+01  -4.576351084456178
   3.1100000e+01  -4.5844740217061775
   3.1105000e+01  -4.598215288706178
   3.1110000e+01  -4.617037194456178
   3.1115000e+01  -4.638810218206178
   3.1120000e+01  -4.6615616599561776
   3.1125000e+01  -4.6850302142061775
   3.1130000e+01  -4.710491028706177
   3.1135000e+01  -4.739067253956177
   3.1140000e+01  -4.770414697706177
   3.1145000e+01  -4.802845867206177
   3.1150000e+01  -4.834063227956177
   3.1155000e+01  -4.861947724456177
   3.1160000e+01  -4.885720361956176
   3.1165000e+01  -4.906906257956177
   3.1170000e+01  -4.928685292706176
   3.1175000e+01  -4.9533694152061765
   3.1180000e+01  -4.980274555456177
   3.1185000e+01  -5.006602264456177
   3.1190000e+01  -5.030248269956177
   3.1195000e+01  -5.051195147206177
   3.1200000e+01  -5.070707944456177
   3.1205000e+01  -5.089865527456177
   3.1210000e+01  -5.108518622206177
   3.1215000e+01  -5.125314076206178
   3.1220000e+01  -5.138896749456178
   3.1225000e+01  -5.1488246002061775
   3.1230000e+01  -5.154991012731178
   3.1235000e+01   -5.156728127606177
   3.1240000e+01   -5.1529607084561775
   3.1245000e+01   -5.1428892349561774
   3.1250000e+01   -5.126276918706178
   3.1255000e+01   -5.103399805706178
   3.1260000e+01   -5.075190257956177
   3.1265000e+01   -5.043478057206177
   3.1270000e+01   -5.010530703956177
   3.1275000e+01   -4.977763214706177
   3.1280000e+01   -4.944757029206177
   3.1285000e+01   -4.909807215706177
   3.1290000e+01   -4.871707555206177
   3.1295000e+01   -4.830895327956177
   3.1300000e+01   -4.788718618706177
   3.1305000e+01   -4.745669515206178
   3.1310000e+01   -4.700177578456177
   3.1315000e+01   -4.649016845706178
   3.1320000e+01   -4.589502150706178
   3.1325000e+01   -4.521790383206178
   3.1330000e+01   -4.448561120706178
   3.1335000e+01   -4.3722720932061785
   3.1340000e+01   -4.293375090706179
   3.1345000e+01   -4.211172850706179
   3.1350000e+01   -4.125511570706179
   3.1355000e+01   -4.037029818206179
   3.1360000e+01   -3.946149078206179
   3.1365000e+01   -3.852792673206179
   3.1370000e+01   -3.757023575706179
   3.1375000e+01   -3.659035388206179
   3.1380000e+01   -3.558779088206179
   3.1385000e+01   -3.4564600907061793
   3.1390000e+01   -3.353121335706179
   3.1395000e+01   -3.250201275706179
   3.1400000e+01   -3.148776108206179
   3.1405000e+01   -3.049594135706179
   3.1410000e+01   -2.953535290706179
   3.1415000e+01   -2.861078135706179
   3.1420000e+01   -2.771186208206179
   3.1425000e+01   -2.682079795706179
   3.1430000e+01   -2.593464283206179
   3.1435000e+01   -2.506738998206179
   3.1440000e+01   -2.422940125706179
   3.1445000e+01   -2.341484355706179
   3.1450000e+01   -2.260824068206179
   3.1455000e+01   -2.1796685982061788
   3.1460000e+01   -2.0976333757061787
   3.1465000e+01   -2.015169370706179
   3.1470000e+01   -1.9331021682061789
   3.1475000e+01   -1.8521601207061789
   3.1480000e+01   -1.7727166982061788
   3.1485000e+01   -1.6947806982061788
   3.1490000e+01   -1.6181423157061787
   3.1495000e+01   -1.5425510132061788
   3.1500000e+01   -1.4678370382061787
   3.1505000e+01   -1.3939481132061786
   3.1510000e+01   -1.3209205982061787
   3.1515000e+01   -1.2488244882061788
   3.1520000e+01   -1.1777166807061787
   3.1525000e+01   -1.1076191732061786
   3.1530000e+01   -1.0385212032061786
   3.1535000e+01   -0.9703945582061786
   3.1540000e+01   -0.9032100882061785
   3.1545000e+01   -0.8369478382061786
   3.1550000e+01   -0.7715990657061785
   3.1555000e+01   -0.7071626057061785
   3.1560000e+01   -0.6436394682061785
   3.1565000e+01   -0.5810287107061785
   3.1570000e+01   -0.5193258457061785
   3.1575000e+01   -0.45852342570617843
   3.1580000e+01   -0.3986126582061784
   3.1585000e+01   -0.3395849407061784
   3.1590000e+01   -0.2814326857061784
   3.1595000e+01   -0.2241493532061784
   3.1600000e+01   -0.1677290082061784
   3.1605000e+01   -0.11216580320617839
   3.1610000e+01   -0.05745364820617839
   3.1615000e+01   -0.0035861157061783874
   3.1620000e+01   0.049443471793821615
   3.1625000e+01   0.1016418867938216
   3.1630000e+01   0.1530158642938216
   3.1635000e+01   0.2035720317938216
   3.1640000e+01   0.2533169085438216
   3.1645000e+01   0.3022569555438216
   3.1650000e+01   0.3503986445438216
   3.1655000e+01   0.3977484862938216
   3.1660000e+01   0.4443130195438216
   3.1665000e+01   0.4900987850438216
   3.1670000e+01   0.5351123097938216
   3.1675000e+01   0.5793601047938216
   3.1680000e+01   0.6228486660438216
   3.1685000e+01   0.6655844750438216
   3.1690000e+01   0.7075740032938216
   3.1695000e+01   0.7488237182938215
   3.1700000e+01   0.7893400815438215
   3.1705000e+01   0.8291295397938215
   3.1710000e+01   0.8681985185438216
   3.1715000e+01   0.9065534222938216
   3.1720000e+01   0.9442006410438216
   3.1725000e+01   0.9811465547938216
   3.1730000e+01   1.0173975292938215
   3.1735000e+01   1.0529599102938216
   3.1740000e+01   1.0878400280438216
   3.1745000e+01   1.1220442120438217
   3.1750000e+01   1.1555788020438216
   3.1755000e+01   1.1884501382938215
   3.1760000e+01   1.2206645347938214
   3.1765000e+01   1.2522282612938214
   3.1770000e+01   1.2831475445438214
   3.1775000e+01   1.3134285810438213
   3.1780000e+01   1.3430775510438213
   3.1785000e+01   1.3721006237938214
   3.1790000e+01   1.4005039545438214
   3.1795000e+01   1.4282936852938213
   3.1800000e+01   1.4554759467938212
   3.1805000e+01   1.4820568475438212
   3.1810000e+01   1.5080424605438212
   3.1815000e+01   1.5334388310438212
   3.1820000e+01   1.5582519957938212
   3.1825000e+01   1.5824879840438213
   3.1830000e+01   1.6061527965438214
   3.1835000e+01   1.6292523897938214
   3.1840000e+01   1.6517926835438215
   3.1845000e+01   1.6737795787938214
   3.1850000e+01   1.6952189682938215
   3.1855000e+01   1.7161167290438215
   3.1860000e+01   1.7364787040438214
   3.1865000e+01   1.7563106982938215
   3.1870000e+01   1.7756184940438215
   3.1875000e+01   1.7944078605438216
   3.1880000e+01   1.8126845422938216
   3.1885000e+01   1.8304542490438216
   3.1890000e+01   1.8477226630438215
   3.1895000e+01   1.8644954415438215
   3.1900000e+01   1.8807782057938216
   3.1905000e+01   1.8965765357938216
   3.1910000e+01   1.9118959820438215
   3.1915000e+01   1.9267420750438216
   3.1920000e+01   1.9411203217938215
   3.1925000e+01   1.9550362030438215
   3.1930000e+01   1.9684951747938215
   3.1935000e+01   1.9815026667938216
   3.1940000e+01   1.9940640777938217
   3.1945000e+01   2.006184776543822
   3.1950000e+01   2.017870103543822
   3.1955000e+01   2.029125363793822
   3.1960000e+01   2.0399558242938216
   3.1965000e+01   2.0503667242938217
   3.1970000e+01   2.0603632865438217
   3.1975000e+01   2.0699507130438217
   3.1980000e+01   2.0791341652938216
   3.1985000e+01   2.0879187500438214
   3.1990000e+01   2.0963095260438216
   3.1995000e+01   2.1043115240438217
   3.2000000e+01   2.1119297600438216
   3.2005000e+01   2.1191692365438217
   3.2010000e+01   2.1260349405438217
   3.2015000e+01   2.1325318377938216
   3.2020000e+01   2.1386648572938216
   3.2025000e+01   2.1444388757938215
   3.2030000e+01   2.1498587162938216
   3.2035000e+01   2.1549291576438216
   3.2040000e+01   2.1596549409688217
   3.2045000e+01   2.1640407700938216
   3.2050000e+01   2.1680913213438218
   3.2055000e+01   2.171811264768822
   3.2060000e+01   2.175205271118822
   3.2065000e+01   2.1782779926688223
   3.2070000e+01   2.1810340394938224
   3.2075000e+01   2.183477971068822
   3.2080000e+01   2.1856142981938222
   3.2085000e+01   2.1874474863938222
   3.2090000e+01   2.188981962418822
   3.2095000e+01   2.190222121768822
   3.2100000e+01   2.191172332443822
   3.2105000e+01   2.191836939868822
   3.2110000e+01   2.192220275276322
   3.2115000e+01  2.192326654619572
   3.2120000e+01  2.1921603577253217
   3.2125000e+01  2.191725600145322
   3.2130000e+01  2.191026525120322
   3.2135000e+01  2.1900672274453217
   3.2140000e+01  2.1888517889703216
   3.2145000e+01  2.1873842981453215
   3.2150000e+01  2.1856688444703214
   3.2155000e+01  2.1837094956203216
   3.2160000e+01  2.1815102759453215
   3.2165000e+01  2.1790751598703215
   3.2170000e+01  2.1764080742703213
   3.2175000e+01  2.1735128995203215
   3.2180000e+01  2.1703934693203215
   3.2185000e+01  2.1670535733953216
   3.2190000e+01  2.1634969660703214
   3.2195000e+01  2.1597273830703214
   3.2200000e+01  2.1557485578703215
   3.2205000e+01  2.1515642172453213
   3.2210000e+01  2.1471780542203214
   3.2215000e+01  2.1425937046203214
   3.2220000e+01  2.1378147475703213
   3.2225000e+01  2.1328447249703215
   3.2230000e+01  2.1276871614703214
   3.2235000e+01  2.1223455677203216
   3.2240000e+01  2.1168234289703216
   3.2245000e+01  2.1111241952203215
   3.2250000e+01  2.1052512789703215
   3.2255000e+01  2.0992080552203216
   3.2260000e+01  2.0929978627203214
   3.2265000e+01  2.0866240072203213
   3.2270000e+01  2.0800897639703213
   3.2275000e+01  2.0733983779703213
   3.2280000e+01  2.0665530629703213
   3.2285000e+01  2.059557002220321
   3.2290000e+01  2.052413349220321
   3.2295000e+01  2.045125228720321
   3.2300000e+01  2.037695737220321
   3.2305000e+01  2.030127941970321
   3.2310000e+01  2.022424878720321
   3.2315000e+01  2.014589548970321
   3.2320000e+01  2.006624919220321
   3.2325000e+01  1.9985339234703212
   3.2330000e+01  1.9903194672203213
   3.2335000e+01  1.9819844299703213
   3.2340000e+01  1.9735316654703212
   3.2345000e+01  1.9649639992203212
   3.2350000e+01  1.9562842249703212
   3.2355000e+01  1.9474951027203211
   3.2360000e+01  1.938599360470321
   3.2365000e+01  1.9295996977203211
   3.2370000e+01  1.9204987872203212
   3.2375000e+01  1.9112992749703213
   3.2380000e+01  1.9020037789703212
   3.2385000e+01  1.8926148867203212
   3.2390000e+01  1.8831351544703212
   3.2395000e+01  1.8735671087203212
   3.2400000e+01  1.863913247720321
   3.2405000e+01  1.8541760434703212
   3.2410000e+01  1.8443579424703211
   3.2415000e+01  1.834461363720321
   3.2420000e+01  1.824488696720321
   3.2425000e+01  1.8144423007203212
   3.2430000e+01  1.8043245062203213
   3.2435000e+01  1.7941376172203212
   3.2440000e+01  1.7838839117203211
   3.2445000e+01  1.7735656417203212
   3.2450000e+01  1.7631850327203211
   3.2455000e+01  1.752744283470321
   3.2460000e+01  1.742245565470321
   3.2465000e+01  1.731691023220321
   3.2470000e+01  1.721082775220321
   3.2475000e+01  1.710422913470321
   3.2480000e+01  1.699713503720321
   3.2485000e+01  1.688956585470321
   3.2490000e+01  1.678154171970321
   3.2495000e+01  1.667308250970321
   3.2500000e+01  1.656420784970321
   3.2505000e+01  1.645493711470321
   3.2510000e+01  1.634528943720321
   3.2515000e+01  1.623528370720321
   3.2520000e+01  1.612493856470321
   3.2525000e+01  1.601427239220321
   3.2530000e+01  1.590330331970321
   3.2535000e+01  1.5792049232203211
   3.2540000e+01  1.5680527767203212
   3.2545000e+01  1.556875633220321
   3.2550000e+01  1.5456752117203212
   3.2555000e+01  1.5344532079703213
   3.2560000e+01  1.5232112934703212
   3.2565000e+01  1.5119511159703212
   3.2570000e+01  1.500674299970321
   3.2575000e+01  1.489382445970321
   3.2580000e+01  1.478077129720321
   3.2585000e+01  1.466759903720321
   3.2590000e+01  1.455432299220321
   3.2595000e+01  1.444095827470321
   3.2600000e+01  1.4327519787203211
   3.2605000e+01  1.4214022204703212
   3.2610000e+01  1.410047997470321
   3.2615000e+01  1.398690731970321
   3.2620000e+01  1.387331824470321
   3.2625000e+01  1.375972653970321
   3.2630000e+01  1.364614578720321
   3.2635000e+01  1.353258936970321
   3.2640000e+01  1.3419070464703209
   3.2645000e+01  1.3305602034703208
   3.2650000e+01  1.3192196822203208
   3.2655000e+01  1.3078867369703209
   3.2660000e+01  1.296562602220321
   3.2665000e+01  1.2852484917203209
   3.2670000e+01  1.2739455994703208
   3.2675000e+01  1.2626551002203208
   3.2680000e+01  1.2513781497203207
   3.2685000e+01  1.2401158849703207
   3.2690000e+01  1.2288694242203206
   3.2695000e+01  1.2176398667203205
   3.2700000e+01  1.2064282914703206
   3.2705000e+01  1.1952357562203206
   3.2710000e+01  1.1840632977203207
   3.2715000e+01  1.1729119347203207
   3.2720000e+01  1.1617826697203206
   3.2725000e+01  1.1506764894703205
   3.2730000e+01  1.1395943644703206
   3.2735000e+01  1.1285372474703206
   3.2740000e+01  1.1175060729703206
   3.2745000e+01  1.1065017579703205
   3.2750000e+01  1.0955252029703204
   3.2755000e+01  1.0845772912203204
   3.2760000e+01  1.0736588884703204
   3.2765000e+01  1.0627708424703204
   3.2770000e+01  1.0519139824703203
   3.2775000e+01  1.0410891189703204
   3.2780000e+01  1.0302970447203204
   3.2785000e+01  1.0195385369703203
   3.2790000e+01  1.0088143594703203
   3.2795000e+01  0.9981252639703203
   3.2800000e+01  0.9874719897203204
   3.2805000e+01  0.9768552614703203
   3.2810000e+01  0.9662757864703203
   3.2815000e+01  0.9557342519703204
   3.2820000e+01  0.9452313262203204
   3.2825000e+01  0.9347676619703204
   3.2830000e+01  0.9243438987203203
   3.2835000e+01  0.9139606632203203
   3.2840000e+01  0.9036185684703203
   3.2845000e+01  0.8933182132203203
   3.2850000e+01  0.8830601829703203
   3.2855000e+01  0.8728450502203203
   3.2860000e+01  0.8626733737203204
   3.2865000e+01  0.8525456977203204
   3.2870000e+01  0.8424625517203204
   3.2875000e+01  0.8324244519703203
   3.2880000e+01  0.8224319019703203
   3.2885000e+01  0.8124853909703204
   3.2890000e+01  0.8025853939703204
   3.2895000e+01  0.7927323727203204
   3.2900000e+01  0.7829267772203203
   3.2905000e+01  0.7731690467203204
   3.2910000e+01  0.7634596097203203
   3.2915000e+01  0.7537988822203203
   3.2920000e+01  0.7441872659703204
   3.2925000e+01  0.7346251484703203
   3.2930000e+01  0.7251129042203204
   3.2935000e+01  0.7156508964703204
   3.2940000e+01  0.7062394779703204
   3.2945000e+01  0.6968789912203204
   3.2950000e+01  0.6875697687203204
   3.2955000e+01  0.6783121329703203
   3.2960000e+01  0.6691063964703203
   3.2965000e+01  0.6599528604703203
   3.2970000e+01  0.6508518129703204
   3.2975000e+01  0.6418035274703203
   3.2980000e+01  0.6328082647203204
   3.2985000e+01  0.6238662757203204
   3.2990000e+01  0.6149778044703204
   3.2995000e+01  0.6061430877203203
   3.3000000e+01  0.5973623522203203
   3.3005000e+01  0.5886358139703203
   3.3010000e+01  0.5799636789703203
   3.3015000e+01  0.5713461434703203
   3.3020000e+01  0.5627833937203203
   3.3025000e+01  0.5542756064703203
   3.3030000e+01  0.5458229494703203
   3.3035000e+01  0.5374255812203202
   3.3040000e+01  0.5290836499703202
   3.3045000e+01  0.5207972942203202
   3.3050000e+01  0.5125666447203202
   3.3055000e+01  0.5043918254703202
   3.3060000e+01  0.49627295197032023
   3.3065000e+01  0.48821012972032024
   3.3070000e+01  0.48020345522032026
   3.3075000e+01  0.47225301847032025
   3.3080000e+01  0.46435890272032027
   3.3085000e+01  0.45652118322032026
   3.3090000e+01  0.44873992647032024
   3.3095000e+01  0.44101518947032026
   3.3100000e+01  0.43334702022032023
   3.3105000e+01  0.42573545872032026
   3.3110000e+01  0.41818053897032026
   3.3115000e+01  0.41068229022032027
   3.3120000e+01  0.40324073547032024
   3.3125000e+01  0.39585588897032026
   3.3130000e+01  0.38852775622032026
   3.3135000e+01  0.38125633572032025
   3.3140000e+01  0.37404162072032027
   3.3145000e+01  0.36688359822032024
   3.3150000e+01  0.35978224772032025
   3.3155000e+01  0.35273754122032025
   3.3160000e+01  0.34574944447032024
   3.3165000e+01  0.3388179184703202
   3.3170000e+01  0.3319429192203202
   3.3175000e+01  0.3251243972203202
   3.3180000e+01  0.3183622969703202
   3.3185000e+01  0.3116565557203202
   3.3190000e+01  0.3050071029703202
   3.3195000e+01  0.29841386197032016
   3.3200000e+01  0.2918767509703202
   3.3205000e+01  0.2853956837203202
   3.3210000e+01  0.2789705692203202
   3.3215000e+01  0.2726013122203202
   3.3220000e+01  0.2662878134703202
   3.3225000e+01  0.2600299687203202
   3.3230000e+01  0.2538276684703202
   3.3235000e+01  0.24768079747032018
   3.3240000e+01  0.24158923372032018
   3.3245000e+01  0.23555284897032017
   3.3250000e+01  0.22957151072032017
   3.3255000e+01  0.22364508347032017
   3.3260000e+01  0.21777342872032016
   3.3265000e+01  0.21195640372032015
   3.3270000e+01  0.20619386122032016
   3.3275000e+01  0.20048564947032016
   3.3280000e+01  0.19483161197032017
   3.3285000e+01  0.18923158797032016
   3.3290000e+01  0.18368541272032016
   3.3295000e+01  0.17819291772032017
   3.3300000e+01  0.17275393047032017
   3.3305000e+01  0.16736827422032016
   3.3310000e+01  0.16203576822032018
   3.3315000e+01  0.15675622847032017
   3.3320000e+01  0.15152946872032017
   3.3325000e+01  0.14635529972032016
   3.3330000e+01  0.14123352897032015
   3.3335000e+01  0.13616396072032017
   3.3340000e+01  0.13114639589532018
   3.3345000e+01  0.1261806328453202
   3.3350000e+01  0.12126646697032019
   3.3355000e+01  0.11640369044532019
   3.3360000e+01  0.11159209192032019
   3.3365000e+01  0.10683145607032019
   3.3370000e+01  0.10212156287032019
   3.3375000e+01  0.09746218832032019
   3.3380000e+01  0.0928531068953202
   3.3385000e+01  0.0882940935203202
   3.3390000e+01  0.08378492372032019
   3.3395000e+01  0.07932537199532019
   3.3400000e+01  0.0749152093203202
   3.3405000e+01  0.0705542016953202
   3.3410000e+01  0.06624211014532021
   3.3415000e+01  0.061978691920320204
   3.3420000e+01  0.0577637028203202
   3.3425000e+01  0.0535968990203202
   3.3430000e+01  0.0494780371203202
   3.3435000e+01  0.0454068733203202
   3.3440000e+01  0.0413831625703202
   3.3445000e+01  0.0374066572953202
   3.3450000e+01  0.033477105945320204
   3.3455000e+01  0.029594252420320204
   3.3460000e+01  0.025757836920320205
   3.3465000e+01  0.021967597795320204
   3.3470000e+01  0.018223273320320203
   3.3475000e+01  0.014524602220320202
   3.3480000e+01  0.010871322895320203
   3.3485000e+01  0.007263172870320203
   3.3490000e+01  0.0036998887703202027
   3.3495000e+01  0.00018120587032020288
   3.3500000e+01  -0.0032931423546797975
   3.3505000e+01  -0.006723423879679797
   3.3510000e+01  -0.010109907529679798
   3.3515000e+01  -0.013452863029679797
   3.3520000e+01  -0.0167525612796798
   3.3525000e+01  -0.0200092744546798
   3.3530000e+01  -0.0232232761546798
   3.3535000e+01  -0.0263948411546798
   3.3540000e+01  -0.0295242446796798
   3.3545000e+01  -0.0326117621546798
   3.3550000e+01  -0.0356576692296798
   3.3555000e+01  -0.0386622411546798
   3.3560000e+01  -0.041625752854679794
   3.3565000e+01  -0.0445484805546798
   3.3570000e+01  -0.0474307035296798
   3.3575000e+01  -0.0502727038546798
   3.3580000e+01  -0.0530747640796798
   3.3585000e+01  -0.0558371652546798
   3.3590000e+01  -0.0585601865796798
   3.3595000e+01  -0.061244106554679795
   3.3600000e+01  -0.0638892049546798
   3.3605000e+01  -0.0664957642296798
   3.3610000e+01  -0.06906406855467981
   3.3615000e+01  -0.07159440145467981
   3.3620000e+01  -0.07408704500467982
   3.3625000e+01  -0.07654228095467981
   3.3630000e+01  -0.07896039150467982
   3.3635000e+01  -0.08134165895467982
   3.3640000e+01  -0.08368636515467982
   3.3645000e+01  -0.08599479145467982
   3.3650000e+01  -0.08826721937967982
   3.3655000e+01  -0.09050393107967983
   3.3660000e+01  -0.09270520902967982
   3.3665000e+01  -0.09487133560467982
   3.3670000e+01  -0.09700259310467982
   3.3675000e+01  -0.09909926345467981
   3.3680000e+01  -0.10116162732967982
   3.3685000e+01  -0.10318996447967982
   3.3690000e+01  -0.10518455545467982
   3.3695000e+01  -0.10714568212967981
   3.3700000e+01  -0.10907362597967982
   3.3705000e+01  -0.11096866670467982
   3.3710000e+01  -0.11283108265467982
   3.3715000e+01  -0.11466115137967982
   3.3720000e+01  -0.11645914960467982
   3.3725000e+01  -0.11822535377967981
   3.3730000e+01  -0.11996004095467981
   3.3735000e+01  -0.12166348882967981
   3.3740000e+01  -0.12333597530467981
   3.3745000e+01  -0.12497777770467981
   3.3750000e+01  -0.12658917115467982
   3.3755000e+01  -0.1281704279796798
   3.3760000e+01  -0.12972181957967982
   3.3765000e+01  -0.13124361835467982
   3.3770000e+01  -0.13273609760467983
   3.3775000e+01  -0.13419953032967982
   3.3780000e+01  -0.13563418825467982
   3.3785000e+01  -0.13704034132967982
   3.3790000e+01  -0.13841825792967982
   3.3795000e+01  -0.13976820577967983
   3.3800000e+01  -0.14109045270467982
   3.3805000e+01  -0.14238526632967982
   3.3810000e+01  -0.14365291297967983
   3.3815000e+01  -0.14489365682967983
   3.3820000e+01  -0.14610776015467983
   3.3825000e+01  -0.14729548435467982
   3.3830000e+01  -0.1484570911796798
   3.3835000e+01  -0.1495928438546798
   3.3840000e+01  -0.1507030062296798
   3.3845000e+01  -0.1517878397046798
   3.3850000e+01  -0.15284760165467978
   3.3855000e+01  -0.15388254685467978
   3.3860000e+01  -0.15489292952967978
   3.3865000e+01  -0.15587900415467978
   3.3870000e+01  -0.1568410247546798
   3.3875000e+01  -0.15777924375467978
   3.3880000e+01  -0.15869391225467977
   3.3885000e+01  -0.15958528185467977
   3.3890000e+01  -0.16045360547967977
   3.3895000e+01  -0.16129913540467977
   3.3900000e+01  -0.16212212005467977
   3.3905000e+01  -0.16292280245467977
   3.3910000e+01  -0.16370142205467977
   3.3915000e+01  -0.16445821867967977
   3.3920000e+01  -0.16519343480467977
   3.3925000e+01  -0.16590731422967978
   3.3930000e+01  -0.16660009930467978
   3.3935000e+01  -0.16727202975467978
   3.3940000e+01  -0.16792334377967977
   3.3945000e+01  -0.16855427930467975
   3.3950000e+01  -0.16916507310467976
   3.3955000e+01  -0.16975595915467975
   3.3960000e+01  -0.17032716865467976
   3.3965000e+01  -0.17087893120467976
   3.3970000e+01  -0.17141147585467975
   3.3975000e+01  -0.17192503192967976
   3.3980000e+01  -0.17241982876217976
   3.3985000e+01  -0.17289609393717975
   3.3990000e+01  -0.17335405179467975
   3.3995000e+01  -0.17379392365967974
   3.4000000e+01  -0.17421592935217975
   3.4005000e+01  -0.17462028866467974
   3.4010000e+01  -0.17500722200967975
   3.4015000e+01  -0.17537695014217974
   3.4020000e+01  -0.17572969315717973
   3.4025000e+01  -0.17606566881967972
   3.4030000e+01  -0.17638509111217973
   3.4035000e+01  -0.17668817071717974
   3.4040000e+01  -0.17697511705467975
   3.4045000e+01  -0.17724613954217974
   3.4050000e+01  -0.17750144745217974
   3.4055000e+01  -0.17774124946717976
   3.4060000e+01  -0.17796575331467976
   3.4065000e+01  -0.17817516492217975
   3.4070000e+01  -0.17836968721717975
   3.4075000e+01  -0.17854951990717974
   3.4080000e+01  -0.17871486084217975
   3.4085000e+01  -0.17886590771717975
   3.4090000e+01  -0.17900285836967975
   3.4095000e+01  -0.17912590958467975
   3.4100000e+01  -0.17923525621467976
   3.4105000e+01  -0.17933109150967977
   3.4110000e+01  -0.17941360765467976
   3.4115000e+01  -0.17948299580717975
   3.4120000e+01  -0.17953944583217973
   3.4125000e+01  -0.17958314595567973
   3.4130000e+01  -0.17961428248917974
   3.4135000e+01  -0.17963303988692975
   3.4140000e+01  -0.17963960115412975
   3.4145000e+01   -0.17963414819157975
   3.4150000e+01   -0.17961686177582975
   3.4155000e+01   -0.17958792132407975
   3.4160000e+01   -0.17954750473307976
   3.4165000e+01   -0.17949578835757976
   3.4170000e+01   -0.17943294705757976
   3.4175000e+01   -0.17935915429007976
   3.4180000e+01   -0.17927458221007975
   3.4185000e+01   -0.17917940170757976
   3.4190000e+01   -0.17907378235757976
   3.4195000e+01   -0.17895789233257975
   3.4200000e+01   -0.17883189825257975
   3.4205000e+01   -0.17869596503507976
   3.4210000e+01   -0.17855025600257976
   3.4215000e+01   -0.17839493324757977
   3.4220000e+01   -0.17823015791007976
   3.4225000e+01   -0.17805609007507975
   3.4230000e+01   -0.17787288841007975
   3.4235000e+01   -0.17768070986757975
   3.4240000e+01   -0.17747970957757975
   3.4245000e+01   -0.17727004095007975
   3.4250000e+01   -0.17705185596257975
   3.4255000e+01   -0.17682530548507974
   3.4260000e+01   -0.17659053944507974
   3.4265000e+01   -0.17634770675257974
   3.4270000e+01   -0.17609695503757974
   3.4275000e+01   -0.17583843041007974
   3.4280000e+01   -0.17557227741007975
   3.4285000e+01   -0.17529863909007976
   3.4290000e+01   -0.17501765708257974
   3.4295000e+01   -0.17472947158757973
   3.4300000e+01   -0.17443422138757972
   3.4305000e+01   -0.17413204396757972
   3.4310000e+01   -0.17382307564257973
   3.4315000e+01   -0.17350745157007974
   3.4320000e+01   -0.17318530569757973
   3.4325000e+01   -0.17285677067757974
   3.4330000e+01   -0.17252197772507974
   3.4335000e+01   -0.17218105648757973
   3.4340000e+01   -0.17183413507257972
   3.4345000e+01   -0.1714813402075797
   3.4350000e+01   -0.1711227974075797
   3.4355000e+01   -0.17075863110757972
   3.4360000e+01   -0.17038896472507972
   3.4365000e+01   -0.17001392055257972
   3.4370000e+01   -0.1696336194900797
   3.4375000e+01   -0.1692481809150797
   3.4380000e+01   -0.16885772286257972
   3.4385000e+01   -0.1684623622550797
   3.4390000e+01   -0.16806221489007972
   3.4395000e+01   -0.16765739525257972
   3.4400000e+01   -0.16724801636757972
   3.4405000e+01   -0.16683418984257972
   3.4410000e+01   -0.1664160260425797
   3.4415000e+01   -0.1659936342400797
   3.4420000e+01   -0.1655671226750797
   3.4425000e+01   -0.1651365985050797
   3.4430000e+01   -0.1647021676925797
   3.4435000e+01   -0.1642639349200797
   3.4440000e+01   -0.1638220035700797
   3.4445000e+01   -0.1633764757700797
   3.4450000e+01   -0.1629274524575797
   3.4455000e+01   -0.16247503342757968
   3.4460000e+01   -0.16201931734257968
   3.4465000e+01   -0.16156040171757968
   3.4470000e+01   -0.1610983829100797
   3.4475000e+01   -0.1606333561100797
   3.4480000e+01   -0.1601654153525797
   3.4485000e+01   -0.1596946535325797
   3.4490000e+01   -0.1592211624075797
   3.4495000e+01   -0.1587450325975797
   3.4500000e+01   -0.15826635359007968
   3.4505000e+01   -0.15778521375257967
   3.4510000e+01   -0.15730170034757968
   3.4515000e+01   -0.15681589956007969
   3.4520000e+01   -0.1563278965150797
   3.4525000e+01   -0.1558377752825797
   3.4530000e+01   -0.1553456188950797
   3.4535000e+01   -0.15485150931007968
   3.4540000e+01   -0.15435552733507968
   3.4545000e+01   -0.15385775265757967
   3.4550000e+01   -0.15335826393757968
   3.4555000e+01   -0.15285713878757967
   3.4560000e+01   -0.15235445373757966
   3.4565000e+01   -0.15185028421257968
   3.4570000e+01   -0.15134470453757967
   3.4575000e+01   -0.15083778801257966
   3.4580000e+01   -0.15032960708757967
   3.4585000e+01   -0.14982023348757967
   3.4590000e+01   -0.14930973818757967
   3.4595000e+01   -0.14879819113757967
   3.4600000e+01   -0.14828566106257968
   3.4605000e+01   -0.14777221548757968
   3.4610000e+01   -0.14725792073757968
   3.4615000e+01   -0.14674284213757968
   3.4620000e+01   -0.14622704418757967
   3.4625000e+01   -0.14571059063757968
   3.4630000e+01   -0.14519354453757968
   3.4635000e+01   -0.14467596811257968
   3.4640000e+01   -0.14415792256257967
   3.4645000e+01   -0.14363946788757967
   3.4650000e+01   -0.14312066283757968
   3.4655000e+01   -0.14260156513757968
   3.4660000e+01   -0.14208223178757967
   3.4665000e+01   -0.14156271926257968
   3.4670000e+01   -0.1410430835125797
   3.4675000e+01   -0.1405233796625797
   3.4680000e+01   -0.1400036617375797
   3.4685000e+01   -0.1394839827125797
   3.4690000e+01   -0.1389643946625797
   3.4695000e+01   -0.1384449488375797
   3.4700000e+01   -0.13792569561257972
   3.4705000e+01   -0.13740668443757972
   3.4710000e+01   -0.13688796406257972
   3.4715000e+01   -0.13636958263757973
   3.4720000e+01   -0.13585158756257973
   3.4725000e+01   -0.13533402528757973
   3.4730000e+01   -0.13481694128757973
   3.4735000e+01   -0.13430038011257972
   3.4740000e+01   -0.13378438546257973
   3.4745000e+01   -0.13326900038757972
   3.4750000e+01   -0.13275426741257973
   3.4755000e+01   -0.13224022836257973
   3.4760000e+01   -0.13172692416257972
   3.4765000e+01   -0.1312143948375797
   3.4770000e+01   -0.13070267951257972
   3.4775000e+01   -0.13019181666257973
   3.4780000e+01   -0.12968184433757973
   3.4785000e+01   -0.12917280011257973
   3.4790000e+01   -0.12866472091257972
   3.4795000e+01   -0.12815764281257971
   3.4800000e+01   -0.12765160098757972
   3.4805000e+01   -0.1271466298125797
   3.4810000e+01   -0.1266427629625797
   3.4815000e+01   -0.1261400334375797
   3.4820000e+01   -0.1256384734625797
   3.4825000e+01   -0.1251381145250797
   3.4830000e+01   -0.1246389875650797
   3.4835000e+01   -0.1241411230775797
   3.4840000e+01   -0.1236445510800797
   3.4845000e+01   -0.1231493009900797
   3.4850000e+01   -0.1226554015125797
   3.4855000e+01   -0.1221628805750797
   3.4860000e+01   -0.12167176534507969
   3.4865000e+01   -0.1211820823100797
   3.4870000e+01   -0.12069385738507969
   3.4875000e+01   -0.12020711600007969
   3.4880000e+01   -0.1197218831000797
   3.4885000e+01   -0.11923818308257969
   3.4890000e+01   -0.11875603974757969
   3.4895000e+01   -0.11827547624257968
   3.4900000e+01   -0.11779651505507968
   3.4905000e+01   -0.11731917810757968
   3.4910000e+01   -0.11684348680257968
   3.4915000e+01   -0.11636946195257968
   3.4920000e+01   -0.11589712375507967
   3.4925000e+01   -0.11542649192007967
   3.4930000e+01   -0.11495758580507967
   3.4935000e+01   -0.11449042440257967
   3.4940000e+01   -0.11402502625757967
   3.4945000e+01   -0.11356140943507967
   3.4950000e+01   -0.11309959146507967
   3.4955000e+01   -0.11263958920007967
   3.4960000e+01   -0.11218141871757967
   3.4965000e+01   -0.11172509539007967
   3.4970000e+01   -0.11127063411257967
   3.4975000e+01   -0.11081804950257967
   3.4980000e+01   -0.11036735591757968
   3.4985000e+01   -0.10991856737757968
   3.4990000e+01   -0.10947169744257969
   3.4995000e+01   -0.1090267590825797
   3.5000000e+01   -0.1085837646700797
   3.5005000e+01   -0.1081427261500797
   3.5010000e+01   -0.1077036552150797
   3.5015000e+01   -0.1072665632750797
   3.5020000e+01   -0.10683146127007971
   3.5025000e+01   -0.10639835953257971
   3.5030000e+01   -0.10596726786007972
   3.5035000e+01   -0.10553819570507972
   3.5040000e+01   -0.10511115226757972
   3.5045000e+01   -0.10468614648007972
   3.5050000e+01   -0.10426318692757972
   3.5055000e+01   -0.10384228169507971
   3.5060000e+01   -0.10342343822757971
   3.5065000e+01   -0.10300666337007972
   3.5070000e+01   -0.10259196360757972
   3.5075000e+01   -0.10217934529507972
   3.5080000e+01   -0.10176881472007972
   3.5085000e+01   -0.10136037803007972
   3.5090000e+01   -0.10095404112507972
   3.5095000e+01   -0.10054980951757972
   3.5100000e+01   -0.10014768815257973
   3.5105000e+01   -0.09974768132257973
   3.5110000e+01   -0.09934979277007973
   3.5115000e+01   -0.09895402585757973
   3.5120000e+01   -0.09856038367507973
   3.5125000e+01   -0.09816886910007973
   3.5130000e+01   -0.09777948490257973
   3.5135000e+01   -0.09739223387507974
   3.5140000e+01   -0.09700711878257974
   3.5145000e+01   -0.09662414205007974
   3.5150000e+01   -0.09624330545007974
   3.5155000e+01   -0.09586461010757974
   3.5160000e+01   -0.09548805675257974
   3.5165000e+01   -0.09511364590507973
   3.5170000e+01   -0.09474137789757973
   3.5175000e+01   -0.09437125287757973
   3.5180000e+01   -0.09400327085257973
   3.5185000e+01   -0.09363743167757974
   3.5190000e+01   -0.09327373498007974
   3.5195000e+01   -0.09291218015507974
   3.5200000e+01   -0.09255276638507974
   3.5205000e+01   -0.09219549257757974
   3.5210000e+01   -0.09184035723757973
   3.5215000e+01   -0.09148735837007974
   3.5220000e+01   -0.09113649353007973
   3.5225000e+01   -0.09078776007007973
   3.5230000e+01   -0.09044115542257973
   3.5235000e+01   -0.09009667716507973
   3.5240000e+01   -0.08975432291507973
   3.5245000e+01   -0.08941409017757973
   3.5250000e+01   -0.08907597614507973
   3.5255000e+01   -0.08873997750007973
   3.5260000e+01   -0.08840609042007973
   3.5265000e+01   -0.08807431080507973
   3.5270000e+01   -0.08774463448507973
   3.5275000e+01   -0.08741705728757973
   3.5280000e+01   -0.08709157498507973
   3.5285000e+01   -0.08676818317757973
   3.5290000e+01   -0.08644687720007972
   3.5295000e+01   -0.08612765211257972
   3.5300000e+01   -0.08581050274757972
   3.5305000e+01   -0.08549542375757972
   3.5310000e+01   -0.08518240965507973
   3.5315000e+01   -0.08487145487757973
   3.5320000e+01   -0.08456255381507972
   3.5325000e+01   -0.08425570074007972
   3.5330000e+01   -0.08395088971507972
   3.5335000e+01   -0.08364811455757971
   3.5340000e+01   -0.08334736888007971
   3.5345000e+01   -0.0830486461900797
   3.5350000e+01   -0.08275193998007971
   3.5355000e+01   -0.08245724376257971
   3.5360000e+01   -0.0821645510000797
   3.5365000e+01   -0.0818738549650797
   3.5370000e+01   -0.08158514868007971
   3.5375000e+01   -0.0812984249650797
   3.5380000e+01   -0.0810136765000797
   3.5385000e+01   -0.08073089583257971
   3.5390000e+01   -0.08045007533507971
   3.5395000e+01   -0.08017120720507971
   3.5400000e+01   -0.0798942836050797
   3.5405000e+01   -0.0796192968350797
   3.5410000e+01   -0.07934623932007971
   3.5415000e+01   -0.07907510338757971
   3.5420000e+01   -0.07880588106007971
   3.5425000e+01   -0.07853856405757971
   3.5430000e+01   -0.07827314399757972
   3.5435000e+01   -0.07800961258007971
   3.5440000e+01   -0.07774796159507971
   3.5445000e+01   -0.07748818281257971
   3.5450000e+01   -0.07723026787507971
   3.5455000e+01   -0.07697420826257971
   3.5460000e+01   -0.07671999530757971
   3.5465000e+01   -0.07646762018257972
   3.5470000e+01   -0.07621707387757971
   3.5475000e+01   -0.07596834732007972
   3.5480000e+01   -0.07572143162757972
   3.5485000e+01   -0.07547631820507972
   3.5490000e+01   -0.07523299848507972
   3.5495000e+01   -0.07499146357507973
   3.5500000e+01   -0.07475170415507973
   3.5505000e+01   -0.07451371063007974
   3.5510000e+01   -0.07427747337257974
   3.5515000e+01   -0.07404298293007974
   3.5520000e+01   -0.07381023017257975
   3.5525000e+01   -0.07357920625507974
   3.5530000e+01   -0.07334990234507974
   3.5535000e+01   -0.07312230934257974
   3.5540000e+01   -0.07289641778507974
   3.5545000e+01   -0.07267221797007974
   3.5550000e+01   -0.07244970014507973
   3.5555000e+01   -0.07222885460257973
   3.5560000e+01   -0.07200967170757973
   3.5565000e+01   -0.07179214198007973
   3.5570000e+01   -0.07157625616757973
   3.5575000e+01   -0.07136200514257973
   3.5580000e+01   -0.07114937964757974
   3.5585000e+01   -0.07093837007757973
   3.5590000e+01   -0.07072896651257973
   3.5595000e+01   -0.07052115894757974
   3.5600000e+01   -0.07031493751007974
   3.5605000e+01   -0.07011029257007974
   3.5610000e+01   -0.06990721474257974
   3.5615000e+01   -0.06970569477757975
   3.5620000e+01   -0.06950572336257975
   3.5625000e+01   -0.06930729097007975
   3.5630000e+01   -0.06911038787257974
   3.5635000e+01   -0.06891500424257974
   3.5640000e+01   -0.06872113019757974
   3.5645000e+01   -0.06852875585007974
   3.5650000e+01   -0.06833787144257975
   3.5655000e+01   -0.06814846744257974
   3.5660000e+01   -0.06796053449507974
   3.5665000e+01   -0.06777406326257975
   3.5670000e+01   -0.06758904431257974
   3.5675000e+01   -0.06740546817257974
   3.5680000e+01   -0.06722332546007974
   3.5685000e+01   -0.06704260688757974
   3.5690000e+01   -0.06686330307257973
   3.5695000e+01   -0.06668540437757974
   3.5700000e+01   -0.06650890102007974
   3.5705000e+01   -0.06633378336007974
   3.5710000e+01   -0.06616004204507973
   3.5715000e+01   -0.06598766792507973
   3.5720000e+01   -0.06581665192257974
   3.5725000e+01   -0.06564698489507974
   3.5730000e+01   -0.06547865749757974
   3.5735000e+01   -0.06531166022007974
   3.5740000e+01   -0.06514598360507974
   3.5745000e+01   -0.06498161841257974
