   0.0000000e+00  -3.9774761e-04
   5.0000000e-03  -2.8028594e-03
   1.0000000e-02  -9.3827086e-03
   1.5000000e-02  -2.0339824e-02
   2.0000000e-02  -3.2922289e-02
   2.5000000e-02  -4.3418758e-02
   3.0000000e-02  -4.9578039e-02
   3.5000000e-02  -5.1437780e-02
   4.0000000e-02  -5.0653518e-02
   4.5000000e-02  -4.9235253e-02
   5.0000000e-02  -4.8533401e-02
   5.5000000e-02  -4.8861794e-02
   6.0000000e-02  -4.9696268e-02
   6.5000000e-02  -5.0161027e-02
   7.0000000e-02  -4.9556972e-02
   7.5000000e-02  -4.7810864e-02
   8.0000000e-02  -4.5656986e-02
   8.5000000e-02  -4.4333300e-02
   9.0000000e-02  -4.4981292e-02
   9.5000000e-02  -4.8188298e-02
   1.0000000e-01  -5.3711421e-02
   1.0500000e-01  -6.0392769e-02
   1.1000000e-01  -6.6690552e-02
   1.1500000e-01  -7.1592103e-02
   1.2000000e-01  -7.4903432e-02
   1.2500000e-01  -7.7005413e-02
   1.3000000e-01  -7.9074493e-02
   1.3500000e-01  -8.3438633e-02
   1.4000000e-01  -9.2668242e-02
   1.4500000e-01  -1.0734740e-01
   1.5000000e-01  -1.2458652e-01
   1.5500000e-01  -1.3926022e-01
   1.6000000e-01  -1.4725443e-01
   1.6500000e-01  -1.4797996e-01
   1.7000000e-01  -1.4437819e-01
   1.7500000e-01  -1.4088044e-01
   1.8000000e-01  -1.4097155e-01
   1.8500000e-01  -1.4581174e-01
   1.9000000e-01  -1.5458786e-01
   1.9500000e-01  -1.6627604e-01
   2.0000000e-01  -1.8097326e-01
   2.0500000e-01  -1.9867986e-01
   2.1000000e-01  -2.1672678e-01
   2.1500000e-01  -2.2957544e-01
   2.2000000e-01  -2.3153545e-01
   2.2500000e-01  -2.1978849e-01
   2.3000000e-01  -1.9649308e-01
   2.3500000e-01  -1.6847080e-01
   2.4000000e-01  -1.4206987e-01
   2.4500000e-01  -1.1691295e-01
   2.5000000e-01  -8.6244524e-02
   2.5500000e-01  -4.3275467e-02
   2.6000000e-01   1.4404064e-02
   2.6500000e-01   8.5362985e-02
   2.7000000e-01   1.6600523e-01
   2.7500000e-01   2.5031624e-01
   2.8000000e-01   3.2908352e-01
   2.8500000e-01   3.9103431e-01
   2.9000000e-01   4.2527387e-01
   2.9500000e-01   4.2309618e-01
   3.0000000e-01   3.7968808e-01
   3.0500000e-01   2.9732859e-01
   3.1000000e-01   1.8870651e-01
   3.1500000e-01   7.6041442e-02
   3.2000000e-01  -1.6185199e-02
   3.2500000e-01  -7.1313707e-02
   3.3000000e-01  -8.6968782e-02
   3.3500000e-01  -7.4210630e-02
   3.4000000e-01  -5.0651234e-02
   3.4500000e-01  -3.1985893e-02
   3.5000000e-01  -2.6560392e-02
   3.5500000e-01  -3.5822265e-02
   3.6000000e-01  -6.0241009e-02
   3.6500000e-01  -1.0570169e-01
   3.7000000e-01  -1.8215689e-01
   3.7500000e-01  -2.8959651e-01
   3.8000000e-01  -4.0123587e-01
   3.8500000e-01  -4.6701881e-01
   3.9000000e-01  -4.4438445e-01
   3.9500000e-01  -3.3124836e-01
   4.0000000e-01  -1.7336094e-01
   4.0500000e-01  -4.2778667e-02
   4.1000000e-01  -1.3392201e-03
   4.1500000e-01  -6.7165055e-02
   4.2000000e-01  -2.0226279e-01
   4.2500000e-01  -3.3122852e-01
   4.3000000e-01  -3.8283281e-01
   4.3500000e-01  -3.2905229e-01
   4.4000000e-01  -1.9646863e-01
   4.4500000e-01  -4.5103207e-02
   4.5000000e-01   6.9352520e-02
   4.5500000e-01   1.2627140e-01
   4.6000000e-01   1.4347981e-01
   4.6500000e-01   1.5087383e-01
   4.7000000e-01   1.5987452e-01
   4.7500000e-01   1.5821674e-01
   4.8000000e-01   1.2912413e-01
   4.8500000e-01   7.0716735e-02
   4.9000000e-01  -1.5763970e-03
   4.9500000e-01  -6.9891713e-02
   5.0000000e-01  -1.3417007e-01
   5.0500000e-01  -2.2060408e-01
   5.1000000e-01  -3.6950976e-01
   5.1500000e-01  -6.1143822e-01
   5.2000000e-01  -9.4912025e-01
   5.2500000e-01  -1.3551281e+00
   5.3000000e-01  -1.7809944e+00
   5.3500000e-01  -2.1692504e+00
   5.4000000e-01  -2.4670735e+00
   5.4500000e-01  -2.6421973e+00
   5.5000000e-01  -2.6945307e+00
   5.5500000e-01  -2.6551228e+00
   5.6000000e-01  -2.5719169e+00
   5.6500000e-01  -2.4900516e+00
   5.7000000e-01  -2.4366843e+00
   5.7500000e-01  -2.4164139e+00
   5.8000000e-01  -2.4169687e+00
   5.8500000e-01  -2.4188155e+00
   5.9000000e-01  -2.3997987e+00
   5.9500000e-01  -2.3341079e+00
   6.0000000e-01  -2.1973968e+00
   6.0500000e-01  -1.9814551e+00
   6.1000000e-01  -1.7015755e+00
   6.1500000e-01  -1.3876617e+00
   6.2000000e-01  -1.0731300e+00
   6.2500000e-01  -7.9154449e-01
   6.3000000e-01  -5.7357127e-01
   6.3500000e-01  -4.3745751e-01
   6.4000000e-01  -3.7593983e-01
   6.4500000e-01  -3.4856468e-01
   6.5000000e-01  -2.9264084e-01
   6.5500000e-01  -1.5499293e-01
   6.6000000e-01   7.8723310e-02
   6.6500000e-01   3.7608968e-01
   6.7000000e-01   6.6039744e-01
   6.7500000e-01   8.2220216e-01
   6.8000000e-01   7.6365389e-01
   6.8500000e-01   4.6422346e-01
   6.9000000e-01   1.0149983e-02
   6.9500000e-01  -4.4487193e-01
   7.0000000e-01  -7.5897539e-01
   7.0500000e-01  -8.6561200e-01
   7.1000000e-01  -7.8288981e-01
   7.1500000e-01  -5.7307774e-01
   7.2000000e-01  -2.9542386e-01
   7.2500000e-01   1.1887146e-02
   7.3000000e-01   3.2864506e-01
   7.3500000e-01   6.4837237e-01
   7.4000000e-01   9.6946258e-01
   7.4500000e-01   1.2787575e+00
   7.5000000e-01   1.5441553e+00
   7.5500000e-01   1.7274958e+00
   7.6000000e-01   1.8070902e+00
   7.6500000e-01   1.7915445e+00
   7.7000000e-01   1.7159836e+00
   7.7500000e-01   1.6249497e+00
   7.8000000e-01   1.5533252e+00
   7.8500000e-01   1.5153279e+00
   7.9000000e-01   1.5051330e+00
   7.9500000e-01   1.5059790e+00
   8.0000000e-01   1.5013191e+00
   8.0500000e-01   1.4830328e+00
   8.1000000e-01   1.4597604e+00
   8.1500000e-01   1.4733120e+00
   8.2000000e-01   1.6075988e+00
   8.2500000e-01   1.9491351e+00
   8.3000000e-01   2.5002288e+00
   8.3500000e-01   3.1193288e+00
   8.4000000e-01   3.5578028e+00
   8.4500000e-01   3.5789455e+00
   8.5000000e-01   3.0780766e+00
   8.5500000e-01   2.1277557e+00
   8.6000000e-01   9.3188013e-01
   8.6500000e-01  -2.6647610e-01
   8.7000000e-01  -1.2649948e+00
   8.7500000e-01  -1.9450484e+00
   8.8000000e-01  -2.2833747e+00
   8.8500000e-01  -2.3397927e+00
   8.9000000e-01  -2.2245673e+00
   8.9500000e-01  -2.0552543e+00
   9.0000000e-01  -1.9189557e+00
   9.0500000e-01  -1.8533663e+00
   9.1000000e-01  -1.8504029e+00
   9.1500000e-01  -1.8756616e+00
   9.2000000e-01  -1.8864515e+00
   9.2500000e-01  -1.8269664e+00
   9.3000000e-01  -1.6105573e+00
   9.3500000e-01  -1.1447351e+00
   9.4000000e-01  -4.1996559e-01
   9.4500000e-01   4.1568858e-01
   9.5000000e-01   1.0929658e+00
   9.5500000e-01   1.3632826e+00
   9.6000000e-01   1.1340511e+00
   9.6500000e-01   4.9813676e-01
   9.7000000e-01  -3.3842580e-01
   9.7500000e-01  -1.1713827e+00
   9.8000000e-01  -1.9021928e+00
   9.8500000e-01  -2.5658242e+00
   9.9000000e-01  -3.2482067e+00
   9.9500000e-01  -3.9673046e+00
   1.0000000e+00  -4.6308606e+00
   1.0050000e+00  -5.0904383e+00
   1.0100000e+00  -5.2142855e+00
   1.0150000e+00  -4.9148055e+00
   1.0200000e+00  -4.1505693e+00
   1.0250000e+00  -2.9414978e+00
   1.0300000e+00  -1.3733979e+00
   1.0350000e+00   4.4659086e-01
   1.0400000e+00   2.4563717e+00
   1.0450000e+00   4.6562958e+00
   1.0500000e+00   7.0535843e+00
   1.0550000e+00   9.5928427e+00
   1.0600000e+00   1.2144441e+01
   1.0650000e+00   1.4549060e+01
   1.0700000e+00   1.6650334e+01
   1.0750000e+00   1.8286665e+01
   1.0800000e+00   1.9309911e+01
   1.0850000e+00   1.9672234e+01
   1.0900000e+00   1.9488450e+01
   1.0950000e+00   1.8967897e+01
   1.1000000e+00   1.8253066e+01
   1.1050000e+00   1.7310304e+01
   1.1100000e+00   1.5968863e+01
   1.1150000e+00   1.4067697e+01
   1.1200000e+00   1.1589513e+01
   1.1250000e+00   8.6864203e+00
   1.1300000e+00   5.5795460e+00
   1.1350000e+00   2.4124191e+00
   1.1400000e+00  -8.0401516e-01
   1.1450000e+00  -4.1029713e+00
   1.1500000e+00  -7.4375089e+00
   1.1550000e+00  -1.0650781e+01
   1.1600000e+00  -1.3546162e+01
   1.1650000e+00  -1.5969328e+01
   1.1700000e+00  -1.7860358e+01
   1.1750000e+00  -1.9305150e+01
   1.1800000e+00  -2.0546358e+01
   1.1850000e+00  -2.1860890e+01
   1.1900000e+00  -2.3377109e+01
   1.1950000e+00  -2.5025686e+01
   1.2000000e+00  -2.6657852e+01
   1.2050000e+00  -2.8186848e+01
   1.2100000e+00  -2.9626900e+01
   1.2150000e+00  -3.1006199e+01
   1.2200000e+00  -3.2236544e+01
   1.2250000e+00  -3.3085475e+01
   1.2300000e+00  -3.3282275e+01
   1.2350000e+00  -3.2613694e+01
   1.2400000e+00  -3.0926234e+01
   1.2450000e+00  -2.8125858e+01
   1.2500000e+00  -2.4235075e+01
   1.2550000e+00  -1.9441855e+01
   1.2600000e+00  -1.4083469e+01
   1.2650000e+00  -8.5735491e+00
   1.2700000e+00  -3.3000873e+00
   1.2750000e+00   1.4609334e+00
   1.2800000e+00   5.5588174e+00
   1.2850000e+00   8.8943491e+00
   1.2900000e+00   1.1329809e+01
   1.2950000e+00   1.2689552e+01
   1.3000000e+00   1.2873382e+01
   1.3050000e+00   1.1986625e+01
   1.3100000e+00   1.0382463e+01
   1.3150000e+00   8.5953787e+00
   1.3200000e+00   7.2039030e+00
   1.3250000e+00   6.6588316e+00
   1.3300000e+00   7.1213869e+00
   1.3350000e+00   8.4125845e+00
   1.3400000e+00   1.0150001e+01
   1.3450000e+00   1.1984372e+01
   1.3500000e+00   1.3751111e+01
   1.3550000e+00   1.5449027e+01
   1.3600000e+00   1.7115305e+01
   1.3650000e+00   1.8721363e+01
   1.3700000e+00   2.0150521e+01
   1.3750000e+00   2.1239893e+01
   1.3800000e+00   2.1855549e+01
   1.3850000e+00   2.1982758e+01
   1.3900000e+00   2.1796071e+01
   1.3950000e+00   2.1646814e+01
   1.4000000e+00   2.1926844e+01
   1.4050000e+00   2.2851522e+01
   1.4100000e+00   2.4295127e+01
   1.4150000e+00   2.5820675e+01
   1.4200000e+00   2.6926429e+01
   1.4250000e+00   2.7339152e+01
   1.4300000e+00   2.7084514e+01
   1.4350000e+00   2.6251885e+01
   1.4400000e+00   2.4718400e+01
   1.4450000e+00   2.2144209e+01
   1.4500000e+00   1.8229652e+01
   1.4550000e+00   1.2972410e+01
   1.4600000e+00   6.7181481e+00
   1.4650000e+00   1.1506409e-02
   1.4700000e+00  -6.6181157e+00
   1.4750000e+00  -1.2824269e+01
   1.4800000e+00  -1.8501318e+01
   1.4850000e+00  -2.3703707e+01
   1.4900000e+00  -2.8480057e+01
   1.4950000e+00  -3.2738228e+01
   1.5000000e+00  -3.6214079e+01
   1.5050000e+00  -3.8551652e+01
   1.5100000e+00  -3.9477912e+01
   1.5150000e+00  -3.8994950e+01
   1.5200000e+00  -3.7448509e+01
   1.5250000e+00  -3.5391187e+01
   1.5300000e+00  -3.3308389e+01
   1.5350000e+00  -3.1371299e+01
   1.5400000e+00  -2.9360531e+01
   1.5450000e+00  -2.6799198e+01
   1.5500000e+00  -2.3208667e+01
   1.5550000e+00  -1.8333641e+01
   1.5600000e+00  -1.2227196e+01
   1.5650000e+00  -5.2053924e+00
   1.5700000e+00   2.2377581e+00
   1.5750000e+00   9.5103071e+00
   1.5800000e+00   1.6029234e+01
   1.5850000e+00   2.1340670e+01
   1.5900000e+00   2.5177954e+01
   1.5950000e+00   2.7443409e+01
   1.6000000e+00   2.8164051e+01
   1.6050000e+00   2.7449245e+01
   1.6100000e+00   2.5459107e+01
   1.6150000e+00   2.2398454e+01
   1.6200000e+00   1.8526533e+01
   1.6250000e+00   1.4136740e+01
   1.6300000e+00   9.4825138e+00
   1.6350000e+00   4.7129954e+00
   1.6400000e+00  -9.0523042e-02
   1.6450000e+00  -4.8113328e+00
   1.6500000e+00  -9.2651638e+00
   1.6550000e+00  -1.3288211e+01
   1.6600000e+00  -1.6861629e+01
   1.6650000e+00  -2.0177599e+01
   1.6700000e+00  -2.3599666e+01
   1.6750000e+00  -2.7502764e+01
   1.6800000e+00  -3.2025615e+01
   1.6850000e+00  -3.6862131e+01
   1.6900000e+00  -4.1273778e+01
   1.6950000e+00  -4.4379163e+01
   1.7000000e+00  -4.5548072e+01
   1.7050000e+00  -4.4641789e+01
   1.7100000e+00  -4.1984347e+01
   1.7150000e+00  -3.8164147e+01
   1.7200000e+00  -3.3816677e+01
   1.7250000e+00  -2.9426462e+01
   1.7300000e+00  -2.5158086e+01
   1.7350000e+00  -2.0803750e+01
   1.7400000e+00  -1.5904078e+01
   1.7450000e+00  -9.9805858e+00
   1.7500000e+00  -2.7776837e+00
   1.7550000e+00   5.5747750e+00
   1.7600000e+00   1.4558435e+01
   1.7650000e+00   2.3445903e+01
   1.7700000e+00   3.1574825e+01
   1.7750000e+00   3.8551155e+01
   1.7800000e+00   4.4260517e+01
   1.7850000e+00   4.8712628e+01
   1.7900000e+00   5.1860088e+01
   1.7950000e+00   5.3540008e+01
   1.8000000e+00   5.3599129e+01
   1.8050000e+00   5.2105797e+01
   1.8100000e+00   4.9429640e+01
   1.8150000e+00   4.6068129e+01
   1.8200000e+00   4.2363204e+01
   1.8250000e+00   3.8356198e+01
   1.8300000e+00   3.3875191e+01
   1.8350000e+00   2.8752272e+01
   1.8400000e+00   2.3001163e+01
   1.8450000e+00   1.6850451e+01
   1.8500000e+00   1.0641527e+01
   1.8550000e+00   4.6801639e+00
   1.8600000e+00  -8.5807111e-01
   1.8650000e+00  -5.9130120e+00
   1.8700000e+00  -1.0425203e+01
   1.8750000e+00  -1.4200326e+01
   1.8800000e+00  -1.6870503e+01
   1.8850000e+00  -1.8009319e+01
   1.8900000e+00  -1.7338773e+01
   1.8950000e+00  -1.4910497e+01
   1.9000000e+00  -1.1170606e+01
   1.9050000e+00  -6.8765668e+00
   1.9100000e+00  -2.8838395e+00
   1.9150000e+00   1.4946866e-01
   1.9200000e+00   2.0498069e+00
   1.9250000e+00   3.2526999e+00
   1.9300000e+00   4.6057456e+00
   1.9350000e+00   6.8769038e+00
   1.9400000e+00   1.0267815e+01
   1.9450000e+00   1.4257199e+01
   1.9500000e+00   1.7844338e+01
   1.9550000e+00   2.0035728e+01
   1.9600000e+00   2.0344693e+01
   1.9650000e+00   1.9079336e+01
   1.9700000e+00   1.7269305e+01
   1.9750000e+00   1.6240859e+01
   1.9800000e+00   1.7036172e+01
   1.9850000e+00   1.9971852e+01
   1.9900000e+00   2.4558800e+01
   1.9950000e+00   2.9791799e+01
   2.0000000e+00   3.4598562e+01
   2.0050000e+00   3.8180590e+01
   2.0100000e+00   4.0117029e+01
   2.0150000e+00   4.0289897e+01
   2.0200000e+00   3.8771906e+01
   2.0250000e+00   3.5771857e+01
   2.0300000e+00   3.1639118e+01
   2.0350000e+00   2.6868901e+01
   2.0400000e+00   2.2027617e+01
   2.0450000e+00   1.7563039e+01
   2.0500000e+00   1.3608091e+01
   2.0550000e+00   9.9590559e+00
   2.0600000e+00   6.2583195e+00
   2.0650000e+00   2.2135466e+00
   2.0700000e+00  -2.3153738e+00
   2.0750000e+00  -7.3466551e+00
   2.0800000e+00  -1.2791951e+01
   2.0850000e+00  -1.8429286e+01
   2.0900000e+00  -2.3915608e+01
   2.0950000e+00  -2.8838406e+01
   2.1000000e+00  -3.2737177e+01
   2.1050000e+00  -3.5121614e+01
   2.1100000e+00  -3.5581331e+01
   2.1150000e+00  -3.3978558e+01
   2.1200000e+00  -3.0566341e+01
   2.1250000e+00  -2.5897054e+01
   2.1300000e+00  -2.0583730e+01
   2.1350000e+00  -1.5099480e+01
   2.1400000e+00  -9.7192142e+00
   2.1450000e+00  -4.5613106e+00
   2.1500000e+00   3.6216645e-01
   2.1550000e+00   5.1152887e+00
   2.1600000e+00   9.7951864e+00
   2.1650000e+00   1.4463049e+01
   2.1700000e+00   1.9095501e+01
   2.1750000e+00   2.3612612e+01
   2.1800000e+00   2.7972037e+01
   2.1850000e+00   3.2243095e+01
   2.1900000e+00   3.6575413e+01
   2.1950000e+00   4.1067947e+01
   2.2000000e+00   4.5637826e+01
   2.2050000e+00   4.9983661e+01
   2.2100000e+00   5.3665391e+01
   2.2150000e+00   5.6268881e+01
   2.2200000e+00   5.7586293e+01
   2.2250000e+00   5.7715391e+01
   2.2300000e+00   5.7008773e+01
   2.2350000e+00   5.5885743e+01
   2.2400000e+00   5.4595296e+01
   2.2450000e+00   5.3069223e+01
   2.2500000e+00   5.0994337e+01
   2.2550000e+00   4.8073073e+01
   2.2600000e+00   4.4252423e+01
   2.2650000e+00   3.9751406e+01
   2.2700000e+00   3.4933247e+01
   2.2750000e+00   3.0157107e+01
   2.2800000e+00   2.5689870e+01
   2.2850000e+00   2.1696949e+01
   2.2900000e+00   1.8269597e+01
   2.2950000e+00   1.5418735e+01
   2.3000000e+00   1.3049833e+01
   2.3050000e+00   1.0998143e+01
   2.3100000e+00   9.1063612e+00
   2.3150000e+00   7.2310037e+00
   2.3200000e+00   5.1485527e+00
   2.3250000e+00   2.4918599e+00
   2.3300000e+00  -1.1430877e+00
   2.3350000e+00  -5.9614431e+00
   2.3400000e+00  -1.1795461e+01
   2.3450000e+00  -1.8129882e+01
   2.3500000e+00  -2.4315698e+01
   2.3550000e+00  -2.9855248e+01
   2.3600000e+00  -3.4596146e+01
   2.3650000e+00  -3.8697866e+01
   2.3700000e+00  -4.2354910e+01
   2.3750000e+00  -4.5440760e+01
   2.3800000e+00  -4.7342253e+01
   2.3850000e+00  -4.7142932e+01
   2.3900000e+00  -4.4073955e+01
   2.3950000e+00  -3.7994676e+01
   2.4000000e+00  -2.9635293e+01
   2.4050000e+00  -2.0429337e+01
   2.4100000e+00  -1.2010301e+01
   2.4150000e+00  -5.6581004e+00
   2.4200000e+00  -1.9542367e+00
   2.4250000e+00  -7.5204007e-01
   2.4300000e+00  -1.4427267e+00
   2.4350000e+00  -3.3733937e+00
   2.4400000e+00  -6.1869294e+00
   2.4450000e+00  -9.9199394e+00
   2.4500000e+00  -1.4857890e+01
   2.4550000e+00  -2.1264157e+01
   2.4600000e+00  -2.9145826e+01
   2.4650000e+00  -3.8179528e+01
   2.4700000e+00  -4.7779844e+01
   2.4750000e+00  -5.7193141e+01
   2.4800000e+00  -6.5551664e+01
   2.4850000e+00  -7.1926748e+01
   2.4900000e+00  -7.5459339e+01
   2.4950000e+00  -7.5590937e+01
   2.5000000e+00  -7.2291019e+01
   2.5050000e+00  -6.6095983e+01
   2.5100000e+00  -5.7884621e+01
   2.5150000e+00  -4.8541576e+01
   2.5200000e+00  -3.8735094e+01
   2.5250000e+00  -2.8894041e+01
   2.5300000e+00  -1.9308799e+01
   2.5350000e+00  -1.0235040e+01
   2.5400000e+00  -1.9295433e+00
   2.5450000e+00   5.3722626e+00
   2.5500000e+00   1.1480436e+01
   2.5550000e+00   1.6233719e+01
   2.5600000e+00   1.9460810e+01
   2.5650000e+00   2.0987102e+01
   2.5700000e+00   2.0708150e+01
   2.5750000e+00   1.8670375e+01
   2.5800000e+00   1.5112143e+01
   2.5850000e+00   1.0477479e+01
   2.5900000e+00   5.4146043e+00
   2.5950000e+00   7.2829463e-01
   2.6000000e+00  -2.7534563e+00
   2.6050000e+00  -4.3731913e+00
   2.6100000e+00  -3.8003963e+00
   2.6150000e+00  -1.0616277e+00
   2.6200000e+00   3.5658733e+00
   2.6250000e+00   9.7207609e+00
   2.6300000e+00   1.7070255e+01
   2.6350000e+00   2.5309033e+01
   2.6400000e+00   3.4095346e+01
   2.6450000e+00   4.3023546e+01
   2.6500000e+00   5.1669331e+01
   2.6550000e+00   5.9666415e+01
   2.6600000e+00   6.6751980e+01
   2.6650000e+00   7.2730976e+01
   2.6700000e+00   7.7374086e+01
   2.6750000e+00   8.0358969e+01
   2.6800000e+00   8.1348382e+01
   2.6850000e+00   8.0157578e+01
   2.6900000e+00   7.6860083e+01
   2.6950000e+00   7.1735880e+01
   2.7000000e+00   6.5128685e+01
   2.7050000e+00   5.7369152e+01
   2.7100000e+00   4.8843915e+01
   2.7150000e+00   4.0133125e+01
   2.7200000e+00   3.2044297e+01
   2.7250000e+00   2.5429340e+01
   2.7300000e+00   2.0855420e+01
   2.7350000e+00   1.8346195e+01
   2.7400000e+00   1.7375154e+01
   2.7450000e+00   1.7124361e+01
   2.7500000e+00   1.6875325e+01
   2.7550000e+00   1.6340348e+01
   2.7600000e+00   1.5764768e+01
   2.7650000e+00   1.5738176e+01
   2.7700000e+00   1.6815505e+01
   2.7750000e+00   1.9172575e+01
   2.7800000e+00   2.2501569e+01
   2.7850000e+00   2.6177787e+01
   2.7900000e+00   2.9538062e+01
   2.7950000e+00   3.2065950e+01
   2.8000000e+00   3.3403988e+01
   2.8050000e+00   3.3295280e+01
   2.8100000e+00   3.1626729e+01
   2.8150000e+00   2.8597256e+01
   2.8200000e+00   2.4807685e+01
   2.8250000e+00   2.1060347e+01
   2.8300000e+00   1.7920017e+01
   2.8350000e+00   1.5351812e+01
   2.8400000e+00   1.2730034e+01
   2.8450000e+00   9.2218632e+00
   2.8500000e+00   4.2759803e+00
   2.8550000e+00  -2.0962348e+00
   2.8600000e+00  -9.3913220e+00
   2.8650000e+00  -1.6953192e+01
   2.8700000e+00  -2.4353619e+01
   2.8750000e+00  -3.1587575e+01
   2.8800000e+00  -3.8993943e+01
   2.8850000e+00  -4.7004892e+01
   2.8900000e+00  -5.5915968e+01
   2.8950000e+00  -6.5779544e+01
   2.9000000e+00  -7.6402117e+01
   2.9050000e+00  -8.7410642e+01
   2.9100000e+00  -9.8394804e+01
   2.9150000e+00  -1.0909472e+02
   2.9200000e+00  -1.1949136e+02
   2.9250000e+00  -1.2967828e+02
   2.9300000e+00  -1.3959240e+02
   2.9350000e+00  -1.4881110e+02
   2.9400000e+00  -1.5654201e+02
   2.9450000e+00  -1.6175979e+02
   2.9500000e+00  -1.6340251e+02
   2.9550000e+00  -1.6064179e+02
   2.9600000e+00  -1.5321106e+02
   2.9650000e+00  -1.4161151e+02
   2.9700000e+00  -1.2701356e+02
   2.9750000e+00  -1.1087733e+02
   2.9800000e+00  -9.4506537e+01
   2.9850000e+00  -7.8757862e+01
   2.9900000e+00  -6.3994513e+01
   2.9950000e+00  -5.0258709e+01
   3.0000000e+00  -3.7549561e+01
   3.0050000e+00  -2.6009255e+01
   3.0100000e+00  -1.5886182e+01
   3.0150000e+00  -7.3503030e+00
   3.0200000e+00  -3.4006146e-01
   3.0250000e+00   5.4591260e+00
   3.0300000e+00   1.0523375e+01
   3.0350000e+00   1.5346421e+01
   3.0400000e+00   2.0291527e+01
   3.0450000e+00   2.5496030e+01
   3.0500000e+00   3.0883881e+01
   3.0550000e+00   3.6264784e+01
   3.0600000e+00   4.1435837e+01
   3.0650000e+00   4.6236475e+01
   3.0700000e+00   5.0554824e+01
   3.0750000e+00   5.4296430e+01
   3.0800000e+00   5.7353111e+01
   3.0850000e+00   5.9612568e+01
   3.0900000e+00   6.0991245e+01
   3.0950000e+00   6.1450749e+01
   3.1000000e+00   6.1016468e+01
   3.1050000e+00   5.9844399e+01
   3.1100000e+00   5.8304331e+01
   3.1150000e+00   5.6957999e+01
   3.1200000e+00   5.6356367e+01
   3.1250000e+00   5.6742397e+01
   3.1300000e+00   5.7853320e+01
   3.1350000e+00   5.8985581e+01
   3.1400000e+00   5.9350157e+01
   3.1450000e+00   5.8538755e+01
   3.1500000e+00   5.6776924e+01
   3.1550000e+00   5.4765771e+01
   3.1600000e+00   5.3232390e+01
   3.1650000e+00   5.2502554e+01
   3.1700000e+00   5.2345374e+01
   3.1750000e+00   5.2137619e+01
   3.1800000e+00   5.1218233e+01
   3.1850000e+00   4.9231956e+01
   3.1900000e+00   4.6289910e+01
   3.1950000e+00   4.2888607e+01
   3.2000000e+00   3.9673708e+01
   3.2050000e+00   3.7183637e+01
   3.2100000e+00   3.5663227e+01
   3.2150000e+00   3.5031898e+01
   3.2200000e+00   3.5044613e+01
   3.2250000e+00   3.5502938e+01
   3.2300000e+00   3.6321559e+01
   3.2350000e+00   3.7447808e+01
   3.2400000e+00   3.8753986e+01
   3.2450000e+00   3.9968100e+01
   3.2500000e+00   4.0670305e+01
   3.2550000e+00   4.0366969e+01
   3.2600000e+00   3.8590399e+01
   3.2650000e+00   3.4955139e+01
   3.2700000e+00   2.9168591e+01
   3.2750000e+00   2.1027822e+01
   3.2800000e+00   1.0427915e+01
   3.2850000e+00  -2.5846890e+00
   3.2900000e+00  -1.7731008e+01
   3.2950000e+00  -3.4485371e+01
   3.3000000e+00  -5.2172985e+01
   3.3050000e+00  -7.0109800e+01
   3.3100000e+00  -8.7703128e+01
   3.3150000e+00  -1.0449715e+02
   3.3200000e+00  -1.2019307e+02
   3.3250000e+00  -1.3468045e+02
   3.3300000e+00  -1.4808155e+02
   3.3350000e+00  -1.6075109e+02
   3.3400000e+00  -1.7318215e+02
   3.3450000e+00  -1.8586393e+02
   3.3500000e+00  -1.9916470e+02
   3.3550000e+00  -2.1323965e+02
   3.3600000e+00  -2.2795254e+02
   3.3650000e+00  -2.4286213e+02
   3.3700000e+00  -2.5731566e+02
   3.3750000e+00  -2.7062128e+02
   3.3800000e+00  -2.8224076e+02
   3.3850000e+00  -2.9194088e+02
   3.3900000e+00  -2.9983410e+02
   3.3950000e+00  -3.0625088e+02
   3.4000000e+00  -3.1148279e+02
   3.4050000e+00  -3.1556172e+02
   3.4100000e+00  -3.1820482e+02
   3.4150000e+00  -3.1886943e+02
   3.4200000e+00  -3.1679688e+02
   3.4250000e+00  -3.1107080e+02
   3.4300000e+00  -3.0084446e+02
   3.4350000e+00  -2.8575720e+02
   3.4400000e+00  -2.6627750e+02
   3.4450000e+00  -2.4364874e+02
   3.4500000e+00  -2.1938515e+02
   3.4550000e+00  -1.9460274e+02
   3.4600000e+00  -1.6958171e+02
   3.4650000e+00  -1.4377956e+02
   3.4700000e+00  -1.1622189e+02
   3.4750000e+00  -8.6023261e+01
   3.4800000e+00  -5.2803405e+01
   3.4850000e+00  -1.6891642e+01
   3.4900000e+00   2.0655682e+01
   3.4950000e+00   5.8173256e+01
   3.5000000e+00   9.3637402e+01
   3.5050000e+00   1.2504179e+02
   3.5100000e+00   1.5082020e+02
   3.5150000e+00   1.7017081e+02
   3.5200000e+00   1.8312987e+02
   3.5250000e+00   1.9032673e+02
   3.5300000e+00   1.9254044e+02
   3.5350000e+00   1.9034980e+02
   3.5400000e+00   1.8407490e+02
   3.5450000e+00   1.7392619e+02
   3.5500000e+00   1.6016370e+02
   3.5550000e+00   1.4316017e+02
   3.5600000e+00   1.2336427e+02
   3.5650000e+00   1.0122916e+02
   3.5700000e+00   7.7207796e+01
   3.5750000e+00   5.1828264e+01
   3.5800000e+00   2.5743397e+01
   3.5850000e+00  -3.0366763e-01
   3.5900000e+00  -2.5545645e+01
   3.5950000e+00  -4.9247629e+01
   3.6000000e+00  -7.0772724e+01
   3.6050000e+00  -8.9666467e+01
   3.6100000e+00  -1.0571207e+02
   3.6150000e+00  -1.1890168e+02
   3.6200000e+00  -1.2934431e+02
   3.6250000e+00  -1.3718219e+02
   3.6300000e+00  -1.4255368e+02
   3.6350000e+00  -1.4559880e+02
   3.6400000e+00  -1.4648899e+02
   3.6450000e+00  -1.4544110e+02
   3.6500000e+00  -1.4268037e+02
   3.6550000e+00  -1.3838620e+02
   3.6600000e+00  -1.3268561e+02
   3.6650000e+00  -1.2569502e+02
   3.6700000e+00  -1.1754402e+02
   3.6750000e+00  -1.0834259e+02
   3.6800000e+00  -9.8143942e+01
   3.6850000e+00  -8.6974063e+01
   3.6900000e+00  -7.4907876e+01
   3.6950000e+00  -6.2108460e+01
   3.7000000e+00  -4.8790417e+01
   3.7050000e+00  -3.5140532e+01
   3.7100000e+00  -2.1248991e+01
   3.7150000e+00  -7.0704844e+00
   3.7200000e+00   7.6113404e+00
   3.7250000e+00   2.3241917e+01
   3.7300000e+00   4.0529633e+01
   3.7350000e+00   6.0340133e+01
   3.7400000e+00   8.3398141e+01
   3.7450000e+00   1.0992090e+02
   3.7500000e+00   1.3941265e+02
   3.7550000e+00   1.7075651e+02
   3.7600000e+00   2.0253060e+02
   3.7650000e+00   2.3335049e+02
   3.7700000e+00   2.6208005e+02
   3.7750000e+00   2.8786525e+02
   3.7800000e+00   3.1006177e+02
   3.7850000e+00   3.2819947e+02
   3.7900000e+00   3.4204644e+02
   3.7950000e+00   3.5168022e+02
   3.8000000e+00   3.5744876e+02
   3.8050000e+00   3.5982125e+02
   3.8100000e+00   3.5923319e+02
   3.8150000e+00   3.5600870e+02
   3.8200000e+00   3.5035267e+02
   3.8250000e+00   3.4237668e+02
   3.8300000e+00   3.3215365e+02
   3.8350000e+00   3.1979056e+02
   3.8400000e+00   3.0546602e+02
   3.8450000e+00   2.8938756e+02
   3.8500000e+00   2.7170518e+02
   3.8550000e+00   2.5248217e+02
   3.8600000e+00   2.3176408e+02
   3.8650000e+00   2.0967690e+02
   3.8700000e+00   1.8648078e+02
   3.8750000e+00   1.6256479e+02
   3.8800000e+00   1.3839341e+02
   3.8850000e+00   1.1441953e+02
   3.8900000e+00   9.0990904e+01
   3.8950000e+00   6.8279649e+01
   3.9000000e+00   4.6260926e+01
   3.9050000e+00   2.4775187e+01
   3.9100000e+00   3.7114068e+00
   3.9150000e+00  -1.6724397e+01
   3.9200000e+00  -3.5858603e+01
   3.9250000e+00  -5.2744286e+01
   3.9300000e+00  -6.6618786e+01
   3.9350000e+00  -7.7256967e+01
   3.9400000e+00  -8.4970392e+01
   3.9450000e+00  -9.0323655e+01
   3.9500000e+00  -9.3810323e+01
   3.9550000e+00  -9.5679900e+01
   3.9600000e+00  -9.5949740e+01
   3.9650000e+00  -9.4515402e+01
   3.9700000e+00  -9.1270407e+01
   3.9750000e+00  -8.6216599e+01
   3.9800000e+00  -7.9559968e+01
   3.9850000e+00  -7.1748925e+01
   3.9900000e+00  -6.3435336e+01
   3.9950000e+00  -5.5376754e+01
   4.0000000e+00  -4.8277392e+01
   4.0050000e+00  -4.2578824e+01
   4.0100000e+00  -3.8287575e+01
   4.0150000e+00  -3.4945423e+01
   4.0200000e+00  -3.1776237e+01
   4.0250000e+00  -2.7954482e+01
   4.0300000e+00  -2.2886624e+01
   4.0350000e+00  -1.6386012e+01
   4.0400000e+00  -8.6475146e+00
   4.0450000e+00  -1.5207026e-02
   4.0500000e+00   9.3169387e+00
   4.0550000e+00   1.9458493e+01
   4.0600000e+00   3.0731557e+01
   4.0650000e+00   4.3438985e+01
   4.0700000e+00   5.7676591e+01
   4.0750000e+00   7.3263736e+01
   4.0800000e+00   8.9742621e+01
   4.0850000e+00   1.0643201e+02
   4.0900000e+00   1.2259389e+02
   4.0950000e+00   1.3769744e+02
   4.1000000e+00   1.5161458e+02
   4.1050000e+00   1.6457915e+02
   4.1100000e+00   1.7695901e+02
   4.1150000e+00   1.8904869e+02
   4.1200000e+00   2.0095433e+02
   4.1250000e+00   2.1249421e+02
   4.1300000e+00   2.2312061e+02
   4.1350000e+00   2.3194731e+02
   4.1400000e+00   2.3789289e+02
   4.1450000e+00   2.3986998e+02
   4.1500000e+00   2.3697823e+02
   4.1550000e+00   2.2872034e+02
   4.1600000e+00   2.1520074e+02
   4.1650000e+00   1.9716155e+02
   4.1700000e+00   1.7578373e+02
   4.1750000e+00   1.5236406e+02
   4.1800000e+00   1.2803118e+02
   4.1850000e+00   1.0360240e+02
   4.1900000e+00   7.9625868e+01
   4.1950000e+00   5.6549439e+01
   4.2000000e+00   3.4834322e+01
   4.2050000e+00   1.4878076e+01
   4.2100000e+00  -3.1777729e+00
   4.2150000e+00  -1.9540528e+01
   4.2200000e+00  -3.4634793e+01
   4.2250000e+00  -4.8842102e+01
   4.2300000e+00  -6.2308660e+01
   4.2350000e+00  -7.4927974e+01
   4.2400000e+00  -8.6466173e+01
   4.2450000e+00  -9.6733940e+01
   4.2500000e+00  -1.0572430e+02
   4.2550000e+00  -1.1365976e+02
   4.2600000e+00  -1.2091369e+02
   4.2650000e+00  -1.2784228e+02
   4.2700000e+00  -1.3463547e+02
   4.2750000e+00  -1.4126583e+02
   4.2800000e+00  -1.4752713e+02
   4.2850000e+00  -1.5310791e+02
   4.2900000e+00  -1.5765396e+02
   4.2950000e+00  -1.6080813e+02
   4.3000000e+00  -1.6224820e+02
   4.3050000e+00  -1.6174612e+02
   4.3100000e+00  -1.5924362e+02
   4.3150000e+00  -1.5490797e+02
   4.3200000e+00  -1.4913430e+02
   4.3250000e+00  -1.4249510e+02
   4.3300000e+00  -1.3565340e+02
   4.3350000e+00  -1.2923844e+02
   4.3400000e+00  -1.2368275e+02
   4.3450000e+00  -1.1906564e+02
   4.3500000e+00  -1.1505473e+02
   4.3550000e+00  -1.1101797e+02
   4.3600000e+00  -1.0627574e+02
   4.3650000e+00  -1.0035673e+02
   4.3700000e+00  -9.3116093e+01
   4.3750000e+00  -8.4682907e+01
   4.3800000e+00  -7.5330632e+01
   4.3850000e+00  -6.5386091e+01
   4.3900000e+00  -5.5214655e+01
   4.3950000e+00  -4.5251820e+01
   4.4000000e+00  -3.6015585e+01
   4.4050000e+00  -2.8025783e+01
   4.4100000e+00  -2.1641749e+01
   4.4150000e+00  -1.6945934e+01
   4.4200000e+00  -1.3779641e+01
   4.4250000e+00  -1.1884839e+01
   4.4300000e+00  -1.1003640e+01
   4.4350000e+00  -1.0870910e+01
   4.4400000e+00  -1.1197773e+01
   4.4450000e+00  -1.1736939e+01
   4.4500000e+00  -1.2364897e+01
   4.4550000e+00  -1.3063475e+01
   4.4600000e+00  -1.3809874e+01
   4.4650000e+00  -1.4512282e+01
   4.4700000e+00  -1.5067998e+01
   4.4750000e+00  -1.5459542e+01
   4.4800000e+00  -1.5789723e+01
   4.4850000e+00  -1.6262100e+01
   4.4900000e+00  -1.7140845e+01
   4.4950000e+00  -1.8685068e+01
   4.5000000e+00  -2.1057953e+01
   4.5050000e+00  -2.4257105e+01
   4.5100000e+00  -2.8121754e+01
   4.5150000e+00  -3.2412733e+01
   4.5200000e+00  -3.6898672e+01
   4.5250000e+00  -4.1385232e+01
   4.5300000e+00  -4.5679146e+01
   4.5350000e+00  -4.9530641e+01
   4.5400000e+00  -5.2610211e+01
   4.5450000e+00  -5.4551761e+01
   4.5500000e+00  -5.5055419e+01
   4.5550000e+00  -5.4009924e+01
   4.5600000e+00  -5.1574285e+01
   4.5650000e+00  -4.8143605e+01
   4.5700000e+00  -4.4163743e+01
   4.5750000e+00  -3.9890075e+01
   4.5800000e+00  -3.5271672e+01
   4.5850000e+00  -3.0050975e+01
   4.5900000e+00  -2.3989658e+01
   4.5950000e+00  -1.7046322e+01
   4.6000000e+00  -9.4037958e+00
   4.6050000e+00  -1.3737974e+00
   4.6100000e+00   6.7307008e+00
   4.6150000e+00   1.4685538e+01
   4.6200000e+00   2.2386276e+01
   4.6250000e+00   2.9837444e+01
   4.6300000e+00   3.7130378e+01
   4.6350000e+00   4.4422672e+01
   4.6400000e+00   5.1906253e+01
   4.6450000e+00   5.9750831e+01
   4.6500000e+00   6.8047672e+01
   4.6550000e+00   7.6800347e+01
   4.6600000e+00   8.5956107e+01
   4.6650000e+00   9.5419180e+01
   4.6700000e+00   1.0503154e+02
   4.6750000e+00   1.1457201e+02
   4.6800000e+00   1.2380262e+02
   4.6850000e+00   1.3252275e+02
   4.6900000e+00   1.4058315e+02
   4.6950000e+00   1.4787860e+02
   4.7000000e+00   1.5435843e+02
   4.7050000e+00   1.6002114e+02
   4.7100000e+00   1.6485441e+02
   4.7150000e+00   1.6877947e+02
   4.7200000e+00   1.7165929e+02
   4.7250000e+00   1.7333745e+02
   4.7300000e+00   1.7367118e+02
   4.7350000e+00   1.7257693e+02
   4.7400000e+00   1.7008853e+02
   4.7450000e+00   1.6635465e+02
   4.7500000e+00   1.6151568e+02
   4.7550000e+00   1.5554510e+02
   4.7600000e+00   1.4822676e+02
   4.7650000e+00   1.3931419e+02
   4.7700000e+00   1.2873282e+02
   4.7750000e+00   1.1666505e+02
   4.7800000e+00   1.0349307e+02
   4.7850000e+00   8.9688533e+01
   4.7900000e+00   7.5722851e+01
   4.7950000e+00   6.2005303e+01
   4.8000000e+00   4.8847494e+01
   4.8050000e+00   3.6469568e+01
   4.8100000e+00   2.5046305e+01
   4.8150000e+00   1.4760332e+01
   4.8200000e+00   5.8274948e+00
   4.8250000e+00  -1.5119417e+00
   4.8300000e+00  -7.0288146e+00
   4.8350000e+00  -1.0576238e+01
   4.8400000e+00  -1.2188427e+01
   4.8450000e+00  -1.2141128e+01
   4.8500000e+00  -1.0894526e+01
   4.8550000e+00  -8.9264692e+00
   4.8600000e+00  -6.5780750e+00
   4.8650000e+00  -4.0184302e+00
   4.8700000e+00  -1.3134512e+00
   4.8750000e+00   1.4571535e+00
   4.8800000e+00   4.0793937e+00
   4.8850000e+00   6.1793406e+00
   4.8900000e+00   7.3714953e+00
   4.8950000e+00   7.4996636e+00
   4.9000000e+00   6.8120964e+00
   4.9050000e+00   5.9835324e+00
   4.9100000e+00   5.9502377e+00
   4.9150000e+00   7.5847318e+00
   4.9200000e+00   1.1375429e+01
   4.9250000e+00   1.7300249e+01
   4.9300000e+00   2.4914120e+01
   4.9350000e+00   3.3555317e+01
   4.9400000e+00   4.2592600e+01
   4.9450000e+00   5.1625314e+01
   4.9500000e+00   6.0528693e+01
   4.9550000e+00   6.9317125e+01
   4.9600000e+00   7.7932919e+01
   4.9650000e+00   8.6125493e+01
   4.9700000e+00   9.3502782e+01
   4.9750000e+00   9.9691915e+01
   4.9800000e+00   1.0447257e+02
   4.9850000e+00   1.0779402e+02
   4.9900000e+00   1.0969536e+02
   4.9950000e+00   1.1021043e+02
   5.0000000e+00   1.0933037e+02
   5.0050000e+00   1.0705841e+02
   5.0100000e+00   1.0351721e+02
   5.0150000e+00   9.8993840e+01
   5.0200000e+00   9.3858814e+01
   5.0250000e+00   8.8454462e+01
   5.0300000e+00   8.3099123e+01
   5.0350000e+00   7.8201900e+01
   5.0400000e+00   7.4301038e+01
   5.0450000e+00   7.1881508e+01
   5.0500000e+00   7.1080352e+01
   5.0550000e+00   7.1548681e+01
   5.0600000e+00   7.2624297e+01
   5.0650000e+00   7.3705842e+01
   5.0700000e+00   7.4550663e+01
   5.0750000e+00   7.5280718e+01
   5.0800000e+00   7.6120202e+01
   5.0850000e+00   7.7103092e+01
   5.0900000e+00   7.7988510e+01
   5.0950000e+00   7.8421904e+01
   5.1000000e+00   7.8173637e+01
   5.1050000e+00   7.7251699e+01
   5.1100000e+00   7.5828250e+01
   5.1150000e+00   7.4079625e+01
   5.1200000e+00   7.2073480e+01
   5.1250000e+00   6.9750225e+01
   5.1300000e+00   6.6966456e+01
   5.1350000e+00   6.3575572e+01
   5.1400000e+00   5.9521816e+01
   5.1450000e+00   5.4871188e+01
   5.1500000e+00   4.9726130e+01
   5.1550000e+00   4.4094353e+01
   5.1600000e+00   3.7843775e+01
   5.1650000e+00   3.0792842e+01
   5.1700000e+00   2.2851673e+01
   5.1750000e+00   1.4084348e+01
   5.1800000e+00   4.6419729e+00
   5.1850000e+00  -5.3733727e+00
   5.1900000e+00  -1.6005191e+01
   5.1950000e+00  -2.7427626e+01
   5.2000000e+00  -3.9837039e+01
   5.2050000e+00  -5.3338653e+01
   5.2100000e+00  -6.7903109e+01
   5.2150000e+00  -8.3390550e+01
   5.2200000e+00  -9.9590437e+01
   5.2250000e+00  -1.1624064e+02
   5.2300000e+00  -1.3302690e+02
   5.2350000e+00  -1.4959646e+02
   5.2400000e+00  -1.6562163e+02
   5.2450000e+00  -1.8088362e+02
   5.2500000e+00  -1.9528449e+02
   5.2550000e+00  -2.0874487e+02
   5.2600000e+00  -2.2106620e+02
   5.2650000e+00  -2.3188568e+02
   5.2700000e+00  -2.4077395e+02
   5.2750000e+00  -2.4740163e+02
   5.2800000e+00  -2.5164245e+02
   5.2850000e+00  -2.5353362e+02
   5.2900000e+00  -2.5313174e+02
   5.2950000e+00  -2.5038883e+02
   5.3000000e+00  -2.4516282e+02
   5.3050000e+00  -2.3736007e+02
   5.3100000e+00  -2.2708769e+02
   5.3150000e+00  -2.1469150e+02
   5.3200000e+00  -2.0066337e+02
   5.3250000e+00  -1.8550853e+02
   5.3300000e+00  -1.6967446e+02
   5.3350000e+00  -1.5356654e+02
   5.3400000e+00  -1.3760339e+02
   5.3450000e+00  -1.2224289e+02
   5.3500000e+00  -1.0792966e+02
   5.3550000e+00  -9.4986524e+01
   5.3600000e+00  -8.3550400e+01
   5.3650000e+00  -7.3619109e+01
   5.3700000e+00  -6.5148001e+01
   5.3750000e+00  -5.8096570e+01
   5.3800000e+00  -5.2404499e+01
   5.3850000e+00  -4.7939422e+01
   5.3900000e+00  -4.4458967e+01
   5.3950000e+00  -4.1606752e+01
   5.4000000e+00  -3.8941040e+01
   5.4050000e+00  -3.5991341e+01
   5.4100000e+00  -3.2347135e+01
   5.4150000e+00  -2.7764797e+01
   5.4200000e+00  -2.2237280e+01
   5.4250000e+00  -1.5984078e+01
   5.4300000e+00  -9.3840902e+00
   5.4350000e+00  -2.8803284e+00
   5.4400000e+00   3.1491662e+00
   5.4450000e+00   8.5225945e+00
   5.4500000e+00   1.3299461e+01
   5.4550000e+00   1.7687582e+01
   5.4600000e+00   2.1858938e+01
   5.4650000e+00   2.5787165e+01
   5.4700000e+00   2.9208791e+01
   5.4750000e+00   3.1732683e+01
   5.4800000e+00   3.3025350e+01
   5.4850000e+00   3.2955437e+01
   5.4900000e+00   3.1622657e+01
   5.4950000e+00   2.9276540e+01
   5.5000000e+00   2.6183321e+01
   5.5050000e+00   2.2504308e+01
   5.5100000e+00   1.8232744e+01
   5.5150000e+00   1.3217115e+01
   5.5200000e+00   7.2549730e+00
   5.5250000e+00   1.9115268e-01
   5.5300000e+00  -8.0405939e+00
   5.5350000e+00  -1.7430692e+01
   5.5400000e+00  -2.7909476e+01
   5.5450000e+00  -3.9339953e+01
   5.5500000e+00  -5.1523149e+01
   5.5550000e+00  -6.4237270e+01
   5.5600000e+00  -7.7266443e+01
   5.5650000e+00  -9.0388157e+01
   5.5700000e+00  -1.0335503e+02
   5.5750000e+00  -1.1590527e+02
   5.5800000e+00  -1.2779130e+02
   5.5850000e+00  -1.3880718e+02
   5.5900000e+00  -1.4880788e+02
   5.5950000e+00  -1.5772070e+02
   5.6000000e+00  -1.6555213e+02
   5.6050000e+00  -1.7237790e+02
   5.6100000e+00  -1.7828258e+02
   5.6150000e+00  -1.8326037e+02
   5.6200000e+00  -1.8717334e+02
   5.6250000e+00  -1.8984686e+02
   5.6300000e+00  -1.9123677e+02
   5.6350000e+00  -1.9148736e+02
   5.6400000e+00  -1.9079749e+02
   5.6450000e+00  -1.8924073e+02
   5.6500000e+00  -1.8671657e+02
   5.6550000e+00  -1.8302818e+02
   5.6600000e+00  -1.7798916e+02
   5.6650000e+00  -1.7151027e+02
   5.6700000e+00  -1.6365052e+02
   5.6750000e+00  -1.5461186e+02
   5.6800000e+00  -1.4467855e+02
   5.6850000e+00  -1.3413954e+02
   5.6900000e+00  -1.2324317e+02
   5.6950000e+00  -1.1220830e+02
   5.7000000e+00  -1.0127534e+02
   5.7050000e+00  -9.0750686e+01
   5.7100000e+00  -8.0993394e+01
   5.7150000e+00  -7.2322985e+01
   5.7200000e+00  -6.4897138e+01
   5.7250000e+00  -5.8643653e+01
   5.7300000e+00  -5.3269947e+01
   5.7350000e+00  -4.8322742e+01
   5.7400000e+00  -4.3301279e+01
   5.7450000e+00  -3.7826204e+01
   5.7500000e+00  -3.1780956e+01
   5.7550000e+00  -2.5290348e+01
   5.7600000e+00  -1.8513720e+01
   5.7650000e+00  -1.1431684e+01
   5.7700000e+00  -3.8242855e+00
   5.7750000e+00   4.5599296e+00
   5.7800000e+00   1.3787933e+01
   5.7850000e+00   2.3608117e+01
   5.7900000e+00   3.3464479e+01
   5.7950000e+00   4.2650995e+01
   5.8000000e+00   5.0516260e+01
   5.8050000e+00   5.6622920e+01
   5.8100000e+00   6.0834410e+01
   5.8150000e+00   6.3325246e+01
   5.8200000e+00   6.4490277e+01
   5.8250000e+00   6.4760554e+01
   5.8300000e+00   6.4415272e+01
   5.8350000e+00   6.3512760e+01
   5.8400000e+00   6.1981049e+01
   5.8450000e+00   5.9773791e+01
   5.8500000e+00   5.6948991e+01
   5.8550000e+00   5.3619473e+01
   5.8600000e+00   4.9865587e+01
   5.8650000e+00   4.5738926e+01
   5.8700000e+00   4.1371362e+01
   5.8750000e+00   3.7053238e+01
   5.8800000e+00   3.3151018e+01
   5.8850000e+00   2.9929245e+01
   5.8900000e+00   2.7455284e+01
   5.8950000e+00   2.5640474e+01
   5.9000000e+00   2.4330559e+01
   5.9050000e+00   2.3372418e+01
   5.9100000e+00   2.2653187e+01
   5.9150000e+00   2.2116822e+01
   5.9200000e+00   2.1731562e+01
   5.9250000e+00   2.1410424e+01
   5.9300000e+00   2.0960788e+01
   5.9350000e+00   2.0117543e+01
   5.9400000e+00   1.8619202e+01
   5.9450000e+00   1.6267157e+01
   5.9500000e+00   1.2960502e+01
   5.9550000e+00   8.7255894e+00
   5.9600000e+00   3.7414291e+00
   5.9650000e+00  -1.6605773e+00
   5.9700000e+00  -7.0436677e+00
   5.9750000e+00  -1.1965566e+01
   5.9800000e+00  -1.6116840e+01
   5.9850000e+00  -1.9443306e+01
   5.9900000e+00  -2.2165360e+01
   5.9950000e+00  -2.4651274e+01
   6.0000000e+00  -2.7208710e+01
   6.0050000e+00  -2.9927077e+01
   6.0100000e+00  -3.2666865e+01
   6.0150000e+00  -3.5183617e+01
   6.0200000e+00  -3.7288499e+01
   6.0250000e+00  -3.8943132e+01
   6.0300000e+00  -4.0242615e+01
   6.0350000e+00  -4.1315483e+01
   6.0400000e+00  -4.2224969e+01
   6.0450000e+00  -4.2950139e+01
   6.0500000e+00  -4.3454118e+01
   6.0550000e+00  -4.3765609e+01
   6.0600000e+00  -4.3989465e+01
   6.0650000e+00  -4.4247244e+01
   6.0700000e+00  -4.4626807e+01
   6.0750000e+00  -4.5191372e+01
   6.0800000e+00  -4.6016629e+01
   6.0850000e+00  -4.7194340e+01
   6.0900000e+00  -4.8784911e+01
   6.0950000e+00  -5.0757483e+01
   6.1000000e+00  -5.2960468e+01
   6.1050000e+00  -5.5135982e+01
   6.1100000e+00  -5.6973855e+01
   6.1150000e+00  -5.8193889e+01
   6.1200000e+00  -5.8631537e+01
   6.1250000e+00  -5.8283298e+01
   6.1300000e+00  -5.7274547e+01
   6.1350000e+00  -5.5759295e+01
   6.1400000e+00  -5.3802752e+01
   6.1450000e+00  -5.1301607e+01
   6.1500000e+00  -4.7992447e+01
   6.1550000e+00  -4.3581276e+01
   6.1600000e+00  -3.7950807e+01
   6.1650000e+00  -3.1309772e+01
   6.1700000e+00  -2.4152405e+01
   6.1750000e+00  -1.7027723e+01
   6.1800000e+00  -1.0272114e+01
   6.1850000e+00  -3.8929607e+00
   6.1900000e+00   2.3248395e+00
   6.1950000e+00   8.5814349e+00
   6.2000000e+00   1.4870500e+01
   6.2050000e+00   2.0963036e+01
   6.2100000e+00   2.6563524e+01
   6.2150000e+00   3.1512846e+01
   6.2200000e+00   3.5877235e+01
   6.2250000e+00   3.9863145e+01
   6.2300000e+00   4.3668700e+01
   6.2350000e+00   4.7410456e+01
   6.2400000e+00   5.1123010e+01
   6.2450000e+00   5.4774867e+01
   6.2500000e+00   5.8315262e+01
   6.2550000e+00   6.1751860e+01
   6.2600000e+00   6.5176624e+01
   6.2650000e+00   6.8682844e+01
   6.2700000e+00   7.2247711e+01
   6.2750000e+00   7.5717879e+01
   6.2800000e+00   7.8913899e+01
   6.2850000e+00   8.1721214e+01
   6.2900000e+00   8.4077158e+01
   6.2950000e+00   8.5908916e+01
   6.3000000e+00   8.7120819e+01
   6.3050000e+00   8.7653218e+01
   6.3100000e+00   8.7547566e+01
   6.3150000e+00   8.6935973e+01
   6.3200000e+00   8.5953423e+01
   6.3250000e+00   8.4668597e+01
   6.3300000e+00   8.3079610e+01
   6.3350000e+00   8.1085523e+01
   6.3400000e+00   7.8406522e+01
   6.3450000e+00   7.4597262e+01
   6.3500000e+00   6.9228180e+01
   6.3550000e+00   6.2099727e+01
   6.3600000e+00   5.3331232e+01
   6.3650000e+00   4.3299408e+01
   6.3700000e+00   3.2498503e+01
   6.3750000e+00   2.1403353e+01
   6.3800000e+00   1.0383183e+01
   6.3850000e+00  -3.1811907e-01
   6.3900000e+00  -1.0555647e+01
   6.3950000e+00  -2.0257912e+01
   6.4000000e+00  -2.9407039e+01
   6.4050000e+00  -3.7979325e+01
   6.4100000e+00  -4.5857051e+01
   6.4150000e+00  -5.2801762e+01
   6.4200000e+00  -5.8533215e+01
   6.4250000e+00  -6.2843289e+01
   6.4300000e+00  -6.5641166e+01
   6.4350000e+00  -6.6906030e+01
   6.4400000e+00  -6.6622893e+01
   6.4450000e+00  -6.4787694e+01
   6.4500000e+00  -6.1472385e+01
   6.4550000e+00  -5.6850950e+01
   6.4600000e+00  -5.1135801e+01
   6.4650000e+00  -4.4496310e+01
   6.4700000e+00  -3.7034384e+01
   6.4750000e+00  -2.8804346e+01
   6.4800000e+00  -1.9851102e+01
   6.4850000e+00  -1.0275410e+01
   6.4900000e+00  -3.1751412e-01
   6.4950000e+00   9.5993865e+00
   6.5000000e+00   1.8926204e+01
   6.5050000e+00   2.7129065e+01
   6.5100000e+00   3.3824190e+01
   6.5150000e+00   3.8827653e+01
   6.5200000e+00   4.2101545e+01
   6.5250000e+00   4.3643582e+01
   6.5300000e+00   4.3426387e+01
   6.5350000e+00   4.1466135e+01
   6.5400000e+00   3.7955683e+01
   6.5450000e+00   3.3309085e+01
   6.5500000e+00   2.8062267e+01
   6.5550000e+00   2.2715888e+01
   6.5600000e+00   1.7628377e+01
   6.5650000e+00   1.2993604e+01
   6.5700000e+00   8.8781556e+00
   6.5750000e+00   5.2939710e+00
   6.5800000e+00   2.2785765e+00
   6.5850000e+00  -7.0534915e-02
   6.5900000e+00  -1.6202746e+00
   6.5950000e+00  -2.2369728e+00
   6.6000000e+00  -1.8217587e+00
   6.6050000e+00  -3.7412967e-01
   6.6100000e+00   1.9579476e+00
   6.6150000e+00   4.9245407e+00
   6.6200000e+00   8.3056927e+00
   6.6250000e+00   1.2003126e+01
   6.6300000e+00   1.5988218e+01
   6.6350000e+00   2.0153492e+01
   6.6400000e+00   2.4221452e+01
   6.6450000e+00   2.7805930e+01
   6.6500000e+00   3.0568579e+01
   6.6550000e+00   3.2328913e+01
   6.6600000e+00   3.3047365e+01
   6.6650000e+00   3.2727170e+01
   6.6700000e+00   3.1341908e+01
   6.6750000e+00   2.8852271e+01
   6.6800000e+00   2.5290735e+01
   6.6850000e+00   2.0838430e+01
   6.6900000e+00   1.5825465e+01
   6.6950000e+00   1.0644365e+01
   6.7000000e+00   5.6273235e+00
   6.7050000e+00   9.5409768e-01
   6.7100000e+00  -3.3743611e+00
   6.7150000e+00  -7.4967992e+00
   6.7200000e+00  -1.1591808e+01
   6.7250000e+00  -1.5741239e+01
   6.7300000e+00  -1.9838557e+01
   6.7350000e+00  -2.3619341e+01
   6.7400000e+00  -2.6789886e+01
   6.7450000e+00  -2.9159647e+01
   6.7500000e+00  -3.0700713e+01
   6.7550000e+00  -3.1497590e+01
   6.7600000e+00  -3.1620564e+01
   6.7650000e+00  -3.1048329e+01
   6.7700000e+00  -2.9731111e+01
   6.7750000e+00  -2.7718630e+01
   6.7800000e+00  -2.5197265e+01
   6.7850000e+00  -2.2392861e+01
   6.7900000e+00  -1.9458779e+01
   6.7950000e+00  -1.6469717e+01
   6.8000000e+00  -1.3483691e+01
   6.8050000e+00  -1.0563954e+01
   6.8100000e+00  -7.7462672e+00
   6.8150000e+00  -5.0127955e+00
   6.8200000e+00  -2.3114619e+00
   6.8250000e+00   3.8796633e-01
   6.8300000e+00   3.0466193e+00
   6.8350000e+00   5.5703756e+00
   6.8400000e+00   7.8763083e+00
   6.8450000e+00   9.9396094e+00
   6.8500000e+00   1.1783240e+01
   6.8550000e+00   1.3453917e+01
   6.8600000e+00   1.5037365e+01
   6.8650000e+00   1.6689270e+01
   6.8700000e+00   1.8610082e+01
   6.8750000e+00   2.0965799e+01
   6.8800000e+00   2.3833802e+01
   6.8850000e+00   2.7199987e+01
   6.8900000e+00   3.0977257e+01
   6.8950000e+00   3.5053309e+01
   6.9000000e+00   3.9375969e+01
   6.9050000e+00   4.4006429e+01
   6.9100000e+00   4.9056999e+01
   6.9150000e+00   5.4556131e+01
   6.9200000e+00   6.0401376e+01
   6.9250000e+00   6.6447243e+01
   6.9300000e+00   7.2572930e+01
   6.9350000e+00   7.8644915e+01
   6.9400000e+00   8.4481444e+01
   6.9450000e+00   8.9878597e+01
   6.9500000e+00   9.4647317e+01
   6.9550000e+00   9.8664418e+01
   6.9600000e+00   1.0195093e+02
   6.9650000e+00   1.0469348e+02
   6.9700000e+00   1.0714260e+02
   6.9750000e+00   1.0946125e+02
   6.9800000e+00   1.1166044e+02
   6.9850000e+00   1.1366826e+02
   6.9900000e+00   1.1544542e+02
   6.9950000e+00   1.1703038e+02
   7.0000000e+00   1.1849121e+02
   7.0050000e+00   1.1986373e+02
   7.0100000e+00   1.2115142e+02
   7.0150000e+00   1.2236463e+02
   7.0200000e+00   1.2352056e+02
   7.0250000e+00   1.2458416e+02
   7.0300000e+00   1.2542700e+02
   7.0350000e+00   1.2587230e+02
   7.0400000e+00   1.2577660e+02
   7.0450000e+00   1.2505386e+02
   7.0500000e+00   1.2364015e+02
   7.0550000e+00   1.2146457e+02
   7.0600000e+00   1.1845502e+02
   7.0650000e+00   1.1454976e+02
   7.0700000e+00   1.0968509e+02
   7.0750000e+00   1.0377399e+02
   7.0800000e+00   9.6715412e+01
   7.0850000e+00   8.8452552e+01
   7.0900000e+00   7.9063328e+01
   7.0950000e+00   6.8820439e+01
   7.1000000e+00   5.8140407e+01
   7.1050000e+00   4.7431863e+01
   7.1100000e+00   3.6974678e+01
   7.1150000e+00   2.6921436e+01
   7.1200000e+00   1.7367715e+01
   7.1250000e+00   8.4026762e+00
   7.1300000e+00   1.1547914e-01
   7.1350000e+00  -7.4256485e+00
   7.1400000e+00  -1.4182248e+01
   7.1450000e+00  -2.0107990e+01
   7.1500000e+00  -2.5101696e+01
   7.1550000e+00  -2.9023201e+01
   7.1600000e+00  -3.1758515e+01
   7.1650000e+00  -3.3246992e+01
   7.1700000e+00  -3.3435988e+01
   7.1750000e+00  -3.2219921e+01
   7.1800000e+00  -2.9441009e+01
   7.1850000e+00  -2.4972099e+01
   7.1900000e+00  -1.8826443e+01
   7.1950000e+00  -1.1216982e+01
   7.2000000e+00  -2.5353414e+00
   7.2050000e+00   6.7256404e+00
   7.2100000e+00   1.6079691e+01
   7.2150000e+00   2.5162707e+01
   7.2200000e+00   3.3798046e+01
   7.2250000e+00   4.1958232e+01
   7.2300000e+00   4.9652559e+01
   7.2350000e+00   5.6827653e+01
   7.2400000e+00   6.3341774e+01
   7.2450000e+00   6.9010560e+01
   7.2500000e+00   7.3679540e+01
   7.2550000e+00   7.7279201e+01
   7.2600000e+00   7.9845708e+01
   7.2650000e+00   8.1508212e+01
   7.2700000e+00   8.2436929e+01
   7.2750000e+00   8.2759935e+01
   7.2800000e+00   8.2506140e+01
   7.2850000e+00   8.1626708e+01
   7.2900000e+00   8.0066502e+01
   7.2950000e+00   7.7814796e+01
   7.3000000e+00   7.4915326e+01
   7.3050000e+00   7.1479345e+01
   7.3100000e+00   6.7712958e+01
   7.3150000e+00   6.3887244e+01
   7.3200000e+00   6.0223490e+01
   7.3250000e+00   5.6795721e+01
   7.3300000e+00   5.3545129e+01
   7.3350000e+00   5.0373710e+01
   7.3400000e+00   4.7228434e+01
   7.3450000e+00   4.4133979e+01
   7.3500000e+00   4.1184710e+01
   7.3550000e+00   3.8512680e+01
   7.3600000e+00   3.6240576e+01
   7.3650000e+00   3.4444514e+01
   7.3700000e+00   3.3155978e+01
   7.3750000e+00   3.2396282e+01
   7.3800000e+00   3.2208057e+01
   7.3850000e+00   3.2655361e+01
   7.3900000e+00   3.3784646e+01
   7.3950000e+00   3.5561082e+01
   7.4000000e+00   3.7815471e+01
   7.4050000e+00   4.0245595e+01
   7.4100000e+00   4.2492723e+01
   7.4150000e+00   4.4255929e+01
   7.4200000e+00   4.5377878e+01
   7.4250000e+00   4.5871542e+01
   7.4300000e+00   4.5878895e+01
   7.4350000e+00   4.5548002e+01
   7.4400000e+00   4.4878600e+01
   7.4450000e+00   4.3667845e+01
   7.4500000e+00   4.1636490e+01
   7.4550000e+00   3.8649597e+01
   7.4600000e+00   3.4845640e+01
   7.4650000e+00   3.0573017e+01
   7.4700000e+00   2.6199176e+01
   7.4750000e+00   2.1922401e+01
   7.4800000e+00   1.7691005e+01
   7.4850000e+00   1.3296249e+01
   7.4900000e+00   8.6008247e+00
   7.4950000e+00   3.7339497e+00
   7.5000000e+00  -8.9888653e-01
   7.5050000e+00  -4.7906525e+00
   7.5100000e+00  -7.5724938e+00
   7.5150000e+00  -9.1812015e+00
   7.5200000e+00  -9.8663934e+00
   7.5250000e+00  -1.0031277e+01
   7.5300000e+00  -9.9958888e+00
   7.5350000e+00  -9.8325506e+00
   7.5400000e+00  -9.3691459e+00
   7.5450000e+00  -8.3178429e+00
   7.5500000e+00  -6.4235711e+00
   7.5550000e+00  -3.5702720e+00
   7.5600000e+00   1.8063102e-01
   7.5650000e+00   4.6306200e+00
   7.5700000e+00   9.5289086e+00
   7.5750000e+00   1.4636225e+01
   7.5800000e+00   1.9737047e+01
   7.5850000e+00   2.4628839e+01
   7.5900000e+00   2.9129778e+01
   7.5950000e+00   3.3102914e+01
   7.6000000e+00   3.6463606e+01
   7.6050000e+00   3.9162952e+01
   7.6100000e+00   4.1174709e+01
   7.6150000e+00   4.2496437e+01
   7.6200000e+00   4.3127409e+01
   7.6250000e+00   4.3009023e+01
   7.6300000e+00   4.2002745e+01
   7.6350000e+00   3.9965703e+01
   7.6400000e+00   3.6858002e+01
   7.6450000e+00   3.2768368e+01
   7.6500000e+00   2.7834320e+01
   7.6550000e+00   2.2141099e+01
   7.6600000e+00   1.5695850e+01
   7.6650000e+00   8.4923638e+00
   7.6700000e+00   5.9463000e-01
   7.6750000e+00  -7.8490532e+00
   7.6800000e+00  -1.6682522e+01
   7.6850000e+00  -2.5828804e+01
   7.6900000e+00  -3.5279858e+01
   7.6950000e+00  -4.5000207e+01
   7.7000000e+00  -5.4867795e+01
   7.7050000e+00  -6.4695547e+01
   7.7100000e+00  -7.4265653e+01
   7.7150000e+00  -8.3355091e+01
   7.7200000e+00  -9.1794921e+01
   7.7250000e+00  -9.9553671e+01
   7.7300000e+00  -1.0676287e+02
   7.7350000e+00  -1.1362467e+02
   7.7400000e+00  -1.2024480e+02
   7.7450000e+00  -1.2652192e+02
   7.7500000e+00  -1.3219779e+02
   7.7550000e+00  -1.3702245e+02
   7.7600000e+00  -1.4088229e+02
   7.7650000e+00  -1.4381419e+02
   7.7700000e+00  -1.4595428e+02
   7.7750000e+00  -1.4748598e+02
   7.7800000e+00  -1.4860319e+02
   7.7850000e+00  -1.4946968e+02
   7.7900000e+00  -1.5014498e+02
   7.7950000e+00  -1.5049443e+02
   7.8000000e+00  -1.5018239e+02
   7.8050000e+00  -1.4883088e+02
   7.8100000e+00  -1.4627253e+02
   7.8150000e+00  -1.4268626e+02
   7.8200000e+00  -1.3846407e+02
   7.8250000e+00  -1.3390760e+02
   7.8300000e+00  -1.2902734e+02
   7.8350000e+00  -1.2361777e+02
   7.8400000e+00  -1.1750706e+02
   7.8450000e+00  -1.1073263e+02
   7.8500000e+00  -1.0353246e+02
   7.8550000e+00  -9.6239951e+01
   7.8600000e+00  -8.9188669e+01
   7.8650000e+00  -8.2649053e+01
   7.8700000e+00  -7.6776925e+01
   7.8750000e+00  -7.1567008e+01
   7.8800000e+00  -6.6842416e+01
   7.8850000e+00  -6.2321663e+01
   7.8900000e+00  -5.7738195e+01
   7.8950000e+00  -5.2921657e+01
   7.9000000e+00  -4.7805452e+01
   7.9050000e+00  -4.2413565e+01
   7.9100000e+00  -3.6859366e+01
   7.9150000e+00  -3.1333150e+01
   7.9200000e+00  -2.6068887e+01
   7.9250000e+00  -2.1314696e+01
   7.9300000e+00  -1.7311506e+01
   7.9350000e+00  -1.4241997e+01
   7.9400000e+00  -1.2143334e+01
   7.9450000e+00  -1.0860998e+01
   7.9500000e+00  -1.0110459e+01
   7.9550000e+00  -9.6056381e+00
   7.9600000e+00  -9.1572126e+00
   7.9650000e+00  -8.6768506e+00
   7.9700000e+00  -8.0878714e+00
   7.9750000e+00  -7.2317103e+00
   7.9800000e+00  -5.8927247e+00
   7.9850000e+00  -3.9275546e+00
   7.9900000e+00  -1.3386337e+00
   7.9950000e+00   1.7981441e+00
   8.0000000e+00   5.4572042e+00
   8.0050000e+00   9.6868980e+00
   8.0100000e+00   1.4504906e+01
   8.0150000e+00   1.9783207e+01
   8.0200000e+00   2.5242099e+01
   8.0250000e+00   3.0563544e+01
   8.0300000e+00   3.5543219e+01
   8.0350000e+00   4.0174087e+01
   8.0400000e+00   4.4598164e+01
   8.0450000e+00   4.8966489e+01
   8.0500000e+00   5.3316241e+01
   8.0550000e+00   5.7538435e+01
   8.0600000e+00   6.1439508e+01
   8.0650000e+00   6.4855303e+01
   8.0700000e+00   6.7733798e+01
   8.0750000e+00   7.0110324e+01
   8.0800000e+00   7.2002076e+01
   8.0850000e+00   7.3334214e+01
   8.0900000e+00   7.3968368e+01
   8.0950000e+00   7.3789378e+01
   8.1000000e+00   7.2753840e+01
   8.1050000e+00   7.0867678e+01
   8.1100000e+00   6.8146271e+01
   8.1150000e+00   6.4615901e+01
   8.1200000e+00   6.0349143e+01
   8.1250000e+00   5.5480638e+01
   8.1300000e+00   5.0179027e+01
   8.1350000e+00   4.4599391e+01
   8.1400000e+00   3.8844539e+01
   8.1450000e+00   3.2954816e+01
   8.1500000e+00   2.6938632e+01
   8.1550000e+00   2.0811266e+01
   8.1600000e+00   1.4599169e+01
   8.1650000e+00   8.3500835e+00
   8.1700000e+00   2.1979888e+00
   8.1750000e+00  -3.5930958e+00
   8.1800000e+00  -8.7068915e+00
   8.1850000e+00  -1.2937098e+01
   8.1900000e+00  -1.6303782e+01
   8.1950000e+00  -1.9030964e+01
   8.2000000e+00  -2.1386059e+01
   8.2050000e+00  -2.3473736e+01
   8.2100000e+00  -2.5127067e+01
   8.2150000e+00  -2.5995367e+01
   8.2200000e+00  -2.5784571e+01
   8.2250000e+00  -2.4469346e+01
   8.2300000e+00  -2.2319601e+01
   8.2350000e+00  -1.9754910e+01
   8.2400000e+00  -1.7166540e+01
   8.2450000e+00  -1.4820220e+01
   8.2500000e+00  -1.2853096e+01
   8.2550000e+00  -1.1329305e+01
   8.2600000e+00  -1.0333782e+01
   8.2650000e+00  -1.0075591e+01
   8.2700000e+00  -1.0915233e+01
   8.2750000e+00  -1.3226510e+01
   8.2800000e+00  -1.7143652e+01
   8.2850000e+00  -2.2411072e+01
   8.2900000e+00  -2.8498078e+01
   8.2950000e+00  -3.4895183e+01
   8.3000000e+00  -4.1373139e+01
   8.3050000e+00  -4.8044832e+01
   8.3100000e+00  -5.5190125e+01
   8.3150000e+00  -6.2947709e+01
   8.3200000e+00  -7.1097637e+01
   8.3250000e+00  -7.9110104e+01
   8.3300000e+00  -8.6423748e+01
   8.3350000e+00  -9.2732369e+01
   8.3400000e+00  -9.8072356e+01
   8.3450000e+00  -1.0268424e+02
   8.3500000e+00  -1.0677861e+02
   8.3550000e+00  -1.1036513e+02
   8.3600000e+00  -1.1324334e+02
   8.3650000e+00  -1.1514102e+02
   8.3700000e+00  -1.1587734e+02
   8.3750000e+00  -1.1543651e+02
   8.3800000e+00  -1.1395016e+02
   8.3850000e+00  -1.1164912e+02
   8.3900000e+00  -1.0881443e+02
   8.3950000e+00  -1.0572404e+02
   8.4000000e+00  -1.0259263e+02
   8.4050000e+00  -9.9519331e+01
   8.4100000e+00  -9.6480507e+01
   8.4150000e+00  -9.3390240e+01
   8.4200000e+00  -9.0180945e+01
   8.4250000e+00  -8.6826541e+01
   8.4300000e+00  -8.3295060e+01
   8.4350000e+00  -7.9483595e+01
   8.4400000e+00  -7.5204112e+01
   8.4450000e+00  -7.0278064e+01
   8.4500000e+00  -6.4702853e+01
   8.4550000e+00  -5.8716335e+01
   8.4600000e+00  -5.2655176e+01
   8.4650000e+00  -4.6749362e+01
   8.4700000e+00  -4.1056244e+01
   8.4750000e+00  -3.5544793e+01
   8.4800000e+00  -3.0183578e+01
   8.4850000e+00  -2.4947193e+01
   8.4900000e+00  -1.9806788e+01
   8.4950000e+00  -1.4772887e+01
   8.5000000e+00  -9.9397582e+00
   8.5050000e+00  -5.4572683e+00
   8.5100000e+00  -1.4440810e+00
   8.5150000e+00   2.0844691e+00
   8.5200000e+00   5.2161660e+00
   8.5250000e+00   8.0696508e+00
   8.5300000e+00   1.0708706e+01
   8.5350000e+00   1.3107091e+01
   8.5400000e+00   1.5172690e+01
   8.5450000e+00   1.6797711e+01
   8.5500000e+00   1.7914173e+01
   8.5550000e+00   1.8549616e+01
   8.5600000e+00   1.8856662e+01
   8.5650000e+00   1.9069062e+01
   8.5700000e+00   1.9377916e+01
   8.5750000e+00   1.9799659e+01
   8.5800000e+00   2.0122764e+01
   8.5850000e+00   1.9969497e+01
   8.5900000e+00   1.8963167e+01
   8.5950000e+00   1.6941035e+01
   8.6000000e+00   1.4096387e+01
   8.6050000e+00   1.0951372e+01
   8.6100000e+00   8.1618622e+00
   8.6150000e+00   6.2466187e+00
   8.6200000e+00   5.3753464e+00
   8.6250000e+00   5.3358920e+00
   8.6300000e+00   5.6932912e+00
   8.6350000e+00   6.0185210e+00
   8.6400000e+00   6.0537329e+00
   8.6450000e+00   5.7792634e+00
   8.6500000e+00   5.4091768e+00
   8.6550000e+00   5.3193339e+00
   8.6600000e+00   5.8895967e+00
   8.6650000e+00   7.3058368e+00
   8.6700000e+00   9.4512388e+00
   8.6750000e+00   1.1979418e+01
   8.6800000e+00   1.4515745e+01
   8.6850000e+00   1.6829378e+01
   8.6900000e+00   1.8867102e+01
   8.6950000e+00   2.0674465e+01
   8.7000000e+00   2.2293168e+01
   8.7050000e+00   2.3697277e+01
   8.7100000e+00   2.4795375e+01
   8.7150000e+00   2.5491835e+01
   8.7200000e+00   2.5760928e+01
   8.7250000e+00   2.5679898e+01
   8.7300000e+00   2.5401875e+01
   8.7350000e+00   2.5091133e+01
   8.7400000e+00   2.4861307e+01
   8.7450000e+00   2.4747254e+01
   8.7500000e+00   2.4717216e+01
   8.7550000e+00   2.4717176e+01
   8.7600000e+00   2.4736660e+01
   8.7650000e+00   2.4848881e+01
   8.7700000e+00   2.5145936e+01
   8.7750000e+00   2.5608458e+01
   8.7800000e+00   2.6092747e+01
   8.7850000e+00   2.6484399e+01
   8.7900000e+00   2.6822309e+01
   8.7950000e+00   2.7233261e+01
   8.8000000e+00   2.7771278e+01
   8.8050000e+00   2.8373464e+01
   8.8100000e+00   2.8984289e+01
   8.8150000e+00   2.9686908e+01
   8.8200000e+00   3.0691956e+01
   8.8250000e+00   3.2215605e+01
   8.8300000e+00   3.4383499e+01
   8.8350000e+00   3.7235104e+01
   8.8400000e+00   4.0777417e+01
   8.8450000e+00   4.4994352e+01
   8.8500000e+00   4.9801565e+01
   8.8550000e+00   5.5031896e+01
   8.8600000e+00   6.0497275e+01
   8.8650000e+00   6.6060279e+01
   8.8700000e+00   7.1651160e+01
   8.8750000e+00   7.7250817e+01
   8.8800000e+00   8.2866209e+01
   8.8850000e+00   8.8476957e+01
   8.8900000e+00   9.3952999e+01
   8.8950000e+00   9.9029215e+01
   8.9000000e+00   1.0341028e+02
   8.9050000e+00   1.0691742e+02
   8.9100000e+00   1.0953694e+02
   8.9150000e+00   1.1138044e+02
   8.9200000e+00   1.1262458e+02
   8.9250000e+00   1.1342557e+02
   8.9300000e+00   1.1383566e+02
   8.9350000e+00   1.1379901e+02
   8.9400000e+00   1.1321270e+02
   8.9450000e+00   1.1196977e+02
   8.9500000e+00   1.0996665e+02
   8.9550000e+00   1.0711277e+02
   8.9600000e+00   1.0336048e+02
   8.9650000e+00   9.8748312e+01
   8.9700000e+00   9.3440635e+01
   8.9750000e+00   8.7730120e+01
   8.9800000e+00   8.1959925e+01
   8.9850000e+00   7.6377308e+01
   8.9900000e+00   7.1026732e+01
   8.9950000e+00   6.5777348e+01
   9.0000000e+00   6.0443687e+01
   9.0050000e+00   5.4892512e+01
   9.0100000e+00   4.9096307e+01
   9.0150000e+00   4.3161406e+01
   9.0200000e+00   3.7331999e+01
   9.0250000e+00   3.1922906e+01
   9.0300000e+00   2.7192152e+01
   9.0350000e+00   2.3250943e+01
   9.0400000e+00   2.0059366e+01
   9.0450000e+00   1.7466779e+01
   9.0500000e+00   1.5270727e+01
   9.0550000e+00   1.3294569e+01
   9.0600000e+00   1.1448802e+01
   9.0650000e+00   9.7320736e+00
   9.0700000e+00   8.1691481e+00
   9.0750000e+00   6.7148935e+00
   9.0800000e+00   5.1766682e+00
   9.0850000e+00   3.2208182e+00
   9.0900000e+00   4.8149215e-01
   9.0950000e+00  -3.2809911e+00
   9.1000000e+00  -8.0408736e+00
   9.1050000e+00  -1.3456925e+01
   9.1100000e+00  -1.8983818e+01
   9.1150000e+00  -2.4128033e+01
   9.1200000e+00  -2.8694410e+01
   9.1250000e+00  -3.2852796e+01
   9.1300000e+00  -3.6983126e+01
   9.1350000e+00  -4.1405118e+01
   9.1400000e+00  -4.6159476e+01
   9.1450000e+00  -5.0952978e+01
   9.1500000e+00  -5.5257942e+01
   9.1550000e+00  -5.8490812e+01
   9.1600000e+00  -6.0219727e+01
   9.1650000e+00  -6.0336150e+01
   9.1700000e+00  -5.9082960e+01
   9.1750000e+00  -5.6918252e+01
   9.1800000e+00  -5.4324525e+01
   9.1850000e+00  -5.1666860e+01
   9.1900000e+00  -4.9138291e+01
   9.1950000e+00  -4.6805447e+01
   9.2000000e+00  -4.4716049e+01
   9.2050000e+00  -4.2985052e+01
   9.2100000e+00  -4.1835575e+01
   9.2150000e+00  -4.1613152e+01
   9.2200000e+00  -4.2729670e+01
   9.2250000e+00  -4.5498674e+01
   9.2300000e+00  -4.9947996e+01
   9.2350000e+00  -5.5757809e+01
   9.2400000e+00  -6.2383098e+01
   9.2450000e+00  -6.9274473e+01
   9.2500000e+00  -7.6054550e+01
   9.2550000e+00  -8.2567456e+01
   9.2600000e+00  -8.8807404e+01
   9.2650000e+00  -9.4794102e+01
   9.2700000e+00  -1.0048665e+02
   9.2750000e+00  -1.0578831e+02
   9.2800000e+00  -1.1061272e+02
   9.2850000e+00  -1.1493502e+02
   9.2900000e+00  -1.1878255e+02
   9.2950000e+00  -1.2219119e+02
   9.3000000e+00  -1.2518109e+02
   9.3050000e+00  -1.2776143e+02
   9.3100000e+00  -1.2991814e+02
   9.3150000e+00  -1.3155643e+02
   9.3200000e+00  -1.3245404e+02
   9.3250000e+00  -1.3231122e+02
   9.3300000e+00  -1.3089557e+02
   9.3350000e+00  -1.2816507e+02
   9.3400000e+00  -1.2425900e+02
   9.3450000e+00  -1.1939367e+02
   9.3500000e+00  -1.1379163e+02
   9.3550000e+00  -1.0768583e+02
   9.3600000e+00  -1.0132693e+02
   9.3650000e+00  -9.4941665e+01
   9.3700000e+00  -8.8688020e+01
   9.3750000e+00  -8.2672661e+01
   9.3800000e+00  -7.7007627e+01
   9.3850000e+00  -7.1831023e+01
   9.3900000e+00  -6.7276088e+01
   9.3950000e+00  -6.3434217e+01
   9.4000000e+00  -6.0338147e+01
   9.4050000e+00  -5.7947400e+01
   9.4100000e+00  -5.6134979e+01
   9.4150000e+00  -5.4718683e+01
   9.4200000e+00  -5.3534855e+01
   9.4250000e+00  -5.2478116e+01
   9.4300000e+00  -5.1489173e+01
   9.4350000e+00  -5.0556895e+01
   9.4400000e+00  -4.9741935e+01
   9.4450000e+00  -4.9153000e+01
   9.4500000e+00  -4.8859158e+01
   9.4550000e+00  -4.8815560e+01
   9.4600000e+00  -4.8869084e+01
   9.4650000e+00  -4.8805417e+01
   9.4700000e+00  -4.8382607e+01
   9.4750000e+00  -4.7386186e+01
   9.4800000e+00  -4.5713258e+01
   9.4850000e+00  -4.3389163e+01
   9.4900000e+00  -4.0484727e+01
   9.4950000e+00  -3.7032212e+01
   9.5000000e+00  -3.3012926e+01
   9.5050000e+00  -2.8391277e+01
   9.5100000e+00  -2.3149303e+01
   9.5150000e+00  -1.7309868e+01
   9.5200000e+00  -1.0949006e+01
   9.5250000e+00  -4.1809934e+00
   9.5300000e+00   2.8990971e+00
   9.5350000e+00   1.0285567e+01
   9.5400000e+00   1.8070960e+01
   9.5450000e+00   2.6352226e+01
   9.5500000e+00   3.5098637e+01
   9.5550000e+00   4.4103983e+01
   9.5600000e+00   5.3073466e+01
   9.5650000e+00   6.1767587e+01
   9.5700000e+00   7.0073335e+01
   9.5750000e+00   7.7944012e+01
   9.5800000e+00   8.5273105e+01
   9.5850000e+00   9.1825832e+01
   9.5900000e+00   9.7286544e+01
   9.5950000e+00   1.0137541e+02
   9.6000000e+00   1.0395931e+02
   9.6050000e+00   1.0510661e+02
   9.6100000e+00   1.0504863e+02
   9.6150000e+00   1.0405292e+02
   9.6200000e+00   1.0229353e+02
   9.6250000e+00   9.9817472e+01
   9.6300000e+00   9.6624838e+01
   9.6350000e+00   9.2797339e+01
   9.6400000e+00   8.8580597e+01
   9.6450000e+00   8.4355943e+01
   9.6500000e+00   8.0526737e+01
   9.6550000e+00   7.7413032e+01
   9.6600000e+00   7.5213209e+01
   9.6650000e+00   7.4004793e+01
   9.6700000e+00   7.3727917e+01
   9.6750000e+00   7.4148113e+01
   9.6800000e+00   7.4858710e+01
   9.6850000e+00   7.5375161e+01
   9.6900000e+00   7.5298624e+01
   9.6950000e+00   7.4457343e+01
   9.7000000e+00   7.2929345e+01
   9.7050000e+00   7.0924906e+01
   9.7100000e+00   6.8623202e+01
   9.7150000e+00   6.6094352e+01
   9.7200000e+00   6.3333387e+01
   9.7250000e+00   6.0330845e+01
   9.7300000e+00   5.7123624e+01
   9.7350000e+00   5.3809863e+01
   9.7400000e+00   5.0519391e+01
   9.7450000e+00   4.7374676e+01
   9.7500000e+00   4.4498876e+01
   9.7550000e+00   4.2051641e+01
   9.7600000e+00   4.0206081e+01
   9.7650000e+00   3.9036135e+01
   9.7700000e+00   3.8409925e+01
   9.7750000e+00   3.8021031e+01
   9.7800000e+00   3.7565104e+01
   9.7850000e+00   3.6919318e+01
   9.7900000e+00   3.6172069e+01
   9.7950000e+00   3.5484453e+01
   9.8000000e+00   3.4916308e+01
   9.8050000e+00   3.4381259e+01
   9.8100000e+00   3.3761356e+01
   9.8150000e+00   3.3042329e+01
   9.8200000e+00   3.2335007e+01
   9.8250000e+00   3.1806086e+01
   9.8300000e+00   3.1623985e+01
   9.8350000e+00   3.1952117e+01
   9.8400000e+00   3.2924580e+01
   9.8450000e+00   3.4558894e+01
   9.8500000e+00   3.6664341e+01
   9.8550000e+00   3.8841062e+01
   9.8600000e+00   4.0605457e+01
   9.8650000e+00   4.1602955e+01
   9.8700000e+00   4.1792116e+01
   9.8750000e+00   4.1442523e+01
   9.8800000e+00   4.0904370e+01
   9.8850000e+00   4.0317513e+01
   9.8900000e+00   3.9493082e+01
   9.8950000e+00   3.8055475e+01
   9.9000000e+00   3.5730405e+01
   9.9050000e+00   3.2562505e+01
   9.9100000e+00   2.8906636e+01
   9.9150000e+00   2.5217705e+01
   9.9200000e+00   2.1814779e+01
   9.9250000e+00   1.8785203e+01
   9.9300000e+00   1.6049525e+01
   9.9350000e+00   1.3477888e+01
   9.9400000e+00   1.0955675e+01
   9.9450000e+00   8.3908244e+00
   9.9500000e+00   5.7014926e+00
   9.9550000e+00   2.8173966e+00
   9.9600000e+00  -2.7749235e-01
   9.9650000e+00  -3.4836227e+00
   9.9700000e+00  -6.5863699e+00
   9.9750000e+00  -9.3358371e+00
   9.9800000e+00  -1.1514408e+01
   9.9850000e+00  -1.2920966e+01
   9.9900000e+00  -1.3326952e+01
   9.9950000e+00  -1.2517128e+01
   1.0000000e+01  -1.0414458e+01
   1.0005000e+01  -7.1554356e+00
   1.0010000e+01  -3.0345749e+00
   1.0015000e+01   1.6246006e+00
   1.0020000e+01   6.5841758e+00
   1.0025000e+01   1.1752321e+01
   1.0030000e+01   1.7181343e+01
   1.0035000e+01   2.3011742e+01
   1.0040000e+01   2.9379113e+01
   1.0045000e+01   3.6298479e+01
   1.0050000e+01   4.3576074e+01
   1.0055000e+01   5.0834820e+01
   1.0060000e+01   5.7656755e+01
   1.0065000e+01   6.3727547e+01
   1.0070000e+01   6.8894214e+01
   1.0075000e+01   7.3143481e+01
   1.0080000e+01   7.6533519e+01
   1.0085000e+01   7.9115670e+01
   1.0090000e+01   8.0897673e+01
   1.0095000e+01   8.1856027e+01
   1.0100000e+01   8.1947248e+01
   1.0105000e+01   8.1093274e+01
   1.0110000e+01   7.9180293e+01
   1.0115000e+01   7.6115406e+01
   1.0120000e+01   7.1916262e+01
   1.0125000e+01   6.6750968e+01
   1.0130000e+01   6.0881652e+01
   1.0135000e+01   5.4554785e+01
   1.0140000e+01   4.7923680e+01
   1.0145000e+01   4.1043538e+01
   1.0150000e+01   3.3907507e+01
   1.0155000e+01   2.6477682e+01
   1.0160000e+01   1.8708036e+01
   1.0165000e+01   1.0586616e+01
   1.0170000e+01   2.1882338e+00
   1.0175000e+01  -6.3099971e+00
   1.0180000e+01  -1.4644520e+01
   1.0185000e+01  -2.2464956e+01
   1.0190000e+01  -2.9348005e+01
   1.0195000e+01  -3.4886520e+01
   1.0200000e+01  -3.8808326e+01
   1.0205000e+01  -4.1037353e+01
   1.0210000e+01  -4.1690247e+01
   1.0215000e+01  -4.1036280e+01
   1.0220000e+01  -3.9418773e+01
   1.0225000e+01  -3.7147353e+01
   1.0230000e+01  -3.4406837e+01
   1.0235000e+01  -3.1227203e+01
   1.0240000e+01  -2.7522502e+01
   1.0245000e+01  -2.3173094e+01
   1.0250000e+01  -1.8116681e+01
   1.0255000e+01  -1.2414520e+01
   1.0260000e+01  -6.2675947e+00
   1.0265000e+01   1.1145015e-02
   1.0270000e+01   6.0401157e+00
   1.0275000e+01   1.1418616e+01
   1.0280000e+01   1.5788786e+01
   1.0285000e+01   1.8892226e+01
   1.0290000e+01   2.0587925e+01
   1.0295000e+01   2.0832827e+01
   1.0300000e+01   1.9666494e+01
   1.0305000e+01   1.7223595e+01
   1.0310000e+01   1.3738271e+01
   1.0315000e+01   9.4871016e+00
   1.0320000e+01   4.6740050e+00
   1.0325000e+01  -6.7542476e-01
   1.0330000e+01  -6.7298408e+00
   1.0335000e+01  -1.3741957e+01
   1.0340000e+01  -2.1861211e+01
   1.0345000e+01  -3.0992666e+01
   1.0350000e+01  -4.0819104e+01
   1.0355000e+01  -5.0987141e+01
   1.0360000e+01  -6.1304940e+01
   1.0365000e+01  -7.1787803e+01
   1.0370000e+01  -8.2557731e+01
   1.0375000e+01  -9.3717627e+01
   1.0380000e+01  -1.0525773e+02
   1.0385000e+01  -1.1698575e+02
   1.0390000e+01  -1.2850314e+02
   1.0395000e+01  -1.3927356e+02
   1.0400000e+01  -1.4877904e+02
   1.0405000e+01  -1.5668954e+02
   1.0410000e+01  -1.6295290e+02
   1.0415000e+01  -1.6776113e+02
   1.0420000e+01  -1.7142140e+02
   1.0425000e+01  -1.7420191e+02
   1.0430000e+01  -1.7621970e+02
   1.0435000e+01  -1.7741852e+02
   1.0440000e+01  -1.7765268e+02
   1.0445000e+01  -1.7682550e+02
   1.0450000e+01  -1.7498003e+02
   1.0455000e+01  -1.7228098e+02
   1.0460000e+01  -1.6891761e+02
   1.0465000e+01  -1.6500665e+02
   1.0470000e+01  -1.6055491e+02
   1.0475000e+01  -1.5549231e+02
   1.0480000e+01  -1.4974922e+02
   1.0485000e+01  -1.4332626e+02
   1.0490000e+01  -1.3630322e+02
   1.0495000e+01  -1.2879824e+02
   1.0500000e+01  -1.2095151e+02
   1.0505000e+01  -1.1294823e+02
   1.0510000e+01  -1.0500775e+02
   1.0515000e+01  -9.7311626e+01
   1.0520000e+01  -8.9940298e+01
   1.0525000e+01  -8.2881914e+01
   1.0530000e+01  -7.6089838e+01
   1.0535000e+01  -6.9525780e+01
   1.0540000e+01  -6.3182331e+01
   1.0545000e+01  -5.7108949e+01
   1.0550000e+01  -5.1411676e+01
   1.0555000e+01  -4.6202698e+01
   1.0560000e+01  -4.1548443e+01
   1.0565000e+01  -3.7443511e+01
   1.0570000e+01  -3.3780708e+01
   1.0575000e+01  -3.0334740e+01
   1.0580000e+01  -2.6824321e+01
   1.0585000e+01  -2.3052666e+01
   1.0590000e+01  -1.9038246e+01
   1.0595000e+01  -1.5034326e+01
   1.0600000e+01  -1.1397156e+01
   1.0605000e+01  -8.3653513e+00
   1.0610000e+01  -5.8931084e+00
   1.0615000e+01  -3.6607146e+00
   1.0620000e+01  -1.2650194e+00
   1.0625000e+01   1.5432741e+00
   1.0630000e+01   4.7534236e+00
   1.0635000e+01   8.2025706e+00
   1.0640000e+01   1.1794752e+01
   1.0645000e+01   1.5621660e+01
   1.0650000e+01   1.9897629e+01
   1.0655000e+01   2.4816773e+01
   1.0660000e+01   3.0458010e+01
   1.0665000e+01   3.6766160e+01
   1.0670000e+01   4.3594188e+01
   1.0675000e+01   5.0784804e+01
   1.0680000e+01   5.8245970e+01
   1.0685000e+01   6.5967810e+01
   1.0690000e+01   7.3964966e+01
   1.0695000e+01   8.2177842e+01
   1.0700000e+01   9.0391390e+01
   1.0705000e+01   9.8226098e+01
   1.0710000e+01   1.0522919e+02
   1.0715000e+01   1.1103364e+02
   1.0720000e+01   1.1548240e+02
   1.0725000e+01   1.1863392e+02
   1.0730000e+01   1.2066993e+02
   1.0735000e+01   1.2176637e+02
   1.0740000e+01   1.2196335e+02
   1.0745000e+01   1.2109822e+02
   1.0750000e+01   1.1887729e+02
   1.0755000e+01   1.1506020e+02
   1.0760000e+01   1.0962752e+02
   1.0765000e+01   1.0281935e+02
   1.0770000e+01   9.5034318e+01
   1.0775000e+01   8.6672478e+01
   1.0780000e+01   7.8033844e+01
   1.0785000e+01   6.9315259e+01
   1.0790000e+01   6.0652463e+01
   1.0795000e+01   5.2156514e+01
   1.0800000e+01   4.3950133e+01
   1.0805000e+01   3.6194981e+01
   1.0810000e+01   2.9071953e+01
   1.0815000e+01   2.2719575e+01
   1.0820000e+01   1.7173639e+01
   1.0825000e+01   1.2336180e+01
   1.0830000e+01   7.9960254e+00
   1.0835000e+01   3.9145933e+00
   1.0840000e+01  -6.6147171e-02
   1.0845000e+01  -3.9708114e+00
   1.0850000e+01  -7.7179886e+00
   1.0855000e+01  -1.1176393e+01
   1.0860000e+01  -1.4182280e+01
   1.0865000e+01  -1.6502795e+01
   1.0870000e+01  -1.7803012e+01
   1.0875000e+01  -1.7697482e+01
   1.0880000e+01  -1.5888602e+01
   1.0885000e+01  -1.2296551e+01
   1.0890000e+01  -7.0975035e+00
   1.0895000e+01  -6.6681330e-01
   1.0900000e+01   6.5369209e+00
   1.0905000e+01   1.4097973e+01
   1.0910000e+01   2.1718276e+01
   1.0915000e+01   2.9220783e+01
   1.0920000e+01   3.6519138e+01
   1.0925000e+01   4.3571589e+01
   1.0930000e+01   5.0313445e+01
   1.0935000e+01   5.6610923e+01
   1.0940000e+01   6.2287560e+01
   1.0945000e+01   6.7199347e+01
   1.0950000e+01   7.1296542e+01
   1.0955000e+01   7.4638943e+01
   1.0960000e+01   7.7356340e+01
   1.0965000e+01   7.9562044e+01
   1.0970000e+01   8.1266666e+01
   1.0975000e+01   8.2374191e+01
   1.0980000e+01   8.2793009e+01
   1.0985000e+01   8.2558789e+01
   1.0990000e+01   8.1816894e+01
   1.0995000e+01   8.0660042e+01
   1.1000000e+01   7.9001642e+01
   1.1005000e+01   7.6653775e+01
   1.1010000e+01   7.3544644e+01
   1.1015000e+01   6.9841925e+01
   1.1020000e+01   6.5882087e+01
   1.1025000e+01   6.2020020e+01
   1.1030000e+01   5.8528124e+01
   1.1035000e+01   5.5566559e+01
   1.1040000e+01   5.3186188e+01
   1.1045000e+01   5.1338215e+01
   1.1050000e+01   4.9899144e+01
   1.1055000e+01   4.8729142e+01
   1.1060000e+01   4.7752438e+01
   1.1065000e+01   4.7010986e+01
   1.1070000e+01   4.6644943e+01
   1.1075000e+01   4.6810338e+01
   1.1080000e+01   4.7606480e+01
   1.1085000e+01   4.9062896e+01
   1.1090000e+01   5.1145550e+01
   1.1095000e+01   5.3734937e+01
   1.1100000e+01   5.6613957e+01
   1.1105000e+01   5.9527074e+01
   1.1110000e+01   6.2294701e+01
   1.1115000e+01   6.4893159e+01
   1.1120000e+01   6.7426705e+01
   1.1125000e+01   7.0007546e+01
   1.1130000e+01   7.2637046e+01
   1.1135000e+01   7.5171337e+01
   1.1140000e+01   7.7365324e+01
   1.1145000e+01   7.8935194e+01
   1.1150000e+01   7.9618275e+01
   1.1155000e+01   7.9244191e+01
   1.1160000e+01   7.7801992e+01
   1.1165000e+01   7.5453258e+01
   1.1170000e+01   7.2464464e+01
   1.1175000e+01   6.9097974e+01
   1.1180000e+01   6.5527505e+01
   1.1185000e+01   6.1807607e+01
   1.1190000e+01   5.7894297e+01
   1.1195000e+01   5.3706532e+01
   1.1200000e+01   4.9203256e+01
   1.1205000e+01   4.4439405e+01
   1.1210000e+01   3.9581433e+01
   1.1215000e+01   3.4884654e+01
   1.1220000e+01   3.0637271e+01
   1.1225000e+01   2.7077963e+01
   1.1230000e+01   2.4312225e+01
   1.1235000e+01   2.2269415e+01
   1.1240000e+01   2.0730304e+01
   1.1245000e+01   1.9415027e+01
   1.1250000e+01   1.8086232e+01
   1.1255000e+01   1.6618090e+01
   1.1260000e+01   1.5007488e+01
   1.1265000e+01   1.3340322e+01
   1.1270000e+01   1.1739270e+01
   1.1275000e+01   1.0287245e+01
   1.1280000e+01   8.9199691e+00
   1.1285000e+01   7.3768810e+00
   1.1290000e+01   5.3234105e+00
   1.1295000e+01   2.5843255e+00
   1.1300000e+01  -7.1273817e-01
   1.1305000e+01  -4.1972983e+00
   1.1310000e+01  -7.4566816e+00
   1.1315000e+01  -1.0229035e+01
   1.1320000e+01  -1.2471616e+01
   1.1325000e+01  -1.4289827e+01
   1.1330000e+01  -1.5808975e+01
   1.1335000e+01  -1.7076321e+01
   1.1340000e+01  -1.8021308e+01
   1.1345000e+01  -1.8476278e+01
   1.1350000e+01  -1.8256786e+01
   1.1355000e+01  -1.7258962e+01
   1.1360000e+01  -1.5508147e+01
   1.1365000e+01  -1.3142398e+01
   1.1370000e+01  -1.0363432e+01
   1.1375000e+01  -7.3842041e+00
   1.1380000e+01  -4.3851125e+00
   1.1385000e+01  -1.4860807e+00
   1.1390000e+01   1.2589393e+00
   1.1395000e+01   3.8400074e+00
   1.1400000e+01   6.2414829e+00
   1.1405000e+01   8.3784168e+00
   1.1410000e+01   1.0058385e+01
   1.1415000e+01   1.1018339e+01
   1.1420000e+01   1.1037305e+01
   1.1425000e+01   1.0046608e+01
   1.1430000e+01   8.1500851e+00
   1.1435000e+01   5.5480141e+00
   1.1440000e+01   2.4357190e+00
   1.1445000e+01  -1.0585952e+00
   1.1450000e+01  -4.8939103e+00
   1.1455000e+01  -9.1036527e+00
   1.1460000e+01  -1.3720387e+01
   1.1465000e+01  -1.8646993e+01
   1.1470000e+01  -2.3580660e+01
   1.1475000e+01  -2.8085120e+01
   1.1480000e+01  -3.1780357e+01
   1.1485000e+01  -3.4520199e+01
   1.1490000e+01  -3.6437959e+01
   1.1495000e+01  -3.7841642e+01
   1.1500000e+01  -3.9058475e+01
   1.1505000e+01  -4.0352815e+01
   1.1510000e+01  -4.1941952e+01
   1.1515000e+01  -4.4035318e+01
   1.1520000e+01  -4.6827675e+01
   1.1525000e+01  -5.0442098e+01
   1.1530000e+01  -5.4864374e+01
   1.1535000e+01  -5.9917986e+01
   1.1540000e+01  -6.5306674e+01
   1.1545000e+01  -7.0708434e+01
   1.1550000e+01  -7.5867237e+01
   1.1555000e+01  -8.0628815e+01
   1.1560000e+01  -8.4909868e+01
   1.1565000e+01  -8.8636304e+01
   1.1570000e+01  -9.1690025e+01
   1.1575000e+01  -9.3883932e+01
   1.1580000e+01  -9.4977539e+01
   1.1585000e+01  -9.4737385e+01
   1.1590000e+01  -9.3026495e+01
   1.1595000e+01  -8.9886705e+01
   1.1600000e+01  -8.5561464e+01
   1.1605000e+01  -8.0415005e+01
   1.1610000e+01  -7.4774292e+01
   1.1615000e+01  -6.8810060e+01
   1.1620000e+01  -6.2556144e+01
   1.1625000e+01  -5.6038580e+01
   1.1630000e+01  -4.9391507e+01
   1.1635000e+01  -4.2862330e+01
   1.1640000e+01  -3.6712870e+01
   1.1645000e+01  -3.1107453e+01
   1.1650000e+01  -2.6077447e+01
   1.1655000e+01  -2.1578961e+01
   1.1660000e+01  -1.7586563e+01
   1.1665000e+01  -1.4154434e+01
   1.1670000e+01  -1.1424750e+01
   1.1675000e+01  -9.6074811e+00
   1.1680000e+01  -8.9405804e+00
   1.1685000e+01  -9.6051002e+00
   1.1690000e+01  -1.1606846e+01
   1.1695000e+01  -1.4709959e+01
   1.1700000e+01  -1.8499769e+01
   1.1705000e+01  -2.2550839e+01
   1.1710000e+01  -2.6581050e+01
   1.1715000e+01  -3.0478646e+01
   1.1720000e+01  -3.4201998e+01
   1.1725000e+01  -3.7670921e+01
   1.1730000e+01  -4.0755173e+01
   1.1735000e+01  -4.3331827e+01
   1.1740000e+01  -4.5328272e+01
   1.1745000e+01  -4.6740979e+01
   1.1750000e+01  -4.7646855e+01
   1.1755000e+01  -4.8190284e+01
   1.1760000e+01  -4.8554729e+01
   1.1765000e+01  -4.8941837e+01
   1.1770000e+01  -4.9526351e+01
   1.1775000e+01  -5.0381890e+01
   1.1780000e+01  -5.1463641e+01
   1.1785000e+01  -5.2689050e+01
   1.1790000e+01  -5.4036156e+01
   1.1795000e+01  -5.5581576e+01
   1.1800000e+01  -5.7490389e+01
   1.1805000e+01  -5.9996407e+01
   1.1810000e+01  -6.3356349e+01
   1.1815000e+01  -6.7746413e+01
   1.1820000e+01  -7.3160553e+01
   1.1825000e+01  -7.9418460e+01
   1.1830000e+01  -8.6288708e+01
   1.1835000e+01  -9.3627982e+01
   1.1840000e+01  -1.0144193e+02
   1.1845000e+01  -1.0982003e+02
   1.1850000e+01  -1.1877744e+02
   1.1855000e+01  -1.2814389e+02
   1.1860000e+01  -1.3760871e+02
   1.1865000e+01  -1.4685216e+02
   1.1870000e+01  -1.5563611e+02
   1.1875000e+01  -1.6383536e+02
   1.1880000e+01  -1.7143742e+02
   1.1885000e+01  -1.7850463e+02
   1.1890000e+01  -1.8510788e+02
   1.1895000e+01  -1.9126640e+02
   1.1900000e+01  -1.9690564e+02
   1.1905000e+01  -2.0183354e+02
   1.1910000e+01  -2.0575812e+02
   1.1915000e+01  -2.0836439e+02
   1.1920000e+01  -2.0941077e+02
   1.1925000e+01  -2.0876337e+02
   1.1930000e+01  -2.0634387e+02
   1.1935000e+01  -2.0206972e+02
   1.1940000e+01  -1.9586551e+02
   1.1945000e+01  -1.8773655e+02
   1.1950000e+01  -1.7784605e+02
   1.1955000e+01  -1.6652982e+02
   1.1960000e+01  -1.5419907e+02
   1.1965000e+01  -1.4116930e+02
   1.1970000e+01  -1.2755269e+02
   1.1975000e+01  -1.1332047e+02
   1.1980000e+01  -9.8494734e+01
   1.1985000e+01  -8.3317797e+01
   1.1990000e+01  -6.8272407e+01
   1.1995000e+01  -5.3943775e+01
   1.2000000e+01  -4.0818734e+01
   1.2005000e+01  -2.9141181e+01
   1.2010000e+01  -1.8891321e+01
   1.2015000e+01  -9.8774642e+00
   1.2020000e+01  -1.8742143e+00
   1.2025000e+01   5.2604273e+00
   1.2030000e+01   1.1523531e+01
   1.2035000e+01   1.6769019e+01
   1.2040000e+01   2.0773023e+01
   1.2045000e+01   2.3352539e+01
   1.2050000e+01   2.4482884e+01
   1.2055000e+01   2.4328344e+01
   1.2060000e+01   2.3164387e+01
   1.2065000e+01   2.1262473e+01
   1.2070000e+01   1.8806201e+01
   1.2075000e+01   1.5870773e+01
   1.2080000e+01   1.2497640e+01
   1.2085000e+01   8.8226604e+00
   1.2090000e+01   5.1123696e+00
   1.2095000e+01   1.6503379e+00
   1.2100000e+01  -1.3991045e+00
   1.2105000e+01  -4.0142416e+00
   1.2110000e+01  -6.2349421e+00
   1.2115000e+01  -8.0752931e+00
   1.2120000e+01  -9.4883843e+00
   1.2125000e+01  -1.0366914e+01
   1.2130000e+01  -1.0557146e+01
   1.2135000e+01  -9.8986407e+00
   1.2140000e+01  -8.3003263e+00
   1.2145000e+01  -5.8256646e+00
   1.2150000e+01  -2.7341102e+00
   1.2155000e+01   5.6402029e-01
   1.2160000e+01   3.6452719e+00
   1.2165000e+01   6.2589546e+00
   1.2170000e+01   8.4590331e+00
   1.2175000e+01   1.0566712e+01
   1.2180000e+01   1.2958923e+01
   1.2185000e+01   1.5835380e+01
   1.2190000e+01   1.9135548e+01
   1.2195000e+01   2.2630608e+01
   1.2200000e+01   2.6066295e+01
   1.2205000e+01   2.9246522e+01
   1.2210000e+01   3.2071421e+01
   1.2215000e+01   3.4558823e+01
   1.2220000e+01   3.6809870e+01
   1.2225000e+01   3.8923789e+01
   1.2230000e+01   4.0947104e+01
   1.2235000e+01   4.2891921e+01
   1.2240000e+01   4.4767187e+01
   1.2245000e+01   4.6576922e+01
   1.2250000e+01   4.8315485e+01
   1.2255000e+01   5.0002350e+01
   1.2260000e+01   5.1718247e+01
   1.2265000e+01   5.3577811e+01
   1.2270000e+01   5.5663473e+01
   1.2275000e+01   5.7993898e+01
   1.2280000e+01   6.0549199e+01
   1.2285000e+01   6.3339315e+01
   1.2290000e+01   6.6483104e+01
   1.2295000e+01   7.0220938e+01
   1.2300000e+01   7.4812573e+01
   1.2305000e+01   8.0388296e+01
   1.2310000e+01   8.6866231e+01
   1.2315000e+01   9.3977934e+01
   1.2320000e+01   1.0136853e+02
   1.2325000e+01   1.0871823e+02
   1.2330000e+01   1.1583625e+02
   1.2335000e+01   1.2267178e+02
   1.2340000e+01   1.2921705e+02
   1.2345000e+01   1.3538597e+02
   1.2350000e+01   1.4099999e+02
   1.2355000e+01   1.4588897e+02
   1.2360000e+01   1.4999303e+02
   1.2365000e+01   1.5338184e+02
   1.2370000e+01   1.5618884e+02
   1.2375000e+01   1.5849926e+02
   1.2380000e+01   1.6026347e+02
   1.2385000e+01   1.6131176e+02
   1.2390000e+01   1.6148158e+02
   1.2395000e+01   1.6076031e+02
   1.2400000e+01   1.5930842e+02
   1.2405000e+01   1.5733591e+02
   1.2410000e+01   1.5495575e+02
   1.2415000e+01   1.5215822e+02
   1.2420000e+01   1.4892674e+02
   1.2425000e+01   1.4537375e+02
   1.2430000e+01   1.4174287e+02
   1.2435000e+01   1.3824222e+02
   1.2440000e+01   1.3485499e+02
   1.2445000e+01   1.3132553e+02
   1.2450000e+01   1.2736673e+02
   1.2455000e+01   1.2292614e+02
   1.2460000e+01   1.1829389e+02
   1.2465000e+01   1.1398641e+02
   1.2470000e+01   1.1051180e+02
   1.2475000e+01   1.0814232e+02
   1.2480000e+01   1.0678694e+02
   1.2485000e+01   1.0604888e+02
   1.2490000e+01   1.0544216e+02
   1.2495000e+01   1.0458930e+02
   1.2500000e+01   1.0325986e+02
   1.2505000e+01   1.0130216e+02
   1.2510000e+01   9.8621500e+01
   1.2515000e+01   9.5244548e+01
   1.2520000e+01   9.1349711e+01
   1.2525000e+01   8.7178697e+01
   1.2530000e+01   8.2901260e+01
   1.2535000e+01   7.8542214e+01
   1.2540000e+01   7.4006747e+01
   1.2545000e+01   6.9181982e+01
   1.2550000e+01   6.4046735e+01
   1.2555000e+01   5.8701726e+01
   1.2560000e+01   5.3301117e+01
   1.2565000e+01   4.7953285e+01
   1.2570000e+01   4.2662119e+01
   1.2575000e+01   3.7338707e+01
   1.2580000e+01   3.1878523e+01
   1.2585000e+01   2.6249282e+01
   1.2590000e+01   2.0512499e+01
   1.2595000e+01   1.4769124e+01
   1.2600000e+01   9.0990044e+00
   1.2605000e+01   3.5528632e+00
   1.2610000e+01  -1.8216881e+00
   1.2615000e+01  -6.9761149e+00
   1.2620000e+01  -1.1882522e+01
   1.2625000e+01  -1.6531232e+01
   1.2630000e+01  -2.0885221e+01
   1.2635000e+01  -2.4826440e+01
   1.2640000e+01  -2.8137090e+01
   1.2645000e+01  -3.0537944e+01
   1.2650000e+01  -3.1777112e+01
   1.2655000e+01  -3.1726138e+01
   1.2660000e+01  -3.0425189e+01
   1.2665000e+01  -2.8049638e+01
   1.2670000e+01  -2.4814559e+01
   1.2675000e+01  -2.0861279e+01
   1.2680000e+01  -1.6180046e+01
   1.2685000e+01  -1.0612677e+01
   1.2690000e+01  -3.9415344e+00
   1.2695000e+01   3.9866677e+00
   1.2700000e+01   1.3175204e+01
   1.2705000e+01   2.3446844e+01
   1.2710000e+01   3.4438677e+01
   1.2715000e+01   4.5631775e+01
   1.2720000e+01   5.6448797e+01
   1.2725000e+01   6.6382986e+01
   1.2730000e+01   7.5076496e+01
   1.2735000e+01   8.2329126e+01
   1.2740000e+01   8.8094042e+01
   1.2745000e+01   9.2483542e+01
   1.2750000e+01   9.5711781e+01
   1.2755000e+01   9.7937573e+01
   1.2760000e+01   9.9132694e+01
   1.2765000e+01   9.9122143e+01
   1.2770000e+01   9.7765565e+01
   1.2775000e+01   9.5106589e+01
   1.2780000e+01   9.1368565e+01
   1.2785000e+01   8.6839346e+01
   1.2790000e+01   8.1761060e+01
   1.2795000e+01   7.6277799e+01
   1.2800000e+01   7.0430324e+01
   1.2805000e+01   6.4193399e+01
   1.2810000e+01   5.7568852e+01
   1.2815000e+01   5.0698814e+01
   1.2820000e+01   4.3893848e+01
   1.2825000e+01   3.7511823e+01
   1.2830000e+01   3.1765222e+01
   1.2835000e+01   2.6619959e+01
   1.2840000e+01   2.1880552e+01
   1.2845000e+01   1.7398865e+01
   1.2850000e+01   1.3244544e+01
   1.2855000e+01   9.7094309e+00
   1.2860000e+01   7.1436329e+00
   1.2865000e+01   5.7435528e+00
   1.2870000e+01   5.4386526e+00
   1.2875000e+01   5.9297683e+00
   1.2880000e+01   6.8214058e+00
   1.2885000e+01   7.7783884e+00
   1.2890000e+01   8.6657699e+00
   1.2895000e+01   9.6114855e+00
   1.2900000e+01   1.0933840e+01
   1.2905000e+01   1.2956946e+01
   1.2910000e+01   1.5820155e+01
   1.2915000e+01   1.9389033e+01
   1.2920000e+01   2.3299049e+01
   1.2925000e+01   2.7089544e+01
   1.2930000e+01   3.0365475e+01
   1.2935000e+01   3.2925737e+01
   1.2940000e+01   3.4797508e+01
   1.2945000e+01   3.6146185e+01
   1.2950000e+01   3.7117573e+01
   1.2955000e+01   3.7741032e+01
   1.2960000e+01   3.7952378e+01
   1.2965000e+01   3.7663159e+01
   1.2970000e+01   3.6800502e+01
   1.2975000e+01   3.5317128e+01
   1.2980000e+01   3.3191539e+01
   1.2985000e+01   3.0452010e+01
   1.2990000e+01   2.7249321e+01
   1.2995000e+01   2.3883617e+01
   1.3000000e+01   2.0664290e+01
   1.3005000e+01   1.7700016e+01
   1.3010000e+01   1.4842783e+01
   1.3015000e+01   1.1836295e+01
   1.3020000e+01   8.5278534e+00
   1.3025000e+01   4.9929297e+00
   1.3030000e+01   1.5023060e+00
   1.3035000e+01  -1.6551446e+00
   1.3040000e+01  -4.4072634e+00
   1.3045000e+01  -7.0535741e+00
   1.3050000e+01  -1.0217124e+01
   1.3055000e+01  -1.4584070e+01
   1.3060000e+01  -2.0581074e+01
   1.3065000e+01  -2.8202473e+01
   1.3070000e+01  -3.7079806e+01
   1.3075000e+01  -4.6700829e+01
   1.3080000e+01  -5.6625229e+01
   1.3085000e+01  -6.6611644e+01
   1.3090000e+01  -7.6638118e+01
   1.3095000e+01  -8.6829316e+01
   1.3100000e+01  -9.7325463e+01
   1.3105000e+01  -1.0814639e+02
   1.3110000e+01  -1.1911104e+02
   1.3115000e+01  -1.2985274e+02
   1.3120000e+01  -1.3992318e+02
   1.3125000e+01  -1.4893520e+02
   1.3130000e+01  -1.5668347e+02
   1.3135000e+01  -1.6319499e+02
   1.3140000e+01  -1.6868133e+02
   1.3145000e+01  -1.7340159e+02
   1.3150000e+01  -1.7750109e+02
   1.3155000e+01  -1.8091967e+02
   1.3160000e+01  -1.8342842e+02
   1.3165000e+01  -1.8476847e+02
   1.3170000e+01  -1.8480264e+02
   1.3175000e+01  -1.8360046e+02
   1.3180000e+01  -1.8142189e+02
   1.3185000e+01  -1.7861120e+02
   1.3190000e+01  -1.7546346e+02
   1.3195000e+01  -1.7214515e+02
   1.3200000e+01  -1.6870510e+02
   1.3205000e+01  -1.6514997e+02
   1.3210000e+01  -1.6152934e+02
   1.3215000e+01  -1.5797624e+02
   1.3220000e+01  -1.5468702e+02
   1.3225000e+01  -1.5188774e+02
   1.3230000e+01  -1.4982480e+02
   1.3235000e+01  -1.4873597e+02
   1.3240000e+01  -1.4876657e+02
   1.3245000e+01  -1.4988847e+02
   1.3250000e+01  -1.5189373e+02
   1.3255000e+01  -1.5446940e+02
   1.3260000e+01  -1.5731468e+02
   1.3265000e+01  -1.6024258e+02
   1.3270000e+01  -1.6320923e+02
   1.3275000e+01  -1.6625848e+02
   1.3280000e+01  -1.6942474e+02
   1.3285000e+01  -1.7265170e+02
   1.3290000e+01  -1.7576949e+02
   1.3295000e+01  -1.7854179e+02
   1.3300000e+01  -1.8073953e+02
   1.3305000e+01  -1.8217771e+02
   1.3310000e+01  -1.8270539e+02
   1.3315000e+01  -1.8217993e+02
   1.3320000e+01  -1.8045464e+02
   1.3325000e+01  -1.7742129e+02
   1.3330000e+01  -1.7311337e+02
   1.3335000e+01  -1.6775876e+02
   1.3340000e+01  -1.6167908e+02
   1.3345000e+01  -1.5511463e+02
   1.3350000e+01  -1.4812364e+02
   1.3355000e+01  -1.4059962e+02
   1.3360000e+01  -1.3237450e+02
   1.3365000e+01  -1.2336488e+02
   1.3370000e+01  -1.1369461e+02
   1.3375000e+01  -1.0371544e+02
   1.3380000e+01  -9.3896020e+01
   1.3385000e+01  -8.4635054e+01
   1.3390000e+01  -7.6103022e+01
   1.3395000e+01  -6.8183700e+01
   1.3400000e+01  -6.0518799e+01
   1.3405000e+01  -5.2628042e+01
   1.3410000e+01  -4.4080369e+01
   1.3415000e+01  -3.4649111e+01
   1.3420000e+01  -2.4327511e+01
   1.3425000e+01  -1.3171990e+01
   1.3430000e+01  -1.1321209e+00
   1.3435000e+01   1.1940154e+01
   1.3440000e+01   2.6092607e+01
   1.3445000e+01   4.1065676e+01
   1.3450000e+01   5.6266979e+01
   1.3455000e+01   7.0957848e+01
   1.3460000e+01   8.4501407e+01
   1.3465000e+01   9.6503335e+01
   1.3470000e+01   1.0682254e+02
   1.3475000e+01   1.1551973e+02
   1.3480000e+01   1.2277388e+02
   1.3485000e+01   1.2877659e+02
   1.3490000e+01   1.3363974e+02
   1.3495000e+01   1.3734313e+02
   1.3500000e+01   1.3973385e+02
   1.3505000e+01   1.4059532e+02
   1.3510000e+01   1.3976485e+02
   1.3515000e+01   1.3722894e+02
   1.3520000e+01   1.3315436e+02
   1.3525000e+01   1.2785983e+02
   1.3530000e+01   1.2173464e+02
   1.3535000e+01   1.1512201e+02
   1.3540000e+01   1.0822233e+02
   1.3545000e+01   1.0107811e+02
   1.3550000e+01   9.3649598e+01
   1.3555000e+01   8.5923049e+01
   1.3560000e+01   7.7977974e+01
   1.3565000e+01   6.9979652e+01
   1.3570000e+01   6.2116404e+01
   1.3575000e+01   5.4528550e+01
   1.3580000e+01   4.7269346e+01
   1.3585000e+01   4.0311328e+01
   1.3590000e+01   3.3584824e+01
   1.3595000e+01   2.7024209e+01
   1.3600000e+01   2.0605530e+01
   1.3605000e+01   1.4370836e+01
   1.3610000e+01   8.4292778e+00
   1.3615000e+01   2.9228899e+00
   1.3620000e+01  -2.0227919e+00
   1.3625000e+01  -6.3162260e+00
   1.3630000e+01  -9.8634576e+00
   1.3635000e+01  -1.2502297e+01
   1.3640000e+01  -1.3956464e+01
   1.3645000e+01  -1.3850205e+01
   1.3650000e+01  -1.1801323e+01
   1.3655000e+01  -7.5814960e+00
   1.3660000e+01  -1.2637077e+00
   1.3665000e+01   6.7696137e+00
   1.3670000e+01   1.5999037e+01
   1.3675000e+01   2.6010260e+01
   1.3680000e+01   3.6632759e+01
   1.3685000e+01   4.7877127e+01
   1.3690000e+01   5.9718192e+01
   1.3695000e+01   7.1887761e+01
   1.3700000e+01   8.3844009e+01
   1.3705000e+01   9.4953937e+01
   1.3710000e+01   1.0475986e+02
   1.3715000e+01   1.1314274e+02
   1.3720000e+01   1.2028559e+02
   1.3725000e+01   1.2648036e+02
   1.3730000e+01   1.3189819e+02
   1.3735000e+01   1.3645509e+02
   1.3740000e+01   1.3986101e+02
   1.3745000e+01   1.4180180e+02
   1.3750000e+01   1.4209472e+02
   1.3755000e+01   1.4072770e+02
   1.3760000e+01   1.3782089e+02
   1.3765000e+01   1.3357703e+02
   1.3770000e+01   1.2824918e+02
   1.3775000e+01   1.2212056e+02
   1.3780000e+01   1.1547541e+02
   1.3785000e+01   1.0856406e+02
   1.3790000e+01   1.0160290e+02
   1.3795000e+01   9.4814055e+01
   1.3800000e+01   8.8437890e+01
   1.3805000e+01   8.2677651e+01
   1.3810000e+01   7.7636526e+01
   1.3815000e+01   7.3339014e+01
   1.3820000e+01   6.9833180e+01
   1.3825000e+01   6.7259236e+01
   1.3830000e+01   6.5792707e+01
   1.3835000e+01   6.5500493e+01
   1.3840000e+01   6.6232460e+01
   1.3845000e+01   6.7642447e+01
   1.3850000e+01   6.9333419e+01
   1.3855000e+01   7.1027775e+01
   1.3860000e+01   7.2648948e+01
   1.3865000e+01   7.4276679e+01
   1.3870000e+01   7.6030226e+01
   1.3875000e+01   7.7965036e+01
   1.3880000e+01   8.0036363e+01
   1.3885000e+01   8.2130400e+01
   1.3890000e+01   8.4125607e+01
   1.3895000e+01   8.5936731e+01
   1.3900000e+01   8.7513731e+01
   1.3905000e+01   8.8811384e+01
   1.3910000e+01   8.9774962e+01
   1.3915000e+01   9.0364260e+01
   1.3920000e+01   9.0591703e+01
   1.3925000e+01   9.0536600e+01
   1.3930000e+01   9.0321156e+01
   1.3935000e+01   9.0053365e+01
   1.3940000e+01   8.9743031e+01
   1.3945000e+01   8.9238570e+01
   1.3950000e+01   8.8287095e+01
   1.3955000e+01   8.6715709e+01
   1.3960000e+01   8.4558854e+01
   1.3965000e+01   8.2029005e+01
   1.3970000e+01   7.9418799e+01
   1.3975000e+01   7.7002807e+01
   1.3980000e+01   7.4924242e+01
   1.3985000e+01   7.3106745e+01
   1.3990000e+01   7.1254056e+01
   1.3995000e+01   6.8933096e+01
   1.4000000e+01   6.5721158e+01
   1.4005000e+01   6.1386728e+01
   1.4010000e+01   5.5999903e+01
   1.4015000e+01   4.9874883e+01
   1.4020000e+01   4.3378393e+01
   1.4025000e+01   3.6736595e+01
   1.4030000e+01   2.9955279e+01
   1.4035000e+01   2.2881798e+01
   1.4040000e+01   1.5337832e+01
   1.4045000e+01   7.2073414e+00
   1.4050000e+01  -1.5757626e+00
   1.4055000e+01  -1.1086139e+01
   1.4060000e+01  -2.1414411e+01
   1.4065000e+01  -3.2597729e+01
   1.4070000e+01  -4.4542376e+01
   1.4075000e+01  -5.7004565e+01
   1.4080000e+01  -6.9630674e+01
   1.4085000e+01  -8.2031677e+01
   1.4090000e+01  -9.3862875e+01
   1.4095000e+01  -1.0486892e+02
   1.4100000e+01  -1.1488364e+02
   1.4105000e+01  -1.2381471e+02
   1.4110000e+01  -1.3161566e+02
   1.4115000e+01  -1.3823410e+02
   1.4120000e+01  -1.4358627e+02
   1.4125000e+01  -1.4759969e+02
   1.4130000e+01  -1.5026735e+02
   1.4135000e+01  -1.5163765e+02
   1.4140000e+01  -1.5174749e+02
   1.4145000e+01  -1.5056804e+02
   1.4150000e+01  -1.4802252e+02
   1.4155000e+01  -1.4407569e+02
   1.4160000e+01  -1.3882078e+02
   1.4165000e+01  -1.3248439e+02
   1.4170000e+01  -1.2536538e+02
   1.4175000e+01  -1.1777563e+02
   1.4180000e+01  -1.0999387e+02
   1.4185000e+01  -1.0221549e+02
   1.4190000e+01  -9.4522477e+01
   1.4195000e+01  -8.6903023e+01
   1.4200000e+01  -7.9302459e+01
   1.4205000e+01  -7.1656123e+01
   1.4210000e+01  -6.3874754e+01
   1.4215000e+01  -5.5804820e+01
   1.4220000e+01  -4.7222851e+01
   1.4225000e+01  -3.7912659e+01
   1.4230000e+01  -2.7813119e+01
   1.4235000e+01  -1.7128729e+01
   1.4240000e+01  -6.2779092e+00
   1.4245000e+01   4.2933744e+00
   1.4250000e+01   1.4268487e+01
   1.4255000e+01   2.3494457e+01
   1.4260000e+01   3.1928876e+01
   1.4265000e+01   3.9555781e+01
   1.4270000e+01   4.6313082e+01
   1.4275000e+01   5.2071531e+01
   1.4280000e+01   5.6668573e+01
   1.4285000e+01   5.9966957e+01
   1.4290000e+01   6.1912275e+01
   1.4295000e+01   6.2546578e+01
   1.4300000e+01   6.1948045e+01
   1.4305000e+01   6.0177601e+01
   1.4310000e+01   5.7331388e+01
   1.4315000e+01   5.3626065e+01
   1.4320000e+01   4.9351004e+01
   1.4325000e+01   4.4676436e+01
   1.4330000e+01   3.9508994e+01
   1.4335000e+01   3.3562490e+01
   1.4340000e+01   2.6578548e+01
   1.4345000e+01   1.8498750e+01
   1.4350000e+01   9.4973520e+00
   1.4355000e+01  -7.7377131e-02
   1.4360000e+01  -9.7949613e+00
   1.4365000e+01  -1.9254910e+01
   1.4370000e+01  -2.8192593e+01
   1.4375000e+01  -3.6510919e+01
   1.4380000e+01  -4.4222952e+01
   1.4385000e+01  -5.1382181e+01
   1.4390000e+01  -5.8051980e+01
   1.4395000e+01  -6.4289666e+01
   1.4400000e+01  -7.0124665e+01
   1.4405000e+01  -7.5536740e+01
   1.4410000e+01  -8.0434163e+01
   1.4415000e+01  -8.4642230e+01
   1.4420000e+01  -8.7923522e+01
   1.4425000e+01  -9.0018952e+01
   1.4430000e+01  -9.0686043e+01
   1.4435000e+01  -8.9753872e+01
   1.4440000e+01  -8.7218856e+01
   1.4445000e+01  -8.3328728e+01
   1.4450000e+01  -7.8544690e+01
   1.4455000e+01  -7.3348019e+01
   1.4460000e+01  -6.8015350e+01
   1.4465000e+01  -6.2533463e+01
   1.4470000e+01  -5.6704870e+01
   1.4475000e+01  -5.0351572e+01
   1.4480000e+01  -4.3479359e+01
   1.4485000e+01  -3.6323853e+01
   1.4490000e+01  -2.9283640e+01
   1.4495000e+01  -2.2785757e+01
   1.4500000e+01  -1.7131903e+01
   1.4505000e+01  -1.2393038e+01
   1.4510000e+01  -8.4396504e+00
   1.4515000e+01  -5.1083277e+00
   1.4520000e+01  -2.3565638e+00
   1.4525000e+01  -2.6453036e-01
   1.4530000e+01   1.0919868e+00
   1.4535000e+01   1.7666113e+00
   1.4540000e+01   1.9688479e+00
   1.4545000e+01   1.9900724e+00
   1.4550000e+01   2.0980780e+00
   1.4555000e+01   2.4688891e+00
   1.4560000e+01   3.1648238e+00
   1.4565000e+01   4.1368495e+00
   1.4570000e+01   5.2600924e+00
   1.4575000e+01   6.4110374e+00
   1.4580000e+01   7.5367061e+00
   1.4585000e+01   8.6523767e+00
   1.4590000e+01   9.7764692e+00
   1.4595000e+01   1.0881646e+01
   1.4600000e+01   1.1911248e+01
   1.4605000e+01   1.2816887e+01
   1.4610000e+01   1.3554146e+01
   1.4615000e+01   1.4050569e+01
   1.4620000e+01   1.4214916e+01
   1.4625000e+01   1.4009497e+01
   1.4630000e+01   1.3516277e+01
   1.4635000e+01   1.2913824e+01
   1.4640000e+01   1.2370939e+01
   1.4645000e+01   1.1953452e+01
   1.4650000e+01   1.1627161e+01
   1.4655000e+01   1.1339963e+01
   1.4660000e+01   1.1109537e+01
   1.4665000e+01   1.1065910e+01
   1.4670000e+01   1.1418740e+01
   1.4675000e+01   1.2347632e+01
   1.4680000e+01   1.3890789e+01
   1.4685000e+01   1.5927722e+01
   1.4690000e+01   1.8260459e+01
   1.4695000e+01   2.0722663e+01
   1.4700000e+01   2.3254211e+01
   1.4705000e+01   2.5909503e+01
   1.4710000e+01   2.8802869e+01
   1.4715000e+01   3.2032072e+01
   1.4720000e+01   3.5612778e+01
   1.4725000e+01   3.9427260e+01
   1.4730000e+01   4.3212745e+01
   1.4735000e+01   4.6639137e+01
   1.4740000e+01   4.9469364e+01
   1.4745000e+01   5.1710572e+01
   1.4750000e+01   5.3648768e+01
   1.4755000e+01   5.5730265e+01
   1.4760000e+01   5.8356753e+01
   1.4765000e+01   6.1723335e+01
   1.4770000e+01   6.5794532e+01
   1.4775000e+01   7.0404341e+01
   1.4780000e+01   7.5383409e+01
   1.4785000e+01   8.0624327e+01
   1.4790000e+01   8.6065906e+01
   1.4795000e+01   9.1636466e+01
   1.4800000e+01   9.7207411e+01
   1.4805000e+01   1.0259740e+02
   1.4810000e+01   1.0763834e+02
   1.4815000e+01   1.1225260e+02
   1.4820000e+01   1.1647181e+02
   1.4825000e+01   1.2039518e+02
   1.4830000e+01   1.2412514e+02
   1.4835000e+01   1.2769060e+02
   1.4840000e+01   1.3097905e+02
   1.4845000e+01   1.3374457e+02
   1.4850000e+01   1.3573044e+02
   1.4855000e+01   1.3683512e+02
   1.4860000e+01   1.3718178e+02
   1.4865000e+01   1.3702484e+02
   1.4870000e+01   1.3656447e+02
   1.4875000e+01   1.3580143e+02
   1.4880000e+01   1.3453679e+02
   1.4885000e+01   1.3253831e+02
   1.4890000e+01   1.2975705e+02
   1.4895000e+01   1.2640906e+02
   1.4900000e+01   1.2285950e+02
   1.4905000e+01   1.1941632e+02
   1.4910000e+01   1.1618373e+02
   1.4915000e+01   1.1306822e+02
   1.4920000e+01   1.0992508e+02
   1.4925000e+01   1.0671094e+02
   1.4930000e+01   1.0349961e+02
   1.4935000e+01   1.0035981e+02
   1.4940000e+01   9.7211863e+01
   1.4945000e+01   9.3777547e+01
   1.4950000e+01   8.9671002e+01
   1.4955000e+01   8.4589521e+01
   1.4960000e+01   7.8483717e+01
   1.4965000e+01   7.1587638e+01
   1.4970000e+01   6.4288138e+01
   1.4975000e+01   5.6929513e+01
   1.4980000e+01   4.9678234e+01
   1.4985000e+01   4.2499371e+01
   1.4990000e+01   3.5215833e+01
   1.4995000e+01   2.7606781e+01
   1.5000000e+01   1.9522868e+01
   1.5005000e+01   1.0987511e+01
   1.5010000e+01   2.2239876e+00
   1.5015000e+01  -6.4269759e+00
   1.5020000e+01  -1.4651512e+01
   1.5025000e+01  -2.2269109e+01
   1.5030000e+01  -2.9237267e+01
   1.5035000e+01  -3.5578515e+01
   1.5040000e+01  -4.1314564e+01
   1.5045000e+01  -4.6465376e+01
   1.5050000e+01  -5.1076938e+01
   1.5055000e+01  -5.5210323e+01
   1.5060000e+01  -5.8910581e+01
   1.5065000e+01  -6.2218447e+01
   1.5070000e+01  -6.5210234e+01
   1.5075000e+01  -6.7996805e+01
   1.5080000e+01  -7.0673790e+01
   1.5085000e+01  -7.3295980e+01
   1.5090000e+01  -7.5913743e+01
   1.5095000e+01  -7.8603748e+01
   1.5100000e+01  -8.1430402e+01
   1.5105000e+01  -8.4375684e+01
   1.5110000e+01  -8.7306344e+01
   1.5115000e+01  -9.0002841e+01
   1.5120000e+01  -9.2240392e+01
   1.5125000e+01  -9.3887565e+01
   1.5130000e+01  -9.4967073e+01
   1.5135000e+01  -9.5643042e+01
   1.5140000e+01  -9.6151866e+01
   1.5145000e+01  -9.6724446e+01
   1.5150000e+01  -9.7524945e+01
   1.5155000e+01  -9.8602007e+01
   1.5160000e+01  -9.9867650e+01
   1.5165000e+01  -1.0114173e+02
   1.5170000e+01  -1.0226428e+02
   1.5175000e+01  -1.0321602e+02
   1.5180000e+01  -1.0416446e+02
   1.5185000e+01  -1.0539374e+02
   1.5190000e+01  -1.0715474e+02
   1.5195000e+01  -1.0952843e+02
   1.5200000e+01  -1.1238469e+02
   1.5205000e+01  -1.1545858e+02
   1.5210000e+01  -1.1850613e+02
   1.5215000e+01  -1.2144024e+02
   1.5220000e+01  -1.2432150e+02
   1.5225000e+01  -1.2720248e+02
   1.5230000e+01  -1.2999805e+02
   1.5235000e+01  -1.3251931e+02
   1.5240000e+01  -1.3461557e+02
   1.5245000e+01  -1.3628197e+02
   1.5250000e+01  -1.3765802e+02
   1.5255000e+01  -1.3893682e+02
   1.5260000e+01  -1.4024629e+02
   1.5265000e+01  -1.4156260e+02
   1.5270000e+01  -1.4269925e+02
   1.5275000e+01  -1.4338953e+02
   1.5280000e+01  -1.4342942e+02
   1.5285000e+01  -1.4278282e+02
   1.5290000e+01  -1.4156444e+02
   1.5295000e+01  -1.3993654e+02
   1.5300000e+01  -1.3801243e+02
   1.5305000e+01  -1.3579753e+02
   1.5310000e+01  -1.3318687e+02
   1.5315000e+01  -1.3004859e+02
   1.5320000e+01  -1.2632037e+02
   1.5325000e+01  -1.2200728e+02
   1.5330000e+01  -1.1712084e+02
   1.5335000e+01  -1.1169099e+02
   1.5340000e+01  -1.0586129e+02
   1.5345000e+01  -9.9937959e+01
   1.5350000e+01  -9.4307632e+01
   1.5355000e+01  -8.9297392e+01
   1.5360000e+01  -8.5092250e+01
   1.5365000e+01  -8.1734392e+01
   1.5370000e+01  -7.9180602e+01
   1.5375000e+01  -7.7392414e+01
   1.5380000e+01  -7.6402672e+01
   1.5385000e+01  -7.6306889e+01
   1.5390000e+01  -7.7195095e+01
   1.5395000e+01  -7.9083294e+01
   1.5400000e+01  -8.1879841e+01
   1.5405000e+01  -8.5382829e+01
   1.5410000e+01  -8.9316056e+01
   1.5415000e+01  -9.3415838e+01
   1.5420000e+01  -9.7507507e+01
   1.5425000e+01  -1.0149546e+02
   1.5430000e+01  -1.0530547e+02
   1.5435000e+01  -1.0886275e+02
   1.5440000e+01  -1.1210089e+02
   1.5445000e+01  -1.1495125e+02
   1.5450000e+01  -1.1730585e+02
   1.5455000e+01  -1.1898624e+02
   1.5460000e+01  -1.1975220e+02
   1.5465000e+01  -1.1935291e+02
   1.5470000e+01  -1.1757088e+02
   1.5475000e+01  -1.1422874e+02
   1.5480000e+01  -1.0922658e+02
   1.5485000e+01  -1.0265547e+02
   1.5490000e+01  -9.4884787e+01
   1.5495000e+01  -8.6492550e+01
   1.5500000e+01  -7.8056475e+01
   1.5505000e+01  -6.9959530e+01
   1.5510000e+01  -6.2336075e+01
   1.5515000e+01  -5.5150274e+01
   1.5520000e+01  -4.8322106e+01
   1.5525000e+01  -4.1826568e+01
   1.5530000e+01  -3.5722055e+01
   1.5535000e+01  -3.0110538e+01
   1.5540000e+01  -2.5082320e+01
   1.5545000e+01  -2.0696890e+01
   1.5550000e+01  -1.7006890e+01
   1.5555000e+01  -1.4096819e+01
   1.5560000e+01  -1.2092665e+01
   1.5565000e+01  -1.1107219e+01
   1.5570000e+01  -1.1140737e+01
   1.5575000e+01  -1.2013838e+01
   1.5580000e+01  -1.3389584e+01
   1.5585000e+01  -1.4861171e+01
   1.5590000e+01  -1.6038224e+01
   1.5595000e+01  -1.6603266e+01
   1.5600000e+01  -1.6350495e+01
   1.5605000e+01  -1.5197105e+01
   1.5610000e+01  -1.3152103e+01
   1.5615000e+01  -1.0271773e+01
   1.5620000e+01  -6.6265278e+00
   1.5625000e+01  -2.2654180e+00
   1.5630000e+01   2.8107240e+00
   1.5635000e+01   8.6152783e+00
   1.5640000e+01   1.5070292e+01
   1.5645000e+01   2.1920075e+01
   1.5650000e+01   2.8771444e+01
   1.5655000e+01   3.5239404e+01
   1.5660000e+01   4.1070316e+01
   1.5665000e+01   4.6158843e+01
   1.5670000e+01   5.0473255e+01
   1.5675000e+01   5.3961876e+01
   1.5680000e+01   5.6524373e+01
   1.5685000e+01   5.8072107e+01
   1.5690000e+01   5.8609365e+01
   1.5695000e+01   5.8251002e+01
   1.5700000e+01   5.7167166e+01
   1.5705000e+01   5.5516100e+01
   1.5710000e+01   5.3420284e+01
   1.5715000e+01   5.0979860e+01
   1.5720000e+01   4.8270799e+01
   1.5725000e+01   4.5299219e+01
   1.5730000e+01   4.1959870e+01
   1.5735000e+01   3.8087599e+01
   1.5740000e+01   3.3620497e+01
   1.5745000e+01   2.8744454e+01
   1.5750000e+01   2.3856989e+01
   1.5755000e+01   1.9377732e+01
   1.5760000e+01   1.5585291e+01
   1.5765000e+01   1.2574549e+01
   1.5770000e+01   1.0300324e+01
   1.5775000e+01   8.6662780e+00
   1.5780000e+01   7.6397741e+00
   1.5785000e+01   7.3269169e+00
   1.5790000e+01   7.9042373e+00
   1.5795000e+01   9.4194416e+00
   1.5800000e+01   1.1643874e+01
   1.5805000e+01   1.4135578e+01
   1.5810000e+01   1.6471344e+01
   1.5815000e+01   1.8463062e+01
   1.5820000e+01   2.0215936e+01
   1.5825000e+01   2.2020356e+01
   1.5830000e+01   2.4145410e+01
   1.5835000e+01   2.6625528e+01
   1.5840000e+01   2.9158749e+01
   1.5845000e+01   3.1214508e+01
   1.5850000e+01   3.2324045e+01
   1.5855000e+01   3.2362839e+01
   1.5860000e+01   3.1611638e+01
   1.5865000e+01   3.0567884e+01
   1.5870000e+01   2.9671685e+01
   1.5875000e+01   2.9126226e+01
   1.5880000e+01   2.8882200e+01
   1.5885000e+01   2.8741581e+01
   1.5890000e+01   2.8484251e+01
   1.5895000e+01   2.7953778e+01
   1.5900000e+01   2.7110250e+01
   1.5905000e+01   2.6076609e+01
   1.5910000e+01   2.5154368e+01
   1.5915000e+01   2.4752712e+01
   1.5920000e+01   2.5232635e+01
   1.5925000e+01   2.6757479e+01
   1.5930000e+01   2.9244251e+01
   1.5935000e+01   3.2433306e+01
   1.5940000e+01   3.6036263e+01
   1.5945000e+01   3.9884015e+01
   1.5950000e+01   4.3971543e+01
   1.5955000e+01   4.8372061e+01
   1.5960000e+01   5.3115369e+01
   1.5965000e+01   5.8125870e+01
   1.5970000e+01   6.3239799e+01
   1.5975000e+01   6.8292902e+01
   1.5980000e+01   7.3236358e+01
   1.5985000e+01   7.8184778e+01
   1.5990000e+01   8.3338986e+01
   1.5995000e+01   8.8836644e+01
   1.6000000e+01   9.4632594e+01
   1.6005000e+01   1.0048028e+02
   1.6010000e+01   1.0602539e+02
   1.6015000e+01   1.1095170e+02
   1.6020000e+01   1.1508742e+02
   1.6025000e+01   1.1842358e+02
   1.6030000e+01   1.2104776e+02
   1.6035000e+01   1.2301933e+02
   1.6040000e+01   1.2425471e+02
   1.6045000e+01   1.2450910e+02
   1.6050000e+01   1.2346200e+02
   1.6055000e+01   1.2084446e+02
   1.6060000e+01   1.1657158e+02
   1.6065000e+01   1.1083927e+02
   1.6070000e+01   1.0409476e+02
   1.6075000e+01   9.6845598e+01
   1.6080000e+01   8.9417543e+01
   1.6085000e+01   8.1840976e+01
   1.6090000e+01   7.3944714e+01
   1.6095000e+01   6.5565678e+01
   1.6100000e+01   5.6714145e+01
   1.6105000e+01   4.7600485e+01
   1.6110000e+01   3.8543976e+01
   1.6115000e+01   2.9865447e+01
   1.6120000e+01   2.1846584e+01
   1.6125000e+01   1.4727842e+01
   1.6130000e+01   8.6708863e+00
   1.6135000e+01   3.7106512e+00
   1.6140000e+01  -2.1501419e-01
   1.6145000e+01  -3.1575009e+00
   1.6150000e+01  -5.0604449e+00
   1.6155000e+01  -5.7492681e+00
   1.6160000e+01  -5.0171641e+00
   1.6165000e+01  -2.7531358e+00
   1.6170000e+01   9.6492848e-01
   1.6175000e+01   5.8517657e+00
   1.6180000e+01   1.1474949e+01
   1.6185000e+01   1.7403911e+01
   1.6190000e+01   2.3413085e+01
   1.6195000e+01   2.9598231e+01
   1.6200000e+01   3.6277854e+01
   1.6205000e+01   4.3726220e+01
   1.6210000e+01   5.1930479e+01
   1.6215000e+01   6.0536429e+01
   1.6220000e+01   6.8992318e+01
   1.6225000e+01   7.6776651e+01
   1.6230000e+01   8.3578811e+01
   1.6235000e+01   8.9342705e+01
   1.6240000e+01   9.4169159e+01
   1.6245000e+01   9.8173226e+01
   1.6250000e+01   1.0139120e+02
   1.6255000e+01   1.0374922e+02
   1.6260000e+01   1.0508623e+02
   1.6265000e+01   1.0523628e+02
   1.6270000e+01   1.0412562e+02
   1.6275000e+01   1.0182102e+02
   1.6280000e+01   9.8531252e+01
   1.6285000e+01   9.4585730e+01
   1.6290000e+01   9.0363227e+01
   1.6295000e+01   8.6142661e+01
   1.6300000e+01   8.1950326e+01
   1.6305000e+01   7.7555589e+01
   1.6310000e+01   7.2660860e+01
   1.6315000e+01   6.7143396e+01
   1.6320000e+01   6.1175681e+01
   1.6325000e+01   5.5168636e+01
   1.6330000e+01   4.9586803e+01
   1.6335000e+01   4.4733009e+01
   1.6340000e+01   4.0616804e+01
   1.6345000e+01   3.6995367e+01
   1.6350000e+01   3.3572601e+01
   1.6355000e+01   3.0211311e+01
   1.6360000e+01   2.7006217e+01
   1.6365000e+01   2.4199155e+01
   1.6370000e+01   2.2026707e+01
   1.6375000e+01   2.0601382e+01
   1.6380000e+01   1.9894520e+01
   1.6385000e+01   1.9812749e+01
   1.6390000e+01   2.0271053e+01
   1.6395000e+01   2.1193585e+01
   1.6400000e+01   2.2488556e+01
   1.6405000e+01   2.4066167e+01
   1.6410000e+01   2.5883367e+01
   1.6415000e+01   2.7945917e+01
   1.6420000e+01   3.0253210e+01
   1.6425000e+01   3.2750566e+01
   1.6430000e+01   3.5333356e+01
   1.6435000e+01   3.7875100e+01
   1.6440000e+01   4.0248225e+01
   1.6445000e+01   4.2339195e+01
   1.6450000e+01   4.4058467e+01
   1.6455000e+01   4.5342891e+01
   1.6460000e+01   4.6163000e+01
   1.6465000e+01   4.6541142e+01
   1.6470000e+01   4.6562298e+01
   1.6475000e+01   4.6352242e+01
   1.6480000e+01   4.6007343e+01
   1.6485000e+01   4.5502389e+01
   1.6490000e+01   4.4676578e+01
   1.6495000e+01   4.3356609e+01
   1.6500000e+01   4.1484980e+01
   1.6505000e+01   3.9096166e+01
   1.6510000e+01   3.6210345e+01
   1.6515000e+01   3.2804337e+01
   1.6520000e+01   2.8863155e+01
   1.6525000e+01   2.4416954e+01
   1.6530000e+01   1.9532571e+01
   1.6535000e+01   1.4300833e+01
   1.6540000e+01   8.8335602e+00
   1.6545000e+01   3.2348882e+00
   1.6550000e+01  -2.4429922e+00
   1.6555000e+01  -8.1861108e+00
   1.6560000e+01  -1.3925113e+01
   1.6565000e+01  -1.9452911e+01
   1.6570000e+01  -2.4463285e+01
   1.6575000e+01  -2.8691993e+01
   1.6580000e+01  -3.2026183e+01
   1.6585000e+01  -3.4502485e+01
   1.6590000e+01  -3.6224865e+01
   1.6595000e+01  -3.7257504e+01
   1.6600000e+01  -3.7555851e+01
   1.6605000e+01  -3.7003645e+01
   1.6610000e+01  -3.5527576e+01
   1.6615000e+01  -3.3175340e+01
   1.6620000e+01  -3.0111487e+01
   1.6625000e+01  -2.6565216e+01
   1.6630000e+01  -2.2743959e+01
   1.6635000e+01  -1.8730344e+01
   1.6640000e+01  -1.4438721e+01
   1.6645000e+01  -9.6986340e+00
   1.6650000e+01  -4.4250169e+00
   1.6655000e+01   1.2558677e+00
   1.6660000e+01   7.0177358e+00
   1.6665000e+01   1.2458694e+01
   1.6670000e+01   1.7252738e+01
   1.6675000e+01   2.1257269e+01
   1.6680000e+01   2.4535621e+01
   1.6685000e+01   2.7279959e+01
   1.6690000e+01   2.9668255e+01
   1.6695000e+01   3.1752964e+01
   1.6700000e+01   3.3469470e+01
   1.6705000e+01   3.4736153e+01
   1.6710000e+01   3.5543111e+01
   1.6715000e+01   3.5977250e+01
   1.6720000e+01   3.6183524e+01
   1.6725000e+01   3.6276190e+01
   1.6730000e+01   3.6266004e+01
   1.6735000e+01   3.6087883e+01
   1.6740000e+01   3.5717011e+01
   1.6745000e+01   3.5263901e+01
   1.6750000e+01   3.4961011e+01
   1.6755000e+01   3.5058635e+01
   1.6760000e+01   3.5713346e+01
   1.6765000e+01   3.6923539e+01
   1.6770000e+01   3.8527083e+01
   1.6775000e+01   4.0270969e+01
   1.6780000e+01   4.1923260e+01
   1.6785000e+01   4.3348485e+01
   1.6790000e+01   4.4504756e+01
   1.6795000e+01   4.5393885e+01
   1.6800000e+01   4.6005534e+01
   1.6805000e+01   4.6269603e+01
   1.6810000e+01   4.6034417e+01
   1.6815000e+01   4.5108285e+01
   1.6820000e+01   4.3358063e+01
   1.6825000e+01   4.0758505e+01
   1.6830000e+01   3.7317440e+01
   1.6835000e+01   3.2981649e+01
   1.6840000e+01   2.7666783e+01
   1.6845000e+01   2.1384943e+01
   1.6850000e+01   1.4326772e+01
   1.6855000e+01   6.8226753e+00
   1.6860000e+01  -7.5499645e-01
   1.6865000e+01  -8.0583192e+00
   1.6870000e+01  -1.4801979e+01
   1.6875000e+01  -2.0822654e+01
   1.6880000e+01  -2.6134510e+01
   1.6885000e+01  -3.0880850e+01
   1.6890000e+01  -3.5152494e+01
   1.6895000e+01  -3.8813647e+01
   1.6900000e+01  -4.1507809e+01
   1.6905000e+01  -4.2847853e+01
   1.6910000e+01  -4.2637844e+01
   1.6915000e+01  -4.0981230e+01
   1.6920000e+01  -3.8245394e+01
   1.6925000e+01  -3.4931758e+01
   1.6930000e+01  -3.1497901e+01
   1.6935000e+01  -2.8194626e+01
   1.6940000e+01  -2.5023985e+01
   1.6945000e+01  -2.1862612e+01
   1.6950000e+01  -1.8651005e+01
   1.6955000e+01  -1.5495893e+01
   1.6960000e+01  -1.2615966e+01
   1.6965000e+01  -1.0186905e+01
   1.6970000e+01  -8.2207567e+00
   1.6975000e+01  -6.5886634e+00
   1.6980000e+01  -5.1609026e+00
   1.6985000e+01  -3.9280096e+00
   1.6990000e+01  -3.0105044e+00
   1.6995000e+01  -2.5741628e+00
   1.7000000e+01  -2.7118079e+00
   1.7005000e+01  -3.3611817e+00
   1.7010000e+01  -4.3233823e+00
   1.7015000e+01  -5.3751545e+00
   1.7020000e+01  -6.3844984e+00
   1.7025000e+01  -7.3473844e+00
   1.7030000e+01  -8.3407552e+00
   1.7035000e+01  -9.4433881e+00
   1.7040000e+01  -1.0679258e+01
   1.7045000e+01  -1.2008231e+01
   1.7050000e+01  -1.3355040e+01
   1.7055000e+01  -1.4645776e+01
   1.7060000e+01  -1.5820575e+01
   1.7065000e+01  -1.6824794e+01
   1.7070000e+01  -1.7618358e+01
   1.7075000e+01  -1.8216855e+01
   1.7080000e+01  -1.8714579e+01
   1.7085000e+01  -1.9239203e+01
   1.7090000e+01  -1.9863397e+01
   1.7095000e+01  -2.0558881e+01
   1.7100000e+01  -2.1235620e+01
   1.7105000e+01  -2.1812801e+01
   1.7110000e+01  -2.2258505e+01
   1.7115000e+01  -2.2596407e+01
   1.7120000e+01  -2.2888351e+01
   1.7125000e+01  -2.3187226e+01
   1.7130000e+01  -2.3489177e+01
   1.7135000e+01  -2.3738306e+01
   1.7140000e+01  -2.3891965e+01
   1.7145000e+01  -2.3990509e+01
   1.7150000e+01  -2.4167908e+01
   1.7155000e+01  -2.4599187e+01
   1.7160000e+01  -2.5427453e+01
   1.7165000e+01  -2.6699722e+01
   1.7170000e+01  -2.8333918e+01
   1.7175000e+01  -3.0153632e+01
   1.7180000e+01  -3.1985891e+01
   1.7185000e+01  -3.3749830e+01
   1.7190000e+01  -3.5471006e+01
   1.7195000e+01  -3.7221002e+01
   1.7200000e+01  -3.9032014e+01
   1.7205000e+01  -4.0857836e+01
   1.7210000e+01  -4.2628778e+01
   1.7215000e+01  -4.4355966e+01
   1.7220000e+01  -4.6166367e+01
   1.7225000e+01  -4.8202256e+01
   1.7230000e+01  -5.0467921e+01
   1.7235000e+01  -5.2788695e+01
   1.7240000e+01  -5.4927008e+01
   1.7245000e+01  -5.6721044e+01
   1.7250000e+01  -5.8130419e+01
   1.7255000e+01  -5.9205715e+01
   1.7260000e+01  -6.0025279e+01
   1.7265000e+01  -6.0634785e+01
   1.7270000e+01  -6.1054455e+01
   1.7275000e+01  -6.1343020e+01
   1.7280000e+01  -6.1602224e+01
   1.7285000e+01  -6.1902485e+01
   1.7290000e+01  -6.2253513e+01
   1.7295000e+01  -6.2674606e+01
   1.7300000e+01  -6.3272618e+01
   1.7305000e+01  -6.4223412e+01
   1.7310000e+01  -6.5647240e+01
   1.7315000e+01  -6.7477223e+01
   1.7320000e+01  -6.9474282e+01
   1.7325000e+01  -7.1428397e+01
   1.7330000e+01  -7.3361332e+01
   1.7335000e+01  -7.5522923e+01
   1.7340000e+01  -7.8205094e+01
   1.7345000e+01  -8.1554289e+01
   1.7350000e+01  -8.5501261e+01
   1.7355000e+01  -8.9810291e+01
   1.7360000e+01  -9.4191831e+01
   1.7365000e+01  -9.8412982e+01
   1.7370000e+01  -1.0235852e+02
   1.7375000e+01  -1.0602921e+02
   1.7380000e+01  -1.0949529e+02
   1.7385000e+01  -1.1283089e+02
   1.7390000e+01  -1.1604158e+02
   1.7395000e+01  -1.1900220e+02
   1.7400000e+01  -1.2145023e+02
   1.7405000e+01  -1.2306387e+02
   1.7410000e+01  -1.2358737e+02
   1.7415000e+01  -1.2292685e+02
   1.7420000e+01  -1.2116392e+02
   1.7425000e+01  -1.1849038e+02
   1.7430000e+01  -1.1511417e+02
   1.7435000e+01  -1.1119895e+02
   1.7440000e+01  -1.0686499e+02
   1.7445000e+01  -1.0222264e+02
   1.7450000e+01  -9.7385494e+01
   1.7455000e+01  -9.2438672e+01
   1.7460000e+01  -8.7388316e+01
   1.7465000e+01  -8.2154098e+01
   1.7470000e+01  -7.6650764e+01
   1.7475000e+01  -7.0913291e+01
   1.7480000e+01  -6.5144182e+01
   1.7485000e+01  -5.9637368e+01
   1.7490000e+01  -5.4661027e+01
   1.7495000e+01  -5.0374284e+01
   1.7500000e+01  -4.6794522e+01
   1.7505000e+01  -4.3841912e+01
   1.7510000e+01  -4.1449186e+01
   1.7515000e+01  -3.9633400e+01
   1.7520000e+01  -3.8475171e+01
   1.7525000e+01  -3.8069382e+01
   1.7530000e+01  -3.8485326e+01
   1.7535000e+01  -3.9707026e+01
   1.7540000e+01  -4.1575246e+01
   1.7545000e+01  -4.3806437e+01
   1.7550000e+01  -4.6109148e+01
   1.7555000e+01  -4.8328879e+01
   1.7560000e+01  -5.0514575e+01
   1.7565000e+01  -5.2836434e+01
   1.7570000e+01  -5.5401923e+01
   1.7575000e+01  -5.8132685e+01
   1.7580000e+01  -6.0821198e+01
   1.7585000e+01  -6.3304968e+01
   1.7590000e+01  -6.5587732e+01
   1.7595000e+01  -6.7802190e+01
   1.7600000e+01  -7.0057381e+01
   1.7605000e+01  -7.2311206e+01
   1.7610000e+01  -7.4381584e+01
   1.7615000e+01  -7.6077535e+01
   1.7620000e+01  -7.7318124e+01
   1.7625000e+01  -7.8136554e+01
   1.7630000e+01  -7.8593594e+01
   1.7635000e+01  -7.8700711e+01
   1.7640000e+01  -7.8419661e+01
   1.7645000e+01  -7.7718941e+01
   1.7650000e+01  -7.6612453e+01
   1.7655000e+01  -7.5133353e+01
   1.7660000e+01  -7.3285121e+01
   1.7665000e+01  -7.1045698e+01
   1.7670000e+01  -6.8418773e+01
   1.7675000e+01  -6.5460196e+01
   1.7680000e+01  -6.2255999e+01
   1.7685000e+01  -5.8889994e+01
   1.7690000e+01  -5.5433039e+01
   1.7695000e+01  -5.1958526e+01
   1.7700000e+01  -4.8564648e+01
   1.7705000e+01  -4.5362062e+01
   1.7710000e+01  -4.2412306e+01
   1.7715000e+01  -3.9672779e+01
   1.7720000e+01  -3.7018323e+01
   1.7725000e+01  -3.4334256e+01
   1.7730000e+01  -3.1596160e+01
   1.7735000e+01  -2.8857703e+01
   1.7740000e+01  -2.6159669e+01
   1.7745000e+01  -2.3464489e+01
   1.7750000e+01  -2.0709195e+01
   1.7755000e+01  -1.7927317e+01
   1.7760000e+01  -1.5280322e+01
   1.7765000e+01  -1.2947874e+01
   1.7770000e+01  -1.1002447e+01
   1.7775000e+01  -9.3839118e+00
   1.7780000e+01  -7.9621479e+00
   1.7785000e+01  -6.6181968e+00
   1.7790000e+01  -5.3008283e+00
   1.7795000e+01  -4.0455935e+00
   1.7800000e+01  -2.9438186e+00
   1.7805000e+01  -2.0595171e+00
   1.7810000e+01  -1.3391115e+00
   1.7815000e+01  -5.9178491e-01
   1.7820000e+01   4.2046284e-01
   1.7825000e+01   1.8435584e+00
   1.7830000e+01   3.6635083e+00
   1.7835000e+01   5.7664593e+00
   1.7840000e+01   8.0617293e+00
   1.7845000e+01   1.0555387e+01
   1.7850000e+01   1.3322231e+01
   1.7855000e+01   1.6417066e+01
   1.7860000e+01   1.9804091e+01
   1.7865000e+01   2.3348459e+01
   1.7870000e+01   2.6855741e+01
   1.7875000e+01   3.0127908e+01
   1.7880000e+01   3.3025564e+01
   1.7885000e+01   3.5512282e+01
   1.7890000e+01   3.7630647e+01
   1.7895000e+01   3.9417507e+01
   1.7900000e+01   4.0845375e+01
   1.7905000e+01   4.1846023e+01
   1.7910000e+01   4.2371730e+01
   1.7915000e+01   4.2417506e+01
   1.7920000e+01   4.2004286e+01
   1.7925000e+01   4.1181715e+01
   1.7930000e+01   4.0035834e+01
   1.7935000e+01   3.8628706e+01
   1.7940000e+01   3.6900908e+01
   1.7945000e+01   3.4668597e+01
   1.7950000e+01   3.1768301e+01
   1.7955000e+01   2.8227896e+01
   1.7960000e+01   2.4294305e+01
   1.7965000e+01   2.0310206e+01
   1.7970000e+01   1.6570753e+01
   1.7975000e+01   1.3231631e+01
   1.7980000e+01   1.0272362e+01
   1.7985000e+01   7.5467918e+00
   1.7990000e+01   4.9080068e+00
   1.7995000e+01   2.3040577e+00
   1.8000000e+01  -2.1641998e-01
   1.8005000e+01  -2.5493366e+00
   1.8010000e+01  -4.5860164e+00
   1.8015000e+01  -6.2593908e+00
   1.8020000e+01  -7.5682787e+00
   1.8025000e+01  -8.5495334e+00
   1.8030000e+01  -9.2125092e+00
   1.8035000e+01  -9.5198907e+00
   1.8040000e+01  -9.4544790e+00
   1.8045000e+01  -9.0813499e+00
   1.8050000e+01  -8.5279667e+00
   1.8055000e+01  -7.9305896e+00
   1.8060000e+01  -7.3935924e+00
   1.8065000e+01  -6.9401434e+00
   1.8070000e+01  -6.4723200e+00
   1.8075000e+01  -5.8029445e+00
   1.8080000e+01  -4.7585059e+00
   1.8085000e+01  -3.2800480e+00
   1.8090000e+01  -1.4550155e+00
   1.8095000e+01   5.3103227e-01
   1.8100000e+01   2.4841634e+00
   1.8105000e+01   4.2795413e+00
   1.8110000e+01   5.8913730e+00
   1.8115000e+01   7.3753211e+00
   1.8120000e+01   8.8331328e+00
   1.8125000e+01   1.0386865e+01
   1.8130000e+01   1.2157024e+01
   1.8135000e+01   1.4221994e+01
   1.8140000e+01   1.6563917e+01
   1.8145000e+01   1.9048874e+01
   1.8150000e+01   2.1486004e+01
   1.8155000e+01   2.3738890e+01
   1.8160000e+01   2.5801907e+01
   1.8165000e+01   2.7783586e+01
   1.8170000e+01   2.9814807e+01
   1.8175000e+01   3.1950911e+01
   1.8180000e+01   3.4153279e+01
   1.8185000e+01   3.6376106e+01
   1.8190000e+01   3.8648070e+01
   1.8195000e+01   4.1029806e+01
   1.8200000e+01   4.3513463e+01
   1.8205000e+01   4.6002078e+01
   1.8210000e+01   4.8358571e+01
   1.8215000e+01   5.0440566e+01
   1.8220000e+01   5.2122463e+01
   1.8225000e+01   5.3347731e+01
   1.8230000e+01   5.4192844e+01
   1.8235000e+01   5.4875747e+01
   1.8240000e+01   5.5682326e+01
   1.8245000e+01   5.6851390e+01
   1.8250000e+01   5.8459311e+01
   1.8255000e+01   6.0341286e+01
   1.8260000e+01   6.2133838e+01
   1.8265000e+01   6.3471359e+01
   1.8270000e+01   6.4196705e+01
   1.8275000e+01   6.4413141e+01
   1.8280000e+01   6.4373133e+01
   1.8285000e+01   6.4331986e+01
   1.8290000e+01   6.4463803e+01
   1.8295000e+01   6.4837493e+01
   1.8300000e+01   6.5419696e+01
   1.8305000e+01   6.6113678e+01
   1.8310000e+01   6.6843842e+01
   1.8315000e+01   6.7633201e+01
   1.8320000e+01   6.8596024e+01
   1.8325000e+01   6.9836177e+01
   1.8330000e+01   7.1337723e+01
   1.8335000e+01   7.2944399e+01
   1.8340000e+01   7.4442286e+01
   1.8345000e+01   7.5685661e+01
   1.8350000e+01   7.6688611e+01
   1.8355000e+01   7.7626560e+01
   1.8360000e+01   7.8748051e+01
   1.8365000e+01   8.0259402e+01
   1.8370000e+01   8.2245188e+01
   1.8375000e+01   8.4638177e+01
   1.8380000e+01   8.7234953e+01
   1.8385000e+01   8.9759436e+01
   1.8390000e+01   9.1952080e+01
   1.8395000e+01   9.3651056e+01
   1.8400000e+01   9.4854018e+01
   1.8405000e+01   9.5728841e+01
   1.8410000e+01   9.6523038e+01
   1.8415000e+01   9.7414072e+01
   1.8420000e+01   9.8423618e+01
   1.8425000e+01   9.9441461e+01
   1.8430000e+01   1.0030092e+02
   1.8435000e+01   1.0085001e+02
   1.8440000e+01   1.0099527e+02
   1.8445000e+01   1.0070617e+02
   1.8450000e+01   9.9994725e+01
   1.8455000e+01   9.8912594e+01
   1.8460000e+01   9.7586955e+01
   1.8465000e+01   9.6250002e+01
   1.8470000e+01   9.5184101e+01
   1.8475000e+01   9.4584238e+01
   1.8480000e+01   9.4448816e+01
   1.8485000e+01   9.4602037e+01
   1.8490000e+01   9.4831905e+01
   1.8495000e+01   9.5027879e+01
   1.8500000e+01   9.5218474e+01
   1.8505000e+01   9.5510159e+01
   1.8510000e+01   9.6004742e+01
   1.8515000e+01   9.6760670e+01
   1.8520000e+01   9.7797296e+01
   1.8525000e+01   9.9104055e+01
   1.8530000e+01   1.0063990e+02
   1.8535000e+01   1.0234244e+02
   1.8540000e+01   1.0416070e+02
   1.8545000e+01   1.0608684e+02
   1.8550000e+01   1.0814117e+02
   1.8555000e+01   1.1029859e+02
   1.8560000e+01   1.1242358e+02
   1.8565000e+01   1.1431105e+02
   1.8570000e+01   1.1582044e+02
   1.8575000e+01   1.1696409e+02
   1.8580000e+01   1.1785591e+02
   1.8585000e+01   1.1857908e+02
   1.8590000e+01   1.1910215e+02
   1.8595000e+01   1.1930820e+02
   1.8600000e+01   1.1909585e+02
   1.8605000e+01   1.1846416e+02
   1.8610000e+01   1.1752170e+02
   1.8615000e+01   1.1641393e+02
   1.8620000e+01   1.1521459e+02
   1.8625000e+01   1.1385590e+02
   1.8630000e+01   1.1215188e+02
   1.8635000e+01   1.0990568e+02
   1.8640000e+01   1.0703254e+02
   1.8645000e+01   1.0361555e+02
   1.8650000e+01   9.9853779e+01
   1.8655000e+01   9.5941164e+01
   1.8660000e+01   9.1967028e+01
   1.8665000e+01   8.7897293e+01
   1.8670000e+01   8.3628577e+01
   1.8675000e+01   7.9087829e+01
   1.8680000e+01   7.4329519e+01
   1.8685000e+01   6.9536634e+01
   1.8690000e+01   6.4891531e+01
   1.8695000e+01   6.0433698e+01
   1.8700000e+01   5.6048285e+01
   1.8705000e+01   5.1583826e+01
   1.8710000e+01   4.6963006e+01
   1.8715000e+01   4.2191616e+01
   1.8720000e+01   3.7322817e+01
   1.8725000e+01   3.2461436e+01
   1.8730000e+01   2.7781924e+01
   1.8735000e+01   2.3499010e+01
   1.8740000e+01   1.9791209e+01
   1.8745000e+01   1.6705781e+01
   1.8750000e+01   1.4096976e+01
   1.8755000e+01   1.1681612e+01
   1.8760000e+01   9.2145087e+00
   1.8765000e+01   6.6455133e+00
   1.8770000e+01   4.1274956e+00
   1.8775000e+01   1.8873694e+00
   1.8780000e+01   6.8229949e-02
   1.8785000e+01  -1.3684959e+00
   1.8790000e+01  -2.6515241e+00
   1.8795000e+01  -4.1090041e+00
   1.8800000e+01  -5.9919458e+00
   1.8805000e+01  -8.3078871e+00
   1.8810000e+01  -1.0791458e+01
   1.8815000e+01  -1.3031553e+01
   1.8820000e+01  -1.4659664e+01
   1.8825000e+01  -1.5495654e+01
   1.8830000e+01  -1.5597227e+01
   1.8835000e+01  -1.5207300e+01
   1.8840000e+01  -1.4634514e+01
   1.8845000e+01  -1.4123524e+01
   1.8850000e+01  -1.3766249e+01
   1.8855000e+01  -1.3493558e+01
   1.8860000e+01  -1.3156794e+01
   1.8865000e+01  -1.2640462e+01
   1.8870000e+01  -1.1916753e+01
   1.8875000e+01  -1.1020529e+01
   1.8880000e+01  -9.9989230e+00
   1.8885000e+01  -8.8852473e+00
   1.8890000e+01  -7.7025044e+00
   1.8895000e+01  -6.4770799e+00
   1.8900000e+01  -5.2456785e+00
   1.8905000e+01  -4.0552984e+00
   1.8910000e+01  -2.9703424e+00
   1.8915000e+01  -2.0916285e+00
   1.8920000e+01  -1.5649180e+00
   1.8925000e+01  -1.5506234e+00
   1.8930000e+01  -2.1636668e+00
   1.8935000e+01  -3.4379477e+00
   1.8940000e+01  -5.3418749e+00
   1.8945000e+01  -7.7899252e+00
   1.8950000e+01  -1.0615511e+01
   1.8955000e+01  -1.3575326e+01
   1.8960000e+01  -1.6446042e+01
   1.8965000e+01  -1.9152383e+01
   1.8970000e+01  -2.1813781e+01
   1.8975000e+01  -2.4676484e+01
   1.8980000e+01  -2.7996918e+01
   1.8985000e+01  -3.1937878e+01
   1.8990000e+01  -3.6486120e+01
   1.8995000e+01  -4.1422924e+01
   1.9000000e+01  -4.6400471e+01
   1.9005000e+01  -5.1089805e+01
   1.9010000e+01  -5.5300286e+01
   1.9015000e+01  -5.9023902e+01
   1.9020000e+01  -6.2414516e+01
   1.9025000e+01  -6.5712327e+01
   1.9030000e+01  -6.9135506e+01
   1.9035000e+01  -7.2789535e+01
   1.9040000e+01  -7.6637579e+01
   1.9045000e+01  -8.0531467e+01
   1.9050000e+01  -8.4272257e+01
   1.9055000e+01  -8.7681511e+01
   1.9060000e+01  -9.0676800e+01
   1.9065000e+01  -9.3317657e+01
   1.9070000e+01  -9.5773547e+01
   1.9075000e+01  -9.8214328e+01
   1.9080000e+01  -1.0069405e+02
   1.9085000e+01  -1.0311525e+02
   1.9090000e+01  -1.0529833e+02
   1.9095000e+01  -1.0709847e+02
   1.9100000e+01  -1.0848686e+02
   1.9105000e+01  -1.0954768e+02
   1.9110000e+01  -1.1040002e+02
   1.9115000e+01  -1.1110457e+02
   1.9120000e+01  -1.1162381e+02
   1.9125000e+01  -1.1185180e+02
   1.9130000e+01  -1.1168297e+02
   1.9135000e+01  -1.1109621e+02
   1.9140000e+01  -1.1021304e+02
   1.9145000e+01  -1.0925562e+02
   1.9150000e+01  -1.0841155e+02
   1.9155000e+01  -1.0772342e+02
   1.9160000e+01  -1.0707481e+02
   1.9165000e+01  -1.0624429e+02
   1.9170000e+01  -1.0500747e+02
   1.9175000e+01  -1.0328087e+02
   1.9180000e+01  -1.0123265e+02
   1.9185000e+01  -9.9243176e+01
   1.9190000e+01  -9.7695355e+01
   1.9195000e+01  -9.6747138e+01
   1.9200000e+01  -9.6271514e+01
   1.9205000e+01  -9.5986598e+01
   1.9210000e+01  -9.5650777e+01
   1.9215000e+01  -9.5190425e+01
   1.9220000e+01  -9.4686375e+01
   1.9225000e+01  -9.4243935e+01
   1.9230000e+01  -9.3884249e+01
   1.9235000e+01  -9.3567920e+01
   1.9240000e+01  -9.3289095e+01
   1.9245000e+01  -9.3095637e+01
   1.9250000e+01  -9.3004711e+01
   1.9255000e+01  -9.2934337e+01
   1.9260000e+01  -9.2759970e+01
   1.9265000e+01  -9.2440865e+01
   1.9270000e+01  -9.2069785e+01
   1.9275000e+01  -9.1790544e+01
   1.9280000e+01  -9.1665207e+01
   1.9285000e+01  -9.1613843e+01
   1.9290000e+01  -9.1479587e+01
   1.9295000e+01  -9.1157160e+01
   1.9300000e+01  -9.0665603e+01
   1.9305000e+01  -9.0114014e+01
   1.9310000e+01  -8.9619646e+01
   1.9315000e+01  -8.9246093e+01
   1.9320000e+01  -8.8967812e+01
   1.9325000e+01  -8.8657245e+01
   1.9330000e+01  -8.8124966e+01
   1.9335000e+01  -8.7228839e+01
   1.9340000e+01  -8.5977734e+01
   1.9345000e+01  -8.4515830e+01
   1.9350000e+01  -8.2992694e+01
   1.9355000e+01  -8.1459643e+01
   1.9360000e+01  -7.9897191e+01
   1.9365000e+01  -7.8315951e+01
   1.9370000e+01  -7.6786678e+01
   1.9375000e+01  -7.5357792e+01
   1.9380000e+01  -7.3963381e+01
   1.9385000e+01  -7.2418363e+01
   1.9390000e+01  -7.0502103e+01
   1.9395000e+01  -6.8076996e+01
   1.9400000e+01  -6.5160491e+01
   1.9405000e+01  -6.1883011e+01
   1.9410000e+01  -5.8367060e+01
   1.9415000e+01  -5.4643904e+01
   1.9420000e+01  -5.0672356e+01
   1.9425000e+01  -4.6420285e+01
   1.9430000e+01  -4.1933877e+01
   1.9435000e+01  -3.7356491e+01
   1.9440000e+01  -3.2896788e+01
   1.9445000e+01  -2.8750738e+01
   1.9450000e+01  -2.5002700e+01
   1.9455000e+01  -2.1575323e+01
   1.9460000e+01  -1.8285545e+01
   1.9465000e+01  -1.4977783e+01
   1.9470000e+01  -1.1635570e+01
   1.9475000e+01  -8.3946152e+00
   1.9480000e+01  -5.4660446e+00
   1.9485000e+01  -3.0283411e+00
   1.9490000e+01  -1.1331877e+00
   1.9495000e+01   3.3805531e-01
   1.9500000e+01   1.6216862e+00
   1.9505000e+01   2.9148206e+00
   1.9510000e+01   4.2231329e+00
   1.9515000e+01   5.3823440e+00
   1.9520000e+01   6.2393259e+00
   1.9525000e+01   6.7693531e+00
   1.9530000e+01   7.0315461e+00
   1.9535000e+01   7.0979717e+00
   1.9540000e+01   7.0542758e+00
   1.9545000e+01   7.0190954e+00
   1.9550000e+01   7.1216362e+00
   1.9555000e+01   7.4492004e+00
   1.9560000e+01   8.0084401e+00
   1.9565000e+01   8.7291298e+00
   1.9570000e+01   9.5117370e+00
   1.9575000e+01   1.0297191e+01
   1.9580000e+01   1.1117116e+01
   1.9585000e+01   1.2079527e+01
   1.9590000e+01   1.3284166e+01
   1.9595000e+01   1.4732091e+01
   1.9600000e+01   1.6324379e+01
   1.9605000e+01   1.7959480e+01
   1.9610000e+01   1.9620871e+01
   1.9615000e+01   2.1372132e+01
   1.9620000e+01   2.3296852e+01
   1.9625000e+01   2.5450626e+01
   1.9630000e+01   2.7840631e+01
   1.9635000e+01   3.0423245e+01
   1.9640000e+01   3.3116478e+01
   1.9645000e+01   3.5824574e+01
   1.9650000e+01   3.8465675e+01
   1.9655000e+01   4.0991186e+01
   1.9660000e+01   4.3390075e+01
   1.9665000e+01   4.5678939e+01
   1.9670000e+01   4.7882065e+01
   1.9675000e+01   5.0003109e+01
   1.9680000e+01   5.2000131e+01
   1.9685000e+01   5.3798037e+01
   1.9690000e+01   5.5351312e+01
   1.9695000e+01   5.6700591e+01
   1.9700000e+01   5.7946430e+01
   1.9705000e+01   5.9146831e+01
   1.9710000e+01   6.0249491e+01
   1.9715000e+01   6.1142768e+01
   1.9720000e+01   6.1753100e+01
   1.9725000e+01   6.2066140e+01
   1.9730000e+01   6.2083360e+01
   1.9735000e+01   6.1818978e+01
   1.9740000e+01   6.1359056e+01
   1.9745000e+01   6.0879595e+01
   1.9750000e+01   6.0547170e+01
   1.9755000e+01   6.0383365e+01
   1.9760000e+01   6.0233408e+01
   1.9765000e+01   5.9873581e+01
   1.9770000e+01   5.9182551e+01
   1.9775000e+01   5.8255435e+01
   1.9780000e+01   5.7346392e+01
   1.9785000e+01   5.6662947e+01
   1.9790000e+01   5.6210517e+01
   1.9795000e+01   5.5827945e+01
   1.9800000e+01   5.5335786e+01
   1.9805000e+01   5.4656340e+01
   1.9810000e+01   5.3853570e+01
   1.9815000e+01   5.3094033e+01
   1.9820000e+01   5.2544582e+01
   1.9825000e+01   5.2257631e+01
   1.9830000e+01   5.2118531e+01
   1.9835000e+01   5.1897203e+01
   1.9840000e+01   5.1371942e+01
   1.9845000e+01   5.0442832e+01
   1.9850000e+01   4.9168406e+01
   1.9855000e+01   4.7717415e+01
   1.9860000e+01   4.6280689e+01
   1.9865000e+01   4.5004610e+01
   1.9870000e+01   4.3967004e+01
   1.9875000e+01   4.3161488e+01
   1.9880000e+01   4.2485668e+01
   1.9885000e+01   4.1791480e+01
   1.9890000e+01   4.1000044e+01
   1.9895000e+01   4.0174785e+01
   1.9900000e+01   3.9468062e+01
   1.9905000e+01   3.8990332e+01
   1.9910000e+01   3.8732993e+01
   1.9915000e+01   3.8615769e+01
   1.9920000e+01   3.8596848e+01
   1.9925000e+01   3.8723957e+01
   1.9930000e+01   3.9079921e+01
   1.9935000e+01   3.9696052e+01
   1.9940000e+01   4.0519710e+01
   1.9945000e+01   4.1438241e+01
   1.9950000e+01   4.2326398e+01
   1.9955000e+01   4.3105016e+01
   1.9960000e+01   4.3786084e+01
   1.9965000e+01   4.4464801e+01
   1.9970000e+01   4.5255219e+01
   1.9975000e+01   4.6207338e+01
   1.9980000e+01   4.7255631e+01
   1.9985000e+01   4.8243469e+01
   1.9990000e+01   4.9023630e+01
   1.9995000e+01   4.9558276e+01
   2.0000000e+01   4.9921900e+01
   2.0005000e+01   5.0199066e+01
   2.0010000e+01   5.0388089e+01
   2.0015000e+01   5.0416549e+01
   2.0020000e+01   5.0220647e+01
   2.0025000e+01   4.9763031e+01
   2.0030000e+01   4.8980473e+01
   2.0035000e+01   4.7764230e+01
   2.0040000e+01   4.6023447e+01
   2.0045000e+01   4.3757110e+01
   2.0050000e+01   4.1041542e+01
   2.0055000e+01   3.7954798e+01
   2.0060000e+01   3.4532409e+01
   2.0065000e+01   3.0788255e+01
   2.0070000e+01   2.6751875e+01
   2.0075000e+01   2.2475725e+01
   2.0080000e+01   1.8025394e+01
   2.0085000e+01   1.3475255e+01
   2.0090000e+01   8.8862129e+00
   2.0095000e+01   4.2623952e+00
   2.0100000e+01  -4.5425356e-01
   2.0105000e+01  -5.3308461e+00
   2.0110000e+01  -1.0387092e+01
   2.0115000e+01  -1.5568793e+01
   2.0120000e+01  -2.0736653e+01
   2.0125000e+01  -2.5675345e+01
   2.0130000e+01  -3.0154834e+01
   2.0135000e+01  -3.4039899e+01
   2.0140000e+01  -3.7374426e+01
   2.0145000e+01  -4.0348503e+01
   2.0150000e+01  -4.3138035e+01
   2.0155000e+01  -4.5744469e+01
   2.0160000e+01  -4.7994753e+01
   2.0165000e+01  -4.9692369e+01
   2.0170000e+01  -5.0759897e+01
   2.0175000e+01  -5.1286510e+01
   2.0180000e+01  -5.1498206e+01
   2.0185000e+01  -5.1657551e+01
   2.0190000e+01  -5.1928739e+01
   2.0195000e+01  -5.2313946e+01
   2.0200000e+01  -5.2712724e+01
   2.0205000e+01  -5.3039633e+01
   2.0210000e+01  -5.3306819e+01
   2.0215000e+01  -5.3614310e+01
   2.0220000e+01  -5.4045598e+01
   2.0225000e+01  -5.4549814e+01
   2.0230000e+01  -5.4933338e+01
   2.0235000e+01  -5.4999316e+01
   2.0240000e+01  -5.4719150e+01
   2.0245000e+01  -5.4266592e+01
   2.0250000e+01  -5.3892384e+01
   2.0255000e+01  -5.3783022e+01
   2.0260000e+01  -5.4004557e+01
   2.0265000e+01  -5.4505578e+01
   2.0270000e+01  -5.5144093e+01
   2.0275000e+01  -5.5741688e+01
   2.0280000e+01  -5.6153971e+01
   2.0285000e+01  -5.6322581e+01
   2.0290000e+01  -5.6287802e+01
   2.0295000e+01  -5.6170039e+01
   2.0300000e+01  -5.6129400e+01
   2.0305000e+01  -5.6297070e+01
   2.0310000e+01  -5.6697472e+01
   2.0315000e+01  -5.7216530e+01
   2.0320000e+01  -5.7640628e+01
   2.0325000e+01  -5.7735341e+01
   2.0330000e+01  -5.7327211e+01
   2.0335000e+01  -5.6364891e+01
   2.0340000e+01  -5.4932426e+01
   2.0345000e+01  -5.3195701e+01
   2.0350000e+01  -5.1304664e+01
   2.0355000e+01  -4.9318414e+01
   2.0360000e+01  -4.7212517e+01
   2.0365000e+01  -4.4956735e+01
   2.0370000e+01  -4.2576806e+01
   2.0375000e+01  -4.0129379e+01
   2.0380000e+01  -3.7632887e+01
   2.0385000e+01  -3.5054652e+01
   2.0390000e+01  -3.2368925e+01
   2.0395000e+01  -2.9611907e+01
   2.0400000e+01  -2.6879475e+01
   2.0405000e+01  -2.4277508e+01
   2.0410000e+01  -2.1863107e+01
   2.0415000e+01  -1.9605124e+01
   2.0420000e+01  -1.7385841e+01
   2.0425000e+01  -1.5065844e+01
   2.0430000e+01  -1.2594625e+01
   2.0435000e+01  -1.0089582e+01
   2.0440000e+01  -7.8087367e+00
   2.0445000e+01  -6.0171295e+00
   2.0450000e+01  -4.8258621e+00
   2.0455000e+01  -4.1137357e+00
   2.0460000e+01  -3.5943819e+00
   2.0465000e+01  -2.9762608e+00
   2.0470000e+01  -2.0971961e+00
   2.0475000e+01  -9.7953743e-01
   2.0480000e+01   1.8325909e-01
   2.0485000e+01   1.1167108e+00
   2.0490000e+01   1.6175249e+00
   2.0495000e+01   1.6702027e+00
   2.0500000e+01   1.4326799e+00
   2.0505000e+01   1.1106947e+00
   2.0510000e+01   8.3760631e-01
   2.0515000e+01   6.4283713e-01
   2.0520000e+01   4.8633178e-01
   2.0525000e+01   3.0771345e-01
   2.0530000e+01   7.6511467e-02
   2.0535000e+01  -1.7140869e-01
   2.0540000e+01  -3.4185416e-01
   2.0545000e+01  -3.3495621e-01
   2.0550000e+01  -1.0328846e-01
   2.0555000e+01   3.2720650e-01
   2.0560000e+01   8.9167238e-01
   2.0565000e+01   1.5534331e+00
   2.0570000e+01   2.3443807e+00
   2.0575000e+01   3.3325615e+00
   2.0580000e+01   4.5356597e+00
   2.0585000e+01   5.8542572e+00
   2.0590000e+01   7.0889402e+00
   2.0595000e+01   8.0366637e+00
   2.0600000e+01   8.6025750e+00
   2.0605000e+01   8.8581838e+00
   2.0610000e+01   8.9996788e+00
   2.0615000e+01   9.2096207e+00
   2.0620000e+01   9.5128841e+00
   2.0625000e+01   9.7570321e+00
   2.0630000e+01   9.7559688e+00
   2.0635000e+01   9.4797684e+00
   2.0640000e+01   9.1107791e+00
   2.0645000e+01   8.9042957e+00
   2.0650000e+01   8.9772589e+00
   2.0655000e+01   9.2056148e+00
   2.0660000e+01   9.3076018e+00
   2.0665000e+01   9.0445609e+00
   2.0670000e+01   8.3918832e+00
   2.0675000e+01   7.5623021e+00
   2.0680000e+01   6.8774121e+00
   2.0685000e+01   6.5925777e+00
   2.0690000e+01   6.7970547e+00
   2.0695000e+01   7.4264812e+00
   2.0700000e+01   8.3311769e+00
   2.0705000e+01   9.3431702e+00
   2.0710000e+01   1.0328884e+01
   2.0715000e+01   1.1205553e+01
   2.0720000e+01   1.1911988e+01
   2.0725000e+01   1.2397313e+01
   2.0730000e+01   1.2667720e+01
   2.0735000e+01   1.2818684e+01
   2.0740000e+01   1.2985254e+01
   2.0745000e+01   1.3253387e+01
   2.0750000e+01   1.3613606e+01
   2.0755000e+01   1.3983626e+01
   2.0760000e+01   1.4269871e+01
   2.0765000e+01   1.4422147e+01
   2.0770000e+01   1.4452577e+01
   2.0775000e+01   1.4416577e+01
   2.0780000e+01   1.4369843e+01
   2.0785000e+01   1.4321451e+01
   2.0790000e+01   1.4216166e+01
   2.0795000e+01   1.3979285e+01
   2.0800000e+01   1.3608395e+01
   2.0805000e+01   1.3232958e+01
   2.0810000e+01   1.3067686e+01
   2.0815000e+01   1.3282975e+01
   2.0820000e+01   1.3907013e+01
   2.0825000e+01   1.4838729e+01
   2.0830000e+01   1.5939588e+01
   2.0835000e+01   1.7126096e+01
   2.0840000e+01   1.8402022e+01
   2.0845000e+01   1.9800653e+01
   2.0850000e+01   2.1285022e+01
   2.0855000e+01   2.2718077e+01
   2.0860000e+01   2.3944934e+01
   2.0865000e+01   2.4909114e+01
   2.0870000e+01   2.5706204e+01
   2.0875000e+01   2.6531876e+01
   2.0880000e+01   2.7547148e+01
   2.0885000e+01   2.8767180e+01
   2.0890000e+01   3.0080370e+01
   2.0895000e+01   3.1361236e+01
   2.0900000e+01   3.2547506e+01
   2.0905000e+01   3.3635618e+01
   2.0910000e+01   3.4652350e+01
   2.0915000e+01   3.5643904e+01
   2.0920000e+01   3.6651021e+01
   2.0925000e+01   3.7650567e+01
   2.0930000e+01   3.8526513e+01
   2.0935000e+01   3.9115764e+01
   2.0940000e+01   3.9283186e+01
   2.0945000e+01   3.8993080e+01
   2.0950000e+01   3.8373857e+01
   2.0955000e+01   3.7702110e+01
   2.0960000e+01   3.7250938e+01
   2.0965000e+01   3.7106999e+01
   2.0970000e+01   3.7107678e+01
   2.0975000e+01   3.6933259e+01
   2.0980000e+01   3.6288099e+01
   2.0985000e+01   3.5064660e+01
   2.0990000e+01   3.3386682e+01
   2.0995000e+01   3.1516861e+01
   2.1000000e+01   2.9726085e+01
   2.1005000e+01   2.8221565e+01
   2.1010000e+01   2.7136223e+01
   2.1015000e+01   2.6519268e+01
   2.1020000e+01   2.6305493e+01
   2.1025000e+01   2.6310206e+01
   2.1030000e+01   2.6290587e+01
   2.1035000e+01   2.6047119e+01
   2.1040000e+01   2.5503378e+01
   2.1045000e+01   2.4727808e+01
   2.1050000e+01   2.3899344e+01
   2.1055000e+01   2.3227679e+01
   2.1060000e+01   2.2847255e+01
   2.1065000e+01   2.2739435e+01
   2.1070000e+01   2.2741800e+01
   2.1075000e+01   2.2641482e+01
   2.1080000e+01   2.2287593e+01
   2.1085000e+01   2.1658575e+01
   2.1090000e+01   2.0865444e+01
   2.1095000e+01   2.0096492e+01
   2.1100000e+01   1.9510683e+01
   2.1105000e+01   1.9136594e+01
   2.1110000e+01   1.8873953e+01
   2.1115000e+01   1.8598060e+01
   2.1120000e+01   1.8250178e+01
   2.1125000e+01   1.7837786e+01
   2.1130000e+01   1.7375883e+01
   2.1135000e+01   1.6836066e+01
   2.1140000e+01   1.6157773e+01
   2.1145000e+01   1.5318628e+01
   2.1150000e+01   1.4364750e+01
   2.1155000e+01   1.3332500e+01
   2.1160000e+01   1.2161108e+01
   2.1165000e+01   1.0723965e+01
   2.1170000e+01   8.9468726e+00
   2.1175000e+01   6.8902960e+00
   2.1180000e+01   4.7374105e+00
   2.1185000e+01   2.7178278e+00
   2.1190000e+01   1.0103922e+00
   2.1195000e+01  -3.4625703e-01
   2.1200000e+01  -1.4756905e+00
   2.1205000e+01  -2.5697395e+00
   2.1210000e+01  -3.7493106e+00
   2.1215000e+01  -5.0025009e+00
   2.1220000e+01  -6.2218139e+00
   2.1225000e+01  -7.2843915e+00
   2.1230000e+01  -8.1288076e+00
   2.1235000e+01  -8.7847139e+00
   2.1240000e+01  -9.3284825e+00
   2.1245000e+01  -9.8076381e+00
   2.1250000e+01  -1.0206530e+01
   2.1255000e+01  -1.0473043e+01
   2.1260000e+01  -1.0569571e+01
   2.1265000e+01  -1.0500413e+01
   2.1270000e+01  -1.0295472e+01
   2.1275000e+01  -9.9834405e+00
   2.1280000e+01  -9.6060940e+00
   2.1285000e+01  -9.2550624e+00
   2.1290000e+01  -9.0560563e+00
   2.1295000e+01  -9.0912178e+00
   2.1300000e+01  -9.3353925e+00
   2.1305000e+01  -9.6601333e+00
   2.1310000e+01  -9.8789608e+00
   2.1315000e+01  -9.7909072e+00
   2.1320000e+01  -9.2424499e+00
   2.1325000e+01  -8.2389681e+00
   2.1330000e+01  -7.0383641e+00
   2.1335000e+01  -6.0929488e+00
   2.1340000e+01  -5.8001957e+00
   2.1345000e+01  -6.2201315e+00
   2.1350000e+01  -7.0044601e+00
   2.1355000e+01  -7.6269658e+00
   2.1360000e+01  -7.7411643e+00
   2.1365000e+01  -7.3795155e+00
   2.1370000e+01  -6.8632189e+00
   2.1375000e+01  -6.5434151e+00
   2.1380000e+01  -6.5863496e+00
   2.1385000e+01  -6.9157175e+00
   2.1390000e+01  -7.2900943e+00
   2.1395000e+01  -7.4400376e+00
   2.1400000e+01  -7.2039826e+00
   2.1405000e+01  -6.6098361e+00
   2.1410000e+01  -5.8564621e+00
   2.1415000e+01  -5.2019411e+00
   2.1420000e+01  -4.8240643e+00
   2.1425000e+01  -4.7310900e+00
   2.1430000e+01  -4.7814348e+00
   2.1435000e+01  -4.8112323e+00
   2.1440000e+01  -4.7680665e+00
   2.1445000e+01  -4.7297994e+00
   2.1450000e+01  -4.8083769e+00
   2.1455000e+01  -5.0450430e+00
   2.1460000e+01  -5.3802288e+00
   2.1465000e+01  -5.6994773e+00
   2.1470000e+01  -5.9103517e+00
   2.1475000e+01  -6.0080757e+00
   2.1480000e+01  -6.1002312e+00
   2.1485000e+01  -6.3658441e+00
   2.1490000e+01  -6.9525324e+00
   2.1495000e+01  -7.8676760e+00
   2.1500000e+01  -8.9439948e+00
   2.1505000e+01  -9.9246410e+00
   2.1510000e+01  -1.0631927e+01
   2.1515000e+01  -1.1097016e+01
   2.1520000e+01  -1.1530167e+01
   2.1525000e+01  -1.2162734e+01
   2.1530000e+01  -1.3110647e+01
   2.1535000e+01  -1.4320522e+01
   2.1540000e+01  -1.5564736e+01
   2.1545000e+01  -1.6510299e+01
   2.1550000e+01  -1.6891627e+01
   2.1555000e+01  -1.6691510e+01
   2.1560000e+01  -1.6183467e+01
   2.1565000e+01  -1.5789135e+01
   2.1570000e+01  -1.5838232e+01
   2.1575000e+01  -1.6383610e+01
   2.1580000e+01  -1.7187147e+01
   2.1585000e+01  -1.7874542e+01
   2.1590000e+01  -1.8146031e+01
   2.1595000e+01  -1.7913084e+01
   2.1600000e+01  -1.7301733e+01
   2.1605000e+01  -1.6550621e+01
   2.1610000e+01  -1.5879995e+01
   2.1615000e+01  -1.5399359e+01
   2.1620000e+01  -1.5078164e+01
   2.1625000e+01  -1.4779649e+01
   2.1630000e+01  -1.4357895e+01
   2.1635000e+01  -1.3769252e+01
   2.1640000e+01  -1.3093926e+01
   2.1645000e+01  -1.2445167e+01
   2.1650000e+01  -1.1875363e+01
   2.1655000e+01  -1.1365469e+01
   2.1660000e+01  -1.0860980e+01
   2.1665000e+01  -1.0282662e+01
   2.1670000e+01  -9.5222512e+00
   2.1675000e+01  -8.4846787e+00
   2.1680000e+01  -7.1550679e+00
   2.1685000e+01  -5.6061565e+00
   2.1690000e+01  -3.9545419e+00
   2.1695000e+01  -2.3346472e+00
   2.1700000e+01  -8.8014220e-01
   2.1705000e+01   3.2681406e-01
   2.1710000e+01   1.2978272e+00
   2.1715000e+01   2.1008288e+00
   2.1720000e+01   2.7651655e+00
   2.1725000e+01   3.2464124e+00
   2.1730000e+01   3.5001403e+00
   2.1735000e+01   3.5639457e+00
   2.1740000e+01   3.5469321e+00
   2.1745000e+01   3.5519505e+00
   2.1750000e+01   3.6159438e+00
   2.1755000e+01   3.7156501e+00
   2.1760000e+01   3.8219975e+00
   2.1765000e+01   3.9355617e+00
   2.1770000e+01   4.0499505e+00
   2.1775000e+01   4.0856591e+00
   2.1780000e+01   3.8976567e+00
   2.1785000e+01   3.3861612e+00
   2.1790000e+01   2.6004145e+00
   2.1795000e+01   1.6996809e+00
   2.1800000e+01   7.9935186e-01
   2.1805000e+01  -1.2996202e-01
   2.1810000e+01  -1.2247546e+00
   2.1815000e+01  -2.6062611e+00
   2.1820000e+01  -4.2513285e+00
   2.1825000e+01  -5.9443291e+00
   2.1830000e+01  -7.3895924e+00
   2.1835000e+01  -8.4102986e+00
   2.1840000e+01  -9.0426896e+00
   2.1845000e+01  -9.4664763e+00
   2.1850000e+01  -9.8828713e+00
   2.1855000e+01  -1.0435893e+01
   2.1860000e+01  -1.1185209e+01
   2.1865000e+01  -1.2112381e+01
   2.1870000e+01  -1.3147793e+01
   2.1875000e+01  -1.4201750e+01
   2.1880000e+01  -1.5178796e+01
   2.1885000e+01  -1.5973774e+01
   2.1890000e+01  -1.6478305e+01
   2.1895000e+01  -1.6616770e+01
   2.1900000e+01  -1.6385573e+01
   2.1905000e+01  -1.5850303e+01
   2.1910000e+01  -1.5092211e+01
   2.1915000e+01  -1.4149186e+01
   2.1920000e+01  -1.2998110e+01
   2.1925000e+01  -1.1581026e+01
   2.1930000e+01  -9.8613581e+00
   2.1935000e+01  -7.8925011e+00
   2.1940000e+01  -5.8361621e+00
   2.1945000e+01  -3.8825272e+00
   2.1950000e+01  -2.1484900e+00
   2.1955000e+01  -6.6076805e-01
   2.1960000e+01   5.9933206e-01
   2.1965000e+01   1.6739183e+00
   2.1970000e+01   2.6327695e+00
   2.1975000e+01   3.5521513e+00
   2.1980000e+01   4.4598950e+00
   2.1985000e+01   5.2998517e+00
   2.1990000e+01   5.9666108e+00
   2.1995000e+01   6.3981150e+00
   2.2000000e+01   6.6544248e+00
   2.2005000e+01   6.9099341e+00
   2.2010000e+01   7.3485871e+00
   2.2015000e+01   8.0322345e+00
   2.2020000e+01   8.8435153e+00
   2.2025000e+01   9.5493248e+00
   2.2030000e+01   9.9357860e+00
   2.2035000e+01   9.9203057e+00
   2.2040000e+01   9.5778533e+00
   2.2045000e+01   9.0827660e+00
   2.2050000e+01   8.6140417e+00
   2.2055000e+01   8.2798817e+00
   2.2060000e+01   8.0933069e+00
   2.2065000e+01   7.9969052e+00
   2.2070000e+01   7.9113162e+00
   2.2075000e+01   7.7746472e+00
   2.2080000e+01   7.5469717e+00
   2.2085000e+01   7.1833082e+00
   2.2090000e+01   6.6161932e+00
   2.2095000e+01   5.7864556e+00
   2.2100000e+01   4.7097266e+00
   2.2105000e+01   3.5194279e+00
   2.2110000e+01   2.4344523e+00
   2.2115000e+01   1.6609454e+00
   2.2120000e+01   1.2937984e+00
   2.2125000e+01   1.2808363e+00
   2.2130000e+01   1.4638712e+00
   2.2135000e+01   1.6630818e+00
   2.2140000e+01   1.7542256e+00
   2.2145000e+01   1.7031297e+00
   2.2150000e+01   1.5525372e+00
   2.2155000e+01   1.3851120e+00
   2.2160000e+01   1.2946825e+00
   2.2165000e+01   1.3699120e+00
   2.2170000e+01   1.6668430e+00
   2.2175000e+01   2.1769460e+00
   2.2180000e+01   2.8346576e+00
   2.2185000e+01   3.5694255e+00
   2.2190000e+01   4.3467550e+00
   2.2195000e+01   5.1562129e+00
   2.2200000e+01   5.9783831e+00
   2.2205000e+01   6.7954909e+00
   2.2210000e+01   7.6380838e+00
   2.2215000e+01   8.5881833e+00
   2.2220000e+01   9.7129339e+00
   2.2225000e+01   1.0996038e+01
   2.2230000e+01   1.2332687e+01
   2.2235000e+01   1.3586114e+01
   2.2240000e+01   1.4658578e+01
   2.2245000e+01   1.5531319e+01
   2.2250000e+01   1.6253559e+01
   2.2255000e+01   1.6886310e+01
   2.2260000e+01   1.7435029e+01
   2.2265000e+01   1.7828854e+01
   2.2270000e+01   1.7984102e+01
   2.2275000e+01   1.7911942e+01
   2.2280000e+01   1.7752911e+01
   2.2285000e+01   1.7669427e+01
   2.2290000e+01   1.7703211e+01
   2.2295000e+01   1.7748699e+01
   2.2300000e+01   1.7625114e+01
   2.2305000e+01   1.7156896e+01
   2.2310000e+01   1.6263910e+01
   2.2315000e+01   1.5048665e+01
   2.2320000e+01   1.3785514e+01
   2.2325000e+01   1.2789122e+01
   2.2330000e+01   1.2250709e+01
   2.2335000e+01   1.2123140e+01
   2.2340000e+01   1.2121620e+01
   2.2345000e+01   1.1887704e+01
   2.2350000e+01   1.1216468e+01
   2.2355000e+01   1.0150421e+01
   2.2360000e+01   8.8942076e+00
   2.2365000e+01   7.6756885e+00
   2.2370000e+01   6.6583298e+00
   2.2375000e+01   5.9224063e+00
   2.2380000e+01   5.4949378e+00
   2.2385000e+01   5.3886024e+00
   2.2390000e+01   5.6054850e+00
   2.2395000e+01   6.0952217e+00
   2.2400000e+01   6.7043518e+00
   2.2405000e+01   7.1756030e+00
   2.2410000e+01   7.2322808e+00
   2.2415000e+01   6.7137087e+00
   2.2420000e+01   5.6605905e+00
   2.2425000e+01   4.2788264e+00
   2.2430000e+01   2.8225588e+00
   2.2435000e+01   1.4783624e+00
   2.2440000e+01   2.8315596e-01
   2.2445000e+01  -9.0247342e-01
   2.2450000e+01  -2.3255611e+00
   2.2455000e+01  -4.1853747e+00
   2.2460000e+01  -6.4847298e+00
   2.2465000e+01  -9.0009707e+00
   2.2470000e+01  -1.1409938e+01
   2.2475000e+01  -1.3474523e+01
   2.2480000e+01  -1.5146937e+01
   2.2485000e+01  -1.6513136e+01
   2.2490000e+01  -1.7669712e+01
   2.2495000e+01  -1.8667215e+01
   2.2500000e+01  -1.9537879e+01
   2.2505000e+01  -2.0334597e+01
   2.2510000e+01  -2.1127747e+01
   2.2515000e+01  -2.1959380e+01
   2.2520000e+01  -2.2796266e+01
   2.2525000e+01  -2.3539417e+01
   2.2530000e+01  -2.4093943e+01
   2.2535000e+01  -2.4427754e+01
   2.2540000e+01  -2.4565162e+01
   2.2545000e+01  -2.4538992e+01
   2.2550000e+01  -2.4348356e+01
   2.2555000e+01  -2.3954925e+01
   2.2560000e+01  -2.3338750e+01
   2.2565000e+01  -2.2576247e+01
   2.2570000e+01  -2.1845027e+01
   2.2575000e+01  -2.1326060e+01
   2.2580000e+01  -2.1098391e+01
   2.2585000e+01  -2.1134065e+01
   2.2590000e+01  -2.1373870e+01
   2.2595000e+01  -2.1761979e+01
   2.2600000e+01  -2.2206105e+01
   2.2605000e+01  -2.2572209e+01
   2.2610000e+01  -2.2769374e+01
   2.2615000e+01  -2.2833799e+01
   2.2620000e+01  -2.2917385e+01
   2.2625000e+01  -2.3192640e+01
   2.2630000e+01  -2.3751422e+01
   2.2635000e+01  -2.4562210e+01
   2.2640000e+01  -2.5499788e+01
   2.2645000e+01  -2.6415576e+01
   2.2650000e+01  -2.7197770e+01
   2.2655000e+01  -2.7786054e+01
   2.2660000e+01  -2.8153913e+01
   2.2665000e+01  -2.8302091e+01
   2.2670000e+01  -2.8267491e+01
   2.2675000e+01  -2.8109001e+01
   2.2680000e+01  -2.7866131e+01
   2.2685000e+01  -2.7533389e+01
   2.2690000e+01  -2.7075845e+01
   2.2695000e+01  -2.6467669e+01
   2.2700000e+01  -2.5720899e+01
   2.2705000e+01  -2.4886590e+01
   2.2710000e+01  -2.4032305e+01
   2.2715000e+01  -2.3209995e+01
   2.2720000e+01  -2.2420064e+01
   2.2725000e+01  -2.1578332e+01
   2.2730000e+01  -2.0528185e+01
   2.2735000e+01  -1.9139126e+01
   2.2740000e+01  -1.7435867e+01
   2.2745000e+01  -1.5634587e+01
   2.2750000e+01  -1.4039034e+01
   2.2755000e+01  -1.2868391e+01
   2.2760000e+01  -1.2127932e+01
   2.2765000e+01  -1.1598294e+01
   2.2770000e+01  -1.0953335e+01
   2.2775000e+01  -9.9448994e+00
   2.2780000e+01  -8.5421106e+00
   2.2785000e+01  -6.9283125e+00
   2.2790000e+01  -5.3668074e+00
   2.2795000e+01  -4.0517483e+00
   2.2800000e+01  -3.0359328e+00
   2.2805000e+01  -2.2388409e+00
   2.2810000e+01  -1.5103276e+00
   2.2815000e+01  -7.1282516e-01
   2.2820000e+01   2.3851962e-01
   2.2825000e+01   1.3833998e+00
   2.2830000e+01   2.7145206e+00
   2.2835000e+01   4.1726727e+00
   2.2840000e+01   5.6965320e+00
   2.2845000e+01   7.2947524e+00
   2.2850000e+01   9.0444478e+00
   2.2855000e+01   1.1000864e+01
   2.2860000e+01   1.3105349e+01
   2.2865000e+01   1.5185012e+01
   2.2870000e+01   1.7055909e+01
   2.2875000e+01   1.8644846e+01
   2.2880000e+01   2.0020884e+01
   2.2885000e+01   2.1314127e+01
   2.2890000e+01   2.2605839e+01
   2.2895000e+01   2.3881238e+01
   2.2900000e+01   2.5061760e+01
   2.2905000e+01   2.6070239e+01
   2.2910000e+01   2.6870059e+01
   2.2915000e+01   2.7456096e+01
   2.2920000e+01   2.7832977e+01
   2.2925000e+01   2.8019956e+01
   2.2930000e+01   2.8055122e+01
   2.2935000e+01   2.7942375e+01
   2.2940000e+01   2.7564870e+01
   2.2945000e+01   2.6688115e+01
   2.2950000e+01   2.5119414e+01
   2.2955000e+01   2.2888027e+01
   2.2960000e+01   2.0262065e+01
   2.2965000e+01   1.7614943e+01
   2.2970000e+01   1.5275647e+01
   2.2975000e+01   1.3424878e+01
   2.2980000e+01   1.2045704e+01
   2.2985000e+01   1.0951405e+01
   2.2990000e+01   9.8876615e+00
   2.2995000e+01   8.6539950e+00
   2.3000000e+01   7.1825949e+00
   2.3005000e+01   5.5530785e+00
   2.3010000e+01   3.9558334e+00
   2.3015000e+01   2.6171141e+00
   2.3020000e+01   1.6986749e+00
   2.3025000e+01   1.2098544e+00
   2.3030000e+01   9.9361518e-01
   2.3035000e+01   8.2110596e-01
   2.3040000e+01   5.4725983e-01
   2.3045000e+01   2.1279238e-01
   2.3050000e+01   3.2068204e-03
   2.3055000e+01   9.2648901e-02
   2.3060000e+01   5.0585479e-01
   2.3065000e+01   1.1128971e+00
   2.3070000e+01   1.7476581e+00
   2.3075000e+01   2.3358096e+00
   2.3080000e+01   2.9232192e+00
   2.3085000e+01   3.5980149e+00
   2.3090000e+01   4.4042273e+00
   2.3095000e+01   5.3348405e+00
   2.3100000e+01   6.3676937e+00
   2.3105000e+01   7.4617184e+00
   2.3110000e+01   8.5355830e+00
   2.3115000e+01   9.4980130e+00
   2.3120000e+01   1.0308769e+01
   2.3125000e+01   1.0992931e+01
   2.3130000e+01   1.1593062e+01
   2.3135000e+01   1.2123791e+01
   2.3140000e+01   1.2576340e+01
   2.3145000e+01   1.2940916e+01
   2.3150000e+01   1.3204162e+01
   2.3155000e+01   1.3332090e+01
   2.3160000e+01   1.3261538e+01
   2.3165000e+01   1.2904744e+01
   2.3170000e+01   1.2176935e+01
   2.3175000e+01   1.1053918e+01
   2.3180000e+01   9.6271605e+00
   2.3185000e+01   8.0947212e+00
   2.3190000e+01   6.6711392e+00
   2.3195000e+01   5.4870357e+00
   2.3200000e+01   4.5546330e+00
   2.3205000e+01   3.7950903e+00
   2.3210000e+01   3.0920437e+00
   2.3215000e+01   2.3583945e+00
   2.3220000e+01   1.5908628e+00
   2.3225000e+01   8.7100893e-01
   2.3230000e+01   3.1175263e-01
   2.3235000e+01  -6.6775808e-04
   2.3240000e+01  -2.3798831e-02
   2.3245000e+01   2.5830786e-01
   2.3250000e+01   8.4757573e-01
   2.3255000e+01   1.7199677e+00
   2.3260000e+01   2.8005141e+00
   2.3265000e+01   3.9532808e+00
   2.3270000e+01   5.0245401e+00
   2.3275000e+01   5.9390740e+00
   2.3280000e+01   6.7633640e+00
   2.3285000e+01   7.6529641e+00
   2.3290000e+01   8.7202694e+00
   2.3295000e+01   9.9229834e+00
   2.3300000e+01   1.1041430e+01
   2.3305000e+01   1.1779153e+01
   2.3310000e+01   1.1951228e+01
   2.3315000e+01   1.1615513e+01
   2.3320000e+01   1.1027459e+01
   2.3325000e+01   1.0465170e+01
   2.3330000e+01   1.0063327e+01
   2.3335000e+01   9.7546485e+00
   2.3340000e+01   9.3425097e+00
   2.3345000e+01   8.6412768e+00
   2.3350000e+01   7.5685587e+00
   2.3355000e+01   6.1496531e+00
   2.3360000e+01   4.4915053e+00
   2.3365000e+01   2.7437646e+00
   2.3370000e+01   1.0223733e+00
   2.3375000e+01  -6.5020755e-01
   2.3380000e+01  -2.3087037e+00
   2.3385000e+01  -3.9494435e+00
   2.3390000e+01  -5.4978025e+00
   2.3395000e+01  -6.8811759e+00
   2.3400000e+01  -8.1012769e+00
   2.3405000e+01  -9.2017421e+00
   2.3410000e+01  -1.0182741e+01
   2.3415000e+01  -1.0984104e+01
   2.3420000e+01  -1.1557425e+01
   2.3425000e+01  -1.1931392e+01
   2.3430000e+01  -1.2185094e+01
   2.3435000e+01  -1.2361077e+01
   2.3440000e+01  -1.2435675e+01
   2.3445000e+01  -1.2402411e+01
   2.3450000e+01  -1.2363249e+01
   2.3455000e+01  -1.2487488e+01
   2.3460000e+01  -1.2868788e+01
   2.3465000e+01  -1.3441984e+01
   2.3470000e+01  -1.4041374e+01
   2.3475000e+01  -1.4524855e+01
   2.3480000e+01  -1.4841987e+01
   2.3485000e+01  -1.5011368e+01
   2.3490000e+01  -1.5064554e+01
   2.3495000e+01  -1.5017861e+01
   2.3500000e+01  -1.4889319e+01
   2.3505000e+01  -1.4735163e+01
   2.3510000e+01  -1.4652998e+01
   2.3515000e+01  -1.4730072e+01
   2.3520000e+01  -1.4988880e+01
   2.3525000e+01  -1.5383748e+01
   2.3530000e+01  -1.5832419e+01
   2.3535000e+01  -1.6252317e+01
   2.3540000e+01  -1.6601775e+01
   2.3545000e+01  -1.6911983e+01
   2.3550000e+01  -1.7275825e+01
   2.3555000e+01  -1.7792884e+01
   2.3560000e+01  -1.8510089e+01
   2.3565000e+01  -1.9396871e+01
   2.3570000e+01  -2.0363501e+01
   2.3575000e+01  -2.1299213e+01
   2.3580000e+01  -2.2096773e+01
   2.3585000e+01  -2.2656202e+01
   2.3590000e+01  -2.2896048e+01
   2.3595000e+01  -2.2796057e+01
   2.3600000e+01  -2.2447430e+01
   2.3605000e+01  -2.2051598e+01
   2.3610000e+01  -2.1835162e+01
   2.3615000e+01  -2.1920573e+01
   2.3620000e+01  -2.2242305e+01
   2.3625000e+01  -2.2579634e+01
   2.3630000e+01  -2.2697773e+01
   2.3635000e+01  -2.2500088e+01
   2.3640000e+01  -2.2074106e+01
   2.3645000e+01  -2.1609189e+01
   2.3650000e+01  -2.1275830e+01
   2.3655000e+01  -2.1147777e+01
   2.3660000e+01  -2.1172343e+01
   2.3665000e+01  -2.1179407e+01
   2.3670000e+01  -2.0949502e+01
   2.3675000e+01  -2.0342809e+01
   2.3680000e+01  -1.9409118e+01
   2.3685000e+01  -1.8374879e+01
   2.3690000e+01  -1.7514088e+01
   2.3695000e+01  -1.7003996e+01
   2.3700000e+01  -1.6834498e+01
   2.3705000e+01  -1.6801222e+01
   2.3710000e+01  -1.6604111e+01
   2.3715000e+01  -1.6003599e+01
   2.3720000e+01  -1.4932457e+01
   2.3725000e+01  -1.3520238e+01
   2.3730000e+01  -1.2037973e+01
   2.3735000e+01  -1.0764681e+01
   2.3740000e+01  -9.8339647e+00
   2.3745000e+01  -9.1762240e+00
   2.3750000e+01  -8.5899649e+00
   2.3755000e+01  -7.8730247e+00
   2.3760000e+01  -6.9485940e+00
   2.3765000e+01  -5.9365896e+00
   2.3770000e+01  -5.1071092e+00
   2.3775000e+01  -4.7047537e+00
   2.3780000e+01  -4.7582675e+00
   2.3785000e+01  -5.0460580e+00
   2.3790000e+01  -5.2492459e+00
   2.3795000e+01  -5.1411166e+00
   2.3800000e+01  -4.6893073e+00
   2.3805000e+01  -4.0648720e+00
   2.3810000e+01  -3.5437862e+00
   2.3815000e+01  -3.3117144e+00
   2.3820000e+01  -3.3213918e+00
   2.3825000e+01  -3.3395261e+00
   2.3830000e+01  -3.1270379e+00
   2.3835000e+01  -2.5920954e+00
   2.3840000e+01  -1.8206795e+00
   2.3845000e+01  -9.9556486e-01
   2.3850000e+01  -2.7024369e-01
   2.3855000e+01   3.2668220e-01
   2.3860000e+01   8.9551636e-01
   2.3865000e+01   1.5765282e+00
   2.3870000e+01   2.4496370e+00
   2.3875000e+01   3.5002493e+00
   2.3880000e+01   4.6443105e+00
   2.3885000e+01   5.7756457e+00
   2.3890000e+01   6.8191753e+00
   2.3895000e+01   7.7586561e+00
   2.3900000e+01   8.6096589e+00
   2.3905000e+01   9.3691776e+00
   2.3910000e+01   9.9991475e+00
   2.3915000e+01   1.0458770e+01
   2.3920000e+01   1.0760908e+01
   2.3925000e+01   1.1012317e+01
   2.3930000e+01   1.1395880e+01
   2.3935000e+01   1.2089465e+01
   2.3940000e+01   1.3162660e+01
   2.3945000e+01   1.4493849e+01
   2.3950000e+01   1.5762520e+01
   2.3955000e+01   1.6597725e+01
   2.3960000e+01   1.6836531e+01
   2.3965000e+01   1.6660668e+01
   2.3970000e+01   1.6472136e+01
   2.3975000e+01   1.6640805e+01
   2.3980000e+01   1.7331611e+01
   2.3985000e+01   1.8491163e+01
   2.3990000e+01   1.9949493e+01
   2.3995000e+01   2.1530318e+01
   2.4000000e+01   2.3081451e+01
   2.4005000e+01   2.4444877e+01
   2.4010000e+01   2.5465508e+01
   2.4015000e+01   2.6080315e+01
   2.4020000e+01   2.6399007e+01
   2.4025000e+01   2.6653908e+01
   2.4030000e+01   2.7031704e+01
   2.4035000e+01   2.7537590e+01
   2.4040000e+01   2.8006430e+01
   2.4045000e+01   2.8239380e+01
   2.4050000e+01   2.8160689e+01
   2.4055000e+01   2.7889484e+01
   2.4060000e+01   2.7677646e+01
   2.4065000e+01   2.7752505e+01
   2.4070000e+01   2.8181036e+01
   2.4075000e+01   2.8865478e+01
   2.4080000e+01   2.9649779e+01
   2.4085000e+01   3.0404696e+01
   2.4090000e+01   3.1027075e+01
   2.4095000e+01   3.1420661e+01
   2.4100000e+01   3.1529544e+01
   2.4105000e+01   3.1400828e+01
   2.4110000e+01   3.1202636e+01
   2.4115000e+01   3.1170945e+01
   2.4120000e+01   3.1524979e+01
   2.4125000e+01   3.2392006e+01
   2.4130000e+01   3.3748880e+01
   2.4135000e+01   3.5389749e+01
   2.4140000e+01   3.6964463e+01
   2.4145000e+01   3.8122159e+01
   2.4150000e+01   3.8702475e+01
   2.4155000e+01   3.8837155e+01
   2.4160000e+01   3.8866450e+01
   2.4165000e+01   3.9120540e+01
   2.4170000e+01   3.9727531e+01
   2.4175000e+01   4.0572700e+01
   2.4180000e+01   4.1399471e+01
   2.4185000e+01   4.1951744e+01
   2.4190000e+01   4.2075956e+01
   2.4195000e+01   4.1761805e+01
   2.4200000e+01   4.1111938e+01
   2.4205000e+01   4.0245333e+01
   2.4210000e+01   3.9211553e+01
   2.4215000e+01   3.7999154e+01
   2.4220000e+01   3.6612212e+01
   2.4225000e+01   3.5122028e+01
   2.4230000e+01   3.3645514e+01
   2.4235000e+01   3.2268142e+01
   2.4240000e+01   3.0968583e+01
   2.4245000e+01   2.9612428e+01
   2.4250000e+01   2.8039699e+01
   2.4255000e+01   2.6188381e+01
   2.4260000e+01   2.4147924e+01
   2.4265000e+01   2.2085274e+01
   2.4270000e+01   2.0101454e+01
   2.4275000e+01   1.8146006e+01
   2.4280000e+01   1.6067398e+01
   2.4285000e+01   1.3753494e+01
   2.4290000e+01   1.1242204e+01
   2.4295000e+01   8.7248405e+00
   2.4300000e+01   6.4398239e+00
   2.4305000e+01   4.5069144e+00
   2.4310000e+01   2.8268750e+00
   2.4315000e+01   1.1668192e+00
   2.4320000e+01  -6.3539444e-01
   2.4325000e+01  -2.5463768e+00
   2.4330000e+01  -4.3783098e+00
   2.4335000e+01  -5.9323036e+00
   2.4340000e+01  -7.1417314e+00
   2.4345000e+01  -8.1049834e+00
   2.4350000e+01  -8.9680534e+00
   2.4355000e+01  -9.7872570e+00
   2.4360000e+01  -1.0520133e+01
   2.4365000e+01  -1.1110321e+01
   2.4370000e+01  -1.1543868e+01
   2.4375000e+01  -1.1837980e+01
   2.4380000e+01  -1.1997083e+01
   2.4385000e+01  -1.1983839e+01
   2.4390000e+01  -1.1742009e+01
   2.4395000e+01  -1.1253553e+01
   2.4400000e+01  -1.0562594e+01
   2.4405000e+01  -9.7410021e+00
   2.4410000e+01  -8.8463993e+00
   2.4415000e+01  -7.9250226e+00
   2.4420000e+01  -7.0478705e+00
   2.4425000e+01  -6.3211568e+00
   2.4430000e+01  -5.8346295e+00
   2.4435000e+01  -5.5857253e+00
   2.4440000e+01  -5.4660650e+00
   2.4445000e+01  -5.3488830e+00
   2.4450000e+01  -5.2080347e+00
   2.4455000e+01  -5.1536019e+00
   2.4460000e+01  -5.3467855e+00
   2.4465000e+01  -5.8802958e+00
   2.4470000e+01  -6.7342371e+00
   2.4475000e+01  -7.8221809e+00
   2.4480000e+01  -9.0678123e+00
   2.4485000e+01  -1.0456292e+01
   2.4490000e+01  -1.2023039e+01
   2.4495000e+01  -1.3775952e+01
   2.4500000e+01  -1.5613287e+01
   2.4505000e+01  -1.7331751e+01
   2.4510000e+01  -1.8753996e+01
   2.4515000e+01  -1.9879881e+01
   2.4520000e+01  -2.0911467e+01
   2.4525000e+01  -2.2098054e+01
   2.4530000e+01  -2.3515436e+01
   2.4535000e+01  -2.4970934e+01
   2.4540000e+01  -2.6124771e+01
   2.4545000e+01  -2.6723887e+01
   2.4550000e+01  -2.6743175e+01
   2.4555000e+01  -2.6334767e+01
   2.4560000e+01  -2.5685619e+01
   2.4565000e+01  -2.4932288e+01
   2.4570000e+01  -2.4157448e+01
   2.4575000e+01  -2.3400856e+01
   2.4580000e+01  -2.2652174e+01
   2.4585000e+01  -2.1855192e+01
   2.4590000e+01  -2.0929120e+01
   2.4595000e+01  -1.9767795e+01
   2.4600000e+01  -1.8237585e+01
   2.4605000e+01  -1.6240676e+01
   2.4610000e+01  -1.3809942e+01
   2.4615000e+01  -1.1136374e+01
   2.4620000e+01  -8.5146532e+00
   2.4625000e+01  -6.2503224e+00
   2.4630000e+01  -4.5529721e+00
   2.4635000e+01  -3.4615282e+00
   2.4640000e+01  -2.8607259e+00
   2.4645000e+01  -2.5705131e+00
   2.4650000e+01  -2.4245849e+00
   2.4655000e+01  -2.2991143e+00
   2.4660000e+01  -2.1383956e+00
   2.4665000e+01  -1.9947860e+00
   2.4670000e+01  -1.9908176e+00
   2.4675000e+01  -2.1809311e+00
   2.4680000e+01  -2.4793732e+00
   2.4685000e+01  -2.7626660e+00
   2.4690000e+01  -3.0163185e+00
   2.4695000e+01  -3.3503200e+00
   2.4700000e+01  -3.8780654e+00
   2.4705000e+01  -4.5945029e+00
   2.4710000e+01  -5.3722072e+00
   2.4715000e+01  -6.0674289e+00
   2.4720000e+01  -6.6221161e+00
   2.4725000e+01  -7.0685886e+00
   2.4730000e+01  -7.4634839e+00
   2.4735000e+01  -7.8505856e+00
   2.4740000e+01  -8.2947158e+00
   2.4745000e+01  -8.9184224e+00
   2.4750000e+01  -9.8585009e+00
   2.4755000e+01  -1.1165552e+01
   2.4760000e+01  -1.2745792e+01
   2.4765000e+01  -1.4398535e+01
   2.4770000e+01  -1.5915963e+01
   2.4775000e+01  -1.7170945e+01
   2.4780000e+01  -1.8136409e+01
   2.4785000e+01  -1.8843721e+01
   2.4790000e+01  -1.9343993e+01
   2.4795000e+01  -1.9710658e+01
   2.4800000e+01  -2.0051023e+01
   2.4805000e+01  -2.0483627e+01
   2.4810000e+01  -2.1082854e+01
   2.4815000e+01  -2.1821209e+01
   2.4820000e+01  -2.2542271e+01
   2.4825000e+01  -2.2997184e+01
   2.4830000e+01  -2.2963278e+01
   2.4835000e+01  -2.2396689e+01
   2.4840000e+01  -2.1493988e+01
   2.4845000e+01  -2.0584940e+01
   2.4850000e+01  -1.9935999e+01
   2.4855000e+01  -1.9617085e+01
   2.4860000e+01  -1.9506563e+01
   2.4865000e+01  -1.9397652e+01
   2.4870000e+01  -1.9115609e+01
   2.4875000e+01  -1.8573365e+01
   2.4880000e+01  -1.7763931e+01
   2.4885000e+01  -1.6740934e+01
   2.4890000e+01  -1.5612845e+01
   2.4895000e+01  -1.4525748e+01
   2.4900000e+01  -1.3614487e+01
   2.4905000e+01  -1.2939039e+01
   2.4910000e+01  -1.2445769e+01
   2.4915000e+01  -1.2000045e+01
   2.4920000e+01  -1.1485598e+01
   2.4925000e+01  -1.0866293e+01
   2.4930000e+01  -1.0137375e+01
   2.4935000e+01  -9.2629934e+00
   2.4940000e+01  -8.2137494e+00
   2.4945000e+01  -7.0509775e+00
   2.4950000e+01  -5.9392195e+00
   2.4955000e+01  -5.0661572e+00
   2.4960000e+01  -4.5380484e+00
   2.4965000e+01  -4.3181091e+00
   2.4970000e+01  -4.2371973e+00
   2.4975000e+01  -4.0844913e+00
   2.4980000e+01  -3.7453976e+00
   2.4985000e+01  -3.2831476e+00
   2.4990000e+01  -2.8805666e+00
   2.4995000e+01  -2.6935113e+00
   2.5000000e+01  -2.7441750e+00
   2.5005000e+01  -2.9221237e+00
   2.5010000e+01  -3.0662026e+00
   2.5015000e+01  -3.0582653e+00
   2.5020000e+01  -2.8731379e+00
   2.5025000e+01  -2.5690719e+00
   2.5030000e+01  -2.2360286e+00
   2.5035000e+01  -1.9295637e+00
   2.5040000e+01  -1.6251286e+00
   2.5045000e+01  -1.2348763e+00
   2.5050000e+01  -6.8908645e-01
   2.5055000e+01  -1.0613861e-02
   2.5060000e+01   6.9616801e-01
   2.5065000e+01   1.3374160e+00
   2.5070000e+01   1.9175173e+00
   2.5075000e+01   2.5392312e+00
   2.5080000e+01   3.3147931e+00
   2.5085000e+01   4.2776021e+00
   2.5090000e+01   5.3791808e+00
   2.5095000e+01   6.5354808e+00
   2.5100000e+01   7.6402990e+00
   2.5105000e+01   8.5820404e+00
   2.5110000e+01   9.3270481e+00
   2.5115000e+01   9.9868667e+00
   2.5120000e+01   1.0760929e+01
   2.5125000e+01   1.1793863e+01
   2.5130000e+01   1.3064590e+01
   2.5135000e+01   1.4380992e+01
   2.5140000e+01   1.5489117e+01
   2.5145000e+01   1.6233213e+01
   2.5150000e+01   1.6649366e+01
   2.5155000e+01   1.6917798e+01
   2.5160000e+01   1.7220043e+01
   2.5165000e+01   1.7629973e+01
   2.5170000e+01   1.8119855e+01
   2.5175000e+01   1.8640223e+01
   2.5180000e+01   1.9181209e+01
   2.5185000e+01   1.9769823e+01
   2.5190000e+01   2.0418691e+01
   2.5195000e+01   2.1084473e+01
   2.5200000e+01   2.1695892e+01
   2.5205000e+01   2.2225258e+01
   2.5210000e+01   2.2708739e+01
   2.5215000e+01   2.3204390e+01
   2.5220000e+01   2.3760438e+01
   2.5225000e+01   2.4402073e+01
   2.5230000e+01   2.5109987e+01
   2.5235000e+01   2.5826182e+01
   2.5240000e+01   2.6496134e+01
   2.5245000e+01   2.7088395e+01
   2.5250000e+01   2.7591104e+01
   2.5255000e+01   2.8032011e+01
   2.5260000e+01   2.8488939e+01
   2.5265000e+01   2.9030493e+01
   2.5270000e+01   2.9627221e+01
   2.5275000e+01   3.0135959e+01
   2.5280000e+01   3.0382242e+01
   2.5285000e+01   3.0249569e+01
   2.5290000e+01   2.9698617e+01
   2.5295000e+01   2.8747496e+01
   2.5300000e+01   2.7460037e+01
   2.5305000e+01   2.5936709e+01
   2.5310000e+01   2.4309904e+01
   2.5315000e+01   2.2742837e+01
   2.5320000e+01   2.1383097e+01
   2.5325000e+01   2.0264384e+01
   2.5330000e+01   1.9250930e+01
   2.5335000e+01   1.8099735e+01
   2.5340000e+01   1.6599611e+01
   2.5345000e+01   1.4687954e+01
   2.5350000e+01   1.2484394e+01
   2.5355000e+01   1.0239891e+01
   2.5360000e+01   8.2238069e+00
   2.5365000e+01   6.5907533e+00
   2.5370000e+01   5.3041228e+00
   2.5375000e+01   4.1795369e+00
   2.5380000e+01   3.0252270e+00
   2.5385000e+01   1.7764691e+00
   2.5390000e+01   5.2353034e-01
   2.5395000e+01  -5.8370006e-01
   2.5400000e+01  -1.4686854e+00
   2.5405000e+01  -2.1834140e+00
   2.5410000e+01  -2.8577254e+00
   2.5415000e+01  -3.6104986e+00
   2.5420000e+01  -4.4736800e+00
   2.5425000e+01  -5.3407859e+00
   2.5430000e+01  -5.9840006e+00
   2.5435000e+01  -6.1816179e+00
   2.5440000e+01  -5.8944616e+00
   2.5445000e+01  -5.3429347e+00
   2.5450000e+01  -4.8955273e+00
   2.5455000e+01  -4.8480779e+00
   2.5460000e+01  -5.2642292e+00
   2.5465000e+01  -5.9718012e+00
   2.5470000e+01  -6.6770220e+00
   2.5475000e+01  -7.1079662e+00
   2.5480000e+01  -7.1371111e+00
   2.5485000e+01  -6.8441504e+00
   2.5490000e+01  -6.4577342e+00
   2.5495000e+01  -6.1946003e+00
   2.5500000e+01  -6.1363985e+00
   2.5505000e+01  -6.2491416e+00
   2.5510000e+01  -6.4967555e+00
   2.5515000e+01  -6.9197332e+00
   2.5520000e+01  -7.6040368e+00
   2.5525000e+01  -8.5824508e+00
   2.5530000e+01  -9.7853530e+00
   2.5535000e+01  -1.1102334e+01
   2.5540000e+01  -1.2476113e+01
   2.5545000e+01  -1.3917016e+01
   2.5550000e+01  -1.5440561e+01
   2.5555000e+01  -1.7012071e+01
   2.5560000e+01  -1.8548196e+01
   2.5565000e+01  -1.9962660e+01
   2.5570000e+01  -2.1220957e+01
   2.5575000e+01  -2.2371492e+01
   2.5580000e+01  -2.3518674e+01
   2.5585000e+01  -2.4735807e+01
   2.5590000e+01  -2.5999682e+01
   2.5595000e+01  -2.7222890e+01
   2.5600000e+01  -2.8326838e+01
   2.5605000e+01  -2.9263407e+01
   2.5610000e+01  -3.0004506e+01
   2.5615000e+01  -3.0554519e+01
   2.5620000e+01  -3.0965719e+01
   2.5625000e+01  -3.1310603e+01
   2.5630000e+01  -3.1627254e+01
   2.5635000e+01  -3.1900016e+01
   2.5640000e+01  -3.2090364e+01
   2.5645000e+01  -3.2166970e+01
   2.5650000e+01  -3.2103256e+01
   2.5655000e+01  -3.1861518e+01
   2.5660000e+01  -3.1386420e+01
   2.5665000e+01  -3.0621519e+01
   2.5670000e+01  -2.9555984e+01
   2.5675000e+01  -2.8272340e+01
   2.5680000e+01  -2.6942026e+01
   2.5685000e+01  -2.5754422e+01
   2.5690000e+01  -2.4819209e+01
   2.5695000e+01  -2.4101643e+01
   2.5700000e+01  -2.3441971e+01
   2.5705000e+01  -2.2662837e+01
   2.5710000e+01  -2.1691474e+01
   2.5715000e+01  -2.0603188e+01
   2.5720000e+01  -1.9562945e+01
   2.5725000e+01  -1.8720417e+01
   2.5730000e+01  -1.8131530e+01
   2.5735000e+01  -1.7745288e+01
   2.5740000e+01  -1.7448009e+01
   2.5745000e+01  -1.7130670e+01
   2.5750000e+01  -1.6748330e+01
   2.5755000e+01  -1.6348790e+01
   2.5760000e+01  -1.6045303e+01
   2.5765000e+01  -1.5937675e+01
   2.5770000e+01  -1.6043748e+01
   2.5775000e+01  -1.6288509e+01
   2.5780000e+01  -1.6532761e+01
   2.5785000e+01  -1.6636232e+01
   2.5790000e+01  -1.6564792e+01
   2.5795000e+01  -1.6460772e+01
   2.5800000e+01  -1.6573518e+01
   2.5805000e+01  -1.7088537e+01
   2.5810000e+01  -1.7991671e+01
   2.5815000e+01  -1.9057688e+01
   2.5820000e+01  -1.9968925e+01
   2.5825000e+01  -2.0497520e+01
   2.5830000e+01  -2.0630546e+01
   2.5835000e+01  -2.0546301e+01
   2.5840000e+01  -2.0467511e+01
   2.5845000e+01  -2.0517497e+01
   2.5850000e+01  -2.0683230e+01
   2.5855000e+01  -2.0869283e+01
   2.5860000e+01  -2.0960931e+01
   2.5865000e+01  -2.0861078e+01
   2.5870000e+01  -2.0514401e+01
   2.5875000e+01  -1.9923701e+01
   2.5880000e+01  -1.9148023e+01
   2.5885000e+01  -1.8279263e+01
   2.5890000e+01  -1.7407771e+01
   2.5895000e+01  -1.6593369e+01
   2.5900000e+01  -1.5853710e+01
   2.5905000e+01  -1.5171680e+01
   2.5910000e+01  -1.4514330e+01
   2.5915000e+01  -1.3850456e+01
   2.5920000e+01  -1.3152493e+01
   2.5925000e+01  -1.2381300e+01
   2.5930000e+01  -1.1482263e+01
   2.5935000e+01  -1.0421344e+01
   2.5940000e+01  -9.2361239e+00
   2.5945000e+01  -8.0438067e+00
   2.5950000e+01  -6.9886236e+00
   2.5955000e+01  -6.1678670e+00
   2.5960000e+01  -5.5839499e+00
   2.5965000e+01  -5.1368809e+00
   2.5970000e+01  -4.6493791e+00
   2.5975000e+01  -3.9246630e+00
   2.5980000e+01  -2.8339687e+00
   2.5985000e+01  -1.3983470e+00
   2.5990000e+01   1.9297707e-01
   2.5995000e+01   1.6577048e+00
   2.6000000e+01   2.7526960e+00
   2.6005000e+01   3.3829202e+00
   2.6010000e+01   3.6289711e+00
   2.6015000e+01   3.6980914e+00
   2.6020000e+01   3.8400501e+00
   2.6025000e+01   4.2535369e+00
   2.6030000e+01   5.0006734e+00
   2.6035000e+01   5.9724218e+00
   2.6040000e+01   6.9344021e+00
   2.6045000e+01   7.6260934e+00
   2.6050000e+01   7.8680127e+00
   2.6055000e+01   7.6436445e+00
   2.6060000e+01   7.1166658e+00
   2.6065000e+01   6.5584327e+00
   2.6070000e+01   6.2175274e+00
   2.6075000e+01   6.1999200e+00
   2.6080000e+01   6.4210768e+00
   2.6085000e+01   6.6655635e+00
   2.6090000e+01   6.7307489e+00
   2.6095000e+01   6.5572022e+00
   2.6100000e+01   6.2526022e+00
   2.6105000e+01   6.0072928e+00
   2.6110000e+01   5.9763348e+00
   2.6115000e+01   6.2096364e+00
   2.6120000e+01   6.6667545e+00
   2.6125000e+01   7.2827682e+00
   2.6130000e+01   8.0122371e+00
   2.6135000e+01   8.8262605e+00
   2.6140000e+01   9.7044228e+00
   2.6145000e+01   1.0646700e+01
   2.6150000e+01   1.1680238e+01
   2.6155000e+01   1.2840297e+01
   2.6160000e+01   1.4139146e+01
   2.6165000e+01   1.5548293e+01
   2.6170000e+01   1.7005716e+01
   2.6175000e+01   1.8441179e+01
   2.6180000e+01   1.9803134e+01
   2.6185000e+01   2.1073025e+01
   2.6190000e+01   2.2262498e+01
   2.6195000e+01   2.3398331e+01
   2.6200000e+01   2.4500801e+01
   2.6205000e+01   2.5557146e+01
   2.6210000e+01   2.6506247e+01
   2.6215000e+01   2.7265548e+01
   2.6220000e+01   2.7789570e+01
   2.6225000e+01   2.8097499e+01
   2.6230000e+01   2.8241651e+01
   2.6235000e+01   2.8259617e+01
   2.6240000e+01   2.8157866e+01
   2.6245000e+01   2.7929689e+01
   2.6250000e+01   2.7578505e+01
   2.6255000e+01   2.7116270e+01
   2.6260000e+01   2.6538715e+01
   2.6265000e+01   2.5820891e+01
   2.6270000e+01   2.4959358e+01
   2.6275000e+01   2.4015912e+01
   2.6280000e+01   2.3098116e+01
   2.6285000e+01   2.2286055e+01
   2.6290000e+01   2.1591265e+01
   2.6295000e+01   2.0988429e+01
   2.6300000e+01   2.0444267e+01
   2.6305000e+01   1.9898310e+01
   2.6310000e+01   1.9277461e+01
   2.6315000e+01   1.8577608e+01
   2.6320000e+01   1.7905355e+01
   2.6325000e+01   1.7410254e+01
   2.6330000e+01   1.7175113e+01
   2.6335000e+01   1.7164019e+01
   2.6340000e+01   1.7263139e+01
   2.6345000e+01   1.7374941e+01
   2.6350000e+01   1.7481857e+01
   2.6355000e+01   1.7623012e+01
   2.6360000e+01   1.7818193e+01
   2.6365000e+01   1.8021220e+01
   2.6370000e+01   1.8140158e+01
   2.6375000e+01   1.8096092e+01
   2.6380000e+01   1.7874390e+01
   2.6385000e+01   1.7547185e+01
   2.6390000e+01   1.7264888e+01
   2.6395000e+01   1.7211133e+01
   2.6400000e+01   1.7527722e+01
   2.6405000e+01   1.8245419e+01
   2.6410000e+01   1.9256052e+01
   2.6415000e+01   2.0340112e+01
   2.6420000e+01   2.1254108e+01
   2.6425000e+01   2.1851662e+01
   2.6430000e+01   2.2160129e+01
   2.6435000e+01   2.2343458e+01
   2.6440000e+01   2.2571072e+01
   2.6445000e+01   2.2892015e+01
   2.6450000e+01   2.3206499e+01
   2.6455000e+01   2.3345332e+01
   2.6460000e+01   2.3193361e+01
   2.6465000e+01   2.2778125e+01
   2.6470000e+01   2.2267669e+01
   2.6475000e+01   2.1869490e+01
   2.6480000e+01   2.1696616e+01
   2.6485000e+01   2.1701131e+01
   2.6490000e+01   2.1717721e+01
   2.6495000e+01   2.1572409e+01
   2.6500000e+01   2.1177760e+01
   2.6505000e+01   2.0563205e+01
   2.6510000e+01   1.9839053e+01
   2.6515000e+01   1.9128953e+01
   2.6520000e+01   1.8512745e+01
   2.6525000e+01   1.8004849e+01
   2.6530000e+01   1.7568618e+01
   2.6535000e+01   1.7149441e+01
   2.6540000e+01   1.6705531e+01
   2.6545000e+01   1.6222882e+01
   2.6550000e+01   1.5712574e+01
   2.6555000e+01   1.5197510e+01
   2.6560000e+01   1.4700475e+01
   2.6565000e+01   1.4246633e+01
   2.6570000e+01   1.3879372e+01
   2.6575000e+01   1.3659038e+01
   2.6580000e+01   1.3657101e+01
   2.6585000e+01   1.3979696e+01
   2.6590000e+01   1.4702749e+01
   2.6595000e+01   1.5690452e+01
   2.6600000e+01   1.6565575e+01
   2.6605000e+01   1.6921840e+01
   2.6610000e+01   1.6549696e+01
   2.6615000e+01   1.5520565e+01
   2.6620000e+01   1.4128707e+01
   2.6625000e+01   1.2741380e+01
   2.6630000e+01   1.1636630e+01
   2.6635000e+01   1.0898882e+01
   2.6640000e+01   1.0403389e+01
   2.6645000e+01   9.8887669e+00
   2.6650000e+01   9.0869867e+00
   2.6655000e+01   7.8478835e+00
   2.6660000e+01   6.1950517e+00
   2.6665000e+01   4.2958264e+00
   2.6670000e+01   2.3830223e+00
   2.6675000e+01   6.7261880e-01
   2.6680000e+01  -7.1675710e-01
   2.6685000e+01  -1.8245544e+00
   2.6690000e+01  -2.8192206e+00
   2.6695000e+01  -3.8698017e+00
   2.6700000e+01  -5.0334768e+00
   2.6705000e+01  -6.2543731e+00
   2.6710000e+01  -7.4330364e+00
   2.6715000e+01  -8.4674745e+00
   2.6720000e+01  -9.2428846e+00
   2.6725000e+01  -9.6369975e+00
   2.6730000e+01  -9.5752665e+00
   2.6735000e+01  -9.0812536e+00
   2.6740000e+01  -8.2762679e+00
   2.6745000e+01  -7.3402697e+00
   2.6750000e+01  -6.4477280e+00
   2.6755000e+01  -5.6919496e+00
   2.6760000e+01  -5.0446743e+00
   2.6765000e+01  -4.3884327e+00
   2.6770000e+01  -3.5990847e+00
   2.6775000e+01  -2.6202436e+00
   2.6780000e+01  -1.4876387e+00
   2.6785000e+01  -3.0044653e-01
   2.6790000e+01   8.3331346e-01
   2.6795000e+01   1.8406496e+00
   2.6800000e+01   2.6892394e+00
   2.6805000e+01   3.3572006e+00
   2.6810000e+01   3.8056180e+00
   2.6815000e+01   3.9935899e+00
   2.6820000e+01   3.9299630e+00
   2.6825000e+01   3.7065431e+00
   2.6830000e+01   3.4625698e+00
   2.6835000e+01   3.2993652e+00
   2.6840000e+01   3.2193350e+00
   2.6845000e+01   3.1374256e+00
   2.6850000e+01   2.9468660e+00
   2.6855000e+01   2.5867115e+00
   2.6860000e+01   2.0707561e+00
   2.6865000e+01   1.4704223e+00
   2.6870000e+01   8.7170779e-01
   2.6875000e+01   3.3480770e-01
   2.6880000e+01  -1.2410865e-01
   2.6885000e+01  -5.2607656e-01
   2.6890000e+01  -9.0777783e-01
   2.6895000e+01  -1.2995516e+00
   2.6900000e+01  -1.7104229e+00
   2.6905000e+01  -2.1171423e+00
   2.6910000e+01  -2.4612712e+00
   2.6915000e+01  -2.6720201e+00
   2.6920000e+01  -2.7052013e+00
   2.6925000e+01  -2.5557768e+00
   2.6930000e+01  -2.2433130e+00
   2.6935000e+01  -1.8166527e+00
   2.6940000e+01  -1.3774784e+00
   2.6945000e+01  -1.0670044e+00
   2.6950000e+01  -9.9802035e-01
   2.6955000e+01  -1.1921226e+00
   2.6960000e+01  -1.5894551e+00
   2.6965000e+01  -2.1152868e+00
   2.6970000e+01  -2.7255391e+00
   2.6975000e+01  -3.3968526e+00
   2.6980000e+01  -4.0970151e+00
   2.6985000e+01  -4.7764366e+00
   2.6990000e+01  -5.3852595e+00
   2.6995000e+01  -5.8969104e+00
   2.7000000e+01  -6.3190233e+00
   2.7005000e+01  -6.6856684e+00
   2.7010000e+01  -7.0388026e+00
   2.7015000e+01  -7.4146326e+00
   2.7020000e+01  -7.8456647e+00
   2.7025000e+01  -8.3704242e+00
   2.7030000e+01  -9.0305791e+00
   2.7035000e+01  -9.8492321e+00
   2.7040000e+01  -1.0805401e+01
   2.7045000e+01  -1.1822781e+01
   2.7050000e+01  -1.2785935e+01
   2.7055000e+01  -1.3588526e+01
   2.7060000e+01  -1.4190884e+01
   2.7065000e+01  -1.4640981e+01
   2.7070000e+01  -1.5033928e+01
   2.7075000e+01  -1.5437713e+01
   2.7080000e+01  -1.5845282e+01
   2.7085000e+01  -1.6191648e+01
   2.7090000e+01  -1.6417786e+01
   2.7095000e+01  -1.6522464e+01
   2.7100000e+01  -1.6559590e+01
   2.7105000e+01  -1.6597113e+01
   2.7110000e+01  -1.6681108e+01
   2.7115000e+01  -1.6819916e+01
   2.7120000e+01  -1.6980820e+01
   2.7125000e+01  -1.7101407e+01
   2.7130000e+01  -1.7118324e+01
   2.7135000e+01  -1.7000824e+01
   2.7140000e+01  -1.6771982e+01
   2.7145000e+01  -1.6504470e+01
   2.7150000e+01  -1.6284591e+01
   2.7155000e+01  -1.6160733e+01
   2.7160000e+01  -1.6113756e+01
   2.7165000e+01  -1.6072166e+01
   2.7170000e+01  -1.5957801e+01
   2.7175000e+01  -1.5728642e+01
   2.7180000e+01  -1.5394585e+01
   2.7185000e+01  -1.5003498e+01
   2.7190000e+01  -1.4611796e+01
   2.7195000e+01  -1.4258139e+01
   2.7200000e+01  -1.3952249e+01
   2.7205000e+01  -1.3679962e+01
   2.7210000e+01  -1.3417452e+01
   2.7215000e+01  -1.3145217e+01
   2.7220000e+01  -1.2854602e+01
   2.7225000e+01  -1.2543491e+01
   2.7230000e+01  -1.2205951e+01
   2.7235000e+01  -1.1830130e+01
   2.7240000e+01  -1.1411956e+01
   2.7245000e+01  -1.0970524e+01
   2.7250000e+01  -1.0545975e+01
   2.7255000e+01  -1.0179578e+01
   2.7260000e+01  -9.8919263e+00
   2.7265000e+01  -9.6730120e+00
   2.7270000e+01  -9.4858984e+00
   2.7275000e+01  -9.2803433e+00
   2.7280000e+01  -9.0148718e+00
   2.7285000e+01  -8.6799922e+00
   2.7290000e+01  -8.3059252e+00
   2.7295000e+01  -7.9463552e+00
   2.7300000e+01  -7.6501487e+00
   2.7305000e+01  -7.4415123e+00
   2.7310000e+01  -7.3162576e+00
   2.7315000e+01  -7.2448789e+00
   2.7320000e+01  -7.1762595e+00
   2.7325000e+01  -7.0501231e+00
   2.7330000e+01  -6.8230935e+00
   2.7335000e+01  -6.4947625e+00
   2.7340000e+01  -6.1126233e+00
   2.7345000e+01  -5.7489639e+00
   2.7350000e+01  -5.4639903e+00
   2.7355000e+01  -5.2770583e+00
   2.7360000e+01  -5.1604231e+00
   2.7365000e+01  -5.0582949e+00
   2.7370000e+01  -4.9207782e+00
   2.7375000e+01  -4.7310424e+00
   2.7380000e+01  -4.5077519e+00
   2.7385000e+01  -4.2839242e+00
   2.7390000e+01  -4.0805902e+00
   2.7395000e+01  -3.8946191e+00
   2.7400000e+01  -3.7062417e+00
   2.7405000e+01  -3.4972518e+00
   2.7410000e+01  -3.2667419e+00
   2.7415000e+01  -3.0352416e+00
   2.7420000e+01  -2.8346851e+00
   2.7425000e+01  -2.6894966e+00
   2.7430000e+01  -2.6004551e+00
   2.7435000e+01  -2.5425031e+00
   2.7440000e+01  -2.4789313e+00
   2.7445000e+01  -2.3831866e+00
   2.7450000e+01  -2.2541081e+00
   2.7455000e+01  -2.1148362e+00
   2.7460000e+01  -1.9972128e+00
   2.7465000e+01  -1.9230958e+00
   2.7470000e+01  -1.8941122e+00
   2.7475000e+01  -1.8938709e+00
   2.7480000e+01  -1.8987002e+00
   2.7485000e+01  -1.8894094e+00
   2.7490000e+01  -1.8580312e+00
   2.7495000e+01  -1.8076762e+00
   2.7500000e+01  -1.7475309e+00
   2.7505000e+01  -1.6867595e+00
   2.7510000e+01  -1.6304345e+00
   2.7515000e+01  -1.5786890e+00
   2.7520000e+01  -1.5284009e+00
   2.7525000e+01  -1.4757830e+00
   2.7530000e+01  -1.4183847e+00
   2.7535000e+01  -1.3557927e+00
   2.7540000e+01  -1.2891662e+00
   2.7545000e+01  -1.2202256e+00
   2.7550000e+01  -1.1503486e+00
   2.7555000e+01  -1.0801504e+00
   2.7560000e+01  -1.0097054e+00
   2.7565000e+01  -9.3945756e-01
   2.7570000e+01  -8.7111874e-01
   2.7575000e+01  -8.0707461e-01
   2.7580000e+01  -7.4831261e-01
   2.7585000e+01  -6.9316331e-01
   2.7590000e+01  -6.3812602e-01
   2.7595000e+01  -5.7951506e-01
   2.7600000e+01  -5.1483551e-01
   2.7605000e+01  -4.4390389e-01
   2.7610000e+01  -3.6921035e-01
   2.7615000e+01  -2.9491108e-01
   2.7620000e+01  -2.2492648e-01
   2.7625000e+01  -1.6088755e-01
   2.7630000e+01  -1.0061171e-01
   2.7635000e+01  -3.8490834e-02
   2.7640000e+01   3.1538734e-02
   2.7645000e+01   1.1235853e-01
   2.7650000e+01   2.0216574e-01
   2.7655000e+01   2.9590962e-01
   2.7660000e+01   3.8824726e-01
   2.7665000e+01   4.7607181e-01
   2.7670000e+01   5.5950930e-01
   2.7675000e+01   6.4128765e-01
   2.7680000e+01   7.2492287e-01
   2.7685000e+01   8.1254749e-01
   2.7690000e+01   9.0351755e-01
   2.7695000e+01   9.9470033e-01
   2.7700000e+01   1.0823386e+00
   2.7705000e+01   1.1642224e+00
   2.7710000e+01   1.2406366e+00
   2.7715000e+01   1.3135005e+00
   2.7720000e+01   1.3845235e+00
   2.7725000e+01   1.4538752e+00
   2.7730000e+01   1.5202615e+00
   2.7735000e+01   1.5820353e+00
   2.7740000e+01   1.6382482e+00
   2.7745000e+01   1.6889252e+00
   2.7750000e+01   1.7347106e+00
   2.7755000e+01   1.7763644e+00
   2.7760000e+01   1.8143673e+00
   2.7765000e+01   1.8487542e+00
   2.7770000e+01   1.8792537e+00
   2.7775000e+01   1.9056400e+00
   2.7780000e+01   1.9280041e+00
   2.7785000e+01   1.9467090e+00
   2.7790000e+01   1.9621281e+00
   2.7795000e+01   1.9744731e+00
   2.7800000e+01   1.9838297e+00
   2.7805000e+01   1.9902683e+00
   2.7810000e+01   1.9939130e+00
   2.7815000e+01   1.9949658e+00
   2.7820000e+01   1.9937010e+00
   2.7825000e+01   1.9904162e+00
   2.7830000e+01   1.9853402e+00
   2.7835000e+01   1.9785378e+00
   2.7840000e+01   1.9698796e+00
   2.7845000e+01   1.9591164e+00
   2.7850000e+01   1.9460224e+00
   2.7855000e+01   1.9305200e+00
   2.7860000e+01   1.9127162e+00
   2.7865000e+01   1.8928418e+00
   2.7870000e+01   1.8711385e+00
   2.7875000e+01   1.8477575e+00
   2.7880000e+01   1.8227243e+00
   2.7885000e+01   1.7959781e+00
   2.7890000e+01   1.7674496e+00
   2.7895000e+01   1.7371221e+00
   2.7900000e+01   1.7050459e+00
   2.7905000e+01   1.6713142e+00
   2.7910000e+01   1.6360256e+00
   2.7915000e+01   1.5992609e+00
   2.7920000e+01   1.5610809e+00
   2.7925000e+01   1.5215363e+00
   2.7930000e+01   1.4806798e+00
   2.7935000e+01   1.4385715e+00
   2.7940000e+01   1.3952785e+00
   2.7945000e+01   1.3508699e+00
   2.7950000e+01   1.3054125e+00
   2.7955000e+01   1.2589690e+00
   2.7960000e+01   1.2115986e+00
   2.7965000e+01   1.1633588e+00
   2.7970000e+01   1.1143065e+00
