   0.0000000e+00  -4.7997588e-03
   5.0000000e-03  -3.3807948e-02
   1.0000000e-02  -1.1304848e-01
   1.5000000e-02  -2.4450398e-01
   2.0000000e-02  -3.9400729e-01
   2.5000000e-02  -5.1539935e-01
   3.0000000e-02  -5.8009665e-01
   3.5000000e-02  -5.8765713e-01
   4.0000000e-02  -5.5826057e-01
   4.5000000e-02  -5.1780796e-01
   5.0000000e-02  -4.8563874e-01
   5.5000000e-02  -4.6955611e-01
   6.0000000e-02  -4.6754868e-01
   6.5000000e-02  -4.7280593e-01
   7.0000000e-02  -4.7864860e-01
   7.5000000e-02  -4.8142160e-01
   8.0000000e-02  -4.8087741e-01
   8.5000000e-02  -4.7886096e-01
   9.0000000e-02  -4.7778035e-01
   9.5000000e-02  -4.7971009e-01
   1.0000000e-01  -4.8574655e-01
   1.0500000e-01  -4.9514623e-01
   1.1000000e-01  -5.0500158e-01
   1.1500000e-01  -5.1142364e-01
   1.2000000e-01  -5.1128565e-01
   1.2500000e-01  -5.0290516e-01
   1.3000000e-01  -4.8621150e-01
   1.3500000e-01  -4.6334951e-01
   1.4000000e-01  -4.3848380e-01
   1.4500000e-01  -4.1624245e-01
   1.5000000e-01  -4.0057267e-01
   1.5500000e-01  -3.9450731e-01
   1.6000000e-01  -3.9986358e-01
   1.6500000e-01  -4.1740906e-01
   1.7000000e-01  -4.4737222e-01
   1.7500000e-01  -4.8807284e-01
   1.8000000e-01  -5.3350570e-01
   1.8500000e-01  -5.7425490e-01
   1.9000000e-01  -6.0199357e-01
   1.9500000e-01  -6.1207196e-01
   2.0000000e-01  -6.0175896e-01
   2.0500000e-01  -5.6941329e-01
   2.1000000e-01  -5.1856417e-01
   2.1500000e-01  -4.6128049e-01
   2.2000000e-01  -4.1387729e-01
   2.2500000e-01  -3.8870570e-01
   2.3000000e-01  -3.9168586e-01
   2.3500000e-01  -4.2610952e-01
   2.4000000e-01  -4.9329279e-01
   2.4500000e-01  -5.8808336e-01
   2.5000000e-01  -6.9925947e-01
   2.5500000e-01  -8.1670519e-01
   2.6000000e-01  -9.3365638e-01
   2.6500000e-01  -1.0406557e+00
   2.7000000e-01  -1.1213018e+00
   2.7500000e-01  -1.1545214e+00
   2.8000000e-01  -1.1198536e+00
   2.8500000e-01  -1.0060400e+00
   2.9000000e-01  -8.2354805e-01
   2.9500000e-01  -6.1090790e-01
   3.0000000e-01  -4.2227614e-01
   3.0500000e-01  -3.0066806e-01
   3.1000000e-01  -2.5764337e-01
   3.1500000e-01  -2.7426710e-01
   3.2000000e-01  -3.1949260e-01
   3.2500000e-01  -3.7188178e-01
   3.3000000e-01  -4.3115469e-01
   3.3500000e-01  -5.1128765e-01
   3.4000000e-01  -6.1842345e-01
   3.4500000e-01  -7.3266087e-01
   3.5000000e-01  -8.1508879e-01
   3.5500000e-01  -8.3733036e-01
   3.6000000e-01  -8.0510229e-01
   3.6500000e-01  -7.5541324e-01
   3.7000000e-01  -7.3457556e-01
   3.7500000e-01  -7.7343820e-01
   3.8000000e-01  -8.7099695e-01
   3.8500000e-01  -9.9567920e-01
   3.9000000e-01  -1.1056186e+00
   3.9500000e-01  -1.1730922e+00
   4.0000000e-01  -1.1952091e+00
   4.0500000e-01  -1.1876013e+00
   4.1000000e-01  -1.1710021e+00
   4.1500000e-01  -1.1607864e+00
   4.2000000e-01  -1.1630462e+00
   4.2500000e-01  -1.1759929e+00
   4.3000000e-01  -1.1939591e+00
   4.3500000e-01  -1.2114038e+00
   4.4000000e-01  -1.2252510e+00
   4.4500000e-01  -1.2351991e+00
   4.5000000e-01  -1.2426939e+00
   4.5500000e-01  -1.2495761e+00
   4.6000000e-01  -1.2571250e+00
   4.6500000e-01  -1.2657409e+00
   4.7000000e-01  -1.2751347e+00
   4.7500000e-01  -1.2847322e+00
   4.8000000e-01  -1.2939662e+00
   4.8500000e-01  -1.3015577e+00
   4.9000000e-01  -1.3014918e+00
   4.9500000e-01  -1.2754458e+00
   5.0000000e-01  -1.1904073e+00
   5.0500000e-01  -1.0140216e+00
   5.1000000e-01  -7.4347186e-01
   5.1500000e-01  -4.1977820e-01
   5.2000000e-01  -1.0598357e-01
   5.2500000e-01   1.4861968e-01
   5.3000000e-01   3.1708954e-01
   5.3500000e-01   3.8106118e-01
   5.4000000e-01   3.3431599e-01
   5.4500000e-01   2.0381798e-01
   5.5000000e-01   4.8272516e-02
   5.5500000e-01  -7.9637946e-02
   5.6000000e-01  -1.7982788e-01
   5.6500000e-01  -3.2476608e-01
   5.7000000e-01  -6.3155503e-01
   5.7500000e-01  -1.1955627e+00
   5.8000000e-01  -2.0278282e+00
   5.8500000e-01  -3.0340396e+00
   5.9000000e-01  -4.0406441e+00
   5.9500000e-01  -4.8551067e+00
   6.0000000e-01  -5.3335360e+00
   6.0500000e-01  -5.4172827e+00
   6.1000000e-01  -5.1320075e+00
   6.1500000e-01  -4.5816076e+00
   6.2000000e-01  -3.9385464e+00
   6.2500000e-01  -3.3931682e+00
   6.3000000e-01  -3.0664955e+00
   6.3500000e-01  -2.9462162e+00
   6.4000000e-01  -2.8947730e+00
   6.4500000e-01  -2.7360317e+00
   6.5000000e-01  -2.3772204e+00
   6.5500000e-01  -1.8757561e+00
   6.6000000e-01  -1.3904700e+00
   6.6500000e-01  -1.0650256e+00
   6.7000000e-01  -9.4694323e-01
   6.7500000e-01  -9.8899804e-01
   6.8000000e-01  -1.0997883e+00
   6.8500000e-01  -1.1886550e+00
   6.9000000e-01  -1.1799658e+00
   6.9500000e-01  -1.0109896e+00
   7.0000000e-01  -6.3646669e-01
   7.0500000e-01  -3.8548348e-02
   7.1000000e-01   7.6344708e-01
   7.1500000e-01   1.6843159e+00
   7.2000000e-01   2.5258784e+00
   7.2500000e-01   2.9714633e+00
   7.3000000e-01   2.6756046e+00
   7.3500000e-01   1.4151142e+00
   7.4000000e-01  -7.9513968e-01
   7.4500000e-01  -3.6879383e+00
   7.5000000e-01  -6.8205923e+00
   7.5500000e-01  -9.6948652e+00
   7.6000000e-01  -1.1882691e+01
   7.6500000e-01  -1.3127645e+01
   7.7000000e-01  -1.3386168e+01
   7.7500000e-01  -1.2792064e+01
   7.8000000e-01  -1.1573663e+01
   7.8500000e-01  -9.9793639e+00
   7.9000000e-01  -8.2457093e+00
   7.9500000e-01  -6.5948391e+00
   8.0000000e-01  -5.2240748e+00
   8.0500000e-01  -4.2693276e+00
   8.1000000e-01  -3.7571510e+00
   8.1500000e-01  -3.5764200e+00
   8.2000000e-01  -3.4968388e+00
   8.2500000e-01  -3.2458258e+00
   8.3000000e-01  -2.6296466e+00
   8.3500000e-01  -1.6370943e+00
   8.4000000e-01  -4.2869205e-01
   8.4500000e-01   8.0398150e-01
   8.5000000e-01   1.9710954e+00
   8.5500000e-01   3.0810058e+00
   8.6000000e-01   4.1482175e+00
   8.6500000e-01   5.1349684e+00
   8.7000000e-01   5.9597567e+00
   8.7500000e-01   6.5355773e+00
   8.8000000e-01   6.8041962e+00
   8.8500000e-01   6.7465022e+00
   8.9000000e-01   6.3694566e+00
   8.9500000e-01   5.6904424e+00
   9.0000000e-01   4.7198122e+00
   9.0500000e-01   3.4184926e+00
   9.1000000e-01   1.6482971e+00
   9.1500000e-01  -8.0215470e-01
   9.2000000e-01  -4.0731072e+00
   9.2500000e-01  -8.0760999e+00
   9.3000000e-01  -1.2471779e+01
   9.3500000e-01  -1.6779699e+01
   9.4000000e-01  -2.0496407e+01
   9.4500000e-01  -2.3162414e+01
   9.5000000e-01  -2.4416799e+01
   9.5500000e-01  -2.4068502e+01
   9.6000000e-01  -2.2154719e+01
   9.6500000e-01  -1.8948380e+01
   9.7000000e-01  -1.4911737e+01
   9.7500000e-01  -1.0604820e+01
   9.8000000e-01  -6.5457404e+00
   9.8500000e-01  -3.0516035e+00
   9.9000000e-01  -1.6125605e-01
   9.9500000e-01   2.2764813e+00
   1.0000000e+00   4.4253337e+00
   1.0050000e+00   6.3529182e+00
   1.0100000e+00   8.0128600e+00
   1.0150000e+00   9.2452713e+00
   1.0200000e+00   9.8100937e+00
   1.0250000e+00   9.4799978e+00
   1.0300000e+00   8.1226119e+00
   1.0350000e+00   5.7359582e+00
   1.0400000e+00   2.4908161e+00
   1.0450000e+00  -1.2201351e+00
   1.0500000e+00  -4.7988507e+00
   1.0550000e+00  -7.5555084e+00
   1.0600000e+00  -8.9016879e+00
   1.0650000e+00  -8.5792735e+00
   1.0700000e+00  -6.8064086e+00
   1.0750000e+00  -4.1934610e+00
   1.0800000e+00  -1.4354528e+00
   1.0850000e+00   9.9687696e-01
   1.0900000e+00   2.9336935e+00
   1.0950000e+00   4.3456028e+00
   1.1000000e+00   5.1520061e+00
   1.1050000e+00   5.1753670e+00
   1.1100000e+00   4.2245511e+00
   1.1150000e+00   2.1860633e+00
   1.1200000e+00  -9.2416419e-01
   1.1250000e+00  -4.9139717e+00
   1.1300000e+00  -9.3802251e+00
   1.1350000e+00  -1.3764370e+01
   1.1400000e+00  -1.7513150e+01
   1.1450000e+00  -2.0211871e+01
   1.1500000e+00  -2.1590224e+01
   1.1550000e+00  -2.1503006e+01
   1.1600000e+00  -2.0001887e+01
   1.1650000e+00  -1.7412707e+01
   1.1700000e+00  -1.4277039e+01
   1.1750000e+00  -1.1170687e+01
   1.1800000e+00  -8.5131845e+00
   1.1850000e+00  -6.4479564e+00
   1.1900000e+00  -4.8203671e+00
   1.1950000e+00  -3.2607527e+00
   1.2000000e+00  -1.3579391e+00
   1.2050000e+00   1.1352243e+00
   1.2100000e+00   4.1722926e+00
   1.2150000e+00   7.4503726e+00
   1.2200000e+00   1.0577798e+01
   1.2250000e+00   1.3216846e+01
   1.2300000e+00   1.5093810e+01
   1.2350000e+00   1.5947711e+01
   1.2400000e+00   1.5563021e+01
   1.2450000e+00   1.3880840e+01
   1.2500000e+00   1.1051218e+01
   1.2550000e+00   7.3952657e+00
   1.2600000e+00   3.3644022e+00
   1.2650000e+00  -4.9853797e-01
   1.2700000e+00  -3.6696944e+00
   1.2750000e+00  -5.8063510e+00
   1.2800000e+00  -6.8508405e+00
   1.2850000e+00  -7.0197595e+00
   1.2900000e+00  -6.7101744e+00
   1.2950000e+00  -6.3578049e+00
   1.3000000e+00  -6.2679103e+00
   1.3050000e+00  -6.4933419e+00
   1.3100000e+00  -6.8510439e+00
   1.3150000e+00  -7.0566855e+00
   1.3200000e+00  -6.8656214e+00
   1.3250000e+00  -6.1556466e+00
   1.3300000e+00  -4.9549337e+00
   1.3350000e+00  -3.4174516e+00
   1.3400000e+00  -1.7485506e+00
   1.3450000e+00  -1.1836066e-01
   1.3500000e+00   1.3879343e+00
   1.3550000e+00   2.7682291e+00
   1.3600000e+00   4.0766020e+00
   1.3650000e+00   5.4081586e+00
   1.3700000e+00   6.9034216e+00
   1.3750000e+00   8.7421739e+00
   1.3800000e+00   1.1093138e+01
   1.3850000e+00   1.4023781e+01
   1.3900000e+00   1.7422521e+01
   1.3950000e+00   2.1001252e+01
   1.4000000e+00   2.4397367e+01
   1.4050000e+00   2.7301267e+01
   1.4100000e+00   2.9499343e+01
   1.4150000e+00   3.0817162e+01
   1.4200000e+00   3.1066605e+01
   1.4250000e+00   3.0079190e+01
   1.4300000e+00   2.7782705e+01
   1.4350000e+00   2.4237931e+01
   1.4400000e+00   1.9645226e+01
   1.4450000e+00   1.4383082e+01
   1.4500000e+00   9.0377889e+00
   1.4550000e+00   4.2898722e+00
   1.4600000e+00   6.4301080e-01
   1.4650000e+00  -1.7940457e+00
   1.4700000e+00  -3.2644991e+00
   1.4750000e+00  -4.1322138e+00
   1.4800000e+00  -4.6996288e+00
   1.4850000e+00  -5.1499956e+00
   1.4900000e+00  -5.5263911e+00
   1.4950000e+00  -5.7375258e+00
   1.5000000e+00  -5.6673087e+00
   1.5050000e+00  -5.3496410e+00
   1.5100000e+00  -5.0279080e+00
   1.5150000e+00  -4.9997158e+00
   1.5200000e+00  -5.3640814e+00
   1.5250000e+00  -5.8709937e+00
   1.5300000e+00  -5.9865145e+00
   1.5350000e+00  -5.1562149e+00
   1.5400000e+00  -3.1041356e+00
   1.5450000e+00   5.4253076e-02
   1.5500000e+00   3.9209609e+00
   1.5550000e+00   7.9757142e+00
   1.5600000e+00   1.1696338e+01
   1.5650000e+00   1.4668891e+01
   1.5700000e+00   1.6632553e+01
   1.5750000e+00   1.7416014e+01
   1.5800000e+00   1.6901313e+01
   1.5850000e+00   1.5110254e+01
   1.5900000e+00   1.2305564e+01
   1.5950000e+00   9.0004660e+00
   1.6000000e+00   5.8678716e+00
   1.6050000e+00   3.5452966e+00
   1.6100000e+00   2.4008366e+00
   1.6150000e+00   2.4353898e+00
   1.6200000e+00   3.4033313e+00
   1.6250000e+00   5.0179328e+00
   1.6300000e+00   7.0578456e+00
   1.6350000e+00   9.3367644e+00
   1.6400000e+00   1.1632109e+01
   1.6450000e+00   1.3666042e+01
   1.6500000e+00   1.5153567e+01
   1.6550000e+00   1.5874261e+01
   1.6600000e+00   1.5716273e+01
   1.6650000e+00   1.4665014e+01
   1.6700000e+00   1.2747772e+01
   1.6750000e+00   1.0002949e+01
   1.6800000e+00   6.5517664e+00
   1.6850000e+00   2.7218128e+00
   1.6900000e+00  -9.4458489e-01
   1.6950000e+00  -3.8541107e+00
   1.7000000e+00  -5.5724930e+00
   1.7050000e+00  -5.9545429e+00
   1.7100000e+00  -5.1687322e+00
   1.7150000e+00  -3.6384124e+00
   1.7200000e+00  -1.9398746e+00
   1.7250000e+00  -6.8088621e-01
   1.7300000e+00  -3.2599391e-01
   1.7350000e+00  -9.7456753e-01
   1.7400000e+00  -2.2294296e+00
   1.7450000e+00  -3.2913985e+00
   1.7500000e+00  -3.2436382e+00
   1.7550000e+00  -1.3627397e+00
   1.7600000e+00   2.6782625e+00
   1.7650000e+00   8.7469870e+00
   1.7700000e+00   1.6286572e+01
   1.7750000e+00   2.4403247e+01
   1.7800000e+00   3.2016610e+01
   1.7850000e+00   3.8107297e+01
   1.7900000e+00   4.2010049e+01
   1.7950000e+00   4.3586990e+01
   1.8000000e+00   4.3159882e+01
   1.8050000e+00   4.1275770e+01
   1.8100000e+00   3.8491345e+01
   1.8150000e+00   3.5265095e+01
   1.8200000e+00   3.1912218e+01
   1.8250000e+00   2.8590323e+01
   1.8300000e+00   2.5365980e+01
   1.8350000e+00   2.2352198e+01
   1.8400000e+00   1.9754952e+01
   1.8450000e+00   1.7724650e+01
   1.8500000e+00   1.6171093e+01
   1.8550000e+00   1.4782411e+01
   1.8600000e+00   1.3259322e+01
   1.8650000e+00   1.1540002e+01
   1.8700000e+00   9.8029757e+00
   1.8750000e+00   8.2518870e+00
   1.8800000e+00   6.9044274e+00
   1.8850000e+00   5.6068252e+00
   1.8900000e+00   4.2404299e+00
   1.8950000e+00   2.8681431e+00
   1.9000000e+00   1.6579854e+00
   1.9050000e+00   6.9114286e-01
   1.9100000e+00  -1.3228493e-01
   1.9150000e+00  -1.0245050e+00
   1.9200000e+00  -2.1506535e+00
   1.9250000e+00  -3.4371054e+00
   1.9300000e+00  -4.4388827e+00
   1.9350000e+00  -4.4452505e+00
   1.9400000e+00  -2.8601779e+00
   1.9450000e+00   4.0823916e-01
   1.9500000e+00   4.8671441e+00
   1.9550000e+00   9.6951135e+00
   1.9600000e+00   1.4081097e+01
   1.9650000e+00   1.7418260e+01
   1.9700000e+00   1.9345529e+01
   1.9750000e+00   1.9740618e+01
   1.9800000e+00   1.8712341e+01
   1.9850000e+00   1.6578782e+01
   1.9900000e+00   1.3822009e+01
   1.9950000e+00   1.1014810e+01
   2.0000000e+00   8.6973211e+00
   2.0050000e+00   7.2129693e+00
   2.0100000e+00   6.5949827e+00
   2.0150000e+00   6.5975098e+00
   2.0200000e+00   6.8423742e+00
   2.0250000e+00   6.9530919e+00
   2.0300000e+00   6.6093794e+00
   2.0350000e+00   5.5875856e+00
   2.0400000e+00   3.8597731e+00
   2.0450000e+00   1.7060869e+00
   2.0500000e+00  -2.7834082e-01
   2.0550000e+00  -1.3587496e+00
   2.0600000e+00  -9.7907473e-01
   2.0650000e+00   9.5688542e-01
   2.0700000e+00   4.0377133e+00
   2.0750000e+00   7.5146392e+00
   2.0800000e+00   1.0509633e+01
   2.0850000e+00   1.2213655e+01
   2.0900000e+00   1.2152056e+01
   2.0950000e+00   1.0433661e+01
   2.1000000e+00   7.7601575e+00
   2.1050000e+00   5.1304395e+00
   2.1100000e+00   3.4194563e+00
   2.1150000e+00   3.0899932e+00
   2.1200000e+00   4.1910490e+00
   2.1250000e+00   6.5637421e+00
   2.1300000e+00   1.0003066e+01
   2.1350000e+00   1.4240715e+01
   2.1400000e+00   1.8869314e+01
   2.1450000e+00   2.3366024e+01
   2.1500000e+00   2.7200204e+01
   2.1550000e+00   2.9912976e+01
   2.1600000e+00   3.1139763e+01
   2.1650000e+00   3.0642138e+01
   2.1700000e+00   2.8377072e+01
   2.1750000e+00   2.4543462e+01
   2.1800000e+00   1.9542736e+01
   2.1850000e+00   1.3851921e+01
   2.1900000e+00   7.8659679e+00
   2.1950000e+00   1.8007934e+00
   2.2000000e+00  -4.2759378e+00
   2.2050000e+00  -1.0307468e+01
   2.2100000e+00  -1.6099306e+01
   2.2150000e+00  -2.1256468e+01
   2.2200000e+00  -2.5251445e+01
   2.2250000e+00  -2.7583362e+01
   2.2300000e+00  -2.7908770e+01
   2.2350000e+00  -2.6050958e+01
   2.2400000e+00  -2.1943385e+01
   2.2450000e+00  -1.5654371e+01
   2.2500000e+00  -7.5328864e+00
   2.2550000e+00   1.6713189e+00
   2.2600000e+00   1.0884293e+01
   2.2650000e+00   1.8969846e+01
   2.2700000e+00   2.5000643e+01
   2.2750000e+00   2.8402780e+01
   2.2800000e+00   2.8989412e+01
   2.2850000e+00   2.6967122e+01
   2.2900000e+00   2.2953620e+01
   2.2950000e+00   1.7968580e+01
   2.3000000e+00   1.3307373e+01
   2.3050000e+00   1.0227564e+01
   2.3100000e+00   9.5143164e+00
   2.3150000e+00   1.1159781e+01
   2.3200000e+00   1.4389637e+01
   2.3250000e+00   1.8036425e+01
   2.3300000e+00   2.1011300e+01
   2.3350000e+00   2.2612144e+01
   2.3400000e+00   2.2595870e+01
   2.3450000e+00   2.1100810e+01
   2.3500000e+00   1.8515050e+01
   2.3550000e+00   1.5327508e+01
   2.3600000e+00   1.1970710e+01
   2.3650000e+00   8.6806273e+00
   2.3700000e+00   5.4179045e+00
   2.3750000e+00   1.8794980e+00
   2.3800000e+00  -2.4075739e+00
   2.3850000e+00  -7.9247195e+00
   2.3900000e+00  -1.4937091e+01
   2.3950000e+00  -2.3267005e+01
   2.4000000e+00  -3.2214701e+01
   2.4050000e+00  -4.0747567e+01
   2.4100000e+00  -4.7887596e+01
   2.4150000e+00  -5.3037431e+01
   2.4200000e+00  -5.6038120e+01
   2.4250000e+00  -5.7015558e+01
   2.4300000e+00  -5.6229263e+01
   2.4350000e+00  -5.4033672e+01
   2.4400000e+00  -5.0886816e+01
   2.4450000e+00  -4.7323664e+01
   2.4500000e+00  -4.3908342e+01
   2.4550000e+00  -4.1171125e+01
   2.4600000e+00  -3.9473996e+01
   2.4650000e+00  -3.8860217e+01
   2.4700000e+00  -3.9070956e+01
   2.4750000e+00  -3.9764947e+01
   2.4800000e+00  -4.0737088e+01
   2.4850000e+00  -4.1941288e+01
   2.4900000e+00  -4.3336827e+01
   2.4950000e+00  -4.4729582e+01
   2.5000000e+00  -4.5761573e+01
   2.5050000e+00  -4.6084585e+01
   2.5100000e+00  -4.5620316e+01
   2.5150000e+00  -4.4721108e+01
   2.5200000e+00  -4.4089030e+01
   2.5250000e+00  -4.4489271e+01
   2.5300000e+00  -4.6420915e+01
   2.5350000e+00  -4.9882032e+01
   2.5400000e+00  -5.4325214e+01
   2.5450000e+00  -5.8877542e+01
   2.5500000e+00  -6.2761905e+01
   2.5550000e+00  -6.5681328e+01
   2.5600000e+00  -6.7935032e+01
   2.5650000e+00  -7.0213745e+01
   2.5700000e+00  -7.3210492e+01
   2.5750000e+00  -7.7288262e+01
   2.5800000e+00  -8.2385053e+01
   2.5850000e+00  -8.8121483e+01
   2.5900000e+00  -9.3932628e+01
   2.5950000e+00  -9.9134905e+01
   2.6000000e+00  -1.0301008e+02
   2.6050000e+00  -1.0497094e+02
   2.6100000e+00  -1.0469203e+02
   2.6150000e+00  -1.0210231e+02
   2.6200000e+00  -9.7358982e+01
   2.6250000e+00  -9.0902576e+01
   2.6300000e+00  -8.3440586e+01
   2.6350000e+00  -7.5713041e+01
   2.6400000e+00  -6.8178633e+01
   2.6450000e+00  -6.0881380e+01
   2.6500000e+00  -5.3588869e+01
   2.6550000e+00  -4.6078116e+01
   2.6600000e+00  -3.8363998e+01
   2.6650000e+00  -3.0734351e+01
   2.6700000e+00  -2.3616687e+01
   2.6750000e+00  -1.7420768e+01
   2.6800000e+00  -1.2462499e+01
   2.6850000e+00  -8.9373550e+00
   2.6900000e+00  -6.8761064e+00
   2.6950000e+00  -6.1151247e+00
   2.7000000e+00  -6.3171784e+00
   2.7050000e+00  -6.9695141e+00
   2.7100000e+00  -7.3535003e+00
   2.7150000e+00  -6.6469515e+00
   2.7200000e+00  -4.2194964e+00
   2.7250000e+00   6.7427340e-02
   2.7300000e+00   5.7653725e+00
   2.7350000e+00   1.1995282e+01
   2.7400000e+00   1.7771068e+01
   2.7450000e+00   2.2319697e+01
   2.7500000e+00   2.5203548e+01
   2.7550000e+00   2.6181076e+01
   2.7600000e+00   2.4972139e+01
   2.7650000e+00   2.1178714e+01
   2.7700000e+00   1.4416716e+01
   2.7750000e+00   4.4774338e+00
   2.7800000e+00  -8.6459637e+00
   2.7850000e+00  -2.4807247e+01
   2.7900000e+00  -4.3670072e+01
   2.7950000e+00  -6.4606198e+01
   2.8000000e+00  -8.6680244e+01
   2.8050000e+00  -1.0871676e+02
   2.8100000e+00  -1.2938615e+02
   2.8150000e+00  -1.4739779e+02
   2.8200000e+00  -1.6179982e+02
   2.8250000e+00  -1.7215150e+02
   2.8300000e+00  -1.7846363e+02
   2.8350000e+00  -1.8107844e+02
   2.8400000e+00  -1.8059634e+02
   2.8450000e+00  -1.7775802e+02
   2.8500000e+00  -1.7323940e+02
   2.8550000e+00  -1.6747400e+02
   2.8600000e+00  -1.6061271e+02
   2.8650000e+00  -1.5261662e+02
   2.8700000e+00  -1.4342563e+02
   2.8750000e+00  -1.3314156e+02
   2.8800000e+00  -1.2212653e+02
   2.8850000e+00  -1.1093369e+02
   2.8900000e+00  -1.0010949e+02
   2.8950000e+00  -8.9939082e+01
   2.9000000e+00  -8.0149575e+01
   2.9050000e+00  -6.9705351e+01
   2.9100000e+00  -5.6970020e+01
   2.9150000e+00  -4.0271805e+01
   2.9200000e+00  -1.8530263e+01
   2.9250000e+00   8.4193513e+00
   2.9300000e+00   3.9892866e+01
   2.9350000e+00   7.4680871e+01
   2.9400000e+00   1.1143295e+02
   2.9450000e+00   1.4891031e+02
   2.9500000e+00   1.8595726e+02
   2.9550000e+00   2.2122014e+02
   2.9600000e+00   2.5289594e+02
   2.9650000e+00   2.7884232e+02
   2.9700000e+00   2.9708070e+02
   2.9750000e+00   3.0630242e+02
   2.9800000e+00   3.0592760e+02
   2.9850000e+00   2.9570260e+02
   2.9900000e+00   2.7528350e+02
   2.9950000e+00   2.4431123e+02
   3.0000000e+00   2.0311433e+02
   3.0050000e+00   1.5364457e+02
   3.0100000e+00   9.9929574e+01
   3.0150000e+00   4.7429434e+01
   3.0200000e+00   1.3382695e+00
   3.0250000e+00  -3.5188235e+01
   3.0300000e+00  -6.1684654e+01
   3.0350000e+00  -7.9658654e+01
   3.0400000e+00  -9.1307428e+01
   3.0450000e+00  -9.8575155e+01
   3.0500000e+00  -1.0283508e+02
   3.0550000e+00  -1.0496563e+02
   3.0600000e+00  -1.0552879e+02
   3.0650000e+00  -1.0488553e+02
   3.0700000e+00  -1.0321374e+02
   3.0750000e+00  -1.0055038e+02
   3.0800000e+00  -9.6978305e+01
   3.0850000e+00  -9.2827761e+01
   3.0900000e+00  -8.8628280e+01
   3.0950000e+00  -8.4790746e+01
   3.1000000e+00  -8.1310792e+01
   3.1050000e+00  -7.7737944e+01
   3.1100000e+00  -7.3342131e+01
   3.1150000e+00  -6.7297356e+01
   3.1200000e+00  -5.8852475e+01
   3.1250000e+00  -4.7498725e+01
   3.1300000e+00  -3.3054757e+01
   3.1350000e+00  -1.5646572e+01
   3.1400000e+00   4.3094494e+00
   3.1450000e+00   2.6059832e+01
   3.1500000e+00   4.8514035e+01
   3.1550000e+00   7.0410676e+01
   3.1600000e+00   9.0583084e+01
   3.1650000e+00   1.0818915e+02
   3.1700000e+00   1.2288029e+02
   3.1750000e+00   1.3485573e+02
   3.1800000e+00   1.4464155e+02
   3.1850000e+00   1.5261840e+02
   3.1900000e+00   1.5859078e+02
   3.1950000e+00   1.6160373e+02
   3.2000000e+00   1.6001278e+02
   3.2050000e+00   1.5188440e+02
   3.2100000e+00   1.3585125e+02
   3.2150000e+00   1.1216346e+02
   3.2200000e+00   8.3183892e+01
   3.2250000e+00   5.2735017e+01
   3.2300000e+00   2.4596877e+01
   3.2350000e+00   1.1499849e+00
   3.2400000e+00  -1.7075891e+01
   3.2450000e+00  -3.0961627e+01
   3.2500000e+00  -4.1963851e+01
   3.2550000e+00  -5.1334257e+01
   3.2600000e+00  -5.9622944e+01
   3.2650000e+00  -6.6554792e+01
   3.2700000e+00  -7.1236514e+01
   3.2750000e+00  -7.2488839e+01
   3.2800000e+00  -6.9064663e+01
   3.2850000e+00  -5.9764044e+01
   3.2900000e+00  -4.3740382e+01
   3.2950000e+00  -2.1118869e+01
   3.3000000e+00   6.4967321e+00
   3.3050000e+00   3.6256849e+01
   3.3100000e+00   6.5139498e+01
   3.3150000e+00   9.1195872e+01
   3.3200000e+00   1.1410276e+02
   3.3250000e+00   1.3476028e+02
   3.3300000e+00   1.5445215e+02
   3.3350000e+00   1.7424002e+02
   3.3400000e+00   1.9478414e+02
   3.3450000e+00   2.1636747e+02
   3.3500000e+00   2.3893605e+02
   3.3550000e+00   2.6216064e+02
   3.3600000e+00   2.8551196e+02
   3.3650000e+00   3.0825244e+02
   3.3700000e+00   3.2941978e+02
   3.3750000e+00   3.4806251e+02
   3.3800000e+00   3.6371591e+02
   3.3850000e+00   3.7672330e+02
   3.3900000e+00   3.8813496e+02
   3.3950000e+00   3.9932880e+02
   3.4000000e+00   4.1159449e+02
   3.4050000e+00   4.2572182e+02
   3.4100000e+00   4.4159039e+02
   3.4150000e+00   4.5796614e+02
   3.4200000e+00   4.7279674e+02
   3.4250000e+00   4.8398669e+02
   3.4300000e+00   4.9017502e+02
   3.4350000e+00   4.9096467e+02
   3.4400000e+00   4.8648699e+02
   3.4450000e+00   4.7669022e+02
   3.4500000e+00   4.6088856e+02
   3.4550000e+00   4.3790236e+02
   3.4600000e+00   4.0676697e+02
   3.4650000e+00   3.6759653e+02
   3.4700000e+00   3.2198309e+02
   3.4750000e+00   2.7260401e+02
   3.4800000e+00   2.2234075e+02
   3.4850000e+00   1.7353020e+02
   3.4900000e+00   1.2766302e+02
   3.4950000e+00   8.5413447e+01
   3.5000000e+00   4.6846381e+01
   3.5050000e+00   1.1762844e+01
   3.5100000e+00  -1.9939487e+01
   3.5150000e+00  -4.8113076e+01
   3.5200000e+00  -7.2495573e+01
   3.5250000e+00  -9.2956276e+01
   3.5300000e+00  -1.0958529e+02
   3.5350000e+00  -1.2252991e+02
   3.5400000e+00  -1.3175453e+02
   3.5450000e+00  -1.3699310e+02
   3.5500000e+00  -1.3798100e+02
   3.5550000e+00  -1.3483199e+02
   3.5600000e+00  -1.2835536e+02
   3.5650000e+00  -1.2008079e+02
   3.5700000e+00  -1.1183231e+02
   3.5750000e+00  -1.0502611e+02
   3.5800000e+00  -1.0014477e+02
   3.5850000e+00  -9.6706836e+01
   3.5900000e+00  -9.3722539e+01
   3.5950000e+00  -9.0378975e+01
   3.6000000e+00  -8.6525836e+01
   3.6050000e+00  -8.2606106e+01
   3.6100000e+00  -7.9125085e+01
   3.6150000e+00  -7.6157476e+01
   3.6200000e+00  -7.3290736e+01
   3.6250000e+00  -6.9956505e+01
   3.6300000e+00  -6.5825203e+01
   3.6350000e+00  -6.1011781e+01
   3.6400000e+00  -5.6021679e+01
   3.6450000e+00  -5.1488590e+01
   3.6500000e+00  -4.7869514e+01
   3.6550000e+00  -4.5317005e+01
   3.6600000e+00  -4.3817319e+01
   3.6650000e+00  -4.3463213e+01
   3.6700000e+00  -4.4650179e+01
   3.6750000e+00  -4.8072659e+01
   3.6800000e+00  -5.4489642e+01
   3.6850000e+00  -6.4301071e+01
   3.6900000e+00  -7.7133000e+01
   3.6950000e+00  -9.1747781e+01
   3.7000000e+00  -1.0642232e+02
   3.7050000e+00  -1.1959719e+02
   3.7100000e+00  -1.3045207e+02
   3.7150000e+00  -1.3912180e+02
   3.7200000e+00  -1.4639711e+02
   3.7250000e+00  -1.5305398e+02
   3.7300000e+00  -1.5928629e+02
   3.7350000e+00  -1.6462854e+02
   3.7400000e+00  -1.6829245e+02
   3.7450000e+00  -1.6953841e+02
   3.7500000e+00  -1.6780888e+02
   3.7550000e+00  -1.6265003e+02
   3.7600000e+00  -1.5366556e+02
   3.7650000e+00  -1.4074400e+02
   3.7700000e+00  -1.2453015e+02
   3.7750000e+00  -1.0674501e+02
   3.7800000e+00  -8.9925009e+01
   3.7850000e+00  -7.6609469e+01
   3.7900000e+00  -6.8492273e+01
   3.7950000e+00  -6.6055003e+01
   3.8000000e+00  -6.8770932e+01
   3.8050000e+00  -7.5592920e+01
   3.8100000e+00  -8.5428791e+01
   3.8150000e+00  -9.7464721e+01
   3.8200000e+00  -1.1124126e+02
   3.8250000e+00  -1.2645703e+02
   3.8300000e+00  -1.4270643e+02
   3.8350000e+00  -1.5944254e+02
   3.8400000e+00  -1.7617298e+02
   3.8450000e+00  -1.9259205e+02
   3.8500000e+00  -2.0847010e+02
   3.8550000e+00  -2.2349769e+02
   3.8600000e+00  -2.3733828e+02
   3.8650000e+00  -2.4980107e+02
   3.8700000e+00  -2.6085865e+02
   3.8750000e+00  -2.7047204e+02
   3.8800000e+00  -2.7850297e+02
   3.8850000e+00  -2.8502340e+02
   3.8900000e+00  -2.9087492e+02
   3.8950000e+00  -2.9760196e+02
   3.9000000e+00  -3.0615426e+02
   3.9050000e+00  -3.1542433e+02
   3.9100000e+00  -3.2226853e+02
   3.9150000e+00  -3.2292770e+02
   3.9200000e+00  -3.1460941e+02
   3.9250000e+00  -2.9668049e+02
   3.9300000e+00  -2.7107856e+02
   3.9350000e+00  -2.4120622e+02
   3.9400000e+00  -2.0975664e+02
   3.9450000e+00  -1.7737258e+02
   3.9500000e+00  -1.4329740e+02
   3.9550000e+00  -1.0708498e+02
   3.9600000e+00  -6.9594944e+01
   3.9650000e+00  -3.2555058e+01
   3.9700000e+00   2.5573389e+00
   3.9750000e+00   3.5158955e+01
   3.9800000e+00   6.5361279e+01
   3.9850000e+00   9.3454316e+01
   3.9900000e+00   1.1964163e+02
   3.9950000e+00   1.4406033e+02
   4.0000000e+00   1.6683048e+02
   4.0050000e+00   1.8802259e+02
   4.0100000e+00   2.0762685e+02
   4.0150000e+00   2.2559420e+02
   4.0200000e+00   2.4188069e+02
   4.0250000e+00   2.5638146e+02
   4.0300000e+00   2.6879926e+02
   4.0350000e+00   2.7865729e+02
   4.0400000e+00   2.8555671e+02
   4.0450000e+00   2.8950992e+02
   4.0500000e+00   2.9109288e+02
   4.0550000e+00   2.9130125e+02
   4.0600000e+00   2.9119570e+02
   4.0650000e+00   2.9155394e+02
   4.0700000e+00   2.9272668e+02
   4.0750000e+00   2.9471928e+02
   4.0800000e+00   2.9734341e+02
   4.0850000e+00   3.0028597e+02
   4.0900000e+00   3.0310628e+02
   4.0950000e+00   3.0524970e+02
   4.1000000e+00   3.0606354e+02
   4.1050000e+00   3.0480353e+02
   4.1100000e+00   3.0077807e+02
   4.1150000e+00   2.9370556e+02
   4.1200000e+00   2.8402433e+02
   4.1250000e+00   2.7278927e+02
   4.1300000e+00   2.6115023e+02
   4.1350000e+00   2.4982975e+02
   4.1400000e+00   2.3898306e+02
   4.1450000e+00   2.2841197e+02
   4.1500000e+00   2.1783785e+02
   4.1550000e+00   2.0703613e+02
   4.1600000e+00   1.9584663e+02
   4.1650000e+00   1.8415314e+02
   4.1700000e+00   1.7187970e+02
   4.1750000e+00   1.5899490e+02
   4.1800000e+00   1.4550518e+02
   4.1850000e+00   1.3142777e+02
   4.1900000e+00   1.1672951e+02
   4.1950000e+00   1.0122798e+02
   4.2000000e+00   8.4512772e+01
   4.2050000e+00   6.5967427e+01
   4.2100000e+00   4.4882160e+01
   4.2150000e+00   2.0615388e+01
   4.2200000e+00  -7.1402300e+00
   4.2250000e+00  -3.7965399e+01
   4.2300000e+00  -7.0434635e+01
   4.2350000e+00  -1.0233625e+02
   4.2400000e+00  -1.3145761e+02
   4.2450000e+00  -1.5643944e+02
   4.2500000e+00  -1.7709670e+02
   4.2550000e+00  -1.9409464e+02
   4.2600000e+00  -2.0832858e+02
   4.2650000e+00  -2.2042273e+02
   4.2700000e+00  -2.3059753e+02
   4.2750000e+00  -2.3886729e+02
   4.2800000e+00  -2.4527719e+02
   4.2850000e+00  -2.4996357e+02
   4.2900000e+00  -2.5311258e+02
   4.2950000e+00  -2.5496733e+02
   4.3000000e+00  -2.5586666e+02
   4.3050000e+00  -2.5621565e+02
   4.3100000e+00  -2.5638459e+02
   4.3150000e+00  -2.5663138e+02
   4.3200000e+00  -2.5711337e+02
   4.3250000e+00  -2.5791546e+02
   4.3300000e+00  -2.5895814e+02
   4.3350000e+00  -2.5983679e+02
   4.3400000e+00  -2.5984918e+02
   4.3450000e+00  -2.5830826e+02
   4.3500000e+00  -2.5490460e+02
   4.3550000e+00  -2.4983866e+02
   4.3600000e+00  -2.4367575e+02
   4.3650000e+00  -2.3704670e+02
   4.3700000e+00  -2.3032379e+02
   4.3750000e+00  -2.2338366e+02
   4.3800000e+00  -2.1556709e+02
   4.3850000e+00  -2.0586231e+02
   4.3900000e+00  -1.9320033e+02
   4.3950000e+00  -1.7673904e+02
   4.4000000e+00  -1.5614540e+02
   4.4050000e+00  -1.3191009e+02
   4.4100000e+00  -1.0553052e+02
   4.4150000e+00  -7.9273192e+01
   4.4200000e+00  -5.5458919e+01
   4.4250000e+00  -3.5637067e+01
   4.4300000e+00  -2.0192063e+01
   4.4350000e+00  -8.5856464e+00
   4.4400000e+00   9.2116637e-02
   4.4450000e+00   6.6687700e+00
   4.4500000e+00   1.1605970e+01
   4.4550000e+00   1.4833794e+01
   4.4600000e+00   1.5783593e+01
   4.4650000e+00   1.3654461e+01
   4.4700000e+00   7.7436843e+00
   4.4750000e+00  -2.3432697e+00
   4.4800000e+00  -1.6618090e+01
   4.4850000e+00  -3.4671302e+01
   4.4900000e+00  -5.5610088e+01
   4.4950000e+00  -7.8032580e+01
   4.5000000e+00  -1.0017303e+02
   4.5050000e+00  -1.2030796e+02
   4.5100000e+00  -1.3733285e+02
   4.5150000e+00  -1.5118388e+02
   4.5200000e+00  -1.6276098e+02
   4.5250000e+00  -1.7334895e+02
   4.5300000e+00  -1.8393118e+02
   4.5350000e+00  -1.9484812e+02
   4.5400000e+00  -2.0594819e+02
   4.5450000e+00  -2.1700731e+02
   4.5500000e+00  -2.2803204e+02
   4.5550000e+00  -2.3917817e+02
   4.5600000e+00  -2.5034280e+02
   4.5650000e+00  -2.6082392e+02
   4.5700000e+00  -2.6942949e+02
   4.5750000e+00  -2.7498694e+02
   4.5800000e+00  -2.7686637e+02
   4.5850000e+00  -2.7523071e+02
   4.5900000e+00  -2.7095907e+02
   4.5950000e+00  -2.6530020e+02
   4.6000000e+00  -2.5940976e+02
   4.6050000e+00  -2.5400310e+02
   4.6100000e+00  -2.4927550e+02
   4.6150000e+00  -2.4505521e+02
   4.6200000e+00  -2.4103941e+02
   4.6250000e+00  -2.3698064e+02
   4.6300000e+00  -2.3276302e+02
   4.6350000e+00  -2.2833845e+02
   4.6400000e+00  -2.2348946e+02
   4.6450000e+00  -2.1749594e+02
   4.6500000e+00  -2.0899747e+02
   4.6550000e+00  -1.9630339e+02
   4.6600000e+00  -1.7801611e+02
   4.6650000e+00  -1.5363509e+02
   4.6700000e+00  -1.2393484e+02
   4.6750000e+00  -9.0897414e+01
   4.6800000e+00  -5.7046939e+01
   4.6850000e+00  -2.4558179e+01
   4.6900000e+00   5.2317806e+00
   4.6950000e+00   3.1766626e+01
   4.7000000e+00   5.4969793e+01
   4.7050000e+00   7.4934942e+01
   4.7100000e+00   9.1708567e+01
   4.7150000e+00   1.0523492e+02
   4.7200000e+00   1.1542243e+02
   4.7250000e+00   1.2221315e+02
   4.7300000e+00   1.2564161e+02
   4.7350000e+00   1.2594901e+02
   4.7400000e+00   1.2370669e+02
   4.7450000e+00   1.1979414e+02
   4.7500000e+00   1.1517894e+02
   4.7550000e+00   1.1065212e+02
   4.7600000e+00   1.0672776e+02
   4.7650000e+00   1.0374239e+02
   4.7700000e+00   1.0199663e+02
   4.7750000e+00   1.0179186e+02
   4.7800000e+00   1.0336124e+02
   4.7850000e+00   1.0676320e+02
   4.7900000e+00   1.1177788e+02
   4.7950000e+00   1.1786212e+02
   4.8000000e+00   1.2427933e+02
   4.8050000e+00   1.3044716e+02
   4.8100000e+00   1.3629138e+02
   4.8150000e+00   1.4227026e+02
   4.8200000e+00   1.4900168e+02
   4.8250000e+00   1.5683191e+02
   4.8300000e+00   1.6573786e+02
   4.8350000e+00   1.7557207e+02
   4.8400000e+00   1.8630423e+02
   4.8450000e+00   1.9800359e+02
   4.8500000e+00   2.1065623e+02
   4.8550000e+00   2.2404801e+02
   4.8600000e+00   2.3776348e+02
   4.8650000e+00   2.5118122e+02
   4.8700000e+00   2.6344206e+02
   4.8750000e+00   2.7353491e+02
   4.8800000e+00   2.8058577e+02
   4.8850000e+00   2.8422853e+02
   4.8900000e+00   2.8485590e+02
   4.8950000e+00   2.8361920e+02
   4.9000000e+00   2.8215693e+02
   4.9050000e+00   2.8215474e+02
   4.9100000e+00   2.8491827e+02
   4.9150000e+00   2.9109127e+02
   4.9200000e+00   3.0053353e+02
   4.9250000e+00   3.1235881e+02
   4.9300000e+00   3.2520178e+02
   4.9350000e+00   3.3765847e+02
   4.9400000e+00   3.4859708e+02
   4.9450000e+00   3.5714778e+02
   4.9500000e+00   3.6258140e+02
   4.9550000e+00   3.6433962e+02
   4.9600000e+00   3.6214437e+02
   4.9650000e+00   3.5596483e+02
   4.9700000e+00   3.4586487e+02
   4.9750000e+00   3.3196762e+02
   4.9800000e+00   3.1460222e+02
   4.9850000e+00   2.9444262e+02
   4.9900000e+00   2.7249072e+02
   4.9950000e+00   2.4991271e+02
   5.0000000e+00   2.2778135e+02
   5.0050000e+00   2.0682647e+02
   5.0100000e+00   1.8732377e+02
   5.0150000e+00   1.6913309e+02
   5.0200000e+00   1.5182133e+02
   5.0250000e+00   1.3488268e+02
   5.0300000e+00   1.1804754e+02
   5.0350000e+00   1.0149813e+02
   5.0400000e+00   8.5797471e+01
   5.0450000e+00   7.1595459e+01
   5.0500000e+00   5.9377197e+01
   5.0550000e+00   4.9392586e+01
   5.0600000e+00   4.1676558e+01
   5.0650000e+00   3.6083482e+01
   5.0700000e+00   3.2378368e+01
   5.0750000e+00   3.0383199e+01
   5.0800000e+00   3.0087948e+01
   5.0850000e+00   3.1638734e+01
   5.0900000e+00   3.5144306e+01
   5.0950000e+00   4.0352640e+01
   5.1000000e+00   4.6448053e+01
   5.1050000e+00   5.2205825e+01
   5.1100000e+00   5.6424003e+01
   5.1150000e+00   5.8320239e+01
   5.1200000e+00   5.7692714e+01
   5.1250000e+00   5.4873535e+01
   5.1300000e+00   5.0583261e+01
   5.1350000e+00   4.5751337e+01
   5.1400000e+00   4.1322024e+01
   5.1450000e+00   3.8059514e+01
   5.1500000e+00   3.6386890e+01
   5.1550000e+00   3.6296642e+01
   5.1600000e+00   3.7345931e+01
   5.1650000e+00   3.8750486e+01
   5.1700000e+00   3.9587101e+01
   5.1750000e+00   3.9037713e+01
   5.1800000e+00   3.6549849e+01
   5.1850000e+00   3.1856098e+01
   5.1900000e+00   2.4914003e+01
   5.1950000e+00   1.5868987e+01
   5.2000000e+00   5.0810306e+00
   5.2050000e+00  -6.8295253e+00
   5.2100000e+00  -1.8998299e+01
   5.2150000e+00  -3.0472662e+01
   5.2200000e+00  -4.0516580e+01
   5.2250000e+00  -4.8917339e+01
   5.2300000e+00  -5.6066252e+01
   5.2350000e+00  -6.2736117e+01
   5.2400000e+00  -6.9703472e+01
   5.2450000e+00  -7.7429447e+01
   5.2500000e+00  -8.5926100e+01
   5.2550000e+00  -9.4828197e+01
   5.2600000e+00  -1.0361452e+02
   5.2650000e+00  -1.1186422e+02
   5.2700000e+00  -1.1941275e+02
   5.2750000e+00  -1.2633452e+02
   5.2800000e+00  -1.3281332e+02
   5.2850000e+00  -1.3904742e+02
   5.2900000e+00  -1.4525246e+02
   5.2950000e+00  -1.5165955e+02
   5.3000000e+00  -1.5839930e+02
   5.3050000e+00  -1.6532845e+02
   5.3100000e+00  -1.7196128e+02
   5.3150000e+00  -1.7759996e+02
   5.3200000e+00  -1.8161138e+02
   5.3250000e+00  -1.8369115e+02
   5.3300000e+00  -1.8396088e+02
   5.3350000e+00  -1.8286622e+02
   5.3400000e+00  -1.8097284e+02
   5.3450000e+00  -1.7877986e+02
   5.3500000e+00  -1.7660157e+02
   5.3550000e+00  -1.7451511e+02
   5.3600000e+00  -1.7237372e+02
   5.3650000e+00  -1.6987722e+02
   5.3700000e+00  -1.6664775e+02
   5.3750000e+00  -1.6225795e+02
   5.3800000e+00  -1.5622634e+02
   5.3850000e+00  -1.4804822e+02
   5.3900000e+00  -1.3731586e+02
   5.3950000e+00  -1.2391545e+02
   5.4000000e+00  -1.0820908e+02
   5.4050000e+00  -9.1082366e+01
   5.4100000e+00  -7.3799268e+01
   5.4150000e+00  -5.7719052e+01
   5.4200000e+00  -4.4000460e+01
   5.4250000e+00  -3.3389230e+01
   5.4300000e+00  -2.6128428e+01
   5.4350000e+00  -2.2018905e+01
   5.4400000e+00  -2.0621751e+01
   5.4450000e+00  -2.1488731e+01
   5.4500000e+00  -2.4284255e+01
   5.4550000e+00  -2.8804240e+01
   5.4600000e+00  -3.4962399e+01
   5.4650000e+00  -4.2714653e+01
   5.4700000e+00  -5.1911852e+01
   5.4750000e+00  -6.2222318e+01
   5.4800000e+00  -7.3223412e+01
   5.4850000e+00  -8.4533323e+01
   5.4900000e+00  -9.5795748e+01
   5.4950000e+00  -1.0655533e+02
   5.5000000e+00  -1.1625078e+02
   5.5050000e+00  -1.2441725e+02
   5.5100000e+00  -1.3090244e+02
   5.5150000e+00  -1.3584681e+02
   5.5200000e+00  -1.3944233e+02
   5.5250000e+00  -1.4173978e+02
   5.5300000e+00  -1.4269832e+02
   5.5350000e+00  -1.4239927e+02
   5.5400000e+00  -1.4121401e+02
   5.5450000e+00  -1.3977780e+02
   5.5500000e+00  -1.3875933e+02
   5.5550000e+00  -1.3856687e+02
   5.5600000e+00  -1.3917751e+02
   5.5650000e+00  -1.4015354e+02
   5.5700000e+00  -1.4079613e+02
   5.5750000e+00  -1.4038603e+02
   5.5800000e+00  -1.3843364e+02
   5.5850000e+00  -1.3481150e+02
   5.5900000e+00  -1.2971574e+02
   5.5950000e+00  -1.2351874e+02
   5.6000000e+00  -1.1658543e+02
   5.6050000e+00  -1.0911845e+02
   5.6100000e+00  -1.0113620e+02
   5.6150000e+00  -9.2634913e+01
   5.6200000e+00  -8.3816894e+01
   5.6250000e+00  -7.5182098e+01
   5.6300000e+00  -6.7389536e+01
   5.6350000e+00  -6.0983653e+01
   5.6400000e+00  -5.6181831e+01
   5.6450000e+00  -5.2863957e+01
   5.6500000e+00  -5.0746290e+01
   5.6550000e+00  -4.9580801e+01
   5.6600000e+00  -4.9218698e+01
   5.6650000e+00  -4.9533068e+01
   5.6700000e+00  -5.0343592e+01
   5.6750000e+00  -5.1451199e+01
   5.6800000e+00  -5.2733060e+01
   5.6850000e+00  -5.4171194e+01
   5.6900000e+00  -5.5771454e+01
   5.6950000e+00  -5.7458272e+01
   5.7000000e+00  -5.9058617e+01
   5.7050000e+00  -6.0400423e+01
   5.7100000e+00  -6.1436420e+01
   5.7150000e+00  -6.2262060e+01
   5.7200000e+00  -6.2992815e+01
   5.7250000e+00  -6.3638006e+01
   5.7300000e+00  -6.4125296e+01
   5.7350000e+00  -6.4433740e+01
   5.7400000e+00  -6.4669873e+01
   5.7450000e+00  -6.5027348e+01
   5.7500000e+00  -6.5698596e+01
   5.7550000e+00  -6.6813863e+01
   5.7600000e+00  -6.8439542e+01
   5.7650000e+00  -7.0598524e+01
   5.7700000e+00  -7.3234243e+01
   5.7750000e+00  -7.6147196e+01
   5.7800000e+00  -7.9028184e+01
   5.7850000e+00  -8.1577760e+01
   5.7900000e+00  -8.3567470e+01
   5.7950000e+00  -8.4808557e+01
   5.8000000e+00  -8.5125478e+01
   5.8050000e+00  -8.4391383e+01
   5.8100000e+00  -8.2604527e+01
   5.8150000e+00  -7.9947246e+01
   5.8200000e+00  -7.6747811e+01
   5.8250000e+00  -7.3331473e+01
   5.8300000e+00  -6.9862184e+01
   5.8350000e+00  -6.6262609e+01
   5.8400000e+00  -6.2195168e+01
   5.8450000e+00  -5.7073313e+01
   5.8500000e+00  -5.0137741e+01
   5.8550000e+00  -4.0640612e+01
   5.8600000e+00  -2.8109795e+01
   5.8650000e+00  -1.2593181e+01
   5.8700000e+00   5.2444740e+00
   5.8750000e+00   2.4255426e+01
   5.8800000e+00   4.3126019e+01
   5.8850000e+00   6.0708568e+01
   5.8900000e+00   7.6207319e+01
   5.8950000e+00   8.9174775e+01
   5.9000000e+00   9.9398028e+01
   5.9050000e+00   1.0678457e+02
   5.9100000e+00   1.1127478e+02
   5.9150000e+00   1.1274499e+02
   5.9200000e+00   1.1092223e+02
   5.9250000e+00   1.0539769e+02
   5.9300000e+00   9.5778536e+01
   5.9350000e+00   8.1944636e+01
   5.9400000e+00   6.4332425e+01
   5.9450000e+00   4.4072191e+01
   5.9500000e+00   2.2819443e+01
   5.9550000e+00   2.3837530e+00
   5.9600000e+00  -1.5602409e+01
   5.9650000e+00  -2.9923047e+01
   5.9700000e+00  -4.0001252e+01
   5.9750000e+00  -4.6035887e+01
   5.9800000e+00  -4.8878543e+01
   5.9850000e+00  -4.9648646e+01
   5.9900000e+00  -4.9320749e+01
   5.9950000e+00  -4.8494581e+01
   6.0000000e+00  -4.7351965e+01
   6.0050000e+00  -4.5726204e+01
   6.0100000e+00  -4.3278456e+01
   6.0150000e+00  -3.9761387e+01
   6.0200000e+00  -3.5209613e+01
   6.0250000e+00  -2.9878030e+01
   6.0300000e+00  -2.3983510e+01
   6.0350000e+00  -1.7524600e+01
   6.0400000e+00  -1.0375854e+01
   6.0450000e+00  -2.5911321e+00
   6.0500000e+00   5.3278669e+00
   6.0550000e+00   1.2440887e+01
   6.0600000e+00   1.7714047e+01
   6.0650000e+00   2.0478888e+01
   6.0700000e+00   2.0700170e+01
   6.0750000e+00   1.8960816e+01
   6.0800000e+00   1.6274790e+01
   6.0850000e+00   1.3827131e+01
   6.0900000e+00   1.2678922e+01
   6.0950000e+00   1.3500191e+01
   6.1000000e+00   1.6425286e+01
   6.1050000e+00   2.1078292e+01
   6.1100000e+00   2.6729039e+01
   6.1150000e+00   3.2498722e+01
   6.1200000e+00   3.7555325e+01
   6.1250000e+00   4.1264349e+01
   6.1300000e+00   4.3267568e+01
   6.1350000e+00   4.3488110e+01
   6.1400000e+00   4.2096980e+01
   6.1450000e+00   3.9475216e+01
   6.1500000e+00   3.6169478e+01
   6.1550000e+00   3.2817150e+01
   6.1600000e+00   3.0030119e+01
   6.1650000e+00   2.8250824e+01
   6.1700000e+00   2.7617998e+01
   6.1750000e+00   2.7905676e+01
   6.1800000e+00   2.8595312e+01
   6.1850000e+00   2.9074968e+01
   6.1900000e+00   2.8872573e+01
   6.1950000e+00   2.7792849e+01
   6.2000000e+00   2.5873489e+01
   6.2050000e+00   2.3202257e+01
   6.2100000e+00   1.9756240e+01
   6.2150000e+00   1.5406806e+01
   6.2200000e+00   1.0082259e+01
   6.2250000e+00   3.9401369e+00
   6.2300000e+00  -2.6076599e+00
   6.2350000e+00  -9.0512884e+00
   6.2400000e+00  -1.5008502e+01
   6.2450000e+00  -2.0367078e+01
   6.2500000e+00  -2.5284807e+01
   6.2550000e+00  -3.0101155e+01
   6.2600000e+00  -3.5235159e+01
   6.2650000e+00  -4.1077988e+01
   6.2700000e+00  -4.7852091e+01
   6.2750000e+00  -5.5476170e+01
   6.2800000e+00  -6.3536446e+01
   6.2850000e+00  -7.1401468e+01
   6.2900000e+00  -7.8424466e+01
   6.2950000e+00  -8.4178064e+01
   6.3000000e+00  -8.8689804e+01
   6.3050000e+00  -9.2573934e+01
   6.3100000e+00  -9.6883859e+01
   6.3150000e+00  -1.0266664e+02
   6.3200000e+00  -1.1048259e+02
   6.3250000e+00  -1.2016639e+02
   6.3300000e+00  -1.3085800e+02
   6.3350000e+00  -1.4121579e+02
   6.3400000e+00  -1.4978266e+02
   6.3450000e+00  -1.5542739e+02
   6.3500000e+00  -1.5766471e+02
   6.3550000e+00  -1.5671857e+02
   6.3600000e+00  -1.5337581e+02
   6.3650000e+00  -1.4872258e+02
   6.3700000e+00  -1.4379044e+02
   6.3750000e+00  -1.3921424e+02
   6.3800000e+00  -1.3513154e+02
   6.3850000e+00  -1.3140082e+02
   6.3900000e+00  -1.2790463e+02
   6.3950000e+00  -1.2467079e+02
   6.4000000e+00  -1.2180117e+02
   6.4050000e+00  -1.1936874e+02
   6.4100000e+00  -1.1736911e+02
   6.4150000e+00  -1.1570008e+02
   6.4200000e+00  -1.1416472e+02
   6.4250000e+00  -1.1253651e+02
   6.4300000e+00  -1.1066446e+02
   6.4350000e+00  -1.0853303e+02
   6.4400000e+00  -1.0623462e+02
   6.4450000e+00  -1.0389400e+02
   6.4500000e+00  -1.0160507e+02
   6.4550000e+00  -9.9406387e+01
   6.4600000e+00  -9.7290203e+01
   6.4650000e+00  -9.5233346e+01
   6.4700000e+00  -9.3245402e+01
   6.4750000e+00  -9.1433563e+01
   6.4800000e+00  -9.0069152e+01
   6.4850000e+00  -8.9595799e+01
   6.4900000e+00  -9.0509903e+01
   6.4950000e+00  -9.3148826e+01
   6.5000000e+00  -9.7541852e+01
   6.5050000e+00  -1.0344223e+02
   6.5100000e+00  -1.1047796e+02
   6.5150000e+00  -1.1824571e+02
   6.5200000e+00  -1.2628039e+02
   6.5250000e+00  -1.3401230e+02
   6.5300000e+00  -1.4082447e+02
   6.5350000e+00  -1.4617793e+02
   6.5400000e+00  -1.4969366e+02
   6.5450000e+00  -1.5114272e+02
   6.5500000e+00  -1.5038186e+02
   6.5550000e+00  -1.4727905e+02
   6.5600000e+00  -1.4167046e+02
   6.5650000e+00  -1.3340334e+02
   6.5700000e+00  -1.2244675e+02
   6.5750000e+00  -1.0897868e+02
   6.5800000e+00  -9.3436742e+01
   6.5850000e+00  -7.6579710e+01
   6.5900000e+00  -5.9489067e+01
   6.5950000e+00  -4.3389334e+01
   6.6000000e+00  -2.9338211e+01
   6.6050000e+00  -1.7966183e+01
   6.6100000e+00  -9.3832292e+00
   6.6150000e+00  -3.2783395e+00
   6.6200000e+00   8.4993524e-01
   6.6250000e+00   3.4913421e+00
   6.6300000e+00   5.0567258e+00
   6.6350000e+00   5.8852250e+00
   6.6400000e+00   6.2403225e+00
   6.6450000e+00   6.3139855e+00
   6.6500000e+00   6.2710178e+00
   6.6550000e+00   6.2767045e+00
   6.6600000e+00   6.4444276e+00
   6.6650000e+00   6.7563068e+00
   6.6700000e+00   7.0621368e+00
   6.6750000e+00   7.1643121e+00
   6.6800000e+00   6.9189060e+00
   6.6850000e+00   6.3123739e+00
   6.6900000e+00   5.4882022e+00
   6.6950000e+00   4.6853608e+00
   6.7000000e+00   4.1132074e+00
   6.7050000e+00   3.8663541e+00
   6.7100000e+00   3.9397347e+00
   6.7150000e+00   4.2775780e+00
   6.7200000e+00   4.7444850e+00
   6.7250000e+00   5.0147085e+00
   6.7300000e+00   4.5377037e+00
   6.7350000e+00   2.7364125e+00
   6.7400000e+00  -6.5459437e-01
   6.7450000e+00  -5.4139880e+00
   6.7500000e+00  -1.0987686e+01
   6.7550000e+00  -1.6809752e+01
   6.7600000e+00  -2.2503356e+01
   6.7650000e+00  -2.7862237e+01
   6.7700000e+00  -3.2747237e+01
   6.7750000e+00  -3.7049663e+01
   6.7800000e+00  -4.0718738e+01
   6.7850000e+00  -4.3774947e+01
   6.7900000e+00  -4.6341893e+01
   6.7950000e+00  -4.8769152e+01
   6.8000000e+00  -5.1694029e+01
   6.8050000e+00  -5.5810698e+01
   6.8100000e+00  -6.1469661e+01
   6.8150000e+00  -6.8451719e+01
   6.8200000e+00  -7.6002346e+01
   6.8250000e+00  -8.3015491e+01
   6.8300000e+00  -8.8341982e+01
   6.8350000e+00  -9.1148872e+01
   6.8400000e+00  -9.1092622e+01
   6.8450000e+00  -8.8185929e+01
   6.8500000e+00  -8.2551306e+01
   6.8550000e+00  -7.4334777e+01
   6.8600000e+00  -6.3812320e+01
   6.8650000e+00  -5.1519300e+01
   6.8700000e+00  -3.8289544e+01
   6.8750000e+00  -2.5185648e+01
   6.8800000e+00  -1.3280553e+01
   6.8850000e+00  -3.2923703e+00
   6.8900000e+00   4.7358510e+00
   6.8950000e+00   1.1422569e+01
   6.9000000e+00   1.7623251e+01
   6.9050000e+00   2.3883255e+01
   6.9100000e+00   3.0192091e+01
   6.9150000e+00   3.6186318e+01
   6.9200000e+00   4.1529107e+01
   6.9250000e+00   4.6103113e+01
   6.9300000e+00   4.9940795e+01
   6.9350000e+00   5.3066866e+01
   6.9400000e+00   5.5411345e+01
   6.9450000e+00   5.6829185e+01
   6.9500000e+00   5.7187892e+01
   6.9550000e+00   5.6457460e+01
   6.9600000e+00   5.4750682e+01
   6.9650000e+00   5.2312565e+01
   6.9700000e+00   4.9486009e+01
   6.9750000e+00   4.6655790e+01
   6.9800000e+00   4.4159319e+01
   6.9850000e+00   4.2199219e+01
   6.9900000e+00   4.0823018e+01
   6.9950000e+00   3.9972618e+01
   7.0000000e+00   3.9529595e+01
   7.0050000e+00   3.9301425e+01
   7.0100000e+00   3.8973727e+01
   7.0150000e+00   3.8099555e+01
   7.0200000e+00   3.6186698e+01
   7.0250000e+00   3.2889041e+01
   7.0300000e+00   2.8216954e+01
   7.0350000e+00   2.2625874e+01
   7.0400000e+00   1.6905784e+01
   7.0450000e+00   1.1931372e+01
   7.0500000e+00   8.4234944e+00
   7.0550000e+00   6.8563326e+00
   7.0600000e+00   7.5245764e+00
   7.0650000e+00   1.0654761e+01
   7.0700000e+00   1.6435048e+01
   7.0750000e+00   2.4943374e+01
   7.0800000e+00   3.6042862e+01
   7.0850000e+00   4.9279116e+01
   7.0900000e+00   6.3768015e+01
   7.0950000e+00   7.8200906e+01
   7.1000000e+00   9.1156896e+01
   7.1050000e+00   1.0157174e+02
   7.1100000e+00   1.0896235e+02
   7.1150000e+00   1.1333078e+02
   7.1200000e+00   1.1502506e+02
   7.1250000e+00   1.1468708e+02
   7.1300000e+00   1.1315569e+02
   7.1350000e+00   1.1126387e+02
   7.1400000e+00   1.0967178e+02
   7.1450000e+00   1.0885888e+02
   7.1500000e+00   1.0920951e+02
   7.1550000e+00   1.1104000e+02
   7.1600000e+00   1.1451664e+02
   7.1650000e+00   1.1955886e+02
   7.1700000e+00   1.2583596e+02
   7.1750000e+00   1.3286349e+02
   7.1800000e+00   1.4015417e+02
   7.1850000e+00   1.4737486e+02
   7.1900000e+00   1.5440760e+02
   7.1950000e+00   1.6124402e+02
   7.2000000e+00   1.6783108e+02
   7.2050000e+00   1.7404684e+02
   7.2100000e+00   1.7978992e+02
   7.2150000e+00   1.8502251e+02
   7.2200000e+00   1.8973854e+02
   7.2250000e+00   1.9399347e+02
   7.2300000e+00   1.9800708e+02
   7.2350000e+00   2.0214384e+02
   7.2400000e+00   2.0670909e+02
   7.2450000e+00   2.1177076e+02
   7.2500000e+00   2.1715808e+02
   7.2550000e+00   2.2254910e+02
   7.2600000e+00   2.2753484e+02
   7.2650000e+00   2.3168599e+02
   7.2700000e+00   2.3467655e+02
   7.2750000e+00   2.3641744e+02
   7.2800000e+00   2.3708724e+02
   7.2850000e+00   2.3700670e+02
   7.2900000e+00   2.3642759e+02
   7.2950000e+00   2.3537951e+02
   7.3000000e+00   2.3367859e+02
   7.3050000e+00   2.3108459e+02
   7.3100000e+00   2.2748559e+02
   7.3150000e+00   2.2296409e+02
   7.3200000e+00   2.1768292e+02
   7.3250000e+00   2.1168139e+02
   7.3300000e+00   2.0475960e+02
   7.3350000e+00   1.9655979e+02
   7.3400000e+00   1.8680204e+02
   7.3450000e+00   1.7551801e+02
   7.3500000e+00   1.6309681e+02
   7.3550000e+00   1.5008142e+02
   7.3600000e+00   1.3689340e+02
   7.3650000e+00   1.2374341e+02
   7.3700000e+00   1.1076256e+02
   7.3750000e+00   9.8139604e+01
   7.3800000e+00   8.6106365e+01
   7.3850000e+00   7.4884455e+01
   7.3900000e+00   6.4758133e+01
   7.3950000e+00   5.6183788e+01
   7.4000000e+00   4.9703037e+01
   7.4050000e+00   4.5647282e+01
   7.4100000e+00   4.3919033e+01
   7.4150000e+00   4.4075716e+01
   7.4200000e+00   4.5590516e+01
   7.4250000e+00   4.8031147e+01
   7.4300000e+00   5.1118759e+01
   7.4350000e+00   5.4790370e+01
   7.4400000e+00   5.9254158e+01
   7.4450000e+00   6.4883533e+01
   7.4500000e+00   7.1940545e+01
   7.4550000e+00   8.0357047e+01
   7.4600000e+00   8.9753614e+01
   7.4650000e+00   9.9596755e+01
   7.4700000e+00   1.0928851e+02
   7.4750000e+00   1.1819371e+02
   7.4800000e+00   1.2578593e+02
   7.4850000e+00   1.3190835e+02
   7.4900000e+00   1.3689026e+02
   7.4950000e+00   1.4137365e+02
   7.5000000e+00   1.4600975e+02
   7.5050000e+00   1.5124829e+02
   7.5100000e+00   1.5727523e+02
   7.5150000e+00   1.6404806e+02
   7.5200000e+00   1.7139766e+02
   7.5250000e+00   1.7913961e+02
   7.5300000e+00   1.8707273e+02
   7.5350000e+00   1.9486251e+02
   7.5400000e+00   2.0200503e+02
   7.5450000e+00   2.0798463e+02
   7.5500000e+00   2.1249484e+02
   7.5550000e+00   2.1555767e+02
   7.5600000e+00   2.1748822e+02
   7.5650000e+00   2.1871438e+02
   7.5700000e+00   2.1954702e+02
   7.5750000e+00   2.2007000e+02
   7.5800000e+00   2.2021051e+02
   7.5850000e+00   2.1988466e+02
   7.5900000e+00   2.1911091e+02
   7.5950000e+00   2.1804951e+02
   7.6000000e+00   2.1693399e+02
   7.6050000e+00   2.1590408e+02
   7.6100000e+00   2.1486486e+02
   7.6150000e+00   2.1351149e+02
   7.6200000e+00   2.1148332e+02
   7.6250000e+00   2.0845965e+02
   7.6300000e+00   2.0410945e+02
   7.6350000e+00   1.9801239e+02
   7.6400000e+00   1.8969444e+02
   7.6450000e+00   1.7880504e+02
   7.6500000e+00   1.6536824e+02
   7.6550000e+00   1.4996381e+02
   7.6600000e+00   1.3367512e+02
   7.6650000e+00   1.1778241e+02
   7.6700000e+00   1.0337341e+02
   7.6750000e+00   9.1089356e+01
   7.6800000e+00   8.1108422e+01
   7.6850000e+00   7.3298006e+01
   7.6900000e+00   6.7370724e+01
   7.6950000e+00   6.2952305e+01
   7.7000000e+00   5.9618283e+01
   7.7050000e+00   5.6974609e+01
   7.7100000e+00   5.4768318e+01
   7.7150000e+00   5.2988119e+01
   7.7200000e+00   5.1910529e+01
   7.7250000e+00   5.2014884e+01
   7.7300000e+00   5.3777727e+01
   7.7350000e+00   5.7501508e+01
   7.7400000e+00   6.3266859e+01
   7.7450000e+00   7.0904080e+01
   7.7500000e+00   7.9892288e+01
   7.7550000e+00   8.9310029e+01
   7.7600000e+00   9.8022278e+01
   7.7650000e+00   1.0505632e+02
   7.7700000e+00   1.0990776e+02
   7.7750000e+00   1.1259646e+02
   7.7800000e+00   1.1350844e+02
   7.7850000e+00   1.1316622e+02
   7.7900000e+00   1.1204327e+02
   7.7950000e+00   1.1046333e+02
   7.8000000e+00   1.0856265e+02
   7.8050000e+00   1.0630559e+02
   7.8100000e+00   1.0358598e+02
   7.8150000e+00   1.0037360e+02
   7.8200000e+00   9.6763155e+01
   7.8250000e+00   9.2874925e+01
   7.8300000e+00   8.8747804e+01
   7.8350000e+00   8.4366108e+01
   7.8400000e+00   7.9764303e+01
   7.8450000e+00   7.5055243e+01
   7.8500000e+00   7.0360782e+01
   7.8550000e+00   6.5736368e+01
   7.8600000e+00   6.1111097e+01
   7.8650000e+00   5.6246975e+01
   7.8700000e+00   5.0828969e+01
   7.8750000e+00   4.4732809e+01
   7.8800000e+00   3.8266926e+01
   7.8850000e+00   3.2124619e+01
   7.8900000e+00   2.7036348e+01
   7.8950000e+00   2.3378880e+01
   7.9000000e+00   2.1005586e+01
   7.9050000e+00   1.9371425e+01
   7.9100000e+00   1.7848766e+01
   7.9150000e+00   1.6050495e+01
   7.9200000e+00   1.3983521e+01
   7.9250000e+00   1.1958930e+01
   7.9300000e+00   1.0349414e+01
   7.9350000e+00   9.3854411e+00
   7.9400000e+00   9.1245779e+00
   7.9450000e+00   9.5643052e+00
   7.9500000e+00   1.0743799e+01
   7.9550000e+00   1.2708316e+01
   7.9600000e+00   1.5369297e+01
   7.9650000e+00   1.8405243e+01
   7.9700000e+00   2.1287456e+01
   7.9750000e+00   2.3392810e+01
   7.9800000e+00   2.4132554e+01
   7.9850000e+00   2.3065362e+01
   7.9900000e+00   1.9988008e+01
   7.9950000e+00   1.4982768e+01
   8.0000000e+00   8.3905194e+00
   8.0050000e+00   6.9842472e-01
   8.0100000e+00  -7.6438199e+00
   8.0150000e+00  -1.6418172e+01
   8.0200000e+00  -2.5713781e+01
   8.0250000e+00  -3.5789220e+01
   8.0300000e+00  -4.6798559e+01
   8.0350000e+00  -5.8575402e+01
   8.0400000e+00  -7.0600690e+01
   8.0450000e+00  -8.2141798e+01
   8.0500000e+00  -9.2474333e+01
   8.0550000e+00  -1.0108160e+02
   8.0600000e+00  -1.0775352e+02
   8.0650000e+00  -1.1255821e+02
   8.0700000e+00  -1.1569525e+02
   8.0750000e+00  -1.1730206e+02
   8.0800000e+00  -1.1736477e+02
   8.0850000e+00  -1.1582040e+02
   8.0900000e+00  -1.1274503e+02
   8.0950000e+00  -1.0845994e+02
   8.1000000e+00  -1.0352399e+02
   8.1050000e+00  -9.8677827e+01
   8.1100000e+00  -9.4714261e+01
   8.1150000e+00  -9.2198850e+01
   8.1200000e+00  -9.1176371e+01
   8.1250000e+00  -9.1152884e+01
   8.1300000e+00  -9.1385457e+01
   8.1350000e+00  -9.1200883e+01
   8.1400000e+00  -9.0147894e+01
   8.1450000e+00  -8.8035036e+01
   8.1500000e+00  -8.4944539e+01
   8.1550000e+00  -8.1206020e+01
   8.1600000e+00  -7.7267989e+01
   8.1650000e+00  -7.3457538e+01
   8.1700000e+00  -6.9728765e+01
   8.1750000e+00  -6.5585532e+01
   8.1800000e+00  -6.0300677e+01
   8.1850000e+00  -5.3329189e+01
   8.1900000e+00  -4.4629377e+01
   8.1950000e+00  -3.4706197e+01
   8.2000000e+00  -2.4460792e+01
   8.2050000e+00  -1.4989517e+01
   8.2100000e+00  -7.3290361e+00
   8.2150000e+00  -2.1449045e+00
   8.2200000e+00   4.8277656e-01
   8.2250000e+00   1.0204010e+00
   8.2300000e+00   2.3075086e-01
   8.2350000e+00  -1.1115141e+00
   8.2400000e+00  -2.4313715e+00
   8.2450000e+00  -3.4917213e+00
   8.2500000e+00  -4.4454734e+00
   8.2550000e+00  -5.7421359e+00
   8.2600000e+00  -7.8857982e+00
   8.2650000e+00  -1.1164473e+01
   8.2700000e+00  -1.5511738e+01
   8.2750000e+00  -2.0559820e+01
   8.2800000e+00  -2.5800981e+01
   8.2850000e+00  -3.0740153e+01
   8.2900000e+00  -3.5012689e+01
   8.2950000e+00  -3.8492590e+01
   8.3000000e+00  -4.1346129e+01
   8.3050000e+00  -4.3962908e+01
   8.3100000e+00  -4.6798598e+01
   8.3150000e+00  -5.0211124e+01
   8.3200000e+00  -5.4326914e+01
   8.3250000e+00  -5.8980473e+01
   8.3300000e+00  -6.3778173e+01
   8.3350000e+00  -6.8247182e+01
   8.3400000e+00  -7.1979550e+01
   8.3450000e+00  -7.4731087e+01
   8.3500000e+00  -7.6450470e+01
   8.3550000e+00  -7.7219576e+01
   8.3600000e+00  -7.7167884e+01
   8.3650000e+00  -7.6448477e+01
   8.3700000e+00  -7.5259401e+01
   8.3750000e+00  -7.3831677e+01
   8.3800000e+00  -7.2369026e+01
   8.3850000e+00  -7.0993316e+01
   8.3900000e+00  -6.9733613e+01
   8.3950000e+00  -6.8535605e+01
   8.4000000e+00  -6.7237036e+01
   8.4050000e+00  -6.5489804e+01
   8.4100000e+00  -6.2689332e+01
   8.4150000e+00  -5.8031282e+01
   8.4200000e+00  -5.0761712e+01
   8.4250000e+00  -4.0508752e+01
   8.4300000e+00  -2.7449716e+01
   8.4350000e+00  -1.2162654e+01
   8.4400000e+00   4.6864225e+00
   8.4450000e+00   2.2490115e+01
   8.4500000e+00   4.0599482e+01
   8.4550000e+00   5.8251827e+01
   8.4600000e+00   7.4712139e+01
   8.4650000e+00   8.9458804e+01
   8.4700000e+00   1.0218632e+02
   8.4750000e+00   1.1266655e+02
   8.4800000e+00   1.2067597e+02
   8.4850000e+00   1.2606020e+02
   8.4900000e+00   1.2882295e+02
   8.4950000e+00   1.2913681e+02
   8.5000000e+00   1.2728470e+02
   8.5050000e+00   1.2358297e+02
   8.5100000e+00   1.1831508e+02
   8.5150000e+00   1.1170067e+02
   8.5200000e+00   1.0392994e+02
   8.5250000e+00   9.5242385e+01
   8.5300000e+00   8.5962775e+01
   8.5350000e+00   7.6434928e+01
   8.5400000e+00   6.6914720e+01
   8.5450000e+00   5.7555702e+01
   8.5500000e+00   4.8524774e+01
   8.5550000e+00   4.0127652e+01
   8.5600000e+00   3.2814141e+01
   8.5650000e+00   2.7064448e+01
   8.5700000e+00   2.3239921e+01
   8.5750000e+00   2.1442901e+01
   8.5800000e+00   2.1404403e+01
   8.5850000e+00   2.2500012e+01
   8.5900000e+00   2.3998100e+01
   8.5950000e+00   2.5409537e+01
   8.6000000e+00   2.6624641e+01
   8.6050000e+00   2.7719924e+01
   8.6100000e+00   2.8676703e+01
   8.6150000e+00   2.9323454e+01
   8.6200000e+00   2.9534017e+01
   8.6250000e+00   2.9429743e+01
   8.6300000e+00   2.9342392e+01
   8.6350000e+00   2.9554368e+01
   8.6400000e+00   3.0044107e+01
   8.6450000e+00   3.0416045e+01
   8.6500000e+00   3.0031484e+01
   8.6550000e+00   2.8291483e+01
   8.6600000e+00   2.4973334e+01
   8.6650000e+00   2.0414582e+01
   8.6700000e+00   1.5373194e+01
   8.6750000e+00   1.0647138e+01
   8.6800000e+00   6.7406400e+00
   8.6850000e+00   3.7856210e+00
   8.6900000e+00   1.6838099e+00
   8.6950000e+00   2.9399278e-01
   8.7000000e+00  -4.6878495e-01
   8.7050000e+00  -6.4277166e-01
   8.7100000e+00  -2.8325956e-01
   8.7150000e+00   4.9323167e-01
   8.7200000e+00   1.5328056e+00
   8.7250000e+00   2.7223399e+00
   8.7300000e+00   4.0474903e+00
   8.7350000e+00   5.5666061e+00
   8.7400000e+00   7.3218057e+00
   8.7450000e+00   9.2635855e+00
   8.7500000e+00   1.1230366e+01
   8.7550000e+00   1.2976334e+01
   8.7600000e+00   1.4239250e+01
   8.7650000e+00   1.4833441e+01
   8.7700000e+00   1.4707659e+01
   8.7750000e+00   1.3900121e+01
   8.7800000e+00   1.2420890e+01
   8.7850000e+00   1.0176191e+01
   8.7900000e+00   6.9844432e+00
   8.7950000e+00   2.6513542e+00
   8.8000000e+00  -2.9059565e+00
   8.8050000e+00  -9.5204134e+00
   8.8100000e+00  -1.6748012e+01
   8.8150000e+00  -2.4015331e+01
   8.8200000e+00  -3.0823824e+01
   8.8250000e+00  -3.6862264e+01
   8.8300000e+00  -4.2013652e+01
   8.8350000e+00  -4.6328864e+01
   8.8400000e+00  -4.9995444e+01
   8.8450000e+00  -5.3275980e+01
   8.8500000e+00  -5.6411692e+01
   8.8550000e+00  -5.9522695e+01
   8.8600000e+00  -6.2541141e+01
   8.8650000e+00  -6.5224037e+01
   8.8700000e+00  -6.7269208e+01
   8.8750000e+00  -6.8446217e+01
   8.8800000e+00  -6.8590402e+01
   8.8850000e+00  -6.7430408e+01
   8.8900000e+00  -6.4415507e+01
   8.8950000e+00  -5.8752987e+01
   8.9000000e+00  -4.9701651e+01
   8.9050000e+00  -3.6983902e+01
   8.9100000e+00  -2.1120018e+01
   8.9150000e+00  -3.4914479e+00
   8.9200000e+00   1.3988512e+01
   8.9250000e+00   2.9497220e+01
   8.9300000e+00   4.1891078e+01
   8.9350000e+00   5.0936482e+01
   8.9400000e+00   5.7109675e+01
   8.9450000e+00   6.1167967e+01
   8.9500000e+00   6.3774548e+01
   8.9550000e+00   6.5320065e+01
   8.9600000e+00   6.5902335e+01
   8.9650000e+00   6.5388101e+01
   8.9700000e+00   6.3549160e+01
   8.9750000e+00   6.0249551e+01
   8.9800000e+00   5.5577723e+01
   8.9850000e+00   4.9846000e+01
   8.9900000e+00   4.3505813e+01
   8.9950000e+00   3.7071150e+01
   9.0000000e+00   3.1056612e+01
   9.0050000e+00   2.5897730e+01
   9.0100000e+00   2.1916453e+01
   9.0150000e+00   1.9390459e+01
   9.0200000e+00   1.8597932e+01
   9.0250000e+00   1.9680985e+01
   9.0300000e+00   2.2429481e+01
   9.0350000e+00   2.6256186e+01
   9.0400000e+00   3.0444537e+01
   9.0450000e+00   3.4457149e+01
   9.0500000e+00   3.8091116e+01
   9.0550000e+00   4.1479591e+01
   9.0600000e+00   4.4993052e+01
   9.0650000e+00   4.9029375e+01
   9.0700000e+00   5.3784467e+01
   9.0750000e+00   5.9203489e+01
   9.0800000e+00   6.5135122e+01
   9.0850000e+00   7.1456432e+01
   9.0900000e+00   7.7999807e+01
   9.0950000e+00   8.4423905e+01
   9.1000000e+00   9.0250309e+01
   9.1050000e+00   9.5025209e+01
   9.1100000e+00   9.8422278e+01
   9.1150000e+00   1.0025565e+02
   9.1200000e+00   1.0046541e+02
   9.1250000e+00   9.9070724e+01
   9.1300000e+00   9.6088342e+01
   9.1350000e+00   9.1477251e+01
   9.1400000e+00   8.5137421e+01
   9.1450000e+00   7.6924839e+01
   9.1500000e+00   6.6685572e+01
   9.1550000e+00   5.4375400e+01
   9.1600000e+00   4.0256022e+01
   9.1650000e+00   2.5018689e+01
   9.1700000e+00   9.6918582e+00
   9.1750000e+00  -4.6267498e+00
   9.1800000e+00  -1.7019553e+01
   9.1850000e+00  -2.6874152e+01
   9.1900000e+00  -3.3966493e+01
   9.1950000e+00  -3.8539715e+01
   9.2000000e+00  -4.1240709e+01
   9.2050000e+00  -4.2842998e+01
   9.2100000e+00  -4.3923180e+01
   9.2150000e+00  -4.4709954e+01
   9.2200000e+00  -4.5157686e+01
   9.2250000e+00  -4.5145677e+01
   9.2300000e+00  -4.4670797e+01
   9.2350000e+00  -4.3936600e+01
   9.2400000e+00  -4.3310078e+01
   9.2450000e+00  -4.3192751e+01
   9.2500000e+00  -4.3899994e+01
   9.2550000e+00  -4.5631017e+01
   9.2600000e+00  -4.8524548e+01
   9.2650000e+00  -5.2695812e+01
   9.2700000e+00  -5.8165972e+01
   9.2750000e+00  -6.4733317e+01
   9.2800000e+00  -7.1938764e+01
   9.2850000e+00  -7.9210521e+01
   9.2900000e+00  -8.6088807e+01
   9.2950000e+00  -9.2326940e+01
   9.3000000e+00  -9.7780813e+01
   9.3050000e+00  -1.0225457e+02
   9.3100000e+00  -1.0553544e+02
   9.3150000e+00  -1.0757068e+02
   9.3200000e+00  -1.0852883e+02
   9.3250000e+00  -1.0867725e+02
   9.3300000e+00  -1.0824551e+02
   9.3350000e+00  -1.0739466e+02
   9.3400000e+00  -1.0627265e+02
   9.3450000e+00  -1.0508900e+02
   9.3500000e+00  -1.0412865e+02
   9.3550000e+00  -1.0366596e+02
   9.3600000e+00  -1.0384759e+02
   9.3650000e+00  -1.0463682e+02
   9.3700000e+00  -1.0583102e+02
   9.3750000e+00  -1.0712744e+02
   9.3800000e+00  -1.0822036e+02
   9.3850000e+00  -1.0888335e+02
   9.3900000e+00  -1.0898605e+02
   9.3950000e+00  -1.0846585e+02
   9.4000000e+00  -1.0731784e+02
   9.4050000e+00  -1.0561579e+02
   9.4100000e+00  -1.0350916e+02
   9.4150000e+00  -1.0114779e+02
   9.4200000e+00  -9.8569111e+01
   9.4250000e+00  -9.5656795e+01
   9.4300000e+00  -9.2229974e+01
   9.4350000e+00  -8.8181642e+01
   9.4400000e+00  -8.3552504e+01
   9.4450000e+00  -7.8534443e+01
   9.4500000e+00  -7.3447329e+01
   9.4550000e+00  -6.8681354e+01
   9.4600000e+00  -6.4595430e+01
   9.4650000e+00  -6.1422612e+01
   9.4700000e+00  -5.9245113e+01
   9.4750000e+00  -5.8049543e+01
   9.4800000e+00  -5.7814162e+01
   9.4850000e+00  -5.8556475e+01
   9.4900000e+00  -6.0307411e+01
   9.4950000e+00  -6.3047913e+01
   9.5000000e+00  -6.6666171e+01
   9.5050000e+00  -7.0956316e+01
   9.5100000e+00  -7.5648793e+01
   9.5150000e+00  -8.0455054e+01
   9.5200000e+00  -8.5093557e+01
   9.5250000e+00  -8.9269195e+01
   9.5300000e+00  -9.2642131e+01
   9.5350000e+00  -9.4876874e+01
   9.5400000e+00  -9.5796454e+01
   9.5450000e+00  -9.5521808e+01
   9.5500000e+00  -9.4447941e+01
   9.5550000e+00  -9.3048291e+01
   9.5600000e+00  -9.1631639e+01
   9.5650000e+00  -9.0184359e+01
   9.5700000e+00  -8.8364606e+01
   9.5750000e+00  -8.5634563e+01
   9.5800000e+00  -8.1449837e+01
   9.5850000e+00  -7.5415937e+01
   9.5900000e+00  -6.7364049e+01
   9.5950000e+00  -5.7337182e+01
   9.6000000e+00  -4.5532512e+01
   9.6050000e+00  -3.2292653e+01
   9.6100000e+00  -1.8156401e+01
   9.6150000e+00  -3.8626756e+00
   9.6200000e+00   9.7507151e+00
   9.6250000e+00   2.1919477e+01
   9.6300000e+00   3.2162663e+01
   9.6350000e+00   4.0434401e+01
   9.6400000e+00   4.7049659e+01
   9.6450000e+00   5.2398986e+01
   9.6500000e+00   5.6712500e+01
   9.6550000e+00   6.0047726e+01
   9.6600000e+00   6.2409346e+01
   9.6650000e+00   6.3852702e+01
   9.6700000e+00   6.4550388e+01
   9.6750000e+00   6.4836798e+01
   9.6800000e+00   6.5176162e+01
   9.6850000e+00   6.6035398e+01
   9.6900000e+00   6.7753419e+01
   9.6950000e+00   7.0453372e+01
   9.7000000e+00   7.3948939e+01
   9.7050000e+00   7.7696369e+01
   9.7100000e+00   8.0933559e+01
   9.7150000e+00   8.2971649e+01
   9.7200000e+00   8.3429003e+01
   9.7250000e+00   8.2295228e+01
   9.7300000e+00   7.9881418e+01
   9.7350000e+00   7.6708040e+01
   9.7400000e+00   7.3313725e+01
   9.7450000e+00   7.0027636e+01
   9.7500000e+00   6.6852758e+01
   9.7550000e+00   6.3553627e+01
   9.7600000e+00   5.9855414e+01
   9.7650000e+00   5.5574366e+01
   9.7700000e+00   5.0634337e+01
   9.7750000e+00   4.5091928e+01
   9.7800000e+00   3.9237246e+01
   9.7850000e+00   3.3651321e+01
   9.7900000e+00   2.9081928e+01
   9.7950000e+00   2.6169787e+01
   9.8000000e+00   2.5189361e+01
   9.8050000e+00   2.5940688e+01
   9.8100000e+00   2.7813990e+01
   9.8150000e+00   2.9968638e+01
   9.8200000e+00   3.1561876e+01
   9.8250000e+00   3.1974598e+01
   9.8300000e+00   3.0963094e+01
   9.8350000e+00   2.8641472e+01
   9.8400000e+00   2.5245480e+01
   9.8450000e+00   2.0798265e+01
   9.8500000e+00   1.4951980e+01
   9.8550000e+00   7.1715200e+00
   9.8600000e+00  -2.8940988e+00
   9.8650000e+00  -1.5189428e+01
   9.8700000e+00  -2.9341805e+01
   9.8750000e+00  -4.4899279e+01
   9.8800000e+00  -6.1459789e+01
   9.8850000e+00  -7.8637490e+01
   9.8900000e+00  -9.6018747e+01
   9.8950000e+00  -1.1321017e+02
   9.9000000e+00  -1.2988879e+02
   9.9050000e+00  -1.4576892e+02
   9.9100000e+00  -1.6057884e+02
   9.9150000e+00  -1.7412742e+02
   9.9200000e+00  -1.8635663e+02
   9.9250000e+00  -1.9728062e+02
   9.9300000e+00  -2.0689909e+02
   9.9350000e+00  -2.1520826e+02
   9.9400000e+00  -2.2225716e+02
   9.9450000e+00  -2.2811144e+02
   9.9500000e+00  -2.3274076e+02
   9.9550000e+00  -2.3599056e+02
   9.9600000e+00  -2.3769623e+02
   9.9650000e+00  -2.3779913e+02
   9.9700000e+00  -2.3629920e+02
   9.9750000e+00  -2.3303921e+02
   9.9800000e+00  -2.2746287e+02
   9.9850000e+00  -2.1851983e+02
   9.9900000e+00  -2.0489405e+02
   9.9950000e+00  -1.8562035e+02
   1.0000000e+01  -1.6076844e+02
   1.0005000e+01  -1.3164415e+02
   1.0010000e+01  -1.0035168e+02
   1.0015000e+01  -6.9128584e+01
   1.0020000e+01  -3.9915861e+01
   1.0025000e+01  -1.4218791e+01
   1.0030000e+01   6.9670078e+00
   1.0035000e+01   2.3255473e+01
   1.0040000e+01   3.4861808e+01
   1.0045000e+01   4.2399833e+01
   1.0050000e+01   4.6612384e+01
   1.0055000e+01   4.8225574e+01
   1.0060000e+01   4.7950118e+01
   1.0065000e+01   4.6478933e+01
   1.0070000e+01   4.4381540e+01
   1.0075000e+01   4.2007510e+01
   1.0080000e+01   3.9564914e+01
   1.0085000e+01   3.7302000e+01
   1.0090000e+01   3.5549906e+01
   1.0095000e+01   3.4578973e+01
   1.0100000e+01   3.4460780e+01
   1.0105000e+01   3.5060108e+01
   1.0110000e+01   3.6103029e+01
   1.0115000e+01   3.7266126e+01
   1.0120000e+01   3.8308861e+01
   1.0125000e+01   3.9211148e+01
   1.0130000e+01   4.0165353e+01
   1.0135000e+01   4.1351923e+01
   1.0140000e+01   4.2664421e+01
   1.0145000e+01   4.3646519e+01
   1.0150000e+01   4.3724138e+01
   1.0155000e+01   4.2548611e+01
   1.0160000e+01   4.0184322e+01
   1.0165000e+01   3.7027614e+01
   1.0170000e+01   3.3552913e+01
   1.0175000e+01   3.0082283e+01
   1.0180000e+01   2.6720986e+01
   1.0185000e+01   2.3431397e+01
   1.0190000e+01   2.0106748e+01
   1.0195000e+01   1.6605027e+01
   1.0200000e+01   1.2828565e+01
   1.0205000e+01   8.8515192e+00
   1.0210000e+01   4.9620078e+00
   1.0215000e+01   1.5401063e+00
   1.0220000e+01  -1.1509407e+00
   1.0225000e+01  -3.1179053e+00
   1.0230000e+01  -4.6406114e+00
   1.0235000e+01  -6.1432600e+00
   1.0240000e+01  -8.0588019e+00
   1.0245000e+01  -1.0787810e+01
   1.0250000e+01  -1.4716296e+01
   1.0255000e+01  -2.0190854e+01
   1.0260000e+01  -2.7422064e+01
   1.0265000e+01  -3.6375537e+01
   1.0270000e+01  -4.6712769e+01
   1.0275000e+01  -5.7801031e+01
   1.0280000e+01  -6.8805211e+01
   1.0285000e+01  -7.8869846e+01
   1.0290000e+01  -8.7329723e+01
   1.0295000e+01  -9.3835723e+01
   1.0300000e+01  -9.8336726e+01
   1.0305000e+01  -1.0095426e+02
   1.0310000e+01  -1.0185733e+02
   1.0315000e+01  -1.0125075e+02
   1.0320000e+01  -9.9466583e+01
   1.0325000e+01  -9.7000846e+01
   1.0330000e+01  -9.4389801e+01
   1.0335000e+01  -9.2018042e+01
   1.0340000e+01  -9.0020889e+01
   1.0345000e+01  -8.8329782e+01
   1.0350000e+01  -8.6793821e+01
   1.0355000e+01  -8.5299827e+01
   1.0360000e+01  -8.3845877e+01
   1.0365000e+01  -8.2537793e+01
   1.0370000e+01  -8.1507862e+01
   1.0375000e+01  -8.0815251e+01
   1.0380000e+01  -8.0406131e+01
   1.0385000e+01  -8.0152718e+01
   1.0390000e+01  -7.9923417e+01
   1.0395000e+01  -7.9623362e+01
   1.0400000e+01  -7.9181042e+01
   1.0405000e+01  -7.8515284e+01
   1.0410000e+01  -7.7542972e+01
   1.0415000e+01  -7.6231114e+01
   1.0420000e+01  -7.4616568e+01
   1.0425000e+01  -7.2734658e+01
   1.0430000e+01  -7.0522893e+01
   1.0435000e+01  -6.7837131e+01
   1.0440000e+01  -6.4603397e+01
   1.0445000e+01  -6.0957641e+01
   1.0450000e+01  -5.7223642e+01
   1.0455000e+01  -5.3744087e+01
   1.0460000e+01  -5.0714755e+01
   1.0465000e+01  -4.8149907e+01
   1.0470000e+01  -4.5979597e+01
   1.0475000e+01  -4.4178859e+01
   1.0480000e+01  -4.2834972e+01
   1.0485000e+01  -4.2127740e+01
   1.0490000e+01  -4.2228485e+01
   1.0495000e+01  -4.3155995e+01
   1.0500000e+01  -4.4731093e+01
   1.0505000e+01  -4.6757779e+01
   1.0510000e+01  -4.9307955e+01
   1.0515000e+01  -5.2814135e+01
   1.0520000e+01  -5.7856343e+01
   1.0525000e+01  -6.4837699e+01
   1.0530000e+01  -7.3798378e+01
   1.0535000e+01  -8.4420437e+01
   1.0540000e+01  -9.6120472e+01
   1.0545000e+01  -1.0815317e+02
   1.0550000e+01  -1.1973829e+02
   1.0555000e+01  -1.3021820e+02
   1.0560000e+01  -1.3916805e+02
   1.0565000e+01  -1.4639262e+02
   1.0570000e+01  -1.5187683e+02
   1.0575000e+01  -1.5579114e+02
   1.0580000e+01  -1.5852150e+02
   1.0585000e+01  -1.6059621e+02
   1.0590000e+01  -1.6247647e+02
   1.0595000e+01  -1.6434424e+02
   1.0600000e+01  -1.6604421e+02
   1.0605000e+01  -1.6721130e+02
   1.0610000e+01  -1.6750584e+02
   1.0615000e+01  -1.6683612e+02
   1.0620000e+01  -1.6543364e+02
   1.0625000e+01  -1.6371521e+02
   1.0630000e+01  -1.6203973e+02
   1.0635000e+01  -1.6057586e+02
   1.0640000e+01  -1.5938069e+02
   1.0645000e+01  -1.5856055e+02
   1.0650000e+01  -1.5832052e+02
   1.0655000e+01  -1.5886864e+02
   1.0660000e+01  -1.6029039e+02
   1.0665000e+01  -1.6250058e+02
   1.0670000e+01  -1.6530245e+02
   1.0675000e+01  -1.6853127e+02
   1.0680000e+01  -1.7220754e+02
   1.0685000e+01  -1.7656927e+02
   1.0690000e+01  -1.8189666e+02
   1.0695000e+01  -1.8823425e+02
   1.0700000e+01  -1.9525385e+02
   1.0705000e+01  -2.0238478e+02
   1.0710000e+01  -2.0908304e+02
   1.0715000e+01  -2.1499691e+02
   1.0720000e+01  -2.1991424e+02
   1.0725000e+01  -2.2361276e+02
   1.0730000e+01  -2.2583176e+02
   1.0735000e+01  -2.2640240e+02
   1.0740000e+01  -2.2534837e+02
   1.0745000e+01  -2.2284167e+02
   1.0750000e+01  -2.1912537e+02
   1.0755000e+01  -2.1450660e+02
   1.0760000e+01  -2.0934437e+02
   1.0765000e+01  -2.0394088e+02
   1.0770000e+01  -1.9839604e+02
   1.0775000e+01  -1.9257724e+02
   1.0780000e+01  -1.8628157e+02
   1.0785000e+01  -1.7947542e+02
   1.0790000e+01  -1.7238050e+02
   1.0795000e+01  -1.6533251e+02
   1.0800000e+01  -1.5859779e+02
   1.0805000e+01  -1.5232988e+02
   1.0810000e+01  -1.4662387e+02
   1.0815000e+01  -1.4153622e+02
   1.0820000e+01  -1.3705463e+02
   1.0825000e+01  -1.3308028e+02
   1.0830000e+01  -1.2941374e+02
   1.0835000e+01  -1.2569500e+02
   1.0840000e+01  -1.2133777e+02
   1.0845000e+01  -1.1554250e+02
   1.0850000e+01  -1.0737939e+02
   1.0855000e+01  -9.5894901e+01
   1.0860000e+01  -8.0304140e+01
   1.0865000e+01  -6.0334068e+01
   1.0870000e+01  -3.6538317e+01
   1.0875000e+01  -1.0258615e+01
   1.0880000e+01   1.6808055e+01
   1.0885000e+01   4.3103250e+01
   1.0890000e+01   6.7484890e+01
   1.0895000e+01   8.9321231e+01
   1.0900000e+01   1.0849274e+02
   1.0905000e+01   1.2524292e+02
   1.0910000e+01   1.3983596e+02
   1.0915000e+01   1.5219733e+02
   1.0920000e+01   1.6181260e+02
   1.0925000e+01   1.6795619e+02
   1.0930000e+01   1.7003061e+02
   1.0935000e+01   1.6776954e+02
   1.0940000e+01   1.6130585e+02
   1.0945000e+01   1.5127135e+02
   1.0950000e+01   1.3893373e+02
   1.0955000e+01   1.2611680e+02
   1.0960000e+01   1.1471472e+02
   1.0965000e+01   1.0600163e+02
   1.0970000e+01   1.0017071e+02
   1.0975000e+01   9.6342209e+01
   1.0980000e+01   9.2969841e+01
   1.0985000e+01   8.8437448e+01
   1.0990000e+01   8.1603036e+01
   1.0995000e+01   7.2095145e+01
   1.1000000e+01   6.0338209e+01
   1.1005000e+01   4.7363667e+01
   1.1010000e+01   3.4393261e+01
   1.1015000e+01   2.2293823e+01
   1.1020000e+01   1.1250731e+01
   1.1025000e+01   9.0052213e-01
   1.1030000e+01  -9.2419306e+00
   1.1035000e+01  -1.9399649e+01
   1.1040000e+01  -2.9380902e+01
   1.1045000e+01  -3.8650912e+01
   1.1050000e+01  -4.6510054e+01
   1.1055000e+01  -5.2258048e+01
   1.1060000e+01  -5.5316593e+01
   1.1065000e+01  -5.5328910e+01
   1.1070000e+01  -5.2185256e+01
   1.1075000e+01  -4.5901247e+01
   1.1080000e+01  -3.6419085e+01
   1.1085000e+01  -2.3539513e+01
   1.1090000e+01  -7.1123798e+00
   1.1095000e+01   1.2629503e+01
   1.1100000e+01   3.4866848e+01
   1.1105000e+01   5.8280951e+01
   1.1110000e+01   8.1325446e+01
   1.1115000e+01   1.0249379e+02
   1.1120000e+01   1.2054343e+02
   1.1125000e+01   1.3472453e+02
   1.1130000e+01   1.4497103e+02
   1.1135000e+01   1.5192626e+02
   1.1140000e+01   1.5671705e+02
   1.1145000e+01   1.6052051e+02
   1.1150000e+01   1.6412806e+02
   1.1155000e+01   1.6775727e+02
   1.1160000e+01   1.7116602e+02
   1.1165000e+01   1.7390073e+02
   1.1170000e+01   1.7553348e+02
   1.1175000e+01   1.7584975e+02
   1.1180000e+01   1.7492741e+02
   1.1185000e+01   1.7304553e+02
   1.1190000e+01   1.7048596e+02
   1.1195000e+01   1.6737554e+02
   1.1200000e+01   1.6368219e+02
   1.1205000e+01   1.5937353e+02
   1.1210000e+01   1.5459477e+02
   1.1215000e+01   1.4967021e+02
   1.1220000e+01   1.4493042e+02
   1.1225000e+01   1.4056535e+02
   1.1230000e+01   1.3661251e+02
   1.1235000e+01   1.3300127e+02
   1.1240000e+01   1.2958469e+02
   1.1245000e+01   1.2620454e+02
   1.1250000e+01   1.2278626e+02
   1.1255000e+01   1.1932611e+02
   1.1260000e+01   1.1573108e+02
   1.1265000e+01   1.1172960e+02
   1.1270000e+01   1.0704161e+02
   1.1275000e+01   1.0165828e+02
   1.1280000e+01   9.5912211e+01
   1.1285000e+01   9.0260617e+01
   1.1290000e+01   8.5024419e+01
   1.1295000e+01   8.0309627e+01
   1.1300000e+01   7.6084538e+01
   1.1305000e+01   7.2276358e+01
   1.1310000e+01   6.8819307e+01
   1.1315000e+01   6.5643501e+01
   1.1320000e+01   6.2631301e+01
   1.1325000e+01   5.9606916e+01
   1.1330000e+01   5.6387322e+01
   1.1335000e+01   5.2859751e+01
   1.1340000e+01   4.9049308e+01
   1.1345000e+01   4.5115659e+01
   1.1350000e+01   4.1208226e+01
   1.1355000e+01   3.7275520e+01
   1.1360000e+01   3.3058887e+01
   1.1365000e+01   2.8314696e+01
   1.1370000e+01   2.3052505e+01
   1.1375000e+01   1.7606947e+01
   1.1380000e+01   1.2544454e+01
   1.1385000e+01   8.4860153e+00
   1.1390000e+01   5.9245456e+00
   1.1395000e+01   5.1035706e+00
   1.1400000e+01   5.9893573e+00
   1.1405000e+01   8.3268945e+00
   1.1410000e+01   1.1739673e+01
   1.1415000e+01   1.5816918e+01
   1.1420000e+01   2.0167738e+01
   1.1425000e+01   2.4471338e+01
   1.1430000e+01   2.8507195e+01
   1.1435000e+01   3.2097799e+01
   1.1440000e+01   3.5007288e+01
   1.1445000e+01   3.6953922e+01
   1.1450000e+01   3.7772308e+01
   1.1455000e+01   3.7559027e+01
   1.1460000e+01   3.6637605e+01
   1.1465000e+01   3.5356960e+01
   1.1470000e+01   3.3891082e+01
   1.1475000e+01   3.2210618e+01
   1.1480000e+01   3.0225974e+01
   1.1485000e+01   2.7927818e+01
   1.1490000e+01   2.5406942e+01
   1.1495000e+01   2.2817360e+01
   1.1500000e+01   2.0363233e+01
   1.1505000e+01   1.8265530e+01
   1.1510000e+01   1.6648211e+01
   1.1515000e+01   1.5412354e+01
   1.1520000e+01   1.4236006e+01
   1.1525000e+01   1.2730361e+01
   1.1530000e+01   1.0620975e+01
   1.1535000e+01   7.8009344e+00
   1.1540000e+01   4.2576623e+00
   1.1545000e+01   2.5337887e-03
   1.1550000e+01  -4.9380301e+00
   1.1555000e+01  -1.0508851e+01
   1.1560000e+01  -1.6589429e+01
   1.1565000e+01  -2.2942914e+01
   1.1570000e+01  -2.9260671e+01
   1.1575000e+01  -3.5341896e+01
   1.1580000e+01  -4.1246683e+01
   1.1585000e+01  -4.7257090e+01
   1.1590000e+01  -5.3666157e+01
   1.1595000e+01  -6.0547146e+01
   1.1600000e+01  -6.7674835e+01
   1.1605000e+01  -7.4677151e+01
   1.1610000e+01  -8.1292918e+01
   1.1615000e+01  -8.7506488e+01
   1.1620000e+01  -9.3477047e+01
   1.1625000e+01  -9.9382031e+01
   1.1630000e+01  -1.0531599e+02
   1.1635000e+01  -1.1127722e+02
   1.1640000e+01  -1.1719389e+02
   1.1645000e+01  -1.2293985e+02
   1.1650000e+01  -1.2833679e+02
   1.1655000e+01  -1.3317466e+02
   1.1660000e+01  -1.3726268e+02
   1.1665000e+01  -1.4048069e+02
   1.1670000e+01  -1.4280118e+02
   1.1675000e+01  -1.4429521e+02
   1.1680000e+01  -1.4514916e+02
   1.1685000e+01  -1.4566215e+02
   1.1690000e+01  -1.4615934e+02
   1.1695000e+01  -1.4683675e+02
   1.1700000e+01  -1.4766061e+02
   1.1705000e+01  -1.4842166e+02
   1.1710000e+01  -1.4889943e+02
   1.1715000e+01  -1.4898350e+02
   1.1720000e+01  -1.4865257e+02
   1.1725000e+01  -1.4788155e+02
   1.1730000e+01  -1.4663680e+02
   1.1735000e+01  -1.4499115e+02
   1.1740000e+01  -1.4320431e+02
   1.1745000e+01  -1.4163789e+02
   1.1750000e+01  -1.4056565e+02
   1.1755000e+01  -1.4004296e+02
   1.1760000e+01  -1.3992331e+02
   1.1765000e+01  -1.3998877e+02
   1.1770000e+01  -1.4011280e+02
   1.1775000e+01  -1.4037331e+02
   1.1780000e+01  -1.4104555e+02
   1.1785000e+01  -1.4246796e+02
   1.1790000e+01  -1.4487354e+02
   1.1795000e+01  -1.4830601e+02
   1.1800000e+01  -1.5266441e+02
   1.1805000e+01  -1.5783228e+02
   1.1810000e+01  -1.6380600e+02
   1.1815000e+01  -1.7071679e+02
   1.1820000e+01  -1.7864206e+02
   1.1825000e+01  -1.8720344e+02
   1.1830000e+01  -1.9515513e+02
   1.1835000e+01  -2.0027082e+02
   1.1840000e+01  -1.9968677e+02
   1.1845000e+01  -1.9066911e+02
   1.1850000e+01  -1.7163663e+02
   1.1855000e+01  -1.4299284e+02
   1.1860000e+01  -1.0719190e+02
   1.1865000e+01  -6.7922444e+01
   1.1870000e+01  -2.8927812e+01
   1.1875000e+01   6.8826872e+00
   1.1880000e+01   3.7739808e+01
   1.1885000e+01   6.2890512e+01
   1.1890000e+01   8.2374954e+01
   1.1895000e+01   9.6857261e+01
   1.1900000e+01   1.0742053e+02
   1.1905000e+01   1.1526315e+02
   1.1910000e+01   1.2139418e+02
   1.1915000e+01   1.2641490e+02
   1.1920000e+01   1.3039884e+02
   1.1925000e+01   1.3293832e+02
   1.1930000e+01   1.3344070e+02
   1.1935000e+01   1.3157565e+02
   1.1940000e+01   1.2758570e+02
   1.1945000e+01   1.2225063e+02
   1.1950000e+01   1.1657046e+02
   1.1955000e+01   1.1136616e+02
   1.1960000e+01   1.0693802e+02
   1.1965000e+01   1.0290758e+02
   1.1970000e+01   9.8375832e+01
   1.1975000e+01   9.2363724e+01
   1.1980000e+01   8.4291287e+01
   1.1985000e+01   7.4241526e+01
   1.1990000e+01   6.2896037e+01
   1.1995000e+01   5.1194192e+01
   1.2000000e+01   3.9919635e+01
   1.2005000e+01   2.9456331e+01
   1.2010000e+01   1.9792847e+01
   1.2015000e+01   1.0635829e+01
   1.2020000e+01   1.4990663e+00
   1.2025000e+01  -8.1613916e+00
   1.2030000e+01  -1.8670758e+01
   1.2035000e+01  -2.9871575e+01
   1.2040000e+01  -4.1147170e+01
   1.2045000e+01  -5.1769206e+01
   1.2050000e+01  -6.1294743e+01
   1.2055000e+01  -6.9705055e+01
   1.2060000e+01  -7.7222167e+01
   1.2065000e+01  -8.4000692e+01
   1.2070000e+01  -8.9943404e+01
   1.2075000e+01  -9.4727219e+01
   1.2080000e+01  -9.7970292e+01
   1.2085000e+01  -9.9450807e+01
   1.2090000e+01  -9.9291165e+01
   1.2095000e+01  -9.7984804e+01
   1.2100000e+01  -9.6188750e+01
   1.2105000e+01  -9.4389614e+01
   1.2110000e+01  -9.2693389e+01
   1.2115000e+01  -9.0877295e+01
   1.2120000e+01  -8.8592489e+01
   1.2125000e+01  -8.5545413e+01
   1.2130000e+01  -8.1619830e+01
   1.2135000e+01  -7.6956328e+01
   1.2140000e+01  -7.1937511e+01
   1.2145000e+01  -6.7033825e+01
   1.2150000e+01  -6.2592499e+01
   1.2155000e+01  -5.8737041e+01
   1.2160000e+01  -5.5465389e+01
   1.2165000e+01  -5.2843459e+01
   1.2170000e+01  -5.1079118e+01
   1.2175000e+01  -5.0375610e+01
   1.2180000e+01  -5.0687928e+01
   1.2185000e+01  -5.1594498e+01
   1.2190000e+01  -5.2383629e+01
   1.2195000e+01  -5.2276383e+01
   1.2200000e+01  -5.0624097e+01
   1.2205000e+01  -4.6979024e+01
   1.2210000e+01  -4.1064203e+01
   1.2215000e+01  -3.2728265e+01
   1.2220000e+01  -2.1918785e+01
   1.2225000e+01  -8.6753968e+00
   1.2230000e+01   6.8155177e+00
   1.2235000e+01   2.4098133e+01
   1.2240000e+01   4.2370619e+01
   1.2245000e+01   6.0590150e+01
   1.2250000e+01   7.7771358e+01
   1.2255000e+01   9.3331861e+01
   1.2260000e+01   1.0725328e+02
   1.2265000e+01   1.1993753e+02
   1.2270000e+01   1.3190577e+02
   1.2275000e+01   1.4356366e+02
   1.2280000e+01   1.5505898e+02
   1.2285000e+01   1.6620825e+02
   1.2290000e+01   1.7659866e+02
   1.2295000e+01   1.8584414e+02
   1.2300000e+01   1.9374098e+02
   1.2305000e+01   2.0020298e+02
   1.2310000e+01   2.0515856e+02
   1.2315000e+01   2.0859499e+02
   1.2320000e+01   2.1071072e+02
   1.2325000e+01   2.1201491e+02
   1.2330000e+01   2.1326285e+02
   1.2335000e+01   2.1521449e+02
   1.2340000e+01   2.1829945e+02
   1.2345000e+01   2.2236132e+02
   1.2350000e+01   2.2665173e+02
   1.2355000e+01   2.3009966e+02
   1.2360000e+01   2.3172046e+02
   1.2365000e+01   2.3098028e+02
   1.2370000e+01   2.2797624e+02
   1.2375000e+01   2.2336913e+02
   1.2380000e+01   2.1809500e+02
   1.2385000e+01   2.1296867e+02
   1.2390000e+01   2.0834701e+02
   1.2395000e+01   2.0401309e+02
   1.2400000e+01   1.9934396e+02
   1.2405000e+01   1.9366054e+02
   1.2410000e+01   1.8654902e+02
   1.2415000e+01   1.7798812e+02
   1.2420000e+01   1.6827091e+02
   1.2425000e+01   1.5783501e+02
   1.2430000e+01   1.4711210e+02
   1.2435000e+01   1.3642582e+02
   1.2440000e+01   1.2593087e+02
   1.2445000e+01   1.1562606e+02
   1.2450000e+01   1.0547548e+02
   1.2455000e+01   9.5554912e+01
   1.2460000e+01   8.6071696e+01
   1.2465000e+01   7.7246274e+01
   1.2470000e+01   6.9203869e+01
   1.2475000e+01   6.1974836e+01
   1.2480000e+01   5.5557317e+01
   1.2485000e+01   4.9971573e+01
   1.2490000e+01   4.5299573e+01
   1.2495000e+01   4.1691593e+01
   1.2500000e+01   3.9276936e+01
   1.2505000e+01   3.8021175e+01
   1.2510000e+01   3.7701202e+01
   1.2515000e+01   3.8044903e+01
   1.2520000e+01   3.8871846e+01
   1.2525000e+01   4.0112645e+01
   1.2530000e+01   4.1756702e+01
   1.2535000e+01   4.3810457e+01
   1.2540000e+01   4.6292331e+01
   1.2545000e+01   4.9253540e+01
   1.2550000e+01   5.2773061e+01
   1.2555000e+01   5.6878199e+01
   1.2560000e+01   6.1442314e+01
   1.2565000e+01   6.6185545e+01
   1.2570000e+01   7.0812517e+01
   1.2575000e+01   7.5153038e+01
   1.2580000e+01   7.9161853e+01
   1.2585000e+01   8.2805039e+01
   1.2590000e+01   8.5976738e+01
   1.2595000e+01   8.8525190e+01
   1.2600000e+01   9.0344694e+01
   1.2605000e+01   9.1435095e+01
   1.2610000e+01   9.1866089e+01
   1.2615000e+01   9.1698034e+01
   1.2620000e+01   9.0975648e+01
   1.2625000e+01   8.9792021e+01
   1.2630000e+01   8.8290131e+01
   1.2635000e+01   8.6558480e+01
   1.2640000e+01   8.4541069e+01
   1.2645000e+01   8.2068858e+01
   1.2650000e+01   7.8984988e+01
   1.2655000e+01   7.5270246e+01
   1.2660000e+01   7.1104931e+01
   1.2665000e+01   6.6844709e+01
   1.2670000e+01   6.2919383e+01
   1.2675000e+01   5.9701409e+01
   1.2680000e+01   5.7410994e+01
   1.2685000e+01   5.6101089e+01
   1.2690000e+01   5.5720081e+01
   1.2695000e+01   5.6209048e+01
   1.2700000e+01   5.7555728e+01
   1.2705000e+01   5.9734768e+01
   1.2710000e+01   6.2564000e+01
   1.2715000e+01   6.5625633e+01
   1.2720000e+01   6.8378525e+01
   1.2725000e+01   7.0405985e+01
   1.2730000e+01   7.1596356e+01
   1.2735000e+01   7.2113413e+01
   1.2740000e+01   7.2211255e+01
   1.2745000e+01   7.2062787e+01
   1.2750000e+01   7.1696386e+01
   1.2755000e+01   7.1007692e+01
   1.2760000e+01   6.9805741e+01
   1.2765000e+01   6.7889633e+01
   1.2770000e+01   6.5106235e+01
   1.2775000e+01   6.1344092e+01
   1.2780000e+01   5.6535508e+01
   1.2785000e+01   5.0737201e+01
   1.2790000e+01   4.4216766e+01
   1.2795000e+01   3.7445533e+01
   1.2800000e+01   3.1005685e+01
   1.2805000e+01   2.5458136e+01
   1.2810000e+01   2.1172361e+01
   1.2815000e+01   1.8151093e+01
   1.2820000e+01   1.5999751e+01
   1.2825000e+01   1.4162731e+01
   1.2830000e+01   1.2294811e+01
   1.2835000e+01   1.0450028e+01
   1.2840000e+01   8.9330063e+00
   1.2845000e+01   8.0082146e+00
   1.2850000e+01   7.7553562e+00
   1.2855000e+01   8.1002606e+00
   1.2860000e+01   8.8662054e+00
   1.2865000e+01   9.8022738e+00
   1.2870000e+01   1.0653899e+01
   1.2875000e+01   1.1256302e+01
   1.2880000e+01   1.1558613e+01
   1.2885000e+01   1.1576179e+01
   1.2890000e+01   1.1368550e+01
   1.2895000e+01   1.1079914e+01
   1.2900000e+01   1.0955054e+01
   1.2905000e+01   1.1256869e+01
   1.2910000e+01   1.2142860e+01
   1.2915000e+01   1.3618295e+01
   1.2920000e+01   1.5594574e+01
   1.2925000e+01   1.7983786e+01
   1.2930000e+01   2.0780173e+01
   1.2935000e+01   2.4103173e+01
   1.2940000e+01   2.8138403e+01
   1.2945000e+01   3.2985063e+01
   1.2950000e+01   3.8554610e+01
   1.2955000e+01   4.4589517e+01
   1.2960000e+01   5.0716505e+01
   1.2965000e+01   5.6509897e+01
   1.2970000e+01   6.1605859e+01
   1.2975000e+01   6.5787197e+01
   1.2980000e+01   6.8953936e+01
   1.2985000e+01   7.1064349e+01
   1.2990000e+01   7.2133299e+01
   1.2995000e+01   7.2248884e+01
   1.3000000e+01   7.1580501e+01
   1.3005000e+01   7.0392657e+01
   1.3010000e+01   6.9020357e+01
   1.3015000e+01   6.7766956e+01
   1.3020000e+01   6.6792910e+01
   1.3025000e+01   6.6094585e+01
   1.3030000e+01   6.5586295e+01
   1.3035000e+01   6.5219225e+01
   1.3040000e+01   6.5057437e+01
   1.3045000e+01   6.5260867e+01
   1.3050000e+01   6.5980987e+01
   1.3055000e+01   6.7235103e+01
   1.3060000e+01   6.8850884e+01
   1.3065000e+01   7.0537362e+01
   1.3070000e+01   7.2033978e+01
   1.3075000e+01   7.3195624e+01
   1.3080000e+01   7.3946195e+01
   1.3085000e+01   7.4211568e+01
   1.3090000e+01   7.3948709e+01
   1.3095000e+01   7.3219661e+01
   1.3100000e+01   7.2197033e+01
   1.3105000e+01   7.1098102e+01
   1.3110000e+01   7.0131081e+01
   1.3115000e+01   6.9489613e+01
   1.3120000e+01   6.9349248e+01
   1.3125000e+01   6.9825978e+01
   1.3130000e+01   7.0937020e+01
   1.3135000e+01   7.2628442e+01
   1.3140000e+01   7.4831471e+01
   1.3145000e+01   7.7442990e+01
   1.3150000e+01   8.0260803e+01
   1.3155000e+01   8.3014355e+01
   1.3160000e+01   8.5480468e+01
   1.3165000e+01   8.7522822e+01
   1.3170000e+01   8.9015737e+01
   1.3175000e+01   8.9792645e+01
   1.3180000e+01   8.9706630e+01
   1.3185000e+01   8.8708426e+01
   1.3190000e+01   8.6836431e+01
   1.3195000e+01   8.4165566e+01
   1.3200000e+01   8.0797908e+01
   1.3205000e+01   7.6877649e+01
   1.3210000e+01   7.2591082e+01
   1.3215000e+01   6.8159653e+01
   1.3220000e+01   6.3822457e+01
   1.3225000e+01   5.9791356e+01
   1.3230000e+01   5.6198706e+01
   1.3235000e+01   5.3062110e+01
   1.3240000e+01   5.0269626e+01
   1.3245000e+01   4.7611481e+01
   1.3250000e+01   4.4885416e+01
   1.3255000e+01   4.2019139e+01
   1.3260000e+01   3.9094038e+01
   1.3265000e+01   3.6243602e+01
   1.3270000e+01   3.3541183e+01
   1.3275000e+01   3.0968166e+01
   1.3280000e+01   2.8412049e+01
   1.3285000e+01   2.5646815e+01
   1.3290000e+01   2.2368925e+01
   1.3295000e+01   1.8341710e+01
   1.3300000e+01   1.3557520e+01
   1.3305000e+01   8.2900227e+00
   1.3310000e+01   3.0050233e+00
   1.3315000e+01  -1.8135546e+00
   1.3320000e+01  -5.8363752e+00
   1.3325000e+01  -8.9684404e+00
   1.3330000e+01  -1.1283469e+01
   1.3335000e+01  -1.2879168e+01
   1.3340000e+01  -1.3792946e+01
   1.3345000e+01  -1.4013537e+01
   1.3350000e+01  -1.3502933e+01
   1.3355000e+01  -1.2198217e+01
   1.3360000e+01  -1.0059059e+01
   1.3365000e+01  -7.1642477e+00
   1.3370000e+01  -3.7363309e+00
   1.3375000e+01  -3.4382770e-02
   1.3380000e+01   3.7479988e+00
   1.3385000e+01   7.4522462e+00
   1.3390000e+01   1.0890064e+01
   1.3395000e+01   1.3888565e+01
   1.3400000e+01   1.6389770e+01
   1.3405000e+01   1.8453918e+01
   1.3410000e+01   2.0151793e+01
   1.3415000e+01   2.1468407e+01
   1.3420000e+01   2.2312304e+01
   1.3425000e+01   2.2603131e+01
   1.3430000e+01   2.2333895e+01
   1.3435000e+01   2.1535750e+01
   1.3440000e+01   2.0169350e+01
   1.3445000e+01   1.8036188e+01
   1.3450000e+01   1.4800286e+01
   1.3455000e+01   1.0144902e+01
   1.3460000e+01   3.9859096e+00
   1.3465000e+01  -3.4113316e+00
   1.3470000e+01  -1.1514362e+01
   1.3475000e+01  -1.9749443e+01
   1.3480000e+01  -2.7710132e+01
   1.3485000e+01  -3.5227946e+01
   1.3490000e+01  -4.2297314e+01
   1.3495000e+01  -4.8937997e+01
   1.3500000e+01  -5.5104054e+01
   1.3505000e+01  -6.0698211e+01
   1.3510000e+01  -6.5660598e+01
   1.3515000e+01  -7.0039646e+01
   1.3520000e+01  -7.3963889e+01
   1.3525000e+01  -7.7515930e+01
   1.3530000e+01  -8.0613742e+01
   1.3535000e+01  -8.3015037e+01
   1.3540000e+01  -8.4432620e+01
   1.3545000e+01  -8.4639142e+01
   1.3550000e+01  -8.3480361e+01
   1.3555000e+01  -8.0818226e+01
   1.3560000e+01  -7.6478451e+01
   1.3565000e+01  -7.0282597e+01
   1.3570000e+01  -6.2194962e+01
   1.3575000e+01  -5.2496934e+01
   1.3580000e+01  -4.1818403e+01
   1.3585000e+01  -3.0942093e+01
   1.3590000e+01  -2.0500046e+01
   1.3595000e+01  -1.0784129e+01
   1.3600000e+01  -1.7850490e+00
   1.3605000e+01   6.6191840e+00
   1.3610000e+01   1.4496462e+01
   1.3615000e+01   2.1825055e+01
   1.3620000e+01   2.8577561e+01
   1.3625000e+01   3.4833071e+01
   1.3630000e+01   4.0815572e+01
   1.3635000e+01   4.6805749e+01
   1.3640000e+01   5.2966290e+01
   1.3645000e+01   5.9210920e+01
   1.3650000e+01   6.5246014e+01
   1.3655000e+01   7.0754115e+01
   1.3660000e+01   7.5520891e+01
   1.3665000e+01   7.9406149e+01
   1.3670000e+01   8.2298837e+01
   1.3675000e+01   8.4170517e+01
   1.3680000e+01   8.5126543e+01
   1.3685000e+01   8.5342104e+01
   1.3690000e+01   8.4943770e+01
   1.3695000e+01   8.3961323e+01
   1.3700000e+01   8.2381074e+01
   1.3705000e+01   8.0243737e+01
   1.3710000e+01   7.7717685e+01
   1.3715000e+01   7.5094965e+01
   1.3720000e+01   7.2692850e+01
   1.3725000e+01   7.0717091e+01
   1.3730000e+01   6.9194070e+01
   1.3735000e+01   6.8028209e+01
   1.3740000e+01   6.7122544e+01
   1.3745000e+01   6.6441524e+01
   1.3750000e+01   6.5966900e+01
   1.3755000e+01   6.5627705e+01
   1.3760000e+01   6.5321650e+01
   1.3765000e+01   6.5010758e+01
   1.3770000e+01   6.4733146e+01
   1.3775000e+01   6.4478790e+01
   1.3780000e+01   6.4095867e+01
   1.3785000e+01   6.3359194e+01
   1.3790000e+01   6.2124947e+01
   1.3795000e+01   6.0446156e+01
   1.3800000e+01   5.8584221e+01
   1.3805000e+01   5.6879987e+01
   1.3810000e+01   5.5542378e+01
   1.3815000e+01   5.4523774e+01
   1.3820000e+01   5.3573211e+01
   1.3825000e+01   5.2388471e+01
   1.3830000e+01   5.0754817e+01
   1.3835000e+01   4.8621833e+01
   1.3840000e+01   4.6102625e+01
   1.3845000e+01   4.3398453e+01
   1.3850000e+01   4.0687250e+01
   1.3855000e+01   3.8039984e+01
   1.3860000e+01   3.5428837e+01
   1.3865000e+01   3.2825013e+01
   1.3870000e+01   3.0267441e+01
   1.3875000e+01   2.7814421e+01
   1.3880000e+01   2.5484840e+01
   1.3885000e+01   2.3308986e+01
   1.3890000e+01   2.1393847e+01
   1.3895000e+01   1.9866062e+01
   1.3900000e+01   1.8753211e+01
   1.3905000e+01   1.7948795e+01
   1.3910000e+01   1.7282674e+01
   1.3915000e+01   1.6611205e+01
   1.3920000e+01   1.5861780e+01
   1.3925000e+01   1.5029371e+01
   1.3930000e+01   1.4149154e+01
   1.3935000e+01   1.3264152e+01
   1.3940000e+01   1.2391574e+01
   1.3945000e+01   1.1482141e+01
   1.3950000e+01   1.0399333e+01
   1.3955000e+01   8.9836815e+00
   1.3960000e+01   7.1730617e+00
   1.3965000e+01   5.0083414e+00
   1.3970000e+01   2.4716685e+00
   1.3975000e+01  -6.2623735e-01
   1.3980000e+01  -4.5309346e+00
   1.3985000e+01  -9.3321343e+00
   1.3990000e+01  -1.4903231e+01
   1.3995000e+01  -2.1044268e+01
   1.4000000e+01  -2.7663010e+01
   1.4005000e+01  -3.4817749e+01
   1.4010000e+01  -4.2598077e+01
   1.4015000e+01  -5.0964999e+01
   1.4020000e+01  -5.9676865e+01
   1.4025000e+01  -6.8330707e+01
   1.4030000e+01  -7.6496027e+01
   1.4035000e+01  -8.3901838e+01
   1.4040000e+01  -9.0565807e+01
   1.4045000e+01  -9.6728978e+01
   1.4050000e+01  -1.0260655e+02
   1.4055000e+01  -1.0815191e+02
   1.4060000e+01  -1.1303716e+02
   1.4065000e+01  -1.1686750e+02
   1.4070000e+01  -1.1945401e+02
   1.4075000e+01  -1.2093486e+02
   1.4080000e+01  -1.2165989e+02
   1.4085000e+01  -1.2193509e+02
   1.4090000e+01  -1.2182757e+02
   1.4095000e+01  -1.2117012e+02
   1.4100000e+01  -1.1972485e+02
   1.4105000e+01  -1.1735816e+02
   1.4110000e+01  -1.1412731e+02
   1.4115000e+01  -1.1026702e+02
   1.4120000e+01  -1.0610131e+02
   1.4125000e+01  -1.0192594e+02
   1.4130000e+01  -9.7921322e+01
   1.4135000e+01  -9.4133976e+01
   1.4140000e+01  -9.0515998e+01
   1.4145000e+01  -8.6977268e+01
   1.4150000e+01  -8.3410346e+01
   1.4155000e+01  -7.9693494e+01
   1.4160000e+01  -7.5714298e+01
   1.4165000e+01  -7.1423478e+01
   1.4170000e+01  -6.6863847e+01
   1.4175000e+01  -6.2126945e+01
   1.4180000e+01  -5.7279326e+01
   1.4185000e+01  -5.2344224e+01
   1.4190000e+01  -4.7333685e+01
   1.4195000e+01  -4.2251689e+01
   1.4200000e+01  -3.7083626e+01
   1.4205000e+01  -3.1856007e+01
   1.4210000e+01  -2.6718574e+01
   1.4215000e+01  -2.1919751e+01
   1.4220000e+01  -1.7690181e+01
   1.4225000e+01  -1.4164477e+01
   1.4230000e+01  -1.1383451e+01
   1.4235000e+01  -9.3084059e+00
   1.4240000e+01  -7.8039810e+00
   1.4245000e+01  -6.6340280e+00
   1.4250000e+01  -5.5420082e+00
   1.4255000e+01  -4.4035213e+00
   1.4260000e+01  -3.3170148e+00
   1.4265000e+01  -2.5189121e+00
   1.4270000e+01  -2.1946757e+00
   1.4275000e+01  -2.3699739e+00
   1.4280000e+01  -2.9573522e+00
   1.4285000e+01  -3.8598767e+00
   1.4290000e+01  -5.0044590e+00
   1.4295000e+01  -6.2985016e+00
   1.4300000e+01  -7.6162547e+00
   1.4305000e+01  -8.8743673e+00
   1.4310000e+01  -1.0093303e+01
   1.4315000e+01  -1.1330537e+01
   1.4320000e+01  -1.2571771e+01
   1.4325000e+01  -1.3732103e+01
   1.4330000e+01  -1.4738312e+01
   1.4335000e+01  -1.5574466e+01
   1.4340000e+01  -1.6267741e+01
   1.4345000e+01  -1.6835666e+01
   1.4350000e+01  -1.7216205e+01
   1.4355000e+01  -1.7257624e+01
   1.4360000e+01  -1.6817225e+01
   1.4365000e+01  -1.5874899e+01
   1.4370000e+01  -1.4531911e+01
   1.4375000e+01  -1.2906159e+01
   1.4380000e+01  -1.1043614e+01
   1.4385000e+01  -8.9022521e+00
   1.4390000e+01  -6.3684695e+00
   1.4395000e+01  -3.2916054e+00
   1.4400000e+01   4.3224268e-01
   1.4405000e+01   4.7538053e+00
   1.4410000e+01   9.4215396e+00
   1.4415000e+01   1.4025203e+01
   1.4420000e+01   1.8117846e+01
   1.4425000e+01   2.1383003e+01
   1.4430000e+01   2.3767118e+01
   1.4435000e+01   2.5481765e+01
   1.4440000e+01   2.6875579e+01
   1.4445000e+01   2.8281630e+01
   1.4450000e+01   2.9919029e+01
   1.4455000e+01   3.1828782e+01
   1.4460000e+01   3.3834817e+01
   1.4465000e+01   3.5601820e+01
   1.4470000e+01   3.6803334e+01
   1.4475000e+01   3.7274720e+01
   1.4480000e+01   3.7044186e+01
   1.4485000e+01   3.6272542e+01
   1.4490000e+01   3.5182478e+01
   1.4495000e+01   3.4010093e+01
   1.4500000e+01   3.2967427e+01
   1.4505000e+01   3.2191774e+01
   1.4510000e+01   3.1686129e+01
   1.4515000e+01   3.1309098e+01
   1.4520000e+01   3.0857888e+01
   1.4525000e+01   3.0196996e+01
   1.4530000e+01   2.9341543e+01
   1.4535000e+01   2.8443004e+01
   1.4540000e+01   2.7683299e+01
   1.4545000e+01   2.7152743e+01
   1.4550000e+01   2.6822800e+01
   1.4555000e+01   2.6629275e+01
   1.4560000e+01   2.6552356e+01
   1.4565000e+01   2.6605898e+01
   1.4570000e+01   2.6771419e+01
   1.4575000e+01   2.6957373e+01
   1.4580000e+01   2.7028487e+01
   1.4585000e+01   2.6889733e+01
   1.4590000e+01   2.6540903e+01
   1.4595000e+01   2.6026693e+01
   1.4600000e+01   2.5329539e+01
   1.4605000e+01   2.4333162e+01
   1.4610000e+01   2.2905604e+01
   1.4615000e+01   2.1014531e+01
   1.4620000e+01   1.8755510e+01
   1.4625000e+01   1.6267212e+01
   1.4630000e+01   1.3620896e+01
   1.4635000e+01   1.0782074e+01
   1.4640000e+01   7.6433549e+00
   1.4645000e+01   4.0801233e+00
   1.4650000e+01   4.0743133e-02
   1.4655000e+01  -4.3406492e+00
   1.4660000e+01  -8.7399068e+00
   1.4665000e+01  -1.2823087e+01
   1.4670000e+01  -1.6454100e+01
   1.4675000e+01  -1.9704704e+01
   1.4680000e+01  -2.2671266e+01
   1.4685000e+01  -2.5325199e+01
   1.4690000e+01  -2.7541122e+01
   1.4695000e+01  -2.9220132e+01
   1.4700000e+01  -3.0377841e+01
   1.4705000e+01  -3.1156765e+01
   1.4710000e+01  -3.1763938e+01
   1.4715000e+01  -3.2370445e+01
   1.4720000e+01  -3.3063002e+01
   1.4725000e+01  -3.3881151e+01
   1.4730000e+01  -3.4861515e+01
   1.4735000e+01  -3.6029115e+01
   1.4740000e+01  -3.7379221e+01
   1.4745000e+01  -3.8897650e+01
   1.4750000e+01  -4.0580492e+01
   1.4755000e+01  -4.2408143e+01
   1.4760000e+01  -4.4323776e+01
   1.4765000e+01  -4.6275982e+01
   1.4770000e+01  -4.8273658e+01
   1.4775000e+01  -5.0369405e+01
   1.4780000e+01  -5.2584428e+01
   1.4785000e+01  -5.4848493e+01
   1.4790000e+01  -5.7000399e+01
   1.4795000e+01  -5.8849361e+01
   1.4800000e+01  -6.0253431e+01
   1.4805000e+01  -6.1148549e+01
   1.4810000e+01  -6.1515307e+01
   1.4815000e+01  -6.1359892e+01
   1.4820000e+01  -6.0774932e+01
   1.4825000e+01  -6.0003750e+01
   1.4830000e+01  -5.9369524e+01
   1.4835000e+01  -5.9100534e+01
   1.4840000e+01  -5.9230496e+01
   1.4845000e+01  -5.9642066e+01
   1.4850000e+01  -6.0175279e+01
   1.4855000e+01  -6.0731712e+01
   1.4860000e+01  -6.1314944e+01
   1.4865000e+01  -6.1951069e+01
   1.4870000e+01  -6.2565710e+01
   1.4875000e+01  -6.2979210e+01
   1.4880000e+01  -6.3030281e+01
   1.4885000e+01  -6.2672616e+01
   1.4890000e+01  -6.1956477e+01
   1.4895000e+01  -6.0969406e+01
   1.4900000e+01  -5.9806918e+01
   1.4905000e+01  -5.8538203e+01
   1.4910000e+01  -5.7167276e+01
   1.4915000e+01  -5.5673509e+01
   1.4920000e+01  -5.4107941e+01
   1.4925000e+01  -5.2613851e+01
   1.4930000e+01  -5.1364289e+01
   1.4935000e+01  -5.0508701e+01
   1.4940000e+01  -5.0131661e+01
   1.4945000e+01  -5.0206275e+01
   1.4950000e+01  -5.0607281e+01
   1.4955000e+01  -5.1203493e+01
   1.4960000e+01  -5.1941250e+01
   1.4965000e+01  -5.2850659e+01
   1.4970000e+01  -5.3984623e+01
   1.4975000e+01  -5.5333615e+01
   1.4980000e+01  -5.6779752e+01
   1.4985000e+01  -5.8140726e+01
   1.4990000e+01  -5.9267303e+01
   1.4995000e+01  -6.0095958e+01
   1.5000000e+01  -6.0617543e+01
   1.5005000e+01  -6.0825814e+01
   1.5010000e+01  -6.0716806e+01
   1.5015000e+01  -6.0326065e+01
   1.5020000e+01  -5.9742701e+01
   1.5025000e+01  -5.9078657e+01
   1.5030000e+01  -5.8424339e+01
   1.5035000e+01  -5.7825218e+01
   1.5040000e+01  -5.7289337e+01
   1.5045000e+01  -5.6819751e+01
   1.5050000e+01  -5.6448963e+01
   1.5055000e+01  -5.6232072e+01
   1.5060000e+01  -5.6191633e+01
   1.5065000e+01  -5.6284823e+01
   1.5070000e+01  -5.6440580e+01
   1.5075000e+01  -5.6612278e+01
   1.5080000e+01  -5.6800742e+01
   1.5085000e+01  -5.7070276e+01
   1.5090000e+01  -5.7536806e+01
   1.5095000e+01  -5.8281050e+01
   1.5100000e+01  -5.9253641e+01
   1.5105000e+01  -6.0289912e+01
   1.5110000e+01  -6.1229883e+01
   1.5115000e+01  -6.2034552e+01
   1.5120000e+01  -6.2814301e+01
   1.5125000e+01  -6.3757708e+01
   1.5130000e+01  -6.5011411e+01
   1.5135000e+01  -6.6595256e+01
   1.5140000e+01  -6.8404629e+01
   1.5145000e+01  -7.0271501e+01
   1.5150000e+01  -7.2016623e+01
   1.5155000e+01  -7.3472853e+01
   1.5160000e+01  -7.4511659e+01
   1.5165000e+01  -7.5074198e+01
   1.5170000e+01  -7.5169432e+01
   1.5175000e+01  -7.4843140e+01
   1.5180000e+01  -7.4162546e+01
   1.5185000e+01  -7.3223413e+01
   1.5190000e+01  -7.2142177e+01
   1.5195000e+01  -7.1006374e+01
   1.5200000e+01  -6.9793807e+01
   1.5205000e+01  -6.8316115e+01
   1.5210000e+01  -6.6259602e+01
   1.5215000e+01  -6.3323806e+01
   1.5220000e+01  -5.9357246e+01
   1.5225000e+01  -5.4393495e+01
   1.5230000e+01  -4.8594138e+01
   1.5235000e+01  -4.2173036e+01
   1.5240000e+01  -3.5342684e+01
   1.5245000e+01  -2.8282086e+01
   1.5250000e+01  -2.1148625e+01
   1.5255000e+01  -1.4147281e+01
   1.5260000e+01  -7.5862449e+00
   1.5265000e+01  -1.8351889e+00
   1.5270000e+01   2.7979974e+00
   1.5275000e+01   6.1946436e+00
   1.5280000e+01   8.4851511e+00
   1.5285000e+01   9.9757108e+00
   1.5290000e+01   1.0959076e+01
   1.5295000e+01   1.1560146e+01
   1.5300000e+01   1.1729545e+01
   1.5305000e+01   1.1337614e+01
   1.5310000e+01   1.0290497e+01
   1.5315000e+01   8.6372112e+00
   1.5320000e+01   6.6068571e+00
   1.5325000e+01   4.5194337e+00
   1.5330000e+01   2.6300267e+00
   1.5335000e+01   1.0344895e+00
   1.5340000e+01  -3.0363566e-01
   1.5345000e+01  -1.4485679e+00
   1.5350000e+01  -2.4038298e+00
   1.5355000e+01  -3.1114697e+00
   1.5360000e+01  -3.5248815e+00
   1.5365000e+01  -3.6716372e+00
   1.5370000e+01  -3.6490942e+00
   1.5375000e+01  -3.5736828e+00
   1.5380000e+01  -3.5455235e+00
   1.5385000e+01  -3.6663881e+00
   1.5390000e+01  -4.0691085e+00
   1.5395000e+01  -4.8668094e+00
   1.5400000e+01  -6.0439425e+00
   1.5405000e+01  -7.4503973e+00
   1.5410000e+01  -8.9387871e+00
   1.5415000e+01  -1.0477157e+01
   1.5420000e+01  -1.2137710e+01
   1.5425000e+01  -1.4026587e+01
   1.5430000e+01  -1.6196638e+01
   1.5435000e+01  -1.8567864e+01
   1.5440000e+01  -2.0964963e+01
   1.5445000e+01  -2.3302951e+01
   1.5450000e+01  -2.5728626e+01
   1.5455000e+01  -2.8517499e+01
   1.5460000e+01  -3.1800830e+01
   1.5465000e+01  -3.5404254e+01
   1.5470000e+01  -3.8960335e+01
   1.5475000e+01  -4.2167554e+01
   1.5480000e+01  -4.4940258e+01
   1.5485000e+01  -4.7351926e+01
   1.5490000e+01  -4.9501586e+01
   1.5495000e+01  -5.1453789e+01
   1.5500000e+01  -5.3255673e+01
   1.5505000e+01  -5.4953681e+01
   1.5510000e+01  -5.6573103e+01
   1.5515000e+01  -5.8081690e+01
   1.5520000e+01  -5.9380249e+01
   1.5525000e+01  -6.0336085e+01
   1.5530000e+01  -6.0819635e+01
   1.5535000e+01  -6.0719661e+01
   1.5540000e+01  -5.9981949e+01
   1.5545000e+01  -5.8673857e+01
   1.5550000e+01  -5.6978899e+01
   1.5555000e+01  -5.5092427e+01
   1.5560000e+01  -5.3137416e+01
   1.5565000e+01  -5.1197055e+01
   1.5570000e+01  -4.9404152e+01
   1.5575000e+01  -4.7963190e+01
   1.5580000e+01  -4.7067983e+01
   1.5585000e+01  -4.6781082e+01
   1.5590000e+01  -4.6965285e+01
   1.5595000e+01  -4.7328724e+01
   1.5600000e+01  -4.7576410e+01
   1.5605000e+01  -4.7558085e+01
   1.5610000e+01  -4.7292661e+01
   1.5615000e+01  -4.6892033e+01
   1.5620000e+01  -4.6495027e+01
   1.5625000e+01  -4.6232648e+01
   1.5630000e+01  -4.6171485e+01
   1.5635000e+01  -4.6256070e+01
   1.5640000e+01  -4.6335923e+01
   1.5645000e+01  -4.6267225e+01
   1.5650000e+01  -4.5964520e+01
   1.5655000e+01  -4.5364726e+01
   1.5660000e+01  -4.4413448e+01
   1.5665000e+01  -4.3116219e+01
   1.5670000e+01  -4.1563343e+01
   1.5675000e+01  -3.9898278e+01
   1.5680000e+01  -3.8297612e+01
   1.5685000e+01  -3.6964499e+01
   1.5690000e+01  -3.6063903e+01
   1.5695000e+01  -3.5609850e+01
   1.5700000e+01  -3.5419495e+01
   1.5705000e+01  -3.5195588e+01
   1.5710000e+01  -3.4661440e+01
   1.5715000e+01  -3.3647664e+01
   1.5720000e+01  -3.2109935e+01
   1.5725000e+01  -3.0097160e+01
   1.5730000e+01  -2.7691288e+01
   1.5735000e+01  -2.4962720e+01
   1.5740000e+01  -2.1974837e+01
   1.5745000e+01  -1.8810574e+01
   1.5750000e+01  -1.5573264e+01
   1.5755000e+01  -1.2357620e+01
   1.5760000e+01  -9.2220196e+00
   1.5765000e+01  -6.1810557e+00
   1.5770000e+01  -3.2028526e+00
   1.5775000e+01  -1.8679789e-01
   1.5780000e+01   3.0488511e+00
   1.5785000e+01   6.6935774e+00
   1.5790000e+01   1.0796781e+01
   1.5795000e+01   1.5180221e+01
   1.5800000e+01   1.9491846e+01
   1.5805000e+01   2.3344284e+01
   1.5810000e+01   2.6462728e+01
   1.5815000e+01   2.8783529e+01
   1.5820000e+01   3.0429109e+01
   1.5825000e+01   3.1580582e+01
   1.5830000e+01   3.2393725e+01
   1.5835000e+01   3.3016651e+01
   1.5840000e+01   3.3600042e+01
   1.5845000e+01   3.4225563e+01
   1.5850000e+01   3.4838348e+01
   1.5855000e+01   3.5296584e+01
   1.5860000e+01   3.5516853e+01
   1.5865000e+01   3.5579609e+01
   1.5870000e+01   3.5690851e+01
   1.5875000e+01   3.6028880e+01
   1.5880000e+01   3.6610512e+01
   1.5885000e+01   3.7297920e+01
   1.5890000e+01   3.7936822e+01
   1.5895000e+01   3.8487290e+01
   1.5900000e+01   3.9028201e+01
   1.5905000e+01   3.9656038e+01
   1.5910000e+01   4.0382377e+01
   1.5915000e+01   4.1109433e+01
   1.5920000e+01   4.1701329e+01
   1.5925000e+01   4.2088203e+01
   1.5930000e+01   4.2288529e+01
   1.5935000e+01   4.2318837e+01
   1.5940000e+01   4.2104281e+01
   1.5945000e+01   4.1499557e+01
   1.5950000e+01   4.0377402e+01
   1.5955000e+01   3.8663518e+01
   1.5960000e+01   3.6304180e+01
   1.5965000e+01   3.3267439e+01
   1.5970000e+01   2.9612689e+01
   1.5975000e+01   2.5541989e+01
   1.5980000e+01   2.1363291e+01
   1.5985000e+01   1.7381604e+01
   1.5990000e+01   1.3776481e+01
   1.5995000e+01   1.0547560e+01
   1.6000000e+01   7.5823485e+00
   1.6005000e+01   4.7895099e+00
   1.6010000e+01   2.1878143e+00
   1.6015000e+01  -9.5389941e-02
   1.6020000e+01  -1.9144668e+00
   1.6025000e+01  -3.2471367e+00
   1.6030000e+01  -4.2615638e+00
   1.6035000e+01  -5.2095336e+00
   1.6040000e+01  -6.2417718e+00
   1.6045000e+01  -7.3243584e+00
   1.6050000e+01  -8.3087767e+00
   1.6055000e+01  -9.0864894e+00
   1.6060000e+01  -9.7128662e+00
   1.6065000e+01  -1.0382862e+01
   1.6070000e+01  -1.1263941e+01
   1.6075000e+01  -1.2357157e+01
   1.6080000e+01  -1.3520556e+01
   1.6085000e+01  -1.4596426e+01
   1.6090000e+01  -1.5501666e+01
   1.6095000e+01  -1.6221385e+01
   1.6100000e+01  -1.6746693e+01
   1.6105000e+01  -1.7033576e+01
   1.6110000e+01  -1.7025646e+01
   1.6115000e+01  -1.6705382e+01
   1.6120000e+01  -1.6094352e+01
   1.6125000e+01  -1.5186071e+01
   1.6130000e+01  -1.3906986e+01
   1.6135000e+01  -1.2184589e+01
   1.6140000e+01  -1.0042763e+01
   1.6145000e+01  -7.5938743e+00
   1.6150000e+01  -4.9399485e+00
   1.6155000e+01  -2.0862589e+00
   1.6160000e+01   1.0885948e+00
   1.6165000e+01   4.8035530e+00
   1.6170000e+01   9.2670502e+00
   1.6175000e+01   1.4515081e+01
   1.6180000e+01   2.0315655e+01
   1.6185000e+01   2.6242553e+01
   1.6190000e+01   3.1865305e+01
   1.6195000e+01   3.6912795e+01
   1.6200000e+01   4.1344899e+01
   1.6205000e+01   4.5339834e+01
   1.6210000e+01   4.9184131e+01
   1.6215000e+01   5.3078156e+01
   1.6220000e+01   5.6993074e+01
   1.6225000e+01   6.0735813e+01
   1.6230000e+01   6.4158818e+01
   1.6235000e+01   6.7258470e+01
   1.6240000e+01   7.0071393e+01
   1.6245000e+01   7.2563611e+01
   1.6250000e+01   7.4667246e+01
   1.6255000e+01   7.6371272e+01
   1.6260000e+01   7.7722913e+01
   1.6265000e+01   7.8759868e+01
   1.6270000e+01   7.9485005e+01
   1.6275000e+01   7.9908231e+01
   1.6280000e+01   8.0075938e+01
   1.6285000e+01   8.0029621e+01
   1.6290000e+01   7.9734326e+01
   1.6295000e+01   7.9064234e+01
   1.6300000e+01   7.7877437e+01
   1.6305000e+01   7.6123093e+01
   1.6310000e+01   7.3894438e+01
   1.6315000e+01   7.1392065e+01
   1.6320000e+01   6.8839580e+01
   1.6325000e+01   6.6423780e+01
   1.6330000e+01   6.4284975e+01
   1.6335000e+01   6.2518463e+01
   1.6340000e+01   6.1152288e+01
   1.6345000e+01   6.0125393e+01
   1.6350000e+01   5.9307803e+01
   1.6355000e+01   5.8558686e+01
   1.6360000e+01   5.7782762e+01
   1.6365000e+01   5.6961852e+01
   1.6370000e+01   5.6159929e+01
   1.6375000e+01   5.5487069e+01
   1.6380000e+01   5.5020269e+01
   1.6385000e+01   5.4748671e+01
   1.6390000e+01   5.4609961e+01
   1.6395000e+01   5.4565033e+01
   1.6400000e+01   5.4602416e+01
   1.6405000e+01   5.4670013e+01
   1.6410000e+01   5.4639821e+01
   1.6415000e+01   5.4375676e+01
   1.6420000e+01   5.3850490e+01
   1.6425000e+01   5.3187368e+01
   1.6430000e+01   5.2561685e+01
   1.6435000e+01   5.2052163e+01
   1.6440000e+01   5.1590999e+01
   1.6445000e+01   5.1046572e+01
   1.6450000e+01   5.0334683e+01
   1.6455000e+01   4.9460807e+01
   1.6460000e+01   4.8491324e+01
   1.6465000e+01   4.7503395e+01
   1.6470000e+01   4.6544768e+01
   1.6475000e+01   4.5596073e+01
   1.6480000e+01   4.4523980e+01
   1.6485000e+01   4.3062867e+01
   1.6490000e+01   4.0885502e+01
   1.6495000e+01   3.7741869e+01
   1.6500000e+01   3.3557796e+01
   1.6505000e+01   2.8421343e+01
   1.6510000e+01   2.2492088e+01
   1.6515000e+01   1.5919689e+01
   1.6520000e+01   8.8231293e+00
   1.6525000e+01   1.3122574e+00
   1.6530000e+01  -6.4952612e+00
   1.6535000e+01  -1.4454483e+01
   1.6540000e+01  -2.2332235e+01
   1.6545000e+01  -2.9766066e+01
   1.6550000e+01  -3.6360349e+01
   1.6555000e+01  -4.1873067e+01
   1.6560000e+01  -4.6304133e+01
   1.6565000e+01  -4.9816211e+01
   1.6570000e+01  -5.2606303e+01
   1.6575000e+01  -5.4841188e+01
   1.6580000e+01  -5.6643900e+01
   1.6585000e+01  -5.8081628e+01
   1.6590000e+01  -5.9164727e+01
   1.6595000e+01  -5.9875016e+01
   1.6600000e+01  -6.0195062e+01
   1.6605000e+01  -6.0120989e+01
   1.6610000e+01  -5.9687634e+01
   1.6615000e+01  -5.9011185e+01
   1.6620000e+01  -5.8285369e+01
   1.6625000e+01  -5.7684326e+01
   1.6630000e+01  -5.7243800e+01
   1.6635000e+01  -5.6838174e+01
   1.6640000e+01  -5.6260775e+01
   1.6645000e+01  -5.5321257e+01
   1.6650000e+01  -5.3907220e+01
   1.6655000e+01  -5.2003896e+01
   1.6660000e+01  -4.9676253e+01
   1.6665000e+01  -4.7045459e+01
   1.6670000e+01  -4.4285469e+01
   1.6675000e+01  -4.1603388e+01
   1.6680000e+01  -3.9170613e+01
   1.6685000e+01  -3.7058021e+01
   1.6690000e+01  -3.5248261e+01
   1.6695000e+01  -3.3699194e+01
   1.6700000e+01  -3.2362911e+01
   1.6705000e+01  -3.1145913e+01
   1.6710000e+01  -2.9907491e+01
   1.6715000e+01  -2.8550205e+01
   1.6720000e+01  -2.7116351e+01
   1.6725000e+01  -2.5770491e+01
   1.6730000e+01  -2.4663531e+01
   1.6735000e+01  -2.3794944e+01
   1.6740000e+01  -2.2993755e+01
   1.6745000e+01  -2.2039108e+01
   1.6750000e+01  -2.0826353e+01
   1.6755000e+01  -1.9438110e+01
   1.6760000e+01  -1.8058069e+01
   1.6765000e+01  -1.6826847e+01
   1.6770000e+01  -1.5798120e+01
   1.6775000e+01  -1.5012218e+01
   1.6780000e+01  -1.4549534e+01
   1.6785000e+01  -1.4476175e+01
   1.6790000e+01  -1.4772665e+01
   1.6795000e+01  -1.5358376e+01
   1.6800000e+01  -1.6149770e+01
   1.6805000e+01  -1.7045044e+01
   1.6810000e+01  -1.7900341e+01
   1.6815000e+01  -1.8600358e+01
   1.6820000e+01  -1.9142624e+01
   1.6825000e+01  -1.9599705e+01
   1.6830000e+01  -1.9997289e+01
   1.6835000e+01  -2.0256800e+01
   1.6840000e+01  -2.0246484e+01
   1.6845000e+01  -1.9849106e+01
   1.6850000e+01  -1.8973901e+01
   1.6855000e+01  -1.7546390e+01
   1.6860000e+01  -1.5534390e+01
   1.6865000e+01  -1.2997186e+01
   1.6870000e+01  -1.0096097e+01
   1.6875000e+01  -7.0427471e+00
   1.6880000e+01  -4.0304784e+00
   1.6885000e+01  -1.2103265e+00
   1.6890000e+01   1.2820000e+00
   1.6895000e+01   3.3025711e+00
   1.6900000e+01   4.7260461e+00
   1.6905000e+01   5.4967191e+00
   1.6910000e+01   5.6320821e+00
   1.6915000e+01   5.1826722e+00
   1.6920000e+01   4.2471535e+00
   1.6925000e+01   3.0511659e+00
   1.6930000e+01   1.9425776e+00
   1.6935000e+01   1.2363824e+00
   1.6940000e+01   1.0596101e+00
   1.6945000e+01   1.3605800e+00
   1.6950000e+01   2.0505482e+00
   1.6955000e+01   3.1112580e+00
   1.6960000e+01   4.5665274e+00
   1.6965000e+01   6.3799248e+00
   1.6970000e+01   8.4222947e+00
   1.6975000e+01   1.0555490e+01
   1.6980000e+01   1.2724683e+01
   1.6985000e+01   1.4951503e+01
   1.6990000e+01   1.7243726e+01
   1.6995000e+01   1.9502909e+01
   1.7000000e+01   2.1508701e+01
   1.7005000e+01   2.3024713e+01
   1.7010000e+01   2.3955402e+01
   1.7015000e+01   2.4401732e+01
   1.7020000e+01   2.4577264e+01
   1.7025000e+01   2.4682489e+01
   1.7030000e+01   2.4805231e+01
   1.7035000e+01   2.4876718e+01
   1.7040000e+01   2.4734988e+01
   1.7045000e+01   2.4262866e+01
   1.7050000e+01   2.3469157e+01
   1.7055000e+01   2.2469615e+01
   1.7060000e+01   2.1438028e+01
   1.7065000e+01   2.0557249e+01
   1.7070000e+01   1.9952421e+01
   1.7075000e+01   1.9636717e+01
   1.7080000e+01   1.9520899e+01
   1.7085000e+01   1.9478188e+01
   1.7090000e+01   1.9409426e+01
   1.7095000e+01   1.9270129e+01
   1.7100000e+01   1.9054738e+01
   1.7105000e+01   1.8755762e+01
   1.7110000e+01   1.8347426e+01
   1.7115000e+01   1.7835660e+01
   1.7120000e+01   1.7308920e+01
   1.7125000e+01   1.6885667e+01
   1.7130000e+01   1.6618309e+01
   1.7135000e+01   1.6496933e+01
   1.7140000e+01   1.6520127e+01
   1.7145000e+01   1.6704230e+01
   1.7150000e+01   1.7042292e+01
   1.7155000e+01   1.7491814e+01
   1.7160000e+01   1.7990114e+01
   1.7165000e+01   1.8477398e+01
   1.7170000e+01   1.8924027e+01
   1.7175000e+01   1.9314086e+01
   1.7180000e+01   1.9559265e+01
   1.7185000e+01   1.9443021e+01
   1.7190000e+01   1.8715319e+01
   1.7195000e+01   1.7278012e+01
   1.7200000e+01   1.5258937e+01
   1.7205000e+01   1.2900138e+01
   1.7210000e+01   1.0409541e+01
   1.7215000e+01   7.9272004e+00
   1.7220000e+01   5.5678897e+00
   1.7225000e+01   3.4175337e+00
   1.7230000e+01   1.4840164e+00
   1.7235000e+01  -2.9282968e-01
   1.7240000e+01  -1.9551350e+00
   1.7245000e+01  -3.4546590e+00
   1.7250000e+01  -4.6363476e+00
   1.7255000e+01  -5.2592640e+00
   1.7260000e+01  -5.0739365e+00
   1.7265000e+01  -3.9679184e+00
   1.7270000e+01  -2.0805871e+00
   1.7275000e+01   2.4473520e-01
   1.7280000e+01   2.6471858e+00
   1.7285000e+01   4.8999149e+00
   1.7290000e+01   6.9315644e+00
   1.7295000e+01   8.7784889e+00
   1.7300000e+01   1.0521013e+01
   1.7305000e+01   1.2194793e+01
   1.7310000e+01   1.3721465e+01
   1.7315000e+01   1.4949600e+01
   1.7320000e+01   1.5797024e+01
   1.7325000e+01   1.6355638e+01
   1.7330000e+01   1.6848504e+01
   1.7335000e+01   1.7486668e+01
   1.7340000e+01   1.8359437e+01
   1.7345000e+01   1.9427153e+01
   1.7350000e+01   2.0585676e+01
   1.7355000e+01   2.1746262e+01
   1.7360000e+01   2.2895710e+01
   1.7365000e+01   2.4101313e+01
   1.7370000e+01   2.5442589e+01
   1.7375000e+01   2.6934687e+01
   1.7380000e+01   2.8535496e+01
   1.7385000e+01   3.0216241e+01
   1.7390000e+01   3.1991717e+01
   1.7395000e+01   3.3875102e+01
   1.7400000e+01   3.5816435e+01
   1.7405000e+01   3.7692786e+01
   1.7410000e+01   3.9373520e+01
   1.7415000e+01   4.0808869e+01
   1.7420000e+01   4.2038160e+01
   1.7425000e+01   4.3091740e+01
   1.7430000e+01   4.3899393e+01
   1.7435000e+01   4.4317676e+01
   1.7440000e+01   4.4246421e+01
   1.7445000e+01   4.3706368e+01
   1.7450000e+01   4.2792546e+01
   1.7455000e+01   4.1541161e+01
   1.7460000e+01   3.9837171e+01
   1.7465000e+01   3.7455319e+01
   1.7470000e+01   3.4196585e+01
   1.7475000e+01   3.0007824e+01
   1.7480000e+01   2.5025798e+01
   1.7485000e+01   1.9557521e+01
   1.7490000e+01   1.4009560e+01
   1.7495000e+01   8.7671492e+00
   1.7500000e+01   4.0635020e+00
   1.7505000e+01  -7.7591912e-02
   1.7510000e+01  -3.7764044e+00
   1.7515000e+01  -7.1540667e+00
   1.7520000e+01  -1.0218540e+01
   1.7525000e+01  -1.2861962e+01
   1.7530000e+01  -1.4967600e+01
   1.7535000e+01  -1.6542979e+01
   1.7540000e+01  -1.7763140e+01
   1.7545000e+01  -1.8861550e+01
   1.7550000e+01  -1.9953874e+01
   1.7555000e+01  -2.0978464e+01
   1.7560000e+01  -2.1805909e+01
   1.7565000e+01  -2.2362985e+01
   1.7570000e+01  -2.2645198e+01
   1.7575000e+01  -2.2673272e+01
   1.7580000e+01  -2.2483499e+01
   1.7585000e+01  -2.2142129e+01
   1.7590000e+01  -2.1742207e+01
   1.7595000e+01  -2.1390390e+01
   1.7600000e+01  -2.1194819e+01
   1.7605000e+01  -2.1224908e+01
   1.7610000e+01  -2.1446492e+01
   1.7615000e+01  -2.1710494e+01
   1.7620000e+01  -2.1837928e+01
   1.7625000e+01  -2.1729151e+01
   1.7630000e+01  -2.1402438e+01
   1.7635000e+01  -2.0951858e+01
   1.7640000e+01  -2.0480336e+01
   1.7645000e+01  -2.0055131e+01
   1.7650000e+01  -1.9696173e+01
   1.7655000e+01  -1.9383280e+01
   1.7660000e+01  -1.9052908e+01
   1.7665000e+01  -1.8562917e+01
   1.7670000e+01  -1.7664505e+01
   1.7675000e+01  -1.6067655e+01
   1.7680000e+01  -1.3608233e+01
   1.7685000e+01  -1.0374753e+01
   1.7690000e+01  -6.6414875e+00
   1.7695000e+01  -2.6632075e+00
   1.7700000e+01   1.4458953e+00
   1.7705000e+01   5.6619070e+00
   1.7710000e+01   9.9520392e+00
   1.7715000e+01   1.4214789e+01
   1.7720000e+01   1.8242638e+01
   1.7725000e+01   2.1735498e+01
   1.7730000e+01   2.4414827e+01
   1.7735000e+01   2.6163055e+01
   1.7740000e+01   2.7043597e+01
   1.7745000e+01   2.7196891e+01
   1.7750000e+01   2.6762033e+01
   1.7755000e+01   2.5891701e+01
   1.7760000e+01   2.4759716e+01
   1.7765000e+01   2.3501394e+01
   1.7770000e+01   2.2177143e+01
   1.7775000e+01   2.0834760e+01
   1.7780000e+01   1.9603845e+01
   1.7785000e+01   1.8712324e+01
   1.7790000e+01   1.8411434e+01
   1.7795000e+01   1.8884194e+01
   1.7800000e+01   2.0198163e+01
   1.7805000e+01   2.2293135e+01
   1.7810000e+01   2.4971279e+01
   1.7815000e+01   2.7911160e+01
   1.7820000e+01   3.0748671e+01
   1.7825000e+01   3.3190358e+01
   1.7830000e+01   3.5078459e+01
   1.7835000e+01   3.6392871e+01
   1.7840000e+01   3.7228055e+01
   1.7845000e+01   3.7754838e+01
   1.7850000e+01   3.8156621e+01
   1.7855000e+01   3.8553277e+01
   1.7860000e+01   3.8946557e+01
   1.7865000e+01   3.9224285e+01
   1.7870000e+01   3.9244428e+01
   1.7875000e+01   3.8960727e+01
   1.7880000e+01   3.8485174e+01
   1.7885000e+01   3.8009769e+01
   1.7890000e+01   3.7649792e+01
   1.7895000e+01   3.7364982e+01
   1.7900000e+01   3.7023371e+01
   1.7905000e+01   3.6510681e+01
   1.7910000e+01   3.5769374e+01
   1.7915000e+01   3.4779578e+01
   1.7920000e+01   3.3573902e+01
   1.7925000e+01   3.2294728e+01
   1.7930000e+01   3.1189115e+01
   1.7935000e+01   3.0477893e+01
   1.7940000e+01   3.0194390e+01
   1.7945000e+01   3.0152656e+01
   1.7950000e+01   3.0077396e+01
   1.7955000e+01   2.9763643e+01
   1.7960000e+01   2.9131719e+01
   1.7965000e+01   2.8186880e+01
   1.7970000e+01   2.6984742e+01
   1.7975000e+01   2.5629408e+01
   1.7980000e+01   2.4243939e+01
   1.7985000e+01   2.2913405e+01
   1.7990000e+01   2.1666431e+01
   1.7995000e+01   2.0489920e+01
   1.8000000e+01   1.9324890e+01
   1.8005000e+01   1.8060489e+01
   1.8010000e+01   1.6563343e+01
   1.8015000e+01   1.4712755e+01
   1.8020000e+01   1.2405458e+01
   1.8025000e+01   9.5580800e+00
   1.8030000e+01   6.1466512e+00
   1.8035000e+01   2.2543212e+00
   1.8040000e+01  -1.9435458e+00
   1.8045000e+01  -6.2741792e+00
   1.8050000e+01  -1.0666259e+01
   1.8055000e+01  -1.5154093e+01
   1.8060000e+01  -1.9775752e+01
   1.8065000e+01  -2.4463268e+01
   1.8070000e+01  -2.9033514e+01
   1.8075000e+01  -3.3287949e+01
   1.8080000e+01  -3.7123864e+01
   1.8085000e+01  -4.0556103e+01
   1.8090000e+01  -4.3645622e+01
   1.8095000e+01  -4.6423694e+01
   1.8100000e+01  -4.8887012e+01
   1.8105000e+01  -5.1038989e+01
   1.8110000e+01  -5.2891758e+01
   1.8115000e+01  -5.4405056e+01
   1.8120000e+01  -5.5450551e+01
   1.8125000e+01  -5.5894201e+01
   1.8130000e+01  -5.5749211e+01
   1.8135000e+01  -5.5234905e+01
   1.8140000e+01  -5.4646210e+01
   1.8145000e+01  -5.4137310e+01
   1.8150000e+01  -5.3626891e+01
   1.8155000e+01  -5.2911537e+01
   1.8160000e+01  -5.1851309e+01
   1.8165000e+01  -5.0433851e+01
   1.8170000e+01  -4.8716655e+01
   1.8175000e+01  -4.6797270e+01
   1.8180000e+01  -4.4831568e+01
   1.8185000e+01  -4.2985291e+01
   1.8190000e+01  -4.1329105e+01
   1.8195000e+01  -3.9820416e+01
   1.8200000e+01  -3.8405805e+01
   1.8205000e+01  -3.7114047e+01
   1.8210000e+01  -3.6035266e+01
   1.8215000e+01  -3.5229283e+01
   1.8220000e+01  -3.4668236e+01
   1.8225000e+01  -3.4248286e+01
   1.8230000e+01  -3.3825768e+01
   1.8235000e+01  -3.3242258e+01
   1.8240000e+01  -3.2356172e+01
   1.8245000e+01  -3.1096947e+01
   1.8250000e+01  -2.9510635e+01
   1.8255000e+01  -2.7757562e+01
   1.8260000e+01  -2.6047432e+01
   1.8265000e+01  -2.4515408e+01
   1.8270000e+01  -2.3102070e+01
   1.8275000e+01  -2.1560632e+01
   1.8280000e+01  -1.9623379e+01
   1.8285000e+01  -1.7185696e+01
   1.8290000e+01  -1.4354659e+01
   1.8295000e+01  -1.1366907e+01
   1.8300000e+01  -8.4854877e+00
   1.8305000e+01  -5.9348635e+00
   1.8310000e+01  -3.8517078e+00
   1.8315000e+01  -2.2438749e+00
   1.8320000e+01  -1.0044697e+00
   1.8325000e+01  -3.1282785e-03
   1.8330000e+01   8.1280814e-01
   1.8335000e+01   1.3976117e+00
   1.8340000e+01   1.6647496e+00
   1.8345000e+01   1.5452917e+00
   1.8350000e+01   1.0152366e+00
   1.8355000e+01   1.2239610e-01
   1.8360000e+01  -9.9311460e-01
   1.8365000e+01  -2.1497926e+00
   1.8370000e+01  -3.2424912e+00
   1.8375000e+01  -4.2923213e+00
   1.8380000e+01  -5.3617937e+00
   1.8385000e+01  -6.4699772e+00
   1.8390000e+01  -7.6065559e+00
   1.8395000e+01  -8.7436187e+00
   1.8400000e+01  -9.7834324e+00
   1.8405000e+01  -1.0555722e+01
   1.8410000e+01  -1.0925205e+01
   1.8415000e+01  -1.0896017e+01
   1.8420000e+01  -1.0603836e+01
   1.8425000e+01  -1.0222910e+01
   1.8430000e+01  -9.8710673e+00
   1.8435000e+01  -9.5526430e+00
   1.8440000e+01  -9.1555910e+00
   1.8445000e+01  -8.5255731e+00
   1.8450000e+01  -7.5972461e+00
   1.8455000e+01  -6.5006625e+00
   1.8460000e+01  -5.5639704e+00
   1.8465000e+01  -5.1796392e+00
   1.8470000e+01  -5.5784263e+00
   1.8475000e+01  -6.6796312e+00
   1.8480000e+01  -8.1706683e+00
   1.8485000e+01  -9.7200139e+00
   1.8490000e+01  -1.1109992e+01
   1.8495000e+01  -1.2266381e+01
   1.8500000e+01  -1.3264656e+01
   1.8505000e+01  -1.4276098e+01
   1.8510000e+01  -1.5426349e+01
   1.8515000e+01  -1.6684009e+01
   1.8520000e+01  -1.7884199e+01
   1.8525000e+01  -1.8858836e+01
   1.8530000e+01  -1.9572448e+01
   1.8535000e+01  -2.0144091e+01
   1.8540000e+01  -2.0710206e+01
   1.8545000e+01  -2.1264547e+01
   1.8550000e+01  -2.1657208e+01
   1.8555000e+01  -2.1740020e+01
   1.8560000e+01  -2.1488803e+01
   1.8565000e+01  -2.1003259e+01
   1.8570000e+01  -2.0428405e+01
   1.8575000e+01  -1.9881306e+01
   1.8580000e+01  -1.9424853e+01
   1.8585000e+01  -1.9090270e+01
   1.8590000e+01  -1.8921344e+01
   1.8595000e+01  -1.8988374e+01
   1.8600000e+01  -1.9337478e+01
   1.8605000e+01  -1.9914516e+01
   1.8610000e+01  -2.0558518e+01
   1.8615000e+01  -2.1105533e+01
   1.8620000e+01  -2.1513197e+01
   1.8625000e+01  -2.1878263e+01
   1.8630000e+01  -2.2339069e+01
   1.8635000e+01  -2.2969570e+01
   1.8640000e+01  -2.3742512e+01
   1.8645000e+01  -2.4547111e+01
   1.8650000e+01  -2.5230786e+01
   1.8655000e+01  -2.5667636e+01
   1.8660000e+01  -2.5818595e+01
   1.8665000e+01  -2.5707730e+01
   1.8670000e+01  -2.5342344e+01
   1.8675000e+01  -2.4697401e+01
   1.8680000e+01  -2.3768498e+01
   1.8685000e+01  -2.2575221e+01
   1.8690000e+01  -2.1084804e+01
   1.8695000e+01  -1.9152894e+01
   1.8700000e+01  -1.6569516e+01
   1.8705000e+01  -1.3211338e+01
   1.8710000e+01  -9.1857956e+00
   1.8715000e+01  -4.8035771e+00
   1.8720000e+01  -3.9206688e-01
   1.8725000e+01   3.8324223e+00
   1.8730000e+01   7.7292373e+00
   1.8735000e+01   1.1168697e+01
   1.8740000e+01   1.4042725e+01
   1.8745000e+01   1.6290711e+01
   1.8750000e+01   1.7880936e+01
   1.8755000e+01   1.8780830e+01
   1.8760000e+01   1.8955132e+01
   1.8765000e+01   1.8379385e+01
   1.8770000e+01   1.7045713e+01
   1.8775000e+01   1.4966412e+01
   1.8780000e+01   1.2192126e+01
   1.8785000e+01   8.8390524e+00
   1.8790000e+01   5.0948778e+00
   1.8795000e+01   1.1820427e+00
   1.8800000e+01  -2.7003695e+00
   1.8805000e+01  -6.4085378e+00
   1.8810000e+01  -9.8486406e+00
   1.8815000e+01  -1.2976510e+01
   1.8820000e+01  -1.5810109e+01
   1.8825000e+01  -1.8394657e+01
   1.8830000e+01  -2.0726848e+01
   1.8835000e+01  -2.2747700e+01
   1.8840000e+01  -2.4420382e+01
   1.8845000e+01  -2.5764456e+01
   1.8850000e+01  -2.6793765e+01
   1.8855000e+01  -2.7472282e+01
   1.8860000e+01  -2.7775294e+01
   1.8865000e+01  -2.7768802e+01
   1.8870000e+01  -2.7582150e+01
   1.8875000e+01  -2.7306393e+01
   1.8880000e+01  -2.6948782e+01
   1.8885000e+01  -2.6479417e+01
   1.8890000e+01  -2.5891823e+01
   1.8895000e+01  -2.5208535e+01
   1.8900000e+01  -2.4437968e+01
   1.8905000e+01  -2.3544630e+01
   1.8910000e+01  -2.2484691e+01
   1.8915000e+01  -2.1268058e+01
   1.8920000e+01  -1.9953918e+01
   1.8925000e+01  -1.8579217e+01
   1.8930000e+01  -1.7120471e+01
   1.8935000e+01  -1.5534911e+01
   1.8940000e+01  -1.3817773e+01
   1.8945000e+01  -1.2005518e+01
   1.8950000e+01  -1.0125971e+01
   1.8955000e+01  -8.1572128e+00
   1.8960000e+01  -6.0550465e+00
   1.8965000e+01  -3.8207957e+00
   1.8970000e+01  -1.5100788e+00
   1.8975000e+01   8.3694584e-01
   1.8980000e+01   3.2436879e+00
   1.8985000e+01   5.7570761e+00
   1.8990000e+01   8.3691617e+00
   1.8995000e+01   1.0981731e+01
   1.9000000e+01   1.3450229e+01
   1.9005000e+01   1.5677708e+01
   1.9010000e+01   1.7668064e+01
   1.9015000e+01   1.9478934e+01
   1.9020000e+01   2.1134363e+01
   1.9025000e+01   2.2590536e+01
   1.9030000e+01   2.3761500e+01
   1.9035000e+01   2.4565609e+01
   1.9040000e+01   2.4982888e+01
   1.9045000e+01   2.5108893e+01
   1.9050000e+01   2.5144335e+01
   1.9055000e+01   2.5290651e+01
   1.9060000e+01   2.5640785e+01
   1.9065000e+01   2.6178719e+01
   1.9070000e+01   2.6859930e+01
   1.9075000e+01   2.7648667e+01
   1.9080000e+01   2.8481711e+01
   1.9085000e+01   2.9252661e+01
   1.9090000e+01   2.9863900e+01
   1.9095000e+01   3.0260145e+01
   1.9100000e+01   3.0390353e+01
   1.9105000e+01   3.0189966e+01
   1.9110000e+01   2.9640016e+01
   1.9115000e+01   2.8811613e+01
   1.9120000e+01   2.7833652e+01
   1.9125000e+01   2.6835898e+01
   1.9130000e+01   2.5901892e+01
   1.9135000e+01   2.5028663e+01
   1.9140000e+01   2.4142660e+01
   1.9145000e+01   2.3211336e+01
   1.9150000e+01   2.2353267e+01
   1.9155000e+01   2.1799699e+01
   1.9160000e+01   2.1738287e+01
   1.9165000e+01   2.2229922e+01
   1.9170000e+01   2.3264486e+01
   1.9175000e+01   2.4819570e+01
   1.9180000e+01   2.6824968e+01
   1.9185000e+01   2.9094422e+01
   1.9190000e+01   3.1324209e+01
   1.9195000e+01   3.3202576e+01
   1.9200000e+01   3.4575941e+01
   1.9205000e+01   3.5509437e+01
   1.9210000e+01   3.6155332e+01
   1.9215000e+01   3.6587035e+01
   1.9220000e+01   3.6798144e+01
   1.9225000e+01   3.6822776e+01
   1.9230000e+01   3.6778166e+01
   1.9235000e+01   3.6768579e+01
   1.9240000e+01   3.6782864e+01
   1.9245000e+01   3.6698017e+01
   1.9250000e+01   3.6354514e+01
   1.9255000e+01   3.5627079e+01
   1.9260000e+01   3.4471884e+01
   1.9265000e+01   3.2949167e+01
   1.9270000e+01   3.1202341e+01
   1.9275000e+01   2.9395494e+01
   1.9280000e+01   2.7649269e+01
   1.9285000e+01   2.6012960e+01
   1.9290000e+01   2.4476311e+01
   1.9295000e+01   2.3000299e+01
   1.9300000e+01   2.1545947e+01
   1.9305000e+01   2.0091926e+01
   1.9310000e+01   1.8646784e+01
   1.9315000e+01   1.7266182e+01
   1.9320000e+01   1.6060420e+01
   1.9325000e+01   1.5157116e+01
   1.9330000e+01   1.4625270e+01
   1.9335000e+01   1.4424974e+01
   1.9340000e+01   1.4431548e+01
   1.9345000e+01   1.4518004e+01
   1.9350000e+01   1.4645352e+01
   1.9355000e+01   1.4910146e+01
   1.9360000e+01   1.5511636e+01
   1.9365000e+01   1.6643560e+01
   1.9370000e+01   1.8376525e+01
   1.9375000e+01   2.0619877e+01
   1.9380000e+01   2.3203433e+01
   1.9385000e+01   2.6012873e+01
   1.9390000e+01   2.9031388e+01
   1.9395000e+01   3.2219501e+01
   1.9400000e+01   3.5367837e+01
   1.9405000e+01   3.8117498e+01
   1.9410000e+01   4.0155888e+01
   1.9415000e+01   4.1404444e+01
   1.9420000e+01   4.2041962e+01
   1.9425000e+01   4.2376848e+01
   1.9430000e+01   4.2687685e+01
   1.9435000e+01   4.3123701e+01
   1.9440000e+01   4.3678337e+01
   1.9445000e+01   4.4215149e+01
   1.9450000e+01   4.4538671e+01
   1.9455000e+01   4.4495612e+01
   1.9460000e+01   4.4045596e+01
   1.9465000e+01   4.3233562e+01
   1.9470000e+01   4.2087620e+01
   1.9475000e+01   4.0569225e+01
   1.9480000e+01   3.8651123e+01
   1.9485000e+01   3.6422029e+01
   1.9490000e+01   3.4068105e+01
   1.9495000e+01   3.1749409e+01
   1.9500000e+01   2.9534484e+01
   1.9505000e+01   2.7454607e+01
   1.9510000e+01   2.5546929e+01
   1.9515000e+01   2.3807712e+01
   1.9520000e+01   2.2175483e+01
   1.9525000e+01   2.0611482e+01
   1.9530000e+01   1.9144133e+01
   1.9535000e+01   1.7799992e+01
   1.9540000e+01   1.6545085e+01
   1.9545000e+01   1.5339582e+01
   1.9550000e+01   1.4222852e+01
   1.9555000e+01   1.3296174e+01
   1.9560000e+01   1.2607294e+01
   1.9565000e+01   1.2071701e+01
   1.9570000e+01   1.1537635e+01
   1.9575000e+01   1.0943803e+01
   1.9580000e+01   1.0403209e+01
   1.9585000e+01   1.0112645e+01
   1.9590000e+01   1.0170051e+01
   1.9595000e+01   1.0477639e+01
   1.9600000e+01   1.0812247e+01
   1.9605000e+01   1.0976956e+01
   1.9610000e+01   1.0897849e+01
   1.9615000e+01   1.0610201e+01
   1.9620000e+01   1.0170548e+01
   1.9625000e+01   9.5751380e+00
   1.9630000e+01   8.7506924e+00
   1.9635000e+01   7.6068725e+00
   1.9640000e+01   6.0829005e+00
   1.9645000e+01   4.1579594e+00
   1.9650000e+01   1.8458487e+00
   1.9655000e+01  -8.1440490e-01
   1.9660000e+01  -3.7628871e+00
   1.9665000e+01  -6.8917041e+00
   1.9670000e+01  -1.0003577e+01
   1.9675000e+01  -1.2837542e+01
   1.9680000e+01  -1.5191551e+01
   1.9685000e+01  -1.7027486e+01
   1.9690000e+01  -1.8425857e+01
   1.9695000e+01  -1.9443838e+01
   1.9700000e+01  -2.0057747e+01
   1.9705000e+01  -2.0238190e+01
   1.9710000e+01  -2.0024853e+01
   1.9715000e+01  -1.9499287e+01
   1.9720000e+01  -1.8713490e+01
   1.9725000e+01  -1.7685290e+01
   1.9730000e+01  -1.6470112e+01
   1.9735000e+01  -1.5205429e+01
   1.9740000e+01  -1.4044104e+01
   1.9745000e+01  -1.3034357e+01
   1.9750000e+01  -1.2083934e+01
   1.9755000e+01  -1.1047227e+01
   1.9760000e+01  -9.8373348e+00
   1.9765000e+01  -8.4657514e+00
   1.9770000e+01  -7.0080501e+00
   1.9775000e+01  -5.5490238e+00
   1.9780000e+01  -4.1478651e+00
   1.9785000e+01  -2.8388055e+00
   1.9790000e+01  -1.6640602e+00
   1.9795000e+01  -7.0330011e-01
   1.9800000e+01  -5.0893340e-02
   1.9805000e+01   2.5172379e-01
   1.9810000e+01   2.5989817e-01
   1.9815000e+01   1.0473749e-01
   1.9820000e+01  -5.7572735e-02
   1.9825000e+01  -7.5037585e-02
   1.9830000e+01   1.8597742e-01
   1.9835000e+01   7.9896220e-01
   1.9840000e+01   1.7134511e+00
   1.9845000e+01   2.7469597e+00
   1.9850000e+01   3.6846012e+00
   1.9855000e+01   4.4064658e+00
   1.9860000e+01   4.9040968e+00
   1.9865000e+01   5.1791587e+00
   1.9870000e+01   5.1708987e+00
   1.9875000e+01   4.8132963e+00
   1.9880000e+01   4.1359237e+00
   1.9885000e+01   3.2600401e+00
   1.9890000e+01   2.2914974e+00
   1.9895000e+01   1.2398567e+00
   1.9900000e+01   2.9925919e-02
   1.9905000e+01  -1.4283706e+00
   1.9910000e+01  -3.1544245e+00
   1.9915000e+01  -5.0408247e+00
   1.9920000e+01  -6.8763902e+00
   1.9925000e+01  -8.4282039e+00
   1.9930000e+01  -9.5038965e+00
   1.9935000e+01  -9.9632874e+00
   1.9940000e+01  -9.7133677e+00
   1.9945000e+01  -8.7172458e+00
   1.9950000e+01  -7.0107232e+00
   1.9955000e+01  -4.6914598e+00
   1.9960000e+01  -1.8643198e+00
   1.9965000e+01   1.3923446e+00
   1.9970000e+01   4.9648571e+00
   1.9975000e+01   8.6206259e+00
   1.9980000e+01   1.2060330e+01
   1.9985000e+01   1.5099325e+01
   1.9990000e+01   1.7779882e+01
   1.9995000e+01   2.0276344e+01
   2.0000000e+01   2.2690614e+01
   2.0005000e+01   2.4953681e+01
   2.0010000e+01   2.6922017e+01
   2.0015000e+01   2.8538629e+01
   2.0020000e+01   2.9873004e+01
   2.0025000e+01   3.1025001e+01
   2.0030000e+01   3.2036973e+01
   2.0035000e+01   3.2903853e+01
   2.0040000e+01   3.3627458e+01
   2.0045000e+01   3.4226857e+01
   2.0050000e+01   3.4684730e+01
   2.0055000e+01   3.4892604e+01
   2.0060000e+01   3.4685006e+01
   2.0065000e+01   3.3951575e+01
   2.0070000e+01   3.2694933e+01
   2.0075000e+01   3.0982168e+01
   2.0080000e+01   2.8902149e+01
   2.0085000e+01   2.6590984e+01
   2.0090000e+01   2.4230043e+01
   2.0095000e+01   2.1958891e+01
   2.0100000e+01   1.9813101e+01
   2.0105000e+01   1.7794324e+01
   2.0110000e+01   1.5986649e+01
   2.0115000e+01   1.4551924e+01
   2.0120000e+01   1.3600685e+01
   2.0125000e+01   1.3093012e+01
   2.0130000e+01   1.2870340e+01
   2.0135000e+01   1.2775849e+01
   2.0140000e+01   1.2757250e+01
   2.0145000e+01   1.2873317e+01
   2.0150000e+01   1.3199824e+01
   2.0155000e+01   1.3711739e+01
   2.0160000e+01   1.4246353e+01
   2.0165000e+01   1.4585639e+01
   2.0170000e+01   1.4584294e+01
   2.0175000e+01   1.4226679e+01
   2.0180000e+01   1.3572405e+01
   2.0185000e+01   1.2664426e+01
   2.0190000e+01   1.1492890e+01
   2.0195000e+01   1.0016559e+01
   2.0200000e+01   8.1791745e+00
   2.0205000e+01   5.9036379e+00
   2.0210000e+01   3.1083847e+00
   2.0215000e+01  -2.3263548e-01
   2.0220000e+01  -4.0327544e+00
   2.0225000e+01  -8.0917186e+00
   2.0230000e+01  -1.2144641e+01
   2.0235000e+01  -1.5926510e+01
   2.0240000e+01  -1.9238512e+01
   2.0245000e+01  -2.1993580e+01
   2.0250000e+01  -2.4206612e+01
   2.0255000e+01  -2.5942645e+01
   2.0260000e+01  -2.7269930e+01
   2.0265000e+01  -2.8227422e+01
   2.0270000e+01  -2.8795308e+01
   2.0275000e+01  -2.8893465e+01
   2.0280000e+01  -2.8435874e+01
   2.0285000e+01  -2.7402749e+01
   2.0290000e+01  -2.5856040e+01
   2.0295000e+01  -2.3890989e+01
   2.0300000e+01  -2.1594329e+01
   2.0305000e+01  -1.9053028e+01
   2.0310000e+01  -1.6384493e+01
   2.0315000e+01  -1.3745598e+01
   2.0320000e+01  -1.1297294e+01
   2.0325000e+01  -9.1247685e+00
   2.0330000e+01  -7.1719515e+00
   2.0335000e+01  -5.2791496e+00
   2.0340000e+01  -3.3229125e+00
   2.0345000e+01  -1.3323574e+00
   2.0350000e+01   5.3956946e-01
   2.0355000e+01   2.1659465e+00
   2.0360000e+01   3.5585887e+00
   2.0365000e+01   4.8133933e+00
   2.0370000e+01   5.9485205e+00
   2.0375000e+01   6.8348465e+00
   2.0380000e+01   7.3046640e+00
   2.0385000e+01   7.3069246e+00
   2.0390000e+01   6.9501784e+00
   2.0395000e+01   6.4240590e+00
   2.0400000e+01   5.8858818e+00
   2.0405000e+01   5.3705785e+00
   2.0410000e+01   4.7538813e+00
   2.0415000e+01   3.8178460e+00
   2.0420000e+01   2.4161099e+00
   2.0425000e+01   6.1234949e-01
   2.0430000e+01  -1.3337316e+00
   2.0435000e+01  -3.1140245e+00
   2.0440000e+01  -4.5476612e+00
   2.0445000e+01  -5.6777249e+00
   2.0450000e+01  -6.6971750e+00
   2.0455000e+01  -7.7399619e+00
   2.0460000e+01  -8.7511783e+00
   2.0465000e+01  -9.5833631e+00
   2.0470000e+01  -1.0195009e+01
   2.0475000e+01  -1.0728281e+01
   2.0480000e+01  -1.1418244e+01
   2.0485000e+01  -1.2459139e+01
   2.0490000e+01  -1.3926227e+01
   2.0495000e+01  -1.5755505e+01
   2.0500000e+01  -1.7780718e+01
   2.0505000e+01  -1.9824919e+01
   2.0510000e+01  -2.1772365e+01
   2.0515000e+01  -2.3558653e+01
   2.0520000e+01  -2.5132458e+01
   2.0525000e+01  -2.6463120e+01
   2.0530000e+01  -2.7572497e+01
   2.0535000e+01  -2.8524378e+01
   2.0540000e+01  -2.9354348e+01
   2.0545000e+01  -2.9994938e+01
   2.0550000e+01  -3.0288711e+01
   2.0555000e+01  -3.0117696e+01
   2.0560000e+01  -2.9535439e+01
   2.0565000e+01  -2.8760271e+01
   2.0570000e+01  -2.8039299e+01
   2.0575000e+01  -2.7517738e+01
   2.0580000e+01  -2.7205761e+01
   2.0585000e+01  -2.7026210e+01
   2.0590000e+01  -2.6883418e+01
   2.0595000e+01  -2.6722321e+01
   2.0600000e+01  -2.6579192e+01
   2.0605000e+01  -2.6597882e+01
   2.0610000e+01  -2.6946642e+01
   2.0615000e+01  -2.7661520e+01
   2.0620000e+01  -2.8586569e+01
   2.0625000e+01  -2.9502525e+01
   2.0630000e+01  -3.0298698e+01
   2.0635000e+01  -3.1010950e+01
   2.0640000e+01  -3.1744398e+01
   2.0645000e+01  -3.2606355e+01
   2.0650000e+01  -3.3680696e+01
   2.0655000e+01  -3.4986755e+01
   2.0660000e+01  -3.6430422e+01
   2.0665000e+01  -3.7827990e+01
   2.0670000e+01  -3.9011694e+01
   2.0675000e+01  -3.9921549e+01
   2.0680000e+01  -4.0604669e+01
   2.0685000e+01  -4.1136957e+01
   2.0690000e+01  -4.1546875e+01
   2.0695000e+01  -4.1812747e+01
   2.0700000e+01  -4.1911640e+01
   2.0705000e+01  -4.1820894e+01
   2.0710000e+01  -4.1460307e+01
   2.0715000e+01  -4.0690916e+01
   2.0720000e+01  -3.9412600e+01
   2.0725000e+01  -3.7625887e+01
   2.0730000e+01  -3.5343205e+01
   2.0735000e+01  -3.2460540e+01
   2.0740000e+01  -2.8812243e+01
   2.0745000e+01  -2.4425507e+01
   2.0750000e+01  -1.9695142e+01
   2.0755000e+01  -1.5217379e+01
   2.0760000e+01  -1.1403295e+01
   2.0765000e+01  -8.2714946e+00
   2.0770000e+01  -5.6015100e+00
   2.0775000e+01  -3.2167025e+00
   2.0780000e+01  -1.1027646e+00
   2.0785000e+01   6.6188031e-01
   2.0790000e+01   2.0033010e+00
   2.0795000e+01   2.8859302e+00
   2.0800000e+01   3.3119795e+00
   2.0805000e+01   3.3161774e+00
   2.0810000e+01   2.9563020e+00
   2.0815000e+01   2.3162895e+00
   2.0820000e+01   1.5155609e+00
   2.0825000e+01   6.8118360e-01
   2.0830000e+01  -1.0052330e-01
   2.0835000e+01  -7.8328714e-01
   2.0840000e+01  -1.3118331e+00
   2.0845000e+01  -1.5856379e+00
   2.0850000e+01  -1.4691410e+00
   2.0855000e+01  -8.6255525e-01
   2.0860000e+01   1.9876556e-01
   2.0865000e+01   1.5359516e+00
   2.0870000e+01   2.9473738e+00
   2.0875000e+01   4.3106991e+00
   2.0880000e+01   5.5801084e+00
   2.0885000e+01   6.7798247e+00
   2.0890000e+01   8.0348380e+00
   2.0895000e+01   9.5331274e+00
   2.0900000e+01   1.1387399e+01
   2.0905000e+01   1.3508147e+01
   2.0910000e+01   1.5600055e+01
   2.0915000e+01   1.7304937e+01
   2.0920000e+01   1.8403190e+01
   2.0925000e+01   1.8910210e+01
   2.0930000e+01   1.8993153e+01
   2.0935000e+01   1.8808223e+01
   2.0940000e+01   1.8388557e+01
   2.0945000e+01   1.7632546e+01
   2.0950000e+01   1.6398103e+01
   2.0955000e+01   1.4641516e+01
   2.0960000e+01   1.2467057e+01
   2.0965000e+01   1.0041537e+01
   2.0970000e+01   7.4878690e+00
   2.0975000e+01   4.8635664e+00
   2.0980000e+01   2.2006682e+00
   2.0985000e+01  -4.5965364e-01
   2.0990000e+01  -3.0498604e+00
   2.0995000e+01  -5.4657730e+00
   2.1000000e+01  -7.5809170e+00
   2.1005000e+01  -9.2916934e+00
   2.1010000e+01  -1.0556201e+01
   2.1015000e+01  -1.1405802e+01
   2.1020000e+01  -1.1944310e+01
   2.1025000e+01  -1.2319967e+01
   2.1030000e+01  -1.2649820e+01
   2.1035000e+01  -1.2958307e+01
   2.1040000e+01  -1.3209979e+01
   2.1045000e+01  -1.3387516e+01
   2.1050000e+01  -1.3480434e+01
   2.1055000e+01  -1.3393494e+01
   2.1060000e+01  -1.2963394e+01
   2.1065000e+01  -1.2139453e+01
   2.1070000e+01  -1.1100432e+01
   2.1075000e+01  -1.0126417e+01
   2.1080000e+01  -9.3711727e+00
   2.1085000e+01  -8.7966708e+00
   2.1090000e+01  -8.3022396e+00
   2.1095000e+01  -7.8575635e+00
   2.1100000e+01  -7.5062562e+00
   2.1105000e+01  -7.2995789e+00
   2.1110000e+01  -7.2712165e+00
   2.1115000e+01  -7.4521344e+00
   2.1120000e+01  -7.8538833e+00
   2.1125000e+01  -8.4285861e+00
   2.1130000e+01  -9.0811467e+00
   2.1135000e+01  -9.7260804e+00
   2.1140000e+01  -1.0314996e+01
   2.1145000e+01  -1.0832590e+01
   2.1150000e+01  -1.1296588e+01
   2.1155000e+01  -1.1744199e+01
   2.1160000e+01  -1.2203420e+01
   2.1165000e+01  -1.2696820e+01
   2.1170000e+01  -1.3271600e+01
   2.1175000e+01  -1.3992662e+01
   2.1180000e+01  -1.4892886e+01
   2.1185000e+01  -1.5942745e+01
   2.1190000e+01  -1.7079703e+01
   2.1195000e+01  -1.8276538e+01
   2.1200000e+01  -1.9586768e+01
   2.1205000e+01  -2.1109165e+01
   2.1210000e+01  -2.2882862e+01
   2.1215000e+01  -2.4812201e+01
   2.1220000e+01  -2.6710795e+01
   2.1225000e+01  -2.8417799e+01
   2.1230000e+01  -2.9852099e+01
   2.1235000e+01  -3.0987909e+01
   2.1240000e+01  -3.1851715e+01
   2.1245000e+01  -3.2533168e+01
   2.1250000e+01  -3.3123391e+01
   2.1255000e+01  -3.3636555e+01
   2.1260000e+01  -3.4024909e+01
   2.1265000e+01  -3.4235616e+01
   2.1270000e+01  -3.4205660e+01
   2.1275000e+01  -3.3838979e+01
   2.1280000e+01  -3.3064146e+01
   2.1285000e+01  -3.1926923e+01
   2.1290000e+01  -3.0586422e+01
   2.1295000e+01  -2.9214881e+01
   2.1300000e+01  -2.7921194e+01
   2.1305000e+01  -2.6737273e+01
   2.1310000e+01  -2.5616907e+01
   2.1315000e+01  -2.4454417e+01
   2.1320000e+01  -2.3164810e+01
   2.1325000e+01  -2.1771923e+01
   2.1330000e+01  -2.0398493e+01
   2.1335000e+01  -1.9171082e+01
   2.1340000e+01  -1.8165533e+01
   2.1345000e+01  -1.7419447e+01
   2.1350000e+01  -1.6914634e+01
   2.1355000e+01  -1.6535589e+01
   2.1360000e+01  -1.6119178e+01
   2.1365000e+01  -1.5579687e+01
   2.1370000e+01  -1.4963047e+01
   2.1375000e+01  -1.4386859e+01
   2.1380000e+01  -1.3965573e+01
   2.1385000e+01  -1.3782715e+01
   2.1390000e+01  -1.3864514e+01
   2.1395000e+01  -1.4134411e+01
   2.1400000e+01  -1.4424790e+01
   2.1405000e+01  -1.4590085e+01
   2.1410000e+01  -1.4629697e+01
   2.1415000e+01  -1.4691518e+01
   2.1420000e+01  -1.4942713e+01
   2.1425000e+01  -1.5430553e+01
   2.1430000e+01  -1.6073238e+01
   2.1435000e+01  -1.6777557e+01
   2.1440000e+01  -1.7520716e+01
   2.1445000e+01  -1.8305550e+01
   2.1450000e+01  -1.9107338e+01
   2.1455000e+01  -1.9902596e+01
   2.1460000e+01  -2.0692068e+01
   2.1465000e+01  -2.1477670e+01
   2.1470000e+01  -2.2273140e+01
   2.1475000e+01  -2.3131667e+01
   2.1480000e+01  -2.4099744e+01
   2.1485000e+01  -2.5141447e+01
   2.1490000e+01  -2.6147604e+01
   2.1495000e+01  -2.7020417e+01
   2.1500000e+01  -2.7729980e+01
   2.1505000e+01  -2.8292119e+01
   2.1510000e+01  -2.8711049e+01
   2.1515000e+01  -2.8965337e+01
   2.1520000e+01  -2.9061937e+01
   2.1525000e+01  -2.9085792e+01
   2.1530000e+01  -2.9158860e+01
   2.1535000e+01  -2.9335077e+01
   2.1540000e+01  -2.9553105e+01
   2.1545000e+01  -2.9696991e+01
   2.1550000e+01  -2.9665692e+01
   2.1555000e+01  -2.9369570e+01
   2.1560000e+01  -2.8719903e+01
   2.1565000e+01  -2.7665000e+01
   2.1570000e+01  -2.6198068e+01
   2.1575000e+01  -2.4306493e+01
   2.1580000e+01  -2.1959141e+01
   2.1585000e+01  -1.9176840e+01
   2.1590000e+01  -1.6102202e+01
   2.1595000e+01  -1.2988977e+01
   2.1600000e+01  -1.0114826e+01
   2.1605000e+01  -7.6617667e+00
   2.1610000e+01  -5.6222709e+00
   2.1615000e+01  -3.8059080e+00
   2.1620000e+01  -1.9761936e+00
   2.1625000e+01  -2.1123563e-02
   2.1630000e+01   1.9931645e+00
   2.1635000e+01   3.9128474e+00
   2.1640000e+01   5.6101944e+00
   2.1645000e+01   7.0142721e+00
   2.1650000e+01   8.0800141e+00
   2.1655000e+01   8.7720320e+00
   2.1660000e+01   9.0759308e+00
   2.1665000e+01   9.0087770e+00
   2.1670000e+01   8.6325314e+00
   2.1675000e+01   8.0641506e+00
   2.1680000e+01   7.4416132e+00
   2.1685000e+01   6.8651955e+00
   2.1690000e+01   6.3883829e+00
   2.1695000e+01   6.0552784e+00
   2.1700000e+01   5.9109044e+00
   2.1705000e+01   5.9747549e+00
   2.1710000e+01   6.2385300e+00
   2.1715000e+01   6.6972331e+00
   2.1720000e+01   7.3490668e+00
   2.1725000e+01   8.1536409e+00
   2.1730000e+01   9.0263133e+00
   2.1735000e+01   9.8889156e+00
   2.1740000e+01   1.0702959e+01
   2.1745000e+01   1.1461675e+01
   2.1750000e+01   1.2182453e+01
   2.1755000e+01   1.2896403e+01
   2.1760000e+01   1.3621794e+01
   2.1765000e+01   1.4364182e+01
   2.1770000e+01   1.5151489e+01
   2.1775000e+01   1.6032558e+01
   2.1780000e+01   1.7016573e+01
   2.1785000e+01   1.8049048e+01
   2.1790000e+01   1.9090802e+01
   2.1795000e+01   2.0197688e+01
   2.1800000e+01   2.1469366e+01
   2.1805000e+01   2.2922636e+01
   2.1810000e+01   2.4452001e+01
   2.1815000e+01   2.5912137e+01
   2.1820000e+01   2.7213980e+01
   2.1825000e+01   2.8342268e+01
   2.1830000e+01   2.9295656e+01
   2.1835000e+01   3.0014085e+01
   2.1840000e+01   3.0374802e+01
   2.1845000e+01   3.0294383e+01
   2.1850000e+01   2.9860169e+01
   2.1855000e+01   2.9335047e+01
   2.1860000e+01   2.8988937e+01
   2.1865000e+01   2.8916861e+01
   2.1870000e+01   2.9018392e+01
   2.1875000e+01   2.9120860e+01
   2.1880000e+01   2.9104024e+01
   2.1885000e+01   2.8942073e+01
   2.1890000e+01   2.8683579e+01
   2.1895000e+01   2.8423661e+01
   2.1900000e+01   2.8289562e+01
   2.1905000e+01   2.8415307e+01
   2.1910000e+01   2.8878260e+01
   2.1915000e+01   2.9625999e+01
   2.1920000e+01   3.0476233e+01
   2.1925000e+01   3.1231407e+01
   2.1930000e+01   3.1819781e+01
   2.1935000e+01   3.2317710e+01
   2.1940000e+01   3.2826753e+01
   2.1945000e+01   3.3339953e+01
   2.1950000e+01   3.3740437e+01
   2.1955000e+01   3.3928174e+01
   2.1960000e+01   3.3934193e+01
   2.1965000e+01   3.3896752e+01
   2.1970000e+01   3.3926527e+01
   2.1975000e+01   3.4009408e+01
   2.1980000e+01   3.4039059e+01
   2.1985000e+01   3.3920267e+01
   2.1990000e+01   3.3634060e+01
   2.1995000e+01   3.3229740e+01
   2.2000000e+01   3.2780937e+01
   2.2005000e+01   3.2347457e+01
   2.2010000e+01   3.1958084e+01
   2.2015000e+01   3.1611963e+01
   2.2020000e+01   3.1291461e+01
   2.2025000e+01   3.0981309e+01
   2.2030000e+01   3.0693086e+01
   2.2035000e+01   3.0482783e+01
   2.2040000e+01   3.0426539e+01
   2.2045000e+01   3.0547071e+01
   2.2050000e+01   3.0762740e+01
   2.2055000e+01   3.0939573e+01
   2.2060000e+01   3.1015481e+01
   2.2065000e+01   3.1071863e+01
   2.2070000e+01   3.1277041e+01
   2.2075000e+01   3.1759339e+01
   2.2080000e+01   3.2526251e+01
   2.2085000e+01   3.3479818e+01
   2.2090000e+01   3.4487809e+01
   2.2095000e+01   3.5448127e+01
   2.2100000e+01   3.6318304e+01
   2.2105000e+01   3.7119840e+01
   2.2110000e+01   3.7928834e+01
   2.2115000e+01   3.8830078e+01
   2.2120000e+01   3.9826214e+01
   2.2125000e+01   4.0789809e+01
   2.2130000e+01   4.1550947e+01
   2.2135000e+01   4.2043903e+01
   2.2140000e+01   4.2339908e+01
   2.2145000e+01   4.2534642e+01
   2.2150000e+01   4.2633801e+01
   2.2155000e+01   4.2558598e+01
   2.2160000e+01   4.2239125e+01
   2.2165000e+01   4.1683841e+01
   2.2170000e+01   4.0966996e+01
   2.2175000e+01   4.0159535e+01
   2.2180000e+01   3.9271335e+01
   2.2185000e+01   3.8265191e+01
   2.2190000e+01   3.7125702e+01
   2.2195000e+01   3.5887080e+01
   2.2200000e+01   3.4581152e+01
   2.2205000e+01   3.3195914e+01
   2.2210000e+01   3.1722558e+01
   2.2215000e+01   3.0224334e+01
   2.2220000e+01   2.8813599e+01
   2.2225000e+01   2.7558866e+01
   2.2230000e+01   2.6452231e+01
   2.2235000e+01   2.5471558e+01
   2.2240000e+01   2.4633716e+01
   2.2245000e+01   2.3973842e+01
   2.2250000e+01   2.3509396e+01
   2.2255000e+01   2.3253435e+01
   2.2260000e+01   2.3246867e+01
   2.2265000e+01   2.3550913e+01
   2.2270000e+01   2.4207713e+01
   2.2275000e+01   2.5201178e+01
   2.2280000e+01   2.6420776e+01
   2.2285000e+01   2.7671400e+01
   2.2290000e+01   2.8790945e+01
   2.2295000e+01   2.9789296e+01
   2.2300000e+01   3.0821592e+01
   2.2305000e+01   3.1989056e+01
   2.2310000e+01   3.3204067e+01
   2.2315000e+01   3.4291306e+01
   2.2320000e+01   3.5180986e+01
   2.2325000e+01   3.5935533e+01
   2.2330000e+01   3.6598107e+01
   2.2335000e+01   3.7080569e+01
   2.2340000e+01   3.7223048e+01
   2.2345000e+01   3.6936542e+01
   2.2350000e+01   3.6275259e+01
   2.2355000e+01   3.5391755e+01
   2.2360000e+01   3.4431651e+01
   2.2365000e+01   3.3443201e+01
   2.2370000e+01   3.2355377e+01
   2.2375000e+01   3.1033635e+01
   2.2380000e+01   2.9358160e+01
   2.2385000e+01   2.7263387e+01
   2.2390000e+01   2.4744853e+01
   2.2395000e+01   2.1865989e+01
   2.2400000e+01   1.8754698e+01
   2.2405000e+01   1.5566030e+01
   2.2410000e+01   1.2426592e+01
   2.2415000e+01   9.3948850e+00
   2.2420000e+01   6.4485376e+00
   2.2425000e+01   3.5045602e+00
   2.2430000e+01   4.9525500e-01
   2.2435000e+01  -2.5333733e+00
   2.2440000e+01  -5.4164095e+00
   2.2445000e+01  -7.9902321e+00
   2.2450000e+01  -1.0199095e+01
   2.2455000e+01  -1.2078919e+01
   2.2460000e+01  -1.3686177e+01
   2.2465000e+01  -1.5073478e+01
   2.2470000e+01  -1.6303454e+01
   2.2475000e+01  -1.7441303e+01
   2.2480000e+01  -1.8515261e+01
   2.2485000e+01  -1.9498623e+01
   2.2490000e+01  -2.0370465e+01
   2.2495000e+01  -2.1208757e+01
   2.2500000e+01  -2.2178870e+01
   2.2505000e+01  -2.3394321e+01
   2.2510000e+01  -2.4816222e+01
   2.2515000e+01  -2.6320581e+01
   2.2520000e+01  -2.7846264e+01
   2.2525000e+01  -2.9451229e+01
   2.2530000e+01  -3.1235958e+01
   2.2535000e+01  -3.3232682e+01
   2.2540000e+01  -3.5353419e+01
   2.2545000e+01  -3.7420701e+01
   2.2550000e+01  -3.9262260e+01
   2.2555000e+01  -4.0796239e+01
   2.2560000e+01  -4.2019331e+01
   2.2565000e+01  -4.2932732e+01
   2.2570000e+01  -4.3526112e+01
   2.2575000e+01  -4.3820340e+01
   2.2580000e+01  -4.3867894e+01
   2.2585000e+01  -4.3701474e+01
   2.2590000e+01  -4.3305237e+01
   2.2595000e+01  -4.2637220e+01
   2.2600000e+01  -4.1680184e+01
   2.2605000e+01  -4.0473711e+01
   2.2610000e+01  -3.9069881e+01
   2.2615000e+01  -3.7441385e+01
   2.2620000e+01  -3.5469596e+01
   2.2625000e+01  -3.3055051e+01
   2.2630000e+01  -3.0229268e+01
   2.2635000e+01  -2.7152844e+01
   2.2640000e+01  -2.4023303e+01
   2.2645000e+01  -2.0986162e+01
   2.2650000e+01  -1.8102749e+01
   2.2655000e+01  -1.5375414e+01
   2.2660000e+01  -1.2808040e+01
   2.2665000e+01  -1.0456095e+01
   2.2670000e+01  -8.4180902e+00
   2.2675000e+01  -6.7826868e+00
   2.2680000e+01  -5.5937639e+00
   2.2685000e+01  -4.8531372e+00
   2.2690000e+01  -4.5347776e+00
   2.2695000e+01  -4.6024508e+00
   2.2700000e+01  -5.0293890e+00
   2.2705000e+01  -5.7948647e+00
   2.2710000e+01  -6.8550160e+00
   2.2715000e+01  -8.1357686e+00
   2.2720000e+01  -9.5783170e+00
   2.2725000e+01  -1.1188483e+01
   2.2730000e+01  -1.3013232e+01
   2.2735000e+01  -1.5047218e+01
   2.2740000e+01  -1.7172210e+01
   2.2745000e+01  -1.9214961e+01
   2.2750000e+01  -2.1065737e+01
   2.2755000e+01  -2.2717386e+01
   2.2760000e+01  -2.4197678e+01
   2.2765000e+01  -2.5505900e+01
   2.2770000e+01  -2.6623006e+01
   2.2775000e+01  -2.7540368e+01
   2.2780000e+01  -2.8245206e+01
   2.2785000e+01  -2.8693256e+01
   2.2790000e+01  -2.8830172e+01
   2.2795000e+01  -2.8650703e+01
   2.2800000e+01  -2.8228226e+01
   2.2805000e+01  -2.7684172e+01
   2.2810000e+01  -2.7131086e+01
   2.2815000e+01  -2.6634586e+01
   2.2820000e+01  -2.6208625e+01
   2.2825000e+01  -2.5832782e+01
   2.2830000e+01  -2.5475408e+01
   2.2835000e+01  -2.5110516e+01
   2.2840000e+01  -2.4717367e+01
   2.2845000e+01  -2.4259081e+01
   2.2850000e+01  -2.3669169e+01
   2.2855000e+01  -2.2888684e+01
   2.2860000e+01  -2.1927291e+01
   2.2865000e+01  -2.0864706e+01
   2.2870000e+01  -1.9791865e+01
   2.2875000e+01  -1.8779816e+01
   2.2880000e+01  -1.7897100e+01
   2.2885000e+01  -1.7208500e+01
   2.2890000e+01  -1.6729316e+01
   2.2895000e+01  -1.6382977e+01
   2.2900000e+01  -1.6014627e+01
   2.2905000e+01  -1.5473247e+01
   2.2910000e+01  -1.4705958e+01
   2.2915000e+01  -1.3766635e+01
   2.2920000e+01  -1.2727084e+01
   2.2925000e+01  -1.1600974e+01
   2.2930000e+01  -1.0362417e+01
   2.2935000e+01  -9.0185513e+00
   2.2940000e+01  -7.6488800e+00
   2.2945000e+01  -6.3595097e+00
   2.2950000e+01  -5.1759713e+00
   2.2955000e+01  -3.9921581e+00
   2.2960000e+01  -2.6714041e+00
   2.2965000e+01  -1.2136761e+00
   2.2970000e+01   2.0578931e-01
   2.2975000e+01   1.3788383e+00
   2.2980000e+01   2.2231152e+00
   2.2985000e+01   2.7917783e+00
   2.2990000e+01   3.1733534e+00
   2.2995000e+01   3.4352480e+00
   2.3000000e+01   3.6537381e+00
   2.3005000e+01   3.9324466e+00
   2.3010000e+01   4.3480967e+00
   2.3015000e+01   4.8958445e+00
   2.3020000e+01   5.5013672e+00
   2.3025000e+01   6.0543583e+00
   2.3030000e+01   6.4364394e+00
   2.3035000e+01   6.5904394e+00
   2.3040000e+01   6.5883788e+00
   2.3045000e+01   6.5813554e+00
   2.3050000e+01   6.6585253e+00
   2.3055000e+01   6.7661775e+00
   2.3060000e+01   6.7518007e+00
   2.3065000e+01   6.4776119e+00
   2.3070000e+01   5.9163914e+00
   2.3075000e+01   5.1571224e+00
   2.3080000e+01   4.3256769e+00
   2.3085000e+01   3.5138721e+00
   2.3090000e+01   2.7653586e+00
   2.3095000e+01   2.0720592e+00
   2.3100000e+01   1.3673051e+00
   2.3105000e+01   5.6868888e-01
   2.3110000e+01  -3.3605075e-01
   2.3115000e+01  -1.2601705e+00
   2.3120000e+01  -2.0930152e+00
   2.3125000e+01  -2.7828644e+00
   2.3130000e+01  -3.3275482e+00
   2.3135000e+01  -3.7170942e+00
   2.3140000e+01  -3.9273124e+00
   2.3145000e+01  -3.9697000e+00
   2.3150000e+01  -3.9330588e+00
   2.3155000e+01  -3.9659925e+00
   2.3160000e+01  -4.1906578e+00
   2.3165000e+01  -4.6044537e+00
   2.3170000e+01  -5.0684043e+00
   2.3175000e+01  -5.4056552e+00
   2.3180000e+01  -5.5171178e+00
   2.3185000e+01  -5.4191919e+00
   2.3190000e+01  -5.2015817e+00
   2.3195000e+01  -4.9627415e+00
   2.3200000e+01  -4.7672697e+00
   2.3205000e+01  -4.6346210e+00
   2.3210000e+01  -4.5500184e+00
   2.3215000e+01  -4.4838887e+00
   2.3220000e+01  -4.4033484e+00
   2.3225000e+01  -4.2635031e+00
   2.3230000e+01  -3.9962681e+00
   2.3235000e+01  -3.5388614e+00
   2.3240000e+01  -2.8918780e+00
   2.3245000e+01  -2.1290343e+00
   2.3250000e+01  -1.3391712e+00
   2.3255000e+01  -5.7855669e-01
   2.3260000e+01   1.3282705e-01
   2.3265000e+01   8.1750242e-01
   2.3270000e+01   1.5512481e+00
   2.3275000e+01   2.4288706e+00
   2.3280000e+01   3.4899150e+00
   2.3285000e+01   4.6659567e+00
   2.3290000e+01   5.7993936e+00
   2.3295000e+01   6.7408933e+00
   2.3300000e+01   7.5257729e+00
   2.3305000e+01   8.5262904e+00
   2.3310000e+01   1.0256722e+01
   2.3315000e+01   1.2858975e+01
   2.3320000e+01   1.5893318e+01
   2.3325000e+01   1.8666086e+01
   2.3330000e+01   2.0654415e+01
   2.3335000e+01   2.1703542e+01
   2.3340000e+01   2.2005137e+01
   2.3345000e+01   2.1933640e+01
   2.3350000e+01   2.1823196e+01
   2.3355000e+01   2.1819297e+01
   2.3360000e+01   2.1902903e+01
   2.3365000e+01   2.2015456e+01
   2.3370000e+01   2.2115785e+01
   2.3375000e+01   2.2130784e+01
   2.3380000e+01   2.1940196e+01
   2.3385000e+01   2.1473860e+01
   2.3390000e+01   2.0795016e+01
   2.3395000e+01   2.0037897e+01
   2.3400000e+01   1.9265782e+01
   2.3405000e+01   1.8410118e+01
   2.3410000e+01   1.7332489e+01
   2.3415000e+01   1.5925758e+01
   2.3420000e+01   1.4193956e+01
   2.3425000e+01   1.2294336e+01
   2.3430000e+01   1.0487972e+01
   2.3435000e+01   8.9836596e+00
   2.3440000e+01   7.8071337e+00
   2.3445000e+01   6.8360590e+00
   2.3450000e+01   5.9481363e+00
   2.3455000e+01   5.1079485e+00
   2.3460000e+01   4.3405321e+00
   2.3465000e+01   3.6996809e+00
   2.3470000e+01   3.2779237e+00
   2.3475000e+01   3.1694212e+00
   2.3480000e+01   3.3664505e+00
   2.3485000e+01   3.7084255e+00
   2.3490000e+01   3.9536904e+00
   2.3495000e+01   3.9204035e+00
   2.3500000e+01   3.6078370e+00
   2.3505000e+01   3.2080798e+00
   2.3510000e+01   2.9668947e+00
   2.3515000e+01   2.9993944e+00
   2.3520000e+01   3.2310268e+00
   2.3525000e+01   3.4993434e+00
   2.3530000e+01   3.7016957e+00
   2.3535000e+01   3.8640079e+00
   2.3540000e+01   4.0853979e+00
   2.3545000e+01   4.4170362e+00
   2.3550000e+01   4.8015667e+00
   2.3555000e+01   5.1411505e+00
   2.3560000e+01   5.4184762e+00
   2.3565000e+01   5.7379985e+00
   2.3570000e+01   6.2494304e+00
   2.3575000e+01   7.0415453e+00
   2.3580000e+01   8.1106167e+00
   2.3585000e+01   9.4080351e+00
   2.3590000e+01   1.0879966e+01
   2.3595000e+01   1.2446812e+01
   2.3600000e+01   1.3978477e+01
   2.3605000e+01   1.5334011e+01
   2.3610000e+01   1.6437326e+01
   2.3615000e+01   1.7309127e+01
   2.3620000e+01   1.8024686e+01
   2.3625000e+01   1.8635590e+01
   2.3630000e+01   1.9127835e+01
   2.3635000e+01   1.9460753e+01
   2.3640000e+01   1.9634142e+01
   2.3645000e+01   1.9688982e+01
   2.3650000e+01   1.9650312e+01
   2.3655000e+01   1.9512924e+01
   2.3660000e+01   1.9297828e+01
   2.3665000e+01   1.9084584e+01
   2.3670000e+01   1.8942198e+01
   2.3675000e+01   1.8821600e+01
   2.3680000e+01   1.8547074e+01
   2.3685000e+01   1.7944670e+01
   2.3690000e+01   1.6981345e+01
   2.3695000e+01   1.5773090e+01
   2.3700000e+01   1.4484771e+01
   2.3705000e+01   1.3245310e+01
   2.3710000e+01   1.2113924e+01
   2.3715000e+01   1.1060694e+01
   2.3720000e+01   9.9771221e+00
   2.3725000e+01   8.7455128e+00
   2.3730000e+01   7.3191917e+00
   2.3735000e+01   5.7428332e+00
   2.3740000e+01   4.1097842e+00
   2.3745000e+01   2.5061519e+00
   2.3750000e+01   9.7964429e-01
   2.3755000e+01  -4.6242981e-01
   2.3760000e+01  -1.8357798e+00
   2.3765000e+01  -3.1481120e+00
   2.3770000e+01  -4.3633948e+00
   2.3775000e+01  -5.3923924e+00
   2.3780000e+01  -6.1436250e+00
   2.3785000e+01  -6.6136404e+00
   2.3790000e+01  -6.9273277e+00
   2.3795000e+01  -7.2608249e+00
   2.3800000e+01  -7.7060026e+00
   2.3805000e+01  -8.2191124e+00
   2.3810000e+01  -8.7077581e+00
   2.3815000e+01  -9.1476736e+00
   2.3820000e+01  -9.5944677e+00
   2.3825000e+01  -1.0102516e+01
   2.3830000e+01  -1.0673944e+01
   2.3835000e+01  -1.1278669e+01
   2.3840000e+01  -1.1873546e+01
   2.3845000e+01  -1.2391947e+01
   2.3850000e+01  -1.2755334e+01
   2.3855000e+01  -1.2921188e+01
   2.3860000e+01  -1.2913533e+01
   2.3865000e+01  -1.2796365e+01
   2.3870000e+01  -1.2611087e+01
   2.3875000e+01  -1.2339684e+01
   2.3880000e+01  -1.1934202e+01
   2.3885000e+01  -1.1364914e+01
   2.3890000e+01  -1.0606822e+01
   2.3895000e+01  -9.5945180e+00
   2.3900000e+01  -8.2597645e+00
   2.3905000e+01  -6.6540799e+00
   2.3910000e+01  -4.9956529e+00
   2.3915000e+01  -3.5383311e+00
   2.3920000e+01  -2.4008130e+00
   2.3925000e+01  -1.5424560e+00
   2.3930000e+01  -8.4167979e-01
   2.3935000e+01  -1.3278087e-01
   2.3940000e+01   7.7466158e-01
   2.3945000e+01   2.0010583e+00
   2.3950000e+01   3.4870151e+00
   2.3955000e+01   5.0027803e+00
   2.3960000e+01   6.2786713e+00
   2.3965000e+01   7.1348538e+00
   2.3970000e+01   7.5342554e+00
   2.3975000e+01   7.5731813e+00
   2.3980000e+01   7.4229771e+00
   2.3985000e+01   7.2302859e+00
   2.3990000e+01   7.0444110e+00
   2.3995000e+01   6.8447468e+00
   2.4000000e+01   6.6342542e+00
   2.4005000e+01   6.4880206e+00
   2.4010000e+01   6.4996862e+00
   2.4015000e+01   6.6798267e+00
   2.4020000e+01   6.9110533e+00
   2.4025000e+01   7.0155322e+00
   2.4030000e+01   6.8871724e+00
   2.4035000e+01   6.5712925e+00
   2.4040000e+01   6.2148142e+00
   2.4045000e+01   5.9428302e+00
   2.4050000e+01   5.7904417e+00
   2.4055000e+01   5.7253778e+00
   2.4060000e+01   5.6845050e+00
   2.4065000e+01   5.5833114e+00
   2.4070000e+01   5.3374721e+00
   2.4075000e+01   4.9174853e+00
   2.4080000e+01   4.4012046e+00
   2.4085000e+01   3.9691831e+00
   2.4090000e+01   3.8035137e+00
   2.4095000e+01   3.9365821e+00
   2.4100000e+01   4.1931867e+00
   2.4105000e+01   4.3040362e+00
   2.4110000e+01   4.0856414e+00
   2.4115000e+01   3.5251612e+00
   2.4120000e+01   2.7212451e+00
   2.4125000e+01   1.7563703e+00
   2.4130000e+01   6.2784836e-01
   2.4135000e+01  -6.9195815e-01
   2.4140000e+01  -2.1519671e+00
   2.4145000e+01  -3.6230436e+00
   2.4150000e+01  -4.9991618e+00
   2.4155000e+01  -6.2578728e+00
   2.4160000e+01  -7.4231861e+00
   2.4165000e+01  -8.5230781e+00
   2.4170000e+01  -9.6045492e+00
   2.4175000e+01  -1.0730762e+01
   2.4180000e+01  -1.1904126e+01
   2.4185000e+01  -1.3016230e+01
   2.4190000e+01  -1.3927570e+01
   2.4195000e+01  -1.4599796e+01
   2.4200000e+01  -1.5124491e+01
   2.4205000e+01  -1.5630439e+01
   2.4210000e+01  -1.6193979e+01
   2.4215000e+01  -1.6828657e+01
   2.4220000e+01  -1.7505406e+01
   2.4225000e+01  -1.8156981e+01
   2.4230000e+01  -1.8694877e+01
   2.4235000e+01  -1.9054089e+01
   2.4240000e+01  -1.9220153e+01
   2.4245000e+01  -1.9210082e+01
   2.4250000e+01  -1.9048045e+01
   2.4255000e+01  -1.8772713e+01
   2.4260000e+01  -1.8443053e+01
   2.4265000e+01  -1.8111920e+01
   2.4270000e+01  -1.7808486e+01
   2.4275000e+01  -1.7560772e+01
   2.4280000e+01  -1.7414188e+01
   2.4285000e+01  -1.7407405e+01
   2.4290000e+01  -1.7537122e+01
   2.4295000e+01  -1.7756414e+01
   2.4300000e+01  -1.8004026e+01
   2.4305000e+01  -1.8233582e+01
   2.4310000e+01  -1.8423317e+01
   2.4315000e+01  -1.8563864e+01
   2.4320000e+01  -1.8631850e+01
   2.4325000e+01  -1.8574446e+01
   2.4330000e+01  -1.8335727e+01
   2.4335000e+01  -1.7916547e+01
   2.4340000e+01  -1.7405551e+01
   2.4345000e+01  -1.6928656e+01
   2.4350000e+01  -1.6553537e+01
   2.4355000e+01  -1.6250217e+01
   2.4360000e+01  -1.5951495e+01
   2.4365000e+01  -1.5643941e+01
   2.4370000e+01  -1.5393247e+01
   2.4375000e+01  -1.5288592e+01
   2.4380000e+01  -1.5371614e+01
   2.4385000e+01  -1.5612457e+01
   2.4390000e+01  -1.5936837e+01
   2.4395000e+01  -1.6269207e+01
   2.4400000e+01  -1.6562727e+01
   2.4405000e+01  -1.6813299e+01
   2.4410000e+01  -1.7070406e+01
   2.4415000e+01  -1.7435145e+01
   2.4420000e+01  -1.8006369e+01
   2.4425000e+01  -1.8784088e+01
   2.4430000e+01  -1.9627399e+01
   2.4435000e+01  -2.0333858e+01
   2.4440000e+01  -2.0774647e+01
   2.4445000e+01  -2.0971372e+01
   2.4450000e+01  -2.1072966e+01
   2.4455000e+01  -2.1264152e+01
   2.4460000e+01  -2.1659240e+01
   2.4465000e+01  -2.2236971e+01
   2.4470000e+01  -2.2856696e+01
   2.4475000e+01  -2.3347127e+01
   2.4480000e+01  -2.3604303e+01
   2.4485000e+01  -2.3632438e+01
   2.4490000e+01  -2.3514999e+01
   2.4495000e+01  -2.3354402e+01
   2.4500000e+01  -2.3224100e+01
   2.4505000e+01  -2.3151399e+01
   2.4510000e+01  -2.3126294e+01
   2.4515000e+01  -2.3124825e+01
   2.4520000e+01  -2.3137689e+01
   2.4525000e+01  -2.3191589e+01
   2.4530000e+01  -2.3343143e+01
   2.4535000e+01  -2.3636440e+01
   2.4540000e+01  -2.4050072e+01
   2.4545000e+01  -2.4483816e+01
   2.4550000e+01  -2.4814999e+01
   2.4555000e+01  -2.4994692e+01
   2.4560000e+01  -2.5097443e+01
   2.4565000e+01  -2.5255671e+01
   2.4570000e+01  -2.5527416e+01
   2.4575000e+01  -2.5838667e+01
   2.4580000e+01  -2.6064027e+01
   2.4585000e+01  -2.6151206e+01
   2.4590000e+01  -2.6161840e+01
   2.4595000e+01  -2.6209816e+01
   2.4600000e+01  -2.6375201e+01
   2.4605000e+01  -2.6664584e+01
   2.4610000e+01  -2.7022908e+01
   2.4615000e+01  -2.7363261e+01
   2.4620000e+01  -2.7598008e+01
   2.4625000e+01  -2.7678492e+01
   2.4630000e+01  -2.7629618e+01
   2.4635000e+01  -2.7540452e+01
   2.4640000e+01  -2.7504830e+01
   2.4645000e+01  -2.7554099e+01
   2.4650000e+01  -2.7624636e+01
   2.4655000e+01  -2.7582948e+01
   2.4660000e+01  -2.7308024e+01
   2.4665000e+01  -2.6779020e+01
   2.4670000e+01  -2.6090977e+01
   2.4675000e+01  -2.5384613e+01
   2.4680000e+01  -2.4754533e+01
   2.4685000e+01  -2.4202117e+01
   2.4690000e+01  -2.3651093e+01
   2.4695000e+01  -2.3002299e+01
   2.4700000e+01  -2.2185707e+01
   2.4705000e+01  -2.1184392e+01
   2.4710000e+01  -2.0039008e+01
   2.4715000e+01  -1.8840591e+01
   2.4720000e+01  -1.7696886e+01
   2.4725000e+01  -1.6675475e+01
   2.4730000e+01  -1.5772568e+01
   2.4735000e+01  -1.4945745e+01
   2.4740000e+01  -1.4169978e+01
   2.4745000e+01  -1.3446907e+01
   2.4750000e+01  -1.2778643e+01
   2.4755000e+01  -1.2169199e+01
   2.4760000e+01  -1.1648833e+01
   2.4765000e+01  -1.1265285e+01
   2.4770000e+01  -1.1040794e+01
   2.4775000e+01  -1.0946947e+01
   2.4780000e+01  -1.0921536e+01
   2.4785000e+01  -1.0903398e+01
   2.4790000e+01  -1.0855533e+01
   2.4795000e+01  -1.0768768e+01
   2.4800000e+01  -1.0653600e+01
   2.4805000e+01  -1.0531190e+01
   2.4810000e+01  -1.0430296e+01
   2.4815000e+01  -1.0383268e+01
   2.4820000e+01  -1.0409487e+01
   2.4825000e+01  -1.0497999e+01
   2.4830000e+01  -1.0613943e+01
   2.4835000e+01  -1.0721254e+01
   2.4840000e+01  -1.0792095e+01
   2.4845000e+01  -1.0802211e+01
   2.4850000e+01  -1.0733971e+01
   2.4855000e+01  -1.0588271e+01
   2.4860000e+01  -1.0387386e+01
   2.4865000e+01  -1.0163028e+01
   2.4870000e+01  -9.9410991e+00
   2.4875000e+01  -9.7340971e+00
   2.4880000e+01  -9.5422248e+00
   2.4885000e+01  -9.3580333e+00
   2.4890000e+01  -9.1666101e+00
   2.4895000e+01  -8.9379249e+00
   2.4900000e+01  -8.6281293e+00
   2.4905000e+01  -8.2113095e+00
   2.4910000e+01  -7.7201490e+00
   2.4915000e+01  -7.2425499e+00
   2.4920000e+01  -6.8665581e+00
   2.4925000e+01  -6.6264047e+00
   2.4930000e+01  -6.4916938e+00
   2.4935000e+01  -6.3896108e+00
   2.4940000e+01  -6.2370217e+00
   2.4945000e+01  -5.9820207e+00
   2.4950000e+01  -5.6435352e+00
   2.4955000e+01  -5.3046091e+00
   2.4960000e+01  -5.0458868e+00
   2.4965000e+01  -4.8803240e+00
   2.4970000e+01  -4.7547209e+00
   2.4975000e+01  -4.6074581e+00
   2.4980000e+01  -4.4178088e+00
   2.4985000e+01  -4.2074838e+00
   2.4990000e+01  -4.0105831e+00
   2.4995000e+01  -3.8473792e+00
   2.5000000e+01  -3.7176558e+00
   2.5005000e+01  -3.6078249e+00
   2.5010000e+01  -3.5013274e+00
   2.5015000e+01  -3.3862677e+00
   2.5020000e+01  -3.2583630e+00
   2.5025000e+01  -3.1196831e+00
   2.5030000e+01  -2.9751821e+00
   2.5035000e+01  -2.8296186e+00
   2.5040000e+01  -2.6878759e+00
   2.5045000e+01  -2.5606000e+00
   2.5050000e+01  -2.4687166e+00
   2.5055000e+01  -2.4325911e+00
   2.5060000e+01  -2.4472311e+00
   2.5065000e+01  -2.4713285e+00
   2.5070000e+01  -2.4495324e+00
   2.5075000e+01  -2.3503661e+00
   2.5080000e+01  -2.1884311e+00
   2.5085000e+01  -2.0154701e+00
   2.5090000e+01  -1.8839896e+00
   2.5095000e+01  -1.8073742e+00
   2.5100000e+01  -1.7506889e+00
   2.5105000e+01  -1.6604462e+00
   2.5110000e+01  -1.5031478e+00
   2.5115000e+01  -1.2804494e+00
   2.5120000e+01  -1.0182575e+00
   2.5125000e+01  -7.4710220e-01
   2.5130000e+01  -4.8819104e-01
   2.5135000e+01  -2.4891486e-01
   2.5140000e+01  -2.5224440e-02
   2.5145000e+01   1.9371810e-01
   2.5150000e+01   4.2168601e-01
   2.5155000e+01   6.7070998e-01
   2.5160000e+01   9.4351844e-01
   2.5165000e+01   1.2284690e+00
   2.5170000e+01   1.5047989e+00
   2.5175000e+01   1.7559898e+00
   2.5180000e+01   1.9804853e+00
   2.5185000e+01   2.1920665e+00
   2.5190000e+01   2.4097696e+00
   2.5195000e+01   2.6439098e+00
   2.5200000e+01   2.8889436e+00
   2.5205000e+01   3.1290543e+00
   2.5210000e+01   3.3504334e+00
   2.5215000e+01   3.5495081e+00
   2.5220000e+01   3.7338613e+00
   2.5225000e+01   3.9198384e+00
   2.5230000e+01   4.1272060e+00
   2.5235000e+01   4.3674176e+00
   2.5240000e+01   4.6317287e+00
   2.5245000e+01   4.8933610e+00
   2.5250000e+01   5.1249211e+00
   2.5255000e+01   5.3150516e+00
   2.5260000e+01   5.4711396e+00
   2.5265000e+01   5.6103677e+00
   2.5270000e+01   5.7490146e+00
   2.5275000e+01   5.8963857e+00
   2.5280000e+01   6.0540486e+00
   2.5285000e+01   6.2184128e+00
   2.5290000e+01   6.3843416e+00
   2.5295000e+01   6.5479693e+00
   2.5300000e+01   6.7078313e+00
   2.5305000e+01   6.8644812e+00
   2.5310000e+01   7.0193894e+00
   2.5315000e+01   7.1739096e+00
   2.5320000e+01   7.3287275e+00
   2.5325000e+01   7.4838236e+00
   2.5330000e+01   7.6387262e+00
   2.5335000e+01   7.7925740e+00
   2.5340000e+01   7.9433297e+00
   2.5345000e+01   8.0866699e+00
   2.5350000e+01   8.2172824e+00
   2.5355000e+01   8.3333698e+00
   2.5360000e+01   8.4391445e+00
   2.5365000e+01   8.5409278e+00
   2.5370000e+01   8.6414563e+00
   2.5375000e+01   8.7394643e+00
   2.5380000e+01   8.8338119e+00
   2.5385000e+01   8.9263662e+00
   2.5390000e+01   9.0212143e+00
   2.5395000e+01   9.1222815e+00
   2.5400000e+01   9.2317931e+00
   2.5405000e+01   9.3504054e+00
   2.5410000e+01   9.4786914e+00
   2.5415000e+01   9.6182744e+00
   2.5420000e+01   9.7704004e+00
   2.5425000e+01   9.9331580e+00
   2.5430000e+01   1.0101719e+01
   2.5435000e+01   1.0272174e+01
   2.5440000e+01   1.0444065e+01
   2.5445000e+01   1.0618741e+01
   2.5450000e+01   1.0796313e+01
   2.5455000e+01   1.0974888e+01
   2.5460000e+01   1.1152309e+01
   2.5465000e+01   1.1327983e+01
   2.5470000e+01   1.1502400e+01
   2.5475000e+01   1.1674752e+01
   2.5480000e+01   1.1841811e+01
   2.5485000e+01   1.2000051e+01
   2.5490000e+01   1.2148772e+01
   2.5495000e+01   1.2290400e+01
   2.5500000e+01   1.2427573e+01
   2.5505000e+01   1.2560452e+01
   2.5510000e+01   1.2687063e+01
   2.5515000e+01   1.2805590e+01
   2.5520000e+01   1.2915964e+01
   2.5525000e+01   1.3019693e+01
   2.5530000e+01   1.3118782e+01
   2.5535000e+01   1.3214788e+01
   2.5540000e+01   1.3308427e+01
   2.5545000e+01   1.3399659e+01
   2.5550000e+01   1.3488030e+01
   2.5555000e+01   1.3573048e+01
   2.5560000e+01   1.3654420e+01
   2.5565000e+01   1.3732075e+01
   2.5570000e+01   1.3805999e+01
   2.5575000e+01   1.3876034e+01
   2.5580000e+01   1.3941896e+01
   2.5585000e+01   1.4003505e+01
   2.5590000e+01   1.4061354e+01
   2.5595000e+01   1.4116496e+01
   2.5600000e+01   1.4170042e+01
   2.5605000e+01   1.4222534e+01
   2.5610000e+01   1.4273714e+01
   2.5615000e+01   1.4322789e+01
   2.5620000e+01   1.4368919e+01
   2.5625000e+01   1.4411572e+01
   2.5630000e+01   1.4450614e+01
   2.5635000e+01   1.4486206e+01
   2.5640000e+01   1.4518631e+01
   2.5645000e+01   1.4548133e+01
   2.5650000e+01   1.4574846e+01
   2.5655000e+01   1.4598798e+01
   2.5660000e+01   1.4619956e+01
   2.5665000e+01   1.4638280e+01
   2.5670000e+01   1.4653759e+01
   2.5675000e+01   1.4666418e+01
   2.5680000e+01   1.4676309e+01
   2.5685000e+01   1.4683488e+01
   2.5690000e+01   1.4688006e+01
   2.5695000e+01   1.4689903e+01
   2.5700000e+01   1.4689216e+01
   2.5705000e+01   1.4685982e+01
   2.5710000e+01   1.4680258e+01
   2.5715000e+01   1.4672097e+01
   2.5720000e+01   1.4661516e+01
   2.5725000e+01   1.4648492e+01
   2.5730000e+01   1.4632996e+01
   2.5735000e+01   1.4615022e+01
   2.5740000e+01   1.4594590e+01
   2.5745000e+01   1.4571734e+01
   2.5750000e+01   1.4546506e+01
   2.5755000e+01   1.4518983e+01
   2.5760000e+01   1.4489256e+01
   2.5765000e+01   1.4457402e+01
   2.5770000e+01   1.4423458e+01
   2.5775000e+01   1.4387413e+01
   2.5780000e+01   1.4349234e+01
   2.5785000e+01   1.4308907e+01
   2.5790000e+01   1.4266460e+01
   2.5795000e+01   1.4221957e+01
   2.5800000e+01   1.4175479e+01
   2.5805000e+01   1.4127095e+01
   2.5810000e+01   1.4076847e+01
   2.5815000e+01   1.4024745e+01
   2.5820000e+01   1.3970781e+01
   2.5825000e+01   1.3914951e+01
   2.5830000e+01   1.3857259e+01
   2.5835000e+01   1.3797724e+01
   2.5840000e+01   1.3736374e+01
   2.5845000e+01   1.3673241e+01
   2.5850000e+01   1.3608356e+01
   2.5855000e+01   1.3541747e+01
   2.5860000e+01   1.3473436e+01
   2.5865000e+01   1.3403444e+01
   2.5870000e+01   1.3331791e+01
   2.5875000e+01   1.3258496e+01
   2.5880000e+01   1.3183581e+01
