   0.0000000e+00   5.7380412e-03
   1.0000000e-02   2.7159529e-02
   2.0000000e-02   4.7848461e-02
   3.0000000e-02   3.8201760e-02
   4.0000000e-02   2.4360269e-02
   5.0000000e-02   4.6039536e-02
   6.0000000e-02   6.2424043e-02
   7.0000000e-02   2.6446064e-02
   8.0000000e-02  -7.3720749e-03
   9.0000000e-02   2.7807468e-02
   1.0000000e-01   8.3136781e-02
   1.1000000e-01   7.2051539e-02
   1.2000000e-01   9.6520490e-03
   1.3000000e-01  -1.8126266e-02
   1.4000000e-01   2.1349951e-02
   1.5000000e-01   6.5987043e-02
   1.6000000e-01   5.4618959e-02
   1.7000000e-01   2.2428434e-02
   1.8000000e-01   2.3002890e-02
   1.9000000e-01   3.6421596e-02
   2.0000000e-01   3.8504146e-02
   2.1000000e-01   3.7828512e-02
   2.2000000e-01   3.2007837e-02
   2.3000000e-01   2.1519890e-02
   2.4000000e-01   1.6846336e-02
   2.5000000e-01   1.8671802e-02
   2.6000000e-01   2.9722247e-02
   2.7000000e-01   4.7564408e-02
   2.8000000e-01   4.4400229e-02
   2.9000000e-01   7.5345493e-03
   3.0000000e-01  -1.9305735e-02
   3.1000000e-01  -1.7137256e-03
   3.2000000e-01   2.3330189e-02
   3.3000000e-01   2.6055215e-02
   3.4000000e-01   2.9255332e-02
   3.5000000e-01   3.6015028e-02
   3.6000000e-01   3.0467347e-02
   3.7000000e-01   2.3289560e-02
   3.8000000e-01   2.0163997e-02
   3.9000000e-01   1.7613793e-02
   4.0000000e-01   3.2050810e-02
   4.1000000e-01   5.0451118e-02
   4.2000000e-01   3.2715229e-02
   4.3000000e-01   1.1348687e-03
   4.4000000e-01  -3.1086480e-03
   4.5000000e-01  -3.7240823e-03
   4.6000000e-01  -1.3759370e-02
   4.7000000e-01  -1.4602864e-03
   4.8000000e-01   1.6896418e-02
   4.9000000e-01   7.5614020e-03
   5.0000000e-01  -4.0676131e-03
   5.1000000e-01  -3.4427195e-03
   5.2000000e-01  -1.0656558e-02
   5.3000000e-01  -7.9613569e-03
   5.4000000e-01   2.1890029e-02
   5.5000000e-01   3.4611839e-02
   5.6000000e-01   1.0139781e-02
   5.7000000e-01  -4.8498966e-03
   5.8000000e-01   4.0300032e-03
   5.9000000e-01   1.3585578e-02
   6.0000000e-01   2.9750642e-02
   6.1000000e-01   3.9594810e-02
   6.2000000e-01   1.0540227e-02
   6.3000000e-01  -2.5036885e-02
   6.4000000e-01  -2.4919753e-02
   6.5000000e-01  -1.0197428e-02
   6.6000000e-01  -2.4021137e-03
   6.7000000e-01   4.5548594e-04
   6.8000000e-01  -1.2959124e-02
   6.9000000e-01  -3.8211555e-02
   7.0000000e-01  -4.5055208e-02
   7.1000000e-01  -2.3993547e-02
   7.2000000e-01   1.2798199e-02
   7.3000000e-01   3.7888292e-02
   7.4000000e-01   2.2484104e-02
   7.5000000e-01  -5.3056610e-03
   7.6000000e-01   5.0055546e-04
   7.7000000e-01   6.3600174e-03
   7.8000000e-01  -2.3307492e-02
   7.9000000e-01  -2.5658268e-02
   8.0000000e-01   2.9876470e-02
   8.1000000e-01   5.6027967e-02
   8.2000000e-01   1.3512829e-02
   8.3000000e-01  -2.9560093e-02
   8.4000000e-01  -4.0637032e-02
   8.5000000e-01  -3.9143688e-02
   8.6000000e-01  -2.8469102e-02
   8.7000000e-01  -1.8924546e-02
   8.8000000e-01  -1.6620583e-02
   8.9000000e-01   5.9778476e-03
   9.0000000e-01   3.8162519e-02
   9.1000000e-01   2.0050313e-02
   9.2000000e-01  -3.8820993e-02
   9.3000000e-01  -5.3502692e-02
   9.4000000e-01   8.0909307e-03
   9.5000000e-01   6.8396054e-02
   9.6000000e-01   1.8251176e-02
   9.7000000e-01  -1.0967350e-01
   9.8000000e-01  -1.2034738e-01
   9.9000000e-01   3.4763182e-02
   1.0000000e+00   1.3094186e-01
   1.0100000e+00   4.2912811e-02
   1.0200000e+00  -7.7021070e-02
   1.0300000e+00  -1.0163208e-01
   1.0400000e+00  -6.1590493e-02
   1.0500000e+00   7.6545750e-03
   1.0600000e+00   6.3663168e-02
   1.0700000e+00   2.1974107e-02
   1.0800000e+00  -7.7851427e-02
   1.0900000e+00  -8.7376076e-02
   1.1000000e+00  -1.2244164e-02
   1.1100000e+00   8.4375076e-03
   1.1200000e+00  -4.0313498e-02
   1.1300000e+00  -4.6892559e-02
   1.1400000e+00   1.6347783e-02
   1.1500000e+00   4.7510005e-02
   1.1600000e+00  -4.0043557e-03
   1.1700000e+00  -5.5897661e-02
   1.1800000e+00  -4.8404937e-02
   1.1900000e+00  -1.7548921e-02
   1.2000000e+00   1.0357259e-02
   1.2100000e+00   3.4405635e-02
   1.2200000e+00   1.5598521e-02
   1.2300000e+00  -5.5746891e-02
   1.2400000e+00  -8.1140720e-02
   1.2500000e+00  -5.3004274e-03
   1.2600000e+00   4.1261701e-02
   1.2700000e+00  -3.2224472e-02
   1.2800000e+00  -7.5128181e-02
   1.2900000e+00   1.8180872e-02
   1.3000000e+00   8.0824827e-02
   1.3100000e+00  -2.2551886e-02
   1.3200000e+00  -1.4020578e-01
   1.3300000e+00  -8.6086039e-02
   1.3400000e+00   5.2569636e-02
   1.3500000e+00   7.5759817e-02
   1.3600000e+00  -5.9847050e-03
   1.3700000e+00  -5.7858207e-02
   1.3800000e+00  -6.4443523e-02
   1.3900000e+00  -5.2033507e-02
   1.4000000e+00   9.2259702e-03
   1.4100000e+00   7.2341570e-02
   1.4200000e+00   2.8384709e-02
   1.4300000e+00  -8.1314643e-02
   1.4400000e+00  -9.8728800e-02
   1.4500000e+00  -2.2515780e-02
   1.4600000e+00   7.2954823e-03
   1.4700000e+00  -1.4197407e-02
   1.4800000e+00   1.0064788e-02
   1.4900000e+00   4.9808131e-02
   1.5000000e+00   5.6943341e-03
   1.5100000e+00  -9.7426423e-02
   1.5200000e+00  -1.2839700e-01
   1.5300000e+00  -3.5244032e-02
   1.5400000e+00   6.8982920e-02
   1.5500000e+00   6.4729121e-02
   1.5600000e+00  -1.1069167e-02
   1.5700000e+00  -6.0618418e-02
   1.5800000e+00  -6.7030634e-02
   1.5900000e+00  -4.2466529e-02
   1.6000000e+00   4.3488746e-03
   1.6100000e+00   1.1039514e-02
   1.6200000e+00  -3.4161310e-02
   1.6300000e+00  -2.7166433e-02
   1.6400000e+00   3.6228815e-02
   1.6500000e+00   2.1238314e-02
   1.6600000e+00  -5.9743930e-02
   1.6700000e+00  -6.1361225e-02
   1.6800000e+00  -1.1622026e-03
   1.6900000e+00   1.2384568e-02
   1.7000000e+00  -4.2694681e-03
   1.7100000e+00  -1.8862397e-02
   1.7200000e+00  -4.3030130e-02
   1.7300000e+00  -2.4954050e-02
   1.7400000e+00   3.2342265e-02
   1.7500000e+00   7.9251973e-03
   1.7600000e+00  -7.6879543e-02
   1.7700000e+00  -5.9137254e-02
   1.7800000e+00   3.4095627e-02
   1.7900000e+00   3.5738890e-02
   1.8000000e+00  -4.1825013e-02
   1.8100000e+00  -7.5753149e-02
   1.8200000e+00  -4.6871606e-02
   1.8300000e+00   1.9627989e-02
   1.8400000e+00   8.0831192e-02
   1.8500000e+00   4.0454232e-02
   1.8600000e+00  -6.7337716e-02
   1.8700000e+00  -7.7387252e-02
   1.8800000e+00  -1.0832845e-02
   1.8900000e+00  -9.5846084e-03
   1.9000000e+00  -3.3524889e-02
   1.9100000e+00  -7.7021873e-03
   1.9200000e+00   9.0980005e-03
   1.9300000e+00   3.5851795e-03
   1.9400000e+00   2.7823617e-03
   1.9500000e+00  -4.0077519e-02
   1.9600000e+00  -9.5960224e-02
   1.9700000e+00  -6.4393873e-02
   1.9800000e+00   1.4587080e-02
   1.9900000e+00   3.2357736e-02
   2.0000000e+00  -5.9965793e-03
   2.0100000e+00  -4.0844108e-02
   2.0200000e+00  -4.7073033e-02
   2.0300000e+00  -8.3021537e-03
   2.0400000e+00   4.5018595e-02
   2.0500000e+00   1.6340486e-02
   2.0600000e+00  -8.3615220e-02
   2.0700000e+00  -9.7643790e-02
   2.0800000e+00   3.8093853e-03
   2.0900000e+00   6.5769359e-02
   2.1000000e+00   2.2357531e-02
   2.1100000e+00  -4.8550586e-02
   2.1200000e+00  -6.5416774e-02
   2.1300000e+00   5.1507777e-03
   2.1400000e+00   7.3321809e-02
   2.1500000e+00   4.0711319e-03
   2.1600000e+00  -1.1823002e-01
   2.1700000e+00  -1.0131958e-01
   2.1800000e+00   1.9620175e-02
   2.1900000e+00   6.9034816e-02
   2.2000000e+00   5.5947854e-03
   2.2100000e+00  -7.5412148e-02
   2.2200000e+00  -7.2340940e-02
   2.2300000e+00   1.7839381e-02
   2.2400000e+00   6.7295846e-02
   2.2500000e+00  -8.1644917e-03
   2.2600000e+00  -1.0180927e-01
   2.2700000e+00  -7.9266680e-02
   2.2800000e+00   2.9041695e-02
   2.2900000e+00   8.7744973e-02
   2.3000000e+00   3.2089262e-02
   2.3100000e+00  -6.7285141e-02
   2.3200000e+00  -1.0278980e-01
   2.3300000e+00  -4.9374462e-02
   2.3400000e+00   2.1831343e-02
   2.3500000e+00   2.9757146e-02
   2.3600000e+00  -1.4726149e-02
   2.3700000e+00  -4.7111832e-02
   2.3800000e+00  -6.1551140e-02
   2.3900000e+00  -6.1356266e-02
   2.4000000e+00  -1.2030744e-03
   2.4100000e+00   8.8843004e-02
   2.4200000e+00   7.7687117e-02
   2.4300000e+00  -4.6340372e-02
   2.4400000e+00  -1.0511176e-01
   2.4500000e+00  -1.7215758e-02
   2.4600000e+00   5.2253010e-02
   2.4700000e+00  -1.3081717e-02
   2.4800000e+00  -8.5480257e-02
   2.4900000e+00  -4.2220524e-02
   2.5000000e+00   4.2440013e-02
   2.5100000e+00   5.6422145e-02
   2.5200000e+00  -8.5369469e-03
   2.5300000e+00  -1.0858424e-01
   2.5400000e+00  -1.5484328e-01
   2.5500000e+00  -4.3175774e-02
   2.5600000e+00   1.4126226e-01
   2.5700000e+00   1.5640819e-01
   2.5800000e+00  -2.1254617e-02
   2.5900000e+00  -1.4823151e-01
   2.6000000e+00  -1.0084357e-01
   2.6100000e+00   4.6081846e-03
   2.6200000e+00   6.4298075e-02
   2.6300000e+00   6.8973420e-02
   2.6400000e+00   6.0313974e-03
   2.6500000e+00  -7.9075851e-02
   2.6600000e+00  -7.6449991e-02
   2.6700000e+00  -9.4318498e-03
   2.6800000e+00   1.5865892e-03
   2.6900000e+00  -3.0917423e-02
   2.7000000e+00  -1.7117985e-02
   2.7100000e+00   2.4877823e-02
   2.7200000e+00   3.0340753e-02
   2.7300000e+00   1.8717161e-02
   2.7400000e+00   1.8356115e-02
   2.7500000e+00  -2.2648432e-02
   2.7600000e+00  -1.0160445e-01
   2.7700000e+00  -8.0473772e-02
   2.7800000e+00   6.2329695e-02
   2.7900000e+00   1.1810805e-01
   2.8000000e+00   7.9681042e-03
   2.8100000e+00  -8.4647680e-02
   2.8200000e+00  -8.2390613e-02
   2.8300000e+00  -6.5371971e-02
   2.8400000e+00   6.1648694e-04
   2.8500000e+00   1.2773454e-01
   2.8600000e+00   1.2827676e-01
   2.8700000e+00  -5.0600765e-02
   2.8800000e+00  -1.4284736e-01
   2.8900000e+00  -1.1045651e-02
   2.9000000e+00   1.0369945e-01
   2.9100000e+00   1.5219515e-02
   2.9200000e+00  -1.1663689e-01
   2.9300000e+00  -8.5050708e-02
   2.9400000e+00   6.8948532e-02
   2.9500000e+00   1.4750150e-01
   2.9600000e+00   6.0633677e-02
   2.9700000e+00  -7.0965427e-02
   2.9800000e+00  -1.0824877e-01
   2.9900000e+00  -6.2398357e-02
   3.0000000e+00   7.9556917e-03
   3.0100000e+00   7.2178114e-02
   3.0200000e+00   6.6107917e-02
   3.0300000e+00  -3.9424390e-02
   3.0400000e+00  -1.2828646e-01
   3.0500000e+00  -6.9304355e-02
   3.0600000e+00   7.9953604e-02
   3.0700000e+00   1.4491992e-01
   3.0800000e+00   6.0419585e-02
   3.0900000e+00  -8.3085540e-02
   3.1000000e+00  -1.2513976e-01
   3.1100000e+00   1.7547775e-02
   3.1200000e+00   1.5935382e-01
   3.1300000e+00   4.9232668e-02
   3.1400000e+00  -1.6262810e-01
   3.1500000e+00  -1.2817595e-01
   3.1600000e+00   9.8838784e-02
   3.1700000e+00   1.7042769e-01
   3.1800000e+00  -1.1155052e-02
   3.1900000e+00  -1.8839696e-01
   3.2000000e+00  -1.1018028e-01
   3.2100000e+00   1.0181301e-01
   3.2200000e+00   1.2675542e-01
   3.2300000e+00  -2.3116740e-02
   3.2400000e+00  -7.6454591e-02
   3.2500000e+00  -1.7779749e-02
   3.2600000e+00  -4.3706786e-03
   3.2700000e+00  -1.0149502e-03
   3.2800000e+00   5.5405934e-02
   3.2900000e+00   6.1603510e-02
   3.3000000e+00  -1.7825437e-02
   3.3100000e+00  -6.1911145e-02
   3.3200000e+00  -1.3745816e-02
   3.3300000e+00   5.3931239e-02
   3.3400000e+00   5.8325082e-02
   3.3500000e+00  -1.2078744e-02
   3.3600000e+00  -7.6293364e-02
   3.3700000e+00  -4.5722684e-02
   3.3800000e+00   4.1717814e-02
   3.3900000e+00   7.7087696e-02
   3.4000000e+00   3.1550574e-02
   3.4100000e+00  -4.1295736e-02
   3.4200000e+00  -5.7765280e-02
   3.4300000e+00   1.2180606e-02
   3.4400000e+00   6.4429248e-02
   3.4500000e+00   1.9595114e-02
   3.4600000e+00  -2.6363276e-02
   3.4700000e+00   1.3291245e-02
   3.4800000e+00   5.7959467e-02
   3.4900000e+00   2.8245673e-02
   3.5000000e+00  -2.2294654e-02
   3.5100000e+00  -2.8658377e-02
   3.5200000e+00  -2.7570144e-04
   3.5300000e+00   1.0664599e-02
   3.5400000e+00  -3.2174543e-02
   3.5500000e+00  -7.5231415e-02
   3.5600000e+00  -3.4517835e-02
   3.5700000e+00   5.9425185e-02
   3.5800000e+00   9.6314822e-02
   3.5900000e+00   3.4582226e-02
   3.6000000e+00  -5.4244151e-02
   3.6100000e+00  -7.2635457e-02
   3.6200000e+00  -2.1592753e-02
   3.6300000e+00   1.2315212e-02
   3.6400000e+00   1.1769759e-02
   3.6500000e+00   2.9584633e-02
   3.6600000e+00   3.8396366e-02
   3.6700000e+00  -9.4820368e-03
   3.6800000e+00  -4.1753779e-02
   3.6900000e+00   3.9522263e-03
   3.7000000e+00   4.7121569e-02
   3.7100000e+00   2.0540952e-02
   3.7200000e+00  -2.0909646e-02
   3.7300000e+00  -3.2628591e-02
   3.7400000e+00  -2.6677602e-02
   3.7500000e+00   4.4691689e-03
   3.7600000e+00   5.3322760e-02
   3.7700000e+00   5.8249956e-02
   3.7800000e+00   1.3693940e-03
   3.7900000e+00  -4.5835785e-02
   3.8000000e+00  -3.3574212e-02
   3.8100000e+00   1.0507604e-02
   3.8200000e+00   4.5424715e-02
   3.8300000e+00   5.0241881e-02
   3.8400000e+00   2.3217304e-02
   3.8500000e+00  -5.5755004e-03
   3.8600000e+00  -4.5401798e-03
   3.8700000e+00   1.5780734e-02
   3.8800000e+00   2.8222813e-02
   3.8900000e+00   2.1049520e-02
   3.9000000e+00  -3.3182238e-03
   3.9100000e+00  -2.7417397e-02
   3.9200000e+00  -4.2638576e-02
   3.9300000e+00  -3.6763157e-02
   3.9400000e+00   1.8589035e-02
   3.9500000e+00   6.7942144e-02
   3.9600000e+00   2.4954892e-02
   3.9700000e+00  -4.0921927e-02
   3.9800000e+00  -1.2377115e-02
   3.9900000e+00   6.0231812e-02
   4.0000000e+00   5.8600002e-02
   4.0100000e+00   2.4261847e-03
   4.0200000e+00  -3.0367729e-02
   4.0300000e+00  -4.9256989e-02
   4.0400000e+00  -4.9792766e-02
   4.0500000e+00   2.3157292e-02
   4.0600000e+00   1.1451442e-01
   4.0700000e+00   9.1301692e-02
   4.0800000e+00  -2.8977510e-02
   4.0900000e+00  -9.2158895e-02
   4.1000000e+00  -4.5994853e-02
   4.1100000e+00   2.5045931e-02
   4.1200000e+00   4.6410890e-02
   4.1300000e+00   1.7362323e-02
   4.1400000e+00  -4.0713371e-03
   4.1500000e+00   1.1345460e-02
   4.1600000e+00   2.2221540e-02
   4.1700000e+00   1.6977799e-02
   4.1800000e+00   1.8238519e-02
   4.1900000e+00   7.8079375e-04
   4.2000000e+00  -4.8136011e-02
   4.2100000e+00  -5.8527968e-02
   4.2200000e+00  -2.1591134e-03
   4.2300000e+00   3.5828077e-02
   4.2400000e+00   3.3690297e-02
   4.2500000e+00   5.1152504e-02
   4.2600000e+00   5.5504701e-02
   4.2700000e+00   4.3863084e-03
   4.2800000e+00  -4.0444987e-02
   4.2900000e+00  -3.3551145e-02
   4.3000000e+00  -2.3220194e-04
   4.3100000e+00   1.9404201e-02
   4.3200000e+00   1.3212504e-02
   4.3300000e+00   1.2814241e-02
   4.3400000e+00   2.8424006e-02
   4.3500000e+00   1.5444373e-02
   4.3600000e+00  -3.8290164e-02
   4.3700000e+00  -5.5332959e-02
   4.3800000e+00   1.7016419e-02
   4.3900000e+00   7.9545044e-02
   4.4000000e+00   3.6014886e-02
   4.4100000e+00  -3.2136132e-02
   4.4200000e+00  -3.4575625e-02
   4.4300000e+00   9.0160509e-03
   4.4400000e+00   6.6718992e-02
   4.4500000e+00   8.1866170e-02
   4.4600000e+00   1.4993056e-02
   4.4700000e+00  -4.6877193e-02
   4.4800000e+00  -2.3697106e-02
   4.4900000e+00   3.1288842e-02
   4.5000000e+00   3.5386738e-02
   4.5100000e+00  -1.3563863e-02
   4.5200000e+00  -4.5460050e-02
   4.5300000e+00  -6.1815661e-03
   4.5400000e+00   6.3760173e-02
   4.5500000e+00   6.9204486e-02
   4.5600000e+00   8.8514197e-04
   4.5700000e+00  -3.9198456e-02
   4.5800000e+00  -1.9712656e-02
   4.5900000e+00  -1.2933840e-02
   4.6000000e+00  -9.6137143e-03
   4.6100000e+00   3.4925479e-02
   4.6200000e+00   6.0274008e-02
   4.6300000e+00   2.8961808e-02
   4.6400000e+00   1.4054037e-03
   4.6500000e+00   2.1054513e-04
   4.6600000e+00  -2.0605695e-04
   4.6700000e+00   1.1106072e-02
   4.6800000e+00   3.2621329e-02
   4.6900000e+00   2.2567971e-02
   4.7000000e+00  -3.8089970e-03
   4.7100000e+00   2.8376812e-03
   4.7200000e+00   1.3080155e-02
   4.7300000e+00   3.5108715e-03
   4.7400000e+00   2.2925106e-02
   4.7500000e+00   5.1176940e-02
   4.7600000e+00   1.6053494e-02
   4.7700000e+00  -3.9035707e-02
   4.7800000e+00  -2.3730309e-02
   4.7900000e+00   3.3510972e-02
   4.8000000e+00   5.4592131e-02
   4.8100000e+00   3.2948049e-02
   4.8200000e+00  -7.4212874e-03
   4.8300000e+00  -3.2116488e-02
   4.8400000e+00   9.6526325e-03
   4.8500000e+00   7.8488001e-02
   4.8600000e+00   6.1187013e-02
   4.8700000e+00  -3.5666382e-02
   4.8800000e+00  -7.7966607e-02
   4.8900000e+00  -1.3698695e-03
   4.9000000e+00   9.4179106e-02
   4.9100000e+00   7.9250186e-02
   4.9200000e+00  -2.7143992e-02
   4.9300000e+00  -9.4284099e-02
   4.9400000e+00  -5.2905595e-02
   4.9500000e+00   3.7794939e-02
   4.9600000e+00   7.6900164e-02
   4.9700000e+00   4.1830697e-02
   4.9800000e+00  -5.9348584e-03
   4.9900000e+00  -1.2683585e-02
   5.0000000e+00   1.4879618e-02
   5.0100000e+00   3.2629475e-02
   5.0200000e+00   1.8272220e-02
   5.0300000e+00  -2.0320680e-03
   5.0400000e+00   9.3667089e-03
   5.0500000e+00   4.9493763e-02
   5.0600000e+00   6.1845922e-02
   5.0700000e+00   9.2900582e-03
   5.0800000e+00  -5.1355019e-02
   5.0900000e+00  -3.7887750e-02
   5.1000000e+00   2.6192659e-02
   5.1100000e+00   4.1787973e-02
   5.1200000e+00  -6.8684480e-03
   5.1300000e+00  -3.6786735e-02
   5.1400000e+00   1.4160139e-03
   5.1500000e+00   6.2276032e-02
   5.1600000e+00   6.4959379e-02
   5.1700000e+00   1.8398133e-03
   5.1800000e+00  -3.8481464e-02
   5.1900000e+00  -1.1125472e-02
   5.2000000e+00   2.0197336e-02
   5.2100000e+00   1.8938349e-02
   5.2200000e+00   1.4607941e-02
   5.2300000e+00   1.0642761e-02
   5.2400000e+00   6.2974593e-03
   5.2500000e+00   2.4795268e-02
   5.2600000e+00   4.2668281e-02
   5.2700000e+00   1.8846188e-02
   5.2800000e+00  -9.8381892e-03
   5.2900000e+00   1.0835415e-02
   5.3000000e+00   4.7116725e-02
   5.3100000e+00   4.1228091e-02
   5.3200000e+00   4.3152452e-03
   5.3300000e+00  -2.7854539e-02
   5.3400000e+00  -3.0809078e-02
   5.3500000e+00   1.1652660e-02
   5.3600000e+00   4.8745527e-02
   5.3700000e+00   1.1881513e-02
   5.3800000e+00  -3.8359242e-02
   5.3900000e+00  -6.0326968e-03
   5.4000000e+00   5.6438752e-02
   5.4100000e+00   4.6533230e-02
   5.4200000e+00  -2.0618429e-02
   5.4300000e+00  -5.0782208e-02
   5.4400000e+00  -2.2624205e-03
   5.4500000e+00   6.6469492e-02
   5.4600000e+00   6.9283819e-02
   5.4700000e+00   1.1470928e-03
   5.4800000e+00  -4.2396730e-02
   5.4900000e+00   1.7513472e-03
   5.5000000e+00   6.6048092e-02
   5.5100000e+00   6.6738307e-02
   5.5200000e+00   1.5272062e-02
   5.5300000e+00  -3.0647654e-02
   5.5400000e+00  -2.5088718e-02
   5.5500000e+00   2.7754489e-02
   5.5600000e+00   5.8881030e-02
   5.5700000e+00   3.3744812e-02
   5.5800000e+00   4.5583331e-03
   5.5900000e+00  -1.8725031e-03
   5.6000000e+00  -1.4645933e-02
   5.6100000e+00  -2.1294433e-02
   5.6200000e+00   5.9089275e-04
   5.6300000e+00   2.1747995e-02
   5.6400000e+00   3.2718521e-02
   5.6500000e+00   3.9293819e-02
   5.6600000e+00   6.1748731e-03
   5.6700000e+00  -5.0745671e-02
   5.6800000e+00  -3.8957196e-02
   5.6900000e+00   3.8843119e-02
   5.7000000e+00   7.0862871e-02
   5.7100000e+00   3.0469341e-02
   5.7200000e+00  -1.6419866e-02
   5.7300000e+00  -3.8155545e-02
   5.7400000e+00  -1.0099421e-02
   5.7500000e+00   7.0471725e-02
   5.7600000e+00   9.6352841e-02
   5.7700000e+00   1.1677931e-02
   5.7800000e+00  -5.6789432e-02
   5.7900000e+00  -2.6308050e-02
   5.8000000e+00   1.4944899e-02
   5.8100000e+00   9.6501867e-03
   5.8200000e+00   1.3470453e-02
   5.8300000e+00   4.7233290e-02
   5.8400000e+00   6.1264878e-02
   5.8500000e+00   3.1634268e-02
   5.8600000e+00  -1.6475169e-02
   5.8700000e+00  -3.6780025e-02
   5.8800000e+00   2.0866761e-03
   5.8900000e+00   5.9070296e-02
   5.9000000e+00   6.2210289e-02
   5.9100000e+00   1.0334082e-02
   5.9200000e+00  -4.3077108e-02
   5.9300000e+00  -4.6885178e-02
   5.9400000e+00   1.4683436e-02
   5.9500000e+00   7.6546712e-02
   5.9600000e+00   4.8705770e-02
   5.9700000e+00  -4.5680945e-02
   5.9800000e+00  -8.3393324e-02
   5.9900000e+00  -7.5660364e-03
   6.0000000e+00   9.0775699e-02
   6.0100000e+00   8.5610433e-02
   6.0200000e+00  -1.0334794e-02
   6.0300000e+00  -5.5813176e-02
   6.0400000e+00   8.6137120e-03
   6.0500000e+00   7.2942650e-02
   6.0600000e+00   3.1490265e-02
   6.0700000e+00  -6.8646432e-02
   6.0800000e+00  -9.3999646e-02
   6.0900000e+00   7.3727683e-03
   6.1000000e+00   1.2410002e-01
   6.1100000e+00   1.1036276e-01
   6.1200000e+00  -2.1982475e-02
   6.1300000e+00  -1.1165214e-01
   6.1400000e+00  -4.5191626e-02
   6.1500000e+00   8.8478946e-02
   6.1600000e+00   1.0515135e-01
   6.1700000e+00  -3.7203299e-03
   6.1800000e+00  -6.7032043e-02
   6.1900000e+00  -1.6248818e-02
   6.2000000e+00   4.0741448e-02
   6.2100000e+00   2.7478114e-02
   6.2200000e+00  -9.1605128e-03
   6.2300000e+00  -2.0065162e-02
   6.2400000e+00  -1.1799649e-02
   6.2500000e+00   1.4011514e-02
   6.2600000e+00   4.2670281e-02
   6.2700000e+00   3.3963074e-02
   6.2800000e+00   1.0284837e-02
   6.2900000e+00   2.1294488e-02
   6.3000000e+00   3.6379540e-02
   6.3100000e+00   1.5556175e-02
   6.3200000e+00  -9.5270568e-03
   6.3300000e+00  -1.2486216e-02
   6.3400000e+00  -1.0055346e-02
   6.3500000e+00   2.4199018e-03
   6.3600000e+00   3.4218340e-02
   6.3700000e+00   4.1403948e-02
   6.3800000e+00   1.0084993e-03
   6.3900000e+00  -3.2622082e-02
   6.4000000e+00  -2.5531728e-02
   6.4100000e+00  -3.0797179e-03
   6.4200000e+00   2.5693222e-02
   6.4300000e+00   5.6598225e-02
   6.4400000e+00   5.5382854e-02
   6.4500000e+00   2.3499687e-02
   6.4600000e+00  -8.3661637e-04
   6.4700000e+00  -1.6394648e-02
   6.4800000e+00  -2.9335996e-02
   6.4900000e+00  -1.2554881e-02
   6.5000000e+00   2.2080460e-02
   6.5100000e+00   1.9078004e-02
   6.5200000e+00  -1.2909215e-02
   6.5300000e+00  -2.1422160e-02
   6.5400000e+00  -8.2812140e-03
   6.5500000e+00   1.1320161e-02
   6.5600000e+00   4.2547634e-02
   6.5700000e+00   5.3314145e-02
   6.5800000e+00   1.9784963e-02
   6.5900000e+00  -1.4944067e-02
   6.6000000e+00  -1.0741038e-02
   6.6100000e+00   2.4193314e-02
   6.6200000e+00   4.7702426e-02
   6.6300000e+00   1.5914852e-02
   6.6400000e+00  -4.1997590e-02
   6.6500000e+00  -4.4989702e-02
   6.6600000e+00   8.0906162e-03
   6.6700000e+00   4.5339557e-02
   6.6800000e+00   4.3041528e-02
   6.6900000e+00   2.4779473e-02
   6.7000000e+00   9.6659049e-05
   6.7100000e+00  -1.0742688e-02
   6.7200000e+00   1.6695198e-02
   6.7300000e+00   4.6948831e-02
   6.7400000e+00   3.4653746e-02
   6.7500000e+00  -1.8987233e-03
   6.7600000e+00  -2.7291650e-02
   6.7700000e+00  -2.1092611e-02
   6.7800000e+00   1.7443206e-02
   6.7900000e+00   2.7990098e-02
   6.8000000e+00  -2.2143794e-02
   6.8100000e+00  -3.9643624e-02
   6.8200000e+00   1.8266227e-02
   6.8300000e+00   3.7183577e-02
   6.8400000e+00  -2.3498119e-02
   6.8500000e+00  -4.6523913e-02
   6.8600000e+00   1.0223300e-02
   6.8700000e+00   6.0126630e-02
   6.8800000e+00   6.3305862e-02
   6.8900000e+00   3.9079634e-02
   6.9000000e+00  -8.0263530e-03
   6.9100000e+00  -4.2276744e-02
   6.9200000e+00  -2.3184561e-02
   6.9300000e+00   7.6088795e-03
   6.9400000e+00   2.2454419e-02
   6.9500000e+00   4.8546777e-02
   6.9600000e+00   3.9937399e-02
   6.9700000e+00  -3.2836580e-02
   6.9800000e+00  -5.8684949e-02
   6.9900000e+00   1.1177168e-02
   7.0000000e+00   5.8142696e-02
   7.0100000e+00   9.8336208e-03
   7.0200000e+00  -5.5743215e-02
   7.0300000e+00  -4.3939168e-02
   7.0400000e+00   3.4080163e-02
   7.0500000e+00   8.4203463e-02
   7.0600000e+00   4.0742903e-02
   7.0700000e+00  -4.2622692e-02
   7.0800000e+00  -5.1741276e-02
   7.0900000e+00   4.6220729e-03
   7.1000000e+00   2.8431231e-02
   7.1100000e+00   2.6763417e-02
   7.1200000e+00   3.1046021e-02
   7.1300000e+00  -5.6839510e-03
   7.1400000e+00  -5.1545867e-02
   7.1500000e+00  -1.9895105e-02
   7.1600000e+00   3.8997013e-02
   7.1700000e+00   3.2591163e-02
   7.1800000e+00  -1.0313702e-02
   7.1900000e+00  -2.3360068e-02
   7.2000000e+00  -8.6620903e-03
   7.2100000e+00   7.4702479e-03
   7.2200000e+00   1.5164863e-02
   7.2300000e+00  -1.3643084e-03
   7.2400000e+00  -3.4393333e-02
   7.2500000e+00  -4.0455783e-02
   7.2600000e+00  -2.0024922e-02
   7.2700000e+00  -6.1395423e-03
   7.2800000e+00   1.7590601e-02
   7.2900000e+00   6.0445696e-02
   7.3000000e+00   7.2461727e-02
   7.3100000e+00   2.6666815e-02
   7.3200000e+00  -3.8618612e-02
   7.3300000e+00  -6.0495482e-02
   7.3400000e+00  -1.3448739e-02
   7.3500000e+00   4.7658047e-02
   7.3600000e+00   4.7477802e-02
   7.3700000e+00  -1.3935699e-02
   7.3800000e+00  -6.4756039e-02
   7.3900000e+00  -4.0270961e-02
   7.4000000e+00   3.5044318e-02
   7.4100000e+00   6.3276424e-02
   7.4200000e+00   6.6003570e-03
   7.4300000e+00  -5.5902047e-02
   7.4400000e+00  -3.8127599e-02
   7.4500000e+00   3.1723461e-02
   7.4600000e+00   4.9742571e-02
   7.4700000e+00  -9.4573569e-03
   7.4800000e+00  -5.4314247e-02
   7.4900000e+00  -1.6476268e-02
   7.5000000e+00   4.3084329e-02
   7.5100000e+00   3.2693611e-02
   7.5200000e+00  -1.2088499e-02
   7.5300000e+00  -4.3966480e-03
   7.5400000e+00   1.8101454e-02
   7.5500000e+00  -5.7257788e-03
   7.5600000e+00  -2.3371165e-02
   7.5700000e+00  -5.2234694e-03
   7.5800000e+00   9.3116150e-04
   7.5900000e+00  -5.4211933e-03
   7.6000000e+00   3.8386383e-04
   7.6100000e+00   4.0749705e-03
   7.6200000e+00   2.9986260e-03
   7.6300000e+00   5.5971230e-03
   7.6400000e+00  -1.9466225e-03
   7.6500000e+00  -1.3730956e-02
   7.6600000e+00   1.2659283e-03
   7.6700000e+00   2.6799399e-02
   7.6800000e+00   1.7372241e-02
   7.6900000e+00  -7.2766842e-03
   7.7000000e+00  -2.4149029e-03
   7.7100000e+00   1.2620853e-02
   7.7200000e+00   9.4263755e-03
   7.7300000e+00   6.7558761e-04
   7.7400000e+00  -4.4946475e-03
   7.7500000e+00   4.3942008e-03
   7.7600000e+00   2.2153741e-02
   7.7700000e+00  -3.3486663e-03
   7.7800000e+00  -5.2066208e-02
   7.7900000e+00  -3.2185107e-02
   7.8000000e+00   2.6808485e-02
   7.8100000e+00   2.5711574e-02
   7.8200000e+00  -1.6211541e-02
   7.8300000e+00  -2.8578962e-02
   7.8400000e+00  -8.4172483e-03
   7.8500000e+00   1.8924215e-02
   7.8600000e+00   2.5270935e-02
   7.8700000e+00  -1.2354830e-02
   7.8800000e+00  -4.6717340e-02
   7.8900000e+00  -7.2543730e-03
   7.9000000e+00   5.6672036e-02
   7.9100000e+00   3.6924772e-02
   7.9200000e+00  -4.0960867e-02
   7.9300000e+00  -6.4112455e-02
   7.9400000e+00  -2.1275269e-02
   7.9500000e+00   1.6999584e-02
   7.9600000e+00   2.2439491e-02
   7.9700000e+00   4.2433935e-03
   7.9800000e+00  -1.8818931e-02
   7.9900000e+00  -1.3687902e-02
   8.0000000e+00   1.6171542e-02
   8.0100000e+00   2.2401859e-02
   8.0200000e+00   2.6197337e-04
   8.0300000e+00  -1.4475887e-02
   8.0400000e+00  -1.6509442e-02
   8.0500000e+00   8.0530630e-04
   8.0600000e+00   3.9427492e-02
   8.0700000e+00   3.9812703e-02
   8.0800000e+00  -1.5740158e-02
   8.0900000e+00  -4.3732183e-02
   8.1000000e+00  -1.6454403e-02
   8.1100000e+00   8.8925278e-03
   8.1200000e+00   8.4483998e-03
   8.1300000e+00  -1.6072137e-02
   8.1400000e+00  -4.3826544e-02
   8.1500000e+00  -2.7531662e-02
   8.1600000e+00   1.8004666e-02
   8.1700000e+00   3.0249303e-02
   8.1800000e+00   4.4233560e-03
   8.1900000e+00  -2.0588161e-02
   8.2000000e+00  -2.7110318e-02
   8.2100000e+00  -1.2196298e-02
   8.2200000e+00   2.1249767e-02
   8.2300000e+00   3.3111091e-02
   8.2400000e+00  -8.8417786e-06
   8.2500000e+00  -1.7994798e-02
   8.2600000e+00   7.5439151e-03
   8.2700000e+00   2.0353204e-02
   8.2800000e+00   1.0610735e-02
   8.2900000e+00   5.2961290e-03
   8.3000000e+00  -5.4345409e-03
   8.3100000e+00   4.4898114e-04
   8.3200000e+00   4.3162920e-02
   8.3300000e+00   4.4870233e-02
   8.3400000e+00  -3.3059233e-02
   8.3500000e+00  -8.1390721e-02
   8.3600000e+00  -2.6671036e-02
   8.3700000e+00   3.7121123e-02
   8.3800000e+00   2.1886855e-02
   8.3900000e+00  -1.9472272e-02
   8.4000000e+00  -3.1251056e-02
   8.4100000e+00  -2.5030073e-02
   8.4200000e+00   2.3850353e-03
   8.4300000e+00   4.1966442e-02
   8.4400000e+00   4.9809115e-02
   8.4500000e+00   2.1412056e-02
   8.4600000e+00  -7.9085980e-03
   8.4700000e+00  -1.5387950e-02
   8.4800000e+00  -4.9394588e-03
   8.4900000e+00   7.7412783e-03
   8.5000000e+00   1.3126421e-02
   8.5100000e+00  -2.8605593e-04
   8.5200000e+00  -2.7639079e-02
   8.5300000e+00  -2.7331328e-02
   8.5400000e+00   9.7479640e-03
   8.5500000e+00   2.9460447e-02
   8.5600000e+00   5.2187593e-03
   8.5700000e+00  -2.3994738e-02
   8.5800000e+00  -2.3016211e-02
   8.5900000e+00  -3.3017119e-03
   8.6000000e+00   3.9475211e-03
   8.6100000e+00  -9.5575100e-03
   8.6200000e+00  -1.9689119e-02
   8.6300000e+00   3.2985728e-03
   8.6400000e+00   3.8988183e-02
   8.6500000e+00   2.2206460e-02
   8.6600000e+00  -3.2090982e-02
   8.6700000e+00  -4.0828691e-02
   8.6800000e+00  -1.5589936e-02
   8.6900000e+00  -1.5032971e-02
   8.7000000e+00  -1.5220092e-02
   8.7100000e+00   9.9101832e-03
   8.7200000e+00   2.3070326e-02
   8.7300000e+00   5.1828962e-03
   8.7400000e+00  -1.9098429e-02
   8.7500000e+00  -2.8147632e-02
   8.7600000e+00  -1.1251841e-02
   8.7700000e+00   2.1046563e-02
   8.7800000e+00   1.8598225e-02
   8.7900000e+00  -2.7573331e-02
   8.8000000e+00  -3.9025209e-02
   8.8100000e+00   1.1921524e-02
   8.8200000e+00   4.7368798e-02
   8.8300000e+00   2.9615105e-02
   8.8400000e+00  -2.5324600e-03
   8.8500000e+00  -2.5044132e-02
   8.8600000e+00  -2.0146120e-02
   8.8700000e+00   1.6475050e-02
   8.8800000e+00   2.6020889e-02
   8.8900000e+00  -1.8962192e-02
   8.9000000e+00  -5.1553595e-02
   8.9100000e+00  -2.8434383e-02
   8.9200000e+00   1.0385981e-02
   8.9300000e+00   1.8358021e-02
   8.9400000e+00  -8.7362699e-03
   8.9500000e+00  -3.2771382e-02
   8.9600000e+00  -5.2050651e-03
   8.9700000e+00   4.7716205e-02
   8.9800000e+00   3.9578024e-02
   8.9900000e+00  -2.5948040e-02
   9.0000000e+00  -5.4498340e-02
   9.0100000e+00  -1.8239535e-02
   9.0200000e+00   2.3865088e-02
   9.0300000e+00   2.4585641e-02
   9.0400000e+00  -9.5445687e-03
   9.0500000e+00  -3.0729461e-02
   9.0600000e+00   2.7437014e-04
   9.0700000e+00   4.5014359e-02
   9.0800000e+00   2.8038856e-02
   9.0900000e+00  -4.0307151e-02
   9.1000000e+00  -7.7530035e-02
   9.1100000e+00  -4.8850406e-02
   9.1200000e+00   1.2365890e-02
   9.1300000e+00   6.1552093e-02
   9.1400000e+00   5.5343991e-02
   9.1500000e+00  -9.8488431e-03
   9.1600000e+00  -5.0389184e-02
   9.1700000e+00  -7.8964153e-03
   9.1800000e+00   5.2350059e-02
   9.1900000e+00   4.3597551e-02
   9.2000000e+00  -4.0687987e-02
   9.2100000e+00  -1.1272980e-01
   9.2200000e+00  -6.2030844e-02
   9.2300000e+00   6.1784761e-02
   9.2400000e+00   7.6859568e-02
   9.2500000e+00  -3.2687422e-02
   9.2600000e+00  -9.6397270e-02
   9.2700000e+00  -4.6373994e-02
   9.2800000e+00   2.6817707e-02
   9.2900000e+00   4.1977106e-02
   9.3000000e+00  -6.1021156e-03
   9.3100000e+00  -5.1688544e-02
   9.3200000e+00  -1.9699358e-02
   9.3300000e+00   4.6513812e-02
   9.3400000e+00   3.3538658e-02
   9.3500000e+00  -3.1476630e-02
   9.3600000e+00  -2.9576540e-02
   9.3700000e+00   1.0891435e-02
   9.3800000e+00   9.9713455e-04
   9.3900000e+00  -1.6010473e-02
   9.4000000e+00   5.4471346e-03
   9.4100000e+00   1.4218347e-02
   9.4200000e+00  -6.5359179e-03
   9.4300000e+00  -1.6573998e-02
   9.4400000e+00  -6.6742467e-03
   9.4500000e+00   4.3999469e-03
   9.4600000e+00  -1.9084462e-03
   9.4700000e+00  -2.7964457e-02
   9.4800000e+00  -3.3587408e-02
   9.4900000e+00   7.5922603e-03
   9.5000000e+00   3.9760861e-02
   9.5100000e+00   1.9056278e-02
   9.5200000e+00  -4.8412794e-03
   9.5300000e+00  -9.2488327e-04
   9.5400000e+00  -1.3347611e-02
   9.5500000e+00  -4.3071009e-02
   9.5600000e+00  -3.3791323e-02
   9.5700000e+00   9.2598711e-03
   9.5800000e+00   3.6102312e-02
   9.5900000e+00   2.4857084e-02
   9.6000000e+00  -3.0536360e-02
   9.6100000e+00  -8.0383728e-02
   9.6200000e+00  -3.9457348e-02
   9.6300000e+00   4.5795479e-02
   9.6400000e+00   3.8793315e-02
   9.6500000e+00  -3.8379243e-02
   9.6600000e+00  -4.1224360e-02
   9.6700000e+00   3.0206667e-02
   9.6800000e+00   4.9802299e-02
   9.6900000e+00  -5.5060130e-03
   9.7000000e+00  -4.8551971e-02
   9.7100000e+00  -2.5170241e-02
   9.7200000e+00   3.4395513e-02
   9.7300000e+00   4.8151528e-02
   9.7400000e+00  -1.3743563e-02
   9.7500000e+00  -6.4876078e-02
   9.7600000e+00  -2.8715568e-02
   9.7700000e+00   3.7185984e-02
   9.7800000e+00   4.0585794e-02
   9.7900000e+00  -1.2653247e-02
   9.8000000e+00  -5.4892429e-02
   9.8100000e+00  -4.8780450e-02
   9.8200000e+00  -1.2174978e-02
   9.8300000e+00   1.6005964e-02
   9.8400000e+00   8.8293753e-03
   9.8500000e+00  -3.0731149e-02
   9.8600000e+00  -6.0906858e-02
   9.8700000e+00  -4.9582168e-02
   9.8800000e+00  -1.5751792e-02
   9.8900000e+00   1.7580952e-02
   9.9000000e+00   4.1004349e-02
   9.9100000e+00   2.3178370e-02
   9.9200000e+00  -2.9923688e-02
   9.9300000e+00  -4.3051997e-02
   9.9400000e+00  -5.4590173e-03
   9.9500000e+00   2.9548985e-03
   9.9600000e+00  -2.8993636e-02
   9.9700000e+00  -2.7371827e-02
   9.9800000e+00   1.9141453e-02
   9.9900000e+00   4.0928791e-02
   1.0000000e+01   1.3081430e-02
   1.0010000e+01  -2.3995997e-02
   1.0020000e+01  -4.3982255e-02
   1.0030000e+01  -3.0716006e-02
   1.0040000e+01   1.4470241e-02
   1.0050000e+01   3.5909657e-02
   1.0060000e+01   3.9192096e-03
   1.0070000e+01  -4.0285044e-02
   1.0080000e+01  -6.0248025e-02
   1.0090000e+01  -4.6581003e-02
   1.0100000e+01   3.4833139e-03
   1.0110000e+01   5.6899792e-02
   1.0120000e+01   5.8446422e-02
   1.0130000e+01   4.3986914e-03
   1.0140000e+01  -5.7856292e-02
   1.0150000e+01  -8.0723881e-02
   1.0160000e+01  -4.1006051e-02
   1.0170000e+01   2.1118529e-02
   1.0180000e+01   2.4740540e-02
   1.0190000e+01  -2.4246282e-02
   1.0200000e+01  -4.0492869e-02
   1.0210000e+01  -1.3178077e-02
   1.0220000e+01   2.7916148e-03
   1.0230000e+01   6.4258718e-03
   1.0240000e+01   1.2810119e-02
   1.0250000e+01  -1.5137306e-03
   1.0260000e+01  -1.7377302e-02
   1.0270000e+01   8.8750441e-03
   1.0280000e+01   3.9131942e-02
   1.0290000e+01   1.5712739e-02
   1.0300000e+01  -3.6470808e-02
   1.0310000e+01  -6.1310073e-02
   1.0320000e+01  -4.2708031e-02
   1.0330000e+01  -4.1168501e-03
   1.0340000e+01   1.2761272e-02
   1.0350000e+01   9.3847876e-04
   1.0360000e+01  -3.9176012e-03
   1.0370000e+01  -6.8749480e-03
   1.0380000e+01  -3.8385171e-02
   1.0390000e+01  -4.9254905e-02
   1.0400000e+01   3.6838410e-03
   1.0410000e+01   3.6081723e-02
   1.0420000e+01  -9.7968385e-04
   1.0430000e+01  -2.4089446e-02
   1.0440000e+01  -9.3569841e-03
   1.0450000e+01  -1.4868602e-02
   1.0460000e+01  -2.5928605e-02
   1.0470000e+01  -1.3511576e-02
   1.0480000e+01  -8.5585684e-03
   1.0490000e+01  -6.9934215e-03
   1.0500000e+01   1.3576265e-02
   1.0510000e+01   1.3267639e-02
   1.0520000e+01  -1.6639480e-02
   1.0530000e+01  -1.5061433e-02
   1.0540000e+01   1.1485209e-02
   1.0550000e+01   1.0086196e-02
   1.0560000e+01   6.5052575e-04
   1.0570000e+01  -6.2560724e-03
   1.0580000e+01  -3.7513637e-02
   1.0590000e+01  -3.8244809e-02
   1.0600000e+01   2.7537416e-02
   1.0610000e+01   5.6252063e-02
   1.0620000e+01   1.8412203e-03
   1.0630000e+01  -4.0174141e-02
   1.0640000e+01  -2.9220783e-02
   1.0650000e+01  -8.0413777e-03
   1.0660000e+01   5.4763755e-03
   1.0670000e+01  -2.0059582e-03
   1.0680000e+01  -3.5462922e-02
   1.0690000e+01  -3.7822974e-02
   1.0700000e+01   1.2521988e-02
   1.0710000e+01   3.3016502e-02
   1.0720000e+01  -6.4654888e-03
   1.0730000e+01  -2.9852442e-02
   1.0740000e+01  -1.6161565e-02
   1.0750000e+01   3.6203726e-03
   1.0760000e+01   3.5768714e-02
   1.0770000e+01   4.4613627e-02
   1.0780000e+01  -1.7980511e-02
   1.0790000e+01  -7.9286076e-02
   1.0800000e+01  -4.9220752e-02
   1.0810000e+01   2.7750354e-02
   1.0820000e+01   5.4456767e-02
   1.0830000e+01   1.5592896e-02
   1.0840000e+01  -2.6217665e-02
   1.0850000e+01  -2.6012915e-02
   1.0860000e+01  -9.7012761e-03
   1.0870000e+01  -1.0262246e-02
   1.0880000e+01  -1.5384254e-02
   1.0890000e+01  -1.1210319e-02
   1.0900000e+01  -3.2236641e-03
   1.0910000e+01   3.2623898e-03
   1.0920000e+01  -5.2060683e-04
   1.0930000e+01  -1.4010349e-02
   1.0940000e+01  -1.8185819e-02
   1.0950000e+01  -9.2208853e-03
   1.0960000e+01  -1.5840038e-03
   1.0970000e+01  -3.0021789e-03
   1.0980000e+01  -1.5339709e-02
   1.0990000e+01  -3.0088931e-02
   1.1000000e+01  -2.5967929e-02
   1.1010000e+01  -9.0148101e-04
   1.1020000e+01   1.7301430e-02
   1.1030000e+01   7.5480332e-03
   1.1040000e+01  -1.1108431e-02
   1.1050000e+01  -5.7656163e-03
   1.1060000e+01   6.0707450e-03
   1.1070000e+01  -9.7708959e-03
   1.1080000e+01  -2.7400319e-02
   1.1090000e+01  -1.4817974e-02
   1.1100000e+01   8.7319187e-03
   1.1110000e+01   2.0232290e-02
   1.1120000e+01   7.7564113e-03
   1.1130000e+01  -3.0291612e-02
   1.1140000e+01  -4.7540220e-02
   1.1150000e+01  -6.6440259e-03
   1.1160000e+01   3.3766323e-02
   1.1170000e+01   1.7276314e-03
   1.1180000e+01  -5.8315185e-02
   1.1190000e+01  -5.1840449e-02
   1.1200000e+01   1.2554316e-02
   1.1210000e+01   4.9394016e-02
   1.1220000e+01   2.6165730e-02
   1.1230000e+01  -2.3150694e-02
   1.1240000e+01  -5.4105042e-02
   1.1250000e+01  -3.3986928e-02
   1.1260000e+01   2.2061648e-02
   1.1270000e+01   4.5385893e-02
   1.1280000e+01   4.7449645e-03
   1.1290000e+01  -4.5179073e-02
   1.1300000e+01  -4.3631400e-02
   1.1310000e+01  -3.9214631e-03
   1.1320000e+01   2.0445071e-02
   1.1330000e+01   2.0132005e-02
   1.1340000e+01   2.6854415e-02
   1.1350000e+01   3.3044671e-02
   1.1360000e+01   5.4328106e-03
   1.1370000e+01  -2.9059790e-02
   1.1380000e+01  -2.4965557e-02
   1.1390000e+01  -1.9343626e-03
   1.1400000e+01   6.8198528e-03
   1.1410000e+01   8.5297077e-03
   1.1420000e+01   8.2874179e-03
   1.1430000e+01   7.4290751e-04
   1.1440000e+01  -6.3635186e-03
   1.1450000e+01  -9.3174776e-03
   1.1460000e+01  -9.9796481e-03
   1.1470000e+01  -1.9099323e-03
   1.1480000e+01   9.1837070e-03
   1.1490000e+01   7.8565084e-03
   1.1500000e+01   4.6093560e-03
   1.1510000e+01   7.8164936e-03
   1.1520000e+01   7.3696070e-03
   1.1530000e+01   1.1794180e-02
   1.1540000e+01   8.2594197e-03
   1.1550000e+01  -3.5556845e-02
   1.1560000e+01  -7.3897140e-02
   1.1570000e+01  -4.7205390e-02
   1.1580000e+01   3.3266146e-03
   1.1590000e+01   3.2237439e-02
   1.1600000e+01   5.4926728e-02
   1.1610000e+01   5.2624049e-02
   1.1620000e+01  -9.2699228e-03
   1.1630000e+01  -7.1947984e-02
   1.1640000e+01  -5.7618914e-02
   1.1650000e+01  -7.1394879e-03
   1.1660000e+01   8.2232413e-03
   1.1670000e+01   4.4852515e-03
   1.1680000e+01   9.1115675e-03
   1.1690000e+01   1.8503407e-02
   1.1700000e+01   2.7201825e-02
   1.1710000e+01   5.3469470e-03
   1.1720000e+01  -4.3079849e-02
   1.1730000e+01  -4.9872982e-02
   1.1740000e+01  -7.7260676e-03
   1.1750000e+01   2.6499648e-02
   1.1760000e+01   3.3682472e-02
   1.1770000e+01   1.2072300e-02
   1.1780000e+01  -3.4440802e-02
   1.1790000e+01  -4.4909464e-02
   1.1800000e+01   1.9249055e-02
   1.1810000e+01   6.7618560e-02
   1.1820000e+01   1.2171938e-02
   1.1830000e+01  -7.0765888e-02
   1.1840000e+01  -6.7972773e-02
   1.1850000e+01  -5.4796380e-04
   1.1860000e+01   5.4260150e-02
   1.1870000e+01   6.2163668e-02
   1.1880000e+01   1.3145817e-02
   1.1890000e+01  -5.1796977e-02
   1.1900000e+01  -5.6100794e-02
   1.1910000e+01  -7.3127853e-03
   1.1920000e+01   2.2244650e-02
   1.1930000e+01   1.5485968e-02
   1.1940000e+01   5.1346271e-03
   1.1950000e+01   1.5756469e-02
   1.1960000e+01   3.7159861e-02
   1.1970000e+01   2.8300596e-02
   1.1980000e+01  -1.9325691e-02
   1.1990000e+01  -5.3904910e-02
   1.2000000e+01  -4.0358658e-02
   1.2010000e+01  -5.0964747e-03
   1.2020000e+01   2.1370635e-02
   1.2030000e+01   3.2522159e-02
   1.2040000e+01   2.5902002e-02
   1.2050000e+01   1.2624088e-02
   1.2060000e+01   5.3212470e-03
   1.2070000e+01  -1.5439550e-02
   1.2080000e+01  -5.8723012e-02
   1.2090000e+01  -7.4956695e-02
   1.2100000e+01  -2.4116236e-02
   1.2110000e+01   4.7641093e-02
   1.2120000e+01   5.7027939e-02
   1.2130000e+01  -7.7468141e-03
   1.2140000e+01  -6.4787821e-02
   1.2150000e+01  -4.6698656e-02
   1.2160000e+01   9.7687258e-03
   1.2170000e+01   3.6860025e-02
   1.2180000e+01   2.8454840e-02
   1.2190000e+01   4.8744773e-03
   1.2200000e+01  -2.2174267e-02
   1.2210000e+01  -3.3770745e-02
   1.2220000e+01  -2.3832635e-02
   1.2230000e+01  -8.7933125e-03
   1.2240000e+01   9.1141995e-03
   1.2250000e+01   3.4232923e-02
   1.2260000e+01   4.3198083e-02
   1.2270000e+01   1.6476135e-02
   1.2280000e+01  -1.9788104e-02
   1.2290000e+01  -3.1171475e-02
   1.2300000e+01  -2.9409498e-02
   1.2310000e+01  -3.6376778e-02
   1.2320000e+01  -3.6401197e-02
   1.2330000e+01  -1.2924892e-02
   1.2340000e+01   1.5692786e-02
   1.2350000e+01   2.0256296e-02
   1.2360000e+01   4.6878431e-03
   1.2370000e+01   4.7612820e-03
   1.2380000e+01   2.2760284e-02
   1.2390000e+01   1.4062379e-02
   1.2400000e+01  -2.6206939e-02
   1.2410000e+01  -3.8531831e-02
   1.2420000e+01   9.5726700e-03
   1.2430000e+01   6.3758026e-02
   1.2440000e+01   5.2085513e-02
   1.2450000e+01  -9.7371171e-03
   1.2460000e+01  -4.9098984e-02
   1.2470000e+01  -4.3279506e-02
   1.2480000e+01  -2.0439977e-02
   1.2490000e+01  -1.4343647e-03
   1.2500000e+01   6.1937448e-03
   1.2510000e+01   8.2840147e-04
   1.2520000e+01  -1.0402833e-02
   1.2530000e+01  -1.1103787e-02
   1.2540000e+01   1.5076369e-02
   1.2550000e+01   3.8569195e-02
   1.2560000e+01   9.1437912e-03
   1.2570000e+01  -4.3725370e-02
   1.2580000e+01  -4.9290325e-02
   1.2590000e+01   2.5371157e-04
   1.2600000e+01   5.6746021e-02
   1.2610000e+01   5.6752372e-02
   1.2620000e+01  -7.2862225e-03
   1.2630000e+01  -4.4748522e-02
   1.2640000e+01  -5.1718006e-03
   1.2650000e+01   3.0770473e-02
   1.2660000e+01   3.9281686e-03
   1.2670000e+01  -2.5092079e-02
   1.2680000e+01  -9.4590711e-03
   1.2690000e+01   1.2609578e-02
   1.2700000e+01   2.1657082e-02
   1.2710000e+01   2.5814669e-02
   1.2720000e+01  -5.0573284e-03
   1.2730000e+01  -5.6586532e-02
   1.2740000e+01  -4.9430306e-02
   1.2750000e+01   1.6580323e-03
   1.2760000e+01   1.9876401e-02
   1.2770000e+01   1.2662792e-02
   1.2780000e+01   2.6018064e-03
   1.2790000e+01  -1.3100657e-02
   1.2800000e+01   8.7112436e-04
   1.2810000e+01   3.7308194e-02
   1.2820000e+01   2.3188455e-02
   1.2830000e+01  -2.7976188e-02
   1.2840000e+01  -3.2733167e-02
   1.2850000e+01   7.5844582e-03
   1.2860000e+01   3.1864466e-02
   1.2870000e+01   2.4457402e-02
   1.2880000e+01   1.1654491e-03
   1.2890000e+01  -2.2874755e-02
   1.2900000e+01  -2.1373072e-02
   1.2910000e+01  -4.0416827e-03
   1.2920000e+01  -2.1782933e-02
   1.2930000e+01  -4.8504570e-02
   1.2940000e+01  -1.4345201e-02
   1.2950000e+01   2.6661692e-02
   1.2960000e+01  -4.3787773e-03
   1.2970000e+01  -4.0198322e-02
   1.2980000e+01  -1.2135143e-02
   1.2990000e+01   2.8160029e-02
   1.3000000e+01   2.7384562e-02
   1.3010000e+01  -7.1688184e-03
   1.3020000e+01  -3.8961215e-02
   1.3030000e+01  -2.9653659e-02
   1.3040000e+01   4.9826738e-03
   1.3050000e+01   1.7328160e-02
   1.3060000e+01   1.8605049e-02
   1.3070000e+01   3.6809671e-02
   1.3080000e+01   4.7731013e-02
   1.3090000e+01   3.5113612e-02
   1.3100000e+01   1.1833343e-02
   1.3110000e+01  -3.0004099e-02
   1.3120000e+01  -7.0085169e-02
   1.3130000e+01  -3.8683166e-02
   1.3140000e+01   4.7717287e-02
   1.3150000e+01   7.4933288e-02
   1.3160000e+01   1.0907541e-02
   1.3170000e+01  -5.7585540e-02
   1.3180000e+01  -6.0532670e-02
   1.3190000e+01  -6.9535114e-03
   1.3200000e+01   4.2748235e-02
   1.3210000e+01   2.8990828e-02
   1.3220000e+01  -2.9478548e-02
   1.3230000e+01  -4.6232037e-02
   1.3240000e+01  -8.5719488e-04
   1.3250000e+01   2.2579086e-02
   1.3260000e+01  -2.1812355e-02
   1.3270000e+01  -5.6886262e-02
   1.3280000e+01  -5.1478693e-03
   1.3290000e+01   8.1328725e-02
   1.3300000e+01   8.9712311e-02
   1.3310000e+01  -3.6848509e-03
   1.3320000e+01  -9.4189239e-02
   1.3330000e+01  -6.7341618e-02
   1.3340000e+01   3.9049816e-02
   1.3350000e+01   8.7987083e-02
   1.3360000e+01   4.4733288e-02
   1.3370000e+01  -1.5049273e-02
   1.3380000e+01  -3.1533189e-02
   1.3390000e+01  -1.7879006e-03
   1.3400000e+01   2.9341268e-02
   1.3410000e+01   1.3000864e-02
   1.3420000e+01  -3.7461371e-02
   1.3430000e+01  -5.9279152e-02
   1.3440000e+01  -2.0660046e-02
   1.3450000e+01   3.2949022e-02
   1.3460000e+01   4.1141015e-02
   1.3470000e+01   1.2155763e-02
   1.3480000e+01  -4.8305762e-03
   1.3490000e+01   9.7818761e-03
   1.3500000e+01   2.2268409e-02
   1.3510000e+01  -7.9609697e-03
   1.3520000e+01  -4.7457708e-02
   1.3530000e+01  -3.2136204e-02
   1.3540000e+01   1.7507863e-02
   1.3550000e+01   3.5612787e-02
   1.3560000e+01   7.5402360e-03
   1.3570000e+01  -3.0373936e-02
   1.3580000e+01  -2.6078546e-02
   1.3590000e+01   2.2856232e-02
   1.3600000e+01   4.6277988e-02
   1.3610000e+01   1.1445421e-02
   1.3620000e+01  -2.9714951e-02
   1.3630000e+01  -3.6402127e-02
   1.3640000e+01  -1.9151928e-02
   1.3650000e+01   3.1270776e-03
   1.3660000e+01   2.7385897e-02
   1.3670000e+01   4.9956632e-02
   1.3680000e+01   4.6713018e-02
   1.3690000e+01   3.5985347e-03
   1.3700000e+01  -4.1656163e-02
   1.3710000e+01  -3.5567136e-02
   1.3720000e+01   9.9817030e-03
   1.3730000e+01   2.8484485e-02
   1.3740000e+01  -3.8337889e-03
   1.3750000e+01  -4.0020311e-02
   1.3760000e+01  -3.0878953e-02
   1.3770000e+01   1.8364265e-02
   1.3780000e+01   4.7680270e-02
   1.3790000e+01   5.1102511e-03
   1.3800000e+01  -5.6637736e-02
   1.3810000e+01  -3.1370228e-02
   1.3820000e+01   5.8125029e-02
   1.3830000e+01   8.4125328e-02
   1.3840000e+01   2.3409397e-02
   1.3850000e+01  -3.7896163e-02
   1.3860000e+01  -5.8125792e-02
   1.3870000e+01  -4.1490699e-02
   1.3880000e+01   7.2938137e-03
   1.3890000e+01   4.1981433e-02
   1.3900000e+01   1.8444804e-02
   1.3910000e+01  -3.0530012e-02
   1.3920000e+01  -5.7801740e-02
   1.3930000e+01  -4.2027491e-02
   1.3940000e+01   2.5504849e-02
   1.3950000e+01   8.0549589e-02
   1.3960000e+01   4.2630536e-02
   1.3970000e+01  -2.9935022e-02
   1.3980000e+01  -4.0356968e-02
   1.3990000e+01  -1.8160745e-02
   1.4000000e+01  -2.7384964e-03
   1.4010000e+01   2.1800561e-02
   1.4020000e+01   2.5891029e-02
   1.4030000e+01   4.1966821e-04
   1.4040000e+01  -3.8653426e-03
   1.4050000e+01   5.0511800e-03
   1.4060000e+01  -3.4693123e-03
   1.4070000e+01  -3.7349830e-03
   1.4080000e+01  -8.8645396e-04
   1.4090000e+01  -3.5585769e-02
   1.4100000e+01  -5.9747594e-02
   1.4110000e+01  -8.3295531e-04
   1.4120000e+01   6.8636020e-02
   1.4130000e+01   4.0008873e-02
   1.4140000e+01  -3.6022859e-02
   1.4150000e+01  -5.3080200e-02
   1.4160000e+01  -4.9150697e-03
   1.4170000e+01   5.5901812e-02
   1.4180000e+01   6.7451533e-02
   1.4190000e+01   7.3382921e-04
   1.4200000e+01  -6.1784772e-02
   1.4210000e+01  -2.7980586e-02
   1.4220000e+01   4.1783009e-02
   1.4230000e+01   4.2390895e-02
   1.4240000e+01  -9.1159074e-03
   1.4250000e+01  -3.9589291e-02
   1.4260000e+01  -3.3496103e-02
   1.4270000e+01  -6.2727635e-03
   1.4280000e+01   2.7305895e-02
   1.4290000e+01   2.9981475e-02
   1.4300000e+01  -5.6079517e-03
   1.4310000e+01  -1.9359003e-02
   1.4320000e+01   1.0803056e-02
   1.4330000e+01   3.0212927e-02
   1.4340000e+01   1.1548389e-02
   1.4350000e+01  -1.6659913e-02
   1.4360000e+01  -1.9468359e-02
   1.4370000e+01   7.6495222e-03
   1.4380000e+01   2.4280260e-02
   1.4390000e+01   5.8709840e-03
   1.4400000e+01  -1.0983386e-02
   1.4410000e+01   8.4764581e-03
   1.4420000e+01   4.4809231e-02
   1.4430000e+01   4.6357789e-02
   1.4440000e+01  -1.3755484e-02
   1.4450000e+01  -7.8592261e-02
   1.4460000e+01  -5.3975141e-02
   1.4470000e+01   4.5471468e-02
   1.4480000e+01   8.8537280e-02
   1.4490000e+01   1.6485516e-02
   1.4500000e+01  -6.5024820e-02
   1.4510000e+01  -5.1099539e-02
   1.4520000e+01   1.9820651e-02
   1.4530000e+01   4.8477824e-02
   1.4540000e+01   5.2812997e-03
   1.4550000e+01  -4.3086623e-02
   1.4560000e+01  -2.5872866e-02
   1.4570000e+01   1.7191724e-02
   1.4580000e+01   1.1240726e-02
   1.4590000e+01  -1.1083938e-02
   1.4600000e+01   5.9046933e-03
   1.4610000e+01   2.4131316e-02
   1.4620000e+01   1.9946011e-03
   1.4630000e+01  -1.9614446e-02
   1.4640000e+01   3.0862864e-03
   1.4650000e+01   3.9955881e-02
   1.4660000e+01   3.7875924e-02
   1.4670000e+01  -3.0745362e-03
   1.4680000e+01  -3.8476126e-02
   1.4690000e+01  -3.6700122e-02
   1.4700000e+01  -2.7507809e-03
   1.4710000e+01   2.3183223e-02
   1.4720000e+01   9.0793796e-03
   1.4730000e+01  -1.2773768e-02
   1.4740000e+01   2.6978144e-03
   1.4750000e+01   4.6556836e-02
   1.4760000e+01   7.6270019e-02
   1.4770000e+01   5.6396680e-02
   1.4780000e+01   1.0763139e-03
   1.4790000e+01  -4.8981894e-02
   1.4800000e+01  -9.7626021e-02
   1.4810000e+01  -1.4084602e-01
   1.4820000e+01  -9.8505181e-02
   1.4830000e+01   7.5405320e-02
   1.4840000e+01   2.6736160e-01
   1.4850000e+01   3.0362414e-01
   1.4860000e+01   1.5891695e-01
   1.4870000e+01  -3.6533094e-02
   1.4880000e+01  -1.4403131e-01
   1.4890000e+01  -3.2973153e-02
   1.4900000e+01   3.3543391e-01
   1.4910000e+01   5.9171234e-01
   1.4920000e+01   2.4235176e-01
   1.4930000e+01  -4.2021874e-01
   1.4940000e+01  -5.6560670e-01
   1.4950000e+01  -1.3032333e-01
   1.4960000e+01   2.2678084e-01
   1.4970000e+01   2.5494215e-01
   1.4980000e+01   6.4222375e-02
   1.4990000e+01  -3.5701117e-01
   1.5000000e+01  -6.9254930e-01
   1.5010000e+01  -5.4618430e-01
   1.5020000e+01  -3.5294503e-01
   1.5030000e+01  -5.4385398e-01
   1.5040000e+01  -4.5720487e-01
   1.5050000e+01   3.8402653e-01
   1.5060000e+01   1.1066840e+00
   1.5070000e+01   8.7545087e-01
   1.5080000e+01   4.7732503e-02
   1.5090000e+01  -7.1651622e-01
   1.5100000e+01  -8.9577227e-01
   1.5110000e+01  -3.6354055e-01
   1.5120000e+01  -7.0392730e-01
   1.5130000e+01  -3.0830104e+00
   1.5140000e+01  -4.1841844e+00
   1.5150000e+01  -7.0096394e-01
   1.5160000e+01   2.8043415e+00
   1.5170000e+01   1.0781948e-02
   1.5180000e+01  -5.0007389e+00
   1.5190000e+01  -3.1204676e+00
   1.5200000e+01   4.6323821e+00
   1.5210000e+01   8.4690345e+00
   1.5220000e+01   3.6181041e+00
   1.5230000e+01  -5.2194956e+00
   1.5240000e+01  -1.0041176e+01
   1.5250000e+01  -6.9106274e+00
   1.5260000e+01   7.6883366e-02
   1.5270000e+01   3.0921714e+00
   1.5280000e+01  -5.0876819e-02
   1.5290000e+01  -4.0975853e+00
   1.5300000e+01  -3.6481774e+00
   1.5310000e+01   8.3634610e-01
   1.5320000e+01   4.0231856e+00
   1.5330000e+01   2.3705106e+00
   1.5340000e+01  -4.4301851e-01
   1.5350000e+01   1.4099385e+00
   1.5360000e+01   5.6593374e+00
   1.5370000e+01   4.7242110e+00
   1.5380000e+01  -1.5016627e+00
   1.5390000e+01  -6.1979528e+00
   1.5400000e+01  -7.3031761e+00
   1.5410000e+01  -7.1354827e+00
   1.5420000e+01  -4.1193351e+00
   1.5430000e+01   3.1401581e+00
   1.5440000e+01   8.0854502e+00
   1.5450000e+01   4.0280322e+00
   1.5460000e+01  -4.7317524e+00
   1.5470000e+01  -8.9192770e+00
   1.5480000e+01  -5.5296871e+00
   1.5490000e+01   3.2678673e+00
   1.5500000e+01   1.3267912e+01
   1.5510000e+01   1.5928724e+01
   1.5520000e+01   4.3106142e+00
   1.5530000e+01  -1.5256880e+01
   1.5540000e+01  -2.6055363e+01
   1.5550000e+01  -1.6462843e+01
   1.5560000e+01   8.0430740e+00
   1.5570000e+01   2.4495842e+01
   1.5580000e+01   1.3287127e+01
   1.5590000e+01  -1.3985592e+01
   1.5600000e+01  -2.5148326e+01
   1.5610000e+01  -1.0585193e+01
   1.5620000e+01   7.5403778e+00
   1.5630000e+01   1.1240819e+01
   1.5640000e+01   6.7802141e+00
   1.5650000e+01   5.3007363e+00
   1.5660000e+01   4.5576330e+00
   1.5670000e+01  -2.6865380e+00
   1.5680000e+01  -1.4254528e+01
   1.5690000e+01  -1.9273809e+01
   1.5700000e+01  -8.8586005e+00
   1.5710000e+01   1.2764066e+01
   1.5720000e+01   2.4672967e+01
   1.5730000e+01   9.2540677e+00
   1.5740000e+01  -1.9268968e+01
   1.5750000e+01  -2.7710991e+01
   1.5760000e+01  -7.7273866e+00
   1.5770000e+01   1.8013237e+01
   1.5780000e+01   2.8677353e+01
   1.5790000e+01   2.1489870e+01
   1.5800000e+01   3.7683133e+00
   1.5810000e+01  -1.3998311e+01
   1.5820000e+01  -2.1644905e+01
   1.5830000e+01  -1.5252928e+01
   1.5840000e+01  -7.4450492e-01
   1.5850000e+01   1.0796419e+01
   1.5860000e+01   1.1822447e+01
   1.5870000e+01   2.2096192e+00
   1.5880000e+01  -1.1451983e+01
   1.5890000e+01  -1.9457954e+01
   1.5900000e+01  -1.5836856e+01
   1.5910000e+01  -1.0734006e+00
   1.5920000e+01   1.8348936e+01
   1.5930000e+01   2.7580335e+01
   1.5940000e+01   1.4199518e+01
   1.5950000e+01  -1.1145438e+01
   1.5960000e+01  -2.3810112e+01
   1.5970000e+01  -1.4536668e+01
   1.5980000e+01   8.7852947e+00
   1.5990000e+01   3.4636271e+01
   1.6000000e+01   4.6221050e+01
   1.6010000e+01   2.7772348e+01
   1.6020000e+01  -1.2458049e+01
   1.6030000e+01  -4.2437138e+01
   1.6040000e+01  -3.9261578e+01
   1.6050000e+01  -1.1619790e+01
   1.6060000e+01   1.4483876e+01
   1.6070000e+01   2.3076594e+01
   1.6080000e+01   1.6107250e+01
   1.6090000e+01   1.7889711e+00
   1.6100000e+01  -1.3963660e+01
   1.6110000e+01  -2.4100497e+01
   1.6120000e+01  -1.8845438e+01
   1.6130000e+01   3.0915582e+00
   1.6140000e+01   2.4032599e+01
   1.6150000e+01   2.1043162e+01
   1.6160000e+01  -6.3052314e+00
   1.6170000e+01  -3.3380208e+01
   1.6180000e+01  -3.6873354e+01
   1.6190000e+01  -1.4608880e+01
   1.6200000e+01   1.5669652e+01
   1.6210000e+01   2.8310191e+01
   1.6220000e+01   9.8491782e+00
   1.6230000e+01  -2.3932068e+01
   1.6240000e+01  -4.1788301e+01
   1.6250000e+01  -3.2006544e+01
   1.6260000e+01  -7.4044830e+00
   1.6270000e+01   2.0233181e+01
   1.6280000e+01   4.3217564e+01
   1.6290000e+01   4.5442633e+01
   1.6300000e+01   2.0553784e+01
   1.6310000e+01  -1.0399896e+01
   1.6320000e+01  -2.5332745e+01
   1.6330000e+01  -2.2964825e+01
   1.6340000e+01  -6.8408573e+00
   1.6350000e+01   1.7582609e+01
   1.6360000e+01   2.9258485e+01
   1.6370000e+01   1.2164314e+01
   1.6380000e+01  -1.8427279e+01
   1.6390000e+01  -3.5787827e+01
   1.6400000e+01  -3.0387277e+01
   1.6410000e+01  -6.4214092e+00
   1.6420000e+01   2.6610319e+01
   1.6430000e+01   5.0560064e+01
   1.6440000e+01   4.8093898e+01
   1.6450000e+01   2.2420777e+01
   1.6460000e+01  -5.9570907e+00
   1.6470000e+01  -1.9879520e+01
   1.6480000e+01  -1.2256434e+01
   1.6490000e+01   1.4824382e+01
   1.6500000e+01   4.3859817e+01
   1.6510000e+01   4.8015952e+01
   1.6520000e+01   1.8064796e+01
   1.6530000e+01  -2.2886687e+01
   1.6540000e+01  -4.1485529e+01
   1.6550000e+01  -2.7485856e+01
   1.6560000e+01   1.8397414e+00
   1.6570000e+01   2.3554257e+01
   1.6580000e+01   2.5708356e+01
   1.6590000e+01   1.0643849e+01
   1.6600000e+01  -8.4625725e+00
   1.6610000e+01  -1.9600829e+01
   1.6620000e+01  -2.0443521e+01
   1.6630000e+01  -1.0557100e+01
   1.6640000e+01   1.0208304e+01
   1.6650000e+01   2.6449150e+01
   1.6660000e+01   1.4003830e+01
   1.6670000e+01  -2.3953303e+01
   1.6680000e+01  -5.1744242e+01
   1.6690000e+01  -4.4384994e+01
   1.6700000e+01  -1.4235784e+01
   1.6710000e+01   1.0822918e+01
   1.6720000e+01   1.4914787e+01
   1.6730000e+01  -1.3071394e+00
   1.6740000e+01  -2.4503649e+01
   1.6750000e+01  -3.4684220e+01
   1.6760000e+01  -2.2085020e+01
   1.6770000e+01  -4.0058459e-01
   1.6780000e+01   9.5518101e+00
   1.6790000e+01   7.0134492e+00
   1.6800000e+01   5.4821217e+00
   1.6810000e+01   6.6539509e+00
   1.6820000e+01   2.0995433e+00
   1.6830000e+01  -5.0417267e+00
   1.6840000e+01  -1.8370052e+00
   1.6850000e+01   1.2196560e+01
   1.6860000e+01   1.9216476e+01
   1.6870000e+01   3.7587834e+00
   1.6880000e+01  -2.4433963e+01
   1.6890000e+01  -3.7115061e+01
   1.6900000e+01  -2.0747743e+01
   1.6910000e+01   8.9476105e+00
   1.6920000e+01   2.9377764e+01
   1.6930000e+01   3.3218966e+01
   1.6940000e+01   2.6104691e+01
   1.6950000e+01   1.6853854e+01
   1.6960000e+01   1.2618019e+01
   1.6970000e+01   1.4348591e+01
   1.6980000e+01   1.6610500e+01
   1.6990000e+01   1.6969687e+01
   1.7000000e+01   2.0651376e+01
   1.7010000e+01   2.8198922e+01
   1.7020000e+01   2.6133431e+01
   1.7030000e+01   5.1313078e+00
   1.7040000e+01  -1.8728076e+01
   1.7050000e+01  -2.2633286e+01
   1.7060000e+01  -1.0276300e+01
   1.7070000e+01  -2.3080300e+00
   1.7080000e+01  -4.8829680e+00
   1.7090000e+01  -9.6348216e+00
   1.7100000e+01  -1.0043426e+01
   1.7110000e+01  -2.5438871e+00
   1.7120000e+01   1.2643989e+01
   1.7130000e+01   2.4496207e+01
   1.7140000e+01   2.1218692e+01
   1.7150000e+01   7.3472864e+00
   1.7160000e+01  -4.0136842e+00
   1.7170000e+01  -8.3493446e+00
   1.7180000e+01  -6.6349488e+00
   1.7190000e+01   2.2165632e+00
   1.7200000e+01   1.3870281e+01
   1.7210000e+01   1.3036304e+01
   1.7220000e+01  -1.0542497e+01
   1.7230000e+01  -4.1119737e+01
   1.7240000e+01  -4.7917906e+01
   1.7250000e+01  -2.2638075e+01
   1.7260000e+01   9.3682868e+00
   1.7270000e+01   2.1556457e+01
   1.7280000e+01   1.5309197e+01
   1.7290000e+01   8.9607798e+00
   1.7300000e+01   1.0758487e+01
   1.7310000e+01   1.4344116e+01
   1.7320000e+01   1.3205241e+01
   1.7330000e+01   7.8374043e+00
   1.7340000e+01   1.0063119e-01
   1.7350000e+01  -1.1146521e+01
   1.7360000e+01  -2.4417739e+01
   1.7370000e+01  -3.0411851e+01
   1.7380000e+01  -2.2778406e+01
   1.7390000e+01  -1.0892640e+01
   1.7400000e+01  -7.8438647e+00
   1.7410000e+01  -1.2062920e+01
   1.7420000e+01  -1.5333514e+01
   1.7430000e+01  -1.7305914e+01
   1.7440000e+01  -1.8502023e+01
   1.7450000e+01  -1.2057363e+01
   1.7460000e+01   5.3007479e+00
   1.7470000e+01   2.3669715e+01
   1.7480000e+01   2.9624417e+01
   1.7490000e+01   1.9681997e+01
   1.7500000e+01   2.5010361e+00
   1.7510000e+01  -8.3349347e+00
   1.7520000e+01  -6.1319930e+00
   1.7530000e+01   3.2561419e+00
   1.7540000e+01   9.4276123e+00
   1.7550000e+01   6.2273507e+00
   1.7560000e+01  -7.8780597e+00
   1.7570000e+01  -2.7910365e+01
   1.7580000e+01  -3.9162173e+01
   1.7590000e+01  -2.6754095e+01
   1.7600000e+01   5.9988165e+00
   1.7610000e+01   3.4687335e+01
   1.7620000e+01   3.7924172e+01
   1.7630000e+01   2.2471281e+01
   1.7640000e+01   1.2868185e+01
   1.7650000e+01   1.9563326e+01
   1.7660000e+01   3.3402436e+01
   1.7670000e+01   4.4346281e+01
   1.7680000e+01   4.7532678e+01
   1.7690000e+01   4.0388621e+01
   1.7700000e+01   2.7030204e+01
   1.7710000e+01   1.5709978e+01
   1.7720000e+01   8.4399691e+00
   1.7730000e+01   3.9935361e+00
   1.7740000e+01   6.7509223e+00
   1.7750000e+01   1.9419382e+01
   1.7760000e+01   3.2947005e+01
   1.7770000e+01   3.6218963e+01
   1.7780000e+01   3.1092026e+01
   1.7790000e+01   2.9382782e+01
   1.7800000e+01   3.9200280e+01
   1.7810000e+01   5.7813673e+01
   1.7820000e+01   7.3967436e+01
   1.7830000e+01   7.8575179e+01
   1.7840000e+01   7.6227040e+01
   1.7850000e+01   7.9223010e+01
   1.7860000e+01   8.8606368e+01
   1.7870000e+01   9.3979902e+01
   1.7880000e+01   9.3223388e+01
   1.7890000e+01   9.4872032e+01
   1.7900000e+01   9.8190923e+01
   1.7910000e+01   8.9740844e+01
   1.7920000e+01   6.5451443e+01
   1.7930000e+01   4.1239805e+01
   1.7940000e+01   3.5538545e+01
   1.7950000e+01   4.9749348e+01
   1.7960000e+01   6.9844474e+01
   1.7970000e+01   8.2353415e+01
   1.7980000e+01   8.4892451e+01
   1.7990000e+01   8.3505771e+01
   1.8000000e+01   8.4733426e+01
   1.8010000e+01   9.0772901e+01
   1.8020000e+01   9.9250746e+01
   1.8030000e+01   1.0578363e+02
   1.8040000e+01   1.0717119e+02
   1.8050000e+01   1.0461203e+02
   1.8060000e+01   1.0406016e+02
   1.8070000e+01   1.1028968e+02
   1.8080000e+01   1.2115248e+02
   1.8090000e+01   1.2978559e+02
   1.8100000e+01   1.2985830e+02
   1.8110000e+01   1.1786392e+02
   1.8120000e+01   9.4492115e+01
   1.8130000e+01   6.4396514e+01
   1.8140000e+01   3.2400232e+01
   1.8150000e+01   2.2894721e+00
   1.8160000e+01  -2.0486126e+01
   1.8170000e+01  -3.2474535e+01
   1.8180000e+01  -4.0131942e+01
   1.8190000e+01  -5.3243046e+01
   1.8200000e+01  -6.7036958e+01
   1.8210000e+01  -6.6559270e+01
   1.8220000e+01  -5.5909241e+01
   1.8230000e+01  -6.1944520e+01
   1.8240000e+01  -9.6370016e+01
   1.8250000e+01  -1.3649825e+02
   1.8260000e+01  -1.5902670e+02
   1.8270000e+01  -1.7174576e+02
   1.8280000e+01  -1.9484934e+02
   1.8290000e+01  -2.2722580e+02
   1.8300000e+01  -2.4777497e+02
   1.8310000e+01  -2.4301469e+02
   1.8320000e+01  -2.2242860e+02
   1.8330000e+01  -2.0625485e+02
   1.8340000e+01  -2.0353278e+02
   1.8350000e+01  -2.0725140e+02
   1.8360000e+01  -2.0881484e+02
   1.8370000e+01  -2.0840439e+02
   1.8380000e+01  -2.1000665e+02
   1.8390000e+01  -2.1448333e+02
   1.8400000e+01  -2.1990776e+02
   1.8410000e+01  -2.2391072e+02
   1.8420000e+01  -2.2498787e+02
   1.8430000e+01  -2.2417910e+02
   1.8440000e+01  -2.2467473e+02
   1.8450000e+01  -2.2822714e+02
   1.8460000e+01  -2.3317046e+02
   1.8470000e+01  -2.3654995e+02
   1.8480000e+01  -2.3702008e+02
   1.8490000e+01  -2.3546848e+02
   1.8500000e+01  -2.3376995e+02
   1.8510000e+01  -2.3336437e+02
   1.8520000e+01  -2.3466103e+02
   1.8530000e+01  -2.3735642e+02
   1.8540000e+01  -2.4062073e+02
   1.8550000e+01  -2.4223507e+02
   1.8560000e+01  -2.3812037e+02
   1.8570000e+01  -2.2373933e+02
   1.8580000e+01  -1.9557495e+02
   1.8590000e+01  -1.5201877e+02
   1.8600000e+01  -9.7876305e+01
   1.8610000e+01  -4.8412411e+01
   1.8620000e+01  -1.8959581e+01
   1.8630000e+01  -8.9965859e+00
   1.8640000e+01  -6.2653243e+00
   1.8650000e+01  -2.7148332e+00
   1.8660000e+01   3.0449591e+00
   1.8670000e+01   1.1349650e+01
   1.8680000e+01   2.1343331e+01
   1.8690000e+01   3.0768802e+01
   1.8700000e+01   3.9134424e+01
   1.8710000e+01   4.7378056e+01
   1.8720000e+01   5.5007192e+01
   1.8730000e+01   6.1310440e+01
   1.8740000e+01   6.7813360e+01
   1.8750000e+01   7.5985110e+01
   1.8760000e+01   8.4190544e+01
   1.8770000e+01   8.9812980e+01
   1.8780000e+01   9.3038648e+01
   1.8790000e+01   9.6359816e+01
   1.8800000e+01   1.0107248e+02
   1.8810000e+01   1.0638611e+02
   1.8820000e+01   1.1184488e+02
   1.8830000e+01   1.1837156e+02
   1.8840000e+01   1.2670219e+02
   1.8850000e+01   1.3625322e+02
   1.8860000e+01   1.4573937e+02
   1.8870000e+01   1.5450879e+02
   1.8880000e+01   1.6308201e+02
   1.8890000e+01   1.7252401e+02
   1.8900000e+01   1.8358089e+02
   1.8910000e+01   1.9588794e+02
   1.8920000e+01   2.0769499e+02
   1.8930000e+01   2.1710806e+02
   1.8940000e+01   2.2383665e+02
   1.8950000e+01   2.2941381e+02
   1.8960000e+01   2.3543494e+02
   1.8970000e+01   2.4102638e+02
   1.8980000e+01   2.4304575e+02
   1.8990000e+01   2.4045208e+02
   1.9000000e+01   2.3624607e+02
   1.9010000e+01   2.3281959e+02
   1.9020000e+01   2.2910637e+02
   1.9030000e+01   2.2477401e+02
   1.9040000e+01   2.2237658e+02
   1.9050000e+01   2.2231446e+02
   1.9060000e+01   2.2017164e+02
   1.9070000e+01   2.1267042e+02
   1.9080000e+01   2.0349861e+02
   1.9090000e+01   1.9933925e+02
   1.9100000e+01   1.9965838e+02
   1.9110000e+01   1.9418443e+02
   1.9120000e+01   1.7522347e+02
   1.9130000e+01   1.4897279e+02
   1.9140000e+01   1.2686129e+02
   1.9150000e+01   1.1003539e+02
   1.9160000e+01   9.1922714e+01
   1.9170000e+01   7.1541165e+01
   1.9180000e+01   5.4507852e+01
   1.9190000e+01   4.4057661e+01
   1.9200000e+01   3.8979104e+01
   1.9210000e+01   3.8011563e+01
   1.9220000e+01   4.0059014e+01
   1.9230000e+01   4.2058759e+01
   1.9240000e+01   4.1699987e+01
   1.9250000e+01   4.0645189e+01
   1.9260000e+01   4.1075659e+01
   1.9270000e+01   4.1224103e+01
   1.9280000e+01   3.8056897e+01
   1.9290000e+01   3.1579212e+01
   1.9300000e+01   2.3195082e+01
   1.9310000e+01   1.2930260e+01
   1.9320000e+01   1.0446876e+00
   1.9330000e+01  -1.0205848e+01
   1.9340000e+01  -1.9033095e+01
   1.9350000e+01  -2.6803376e+01
   1.9360000e+01  -3.5491848e+01
   1.9370000e+01  -4.3852797e+01
   1.9380000e+01  -5.0085140e+01
   1.9390000e+01  -5.6718963e+01
   1.9400000e+01  -6.7274641e+01
   1.9410000e+01  -7.9164529e+01
   1.9420000e+01  -8.6201533e+01
   1.9430000e+01  -8.7841467e+01
   1.9440000e+01  -8.9937950e+01
   1.9450000e+01  -9.6202195e+01
   1.9460000e+01  -1.0442258e+02
   1.9470000e+01  -1.1153636e+02
   1.9480000e+01  -1.1736004e+02
   1.9490000e+01  -1.2221304e+02
   1.9500000e+01  -1.2515126e+02
   1.9510000e+01  -1.2655777e+02
   1.9520000e+01  -1.2930560e+02
   1.9530000e+01  -1.3536708e+02
   1.9540000e+01  -1.4343563e+02
   1.9550000e+01  -1.5075957e+02
   1.9560000e+01  -1.5562191e+02
   1.9570000e+01  -1.5766758e+02
   1.9580000e+01  -1.5706450e+02
   1.9590000e+01  -1.5419316e+02
   1.9600000e+01  -1.5076180e+02
   1.9610000e+01  -1.5071930e+02
   1.9620000e+01  -1.5713616e+02
   1.9630000e+01  -1.6765337e+02
   1.9640000e+01  -1.7636766e+02
   1.9650000e+01  -1.8018831e+02
   1.9660000e+01  -1.7984196e+02
   1.9670000e+01  -1.7623669e+02
   1.9680000e+01  -1.7039626e+02
   1.9690000e+01  -1.6495112e+02
   1.9700000e+01  -1.6134702e+02
   1.9710000e+01  -1.5742538e+02
   1.9720000e+01  -1.5128334e+02
   1.9730000e+01  -1.4521038e+02
   1.9740000e+01  -1.4235555e+02
   1.9750000e+01  -1.4227898e+02
   1.9760000e+01  -1.4232858e+02
   1.9770000e+01  -1.4075682e+02
   1.9780000e+01  -1.3758452e+02
   1.9790000e+01  -1.3411069e+02
   1.9800000e+01  -1.3117803e+02
   1.9810000e+01  -1.2662156e+02
   1.9820000e+01  -1.1545176e+02
   1.9830000e+01  -9.5699417e+01
   1.9840000e+01  -7.4544766e+01
   1.9850000e+01  -6.3261728e+01
   1.9860000e+01  -6.2992133e+01
   1.9870000e+01  -6.2331121e+01
   1.9880000e+01  -5.2857658e+01
   1.9890000e+01  -3.8234193e+01
   1.9900000e+01  -2.4509649e+01
   1.9910000e+01  -1.1596233e+01
   1.9920000e+01   1.9483145e+00
   1.9930000e+01   1.4156312e+01
   1.9940000e+01   2.3071874e+01
   1.9950000e+01   2.9638790e+01
   1.9960000e+01   3.5183925e+01
   1.9970000e+01   3.8864816e+01
   1.9980000e+01   3.8629792e+01
   1.9990000e+01   3.4172546e+01
   2.0000000e+01   2.8762232e+01
   2.0010000e+01   2.7179915e+01
   2.0020000e+01   3.1518524e+01
   2.0030000e+01   4.0128405e+01
   2.0040000e+01   5.0281602e+01
   2.0050000e+01   6.0004534e+01
   2.0060000e+01   6.7265517e+01
   2.0070000e+01   6.9839659e+01
   2.0080000e+01   6.7635280e+01
   2.0090000e+01   6.3457876e+01
   2.0100000e+01   6.0242129e+01
   2.0110000e+01   5.9207319e+01
   2.0120000e+01   6.0716124e+01
   2.0130000e+01   6.4854626e+01
   2.0140000e+01   7.1118033e+01
   2.0150000e+01   7.8580911e+01
   2.0160000e+01   8.6793107e+01
   2.0170000e+01   9.6476574e+01
   2.0180000e+01   1.0845134e+02
   2.0190000e+01   1.2184441e+02
   2.0200000e+01   1.3486168e+02
   2.0210000e+01   1.4732244e+02
   2.0220000e+01   1.6078573e+02
   2.0230000e+01   1.7577558e+02
   2.0240000e+01   1.9008752e+02
   2.0250000e+01   2.0064403e+02
   2.0260000e+01   2.0644783e+02
   2.0270000e+01   2.0908903e+02
   2.0280000e+01   2.1067457e+02
   2.0290000e+01   2.1181354e+02
   2.0300000e+01   2.1186463e+02
   2.0310000e+01   2.1054200e+02
   2.0320000e+01   2.0794851e+02
   2.0330000e+01   2.0328822e+02
   2.0340000e+01   1.9549718e+02
   2.0350000e+01   1.8504680e+02
   2.0360000e+01   1.7291000e+02
   2.0370000e+01   1.5786660e+02
   2.0380000e+01   1.3727849e+02
   2.0390000e+01   1.1098821e+02
   2.0400000e+01   8.3057885e+01
   2.0410000e+01   5.9429201e+01
   2.0420000e+01   4.4348081e+01
   2.0430000e+01   3.8763494e+01
   2.0440000e+01   4.0600714e+01
   2.0450000e+01   4.4958289e+01
   2.0460000e+01   4.5948931e+01
   2.0470000e+01   4.1716402e+01
   2.0480000e+01   3.6589512e+01
   2.0490000e+01   3.5496783e+01
   2.0500000e+01   3.7125000e+01
   2.0510000e+01   3.5330142e+01
   2.0520000e+01   2.7563535e+01
   2.0530000e+01   1.8523255e+01
   2.0540000e+01   1.2978040e+01
   2.0550000e+01   8.4168921e+00
   2.0560000e+01  -7.0437734e-01
   2.0570000e+01  -1.3923831e+01
   2.0580000e+01  -2.5395138e+01
   2.0590000e+01  -3.2498981e+01
   2.0600000e+01  -3.8536760e+01
   2.0610000e+01  -4.6472222e+01
   2.0620000e+01  -5.4372928e+01
   2.0630000e+01  -5.8720538e+01
   2.0640000e+01  -5.9629202e+01
   2.0650000e+01  -6.0496419e+01
   2.0660000e+01  -6.3593772e+01
   2.0670000e+01  -6.8471594e+01
   2.0680000e+01  -7.4161380e+01
   2.0690000e+01  -8.0304939e+01
   2.0700000e+01  -8.6122723e+01
   2.0710000e+01  -9.0338761e+01
   2.0720000e+01  -9.2893910e+01
   2.0730000e+01  -9.5950826e+01
   2.0740000e+01  -1.0199768e+02
   2.0750000e+01  -1.1079696e+02
   2.0760000e+01  -1.1895214e+02
   2.0770000e+01  -1.2248684e+02
   2.0780000e+01  -1.1991673e+02
   2.0790000e+01  -1.1308590e+02
   2.0800000e+01  -1.0475795e+02
   2.0810000e+01  -9.6187551e+01
   2.0820000e+01  -8.7808063e+01
   2.0830000e+01  -8.0648150e+01
   2.0840000e+01  -7.5560146e+01
   2.0850000e+01  -7.2366482e+01
   2.0860000e+01  -7.0752002e+01
   2.0870000e+01  -7.0298313e+01
   2.0880000e+01  -6.9578228e+01
   2.0890000e+01  -6.7591085e+01
   2.0900000e+01  -6.5889538e+01
   2.0910000e+01  -6.7257879e+01
   2.0920000e+01  -7.2324085e+01
   2.0930000e+01  -7.8637430e+01
   2.0940000e+01  -8.3370747e+01
   2.0950000e+01  -8.6575616e+01
   2.0960000e+01  -9.0999656e+01
   2.0970000e+01  -9.8205798e+01
   2.0980000e+01  -1.0611422e+02
   2.0990000e+01  -1.1187263e+02
   2.1000000e+01  -1.1545194e+02
   2.1010000e+01  -1.1670761e+02
   2.1020000e+01  -1.1032650e+02
   2.1030000e+01  -9.0859827e+01
   2.1040000e+01  -6.3727215e+01
   2.1050000e+01  -4.3236136e+01
   2.1060000e+01  -3.7017408e+01
   2.1070000e+01  -3.8311131e+01
   2.1080000e+01  -3.5436462e+01
   2.1090000e+01  -2.4042715e+01
   2.1100000e+01  -8.3014888e+00
   2.1110000e+01   6.1357750e+00
   2.1120000e+01   1.7621291e+01
   2.1130000e+01   2.8076228e+01
   2.1140000e+01   3.9342304e+01
   2.1150000e+01   5.0920978e+01
   2.1160000e+01   6.0600886e+01
   2.1170000e+01   6.7170166e+01
   2.1180000e+01   7.2554200e+01
   2.1190000e+01   7.9605232e+01
   2.1200000e+01   8.7876722e+01
   2.1210000e+01   9.4265268e+01
   2.1220000e+01   9.7710964e+01
   2.1230000e+01   1.0053766e+02
   2.1240000e+01   1.0469540e+02
   2.1250000e+01   1.0829401e+02
   2.1260000e+01   1.0656614e+02
   2.1270000e+01   9.5912976e+01
   2.1280000e+01   7.7139829e+01
   2.1290000e+01   5.5629655e+01
   2.1300000e+01   3.8565837e+01
   2.1310000e+01   3.0850160e+01
   2.1320000e+01   3.2534449e+01
   2.1330000e+01   3.9757310e+01
   2.1340000e+01   4.8253629e+01
   2.1350000e+01   5.6160614e+01
   2.1360000e+01   6.3504003e+01
   2.1370000e+01   6.9995290e+01
   2.1380000e+01   7.4709420e+01
   2.1390000e+01   7.7368857e+01
   2.1400000e+01   7.8938269e+01
   2.1410000e+01   8.0964700e+01
   2.1420000e+01   8.3984402e+01
   2.1430000e+01   8.6765067e+01
   2.1440000e+01   8.7960884e+01
   2.1450000e+01   8.7955625e+01
   2.1460000e+01   8.8466117e+01
   2.1470000e+01   9.0716255e+01
   2.1480000e+01   9.3694415e+01
   2.1490000e+01   9.4132775e+01
   2.1500000e+01   8.9490381e+01
   2.1510000e+01   8.0850078e+01
   2.1520000e+01   7.0487295e+01
   2.1530000e+01   5.7225679e+01
   2.1540000e+01   3.8994643e+01
   2.1550000e+01   1.9858283e+01
   2.1560000e+01   8.2195190e+00
   2.1570000e+01   7.1001585e+00
   2.1580000e+01   1.1184729e+01
   2.1590000e+01   1.3762549e+01
   2.1600000e+01   1.2582286e+01
   2.1610000e+01   8.6666463e+00
   2.1620000e+01   2.7480694e+00
   2.1630000e+01  -5.5083512e+00
   2.1640000e+01  -1.5693386e+01
   2.1650000e+01  -2.5212926e+01
   2.1660000e+01  -3.0481231e+01
   2.1670000e+01  -2.9875273e+01
   2.1680000e+01  -2.4859272e+01
   2.1690000e+01  -1.7976086e+01
   2.1700000e+01  -1.0826708e+01
   2.1710000e+01  -4.8189705e+00
   2.1720000e+01  -2.4759479e+00
   2.1730000e+01  -5.7550724e+00
   2.1740000e+01  -1.3649730e+01
   2.1750000e+01  -2.3350039e+01
   2.1760000e+01  -3.2953904e+01
   2.1770000e+01  -4.1485696e+01
   2.1780000e+01  -4.7240029e+01
   2.1790000e+01  -4.8307679e+01
   2.1800000e+01  -4.5301109e+01
   2.1810000e+01  -4.1966684e+01
   2.1820000e+01  -4.1962102e+01
   2.1830000e+01  -4.5798306e+01
   2.1840000e+01  -5.1633196e+01
   2.1850000e+01  -5.8068417e+01
   2.1860000e+01  -6.4718458e+01
   2.1870000e+01  -7.0834154e+01
   2.1880000e+01  -7.5394477e+01
   2.1890000e+01  -7.8166865e+01
   2.1900000e+01  -7.9448755e+01
   2.1910000e+01  -7.9505904e+01
   2.1920000e+01  -7.8759171e+01
   2.1930000e+01  -7.7524864e+01
   2.1940000e+01  -7.5509521e+01
   2.1950000e+01  -7.2517433e+01
   2.1960000e+01  -6.9122812e+01
   2.1970000e+01  -6.5358188e+01
   2.1980000e+01  -5.9712781e+01
   2.1990000e+01  -5.1012312e+01
   2.2000000e+01  -4.0076031e+01
   2.2010000e+01  -2.8558593e+01
   2.2020000e+01  -1.8135533e+01
   2.2030000e+01  -1.1147547e+01
   2.2040000e+01  -9.3458152e+00
   2.2050000e+01  -1.1514874e+01
   2.2060000e+01  -1.4444113e+01
   2.2070000e+01  -1.6469538e+01
   2.2080000e+01  -1.8653678e+01
   2.2090000e+01  -2.2521705e+01
   2.2100000e+01  -2.7704902e+01
   2.2110000e+01  -3.2247343e+01
   2.2120000e+01  -3.4942651e+01
   2.2130000e+01  -3.6547706e+01
   2.2140000e+01  -3.8164175e+01
   2.2150000e+01  -3.9069691e+01
   2.2160000e+01  -3.6780172e+01
   2.2170000e+01  -2.9163955e+01
   2.2180000e+01  -1.6777301e+01
   2.2190000e+01  -3.2786401e+00
   2.2200000e+01   7.1067873e+00
   2.2210000e+01   1.2710193e+01
   2.2220000e+01   1.4862178e+01
   2.2230000e+01   1.5961698e+01
   2.2240000e+01   1.7818946e+01
   2.2250000e+01   2.1305243e+01
   2.2260000e+01   2.6446482e+01
   2.2270000e+01   3.2392756e+01
   2.2280000e+01   3.7616441e+01
   2.2290000e+01   4.0751783e+01
   2.2300000e+01   4.1637966e+01
   2.2310000e+01   4.1257161e+01
   2.2320000e+01   4.0437871e+01
   2.2330000e+01   3.9323698e+01
   2.2340000e+01   3.8400147e+01
   2.2350000e+01   3.8701688e+01
   2.2360000e+01   4.0198926e+01
   2.2370000e+01   4.1377664e+01
   2.2380000e+01   4.1069476e+01
   2.2390000e+01   3.9191478e+01
   2.2400000e+01   3.5529819e+01
   2.2410000e+01   2.9597035e+01
   2.2420000e+01   2.2035435e+01
   2.2430000e+01   1.4936723e+01
   2.2440000e+01   1.0203740e+01
   2.2450000e+01   8.0541737e+00
   2.2460000e+01   7.8874336e+00
   2.2470000e+01   1.0274954e+01
   2.2480000e+01   1.6483418e+01
   2.2490000e+01   2.5671150e+01
   2.2500000e+01   3.4134356e+01
   2.2510000e+01   3.8407227e+01
   2.2520000e+01   3.8671504e+01
   2.2530000e+01   3.8245694e+01
   2.2540000e+01   3.9651537e+01
   2.2550000e+01   4.2024440e+01
   2.2560000e+01   4.2525511e+01
   2.2570000e+01   3.9298192e+01
   2.2580000e+01   3.2645790e+01
   2.2590000e+01   2.4117539e+01
   2.2600000e+01   1.5375417e+01
   2.2610000e+01   7.8072855e+00
   2.2620000e+01   2.1857649e+00
   2.2630000e+01  -1.8235363e+00
   2.2640000e+01  -5.5238993e+00
   2.2650000e+01  -1.0110095e+01
   2.2660000e+01  -1.5541993e+01
   2.2670000e+01  -2.0723909e+01
   2.2680000e+01  -2.4865131e+01
   2.2690000e+01  -2.8232974e+01
   2.2700000e+01  -3.1373191e+01
   2.2710000e+01  -3.4125916e+01
   2.2720000e+01  -3.5955568e+01
   2.2730000e+01  -3.6953299e+01
   2.2740000e+01  -3.7956495e+01
   2.2750000e+01  -3.9756872e+01
   2.2760000e+01  -4.2445115e+01
   2.2770000e+01  -4.5319994e+01
   2.2780000e+01  -4.7188717e+01
   2.2790000e+01  -4.7006093e+01
   2.2800000e+01  -4.4736188e+01
   2.2810000e+01  -4.1811795e+01
   2.2820000e+01  -4.0357360e+01
   2.2830000e+01  -4.1390716e+01
   2.2840000e+01  -4.3857036e+01
   2.2850000e+01  -4.5850873e+01
   2.2860000e+01  -4.6548571e+01
   2.2870000e+01  -4.6378721e+01
   2.2880000e+01  -4.5721039e+01
   2.2890000e+01  -4.4377911e+01
   2.2900000e+01  -4.2227201e+01
   2.2910000e+01  -3.9651637e+01
   2.2920000e+01  -3.7064675e+01
   2.2930000e+01  -3.4439136e+01
   2.2940000e+01  -3.1795109e+01
   2.2950000e+01  -2.9502213e+01
   2.2960000e+01  -2.7193230e+01
   2.2970000e+01  -2.3346000e+01
   2.2980000e+01  -1.7480020e+01
   2.2990000e+01  -1.1883633e+01
   2.3000000e+01  -9.0721893e+00
   2.3010000e+01  -8.3532104e+00
   2.3020000e+01  -7.0992851e+00
   2.3030000e+01  -4.0845903e+00
   2.3040000e+01   4.2213809e-01
   2.3050000e+01   6.0380554e+00
   2.3060000e+01   1.1860309e+01
   2.3070000e+01   1.6019959e+01
   2.3080000e+01   1.7315683e+01
   2.3090000e+01   1.6888901e+01
   2.3100000e+01   1.7098591e+01
   2.3110000e+01   1.8983996e+01
   2.3120000e+01   2.1820749e+01
   2.3130000e+01   2.4698320e+01
   2.3140000e+01   2.7328390e+01
   2.3150000e+01   2.9470896e+01
   2.3160000e+01   3.0581524e+01
   2.3170000e+01   3.0233796e+01
   2.3180000e+01   2.8512461e+01
   2.3190000e+01   2.6061765e+01
   2.3200000e+01   2.4049665e+01
   2.3210000e+01   2.3890662e+01
   2.3220000e+01   2.6496141e+01
   2.3230000e+01   3.1584427e+01
   2.3240000e+01   3.7891329e+01
   2.3250000e+01   4.4160192e+01
   2.3260000e+01   4.9663085e+01
   2.3270000e+01   5.3804270e+01
   2.3280000e+01   5.6161080e+01
   2.3290000e+01   5.7347898e+01
   2.3300000e+01   5.8583868e+01
   2.3310000e+01   5.9741202e+01
   2.3320000e+01   5.9517486e+01
   2.3330000e+01   5.8149365e+01
   2.3340000e+01   5.7505285e+01
   2.3350000e+01   5.7759162e+01
   2.3360000e+01   5.6749722e+01
   2.3370000e+01   5.3467455e+01
   2.3380000e+01   4.9687907e+01
   2.3390000e+01   4.7446147e+01
   2.3400000e+01   4.6714242e+01
   2.3410000e+01   4.6084020e+01
   2.3420000e+01   4.4858994e+01
   2.3430000e+01   4.4021038e+01
   2.3440000e+01   4.4764105e+01
   2.3450000e+01   4.5993215e+01
   2.3460000e+01   4.4314856e+01
   2.3470000e+01   3.7374990e+01
   2.3480000e+01   2.6516336e+01
   2.3490000e+01   1.5525454e+01
   2.3500000e+01   7.5800648e+00
   2.3510000e+01   3.4581616e+00
   2.3520000e+01   1.2590850e+00
   2.3530000e+01  -2.2959299e+00
   2.3540000e+01  -8.9572825e+00
   2.3550000e+01  -1.7030580e+01
   2.3560000e+01  -2.3006724e+01
   2.3570000e+01  -2.5051291e+01
   2.3580000e+01  -2.4416922e+01
   2.3590000e+01  -2.3718378e+01
   2.3600000e+01  -2.4553287e+01
   2.3610000e+01  -2.6792125e+01
   2.3620000e+01  -2.9485675e+01
   2.3630000e+01  -3.1966061e+01
   2.3640000e+01  -3.4164236e+01
   2.3650000e+01  -3.6301692e+01
   2.3660000e+01  -3.8477525e+01
   2.3670000e+01  -4.0414057e+01
   2.3680000e+01  -4.1618461e+01
   2.3690000e+01  -4.1999496e+01
   2.3700000e+01  -4.2225222e+01
   2.3710000e+01  -4.3237671e+01
   2.3720000e+01  -4.5539529e+01
   2.3730000e+01  -4.8940104e+01
   2.3740000e+01  -5.2591560e+01
   2.3750000e+01  -5.5325357e+01
   2.3760000e+01  -5.6421842e+01
   2.3770000e+01  -5.6224001e+01
   2.3780000e+01  -5.6042781e+01
   2.3790000e+01  -5.7317212e+01
   2.3800000e+01  -6.0400072e+01
   2.3810000e+01  -6.4114317e+01
   2.3820000e+01  -6.6774779e+01
   2.3830000e+01  -6.7504012e+01
   2.3840000e+01  -6.6459886e+01
   2.3850000e+01  -6.4259529e+01
   2.3860000e+01  -6.1510542e+01
   2.3870000e+01  -5.8421593e+01
   2.3880000e+01  -5.4393219e+01
   2.3890000e+01  -4.8531336e+01
   2.3900000e+01  -4.1080057e+01
   2.3910000e+01  -3.3669323e+01
   2.3920000e+01  -2.7636381e+01
   2.3930000e+01  -2.2652195e+01
   2.3940000e+01  -1.7241071e+01
   2.3950000e+01  -1.0447378e+01
   2.3960000e+01  -3.1956361e+00
   2.3970000e+01   2.1267139e+00
   2.3980000e+01   3.8827915e+00
   2.3990000e+01   2.5954334e+00
   2.4000000e+01  -1.3151861e-01
   2.4010000e+01  -3.2601780e+00
   2.4020000e+01  -6.3941607e+00
   2.4030000e+01  -8.8794413e+00
   2.4040000e+01  -9.6108067e+00
   2.4050000e+01  -7.8805036e+00
   2.4060000e+01  -4.0122248e+00
   2.4070000e+01   9.4978887e-01
   2.4080000e+01   5.6666646e+00
   2.4090000e+01   8.8640597e+00
   2.4100000e+01   1.0196494e+01
   2.4110000e+01   1.0686070e+01
   2.4120000e+01   1.1742939e+01
   2.4130000e+01   1.3956819e+01
   2.4140000e+01   1.7064685e+01
   2.4150000e+01   2.0557616e+01
   2.4160000e+01   2.3927002e+01
   2.4170000e+01   2.6742566e+01
   2.4180000e+01   2.8907490e+01
   2.4190000e+01   3.0721762e+01
   2.4200000e+01   3.2606289e+01
   2.4210000e+01   3.4859095e+01
   2.4220000e+01   3.7539253e+01
   2.4230000e+01   4.0431745e+01
   2.4240000e+01   4.3310455e+01
   2.4250000e+01   4.6055383e+01
   2.4260000e+01   4.7756727e+01
   2.4270000e+01   4.6006608e+01
   2.4280000e+01   3.8934728e+01
   2.4290000e+01   2.8711667e+01
   2.4300000e+01   2.1213417e+01
   2.4310000e+01   2.0512554e+01
   2.4320000e+01   2.4376528e+01
   2.4330000e+01   2.6542224e+01
   2.4340000e+01   2.3103962e+01
   2.4350000e+01   1.5555392e+01
   2.4360000e+01   8.2103885e+00
   2.4370000e+01   4.4957670e+00
   2.4380000e+01   5.5768118e+00
   2.4390000e+01   1.0301879e+01
   2.4400000e+01   1.5555483e+01
   2.4410000e+01   1.8206977e+01
   2.4420000e+01   1.7954528e+01
   2.4430000e+01   1.7510411e+01
   2.4440000e+01   1.9193757e+01
   2.4450000e+01   2.2154872e+01
   2.4460000e+01   2.3781807e+01
   2.4470000e+01   2.3032509e+01
   2.4480000e+01   2.1145340e+01
   2.4490000e+01   1.9229899e+01
   2.4500000e+01   1.6465504e+01
   2.4510000e+01   1.1369613e+01
   2.4520000e+01   4.2053168e+00
   2.4530000e+01  -2.7286098e+00
   2.4540000e+01  -7.2264985e+00
   2.4550000e+01  -9.0432576e+00
   2.4560000e+01  -9.5608493e+00
   2.4570000e+01  -1.0296518e+01
   2.4580000e+01  -1.2092763e+01
   2.4590000e+01  -1.5172379e+01
   2.4600000e+01  -1.9318977e+01
   2.4610000e+01  -2.3867465e+01
   2.4620000e+01  -2.7652051e+01
   2.4630000e+01  -2.9192630e+01
   2.4640000e+01  -2.7434051e+01
   2.4650000e+01  -2.2990385e+01
   2.4660000e+01  -1.8491678e+01
   2.4670000e+01  -1.6627463e+01
   2.4680000e+01  -1.7731164e+01
   2.4690000e+01  -2.0009727e+01
   2.4700000e+01  -2.1853929e+01
   2.4710000e+01  -2.3144625e+01
   2.4720000e+01  -2.4359135e+01
   2.4730000e+01  -2.5094554e+01
   2.4740000e+01  -2.4187878e+01
   2.4750000e+01  -2.1532429e+01
   2.4760000e+01  -1.9081776e+01
   2.4770000e+01  -1.8857470e+01
   2.4780000e+01  -1.9935417e+01
   2.4790000e+01  -1.8909928e+01
   2.4800000e+01  -1.4085173e+01
   2.4810000e+01  -8.0026341e+00
   2.4820000e+01  -4.5105590e+00
   2.4830000e+01  -3.9729390e+00
   2.4840000e+01  -3.1063438e+00
   2.4850000e+01   5.3403714e-01
   2.4860000e+01   5.5565968e+00
   2.4870000e+01   8.4430951e+00
   2.4880000e+01   7.2551683e+00
   2.4890000e+01   3.3790857e+00
   2.4900000e+01   3.9819085e-02
   2.4910000e+01  -6.2884576e-01
   2.4920000e+01   8.7785969e-01
   2.4930000e+01   2.5944417e+00
   2.4940000e+01   3.3455434e+00
   2.4950000e+01   3.3696051e+00
   2.4960000e+01   3.1484094e+00
   2.4970000e+01   2.7683023e+00
   2.4980000e+01   2.4258503e+00
   2.4990000e+01   2.4992110e+00
   2.5000000e+01   3.0884004e+00
   2.5010000e+01   4.1655836e+00
   2.5020000e+01   5.8149982e+00
   2.5030000e+01   7.7969962e+00
   2.5040000e+01   9.5457594e+00
   2.5050000e+01   1.1103548e+01
   2.5060000e+01   1.3285223e+01
   2.5070000e+01   1.6403689e+01
   2.5080000e+01   1.9452463e+01
   2.5090000e+01   2.1117506e+01
   2.5100000e+01   2.1473610e+01
   2.5110000e+01   2.2148845e+01
   2.5120000e+01   2.4493638e+01
   2.5130000e+01   2.8040428e+01
   2.5140000e+01   3.1122364e+01
   2.5150000e+01   3.2488800e+01
   2.5160000e+01   3.1992430e+01
   2.5170000e+01   3.0152919e+01
   2.5180000e+01   2.7338578e+01
   2.5190000e+01   2.3316973e+01
   2.5200000e+01   1.7871803e+01
   2.5210000e+01   1.1938063e+01
   2.5220000e+01   7.5323183e+00
   2.5230000e+01   6.0459395e+00
   2.5240000e+01   6.5884562e+00
   2.5250000e+01   6.4061261e+00
   2.5260000e+01   3.3619925e+00
   2.5270000e+01  -2.1250468e+00
   2.5280000e+01  -7.8380451e+00
   2.5290000e+01  -1.1980232e+01
   2.5300000e+01  -1.4196612e+01
   2.5310000e+01  -1.4976645e+01
   2.5320000e+01  -1.4895132e+01
   2.5330000e+01  -1.4443438e+01
   2.5340000e+01  -1.4037524e+01
   2.5350000e+01  -1.3844817e+01
   2.5360000e+01  -1.3686602e+01
   2.5370000e+01  -1.3447224e+01
   2.5380000e+01  -1.3583825e+01
   2.5390000e+01  -1.4733878e+01
   2.5400000e+01  -1.6745975e+01
   2.5410000e+01  -1.8540451e+01
   2.5420000e+01  -1.9042919e+01
   2.5430000e+01  -1.8046908e+01
   2.5440000e+01  -1.6154545e+01
   2.5450000e+01  -1.4206325e+01
   2.5460000e+01  -1.2830019e+01
   2.5470000e+01  -1.2064750e+01
   2.5480000e+01  -1.1365685e+01
   2.5490000e+01  -1.0454860e+01
   2.5500000e+01  -1.0006565e+01
   2.5510000e+01  -1.0815362e+01
   2.5520000e+01  -1.2407171e+01
   2.5530000e+01  -1.3258696e+01
   2.5540000e+01  -1.2269701e+01
   2.5550000e+01  -9.3259797e+00
   2.5560000e+01  -5.0848337e+00
   2.5570000e+01  -1.1637463e+00
   2.5580000e+01   3.7603640e-01
   2.5590000e+01  -1.1456847e+00
   2.5600000e+01  -4.1293209e+00
   2.5610000e+01  -6.0611395e+00
   2.5620000e+01  -5.4543015e+00
   2.5630000e+01  -2.5277114e+00
   2.5640000e+01   1.2796640e+00
   2.5650000e+01   4.0858447e+00
   2.5660000e+01   4.3592868e+00
   2.5670000e+01   1.9294887e+00
   2.5680000e+01  -1.3076397e+00
   2.5690000e+01  -2.5319424e+00
   2.5700000e+01  -7.7987058e-01
   2.5710000e+01   2.0071029e+00
   2.5720000e+01   3.3786789e+00
   2.5730000e+01   2.9293023e+00
   2.5740000e+01   1.8964920e+00
   2.5750000e+01   1.3495663e+00
   2.5760000e+01   1.6881538e+00
   2.5770000e+01   3.3309238e+00
   2.5780000e+01   6.9008386e+00
   2.5790000e+01   1.2515708e+01
   2.5800000e+01   1.9264155e+01
   2.5810000e+01   2.5583728e+01
   2.5820000e+01   3.0098432e+01
   2.5830000e+01   3.2109580e+01
   2.5840000e+01   3.1596569e+01
   2.5850000e+01   2.9121158e+01
   2.5860000e+01   2.5555847e+01
   2.5870000e+01   2.1580808e+01
   2.5880000e+01   1.7634275e+01
   2.5890000e+01   1.4182070e+01
   2.5900000e+01   1.1441175e+01
   2.5910000e+01   9.0974000e+00
   2.5920000e+01   6.7871648e+00
   2.5930000e+01   4.6758697e+00
   2.5940000e+01   3.5283119e+00
   2.5950000e+01   4.2552892e+00
   2.5960000e+01   7.0584971e+00
   2.5970000e+01   1.0922784e+01
   2.5980000e+01   1.3799126e+01
   2.5990000e+01   1.3290680e+01
   2.6000000e+01   8.3890936e+00
   2.6010000e+01   1.2253254e+00
   2.6020000e+01  -4.1451079e+00
   2.6030000e+01  -5.4419658e+00
   2.6040000e+01  -3.9673630e+00
   2.6050000e+01  -2.7394947e+00
   2.6060000e+01  -3.7098403e+00
   2.6070000e+01  -6.7176758e+00
   2.6080000e+01  -1.0103327e+01
   2.6090000e+01  -1.1987507e+01
   2.6100000e+01  -1.1642530e+01
   2.6110000e+01  -1.0143594e+01
   2.6120000e+01  -9.4305576e+00
   2.6130000e+01  -1.0356953e+01
   2.6140000e+01  -1.1872385e+01
   2.6150000e+01  -1.2472465e+01
   2.6160000e+01  -1.2115550e+01
   2.6170000e+01  -1.2134551e+01
   2.6180000e+01  -1.3386412e+01
   2.6190000e+01  -1.5096053e+01
   2.6200000e+01  -1.5729383e+01
   2.6210000e+01  -1.4645961e+01
   2.6220000e+01  -1.2645443e+01
   2.6230000e+01  -1.1051749e+01
   2.6240000e+01  -1.0432256e+01
   2.6250000e+01  -1.0287049e+01
   2.6260000e+01  -9.9914123e+00
   2.6270000e+01  -9.7827233e+00
   2.6280000e+01  -1.0406239e+01
   2.6290000e+01  -1.1731068e+01
   2.6300000e+01  -1.2314729e+01
   2.6310000e+01  -1.0803031e+01
   2.6320000e+01  -7.4484758e+00
   2.6330000e+01  -3.9859481e+00
   2.6340000e+01  -2.2496477e+00
   2.6350000e+01  -2.8385378e+00
   2.6360000e+01  -4.5686461e+00
   2.6370000e+01  -5.3195914e+00
   2.6380000e+01  -4.2388484e+00
   2.6390000e+01  -2.7980713e+00
   2.6400000e+01  -2.6799379e+00
   2.6410000e+01  -3.3968410e+00
   2.6420000e+01  -3.2520014e+00
   2.6430000e+01  -1.8632697e+00
   2.6440000e+01  -4.2923533e-01
   2.6450000e+01   1.1045835e-01
   2.6460000e+01   7.5007997e-02
   2.6470000e+01   1.5774716e-01
   2.6480000e+01   3.0419889e-01
   2.6490000e+01  -1.6964133e-01
   2.6500000e+01  -1.6896703e+00
   2.6510000e+01  -3.9379269e+00
   2.6520000e+01  -6.1176057e+00
   2.6530000e+01  -7.6723327e+00
   2.6540000e+01  -8.7262871e+00
   2.6550000e+01  -9.5932130e+00
   2.6560000e+01  -9.9318536e+00
   2.6570000e+01  -8.7960150e+00
   2.6580000e+01  -5.7937406e+00
   2.6590000e+01  -2.0053317e+00
   2.6600000e+01   6.9153312e-01
   2.6610000e+01   1.1823682e+00
   2.6620000e+01  -1.5361441e-01
   2.6630000e+01  -1.8265355e+00
   2.6640000e+01  -2.1422235e+00
   2.6650000e+01  -3.8179717e-01
   2.6660000e+01   2.4788856e+00
   2.6670000e+01   4.6006286e+00
   2.6680000e+01   5.1433293e+00
   2.6690000e+01   4.9838346e+00
   2.6700000e+01   5.3302755e+00
   2.6710000e+01   6.0438926e+00
   2.6720000e+01   5.8708297e+00
   2.6730000e+01   4.2138985e+00
   2.6740000e+01   2.0957956e+00
   2.6750000e+01   1.2195034e+00
   2.6760000e+01   2.5065214e+00
   2.6770000e+01   5.6869321e+00
   2.6780000e+01   9.8247008e+00
   2.6790000e+01   1.3872810e+01
   2.6800000e+01   1.6936458e+01
   2.6810000e+01   1.8416177e+01
   2.6820000e+01   1.8164698e+01
   2.6830000e+01   1.6594569e+01
   2.6840000e+01   1.4480792e+01
   2.6850000e+01   1.2507728e+01
   2.6860000e+01   1.1063638e+01
   2.6870000e+01   1.0383900e+01
   2.6880000e+01   1.0593499e+01
   2.6890000e+01   1.1446611e+01
   2.6900000e+01   1.2189178e+01
   2.6910000e+01   1.2123015e+01
   2.6920000e+01   1.1418252e+01
   2.6930000e+01   1.0912979e+01
   2.6940000e+01   1.1054384e+01
   2.6950000e+01   1.1489258e+01
   2.6960000e+01   1.1591241e+01
   2.6970000e+01   1.1076174e+01
   2.6980000e+01   1.0416317e+01
   2.6990000e+01   1.0699935e+01
   2.7000000e+01   1.2557942e+01
   2.7010000e+01   1.5375471e+01
   2.7020000e+01   1.7985938e+01
   2.7030000e+01   1.9705141e+01
   2.7040000e+01   2.0330597e+01
   2.7050000e+01   1.9599381e+01
   2.7060000e+01   1.7144955e+01
   2.7070000e+01   1.3284198e+01
   2.7080000e+01   9.8431232e+00
   2.7090000e+01   9.3192657e+00
   2.7100000e+01   1.2283383e+01
   2.7110000e+01   1.5926870e+01
   2.7120000e+01   1.5942593e+01
   2.7130000e+01   1.0001217e+01
   2.7140000e+01  -2.0659438e-01
   2.7150000e+01  -9.8252815e+00
   2.7160000e+01  -1.4384200e+01
   2.7170000e+01  -1.3458608e+01
   2.7180000e+01  -1.0741079e+01
   2.7190000e+01  -1.0226498e+01
   2.7200000e+01  -1.2697611e+01
   2.7210000e+01  -1.6161248e+01
   2.7220000e+01  -1.8809751e+01
   2.7230000e+01  -2.0458733e+01
   2.7240000e+01  -2.1456006e+01
   2.7250000e+01  -2.1529667e+01
   2.7260000e+01  -2.0260224e+01
   2.7270000e+01  -1.8070780e+01
   2.7280000e+01  -1.6103339e+01
   2.7290000e+01  -1.5206452e+01
   2.7300000e+01  -1.5265525e+01
   2.7310000e+01  -1.5381606e+01
   2.7320000e+01  -1.4788760e+01
   2.7330000e+01  -1.3859187e+01
   2.7340000e+01  -1.3893083e+01
   2.7350000e+01  -1.5592115e+01
   2.7360000e+01  -1.8133216e+01
   2.7370000e+01  -1.9935502e+01
   2.7380000e+01  -1.9894057e+01
   2.7390000e+01  -1.7878387e+01
   2.7400000e+01  -1.4597658e+01
   2.7410000e+01  -1.1169361e+01
   2.7420000e+01  -8.5084343e+00
   2.7430000e+01  -6.7698712e+00
   2.7440000e+01  -5.4101928e+00
   2.7450000e+01  -4.0089382e+00
   2.7460000e+01  -2.7152724e+00
   2.7470000e+01  -1.6474825e+00
   2.7480000e+01  -4.6573709e-01
   2.7490000e+01   1.0661196e+00
   2.7500000e+01   2.5395465e+00
   2.7510000e+01   3.2274673e+00
   2.7520000e+01   2.7305086e+00
   2.7530000e+01   1.0805579e+00
   2.7540000e+01  -1.5254453e+00
   2.7550000e+01  -4.5427394e+00
   2.7560000e+01  -6.7964428e+00
   2.7570000e+01  -7.1836154e+00
   2.7580000e+01  -5.8076638e+00
   2.7590000e+01  -3.8571947e+00
   2.7600000e+01  -2.2754079e+00
   2.7610000e+01  -1.0940852e+00
   2.7620000e+01   2.7328795e-02
   2.7630000e+01   1.4059107e+00
   2.7640000e+01   3.2783522e+00
   2.7650000e+01   5.3139204e+00
   2.7660000e+01   6.5977584e+00
   2.7670000e+01   6.8258154e+00
   2.7680000e+01   6.9230543e+00
   2.7690000e+01   7.8859466e+00
   2.7700000e+01   9.5817927e+00
   2.7710000e+01   1.1033891e+01
   2.7720000e+01   1.1456319e+01
   2.7730000e+01   1.0879343e+01
   2.7740000e+01   9.9543370e+00
   2.7750000e+01   9.2233179e+00
   2.7760000e+01   8.8344939e+00
   2.7770000e+01   9.0531946e+00
   2.7780000e+01   1.0339220e+01
   2.7790000e+01   1.2389244e+01
   2.7800000e+01   1.3821852e+01
   2.7810000e+01   1.3573464e+01
   2.7820000e+01   1.2157161e+01
   2.7830000e+01   1.0963466e+01
   2.7840000e+01   1.0547894e+01
   2.7850000e+01   1.0013804e+01
   2.7860000e+01   8.2575365e+00
   2.7870000e+01   5.6572846e+00
   2.7880000e+01   4.0434209e+00
   2.7890000e+01   4.8732909e+00
   2.7900000e+01   7.7764270e+00
   2.7910000e+01   1.1063123e+01
   2.7920000e+01   1.3405740e+01
   2.7930000e+01   1.4514332e+01
   2.7940000e+01   1.4230368e+01
   2.7950000e+01   1.1939596e+01
   2.7960000e+01   7.4153066e+00
   2.7970000e+01   1.6588945e+00
   2.7980000e+01  -3.5683080e+00
   2.7990000e+01  -6.7531868e+00
   2.8000000e+01  -7.2014320e+00
   2.8010000e+01  -5.4407781e+00
   2.8020000e+01  -3.1835004e+00
   2.8030000e+01  -1.9821059e+00
   2.8040000e+01  -1.8116255e+00
   2.8050000e+01  -1.6107676e+00
   2.8060000e+01  -9.1018127e-01
   2.8070000e+01  -1.4474786e-01
   2.8080000e+01   3.6464818e-01
   2.8090000e+01   8.7122678e-01
   2.8100000e+01   1.6941044e+00
   2.8110000e+01   2.9358789e+00
   2.8120000e+01   4.5329621e+00
   2.8130000e+01   5.8480363e+00
   2.8140000e+01   5.4889800e+00
   2.8150000e+01   2.5358491e+00
   2.8160000e+01  -1.9843656e+00
   2.8170000e+01  -5.7072350e+00
   2.8180000e+01  -7.1442749e+00
   2.8190000e+01  -6.6190137e+00
   2.8200000e+01  -5.2759104e+00
   2.8210000e+01  -4.1051069e+00
   2.8220000e+01  -3.7012171e+00
   2.8230000e+01  -4.0572563e+00
   2.8240000e+01  -4.6127595e+00
   2.8250000e+01  -5.0393999e+00
   2.8260000e+01  -5.8889695e+00
   2.8270000e+01  -7.9974054e+00
   2.8280000e+01  -1.1130997e+01
   2.8290000e+01  -1.3512672e+01
   2.8300000e+01  -1.3173462e+01
   2.8310000e+01  -1.0018145e+01
   2.8320000e+01  -6.1574882e+00
   2.8330000e+01  -3.8230875e+00
   2.8340000e+01  -3.2945296e+00
   2.8350000e+01  -3.2242909e+00
   2.8360000e+01  -2.6078284e+00
   2.8370000e+01  -1.7935512e+00
   2.8380000e+01  -1.5249224e+00
   2.8390000e+01  -1.7347292e+00
   2.8400000e+01  -1.8821865e+00
   2.8410000e+01  -1.9711001e+00
   2.8420000e+01  -2.4168216e+00
   2.8430000e+01  -3.1492696e+00
   2.8440000e+01  -3.5378156e+00
   2.8450000e+01  -3.1215735e+00
   2.8460000e+01  -2.0991301e+00
   2.8470000e+01  -1.1728294e+00
   2.8480000e+01  -7.8106191e-01
   2.8490000e+01  -3.2468032e-01
   2.8500000e+01   1.3398830e+00
   2.8510000e+01   4.3156811e+00
   2.8520000e+01   7.2377240e+00
   2.8530000e+01   8.8644960e+00
   2.8540000e+01   9.3677872e+00
   2.8550000e+01   9.4891698e+00
   2.8560000e+01   9.1536529e+00
   2.8570000e+01   7.7259289e+00
   2.8580000e+01   5.3258818e+00
   2.8590000e+01   3.1505199e+00
   2.8600000e+01   2.2526823e+00
   2.8610000e+01   2.2856606e+00
   2.8620000e+01   1.8457470e+00
   2.8630000e+01   3.0875897e-02
   2.8640000e+01  -2.7295603e+00
   2.8650000e+01  -5.4501199e+00
   2.8660000e+01  -7.7312889e+00
   2.8670000e+01  -9.7605655e+00
   2.8680000e+01  -1.1414860e+01
   2.8690000e+01  -1.2007616e+01
   2.8700000e+01  -1.1171735e+01
   2.8710000e+01  -9.5137474e+00
   2.8720000e+01  -8.0249742e+00
   2.8730000e+01  -7.0866010e+00
   2.8740000e+01  -6.3085726e+00
   2.8750000e+01  -5.3227954e+00
   2.8760000e+01  -4.5354902e+00
   2.8770000e+01  -4.6963474e+00
   2.8780000e+01  -5.5672080e+00
   2.8790000e+01  -5.5893640e+00
   2.8800000e+01  -3.5344159e+00
   2.8810000e+01  -1.9843424e-01
   2.8820000e+01   2.2339798e+00
   2.8830000e+01   2.3079234e+00
   2.8840000e+01   3.1232969e-01
   2.8850000e+01  -2.3773161e+00
   2.8860000e+01  -4.4233655e+00
   2.8870000e+01  -5.2644531e+00
   2.8880000e+01  -5.1484311e+00
   2.8890000e+01  -4.5605676e+00
   2.8900000e+01  -3.7641665e+00
   2.8910000e+01  -2.8852529e+00
   2.8920000e+01  -2.0988066e+00
   2.8930000e+01  -1.5073578e+00
   2.8940000e+01  -9.9465434e-01
   2.8950000e+01  -4.1692980e-01
   2.8960000e+01   9.7129078e-02
   2.8970000e+01   2.4474731e-01
   2.8980000e+01  -5.4421326e-02
   2.8990000e+01  -5.9903986e-01
   2.9000000e+01  -1.1886814e+00
   2.9010000e+01  -1.6569662e+00
   2.9020000e+01  -1.7393616e+00
   2.9030000e+01  -1.3587189e+00
   2.9040000e+01  -9.9269059e-01
   2.9050000e+01  -1.2078378e+00
   2.9060000e+01  -1.8220577e+00
   2.9070000e+01  -2.1366041e+00
   2.9080000e+01  -2.0109671e+00
   2.9090000e+01  -2.0260212e+00
   2.9100000e+01  -2.4310863e+00
   2.9110000e+01  -2.5448602e+00
   2.9120000e+01  -1.5391903e+00
   2.9130000e+01   5.2324268e-01
   2.9140000e+01   2.7725545e+00
   2.9150000e+01   4.5132937e+00
   2.9160000e+01   5.7816801e+00
   2.9170000e+01   6.8988413e+00
   2.9180000e+01   7.9123703e+00
   2.9190000e+01   8.8827958e+00
   2.9200000e+01   1.0386429e+01
   2.9210000e+01   1.3059022e+01
   2.9220000e+01   1.6672591e+01
   2.9230000e+01   2.0076048e+01
   2.9240000e+01   2.2016889e+01
   2.9250000e+01   2.1921946e+01
   2.9260000e+01   2.0133886e+01
   2.9270000e+01   1.7675591e+01
   2.9280000e+01   1.5756234e+01
   2.9290000e+01   1.5179767e+01
   2.9300000e+01   1.5910141e+01
   2.9310000e+01   1.7139681e+01
   2.9320000e+01   1.7860215e+01
   2.9330000e+01   1.7456450e+01
   2.9340000e+01   1.5945132e+01
   2.9350000e+01   1.3918162e+01
   2.9360000e+01   1.2265543e+01
   2.9370000e+01   1.1617943e+01
   2.9380000e+01   1.1851691e+01
   2.9390000e+01   1.2304346e+01
   2.9400000e+01   1.2583430e+01
   2.9410000e+01   1.2913797e+01
   2.9420000e+01   1.3437197e+01
   2.9430000e+01   1.3460315e+01
   2.9440000e+01   1.2012199e+01
   2.9450000e+01   9.1633274e+00
   2.9460000e+01   6.2168962e+00
   2.9470000e+01   4.3562270e+00
   2.9480000e+01   3.3804910e+00
   2.9490000e+01   2.0524381e+00
   2.9500000e+01  -4.1525254e-01
   2.9510000e+01  -3.5502563e+00
   2.9520000e+01  -6.2360599e+00
   2.9530000e+01  -7.7723507e+00
   2.9540000e+01  -8.2931623e+00
   2.9550000e+01  -8.4352309e+00
   2.9560000e+01  -8.7874102e+00
   2.9570000e+01  -9.5772214e+00
   2.9580000e+01  -1.0660452e+01
   2.9590000e+01  -1.1693479e+01
   2.9600000e+01  -1.2388587e+01
   2.9610000e+01  -1.2702444e+01
   2.9620000e+01  -1.2870060e+01
   2.9630000e+01  -1.3348808e+01
   2.9640000e+01  -1.4582861e+01
   2.9650000e+01  -1.6575221e+01
   2.9660000e+01  -1.8775689e+01
   2.9670000e+01  -2.0596833e+01
   2.9680000e+01  -2.1979553e+01
   2.9690000e+01  -2.3268489e+01
   2.9700000e+01  -2.4577872e+01
   2.9710000e+01  -2.5553283e+01
   2.9720000e+01  -2.5811288e+01
   2.9730000e+01  -2.5317589e+01
   2.9740000e+01  -2.4183656e+01
   2.9750000e+01  -2.2398285e+01
   2.9760000e+01  -2.0116463e+01
   2.9770000e+01  -1.7997824e+01
   2.9780000e+01  -1.6680235e+01
   2.9790000e+01  -1.5949343e+01
   2.9800000e+01  -1.5040925e+01
   2.9810000e+01  -1.3717699e+01
   2.9820000e+01  -1.2323248e+01
   2.9830000e+01  -1.0837947e+01
   2.9840000e+01  -8.7347206e+00
   2.9850000e+01  -5.8253267e+00
   2.9860000e+01  -2.5917554e+00
   2.9870000e+01   3.6143095e-01
   2.9880000e+01   2.7768770e+00
   2.9890000e+01   4.6210426e+00
   2.9900000e+01   5.8103897e+00
   2.9910000e+01   6.3068528e+00
   2.9920000e+01   6.2957349e+00
   2.9930000e+01   6.0621186e+00
   2.9940000e+01   5.8509092e+00
   2.9950000e+01   5.8155034e+00
   2.9960000e+01   5.9038426e+00
   2.9970000e+01   6.0001519e+00
   2.9980000e+01   6.3331600e+00
   2.9990000e+01   7.4236941e+00
   3.0000000e+01   9.4542293e+00
   3.0010000e+01   1.1968971e+01
   3.0020000e+01   1.4373375e+01
   3.0030000e+01   1.6486203e+01
   3.0040000e+01   1.8379402e+01
   3.0050000e+01   1.9871319e+01
   3.0060000e+01   2.0467396e+01
   3.0070000e+01   1.9761407e+01
   3.0080000e+01   1.7783819e+01
   3.0090000e+01   1.5165169e+01
   3.0100000e+01   1.3084060e+01
   3.0110000e+01   1.2628158e+01
   3.0120000e+01   1.3812328e+01
   3.0130000e+01   1.5412134e+01
   3.0140000e+01   1.5963986e+01
   3.0150000e+01   1.4795787e+01
   3.0160000e+01   1.2170767e+01
   3.0170000e+01   8.9023885e+00
   3.0180000e+01   6.0490843e+00
   3.0190000e+01   4.6149553e+00
   3.0200000e+01   4.9977375e+00
   3.0210000e+01   6.4008433e+00
   3.0220000e+01   6.9703941e+00
   3.0230000e+01   5.2188091e+00
   3.0240000e+01   1.5482973e+00
   3.0250000e+01  -2.1663591e+00
   3.0260000e+01  -4.4714646e+00
   3.0270000e+01  -5.3195108e+00
   3.0280000e+01  -5.5464179e+00
   3.0290000e+01  -5.9977033e+00
   3.0300000e+01  -6.9684461e+00
   3.0310000e+01  -8.0411543e+00
   3.0320000e+01  -8.4456279e+00
   3.0330000e+01  -7.7408279e+00
   3.0340000e+01  -6.1915563e+00
   3.0350000e+01  -4.5158928e+00
   3.0360000e+01  -3.3944595e+00
   3.0370000e+01  -3.2994715e+00
   3.0380000e+01  -4.4892758e+00
   3.0390000e+01  -6.5854826e+00
   3.0400000e+01  -8.2191084e+00
   3.0410000e+01  -7.8366766e+00
   3.0420000e+01  -5.0591014e+00
   3.0430000e+01  -9.7774463e-01
   3.0440000e+01   2.6718284e+00
   3.0450000e+01   4.4424577e+00
   3.0460000e+01   3.8222901e+00
   3.0470000e+01   1.4984293e+00
   3.0480000e+01  -1.0618460e+00
   3.0490000e+01  -2.5513984e+00
   3.0500000e+01  -2.5710060e+00
   3.0510000e+01  -1.7242835e+00
   3.0520000e+01  -1.0818130e+00
   3.0530000e+01  -1.3562470e+00
   3.0540000e+01  -2.4505758e+00
   3.0550000e+01  -3.7417301e+00
   3.0560000e+01  -4.6782455e+00
   3.0570000e+01  -5.1424245e+00
   3.0580000e+01  -5.3971629e+00
   3.0590000e+01  -5.7310655e+00
   3.0600000e+01  -6.1680869e+00
   3.0610000e+01  -6.4901465e+00
   3.0620000e+01  -6.4723199e+00
   3.0630000e+01  -6.1246743e+00
   3.0640000e+01  -5.6628842e+00
   3.0650000e+01  -5.0863219e+00
   3.0660000e+01  -3.9096770e+00
   3.0670000e+01  -1.7226395e+00
   3.0680000e+01   9.6135780e-01
   3.0690000e+01   2.8908123e+00
   3.0700000e+01   3.2503115e+00
   3.0710000e+01   2.3084711e+00
   3.0720000e+01   9.4904561e-01
   3.0730000e+01   4.5375038e-02
   3.0740000e+01   2.6844769e-01
   3.0750000e+01   1.9288823e+00
   3.0760000e+01   4.6307805e+00
   3.0770000e+01   7.1648728e+00
   3.0780000e+01   8.1855895e+00
   3.0790000e+01   7.3551301e+00
   3.0800000e+01   5.6814505e+00
   3.0810000e+01   4.5129603e+00
   3.0820000e+01   4.3060898e+00
   3.0830000e+01   4.4844826e+00
   3.0840000e+01   4.2894859e+00
   3.0850000e+01   3.4230376e+00
   3.0860000e+01   1.9393323e+00
   3.0870000e+01   5.1719464e-02
   3.0880000e+01  -1.7224915e+00
   3.0890000e+01  -2.6533729e+00
   3.0900000e+01  -2.4858956e+00
   3.0910000e+01  -1.9015318e+00
   3.0920000e+01  -1.8559383e+00
   3.0930000e+01  -2.4799590e+00
   3.0940000e+01  -3.0057220e+00
   3.0950000e+01  -2.6945524e+00
   3.0960000e+01  -1.5076468e+00
   3.0970000e+01   3.5236112e-02
   3.0980000e+01   1.3869562e+00
   3.0990000e+01   2.2945637e+00
   3.1000000e+01   2.6851620e+00
   3.1010000e+01   2.4947757e+00
   3.1020000e+01   1.7868675e+00
   3.1030000e+01   8.6455621e-01
   3.1040000e+01   6.2504402e-02
   3.1050000e+01  -5.3075946e-01
   3.1060000e+01  -1.0403525e+00
   3.1070000e+01  -1.4475188e+00
   3.1080000e+01  -1.3213759e+00
   3.1090000e+01  -1.3793615e-01
   3.1100000e+01   1.9600825e+00
   3.1110000e+01   3.9448119e+00
   3.1120000e+01   4.7927561e+00
   3.1130000e+01   4.4023715e+00
   3.1140000e+01   3.2962732e+00
   3.1150000e+01   1.8441699e+00
   3.1160000e+01   2.8847262e-01
   3.1170000e+01  -9.0370513e-01
   3.1180000e+01  -1.3663251e+00
   3.1190000e+01  -1.4041823e+00
   3.1200000e+01  -1.8429534e+00
   3.1210000e+01  -3.2501009e+00
   3.1220000e+01  -5.3928335e+00
   3.1230000e+01  -7.4464102e+00
   3.1240000e+01  -8.6290464e+00
   3.1250000e+01  -8.7152243e+00
   3.1260000e+01  -8.2333377e+00
   3.1270000e+01  -8.1344714e+00
   3.1280000e+01  -8.9674859e+00
   3.1290000e+01  -1.0405491e+01
   3.1300000e+01  -1.1678195e+01
   3.1310000e+01  -1.2297636e+01
   3.1320000e+01  -1.2330979e+01
   3.1330000e+01  -1.2146561e+01
   3.1340000e+01  -1.1942956e+01
   3.1350000e+01  -1.1558923e+01
   3.1360000e+01  -1.0764821e+01
   3.1370000e+01  -9.5428621e+00
   3.1380000e+01  -8.0592656e+00
   3.1390000e+01  -6.5403128e+00
   3.1400000e+01  -5.0444427e+00
   3.1410000e+01  -3.2923830e+00
   3.1420000e+01  -1.0317546e+00
   3.1430000e+01   1.4437377e+00
   3.1440000e+01   3.4837495e+00
   3.1450000e+01   4.7250675e+00
   3.1460000e+01   5.2967267e+00
   3.1470000e+01   5.5254180e+00
   3.1480000e+01   5.6247217e+00
   3.1490000e+01   5.6063290e+00
   3.1500000e+01   5.4175901e+00
   3.1510000e+01   5.0827630e+00
   3.1520000e+01   4.6790205e+00
   3.1530000e+01   4.3550921e+00
   3.1540000e+01   4.4351494e+00
   3.1550000e+01   5.2770753e+00
   3.1560000e+01   6.8761454e+00
   3.1570000e+01   8.6205511e+00
   3.1580000e+01   9.5645795e+00
   3.1590000e+01   9.2610174e+00
   3.1600000e+01   8.3820526e+00
   3.1610000e+01   8.1297669e+00
   3.1620000e+01   8.9652168e+00
   3.1630000e+01   1.0250467e+01
   3.1640000e+01   1.1104151e+01
   3.1650000e+01   1.1255546e+01
   3.1660000e+01   1.1009896e+01
   3.1670000e+01   1.0695865e+01
   3.1680000e+01   1.0396490e+01
   3.1690000e+01   1.0131264e+01
   3.1700000e+01   1.0054657e+01
   3.1710000e+01   1.0279069e+01
   3.1720000e+01   1.0524578e+01
   3.1730000e+01   1.0218351e+01
   3.1740000e+01   9.0538309e+00
   3.1750000e+01   7.3198990e+00
   3.1760000e+01   5.7318569e+00
   3.1770000e+01   5.0188445e+00
   3.1780000e+01   5.3452914e+00
   3.1790000e+01   5.8671262e+00
   3.1800000e+01   5.2489951e+00
   3.1810000e+01   3.0420128e+00
   3.1820000e+01   2.7528366e-01
   3.1830000e+01  -1.6540107e+00
   3.1840000e+01  -2.3831608e+00
   3.1850000e+01  -2.5736532e+00
   3.1860000e+01  -2.8868670e+00
   3.1870000e+01  -3.5051063e+00
   3.1880000e+01  -4.4513044e+00
   3.1890000e+01  -5.7083843e+00
   3.1900000e+01  -6.9356505e+00
   3.1910000e+01  -7.6005572e+00
   3.1920000e+01  -7.6446152e+00
   3.1930000e+01  -7.7083858e+00
   3.1940000e+01  -8.4064155e+00
   3.1950000e+01  -9.5055981e+00
   3.1960000e+01  -1.0148333e+01
   3.1970000e+01  -9.9978557e+00
   3.1980000e+01  -9.8320849e+00
   3.1990000e+01  -1.0628984e+01
   3.2000000e+01  -1.2274414e+01
   3.2010000e+01  -1.3649441e+01
   3.2020000e+01  -1.3874752e+01
   3.2030000e+01  -1.2985936e+01
   3.2040000e+01  -1.1501273e+01
   3.2050000e+01  -9.9278128e+00
   3.2060000e+01  -8.7630881e+00
   3.2070000e+01  -8.4212518e+00
   3.2080000e+01  -8.8570630e+00
   3.2090000e+01  -9.4974934e+00
   3.2100000e+01  -9.7442662e+00
   3.2110000e+01  -9.4548183e+00
   3.2120000e+01  -8.8491113e+00
   3.2130000e+01  -8.1065260e+00
   3.2140000e+01  -7.2401590e+00
   3.2150000e+01  -6.2788223e+00
   3.2160000e+01  -5.4426413e+00
   3.2170000e+01  -5.1270563e+00
   3.2180000e+01  -5.5475911e+00
   3.2190000e+01  -6.2934781e+00
   3.2200000e+01  -6.4717797e+00
   3.2210000e+01  -5.5105987e+00
   3.2220000e+01  -3.7810619e+00
   3.2230000e+01  -2.2541914e+00
   3.2240000e+01  -1.4662505e+00
   3.2250000e+01  -1.0542591e+00
   3.2260000e+01  -4.5644088e-01
   3.2270000e+01   3.2671424e-01
   3.2280000e+01   9.7895573e-01
   3.2290000e+01   1.4678344e+00
   3.2300000e+01   1.9433668e+00
   3.2310000e+01   2.2474651e+00
   3.2320000e+01   1.9610985e+00
   3.2330000e+01   9.9564675e-01
   3.2340000e+01  -7.0529246e-02
   3.2350000e+01  -3.4459830e-01
   3.2360000e+01   7.1017932e-01
   3.2370000e+01   2.8836399e+00
   3.2380000e+01   5.3798133e+00
   3.2390000e+01   7.3582956e+00
   3.2400000e+01   8.4366186e+00
   3.2410000e+01   8.8218720e+00
   3.2420000e+01   8.9752971e+00
   3.2430000e+01   9.1333105e+00
   3.2440000e+01   9.2745745e+00
   3.2450000e+01   9.4947397e+00
   3.2460000e+01   1.0086183e+01
   3.2470000e+01   1.1127210e+01
   3.2480000e+01   1.2177539e+01
   3.2490000e+01   1.2579906e+01
   3.2500000e+01   1.2135455e+01
   3.2510000e+01   1.1373573e+01
   3.2520000e+01   1.0988748e+01
   3.2530000e+01   1.1097985e+01
   3.2540000e+01   1.1272892e+01
   3.2550000e+01   1.1163895e+01
   3.2560000e+01   1.0793930e+01
   3.2570000e+01   1.0342680e+01
   3.2580000e+01   9.8760403e+00
   3.2590000e+01   9.2625497e+00
   3.2600000e+01   8.3137867e+00
   3.2610000e+01   7.0441390e+00
   3.2620000e+01   5.7610360e+00
   3.2630000e+01   4.7906761e+00
   3.2640000e+01   4.0453699e+00
   3.2650000e+01   2.9807052e+00
   3.2660000e+01   1.1513170e+00
   3.2670000e+01  -1.2001205e+00
   3.2680000e+01  -3.2184531e+00
   3.2690000e+01  -4.1870778e+00
   3.2700000e+01  -4.1874203e+00
   3.2710000e+01  -3.9503595e+00
   3.2720000e+01  -4.1505502e+00
   3.2730000e+01  -4.8856699e+00
   3.2740000e+01  -5.6887695e+00
   3.2750000e+01  -6.0417952e+00
   3.2760000e+01  -5.9271795e+00
   3.2770000e+01  -5.7641772e+00
   3.2780000e+01  -5.8350479e+00
   3.2790000e+01  -5.9597212e+00
   3.2800000e+01  -5.7250936e+00
   3.2810000e+01  -4.8833249e+00
   3.2820000e+01  -3.5485161e+00
   3.2830000e+01  -2.1532417e+00
   3.2840000e+01  -1.1475820e+00
   3.2850000e+01  -6.2156015e-01
   3.2860000e+01  -3.4733487e-01
   3.2870000e+01  -1.8606129e-01
   3.2880000e+01  -2.0687471e-01
   3.2890000e+01  -3.6704705e-01
   3.2900000e+01  -3.5084798e-01
   3.2910000e+01   2.1426613e-02
   3.2920000e+01   4.4492671e-01
   3.2930000e+01   6.2353179e-01
   3.2940000e+01   8.9256556e-01
   3.2950000e+01   1.8177721e+00
   3.2960000e+01   3.3379553e+00
   3.2970000e+01   4.7385398e+00
   3.2980000e+01   5.4464991e+00
   3.2990000e+01   5.6353455e+00
   3.3000000e+01   5.8922307e+00
   3.3010000e+01   6.3632648e+00
   3.3020000e+01   6.5643770e+00
   3.3030000e+01   6.0728103e+00
   3.3040000e+01   5.0217011e+00
   3.3050000e+01   3.7097967e+00
   3.3060000e+01   2.0397092e+00
   3.3070000e+01  -1.8393578e-01
   3.3080000e+01  -2.5411447e+00
   3.3090000e+01  -4.1998211e+00
   3.3100000e+01  -4.8445360e+00
   3.3110000e+01  -4.9579158e+00
   3.3120000e+01  -5.2025111e+00
   3.3130000e+01  -5.7749085e+00
   3.3140000e+01  -6.3677757e+00
   3.3150000e+01  -6.6005761e+00
   3.3160000e+01  -6.3277001e+00
   3.3170000e+01  -5.5983992e+00
   3.3180000e+01  -4.5077337e+00
   3.3190000e+01  -3.0902649e+00
   3.3200000e+01  -1.3459932e+00
   3.3210000e+01   5.6142055e-01
   3.3220000e+01   2.2124523e+00
   3.3230000e+01   3.1885612e+00
   3.3240000e+01   3.3977106e+00
   3.3250000e+01   2.9996814e+00
   3.3260000e+01   2.0399549e+00
   3.3270000e+01   4.3543171e-01
   3.3280000e+01  -1.5874119e+00
   3.3290000e+01  -3.3522768e+00
   3.3300000e+01  -4.2817259e+00
   3.3310000e+01  -4.4846550e+00
   3.3320000e+01  -4.6315358e+00
   3.3330000e+01  -5.2885213e+00
   3.3340000e+01  -6.4206533e+00
   3.3350000e+01  -7.4246119e+00
   3.3360000e+01  -7.6717859e+00
   3.3370000e+01  -7.1435212e+00
   3.3380000e+01  -6.3718557e+00
   3.3390000e+01  -5.7243242e+00
   3.3400000e+01  -5.1356462e+00
   3.3410000e+01  -4.5423359e+00
   3.3420000e+01  -4.0509177e+00
   3.3430000e+01  -3.6483281e+00
   3.3440000e+01  -3.2086975e+00
   3.3450000e+01  -2.7703743e+00
   3.3460000e+01  -2.4644199e+00
   3.3470000e+01  -2.2745245e+00
   3.3480000e+01  -2.1869446e+00
   3.3490000e+01  -2.4874253e+00
   3.3500000e+01  -3.6077274e+00
   3.3510000e+01  -5.6017701e+00
   3.3520000e+01  -7.8432165e+00
   3.3530000e+01  -9.3358457e+00
   3.3540000e+01  -9.4366344e+00
   3.3550000e+01  -8.2827836e+00
   3.3560000e+01  -6.5100192e+00
   3.3570000e+01  -4.7328690e+00
   3.3580000e+01  -3.3587131e+00
   3.3590000e+01  -2.5666030e+00
   3.3600000e+01  -2.1157206e+00
   3.3610000e+01  -1.2868222e+00
   3.3620000e+01   5.3545295e-01
   3.3630000e+01   3.0149096e+00
   3.3640000e+01   4.9045130e+00
   3.3650000e+01   5.2709552e+00
   3.3660000e+01   4.5989628e+00
   3.3670000e+01   4.3384815e+00
   3.3680000e+01   5.2333014e+00
   3.3690000e+01   6.4284670e+00
   3.3700000e+01   6.4603506e+00
   3.3710000e+01   4.8638336e+00
   3.3720000e+01   2.5601484e+00
   3.3730000e+01   8.0332512e-01
   3.3740000e+01   6.5994535e-02
   3.3750000e+01  -4.7363639e-03
   3.3760000e+01   8.0123821e-02
   3.3770000e+01   1.8920326e-01
   3.3780000e+01   6.3962502e-01
   3.3790000e+01   1.7240572e+00
   3.3800000e+01   3.1628086e+00
   3.3810000e+01   4.3233625e+00
   3.3820000e+01   5.0114136e+00
   3.3830000e+01   5.7290809e+00
   3.3840000e+01   7.0677323e+00
   3.3850000e+01   9.0121430e+00
   3.3860000e+01   1.0960355e+01
   3.3870000e+01   1.2332987e+01
   3.3880000e+01   1.2954681e+01
   3.3890000e+01   1.2926058e+01
   3.3900000e+01   1.2446784e+01
   3.3910000e+01   1.1768163e+01
   3.3920000e+01   1.1072413e+01
   3.3930000e+01   1.0387912e+01
   3.3940000e+01   9.6808650e+00
   3.3950000e+01   8.8897194e+00
   3.3960000e+01   7.8771209e+00
   3.3970000e+01   6.5503624e+00
   3.3980000e+01   5.0399575e+00
   3.3990000e+01   3.6566495e+00
   3.4000000e+01   2.6815360e+00
   3.4010000e+01   2.2119769e+00
   3.4020000e+01   2.1406061e+00
   3.4030000e+01   2.2540362e+00
   3.4040000e+01   2.4244429e+00
   3.4050000e+01   2.7037218e+00
   3.4060000e+01   3.1375339e+00
   3.4070000e+01   3.5371499e+00
   3.4080000e+01   3.5863949e+00
   3.4090000e+01   3.1300755e+00
   3.4100000e+01   2.2264751e+00
   3.4110000e+01   1.0214055e+00
   3.4120000e+01  -3.0675551e-01
   3.4130000e+01  -1.5658011e+00
   3.4140000e+01  -2.5723806e+00
   3.4150000e+01  -3.2172823e+00
   3.4160000e+01  -3.6447215e+00
   3.4170000e+01  -4.2822303e+00
   3.4180000e+01  -5.4817242e+00
   3.4190000e+01  -7.1249448e+00
   3.4200000e+01  -8.7440436e+00
   3.4210000e+01  -1.0086511e+01
   3.4220000e+01  -1.1339203e+01
   3.4230000e+01  -1.2678624e+01
   3.4240000e+01  -1.3863065e+01
   3.4250000e+01  -1.4436115e+01
   3.4260000e+01  -1.4256308e+01
   3.4270000e+01  -1.3742084e+01
   3.4280000e+01  -1.3460383e+01
   3.4290000e+01  -1.3508355e+01
   3.4300000e+01  -1.3549330e+01
   3.4310000e+01  -1.3363280e+01
   3.4320000e+01  -1.3054628e+01
   3.4330000e+01  -1.2795076e+01
   3.4340000e+01  -1.2616399e+01
   3.4350000e+01  -1.2440088e+01
   3.4360000e+01  -1.2124978e+01
   3.4370000e+01  -1.1500215e+01
   3.4380000e+01  -1.0537387e+01
   3.4390000e+01  -9.4657179e+00
   3.4400000e+01  -8.5598393e+00
   3.4410000e+01  -7.8376076e+00
   3.4420000e+01  -7.0694900e+00
   3.4430000e+01  -6.0612994e+00
   3.4440000e+01  -4.8025441e+00
   3.4450000e+01  -3.3601734e+00
   3.4460000e+01  -1.8510583e+00
   3.4470000e+01  -5.0604352e-01
   3.4480000e+01   5.1942297e-01
   3.4490000e+01   1.3689670e+00
   3.4500000e+01   2.2666432e+00
   3.4510000e+01   3.1799462e+00
   3.4520000e+01   3.9453553e+00
   3.4530000e+01   4.5877807e+00
   3.4540000e+01   5.2959812e+00
   3.4550000e+01   6.2155268e+00
   3.4560000e+01   7.3522024e+00
   3.4570000e+01   8.4951812e+00
   3.4580000e+01   9.2993003e+00
   3.4590000e+01   9.6487032e+00
   3.4600000e+01   9.8044118e+00
   3.4610000e+01   1.0058256e+01
   3.4620000e+01   1.0392634e+01
   3.4630000e+01   1.0617451e+01
   3.4640000e+01   1.0711720e+01
   3.4650000e+01   1.0788410e+01
   3.4660000e+01   1.0823368e+01
   3.4670000e+01   1.0737112e+01
   3.4680000e+01   1.0693752e+01
   3.4690000e+01   1.1033581e+01
   3.4700000e+01   1.1841752e+01
   3.4710000e+01   1.2727825e+01
   3.4720000e+01   1.3168586e+01
   3.4730000e+01   1.3009552e+01
   3.4740000e+01   1.2515036e+01
   3.4750000e+01   1.2015793e+01
   3.4760000e+01   1.1588724e+01
   3.4770000e+01   1.1006072e+01
   3.4780000e+01   1.0021743e+01
   3.4790000e+01   8.7361625e+00
   3.4800000e+01   7.5358396e+00
   3.4810000e+01   6.7020865e+00
   3.4820000e+01   6.2783801e+00
   3.4830000e+01   6.2318257e+00
   3.4840000e+01   6.5373190e+00
   3.4850000e+01   7.1081720e+00
   3.4860000e+01   7.6865318e+00
   3.4870000e+01   7.8799482e+00
   3.4880000e+01   7.4671246e+00
   3.4890000e+01   6.6485801e+00
   3.4900000e+01   5.8695145e+00
   3.4910000e+01   5.4420309e+00
   3.4920000e+01   5.3730522e+00
   3.4930000e+01   5.4573776e+00
   3.4940000e+01   5.4731363e+00
   3.4950000e+01   5.2494900e+00
   3.4960000e+01   4.6250409e+00
   3.4970000e+01   3.5783819e+00
   3.4980000e+01   2.3904349e+00
   3.4990000e+01   1.3951954e+00
   3.5000000e+01   5.1841914e-01
   3.5010000e+01  -7.1110123e-01
   3.5020000e+01  -2.5996660e+00
   3.5030000e+01  -4.8825866e+00
   3.5040000e+01  -6.9500227e+00
   3.5050000e+01  -8.3701859e+00
   3.5060000e+01  -9.1725647e+00
   3.5070000e+01  -9.7054910e+00
   3.5080000e+01  -1.0267419e+01
   3.5090000e+01  -1.0898089e+01
   3.5100000e+01  -1.1431368e+01
   3.5110000e+01  -1.1654512e+01
   3.5120000e+01  -1.1495764e+01
   3.5130000e+01  -1.1112864e+01
   3.5140000e+01  -1.0786522e+01
   3.5150000e+01  -1.0738323e+01
   3.5160000e+01  -1.1029475e+01
   3.5170000e+01  -1.1577877e+01
   3.5180000e+01  -1.2184931e+01
   3.5190000e+01  -1.2567508e+01
   3.5200000e+01  -1.2561759e+01
   3.5210000e+01  -1.2334631e+01
   3.5220000e+01  -1.2236921e+01
   3.5230000e+01  -1.2428095e+01
   3.5240000e+01  -1.2720646e+01
   3.5250000e+01  -1.2806897e+01
   3.5260000e+01  -1.2602216e+01
   3.5270000e+01  -1.2310314e+01
   3.5280000e+01  -1.2191324e+01
   3.5290000e+01  -1.2318069e+01
   3.5300000e+01  -1.2528440e+01
   3.5310000e+01  -1.2578450e+01
   3.5320000e+01  -1.2277203e+01
   3.5330000e+01  -1.1526137e+01
   3.5340000e+01  -1.0362671e+01
   3.5350000e+01  -8.9240662e+00
   3.5360000e+01  -7.3384862e+00
   3.5370000e+01  -5.6728812e+00
   3.5380000e+01  -3.8957841e+00
   3.5390000e+01  -1.9217189e+00
   3.5400000e+01   1.4571268e-01
   3.5410000e+01   1.8465981e+00
   3.5420000e+01   2.6496057e+00
   3.5430000e+01   2.5235462e+00
   3.5440000e+01   2.1243248e+00
   3.5450000e+01   2.2621623e+00
   3.5460000e+01   3.1902044e+00
   3.5470000e+01   4.4465030e+00
   3.5480000e+01   5.3300466e+00
   3.5490000e+01   5.5130922e+00
   3.5500000e+01   5.2632653e+00
   3.5510000e+01   5.1747200e+00
   3.5520000e+01   5.7231197e+00
   3.5530000e+01   6.9735024e+00
   3.5540000e+01   8.5449141e+00
   3.5550000e+01   9.8421812e+00
   3.5560000e+01   1.0496096e+01
   3.5570000e+01   1.0649291e+01
   3.5580000e+01   1.0767330e+01
   3.5590000e+01   1.1227674e+01
   3.5600000e+01   1.2079917e+01
   3.5610000e+01   1.3048977e+01
   3.5620000e+01   1.3721108e+01
   3.5630000e+01   1.3797302e+01
   3.5640000e+01   1.3283622e+01
   3.5650000e+01   1.2539871e+01
   3.5660000e+01   1.2049033e+01
   3.5670000e+01   1.1950797e+01
   3.5680000e+01   1.1807815e+01
   3.5690000e+01   1.0956690e+01
   3.5700000e+01   9.1138479e+00
   3.5710000e+01   6.5755153e+00
   3.5720000e+01   3.8904702e+00
   3.5730000e+01   1.5387303e+00
   3.5740000e+01  -1.0269220e-01
   3.5750000e+01  -7.9610698e-01
   3.5760000e+01  -6.3526448e-01
   3.5770000e+01  -1.2513709e-01
   3.5780000e+01   9.8476018e-02
   3.5790000e+01  -2.4170109e-01
   3.5800000e+01  -8.6066728e-01
   3.5810000e+01  -1.2705701e+00
   3.5820000e+01  -1.2798904e+00
   3.5830000e+01  -1.0608213e+00
   3.5840000e+01  -8.7524360e-01
   3.5850000e+01  -8.6523655e-01
   3.5860000e+01  -1.0172712e+00
   3.5870000e+01  -1.2325484e+00
   3.5880000e+01  -1.4159378e+00
   3.5890000e+01  -1.5297773e+00
   3.5900000e+01  -1.6248294e+00
   3.5910000e+01  -1.7897386e+00
   3.5920000e+01  -2.0306496e+00
   3.5930000e+01  -2.2945310e+00
   3.5940000e+01  -2.6454444e+00
   3.5950000e+01  -3.2571485e+00
   3.5960000e+01  -4.1678505e+00
   3.5970000e+01  -5.1843913e+00
   3.5980000e+01  -6.0620065e+00
   3.5990000e+01  -6.6922991e+00
   3.6000000e+01  -7.1089111e+00
   3.6010000e+01  -7.3659389e+00
   3.6020000e+01  -7.5120897e+00
   3.6030000e+01  -7.6611631e+00
   3.6040000e+01  -7.8593715e+00
   3.6050000e+01  -7.8691348e+00
   3.6060000e+01  -7.3108331e+00
   3.6070000e+01  -6.0468237e+00
   3.6080000e+01  -4.3420125e+00
   3.6090000e+01  -2.6955210e+00
   3.6100000e+01  -1.5678666e+00
   3.6110000e+01  -1.1697572e+00
   3.6120000e+01  -1.3394256e+00
   3.6130000e+01  -1.5693921e+00
   3.6140000e+01  -1.2476144e+00
   3.6150000e+01  -7.6942172e-02
   3.6160000e+01   1.5759453e+00
   3.6170000e+01   2.8913171e+00
   3.6180000e+01   3.3748063e+00
   3.6190000e+01   3.3150530e+00
   3.6200000e+01   3.3155025e+00
   3.6210000e+01   3.5267924e+00
   3.6220000e+01   3.5716593e+00
   3.6230000e+01   3.1631691e+00
   3.6240000e+01   2.4912144e+00
   3.6250000e+01   1.9480802e+00
   3.6260000e+01   1.7500742e+00
   3.6270000e+01   1.9050041e+00
   3.6280000e+01   2.3471115e+00
   3.6290000e+01   2.9813877e+00
   3.6300000e+01   3.5995935e+00
   3.6310000e+01   3.8455250e+00
   3.6320000e+01   3.4215043e+00
   3.6330000e+01   2.3481361e+00
   3.6340000e+01   9.3492200e-01
   3.6350000e+01  -4.6536018e-01
   3.6360000e+01  -1.6003484e+00
   3.6370000e+01  -2.3337229e+00
   3.6380000e+01  -2.7083377e+00
   3.6390000e+01  -2.9881844e+00
   3.6400000e+01  -3.4865954e+00
   3.6410000e+01  -4.3542107e+00
   3.6420000e+01  -5.6131010e+00
   3.6430000e+01  -7.2041449e+00
   3.6440000e+01  -8.7894422e+00
   3.6450000e+01  -9.7249689e+00
   3.6460000e+01  -9.5556575e+00
   3.6470000e+01  -8.5501201e+00
   3.6480000e+01  -7.5791741e+00
   3.6490000e+01  -7.3690686e+00
   3.6500000e+01  -7.8717627e+00
   3.6510000e+01  -8.3563175e+00
   3.6520000e+01  -8.1250307e+00
   3.6530000e+01  -7.1880445e+00
   3.6540000e+01  -6.1687614e+00
   3.6550000e+01  -5.5095904e+00
   3.6560000e+01  -4.9790349e+00
   3.6570000e+01  -4.0969871e+00
   3.6580000e+01  -2.8293974e+00
   3.6590000e+01  -1.6184564e+00
   3.6600000e+01  -8.2049987e-01
   3.6610000e+01  -3.6494978e-01
   3.6620000e+01   1.3525866e-02
   3.6630000e+01   4.3002759e-01
   3.6640000e+01   8.4567535e-01
   3.6650000e+01   1.2491363e+00
   3.6660000e+01   1.7354938e+00
   3.6670000e+01   2.4482961e+00
   3.6680000e+01   3.3822412e+00
   3.6690000e+01   4.2327510e+00
   3.6700000e+01   4.5763769e+00
   3.6710000e+01   4.2356206e+00
   3.6720000e+01   3.4845331e+00
   3.6730000e+01   2.9092717e+00
   3.6740000e+01   2.9943141e+00
   3.6750000e+01   3.8465883e+00
   3.6760000e+01   5.2515912e+00
   3.6770000e+01   6.7999380e+00
   3.6780000e+01   8.0061496e+00
   3.6790000e+01   8.5420722e+00
   3.6800000e+01   8.4352606e+00
   3.6810000e+01   7.9964817e+00
   3.6820000e+01   7.5772830e+00
   3.6830000e+01   7.3948977e+00
   3.6840000e+01   7.4346666e+00
   3.6850000e+01   7.4732418e+00
   3.6860000e+01   7.3087302e+00
   3.6870000e+01   6.9213117e+00
   3.6880000e+01   6.3666222e+00
   3.6890000e+01   5.6810043e+00
   3.6900000e+01   4.9741220e+00
   3.6910000e+01   4.5196357e+00
   3.6920000e+01   4.6249828e+00
   3.6930000e+01   5.2803175e+00
   3.6940000e+01   5.9806606e+00
   3.6950000e+01   6.0993413e+00
   3.6960000e+01   5.4361493e+00
   3.6970000e+01   4.3481377e+00
   3.6980000e+01   3.5083236e+00
   3.6990000e+01   3.4630655e+00
   3.7000000e+01   4.0913496e+00
   3.7010000e+01   4.5725746e+00
   3.7020000e+01   4.2213982e+00
   3.7030000e+01   3.2466279e+00
   3.7040000e+01   2.3689135e+00
   3.7050000e+01   1.8779712e+00
   3.7060000e+01   1.3990995e+00
   3.7070000e+01   4.1982044e-01
   3.7080000e+01  -1.1407221e+00
   3.7090000e+01  -2.8108194e+00
   3.7100000e+01  -4.0519484e+00
   3.7110000e+01  -4.8399128e+00
   3.7120000e+01  -5.5990184e+00
   3.7130000e+01  -6.6643402e+00
   3.7140000e+01  -8.0266884e+00
   3.7150000e+01  -9.4588018e+00
   3.7160000e+01  -1.0633954e+01
   3.7170000e+01  -1.1248094e+01
   3.7180000e+01  -1.1243861e+01
   3.7190000e+01  -1.0861117e+01
   3.7200000e+01  -1.0391540e+01
   3.7210000e+01  -9.9296826e+00
   3.7220000e+01  -9.3837898e+00
   3.7230000e+01  -8.7023428e+00
   3.7240000e+01  -8.0117957e+00
   3.7250000e+01  -7.4217004e+00
   3.7260000e+01  -6.7906258e+00
   3.7270000e+01  -5.9150191e+00
   3.7280000e+01  -4.9224728e+00
   3.7290000e+01  -4.2411991e+00
   3.7300000e+01  -4.0625222e+00
   3.7310000e+01  -4.0098521e+00
   3.7320000e+01  -3.5754904e+00
   3.7330000e+01  -2.7449898e+00
   3.7340000e+01  -1.9393181e+00
   3.7350000e+01  -1.4840025e+00
   3.7360000e+01  -1.3946675e+00
   3.7370000e+01  -1.5781095e+00
   3.7380000e+01  -1.9015247e+00
   3.7390000e+01  -2.0656632e+00
   3.7400000e+01  -1.7847289e+00
   3.7410000e+01  -1.1439511e+00
   3.7420000e+01  -5.0906170e-01
   3.7430000e+01  -6.4313851e-02
   3.7440000e+01   4.0840319e-01
   3.7450000e+01   1.2314323e+00
   3.7460000e+01   2.3714532e+00
   3.7470000e+01   3.4030494e+00
   3.7480000e+01   3.9064678e+00
   3.7490000e+01   3.8093025e+00
   3.7500000e+01   3.4171402e+00
   3.7510000e+01   3.1880362e+00
   3.7520000e+01   3.3988809e+00
   3.7530000e+01   3.9616185e+00
   3.7540000e+01   4.5854804e+00
   3.7550000e+01   5.1167137e+00
   3.7560000e+01   5.6521392e+00
   3.7570000e+01   6.3032366e+00
   3.7580000e+01   6.9596837e+00
   3.7590000e+01   7.3867934e+00
   3.7600000e+01   7.4961357e+00
   3.7610000e+01   7.4274273e+00
   3.7620000e+01   7.4035503e+00
   3.7630000e+01   7.5476919e+00
   3.7640000e+01   7.7682738e+00
   3.7650000e+01   7.7796465e+00
   3.7660000e+01   7.3199457e+00
   3.7670000e+01   6.4026149e+00
   3.7680000e+01   5.3103305e+00
   3.7690000e+01   4.3910761e+00
   3.7700000e+01   3.9508549e+00
   3.7710000e+01   4.1957583e+00
   3.7720000e+01   5.0509784e+00
   3.7730000e+01   6.0932091e+00
   3.7740000e+01   6.8243467e+00
   3.7750000e+01   7.0132662e+00
   3.7760000e+01   6.7920072e+00
   3.7770000e+01   6.4647152e+00
   3.7780000e+01   6.1511895e+00
   3.7790000e+01   5.6723857e+00
   3.7800000e+01   4.9107552e+00
   3.7810000e+01   4.0891414e+00
   3.7820000e+01   3.4837793e+00
   3.7830000e+01   3.0622599e+00
   3.7840000e+01   2.6095546e+00
   3.7850000e+01   2.0573421e+00
   3.7860000e+01   1.4735020e+00
   3.7870000e+01   7.4769867e-01
   3.7880000e+01  -4.5233663e-01
   3.7890000e+01  -2.1807650e+00
   3.7900000e+01  -3.8360266e+00
   3.7910000e+01  -4.6702699e+00
   3.7920000e+01  -4.6682746e+00
   3.7930000e+01  -4.5665855e+00
   3.7940000e+01  -4.9902466e+00
   3.7950000e+01  -5.8779287e+00
   3.7960000e+01  -6.7162830e+00
   3.7970000e+01  -7.0516709e+00
   3.7980000e+01  -6.7998667e+00
   3.7990000e+01  -6.2535608e+00
   3.8000000e+01  -5.8242490e+00
   3.8010000e+01  -5.7171900e+00
   3.8020000e+01  -5.8195154e+00
   3.8030000e+01  -5.9266923e+00
   3.8040000e+01  -6.0572885e+00
   3.8050000e+01  -6.3910620e+00
   3.8060000e+01  -6.8720821e+00
   3.8070000e+01  -7.1238805e+00
   3.8080000e+01  -6.8863938e+00
   3.8090000e+01  -6.3552772e+00
   3.8100000e+01  -5.9901578e+00
   3.8110000e+01  -6.1175930e+00
   3.8120000e+01  -6.7136113e+00
   3.8130000e+01  -7.3861198e+00
   3.8140000e+01  -7.6013300e+00
   3.8150000e+01  -7.1440324e+00
   3.8160000e+01  -6.3760485e+00
   3.8170000e+01  -5.9276858e+00
   3.8180000e+01  -6.1033678e+00
   3.8190000e+01  -6.5599758e+00
   3.8200000e+01  -6.5545273e+00
   3.8210000e+01  -5.6252781e+00
   3.8220000e+01  -4.0813859e+00
   3.8230000e+01  -2.7206844e+00
   3.8240000e+01  -2.0872615e+00
   3.8250000e+01  -2.1013279e+00
   3.8260000e+01  -2.2783190e+00
   3.8270000e+01  -2.1259563e+00
   3.8280000e+01  -1.4459417e+00
   3.8290000e+01  -4.3097237e-01
   3.8300000e+01   5.5778227e-01
   3.8310000e+01   1.3303127e+00
   3.8320000e+01   1.9520993e+00
   3.8330000e+01   2.5020028e+00
   3.8340000e+01   2.8535036e+00
   3.8350000e+01   2.8855587e+00
   3.8360000e+01   2.8243747e+00
   3.8370000e+01   3.0755621e+00
   3.8380000e+01   3.7564348e+00
   3.8390000e+01   4.6197108e+00
   3.8400000e+01   5.3574585e+00
   3.8410000e+01   5.7863203e+00
   3.8420000e+01   5.8655724e+00
   3.8430000e+01   5.7436941e+00
   3.8440000e+01   5.6699389e+00
   3.8450000e+01   5.7427377e+00
   3.8460000e+01   5.8536865e+00
   3.8470000e+01   5.8844040e+00
   3.8480000e+01   5.8576050e+00
   3.8490000e+01   5.8474830e+00
   3.8500000e+01   5.7739824e+00
   3.8510000e+01   5.4672444e+00
   3.8520000e+01   4.9774139e+00
   3.8530000e+01   4.6165338e+00
   3.8540000e+01   4.6929878e+00
   3.8550000e+01   5.2811183e+00
   3.8560000e+01   6.1141124e+00
   3.8570000e+01   6.7390892e+00
   3.8580000e+01   6.9353317e+00
   3.8590000e+01   6.8863752e+00
   3.8600000e+01   6.8964476e+00
   3.8610000e+01   7.0571221e+00
   3.8620000e+01   7.1785916e+00
   3.8630000e+01   6.9817386e+00
   3.8640000e+01   6.4131735e+00
   3.8650000e+01   5.7876962e+00
   3.8660000e+01   5.4833531e+00
   3.8670000e+01   5.4808989e+00
   3.8680000e+01   5.3633471e+00
   3.8690000e+01   4.7891270e+00
   3.8700000e+01   3.9016753e+00
   3.8710000e+01   3.2151537e+00
   3.8720000e+01   3.0302051e+00
   3.8730000e+01   3.0880803e+00
   3.8740000e+01   2.9130397e+00
   3.8750000e+01   2.3229538e+00
   3.8760000e+01   1.4810676e+00
   3.8770000e+01   6.1852255e-01
   3.8780000e+01  -8.5409548e-02
   3.8790000e+01  -4.3681838e-01
   3.8800000e+01  -3.2183461e-01
   3.8810000e+01   7.5961972e-02
   3.8820000e+01   3.2789540e-01
   3.8830000e+01   9.6320065e-02
   3.8840000e+01  -6.5967663e-01
   3.8850000e+01  -1.7688487e+00
   3.8860000e+01  -2.9370909e+00
   3.8870000e+01  -3.7612337e+00
   3.8880000e+01  -3.9578115e+00
   3.8890000e+01  -3.6750564e+00
   3.8900000e+01  -3.3551185e+00
   3.8910000e+01  -3.2743035e+00
   3.8920000e+01  -3.4023616e+00
   3.8930000e+01  -3.6237629e+00
   3.8940000e+01  -3.8793654e+00
   3.8950000e+01  -4.1253905e+00
   3.8960000e+01  -4.3372583e+00
   3.8970000e+01  -4.5930355e+00
   3.8980000e+01  -5.0249642e+00
   3.8990000e+01  -5.6121238e+00
   3.9000000e+01  -6.0994206e+00
   3.9010000e+01  -6.2480833e+00
   3.9020000e+01  -6.1256242e+00
   3.9030000e+01  -5.9697175e+00
   3.9040000e+01  -5.8496386e+00
   3.9050000e+01  -5.6921227e+00
   3.9060000e+01  -5.5188151e+00
   3.9070000e+01  -5.4706246e+00
   3.9080000e+01  -5.6758111e+00
   3.9090000e+01  -6.0858564e+00
   3.9100000e+01  -6.3856783e+00
   3.9110000e+01  -6.2172085e+00
   3.9120000e+01  -5.5621826e+00
   3.9130000e+01  -4.8042440e+00
   3.9140000e+01  -4.3987749e+00
   3.9150000e+01  -4.5081046e+00
   3.9160000e+01  -4.9059898e+00
   3.9170000e+01  -5.1996759e+00
   3.9180000e+01  -5.1670660e+00
   3.9190000e+01  -4.8691990e+00
   3.9200000e+01  -4.4443595e+00
   3.9210000e+01  -3.9225276e+00
   3.9220000e+01  -3.2774247e+00
   3.9230000e+01  -2.5371296e+00
   3.9240000e+01  -1.8352200e+00
   3.9250000e+01  -1.3596915e+00
   3.9260000e+01  -1.1639379e+00
   3.9270000e+01  -1.0958267e+00
   3.9280000e+01  -9.8844382e-01
   3.9290000e+01  -8.0179818e-01
   3.9300000e+01  -5.7055067e-01
   3.9310000e+01  -3.2282209e-01
   3.9320000e+01  -2.9615075e-02
   3.9330000e+01   3.6418015e-01
   3.9340000e+01   8.0931679e-01
   3.9350000e+01   1.1349639e+00
   3.9360000e+01   1.2652043e+00
   3.9370000e+01   1.4123547e+00
   3.9380000e+01   1.9089576e+00
   3.9390000e+01   2.7832000e+00
   3.9400000e+01   3.6025400e+00
   3.9410000e+01   3.8719284e+00
   3.9420000e+01   3.6049812e+00
   3.9430000e+01   3.3388588e+00
   3.9440000e+01   3.4720069e+00
   3.9450000e+01   3.7592539e+00
   3.9460000e+01   3.6125870e+00
   3.9470000e+01   2.7959856e+00
   3.9480000e+01   1.7149716e+00
   3.9490000e+01   1.0275798e+00
   3.9500000e+01   9.9430195e-01
   3.9510000e+01   1.3072992e+00
   3.9520000e+01   1.5902427e+00
   3.9530000e+01   1.7875679e+00
   3.9540000e+01   1.9124833e+00
   3.9550000e+01   1.7831404e+00
   3.9560000e+01   1.2891359e+00
   3.9570000e+01   6.5415797e-01
   3.9580000e+01   1.5496235e-01
   3.9590000e+01  -2.6178177e-01
   3.9600000e+01  -8.2375452e-01
   3.9610000e+01  -1.4634049e+00
   3.9620000e+01  -1.7937733e+00
   3.9630000e+01  -1.6518118e+00
   3.9640000e+01  -1.3950046e+00
   3.9650000e+01  -1.4333927e+00
   3.9660000e+01  -1.6888550e+00
   3.9670000e+01  -1.7794176e+00
   3.9680000e+01  -1.5838262e+00
   3.9690000e+01  -1.4314330e+00
   3.9700000e+01  -1.8261168e+00
   3.9710000e+01  -2.9658313e+00
   3.9720000e+01  -4.4003174e+00
   3.9730000e+01  -5.3233021e+00
   3.9740000e+01  -5.3361626e+00
   3.9750000e+01  -4.7435005e+00
   3.9760000e+01  -4.0776811e+00
   3.9770000e+01  -3.5627700e+00
   3.9780000e+01  -3.0968133e+00
   3.9790000e+01  -2.5747633e+00
   3.9800000e+01  -2.0824913e+00
   3.9810000e+01  -1.7896140e+00
   3.9820000e+01  -1.6825144e+00
   3.9830000e+01  -1.3962700e+00
   3.9840000e+01  -4.2682257e-01
   3.9850000e+01   1.3135455e+00
   3.9860000e+01   3.2196362e+00
   3.9870000e+01   4.4832111e+00
   3.9880000e+01   4.8011093e+00
   3.9890000e+01   4.4723914e+00
   3.9900000e+01   4.0251631e+00
   3.9910000e+01   3.9490523e+00
   3.9920000e+01   4.5155918e+00
   3.9930000e+01   5.5257780e+00
   3.9940000e+01   6.3838073e+00
   3.9950000e+01   6.6885379e+00
   3.9960000e+01   6.5874935e+00
   3.9970000e+01   6.4018215e+00
   3.9980000e+01   6.2398566e+00
   3.9990000e+01   6.1565866e+00
   4.0000000e+01   6.3241256e+00
   4.0010000e+01   6.8024852e+00
   4.0020000e+01   7.3661848e+00
   4.0030000e+01   7.7586469e+00
   4.0040000e+01   7.9792514e+00
   4.0050000e+01   8.1563772e+00
   4.0060000e+01   8.2734607e+00
   4.0070000e+01   8.2166475e+00
   4.0080000e+01   8.0218363e+00
   4.0090000e+01   7.8396608e+00
   4.0100000e+01   7.6108951e+00
   4.0110000e+01   7.0121476e+00
   4.0120000e+01   5.8307713e+00
   4.0130000e+01   4.2477184e+00
   4.0140000e+01   2.7380550e+00
   4.0150000e+01   1.7569720e+00
   4.0160000e+01   1.4166588e+00
   4.0170000e+01   1.4184638e+00
   4.0180000e+01   1.3428676e+00
   4.0190000e+01   9.5933738e-01
   4.0200000e+01   2.7286638e-01
   4.0210000e+01  -5.7987800e-01
   4.0220000e+01  -1.4047576e+00
   4.0230000e+01  -2.0061089e+00
   4.0240000e+01  -2.3139380e+00
   4.0250000e+01  -2.4960542e+00
   4.0260000e+01  -2.8358858e+00
   4.0270000e+01  -3.4321195e+00
   4.0280000e+01  -4.1124784e+00
   4.0290000e+01  -4.6793851e+00
   4.0300000e+01  -5.0790646e+00
   4.0310000e+01  -5.2991553e+00
   4.0320000e+01  -5.3246792e+00
   4.0330000e+01  -5.2470350e+00
   4.0340000e+01  -5.2591629e+00
   4.0350000e+01  -5.5366478e+00
   4.0360000e+01  -6.1102565e+00
   4.0370000e+01  -6.7486803e+00
   4.0380000e+01  -7.0771646e+00
   4.0390000e+01  -6.8785134e+00
   4.0400000e+01  -6.1393870e+00
   4.0410000e+01  -4.9342630e+00
   4.0420000e+01  -3.4939163e+00
   4.0430000e+01  -2.2375622e+00
   4.0440000e+01  -1.4974689e+00
   4.0450000e+01  -1.2136394e+00
   4.0460000e+01  -9.9984631e-01
   4.0470000e+01  -5.4729001e-01
   4.0480000e+01   6.0269256e-02
   4.0490000e+01   4.7773055e-01
   4.0500000e+01   5.5949396e-01
   4.0510000e+01   5.7217963e-01
   4.0520000e+01   8.1070827e-01
   4.0530000e+01   1.1507085e+00
   4.0540000e+01   1.2319228e+00
   4.0550000e+01   9.9768750e-01
   4.0560000e+01   8.1122338e-01
   4.0570000e+01   9.9863675e-01
   4.0580000e+01   1.4231142e+00
   4.0590000e+01   1.6944943e+00
   4.0600000e+01   1.7244472e+00
   4.0610000e+01   1.8007114e+00
   4.0620000e+01   2.1639308e+00
   4.0630000e+01   2.7879217e+00
   4.0640000e+01   3.5391110e+00
   4.0650000e+01   4.2794434e+00
   4.0660000e+01   4.7874510e+00
   4.0670000e+01   4.8059462e+00
   4.0680000e+01   4.2717853e+00
   4.0690000e+01   3.4425807e+00
   4.0700000e+01   2.6967385e+00
   4.0710000e+01   2.1260404e+00
   4.0720000e+01   1.4368299e+00
   4.0730000e+01   3.8271897e-01
   4.0740000e+01  -8.2465093e-01
   4.0750000e+01  -1.6611660e+00
   4.0760000e+01  -1.8163707e+00
   4.0770000e+01  -1.5279890e+00
   4.0780000e+01  -1.3442577e+00
   4.0790000e+01  -1.5496661e+00
   4.0800000e+01  -1.9430427e+00
   4.0810000e+01  -2.1670345e+00
   4.0820000e+01  -2.0380854e+00
   4.0830000e+01  -1.5852180e+00
   4.0840000e+01  -1.0236280e+00
   4.0850000e+01  -6.6150416e-01
   4.0860000e+01  -6.4941210e-01
   4.0870000e+01  -8.7498890e-01
   4.0880000e+01  -1.1749328e+00
   4.0890000e+01  -1.5228729e+00
   4.0900000e+01  -1.9291784e+00
   4.0910000e+01  -2.2819370e+00
   4.0920000e+01  -2.4706923e+00
   4.0930000e+01  -2.6220837e+00
   4.0940000e+01  -2.9475729e+00
   4.0950000e+01  -3.3627660e+00
   4.0960000e+01  -3.5444521e+00
   4.0970000e+01  -3.3745371e+00
   4.0980000e+01  -3.1016181e+00
   4.0990000e+01  -3.0456487e+00
   4.1000000e+01  -3.2701623e+00
   4.1010000e+01  -3.5448419e+00
   4.1020000e+01  -3.5981067e+00
   4.1030000e+01  -3.4371713e+00
   4.1040000e+01  -3.3610369e+00
   4.1050000e+01  -3.5508955e+00
   4.1060000e+01  -3.7090010e+00
   4.1070000e+01  -3.3471505e+00
   4.1080000e+01  -2.4542022e+00
   4.1090000e+01  -1.5579976e+00
   4.1100000e+01  -1.1160552e+00
   4.1110000e+01  -1.1284476e+00
   4.1120000e+01  -1.2872558e+00
   4.1130000e+01  -1.2874738e+00
   4.1140000e+01  -1.0004743e+00
   4.1150000e+01  -4.9942101e-01
   4.1160000e+01  -2.7764835e-02
   4.1170000e+01   1.4009080e-01
   4.1180000e+01  -7.1787547e-02
   4.1190000e+01  -4.5412056e-01
   4.1200000e+01  -6.9605089e-01
   4.1210000e+01  -7.1379729e-01
   4.1220000e+01  -7.5175370e-01
   4.1230000e+01  -1.0107889e+00
   4.1240000e+01  -1.2674152e+00
   4.1250000e+01  -1.1279701e+00
   4.1260000e+01  -6.1737864e-01
   4.1270000e+01  -1.8835514e-01
   4.1280000e+01  -1.2651052e-01
   4.1290000e+01  -2.6117453e-01
   4.1300000e+01  -2.5989982e-01
   4.1310000e+01   4.7513741e-02
   4.1320000e+01   5.5235628e-01
   4.1330000e+01   9.4947581e-01
   4.1340000e+01   1.0855901e+00
   4.1350000e+01   1.1498676e+00
   4.1360000e+01   1.3221423e+00
   4.1370000e+01   1.4498307e+00
   4.1380000e+01   1.3343220e+00
   4.1390000e+01   1.1707566e+00
   4.1400000e+01   1.4097308e+00
   4.1410000e+01   2.1499576e+00
   4.1420000e+01   2.8684783e+00
   4.1430000e+01   2.8943224e+00
   4.1440000e+01   2.0881379e+00
   4.1450000e+01   9.5789940e-01
   4.1460000e+01   1.6783035e-01
   4.1470000e+01   1.4582991e-02
   4.1480000e+01   2.4270874e-01
   4.1490000e+01   3.0130331e-01
   4.1500000e+01  -6.5201449e-02
   4.1510000e+01  -5.4866567e-01
   4.1520000e+01  -7.7115307e-01
   4.1530000e+01  -8.3651079e-01
   4.1540000e+01  -1.0686043e+00
   4.1550000e+01  -1.3201397e+00
   4.1560000e+01  -1.0109627e+00
   4.1570000e+01  -1.4767704e-02
   4.1580000e+01   9.1831743e-01
   4.1590000e+01   9.7856761e-01
   4.1600000e+01   2.8967261e-01
   4.1610000e+01  -2.7204798e-01
   4.1620000e+01  -1.5820611e-01
   4.1630000e+01   2.9744307e-01
   4.1640000e+01   4.6970216e-01
   4.1650000e+01   2.0890215e-01
   4.1660000e+01  -1.9665580e-01
   4.1670000e+01  -4.5772286e-01
   4.1680000e+01  -4.4146503e-01
   4.1690000e+01  -1.7710579e-01
   4.1700000e+01   1.6109720e-01
   4.1710000e+01   4.8139394e-01
   4.1720000e+01   9.4839824e-01
   4.1730000e+01   1.7287866e+00
   4.1740000e+01   2.7082894e+00
   4.1750000e+01   3.6440681e+00
   4.1760000e+01   4.4078840e+00
   4.1770000e+01   4.9139572e+00
   4.1780000e+01   5.0269833e+00
   4.1790000e+01   4.8063931e+00
   4.1800000e+01   4.7147692e+00
   4.1810000e+01   5.2584385e+00
   4.1820000e+01   6.3615093e+00
   4.1830000e+01   7.3064482e+00
   4.1840000e+01   7.4289210e+00
   4.1850000e+01   6.7889972e+00
   4.1860000e+01   6.0364560e+00
   4.1870000e+01   5.6547910e+00
   4.1880000e+01   5.5432851e+00
   4.1890000e+01   5.3950736e+00
   4.1900000e+01   5.1541514e+00
   4.1910000e+01   4.8929366e+00
   4.1920000e+01   4.5236984e+00
   4.1930000e+01   3.8619389e+00
   4.1940000e+01   2.8830813e+00
   4.1950000e+01   1.8501486e+00
   4.1960000e+01   1.1859453e+00
   4.1970000e+01   1.1090426e+00
   4.1980000e+01   1.3582847e+00
   4.1990000e+01   1.4437120e+00
   4.2000000e+01   1.2043306e+00
   4.2010000e+01   9.3784286e-01
   4.2020000e+01   9.7616746e-01
   4.2030000e+01   1.2870783e+00
   4.2040000e+01   1.4882225e+00
   4.2050000e+01   1.2122785e+00
   4.2060000e+01   4.7863158e-01
   4.2070000e+01  -3.6770095e-01
   4.2080000e+01  -1.0815719e+00
   4.2090000e+01  -1.7173949e+00
   4.2100000e+01  -2.3813949e+00
   4.2110000e+01  -2.9895402e+00
   4.2120000e+01  -3.4090697e+00
   4.2130000e+01  -3.7041825e+00
   4.2140000e+01  -4.0777773e+00
   4.2150000e+01  -4.6237483e+00
   4.2160000e+01  -5.2268373e+00
   4.2170000e+01  -5.6965981e+00
   4.2180000e+01  -5.9282553e+00
   4.2190000e+01  -5.9062774e+00
   4.2200000e+01  -5.7108166e+00
   4.2210000e+01  -5.5685201e+00
   4.2220000e+01  -5.6804339e+00
   4.2230000e+01  -5.9721059e+00
   4.2240000e+01  -6.1761926e+00
   4.2250000e+01  -6.1432058e+00
   4.2260000e+01  -5.9525012e+00
   4.2270000e+01  -5.7450234e+00
   4.2280000e+01  -5.5667311e+00
   4.2290000e+01  -5.4195421e+00
   4.2300000e+01  -5.4102876e+00
   4.2310000e+01  -5.7076173e+00
   4.2320000e+01  -6.2563982e+00
   4.2330000e+01  -6.6837284e+00
   4.2340000e+01  -6.6527572e+00
   4.2350000e+01  -6.2023952e+00
   4.2360000e+01  -5.6732929e+00
   4.2370000e+01  -5.4262167e+00
   4.2380000e+01  -5.5687204e+00
   4.2390000e+01  -5.8191289e+00
   4.2400000e+01  -5.7347937e+00
   4.2410000e+01  -5.1369822e+00
   4.2420000e+01  -4.2371243e+00
   4.2430000e+01  -3.3379395e+00
   4.2440000e+01  -2.4922801e+00
   4.2450000e+01  -1.5552099e+00
   4.2460000e+01  -4.7999061e-01
   4.2470000e+01   6.5221439e-01
   4.2480000e+01   1.7743332e+00
   4.2490000e+01   2.7576172e+00
   4.2500000e+01   3.3601509e+00
   4.2510000e+01   3.5062288e+00
   4.2520000e+01   3.4879937e+00
   4.2530000e+01   3.6660101e+00
   4.2540000e+01   4.0677161e+00
   4.2550000e+01   4.4635424e+00
   4.2560000e+01   4.7056113e+00
   4.2570000e+01   4.8254861e+00
   4.2580000e+01   4.9071016e+00
   4.2590000e+01   4.9594441e+00
   4.2600000e+01   4.9019662e+00
   4.2610000e+01   4.6875838e+00
   4.2620000e+01   4.4012956e+00
   4.2630000e+01   4.1908576e+00
   4.2640000e+01   4.1336213e+00
   4.2650000e+01   4.1882605e+00
   4.2660000e+01   4.2486895e+00
   4.2670000e+01   4.2422318e+00
   4.2680000e+01   4.1785201e+00
   4.2690000e+01   4.0701502e+00
   4.2700000e+01   3.8561390e+00
   4.2710000e+01   3.5055998e+00
   4.2720000e+01   3.0962241e+00
   4.2730000e+01   2.6822176e+00
   4.2740000e+01   2.2213595e+00
   4.2750000e+01   1.6985746e+00
   4.2760000e+01   1.2177993e+00
   4.2770000e+01   9.3099799e-01
   4.2780000e+01   8.5762026e-01
   4.2790000e+01   7.7128092e-01
   4.2800000e+01   3.7474955e-01
   4.2810000e+01  -3.7436710e-01
   4.2820000e+01  -1.2255283e+00
   4.2830000e+01  -1.9330007e+00
   4.2840000e+01  -2.4619325e+00
   4.2850000e+01  -2.8813000e+00
   4.2860000e+01  -3.1850420e+00
   4.2870000e+01  -3.3143947e+00
   4.2880000e+01  -3.3413501e+00
   4.2890000e+01  -3.5046274e+00
   4.2900000e+01  -3.9437486e+00
   4.2910000e+01  -4.4783582e+00
   4.2920000e+01  -4.7887098e+00
   4.2930000e+01  -4.7457153e+00
   4.2940000e+01  -4.4701012e+00
   4.2950000e+01  -4.1669751e+00
   4.2960000e+01  -3.9805172e+00
   4.2970000e+01  -3.9420868e+00
   4.2980000e+01  -4.0041474e+00
   4.2990000e+01  -4.1155477e+00
   4.3000000e+01  -4.2443858e+00
   4.3010000e+01  -4.3268819e+00
   4.3020000e+01  -4.2484175e+00
   4.3030000e+01  -3.9256169e+00
   4.3040000e+01  -3.3882672e+00
   4.3050000e+01  -2.7567139e+00
   4.3060000e+01  -2.1610818e+00
   4.3070000e+01  -1.6711772e+00
   4.3080000e+01  -1.2462573e+00
   4.3090000e+01  -7.6213453e-01
   4.3100000e+01  -1.5699556e-01
   4.3110000e+01   4.5943633e-01
   4.3120000e+01   9.1949125e-01
   4.3130000e+01   1.2233888e+00
   4.3140000e+01   1.5749757e+00
   4.3150000e+01   2.2010877e+00
   4.3160000e+01   3.1809432e+00
   4.3170000e+01   4.3887977e+00
   4.3180000e+01   5.6137987e+00
   4.3190000e+01   6.7560416e+00
   4.3200000e+01   7.7591892e+00
   4.3210000e+01   8.4175685e+00
   4.3220000e+01   8.5529044e+00
   4.3230000e+01   8.3448960e+00
   4.3240000e+01   8.1502539e+00
   4.3250000e+01   8.0655297e+00
   4.3260000e+01   8.0073204e+00
   4.3270000e+01   8.0127754e+00
   4.3280000e+01   8.1305914e+00
   4.3290000e+01   8.2316292e+00
   4.3300000e+01   8.0971108e+00
   4.3310000e+01   7.6114398e+00
   4.3320000e+01   6.8973949e+00
   4.3330000e+01   6.2405294e+00
   4.3340000e+01   5.8165904e+00
   4.3350000e+01   5.5239299e+00
   4.3360000e+01   5.0496426e+00
   4.3370000e+01   4.1133723e+00
   4.3380000e+01   2.7999035e+00
   4.3390000e+01   1.6303102e+00
   4.3400000e+01   1.0993377e+00
   4.3410000e+01   1.1648490e+00
   4.3420000e+01   1.3665602e+00
   4.3430000e+01   1.3259509e+00
   4.3440000e+01   9.5194975e-01
   4.3450000e+01   3.6250869e-01
   4.3460000e+01  -2.2908913e-01
   4.3470000e+01  -7.3127950e-01
   4.3480000e+01  -1.2972260e+00
   4.3490000e+01  -2.0895968e+00
   4.3500000e+01  -2.9965478e+00
   4.3510000e+01  -3.6618888e+00
   4.3520000e+01  -3.8214060e+00
   4.3530000e+01  -3.6453308e+00
   4.3540000e+01  -3.6085097e+00
   4.3550000e+01  -3.9620537e+00
   4.3560000e+01  -4.5291984e+00
   4.3570000e+01  -4.9986178e+00
   4.3580000e+01  -5.2014227e+00
   4.3590000e+01  -5.1929569e+00
   4.3600000e+01  -5.2160357e+00
   4.3610000e+01  -5.4147044e+00
   4.3620000e+01  -5.5650344e+00
   4.3630000e+01  -5.3538456e+00
   4.3640000e+01  -4.8206661e+00
   4.3650000e+01  -4.2522845e+00
   4.3660000e+01  -3.8370127e+00
   4.3670000e+01  -3.6358686e+00
   4.3680000e+01  -3.6849338e+00
   4.3690000e+01  -3.9645951e+00
   4.3700000e+01  -4.3679503e+00
   4.3710000e+01  -4.7683516e+00
   4.3720000e+01  -5.1028219e+00
   4.3730000e+01  -5.3616641e+00
   4.3740000e+01  -5.4706749e+00
   4.3750000e+01  -5.2796094e+00
   4.3760000e+01  -4.7944755e+00
   4.3770000e+01  -4.2945082e+00
   4.3780000e+01  -4.0421915e+00
   4.3790000e+01  -4.0120010e+00
   4.3800000e+01  -4.0042671e+00
   4.3810000e+01  -3.7962048e+00
   4.3820000e+01  -3.1558298e+00
   4.3830000e+01  -2.0378386e+00
   4.3840000e+01  -7.9162513e-01
   4.3850000e+01   1.1346571e-01
   4.3860000e+01   5.7143203e-01
   4.3870000e+01   8.5049591e-01
   4.3880000e+01   1.1505135e+00
   4.3890000e+01   1.3637868e+00
   4.3900000e+01   1.3450970e+00
   4.3910000e+01   1.2138729e+00
   4.3920000e+01   1.2492075e+00
   4.3930000e+01   1.6107931e+00
   4.3940000e+01   2.2186431e+00
   4.3950000e+01   2.8134484e+00
   4.3960000e+01   3.1366800e+00
   4.3970000e+01   3.1476222e+00
   4.3980000e+01   3.1052065e+00
   4.3990000e+01   3.3440772e+00
   4.4000000e+01   3.9086444e+00
   4.4010000e+01   4.4815722e+00
   4.4020000e+01   4.6797584e+00
   4.4030000e+01   4.3814818e+00
   4.4040000e+01   3.7870629e+00
   4.4050000e+01   3.1838333e+00
   4.4060000e+01   2.6922335e+00
   4.4070000e+01   2.2383545e+00
   4.4080000e+01   1.6924398e+00
   4.4090000e+01   9.9629792e-01
   4.4100000e+01   1.8563572e-01
   4.4110000e+01  -6.5870934e-01
   4.4120000e+01  -1.4699354e+00
   4.4130000e+01  -2.2188740e+00
   4.4140000e+01  -2.8319517e+00
   4.4150000e+01  -3.1067626e+00
   4.4160000e+01  -2.8744868e+00
   4.4170000e+01  -2.2917516e+00
   4.4180000e+01  -1.7678018e+00
   4.4190000e+01  -1.5130163e+00
   4.4200000e+01  -1.3695164e+00
   4.4210000e+01  -1.1593452e+00
   4.4220000e+01  -9.4473419e-01
   4.4230000e+01  -8.5593045e-01
   4.4240000e+01  -8.8243514e-01
   4.4250000e+01  -8.9750398e-01
   4.4260000e+01  -7.6236278e-01
   4.4270000e+01  -4.3236528e-01
   4.4280000e+01  -3.9327338e-02
   4.4290000e+01   2.2718624e-01
   4.4300000e+01   3.5933795e-01
   4.4310000e+01   5.1230817e-01
   4.4320000e+01   7.6584882e-01
   4.4330000e+01   1.0206975e+00
   4.4340000e+01   1.0676465e+00
   4.4350000e+01   7.9033417e-01
   4.4360000e+01   4.1433290e-01
   4.4370000e+01   3.6568621e-01
   4.4380000e+01   7.6405661e-01
   4.4390000e+01   1.3007902e+00
   4.4400000e+01   1.6321153e+00
   4.4410000e+01   1.6494575e+00
   4.4420000e+01   1.4752719e+00
   4.4430000e+01   1.3956956e+00
   4.4440000e+01   1.6169033e+00
   4.4450000e+01   1.9861036e+00
   4.4460000e+01   2.1609107e+00
   4.4470000e+01   2.0749540e+00
   4.4480000e+01   2.0351884e+00
   4.4490000e+01   2.3429876e+00
   4.4500000e+01   2.9727471e+00
   4.4510000e+01   3.6356133e+00
   4.4520000e+01   4.0343198e+00
   4.4530000e+01   4.0634490e+00
   4.4540000e+01   3.8335569e+00
   4.4550000e+01   3.5027022e+00
   4.4560000e+01   3.1386268e+00
   4.4570000e+01   2.7225591e+00
   4.4580000e+01   2.1799635e+00
   4.4590000e+01   1.5029043e+00
   4.4600000e+01   9.2243108e-01
   4.4610000e+01   7.5973453e-01
   4.4620000e+01   1.0193281e+00
   4.4630000e+01   1.3212408e+00
   4.4640000e+01   1.2927040e+00
   4.4650000e+01   9.0605797e-01
   4.4660000e+01   4.2267079e-01
   4.4670000e+01   9.6655755e-02
   4.4680000e+01  -3.2613348e-02
   4.4690000e+01  -8.8901955e-02
   4.4700000e+01  -1.5836740e-01
   4.4710000e+01  -2.4190933e-01
   4.4720000e+01  -3.9823502e-01
   4.4730000e+01  -7.4301953e-01
   4.4740000e+01  -1.2643037e+00
   4.4750000e+01  -1.7930935e+00
   4.4760000e+01  -2.2006186e+00
   4.4770000e+01  -2.5295476e+00
   4.4780000e+01  -2.8883780e+00
   4.4790000e+01  -3.3160082e+00
   4.4800000e+01  -3.7949962e+00
   4.4810000e+01  -4.2570258e+00
   4.4820000e+01  -4.5738713e+00
   4.4830000e+01  -4.7095697e+00
   4.4840000e+01  -4.8054862e+00
   4.4850000e+01  -4.9773909e+00
   4.4860000e+01  -5.1729614e+00
   4.4870000e+01  -5.2992245e+00
   4.4880000e+01  -5.2928741e+00
   4.4890000e+01  -5.0434022e+00
   4.4900000e+01  -4.4720609e+00
   4.4910000e+01  -3.7347038e+00
   4.4920000e+01  -3.1750899e+00
   4.4930000e+01  -2.9801046e+00
   4.4940000e+01  -2.9557571e+00
   4.4950000e+01  -2.7525531e+00
   4.4960000e+01  -2.2647687e+00
   4.4970000e+01  -1.6717181e+00
   4.4980000e+01  -1.1592098e+00
   4.4990000e+01  -7.8394118e-01
   4.5000000e+01  -5.5643513e-01
   4.5010000e+01  -4.9025228e-01
   4.5020000e+01  -5.6147935e-01
   4.5030000e+01  -7.0953044e-01
   4.5040000e+01  -9.0758125e-01
   4.5050000e+01  -1.1728997e+00
   4.5060000e+01  -1.4813070e+00
   4.5070000e+01  -1.7352637e+00
   4.5080000e+01  -1.8339418e+00
   4.5090000e+01  -1.7251797e+00
   4.5100000e+01  -1.4152347e+00
   4.5110000e+01  -9.6055598e-01
   4.5120000e+01  -4.0963445e-01
   4.5130000e+01   2.3713466e-01
   4.5140000e+01   9.7086680e-01
   4.5150000e+01   1.6809826e+00
   4.5160000e+01   2.1854723e+00
   4.5170000e+01   2.4274809e+00
   4.5180000e+01   2.5549161e+00
   4.5190000e+01   2.7312250e+00
   4.5200000e+01   2.9787137e+00
   4.5210000e+01   3.2499879e+00
   4.5220000e+01   3.5454555e+00
   4.5230000e+01   3.8905316e+00
   4.5240000e+01   4.2510924e+00
   4.5250000e+01   4.5365598e+00
   4.5260000e+01   4.6538363e+00
   4.5270000e+01   4.5874299e+00
   4.5280000e+01   4.4941171e+00
   4.5290000e+01   4.6118256e+00
   4.5300000e+01   5.0076228e+00
   4.5310000e+01   5.5199751e+00
   4.5320000e+01   5.9701534e+00
   4.5330000e+01   6.3264961e+00
   4.5340000e+01   6.6024682e+00
   4.5350000e+01   6.6951309e+00
   4.5360000e+01   6.4548174e+00
   4.5370000e+01   5.8520652e+00
   4.5380000e+01   4.9929778e+00
   4.5390000e+01   4.0351929e+00
   4.5400000e+01   3.1126180e+00
   4.5410000e+01   2.2757056e+00
   4.5420000e+01   1.4952231e+00
   4.5430000e+01   7.6527295e-01
   4.5440000e+01   1.9746774e-01
   4.5450000e+01  -3.3898515e-02
   4.5460000e+01   1.2632673e-01
   4.5470000e+01   4.9221422e-01
   4.5480000e+01   7.0395101e-01
   4.5490000e+01   4.4099555e-01
   4.5500000e+01  -3.4935721e-01
   4.5510000e+01  -1.4091552e+00
   4.5520000e+01  -2.3682368e+00
   4.5530000e+01  -2.9779731e+00
   4.5540000e+01  -3.2380954e+00
   4.5550000e+01  -3.3442259e+00
   4.5560000e+01  -3.4665626e+00
   4.5570000e+01  -3.6464021e+00
   4.5580000e+01  -3.9077220e+00
   4.5590000e+01  -4.3054957e+00
   4.5600000e+01  -4.8255808e+00
   4.5610000e+01  -5.3239736e+00
   4.5620000e+01  -5.6164316e+00
   4.5630000e+01  -5.6075484e+00
   4.5640000e+01  -5.3136490e+00
   4.5650000e+01  -4.8513804e+00
   4.5660000e+01  -4.4149641e+00
   4.5670000e+01  -4.1137865e+00
   4.5680000e+01  -3.8398355e+00
   4.5690000e+01  -3.4266670e+00
   4.5700000e+01  -2.9108773e+00
   4.5710000e+01  -2.5066608e+00
   4.5720000e+01  -2.2880153e+00
   4.5730000e+01  -2.0693106e+00
   4.5740000e+01  -1.6937918e+00
   4.5750000e+01  -1.2014783e+00
   4.5760000e+01  -6.4660398e-01
   4.5770000e+01  -2.8712580e-02
   4.5780000e+01   5.4358064e-01
   4.5790000e+01   8.3861897e-01
   4.5800000e+01   7.4219509e-01
   4.5810000e+01   4.3052758e-01
   4.5820000e+01   2.2919203e-01
   4.5830000e+01   3.2864067e-01
   4.5840000e+01   6.8583855e-01
   4.5850000e+01   1.1868783e+00
   4.5860000e+01   1.8381608e+00
   4.5870000e+01   2.6955728e+00
   4.5880000e+01   3.6402820e+00
   4.5890000e+01   4.4310622e+00
   4.5900000e+01   4.9816911e+00
   4.5910000e+01   5.4113440e+00
   4.5920000e+01   5.8346237e+00
   4.5930000e+01   6.1922321e+00
   4.5940000e+01   6.3017269e+00
   4.5950000e+01   6.0824541e+00
   4.5960000e+01   5.6551480e+00
   4.5970000e+01   5.1446541e+00
   4.5980000e+01   4.5040584e+00
   4.5990000e+01   3.6420649e+00
   4.6000000e+01   2.6178197e+00
   4.6010000e+01   1.6138851e+00
   4.6020000e+01   7.9146910e-01
   4.6030000e+01   2.2857580e-01
   4.6040000e+01  -5.0678255e-02
   4.6050000e+01  -4.1701268e-02
   4.6060000e+01   1.7992457e-01
   4.6070000e+01   3.7197514e-01
   4.6080000e+01   2.8567958e-01
   4.6090000e+01  -4.2398053e-02
   4.6100000e+01  -3.5521293e-01
   4.6110000e+01  -5.0206025e-01
   4.6120000e+01  -5.0390186e-01
   4.6130000e+01  -4.0563210e-01
   4.6140000e+01  -2.6781559e-01
   4.6150000e+01  -2.3015445e-01
   4.6160000e+01  -4.3935357e-01
   4.6170000e+01  -9.2755539e-01
   4.6180000e+01  -1.6127997e+00
   4.6190000e+01  -2.3875941e+00
   4.6200000e+01  -3.1694815e+00
   4.6210000e+01  -3.9018777e+00
   4.6220000e+01  -4.5748165e+00
   4.6230000e+01  -5.2487108e+00
   4.6240000e+01  -5.9772637e+00
   4.6250000e+01  -6.6831596e+00
   4.6260000e+01  -7.1852553e+00
   4.6270000e+01  -7.3629010e+00
   4.6280000e+01  -7.2364282e+00
   4.6290000e+01  -6.9091690e+00
   4.6300000e+01  -6.4980509e+00
   4.6310000e+01  -6.0969447e+00
   4.6320000e+01  -5.7387380e+00
   4.6330000e+01  -5.3800495e+00
   4.6340000e+01  -4.9310511e+00
   4.6350000e+01  -4.3099254e+00
   4.6360000e+01  -3.4834015e+00
   4.6370000e+01  -2.4586088e+00
   4.6380000e+01  -1.3165269e+00
   4.6390000e+01  -2.8276959e-01
   4.6400000e+01   3.5996244e-01
   4.6410000e+01   4.7954518e-01
   4.6420000e+01   2.2566302e-01
   4.6430000e+01  -3.9181146e-02
   4.6440000e+01  -2.8040839e-02
   4.6450000e+01   2.4193238e-01
   4.6460000e+01   5.6274005e-01
   4.6470000e+01   8.0827776e-01
   4.6480000e+01   9.8692907e-01
   4.6490000e+01   1.1040746e+00
   4.6500000e+01   1.1689251e+00
   4.6510000e+01   1.2670374e+00
   4.6520000e+01   1.4391334e+00
   4.6530000e+01   1.6172079e+00
   4.6540000e+01   1.7735323e+00
   4.6550000e+01   1.9590259e+00
   4.6560000e+01   2.2023700e+00
   4.6570000e+01   2.4746895e+00
   4.6580000e+01   2.7042065e+00
   4.6590000e+01   2.8474856e+00
   4.6600000e+01   2.9770889e+00
   4.6610000e+01   3.2131505e+00
   4.6620000e+01   3.5626191e+00
   4.6630000e+01   3.9224801e+00
   4.6640000e+01   4.2512964e+00
   4.6650000e+01   4.6149938e+00
   4.6660000e+01   5.0046459e+00
   4.6670000e+01   5.2346424e+00
   4.6680000e+01   5.1116361e+00
   4.6690000e+01   4.6556530e+00
   4.6700000e+01   4.1360127e+00
   4.6710000e+01   3.8260657e+00
   4.6720000e+01   3.6735598e+00
   4.6730000e+01   3.3819932e+00
   4.6740000e+01   2.8166569e+00
   4.6750000e+01   2.1378960e+00
   4.6760000e+01   1.5998915e+00
   4.6770000e+01   1.3039512e+00
   4.6780000e+01   1.1388770e+00
   4.6790000e+01   9.9132793e-01
   4.6800000e+01   8.5913937e-01
   4.6810000e+01   6.7210864e-01
   4.6820000e+01   2.6742509e-01
   4.6830000e+01  -3.1809115e-01
   4.6840000e+01  -7.7118721e-01
   4.6850000e+01  -8.7248642e-01
   4.6860000e+01  -7.4403614e-01
   4.6870000e+01  -6.5630173e-01
   4.6880000e+01  -8.1373159e-01
   4.6890000e+01  -1.2880569e+00
   4.6900000e+01  -1.9451718e+00
   4.6910000e+01  -2.5249310e+00
   4.6920000e+01  -2.8807342e+00
   4.6930000e+01  -3.0212844e+00
   4.6940000e+01  -2.9647054e+00
   4.6950000e+01  -2.7192822e+00
   4.6960000e+01  -2.3450444e+00
   4.6970000e+01  -1.9064873e+00
   4.6980000e+01  -1.4278077e+00
   4.6990000e+01  -9.5760866e-01
   4.7000000e+01  -5.9352007e-01
   4.7010000e+01  -3.9561033e-01
   4.7020000e+01  -3.3646694e-01
   4.7030000e+01  -3.4453012e-01
   4.7040000e+01  -3.5617057e-01
   4.7050000e+01  -3.3979644e-01
   4.7060000e+01  -2.8054005e-01
   4.7070000e+01  -1.5157994e-01
   4.7080000e+01   6.2142240e-02
   4.7090000e+01   3.1468125e-01
   4.7100000e+01   5.0628680e-01
   4.7110000e+01   5.5245260e-01
   4.7120000e+01   4.4533818e-01
   4.7130000e+01   2.7391591e-01
   4.7140000e+01   1.9248641e-01
   4.7150000e+01   3.0226653e-01
   4.7160000e+01   5.5618764e-01
   4.7170000e+01   8.5022111e-01
   4.7180000e+01   1.1698622e+00
   4.7190000e+01   1.5412754e+00
   4.7200000e+01   1.8842445e+00
   4.7210000e+01   2.0686889e+00
   4.7220000e+01   2.0965650e+00
   4.7230000e+01   2.0788547e+00
   4.7240000e+01   2.0483055e+00
   4.7250000e+01   1.8865817e+00
   4.7260000e+01   1.4466417e+00
   4.7270000e+01   7.6486824e-01
   4.7280000e+01   1.3895935e-01
   4.7290000e+01  -1.0600330e-01
   4.7300000e+01   1.9336138e-02
   4.7310000e+01   1.4429163e-01
   4.7320000e+01  -3.4605836e-02
   4.7330000e+01  -4.4324047e-01
   4.7340000e+01  -8.2993633e-01
   4.7350000e+01  -1.0957533e+00
   4.7360000e+01  -1.3334293e+00
   4.7370000e+01  -1.6152256e+00
   4.7380000e+01  -1.8245392e+00
   4.7390000e+01  -1.7829310e+00
   4.7400000e+01  -1.5179652e+00
   4.7410000e+01  -1.2563838e+00
   4.7420000e+01  -1.1333270e+00
   4.7430000e+01  -1.0467481e+00
   4.7440000e+01  -8.3996794e-01
   4.7450000e+01  -5.2294287e-01
   4.7460000e+01  -2.6046429e-01
   4.7470000e+01  -2.0439210e-01
   4.7480000e+01  -3.9582884e-01
   4.7490000e+01  -8.0873815e-01
   4.7500000e+01  -1.4120124e+00
   4.7510000e+01  -2.1526868e+00
   4.7520000e+01  -2.9248981e+00
   4.7530000e+01  -3.5854815e+00
   4.7540000e+01  -3.9949778e+00
   4.7550000e+01  -4.1020159e+00
   4.7560000e+01  -4.0100543e+00
   4.7570000e+01  -3.8677212e+00
   4.7580000e+01  -3.7058819e+00
   4.7590000e+01  -3.4738352e+00
   4.7600000e+01  -3.1783359e+00
   4.7610000e+01  -2.8972370e+00
   4.7620000e+01  -2.6587972e+00
   4.7630000e+01  -2.3679474e+00
   4.7640000e+01  -1.9250047e+00
   4.7650000e+01  -1.3828258e+00
   4.7660000e+01  -8.8166786e-01
   4.7670000e+01  -4.6423840e-01
   4.7680000e+01  -7.2816824e-02
   4.7690000e+01   2.8949764e-01
   4.7700000e+01   5.0996145e-01
   4.7710000e+01   5.2124359e-01
   4.7720000e+01   4.3767015e-01
   4.7730000e+01   4.8543641e-01
   4.7740000e+01   8.3215513e-01
   4.7750000e+01   1.4716427e+00
   4.7760000e+01   2.2261973e+00
   4.7770000e+01   2.8814875e+00
   4.7780000e+01   3.3095705e+00
   4.7790000e+01   3.4873853e+00
   4.7800000e+01   3.5166800e+00
   4.7810000e+01   3.5793880e+00
   4.7820000e+01   3.7526789e+00
   4.7830000e+01   3.9421799e+00
   4.7840000e+01   4.0369983e+00
   4.7850000e+01   3.9998816e+00
   4.7860000e+01   3.8094581e+00
   4.7870000e+01   3.4681899e+00
   4.7880000e+01   3.0506366e+00
   4.7890000e+01   2.6457692e+00
   4.7900000e+01   2.3208983e+00
   4.7910000e+01   2.1419004e+00
   4.7920000e+01   2.0771819e+00
   4.7930000e+01   1.9587717e+00
   4.7940000e+01   1.6945286e+00
   4.7950000e+01   1.4049565e+00
   4.7960000e+01   1.2857288e+00
   4.7970000e+01   1.4480154e+00
   4.7980000e+01   1.8563850e+00
   4.7990000e+01   2.3292893e+00
   4.8000000e+01   2.6787578e+00
   4.8010000e+01   2.8993163e+00
   4.8020000e+01   3.1231230e+00
   4.8030000e+01   3.3629066e+00
   4.8040000e+01   3.4274935e+00
   4.8050000e+01   3.1534342e+00
   4.8060000e+01   2.6079248e+00
   4.8070000e+01   2.0057127e+00
   4.8080000e+01   1.4911192e+00
   4.8090000e+01   1.0541615e+00
   4.8100000e+01   6.5186583e-01
   4.8110000e+01   3.0715829e-01
   4.8120000e+01   4.3124991e-02
   4.8130000e+01  -1.8941545e-01
   4.8140000e+01  -5.0117693e-01
   4.8150000e+01  -9.9737838e-01
   4.8160000e+01  -1.6599379e+00
   4.8170000e+01  -2.3235718e+00
   4.8180000e+01  -2.8423558e+00
   4.8190000e+01  -3.1863023e+00
   4.8200000e+01  -3.3418586e+00
   4.8210000e+01  -3.2844819e+00
   4.8220000e+01  -3.0703411e+00
   4.8230000e+01  -2.8439682e+00
   4.8240000e+01  -2.7415420e+00
   4.8250000e+01  -2.7977706e+00
   4.8260000e+01  -2.9317665e+00
   4.8270000e+01  -3.0164456e+00
   4.8280000e+01  -2.9991986e+00
   4.8290000e+01  -2.9744160e+00
   4.8300000e+01  -3.0754125e+00
   4.8310000e+01  -3.3037898e+00
   4.8320000e+01  -3.5459733e+00
   4.8330000e+01  -3.6994774e+00
   4.8340000e+01  -3.6932074e+00
   4.8350000e+01  -3.4764698e+00
   4.8360000e+01  -3.0791290e+00
   4.8370000e+01  -2.6258414e+00
   4.8380000e+01  -2.2496075e+00
   4.8390000e+01  -1.9977999e+00
   4.8400000e+01  -1.7900680e+00
   4.8410000e+01  -1.4625385e+00
   4.8420000e+01  -9.3833489e-01
   4.8430000e+01  -3.7863387e-01
   4.8440000e+01  -4.6803336e-02
   4.8450000e+01   3.4116640e-02
   4.8460000e+01   1.5768072e-01
   4.8470000e+01   5.5027151e-01
   4.8480000e+01   1.0420953e+00
   4.8490000e+01   1.3089434e+00
   4.8500000e+01   1.3151134e+00
   4.8510000e+01   1.2722511e+00
   4.8520000e+01   1.2640388e+00
   4.8530000e+01   1.1845441e+00
   4.8540000e+01   1.0049634e+00
   4.8550000e+01   8.6480190e-01
   4.8560000e+01   8.8892049e-01
   4.8570000e+01   1.0917320e+00
   4.8580000e+01   1.4434909e+00
   4.8590000e+01   1.8431130e+00
   4.8600000e+01   2.0935550e+00
   4.8610000e+01   2.0880786e+00
   4.8620000e+01   1.9347370e+00
   4.8630000e+01   1.7881286e+00
   4.8640000e+01   1.6693583e+00
   4.8650000e+01   1.5663221e+00
   4.8660000e+01   1.5643252e+00
   4.8670000e+01   1.6569979e+00
   4.8680000e+01   1.5971226e+00
   4.8690000e+01   1.1833152e+00
   4.8700000e+01   5.5121594e-01
   4.8710000e+01   4.2207841e-02
   4.8720000e+01  -1.2753446e-01
   4.8730000e+01  -2.0672925e-02
   4.8740000e+01   1.3997954e-01
   4.8750000e+01   1.4636364e-01
   4.8760000e+01  -1.0981067e-01
   4.8770000e+01  -5.6522315e-01
   4.8780000e+01  -1.0054730e+00
   4.8790000e+01  -1.2757149e+00
   4.8800000e+01  -1.4349808e+00
   4.8810000e+01  -1.6223390e+00
   4.8820000e+01  -1.8470395e+00
   4.8830000e+01  -2.0109102e+00
   4.8840000e+01  -2.0502305e+00
   4.8850000e+01  -1.9710589e+00
   4.8860000e+01  -1.8303108e+00
   4.8870000e+01  -1.7248239e+00
   4.8880000e+01  -1.7696707e+00
   4.8890000e+01  -2.0622295e+00
   4.8900000e+01  -2.5714179e+00
   4.8910000e+01  -3.0549711e+00
   4.8920000e+01  -3.2406216e+00
   4.8930000e+01  -3.0973591e+00
   4.8940000e+01  -2.7932059e+00
   4.8950000e+01  -2.4374350e+00
   4.8960000e+01  -2.0049189e+00
   4.8970000e+01  -1.4644464e+00
   4.8980000e+01  -8.9679554e-01
   4.8990000e+01  -4.7170295e-01
   4.9000000e+01  -2.4167474e-01
   4.9010000e+01  -3.2819386e-03
   4.9020000e+01   4.8217014e-01
   4.9030000e+01   1.1830207e+00
   4.9040000e+01   1.8317934e+00
   4.9050000e+01   2.1918233e+00
   4.9060000e+01   2.2181185e+00
   4.9070000e+01   2.0447728e+00
   4.9080000e+01   1.8897012e+00
   4.9090000e+01   1.9017373e+00
   4.9100000e+01   2.0644343e+00
   4.9110000e+01   2.2826376e+00
   4.9120000e+01   2.4916047e+00
   4.9130000e+01   2.6362076e+00
   4.9140000e+01   2.6440468e+00
   4.9150000e+01   2.4891861e+00
   4.9160000e+01   2.2635783e+00
   4.9170000e+01   2.1482744e+00
   4.9180000e+01   2.2623423e+00
   4.9190000e+01   2.5317720e+00
   4.9200000e+01   2.7798461e+00
   4.9210000e+01   2.9294679e+00
   4.9220000e+01   3.0040730e+00
   4.9230000e+01   3.0201822e+00
   4.9240000e+01   3.0390215e+00
   4.9250000e+01   3.1682387e+00
   4.9260000e+01   3.3749215e+00
   4.9270000e+01   3.4866841e+00
   4.9280000e+01   3.4104740e+00
   4.9290000e+01   3.1469027e+00
   4.9300000e+01   2.6423460e+00
   4.9310000e+01   1.8411414e+00
   4.9320000e+01   8.7965615e-01
   4.9330000e+01   5.2760409e-02
   4.9340000e+01  -4.9123902e-01
   4.9350000e+01  -8.8598118e-01
   4.9360000e+01  -1.2996797e+00
   4.9370000e+01  -1.7149688e+00
   4.9380000e+01  -2.0527895e+00
   4.9390000e+01  -2.3649343e+00
   4.9400000e+01  -2.7364141e+00
   4.9410000e+01  -3.0739944e+00
   4.9420000e+01  -3.1682424e+00
   4.9430000e+01  -2.9581682e+00
   4.9440000e+01  -2.6473365e+00
   4.9450000e+01  -2.4961806e+00
   4.9460000e+01  -2.5232233e+00
   4.9470000e+01  -2.5425505e+00
   4.9480000e+01  -2.4395814e+00
   4.9490000e+01  -2.2681267e+00
   4.9500000e+01  -2.1389701e+00
   4.9510000e+01  -2.0878405e+00
   4.9520000e+01  -2.0874190e+00
   4.9530000e+01  -2.1592646e+00
   4.9540000e+01  -2.3203991e+00
   4.9550000e+01  -2.4565126e+00
   4.9560000e+01  -2.4283294e+00
   4.9570000e+01  -2.2806021e+00
   4.9580000e+01  -2.2060763e+00
   4.9590000e+01  -2.2844378e+00
   4.9600000e+01  -2.3826174e+00
   4.9610000e+01  -2.3129172e+00
   4.9620000e+01  -1.9620717e+00
   4.9630000e+01  -1.3604330e+00
   4.9640000e+01  -6.9170535e-01
   4.9650000e+01  -9.1443274e-02
   4.9660000e+01   5.0716921e-01
   4.9670000e+01   1.2364950e+00
   4.9680000e+01   2.0824165e+00
   4.9690000e+01   2.8072847e+00
   4.9700000e+01   3.1331722e+00
   4.9710000e+01   3.0617652e+00
   4.9720000e+01   2.8795848e+00
   4.9730000e+01   2.8223699e+00
   4.9740000e+01   2.8868003e+00
   4.9750000e+01   2.9655102e+00
   4.9760000e+01   2.9961671e+00
   4.9770000e+01   2.9601383e+00
   4.9780000e+01   2.8925586e+00
   4.9790000e+01   2.8781613e+00
   4.9800000e+01   2.8950439e+00
   4.9810000e+01   2.7765187e+00
   4.9820000e+01   2.4748516e+00
   4.9830000e+01   2.1926701e+00
   4.9840000e+01   2.1342496e+00
   4.9850000e+01   2.2874366e+00
   4.9860000e+01   2.4895454e+00
   4.9870000e+01   2.5667353e+00
   4.9880000e+01   2.4118920e+00
   4.9890000e+01   2.0270788e+00
   4.9900000e+01   1.5376752e+00
   4.9910000e+01   1.1311880e+00
   4.9920000e+01   8.7239632e-01
   4.9930000e+01   6.0047539e-01
   4.9940000e+01   1.5316734e-01
   4.9950000e+01  -3.5596717e-01
   4.9960000e+01  -6.6557566e-01
   4.9970000e+01  -7.5560060e-01
   4.9980000e+01  -9.0039006e-01
   4.9990000e+01  -1.2693025e+00
   5.0000000e+01  -1.6510200e+00
   5.0010000e+01  -1.6593850e+00
   5.0020000e+01  -1.1547393e+00
   5.0030000e+01  -4.4358720e-01
   5.0040000e+01   2.3995555e-03
   5.0050000e+01   3.8829653e-03
   5.0060000e+01  -2.7383892e-01
   5.0070000e+01  -6.1452883e-01
   5.0080000e+01  -9.2725344e-01
   5.0090000e+01  -1.1959590e+00
   5.0100000e+01  -1.3863144e+00
   5.0110000e+01  -1.4659225e+00
   5.0120000e+01  -1.5149247e+00
   5.0130000e+01  -1.7079429e+00
   5.0140000e+01  -2.0951810e+00
   5.0150000e+01  -2.5126101e+00
   5.0160000e+01  -2.7978737e+00
   5.0170000e+01  -2.9615427e+00
   5.0180000e+01  -3.0877223e+00
   5.0190000e+01  -3.1927457e+00
   5.0200000e+01  -3.2119072e+00
   5.0210000e+01  -3.0626127e+00
   5.0220000e+01  -2.7562001e+00
   5.0230000e+01  -2.4514034e+00
   5.0240000e+01  -2.2777806e+00
   5.0250000e+01  -2.1462987e+00
   5.0260000e+01  -1.9102262e+00
   5.0270000e+01  -1.6026005e+00
   5.0280000e+01  -1.3069031e+00
   5.0290000e+01  -9.9295425e-01
   5.0300000e+01  -7.0458542e-01
   5.0310000e+01  -6.6505239e-01
   5.0320000e+01  -1.0072468e+00
   5.0330000e+01  -1.5654225e+00
   5.0340000e+01  -1.9904631e+00
   5.0350000e+01  -2.0347052e+00
   5.0360000e+01  -1.7731858e+00
   5.0370000e+01  -1.4953914e+00
   5.0380000e+01  -1.3632878e+00
   5.0390000e+01  -1.2924689e+00
   5.0400000e+01  -1.1301640e+00
   5.0410000e+01  -7.9888934e-01
   5.0420000e+01  -3.0688083e-01
   5.0430000e+01   2.4063485e-01
   5.0440000e+01   6.7550974e-01
   5.0450000e+01   9.2556563e-01
   5.0460000e+01   1.0882084e+00
   5.0470000e+01   1.2587876e+00
   5.0480000e+01   1.3922586e+00
   5.0490000e+01   1.4538950e+00
   5.0500000e+01   1.5494795e+00
   5.0510000e+01   1.7457385e+00
   5.0520000e+01   1.9286584e+00
   5.0530000e+01   1.9858793e+00
   5.0540000e+01   1.9921706e+00
   5.0550000e+01   2.0705425e+00
   5.0560000e+01   2.1722891e+00
   5.0570000e+01   2.1798527e+00
   5.0580000e+01   2.1267269e+00
   5.0590000e+01   2.1135797e+00
   5.0600000e+01   2.1041007e+00
   5.0610000e+01   1.9964284e+00
   5.0620000e+01   1.8542793e+00
   5.0630000e+01   1.8541715e+00
   5.0640000e+01   1.9704278e+00
   5.0650000e+01   1.9681637e+00
   5.0660000e+01   1.7743484e+00
   5.0670000e+01   1.5382665e+00
   5.0680000e+01   1.2623168e+00
   5.0690000e+01   7.5191822e-01
   5.0700000e+01  -1.6885214e-02
   5.0710000e+01  -8.0971178e-01
   5.0720000e+01  -1.3875426e+00
   5.0730000e+01  -1.6465356e+00
   5.0740000e+01  -1.6546690e+00
   5.0750000e+01  -1.6740473e+00
   5.0760000e+01  -1.9559878e+00
   5.0770000e+01  -2.4413875e+00
   5.0780000e+01  -2.8041859e+00
   5.0790000e+01  -2.8072754e+00
   5.0800000e+01  -2.5314447e+00
   5.0810000e+01  -2.2507943e+00
   5.0820000e+01  -2.1358854e+00
   5.0830000e+01  -2.1243766e+00
   5.0840000e+01  -2.0827725e+00
   5.0850000e+01  -1.9837340e+00
   5.0860000e+01  -1.8518532e+00
   5.0870000e+01  -1.6996357e+00
   5.0880000e+01  -1.5964434e+00
   5.0890000e+01  -1.6219382e+00
   5.0900000e+01  -1.7260657e+00
   5.0910000e+01  -1.7738473e+00
   5.0920000e+01  -1.7202719e+00
   5.0930000e+01  -1.6437508e+00
   5.0940000e+01  -1.5953711e+00
   5.0950000e+01  -1.4967288e+00
   5.0960000e+01  -1.2420648e+00
   5.0970000e+01  -8.5477765e-01
   5.0980000e+01  -4.5025556e-01
   5.0990000e+01  -6.6145647e-02
   5.1000000e+01   3.2486624e-01
   5.1010000e+01   6.7761120e-01
   5.1020000e+01   9.4640626e-01
   5.1030000e+01   1.2180205e+00
   5.1040000e+01   1.5785150e+00
   5.1050000e+01   1.9394360e+00
   5.1060000e+01   2.1607600e+00
   5.1070000e+01   2.2722144e+00
   5.1080000e+01   2.3956551e+00
   5.1090000e+01   2.4752656e+00
   5.1100000e+01   2.3402989e+00
   5.1110000e+01   2.0691866e+00
   5.1120000e+01   1.9779223e+00
   5.1130000e+01   2.1896078e+00
   5.1140000e+01   2.5219806e+00
   5.1150000e+01   2.7967484e+00
   5.1160000e+01   2.9606454e+00
   5.1170000e+01   2.9463379e+00
   5.1180000e+01   2.6717790e+00
   5.1190000e+01   2.1907459e+00
   5.1200000e+01   1.7153312e+00
   5.1210000e+01   1.4463867e+00
   5.1220000e+01   1.4253042e+00
   5.1230000e+01   1.5946206e+00
   5.1240000e+01   1.9430821e+00
   5.1250000e+01   2.4630980e+00
   5.1260000e+01   2.9800910e+00
   5.1270000e+01   3.1996774e+00
   5.1280000e+01   2.9993867e+00
   5.1290000e+01   2.5539346e+00
   5.1300000e+01   2.1248143e+00
   5.1310000e+01   1.8225140e+00
   5.1320000e+01   1.5607780e+00
   5.1330000e+01   1.1841748e+00
   5.1340000e+01   6.7866238e-01
   5.1350000e+01   2.0246708e-01
   5.1360000e+01  -1.6556075e-01
   5.1370000e+01  -5.3465393e-01
   5.1380000e+01  -9.5648504e-01
   5.1390000e+01  -1.3163318e+00
   5.1400000e+01  -1.5472440e+00
   5.1410000e+01  -1.7112328e+00
   5.1420000e+01  -1.8558366e+00
   5.1430000e+01  -1.9547350e+00
   5.1440000e+01  -1.9824762e+00
   5.1450000e+01  -2.0005569e+00
   5.1460000e+01  -2.1397830e+00
   5.1470000e+01  -2.4295758e+00
   5.1480000e+01  -2.6720267e+00
   5.1490000e+01  -2.6126456e+00
   5.1500000e+01  -2.2659436e+00
   5.1510000e+01  -1.9665531e+00
   5.1520000e+01  -2.0333959e+00
   5.1530000e+01  -2.4347596e+00
   5.1540000e+01  -2.8548957e+00
   5.1550000e+01  -3.0632727e+00
   5.1560000e+01  -3.1010117e+00
   5.1570000e+01  -3.0812235e+00
   5.1580000e+01  -2.9849475e+00
   5.1590000e+01  -2.7705925e+00
   5.1600000e+01  -2.5213068e+00
   5.1610000e+01  -2.3513061e+00
   5.1620000e+01  -2.2746135e+00
   5.1630000e+01  -2.2307396e+00
   5.1640000e+01  -2.1622444e+00
   5.1650000e+01  -2.0297696e+00
   5.1660000e+01  -1.7789899e+00
   5.1670000e+01  -1.3723541e+00
   5.1680000e+01  -8.9580720e-01
   5.1690000e+01  -5.2203166e-01
   5.1700000e+01  -3.3042970e-01
   5.1710000e+01  -2.8688997e-01
   5.1720000e+01  -3.6866792e-01
   5.1730000e+01  -5.5393583e-01
   5.1740000e+01  -7.4479553e-01
   5.1750000e+01  -8.3816269e-01
   5.1760000e+01  -8.0764937e-01
   5.1770000e+01  -6.6638317e-01
   5.1780000e+01  -4.5115319e-01
   5.1790000e+01  -2.3894773e-01
   5.1800000e+01  -9.9133799e-02
   5.1810000e+01  -3.5608622e-02
   5.1820000e+01   2.5099344e-02
   5.1830000e+01   1.9505547e-01
   5.1840000e+01   5.1921827e-01
   5.1850000e+01   9.0537133e-01
   5.1860000e+01   1.2385573e+00
   5.1870000e+01   1.5373986e+00
   5.1880000e+01   1.8947621e+00
   5.1890000e+01   2.2977278e+00
   5.1900000e+01   2.5935017e+00
   5.1910000e+01   2.6834029e+00
   5.1920000e+01   2.6967260e+00
   5.1930000e+01   2.8060848e+00
   5.1940000e+01   2.9495661e+00
   5.1950000e+01   2.9550793e+00
   5.1960000e+01   2.7975379e+00
   5.1970000e+01   2.5402902e+00
   5.1980000e+01   2.2360574e+00
   5.1990000e+01   2.0112335e+00
   5.2000000e+01   1.9807009e+00
   5.2010000e+01   2.0298006e+00
   5.2020000e+01   1.9349998e+00
   5.2030000e+01   1.6892550e+00
   5.2040000e+01   1.5038094e+00
   5.2050000e+01   1.5212316e+00
   5.2060000e+01   1.6710777e+00
   5.2070000e+01   1.7717454e+00
   5.2080000e+01   1.6938748e+00
   5.2090000e+01   1.4561145e+00
   5.2100000e+01   1.1844627e+00
   5.2110000e+01   9.6629579e-01
   5.2120000e+01   7.7443882e-01
   5.2130000e+01   5.4343179e-01
   5.2140000e+01   2.7244890e-01
   5.2150000e+01   1.6250528e-02
   5.2160000e+01  -2.2703423e-01
   5.2170000e+01  -5.4828297e-01
   5.2180000e+01  -9.6086267e-01
   5.2190000e+01  -1.2931839e+00
   5.2200000e+01  -1.3850242e+00
   5.2210000e+01  -1.2876465e+00
   5.2220000e+01  -1.1332048e+00
   5.2230000e+01  -9.3640015e-01
   5.2240000e+01  -6.6130413e-01
   5.2250000e+01  -3.4391457e-01
   5.2260000e+01  -3.6151940e-02
   5.2270000e+01   2.4684053e-01
   5.2280000e+01   4.5297034e-01
   5.2290000e+01   4.7808662e-01
   5.2300000e+01   3.0342749e-01
   5.2310000e+01   5.4316610e-02
   5.2320000e+01  -1.6567029e-01
   5.2330000e+01  -3.9621075e-01
   5.2340000e+01  -6.8559537e-01
   5.2350000e+01  -9.6000266e-01
   5.2360000e+01  -1.1375837e+00
   5.2370000e+01  -1.2314746e+00
   5.2380000e+01  -1.2469369e+00
   5.2390000e+01  -1.1539827e+00
   5.2400000e+01  -1.0156618e+00
   5.2410000e+01  -9.5681451e-01
   5.2420000e+01  -9.8582928e-01
   5.2430000e+01  -9.8088179e-01
   5.2440000e+01  -8.2706129e-01
   5.2450000e+01  -5.1187152e-01
   5.2460000e+01  -1.5383879e-01
   5.2470000e+01   7.2896416e-02
   5.2480000e+01   1.2407081e-01
   5.2490000e+01   1.3879894e-01
   5.2500000e+01   2.2671707e-01
   5.2510000e+01   2.8994723e-01
   5.2520000e+01   1.5122585e-01
   5.2530000e+01  -1.9281391e-01
   5.2540000e+01  -5.3509480e-01
   5.2550000e+01  -7.0102590e-01
   5.2560000e+01  -7.2595637e-01
   5.2570000e+01  -7.2270061e-01
   5.2580000e+01  -7.0651457e-01
   5.2590000e+01  -6.1333765e-01
   5.2600000e+01  -3.9581406e-01
   5.2610000e+01  -5.7286047e-02
   5.2620000e+01   3.7601834e-01
   5.2630000e+01   8.5346076e-01
   5.2640000e+01   1.2674842e+00
   5.2650000e+01   1.5076266e+00
   5.2660000e+01   1.5795049e+00
   5.2670000e+01   1.6107444e+00
   5.2680000e+01   1.6957225e+00
   5.2690000e+01   1.7645087e+00
   5.2700000e+01   1.6854263e+00
   5.2710000e+01   1.4718226e+00
   5.2720000e+01   1.2439379e+00
   5.2730000e+01   1.0305640e+00
   5.2740000e+01   7.8129219e-01
   5.2750000e+01   5.4331910e-01
   5.2760000e+01   4.5497857e-01
   5.2770000e+01   5.4844861e-01
   5.2780000e+01   7.1638374e-01
   5.2790000e+01   8.6501732e-01
   5.2800000e+01   9.4432523e-01
   5.2810000e+01   8.6375610e-01
   5.2820000e+01   5.5384738e-01
   5.2830000e+01   1.5931669e-01
   5.2840000e+01  -1.5346892e-02
   5.2850000e+01   1.1925984e-01
   5.2860000e+01   3.0146749e-01
   5.2870000e+01   2.5111157e-01
   5.2880000e+01  -5.0649308e-02
   5.2890000e+01  -4.4777005e-01
   5.2900000e+01  -7.8513345e-01
   5.2910000e+01  -9.6527632e-01
   5.2920000e+01  -9.8733460e-01
   5.2930000e+01  -9.7593235e-01
   5.2940000e+01  -1.0841775e+00
   5.2950000e+01  -1.3175937e+00
   5.2960000e+01  -1.4934517e+00
   5.2970000e+01  -1.4414701e+00
   5.2980000e+01  -1.1937839e+00
   5.2990000e+01  -9.0948291e-01
   5.3000000e+01  -6.9405741e-01
   5.3010000e+01  -5.3841631e-01
   5.3020000e+01  -3.5373372e-01
   5.3030000e+01  -6.9261071e-02
   5.3040000e+01   2.4131060e-01
   5.3050000e+01   4.0310063e-01
   5.3060000e+01   3.6552498e-01
   5.3070000e+01   2.7306995e-01
   5.3080000e+01   2.4586745e-01
   5.3090000e+01   2.1667558e-01
   5.3100000e+01   6.7106550e-02
   5.3110000e+01  -1.9776992e-01
   5.3120000e+01  -4.7532078e-01
   5.3130000e+01  -6.7461701e-01
   5.3140000e+01  -7.7528058e-01
   5.3150000e+01  -8.1812171e-01
   5.3160000e+01  -8.3940182e-01
   5.3170000e+01  -8.3758657e-01
   5.3180000e+01  -8.1454881e-01
   5.3190000e+01  -7.8556841e-01
   5.3200000e+01  -7.4197739e-01
   5.3210000e+01  -6.6616072e-01
   5.3220000e+01  -5.5676651e-01
   5.3230000e+01  -3.9988945e-01
   5.3240000e+01  -1.9375532e-01
   5.3250000e+01  -6.8913949e-03
   5.3260000e+01   8.6082096e-02
   5.3270000e+01   8.3986059e-02
   5.3280000e+01   1.5670050e-03
   5.3290000e+01  -1.8040796e-01
   5.3300000e+01  -4.3532979e-01
   5.3310000e+01  -6.4311935e-01
   5.3320000e+01  -7.1610440e-01
   5.3330000e+01  -7.2044016e-01
   5.3340000e+01  -7.8168341e-01
   5.3350000e+01  -9.0845137e-01
   5.3360000e+01  -9.8945137e-01
   5.3370000e+01  -9.5780917e-01
   5.3380000e+01  -8.8329360e-01
   5.3390000e+01  -8.3553943e-01
   5.3400000e+01  -7.1296955e-01
   5.3410000e+01  -3.5194977e-01
   5.3420000e+01   2.1236222e-01
   5.3430000e+01   7.3557919e-01
   5.3440000e+01   1.0188091e+00
   5.3450000e+01   1.0855563e+00
   5.3460000e+01   1.0788887e+00
   5.3470000e+01   1.0749309e+00
   5.3480000e+01   1.0777258e+00
   5.3490000e+01   1.1024398e+00
   5.3500000e+01   1.1714974e+00
   5.3510000e+01   1.2662539e+00
   5.3520000e+01   1.3241003e+00
   5.3530000e+01   1.3072491e+00
   5.3540000e+01   1.2638224e+00
   5.3550000e+01   1.2513658e+00
   5.3560000e+01   1.2164983e+00
   5.3570000e+01   1.0571235e+00
   5.3580000e+01   7.9585869e-01
   5.3590000e+01   5.8915684e-01
   5.3600000e+01   5.4414764e-01
   5.3610000e+01   6.1415016e-01
   5.3620000e+01   7.0741837e-01
   5.3630000e+01   7.8444853e-01
   5.3640000e+01   8.1460529e-01
   5.3650000e+01   7.5400701e-01
   5.3660000e+01   5.8267540e-01
   5.3670000e+01   3.0271250e-01
   5.3680000e+01  -5.2162298e-02
   5.3690000e+01  -3.8180318e-01
   5.3700000e+01  -5.9276408e-01
   5.3710000e+01  -7.1422411e-01
   5.3720000e+01  -8.5217662e-01
   5.3730000e+01  -1.0455710e+00
   5.3740000e+01  -1.2367062e+00
   5.3750000e+01  -1.3661761e+00
   5.3760000e+01  -1.4556501e+00
   5.3770000e+01  -1.5822247e+00
   5.3780000e+01  -1.7497760e+00
   5.3790000e+01  -1.8574392e+00
   5.3800000e+01  -1.8822304e+00
   5.3810000e+01  -1.9429227e+00
   5.3820000e+01  -2.0664790e+00
   5.3830000e+01  -2.0975652e+00
   5.3840000e+01  -1.9589957e+00
   5.3850000e+01  -1.7862021e+00
   5.3860000e+01  -1.6960913e+00
   5.3870000e+01  -1.6318727e+00
   5.3880000e+01  -1.5251720e+00
   5.3890000e+01  -1.4152321e+00
   5.3900000e+01  -1.3342926e+00
   5.3910000e+01  -1.2321472e+00
   5.3920000e+01  -1.0615614e+00
   5.3930000e+01  -8.5221020e-01
   5.3940000e+01  -6.8610289e-01
   5.3950000e+01  -6.0093340e-01
   5.3960000e+01  -5.2485342e-01
   5.3970000e+01  -3.5360441e-01
   5.3980000e+01  -6.7642610e-02
   5.3990000e+01   2.6307781e-01
   5.4000000e+01   5.6136884e-01
   5.4010000e+01   8.2690817e-01
   5.4020000e+01   1.1335022e+00
   5.4030000e+01   1.5016771e+00
   5.4040000e+01   1.8224231e+00
   5.4050000e+01   1.9912106e+00
   5.4060000e+01   2.0554635e+00
   5.4070000e+01   2.1386868e+00
   5.4080000e+01   2.2803473e+00
   5.4090000e+01   2.4256371e+00
   5.4100000e+01   2.5293883e+00
   5.4110000e+01   2.6081420e+00
   5.4120000e+01   2.7043579e+00
   5.4130000e+01   2.8484392e+00
   5.4140000e+01   3.0420775e+00
   5.4150000e+01   3.2648739e+00
   5.4160000e+01   3.5174319e+00
   5.4170000e+01   3.8032540e+00
   5.4180000e+01   4.0649320e+00
   5.4190000e+01   4.2285373e+00
   5.4200000e+01   4.2754717e+00
   5.4210000e+01   4.2193580e+00
   5.4220000e+01   4.0954342e+00
   5.4230000e+01   3.9761217e+00
   5.4240000e+01   3.8993550e+00
   5.4250000e+01   3.8014654e+00
   5.4260000e+01   3.5897191e+00
   5.4270000e+01   3.2285301e+00
   5.4280000e+01   2.7227239e+00
   5.4290000e+01   2.1142193e+00
   5.4300000e+01   1.5085035e+00
   5.4310000e+01   1.0074017e+00
   5.4320000e+01   6.2250498e-01
   5.4330000e+01   2.9974381e-01
   5.4340000e+01   6.8844016e-03
   5.4350000e+01  -1.9684642e-01
   5.4360000e+01  -2.0545691e-01
   5.4370000e+01  -5.0056228e-02
   5.4380000e+01   3.5921570e-02
   5.4390000e+01  -1.5702739e-01
   5.4400000e+01  -5.8007300e-01
   5.4410000e+01  -1.0227291e+00
   5.4420000e+01  -1.3734836e+00
   5.4430000e+01  -1.6580183e+00
   5.4440000e+01  -1.9111737e+00
   5.4450000e+01  -2.1173185e+00
   5.4460000e+01  -2.2363540e+00
   5.4470000e+01  -2.2728819e+00
   5.4480000e+01  -2.3091531e+00
   5.4490000e+01  -2.4541917e+00
   5.4500000e+01  -2.7535091e+00
   5.4510000e+01  -3.1284968e+00
   5.4520000e+01  -3.4286813e+00
   5.4530000e+01  -3.5563774e+00
   5.4540000e+01  -3.5328402e+00
   5.4550000e+01  -3.4567860e+00
   5.4560000e+01  -3.3984712e+00
   5.4570000e+01  -3.3373505e+00
   5.4580000e+01  -3.2004876e+00
   5.4590000e+01  -2.9460628e+00
   5.4600000e+01  -2.6250138e+00
   5.4610000e+01  -2.3516384e+00
   5.4620000e+01  -2.1615561e+00
   5.4630000e+01  -1.9549748e+00
   5.4640000e+01  -1.6598718e+00
   5.4650000e+01  -1.3536364e+00
   5.4660000e+01  -1.1500956e+00
   5.4670000e+01  -1.0446025e+00
   5.4680000e+01  -9.4160875e-01
   5.4690000e+01  -8.2614493e-01
   5.4700000e+01  -7.8534677e-01
   5.4710000e+01  -8.0028194e-01
   5.4720000e+01  -6.9046999e-01
   5.4730000e+01  -3.6843641e-01
   5.4740000e+01   3.1574562e-03
   5.4750000e+01   2.2867484e-01
   5.4760000e+01   3.5386684e-01
   5.4770000e+01   5.5256988e-01
   5.4780000e+01   8.1852702e-01
   5.4790000e+01   1.0152852e+00
   5.4800000e+01   1.1397227e+00
   5.4810000e+01   1.2837526e+00
   5.4820000e+01   1.4312593e+00
   5.4830000e+01   1.4842946e+00
   5.4840000e+01   1.4188673e+00
   5.4850000e+01   1.2943255e+00
   5.4860000e+01   1.1617893e+00
   5.4870000e+01   1.0533774e+00
   5.4880000e+01   1.0073325e+00
   5.4890000e+01   9.9131016e-01
   5.4900000e+01   8.6683413e-01
   5.4910000e+01   5.7132540e-01
   5.4920000e+01   2.6257829e-01
   5.4930000e+01   1.4228364e-01
   5.4940000e+01   2.0314447e-01
   5.4950000e+01   2.6219354e-01
   5.4960000e+01   1.7475537e-01
   5.4970000e+01  -5.9908021e-02
   5.4980000e+01  -3.3041601e-01
   5.4990000e+01  -5.0061215e-01
   5.5000000e+01  -5.1780721e-01
   5.5010000e+01  -4.8354230e-01
   5.5020000e+01  -5.8489328e-01
   5.5030000e+01  -8.7064353e-01
   5.5040000e+01  -1.1533844e+00
   5.5050000e+01  -1.2605130e+00
   5.5060000e+01  -1.2740850e+00
   5.5070000e+01  -1.3689866e+00
   5.5080000e+01  -1.5445665e+00
   5.5090000e+01  -1.6792559e+00
   5.5100000e+01  -1.7351186e+00
   5.5110000e+01  -1.7744064e+00
   5.5120000e+01  -1.8399358e+00
   5.5130000e+01  -1.8973722e+00
   5.5140000e+01  -1.8986695e+00
   5.5150000e+01  -1.8607448e+00
   5.5160000e+01  -1.8451954e+00
   5.5170000e+01  -1.8924201e+00
   5.5180000e+01  -2.0108431e+00
   5.5190000e+01  -2.1867866e+00
   5.5200000e+01  -2.3684564e+00
   5.5210000e+01  -2.5157225e+00
   5.5220000e+01  -2.6572903e+00
   5.5230000e+01  -2.7889372e+00
   5.5240000e+01  -2.8272386e+00
   5.5250000e+01  -2.7723587e+00
   5.5260000e+01  -2.7114692e+00
   5.5270000e+01  -2.6110855e+00
   5.5280000e+01  -2.3613391e+00
   5.5290000e+01  -1.9943809e+00
   5.5300000e+01  -1.5989773e+00
   5.5310000e+01  -1.1320467e+00
   5.5320000e+01  -5.5601988e-01
   5.5330000e+01  -1.4785833e-02
   5.5340000e+01   3.2305068e-01
   5.5350000e+01   4.8222371e-01
   5.5360000e+01   6.2163305e-01
   5.5370000e+01   8.3881110e-01
   5.5380000e+01   1.1071372e+00
   5.5390000e+01   1.3597366e+00
   5.5400000e+01   1.5548985e+00
   5.5410000e+01   1.6400594e+00
   5.5420000e+01   1.5797563e+00
   5.5430000e+01   1.4790338e+00
   5.5440000e+01   1.5027311e+00
   5.5450000e+01   1.6498286e+00
   5.5460000e+01   1.8230062e+00
   5.5470000e+01   2.0692612e+00
   5.5480000e+01   2.4719926e+00
   5.5490000e+01   2.8907306e+00
   5.5500000e+01   3.1171596e+00
   5.5510000e+01   3.1992449e+00
   5.5520000e+01   3.3655342e+00
   5.5530000e+01   3.7187812e+00
   5.5540000e+01   4.1372362e+00
   5.5550000e+01   4.4262448e+00
   5.5560000e+01   4.5165236e+00
   5.5570000e+01   4.4896326e+00
   5.5580000e+01   4.4485251e+00
   5.5590000e+01   4.4512239e+00
   5.5600000e+01   4.4959110e+00
   5.5610000e+01   4.4772478e+00
   5.5620000e+01   4.2753343e+00
   5.5630000e+01   3.9179214e+00
   5.5640000e+01   3.5331723e+00
   5.5650000e+01   3.2032741e+00
   5.5660000e+01   2.9405176e+00
   5.5670000e+01   2.7126551e+00
   5.5680000e+01   2.4701888e+00
   5.5690000e+01   2.2005416e+00
   5.5700000e+01   1.9413791e+00
   5.5710000e+01   1.7318585e+00
   5.5720000e+01   1.5721479e+00
   5.5730000e+01   1.4306427e+00
   5.5740000e+01   1.2714117e+00
   5.5750000e+01   1.0738715e+00
   5.5760000e+01   8.5289293e-01
   5.5770000e+01   6.5476944e-01
   5.5780000e+01   4.9139174e-01
   5.5790000e+01   2.8276506e-01
   5.5800000e+01  -7.7955131e-02
   5.5810000e+01  -5.8066278e-01
   5.5820000e+01  -1.0721090e+00
   5.5830000e+01  -1.4220233e+00
   5.5840000e+01  -1.6654920e+00
   5.5850000e+01  -1.9209035e+00
   5.5860000e+01  -2.2285732e+00
   5.5870000e+01  -2.5195692e+00
   5.5880000e+01  -2.6889273e+00
   5.5890000e+01  -2.6880410e+00
   5.5900000e+01  -2.5879487e+00
   5.5910000e+01  -2.5206473e+00
   5.5920000e+01  -2.5165014e+00
   5.5930000e+01  -2.4702629e+00
   5.5940000e+01  -2.3192487e+00
   5.5950000e+01  -2.1512497e+00
   5.5960000e+01  -2.0573770e+00
   5.5970000e+01  -1.9902951e+00
   5.5980000e+01  -1.8542091e+00
   5.5990000e+01  -1.6422546e+00
   5.6000000e+01  -1.4154648e+00
   5.6010000e+01  -1.2075308e+00
   5.6020000e+01  -1.0209983e+00
   5.6030000e+01  -8.6844357e-01
   5.6040000e+01  -7.3849641e-01
   5.6050000e+01  -5.7715673e-01
   5.6060000e+01  -3.8282963e-01
   5.6070000e+01  -2.6174280e-01
   5.6080000e+01  -2.8008967e-01
   5.6090000e+01  -3.1034170e-01
   5.6100000e+01  -1.7132210e-01
   5.6110000e+01   1.1571401e-01
   5.6120000e+01   3.6321762e-01
   5.6130000e+01   4.8569354e-01
   5.6140000e+01   5.7489044e-01
   5.6150000e+01   7.0715183e-01
   5.6160000e+01   8.3747237e-01
   5.6170000e+01   9.1225872e-01
   5.6180000e+01   9.5357921e-01
   5.6190000e+01   9.8329346e-01
   5.6200000e+01   9.7375629e-01
   5.6210000e+01   9.4445557e-01
   5.6220000e+01   9.9789552e-01
   5.6230000e+01   1.1707024e+00
   5.6240000e+01   1.3399694e+00
   5.6250000e+01   1.3556119e+00
   5.6260000e+01   1.1996720e+00
   5.6270000e+01   9.6423877e-01
   5.6280000e+01   7.2746276e-01
   5.6290000e+01   5.0520355e-01
   5.6300000e+01   3.0164989e-01
   5.6310000e+01   1.2246611e-01
   5.6320000e+01  -7.3719693e-02
   5.6330000e+01  -3.2850710e-01
   5.6340000e+01  -5.8286853e-01
   5.6350000e+01  -7.5132311e-01
   5.6360000e+01  -8.8384230e-01
   5.6370000e+01  -1.0978326e+00
   5.6380000e+01  -1.3686049e+00
   5.6390000e+01  -1.5583830e+00
   5.6400000e+01  -1.6393616e+00
   5.6410000e+01  -1.7312473e+00
   5.6420000e+01  -1.9092462e+00
   5.6430000e+01  -2.1063641e+00
   5.6440000e+01  -2.2482903e+00
   5.6450000e+01  -2.3821153e+00
   5.6460000e+01  -2.6005227e+00
   5.6470000e+01  -2.8905991e+00
   5.6480000e+01  -3.1211246e+00
   5.6490000e+01  -3.1615194e+00
   5.6500000e+01  -2.9822084e+00
   5.6510000e+01  -2.6862834e+00
   5.6520000e+01  -2.4606925e+00
   5.6530000e+01  -2.4082526e+00
   5.6540000e+01  -2.4185671e+00
   5.6550000e+01  -2.2962348e+00
   5.6560000e+01  -1.9974619e+00
   5.6570000e+01  -1.6481995e+00
   5.6580000e+01  -1.3653221e+00
   5.6590000e+01  -1.1463276e+00
   5.6600000e+01  -9.2239445e-01
   5.6610000e+01  -6.8083528e-01
   5.6620000e+01  -4.9789341e-01
   5.6630000e+01  -4.1124458e-01
   5.6640000e+01  -3.3647006e-01
   5.6650000e+01  -2.1056264e-01
   5.6660000e+01  -1.0864047e-01
   5.6670000e+01  -9.8643309e-02
   5.6680000e+01  -1.2194170e-01
   5.6690000e+01  -1.1146110e-01
   5.6700000e+01  -7.7110558e-02
   5.6710000e+01  -3.2070493e-02
   5.6720000e+01   4.2968610e-02
   5.6730000e+01   1.5475018e-01
   5.6740000e+01   2.7546278e-01
   5.6750000e+01   3.7784556e-01
   5.6760000e+01   4.8383711e-01
   5.6770000e+01   6.2003656e-01
   5.6780000e+01   7.3280001e-01
   5.6790000e+01   7.6836543e-01
   5.6800000e+01   7.9260223e-01
   5.6810000e+01   8.7649257e-01
   5.6820000e+01   9.7422308e-01
   5.6830000e+01   1.0724656e+00
   5.6840000e+01   1.2837195e+00
   5.6850000e+01   1.6231453e+00
   5.6860000e+01   1.8918289e+00
   5.6870000e+01   1.9577294e+00
   5.6880000e+01   1.9444981e+00
   5.6890000e+01   1.9983478e+00
   5.6900000e+01   2.0792987e+00
   5.6910000e+01   2.1000793e+00
   5.6920000e+01   2.1111936e+00
   5.6930000e+01   2.1975142e+00
   5.6940000e+01   2.2928779e+00
   5.6950000e+01   2.2923937e+00
   5.6960000e+01   2.2463075e+00
   5.6970000e+01   2.2534159e+00
   5.6980000e+01   2.2557562e+00
   5.6990000e+01   2.0993521e+00
   5.7000000e+01   1.8004990e+00
   5.7010000e+01   1.5914525e+00
   5.7020000e+01   1.6059865e+00
   5.7030000e+01   1.7057950e+00
   5.7040000e+01   1.6975480e+00
   5.7050000e+01   1.5208668e+00
   5.7060000e+01   1.2105017e+00
   5.7070000e+01   8.4772387e-01
   5.7080000e+01   5.2253559e-01
   5.7090000e+01   2.6103849e-01
   5.7100000e+01   5.5803022e-02
   5.7110000e+01  -6.9627979e-02
   5.7120000e+01  -1.2914198e-01
   5.7130000e+01  -2.0518331e-01
   5.7140000e+01  -3.3456199e-01
   5.7150000e+01  -4.7203678e-01
   5.7160000e+01  -5.7986081e-01
   5.7170000e+01  -6.4446564e-01
   5.7180000e+01  -6.2686052e-01
   5.7190000e+01  -5.0743305e-01
   5.7200000e+01  -3.7136187e-01
   5.7210000e+01  -3.4357434e-01
   5.7220000e+01  -4.1602915e-01
   5.7230000e+01  -4.6236923e-01
   5.7240000e+01  -4.5113121e-01
   5.7250000e+01  -4.9595046e-01
   5.7260000e+01  -6.9636077e-01
   5.7270000e+01  -1.0120597e+00
   5.7280000e+01  -1.2813706e+00
   5.7290000e+01  -1.4035043e+00
   5.7300000e+01  -1.4717884e+00
   5.7310000e+01  -1.6212498e+00
   5.7320000e+01  -1.7886795e+00
   5.7330000e+01  -1.7578532e+00
   5.7340000e+01  -1.4723081e+00
   5.7350000e+01  -1.1419215e+00
   5.7360000e+01  -9.6756076e-01
   5.7370000e+01  -9.3440671e-01
   5.7380000e+01  -9.3187418e-01
   5.7390000e+01  -9.2222739e-01
   5.7400000e+01  -9.1318652e-01
   5.7410000e+01  -8.6610794e-01
   5.7420000e+01  -7.4541308e-01
   5.7430000e+01  -5.9470055e-01
   5.7440000e+01  -4.6542813e-01
   5.7450000e+01  -3.3563541e-01
   5.7460000e+01  -1.7538872e-01
   5.7470000e+01  -2.3693471e-02
   5.7480000e+01   7.4932461e-02
   5.7490000e+01   1.4412163e-01
   5.7500000e+01   2.2915687e-01
   5.7510000e+01   3.6165520e-01
   5.7520000e+01   5.8123392e-01
   5.7530000e+01   8.6116729e-01
   5.7540000e+01   1.0515158e+00
   5.7550000e+01   1.0533509e+00
   5.7560000e+01   9.8043280e-01
   5.7570000e+01   9.8188288e-01
   5.7580000e+01   9.7880030e-01
   5.7590000e+01   8.1182573e-01
   5.7600000e+01   5.5907031e-01
   5.7610000e+01   3.8662375e-01
   5.7620000e+01   2.2109664e-01
   5.7630000e+01  -9.7217223e-02
   5.7640000e+01  -4.9806687e-01
   5.7650000e+01  -7.9982841e-01
   5.7660000e+01  -9.8013090e-01
   5.7670000e+01  -1.1051171e+00
   5.7680000e+01  -1.1789928e+00
   5.7690000e+01  -1.2325100e+00
   5.7700000e+01  -1.3521196e+00
   5.7710000e+01  -1.5332568e+00
   5.7720000e+01  -1.6811976e+00
   5.7730000e+01  -1.7541189e+00
   5.7740000e+01  -1.7809500e+00
   5.7750000e+01  -1.7959269e+00
   5.7760000e+01  -1.8225542e+00
   5.7770000e+01  -1.8347529e+00
   5.7780000e+01  -1.7476130e+00
   5.7790000e+01  -1.5408070e+00
   5.7800000e+01  -1.3190144e+00
   5.7810000e+01  -1.1931334e+00
   5.7820000e+01  -1.1665944e+00
   5.7830000e+01  -1.1376846e+00
   5.7840000e+01  -9.9023436e-01
   5.7850000e+01  -7.2321703e-01
   5.7860000e+01  -4.6502776e-01
   5.7870000e+01  -3.2135207e-01
   5.7880000e+01  -2.8973197e-01
   5.7890000e+01  -3.3861511e-01
   5.7900000e+01  -4.3495129e-01
   5.7910000e+01  -4.7486784e-01
   5.7920000e+01  -3.5730903e-01
   5.7930000e+01  -1.4326448e-01
   5.7940000e+01   2.8573135e-02
   5.7950000e+01   1.3478973e-01
   5.7960000e+01   2.0613875e-01
   5.7970000e+01   2.0196566e-01
   5.7980000e+01   1.0961417e-01
   5.7990000e+01   3.2348787e-02
   5.8000000e+01   7.1712193e-02
   5.8010000e+01   2.1897125e-01
   5.8020000e+01   4.0126665e-01
   5.8030000e+01   5.6078605e-01
   5.8040000e+01   6.7609434e-01
   5.8050000e+01   7.7176611e-01
   5.8060000e+01   9.1005227e-01
   5.8070000e+01   1.1148369e+00
   5.8080000e+01   1.3069198e+00
   5.8090000e+01   1.3832259e+00
   5.8100000e+01   1.3703934e+00
   5.8110000e+01   1.4151205e+00
   5.8120000e+01   1.5822044e+00
   5.8130000e+01   1.7501171e+00
   5.8140000e+01   1.7737233e+00
   5.8150000e+01   1.6669894e+00
   5.8160000e+01   1.5496463e+00
   5.8170000e+01   1.4977922e+00
   5.8180000e+01   1.5212216e+00
   5.8190000e+01   1.5796833e+00
   5.8200000e+01   1.5489847e+00
   5.8210000e+01   1.3094805e+00
   5.8220000e+01   9.1604254e-01
   5.8230000e+01   5.4418982e-01
   5.8240000e+01   2.8130179e-01
   5.8250000e+01   1.0344224e-01
   5.8260000e+01   1.6820895e-02
   5.8270000e+01   5.6554610e-02
   5.8280000e+01   1.4063783e-01
   5.8290000e+01   1.0954562e-01
   5.8300000e+01  -5.6887806e-02
   5.8310000e+01  -2.0315340e-01
   5.8320000e+01  -1.9472069e-01
   5.8330000e+01  -7.1921610e-02
   5.8340000e+01   3.7006029e-02
   5.8350000e+01   9.9682886e-02
   5.8360000e+01   1.5498673e-01
   5.8370000e+01   1.6103401e-01
   5.8380000e+01   4.7560059e-02
   5.8390000e+01  -1.2024510e-01
   5.8400000e+01  -2.0624000e-01
   5.8410000e+01  -1.9379795e-01
   5.8420000e+01  -1.5709368e-01
   5.8430000e+01  -1.0496302e-01
   5.8440000e+01  -9.9697002e-03
   5.8450000e+01   8.5734215e-02
   5.8460000e+01   1.1169519e-01
   5.8470000e+01   4.5874966e-02
   5.8480000e+01  -7.0167125e-02
   5.8490000e+01  -1.3950890e-01
   5.8500000e+01  -7.7595958e-02
   5.8510000e+01   8.4770633e-02
   5.8520000e+01   1.9064383e-01
   5.8530000e+01   1.0359136e-01
   5.8540000e+01  -1.1589221e-01
   5.8550000e+01  -2.7903377e-01
   5.8560000e+01  -3.3392811e-01
   5.8570000e+01  -4.0108993e-01
   5.8580000e+01  -5.2618531e-01
   5.8590000e+01  -6.0948864e-01
   5.8600000e+01  -6.3433884e-01
   5.8610000e+01  -7.1836517e-01
   5.8620000e+01  -8.6623889e-01
   5.8630000e+01  -9.2432957e-01
   5.8640000e+01  -8.2178565e-01
   5.8650000e+01  -6.4708094e-01
   5.8660000e+01  -4.7360022e-01
   5.8670000e+01  -2.6928411e-01
   5.8680000e+01  -3.3101612e-02
   5.8690000e+01   1.1234278e-01
   5.8700000e+01   8.0844509e-02
   5.8710000e+01  -2.9379262e-02
   5.8720000e+01  -4.3282089e-02
   5.8730000e+01   1.0504792e-01
   5.8740000e+01   3.2345535e-01
   5.8750000e+01   4.4760691e-01
   5.8760000e+01   3.8483895e-01
   5.8770000e+01   2.0924706e-01
   5.8780000e+01   8.8490016e-02
   5.8790000e+01   1.0201462e-01
   5.8800000e+01   1.6586006e-01
   5.8810000e+01   1.4313701e-01
   5.8820000e+01  -2.7155944e-02
   5.8830000e+01  -3.0558577e-01
   5.8840000e+01  -5.6807620e-01
   5.8850000e+01  -7.0111115e-01
   5.8860000e+01  -7.5699965e-01
   5.8870000e+01  -8.8210979e-01
   5.8880000e+01  -1.0601853e+00
   5.8890000e+01  -1.1096002e+00
   5.8900000e+01  -9.4276040e-01
   5.8910000e+01  -6.7019378e-01
   5.8920000e+01  -4.5123063e-01
   5.8930000e+01  -3.4671201e-01
   5.8940000e+01  -3.0969517e-01
   5.8950000e+01  -2.5087779e-01
   5.8960000e+01  -1.2325311e-01
   5.8970000e+01   1.6895404e-02
   5.8980000e+01   5.8834527e-02
   5.8990000e+01  -2.3112381e-02
   5.9000000e+01  -1.0866964e-01
   5.9010000e+01  -4.2459621e-02
   5.9020000e+01   1.8250668e-01
   5.9030000e+01   3.7482600e-01
   5.9040000e+01   3.4493064e-01
   5.9050000e+01   1.4151309e-01
   5.9060000e+01   6.5191677e-03
   5.9070000e+01   9.3793502e-02
   5.9080000e+01   2.9490777e-01
   5.9090000e+01   3.8282515e-01
   5.9100000e+01   2.8936690e-01
   5.9110000e+01   1.6378780e-01
   5.9120000e+01   1.6706548e-01
   5.9130000e+01   3.0391931e-01
   5.9140000e+01   4.6715619e-01
   5.9150000e+01   5.4561674e-01
   5.9160000e+01   4.9661746e-01
   5.9170000e+01   3.9668659e-01
   5.9180000e+01   3.6467381e-01
   5.9190000e+01   3.9397283e-01
   5.9200000e+01   3.4241750e-01
   5.9210000e+01   1.2190802e-01
   5.9220000e+01  -1.6043974e-01
   5.9230000e+01  -3.3965055e-01
   5.9240000e+01  -4.2944646e-01
   5.9250000e+01  -5.6893432e-01
   5.9260000e+01  -7.7719259e-01
   5.9270000e+01  -9.3750185e-01
   5.9280000e+01  -1.0021552e+00
   5.9290000e+01  -1.0619284e+00
   5.9300000e+01  -1.1943403e+00
   5.9310000e+01  -1.3482752e+00
   5.9320000e+01  -1.4482577e+00
   5.9330000e+01  -1.5305169e+00
   5.9340000e+01  -1.6572913e+00
   5.9350000e+01  -1.7722064e+00
   5.9360000e+01  -1.7752577e+00
   5.9370000e+01  -1.6780678e+00
   5.9380000e+01  -1.5808427e+00
   5.9390000e+01  -1.5515339e+00
   5.9400000e+01  -1.5833643e+00
   5.9410000e+01  -1.6199773e+00
   5.9420000e+01  -1.5981699e+00
   5.9430000e+01  -1.5111507e+00
   5.9440000e+01  -1.4359219e+00
   5.9450000e+01  -1.4342121e+00
   5.9460000e+01  -1.4256177e+00
   5.9470000e+01  -1.2637978e+00
   5.9480000e+01  -9.3623911e-01
   5.9490000e+01  -5.7250723e-01
   5.9500000e+01  -2.9111627e-01
   5.9510000e+01  -1.1526292e-01
   5.9520000e+01   1.4634456e-02
   5.9530000e+01   1.6950128e-01
   5.9540000e+01   3.6190479e-01
   5.9550000e+01   5.6478417e-01
   5.9560000e+01   7.6550263e-01
   5.9570000e+01   9.6126566e-01
   5.9580000e+01   1.1477176e+00
   5.9590000e+01   1.3245524e+00
   5.9600000e+01   1.4531073e+00
   5.9610000e+01   1.4690213e+00
   5.9620000e+01   1.4190116e+00
   5.9630000e+01   1.4669873e+00
   5.9640000e+01   1.6616273e+00
   5.9650000e+01   1.8221173e+00
   5.9660000e+01   1.7794371e+00
   5.9670000e+01   1.6289933e+00
   5.9680000e+01   1.5892672e+00
   5.9690000e+01   1.6980231e+00
   5.9700000e+01   1.8123412e+00
   5.9710000e+01   1.8390823e+00
   5.9720000e+01   1.8194774e+00
   5.9730000e+01   1.8108156e+00
   5.9740000e+01   1.8175552e+00
   5.9750000e+01   1.8405853e+00
   5.9760000e+01   1.8731646e+00
   5.9770000e+01   1.8820994e+00
   5.9780000e+01   1.8767820e+00
   5.9790000e+01   1.8876252e+00
   5.9800000e+01   1.8517972e+00
   5.9810000e+01   1.7123984e+00
   5.9820000e+01   1.6146359e+00
   5.9830000e+01   1.7500094e+00
   5.9840000e+01   2.0101457e+00
   5.9850000e+01   2.0883491e+00
   5.9860000e+01   1.9471270e+00
   5.9870000e+01   1.8605099e+00
   5.9880000e+01   1.9678273e+00
   5.9890000e+01   2.0972036e+00
   5.9900000e+01   2.0602863e+00
   5.9910000e+01   1.8947486e+00
   5.9920000e+01   1.7609988e+00
   5.9930000e+01   1.7302941e+00
   5.9940000e+01   1.7548014e+00
   5.9950000e+01   1.7442709e+00
   5.9960000e+01   1.6095249e+00
   5.9970000e+01   1.3556697e+00
   5.9980000e+01   1.1334598e+00
   5.9990000e+01   1.0716518e+00
   6.0000000e+01   1.0956969e+00
   6.0010000e+01   1.0189586e+00
   6.0020000e+01   7.8840218e-01
   6.0030000e+01   5.3103067e-01
   6.0040000e+01   3.4997096e-01
   6.0050000e+01   2.0490835e-01
   6.0060000e+01   4.4595729e-02
   6.0070000e+01  -8.7476322e-02
   6.0080000e+01  -1.7446391e-01
   6.0090000e+01  -3.0554326e-01
   6.0100000e+01  -5.1924480e-01
   6.0110000e+01  -7.0249250e-01
   6.0120000e+01  -7.4945111e-01
   6.0130000e+01  -7.0765071e-01
   6.0140000e+01  -6.7223555e-01
   6.0150000e+01  -6.3136405e-01
   6.0160000e+01  -5.3401650e-01
   6.0170000e+01  -4.3773012e-01
   6.0180000e+01  -4.4580765e-01
   6.0190000e+01  -5.3968307e-01
   6.0200000e+01  -5.9267615e-01
   6.0210000e+01  -5.2650870e-01
   6.0220000e+01  -4.0952718e-01
   6.0230000e+01  -3.9788011e-01
   6.0240000e+01  -5.4717016e-01
   6.0250000e+01  -7.4221655e-01
   6.0260000e+01  -8.6247571e-01
   6.0270000e+01  -8.9424702e-01
   6.0280000e+01  -8.6944738e-01
   6.0290000e+01  -8.4656629e-01
   6.0300000e+01  -9.1294096e-01
   6.0310000e+01  -1.0729998e+00
   6.0320000e+01  -1.2185060e+00
   6.0330000e+01  -1.2898283e+00
   6.0340000e+01  -1.3457818e+00
   6.0350000e+01  -1.4267963e+00
   6.0360000e+01  -1.4749349e+00
   6.0370000e+01  -1.4283703e+00
   6.0380000e+01  -1.3225598e+00
   6.0390000e+01  -1.2628216e+00
   6.0400000e+01  -1.3001412e+00
   6.0410000e+01  -1.3789573e+00
   6.0420000e+01  -1.4151279e+00
   6.0430000e+01  -1.3676042e+00
   6.0440000e+01  -1.2602187e+00
   6.0450000e+01  -1.1850013e+00
   6.0460000e+01  -1.2197494e+00
   6.0470000e+01  -1.3053649e+00
   6.0480000e+01  -1.2946710e+00
   6.0490000e+01  -1.1551367e+00
   6.0500000e+01  -1.0278244e+00
   6.0510000e+01  -1.0246088e+00
   6.0520000e+01  -1.0468037e+00
   6.0530000e+01  -9.3791320e-01
   6.0540000e+01  -7.5965732e-01
   6.0550000e+01  -7.1091926e-01
   6.0560000e+01  -8.3277066e-01
   6.0570000e+01  -9.8424040e-01
   6.0580000e+01  -1.0171086e+00
   6.0590000e+01  -8.8271769e-01
   6.0600000e+01  -6.6454831e-01
   6.0610000e+01  -5.1235640e-01
   6.0620000e+01  -4.6342945e-01
   6.0630000e+01  -3.7716003e-01
   6.0640000e+01  -1.7234413e-01
   6.0650000e+01  -2.0634810e-02
   6.0660000e+01  -9.0836198e-02
   6.0670000e+01  -2.6011954e-01
   6.0680000e+01  -3.1102388e-01
   6.0690000e+01  -2.5611970e-01
   6.0700000e+01  -2.7524544e-01
   6.0710000e+01  -4.1564026e-01
   6.0720000e+01  -5.4641127e-01
   6.0730000e+01  -5.9907671e-01
   6.0740000e+01  -6.1555466e-01
   6.0750000e+01  -5.6150865e-01
   6.0760000e+01  -3.6479319e-01
   6.0770000e+01  -1.2661388e-01
   6.0780000e+01  -6.1525185e-03
   6.0790000e+01   6.3441856e-02
   6.0800000e+01   2.3399763e-01
   6.0810000e+01   4.2183515e-01
   6.0820000e+01   4.4982202e-01
   6.0830000e+01   3.5610608e-01
   6.0840000e+01   2.8154884e-01
   6.0850000e+01   2.5785105e-01
   6.0860000e+01   2.9607219e-01
   6.0870000e+01   4.1408637e-01
   6.0880000e+01   4.7567739e-01
   6.0890000e+01   2.7893089e-01
   6.0900000e+01  -1.3663419e-01
   6.0910000e+01  -4.7414306e-01
   6.0920000e+01  -5.2597013e-01
   6.0930000e+01  -4.1607046e-01
   6.0940000e+01  -4.0807029e-01
   6.0950000e+01  -5.5586098e-01
   6.0960000e+01  -6.8985097e-01
   6.0970000e+01  -6.7261674e-01
   6.0980000e+01  -4.9508947e-01
   6.0990000e+01  -2.0614664e-01
   6.1000000e+01   7.7527187e-02
   6.1010000e+01   1.8330355e-01
   6.1020000e+01   7.7502021e-02
   6.1030000e+01  -3.7991005e-02
   6.1040000e+01   6.6377558e-03
   6.1050000e+01   9.7644691e-02
   6.1060000e+01   4.4139630e-02
   6.1070000e+01  -1.1113097e-01
   6.1080000e+01  -1.9193943e-01
   6.1090000e+01  -1.5830635e-01
   6.1100000e+01  -9.5356233e-02
   6.1110000e+01  -4.4726649e-02
   6.1120000e+01   2.4694811e-03
   6.1130000e+01   5.0494228e-02
   6.1140000e+01   1.5630148e-01
   6.1150000e+01   3.9729649e-01
   6.1160000e+01   7.0138869e-01
   6.1170000e+01   8.7400981e-01
   6.1180000e+01   8.6081687e-01
   6.1190000e+01   8.6351768e-01
   6.1200000e+01   1.0950602e+00
   6.1210000e+01   1.4866083e+00
   6.1220000e+01   1.7682243e+00
   6.1230000e+01   1.7786381e+00
   6.1240000e+01   1.5646281e+00
   6.1250000e+01   1.2688985e+00
   6.1260000e+01   1.0663739e+00
   6.1270000e+01   1.0901996e+00
   6.1280000e+01   1.2555535e+00
   6.1290000e+01   1.2983758e+00
   6.1300000e+01   1.1299873e+00
   6.1310000e+01   9.7035369e-01
   6.1320000e+01   1.0024956e+00
   6.1330000e+01   1.1029823e+00
   6.1340000e+01   1.0710979e+00
   6.1350000e+01   9.2513797e-01
   6.1360000e+01   8.0964638e-01
   6.1370000e+01   7.9392033e-01
   6.1380000e+01   8.6259287e-01
   6.1390000e+01   9.3760823e-01
   6.1400000e+01   8.8342803e-01
   6.1410000e+01   6.4208467e-01
   6.1420000e+01   3.5571108e-01
   6.1430000e+01   1.9930669e-01
   6.1440000e+01   1.1817928e-01
   6.1450000e+01  -5.2838407e-02
   6.1460000e+01  -2.4834057e-01
   6.1470000e+01  -2.5114939e-01
   6.1480000e+01  -9.9951666e-02
   6.1490000e+01  -1.0509903e-01
   6.1500000e+01  -4.1263509e-01
   6.1510000e+01  -7.9500342e-01
   6.1520000e+01  -9.6330618e-01
   6.1530000e+01  -9.0663036e-01
   6.1540000e+01  -7.8541018e-01
   6.1550000e+01  -6.6677684e-01
   6.1560000e+01  -5.7048249e-01
   6.1570000e+01  -6.0543237e-01
   6.1580000e+01  -8.2397729e-01
   6.1590000e+01  -1.0460365e+00
   6.1600000e+01  -1.0553109e+00
   6.1610000e+01  -8.9681383e-01
   6.1620000e+01  -7.5074818e-01
   6.1630000e+01  -6.4516505e-01
   6.1640000e+01  -5.3295052e-01
   6.1650000e+01  -4.7909922e-01
   6.1660000e+01  -5.3840231e-01
   6.1670000e+01  -5.9163759e-01
   6.1680000e+01  -4.6542520e-01
   6.1690000e+01  -1.1278509e-01
   6.1700000e+01   3.1559532e-01
   6.1710000e+01   5.5104284e-01
   6.1720000e+01   5.3139239e-01
   6.1730000e+01   5.2795594e-01
   6.1740000e+01   7.2982614e-01
   6.1750000e+01   9.5380968e-01
   6.1760000e+01   9.9345739e-01
   6.1770000e+01   9.8852743e-01
   6.1780000e+01   1.1787479e+00
   6.1790000e+01   1.4877118e+00
   6.1800000e+01   1.6339006e+00
   6.1810000e+01   1.5417455e+00
   6.1820000e+01   1.4187756e+00
   6.1830000e+01   1.4594199e+00
   6.1840000e+01   1.6190590e+00
   6.1850000e+01   1.7186227e+00
   6.1860000e+01   1.7031517e+00
   6.1870000e+01   1.7027130e+00
   6.1880000e+01   1.8233023e+00
   6.1890000e+01   1.9893595e+00
   6.1900000e+01   2.0586714e+00
   6.1910000e+01   2.0171687e+00
   6.1920000e+01   1.9790679e+00
   6.1930000e+01   2.0260664e+00
   6.1940000e+01   2.1292424e+00
   6.1950000e+01   2.1899735e+00
   6.1960000e+01   2.0785069e+00
   6.1970000e+01   1.7280827e+00
   6.1980000e+01   1.2740254e+00
   6.1990000e+01   9.6095772e-01
   6.2000000e+01   8.4202777e-01
   6.2010000e+01   7.1651352e-01
   6.2020000e+01   4.0745163e-01
   6.2030000e+01  -3.2502237e-02
   6.2040000e+01  -4.0662895e-01
   6.2050000e+01  -5.5270764e-01
   6.2060000e+01  -4.5366814e-01
   6.2070000e+01  -2.6319269e-01
   6.2080000e+01  -2.0072505e-01
   6.2090000e+01  -3.6324061e-01
   6.2100000e+01  -6.3107456e-01
   6.2110000e+01  -7.6327594e-01
   6.2120000e+01  -6.0984837e-01
   6.2130000e+01  -2.7668139e-01
   6.2140000e+01  -7.2071847e-02
   6.2150000e+01  -2.1330159e-01
   6.2160000e+01  -5.8815141e-01
   6.2170000e+01  -9.0364131e-01
   6.2180000e+01  -1.0391004e+00
   6.2190000e+01  -1.1268763e+00
   6.2200000e+01  -1.3229526e+00
   6.2210000e+01  -1.6115383e+00
   6.2220000e+01  -1.8397943e+00
   6.2230000e+01  -1.8912953e+00
   6.2240000e+01  -1.7906370e+00
   6.2250000e+01  -1.6740652e+00
   6.2260000e+01  -1.6943763e+00
   6.2270000e+01  -1.8889600e+00
   6.2280000e+01  -2.1279080e+00
   6.2290000e+01  -2.2575816e+00
   6.2300000e+01  -2.2615364e+00
   6.2310000e+01  -2.2246478e+00
   6.2320000e+01  -2.1798953e+00
   6.2330000e+01  -2.0775587e+00
   6.2340000e+01  -1.9230138e+00
   6.2350000e+01  -1.8138866e+00
   6.2360000e+01  -1.7794969e+00
   6.2370000e+01  -1.7562937e+00
   6.2380000e+01  -1.7550160e+00
   6.2390000e+01  -1.8356296e+00
   6.2400000e+01  -1.9254090e+00
   6.2410000e+01  -1.8714468e+00
   6.2420000e+01  -1.6602229e+00
   6.2430000e+01  -1.4238093e+00
   6.2440000e+01  -1.2528545e+00
   6.2450000e+01  -1.1502241e+00
   6.2460000e+01  -1.1163811e+00
   6.2470000e+01  -1.1234600e+00
   6.2480000e+01  -1.0467942e+00
   6.2490000e+01  -7.6645136e-01
   6.2500000e+01  -3.4817059e-01
   6.2510000e+01  -7.7158342e-03
   6.2520000e+01   1.4378629e-01
   6.2530000e+01   2.2568173e-01
   6.2540000e+01   4.1571983e-01
   6.2550000e+01   7.0698925e-01
   6.2560000e+01   9.1848190e-01
   6.2570000e+01   9.5699334e-01
   6.2580000e+01   9.4849886e-01
   6.2590000e+01   1.0418765e+00
   6.2600000e+01   1.1745870e+00
   6.2610000e+01   1.1450694e+00
   6.2620000e+01   9.0187145e-01
   6.2630000e+01   6.3869050e-01
   6.2640000e+01   5.5609795e-01
   6.2650000e+01   6.3772270e-01
   6.2660000e+01   7.3851466e-01
   6.2670000e+01   7.7226302e-01
   6.2680000e+01   7.2208835e-01
   6.2690000e+01   6.0662001e-01
   6.2700000e+01   5.1698925e-01
   6.2710000e+01   5.5562985e-01
   6.2720000e+01   7.0959125e-01
   6.2730000e+01   8.8224543e-01
   6.2740000e+01   9.8858084e-01
   6.2750000e+01   9.5457493e-01
   6.2760000e+01   7.4080810e-01
   6.2770000e+01   4.1659681e-01
   6.2780000e+01   1.1814021e-01
   6.2790000e+01  -8.0785104e-02
   6.2800000e+01  -2.0939804e-01
   6.2810000e+01  -3.2329933e-01
   6.2820000e+01  -4.1645975e-01
   6.2830000e+01  -4.4707293e-01
   6.2840000e+01  -4.2843837e-01
   6.2850000e+01  -4.1939627e-01
   6.2860000e+01  -4.4993840e-01
   6.2870000e+01  -4.8252466e-01
   6.2880000e+01  -4.1677383e-01
   6.2890000e+01  -1.9101335e-01
   6.2900000e+01   5.4982427e-02
   6.2910000e+01   1.2146688e-02
   6.2920000e+01  -4.4996912e-01
   6.2930000e+01  -1.0316603e+00
   6.2940000e+01  -1.3031281e+00
   6.2950000e+01  -1.1893221e+00
   6.2960000e+01  -9.6690179e-01
   6.2970000e+01  -8.8092266e-01
   6.2980000e+01  -9.4632687e-01
   6.2990000e+01  -1.0463201e+00
   6.3000000e+01  -1.0721422e+00
   6.3010000e+01  -1.0137753e+00
   6.3020000e+01  -9.6203658e-01
   6.3030000e+01  -9.6048252e-01
   6.3040000e+01  -9.3211547e-01
   6.3050000e+01  -8.3434771e-01
   6.3060000e+01  -7.1911511e-01
   6.3070000e+01  -5.7036759e-01
   6.3080000e+01  -3.0891061e-01
   6.3090000e+01   7.2502626e-03
   6.3100000e+01   2.1514395e-01
   6.3110000e+01   2.7855112e-01
   6.3120000e+01   3.3469292e-01
   6.3130000e+01   5.1694733e-01
   6.3140000e+01   7.8266503e-01
   6.3150000e+01   9.6588904e-01
   6.3160000e+01   1.0074843e+00
   6.3170000e+01   9.9750757e-01
   6.3180000e+01   1.0141405e+00
   6.3190000e+01   1.0871126e+00
   6.3200000e+01   1.2221854e+00
   6.3210000e+01   1.3432543e+00
   6.3220000e+01   1.3375028e+00
   6.3230000e+01   1.2012548e+00
   6.3240000e+01   1.0479086e+00
   6.3250000e+01   9.9667305e-01
   6.3260000e+01   1.1116918e+00
   6.3270000e+01   1.3494648e+00
   6.3280000e+01   1.4848323e+00
   6.3290000e+01   1.2828362e+00
   6.3300000e+01   8.6680834e-01
   6.3310000e+01   6.5043426e-01
   6.3320000e+01   7.7935570e-01
   6.3330000e+01   9.2612169e-01
   6.3340000e+01   7.6661419e-01
   6.3350000e+01   4.0481242e-01
   6.3360000e+01   1.5806505e-01
   6.3370000e+01   1.1444807e-01
   6.3380000e+01   1.0203842e-01
   6.3390000e+01  -1.7629800e-02
   6.3400000e+01  -1.7025619e-01
   6.3410000e+01  -1.4809452e-01
   6.3420000e+01   1.3820459e-01
   6.3430000e+01   5.0261169e-01
   6.3440000e+01   6.8277595e-01
   6.3450000e+01   6.3838885e-01
   6.3460000e+01   4.9201488e-01
   6.3470000e+01   2.7333805e-01
   6.3480000e+01  -7.3496896e-02
   6.3490000e+01  -4.7590387e-01
   6.3500000e+01  -7.3267660e-01
   6.3510000e+01  -7.9356634e-01
   6.3520000e+01  -8.5762089e-01
   6.3530000e+01  -1.0489543e+00
   6.3540000e+01  -1.1904031e+00
   6.3550000e+01  -1.1225963e+00
   6.3560000e+01  -1.0177619e+00
   6.3570000e+01  -1.0959720e+00
   6.3580000e+01  -1.2501425e+00
   6.3590000e+01  -1.1895158e+00
   6.3600000e+01  -8.3543876e-01
   6.3610000e+01  -4.5049444e-01
   6.3620000e+01  -3.4518900e-01
   6.3630000e+01  -5.0102765e-01
   6.3640000e+01  -6.3564299e-01
   6.3650000e+01  -6.0036332e-01
   6.3660000e+01  -4.8550439e-01
   6.3670000e+01  -3.8729297e-01
   6.3680000e+01  -3.3756782e-01
   6.3690000e+01  -4.1353255e-01
   6.3700000e+01  -6.5604846e-01
   6.3710000e+01  -9.3609000e-01
   6.3720000e+01  -1.0939891e+00
   6.3730000e+01  -1.1099086e+00
   6.3740000e+01  -1.0187747e+00
   6.3750000e+01  -8.2810760e-01
   6.3760000e+01  -6.1497896e-01
   6.3770000e+01  -4.9342246e-01
   6.3780000e+01  -4.4156516e-01
   6.3790000e+01  -3.6159878e-01
   6.3800000e+01  -2.4795025e-01
   6.3810000e+01  -1.1344159e-01
   6.3820000e+01   1.2150907e-01
   6.3830000e+01   4.9200428e-01
   6.3840000e+01   8.4445520e-01
   6.3850000e+01   9.6881490e-01
   6.3860000e+01   8.3290922e-01
   6.3870000e+01   6.1901882e-01
   6.3880000e+01   5.2495049e-01
   6.3890000e+01   5.3576082e-01
   6.3900000e+01   4.7040671e-01
   6.3910000e+01   2.8943647e-01
   6.3920000e+01   2.2564495e-01
   6.3930000e+01   5.0510370e-01
   6.3940000e+01   9.8441056e-01
   6.3950000e+01   1.2443182e+00
   6.3960000e+01   1.1168245e+00
   6.3970000e+01   8.7955257e-01
   6.3980000e+01   8.3486348e-01
   6.3990000e+01   9.8025146e-01
   6.4000000e+01   1.1633629e+00
   6.4010000e+01   1.3208083e+00
   6.4020000e+01   1.4886853e+00
   6.4030000e+01   1.6642719e+00
   6.4040000e+01   1.7393009e+00
   6.4050000e+01   1.6348092e+00
   6.4060000e+01   1.4370076e+00
   6.4070000e+01   1.2852650e+00
   6.4080000e+01   1.2109957e+00
   6.4090000e+01   1.1683596e+00
   6.4100000e+01   1.0915503e+00
   6.4110000e+01   9.1844118e-01
   6.4120000e+01   6.9209989e-01
   6.4130000e+01   5.5172514e-01
   6.4140000e+01   5.3225849e-01
   6.4150000e+01   5.5218105e-01
   6.4160000e+01   6.1631754e-01
   6.4170000e+01   7.5347083e-01
   6.4180000e+01   7.9373360e-01
   6.4190000e+01   5.3404242e-01
   6.4200000e+01   9.0447721e-02
   6.4210000e+01  -1.9824992e-01
   6.4220000e+01  -1.8894300e-01
   6.4230000e+01  -4.5954168e-02
   6.4240000e+01   3.1613481e-02
   6.4250000e+01   2.0368290e-02
   6.4260000e+01  -3.6787156e-02
   6.4270000e+01  -2.1113721e-01
   6.4280000e+01  -5.7869131e-01
   6.4290000e+01  -9.9986318e-01
   6.4300000e+01  -1.2270941e+00
   6.4310000e+01  -1.1980606e+00
   6.4320000e+01  -1.0486110e+00
   6.4330000e+01  -8.8455412e-01
   6.4340000e+01  -7.1153553e-01
   6.4350000e+01  -5.6053814e-01
   6.4360000e+01  -5.1473159e-01
   6.4370000e+01  -6.0538044e-01
   6.4380000e+01  -7.6725567e-01
   6.4390000e+01  -8.8877863e-01
   6.4400000e+01  -8.9535401e-01
   6.4410000e+01  -8.1044382e-01
   6.4420000e+01  -7.1470575e-01
   6.4430000e+01  -6.3557865e-01
   6.4440000e+01  -5.4854398e-01
   6.4450000e+01  -4.9886566e-01
   6.4460000e+01  -5.7991941e-01
   6.4470000e+01  -7.5511959e-01
   6.4480000e+01  -8.7037942e-01
   6.4490000e+01  -8.4324419e-01
   6.4500000e+01  -6.8836615e-01
   6.4510000e+01  -4.3304418e-01
   6.4520000e+01  -1.5191192e-01
   6.4530000e+01   2.6289280e-02
   6.4540000e+01   9.7339745e-02
   6.4550000e+01   2.4819773e-01
   6.4560000e+01   5.8245885e-01
   6.4570000e+01   9.0120053e-01
   6.4580000e+01   9.5167085e-01
   6.4590000e+01   7.9189696e-01
   6.4600000e+01   6.7831115e-01
   6.4610000e+01   6.8066784e-01
   6.4620000e+01   6.6226214e-01
   6.4630000e+01   5.3932243e-01
   6.4640000e+01   3.2695096e-01
   6.4650000e+01   4.8061798e-02
   6.4660000e+01  -2.1804484e-01
   6.4670000e+01  -3.1738833e-01
   6.4680000e+01  -2.2311726e-01
   6.4690000e+01  -1.3712196e-01
   6.4700000e+01  -2.3455071e-01
   6.4710000e+01  -4.4154305e-01
   6.4720000e+01  -5.6771487e-01
   6.4730000e+01  -5.2546849e-01
   6.4740000e+01  -3.7380507e-01
   6.4750000e+01  -2.3547849e-01
   6.4760000e+01  -1.7039518e-01
   6.4770000e+01  -1.1818900e-01
   6.4780000e+01  -4.5070735e-02
   6.4790000e+01  -7.3989953e-02
   6.4800000e+01  -2.7456119e-01
   6.4810000e+01  -4.5849947e-01
   6.4820000e+01  -4.4047139e-01
   6.4830000e+01  -3.4966783e-01
   6.4840000e+01  -4.6138596e-01
   6.4850000e+01  -8.1638373e-01
   6.4860000e+01  -1.1529746e+00
   6.4870000e+01  -1.2306267e+00
   6.4880000e+01  -1.1329343e+00
   6.4890000e+01  -1.1236939e+00
   6.4900000e+01  -1.2526479e+00
   6.4910000e+01  -1.3316104e+00
   6.4920000e+01  -1.2873250e+00
   6.4930000e+01  -1.2542650e+00
   6.4940000e+01  -1.2950450e+00
   6.4950000e+01  -1.3043260e+00
   6.4960000e+01  -1.2424263e+00
   6.4970000e+01  -1.2190597e+00
