   0.0000000e+00   1.5109110e-04
   5.0000000e-03   1.0665198e-03
   1.0000000e-02   3.5813230e-03
   1.5000000e-02   7.8180537e-03
   2.0000000e-02   1.2854087e-02
   2.5000000e-02   1.7489330e-02
   3.0000000e-02   2.1031388e-02
   3.5000000e-02   2.3326987e-02
   4.0000000e-02   2.4365083e-02
   4.5000000e-02   2.4196216e-02
   5.0000000e-02   2.3352053e-02
   5.5000000e-02   2.2985899e-02
   6.0000000e-02   2.3933501e-02
   6.5000000e-02   2.5323670e-02
   7.0000000e-02   2.4789708e-02
   7.5000000e-02   2.1210660e-02
   8.0000000e-02   1.7233471e-02
   8.5000000e-02   1.7484102e-02
   9.0000000e-02   2.3100869e-02
   9.5000000e-02   2.8903065e-02
   1.0000000e-01   2.7908190e-02
   1.0500000e-01   1.9748078e-02
   1.1000000e-01   1.3957544e-02
   1.1500000e-01   2.2900833e-02
   1.2000000e-01   4.9625237e-02
   1.2500000e-01   8.2678433e-02
   1.3000000e-01   1.0449673e-01
   1.3500000e-01   1.0666171e-01
   1.4000000e-01   9.7497787e-02
   1.4500000e-01   9.3439777e-02
   1.5000000e-01   1.0073129e-01
   1.5500000e-01   1.0518867e-01
   1.6000000e-01   8.3634833e-02
   1.6500000e-01   2.9718809e-02
   1.7000000e-01  -3.3150758e-02
   1.7500000e-01  -7.0046296e-02
   1.8000000e-01  -6.7188175e-02
   1.8500000e-01  -4.2849224e-02
   1.9000000e-01  -2.3055227e-02
   1.9500000e-01  -9.4653168e-03
   2.0000000e-01   2.3131577e-02
   2.0500000e-01   9.6522406e-02
   2.1000000e-01   1.9865331e-01
   2.1500000e-01   2.8453520e-01
   2.2000000e-01   3.1004765e-01
   2.2500000e-01   2.6924835e-01
   2.3000000e-01   1.9947409e-01
   2.3500000e-01   1.4825313e-01
   2.4000000e-01   1.3504068e-01
   2.4500000e-01   1.4460222e-01
   2.5000000e-01   1.5212302e-01
   2.5500000e-01   1.4750004e-01
   2.6000000e-01   1.3374576e-01
   2.6500000e-01   1.0846024e-01
   2.7000000e-01   5.6704360e-02
   2.7500000e-01  -3.3866978e-02
   2.8000000e-01  -1.5077571e-01
   2.8500000e-01  -2.4614665e-01
   2.9000000e-01  -2.5183613e-01
   2.9500000e-01  -1.2588666e-01
   3.0000000e-01   9.6706653e-02
   3.0500000e-01   3.0374591e-01
   3.1000000e-01   3.7752143e-01
   3.1500000e-01   2.8736413e-01
   3.2000000e-01   1.2090709e-01
   3.2500000e-01   1.8293396e-02
   3.3000000e-01   5.9685323e-02
   3.3500000e-01   2.0214734e-01
   3.4000000e-01   3.1808323e-01
   3.4500000e-01   2.9974219e-01
   3.5000000e-01   1.4542670e-01
   3.5500000e-01  -3.9554377e-02
   3.6000000e-01  -1.2782319e-01
   3.6500000e-01  -7.1709264e-02
   3.7000000e-01   5.7917709e-02
   3.7500000e-01   1.2444059e-01
   3.8000000e-01   3.6784296e-02
   3.8500000e-01  -1.6122811e-01
   3.9000000e-01  -3.0842157e-01
   3.9500000e-01  -2.5469691e-01
   4.0000000e-01   8.0662830e-03
   4.0500000e-01   3.3381968e-01
   4.1000000e-01   5.4040815e-01
   4.1500000e-01   5.5230118e-01
   4.2000000e-01   4.4604372e-01
   4.2500000e-01   3.7087012e-01
   4.3000000e-01   4.2966875e-01
   4.3500000e-01   6.2089331e-01
   4.4000000e-01   8.5690455e-01
   4.4500000e-01   1.0050045e+00
   4.5000000e-01   9.2336024e-01
   4.5500000e-01   5.2343634e-01
   4.6000000e-01  -1.3399778e-01
   4.6500000e-01  -7.9843642e-01
   4.7000000e-01  -1.1441751e+00
   4.7500000e-01  -9.9584761e-01
   4.8000000e-01  -4.7647350e-01
   4.8500000e-01   6.9276407e-02
   4.9000000e-01   3.2383507e-01
   4.9500000e-01   2.1679400e-01
   5.0000000e-01  -4.8947457e-02
   5.0500000e-01  -1.6958452e-01
   5.1000000e-01   3.3686905e-02
   5.1500000e-01   5.0692010e-01
   5.2000000e-01   1.0304923e+00
   5.2500000e-01   1.3780130e+00
   5.3000000e-01   1.4473248e+00
   5.3500000e-01   1.2947324e+00
   5.4000000e-01   1.0607811e+00
   5.4500000e-01   8.3319312e-01
   5.5000000e-01   5.5408008e-01
   5.5500000e-01   6.6189436e-02
   5.6000000e-01  -7.1944273e-01
   5.6500000e-01  -1.6617516e+00
   5.7000000e-01  -2.3869684e+00
   5.7500000e-01  -2.5047092e+00
   5.8000000e-01  -1.9026168e+00
   5.8500000e-01  -8.5489395e-01
   5.9000000e-01   1.7783297e-01
   5.9500000e-01   8.7584061e-01
   6.0000000e-01   1.2063747e+00
   6.0500000e-01   1.2913323e+00
   6.1000000e-01   1.1928441e+00
   6.1500000e-01   8.5263462e-01
   6.2000000e-01   2.1741912e-01
   6.2500000e-01  -6.1919630e-01
   6.3000000e-01  -1.4388976e+00
   6.3500000e-01  -2.0680830e+00
   6.4000000e-01  -2.4779035e+00
   6.4500000e-01  -2.6696460e+00
   6.5000000e-01  -2.5119883e+00
   6.5500000e-01  -1.8178927e+00
   6.6000000e-01  -6.3211069e-01
   6.6500000e-01   6.3401492e-01
   6.7000000e-01   1.4433430e+00
   6.7500000e-01   1.5368122e+00
   6.8000000e-01   1.1109241e+00
   6.8500000e-01   6.2688928e-01
   6.9000000e-01   4.4803421e-01
   6.9500000e-01   6.0687311e-01
   7.0000000e-01   8.4993686e-01
   7.0500000e-01   8.7349167e-01
   7.1000000e-01   5.4344475e-01
   7.1500000e-01  -5.1138105e-02
   7.2000000e-01  -7.1236222e-01
   7.2500000e-01  -1.2990025e+00
   7.3000000e-01  -1.8100839e+00
   7.3500000e-01  -2.3179326e+00
   7.4000000e-01  -2.7984202e+00
   7.4500000e-01  -3.0304764e+00
   7.5000000e-01  -2.7165633e+00
   7.5500000e-01  -1.7463840e+00
   7.6000000e-01  -3.3835263e-01
   7.6500000e-01   1.0853996e+00
   7.7000000e-01   2.1517446e+00
   7.7500000e-01   2.6908559e+00
   7.8000000e-01   2.7255389e+00
   7.8500000e-01   2.3864150e+00
   7.9000000e-01   1.8347979e+00
   7.9500000e-01   1.1897882e+00
   8.0000000e-01   4.5706436e-01
   8.0500000e-01  -4.7143586e-01
   8.1000000e-01  -1.6874825e+00
   8.1500000e-01  -3.0819824e+00
   8.2000000e-01  -4.2895519e+00
   8.2500000e-01  -4.8598502e+00
   8.3000000e-01  -4.5362597e+00
   8.3500000e-01  -3.4130221e+00
   8.4000000e-01  -1.8598852e+00
   8.4500000e-01  -3.1114974e-01
   8.5000000e-01   9.0770741e-01
   8.5500000e-01   1.6395590e+00
   8.6000000e-01   1.8858322e+00
   8.6500000e-01   1.7813003e+00
   8.7000000e-01   1.5333290e+00
   8.7500000e-01   1.3005332e+00
   8.8000000e-01   1.0906292e+00
   8.8500000e-01   8.0184150e-01
   8.9000000e-01   4.0047222e-01
   8.9500000e-01   5.0718835e-02
   9.0000000e-01   1.3624955e-02
   9.0500000e-01   3.6554008e-01
   9.1000000e-01   8.2437416e-01
   9.1500000e-01   9.0964047e-01
   9.2000000e-01   3.3060435e-01
   9.2500000e-01  -7.3969581e-01
   9.3000000e-01  -1.7548312e+00
   9.3500000e-01  -2.1889324e+00
   9.4000000e-01  -1.9133122e+00
   9.4500000e-01  -1.2519896e+00
   9.5000000e-01  -7.0269604e-01
   9.5500000e-01  -5.8508727e-01
   9.6000000e-01  -8.7572185e-01
   9.6500000e-01  -1.2828519e+00
   9.7000000e-01  -1.4476333e+00
   9.7500000e-01  -1.1339836e+00
   9.8000000e-01  -3.2146435e-01
   9.8500000e-01   8.2556955e-01
   9.9000000e-01   2.0665878e+00
   9.9500000e-01   3.1619234e+00
   1.0000000e+00   3.8625416e+00
   1.0050000e+00   3.9004700e+00
   1.0100000e+00   3.0799625e+00
   1.0150000e+00   1.4183861e+00
   1.0200000e+00  -7.9086280e-01
   1.0250000e+00  -3.0421376e+00
   1.0300000e+00  -4.7658556e+00
   1.0350000e+00  -5.4915972e+00
   1.0400000e+00  -4.9642828e+00
   1.0450000e+00  -3.1925794e+00
   1.0500000e+00  -4.5829529e-01
   1.0550000e+00   2.6964299e+00
   1.0600000e+00   5.5438836e+00
   1.0650000e+00   7.3556362e+00
   1.0700000e+00   7.6698644e+00
   1.0750000e+00   6.5036379e+00
   1.0800000e+00   4.3394804e+00
   1.0850000e+00   1.8486083e+00
   1.0900000e+00  -4.5745642e-01
   1.0950000e+00  -2.3539685e+00
   1.1000000e+00  -3.7132561e+00
   1.1050000e+00  -4.2628950e+00
   1.1100000e+00  -3.6514636e+00
   1.1150000e+00  -1.8221962e+00
   1.1200000e+00   7.0880331e-01
   1.1250000e+00   3.0166261e+00
   1.1300000e+00   4.2667146e+00
   1.1350000e+00   4.1310950e+00
   1.1400000e+00   2.8426613e+00
   1.1450000e+00   9.4347939e-01
   1.1500000e+00  -1.0206966e+00
   1.1550000e+00  -2.6444959e+00
   1.1600000e+00  -3.6401947e+00
   1.1650000e+00  -3.8125316e+00
   1.1700000e+00  -3.1433599e+00
   1.1750000e+00  -1.9127333e+00
   1.1800000e+00  -6.8074287e-01
   1.1850000e+00  -4.4621761e-02
   1.1900000e+00  -2.9754637e-01
   1.1950000e+00  -1.2476190e+00
   1.2000000e+00  -2.3537800e+00
   1.2050000e+00  -3.0667657e+00
   1.2100000e+00  -3.0918746e+00
   1.2150000e+00  -2.4188579e+00
   1.2200000e+00  -1.2229600e+00
   1.2250000e+00   2.1098853e-01
   1.2300000e+00   1.5367369e+00
   1.2350000e+00   2.4298053e+00
   1.2400000e+00   2.6911988e+00
   1.2450000e+00   2.2959038e+00
   1.2500000e+00   1.3641257e+00
   1.2550000e+00   1.2104392e-01
   1.2600000e+00  -1.1072855e+00
   1.2650000e+00  -1.9343675e+00
   1.2700000e+00  -2.0780277e+00
   1.2750000e+00  -1.5494212e+00
   1.2800000e+00  -6.4583266e-01
   1.2850000e+00   2.8346700e-01
   1.2900000e+00   1.0603684e+00
   1.2950000e+00   1.6750505e+00
   1.3000000e+00   2.1229522e+00
   1.3050000e+00   2.3161479e+00
   1.3100000e+00   2.1622500e+00
   1.3150000e+00   1.6723003e+00
   1.3200000e+00   9.4122609e-01
   1.3250000e+00   3.1195987e-02
   1.3300000e+00  -1.0809658e+00
   1.3350000e+00  -2.4131608e+00
   1.3400000e+00  -3.8340032e+00
   1.3450000e+00  -5.0145158e+00
   1.3500000e+00  -5.5381550e+00
   1.3550000e+00  -5.0992013e+00
   1.3600000e+00  -3.6622546e+00
   1.3650000e+00  -1.4958915e+00
   1.3700000e+00   9.3128747e-01
   1.3750000e+00   3.1265079e+00
   1.3800000e+00   4.7139984e+00
   1.3850000e+00   5.4872193e+00
   1.3900000e+00   5.4059004e+00
   1.3950000e+00   4.5770234e+00
   1.4000000e+00   3.2144336e+00
   1.4050000e+00   1.5847107e+00
   1.4100000e+00  -2.8074394e-02
   1.4150000e+00  -1.3510296e+00
   1.4200000e+00  -2.1899561e+00
   1.4250000e+00  -2.5084296e+00
   1.4300000e+00  -2.4236887e+00
   1.4350000e+00  -2.1025732e+00
   1.4400000e+00  -1.6578685e+00
   1.4450000e+00  -1.1350317e+00
   1.4500000e+00  -5.8092791e-01
   1.4550000e+00  -1.0716115e-01
   1.4600000e+00   1.4297850e-01
   1.4650000e+00   1.1013062e-01
   1.4700000e+00  -1.0726102e-01
   1.4750000e+00  -3.0909437e-01
   1.4800000e+00  -3.4667579e-01
   1.4850000e+00  -2.6312039e-01
   1.4900000e+00  -2.9917994e-01
   1.4950000e+00  -7.3187770e-01
   1.5000000e+00  -1.6712822e+00
   1.5050000e+00  -2.9766467e+00
   1.5100000e+00  -4.3220915e+00
   1.5150000e+00  -5.3257456e+00
   1.5200000e+00  -5.6594327e+00
   1.5250000e+00  -5.1137646e+00
   1.5300000e+00  -3.6341402e+00
   1.5350000e+00  -1.3492038e+00
   1.5400000e+00   1.4104026e+00
   1.5450000e+00   4.1284290e+00
   1.5500000e+00   6.1794439e+00
   1.5550000e+00   6.9820309e+00
   1.5600000e+00   6.2185133e+00
   1.5650000e+00   4.0405369e+00
   1.5700000e+00   1.1282352e+00
   1.5750000e+00  -1.4870970e+00
   1.5800000e+00  -2.8096866e+00
   1.5850000e+00  -2.3174207e+00
   1.5900000e+00  -2.1981279e-01
   1.5950000e+00   2.6209998e+00
   1.6000000e+00   5.0591978e+00
   1.6050000e+00   6.1276006e+00
   1.6100000e+00   5.3977986e+00
   1.6150000e+00   3.1244594e+00
   1.6200000e+00   1.4553696e-01
   1.6250000e+00  -2.4405436e+00
   1.6300000e+00  -3.7428123e+00
   1.6350000e+00  -3.4901543e+00
   1.6400000e+00  -2.1200697e+00
   1.6450000e+00  -4.4955753e-01
   1.6500000e+00   8.2818263e-01
   1.6550000e+00   1.4321773e+00
   1.6600000e+00   1.4275010e+00
   1.6650000e+00   1.0158810e+00
   1.6700000e+00   4.2682009e-01
   1.6750000e+00  -8.6936116e-02
   1.6800000e+00  -2.8144312e-01
   1.6850000e+00  -1.8571550e-02
   1.6900000e+00   6.5942473e-01
   1.6950000e+00   1.5565999e+00
   1.7000000e+00   2.4267957e+00
   1.7050000e+00   3.0648087e+00
   1.7100000e+00   3.3343088e+00
   1.7150000e+00   3.1585955e+00
   1.7200000e+00   2.5221744e+00
   1.7250000e+00   1.4827629e+00
   1.7300000e+00   1.4480659e-01
   1.7350000e+00  -1.4132660e+00
   1.7400000e+00  -3.1623138e+00
   1.7450000e+00  -5.0074855e+00
   1.7500000e+00  -6.6243086e+00
   1.7550000e+00  -7.4661629e+00
   1.7600000e+00  -7.0254214e+00
   1.7650000e+00  -5.1528720e+00
   1.7700000e+00  -2.1736292e+00
   1.7750000e+00   1.2476684e+00
   1.7800000e+00   4.3524961e+00
   1.7850000e+00   6.5185478e+00
   1.7900000e+00   7.4156861e+00
   1.7950000e+00   7.0578400e+00
   1.8000000e+00   5.7444663e+00
   1.8050000e+00   3.9197462e+00
   1.8100000e+00   2.0119915e+00
   1.8150000e+00   3.1358602e-01
   1.8200000e+00  -1.0582899e+00
   1.8250000e+00  -2.0948632e+00
   1.8300000e+00  -2.7608874e+00
   1.8350000e+00  -2.9075106e+00
   1.8400000e+00  -2.3333510e+00
   1.8450000e+00  -9.7788900e-01
   1.8500000e+00   9.0660524e-01
   1.8550000e+00   2.7833533e+00
   1.8600000e+00   4.0726804e+00
   1.8650000e+00   4.4275454e+00
   1.8700000e+00   3.8586479e+00
   1.8750000e+00   2.6669307e+00
   1.8800000e+00   1.2628254e+00
   1.8850000e+00  -1.3684561e-02
   1.8900000e+00  -9.9036699e-01
   1.8950000e+00  -1.6616024e+00
   1.9000000e+00  -2.1308220e+00
   1.9050000e+00  -2.5447329e+00
   1.9100000e+00  -3.0350890e+00
   1.9150000e+00  -3.6650767e+00
   1.9200000e+00  -4.3829928e+00
   1.9250000e+00  -4.9932326e+00
   1.9300000e+00  -5.1661247e+00
   1.9350000e+00  -4.5287258e+00
   1.9400000e+00  -2.8523533e+00
   1.9450000e+00  -2.5086363e-01
   1.9500000e+00   2.7608042e+00
   1.9550000e+00   5.4127975e+00
   1.9600000e+00   6.9546115e+00
   1.9650000e+00   6.9422876e+00
   1.9700000e+00   5.4320143e+00
   1.9750000e+00   2.9746579e+00
   1.9800000e+00   4.1942990e-01
   1.9850000e+00  -1.3591858e+00
   1.9900000e+00  -1.7694587e+00
   1.9950000e+00  -7.9375910e-01
   2.0000000e+00   9.4566659e-01
   2.0050000e+00   2.4820520e+00
   2.0100000e+00   2.9917602e+00
   2.0150000e+00   2.1588501e+00
   2.0200000e+00   2.2999102e-01
   2.0250000e+00  -2.2113071e+00
   2.0300000e+00  -4.5772260e+00
   2.0350000e+00  -6.4950581e+00
   2.0400000e+00  -7.7838149e+00
   2.0450000e+00  -8.2761764e+00
   2.0500000e+00  -7.7111217e+00
   2.0550000e+00  -5.8143498e+00
   2.0600000e+00  -2.4879498e+00
   2.0650000e+00   2.0200608e+00
   2.0700000e+00   7.0537875e+00
   2.0750000e+00   1.1668713e+01
   2.0800000e+00   1.4933721e+01
   2.0850000e+00   1.6265106e+01
   2.0900000e+00   1.5592848e+01
   2.0950000e+00   1.3299049e+01
   2.1000000e+00   1.0029577e+01
   2.1050000e+00   6.5040198e+00
   2.1100000e+00   3.3798461e+00
   2.1150000e+00   1.1514411e+00
   2.1200000e+00   4.2817004e-02
   2.1250000e+00  -7.8785497e-02
   2.1300000e+00   3.2336450e-01
   2.1350000e+00   6.4554494e-01
   2.1400000e+00   4.3713901e-01
   2.1450000e+00  -3.6982879e-01
   2.1500000e+00  -1.4731490e+00
   2.1550000e+00  -2.4679057e+00
   2.1600000e+00  -3.1410604e+00
   2.1650000e+00  -3.5166669e+00
   2.1700000e+00  -3.6466166e+00
   2.1750000e+00  -3.4479271e+00
   2.1800000e+00  -2.8119908e+00
   2.1850000e+00  -1.8329550e+00
   2.1900000e+00  -8.3808835e-01
   2.1950000e+00  -1.4580277e-01
   2.2000000e+00   2.1016583e-01
   2.2050000e+00   5.0782868e-01
   2.2100000e+00   1.0747477e+00
   2.2150000e+00   1.9817213e+00
   2.2200000e+00   2.9685937e+00
   2.2250000e+00   3.6319971e+00
   2.2300000e+00   3.6803924e+00
   2.2350000e+00   3.0702093e+00
   2.2400000e+00   1.9843456e+00
   2.2450000e+00   7.2397572e-01
   2.2500000e+00  -3.9626849e-01
   2.2550000e+00  -1.1028655e+00
   2.2600000e+00  -1.2012006e+00
   2.2650000e+00  -6.6213117e-01
   2.2700000e+00   2.7356605e-01
   2.2750000e+00   1.1026629e+00
   2.2800000e+00   1.2428806e+00
   2.2850000e+00   3.0600424e-01
   2.2900000e+00  -1.6884106e+00
   2.2950000e+00  -4.2655272e+00
   2.3000000e+00  -6.6407906e+00
   2.3050000e+00  -8.0110998e+00
   2.3100000e+00  -7.8738538e+00
   2.3150000e+00  -6.2046630e+00
   2.3200000e+00  -3.4004038e+00
   2.3250000e+00  -7.5515870e-02
   2.3300000e+00   3.1394917e+00
   2.3350000e+00   5.7263347e+00
   2.3400000e+00   7.3161856e+00
   2.3450000e+00   7.6632859e+00
   2.3500000e+00   6.6441194e+00
   2.3550000e+00   4.3344195e+00
   2.3600000e+00   1.1085438e+00
   2.3650000e+00  -2.3412964e+00
   2.3700000e+00  -5.1478752e+00
   2.3750000e+00  -6.5788903e+00
   2.3800000e+00  -6.3662104e+00
   2.3850000e+00  -4.8013080e+00
   2.3900000e+00  -2.4952963e+00
   2.3950000e+00  -2.1401620e-02
   2.4000000e+00   2.2481315e+00
   2.4050000e+00   4.0590041e+00
   2.4100000e+00   5.1603097e+00
   2.4150000e+00   5.3364201e+00
   2.4200000e+00   4.5502762e+00
   2.4250000e+00   3.0398147e+00
   2.4300000e+00   1.2597775e+00
   2.4350000e+00  -2.9707770e-01
   2.4400000e+00  -1.2923484e+00
   2.4450000e+00  -1.6686371e+00
   2.4500000e+00  -1.6593499e+00
   2.4550000e+00  -1.6624748e+00
   2.4600000e+00  -2.0376277e+00
   2.4650000e+00  -2.9401917e+00
   2.4700000e+00  -4.2644039e+00
   2.4750000e+00  -5.6872850e+00
   2.4800000e+00  -6.7817821e+00
   2.4850000e+00  -7.1671332e+00
   2.4900000e+00  -6.6289557e+00
   2.4950000e+00  -5.1464269e+00
   2.5000000e+00  -2.8621549e+00
   2.5050000e+00  -8.1304921e-02
   2.5100000e+00   2.7144864e+00
   2.5150000e+00   4.9418450e+00
   2.5200000e+00   6.1058221e+00
   2.5250000e+00   6.0078772e+00
   2.5300000e+00   4.8476630e+00
   2.5350000e+00   3.1486620e+00
   2.5400000e+00   1.5292321e+00
   2.5450000e+00   4.3841457e-01
   2.5500000e+00  -1.1823583e-03
   2.5550000e+00   1.7109715e-02
   2.5600000e+00   1.2398240e-01
   2.5650000e+00  -3.1720041e-02
   2.5700000e+00  -6.1933557e-01
   2.5750000e+00  -1.5904492e+00
   2.5800000e+00  -2.7943763e+00
   2.5850000e+00  -4.1161469e+00
   2.5900000e+00  -5.4841936e+00
   2.5950000e+00  -6.7498496e+00
   2.6000000e+00  -7.5859042e+00
   2.6050000e+00  -7.5452364e+00
   2.6100000e+00  -6.2728983e+00
   2.6150000e+00  -3.7291225e+00
   2.6200000e+00  -2.8336340e-01
   2.6250000e+00   3.3671084e+00
   2.6300000e+00   6.4058464e+00
   2.6350000e+00   8.1452019e+00
   2.6400000e+00   8.2443388e+00
   2.6450000e+00   6.8451872e+00
   2.6500000e+00   4.5614466e+00
   2.6550000e+00   2.2715078e+00
   2.6600000e+00   7.7467205e-01
   2.6650000e+00   4.8945576e-01
   2.6700000e+00   1.3521688e+00
   2.6750000e+00   2.9223379e+00
   2.6800000e+00   4.5872337e+00
   2.6850000e+00   5.7795953e+00
   2.6900000e+00   6.1743904e+00
   2.6950000e+00   5.8152753e+00
   2.7000000e+00   5.1181671e+00
   2.7050000e+00   4.7393380e+00
   2.7100000e+00   5.3204119e+00
   2.7150000e+00   7.1792861e+00
   2.7200000e+00   1.0091410e+01
   2.7250000e+00   1.3267328e+01
   2.7300000e+00   1.5540201e+01
   2.7350000e+00   1.5753414e+01
   2.7400000e+00   1.3278101e+01
   2.7450000e+00   8.4495498e+00
   2.7500000e+00   2.6655016e+00
   2.7550000e+00  -1.9868848e+00
   2.7600000e+00  -3.4896020e+00
   2.7650000e+00  -7.2920335e-01
   2.7700000e+00   6.0104425e+00
   2.7750000e+00   1.5192011e+01
   2.7800000e+00   2.4722769e+01
   2.7850000e+00   3.2780529e+01
   2.7900000e+00   3.8335161e+01
   2.7950000e+00   4.1197658e+01
   2.8000000e+00   4.1734627e+01
   2.8050000e+00   4.0539402e+01
   2.8100000e+00   3.8254603e+01
   2.8150000e+00   3.5527804e+01
   2.8200000e+00   3.2970962e+01
   2.8250000e+00   3.1055174e+01
   2.8300000e+00   2.9999687e+01
   2.8350000e+00   2.9761467e+01
   2.8400000e+00   3.0146035e+01
   2.8450000e+00   3.0942359e+01
   2.8500000e+00   3.1982716e+01
   2.8550000e+00   3.3122554e+01
   2.8600000e+00   3.4207757e+01
   2.8650000e+00   3.5098066e+01
   2.8700000e+00   3.5734993e+01
   2.8750000e+00   3.6163921e+01
   2.8800000e+00   3.6463237e+01
   2.8850000e+00   3.6631640e+01
   2.8900000e+00   3.6494125e+01
   2.8950000e+00   3.5636235e+01
   2.9000000e+00   3.3358159e+01
   2.9050000e+00   2.8670065e+01
   2.9100000e+00   2.0425544e+01
   2.9150000e+00   7.7315239e+00
   2.9200000e+00  -9.3399420e+00
   2.9250000e+00  -2.9083250e+01
   2.9300000e+00  -4.8283760e+01
   2.9350000e+00  -6.3489697e+01
   2.9400000e+00  -7.2654102e+01
   2.9450000e+00  -7.6021373e+01
   2.9500000e+00  -7.5970471e+01
   2.9550000e+00  -7.6161084e+01
   2.9600000e+00  -8.0163203e+01
   2.9650000e+00  -8.9843612e+01
   2.9700000e+00  -1.0443750e+02
   2.9750000e+00  -1.2112796e+02
   2.9800000e+00  -1.3675151e+02
   2.9850000e+00  -1.4933938e+02
   2.9900000e+00  -1.5856047e+02
   2.9950000e+00  -1.6517670e+02
   3.0000000e+00  -1.7020290e+02
   3.0050000e+00  -1.7429390e+02
   3.0100000e+00  -1.7750945e+02
   3.0150000e+00  -1.7942082e+02
   3.0200000e+00  -1.7945947e+02
   3.0250000e+00  -1.7732307e+02
   3.0300000e+00  -1.7318648e+02
   3.0350000e+00  -1.6756057e+02
   3.0400000e+00  -1.6087221e+02
   3.0450000e+00  -1.5298674e+02
   3.0500000e+00  -1.4283725e+02
   3.0550000e+00  -1.2827477e+02
   3.0600000e+00  -1.0652114e+02
   3.0650000e+00  -7.5656084e+01
   3.0700000e+00  -3.6602514e+01
   3.0750000e+00   5.9977339e+00
   3.0800000e+00   4.5170276e+01
   3.0850000e+00   7.4636291e+01
   3.0900000e+00   9.1517797e+01
   3.0950000e+00   9.7059407e+01
   3.1000000e+00   9.5218760e+01
   3.1050000e+00   9.0361588e+01
   3.1100000e+00   8.5590802e+01
   3.1150000e+00   8.2413407e+01
   3.1200000e+00   8.1373384e+01
   3.1250000e+00   8.2841925e+01
   3.1300000e+00   8.7400005e+01
   3.1350000e+00   9.5657769e+01
   3.1400000e+00   1.0767692e+02
   3.1450000e+00   1.2240768e+02
   3.1500000e+00   1.3757969e+02
   3.1550000e+00   1.5021945e+02
   3.1600000e+00   1.5754948e+02
   3.1650000e+00   1.5771035e+02
   3.1700000e+00   1.4988426e+02
   3.1750000e+00   1.3397784e+02
   3.1800000e+00   1.1050388e+02
   3.1850000e+00   8.1117017e+01
   3.1900000e+00   4.9240879e+01
   3.1950000e+00   1.9519969e+01
   3.2000000e+00  -4.0630850e+00
   3.2050000e+00  -1.9888586e+01
   3.2100000e+00  -2.8892438e+01
   3.2150000e+00  -3.3494596e+01
   3.2200000e+00  -3.6314103e+01
   3.2250000e+00  -3.9297361e+01
   3.2300000e+00  -4.3298806e+01
   3.2350000e+00  -4.8055053e+01
   3.2400000e+00  -5.2529537e+01
   3.2450000e+00  -5.5455677e+01
   3.2500000e+00  -5.5831025e+01
   3.2550000e+00  -5.3237288e+01
   3.2600000e+00  -4.7920640e+01
   3.2650000e+00  -4.0506642e+01
   3.2700000e+00  -3.1318605e+01
   3.2750000e+00  -1.9700352e+01
   3.2800000e+00  -4.1550959e+00
   3.2850000e+00   1.6348202e+01
   3.2900000e+00   4.0803734e+01
   3.2950000e+00   6.5809783e+01
   3.3000000e+00   8.6953144e+01
   3.3050000e+00   1.0093697e+02
   3.3100000e+00   1.0690263e+02
   3.3150000e+00   1.0624859e+02
   3.3200000e+00   1.0142396e+02
   3.3250000e+00   9.4650540e+01
   3.3300000e+00   8.7256009e+01
   3.3350000e+00   7.9725806e+01
   3.3400000e+00   7.2131996e+01
   3.3450000e+00   6.4514942e+01
   3.3500000e+00   5.7047682e+01
   3.3550000e+00   5.0093804e+01
   3.3600000e+00   4.4259511e+01
   3.3650000e+00   4.0331934e+01
   3.3700000e+00   3.8988538e+01
   3.3750000e+00   4.0406422e+01
   3.3800000e+00   4.4030950e+01
   3.3850000e+00   4.8650674e+01
   3.3900000e+00   5.2754339e+01
   3.3950000e+00   5.5018738e+01
   3.4000000e+00   5.4707546e+01
   3.4050000e+00   5.1799079e+01
   3.4100000e+00   4.6797043e+01
   3.4150000e+00   4.0347833e+01
   3.4200000e+00   3.2920735e+01
   3.4250000e+00   2.4768300e+01
   3.4300000e+00   1.6140153e+01
   3.4350000e+00   7.4838544e+00
   3.4400000e+00  -6.2046371e-01
   3.4450000e+00  -7.7416326e+00
   3.4500000e+00  -1.3796735e+01
   3.4550000e+00  -1.8998504e+01
   3.4600000e+00  -2.3657379e+01
   3.4650000e+00  -2.8011462e+01
   3.4700000e+00  -3.2144225e+01
   3.4750000e+00  -3.5966754e+01
   3.4800000e+00  -3.9256830e+01
   3.4850000e+00  -4.1765702e+01
   3.4900000e+00  -4.3342957e+01
   3.4950000e+00  -4.3960194e+01
   3.5000000e+00  -4.3583983e+01
   3.5050000e+00  -4.2041647e+01
   3.5100000e+00  -3.9077540e+01
   3.5150000e+00  -3.4575791e+01
   3.5200000e+00  -2.8706605e+01
   3.5250000e+00  -2.1843763e+01
   3.5300000e+00  -1.4384085e+01
   3.5350000e+00  -6.7133292e+00
   3.5400000e+00   6.3381853e-01
   3.5450000e+00   6.8387018e+00
   3.5500000e+00   1.0932540e+01
   3.5550000e+00   1.2200009e+01
   3.5600000e+00   1.0582115e+01
   3.5650000e+00   6.7862084e+00
   3.5700000e+00   2.0665732e+00
   3.5750000e+00  -2.1516647e+00
   3.5800000e+00  -4.6655812e+00
   3.5850000e+00  -4.8238830e+00
   3.5900000e+00  -2.6612495e+00
   3.5950000e+00   1.2616266e+00
   3.6000000e+00   6.1970203e+00
   3.6050000e+00   1.1462288e+01
   3.6100000e+00   1.6478268e+01
   3.6150000e+00   2.0719435e+01
   3.6200000e+00   2.3735655e+01
   3.6250000e+00   2.5222940e+01
   3.6300000e+00   2.5024902e+01
   3.6350000e+00   2.3056193e+01
   3.6400000e+00   1.9233334e+01
   3.6450000e+00   1.3433841e+01
   3.6500000e+00   5.4815226e+00
   3.6550000e+00  -4.6935423e+00
   3.6600000e+00  -1.6633499e+01
   3.6650000e+00  -2.9028270e+01
   3.6700000e+00  -3.9954529e+01
   3.6750000e+00  -4.7572040e+01
   3.6800000e+00  -5.0740990e+01
   3.6850000e+00  -4.9249926e+01
   3.6900000e+00  -4.3699914e+01
   3.6950000e+00  -3.5169473e+01
   3.7000000e+00  -2.4813794e+01
   3.7050000e+00  -1.3604481e+01
   3.7100000e+00  -2.2751710e+00
   3.7150000e+00   8.6624366e+00
   3.7200000e+00   1.8903217e+01
   3.7250000e+00   2.8208030e+01
   3.7300000e+00   3.6129003e+01
   3.7350000e+00   4.1920986e+01
   3.7400000e+00   4.4854612e+01
   3.7450000e+00   4.4644029e+01
   3.7500000e+00   4.1577111e+01
   3.7550000e+00   3.6342082e+01
   3.7600000e+00   2.9826709e+01
   3.7650000e+00   2.3010916e+01
   3.7700000e+00   1.6870783e+01
   3.7750000e+00   1.2218443e+01
   3.7800000e+00   9.4744022e+00
   3.7850000e+00   8.4529005e+00
   3.7900000e+00   8.3285782e+00
   3.7950000e+00   7.8911047e+00
   3.8000000e+00   5.9832202e+00
   3.8050000e+00   1.8860534e+00
   3.8100000e+00  -4.5019390e+00
   3.8150000e+00  -1.2671312e+01
   3.8200000e+00  -2.1610839e+01
   3.8250000e+00  -3.0022311e+01
   3.8300000e+00  -3.6682135e+01
   3.8350000e+00  -4.0846301e+01
   3.8400000e+00  -4.2452278e+01
   3.8450000e+00  -4.1973294e+01
   3.8500000e+00  -4.0049244e+01
   3.8550000e+00  -3.7171976e+01
   3.8600000e+00  -3.3602350e+01
   3.8650000e+00  -2.9484704e+01
   3.8700000e+00  -2.5017542e+01
   3.8750000e+00  -2.0552326e+01
   3.8800000e+00  -1.6549045e+01
   3.8850000e+00  -1.3425366e+01
   3.8900000e+00  -1.1424610e+01
   3.8950000e+00  -1.0575152e+01
   3.9000000e+00  -1.0704006e+01
   3.9050000e+00  -1.1456915e+01
   3.9100000e+00  -1.2351594e+01
   3.9150000e+00  -1.2922345e+01
   3.9200000e+00  -1.2923825e+01
   3.9250000e+00  -1.2445610e+01
   3.9300000e+00  -1.1818849e+01
   3.9350000e+00  -1.1358278e+01
   3.9400000e+00  -1.1117953e+01
   3.9450000e+00  -1.0845163e+01
   3.9500000e+00  -1.0175327e+01
   3.9550000e+00  -8.9166301e+00
   3.9600000e+00  -7.2213269e+00
   3.9650000e+00  -5.5629001e+00
   3.9700000e+00  -4.5664904e+00
   3.9750000e+00  -4.7788733e+00
   3.9800000e+00  -6.4546772e+00
   3.9850000e+00  -9.4234405e+00
   3.9900000e+00  -1.3058347e+01
   3.9950000e+00  -1.6334483e+01
   4.0000000e+00  -1.8025074e+01
   4.0050000e+00  -1.7081154e+01
   4.0100000e+00  -1.3083456e+01
   4.0150000e+00  -6.5456744e+00
   4.0200000e+00   1.1341353e+00
   4.0250000e+00   8.1413600e+00
   4.0300000e+00   1.2925623e+01
   4.0350000e+00   1.4686564e+01
   4.0400000e+00   1.3380364e+01
   4.0450000e+00   9.3595735e+00
   4.0500000e+00   3.0660847e+00
   4.0550000e+00  -4.9451794e+00
   4.0600000e+00  -1.3812556e+01
   4.0650000e+00  -2.2355690e+01
   4.0700000e+00  -2.9346573e+01
   4.0750000e+00  -3.3828516e+01
   4.0800000e+00  -3.5248599e+01
   4.0850000e+00  -3.3465080e+01
   4.0900000e+00  -2.8811946e+01
   4.0950000e+00  -2.2176038e+01
   4.1000000e+00  -1.4870278e+01
   4.1050000e+00  -8.2530112e+00
   4.1100000e+00  -3.3063019e+00
   4.1150000e+00  -4.0492890e-01
   4.1200000e+00   6.8555376e-01
   4.1250000e+00   6.5865362e-01
   4.1300000e+00   4.0624855e-01
   4.1350000e+00   6.8276883e-01
   4.1400000e+00   1.8148817e+00
   4.1450000e+00   3.6187063e+00
   4.1500000e+00   5.5689537e+00
   4.1550000e+00   7.0784010e+00
   4.1600000e+00   7.7142416e+00
   4.1650000e+00   7.3096945e+00
   4.1700000e+00   5.9855620e+00
   4.1750000e+00   4.0448782e+00
   4.1800000e+00   1.7598055e+00
   4.1850000e+00  -7.8893413e-01
   4.1900000e+00  -3.6915876e+00
   4.1950000e+00  -7.0645760e+00
   4.2000000e+00  -1.0860198e+01
   4.2050000e+00  -1.4639095e+01
   4.2100000e+00  -1.7488832e+01
   4.2150000e+00  -1.8373291e+01
   4.2200000e+00  -1.6799665e+01
   4.2250000e+00  -1.3265130e+01
   4.2300000e+00  -9.0923428e+00
   4.2350000e+00  -5.7860970e+00
   4.2400000e+00  -4.3714393e+00
   4.2450000e+00  -5.0937128e+00
   4.2500000e+00  -7.5533208e+00
   4.2550000e+00  -1.1044280e+01
   4.2600000e+00  -1.4806733e+01
   4.2650000e+00  -1.8124247e+01
   4.2700000e+00  -2.0370916e+01
   4.2750000e+00  -2.1098396e+01
   4.2800000e+00  -2.0188147e+01
   4.2850000e+00  -1.7995853e+01
   4.2900000e+00  -1.5324703e+01
   4.2950000e+00  -1.3138082e+01
   4.3000000e+00  -1.2121548e+01
   4.3050000e+00  -1.2326360e+01
   4.3100000e+00  -1.3106043e+01
   4.3150000e+00  -1.3432956e+01
   4.3200000e+00  -1.2464275e+01
   4.3250000e+00  -1.0026646e+01
   4.3300000e+00  -6.7111648e+00
   4.3350000e+00  -3.5380610e+00
   4.3400000e+00  -1.4243207e+00
   4.3450000e+00  -7.4771543e-01
   4.3500000e+00  -1.1860764e+00
   4.3550000e+00  -1.8773215e+00
   4.3600000e+00  -1.8380563e+00
   4.3650000e+00  -4.5570878e-01
   4.3700000e+00   2.2092067e+00
   4.3750000e+00   5.4777978e+00
   4.3800000e+00   8.4125888e+00
   4.3850000e+00   1.0266861e+01
   4.3900000e+00   1.0778040e+01
   4.3950000e+00   1.0162972e+01
   4.4000000e+00   8.8603420e+00
   4.4050000e+00   7.2181781e+00
   4.4100000e+00   5.3365583e+00
   4.4150000e+00   3.1368544e+00
   4.4200000e+00   5.5122068e-01
   4.4250000e+00  -2.3302611e+00
   4.4300000e+00  -5.2324292e+00
   4.4350000e+00  -7.7699272e+00
   4.4400000e+00  -9.5672135e+00
   4.4450000e+00  -1.0349215e+01
   4.4500000e+00  -9.9491604e+00
   4.4550000e+00  -8.2686014e+00
   4.4600000e+00  -5.2743389e+00
   4.4650000e+00  -1.0636971e+00
   4.4700000e+00   4.0212633e+00
   4.4750000e+00   9.2875523e+00
   4.4800000e+00   1.3719209e+01
   4.4850000e+00   1.6208402e+01
   4.4900000e+00   1.5867004e+01
   4.4950000e+00   1.2299835e+01
   4.5000000e+00   5.8578938e+00
   4.5050000e+00  -2.2345854e+00
   4.5100000e+00  -1.0151831e+01
   4.5150000e+00  -1.6152860e+01
   4.5200000e+00  -1.9245630e+01
   4.5250000e+00  -1.9363640e+01
   4.5300000e+00  -1.7046159e+01
   4.5350000e+00  -1.2994407e+01
   4.5400000e+00  -7.8410579e+00
   4.5450000e+00  -2.1680349e+00
   4.5500000e+00   3.4261833e+00
   4.5550000e+00   8.3613059e+00
   4.5600000e+00   1.2190391e+01
   4.5650000e+00   1.4694689e+01
   4.5700000e+00   1.5883503e+01
   4.5750000e+00   1.5918492e+01
   4.5800000e+00   1.5053799e+01
   4.5850000e+00   1.3646398e+01
   4.5900000e+00   1.2205733e+01
   4.5950000e+00   1.1378193e+01
   4.6000000e+00   1.1754579e+01
   4.6050000e+00   1.3554782e+01
   4.6100000e+00   1.6441134e+01
   4.6150000e+00   1.9638212e+01
   4.6200000e+00   2.2273784e+01
   4.6250000e+00   2.3716799e+01
   4.6300000e+00   2.3734190e+01
   4.6350000e+00   2.2425738e+01
   4.6400000e+00   2.0032217e+01
   4.6450000e+00   1.6747803e+01
   4.6500000e+00   1.2641923e+01
   4.6550000e+00   7.7676752e+00
   4.6600000e+00   2.3996581e+00
   4.6650000e+00  -2.8338237e+00
   4.6700000e+00  -7.0976674e+00
   4.6750000e+00  -9.6930168e+00
   4.6800000e+00  -1.0383061e+01
   4.6850000e+00  -9.5243633e+00
   4.6900000e+00  -7.9048398e+00
   4.6950000e+00  -6.3552080e+00
   4.7000000e+00  -5.3942287e+00
   4.7050000e+00  -5.1215145e+00
   4.7100000e+00  -5.3152781e+00
   4.7150000e+00  -5.5731598e+00
   4.7200000e+00  -5.4289089e+00
   4.7250000e+00  -4.4768877e+00
   4.7300000e+00  -2.5248145e+00
   4.7350000e+00   3.0327101e-01
   4.7400000e+00   3.6337682e+00
   4.7450000e+00   7.0533633e+00
   4.7500000e+00   1.0263453e+01
   4.7550000e+00   1.3056513e+01
   4.7600000e+00   1.5235123e+01
   4.7650000e+00   1.6650621e+01
   4.7700000e+00   1.7330410e+01
   4.7750000e+00   1.7520678e+01
   4.7800000e+00   1.7580529e+01
   4.7850000e+00   1.7810360e+01
   4.7900000e+00   1.8313766e+01
   4.7950000e+00   1.8951095e+01
   4.8000000e+00   1.9393087e+01
   4.8050000e+00   1.9234667e+01
   4.8100000e+00   1.8123772e+01
   4.8150000e+00   1.5877244e+01
   4.8200000e+00   1.2561669e+01
   4.8250000e+00   8.5198136e+00
   4.8300000e+00   4.3218327e+00
   4.8350000e+00   6.3178793e-01
   4.8400000e+00  -1.9741051e+00
   4.8450000e+00  -3.1575273e+00
   4.8500000e+00  -2.8673079e+00
   4.8550000e+00  -1.2933187e+00
   4.8600000e+00   1.2096265e+00
   4.8650000e+00   4.2080779e+00
   4.8700000e+00   7.3042911e+00
   4.8750000e+00   1.0220202e+01
   4.8800000e+00   1.2777140e+01
   4.8850000e+00   1.4817823e+01
   4.8900000e+00   1.6173249e+01
   4.8950000e+00   1.6686141e+01
   4.9000000e+00   1.6229278e+01
   4.9050000e+00   1.4705203e+01
   4.9100000e+00   1.2055511e+01
   4.9150000e+00   8.2766964e+00
   4.9200000e+00   3.4448068e+00
   4.9250000e+00  -2.2223186e+00
   4.9300000e+00  -8.2923157e+00
   4.9350000e+00  -1.4137906e+01
   4.9400000e+00  -1.9092241e+01
   4.9450000e+00  -2.2630810e+01
   4.9500000e+00  -2.4450949e+01
   4.9550000e+00  -2.4443970e+01
   4.9600000e+00  -2.2639785e+01
   4.9650000e+00  -1.9195345e+01
   4.9700000e+00  -1.4425435e+01
   4.9750000e+00  -8.8044187e+00
   4.9800000e+00  -2.8913544e+00
   4.9850000e+00   2.7953443e+00
   4.9900000e+00   7.8878663e+00
   4.9950000e+00   1.2199619e+01
   5.0000000e+00   1.5670597e+01
   5.0050000e+00   1.8292716e+01
   5.0100000e+00   2.0071560e+01
   5.0150000e+00   2.1014526e+01
   5.0200000e+00   2.1112580e+01
   5.0250000e+00   2.0334171e+01
   5.0300000e+00   1.8684048e+01
   5.0350000e+00   1.6317519e+01
   5.0400000e+00   1.3605487e+01
   5.0450000e+00   1.1041694e+01
   5.0500000e+00   9.0182462e+00
   5.0550000e+00   7.6447487e+00
   5.0600000e+00   6.7525874e+00
   5.0650000e+00   6.0512747e+00
   5.0700000e+00   5.3118619e+00
   5.0750000e+00   4.4756522e+00
   5.0800000e+00   3.6402158e+00
   5.0850000e+00   2.9553182e+00
   5.0900000e+00   2.5193095e+00
   5.0950000e+00   2.3255197e+00
   5.1000000e+00   2.2422632e+00
   5.1050000e+00   2.0361653e+00
   5.1100000e+00   1.4843100e+00
   5.1150000e+00   5.2764022e-01
   5.1200000e+00  -6.8063500e-01
   5.1250000e+00  -1.8747612e+00
   5.1300000e+00  -2.7868550e+00
   5.1350000e+00  -3.1605201e+00
   5.1400000e+00  -2.7396695e+00
   5.1450000e+00  -1.3411847e+00
   5.1500000e+00   1.0124430e+00
   5.1550000e+00   4.0084395e+00
   5.1600000e+00   7.0720820e+00
   5.1650000e+00   9.5107528e+00
   5.1700000e+00   1.0733719e+01
   5.1750000e+00   1.0456605e+01
   5.1800000e+00   8.7755941e+00
   5.1850000e+00   6.0636634e+00
   5.1900000e+00   2.7921209e+00
   5.1950000e+00  -5.6091851e-01
   5.2000000e+00  -3.5052192e+00
   5.2050000e+00  -5.5671433e+00
   5.2100000e+00  -6.4003487e+00
   5.2150000e+00  -5.8892633e+00
   5.2200000e+00  -4.1798431e+00
   5.2250000e+00  -1.6501843e+00
   5.2300000e+00   1.1681691e+00
   5.2350000e+00   3.7063293e+00
   5.2400000e+00   5.4675261e+00
   5.2450000e+00   6.1052975e+00
   5.2500000e+00   5.4896581e+00
   5.2550000e+00   3.7587677e+00
   5.2600000e+00   1.2986253e+00
   5.2650000e+00  -1.3638315e+00
   5.2700000e+00  -3.6673827e+00
   5.2750000e+00  -5.0702530e+00
   5.2800000e+00  -5.1147664e+00
   5.2850000e+00  -3.5449525e+00
   5.2900000e+00  -4.1003378e-01
   5.2950000e+00   3.9006579e+00
   5.3000000e+00   8.6763066e+00
   5.3050000e+00   1.2991863e+01
   5.3100000e+00   1.5961415e+01
   5.3150000e+00   1.7045017e+01
   5.3200000e+00   1.6215425e+01
   5.3250000e+00   1.3892906e+01
   5.3300000e+00   1.0731541e+01
   5.3350000e+00   7.4233678e+00
   5.3400000e+00   4.5952112e+00
   5.3450000e+00   2.7299744e+00
   5.3500000e+00   2.0525857e+00
   5.3550000e+00   2.4437932e+00
   5.3600000e+00   3.4848447e+00
   5.3650000e+00   4.6315571e+00
   5.3700000e+00   5.4054488e+00
   5.3750000e+00   5.4965704e+00
   5.3800000e+00   4.7594736e+00
   5.3850000e+00   3.1617478e+00
   5.3900000e+00   7.6505135e-01
   5.3950000e+00  -2.2395659e+00
   5.4000000e+00  -5.5037513e+00
   5.4050000e+00  -8.5722780e+00
   5.4100000e+00  -1.1012231e+01
   5.4150000e+00  -1.2563962e+01
   5.4200000e+00  -1.3243686e+01
   5.4250000e+00  -1.3325736e+01
   5.4300000e+00  -1.3199264e+01
   5.4350000e+00  -1.3207932e+01
   5.4400000e+00  -1.3561751e+01
   5.4450000e+00  -1.4314530e+01
   5.4500000e+00  -1.5393898e+01
   5.4550000e+00  -1.6663789e+01
   5.4600000e+00  -1.7969408e+01
   5.4650000e+00  -1.9149342e+01
   5.4700000e+00  -2.0029382e+01
   5.4750000e+00  -2.0422534e+01
   5.4800000e+00  -2.0167755e+01
   5.4850000e+00  -1.9186179e+01
   5.4900000e+00  -1.7499472e+01
   5.4950000e+00  -1.5216212e+01
   5.5000000e+00  -1.2522816e+01
   5.5050000e+00  -9.6644372e+00
   5.5100000e+00  -6.8815034e+00
   5.5150000e+00  -4.3147845e+00
   5.5200000e+00  -1.9417664e+00
   5.5250000e+00   3.8348911e-01
   5.5300000e+00   2.7816437e+00
   5.5350000e+00   5.1979784e+00
   5.5400000e+00   7.3796597e+00
   5.5450000e+00   8.9955386e+00
   5.5500000e+00   9.7885976e+00
   5.5550000e+00   9.6498304e+00
   5.5600000e+00   8.6261318e+00
   5.5650000e+00   6.9290676e+00
   5.5700000e+00   4.9114949e+00
   5.5750000e+00   2.9675158e+00
   5.5800000e+00   1.4330910e+00
   5.5850000e+00   5.4412490e-01
   5.5900000e+00   3.9516422e-01
   5.5950000e+00   8.8396200e-01
   5.6000000e+00   1.7197446e+00
   5.6050000e+00   2.5256166e+00
   5.6100000e+00   2.9688984e+00
   5.6150000e+00   2.8546906e+00
   5.6200000e+00   2.1718728e+00
   5.6250000e+00   1.0891153e+00
   5.6300000e+00  -1.1026437e-01
   5.6350000e+00  -1.1431200e+00
   5.6400000e+00  -1.8395967e+00
   5.6450000e+00  -2.1851185e+00
   5.6500000e+00  -2.2771230e+00
   5.6550000e+00  -2.2545217e+00
   5.6600000e+00  -2.2219173e+00
   5.6650000e+00  -2.1381730e+00
   5.6700000e+00  -1.7199331e+00
   5.6750000e+00  -5.0593790e-01
   5.6800000e+00   1.8581178e+00
   5.6850000e+00   5.3067564e+00
   5.6900000e+00   9.3172478e+00
   5.6950000e+00   1.3186820e+01
   5.7000000e+00   1.6350109e+01
   5.7050000e+00   1.8494361e+01
   5.7100000e+00   1.9487808e+01
   5.7150000e+00   1.9286856e+01
   5.7200000e+00   1.7907772e+01
   5.7250000e+00   1.5436441e+01
   5.7300000e+00   1.2072368e+01
   5.7350000e+00   8.1931187e+00
   5.7400000e+00   4.3281429e+00
   5.7450000e+00   9.8914074e-01
   5.7500000e+00  -1.5040570e+00
   5.7550000e+00  -3.0589118e+00
   5.7600000e+00  -3.7527222e+00
   5.7650000e+00  -3.7907893e+00
   5.7700000e+00  -3.4759475e+00
   5.7750000e+00  -3.1381296e+00
   5.7800000e+00  -3.0453697e+00
   5.7850000e+00  -3.3550993e+00
   5.7900000e+00  -4.1073055e+00
   5.7950000e+00  -5.2054668e+00
   5.8000000e+00  -6.3765846e+00
   5.8050000e+00  -7.2003016e+00
   5.8100000e+00  -7.2773477e+00
   5.8150000e+00  -6.4485472e+00
   5.8200000e+00  -4.8917373e+00
   5.8250000e+00  -3.0223212e+00
   5.8300000e+00  -1.2730207e+00
   5.8350000e+00   9.4453076e-02
   5.8400000e+00   1.0261476e+00
   5.8450000e+00   1.5696729e+00
   5.8500000e+00   1.7486087e+00
   5.8550000e+00   1.5239474e+00
   5.8600000e+00   8.3284996e-01
   5.8650000e+00  -3.7535324e-01
   5.8700000e+00  -2.1489734e+00
   5.8750000e+00  -4.5460794e+00
   5.8800000e+00  -7.5799865e+00
   5.8850000e+00  -1.1122837e+01
   5.8900000e+00  -1.4871472e+01
   5.8950000e+00  -1.8413051e+01
   5.9000000e+00  -2.1319418e+01
   5.9050000e+00  -2.3202710e+01
   5.9100000e+00  -2.3753062e+01
   5.9150000e+00  -2.2803083e+01
   5.9200000e+00  -2.0393746e+01
   5.9250000e+00  -1.6785025e+01
   5.9300000e+00  -1.2402096e+01
   5.9350000e+00  -7.7522880e+00
   5.9400000e+00  -3.3540125e+00
   5.9450000e+00   3.1260882e-01
   5.9500000e+00   2.8681482e+00
   5.9550000e+00   4.1317087e+00
   5.9600000e+00   4.2003778e+00
   5.9650000e+00   3.4231360e+00
   5.9700000e+00   2.2664339e+00
   5.9750000e+00   1.1632918e+00
   5.9800000e+00   4.1537637e-01
   5.9850000e+00   1.5484629e-01
   5.9900000e+00   3.5594077e-01
   5.9950000e+00   8.7566749e-01
   6.0000000e+00   1.4977773e+00
   6.0050000e+00   1.9816124e+00
   6.0100000e+00   2.1326735e+00
   6.0150000e+00   1.8696887e+00
   6.0200000e+00   1.2389251e+00
   6.0250000e+00   3.8321509e-01
   6.0300000e+00  -4.9275264e-01
   6.0350000e+00  -1.1541205e+00
   6.0400000e+00  -1.3786092e+00
   6.0450000e+00  -1.0201701e+00
   6.0500000e+00  -8.0079456e-02
   6.0550000e+00   1.2715464e+00
   6.0600000e+00   2.7662605e+00
   6.0650000e+00   4.1609246e+00
   6.0700000e+00   5.3242409e+00
   6.0750000e+00   6.2281050e+00
   6.0800000e+00   6.8732191e+00
   6.0850000e+00   7.2377112e+00
   6.0900000e+00   7.3025125e+00
   6.0950000e+00   7.1049526e+00
   6.1000000e+00   6.7301002e+00
   6.1050000e+00   6.2378080e+00
   6.1100000e+00   5.6103594e+00
   6.1150000e+00   4.7791058e+00
   6.1200000e+00   3.7226223e+00
   6.1250000e+00   2.5705485e+00
   6.1300000e+00   1.5977200e+00
   6.1350000e+00   1.0600899e+00
   6.1400000e+00   1.0052939e+00
   6.1450000e+00   1.2460813e+00
   6.1500000e+00   1.5117046e+00
   6.1550000e+00   1.6180478e+00
   6.1600000e+00   1.5221410e+00
   6.1650000e+00   1.2714264e+00
   6.1700000e+00   9.3034859e-01
   6.1750000e+00   5.2011748e-01
   6.1800000e+00  -2.7234369e-02
   6.1850000e+00  -8.6526268e-01
   6.1900000e+00  -2.1392763e+00
   6.1950000e+00  -3.8448659e+00
   6.2000000e+00  -5.7707347e+00
   6.2050000e+00  -7.6015196e+00
   6.2100000e+00  -9.0984887e+00
   6.2150000e+00  -1.0225073e+01
   6.2200000e+00  -1.1148160e+01
   6.2250000e+00  -1.2120369e+01
   6.2300000e+00  -1.3314028e+01
   6.2350000e+00  -1.4705055e+01
   6.2400000e+00  -1.6072617e+01
   6.2450000e+00  -1.7106945e+01
   6.2500000e+00  -1.7551947e+01
   6.2550000e+00  -1.7308232e+01
   6.2600000e+00  -1.6461091e+01
   6.2650000e+00  -1.5228443e+01
   6.2700000e+00  -1.3856812e+01
   6.2750000e+00  -1.2527650e+01
   6.2800000e+00  -1.1326975e+01
   6.2850000e+00  -1.0273025e+01
   6.2900000e+00  -9.3500394e+00
   6.2950000e+00  -8.5108689e+00
   6.3000000e+00  -7.6630392e+00
   6.3050000e+00  -6.6795259e+00
   6.3100000e+00  -5.4533009e+00
   6.3150000e+00  -3.9611775e+00
   6.3200000e+00  -2.2744039e+00
   6.3250000e+00  -5.0777757e-01
   6.3300000e+00   1.2347774e+00
   6.3350000e+00   2.8847801e+00
   6.3400000e+00   4.4176253e+00
   6.3450000e+00   5.8349614e+00
   6.3500000e+00   7.1029021e+00
   6.3550000e+00   8.0993532e+00
   6.3600000e+00   8.6390905e+00
   6.3650000e+00   8.5573054e+00
   6.3700000e+00   7.7967215e+00
   6.3750000e+00   6.4642651e+00
   6.3800000e+00   4.8093642e+00
   6.3850000e+00   3.1175660e+00
   6.3900000e+00   1.6145679e+00
   6.3950000e+00   4.6167037e-01
   6.4000000e+00  -2.0996866e-01
   6.4050000e+00  -3.2937584e-01
   6.4100000e+00   3.3693402e-02
   6.4150000e+00   6.5892281e-01
   6.4200000e+00   1.2980672e+00
   6.4250000e+00   1.8461433e+00
   6.4300000e+00   2.4092584e+00
   6.4350000e+00   3.2035613e+00
   6.4400000e+00   4.3789036e+00
   6.4450000e+00   5.9070194e+00
   6.4500000e+00   7.5737802e+00
   6.4550000e+00   9.0446108e+00
   6.4600000e+00   9.9888275e+00
   6.4650000e+00   1.0217727e+01
   6.4700000e+00   9.7389823e+00
   6.4750000e+00   8.7003500e+00
   6.4800000e+00   7.3091637e+00
   6.4850000e+00   5.7992506e+00
   6.4900000e+00   4.4134934e+00
   6.4950000e+00   3.3513971e+00
   6.5000000e+00   2.7108196e+00
   6.5050000e+00   2.4781957e+00
   6.5100000e+00   2.5587582e+00
   6.5150000e+00   2.8099374e+00
   6.5200000e+00   3.0803590e+00
   6.5250000e+00   3.2670393e+00
   6.5300000e+00   3.3598740e+00
   6.5350000e+00   3.4300242e+00
   6.5400000e+00   3.5647831e+00
   6.5450000e+00   3.7996673e+00
   6.5500000e+00   4.1028278e+00
   6.5550000e+00   4.4095633e+00
   6.5600000e+00   4.6423658e+00
   6.5650000e+00   4.7007546e+00
   6.5700000e+00   4.4927348e+00
   6.5750000e+00   4.0185476e+00
   6.5800000e+00   3.4053899e+00
   6.5850000e+00   2.8322596e+00
   6.5900000e+00   2.4129846e+00
   6.5950000e+00   2.1577139e+00
   6.6000000e+00   2.0355240e+00
   6.6050000e+00   2.0092061e+00
   6.6100000e+00   1.9761578e+00
   6.6150000e+00   1.7581893e+00
   6.6200000e+00   1.2187541e+00
   6.6250000e+00   3.5581403e-01
   6.6300000e+00  -7.3790169e-01
   6.6350000e+00  -1.9572157e+00
   6.6400000e+00  -3.2104406e+00
   6.6450000e+00  -4.4051933e+00
   6.6500000e+00  -5.4449524e+00
   6.6550000e+00  -6.2453803e+00
   6.6600000e+00  -6.7449542e+00
   6.6650000e+00  -6.8871062e+00
   6.6700000e+00  -6.5855138e+00
   6.6750000e+00  -5.7180552e+00
   6.6800000e+00  -4.1812796e+00
   6.6850000e+00  -1.9759736e+00
   6.6900000e+00   7.3648678e-01
   6.6950000e+00   3.6290120e+00
   6.7000000e+00   6.2562021e+00
   6.7050000e+00   8.1742392e+00
   6.7100000e+00   9.1023972e+00
   6.7150000e+00   9.0103090e+00
   6.7200000e+00   8.0573730e+00
   6.7250000e+00   6.4585677e+00
   6.7300000e+00   4.4102066e+00
   6.7350000e+00   2.1035662e+00
   6.7400000e+00  -2.5751182e-01
   6.7450000e+00  -2.4909806e+00
   6.7500000e+00  -4.4859929e+00
   6.7550000e+00  -6.2135768e+00
   6.7600000e+00  -7.6961509e+00
   6.7650000e+00  -8.9558474e+00
   6.7700000e+00  -9.9573908e+00
   6.7750000e+00  -1.0577156e+01
   6.7800000e+00  -1.0632493e+01
   6.7850000e+00  -9.9731597e+00
   6.7900000e+00  -8.5909264e+00
   6.7950000e+00  -6.6703238e+00
   6.8000000e+00  -4.5419342e+00
   6.8050000e+00  -2.5879937e+00
   6.8100000e+00  -1.1614205e+00
   6.8150000e+00  -5.1728472e-01
   6.8200000e+00  -7.4368515e-01
   6.8250000e+00  -1.7184574e+00
   6.8300000e+00  -3.1338029e+00
   6.8350000e+00  -4.6032212e+00
   6.8400000e+00  -5.8091873e+00
   6.8450000e+00  -6.6134133e+00
   6.8500000e+00  -7.0722390e+00
   6.8550000e+00  -7.3584117e+00
   6.8600000e+00  -7.6481906e+00
   6.8650000e+00  -8.0446345e+00
   6.8700000e+00  -8.5587950e+00
   6.8750000e+00  -9.1205435e+00
   6.8800000e+00  -9.5972937e+00
   6.8850000e+00  -9.8281931e+00
   6.8900000e+00  -9.6749781e+00
   6.8950000e+00  -9.0615933e+00
   6.9000000e+00  -7.9776586e+00
   6.9050000e+00  -6.4612542e+00
   6.9100000e+00  -4.5929527e+00
   6.9150000e+00  -2.5040754e+00
   6.9200000e+00  -3.7727376e-01
   6.9250000e+00   1.5862223e+00
   6.9300000e+00   3.2397230e+00
   6.9350000e+00   4.5546887e+00
   6.9400000e+00   5.6019690e+00
   6.9450000e+00   6.4647192e+00
   6.9500000e+00   7.1740859e+00
   6.9550000e+00   7.7012216e+00
   6.9600000e+00   7.9668599e+00
   6.9650000e+00   7.8596638e+00
   6.9700000e+00   7.2912313e+00
   6.9750000e+00   6.2743149e+00
   6.9800000e+00   4.9616792e+00
   6.9850000e+00   3.6049217e+00
   6.9900000e+00   2.4567089e+00
   6.9950000e+00   1.6738170e+00
   7.0000000e+00   1.2618470e+00
   7.0050000e+00   1.0747667e+00
   7.0100000e+00   8.7563151e-01
   7.0150000e+00   4.3886297e-01
   7.0200000e+00  -3.7062625e-01
   7.0250000e+00  -1.5778389e+00
   7.0300000e+00  -3.1151272e+00
   7.0350000e+00  -4.8604024e+00
   7.0400000e+00  -6.6809074e+00
   7.0450000e+00  -8.4487626e+00
   7.0500000e+00  -1.0028478e+01
   7.0550000e+00  -1.1268524e+01
   7.0600000e+00  -1.2004410e+01
   7.0650000e+00  -1.2064485e+01
   7.0700000e+00  -1.1295485e+01
   7.0750000e+00  -9.6256262e+00
   7.0800000e+00  -7.1314049e+00
   7.0850000e+00  -4.0515110e+00
   7.0900000e+00  -7.3146364e-01
   7.0950000e+00   2.4732190e+00
   7.1000000e+00   5.2842987e+00
   7.1050000e+00   7.5383669e+00
   7.1100000e+00   9.1848619e+00
   7.1150000e+00   1.0272339e+01
   7.1200000e+00   1.0910593e+01
   7.1250000e+00   1.1199810e+01
   7.1300000e+00   1.1188423e+01
   7.1350000e+00   1.0908266e+01
   7.1400000e+00   1.0422405e+01
   7.1450000e+00   9.8127628e+00
   7.1500000e+00   9.1445547e+00
   7.1550000e+00   8.4695772e+00
   7.1600000e+00   7.8522931e+00
   7.1650000e+00   7.3714973e+00
   7.1700000e+00   7.1007445e+00
   7.1750000e+00   7.0968741e+00
   7.1800000e+00   7.3840171e+00
   7.1850000e+00   7.9118774e+00
   7.1900000e+00   8.5240798e+00
   7.1950000e+00   8.9849197e+00
   7.2000000e+00   9.0605156e+00
   7.2050000e+00   8.6098433e+00
   7.2100000e+00   7.6355079e+00
   7.2150000e+00   6.2708007e+00
   7.2200000e+00   4.7160787e+00
   7.2250000e+00   3.1532983e+00
   7.2300000e+00   1.6816188e+00
   7.2350000e+00   3.1040594e-01
   7.2400000e+00  -1.0070946e+00
   7.2450000e+00  -2.3372425e+00
   7.2500000e+00  -3.7318746e+00
   7.2550000e+00  -5.1893069e+00
   7.2600000e+00  -6.6174020e+00
   7.2650000e+00  -7.8223830e+00
   7.2700000e+00  -8.5495470e+00
   7.2750000e+00  -8.5732143e+00
   7.2800000e+00  -7.7990349e+00
   7.2850000e+00  -6.3243306e+00
   7.2900000e+00  -4.4180135e+00
   7.2950000e+00  -2.4327631e+00
   7.3000000e+00  -6.8724877e-01
   7.3050000e+00   6.4447744e-01
   7.3100000e+00   1.5760855e+00
   7.3150000e+00   2.2431325e+00
   7.3200000e+00   2.7828895e+00
   7.3250000e+00   3.2603507e+00
   7.3300000e+00   3.6698992e+00
   7.3350000e+00   3.9660755e+00
   7.3400000e+00   4.0897361e+00
   7.3450000e+00   3.9994962e+00
   7.3500000e+00   3.7089177e+00
   7.3550000e+00   3.2950184e+00
   7.3600000e+00   2.8643095e+00
   7.3650000e+00   2.5171817e+00
   7.3700000e+00   2.3387357e+00
   7.3750000e+00   2.3849062e+00
   7.3800000e+00   2.6469276e+00
   7.3850000e+00   3.0434409e+00
   7.3900000e+00   3.4686357e+00
   7.3950000e+00   3.8377754e+00
   7.4000000e+00   4.0764470e+00
   7.4050000e+00   4.0890709e+00
   7.4100000e+00   3.7706903e+00
   7.4150000e+00   3.0686002e+00
   7.4200000e+00   2.0415175e+00
   7.4250000e+00   8.6077775e-01
   7.4300000e+00  -2.5403264e-01
   7.4350000e+00  -1.1265541e+00
   7.4400000e+00  -1.6992992e+00
   7.4450000e+00  -2.0637047e+00
   7.4500000e+00  -2.4223649e+00
   7.4550000e+00  -2.9928938e+00
   7.4600000e+00  -3.9141663e+00
   7.4650000e+00  -5.2081829e+00
   7.4700000e+00  -6.7835602e+00
   7.4750000e+00  -8.4453165e+00
   7.4800000e+00  -9.9189984e+00
   7.4850000e+00  -1.0910162e+01
   7.4900000e+00  -1.1181227e+01
   7.4950000e+00  -1.0616837e+01
   7.5000000e+00  -9.2648457e+00
   7.5050000e+00  -7.3256980e+00
   7.5100000e+00  -5.0737441e+00
   7.5150000e+00  -2.7618941e+00
   7.5200000e+00  -5.8348899e-01
   7.5250000e+00   1.3041383e+00
   7.5300000e+00   2.7632527e+00
   7.5350000e+00   3.7076726e+00
   7.5400000e+00   4.1292602e+00
   7.5450000e+00   4.0658908e+00
   7.5500000e+00   3.5579860e+00
   7.5550000e+00   2.6652712e+00
   7.5600000e+00   1.5308794e+00
   7.5650000e+00   4.0813259e-01
   7.5700000e+00  -4.0769362e-01
   7.5750000e+00  -6.9986386e-01
   7.5800000e+00  -4.0904868e-01
   7.5850000e+00   3.6763688e-01
   7.5900000e+00   1.4308249e+00
   7.5950000e+00   2.5532742e+00
   7.6000000e+00   3.5457220e+00
   7.6050000e+00   4.2877641e+00
   7.6100000e+00   4.7308050e+00
   7.6150000e+00   4.9013932e+00
   7.6200000e+00   4.8923352e+00
   7.6250000e+00   4.8055023e+00
   7.6300000e+00   4.6733671e+00
   7.6350000e+00   4.4380539e+00
   7.6400000e+00   4.0190838e+00
   7.6450000e+00   3.4065448e+00
   7.6500000e+00   2.6746540e+00
   7.6550000e+00   1.8971064e+00
   7.6600000e+00   1.0822367e+00
   7.6650000e+00   2.2606969e-01
   7.6700000e+00  -5.9190395e-01
   7.6750000e+00  -1.2155081e+00
   7.6800000e+00  -1.5310606e+00
   7.6850000e+00  -1.5730402e+00
   7.6900000e+00  -1.5173309e+00
   7.6950000e+00  -1.5753300e+00
   7.7000000e+00  -1.8787309e+00
   7.7050000e+00  -2.4326393e+00
   7.7100000e+00  -3.1378355e+00
   7.7150000e+00  -3.8400206e+00
   7.7200000e+00  -4.3779384e+00
   7.7250000e+00  -4.6183791e+00
   7.7300000e+00  -4.4830176e+00
   7.7350000e+00  -3.9697939e+00
   7.7400000e+00  -3.1378613e+00
   7.7450000e+00  -2.0531518e+00
   7.7500000e+00  -7.6034512e-01
   7.7550000e+00   6.8990242e-01
   7.7600000e+00   2.2114320e+00
   7.7650000e+00   3.6771546e+00
   7.7700000e+00   4.9114050e+00
   7.7750000e+00   5.6888227e+00
   7.7800000e+00   5.7806475e+00
   7.7850000e+00   5.0489616e+00
   7.7900000e+00   3.5373703e+00
   7.7950000e+00   1.4890302e+00
   7.8000000e+00  -7.3606539e-01
   7.8050000e+00  -2.7938905e+00
   7.8100000e+00  -4.4566487e+00
   7.8150000e+00  -5.6347709e+00
   7.8200000e+00  -6.3385683e+00
   7.8250000e+00  -6.6316123e+00
   7.8300000e+00  -6.5985079e+00
   7.8350000e+00  -6.3205437e+00
   7.8400000e+00  -5.8664430e+00
   7.8450000e+00  -5.3027026e+00
   7.8500000e+00  -4.7050381e+00
   7.8550000e+00  -4.1571596e+00
   7.8600000e+00  -3.7384465e+00
   7.8650000e+00  -3.5062891e+00
   7.8700000e+00  -3.4820861e+00
   7.8750000e+00  -3.6419721e+00
   7.8800000e+00  -3.9029097e+00
   7.8850000e+00  -4.1115706e+00
   7.8900000e+00  -4.0643145e+00
   7.8950000e+00  -3.5758450e+00
   7.9000000e+00  -2.5680900e+00
   7.9050000e+00  -1.1103672e+00
   7.9100000e+00   6.2032125e-01
   7.9150000e+00   2.4094074e+00
   7.9200000e+00   4.0488159e+00
   7.9250000e+00   5.3576274e+00
   7.9300000e+00   6.2100451e+00
   7.9350000e+00   6.5742167e+00
   7.9400000e+00   6.5258222e+00
   7.9450000e+00   6.1976185e+00
   7.9500000e+00   5.6893157e+00
   7.9550000e+00   5.0294126e+00
   7.9600000e+00   4.2303152e+00
   7.9650000e+00   3.3528472e+00
   7.9700000e+00   2.4968620e+00
   7.9750000e+00   1.7561070e+00
   7.9800000e+00   1.2071945e+00
   7.9850000e+00   9.1628891e-01
   7.9900000e+00   9.1432667e-01
   7.9950000e+00   1.1670193e+00
   8.0000000e+00   1.6021693e+00
   8.0050000e+00   2.1753499e+00
   8.0100000e+00   2.8917969e+00
   8.0150000e+00   3.7633338e+00
   8.0200000e+00   4.7617929e+00
   8.0250000e+00   5.8196481e+00
   8.0300000e+00   6.8599010e+00
   8.0350000e+00   7.7887330e+00
   8.0400000e+00   8.4276408e+00
   8.0450000e+00   8.4784637e+00
   8.0500000e+00   7.6244693e+00
   8.0550000e+00   5.7188321e+00
   8.0600000e+00   2.8966308e+00
   8.0650000e+00  -4.7589547e-01
   8.0700000e+00  -3.9318145e+00
   8.0750000e+00  -7.0013693e+00
   8.0800000e+00  -9.2851698e+00
   8.0850000e+00  -1.0550472e+01
   8.0900000e+00  -1.0806871e+01
   8.0950000e+00  -1.0287506e+01
   8.1000000e+00  -9.3441938e+00
   8.1050000e+00  -8.3243691e+00
   8.1100000e+00  -7.4897473e+00
   8.1150000e+00  -6.9988223e+00
   8.1200000e+00  -6.9229235e+00
   8.1250000e+00  -7.2521376e+00
   8.1300000e+00  -7.8956916e+00
   8.1350000e+00  -8.7078918e+00
   8.1400000e+00  -9.5328856e+00
   8.1450000e+00  -1.0227814e+01
   8.1500000e+00  -1.0663891e+01
   8.1550000e+00  -1.0762827e+01
   8.1600000e+00  -1.0566437e+01
   8.1650000e+00  -1.0233333e+01
   8.1700000e+00  -9.9258926e+00
   8.1750000e+00  -9.7065752e+00
   8.1800000e+00  -9.5421336e+00
   8.1850000e+00  -9.3667007e+00
   8.1900000e+00  -9.1164421e+00
   8.1950000e+00  -8.7246222e+00
   8.2000000e+00  -8.1059379e+00
   8.2050000e+00  -7.1557974e+00
   8.2100000e+00  -5.7844712e+00
   8.2150000e+00  -3.9671103e+00
   8.2200000e+00  -1.7707913e+00
   8.2250000e+00   6.4371359e-01
   8.2300000e+00   3.0399360e+00
   8.2350000e+00   5.1600016e+00
   8.2400000e+00   6.8142477e+00
   8.2450000e+00   7.9656375e+00
   8.2500000e+00   8.7492264e+00
   8.2550000e+00   9.3938915e+00
   8.2600000e+00   1.0096263e+01
   8.2650000e+00   1.0948772e+01
   8.2700000e+00   1.1962433e+01
   8.2750000e+00   1.3128533e+01
   8.2800000e+00   1.4444824e+01
   8.2850000e+00   1.5888112e+01
   8.2900000e+00   1.7369231e+01
   8.2950000e+00   1.8718995e+01
   8.3000000e+00   1.9737288e+01
   8.3050000e+00   2.0281669e+01
   8.3100000e+00   2.0317987e+01
   8.3150000e+00   1.9900701e+01
   8.3200000e+00   1.9132439e+01
   8.3250000e+00   1.8134074e+01
   8.3300000e+00   1.7000752e+01
   8.3350000e+00   1.5754956e+01
   8.3400000e+00   1.4362428e+01
   8.3450000e+00   1.2811437e+01
   8.3500000e+00   1.1161303e+01
   8.3550000e+00   9.5145342e+00
   8.3600000e+00   7.9675577e+00
   8.3650000e+00   6.5815329e+00
   8.3700000e+00   5.3613651e+00
   8.3750000e+00   4.2472652e+00
   8.3800000e+00   3.1447191e+00
   8.3850000e+00   1.9854115e+00
   8.3900000e+00   7.7637388e-01
   8.3950000e+00  -3.9881409e-01
   8.4000000e+00  -1.4317814e+00
   8.4050000e+00  -2.2634625e+00
   8.4100000e+00  -2.9233134e+00
   8.4150000e+00  -3.4948164e+00
   8.4200000e+00  -4.0394440e+00
   8.4250000e+00  -4.5555628e+00
   8.4300000e+00  -5.0003854e+00
   8.4350000e+00  -5.3276777e+00
   8.4400000e+00  -5.4940232e+00
   8.4450000e+00  -5.4445914e+00
   8.4500000e+00  -5.1192177e+00
   8.4550000e+00  -4.4998231e+00
   8.4600000e+00  -3.6806889e+00
   8.4650000e+00  -2.9008428e+00
   8.4700000e+00  -2.4717905e+00
   8.4750000e+00  -2.6165440e+00
   8.4800000e+00  -3.3441790e+00
   8.4850000e+00  -4.4685131e+00
   8.4900000e+00  -5.7340781e+00
   8.4950000e+00  -6.9178539e+00
   8.5000000e+00  -7.8490021e+00
   8.5050000e+00  -8.4133411e+00
   8.5100000e+00  -8.5957333e+00
   8.5150000e+00  -8.5062931e+00
   8.5200000e+00  -8.3355993e+00
   8.5250000e+00  -8.2676863e+00
   8.5300000e+00  -8.3950256e+00
   8.5350000e+00  -8.6681658e+00
   8.5400000e+00  -8.9334643e+00
   8.5450000e+00  -9.0639748e+00
   8.5500000e+00  -9.0700392e+00
   8.5550000e+00  -9.0704357e+00
   8.5600000e+00  -9.1545786e+00
   8.5650000e+00  -9.2804377e+00
   8.5700000e+00  -9.2998453e+00
   8.5750000e+00  -9.0656383e+00
   8.5800000e+00  -8.5183504e+00
   8.5850000e+00  -7.7106064e+00
   8.5900000e+00  -6.7871036e+00
   8.5950000e+00  -5.9299620e+00
   8.6000000e+00  -5.2707857e+00
   8.6050000e+00  -4.8073662e+00
   8.6100000e+00  -4.3873825e+00
   8.6150000e+00  -3.7908748e+00
   8.6200000e+00  -2.8758222e+00
   8.6250000e+00  -1.6812867e+00
   8.6300000e+00  -3.9316344e-01
   8.6350000e+00   8.0145998e-01
   8.6400000e+00   1.8468244e+00
   8.6450000e+00   2.8405309e+00
   8.6500000e+00   3.9440937e+00
   8.6550000e+00   5.2552853e+00
   8.6600000e+00   6.7369824e+00
   8.6650000e+00   8.2589532e+00
   8.6700000e+00   9.7119980e+00
   8.6750000e+00   1.1078758e+01
   8.6800000e+00   1.2390776e+01
   8.6850000e+00   1.3625547e+01
   8.6900000e+00   1.4663784e+01
   8.6950000e+00   1.5368121e+01
   8.7000000e+00   1.5714598e+01
   8.7050000e+00   1.5837682e+01
   8.7100000e+00   1.5935533e+01
   8.7150000e+00   1.6133628e+01
   8.7200000e+00   1.6424385e+01
   8.7250000e+00   1.6698002e+01
   8.7300000e+00   1.6818135e+01
   8.7350000e+00   1.6695173e+01
   8.7400000e+00   1.6324386e+01
   8.7450000e+00   1.5782504e+01
   8.7500000e+00   1.5189760e+01
   8.7550000e+00   1.4652802e+01
   8.7600000e+00   1.4214992e+01
   8.7650000e+00   1.3835773e+01
   8.7700000e+00   1.3415295e+01
   8.7750000e+00   1.2859222e+01
   8.7800000e+00   1.2136833e+01
   8.7850000e+00   1.1276106e+01
   8.7900000e+00   1.0284925e+01
   8.7950000e+00   9.0712444e+00
   8.8000000e+00   7.4656742e+00
   8.8050000e+00   5.3480858e+00
   8.8100000e+00   2.7630356e+00
   8.8150000e+00  -7.2838251e-02
   8.8200000e+00  -2.8540810e+00
   8.8250000e+00  -5.2788364e+00
   8.8300000e+00  -7.1103710e+00
   8.8350000e+00  -8.2168901e+00
   8.8400000e+00  -8.5940551e+00
   8.8450000e+00  -8.3656476e+00
   8.8500000e+00  -7.7514136e+00
   8.8550000e+00  -6.9932061e+00
   8.8600000e+00  -6.2804235e+00
   8.8650000e+00  -5.7358336e+00
   8.8700000e+00  -5.4469768e+00
   8.8750000e+00  -5.4687223e+00
   8.8800000e+00  -5.7708060e+00
   8.8850000e+00  -6.1962293e+00
   8.8900000e+00  -6.5158865e+00
   8.8950000e+00  -6.5665460e+00
   8.9000000e+00  -6.3488444e+00
   8.9050000e+00  -5.9982591e+00
   8.9100000e+00  -5.6920419e+00
   8.9150000e+00  -5.5995142e+00
   8.9200000e+00  -5.8721644e+00
   8.9250000e+00  -6.6134613e+00
   8.9300000e+00  -7.8397450e+00
   8.9350000e+00  -9.4738344e+00
   8.9400000e+00  -1.1365300e+01
   8.9450000e+00  -1.3319745e+01
   8.9500000e+00  -1.5129073e+01
   8.9550000e+00  -1.6588646e+01
   8.9600000e+00  -1.7507538e+01
   8.9650000e+00  -1.7732886e+01
   8.9700000e+00  -1.7179119e+01
   8.9750000e+00  -1.5844876e+01
   8.9800000e+00  -1.3836023e+01
   8.9850000e+00  -1.1393649e+01
   8.9900000e+00  -8.8619120e+00
   8.9950000e+00  -6.5732951e+00
   9.0000000e+00  -4.7459617e+00
   9.0050000e+00  -3.4774925e+00
   9.0100000e+00  -2.7891220e+00
   9.0150000e+00  -2.6403485e+00
   9.0200000e+00  -2.9300492e+00
   9.0250000e+00  -3.5302210e+00
   9.0300000e+00  -4.3184577e+00
   9.0350000e+00  -5.1664283e+00
   9.0400000e+00  -5.9326329e+00
   9.0450000e+00  -6.5137153e+00
   9.0500000e+00  -6.8991653e+00
   9.0550000e+00  -7.1406020e+00
   9.0600000e+00  -7.2573945e+00
   9.0650000e+00  -7.1829907e+00
   9.0700000e+00  -6.8007731e+00
   9.0750000e+00  -6.0309728e+00
   9.0800000e+00  -4.9063632e+00
   9.0850000e+00  -3.5856774e+00
   9.0900000e+00  -2.2865153e+00
   9.0950000e+00  -1.1845086e+00
   9.1000000e+00  -3.5727704e-01
   9.1050000e+00   2.0828413e-01
   9.1100000e+00   5.9566780e-01
   9.1150000e+00   9.4891688e-01
   9.1200000e+00   1.4406362e+00
   9.1250000e+00   2.2094539e+00
   9.1300000e+00   3.3096355e+00
   9.1350000e+00   4.7051270e+00
   9.1400000e+00   6.3011445e+00
   9.1450000e+00   7.9816691e+00
   9.1500000e+00   9.6166067e+00
   9.1550000e+00   1.1042995e+01
   9.1600000e+00   1.2076183e+01
   9.1650000e+00   1.2580882e+01
   9.1700000e+00   1.2546177e+01
   9.1750000e+00   1.2085471e+01
   9.1800000e+00   1.1362685e+01
   9.1850000e+00   1.0516742e+01
   9.1900000e+00   9.6366462e+00
   9.1950000e+00   8.7858940e+00
   9.2000000e+00   8.0408252e+00
   9.2050000e+00   7.4951902e+00
   9.2100000e+00   7.2110853e+00
   9.2150000e+00   7.1624589e+00
   9.2200000e+00   7.2414420e+00
   9.2250000e+00   7.3253614e+00
   9.2300000e+00   7.3341170e+00
   9.2350000e+00   7.2358086e+00
   9.2400000e+00   7.0160850e+00
   9.2450000e+00   6.6476310e+00
   9.2500000e+00   6.0861693e+00
   9.2550000e+00   5.2881744e+00
   9.2600000e+00   4.2267324e+00
   9.2650000e+00   2.9039680e+00
   9.2700000e+00   1.3683460e+00
   9.2750000e+00  -2.8598369e-01
   9.2800000e+00  -1.9507610e+00
   9.2850000e+00  -3.5357296e+00
   9.2900000e+00  -4.9856050e+00
   9.2950000e+00  -6.2863216e+00
   9.3000000e+00  -7.4412978e+00
   9.3050000e+00  -8.4124295e+00
   9.3100000e+00  -9.0830180e+00
   9.3150000e+00  -9.3072320e+00
   9.3200000e+00  -9.0179889e+00
   9.3250000e+00  -8.2866601e+00
   9.3300000e+00  -7.2858284e+00
   9.3350000e+00  -6.2108652e+00
   9.3400000e+00  -5.2222355e+00
   9.3450000e+00  -4.4256803e+00
   9.3500000e+00  -3.8876488e+00
   9.3550000e+00  -3.6611751e+00
   9.3600000e+00  -3.7877874e+00
   9.3650000e+00  -4.2731501e+00
   9.3700000e+00  -5.0633759e+00
   9.3750000e+00  -6.0474944e+00
   9.3800000e+00  -7.0905421e+00
   9.3850000e+00  -8.0706168e+00
   9.3900000e+00  -8.8843009e+00
   9.3950000e+00  -9.4264278e+00
   9.4000000e+00  -9.5911113e+00
   9.4050000e+00  -9.3068468e+00
   9.4100000e+00  -8.5613555e+00
   9.4150000e+00  -7.3949432e+00
   9.4200000e+00  -5.8921806e+00
   9.4250000e+00  -4.1807409e+00
   9.4300000e+00  -2.4098909e+00
   9.4350000e+00  -7.0981279e-01
   9.4400000e+00   8.2805296e-01
   9.4450000e+00   2.1342520e+00
   9.4500000e+00   3.1516669e+00
   9.4550000e+00   3.8732151e+00
   9.4600000e+00   4.3807952e+00
   9.4650000e+00   4.8031028e+00
   9.4700000e+00   5.2111874e+00
   9.4750000e+00   5.5668073e+00
   9.4800000e+00   5.7768225e+00
   9.4850000e+00   5.7825032e+00
   9.4900000e+00   5.5977721e+00
   9.4950000e+00   5.2858441e+00
   9.5000000e+00   4.9132019e+00
   9.5050000e+00   4.5181195e+00
   9.5100000e+00   4.1114234e+00
   9.5150000e+00   3.7011732e+00
   9.5200000e+00   3.3122304e+00
   9.5250000e+00   2.9844643e+00
   9.5300000e+00   2.7632930e+00
   9.5350000e+00   2.6912210e+00
   9.5400000e+00   2.7867221e+00
   9.5450000e+00   3.0167971e+00
   9.5500000e+00   3.2986922e+00
   9.5550000e+00   3.5363607e+00
   9.5600000e+00   3.6559771e+00
   9.5650000e+00   3.6222151e+00
   9.5700000e+00   3.4452836e+00
   9.5750000e+00   3.1781255e+00
   9.5800000e+00   2.8909101e+00
   9.5850000e+00   2.6310175e+00
   9.5900000e+00   2.4067212e+00
   9.5950000e+00   2.2142214e+00
   9.6000000e+00   2.0700998e+00
   9.6050000e+00   2.0004822e+00
   9.6100000e+00   1.9945180e+00
   9.6150000e+00   1.9828137e+00
   9.6200000e+00   1.8792558e+00
   9.6250000e+00   1.6440676e+00
   9.6300000e+00   1.3055166e+00
   9.6350000e+00   9.4318220e-01
   9.6400000e+00   6.6108206e-01
   9.6450000e+00   5.4352390e-01
   9.6500000e+00   6.0025330e-01
   9.6550000e+00   7.5581811e-01
   9.6600000e+00   9.0669303e-01
   9.6650000e+00   9.9447906e-01
   9.6700000e+00   1.0451324e+00
   9.6750000e+00   1.1649497e+00
   9.6800000e+00   1.4931625e+00
   9.6850000e+00   2.1293040e+00
   9.6900000e+00   3.0779178e+00
   9.6950000e+00   4.2378330e+00
   9.7000000e+00   5.4305588e+00
   9.7050000e+00   6.4553153e+00
   9.7100000e+00   7.1583552e+00
   9.7150000e+00   7.4772923e+00
   9.7200000e+00   7.4243502e+00
   9.7250000e+00   7.0397832e+00
   9.7300000e+00   6.3791619e+00
   9.7350000e+00   5.5385626e+00
   9.7400000e+00   4.6571031e+00
   9.7450000e+00   3.8595416e+00
   9.7500000e+00   3.1803571e+00
   9.7550000e+00   2.5443757e+00
   9.7600000e+00   1.8305036e+00
   9.7650000e+00   9.6514869e-01
   9.7700000e+00  -3.5797511e-02
   9.7750000e+00  -1.0982685e+00
   9.7800000e+00  -2.1442273e+00
   9.7850000e+00  -3.1231836e+00
   9.7900000e+00  -4.0235587e+00
   9.7950000e+00  -4.8782294e+00
   9.8000000e+00  -5.7585052e+00
   9.8050000e+00  -6.7451631e+00
   9.8100000e+00  -7.8889868e+00
   9.8150000e+00  -9.1849389e+00
   9.8200000e+00  -1.0560266e+01
   9.8250000e+00  -1.1877411e+01
   9.8300000e+00  -1.2972686e+01
   9.8350000e+00  -1.3711321e+01
   9.8400000e+00  -1.4000934e+01
   9.8450000e+00  -1.3762463e+01
   9.8500000e+00  -1.2926270e+01
   9.8550000e+00  -1.1491875e+01
   9.8600000e+00  -9.5873614e+00
   9.8650000e+00  -7.4336271e+00
   9.8700000e+00  -5.2362955e+00
   9.8750000e+00  -3.1227311e+00
   9.8800000e+00  -1.1646370e+00
   9.8850000e+00   5.8346081e-01
   9.8900000e+00   2.0844633e+00
   9.8950000e+00   3.3341129e+00
   9.9000000e+00   4.3456008e+00
   9.9050000e+00   5.1068950e+00
   9.9100000e+00   5.5675413e+00
   9.9150000e+00   5.6819428e+00
   9.9200000e+00   5.4574032e+00
   9.9250000e+00   4.9573725e+00
   9.9300000e+00   4.2753840e+00
   9.9350000e+00   3.5058132e+00
   9.9400000e+00   2.7148932e+00
   9.9450000e+00   1.9234200e+00
   9.9500000e+00   1.1143325e+00
   9.9550000e+00   2.5815302e-01
   9.9600000e+00  -6.5404959e-01
   9.9650000e+00  -1.5772067e+00
   9.9700000e+00  -2.3981165e+00
   9.9750000e+00  -2.9666749e+00
   9.9800000e+00  -3.1759548e+00
   9.9850000e+00  -3.0447758e+00
   9.9900000e+00  -2.7265276e+00
   9.9950000e+00  -2.4248045e+00
   1.0000000e+01  -2.2879272e+00
   1.0005000e+01  -2.3577258e+00
   1.0010000e+01  -2.5758672e+00
   1.0015000e+01  -2.8175171e+00
   1.0020000e+01  -2.9414293e+00
   1.0025000e+01  -2.8426426e+00
   1.0030000e+01  -2.4763969e+00
   1.0035000e+01  -1.8486420e+00
   1.0040000e+01  -1.0118483e+00
   1.0045000e+01  -8.7550120e-02
   1.0050000e+01   7.3032050e-01
   1.0055000e+01   1.2467284e+00
   1.0060000e+01   1.3866519e+00
   1.0065000e+01   1.2678553e+00
   1.0070000e+01   1.1471166e+00
   1.0075000e+01   1.2683610e+00
   1.0080000e+01   1.7375565e+00
   1.0085000e+01   2.5215320e+00
   1.0090000e+01   3.5278807e+00
   1.0095000e+01   4.6514483e+00
   1.0100000e+01   5.7636954e+00
   1.0105000e+01   6.7116769e+00
   1.0110000e+01   7.3610681e+00
   1.0115000e+01   7.6490503e+00
   1.0120000e+01   7.6017907e+00
   1.0125000e+01   7.3087954e+00
   1.0130000e+01   6.8753965e+00
   1.0135000e+01   6.3792855e+00
   1.0140000e+01   5.8540388e+00
   1.0145000e+01   5.3042707e+00
   1.0150000e+01   4.7270128e+00
   1.0155000e+01   4.1110245e+00
   1.0160000e+01   3.4277587e+00
   1.0165000e+01   2.6549372e+00
   1.0170000e+01   1.8257867e+00
   1.0175000e+01   1.0384593e+00
   1.0180000e+01   3.9293094e-01
   1.0185000e+01  -9.2773520e-02
   1.0190000e+01  -5.0876377e-01
   1.0195000e+01  -9.9774115e-01
   1.0200000e+01  -1.6741935e+00
   1.0205000e+01  -2.5857386e+00
   1.0210000e+01  -3.7155452e+00
   1.0215000e+01  -5.0008596e+00
   1.0220000e+01  -6.3624666e+00
   1.0225000e+01  -7.7255865e+00
   1.0230000e+01  -9.0174589e+00
   1.0235000e+01  -1.0154432e+01
   1.0240000e+01  -1.1029743e+01
   1.0245000e+01  -1.1516201e+01
   1.0250000e+01  -1.1497510e+01
   1.0255000e+01  -1.0911827e+01
   1.0260000e+01  -9.7800260e+00
   1.0265000e+01  -8.2045916e+00
   1.0270000e+01  -6.3396338e+00
   1.0275000e+01  -4.3615965e+00
   1.0280000e+01  -2.4720421e+00
   1.0285000e+01  -8.9939243e-01
   1.0290000e+01   1.5842624e-01
   1.0295000e+01   6.1928287e-01
   1.0300000e+01   5.3497695e-01
   1.0305000e+01   2.4327212e-02
   1.0310000e+01  -8.0084970e-01
   1.0315000e+01  -1.8595543e+00
   1.0320000e+01  -3.0867497e+00
   1.0325000e+01  -4.4085946e+00
   1.0330000e+01  -5.7256190e+00
   1.0335000e+01  -6.9234968e+00
   1.0340000e+01  -7.9181816e+00
   1.0345000e+01  -8.6977760e+00
   1.0350000e+01  -9.3130235e+00
   1.0355000e+01  -9.8266935e+00
   1.0360000e+01  -1.0275297e+01
   1.0365000e+01  -1.0662201e+01
   1.0370000e+01  -1.0959393e+01
   1.0375000e+01  -1.1113667e+01
   1.0380000e+01  -1.1074088e+01
   1.0385000e+01  -1.0829636e+01
   1.0390000e+01  -1.0417292e+01
   1.0395000e+01  -9.8807000e+00
   1.0400000e+01  -9.2199951e+00
   1.0405000e+01  -8.3988870e+00
   1.0410000e+01  -7.4032489e+00
   1.0415000e+01  -6.2729914e+00
   1.0420000e+01  -5.0714814e+00
   1.0425000e+01  -3.8353776e+00
   1.0430000e+01  -2.5552507e+00
   1.0435000e+01  -1.2011668e+00
   1.0440000e+01   2.2569745e-01
   1.0445000e+01   1.6581770e+00
   1.0450000e+01   2.9835296e+00
   1.0455000e+01   4.1058435e+00
   1.0460000e+01   4.9873171e+00
   1.0465000e+01   5.6376981e+00
   1.0470000e+01   6.0895990e+00
   1.0475000e+01   6.3931758e+00
   1.0480000e+01   6.6171178e+00
   1.0485000e+01   6.8340819e+00
   1.0490000e+01   7.0905147e+00
   1.0495000e+01   7.3850396e+00
   1.0500000e+01   7.6837193e+00
   1.0505000e+01   7.9637427e+00
   1.0510000e+01   8.2378100e+00
   1.0515000e+01   8.5334651e+00
   1.0520000e+01   8.8604010e+00
   1.0525000e+01   9.2101894e+00
   1.0530000e+01   9.5835213e+00
   1.0535000e+01   9.9968747e+00
   1.0540000e+01   1.0445918e+01
   1.0545000e+01   1.0872308e+01
   1.0550000e+01   1.1191422e+01
   1.0555000e+01   1.1366237e+01
   1.0560000e+01   1.1453403e+01
   1.0565000e+01   1.1567834e+01
   1.0570000e+01   1.1785297e+01
   1.0575000e+01   1.2066057e+01
   1.0580000e+01   1.2274316e+01
   1.0585000e+01   1.2274872e+01
   1.0590000e+01   1.2007301e+01
   1.0595000e+01   1.1471948e+01
   1.0600000e+01   1.0664277e+01
   1.0605000e+01   9.5419794e+00
   1.0610000e+01   8.0586789e+00
   1.0615000e+01   6.2266040e+00
   1.0620000e+01   4.1470599e+00
   1.0625000e+01   1.9689440e+00
   1.0630000e+01  -1.8570356e-01
   1.0635000e+01  -2.2432094e+00
   1.0640000e+01  -4.1437763e+00
   1.0645000e+01  -5.8215681e+00
   1.0650000e+01  -7.2254621e+00
   1.0655000e+01  -8.3456007e+00
   1.0660000e+01  -9.2106468e+00
   1.0665000e+01  -9.8464772e+00
   1.0670000e+01  -1.0218419e+01
   1.0675000e+01  -1.0219480e+01
   1.0680000e+01  -9.7495864e+00
   1.0685000e+01  -8.8230346e+00
   1.0690000e+01  -7.5807655e+00
   1.0695000e+01  -6.1894194e+00
   1.0700000e+01  -4.7439174e+00
   1.0705000e+01  -3.2644573e+00
   1.0710000e+01  -1.7519143e+00
   1.0715000e+01  -2.2046808e-01
   1.0720000e+01   1.3004059e+00
   1.0725000e+01   2.7521634e+00
   1.0730000e+01   4.0373813e+00
   1.0735000e+01   5.0588208e+00
   1.0740000e+01   5.7746951e+00
   1.0745000e+01   6.2057442e+00
   1.0750000e+01   6.3956397e+00
   1.0755000e+01   6.3675933e+00
   1.0760000e+01   6.1095449e+00
   1.0765000e+01   5.5976273e+00
   1.0770000e+01   4.8292435e+00
   1.0775000e+01   3.8254059e+00
   1.0780000e+01   2.6125771e+00
   1.0785000e+01   1.2211764e+00
   1.0790000e+01  -3.0135640e-01
   1.0795000e+01  -1.8866175e+00
   1.0800000e+01  -3.4505233e+00
   1.0805000e+01  -4.8965090e+00
   1.0810000e+01  -6.1212640e+00
   1.0815000e+01  -7.0310076e+00
   1.0820000e+01  -7.5641708e+00
   1.0825000e+01  -7.7169521e+00
   1.0830000e+01  -7.5634514e+00
   1.0835000e+01  -7.2450137e+00
   1.0840000e+01  -6.9182863e+00
   1.0845000e+01  -6.6955439e+00
   1.0850000e+01  -6.6156351e+00
   1.0855000e+01  -6.6429583e+00
   1.0860000e+01  -6.6823433e+00
   1.0865000e+01  -6.6168123e+00
   1.0870000e+01  -6.3575311e+00
   1.0875000e+01  -5.8788784e+00
   1.0880000e+01  -5.2300713e+00
   1.0885000e+01  -4.5140622e+00
   1.0890000e+01  -3.8294441e+00
   1.0895000e+01  -3.2213490e+00
   1.0900000e+01  -2.6896499e+00
   1.0905000e+01  -2.2311751e+00
   1.0910000e+01  -1.8692338e+00
   1.0915000e+01  -1.6574417e+00
   1.0920000e+01  -1.6526568e+00
   1.0925000e+01  -1.8679439e+00
   1.0930000e+01  -2.2505912e+00
   1.0935000e+01  -2.7079032e+00
   1.0940000e+01  -3.1503038e+00
   1.0945000e+01  -3.5069987e+00
   1.0950000e+01  -3.7055717e+00
   1.0955000e+01  -3.6634195e+00
   1.0960000e+01  -3.3253417e+00
   1.0965000e+01  -2.6962409e+00
   1.0970000e+01  -1.8187899e+00
   1.0975000e+01  -7.4420799e-01
   1.0980000e+01   4.4653203e-01
   1.0985000e+01   1.6134265e+00
   1.0990000e+01   2.5848688e+00
   1.0995000e+01   3.2209841e+00
   1.1000000e+01   3.4618238e+00
   1.1005000e+01   3.3534351e+00
   1.1010000e+01   3.0463264e+00
   1.1015000e+01   2.7427416e+00
   1.1020000e+01   2.6114925e+00
   1.1025000e+01   2.7324576e+00
   1.1030000e+01   3.0975959e+00
   1.1035000e+01   3.6355966e+00
   1.1040000e+01   4.2281063e+00
   1.1045000e+01   4.7269474e+00
   1.1050000e+01   4.9947370e+00
   1.1055000e+01   4.9599655e+00
   1.1060000e+01   4.6471386e+00
   1.1065000e+01   4.1604706e+00
   1.1070000e+01   3.6389670e+00
   1.1075000e+01   3.2087255e+00
   1.1080000e+01   2.9515495e+00
   1.1085000e+01   2.9040933e+00
   1.1090000e+01   3.0804864e+00
   1.1095000e+01   3.4903319e+00
   1.1100000e+01   4.1311481e+00
   1.1105000e+01   4.9652164e+00
   1.1110000e+01   5.9095348e+00
   1.1115000e+01   6.8466078e+00
   1.1120000e+01   7.6440730e+00
   1.1125000e+01   8.1861763e+00
   1.1130000e+01   8.4171434e+00
   1.1135000e+01   8.3620124e+00
   1.1140000e+01   8.0982719e+00
   1.1145000e+01   7.7016842e+00
   1.1150000e+01   7.2058720e+00
   1.1155000e+01   6.5977605e+00
   1.1160000e+01   5.8517888e+00
   1.1165000e+01   4.9803672e+00
   1.1170000e+01   4.0675321e+00
   1.1175000e+01   3.2613891e+00
   1.1180000e+01   2.7118536e+00
   1.1185000e+01   2.4864744e+00
   1.1190000e+01   2.5392468e+00
   1.1195000e+01   2.7568533e+00
   1.1200000e+01   3.0297513e+00
   1.1205000e+01   3.2881952e+00
   1.1210000e+01   3.4884327e+00
   1.1215000e+01   3.5837547e+00
   1.1220000e+01   3.5184866e+00
   1.1225000e+01   3.2447918e+00
   1.1230000e+01   2.7475020e+00
   1.1235000e+01   2.0674217e+00
   1.1240000e+01   1.3010546e+00
   1.1245000e+01   5.5985044e-01
   1.1250000e+01  -8.2881143e-02
   1.1255000e+01  -6.1091321e-01
   1.1260000e+01  -1.0455813e+00
   1.1265000e+01  -1.4186663e+00
   1.1270000e+01  -1.7558873e+00
   1.1275000e+01  -2.0707486e+00
   1.1280000e+01  -2.3679956e+00
   1.1285000e+01  -2.6497626e+00
   1.1290000e+01  -2.9052118e+00
   1.1295000e+01  -3.0820614e+00
   1.1300000e+01  -3.0835928e+00
   1.1305000e+01  -2.8273964e+00
   1.1310000e+01  -2.3201429e+00
   1.1315000e+01  -1.6645734e+00
   1.1320000e+01  -9.9053217e-01
   1.1325000e+01  -3.9297789e-01
   1.1330000e+01   6.0974208e-02
   1.1335000e+01   2.9630067e-01
   1.1340000e+01   2.3523796e-01
   1.1345000e+01  -1.5747933e-01
   1.1350000e+01  -8.4183376e-01
   1.1355000e+01  -1.7136118e+00
   1.1360000e+01  -2.6424922e+00
   1.1365000e+01  -3.5069956e+00
   1.1370000e+01  -4.2213999e+00
   1.1375000e+01  -4.7543617e+00
   1.1380000e+01  -5.1233941e+00
   1.1385000e+01  -5.3663855e+00
   1.1390000e+01  -5.5178968e+00
   1.1395000e+01  -5.6027884e+00
   1.1400000e+01  -5.6276514e+00
   1.1405000e+01  -5.5584270e+00
   1.1410000e+01  -5.3102509e+00
   1.1415000e+01  -4.7814227e+00
   1.1420000e+01  -3.9201465e+00
   1.1425000e+01  -2.7707295e+00
   1.1430000e+01  -1.4561301e+00
   1.1435000e+01  -1.0525386e-01
   1.1440000e+01   1.2170342e+00
   1.1445000e+01   2.5144486e+00
   1.1450000e+01   3.7979619e+00
   1.1455000e+01   5.0270685e+00
   1.1460000e+01   6.1105524e+00
   1.1465000e+01   6.9587525e+00
   1.1470000e+01   7.5422385e+00
   1.1475000e+01   7.9114762e+00
   1.1480000e+01   8.1625216e+00
   1.1485000e+01   8.3817077e+00
   1.1490000e+01   8.6087829e+00
   1.1495000e+01   8.8319425e+00
   1.1500000e+01   9.0153300e+00
   1.1505000e+01   9.1379053e+00
   1.1510000e+01   9.2039366e+00
   1.1515000e+01   9.2189056e+00
   1.1520000e+01   9.1732180e+00
   1.1525000e+01   9.0593266e+00
   1.1530000e+01   8.8894829e+00
   1.1535000e+01   8.6838573e+00
   1.1540000e+01   8.4476656e+00
   1.1545000e+01   8.1542948e+00
   1.1550000e+01   7.7290893e+00
   1.1555000e+01   7.0596737e+00
   1.1560000e+01   6.0691007e+00
   1.1565000e+01   4.8100790e+00
   1.1570000e+01   3.4837118e+00
   1.1575000e+01   2.3427130e+00
   1.1580000e+01   1.5431929e+00
   1.1585000e+01   1.0602781e+00
   1.1590000e+01   7.2624165e-01
   1.1595000e+01   3.3757837e-01
   1.1600000e+01  -2.6162146e-01
   1.1605000e+01  -1.1449394e+00
   1.1610000e+01  -2.2848454e+00
   1.1615000e+01  -3.5467738e+00
   1.1620000e+01  -4.7267872e+00
   1.1625000e+01  -5.6292265e+00
   1.1630000e+01  -6.1413851e+00
   1.1635000e+01  -6.2689234e+00
   1.1640000e+01  -6.1153918e+00
   1.1645000e+01  -5.8179380e+00
   1.1650000e+01  -5.4877204e+00
   1.1655000e+01  -5.1957566e+00
   1.1660000e+01  -4.9921954e+00
   1.1665000e+01  -4.9153958e+00
   1.1670000e+01  -4.9734052e+00
   1.1675000e+01  -5.1258705e+00
   1.1680000e+01  -5.3005848e+00
   1.1685000e+01  -5.4441949e+00
   1.1690000e+01  -5.5636403e+00
   1.1695000e+01  -5.7090959e+00
   1.1700000e+01  -5.9101841e+00
   1.1705000e+01  -6.1347240e+00
   1.1710000e+01  -6.3104508e+00
   1.1715000e+01  -6.3817975e+00
   1.1720000e+01  -6.3490093e+00
   1.1725000e+01  -6.2600054e+00
   1.1730000e+01  -6.1653083e+00
   1.1735000e+01  -6.0717142e+00
   1.1740000e+01  -5.9286286e+00
   1.1745000e+01  -5.6628374e+00
   1.1750000e+01  -5.2421690e+00
   1.1755000e+01  -4.7165783e+00
   1.1760000e+01  -4.1979029e+00
   1.1765000e+01  -3.7876938e+00
   1.1770000e+01  -3.5079469e+00
   1.1775000e+01  -3.2998929e+00
   1.1780000e+01  -3.0986088e+00
   1.1785000e+01  -2.9038011e+00
   1.1790000e+01  -2.7664371e+00
   1.1795000e+01  -2.7168004e+00
   1.1800000e+01  -2.7217847e+00
   1.1805000e+01  -2.7013494e+00
   1.1810000e+01  -2.5770838e+00
   1.1815000e+01  -2.3264510e+00
   1.1820000e+01  -2.0150233e+00
   1.1825000e+01  -1.7793976e+00
   1.1830000e+01  -1.7578439e+00
   1.1835000e+01  -2.0043275e+00
   1.1840000e+01  -2.4480327e+00
   1.1845000e+01  -2.9374484e+00
   1.1850000e+01  -3.3395141e+00
   1.1855000e+01  -3.6083019e+00
   1.1860000e+01  -3.7666923e+00
   1.1865000e+01  -3.8458009e+00
   1.1870000e+01  -3.8652217e+00
   1.1875000e+01  -3.8538261e+00
   1.1880000e+01  -3.8433539e+00
   1.1885000e+01  -3.8216769e+00
   1.1890000e+01  -3.7130515e+00
   1.1895000e+01  -3.4270469e+00
   1.1900000e+01  -2.9263921e+00
   1.1905000e+01  -2.2479973e+00
   1.1910000e+01  -1.4791446e+00
   1.1915000e+01  -7.2325298e-01
   1.1920000e+01  -6.6100337e-02
   1.1925000e+01   4.4653986e-01
   1.1930000e+01   7.9940140e-01
   1.1935000e+01   9.8599255e-01
   1.1940000e+01   1.0176165e+00
   1.1945000e+01   9.4621896e-01
   1.1950000e+01   8.4594365e-01
   1.1955000e+01   7.6768238e-01
   1.1960000e+01   7.3095430e-01
   1.1965000e+01   7.5033185e-01
   1.1970000e+01   8.4178764e-01
   1.1975000e+01   1.0082466e+00
   1.1980000e+01   1.2410385e+00
   1.1985000e+01   1.5330843e+00
   1.1990000e+01   1.8827892e+00
   1.1995000e+01   2.2976965e+00
   1.2000000e+01   2.8007924e+00
   1.2005000e+01   3.4132195e+00
   1.2010000e+01   4.1116513e+00
   1.2015000e+01   4.8042963e+00
   1.2020000e+01   5.3637361e+00
   1.2025000e+01   5.7133752e+00
   1.2030000e+01   5.9250786e+00
   1.2035000e+01   6.2417947e+00
   1.2040000e+01   6.9396550e+00
   1.2045000e+01   8.0910277e+00
   1.2050000e+01   9.4545830e+00
   1.2055000e+01   1.0625261e+01
   1.2060000e+01   1.1308282e+01
   1.2065000e+01   1.1479255e+01
   1.2070000e+01   1.1336362e+01
   1.2075000e+01   1.1134325e+01
   1.2080000e+01   1.1042176e+01
   1.2085000e+01   1.1095873e+01
   1.2090000e+01   1.1229026e+01
   1.2095000e+01   1.1333873e+01
   1.2100000e+01   1.1316345e+01
   1.2105000e+01   1.1127164e+01
   1.2110000e+01   1.0767014e+01
   1.2115000e+01   1.0265627e+01
   1.2120000e+01   9.6430711e+00
   1.2125000e+01   8.8926562e+00
   1.2130000e+01   8.0014184e+00
   1.2135000e+01   6.9640882e+00
   1.2140000e+01   5.7825196e+00
   1.2145000e+01   4.4952262e+00
   1.2150000e+01   3.2058204e+00
   1.2155000e+01   2.0328659e+00
   1.2160000e+01   1.0276283e+00
   1.2165000e+01   1.8282914e-01
   1.2170000e+01  -4.7572967e-01
   1.2175000e+01  -8.5161027e-01
   1.2180000e+01  -8.5736043e-01
   1.2185000e+01  -5.2099821e-01
   1.2190000e+01  -7.9934284e-03
   1.2195000e+01   4.5384344e-01
   1.2200000e+01   6.8311222e-01
   1.2205000e+01   6.1513042e-01
   1.2210000e+01   3.0756298e-01
   1.2215000e+01  -9.5055757e-02
   1.2220000e+01  -4.2856724e-01
   1.2225000e+01  -6.0047528e-01
   1.2230000e+01  -6.3287662e-01
   1.2235000e+01  -6.0228624e-01
   1.2240000e+01  -5.4961418e-01
   1.2245000e+01  -4.7008168e-01
   1.2250000e+01  -3.7533802e-01
   1.2255000e+01  -3.2747014e-01
   1.2260000e+01  -4.0317249e-01
   1.2265000e+01  -6.4961769e-01
   1.2270000e+01  -1.0836012e+00
   1.2275000e+01  -1.7087637e+00
   1.2280000e+01  -2.5159610e+00
   1.2285000e+01  -3.4720786e+00
   1.2290000e+01  -4.5217698e+00
   1.2295000e+01  -5.6088263e+00
   1.2300000e+01  -6.6881614e+00
   1.2305000e+01  -7.7166162e+00
   1.2310000e+01  -8.6627138e+00
   1.2315000e+01  -9.5404703e+00
   1.2320000e+01  -1.0406346e+01
   1.2325000e+01  -1.1303263e+01
   1.2330000e+01  -1.2212315e+01
   1.2335000e+01  -1.3053528e+01
   1.2340000e+01  -1.3720204e+01
   1.2345000e+01  -1.4123842e+01
   1.2350000e+01  -1.4238571e+01
   1.2355000e+01  -1.4120977e+01
   1.2360000e+01  -1.3881866e+01
   1.2365000e+01  -1.3630305e+01
   1.2370000e+01  -1.3434475e+01
   1.2375000e+01  -1.3316264e+01
   1.2380000e+01  -1.3268697e+01
   1.2385000e+01  -1.3276837e+01
   1.2390000e+01  -1.3325363e+01
   1.2395000e+01  -1.3393060e+01
   1.2400000e+01  -1.3442150e+01
   1.2405000e+01  -1.3404790e+01
   1.2410000e+01  -1.3182344e+01
   1.2415000e+01  -1.2678996e+01
   1.2420000e+01  -1.1855811e+01
   1.2425000e+01  -1.0757739e+01
   1.2430000e+01  -9.4831611e+00
   1.2435000e+01  -8.1254395e+00
   1.2440000e+01  -6.7481066e+00
   1.2445000e+01  -5.4039474e+00
   1.2450000e+01  -4.1453747e+00
   1.2455000e+01  -2.9979669e+00
   1.2460000e+01  -1.9345692e+00
   1.2465000e+01  -8.9004970e-01
   1.2470000e+01   1.8561891e-01
   1.2475000e+01   1.2655010e+00
   1.2480000e+01   2.2312698e+00
   1.2485000e+01   2.9532494e+00
   1.2490000e+01   3.4055667e+00
   1.2495000e+01   3.6846231e+00
   1.2500000e+01   3.9093833e+00
   1.2505000e+01   4.1301251e+00
   1.2510000e+01   4.3415878e+00
   1.2515000e+01   4.5497556e+00
   1.2520000e+01   4.7930523e+00
   1.2525000e+01   5.1051352e+00
   1.2530000e+01   5.4817242e+00
   1.2535000e+01   5.8938518e+00
   1.2540000e+01   6.3233626e+00
   1.2545000e+01   6.7621922e+00
   1.2550000e+01   7.1647052e+00
   1.2555000e+01   7.4274424e+00
   1.2560000e+01   7.4579177e+00
   1.2565000e+01   7.2714635e+00
   1.2570000e+01   7.0004125e+00
   1.2575000e+01   6.8002557e+00
   1.2580000e+01   6.7506333e+00
   1.2585000e+01   6.8340080e+00
   1.2590000e+01   6.9794805e+00
   1.2595000e+01   7.1124630e+00
   1.2600000e+01   7.1785194e+00
   1.2605000e+01   7.1442976e+00
   1.2610000e+01   6.9892061e+00
   1.2615000e+01   6.7016164e+00
   1.2620000e+01   6.2814721e+00
   1.2625000e+01   5.7347032e+00
   1.2630000e+01   5.0518639e+00
   1.2635000e+01   4.2004694e+00
   1.2640000e+01   3.1702773e+00
   1.2645000e+01   2.0322982e+00
   1.2650000e+01   9.1599929e-01
   1.2655000e+01  -9.0025270e-02
   1.2660000e+01  -9.9372696e-01
   1.2665000e+01  -1.8450443e+00
   1.2670000e+01  -2.6404665e+00
   1.2675000e+01  -3.2982577e+00
   1.2680000e+01  -3.7254647e+00
   1.2685000e+01  -3.8941960e+00
   1.2690000e+01  -3.8557573e+00
   1.2695000e+01  -3.7064471e+00
   1.2700000e+01  -3.5522107e+00
   1.2705000e+01  -3.4828217e+00
   1.2710000e+01  -3.5448915e+00
   1.2715000e+01  -3.7286346e+00
   1.2720000e+01  -3.9871427e+00
   1.2725000e+01  -4.2711042e+00
   1.2730000e+01  -4.5530030e+00
   1.2735000e+01  -4.8314559e+00
   1.2740000e+01  -5.1108613e+00
   1.2745000e+01  -5.3732210e+00
   1.2750000e+01  -5.5804845e+00
   1.2755000e+01  -5.7058797e+00
   1.2760000e+01  -5.7489533e+00
   1.2765000e+01  -5.7149106e+00
   1.2770000e+01  -5.5891249e+00
   1.2775000e+01  -5.3501607e+00
   1.2780000e+01  -5.0160739e+00
   1.2785000e+01  -4.6542620e+00
   1.2790000e+01  -4.3188242e+00
   1.2795000e+01  -3.9935223e+00
   1.2800000e+01  -3.6313219e+00
   1.2805000e+01  -3.2444663e+00
   1.2810000e+01  -2.9160233e+00
   1.2815000e+01  -2.7201258e+00
   1.2820000e+01  -2.6693662e+00
   1.2825000e+01  -2.7435367e+00
   1.2830000e+01  -2.9248884e+00
   1.2835000e+01  -3.1786476e+00
   1.2840000e+01  -3.4174383e+00
   1.2845000e+01  -3.5088248e+00
   1.2850000e+01  -3.3242450e+00
   1.2855000e+01  -2.7974211e+00
   1.2860000e+01  -1.9621608e+00
   1.2865000e+01  -9.3699535e-01
   1.2870000e+01   1.3428405e-01
   1.2875000e+01   1.1338283e+00
   1.2880000e+01   1.9926268e+00
   1.2885000e+01   2.6978597e+00
   1.2890000e+01   3.2850852e+00
   1.2895000e+01   3.8101958e+00
   1.2900000e+01   4.3049860e+00
   1.2905000e+01   4.7453667e+00
   1.2910000e+01   5.0721365e+00
   1.2915000e+01   5.2451301e+00
   1.2920000e+01   5.2686547e+00
   1.2925000e+01   5.1756427e+00
   1.2930000e+01   5.0013722e+00
   1.2935000e+01   4.7645783e+00
   1.2940000e+01   4.4645780e+00
   1.2945000e+01   4.1016717e+00
   1.2950000e+01   3.7057867e+00
   1.2955000e+01   3.3352040e+00
   1.2960000e+01   3.0303872e+00
   1.2965000e+01   2.7737774e+00
   1.2970000e+01   2.5163250e+00
   1.2975000e+01   2.2383740e+00
   1.2980000e+01   1.9546173e+00
   1.2985000e+01   1.6596584e+00
   1.2990000e+01   1.3066541e+00
   1.2995000e+01   8.6401222e-01
   1.3000000e+01   3.8177263e-01
   1.3005000e+01  -2.2519555e-02
   1.3010000e+01  -2.5620327e-01
   1.3015000e+01  -3.2610503e-01
   1.3020000e+01  -3.1731700e-01
   1.3025000e+01  -3.0367140e-01
   1.3030000e+01  -2.8351884e-01
   1.3035000e+01  -1.9910385e-01
   1.3040000e+01  -4.4885676e-03
   1.3045000e+01   3.0045875e-01
   1.3050000e+01   6.8160768e-01
   1.3055000e+01   1.0728498e+00
   1.3060000e+01   1.3757590e+00
   1.3065000e+01   1.5030393e+00
   1.3070000e+01   1.4390549e+00
   1.3075000e+01   1.2566656e+00
   1.3080000e+01   1.0755098e+00
   1.3085000e+01   9.8835886e-01
   1.3090000e+01   1.0076847e+00
   1.3095000e+01   1.0748677e+00
   1.3100000e+01   1.1192837e+00
   1.3105000e+01   1.1164296e+00
   1.3110000e+01   1.1004201e+00
   1.3115000e+01   1.1265541e+00
   1.3120000e+01   1.2272158e+00
   1.3125000e+01   1.4016915e+00
   1.3130000e+01   1.6356597e+00
   1.3135000e+01   1.9167309e+00
   1.3140000e+01   2.2255697e+00
   1.3145000e+01   2.5202135e+00
   1.3150000e+01   2.7371489e+00
   1.3155000e+01   2.8115187e+00
   1.3160000e+01   2.7116994e+00
   1.3165000e+01   2.4730313e+00
   1.3170000e+01   2.2041678e+00
   1.3175000e+01   2.0491849e+00
   1.3180000e+01   2.1175326e+00
   1.3185000e+01   2.4261567e+00
   1.3190000e+01   2.8901289e+00
   1.3195000e+01   3.3548126e+00
   1.3200000e+01   3.6492325e+00
   1.3205000e+01   3.6491553e+00
   1.3210000e+01   3.3219788e+00
   1.3215000e+01   2.7242465e+00
   1.3220000e+01   1.9644049e+00
   1.3225000e+01   1.1647539e+00
   1.3230000e+01   4.3296979e-01
   1.3235000e+01  -1.6265938e-01
   1.3240000e+01  -6.0605936e-01
   1.3245000e+01  -9.2328796e-01
   1.3250000e+01  -1.1606923e+00
   1.3255000e+01  -1.3693180e+00
   1.3260000e+01  -1.5975394e+00
   1.3265000e+01  -1.8816385e+00
   1.3270000e+01  -2.2296858e+00
   1.3275000e+01  -2.6094671e+00
   1.3280000e+01  -2.9552229e+00
   1.3285000e+01  -3.1961965e+00
   1.3290000e+01  -3.2956299e+00
   1.3295000e+01  -3.2773461e+00
   1.3300000e+01  -3.2210172e+00
   1.3305000e+01  -3.2292057e+00
   1.3310000e+01  -3.3792949e+00
   1.3315000e+01  -3.6821506e+00
   1.3320000e+01  -4.0811024e+00
   1.3325000e+01  -4.4894548e+00
   1.3330000e+01  -4.8234491e+00
   1.3335000e+01  -5.0129182e+00
   1.3340000e+01  -5.0098100e+00
   1.3345000e+01  -4.8030556e+00
   1.3350000e+01  -4.4284028e+00
   1.3355000e+01  -3.9678687e+00
   1.3360000e+01  -3.5290037e+00
   1.3365000e+01  -3.1939181e+00
   1.3370000e+01  -2.9710046e+00
   1.3375000e+01  -2.7999559e+00
   1.3380000e+01  -2.6042154e+00
   1.3385000e+01  -2.3374355e+00
   1.3390000e+01  -1.9910156e+00
   1.3395000e+01  -1.5712442e+00
   1.3400000e+01  -1.0759528e+00
   1.3405000e+01  -4.9753513e-01
   1.3410000e+01   1.5430206e-01
   1.3415000e+01   8.4598030e-01
   1.3420000e+01   1.5382971e+00
   1.3425000e+01   2.1972371e+00
   1.3430000e+01   2.7906503e+00
   1.3435000e+01   3.3001599e+00
   1.3440000e+01   3.7447818e+00
   1.3445000e+01   4.1808581e+00
   1.3450000e+01   4.6693820e+00
   1.3455000e+01   5.2380812e+00
   1.3460000e+01   5.8753358e+00
   1.3465000e+01   6.5630445e+00
   1.3470000e+01   7.3076000e+00
   1.3475000e+01   8.1335093e+00
   1.3480000e+01   9.0561159e+00
   1.3485000e+01   1.0062588e+01
   1.3490000e+01   1.1102292e+01
   1.3495000e+01   1.2085007e+01
   1.3500000e+01   1.2902553e+01
   1.3505000e+01   1.3470798e+01
   1.3510000e+01   1.3758622e+01
   1.3515000e+01   1.3786895e+01
   1.3520000e+01   1.3608333e+01
   1.3525000e+01   1.3279867e+01
   1.3530000e+01   1.2840420e+01
   1.3535000e+01   1.2311035e+01
   1.3540000e+01   1.1716725e+01
   1.3545000e+01   1.1093949e+01
   1.3550000e+01   1.0451635e+01
   1.3555000e+01   9.7360294e+00
   1.3560000e+01   8.8849076e+00
   1.3565000e+01   7.9280887e+00
   1.3570000e+01   6.9844488e+00
   1.3575000e+01   6.1306625e+00
   1.3580000e+01   5.3066387e+00
   1.3585000e+01   4.3851033e+00
   1.3590000e+01   3.3111577e+00
   1.3595000e+01   2.1376745e+00
   1.3600000e+01   9.4806498e-01
   1.3605000e+01  -2.0682834e-01
   1.3610000e+01  -1.2937561e+00
   1.3615000e+01  -2.2521511e+00
   1.3620000e+01  -2.9946643e+00
   1.3625000e+01  -3.4742315e+00
   1.3630000e+01  -3.7533554e+00
   1.3635000e+01  -3.9893749e+00
   1.3640000e+01  -4.3421624e+00
   1.3645000e+01  -4.8948090e+00
   1.3650000e+01  -5.6330035e+00
   1.3655000e+01  -6.4646772e+00
   1.3660000e+01  -7.2729210e+00
   1.3665000e+01  -7.9758257e+00
   1.3670000e+01  -8.5239757e+00
   1.3675000e+01  -8.8456754e+00
   1.3680000e+01  -8.8482839e+00
   1.3685000e+01  -8.4967212e+00
   1.3690000e+01  -7.8577781e+00
   1.3695000e+01  -7.0554536e+00
   1.3700000e+01  -6.2105320e+00
   1.3705000e+01  -5.4205213e+00
   1.3710000e+01  -4.7493915e+00
   1.3715000e+01  -4.2059158e+00
   1.3720000e+01  -3.7427941e+00
   1.3725000e+01  -3.2947381e+00
   1.3730000e+01  -2.8246013e+00
   1.3735000e+01  -2.3349249e+00
   1.3740000e+01  -1.8388965e+00
   1.3745000e+01  -1.3359016e+00
   1.3750000e+01  -8.3869956e-01
   1.3755000e+01  -4.1951383e-01
   1.3760000e+01  -1.8222292e-01
   1.3765000e+01  -1.5762851e-01
   1.3770000e+01  -2.4808957e-01
   1.3775000e+01  -2.9464158e-01
   1.3780000e+01  -1.8341826e-01
   1.3785000e+01   1.1183463e-01
   1.3790000e+01   5.5824397e-01
   1.3795000e+01   1.1044829e+00
   1.3800000e+01   1.6790266e+00
   1.3805000e+01   2.1619388e+00
   1.3810000e+01   2.3991301e+00
   1.3815000e+01   2.2767767e+00
   1.3820000e+01   1.7955678e+00
   1.3825000e+01   1.0770080e+00
   1.3830000e+01   2.9317939e-01
   1.3835000e+01  -4.1750396e-01
   1.3840000e+01  -9.7707976e-01
   1.3845000e+01  -1.3369146e+00
   1.3850000e+01  -1.4548388e+00
   1.3855000e+01  -1.3238586e+00
   1.3860000e+01  -1.0120014e+00
   1.3865000e+01  -6.4658116e-01
   1.3870000e+01  -3.4863977e-01
   1.3875000e+01  -1.8287212e-01
   1.3880000e+01  -1.5559919e-01
   1.3885000e+01  -2.4201921e-01
   1.3890000e+01  -4.1685137e-01
   1.3895000e+01  -6.6469583e-01
   1.3900000e+01  -9.6212888e-01
   1.3905000e+01  -1.2667924e+00
   1.3910000e+01  -1.5409582e+00
   1.3915000e+01  -1.7774794e+00
   1.3920000e+01  -1.9922251e+00
   1.3925000e+01  -2.1960178e+00
   1.3930000e+01  -2.3849606e+00
   1.3935000e+01  -2.5661960e+00
   1.3940000e+01  -2.7818513e+00
   1.3945000e+01  -3.0855088e+00
   1.3950000e+01  -3.4922964e+00
   1.3955000e+01  -3.9615184e+00
   1.3960000e+01  -4.4298203e+00
   1.3965000e+01  -4.8585335e+00
   1.3970000e+01  -5.2513178e+00
   1.3975000e+01  -5.6346736e+00
   1.3980000e+01  -6.0237605e+00
   1.3985000e+01  -6.3983419e+00
   1.3990000e+01  -6.7054459e+00
   1.3995000e+01  -6.8843469e+00
   1.4000000e+01  -6.8923016e+00
   1.4005000e+01  -6.7211327e+00
   1.4010000e+01  -6.3992711e+00
   1.4015000e+01  -5.9729162e+00
   1.4020000e+01  -5.4859703e+00
   1.4025000e+01  -4.9758453e+00
   1.4030000e+01  -4.4691099e+00
   1.4035000e+01  -3.9682506e+00
   1.4040000e+01  -3.4517205e+00
   1.4045000e+01  -2.9077209e+00
   1.4050000e+01  -2.3754551e+00
   1.4055000e+01  -1.9364484e+00
   1.4060000e+01  -1.6487990e+00
   1.4065000e+01  -1.4868574e+00
   1.4070000e+01  -1.3443369e+00
   1.4075000e+01  -1.0999407e+00
   1.4080000e+01  -6.9851666e-01
   1.4085000e+01  -1.9257565e-01
   1.4090000e+01   2.8827933e-01
   1.4095000e+01   6.2562444e-01
   1.4100000e+01   7.9773656e-01
   1.4105000e+01   8.9625374e-01
   1.4110000e+01   1.0553523e+00
   1.4115000e+01   1.3498529e+00
   1.4120000e+01   1.7478198e+00
   1.4125000e+01   2.1479540e+00
   1.4130000e+01   2.4607971e+00
   1.4135000e+01   2.6714632e+00
   1.4140000e+01   2.8450850e+00
   1.4145000e+01   3.0745798e+00
   1.4150000e+01   3.4067917e+00
   1.4155000e+01   3.8031375e+00
   1.4160000e+01   4.1717354e+00
   1.4165000e+01   4.4518925e+00
   1.4170000e+01   4.6748070e+00
   1.4175000e+01   4.9334563e+00
   1.4180000e+01   5.2910161e+00
   1.4185000e+01   5.7254021e+00
   1.4190000e+01   6.1548915e+00
   1.4195000e+01   6.4981088e+00
   1.4200000e+01   6.7081960e+00
   1.4205000e+01   6.7761001e+00
   1.4210000e+01   6.7257729e+00
   1.4215000e+01   6.5999934e+00
   1.4220000e+01   6.4339246e+00
   1.4225000e+01   6.2402422e+00
   1.4230000e+01   6.0142514e+00
   1.4235000e+01   5.7407021e+00
   1.4240000e+01   5.3965754e+00
   1.4245000e+01   4.9541087e+00
   1.4250000e+01   4.3868782e+00
   1.4255000e+01   3.6852901e+00
   1.4260000e+01   2.8734563e+00
   1.4265000e+01   2.0051497e+00
   1.4270000e+01   1.1394282e+00
   1.4275000e+01   3.1771259e-01
   1.4280000e+01  -4.4649230e-01
   1.4285000e+01  -1.1591763e+00
   1.4290000e+01  -1.8225210e+00
   1.4295000e+01  -2.4265938e+00
   1.4300000e+01  -2.9681630e+00
   1.4305000e+01  -3.4661461e+00
   1.4310000e+01  -3.9515953e+00
   1.4315000e+01  -4.4437934e+00
   1.4320000e+01  -4.9311107e+00
   1.4325000e+01  -5.3646198e+00
   1.4330000e+01  -5.6676488e+00
   1.4335000e+01  -5.7645549e+00
   1.4340000e+01  -5.6152494e+00
   1.4345000e+01  -5.2245711e+00
   1.4350000e+01  -4.6249831e+00
   1.4355000e+01  -3.8754814e+00
   1.4360000e+01  -3.0861831e+00
   1.4365000e+01  -2.3972664e+00
   1.4370000e+01  -1.8703139e+00
   1.4375000e+01  -1.3950913e+00
   1.4380000e+01  -7.5122097e-01
   1.4385000e+01   2.0936066e-01
   1.4390000e+01   1.4494108e+00
   1.4395000e+01   2.8055093e+00
   1.4400000e+01   4.1144391e+00
   1.4405000e+01   5.2619056e+00
   1.4410000e+01   6.1559867e+00
   1.4415000e+01   6.7224246e+00
   1.4420000e+01   6.9487605e+00
   1.4425000e+01   6.9084539e+00
   1.4430000e+01   6.7177512e+00
   1.4435000e+01   6.4670251e+00
   1.4440000e+01   6.1893506e+00
   1.4445000e+01   5.8776041e+00
   1.4450000e+01   5.5272550e+00
   1.4455000e+01   5.1692769e+00
   1.4460000e+01   4.8505771e+00
   1.4465000e+01   4.5734697e+00
   1.4470000e+01   4.2797019e+00
   1.4475000e+01   3.9175454e+00
   1.4480000e+01   3.5050512e+00
   1.4485000e+01   3.1078424e+00
   1.4490000e+01   2.7762341e+00
   1.4495000e+01   2.5205206e+00
   1.4500000e+01   2.3280601e+00
   1.4505000e+01   2.1843488e+00
   1.4510000e+01   2.0776107e+00
   1.4515000e+01   1.9930594e+00
   1.4520000e+01   1.9106664e+00
   1.4525000e+01   1.8070690e+00
   1.4530000e+01   1.6632263e+00
   1.4535000e+01   1.4835530e+00
   1.4540000e+01   1.2998323e+00
   1.4545000e+01   1.1233309e+00
   1.4550000e+01   8.7314230e-01
   1.4555000e+01   3.6461509e-01
   1.4560000e+01  -5.9452006e-01
   1.4565000e+01  -2.0558100e+00
   1.4570000e+01  -3.8552349e+00
   1.4575000e+01  -5.6803817e+00
   1.4580000e+01  -7.2096039e+00
   1.4585000e+01  -8.1999672e+00
   1.4590000e+01  -8.4919719e+00
   1.4595000e+01  -7.9990623e+00
   1.4600000e+01  -6.7345772e+00
   1.4605000e+01  -4.8460406e+00
   1.4610000e+01  -2.5885756e+00
   1.4615000e+01  -2.3068888e-01
   1.4620000e+01   2.0133154e+00
   1.4625000e+01   3.9601446e+00
   1.4630000e+01   5.4233180e+00
   1.4635000e+01   6.2475031e+00
   1.4640000e+01   6.3578582e+00
   1.4645000e+01   5.7543858e+00
   1.4650000e+01   4.4624122e+00
   1.4655000e+01   2.4813966e+00
   1.4660000e+01  -2.4100081e-01
   1.4665000e+01  -3.7963495e+00
   1.4670000e+01  -8.2204120e+00
   1.4675000e+01  -1.3289486e+01
   1.4680000e+01  -1.8369735e+01
   1.4685000e+01  -2.2556656e+01
   1.4690000e+01  -2.5067685e+01
   1.4695000e+01  -2.5584005e+01
   1.4700000e+01  -2.4317390e+01
   1.4705000e+01  -2.1830347e+01
   1.4710000e+01  -1.8757729e+01
   1.4715000e+01  -1.5552354e+01
   1.4720000e+01  -1.2353992e+01
   1.4725000e+01  -9.0490944e+00
   1.4730000e+01  -5.4824366e+00
   1.4735000e+01  -1.6766903e+00
   1.4740000e+01   2.0854828e+00
   1.4745000e+01   5.3576790e+00
   1.4750000e+01   7.7252937e+00
   1.4755000e+01   8.9765278e+00
   1.4760000e+01   9.1672598e+00
   1.4765000e+01   8.5701371e+00
   1.4770000e+01   7.5420990e+00
   1.4775000e+01   6.3713190e+00
   1.4780000e+01   5.1847376e+00
   1.4785000e+01   3.9620253e+00
   1.4790000e+01   2.6272429e+00
   1.4795000e+01   1.1531332e+00
   1.4800000e+01  -3.7513566e-01
   1.4805000e+01  -1.7696384e+00
   1.4810000e+01  -2.8191305e+00
   1.4815000e+01  -3.3698269e+00
   1.4820000e+01  -3.3575134e+00
   1.4825000e+01  -2.8257041e+00
   1.4830000e+01  -1.9309709e+00
   1.4835000e+01  -8.9702523e-01
   1.4840000e+01   4.6534014e-02
   1.4845000e+01   7.0663816e-01
   1.4850000e+01   9.8210881e-01
   1.4855000e+01   9.2409094e-01
   1.4860000e+01   7.3334518e-01
   1.4865000e+01   6.6635003e-01
   1.4870000e+01   8.9950841e-01
   1.4875000e+01   1.4352403e+00
   1.4880000e+01   2.1142899e+00
   1.4885000e+01   2.7269795e+00
   1.4890000e+01   3.1335675e+00
   1.4895000e+01   3.3015188e+00
   1.4900000e+01   3.2616997e+00
   1.4905000e+01   3.0550674e+00
   1.4910000e+01   2.7149364e+00
   1.4915000e+01   2.2792266e+00
   1.4920000e+01   1.8072818e+00
   1.4925000e+01   1.3796406e+00
   1.4930000e+01   1.0763445e+00
   1.4935000e+01   9.5074137e-01
   1.4940000e+01   1.0271492e+00
   1.4945000e+01   1.3242663e+00
   1.4950000e+01   1.8653361e+00
   1.4955000e+01   2.6558622e+00
   1.4960000e+01   3.6581231e+00
   1.4965000e+01   4.7862017e+00
   1.4970000e+01   5.9183079e+00
   1.4975000e+01   6.9206230e+00
   1.4980000e+01   7.6727531e+00
   1.4985000e+01   8.0787686e+00
   1.4990000e+01   8.0638094e+00
   1.4995000e+01   7.5760092e+00
   1.5000000e+01   6.6085850e+00
   1.5005000e+01   5.2276383e+00
   1.5010000e+01   3.5712814e+00
   1.5015000e+01   1.8074914e+00
   1.5020000e+01   8.0321220e-02
   1.5025000e+01  -1.5093135e+00
   1.5030000e+01  -2.8710151e+00
   1.5035000e+01  -3.8768167e+00
   1.5040000e+01  -4.3554724e+00
   1.5045000e+01  -4.1530254e+00
   1.5050000e+01  -3.2405404e+00
   1.5055000e+01  -1.8050173e+00
   1.5060000e+01  -2.1594412e-01
   1.5065000e+01   1.1577893e+00
   1.5070000e+01   2.1253754e+00
   1.5075000e+01   2.6853237e+00
   1.5080000e+01   2.9020744e+00
   1.5085000e+01   2.7948307e+00
   1.5090000e+01   2.3229290e+00
   1.5095000e+01   1.4473518e+00
   1.5100000e+01   2.1161311e-01
   1.5105000e+01  -1.2115321e+00
   1.5110000e+01  -2.5582705e+00
   1.5115000e+01  -3.5875644e+00
   1.5120000e+01  -4.1701560e+00
   1.5125000e+01  -4.2834526e+00
   1.5130000e+01  -3.9699954e+00
   1.5135000e+01  -3.3330901e+00
   1.5140000e+01  -2.5394292e+00
   1.5145000e+01  -1.7718401e+00
   1.5150000e+01  -1.1628744e+00
   1.5155000e+01  -7.8164198e-01
   1.5160000e+01  -6.7497631e-01
   1.5165000e+01  -8.9062523e-01
   1.5170000e+01  -1.4363836e+00
   1.5175000e+01  -2.2186162e+00
   1.5180000e+01  -3.0492042e+00
   1.5185000e+01  -3.7426877e+00
   1.5190000e+01  -4.2037740e+00
   1.5195000e+01  -4.4086299e+00
   1.5200000e+01  -4.3344309e+00
   1.5205000e+01  -3.9515763e+00
   1.5210000e+01  -3.2773221e+00
   1.5215000e+01  -2.4068699e+00
   1.5220000e+01  -1.4851895e+00
   1.5225000e+01  -6.4678107e-01
   1.5230000e+01   3.5699638e-02
   1.5235000e+01   5.6178911e-01
   1.5240000e+01   9.6351380e-01
   1.5245000e+01   1.2576466e+00
   1.5250000e+01   1.4511873e+00
   1.5255000e+01   1.5849922e+00
   1.5260000e+01   1.7375639e+00
   1.5265000e+01   1.9776294e+00
   1.5270000e+01   2.3323386e+00
   1.5275000e+01   2.7980307e+00
   1.5280000e+01   3.3491129e+00
   1.5285000e+01   3.9198398e+00
   1.5290000e+01   4.4030136e+00
   1.5295000e+01   4.7028355e+00
   1.5300000e+01   4.7972072e+00
   1.5305000e+01   4.7436377e+00
   1.5310000e+01   4.6358717e+00
   1.5315000e+01   4.5599997e+00
   1.5320000e+01   4.5631742e+00
   1.5325000e+01   4.6329495e+00
   1.5330000e+01   4.7088241e+00
   1.5335000e+01   4.7293521e+00
   1.5340000e+01   4.6689442e+00
   1.5345000e+01   4.5311758e+00
   1.5350000e+01   4.3303261e+00
   1.5355000e+01   4.0903070e+00
   1.5360000e+01   3.8374711e+00
   1.5365000e+01   3.5813395e+00
   1.5370000e+01   3.3130655e+00
   1.5375000e+01   3.0198833e+00
   1.5380000e+01   2.6943906e+00
   1.5385000e+01   2.3473435e+00
   1.5390000e+01   2.0223619e+00
   1.5395000e+01   1.7766358e+00
   1.5400000e+01   1.6330754e+00
   1.5405000e+01   1.5625517e+00
   1.5410000e+01   1.5120971e+00
   1.5415000e+01   1.4346545e+00
   1.5420000e+01   1.2923032e+00
   1.5425000e+01   1.0435024e+00
   1.5430000e+01   6.3463735e-01
   1.5435000e+01   1.8230725e-02
   1.5440000e+01  -7.9779378e-01
   1.5445000e+01  -1.7118202e+00
   1.5450000e+01  -2.5545881e+00
   1.5455000e+01  -3.1754670e+00
   1.5460000e+01  -3.5183152e+00
   1.5465000e+01  -3.6193139e+00
   1.5470000e+01  -3.5343275e+00
   1.5475000e+01  -3.2755998e+00
   1.5480000e+01  -2.8284294e+00
   1.5485000e+01  -2.2208568e+00
   1.5490000e+01  -1.5503361e+00
   1.5495000e+01  -9.3596418e-01
   1.5500000e+01  -4.6312760e-01
   1.5505000e+01  -1.7171371e-01
   1.5510000e+01  -6.4072945e-02
   1.5515000e+01  -1.0432950e-01
   1.5520000e+01  -2.2236992e-01
   1.5525000e+01  -3.3781851e-01
   1.5530000e+01  -3.9026746e-01
   1.5535000e+01  -3.5709198e-01
   1.5540000e+01  -2.6804512e-01
   1.5545000e+01  -2.2355279e-01
   1.5550000e+01  -3.7745590e-01
   1.5555000e+01  -8.5330511e-01
   1.5560000e+01  -1.6455246e+00
   1.5565000e+01  -2.5999022e+00
   1.5570000e+01  -3.5018288e+00
   1.5575000e+01  -4.1945265e+00
   1.5580000e+01  -4.6338058e+00
   1.5585000e+01  -4.8632988e+00
   1.5590000e+01  -4.9515387e+00
   1.5595000e+01  -4.9379421e+00
   1.5600000e+01  -4.8191007e+00
   1.5605000e+01  -4.5751566e+00
   1.5610000e+01  -4.2059888e+00
   1.5615000e+01  -3.7437906e+00
   1.5620000e+01  -3.2345973e+00
   1.5625000e+01  -2.7158457e+00
   1.5630000e+01  -2.2129136e+00
   1.5635000e+01  -1.7321017e+00
   1.5640000e+01  -1.2396717e+00
   1.5645000e+01  -6.8122059e-01
   1.5650000e+01  -5.7851993e-02
   1.5655000e+01   5.2809403e-01
   1.5660000e+01   9.3123801e-01
   1.5665000e+01   1.0836227e+00
   1.5670000e+01   1.0648105e+00
   1.5675000e+01   1.0513857e+00
   1.5680000e+01   1.1931338e+00
   1.5685000e+01   1.5292246e+00
   1.5690000e+01   1.9987232e+00
   1.5695000e+01   2.5044003e+00
   1.5700000e+01   2.9619491e+00
   1.5705000e+01   3.3073692e+00
   1.5710000e+01   3.4883826e+00
   1.5715000e+01   3.4749870e+00
   1.5720000e+01   3.2817264e+00
   1.5725000e+01   2.9643188e+00
   1.5730000e+01   2.5803053e+00
   1.5735000e+01   2.1460346e+00
   1.5740000e+01   1.6315395e+00
   1.5745000e+01   1.0043643e+00
   1.5750000e+01   2.8068587e-01
   1.5755000e+01  -4.7215217e-01
   1.5760000e+01  -1.1803878e+00
   1.5765000e+01  -1.8035795e+00
   1.5770000e+01  -2.3349631e+00
   1.5775000e+01  -2.7737591e+00
   1.5780000e+01  -3.1009545e+00
   1.5785000e+01  -3.2818704e+00
   1.5790000e+01  -3.3006147e+00
   1.5795000e+01  -3.2011543e+00
   1.5800000e+01  -3.0842195e+00
   1.5805000e+01  -3.0462763e+00
   1.5810000e+01  -3.1178650e+00
   1.5815000e+01  -3.2575035e+00
   1.5820000e+01  -3.3972067e+00
   1.5825000e+01  -3.4998661e+00
   1.5830000e+01  -3.5789033e+00
   1.5835000e+01  -3.6578188e+00
   1.5840000e+01  -3.7209013e+00
   1.5845000e+01  -3.7229374e+00
   1.5850000e+01  -3.6403871e+00
   1.5855000e+01  -3.4938805e+00
   1.5860000e+01  -3.3296728e+00
   1.5865000e+01  -3.1995547e+00
   1.5870000e+01  -3.1507071e+00
   1.5875000e+01  -3.2143121e+00
   1.5880000e+01  -3.3994412e+00
   1.5885000e+01  -3.6944167e+00
   1.5890000e+01  -4.0585333e+00
   1.5895000e+01  -4.4101497e+00
   1.5900000e+01  -4.6442617e+00
   1.5905000e+01  -4.6757454e+00
   1.5910000e+01  -4.4633800e+00
   1.5915000e+01  -4.0026686e+00
   1.5920000e+01  -3.3197411e+00
   1.5925000e+01  -2.4773172e+00
   1.5930000e+01  -1.5651651e+00
   1.5935000e+01  -6.6655715e-01
   1.5940000e+01   1.6527090e-01
   1.5945000e+01   9.0234200e-01
   1.5950000e+01   1.5354534e+00
   1.5955000e+01   2.0796294e+00
   1.5960000e+01   2.5668974e+00
   1.5965000e+01   3.0153771e+00
   1.5970000e+01   3.3993131e+00
   1.5975000e+01   3.6526122e+00
   1.5980000e+01   3.7159665e+00
   1.5985000e+01   3.5904960e+00
   1.5990000e+01   3.3381783e+00
   1.5995000e+01   3.0278338e+00
   1.6000000e+01   2.6956530e+00
   1.6005000e+01   2.3578940e+00
   1.6010000e+01   2.0326525e+00
   1.6015000e+01   1.7286970e+00
   1.6020000e+01   1.4300145e+00
   1.6025000e+01   1.1193185e+00
   1.6030000e+01   8.1579010e-01
   1.6035000e+01   5.7115601e-01
   1.6040000e+01   4.2271626e-01
   1.6045000e+01   3.4978200e-01
   1.6050000e+01   2.6912936e-01
   1.6055000e+01   7.3560579e-02
   1.6060000e+01  -3.0805598e-01
   1.6065000e+01  -8.6743237e-01
   1.6070000e+01  -1.5164486e+00
   1.6075000e+01  -2.1257045e+00
   1.6080000e+01  -2.5830523e+00
   1.6085000e+01  -2.8428160e+00
   1.6090000e+01  -2.9326425e+00
   1.6095000e+01  -2.9128247e+00
   1.6100000e+01  -2.8208971e+00
   1.6105000e+01  -2.6476241e+00
   1.6110000e+01  -2.3586937e+00
   1.6115000e+01  -1.9271074e+00
   1.6120000e+01  -1.3473328e+00
   1.6125000e+01  -6.4179944e-01
   1.6130000e+01   1.3303805e-01
   1.6135000e+01   8.9485712e-01
   1.6140000e+01   1.5610910e+00
   1.6145000e+01   2.0763577e+00
   1.6150000e+01   2.4247665e+00
   1.6155000e+01   2.6169040e+00
   1.6160000e+01   2.6631710e+00
   1.6165000e+01   2.5740041e+00
   1.6170000e+01   2.3974945e+00
   1.6175000e+01   2.2355979e+00
   1.6180000e+01   2.1948841e+00
   1.6185000e+01   2.3162620e+00
   1.6190000e+01   2.5535095e+00
   1.6195000e+01   2.8093082e+00
   1.6200000e+01   2.9868204e+00
   1.6205000e+01   3.0274189e+00
   1.6210000e+01   2.9296426e+00
   1.6215000e+01   2.7385829e+00
   1.6220000e+01   2.5043073e+00
   1.6225000e+01   2.2430099e+00
   1.6230000e+01   1.9369983e+00
   1.6235000e+01   1.5714018e+00
   1.6240000e+01   1.1710240e+00
   1.6245000e+01   8.0250837e-01
   1.6250000e+01   5.4038647e-01
   1.6255000e+01   4.2627246e-01
   1.6260000e+01   4.5380849e-01
   1.6265000e+01   5.8741117e-01
   1.6270000e+01   7.9036528e-01
   1.6275000e+01   1.0329433e+00
   1.6280000e+01   1.2827259e+00
   1.6285000e+01   1.5043506e+00
   1.6290000e+01   1.6770431e+00
   1.6295000e+01   1.8038183e+00
   1.6300000e+01   1.8923826e+00
   1.6305000e+01   1.9323283e+00
   1.6310000e+01   1.9041307e+00
   1.6315000e+01   1.8040629e+00
   1.6320000e+01   1.6439483e+00
   1.6325000e+01   1.4353045e+00
   1.6330000e+01   1.1935182e+00
   1.6335000e+01   9.4739072e-01
   1.6340000e+01   7.2141846e-01
   1.6345000e+01   5.1277390e-01
   1.6350000e+01   3.0077806e-01
   1.6355000e+01   7.5830811e-02
   1.6360000e+01  -1.4861345e-01
   1.6365000e+01  -3.4839616e-01
   1.6370000e+01  -5.0584076e-01
   1.6375000e+01  -6.1523962e-01
   1.6380000e+01  -6.8031593e-01
   1.6385000e+01  -7.1490040e-01
   1.6390000e+01  -7.4201309e-01
   1.6395000e+01  -7.8193549e-01
   1.6400000e+01  -8.4091660e-01
   1.6405000e+01  -9.1617779e-01
   1.6410000e+01  -1.0080048e+00
   1.6415000e+01  -1.1213429e+00
   1.6420000e+01  -1.2563405e+00
   1.6425000e+01  -1.3978877e+00
   1.6430000e+01  -1.5187819e+00
   1.6435000e+01  -1.6017493e+00
   1.6440000e+01  -1.6533550e+00
   1.6445000e+01  -1.6872960e+00
   1.6450000e+01  -1.7034256e+00
   1.6455000e+01  -1.6933400e+00
   1.6460000e+01  -1.6574934e+00
   1.6465000e+01  -1.6054144e+00
   1.6470000e+01  -1.5395011e+00
   1.6475000e+01  -1.4419500e+00
   1.6480000e+01  -1.2823295e+00
   1.6485000e+01  -1.0465624e+00
   1.6490000e+01  -7.5923454e-01
   1.6495000e+01  -4.7104928e-01
   1.6500000e+01  -2.2566279e-01
   1.6505000e+01  -4.1037223e-02
   1.6510000e+01   8.4820872e-02
   1.6515000e+01   1.5901368e-01
   1.6520000e+01   1.8861685e-01
   1.6525000e+01   1.9007524e-01
   1.6530000e+01   1.9777612e-01
   1.6535000e+01   2.5594894e-01
   1.6540000e+01   3.9625947e-01
   1.6545000e+01   6.1693220e-01
   1.6550000e+01   8.7908276e-01
   1.6555000e+01   1.1247602e+00
   1.6560000e+01   1.3052344e+00
   1.6565000e+01   1.3985891e+00
   1.6570000e+01   1.4070427e+00
   1.6575000e+01   1.3463730e+00
   1.6580000e+01   1.2419334e+00
   1.6585000e+01   1.1300018e+00
   1.6590000e+01   1.0522827e+00
   1.6595000e+01   1.0358805e+00
   1.6600000e+01   1.0734587e+00
   1.6605000e+01   1.1302419e+00
   1.6610000e+01   1.1740245e+00
   1.6615000e+01   1.1930082e+00
   1.6620000e+01   1.1873622e+00
   1.6625000e+01   1.1553243e+00
   1.6630000e+01   1.0904045e+00
   1.6635000e+01   9.8664619e-01
   1.6640000e+01   8.4468163e-01
   1.6645000e+01   6.7234600e-01
   1.6650000e+01   4.7855676e-01
   1.6655000e+01   2.6908274e-01
   1.6660000e+01   5.0215115e-02
   1.6665000e+01  -1.6499003e-01
   1.6670000e+01  -3.5515224e-01
   1.6675000e+01  -4.9578539e-01
   1.6680000e+01  -5.6902012e-01
   1.6685000e+01  -5.7181340e-01
   1.6690000e+01  -5.1623134e-01
   1.6695000e+01  -4.2310476e-01
   1.6700000e+01  -3.1523064e-01
   1.6705000e+01  -2.1023154e-01
   1.6710000e+01  -1.1448941e-01
   1.6715000e+01  -2.8060116e-02
   1.6720000e+01   4.0432577e-02
   1.6725000e+01   6.9201962e-02
   1.6730000e+01   3.9851442e-02
   1.6735000e+01  -4.3175579e-02
   1.6740000e+01  -1.5194251e-01
   1.6745000e+01  -2.4963742e-01
   1.6750000e+01  -3.0485379e-01
   1.6755000e+01  -3.0009097e-01
   1.6760000e+01  -2.3560305e-01
   1.6765000e+01  -1.2810837e-01
   1.6770000e+01  -4.0784190e-03
   1.6775000e+01   1.1044242e-01
   1.6780000e+01   1.9897051e-01
   1.6785000e+01   2.5780844e-01
   1.6790000e+01   2.9312089e-01
   1.6795000e+01   3.1517594e-01
   1.6800000e+01   3.3201570e-01
   1.6805000e+01   3.4544381e-01
   1.6810000e+01   3.5337479e-01
   1.6815000e+01   3.5680870e-01
   1.6820000e+01   3.6283515e-01
   1.6825000e+01   3.7929448e-01
   1.6830000e+01   4.0729083e-01
   1.6835000e+01   4.3956085e-01
   1.6840000e+01   4.6493353e-01
   1.6845000e+01   4.7381409e-01
   1.6850000e+01   4.6202968e-01
   1.6855000e+01   4.3305240e-01
   1.6860000e+01   3.9704529e-01
   1.6865000e+01   3.6597742e-01
   1.6870000e+01   3.4789442e-01
   1.6875000e+01   3.4387839e-01
   1.6880000e+01   3.4932437e-01
   1.6885000e+01   3.5857231e-01
   1.6890000e+01   3.6886235e-01
   1.6895000e+01   3.8071621e-01
   1.6900000e+01   3.9590676e-01
   1.6905000e+01   4.1503085e-01
   1.6910000e+01   4.3577404e-01
   1.6915000e+01   4.5302411e-01
   1.6920000e+01   4.6100038e-01
   1.6925000e+01   4.5575006e-01
   1.6930000e+01   4.3653051e-01
   1.6935000e+01   4.0575987e-01
   1.6940000e+01   3.6755166e-01
   1.6945000e+01   3.2576272e-01
   1.6950000e+01   2.8337139e-01
   1.6955000e+01   2.4338445e-01
   1.6960000e+01   2.0924388e-01
   1.6965000e+01   1.8337928e-01
   1.6970000e+01   1.6537456e-01
   1.6975000e+01   1.5233429e-01
   1.6980000e+01   1.4154137e-01
   1.6985000e+01   1.3238621e-01
   1.6990000e+01   1.2544764e-01
   1.6995000e+01   1.2047459e-01
   1.7000000e+01   1.1596640e-01
   1.7005000e+01   1.1028445e-01
   1.7010000e+01   1.0270791e-01
   1.7015000e+01   9.3824583e-02
   1.7020000e+01   8.5183978e-02
   1.7025000e+01   7.8213757e-02
   1.7030000e+01   7.3378916e-02
   1.7035000e+01   7.0477907e-02
   1.7040000e+01   6.9200847e-02
   1.7045000e+01   6.8936781e-02
   1.7050000e+01   6.8586946e-02
   1.7055000e+01   6.7277549e-02
   1.7060000e+01   6.5208001e-02
   1.7065000e+01   6.3455299e-02
   1.7070000e+01   6.2857291e-02
   1.7075000e+01   6.3120997e-02
   1.7080000e+01   6.2997749e-02
   1.7085000e+01   6.1237699e-02
   1.7090000e+01   5.7287148e-02
   1.7095000e+01   5.1203507e-02
   1.7100000e+01   4.3280292e-02
   1.7105000e+01   3.3910579e-02
   1.7110000e+01   2.3574417e-02
   1.7115000e+01   1.2763171e-02
   1.7120000e+01   1.9213207e-03
   1.7125000e+01  -8.5870740e-03
   1.7130000e+01  -1.8556109e-02
   1.7135000e+01  -2.7962551e-02
   1.7140000e+01  -3.6851063e-02
   1.7145000e+01  -4.5219651e-02
   1.7150000e+01  -5.3043489e-02
   1.7155000e+01  -6.0358846e-02
   1.7160000e+01  -6.7272888e-02
   1.7165000e+01  -7.3885842e-02
   1.7170000e+01  -8.0206324e-02
   1.7175000e+01  -8.6151076e-02
   1.7180000e+01  -9.1640715e-02
   1.7185000e+01  -9.6695485e-02
   1.7190000e+01  -1.0143545e-01
   1.7195000e+01  -1.0599711e-01
   1.7200000e+01  -1.1045351e-01
   1.7205000e+01  -1.1479571e-01
   1.7210000e+01  -1.1896823e-01
   1.7215000e+01  -1.2291950e-01
   1.7220000e+01  -1.2662939e-01
   1.7225000e+01  -1.3010060e-01
   1.7230000e+01  -1.3333554e-01
   1.7235000e+01  -1.3632528e-01
   1.7240000e+01  -1.3905271e-01
   1.7245000e+01  -1.4149852e-01
   1.7250000e+01  -1.4364476e-01
   1.7255000e+01  -1.4547774e-01
   1.7260000e+01  -1.4699116e-01
   1.7265000e+01  -1.4818716e-01
   1.7270000e+01  -1.4907405e-01
   1.7275000e+01  -1.4966233e-01
   1.7280000e+01  -1.4996185e-01
   1.7285000e+01  -1.4998051e-01
   1.7290000e+01  -1.4972431e-01
   1.7295000e+01  -1.4919792e-01
   1.7300000e+01  -1.4840547e-01
   1.7305000e+01  -1.4735141e-01
