   0.0000000e+00  -4.6249386e-06
   5.0000000e-03  -3.2625145e-05
   1.0000000e-02  -1.0931974e-04
   1.5000000e-02  -2.3711784e-04
   2.0000000e-02  -3.8360421e-04
   2.5000000e-02  -5.0446089e-04
   3.0000000e-02  -5.7185789e-04
   3.5000000e-02  -5.8482397e-04
   4.0000000e-02  -5.6226352e-04
   4.5000000e-02  -5.2875767e-04
   5.0000000e-02  -5.0273311e-04
   5.5000000e-02  -4.9156479e-04
   6.0000000e-02  -4.9315404e-04
   6.5000000e-02  -5.0079649e-04
   7.0000000e-02  -5.0797079e-04
   7.5000000e-02  -5.1105834e-04
   8.0000000e-02  -5.0969296e-04
   8.5000000e-02  -5.0557149e-04
   9.0000000e-02  -5.0087104e-04
   9.5000000e-02  -4.9711427e-04
   1.0000000e-01  -4.9478513e-04
   1.0500000e-01  -4.9354992e-04
   1.1000000e-01  -4.9273801e-04
   1.1500000e-01  -4.9176851e-04
   1.2000000e-01  -4.9036250e-04
   1.2500000e-01  -4.8853853e-04
   1.3000000e-01  -4.8648218e-04
   1.3500000e-01  -4.8439731e-04
   1.4000000e-01  -4.8241082e-04
   1.4500000e-01  -4.8054974e-04
   1.5000000e-01  -4.7877077e-04
   1.5500000e-01  -4.7700798e-04
   1.6000000e-01  -4.7521072e-04
   1.6500000e-01  -4.7335933e-04
   1.7000000e-01  -4.7146077e-04
   1.7500000e-01  -4.6953453e-04
   1.8000000e-01  -4.6759900e-04
   1.8500000e-01  -4.6566395e-04
   1.9000000e-01  -4.6372995e-04
   1.9500000e-01  -4.6179191e-04
   2.0000000e-01  -4.5984364e-04
   2.0500000e-01  -4.5788105e-04
   2.1000000e-01  -4.5590305e-04
   2.1500000e-01  -4.5391076e-04
   2.2000000e-01  -4.5190600e-04
   2.2500000e-01  -4.4989032e-04
   2.3000000e-01  -4.4786467e-04
   2.3500000e-01  -4.4582925e-04
   2.4000000e-01  -4.4378379e-04
   2.4500000e-01  -4.4172796e-04
   2.5000000e-01  -4.3966115e-04
   2.5500000e-01  -4.3758251e-04
   2.6000000e-01  -4.3549177e-04
   2.6500000e-01  -4.3338956e-04
   2.7000000e-01  -4.3127674e-04
   2.7500000e-01  -4.2915349e-04
   2.8000000e-01  -4.2701935e-04
   2.8500000e-01  -4.2487393e-04
   2.9000000e-01  -4.2271738e-04
   2.9500000e-01  -4.2055039e-04
   3.0000000e-01  -4.1837376e-04
   3.0500000e-01  -4.1618779e-04
   3.1000000e-01  -4.1399199e-04
   3.1500000e-01  -4.1178550e-04
   3.2000000e-01  -4.0956791e-04
   3.2500000e-01  -4.0733954e-04
   3.3000000e-01  -4.0510094e-04
   3.3500000e-01  -4.0285231e-04
   3.4000000e-01  -4.0059350e-04
   3.4500000e-01  -3.9832446e-04
   3.5000000e-01  -3.9604526e-04
   3.5500000e-01  -3.9375586e-04
   3.6000000e-01  -3.9145609e-04
   3.6500000e-01  -3.8914582e-04
   3.7000000e-01  -3.8682493e-04
   3.7500000e-01  -3.8449350e-04
   3.8000000e-01  -3.8215205e-04
   3.8500000e-01  -3.7980123e-04
   3.9000000e-01  -3.7744136e-04
   3.9500000e-01  -3.7507237e-04
   4.0000000e-01  -3.7269402e-04
   4.0500000e-01  -3.7030602e-04
   4.1000000e-01  -3.6790822e-04
   4.1500000e-01  -3.6550063e-04
   4.2000000e-01  -3.6308306e-04
   4.2500000e-01  -3.6065519e-04
   4.3000000e-01  -3.5821686e-04
   4.3500000e-01  -3.5576837e-04
   4.4000000e-01  -3.5331063e-04
   4.4500000e-01  -3.5084481e-04
   4.5000000e-01  -3.4837139e-04
   4.5500000e-01  -3.4588971e-04
   4.6000000e-01  -3.4339849e-04
   4.6500000e-01  -3.4089679e-04
   4.7000000e-01  -3.3838461e-04
   4.7500000e-01  -3.3586274e-04
   4.8000000e-01  -3.3333188e-04
   4.8500000e-01  -3.3079213e-04
   4.9000000e-01  -3.2824344e-04
   4.9500000e-01  -3.2568602e-04
   5.0000000e-01  -3.2312027e-04
   5.0500000e-01  -3.2054646e-04
   5.1000000e-01  -3.1796455e-04
   5.1500000e-01  -3.1537402e-04
   5.2000000e-01  -3.1277422e-04
   5.2500000e-01  -3.1016495e-04
   5.3000000e-01  -3.0754653e-04
   5.3500000e-01  -3.0491939e-04
   5.4000000e-01  -3.0228386e-04
   5.4500000e-01  -2.9964022e-04
   5.5000000e-01  -2.9698863e-04
   5.5500000e-01  -2.9432895e-04
   5.6000000e-01  -2.9166084e-04
   5.6500000e-01  -2.8898398e-04
   5.7000000e-01  -2.8629821e-04
   5.7500000e-01  -2.8360361e-04
   5.8000000e-01  -2.8090073e-04
   5.8500000e-01  -2.7819031e-04
   5.9000000e-01  -2.7547268e-04
   5.9500000e-01  -2.7274779e-04
   6.0000000e-01  -2.7001542e-04
   6.0500000e-01  -2.6727516e-04
   6.1000000e-01  -2.6452656e-04
   6.1500000e-01  -2.6176954e-04
   6.2000000e-01  -2.5900435e-04
   6.2500000e-01  -2.5623139e-04
   6.3000000e-01  -2.5345105e-04
   6.3500000e-01  -2.5066333e-04
   6.4000000e-01  -2.4786782e-04
   6.4500000e-01  -2.4506430e-04
   6.5000000e-01  -2.4225321e-04
   6.5500000e-01  -2.3943543e-04
   6.6000000e-01  -2.3661131e-04
   6.6500000e-01  -2.3378028e-04
   6.7000000e-01  -2.3094142e-04
   6.7500000e-01  -2.2809442e-04
   6.8000000e-01  -2.2523965e-04
   6.8500000e-01  -2.2237764e-04
   6.9000000e-01  -2.1950879e-04
   6.9500000e-01  -2.1663329e-04
   7.0000000e-01  -2.1375107e-04
   7.0500000e-01  -2.1086203e-04
   7.1000000e-01  -2.0796614e-04
   7.1500000e-01  -2.0506346e-04
   7.2000000e-01  -2.0215404e-04
   7.2500000e-01  -1.9923774e-04
   7.3000000e-01  -1.9631427e-04
   7.3500000e-01  -1.9338373e-04
   7.4000000e-01  -1.9044690e-04
   7.4500000e-01  -1.8750464e-04
   7.5000000e-01  -1.8455721e-04
   7.5500000e-01  -1.8160419e-04
   7.6000000e-01  -1.7864476e-04
   7.6500000e-01  -1.7567798e-04
   7.7000000e-01  -1.7270333e-04
   7.7500000e-01  -1.6972107e-04
   7.8000000e-01  -1.6673202e-04
   7.8500000e-01  -1.6373733e-04
   7.9000000e-01  -1.6073792e-04
   7.9500000e-01  -1.5773390e-04
   8.0000000e-01  -1.5472461e-04
   8.0500000e-01  -1.5170938e-04
   8.1000000e-01  -1.4868812e-04
   8.1500000e-01  -1.4566093e-04
   8.2000000e-01  -1.4262774e-04
   8.2500000e-01  -1.3958841e-04
   8.3000000e-01  -1.3654305e-04
   8.3500000e-01  -1.3349222e-04
   8.4000000e-01  -1.3043648e-04
   8.4500000e-01  -1.2737584e-04
   8.5000000e-01  -1.2430996e-04
   8.5500000e-01  -1.2123864e-04
   8.6000000e-01  -1.1816163e-04
   8.6500000e-01  -1.1507880e-04
   8.7000000e-01  -1.1199053e-04
   8.7500000e-01  -1.0889737e-04
   8.8000000e-01  -1.0579945e-04
   8.8500000e-01  -1.0269655e-04
   8.9000000e-01  -9.9588658e-05
   8.9500000e-01  -9.6476009e-05
   9.0000000e-01  -9.3358842e-05
   9.0500000e-01  -9.0237205e-05
   9.1000000e-01  -8.7111064e-05
   9.1500000e-01  -8.3980345e-05
   9.2000000e-01  -8.0844985e-05
   9.2500000e-01  -7.7705062e-05
   9.3000000e-01  -7.4560645e-05
   9.3500000e-01  -7.1411530e-05
   9.4000000e-01  -6.8257528e-05
   9.4500000e-01  -6.5099042e-05
   9.5000000e-01  -6.1936917e-05
   9.5500000e-01  -5.8771602e-05
   9.6000000e-01  -5.5602640e-05
   9.6500000e-01  -5.2428979e-05
   9.7000000e-01  -4.9249833e-05
   9.7500000e-01  -4.6065398e-05
   9.8000000e-01  -4.2876781e-05
   9.8500000e-01  -3.9685249e-05
   9.9000000e-01  -3.6491551e-05
   9.9500000e-01  -3.3295649e-05
   1.0000000e+00  -3.0096864e-05
   1.0050000e+00  -2.6894402e-05
   1.0100000e+00  -2.3687772e-05
   1.0150000e+00  -2.0476757e-05
   1.0200000e+00  -1.7261293e-05
   1.0250000e+00  -1.4041665e-05
   1.0300000e+00  -1.0818649e-05
   1.0350000e+00  -7.5931469e-06
   1.0400000e+00  -4.3655490e-06
   1.0450000e+00  -1.1354970e-06
   1.0500000e+00   2.0977532e-06
   1.0550000e+00   5.3346851e-06
   1.0600000e+00   8.5752291e-06
   1.0650000e+00   1.1818957e-05
   1.0700000e+00   1.5065296e-05
   1.0750000e+00   1.8313723e-05
   1.0800000e+00   2.1564056e-05
   1.0850000e+00   2.4816565e-05
   1.0900000e+00   2.8071786e-05
   1.0950000e+00   3.1330228e-05
   1.1000000e+00   3.4592073e-05
   1.1050000e+00   3.7856947e-05
   1.1100000e+00   4.1124056e-05
   1.1150000e+00   4.4392697e-05
   1.1200000e+00   4.7662650e-05
   1.1250000e+00   5.0934076e-05
   1.1300000e+00   5.4207168e-05
   1.1350000e+00   5.7482181e-05
   1.1400000e+00   6.0759691e-05
   1.1450000e+00   6.4040166e-05
   1.1500000e+00   6.7323214e-05
   1.1550000e+00   7.0607751e-05
   1.1600000e+00   7.3892987e-05
   1.1650000e+00   7.7178917e-05
   1.1700000e+00   8.0465827e-05
   1.1750000e+00   8.3753809e-05
   1.1800000e+00   8.7042965e-05
   1.1850000e+00   9.0333632e-05
   1.1900000e+00   9.3626232e-05
   1.1950000e+00   9.6921159e-05
   1.2000000e+00   1.0021857e-04
   1.2050000e+00   1.0351800e-04
   1.2100000e+00   1.0681832e-04
   1.2150000e+00   1.1011834e-04
   1.2200000e+00   1.1341744e-04
   1.2250000e+00   1.1671592e-04
   1.2300000e+00   1.2001472e-04
   1.2350000e+00   1.2331476e-04
   1.2400000e+00   1.2661662e-04
   1.2450000e+00   1.2992043e-04
   1.2500000e+00   1.3322582e-04
   1.2550000e+00   1.3653200e-04
   1.2600000e+00   1.3983805e-04
   1.2650000e+00   1.4314323e-04
   1.2700000e+00   1.4644718e-04
   1.2750000e+00   1.4975013e-04
   1.2800000e+00   1.5305277e-04
   1.2850000e+00   1.5635595e-04
   1.2900000e+00   1.5966018e-04
   1.2950000e+00   1.6296544e-04
   1.3000000e+00   1.6627123e-04
   1.3050000e+00   1.6957676e-04
   1.3100000e+00   1.7288128e-04
   1.3150000e+00   1.7618432e-04
   1.3200000e+00   1.7948588e-04
   1.3250000e+00   1.8278656e-04
   1.3300000e+00   1.8608730e-04
   1.3350000e+00   1.8938866e-04
   1.3400000e+00   1.9269024e-04
   1.3450000e+00   1.9599103e-04
   1.3500000e+00   1.9929014e-04
   1.3550000e+00   2.0258750e-04
   1.3600000e+00   2.0588359e-04
   1.3650000e+00   2.0917880e-04
   1.3700000e+00   2.1247317e-04
   1.3750000e+00   2.1576656e-04
   1.3800000e+00   2.1905873e-04
   1.3850000e+00   2.2234948e-04
   1.3900000e+00   2.2563846e-04
   1.3950000e+00   2.2892534e-04
   1.4000000e+00   2.3221000e-04
   1.4050000e+00   2.3549261e-04
   1.4100000e+00   2.3877361e-04
   1.4150000e+00   2.4205346e-04
   1.4200000e+00   2.4533239e-04
   1.4250000e+00   2.4861042e-04
   1.4300000e+00   2.5188731e-04
   1.4350000e+00   2.5516232e-04
   1.4400000e+00   2.5843439e-04
   1.4450000e+00   2.6170275e-04
   1.4500000e+00   2.6496739e-04
   1.4550000e+00   2.6822880e-04
   1.4600000e+00   2.7148742e-04
   1.4650000e+00   2.7474368e-04
   1.4700000e+00   2.7799821e-04
   1.4750000e+00   2.8125142e-04
   1.4800000e+00   2.8450287e-04
   1.4850000e+00   2.8775145e-04
   1.4900000e+00   2.9099634e-04
   1.4950000e+00   2.9423766e-04
   1.5000000e+00   2.9747611e-04
   1.5050000e+00   3.0071218e-04
   1.5100000e+00   3.0394571e-04
   1.5150000e+00   3.0717587e-04
   1.5200000e+00   3.1040183e-04
   1.5250000e+00   3.1362354e-04
   1.5300000e+00   3.1684162e-04
   1.5350000e+00   3.2005661e-04
   1.5400000e+00   3.2326881e-04
   1.5450000e+00   3.2647836e-04
   1.5500000e+00   3.2968485e-04
   1.5550000e+00   3.3288711e-04
   1.5600000e+00   3.3608410e-04
   1.5650000e+00   3.3927586e-04
   1.5700000e+00   3.4246330e-04
   1.5750000e+00   3.4564714e-04
   1.5800000e+00   3.4882704e-04
   1.5850000e+00   3.5200219e-04
   1.5900000e+00   3.5517265e-04
   1.5950000e+00   3.5833916e-04
   1.6000000e+00   3.6150205e-04
   1.6050000e+00   3.6466098e-04
   1.6100000e+00   3.6781536e-04
   1.6150000e+00   3.7096449e-04
   1.6200000e+00   3.7410807e-04
   1.6250000e+00   3.7724643e-04
   1.6300000e+00   3.8038017e-04
   1.6350000e+00   3.8350981e-04
   1.6400000e+00   3.8663530e-04
   1.6450000e+00   3.8975577e-04
   1.6500000e+00   3.9287001e-04
   1.6550000e+00   3.9597751e-04
   1.6600000e+00   3.9907877e-04
   1.6650000e+00   4.0217472e-04
   1.6700000e+00   4.0526592e-04
   1.6750000e+00   4.0835225e-04
   1.6800000e+00   4.1143326e-04
   1.6850000e+00   4.1450853e-04
   1.6900000e+00   4.1757771e-04
   1.6950000e+00   4.2064050e-04
   1.7000000e+00   4.2369669e-04
   1.7050000e+00   4.2674625e-04
   1.7100000e+00   4.2978941e-04
   1.7150000e+00   4.3282671e-04
   1.7200000e+00   4.3585849e-04
   1.7250000e+00   4.3888452e-04
   1.7300000e+00   4.4190403e-04
   1.7350000e+00   4.4491626e-04
   1.7400000e+00   4.4792114e-04
   1.7450000e+00   4.5091943e-04
   1.7500000e+00   4.5391176e-04
   1.7550000e+00   4.5689798e-04
   1.7600000e+00   4.5987750e-04
   1.7650000e+00   4.6284996e-04
   1.7700000e+00   4.6581517e-04
   1.7750000e+00   4.6877267e-04
   1.7800000e+00   4.7172189e-04
   1.7850000e+00   4.7466290e-04
   1.7900000e+00   4.7759650e-04
   1.7950000e+00   4.8052347e-04
   1.8000000e+00   4.8344395e-04
   1.8050000e+00   4.8635752e-04
   1.8100000e+00   4.8926350e-04
   1.8150000e+00   4.9216140e-04
   1.8200000e+00   4.9505092e-04
   1.8250000e+00   4.9793152e-04
   1.8300000e+00   5.0080276e-04
   1.8350000e+00   5.0366528e-04
   1.8400000e+00   5.0652054e-04
   1.8450000e+00   5.0936946e-04
   1.8500000e+00   5.1221175e-04
   1.8550000e+00   5.1504639e-04
   1.8600000e+00   5.1787212e-04
   1.8650000e+00   5.2068784e-04
   1.8700000e+00   5.2349316e-04
   1.8750000e+00   5.2628865e-04
   1.8800000e+00   5.2907514e-04
   1.8850000e+00   5.3185293e-04
   1.8900000e+00   5.3462202e-04
   1.8950000e+00   5.3738279e-04
   1.9000000e+00   5.4013580e-04
   1.9050000e+00   5.4288096e-04
   1.9100000e+00   5.4561747e-04
   1.9150000e+00   5.4834441e-04
   1.9200000e+00   5.5106101e-04
   1.9250000e+00   5.5376671e-04
   1.9300000e+00   5.5646150e-04
   1.9350000e+00   5.5914608e-04
   1.9400000e+00   5.6182130e-04
   1.9450000e+00   5.6448747e-04
   1.9500000e+00   5.6714424e-04
   1.9550000e+00   5.6979101e-04
   1.9600000e+00   5.7242765e-04
   1.9650000e+00   5.7505442e-04
   1.9700000e+00   5.7767131e-04
   1.9750000e+00   5.8027763e-04
   1.9800000e+00   5.8287257e-04
   1.9850000e+00   5.8545618e-04
   1.9900000e+00   5.8802942e-04
   1.9950000e+00   5.9059328e-04
   2.0000000e+00   5.9314779e-04
   2.0050000e+00   5.9569220e-04
   2.0100000e+00   5.9822571e-04
   2.0150000e+00   6.0074807e-04
   2.0200000e+00   6.0325931e-04
   2.0250000e+00   6.0575913e-04
   2.0300000e+00   6.0824687e-04
   2.0350000e+00   6.1072191e-04
   2.0400000e+00   6.1318434e-04
   2.0450000e+00   6.1563501e-04
   2.0500000e+00   6.1807503e-04
   2.0550000e+00   6.2050512e-04
   2.0600000e+00   6.2292516e-04
   2.0650000e+00   6.2533446e-04
   2.0700000e+00   6.2773214e-04
   2.0750000e+00   6.3011743e-04
   2.0800000e+00   6.3248975e-04
   2.0850000e+00   6.3484881e-04
   2.0900000e+00   6.3719470e-04
   2.0950000e+00   6.3952794e-04
   2.1000000e+00   6.4184954e-04
   2.1050000e+00   6.4416046e-04
   2.1100000e+00   6.4646067e-04
   2.1150000e+00   6.4874904e-04
   2.1200000e+00   6.5102419e-04
   2.1250000e+00   6.5328542e-04
   2.1300000e+00   6.5553292e-04
   2.1350000e+00   6.5776723e-04
   2.1400000e+00   6.5998863e-04
   2.1450000e+00   6.6219730e-04
   2.1500000e+00   6.6439349e-04
   2.1550000e+00   6.6657732e-04
   2.1600000e+00   6.6874834e-04
   2.1650000e+00   6.7090546e-04
   2.1700000e+00   6.7304778e-04
   2.1750000e+00   6.7517539e-04
   2.1800000e+00   6.7728907e-04
   2.1850000e+00   6.7938982e-04
   2.1900000e+00   6.8147839e-04
   2.1950000e+00   6.8355492e-04
   2.2000000e+00   6.8561871e-04
   2.2050000e+00   6.8766835e-04
   2.2100000e+00   6.8970254e-04
   2.2150000e+00   6.9172085e-04
   2.2200000e+00   6.9372390e-04
   2.2250000e+00   6.9571292e-04
   2.2300000e+00   6.9768894e-04
   2.2350000e+00   6.9965214e-04
   2.2400000e+00   7.0160167e-04
   2.2450000e+00   7.0353637e-04
   2.2500000e+00   7.0545569e-04
   2.2550000e+00   7.0735980e-04
   2.2600000e+00   7.0924892e-04
   2.2650000e+00   7.1112287e-04
   2.2700000e+00   7.1298140e-04
   2.2750000e+00   7.1482468e-04
   2.2800000e+00   7.1665316e-04
   2.2850000e+00   7.1846734e-04
   2.2900000e+00   7.2026762e-04
   2.2950000e+00   7.2205377e-04
   2.3000000e+00   7.2382458e-04
   2.3050000e+00   7.2557846e-04
   2.3100000e+00   7.2731479e-04
   2.3150000e+00   7.2903445e-04
   2.3200000e+00   7.3073899e-04
   2.3250000e+00   7.3242930e-04
   2.3300000e+00   7.3410503e-04
   2.3350000e+00   7.3576507e-04
   2.3400000e+00   7.3740835e-04
   2.3450000e+00   7.3903453e-04
   2.3500000e+00   7.4064401e-04
   2.3550000e+00   7.4223756e-04
   2.3600000e+00   7.4381581e-04
   2.3650000e+00   7.4537878e-04
   2.3700000e+00   7.4692591e-04
   2.3750000e+00   7.4845627e-04
   2.3800000e+00   7.4996915e-04
   2.3850000e+00   7.5146434e-04
   2.3900000e+00   7.5294208e-04
   2.3950000e+00   7.5440275e-04
   2.4000000e+00   7.5584673e-04
   2.4050000e+00   7.5727424e-04
   2.4100000e+00   7.5868528e-04
   2.4150000e+00   7.6007989e-04
   2.4200000e+00   7.6145824e-04
   2.4250000e+00   7.6282030e-04
   2.4300000e+00   7.6416528e-04
   2.4350000e+00   7.6549192e-04
   2.4400000e+00   7.6679919e-04
   2.4450000e+00   7.6808686e-04
   2.4500000e+00   7.6935607e-04
   2.4550000e+00   7.7060884e-04
   2.4600000e+00   7.7184632e-04
   2.4650000e+00   7.7306744e-04
   2.4700000e+00   7.7426998e-04
   2.4750000e+00   7.7545282e-04
   2.4800000e+00   7.7661681e-04
   2.4850000e+00   7.7776370e-04
   2.4900000e+00   7.7889433e-04
   2.4950000e+00   7.8000798e-04
   2.5000000e+00   7.8110305e-04
   2.5050000e+00   7.8217817e-04
   2.5100000e+00   7.8323305e-04
   2.5150000e+00   7.8426841e-04
   2.5200000e+00   7.8528528e-04
   2.5250000e+00   7.8628427e-04
   2.5300000e+00   7.8726537e-04
   2.5350000e+00   7.8822808e-04
   2.5400000e+00   7.8917157e-04
   2.5450000e+00   7.9009538e-04
   2.5500000e+00   7.9099985e-04
   2.5550000e+00   7.9188578e-04
   2.5600000e+00   7.9275359e-04
   2.5650000e+00   7.9360317e-04
   2.5700000e+00   7.9443407e-04
   2.5750000e+00   7.9524549e-04
   2.5800000e+00   7.9603644e-04
   2.5850000e+00   7.9680605e-04
   2.5900000e+00   7.9755432e-04
   2.5950000e+00   7.9828232e-04
   2.6000000e+00   7.9899162e-04
   2.6050000e+00   7.9968301e-04
   2.6100000e+00   8.0035600e-04
   2.6150000e+00   8.0100945e-04
   2.6200000e+00   8.0164250e-04
   2.6250000e+00   8.0225503e-04
   2.6300000e+00   8.0284744e-04
   2.6350000e+00   8.0341979e-04
   2.6400000e+00   8.0397151e-04
   2.6450000e+00   8.0450189e-04
   2.6500000e+00   8.0501078e-04
   2.6550000e+00   8.0549864e-04
   2.6600000e+00   8.0596614e-04
   2.6650000e+00   8.0641392e-04
   2.6700000e+00   8.0684251e-04
   2.6750000e+00   8.0725182e-04
   2.6800000e+00   8.0764099e-04
   2.6850000e+00   8.0800911e-04
   2.6900000e+00   8.0835563e-04
   2.6950000e+00   8.0868023e-04
   2.7000000e+00   8.0898301e-04
   2.7050000e+00   8.0926438e-04
   2.7100000e+00   8.0952465e-04
   2.7150000e+00   8.0976388e-04
   2.7200000e+00   8.0998201e-04
   2.7250000e+00   8.1017889e-04
   2.7300000e+00   8.1035429e-04
   2.7350000e+00   8.1050800e-04
   2.7400000e+00   8.1063990e-04
   2.7450000e+00   8.1075028e-04
   2.7500000e+00   8.1083979e-04
   2.7550000e+00   8.1090879e-04
   2.7600000e+00   8.1095682e-04
   2.7650000e+00   8.1098313e-04
   2.7700000e+00   8.1098713e-04
   2.7750000e+00   8.1096841e-04
   2.7800000e+00   8.1092678e-04
   2.7850000e+00   8.1086250e-04
   2.7900000e+00   8.1077617e-04
   2.7950000e+00   8.1066799e-04
   2.8000000e+00   8.1053700e-04
   2.8050000e+00   8.1038174e-04
   2.8100000e+00   8.1020322e-04
   2.8150000e+00   8.1000542e-04
   2.8200000e+00   8.0979071e-04
   2.8250000e+00   8.0955748e-04
   2.8300000e+00   8.0930230e-04
   2.8350000e+00   8.0902166e-04
   2.8400000e+00   8.0871221e-04
   2.8450000e+00   8.0837197e-04
   2.8500000e+00   8.0800264e-04
   2.8550000e+00   8.0760906e-04
   2.8600000e+00   8.0719622e-04
   2.8650000e+00   8.0676773e-04
   2.8700000e+00   8.0632464e-04
   2.8750000e+00   8.0586297e-04
   2.8800000e+00   8.0537666e-04
   2.8850000e+00   8.0486357e-04
   2.8900000e+00   8.0432467e-04
   2.8950000e+00   8.0375989e-04
   2.9000000e+00   8.0316912e-04
   2.9050000e+00   8.0255413e-04
   2.9100000e+00   8.0191693e-04
   2.9150000e+00   8.0125737e-04
   2.9200000e+00   8.0057374e-04
   2.9250000e+00   7.9986595e-04
   2.9300000e+00   7.9913663e-04
   2.9350000e+00   7.9838820e-04
   2.9400000e+00   7.9762014e-04
   2.9450000e+00   7.9682985e-04
   2.9500000e+00   7.9601539e-04
   2.9550000e+00   7.9517517e-04
   2.9600000e+00   7.9430664e-04
   2.9650000e+00   7.9340900e-04
   2.9700000e+00   7.9248525e-04
   2.9750000e+00   7.9153945e-04
   2.9800000e+00   7.9057329e-04
   2.9850000e+00   7.8958514e-04
   2.9900000e+00   7.8857145e-04
   2.9950000e+00   7.8752954e-04
   3.0000000e+00   7.8646086e-04
   3.0050000e+00   7.8536980e-04
   3.0100000e+00   7.8425849e-04
   3.0150000e+00   7.8312557e-04
   3.0200000e+00   7.8196934e-04
   3.0250000e+00   7.8078910e-04
   3.0300000e+00   7.7958428e-04
   3.0350000e+00   7.7835395e-04
   3.0400000e+00   7.7709689e-04
   3.0450000e+00   7.7581202e-04
   3.0500000e+00   7.7449875e-04
   3.0550000e+00   7.7315792e-04
   3.0600000e+00   7.7179256e-04
   3.0650000e+00   7.7040532e-04
   3.0700000e+00   7.6899584e-04
   3.0750000e+00   7.6756349e-04
   3.0800000e+00   7.6610931e-04
   3.0850000e+00   7.6463248e-04
   3.0900000e+00   7.6312896e-04
   3.0950000e+00   7.6159557e-04
   3.1000000e+00   7.6003160e-04
   3.1050000e+00   7.5843754e-04
   3.1100000e+00   7.5681647e-04
   3.1150000e+00   7.5517448e-04
   3.1200000e+00   7.5351631e-04
   3.1250000e+00   7.5184012e-04
   3.1300000e+00   7.5013867e-04
   3.1350000e+00   7.4840615e-04
   3.1400000e+00   7.4664099e-04
   3.1450000e+00   7.4484452e-04
   3.1500000e+00   7.4302138e-04
   3.1550000e+00   7.4117814e-04
   3.1600000e+00   7.3931757e-04
   3.1650000e+00   7.3743660e-04
   3.1700000e+00   7.3553112e-04
   3.1750000e+00   7.3359874e-04
   3.1800000e+00   7.3163774e-04
   3.1850000e+00   7.2964700e-04
   3.1900000e+00   7.2762702e-04
   3.1950000e+00   7.2557904e-04
   3.2000000e+00   7.2350311e-04
   3.2050000e+00   7.2139942e-04
   3.2100000e+00   7.1927099e-04
   3.2150000e+00   7.1712259e-04
   3.2200000e+00   7.1495696e-04
   3.2250000e+00   7.1277139e-04
   3.2300000e+00   7.1055874e-04
   3.2350000e+00   7.0831263e-04
   3.2400000e+00   7.0603161e-04
   3.2450000e+00   7.0371928e-04
   3.2500000e+00   7.0138163e-04
   3.2550000e+00   6.9902320e-04
   3.2600000e+00   6.9664348e-04
   3.2650000e+00   6.9423821e-04
   3.2700000e+00   6.9180501e-04
   3.2750000e+00   6.8934508e-04
   3.2800000e+00   6.8686019e-04
   3.2850000e+00   6.8435051e-04
   3.2900000e+00   6.8181444e-04
   3.2950000e+00   6.7925136e-04
   3.3000000e+00   6.7666290e-04
   3.3050000e+00   6.7404794e-04
   3.3100000e+00   6.7140085e-04
   3.3150000e+00   6.6871894e-04
   3.3200000e+00   6.6600769e-04
   3.3250000e+00   6.6327650e-04
   3.3300000e+00   6.6053051e-04
   3.3350000e+00   6.5776758e-04
   3.3400000e+00   6.5498141e-04
   3.3450000e+00   6.5216498e-04
   3.3500000e+00   6.4931321e-04
   3.3550000e+00   6.4642578e-04
   3.3600000e+00   6.4350763e-04
   3.3650000e+00   6.4056562e-04
   3.3700000e+00   6.3760334e-04
   3.3750000e+00   6.3461947e-04
   3.3800000e+00   6.3161031e-04
   3.3850000e+00   6.2857178e-04
   3.3900000e+00   6.2550086e-04
   3.3950000e+00   6.2239802e-04
   3.4000000e+00   6.1926789e-04
   3.4050000e+00   6.1611653e-04
   3.4100000e+00   6.1294679e-04
   3.4150000e+00   6.0975696e-04
   3.4200000e+00   6.0654329e-04
   3.4250000e+00   6.0330191e-04
   3.4300000e+00   6.0003005e-04
   3.4350000e+00   5.9672742e-04
   3.4400000e+00   5.9339517e-04
   3.4450000e+00   5.9003452e-04
   3.4500000e+00   5.8664693e-04
   3.4550000e+00   5.8323327e-04
   3.4600000e+00   5.7979342e-04
   3.4650000e+00   5.7632746e-04
   3.4700000e+00   5.7283455e-04
   3.4750000e+00   5.6931176e-04
   3.4800000e+00   5.6575825e-04
   3.4850000e+00   5.6217802e-04
   3.4900000e+00   5.5857419e-04
   3.4950000e+00   5.5494474e-04
   3.5000000e+00   5.5128649e-04
   3.5050000e+00   5.4760046e-04
   3.5100000e+00   5.4389171e-04
   3.5150000e+00   5.4016393e-04
   3.5200000e+00   5.3641480e-04
   3.5250000e+00   5.3263843e-04
   3.5300000e+00   5.2883104e-04
   3.5350000e+00   5.2499260e-04
   3.5400000e+00   5.2112486e-04
   3.5450000e+00   5.1722938e-04
   3.5500000e+00   5.1330742e-04
   3.5550000e+00   5.0936109e-04
   3.5600000e+00   5.0539157e-04
   3.5650000e+00   5.0139653e-04
   3.5700000e+00   4.9737224e-04
   3.5750000e+00   4.9331783e-04
   3.5800000e+00   4.8923471e-04
   3.5850000e+00   4.8512304e-04
   3.5900000e+00   4.8098213e-04
   3.5950000e+00   4.7681333e-04
   3.6000000e+00   4.7261977e-04
   3.6050000e+00   4.6840397e-04
   3.6100000e+00   4.6416562e-04
   3.6150000e+00   4.5990092e-04
   3.6200000e+00   4.5560592e-04
   3.6250000e+00   4.5128090e-04
   3.6300000e+00   4.4692983e-04
   3.6350000e+00   4.4255783e-04
   3.6400000e+00   4.3816884e-04
   3.6450000e+00   4.3376109e-04
   3.6500000e+00   4.2932542e-04
   3.6550000e+00   4.2485234e-04
   3.6600000e+00   4.2034095e-04
   3.6650000e+00   4.1580001e-04
   3.6700000e+00   4.1124034e-04
   3.6750000e+00   4.0666582e-04
   3.6800000e+00   4.0207155e-04
   3.6850000e+00   3.9744941e-04
   3.6900000e+00   3.9279348e-04
   3.6950000e+00   3.8810143e-04
   3.7000000e+00   3.8337546e-04
   3.7050000e+00   3.7862270e-04
   3.7100000e+00   3.7385081e-04
   3.7150000e+00   3.6906279e-04
   3.7200000e+00   3.6425678e-04
   3.7250000e+00   3.5942856e-04
   3.7300000e+00   3.5457258e-04
   3.7350000e+00   3.4968338e-04
   3.7400000e+00   3.4475882e-04
   3.7450000e+00   3.3980167e-04
   3.7500000e+00   3.3481809e-04
   3.7550000e+00   3.2981379e-04
   3.7600000e+00   3.2479074e-04
   3.7650000e+00   3.1974781e-04
   3.7700000e+00   3.1468276e-04
   3.7750000e+00   3.0959219e-04
   3.7800000e+00   3.0447212e-04
   3.7850000e+00   2.9932092e-04
   3.7900000e+00   2.9414020e-04
   3.7950000e+00   2.8893286e-04
   3.8000000e+00   2.8370195e-04
   3.8050000e+00   2.7844909e-04
   3.8100000e+00   2.7317141e-04
   3.8150000e+00   2.6786385e-04
   3.8200000e+00   2.6252580e-04
   3.8250000e+00   2.5716203e-04
   3.8300000e+00   2.5177729e-04
   3.8350000e+00   2.4637181e-04
   3.8400000e+00   2.4094212e-04
   3.8450000e+00   2.3548552e-04
   3.8500000e+00   2.3000255e-04
   3.8550000e+00   2.2449565e-04
   3.8600000e+00   2.1896726e-04
   3.8650000e+00   2.1341692e-04
   3.8700000e+00   2.0784021e-04
   3.8750000e+00   2.0223319e-04
   3.8800000e+00   1.9659620e-04
   3.8850000e+00   1.9093298e-04
   3.8900000e+00   1.8524898e-04
   3.8950000e+00   1.7954843e-04
   3.9000000e+00   1.7382934e-04
   3.9050000e+00   1.6808368e-04
   3.9100000e+00   1.6230483e-04
   3.9150000e+00   1.5649284e-04
   3.9200000e+00   1.5065318e-04
   3.9250000e+00   1.4479379e-04
   3.9300000e+00   1.3892087e-04
   3.9350000e+00   1.3303334e-04
   3.9400000e+00   1.2712310e-04
   3.9450000e+00   1.2118285e-04
   3.9500000e+00   1.1521198e-04
   3.9550000e+00   1.0921464e-04
   3.9600000e+00   1.0319423e-04
   3.9650000e+00   9.7149629e-05
   3.9700000e+00   9.1078329e-05
   3.9750000e+00   8.4982073e-05
   3.9800000e+00   7.8865147e-05
   3.9850000e+00   7.2728705e-05
   3.9900000e+00   6.6569828e-05
   3.9950000e+00   6.0384474e-05
   4.0000000e+00   5.4170141e-05
   4.0050000e+00   4.7927653e-05
   4.0100000e+00   4.1662342e-05
   4.0150000e+00   3.5381364e-05
   4.0200000e+00   2.9087045e-05
   4.0250000e+00   2.2774190e-05
   4.0300000e+00   1.6434580e-05
   4.0350000e+00   1.0063656e-05
   4.0400000e+00   3.6637955e-06
   4.0450000e+00  -2.7591827e-06
   4.0500000e+00  -9.2019387e-06
   4.0550000e+00  -1.5664967e-05
   4.0600000e+00  -2.2149375e-05
   4.0650000e+00  -2.8653737e-05
   4.0700000e+00  -3.5175622e-05
   4.0750000e+00  -4.1715196e-05
   4.0800000e+00  -4.8275970e-05
   4.0850000e+00  -5.4863942e-05
   4.0900000e+00  -6.1484431e-05
   4.0950000e+00  -6.8136429e-05
   4.1000000e+00  -7.4812231e-05
   4.1050000e+00  -8.1504748e-05
   4.1100000e+00  -8.8213011e-05
   4.1150000e+00  -9.4940391e-05
   4.1200000e+00  -1.0169010e-04
   4.1250000e+00  -1.0846261e-04
   4.1300000e+00  -1.1525572e-04
   4.1350000e+00  -1.2206690e-04
   4.1400000e+00  -1.2889672e-04
   4.1450000e+00  -1.3574913e-04
   4.1500000e+00  -1.4262774e-04
   4.1550000e+00  -1.4953238e-04
   4.1600000e+00  -1.5645915e-04
   4.1650000e+00  -1.6340248e-04
   4.1700000e+00  -1.7035850e-04
   4.1750000e+00  -1.7732812e-04
   4.1800000e+00  -1.8431653e-04
   4.1850000e+00  -1.9132850e-04
   4.1900000e+00  -1.9836457e-04
   4.1950000e+00  -2.0542178e-04
   4.2000000e+00  -2.1249873e-04
   4.2050000e+00  -2.1959863e-04
   4.2100000e+00  -2.2672466e-04
   4.2150000e+00  -2.3387489e-04
   4.2200000e+00  -2.4104476e-04
   4.2250000e+00  -2.4823142e-04
   4.2300000e+00  -2.5543366e-04
   4.2350000e+00  -2.6265090e-04
   4.2400000e+00  -2.6988423e-04
   4.2450000e+00  -2.7713639e-04
   4.2500000e+00  -2.8440967e-04
   4.2550000e+00  -2.9170552e-04
   4.2600000e+00  -2.9902462e-04
   4.2650000e+00  -3.0636616e-04
   4.2700000e+00  -3.1372892e-04
   4.2750000e+00  -3.2111212e-04
   4.2800000e+00  -3.2851394e-04
   4.2850000e+00  -3.3593022e-04
   4.2900000e+00  -3.4335626e-04
   4.2950000e+00  -3.5079127e-04
   4.3000000e+00  -3.5824106e-04
   4.3050000e+00  -3.6571405e-04
   4.3100000e+00  -3.7321398e-04
   4.3150000e+00  -3.8073684e-04
   4.3200000e+00  -3.8827402e-04
   4.3250000e+00  -3.9581982e-04
   4.3300000e+00  -4.0337641e-04
   4.3350000e+00  -4.1095076e-04
   4.3400000e+00  -4.1854800e-04
   4.3450000e+00  -4.2616905e-04
   4.3500000e+00  -4.3381142e-04
   4.3550000e+00  -4.4147053e-04
   4.3600000e+00  -4.4914328e-04
   4.3650000e+00  -4.5683143e-04
   4.3700000e+00  -4.6453921e-04
   4.3750000e+00  -4.7226840e-04
   4.3800000e+00  -4.8001743e-04
   4.3850000e+00  -4.8778286e-04
   4.3900000e+00  -4.9556039e-04
   4.3950000e+00  -5.0334698e-04
   4.4000000e+00  -5.1114258e-04
   4.4050000e+00  -5.1894982e-04
   4.4100000e+00  -5.2677136e-04
   4.4150000e+00  -5.3460812e-04
   4.4200000e+00  -5.4246178e-04
   4.4250000e+00  -5.5033567e-04
   4.4300000e+00  -5.5823129e-04
   4.4350000e+00  -5.6614661e-04
   4.4400000e+00  -5.7407710e-04
   4.4450000e+00  -5.8201696e-04
   4.4500000e+00  -5.8996264e-04
   4.4550000e+00  -5.9791593e-04
   4.4600000e+00  -6.0588220e-04
   4.4650000e+00  -6.1386705e-04
   4.4700000e+00  -6.2187479e-04
   4.4750000e+00  -6.2990598e-04
   4.4800000e+00  -6.3795489e-04
   4.4850000e+00  -6.4601128e-04
   4.4900000e+00  -6.5406718e-04
   4.4950000e+00  -6.6212320e-04
   4.5000000e+00  -6.7018884e-04
   4.5050000e+00  -6.7827660e-04
   4.5100000e+00  -6.8639341e-04
   4.5150000e+00  -6.9453593e-04
   4.5200000e+00  -7.0269391e-04
   4.5250000e+00  -7.1085709e-04
   4.5300000e+00  -7.1902069e-04
   4.5350000e+00  -7.2718702e-04
   4.5400000e+00  -7.3536205e-04
   4.5450000e+00  -7.4355039e-04
   4.5500000e+00  -7.5175287e-04
   4.5550000e+00  -7.5996789e-04
   4.5600000e+00  -7.6819429e-04
   4.5650000e+00  -7.7643174e-04
   4.5700000e+00  -7.8468028e-04
   4.5750000e+00  -7.9294076e-04
   4.5800000e+00  -8.0121371e-04
   4.5850000e+00  -8.0949880e-04
   4.5900000e+00  -8.1779571e-04
   4.5950000e+00  -8.2610388e-04
   4.6000000e+00  -8.3442228e-04
   4.6050000e+00  -8.4275051e-04
   4.6100000e+00  -8.5108825e-04
   4.6150000e+00  -8.5943485e-04
   4.6200000e+00  -8.6779019e-04
   4.6250000e+00  -8.7615405e-04
   4.6300000e+00  -8.8452576e-04
   4.6350000e+00  -8.9290596e-04
   4.6400000e+00  -9.0129704e-04
   4.6450000e+00  -9.0969950e-04
   4.6500000e+00  -9.1810961e-04
   4.6550000e+00  -9.2652405e-04
   4.6600000e+00  -9.3494468e-04
   4.6650000e+00  -9.4337579e-04
   4.6700000e+00  -9.5181871e-04
   4.6750000e+00  -9.6027021e-04
   4.6800000e+00  -9.6872506e-04
   4.6850000e+00  -9.7718074e-04
   4.6900000e+00  -9.8563983e-04
   4.6950000e+00  -9.9410766e-04
   4.7000000e+00  -1.0025873e-03
   4.7050000e+00  -1.0110775e-03
   4.7100000e+00  -1.0195755e-03
   4.7150000e+00  -1.0280798e-03
   4.7200000e+00  -1.0365889e-03
   4.7250000e+00  -1.0451007e-03
   4.7300000e+00  -1.0536138e-03
   4.7350000e+00  -1.0621275e-03
   4.7400000e+00  -1.0706441e-03
   4.7450000e+00  -1.0791690e-03
   4.7500000e+00  -1.0877061e-03
   4.7550000e+00  -1.0962546e-03
   4.7600000e+00  -1.1048109e-03
   4.7650000e+00  -1.1133718e-03
   4.7700000e+00  -1.1219340e-03
   4.7750000e+00  -1.1304945e-03
   4.7800000e+00  -1.1390520e-03
   4.7850000e+00  -1.1476090e-03
   4.7900000e+00  -1.1561702e-03
   4.7950000e+00  -1.1647408e-03
   4.8000000e+00  -1.1733230e-03
   4.8050000e+00  -1.1819142e-03
   4.8100000e+00  -1.1905077e-03
   4.8150000e+00  -1.1990977e-03
   4.8200000e+00  -1.2076831e-03
   4.8250000e+00  -1.2162672e-03
   4.8300000e+00  -1.2248554e-03
   4.8350000e+00  -1.2334512e-03
   4.8400000e+00  -1.2420533e-03
   4.8450000e+00  -1.2506567e-03
   4.8500000e+00  -1.2592583e-03
   4.8550000e+00  -1.2678588e-03
   4.8600000e+00  -1.2764594e-03
   4.8650000e+00  -1.2850608e-03
   4.8700000e+00  -1.2936633e-03
   4.8750000e+00  -1.3022670e-03
   4.8800000e+00  -1.3108704e-03
   4.8850000e+00  -1.3194721e-03
   4.8900000e+00  -1.3280734e-03
   4.8950000e+00  -1.3366748e-03
   4.9000000e+00  -1.3452751e-03
   4.9050000e+00  -1.3538742e-03
   4.9100000e+00  -1.3624757e-03
   4.9150000e+00  -1.3710815e-03
   4.9200000e+00  -1.3796885e-03
   4.9250000e+00  -1.3882914e-03
   4.9300000e+00  -1.3968866e-03
   4.9350000e+00  -1.4054741e-03
   4.9400000e+00  -1.4140565e-03
   4.9450000e+00  -1.4226372e-03
   4.9500000e+00  -1.4312183e-03
   4.9550000e+00  -1.4398007e-03
   4.9600000e+00  -1.4483828e-03
   4.9650000e+00  -1.4569595e-03
   4.9700000e+00  -1.4655247e-03
   4.9750000e+00  -1.4740772e-03
   4.9800000e+00  -1.4826227e-03
   4.9850000e+00  -1.4911695e-03
   4.9900000e+00  -1.4997229e-03
   4.9950000e+00  -1.5082829e-03
   5.0000000e+00  -1.5168446e-03
   5.0050000e+00  -1.5253993e-03
   5.0100000e+00  -1.5339382e-03
   5.0150000e+00  -1.5424592e-03
   5.0200000e+00  -1.5509685e-03
   5.0250000e+00  -1.5594753e-03
   5.0300000e+00  -1.5679851e-03
   5.0350000e+00  -1.5764948e-03
   5.0400000e+00  -1.5849957e-03
   5.0450000e+00  -1.5934819e-03
   5.0500000e+00  -1.6019554e-03
   5.0550000e+00  -1.6104227e-03
   5.0600000e+00  -1.6188889e-03
   5.0650000e+00  -1.6273552e-03
   5.0700000e+00  -1.6358189e-03
   5.0750000e+00  -1.6442760e-03
   5.0800000e+00  -1.6527226e-03
   5.0850000e+00  -1.6611566e-03
   5.0900000e+00  -1.6695777e-03
   5.0950000e+00  -1.6779866e-03
   5.1000000e+00  -1.6863841e-03
   5.1050000e+00  -1.6947705e-03
   5.1100000e+00  -1.7031458e-03
   5.1150000e+00  -1.7115103e-03
   5.1200000e+00  -1.7198669e-03
   5.1250000e+00  -1.7282199e-03
   5.1300000e+00  -1.7365691e-03
   5.1350000e+00  -1.7449090e-03
   5.1400000e+00  -1.7532344e-03
   5.1450000e+00  -1.7615447e-03
   5.1500000e+00  -1.7698409e-03
   5.1550000e+00  -1.7781236e-03
   5.1600000e+00  -1.7863944e-03
   5.1650000e+00  -1.7946552e-03
   5.1700000e+00  -1.8029065e-03
   5.1750000e+00  -1.8111467e-03
   5.1800000e+00  -1.8193731e-03
   5.1850000e+00  -1.8275840e-03
   5.1900000e+00  -1.8357803e-03
   5.1950000e+00  -1.8439635e-03
   5.2000000e+00  -1.8521330e-03
   5.2050000e+00  -1.8602881e-03
   5.2100000e+00  -1.8684308e-03
   5.2150000e+00  -1.8765628e-03
   5.2200000e+00  -1.8846819e-03
   5.2250000e+00  -1.8927843e-03
   5.2300000e+00  -1.9008704e-03
   5.2350000e+00  -1.9089430e-03
   5.2400000e+00  -1.9170022e-03
   5.2450000e+00  -1.9250440e-03
   5.2500000e+00  -1.9330638e-03
   5.2550000e+00  -1.9410595e-03
   5.2600000e+00  -1.9490340e-03
   5.2650000e+00  -1.9569934e-03
   5.2700000e+00  -1.9649408e-03
   5.2750000e+00  -1.9728748e-03
   5.2800000e+00  -1.9807929e-03
   5.2850000e+00  -1.9886934e-03
   5.2900000e+00  -1.9965748e-03
   5.2950000e+00  -2.0044365e-03
   5.3000000e+00  -2.0122794e-03
   5.3050000e+00  -2.0201043e-03
   5.3100000e+00  -2.0279095e-03
   5.3150000e+00  -2.0356938e-03
   5.3200000e+00  -2.0434588e-03
   5.3250000e+00  -2.0512072e-03
   5.3300000e+00  -2.0589397e-03
   5.3350000e+00  -2.0666542e-03
   5.3400000e+00  -2.0743467e-03
   5.3450000e+00  -2.0820137e-03
   5.3500000e+00  -2.0896529e-03
   5.3550000e+00  -2.0972645e-03
   5.3600000e+00  -2.1048523e-03
   5.3650000e+00  -2.1124229e-03
   5.3700000e+00  -2.1199808e-03
   5.3750000e+00  -2.1275256e-03
   5.3800000e+00  -2.1350525e-03
   5.3850000e+00  -2.1425553e-03
   5.3900000e+00  -2.1500289e-03
   5.3950000e+00  -2.1574707e-03
   5.4000000e+00  -2.1648815e-03
   5.4050000e+00  -2.1722661e-03
   5.4100000e+00  -2.1796316e-03
   5.4150000e+00  -2.1869827e-03
   5.4200000e+00  -2.1943190e-03
   5.4250000e+00  -2.2016354e-03
   5.4300000e+00  -2.2089255e-03
   5.4350000e+00  -2.2161842e-03
   5.4400000e+00  -2.2234087e-03
   5.4450000e+00  -2.2305993e-03
   5.4500000e+00  -2.2377580e-03
   5.4550000e+00  -2.2448899e-03
   5.4600000e+00  -2.2520015e-03
   5.4650000e+00  -2.2590968e-03
   5.4700000e+00  -2.2661739e-03
   5.4750000e+00  -2.2732249e-03
   5.4800000e+00  -2.2802414e-03
   5.4850000e+00  -2.2872201e-03
   5.4900000e+00  -2.2941641e-03
   5.4950000e+00  -2.3010802e-03
   5.5000000e+00  -2.3079731e-03
   5.5050000e+00  -2.3148422e-03
   5.5100000e+00  -2.3216849e-03
   5.5150000e+00  -2.3285008e-03
   5.5200000e+00  -2.3352897e-03
   5.5250000e+00  -2.3420481e-03
   5.5300000e+00  -2.3487691e-03
   5.5350000e+00  -2.3554500e-03
   5.5400000e+00  -2.3620969e-03
   5.5450000e+00  -2.3687176e-03
   5.5500000e+00  -2.3753124e-03
   5.5550000e+00  -2.3818761e-03
   5.5600000e+00  -2.3884069e-03
   5.5650000e+00  -2.3949086e-03
   5.5700000e+00  -2.4013834e-03
   5.5750000e+00  -2.4078273e-03
   5.5800000e+00  -2.4142338e-03
   5.5850000e+00  -2.4206010e-03
   5.5900000e+00  -2.4269324e-03
   5.5950000e+00  -2.4332316e-03
   5.6000000e+00  -2.4394999e-03
   5.6050000e+00  -2.4457371e-03
   5.6100000e+00  -2.4519424e-03
   5.6150000e+00  -2.4581137e-03
   5.6200000e+00  -2.4642498e-03
   5.6250000e+00  -2.4703490e-03
   5.6300000e+00  -2.4764098e-03
   5.6350000e+00  -2.4824319e-03
   5.6400000e+00  -2.4884158e-03
   5.6450000e+00  -2.4943630e-03
   5.6500000e+00  -2.5002768e-03
   5.6550000e+00  -2.5061597e-03
   5.6600000e+00  -2.5120112e-03
   5.6650000e+00  -2.5178267e-03
   5.6700000e+00  -2.5236011e-03
   5.6750000e+00  -2.5293315e-03
   5.6800000e+00  -2.5350183e-03
   5.6850000e+00  -2.5406647e-03
   5.6900000e+00  -2.5462748e-03
   5.6950000e+00  -2.5518513e-03
   5.7000000e+00  -2.5573941e-03
   5.7050000e+00  -2.5629004e-03
   5.7100000e+00  -2.5683672e-03
   5.7150000e+00  -2.5737909e-03
   5.7200000e+00  -2.5791697e-03
   5.7250000e+00  -2.5845042e-03
   5.7300000e+00  -2.5897965e-03
   5.7350000e+00  -2.5950482e-03
   5.7400000e+00  -2.6002611e-03
   5.7450000e+00  -2.6054357e-03
   5.7500000e+00  -2.6105715e-03
   5.7550000e+00  -2.6156669e-03
   5.7600000e+00  -2.6207197e-03
   5.7650000e+00  -2.6257269e-03
   5.7700000e+00  -2.6306859e-03
   5.7750000e+00  -2.6355979e-03
   5.7800000e+00  -2.6404686e-03
   5.7850000e+00  -2.6453027e-03
   5.7900000e+00  -2.6500997e-03
   5.7950000e+00  -2.6548535e-03
   5.8000000e+00  -2.6595575e-03
   5.8050000e+00  -2.6642094e-03
   5.8100000e+00  -2.6688113e-03
   5.8150000e+00  -2.6733683e-03
   5.8200000e+00  -2.6778856e-03
   5.8250000e+00  -2.6823643e-03
   5.8300000e+00  -2.6868005e-03
   5.8350000e+00  -2.6911891e-03
   5.8400000e+00  -2.6955277e-03
   5.8450000e+00  -2.6998170e-03
   5.8500000e+00  -2.7040595e-03
   5.8550000e+00  -2.7082571e-03
   5.8600000e+00  -2.7124082e-03
   5.8650000e+00  -2.7165094e-03
   5.8700000e+00  -2.7205586e-03
   5.8750000e+00  -2.7245558e-03
   5.8800000e+00  -2.7285031e-03
   5.8850000e+00  -2.7324041e-03
   5.8900000e+00  -2.7362625e-03
   5.8950000e+00  -2.7400779e-03
   5.9000000e+00  -2.7438447e-03
   5.9050000e+00  -2.7475560e-03
   5.9100000e+00  -2.7512094e-03
   5.9150000e+00  -2.7548092e-03
   5.9200000e+00  -2.7583614e-03
   5.9250000e+00  -2.7618681e-03
   5.9300000e+00  -2.7653265e-03
   5.9350000e+00  -2.7687326e-03
   5.9400000e+00  -2.7720842e-03
   5.9450000e+00  -2.7753818e-03
   5.9500000e+00  -2.7786274e-03
   5.9550000e+00  -2.7818222e-03
   5.9600000e+00  -2.7849658e-03
   5.9650000e+00  -2.7880574e-03
   5.9700000e+00  -2.7910954e-03
   5.9750000e+00  -2.7940786e-03
   5.9800000e+00  -2.7970059e-03
   5.9850000e+00  -2.7998781e-03
   5.9900000e+00  -2.8026979e-03
   5.9950000e+00  -2.8054673e-03
   6.0000000e+00  -2.8081835e-03
   6.0050000e+00  -2.8108405e-03
   6.0100000e+00  -2.8134348e-03
   6.0150000e+00  -2.8159692e-03
   6.0200000e+00  -2.8184509e-03
   6.0250000e+00  -2.8208845e-03
   6.0300000e+00  -2.8232673e-03
   6.0350000e+00  -2.8255924e-03
   6.0400000e+00  -2.8278558e-03
   6.0450000e+00  -2.8300600e-03
   6.0500000e+00  -2.8322116e-03
   6.0550000e+00  -2.8343123e-03
   6.0600000e+00  -2.8363575e-03
   6.0650000e+00  -2.8383409e-03
   6.0700000e+00  -2.8402594e-03
   6.0750000e+00  -2.8421129e-03
   6.0800000e+00  -2.8439032e-03
   6.0850000e+00  -2.8456333e-03
   6.0900000e+00  -2.8473068e-03
   6.0950000e+00  -2.8489269e-03
   6.1000000e+00  -2.8504941e-03
   6.1050000e+00  -2.8520056e-03
   6.1100000e+00  -2.8534553e-03
   6.1150000e+00  -2.8548376e-03
   6.1200000e+00  -2.8561500e-03
   6.1250000e+00  -2.8573948e-03
   6.1300000e+00  -2.8585786e-03
   6.1350000e+00  -2.8597075e-03
   6.1400000e+00  -2.8607823e-03
   6.1450000e+00  -2.8618002e-03
   6.1500000e+00  -2.8627586e-03
   6.1550000e+00  -2.8636547e-03
   6.1600000e+00  -2.8644851e-03
   6.1650000e+00  -2.8652484e-03
   6.1700000e+00  -2.8659442e-03
   6.1750000e+00  -2.8665727e-03
   6.1800000e+00  -2.8671396e-03
   6.1850000e+00  -2.8676533e-03
   6.1900000e+00  -2.8681145e-03
   6.1950000e+00  -2.8685106e-03
   6.2000000e+00  -2.8688258e-03
   6.2050000e+00  -2.8690565e-03
   6.2100000e+00  -2.8692136e-03
   6.2150000e+00  -2.8693113e-03
   6.2200000e+00  -2.8693558e-03
   6.2250000e+00  -2.8693437e-03
   6.2300000e+00  -2.8692679e-03
   6.2350000e+00  -2.8691246e-03
   6.2400000e+00  -2.8689146e-03
   6.2450000e+00  -2.8686410e-03
   6.2500000e+00  -2.8683028e-03
   6.2550000e+00  -2.8678954e-03
   6.2600000e+00  -2.8674143e-03
   6.2650000e+00  -2.8668585e-03
   6.2700000e+00  -2.8662311e-03
   6.2750000e+00  -2.8655377e-03
   6.2800000e+00  -2.8647821e-03
   6.2850000e+00  -2.8639635e-03
   6.2900000e+00  -2.8630781e-03
   6.2950000e+00  -2.8621236e-03
   6.3000000e+00  -2.8611005e-03
   6.3050000e+00  -2.8600074e-03
   6.3100000e+00  -2.8588398e-03
   6.3150000e+00  -2.8575946e-03
   6.3200000e+00  -2.8562741e-03
   6.3250000e+00  -2.8548845e-03
   6.3300000e+00  -2.8534328e-03
   6.3350000e+00  -2.8519242e-03
   6.3400000e+00  -2.8503557e-03
   6.3450000e+00  -2.8487143e-03
   6.3500000e+00  -2.8469854e-03
   6.3550000e+00  -2.8451662e-03
   6.3600000e+00  -2.8432680e-03
   6.3650000e+00  -2.8413047e-03
   6.3700000e+00  -2.8392815e-03
   6.3750000e+00  -2.8371944e-03
   6.3800000e+00  -2.8350363e-03
   6.3850000e+00  -2.8328021e-03
   6.3900000e+00  -2.8304899e-03
   6.3950000e+00  -2.8280983e-03
   6.4000000e+00  -2.8256260e-03
   6.4050000e+00  -2.8230757e-03
   6.4100000e+00  -2.8204543e-03
   6.4150000e+00  -2.8177669e-03
   6.4200000e+00  -2.8150127e-03
   6.4250000e+00  -2.8121873e-03
   6.4300000e+00  -2.8092874e-03
   6.4350000e+00  -2.8063120e-03
   6.4400000e+00  -2.8032605e-03
   6.4450000e+00  -2.8001311e-03
   6.4500000e+00  -2.7969221e-03
   6.4550000e+00  -2.7936320e-03
   6.4600000e+00  -2.7902609e-03
   6.4650000e+00  -2.7868127e-03
   6.4700000e+00  -2.7832931e-03
   6.4750000e+00  -2.7797033e-03
   6.4800000e+00  -2.7760391e-03
   6.4850000e+00  -2.7722963e-03
   6.4900000e+00  -2.7684747e-03
   6.4950000e+00  -2.7645759e-03
   6.5000000e+00  -2.7606004e-03
   6.5050000e+00  -2.7565467e-03
   6.5100000e+00  -2.7524130e-03
   6.5150000e+00  -2.7482001e-03
   6.5200000e+00  -2.7439123e-03
   6.5250000e+00  -2.7395530e-03
   6.5300000e+00  -2.7351198e-03
   6.5350000e+00  -2.7306069e-03
   6.5400000e+00  -2.7260087e-03
   6.5450000e+00  -2.7213229e-03
   6.5500000e+00  -2.7165508e-03
   6.5550000e+00  -2.7116966e-03
   6.5600000e+00  -2.7067663e-03
   6.5650000e+00  -2.7017642e-03
   6.5700000e+00  -2.6966897e-03
   6.5750000e+00  -2.6915381e-03
   6.5800000e+00  -2.6863044e-03
   6.5850000e+00  -2.6809843e-03
   6.5900000e+00  -2.6755762e-03
   6.5950000e+00  -2.6700824e-03
   6.6000000e+00  -2.6645081e-03
   6.6050000e+00  -2.6588602e-03
   6.6100000e+00  -2.6531409e-03
   6.6150000e+00  -2.6473445e-03
   6.6200000e+00  -2.6414627e-03
   6.6250000e+00  -2.6354915e-03
   6.6300000e+00  -2.6294334e-03
   6.6350000e+00  -2.6232938e-03
   6.6400000e+00  -2.6170737e-03
   6.6450000e+00  -2.6107699e-03
   6.6500000e+00  -2.6043784e-03
   6.6550000e+00  -2.5978982e-03
   6.6600000e+00  -2.5913322e-03
   6.6650000e+00  -2.5846861e-03
   6.6700000e+00  -2.5779647e-03
   6.6750000e+00  -2.5711710e-03
   6.6800000e+00  -2.5643056e-03
   6.6850000e+00  -2.5573635e-03
   6.6900000e+00  -2.5503345e-03
   6.6950000e+00  -2.5432090e-03
   6.7000000e+00  -2.5359833e-03
   6.7050000e+00  -2.5286632e-03
   6.7100000e+00  -2.5212592e-03
   6.7150000e+00  -2.5137789e-03
   6.7200000e+00  -2.5062240e-03
   6.7250000e+00  -2.4985927e-03
   6.7300000e+00  -2.4908797e-03
   6.7350000e+00  -2.4830779e-03
   6.7400000e+00  -2.4751816e-03
   6.7450000e+00  -2.4671904e-03
   6.7500000e+00  -2.4591084e-03
   6.7550000e+00  -2.4509417e-03
   6.7600000e+00  -2.4426959e-03
   6.7650000e+00  -2.4343740e-03
   6.7700000e+00  -2.4259760e-03
   6.7750000e+00  -2.4174979e-03
   6.7800000e+00  -2.4089331e-03
   6.7850000e+00  -2.4002764e-03
   6.7900000e+00  -2.3915250e-03
   6.7950000e+00  -2.3826786e-03
   6.8000000e+00  -2.3737394e-03
   6.8050000e+00  -2.3647100e-03
   6.8100000e+00  -2.3555929e-03
   6.8150000e+00  -2.3463933e-03
   6.8200000e+00  -2.3371167e-03
   6.8250000e+00  -2.3277634e-03
   6.8300000e+00  -2.3183277e-03
   6.8350000e+00  -2.3088008e-03
   6.8400000e+00  -2.2991753e-03
   6.8450000e+00  -2.2894508e-03
   6.8500000e+00  -2.2796365e-03
   6.8550000e+00  -2.2697433e-03
   6.8600000e+00  -2.2597752e-03
   6.8650000e+00  -2.2497292e-03
   6.8700000e+00  -2.2396000e-03
   6.8750000e+00  -2.2293809e-03
   6.8800000e+00  -2.2190630e-03
   6.8850000e+00  -2.2086406e-03
   6.8900000e+00  -2.1981166e-03
   6.8950000e+00  -2.1875004e-03
   6.9000000e+00  -2.1768032e-03
   6.9050000e+00  -2.1660331e-03
   6.9100000e+00  -2.1551902e-03
   6.9150000e+00  -2.1442655e-03
   6.9200000e+00  -2.1332476e-03
   6.9250000e+00  -2.1221304e-03
   6.9300000e+00  -2.1109141e-03
   6.9350000e+00  -2.0996038e-03
   6.9400000e+00  -2.0882066e-03
   6.9450000e+00  -2.0767265e-03
   6.9500000e+00  -2.0651624e-03
   6.9550000e+00  -2.0535101e-03
   6.9600000e+00  -2.0417672e-03
   6.9650000e+00  -2.0299348e-03
   6.9700000e+00  -2.0180122e-03
   6.9750000e+00  -2.0059956e-03
   6.9800000e+00  -1.9938829e-03
   6.9850000e+00  -1.9816770e-03
   6.9900000e+00  -1.9693837e-03
   6.9950000e+00  -1.9570070e-03
   7.0000000e+00  -1.9445485e-03
   7.0050000e+00  -1.9320089e-03
   7.0100000e+00  -1.9193869e-03
   7.0150000e+00  -1.9066763e-03
   7.0200000e+00  -1.8938702e-03
   7.0250000e+00  -1.8809667e-03
   7.0300000e+00  -1.8679674e-03
   7.0350000e+00  -1.8548734e-03
   7.0400000e+00  -1.8416862e-03
   7.0450000e+00  -1.8284081e-03
   7.0500000e+00  -1.8150423e-03
   7.0550000e+00  -1.8015903e-03
   7.0600000e+00  -1.7880535e-03
   7.0650000e+00  -1.7744348e-03
   7.0700000e+00  -1.7607351e-03
   7.0750000e+00  -1.7469484e-03
   7.0800000e+00  -1.7330629e-03
   7.0850000e+00  -1.7190696e-03
   7.0900000e+00  -1.7049713e-03
   7.0950000e+00  -1.6907824e-03
   7.1000000e+00  -1.6765172e-03
   7.1050000e+00  -1.6621785e-03
   7.1100000e+00  -1.6477568e-03
   7.1150000e+00  -1.6332393e-03
   7.1200000e+00  -1.6186210e-03
   7.1250000e+00  -1.6039066e-03
   7.1300000e+00  -1.5891048e-03
   7.1350000e+00  -1.5742191e-03
   7.1400000e+00  -1.5592457e-03
   7.1450000e+00  -1.5441791e-03
   7.1500000e+00  -1.5290185e-03
   7.1550000e+00  -1.5137676e-03
   7.1600000e+00  -1.4984288e-03
   7.1650000e+00  -1.4830007e-03
   7.1700000e+00  -1.4674811e-03
   7.1750000e+00  -1.4518697e-03
   7.1800000e+00  -1.4361706e-03
   7.1850000e+00  -1.4203907e-03
   7.1900000e+00  -1.4045334e-03
   7.1950000e+00  -1.3885937e-03
   7.2000000e+00  -1.3725610e-03
   7.2050000e+00  -1.3564266e-03
   7.2100000e+00  -1.3401894e-03
   7.2150000e+00  -1.3238554e-03
   7.2200000e+00  -1.3074303e-03
   7.2250000e+00  -1.2909167e-03
   7.2300000e+00  -1.2743160e-03
   7.2350000e+00  -1.2576295e-03
   7.2400000e+00  -1.2408609e-03
   7.2450000e+00  -1.2240138e-03
   7.2500000e+00  -1.2070867e-03
   7.2550000e+00  -1.1900704e-03
   7.2600000e+00  -1.1729546e-03
   7.2650000e+00  -1.1557361e-03
   7.2700000e+00  -1.1384180e-03
   7.2750000e+00  -1.1210074e-03
   7.2800000e+00  -1.1035136e-03
   7.2850000e+00  -1.0859443e-03
   7.2900000e+00  -1.0683019e-03
   7.2950000e+00  -1.0505786e-03
   7.3000000e+00  -1.0327612e-03
   7.3050000e+00  -1.0148418e-03
   7.3100000e+00  -9.9682129e-04
   7.3150000e+00  -9.7870737e-04
   7.3200000e+00  -9.6051491e-04
   7.3250000e+00  -9.4225415e-04
   7.3300000e+00  -9.2390985e-04
   7.3350000e+00  -9.0544967e-04
   7.3400000e+00  -8.8686023e-04
   7.3450000e+00  -8.6816769e-04
   7.3500000e+00  -8.4941840e-04
   7.3550000e+00  -8.3063536e-04
   7.3600000e+00  -8.1180258e-04
   7.3650000e+00  -7.9288676e-04
   7.3700000e+00  -7.7385244e-04
   7.3750000e+00  -7.5467297e-04
   7.3800000e+00  -7.3535302e-04
   7.3850000e+00  -7.1593684e-04
   7.3900000e+00  -6.9648173e-04
   7.3950000e+00  -6.7701314e-04
   7.4000000e+00  -6.5751172e-04
   7.4050000e+00  -6.3793893e-04
   7.4100000e+00  -6.1825524e-04
   7.4150000e+00  -5.9843238e-04
   7.4200000e+00  -5.7847553e-04
   7.4250000e+00  -5.5842164e-04
   7.4300000e+00  -5.3830265e-04
   7.4350000e+00  -5.1812368e-04
   7.4400000e+00  -4.9787360e-04
   7.4450000e+00  -4.7753174e-04
   7.4500000e+00  -4.5707625e-04
   7.4550000e+00  -4.3650880e-04
   7.4600000e+00  -4.1585871e-04
   7.4650000e+00  -3.9515103e-04
   7.4700000e+00  -3.7438741e-04
   7.4750000e+00  -3.5355674e-04
   7.4800000e+00  -3.3264034e-04
   7.4850000e+00  -3.1161864e-04
   7.4900000e+00  -2.9049482e-04
   7.4950000e+00  -2.6929852e-04
   7.5000000e+00  -2.4805428e-04
   7.5050000e+00  -2.2676298e-04
   7.5100000e+00  -2.0541284e-04
   7.5150000e+00  -1.8398493e-04
   7.5200000e+00  -1.6245967e-04
   7.5250000e+00  -1.4083164e-04
   7.5300000e+00  -1.1909504e-04
   7.5350000e+00  -9.7226630e-05
   7.5400000e+00  -7.5223154e-05
   7.5450000e+00  -5.3134884e-05
   7.5500000e+00  -3.1018381e-05
   7.5550000e+00  -8.8710379e-06
   7.5600000e+00   1.3359239e-05
   7.5650000e+00   3.5710052e-05
   7.5700000e+00   5.8162821e-05
   7.5750000e+00   8.0668024e-05
   7.5800000e+00   1.0321613e-04
   7.5850000e+00   1.2585049e-04
   7.5900000e+00   1.4859696e-04
   7.5950000e+00   1.7143609e-04
   7.6000000e+00   1.9435063e-04
   7.6050000e+00   2.1734670e-04
   7.6100000e+00   2.4042347e-04
   7.6150000e+00   2.6355666e-04
   7.6200000e+00   2.8673143e-04
   7.6250000e+00   3.0997809e-04
   7.6300000e+00   3.3334949e-04
   7.6350000e+00   3.5686289e-04
   7.6400000e+00   3.8047282e-04
   7.6450000e+00   4.0410037e-04
   7.6500000e+00   4.2770050e-04
   7.6550000e+00   4.5130609e-04
   7.6600000e+00   4.7499393e-04
   7.6650000e+00   4.9881806e-04
   7.6700000e+00   5.2278773e-04
   7.6750000e+00   5.4687801e-04
   7.6800000e+00   5.7104384e-04
   7.6850000e+00   5.9524773e-04
   7.6900000e+00   6.1948369e-04
   7.6950000e+00   6.4377650e-04
   7.7000000e+00   6.6815546e-04
   7.7050000e+00   6.9262622e-04
   7.7100000e+00   7.1718383e-04
   7.7150000e+00   7.4184489e-04
   7.7200000e+00   7.6663531e-04
   7.7250000e+00   7.9154623e-04
   7.7300000e+00   8.1651635e-04
   7.7350000e+00   8.4147192e-04
   7.7400000e+00   8.6639962e-04
   7.7450000e+00   8.9136119e-04
   7.7500000e+00   9.1643142e-04
   7.7550000e+00   9.4164862e-04
   7.7600000e+00   9.6700338e-04
   7.7650000e+00   9.9244709e-04
   7.7700000e+00   1.0179264e-03
   7.7750000e+00   1.0434089e-03
   7.7800000e+00   1.0688897e-03
   7.7850000e+00   1.0944093e-03
   7.7900000e+00   1.1200411e-03
   7.7950000e+00   1.1458260e-03
   7.8000000e+00   1.1717355e-03
   7.8050000e+00   1.1977144e-03
   7.8100000e+00   1.2237328e-03
   7.8150000e+00   1.2497774e-03
   7.8200000e+00   1.2758359e-03
   7.8250000e+00   1.3019181e-03
   7.8300000e+00   1.3280597e-03
   7.8350000e+00   1.3542994e-03
   7.8400000e+00   1.3806506e-03
   7.8450000e+00   1.4070869e-03
   7.8500000e+00   1.4335731e-03
   7.8550000e+00   1.4601078e-03
   7.8600000e+00   1.4867134e-03
   7.8650000e+00   1.5133962e-03
   7.8700000e+00   1.5401487e-03
   7.8750000e+00   1.5669791e-03
   7.8800000e+00   1.5939021e-03
   7.8850000e+00   1.6209085e-03
   7.8900000e+00   1.6479677e-03
   7.8950000e+00   1.6750537e-03
   7.9000000e+00   1.7021598e-03
   7.9050000e+00   1.7292888e-03
   7.9100000e+00   1.7564422e-03
   7.9150000e+00   1.7836421e-03
   7.9200000e+00   1.8109343e-03
   7.9250000e+00   1.8383457e-03
   7.9300000e+00   1.8658641e-03
   7.9350000e+00   1.8934560e-03
   7.9400000e+00   1.9210907e-03
   7.9450000e+00   1.9487444e-03
   7.9500000e+00   1.9764007e-03
   7.9550000e+00   2.0040756e-03
   7.9600000e+00   2.0318184e-03
   7.9650000e+00   2.0596634e-03
   7.9700000e+00   2.0876051e-03
   7.9750000e+00   2.1156135e-03
   7.9800000e+00   2.1436664e-03
   7.9850000e+00   2.1717738e-03
   7.9900000e+00   2.1999560e-03
   7.9950000e+00   2.2282051e-03
   8.0000000e+00   2.2564869e-03
   8.0050000e+00   2.2847600e-03
   8.0100000e+00   2.3129941e-03
   8.0150000e+00   2.3412123e-03
   8.0200000e+00   2.3695075e-03
   8.0250000e+00   2.3979739e-03
   8.0300000e+00   2.4266196e-03
   8.0350000e+00   2.4553568e-03
   8.0400000e+00   2.4840785e-03
   8.0450000e+00   2.5127391e-03
   8.0500000e+00   2.5413631e-03
   8.0550000e+00   2.5700129e-03
   8.0600000e+00   2.5987576e-03
   8.0650000e+00   2.6276317e-03
   8.0700000e+00   2.6566055e-03
   8.0750000e+00   2.6856186e-03
   8.0800000e+00   2.7146368e-03
   8.0850000e+00   2.7436648e-03
   8.0900000e+00   2.7727230e-03
   8.0950000e+00   2.8018163e-03
   8.1000000e+00   2.8309257e-03
   8.1050000e+00   2.8600529e-03
   8.1100000e+00   2.8892468e-03
   8.1150000e+00   2.9185446e-03
   8.1200000e+00   2.9479266e-03
   8.1250000e+00   2.9773488e-03
   8.1300000e+00   3.0067794e-03
   8.1350000e+00   3.0362140e-03
   8.1400000e+00   3.0656790e-03
   8.1450000e+00   3.0951997e-03
   8.1500000e+00   3.1247706e-03
   8.1550000e+00   3.1543819e-03
   8.1600000e+00   3.1840392e-03
   8.1650000e+00   3.2137381e-03
   8.1700000e+00   3.2434607e-03
   8.1750000e+00   3.2732018e-03
   8.1800000e+00   3.3029614e-03
   8.1850000e+00   3.3327271e-03
   8.1900000e+00   3.3625061e-03
   8.1950000e+00   3.3923462e-03
   8.2000000e+00   3.4222774e-03
   8.2050000e+00   3.4522716e-03
   8.2100000e+00   3.4822784e-03
   8.2150000e+00   3.5122634e-03
   8.2200000e+00   3.5422231e-03
   8.2250000e+00   3.5721953e-03
   8.2300000e+00   3.6022432e-03
   8.2350000e+00   3.6324019e-03
   8.2400000e+00   3.6626392e-03
   8.2450000e+00   3.6928857e-03
   8.2500000e+00   3.7230958e-03
   8.2550000e+00   3.7532649e-03
   8.2600000e+00   3.7834175e-03
   8.2650000e+00   3.8135940e-03
   8.2700000e+00   3.8438261e-03
   8.2750000e+00   3.8741229e-03
   8.2800000e+00   3.9044823e-03
   8.2850000e+00   3.9348934e-03
   8.2900000e+00   3.9653407e-03
   8.2950000e+00   3.9958176e-03
   8.3000000e+00   4.0263230e-03
   8.3050000e+00   4.0568459e-03
   8.3100000e+00   4.0873633e-03
   8.3150000e+00   4.1178566e-03
   8.3200000e+00   4.1483302e-03
   8.3250000e+00   4.1788024e-03
   8.3300000e+00   4.2092899e-03
   8.3350000e+00   4.2398089e-03
   8.3400000e+00   4.2703652e-03
   8.3450000e+00   4.3009526e-03
   8.3500000e+00   4.3315656e-03
   8.3550000e+00   4.3621985e-03
   8.3600000e+00   4.3928351e-03
   8.3650000e+00   4.4234485e-03
   8.3700000e+00   4.4540189e-03
   8.3750000e+00   4.4845606e-03
   8.3800000e+00   4.5151292e-03
   8.3850000e+00   4.5457909e-03
   8.3900000e+00   4.5765667e-03
   8.3950000e+00   4.6074004e-03
   8.4000000e+00   4.6382009e-03
   8.4050000e+00   4.6689185e-03
   8.4100000e+00   4.6995728e-03
   8.4150000e+00   4.7302139e-03
   8.4200000e+00   4.7608809e-03
   8.4250000e+00   4.7915920e-03
   8.4300000e+00   4.8223406e-03
   8.4350000e+00   4.8531027e-03
   8.4400000e+00   4.8838595e-03
   8.4450000e+00   4.9146000e-03
   8.4500000e+00   4.9453182e-03
   8.4550000e+00   4.9760192e-03
   8.4600000e+00   5.0067094e-03
   8.4650000e+00   5.0373888e-03
   8.4700000e+00   5.0680683e-03
   8.4750000e+00   5.0987740e-03
   8.4800000e+00   5.1295206e-03
   8.4850000e+00   5.1602987e-03
   8.4900000e+00   5.1910893e-03
   8.4950000e+00   5.2218698e-03
   8.5000000e+00   5.2526196e-03
   8.5050000e+00   5.2833331e-03
   8.5100000e+00   5.3140127e-03
   8.5150000e+00   5.3446601e-03
   8.5200000e+00   5.3752816e-03
   8.5250000e+00   5.4058802e-03
   8.5300000e+00   5.4364519e-03
   8.5350000e+00   5.4670046e-03
   8.5400000e+00   5.4975721e-03
   8.5450000e+00   5.5281966e-03
   8.5500000e+00   5.5588826e-03
   8.5550000e+00   5.5895683e-03
   8.5600000e+00   5.6201745e-03
   8.5650000e+00   5.6506854e-03
   8.5700000e+00   5.6811478e-03
   8.5750000e+00   5.7116071e-03
   8.5800000e+00   5.7420840e-03
   8.5850000e+00   5.7725775e-03
   8.5900000e+00   5.8030572e-03
   8.5950000e+00   5.8335008e-03
   8.6000000e+00   5.8639311e-03
   8.6050000e+00   5.8943780e-03
   8.6100000e+00   5.9248200e-03
   8.6150000e+00   5.9552049e-03
   8.6200000e+00   5.9855214e-03
   8.6250000e+00   6.0158033e-03
   8.6300000e+00   6.0460768e-03
   8.6350000e+00   6.0763482e-03
   8.6400000e+00   6.1066100e-03
   8.6450000e+00   6.1368336e-03
   8.6500000e+00   6.1670017e-03
   8.6550000e+00   6.1971427e-03
   8.6600000e+00   6.2272896e-03
   8.6650000e+00   6.2574213e-03
   8.6700000e+00   6.2874758e-03
   8.6750000e+00   6.3174130e-03
   8.6800000e+00   6.3472535e-03
   8.6850000e+00   6.3770634e-03
   8.6900000e+00   6.4069083e-03
   8.6950000e+00   6.4368148e-03
   8.7000000e+00   6.4667614e-03
   8.7050000e+00   6.4966954e-03
   8.7100000e+00   6.5265618e-03
   8.7150000e+00   6.5563300e-03
   8.7200000e+00   6.5860030e-03
   8.7250000e+00   6.6156047e-03
   8.7300000e+00   6.6451625e-03
   8.7350000e+00   6.6746975e-03
   8.7400000e+00   6.7042183e-03
   8.7450000e+00   6.7337155e-03
   8.7500000e+00   6.7631686e-03
   8.7550000e+00   6.7925616e-03
   8.7600000e+00   6.8218925e-03
   8.7650000e+00   6.8511690e-03
   8.7700000e+00   6.8804006e-03
   8.7750000e+00   6.9095924e-03
   8.7800000e+00   6.9387444e-03
   8.7850000e+00   6.9678546e-03
   8.7900000e+00   6.9969193e-03
   8.7950000e+00   7.0259318e-03
   8.8000000e+00   7.0548825e-03
   8.8050000e+00   7.0837650e-03
   8.8100000e+00   7.1125807e-03
   8.8150000e+00   7.1413383e-03
   8.8200000e+00   7.1700457e-03
   8.8250000e+00   7.1987038e-03
   8.8300000e+00   7.2273076e-03
   8.8350000e+00   7.2558529e-03
   8.8400000e+00   7.2843400e-03
   8.8450000e+00   7.3127701e-03
   8.8500000e+00   7.3411408e-03
   8.8550000e+00   7.3694473e-03
   8.8600000e+00   7.3976867e-03
   8.8650000e+00   7.4258588e-03
   8.8700000e+00   7.4539651e-03
   8.8750000e+00   7.4820080e-03
   8.8800000e+00   7.5099879e-03
   8.8850000e+00   7.5379008e-03
   8.8900000e+00   7.5657407e-03
   8.8950000e+00   7.5935047e-03
   8.9000000e+00   7.6211940e-03
   8.9050000e+00   7.6488146e-03
   8.9100000e+00   7.6763745e-03
   8.9150000e+00   7.7038748e-03
   8.9200000e+00   7.7313053e-03
   8.9250000e+00   7.7586522e-03
   8.9300000e+00   7.7859115e-03
   8.9350000e+00   7.8130918e-03
   8.9400000e+00   7.8402044e-03
   8.9450000e+00   7.8672514e-03
   8.9500000e+00   7.8942226e-03
   8.9550000e+00   7.9211018e-03
   8.9600000e+00   7.9478780e-03
   8.9650000e+00   7.9745545e-03
   8.9700000e+00   8.0011473e-03
   8.9750000e+00   8.0276724e-03
   8.9800000e+00   8.0541359e-03
   8.9850000e+00   8.0805308e-03
   8.9900000e+00   8.1068424e-03
   8.9950000e+00   8.1330564e-03
   9.0000000e+00   8.1591677e-03
   9.0050000e+00   8.1851812e-03
   9.0100000e+00   8.2111054e-03
   9.0150000e+00   8.2369451e-03
   9.0200000e+00   8.2627005e-03
   9.0250000e+00   8.2883709e-03
   9.0300000e+00   8.3139575e-03
   9.0350000e+00   8.3394582e-03
   9.0400000e+00   8.3648619e-03
   9.0450000e+00   8.3901536e-03
   9.0500000e+00   8.4153263e-03
   9.0550000e+00   8.4403868e-03
   9.0600000e+00   8.4653475e-03
   9.0650000e+00   8.4902156e-03
   9.0700000e+00   8.5149914e-03
   9.0750000e+00   8.5396755e-03
   9.0800000e+00   8.5642716e-03
   9.0850000e+00   8.5887791e-03
   9.0900000e+00   8.6131885e-03
   9.0950000e+00   8.6374878e-03
   9.1000000e+00   8.6616671e-03
   9.1050000e+00   8.6857180e-03
   9.1100000e+00   8.7096404e-03
   9.1150000e+00   8.7334498e-03
   9.1200000e+00   8.7571677e-03
   9.1250000e+00   8.7808036e-03
   9.1300000e+00   8.8043437e-03
   9.1350000e+00   8.8277625e-03
   9.1400000e+00   8.8510456e-03
   9.1450000e+00   8.8741991e-03
   9.1500000e+00   8.8972381e-03
   9.1550000e+00   8.9201734e-03
   9.1600000e+00   8.9430062e-03
   9.1650000e+00   8.9657279e-03
   9.1700000e+00   8.9883241e-03
   9.1750000e+00   9.0107839e-03
   9.1800000e+00   9.0331096e-03
   9.1850000e+00   9.0553170e-03
   9.1900000e+00   9.0774179e-03
   9.1950000e+00   9.0994070e-03
   9.2000000e+00   9.1212697e-03
   9.2050000e+00   9.1429962e-03
   9.2100000e+00   9.1645888e-03
   9.2150000e+00   9.1860557e-03
   9.2200000e+00   9.2074019e-03
   9.2250000e+00   9.2286242e-03
   9.2300000e+00   9.2497138e-03
   9.2350000e+00   9.2706631e-03
   9.2400000e+00   9.2914698e-03
   9.2450000e+00   9.3121354e-03
   9.2500000e+00   9.3326645e-03
   9.2550000e+00   9.3530642e-03
   9.2600000e+00   9.3733408e-03
   9.2650000e+00   9.3934953e-03
   9.2700000e+00   9.4135238e-03
   9.2750000e+00   9.4334201e-03
   9.2800000e+00   9.4531735e-03
   9.2850000e+00   9.4727689e-03
   9.2900000e+00   9.4921969e-03
   9.2950000e+00   9.5114662e-03
   9.3000000e+00   9.5305998e-03
   9.3050000e+00   9.5496157e-03
   9.3100000e+00   9.5685124e-03
   9.3150000e+00   9.5872708e-03
   9.3200000e+00   9.6058672e-03
   9.3250000e+00   9.6242881e-03
   9.3300000e+00   9.6425359e-03
   9.3350000e+00   9.6606231e-03
   9.3400000e+00   9.6785649e-03
   9.3450000e+00   9.6963728e-03
   9.3500000e+00   9.7140532e-03
   9.3550000e+00   9.7316043e-03
   9.3600000e+00   9.7490132e-03
   9.3650000e+00   9.7662596e-03
   9.3700000e+00   9.7833286e-03
   9.3750000e+00   9.8002190e-03
   9.3800000e+00   9.8169385e-03
   9.3850000e+00   9.8334935e-03
   9.3900000e+00   9.8498864e-03
   9.3950000e+00   9.8661194e-03
   9.4000000e+00   9.8821948e-03
   9.4050000e+00   9.8981142e-03
   9.4100000e+00   9.9138804e-03
   9.4150000e+00   9.9294914e-03
   9.4200000e+00   9.9449353e-03
   9.4250000e+00   9.9601977e-03
   9.4300000e+00   9.9752739e-03
   9.4350000e+00   9.9901727e-03
   9.4400000e+00   1.0004912e-02
   9.4450000e+00   1.0019506e-02
   9.4500000e+00   1.0033951e-02
   9.4550000e+00   1.0048225e-02
   9.4600000e+00   1.0062308e-02
   9.4650000e+00   1.0076191e-02
   9.4700000e+00   1.0089884e-02
   9.4750000e+00   1.0103406e-02
   9.4800000e+00   1.0116768e-02
   9.4850000e+00   1.0129958e-02
   9.4900000e+00   1.0142963e-02
   9.4950000e+00   1.0155780e-02
   9.5000000e+00   1.0168417e-02
   9.5050000e+00   1.0180879e-02
   9.5100000e+00   1.0193161e-02
   9.5150000e+00   1.0205255e-02
   9.5200000e+00   1.0217156e-02
   9.5250000e+00   1.0228864e-02
   9.5300000e+00   1.0240375e-02
   9.5350000e+00   1.0251693e-02
   9.5400000e+00   1.0262830e-02
   9.5450000e+00   1.0273795e-02
   9.5500000e+00   1.0284589e-02
   9.5550000e+00   1.0295205e-02
   9.5600000e+00   1.0305629e-02
   9.5650000e+00   1.0315848e-02
   9.5700000e+00   1.0325852e-02
   9.5750000e+00   1.0335644e-02
   9.5800000e+00   1.0345234e-02
   9.5850000e+00   1.0354634e-02
   9.5900000e+00   1.0363849e-02
   9.5950000e+00   1.0372871e-02
   9.6000000e+00   1.0381690e-02
   9.6050000e+00   1.0390302e-02
   9.6100000e+00   1.0398717e-02
   9.6150000e+00   1.0406948e-02
   9.6200000e+00   1.0414991e-02
   9.6250000e+00   1.0422823e-02
   9.6300000e+00   1.0430423e-02
   9.6350000e+00   1.0437791e-02
   9.6400000e+00   1.0444950e-02
   9.6450000e+00   1.0451920e-02
   9.6500000e+00   1.0458703e-02
   9.6550000e+00   1.0465278e-02
   9.6600000e+00   1.0471623e-02
   9.6650000e+00   1.0477733e-02
   9.6700000e+00   1.0483623e-02
   9.6750000e+00   1.0489312e-02
   9.6800000e+00   1.0494811e-02
   9.6850000e+00   1.0500121e-02
   9.6900000e+00   1.0505230e-02
   9.6950000e+00   1.0510117e-02
   9.7000000e+00   1.0514757e-02
   9.7050000e+00   1.0519142e-02
   9.7100000e+00   1.0523287e-02
   9.7150000e+00   1.0527219e-02
   9.7200000e+00   1.0530957e-02
   9.7250000e+00   1.0534500e-02
   9.7300000e+00   1.0537831e-02
   9.7350000e+00   1.0540941e-02
   9.7400000e+00   1.0543823e-02
   9.7450000e+00   1.0546475e-02
   9.7500000e+00   1.0548887e-02
   9.7550000e+00   1.0551055e-02
   9.7600000e+00   1.0552978e-02
   9.7650000e+00   1.0554669e-02
   9.7700000e+00   1.0556135e-02
   9.7750000e+00   1.0557377e-02
   9.7800000e+00   1.0558388e-02
   9.7850000e+00   1.0559168e-02
   9.7900000e+00   1.0559719e-02
   9.7950000e+00   1.0560044e-02
   9.8000000e+00   1.0560145e-02
   9.8050000e+00   1.0560023e-02
   9.8100000e+00   1.0559670e-02
   9.8150000e+00   1.0559077e-02
   9.8200000e+00   1.0558234e-02
   9.8250000e+00   1.0557133e-02
   9.8300000e+00   1.0555775e-02
   9.8350000e+00   1.0554167e-02
   9.8400000e+00   1.0552317e-02
   9.8450000e+00   1.0550226e-02
   9.8500000e+00   1.0547891e-02
   9.8550000e+00   1.0545307e-02
   9.8600000e+00   1.0542479e-02
   9.8650000e+00   1.0539420e-02
   9.8700000e+00   1.0536144e-02
   9.8750000e+00   1.0532651e-02
   9.8800000e+00   1.0528914e-02
   9.8850000e+00   1.0524896e-02
   9.8900000e+00   1.0520580e-02
   9.8950000e+00   1.0515987e-02
   9.9000000e+00   1.0511156e-02
   9.9050000e+00   1.0506114e-02
   9.9100000e+00   1.0500855e-02
   9.9150000e+00   1.0495351e-02
   9.9200000e+00   1.0489574e-02
   9.9250000e+00   1.0483502e-02
   9.9300000e+00   1.0477134e-02
   9.9350000e+00   1.0470515e-02
   9.9400000e+00   1.0463701e-02
   9.9450000e+00   1.0456704e-02
   9.9500000e+00   1.0449472e-02
   9.9550000e+00   1.0441919e-02
   9.9600000e+00   1.0434000e-02
   9.9650000e+00   1.0425751e-02
   9.9700000e+00   1.0417254e-02
   9.9750000e+00   1.0408559e-02
   9.9800000e+00   1.0399654e-02
   9.9850000e+00   1.0390496e-02
   9.9900000e+00   1.0381049e-02
   9.9950000e+00   1.0371296e-02
   1.0000000e+01   1.0361243e-02
   1.0005000e+01   1.0350911e-02
   1.0010000e+01   1.0340318e-02
   1.0015000e+01   1.0329473e-02
   1.0020000e+01   1.0318384e-02
   1.0025000e+01   1.0307046e-02
   1.0030000e+01   1.0295454e-02
   1.0035000e+01   1.0283607e-02
   1.0040000e+01   1.0271496e-02
   1.0045000e+01   1.0259093e-02
   1.0050000e+01   1.0246385e-02
   1.0055000e+01   1.0233380e-02
   1.0060000e+01   1.0220098e-02
   1.0065000e+01   1.0206561e-02
   1.0070000e+01   1.0192791e-02
   1.0075000e+01   1.0178784e-02
   1.0080000e+01   1.0164503e-02
   1.0085000e+01   1.0149889e-02
   1.0090000e+01   1.0134897e-02
   1.0095000e+01   1.0119528e-02
   1.0100000e+01   1.0103833e-02
   1.0105000e+01   1.0087870e-02
   1.0110000e+01   1.0071687e-02
   1.0115000e+01   1.0055312e-02
   1.0120000e+01   1.0038735e-02
   1.0125000e+01   1.0021906e-02
   1.0130000e+01   1.0004766e-02
   1.0135000e+01   9.9872922e-03
   1.0140000e+01   9.9695089e-03
   1.0145000e+01   9.9514511e-03
   1.0150000e+01   9.9331275e-03
   1.0155000e+01   9.9145219e-03
   1.0160000e+01   9.8956276e-03
   1.0165000e+01   9.8764541e-03
   1.0170000e+01   9.8569848e-03
   1.0175000e+01   9.8371738e-03
   1.0180000e+01   9.8170192e-03
   1.0185000e+01   9.7965883e-03
   1.0190000e+01   9.7759352e-03
   1.0195000e+01   9.7550350e-03
   1.0200000e+01   9.7338155e-03
   1.0205000e+01   9.7122357e-03
   1.0210000e+01   9.6903181e-03
   1.0215000e+01   9.6681139e-03
   1.0220000e+01   9.6456555e-03
   1.0225000e+01   9.6229379e-03
   1.0230000e+01   9.5999288e-03
   1.0235000e+01   9.5765990e-03
   1.0240000e+01   9.5529488e-03
   1.0245000e+01   9.5289915e-03
   1.0250000e+01   9.5047258e-03
   1.0255000e+01   9.4801559e-03
   1.0260000e+01   9.4553122e-03
   1.0265000e+01   9.4302290e-03
   1.0270000e+01   9.4049068e-03
   1.0275000e+01   9.3792894e-03
   1.0280000e+01   9.3532924e-03
   1.0285000e+01   9.3268784e-03
   1.0290000e+01   9.3000911e-03
   1.0295000e+01   9.2730135e-03
   1.0300000e+01   9.2457082e-03
   1.0305000e+01   9.2181896e-03
   1.0310000e+01   9.1904318e-03
   1.0315000e+01   9.1623933e-03
   1.0320000e+01   9.1340402e-03
   1.0325000e+01   9.1053491e-03
   1.0330000e+01   9.0762880e-03
   1.0335000e+01   9.0468228e-03
   1.0340000e+01   9.0169642e-03
   1.0345000e+01   8.9867844e-03
   1.0350000e+01   8.9563630e-03
   1.0355000e+01   8.9257171e-03
   1.0360000e+01   8.8947983e-03
   1.0365000e+01   8.8635654e-03
   1.0370000e+01   8.8320258e-03
   1.0375000e+01   8.8001959e-03
   1.0380000e+01   8.7680613e-03
   1.0385000e+01   8.7355912e-03
   1.0390000e+01   8.7027703e-03
   1.0395000e+01   8.6696025e-03
   1.0400000e+01   8.6360926e-03
   1.0405000e+01   8.6022543e-03
   1.0410000e+01   8.5681204e-03
   1.0415000e+01   8.5337101e-03
   1.0420000e+01   8.4990045e-03
   1.0425000e+01   8.4639706e-03
   1.0430000e+01   8.4285961e-03
   1.0435000e+01   8.3928994e-03
   1.0440000e+01   8.3569182e-03
   1.0445000e+01   8.3206820e-03
   1.0450000e+01   8.2841801e-03
   1.0455000e+01   8.2473644e-03
   1.0460000e+01   8.2101829e-03
   1.0465000e+01   8.1726060e-03
   1.0470000e+01   8.1346510e-03
   1.0475000e+01   8.0963824e-03
   1.0480000e+01   8.0578587e-03
   1.0485000e+01   8.0190801e-03
   1.0490000e+01   7.9799889e-03
   1.0495000e+01   7.9405210e-03
   1.0500000e+01   7.9006711e-03
   1.0505000e+01   7.8604846e-03
   1.0510000e+01   7.8199948e-03
   1.0515000e+01   7.7792182e-03
   1.0520000e+01   7.7381720e-03
   1.0525000e+01   7.6968381e-03
   1.0530000e+01   7.6551562e-03
   1.0535000e+01   7.6130922e-03
   1.0540000e+01   7.5706713e-03
   1.0545000e+01   7.5279461e-03
   1.0550000e+01   7.4849595e-03
   1.0555000e+01   7.4417182e-03
   1.0560000e+01   7.3981866e-03
   1.0565000e+01   7.3543059e-03
   1.0570000e+01   7.3100310e-03
   1.0575000e+01   7.2653576e-03
   1.0580000e+01   7.2203113e-03
   1.0585000e+01   7.1749243e-03
   1.0590000e+01   7.1292372e-03
   1.0595000e+01   7.0832938e-03
   1.0600000e+01   7.0371058e-03
   1.0605000e+01   6.9906261e-03
   1.0610000e+01   6.9437839e-03
   1.0615000e+01   6.8965514e-03
   1.0620000e+01   6.8489640e-03
   1.0625000e+01   6.8010708e-03
   1.0630000e+01   6.7528768e-03
   1.0635000e+01   6.7043518e-03
   1.0640000e+01   6.6554852e-03
   1.0645000e+01   6.6063089e-03
   1.0650000e+01   6.5568576e-03
   1.0655000e+01   6.5071220e-03
   1.0660000e+01   6.4570549e-03
   1.0665000e+01   6.4066089e-03
   1.0670000e+01   6.3557713e-03
   1.0675000e+01   6.3045773e-03
   1.0680000e+01   6.2530745e-03
   1.0685000e+01   6.2012744e-03
   1.0690000e+01   6.1491602e-03
   1.0695000e+01   6.0967273e-03
   1.0700000e+01   6.0439916e-03
   1.0705000e+01   5.9909708e-03
   1.0710000e+01   5.9376629e-03
   1.0715000e+01   5.8840350e-03
   1.0720000e+01   5.8300452e-03
   1.0725000e+01   5.7756645e-03
   1.0730000e+01   5.7208775e-03
   1.0735000e+01   5.6656951e-03
   1.0740000e+01   5.6101700e-03
   1.0745000e+01   5.5543637e-03
   1.0750000e+01   5.4982994e-03
   1.0755000e+01   5.4419686e-03
   1.0760000e+01   5.3853709e-03
   1.0765000e+01   5.3285134e-03
   1.0770000e+01   5.2713768e-03
   1.0775000e+01   5.2139087e-03
   1.0780000e+01   5.1560617e-03
   1.0785000e+01   5.0978198e-03
   1.0790000e+01   5.0391905e-03
   1.0795000e+01   4.9801985e-03
   1.0800000e+01   4.9208743e-03
   1.0805000e+01   4.8612349e-03
   1.0810000e+01   4.8012952e-03
   1.0815000e+01   4.7410848e-03
   1.0820000e+01   4.6806108e-03
   1.0825000e+01   4.6198264e-03
   1.0830000e+01   4.5586698e-03
   1.0835000e+01   4.4971215e-03
   1.0840000e+01   4.4352178e-03
   1.0845000e+01   4.3730189e-03
   1.0850000e+01   4.3105660e-03
   1.0855000e+01   4.2478634e-03
   1.0860000e+01   4.1848700e-03
   1.0865000e+01   4.1215091e-03
   1.0870000e+01   4.0577250e-03
   1.0875000e+01   3.9935210e-03
   1.0880000e+01   3.9289443e-03
   1.0885000e+01   3.8640611e-03
   1.0890000e+01   3.7989307e-03
   1.0895000e+01   3.7335717e-03
   1.0900000e+01   3.6679507e-03
   1.0905000e+01   3.6020116e-03
   1.0910000e+01   3.5357265e-03
   1.0915000e+01   3.4691131e-03
   1.0920000e+01   3.4022029e-03
   1.0925000e+01   3.3350053e-03
   1.0930000e+01   3.2674989e-03
   1.0935000e+01   3.1996462e-03
   1.0940000e+01   3.1314220e-03
   1.0945000e+01   3.0628445e-03
   1.0950000e+01   2.9939623e-03
   1.0955000e+01   2.9247922e-03
   1.0960000e+01   2.8552973e-03
   1.0965000e+01   2.7854423e-03
   1.0970000e+01   2.7152394e-03
   1.0975000e+01   2.6447302e-03
   1.0980000e+01   2.5739472e-03
   1.0985000e+01   2.5028941e-03
   1.0990000e+01   2.4315509e-03
   1.0995000e+01   2.3598989e-03
   1.1000000e+01   2.2879533e-03
   1.1005000e+01   2.2157561e-03
   1.1010000e+01   2.1433175e-03
   1.1015000e+01   2.0705884e-03
   1.1020000e+01   1.9974973e-03
   1.1025000e+01   1.9240013e-03
   1.1030000e+01   1.8501043e-03
   1.1035000e+01   1.7758453e-03
   1.1040000e+01   1.7012729e-03
   1.1045000e+01   1.6264248e-03
   1.1050000e+01   1.5513184e-03
   1.1055000e+01   1.4759544e-03
   1.1060000e+01   1.4003164e-03
   1.1065000e+01   1.3243701e-03
   1.1070000e+01   1.2480924e-03
   1.1075000e+01   1.1714950e-03
   1.1080000e+01   1.0945949e-03
   1.1085000e+01   1.0173828e-03
   1.1090000e+01   9.3983926e-04
   1.1095000e+01   8.6196285e-04
   1.1100000e+01   7.8377743e-04
   1.1105000e+01   7.0532142e-04
   1.1110000e+01   6.2663145e-04
   1.1115000e+01   5.4772251e-04
   1.1120000e+01   4.6856771e-04
   1.1125000e+01   3.8910851e-04
   1.1130000e+01   3.0929107e-04
   1.1135000e+01   2.2908180e-04
   1.1140000e+01   1.4847848e-04
   1.1145000e+01   6.7539850e-05
   1.1150000e+01  -1.3628031e-05
   1.1155000e+01  -9.4956907e-05
   1.1160000e+01  -1.7648203e-04
   1.1165000e+01  -2.5829912e-04
   1.1170000e+01  -3.4046390e-04
   1.1175000e+01  -4.2296739e-04
   1.1180000e+01  -5.0578461e-04
   1.1185000e+01  -5.8889371e-04
   1.1190000e+01  -6.7228090e-04
   1.1195000e+01  -7.5595669e-04
   1.1200000e+01  -8.3992715e-04
   1.1205000e+01  -9.2415908e-04
   1.1210000e+01  -1.0086178e-03
   1.1215000e+01  -1.0933228e-03
   1.1220000e+01  -1.1783325e-03
   1.1225000e+01  -1.2636813e-03
   1.1230000e+01  -1.3493505e-03
   1.1235000e+01  -1.4352987e-03
   1.1240000e+01  -1.5214941e-03
   1.1245000e+01  -1.6079193e-03
   1.1250000e+01  -1.6945751e-03
   1.1255000e+01  -1.7814845e-03
   1.1260000e+01  -1.8686912e-03
   1.1265000e+01  -1.9562536e-03
   1.1270000e+01  -2.0442015e-03
   1.1275000e+01  -2.1324836e-03
   1.1280000e+01  -2.2209963e-03
   1.1285000e+01  -2.3096724e-03
   1.1290000e+01  -2.3985206e-03
   1.1295000e+01  -2.4875986e-03
   1.1300000e+01  -2.5769598e-03
   1.1305000e+01  -2.6666143e-03
   1.1310000e+01  -2.7565438e-03
   1.1315000e+01  -2.8467448e-03
   1.1320000e+01  -2.9372343e-03
   1.1325000e+01  -3.0280286e-03
   1.1330000e+01  -3.1191201e-03
   1.1335000e+01  -3.2104757e-03
   1.1340000e+01  -3.3020781e-03
   1.1345000e+01  -3.3939355e-03
   1.1350000e+01  -3.4860263e-03
   1.1355000e+01  -3.5782995e-03
   1.1360000e+01  -3.6707507e-03
   1.1365000e+01  -3.7634380e-03
   1.1370000e+01  -3.8564151e-03
   1.1375000e+01  -3.9496963e-03
   1.1380000e+01  -4.0432750e-03
   1.1385000e+01  -4.1371360e-03
   1.1390000e+01  -4.2312636e-03
   1.1395000e+01  -4.3256548e-03
   1.1400000e+01  -4.4203031e-03
   1.1405000e+01  -4.5151716e-03
   1.1410000e+01  -4.6102141e-03
   1.1415000e+01  -4.7054150e-03
   1.1420000e+01  -4.8007913e-03
   1.1425000e+01  -4.8963738e-03
   1.1430000e+01  -4.9922052e-03
   1.1435000e+01  -5.0883306e-03
   1.1440000e+01  -5.1847679e-03
   1.1445000e+01  -5.2814982e-03
   1.1450000e+01  -5.3784882e-03
   1.1455000e+01  -5.4757029e-03
   1.1460000e+01  -5.5731138e-03
   1.1465000e+01  -5.6707118e-03
   1.1470000e+01  -5.7684982e-03
   1.1475000e+01  -5.8664738e-03
   1.1480000e+01  -5.9646517e-03
   1.1485000e+01  -6.0630672e-03
   1.1490000e+01  -6.1617597e-03
   1.1495000e+01  -6.2607363e-03
   1.1500000e+01  -6.3599641e-03
   1.1505000e+01  -6.4593972e-03
   1.1510000e+01  -6.5589922e-03
   1.1515000e+01  -6.6587274e-03
   1.1520000e+01  -6.7586311e-03
   1.1525000e+01  -6.8587562e-03
   1.1530000e+01  -6.9591197e-03
   1.1535000e+01  -7.0597098e-03
   1.1540000e+01  -7.1605255e-03
   1.1545000e+01  -7.2615658e-03
   1.1550000e+01  -7.3628093e-03
   1.1555000e+01  -7.4642316e-03
   1.1560000e+01  -7.5658297e-03
   1.1565000e+01  -7.6676249e-03
   1.1570000e+01  -7.7696407e-03
   1.1575000e+01  -7.8718682e-03
   1.1580000e+01  -7.9742714e-03
   1.1585000e+01  -8.0768335e-03
   1.1590000e+01  -8.1795676e-03
   1.1595000e+01  -8.2824858e-03
   1.1600000e+01  -8.3855883e-03
   1.1605000e+01  -8.4888737e-03
   1.1610000e+01  -8.5923461e-03
   1.1615000e+01  -8.6960138e-03
   1.1620000e+01  -8.7998848e-03
   1.1625000e+01  -8.9039623e-03
   1.1630000e+01  -9.0082440e-03
   1.1635000e+01  -9.1127227e-03
   1.1640000e+01  -9.2173807e-03
   1.1645000e+01  -9.3221827e-03
   1.1650000e+01  -9.4271004e-03
   1.1655000e+01  -9.5321456e-03
   1.1660000e+01  -9.6373588e-03
   1.1665000e+01  -9.7427661e-03
   1.1670000e+01  -9.8483496e-03
   1.1675000e+01  -9.9540709e-03
   1.1680000e+01  -1.0059917e-02
   1.1685000e+01  -1.0165905e-02
   1.1690000e+01  -1.0272056e-02
   1.1695000e+01  -1.0378386e-02
   1.1700000e+01  -1.0484909e-02
   1.1705000e+01  -1.0591626e-02
   1.1710000e+01  -1.0698504e-02
   1.1715000e+01  -1.0805509e-02
   1.1720000e+01  -1.0912617e-02
   1.1725000e+01  -1.1019804e-02
   1.1730000e+01  -1.1127072e-02
   1.1735000e+01  -1.1234464e-02
   1.1740000e+01  -1.1342023e-02
   1.1745000e+01  -1.1449774e-02
   1.1750000e+01  -1.1557726e-02
   1.1755000e+01  -1.1665881e-02
   1.1760000e+01  -1.1774203e-02
   1.1765000e+01  -1.1882637e-02
   1.1770000e+01  -1.1991145e-02
   1.1775000e+01  -1.2099715e-02
   1.1780000e+01  -1.2208350e-02
   1.1785000e+01  -1.2317055e-02
   1.1790000e+01  -1.2425854e-02
   1.1795000e+01  -1.2534787e-02
   1.1800000e+01  -1.2643887e-02
   1.1805000e+01  -1.2753173e-02
   1.1810000e+01  -1.2862641e-02
   1.1815000e+01  -1.2972246e-02
   1.1820000e+01  -1.3081921e-02
   1.1825000e+01  -1.3191643e-02
   1.1830000e+01  -1.3301417e-02
   1.1835000e+01  -1.3411238e-02
   1.1840000e+01  -1.3521105e-02
   1.1845000e+01  -1.3631065e-02
   1.1850000e+01  -1.3741179e-02
   1.1855000e+01  -1.3851452e-02
   1.1860000e+01  -1.3961832e-02
   1.1865000e+01  -1.4072287e-02
   1.1870000e+01  -1.4182822e-02
   1.1875000e+01  -1.4293450e-02
   1.1880000e+01  -1.4404160e-02
   1.1885000e+01  -1.4514936e-02
   1.1890000e+01  -1.4625771e-02
   1.1895000e+01  -1.4736662e-02
   1.1900000e+01  -1.4847614e-02
   1.1905000e+01  -1.4958634e-02
   1.1910000e+01  -1.5069723e-02
   1.1915000e+01  -1.5180874e-02
   1.1920000e+01  -1.5292086e-02
   1.1925000e+01  -1.5403346e-02
   1.1930000e+01  -1.5514647e-02
   1.1935000e+01  -1.5625994e-02
   1.1940000e+01  -1.5737408e-02
   1.1945000e+01  -1.5848903e-02
   1.1950000e+01  -1.5960471e-02
   1.1955000e+01  -1.6072086e-02
   1.1960000e+01  -1.6183735e-02
   1.1965000e+01  -1.6295418e-02
   1.1970000e+01  -1.6407145e-02
   1.1975000e+01  -1.6518907e-02
   1.1980000e+01  -1.6630685e-02
   1.1985000e+01  -1.6742470e-02
   1.1990000e+01  -1.6854267e-02
   1.1995000e+01  -1.6966086e-02
   1.2000000e+01  -1.7077927e-02
   1.2005000e+01  -1.7189803e-02
   1.2010000e+01  -1.7301744e-02
   1.2015000e+01  -1.7413732e-02
   1.2020000e+01  -1.7525703e-02
   1.2025000e+01  -1.7637616e-02
   1.2030000e+01  -1.7749501e-02
   1.2035000e+01  -1.7861414e-02
   1.2040000e+01  -1.7973381e-02
   1.2045000e+01  -1.8085389e-02
   1.2050000e+01  -1.8197425e-02
   1.2055000e+01  -1.8309481e-02
   1.2060000e+01  -1.8421530e-02
   1.2065000e+01  -1.8533543e-02
   1.2070000e+01  -1.8645520e-02
   1.2075000e+01  -1.8757479e-02
   1.2080000e+01  -1.8869414e-02
   1.2085000e+01  -1.8981309e-02
   1.2090000e+01  -1.9093165e-02
   1.2095000e+01  -1.9204990e-02
   1.2100000e+01  -1.9316784e-02
   1.2105000e+01  -1.9428550e-02
   1.2110000e+01  -1.9540309e-02
   1.2115000e+01  -1.9652064e-02
   1.2120000e+01  -1.9763797e-02
   1.2125000e+01  -1.9875496e-02
   1.2130000e+01  -1.9987152e-02
   1.2135000e+01  -2.0098744e-02
   1.2140000e+01  -2.0210276e-02
   1.2145000e+01  -2.0321799e-02
   1.2150000e+01  -2.0433368e-02
   1.2155000e+01  -2.0544967e-02
   1.2160000e+01  -2.0656499e-02
   1.2165000e+01  -2.0767859e-02
   1.2170000e+01  -2.0879010e-02
   1.2175000e+01  -2.0989981e-02
   1.2180000e+01  -2.1100836e-02
   1.2185000e+01  -2.1211649e-02
   1.2190000e+01  -2.1322483e-02
   1.2195000e+01  -2.1433352e-02
   1.2200000e+01  -2.1544203e-02
   1.2205000e+01  -2.1654971e-02
   1.2210000e+01  -2.1765624e-02
   1.2215000e+01  -2.1876149e-02
   1.2220000e+01  -2.1986556e-02
   1.2225000e+01  -2.2096871e-02
   1.2230000e+01  -2.2207097e-02
   1.2235000e+01  -2.2317205e-02
   1.2240000e+01  -2.2427184e-02
   1.2245000e+01  -2.2537060e-02
   1.2250000e+01  -2.2646888e-02
   1.2255000e+01  -2.2756686e-02
   1.2260000e+01  -2.2866415e-02
   1.2265000e+01  -2.2976019e-02
   1.2270000e+01  -2.3085463e-02
   1.2275000e+01  -2.3194731e-02
   1.2280000e+01  -2.3303828e-02
   1.2285000e+01  -2.3412776e-02
   1.2290000e+01  -2.3521585e-02
   1.2295000e+01  -2.3630266e-02
   1.2300000e+01  -2.3738854e-02
   1.2305000e+01  -2.3847376e-02
   1.2310000e+01  -2.3955796e-02
   1.2315000e+01  -2.4064037e-02
   1.2320000e+01  -2.4172052e-02
   1.2325000e+01  -2.4279857e-02
   1.2330000e+01  -2.4387511e-02
   1.2335000e+01  -2.4495063e-02
   1.2340000e+01  -2.4602514e-02
   1.2345000e+01  -2.4709837e-02
   1.2350000e+01  -2.4816992e-02
   1.2355000e+01  -2.4923938e-02
   1.2360000e+01  -2.5030658e-02
   1.2365000e+01  -2.5137150e-02
   1.2370000e+01  -2.5243418e-02
   1.2375000e+01  -2.5349479e-02
   1.2380000e+01  -2.5455372e-02
   1.2385000e+01  -2.5561141e-02
   1.2390000e+01  -2.5666794e-02
   1.2395000e+01  -2.5772298e-02
   1.2400000e+01  -2.5877617e-02
   1.2405000e+01  -2.5982734e-02
   1.2410000e+01  -2.6087633e-02
   1.2415000e+01  -2.6192271e-02
   1.2420000e+01  -2.6296625e-02
   1.2425000e+01  -2.6400727e-02
   1.2430000e+01  -2.6504628e-02
   1.2435000e+01  -2.6608364e-02
   1.2440000e+01  -2.6711962e-02
   1.2445000e+01  -2.6815436e-02
   1.2450000e+01  -2.6918745e-02
   1.2455000e+01  -2.7021807e-02
   1.2460000e+01  -2.7124560e-02
   1.2465000e+01  -2.7226997e-02
   1.2470000e+01  -2.7329139e-02
   1.2475000e+01  -2.7431003e-02
   1.2480000e+01  -2.7532608e-02
   1.2485000e+01  -2.7633984e-02
   1.2490000e+01  -2.7735159e-02
   1.2495000e+01  -2.7836134e-02
   1.2500000e+01  -2.7936872e-02
   1.2505000e+01  -2.8037339e-02
   1.2510000e+01  -2.8137522e-02
   1.2515000e+01  -2.8237417e-02
   1.2520000e+01  -2.8337012e-02
   1.2525000e+01  -2.8436306e-02
   1.2530000e+01  -2.8535322e-02
   1.2535000e+01  -2.8634091e-02
   1.2540000e+01  -2.8732621e-02
   1.2545000e+01  -2.8830886e-02
   1.2550000e+01  -2.8928852e-02
   1.2555000e+01  -2.9026510e-02
   1.2560000e+01  -2.9123852e-02
   1.2565000e+01  -2.9220865e-02
   1.2570000e+01  -2.9317546e-02
   1.2575000e+01  -2.9413916e-02
   1.2580000e+01  -2.9510009e-02
   1.2585000e+01  -2.9605835e-02
   1.2590000e+01  -2.9701365e-02
   1.2595000e+01  -2.9796561e-02
   1.2600000e+01  -2.9891384e-02
   1.2605000e+01  -2.9985816e-02
   1.2610000e+01  -3.0079886e-02
   1.2615000e+01  -3.0173659e-02
   1.2620000e+01  -3.0267177e-02
   1.2625000e+01  -3.0360444e-02
   1.2630000e+01  -3.0453417e-02
   1.2635000e+01  -3.0546023e-02
   1.2640000e+01  -3.0638185e-02
   1.2645000e+01  -3.0729865e-02
   1.2650000e+01  -3.0821110e-02
   1.2655000e+01  -3.0912033e-02
   1.2660000e+01  -3.1002721e-02
   1.2665000e+01  -3.1093151e-02
   1.2670000e+01  -3.1183219e-02
   1.2675000e+01  -3.1272836e-02
   1.2680000e+01  -3.1361986e-02
   1.2685000e+01  -3.1450721e-02
   1.2690000e+01  -3.1539129e-02
   1.2695000e+01  -3.1627272e-02
   1.2700000e+01  -3.1715141e-02
   1.2705000e+01  -3.1802642e-02
   1.2710000e+01  -3.1889656e-02
   1.2715000e+01  -3.1976119e-02
   1.2720000e+01  -3.2062063e-02
   1.2725000e+01  -3.2147574e-02
   1.2730000e+01  -3.2232720e-02
   1.2735000e+01  -3.2317517e-02
   1.2740000e+01  -3.2401941e-02
   1.2745000e+01  -3.2485945e-02
   1.2750000e+01  -3.2569495e-02
   1.2755000e+01  -3.2652607e-02
   1.2760000e+01  -3.2735326e-02
   1.2765000e+01  -3.2817672e-02
   1.2770000e+01  -3.2899632e-02
   1.2775000e+01  -3.2981176e-02
   1.2780000e+01  -3.3062264e-02
   1.2785000e+01  -3.3142864e-02
   1.2790000e+01  -3.3222973e-02
   1.2795000e+01  -3.3302589e-02
   1.2800000e+01  -3.3381726e-02
   1.2805000e+01  -3.3460427e-02
   1.2810000e+01  -3.3538702e-02
   1.2815000e+01  -3.3616512e-02
   1.2820000e+01  -3.3693829e-02
   1.2825000e+01  -3.3770670e-02
   1.2830000e+01  -3.3847064e-02
   1.2835000e+01  -3.3923005e-02
   1.2840000e+01  -3.3998440e-02
   1.2845000e+01  -3.4073324e-02
   1.2850000e+01  -3.4147669e-02
   1.2855000e+01  -3.4221523e-02
   1.2860000e+01  -3.4294928e-02
   1.2865000e+01  -3.4367893e-02
   1.2870000e+01  -3.4440395e-02
   1.2875000e+01  -3.4512390e-02
   1.2880000e+01  -3.4583827e-02
   1.2885000e+01  -3.4654672e-02
   1.2890000e+01  -3.4724929e-02
   1.2895000e+01  -3.4794657e-02
   1.2900000e+01  -3.4863927e-02
   1.2905000e+01  -3.4932765e-02
   1.2910000e+01  -3.5001139e-02
   1.2915000e+01  -3.5068970e-02
   1.2920000e+01  -3.5136185e-02
   1.2925000e+01  -3.5202762e-02
   1.2930000e+01  -3.5268749e-02
   1.2935000e+01  -3.5334217e-02
   1.2940000e+01  -3.5399205e-02
   1.2945000e+01  -3.5463691e-02
   1.2950000e+01  -3.5527617e-02
   1.2955000e+01  -3.5590928e-02
   1.2960000e+01  -3.5653612e-02
   1.2965000e+01  -3.5715695e-02
   1.2970000e+01  -3.5777216e-02
   1.2975000e+01  -3.5838192e-02
   1.2980000e+01  -3.5898617e-02
   1.2985000e+01  -3.5958480e-02
   1.2990000e+01  -3.6017773e-02
   1.2995000e+01  -3.6076480e-02
   1.3000000e+01  -3.6134579e-02
   1.3005000e+01  -3.6192048e-02
   1.3010000e+01  -3.6248876e-02
   1.3015000e+01  -3.6305077e-02
   1.3020000e+01  -3.6360677e-02
   1.3025000e+01  -3.6415697e-02
   1.3030000e+01  -3.6470144e-02
   1.3035000e+01  -3.6524003e-02
   1.3040000e+01  -3.6577251e-02
   1.3045000e+01  -3.6629850e-02
   1.3050000e+01  -3.6681766e-02
   1.3055000e+01  -3.6732983e-02
   1.3060000e+01  -3.6783524e-02
   1.3065000e+01  -3.6833440e-02
   1.3070000e+01  -3.6882782e-02
   1.3075000e+01  -3.6931559e-02
   1.3080000e+01  -3.6979726e-02
   1.3085000e+01  -3.7027220e-02
   1.3090000e+01  -3.7074005e-02
   1.3095000e+01  -3.7120098e-02
   1.3100000e+01  -3.7165535e-02
   1.3105000e+01  -3.7210322e-02
   1.3110000e+01  -3.7254429e-02
   1.3115000e+01  -3.7297827e-02
   1.3120000e+01  -3.7340519e-02
   1.3125000e+01  -3.7382525e-02
   1.3130000e+01  -3.7423851e-02
   1.3135000e+01  -3.7464496e-02
   1.3140000e+01  -3.7504483e-02
   1.3145000e+01  -3.7543841e-02
   1.3150000e+01  -3.7582551e-02
   1.3155000e+01  -3.7620550e-02
   1.3160000e+01  -3.7657782e-02
   1.3165000e+01  -3.7694223e-02
   1.3170000e+01  -3.7729895e-02
   1.3175000e+01  -3.7764848e-02
   1.3180000e+01  -3.7799118e-02
   1.3185000e+01  -3.7832702e-02
   1.3190000e+01  -3.7865589e-02
   1.3195000e+01  -3.7897778e-02
   1.3200000e+01  -3.7929272e-02
   1.3205000e+01  -3.7960074e-02
   1.3210000e+01  -3.7990167e-02
   1.3215000e+01  -3.8019499e-02
   1.3220000e+01  -3.8048025e-02
   1.3225000e+01  -3.8075716e-02
   1.3230000e+01  -3.8102556e-02
   1.3235000e+01  -3.8128567e-02
   1.3240000e+01  -3.8153841e-02
   1.3245000e+01  -3.8178481e-02
   1.3250000e+01  -3.8202514e-02
   1.3255000e+01  -3.8225859e-02
   1.3260000e+01  -3.8248389e-02
   1.3265000e+01  -3.8270019e-02
   1.3270000e+01  -3.8290760e-02
   1.3275000e+01  -3.8310693e-02
   1.3280000e+01  -3.8329889e-02
   1.3285000e+01  -3.8348371e-02
   1.3290000e+01  -3.8366137e-02
   1.3295000e+01  -3.8383178e-02
   1.3300000e+01  -3.8399466e-02
   1.3305000e+01  -3.8414943e-02
   1.3310000e+01  -3.8429533e-02
   1.3315000e+01  -3.8443185e-02
   1.3320000e+01  -3.8455903e-02
   1.3325000e+01  -3.8467745e-02
   1.3330000e+01  -3.8478810e-02
   1.3335000e+01  -3.8489201e-02
   1.3340000e+01  -3.8498937e-02
   1.3345000e+01  -3.8507924e-02
   1.3350000e+01  -3.8516015e-02
   1.3355000e+01  -3.8523140e-02
   1.3360000e+01  -3.8529344e-02
   1.3365000e+01  -3.8534702e-02
   1.3370000e+01  -3.8539237e-02
   1.3375000e+01  -3.8542931e-02
   1.3380000e+01  -3.8545783e-02
   1.3385000e+01  -3.8547800e-02
   1.3390000e+01  -3.8548975e-02
   1.3395000e+01  -3.8549295e-02
   1.3400000e+01  -3.8548737e-02
   1.3405000e+01  -3.8547285e-02
   1.3410000e+01  -3.8544967e-02
   1.3415000e+01  -3.8541834e-02
   1.3420000e+01  -3.8537894e-02
   1.3425000e+01  -3.8533097e-02
   1.3430000e+01  -3.8527370e-02
   1.3435000e+01  -3.8520671e-02
   1.3440000e+01  -3.8513039e-02
   1.3445000e+01  -3.8504562e-02
   1.3450000e+01  -3.8495290e-02
   1.3455000e+01  -3.8485200e-02
   1.3460000e+01  -3.8474217e-02
   1.3465000e+01  -3.8462250e-02
   1.3470000e+01  -3.8449253e-02
   1.3475000e+01  -3.8435276e-02
   1.3480000e+01  -3.8420437e-02
   1.3485000e+01  -3.8404805e-02
   1.3490000e+01  -3.8388346e-02
   1.3495000e+01  -3.8370954e-02
   1.3500000e+01  -3.8352561e-02
   1.3505000e+01  -3.8333177e-02
   1.3510000e+01  -3.8312843e-02
   1.3515000e+01  -3.8291574e-02
   1.3520000e+01  -3.8269367e-02
   1.3525000e+01  -3.8246241e-02
   1.3530000e+01  -3.8222228e-02
   1.3535000e+01  -3.8197329e-02
   1.3540000e+01  -3.8171499e-02
   1.3545000e+01  -3.8144695e-02
   1.3550000e+01  -3.8116896e-02
   1.3555000e+01  -3.8088104e-02
   1.3560000e+01  -3.8058343e-02
   1.3565000e+01  -3.8027641e-02
   1.3570000e+01  -3.7996009e-02
   1.3575000e+01  -3.7963421e-02
   1.3580000e+01  -3.7929833e-02
   1.3585000e+01  -3.7895237e-02
   1.3590000e+01  -3.7859695e-02
   1.3595000e+01  -3.7823285e-02
   1.3600000e+01  -3.7786020e-02
   1.3605000e+01  -3.7747814e-02
   1.3610000e+01  -3.7708544e-02
   1.3615000e+01  -3.7668124e-02
   1.3620000e+01  -3.7626537e-02
   1.3625000e+01  -3.7583832e-02
   1.3630000e+01  -3.7540115e-02
   1.3635000e+01  -3.7495531e-02
   1.3640000e+01  -3.7450197e-02
   1.3645000e+01  -3.7404108e-02
   1.3650000e+01  -3.7357113e-02
   1.3655000e+01  -3.7309002e-02
   1.3660000e+01  -3.7259633e-02
   1.3665000e+01  -3.7209001e-02
   1.3670000e+01  -3.7157234e-02
   1.3675000e+01  -3.7104508e-02
   1.3680000e+01  -3.7050934e-02
   1.3685000e+01  -3.6996502e-02
   1.3690000e+01  -3.6941122e-02
   1.3695000e+01  -3.6884681e-02
   1.3700000e+01  -3.6827100e-02
   1.3705000e+01  -3.6768398e-02
   1.3710000e+01  -3.6708668e-02
   1.3715000e+01  -3.6647971e-02
   1.3720000e+01  -3.6586277e-02
   1.3725000e+01  -3.6523517e-02
   1.3730000e+01  -3.6459663e-02
   1.3735000e+01  -3.6394741e-02
   1.3740000e+01  -3.6328781e-02
   1.3745000e+01  -3.6261773e-02
   1.3750000e+01  -3.6193675e-02
   1.3755000e+01  -3.6124473e-02
   1.3760000e+01  -3.6054211e-02
   1.3765000e+01  -3.5982960e-02
   1.3770000e+01  -3.5910740e-02
   1.3775000e+01  -3.5837502e-02
   1.3780000e+01  -3.5763185e-02
   1.3785000e+01  -3.5687752e-02
   1.3790000e+01  -3.5611184e-02
   1.3795000e+01  -3.5533486e-02
   1.3800000e+01  -3.5454700e-02
   1.3805000e+01  -3.5374882e-02
   1.3810000e+01  -3.5294043e-02
   1.3815000e+01  -3.5212130e-02
   1.3820000e+01  -3.5129074e-02
   1.3825000e+01  -3.5044872e-02
   1.3830000e+01  -3.4959610e-02
   1.3835000e+01  -3.4873345e-02
   1.3840000e+01  -3.4786026e-02
   1.3845000e+01  -3.4697549e-02
   1.3850000e+01  -3.4607850e-02
   1.3855000e+01  -3.4516936e-02
   1.3860000e+01  -3.4424880e-02
   1.3865000e+01  -3.4331804e-02
   1.3870000e+01  -3.4237812e-02
   1.3875000e+01  -3.4142892e-02
   1.3880000e+01  -3.4046905e-02
   1.3885000e+01  -3.3949683e-02
   1.3890000e+01  -3.3851147e-02
   1.3895000e+01  -3.3751336e-02
   1.3900000e+01  -3.3650376e-02
   1.3905000e+01  -3.3548402e-02
   1.3910000e+01  -3.3445469e-02
   1.3915000e+01  -3.3341523e-02
   1.3920000e+01  -3.3236462e-02
   1.3925000e+01  -3.3130214e-02
   1.3930000e+01  -3.3022756e-02
   1.3935000e+01  -3.2914103e-02
   1.3940000e+01  -3.2804294e-02
   1.3945000e+01  -3.2693391e-02
   1.3950000e+01  -3.2581433e-02
   1.3955000e+01  -3.2468402e-02
   1.3960000e+01  -3.2354231e-02
   1.3965000e+01  -3.2238860e-02
   1.3970000e+01  -3.2122295e-02
   1.3975000e+01  -3.2004595e-02
   1.3980000e+01  -3.1885797e-02
   1.3985000e+01  -3.1765892e-02
   1.3990000e+01  -3.1644855e-02
   1.3995000e+01  -3.1522657e-02
   1.4000000e+01  -3.1399262e-02
   1.4005000e+01  -3.1274631e-02
   1.4010000e+01  -3.1148754e-02
   1.4015000e+01  -3.1021664e-02
   1.4020000e+01  -3.0893462e-02
   1.4025000e+01  -3.0764255e-02
   1.4030000e+01  -3.0634052e-02
   1.4035000e+01  -3.0502735e-02
   1.4040000e+01  -3.0370165e-02
   1.4045000e+01  -3.0236295e-02
   1.4050000e+01  -3.0101175e-02
   1.4055000e+01  -2.9964877e-02
   1.4060000e+01  -2.9827427e-02
   1.4065000e+01  -2.9688817e-02
   1.4070000e+01  -2.9549060e-02
   1.4075000e+01  -2.9408210e-02
   1.4080000e+01  -2.9266286e-02
   1.4085000e+01  -2.9123225e-02
   1.4090000e+01  -2.8978934e-02
   1.4095000e+01  -2.8833369e-02
   1.4100000e+01  -2.8686564e-02
   1.4105000e+01  -2.8538600e-02
   1.4110000e+01  -2.8389556e-02
   1.4115000e+01  -2.8239454e-02
   1.4120000e+01  -2.8088218e-02
   1.4125000e+01  -2.7935715e-02
   1.4130000e+01  -2.7781853e-02
   1.4135000e+01  -2.7626658e-02
   1.4140000e+01  -2.7470224e-02
   1.4145000e+01  -2.7312615e-02
   1.4150000e+01  -2.7153949e-02
   1.4155000e+01  -2.6994426e-02
   1.4160000e+01  -2.6834046e-02
   1.4165000e+01  -2.6672466e-02
   1.4170000e+01  -2.6509307e-02
   1.4175000e+01  -2.6344487e-02
   1.4180000e+01  -2.6178270e-02
   1.4185000e+01  -2.6011098e-02
   1.4190000e+01  -2.5843289e-02
   1.4195000e+01  -2.5674725e-02
   1.4200000e+01  -2.5504886e-02
   1.4205000e+01  -2.5333296e-02
   1.4210000e+01  -2.5159895e-02
   1.4215000e+01  -2.4985048e-02
   1.4220000e+01  -2.4809307e-02
   1.4225000e+01  -2.4633067e-02
   1.4230000e+01  -2.4456229e-02
   1.4235000e+01  -2.4278254e-02
   1.4240000e+01  -2.4098636e-02
   1.4245000e+01  -2.3917285e-02
   1.4250000e+01  -2.3734552e-02
   1.4255000e+01  -2.3550903e-02
   1.4260000e+01  -2.3366472e-02
   1.4265000e+01  -2.3180960e-02
   1.4270000e+01  -2.2994005e-02
   1.4275000e+01  -2.2805550e-02
   1.4280000e+01  -2.2615810e-02
   1.4285000e+01  -2.2424908e-02
   1.4290000e+01  -2.2232709e-02
   1.4295000e+01  -2.2039061e-02
   1.4300000e+01  -2.1844058e-02
   1.4305000e+01  -2.1648059e-02
   1.4310000e+01  -2.1451431e-02
   1.4315000e+01  -2.1254191e-02
   1.4320000e+01  -2.1055958e-02
   1.4325000e+01  -2.0856260e-02
   1.4330000e+01  -2.0654792e-02
   1.4335000e+01  -2.0451681e-02
   1.4340000e+01  -2.0247519e-02
   1.4345000e+01  -2.0042759e-02
   1.4350000e+01  -1.9837111e-02
   1.4355000e+01  -1.9629864e-02
   1.4360000e+01  -1.9420722e-02
   1.4365000e+01  -1.9210021e-02
   1.4370000e+01  -1.8998302e-02
   1.4375000e+01  -1.8785915e-02
   1.4380000e+01  -1.8572799e-02
   1.4385000e+01  -1.8358562e-02
   1.4390000e+01  -1.8142893e-02
   1.4395000e+01  -1.7925794e-02
   1.4400000e+01  -1.7707359e-02
   1.4405000e+01  -1.7487595e-02
   1.4410000e+01  -1.7266558e-02
   1.4415000e+01  -1.7044518e-02
   1.4420000e+01  -1.6821830e-02
   1.4425000e+01  -1.6598590e-02
   1.4430000e+01  -1.6374463e-02
   1.4435000e+01  -1.6148824e-02
   1.4440000e+01  -1.5921133e-02
   1.4445000e+01  -1.5691339e-02
   1.4450000e+01  -1.5459977e-02
   1.4455000e+01  -1.5227815e-02
   1.4460000e+01  -1.4995291e-02
   1.4465000e+01  -1.4762228e-02
   1.4470000e+01  -1.4527995e-02
   1.4475000e+01  -1.4291944e-02
   1.4480000e+01  -1.4053909e-02
   1.4485000e+01  -1.3814352e-02
   1.4490000e+01  -1.3574023e-02
   1.4495000e+01  -1.3333384e-02
   1.4500000e+01  -1.3092296e-02
   1.4505000e+01  -1.2850153e-02
   1.4510000e+01  -1.2606322e-02
   1.4515000e+01  -1.2360543e-02
   1.4520000e+01  -1.2112912e-02
   1.4525000e+01  -1.1863688e-02
   1.4530000e+01  -1.1613286e-02
   1.4535000e+01  -1.1362275e-02
   1.4540000e+01  -1.1111165e-02
   1.4545000e+01  -1.0859973e-02
   1.4550000e+01  -1.0608018e-02
   1.4555000e+01  -1.0354368e-02
   1.4560000e+01  -1.0098587e-02
   1.4565000e+01  -9.8409684e-03
   1.4570000e+01  -9.5820975e-03
   1.4575000e+01  -9.3224226e-03
   1.4580000e+01  -9.0621557e-03
   1.4585000e+01  -8.8011527e-03
   1.4590000e+01  -8.5388271e-03
   1.4595000e+01  -8.2746165e-03
   1.4600000e+01  -8.0086642e-03
   1.4605000e+01  -7.7416872e-03
   1.4610000e+01  -7.4741773e-03
   1.4615000e+01  -7.2060070e-03
   1.4620000e+01  -6.9366421e-03
   1.4625000e+01  -6.6656045e-03
   1.4630000e+01  -6.3928261e-03
   1.4635000e+01  -6.1185619e-03
   1.4640000e+01  -5.8431579e-03
   1.4645000e+01  -5.5669532e-03
   1.4650000e+01  -5.2901269e-03
   1.4655000e+01  -5.0126613e-03
   1.4660000e+01  -4.7344986e-03
   1.4665000e+01  -4.4554759e-03
   1.4670000e+01  -4.1751544e-03
   1.4675000e+01  -3.8930700e-03
   1.4680000e+01  -3.6091412e-03
   1.4685000e+01  -3.3236489e-03
   1.4690000e+01  -3.0370159e-03
   1.4695000e+01  -2.7496781e-03
   1.4700000e+01  -2.4618065e-03
   1.4705000e+01  -2.1730674e-03
   1.4710000e+01  -1.8829265e-03
   1.4715000e+01  -1.5912470e-03
   1.4720000e+01  -1.2984537e-03
   1.4725000e+01  -1.0050323e-03
   1.4730000e+01  -7.1098358e-04
   1.4735000e+01  -4.1594239e-04
   1.4740000e+01  -1.1966265e-04
   1.4745000e+01   1.7792295e-04
   1.4750000e+01   4.7695831e-04
   1.4755000e+01   7.7758056e-04
   1.4760000e+01   1.0795584e-03
   1.4765000e+01   1.3822661e-03
   1.4770000e+01   1.6851978e-03
   1.4775000e+01   1.9884471e-03
   1.4780000e+01   2.2925879e-03
   1.4785000e+01   2.5982194e-03
   1.4790000e+01   2.9055598e-03
   1.4795000e+01   3.2143857e-03
   1.4800000e+01   3.5244921e-03
   1.4805000e+01   3.8359602e-03
   1.4810000e+01   4.1488645e-03
   1.4815000e+01   4.4630717e-03
   1.4820000e+01   4.7782609e-03
   1.4825000e+01   5.0939763e-03
   1.4830000e+01   5.4099360e-03
   1.4835000e+01   5.7263432e-03
   1.4840000e+01   6.0436408e-03
   1.4845000e+01   6.3620228e-03
   1.4850000e+01   6.6814385e-03
   1.4855000e+01   7.0019215e-03
   1.4860000e+01   7.3236364e-03
   1.4865000e+01   7.6467030e-03
   1.4870000e+01   7.9710048e-03
   1.4875000e+01   8.2962038e-03
   1.4880000e+01   8.6221560e-03
   1.4885000e+01   8.9490805e-03
   1.4890000e+01   9.2771755e-03
   1.4895000e+01   9.6064593e-03
   1.4900000e+01   9.9369681e-03
   1.4905000e+01   1.0268690e-02
   1.4910000e+01   1.0601344e-02
   1.4915000e+01   1.0934572e-02
   1.4920000e+01   1.1268414e-02
   1.4925000e+01   1.1603380e-02
   1.4930000e+01   1.1939942e-02
   1.4935000e+01   1.2278017e-02
   1.4940000e+01   1.2617050e-02
   1.4945000e+01   1.2956441e-02
   1.4950000e+01   1.3295944e-02
   1.4955000e+01   1.3635825e-02
   1.4960000e+01   1.3976594e-02
   1.4965000e+01   1.4318598e-02
   1.4970000e+01   1.4661854e-02
   1.4975000e+01   1.5006194e-02
   1.4980000e+01   1.5351546e-02
   1.4985000e+01   1.5697939e-02
   1.4990000e+01   1.6045433e-02
   1.4995000e+01   1.6394147e-02
   1.5000000e+01   1.6744067e-02
   1.5005000e+01   1.7094811e-02
   1.5010000e+01   1.7445878e-02
   1.5015000e+01   1.7797182e-02
   1.5020000e+01   1.8149172e-02
   1.5025000e+01   1.8502407e-02
   1.5030000e+01   1.8857194e-02
   1.5035000e+01   1.9213585e-02
   1.5040000e+01   1.9571407e-02
   1.5045000e+01   1.9930282e-02
   1.5050000e+01   2.0289755e-02
   1.5055000e+01   2.0649445e-02
   1.5060000e+01   2.1009134e-02
   1.5065000e+01   2.1368859e-02
   1.5070000e+01   2.1728942e-02
   1.5075000e+01   2.2089854e-02
   1.5080000e+01   2.2452110e-02
   1.5085000e+01   2.2816049e-02
   1.5090000e+01   2.3181482e-02
   1.5095000e+01   2.3547813e-02
   1.5100000e+01   2.3914639e-02
   1.5105000e+01   2.4282030e-02
   1.5110000e+01   2.4650254e-02
   1.5115000e+01   2.5019495e-02
   1.5120000e+01   2.5389819e-02
   1.5125000e+01   2.5761144e-02
   1.5130000e+01   2.6133274e-02
   1.5135000e+01   2.6506082e-02
   1.5140000e+01   2.6879497e-02
   1.5145000e+01   2.7253468e-02
   1.5150000e+01   2.7628031e-02
   1.5155000e+01   2.8003222e-02
   1.5160000e+01   2.8379021e-02
   1.5165000e+01   2.8755432e-02
   1.5170000e+01   2.9132444e-02
   1.5175000e+01   2.9509993e-02
   1.5180000e+01   2.9888156e-02
   1.5185000e+01   3.0267279e-02
   1.5190000e+01   3.0647792e-02
   1.5195000e+01   3.1029828e-02
   1.5200000e+01   3.1413032e-02
   1.5205000e+01   3.1796725e-02
   1.5210000e+01   3.2180387e-02
   1.5215000e+01   3.2564171e-02
   1.5220000e+01   3.2948690e-02
   1.5225000e+01   3.3334240e-02
   1.5230000e+01   3.3720570e-02
   1.5235000e+01   3.4107346e-02
   1.5240000e+01   3.4494580e-02
   1.5245000e+01   3.4882585e-02
   1.5250000e+01   3.5271576e-02
   1.5255000e+01   3.5661463e-02
   1.5260000e+01   3.6051997e-02
   1.5265000e+01   3.6442866e-02
   1.5270000e+01   3.6833794e-02
   1.5275000e+01   3.7224776e-02
   1.5280000e+01   3.7616187e-02
   1.5285000e+01   3.8008541e-02
   1.5290000e+01   3.8402047e-02
   1.5295000e+01   3.8796483e-02
   1.5300000e+01   3.9191529e-02
   1.5305000e+01   3.9587127e-02
   1.5310000e+01   3.9983448e-02
   1.5315000e+01   4.0380555e-02
   1.5320000e+01   4.0778252e-02
   1.5325000e+01   4.1176337e-02
   1.5330000e+01   4.1574868e-02
   1.5335000e+01   4.1974089e-02
   1.5340000e+01   4.2374073e-02
   1.5345000e+01   4.2774597e-02
   1.5350000e+01   4.3175420e-02
   1.5355000e+01   4.3576485e-02
   1.5360000e+01   4.3977757e-02
   1.5365000e+01   4.4379193e-02
   1.5370000e+01   4.4781020e-02
   1.5375000e+01   4.5183669e-02
   1.5380000e+01   4.5587403e-02
   1.5385000e+01   4.5992134e-02
   1.5390000e+01   4.6397429e-02
   1.5395000e+01   4.6802694e-02
   1.5400000e+01   4.7207592e-02
   1.5405000e+01   4.7612280e-02
   1.5410000e+01   4.8017291e-02
   1.5415000e+01   4.8423243e-02
   1.5420000e+01   4.8830487e-02
   1.5425000e+01   4.9238831e-02
   1.5430000e+01   4.9647635e-02
   1.5435000e+01   5.0056315e-02
   1.5440000e+01   5.0464741e-02
   1.5445000e+01   5.0873244e-02
   1.5450000e+01   5.1282370e-02
   1.5455000e+01   5.1692505e-02
   1.5460000e+01   5.2103536e-02
   1.5465000e+01   5.2514897e-02
   1.5470000e+01   5.2926042e-02
   1.5475000e+01   5.3336842e-02
   1.5480000e+01   5.3747611e-02
   1.5485000e+01   5.4158868e-02
   1.5490000e+01   5.4571072e-02
   1.5495000e+01   5.4984462e-02
   1.5500000e+01   5.5398957e-02
   1.5505000e+01   5.5814061e-02
   1.5510000e+01   5.6229031e-02
   1.5515000e+01   5.6643338e-02
   1.5520000e+01   5.7056977e-02
   1.5525000e+01   5.7470392e-02
   1.5530000e+01   5.7884186e-02
   1.5535000e+01   5.8298748e-02
   1.5540000e+01   5.8713933e-02
   1.5545000e+01   5.9129228e-02
   1.5550000e+01   5.9544419e-02
   1.5555000e+01   5.9959853e-02
   1.5560000e+01   6.0375892e-02
   1.5565000e+01   6.0792449e-02
   1.5570000e+01   6.1209150e-02
   1.5575000e+01   6.1625713e-02
   1.5580000e+01   6.2042134e-02
   1.5585000e+01   6.2458634e-02
   1.5590000e+01   6.2875509e-02
   1.5595000e+01   6.3292976e-02
   1.5600000e+01   6.3711116e-02
   1.5605000e+01   6.4129889e-02
   1.5610000e+01   6.4549102e-02
   1.5615000e+01   6.4968294e-02
   1.5620000e+01   6.5386826e-02
   1.5625000e+01   6.5804273e-02
   1.5630000e+01   6.6220775e-02
   1.5635000e+01   6.6637140e-02
   1.5640000e+01   6.7054428e-02
   1.5645000e+01   6.7473123e-02
   1.5650000e+01   6.7892797e-02
   1.5655000e+01   6.8312565e-02
   1.5660000e+01   6.8731737e-02
   1.5665000e+01   6.9150125e-02
   1.5670000e+01   6.9567978e-02
   1.5675000e+01   6.9985729e-02
   1.5680000e+01   7.0403740e-02
   1.5685000e+01   7.0822181e-02
   1.5690000e+01   7.1241026e-02
   1.5695000e+01   7.1660142e-02
   1.5700000e+01   7.2079377e-02
   1.5705000e+01   7.2498629e-02
   1.5710000e+01   7.2917857e-02
   1.5715000e+01   7.3336978e-02
   1.5720000e+01   7.3755658e-02
   1.5725000e+01   7.4173431e-02
   1.5730000e+01   7.4590251e-02
   1.5735000e+01   7.5006716e-02
   1.5740000e+01   7.5423638e-02
   1.5745000e+01   7.5841426e-02
   1.5750000e+01   7.6259799e-02
   1.5755000e+01   7.6678160e-02
   1.5760000e+01   7.7096106e-02
   1.5765000e+01   7.7513453e-02
   1.5770000e+01   7.7930228e-02
   1.5775000e+01   7.8346759e-02
   1.5780000e+01   7.8763485e-02
   1.5785000e+01   7.9180574e-02
   1.5790000e+01   7.9597713e-02
   1.5795000e+01   8.0014433e-02
   1.5800000e+01   8.0430509e-02
   1.5805000e+01   8.0845892e-02
   1.5810000e+01   8.1260668e-02
   1.5815000e+01   8.1675149e-02
   1.5820000e+01   8.2089729e-02
   1.5825000e+01   8.2504615e-02
   1.5830000e+01   8.2919735e-02
   1.5835000e+01   8.3334832e-02
   1.5840000e+01   8.3749607e-02
   1.5845000e+01   8.4163849e-02
   1.5850000e+01   8.4577472e-02
   1.5855000e+01   8.4990490e-02
   1.5860000e+01   8.5402965e-02
   1.5865000e+01   8.5814950e-02
   1.5870000e+01   8.6226465e-02
   1.5875000e+01   8.6637494e-02
   1.5880000e+01   8.7048001e-02
   1.5885000e+01   8.7457947e-02
   1.5890000e+01   8.7867387e-02
   1.5895000e+01   8.8276656e-02
   1.5900000e+01   8.8686224e-02
   1.5905000e+01   8.9096123e-02
   1.5910000e+01   8.9505809e-02
   1.5915000e+01   8.9914783e-02
   1.5920000e+01   9.0322982e-02
   1.5925000e+01   9.0730414e-02
   1.5930000e+01   9.1136896e-02
   1.5935000e+01   9.1542393e-02
   1.5940000e+01   9.1947282e-02
   1.5945000e+01   9.2352073e-02
   1.5950000e+01   9.2757020e-02
   1.5955000e+01   9.3162004e-02
   1.5960000e+01   9.3566657e-02
   1.5965000e+01   9.3970575e-02
   1.5970000e+01   9.4373480e-02
   1.5975000e+01   9.4775272e-02
   1.5980000e+01   9.5175989e-02
   1.5985000e+01   9.5575816e-02
   1.5990000e+01   9.5975191e-02
   1.5995000e+01   9.6374627e-02
   1.6000000e+01   9.6774150e-02
   1.6005000e+01   9.7173183e-02
   1.6010000e+01   9.7571192e-02
   1.6015000e+01   9.7968094e-02
   1.6020000e+01   9.8363988e-02
   1.6025000e+01   9.8758968e-02
   1.6030000e+01   9.9153224e-02
   1.6035000e+01   9.9546974e-02
   1.6040000e+01   9.9940280e-02
   1.6045000e+01   1.0033309e-01
   1.6050000e+01   1.0072543e-01
   1.6055000e+01   1.0111725e-01
   1.6060000e+01   1.0150822e-01
   1.6065000e+01   1.0189794e-01
   1.6070000e+01   1.0228638e-01
   1.6075000e+01   1.0267397e-01
   1.6080000e+01   1.0306101e-01
   1.6085000e+01   1.0344749e-01
   1.6090000e+01   1.0383330e-01
   1.6095000e+01   1.0421833e-01
   1.6100000e+01   1.0460252e-01
   1.6105000e+01   1.0498577e-01
   1.6110000e+01   1.0536808e-01
   1.6115000e+01   1.0574950e-01
   1.6120000e+01   1.0613009e-01
   1.6125000e+01   1.0650983e-01
   1.6130000e+01   1.0688866e-01
   1.6135000e+01   1.0726652e-01
   1.6140000e+01   1.0764340e-01
   1.6145000e+01   1.0801933e-01
   1.6150000e+01   1.0839427e-01
   1.6155000e+01   1.0876824e-01
   1.6160000e+01   1.0914126e-01
   1.6165000e+01   1.0951331e-01
   1.6170000e+01   1.0988433e-01
   1.6175000e+01   1.1025426e-01
   1.6180000e+01   1.1062312e-01
   1.6185000e+01   1.1099097e-01
   1.6190000e+01   1.1135778e-01
   1.6195000e+01   1.1172356e-01
   1.6200000e+01   1.1208830e-01
   1.6205000e+01   1.1245195e-01
   1.6210000e+01   1.1281450e-01
   1.6215000e+01   1.1317591e-01
   1.6220000e+01   1.1353623e-01
   1.6225000e+01   1.1389546e-01
   1.6230000e+01   1.1425356e-01
   1.6235000e+01   1.1461044e-01
   1.6240000e+01   1.1496606e-01
   1.6245000e+01   1.1532045e-01
   1.6250000e+01   1.1567368e-01
   1.6255000e+01   1.1602582e-01
   1.6260000e+01   1.1637686e-01
   1.6265000e+01   1.1672673e-01
   1.6270000e+01   1.1707533e-01
   1.6275000e+01   1.1742260e-01
   1.6280000e+01   1.1776853e-01
   1.6285000e+01   1.1811313e-01
   1.6290000e+01   1.1845642e-01
   1.6295000e+01   1.1879836e-01
   1.6300000e+01   1.1913897e-01
   1.6305000e+01   1.1947832e-01
   1.6310000e+01   1.1981652e-01
   1.6315000e+01   1.2015356e-01
   1.6320000e+01   1.2048933e-01
   1.6325000e+01   1.2082370e-01
   1.6330000e+01   1.2115660e-01
   1.6335000e+01   1.2148794e-01
   1.6340000e+01   1.2181768e-01
   1.6345000e+01   1.2214588e-01
   1.6350000e+01   1.2247270e-01
   1.6355000e+01   1.2279826e-01
   1.6360000e+01   1.2312263e-01
   1.6365000e+01   1.2344570e-01
   1.6370000e+01   1.2376729e-01
   1.6375000e+01   1.2408721e-01
   1.6380000e+01   1.2440532e-01
   1.6385000e+01   1.2472162e-01
   1.6390000e+01   1.2503629e-01
   1.6395000e+01   1.2534966e-01
   1.6400000e+01   1.2566193e-01
   1.6405000e+01   1.2597302e-01
   1.6410000e+01   1.2628261e-01
   1.6415000e+01   1.2659039e-01
   1.6420000e+01   1.2689624e-01
   1.6425000e+01   1.2720025e-01
   1.6430000e+01   1.2750263e-01
   1.6435000e+01   1.2780354e-01
   1.6440000e+01   1.2810300e-01
   1.6445000e+01   1.2840092e-01
   1.6450000e+01   1.2869719e-01
   1.6455000e+01   1.2899172e-01
   1.6460000e+01   1.2928440e-01
   1.6465000e+01   1.2957517e-01
   1.6470000e+01   1.2986411e-01
   1.6475000e+01   1.3015141e-01
   1.6480000e+01   1.3043722e-01
   1.6485000e+01   1.3072155e-01
   1.6490000e+01   1.3100422e-01
   1.6495000e+01   1.3128503e-01
   1.6500000e+01   1.3156389e-01
   1.6505000e+01   1.3184084e-01
   1.6510000e+01   1.3211590e-01
   1.6515000e+01   1.3238908e-01
   1.6520000e+01   1.3266040e-01
   1.6525000e+01   1.3292995e-01
   1.6530000e+01   1.3319780e-01
   1.6535000e+01   1.3346391e-01
   1.6540000e+01   1.3372815e-01
   1.6545000e+01   1.3399036e-01
   1.6550000e+01   1.3425053e-01
   1.6555000e+01   1.3450878e-01
   1.6560000e+01   1.3476522e-01
   1.6565000e+01   1.3501988e-01
   1.6570000e+01   1.3527267e-01
   1.6575000e+01   1.3552345e-01
   1.6580000e+01   1.3577209e-01
   1.6585000e+01   1.3601854e-01
   1.6590000e+01   1.3626286e-01
   1.6595000e+01   1.3650518e-01
   1.6600000e+01   1.3674565e-01
   1.6605000e+01   1.3698431e-01
   1.6610000e+01   1.3722106e-01
   1.6615000e+01   1.3745571e-01
   1.6620000e+01   1.3768813e-01
   1.6625000e+01   1.3791836e-01
   1.6630000e+01   1.3814645e-01
   1.6635000e+01   1.3837240e-01
   1.6640000e+01   1.3859621e-01
   1.6645000e+01   1.3881792e-01
   1.6650000e+01   1.3903760e-01
   1.6655000e+01   1.3925528e-01
   1.6660000e+01   1.3947094e-01
   1.6665000e+01   1.3968450e-01
   1.6670000e+01   1.3989577e-01
   1.6675000e+01   1.4010459e-01
   1.6680000e+01   1.4031093e-01
   1.6685000e+01   1.4051491e-01
   1.6690000e+01   1.4071669e-01
   1.6695000e+01   1.4091636e-01
   1.6700000e+01   1.4111393e-01
   1.6705000e+01   1.4130937e-01
   1.6710000e+01   1.4150260e-01
   1.6715000e+01   1.4169352e-01
   1.6720000e+01   1.4188208e-01
   1.6725000e+01   1.4206827e-01
   1.6730000e+01   1.4225210e-01
   1.6735000e+01   1.4243353e-01
   1.6740000e+01   1.4261250e-01
   1.6745000e+01   1.4278904e-01
   1.6750000e+01   1.4296323e-01
   1.6755000e+01   1.4313516e-01
   1.6760000e+01   1.4330478e-01
   1.6765000e+01   1.4347200e-01
   1.6770000e+01   1.4363676e-01
   1.6775000e+01   1.4379904e-01
   1.6780000e+01   1.4395882e-01
   1.6785000e+01   1.4411615e-01
   1.6790000e+01   1.4427102e-01
   1.6795000e+01   1.4442347e-01
   1.6800000e+01   1.4457348e-01
   1.6805000e+01   1.4472105e-01
   1.6810000e+01   1.4486607e-01
   1.6815000e+01   1.4500842e-01
   1.6820000e+01   1.4514804e-01
   1.6825000e+01   1.4528505e-01
   1.6830000e+01   1.4541963e-01
   1.6835000e+01   1.4555188e-01
   1.6840000e+01   1.4568174e-01
   1.6845000e+01   1.4580906e-01
   1.6850000e+01   1.4593373e-01
   1.6855000e+01   1.4605561e-01
   1.6860000e+01   1.4617463e-01
   1.6865000e+01   1.4629079e-01
   1.6870000e+01   1.4640419e-01
   1.6875000e+01   1.4651496e-01
   1.6880000e+01   1.4662318e-01
   1.6885000e+01   1.4672884e-01
   1.6890000e+01   1.4683201e-01
   1.6895000e+01   1.4693276e-01
   1.6900000e+01   1.4703094e-01
   1.6905000e+01   1.4712613e-01
   1.6910000e+01   1.4721797e-01
   1.6915000e+01   1.4730645e-01
   1.6920000e+01   1.4739191e-01
   1.6925000e+01   1.4747483e-01
   1.6930000e+01   1.4755553e-01
   1.6935000e+01   1.4763395e-01
   1.6940000e+01   1.4770988e-01
   1.6945000e+01   1.4778331e-01
   1.6950000e+01   1.4785420e-01
   1.6955000e+01   1.4792230e-01
   1.6960000e+01   1.4798732e-01
   1.6965000e+01   1.4804913e-01
   1.6970000e+01   1.4810761e-01
   1.6975000e+01   1.4816259e-01
   1.6980000e+01   1.4821403e-01
   1.6985000e+01   1.4826217e-01
   1.6990000e+01   1.4830750e-01
   1.6995000e+01   1.4835052e-01
   1.7000000e+01   1.4839152e-01
   1.7005000e+01   1.4843026e-01
   1.7010000e+01   1.4846615e-01
   1.7015000e+01   1.4849867e-01
   1.7020000e+01   1.4852775e-01
   1.7025000e+01   1.4855369e-01
   1.7030000e+01   1.4857670e-01
   1.7035000e+01   1.4859673e-01
   1.7040000e+01   1.4861362e-01
   1.7045000e+01   1.4862744e-01
   1.7050000e+01   1.4863844e-01
   1.7055000e+01   1.4864668e-01
   1.7060000e+01   1.4865195e-01
   1.7065000e+01   1.4865405e-01
   1.7070000e+01   1.4865294e-01
   1.7075000e+01   1.4864864e-01
   1.7080000e+01   1.4864106e-01
   1.7085000e+01   1.4863010e-01
   1.7090000e+01   1.4861565e-01
   1.7095000e+01   1.4859759e-01
   1.7100000e+01   1.4857610e-01
   1.7105000e+01   1.4855185e-01
   1.7110000e+01   1.4852553e-01
   1.7115000e+01   1.4849718e-01
   1.7120000e+01   1.4846604e-01
   1.7125000e+01   1.4843106e-01
   1.7130000e+01   1.4839161e-01
   1.7135000e+01   1.4834800e-01
   1.7140000e+01   1.4830110e-01
   1.7145000e+01   1.4825156e-01
   1.7150000e+01   1.4819955e-01
   1.7155000e+01   1.4814491e-01
   1.7160000e+01   1.4808711e-01
   1.7165000e+01   1.4802549e-01
   1.7170000e+01   1.4795981e-01
   1.7175000e+01   1.4789048e-01
   1.7180000e+01   1.4781826e-01
   1.7185000e+01   1.4774357e-01
   1.7190000e+01   1.4766615e-01
   1.7195000e+01   1.4758552e-01
   1.7200000e+01   1.4750133e-01
   1.7205000e+01   1.4741335e-01
   1.7210000e+01   1.4732137e-01
   1.7215000e+01   1.4722555e-01
   1.7220000e+01   1.4712640e-01
   1.7225000e+01   1.4702439e-01
   1.7230000e+01   1.4691964e-01
   1.7235000e+01   1.4681174e-01
   1.7240000e+01   1.4670002e-01
   1.7245000e+01   1.4658410e-01
   1.7250000e+01   1.4646416e-01
   1.7255000e+01   1.4634055e-01
   1.7260000e+01   1.4621370e-01
   1.7265000e+01   1.4608398e-01
   1.7270000e+01   1.4595149e-01
   1.7275000e+01   1.4581615e-01
   1.7280000e+01   1.4567792e-01
   1.7285000e+01   1.4553657e-01
   1.7290000e+01   1.4539169e-01
   1.7295000e+01   1.4524278e-01
   1.7300000e+01   1.4508937e-01
   1.7305000e+01   1.4493127e-01
   1.7310000e+01   1.4476891e-01
   1.7315000e+01   1.4460321e-01
   1.7320000e+01   1.4443490e-01
   1.7325000e+01   1.4426402e-01
   1.7330000e+01   1.4408998e-01
   1.7335000e+01   1.4391212e-01
   1.7340000e+01   1.4373015e-01
   1.7345000e+01   1.4354432e-01
   1.7350000e+01   1.4335510e-01
   1.7355000e+01   1.4316263e-01
   1.7360000e+01   1.4296670e-01
   1.7365000e+01   1.4276693e-01
   1.7370000e+01   1.4256298e-01
   1.7375000e+01   1.4235496e-01
   1.7380000e+01   1.4214344e-01
   1.7385000e+01   1.4192892e-01
   1.7390000e+01   1.4171146e-01
   1.7395000e+01   1.4149080e-01
   1.7400000e+01   1.4126638e-01
   1.7405000e+01   1.4103777e-01
   1.7410000e+01   1.4080476e-01
   1.7415000e+01   1.4056733e-01
   1.7420000e+01   1.4032570e-01
   1.7425000e+01   1.4008044e-01
   1.7430000e+01   1.3983213e-01
   1.7435000e+01   1.3958096e-01
   1.7440000e+01   1.3932668e-01
   1.7445000e+01   1.3906890e-01
   1.7450000e+01   1.3880719e-01
   1.7455000e+01   1.3854132e-01
   1.7460000e+01   1.3827129e-01
   1.7465000e+01   1.3799720e-01
   1.7470000e+01   1.3771920e-01
   1.7475000e+01   1.3743753e-01
   1.7480000e+01   1.3715250e-01
   1.7485000e+01   1.3686433e-01
   1.7490000e+01   1.3657294e-01
   1.7495000e+01   1.3627804e-01
   1.7500000e+01   1.3597909e-01
   1.7505000e+01   1.3567545e-01
   1.7510000e+01   1.3536702e-01
   1.7515000e+01   1.3505452e-01
   1.7520000e+01   1.3473878e-01
   1.7525000e+01   1.3442004e-01
   1.7530000e+01   1.3409793e-01
   1.7535000e+01   1.3377195e-01
   1.7540000e+01   1.3344189e-01
   1.7545000e+01   1.3310772e-01
   1.7550000e+01   1.3276934e-01
   1.7555000e+01   1.3242658e-01
   1.7560000e+01   1.3207960e-01
   1.7565000e+01   1.3172900e-01
   1.7570000e+01   1.3137527e-01
   1.7575000e+01   1.3101831e-01
   1.7580000e+01   1.3065767e-01
   1.7585000e+01   1.3029306e-01
   1.7590000e+01   1.2992438e-01
   1.7595000e+01   1.2955154e-01
   1.7600000e+01   1.2917445e-01
   1.7605000e+01   1.2879328e-01
   1.7610000e+01   1.2840841e-01
   1.7615000e+01   1.2802016e-01
   1.7620000e+01   1.2762850e-01
   1.7625000e+01   1.2723304e-01
   1.7630000e+01   1.2683330e-01
   1.7635000e+01   1.2642900e-01
   1.7640000e+01   1.2602032e-01
   1.7645000e+01   1.2560787e-01
   1.7650000e+01   1.2519212e-01
   1.7655000e+01   1.2477283e-01
   1.7660000e+01   1.2434919e-01
   1.7665000e+01   1.2392064e-01
   1.7670000e+01   1.2348744e-01
   1.7675000e+01   1.2305056e-01
   1.7680000e+01   1.2261102e-01
   1.7685000e+01   1.2216904e-01
   1.7690000e+01   1.2172381e-01
   1.7695000e+01   1.2127416e-01
   1.7700000e+01   1.2081929e-01
   1.7705000e+01   1.2035905e-01
   1.7710000e+01   1.1989384e-01
   1.7715000e+01   1.1942434e-01
   1.7720000e+01   1.1895139e-01
   1.7725000e+01   1.1847573e-01
   1.7730000e+01   1.1799740e-01
   1.7735000e+01   1.1751567e-01
   1.7740000e+01   1.1702957e-01
   1.7745000e+01   1.1653852e-01
   1.7750000e+01   1.1604252e-01
   1.7755000e+01   1.1554200e-01
   1.7760000e+01   1.1503751e-01
   1.7765000e+01   1.1452949e-01
   1.7770000e+01   1.1401811e-01
   1.7775000e+01   1.1350337e-01
   1.7780000e+01   1.1298516e-01
   1.7785000e+01   1.1246327e-01
   1.7790000e+01   1.1193732e-01
   1.7795000e+01   1.1140685e-01
   1.7800000e+01   1.1087189e-01
   1.7805000e+01   1.1033304e-01
   1.7810000e+01   1.0979079e-01
   1.7815000e+01   1.0924485e-01
   1.7820000e+01   1.0869466e-01
   1.7825000e+01   1.0814002e-01
   1.7830000e+01   1.0758100e-01
   1.7835000e+01   1.0701770e-01
   1.7840000e+01   1.0645021e-01
   1.7845000e+01   1.0587874e-01
   1.7850000e+01   1.0530357e-01
   1.7855000e+01   1.0472473e-01
   1.7860000e+01   1.0414192e-01
   1.7865000e+01   1.0355482e-01
   1.7870000e+01   1.0296322e-01
   1.7875000e+01   1.0236733e-01
   1.7880000e+01   1.0176775e-01
   1.7885000e+01   1.0116494e-01
   1.7890000e+01   1.0055859e-01
   1.7895000e+01   9.9948013e-02
   1.7900000e+01   9.9332926e-02
   1.7905000e+01   9.8713610e-02
   1.7910000e+01   9.8090284e-02
   1.7915000e+01   9.7462852e-02
   1.7920000e+01   9.6831239e-02
   1.7925000e+01   9.6195608e-02
   1.7930000e+01   9.5556162e-02
   1.7935000e+01   9.4912970e-02
   1.7940000e+01   9.4266032e-02
   1.7945000e+01   9.3615279e-02
   1.7950000e+01   9.2960601e-02
   1.7955000e+01   9.2301982e-02
   1.7960000e+01   9.1639372e-02
   1.7965000e+01   9.0972539e-02
   1.7970000e+01   9.0301455e-02
   1.7975000e+01   8.9626553e-02
   1.7980000e+01   8.8948162e-02
   1.7985000e+01   8.8266080e-02
   1.7990000e+01   8.7579905e-02
   1.7995000e+01   8.6889387e-02
   1.8000000e+01   8.6194478e-02
   1.8005000e+01   8.5495255e-02
   1.8010000e+01   8.4791915e-02
   1.8015000e+01   8.4084815e-02
   1.8020000e+01   8.3374212e-02
   1.8025000e+01   8.2659957e-02
   1.8030000e+01   8.1941699e-02
   1.8035000e+01   8.1219335e-02
   1.8040000e+01   8.0492981e-02
   1.8045000e+01   7.9762639e-02
   1.8050000e+01   7.9028243e-02
   1.8055000e+01   7.8289863e-02
   1.8060000e+01   7.7547480e-02
   1.8065000e+01   7.6800895e-02
   1.8070000e+01   7.6050055e-02
   1.8075000e+01   7.5295214e-02
   1.8080000e+01   7.4536747e-02
   1.8085000e+01   7.3774860e-02
   1.8090000e+01   7.3009408e-02
   1.8095000e+01   7.2240157e-02
   1.8100000e+01   7.1467186e-02
   1.8105000e+01   7.0690785e-02
   1.8110000e+01   6.9910973e-02
   1.8115000e+01   6.9127270e-02
   1.8120000e+01   6.8338967e-02
   1.8125000e+01   6.7545746e-02
   1.8130000e+01   6.6748065e-02
   1.8135000e+01   6.5946793e-02
   1.8140000e+01   6.5142447e-02
   1.8145000e+01   6.4334808e-02
   1.8150000e+01   6.3523182e-02
   1.8155000e+01   6.2707123e-02
   1.8160000e+01   6.1886930e-02
   1.8165000e+01   6.1063274e-02
   1.8170000e+01   6.0236372e-02
   1.8175000e+01   5.9405904e-02
   1.8180000e+01   5.8571577e-02
   1.8185000e+01   5.7733200e-02
   1.8190000e+01   5.6890480e-02
   1.8195000e+01   5.6043334e-02
   1.8200000e+01   5.5192299e-02
   1.8205000e+01   5.4338163e-02
   1.8210000e+01   5.3481091e-02
   1.8215000e+01   5.2620410e-02
   1.8220000e+01   5.1755422e-02
   1.8225000e+01   5.0886247e-02
   1.8230000e+01   5.0013601e-02
   1.8235000e+01   4.9137935e-02
   1.8240000e+01   4.8259127e-02
   1.8245000e+01   4.7376737e-02
   1.8250000e+01   4.6490184e-02
   1.8255000e+01   4.5599019e-02
   1.8260000e+01   4.4703262e-02
   1.8265000e+01   4.3803380e-02
   1.8270000e+01   4.2900123e-02
   1.8275000e+01   4.1994155e-02
   1.8280000e+01   4.1085472e-02
   1.8285000e+01   4.0173378e-02
   1.8290000e+01   3.9257229e-02
   1.8295000e+01   3.8337000e-02
   1.8300000e+01   3.7413111e-02
   1.8305000e+01   3.6485974e-02
   1.8310000e+01   3.5555735e-02
   1.8315000e+01   3.4622179e-02
   1.8320000e+01   3.3684791e-02
   1.8325000e+01   3.2743146e-02
   1.8330000e+01   3.1797331e-02
   1.8335000e+01   3.0847843e-02
   1.8340000e+01   2.9895111e-02
   1.8345000e+01   2.8939142e-02
   1.8350000e+01   2.7979714e-02
   1.8355000e+01   2.7016825e-02
   1.8360000e+01   2.6050736e-02
   1.8365000e+01   2.5081652e-02
   1.8370000e+01   2.4109365e-02
   1.8375000e+01   2.3133286e-02
   1.8380000e+01   2.2152897e-02
   1.8385000e+01   2.1168227e-02
   1.8390000e+01   2.0179940e-02
   1.8395000e+01   1.9188771e-02
   1.8400000e+01   1.8194827e-02
   1.8405000e+01   1.7197763e-02
   1.8410000e+01   1.6197436e-02
   1.8415000e+01   1.5194004e-02
   1.8420000e+01   1.4187520e-02
   1.8425000e+01   1.3177735e-02
   1.8430000e+01   1.2164282e-02
   1.8435000e+01   1.1146901e-02
   1.8440000e+01   1.0125710e-02
   1.8445000e+01   9.1012817e-03
   1.8450000e+01   8.0741516e-03
   1.8455000e+01   7.0444121e-03
   1.8460000e+01   6.0117916e-03
   1.8465000e+01   4.9758275e-03
   1.8470000e+01   3.9360831e-03
   1.8475000e+01   2.8924753e-03
   1.8480000e+01   1.8453217e-03
   1.8485000e+01   7.9497625e-04
   1.8490000e+01  -2.5842014e-04
   1.8495000e+01  -1.3147888e-03
   1.8500000e+01  -2.3738960e-03
   1.8505000e+01  -3.4355127e-03
   1.8510000e+01  -4.4999020e-03
   1.8515000e+01  -5.5678454e-03
   1.8520000e+01  -6.6399495e-03
   1.8525000e+01  -7.7160674e-03
   1.8530000e+01  -8.7953479e-03
   1.8535000e+01  -9.8767712e-03
   1.8540000e+01  -1.0959878e-02
   1.8545000e+01  -1.2045132e-02
   1.8550000e+01  -1.3133454e-02
   1.8555000e+01  -1.4225386e-02
   1.8560000e+01  -1.5320748e-02
   1.8565000e+01  -1.6419090e-02
   1.8570000e+01  -1.7520300e-02
   1.8575000e+01  -1.8624570e-02
   1.8580000e+01  -1.9731997e-02
   1.8585000e+01  -2.0842473e-02
   1.8590000e+01  -2.1955750e-02
   1.8595000e+01  -2.3071484e-02
   1.8600000e+01  -2.4189487e-02
   1.8605000e+01  -2.5310005e-02
   1.8610000e+01  -2.6433552e-02
   1.8615000e+01  -2.7560617e-02
   1.8620000e+01  -2.8691464e-02
   1.8625000e+01  -2.9825828e-02
   1.8630000e+01  -3.0962989e-02
   1.8635000e+01  -3.2102353e-02
   1.8640000e+01  -3.3243786e-02
   1.8645000e+01  -3.4387482e-02
   1.8650000e+01  -3.5533616e-02
   1.8655000e+01  -3.6682071e-02
   1.8660000e+01  -3.7832617e-02
   1.8665000e+01  -3.8985373e-02
   1.8670000e+01  -4.0140878e-02
   1.8675000e+01  -4.1299584e-02
   1.8680000e+01  -4.2461360e-02
   1.8685000e+01  -4.3625678e-02
   1.8690000e+01  -4.4792238e-02
   1.8695000e+01  -4.5961228e-02
   1.8700000e+01  -4.7133004e-02
   1.8705000e+01  -4.8307779e-02
   1.8710000e+01  -4.9485504e-02
   1.8715000e+01  -5.0665675e-02
   1.8720000e+01  -5.1847544e-02
   1.8725000e+01  -5.3030874e-02
   1.8730000e+01  -5.4216168e-02
   1.8735000e+01  -5.5404182e-02
   1.8740000e+01  -5.6595361e-02
   1.8745000e+01  -5.7789369e-02
   1.8750000e+01  -5.8985306e-02
   1.8755000e+01  -6.0182717e-02
   1.8760000e+01  -6.1382085e-02
   1.8765000e+01  -6.2584133e-02
   1.8770000e+01  -6.3788938e-02
   1.8775000e+01  -6.4995932e-02
   1.8780000e+01  -6.6204565e-02
   1.8785000e+01  -6.7414808e-02
   1.8790000e+01  -6.8627061e-02
   1.8795000e+01  -6.9841655e-02
   1.8800000e+01  -7.1058666e-02
   1.8805000e+01  -7.2278205e-02
   1.8810000e+01  -7.3500383e-02
   1.8815000e+01  -7.4724885e-02
   1.8820000e+01  -7.5951004e-02
   1.8825000e+01  -7.7178213e-02
   1.8830000e+01  -7.8406549e-02
   1.8835000e+01  -7.9636538e-02
   1.8840000e+01  -8.0868779e-02
   1.8845000e+01  -8.2103438e-02
   1.8850000e+01  -8.3340153e-02
   1.8855000e+01  -8.4578440e-02
   1.8860000e+01  -8.5818197e-02
   1.8865000e+01  -8.7059883e-02
   1.8870000e+01  -8.8304018e-02
   1.8875000e+01  -8.9550448e-02
   1.8880000e+01  -9.0798436e-02
   1.8885000e+01  -9.2047536e-02
   1.8890000e+01  -9.3297998e-02
   1.8895000e+01  -9.4550149e-02
   1.8900000e+01  -9.5803761e-02
   1.8905000e+01  -9.7058454e-02
   1.8910000e+01  -9.8314430e-02
   1.8915000e+01  -9.9572320e-02
   1.8920000e+01  -1.0083250e-01
   1.8925000e+01  -1.0209476e-01
   1.8930000e+01  -1.0335839e-01
   1.8935000e+01  -1.0462264e-01
   1.8940000e+01  -1.0588757e-01
   1.8945000e+01  -1.0715400e-01
   1.8950000e+01  -1.0842278e-01
   1.8955000e+01  -1.0969423e-01
   1.8960000e+01  -1.1096786e-01
   1.8965000e+01  -1.1224239e-01
   1.8970000e+01  -1.1351651e-01
   1.8975000e+01  -1.1478979e-01
   1.8980000e+01  -1.1606287e-01
   1.8985000e+01  -1.1733722e-01
   1.8990000e+01  -1.1861429e-01
   1.8995000e+01  -1.1989463e-01
   1.9000000e+01  -1.2117741e-01
   1.9005000e+01  -1.2246117e-01
   1.9010000e+01  -1.2374493e-01
   1.9015000e+01  -1.2502852e-01
   1.9020000e+01  -1.2631243e-01
   1.9025000e+01  -1.2759748e-01
   1.9030000e+01  -1.2888442e-01
   1.9035000e+01  -1.3017330e-01
   1.9040000e+01  -1.3146338e-01
   1.9045000e+01  -1.3275391e-01
   1.9050000e+01  -1.3404471e-01
   1.9055000e+01  -1.3533608e-01
   1.9060000e+01  -1.3662828e-01
   1.9065000e+01  -1.3792135e-01
   1.9070000e+01  -1.3921506e-01
   1.9075000e+01  -1.4050917e-01
   1.9080000e+01  -1.4180371e-01
   1.9085000e+01  -1.4309908e-01
   1.9090000e+01  -1.4439561e-01
   1.9095000e+01  -1.4569326e-01
   1.9100000e+01  -1.4699162e-01
   1.9105000e+01  -1.4829020e-01
   1.9110000e+01  -1.4958887e-01
   1.9115000e+01  -1.5088783e-01
   1.9120000e+01  -1.5218714e-01
   1.9125000e+01  -1.5348670e-01
   1.9130000e+01  -1.5478657e-01
   1.9135000e+01  -1.5608690e-01
   1.9140000e+01  -1.5738752e-01
   1.9145000e+01  -1.5868816e-01
   1.9150000e+01  -1.5998891e-01
   1.9155000e+01  -1.6129019e-01
   1.9160000e+01  -1.6259239e-01
   1.9165000e+01  -1.6389538e-01
   1.9170000e+01  -1.6519859e-01
   1.9175000e+01  -1.6650167e-01
   1.9180000e+01  -1.6780450e-01
   1.9185000e+01  -1.6910684e-01
   1.9190000e+01  -1.7040862e-01
   1.9195000e+01  -1.7171032e-01
   1.9200000e+01  -1.7301258e-01
   1.9205000e+01  -1.7431550e-01
   1.9210000e+01  -1.7561862e-01
   1.9215000e+01  -1.7692151e-01
   1.9220000e+01  -1.7822388e-01
   1.9225000e+01  -1.7952544e-01
   1.9230000e+01  -1.8082629e-01
   1.9235000e+01  -1.8212710e-01
   1.9240000e+01  -1.8342846e-01
   1.9245000e+01  -1.8473036e-01
   1.9250000e+01  -1.8603218e-01
   1.9255000e+01  -1.8733330e-01
   1.9260000e+01  -1.8863345e-01
   1.9265000e+01  -1.8993265e-01
   1.9270000e+01  -1.9123113e-01
   1.9275000e+01  -1.9252908e-01
   1.9280000e+01  -1.9382635e-01
   1.9285000e+01  -1.9512280e-01
   1.9290000e+01  -1.9641877e-01
   1.9295000e+01  -1.9771468e-01
   1.9300000e+01  -1.9901036e-01
   1.9305000e+01  -2.0030530e-01
   1.9310000e+01  -2.0159937e-01
   1.9315000e+01  -2.0289283e-01
   1.9320000e+01  -2.0418579e-01
   1.9325000e+01  -2.0547802e-01
   1.9330000e+01  -2.0676913e-01
   1.9335000e+01  -2.0805892e-01
   1.9340000e+01  -2.0934729e-01
   1.9345000e+01  -2.1063438e-01
   1.9350000e+01  -2.1192068e-01
   1.9355000e+01  -2.1320663e-01
   1.9360000e+01  -2.1449200e-01
   1.9365000e+01  -2.1577602e-01
   1.9370000e+01  -2.1705817e-01
   1.9375000e+01  -2.1833850e-01
   1.9380000e+01  -2.1961725e-01
   1.9385000e+01  -2.2089477e-01
   1.9390000e+01  -2.2217153e-01
   1.9395000e+01  -2.2344790e-01
   1.9400000e+01  -2.2472381e-01
   1.9405000e+01  -2.2599883e-01
   1.9410000e+01  -2.2727246e-01
   1.9415000e+01  -2.2854422e-01
   1.9420000e+01  -2.2981386e-01
   1.9425000e+01  -2.3108136e-01
   1.9430000e+01  -2.3234677e-01
   1.9435000e+01  -2.3361026e-01
   1.9440000e+01  -2.3487225e-01
   1.9445000e+01  -2.3613319e-01
   1.9450000e+01  -2.3739312e-01
   1.9455000e+01  -2.3865183e-01
   1.9460000e+01  -2.3990911e-01
   1.9465000e+01  -2.4116463e-01
   1.9470000e+01  -2.4241766e-01
   1.9475000e+01  -2.4366759e-01
   1.9480000e+01  -2.4491457e-01
   1.9485000e+01  -2.4615957e-01
   1.9490000e+01  -2.4740358e-01
   1.9495000e+01  -2.4864680e-01
   1.9500000e+01  -2.4988857e-01
   1.9505000e+01  -2.5112802e-01
   1.9510000e+01  -2.5236481e-01
   1.9515000e+01  -2.5359916e-01
   1.9520000e+01  -2.5483119e-01
   1.9525000e+01  -2.5606069e-01
   1.9530000e+01  -2.5728740e-01
   1.9535000e+01  -2.5851145e-01
   1.9540000e+01  -2.5973322e-01
   1.9545000e+01  -2.6095289e-01
   1.9550000e+01  -2.6217043e-01
   1.9555000e+01  -2.6338589e-01
   1.9560000e+01  -2.6459937e-01
   1.9565000e+01  -2.6581070e-01
   1.9570000e+01  -2.6701961e-01
   1.9575000e+01  -2.6822599e-01
   1.9580000e+01  -2.6942970e-01
   1.9585000e+01  -2.7063046e-01
   1.9590000e+01  -2.7182808e-01
   1.9595000e+01  -2.7302250e-01
   1.9600000e+01  -2.7421390e-01
   1.9605000e+01  -2.7540285e-01
   1.9610000e+01  -2.7658977e-01
   1.9615000e+01  -2.7777456e-01
   1.9620000e+01  -2.7895680e-01
   1.9625000e+01  -2.8013583e-01
   1.9630000e+01  -2.8131073e-01
   1.9635000e+01  -2.8248089e-01
   1.9640000e+01  -2.8364661e-01
   1.9645000e+01  -2.8480904e-01
   1.9650000e+01  -2.8596930e-01
   1.9655000e+01  -2.8712775e-01
   1.9660000e+01  -2.8828397e-01
   1.9665000e+01  -2.8943718e-01
   1.9670000e+01  -2.9058665e-01
   1.9675000e+01  -2.9173219e-01
   1.9680000e+01  -2.9287393e-01
   1.9685000e+01  -2.9401190e-01
   1.9690000e+01  -2.9514619e-01
   1.9695000e+01  -2.9627725e-01
   1.9700000e+01  -2.9740563e-01
   1.9705000e+01  -2.9853145e-01
   1.9710000e+01  -2.9965400e-01
   1.9715000e+01  -3.0077225e-01
   1.9720000e+01  -3.0188592e-01
   1.9725000e+01  -3.0299560e-01
   1.9730000e+01  -3.0410180e-01
   1.9735000e+01  -3.0520429e-01
   1.9740000e+01  -3.0630247e-01
   1.9745000e+01  -3.0739581e-01
   1.9750000e+01  -3.0848453e-01
   1.9755000e+01  -3.0956963e-01
   1.9760000e+01  -3.1065194e-01
   1.9765000e+01  -3.1173117e-01
   1.9770000e+01  -3.1280613e-01
   1.9775000e+01  -3.1387586e-01
   1.9780000e+01  -3.1494065e-01
   1.9785000e+01  -3.1600169e-01
   1.9790000e+01  -3.1705998e-01
   1.9795000e+01  -3.1811540e-01
   1.9800000e+01  -3.1916689e-01
   1.9805000e+01  -3.2021319e-01
   1.9810000e+01  -3.2125383e-01
   1.9815000e+01  -3.2228933e-01
   1.9820000e+01  -3.2332021e-01
   1.9825000e+01  -3.2434657e-01
   1.9830000e+01  -3.2536840e-01
   1.9835000e+01  -3.2638579e-01
   1.9840000e+01  -3.2739875e-01
   1.9845000e+01  -3.2840719e-01
   1.9850000e+01  -3.2941102e-01
   1.9855000e+01  -3.3040997e-01
   1.9860000e+01  -3.3140365e-01
   1.9865000e+01  -3.3239191e-01
   1.9870000e+01  -3.3337514e-01
   1.9875000e+01  -3.3435402e-01
   1.9880000e+01  -3.3532882e-01
   1.9885000e+01  -3.3629910e-01
   1.9890000e+01  -3.3726406e-01
   1.9895000e+01  -3.3822320e-01
   1.9900000e+01  -3.3917680e-01
   1.9905000e+01  -3.4012553e-01
   1.9910000e+01  -3.4106947e-01
   1.9915000e+01  -3.4200797e-01
   1.9920000e+01  -3.4294054e-01
   1.9925000e+01  -3.4386744e-01
   1.9930000e+01  -3.4478930e-01
   1.9935000e+01  -3.4570661e-01
   1.9940000e+01  -3.4661919e-01
   1.9945000e+01  -3.4752636e-01
   1.9950000e+01  -3.4842765e-01
   1.9955000e+01  -3.4932329e-01
   1.9960000e+01  -3.5021355e-01
   1.9965000e+01  -3.5109835e-01
   1.9970000e+01  -3.5197732e-01
   1.9975000e+01  -3.5284987e-01
   1.9980000e+01  -3.5371554e-01
   1.9985000e+01  -3.5457457e-01
   1.9990000e+01  -3.5542775e-01
   1.9995000e+01  -3.5627586e-01
   2.0000000e+01  -3.5711933e-01
   2.0005000e+01  -3.5795810e-01
   2.0010000e+01  -3.5879152e-01
   2.0015000e+01  -3.5961869e-01
   2.0020000e+01  -3.6043899e-01
   2.0025000e+01  -3.6125237e-01
   2.0030000e+01  -3.6205920e-01
   2.0035000e+01  -3.6285974e-01
   2.0040000e+01  -3.6365367e-01
   2.0045000e+01  -3.6444079e-01
   2.0050000e+01  -3.6522194e-01
   2.0055000e+01  -3.6599845e-01
   2.0060000e+01  -3.6677059e-01
   2.0065000e+01  -3.6753705e-01
   2.0070000e+01  -3.6829544e-01
   2.0075000e+01  -3.6904359e-01
   2.0080000e+01  -3.6978148e-01
   2.0085000e+01  -3.7051265e-01
   2.0090000e+01  -3.7124341e-01
   2.0095000e+01  -3.7197818e-01
   2.0100000e+01  -3.7271277e-01
   2.0105000e+01  -3.7343191e-01
   2.0110000e+01  -3.7411744e-01
   2.0115000e+01  -3.7476672e-01
   2.0120000e+01  -3.7540978e-01
   2.0125000e+01  -3.7610327e-01
   2.0130000e+01  -3.7688644e-01
   2.0135000e+01  -3.7771801e-01
   2.0140000e+01  -3.7845397e-01
   2.0145000e+01  -3.7892823e-01
   2.0150000e+01  -3.7913041e-01
   2.0155000e+01  -3.7935517e-01
   2.0160000e+01  -3.8012200e-01
   2.0165000e+01  -3.8175794e-01
   2.0170000e+01  -3.8383975e-01
   2.0175000e+01  -3.8503209e-01
   2.0180000e+01  -3.8386507e-01
   2.0185000e+01  -3.8036120e-01
   2.0190000e+01  -3.7733390e-01
   2.0195000e+01  -3.7952453e-01
   2.0200000e+01  -3.8968157e-01
   2.0205000e+01  -4.0350168e-01
   2.0210000e+01  -4.0834981e-01
   2.0215000e+01  -3.9043081e-01
   2.0220000e+01  -3.4903930e-01
   2.0225000e+01  -3.0689264e-01
   2.0230000e+01  -3.0095987e-01
   2.0235000e+01  -3.4824949e-01
   2.0240000e+01  -4.0455577e-01
   2.0245000e+01  -3.5256300e-01
   2.0250000e+01  -4.5710915e-02
   2.0255000e+01   6.0531819e-01
   2.0260000e+01   1.5550243e+00
   2.0265000e+01   2.6075802e+00
   2.0270000e+01   3.4781413e+00
   2.0275000e+01   3.8996775e+00
   2.0280000e+01   3.7238812e+00
   2.0285000e+01   2.9753546e+00
   2.0290000e+01   1.8420596e+00
   2.0295000e+01   6.0745761e-01
   2.0300000e+01  -4.5080321e-01
   2.0305000e+01  -1.1553869e+00
   2.0310000e+01  -1.4752355e+00
   2.0315000e+01  -1.5029960e+00
   2.0320000e+01  -1.3816413e+00
   2.0325000e+01  -1.2281066e+00
   2.0330000e+01  -1.1014953e+00
   2.0335000e+01  -1.0295508e+00
   2.0340000e+01  -1.0607351e+00
   2.0345000e+01  -1.2842706e+00
   2.0350000e+01  -1.7813187e+00
   2.0355000e+01  -2.5300599e+00
   2.0360000e+01  -3.3425524e+00
   2.0365000e+01  -3.9094081e+00
   2.0370000e+01  -3.9556352e+00
   2.0375000e+01  -3.4175101e+00
   2.0380000e+01  -2.5155222e+00
   2.0385000e+01  -1.6590102e+00
   2.0390000e+01  -1.2310418e+00
   2.0395000e+01  -1.3829616e+00
   2.0400000e+01  -1.9617621e+00
   2.0405000e+01  -2.6094111e+00
   2.0410000e+01  -2.9684694e+00
   2.0415000e+01  -2.8677533e+00
   2.0420000e+01  -2.3816471e+00
   2.0425000e+01  -1.7427121e+00
   2.0430000e+01  -1.1813314e+00
   2.0435000e+01  -8.0437097e-01
   2.0440000e+01  -5.8346322e-01
   2.0445000e+01  -4.3683126e-01
   2.0450000e+01  -3.2338085e-01
   2.0455000e+01  -2.7222354e-01
   2.0460000e+01  -3.3587445e-01
   2.0465000e+01  -5.2242201e-01
   2.0470000e+01  -7.7429656e-01
   2.0475000e+01  -1.0140708e+00
   2.0480000e+01  -1.2177811e+00
   2.0485000e+01  -1.4548510e+00
   2.0490000e+01  -1.8627395e+00
   2.0495000e+01  -2.5738908e+00
   2.0500000e+01  -3.6422022e+00
   2.0505000e+01  -5.0090041e+00
   2.0510000e+01  -6.5187822e+00
   2.0515000e+01  -7.9691260e+00
   2.0520000e+01  -9.1713316e+00
   2.0525000e+01  -1.0002117e+01
   2.0530000e+01  -1.0432452e+01
   2.0535000e+01  -1.0525027e+01
   2.0540000e+01  -1.0401855e+01
   2.0545000e+01  -1.0196500e+01
   2.0550000e+01  -1.0012215e+01
   2.0555000e+01  -9.9010853e+00
   2.0560000e+01  -9.8648703e+00
   2.0565000e+01  -9.8673290e+00
   2.0570000e+01  -9.8481361e+00
   2.0575000e+01  -9.7365371e+00
   2.0580000e+01  -9.4680141e+00
   2.0585000e+01  -9.0036739e+00
   2.0590000e+01  -8.3454111e+00
   2.0595000e+01  -7.5397227e+00
   2.0600000e+01  -6.6697841e+00
   2.0605000e+01  -5.8396775e+00
   2.0610000e+01  -5.1517670e+00
   2.0615000e+01  -4.6759354e+00
   2.0620000e+01  -4.4165421e+00
   2.0625000e+01  -4.2947757e+00
   2.0630000e+01  -4.1660804e+00
   2.0635000e+01  -3.8770996e+00
   2.0640000e+01  -3.3424026e+00
   2.0645000e+01  -2.6042750e+00
   2.0650000e+01  -1.8398634e+00
   2.0655000e+01  -1.3000307e+00
   2.0660000e+01  -1.1980303e+00
   2.0665000e+01  -1.6003637e+00
   2.0670000e+01  -2.3832278e+00
   2.0675000e+01  -3.2863993e+00
   2.0680000e+01  -4.0349470e+00
   2.0685000e+01  -4.4539617e+00
   2.0690000e+01  -4.5113437e+00
   2.0695000e+01  -4.2794747e+00
   2.0700000e+01  -3.8599835e+00
   2.0705000e+01  -3.3267343e+00
   2.0710000e+01  -2.7129282e+00
   2.0715000e+01  -2.0321256e+00
   2.0720000e+01  -1.3073273e+00
   2.0725000e+01  -5.8757308e-01
   2.0730000e+01   5.6113018e-02
   2.0735000e+01   5.5257667e-01
   2.0740000e+01   8.5853110e-01
   2.0745000e+01   9.7708460e-01
   2.0750000e+01   9.5631507e-01
   2.0755000e+01   8.6936161e-01
   2.0760000e+01   7.8706338e-01
   2.0765000e+01   7.5481327e-01
   2.0770000e+01   7.7983701e-01
   2.0775000e+01   8.3128993e-01
   2.0780000e+01   8.5625205e-01
   2.0785000e+01   8.1389983e-01
   2.0790000e+01   7.1979448e-01
   2.0795000e+01   6.7447280e-01
   2.0800000e+01   8.4250074e-01
   2.0805000e+01   1.3691864e+00
   2.0810000e+01   2.2693282e+00
   2.0815000e+01   3.3604737e+00
   2.0820000e+01   4.3008166e+00
   2.0825000e+01   4.7262960e+00
   2.0830000e+01   4.4114208e+00
   2.0835000e+01   3.3618244e+00
   2.0840000e+01   1.7952868e+00
   2.0845000e+01   3.8623272e-02
   2.0850000e+01  -1.5935797e+00
   2.0855000e+01  -2.8834096e+00
   2.0860000e+01  -3.7389661e+00
   2.0865000e+01  -4.1796973e+00
   2.0870000e+01  -4.2984524e+00
   2.0875000e+01  -4.2186271e+00
   2.0880000e+01  -4.0598335e+00
   2.0885000e+01  -3.9184264e+00
   2.0890000e+01  -3.8585615e+00
   2.0895000e+01  -3.9016283e+00
   2.0900000e+01  -4.0076651e+00
   2.0905000e+01  -4.0623492e+00
   2.0910000e+01  -3.8993667e+00
   2.0915000e+01  -3.3757054e+00
   2.0920000e+01  -2.4733913e+00
   2.0925000e+01  -1.3593950e+00
   2.0930000e+01  -3.4319452e-01
   2.0935000e+01   2.6154952e-01
   2.0940000e+01   2.8872138e-01
   2.0945000e+01  -2.1477235e-01
   2.0950000e+01  -1.0490643e+00
   2.0955000e+01  -1.9975629e+00
   2.0960000e+01  -2.9427654e+00
   2.0965000e+01  -3.8898895e+00
   2.0970000e+01  -4.8979688e+00
   2.0975000e+01  -5.9809191e+00
   2.0980000e+01  -7.0518486e+00
   2.0985000e+01  -7.9410717e+00
   2.0990000e+01  -8.4623870e+00
   2.0995000e+01  -8.4786002e+00
   2.1000000e+01  -7.9342310e+00
   2.1005000e+01  -6.8519366e+00
   2.1010000e+01  -5.3034433e+00
   2.1015000e+01  -3.3685372e+00
   2.1020000e+01  -1.0999800e+00
   2.1025000e+01   1.4854731e+00
   2.1030000e+01   4.3821936e+00
   2.1035000e+01   7.5520433e+00
   2.1040000e+01   1.0889203e+01
   2.1045000e+01   1.4212160e+01
   2.1050000e+01   1.7286502e+01
   2.1055000e+01   1.9875385e+01
   2.1060000e+01   2.1808994e+01
   2.1065000e+01   2.3046027e+01
   2.1070000e+01   2.3682491e+01
   2.1075000e+01   2.3880645e+01
   2.1080000e+01   2.3750530e+01
   2.1085000e+01   2.3268188e+01
   2.1090000e+01   2.2298469e+01
   2.1095000e+01   2.0708167e+01
   2.1100000e+01   1.8478832e+01
   2.1105000e+01   1.5729104e+01
   2.1110000e+01   1.2634422e+01
   2.1115000e+01   9.3179935e+00
   2.1120000e+01   5.8068339e+00
   2.1125000e+01   2.0862349e+00
   2.1130000e+01  -1.7993713e+00
   2.1135000e+01  -5.6880135e+00
   2.1140000e+01  -9.3355496e+00
   2.1145000e+01  -1.2523068e+01
   2.1150000e+01  -1.5165460e+01
   2.1155000e+01  -1.7352724e+01
   2.1160000e+01  -1.9298047e+01
   2.1165000e+01  -2.1222983e+01
   2.1170000e+01  -2.3251706e+01
   2.1175000e+01  -2.5382705e+01
   2.1180000e+01  -2.7548480e+01
   2.1185000e+01  -2.9702162e+01
   2.1190000e+01  -3.1850553e+01
   2.1195000e+01  -3.4006944e+01
   2.1200000e+01  -3.6111404e+01
   2.1205000e+01  -3.7989443e+01
   2.1210000e+01  -3.9377580e+01
   2.1215000e+01  -3.9988213e+01
   2.1220000e+01  -3.9572419e+01
   2.1225000e+01  -3.7967220e+01
   2.1230000e+01  -3.5135914e+01
   2.1235000e+01  -3.1197978e+01
   2.1240000e+01  -2.6423132e+01
   2.1245000e+01  -2.1172042e+01
   2.1250000e+01  -1.5805141e+01
   2.1255000e+01  -1.0612792e+01
   2.1260000e+01  -5.8099976e+00
   2.1265000e+01  -1.5896019e+00
   2.1270000e+01   1.8224592e+00
   2.1275000e+01   4.1747960e+00
   2.1280000e+01   5.2806399e+00
   2.1285000e+01   5.1432072e+00
   2.1290000e+01   4.0328830e+00
   2.1295000e+01   2.4538293e+00
   2.1300000e+01   9.9966843e-01
   2.1305000e+01   1.6081787e-01
   2.1310000e+01   1.7574738e-01
   2.1315000e+01   9.9928183e-01
   2.1320000e+01   2.3986763e+00
   2.1325000e+01   4.1141482e+00
   2.1330000e+01   5.9839854e+00
   2.1335000e+01   7.9655131e+00
   2.1340000e+01   1.0059927e+01
   2.1345000e+01   1.2211775e+01
   2.1350000e+01   1.4260398e+01
   2.1355000e+01   1.5978468e+01
   2.1360000e+01   1.7178772e+01
   2.1365000e+01   1.7832096e+01
   2.1370000e+01   1.8126245e+01
   2.1375000e+01   1.8415340e+01
   2.1380000e+01   1.9063699e+01
   2.1385000e+01   2.0260710e+01
   2.1390000e+01   2.1921767e+01
   2.1395000e+01   2.3748107e+01
   2.1400000e+01   2.5406483e+01
   2.1405000e+01   2.6691319e+01
   2.1410000e+01   2.7540537e+01
   2.1415000e+01   2.7901059e+01
   2.1420000e+01   2.7578020e+01
   2.1425000e+01   2.6223550e+01
   2.1430000e+01   2.3499455e+01
   2.1435000e+01   1.9294049e+01
   2.1440000e+01   1.3826330e+01
   2.1445000e+01   7.5629526e+00
   2.1450000e+01   1.0123105e+00
   2.1455000e+01  -5.4672783e+00
   2.1460000e+01  -1.1737496e+01
   2.1465000e+01  -1.7807546e+01
   2.1470000e+01  -2.3680445e+01
   2.1475000e+01  -2.9216755e+01
   2.1480000e+01  -3.4099352e+01
   2.1485000e+01  -3.7926903e+01
   2.1490000e+01  -4.0392127e+01
   2.1495000e+01  -4.1447206e+01
   2.1500000e+01  -4.1354612e+01
   2.1505000e+01  -4.0578860e+01
   2.1510000e+01  -3.9567252e+01
   2.1515000e+01  -3.8537335e+01
   2.1520000e+01  -3.7385684e+01
   2.1525000e+01  -3.5757607e+01
   2.1530000e+01  -3.3224695e+01
   2.1535000e+01  -2.9469997e+01
   2.1540000e+01  -2.4401638e+01
   2.1545000e+01  -1.8174636e+01
   2.1550000e+01  -1.1147062e+01
   2.1555000e+01  -3.8054250e+00
   2.1560000e+01   3.3193979e+00
   2.1565000e+01   9.7326686e+00
   2.1570000e+01   1.5037328e+01
   2.1575000e+01   1.8963849e+01
   2.1580000e+01   2.1371164e+01
   2.1585000e+01   2.2235628e+01
   2.1590000e+01   2.1641480e+01
   2.1595000e+01   1.9768596e+01
   2.1600000e+01   1.6862107e+01
   2.1605000e+01   1.3179195e+01
   2.1610000e+01   8.9352965e+00
   2.1615000e+01   4.2876497e+00
   2.1620000e+01  -6.2652392e-01
   2.1625000e+01  -5.6295660e+00
   2.1630000e+01  -1.0487198e+01
   2.1635000e+01  -1.4980069e+01
   2.1640000e+01  -1.9034285e+01
   2.1645000e+01  -2.2818300e+01
   2.1650000e+01  -2.6713514e+01
   2.1655000e+01  -3.1136580e+01
   2.1660000e+01  -3.6289373e+01
   2.1665000e+01  -4.1974543e+01
   2.1670000e+01  -4.7594280e+01
   2.1675000e+01  -5.2349929e+01
   2.1680000e+01  -5.5542255e+01
   2.1685000e+01  -5.6818292e+01
   2.1690000e+01  -5.6255264e+01
   2.1695000e+01  -5.4270964e+01
   2.1700000e+01  -5.1426567e+01
   2.1705000e+01  -4.8207046e+01
   2.1710000e+01  -4.4849034e+01
   2.1715000e+01  -4.1268496e+01
   2.1720000e+01  -3.7119465e+01
   2.1725000e+01  -3.1971829e+01
   2.1730000e+01  -2.5537179e+01
   2.1735000e+01  -1.7835352e+01
   2.1740000e+01  -9.2160076e+00
   2.1745000e+01  -2.2765283e-01
   2.1750000e+01   8.5829531e+00
   2.1755000e+01   1.6816828e+01
   2.1760000e+01   2.4233856e+01
   2.1765000e+01   3.0652555e+01
   2.1770000e+01   3.5848607e+01
   2.1775000e+01   3.9559303e+01
   2.1780000e+01   4.1605626e+01
   2.1785000e+01   4.2032080e+01
   2.1790000e+01   4.1133312e+01
   2.1795000e+01   3.9320011e+01
   2.1800000e+01   3.6908601e+01
   2.1805000e+01   3.3986323e+01
   2.1810000e+01   3.0445625e+01
   2.1815000e+01   2.6150250e+01
   2.1820000e+01   2.1102074e+01
   2.1825000e+01   1.5492479e+01
   2.1830000e+01   9.6193340e+00
   2.1835000e+01   3.7474354e+00
   2.1840000e+01  -1.9801761e+00
   2.1845000e+01  -7.5184171e+00
   2.1850000e+01  -1.2803312e+01
   2.1855000e+01  -1.7624570e+01
   2.1860000e+01  -2.1580217e+01
   2.1865000e+01  -2.4161085e+01
   2.1870000e+01  -2.4941040e+01
   2.1875000e+01  -2.3789228e+01
   2.1880000e+01  -2.1000596e+01
   2.1885000e+01  -1.7265521e+01
   2.1890000e+01  -1.3459605e+01
   2.1895000e+01  -1.0315977e+01
   2.1900000e+01  -8.1182063e+00
   2.1905000e+01  -6.5776422e+00
   2.1910000e+01  -4.9937740e+00
   2.1915000e+01  -2.6487389e+00
   2.1920000e+01   7.6197634e-01
   2.1925000e+01   4.9048287e+00
   2.1930000e+01   8.9270289e+00
   2.1935000e+01   1.1865010e+01
   2.1940000e+01   1.3130321e+01
   2.1945000e+01   1.2823562e+01
   2.1950000e+01   1.1720804e+01
   2.1955000e+01   1.0945758e+01
   2.1960000e+01   1.1497852e+01
   2.1965000e+01   1.3869985e+01
   2.1970000e+01   1.7924437e+01
   2.1975000e+01   2.3040705e+01
   2.1980000e+01   2.8404029e+01
   2.1985000e+01   3.3260054e+01
   2.1990000e+01   3.7035366e+01
   2.1995000e+01   3.9344102e+01
   2.2000000e+01   3.9970201e+01
   2.2005000e+01   3.8889383e+01
   2.2010000e+01   3.6313913e+01
   2.2015000e+01   3.2686588e+01
   2.2020000e+01   2.8570515e+01
   2.2025000e+01   2.4461576e+01
   2.2030000e+01   2.0621964e+01
   2.2035000e+01   1.7031012e+01
   2.2040000e+01   1.3470745e+01
   2.2045000e+01   9.6740115e+00
   2.2050000e+01   5.4388778e+00
   2.2055000e+01   6.6687059e-01
   2.2060000e+01  -4.6455473e+00
   2.2065000e+01  -1.0408891e+01
   2.2070000e+01  -1.6413798e+01
   2.2075000e+01  -2.2298207e+01
   2.2080000e+01  -2.7552704e+01
   2.2085000e+01  -3.1597392e+01
   2.2090000e+01  -3.3926523e+01
   2.2095000e+01  -3.4267728e+01
   2.2100000e+01  -3.2673494e+01
   2.2105000e+01  -2.9488517e+01
   2.2110000e+01  -2.5210286e+01
   2.2115000e+01  -2.0323495e+01
   2.2120000e+01  -1.5188852e+01
   2.2125000e+01  -1.0012747e+01
   2.2130000e+01  -4.8733747e+00
   2.2135000e+01   2.3062580e-01
   2.2140000e+01   5.3267466e+00
   2.2145000e+01   1.0421967e+01
   2.2150000e+01   1.5483889e+01
   2.2155000e+01   2.0468288e+01
   2.2160000e+01   2.5380180e+01
   2.2165000e+01   3.0317437e+01
   2.2170000e+01   3.5443206e+01
   2.2175000e+01   4.0880484e+01
   2.2180000e+01   4.6586180e+01
   2.2185000e+01   5.2290778e+01
   2.2190000e+01   5.7558283e+01
   2.2195000e+01   6.1949493e+01
   2.2200000e+01   6.5205543e+01
   2.2205000e+01   6.7348574e+01
   2.2210000e+01   6.8637170e+01
   2.2215000e+01   6.9396986e+01
   2.2220000e+01   6.9824842e+01
   2.2225000e+01   6.9885193e+01
   2.2230000e+01   6.9360137e+01
   2.2235000e+01   6.8012491e+01
   2.2240000e+01   6.5749308e+01
   2.2245000e+01   6.2685769e+01
   2.2250000e+01   5.9091807e+01
   2.2255000e+01   5.5282854e+01
   2.2260000e+01   5.1530833e+01
   2.2265000e+01   4.8028428e+01
   2.2270000e+01   4.4892639e+01
   2.2275000e+01   4.2181431e+01
   2.2280000e+01   3.9910412e+01
   2.2285000e+01   3.8062832e+01
   2.2290000e+01   3.6577695e+01
   2.2295000e+01   3.5304453e+01
   2.2300000e+01   3.3949495e+01
   2.2305000e+01   3.2080795e+01
   2.2310000e+01   2.9244690e+01
   2.2315000e+01   2.5166587e+01
   2.2320000e+01   1.9917422e+01
   2.2325000e+01   1.3917719e+01
   2.2330000e+01   7.7469073e+00
   2.2335000e+01   1.8623155e+00
   2.2340000e+01  -3.5913827e+00
   2.2345000e+01  -8.7452325e+00
   2.2350000e+01  -1.3747158e+01
   2.2355000e+01  -1.8440308e+01
   2.2360000e+01  -2.2199843e+01
   2.2365000e+01  -2.4069865e+01
   2.2370000e+01  -2.3162714e+01
   2.2375000e+01  -1.9116012e+01
   2.2380000e+01  -1.2356239e+01
   2.2385000e+01  -4.0207138e+00
   2.2390000e+01   4.4233378e+00
   2.2395000e+01   1.1667318e+01
   2.2400000e+01   1.6923368e+01
   2.2405000e+01   2.0014741e+01
   2.2410000e+01   2.1201107e+01
   2.2415000e+01   2.0871984e+01
   2.2420000e+01   1.9281588e+01
   2.2425000e+01   1.6443837e+01
   2.2430000e+01   1.2198884e+01
   2.2435000e+01   6.3703759e+00
   2.2440000e+01  -1.0906571e+00
   2.2445000e+01  -1.0031282e+01
   2.2450000e+01  -2.0078494e+01
   2.2455000e+01  -3.0636482e+01
   2.2460000e+01  -4.0891301e+01
   2.2465000e+01  -4.9866291e+01
   2.2470000e+01  -5.6575727e+01
   2.2475000e+01  -6.0258602e+01
   2.2480000e+01  -6.0590569e+01
   2.2485000e+01  -5.7752390e+01
   2.2490000e+01  -5.2310945e+01
   2.2495000e+01  -4.4987797e+01
   2.2500000e+01  -3.6452473e+01
   2.2505000e+01  -2.7235036e+01
   2.2510000e+01  -1.7750713e+01
   2.2515000e+01  -8.3594419e+00
   2.2520000e+01   6.0676688e-01
   2.2525000e+01   8.8558637e+00
   2.2530000e+01   1.6149935e+01
   2.2535000e+01   2.2290661e+01
   2.2540000e+01   2.7084267e+01
   2.2545000e+01   3.0322548e+01
   2.2550000e+01   3.1809588e+01
   2.2555000e+01   3.1433108e+01
   2.2560000e+01   2.9253056e+01
   2.2565000e+01   2.5571441e+01
   2.2570000e+01   2.0950381e+01
   2.2575000e+01   1.6154845e+01
   2.2580000e+01   1.2019727e+01
   2.2585000e+01   9.2791918e+00
   2.2590000e+01   8.4271021e+00
   2.2595000e+01   9.6688882e+00
   2.2600000e+01   1.2972440e+01
   2.2605000e+01   1.8165642e+01
   2.2610000e+01   2.5009866e+01
   2.2615000e+01   3.3216600e+01
   2.2620000e+01   4.2433086e+01
   2.2625000e+01   5.2248441e+01
   2.2630000e+01   6.2242215e+01
   2.2635000e+01   7.2044152e+01
   2.2640000e+01   8.1351994e+01
   2.2645000e+01   8.9888607e+01
   2.2650000e+01   9.7339606e+01
   2.2655000e+01   1.0333990e+02
   2.2660000e+01   1.0753958e+02
   2.2665000e+01   1.0970558e+02
   2.2670000e+01   1.0977673e+02
   2.2675000e+01   1.0783189e+02
   2.2680000e+01   1.0401811e+02
   2.2685000e+01   9.8532630e+01
   2.2690000e+01   9.1703621e+01
   2.2695000e+01   8.4104596e+01
   2.2700000e+01   7.6570207e+01
   2.2705000e+01   7.0027430e+01
   2.2710000e+01   6.5191513e+01
   2.2715000e+01   6.2294713e+01
   2.2720000e+01   6.1021411e+01
   2.2725000e+01   6.0705929e+01
   2.2730000e+01   6.0690258e+01
   2.2735000e+01   6.0644351e+01
   2.2740000e+01   6.0679434e+01
   2.2745000e+01   6.1212325e+01
   2.2750000e+01   6.2683700e+01
   2.2755000e+01   6.5304750e+01
   2.2760000e+01   6.8961570e+01
   2.2765000e+01   7.3283007e+01
   2.2770000e+01   7.7772984e+01
   2.2775000e+01   8.1903921e+01
   2.2780000e+01   8.5156222e+01
   2.2785000e+01   8.7074588e+01
   2.2790000e+01   8.7400639e+01
   2.2795000e+01   8.6233281e+01
   2.2800000e+01   8.4071456e+01
   2.2805000e+01   8.1627520e+01
   2.2810000e+01   7.9465986e+01
   2.2815000e+01   7.7684617e+01
   2.2820000e+01   7.5860361e+01
   2.2825000e+01   7.3308990e+01
   2.2830000e+01   6.9488713e+01
   2.2835000e+01   6.4286384e+01
   2.2840000e+01   5.8021599e+01
   2.2845000e+01   5.1201225e+01
   2.2850000e+01   4.4205728e+01
   2.2855000e+01   3.7098615e+01
   2.2860000e+01   2.9641721e+01
   2.2865000e+01   2.1466064e+01
   2.2870000e+01   1.2277817e+01
   2.2875000e+01   1.9940044e+00
   2.2880000e+01  -9.2366715e+00
   2.2885000e+01  -2.1115996e+01
   2.2890000e+01  -3.3335208e+01
   2.2895000e+01  -4.5704188e+01
   2.2900000e+01  -5.8199498e+01
   2.2905000e+01  -7.0889106e+01
   2.2910000e+01  -8.3755811e+01
   2.2915000e+01  -9.6503610e+01
   2.2920000e+01  -1.0844747e+02
   2.2925000e+01  -1.1855221e+02
   2.2930000e+01  -1.2562966e+02
   2.2935000e+01  -1.2864717e+02
   2.2940000e+01  -1.2704763e+02
   2.2945000e+01  -1.2094908e+02
   2.2950000e+01  -1.1111890e+02
   2.2955000e+01  -9.8718377e+01
   2.2960000e+01  -8.4938683e+01
   2.2965000e+01  -7.0708007e+01
   2.2970000e+01  -5.6596225e+01
   2.2975000e+01  -4.2915339e+01
   2.2980000e+01  -2.9901212e+01
   2.2985000e+01  -1.7834828e+01
   2.2990000e+01  -7.0275578e+00
   2.2995000e+01   2.2990816e+00
   2.3000000e+01   1.0138407e+01
   2.3005000e+01   1.6736211e+01
   2.3010000e+01   2.2516916e+01
   2.3015000e+01   2.7943395e+01
   2.3020000e+01   3.3382608e+01
   2.3025000e+01   3.9031442e+01
   2.3030000e+01   4.4917530e+01
   2.3035000e+01   5.0953145e+01
   2.3040000e+01   5.7002570e+01
   2.3045000e+01   6.2929656e+01
   2.3050000e+01   6.8613915e+01
   2.3055000e+01   7.3942807e+01
   2.3060000e+01   7.8794015e+01
   2.3065000e+01   8.3019487e+01
   2.3070000e+01   8.6444351e+01
   2.3075000e+01   8.8899581e+01
   2.3080000e+01   9.0302326e+01
   2.3085000e+01   9.0765210e+01
   2.3090000e+01   9.0666933e+01
   2.3095000e+01   9.0597778e+01
   2.3100000e+01   9.1148380e+01
   2.3105000e+01   9.2623451e+01
   2.3110000e+01   9.4852320e+01
   2.3115000e+01   9.7246064e+01
   2.3120000e+01   9.9105709e+01
   2.3125000e+01   1.0001190e+02
   2.3130000e+01   1.0005473e+02
   2.3135000e+01   9.9756306e+01
   2.3140000e+01   9.9738079e+01
   2.3145000e+01   1.0034702e+02
   2.3150000e+01   1.0146640e+02
   2.3155000e+01   1.0260424e+02
   2.3160000e+01   1.0317926e+02
   2.3165000e+01   1.0282546e+02
   2.3170000e+01   1.0155539e+02
   2.3175000e+01   9.9723268e+01
   2.3180000e+01   9.7839969e+01
   2.3185000e+01   9.6356118e+01
   2.3190000e+01   9.5524394e+01
   2.3195000e+01   9.5391964e+01
   2.3200000e+01   9.5894092e+01
   2.3205000e+01   9.6964369e+01
   2.3210000e+01   9.8579312e+01
   2.3215000e+01   1.0071400e+02
   2.3220000e+01   1.0325498e+02
   2.3225000e+01   1.0594238e+02
   2.3230000e+01   1.0838059e+02
   2.3235000e+01   1.1010199e+02
   2.3240000e+01   1.1063638e+02
   2.3245000e+01   1.0954901e+02
   2.3250000e+01   1.0644628e+02
   2.3255000e+01   1.0098080e+02
   2.3260000e+01   9.2888571e+01
   2.3265000e+01   8.2059649e+01
   2.3270000e+01   6.8605725e+01
   2.3275000e+01   5.2878125e+01
   2.3280000e+01   3.5417826e+01
   2.3285000e+01   1.6861060e+01
   2.3290000e+01  -2.1564083e+00
   2.3295000e+01  -2.1070470e+01
   2.3300000e+01  -3.9440843e+01
   2.3305000e+01  -5.7001028e+01
   2.3310000e+01  -7.3705100e+01
   2.3315000e+01  -8.9746779e+01
   2.3320000e+01  -1.0552379e+02
   2.3325000e+01  -1.2154210e+02
   2.3330000e+01  -1.3828031e+02
   2.3335000e+01  -1.5604850e+02
   2.3340000e+01  -1.7487881e+02
   2.3345000e+01  -1.9448494e+02
   2.3350000e+01  -2.1431675e+02
   2.3355000e+01  -2.3370523e+02
   2.3360000e+01  -2.5205063e+02
   2.3365000e+01  -2.6897920e+02
   2.3370000e+01  -2.8440356e+02
   2.3375000e+01  -2.9846621e+02
   2.3380000e+01  -3.1139778e+02
   2.3385000e+01  -3.2334704e+02
   2.3390000e+01  -3.3422912e+02
   2.3395000e+01  -3.4361883e+02
   2.3400000e+01  -3.5072412e+02
   2.3405000e+01  -3.5449784e+02
   2.3410000e+01  -3.5392328e+02
   2.3415000e+01  -3.4840458e+02
   2.3420000e+01  -3.3807074e+02
   2.3425000e+01  -3.2378522e+02
   2.3430000e+01  -3.0680207e+02
   2.3435000e+01  -2.8823065e+02
   2.3440000e+01  -2.6859318e+02
   2.3445000e+01  -2.4768987e+02
   2.3450000e+01  -2.2479430e+02
   2.3455000e+01  -1.9903804e+02
   2.3460000e+01  -1.6980442e+02
   2.3465000e+01  -1.3701694e+02
   2.3470000e+01  -1.0128593e+02
   2.3475000e+01  -6.3906022e+01
   2.3480000e+01  -2.6690410e+01
   2.3485000e+01   8.3527066e+00
   2.3490000e+01   3.9428354e+01
   2.3495000e+01   6.5302201e+01
   2.3500000e+01   8.5440428e+01
   2.3505000e+01   9.9893476e+01
   2.3510000e+01   1.0901652e+02
   2.3515000e+01   1.1320107e+02
   2.3520000e+01   1.1275120e+02
   2.3525000e+01   1.0791180e+02
   2.3530000e+01   9.8952985e+01
   2.3535000e+01   8.6210091e+01
   2.3540000e+01   7.0056350e+01
   2.3545000e+01   5.0860067e+01
   2.3550000e+01   2.8986745e+01
   2.3555000e+01   4.8555856e+00
   2.3560000e+01  -2.0993370e+01
   2.3565000e+01  -4.7874703e+01
   2.3570000e+01  -7.4996569e+01
   2.3575000e+01  -1.0154596e+02
   2.3580000e+01  -1.2678685e+02
   2.3585000e+01  -1.5014067e+02
   2.3590000e+01  -1.7122576e+02
   2.3595000e+01  -1.8984546e+02
   2.3600000e+01  -2.0593724e+02
   2.3605000e+01  -2.1951527e+02
   2.3610000e+01  -2.3063607e+02
   2.3615000e+01  -2.3939337e+02
   2.3620000e+01  -2.4592302e+02
   2.3625000e+01  -2.5039559e+02
   2.3630000e+01  -2.5299193e+02
   2.3635000e+01  -2.5387709e+02
   2.3640000e+01  -2.5318957e+02
   2.3645000e+01  -2.5104527e+02
   2.3650000e+01  -2.4754144e+02
   2.3655000e+01  -2.4275137e+02
   2.3660000e+01  -2.3671990e+02
   2.3665000e+01  -2.2947680e+02
   2.3670000e+01  -2.2106924e+02
   2.3675000e+01  -2.1159395e+02
   2.3680000e+01  -2.0120722e+02
   2.3685000e+01  -1.9010460e+02
   2.3690000e+01  -1.7847174e+02
   2.3695000e+01  -1.6640543e+02
   2.3700000e+01  -1.5380773e+02
   2.3705000e+01  -1.4028482e+02
   2.3710000e+01  -1.2512107e+02
   2.3715000e+01  -1.0739886e+02
   2.3720000e+01  -8.6266759e+01
   2.3725000e+01  -6.1256078e+01
   2.3730000e+01  -3.2490586e+01
   2.3735000e+01  -6.8439704e-01
   2.3740000e+01   3.3050854e+01
   2.3745000e+01   6.7463249e+01
   2.3750000e+01   1.0135085e+02
   2.3755000e+01   1.3363947e+02
   2.3760000e+01   1.6339824e+02
   2.3765000e+01   1.8987086e+02
   2.3770000e+01   2.1254842e+02
   2.3775000e+01   2.3123685e+02
   2.3780000e+01   2.4604995e+02
   2.3785000e+01   2.5730724e+02
   2.3790000e+01   2.6538328e+02
   2.3795000e+01   2.7058474e+02
   2.3800000e+01   2.7310424e+02
   2.3805000e+01   2.7304887e+02
   2.3810000e+01   2.7050350e+02
   2.3815000e+01   2.6558135e+02
   2.3820000e+01   2.5843077e+02
   2.3825000e+01   2.4919818e+02
   2.3830000e+01   2.3797891e+02
   2.3835000e+01   2.2479954e+02
   2.3840000e+01   2.0965561e+02
   2.3845000e+01   1.9259024e+02
   2.3850000e+01   1.7377198e+02
   2.3855000e+01   1.5353010e+02
   2.3860000e+01   1.3232491e+02
   2.3865000e+01   1.1065480e+02
   2.3870000e+01   8.8926695e+01
   2.3875000e+01   6.7342135e+01
   2.3880000e+01   4.5867355e+01
   2.3885000e+01   2.4337297e+01
   2.3890000e+01   2.6736737e+00
   2.3895000e+01  -1.8893199e+01
   2.3900000e+01  -3.9749053e+01
   2.3905000e+01  -5.9048241e+01
   2.3910000e+01  -7.6024529e+01
   2.3915000e+01  -9.0271293e+01
   2.3920000e+01  -1.0182090e+02
   2.3925000e+01  -1.1099907e+02
   2.3930000e+01  -1.1817937e+02
   2.3935000e+01  -1.2359717e+02
   2.3940000e+01  -1.2730007e+02
   2.3945000e+01  -1.2920726e+02
   2.3950000e+01  -1.2920809e+02
   2.3955000e+01  -1.2725525e+02
   2.3960000e+01  -1.2344423e+02
   2.3965000e+01  -1.1807755e+02
   2.3970000e+01  -1.1169191e+02
   2.3975000e+01  -1.0501010e+02
   2.3980000e+01  -9.8796254e+01
   2.3985000e+01  -9.3642503e+01
   2.3990000e+01  -8.9768862e+01
   2.3995000e+01  -8.6936147e+01
   2.4000000e+01  -8.4531602e+01
   2.4005000e+01  -8.1802002e+01
   2.4010000e+01  -7.8127346e+01
   2.4015000e+01  -7.3201337e+01
   2.4020000e+01  -6.7033760e+01
   2.4025000e+01  -5.9790083e+01
   2.4030000e+01  -5.1575658e+01
   2.4035000e+01  -4.2296637e+01
   2.4040000e+01  -3.1671681e+01
   2.4045000e+01  -1.9372227e+01
   2.4050000e+01  -5.2033827e+00
   2.4055000e+01   1.0764023e+01
   2.4060000e+01   2.8159966e+01
   2.4065000e+01   4.6388855e+01
   2.4070000e+01   6.4787430e+01
   2.4075000e+01   8.2812843e+01
   2.4080000e+01   1.0018399e+02
   2.4085000e+01   1.1691363e+02
   2.4090000e+01   1.3322479e+02
   2.4095000e+01   1.4940139e+02
   2.4100000e+01   1.6563423e+02
   2.4105000e+01   1.8189437e+02
   2.4110000e+01   1.9784211e+02
   2.4115000e+01   2.1278490e+02
   2.4120000e+01   2.2571257e+02
   2.4125000e+01   2.3543402e+02
   2.4130000e+01   2.4080795e+02
   2.4135000e+01   2.4101346e+02
   2.4140000e+01   2.3576663e+02
   2.4145000e+01   2.2538796e+02
   2.4150000e+01   2.1068249e+02
   2.4155000e+01   1.9269114e+02
   2.4160000e+01   1.7244269e+02
   2.4165000e+01   1.5082300e+02
   2.4170000e+01   1.2858558e+02
   2.4175000e+01   1.0642308e+02
   2.4180000e+01   8.4984737e+01
   2.4185000e+01   6.4787824e+01
   2.4190000e+01   4.6082004e+01
   2.4195000e+01   2.8788321e+01
   2.4200000e+01   1.2591161e+01
   2.4205000e+01  -2.8544539e+00
   2.4210000e+01  -1.7726837e+01
   2.4215000e+01  -3.1969423e+01
   2.4220000e+01  -4.5374967e+01
   2.4225000e+01  -5.7750971e+01
   2.4230000e+01  -6.9060165e+01
   2.4235000e+01  -7.9462876e+01
   2.4240000e+01  -8.9253488e+01
   2.4245000e+01  -9.8738779e+01
   2.4250000e+01  -1.0812553e+02
   2.4255000e+01  -1.1746433e+02
   2.4260000e+01  -1.2665357e+02
   2.4265000e+01  -1.3547475e+02
   2.4270000e+01  -1.4362753e+02
   2.4275000e+01  -1.5075601e+02
   2.4280000e+01  -1.5648049e+02
   2.4285000e+01  -1.6045294e+02
   2.4290000e+01  -1.6243743e+02
   2.4295000e+01  -1.6239458e+02
   2.4300000e+01  -1.6053859e+02
   2.4305000e+01  -1.5733891e+02
   2.4310000e+01  -1.5344882e+02
   2.4315000e+01  -1.4956065e+02
   2.4320000e+01  -1.4621762e+02
   2.4325000e+01  -1.4364839e+02
   2.4330000e+01  -1.4170144e+02
   2.4335000e+01  -1.3992043e+02
   2.4340000e+01  -1.3772873e+02
   2.4345000e+01  -1.3462895e+02
   2.4350000e+01  -1.3032347e+02
   2.4355000e+01  -1.2472489e+02
   2.4360000e+01  -1.1790167e+02
   2.4365000e+01  -1.1003335e+02
   2.4370000e+01  -1.0141237e+02
   2.4375000e+01  -9.2464822e+01
   2.4380000e+01  -8.3730499e+01
   2.4385000e+01  -7.5772431e+01
   2.4390000e+01  -6.9048087e+01
   2.4395000e+01  -6.3812124e+01
   2.4400000e+01  -6.0099483e+01
   2.4405000e+01  -5.7779097e+01
   2.4410000e+01  -5.6628205e+01
   2.4415000e+01  -5.6388631e+01
   2.4420000e+01  -5.6804466e+01
   2.4425000e+01  -5.7655627e+01
   2.4430000e+01  -5.8782159e+01
   2.4435000e+01  -6.0078313e+01
   2.4440000e+01  -6.1455798e+01
   2.4445000e+01  -6.2811276e+01
   2.4450000e+01  -6.4037178e+01
   2.4455000e+01  -6.5076900e+01
   2.4460000e+01  -6.5984095e+01
   2.4465000e+01  -6.6940369e+01
   2.4470000e+01  -6.8214370e+01
   2.4475000e+01  -7.0079274e+01
   2.4480000e+01  -7.2725748e+01
   2.4485000e+01  -7.6210192e+01
   2.4490000e+01  -8.0461406e+01
   2.4495000e+01  -8.5335319e+01
   2.4500000e+01  -9.0675545e+01
   2.4505000e+01  -9.6333662e+01
   2.4510000e+01  -1.0213435e+02
   2.4515000e+01  -1.0781541e+02
   2.4520000e+01  -1.1299959e+02
   2.4525000e+01  -1.1724331e+02
   2.4530000e+01  -1.2015978e+02
   2.4535000e+01  -1.2155922e+02
   2.4540000e+01  -1.2152252e+02
   2.4545000e+01  -1.2035038e+02
   2.4550000e+01  -1.1840104e+02
   2.4555000e+01  -1.1590574e+02
   2.4560000e+01  -1.1287232e+02
   2.4565000e+01  -1.0913202e+02
   2.4570000e+01  -1.0448839e+02
   2.4575000e+01  -9.8864873e+01
   2.4580000e+01  -9.2362728e+01
   2.4585000e+01  -8.5215311e+01
   2.4590000e+01  -7.7692016e+01
   2.4595000e+01  -7.0016864e+01
   2.4600000e+01  -6.2330600e+01
   2.4605000e+01  -5.4686061e+01
   2.4610000e+01  -4.7055582e+01
   2.4615000e+01  -3.9342194e+01
   2.4620000e+01  -3.1399912e+01
   2.4625000e+01  -2.3066795e+01
   2.4630000e+01  -1.4202640e+01
   2.4635000e+01  -4.7179846e+00
   2.4640000e+01   5.4110545e+00
   2.4645000e+01   1.6137138e+01
   2.4650000e+01   2.7340472e+01
   2.4655000e+01   3.8836018e+01
   2.4660000e+01   5.0396376e+01
   2.4665000e+01   6.1788881e+01
   2.4670000e+01   7.2814681e+01
   2.4675000e+01   8.3335166e+01
   2.4680000e+01   9.3275702e+01
   2.4685000e+01   1.0260278e+02
   2.4690000e+01   1.1128002e+02
   2.4695000e+01   1.1922222e+02
   2.4700000e+01   1.2627512e+02
   2.4705000e+01   1.3224000e+02
   2.4710000e+01   1.3693707e+02
   2.4715000e+01   1.4027401e+02
   2.4720000e+01   1.4227330e+02
   2.4725000e+01   1.4302785e+02
   2.4730000e+01   1.4259970e+02
   2.4735000e+01   1.4092639e+02
   2.4740000e+01   1.3780884e+02
   2.4745000e+01   1.3300313e+02
   2.4750000e+01   1.2636181e+02
   2.4755000e+01   1.1793533e+02
   2.4760000e+01   1.0798019e+02
   2.4765000e+01   9.6888079e+01
   2.4770000e+01   8.5091040e+01
   2.4775000e+01   7.2989060e+01
   2.4780000e+01   6.0916391e+01
   2.4785000e+01   4.9142305e+01
   2.4790000e+01   3.7897210e+01
   2.4795000e+01   2.7412831e+01
   2.4800000e+01   1.7957859e+01
   2.4805000e+01   9.8441218e+00
   2.4810000e+01   3.3842275e+00
   2.4815000e+01  -1.1949784e+00
   2.4820000e+01  -3.8460378e+00
   2.4825000e+01  -4.7445746e+00
   2.4830000e+01  -4.2423788e+00
   2.4835000e+01  -2.7422137e+00
   2.4840000e+01  -5.6298020e-01
   2.4845000e+01   2.1216737e+00
   2.4850000e+01   5.2321934e+00
   2.4855000e+01   8.6545729e+00
   2.4860000e+01   1.2124853e+01
   2.4865000e+01   1.5218221e+01
   2.4870000e+01   1.7477971e+01
   2.4875000e+01   1.8634457e+01
   2.4880000e+01   1.8799585e+01
   2.4885000e+01   1.8521149e+01
   2.4890000e+01   1.8648955e+01
   2.4895000e+01   2.0063424e+01
   2.4900000e+01   2.3390256e+01
   2.4905000e+01   2.8830525e+01
   2.4910000e+01   3.6172102e+01
   2.4915000e+01   4.4954535e+01
   2.4920000e+01   5.4688540e+01
   2.4925000e+01   6.5016864e+01
   2.4930000e+01   7.5747167e+01
   2.4935000e+01   8.6765532e+01
   2.4940000e+01   9.7909477e+01
   2.4945000e+01   1.0889749e+02
   2.4950000e+01   1.1936254e+02
   2.4955000e+01   1.2895517e+02
   2.4960000e+01   1.3743217e+02
   2.4965000e+01   1.4466899e+02
   2.4970000e+01   1.5060473e+02
   2.4975000e+01   1.5518249e+02
   2.4980000e+01   1.5834078e+02
   2.4985000e+01   1.6005760e+02
   2.4990000e+01   1.6039846e+02
   2.4995000e+01   1.5952340e+02
   2.5000000e+01   1.5765964e+02
   2.5005000e+01   1.5509037e+02
   2.5010000e+01   1.5219070e+02
   2.5015000e+01   1.4946818e+02
   2.5020000e+01   1.4751731e+02
   2.5025000e+01   1.4684798e+02
   2.5030000e+01   1.4767054e+02
   2.5035000e+01   1.4979795e+02
   2.5040000e+01   1.5276411e+02
   2.5045000e+01   1.5609343e+02
   2.5050000e+01   1.5953210e+02
   2.5055000e+01   1.6308106e+02
   2.5060000e+01   1.6683201e+02
   2.5065000e+01   1.7076034e+02
   2.5070000e+01   1.7464653e+02
   2.5075000e+01   1.7817575e+02
   2.5080000e+01   1.8111753e+02
   2.5085000e+01   1.8343679e+02
   2.5090000e+01   1.8526031e+02
   2.5095000e+01   1.8674198e+02
   2.5100000e+01   1.8793656e+02
   2.5105000e+01   1.8876568e+02
   2.5110000e+01   1.8908114e+02
   2.5115000e+01   1.8876604e+02
   2.5120000e+01   1.8779760e+02
   2.5125000e+01   1.8622929e+02
   2.5130000e+01   1.8410882e+02
   2.5135000e+01   1.8139748e+02
   2.5140000e+01   1.7795777e+02
   2.5145000e+01   1.7362412e+02
   2.5150000e+01   1.6830294e+02
   2.5155000e+01   1.6202053e+02
   2.5160000e+01   1.5487862e+02
   2.5165000e+01   1.4695195e+02
   2.5170000e+01   1.3820663e+02
   2.5175000e+01   1.2849583e+02
   2.5180000e+01   1.1762715e+02
   2.5185000e+01   1.0544805e+02
   2.5190000e+01   9.1898743e+01
   2.5195000e+01   7.7022371e+01
   2.5200000e+01   6.0955970e+01
   2.5205000e+01   4.3922799e+01
   2.5210000e+01   2.6219565e+01
   2.5215000e+01   8.1778789e+00
   2.5220000e+01  -9.8995795e+00
   2.5225000e+01  -2.7790479e+01
   2.5230000e+01  -4.5344376e+01
   2.5235000e+01  -6.2406926e+01
   2.5240000e+01  -7.8730527e+01
   2.5245000e+01  -9.3948912e+01
   2.5250000e+01  -1.0764800e+02
   2.5255000e+01  -1.1948442e+02
   2.5260000e+01  -1.2925873e+02
   2.5265000e+01  -1.3688620e+02
   2.5270000e+01  -1.4229504e+02
   2.5275000e+01  -1.4534404e+02
   2.5280000e+01  -1.4583508e+02
   2.5285000e+01  -1.4361569e+02
   2.5290000e+01  -1.3869273e+02
   2.5295000e+01  -1.3127276e+02
   2.5300000e+01  -1.2170915e+02
   2.5305000e+01  -1.1040971e+02
   2.5310000e+01  -9.7779434e+01
   2.5315000e+01  -8.4227374e+01
   2.5320000e+01  -7.0202481e+01
   2.5325000e+01  -5.6198385e+01
   2.5330000e+01  -4.2699603e+01
   2.5335000e+01  -3.0098821e+01
   2.5340000e+01  -1.8644126e+01
   2.5345000e+01  -8.4513395e+00
   2.5350000e+01   4.3704061e-01
   2.5355000e+01   7.9993562e+00
   2.5360000e+01   1.4229371e+01
   2.5365000e+01   1.9176474e+01
   2.5370000e+01   2.2997859e+01
   2.5375000e+01   2.5987033e+01
   2.5380000e+01   2.8560890e+01
   2.5385000e+01   3.1205195e+01
   2.5390000e+01   3.4388613e+01
   2.5395000e+01   3.8463505e+01
   2.5400000e+01   4.3580840e+01
   2.5405000e+01   4.9650764e+01
   2.5410000e+01   5.6372206e+01
   2.5415000e+01   6.3333204e+01
   2.5420000e+01   7.0152848e+01
   2.5425000e+01   7.6607550e+01
   2.5430000e+01   8.2678222e+01
   2.5435000e+01   8.8487072e+01
   2.5440000e+01   9.4154318e+01
   2.5445000e+01   9.9657614e+01
   2.5450000e+01   1.0477954e+02
   2.5455000e+01   1.0917411e+02
   2.5460000e+01   1.1250907e+02
   2.5465000e+01   1.1459806e+02
   2.5470000e+01   1.1545068e+02
   2.5475000e+01   1.1522400e+02
   2.5480000e+01   1.1411500e+02
   2.5485000e+01   1.1225565e+02
   2.5490000e+01   1.0965864e+02
   2.5495000e+01   1.0622674e+02
   2.5500000e+01   1.0180486e+02
   2.5505000e+01   9.6239056e+01
   2.5510000e+01   8.9416292e+01
   2.5515000e+01   8.1279964e+01
   2.5520000e+01   7.1832328e+01
   2.5525000e+01   6.1134130e+01
   2.5530000e+01   4.9301292e+01
   2.5535000e+01   3.6495066e+01
   2.5540000e+01   2.2909357e+01
   2.5545000e+01   8.7638664e+00
   2.5550000e+01  -5.6951062e+00
   2.5555000e+01  -2.0195424e+01
   2.5560000e+01  -3.4453482e+01
   2.5565000e+01  -4.8206107e+01
   2.5570000e+01  -6.1251699e+01
   2.5575000e+01  -7.3482090e+01
   2.5580000e+01  -8.4883032e+01
   2.5585000e+01  -9.5491119e+01
   2.5590000e+01  -1.0532172e+02
   2.5595000e+01  -1.1431210e+02
   2.5600000e+01  -1.2232689e+02
   2.5605000e+01  -1.2923250e+02
   2.5610000e+01  -1.3498720e+02
   2.5615000e+01  -1.3966878e+02
   2.5620000e+01  -1.4340663e+02
   2.5625000e+01  -1.4626549e+02
   2.5630000e+01  -1.4817037e+02
   2.5635000e+01  -1.4892665e+02
   2.5640000e+01  -1.4831581e+02
   2.5645000e+01  -1.4620039e+02
   2.5650000e+01  -1.4258015e+02
   2.5655000e+01  -1.3758153e+02
   2.5660000e+01  -1.3140220e+02
   2.5665000e+01  -1.2425146e+02
   2.5670000e+01  -1.1632263e+02
   2.5675000e+01  -1.0781168e+02
   2.5680000e+01  -9.8965107e+01
   2.5685000e+01  -9.0116227e+01
   2.5690000e+01  -8.1670042e+01
   2.5695000e+01  -7.4024054e+01
   2.5700000e+01  -6.7451279e+01
   2.5705000e+01  -6.1998783e+01
   2.5710000e+01  -5.7455447e+01
   2.5715000e+01  -5.3415826e+01
   2.5720000e+01  -4.9422976e+01
   2.5725000e+01  -4.5127759e+01
   2.5730000e+01  -4.0380230e+01
   2.5735000e+01  -3.5196442e+01
   2.5740000e+01  -2.9621018e+01
   2.5745000e+01  -2.3583693e+01
   2.5750000e+01  -1.6860503e+01
   2.5755000e+01  -9.1779048e+00
   2.5760000e+01  -3.9620754e-01
   2.5765000e+01   9.3428028e+00
   2.5770000e+01   1.9589205e+01
   2.5775000e+01   2.9688610e+01
   2.5780000e+01   3.8961298e+01
   2.5785000e+01   4.6879626e+01
   2.5790000e+01   5.3180408e+01
   2.5795000e+01   5.7879591e+01
   2.5800000e+01   6.1192530e+01
   2.5805000e+01   6.3400541e+01
   2.5810000e+01   6.4730124e+01
   2.5815000e+01   6.5302348e+01
   2.5820000e+01   6.5160904e+01
   2.5825000e+01   6.4331735e+01
   2.5830000e+01   6.2854801e+01
   2.5835000e+01   6.0772510e+01
   2.5840000e+01   5.8114779e+01
   2.5845000e+01   5.4926827e+01
   2.5850000e+01   5.1333194e+01
   2.5855000e+01   4.7576800e+01
   2.5860000e+01   4.3978609e+01
   2.5865000e+01   4.0830589e+01
   2.5870000e+01   3.8295163e+01
   2.5875000e+01   3.6378614e+01
   2.5880000e+01   3.4984402e+01
   2.5885000e+01   3.3996354e+01
   2.5890000e+01   3.3334251e+01
   2.5895000e+01   3.2956280e+01
   2.5900000e+01   3.2819946e+01
   2.5905000e+01   3.2833156e+01
   2.5910000e+01   3.2826687e+01
   2.5915000e+01   3.2562413e+01
   2.5920000e+01   3.1769863e+01
   2.5925000e+01   3.0193425e+01
   2.5930000e+01   2.7639915e+01
   2.5935000e+01   2.4027601e+01
   2.5940000e+01   1.9433782e+01
   2.5945000e+01   1.4119172e+01
   2.5950000e+01   8.4958889e+00
   2.5955000e+01   3.0235242e+00
   2.5960000e+01  -1.9383948e+00
   2.5965000e+01  -6.2524684e+00
   2.5970000e+01  -1.0028727e+01
   2.5975000e+01  -1.3530711e+01
   2.5980000e+01  -1.7013071e+01
   2.5985000e+01  -2.0586789e+01
   2.5990000e+01  -2.4188571e+01
   2.5995000e+01  -2.7658367e+01
   2.6000000e+01  -3.0857796e+01
   2.6005000e+01  -3.3744685e+01
   2.6010000e+01  -3.6363486e+01
   2.6015000e+01  -3.8778504e+01
   2.6020000e+01  -4.1014232e+01
   2.6025000e+01  -4.3049795e+01
   2.6030000e+01  -4.4862462e+01
   2.6035000e+01  -4.6474573e+01
   2.6040000e+01  -4.7962540e+01
   2.6045000e+01  -4.9427377e+01
   2.6050000e+01  -5.0962086e+01
   2.6055000e+01  -5.2647696e+01
   2.6060000e+01  -5.4573765e+01
   2.6065000e+01  -5.6849320e+01
   2.6070000e+01  -5.9576045e+01
   2.6075000e+01  -6.2789231e+01
   2.6080000e+01  -6.6401920e+01
   2.6085000e+01  -7.0191072e+01
   2.6090000e+01  -7.3843137e+01
   2.6095000e+01  -7.7045828e+01
   2.6100000e+01  -7.9587568e+01
   2.6105000e+01  -8.1415961e+01
   2.6110000e+01  -8.2618787e+01
   2.6115000e+01  -8.3326771e+01
   2.6120000e+01  -8.3583533e+01
   2.6125000e+01  -8.3258676e+01
   2.6130000e+01  -8.2069065e+01
   2.6135000e+01  -7.9715789e+01
   2.6140000e+01  -7.6067132e+01
   2.6145000e+01  -7.1272798e+01
   2.6150000e+01  -6.5724484e+01
   2.6155000e+01  -5.9875694e+01
   2.6160000e+01  -5.4033924e+01
   2.6165000e+01  -4.8261976e+01
   2.6170000e+01  -4.2447675e+01
   2.6175000e+01  -3.6479567e+01
   2.6180000e+01  -3.0394293e+01
   2.6185000e+01  -2.4392494e+01
   2.6190000e+01  -1.8724923e+01
   2.6195000e+01  -1.3544277e+01
   2.6200000e+01  -8.8315335e+00
   2.6205000e+01  -4.4371553e+00
   2.6210000e+01  -1.8979741e-01
   2.6215000e+01   4.0126987e+00
   2.6220000e+01   8.1846744e+00
   2.6225000e+01   1.2299960e+01
   2.6230000e+01   1.6356951e+01
   2.6235000e+01   2.0411107e+01
   2.6240000e+01   2.4552571e+01
   2.6245000e+01   2.8846106e+01
   2.6250000e+01   3.3278894e+01
   2.6255000e+01   3.7755977e+01
   2.6260000e+01   4.2142316e+01
   2.6265000e+01   4.6310361e+01
   2.6270000e+01   5.0154008e+01
   2.6275000e+01   5.3571779e+01
   2.6280000e+01   5.6456739e+01
   2.6285000e+01   5.8720320e+01
   2.6290000e+01   6.0336702e+01
   2.6295000e+01   6.1369073e+01
   2.6300000e+01   6.1950678e+01
   2.6305000e+01   6.2222728e+01
   2.6310000e+01   6.2250608e+01
   2.6315000e+01   6.1947243e+01
   2.6320000e+01   6.1039243e+01
   2.6325000e+01   5.9110098e+01
   2.6330000e+01   5.5724449e+01
   2.6335000e+01   5.0584168e+01
   2.6340000e+01   4.3636174e+01
   2.6345000e+01   3.5079191e+01
   2.6350000e+01   2.5281260e+01
   2.6355000e+01   1.4665654e+01
   2.6360000e+01   3.6196152e+00
   2.6365000e+01  -7.5537272e+00
   2.6370000e+01  -1.8647299e+01
   2.6375000e+01  -2.9536656e+01
   2.6380000e+01  -4.0144525e+01
   2.6385000e+01  -5.0389061e+01
   2.6390000e+01  -6.0136855e+01
   2.6395000e+01  -6.9189585e+01
   2.6400000e+01  -7.7314421e+01
   2.6405000e+01  -8.4293937e+01
   2.6410000e+01  -8.9957075e+01
   2.6415000e+01  -9.4176915e+01
   2.6420000e+01  -9.6858483e+01
   2.6425000e+01  -9.7947757e+01
   2.6430000e+01  -9.7461881e+01
   2.6435000e+01  -9.5506448e+01
   2.6440000e+01  -9.2248439e+01
   2.6445000e+01  -8.7851471e+01
   2.6450000e+01  -8.2415442e+01
   2.6455000e+01  -7.5964298e+01
   2.6460000e+01  -6.8496149e+01
   2.6465000e+01  -6.0073130e+01
   2.6470000e+01  -5.0903754e+01
   2.6475000e+01  -4.1368506e+01
   2.6480000e+01  -3.1965750e+01
   2.6485000e+01  -2.3202317e+01
   2.6490000e+01  -1.5491502e+01
   2.6495000e+01  -9.1168707e+00
   2.6500000e+01  -4.2696107e+00
   2.6505000e+01  -1.1080143e+00
   2.6510000e+01   2.2946292e-01
   2.6515000e+01  -3.1678211e-01
   2.6520000e+01  -2.6394395e+00
   2.6525000e+01  -6.4244695e+00
   2.6530000e+01  -1.1204960e+01
   2.6535000e+01  -1.6484193e+01
   2.6540000e+01  -2.1856322e+01
   2.6545000e+01  -2.7063097e+01
   2.6550000e+01  -3.1973514e+01
   2.6555000e+01  -3.6516799e+01
   2.6560000e+01  -4.0613024e+01
   2.6565000e+01  -4.4134592e+01
   2.6570000e+01  -4.6911764e+01
   2.6575000e+01  -4.8776311e+01
   2.6580000e+01  -4.9621499e+01
   2.6585000e+01  -4.9446016e+01
   2.6590000e+01  -4.8351668e+01
   2.6595000e+01  -4.6489169e+01
   2.6600000e+01  -4.3986642e+01
   2.6605000e+01  -4.0918952e+01
   2.6610000e+01  -3.7350089e+01
   2.6615000e+01  -3.3416643e+01
   2.6620000e+01  -2.9376398e+01
   2.6625000e+01  -2.5570703e+01
   2.6630000e+01  -2.2324850e+01
   2.6635000e+01  -1.9865707e+01
   2.6640000e+01  -1.8317267e+01
   2.6645000e+01  -1.7761855e+01
   2.6650000e+01  -1.8297131e+01
   2.6655000e+01  -2.0027404e+01
   2.6660000e+01  -2.2989586e+01
   2.6665000e+01  -2.7072459e+01
   2.6670000e+01  -3.1996610e+01
   2.6675000e+01  -3.7380553e+01
   2.6680000e+01  -4.2862296e+01
   2.6685000e+01  -4.8213094e+01
   2.6690000e+01  -5.3386061e+01
   2.6695000e+01  -5.8477144e+01
   2.6700000e+01  -6.3619876e+01
   2.6705000e+01  -6.8869444e+01
   2.6710000e+01  -7.4139062e+01
   2.6715000e+01  -7.9223037e+01
   2.6720000e+01  -8.3886907e+01
   2.6725000e+01  -8.7960657e+01
   2.6730000e+01  -9.1372231e+01
   2.6735000e+01  -9.4108838e+01
   2.6740000e+01  -9.6152757e+01
   2.6745000e+01  -9.7455405e+01
   2.6750000e+01  -9.7973465e+01
   2.6755000e+01  -9.7730465e+01
   2.6760000e+01  -9.6843117e+01
   2.6765000e+01  -9.5487304e+01
   2.6770000e+01  -9.3835693e+01
   2.6775000e+01  -9.2017749e+01
   2.6780000e+01  -9.0119442e+01
   2.6785000e+01  -8.8198489e+01
   2.6790000e+01  -8.6288001e+01
   2.6795000e+01  -8.4391124e+01
   2.6800000e+01  -8.2488075e+01
   2.6805000e+01  -8.0562856e+01
   2.6810000e+01  -7.8631387e+01
   2.6815000e+01  -7.6747735e+01
   2.6820000e+01  -7.4984587e+01
   2.6825000e+01  -7.3404272e+01
   2.6830000e+01  -7.2036191e+01
   2.6835000e+01  -7.0861670e+01
   2.6840000e+01  -6.9801417e+01
   2.6845000e+01  -6.8712140e+01
   2.6850000e+01  -6.7408349e+01
   2.6855000e+01  -6.5712966e+01
   2.6860000e+01  -6.3513822e+01
   2.6865000e+01  -6.0790272e+01
   2.6870000e+01  -5.7590395e+01
   2.6875000e+01  -5.3972851e+01
   2.6880000e+01  -4.9952811e+01
   2.6885000e+01  -4.5489414e+01
   2.6890000e+01  -4.0521461e+01
   2.6895000e+01  -3.5019996e+01
   2.6900000e+01  -2.9015226e+01
   2.6905000e+01  -2.2584967e+01
   2.6910000e+01  -1.5832497e+01
   2.6915000e+01  -8.8871158e+00
   2.6920000e+01  -1.9244157e+00
   2.6925000e+01   4.8311467e+00
   2.6930000e+01   1.1150690e+01
   2.6935000e+01   1.6878601e+01
   2.6940000e+01   2.1993509e+01
   2.6945000e+01   2.6605668e+01
   2.6950000e+01   3.0886279e+01
   2.6955000e+01   3.4975037e+01
   2.6960000e+01   3.8928755e+01
   2.6965000e+01   4.2738500e+01
   2.6970000e+01   4.6385866e+01
   2.6975000e+01   4.9884293e+01
   2.6980000e+01   5.3278330e+01
   2.6985000e+01   5.6618052e+01
   2.6990000e+01   5.9940057e+01
   2.6995000e+01   6.3263624e+01
   2.7000000e+01   6.6586507e+01
   2.7005000e+01   6.9869715e+01
   2.7010000e+01   7.3023694e+01
   2.7015000e+01   7.5915720e+01
   2.7020000e+01   7.8399096e+01
   2.7025000e+01   8.0343469e+01
   2.7030000e+01   8.1647377e+01
   2.7035000e+01   8.2232403e+01
   2.7040000e+01   8.2028454e+01
   2.7045000e+01   8.0955473e+01
   2.7050000e+01   7.8904653e+01
   2.7055000e+01   7.5732008e+01
   2.7060000e+01   7.1284309e+01
   2.7065000e+01   6.5462376e+01
   2.7070000e+01   5.8293868e+01
   2.7075000e+01   4.9967243e+01
   2.7080000e+01   4.0796452e+01
   2.7085000e+01   3.1133792e+01
   2.7090000e+01   2.1285590e+01
   2.7095000e+01   1.1477287e+01
   2.7100000e+01   1.8695029e+00
   2.7105000e+01  -7.4102572e+00
   2.7110000e+01  -1.6251617e+01
   2.7115000e+01  -2.4561042e+01
   2.7120000e+01  -3.2257809e+01
   2.7125000e+01  -3.9258201e+01
   2.7130000e+01  -4.5462242e+01
   2.7135000e+01  -5.0759577e+01
   2.7140000e+01  -5.5047823e+01
   2.7145000e+01  -5.8236409e+01
   2.7150000e+01  -6.0220450e+01
   2.7155000e+01  -6.0845687e+01
   2.7160000e+01  -5.9908122e+01
   2.7165000e+01  -5.7213102e+01
   2.7170000e+01  -5.2672328e+01
   2.7175000e+01  -4.6383894e+01
   2.7180000e+01  -3.8646161e+01
   2.7185000e+01  -2.9893565e+01
   2.7190000e+01  -2.0584076e+01
   2.7195000e+01  -1.1091186e+01
   2.7200000e+01  -1.6490963e+00
   2.7205000e+01   7.6289013e+00
   2.7210000e+01   1.6678770e+01
   2.7215000e+01   2.5409228e+01
   2.7220000e+01   3.3666603e+01
   2.7225000e+01   4.1256452e+01
   2.7230000e+01   4.8001676e+01
   2.7235000e+01   5.3799800e+01
   2.7240000e+01   5.8648971e+01
   2.7245000e+01   6.2632008e+01
   2.7250000e+01   6.5868003e+01
   2.7255000e+01   6.8454917e+01
   2.7260000e+01   7.0430051e+01
   2.7265000e+01   7.1765693e+01
   2.7270000e+01   7.2399013e+01
   2.7275000e+01   7.2280367e+01
   2.7280000e+01   7.1420433e+01
   2.7285000e+01   6.9919378e+01
   2.7290000e+01   6.7963371e+01
   2.7295000e+01   6.5780674e+01
   2.7300000e+01   6.3570086e+01
   2.7305000e+01   6.1439286e+01
   2.7310000e+01   5.9392589e+01
   2.7315000e+01   5.7376003e+01
   2.7320000e+01   5.5347149e+01
   2.7325000e+01   5.3324150e+01
   2.7330000e+01   5.1389017e+01
   2.7335000e+01   4.9654150e+01
   2.7340000e+01   4.8220384e+01
   2.7345000e+01   4.7154332e+01
   2.7350000e+01   4.6497350e+01
   2.7355000e+01   4.6297177e+01
   2.7360000e+01   4.6636389e+01
   2.7365000e+01   4.7629706e+01
   2.7370000e+01   4.9378816e+01
   2.7375000e+01   5.1901097e+01
   2.7380000e+01   5.5071251e+01
   2.7385000e+01   5.8616765e+01
   2.7390000e+01   6.2183954e+01
   2.7395000e+01   6.5451351e+01
   2.7400000e+01   6.8234024e+01
   2.7405000e+01   7.0518325e+01
   2.7410000e+01   7.2399916e+01
   2.7415000e+01   7.3955414e+01
   2.7420000e+01   7.5127827e+01
   2.7425000e+01   7.5709826e+01
   2.7430000e+01   7.5450279e+01
   2.7435000e+01   7.4219457e+01
   2.7440000e+01   7.2115219e+01
   2.7445000e+01   6.9426044e+01
   2.7450000e+01   6.6468370e+01
   2.7455000e+01   6.3408855e+01
   2.7460000e+01   6.0196203e+01
   2.7465000e+01   5.6652793e+01
   2.7470000e+01   5.2666765e+01
   2.7475000e+01   4.8355584e+01
   2.7480000e+01   4.4089127e+01
   2.7485000e+01   4.0352446e+01
   2.7490000e+01   3.7532012e+01
   2.7495000e+01   3.5754826e+01
   2.7500000e+01   3.4871006e+01
   2.7505000e+01   3.4579436e+01
   2.7510000e+01   3.4613705e+01
   2.7515000e+01   3.4880892e+01
   2.7520000e+01   3.5487304e+01
   2.7525000e+01   3.6659126e+01
   2.7530000e+01   3.8621479e+01
   2.7535000e+01   4.1505468e+01
   2.7540000e+01   4.5317710e+01
   2.7545000e+01   4.9963069e+01
   2.7550000e+01   5.5286914e+01
   2.7555000e+01   6.1106291e+01
   2.7560000e+01   6.7220694e+01
   2.7565000e+01   7.3414537e+01
   2.7570000e+01   7.9468800e+01
   2.7575000e+01   8.5186997e+01
   2.7580000e+01   9.0423910e+01
   2.7585000e+01   9.5099268e+01
   2.7590000e+01   9.9185274e+01
   2.7595000e+01   1.0267017e+02
   2.7600000e+01   1.0551399e+02
   2.7605000e+01   1.0762235e+02
   2.7610000e+01   1.0886053e+02
   2.7615000e+01   1.0910478e+02
   2.7620000e+01   1.0829557e+02
   2.7625000e+01   1.0644978e+02
   2.7630000e+01   1.0362157e+02
   2.7635000e+01   9.9849609e+01
   2.7640000e+01   9.5140889e+01
   2.7645000e+01   8.9504226e+01
   2.7650000e+01   8.2995236e+01
   2.7655000e+01   7.5722455e+01
   2.7660000e+01   6.7803844e+01
   2.7665000e+01   5.9314144e+01
   2.7670000e+01   5.0274657e+01
   2.7675000e+01   4.0699071e+01
   2.7680000e+01   3.0660635e+01
   2.7685000e+01   2.0330152e+01
   2.7690000e+01   9.9568676e+00
   2.7695000e+01  -2.0067003e-01
   2.7700000e+01  -9.9613454e+00
   2.7705000e+01  -1.9281464e+01
   2.7710000e+01  -2.8248748e+01
   2.7715000e+01  -3.7002250e+01
   2.7720000e+01  -4.5618994e+01
   2.7725000e+01  -5.4037995e+01
   2.7730000e+01  -6.2070410e+01
   2.7735000e+01  -6.9483909e+01
   2.7740000e+01  -7.6102416e+01
   2.7745000e+01  -8.1867304e+01
   2.7750000e+01  -8.6846782e+01
   2.7755000e+01  -9.1208968e+01
   2.7760000e+01  -9.5168930e+01
   2.7765000e+01  -9.8907435e+01
   2.7770000e+01  -1.0247462e+02
   2.7775000e+01  -1.0572913e+02
   2.7780000e+01  -1.0837427e+02
   2.7785000e+01  -1.1010081e+02
   2.7790000e+01  -1.1075786e+02
   2.7795000e+01  -1.1042930e+02
   2.7800000e+01  -1.0935050e+02
   2.7805000e+01  -1.0772535e+02
   2.7810000e+01  -1.0558648e+02
   2.7815000e+01  -1.0280389e+02
   2.7820000e+01  -9.9222711e+01
   2.7825000e+01  -9.4814879e+01
   2.7830000e+01  -8.9739858e+01
   2.7835000e+01  -8.4297563e+01
   2.7840000e+01  -7.8829448e+01
   2.7845000e+01  -7.3628540e+01
   2.7850000e+01  -6.8881997e+01
   2.7855000e+01  -6.4643684e+01
   2.7860000e+01  -6.0835298e+01
   2.7865000e+01  -5.7279505e+01
   2.7870000e+01  -5.3757987e+01
   2.7875000e+01  -5.0071735e+01
   2.7880000e+01  -4.6081740e+01
   2.7885000e+01  -4.1726778e+01
   2.7890000e+01  -3.7030702e+01
   2.7895000e+01  -3.2108920e+01
   2.7900000e+01  -2.7168680e+01
   2.7905000e+01  -2.2487339e+01
   2.7910000e+01  -1.8357591e+01
   2.7915000e+01  -1.5008371e+01
   2.7920000e+01  -1.2533962e+01
   2.7925000e+01  -1.0871916e+01
   2.7930000e+01  -9.8467103e+00
   2.7935000e+01  -9.2508976e+00
   2.7940000e+01  -8.9065090e+00
   2.7945000e+01  -8.6686649e+00
   2.7950000e+01  -8.3876676e+00
   2.7955000e+01  -7.8839700e+00
   2.7960000e+01  -6.9728109e+00
   2.7965000e+01  -5.5178922e+00
   2.7970000e+01  -3.4567914e+00
   2.7975000e+01  -7.6834454e-01
   2.7980000e+01   2.5816841e+00
   2.7985000e+01   6.6489837e+00
   2.7990000e+01   1.1449003e+01
   2.7995000e+01   1.6877847e+01
   2.8000000e+01   2.2698171e+01
   2.8005000e+01   2.8621966e+01
   2.8010000e+01   3.4438246e+01
   2.8015000e+01   4.0092789e+01
   2.8020000e+01   4.5663513e+01
   2.8025000e+01   5.1254917e+01
   2.8030000e+01   5.6892131e+01
   2.8035000e+01   6.2487371e+01
   2.8040000e+01   6.7890823e+01
   2.8045000e+01   7.2974702e+01
   2.8050000e+01   7.7681394e+01
   2.8055000e+01   8.2003606e+01
   2.8060000e+01   8.5922961e+01
   2.8065000e+01   8.9364366e+01
   2.8070000e+01   9.2202728e+01
   2.8075000e+01   9.4308718e+01
   2.8080000e+01   9.5589885e+01
   2.8085000e+01   9.5998632e+01
   2.8090000e+01   9.5517255e+01
   2.8095000e+01   9.4149482e+01
   2.8100000e+01   9.1931793e+01
   2.8105000e+01   8.8949750e+01
   2.8110000e+01   8.5335663e+01
   2.8115000e+01   8.1240527e+01
   2.8120000e+01   7.6794494e+01
   2.8125000e+01   7.2076465e+01
   2.8130000e+01   6.7105591e+01
   2.8135000e+01   6.1859018e+01
   2.8140000e+01   5.6316032e+01
   2.8145000e+01   5.0520134e+01
   2.8150000e+01   4.4631115e+01
   2.8155000e+01   3.8923549e+01
   2.8160000e+01   3.3705330e+01
   2.8165000e+01   2.9186114e+01
   2.8170000e+01   2.5380013e+01
   2.8175000e+01   2.2123076e+01
   2.8180000e+01   1.9211581e+01
   2.8185000e+01   1.6575002e+01
   2.8190000e+01   1.4362575e+01
   2.8195000e+01   1.2877372e+01
   2.8200000e+01   1.2398299e+01
   2.8205000e+01   1.3008560e+01
   2.8210000e+01   1.4540259e+01
   2.8215000e+01   1.6659217e+01
   2.8220000e+01   1.9020253e+01
   2.8225000e+01   2.1387814e+01
   2.8230000e+01   2.3652575e+01
   2.8235000e+01   2.5745383e+01
   2.8240000e+01   2.7511314e+01
   2.8245000e+01   2.8633249e+01
   2.8250000e+01   2.8674305e+01
   2.8255000e+01   2.7240419e+01
   2.8260000e+01   2.4175658e+01
   2.8265000e+01   1.9655916e+01
   2.8270000e+01   1.4095873e+01
   2.8275000e+01   7.9124321e+00
   2.8280000e+01   1.3003680e+00
   2.8285000e+01  -5.8227947e+00
   2.8290000e+01  -1.3664358e+01
   2.8295000e+01  -2.2308327e+01
   2.8300000e+01  -3.1551730e+01
   2.8305000e+01  -4.0941562e+01
   2.8310000e+01  -4.9981237e+01
   2.8315000e+01  -5.8356173e+01
   2.8320000e+01  -6.6024911e+01
   2.8325000e+01  -7.3130063e+01
   2.8330000e+01  -7.9812327e+01
   2.8335000e+01  -8.6063588e+01
   2.8340000e+01  -9.1705403e+01
   2.8345000e+01  -9.6481072e+01
   2.8350000e+01  -1.0018181e+02
   2.8355000e+01  -1.0272984e+02
   2.8360000e+01  -1.0419184e+02
   2.8365000e+01  -1.0474313e+02
   2.8370000e+01  -1.0461471e+02
   2.8375000e+01  -1.0404064e+02
   2.8380000e+01  -1.0321242e+02
   2.8385000e+01  -1.0225107e+02
   2.8390000e+01  -1.0120919e+02
   2.8395000e+01  -1.0009973e+02
   2.8400000e+01  -9.8923645e+01
   2.8405000e+01  -9.7665270e+01
   2.8410000e+01  -9.6254896e+01
   2.8415000e+01  -9.4539770e+01
   2.8420000e+01  -9.2312622e+01
   2.8425000e+01  -8.9403750e+01
   2.8430000e+01  -8.5781254e+01
   2.8435000e+01  -8.1583061e+01
   2.8440000e+01  -7.7051249e+01
   2.8445000e+01  -7.2415866e+01
   2.8450000e+01  -6.7810179e+01
   2.8455000e+01  -6.3261892e+01
   2.8460000e+01  -5.8739579e+01
   2.8465000e+01  -5.4206380e+01
   2.8470000e+01  -4.9655161e+01
   2.8475000e+01  -4.5126831e+01
   2.8480000e+01  -4.0713293e+01
   2.8485000e+01  -3.6535255e+01
   2.8490000e+01  -3.2694147e+01
   2.8495000e+01  -2.9223694e+01
   2.8500000e+01  -2.6077605e+01
   2.8505000e+01  -2.3167643e+01
   2.8510000e+01  -2.0429596e+01
   2.8515000e+01  -1.7875393e+01
   2.8520000e+01  -1.5599605e+01
   2.8525000e+01  -1.3735274e+01
   2.8530000e+01  -1.2378995e+01
   2.8535000e+01  -1.1520372e+01
   2.8540000e+01  -1.1015274e+01
   2.8545000e+01  -1.0630801e+01
   2.8550000e+01  -1.0157292e+01
   2.8555000e+01  -9.5389905e+00
   2.8560000e+01  -8.9486753e+00
   2.8565000e+01  -8.7479151e+00
   2.8570000e+01  -9.3324137e+00
   2.8575000e+01  -1.0929906e+01
   2.8580000e+01  -1.3454839e+01
   2.8585000e+01  -1.6503095e+01
   2.8590000e+01  -1.9498105e+01
   2.8595000e+01  -2.1917456e+01
   2.8600000e+01  -2.3486851e+01
   2.8605000e+01  -2.4251294e+01
   2.8610000e+01  -2.4503640e+01
   2.8615000e+01  -2.4621096e+01
   2.8620000e+01  -2.4891286e+01
   2.8625000e+01  -2.5396368e+01
   2.8630000e+01  -2.5990254e+01
   2.8635000e+01  -2.6371379e+01
   2.8640000e+01  -2.6222473e+01
   2.8645000e+01  -2.5357305e+01
   2.8650000e+01  -2.3800618e+01
   2.8655000e+01  -2.1757450e+01
   2.8660000e+01  -1.9495613e+01
   2.8665000e+01  -1.7221666e+01
   2.8670000e+01  -1.5027959e+01
   2.8675000e+01  -1.2928959e+01
   2.8680000e+01  -1.0940089e+01
   2.8685000e+01  -9.1316575e+00
   2.8690000e+01  -7.6207946e+00
   2.8695000e+01  -6.5138532e+00
   2.8700000e+01  -5.8437019e+00
   2.8705000e+01  -5.5447709e+00
   2.8710000e+01  -5.4808174e+00
   2.8715000e+01  -5.5063249e+00
   2.8720000e+01  -5.5230252e+00
   2.8725000e+01  -5.4985864e+00
   2.8730000e+01  -5.4405549e+00
   2.8735000e+01  -5.3492330e+00
   2.8740000e+01  -5.1885513e+00
   2.8745000e+01  -4.9006875e+00
   2.8750000e+01  -4.4529591e+00
   2.8755000e+01  -3.8724593e+00
   2.8760000e+01  -3.2297153e+00
   2.8765000e+01  -2.5814422e+00
   2.8770000e+01  -1.9283862e+00
   2.8775000e+01  -1.2318808e+00
   2.8780000e+01  -4.6776149e-01
   2.8785000e+01   3.4844067e-01
   2.8790000e+01   1.2003314e+00
   2.8795000e+01   2.1364736e+00
   2.8800000e+01   3.2959030e+00
   2.8805000e+01   4.8693173e+00
   2.8810000e+01   7.0341031e+00
   2.8815000e+01   9.9137400e+00
   2.8820000e+01   1.3572182e+01
   2.8825000e+01   1.8017398e+01
   2.8830000e+01   2.3195380e+01
   2.8835000e+01   2.8987620e+01
   2.8840000e+01   3.5236021e+01
   2.8845000e+01   4.1795004e+01
   2.8850000e+01   4.8579821e+01
   2.8855000e+01   5.5575104e+01
   2.8860000e+01   6.2791988e+01
   2.8865000e+01   7.0196092e+01
   2.8870000e+01   7.7650989e+01
   2.8875000e+01   8.4918666e+01
   2.8880000e+01   9.1725818e+01
   2.8885000e+01   9.7859970e+01
   2.8890000e+01   1.0323691e+02
   2.8895000e+01   1.0790149e+02
   2.8900000e+01   1.1196975e+02
   2.8905000e+01   1.1555401e+02
   2.8910000e+01   1.1871277e+02
   2.8915000e+01   1.2143969e+02
   2.8920000e+01   1.2367747e+02
   2.8925000e+01   1.2533321e+02
   2.8930000e+01   1.2628608e+02
   2.8935000e+01   1.2640057e+02
   2.8940000e+01   1.2556487e+02
   2.8945000e+01   1.2375246e+02
   2.8950000e+01   1.2107379e+02
   2.8955000e+01   1.1777436e+02
   2.8960000e+01   1.1416214e+02
   2.8965000e+01   1.1049499e+02
   2.8970000e+01   1.0688949e+02
   2.8975000e+01   1.0330177e+02
   2.8980000e+01   9.9585626e+01
   2.8985000e+01   9.5590614e+01
   2.8990000e+01   9.1251246e+01
   2.8995000e+01   8.6634716e+01
   2.9000000e+01   8.1935901e+01
   2.9005000e+01   7.7424160e+01
   2.9010000e+01   7.3360589e+01
   2.9015000e+01   6.9917445e+01
   2.9020000e+01   6.7133325e+01
   2.9025000e+01   6.4922187e+01
   2.9030000e+01   6.3129771e+01
   2.9035000e+01   6.1610610e+01
   2.9040000e+01   6.0288578e+01
   2.9045000e+01   5.9167097e+01
   2.9050000e+01   5.8275791e+01
   2.9055000e+01   5.7575858e+01
   2.9060000e+01   5.6879027e+01
   2.9065000e+01   5.5840642e+01
   2.9070000e+01   5.4054556e+01
   2.9075000e+01   5.1218682e+01
   2.9080000e+01   4.7288096e+01
   2.9085000e+01   4.2522857e+01
   2.9090000e+01   3.7385575e+01
   2.9095000e+01   3.2329426e+01
   2.9100000e+01   2.7589619e+01
   2.9105000e+01   2.3098086e+01
   2.9110000e+01   1.8570605e+01
   2.9115000e+01   1.3713069e+01
   2.9120000e+01   8.4287713e+00
   2.9125000e+01   2.9193535e+00
   2.9130000e+01  -2.3605906e+00
   2.9135000e+01  -6.8609446e+00
   2.9140000e+01  -1.0127713e+01
   2.9145000e+01  -1.1947206e+01
   2.9150000e+01  -1.2389003e+01
   2.9155000e+01  -1.1741409e+01
   2.9160000e+01  -1.0381314e+01
   2.9165000e+01  -8.6452055e+00
   2.9170000e+01  -6.7572246e+00
   2.9175000e+01  -4.8348596e+00
   2.9180000e+01  -2.9567750e+00
   2.9185000e+01  -1.2548788e+00
   2.9190000e+01   1.5274413e-02
   2.9195000e+01   4.6753777e-01
   2.9200000e+01  -3.3710800e-01
   2.9205000e+01  -2.7480275e+00
   2.9210000e+01  -6.8840541e+00
   2.9215000e+01  -1.2576345e+01
   2.9220000e+01  -1.9435518e+01
   2.9225000e+01  -2.7005905e+01
   2.9230000e+01  -3.4915154e+01
   2.9235000e+01  -4.2939789e+01
   2.9240000e+01  -5.0973258e+01
   2.9245000e+01  -5.8947431e+01
   2.9250000e+01  -6.6775014e+01
   2.9255000e+01  -7.4346200e+01
   2.9260000e+01  -8.1563885e+01
   2.9265000e+01  -8.8378063e+01
   2.9270000e+01  -9.4793311e+01
   2.9275000e+01  -1.0085160e+02
   2.9280000e+01  -1.0660561e+02
   2.9285000e+01  -1.1208871e+02
   2.9290000e+01  -1.1727875e+02
   2.9295000e+01  -1.2206273e+02
   2.9300000e+01  -1.2622834e+02
   2.9305000e+01  -1.2950617e+02
   2.9310000e+01  -1.3165359e+02
   2.9315000e+01  -1.3253512e+02
   2.9320000e+01  -1.3215316e+02
   2.9325000e+01  -1.3062337e+02
   2.9330000e+01  -1.2812764e+02
   2.9335000e+01  -1.2487740e+02
   2.9340000e+01  -1.2109228e+02
   2.9345000e+01  -1.1698308e+02
   2.9350000e+01  -1.1273696e+02
   2.9355000e+01  -1.0851505e+02
   2.9360000e+01  -1.0446610e+02
   2.9365000e+01  -1.0074224e+02
   2.9370000e+01  -9.7497388e+01
   2.9375000e+01  -9.4863723e+01
   2.9380000e+01  -9.2919520e+01
   2.9385000e+01  -9.1666583e+01
   2.9390000e+01  -9.1028774e+01
   2.9395000e+01  -9.0872550e+01
   2.9400000e+01  -9.1041993e+01
   2.9405000e+01  -9.1397068e+01
   2.9410000e+01  -9.1845951e+01
   2.9415000e+01  -9.2365453e+01
   2.9420000e+01  -9.3002006e+01
   2.9425000e+01  -9.3844192e+01
   2.9430000e+01  -9.4968272e+01
   2.9435000e+01  -9.6378246e+01
   2.9440000e+01  -9.7972267e+01
   2.9445000e+01  -9.9555399e+01
   2.9450000e+01  -1.0089352e+02
   2.9455000e+01  -1.0178172e+02
   2.9460000e+01  -1.0209338e+02
   2.9465000e+01  -1.0178560e+02
   2.9470000e+01  -1.0086103e+02
   2.9475000e+01  -9.9315113e+01
   2.9480000e+01  -9.7107974e+01
   2.9485000e+01  -9.4180539e+01
   2.9490000e+01  -9.0499147e+01
   2.9495000e+01  -8.6091963e+01
   2.9500000e+01  -8.1047060e+01
   2.9505000e+01  -7.5467395e+01
   2.9510000e+01  -6.9407694e+01
   2.9515000e+01  -6.2837364e+01
   2.9520000e+01  -5.5664959e+01
   2.9525000e+01  -4.7818846e+01
   2.9530000e+01  -3.9330858e+01
   2.9535000e+01  -3.0358002e+01
   2.9540000e+01  -2.1121845e+01
   2.9545000e+01  -1.1814165e+01
   2.9550000e+01  -2.5488884e+00
   2.9555000e+01   6.5980332e+00
   2.9560000e+01   1.5495641e+01
   2.9565000e+01   2.3894266e+01
   2.9570000e+01   3.1452010e+01
   2.9575000e+01   3.7842414e+01
   2.9580000e+01   4.2873668e+01
   2.9585000e+01   4.6542277e+01
   2.9590000e+01   4.8990004e+01
   2.9595000e+01   5.0397135e+01
   2.9600000e+01   5.0884880e+01
   2.9605000e+01   5.0489795e+01
   2.9610000e+01   4.9220698e+01
   2.9615000e+01   4.7151114e+01
   2.9620000e+01   4.4480403e+01
   2.9625000e+01   4.1526934e+01
   2.9630000e+01   3.8667961e+01
   2.9635000e+01   3.6268607e+01
   2.9640000e+01   3.4627962e+01
   2.9645000e+01   3.3937609e+01
   2.9650000e+01   3.4237414e+01
   2.9655000e+01   3.5377822e+01
   2.9660000e+01   3.7026521e+01
   2.9665000e+01   3.8749148e+01
   2.9670000e+01   4.0144366e+01
   2.9675000e+01   4.0964809e+01
   2.9680000e+01   4.1155358e+01
   2.9685000e+01   4.0795288e+01
   2.9690000e+01   3.9996316e+01
   2.9695000e+01   3.8829746e+01
   2.9700000e+01   3.7318771e+01
   2.9705000e+01   3.5475227e+01
   2.9710000e+01   3.3334790e+01
   2.9715000e+01   3.0965645e+01
   2.9720000e+01   2.8462275e+01
   2.9725000e+01   2.5948180e+01
   2.9730000e+01   2.3588448e+01
   2.9735000e+01   2.1583042e+01
   2.9740000e+01   2.0112883e+01
   2.9745000e+01   1.9253683e+01
   2.9750000e+01   1.8919532e+01
   2.9755000e+01   1.8895170e+01
   2.9760000e+01   1.8950588e+01
   2.9765000e+01   1.8958467e+01
   2.9770000e+01   1.8926747e+01
   2.9775000e+01   1.8929237e+01
   2.9780000e+01   1.9002489e+01
   2.9785000e+01   1.9098108e+01
   2.9790000e+01   1.9121707e+01
   2.9795000e+01   1.9014748e+01
   2.9800000e+01   1.8813503e+01
   2.9805000e+01   1.8656823e+01
   2.9810000e+01   1.8757201e+01
   2.9815000e+01   1.9352773e+01
   2.9820000e+01   2.0637093e+01
   2.9825000e+01   2.2666689e+01
   2.9830000e+01   2.5284913e+01
   2.9835000e+01   2.8129087e+01
   2.9840000e+01   3.0755932e+01
   2.9845000e+01   3.2835155e+01
   2.9850000e+01   3.4290952e+01
   2.9855000e+01   3.5286074e+01
   2.9860000e+01   3.6048076e+01
   2.9865000e+01   3.6657471e+01
   2.9870000e+01   3.6953867e+01
   2.9875000e+01   3.6630772e+01
   2.9880000e+01   3.5447069e+01
   2.9885000e+01   3.3398442e+01
   2.9890000e+01   3.0731637e+01
   2.9895000e+01   2.7808698e+01
   2.9900000e+01   2.4932201e+01
   2.9905000e+01   2.2247914e+01
   2.9910000e+01   1.9759647e+01
   2.9915000e+01   1.7403201e+01
   2.9920000e+01   1.5103897e+01
   2.9925000e+01   1.2787183e+01
   2.9930000e+01   1.0368082e+01
   2.9935000e+01   7.7597560e+00
   2.9940000e+01   4.9110986e+00
   2.9945000e+01   1.8472471e+00
   2.9950000e+01  -1.3173211e+00
   2.9955000e+01  -4.3955728e+00
   2.9960000e+01  -7.1512349e+00
   2.9965000e+01  -9.3122565e+00
   2.9970000e+01  -1.0588627e+01
   2.9975000e+01  -1.0721599e+01
   2.9980000e+01  -9.5625882e+00
   2.9985000e+01  -7.1371075e+00
   2.9990000e+01  -3.6415927e+00
   2.9995000e+01   6.3821536e-01
   3.0000000e+01   5.4464428e+00
   3.0005000e+01   1.0652214e+01
   3.0010000e+01   1.6277296e+01
   3.0015000e+01   2.2447959e+01
   3.0020000e+01   2.9294756e+01
   3.0025000e+01   3.6845542e+01
   3.0030000e+01   4.4962840e+01
   3.0035000e+01   5.3358200e+01
   3.0040000e+01   6.1675234e+01
   3.0045000e+01   6.9593239e+01
   3.0050000e+01   7.6895557e+01
   3.0055000e+01   8.3477343e+01
   3.0060000e+01   8.9309100e+01
   3.0065000e+01   9.4391114e+01
   3.0070000e+01   9.8721580e+01
   3.0075000e+01   1.0227823e+02
   3.0080000e+01   1.0500440e+02
   3.0085000e+01   1.0680138e+02
   3.0090000e+01   1.0754273e+02
   3.0095000e+01   1.0712069e+02
   3.0100000e+01   1.0550693e+02
   3.0105000e+01   1.0278730e+02
   3.0110000e+01   9.9142071e+01
   3.0115000e+01   9.4781561e+01
   3.0120000e+01   8.9877641e+01
   3.0125000e+01   8.4527769e+01
   3.0130000e+01   7.8758065e+01
   3.0135000e+01   7.2547992e+01
   3.0140000e+01   6.5858925e+01
   3.0145000e+01   5.8662510e+01
   3.0150000e+01   5.0972911e+01
   3.0155000e+01   4.2883080e+01
   3.0160000e+01   3.4595932e+01
   3.0165000e+01   2.6434558e+01
   3.0170000e+01   1.8815556e+01
   3.0175000e+01   1.2180320e+01
   3.0180000e+01   6.9003703e+00
   3.0185000e+01   3.1915246e+00
   3.0190000e+01   1.0721494e+00
   3.0195000e+01   3.8160669e-01
   3.0200000e+01   8.5058251e-01
   3.0205000e+01   2.1971348e+00
   3.0210000e+01   4.2141785e+00
   3.0215000e+01   6.8172451e+00
   3.0220000e+01   1.0037246e+01
   3.0225000e+01   1.3966146e+01
   3.0230000e+01   1.8681710e+01
   3.0235000e+01   2.4181521e+01
   3.0240000e+01   3.0346930e+01
   3.0245000e+01   3.6942526e+01
   3.0250000e+01   4.3644097e+01
   3.0255000e+01   5.0081796e+01
   3.0260000e+01   5.5884708e+01
   3.0265000e+01   6.0717460e+01
   3.0270000e+01   6.4307934e+01
   3.0275000e+01   6.6473437e+01
   3.0280000e+01   6.7150697e+01
   3.0285000e+01   6.6418412e+01
   3.0290000e+01   6.4483291e+01
   3.0295000e+01   6.1606511e+01
   3.0300000e+01   5.7986238e+01
   3.0305000e+01   5.3657396e+01
   3.0310000e+01   4.8478891e+01
   3.0315000e+01   4.2230776e+01
   3.0320000e+01   3.4767922e+01
   3.0325000e+01   2.6130795e+01
   3.0330000e+01   1.6538754e+01
   3.0335000e+01   6.2724026e+00
   3.0340000e+01  -4.4726756e+00
   3.0345000e+01  -1.5665733e+01
   3.0350000e+01  -2.7412628e+01
   3.0355000e+01  -3.9847538e+01
   3.0360000e+01  -5.3007116e+01
   3.0365000e+01  -6.6742206e+01
   3.0370000e+01  -8.0699023e+01
   3.0375000e+01  -9.4379959e+01
   3.0380000e+01  -1.0726869e+02
   3.0385000e+01  -1.1897318e+02
   3.0390000e+01  -1.2932282e+02
   3.0395000e+01  -1.3837220e+02
   3.0400000e+01  -1.4631135e+02
   3.0405000e+01  -1.5333311e+02
   3.0410000e+01  -1.5952991e+02
   3.0415000e+01  -1.6487078e+02
   3.0420000e+01  -1.6926012e+02
   3.0425000e+01  -1.7263136e+02
   3.0430000e+01  -1.7501111e+02
   3.0435000e+01  -1.7651392e+02
   3.0440000e+01  -1.7727829e+02
   3.0445000e+01  -1.7739351e+02
   3.0450000e+01  -1.7686667e+02
   3.0455000e+01  -1.7564417e+02
   3.0460000e+01  -1.7366352e+02
   3.0465000e+01  -1.7089816e+02
   3.0470000e+01  -1.6737539e+02
   3.0475000e+01  -1.6317457e+02
   3.0480000e+01  -1.5842154e+02
   3.0485000e+01  -1.5328336e+02
   3.0490000e+01  -1.4795140e+02
   3.0495000e+01  -1.4260539e+02
   3.0500000e+01  -1.3737134e+02
   3.0505000e+01  -1.3229959e+02
   3.0510000e+01  -1.2737780e+02
   3.0515000e+01  -1.2256985e+02
   3.0520000e+01  -1.1785977e+02
   3.0525000e+01  -1.1328350e+02
   3.0530000e+01  -1.0893720e+02
   3.0535000e+01  -1.0495563e+02
   3.0540000e+01  -1.0146017e+02
   3.0545000e+01  -9.8490598e+01
   3.0550000e+01  -9.5952472e+01
   3.0555000e+01  -9.3619521e+01
   3.0560000e+01  -9.1213412e+01
   3.0565000e+01  -8.8537449e+01
   3.0570000e+01  -8.5591248e+01
   3.0575000e+01  -8.2583495e+01
   3.0580000e+01  -7.9815167e+01
   3.0585000e+01  -7.7495870e+01
   3.0590000e+01  -7.5611909e+01
   3.0595000e+01  -7.3936070e+01
   3.0600000e+01  -7.2169860e+01
   3.0605000e+01  -7.0112553e+01
   3.0610000e+01  -6.7734778e+01
   3.0615000e+01  -6.5112514e+01
   3.0620000e+01  -6.2287021e+01
   3.0625000e+01  -5.9167665e+01
   3.0630000e+01  -5.5549400e+01
   3.0635000e+01  -5.1220628e+01
   3.0640000e+01  -4.6073577e+01
   3.0645000e+01  -4.0141419e+01
   3.0650000e+01  -3.3548759e+01
   3.0655000e+01  -2.6419349e+01
   3.0660000e+01  -1.8803903e+01
   3.0665000e+01  -1.0672717e+01
   3.0670000e+01  -1.9792281e+00
   3.0675000e+01   7.2397713e+00
   3.0680000e+01   1.6785622e+01
   3.0685000e+01   2.6293032e+01
   3.0690000e+01   3.5313573e+01
   3.0695000e+01   4.3451216e+01
   3.0700000e+01   5.0479615e+01
   3.0705000e+01   5.6376693e+01
   3.0710000e+01   6.1256680e+01
   3.0715000e+01   6.5236972e+01
   3.0720000e+01   6.8313968e+01
   3.0725000e+01   7.0318531e+01
   3.0730000e+01   7.0978416e+01
   3.0735000e+01   7.0052878e+01
   3.0740000e+01   6.7460184e+01
   3.0745000e+01   6.3324637e+01
   3.0750000e+01   5.7924563e+01
   3.0755000e+01   5.1585951e+01
   3.0760000e+01   4.4591131e+01
   3.0765000e+01   3.7146193e+01
   3.0770000e+01   2.9404287e+01
   3.0775000e+01   2.1511957e+01
   3.0780000e+01   1.3644539e+01
   3.0785000e+01   6.0111970e+00
   3.0790000e+01  -1.1742912e+00
   3.0795000e+01  -7.7464015e+00
   3.0800000e+01  -1.3639770e+01
   3.0805000e+01  -1.8910195e+01
   3.0810000e+01  -2.3707834e+01
   3.0815000e+01  -2.8213750e+01
   3.0820000e+01  -3.2574565e+01
   3.0825000e+01  -3.6868333e+01
   3.0830000e+01  -4.1105944e+01
   3.0835000e+01  -4.5240494e+01
   3.0840000e+01  -4.9154013e+01
   3.0845000e+01  -5.2623490e+01
   3.0850000e+01  -5.5305991e+01
   3.0855000e+01  -5.6785746e+01
   3.0860000e+01  -5.6685150e+01
   3.0865000e+01  -5.4790027e+01
   3.0870000e+01  -5.1122187e+01
   3.0875000e+01  -4.5922914e+01
   3.0880000e+01  -3.9562924e+01
   3.0885000e+01  -3.2428966e+01
   3.0890000e+01  -2.4837788e+01
   3.0895000e+01  -1.7004246e+01
   3.0900000e+01  -9.0618666e+00
   3.0905000e+01  -1.1139717e+00
   3.0910000e+01   6.7157846e+00
   3.0915000e+01   1.4263016e+01
   3.0920000e+01   2.1346740e+01
   3.0925000e+01   2.7824784e+01
   3.0930000e+01   3.3642076e+01
   3.0935000e+01   3.8833101e+01
   3.0940000e+01   4.3470919e+01
   3.0945000e+01   4.7597426e+01
   3.0950000e+01   5.1188929e+01
   3.0955000e+01   5.4186278e+01
   3.0960000e+01   5.6563040e+01
   3.0965000e+01   5.8364856e+01
   3.0970000e+01   5.9672350e+01
   3.0975000e+01   6.0512313e+01
   3.0980000e+01   6.0801753e+01
   3.0985000e+01   6.0391209e+01
   3.0990000e+01   5.9186378e+01
   3.0995000e+01   5.7254695e+01
   3.1000000e+01   5.4836883e+01
   3.1005000e+01   5.2264255e+01
   3.1010000e+01   4.9848208e+01
   3.1015000e+01   4.7805715e+01
   3.1020000e+01   4.6237903e+01
   3.1025000e+01   4.5144466e+01
   3.1030000e+01   4.4456463e+01
   3.1035000e+01   4.4081758e+01
   3.1040000e+01   4.3956346e+01
   3.1045000e+01   4.4083923e+01
   3.1050000e+01   4.4544810e+01
   3.1055000e+01   4.5470610e+01
   3.1060000e+01   4.6998458e+01
   3.1065000e+01   4.9222620e+01
   3.1070000e+01   5.2154739e+01
   3.1075000e+01   5.5702714e+01
   3.1080000e+01   5.9683463e+01
   3.1085000e+01   6.3879087e+01
   3.1090000e+01   6.8118763e+01
   3.1095000e+01   7.2340187e+01
   3.1100000e+01   7.6587609e+01
   3.1105000e+01   8.0943727e+01
   3.1110000e+01   8.5437487e+01
   3.1115000e+01   8.9981381e+01
   3.1120000e+01   9.4366241e+01
   3.1125000e+01   9.8307100e+01
   3.1130000e+01   1.0151629e+02
   3.1135000e+01   1.0377958e+02
   3.1140000e+01   1.0501329e+02
   3.1145000e+01   1.0528150e+02
   3.1150000e+01   1.0476243e+02
   3.1155000e+01   1.0367550e+02
   3.1160000e+01   1.0220173e+02
   3.1165000e+01   1.0043283e+02
   3.1170000e+01   9.8367404e+01
   3.1175000e+01   9.5949786e+01
   3.1180000e+01   9.3131466e+01
   3.1185000e+01   8.9930551e+01
   3.1190000e+01   8.6467660e+01
   3.1195000e+01   8.2964163e+01
   3.1200000e+01   7.9699323e+01
   3.1205000e+01   7.6936764e+01
   3.1210000e+01   7.4845033e+01
   3.1215000e+01   7.3444251e+01
   3.1220000e+01   7.2603682e+01
   3.1225000e+01   7.2094073e+01
   3.1230000e+01   7.1674556e+01
   3.1235000e+01   7.1179129e+01
   3.1240000e+01   7.0567270e+01
   3.1245000e+01   6.9914775e+01
   3.1250000e+01   6.9342008e+01
   3.1255000e+01   6.8906592e+01
   3.1260000e+01   6.8517417e+01
   3.1265000e+01   6.7932816e+01
   3.1270000e+01   6.6865368e+01
   3.1275000e+01   6.5141839e+01
   3.1280000e+01   6.2815306e+01
   3.1285000e+01   6.0150191e+01
   3.1290000e+01   5.7489721e+01
   3.1295000e+01   5.5097051e+01
   3.1300000e+01   5.3070341e+01
   3.1305000e+01   5.1369387e+01
   3.1310000e+01   4.9914703e+01
   3.1315000e+01   4.8685529e+01
   3.1320000e+01   4.7762379e+01
   3.1325000e+01   4.7303774e+01
   3.1330000e+01   4.7482296e+01
   3.1335000e+01   4.8417213e+01
   3.1340000e+01   5.0132780e+01
   3.1345000e+01   5.2553034e+01
   3.1350000e+01   5.5526887e+01
   3.1355000e+01   5.8869657e+01
   3.1360000e+01   6.2407792e+01
   3.1365000e+01   6.6014874e+01
   3.1370000e+01   6.9625536e+01
   3.1375000e+01   7.3215802e+01
   3.1380000e+01   7.6751973e+01
   3.1385000e+01   8.0132460e+01
   3.1390000e+01   8.3161507e+01
   3.1395000e+01   8.5582651e+01
   3.1400000e+01   8.7162789e+01
   3.1405000e+01   8.7780251e+01
   3.1410000e+01   8.7462919e+01
   3.1415000e+01   8.6352279e+01
   3.1420000e+01   8.4615261e+01
   3.1425000e+01   8.2356398e+01
   3.1430000e+01   7.9581147e+01
   3.1435000e+01   7.6233317e+01
   3.1440000e+01   7.2290325e+01
   3.1445000e+01   6.7863281e+01
   3.1450000e+01   6.3234972e+01
   3.1455000e+01   5.8797411e+01
   3.1460000e+01   5.4914663e+01
   3.1465000e+01   5.1791257e+01
   3.1470000e+01   4.9423344e+01
   3.1475000e+01   4.7647207e+01
   3.1480000e+01   4.6230480e+01
   3.1485000e+01   4.4934339e+01
   3.1490000e+01   4.3519520e+01
   3.1495000e+01   4.1728848e+01
   3.1500000e+01   3.9298744e+01
   3.1505000e+01   3.6018990e+01
   3.1510000e+01   3.1809509e+01
   3.1515000e+01   2.6760755e+01
   3.1520000e+01   2.1106129e+01
   3.1525000e+01   1.5139620e+01
   3.1530000e+01   9.1251653e+00
   3.1535000e+01   3.2452738e+00
   3.1540000e+01  -2.3905459e+00
   3.1545000e+01  -7.6914116e+00
   3.1550000e+01  -1.2520466e+01
   3.1555000e+01  -1.6658194e+01
   3.1560000e+01  -1.9818340e+01
   3.1565000e+01  -2.1717342e+01
   3.1570000e+01  -2.2169802e+01
   3.1575000e+01  -2.1161086e+01
   3.1580000e+01  -1.8850996e+01
   3.1585000e+01  -1.5498446e+01
   3.1590000e+01  -1.1349546e+01
   3.1595000e+01  -6.5614455e+00
   3.1600000e+01  -1.2111895e+00
   3.1605000e+01   4.6259455e+00
   3.1610000e+01   1.0798659e+01
   3.1615000e+01   1.7069289e+01
   3.1620000e+01   2.3179937e+01
   3.1625000e+01   2.8942548e+01
   3.1630000e+01   3.4285760e+01
   3.1635000e+01   3.9228645e+01
   3.1640000e+01   4.3803019e+01
   3.1645000e+01   4.7972357e+01
   3.1650000e+01   5.1588106e+01
   3.1655000e+01   5.4401839e+01
   3.1660000e+01   5.6131474e+01
   3.1665000e+01   5.6561481e+01
   3.1670000e+01   5.5636777e+01
   3.1675000e+01   5.3500176e+01
   3.1680000e+01   5.0445108e+01
   3.1685000e+01   4.6806844e+01
   3.1690000e+01   4.2859155e+01
   3.1695000e+01   3.8777759e+01
   3.1700000e+01   3.4677432e+01
   3.1705000e+01   3.0674255e+01
   3.1710000e+01   2.6915783e+01
   3.1715000e+01   2.3560637e+01
   3.1720000e+01   2.0732130e+01
   3.1725000e+01   1.8480491e+01
   3.1730000e+01   1.6768943e+01
   3.1735000e+01   1.5480111e+01
   3.1740000e+01   1.4437586e+01
   3.1745000e+01   1.3443272e+01
   3.1750000e+01   1.2327829e+01
   3.1755000e+01   1.0996957e+01
   3.1760000e+01   9.4460875e+00
   3.1765000e+01   7.7267516e+00
   3.1770000e+01   5.8766109e+00
   3.1775000e+01   3.8495211e+00
   3.1780000e+01   1.4837990e+00
   3.1785000e+01  -1.4716501e+00
   3.1790000e+01  -5.2800629e+00
   3.1795000e+01  -1.0121674e+01
   3.1800000e+01  -1.6031786e+01
   3.1805000e+01  -2.2914130e+01
   3.1810000e+01  -3.0627001e+01
   3.1815000e+01  -3.9084952e+01
   3.1820000e+01  -4.8301445e+01
   3.1825000e+01  -5.8339744e+01
   3.1830000e+01  -6.9209696e+01
   3.1835000e+01  -8.0788655e+01
   3.1840000e+01  -9.2822864e+01
   3.1845000e+01  -1.0500331e+02
   3.1850000e+01  -1.1706174e+02
   3.1855000e+01  -1.2883273e+02
   3.1860000e+01  -1.4026250e+02
   3.1865000e+01  -1.5137567e+02
   3.1870000e+01  -1.6221963e+02
   3.1875000e+01  -1.7280459e+02
   3.1880000e+01  -1.8305719e+02
   3.1885000e+01  -1.9280531e+02
   3.1890000e+01  -2.0180250e+02
   3.1895000e+01  -2.0978008e+02
   3.1900000e+01  -2.1649377e+02
   3.1905000e+01  -2.2173445e+02
   3.1910000e+01  -2.2530560e+02
   3.1915000e+01  -2.2700710e+02
   3.1920000e+01  -2.2666679e+02
   3.1925000e+01  -2.2421778e+02
   3.1930000e+01  -2.1976708e+02
   3.1935000e+01  -2.1358822e+02
   3.1940000e+01  -2.0601927e+02
   3.1945000e+01  -1.9732228e+02
   3.1950000e+01  -1.8760278e+02
   3.1955000e+01  -1.7685442e+02
   3.1960000e+01  -1.6510452e+02
   3.1965000e+01  -1.5255918e+02
   3.1970000e+01  -1.3964548e+02
   3.1975000e+01  -1.2692013e+02
   3.1980000e+01  -1.1490144e+02
   3.1985000e+01  -1.0392313e+02
   3.1990000e+01  -9.4082162e+01
   3.1995000e+01  -8.5291269e+01
   3.2000000e+01  -7.7393849e+01
   3.2005000e+01  -7.0281815e+01
   3.2010000e+01  -6.3968366e+01
   3.2015000e+01  -5.8592111e+01
   3.2020000e+01  -5.4355776e+01
   3.2025000e+01  -5.1429368e+01
   3.2030000e+01  -4.9866906e+01
   3.2035000e+01  -4.9582626e+01
   3.2040000e+01  -5.0399256e+01
   3.2045000e+01  -5.2133748e+01
   3.2050000e+01  -5.4659147e+01
   3.2055000e+01  -5.7899500e+01
   3.2060000e+01  -6.1767093e+01
   3.2065000e+01  -6.6098273e+01
   3.2070000e+01  -7.0647103e+01
   3.2075000e+01  -7.5149301e+01
   3.2080000e+01  -7.9409905e+01
   3.2085000e+01  -8.3348897e+01
   3.2090000e+01  -8.6975234e+01
   3.2095000e+01  -9.0314135e+01
   3.2100000e+01  -9.3336643e+01
   3.2105000e+01  -9.5925505e+01
   3.2110000e+01  -9.7887145e+01
   3.2115000e+01  -9.9006963e+01
   3.2120000e+01  -9.9136878e+01
   3.2125000e+01  -9.8286443e+01
   3.2130000e+01  -9.6669060e+01
   3.2135000e+01  -9.4658870e+01
   3.2140000e+01  -9.2656796e+01
   3.2145000e+01  -9.0924824e+01
   3.2150000e+01  -8.9481308e+01
   3.2155000e+01  -8.8123224e+01
   3.2160000e+01  -8.6563693e+01
   3.2165000e+01  -8.4598689e+01
   3.2170000e+01  -8.2203100e+01
   3.2175000e+01  -7.9514104e+01
   3.2180000e+01  -7.6738428e+01
   3.2185000e+01  -7.4055157e+01
   3.2190000e+01  -7.1563553e+01
   3.2195000e+01  -6.9282210e+01
   3.2200000e+01  -6.7178848e+01
   3.2205000e+01  -6.5206296e+01
   3.2210000e+01  -6.3328173e+01
   3.2215000e+01  -6.1527971e+01
   3.2220000e+01  -5.9803944e+01
   3.2225000e+01  -5.8155372e+01
   3.2230000e+01  -5.6564514e+01
   3.2235000e+01  -5.4981061e+01
   3.2240000e+01  -5.3322319e+01
   3.2245000e+01  -5.1498949e+01
   3.2250000e+01  -4.9454680e+01
   3.2255000e+01  -4.7186102e+01
   3.2260000e+01  -4.4713417e+01
   3.2265000e+01  -4.2010131e+01
   3.2270000e+01  -3.8940401e+01
   3.2275000e+01  -3.5259912e+01
   3.2280000e+01  -3.0697611e+01
   3.2285000e+01  -2.5077456e+01
   3.2290000e+01  -1.8406006e+01
   3.2295000e+01  -1.0871020e+01
   3.2300000e+01  -2.7547870e+00
   3.2305000e+01   5.6794090e+00
   3.2310000e+01   1.4256254e+01
   3.2315000e+01   2.2876771e+01
   3.2320000e+01   3.1449325e+01
   3.2325000e+01   3.9828681e+01
   3.2330000e+01   4.7820598e+01
   3.2335000e+01   5.5253216e+01
   3.2340000e+01   6.2055959e+01
   3.2345000e+01   6.8275133e+01
   3.2350000e+01   7.4005635e+01
   3.2355000e+01   7.9288307e+01
   3.2360000e+01   8.4053221e+01
   3.2365000e+01   8.8154593e+01
   3.2370000e+01   9.1469489e+01
   3.2375000e+01   9.3979281e+01
   3.2380000e+01   9.5766938e+01
   3.2385000e+01   9.6938192e+01
   3.2390000e+01   9.7545857e+01
   3.2395000e+01   9.7594961e+01
   3.2400000e+01   9.7126204e+01
   3.2405000e+01   9.6289458e+01
   3.2410000e+01   9.5314240e+01
   3.2415000e+01   9.4374788e+01
   3.2420000e+01   9.3454825e+01
   3.2425000e+01   9.2338966e+01
   3.2430000e+01   9.0765195e+01
   3.2435000e+01   8.8641650e+01
   3.2440000e+01   8.6173433e+01
   3.2445000e+01   8.3808097e+01
   3.2450000e+01   8.2036420e+01
   3.2455000e+01   8.1176345e+01
   3.2460000e+01   8.1262176e+01
   3.2465000e+01   8.2077362e+01
   3.2470000e+01   8.3276375e+01
   3.2475000e+01   8.4504003e+01
   3.2480000e+01   8.5456497e+01
   3.2485000e+01   8.5896912e+01
   3.2490000e+01   8.5670295e+01
   3.2495000e+01   8.4734914e+01
   3.2500000e+01   8.3175227e+01
   3.2505000e+01   8.1156177e+01
   3.2510000e+01   7.8829225e+01
   3.2515000e+01   7.6253212e+01
   3.2520000e+01   7.3389115e+01
   3.2525000e+01   7.0168778e+01
   3.2530000e+01   6.6578826e+01
   3.2535000e+01   6.2693044e+01
   3.2540000e+01   5.8631978e+01
   3.2545000e+01   5.4486461e+01
   3.2550000e+01   5.0265767e+01
   3.2555000e+01   4.5906328e+01
   3.2560000e+01   4.1328083e+01
   3.2565000e+01   3.6492977e+01
   3.2570000e+01   3.1426741e+01
   3.2575000e+01   2.6199778e+01
   3.2580000e+01   2.0893157e+01
   3.2585000e+01   1.5576463e+01
   3.2590000e+01   1.0302144e+01
   3.2595000e+01   5.1045704e+00
   3.2600000e+01  -9.9689366e-04
   3.2605000e+01  -5.0074824e+00
   3.2610000e+01  -9.8812398e+00
   3.2615000e+01  -1.4514452e+01
   3.2620000e+01  -1.8698528e+01
   3.2625000e+01  -2.2149306e+01
   3.2630000e+01  -2.4584010e+01
   3.2635000e+01  -2.5813732e+01
   3.2640000e+01  -2.5800506e+01
   3.2645000e+01  -2.4645290e+01
   3.2650000e+01  -2.2511161e+01
   3.2655000e+01  -1.9521236e+01
   3.2660000e+01  -1.5682928e+01
   3.2665000e+01  -1.0873971e+01
   3.2670000e+01  -4.8927688e+00
   3.2675000e+01   2.4535869e+00
   3.2680000e+01   1.1260447e+01
   3.2685000e+01   2.1463579e+01
   3.2690000e+01   3.2816230e+01
   3.2695000e+01   4.4907423e+01
   3.2700000e+01   5.7218380e+01
   3.2705000e+01   6.9207075e+01
   3.2710000e+01   8.0401994e+01
   3.2715000e+01   9.0480699e+01
   3.2720000e+01   9.9307941e+01
   3.2725000e+01   1.0691282e+02
   3.2730000e+01   1.1340325e+02
   3.2735000e+01   1.1885214e+02
   3.2740000e+01   1.2322188e+02
   3.2745000e+01   1.2638163e+02
   3.2750000e+01   1.2820881e+02
   3.2755000e+01   1.2869898e+02
   3.2760000e+01   1.2800186e+02
   3.2765000e+01   1.2635940e+02
   3.2770000e+01   1.2399408e+02
   3.2775000e+01   1.2102389e+02
   3.2780000e+01   1.1745534e+02
   3.2785000e+01   1.1325580e+02
   3.2790000e+01   1.0846153e+02
   3.2795000e+01   1.0325213e+02
   3.2800000e+01   9.7932992e+01
   3.2805000e+01   9.2822480e+01
   3.2810000e+01   8.8111298e+01
   3.2815000e+01   8.3795705e+01
   3.2820000e+01   7.9742992e+01
   3.2825000e+01   7.5851612e+01
   3.2830000e+01   7.2193766e+01
   3.2835000e+01   6.9037307e+01
   3.2840000e+01   6.6729069e+01
   3.2845000e+01   6.5515621e+01
   3.2850000e+01   6.5412475e+01
   3.2855000e+01   6.6193858e+01
   3.2860000e+01   6.7500785e+01
   3.2865000e+01   6.9006270e+01
   3.2870000e+01   7.0557675e+01
   3.2875000e+01   7.2232862e+01
   3.2880000e+01   7.4285850e+01
   3.2885000e+01   7.7007250e+01
   3.2890000e+01   8.0566416e+01
   3.2895000e+01   8.4912098e+01
   3.2900000e+01   8.9777477e+01
   3.2905000e+01   9.4780732e+01
   3.2910000e+01   9.9564241e+01
   3.2915000e+01   1.0390105e+02
   3.2920000e+01   1.0772268e+02
   3.2925000e+01   1.1107017e+02
   3.2930000e+01   1.1401184e+02
   3.2935000e+01   1.1657961e+02
   3.2940000e+01   1.1874954e+02
   3.2945000e+01   1.2045422e+02
   3.2950000e+01   1.2160167e+02
   3.2955000e+01   1.2209545e+02
   3.2960000e+01   1.2187203e+02
   3.2965000e+01   1.2095851e+02
   3.2970000e+01   1.1951399e+02
   3.2975000e+01   1.1780026e+02
   3.2980000e+01   1.1606779e+02
   3.2985000e+01   1.1442077e+02
   3.2990000e+01   1.1276569e+02
   3.2995000e+01   1.1090026e+02
   3.3000000e+01   1.0869156e+02
   3.3005000e+01   1.0621424e+02
   3.3010000e+01   1.0373918e+02
   3.3015000e+01   1.0156451e+02
   3.3020000e+01   9.9788552e+01
   3.3025000e+01   9.8167954e+01
   3.3030000e+01   9.6156368e+01
   3.3035000e+01   9.3110233e+01
   3.3040000e+01   8.8547431e+01
   3.3045000e+01   8.2317527e+01
   3.3050000e+01   7.4604458e+01
   3.3055000e+01   6.5785784e+01
   3.3060000e+01   5.6243926e+01
   3.3065000e+01   4.6226084e+01
   3.3070000e+01   3.5800180e+01
   3.3075000e+01   2.4901080e+01
   3.3080000e+01   1.3431683e+01
   3.3085000e+01   1.3742417e+00
   3.3090000e+01  -1.1131739e+01
   3.3095000e+01  -2.3778462e+01
   3.3100000e+01  -3.6155459e+01
   3.3105000e+01  -4.7868404e+01
   3.3110000e+01  -5.8659404e+01
   3.3115000e+01  -6.8470671e+01
   3.3120000e+01  -7.7416776e+01
   3.3125000e+01  -8.5676099e+01
   3.3130000e+01  -9.3357248e+01
   3.3135000e+01  -1.0041368e+02
   3.3140000e+01  -1.0665420e+02
   3.3145000e+01  -1.1184123e+02
   3.3150000e+01  -1.1581760e+02
   3.3155000e+01  -1.1858970e+02
   3.3160000e+01  -1.2032584e+02
   3.3165000e+01  -1.2128111e+02
   3.3170000e+01  -1.2169983e+02
   3.3175000e+01  -1.2175070e+02
   3.3180000e+01  -1.2152096e+02
   3.3185000e+01  -1.2105701e+02
   3.3190000e+01  -1.2041744e+02
   3.3195000e+01  -1.1971033e+02
   3.3200000e+01  -1.1910776e+02
   3.3205000e+01  -1.1884266e+02
   3.3210000e+01  -1.1918871e+02
   3.3215000e+01  -1.2041508e+02
   3.3220000e+01  -1.2271658e+02
   3.3225000e+01  -1.2614572e+02
   3.3230000e+01  -1.3058913e+02
   3.3235000e+01  -1.3581350e+02
   3.3240000e+01  -1.4156185e+02
   3.3245000e+01  -1.4764632e+02
   3.3250000e+01  -1.5398598e+02
   3.3255000e+01  -1.6057462e+02
   3.3260000e+01  -1.6740814e+02
   3.3265000e+01  -1.7442253e+02
   3.3270000e+01  -1.8147910e+02
   3.3275000e+01  -1.8839432e+02
   3.3280000e+01  -1.9497937e+02
   3.3285000e+01  -2.0105314e+02
   3.3290000e+01  -2.0642377e+02
   3.3295000e+01  -2.1086972e+02
   3.3300000e+01  -2.1416147e+02
   3.3305000e+01  -2.1613412e+02
   3.3310000e+01  -2.1677018e+02
   3.3315000e+01  -2.1622582e+02
   3.3320000e+01  -2.1476240e+02
   3.3325000e+01  -2.1261238e+02
   3.3330000e+01  -2.0986104e+02
   3.3335000e+01  -2.0642092e+02
   3.3340000e+01  -2.0211791e+02
   3.3345000e+01  -1.9683912e+02
   3.3350000e+01  -1.9065876e+02
   3.3355000e+01  -1.8387160e+02
   3.3360000e+01  -1.7691191e+02
   3.3365000e+01  -1.7019466e+02
   3.3370000e+01  -1.6395550e+02
   3.3375000e+01  -1.5816572e+02
   3.3380000e+01  -1.5256066e+02
   3.3385000e+01  -1.4676245e+02
   3.3390000e+01  -1.4042804e+02
   3.3395000e+01  -1.3333696e+02
   3.3400000e+01  -1.2537166e+02
   3.3405000e+01  -1.1642249e+02
   3.3410000e+01  -1.0631322e+02
   3.3415000e+01  -9.4834869e+01
   3.3420000e+01  -8.1887473e+01
   3.3425000e+01  -6.7631879e+01
   3.3430000e+01  -5.2533114e+01
   3.3435000e+01  -3.7254521e+01
   3.3440000e+01  -2.2467035e+01
   3.3445000e+01  -8.6826101e+00
   3.3450000e+01   3.8182077e+00
   3.3455000e+01   1.4965118e+01
   3.3460000e+01   2.4824252e+01
   3.3465000e+01   3.3509767e+01
   3.3470000e+01   4.1102014e+01
   3.3475000e+01   4.7588067e+01
   3.3480000e+01   5.2843527e+01
   3.3485000e+01   5.6668743e+01
   3.3490000e+01   5.8870921e+01
   3.3495000e+01   5.9357858e+01
   3.3500000e+01   5.8198300e+01
   3.3505000e+01   5.5617666e+01
   3.3510000e+01   5.1929394e+01
   3.3515000e+01   4.7434875e+01
   3.3520000e+01   4.2341932e+01
   3.3525000e+01   3.6742098e+01
   3.3530000e+01   3.0652958e+01
   3.3535000e+01   2.4093164e+01
   3.3540000e+01   1.7140613e+01
   3.3545000e+01   9.9404402e+00
   3.3550000e+01   2.6650773e+00
   3.3555000e+01  -4.5431353e+00
   3.3560000e+01  -1.1612268e+01
   3.3565000e+01  -1.8545713e+01
   3.3570000e+01  -2.5394188e+01
   3.3575000e+01  -3.2210839e+01
   3.3580000e+01  -3.9009520e+01
   3.3585000e+01  -4.5743968e+01
   3.3590000e+01  -5.2317637e+01
   3.3595000e+01  -5.8619071e+01
   3.3600000e+01  -6.4559203e+01
   3.3605000e+01  -7.0077760e+01
   3.3610000e+01  -7.5100083e+01
   3.3615000e+01  -7.9461308e+01
   3.3620000e+01  -8.2849662e+01
   3.3625000e+01  -8.4825979e+01
   3.3630000e+01  -8.4938930e+01
   3.3635000e+01  -8.2890980e+01
   3.3640000e+01  -7.8661004e+01
   3.3645000e+01  -7.2498541e+01
   3.3650000e+01  -6.4780570e+01
   3.3655000e+01  -5.5818993e+01
   3.3660000e+01  -4.5750818e+01
   3.3665000e+01  -3.4589866e+01
   3.3670000e+01  -2.2400996e+01
   3.3675000e+01  -9.4637462e+00
   3.3680000e+01   3.7040682e+00
   3.3685000e+01   1.6491821e+01
   3.3690000e+01   2.8417820e+01
   3.3695000e+01   3.9281764e+01
   3.3700000e+01   4.9153890e+01
   3.3705000e+01   5.8219525e+01
   3.3710000e+01   6.6587980e+01
   3.3715000e+01   7.4183529e+01
   3.3720000e+01   8.0767771e+01
   3.3725000e+01   8.6053495e+01
   3.3730000e+01   8.9823614e+01
   3.3735000e+01   9.1989592e+01
   3.3740000e+01   9.2582569e+01
   3.3745000e+01   9.1714113e+01
   3.3750000e+01   8.9544214e+01
   3.3755000e+01   8.6268118e+01
   3.3760000e+01   8.2113448e+01
   3.3765000e+01   7.7337201e+01
   3.3770000e+01   7.2217040e+01
   3.3775000e+01   6.7031903e+01
   3.3780000e+01   6.2029899e+01
   3.3785000e+01   5.7395880e+01
   3.3790000e+01   5.3246386e+01
   3.3795000e+01   4.9669862e+01
   3.3800000e+01   4.6789726e+01
   3.3805000e+01   4.4792467e+01
   3.3810000e+01   4.3877246e+01
   3.3815000e+01   4.4146939e+01
   3.3820000e+01   4.5518830e+01
   3.3825000e+01   4.7729312e+01
   3.3830000e+01   5.0439727e+01
   3.3835000e+01   5.3375881e+01
   3.3840000e+01   5.6412823e+01
   3.3845000e+01   5.9561872e+01
   3.3850000e+01   6.2887444e+01
   3.3855000e+01   6.6421381e+01
   3.3860000e+01   7.0128278e+01
   3.3865000e+01   7.3927146e+01
   3.3870000e+01   7.7733996e+01
   3.3875000e+01   8.1484481e+01
   3.3880000e+01   8.5123062e+01
   3.3885000e+01   8.8579120e+01
   3.3890000e+01   9.1763237e+01
   3.3895000e+01   9.4599055e+01
   3.3900000e+01   9.7072405e+01
   3.3905000e+01   9.9257378e+01
   3.3910000e+01   1.0128760e+02
   3.3915000e+01   1.0327690e+02
   3.3920000e+01   1.0523335e+02
   3.3925000e+01   1.0702575e+02
   3.3930000e+01   1.0843556e+02
   3.3935000e+01   1.0927248e+02
   3.3940000e+01   1.0948696e+02
   3.3945000e+01   1.0921440e+02
   3.3950000e+01   1.0872818e+02
   3.3955000e+01   1.0832655e+02
   3.3960000e+01   1.0820239e+02
   3.3965000e+01   1.0834608e+02
   3.3970000e+01   1.0852226e+02
   3.3975000e+01   1.0833959e+02
   3.3980000e+01   1.0739454e+02
   3.3985000e+01   1.0542694e+02
   3.3990000e+01   1.0240755e+02
   3.3995000e+01   9.8509058e+01
   3.4000000e+01   9.3981810e+01
   3.4005000e+01   8.9014636e+01
   3.4010000e+01   8.3663417e+01
   3.4015000e+01   7.7872128e+01
   3.4020000e+01   7.1541574e+01
   3.4025000e+01   6.4577657e+01
   3.4030000e+01   5.6888376e+01
   3.4035000e+01   4.8357218e+01
   3.4040000e+01   3.8845097e+01
   3.4045000e+01   2.8243954e+01
   3.4050000e+01   1.6553777e+01
   3.4055000e+01   3.9297819e+00
   3.4060000e+01  -9.3330787e+00
   3.4065000e+01  -2.2868129e+01
   3.4070000e+01  -3.6317991e+01
   3.4075000e+01  -4.9389935e+01
   3.4080000e+01  -6.1868876e+01
   3.4085000e+01  -7.3596366e+01
   3.4090000e+01  -8.4438929e+01
   3.4095000e+01  -9.4270031e+01
   3.4100000e+01  -1.0297762e+02
   3.4105000e+01  -1.1048756e+02
   3.4110000e+01  -1.1677594e+02
   3.4115000e+01  -1.2184797e+02
   3.4120000e+01  -1.2569157e+02
   3.4125000e+01  -1.2824303e+02
   3.4130000e+01  -1.2940098e+02
   3.4135000e+01  -1.2908851e+02
   3.4140000e+01  -1.2732372e+02
   3.4145000e+01  -1.2425217e+02
   3.4150000e+01  -1.2012283e+02
   3.4155000e+01  -1.1522577e+02
   3.4160000e+01  -1.0982658e+02
   3.4165000e+01  -1.0412530e+02
   3.4170000e+01  -9.8249481e+01
   3.4175000e+01  -9.2271759e+01
   3.4180000e+01  -8.6227561e+01
   3.4185000e+01  -8.0108623e+01
   3.4190000e+01  -7.3830624e+01
   3.4195000e+01  -6.7206705e+01
   3.4200000e+01  -5.9972408e+01
   3.4205000e+01  -5.1879495e+01
   3.4210000e+01  -4.2820123e+01
   3.4215000e+01  -3.2904853e+01
   3.4220000e+01  -2.2437595e+01
   3.4225000e+01  -1.1799840e+01
   3.4230000e+01  -1.3197897e+00
   3.4235000e+01   8.7942357e+00
   3.4240000e+01   1.8432023e+01
   3.4245000e+01   2.7510454e+01
   3.4250000e+01   3.5914645e+01
   3.4255000e+01   4.3487556e+01
   3.4260000e+01   5.0061495e+01
   3.4265000e+01   5.5497426e+01
   3.4270000e+01   5.9701757e+01
   3.4275000e+01   6.2618335e+01
   3.4280000e+01   6.4221313e+01
   3.4285000e+01   6.4534867e+01
   3.4290000e+01   6.3671305e+01
   3.4295000e+01   6.1839517e+01
   3.4300000e+01   5.9279559e+01
   3.4305000e+01   5.6140374e+01
   3.4310000e+01   5.2384132e+01
   3.4315000e+01   4.7799898e+01
   3.4320000e+01   4.2130975e+01
   3.4325000e+01   3.5234559e+01
   3.4330000e+01   2.7175865e+01
   3.4335000e+01   1.8215525e+01
   3.4340000e+01   8.7193048e+00
   3.4345000e+01  -9.4956308e-01
   3.4350000e+01  -1.0506909e+01
   3.4355000e+01  -1.9774484e+01
   3.4360000e+01  -2.8666235e+01
   3.4365000e+01  -3.7157981e+01
   3.4370000e+01  -4.5261898e+01
   3.4375000e+01  -5.3011186e+01
   3.4380000e+01  -6.0445681e+01
   3.4385000e+01  -6.7587941e+01
   3.4390000e+01  -7.4409222e+01
   3.4395000e+01  -8.0795221e+01
   3.4400000e+01  -8.6527081e+01
   3.4405000e+01  -9.1295204e+01
   3.4410000e+01  -9.4759776e+01
   3.4415000e+01  -9.6654547e+01
   3.4420000e+01  -9.6899349e+01
   3.4425000e+01  -9.5659872e+01
   3.4430000e+01  -9.3300407e+01
   3.4435000e+01  -9.0232243e+01
   3.4440000e+01  -8.6735821e+01
   3.4445000e+01  -8.2864878e+01
   3.4450000e+01  -7.8492506e+01
   3.4455000e+01  -7.3465775e+01
   3.4460000e+01  -6.7768407e+01
   3.4465000e+01  -6.1594663e+01
   3.4470000e+01  -5.5299984e+01
   3.4475000e+01  -4.9267528e+01
   3.4480000e+01  -4.3772474e+01
   3.4485000e+01  -3.8920551e+01
   3.4490000e+01  -3.4688951e+01
   3.4495000e+01  -3.1031451e+01
   3.4500000e+01  -2.7966581e+01
   3.4505000e+01  -2.5582714e+01
   3.4510000e+01  -2.3960315e+01
   3.4515000e+01  -2.3076145e+01
   3.4520000e+01  -2.2763679e+01
   3.4525000e+01  -2.2755645e+01
   3.4530000e+01  -2.2775511e+01
   3.4535000e+01  -2.2621209e+01
   3.4540000e+01  -2.2202862e+01
   3.4545000e+01  -2.1530028e+01
   3.4550000e+01  -2.0667538e+01
   3.4555000e+01  -1.9686440e+01
   3.4560000e+01  -1.8632720e+01
   3.4565000e+01  -1.7524004e+01
   3.4570000e+01  -1.6366941e+01
   3.4575000e+01  -1.5177115e+01
   3.4580000e+01  -1.3989233e+01
   3.4585000e+01  -1.2860061e+01
   3.4590000e+01  -1.1869767e+01
   3.4595000e+01  -1.1114903e+01
   3.4600000e+01  -1.0679773e+01
   3.4605000e+01  -1.0590875e+01
   3.4610000e+01  -1.0787042e+01
   3.4615000e+01  -1.1139741e+01
   3.4620000e+01  -1.1520453e+01
   3.4625000e+01  -1.1866881e+01
   3.4630000e+01  -1.2193135e+01
   3.4635000e+01  -1.2531923e+01
   3.4640000e+01  -1.2852572e+01
   3.4645000e+01  -1.3019723e+01
   3.4650000e+01  -1.2828131e+01
   3.4655000e+01  -1.2094012e+01
   3.4660000e+01  -1.0743713e+01
   3.4665000e+01  -8.8427927e+00
   3.4670000e+01  -6.5490275e+00
   3.4675000e+01  -4.0208062e+00
   3.4680000e+01  -1.3348316e+00
   3.4685000e+01   1.5452683e+00
   3.4690000e+01   4.7382964e+00
   3.4695000e+01   8.3689296e+00
   3.4700000e+01   1.2477515e+01
   3.4705000e+01   1.6956291e+01
   3.4710000e+01   2.1550308e+01
   3.4715000e+01   2.5940260e+01
   3.4720000e+01   2.9881394e+01
   3.4725000e+01   3.3329274e+01
   3.4730000e+01   3.6476583e+01
   3.4735000e+01   3.9672834e+01
   3.4740000e+01   4.3272852e+01
   3.4745000e+01   4.7504905e+01
   3.4750000e+01   5.2429686e+01
   3.4755000e+01   5.7993415e+01
   3.4760000e+01   6.4115950e+01
   3.4765000e+01   7.0743268e+01
   3.4770000e+01   7.7834824e+01
   3.4775000e+01   8.5311998e+01
   3.4780000e+01   9.3021698e+01
   3.4785000e+01   1.0075382e+02
   3.4790000e+01   1.0830925e+02
   3.4795000e+01   1.1557739e+02
   3.4800000e+01   1.2257259e+02
   3.4805000e+01   1.2940141e+02
   3.4810000e+01   1.3617292e+02
   3.4815000e+01   1.4289899e+02
   3.4820000e+01   1.4944502e+02
   3.4825000e+01   1.5557092e+02
   3.4830000e+01   1.6104887e+02
   3.4835000e+01   1.6578684e+02
   3.4840000e+01   1.6987044e+02
   3.4845000e+01   1.7348388e+02
   3.4850000e+01   1.7675979e+02
   3.4855000e+01   1.7966766e+02
   3.4860000e+01   1.8202966e+02
   3.4865000e+01   1.8365730e+02
   3.4870000e+01   1.8450899e+02
   3.4875000e+01   1.8474933e+02
   3.4880000e+01   1.8466618e+02
   3.4885000e+01   1.8451132e+02
   3.4890000e+01   1.8438651e+02
   3.4895000e+01   1.8425429e+02
   3.4900000e+01   1.8404887e+02
   3.4905000e+01   1.8378348e+02
   3.4910000e+01   1.8355723e+02
   3.4915000e+01   1.8345080e+02
   3.4920000e+01   1.8339382e+02
   3.4925000e+01   1.8311404e+02
   3.4930000e+01   1.8221986e+02
   3.4935000e+01   1.8037291e+02
   3.4940000e+01   1.7744490e+02
   3.4945000e+01   1.7356504e+02
   3.4950000e+01   1.6903694e+02
   3.4955000e+01   1.6418183e+02
   3.4960000e+01   1.5919747e+02
   3.4965000e+01   1.5409759e+02
   3.4970000e+01   1.4874494e+02
   3.4975000e+01   1.4294793e+02
   3.4980000e+01   1.3657183e+02
   3.4985000e+01   1.2961763e+02
   3.4990000e+01   1.2223659e+02
   3.4995000e+01   1.1467808e+02
   3.5000000e+01   1.0720237e+02
   3.5005000e+01   1.0000871e+02
   3.5010000e+01   9.3212732e+01
   3.5015000e+01   8.6868705e+01
   3.5020000e+01   8.1003194e+01
   3.5025000e+01   7.5630690e+01
   3.5030000e+01   7.0749062e+01
   3.5035000e+01   6.6331524e+01
   3.5040000e+01   6.2327482e+01
   3.5045000e+01   5.8670717e+01
   3.5050000e+01   5.5288513e+01
   3.5055000e+01   5.2108789e+01
   3.5060000e+01   4.9062562e+01
   3.5065000e+01   4.6077652e+01
   3.5070000e+01   4.3067381e+01
   3.5075000e+01   3.9931901e+01
   3.5080000e+01   3.6588843e+01
   3.5085000e+01   3.3025495e+01
   3.5090000e+01   2.9337699e+01
   3.5095000e+01   2.5720250e+01
   3.5100000e+01   2.2403152e+01
   3.5105000e+01   1.9563114e+01
   3.5110000e+01   1.7253728e+01
   3.5115000e+01   1.5385037e+01
   3.5120000e+01   1.3757642e+01
   3.5125000e+01   1.2135279e+01
   3.5130000e+01   1.0329491e+01
   3.5135000e+01   8.2664209e+00
   3.5140000e+01   6.0060075e+00
   3.5145000e+01   3.6955421e+00
   3.5150000e+01   1.4698911e+00
   3.5155000e+01  -6.5177923e-01
   3.5160000e+01  -2.8080682e+00
   3.5165000e+01  -5.2412994e+00
   3.5170000e+01  -8.1743275e+00
   3.5175000e+01  -1.1695443e+01
   3.5180000e+01  -1.5726749e+01
   3.5185000e+01  -2.0093969e+01
   3.5190000e+01  -2.4642454e+01
   3.5195000e+01  -2.9310710e+01
   3.5200000e+01  -3.4108059e+01
   3.5205000e+01  -3.9023244e+01
   3.5210000e+01  -4.3950599e+01
   3.5215000e+01  -4.8706134e+01
   3.5220000e+01  -5.3127472e+01
   3.5225000e+01  -5.7178294e+01
   3.5230000e+01  -6.0972992e+01
   3.5235000e+01  -6.4699891e+01
   3.5240000e+01  -6.8494939e+01
   3.5245000e+01  -7.2347791e+01
   3.5250000e+01  -7.6096184e+01
   3.5255000e+01  -7.9506984e+01
   3.5260000e+01  -8.2390605e+01
   3.5265000e+01  -8.4678977e+01
   3.5270000e+01  -8.6425082e+01
   3.5275000e+01  -8.7735329e+01
   3.5280000e+01  -8.8687153e+01
   3.5285000e+01  -8.9284399e+01
   3.5290000e+01  -8.9466693e+01
   3.5295000e+01  -8.9148237e+01
   3.5300000e+01  -8.8248714e+01
   3.5305000e+01  -8.6701898e+01
   3.5310000e+01  -8.4461840e+01
   3.5315000e+01  -8.1534320e+01
   3.5320000e+01  -7.8028777e+01
   3.5325000e+01  -7.4186498e+01
   3.5330000e+01  -7.0343086e+01
   3.5335000e+01  -6.6833476e+01
   3.5340000e+01  -6.3898035e+01
   3.5345000e+01  -6.1649508e+01
   3.5350000e+01  -6.0114109e+01
   3.5355000e+01  -5.9308788e+01
   3.5360000e+01  -5.9298723e+01
   3.5365000e+01  -6.0199779e+01
   3.5370000e+01  -6.2129801e+01
   3.5375000e+01  -6.5143042e+01
   3.5380000e+01  -6.9187570e+01
   3.5385000e+01  -7.4107548e+01
   3.5390000e+01  -7.9685338e+01
   3.5395000e+01  -8.5698066e+01
   3.5400000e+01  -9.1959155e+01
   3.5405000e+01  -9.8329215e+01
   3.5410000e+01  -1.0470303e+02
   3.5415000e+01  -1.1099191e+02
   3.5420000e+01  -1.1711333e+02
   3.5425000e+01  -1.2298336e+02
   3.5430000e+01  -1.2850209e+02
   3.5435000e+01  -1.3353139e+02
   3.5440000e+01  -1.3787448e+02
   3.5445000e+01  -1.4126955e+02
   3.5450000e+01  -1.4340911e+02
   3.5455000e+01  -1.4399617e+02
   3.5460000e+01  -1.4283623e+02
   3.5465000e+01  -1.3993597e+02
   3.5470000e+01  -1.3555158e+02
   3.5475000e+01  -1.3013791e+02
   3.5480000e+01  -1.2420743e+02
   3.5485000e+01  -1.1817414e+02
   3.5490000e+01  -1.1227106e+02
   3.5495000e+01  -1.0657501e+02
   3.5500000e+01  -1.0109687e+02
   3.5505000e+01  -9.5862707e+01
   3.5510000e+01  -9.0937917e+01
   3.5515000e+01  -8.6401178e+01
   3.5520000e+01  -8.2312085e+01
   3.5525000e+01  -7.8711362e+01
   3.5530000e+01  -7.5656525e+01
   3.5535000e+01  -7.3259485e+01
   3.5540000e+01  -7.1684714e+01
   3.5545000e+01  -7.1093084e+01
   3.5550000e+01  -7.1556899e+01
   3.5555000e+01  -7.2994618e+01
   3.5560000e+01  -7.5162004e+01
   3.5565000e+01  -7.7701044e+01
   3.5570000e+01  -8.0218109e+01
   3.5575000e+01  -8.2357663e+01
   3.5580000e+01  -8.3851806e+01
   3.5585000e+01  -8.4540163e+01
   3.5590000e+01  -8.4360178e+01
   3.5595000e+01  -8.3311160e+01
   3.5600000e+01  -8.1404691e+01
   3.5605000e+01  -7.8626335e+01
   3.5610000e+01  -7.4936379e+01
   3.5615000e+01  -7.0319030e+01
   3.5620000e+01  -6.4853864e+01
   3.5625000e+01  -5.8756698e+01
   3.5630000e+01  -5.2349872e+01
   3.5635000e+01  -4.5973674e+01
   3.5640000e+01  -3.9899007e+01
   3.5645000e+01  -3.4299778e+01
   3.5650000e+01  -2.9291394e+01
   3.5655000e+01  -2.4987542e+01
   3.5660000e+01  -2.1519832e+01
   3.5665000e+01  -1.9005906e+01
   3.5670000e+01  -1.7498884e+01
   3.5675000e+01  -1.6961785e+01
   3.5680000e+01  -1.7281610e+01
   3.5685000e+01  -1.8304500e+01
   3.5690000e+01  -1.9869326e+01
   3.5695000e+01  -2.1838282e+01
   3.5700000e+01  -2.4134910e+01
   3.5705000e+01  -2.6781297e+01
   3.5710000e+01  -2.9897826e+01
   3.5715000e+01  -3.3633591e+01
   3.5720000e+01  -3.8046598e+01
   3.5725000e+01  -4.3008820e+01
   3.5730000e+01  -4.8211835e+01
   3.5735000e+01  -5.3280705e+01
   3.5740000e+01  -5.7921824e+01
   3.5745000e+01  -6.2005387e+01
   3.5750000e+01  -6.5533380e+01
   3.5755000e+01  -6.8525822e+01
   3.5760000e+01  -7.0912984e+01
   3.5765000e+01  -7.2517897e+01
   3.5770000e+01  -7.3154000e+01
   3.5775000e+01  -7.2778887e+01
   3.5780000e+01  -7.1591453e+01
   3.5785000e+01  -6.9984767e+01
   3.5790000e+01  -6.8365045e+01
   3.5795000e+01  -6.6947955e+01
   3.5800000e+01  -6.5667569e+01
   3.5805000e+01  -6.4261594e+01
   3.5810000e+01  -6.2482780e+01
   3.5815000e+01  -6.0306855e+01
   3.5820000e+01  -5.8007991e+01
   3.5825000e+01  -5.6051286e+01
   3.5830000e+01  -5.4863726e+01
   3.5835000e+01  -5.4621970e+01
   3.5840000e+01  -5.5182835e+01
   3.5845000e+01  -5.6185887e+01
   3.5850000e+01  -5.7247875e+01
   3.5855000e+01  -5.8126991e+01
   3.5860000e+01  -5.8781205e+01
   3.5865000e+01  -5.9326510e+01
   3.5870000e+01  -5.9948502e+01
   3.5875000e+01  -6.0812802e+01
   3.5880000e+01  -6.1990068e+01
   3.5885000e+01  -6.3401595e+01
   3.5890000e+01  -6.4805608e+01
   3.5895000e+01  -6.5849894e+01
   3.5900000e+01  -6.6187338e+01
   3.5905000e+01  -6.5603063e+01
   3.5910000e+01  -6.4080120e+01
   3.5915000e+01  -6.1762768e+01
   3.5920000e+01  -5.8843108e+01
   3.5925000e+01  -5.5447764e+01
   3.5930000e+01  -5.1597711e+01
   3.5935000e+01  -4.7258963e+01
   3.5940000e+01  -4.2435738e+01
   3.5945000e+01  -3.7229415e+01
   3.5950000e+01  -3.1814820e+01
   3.5955000e+01  -2.6347198e+01
   3.5960000e+01  -2.0864603e+01
   3.5965000e+01  -1.5257055e+01
   3.5970000e+01  -9.3317962e+00
   3.5975000e+01  -2.9406715e+00
   3.5980000e+01   3.9067728e+00
   3.5985000e+01   1.1013164e+01
   3.5990000e+01   1.8062846e+01
   3.5995000e+01   2.4747821e+01
   3.6000000e+01   3.0876757e+01
   3.6005000e+01   3.6407808e+01
   3.6010000e+01   4.1390990e+01
   3.6015000e+01   4.5854943e+01
   3.6020000e+01   4.9702171e+01
   3.6025000e+01   5.2673875e+01
   3.6030000e+01   5.4411946e+01
   3.6035000e+01   5.4595849e+01
   3.6040000e+01   5.3088731e+01
   3.6045000e+01   5.0013078e+01
   3.6050000e+01   4.5705499e+01
   3.6055000e+01   4.0566145e+01
   3.6060000e+01   3.4886022e+01
   3.6065000e+01   2.8754690e+01
   3.6070000e+01   2.2098229e+01
   3.6075000e+01   1.4808685e+01
   3.6080000e+01   6.8718078e+00
   3.6085000e+01  -1.5799977e+00
   3.6090000e+01  -1.0295445e+01
   3.6095000e+01  -1.8968322e+01
   3.6100000e+01  -2.7295103e+01
   3.6105000e+01  -3.5016535e+01
   3.6110000e+01  -4.1950727e+01
   3.6115000e+01  -4.8010803e+01
   3.6120000e+01  -5.3183584e+01
   3.6125000e+01  -5.7461650e+01
   3.6130000e+01  -6.0763042e+01
   3.6135000e+01  -6.2898085e+01
   3.6140000e+01  -6.3621340e+01
   3.6145000e+01  -6.2751359e+01
   3.6150000e+01  -6.0291930e+01
   3.6155000e+01  -5.6478242e+01
   3.6160000e+01  -5.1706080e+01
   3.6165000e+01  -4.6366023e+01
   3.6170000e+01  -4.0666931e+01
   3.6175000e+01  -3.4554848e+01
   3.6180000e+01  -2.7787926e+01
   3.6185000e+01  -2.0131630e+01
   3.6190000e+01  -1.1555790e+01
   3.6195000e+01  -2.3119351e+00
   3.6200000e+01   7.1486086e+00
   3.6205000e+01   1.6351747e+01
   3.6210000e+01   2.4959531e+01
   3.6215000e+01   3.2828715e+01
   3.6220000e+01   3.9961689e+01
   3.6225000e+01   4.6403114e+01
   3.6230000e+01   5.2148424e+01
   3.6235000e+01   5.7103515e+01
   3.6240000e+01   6.1099988e+01
   3.6245000e+01   6.3950606e+01
   3.6250000e+01   6.5524608e+01
   3.6255000e+01   6.5819594e+01
   3.6260000e+01   6.5000537e+01
   3.6265000e+01   6.3375607e+01
   3.6270000e+01   6.1297185e+01
   3.6275000e+01   5.9019115e+01
   3.6280000e+01   5.6585800e+01
   3.6285000e+01   5.3832882e+01
   3.6290000e+01   5.0519286e+01
   3.6295000e+01   4.6519023e+01
   3.6300000e+01   4.1950532e+01
   3.6305000e+01   3.7157295e+01
   3.6310000e+01   3.2551742e+01
   3.6315000e+01   2.8422751e+01
   3.6320000e+01   2.4825829e+01
   3.6325000e+01   2.1616503e+01
   3.6330000e+01   1.8593675e+01
   3.6335000e+01   1.5653092e+01
   3.6340000e+01   1.2855279e+01
   3.6345000e+01   1.0380740e+01
   3.6350000e+01   8.4236357e+00
   3.6355000e+01   7.1047322e+00
   3.6360000e+01   6.4506330e+00
   3.6365000e+01   6.4268969e+00
   3.6370000e+01   6.9796225e+00
   3.6375000e+01   8.0537133e+00
   3.6380000e+01   9.5918130e+00
   3.6385000e+01   1.1535617e+01
   3.6390000e+01   1.3837267e+01
   3.6395000e+01   1.6466885e+01
   3.6400000e+01   1.9402191e+01
   3.6405000e+01   2.2605837e+01
   3.6410000e+01   2.6009272e+01
   3.6415000e+01   2.9513478e+01
   3.6420000e+01   3.3000277e+01
   3.6425000e+01   3.6343504e+01
   3.6430000e+01   3.9419112e+01
   3.6435000e+01   4.2121973e+01
   3.6440000e+01   4.4392226e+01
   3.6445000e+01   4.6238709e+01
   3.6450000e+01   4.7736809e+01
   3.6455000e+01   4.8987893e+01
   3.6460000e+01   5.0056022e+01
   3.6465000e+01   5.0922540e+01
   3.6470000e+01   5.1493224e+01
   3.6475000e+01   5.1652616e+01
   3.6480000e+01   5.1319627e+01
   3.6485000e+01   5.0459847e+01
   3.6490000e+01   4.9055453e+01
   3.6495000e+01   4.7075402e+01
   3.6500000e+01   4.4482139e+01
   3.6505000e+01   4.1267551e+01
   3.6510000e+01   3.7480002e+01
   3.6515000e+01   3.3214108e+01
   3.6520000e+01   2.8568825e+01
   3.6525000e+01   2.3606250e+01
   3.6530000e+01   1.8346679e+01
   3.6535000e+01   1.2812959e+01
   3.6540000e+01   7.0987725e+00
   3.6545000e+01   1.4068791e+00
   3.6550000e+01  -3.9847016e+00
   3.6555000e+01  -8.8169507e+00
   3.6560000e+01  -1.2940003e+01
   3.6565000e+01  -1.6332606e+01
   3.6570000e+01  -1.9038255e+01
   3.6575000e+01  -2.1069480e+01
   3.6580000e+01  -2.2353832e+01
   3.6585000e+01  -2.2761154e+01
   3.6590000e+01  -2.2191123e+01
   3.6595000e+01  -2.0657686e+01
   3.6600000e+01  -1.8310026e+01
   3.6605000e+01  -1.5371777e+01
   3.6610000e+01  -1.2031787e+01
   3.6615000e+01  -8.3510317e+00
   3.6620000e+01  -4.2454405e+00
   3.6625000e+01   4.3652238e-01
   3.6630000e+01   5.7813058e+00
   3.6635000e+01   1.1702555e+01
   3.6640000e+01   1.7927334e+01
   3.6645000e+01   2.4086843e+01
   3.6650000e+01   2.9856808e+01
   3.6655000e+01   3.5065433e+01
   3.6660000e+01   3.9712173e+01
   3.6665000e+01   4.3897624e+01
   3.6670000e+01   4.7717651e+01
   3.6675000e+01   5.1192300e+01
   3.6680000e+01   5.4271358e+01
   3.6685000e+01   5.6901667e+01
   3.6690000e+01   5.9096880e+01
   3.6695000e+01   6.0951965e+01
   3.6700000e+01   6.2590634e+01
   3.6705000e+01   6.4088213e+01
   3.6710000e+01   6.5433534e+01
   3.6715000e+01   6.6565346e+01
   3.6720000e+01   6.7461458e+01
   3.6725000e+01   6.8215546e+01
   3.6730000e+01   6.9041972e+01
   3.6735000e+01   7.0199432e+01
   3.6740000e+01   7.1880049e+01
   3.6745000e+01   7.4130287e+01
   3.6750000e+01   7.6845035e+01
   3.6755000e+01   7.9829693e+01
   3.6760000e+01   8.2888387e+01
   3.6765000e+01   8.5887904e+01
   3.6770000e+01   8.8767194e+01
   3.6775000e+01   9.1497422e+01
   3.6780000e+01   9.4026259e+01
   3.6785000e+01   9.6245824e+01
   3.6790000e+01   9.8004471e+01
   3.6795000e+01   9.9150513e+01
   3.6800000e+01   9.9571367e+01
   3.6805000e+01   9.9194420e+01
   3.6810000e+01   9.7950514e+01
   3.6815000e+01   9.5741071e+01
   3.6820000e+01   9.2454823e+01
   3.6825000e+01   8.8038259e+01
   3.6830000e+01   8.2573529e+01
   3.6835000e+01   7.6307373e+01
   3.6840000e+01   6.9609236e+01
   3.6845000e+01   6.2878306e+01
   3.6850000e+01   5.6438116e+01
   3.6855000e+01   5.0459424e+01
   3.6860000e+01   4.4949782e+01
   3.6865000e+01   3.9830675e+01
   3.6870000e+01   3.5075844e+01
   3.6875000e+01   3.0830075e+01
   3.6880000e+01   2.7420206e+01
   3.6885000e+01   2.5233728e+01
   3.6890000e+01   2.4532660e+01
   3.6895000e+01   2.5317094e+01
   3.6900000e+01   2.7319189e+01
   3.6905000e+01   3.0125172e+01
   3.6910000e+01   3.3349325e+01
   3.6915000e+01   3.6760593e+01
   3.6920000e+01   4.0296675e+01
   3.6925000e+01   4.3972397e+01
   3.6930000e+01   4.7757747e+01
   3.6935000e+01   5.1519101e+01
   3.6940000e+01   5.5065724e+01
   3.6945000e+01   5.8258283e+01
   3.6950000e+01   6.1085670e+01
   3.6955000e+01   6.3643782e+01
   3.6960000e+01   6.6032086e+01
   3.6965000e+01   6.8250875e+01
   3.6970000e+01   7.0179642e+01
   3.6975000e+01   7.1651288e+01
   3.6980000e+01   7.2564710e+01
   3.6985000e+01   7.2954802e+01
   3.6990000e+01   7.2975334e+01
   3.6995000e+01   7.2813675e+01
   3.7000000e+01   7.2599414e+01
   3.7005000e+01   7.2364118e+01
   3.7010000e+01   7.2066057e+01
   3.7015000e+01   7.1648556e+01
   3.7020000e+01   7.1087255e+01
   3.7025000e+01   7.0403186e+01
   3.7030000e+01   6.9649923e+01
   3.7035000e+01   6.8896277e+01
   3.7040000e+01   6.8215409e+01
   3.7045000e+01   6.7673705e+01
   3.7050000e+01   6.7310006e+01
   3.7055000e+01   6.7111836e+01
   3.7060000e+01   6.7011324e+01
   3.7065000e+01   6.6916413e+01
   3.7070000e+01   6.6763485e+01
   3.7075000e+01   6.6553871e+01
   3.7080000e+01   6.6345314e+01
   3.7085000e+01   6.6204973e+01
   3.7090000e+01   6.6160866e+01
   3.7095000e+01   6.6187846e+01
   3.7100000e+01   6.6236047e+01
   3.7105000e+01   6.6278110e+01
   3.7110000e+01   6.6337875e+01
   3.7115000e+01   6.6475204e+01
   3.7120000e+01   6.6732252e+01
   3.7125000e+01   6.7076470e+01
   3.7130000e+01   6.7382622e+01
   3.7135000e+01   6.7472357e+01
   3.7140000e+01   6.7191497e+01
   3.7145000e+01   6.6479447e+01
   3.7150000e+01   6.5388864e+01
   3.7155000e+01   6.4044438e+01
   3.7160000e+01   6.2568743e+01
   3.7165000e+01   6.1025364e+01
   3.7170000e+01   5.9416485e+01
   3.7175000e+01   5.7728877e+01
   3.7180000e+01   5.5981544e+01
   3.7185000e+01   5.4226475e+01
   3.7190000e+01   5.2497400e+01
   3.7195000e+01   5.0754519e+01
   3.7200000e+01   4.8885641e+01
   3.7205000e+01   4.6778312e+01
   3.7210000e+01   4.4411401e+01
   3.7215000e+01   4.1891213e+01
   3.7220000e+01   3.9402235e+01
   3.7225000e+01   3.7113941e+01
   3.7230000e+01   3.5115035e+01
   3.7235000e+01   3.3411497e+01
   3.7240000e+01   3.1966939e+01
   3.7245000e+01   3.0739405e+01
   3.7250000e+01   2.9691181e+01
   3.7255000e+01   2.8783341e+01
   3.7260000e+01   2.7975358e+01
   3.7265000e+01   2.7228427e+01
   3.7270000e+01   2.6493215e+01
   3.7275000e+01   2.5679710e+01
   3.7280000e+01   2.4643608e+01
   3.7285000e+01   2.3229054e+01
   3.7290000e+01   2.1357696e+01
   3.7295000e+01   1.9092789e+01
   3.7300000e+01   1.6605669e+01
   3.7305000e+01   1.4047841e+01
   3.7310000e+01   1.1420011e+01
   3.7315000e+01   8.5433196e+00
   3.7320000e+01   5.1592652e+00
   3.7325000e+01   1.0845666e+00
   3.7330000e+01  -3.6862176e+00
   3.7335000e+01  -8.9857129e+00
   3.7340000e+01  -1.4562653e+01
   3.7345000e+01  -2.0189200e+01
   3.7350000e+01  -2.5731833e+01
   3.7355000e+01  -3.1165709e+01
   3.7360000e+01  -3.6539804e+01
   3.7365000e+01  -4.1911736e+01
   3.7370000e+01  -4.7275987e+01
   3.7375000e+01  -5.2514052e+01
   3.7380000e+01  -5.7393444e+01
   3.7385000e+01  -6.1623914e+01
   3.7390000e+01  -6.4946927e+01
   3.7395000e+01  -6.7211363e+01
   3.7400000e+01  -6.8396429e+01
   3.7405000e+01  -6.8579450e+01
   3.7410000e+01  -6.7882358e+01
   3.7415000e+01  -6.6436797e+01
   3.7420000e+01  -6.4380367e+01
   3.7425000e+01  -6.1861860e+01
   3.7430000e+01  -5.9024363e+01
   3.7435000e+01  -5.5961311e+01
   3.7440000e+01  -5.2678120e+01
   3.7445000e+01  -4.9103097e+01
   3.7450000e+01  -4.5159377e+01
   3.7455000e+01  -4.0858319e+01
   3.7460000e+01  -3.6349334e+01
   3.7465000e+01  -3.1887586e+01
   3.7470000e+01  -2.7739341e+01
   3.7475000e+01  -2.4087290e+01
   3.7480000e+01  -2.0993447e+01
   3.7485000e+01  -1.8434741e+01
   3.7490000e+01  -1.6380330e+01
   3.7495000e+01  -1.4858933e+01
   3.7500000e+01  -1.3976298e+01
   3.7505000e+01  -1.3874295e+01
   3.7510000e+01  -1.4653963e+01
   3.7515000e+01  -1.6302824e+01
   3.7520000e+01  -1.8669202e+01
   3.7525000e+01  -2.1508706e+01
   3.7530000e+01  -2.4587785e+01
   3.7535000e+01  -2.7784294e+01
   3.7540000e+01  -3.1114374e+01
   3.7545000e+01  -3.4662158e+01
   3.7550000e+01  -3.8465568e+01
   3.7555000e+01  -4.2451591e+01
   3.7560000e+01  -4.6475018e+01
   3.7565000e+01  -5.0424394e+01
   3.7570000e+01  -5.4298545e+01
   3.7575000e+01  -5.8184215e+01
   3.7580000e+01  -6.2155467e+01
   3.7585000e+01  -6.6184248e+01
   3.7590000e+01  -7.0136871e+01
   3.7595000e+01  -7.3851491e+01
   3.7600000e+01  -7.7224030e+01
   3.7605000e+01  -8.0233743e+01
   3.7610000e+01  -8.2902615e+01
   3.7615000e+01  -8.5239545e+01
   3.7620000e+01  -8.7220299e+01
   3.7625000e+01  -8.8808359e+01
   3.7630000e+01  -8.9982739e+01
   3.7635000e+01  -9.0742814e+01
   3.7640000e+01  -9.1093296e+01
   3.7645000e+01  -9.1033526e+01
   3.7650000e+01  -9.0564405e+01
   3.7655000e+01  -8.9702911e+01
   3.7660000e+01  -8.8488498e+01
   3.7665000e+01  -8.6980412e+01
   3.7670000e+01  -8.5256488e+01
   3.7675000e+01  -8.3416040e+01
   3.7680000e+01  -8.1573884e+01
   3.7685000e+01  -7.9833289e+01
   3.7690000e+01  -7.8247643e+01
   3.7695000e+01  -7.6800890e+01
   3.7700000e+01  -7.5428641e+01
   3.7705000e+01  -7.4066446e+01
   3.7710000e+01  -7.2683658e+01
   3.7715000e+01  -7.1274116e+01
   3.7720000e+01  -6.9820757e+01
   3.7725000e+01  -6.8282457e+01
   3.7730000e+01  -6.6630406e+01
   3.7735000e+01  -6.4904960e+01
   3.7740000e+01  -6.3231868e+01
   3.7745000e+01  -6.1767589e+01
   3.7750000e+01  -6.0609641e+01
   3.7755000e+01  -5.9743106e+01
   3.7760000e+01  -5.9065099e+01
   3.7765000e+01  -5.8466112e+01
   3.7770000e+01  -5.7906881e+01
   3.7775000e+01  -5.7437469e+01
   3.7780000e+01  -5.7147131e+01
   3.7785000e+01  -5.7078945e+01
   3.7790000e+01  -5.7167204e+01
   3.7795000e+01  -5.7243484e+01
   3.7800000e+01  -5.7111801e+01
   3.7805000e+01  -5.6642038e+01
   3.7810000e+01  -5.5814382e+01
   3.7815000e+01  -5.4684347e+01
   3.7820000e+01  -5.3300955e+01
   3.7825000e+01  -5.1646357e+01
   3.7830000e+01  -4.9643970e+01
   3.7835000e+01  -4.7225044e+01
   3.7840000e+01  -4.4400454e+01
   3.7845000e+01  -4.1286508e+01
   3.7850000e+01  -3.8070825e+01
   3.7855000e+01  -3.4943826e+01
   3.7860000e+01  -3.2038144e+01
   3.7865000e+01  -2.9408504e+01
   3.7870000e+01  -2.7058173e+01
   3.7875000e+01  -2.4989526e+01
   3.7880000e+01  -2.3242120e+01
   3.7885000e+01  -2.1892425e+01
   3.7890000e+01  -2.1017922e+01
   3.7895000e+01  -2.0652211e+01
   3.7900000e+01  -2.0761512e+01
   3.7905000e+01  -2.1260083e+01
   3.7910000e+01  -2.2063386e+01
   3.7915000e+01  -2.3155944e+01
   3.7920000e+01  -2.4630701e+01
   3.7925000e+01  -2.6658630e+01
   3.7930000e+01  -2.9388162e+01
   3.7935000e+01  -3.2832172e+01
   3.7940000e+01  -3.6822184e+01
   3.7945000e+01  -4.1066561e+01
   3.7950000e+01  -4.5275407e+01
   3.7955000e+01  -4.9272404e+01
   3.7960000e+01  -5.3031568e+01
   3.7965000e+01  -5.6631350e+01
   3.7970000e+01  -6.0167017e+01
   3.7975000e+01  -6.3678088e+01
   3.7980000e+01  -6.7128124e+01
   3.7985000e+01  -7.0435833e+01
   3.7990000e+01  -7.3525179e+01
   3.7995000e+01  -7.6356792e+01
   3.8000000e+01  -7.8922657e+01
   3.8005000e+01  -8.1214988e+01
   3.8010000e+01  -8.3199858e+01
   3.8015000e+01  -8.4823457e+01
   3.8020000e+01  -8.6052930e+01
   3.8025000e+01  -8.6922556e+01
   3.8030000e+01  -8.7546543e+01
   3.8035000e+01  -8.8081462e+01
   3.8040000e+01  -8.8655834e+01
   3.8045000e+01  -8.9305542e+01
   3.8050000e+01  -8.9951283e+01
   3.8055000e+01  -9.0433522e+01
   3.8060000e+01  -9.0590207e+01
   3.8065000e+01  -9.0336372e+01
   3.8070000e+01  -8.9702551e+01
   3.8075000e+01  -8.8815308e+01
   3.8080000e+01  -8.7837883e+01
   3.8085000e+01  -8.6907139e+01
   3.8090000e+01  -8.6094412e+01
   3.8095000e+01  -8.5394654e+01
   3.8100000e+01  -8.4734682e+01
   3.8105000e+01  -8.3995243e+01
   3.8110000e+01  -8.3048795e+01
   3.8115000e+01  -8.1810200e+01
   3.8120000e+01  -8.0280535e+01
   3.8125000e+01  -7.8553026e+01
   3.8130000e+01  -7.6766482e+01
   3.8135000e+01  -7.5030288e+01
   3.8140000e+01  -7.3371673e+01
   3.8145000e+01  -7.1742035e+01
   3.8150000e+01  -7.0071748e+01
   3.8155000e+01  -6.8323478e+01
   3.8160000e+01  -6.6499749e+01
   3.8165000e+01  -6.4606639e+01
   3.8170000e+01  -6.2617644e+01
   3.8175000e+01  -6.0479433e+01
   3.8180000e+01  -5.8159229e+01
   3.8185000e+01  -5.5695454e+01
   3.8190000e+01  -5.3213415e+01
   3.8195000e+01  -5.0895737e+01
   3.8200000e+01  -4.8920488e+01
   3.8205000e+01  -4.7387481e+01
   3.8210000e+01  -4.6258532e+01
   3.8215000e+01  -4.5344364e+01
   3.8220000e+01  -4.4362581e+01
   3.8225000e+01  -4.3056750e+01
   3.8230000e+01  -4.1323133e+01
   3.8235000e+01  -3.9272833e+01
   3.8240000e+01  -3.7184641e+01
   3.8245000e+01  -3.5367818e+01
   3.8250000e+01  -3.4013032e+01
   3.8255000e+01  -3.3117679e+01
   3.8260000e+01  -3.2519475e+01
   3.8265000e+01  -3.2001168e+01
   3.8270000e+01  -3.1394946e+01
   3.8275000e+01  -3.0633393e+01
   3.8280000e+01  -2.9735578e+01
   3.8285000e+01  -2.8749202e+01
   3.8290000e+01  -2.7685044e+01
   3.8295000e+01  -2.6483062e+01
   3.8300000e+01  -2.5036084e+01
   3.8305000e+01  -2.3262316e+01
   3.8310000e+01  -2.1179421e+01
   3.8315000e+01  -1.8923677e+01
   3.8320000e+01  -1.6692106e+01
   3.8325000e+01  -1.4639198e+01
   3.8330000e+01  -1.2790804e+01
   3.8335000e+01  -1.1024432e+01
   3.8340000e+01  -9.1223319e+00
   3.8345000e+01  -6.8648151e+00
   3.8350000e+01  -4.1189781e+00
   3.8355000e+01  -8.9036349e-01
   3.8360000e+01   2.6751677e+00
   3.8365000e+01   6.3372514e+00
   3.8370000e+01   9.8412089e+00
   3.8375000e+01   1.3006600e+01
   3.8380000e+01   1.5787960e+01
   3.8385000e+01   1.8276408e+01
   3.8390000e+01   2.0637871e+01
   3.8395000e+01   2.3021048e+01
   3.8400000e+01   2.5487611e+01
   3.8405000e+01   2.7999094e+01
   3.8410000e+01   3.0452614e+01
   3.8415000e+01   3.2727701e+01
   3.8420000e+01   3.4713503e+01
   3.8425000e+01   3.6317388e+01
   3.8430000e+01   3.7478804e+01
   3.8435000e+01   3.8203696e+01
   3.8440000e+01   3.8602707e+01
   3.8445000e+01   3.8892622e+01
   3.8450000e+01   3.9334196e+01
   3.8455000e+01   4.0127939e+01
   3.8460000e+01   4.1332338e+01
   3.8465000e+01   4.2862439e+01
   3.8470000e+01   4.4569607e+01
   3.8475000e+01   4.6343854e+01
   3.8480000e+01   4.8170268e+01
   3.8485000e+01   5.0114946e+01
   3.8490000e+01   5.2269086e+01
   3.8495000e+01   5.4698121e+01
   3.8500000e+01   5.7422243e+01
   3.8505000e+01   6.0425503e+01
   3.8510000e+01   6.3678422e+01
   3.8515000e+01   6.7161505e+01
   3.8520000e+01   7.0878622e+01
   3.8525000e+01   7.4847730e+01
   3.8530000e+01   7.9065316e+01
   3.8535000e+01   8.3465010e+01
   3.8540000e+01   8.7908957e+01
   3.8545000e+01   9.2234417e+01
   3.8550000e+01   9.6330378e+01
   3.8555000e+01   1.0018292e+02
   3.8560000e+01   1.0384626e+02
   3.8565000e+01   1.0736033e+02
   3.8570000e+01   1.1068604e+02
   3.8575000e+01   1.1371648e+02
   3.8580000e+01   1.1635579e+02
   3.8585000e+01   1.1859928e+02
   3.8590000e+01   1.2054661e+02
   3.8595000e+01   1.2233286e+02
   3.8600000e+01   1.2402511e+02
   3.8605000e+01   1.2555846e+02
   3.8610000e+01   1.2675843e+02
   3.8615000e+01   1.2743746e+02
   3.8620000e+01   1.2750216e+02
   3.8625000e+01   1.2700149e+02
   3.8630000e+01   1.2608624e+02
   3.8635000e+01   1.2491033e+02
   3.8640000e+01   1.2354246e+02
   3.8645000e+01   1.2194719e+02
   3.8650000e+01   1.2004387e+02
   3.8655000e+01   1.1779774e+02
   3.8660000e+01   1.1527534e+02
   3.8665000e+01   1.1262301e+02
   3.8670000e+01   1.0998429e+02
   3.8675000e+01   1.0741773e+02
   3.8680000e+01   1.0487341e+02
   3.8685000e+01   1.0223625e+02
   3.8690000e+01   9.9395347e+01
   3.8695000e+01   9.6294266e+01
   3.8700000e+01   9.2951820e+01
   3.8705000e+01   8.9468664e+01
   3.8710000e+01   8.6023481e+01
   3.8715000e+01   8.2839230e+01
   3.8720000e+01   8.0106659e+01
   3.8725000e+01   7.7893240e+01
   3.8730000e+01   7.6099376e+01
   3.8735000e+01   7.4508292e+01
   3.8740000e+01   7.2913356e+01
   3.8745000e+01   7.1244285e+01
   3.8750000e+01   6.9605672e+01
   3.8755000e+01   6.8198493e+01
   3.8760000e+01   6.7174435e+01
   3.8765000e+01   6.6515621e+01
   3.8770000e+01   6.6013894e+01
   3.8775000e+01   6.5363712e+01
   3.8780000e+01   6.4318785e+01
   3.8785000e+01   6.2827514e+01
   3.8790000e+01   6.1073303e+01
   3.8795000e+01   5.9398692e+01
   3.8800000e+01   5.8156706e+01
   3.8805000e+01   5.7568794e+01
   3.8810000e+01   5.7656475e+01
   3.8815000e+01   5.8267814e+01
   3.8820000e+01   5.9171683e+01
   3.8825000e+01   6.0166198e+01
   3.8830000e+01   6.1149757e+01
   3.8835000e+01   6.2128747e+01
   3.8840000e+01   6.3171939e+01
   3.8845000e+01   6.4348865e+01
   3.8850000e+01   6.5691483e+01
   3.8855000e+01   6.7194262e+01
   3.8860000e+01   6.8837590e+01
   3.8865000e+01   7.0607655e+01
   3.8870000e+01   7.2498463e+01
   3.8875000e+01   7.4501199e+01
   3.8880000e+01   7.6593130e+01
   3.8885000e+01   7.8731025e+01
   3.8890000e+01   8.0846077e+01
   3.8895000e+01   8.2838671e+01
   3.8900000e+01   8.4577887e+01
   3.8905000e+01   8.5912484e+01
   3.8910000e+01   8.6694643e+01
   3.8915000e+01   8.6811333e+01
   3.8920000e+01   8.6217021e+01
   3.8925000e+01   8.4961478e+01
   3.8930000e+01   8.3198745e+01
   3.8935000e+01   8.1156199e+01
   3.8940000e+01   7.9056637e+01
   3.8945000e+01   7.7020953e+01
   3.8950000e+01   7.5004890e+01
   3.8955000e+01   7.2812282e+01
   3.8960000e+01   7.0183937e+01
   3.8965000e+01   6.6918999e+01
   3.8970000e+01   6.2971237e+01
   3.8975000e+01   5.8478087e+01
   3.8980000e+01   5.3712079e+01
   3.8985000e+01   4.8978473e+01
   3.8990000e+01   4.4505735e+01
   3.8995000e+01   4.0375229e+01
   3.9000000e+01   3.6514153e+01
   3.9005000e+01   3.2746545e+01
   3.9010000e+01   2.8876537e+01
   3.9015000e+01   2.4770634e+01
   3.9020000e+01   2.0409575e+01
   3.9025000e+01   1.5892006e+01
   3.9030000e+01   1.1388959e+01
   3.9035000e+01   7.0665224e+00
   3.9040000e+01   3.0100503e+00
   3.9045000e+01  -8.1118948e-01
   3.9050000e+01  -4.5148653e+00
   3.9055000e+01  -8.2238016e+00
   3.9060000e+01  -1.1980581e+01
   3.9065000e+01  -1.5715230e+01
   3.9070000e+01  -1.9288489e+01
   3.9075000e+01  -2.2579737e+01
   3.9080000e+01  -2.5557131e+01
   3.9085000e+01  -2.8281949e+01
   3.9090000e+01  -3.0847211e+01
   3.9095000e+01  -3.3295927e+01
   3.9100000e+01  -3.5576329e+01
   3.9105000e+01  -3.7565578e+01
   3.9110000e+01  -3.9149185e+01
   3.9115000e+01  -4.0307762e+01
   3.9120000e+01  -4.1155045e+01
   3.9125000e+01  -4.1896371e+01
   3.9130000e+01  -4.2723509e+01
   3.9135000e+01  -4.3703857e+01
   3.9140000e+01  -4.4731946e+01
   3.9145000e+01  -4.5579800e+01
   3.9150000e+01  -4.6026923e+01
   3.9155000e+01  -4.6001145e+01
   3.9160000e+01  -4.5646105e+01
   3.9165000e+01  -4.5265973e+01
   3.9170000e+01  -4.5173029e+01
   3.9175000e+01  -4.5532927e+01
   3.9180000e+01  -4.6307949e+01
   3.9185000e+01  -4.7326943e+01
   3.9190000e+01  -4.8417399e+01
   3.9195000e+01  -4.9498881e+01
   3.9200000e+01  -5.0584634e+01
   3.9205000e+01  -5.1720370e+01
   3.9210000e+01  -5.2930932e+01
   3.9215000e+01  -5.4216084e+01
   3.9220000e+01  -5.5575060e+01
   3.9225000e+01  -5.7013026e+01
   3.9230000e+01  -5.8516487e+01
   3.9235000e+01  -6.0034417e+01
   3.9240000e+01  -6.1503942e+01
   3.9245000e+01  -6.2907073e+01
   3.9250000e+01  -6.4299660e+01
   3.9255000e+01  -6.5772240e+01
   3.9260000e+01  -6.7369607e+01
   3.9265000e+01  -6.9041008e+01
   3.9270000e+01  -7.0668642e+01
   3.9275000e+01  -7.2153191e+01
   3.9280000e+01  -7.3487235e+01
   3.9285000e+01  -7.4760578e+01
   3.9290000e+01  -7.6096719e+01
   3.9295000e+01  -7.7567461e+01
   3.9300000e+01  -7.9141035e+01
   3.9305000e+01  -8.0692899e+01
   3.9310000e+01  -8.2069994e+01
   3.9315000e+01  -8.3168116e+01
   3.9320000e+01  -8.3973522e+01
   3.9325000e+01  -8.4544519e+01
   3.9330000e+01  -8.4955623e+01
   3.9335000e+01  -8.5257133e+01
   3.9340000e+01  -8.5482822e+01
   3.9345000e+01  -8.5683242e+01
   3.9350000e+01  -8.5930241e+01
   3.9355000e+01  -8.6268134e+01
   3.9360000e+01  -8.6649399e+01
   3.9365000e+01  -8.6920496e+01
   3.9370000e+01  -8.6884719e+01
   3.9375000e+01  -8.6400640e+01
   3.9380000e+01  -8.5441472e+01
   3.9385000e+01  -8.4072282e+01
   3.9390000e+01  -8.2368998e+01
   3.9395000e+01  -8.0347983e+01
   3.9400000e+01  -7.7962351e+01
   3.9405000e+01  -7.5165410e+01
   3.9410000e+01  -7.1989943e+01
   3.9415000e+01  -6.8582195e+01
   3.9420000e+01  -6.5162407e+01
   3.9425000e+01  -6.1932090e+01
   3.9430000e+01  -5.8982503e+01
   3.9435000e+01  -5.6261176e+01
   3.9440000e+01  -5.3621381e+01
   3.9445000e+01  -5.0928546e+01
   3.9450000e+01  -4.8159163e+01
   3.9455000e+01  -4.5429917e+01
   3.9460000e+01  -4.2938418e+01
   3.9465000e+01  -4.0852723e+01
   3.9470000e+01  -3.9218463e+01
   3.9475000e+01  -3.7941083e+01
   3.9480000e+01  -3.6853547e+01
   3.9485000e+01  -3.5824012e+01
   3.9490000e+01  -3.4830427e+01
   3.9495000e+01  -3.3954176e+01
   3.9500000e+01  -3.3307889e+01
   3.9505000e+01  -3.2959777e+01
   3.9510000e+01  -3.2905137e+01
   3.9515000e+01  -3.3082761e+01
   3.9520000e+01  -3.3400263e+01
   3.9525000e+01  -3.3748104e+01
   3.9530000e+01  -3.4014186e+01
   3.9535000e+01  -3.4113391e+01
   3.9540000e+01  -3.4019617e+01
   3.9545000e+01  -3.3770164e+01
   3.9550000e+01  -3.3428552e+01
   3.9555000e+01  -3.3027704e+01
   3.9560000e+01  -3.2536618e+01
   3.9565000e+01  -3.1878766e+01
   3.9570000e+01  -3.0989440e+01
   3.9575000e+01  -2.9865735e+01
   3.9580000e+01  -2.8567292e+01
   3.9585000e+01  -2.7166929e+01
   3.9590000e+01  -2.5692153e+01
   3.9595000e+01  -2.4103333e+01
   3.9600000e+01  -2.2320350e+01
   3.9605000e+01  -2.0271818e+01
   3.9610000e+01  -1.7932166e+01
   3.9615000e+01  -1.5330422e+01
   3.9620000e+01  -1.2535905e+01
   3.9625000e+01  -9.6336167e+00
   3.9630000e+01  -6.6992942e+00
   3.9635000e+01  -3.7810531e+00
   3.9640000e+01  -8.9406576e-01
   3.9645000e+01   1.9677552e+00
   3.9650000e+01   4.8072066e+00
   3.9655000e+01   7.6010589e+00
   3.9660000e+01   1.0297515e+01
   3.9665000e+01   1.2841043e+01
   3.9670000e+01   1.5209368e+01
   3.9675000e+01   1.7432052e+01
   3.9680000e+01   1.9570125e+01
   3.9685000e+01   2.1668104e+01
   3.9690000e+01   2.3714633e+01
   3.9695000e+01   2.5640071e+01
   3.9700000e+01   2.7347728e+01
   3.9705000e+01   2.8754910e+01
   3.9710000e+01   2.9827194e+01
   3.9715000e+01   3.0602645e+01
   3.9720000e+01   3.1196846e+01
   3.9725000e+01   3.1767913e+01
   3.9730000e+01   3.2438003e+01
   3.9735000e+01   3.3214038e+01
   3.9740000e+01   3.3975328e+01
   3.9745000e+01   3.4556622e+01
   3.9750000e+01   3.4875020e+01
   3.9755000e+01   3.5002169e+01
   3.9760000e+01   3.5119584e+01
   3.9765000e+01   3.5388642e+01
   3.9770000e+01   3.5837206e+01
   3.9775000e+01   3.6350250e+01
   3.9780000e+01   3.6766644e+01
   3.9785000e+01   3.7003822e+01
   3.9790000e+01   3.7119774e+01
   3.9795000e+01   3.7275675e+01
   3.9800000e+01   3.7631298e+01
   3.9805000e+01   3.8242136e+01
   3.9810000e+01   3.9018466e+01
   3.9815000e+01   3.9765765e+01
   3.9820000e+01   4.0278857e+01
   3.9825000e+01   4.0435203e+01
   3.9830000e+01   4.0240265e+01
   3.9835000e+01   3.9810828e+01
   3.9840000e+01   3.9315554e+01
   3.9845000e+01   3.8905626e+01
   3.9850000e+01   3.8662779e+01
   3.9855000e+01   3.8580817e+01
   3.9860000e+01   3.8587495e+01
   3.9865000e+01   3.8599916e+01
   3.9870000e+01   3.8585010e+01
   3.9875000e+01   3.8584131e+01
   3.9880000e+01   3.8680811e+01
   3.9885000e+01   3.8937418e+01
   3.9890000e+01   3.9356999e+01
   3.9895000e+01   3.9905000e+01
   3.9900000e+01   4.0568252e+01
   3.9905000e+01   4.1392115e+01
   3.9910000e+01   4.2457435e+01
   3.9915000e+01   4.3815263e+01
   3.9920000e+01   4.5434503e+01
   3.9925000e+01   4.7205327e+01
   3.9930000e+01   4.8996695e+01
   3.9935000e+01   5.0728541e+01
   3.9940000e+01   5.2411820e+01
   3.9945000e+01   5.4131249e+01
   3.9950000e+01   5.5981233e+01
   3.9955000e+01   5.7995633e+01
   3.9960000e+01   6.0117884e+01
   3.9965000e+01   6.2231738e+01
   3.9970000e+01   6.4229576e+01
   3.9975000e+01   6.6067274e+01
   3.9980000e+01   6.7766852e+01
   3.9985000e+01   6.9372322e+01
   3.9990000e+01   7.0900493e+01
   3.9995000e+01   7.2323478e+01
   4.0000000e+01   7.3582099e+01
   4.0005000e+01   7.4602977e+01
   4.0010000e+01   7.5303427e+01
   4.0015000e+01   7.5595893e+01
   4.0020000e+01   7.5407271e+01
   4.0025000e+01   7.4704125e+01
   4.0030000e+01   7.3498486e+01
   4.0035000e+01   7.1825410e+01
   4.0040000e+01   6.9713419e+01
   4.0045000e+01   6.7175932e+01
   4.0050000e+01   6.4229062e+01
   4.0055000e+01   6.0915658e+01
   4.0060000e+01   5.7311558e+01
   4.0065000e+01   5.3505466e+01
   4.0070000e+01   4.9562361e+01
   4.0075000e+01   4.5491382e+01
   4.0080000e+01   4.1239856e+01
   4.0085000e+01   3.6724245e+01
   4.0090000e+01   3.1888996e+01
   4.0095000e+01   2.6765484e+01
   4.0100000e+01   2.1496950e+01
   4.0105000e+01   1.6306570e+01
   4.0110000e+01   1.1413724e+01
   4.0115000e+01   6.9392278e+00
   4.0120000e+01   2.8604217e+00
   4.0125000e+01  -9.4418167e-01
   4.0130000e+01  -4.5820764e+00
   4.0135000e+01  -8.0444646e+00
   4.0140000e+01  -1.1193217e+01
   4.0145000e+01  -1.3850157e+01
   4.0150000e+01  -1.5922996e+01
   4.0155000e+01  -1.7476410e+01
   4.0160000e+01  -1.8701418e+01
   4.0165000e+01  -1.9810521e+01
   4.0170000e+01  -2.0934107e+01
   4.0175000e+01  -2.2086791e+01
   4.0180000e+01  -2.3219176e+01
   4.0185000e+01  -2.4307274e+01
   4.0190000e+01  -2.5403707e+01
   4.0195000e+01  -2.6605765e+01
   4.0200000e+01  -2.7964700e+01
   4.0205000e+01  -2.9413433e+01
   4.0210000e+01  -3.0780797e+01
   4.0215000e+01  -3.1892643e+01
   4.0220000e+01  -3.2688390e+01
   4.0225000e+01  -3.3267591e+01
   4.0230000e+01  -3.3836840e+01
   4.0235000e+01  -3.4601302e+01
   4.0240000e+01  -3.5673929e+01
   4.0245000e+01  -3.7045425e+01
   4.0250000e+01  -3.8609734e+01
   4.0255000e+01  -4.0216061e+01
   4.0260000e+01  -4.1723749e+01
   4.0265000e+01  -4.3048218e+01
   4.0270000e+01  -4.4189688e+01
   4.0275000e+01  -4.5234629e+01
   4.0280000e+01  -4.6322871e+01
   4.0285000e+01  -4.7585703e+01
   4.0290000e+01  -4.9077782e+01
   4.0295000e+01  -5.0736050e+01
   4.0300000e+01  -5.2390523e+01
   4.0305000e+01  -5.3825684e+01
   4.0310000e+01  -5.4862634e+01
   4.0315000e+01  -5.5419751e+01
   4.0320000e+01  -5.5521743e+01
   4.0325000e+01  -5.5257564e+01
   4.0330000e+01  -5.4718703e+01
   4.0335000e+01  -5.3959510e+01
   4.0340000e+01  -5.3000512e+01
   4.0345000e+01  -5.1858375e+01
   4.0350000e+01  -5.0564810e+01
   4.0355000e+01  -4.9153067e+01
   4.0360000e+01  -4.7629384e+01
   4.0365000e+01  -4.5967428e+01
   4.0370000e+01  -4.4142513e+01
   4.0375000e+01  -4.2179784e+01
   4.0380000e+01  -4.0170313e+01
   4.0385000e+01  -3.8231802e+01
   4.0390000e+01  -3.6435634e+01
   4.0395000e+01  -3.4751901e+01
   4.0400000e+01  -3.3057165e+01
   4.0405000e+01  -3.1211383e+01
   4.0410000e+01  -2.9163227e+01
   4.0415000e+01  -2.7016392e+01
   4.0420000e+01  -2.5005309e+01
   4.0425000e+01  -2.3383510e+01
   4.0430000e+01  -2.2287336e+01
   4.0435000e+01  -2.1658468e+01
   4.0440000e+01  -2.1273614e+01
   4.0445000e+01  -2.0863003e+01
   4.0450000e+01  -2.0247648e+01
   4.0455000e+01  -1.9420333e+01
   4.0460000e+01  -1.8532644e+01
   4.0465000e+01  -1.7802684e+01
   4.0470000e+01  -1.7397961e+01
   4.0475000e+01  -1.7358225e+01
   4.0480000e+01  -1.7597381e+01
   4.0485000e+01  -1.7973867e+01
   4.0490000e+01  -1.8376978e+01
   4.0495000e+01  -1.8773328e+01
   4.0500000e+01  -1.9192753e+01
   4.0505000e+01  -1.9675475e+01
   4.0510000e+01  -2.0221420e+01
   4.0515000e+01  -2.0773318e+01
   4.0520000e+01  -2.1240884e+01
   4.0525000e+01  -2.1548199e+01
   4.0530000e+01  -2.1671314e+01
   4.0535000e+01  -2.1637542e+01
   4.0540000e+01  -2.1484160e+01
   4.0545000e+01  -2.1207500e+01
   4.0550000e+01  -2.0747322e+01
   4.0555000e+01  -2.0029166e+01
   4.0560000e+01  -1.9040927e+01
   4.0565000e+01  -1.7885080e+01
   4.0570000e+01  -1.6756845e+01
   4.0575000e+01  -1.5850321e+01
   4.0580000e+01  -1.5252417e+01
   4.0585000e+01  -1.4901857e+01
   4.0590000e+01  -1.4649164e+01
   4.0595000e+01  -1.4378768e+01
   4.0600000e+01  -1.4101569e+01
   4.0605000e+01  -1.3941530e+01
   4.0610000e+01  -1.4020708e+01
   4.0615000e+01  -1.4333859e+01
   4.0620000e+01  -1.4721057e+01
   4.0625000e+01  -1.4971603e+01
   4.0630000e+01  -1.4983144e+01
   4.0635000e+01  -1.4850161e+01
   4.0640000e+01  -1.4809499e+01
   4.0645000e+01  -1.5081807e+01
   4.0650000e+01  -1.5723907e+01
   4.0655000e+01  -1.6591098e+01
   4.0660000e+01  -1.7421822e+01
   4.0665000e+01  -1.7973562e+01
   4.0670000e+01  -1.8119354e+01
   4.0675000e+01  -1.7861394e+01
   4.0680000e+01  -1.7283451e+01
   4.0685000e+01  -1.6495210e+01
   4.0690000e+01  -1.5604971e+01
   4.0695000e+01  -1.4718530e+01
   4.0700000e+01  -1.3937513e+01
   4.0705000e+01  -1.3337316e+01
   4.0710000e+01  -1.2933402e+01
   4.0715000e+01  -1.2667402e+01
   4.0720000e+01  -1.2436661e+01
   4.0725000e+01  -1.2155352e+01
   4.0730000e+01  -1.1804710e+01
   4.0735000e+01  -1.1435309e+01
   4.0740000e+01  -1.1121825e+01
   4.0745000e+01  -1.0906895e+01
   4.0750000e+01  -1.0776254e+01
   4.0755000e+01  -1.0681496e+01
   4.0760000e+01  -1.0591099e+01
   4.0765000e+01  -1.0528954e+01
   4.0770000e+01  -1.0566093e+01
   4.0775000e+01  -1.0763817e+01
   4.0780000e+01  -1.1105657e+01
   4.0785000e+01  -1.1471831e+01
   4.0790000e+01  -1.1683967e+01
   4.0795000e+01  -1.1593818e+01
   4.0800000e+01  -1.1151485e+01
   4.0805000e+01  -1.0402985e+01
   4.0810000e+01  -9.4252939e+00
   4.0815000e+01  -8.2587788e+00
   4.0820000e+01  -6.8960632e+00
   4.0825000e+01  -5.3335657e+00
   4.0830000e+01  -3.6337010e+00
   4.0835000e+01  -1.9332044e+00
   4.0840000e+01  -3.7838777e-01
   4.0845000e+01   9.6673888e-01
   4.0850000e+01   2.1656513e+00
   4.0855000e+01   3.3688927e+00
   4.0860000e+01   4.7170372e+00
   4.0865000e+01   6.2586083e+00
   4.0870000e+01   7.9376713e+00
   4.0875000e+01   9.6484581e+00
   4.0880000e+01   1.1308282e+01
   4.0885000e+01   1.2899739e+01
   4.0890000e+01   1.4466373e+01
   4.0895000e+01   1.6075011e+01
   4.0900000e+01   1.7765161e+01
   4.0905000e+01   1.9504245e+01
   4.0910000e+01   2.1170607e+01
   4.0915000e+01   2.2584964e+01
   4.0920000e+01   2.3589931e+01
   4.0925000e+01   2.4142302e+01
   4.0930000e+01   2.4360338e+01
   4.0935000e+01   2.4482691e+01
   4.0940000e+01   2.4747011e+01
   4.0945000e+01   2.5254655e+01
   4.0950000e+01   2.5907543e+01
   4.0955000e+01   2.6460252e+01
   4.0960000e+01   2.6653255e+01
   4.0965000e+01   2.6342320e+01
   4.0970000e+01   2.5552726e+01
   4.0975000e+01   2.4447470e+01
   4.0980000e+01   2.3252621e+01
   4.0985000e+01   2.2190234e+01
   4.0990000e+01   2.1436614e+01
   4.0995000e+01   2.1092994e+01
   4.1000000e+01   2.1157965e+01
   4.1005000e+01   2.1515886e+01
   4.1010000e+01   2.1966781e+01
   4.1015000e+01   2.2301928e+01
   4.1020000e+01   2.2393872e+01
   4.1025000e+01   2.2252217e+01
   4.1030000e+01   2.2012152e+01
   4.1035000e+01   2.1859255e+01
   4.1040000e+01   2.1929174e+01
   4.1045000e+01   2.2235497e+01
   4.1050000e+01   2.2665097e+01
   4.1055000e+01   2.3042930e+01
   4.1060000e+01   2.3228119e+01
   4.1065000e+01   2.3185439e+01
   4.1070000e+01   2.2992716e+01
   4.1075000e+01   2.2784819e+01
   4.1080000e+01   2.2673282e+01
   4.1085000e+01   2.2693258e+01
   4.1090000e+01   2.2807052e+01
   4.1095000e+01   2.2950307e+01
   4.1100000e+01   2.3076410e+01
   4.1105000e+01   2.3164677e+01
   4.1110000e+01   2.3198566e+01
   4.1115000e+01   2.3149504e+01
   4.1120000e+01   2.2988720e+01
   4.1125000e+01   2.2709759e+01
   4.1130000e+01   2.2325135e+01
   4.1135000e+01   2.1827611e+01
   4.1140000e+01   2.1152960e+01
   4.1145000e+01   2.0193333e+01
   4.1150000e+01   1.8868314e+01
   4.1155000e+01   1.7203399e+01
   4.1160000e+01   1.5350371e+01
   4.1165000e+01   1.3525954e+01
   4.1170000e+01   1.1906056e+01
   4.1175000e+01   1.0544289e+01
   4.1180000e+01   9.3658390e+00
   4.1185000e+01   8.2368160e+00
   4.1190000e+01   7.0595030e+00
   4.1195000e+01   5.8294282e+00
   4.1200000e+01   4.6217199e+00
   4.1205000e+01   3.5271859e+00
   4.1210000e+01   2.5911260e+00
   4.1215000e+01   1.7972918e+00
   4.1220000e+01   1.0993928e+00
   4.1225000e+01   4.6731213e-01
   4.1230000e+01  -8.9420562e-02
   4.1235000e+01  -5.3302255e-01
   4.1240000e+01  -8.2554677e-01
   4.1245000e+01  -9.4749132e-01
   4.1250000e+01  -8.9909612e-01
   4.1255000e+01  -6.9842855e-01
   4.1260000e+01  -3.9078004e-01
   4.1265000e+01  -6.2697239e-02
   4.1270000e+01   1.6375993e-01
   4.1275000e+01   1.7293363e-01
   4.1280000e+01  -7.8627385e-02
   4.1285000e+01  -5.0910125e-01
   4.1290000e+01  -9.1003306e-01
   4.1295000e+01  -1.0165722e+00
   4.1300000e+01  -6.3509245e-01
   4.1305000e+01   2.2799209e-01
   4.1310000e+01   1.3199471e+00
   4.1315000e+01   2.2378693e+00
   4.1320000e+01   2.6402516e+00
   4.1325000e+01   2.4492137e+00
   4.1330000e+01   1.8990985e+00
   4.1335000e+01   1.3845818e+00
   4.1340000e+01   1.2091486e+00
   4.1345000e+01   1.4098048e+00
   4.1350000e+01   1.7716645e+00
   4.1355000e+01   2.0022390e+00
   4.1360000e+01   1.9301852e+00
   4.1365000e+01   1.5998803e+00
   4.1370000e+01   1.2236397e+00
   4.1375000e+01   1.0453044e+00
   4.1380000e+01   1.2052580e+00
   4.1385000e+01   1.6769496e+00
   4.1390000e+01   2.2977334e+00
   4.1395000e+01   2.8679883e+00
   4.1400000e+01   3.2589119e+00
   4.1405000e+01   3.4659158e+00
   4.1410000e+01   3.5781502e+00
   4.1415000e+01   3.6901083e+00
   4.1420000e+01   3.8217267e+00
   4.1425000e+01   3.9060771e+00
   4.1430000e+01   3.8508447e+00
   4.1435000e+01   3.6224634e+00
   4.1440000e+01   3.2860733e+00
   4.1445000e+01   2.9701351e+00
   4.1450000e+01   2.7797427e+00
   4.1455000e+01   2.7167928e+00
   4.1460000e+01   2.6604265e+00
   4.1465000e+01   2.4254255e+00
   4.1470000e+01   1.8695721e+00
   4.1475000e+01   9.8697080e-01
   4.1480000e+01  -7.5064148e-02
   4.1485000e+01  -1.0954790e+00
   4.1490000e+01  -1.9122334e+00
   4.1495000e+01  -2.5248683e+00
   4.1500000e+01  -3.0985506e+00
   4.1505000e+01  -3.8638549e+00
   4.1510000e+01  -4.9716221e+00
   4.1515000e+01  -6.3867877e+00
   4.1520000e+01  -7.8812527e+00
   4.1525000e+01  -9.1348362e+00
   4.1530000e+01  -9.8985299e+00
   4.1535000e+01  -1.0134983e+01
   4.1540000e+01  -1.0051361e+01
   4.1545000e+01  -9.9944279e+00
   4.1550000e+01  -1.0262999e+01
   4.1555000e+01  -1.0949387e+01
   4.1560000e+01  -1.1903731e+01
   4.1565000e+01  -1.2834372e+01
   4.1570000e+01  -1.3473187e+01
   4.1575000e+01  -1.3704530e+01
   4.1580000e+01  -1.3593033e+01
   4.1585000e+01  -1.3314079e+01
   4.1590000e+01  -1.3042873e+01
   4.1595000e+01  -1.2867963e+01
   4.1600000e+01  -1.2768787e+01
   4.1605000e+01  -1.2656960e+01
   4.1610000e+01  -1.2448091e+01
   4.1615000e+01  -1.2118325e+01
   4.1620000e+01  -1.1713425e+01
   4.1625000e+01  -1.1311558e+01
   4.1630000e+01  -1.0971053e+01
   4.1635000e+01  -1.0697439e+01
   4.1640000e+01  -1.0441149e+01
   4.1645000e+01  -1.0114927e+01
   4.1650000e+01  -9.6183177e+00
   4.1655000e+01  -8.8662877e+00
   4.1660000e+01  -7.8196727e+00
   4.1665000e+01  -6.5057510e+00
   4.1670000e+01  -5.0146826e+00
   4.1675000e+01  -3.4694557e+00
   4.1680000e+01  -1.9833748e+00
   4.1685000e+01  -6.2761111e-01
   4.1690000e+01   5.7308687e-01
   4.1695000e+01   1.6160475e+00
   4.1700000e+01   2.4900058e+00
   4.1705000e+01   3.1679989e+00
   4.1710000e+01   3.6319709e+00
   4.1715000e+01   3.9036610e+00
   4.1720000e+01   4.0481467e+00
   4.1725000e+01   4.1451728e+00
   4.1730000e+01   4.2562971e+00
   4.1735000e+01   4.4145893e+00
   4.1740000e+01   4.6320650e+00
   4.1745000e+01   4.8992200e+00
   4.1750000e+01   5.1680625e+00
   4.1755000e+01   5.3442236e+00
   4.1760000e+01   5.3192067e+00
   4.1765000e+01   5.0343330e+00
   4.1770000e+01   4.5223348e+00
   4.1775000e+01   3.8771289e+00
   4.1780000e+01   3.1649530e+00
   4.1785000e+01   2.3523758e+00
   4.1790000e+01   1.3221809e+00
   4.1795000e+01  -2.5477482e-02
   4.1800000e+01  -1.6654703e+00
   4.1805000e+01  -3.4224676e+00
   4.1810000e+01  -5.0526852e+00
   4.1815000e+01  -6.3740381e+00
   4.1820000e+01  -7.3526683e+00
   4.1825000e+01  -8.0944709e+00
   4.1830000e+01  -8.7651795e+00
   4.1835000e+01  -9.5058508e+00
   4.1840000e+01  -1.0393215e+01
   4.1845000e+01  -1.1445728e+01
   4.1850000e+01  -1.2644387e+01
   4.1855000e+01  -1.3941857e+01
   4.1860000e+01  -1.5258384e+01
   4.1865000e+01  -1.6482293e+01
   4.1870000e+01  -1.7491549e+01
   4.1875000e+01  -1.8193128e+01
   4.1880000e+01  -1.8555841e+01
   4.1885000e+01  -1.8609738e+01
   4.1890000e+01  -1.8407559e+01
   4.1895000e+01  -1.7974234e+01
   4.1900000e+01  -1.7282720e+01
   4.1905000e+01  -1.6276484e+01
   4.1910000e+01  -1.4924013e+01
   4.1915000e+01  -1.3266416e+01
   4.1920000e+01  -1.1423787e+01
   4.1925000e+01  -9.5557245e+00
   4.1930000e+01  -7.8028359e+00
   4.1935000e+01  -6.2442057e+00
   4.1940000e+01  -4.8874477e+00
   4.1945000e+01  -3.6854718e+00
   4.1950000e+01  -2.5682740e+00
   4.1955000e+01  -1.4826292e+00
   4.1960000e+01  -4.2818348e-01
   4.1965000e+01   5.3359903e-01
   4.1970000e+01   1.3168583e+00
   4.1975000e+01   1.8821039e+00
   4.1980000e+01   2.2914031e+00
   4.1985000e+01   2.6979175e+00
   4.1990000e+01   3.2637503e+00
   4.1995000e+01   4.0567060e+00
   4.2000000e+01   4.9980161e+00
   4.2005000e+01   5.8994355e+00
   4.2010000e+01   6.5653686e+00
   4.2015000e+01   6.8928607e+00
   4.2020000e+01   6.9097975e+00
   4.2025000e+01   6.7385390e+00
   4.2030000e+01   6.5201117e+00
   4.2035000e+01   6.3504995e+00
   4.2040000e+01   6.2609146e+00
   4.2045000e+01   6.2382729e+00
   4.2050000e+01   6.2565740e+00
   4.2055000e+01   6.2896031e+00
   4.2060000e+01   6.2975648e+00
   4.2065000e+01   6.2075393e+00
   4.2070000e+01   5.9184202e+00
   4.2075000e+01   5.3441783e+00
   4.2080000e+01   4.4753512e+00
   4.2085000e+01   3.4151123e+00
   4.2090000e+01   2.3560111e+00
   4.2095000e+01   1.5026358e+00
   4.2100000e+01   9.8395100e-01
   4.2105000e+01   8.0625291e-01
   4.2110000e+01   8.6912774e-01
   4.2115000e+01   1.0266381e+00
   4.2120000e+01   1.1540857e+00
   4.2125000e+01   1.1881325e+00
   4.2130000e+01   1.1321851e+00
   4.2135000e+01   1.0386163e+00
   4.2140000e+01   9.8339808e-01
   4.2145000e+01   1.0419201e+00
   4.2150000e+01   1.2690601e+00
   4.2155000e+01   1.6869247e+00
   4.2160000e+01   2.2842392e+00
   4.2165000e+01   3.0261658e+00
   4.2170000e+01   3.8672195e+00
   4.2175000e+01   4.7623014e+00
   4.2180000e+01   5.6791743e+00
   4.2185000e+01   6.6155160e+00
   4.2190000e+01   7.6103539e+00
   4.2195000e+01   8.7308082e+00
   4.2200000e+01   1.0029903e+01
   4.2205000e+01   1.1501028e+01
   4.2210000e+01   1.3067002e+01
   4.2215000e+01   1.4618001e+01
   4.2220000e+01   1.6071810e+01
   4.2225000e+01   1.7409367e+01
   4.2230000e+01   1.8657699e+01
   4.2235000e+01   1.9835495e+01
   4.2240000e+01   2.0909064e+01
   4.2245000e+01   2.1801137e+01
   4.2250000e+01   2.2452650e+01
   4.2255000e+01   2.2889202e+01
   4.2260000e+01   2.3231113e+01
   4.2265000e+01   2.3625697e+01
   4.2270000e+01   2.4143427e+01
   4.2275000e+01   2.4712781e+01
   4.2280000e+01   2.5143800e+01
   4.2285000e+01   2.5231027e+01
   4.2290000e+01   2.4877495e+01
   4.2295000e+01   2.4168984e+01
   4.2300000e+01   2.3351812e+01
   4.2305000e+01   2.2717227e+01
   4.2310000e+01   2.2451049e+01
   4.2315000e+01   2.2535767e+01
   4.2320000e+01   2.2766830e+01
   4.2325000e+01   2.2873743e+01
   4.2330000e+01   2.2667310e+01
   4.2335000e+01   2.2120307e+01
   4.2340000e+01   2.1343200e+01
   4.2345000e+01   2.0495024e+01
   4.2350000e+01   1.9706894e+01
   4.2355000e+01   1.9065899e+01
   4.2360000e+01   1.8645160e+01
   4.2365000e+01   1.8527750e+01
   4.2370000e+01   1.8784568e+01
   4.2375000e+01   1.9412379e+01
   4.2380000e+01   2.0279742e+01
   4.2385000e+01   2.1133731e+01
   4.2390000e+01   2.1683518e+01
   4.2395000e+01   2.1722685e+01
   4.2400000e+01   2.1219688e+01
   4.2405000e+01   2.0320401e+01
   4.2410000e+01   1.9258570e+01
   4.2415000e+01   1.8223809e+01
   4.2420000e+01   1.7259575e+01
   4.2425000e+01   1.6246394e+01
   4.2430000e+01   1.4979813e+01
   4.2435000e+01   1.3299535e+01
   4.2440000e+01   1.1193203e+01
   4.2445000e+01   8.8109028e+00
   4.2450000e+01   6.3848831e+00
   4.2455000e+01   4.1144361e+00
   4.2460000e+01   2.0951123e+00
   4.2465000e+01   3.2724197e-01
   4.2470000e+01  -1.2284296e+00
   4.2475000e+01  -2.6084885e+00
   4.2480000e+01  -3.8468289e+00
   4.2485000e+01  -4.9937013e+00
   4.2490000e+01  -6.1137480e+00
   4.2495000e+01  -7.2534883e+00
   4.2500000e+01  -8.4082172e+00
   4.2505000e+01  -9.5231598e+00
   4.2510000e+01  -1.0530414e+01
   4.2515000e+01  -1.1387831e+01
   4.2520000e+01  -1.2085179e+01
   4.2525000e+01  -1.2617123e+01
   4.2530000e+01  -1.2956849e+01
   4.2535000e+01  -1.3064299e+01
   4.2540000e+01  -1.2928687e+01
   4.2545000e+01  -1.2609355e+01
   4.2550000e+01  -1.2236259e+01
   4.2555000e+01  -1.1964812e+01
   4.2560000e+01  -1.1917267e+01
   4.2565000e+01  -1.2148004e+01
   4.2570000e+01  -1.2641805e+01
   4.2575000e+01  -1.3328089e+01
   4.2580000e+01  -1.4098791e+01
   4.2585000e+01  -1.4837740e+01
   4.2590000e+01  -1.5468297e+01
   4.2595000e+01  -1.5998500e+01
   4.2600000e+01  -1.6526058e+01
   4.2605000e+01  -1.7188555e+01
   4.2610000e+01  -1.8088286e+01
   4.2615000e+01  -1.9241332e+01
   4.2620000e+01  -2.0578468e+01
   4.2625000e+01  -2.1985685e+01
   4.2630000e+01  -2.3350556e+01
   4.2635000e+01  -2.4589918e+01
   4.2640000e+01  -2.5657253e+01
   4.2645000e+01  -2.6540500e+01
   4.2650000e+01  -2.7255798e+01
   4.2655000e+01  -2.7833704e+01
   4.2660000e+01  -2.8297344e+01
   4.2665000e+01  -2.8644031e+01
   4.2670000e+01  -2.8846568e+01
   4.2675000e+01  -2.8878309e+01
   4.2680000e+01  -2.8746442e+01
   4.2685000e+01  -2.8507942e+01
   4.2690000e+01  -2.8250354e+01
   4.2695000e+01  -2.8040669e+01
   4.2700000e+01  -2.7869037e+01
   4.2705000e+01  -2.7627091e+01
   4.2710000e+01  -2.7150037e+01
   4.2715000e+01  -2.6314074e+01
   4.2720000e+01  -2.5134879e+01
   4.2725000e+01  -2.3795796e+01
   4.2730000e+01  -2.2570852e+01
   4.2735000e+01  -2.1679234e+01
   4.2740000e+01  -2.1160991e+01
   4.2745000e+01  -2.0854803e+01
   4.2750000e+01  -2.0492695e+01
   4.2755000e+01  -1.9851085e+01
   4.2760000e+01  -1.8864993e+01
   4.2765000e+01  -1.7642151e+01
   4.2770000e+01  -1.6381909e+01
   4.2775000e+01  -1.5260624e+01
   4.2780000e+01  -1.4353315e+01
   4.2785000e+01  -1.3623671e+01
   4.2790000e+01  -1.2967429e+01
   4.2795000e+01  -1.2271170e+01
   4.2800000e+01  -1.1455463e+01
   4.2805000e+01  -1.0490447e+01
   4.2810000e+01  -9.3854010e+00
   4.2815000e+01  -8.1594755e+00
   4.2820000e+01  -6.8075436e+00
   4.2825000e+01  -5.2846326e+00
   4.2830000e+01  -3.5295605e+00
   4.2835000e+01  -1.5208453e+00
   4.2840000e+01   6.7684350e-01
   4.2845000e+01   2.9214281e+00
   4.2850000e+01   5.0619712e+00
   4.2855000e+01   7.0190899e+00
   4.2860000e+01   8.8158931e+00
   4.2865000e+01   1.0538255e+01
   4.2870000e+01   1.2259724e+01
   4.2875000e+01   1.3988489e+01
   4.2880000e+01   1.5667353e+01
   4.2885000e+01   1.7213788e+01
   4.2890000e+01   1.8565608e+01
   4.2895000e+01   1.9707430e+01
   4.2900000e+01   2.0672007e+01
   4.2905000e+01   2.1517465e+01
   4.2910000e+01   2.2281476e+01
   4.2915000e+01   2.2925113e+01
   4.2920000e+01   2.3302258e+01
   4.2925000e+01   2.3195200e+01
   4.2930000e+01   2.2419269e+01
   4.2935000e+01   2.0940550e+01
   4.2940000e+01   1.8927060e+01
   4.2945000e+01   1.6694421e+01
   4.2950000e+01   1.4578209e+01
   4.2955000e+01   1.2806193e+01
   4.2960000e+01   1.1430857e+01
   4.2965000e+01   1.0340960e+01
   4.2970000e+01   9.3345927e+00
   4.2975000e+01   8.2183009e+00
   4.2980000e+01   6.8935249e+00
   4.2985000e+01   5.3983943e+00
   4.2990000e+01   3.8882269e+00
   4.2995000e+01   2.5606302e+00
   4.3000000e+01   1.5572338e+00
   4.3005000e+01   8.9287298e-01
   4.3010000e+01   4.5711275e-01
   4.3015000e+01   9.3611996e-02
   4.3020000e+01  -2.9134928e-01
   4.3025000e+01  -6.6704157e-01
   4.3030000e+01  -9.0915366e-01
   4.3035000e+01  -8.9891315e-01
   4.3040000e+01  -6.1207746e-01
   4.3045000e+01  -1.2996139e-01
   4.3050000e+01   4.2875057e-01
   4.3055000e+01   9.9359828e-01
   4.3060000e+01   1.5782814e+00
   4.3065000e+01   2.2503690e+00
   4.3070000e+01   3.0723039e+00
   4.3075000e+01   4.0617204e+00
   4.3080000e+01   5.1883614e+00
   4.3085000e+01   6.3930118e+00
   4.3090000e+01   7.6091139e+00
   4.3095000e+01   8.7801391e+00
   4.3100000e+01   9.8716189e+00
   4.3105000e+01   1.0873520e+01
   4.3110000e+01   1.1791100e+01
   4.3115000e+01   1.2632533e+01
   4.3120000e+01   1.3403972e+01
   4.3125000e+01   1.4110572e+01
   4.3130000e+01   1.4750869e+01
   4.3135000e+01   1.5298473e+01
   4.3140000e+01   1.5683988e+01
   4.3145000e+01   1.5800341e+01
   4.3150000e+01   1.5542841e+01
   4.3155000e+01   1.4868391e+01
   4.3160000e+01   1.3837314e+01
   4.3165000e+01   1.2605157e+01
   4.3170000e+01   1.1362186e+01
   4.3175000e+01   1.0254284e+01
   4.3180000e+01   9.3321375e+00
   4.3185000e+01   8.5553327e+00
   4.3190000e+01   7.8415899e+00
   4.3195000e+01   7.1263772e+00
   4.3200000e+01   6.3989274e+00
   4.3205000e+01   5.7016554e+00
   4.3210000e+01   5.1050257e+00
   4.3215000e+01   4.6823270e+00
   4.3220000e+01   4.5000103e+00
   4.3225000e+01   4.6173077e+00
   4.3230000e+01   5.0757340e+00
   4.3235000e+01   5.8707489e+00
   4.3240000e+01   6.9253751e+00
   4.3245000e+01   8.1000620e+00
   4.3250000e+01   9.2531289e+00
   4.3255000e+01   1.0321770e+01
   4.3260000e+01   1.1362660e+01
   4.3265000e+01   1.2507973e+01
   4.3270000e+01   1.3853461e+01
   4.3275000e+01   1.5354258e+01
   4.3280000e+01   1.6809605e+01
   4.3285000e+01   1.7958817e+01
   4.3290000e+01   1.8629202e+01
   4.3295000e+01   1.8834741e+01
   4.3300000e+01   1.8756701e+01
   4.3305000e+01   1.8621445e+01
   4.3310000e+01   1.8561830e+01
   4.3315000e+01   1.8552608e+01
   4.3320000e+01   1.8449766e+01
   4.3325000e+01   1.8091429e+01
   4.3330000e+01   1.7387527e+01
   4.3335000e+01   1.6349317e+01
   4.3340000e+01   1.5058300e+01
   4.3345000e+01   1.3609186e+01
   4.3350000e+01   1.2066746e+01
   4.3355000e+01   1.0458841e+01
   4.3360000e+01   8.8009434e+00
   4.3365000e+01   7.1250894e+00
   4.3370000e+01   5.4849145e+00
   4.3375000e+01   3.9335183e+00
   4.3380000e+01   2.4999659e+00
   4.3385000e+01   1.1902678e+00
   4.3390000e+01   8.2978097e-03
   4.3395000e+01  -1.0310805e+00
   4.3400000e+01  -1.9109511e+00
   4.3405000e+01  -2.6268739e+00
   4.3410000e+01  -3.1853670e+00
   4.3415000e+01  -3.5923770e+00
   4.3420000e+01  -3.8583436e+00
   4.3425000e+01  -4.0265737e+00
   4.3430000e+01  -4.1927126e+00
   4.3435000e+01  -4.4779835e+00
   4.3440000e+01  -4.9632686e+00
   4.3445000e+01  -5.6376968e+00
   4.3450000e+01  -6.4083068e+00
   4.3455000e+01  -7.1610732e+00
   4.3460000e+01  -7.8189083e+00
   4.3465000e+01  -8.3546272e+00
   4.3470000e+01  -8.7669270e+00
   4.3475000e+01  -9.0593163e+00
   4.3480000e+01  -9.2470232e+00
   4.3485000e+01  -9.3784498e+00
   4.3490000e+01  -9.5385124e+00
   4.3495000e+01  -9.8184559e+00
   4.3500000e+01  -1.0270043e+01
   4.3505000e+01  -1.0878392e+01
   4.3510000e+01  -1.1574115e+01
   4.3515000e+01  -1.2276838e+01
   4.3520000e+01  -1.2942588e+01
   4.3525000e+01  -1.3587925e+01
   4.3530000e+01  -1.4279593e+01
   4.3535000e+01  -1.5098850e+01
   4.3540000e+01  -1.6102539e+01
   4.3545000e+01  -1.7300309e+01
   4.3550000e+01  -1.8651765e+01
   4.3555000e+01  -2.0073560e+01
   4.3560000e+01  -2.1448149e+01
   4.3565000e+01  -2.2639957e+01
   4.3570000e+01  -2.3531801e+01
   4.3575000e+01  -2.4079523e+01
   4.3580000e+01  -2.4355031e+01
   4.3585000e+01  -2.4536688e+01
   4.3590000e+01  -2.4831985e+01
   4.3595000e+01  -2.5367944e+01
   4.3600000e+01  -2.6118618e+01
   4.3605000e+01  -2.6922698e+01
   4.3610000e+01  -2.7584366e+01
   4.3615000e+01  -2.7992578e+01
   4.3620000e+01  -2.8182758e+01
   4.3625000e+01  -2.8306850e+01
   4.3630000e+01  -2.8537268e+01
   4.3635000e+01  -2.8964542e+01
   4.3640000e+01  -2.9542771e+01
   4.3645000e+01  -3.0107515e+01
   4.3650000e+01  -3.0457732e+01
   4.3655000e+01  -3.0464380e+01
   4.3660000e+01  -3.0150090e+01
   4.3665000e+01  -2.9691476e+01
   4.3670000e+01  -2.9334798e+01
   4.3675000e+01  -2.9267296e+01
   4.3680000e+01  -2.9515006e+01
   4.3685000e+01  -2.9923653e+01
   4.3690000e+01  -3.0233076e+01
   4.3695000e+01  -3.0206115e+01
   4.3700000e+01  -2.9745475e+01
   4.3705000e+01  -2.8938625e+01
   4.3710000e+01  -2.8007437e+01
   4.3715000e+01  -2.7188718e+01
   4.3720000e+01  -2.6609955e+01
   4.3725000e+01  -2.6230484e+01
   4.3730000e+01  -2.5884236e+01
   4.3735000e+01  -2.5401015e+01
   4.3740000e+01  -2.4733193e+01
   4.3745000e+01  -2.4006425e+01
   4.3750000e+01  -2.3455843e+01
   4.3755000e+01  -2.3281533e+01
   4.3760000e+01  -2.3514831e+01
   4.3765000e+01  -2.3986981e+01
   4.3770000e+01  -2.4425795e+01
   4.3775000e+01  -2.4617882e+01
   4.3780000e+01  -2.4529208e+01
   4.3785000e+01  -2.4307126e+01
   4.3790000e+01  -2.4167368e+01
   4.3795000e+01  -2.4243761e+01
   4.3800000e+01  -2.4500421e+01
   4.3805000e+01  -2.4762239e+01
   4.3810000e+01  -2.4836909e+01
   4.3815000e+01  -2.4638623e+01
   4.3820000e+01  -2.4228343e+01
   4.3825000e+01  -2.3752136e+01
   4.3830000e+01  -2.3331943e+01
   4.3835000e+01  -2.2988206e+01
   4.3840000e+01  -2.2640793e+01
   4.3845000e+01  -2.2175606e+01
   4.3850000e+01  -2.1522792e+01
   4.3855000e+01  -2.0693722e+01
   4.3860000e+01  -1.9760338e+01
   4.3865000e+01  -1.8801844e+01
   4.3870000e+01  -1.7861687e+01
   4.3875000e+01  -1.6944226e+01
   4.3880000e+01  -1.6048528e+01
   4.3885000e+01  -1.5207996e+01
   4.3890000e+01  -1.4497645e+01
   4.3895000e+01  -1.3992298e+01
   4.3900000e+01  -1.3696894e+01
   4.3905000e+01  -1.3498705e+01
   4.3910000e+01  -1.3187767e+01
   4.3915000e+01  -1.2553290e+01
   4.3920000e+01  -1.1510480e+01
   4.3925000e+01  -1.0178474e+01
   4.3930000e+01  -8.8455154e+00
   4.3935000e+01  -7.8236715e+00
   4.3940000e+01  -7.2746219e+00
   4.3945000e+01  -7.1187167e+00
   4.3950000e+01  -7.0862422e+00
   4.3955000e+01  -6.8676717e+00
   4.3960000e+01  -6.2549393e+00
   4.3965000e+01  -5.1931902e+00
   4.3970000e+01  -3.7476319e+00
   4.3975000e+01  -2.0478855e+00
   4.3980000e+01  -2.5635176e-01
   4.3985000e+01   1.4489034e+00
   4.3990000e+01   2.9129311e+00
   4.3995000e+01   4.0679387e+00
   4.4000000e+01   4.9742158e+00
   4.4005000e+01   5.7842327e+00
   4.4010000e+01   6.6357345e+00
   4.4015000e+01   7.5496144e+00
   4.4020000e+01   8.4161219e+00
   4.4025000e+01   9.0846815e+00
   4.4030000e+01   9.4884292e+00
   4.4035000e+01   9.7085318e+00
   4.4040000e+01   9.9344679e+00
   4.4045000e+01   1.0357317e+01
   4.4050000e+01   1.1076452e+01
   4.4055000e+01   1.2075752e+01
   4.4060000e+01   1.3262217e+01
   4.4065000e+01   1.4517048e+01
   4.4070000e+01   1.5721276e+01
   4.4075000e+01   1.6762800e+01
   4.4080000e+01   1.7556464e+01
   4.4085000e+01   1.8088785e+01
   4.4090000e+01   1.8460259e+01
   4.4095000e+01   1.8883587e+01
   4.4100000e+01   1.9618665e+01
   4.4105000e+01   2.0864216e+01
   4.4110000e+01   2.2655323e+01
   4.4115000e+01   2.4822806e+01
   4.4120000e+01   2.7049533e+01
   4.4125000e+01   2.9011133e+01
   4.4130000e+01   3.0532999e+01
   4.4135000e+01   3.1671391e+01
   4.4140000e+01   3.2664269e+01
   4.4145000e+01   3.3780702e+01
   4.4150000e+01   3.5165317e+01
   4.4155000e+01   3.6772581e+01
   4.4160000e+01   3.8417676e+01
   4.4165000e+01   3.9892703e+01
   4.4170000e+01   4.1065861e+01
   4.4175000e+01   4.1909371e+01
   4.4180000e+01   4.2458423e+01
   4.4185000e+01   4.2747629e+01
   4.4190000e+01   4.2778744e+01
   4.4195000e+01   4.2542326e+01
   4.4200000e+01   4.2068143e+01
   4.4205000e+01   4.1451057e+01
   4.4210000e+01   4.0816971e+01
   4.4215000e+01   4.0246022e+01
   4.4220000e+01   3.9713291e+01
   4.4225000e+01   3.9101135e+01
   4.4230000e+01   3.8282522e+01
   4.4235000e+01   3.7214384e+01
   4.4240000e+01   3.5965764e+01
   4.4245000e+01   3.4654345e+01
   4.4250000e+01   3.3340872e+01
   4.4255000e+01   3.1970272e+01
   4.4260000e+01   3.0413725e+01
   4.4265000e+01   2.8582786e+01
   4.4270000e+01   2.6524009e+01
   4.4275000e+01   2.4413757e+01
   4.4280000e+01   2.2450491e+01
   4.4285000e+01   2.0724369e+01
   4.4290000e+01   1.9165105e+01
   4.4295000e+01   1.7609807e+01
   4.4300000e+01   1.5937561e+01
   4.4305000e+01   1.4164418e+01
   4.4310000e+01   1.2427337e+01
   4.4315000e+01   1.0878884e+01
   4.4320000e+01   9.5841103e+00
   4.4325000e+01   8.4989713e+00
   4.4330000e+01   7.5330209e+00
   4.4335000e+01   6.6301054e+00
   4.4340000e+01   5.7984450e+00
   4.4345000e+01   5.0794090e+00
   4.4350000e+01   4.5008645e+00
   4.4355000e+01   4.0632613e+00
   4.4360000e+01   3.7624922e+00
   4.4365000e+01   3.6156530e+00
   4.4370000e+01   3.6602829e+00
   4.4375000e+01   3.9304576e+00
   4.4380000e+01   4.4345271e+00
   4.4385000e+01   5.1497727e+00
   4.4390000e+01   6.0265965e+00
   4.4395000e+01   6.9892612e+00
   4.4400000e+01   7.9372425e+00
   4.4405000e+01   8.7650751e+00
   4.4410000e+01   9.4044684e+00
   4.4415000e+01   9.8608187e+00
   4.4420000e+01   1.0205172e+01
   4.4425000e+01   1.0514210e+01
   4.4430000e+01   1.0800180e+01
   4.4435000e+01   1.0989434e+01
   4.4440000e+01   1.0969643e+01
   4.4445000e+01   1.0665062e+01
   4.4450000e+01   1.0074333e+01
   4.4455000e+01   9.2412245e+00
   4.4460000e+01   8.1916505e+00
   4.4465000e+01   6.9017686e+00
   4.4470000e+01   5.3335982e+00
   4.4475000e+01   3.5109508e+00
   4.4480000e+01   1.5640452e+00
   4.4485000e+01  -3.1281201e-01
   4.4490000e+01  -1.9756070e+00
   4.4495000e+01  -3.4320621e+00
   4.4500000e+01  -4.8398803e+00
   4.4505000e+01  -6.3869657e+00
   4.4510000e+01  -8.1373471e+00
   4.4515000e+01  -9.9612177e+00
   4.4520000e+01  -1.1602765e+01
   4.4525000e+01  -1.2829734e+01
   4.4530000e+01  -1.3550505e+01
   4.4535000e+01  -1.3824967e+01
   4.4540000e+01  -1.3788779e+01
   4.4545000e+01  -1.3568571e+01
   4.4550000e+01  -1.3246118e+01
   4.4555000e+01  -1.2868729e+01
   4.4560000e+01  -1.2465353e+01
   4.4565000e+01  -1.2038763e+01
   4.4570000e+01  -1.1539418e+01
   4.4575000e+01  -1.0850985e+01
   4.4580000e+01  -9.8152559e+00
   4.4585000e+01  -8.2993513e+00
   4.4590000e+01  -6.2756858e+00
   4.4595000e+01  -3.8675796e+00
   4.4600000e+01  -1.3273327e+00
   4.4605000e+01   1.0473619e+00
   4.4610000e+01   3.0166603e+00
   4.4615000e+01   4.4707859e+00
   4.4620000e+01   5.4414002e+00
   4.4625000e+01   6.0558747e+00
   4.4630000e+01   6.4638422e+00
   4.4635000e+01   6.7720423e+00
   4.4640000e+01   7.0142803e+00
   4.4645000e+01   7.1666567e+00
   4.4650000e+01   7.1965218e+00
   4.4655000e+01   7.1103341e+00
   4.4660000e+01   6.9596190e+00
   4.4665000e+01   6.7952847e+00
   4.4670000e+01   6.6114853e+00
   4.4675000e+01   6.3379567e+00
   4.4680000e+01   5.8960027e+00
   4.4685000e+01   5.2693300e+00
   4.4690000e+01   4.5257390e+00
   4.4695000e+01   3.7747623e+00
   4.4700000e+01   3.1044589e+00
   4.4705000e+01   2.5478763e+00
   4.4710000e+01   2.0876772e+00
   4.4715000e+01   1.6700756e+00
   4.4720000e+01   1.2067424e+00
   4.4725000e+01   5.7804814e-01
   4.4730000e+01  -3.3619921e-01
   4.4735000e+01  -1.6005794e+00
   4.4740000e+01  -3.1804051e+00
   4.4745000e+01  -4.9479199e+00
   4.4750000e+01  -6.7361536e+00
   4.4755000e+01  -8.4008637e+00
   4.4760000e+01  -9.8526790e+00
   4.4765000e+01  -1.1056166e+01
   4.4770000e+01  -1.2021219e+01
   4.4775000e+01  -1.2806293e+01
   4.4780000e+01  -1.3522803e+01
   4.4785000e+01  -1.4311734e+01
   4.4790000e+01  -1.5280510e+01
   4.4795000e+01  -1.6427888e+01
   4.4800000e+01  -1.7610867e+01
   4.4805000e+01  -1.8593005e+01
   4.4810000e+01  -1.9161888e+01
   4.4815000e+01  -1.9249734e+01
   4.4820000e+01  -1.8978099e+01
   4.4825000e+01  -1.8593159e+01
   4.4830000e+01  -1.8332732e+01
   4.4835000e+01  -1.8311501e+01
   4.4840000e+01  -1.8490091e+01
   4.4845000e+01  -1.8728117e+01
   4.4850000e+01  -1.8868925e+01
   4.4855000e+01  -1.8802312e+01
   4.4860000e+01  -1.8487553e+01
   4.4865000e+01  -1.7950518e+01
   4.4870000e+01  -1.7270790e+01
   4.4875000e+01  -1.6559650e+01
   4.4880000e+01  -1.5924910e+01
   4.4885000e+01  -1.5432213e+01
   4.4890000e+01  -1.5084921e+01
   4.4895000e+01  -1.4835105e+01
   4.4900000e+01  -1.4612334e+01
   4.4905000e+01  -1.4343960e+01
   4.4910000e+01  -1.3958145e+01
   4.4915000e+01  -1.3389816e+01
   4.4920000e+01  -1.2611475e+01
   4.4925000e+01  -1.1676178e+01
   4.4930000e+01  -1.0727660e+01
   4.4935000e+01  -9.9461851e+00
   4.4940000e+01  -9.4526457e+00
   4.4945000e+01  -9.2365266e+00
   4.4950000e+01  -9.1638063e+00
   4.4955000e+01  -9.0650824e+00
   4.4960000e+01  -8.8456006e+00
   4.4965000e+01  -8.5413618e+00
   4.4970000e+01  -8.2832539e+00
   4.4975000e+01  -8.1976864e+00
   4.4980000e+01  -8.3170006e+00
   4.4985000e+01  -8.5611272e+00
   4.4990000e+01  -8.7954685e+00
   4.4995000e+01  -8.9161384e+00
   4.5000000e+01  -8.9018824e+00
   4.5005000e+01  -8.8032698e+00
   4.5010000e+01  -8.6852052e+00
   4.5015000e+01  -8.5676689e+00
   4.5020000e+01  -8.4071874e+00
   4.5025000e+01  -8.1314765e+00
   4.5030000e+01  -7.7004995e+00
   4.5035000e+01  -7.1453547e+00
   4.5040000e+01  -6.5509807e+00
   4.5045000e+01  -5.9926327e+00
   4.5050000e+01  -5.4748530e+00
   4.5055000e+01  -4.9210807e+00
   4.5060000e+01  -4.2221324e+00
   4.5065000e+01  -3.3080495e+00
   4.5070000e+01  -2.1957900e+00
   4.5075000e+01  -9.8692567e-01
   4.5080000e+01   1.8067380e-01
   4.5085000e+01   1.2044084e+00
   4.5090000e+01   2.0788296e+00
   4.5095000e+01   2.9104195e+00
   4.5100000e+01   3.8630940e+00
   4.5105000e+01   5.0554886e+00
   4.5110000e+01   6.4749417e+00
   4.5115000e+01   7.9726595e+00
   4.5120000e+01   9.3491117e+00
   4.5125000e+01   1.0470668e+01
   4.5130000e+01   1.1335339e+01
   4.5135000e+01   1.2047235e+01
   4.5140000e+01   1.2730890e+01
   4.5145000e+01   1.3457824e+01
   4.5150000e+01   1.4235848e+01
   4.5155000e+01   1.5050765e+01
   4.5160000e+01   1.5907871e+01
   4.5165000e+01   1.6832558e+01
   4.5170000e+01   1.7837037e+01
   4.5175000e+01   1.8893942e+01
   4.5180000e+01   1.9947493e+01
   4.5185000e+01   2.0953849e+01
   4.5190000e+01   2.1914886e+01
   4.5195000e+01   2.2877762e+01
   4.5200000e+01   2.3903282e+01
   4.5205000e+01   2.5028123e+01
   4.5210000e+01   2.6244336e+01
   4.5215000e+01   2.7504261e+01
   4.5220000e+01   2.8745313e+01
   4.5225000e+01   2.9922216e+01
   4.5230000e+01   3.1031969e+01
   4.5235000e+01   3.2117960e+01
   4.5240000e+01   3.3246010e+01
   4.5245000e+01   3.4459540e+01
   4.5250000e+01   3.5738510e+01
   4.5255000e+01   3.6990484e+01
   4.5260000e+01   3.8081222e+01
   4.5265000e+01   3.8882210e+01
   4.5270000e+01   3.9304105e+01
   4.5275000e+01   3.9306665e+01
   4.5280000e+01   3.8900730e+01
   4.5285000e+01   3.8157025e+01
   4.5290000e+01   3.7212622e+01
   4.5295000e+01   3.6248624e+01
   4.5300000e+01   3.5425785e+01
   4.5305000e+01   3.4802354e+01
   4.5310000e+01   3.4288093e+01
   4.5315000e+01   3.3678121e+01
   4.5320000e+01   3.2759980e+01
   4.5325000e+01   3.1434176e+01
   4.5330000e+01   2.9774693e+01
   4.5335000e+01   2.7992111e+01
   4.5340000e+01   2.6321693e+01
   4.5345000e+01   2.4903656e+01
   4.5350000e+01   2.3727029e+01
   4.5355000e+01   2.2668992e+01
   4.5360000e+01   2.1600084e+01
   4.5365000e+01   2.0481280e+01
   4.5370000e+01   1.9385329e+01
   4.5375000e+01   1.8430493e+01
   4.5380000e+01   1.7679095e+01
   4.5385000e+01   1.7077531e+01
   4.5390000e+01   1.6482680e+01
   4.5395000e+01   1.5758923e+01
   4.5400000e+01   1.4883120e+01
   4.5405000e+01   1.3988062e+01
   4.5410000e+01   1.3308181e+01
   4.5415000e+01   1.3048446e+01
   4.5420000e+01   1.3250391e+01
   4.5425000e+01   1.3743022e+01
   4.5430000e+01   1.4220004e+01
   4.5435000e+01   1.4401524e+01
   4.5440000e+01   1.4180180e+01
   4.5445000e+01   1.3662387e+01
   4.5450000e+01   1.3088941e+01
   4.5455000e+01   1.2693782e+01
   4.5460000e+01   1.2588633e+01
   4.5465000e+01   1.2733882e+01
   4.5470000e+01   1.2997188e+01
   4.5475000e+01   1.3247151e+01
   4.5480000e+01   1.3412924e+01
   4.5485000e+01   1.3474899e+01
   4.5490000e+01   1.3412287e+01
   4.5495000e+01   1.3168376e+01
   4.5500000e+01   1.2670159e+01
   4.5505000e+01   1.1879976e+01
   4.5510000e+01   1.0823676e+01
   4.5515000e+01   9.5661781e+00
   4.5520000e+01   8.1610077e+00
   4.5525000e+01   6.6257337e+00
   4.5530000e+01   4.9650662e+00
   4.5535000e+01   3.2123954e+00
   4.5540000e+01   1.4423414e+00
   4.5545000e+01  -2.6285850e-01
   4.5550000e+01  -1.8650621e+00
   4.5555000e+01  -3.3947567e+00
   4.5560000e+01  -4.9263637e+00
   4.5565000e+01  -6.5228074e+00
   4.5570000e+01  -8.1909823e+00
   4.5575000e+01  -9.8778178e+00
   4.5580000e+01  -1.1502852e+01
   4.5585000e+01  -1.2998971e+01
   4.5590000e+01  -1.4336256e+01
   4.5595000e+01  -1.5523108e+01
   4.5600000e+01  -1.6592023e+01
   4.5605000e+01  -1.7579550e+01
   4.5610000e+01  -1.8509649e+01
   4.5615000e+01  -1.9388524e+01
   4.5620000e+01  -2.0210731e+01
   4.5625000e+01  -2.0964685e+01
   4.5630000e+01  -2.1625738e+01
   4.5635000e+01  -2.2141402e+01
   4.5640000e+01  -2.2429948e+01
   4.5645000e+01  -2.2410084e+01
   4.5650000e+01  -2.2054121e+01
   4.5655000e+01  -2.1430073e+01
   4.5660000e+01  -2.0694763e+01
   4.5665000e+01  -2.0028611e+01
   4.5670000e+01  -1.9545538e+01
   4.5675000e+01  -1.9235463e+01
   4.5680000e+01  -1.8980520e+01
   4.5685000e+01  -1.8637561e+01
   4.5690000e+01  -1.8133553e+01
   4.5695000e+01  -1.7511780e+01
   4.5700000e+01  -1.6902031e+01
   4.5705000e+01  -1.6439847e+01
   4.5710000e+01  -1.6189915e+01
   4.5715000e+01  -1.6119117e+01
   4.5720000e+01  -1.6128885e+01
   4.5725000e+01  -1.6122022e+01
   4.5730000e+01  -1.6064046e+01
   4.5735000e+01  -1.6005604e+01
   4.5740000e+01  -1.6053416e+01
   4.5745000e+01  -1.6303954e+01
   4.5750000e+01  -1.6776261e+01
   4.5755000e+01  -1.7385721e+01
   4.5760000e+01  -1.7982331e+01
   4.5765000e+01  -1.8440425e+01
   4.5770000e+01  -1.8749896e+01
   4.5775000e+01  -1.9046301e+01
   4.5780000e+01  -1.9546483e+01
   4.5785000e+01  -2.0418576e+01
   4.5790000e+01  -2.1668395e+01
   4.5795000e+01  -2.3121685e+01
   4.5800000e+01  -2.4517887e+01
   4.5805000e+01  -2.5653217e+01
   4.5810000e+01  -2.6478823e+01
   4.5815000e+01  -2.7096432e+01
   4.5820000e+01  -2.7668373e+01
   4.5825000e+01  -2.8312652e+01
   4.5830000e+01  -2.9049254e+01
   4.5835000e+01  -2.9813990e+01
   4.5840000e+01  -3.0508760e+01
   4.5845000e+01  -3.1047666e+01
   4.5850000e+01  -3.1380485e+01
   4.5855000e+01  -3.1497837e+01
   4.5860000e+01  -3.1427067e+01
   4.5865000e+01  -3.1221674e+01
   4.5870000e+01  -3.0944802e+01
   4.5875000e+01  -3.0651730e+01
   4.5880000e+01  -3.0379224e+01
   4.5885000e+01  -3.0144961e+01
   4.5890000e+01  -2.9951519e+01
   4.5895000e+01  -2.9786048e+01
   4.5900000e+01  -2.9613649e+01
   4.5905000e+01  -2.9374259e+01
   4.5910000e+01  -2.8997098e+01
   4.5915000e+01  -2.8435707e+01
   4.5920000e+01  -2.7706457e+01
   4.5925000e+01  -2.6902215e+01
   4.5930000e+01  -2.6163726e+01
   4.5935000e+01  -2.5617536e+01
   4.5940000e+01  -2.5310874e+01
   4.5945000e+01  -2.5176947e+01
   4.5950000e+01  -2.5050172e+01
   4.5955000e+01  -2.4729507e+01
   4.5960000e+01  -2.4066809e+01
   4.5965000e+01  -2.3041667e+01
   4.5970000e+01  -2.1783906e+01
   4.5975000e+01  -2.0526764e+01
   4.5980000e+01  -1.9509894e+01
   4.5985000e+01  -1.8878967e+01
   4.5990000e+01  -1.8628888e+01
   4.5995000e+01  -1.8612644e+01
   4.6000000e+01  -1.8606960e+01
   4.6005000e+01  -1.8405895e+01
   4.6010000e+01  -1.7906957e+01
   4.6015000e+01  -1.7157150e+01
   4.6020000e+01  -1.6337936e+01
   4.6025000e+01  -1.5690196e+01
   4.6030000e+01  -1.5407832e+01
   4.6035000e+01  -1.5548067e+01
   4.6040000e+01  -1.6004297e+01
   4.6045000e+01  -1.6559738e+01
   4.6050000e+01  -1.6997484e+01
   4.6055000e+01  -1.7208067e+01
   4.6060000e+01  -1.7233082e+01
   4.6065000e+01  -1.7220178e+01
   4.6070000e+01  -1.7319986e+01
   4.6075000e+01  -1.7591892e+01
   4.6080000e+01  -1.7976106e+01
   4.6085000e+01  -1.8340463e+01
   4.6090000e+01  -1.8559545e+01
   4.6095000e+01  -1.8569781e+01
   4.6100000e+01  -1.8373353e+01
   4.6105000e+01  -1.8006100e+01
   4.6110000e+01  -1.7503783e+01
   4.6115000e+01  -1.6887552e+01
   4.6120000e+01  -1.6164605e+01
   4.6125000e+01  -1.5330614e+01
   4.6130000e+01  -1.4370256e+01
   4.6135000e+01  -1.3263018e+01
   4.6140000e+01  -1.1998234e+01
   4.6145000e+01  -1.0591232e+01
   4.6150000e+01  -9.0871944e+00
   4.6155000e+01  -7.5470698e+00
   4.6160000e+01  -6.0231660e+00
   4.6165000e+01  -4.5395412e+00
   4.6170000e+01  -3.0894956e+00
   4.6175000e+01  -1.6521372e+00
   4.6180000e+01  -2.1856958e-01
   4.6185000e+01   1.1884819e+00
   4.6190000e+01   2.5153588e+00
   4.6195000e+01   3.6996694e+00
   4.6200000e+01   4.6993238e+00
   4.6205000e+01   5.5076637e+00
   4.6210000e+01   6.1453230e+00
   4.6215000e+01   6.6390818e+00
   4.6220000e+01   7.0064008e+00
   4.6225000e+01   7.2536442e+00
   4.6230000e+01   7.3801457e+00
   4.6235000e+01   7.3782265e+00
   4.6240000e+01   7.2317343e+00
   4.6245000e+01   6.9245028e+00
   4.6250000e+01   6.4613721e+00
   4.6255000e+01   5.8866116e+00
   4.6260000e+01   5.2796832e+00
   4.6265000e+01   4.7248553e+00
   4.6270000e+01   4.2729859e+00
   4.6275000e+01   3.9194170e+00
   4.6280000e+01   3.6099251e+00
   4.6285000e+01   3.2721175e+00
   4.6290000e+01   2.8601100e+00
   4.6295000e+01   2.3911902e+00
   4.6300000e+01   1.9482531e+00
   4.6305000e+01   1.6372059e+00
   4.6310000e+01   1.5238824e+00
   4.6315000e+01   1.5983662e+00
   4.6320000e+01   1.7958451e+00
   4.6325000e+01   2.0546148e+00
   4.6330000e+01   2.3596577e+00
   4.6335000e+01   2.7351005e+00
   4.6340000e+01   3.1954993e+00
   4.6345000e+01   3.7009016e+00
   4.6350000e+01   4.1553976e+00
   4.6355000e+01   4.4532066e+00
   4.6360000e+01   4.5428965e+00
   4.6365000e+01   4.4715609e+00
   4.6370000e+01   4.3843712e+00
   4.6375000e+01   4.4764928e+00
   4.6380000e+01   4.9145172e+00
   4.6385000e+01   5.7601340e+00
   4.6390000e+01   6.9342732e+00
   4.6395000e+01   8.2470185e+00
   4.6400000e+01   9.4860821e+00
   4.6405000e+01   1.0519208e+01
   4.6410000e+01   1.1349483e+01
   4.6415000e+01   1.2086062e+01
   4.6420000e+01   1.2847668e+01
   4.6425000e+01   1.3664913e+01
   4.6430000e+01   1.4450718e+01
   4.6435000e+01   1.5059898e+01
   4.6440000e+01   1.5394834e+01
   4.6445000e+01   1.5481838e+01
   4.6450000e+01   1.5464804e+01
   4.6455000e+01   1.5520998e+01
   4.6460000e+01   1.5756448e+01
   4.6465000e+01   1.6149357e+01
   4.6470000e+01   1.6573884e+01
   4.6475000e+01   1.6881507e+01
   4.6480000e+01   1.6983337e+01
   4.6485000e+01   1.6885122e+01
   4.6490000e+01   1.6664711e+01
   4.6495000e+01   1.6418187e+01
   4.6500000e+01   1.6212265e+01
   4.6505000e+01   1.6066439e+01
   4.6510000e+01   1.5964480e+01
   4.6515000e+01   1.5878482e+01
   4.6520000e+01   1.5787128e+01
   4.6525000e+01   1.5679980e+01
   4.6530000e+01   1.5552358e+01
   4.6535000e+01   1.5402057e+01
   4.6540000e+01   1.5235679e+01
   4.6545000e+01   1.5081176e+01
   4.6550000e+01   1.4992964e+01
   4.6555000e+01   1.5036716e+01
   4.6560000e+01   1.5255270e+01
   4.6565000e+01   1.5634675e+01
   4.6570000e+01   1.6093646e+01
   4.6575000e+01   1.6504881e+01
   4.6580000e+01   1.6735978e+01
   4.6585000e+01   1.6690040e+01
   4.6590000e+01   1.6334226e+01
   4.6595000e+01   1.5713710e+01
   4.6600000e+01   1.4947179e+01
   4.6605000e+01   1.4195626e+01
   4.6610000e+01   1.3603763e+01
   4.6615000e+01   1.3233634e+01
   4.6620000e+01   1.3025165e+01
   4.6625000e+01   1.2811266e+01
   4.6630000e+01   1.2386694e+01
   4.6635000e+01   1.1598800e+01
   4.6640000e+01   1.0415139e+01
   4.6645000e+01   8.9353706e+00
   4.6650000e+01   7.3437260e+00
   4.6655000e+01   5.8267056e+00
   4.6660000e+01   4.4959747e+00
   4.6665000e+01   3.3533651e+00
   4.6670000e+01   2.3132044e+00
   4.6675000e+01   1.2646947e+00
   4.6680000e+01   1.3413756e-01
   4.6685000e+01  -1.0861537e+00
   4.6690000e+01  -2.3435492e+00
   4.6695000e+01  -3.5425711e+00
   4.6700000e+01  -4.5587877e+00
   4.6705000e+01  -5.2576942e+00
   4.6710000e+01  -5.5325293e+00
   4.6715000e+01  -5.3524949e+00
   4.6720000e+01  -4.7895090e+00
   4.6725000e+01  -3.9963093e+00
   4.6730000e+01  -3.1400059e+00
   4.6735000e+01  -2.3269711e+00
   4.6740000e+01  -1.5629185e+00
   4.6745000e+01  -7.7052988e-01
   4.6750000e+01   1.4976967e-01
   4.6755000e+01   1.2569271e+00
   4.6760000e+01   2.5424009e+00
   4.6765000e+01   3.9477181e+00
   4.6770000e+01   5.4022490e+00
   4.6775000e+01   6.8470082e+00
   4.6780000e+01   8.2292395e+00
   4.6785000e+01   9.4832158e+00
   4.6790000e+01   1.0528145e+01
   4.6795000e+01   1.1299210e+01
   4.6800000e+01   1.1793659e+01
   4.6805000e+01   1.2091367e+01
   4.6810000e+01   1.2322621e+01
   4.6815000e+01   1.2597414e+01
   4.6820000e+01   1.2944507e+01
   4.6825000e+01   1.3303435e+01
   4.6830000e+01   1.3572591e+01
   4.6835000e+01   1.3676563e+01
   4.6840000e+01   1.3607684e+01
   4.6845000e+01   1.3421598e+01
   4.6850000e+01   1.3199575e+01
   4.6855000e+01   1.3006778e+01
   4.6860000e+01   1.2869349e+01
   4.6865000e+01   1.2775828e+01
   4.6870000e+01   1.2694702e+01
   4.6875000e+01   1.2596377e+01
   4.6880000e+01   1.2471386e+01
   4.6885000e+01   1.2340942e+01
   4.6890000e+01   1.2257967e+01
   4.6895000e+01   1.2297815e+01
   4.6900000e+01   1.2539905e+01
   4.6905000e+01   1.3043293e+01
   4.6910000e+01   1.3820545e+01
   4.6915000e+01   1.4817851e+01
   4.6920000e+01   1.5915019e+01
   4.6925000e+01   1.6956356e+01
   4.6930000e+01   1.7804167e+01
   4.6935000e+01   1.8383824e+01
   4.6940000e+01   1.8690474e+01
   4.6945000e+01   1.8758817e+01
   4.6950000e+01   1.8628589e+01
   4.6955000e+01   1.8335824e+01
   4.6960000e+01   1.7927488e+01
   4.6965000e+01   1.7472097e+01
   4.6970000e+01   1.7046870e+01
   4.6975000e+01   1.6709788e+01
   4.6980000e+01   1.6480516e+01
   4.6985000e+01   1.6343387e+01
   4.6990000e+01   1.6263006e+01
   4.6995000e+01   1.6192746e+01
   4.7000000e+01   1.6067984e+01
   4.7005000e+01   1.5797483e+01
   4.7010000e+01   1.5275884e+01
   4.7015000e+01   1.4425919e+01
   4.7020000e+01   1.3250294e+01
   4.7025000e+01   1.1854681e+01
   4.7030000e+01   1.0414108e+01
   4.7035000e+01   9.0925421e+00
   4.7040000e+01   7.9635664e+00
   4.7045000e+01   6.9870185e+00
   4.7050000e+01   6.0605488e+00
   4.7055000e+01   5.1094306e+00
   4.7060000e+01   4.1473205e+00
   4.7065000e+01   3.2631324e+00
   4.7070000e+01   2.5477504e+00
   4.7075000e+01   2.0195183e+00
   4.7080000e+01   1.6029751e+00
   4.7085000e+01   1.1706178e+00
   4.7090000e+01   6.1431829e-01
   4.7095000e+01  -9.7607771e-02
   4.7100000e+01  -9.0402508e-01
   4.7105000e+01  -1.6787102e+00
   4.7110000e+01  -2.2897553e+00
   4.7115000e+01  -2.6665020e+00
   4.7120000e+01  -2.8416208e+00
   4.7125000e+01  -2.9409904e+00
   4.7130000e+01  -3.1194702e+00
   4.7135000e+01  -3.4754907e+00
   4.7140000e+01  -3.9959284e+00
   4.7145000e+01  -4.5663683e+00
   4.7150000e+01  -5.0390109e+00
   4.7155000e+01  -5.3129823e+00
   4.7160000e+01  -5.3779058e+00
   4.7165000e+01  -5.3013602e+00
   4.7170000e+01  -5.1786679e+00
   4.7175000e+01  -5.0822145e+00
   4.7180000e+01  -5.0389509e+00
   4.7185000e+01  -5.0403691e+00
   4.7190000e+01  -5.0675374e+00
   4.7195000e+01  -5.1075690e+00
   4.7200000e+01  -5.1489459e+00
   4.7205000e+01  -5.1630489e+00
   4.7210000e+01  -5.0939000e+00
   4.7215000e+01  -4.8751364e+00
   4.7220000e+01  -4.4717569e+00
   4.7225000e+01  -3.9195577e+00
   4.7230000e+01  -3.3292932e+00
   4.7235000e+01  -2.8437279e+00
   4.7240000e+01  -2.5683779e+00
   4.7245000e+01  -2.5153618e+00
   4.7250000e+01  -2.5922203e+00
   4.7255000e+01  -2.6423051e+00
   4.7260000e+01  -2.5171335e+00
   4.7265000e+01  -2.1462122e+00
   4.7270000e+01  -1.5718573e+00
   4.7275000e+01  -9.3457859e-01
   4.7280000e+01  -4.1851192e-01
   4.7285000e+01  -1.8086184e-01
   4.7290000e+01  -2.8851211e-01
   4.7295000e+01  -6.7906618e-01
   4.7300000e+01  -1.1632833e+00
   4.7305000e+01  -1.4835332e+00
   4.7310000e+01  -1.4210919e+00
   4.7315000e+01  -9.0678927e-01
   4.7320000e+01  -6.7714537e-02
   4.7325000e+01   8.3109609e-01
   4.7330000e+01   1.5255110e+00
   4.7335000e+01   1.8900940e+00
   4.7340000e+01   1.9900518e+00
   4.7345000e+01   2.0180068e+00
   4.7350000e+01   2.1619306e+00
   4.7355000e+01   2.4942757e+00
   4.7360000e+01   2.9539825e+00
   4.7365000e+01   3.4254486e+00
   4.7370000e+01   3.8500927e+00
   4.7375000e+01   4.2861371e+00
   4.7380000e+01   4.8731928e+00
   4.7385000e+01   5.7275032e+00
   4.7390000e+01   6.8414808e+00
   4.7395000e+01   8.0578376e+00
   4.7400000e+01   9.1404728e+00
   4.7405000e+01   9.9029108e+00
   4.7410000e+01   1.0316818e+01
   4.7415000e+01   1.0531447e+01
   4.7420000e+01   1.0787681e+01
   4.7425000e+01   1.1276771e+01
   4.7430000e+01   1.2029986e+01
   4.7435000e+01   1.2905100e+01
   4.7440000e+01   1.3672333e+01
   4.7445000e+01   1.4140600e+01
   4.7450000e+01   1.4247006e+01
   4.7455000e+01   1.4065648e+01
   4.7460000e+01   1.3746564e+01
   4.7465000e+01   1.3432817e+01
   4.7470000e+01   1.3203837e+01
   4.7475000e+01   1.3065672e+01
   4.7480000e+01   1.2978027e+01
   4.7485000e+01   1.2892427e+01
   4.7490000e+01   1.2779210e+01
   4.7495000e+01   1.2634658e+01
   4.7500000e+01   1.2472415e+01
   4.7505000e+01   1.2309273e+01
   4.7510000e+01   1.2154438e+01
   4.7515000e+01   1.2006976e+01
   4.7520000e+01   1.1861022e+01
   4.7525000e+01   1.1714233e+01
   4.7530000e+01   1.1572657e+01
   4.7535000e+01   1.1446215e+01
   4.7540000e+01   1.1334448e+01
   4.7545000e+01   1.1210474e+01
   4.7550000e+01   1.1016623e+01
   4.7555000e+01   1.0681170e+01
   4.7560000e+01   1.0151760e+01
   4.7565000e+01   9.4271301e+00
   4.7570000e+01   8.5664448e+00
   4.7575000e+01   7.6672747e+00
   4.7580000e+01   6.8198714e+00
   4.7585000e+01   6.0573624e+00
   4.7590000e+01   5.3261948e+00
   4.7595000e+01   4.4975515e+00
   4.7600000e+01   3.4248478e+00
   4.7605000e+01   2.0259319e+00
   4.7610000e+01   3.4528304e-01
   4.7615000e+01  -1.4478658e+00
   4.7620000e+01  -3.1358500e+00
   4.7625000e+01  -4.5642226e+00
   4.7630000e+01  -5.7208247e+00
   4.7635000e+01  -6.7319056e+00
   4.7640000e+01  -7.7777893e+00
   4.7645000e+01  -8.9800129e+00
   4.7650000e+01  -1.0325950e+01
   4.7655000e+01  -1.1672602e+01
   4.7660000e+01  -1.2826563e+01
   4.7665000e+01  -1.3654466e+01
   4.7670000e+01  -1.4157638e+01
   4.7675000e+01  -1.4461704e+01
   4.7680000e+01  -1.4724538e+01
   4.7685000e+01  -1.5024118e+01
   4.7690000e+01  -1.5306595e+01
   4.7695000e+01  -1.5432710e+01
   4.7700000e+01  -1.5285868e+01
   4.7705000e+01  -1.4858458e+01
   4.7710000e+01  -1.4253791e+01
   4.7715000e+01  -1.3610484e+01
   4.7720000e+01  -1.3013908e+01
   4.7725000e+01  -1.2459634e+01
   4.7730000e+01  -1.1885080e+01
   4.7735000e+01  -1.1234656e+01
   4.7740000e+01  -1.0508385e+01
   4.7745000e+01  -9.7649402e+00
   4.7750000e+01  -9.0841202e+00
   4.7755000e+01  -8.5188427e+00
   4.7760000e+01  -8.0712509e+00
   4.7765000e+01  -7.7092736e+00
   4.7770000e+01  -7.4098661e+00
   4.7775000e+01  -7.1957824e+00
   4.7780000e+01  -7.1397557e+00
   4.7785000e+01  -7.3345114e+00
   4.7790000e+01  -7.8458630e+00
   4.7795000e+01  -8.6692390e+00
   4.7800000e+01  -9.7070587e+00
   4.7805000e+01  -1.0783181e+01
   4.7810000e+01  -1.1702509e+01
   4.7815000e+01  -1.2339387e+01
   4.7820000e+01  -1.2709594e+01
   4.7825000e+01  -1.2975616e+01
   4.7830000e+01  -1.3368566e+01
   4.7835000e+01  -1.4064533e+01
   4.7840000e+01  -1.5088491e+01
   4.7845000e+01  -1.6306279e+01
   4.7850000e+01  -1.7510059e+01
   4.7855000e+01  -1.8541185e+01
   4.7860000e+01  -1.9369527e+01
   4.7865000e+01  -2.0079542e+01
   4.7870000e+01  -2.0780632e+01
   4.7875000e+01  -2.1512885e+01
   4.7880000e+01  -2.2218031e+01
   4.7885000e+01  -2.2791485e+01
   4.7890000e+01  -2.3170106e+01
   4.7895000e+01  -2.3389753e+01
   4.7900000e+01  -2.3575776e+01
   4.7905000e+01  -2.3876521e+01
   4.7910000e+01  -2.4378615e+01
   4.7915000e+01  -2.5045557e+01
   4.7920000e+01  -2.5712786e+01
   4.7925000e+01  -2.6159552e+01
   4.7930000e+01  -2.6247309e+01
   4.7935000e+01  -2.6059465e+01
   4.7940000e+01  -2.5929870e+01
   4.7945000e+01  -2.6268326e+01
   4.7950000e+01  -2.7213839e+01
   4.7955000e+01  -2.8316620e+01
   4.7960000e+01  -2.8528619e+01
   4.7965000e+01  -2.6645861e+01
   4.7970000e+01  -2.2027305e+01
   4.7975000e+01  -1.5142530e+01
   4.7980000e+01  -7.5321558e+00
   4.7985000e+01  -1.1339020e+00
   4.7990000e+01   2.6342449e+00
   4.7995000e+01   3.4805212e+00
   4.8000000e+01   2.2126837e+00
   4.8005000e+01   1.7660831e-01
   4.8010000e+01  -1.4458431e+00
   4.8015000e+01  -2.0870632e+00
   4.8020000e+01  -1.8307957e+00
   4.8025000e+01  -1.1376203e+00
   4.8030000e+01  -4.9164822e-01
   4.8035000e+01  -1.6620823e-01
   4.8040000e+01  -1.7836967e-01
   4.8045000e+01  -3.8275808e-01
   4.8050000e+01  -6.0498792e-01
   4.8055000e+01  -7.3461469e-01
   4.8060000e+01  -7.4960267e-01
   4.8065000e+01  -6.8917892e-01
   4.8070000e+01  -6.0978633e-01
   4.8075000e+01  -5.5208146e-01
   4.8080000e+01  -5.2951494e-01
   4.8085000e+01  -5.3423515e-01
   4.8090000e+01  -5.4991028e-01
   4.8095000e+01  -5.6259506e-01
   4.8100000e+01  -5.6570328e-01
   4.8105000e+01  -5.5958313e-01
   4.8110000e+01  -5.4832791e-01
   4.8115000e+01  -5.3642705e-01
   4.8120000e+01  -5.2672821e-01
   4.8125000e+01  -5.1996428e-01
   4.8130000e+01  -5.1534817e-01
   4.8135000e+01  -5.1153284e-01
   4.8140000e+01  -5.0739681e-01
   4.8145000e+01  -5.0241381e-01
   4.8150000e+01  -4.9662883e-01
   4.8155000e+01  -4.9040895e-01
   4.8160000e+01  -4.8416036e-01
   4.8165000e+01  -4.7814150e-01
   4.8170000e+01  -4.7241268e-01
   4.8175000e+01  -4.6688983e-01
   4.8180000e+01  -4.6143856e-01
   4.8185000e+01  -4.5595191e-01
   4.8190000e+01  -4.5038522e-01
   4.8195000e+01  -4.4475041e-01
   4.8200000e+01  -4.3908817e-01
   4.8205000e+01  -4.3343863e-01
   4.8210000e+01  -4.2782404e-01
   4.8215000e+01  -4.2224663e-01
   4.8220000e+01  -4.1669626e-01
   4.8225000e+01  -4.1115988e-01
   4.8230000e+01  -4.0562819e-01
   4.8235000e+01  -4.0009805e-01
   4.8240000e+01  -3.9457113e-01
   4.8245000e+01  -3.8905089e-01
   4.8250000e+01  -3.8354029e-01
   4.8255000e+01  -3.7804114e-01
   4.8260000e+01  -3.7255439e-01
   4.8265000e+01  -3.6708049e-01
   4.8270000e+01  -3.6161924e-01
   4.8275000e+01  -3.5616978e-01
   4.8280000e+01  -3.5073094e-01
   4.8285000e+01  -3.4530174e-01
   4.8290000e+01  -3.3988195e-01
   4.8295000e+01  -3.3447210e-01
   4.8300000e+01  -3.2907320e-01
   4.8305000e+01  -3.2368619e-01
   4.8310000e+01  -3.1831159e-01
   4.8315000e+01  -3.1294922e-01
   4.8320000e+01  -3.0759838e-01
   4.8325000e+01  -3.0225846e-01
   4.8330000e+01  -2.9692934e-01
   4.8335000e+01  -2.9161141e-01
   4.8340000e+01  -2.8630531e-01
   4.8345000e+01  -2.8101161e-01
   4.8350000e+01  -2.7573063e-01
   4.8355000e+01  -2.7046244e-01
   4.8360000e+01  -2.6520694e-01
   4.8365000e+01  -2.5996392e-01
   4.8370000e+01  -2.5473284e-01
   4.8375000e+01  -2.4951277e-01
   4.8380000e+01  -2.4430289e-01
   4.8385000e+01  -2.3910340e-01
   4.8390000e+01  -2.3391570e-01
   4.8395000e+01  -2.2874148e-01
   4.8400000e+01  -2.2358168e-01
   4.8405000e+01  -2.1843645e-01
   4.8410000e+01  -2.1330551e-01
   4.8415000e+01  -2.0818819e-01
   4.8420000e+01  -2.0308360e-01
   4.8425000e+01  -1.9799120e-01
   4.8430000e+01  -1.9291098e-01
   4.8435000e+01  -1.8784305e-01
   4.8440000e+01  -1.8278755e-01
   4.8445000e+01  -1.7774464e-01
   4.8450000e+01  -1.7271450e-01
   4.8455000e+01  -1.6769744e-01
   4.8460000e+01  -1.6269395e-01
   4.8465000e+01  -1.5770479e-01
   4.8470000e+01  -1.5273066e-01
   4.8475000e+01  -1.4777162e-01
   4.8480000e+01  -1.4282686e-01
   4.8485000e+01  -1.3789551e-01
   4.8490000e+01  -1.3297737e-01
   4.8495000e+01  -1.2807262e-01
   4.8500000e+01  -1.2318120e-01
   4.8505000e+01  -1.1830282e-01
   4.8510000e+01  -1.1343731e-01
   4.8515000e+01  -1.0858512e-01
   4.8520000e+01  -1.0374735e-01
   4.8525000e+01  -9.8925258e-02
   4.8530000e+01  -9.4119419e-02
   4.8535000e+01  -8.9329461e-02
   4.8540000e+01  -8.4554382e-02
   4.8545000e+01  -7.9793101e-02
   4.8550000e+01  -7.5044897e-02
   4.8555000e+01  -7.0309628e-02
   4.8560000e+01  -6.5587895e-02
   4.8565000e+01  -6.0880942e-02
   4.8570000e+01  -5.6190022e-02
   4.8575000e+01  -5.1515630e-02
   4.8580000e+01  -4.6857287e-02
   4.8585000e+01  -4.2213905e-02
   4.8590000e+01  -3.7584373e-02
   4.8595000e+01  -3.2968067e-02
   4.8600000e+01  -2.8365229e-02
   4.8605000e+01  -2.3776970e-02
   4.8610000e+01  -1.9204586e-02
   4.8615000e+01  -1.4648795e-02
   4.8620000e+01  -1.0109598e-02
   4.8625000e+01  -5.5865394e-03
   4.8630000e+01  -1.0789971e-03
   4.8635000e+01   3.4134777e-03
   4.8640000e+01   7.8910087e-03
   4.8645000e+01   1.2353626e-02
   4.8650000e+01   1.6801432e-02
   4.8655000e+01   2.1234353e-02
   4.8660000e+01   2.5651880e-02
   4.8665000e+01   3.0053356e-02
   4.8670000e+01   3.4438569e-02
   4.8675000e+01   3.8807904e-02
   4.8680000e+01   4.3161832e-02
   4.8685000e+01   4.7500349e-02
   4.8690000e+01   5.1822999e-02
   4.8695000e+01   5.6129258e-02
   4.8700000e+01   6.0418918e-02
   4.8705000e+01   6.4692256e-02
   4.8710000e+01   6.8949775e-02
   4.8715000e+01   7.3191823e-02
   4.8720000e+01   7.7418335e-02
   4.8725000e+01   8.1628810e-02
   4.8730000e+01   8.5822722e-02
   4.8735000e+01   8.9999999e-02
   4.8740000e+01   9.4160902e-02
   4.8745000e+01   9.8305582e-02
   4.8750000e+01   1.0243405e-01
   4.8755000e+01   1.0654645e-01
   4.8760000e+01   1.1064295e-01
   4.8765000e+01   1.1472337e-01
   4.8770000e+01   1.1878706e-01
   4.8775000e+01   1.2283319e-01
   4.8780000e+01   1.2686140e-01
   4.8785000e+01   1.3087216e-01
   4.8790000e+01   1.3486643e-01
   4.8795000e+01   1.3884509e-01
   4.8800000e+01   1.4280845e-01
   4.8805000e+01   1.4675617e-01
   4.8810000e+01   1.5068763e-01
   4.8815000e+01   1.5460226e-01
   4.8820000e+01   1.5849964e-01
   4.8825000e+01   1.6237944e-01
   4.8830000e+01   1.6624174e-01
   4.8835000e+01   1.7008706e-01
   4.8840000e+01   1.7391584e-01
   4.8845000e+01   1.7772791e-01
   4.8850000e+01   1.8152282e-01
   4.8855000e+01   1.8530024e-01
   4.8860000e+01   1.8906017e-01
   4.8865000e+01   1.9280296e-01
   4.8870000e+01   1.9652927e-01
   4.8875000e+01   2.0023959e-01
   4.8880000e+01   2.0393387e-01
   4.8885000e+01   2.0761159e-01
   4.8890000e+01   2.1127192e-01
   4.8895000e+01   2.1491415e-01
   4.8900000e+01   2.1853835e-01
   4.8905000e+01   2.2214520e-01
   4.8910000e+01   2.2573508e-01
   4.8915000e+01   2.2930767e-01
   4.8920000e+01   2.3286259e-01
   4.8925000e+01   2.3640010e-01
   4.8930000e+01   2.3992090e-01
   4.8935000e+01   2.4342524e-01
   4.8940000e+01   2.4691260e-01
   4.8945000e+01   2.5038232e-01
   4.8950000e+01   2.5383412e-01
   4.8955000e+01   2.5726784e-01
   4.8960000e+01   2.6068325e-01
   4.8965000e+01   2.6408046e-01
   4.8970000e+01   2.6746032e-01
   4.8975000e+01   2.7082393e-01
   4.8980000e+01   2.7417168e-01
   4.8985000e+01   2.7750286e-01
   4.8990000e+01   2.8081631e-01
   4.8995000e+01   2.8411120e-01
   4.9000000e+01   2.8738762e-01
   4.9005000e+01   2.9064635e-01
   4.9010000e+01   2.9388800e-01
   4.9015000e+01   2.9711253e-01
   4.9020000e+01   3.0031963e-01
   4.9025000e+01   3.0350903e-01
   4.9030000e+01   3.0668054e-01
   4.9035000e+01   3.0983421e-01
   4.9040000e+01   3.1297026e-01
   4.9045000e+01   3.1608882e-01
   4.9050000e+01   3.1919003e-01
   4.9055000e+01   3.2227390e-01
   4.9060000e+01   3.2534003e-01
   4.9065000e+01   3.2838794e-01
   4.9070000e+01   3.3141760e-01
   4.9075000e+01   3.3442954e-01
   4.9080000e+01   3.3742426e-01
   4.9085000e+01   3.4040182e-01
   4.9090000e+01   3.4336183e-01
   4.9095000e+01   3.4630412e-01
   4.9100000e+01   3.4922901e-01
   4.9105000e+01   3.5213682e-01
   4.9110000e+01   3.5502748e-01
   4.9115000e+01   3.5790056e-01
   4.9120000e+01   3.6075549e-01
   4.9125000e+01   3.6359179e-01
   4.9130000e+01   3.6640935e-01
   4.9135000e+01   3.6920860e-01
   4.9140000e+01   3.7199015e-01
   4.9145000e+01   3.7475436e-01
   4.9150000e+01   3.7750122e-01
   4.9155000e+01   3.8023076e-01
   4.9160000e+01   3.8294310e-01
   4.9165000e+01   3.8563800e-01
   4.9170000e+01   3.8831491e-01
   4.9175000e+01   3.9097355e-01
   4.9180000e+01   3.9361435e-01
   4.9185000e+01   3.9623808e-01
   4.9190000e+01   3.9884499e-01
   4.9195000e+01   4.0143458e-01
   4.9200000e+01   4.0400598e-01
   4.9205000e+01   4.0655856e-01
   4.9210000e+01   4.0909233e-01
   4.9215000e+01   4.1160802e-01
   4.9220000e+01   4.1410660e-01
   4.9225000e+01   4.1658863e-01
   4.9230000e+01   4.1905410e-01
   4.9235000e+01   4.2150263e-01
   4.9240000e+01   4.2393369e-01
   4.9245000e+01   4.2634655e-01
   4.9250000e+01   4.2874068e-01
   4.9255000e+01   4.3111606e-01
   4.9260000e+01   4.3347313e-01
   4.9265000e+01   4.3581244e-01
   4.9270000e+01   4.3813452e-01
   4.9275000e+01   4.4043957e-01
   4.9280000e+01   4.4272735e-01
   4.9285000e+01   4.4499768e-01
   4.9290000e+01   4.4725082e-01
   4.9295000e+01   4.4948698e-01
   4.9300000e+01   4.5170587e-01
   4.9305000e+01   4.5390675e-01
   4.9310000e+01   4.5608889e-01
   4.9315000e+01   4.5825196e-01
   4.9320000e+01   4.6039648e-01
   4.9325000e+01   4.6252366e-01
   4.9330000e+01   4.6463490e-01
   4.9335000e+01   4.6673114e-01
   4.9340000e+01   4.6881211e-01
   4.9345000e+01   4.7087634e-01
   4.9350000e+01   4.7292212e-01
   4.9355000e+01   4.7494844e-01
   4.9360000e+01   4.7695513e-01
   4.9365000e+01   4.7894292e-01
   4.9370000e+01   4.8091331e-01
   4.9375000e+01   4.8286789e-01
   4.9380000e+01   4.8480709e-01
   4.9385000e+01   4.8673016e-01
   4.9390000e+01   4.8863609e-01
   4.9395000e+01   4.9052428e-01
   4.9400000e+01   4.9239455e-01
   4.9405000e+01   4.9424700e-01
   4.9410000e+01   4.9608192e-01
   4.9415000e+01   4.9789949e-01
   4.9420000e+01   4.9969978e-01
   4.9425000e+01   5.0148287e-01
   4.9430000e+01   5.0324870e-01
   4.9435000e+01   5.0499727e-01
   4.9440000e+01   5.0672862e-01
   4.9445000e+01   5.0844290e-01
   4.9450000e+01   5.1014053e-01
   4.9455000e+01   5.1182208e-01
   4.9460000e+01   5.1348756e-01
   4.9465000e+01   5.1513614e-01
   4.9470000e+01   5.1676684e-01
   4.9475000e+01   5.1837924e-01
   4.9480000e+01   5.1997365e-01
   4.9485000e+01   5.2155105e-01
   4.9490000e+01   5.2311264e-01
   4.9495000e+01   5.2465884e-01
   4.9500000e+01   5.2618893e-01
   4.9505000e+01   5.2770183e-01
   4.9510000e+01   5.2919695e-01
   4.9515000e+01   5.3067435e-01
   4.9520000e+01   5.3213460e-01
   4.9525000e+01   5.3357841e-01
   4.9530000e+01   5.3500621e-01
   4.9535000e+01   5.3641787e-01
   4.9540000e+01   5.3781283e-01
   4.9545000e+01   5.3919048e-01
   4.9550000e+01   5.4055046e-01
   4.9555000e+01   5.4189310e-01
   4.9560000e+01   5.4321944e-01
   4.9565000e+01   5.4453071e-01
   4.9570000e+01   5.4582739e-01
   4.9575000e+01   5.4710878e-01
   4.9580000e+01   5.4837346e-01
   4.9585000e+01   5.4962037e-01
   4.9590000e+01   5.5084946e-01
   4.9595000e+01   5.5206139e-01
   4.9600000e+01   5.5325691e-01
   4.9605000e+01   5.5443645e-01
   4.9610000e+01   5.5560036e-01
   4.9615000e+01   5.5674883e-01
   4.9620000e+01   5.5788162e-01
   4.9625000e+01   5.5899805e-01
   4.9630000e+01   5.6009763e-01
   4.9635000e+01   5.6118048e-01
   4.9640000e+01   5.6224686e-01
   4.9645000e+01   5.6329705e-01
   4.9650000e+01   5.6433133e-01
   4.9655000e+01   5.6534999e-01
   4.9660000e+01   5.6635312e-01
   4.9665000e+01   5.6734074e-01
   4.9670000e+01   5.6831290e-01
   4.9675000e+01   5.6926967e-01
   4.9680000e+01   5.7021079e-01
   4.9685000e+01   5.7113585e-01
   4.9690000e+01   5.7204457e-01
   4.9695000e+01   5.7293696e-01
   4.9700000e+01   5.7381325e-01
   4.9705000e+01   5.7467377e-01
   4.9710000e+01   5.7551880e-01
   4.9715000e+01   5.7634852e-01
   4.9720000e+01   5.7716298e-01
   4.9725000e+01   5.7796218e-01
   4.9730000e+01   5.7874612e-01
   4.9735000e+01   5.7951472e-01
   4.9740000e+01   5.8026768e-01
   4.9745000e+01   5.8100460e-01
   4.9750000e+01   5.8172553e-01
   4.9755000e+01   5.8243108e-01
   4.9760000e+01   5.8312181e-01
   4.9765000e+01   5.8379774e-01
   4.9770000e+01   5.8445864e-01
   4.9775000e+01   5.8510460e-01
   4.9780000e+01   5.8573615e-01
   4.9785000e+01   5.8635360e-01
   4.9790000e+01   5.8695664e-01
   4.9795000e+01   5.8754440e-01
   4.9800000e+01   5.8811595e-01
   4.9805000e+01   5.8867095e-01
   4.9810000e+01   5.8920978e-01
   4.9815000e+01   5.8973335e-01
   4.9820000e+01   5.9024260e-01
   4.9825000e+01   5.9073808e-01
   4.9830000e+01   5.9121978e-01
   4.9835000e+01   5.9168744e-01
   4.9840000e+01   5.9214097e-01
   4.9845000e+01   5.9258023e-01
   4.9850000e+01   5.9300464e-01
   4.9855000e+01   5.9341352e-01
   4.9860000e+01   5.9380689e-01
   4.9865000e+01   5.9418563e-01
   4.9870000e+01   5.9455059e-01
   4.9875000e+01   5.9490178e-01
   4.9880000e+01   5.9523858e-01
   4.9885000e+01   5.9556074e-01
   4.9890000e+01   5.9586872e-01
   4.9895000e+01   5.9616322e-01
   4.9900000e+01   5.9644440e-01
   4.9905000e+01   5.9671181e-01
   4.9910000e+01   5.9696478e-01
   4.9915000e+01   5.9720287e-01
   4.9920000e+01   5.9742601e-01
   4.9925000e+01   5.9763440e-01
   4.9930000e+01   5.9782847e-01
   4.9935000e+01   5.9800891e-01
   4.9940000e+01   5.9817642e-01
   4.9945000e+01   5.9833149e-01
   4.9950000e+01   5.9847399e-01
   4.9955000e+01   5.9860308e-01
   4.9960000e+01   5.9871774e-01
   4.9965000e+01   5.9881754e-01
   4.9970000e+01   5.9890293e-01
   4.9975000e+01   5.9897489e-01
   4.9980000e+01   5.9903410e-01
   4.9985000e+01   5.9908040e-01
   4.9990000e+01   5.9911313e-01
   4.9995000e+01   5.9913188e-01
   5.0000000e+01   5.9913692e-01
   5.0005000e+01   5.9912898e-01
   5.0010000e+01   5.9910860e-01
   5.0015000e+01   5.9907567e-01
   5.0020000e+01   5.9902992e-01
   5.0025000e+01   5.9897139e-01
   5.0030000e+01   5.9890002e-01
   5.0035000e+01   5.9881519e-01
   5.0040000e+01   5.9871642e-01
   5.0045000e+01   5.9860404e-01
   5.0050000e+01   5.9847887e-01
   5.0055000e+01   5.9834161e-01
   5.0060000e+01   5.9819228e-01
   5.0065000e+01   5.9803039e-01
   5.0070000e+01   5.9785558e-01
   5.0075000e+01   5.9766813e-01
   5.0080000e+01   5.9746830e-01
   5.0085000e+01   5.9725577e-01
   5.0090000e+01   5.9703019e-01
   5.0095000e+01   5.9679189e-01
   5.0100000e+01   5.9654161e-01
   5.0105000e+01   5.9627992e-01
   5.0110000e+01   5.9600682e-01
   5.0115000e+01   5.9572168e-01
   5.0120000e+01   5.9542374e-01
   5.0125000e+01   5.9511254e-01
   5.0130000e+01   5.9478821e-01
   5.0135000e+01   5.9445145e-01
   5.0140000e+01   5.9410317e-01
   5.0145000e+01   5.9374409e-01
   5.0150000e+01   5.9337438e-01
   5.0155000e+01   5.9299368e-01
   5.0160000e+01   5.9260135e-01
   5.0165000e+01   5.9219671e-01
   5.0170000e+01   5.9177930e-01
   5.0175000e+01   5.9134910e-01
   5.0180000e+01   5.9090652e-01
   5.0185000e+01   5.9045226e-01
   5.0190000e+01   5.8998715e-01
   5.0195000e+01   5.8951185e-01
   5.0200000e+01   5.8902657e-01
   5.0205000e+01   5.8853085e-01
   5.0210000e+01   5.8802384e-01
   5.0215000e+01   5.8750482e-01
   5.0220000e+01   5.8697358e-01
   5.0225000e+01   5.8643039e-01
   5.0230000e+01   5.8587590e-01
   5.0235000e+01   5.8531076e-01
   5.0240000e+01   5.8473527e-01
   5.0245000e+01   5.8414920e-01
   5.0250000e+01   5.8355196e-01
   5.0255000e+01   5.8294320e-01
   5.0260000e+01   5.8232315e-01
   5.0265000e+01   5.8169256e-01
   5.0270000e+01   5.8105214e-01
   5.0275000e+01   5.8040211e-01
   5.0280000e+01   5.7974201e-01
   5.0285000e+01   5.7907109e-01
   5.0290000e+01   5.7838878e-01
   5.0295000e+01   5.7769507e-01
   5.0300000e+01   5.7699050e-01
   5.0305000e+01   5.7627579e-01
   5.0310000e+01   5.7555146e-01
   5.0315000e+01   5.7481759e-01
   5.0320000e+01   5.7407394e-01
   5.0325000e+01   5.7332018e-01
   5.0330000e+01   5.7255613e-01
   5.0335000e+01   5.7178190e-01
   5.0340000e+01   5.7099769e-01
   5.0345000e+01   5.7020362e-01
   5.0350000e+01   5.6939966e-01
   5.0355000e+01   5.6858572e-01
   5.0360000e+01   5.6776168e-01
   5.0365000e+01   5.6692755e-01
   5.0370000e+01   5.6608356e-01
   5.0375000e+01   5.6523017e-01
   5.0380000e+01   5.6436791e-01
   5.0385000e+01   5.6349706e-01
   5.0390000e+01   5.6261742e-01
   5.0395000e+01   5.6172848e-01
   5.0400000e+01   5.6082974e-01
   5.0405000e+01   5.5992102e-01
   5.0410000e+01   5.5900246e-01
   5.0415000e+01   5.5807437e-01
   5.0420000e+01   5.5713703e-01
   5.0425000e+01   5.5619069e-01
   5.0430000e+01   5.5523556e-01
   5.0435000e+01   5.5427178e-01
   5.0440000e+01   5.5329933e-01
   5.0445000e+01   5.5231811e-01
   5.0450000e+01   5.5132809e-01
   5.0455000e+01   5.5032933e-01
   5.0460000e+01   5.4932186e-01
   5.0465000e+01   5.4830562e-01
   5.0470000e+01   5.4728061e-01
   5.0475000e+01   5.4624697e-01
   5.0480000e+01   5.4520490e-01
   5.0485000e+01   5.4415455e-01
   5.0490000e+01   5.4309595e-01
   5.0495000e+01   5.4202910e-01
   5.0500000e+01   5.4095396e-01
   5.0505000e+01   5.3987047e-01
   5.0510000e+01   5.3877856e-01
   5.0515000e+01   5.3767818e-01
   5.0520000e+01   5.3656942e-01
   5.0525000e+01   5.3545258e-01
   5.0530000e+01   5.3432802e-01
   5.0535000e+01   5.3319609e-01
   5.0540000e+01   5.3205688e-01
   5.0545000e+01   5.3091014e-01
   5.0550000e+01   5.2975545e-01
   5.0555000e+01   5.2859243e-01
   5.0560000e+01   5.2742102e-01
   5.0565000e+01   5.2624151e-01
   5.0570000e+01   5.2505444e-01
   5.0575000e+01   5.2386031e-01
   5.0580000e+01   5.2265935e-01
   5.0585000e+01   5.2145144e-01
   5.0590000e+01   5.2023633e-01
   5.0595000e+01   5.1901382e-01
   5.0600000e+01   5.1778381e-01
   5.0605000e+01   5.1654623e-01
   5.0610000e+01   5.1530106e-01
   5.0615000e+01   5.1404851e-01
   5.0620000e+01   5.1278894e-01
   5.0625000e+01   5.1152271e-01
   5.0630000e+01   5.1025000e-01
   5.0635000e+01   5.0897076e-01
   5.0640000e+01   5.0768483e-01
   5.0645000e+01   5.0639200e-01
   5.0650000e+01   5.0509216e-01
   5.0655000e+01   5.0378533e-01
   5.0660000e+01   5.0247165e-01
   5.0665000e+01   5.0115134e-01
   5.0670000e+01   4.9982468e-01
   5.0675000e+01   4.9849186e-01
   5.0680000e+01   4.9715295e-01
   5.0685000e+01   4.9580785e-01
   5.0690000e+01   4.9445645e-01
   5.0695000e+01   4.9309858e-01
   5.0700000e+01   4.9173406e-01
   5.0705000e+01   4.9036284e-01
   5.0710000e+01   4.8898518e-01
   5.0715000e+01   4.8760165e-01
   5.0720000e+01   4.8621279e-01
   5.0725000e+01   4.8481876e-01
   5.0730000e+01   4.8341918e-01
   5.0735000e+01   4.8201343e-01
   5.0740000e+01   4.8060114e-01
   5.0745000e+01   4.7918236e-01
   5.0750000e+01   4.7775746e-01
   5.0755000e+01   4.7632684e-01
   5.0760000e+01   4.7489093e-01
   5.0765000e+01   4.7345009e-01
   5.0770000e+01   4.7200451e-01
   5.0775000e+01   4.7055406e-01
   5.0780000e+01   4.6909826e-01
   5.0785000e+01   4.6763655e-01
   5.0790000e+01   4.6616870e-01
   5.0795000e+01   4.6469491e-01
   5.0800000e+01   4.6321580e-01
   5.0805000e+01   4.6173205e-01
   5.0810000e+01   4.6024412e-01
   5.0815000e+01   4.5875202e-01
   5.0820000e+01   4.5725524e-01
   5.0825000e+01   4.5575308e-01
   5.0830000e+01   4.5424498e-01
   5.0835000e+01   4.5273088e-01
   5.0840000e+01   4.5121126e-01
   5.0845000e+01   4.4968691e-01
   5.0850000e+01   4.4815854e-01
   5.0855000e+01   4.4662654e-01
   5.0860000e+01   4.4509088e-01
   5.0865000e+01   4.4355121e-01
   5.0870000e+01   4.4200711e-01
   5.0875000e+01   4.4045823e-01
   5.0880000e+01   4.3890431e-01
   5.0885000e+01   4.3734521e-01
   5.0890000e+01   4.3578103e-01
   5.0895000e+01   4.3421224e-01
   5.0900000e+01   4.3263958e-01
   5.0905000e+01   4.3106368e-01
   5.0910000e+01   4.2948478e-01
   5.0915000e+01   4.2790264e-01
   5.0920000e+01   4.2631659e-01
   5.0925000e+01   4.2472591e-01
   5.0930000e+01   4.2313014e-01
   5.0935000e+01   4.2152942e-01
   5.0940000e+01   4.1992445e-01
   5.0945000e+01   4.1831613e-01
   5.0950000e+01   4.1670508e-01
   5.0955000e+01   4.1509133e-01
   5.0960000e+01   4.1347440e-01
   5.0965000e+01   4.1185364e-01
   5.0970000e+01   4.1022858e-01
   5.0975000e+01   4.0859921e-01
   5.0980000e+01   4.0696596e-01
   5.0985000e+01   4.0532950e-01
   5.0990000e+01   4.0369028e-01
   5.0995000e+01   4.0204843e-01
   5.1000000e+01   4.0040381e-01
   5.1005000e+01   3.9875624e-01
   5.1010000e+01   3.9710548e-01
   5.1015000e+01   3.9545135e-01
   5.1020000e+01   3.9379378e-01
   5.1025000e+01   3.9213282e-01
   5.1030000e+01   3.9046857e-01
   5.1035000e+01   3.8880121e-01
   5.1040000e+01   3.8713099e-01
   5.1045000e+01   3.8545820e-01
   5.1050000e+01   3.8378311e-01
   5.1055000e+01   3.8210588e-01
   5.1060000e+01   3.8042645e-01
   5.1065000e+01   3.7874460e-01
   5.1070000e+01   3.7705994e-01
   5.1075000e+01   3.7537209e-01
   5.1080000e+01   3.7368081e-01
   5.1085000e+01   3.7198622e-01
   5.1090000e+01   3.7028879e-01
   5.1095000e+01   3.6858924e-01
   5.1100000e+01   3.6688828e-01
   5.1105000e+01   3.6518632e-01
   5.1110000e+01   3.6348315e-01
   5.1115000e+01   3.6177808e-01
   5.1120000e+01   3.6007041e-01
   5.1125000e+01   3.5835979e-01
   5.1130000e+01   3.5664634e-01
   5.1135000e+01   3.5493046e-01
   5.1140000e+01   3.5321259e-01
   5.1145000e+01   3.5149303e-01
   5.1150000e+01   3.4977194e-01
   5.1155000e+01   3.4804936e-01
   5.1160000e+01   3.4632519e-01
   5.1165000e+01   3.4459934e-01
   5.1170000e+01   3.4287180e-01
   5.1175000e+01   3.4114267e-01
   5.1180000e+01   3.3941210e-01
   5.1185000e+01   3.3768011e-01
   5.1190000e+01   3.3594657e-01
   5.1195000e+01   3.3421122e-01
   5.1200000e+01   3.3247390e-01
   5.1205000e+01   3.3073474e-01
   5.1210000e+01   3.2899414e-01
   5.1215000e+01   3.2725259e-01
   5.1220000e+01   3.2551044e-01
   5.1225000e+01   3.2376788e-01
   5.1230000e+01   3.2202479e-01
   5.1235000e+01   3.2028060e-01
   5.1240000e+01   3.1853440e-01
   5.1245000e+01   3.1678575e-01
   5.1250000e+01   3.1503526e-01
   5.1255000e+01   3.1328406e-01
   5.1260000e+01   3.1153281e-01
   5.1265000e+01   3.0978148e-01
   5.1270000e+01   3.0802986e-01
   5.1275000e+01   3.0627769e-01
   5.1280000e+01   3.0452454e-01
   5.1285000e+01   3.0277012e-01
   5.1290000e+01   3.0101456e-01
   5.1295000e+01   2.9925823e-01
   5.1300000e+01   2.9750155e-01
   5.1305000e+01   2.9574461e-01
   5.1310000e+01   2.9398704e-01
   5.1315000e+01   2.9222846e-01
   5.1320000e+01   2.9046896e-01
   5.1325000e+01   2.8870915e-01
   5.1330000e+01   2.8694975e-01
   5.1335000e+01   2.8519110e-01
   5.1340000e+01   2.8343292e-01
   5.1345000e+01   2.8167450e-01
   5.1350000e+01   2.7991509e-01
   5.1355000e+01   2.7815430e-01
   5.1360000e+01   2.7639242e-01
   5.1365000e+01   2.7463053e-01
   5.1370000e+01   2.7286974e-01
   5.1375000e+01   2.7111036e-01
   5.1380000e+01   2.6935181e-01
   5.1385000e+01   2.6759329e-01
   5.1390000e+01   2.6583426e-01
   5.1395000e+01   2.6407470e-01
   5.1400000e+01   2.6231475e-01
   5.1405000e+01   2.6055437e-01
   5.1410000e+01   2.5879366e-01
   5.1415000e+01   2.5703322e-01
   5.1420000e+01   2.5527394e-01
   5.1425000e+01   2.5351629e-01
   5.1430000e+01   2.5176004e-01
   5.1435000e+01   2.5000450e-01
   5.1440000e+01   2.4824913e-01
   5.1445000e+01   2.4649381e-01
   5.1450000e+01   2.4473845e-01
   5.1455000e+01   2.4298298e-01
   5.1460000e+01   2.4122768e-01
   5.1465000e+01   2.3947298e-01
   5.1470000e+01   2.3771925e-01
   5.1475000e+01   2.3596685e-01
   5.1480000e+01   2.3421585e-01
   5.1485000e+01   2.3246584e-01
   5.1490000e+01   2.3071630e-01
   5.1495000e+01   2.2896708e-01
   5.1500000e+01   2.2721833e-01
   5.1505000e+01   2.2547049e-01
   5.1510000e+01   2.2372402e-01
   5.1515000e+01   2.2197919e-01
   5.1520000e+01   2.2023609e-01
   5.1525000e+01   2.1849470e-01
   5.1530000e+01   2.1675482e-01
   5.1535000e+01   2.1501600e-01
   5.1540000e+01   2.1327778e-01
   5.1545000e+01   2.1154004e-01
   5.1550000e+01   2.0980309e-01
   5.1555000e+01   2.0806729e-01
   5.1560000e+01   2.0633281e-01
   5.1565000e+01   2.0459973e-01
   5.1570000e+01   2.0286817e-01
   5.1575000e+01   2.0113823e-01
   5.1580000e+01   1.9941003e-01
   5.1585000e+01   1.9768378e-01
   5.1590000e+01   1.9595979e-01
   5.1595000e+01   1.9423819e-01
   5.1600000e+01   1.9251847e-01
   5.1605000e+01   1.9079961e-01
   5.1610000e+01   1.8908090e-01
   5.1615000e+01   1.8736266e-01
   5.1620000e+01   1.8564595e-01
   5.1625000e+01   1.8393173e-01
   5.1630000e+01   1.8222050e-01
   5.1635000e+01   1.8051214e-01
   5.1640000e+01   1.7880591e-01
   5.1645000e+01   1.7710091e-01
   5.1650000e+01   1.7539687e-01
   5.1655000e+01   1.7369428e-01
   5.1660000e+01   1.7199369e-01
   5.1665000e+01   1.7029534e-01
   5.1670000e+01   1.6859923e-01
   5.1675000e+01   1.6690531e-01
   5.1680000e+01   1.6521351e-01
   5.1685000e+01   1.6352385e-01
   5.1690000e+01   1.6183643e-01
   5.1695000e+01   1.6015133e-01
   5.1700000e+01   1.5846859e-01
   5.1705000e+01   1.5678829e-01
   5.1710000e+01   1.5511041e-01
   5.1715000e+01   1.5343495e-01
   5.1720000e+01   1.5176194e-01
   5.1725000e+01   1.5009136e-01
   5.1730000e+01   1.4842322e-01
   5.1735000e+01   1.4675759e-01
   5.1740000e+01   1.4509446e-01
   5.1745000e+01   1.4343384e-01
   5.1750000e+01   1.4177579e-01
   5.1755000e+01   1.4012022e-01
   5.1760000e+01   1.3846686e-01
   5.1765000e+01   1.3681555e-01
   5.1770000e+01   1.3516637e-01
   5.1775000e+01   1.3351951e-01
   5.1780000e+01   1.3187520e-01
   5.1785000e+01   1.3023374e-01
   5.1790000e+01   1.2859547e-01
   5.1795000e+01   1.2696059e-01
   5.1800000e+01   1.2532900e-01
   5.1805000e+01   1.2370046e-01
   5.1810000e+01   1.2207476e-01
   5.1815000e+01   1.2045173e-01
   5.1820000e+01   1.1883132e-01
   5.1825000e+01   1.1721362e-01
   5.1830000e+01   1.1559869e-01
   5.1835000e+01   1.1398670e-01
   5.1840000e+01   1.1237807e-01
   5.1845000e+01   1.1077319e-01
   5.1850000e+01   1.0917181e-01
   5.1855000e+01   1.0757323e-01
   5.1860000e+01   1.0597701e-01
   5.1865000e+01   1.0438329e-01
   5.1870000e+01   1.0279243e-01
   5.1875000e+01   1.0120482e-01
   5.1880000e+01   9.9620922e-02
   5.1885000e+01   9.8040787e-02
   5.1890000e+01   9.6463828e-02
   5.1895000e+01   9.4889366e-02
   5.1900000e+01   9.3317447e-02
   5.1905000e+01   9.1748944e-02
   5.1910000e+01   9.0184763e-02
   5.1915000e+01   8.8624917e-02
   5.1920000e+01   8.7068624e-02
   5.1925000e+01   8.5515199e-02
   5.1930000e+01   8.3964582e-02
   5.1935000e+01   8.2417207e-02
   5.1940000e+01   8.0873555e-02
   5.1945000e+01   7.9333770e-02
   5.1950000e+01   7.7797692e-02
   5.1955000e+01   7.6265056e-02
   5.1960000e+01   7.4735572e-02
   5.1965000e+01   7.3209171e-02
   5.1970000e+01   7.1686234e-02
   5.1975000e+01   7.0167309e-02
   5.1980000e+01   6.8652527e-02
   5.1985000e+01   6.7141468e-02
   5.1990000e+01   6.5633658e-02
   5.1995000e+01   6.4129127e-02
   5.2000000e+01   6.2628274e-02
   5.2005000e+01   6.1131381e-02
   5.2010000e+01   5.9638545e-02
   5.2015000e+01   5.8149851e-02
   5.2020000e+01   5.6665191e-02
   5.2025000e+01   5.5184234e-02
   5.2030000e+01   5.3706815e-02
   5.2035000e+01   5.2233116e-02
   5.2040000e+01   5.0763478e-02
   5.2045000e+01   4.9298095e-02
   5.2050000e+01   4.7836811e-02
   5.2055000e+01   4.6379281e-02
   5.2060000e+01   4.4925281e-02
   5.2065000e+01   4.3474934e-02
   5.2070000e+01   4.2028651e-02
   5.2075000e+01   4.0586658e-02
   5.2080000e+01   3.9148786e-02
   5.2085000e+01   3.7714840e-02
   5.2090000e+01   3.6284861e-02
   5.2095000e+01   3.4859039e-02
   5.2100000e+01   3.3437473e-02
   5.2105000e+01   3.2019984e-02
   5.2110000e+01   3.0606343e-02
   5.2115000e+01   2.9196641e-02
   5.2120000e+01   2.7791161e-02
   5.2125000e+01   2.6389978e-02
   5.2130000e+01   2.4993008e-02
   5.2135000e+01   2.3600322e-02
   5.2140000e+01   2.2212071e-02
   5.2145000e+01   2.0828178e-02
   5.2150000e+01   1.9448455e-02
   5.2155000e+01   1.8072936e-02
   5.2160000e+01   1.6701794e-02
   5.2165000e+01   1.5334997e-02
   5.2170000e+01   1.3972392e-02
   5.2175000e+01   1.2614036e-02
   5.2180000e+01   1.1260099e-02
   5.2185000e+01   9.9105354e-03
   5.2190000e+01   8.5651816e-03
   5.2195000e+01   7.2240841e-03
   5.2200000e+01   5.8874984e-03
   5.2205000e+01   4.5557385e-03
   5.2210000e+01   3.2290346e-03
   5.2215000e+01   1.9072096e-03
   5.2220000e+01   5.8968801e-04
   5.2225000e+01  -7.2397888e-04
   5.2230000e+01  -2.0338176e-03
   5.2235000e+01  -3.3394817e-03
   5.2240000e+01  -4.6404004e-03
   5.2245000e+01  -5.9361803e-03
   5.2250000e+01  -7.2269691e-03
   5.2255000e+01  -8.5132182e-03
   5.2260000e+01  -9.7951697e-03
   5.2265000e+01  -1.1072743e-02
   5.2270000e+01  -1.2345661e-02
   5.2275000e+01  -1.3613633e-02
   5.2280000e+01  -1.4876749e-02
   5.2285000e+01  -1.6135513e-02
   5.2290000e+01  -1.7390261e-02
   5.2295000e+01  -1.8640674e-02
   5.2300000e+01  -1.9886040e-02
   5.2305000e+01  -2.1126042e-02
   5.2310000e+01  -2.2361045e-02
   5.2315000e+01  -2.3591605e-02
   5.2320000e+01  -2.4818032e-02
   5.2325000e+01  -2.6040261e-02
   5.2330000e+01  -2.7257893e-02
   5.2335000e+01  -2.8470480e-02
   5.2340000e+01  -2.9677755e-02
   5.2345000e+01  -3.0879604e-02
   5.2350000e+01  -3.2076161e-02
   5.2355000e+01  -3.3267942e-02
   5.2360000e+01  -3.4455523e-02
   5.2365000e+01  -3.5639080e-02
   5.2370000e+01  -3.6818383e-02
   5.2375000e+01  -3.7993022e-02
   5.2380000e+01  -3.9162554e-02
   5.2385000e+01  -4.0326711e-02
   5.2390000e+01  -4.1485475e-02
   5.2395000e+01  -4.2638918e-02
   5.2400000e+01  -4.3787250e-02
   5.2405000e+01  -4.4930963e-02
   5.2410000e+01  -4.6070563e-02
   5.2415000e+01  -4.7206161e-02
   5.2420000e+01  -4.8337488e-02
   5.2425000e+01  -4.9464132e-02
   5.2430000e+01  -5.0585579e-02
   5.2435000e+01  -5.1701318e-02
   5.2440000e+01  -5.2811135e-02
   5.2445000e+01  -5.3915191e-02
   5.2450000e+01  -5.5013786e-02
   5.2455000e+01  -5.6107321e-02
   5.2460000e+01  -5.7196389e-02
   5.2465000e+01  -5.8281509e-02
   5.2470000e+01  -5.9362660e-02
   5.2475000e+01  -6.0439163e-02
   5.2480000e+01  -6.1510174e-02
   5.2485000e+01  -6.2575483e-02
   5.2490000e+01  -6.3635599e-02
   5.2495000e+01  -6.4690943e-02
   5.2500000e+01  -6.5741473e-02
   5.2505000e+01  -6.6787103e-02
   5.2510000e+01  -6.7827918e-02
   5.2515000e+01  -6.8863889e-02
   5.2520000e+01  -6.9894659e-02
   5.2525000e+01  -7.0919713e-02
   5.2530000e+01  -7.1938886e-02
   5.2535000e+01  -7.2952691e-02
   5.2540000e+01  -7.3961955e-02
   5.2545000e+01  -7.4967099e-02
   5.2550000e+01  -7.5967795e-02
   5.2555000e+01  -7.6963267e-02
   5.2560000e+01  -7.7953015e-02
   5.2565000e+01  -7.8937222e-02
   5.2570000e+01  -7.9916270e-02
   5.2575000e+01  -8.0890140e-02
   5.2580000e+01  -8.1858648e-02
   5.2585000e+01  -8.2821999e-02
   5.2590000e+01  -8.3780706e-02
   5.2595000e+01  -8.4735042e-02
   5.2600000e+01  -8.5684714e-02
   5.2605000e+01  -8.6629084e-02
   5.2610000e+01  -8.7567710e-02
   5.2615000e+01  -8.8500682e-02
   5.2620000e+01  -8.9428549e-02
   5.2625000e+01  -9.0351908e-02
   5.2630000e+01  -9.1270938e-02
   5.2635000e+01  -9.2185220e-02
   5.2640000e+01  -9.3094065e-02
   5.2645000e+01  -9.3997062e-02
   5.2650000e+01  -9.4894297e-02
   5.2655000e+01  -9.5786039e-02
   5.2660000e+01  -9.6672456e-02
   5.2665000e+01  -9.7553693e-02
   5.2670000e+01  -9.8429937e-02
   5.2675000e+01  -9.9301317e-02
   5.2680000e+01  -1.0016793e-01
   5.2685000e+01  -1.0102987e-01
   5.2690000e+01  -1.0188703e-01
   5.2695000e+01  -1.0273905e-01
   5.2700000e+01  -1.0358545e-01
   5.2705000e+01  -1.0442606e-01
   5.2710000e+01  -1.0526116e-01
   5.2715000e+01  -1.0609113e-01
   5.2720000e+01  -1.0691638e-01
   5.2725000e+01  -1.0773718e-01
   5.2730000e+01  -1.0855349e-01
   5.2735000e+01  -1.0936487e-01
   5.2740000e+01  -1.1017068e-01
   5.2745000e+01  -1.1097040e-01
   5.2750000e+01  -1.1176405e-01
   5.2755000e+01  -1.1255213e-01
   5.2760000e+01  -1.1333524e-01
   5.2765000e+01  -1.1411387e-01
   5.2770000e+01  -1.1488829e-01
   5.2775000e+01  -1.1565840e-01
   5.2780000e+01  -1.1642368e-01
   5.2785000e+01  -1.1718348e-01
   5.2790000e+01  -1.1793733e-01
   5.2795000e+01  -1.1868518e-01
   5.2800000e+01  -1.1942734e-01
   5.2805000e+01  -1.2016418e-01
   5.2810000e+01  -1.2089604e-01
   5.2815000e+01  -1.2162314e-01
   5.2820000e+01  -1.2234554e-01
   5.2825000e+01  -1.2306315e-01
   5.2830000e+01  -1.2377575e-01
   5.2835000e+01  -1.2448308e-01
   5.2840000e+01  -1.2518496e-01
   5.2845000e+01  -1.2588146e-01
   5.2850000e+01  -1.2657280e-01
   5.2855000e+01  -1.2725921e-01
   5.2860000e+01  -1.2794076e-01
   5.2865000e+01  -1.2861731e-01
   5.2870000e+01  -1.2928864e-01
   5.2875000e+01  -1.2995459e-01
   5.2880000e+01  -1.3061520e-01
   5.2885000e+01  -1.3127065e-01
   5.2890000e+01  -1.3192115e-01
   5.2895000e+01  -1.3256681e-01
   5.2900000e+01  -1.3320747e-01
   5.2905000e+01  -1.3384292e-01
   5.2910000e+01  -1.3447306e-01
   5.2915000e+01  -1.3509798e-01
   5.2920000e+01  -1.3571786e-01
   5.2925000e+01  -1.3633285e-01
   5.2930000e+01  -1.3694300e-01
   5.2935000e+01  -1.3754818e-01
   5.2940000e+01  -1.3814827e-01
   5.2945000e+01  -1.3874319e-01
   5.2950000e+01  -1.3933298e-01
   5.2955000e+01  -1.3991764e-01
   5.2960000e+01  -1.4049712e-01
   5.2965000e+01  -1.4107130e-01
   5.2970000e+01  -1.4164020e-01
   5.2975000e+01  -1.4220402e-01
   5.2980000e+01  -1.4276306e-01
   5.2985000e+01  -1.4331750e-01
   5.2990000e+01  -1.4386727e-01
   5.2995000e+01  -1.4441210e-01
   5.3000000e+01  -1.4495172e-01
   5.3005000e+01  -1.4548604e-01
   5.3010000e+01  -1.4601519e-01
   5.3015000e+01  -1.4653933e-01
   5.3020000e+01  -1.4705855e-01
   5.3025000e+01  -1.4757276e-01
   5.3030000e+01  -1.4808183e-01
   5.3035000e+01  -1.4858570e-01
   5.3040000e+01  -1.4908449e-01
   5.3045000e+01  -1.4957844e-01
   5.3050000e+01  -1.5006777e-01
   5.3055000e+01  -1.5055255e-01
   5.3060000e+01  -1.5103263e-01
   5.3065000e+01  -1.5150777e-01
   5.3070000e+01  -1.5197781e-01
   5.3075000e+01  -1.5244270e-01
   5.3080000e+01  -1.5290253e-01
   5.3085000e+01  -1.5335740e-01
   5.3090000e+01  -1.5380733e-01
   5.3095000e+01  -1.5425228e-01
   5.3100000e+01  -1.5469218e-01
   5.3105000e+01  -1.5512706e-01
   5.3110000e+01  -1.5555710e-01
   5.3115000e+01  -1.5598248e-01
   5.3120000e+01  -1.5640329e-01
   5.3125000e+01  -1.5681945e-01
   5.3130000e+01  -1.5723083e-01
   5.3135000e+01  -1.5763726e-01
   5.3140000e+01  -1.5803868e-01
   5.3145000e+01  -1.5843510e-01
   5.3150000e+01  -1.5882664e-01
   5.3155000e+01  -1.5921340e-01
   5.3160000e+01  -1.5959546e-01
   5.3165000e+01  -1.5997283e-01
   5.3170000e+01  -1.6034541e-01
   5.3175000e+01  -1.6071311e-01
   5.3180000e+01  -1.6107588e-01
   5.3185000e+01  -1.6143379e-01
   5.3190000e+01  -1.6178697e-01
   5.3195000e+01  -1.6213556e-01
   5.3200000e+01  -1.6247957e-01
   5.3205000e+01  -1.6281892e-01
   5.3210000e+01  -1.6315356e-01
   5.3215000e+01  -1.6348351e-01
   5.3220000e+01  -1.6380883e-01
   5.3225000e+01  -1.6412955e-01
   5.3230000e+01  -1.6444557e-01
   5.3235000e+01  -1.6475677e-01
   5.3240000e+01  -1.6506305e-01
   5.3245000e+01  -1.6536442e-01
   5.3250000e+01  -1.6566099e-01
   5.3255000e+01  -1.6595296e-01
   5.3260000e+01  -1.6624056e-01
   5.3265000e+01  -1.6652389e-01
   5.3270000e+01  -1.6680295e-01
   5.3275000e+01  -1.6707754e-01
   5.3280000e+01  -1.6734745e-01
   5.3285000e+01  -1.6761251e-01
   5.3290000e+01  -1.6787266e-01
   5.3295000e+01  -1.6812799e-01
   5.3300000e+01  -1.6837871e-01
   5.3305000e+01  -1.6862502e-01
   5.3310000e+01  -1.6886709e-01
   5.3315000e+01  -1.6910493e-01
   5.3320000e+01  -1.6933843e-01
   5.3325000e+01  -1.6956744e-01
   5.3330000e+01  -1.6979183e-01
   5.3335000e+01  -1.7001151e-01
   5.3340000e+01  -1.7022650e-01
   5.3345000e+01  -1.7043690e-01
   5.3350000e+01  -1.7064283e-01
   5.3355000e+01  -1.7084441e-01
   5.3360000e+01  -1.7104170e-01
   5.3365000e+01  -1.7123470e-01
   5.3370000e+01  -1.7142345e-01
   5.3375000e+01  -1.7160796e-01
   5.3380000e+01  -1.7178819e-01
   5.3385000e+01  -1.7196404e-01
   5.3390000e+01  -1.7213539e-01
   5.3395000e+01  -1.7230220e-01
   5.3400000e+01  -1.7246448e-01
   5.3405000e+01  -1.7262229e-01
   5.3410000e+01  -1.7277570e-01
   5.3415000e+01  -1.7292487e-01
   5.3420000e+01  -1.7306994e-01
   5.3425000e+01  -1.7321091e-01
   5.3430000e+01  -1.7334771e-01
   5.3435000e+01  -1.7348030e-01
   5.3440000e+01  -1.7360866e-01
   5.3445000e+01  -1.7373282e-01
   5.3450000e+01  -1.7385274e-01
   5.3455000e+01  -1.7396833e-01
   5.3460000e+01  -1.7407954e-01
   5.3465000e+01  -1.7418643e-01
   5.3470000e+01  -1.7428909e-01
   5.3475000e+01  -1.7438766e-01
   5.3480000e+01  -1.7448224e-01
   5.3485000e+01  -1.7457286e-01
   5.3490000e+01  -1.7465946e-01
   5.3495000e+01  -1.7474193e-01
   5.3500000e+01  -1.7482021e-01
   5.3505000e+01  -1.7489433e-01
   5.3510000e+01  -1.7496437e-01
   5.3515000e+01  -1.7503038e-01
   5.3520000e+01  -1.7509236e-01
   5.3525000e+01  -1.7515030e-01
   5.3530000e+01  -1.7520419e-01
   5.3535000e+01  -1.7525406e-01
   5.3540000e+01  -1.7529991e-01
   5.3545000e+01  -1.7534172e-01
   5.3550000e+01  -1.7537947e-01
   5.3555000e+01  -1.7541318e-01
   5.3560000e+01  -1.7544293e-01
   5.3565000e+01  -1.7546883e-01
   5.3570000e+01  -1.7549097e-01
   5.3575000e+01  -1.7550934e-01
   5.3580000e+01  -1.7552385e-01
   5.3585000e+01  -1.7553436e-01
   5.3590000e+01  -1.7554078e-01
   5.3595000e+01  -1.7554314e-01
   5.3600000e+01  -1.7554161e-01
   5.3605000e+01  -1.7553645e-01
   5.3610000e+01  -1.7552781e-01
   5.3615000e+01  -1.7551568e-01
   5.3620000e+01  -1.7549993e-01
   5.3625000e+01  -1.7548029e-01
   5.3630000e+01  -1.7545652e-01
   5.3635000e+01  -1.7542850e-01
   5.3640000e+01  -1.7539635e-01
   5.3645000e+01  -1.7536042e-01
   5.3650000e+01  -1.7532111e-01
   5.3655000e+01  -1.7527868e-01
   5.3660000e+01  -1.7523306e-01
   5.3665000e+01  -1.7518390e-01
   5.3670000e+01  -1.7513076e-01
   5.3675000e+01  -1.7507345e-01
   5.3680000e+01  -1.7501204e-01
   5.3685000e+01  -1.7494684e-01
   5.3690000e+01  -1.7487820e-01
   5.3695000e+01  -1.7480636e-01
   5.3700000e+01  -1.7473143e-01
   5.3705000e+01  -1.7465322e-01
   5.3710000e+01  -1.7457140e-01
   5.3715000e+01  -1.7448564e-01
   5.3720000e+01  -1.7439588e-01
   5.3725000e+01  -1.7430240e-01
   5.3730000e+01  -1.7420559e-01
   5.3735000e+01  -1.7410573e-01
   5.3740000e+01  -1.7400277e-01
   5.3745000e+01  -1.7389645e-01
   5.3750000e+01  -1.7378646e-01
   5.3755000e+01  -1.7367270e-01
   5.3760000e+01  -1.7355534e-01
   5.3765000e+01  -1.7343467e-01
   5.3770000e+01  -1.7331096e-01
   5.3775000e+01  -1.7318422e-01
   5.3780000e+01  -1.7305422e-01
   5.3785000e+01  -1.7292059e-01
   5.3790000e+01  -1.7278313e-01
   5.3795000e+01  -1.7264199e-01
   5.3800000e+01  -1.7249753e-01
   5.3805000e+01  -1.7235008e-01
   5.3810000e+01  -1.7219973e-01
   5.3815000e+01  -1.7204642e-01
   5.3820000e+01  -1.7188994e-01
   5.3825000e+01  -1.7173013e-01
   5.3830000e+01  -1.7156695e-01
   5.3835000e+01  -1.7140046e-01
   5.3840000e+01  -1.7123076e-01
   5.3845000e+01  -1.7105794e-01
   5.3850000e+01  -1.7088201e-01
   5.3855000e+01  -1.7070294e-01
   5.3860000e+01  -1.7052066e-01
   5.3865000e+01  -1.7033510e-01
   5.3870000e+01  -1.7014633e-01
   5.3875000e+01  -1.6995456e-01
   5.3880000e+01  -1.6976005e-01
   5.3885000e+01  -1.6956292e-01
   5.3890000e+01  -1.6936304e-01
   5.3895000e+01  -1.6916005e-01
   5.3900000e+01  -1.6895360e-01
   5.3905000e+01  -1.6874357e-01
   5.3910000e+01  -1.6853018e-01
   5.3915000e+01  -1.6831389e-01
   5.3920000e+01  -1.6809513e-01
   5.3925000e+01  -1.6787403e-01
   5.3930000e+01  -1.6765041e-01
   5.3935000e+01  -1.6742394e-01
   5.3940000e+01  -1.6719433e-01
   5.3945000e+01  -1.6696146e-01
   5.3950000e+01  -1.6672540e-01
   5.3955000e+01  -1.6648632e-01
   5.3960000e+01  -1.6624436e-01
   5.3965000e+01  -1.6599960e-01
   5.3970000e+01  -1.6575210e-01
   5.3975000e+01  -1.6550193e-01
   5.3980000e+01  -1.6524921e-01
   5.3985000e+01  -1.6499402e-01
   5.3990000e+01  -1.6473633e-01
   5.3995000e+01  -1.6447599e-01
   5.4000000e+01  -1.6421281e-01
   5.4005000e+01  -1.6394662e-01
   5.4010000e+01  -1.6367746e-01
   5.4015000e+01  -1.6340550e-01
   5.4020000e+01  -1.6313097e-01
   5.4025000e+01  -1.6285406e-01
   5.4030000e+01  -1.6257480e-01
   5.4035000e+01  -1.6229307e-01
   5.4040000e+01  -1.6200868e-01
   5.4045000e+01  -1.6172152e-01
   5.4050000e+01  -1.6143159e-01
   5.4055000e+01  -1.6113899e-01
   5.4060000e+01  -1.6084386e-01
   5.4065000e+01  -1.6054628e-01
   5.4070000e+01  -1.6024629e-01
   5.4075000e+01  -1.5994394e-01
   5.4080000e+01  -1.5963924e-01
   5.4085000e+01  -1.5933220e-01
   5.4090000e+01  -1.5902277e-01
   5.4095000e+01  -1.5871089e-01
   5.4100000e+01  -1.5839648e-01
   5.4105000e+01  -1.5807953e-01
   5.4110000e+01  -1.5776008e-01
   5.4115000e+01  -1.5743823e-01
   5.4120000e+01  -1.5711407e-01
   5.4125000e+01  -1.5678768e-01
   5.4130000e+01  -1.5645908e-01
   5.4135000e+01  -1.5612822e-01
   5.4140000e+01  -1.5579502e-01
   5.4145000e+01  -1.5545945e-01
   5.4150000e+01  -1.5512153e-01
   5.4155000e+01  -1.5478138e-01
   5.4160000e+01  -1.5443913e-01
   5.4165000e+01  -1.5409487e-01
   5.4170000e+01  -1.5374862e-01
   5.4175000e+01  -1.5340025e-01
   5.4180000e+01  -1.5304957e-01
   5.4185000e+01  -1.5269648e-01
   5.4190000e+01  -1.5234099e-01
   5.4195000e+01  -1.5198329e-01
   5.4200000e+01  -1.5162358e-01
   5.4205000e+01  -1.5126197e-01
   5.4210000e+01  -1.5089842e-01
   5.4215000e+01  -1.5053281e-01
   5.4220000e+01  -1.5016503e-01
   5.4225000e+01  -1.4979505e-01
   5.4230000e+01  -1.4942297e-01
   5.4235000e+01  -1.4904897e-01
   5.4240000e+01  -1.4867322e-01
   5.4245000e+01  -1.4829576e-01
   5.4250000e+01  -1.4791650e-01
   5.4255000e+01  -1.4753526e-01
   5.4260000e+01  -1.4715188e-01
   5.4265000e+01  -1.4676630e-01
   5.4270000e+01  -1.4637862e-01
   5.4275000e+01  -1.4598904e-01
   5.4280000e+01  -1.4559774e-01
   5.4285000e+01  -1.4520481e-01
   5.4290000e+01  -1.4481017e-01
   5.4295000e+01  -1.4441371e-01
   5.4300000e+01  -1.4401535e-01
   5.4305000e+01  -1.4361514e-01
   5.4310000e+01  -1.4321313e-01
   5.4315000e+01  -1.4280936e-01
   5.4320000e+01  -1.4240384e-01
   5.4325000e+01  -1.4199656e-01
   5.4330000e+01  -1.4158756e-01
   5.4335000e+01  -1.4117685e-01
   5.4340000e+01  -1.4076445e-01
   5.4345000e+01  -1.4035036e-01
   5.4350000e+01  -1.3993455e-01
   5.4355000e+01  -1.3951704e-01
   5.4360000e+01  -1.3909787e-01
   5.4365000e+01  -1.3867715e-01
   5.4370000e+01  -1.3825497e-01
   5.4375000e+01  -1.3783137e-01
   5.4380000e+01  -1.3740633e-01
   5.4385000e+01  -1.3697974e-01
   5.4390000e+01  -1.3655153e-01
   5.4395000e+01  -1.3612167e-01
   5.4400000e+01  -1.3569013e-01
   5.4405000e+01  -1.3525693e-01
   5.4410000e+01  -1.3482218e-01
   5.4415000e+01  -1.3438601e-01
   5.4420000e+01  -1.3394852e-01
   5.4425000e+01  -1.3350974e-01
   5.4430000e+01  -1.3306961e-01
   5.4435000e+01  -1.3262807e-01
   5.4440000e+01  -1.3218510e-01
   5.4445000e+01  -1.3174068e-01
   5.4450000e+01  -1.3129479e-01
   5.4455000e+01  -1.3084747e-01
   5.4460000e+01  -1.3039879e-01
   5.4465000e+01  -1.2994888e-01
   5.4470000e+01  -1.2949776e-01
   5.4475000e+01  -1.2904532e-01
   5.4480000e+01  -1.2859150e-01
   5.4485000e+01  -1.2813634e-01
   5.4490000e+01  -1.2767996e-01
   5.4495000e+01  -1.2722246e-01
   5.4500000e+01  -1.2676390e-01
   5.4505000e+01  -1.2630418e-01
   5.4510000e+01  -1.2584319e-01
   5.4515000e+01  -1.2538082e-01
   5.4520000e+01  -1.2491706e-01
   5.4525000e+01  -1.2445201e-01
   5.4530000e+01  -1.2398585e-01
   5.4535000e+01  -1.2351877e-01
   5.4540000e+01  -1.2305084e-01
   5.4545000e+01  -1.2258204e-01
   5.4550000e+01  -1.2211217e-01
   5.4555000e+01  -1.2164103e-01
   5.4560000e+01  -1.2116855e-01
   5.4565000e+01  -1.2069483e-01
   5.4570000e+01  -1.2022008e-01
   5.4575000e+01  -1.1974445e-01
   5.4580000e+01  -1.1926800e-01
   5.4585000e+01  -1.1879067e-01
   5.4590000e+01  -1.1831238e-01
   5.4595000e+01  -1.1783308e-01
   5.4600000e+01  -1.1735274e-01
   5.4605000e+01  -1.1687141e-01
   5.4610000e+01  -1.1638919e-01
   5.4615000e+01  -1.1590611e-01
   5.4620000e+01  -1.1542215e-01
   5.4625000e+01  -1.1493724e-01
   5.4630000e+01  -1.1445129e-01
   5.4635000e+01  -1.1396431e-01
   5.4640000e+01  -1.1347644e-01
   5.4645000e+01  -1.1298787e-01
   5.4650000e+01  -1.1249875e-01
   5.4655000e+01  -1.1200905e-01
   5.4660000e+01  -1.1151863e-01
   5.4665000e+01  -1.1102738e-01
   5.4670000e+01  -1.1053521e-01
   5.4675000e+01  -1.1004214e-01
   5.4680000e+01  -1.0954827e-01
   5.4685000e+01  -1.0905373e-01
   5.4690000e+01  -1.0855861e-01
   5.4695000e+01  -1.0806292e-01
   5.4700000e+01  -1.0756657e-01
   5.4705000e+01  -1.0706943e-01
   5.4710000e+01  -1.0657139e-01
   5.4715000e+01  -1.0607249e-01
   5.4720000e+01  -1.0557290e-01
   5.4725000e+01  -1.0507284e-01
   5.4730000e+01  -1.0457242e-01
   5.4735000e+01  -1.0407165e-01
   5.4740000e+01  -1.0357041e-01
   5.4745000e+01  -1.0306857e-01
   5.4750000e+01  -1.0256608e-01
   5.4755000e+01  -1.0206294e-01
   5.4760000e+01  -1.0155912e-01
   5.4765000e+01  -1.0105462e-01
   5.4770000e+01  -1.0054955e-01
   5.4775000e+01  -1.0004408e-01
   5.4780000e+01  -9.9538355e-02
   5.4785000e+01  -9.9032395e-02
   5.4790000e+01  -9.8526121e-02
   5.4795000e+01  -9.8019393e-02
   5.4800000e+01  -9.7512065e-02
   5.4805000e+01  -9.7004074e-02
   5.4810000e+01  -9.6495475e-02
   5.4815000e+01  -9.5986408e-02
   5.4820000e+01  -9.5477033e-02
   5.4825000e+01  -9.4967488e-02
   5.4830000e+01  -9.4457823e-02
   5.4835000e+01  -9.3947937e-02
   5.4840000e+01  -9.3437618e-02
   5.4845000e+01  -9.2926713e-02
   5.4850000e+01  -9.2415261e-02
   5.4855000e+01  -9.1903478e-02
   5.4860000e+01  -9.1391592e-02
   5.4865000e+01  -9.0879704e-02
   5.4870000e+01  -9.0367739e-02
   5.4875000e+01  -8.9855538e-02
   5.4880000e+01  -8.9343008e-02
   5.4885000e+01  -8.8830184e-02
   5.4890000e+01  -8.8317145e-02
   5.4895000e+01  -8.7803912e-02
   5.4900000e+01  -8.7290422e-02
   5.4905000e+01  -8.6776621e-02
   5.4910000e+01  -8.6262538e-02
   5.4915000e+01  -8.5748283e-02
   5.4920000e+01  -8.5233967e-02
   5.4925000e+01  -8.4719639e-02
   5.4930000e+01  -8.4205270e-02
   5.4935000e+01  -8.3690805e-02
   5.4940000e+01  -8.3176222e-02
   5.4945000e+01  -8.2661542e-02
   5.4950000e+01  -8.2146818e-02
   5.4955000e+01  -8.1632099e-02
   5.4960000e+01  -8.1117383e-02
   5.4965000e+01  -8.0602596e-02
   5.4970000e+01  -8.0087652e-02
   5.4975000e+01  -7.9572549e-02
   5.4980000e+01  -7.9057390e-02
   5.4985000e+01  -7.8542322e-02
   5.4990000e+01  -7.8027443e-02
   5.4995000e+01  -7.7512753e-02
   5.5000000e+01  -7.6998162e-02
   5.5005000e+01  -7.6483547e-02
   5.5010000e+01  -7.5968832e-02
   5.5015000e+01  -7.5454069e-02
   5.5020000e+01  -7.4939401e-02
   5.5025000e+01  -7.4424928e-02
   5.5030000e+01  -7.3910640e-02
   5.5035000e+01  -7.3396451e-02
   5.5040000e+01  -7.2882292e-02
   5.5045000e+01  -7.2368181e-02
   5.5050000e+01  -7.1854204e-02
   5.5055000e+01  -7.1340447e-02
   5.5060000e+01  -7.0826937e-02
   5.5065000e+01  -7.0313632e-02
   5.5070000e+01  -6.9800474e-02
   5.5075000e+01  -6.9287450e-02
   5.5080000e+01  -6.8774625e-02
   5.5085000e+01  -6.8262100e-02
   5.5090000e+01  -6.7749940e-02
   5.5095000e+01  -6.7238120e-02
   5.5100000e+01  -6.6726565e-02
   5.5105000e+01  -6.6215186e-02
   5.5110000e+01  -6.5703918e-02
   5.5115000e+01  -6.5192753e-02
   5.5120000e+01  -6.4681755e-02
   5.5125000e+01  -6.4171049e-02
   5.5130000e+01  -6.3660776e-02
   5.5135000e+01  -6.3151028e-02
   5.5140000e+01  -6.2641819e-02
   5.5145000e+01  -6.2133090e-02
   5.5150000e+01  -6.1624734e-02
   5.5155000e+01  -6.1116638e-02
   5.5160000e+01  -6.0608733e-02
   5.5165000e+01  -6.0101007e-02
   5.5170000e+01  -5.9593521e-02
   5.5175000e+01  -5.9086413e-02
   5.5180000e+01  -5.8579842e-02
   5.5185000e+01  -5.8073875e-02
   5.5190000e+01  -5.7568428e-02
   5.5195000e+01  -5.7063345e-02
   5.5200000e+01  -5.6558539e-02
   5.5205000e+01  -5.6054081e-02
   5.5210000e+01  -5.5550141e-02
   5.5215000e+01  -5.5046861e-02
   5.5220000e+01  -5.4544255e-02
   5.5225000e+01  -5.4042219e-02
   5.5230000e+01  -5.3540616e-02
   5.5235000e+01  -5.3039376e-02
   5.5240000e+01  -5.2538533e-02
   5.5245000e+01  -5.2038205e-02
   5.5250000e+01  -5.1538497e-02
   5.5255000e+01  -5.1039427e-02
   5.5260000e+01  -5.0540920e-02
   5.5265000e+01  -5.0042878e-02
   5.5270000e+01  -4.9545266e-02
   5.5275000e+01  -4.9048166e-02
   5.5280000e+01  -4.8551738e-02
   5.5285000e+01  -4.8056092e-02
   5.5290000e+01  -4.7561208e-02
   5.5295000e+01  -4.7066977e-02
   5.5300000e+01  -4.6573290e-02
   5.5305000e+01  -4.6080095e-02
   5.5310000e+01  -4.5587436e-02
   5.5315000e+01  -4.5095416e-02
   5.5320000e+01  -4.4604129e-02
   5.5325000e+01  -4.4113600e-02
   5.5330000e+01  -4.3623775e-02
   5.5335000e+01  -4.3134573e-02
   5.5340000e+01  -4.2645958e-02
   5.5345000e+01  -4.2157954e-02
   5.5350000e+01  -4.1670638e-02
   5.5355000e+01  -4.1184099e-02
   5.5360000e+01  -4.0698391e-02
   5.5365000e+01  -4.0213504e-02
   5.5370000e+01  -3.9729389e-02
   5.5375000e+01  -3.9246015e-02
   5.5380000e+01  -3.8763382e-02
   5.5385000e+01  -3.8281489e-02
   5.5390000e+01  -3.7800329e-02
   5.5395000e+01  -3.7319926e-02
   5.5400000e+01  -3.6840311e-02
   5.5405000e+01  -3.6361486e-02
   5.5410000e+01  -3.5883439e-02
   5.5415000e+01  -3.5406179e-02
   5.5420000e+01  -3.4929728e-02
   5.5425000e+01  -3.4454123e-02
   5.5430000e+01  -3.3979401e-02
   5.5435000e+01  -3.3505573e-02
   5.5440000e+01  -3.3032611e-02
   5.5445000e+01  -3.2560468e-02
   5.5450000e+01  -3.2089125e-02
   5.5455000e+01  -3.1618603e-02
   5.5460000e+01  -3.1148945e-02
   5.5465000e+01  -3.0680192e-02
   5.5470000e+01  -3.0212379e-02
   5.5475000e+01  -2.9745513e-02
   5.5480000e+01  -2.9279593e-02
   5.5485000e+01  -2.8814612e-02
   5.5490000e+01  -2.8350555e-02
   5.5495000e+01  -2.7887393e-02
   5.5500000e+01  -2.7425112e-02
   5.5505000e+01  -2.6963725e-02
   5.5510000e+01  -2.6503249e-02
   5.5515000e+01  -2.6043674e-02
   5.5520000e+01  -2.5584986e-02
   5.5525000e+01  -2.5127223e-02
   5.5530000e+01  -2.4670495e-02
   5.5535000e+01  -2.4214890e-02
   5.5540000e+01  -2.3760395e-02
   5.5545000e+01  -2.3306926e-02
   5.5550000e+01  -2.2854400e-02
   5.5555000e+01  -2.2402763e-02
   5.5560000e+01  -2.1951994e-02
   5.5565000e+01  -2.1502122e-02
   5.5570000e+01  -2.1053242e-02
   5.5575000e+01  -2.0605482e-02
   5.5580000e+01  -2.0158936e-02
   5.5585000e+01  -1.9713608e-02
   5.5590000e+01  -1.9269429e-02
   5.5595000e+01  -1.8826315e-02
   5.5600000e+01  -1.8384184e-02
   5.5605000e+01  -1.7942978e-02
   5.5610000e+01  -1.7502694e-02
   5.5615000e+01  -1.7063400e-02
   5.5620000e+01  -1.6625188e-02
   5.5625000e+01  -1.6188111e-02
   5.5630000e+01  -1.5752177e-02
   5.5635000e+01  -1.5317387e-02
   5.5640000e+01  -1.4883742e-02
   5.5645000e+01  -1.4451220e-02
   5.5650000e+01  -1.4019799e-02
   5.5655000e+01  -1.3589473e-02
   5.5660000e+01  -1.3160240e-02
   5.5665000e+01  -1.2732091e-02
   5.5670000e+01  -1.2305052e-02
   5.5675000e+01  -1.1879162e-02
   5.5680000e+01  -1.1454420e-02
   5.5685000e+01  -1.1030823e-02
   5.5690000e+01  -1.0608414e-02
   5.5695000e+01  -1.0187248e-02
   5.5700000e+01  -9.7673255e-03
   5.5705000e+01  -9.3485721e-03
   5.5710000e+01  -8.9309063e-03
   5.5715000e+01  -8.5143135e-03
   5.5720000e+01  -8.0988581e-03
   5.5725000e+01  -7.6846180e-03
   5.5730000e+01  -7.2716249e-03
   5.5735000e+01  -6.8598795e-03
   5.5740000e+01  -6.4493766e-03
   5.5745000e+01  -6.0401027e-03
   5.5750000e+01  -5.6320525e-03
   5.5755000e+01  -5.2252374e-03
   5.5760000e+01  -4.8196532e-03
   5.5765000e+01  -4.4152777e-03
   5.5770000e+01  -4.0121091e-03
   5.5775000e+01  -3.6101798e-03
   5.5780000e+01  -3.2095171e-03
   5.5785000e+01  -2.8101005e-03
   5.5790000e+01  -2.4118815e-03
   5.5795000e+01  -2.0148421e-03
   5.5800000e+01  -1.6190242e-03
   5.5805000e+01  -1.2245030e-03
   5.5810000e+01  -8.3132133e-04
   5.5815000e+01  -4.3944557e-04
   5.5820000e+01  -4.8799488e-05
   5.5825000e+01   3.4066130e-04
   5.5830000e+01   7.2890991e-04
   5.5835000e+01   1.1158647e-03
   5.5840000e+01   1.5014325e-03
   5.5845000e+01   1.8855552e-03
   5.5850000e+01   2.2682510e-03
   5.5855000e+01   2.6496204e-03
   5.5860000e+01   3.0297842e-03
   5.5865000e+01   3.4088002e-03
   5.5870000e+01   3.7866319e-03
   5.5875000e+01   4.1631782e-03
   5.5880000e+01   4.5383296e-03
   5.5885000e+01   4.9120202e-03
   5.5890000e+01   5.2842603e-03
   5.5895000e+01   5.6551202e-03
   5.5900000e+01   6.0246786e-03
   5.5905000e+01   6.3929932e-03
   5.5910000e+01   6.7600903e-03
   5.5915000e+01   7.1259521e-03
   5.5920000e+01   7.4905200e-03
   5.5925000e+01   7.8537193e-03
   5.5930000e+01   8.2154878e-03
   5.5935000e+01   8.5757922e-03
   5.5940000e+01   8.9346286e-03
   5.5945000e+01   9.2920198e-03
   5.5950000e+01   9.6480203e-03
   5.5955000e+01   1.0002701e-02
   5.5960000e+01   1.0356114e-02
   5.5965000e+01   1.0708281e-02
   5.5970000e+01   1.1059164e-02
   5.5975000e+01   1.1408658e-02
   5.5980000e+01   1.1756657e-02
   5.5985000e+01   1.2103155e-02
   5.5990000e+01   1.2448233e-02
   5.5995000e+01   1.2791965e-02
   5.6000000e+01   1.3134351e-02
   5.6005000e+01   1.3475364e-02
   5.6010000e+01   1.3814990e-02
   5.6015000e+01   1.4153208e-02
   5.6020000e+01   1.4489978e-02
   5.6025000e+01   1.4825288e-02
   5.6030000e+01   1.5159177e-02
   5.6035000e+01   1.5491703e-02
   5.6040000e+01   1.5822895e-02
   5.6045000e+01   1.6152712e-02
   5.6050000e+01   1.6481074e-02
   5.6055000e+01   1.6807938e-02
   5.6060000e+01   1.7133338e-02
   5.6065000e+01   1.7457348e-02
   5.6070000e+01   1.7780019e-02
   5.6075000e+01   1.8101328e-02
   5.6080000e+01   1.8421202e-02
   5.6085000e+01   1.8739597e-02
   5.6090000e+01   1.9056533e-02
   5.6095000e+01   1.9372041e-02
   5.6100000e+01   1.9686121e-02
   5.6105000e+01   1.9998746e-02
   5.6110000e+01   2.0309897e-02
   5.6115000e+01   2.0619581e-02
   5.6120000e+01   2.0927824e-02
   5.6125000e+01   2.1234649e-02
   5.6130000e+01   2.1540041e-02
   5.6135000e+01   2.1843965e-02
   5.6140000e+01   2.2146406e-02
   5.6145000e+01   2.2447374e-02
   5.6150000e+01   2.2746866e-02
   5.6155000e+01   2.3044869e-02
   5.6160000e+01   2.3341409e-02
   5.6165000e+01   2.3636541e-02
   5.6170000e+01   2.3930311e-02
   5.6175000e+01   2.4222711e-02
   5.6180000e+01   2.4513682e-02
   5.6185000e+01   2.4803154e-02
   5.6190000e+01   2.5091076e-02
   5.6195000e+01   2.5377429e-02
   5.6200000e+01   2.5662264e-02
   5.6205000e+01   2.5945687e-02
   5.6210000e+01   2.6227767e-02
   5.6215000e+01   2.6508472e-02
   5.6220000e+01   2.6787696e-02
   5.6225000e+01   2.7065355e-02
   5.6230000e+01   2.7341443e-02
   5.6235000e+01   2.7616014e-02
   5.6240000e+01   2.7889128e-02
   5.6245000e+01   2.8160804e-02
   5.6250000e+01   2.8431043e-02
   5.6255000e+01   2.8699842e-02
   5.6260000e+01   2.8967182e-02
   5.6265000e+01   2.9233013e-02
   5.6270000e+01   2.9497307e-02
   5.6275000e+01   2.9760095e-02
   5.6280000e+01   3.0021438e-02
   5.6285000e+01   3.0281371e-02
   5.6290000e+01   3.0539898e-02
   5.6295000e+01   3.0796993e-02
   5.6300000e+01   3.1052610e-02
   5.6305000e+01   3.1306687e-02
   5.6310000e+01   3.1559170e-02
   5.6315000e+01   3.1810057e-02
   5.6320000e+01   3.2059425e-02
   5.6325000e+01   3.2307372e-02
   5.6330000e+01   3.2553949e-02
   5.6335000e+01   3.2799126e-02
   5.6340000e+01   3.3042820e-02
   5.6345000e+01   3.3284976e-02
   5.6350000e+01   3.3525624e-02
   5.6355000e+01   3.3764829e-02
   5.6360000e+01   3.4002603e-02
   5.6365000e+01   3.4238883e-02
   5.6370000e+01   3.4473589e-02
   5.6375000e+01   3.4706703e-02
   5.6380000e+01   3.4938294e-02
   5.6385000e+01   3.5168473e-02
   5.6390000e+01   3.5397312e-02
   5.6395000e+01   3.5624781e-02
   5.6400000e+01   3.5850768e-02
   5.6405000e+01   3.6075167e-02
   5.6410000e+01   3.6297948e-02
   5.6415000e+01   3.6519160e-02
   5.6420000e+01   3.6738875e-02
   5.6425000e+01   3.6957139e-02
   5.6430000e+01   3.7173951e-02
   5.6435000e+01   3.7389304e-02
   5.6440000e+01   3.7603211e-02
   5.6445000e+01   3.7815680e-02
   5.6450000e+01   3.8026708e-02
   5.6455000e+01   3.8236298e-02
   5.6460000e+01   3.8444458e-02
   5.6465000e+01   3.8651171e-02
   5.6470000e+01   3.8856401e-02
   5.6475000e+01   3.9060116e-02
   5.6480000e+01   3.9262287e-02
   5.6485000e+01   3.9462915e-02
   5.6490000e+01   3.9662042e-02
   5.6495000e+01   3.9859730e-02
   5.6500000e+01   4.0056003e-02
   5.6505000e+01   4.0250848e-02
   5.6510000e+01   4.0444231e-02
   5.6515000e+01   4.0636114e-02
   5.6520000e+01   4.0826473e-02
   5.6525000e+01   4.1015316e-02
   5.6530000e+01   4.1202681e-02
   5.6535000e+01   4.1388603e-02
   5.6540000e+01   4.1573090e-02
   5.6545000e+01   4.1756133e-02
   5.6550000e+01   4.1937722e-02
   5.6555000e+01   4.2117869e-02
   5.6560000e+01   4.2296585e-02
   5.6565000e+01   4.2473870e-02
   5.6570000e+01   4.2649714e-02
   5.6575000e+01   4.2824108e-02
   5.6580000e+01   4.2997034e-02
   5.6585000e+01   4.3168461e-02
   5.6590000e+01   4.3338376e-02
   5.6595000e+01   4.3506795e-02
   5.6600000e+01   4.3673742e-02
   5.6605000e+01   4.3839245e-02
   5.6610000e+01   4.4003329e-02
   5.6615000e+01   4.4166002e-02
   5.6620000e+01   4.4327263e-02
   5.6625000e+01   4.4487114e-02
   5.6630000e+01   4.4645549e-02
   5.6635000e+01   4.4802569e-02
   5.6640000e+01   4.4958181e-02
   5.6645000e+01   4.5112380e-02
   5.6650000e+01   4.5265136e-02
   5.6655000e+01   4.5416410e-02
   5.6660000e+01   4.5566191e-02
   5.6665000e+01   4.5714508e-02
   5.6670000e+01   4.5861395e-02
   5.6675000e+01   4.6006859e-02
   5.6680000e+01   4.6150881e-02
   5.6685000e+01   4.6293457e-02
   5.6690000e+01   4.6434607e-02
   5.6695000e+01   4.6574356e-02
   5.6700000e+01   4.6712710e-02
   5.6705000e+01   4.6849674e-02
   5.6710000e+01   4.6985265e-02
   5.6715000e+01   4.7119491e-02
   5.6720000e+01   4.7252333e-02
   5.6725000e+01   4.7383760e-02
   5.6730000e+01   4.7513755e-02
   5.6735000e+01   4.7642312e-02
   5.6740000e+01   4.7769412e-02
   5.6745000e+01   4.7895056e-02
   5.6750000e+01   4.8019286e-02
   5.6755000e+01   4.8142180e-02
   5.6760000e+01   4.8263806e-02
   5.6765000e+01   4.8384153e-02
   5.6770000e+01   4.8503126e-02
   5.6775000e+01   4.8620617e-02
   5.6780000e+01   4.8736592e-02
   5.6785000e+01   4.8851106e-02
   5.6790000e+01   4.8964247e-02
   5.6795000e+01   4.9076074e-02
   5.6800000e+01   4.9186591e-02
   5.6805000e+01   4.9295761e-02
   5.6810000e+01   4.9403550e-02
   5.6815000e+01   4.9509959e-02
   5.6820000e+01   4.9615027e-02
   5.6825000e+01   4.9718769e-02
   5.6830000e+01   4.9821150e-02
   5.6835000e+01   4.9922141e-02
   5.6840000e+01   5.0021749e-02
   5.6845000e+01   5.0119983e-02
   5.6850000e+01   5.0216828e-02
   5.6855000e+01   5.0312282e-02
   5.6860000e+01   5.0406386e-02
   5.6865000e+01   5.0499199e-02
   5.6870000e+01   5.0590751e-02
   5.6875000e+01   5.0681040e-02
   5.6880000e+01   5.0770035e-02
   5.6885000e+01   5.0857705e-02
   5.6890000e+01   5.0944027e-02
   5.6895000e+01   5.1028998e-02
   5.6900000e+01   5.1112619e-02
   5.6905000e+01   5.1194871e-02
   5.6910000e+01   5.1275719e-02
   5.6915000e+01   5.1355170e-02
   5.6920000e+01   5.1433291e-02
   5.6925000e+01   5.1510169e-02
   5.6930000e+01   5.1585858e-02
   5.6935000e+01   5.1660362e-02
   5.6940000e+01   5.1733641e-02
   5.6945000e+01   5.1805617e-02
   5.6950000e+01   5.1876214e-02
   5.6955000e+01   5.1945410e-02
   5.6960000e+01   5.2013243e-02
   5.6965000e+01   5.2079765e-02
   5.6970000e+01   5.2145034e-02
   5.6975000e+01   5.2209090e-02
   5.6980000e+01   5.2271929e-02
   5.6985000e+01   5.2333509e-02
   5.6990000e+01   5.2393777e-02
   5.6995000e+01   5.2452708e-02
   5.7000000e+01   5.2510329e-02
   5.7005000e+01   5.2566689e-02
   5.7010000e+01   5.2621830e-02
   5.7015000e+01   5.2675792e-02
   5.7020000e+01   5.2728577e-02
   5.7025000e+01   5.2780141e-02
   5.7030000e+01   5.2830435e-02
   5.7035000e+01   5.2879438e-02
   5.7040000e+01   5.2927166e-02
   5.7045000e+01   5.2973628e-02
   5.7050000e+01   5.3018825e-02
   5.7055000e+01   5.3062776e-02
   5.7060000e+01   5.3105519e-02
   5.7065000e+01   5.3147089e-02
   5.7070000e+01   5.3187518e-02
   5.7075000e+01   5.3226818e-02
   5.7080000e+01   5.3264945e-02
   5.7085000e+01   5.3301815e-02
   5.7090000e+01   5.3337368e-02
   5.7095000e+01   5.3371612e-02
   5.7100000e+01   5.3404613e-02
   5.7105000e+01   5.3436450e-02
   5.7110000e+01   5.3467157e-02
   5.7115000e+01   5.3496712e-02
   5.7120000e+01   5.3525070e-02
   5.7125000e+01   5.3552185e-02
   5.7130000e+01   5.3578038e-02
   5.7135000e+01   5.3602673e-02
   5.7140000e+01   5.3626192e-02
   5.7145000e+01   5.3648675e-02
   5.7150000e+01   5.3670118e-02
   5.7155000e+01   5.3690445e-02
   5.7160000e+01   5.3709559e-02
   5.7165000e+01   5.3727413e-02
   5.7170000e+01   5.3744035e-02
   5.7175000e+01   5.3759499e-02
   5.7180000e+01   5.3773862e-02
   5.7185000e+01   5.3787134e-02
   5.7190000e+01   5.3799291e-02
   5.7195000e+01   5.3810300e-02
   5.7200000e+01   5.3820131e-02
   5.7205000e+01   5.3828784e-02
   5.7210000e+01   5.3836304e-02
   5.7215000e+01   5.3842753e-02
   5.7220000e+01   5.3848162e-02
   5.7225000e+01   5.3852517e-02
   5.7230000e+01   5.3855778e-02
   5.7235000e+01   5.3857914e-02
   5.7240000e+01   5.3858909e-02
   5.7245000e+01   5.3858766e-02
   5.7250000e+01   5.3857508e-02
   5.7255000e+01   5.3855166e-02
   5.7260000e+01   5.3851770e-02
   5.7265000e+01   5.3847330e-02
   5.7270000e+01   5.3841832e-02
   5.7275000e+01   5.3835246e-02
   5.7280000e+01   5.3827556e-02
   5.7285000e+01   5.3818768e-02
   5.7290000e+01   5.3808916e-02
   5.7295000e+01   5.3798034e-02
   5.7300000e+01   5.3786130e-02
   5.7305000e+01   5.3773181e-02
   5.7310000e+01   5.3759160e-02
   5.7315000e+01   5.3744064e-02
   5.7320000e+01   5.3727921e-02
   5.7325000e+01   5.3710770e-02
   5.7330000e+01   5.3692629e-02
   5.7335000e+01   5.3673487e-02
   5.7340000e+01   5.3653318e-02
   5.7345000e+01   5.3632103e-02
   5.7350000e+01   5.3609844e-02
   5.7355000e+01   5.3586552e-02
   5.7360000e+01   5.3562248e-02
   5.7365000e+01   5.3536962e-02
   5.7370000e+01   5.3510725e-02
   5.7375000e+01   5.3483559e-02
   5.7380000e+01   5.3455456e-02
   5.7385000e+01   5.3426367e-02
   5.7390000e+01   5.3396223e-02
   5.7395000e+01   5.3364985e-02
   5.7400000e+01   5.3332676e-02
   5.7405000e+01   5.3299374e-02
   5.7410000e+01   5.3265162e-02
   5.7415000e+01   5.3230079e-02
   5.7420000e+01   5.3194110e-02
   5.7425000e+01   5.3157211e-02
   5.7430000e+01   5.3119339e-02
   5.7435000e+01   5.3080478e-02
   5.7440000e+01   5.3040642e-02
   5.7445000e+01   5.2999869e-02
   5.7450000e+01   5.2958186e-02
   5.7455000e+01   5.2915593e-02
   5.7460000e+01   5.2872072e-02
   5.7465000e+01   5.2827608e-02
   5.7470000e+01   5.2782205e-02
   5.7475000e+01   5.2735886e-02
   5.7480000e+01   5.2688683e-02
   5.7485000e+01   5.2640613e-02
   5.7490000e+01   5.2591660e-02
   5.7495000e+01   5.2541784e-02
   5.7500000e+01   5.2490949e-02
   5.7505000e+01   5.2439158e-02
   5.7510000e+01   5.2386464e-02
   5.7515000e+01   5.2332945e-02
   5.7520000e+01   5.2278654e-02
   5.7525000e+01   5.2223584e-02
   5.7530000e+01   5.2167671e-02
   5.7535000e+01   5.2110826e-02
   5.7540000e+01   5.2052993e-02
   5.7545000e+01   5.1994188e-02
   5.7550000e+01   5.1934486e-02
   5.7555000e+01   5.1873990e-02
   5.7560000e+01   5.1812770e-02
   5.7565000e+01   5.1750840e-02
   5.7570000e+01   5.1688153e-02
   5.7575000e+01   5.1624628e-02
   5.7580000e+01   5.1560182e-02
   5.7585000e+01   5.1494776e-02
   5.7590000e+01   5.1428444e-02
   5.7595000e+01   5.1361283e-02
   5.7600000e+01   5.1293397e-02
   5.7605000e+01   5.1224839e-02
   5.7610000e+01   5.1155587e-02
   5.7615000e+01   5.1085565e-02
   5.7620000e+01   5.1014697e-02
   5.7625000e+01   5.0942948e-02
   5.7630000e+01   5.0870328e-02
   5.7635000e+01   5.0796873e-02
   5.7640000e+01   5.0722627e-02
   5.7645000e+01   5.0647625e-02
   5.7650000e+01   5.0571895e-02
   5.7655000e+01   5.0495453e-02
   5.7660000e+01   5.0418297e-02
   5.7665000e+01   5.0340420e-02
   5.7670000e+01   5.0261806e-02
   5.7675000e+01   5.0182440e-02
   5.7680000e+01   5.0102305e-02
   5.7685000e+01   5.0021390e-02
   5.7690000e+01   4.9939708e-02
   5.7695000e+01   4.9857287e-02
   5.7700000e+01   4.9774159e-02
   5.7705000e+01   4.9690343e-02
   5.7710000e+01   4.9605842e-02
   5.7715000e+01   4.9520642e-02
   5.7720000e+01   4.9434720e-02
   5.7725000e+01   4.9348064e-02
   5.7730000e+01   4.9260688e-02
   5.7735000e+01   4.9172620e-02
   5.7740000e+01   4.9083875e-02
   5.7745000e+01   4.8994442e-02
   5.7750000e+01   4.8904294e-02
   5.7755000e+01   4.8813414e-02
   5.7760000e+01   4.8721824e-02
   5.7765000e+01   4.8629586e-02
   5.7770000e+01   4.8536767e-02
   5.7775000e+01   4.8443390e-02
   5.7780000e+01   4.8349414e-02
   5.7785000e+01   4.8254755e-02
   5.7790000e+01   4.8159346e-02
   5.7795000e+01   4.8063185e-02
   5.7800000e+01   4.7966331e-02
   5.7805000e+01   4.7868860e-02
   5.7810000e+01   4.7770826e-02
   5.7815000e+01   4.7672238e-02
   5.7820000e+01   4.7573074e-02
   5.7825000e+01   4.7473307e-02
   5.7830000e+01   4.7372913e-02
   5.7835000e+01   4.7271876e-02
   5.7840000e+01   4.7170195e-02
   5.7845000e+01   4.7067883e-02
   5.7850000e+01   4.6964966e-02
   5.7855000e+01   4.6861460e-02
   5.7860000e+01   4.6757358e-02
   5.7865000e+01   4.6652642e-02
   5.7870000e+01   4.6547308e-02
   5.7875000e+01   4.6441387e-02
   5.7880000e+01   4.6334931e-02
   5.7885000e+01   4.6227981e-02
   5.7890000e+01   4.6120537e-02
   5.7895000e+01   4.6012561e-02
   5.7900000e+01   4.5904000e-02
   5.7905000e+01   4.5794821e-02
   5.7910000e+01   4.5685027e-02
   5.7915000e+01   4.5574651e-02
   5.7920000e+01   4.5463735e-02
   5.7925000e+01   4.5352309e-02
   5.7930000e+01   4.5240383e-02
   5.7935000e+01   4.5127953e-02
   5.7940000e+01   4.5015016e-02
   5.7945000e+01   4.4901571e-02
   5.7950000e+01   4.4787627e-02
   5.7955000e+01   4.4673188e-02
   5.7960000e+01   4.4558247e-02
   5.7965000e+01   4.4442786e-02
   5.7970000e+01   4.4326785e-02
   5.7975000e+01   4.4210242e-02
   5.7980000e+01   4.4093180e-02
   5.7985000e+01   4.3975636e-02
   5.7990000e+01   4.3857646e-02
   5.7995000e+01   4.3739228e-02
   5.8000000e+01   4.3620373e-02
   5.8005000e+01   4.3501055e-02
   5.8010000e+01   4.3381254e-02
   5.8015000e+01   4.3260961e-02
   5.8020000e+01   4.3140179e-02
   5.8025000e+01   4.3018916e-02
   5.8030000e+01   4.2897199e-02
   5.8035000e+01   4.2775063e-02
   5.8040000e+01   4.2652537e-02
   5.8045000e+01   4.2529616e-02
   5.8050000e+01   4.2406267e-02
   5.8055000e+01   4.2282453e-02
   5.8060000e+01   4.2158159e-02
   5.8065000e+01   4.2033396e-02
   5.8070000e+01   4.1908201e-02
   5.8075000e+01   4.1782607e-02
   5.8080000e+01   4.1656640e-02
   5.8085000e+01   4.1530309e-02
   5.8090000e+01   4.1403606e-02
   5.8095000e+01   4.1276513e-02
   5.8100000e+01   4.1149015e-02
   5.8105000e+01   4.1021117e-02
   5.8110000e+01   4.0892833e-02
   5.8115000e+01   4.0764182e-02
   5.8120000e+01   4.0635166e-02
   5.8125000e+01   4.0505776e-02
   5.8130000e+01   4.0376000e-02
   5.8135000e+01   4.0245831e-02
   5.8140000e+01   4.0115272e-02
   5.8145000e+01   3.9984335e-02
   5.8150000e+01   3.9853042e-02
   5.8155000e+01   3.9721422e-02
   5.8160000e+01   3.9589498e-02
   5.8165000e+01   3.9457279e-02
   5.8170000e+01   3.9324748e-02
   5.8175000e+01   3.9191877e-02
   5.8180000e+01   3.9058641e-02
   5.8185000e+01   3.8925037e-02
   5.8190000e+01   3.8791087e-02
   5.8195000e+01   3.8656826e-02
   5.8200000e+01   3.8522281e-02
   5.8205000e+01   3.8387458e-02
   5.8210000e+01   3.8252353e-02
   5.8215000e+01   3.8116955e-02
   5.8220000e+01   3.7981253e-02
   5.8225000e+01   3.7845236e-02
   5.8230000e+01   3.7708894e-02
   5.8235000e+01   3.7572227e-02
   5.8240000e+01   3.7435254e-02
   5.8245000e+01   3.7298010e-02
   5.8250000e+01   3.7160527e-02
   5.8255000e+01   3.7022817e-02
   5.8260000e+01   3.6884868e-02
   5.8265000e+01   3.6746655e-02
   5.8270000e+01   3.6608158e-02
   5.8275000e+01   3.6469378e-02
   5.8280000e+01   3.6330323e-02
   5.8285000e+01   3.6191007e-02
   5.8290000e+01   3.6051445e-02
   5.8295000e+01   3.5911659e-02
   5.8300000e+01   3.5771671e-02
   5.8305000e+01   3.5631493e-02
   5.8310000e+01   3.5491114e-02
   5.8315000e+01   3.5350508e-02
   5.8320000e+01   3.5209650e-02
   5.8325000e+01   3.5068527e-02
   5.8330000e+01   3.4927146e-02
   5.8335000e+01   3.4785530e-02
   5.8340000e+01   3.4643708e-02
   5.8345000e+01   3.4501702e-02
   5.8350000e+01   3.4359518e-02
   5.8355000e+01   3.4217156e-02
   5.8360000e+01   3.4074617e-02
   5.8365000e+01   3.3931898e-02
   5.8370000e+01   3.3788996e-02
   5.8375000e+01   3.3645911e-02
   5.8380000e+01   3.3502645e-02
   5.8385000e+01   3.3359203e-02
   5.8390000e+01   3.3215588e-02
   5.8395000e+01   3.3071798e-02
   5.8400000e+01   3.2927831e-02
   5.8405000e+01   3.2783688e-02
   5.8410000e+01   3.2639375e-02
   5.8415000e+01   3.2494898e-02
   5.8420000e+01   3.2350265e-02
   5.8425000e+01   3.2205489e-02
   5.8430000e+01   3.2060585e-02
   5.8435000e+01   3.1915569e-02
   5.8440000e+01   3.1770445e-02
   5.8445000e+01   3.1625210e-02
   5.8450000e+01   3.1479847e-02
   5.8455000e+01   3.1334337e-02
   5.8460000e+01   3.1188674e-02
   5.8465000e+01   3.1042869e-02
   5.8470000e+01   3.0896946e-02
   5.8475000e+01   3.0750929e-02
   5.8480000e+01   3.0604822e-02
   5.8485000e+01   3.0458616e-02
   5.8490000e+01   3.0312300e-02
   5.8495000e+01   3.0165872e-02
   5.8500000e+01   3.0019343e-02
   5.8505000e+01   2.9872725e-02
   5.8510000e+01   2.9726028e-02
   5.8515000e+01   2.9579255e-02
   5.8520000e+01   2.9432408e-02
   5.8525000e+01   2.9285486e-02
   5.8530000e+01   2.9138483e-02
   5.8535000e+01   2.8991393e-02
   5.8540000e+01   2.8844215e-02
   5.8545000e+01   2.8696962e-02
   5.8550000e+01   2.8549656e-02
   5.8555000e+01   2.8402316e-02
   5.8560000e+01   2.8254939e-02
   5.8565000e+01   2.8107508e-02
   5.8570000e+01   2.7960005e-02
   5.8575000e+01   2.7812439e-02
   5.8580000e+01   2.7664835e-02
   5.8585000e+01   2.7517224e-02
   5.8590000e+01   2.7369609e-02
   5.8595000e+01   2.7221964e-02
   5.8600000e+01   2.7074259e-02
   5.8605000e+01   2.6926483e-02
   5.8610000e+01   2.6778661e-02
   5.8615000e+01   2.6630835e-02
   5.8620000e+01   2.6483042e-02
   5.8625000e+01   2.6335280e-02
   5.8630000e+01   2.6187514e-02
   5.8635000e+01   2.6039708e-02
   5.8640000e+01   2.5891848e-02
   5.8645000e+01   2.5743958e-02
   5.8650000e+01   2.5596070e-02
   5.8655000e+01   2.5448204e-02
   5.8660000e+01   2.5300357e-02
   5.8665000e+01   2.5152520e-02
   5.8670000e+01   2.5004690e-02
   5.8675000e+01   2.4856878e-02
   5.8680000e+01   2.4709098e-02
   5.8685000e+01   2.4561359e-02
   5.8690000e+01   2.4413660e-02
   5.8695000e+01   2.4265998e-02
   5.8700000e+01   2.4118365e-02
   5.8705000e+01   2.3970755e-02
   5.8710000e+01   2.3823160e-02
   5.8715000e+01   2.3675586e-02
   5.8720000e+01   2.3528052e-02
   5.8725000e+01   2.3380584e-02
   5.8730000e+01   2.3233192e-02
   5.8735000e+01   2.3085867e-02
   5.8740000e+01   2.2938593e-02
   5.8745000e+01   2.2791362e-02
   5.8750000e+01   2.2644174e-02
   5.8755000e+01   2.2497038e-02
   5.8760000e+01   2.2349965e-02
   5.8765000e+01   2.2202960e-02
   5.8770000e+01   2.2056025e-02
   5.8775000e+01   2.1909164e-02
   5.8780000e+01   2.1762385e-02
   5.8785000e+01   2.1615700e-02
   5.8790000e+01   2.1469115e-02
   5.8795000e+01   2.1322631e-02
   5.8800000e+01   2.1176244e-02
   5.8805000e+01   2.1029947e-02
   5.8810000e+01   2.0883726e-02
   5.8815000e+01   2.0737565e-02
   5.8820000e+01   2.0591461e-02
   5.8825000e+01   2.0445428e-02
   5.8830000e+01   2.0299501e-02
   5.8835000e+01   2.0153718e-02
   5.8840000e+01   2.0008105e-02
   5.8845000e+01   1.9862664e-02
   5.8850000e+01   1.9717363e-02
   5.8855000e+01   1.9572162e-02
   5.8860000e+01   1.9427032e-02
   5.8865000e+01   1.9281969e-02
   5.8870000e+01   1.9136992e-02
   5.8875000e+01   1.8992133e-02
   5.8880000e+01   1.8847421e-02
   5.8885000e+01   1.8702883e-02
   5.8890000e+01   1.8558522e-02
   5.8895000e+01   1.8414326e-02
   5.8900000e+01   1.8270273e-02
   5.8905000e+01   1.8126343e-02
   5.8910000e+01   1.7982530e-02
   5.8915000e+01   1.7838838e-02
   5.8920000e+01   1.7695284e-02
   5.8925000e+01   1.7551885e-02
   5.8930000e+01   1.7408652e-02
   5.8935000e+01   1.7265592e-02
   5.8940000e+01   1.7122706e-02
   5.8945000e+01   1.6979990e-02
   5.8950000e+01   1.6837440e-02
   5.8955000e+01   1.6695053e-02
   5.8960000e+01   1.6552836e-02
   5.8965000e+01   1.6410789e-02
   5.8970000e+01   1.6268888e-02
   5.8975000e+01   1.6127119e-02
   5.8980000e+01   1.5985510e-02
   5.8985000e+01   1.5844101e-02
   5.8990000e+01   1.5702911e-02
   5.8995000e+01   1.5561953e-02
   5.9000000e+01   1.5421245e-02
   5.9005000e+01   1.5280778e-02
   5.9010000e+01   1.5140497e-02
   5.9015000e+01   1.5000343e-02
   5.9020000e+01   1.4860313e-02
   5.9025000e+01   1.4720438e-02
   5.9030000e+01   1.4580743e-02
   5.9035000e+01   1.4441236e-02
   5.9040000e+01   1.4301937e-02
   5.9045000e+01   1.4162872e-02
   5.9050000e+01   1.4024060e-02
   5.9055000e+01   1.3885497e-02
   5.9060000e+01   1.3747167e-02
   5.9065000e+01   1.3609043e-02
   5.9070000e+01   1.3471091e-02
   5.9075000e+01   1.3333312e-02
   5.9080000e+01   1.3195748e-02
   5.9085000e+01   1.3058433e-02
   5.9090000e+01   1.2921378e-02
   5.9095000e+01   1.2784587e-02
   5.9100000e+01   1.2648058e-02
   5.9105000e+01   1.2511762e-02
   5.9110000e+01   1.2375663e-02
   5.9115000e+01   1.2239760e-02
   5.9120000e+01   1.2104080e-02
   5.9125000e+01   1.1968663e-02
   5.9130000e+01   1.1833541e-02
   5.9135000e+01   1.1698699e-02
   5.9140000e+01   1.1564081e-02
   5.9145000e+01   1.1429643e-02
   5.9150000e+01   1.1295381e-02
   5.9155000e+01   1.1161327e-02
   5.9160000e+01   1.1027541e-02
   5.9165000e+01   1.0894070e-02
   5.9170000e+01   1.0760938e-02
   5.9175000e+01   1.0628141e-02
   5.9180000e+01   1.0495632e-02
   5.9185000e+01   1.0363337e-02
   5.9190000e+01   1.0231209e-02
   5.9195000e+01   1.0099252e-02
   5.9200000e+01   9.9675101e-03
   5.9205000e+01   9.8360575e-03
   5.9210000e+01   9.7049726e-03
   5.9215000e+01   9.5742886e-03
   5.9220000e+01   9.4439627e-03
   5.9225000e+01   9.3139070e-03
   5.9230000e+01   9.1840445e-03
   5.9235000e+01   9.0543513e-03
   5.9240000e+01   8.9248653e-03
   5.9245000e+01   8.7956515e-03
   5.9250000e+01   8.6667645e-03
   5.9255000e+01   8.5382380e-03
   5.9260000e+01   8.4100689e-03
   5.9265000e+01   8.2822051e-03
   5.9270000e+01   8.1545831e-03
   5.9275000e+01   8.0271876e-03
   5.9280000e+01   7.9000651e-03
   5.9285000e+01   7.7732691e-03
   5.9290000e+01   7.6468029e-03
   5.9295000e+01   7.5206300e-03
   5.9300000e+01   7.3947328e-03
   5.9305000e+01   7.2691401e-03
   5.9310000e+01   7.1438953e-03
   5.9315000e+01   7.0190086e-03
   5.9320000e+01   6.8944493e-03
   5.9325000e+01   6.7701756e-03
   5.9330000e+01   6.6461624e-03
   5.9335000e+01   6.5224108e-03
   5.9340000e+01   6.3989415e-03
   5.9345000e+01   6.2757826e-03
   5.9350000e+01   6.1529590e-03
   5.9355000e+01   6.0304886e-03
   5.9360000e+01   5.9083804e-03
   5.9365000e+01   5.7866287e-03
   5.9370000e+01   5.6652095e-03
   5.9375000e+01   5.5440861e-03
   5.9380000e+01   5.4232289e-03
   5.9385000e+01   5.3026378e-03
   5.9390000e+01   5.1823459e-03
   5.9395000e+01   5.0624003e-03
   5.9400000e+01   4.9428352e-03
   5.9405000e+01   4.8236553e-03
   5.9410000e+01   4.7048368e-03
   5.9415000e+01   4.5863445e-03
   5.9420000e+01   4.4681520e-03
   5.9425000e+01   4.3502527e-03
   5.9430000e+01   4.2326566e-03
   5.9435000e+01   4.1153854e-03
   5.9440000e+01   3.9984666e-03
   5.9445000e+01   3.8819220e-03
   5.9450000e+01   3.7657557e-03
   5.9455000e+01   3.6499542e-03
   5.9460000e+01   3.5344978e-03
   5.9465000e+01   3.4193736e-03
   5.9470000e+01   3.3045785e-03
   5.9475000e+01   3.1901138e-03
   5.9480000e+01   3.0759802e-03
   5.9485000e+01   2.9621795e-03
   5.9490000e+01   2.8487207e-03
   5.9495000e+01   2.7356191e-03
   5.9500000e+01   2.6228899e-03
   5.9505000e+01   2.5105407e-03
   5.9510000e+01   2.3985675e-03
   5.9515000e+01   2.2869556e-03
   5.9520000e+01   2.1756888e-03
   5.9525000e+01   2.0647582e-03
   5.9530000e+01   1.9541635e-03
   5.9535000e+01   1.8439109e-03
   5.9540000e+01   1.7340133e-03
   5.9545000e+01   1.6244889e-03
   5.9550000e+01   1.5153540e-03
   5.9555000e+01   1.4066127e-03
   5.9560000e+01   1.2982547e-03
   5.9565000e+01   1.1902605e-03
   5.9570000e+01   1.0826103e-03
   5.9575000e+01   9.7529510e-04
   5.9580000e+01   8.6832390e-04
   5.9585000e+01   7.6171749e-04
   5.9590000e+01   6.5549503e-04
   5.9595000e+01   5.4966470e-04
   5.9600000e+01   4.4422390e-04
   5.9605000e+01   3.3916626e-04
   5.9610000e+01   2.3448647e-04
   5.9615000e+01   1.3017876e-04
   5.9620000e+01   2.6236457e-05
   5.9625000e+01  -7.7343345e-05
   5.9630000e+01  -1.8055718e-04
   5.9635000e+01  -2.8339885e-04
   5.9640000e+01  -3.8586435e-04
   5.9645000e+01  -4.8795293e-04
   5.9650000e+01  -5.8966428e-04
   5.9655000e+01  -6.9099602e-04
   5.9660000e+01  -7.9194287e-04
   5.9665000e+01  -8.9249832e-04
   5.9670000e+01  -9.9265962e-04
   5.9675000e+01  -1.0924302e-03
   5.9680000e+01  -1.1918180e-03
   5.9685000e+01  -1.2908321e-03
   5.9690000e+01  -1.3894766e-03
   5.9695000e+01  -1.4877441e-03
   5.9700000e+01  -1.5856192e-03
   5.9705000e+01  -1.6830901e-03
   5.9710000e+01  -1.7801586e-03
   5.9715000e+01  -1.8768371e-03
   5.9720000e+01  -1.9731372e-03
   5.9725000e+01  -2.0690625e-03
   5.9730000e+01  -2.1646089e-03
   5.9735000e+01  -2.2597676e-03
   5.9740000e+01  -2.3545307e-03
   5.9745000e+01  -2.4488941e-03
   5.9750000e+01  -2.5428568e-03
   5.9755000e+01  -2.6364180e-03
   5.9760000e+01  -2.7295800e-03
   5.9765000e+01  -2.8223492e-03
   5.9770000e+01  -2.9147341e-03
   5.9775000e+01  -3.0067407e-03
   5.9780000e+01  -3.0983692e-03
   5.9785000e+01  -3.1896101e-03
   5.9790000e+01  -3.2804454e-03
   5.9795000e+01  -3.3708597e-03
   5.9800000e+01  -3.4608518e-03
   5.9805000e+01  -3.5504343e-03
   5.9810000e+01  -3.6396257e-03
   5.9815000e+01  -3.7284399e-03
   5.9820000e+01  -3.8168802e-03
   5.9825000e+01  -3.9049397e-03
   5.9830000e+01  -3.9926057e-03
   5.9835000e+01  -4.0798629e-03
   5.9840000e+01  -4.1666973e-03
   5.9845000e+01  -4.2531031e-03
   5.9850000e+01  -4.3390901e-03
   5.9855000e+01  -4.4246804e-03
   5.9860000e+01  -4.5098955e-03
   5.9865000e+01  -4.5947428e-03
   5.9870000e+01  -4.6792118e-03
   5.9875000e+01  -4.7632816e-03
   5.9880000e+01  -4.8469328e-03
   5.9885000e+01  -4.9301556e-03
   5.9890000e+01  -5.0129512e-03
   5.9895000e+01  -5.0953290e-03
   5.9900000e+01  -5.1773027e-03
   5.9905000e+01  -5.2588829e-03
   5.9910000e+01  -5.3400745e-03
   5.9915000e+01  -5.4208786e-03
   5.9920000e+01  -5.5012920e-03
   5.9925000e+01  -5.5813072e-03
   5.9930000e+01  -5.6609142e-03
   5.9935000e+01  -5.7401024e-03
   5.9940000e+01  -5.8188657e-03
   5.9945000e+01  -5.8972072e-03
   5.9950000e+01  -5.9751409e-03
   5.9955000e+01  -6.0526850e-03
   5.9960000e+01  -6.1298504e-03
   5.9965000e+01  -6.2066330e-03
   5.9970000e+01  -6.2830152e-03
   5.9975000e+01  -6.3589767e-03
   5.9980000e+01  -6.4345065e-03
   5.9985000e+01  -6.5096104e-03
   5.9990000e+01  -6.5843049e-03
   5.9995000e+01  -6.6586044e-03
   6.0000000e+01  -6.7325133e-03
   6.0005000e+01  -6.8060270e-03
   6.0010000e+01  -6.8791358e-03
   6.0015000e+01  -6.9518314e-03
   6.0020000e+01  -7.0241090e-03
   6.0025000e+01  -7.0959662e-03
   6.0030000e+01  -7.1674059e-03
   6.0035000e+01  -7.2384417e-03
   6.0040000e+01  -7.3090950e-03
   6.0045000e+01  -7.3793793e-03
   6.0050000e+01  -7.4492861e-03
   6.0055000e+01  -7.5187845e-03
   6.0060000e+01  -7.5878413e-03
   6.0065000e+01  -7.6564437e-03
   6.0070000e+01  -7.7246087e-03
   6.0075000e+01  -7.7923699e-03
   6.0080000e+01  -7.8597559e-03
   6.0085000e+01  -7.9267732e-03
   6.0090000e+01  -7.9934065e-03
   6.0095000e+01  -8.0596324e-03
   6.0100000e+01  -8.1254360e-03
   6.0105000e+01  -8.1908168e-03
   6.0110000e+01  -8.2557833e-03
   6.0115000e+01  -8.3203456e-03
   6.0120000e+01  -8.3845121e-03
   6.0125000e+01  -8.4482864e-03
   6.0130000e+01  -8.5116622e-03
   6.0135000e+01  -8.5746241e-03
   6.0140000e+01  -8.6371591e-03
   6.0145000e+01  -8.6992683e-03
   6.0150000e+01  -8.7609706e-03
   6.0155000e+01  -8.8222933e-03
   6.0160000e+01  -8.8832533e-03
   6.0165000e+01  -8.9438433e-03
   6.0170000e+01  -9.0040322e-03
   6.0175000e+01  -9.0637851e-03
   6.0180000e+01  -9.1230906e-03
   6.0185000e+01  -9.1819706e-03
   6.0190000e+01  -9.2404623e-03
   6.0195000e+01  -9.2985877e-03
   6.0200000e+01  -9.3563396e-03
   6.0205000e+01  -9.4136916e-03
   6.0210000e+01  -9.4706221e-03
   6.0215000e+01  -9.5271289e-03
   6.0220000e+01  -9.5832249e-03
   6.0225000e+01  -9.6389248e-03
   6.0230000e+01  -9.6942361e-03
   6.0235000e+01  -9.7491588e-03
   6.0240000e+01  -9.8036874e-03
   6.0245000e+01  -9.8578159e-03
   6.0250000e+01  -9.9115419e-03
   6.0255000e+01  -9.9648690e-03
   6.0260000e+01  -1.0017804e-02
   6.0265000e+01  -1.0070351e-02
   6.0270000e+01  -1.0122507e-02
   6.0275000e+01  -1.0174265e-02
   6.0280000e+01  -1.0225620e-02
   6.0285000e+01  -1.0276567e-02
   6.0290000e+01  -1.0327103e-02
   6.0295000e+01  -1.0377228e-02
   6.0300000e+01  -1.0426952e-02
   6.0305000e+01  -1.0476292e-02
   6.0310000e+01  -1.0525258e-02
   6.0315000e+01  -1.0573846e-02
   6.0320000e+01  -1.0622043e-02
   6.0325000e+01  -1.0669842e-02
   6.0330000e+01  -1.0717246e-02
   6.0335000e+01  -1.0764262e-02
   6.0340000e+01  -1.0810898e-02
   6.0345000e+01  -1.0857161e-02
   6.0350000e+01  -1.0903046e-02
   6.0355000e+01  -1.0948540e-02
   6.0360000e+01  -1.0993626e-02
   6.0365000e+01  -1.1038295e-02
   6.0370000e+01  -1.1082550e-02
   6.0375000e+01  -1.1126411e-02
   6.0380000e+01  -1.1169903e-02
   6.0385000e+01  -1.1213042e-02
   6.0390000e+01  -1.1255817e-02
   6.0395000e+01  -1.1298204e-02
   6.0400000e+01  -1.1340184e-02
   6.0405000e+01  -1.1381755e-02
   6.0410000e+01  -1.1422934e-02
   6.0415000e+01  -1.1463744e-02
   6.0420000e+01  -1.1504196e-02
   6.0425000e+01  -1.1544284e-02
   6.0430000e+01  -1.1583993e-02
   6.0435000e+01  -1.1623308e-02
   6.0440000e+01  -1.1662221e-02
   6.0445000e+01  -1.1700735e-02
   6.0450000e+01  -1.1738858e-02
   6.0455000e+01  -1.1776601e-02
   6.0460000e+01  -1.1813980e-02
   6.0465000e+01  -1.1851006e-02
   6.0470000e+01  -1.1887683e-02
   6.0475000e+01  -1.1924005e-02
   6.0480000e+01  -1.1959957e-02
   6.0485000e+01  -1.1995520e-02
   6.0490000e+01  -1.2030684e-02
   6.0495000e+01  -1.2065448e-02
   6.0500000e+01  -1.2099824e-02
   6.0505000e+01  -1.2133823e-02
   6.0510000e+01  -1.2167462e-02
   6.0515000e+01  -1.2200751e-02
   6.0520000e+01  -1.2233695e-02
   6.0525000e+01  -1.2266281e-02
   6.0530000e+01  -1.2298495e-02
   6.0535000e+01  -1.2330325e-02
   6.0540000e+01  -1.2361768e-02
   6.0545000e+01  -1.2392828e-02
   6.0550000e+01  -1.2423517e-02
   6.0555000e+01  -1.2453856e-02
   6.0560000e+01  -1.2483860e-02
   6.0565000e+01  -1.2513526e-02
   6.0570000e+01  -1.2542836e-02
   6.0575000e+01  -1.2571768e-02
   6.0580000e+01  -1.2600305e-02
   6.0585000e+01  -1.2628452e-02
   6.0590000e+01  -1.2656228e-02
   6.0595000e+01  -1.2683657e-02
   6.0600000e+01  -1.2710761e-02
   6.0605000e+01  -1.2737543e-02
   6.0610000e+01  -1.2763992e-02
   6.0615000e+01  -1.2790083e-02
   6.0620000e+01  -1.2815789e-02
   6.0625000e+01  -1.2841101e-02
   6.0630000e+01  -1.2866028e-02
   6.0635000e+01  -1.2890600e-02
   6.0640000e+01  -1.2914850e-02
   6.0645000e+01  -1.2938790e-02
   6.0650000e+01  -1.2962408e-02
   6.0655000e+01  -1.2985682e-02
   6.0660000e+01  -1.3008587e-02
   6.0665000e+01  -1.3031115e-02
   6.0670000e+01  -1.3053266e-02
   6.0675000e+01  -1.3075056e-02
   6.0680000e+01  -1.3096507e-02
   6.0685000e+01  -1.3117642e-02
   6.0690000e+01  -1.3138467e-02
   6.0695000e+01  -1.3158970e-02
   6.0700000e+01  -1.3179129e-02
   6.0705000e+01  -1.3198925e-02
   6.0710000e+01  -1.3218352e-02
   6.0715000e+01  -1.3237416e-02
   6.0720000e+01  -1.3256133e-02
   6.0725000e+01  -1.3274522e-02
   6.0730000e+01  -1.3292603e-02
   6.0735000e+01  -1.3310382e-02
   6.0740000e+01  -1.3327847e-02
   6.0745000e+01  -1.3344974e-02
   6.0750000e+01  -1.3361738e-02
   6.0755000e+01  -1.3378137e-02
   6.0760000e+01  -1.3394186e-02
   6.0765000e+01  -1.3409909e-02
   6.0770000e+01  -1.3425318e-02
   6.0775000e+01  -1.3440420e-02
   6.0780000e+01  -1.3455206e-02
   6.0785000e+01  -1.3469666e-02
   6.0790000e+01  -1.3483789e-02
   6.0795000e+01  -1.3497569e-02
   6.0800000e+01  -1.3511009e-02
   6.0805000e+01  -1.3524128e-02
   6.0810000e+01  -1.3536946e-02
   6.0815000e+01  -1.3549473e-02
   6.0820000e+01  -1.3561696e-02
   6.0825000e+01  -1.3573592e-02
   6.0830000e+01  -1.3585145e-02
   6.0835000e+01  -1.3596359e-02
   6.0840000e+01  -1.3607258e-02
   6.0845000e+01  -1.3617860e-02
   6.0850000e+01  -1.3628168e-02
   6.0855000e+01  -1.3638164e-02
   6.0860000e+01  -1.3647829e-02
   6.0865000e+01  -1.3657156e-02
   6.0870000e+01  -1.3666155e-02
   6.0875000e+01  -1.3674843e-02
   6.0880000e+01  -1.3683236e-02
   6.0885000e+01  -1.3691347e-02
   6.0890000e+01  -1.3699180e-02
   6.0895000e+01  -1.3706728e-02
   6.0900000e+01  -1.3713969e-02
   6.0905000e+01  -1.3720875e-02
   6.0910000e+01  -1.3727436e-02
   6.0915000e+01  -1.3733665e-02
   6.0920000e+01  -1.3739590e-02
   6.0925000e+01  -1.3745242e-02
   6.0930000e+01  -1.3750634e-02
   6.0935000e+01  -1.3755764e-02
   6.0940000e+01  -1.3760613e-02
   6.0945000e+01  -1.3765159e-02
   6.0950000e+01  -1.3769389e-02
   6.0955000e+01  -1.3773300e-02
   6.0960000e+01  -1.3776902e-02
   6.0965000e+01  -1.3780205e-02
   6.0970000e+01  -1.3783222e-02
   6.0975000e+01  -1.3785957e-02
   6.0980000e+01  -1.3788411e-02
   6.0985000e+01  -1.3790584e-02
   6.0990000e+01  -1.3792473e-02
   6.0995000e+01  -1.3794079e-02
   6.1000000e+01  -1.3795401e-02
   6.1005000e+01  -1.3796443e-02
   6.1010000e+01  -1.3797201e-02
   6.1015000e+01  -1.3797674e-02
   6.1020000e+01  -1.3797863e-02
   6.1025000e+01  -1.3797775e-02
   6.1030000e+01  -1.3797419e-02
   6.1035000e+01  -1.3796797e-02
   6.1040000e+01  -1.3795901e-02
   6.1045000e+01  -1.3794715e-02
   6.1050000e+01  -1.3793232e-02
   6.1055000e+01  -1.3791459e-02
   6.1060000e+01  -1.3789413e-02
   6.1065000e+01  -1.3787108e-02
   6.1070000e+01  -1.3784552e-02
   6.1075000e+01  -1.3781742e-02
   6.1080000e+01  -1.3778671e-02
   6.1085000e+01  -1.3775333e-02
   6.1090000e+01  -1.3771725e-02
   6.1095000e+01  -1.3767853e-02
   6.1100000e+01  -1.3763721e-02
   6.1105000e+01  -1.3759329e-02
   6.1110000e+01  -1.3754671e-02
   6.1115000e+01  -1.3749739e-02
   6.1120000e+01  -1.3744538e-02
   6.1125000e+01  -1.3739083e-02
   6.1130000e+01  -1.3733390e-02
   6.1135000e+01  -1.3727465e-02
   6.1140000e+01  -1.3721296e-02
   6.1145000e+01  -1.3714866e-02
   6.1150000e+01  -1.3708162e-02
   6.1155000e+01  -1.3701188e-02
   6.1160000e+01  -1.3693956e-02
   6.1165000e+01  -1.3686478e-02
   6.1170000e+01  -1.3678757e-02
   6.1175000e+01  -1.3670793e-02
   6.1180000e+01  -1.3662585e-02
   6.1185000e+01  -1.3654136e-02
   6.1190000e+01  -1.3645451e-02
   6.1195000e+01  -1.3636532e-02
   6.1200000e+01  -1.3627382e-02
   6.1205000e+01  -1.3617996e-02
   6.1210000e+01  -1.3608372e-02
   6.1215000e+01  -1.3598502e-02
   6.1220000e+01  -1.3588383e-02
   6.1225000e+01  -1.3578016e-02
   6.1230000e+01  -1.3567403e-02
   6.1235000e+01  -1.3556550e-02
   6.1240000e+01  -1.3545469e-02
   6.1245000e+01  -1.3534170e-02
   6.1250000e+01  -1.3522660e-02
   6.1255000e+01  -1.3510940e-02
   6.1260000e+01  -1.3499001e-02
   6.1265000e+01  -1.3486830e-02
   6.1270000e+01  -1.3474419e-02
   6.1275000e+01  -1.3461768e-02
   6.1280000e+01  -1.3448886e-02
   6.1285000e+01  -1.3435779e-02
   6.1290000e+01  -1.3422451e-02
   6.1295000e+01  -1.3408901e-02
   6.1300000e+01  -1.3395135e-02
   6.1305000e+01  -1.3381159e-02
   6.1310000e+01  -1.3366981e-02
   6.1315000e+01  -1.3352598e-02
   6.1320000e+01  -1.3338004e-02
   6.1325000e+01  -1.3323191e-02
   6.1330000e+01  -1.3308155e-02
   6.1335000e+01  -1.3292891e-02
   6.1340000e+01  -1.3277403e-02
   6.1345000e+01  -1.3261702e-02
   6.1350000e+01  -1.3245806e-02
   6.1355000e+01  -1.3229726e-02
   6.1360000e+01  -1.3213465e-02
   6.1365000e+01  -1.3197012e-02
   6.1370000e+01  -1.3180349e-02
   6.1375000e+01  -1.3163463e-02
   6.1380000e+01  -1.3146357e-02
   6.1385000e+01  -1.3129043e-02
   6.1390000e+01  -1.3111535e-02
   6.1395000e+01  -1.3093839e-02
   6.1400000e+01  -1.3075954e-02
   6.1405000e+01  -1.3057871e-02
   6.1410000e+01  -1.3039588e-02
   6.1415000e+01  -1.3021105e-02
   6.1420000e+01  -1.3002429e-02
   6.1425000e+01  -1.2983572e-02
   6.1430000e+01  -1.2964539e-02
   6.1435000e+01  -1.2945332e-02
   6.1440000e+01  -1.2925942e-02
   6.1445000e+01  -1.2906358e-02
   6.1450000e+01  -1.2886573e-02
   6.1455000e+01  -1.2866588e-02
   6.1460000e+01  -1.2846414e-02
   6.1465000e+01  -1.2826060e-02
   6.1470000e+01  -1.2805534e-02
   6.1475000e+01  -1.2784836e-02
   6.1480000e+01  -1.2763967e-02
   6.1485000e+01  -1.2742926e-02
   6.1490000e+01  -1.2721719e-02
   6.1495000e+01  -1.2700344e-02
   6.1500000e+01  -1.2678793e-02
   6.1505000e+01  -1.2657054e-02
   6.1510000e+01  -1.2635122e-02
   6.1515000e+01  -1.2613003e-02
   6.1520000e+01  -1.2590716e-02
   6.1525000e+01  -1.2568278e-02
   6.1530000e+01  -1.2545693e-02
   6.1535000e+01  -1.2522953e-02
   6.1540000e+01  -1.2500045e-02
   6.1545000e+01  -1.2476962e-02
   6.1550000e+01  -1.2453706e-02
   6.1555000e+01  -1.2430287e-02
   6.1560000e+01  -1.2406715e-02
   6.1565000e+01  -1.2382994e-02
   6.1570000e+01  -1.2359122e-02
   6.1575000e+01  -1.2335096e-02
   6.1580000e+01  -1.2310910e-02
   6.1585000e+01  -1.2286560e-02
   6.1590000e+01  -1.2262042e-02
   6.1595000e+01  -1.2237358e-02
   6.1600000e+01  -1.2212514e-02
   6.1605000e+01  -1.2187522e-02
   6.1610000e+01  -1.2162395e-02
   6.1615000e+01  -1.2137144e-02
   6.1620000e+01  -1.2111769e-02
   6.1625000e+01  -1.2086262e-02
   6.1630000e+01  -1.2060606e-02
   6.1635000e+01  -1.2034789e-02
   6.1640000e+01  -1.2008800e-02
   6.1645000e+01  -1.1982641e-02
   6.1650000e+01  -1.1956324e-02
   6.1655000e+01  -1.1929872e-02
   6.1660000e+01  -1.1903304e-02
   6.1665000e+01  -1.1876628e-02
   6.1670000e+01  -1.1849837e-02
   6.1675000e+01  -1.1822914e-02
   6.1680000e+01  -1.1795850e-02
   6.1685000e+01  -1.1768639e-02
   6.1690000e+01  -1.1741286e-02
   6.1695000e+01  -1.1713799e-02
   6.1700000e+01  -1.1686184e-02
   6.1705000e+01  -1.1658446e-02
   6.1710000e+01  -1.1630586e-02
   6.1715000e+01  -1.1602603e-02
   6.1720000e+01  -1.1574498e-02
   6.1725000e+01  -1.1546268e-02
   6.1730000e+01  -1.1517911e-02
   6.1735000e+01  -1.1489424e-02
   6.1740000e+01  -1.1460807e-02
   6.1745000e+01  -1.1432070e-02
   6.1750000e+01  -1.1403220e-02
   6.1755000e+01  -1.1374265e-02
   6.1760000e+01  -1.1345201e-02
   6.1765000e+01  -1.1316019e-02
   6.1770000e+01  -1.1286713e-02
   6.1775000e+01  -1.1257282e-02
   6.1780000e+01  -1.1227731e-02
   6.1785000e+01  -1.1198071e-02
   6.1790000e+01  -1.1168307e-02
   6.1795000e+01  -1.1138443e-02
   6.1800000e+01  -1.1108478e-02
   6.1805000e+01  -1.1078410e-02
   6.1810000e+01  -1.1048238e-02
   6.1815000e+01  -1.1017960e-02
   6.1820000e+01  -1.0987579e-02
   6.1825000e+01  -1.0957091e-02
   6.1830000e+01  -1.0926494e-02
   6.1835000e+01  -1.0895789e-02
   6.1840000e+01  -1.0864978e-02
   6.1845000e+01  -1.0834067e-02
   6.1850000e+01  -1.0803061e-02
   6.1855000e+01  -1.0771962e-02
   6.1860000e+01  -1.0740772e-02
   6.1865000e+01  -1.0709491e-02
   6.1870000e+01  -1.0678119e-02
   6.1875000e+01  -1.0646656e-02
   6.1880000e+01  -1.0615099e-02
   6.1885000e+01  -1.0583443e-02
   6.1890000e+01  -1.0551690e-02
   6.1895000e+01  -1.0519847e-02
   6.1900000e+01  -1.0487924e-02
   6.1905000e+01  -1.0455926e-02
   6.1910000e+01  -1.0423851e-02
   6.1915000e+01  -1.0391691e-02
   6.1920000e+01  -1.0359441e-02
   6.1925000e+01  -1.0327101e-02
   6.1930000e+01  -1.0294675e-02
   6.1935000e+01  -1.0262167e-02
   6.1940000e+01  -1.0229583e-02
   6.1945000e+01  -1.0196925e-02
   6.1950000e+01  -1.0164194e-02
   6.1955000e+01  -1.0131390e-02
   6.1960000e+01  -1.0098512e-02
   6.1965000e+01  -1.0065561e-02
   6.1970000e+01  -1.0032537e-02
   6.1975000e+01  -9.9994414e-03
   6.1980000e+01  -9.9662709e-03
   6.1985000e+01  -9.9330225e-03
   6.1990000e+01  -9.8996957e-03
   6.1995000e+01  -9.8662939e-03
   6.2000000e+01  -9.8328220e-03
   6.2005000e+01  -9.7992854e-03
   6.2010000e+01  -9.7656911e-03
   6.2015000e+01  -9.7320443e-03
   6.2020000e+01  -9.6983426e-03
   6.2025000e+01  -9.6645788e-03
   6.2030000e+01  -9.6307485e-03
   6.2035000e+01  -9.5968537e-03
   6.2040000e+01  -9.5628975e-03
   6.2045000e+01  -9.5288807e-03
   6.2050000e+01  -9.4948013e-03
   6.2055000e+01  -9.4606590e-03
   6.2060000e+01  -9.4264593e-03
   6.2065000e+01  -9.3922103e-03
   6.2070000e+01  -9.3579161e-03
   6.2075000e+01  -9.3235737e-03
   6.2080000e+01  -9.2891763e-03
   6.2085000e+01  -9.2547199e-03
   6.2090000e+01  -9.2202074e-03
   6.2095000e+01  -9.1856437e-03
   6.2100000e+01  -9.1510301e-03
   6.2105000e+01  -9.1163684e-03
   6.2110000e+01  -9.0816632e-03
   6.2115000e+01  -9.0469187e-03
   6.2120000e+01  -9.0121339e-03
   6.2125000e+01  -8.9773036e-03
   6.2130000e+01  -8.9424243e-03
   6.2135000e+01  -8.9074993e-03
   6.2140000e+01  -8.8725359e-03
   6.2145000e+01  -8.8375383e-03
   6.2150000e+01  -8.8025044e-03
   6.2155000e+01  -8.7674289e-03
   6.2160000e+01  -8.7323108e-03
   6.2165000e+01  -8.6971559e-03
   6.2170000e+01  -8.6619716e-03
   6.2175000e+01  -8.6267611e-03
   6.2180000e+01  -8.5915208e-03
   6.2185000e+01  -8.5562414e-03
   6.2190000e+01  -8.5209157e-03
   6.2195000e+01  -8.4855458e-03
   6.2200000e+01  -8.4501404e-03
   6.2205000e+01  -8.4147079e-03
   6.2210000e+01  -8.3792528e-03
   6.2215000e+01  -8.3437761e-03
   6.2220000e+01  -8.3082786e-03
   6.2225000e+01  -8.2727628e-03
   6.2230000e+01  -8.2372306e-03
   6.2235000e+01  -8.2016769e-03
   6.2240000e+01  -8.1660911e-03
   6.2245000e+01  -8.1304671e-03
   6.2250000e+01  -8.0948089e-03
   6.2255000e+01  -8.0591255e-03
   6.2260000e+01  -8.0234260e-03
   6.2265000e+01  -7.9877178e-03
   6.2270000e+01  -7.9520044e-03
   6.2275000e+01  -7.9162835e-03
   6.2280000e+01  -7.8805488e-03
   6.2285000e+01  -7.8447923e-03
   6.2290000e+01  -7.8090082e-03
   6.2295000e+01  -7.7731974e-03
   6.2300000e+01  -7.7373670e-03
   6.2305000e+01  -7.7015260e-03
   6.2310000e+01  -7.6656807e-03
   6.2315000e+01  -7.6298335e-03
   6.2320000e+01  -7.5939827e-03
   6.2325000e+01  -7.5581235e-03
   6.2330000e+01  -7.5222512e-03
   6.2335000e+01  -7.4863634e-03
   6.2340000e+01  -7.4504596e-03
   6.2345000e+01  -7.4145420e-03
   6.2350000e+01  -7.3786166e-03
   6.2355000e+01  -7.3426907e-03
   6.2360000e+01  -7.3067695e-03
   6.2365000e+01  -7.2708533e-03
   6.2370000e+01  -7.2349378e-03
   6.2375000e+01  -7.1990181e-03
   6.2380000e+01  -7.1630939e-03
   6.2385000e+01  -7.1271683e-03
   6.2390000e+01  -7.0912432e-03
   6.2395000e+01  -7.0553186e-03
   6.2400000e+01  -7.0193937e-03
   6.2405000e+01  -6.9834696e-03
   6.2410000e+01  -6.9475503e-03
   6.2415000e+01  -6.9116399e-03
   6.2420000e+01  -6.8757387e-03
   6.2425000e+01  -6.8398442e-03
   6.2430000e+01  -6.8039560e-03
   6.2435000e+01  -6.7680751e-03
   6.2440000e+01  -6.7322012e-03
   6.2445000e+01  -6.6963325e-03
   6.2450000e+01  -6.6604677e-03
   6.2455000e+01  -6.6246083e-03
   6.2460000e+01  -6.5887590e-03
   6.2465000e+01  -6.5529253e-03
   6.2470000e+01  -6.5171103e-03
   6.2475000e+01  -6.4813138e-03
   6.2480000e+01  -6.4455334e-03
   6.2485000e+01  -6.4097653e-03
   6.2490000e+01  -6.3740060e-03
   6.2495000e+01  -6.3382558e-03
   6.2500000e+01  -6.3025197e-03
   6.2505000e+01  -6.2668027e-03
   6.2510000e+01  -6.2311092e-03
   6.2515000e+01  -6.1954423e-03
   6.2520000e+01  -6.1598012e-03
   6.2525000e+01  -6.1241816e-03
   6.2530000e+01  -6.0885782e-03
   6.2535000e+01  -6.0529892e-03
   6.2540000e+01  -6.0174170e-03
   6.2545000e+01  -5.9818667e-03
   6.2550000e+01  -5.9463427e-03
   6.2555000e+01  -5.9108483e-03
   6.2560000e+01  -5.8753839e-03
   6.2565000e+01  -5.8399452e-03
   6.2570000e+01  -5.8045268e-03
   6.2575000e+01  -5.7691268e-03
   6.2580000e+01  -5.7337477e-03
   6.2585000e+01  -5.6983938e-03
   6.2590000e+01  -5.6630709e-03
   6.2595000e+01  -5.6277858e-03
   6.2600000e+01  -5.5925441e-03
   6.2605000e+01  -5.5573461e-03
   6.2610000e+01  -5.5221839e-03
   6.2615000e+01  -5.4870447e-03
   6.2620000e+01  -5.4519193e-03
   6.2625000e+01  -5.4168107e-03
   6.2630000e+01  -5.3817302e-03
   6.2635000e+01  -5.3466886e-03
   6.2640000e+01  -5.3116913e-03
   6.2645000e+01  -5.2767400e-03
   6.2650000e+01  -5.2418334e-03
   6.2655000e+01  -5.2069692e-03
   6.2660000e+01  -5.1721446e-03
   6.2665000e+01  -5.1373562e-03
   6.2670000e+01  -5.1026001e-03
   6.2675000e+01  -5.0678747e-03
   6.2680000e+01  -5.0331822e-03
   6.2685000e+01  -4.9985292e-03
   6.2690000e+01  -4.9639233e-03
   6.2695000e+01  -4.9293674e-03
   6.2700000e+01  -4.8948564e-03
   6.2705000e+01  -4.8603815e-03
   6.2710000e+01  -4.8259381e-03
   6.2715000e+01  -4.7915294e-03
   6.2720000e+01  -4.7571637e-03
   6.2725000e+01  -4.7228474e-03
   6.2730000e+01  -4.6885822e-03
   6.2735000e+01  -4.6543669e-03
   6.2740000e+01  -4.6202014e-03
   6.2745000e+01  -4.5860870e-03
   6.2750000e+01  -4.5520237e-03
   6.2755000e+01  -4.5180102e-03
   6.2760000e+01  -4.4840475e-03
   6.2765000e+01  -4.4501382e-03
   6.2770000e+01  -4.4162811e-03
   6.2775000e+01  -4.3824703e-03
   6.2780000e+01  -4.3486984e-03
   6.2785000e+01  -4.3149617e-03
   6.2790000e+01  -4.2812658e-03
   6.2795000e+01  -4.2476242e-03
   6.2800000e+01  -4.2140512e-03
   6.2805000e+01  -4.1805540e-03
   6.2810000e+01  -4.1471284e-03
   6.2815000e+01  -4.1137600e-03
   6.2820000e+01  -4.0804328e-03
   6.2825000e+01  -4.0471389e-03
   6.2830000e+01  -4.0138819e-03
   6.2835000e+01  -3.9806731e-03
   6.2840000e+01  -3.9475250e-03
   6.2845000e+01  -3.9144461e-03
   6.2850000e+01  -3.8814396e-03
   6.2855000e+01  -3.8485034e-03
   6.2860000e+01  -3.8156307e-03
   6.2865000e+01  -3.7828130e-03
   6.2870000e+01  -3.7500451e-03
   6.2875000e+01  -3.7173284e-03
   6.2880000e+01  -3.6846713e-03
   6.2885000e+01  -3.6520828e-03
   6.2890000e+01  -3.6195667e-03
   6.2895000e+01  -3.5871201e-03
   6.2900000e+01  -3.5547354e-03
   6.2905000e+01  -3.5224041e-03
   6.2910000e+01  -3.4901218e-03
   6.2915000e+01  -3.4578906e-03
   6.2920000e+01  -3.4257181e-03
   6.2925000e+01  -3.3936155e-03
   6.2930000e+01  -3.3615930e-03
   6.2935000e+01  -3.3296534e-03
   6.2940000e+01  -3.2977897e-03
   6.2945000e+01  -3.2659909e-03
   6.2950000e+01  -3.2342475e-03
   6.2955000e+01  -3.2025562e-03
   6.2960000e+01  -3.1709218e-03
   6.2965000e+01  -3.1393512e-03
   6.2970000e+01  -3.1078507e-03
   6.2975000e+01  -3.0764253e-03
   6.2980000e+01  -3.0450781e-03
   6.2985000e+01  -3.0138093e-03
   6.2990000e+01  -2.9826168e-03
   6.2995000e+01  -2.9514965e-03
   6.3000000e+01  -2.9204431e-03
   6.3005000e+01  -2.8894532e-03
   6.3010000e+01  -2.8585279e-03
   6.3015000e+01  -2.8276697e-03
   6.3020000e+01  -2.7968815e-03
   6.3025000e+01  -2.7661671e-03
   6.3030000e+01  -2.7355308e-03
   6.3035000e+01  -2.7049778e-03
   6.3040000e+01  -2.6745117e-03
   6.3045000e+01  -2.6441295e-03
   6.3050000e+01  -2.6138190e-03
   6.3055000e+01  -2.5835652e-03
   6.3060000e+01  -2.5533632e-03
   6.3065000e+01  -2.5232230e-03
   6.3070000e+01  -2.4931635e-03
   6.3075000e+01  -2.4631983e-03
   6.3080000e+01  -2.4333274e-03
   6.3085000e+01  -2.4035395e-03
   6.3090000e+01  -2.3738229e-03
   6.3095000e+01  -2.3441745e-03
   6.3100000e+01  -2.3145978e-03
   6.3105000e+01  -2.2850981e-03
   6.3110000e+01  -2.2556791e-03
   6.3115000e+01  -2.2263440e-03
   6.3120000e+01  -2.1970950e-03
   6.3125000e+01  -2.1679298e-03
   6.3130000e+01  -2.1388404e-03
   6.3135000e+01  -2.1098185e-03
   6.3140000e+01  -2.0808633e-03
   6.3145000e+01  -2.0519820e-03
   6.3150000e+01  -2.0231868e-03
   6.3155000e+01  -1.9944878e-03
   6.3160000e+01  -1.9658882e-03
   6.3165000e+01  -1.9373828e-03
   6.3170000e+01  -1.9089620e-03
   6.3175000e+01  -1.8806156e-03
   6.3180000e+01  -1.8523353e-03
   6.3185000e+01  -1.8241185e-03
   6.3190000e+01  -1.7959730e-03
   6.3195000e+01  -1.7679154e-03
   6.3200000e+01  -1.7399605e-03
   6.3205000e+01  -1.7121107e-03
   6.3210000e+01  -1.6843548e-03
   6.3215000e+01  -1.6566790e-03
   6.3220000e+01  -1.6290760e-03
   6.3225000e+01  -1.6015462e-03
   6.3230000e+01  -1.5740933e-03
   6.3235000e+01  -1.5467234e-03
   6.3240000e+01  -1.5194424e-03
   6.3245000e+01  -1.4922538e-03
   6.3250000e+01  -1.4651584e-03
   6.3255000e+01  -1.4381559e-03
   6.3260000e+01  -1.4112440e-03
   6.3265000e+01  -1.3844176e-03
   6.3270000e+01  -1.3576709e-03
   6.3275000e+01  -1.3309997e-03
   6.3280000e+01  -1.3044057e-03
   6.3285000e+01  -1.2778974e-03
   6.3290000e+01  -1.2514855e-03
   6.3295000e+01  -1.2251749e-03
   6.3300000e+01  -1.1989617e-03
   6.3305000e+01  -1.1728370e-03
   6.3310000e+01  -1.1467939e-03
   6.3315000e+01  -1.1208310e-03
   6.3320000e+01  -1.0949507e-03
   6.3325000e+01  -1.0691584e-03
   6.3330000e+01  -1.0434615e-03
   6.3335000e+01  -1.0178667e-03
   6.3340000e+01  -9.9237404e-04
   6.3345000e+01  -9.6697643e-04
   6.3350000e+01  -9.4166391e-04
   6.3355000e+01  -9.1643105e-04
   6.3360000e+01  -8.9128132e-04
   6.3365000e+01  -8.6622230e-04
   6.3370000e+01  -8.4125665e-04
   6.3375000e+01  -8.1638100e-04
   6.3380000e+01  -7.9159259e-04
   6.3385000e+01  -7.6689302e-04
   6.3390000e+01  -7.4228676e-04
   6.3395000e+01  -7.1777749e-04
   6.3400000e+01  -6.9336510e-04
   6.3405000e+01  -6.6904685e-04
   6.3410000e+01  -6.4482041e-04
   6.3415000e+01  -6.2068640e-04
   6.3420000e+01  -5.9664821e-04
   6.3425000e+01  -5.7270668e-04
   6.3430000e+01  -5.4885623e-04
   6.3435000e+01  -5.2509001e-04
   6.3440000e+01  -5.0140801e-04
   6.3445000e+01  -4.7781828e-04
   6.3450000e+01  -4.5433014e-04
   6.3455000e+01  -4.3094598e-04
   6.3460000e+01  -4.0765987e-04
   6.3465000e+01  -3.8446404e-04
   6.3470000e+01  -3.6135598e-04
   6.3475000e+01  -3.3833809e-04
   6.3480000e+01  -3.1541282e-04
   6.3485000e+01  -2.9258161e-04
   6.3490000e+01  -2.6984681e-04
   6.3495000e+01  -2.4721040e-04
   6.3500000e+01  -2.2467117e-04
   6.3505000e+01  -2.0222632e-04
   6.3510000e+01  -1.7987450e-04
   6.3515000e+01  -1.5761420e-04
   6.3520000e+01  -1.3544367e-04
   6.3525000e+01  -1.1336579e-04
   6.3530000e+01  -9.1387778e-05
   6.3535000e+01  -6.9513531e-05
   6.3540000e+01  -4.7739292e-05
   6.3545000e+01  -2.6058058e-05
   6.3550000e+01  -4.4662713e-06
   6.3555000e+01   1.7034810e-05
   6.3560000e+01   3.8441934e-05
   6.3565000e+01   5.9752657e-05
   6.3570000e+01   8.0965648e-05
   6.3575000e+01   1.0207945e-04
   6.3580000e+01   1.2309297e-04
   6.3585000e+01   1.4400679e-04
   6.3590000e+01   1.6482326e-04
   6.3595000e+01   1.8554453e-04
   6.3600000e+01   2.0617134e-04
   6.3605000e+01   2.2670566e-04
   6.3610000e+01   2.4715066e-04
   6.3615000e+01   2.6750517e-04
   6.3620000e+01   2.8776324e-04
   6.3625000e+01   3.0792061e-04
   6.3630000e+01   3.2797740e-04
   6.3635000e+01   3.4793452e-04
   6.3640000e+01   3.6779114e-04
   6.3645000e+01   3.8754717e-04
   6.3650000e+01   4.0720648e-04
   6.3655000e+01   4.2677465e-04
   6.3660000e+01   4.4625338e-04
   6.3665000e+01   4.6563898e-04
   6.3670000e+01   4.8492633e-04
   6.3675000e+01   5.0411247e-04
   6.3680000e+01   5.2319670e-04
   6.3685000e+01   5.4218143e-04
   6.3690000e+01   5.6107292e-04
   6.3695000e+01   5.7987689e-04
   6.3700000e+01   5.9859190e-04
   6.3705000e+01   6.1721003e-04
   6.3710000e+01   6.3572309e-04
   6.3715000e+01   6.5412710e-04
   6.3720000e+01   6.7242393e-04
   6.3725000e+01   6.9062023e-04
   6.3730000e+01   7.0872424e-04
   6.3735000e+01   7.2674168e-04
   6.3740000e+01   7.4467321e-04
   6.3745000e+01   7.6251609e-04
   6.3750000e+01   7.8026694e-04
   6.3755000e+01   7.9792190e-04
   6.3760000e+01   8.1547623e-04
   6.3765000e+01   8.3292506e-04
   6.3770000e+01   8.5026551e-04
   6.3775000e+01   8.6750014e-04
   6.3780000e+01   8.8463812e-04
   6.3785000e+01   9.0169014e-04
   6.3790000e+01   9.1866016e-04
   6.3795000e+01   9.3554074e-04
   6.3800000e+01   9.5231832e-04
   6.3805000e+01   9.6898588e-04
   6.3810000e+01   9.8554767e-04
   6.3815000e+01   1.0020114e-03
   6.3820000e+01   1.0183823e-03
   6.3825000e+01   1.0346636e-03
   6.3830000e+01   1.0508552e-03
   6.3835000e+01   1.0669526e-03
   6.3840000e+01   1.0829507e-03
   6.3845000e+01   1.0988485e-03
   6.3850000e+01   1.1146481e-03
   6.3855000e+01   1.1303543e-03
   6.3860000e+01   1.1459707e-03
   6.3865000e+01   1.1614957e-03
   6.3870000e+01   1.1769214e-03
   6.3875000e+01   1.1922423e-03
   6.3880000e+01   1.2074612e-03
   6.3885000e+01   1.2225847e-03
   6.3890000e+01   1.2376162e-03
   6.3895000e+01   1.2525560e-03
   6.3900000e+01   1.2674042e-03
   6.3905000e+01   1.2821605e-03
   6.3910000e+01   1.2968232e-03
   6.3915000e+01   1.3113892e-03
   6.3920000e+01   1.3258562e-03
   6.3925000e+01   1.3402254e-03
   6.3930000e+01   1.3545008e-03
   6.3935000e+01   1.3686843e-03
   6.3940000e+01   1.3827743e-03
   6.3945000e+01   1.3967683e-03
   6.3950000e+01   1.4106631e-03
   6.3955000e+01   1.4244565e-03
   6.3960000e+01   1.4381494e-03
   6.3965000e+01   1.4517462e-03
   6.3970000e+01   1.4652534e-03
   6.3975000e+01   1.4786766e-03
   6.3980000e+01   1.4920151e-03
   6.3985000e+01   1.5052615e-03
   6.3990000e+01   1.5184095e-03
   6.3995000e+01   1.5314588e-03
   6.4000000e+01   1.5444135e-03
   6.4005000e+01   1.5572777e-03
   6.4010000e+01   1.5700525e-03
   6.4015000e+01   1.5827364e-03
   6.4020000e+01   1.5953266e-03
   6.4025000e+01   1.6078208e-03
   6.4030000e+01   1.6202179e-03
   6.4035000e+01   1.6325181e-03
   6.4040000e+01   1.6447226e-03
   6.4045000e+01   1.6568326e-03
   6.4050000e+01   1.6688498e-03
   6.4055000e+01   1.6807783e-03
   6.4060000e+01   1.6926230e-03
   6.4065000e+01   1.7043845e-03
   6.4070000e+01   1.7160566e-03
   6.4075000e+01   1.7276311e-03
   6.4080000e+01   1.7391031e-03
   6.4085000e+01   1.7504736e-03
   6.4090000e+01   1.7617503e-03
   6.4095000e+01   1.7729432e-03
   6.4100000e+01   1.7840563e-03
   6.4105000e+01   1.7950853e-03
   6.4110000e+01   1.8060215e-03
   6.4115000e+01   1.8168587e-03
   6.4120000e+01   1.8275958e-03
   6.4125000e+01   1.8382362e-03
   6.4130000e+01   1.8487847e-03
   6.4135000e+01   1.8592455e-03
   6.4140000e+01   1.8696217e-03
   6.4145000e+01   1.8799169e-03
   6.4150000e+01   1.8901352e-03
   6.4155000e+01   1.9002758e-03
   6.4160000e+01   1.9103313e-03
   6.4165000e+01   1.9202897e-03
   6.4170000e+01   1.9301416e-03
   6.4175000e+01   1.9398871e-03
   6.4180000e+01   1.9495368e-03
   6.4185000e+01   1.9591042e-03
   6.4190000e+01   1.9685976e-03
   6.4195000e+01   1.9780150e-03
   6.4200000e+01   1.9873469e-03
   6.4205000e+01   1.9965836e-03
   6.4210000e+01   2.0057212e-03
   6.4215000e+01   2.0147624e-03
   6.4220000e+01   2.0237145e-03
   6.4225000e+01   2.0325869e-03
   6.4230000e+01   2.0413848e-03
   6.4235000e+01   2.0501052e-03
   6.4240000e+01   2.0587403e-03
   6.4245000e+01   2.0672856e-03
   6.4250000e+01   2.0757394e-03
   6.4255000e+01   2.0841009e-03
   6.4260000e+01   2.0923704e-03
   6.4265000e+01   2.1005504e-03
   6.4270000e+01   2.1086451e-03
   6.4275000e+01   2.1166580e-03
   6.4280000e+01   2.1245900e-03
   6.4285000e+01   2.1324399e-03
   6.4290000e+01   2.1402062e-03
   6.4295000e+01   2.1478883e-03
   6.4300000e+01   2.1554861e-03
   6.4305000e+01   2.1630001e-03
   6.4310000e+01   2.1704305e-03
   6.4315000e+01   2.1777775e-03
   6.4320000e+01   2.1850401e-03
   6.4325000e+01   2.1922175e-03
   6.4330000e+01   2.1993089e-03
   6.4335000e+01   2.2063151e-03
   6.4340000e+01   2.2132377e-03
   6.4345000e+01   2.2200779e-03
   6.4350000e+01   2.2268369e-03
   6.4355000e+01   2.2335157e-03
   6.4360000e+01   2.2401151e-03
   6.4365000e+01   2.2466347e-03
   6.4370000e+01   2.2530728e-03
   6.4375000e+01   2.2594273e-03
   6.4380000e+01   2.2656972e-03
   6.4385000e+01   2.2718830e-03
   6.4390000e+01   2.2779869e-03
   6.4395000e+01   2.2840118e-03
   6.4400000e+01   2.2899597e-03
   6.4405000e+01   2.2958314e-03
   6.4410000e+01   2.3016266e-03
   6.4415000e+01   2.3073436e-03
   6.4420000e+01   2.3129800e-03
   6.4425000e+01   2.3185337e-03
   6.4430000e+01   2.3240040e-03
   6.4435000e+01   2.3293924e-03
   6.4440000e+01   2.3347021e-03
   6.4445000e+01   2.3399362e-03
   6.4450000e+01   2.3450966e-03
   6.4455000e+01   2.3501826e-03
   6.4460000e+01   2.3551909e-03
   6.4465000e+01   2.3601171e-03
   6.4470000e+01   2.3649588e-03
   6.4475000e+01   2.3697181e-03
   6.4480000e+01   2.3744009e-03
   6.4485000e+01   2.3790140e-03
   6.4490000e+01   2.3835609e-03
   6.4495000e+01   2.3880396e-03
   6.4500000e+01   2.3924442e-03
   6.4505000e+01   2.3967679e-03
   6.4510000e+01   2.4010066e-03
   6.4515000e+01   2.4051606e-03
   6.4520000e+01   2.4092342e-03
   6.4525000e+01   2.4132338e-03
   6.4530000e+01   2.4171653e-03
   6.4535000e+01   2.4210313e-03
   6.4540000e+01   2.4248299e-03
   6.4545000e+01   2.4285566e-03
   6.4550000e+01   2.4322071e-03
   6.4555000e+01   2.4357793e-03
   6.4560000e+01   2.4392736e-03
   6.4565000e+01   2.4426915e-03
   6.4570000e+01   2.4460355e-03
   6.4575000e+01   2.4493086e-03
   6.4580000e+01   2.4525136e-03
   6.4585000e+01   2.4556512e-03
   6.4590000e+01   2.4587198e-03
   6.4595000e+01   2.4617168e-03
   6.4600000e+01   2.4646403e-03
   6.4605000e+01   2.4674900e-03
   6.4610000e+01   2.4702675e-03
   6.4615000e+01   2.4729745e-03
   6.4620000e+01   2.4756125e-03
   6.4625000e+01   2.4781821e-03
   6.4630000e+01   2.4806832e-03
   6.4635000e+01   2.4831153e-03
   6.4640000e+01   2.4854778e-03
   6.4645000e+01   2.4877712e-03
   6.4650000e+01   2.4899961e-03
   6.4655000e+01   2.4921529e-03
   6.4660000e+01   2.4942414e-03
   6.4665000e+01   2.4962616e-03
   6.4670000e+01   2.4982137e-03
   6.4675000e+01   2.5000986e-03
   6.4680000e+01   2.5019168e-03
   6.4685000e+01   2.5036687e-03
   6.4690000e+01   2.5053543e-03
   6.4695000e+01   2.5069733e-03
   6.4700000e+01   2.5085252e-03
   6.4705000e+01   2.5100094e-03
   6.4710000e+01   2.5114259e-03
   6.4715000e+01   2.5127751e-03
   6.4720000e+01   2.5140586e-03
   6.4725000e+01   2.5152791e-03
   6.4730000e+01   2.5164386e-03
   6.4735000e+01   2.5175379e-03
   6.4740000e+01   2.5185763e-03
   6.4745000e+01   2.5195524e-03
   6.4750000e+01   2.5204648e-03
   6.4755000e+01   2.5213120e-03
   6.4760000e+01   2.5220931e-03
   6.4765000e+01   2.5228082e-03
   6.4770000e+01   2.5234584e-03
   6.4775000e+01   2.5240460e-03
   6.4780000e+01   2.5245724e-03
   6.4785000e+01   2.5250384e-03
   6.4790000e+01   2.5254439e-03
   6.4795000e+01   2.5257884e-03
   6.4800000e+01   2.5260723e-03
   6.4805000e+01   2.5262966e-03
   6.4810000e+01   2.5264623e-03
   6.4815000e+01   2.5265691e-03
   6.4820000e+01   2.5266162e-03
   6.4825000e+01   2.5266030e-03
   6.4830000e+01   2.5265299e-03
   6.4835000e+01   2.5263976e-03
   6.4840000e+01   2.5262059e-03
   6.4845000e+01   2.5259533e-03
   6.4850000e+01   2.5256383e-03
   6.4855000e+01   2.5252620e-03
   6.4860000e+01   2.5248285e-03
   6.4865000e+01   2.5243429e-03
   6.4870000e+01   2.5238073e-03
   6.4875000e+01   2.5232195e-03
   6.4880000e+01   2.5225751e-03
   6.4885000e+01   2.5218706e-03
   6.4890000e+01   2.5211052e-03
   6.4895000e+01   2.5202809e-03
   6.4900000e+01   2.5194002e-03
   6.4905000e+01   2.5184652e-03
   6.4910000e+01   2.5174770e-03
   6.4915000e+01   2.5164360e-03
   6.4920000e+01   2.5153418e-03
   6.4925000e+01   2.5141934e-03
   6.4930000e+01   2.5129898e-03
   6.4935000e+01   2.5117304e-03
   6.4940000e+01   2.5104159e-03
   6.4945000e+01   2.5090484e-03
   6.4950000e+01   2.5076300e-03
   6.4955000e+01   2.5061617e-03
   6.4960000e+01   2.5046426e-03
   6.4965000e+01   2.5030714e-03
   6.4970000e+01   2.5014470e-03
   6.4975000e+01   2.4997700e-03
   6.4980000e+01   2.4980413e-03
   6.4985000e+01   2.4962612e-03
   6.4990000e+01   2.4944299e-03
   6.4995000e+01   2.4925478e-03
   6.5000000e+01   2.4906162e-03
   6.5005000e+01   2.4886362e-03
   6.5010000e+01   2.4866074e-03
   6.5015000e+01   2.4845291e-03
   6.5020000e+01   2.4824005e-03
   6.5025000e+01   2.4802223e-03
   6.5030000e+01   2.4779962e-03
   6.5035000e+01   2.4757237e-03
   6.5040000e+01   2.4734056e-03
   6.5045000e+01   2.4710415e-03
   6.5050000e+01   2.4686292e-03
   6.5055000e+01   2.4661661e-03
   6.5060000e+01   2.4636512e-03
   6.5065000e+01   2.4610864e-03
   6.5070000e+01   2.4584758e-03
   6.5075000e+01   2.4558220e-03
   6.5080000e+01   2.4531260e-03
   6.5085000e+01   2.4503866e-03
   6.5090000e+01   2.4476026e-03
   6.5095000e+01   2.4447729e-03
   6.5100000e+01   2.4418973e-03
   6.5105000e+01   2.4389769e-03
   6.5110000e+01   2.4360129e-03
   6.5115000e+01   2.4330060e-03
   6.5120000e+01   2.4299558e-03
   6.5125000e+01   2.4268616e-03
   6.5130000e+01   2.4237234e-03
   6.5135000e+01   2.4205422e-03
   6.5140000e+01   2.4173187e-03
   6.5145000e+01   2.4140524e-03
   6.5150000e+01   2.4107421e-03
   6.5155000e+01   2.4073878e-03
   6.5160000e+01   2.4039914e-03
   6.5165000e+01   2.4005557e-03
   6.5170000e+01   2.3970822e-03
   6.5175000e+01   2.3935709e-03
   6.5180000e+01   2.3900205e-03
   6.5185000e+01   2.3864296e-03
   6.5190000e+01   2.3827972e-03
   6.5195000e+01   2.3791232e-03
   6.5200000e+01   2.3754088e-03
   6.5205000e+01   2.3716560e-03
   6.5210000e+01   2.3678660e-03
   6.5215000e+01   2.3640380e-03
   6.5220000e+01   2.3601707e-03
   6.5225000e+01   2.3562636e-03
   6.5230000e+01   2.3523181e-03
   6.5235000e+01   2.3483363e-03
   6.5240000e+01   2.3443192e-03
   6.5245000e+01   2.3402659e-03
   6.5250000e+01   2.3361745e-03
   6.5255000e+01   2.3320435e-03
   6.5260000e+01   2.3278736e-03
   6.5265000e+01   2.3236672e-03
   6.5270000e+01   2.3194281e-03
   6.5275000e+01   2.3151590e-03
   6.5280000e+01   2.3108596e-03
   6.5285000e+01   2.3065269e-03
   6.5290000e+01   2.3021572e-03
   6.5295000e+01   2.2977486e-03
   6.5300000e+01   2.2933023e-03
   6.5305000e+01   2.2888213e-03
   6.5310000e+01   2.2843083e-03
   6.5315000e+01   2.2797631e-03
   6.5320000e+01   2.2751840e-03
   6.5325000e+01   2.2705701e-03
   6.5330000e+01   2.2659236e-03
   6.5335000e+01   2.2612477e-03
   6.5340000e+01   2.2565444e-03
   6.5345000e+01   2.2518128e-03
   6.5350000e+01   2.2470498e-03
   6.5355000e+01   2.2422527e-03
   6.5360000e+01   2.2374202e-03
   6.5365000e+01   2.2325535e-03
   6.5370000e+01   2.2276553e-03
   6.5375000e+01   2.2227292e-03
   6.5380000e+01   2.2177777e-03
   6.5385000e+01   2.2128015e-03
   6.5390000e+01   2.2077986e-03
   6.5395000e+01   2.2027653e-03
   6.5400000e+01   2.1976984e-03
   6.5405000e+01   2.1925975e-03
   6.5410000e+01   2.1874650e-03
   6.5415000e+01   2.1823042e-03
   6.5420000e+01   2.1771182e-03
   6.5425000e+01   2.1719087e-03
   6.5430000e+01   2.1666760e-03
   6.5435000e+01   2.1614186e-03
   6.5440000e+01   2.1561339e-03
   6.5445000e+01   2.1508194e-03
   6.5450000e+01   2.1454742e-03
   6.5455000e+01   2.1401004e-03
   6.5460000e+01   2.1347012e-03
   6.5465000e+01   2.1292797e-03
   6.5470000e+01   2.1238368e-03
   6.5475000e+01   2.1183709e-03
   6.5480000e+01   2.1128796e-03
   6.5485000e+01   2.1073609e-03
   6.5490000e+01   2.1018145e-03
   6.5495000e+01   2.0962425e-03
   6.5500000e+01   2.0906475e-03
   6.5505000e+01   2.0850312e-03
   6.5510000e+01   2.0793940e-03
   6.5515000e+01   2.0737348e-03
   6.5520000e+01   2.0680521e-03
   6.5525000e+01   2.0623450e-03
   6.5530000e+01   2.0566143e-03
   6.5535000e+01   2.0508615e-03
   6.5540000e+01   2.0450884e-03
   6.5545000e+01   2.0392954e-03
   6.5550000e+01   2.0334816e-03
   6.5555000e+01   2.0276454e-03
   6.5560000e+01   2.0217858e-03
   6.5565000e+01   2.0159037e-03
   6.5570000e+01   2.0100013e-03
   6.5575000e+01   2.0040810e-03
   6.5580000e+01   1.9981435e-03
   6.5585000e+01   1.9921875e-03
   6.5590000e+01   1.9862112e-03
   6.5595000e+01   1.9802140e-03
   6.5600000e+01   1.9741967e-03
   6.5605000e+01   1.9681608e-03
   6.5610000e+01   1.9621080e-03
   6.5615000e+01   1.9560390e-03
   6.5620000e+01   1.9499534e-03
   6.5625000e+01   1.9438494e-03
   6.5630000e+01   1.9377252e-03
   6.5635000e+01   1.9315806e-03
   6.5640000e+01   1.9254171e-03
   6.5645000e+01   1.9192373e-03
   6.5650000e+01   1.9130432e-03
   6.5655000e+01   1.9068353e-03
   6.5660000e+01   1.9006129e-03
   6.5665000e+01   1.8943749e-03
   6.5670000e+01   1.8881207e-03
   6.5675000e+01   1.8818503e-03
   6.5680000e+01   1.8755636e-03
   6.5685000e+01   1.8692606e-03
   6.5690000e+01   1.8629417e-03
   6.5695000e+01   1.8566073e-03
   6.5700000e+01   1.8502581e-03
   6.5705000e+01   1.8438949e-03
   6.5710000e+01   1.8375192e-03
   6.5715000e+01   1.8311320e-03
   6.5720000e+01   1.8247339e-03
   6.5725000e+01   1.8183243e-03
   6.5730000e+01   1.8119020e-03
   6.5735000e+01   1.8054656e-03
   6.5740000e+01   1.7990143e-03
   6.5745000e+01   1.7925487e-03
   6.5750000e+01   1.7860704e-03
   6.5755000e+01   1.7795814e-03
   6.5760000e+01   1.7730827e-03
   6.5765000e+01   1.7665735e-03
   6.5770000e+01   1.7600527e-03
   6.5775000e+01   1.7535189e-03
   6.5780000e+01   1.7469717e-03
   6.5785000e+01   1.7404122e-03
   6.5790000e+01   1.7338425e-03
   6.5795000e+01   1.7272652e-03
   6.5800000e+01   1.7206817e-03
   6.5805000e+01   1.7140915e-03
   6.5810000e+01   1.7074926e-03
   6.5815000e+01   1.7008826e-03
   6.5820000e+01   1.6942605e-03
   6.5825000e+01   1.6876271e-03
   6.5830000e+01   1.6809844e-03
   6.5835000e+01   1.6743337e-03
   6.5840000e+01   1.6676751e-03
   6.5845000e+01   1.6610081e-03
   6.5850000e+01   1.6543326e-03
   6.5855000e+01   1.6476496e-03
   6.5860000e+01   1.6409608e-03
   6.5865000e+01   1.6342671e-03
   6.5870000e+01   1.6275680e-03
   6.5875000e+01   1.6208626e-03
   6.5880000e+01   1.6141497e-03
   6.5885000e+01   1.6074293e-03
   6.5890000e+01   1.6007022e-03
   6.5895000e+01   1.5939692e-03
   6.5900000e+01   1.5872297e-03
   6.5905000e+01   1.5804826e-03
   6.5910000e+01   1.5737277e-03
   6.5915000e+01   1.5669664e-03
   6.5920000e+01   1.5602015e-03
   6.5925000e+01   1.5534348e-03
   6.5930000e+01   1.5466666e-03
   6.5935000e+01   1.5398957e-03
   6.5940000e+01   1.5331207e-03
   6.5945000e+01   1.5263406e-03
   6.5950000e+01   1.5195549e-03
   6.5955000e+01   1.5127637e-03
   6.5960000e+01   1.5059674e-03
   6.5965000e+01   1.4991669e-03
   6.5970000e+01   1.4923637e-03
   6.5975000e+01   1.4855592e-03
   6.5980000e+01   1.4787539e-03
   6.5985000e+01   1.4719470e-03
   6.5990000e+01   1.4651376e-03
   6.5995000e+01   1.4583256e-03
   6.6000000e+01   1.4515118e-03
   6.6005000e+01   1.4446960e-03
   6.6010000e+01   1.4378773e-03
   6.6015000e+01   1.4310549e-03
   6.6020000e+01   1.4242295e-03
   6.6025000e+01   1.4174037e-03
   6.6030000e+01   1.4105795e-03
   6.6035000e+01   1.4037573e-03
   6.6040000e+01   1.3969361e-03
   6.6045000e+01   1.3901142e-03
   6.6050000e+01   1.3832908e-03
   6.6055000e+01   1.3764663e-03
   6.6060000e+01   1.3696419e-03
   6.6065000e+01   1.3628182e-03
   6.6070000e+01   1.3559950e-03
   6.6075000e+01   1.3491717e-03
   6.6080000e+01   1.3423484e-03
   6.6085000e+01   1.3355258e-03
   6.6090000e+01   1.3287048e-03
   6.6095000e+01   1.3218858e-03
   6.6100000e+01   1.3150693e-03
   6.6105000e+01   1.3082553e-03
   6.6110000e+01   1.3014430e-03
   6.6115000e+01   1.2946324e-03
   6.6120000e+01   1.2878234e-03
   6.6125000e+01   1.2810169e-03
   6.6130000e+01   1.2742132e-03
   6.6135000e+01   1.2674126e-03
   6.6140000e+01   1.2606149e-03
   6.6145000e+01   1.2538199e-03
   6.6150000e+01   1.2470273e-03
   6.6155000e+01   1.2402373e-03
   6.6160000e+01   1.2334505e-03
   6.6165000e+01   1.2266678e-03
   6.6170000e+01   1.2198901e-03
   6.6175000e+01   1.2131175e-03
   6.6180000e+01   1.2063494e-03
   6.6185000e+01   1.1995856e-03
   6.6190000e+01   1.1928261e-03
   6.6195000e+01   1.1860711e-03
   6.6200000e+01   1.1793211e-03
   6.6205000e+01   1.1725765e-03
   6.6210000e+01   1.1658370e-03
   6.6215000e+01   1.1591023e-03
   6.6220000e+01   1.1523724e-03
   6.6225000e+01   1.1456473e-03
   6.6230000e+01   1.1389275e-03
   6.6235000e+01   1.1322132e-03
   6.6240000e+01   1.1255046e-03
   6.6245000e+01   1.1188023e-03
   6.6250000e+01   1.1121070e-03
   6.6255000e+01   1.1054194e-03
   6.6260000e+01   1.0987396e-03
   6.6265000e+01   1.0920667e-03
   6.6270000e+01   1.0853998e-03
   6.6275000e+01   1.0787386e-03
   6.6280000e+01   1.0720838e-03
   6.6285000e+01   1.0654365e-03
   6.6290000e+01   1.0587973e-03
   6.6295000e+01   1.0521660e-03
   6.6300000e+01   1.0455422e-03
   6.6305000e+01   1.0389262e-03
   6.6310000e+01   1.0323188e-03
   6.6315000e+01   1.0257205e-03
   6.6320000e+01   1.0191311e-03
   6.6325000e+01   1.0125495e-03
   6.6330000e+01   1.0059749e-03
   6.6335000e+01   9.9940751e-04
   6.6340000e+01   9.9284831e-04
   6.6345000e+01   9.8629878e-04
   6.6350000e+01   9.7975978e-04
   6.6355000e+01   9.7323115e-04
   6.6360000e+01   9.6671208e-04
   6.6365000e+01   9.6020199e-04
   6.6370000e+01   9.5370096e-04
   6.6375000e+01   9.4720936e-04
   6.6380000e+01   9.4072726e-04
   6.6385000e+01   9.3425447e-04
   6.6390000e+01   9.2779111e-04
   6.6395000e+01   9.2133805e-04
   6.6400000e+01   9.1489659e-04
   6.6405000e+01   9.0846755e-04
   6.6410000e+01   9.0205051e-04
   6.6415000e+01   8.9564431e-04
   6.6420000e+01   8.8924787e-04
   6.6425000e+01   8.8286074e-04
   6.6430000e+01   8.7648301e-04
   6.6435000e+01   8.7011529e-04
   6.6440000e+01   8.6375858e-04
   6.6445000e+01   8.5741414e-04
   6.6450000e+01   8.5108309e-04
   6.6455000e+01   8.4476565e-04
   6.6460000e+01   8.3846086e-04
   6.6465000e+01   8.3216723e-04
   6.6470000e+01   8.2588407e-04
   6.6475000e+01   8.1961184e-04
   6.6480000e+01   8.1335141e-04
   6.6485000e+01   8.0710331e-04
   6.6490000e+01   8.0086761e-04
   6.6495000e+01   7.9464422e-04
   6.6500000e+01   7.8843312e-04
   6.6505000e+01   7.8223455e-04
   6.6510000e+01   7.7604907e-04
   6.6515000e+01   7.6987746e-04
   6.6520000e+01   7.6372027e-04
   6.6525000e+01   7.5757749e-04
   6.6530000e+01   7.5144869e-04
   6.6535000e+01   7.4533318e-04
   6.6540000e+01   7.3923024e-04
   6.6545000e+01   7.3313945e-04
   6.6550000e+01   7.2706095e-04
   6.6555000e+01   7.2099512e-04
   6.6560000e+01   7.1494241e-04
   6.6565000e+01   7.0890373e-04
   6.6570000e+01   7.0288037e-04
   6.6575000e+01   6.9687337e-04
   6.6580000e+01   6.9088261e-04
   6.6585000e+01   6.8490675e-04
   6.6590000e+01   6.7894415e-04
   6.6595000e+01   6.7299385e-04
   6.6600000e+01   6.6705643e-04
   6.6605000e+01   6.6113375e-04
   6.6610000e+01   6.5522752e-04
   6.6615000e+01   6.4933809e-04
   6.6620000e+01   6.4346438e-04
   6.6625000e+01   6.3760485e-04
   6.6630000e+01   6.3175830e-04
   6.6635000e+01   6.2592442e-04
   6.6640000e+01   6.2010429e-04
   6.6645000e+01   6.1430026e-04
   6.6650000e+01   6.0851465e-04
   6.6655000e+01   6.0274811e-04
   6.6660000e+01   5.9699921e-04
   6.6665000e+01   5.9126578e-04
   6.6670000e+01   5.8554630e-04
   6.6675000e+01   5.7984065e-04
   6.6680000e+01   5.7414985e-04
   6.6685000e+01   5.6847522e-04
   6.6690000e+01   5.6281738e-04
   6.6695000e+01   5.5717601e-04
   6.6700000e+01   5.5155046e-04
   6.6705000e+01   5.4594056e-04
   6.6710000e+01   5.4034695e-04
   6.6715000e+01   5.3477074e-04
   6.6720000e+01   5.2921294e-04
   6.6725000e+01   5.2367378e-04
   6.6730000e+01   5.1815245e-04
   6.6735000e+01   5.1264726e-04
   6.6740000e+01   5.0715628e-04
   6.6745000e+01   5.0167837e-04
   6.6750000e+01   4.9621451e-04
   6.6755000e+01   4.9076770e-04
   6.6760000e+01   4.8534098e-04
   6.6765000e+01   4.7993527e-04
   6.6770000e+01   4.7454911e-04
   6.6775000e+01   4.6918030e-04
   6.6780000e+01   4.6382745e-04
   6.6785000e+01   4.5849056e-04
   6.6790000e+01   4.5317065e-04
   6.6795000e+01   4.4786888e-04
   6.6800000e+01   4.4258583e-04
   6.6805000e+01   4.3732116e-04
   6.6810000e+01   4.3207390e-04
   6.6815000e+01   4.2684288e-04
   6.6820000e+01   4.2162769e-04
   6.6825000e+01   4.1642938e-04
   6.6830000e+01   4.1125010e-04
   6.6835000e+01   4.0609157e-04
   6.6840000e+01   4.0095361e-04
   6.6845000e+01   3.9583457e-04
   6.6850000e+01   3.9073285e-04
   6.6855000e+01   3.8564795e-04
   6.6860000e+01   3.8058055e-04
   6.6865000e+01   3.7553169e-04
   6.6870000e+01   3.7050197e-04
   6.6875000e+01   3.6549129e-04
   6.6880000e+01   3.6049925e-04
   6.6885000e+01   3.5552537e-04
   6.6890000e+01   3.5056922e-04
   6.6895000e+01   3.4563063e-04
   6.6900000e+01   3.4070994e-04
   6.6905000e+01   3.3580785e-04
   6.6910000e+01   3.3092518e-04
   6.6915000e+01   3.2606264e-04
   6.6920000e+01   3.2122042e-04
   6.6925000e+01   3.1639817e-04
   6.6930000e+01   3.1159515e-04
   6.6935000e+01   3.0681071e-04
   6.6940000e+01   3.0204471e-04
   6.6945000e+01   2.9729756e-04
   6.6950000e+01   2.9256983e-04
   6.6955000e+01   2.8786190e-04
   6.6960000e+01   2.8317370e-04
   6.6965000e+01   2.7850461e-04
   6.6970000e+01   2.7385405e-04
   6.6975000e+01   2.6922191e-04
   6.6980000e+01   2.6460848e-04
   6.6985000e+01   2.6001424e-04
   6.6990000e+01   2.5543971e-04
   6.6995000e+01   2.5088516e-04
   6.7000000e+01   2.4635096e-04
   6.7005000e+01   2.4183746e-04
   6.7010000e+01   2.3734441e-04
   6.7015000e+01   2.3287077e-04
   6.7020000e+01   2.2841562e-04
   6.7025000e+01   2.2397919e-04
   6.7030000e+01   2.1956262e-04
   6.7035000e+01   2.1516665e-04
   6.7040000e+01   2.1079115e-04
   6.7045000e+01   2.0643563e-04
   6.7050000e+01   2.0209971e-04
   6.7055000e+01   1.9778310e-04
   6.7060000e+01   1.9348575e-04
   6.7065000e+01   1.8920807e-04
   6.7070000e+01   1.8495094e-04
   6.7075000e+01   1.8071529e-04
   6.7080000e+01   1.7650145e-04
   6.7085000e+01   1.7230878e-04
   6.7090000e+01   1.6813593e-04
   6.7095000e+01   1.6398173e-04
   6.7100000e+01   1.5984588e-04
   6.7105000e+01   1.5572888e-04
   6.7110000e+01   1.5163154e-04
   6.7115000e+01   1.4755463e-04
   6.7120000e+01   1.4349851e-04
   6.7125000e+01   1.3946323e-04
   6.7130000e+01   1.3544892e-04
   6.7135000e+01   1.3145577e-04
   6.7140000e+01   1.2748357e-04
   6.7145000e+01   1.2353161e-04
   6.7150000e+01   1.1959906e-04
   6.7155000e+01   1.1568549e-04
   6.7160000e+01   1.1179135e-04
   6.7165000e+01   1.0791784e-04
   6.7170000e+01   1.0406597e-04
   6.7175000e+01   1.0023589e-04
   6.7180000e+01   9.6427148e-05
   6.7185000e+01   9.2639201e-05
   6.7190000e+01   8.8871692e-05
   6.7195000e+01   8.5124229e-05
   6.7200000e+01   8.1396127e-05
   6.7205000e+01   7.7686744e-05
   6.7210000e+01   7.3996300e-05
   6.7215000e+01   7.0326107e-05
   6.7220000e+01   6.6677590e-05
   6.7225000e+01   6.3051145e-05
   6.7230000e+01   5.9446207e-05
   6.7235000e+01   5.5862003e-05
   6.7240000e+01   5.2297839e-05
   6.7245000e+01   4.8753214e-05
   6.7250000e+01   4.5228200e-05
   6.7255000e+01   4.1723497e-05
   6.7260000e+01   3.8239933e-05
   6.7265000e+01   3.4777839e-05
   6.7270000e+01   3.1336729e-05
   6.7275000e+01   2.7915628e-05
   6.7280000e+01   2.4514019e-05
   6.7285000e+01   2.1132558e-05
   6.7290000e+01   1.7772748e-05
   6.7295000e+01   1.4435555e-05
   6.7300000e+01   1.1120140e-05
   6.7305000e+01   7.8243531e-06
   6.7310000e+01   4.5467596e-06
   6.7315000e+01   1.2879535e-06
   6.7320000e+01  -1.9501425e-06
   6.7325000e+01  -5.1659731e-06
   6.7330000e+01  -8.3595187e-06
   6.7335000e+01  -1.1532101e-05
   6.7340000e+01  -1.4685155e-05
   6.7345000e+01  -1.7819296e-05
   6.7350000e+01  -2.0934267e-05
   6.7355000e+01  -2.4029289e-05
   6.7360000e+01  -2.7103442e-05
   6.7365000e+01  -3.0155927e-05
   6.7370000e+01  -3.3186144e-05
   6.7375000e+01  -3.6193993e-05
   6.7380000e+01  -3.9180329e-05
   6.7385000e+01  -4.2146813e-05
   6.7390000e+01  -4.5095115e-05
   6.7395000e+01  -4.8026101e-05
   6.7400000e+01  -5.0939316e-05
   6.7405000e+01  -5.3832797e-05
   6.7410000e+01  -5.6703744e-05
   6.7415000e+01  -5.9550282e-05
   6.7420000e+01  -6.2372975e-05
   6.7425000e+01  -6.5174424e-05
   6.7430000e+01  -6.7957389e-05
   6.7435000e+01  -7.0723339e-05
   6.7440000e+01  -7.3472254e-05
   6.7445000e+01  -7.6202945e-05
   6.7450000e+01  -7.8913291e-05
   6.7455000e+01  -8.1600840e-05
   6.7460000e+01  -8.4264275e-05
   6.7465000e+01  -8.6904538e-05
   6.7470000e+01  -8.9524101e-05
   6.7475000e+01  -9.2125148e-05
   6.7480000e+01  -9.4708521e-05
   6.7485000e+01  -9.7273735e-05
   6.7490000e+01  -9.9819646e-05
   6.7495000e+01  -1.0234545e-04
   6.7500000e+01  -1.0485102e-04
   6.7505000e+01  -1.0733628e-04
   6.7510000e+01  -1.0980068e-04
   6.7515000e+01  -1.1224376e-04
   6.7520000e+01  -1.1466578e-04
   6.7525000e+01  -1.1706764e-04
   6.7530000e+01  -1.1945035e-04
   6.7535000e+01  -1.2181439e-04
   6.7540000e+01  -1.2415934e-04
   6.7545000e+01  -1.2648428e-04
   6.7550000e+01  -1.2878870e-04
   6.7555000e+01  -1.3107283e-04
   6.7560000e+01  -1.3333712e-04
   6.7565000e+01  -1.3558181e-04
   6.7570000e+01  -1.3780709e-04
   6.7575000e+01  -1.4001335e-04
   6.7580000e+01  -1.4220067e-04
   6.7585000e+01  -1.4436828e-04
   6.7590000e+01  -1.4651484e-04
   6.7595000e+01  -1.4863971e-04
   6.7600000e+01  -1.5074388e-04
   6.7605000e+01  -1.5282933e-04
   6.7610000e+01  -1.5489743e-04
   6.7615000e+01  -1.5694795e-04
   6.7620000e+01  -1.5897954e-04
   6.7625000e+01  -1.6099079e-04
   6.7630000e+01  -1.6298100e-04
   6.7635000e+01  -1.6495051e-04
   6.7640000e+01  -1.6690042e-04
   6.7645000e+01  -1.6883177e-04
   6.7650000e+01  -1.7074504e-04
   6.7655000e+01  -1.7264001e-04
   6.7660000e+01  -1.7451611e-04
   6.7665000e+01  -1.7637281e-04
   6.7670000e+01  -1.7820982e-04
   6.7675000e+01  -1.8002725e-04
   6.7680000e+01  -1.8182559e-04
   6.7685000e+01  -1.8360533e-04
   6.7690000e+01  -1.8536653e-04
   6.7695000e+01  -1.8710888e-04
   6.7700000e+01  -1.8883207e-04
   6.7705000e+01  -1.9053588e-04
   6.7710000e+01  -1.9222022e-04
   6.7715000e+01  -1.9388525e-04
   6.7720000e+01  -1.9553173e-04
   6.7725000e+01  -1.9716045e-04
   6.7730000e+01  -1.9877150e-04
   6.7735000e+01  -2.0036437e-04
   6.7740000e+01  -2.0193856e-04
   6.7745000e+01  -2.0349348e-04
   6.7750000e+01  -2.0502850e-04
   6.7755000e+01  -2.0654389e-04
   6.7760000e+01  -2.0804100e-04
   6.7765000e+01  -2.0952119e-04
   6.7770000e+01  -2.1098483e-04
   6.7775000e+01  -2.1243106e-04
   6.7780000e+01  -2.1385836e-04
   6.7785000e+01  -2.1526571e-04
   6.7790000e+01  -2.1665332e-04
   6.7795000e+01  -2.1802239e-04
   6.7800000e+01  -2.1937423e-04
   6.7805000e+01  -2.2070950e-04
   6.7810000e+01  -2.2202826e-04
   6.7815000e+01  -2.2333032e-04
   6.7820000e+01  -2.2461496e-04
   6.7825000e+01  -2.2588079e-04
   6.7830000e+01  -2.2712650e-04
   6.7835000e+01  -2.2835180e-04
   6.7840000e+01  -2.2955759e-04
   6.7845000e+01  -2.3074546e-04
   6.7850000e+01  -2.3191695e-04
   6.7855000e+01  -2.3307302e-04
   6.7860000e+01  -2.3421390e-04
   6.7865000e+01  -2.3533895e-04
   6.7870000e+01  -2.3644701e-04
   6.7875000e+01  -2.3753721e-04
   6.7880000e+01  -2.3860954e-04
   6.7885000e+01  -2.3966422e-04
   6.7890000e+01  -2.4070082e-04
   6.7895000e+01  -2.4171842e-04
   6.7900000e+01  -2.4271650e-04
   6.7905000e+01  -2.4369579e-04
   6.7910000e+01  -2.4465820e-04
   6.7915000e+01  -2.4560577e-04
   6.7920000e+01  -2.4653939e-04
   6.7925000e+01  -2.4745837e-04
   6.7930000e+01  -2.4836092e-04
   6.7935000e+01  -2.4924542e-04
   6.7940000e+01  -2.5011142e-04
   6.7945000e+01  -2.5095973e-04
   6.7950000e+01  -2.5179151e-04
   6.7955000e+01  -2.5260739e-04
   6.7960000e+01  -2.5340729e-04
   6.7965000e+01  -2.5419076e-04
   6.7970000e+01  -2.5495746e-04
   6.7975000e+01  -2.5570729e-04
   6.7980000e+01  -2.5644052e-04
