   0.0000000e+00  -2.0898430e-03
   1.0000000e-02  -4.6971294e-03
   2.0000000e-02  -6.6983006e-03
   3.0000000e-02  -5.3121227e-02
   4.0000000e-02  -1.5679730e-01
   5.0000000e-02  -1.2095263e-01
   6.0000000e-02   1.8068337e-01
   7.0000000e-02   3.7356467e-01
   8.0000000e-02   1.2669124e-01
   9.0000000e-02  -1.6841297e-01
   1.0000000e-01  -1.3891792e-01
   1.1000000e-01  -7.2047925e-02
   1.2000000e-01  -7.8052722e-02
   1.3000000e-01   8.3311880e-02
   1.4000000e-01   1.7517862e-01
   1.5000000e-01  -2.5403964e-02
   1.6000000e-01  -9.9051548e-02
   1.7000000e-01   6.1020135e-02
   1.8000000e-01   4.2539890e-02
   1.9000000e-01  -7.3617084e-02
   2.0000000e-01   1.2010907e-02
   2.1000000e-01   8.9456784e-02
   2.2000000e-01   1.3738556e-02
   2.3000000e-01   2.1699549e-02
   2.4000000e-01   1.1884884e-01
   2.5000000e-01   9.8883761e-02
   2.6000000e-01   3.9754831e-02
   2.7000000e-01   7.9425208e-02
   2.8000000e-01   5.8727322e-02
   2.9000000e-01  -1.0044184e-01
   3.0000000e-01  -1.2404370e-01
   3.1000000e-01   5.1547771e-02
   3.2000000e-01   6.6198589e-02
   3.3000000e-01  -9.2006755e-02
   3.4000000e-01  -2.3012016e-02
   3.5000000e-01   1.5726033e-01
   3.6000000e-01   5.6995019e-02
   3.7000000e-01  -8.3632586e-02
   3.8000000e-01   4.0769730e-03
   3.9000000e-01  -2.7695836e-03
   4.0000000e-01  -1.5824642e-01
   4.1000000e-01  -1.1721150e-01
   4.2000000e-01   5.4086638e-03
   4.3000000e-01  -1.1576772e-02
   4.4000000e-01   5.4523378e-02
   4.5000000e-01   2.0416326e-01
   4.6000000e-01   1.2584257e-01
   4.7000000e-01  -5.9143654e-02
   4.8000000e-01  -4.3625350e-02
   4.9000000e-01   6.5921650e-02
   5.0000000e-01   7.1583353e-02
   5.1000000e-01   3.9019371e-02
   5.2000000e-01   2.8205010e-02
   5.3000000e-01  -5.8924733e-02
   5.4000000e-01  -1.3558781e-01
   5.5000000e-01   4.1144523e-02
   5.6000000e-01   2.3679115e-01
   5.7000000e-01   3.1491952e-02
   5.8000000e-01  -2.2144520e-01
   5.9000000e-01  -4.7166680e-02
   6.0000000e-01   1.3260351e-01
   6.1000000e-01  -2.3913104e-02
   6.2000000e-01  -1.1758215e-01
   6.3000000e-01  -7.4087573e-02
   6.4000000e-01  -1.5596659e-01
   6.5000000e-01  -1.0599192e-01
   6.6000000e-01   1.9559005e-01
   6.7000000e-01   2.4519516e-01
   6.8000000e-01  -2.0676693e-02
   6.9000000e-01  -1.2432195e-01
   7.0000000e-01  -6.0291415e-02
   7.1000000e-01  -6.8823478e-02
   7.2000000e-01  -2.9164931e-02
   7.3000000e-01   1.0851564e-01
   7.4000000e-01   1.3153123e-01
   7.5000000e-01   2.5524146e-02
   7.6000000e-01  -3.0210916e-02
   7.7000000e-01  -3.0229680e-02
   7.8000000e-01  -6.5942914e-02
   7.9000000e-01  -2.6897649e-02
   8.0000000e-01   1.5640313e-01
   8.1000000e-01   1.8349526e-01
   8.2000000e-01  -8.1030308e-02
   8.3000000e-01  -2.2552031e-01
   8.4000000e-01  -6.5475330e-02
   8.5000000e-01   7.3773518e-02
   8.6000000e-01   1.2639700e-01
   8.7000000e-01   1.8114426e-01
   8.8000000e-01   1.1918990e-02
   8.9000000e-01  -2.5229002e-01
   9.0000000e-01  -1.2620279e-01
   9.1000000e-01   1.5194629e-01
   9.2000000e-01   5.7962437e-02
   9.3000000e-01  -1.2575447e-01
   9.4000000e-01  -2.0827665e-02
   9.5000000e-01   8.2792142e-02
   9.6000000e-01  -1.8283051e-02
   9.7000000e-01  -9.0318662e-02
   9.8000000e-01  -6.6170296e-02
   9.9000000e-01  -7.9260869e-02
   1.0000000e+00  -4.9194231e-02
   1.0100000e+00   1.2093776e-01
   1.0200000e+00   1.8999208e-01
   1.0300000e+00  -9.2964491e-03
   1.0400000e+00  -1.4682827e-01
   1.0500000e+00  -2.6613402e-02
   1.0600000e+00  -5.8114418e-03
   1.0700000e+00  -1.5247514e-01
   1.0800000e+00  -6.7374696e-02
   1.0900000e+00   1.5110972e-01
   1.1000000e+00   1.1201737e-01
   1.1100000e+00  -6.3731340e-03
   1.1200000e+00   2.7631093e-02
   1.1300000e+00   2.8471962e-02
   1.1400000e+00   7.3752593e-03
   1.1500000e+00   8.9917613e-02
   1.1600000e+00   5.1388229e-02
   1.1700000e+00  -1.2907849e-01
   1.1800000e+00  -1.0439330e-01
   1.1900000e+00   5.8153051e-02
   1.2000000e+00   8.5836240e-03
   1.2100000e+00  -1.0997908e-01
   1.2200000e+00  -1.2597425e-02
   1.2300000e+00   7.7862943e-02
   1.2400000e+00  -5.2397668e-02
   1.2500000e+00  -8.7959015e-02
   1.2600000e+00   1.0374333e-01
   1.2700000e+00   7.0566071e-02
   1.2800000e+00  -2.2681307e-01
   1.2900000e+00  -1.9229037e-01
   1.3000000e+00   1.3699084e-01
   1.3100000e+00   1.3820631e-01
   1.3200000e+00  -9.1275191e-02
   1.3300000e+00  -9.1011747e-02
   1.3400000e+00  -1.9906725e-02
   1.3500000e+00  -4.1834172e-02
   1.3600000e+00   4.0684430e-02
   1.3700000e+00   8.7930503e-02
   1.3800000e+00  -4.1695577e-02
   1.3900000e+00   9.1655262e-03
   1.4000000e+00   2.1021220e-01
   1.4100000e+00   8.7003559e-02
   1.4200000e+00  -1.6839608e-01
   1.4300000e+00  -8.5271073e-02
   1.4400000e+00   1.2378098e-01
   1.4500000e+00   1.2538035e-01
   1.4600000e+00   2.5389212e-02
   1.4700000e+00  -5.7530499e-02
   1.4800000e+00  -1.0683897e-01
   1.4900000e+00  -3.2053614e-02
   1.5000000e+00   1.2906372e-01
   1.5100000e+00   1.3557534e-01
   1.5200000e+00  -9.9399775e-02
   1.5300000e+00  -2.7724883e-01
   1.5400000e+00  -1.5963204e-01
   1.5500000e+00  -1.3240696e-02
   1.5600000e+00  -1.8814417e-02
   1.5700000e+00   1.0158191e-01
   1.5800000e+00   2.4265772e-01
   1.5900000e+00   1.3902595e-03
   1.6000000e+00  -2.6617463e-01
   1.6100000e+00  -1.1428118e-01
   1.6200000e+00   3.2447694e-02
   1.6300000e+00  -9.6986591e-02
   1.6400000e+00  -1.1315424e-01
   1.6500000e+00   4.0275105e-02
   1.6600000e+00   9.4280194e-02
   1.6700000e+00   1.1476811e-01
   1.6800000e+00   1.5845859e-01
   1.6900000e+00   3.0303145e-02
   1.7000000e+00  -1.7648391e-01
   1.7100000e+00  -1.1047326e-01
   1.7200000e+00   1.4141446e-01
   1.7300000e+00   1.5513629e-01
   1.7400000e+00  -2.1933440e-02
   1.7500000e+00  -1.7269162e-03
   1.7600000e+00   1.1880946e-01
   1.7700000e+00   2.6324636e-02
   1.7800000e+00  -1.0394930e-01
   1.7900000e+00  -1.0175316e-01
   1.8000000e+00  -1.5859190e-01
   1.8100000e+00  -1.3643878e-01
   1.8200000e+00   1.7841609e-01
   1.8300000e+00   3.1495223e-01
   1.8400000e+00   6.1387794e-03
   1.8500000e+00  -1.8153671e-01
   1.8600000e+00  -4.7135525e-02
   1.8700000e+00  -4.4826689e-02
   1.8800000e+00  -1.8189687e-01
   1.8900000e+00  -1.3517820e-01
   1.9000000e+00  -1.3463055e-03
   1.9100000e+00   5.6533749e-02
   1.9200000e+00   9.7166226e-02
   1.9300000e+00   5.2750455e-02
   1.9400000e+00  -1.0606186e-01
   1.9500000e+00  -1.2158600e-01
   1.9600000e+00   7.1069375e-02
   1.9700000e+00   1.3278150e-01
   1.9800000e+00  -5.7453073e-02
   1.9900000e+00  -1.3472547e-01
   2.0000000e+00   5.3375262e-02
   2.0100000e+00   1.2063090e-01
   2.0200000e+00  -5.9705649e-02
   2.0300000e+00  -1.2019565e-01
   2.0400000e+00  -4.0820577e-02
   2.0500000e+00  -5.5380314e-02
   2.0600000e+00   3.7015776e-02
   2.0700000e+00   2.8297869e-01
   2.0800000e+00   2.2087868e-01
   2.0900000e+00  -1.1572112e-01
   2.1000000e+00  -2.0183936e-01
   2.1100000e+00  -6.9885861e-02
   2.1200000e+00  -2.3986974e-02
   2.1300000e+00   3.9181389e-02
   2.1400000e+00   1.4251971e-01
   2.1500000e+00   7.4981876e-02
   2.1600000e+00  -5.1737089e-02
   2.1700000e+00  -4.9447401e-02
   2.1800000e+00  -8.1034271e-02
   2.1900000e+00  -2.0059536e-01
   2.2000000e+00  -1.4645855e-01
   2.2100000e+00   7.7323807e-02
   2.2200000e+00   1.1365752e-01
   2.2300000e+00  -7.0046344e-02
   2.2400000e+00  -1.0168846e-01
   2.2500000e+00   3.5875286e-02
   2.2600000e+00   1.3222485e-03
   2.2700000e+00  -1.0809826e-01
   2.2800000e+00  -1.0726971e-02
   2.2900000e+00   7.6147716e-02
   2.3000000e+00   1.4982343e-02
   2.3100000e+00   6.9488519e-02
   2.3200000e+00   1.2910756e-01
   2.3300000e+00  -5.4412020e-02
   2.3400000e+00  -1.3650497e-01
   2.3500000e+00   5.5571820e-02
   2.3600000e+00   8.6608379e-02
   2.3700000e+00  -6.7664809e-02
   2.3800000e+00  -1.0805340e-02
   2.3900000e+00   1.1369124e-01
   2.4000000e+00  -1.8254293e-02
   2.4100000e+00  -1.6188434e-01
   2.4200000e+00  -4.0724648e-02
   2.4300000e+00   1.1507996e-01
   2.4400000e+00   8.0800795e-02
   2.4500000e+00   6.8351135e-04
   2.4600000e+00  -1.6561356e-02
   2.4700000e+00  -8.8820545e-02
   2.4800000e+00  -1.8927083e-01
   2.4900000e+00  -1.4453883e-01
   2.5000000e+00  -3.0588138e-02
   2.5100000e+00   2.8236650e-02
   2.5200000e+00   1.3898145e-01
   2.5300000e+00   1.9682152e-01
   2.5400000e+00  -5.2647953e-02
   2.5500000e+00  -3.0362562e-01
   2.5600000e+00  -1.3884396e-01
   2.5700000e+00   1.3443143e-01
   2.5800000e+00   1.2931854e-01
   2.5900000e+00   2.2970172e-02
   2.6000000e+00  -3.4636737e-02
   2.6100000e+00  -7.6733759e-02
   2.6200000e+00   2.8236583e-02
   2.6300000e+00   1.8416877e-01
   2.6400000e+00   7.2921586e-02
   2.6500000e+00  -1.3244749e-01
   2.6600000e+00  -8.0519459e-02
   2.6700000e+00   7.1826036e-02
   2.6800000e+00   7.0113313e-02
   2.6900000e+00   1.4360421e-02
   2.7000000e+00   1.9839957e-02
   2.7100000e+00  -9.9074469e-03
   2.7200000e+00  -8.2731783e-02
   2.7300000e+00  -9.8051454e-03
   2.7400000e+00   1.6446026e-01
   2.7500000e+00   1.2167739e-01
   2.7600000e+00  -6.3294372e-02
   2.7700000e+00  -4.6128208e-02
   2.7800000e+00  -1.9681568e-02
   2.7900000e+00  -2.2387720e-01
   2.8000000e+00  -2.2491097e-01
   2.8100000e+00   1.3747622e-01
   2.8200000e+00   2.7562801e-01
   2.8300000e+00   1.9136669e-02
   2.8400000e+00  -1.8996678e-01
   2.8500000e+00  -1.8672844e-01
   2.8600000e+00  -6.4105741e-02
   2.8700000e+00   8.8924845e-02
   2.8800000e+00   7.7020014e-02
   2.8900000e+00  -8.3238700e-02
   2.9000000e+00  -9.5809773e-02
   2.9100000e+00   2.3042203e-02
   2.9200000e+00   1.8118436e-02
   2.9300000e+00  -4.2987707e-02
   2.9400000e+00   1.6185944e-02
   2.9500000e+00   6.4309565e-02
   2.9600000e+00  -5.3021130e-02
   2.9700000e+00  -1.2210108e-01
   2.9800000e+00   6.8714697e-02
   2.9900000e+00   1.9453176e-01
   3.0000000e+00  -6.6137840e-03
   3.0100000e+00  -7.0602221e-02
   3.0200000e+00   2.2289292e-01
   3.0300000e+00   2.5211277e-01
   3.0400000e+00  -1.3752431e-01
   3.0500000e+00  -2.7709900e-01
   3.0600000e+00  -2.0121153e-02
   3.0700000e+00   1.7254488e-01
   3.0800000e+00   1.5640151e-01
   3.0900000e+00  -6.1601819e-03
   3.1000000e+00  -2.2988021e-01
   3.1100000e+00  -1.9657404e-01
   3.1200000e+00   1.3919989e-01
   3.1300000e+00   3.0730532e-01
   3.1400000e+00   1.2073205e-01
   3.1500000e+00  -8.7736751e-02
   3.1600000e+00  -1.3887991e-01
   3.1700000e+00  -1.9258718e-01
   3.1800000e+00  -2.6758036e-01
   3.1900000e+00  -1.5054363e-01
   3.2000000e+00   8.0823054e-02
   3.2100000e+00   9.4683063e-02
   3.2200000e+00   1.1261410e-02
   3.2300000e+00   1.2597916e-01
   3.2400000e+00   1.5645214e-01
   3.2500000e+00  -1.0020147e-01
   3.2600000e+00  -2.0142421e-01
   3.2700000e+00  -2.3798385e-02
   3.2800000e+00   3.9447464e-02
   3.2900000e+00   2.7012978e-02
   3.3000000e+00   1.2459994e-01
   3.3100000e+00   8.4986653e-02
   3.3200000e+00  -4.2050591e-02
   3.3300000e+00   9.9768521e-02
   3.3400000e+00   2.1940271e-01
   3.3500000e+00  -6.8193916e-02
   3.3600000e+00  -2.9675972e-01
   3.3700000e+00  -5.8049972e-02
   3.3800000e+00   1.8355916e-01
   3.3900000e+00   6.1258638e-02
   3.4000000e+00  -7.2557216e-02
   3.4100000e+00   3.2994196e-03
   3.4200000e+00  -1.6223128e-03
   3.4300000e+00  -1.3733251e-01
   3.4400000e+00  -1.0055489e-01
   3.4500000e+00   4.2646494e-02
   3.4600000e+00   2.0893097e-02
   3.4700000e+00  -3.0366304e-03
   3.4800000e+00   9.8892980e-02
   3.4900000e+00   2.4856152e-02
   3.5000000e+00  -1.8130530e-01
   3.5100000e+00  -1.3248370e-01
   3.5200000e+00   5.5853860e-03
   3.5300000e+00  -4.8619697e-02
   3.5400000e+00  -5.1821664e-02
   3.5500000e+00   3.4825688e-02
   3.5600000e+00  -1.7633806e-02
   3.5700000e+00   2.4161924e-02
   3.5800000e+00   2.6367164e-01
   3.5900000e+00   2.2060923e-01
   3.6000000e+00  -1.0886845e-01
   3.6100000e+00  -1.4878280e-01
   3.6200000e+00   8.1785439e-02
   3.6300000e+00   8.9401626e-02
   3.6400000e+00  -1.0017933e-01
   3.6500000e+00  -1.1872514e-01
   3.6600000e+00   3.0324149e-02
   3.6700000e+00   1.1195946e-01
   3.6800000e+00   1.1977634e-01
   3.6900000e+00   1.1828403e-01
   3.7000000e+00   8.2392479e-03
   3.7100000e+00  -1.3738376e-01
   3.7200000e+00  -6.4200424e-02
   3.7300000e+00   9.0041661e-02
   3.7400000e+00   3.4719082e-02
   3.7500000e+00  -2.7305189e-02
   3.7600000e+00   6.5157871e-02
   3.7700000e+00  -7.7196598e-03
   3.7800000e+00  -2.2621610e-01
   3.7900000e+00  -1.9622609e-01
   3.8000000e+00  -5.3992646e-02
   3.8100000e+00  -7.0876335e-02
   3.8200000e+00   1.6995164e-02
   3.8300000e+00   2.7452773e-01
   3.8400000e+00   2.7973525e-01
   3.8500000e+00  -1.0365442e-02
   3.8600000e+00  -2.2625178e-01
   3.8700000e+00  -2.3212916e-01
   3.8800000e+00  -7.0645546e-02
   3.8900000e+00   1.8486888e-01
   3.9000000e+00   2.7618682e-01
   3.9100000e+00   4.0779407e-02
   3.9200000e+00  -2.3188541e-01
   3.9300000e+00  -1.7648066e-01
   3.9400000e+00   7.8441040e-02
   3.9500000e+00   1.6207224e-01
   3.9600000e+00   1.1746960e-01
   3.9700000e+00   1.5445843e-01
   3.9800000e+00   1.0265473e-01
   3.9900000e+00  -9.4643064e-02
   4.0000000e+00  -1.2251887e-01
   4.0100000e+00  -2.5643712e-02
   4.0200000e+00  -5.2552471e-02
   4.0300000e+00   4.5553845e-03
   4.0400000e+00   1.9503751e-01
   4.0500000e+00   1.1681900e-01
   4.0600000e+00  -1.3986544e-01
   4.0700000e+00  -1.1721936e-01
   4.0800000e+00   5.5417296e-02
   4.0900000e+00   2.9441365e-02
   4.1000000e+00  -7.2864886e-02
   4.1100000e+00  -4.7080382e-02
   4.1200000e+00   1.4202578e-02
   4.1300000e+00   2.5543335e-02
   4.1400000e+00   6.7377818e-02
   4.1500000e+00   9.7866786e-02
   4.1600000e+00  -4.1921432e-02
   4.1700000e+00  -1.9973792e-01
   4.1800000e+00  -1.0324303e-01
   4.1900000e+00   4.3149876e-02
   4.2000000e+00  -9.5733016e-03
   4.2100000e+00   5.8588178e-03
   4.2200000e+00   1.6301770e-01
   4.2300000e+00   8.2347381e-02
   4.2400000e+00  -1.4923524e-01
   4.2500000e+00  -1.1868626e-01
   4.2600000e+00   4.8630976e-02
   4.2700000e+00   1.1490584e-01
   4.2800000e+00   1.6208663e-01
   4.2900000e+00   9.0564454e-02
   4.3000000e+00  -1.4487634e-01
   4.3100000e+00  -1.3801154e-01
   4.3200000e+00   1.3777461e-01
   4.3300000e+00   1.3619594e-01
   4.3400000e+00  -1.4571777e-01
   4.3500000e+00  -1.6852743e-01
   4.3600000e+00   9.4490727e-02
   4.3700000e+00   2.2846439e-01
   4.3800000e+00   1.2791550e-01
   4.3900000e+00  -2.6046454e-02
   4.4000000e+00  -1.3875405e-01
   4.4100000e+00  -1.8222074e-01
   4.4200000e+00  -9.2071094e-02
   4.4300000e+00   5.3319533e-02
   4.4400000e+00   6.4804684e-02
   4.4500000e+00   3.5613216e-02
   4.4600000e+00   1.3268426e-01
   4.4700000e+00   1.2590803e-01
   4.4800000e+00  -7.7396902e-02
   4.4900000e+00  -9.6961407e-02
   4.5000000e+00   5.9462495e-02
   4.5100000e+00   6.4764746e-04
   4.5200000e+00  -9.7985371e-02
   4.5300000e+00   3.8384397e-02
   4.5400000e+00   7.5125231e-02
   4.5500000e+00  -9.3054784e-02
   4.5600000e+00  -8.1604967e-02
   4.5700000e+00   5.6869403e-02
   4.5800000e+00   2.4952049e-03
   4.5900000e+00  -7.9830996e-02
   4.6000000e+00   3.9729783e-02
   4.6100000e+00   1.5785155e-01
   4.6200000e+00   7.5820925e-02
   4.6300000e+00  -7.4373961e-02
   4.6400000e+00  -1.2469026e-01
   4.6500000e+00  -9.9120071e-02
   4.6600000e+00  -3.7289133e-02
   4.6700000e+00   9.5219838e-02
   4.6800000e+00   1.6842767e-01
   4.6900000e+00   2.7194507e-02
   4.7000000e+00  -9.1190574e-02
   4.7100000e+00   7.1008747e-03
   4.7200000e+00   1.9985789e-02
   4.7300000e+00  -1.0644705e-01
   4.7400000e+00  -1.2991191e-02
   4.7500000e+00   1.4471090e-01
   4.7600000e+00   3.4526558e-02
   4.7700000e+00  -2.5720947e-02
   4.7800000e+00   1.2371931e-01
   4.7900000e+00   5.8380488e-02
   4.8000000e+00  -1.6940104e-01
   4.8100000e+00  -8.3920627e-02
   4.8200000e+00   1.8137399e-01
   4.8300000e+00   1.8552659e-01
   4.8400000e+00  -3.6615339e-02
   4.8500000e+00  -1.7334670e-01
   4.8600000e+00  -7.5531231e-02
   4.8700000e+00   1.5844844e-01
   4.8800000e+00   2.5629498e-01
   4.8900000e+00   2.6306542e-02
   4.9000000e+00  -3.2010911e-01
   4.9100000e+00  -2.8905269e-01
   4.9200000e+00   1.4357908e-01
   4.9300000e+00   3.1227649e-01
   4.9400000e+00  -4.0952069e-02
   4.9500000e+00  -3.0867133e-01
   4.9600000e+00  -1.7606480e-01
   4.9700000e+00   3.2452404e-02
   4.9800000e+00   1.9986229e-01
   4.9900000e+00   2.8890140e-01
   5.0000000e+00   6.3827203e-02
   5.0100000e+00  -2.1407619e-01
   5.0200000e+00  -9.0204038e-02
   5.0300000e+00   9.7185310e-02
   5.0400000e+00  -6.8386047e-02
   5.0500000e+00  -1.8327262e-01
   5.0600000e+00   6.3211389e-02
   5.0700000e+00   2.4581303e-01
   5.0800000e+00   7.4730601e-02
   5.0900000e+00  -1.5946203e-01
   5.1000000e+00  -1.6413849e-01
   5.1100000e+00   2.5717281e-02
   5.1200000e+00   2.1249633e-01
   5.1300000e+00   1.8323595e-01
   5.1400000e+00  -1.0842548e-01
   5.1500000e+00  -3.2177022e-01
   5.1600000e+00  -9.6894288e-02
   5.1700000e+00   2.3190017e-01
   5.1800000e+00   8.8002265e-02
   5.1900000e+00  -2.1520341e-01
   5.2000000e+00  -5.8553236e-02
   5.2100000e+00   2.2764752e-01
   5.2200000e+00   1.2553245e-01
   5.2300000e+00  -8.6723415e-02
   5.2400000e+00  -1.1630556e-01
   5.2500000e+00  -5.1519435e-02
   5.2600000e+00   1.5467463e-01
   5.2700000e+00   3.5832087e-01
   5.2800000e+00   1.3430672e-01
   5.2900000e+00  -2.9335874e-01
   5.3000000e+00  -2.7572406e-01
   5.3100000e+00   9.8400309e-02
   5.3200000e+00   2.5612572e-01
   5.3300000e+00   9.5502185e-02
   5.3400000e+00  -1.0313133e-01
   5.3500000e+00  -1.7005161e-01
   5.3600000e+00  -6.8594285e-02
   5.3700000e+00   1.6822040e-01
   5.3800000e+00   3.1234566e-01
   5.3900000e+00   1.0563227e-01
   5.4000000e+00  -2.3781168e-01
   5.4100000e+00  -2.5812060e-01
   5.4200000e+00  -4.1849618e-02
   5.4300000e+00   4.9314240e-02
   5.4400000e+00   8.2824469e-02
   5.4500000e+00   1.3126239e-01
   5.4600000e+00  -6.5638649e-03
   5.4700000e+00  -1.5458269e-01
   5.4800000e+00   8.0061399e-03
   5.4900000e+00   1.7629128e-01
   5.5000000e+00   2.4801137e-02
   5.5100000e+00  -1.4944298e-01
   5.5200000e+00  -1.3889860e-01
   5.5300000e+00  -1.1575369e-01
   5.5400000e+00  -6.7067360e-02
   5.5500000e+00   8.3287850e-02
   5.5600000e+00   1.4311508e-01
   5.5700000e+00   2.6217257e-02
   5.5800000e+00  -6.0553428e-02
   5.5900000e+00  -8.1754635e-05
   5.6000000e+00   8.1495420e-02
   5.6100000e+00   9.2031542e-02
   5.6200000e+00   8.5060380e-02
   5.6300000e+00   3.3253790e-02
   5.6400000e+00  -8.0818552e-02
   5.6500000e+00  -1.1235290e-02
   5.6600000e+00   2.4936490e-01
   5.6700000e+00   2.1665147e-01
   5.6800000e+00  -1.1091146e-01
   5.6900000e+00  -1.4453540e-01
   5.7000000e+00   6.4306769e-02
   5.7100000e+00   4.3686690e-02
   5.7200000e+00  -4.0329305e-02
   5.7300000e+00   2.7270685e-03
   5.7400000e+00  -9.7926613e-02
   5.7500000e+00  -2.0423066e-01
   5.7600000e+00   1.0377778e-02
   5.7700000e+00   1.7414309e-01
   5.7800000e+00  -5.4169947e-02
   5.7900000e+00  -2.3456044e-01
   5.8000000e+00  -2.0675577e-02
   5.8100000e+00   2.1224520e-01
   5.8200000e+00   1.0576521e-01
   5.8300000e+00  -1.0390340e-01
   5.8400000e+00  -1.0257386e-01
   5.8500000e+00   4.0154358e-03
   5.8600000e+00   4.6465132e-02
   5.8700000e+00   5.3959345e-02
   5.8800000e+00  -2.9186772e-02
   5.8900000e+00  -1.9180989e-01
   5.9000000e+00  -1.0139938e-01
   5.9100000e+00   2.4540800e-01
   5.9200000e+00   3.1310917e-01
   5.9300000e+00   3.1740518e-02
   5.9400000e+00  -1.2218717e-01
   5.9500000e+00  -7.8429710e-02
   5.9600000e+00  -1.4842875e-02
   5.9700000e+00   1.2329124e-01
   5.9800000e+00   2.0579314e-01
   5.9900000e+00   5.9237268e-02
   6.0000000e+00  -3.6363218e-02
   6.0100000e+00   5.0129314e-02
   6.0200000e+00   2.6136735e-02
   6.0300000e+00  -7.3380583e-02
   6.0400000e+00   1.8495151e-02
   6.0500000e+00   1.3647312e-01
   6.0600000e+00   2.4887619e-02
   6.0700000e+00  -1.3546764e-01
   6.0800000e+00  -1.0598238e-01
   6.0900000e+00  -3.4981906e-02
   6.1000000e+00  -9.3520851e-02
   6.1100000e+00  -7.4357049e-02
   6.1200000e+00   9.0884055e-02
   6.1300000e+00   1.6571751e-02
   6.1400000e+00  -2.7280488e-01
   6.1500000e+00  -2.2855267e-01
   6.1600000e+00   6.7666164e-02
   6.1700000e+00   1.0347571e-01
   6.1800000e+00   3.0184829e-02
   6.1900000e+00   1.0833996e-01
   6.2000000e+00   7.2562600e-02
   6.2100000e+00  -6.0149879e-02
   6.2200000e+00   2.5168395e-02
   6.2300000e+00   1.6208451e-01
   6.2400000e+00   1.2976330e-01
   6.2500000e+00   6.7323844e-02
   6.2600000e+00  -3.2496799e-02
   6.2700000e+00  -1.7872546e-01
   6.2800000e+00  -7.4567247e-02
   6.2900000e+00   2.1924856e-01
   6.3000000e+00   2.1003726e-01
   6.3100000e+00  -8.3900628e-02
   6.3200000e+00  -1.5391318e-01
   6.3300000e+00   4.5390064e-02
   6.3400000e+00   9.1922361e-02
   6.3500000e+00  -6.8645324e-02
   6.3600000e+00  -1.0303645e-01
   6.3700000e+00  -6.8421309e-03
   6.3800000e+00  -2.8387107e-02
   6.3900000e+00  -6.5770538e-02
   6.4000000e+00   3.8660622e-02
   6.4100000e+00   6.8203483e-02
   6.4200000e+00  -3.9801169e-02
   6.4300000e+00  -4.8685613e-02
   6.4400000e+00  -2.6639902e-02
   6.4500000e+00  -9.7765964e-02
   6.4600000e+00  -2.0530016e-02
   6.4700000e+00   1.5865080e-01
   6.4800000e+00   7.6710673e-02
   6.4900000e+00  -9.0333038e-02
   6.5000000e+00  -3.2074622e-02
   6.5100000e+00   5.0963792e-03
   6.5200000e+00  -7.8825188e-02
   6.5300000e+00   3.1940507e-02
   6.5400000e+00   2.3472803e-01
   6.5500000e+00   1.1465068e-01
   6.5600000e+00  -1.7592703e-01
   6.5700000e+00  -1.4925259e-01
   6.5800000e+00   1.3392591e-01
   6.5900000e+00   2.1538442e-01
   6.6000000e+00   4.8787672e-02
   6.6100000e+00  -7.5187425e-02
   6.6200000e+00  -9.5869155e-02
   6.6300000e+00  -8.5471515e-03
   6.6400000e+00   2.2220128e-01
   6.6500000e+00   2.4178381e-01
   6.6600000e+00  -1.3646719e-01
   6.6700000e+00  -3.1716005e-01
   6.6800000e+00  -3.2577957e-02
   6.6900000e+00   1.1894442e-01
   6.7000000e+00  -1.6629152e-02
   6.7100000e+00  -5.3860639e-03
   6.7200000e+00   4.5662227e-02
   6.7300000e+00  -1.2722797e-01
   6.7400000e+00  -2.0630036e-01
   6.7500000e+00  -4.7944800e-02
   6.7600000e+00   1.0044926e-03
   6.7700000e+00  -7.9155481e-02
   6.7800000e+00  -4.4638158e-03
   6.7900000e+00   1.4464444e-01
   6.8000000e+00   1.2620034e-01
   6.8100000e+00   3.9775681e-02
   6.8200000e+00   7.2254515e-02
   6.8300000e+00   8.2907168e-02
   6.8400000e+00  -6.9608698e-02
   6.8500000e+00  -1.5194324e-01
   6.8600000e+00  -2.6554524e-02
   6.8700000e+00   8.5958071e-02
   6.8800000e+00   1.6401434e-01
   6.8900000e+00   2.9712483e-01
   6.9000000e+00   1.9810456e-01
   6.9100000e+00  -1.5123173e-01
   6.9200000e+00  -2.1324727e-01
   6.9300000e+00   1.3582216e-02
   6.9400000e+00   1.0129572e-02
   6.9500000e+00  -1.1435497e-01
   6.9600000e+00  -7.0547843e-03
   6.9700000e+00   8.1035248e-02
   6.9800000e+00  -3.6477772e-02
   6.9900000e+00  -8.2343307e-02
   7.0000000e+00  -1.6513024e-02
   7.0100000e+00  -4.3768826e-02
   7.0200000e+00  -1.0681193e-01
   7.0300000e+00  -8.2169692e-02
   7.0400000e+00  -3.7037204e-02
   7.0500000e+00   2.3117770e-04
   7.0600000e+00   1.2259365e-01
   7.0700000e+00   2.5145715e-01
   7.0800000e+00   1.1723625e-01
   7.0900000e+00  -2.2075450e-01
   7.1000000e+00  -3.2526907e-01
   7.1100000e+00  -1.0940465e-01
   7.1200000e+00   1.1898331e-01
   7.1300000e+00   2.9236484e-01
   7.1400000e+00   3.6704822e-01
   7.1500000e+00   8.8736478e-02
   7.1600000e+00  -2.7696861e-01
   7.1700000e+00  -1.7307584e-01
   7.1800000e+00   1.1965661e-01
   7.1900000e+00   5.4859279e-02
   7.2000000e+00  -9.6147170e-02
   7.2100000e+00  -2.8391885e-02
   7.2200000e+00  -2.4625085e-02
   7.2300000e+00  -8.4998291e-02
   7.2400000e+00   8.8965592e-02
   7.2500000e+00   2.8210747e-01
   7.2600000e+00   1.6027415e-01
   7.2700000e+00  -8.8536330e-02
   7.2800000e+00  -1.8165880e-01
   7.2900000e+00  -1.5561982e-01
   7.3000000e+00  -1.2004796e-01
   7.3100000e+00  -5.3449609e-02
   7.3200000e+00   4.5203920e-02
   7.3300000e+00   8.1047519e-02
   7.3400000e+00   7.9284807e-02
   7.3500000e+00   1.1695530e-01
   7.3600000e+00   4.4500478e-02
   7.3700000e+00  -1.4370272e-01
   7.3800000e+00  -1.2856962e-01
   7.3900000e+00   6.5291695e-03
   7.4000000e+00  -6.9911177e-02
   7.4100000e+00  -5.7831849e-02
   7.4200000e+00   2.8042766e-01
   7.4300000e+00   3.7920220e-01
   7.4400000e+00   1.1459633e-02
   7.4500000e+00  -2.8411994e-01
   7.4600000e+00  -2.9575672e-01
   7.4700000e+00  -1.7083095e-01
   7.4800000e+00   1.1823538e-01
   7.4900000e+00   3.5143221e-01
   7.5000000e+00   1.5309678e-01
   7.5100000e+00  -1.9335175e-01
   7.5200000e+00  -1.4983864e-01
   7.5300000e+00   9.6524027e-02
   7.5400000e+00   5.1895913e-02
   7.5500000e+00  -1.1940521e-01
   7.5600000e+00   2.3460338e-02
   7.5700000e+00   2.5465999e-01
   7.5800000e+00   1.2100648e-01
   7.5900000e+00  -1.6476275e-01
   7.6000000e+00  -2.4457520e-01
   7.6100000e+00  -2.0647583e-01
   7.6200000e+00  -6.9819991e-02
   7.6300000e+00   1.7552461e-01
   7.6400000e+00   1.7795978e-01
   7.6500000e+00  -5.0638161e-02
   7.6600000e+00  -2.7253579e-02
   7.6700000e+00   1.0095225e-01
   7.6800000e+00  -9.1777567e-02
   7.6900000e+00  -2.5744906e-01
   7.7000000e+00  -7.0554446e-02
   7.7100000e+00   8.5114035e-02
   7.7200000e+00   6.3618604e-02
   7.7300000e+00   1.3423554e-01
   7.7400000e+00   1.8744803e-01
   7.7500000e+00   2.2892793e-03
   7.7600000e+00  -1.6911282e-01
   7.7700000e+00  -8.6044338e-02
   7.7800000e+00   3.0661257e-02
   7.7900000e+00   1.0921742e-02
   7.8000000e+00   5.8600688e-02
   7.8100000e+00   1.9761293e-01
   7.8200000e+00   1.2818360e-01
   7.8300000e+00  -8.4040446e-02
   7.8400000e+00  -1.0857415e-01
   7.8500000e+00  -7.8377131e-02
   7.8600000e+00  -1.6123849e-01
   7.8700000e+00  -7.0255979e-02
   7.8800000e+00   1.4001349e-01
   7.8900000e+00   3.1880878e-02
   7.9000000e+00  -1.6394532e-01
   7.9100000e+00   2.2954352e-02
   7.9200000e+00   2.4285939e-01
   7.9300000e+00   6.8264067e-02
   7.9400000e+00  -1.9075890e-01
   7.9500000e+00  -2.1917875e-01
   7.9600000e+00  -9.7267325e-02
   7.9700000e+00   9.4072224e-02
   7.9800000e+00   2.0293495e-01
   7.9900000e+00   3.3205814e-02
   8.0000000e+00  -1.8562705e-01
   8.0100000e+00  -5.8826533e-02
   8.0200000e+00   2.4041938e-01
   8.0300000e+00   2.0887213e-01
   8.0400000e+00  -1.0213993e-01
   8.0500000e+00  -1.7849719e-01
   8.0600000e+00   4.2717128e-03
   8.0700000e+00   4.6345322e-02
   8.0800000e+00   2.0924850e-02
   8.0900000e+00   1.2235685e-01
   8.1000000e+00   2.9843877e-02
   8.1100000e+00  -2.3372285e-01
   8.1200000e+00  -1.3842086e-01
   8.1300000e+00   1.3854202e-01
   8.1400000e+00   8.8697108e-02
   8.1500000e+00  -2.2195082e-02
   8.1600000e+00   7.3577555e-02
   8.1700000e+00   7.2699176e-02
   8.1800000e+00  -4.4526094e-02
   8.1900000e+00  -5.7868370e-02
   8.2000000e+00  -9.0974322e-02
   8.2100000e+00  -1.5868576e-01
   8.2200000e+00  -2.6645131e-02
   8.2300000e+00   1.5167865e-01
   8.2400000e+00   6.2137321e-02
   8.2500000e+00  -6.5336029e-02
   8.2600000e+00   1.0321551e-01
   8.2700000e+00   2.4274517e-01
   8.2800000e+00  -6.1901866e-02
   8.2900000e+00  -3.9369299e-01
   8.3000000e+00  -1.7618913e-01
   8.3100000e+00   2.0528441e-01
   8.3200000e+00   1.4868886e-01
   8.3300000e+00  -7.6496938e-02
   8.3400000e+00  -9.0957249e-02
   8.3500000e+00  -5.8727742e-02
   8.3600000e+00   9.6007446e-03
   8.3700000e+00   1.9260510e-01
   8.3800000e+00   1.3931960e-01
   8.3900000e+00  -1.7429976e-01
   8.4000000e+00  -2.1258914e-01
   8.4100000e+00   2.0642184e-02
   8.4200000e+00   8.6113983e-02
   8.4300000e+00   4.7822189e-02
   8.4400000e+00   6.5020725e-02
   8.4500000e+00  -2.6511272e-02
   8.4600000e+00  -1.2432462e-01
   8.4700000e+00   3.5874098e-03
   8.4800000e+00   1.0789424e-01
   8.4900000e+00  -4.8393159e-02
   8.5000000e+00  -1.4664332e-01
   8.5100000e+00   5.7441636e-02
   8.5200000e+00   2.2034380e-01
   8.5300000e+00   4.4625550e-02
   8.5400000e+00  -1.8747354e-01
   8.5500000e+00  -1.9382875e-01
   8.5600000e+00  -1.2493848e-01
   8.5700000e+00  -3.3503168e-02
   8.5800000e+00   1.8149971e-01
   8.5900000e+00   2.7027120e-01
   8.6000000e+00   8.6114815e-02
   8.6100000e+00  -3.1152018e-02
   8.6200000e+00  -4.3365311e-02
   8.6300000e+00  -2.0906518e-01
   8.6400000e+00  -2.4062334e-01
   8.6500000e+00   9.4448647e-02
   8.6600000e+00   2.6007680e-01
   8.6700000e+00   8.6328954e-03
   8.6800000e+00  -1.4154392e-01
   8.6900000e+00  -6.5813639e-03
   8.7000000e+00   8.2117633e-02
   8.7100000e+00   7.2864747e-02
   8.7200000e+00   9.3207600e-02
   8.7300000e+00   4.6350329e-02
   8.7400000e+00  -9.0185931e-02
   8.7500000e+00  -1.0065005e-01
   8.7600000e+00   4.3693719e-02
   8.7700000e+00   6.2712707e-02
   8.7800000e+00  -9.7638119e-02
   8.7900000e+00  -1.3655467e-01
   8.8000000e+00  -1.0922606e-02
   8.8100000e+00   3.9842605e-02
   8.8200000e+00   5.5483808e-02
   8.8300000e+00   1.0498846e-01
   8.8400000e+00  -2.6638346e-02
   8.8500000e+00  -2.2319190e-01
   8.8600000e+00  -1.1592286e-01
   8.8700000e+00   9.5460215e-02
   8.8800000e+00   8.8156917e-02
   8.8900000e+00   4.4978653e-02
   8.9000000e+00   2.8113742e-02
   8.9100000e+00  -1.0201704e-01
   8.9200000e+00  -1.1557906e-01
   8.9300000e+00   8.3505188e-02
   8.9400000e+00   1.0808169e-01
   8.9500000e+00  -8.7762367e-02
   8.9600000e+00  -9.3654269e-02
   8.9700000e+00   1.0379070e-01
   8.9800000e+00   1.2119005e-01
   8.9900000e+00  -5.2423107e-02
   9.0000000e+00  -6.7832504e-02
   9.0100000e+00   6.3935530e-02
   9.0200000e+00   3.5618706e-02
   9.0300000e+00  -4.8352981e-02
   9.0400000e+00   6.6167190e-02
   9.0500000e+00   1.4952196e-01
   9.0600000e+00   3.3507471e-02
   9.0700000e+00   7.8320629e-04
   9.0800000e+00   3.6456232e-02
   9.0900000e+00  -1.2887824e-01
   9.1000000e+00  -2.6368384e-01
   9.1100000e+00  -1.2051459e-01
   9.1200000e+00   4.3863338e-02
   9.1300000e+00   1.0789931e-01
   9.1400000e+00   1.4610066e-01
   9.1500000e+00   1.6157898e-02
   9.1600000e+00  -1.8529844e-01
   9.1700000e+00  -1.0460450e-01
   9.1800000e+00   9.4667104e-02
   9.1900000e+00   2.6072724e-02
   9.2000000e+00  -1.3818612e-01
   9.2100000e+00  -7.7464616e-02
   9.2200000e+00   7.8071096e-02
   9.2300000e+00   9.2501875e-02
   9.2400000e+00   3.0574292e-02
   9.2500000e+00   1.6513598e-02
   9.2600000e+00  -1.9972488e-02
   9.2700000e+00  -8.2962198e-02
   9.2800000e+00  -8.4434343e-03
   9.2900000e+00   1.0466604e-01
   9.3000000e+00   1.4050974e-04
   9.3100000e+00  -1.0560573e-01
   9.3200000e+00   5.7697015e-02
   9.3300000e+00   1.2589915e-01
   9.3400000e+00  -9.7189234e-02
   9.3500000e+00  -1.1413483e-01
   9.3600000e+00   1.6739991e-01
   9.3700000e+00   2.3156183e-01
   9.3800000e+00   5.2505002e-02
   9.3900000e+00  -5.6802180e-02
   9.4000000e+00  -1.2651900e-01
   9.4100000e+00  -1.0813154e-01
   9.4200000e+00   1.2541116e-01
   9.4300000e+00   2.2755166e-01
   9.4400000e+00  -3.6393787e-02
   9.4500000e+00  -2.3258452e-01
   9.4600000e+00  -7.8133727e-02
   9.4700000e+00   7.5939201e-02
   9.4800000e+00  -6.3936658e-03
   9.4900000e+00  -7.0746713e-02
   9.5000000e+00   1.3376057e-02
   9.5100000e+00   2.7239825e-02
   9.5200000e+00  -3.1151886e-02
   9.5300000e+00   2.1600164e-02
   9.5400000e+00   1.0057649e-02
   9.5500000e+00  -1.8100043e-01
   9.5600000e+00  -1.6248940e-01
   9.5700000e+00   1.0605721e-01
   9.5800000e+00   1.0701581e-01
   9.5900000e+00  -1.0269072e-01
   9.6000000e+00  -4.7768390e-02
   9.6100000e+00   8.4391355e-02
   9.6200000e+00  -9.6520239e-03
   9.6300000e+00  -3.0235009e-02
   9.6400000e+00   9.8240268e-02
   9.6500000e+00   1.6588358e-02
   9.6600000e+00  -1.4343909e-01
   9.6700000e+00  -3.1052869e-03
   9.6800000e+00   2.0344673e-01
   9.6900000e+00   1.0089259e-01
   9.7000000e+00  -1.0164308e-01
   9.7100000e+00  -5.6083228e-02
   9.7200000e+00   1.3944949e-01
   9.7300000e+00   2.1012668e-01
   9.7400000e+00   9.7631891e-02
   9.7500000e+00  -1.1737078e-01
   9.7600000e+00  -2.7245297e-01
   9.7700000e+00  -1.3095136e-01
   9.7800000e+00   1.7234902e-01
   9.7900000e+00   1.3169556e-01
   9.8000000e+00  -1.6890110e-01
   9.8100000e+00  -1.3038896e-01
   9.8200000e+00   1.2092105e-01
   9.8300000e+00   4.7151601e-02
   9.8400000e+00  -1.4790874e-01
   9.8500000e+00  -1.0123349e-01
   9.8600000e+00  -9.3330042e-03
   9.8700000e+00   3.4538532e-02
   9.8800000e+00   1.1612139e-01
   9.8900000e+00   3.2178082e-02
   9.9000000e+00  -1.8852553e-01
   9.9100000e+00  -1.3481679e-01
   9.9200000e+00   1.5399756e-01
   9.9300000e+00   2.4129054e-01
   9.9400000e+00   9.0791537e-02
   9.9500000e+00  -6.1913305e-03
   9.9600000e+00   2.7534380e-03
   9.9700000e+00  -3.4960233e-02
   9.9800000e+00  -9.7245978e-02
   9.9900000e+00  -6.7790389e-02
   1.0000000e+01  -5.2572111e-02
   1.0010000e+01  -1.1160416e-01
   1.0020000e+01  -2.0770739e-02
   1.0030000e+01   1.4615756e-01
   1.0040000e+01   1.7421128e-02
   1.0050000e+01  -1.8815751e-01
   1.0060000e+01  -4.4891466e-02
   1.0070000e+01   1.4066959e-01
   1.0080000e+01   5.6691965e-02
   1.0090000e+01  -1.4206692e-02
   1.0100000e+01  -5.3273570e-03
   1.0110000e+01  -7.5785665e-02
   1.0120000e+01  -2.4238659e-02
   1.0130000e+01   1.5715751e-01
   1.0140000e+01   9.1605556e-02
   1.0150000e+01  -1.0728710e-01
   1.0160000e+01  -1.3516786e-02
   1.0170000e+01   2.1448826e-01
   1.0180000e+01   1.8494646e-01
   1.0190000e+01  -1.5480822e-02
   1.0200000e+01  -1.1763385e-01
   1.0210000e+01  -1.2351844e-01
   1.0220000e+01  -1.0933086e-01
   1.0230000e+01  -4.2269780e-04
   1.0240000e+01   1.4099872e-01
   1.0250000e+01   5.9834564e-02
   1.0260000e+01  -1.4526933e-01
   1.0270000e+01  -1.3379139e-01
   1.0280000e+01  -1.1201139e-02
   1.0290000e+01  -1.5149518e-03
   1.0300000e+01   4.2229910e-02
   1.0310000e+01   9.0344857e-02
   1.0320000e+01  -7.8326727e-02
   1.0330000e+01  -2.1179252e-01
   1.0340000e+01  -5.4973842e-02
   1.0350000e+01   7.6514019e-02
   1.0360000e+01   2.3686970e-02
   1.0370000e+01   5.9388680e-02
   1.0380000e+01   1.5752633e-01
   1.0390000e+01   7.0215872e-02
   1.0400000e+01  -6.8524855e-02
   1.0410000e+01  -4.3098894e-02
   1.0420000e+01   1.5003513e-02
   1.0430000e+01  -1.4221200e-02
   1.0440000e+01  -1.0402248e-02
   1.0450000e+01   2.2153230e-02
   1.0460000e+01  -5.4243592e-02
   1.0470000e+01  -9.4048011e-02
   1.0480000e+01   7.0113603e-02
   1.0490000e+01   1.4731790e-01
   1.0500000e+01  -3.7768092e-02
   1.0510000e+01  -8.9411472e-02
   1.0520000e+01   9.7313641e-02
   1.0530000e+01   6.4818102e-02
   1.0540000e+01  -1.4476834e-01
   1.0550000e+01  -6.1119320e-02
   1.0560000e+01   1.2492798e-01
   1.0570000e+01   2.0243187e-02
   1.0580000e+01  -1.0398949e-01
   1.0590000e+01  -1.7370020e-02
   1.0600000e+01   3.5827628e-02
   1.0610000e+01   2.6418659e-02
   1.0620000e+01   7.4182214e-02
   1.0630000e+01   1.0702951e-02
   1.0640000e+01  -1.4286381e-01
   1.0650000e+01  -7.0864830e-02
   1.0660000e+01   1.3739271e-01
   1.0670000e+01   1.2662986e-01
   1.0680000e+01  -1.2432843e-02
   1.0690000e+01  -5.0680209e-03
   1.0700000e+01   1.2355081e-02
   1.0710000e+01  -1.3601345e-01
   1.0720000e+01  -1.7142538e-01
   1.0730000e+01   7.2114855e-02
   1.0740000e+01   1.9160653e-01
   1.0750000e+01   1.7548970e-02
   1.0760000e+01  -4.6389458e-02
   1.0770000e+01   3.0424077e-02
   1.0780000e+01  -9.3566644e-02
   1.0790000e+01  -2.1540040e-01
   1.0800000e+01  -7.2892837e-02
   1.0810000e+01  -1.0088802e-03
   1.0820000e+01  -8.3159531e-02
   1.0830000e+01   4.1335431e-03
   1.0840000e+01   1.0593839e-01
   1.0850000e+01   2.9216736e-03
   1.0860000e+01   4.2309404e-03
   1.0870000e+01   1.5628955e-01
   1.0880000e+01   1.1355901e-01
   1.0890000e+01  -9.0965779e-03
   1.0900000e+01   6.4364084e-02
   1.0910000e+01   8.4665309e-02
   1.0920000e+01  -1.4329270e-01
   1.0930000e+01  -2.5426303e-01
   1.0940000e+01  -4.3700000e-02
   1.0950000e+01   1.1126882e-01
   1.0960000e+01   1.3016258e-02
   1.0970000e+01  -1.2970013e-02
   1.0980000e+01   1.0339005e-01
   1.0990000e+01   2.7523526e-02
   1.1000000e+01  -1.2261465e-01
   1.1010000e+01   4.0719114e-02
   1.1020000e+01   2.5262415e-01
   1.1030000e+01   1.1980886e-01
   1.1040000e+01  -9.1954263e-02
   1.1050000e+01  -1.3000887e-01
   1.1060000e+01  -1.2039908e-01
   1.1070000e+01  -2.9033875e-02
   1.1080000e+01   1.3148523e-01
   1.1090000e+01   9.0239716e-02
   1.1100000e+01  -5.3314168e-02
   1.1110000e+01   6.5145420e-03
   1.1120000e+01   6.9066683e-02
   1.1130000e+01  -9.0874429e-02
   1.1140000e+01  -1.7284474e-01
   1.1150000e+01  -2.4446908e-02
   1.1160000e+01   1.5568727e-02
   1.1170000e+01  -1.5389169e-01
   1.1180000e+01  -1.6755808e-01
   1.1190000e+01   7.3932108e-02
   1.1200000e+01   1.7925058e-01
   1.1210000e+01   1.6049637e-02
   1.1220000e+01  -6.5498711e-02
   1.1230000e+01   4.2314955e-02
   1.1240000e+01   9.9280424e-02
   1.1250000e+01   7.2068163e-02
   1.1260000e+01  -1.1596553e-02
   1.1270000e+01  -2.0720194e-01
   1.1280000e+01  -2.0886039e-01
   1.1290000e+01   1.7520648e-01
   1.1300000e+01   3.6155467e-01
   1.1310000e+01   3.2371625e-02
   1.1320000e+01  -1.7972660e-01
   1.1330000e+01   2.6803100e-02
   1.1340000e+01   1.5119487e-01
   1.1350000e+01   4.5966256e-02
   1.1360000e+01   8.9905550e-03
   1.1370000e+01  -7.7216491e-03
   1.1380000e+01  -1.2482420e-01
   1.1390000e+01  -1.4614202e-01
   1.1400000e+01  -3.1642720e-02
   1.1410000e+01  -1.7075662e-02
   1.1420000e+01  -9.7554332e-02
   1.1430000e+01  -2.2734156e-02
   1.1440000e+01   1.5952116e-01
   1.1450000e+01   1.3356899e-01
   1.1460000e+01  -6.6031847e-02
   1.1470000e+01  -1.3153023e-01
   1.1480000e+01  -6.7168083e-02
   1.1490000e+01   9.8338533e-03
   1.1500000e+01   1.2833442e-01
   1.1510000e+01   9.0592342e-02
   1.1520000e+01  -1.9587473e-01
   1.1530000e+01  -2.2969800e-01
   1.1540000e+01   1.5003822e-01
   1.1550000e+01   3.4562964e-01
   1.1560000e+01   1.9375170e-01
   1.1570000e+01   6.6292650e-02
   1.1580000e+01  -6.0059827e-02
   1.1590000e+01  -2.3330877e-01
   1.1600000e+01  -1.4210135e-01
   1.1610000e+01   1.2605066e-01
   1.1620000e+01   1.3772221e-01
   1.1630000e+01  -3.8358721e-02
   1.1640000e+01  -6.9576529e-02
   1.1650000e+01  -2.5743122e-02
   1.1660000e+01  -9.2761001e-02
   1.1670000e+01  -1.1840551e-01
   1.1680000e+01   3.2794416e-02
   1.1690000e+01   1.1547921e-01
   1.1700000e+01  -5.2318132e-03
   1.1710000e+01  -6.2905498e-02
   1.1720000e+01  -1.3964144e-02
   1.1730000e+01  -8.0337490e-02
   1.1740000e+01  -7.4773209e-02
   1.1750000e+01   1.7664575e-01
   1.1760000e+01   2.2435669e-01
   1.1770000e+01  -9.4010929e-02
   1.1780000e+01  -2.4127872e-01
   1.1790000e+01  -9.3134290e-02
   1.1800000e+01  -1.5443842e-02
   1.1810000e+01   1.7899805e-02
   1.1820000e+01   1.0511856e-01
   1.1830000e+01   3.7094365e-02
   1.1840000e+01  -1.0016280e-01
   1.1850000e+01  -2.4405497e-02
   1.1860000e+01   1.0590984e-01
   1.1870000e+01   5.2865883e-02
   1.1880000e+01  -3.1769936e-02
   1.1890000e+01  -1.1150688e-02
   1.1900000e+01  -1.0892693e-02
   1.1910000e+01  -4.5118326e-02
   1.1920000e+01   5.3824093e-02
   1.1930000e+01   1.9281117e-01
   1.1940000e+01   8.2980248e-02
   1.1950000e+01  -1.2790147e-01
   1.1960000e+01  -7.4311033e-02
   1.1970000e+01   5.8813678e-02
   1.1980000e+01  -1.9810711e-02
   1.1990000e+01  -5.0969972e-02
   1.2000000e+01   7.0290804e-02
   1.2010000e+01   1.6632569e-02
   1.2020000e+01  -1.3796568e-01
   1.2030000e+01  -1.1296020e-01
   1.2040000e+01  -7.8449674e-02
   1.2050000e+01  -1.0446350e-01
   1.2060000e+01   4.3056856e-02
   1.2070000e+01   1.9201231e-01
   1.2080000e+01   3.7377549e-02
   1.2090000e+01  -1.6068232e-01
   1.2100000e+01  -9.0005159e-02
   1.2110000e+01   5.6572859e-02
   1.2120000e+01   5.9396574e-02
   1.2130000e+01   2.5258289e-02
   1.2140000e+01   3.4347155e-02
   1.2150000e+01  -1.1231994e-02
   1.2160000e+01  -7.7490070e-02
   1.2170000e+01  -8.0863202e-03
   1.2180000e+01   1.0843645e-01
   1.2190000e+01   6.6942760e-02
   1.2200000e+01  -2.2964449e-02
   1.2210000e+01  -5.4598064e-03
   1.2220000e+01  -1.6939440e-02
   1.2230000e+01  -3.9785446e-02
   1.2240000e+01   7.8255912e-02
   1.2250000e+01   8.4975446e-02
   1.2260000e+01  -1.3333651e-01
   1.2270000e+01  -1.4030371e-01
   1.2280000e+01   7.0115176e-02
   1.2290000e+01   3.0706722e-02
   1.2300000e+01  -9.8173828e-02
   1.2310000e+01   4.2528506e-02
   1.2320000e+01   1.3520826e-01
   1.2330000e+01  -3.9222904e-02
   1.2340000e+01  -1.0731274e-01
   1.2350000e+01   2.6393724e-02
   1.2360000e+01   4.1090519e-02
   1.2370000e+01  -3.9025154e-02
   1.2380000e+01   2.5827895e-02
   1.2390000e+01   1.0349660e-01
   1.2400000e+01   1.4866870e-03
   1.2410000e+01  -6.1747206e-02
   1.2420000e+01   6.2919751e-02
   1.2430000e+01   7.4261728e-02
   1.2440000e+01  -6.8682876e-02
   1.2450000e+01   2.2673328e-02
   1.2460000e+01   2.0081522e-01
   1.2470000e+01   9.4374307e-03
   1.2480000e+01  -2.1665757e-01
   1.2490000e+01  -5.1121396e-02
   1.2500000e+01   7.3732998e-02
   1.2510000e+01  -8.6500439e-02
   1.2520000e+01  -8.8119130e-02
   1.2530000e+01   7.6980824e-02
   1.2540000e+01   2.6684092e-02
   1.2550000e+01  -9.4550955e-02
   1.2560000e+01  -4.1650080e-02
   1.2570000e+01   1.7639452e-02
   1.2580000e+01   1.3647870e-02
   1.2590000e+01   4.2015109e-02
   1.2600000e+01   3.0759720e-03
   1.2610000e+01  -1.2446568e-01
   1.2620000e+01  -1.1556571e-01
   1.2630000e+01   4.0905512e-02
   1.2640000e+01   6.4679769e-02
   1.2650000e+01  -7.0121886e-02
   1.2660000e+01  -7.4564903e-02
   1.2670000e+01   2.6810386e-02
   1.2680000e+01  -6.3891581e-02
   1.2690000e+01  -1.3865264e-01
   1.2700000e+01   1.5305605e-01
   1.2710000e+01   3.5692953e-01
   1.2720000e+01   5.2479590e-02
   1.2730000e+01  -2.0975179e-01
   1.2740000e+01  -8.4534193e-02
   1.2750000e+01  -1.2449584e-02
   1.2760000e+01  -4.9709305e-02
   1.2770000e+01   1.0581485e-01
   1.2780000e+01   2.2927123e-01
   1.2790000e+01   8.4833270e-02
   1.2800000e+01  -6.6859949e-02
   1.2810000e+01  -5.9273994e-02
   1.2820000e+01   4.7110209e-03
   1.2830000e+01   6.9079551e-02
   1.2840000e+01   7.6523636e-02
   1.2850000e+01  -2.5493951e-02
   1.2860000e+01  -1.0341522e-01
   1.2870000e+01  -6.6636236e-03
   1.2880000e+01   9.6730601e-02
   1.2890000e+01  -7.7498637e-02
   1.2900000e+01  -3.0916690e-01
   1.2910000e+01  -1.2367128e-01
   1.2920000e+01   2.3714748e-01
   1.2930000e+01   1.9107227e-01
   1.2940000e+01  -5.9454545e-02
   1.2950000e+01  -8.0899620e-02
   1.2960000e+01  -5.5990252e-02
   1.2970000e+01  -7.7576504e-02
   1.2980000e+01   4.9565256e-02
   1.2990000e+01   9.8420495e-02
   1.3000000e+01  -9.9658827e-02
   1.3010000e+01  -1.4336783e-01
   1.3020000e+01   7.3053616e-02
   1.3030000e+01   1.6652830e-01
   1.3040000e+01   9.1948749e-02
   1.3050000e+01   2.4445288e-02
   1.3060000e+01  -8.3256303e-02
   1.3070000e+01  -1.6847054e-01
   1.3080000e+01  -6.6569119e-02
   1.3090000e+01   7.2733521e-02
   1.3100000e+01   4.2513272e-02
   1.3110000e+01  -2.7712456e-02
   1.3120000e+01   4.4762271e-02
   1.3130000e+01   1.3437619e-01
   1.3140000e+01   4.0164421e-02
   1.3150000e+01  -1.0349962e-01
   1.3160000e+01  -5.9293693e-02
   1.3170000e+01   4.7954475e-02
   1.3180000e+01   3.2155544e-02
   1.3190000e+01  -2.4409061e-03
   1.3200000e+01  -2.6034052e-02
   1.3210000e+01  -1.0047036e-01
   1.3220000e+01  -5.4827438e-02
   1.3230000e+01   7.9773488e-02
   1.3240000e+01  -2.6867750e-02
   1.3250000e+01  -1.9380877e-01
   1.3260000e+01  -1.2331195e-02
   1.3270000e+01   2.1856663e-01
   1.3280000e+01   1.0851643e-01
   1.3290000e+01  -5.6780257e-02
   1.3300000e+01  -4.5679374e-02
   1.3310000e+01  -6.3771744e-02
   1.3320000e+01  -9.2786304e-02
   1.3330000e+01   6.6943164e-02
   1.3340000e+01   2.2406801e-01
   1.3350000e+01   9.9545603e-02
   1.3360000e+01  -1.1789691e-01
   1.3370000e+01  -1.0972215e-01
   1.3380000e+01   2.7542349e-02
   1.3390000e+01   5.9165046e-02
   1.3400000e+01   3.9296466e-02
   1.3410000e+01   4.1075166e-02
   1.3420000e+01   5.3282506e-03
   1.3430000e+01   3.6845591e-02
   1.3440000e+01   1.2775644e-01
   1.3450000e+01  -3.8187746e-02
   1.3460000e+01  -3.1402723e-01
   1.3470000e+01  -1.6739469e-01
   1.3480000e+01   1.8828972e-01
   1.3490000e+01   1.8162576e-01
   1.3500000e+01   1.3804886e-02
   1.3510000e+01   2.6799716e-02
   1.3520000e+01  -3.4200029e-02
   1.3530000e+01  -2.2840663e-01
   1.3540000e+01  -1.8622265e-01
   1.3550000e+01   6.5738581e-02
   1.3560000e+01   1.4261645e-01
   1.3570000e+01   4.8391701e-03
   1.3580000e+01  -7.6219439e-02
   1.3590000e+01  -1.7114670e-02
   1.3600000e+01   4.3445000e-02
   1.3610000e+01   5.7499329e-02
   1.3620000e+01   5.4182697e-02
   1.3630000e+01  -1.6055932e-02
   1.3640000e+01  -6.4366019e-02
   1.3650000e+01   7.2270656e-02
   1.3660000e+01   1.6516310e-01
   1.3670000e+01  -1.7540139e-02
   1.3680000e+01  -1.4480681e-01
   1.3690000e+01  -2.4808589e-02
   1.3700000e+01   2.7725905e-02
   1.3710000e+01   1.5514457e-02
   1.3720000e+01   1.2295430e-01
   1.3730000e+01   5.1620539e-02
   1.3740000e+01  -2.3055362e-01
   1.3750000e+01  -1.8816426e-01
   1.3760000e+01   1.2098963e-01
   1.3770000e+01   1.2507974e-01
   1.3780000e+01  -9.4647721e-02
   1.3790000e+01  -1.2795721e-01
   1.3800000e+01  -6.0147022e-02
   1.3810000e+01  -4.4727495e-02
   1.3820000e+01   7.5937038e-02
   1.3830000e+01   2.5628327e-01
   1.3840000e+01   1.7040967e-01
   1.3850000e+01  -1.2504042e-01
   1.3860000e+01  -2.0578099e-01
   1.3870000e+01  -5.9006535e-02
   1.3880000e+01  -1.5107902e-02
   1.3890000e+01  -1.5488671e-02
   1.3900000e+01   1.0282151e-01
   1.3910000e+01   1.1331842e-01
   1.3920000e+01  -7.1233718e-03
   1.3930000e+01   1.2907357e-02
   1.3940000e+01   3.8275379e-03
   1.3950000e+01  -2.0876402e-01
   1.3960000e+01  -1.8922130e-01
   1.3970000e+01   1.7351651e-01
   1.3980000e+01   3.1795725e-01
   1.3990000e+01   1.2276628e-01
   1.4000000e+01  -5.5413681e-02
   1.4010000e+01  -1.9475032e-01
   1.4020000e+01  -2.6264888e-01
   1.4030000e+01   2.9836918e-02
   1.4040000e+01   4.1682102e-01
   1.4050000e+01   2.5058108e-01
   1.4060000e+01  -3.0092021e-01
   1.4070000e+01  -4.2285941e-01
   1.4080000e+01   5.2348522e-02
   1.4090000e+01   4.7588396e-01
   1.4100000e+01   3.6789187e-01
   1.4110000e+01  -1.4815983e-01
   1.4120000e+01  -6.1959583e-01
   1.4130000e+01  -4.8117650e-01
   1.4140000e+01   3.1078239e-01
   1.4150000e+01   7.4518203e-01
   1.4160000e+01   1.0946352e-01
   1.4170000e+01  -6.0479256e-01
   1.4180000e+01  -2.9685141e-01
   1.4190000e+01   3.4441018e-01
   1.4200000e+01   1.8733940e-01
   1.4210000e+01  -4.6024658e-01
   1.4220000e+01  -5.6307895e-01
   1.4230000e+01   1.4685332e-01
   1.4240000e+01   8.9927085e-01
   1.4250000e+01   5.9903631e-01
   1.4260000e+01  -7.4434611e-01
   1.4270000e+01  -1.4276141e+00
   1.4280000e+01  -2.4279573e-01
   1.4290000e+01   1.3520556e+00
   1.4300000e+01   1.1563686e+00
   1.4310000e+01  -4.2080571e-01
   1.4320000e+01  -1.0881808e+00
   1.4330000e+01  -3.0407005e-01
   1.4340000e+01   2.5189553e-01
   1.4350000e+01  -1.6116901e-01
   1.4360000e+01  -4.1490461e-01
   1.4370000e+01   1.7782348e-01
   1.4380000e+01   9.1387279e-01
   1.4390000e+01   7.1110331e-01
   1.4400000e+01  -7.2697493e-01
   1.4410000e+01  -1.9210125e+00
   1.4420000e+01  -1.0028354e+00
   1.4430000e+01   1.0392752e+00
   1.4440000e+01   1.2382214e+00
   1.4450000e+01  -6.7623003e-01
   1.4460000e+01  -1.6542832e+00
   1.4470000e+01   7.6741683e-02
   1.4480000e+01   2.2625504e+00
   1.4490000e+01   1.5932030e+00
   1.4500000e+01  -1.5900447e+00
   1.4510000e+01  -3.3152091e+00
   1.4520000e+01  -1.2049882e+00
   1.4530000e+01   2.1678204e+00
   1.4540000e+01   2.7731121e+00
   1.4550000e+01   4.7304529e-01
   1.4560000e+01  -1.4818750e+00
   1.4570000e+01  -1.2643571e+00
   1.4580000e+01  -2.0420315e-01
   1.4590000e+01  -1.1474940e-01
   1.4600000e+01  -7.1913931e-01
   1.4610000e+01  -3.2542914e-01
   1.4620000e+01   1.1998781e+00
   1.4630000e+01   1.6884236e+00
   1.4640000e+01   2.2613151e-02
   1.4650000e+01  -1.7828519e+00
   1.4660000e+01  -1.8259858e+00
   1.4670000e+01  -1.4305849e+00
   1.4680000e+01  -1.9878928e+00
   1.4690000e+01  -1.4020598e+00
   1.4700000e+01   1.7434289e+00
   1.4710000e+01   3.7819235e+00
   1.4720000e+01   1.4693139e+00
   1.4730000e+01  -2.0444512e+00
   1.4740000e+01  -2.3467827e+00
   1.4750000e+01  -1.8906030e-01
   1.4760000e+01   1.2416343e+00
   1.4770000e+01   8.2153884e-01
   1.4780000e+01  -4.0905934e-01
   1.4790000e+01  -2.1895714e-01
   1.4800000e+01   2.3396171e+00
   1.4810000e+01   3.4419851e+00
   1.4820000e+01  -1.2125110e+00
   1.4830000e+01  -7.6505471e+00
   1.4840000e+01  -7.7876388e+00
   1.4850000e+01  -2.5170523e+00
   1.4860000e+01  -3.7640234e-01
   1.4870000e+01  -2.9712278e+00
   1.4880000e+01  -3.1753830e+00
   1.4890000e+01   9.9748948e-01
   1.4900000e+01   3.0141393e+00
   1.4910000e+01  -2.5882338e-01
   1.4920000e+01  -4.3639852e+00
   1.4930000e+01  -4.6595762e+00
   1.4940000e+01  -3.3227053e-01
   1.4950000e+01   4.9629258e+00
   1.4960000e+01   4.0555982e+00
   1.4970000e+01  -3.7888914e+00
   1.4980000e+01  -7.6278912e+00
   1.4990000e+01  -1.3439391e+00
   1.5000000e+01   3.9243943e+00
   1.5010000e+01  -2.2408110e+00
   1.5020000e+01  -1.0548129e+01
   1.5030000e+01  -5.8461828e+00
   1.5040000e+01   8.3149453e+00
   1.5050000e+01   1.3035922e+01
   1.5060000e+01  -3.9358337e-01
   1.5070000e+01  -1.8222467e+01
   1.5080000e+01  -1.9434353e+01
   1.5090000e+01  -9.8563832e-01
   1.5100000e+01   1.6101140e+01
   1.5110000e+01   1.2026481e+01
   1.5120000e+01  -4.7412045e+00
   1.5130000e+01  -8.9070030e+00
   1.5140000e+01   4.1642360e+00
   1.5150000e+01   1.1327593e+01
   1.5160000e+01  -1.1270740e+00
   1.5170000e+01  -1.4872502e+01
   1.5180000e+01  -8.6968225e+00
   1.5190000e+01   9.3404277e+00
   1.5200000e+01   1.5964961e+01
   1.5210000e+01   5.8148070e+00
   1.5220000e+01  -4.6750024e+00
   1.5230000e+01  -2.0839444e+00
   1.5240000e+01   6.8586383e+00
   1.5250000e+01   6.4264184e+00
   1.5260000e+01  -5.9307250e+00
   1.5270000e+01  -1.5303902e+01
   1.5280000e+01  -7.6445184e+00
   1.5290000e+01   1.1390901e+01
   1.5300000e+01   2.1106619e+01
   1.5310000e+01   1.0385926e+01
   1.5320000e+01  -8.4512141e+00
   1.5330000e+01  -1.4360811e+01
   1.5340000e+01  -3.0190086e+00
   1.5350000e+01   8.7268433e+00
   1.5360000e+01   6.1824450e+00
   1.5370000e+01  -3.1067747e+00
   1.5380000e+01  -2.4172901e+00
   1.5390000e+01   6.2457555e+00
   1.5400000e+01   6.0587147e+00
   1.5410000e+01  -4.7447022e+00
   1.5420000e+01  -1.0964033e+01
   1.5430000e+01  -5.8793839e+00
   1.5440000e+01   1.9683281e+00
   1.5450000e+01   2.3717098e+00
   1.5460000e+01  -7.5463148e+00
   1.5470000e+01  -2.0131742e+01
   1.5480000e+01  -1.9123303e+01
   1.5490000e+01   2.9695710e+00
   1.5500000e+01   2.8642104e+01
   1.5510000e+01   3.1185859e+01
   1.5520000e+01   6.5859855e+00
   1.5530000e+01  -2.1349964e+01
   1.5540000e+01  -2.8147251e+01
   1.5550000e+01  -1.4757831e+01
   1.5560000e+01  -2.1628559e+00
   1.5570000e+01  -3.4636371e+00
   1.5580000e+01  -1.0452707e+01
   1.5590000e+01  -7.2904324e+00
   1.5600000e+01   9.2952634e+00
   1.5610000e+01   2.3565329e+01
   1.5620000e+01   1.7637394e+01
   1.5630000e+01  -3.1217605e+00
   1.5640000e+01  -1.4968110e+01
   1.5650000e+01  -8.4403105e+00
   1.5660000e+01   1.5859057e+00
   1.5670000e+01   4.8321784e-01
   1.5680000e+01  -7.0584317e+00
   1.5690000e+01  -6.0476318e+00
   1.5700000e+01   8.8872491e+00
   1.5710000e+01   2.2047170e+01
   1.5720000e+01   9.1437920e+00
   1.5730000e+01  -2.6095716e+01
   1.5740000e+01  -4.4287848e+01
   1.5750000e+01  -2.0646035e+01
   1.5760000e+01   2.0550769e+01
   1.5770000e+01   4.0922697e+01
   1.5780000e+01   3.2651549e+01
   1.5790000e+01   1.3876724e+01
   1.5800000e+01  -9.5732671e-01
   1.5810000e+01  -1.1252941e+01
   1.5820000e+01  -1.7267537e+01
   1.5830000e+01  -1.2148314e+01
   1.5840000e+01   7.1600407e+00
   1.5850000e+01   2.9179156e+01
   1.5860000e+01   3.5262625e+01
   1.5870000e+01   1.8193771e+01
   1.5880000e+01  -6.5376838e+00
   1.5890000e+01  -1.4499411e+01
   1.5900000e+01  -5.0574619e+00
   1.5910000e+01  -5.9146447e+00
   1.5920000e+01  -2.9464851e+01
   1.5930000e+01  -4.6099411e+01
   1.5940000e+01  -2.4658926e+01
   1.5950000e+01   2.0576089e+01
   1.5960000e+01   4.8233565e+01
   1.5970000e+01   3.9514301e+01
   1.5980000e+01   8.8240052e+00
   1.5990000e+01  -2.0506221e+01
   1.6000000e+01  -3.0924245e+01
   1.6010000e+01  -1.5133514e+01
   1.6020000e+01   1.5450504e+01
   1.6030000e+01   3.9548679e+01
   1.6040000e+01   4.9505284e+01
   1.6050000e+01   4.8588232e+01
   1.6060000e+01   3.1733609e+01
   1.6070000e+01  -5.8969554e+00
   1.6080000e+01  -4.7933493e+01
   1.6090000e+01  -6.7520235e+01
   1.6100000e+01  -5.4900648e+01
   1.6110000e+01  -2.0962727e+01
   1.6120000e+01   1.5980043e+01
   1.6130000e+01   3.8386591e+01
   1.6140000e+01   3.9603459e+01
   1.6150000e+01   2.7995606e+01
   1.6160000e+01   1.1815501e+01
   1.6170000e+01  -7.8553663e+00
   1.6180000e+01  -2.4676159e+01
   1.6190000e+01  -2.6424951e+01
   1.6200000e+01  -1.0857522e+01
   1.6210000e+01   1.0496098e+01
   1.6220000e+01   2.2659559e+01
   1.6230000e+01   1.4607791e+01
   1.6240000e+01  -1.1495810e+01
   1.6250000e+01  -3.4546110e+01
   1.6260000e+01  -3.4577828e+01
   1.6270000e+01  -1.6603785e+01
   1.6280000e+01   1.1061739e+00
   1.6290000e+01   1.2967068e+01
   1.6300000e+01   2.3773373e+01
   1.6310000e+01   3.0717314e+01
   1.6320000e+01   2.4798279e+01
   1.6330000e+01   7.4038909e+00
   1.6340000e+01  -9.0244591e+00
   1.6350000e+01  -2.0019207e+01
   1.6360000e+01  -3.1416720e+01
   1.6370000e+01  -3.9408244e+01
   1.6380000e+01  -3.3563723e+01
   1.6390000e+01  -1.9430355e+01
   1.6400000e+01  -9.2838644e+00
   1.6410000e+01   1.2588441e+00
   1.6420000e+01   1.5965084e+01
   1.6430000e+01   1.7796618e+01
   1.6440000e+01   1.4681824e+00
   1.6450000e+01  -6.4981810e+00
   1.6460000e+01   9.8996006e+00
   1.6470000e+01   3.0441421e+01
   1.6480000e+01   2.6981545e+01
   1.6490000e+01  -8.4417433e+00
   1.6500000e+01  -5.3810047e+01
   1.6510000e+01  -6.5775314e+01
   1.6520000e+01  -2.4731449e+01
   1.6530000e+01   3.0500022e+01
   1.6540000e+01   4.7269822e+01
   1.6550000e+01   2.6117170e+01
   1.6560000e+01   6.4296483e+00
   1.6570000e+01   6.5244516e+00
   1.6580000e+01   1.4079495e+01
   1.6590000e+01   1.7386000e+01
   1.6600000e+01   1.6633537e+01
   1.6610000e+01   8.6666143e+00
   1.6620000e+01  -1.4062893e+01
   1.6630000e+01  -3.9751305e+01
   1.6640000e+01  -4.1399878e+01
   1.6650000e+01  -1.5776004e+01
   1.6660000e+01   1.5452705e+01
   1.6670000e+01   4.2885259e+01
   1.6680000e+01   6.7203080e+01
   1.6690000e+01   7.1928176e+01
   1.6700000e+01   4.3773844e+01
   1.6710000e+01   3.9953095e+00
   1.6720000e+01  -1.4527056e+01
   1.6730000e+01  -4.2362232e+00
   1.6740000e+01   1.2921748e+01
   1.6750000e+01   6.2683355e+00
   1.6760000e+01  -2.8360285e+01
   1.6770000e+01  -5.6904242e+01
   1.6780000e+01  -4.8962521e+01
   1.6790000e+01  -1.5217590e+01
   1.6800000e+01   1.0566068e+01
   1.6810000e+01   1.0184047e+01
   1.6820000e+01  -2.0579405e+00
   1.6830000e+01   2.2708174e+00
   1.6840000e+01   2.6632007e+01
   1.6850000e+01   4.1607695e+01
   1.6860000e+01   2.4391222e+01
   1.6870000e+01  -9.0352745e+00
   1.6880000e+01  -2.1181701e+01
   1.6890000e+01   5.5401771e-01
   1.6900000e+01   2.5591554e+01
   1.6910000e+01   1.7796720e+01
   1.6920000e+01  -1.8926014e+01
   1.6930000e+01  -4.6203241e+01
   1.6940000e+01  -3.8412976e+01
   1.6950000e+01  -1.1993816e+01
   1.6960000e+01   1.7185774e+00
   1.6970000e+01   3.4934487e+00
   1.6980000e+01   1.8981409e+01
   1.6990000e+01   4.6680630e+01
   1.7000000e+01   5.3858727e+01
   1.7010000e+01   3.1188890e+01
   1.7020000e+01   7.2461577e+00
   1.7030000e+01  -4.4096308e-01
   1.7040000e+01  -2.2159681e+00
   1.7050000e+01   2.9645643e-01
   1.7060000e+01   1.7621010e+01
   1.7070000e+01   3.9693153e+01
   1.7080000e+01   4.5875413e+01
   1.7090000e+01   4.4183192e+01
   1.7100000e+01   5.8882457e+01
   1.7110000e+01   8.4382888e+01
   1.7120000e+01   9.3573043e+01
   1.7130000e+01   8.1916109e+01
   1.7140000e+01   6.4106560e+01
   1.7150000e+01   4.5485786e+01
   1.7160000e+01   2.7240646e+01
   1.7170000e+01   1.6458849e+01
   1.7180000e+01   1.0430625e+01
   1.7190000e+01  -5.1350670e+00
   1.7200000e+01  -2.7867200e+01
   1.7210000e+01  -3.0756441e+01
   1.7220000e+01   4.5869067e+00
   1.7230000e+01   5.9612185e+01
   1.7240000e+01   9.2214767e+01
   1.7250000e+01   7.6213723e+01
   1.7260000e+01   2.8089864e+01
   1.7270000e+01  -5.7432602e+00
   1.7280000e+01   3.8183947e+00
   1.7290000e+01   3.4593934e+01
   1.7300000e+01   4.1443111e+01
   1.7310000e+01   1.6210181e+01
   1.7320000e+01  -4.7357050e+00
   1.7330000e+01   4.0614649e+00
   1.7340000e+01   2.2539634e+01
   1.7350000e+01   2.1061448e+01
   1.7360000e+01   7.4888502e+00
   1.7370000e+01   1.3942915e+01
   1.7380000e+01   4.8250750e+01
   1.7390000e+01   8.1738578e+01
   1.7400000e+01   8.4533672e+01
   1.7410000e+01   5.7774576e+01
   1.7420000e+01   2.5430241e+01
   1.7430000e+01   2.4049906e+00
   1.7440000e+01  -2.2467187e+01
   1.7450000e+01  -6.7953202e+01
   1.7460000e+01  -1.2247857e+02
   1.7470000e+01  -1.4428841e+02
   1.7480000e+01  -1.1653541e+02
   1.7490000e+01  -7.5718730e+01
   1.7500000e+01  -6.4321380e+01
   1.7510000e+01  -8.2428490e+01
   1.7520000e+01  -1.0410314e+02
   1.7530000e+01  -1.1410509e+02
   1.7540000e+01  -1.1192927e+02
   1.7550000e+01  -1.0195506e+02
   1.7560000e+01  -9.2970586e+01
   1.7570000e+01  -9.4668485e+01
   1.7580000e+01  -1.0864739e+02
   1.7590000e+01  -1.2948302e+02
   1.7600000e+01  -1.5152642e+02
   1.7610000e+01  -1.6708995e+02
   1.7620000e+01  -1.6660578e+02
   1.7630000e+01  -1.4994598e+02
   1.7640000e+01  -1.2803738e+02
   1.7650000e+01  -1.0407378e+02
   1.7660000e+01  -6.4139311e+01
   1.7670000e+01  -1.0675145e+00
   1.7680000e+01   6.2957505e+01
   1.7690000e+01   9.7386589e+01
   1.7700000e+01   9.6976935e+01
   1.7710000e+01   7.8542036e+01
   1.7720000e+01   5.8933356e+01
   1.7730000e+01   4.7171787e+01
   1.7740000e+01   4.2549973e+01
   1.7750000e+01   3.3188197e+01
   1.7760000e+01   8.1860447e+00
   1.7770000e+01  -2.4544253e+01
   1.7780000e+01  -4.5925515e+01
   1.7790000e+01  -5.3687418e+01
   1.7800000e+01  -6.0511811e+01
   1.7810000e+01  -6.1523903e+01
   1.7820000e+01  -3.2017229e+01
   1.7830000e+01   3.4106485e+01
   1.7840000e+01   1.0442304e+02
   1.7850000e+01   1.3814175e+02
   1.7860000e+01   1.3001117e+02
   1.7870000e+01   1.1350436e+02
   1.7880000e+01   1.1568987e+02
   1.7890000e+01   1.2345384e+02
   1.7900000e+01   1.0843775e+02
   1.7910000e+01   7.0538644e+01
   1.7920000e+01   4.1058272e+01
   1.7930000e+01   4.8571899e+01
   1.7940000e+01   8.8148497e+01
   1.7950000e+01   1.2640301e+02
   1.7960000e+01   1.3755161e+02
   1.7970000e+01   1.2836077e+02
   1.7980000e+01   1.2329326e+02
   1.7990000e+01   1.3197300e+02
   1.8000000e+01   1.4055186e+02
   1.8010000e+01   1.3425107e+02
   1.8020000e+01   1.1993098e+02
   1.8030000e+01   1.1916610e+02
   1.8040000e+01   1.3880011e+02
   1.8050000e+01   1.5580338e+02
   1.8060000e+01   1.3713358e+02
   1.8070000e+01   7.5445280e+01
   1.8080000e+01   2.6499950e-01
   1.8090000e+01  -5.4319101e+01
   1.8100000e+01  -8.3804934e+01
   1.8110000e+01  -1.0259947e+02
   1.8120000e+01  -1.1663404e+02
   1.8130000e+01  -1.2148380e+02
   1.8140000e+01  -1.1114683e+02
   1.8150000e+01  -8.0907919e+01
   1.8160000e+01  -3.5715587e+01
   1.8170000e+01   5.0353849e+00
   1.8180000e+01   2.3307439e+01
   1.8190000e+01   1.8923713e+01
   1.8200000e+01   1.7691011e+00
   1.8210000e+01  -2.8692470e+01
   1.8220000e+01  -8.4591473e+01
   1.8230000e+01  -1.6392028e+02
   1.8240000e+01  -2.3866853e+02
   1.8250000e+01  -2.8512021e+02
   1.8260000e+01  -3.0733354e+02
   1.8270000e+01  -3.1411853e+02
   1.8280000e+01  -3.0112843e+02
   1.8290000e+01  -2.7255396e+02
   1.8300000e+01  -2.5039564e+02
   1.8310000e+01  -2.4755871e+02
   1.8320000e+01  -2.5453531e+02
   1.8330000e+01  -2.5936584e+02
   1.8340000e+01  -2.6249252e+02
   1.8350000e+01  -2.6820945e+02
   1.8360000e+01  -2.7431880e+02
   1.8370000e+01  -2.7490681e+02
   1.8380000e+01  -2.6715201e+02
   1.8390000e+01  -2.4730633e+02
   1.8400000e+01  -2.0094660e+02
   1.8410000e+01  -1.1824755e+02
   1.8420000e+01  -2.5663188e+01
   1.8430000e+01   3.3575769e+01
   1.8440000e+01   5.6211692e+01
   1.8450000e+01   7.1433099e+01
   1.8460000e+01   8.7234587e+01
   1.8470000e+01   9.2472548e+01
   1.8480000e+01   8.8662971e+01
   1.8490000e+01   8.0696968e+01
   1.8500000e+01   6.5575167e+01
   1.8510000e+01   5.2696961e+01
   1.8520000e+01   6.2607345e+01
   1.8530000e+01   9.5199779e+01
   1.8540000e+01   1.2762224e+02
   1.8550000e+01   1.4492783e+02
   1.8560000e+01   1.5128033e+02
   1.8570000e+01   1.5678633e+02
   1.8580000e+01   1.7286697e+02
   1.8590000e+01   2.1250805e+02
   1.8600000e+01   2.7374887e+02
   1.8610000e+01   3.2661343e+02
   1.8620000e+01   3.3253262e+02
   1.8630000e+01   2.8085316e+02
   1.8640000e+01   2.0544840e+02
   1.8650000e+01   1.5749368e+02
   1.8660000e+01   1.5341692e+02
   1.8670000e+01   1.6333660e+02
   1.8680000e+01   1.6026103e+02
   1.8690000e+01   1.5723563e+02
   1.8700000e+01   1.7959840e+02
   1.8710000e+01   2.2108853e+02
   1.8720000e+01   2.4717300e+02
   1.8730000e+01   2.3321242e+02
   1.8740000e+01   1.8508356e+02
   1.8750000e+01   1.2269418e+02
   1.8760000e+01   5.6676532e+01
   1.8770000e+01  -8.1281228e+00
   1.8780000e+01  -5.6594094e+01
   1.8790000e+01  -6.7818132e+01
   1.8800000e+01  -3.4746061e+01
   1.8810000e+01   2.8181617e+01
   1.8820000e+01   9.2271220e+01
   1.8830000e+01   1.2536167e+02
   1.8840000e+01   1.0897617e+02
   1.8850000e+01   5.3325060e+01
   1.8860000e+01  -1.6322909e+01
   1.8870000e+01  -8.6863517e+01
   1.8880000e+01  -1.5670842e+02
   1.8890000e+01  -2.1528519e+02
   1.8900000e+01  -2.4306262e+02
   1.8910000e+01  -2.3591023e+02
   1.8920000e+01  -2.1526997e+02
   1.8930000e+01  -2.0509560e+02
   1.8940000e+01  -2.0786489e+02
   1.8950000e+01  -2.0982143e+02
   1.8960000e+01  -2.0148108e+02
   1.8970000e+01  -1.8594214e+02
   1.8980000e+01  -1.6724520e+02
   1.8990000e+01  -1.3553447e+02
   1.9000000e+01  -7.8402874e+01
   1.9010000e+01  -1.4692684e+01
   1.9020000e+01   7.3081401e+00
   1.9030000e+01  -3.2251011e+01
   1.9040000e+01  -9.6800687e+01
   1.9050000e+01  -1.4538040e+02
   1.9060000e+01  -1.7500195e+02
   1.9070000e+01  -1.9648089e+02
   1.9080000e+01  -2.0374811e+02
   1.9090000e+01  -1.7473068e+02
   1.9100000e+01  -9.7969205e+01
   1.9110000e+01  -5.4499010e+00
   1.9120000e+01   4.5493051e+01
   1.9130000e+01   3.8404911e+01
   1.9140000e+01   1.3451874e+01
   1.9150000e+01   8.6039655e+00
   1.9160000e+01   1.8720957e+01
   1.9170000e+01   1.8466943e+01
   1.9180000e+01  -2.3709595e+00
   1.9190000e+01  -3.4531730e+01
   1.9200000e+01  -6.4356937e+01
   1.9210000e+01  -8.4982624e+01
   1.9220000e+01  -9.6283733e+01
   1.9230000e+01  -9.7906695e+01
   1.9240000e+01  -8.5036745e+01
   1.9250000e+01  -5.2967598e+01
   1.9260000e+01  -4.7535437e+00
   1.9270000e+01   4.8656526e+01
   1.9280000e+01   9.4851071e+01
   1.9290000e+01   1.2536745e+02
   1.9300000e+01   1.4100905e+02
   1.9310000e+01   1.5317037e+02
   1.9320000e+01   1.7280419e+02
   1.9330000e+01   1.9967377e+02
   1.9340000e+01   2.2632598e+02
   1.9350000e+01   2.4624594e+02
   1.9360000e+01   2.5552040e+02
   1.9370000e+01   2.5271809e+02
   1.9380000e+01   2.3933880e+02
   1.9390000e+01   2.1825145e+02
   1.9400000e+01   1.9220206e+02
   1.9410000e+01   1.6533051e+02
   1.9420000e+01   1.4378795e+02
   1.9430000e+01   1.2978410e+02
   1.9440000e+01   1.1625664e+02
   1.9450000e+01   9.5631481e+01
   1.9460000e+01   7.3652281e+01
   1.9470000e+01   6.5326989e+01
   1.9480000e+01   7.7625333e+01
   1.9490000e+01   1.0210535e+02
   1.9500000e+01   1.1986571e+02
   1.9510000e+01   1.1261740e+02
   1.9520000e+01   8.0119296e+01
   1.9530000e+01   4.6034146e+01
   1.9540000e+01   3.4662139e+01
   1.9550000e+01   4.5179584e+01
   1.9560000e+01   5.7387533e+01
   1.9570000e+01   5.3680519e+01
   1.9580000e+01   2.5065850e+01
   1.9590000e+01  -3.2411629e+01
   1.9600000e+01  -1.1010978e+02
   1.9610000e+01  -1.8102551e+02
   1.9620000e+01  -2.1719174e+02
   1.9630000e+01  -2.1269312e+02
   1.9640000e+01  -1.8223596e+02
   1.9650000e+01  -1.4242906e+02
   1.9660000e+01  -1.0226260e+02
   1.9670000e+01  -6.7529051e+01
   1.9680000e+01  -4.5427225e+01
   1.9690000e+01  -3.9387654e+01
   1.9700000e+01  -4.1188803e+01
   1.9710000e+01  -3.8890583e+01
   1.9720000e+01  -3.6992770e+01
   1.9730000e+01  -5.4119680e+01
   1.9740000e+01  -9.2008768e+01
   1.9750000e+01  -1.2499204e+02
   1.9760000e+01  -1.3247274e+02
   1.9770000e+01  -1.2504894e+02
   1.9780000e+01  -1.2516736e+02
   1.9790000e+01  -1.3467254e+02
   1.9800000e+01  -1.3636845e+02
   1.9810000e+01  -1.1963052e+02
   1.9820000e+01  -9.0101281e+01
   1.9830000e+01  -5.9092558e+01
   1.9840000e+01  -3.4385997e+01
   1.9850000e+01  -1.8809366e+01
   1.9860000e+01  -1.2410750e+01
   1.9870000e+01  -1.6387128e+01
   1.9880000e+01  -3.2475932e+01
   1.9890000e+01  -5.6627039e+01
   1.9900000e+01  -7.9029114e+01
   1.9910000e+01  -9.1435221e+01
   1.9920000e+01  -8.7898584e+01
   1.9930000e+01  -6.3203365e+01
   1.9940000e+01  -2.1163533e+01
   1.9950000e+01   2.2316102e+01
   1.9960000e+01   5.3299037e+01
   1.9970000e+01   7.0123227e+01
   1.9980000e+01   7.7985390e+01
   1.9990000e+01   8.2600118e+01
   2.0000000e+01   8.9158684e+01
   2.0010000e+01   9.9841693e+01
   2.0020000e+01   1.1209436e+02
   2.0030000e+01   1.2233750e+02
   2.0040000e+01   1.2815101e+02
   2.0050000e+01   1.2450302e+02
   2.0060000e+01   1.0646574e+02
   2.0070000e+01   8.1872944e+01
   2.0080000e+01   6.8597674e+01
   2.0090000e+01   6.9454693e+01
   2.0100000e+01   6.3662979e+01
   2.0110000e+01   3.3095953e+01
   2.0120000e+01  -1.4376775e+01
   2.0130000e+01  -5.4272129e+01
   2.0140000e+01  -7.0583561e+01
   2.0150000e+01  -6.7577268e+01
   2.0160000e+01  -6.0727173e+01
   2.0170000e+01  -5.9724430e+01
   2.0180000e+01  -6.1409057e+01
   2.0190000e+01  -5.9033540e+01
   2.0200000e+01  -5.3750424e+01
   2.0210000e+01  -5.0868985e+01
   2.0220000e+01  -4.6924237e+01
   2.0230000e+01  -2.8652339e+01
   2.0240000e+01   9.3251432e+00
   2.0250000e+01   5.0872219e+01
   2.0260000e+01   7.5105877e+01
   2.0270000e+01   8.2502466e+01
   2.0280000e+01   8.9758869e+01
   2.0290000e+01   1.0602326e+02
   2.0300000e+01   1.2707261e+02
   2.0310000e+01   1.4487107e+02
   2.0320000e+01   1.5360617e+02
   2.0330000e+01   1.5078669e+02
   2.0340000e+01   1.3702973e+02
   2.0350000e+01   1.1576487e+02
   2.0360000e+01   9.3290053e+01
   2.0370000e+01   7.6459191e+01
   2.0380000e+01   6.9891181e+01
   2.0390000e+01   7.5771017e+01
   2.0400000e+01   9.1398040e+01
   2.0410000e+01   1.0672048e+02
   2.0420000e+01   1.1104377e+02
   2.0430000e+01   1.0234829e+02
   2.0440000e+01   8.7099777e+01
   2.0450000e+01   7.2967885e+01
   2.0460000e+01   6.1322253e+01
   2.0470000e+01   4.5021559e+01
   2.0480000e+01   1.8267905e+01
   2.0490000e+01  -9.6384711e+00
   2.0500000e+01  -1.8551397e+01
   2.0510000e+01   8.9966311e-01
   2.0520000e+01   3.5567649e+01
   2.0530000e+01   6.0922532e+01
   2.0540000e+01   5.9884591e+01
   2.0550000e+01   3.1963075e+01
   2.0560000e+01  -1.0031561e+01
   2.0570000e+01  -4.9275796e+01
   2.0580000e+01  -7.3751257e+01
   2.0590000e+01  -8.1399162e+01
   2.0600000e+01  -7.9974847e+01
   2.0610000e+01  -8.0877786e+01
   2.0620000e+01  -9.0196274e+01
   2.0630000e+01  -1.0441640e+02
   2.0640000e+01  -1.1506084e+02
   2.0650000e+01  -1.1762391e+02
   2.0660000e+01  -1.1609071e+02
   2.0670000e+01  -1.1857385e+02
   2.0680000e+01  -1.2877134e+02
   2.0690000e+01  -1.4253984e+02
   2.0700000e+01  -1.5231159e+02
   2.0710000e+01  -1.5304298e+02
   2.0720000e+01  -1.4339479e+02
   2.0730000e+01  -1.2518058e+02
   2.0740000e+01  -1.0520843e+02
   2.0750000e+01  -9.2207844e+01
   2.0760000e+01  -8.7105660e+01
   2.0770000e+01  -8.1934468e+01
   2.0780000e+01  -7.0617880e+01
   2.0790000e+01  -5.4413933e+01
   2.0800000e+01  -3.6696291e+01
   2.0810000e+01  -1.9016844e+01
   2.0820000e+01  -3.1816674e+00
   2.0830000e+01   6.7918664e+00
   2.0840000e+01   7.3028925e+00
   2.0850000e+01  -2.2020528e-02
   2.0860000e+01  -8.6497256e+00
   2.0870000e+01  -1.4611683e+01
   2.0880000e+01  -2.1032780e+01
   2.0890000e+01  -3.1979203e+01
   2.0900000e+01  -4.4594761e+01
   2.0910000e+01  -5.1933505e+01
   2.0920000e+01  -5.1685556e+01
   2.0930000e+01  -4.6546337e+01
   2.0940000e+01  -3.7546355e+01
   2.0950000e+01  -2.3480304e+01
   2.0960000e+01  -5.4592229e+00
   2.0970000e+01   1.3565468e+01
   2.0980000e+01   3.1852048e+01
   2.0990000e+01   4.8671162e+01
   2.1000000e+01   6.4347669e+01
   2.1010000e+01   8.0892213e+01
   2.1020000e+01   9.8742681e+01
   2.1030000e+01   1.1329843e+02
   2.1040000e+01   1.1765649e+02
   2.1050000e+01   1.0946890e+02
   2.1060000e+01   9.3771178e+01
   2.1070000e+01   7.6695266e+01
   2.1080000e+01   5.6995094e+01
   2.1090000e+01   2.7751949e+01
   2.1100000e+01  -1.1000456e+01
   2.1110000e+01  -4.4758934e+01
   2.1120000e+01  -5.7764110e+01
   2.1130000e+01  -5.1199845e+01
   2.1140000e+01  -3.6646725e+01
   2.1150000e+01  -1.7468731e+01
   2.1160000e+01   8.8986505e+00
   2.1170000e+01   3.7615804e+01
   2.1180000e+01   5.9010423e+01
   2.1190000e+01   6.9500103e+01
   2.1200000e+01   7.2177208e+01
   2.1210000e+01   7.1378877e+01
   2.1220000e+01   7.1043878e+01
   2.1230000e+01   7.3688769e+01
   2.1240000e+01   7.7855636e+01
   2.1250000e+01   7.8840654e+01
   2.1260000e+01   7.0797136e+01
   2.1270000e+01   4.6951765e+01
   2.1280000e+01   5.9728696e+00
   2.1290000e+01  -3.7932584e+01
   2.1300000e+01  -6.2786350e+01
   2.1310000e+01  -6.0308777e+01
   2.1320000e+01  -3.9899349e+01
   2.1330000e+01  -1.5953844e+01
   2.1340000e+01  -9.7928673e-01
   2.1350000e+01  -1.4514068e+00
   2.1360000e+01  -1.2740330e+01
   2.1370000e+01  -2.5668862e+01
   2.1380000e+01  -3.6386914e+01
   2.1390000e+01  -4.2026418e+01
   2.1400000e+01  -3.6430906e+01
   2.1410000e+01  -2.1774722e+01
   2.1420000e+01  -1.5098442e+01
   2.1430000e+01  -3.0846311e+01
   2.1440000e+01  -6.0857535e+01
   2.1450000e+01  -8.0606165e+01
   2.1460000e+01  -7.5127740e+01
   2.1470000e+01  -5.3534421e+01
   2.1480000e+01  -3.6164414e+01
   2.1490000e+01  -3.1273788e+01
   2.1500000e+01  -2.9635100e+01
   2.1510000e+01  -2.1036571e+01
   2.1520000e+01  -7.8881851e+00
   2.1530000e+01   1.2950354e+00
   2.1540000e+01   4.8092495e+00
   2.1550000e+01   8.6882898e+00
   2.1560000e+01   1.8426802e+01
   2.1570000e+01   3.3020600e+01
   2.1580000e+01   4.6843906e+01
   2.1590000e+01   5.6351637e+01
   2.1600000e+01   6.3021609e+01
   2.1610000e+01   6.9458399e+01
   2.1620000e+01   7.3926528e+01
   2.1630000e+01   7.0367763e+01
   2.1640000e+01   5.7199109e+01
   2.1650000e+01   4.5289487e+01
   2.1660000e+01   4.8906696e+01
   2.1670000e+01   6.6812621e+01
   2.1680000e+01   8.1545707e+01
   2.1690000e+01   7.9758161e+01
   2.1700000e+01   6.5182600e+01
   2.1710000e+01   4.9966992e+01
   2.1720000e+01   3.9718296e+01
   2.1730000e+01   3.0544164e+01
   2.1740000e+01   1.8990834e+01
   2.1750000e+01   9.4989810e+00
   2.1760000e+01   7.6319961e+00
   2.1770000e+01   9.7235286e+00
   2.1780000e+01   6.8079885e+00
   2.1790000e+01  -1.7571562e+00
   2.1800000e+01  -6.3055002e+00
   2.1810000e+01  -9.2925598e-01
   2.1820000e+01   6.5029559e+00
   2.1830000e+01   2.9919228e+00
   2.1840000e+01  -1.3423972e+01
   2.1850000e+01  -3.0343939e+01
   2.1860000e+01  -3.4628911e+01
   2.1870000e+01  -2.7234103e+01
   2.1880000e+01  -2.1919130e+01
   2.1890000e+01  -2.8912957e+01
   2.1900000e+01  -4.3402851e+01
   2.1910000e+01  -5.3566074e+01
   2.1920000e+01  -5.6193245e+01
   2.1930000e+01  -5.7973345e+01
   2.1940000e+01  -6.3770600e+01
   2.1950000e+01  -7.1034093e+01
   2.1960000e+01  -7.5663765e+01
   2.1970000e+01  -7.7108023e+01
   2.1980000e+01  -7.6338470e+01
   2.1990000e+01  -7.3224578e+01
   2.2000000e+01  -6.6844293e+01
   2.2010000e+01  -5.5896241e+01
   2.2020000e+01  -4.0274922e+01
   2.2030000e+01  -2.4551772e+01
   2.2040000e+01  -1.6984282e+01
   2.2050000e+01  -2.1423442e+01
   2.2060000e+01  -3.1260301e+01
   2.2070000e+01  -3.4786340e+01
   2.2080000e+01  -2.7934988e+01
   2.2090000e+01  -1.8465992e+01
   2.2100000e+01  -1.3767603e+01
   2.2110000e+01  -9.7483362e+00
   2.2120000e+01   1.1620865e+00
   2.2130000e+01   1.6335347e+01
   2.2140000e+01   2.5072099e+01
   2.2150000e+01   2.1775276e+01
   2.2160000e+01   1.1358985e+01
   2.2170000e+01   2.3167037e+00
   2.2180000e+01  -1.2052282e+00
   2.2190000e+01  -6.4262438e-01
   2.2200000e+01  -5.8091638e-01
   2.2210000e+01  -6.0574670e+00
   2.2220000e+01  -1.9036063e+01
   2.2230000e+01  -3.5039509e+01
   2.2240000e+01  -4.5425768e+01
   2.2250000e+01  -4.5975523e+01
   2.2260000e+01  -4.0465534e+01
   2.2270000e+01  -3.2885492e+01
   2.2280000e+01  -2.0517977e+01
   2.2290000e+01   2.3067430e-01
   2.2300000e+01   2.3394723e+01
   2.2310000e+01   3.5696794e+01
   2.2320000e+01   3.0907180e+01
   2.2330000e+01   1.5787061e+01
   2.2340000e+01   8.6361280e-01
   2.2350000e+01  -7.0783395e+00
   2.2360000e+01  -4.5832979e+00
   2.2370000e+01   6.3847950e+00
   2.2380000e+01   1.6781456e+01
   2.2390000e+01   1.9271327e+01
   2.2400000e+01   1.6935420e+01
   2.2410000e+01   1.7614748e+01
   2.2420000e+01   2.3074921e+01
   2.2430000e+01   2.8595005e+01
   2.2440000e+01   3.0728968e+01
   2.2450000e+01   3.1099456e+01
   2.2460000e+01   3.2772032e+01
   2.2470000e+01   3.5623585e+01
   2.2480000e+01   3.6665534e+01
   2.2490000e+01   3.4654373e+01
   2.2500000e+01   3.2067248e+01
   2.2510000e+01   3.1253058e+01
   2.2520000e+01   3.1716273e+01
   2.2530000e+01   3.3208845e+01
   2.2540000e+01   3.7979648e+01
   2.2550000e+01   4.6943081e+01
   2.2560000e+01   5.6940223e+01
   2.2570000e+01   6.4948538e+01
   2.2580000e+01   7.1831663e+01
   2.2590000e+01   7.8950412e+01
   2.2600000e+01   8.3584591e+01
   2.2610000e+01   8.1548522e+01
   2.2620000e+01   7.3329945e+01
   2.2630000e+01   6.3293550e+01
   2.2640000e+01   5.3617457e+01
   2.2650000e+01   4.3909374e+01
   2.2660000e+01   3.6067133e+01
   2.2670000e+01   3.4329013e+01
   2.2680000e+01   3.9608828e+01
   2.2690000e+01   4.6622543e+01
   2.2700000e+01   4.7703342e+01
   2.2710000e+01   3.8801973e+01
   2.2720000e+01   2.1825384e+01
   2.2730000e+01   2.5968841e+00
   2.2740000e+01  -1.2698382e+01
   2.2750000e+01  -2.0931751e+01
   2.2760000e+01  -2.3220537e+01
   2.2770000e+01  -2.1813142e+01
   2.2780000e+01  -1.7036101e+01
   2.2790000e+01  -9.4934334e+00
   2.2800000e+01  -2.8055980e+00
   2.2810000e+01  -1.0657146e+00
   2.2820000e+01  -5.0030030e+00
   2.2830000e+01  -1.1769163e+01
   2.2840000e+01  -1.7561200e+01
   2.2850000e+01  -2.1201554e+01
   2.2860000e+01  -2.4916006e+01
   2.2870000e+01  -3.0148826e+01
   2.2880000e+01  -3.4937494e+01
   2.2890000e+01  -3.7396556e+01
   2.2900000e+01  -3.8952508e+01
   2.2910000e+01  -4.1950199e+01
   2.2920000e+01  -4.6193834e+01
   2.2930000e+01  -5.0198518e+01
   2.2940000e+01  -5.4395774e+01
   2.2950000e+01  -6.0589095e+01
   2.2960000e+01  -6.8838878e+01
   2.2970000e+01  -7.6441661e+01
   2.2980000e+01  -7.9695154e+01
   2.2990000e+01  -7.6870665e+01
   2.3000000e+01  -7.0420876e+01
   2.3010000e+01  -6.5418530e+01
   2.3020000e+01  -6.4845607e+01
   2.3030000e+01  -6.7082385e+01
   2.3040000e+01  -6.8412731e+01
   2.3050000e+01  -6.7102197e+01
   2.3060000e+01  -6.4390458e+01
   2.3070000e+01  -6.2598887e+01
   2.3080000e+01  -6.3319582e+01
   2.3090000e+01  -6.6076966e+01
   2.3100000e+01  -6.7619318e+01
   2.3110000e+01  -6.4032116e+01
   2.3120000e+01  -5.4437526e+01
   2.3130000e+01  -4.1832580e+01
   2.3140000e+01  -2.9992718e+01
   2.3150000e+01  -1.9857071e+01
   2.3160000e+01  -9.9687751e+00
   2.3170000e+01  -2.4515788e-01
   2.3180000e+01   7.1893611e+00
   2.3190000e+01   1.0940299e+01
   2.3200000e+01   1.1351674e+01
   2.3210000e+01   8.5780795e+00
   2.3220000e+01   2.5081281e+00
   2.3230000e+01  -4.7610124e+00
   2.3240000e+01  -9.3819747e+00
   2.3250000e+01  -1.0543827e+01
   2.3260000e+01  -1.2606485e+01
   2.3270000e+01  -1.9918531e+01
   2.3280000e+01  -3.0045285e+01
   2.3290000e+01  -3.4204983e+01
   2.3300000e+01  -2.5766948e+01
   2.3310000e+01  -8.0789793e+00
   2.3320000e+01   8.7991301e+00
   2.3330000e+01   1.9955769e+01
   2.3340000e+01   2.9310334e+01
   2.3350000e+01   3.9380303e+01
   2.3360000e+01   4.4443635e+01
   2.3370000e+01   3.9188924e+01
   2.3380000e+01   2.8555882e+01
   2.3390000e+01   2.2459335e+01
   2.3400000e+01   2.3500327e+01
   2.3410000e+01   2.5238186e+01
   2.3420000e+01   2.2200968e+01
   2.3430000e+01   1.7304307e+01
   2.3440000e+01   1.7053273e+01
   2.3450000e+01   2.1882536e+01
   2.3460000e+01   2.5291501e+01
   2.3470000e+01   2.2874712e+01
   2.3480000e+01   1.8515609e+01
   2.3490000e+01   1.8927373e+01
   2.3500000e+01   2.4722066e+01
   2.3510000e+01   3.1367778e+01
   2.3520000e+01   3.6575616e+01
   2.3530000e+01   4.0195025e+01
   2.3540000e+01   3.8815949e+01
   2.3550000e+01   2.8334480e+01
   2.3560000e+01   1.1437507e+01
   2.3570000e+01  -3.6846112e+00
   2.3580000e+01  -1.2138349e+01
   2.3590000e+01  -1.5642803e+01
   2.3600000e+01  -1.7830936e+01
   2.3610000e+01  -2.0355334e+01
   2.3620000e+01  -2.3048181e+01
   2.3630000e+01  -2.4902955e+01
   2.3640000e+01  -2.5284526e+01
   2.3650000e+01  -2.4710889e+01
   2.3660000e+01  -2.3692148e+01
   2.3670000e+01  -2.1591038e+01
   2.3680000e+01  -1.7058610e+01
   2.3690000e+01  -9.2730948e+00
   2.3700000e+01   2.8655939e-01
   2.3710000e+01   7.5846773e+00
   2.3720000e+01   9.7356702e+00
   2.3730000e+01   8.6516155e+00
   2.3740000e+01   8.6103552e+00
   2.3750000e+01   1.1313852e+01
   2.3760000e+01   1.6279619e+01
   2.3770000e+01   2.3913141e+01
   2.3780000e+01   3.3676398e+01
   2.3790000e+01   4.0791129e+01
   2.3800000e+01   4.0027468e+01
   2.3810000e+01   3.2965540e+01
   2.3820000e+01   2.7655090e+01
   2.3830000e+01   3.0235474e+01
   2.3840000e+01   3.9071175e+01
   2.3850000e+01   4.7827746e+01
   2.3860000e+01   5.2600629e+01
   2.3870000e+01   5.4904684e+01
   2.3880000e+01   5.8475490e+01
   2.3890000e+01   6.4271124e+01
   2.3900000e+01   6.9427651e+01
   2.3910000e+01   7.1149389e+01
   2.3920000e+01   7.0220677e+01
   2.3930000e+01   6.9824558e+01
   2.3940000e+01   7.1971673e+01
   2.3950000e+01   7.5548137e+01
   2.3960000e+01   7.6819387e+01
   2.3970000e+01   7.2194032e+01
   2.3980000e+01   6.1743531e+01
   2.3990000e+01   4.9350605e+01
   2.4000000e+01   3.8791566e+01
   2.4010000e+01   3.0679067e+01
   2.4020000e+01   2.3331078e+01
   2.4030000e+01   1.5967003e+01
   2.4040000e+01   1.0763118e+01
   2.4050000e+01   1.0697580e+01
   2.4060000e+01   1.4747084e+01
   2.4070000e+01   1.7171939e+01
   2.4080000e+01   1.3821327e+01
   2.4090000e+01   7.7378507e+00
   2.4100000e+01   5.5422943e+00
   2.4110000e+01   9.0368839e+00
   2.4120000e+01   1.3239451e+01
   2.4130000e+01   1.2495175e+01
   2.4140000e+01   6.0910969e+00
   2.4150000e+01  -2.5599963e+00
   2.4160000e+01  -1.0670983e+01
   2.4170000e+01  -1.8878480e+01
   2.4180000e+01  -2.8747300e+01
   2.4190000e+01  -3.8256007e+01
   2.4200000e+01  -4.2783446e+01
   2.4210000e+01  -4.1563302e+01
   2.4220000e+01  -3.9764292e+01
   2.4230000e+01  -4.2371229e+01
   2.4240000e+01  -4.8737514e+01
   2.4250000e+01  -5.4904645e+01
   2.4260000e+01  -5.8794537e+01
   2.4270000e+01  -6.0710091e+01
   2.4280000e+01  -6.0580231e+01
   2.4290000e+01  -5.8063758e+01
   2.4300000e+01  -5.4793123e+01
   2.4310000e+01  -5.2937483e+01
   2.4320000e+01  -5.1284919e+01
   2.4330000e+01  -4.6336478e+01
   2.4340000e+01  -3.8014683e+01
   2.4350000e+01  -3.0909858e+01
   2.4360000e+01  -2.8701121e+01
   2.4370000e+01  -2.9862328e+01
   2.4380000e+01  -3.0326658e+01
   2.4390000e+01  -2.8943509e+01
   2.4400000e+01  -2.8591018e+01
   2.4410000e+01  -3.2563061e+01
   2.4420000e+01  -4.1189609e+01
   2.4430000e+01  -5.1083980e+01
   2.4440000e+01  -5.7262655e+01
   2.4450000e+01  -5.7620804e+01
   2.4460000e+01  -5.5184115e+01
   2.4470000e+01  -5.4538617e+01
   2.4480000e+01  -5.6859628e+01
   2.4490000e+01  -5.9884563e+01
   2.4500000e+01  -6.1642511e+01
   2.4510000e+01  -6.2126906e+01
   2.4520000e+01  -6.1799743e+01
   2.4530000e+01  -6.0398196e+01
   2.4540000e+01  -5.7438982e+01
   2.4550000e+01  -5.3021265e+01
   2.4560000e+01  -4.7743904e+01
   2.4570000e+01  -4.1819997e+01
   2.4580000e+01  -3.4792716e+01
   2.4590000e+01  -2.6750889e+01
   2.4600000e+01  -1.9212638e+01
   2.4610000e+01  -1.3623306e+01
   2.4620000e+01  -9.1295204e+00
   2.4630000e+01  -2.8933965e+00
   2.4640000e+01   7.1230677e+00
   2.4650000e+01   1.9982254e+01
   2.4660000e+01   3.2558802e+01
   2.4670000e+01   4.2374792e+01
   2.4680000e+01   4.8450600e+01
   2.4690000e+01   4.9338234e+01
   2.4700000e+01   4.3654681e+01
   2.4710000e+01   3.3833512e+01
   2.4720000e+01   2.5328539e+01
   2.4730000e+01   2.0300413e+01
   2.4740000e+01   1.6118640e+01
   2.4750000e+01   1.1654809e+01
   2.4760000e+01   1.0423927e+01
   2.4770000e+01   1.4682119e+01
   2.4780000e+01   2.0012405e+01
   2.4790000e+01   1.9985941e+01
   2.4800000e+01   1.4905243e+01
   2.4810000e+01   1.1593778e+01
   2.4820000e+01   1.4116479e+01
   2.4830000e+01   1.8500590e+01
   2.4840000e+01   1.8005307e+01
   2.4850000e+01   1.0679311e+01
   2.4860000e+01   2.3179701e-01
   2.4870000e+01  -8.3585441e+00
   2.4880000e+01  -1.3218823e+01
   2.4890000e+01  -1.6586384e+01
   2.4900000e+01  -2.0892615e+01
   2.4910000e+01  -2.4954234e+01
   2.4920000e+01  -2.6195904e+01
   2.4930000e+01  -2.4036216e+01
   2.4940000e+01  -1.9384580e+01
   2.4950000e+01  -1.4377827e+01
   2.4960000e+01  -1.2915872e+01
   2.4970000e+01  -1.7263808e+01
   2.4980000e+01  -2.4087743e+01
   2.4990000e+01  -2.7217521e+01
   2.5000000e+01  -2.4226329e+01
   2.5010000e+01  -1.8424191e+01
   2.5020000e+01  -1.4504145e+01
   2.5030000e+01  -1.2711224e+01
   2.5040000e+01  -8.3267083e+00
   2.5050000e+01   1.6036509e+00
   2.5060000e+01   1.3193171e+01
   2.5070000e+01   2.0578452e+01
   2.5080000e+01   2.3588836e+01
   2.5090000e+01   2.6893376e+01
   2.5100000e+01   3.3124590e+01
   2.5110000e+01   3.9998822e+01
   2.5120000e+01   4.3922037e+01
   2.5130000e+01   4.4696954e+01
   2.5140000e+01   4.5960091e+01
   2.5150000e+01   5.0805491e+01
   2.5160000e+01   5.7656961e+01
   2.5170000e+01   6.1995676e+01
   2.5180000e+01   6.2085461e+01
   2.5190000e+01   6.0928455e+01
   2.5200000e+01   6.2025716e+01
   2.5210000e+01   6.5235401e+01
   2.5220000e+01   6.7963959e+01
   2.5230000e+01   6.9013162e+01
   2.5240000e+01   6.9722394e+01
   2.5250000e+01   7.1599726e+01
   2.5260000e+01   7.4006961e+01
   2.5270000e+01   7.5071279e+01
   2.5280000e+01   7.4769960e+01
   2.5290000e+01   7.5556267e+01
   2.5300000e+01   7.8892730e+01
   2.5310000e+01   8.2589015e+01
   2.5320000e+01   8.2817507e+01
   2.5330000e+01   7.7903442e+01
   2.5340000e+01   6.9990444e+01
   2.5350000e+01   6.3734423e+01
   2.5360000e+01   6.2167084e+01
   2.5370000e+01   6.2569139e+01
   2.5380000e+01   5.7877663e+01
   2.5390000e+01   4.3883713e+01
   2.5400000e+01   2.4388121e+01
   2.5410000e+01   7.6547389e+00
   2.5420000e+01  -1.9255246e+00
   2.5430000e+01  -6.4866256e+00
   2.5440000e+01  -9.2453620e+00
   2.5450000e+01  -1.0186178e+01
   2.5460000e+01  -8.5792025e+00
   2.5470000e+01  -6.3151211e+00
   2.5480000e+01  -6.3947391e+00
   2.5490000e+01  -9.6906440e+00
   2.5500000e+01  -1.4469821e+01
   2.5510000e+01  -1.8491950e+01
   2.5520000e+01  -2.1229947e+01
   2.5530000e+01  -2.4168037e+01
   2.5540000e+01  -2.8606664e+01
   2.5550000e+01  -3.3534063e+01
   2.5560000e+01  -3.7201921e+01
   2.5570000e+01  -4.0361367e+01
   2.5580000e+01  -4.5268163e+01
   2.5590000e+01  -5.1820573e+01
   2.5600000e+01  -5.7530830e+01
   2.5610000e+01  -6.0974516e+01
   2.5620000e+01  -6.3290158e+01
   2.5630000e+01  -6.6585839e+01
   2.5640000e+01  -7.1737658e+01
   2.5650000e+01  -7.7828941e+01
   2.5660000e+01  -8.3634089e+01
   2.5670000e+01  -8.9027650e+01
   2.5680000e+01  -9.4247252e+01
   2.5690000e+01  -9.8278631e+01
   2.5700000e+01  -9.9236764e+01
   2.5710000e+01  -9.6445307e+01
   2.5720000e+01  -9.1403401e+01
   2.5730000e+01  -8.6845709e+01
   2.5740000e+01  -8.4783479e+01
   2.5750000e+01  -8.4625819e+01
   2.5760000e+01  -8.3533043e+01
   2.5770000e+01  -7.9384803e+01
   2.5780000e+01  -7.2683967e+01
   2.5790000e+01  -6.4622995e+01
   2.5800000e+01  -5.4534681e+01
   2.5810000e+01  -4.1919108e+01
   2.5820000e+01  -3.0606314e+01
   2.5830000e+01  -2.6809391e+01
   2.5840000e+01  -3.1943840e+01
   2.5850000e+01  -4.0849934e+01
   2.5860000e+01  -4.7622533e+01
   2.5870000e+01  -4.9810747e+01
   2.5880000e+01  -4.6956721e+01
   2.5890000e+01  -3.8502430e+01
   2.5900000e+01  -2.4460434e+01
   2.5910000e+01  -7.3232270e+00
   2.5920000e+01   7.8506177e+00
   2.5930000e+01   1.6781339e+01
   2.5940000e+01   1.9916696e+01
   2.5950000e+01   2.1709474e+01
   2.5960000e+01   2.5298134e+01
   2.5970000e+01   2.9814662e+01
   2.5980000e+01   3.3876072e+01
   2.5990000e+01   3.8392254e+01
   2.6000000e+01   4.3603988e+01
   2.6010000e+01   4.6512167e+01
   2.6020000e+01   4.4343812e+01
   2.6030000e+01   3.9390631e+01
   2.6040000e+01   3.7833186e+01
   2.6050000e+01   4.2840348e+01
   2.6060000e+01   5.0835792e+01
   2.6070000e+01   5.6504929e+01
   2.6080000e+01   5.9025315e+01
   2.6090000e+01   6.0851071e+01
   2.6100000e+01   6.3071377e+01
   2.6110000e+01   6.5047887e+01
   2.6120000e+01   6.7137759e+01
   2.6130000e+01   7.1066108e+01
   2.6140000e+01   7.7583000e+01
   2.6150000e+01   8.5111650e+01
   2.6160000e+01   9.0976434e+01
   2.6170000e+01   9.3342697e+01
   2.6180000e+01   9.1963665e+01
   2.6190000e+01   8.8115897e+01
   2.6200000e+01   8.3971449e+01
   2.6210000e+01   8.0264457e+01
   2.6220000e+01   7.4854082e+01
   2.6230000e+01   6.6413485e+01
   2.6240000e+01   5.8459481e+01
   2.6250000e+01   5.5502083e+01
   2.6260000e+01   5.5630451e+01
   2.6270000e+01   5.1223844e+01
   2.6280000e+01   3.8225072e+01
   2.6290000e+01   2.1807378e+01
   2.6300000e+01   1.0406183e+01
   2.6310000e+01   5.9158672e+00
   2.6320000e+01   3.3057521e+00
   2.6330000e+01  -1.1268622e+00
   2.6340000e+01  -5.6377967e+00
   2.6350000e+01  -7.5665021e+00
   2.6360000e+01  -7.7645380e+00
   2.6370000e+01  -8.6883381e+00
   2.6380000e+01  -1.0599348e+01
   2.6390000e+01  -1.1449014e+01
   2.6400000e+01  -1.0071615e+01
   2.6410000e+01  -8.6795001e+00
   2.6420000e+01  -1.1164706e+01
   2.6430000e+01  -1.8770278e+01
   2.6440000e+01  -2.8696972e+01
   2.6450000e+01  -3.7054130e+01
   2.6460000e+01  -4.1712314e+01
   2.6470000e+01  -4.2572937e+01
   2.6480000e+01  -4.1164313e+01
   2.6490000e+01  -3.9964280e+01
   2.6500000e+01  -4.0536225e+01
   2.6510000e+01  -4.2540584e+01
   2.6520000e+01  -4.4984814e+01
   2.6530000e+01  -4.7395177e+01
   2.6540000e+01  -4.9477034e+01
   2.6550000e+01  -5.0644102e+01
   2.6560000e+01  -5.0450326e+01
   2.6570000e+01  -4.9369124e+01
   2.6580000e+01  -4.8731340e+01
   2.6590000e+01  -4.9170330e+01
   2.6600000e+01  -4.9318620e+01
   2.6610000e+01  -4.7116855e+01
   2.6620000e+01  -4.2442678e+01
   2.6630000e+01  -3.7561717e+01
   2.6640000e+01  -3.4722818e+01
   2.6650000e+01  -3.4097992e+01
   2.6660000e+01  -3.4561102e+01
   2.6670000e+01  -3.5142819e+01
   2.6680000e+01  -3.4539284e+01
   2.6690000e+01  -3.0920651e+01
   2.6700000e+01  -2.4109222e+01
   2.6710000e+01  -1.6425960e+01
   2.6720000e+01  -1.0125894e+01
   2.6730000e+01  -5.9153764e+00
   2.6740000e+01  -4.3031685e+00
   2.6750000e+01  -5.6416348e+00
   2.6760000e+01  -7.8865829e+00
   2.6770000e+01  -6.7274912e+00
   2.6780000e+01  -2.5221568e-01
   2.6790000e+01   7.5336304e+00
   2.6800000e+01   1.0484533e+01
   2.6810000e+01   7.7182438e+00
   2.6820000e+01   4.7000767e+00
   2.6830000e+01   5.6582046e+00
   2.6840000e+01   7.9176726e+00
   2.6850000e+01   6.8759256e+00
   2.6860000e+01   3.5002788e+00
   2.6870000e+01   2.6119354e+00
   2.6880000e+01   5.8735659e+00
   2.6890000e+01   1.0199019e+01
   2.6900000e+01   1.2389684e+01
   2.6910000e+01   1.2810367e+01
   2.6920000e+01   1.3829573e+01
   2.6930000e+01   1.6325795e+01
   2.6940000e+01   1.9200751e+01
   2.6950000e+01   2.1270415e+01
   2.6960000e+01   2.2079084e+01
   2.6970000e+01   2.1341339e+01
   2.6980000e+01   1.9097444e+01
   2.6990000e+01   1.6581603e+01
   2.7000000e+01   1.5681807e+01
   2.7010000e+01   1.7157480e+01
   2.7020000e+01   2.0351154e+01
   2.7030000e+01   2.4296393e+01
   2.7040000e+01   2.7465942e+01
   2.7050000e+01   2.7329914e+01
   2.7060000e+01   2.2399201e+01
   2.7070000e+01   1.4272273e+01
   2.7080000e+01   6.6889998e+00
   2.7090000e+01   3.0022978e+00
   2.7100000e+01   4.0490774e+00
   2.7110000e+01   7.4548969e+00
   2.7120000e+01   9.4036099e+00
   2.7130000e+01   7.5208020e+00
   2.7140000e+01   1.9756254e+00
   2.7150000e+01  -5.4278320e+00
   2.7160000e+01  -1.2557325e+01
   2.7170000e+01  -1.8123840e+01
   2.7180000e+01  -2.2238503e+01
   2.7190000e+01  -2.5595191e+01
   2.7200000e+01  -2.8319237e+01
   2.7210000e+01  -2.9894235e+01
   2.7220000e+01  -2.9689335e+01
   2.7230000e+01  -2.7318630e+01
   2.7240000e+01  -2.2900874e+01
   2.7250000e+01  -1.7277836e+01
   2.7260000e+01  -1.1859900e+01
   2.7270000e+01  -7.7217318e+00
   2.7280000e+01  -4.7379328e+00
   2.7290000e+01  -2.3581174e+00
   2.7300000e+01  -1.1106693e+00
   2.7310000e+01  -2.0266626e+00
   2.7320000e+01  -4.7124138e+00
   2.7330000e+01  -7.5398412e+00
   2.7340000e+01  -9.5863140e+00
   2.7350000e+01  -1.0551633e+01
   2.7360000e+01  -8.7009096e+00
   2.7370000e+01  -1.4980432e+00
   2.7380000e+01   1.0133496e+01
   2.7390000e+01   2.0387007e+01
   2.7400000e+01   2.3952108e+01
   2.7410000e+01   2.1472997e+01
   2.7420000e+01   1.7836127e+01
   2.7430000e+01   1.6470102e+01
   2.7440000e+01   1.6837829e+01
   2.7450000e+01   1.7181492e+01
   2.7460000e+01   1.7993852e+01
   2.7470000e+01   2.0693369e+01
   2.7480000e+01   2.4148979e+01
   2.7490000e+01   2.5764420e+01
   2.7500000e+01   2.5499085e+01
   2.7510000e+01   2.5861998e+01
   2.7520000e+01   2.7785654e+01
   2.7530000e+01   2.9204633e+01
   2.7540000e+01   2.8479365e+01
   2.7550000e+01   2.6723451e+01
   2.7560000e+01   2.5506553e+01
   2.7570000e+01   2.4163314e+01
   2.7580000e+01   2.0942094e+01
   2.7590000e+01   1.5971474e+01
   2.7600000e+01   1.1427953e+01
   2.7610000e+01   8.5270421e+00
   2.7620000e+01   6.0672229e+00
   2.7630000e+01   3.1881296e+00
   2.7640000e+01   1.9047312e+00
   2.7650000e+01   4.6370594e+00
   2.7660000e+01   1.0246962e+01
   2.7670000e+01   1.4835848e+01
   2.7680000e+01   1.5828076e+01
   2.7690000e+01   1.3792124e+01
   2.7700000e+01   1.0733621e+01
   2.7710000e+01   7.7383681e+00
   2.7720000e+01   5.1009794e+00
   2.7730000e+01   4.1027188e+00
   2.7740000e+01   6.4891389e+00
   2.7750000e+01   1.1698336e+01
   2.7760000e+01   1.6392643e+01
   2.7770000e+01   1.7377385e+01
   2.7780000e+01   1.4421469e+01
   2.7790000e+01   1.0578398e+01
   2.7800000e+01   9.5239517e+00
   2.7810000e+01   1.2050031e+01
   2.7820000e+01   1.5819850e+01
   2.7830000e+01   1.8075813e+01
   2.7840000e+01   1.7358573e+01
   2.7850000e+01   1.3626738e+01
   2.7860000e+01   8.6438460e+00
   2.7870000e+01   5.5874561e+00
   2.7880000e+01   6.2476083e+00
   2.7890000e+01   8.9943679e+00
   2.7900000e+01   1.0734143e+01
   2.7910000e+01   1.0146724e+01
   2.7920000e+01   8.4486103e+00
   2.7930000e+01   7.5777395e+00
   2.7940000e+01   7.5300289e+00
   2.7950000e+01   5.6462957e+00
   2.7960000e+01  -3.9558870e-01
   2.7970000e+01  -9.2730930e+00
   2.7980000e+01  -1.6784561e+01
   2.7990000e+01  -1.9613338e+01
   2.8000000e+01  -1.8019425e+01
   2.8010000e+01  -1.5332232e+01
   2.8020000e+01  -1.5175804e+01
   2.8030000e+01  -1.8898514e+01
   2.8040000e+01  -2.5037834e+01
   2.8050000e+01  -3.1076257e+01
   2.8060000e+01  -3.5830654e+01
   2.8070000e+01  -3.9940646e+01
   2.8080000e+01  -4.4196905e+01
   2.8090000e+01  -4.8091459e+01
   2.8100000e+01  -5.0350818e+01
   2.8110000e+01  -5.0582915e+01
   2.8120000e+01  -4.9565346e+01
   2.8130000e+01  -4.7852109e+01
   2.8140000e+01  -4.5561910e+01
   2.8150000e+01  -4.3758072e+01
   2.8160000e+01  -4.3977281e+01
   2.8170000e+01  -4.5747632e+01
   2.8180000e+01  -4.6418240e+01
   2.8190000e+01  -4.4394141e+01
   2.8200000e+01  -4.1325773e+01
   2.8210000e+01  -4.0094643e+01
   2.8220000e+01  -4.1286273e+01
   2.8230000e+01  -4.2647807e+01
   2.8240000e+01  -4.1906099e+01
   2.8250000e+01  -3.9234240e+01
   2.8260000e+01  -3.6428701e+01
   2.8270000e+01  -3.4095302e+01
   2.8280000e+01  -3.0772737e+01
   2.8290000e+01  -2.5235335e+01
   2.8300000e+01  -1.8646656e+01
   2.8310000e+01  -1.3639498e+01
   2.8320000e+01  -1.1464561e+01
   2.8330000e+01  -1.0529331e+01
   2.8340000e+01  -8.3300534e+00
   2.8350000e+01  -4.5907592e+00
   2.8360000e+01  -1.3264842e+00
   2.8370000e+01   1.9962686e-01
   2.8380000e+01   1.1848209e+00
   2.8390000e+01   3.5236850e+00
   2.8400000e+01   7.4747582e+00
   2.8410000e+01   1.1765451e+01
   2.8420000e+01   1.5242449e+01
   2.8430000e+01   1.7754539e+01
   2.8440000e+01   1.9755412e+01
   2.8450000e+01   2.1357344e+01
   2.8460000e+01   2.2002723e+01
   2.8470000e+01   2.1619332e+01
   2.8480000e+01   2.1570633e+01
   2.8490000e+01   2.3100787e+01
   2.8500000e+01   2.5323151e+01
   2.8510000e+01   2.6440354e+01
   2.8520000e+01   2.6682559e+01
   2.8530000e+01   2.7966338e+01
   2.8540000e+01   3.0258143e+01
   2.8550000e+01   3.0809878e+01
   2.8560000e+01   2.8186012e+01
   2.8570000e+01   2.4495205e+01
   2.8580000e+01   2.2437895e+01
   2.8590000e+01   2.2382656e+01
   2.8600000e+01   2.2984331e+01
   2.8610000e+01   2.2976020e+01
   2.8620000e+01   2.2014860e+01
   2.8630000e+01   2.0607224e+01
   2.8640000e+01   1.9412532e+01
   2.8650000e+01   1.8428381e+01
   2.8660000e+01   1.7130844e+01
   2.8670000e+01   1.5794655e+01
   2.8680000e+01   1.5731447e+01
   2.8690000e+01   1.7349520e+01
   2.8700000e+01   1.9325781e+01
   2.8710000e+01   2.0576722e+01
   2.8720000e+01   2.1709329e+01
   2.8730000e+01   2.3943155e+01
   2.8740000e+01   2.7381804e+01
   2.8750000e+01   3.0525378e+01
   2.8760000e+01   3.1384457e+01
   2.8770000e+01   2.9147769e+01
   2.8780000e+01   2.4464628e+01
   2.8790000e+01   1.8513404e+01
   2.8800000e+01   1.3045843e+01
   2.8810000e+01   1.0640861e+01
   2.8820000e+01   1.2621096e+01
   2.8830000e+01   1.6892473e+01
   2.8840000e+01   1.9764946e+01
   2.8850000e+01   1.9697746e+01
   2.8860000e+01   1.8075544e+01
   2.8870000e+01   1.6880880e+01
   2.8880000e+01   1.6676549e+01
   2.8890000e+01   1.6710715e+01
   2.8900000e+01   1.6212244e+01
   2.8910000e+01   1.5229797e+01
   2.8920000e+01   1.4248789e+01
   2.8930000e+01   1.3202335e+01
   2.8940000e+01   1.1450878e+01
   2.8950000e+01   9.0271924e+00
   2.8960000e+01   7.1653902e+00
   2.8970000e+01   7.0824875e+00
   2.8980000e+01   8.8256288e+00
   2.8990000e+01   1.1252742e+01
   2.9000000e+01   1.2399490e+01
   2.9010000e+01   1.0523327e+01
   2.9020000e+01   5.6885916e+00
   2.9030000e+01   1.6957393e-01
   2.9040000e+01  -3.0619535e+00
   2.9050000e+01  -2.8953384e+00
   2.9060000e+01  -1.3175691e+00
   2.9070000e+01  -1.4252751e+00
   2.9080000e+01  -4.2510292e+00
   2.9090000e+01  -7.7198145e+00
   2.9100000e+01  -8.4430385e+00
   2.9110000e+01  -5.1828148e+00
   2.9120000e+01  -1.0555752e+00
   2.9130000e+01  -1.2988986e+00
   2.9140000e+01  -8.0121442e+00
   2.9150000e+01  -1.7859324e+01
   2.9160000e+01  -2.5673713e+01
   2.9170000e+01  -2.9298772e+01
   2.9180000e+01  -2.9973394e+01
   2.9190000e+01  -2.9078668e+01
   2.9200000e+01  -2.6766108e+01
   2.9210000e+01  -2.4348857e+01
   2.9220000e+01  -2.5025960e+01
   2.9230000e+01  -3.0117520e+01
   2.9240000e+01  -3.6975755e+01
   2.9250000e+01  -4.2182717e+01
   2.9260000e+01  -4.4703675e+01
   2.9270000e+01  -4.5026638e+01
   2.9280000e+01  -4.3405471e+01
   2.9290000e+01  -4.0419063e+01
   2.9300000e+01  -3.8065383e+01
   2.9310000e+01  -3.8448682e+01
   2.9320000e+01  -4.0927012e+01
   2.9330000e+01  -4.2016664e+01
   2.9340000e+01  -3.9571043e+01
   2.9350000e+01  -3.5725999e+01
   2.9360000e+01  -3.3955411e+01
   2.9370000e+01  -3.4796921e+01
   2.9380000e+01  -3.6201099e+01
   2.9390000e+01  -3.6582899e+01
   2.9400000e+01  -3.5884714e+01
   2.9410000e+01  -3.4180175e+01
   2.9420000e+01  -3.0564564e+01
   2.9430000e+01  -2.4057661e+01
   2.9440000e+01  -1.5258331e+01
   2.9450000e+01  -6.6939537e+00
   2.9460000e+01  -1.1422232e+00
   2.9470000e+01   9.6686191e-01
   2.9480000e+01   1.8349223e+00
   2.9490000e+01   3.2292453e+00
   2.9500000e+01   4.4675091e+00
   2.9510000e+01   4.2400750e+00
   2.9520000e+01   3.1180714e+00
   2.9530000e+01   3.4433828e+00
   2.9540000e+01   6.6651373e+00
   2.9550000e+01   1.1005402e+01
   2.9560000e+01   1.3110073e+01
   2.9570000e+01   1.2517979e+01
   2.9580000e+01   1.2492181e+01
   2.9590000e+01   1.5321852e+01
   2.9600000e+01   1.8963770e+01
   2.9610000e+01   1.9964850e+01
   2.9620000e+01   1.8200419e+01
   2.9630000e+01   1.6913235e+01
   2.9640000e+01   1.8479223e+01
   2.9650000e+01   2.1699154e+01
   2.9660000e+01   2.3747473e+01
   2.9670000e+01   2.3766543e+01
   2.9680000e+01   2.3413844e+01
   2.9690000e+01   2.4192450e+01
   2.9700000e+01   2.5629401e+01
   2.9710000e+01   2.6399181e+01
   2.9720000e+01   2.6223366e+01
   2.9730000e+01   2.5878742e+01
   2.9740000e+01   2.5752850e+01
   2.9750000e+01   2.5530059e+01
   2.9760000e+01   2.5350761e+01
   2.9770000e+01   2.5930741e+01
   2.9780000e+01   2.6941192e+01
   2.9790000e+01   2.6501225e+01
   2.9800000e+01   2.3401766e+01
   2.9810000e+01   1.9139032e+01
   2.9820000e+01   1.6543607e+01
   2.9830000e+01   1.6451394e+01
   2.9840000e+01   1.6884729e+01
   2.9850000e+01   1.6171298e+01
   2.9860000e+01   1.5426061e+01
   2.9870000e+01   1.6350304e+01
   2.9880000e+01   1.8042329e+01
   2.9890000e+01   1.8101106e+01
   2.9900000e+01   1.6165595e+01
   2.9910000e+01   1.4482632e+01
   2.9920000e+01   1.4374667e+01
   2.9930000e+01   1.3626804e+01
   2.9940000e+01   9.5170922e+00
   2.9950000e+01   3.5251569e+00
   2.9960000e+01  -1.0067037e-01
   2.9970000e+01  -1.1627334e-01
   2.9980000e+01   7.6434883e-01
   2.9990000e+01   5.4497952e-01
   3.0000000e+01   1.0861878e-01
   3.0010000e+01   5.7934488e-01
   3.0020000e+01   1.5395451e+00
   3.0030000e+01   2.1469443e+00
   3.0040000e+01   2.0791702e+00
   3.0050000e+01   1.4356834e+00
   3.0060000e+01   7.4015561e-01
   3.0070000e+01   6.0254892e-01
   3.0080000e+01   7.0838897e-01
   3.0090000e+01  -3.8953845e-01
   3.0100000e+01  -3.6997288e+00
   3.0110000e+01  -8.3124180e+00
   3.0120000e+01  -1.2093414e+01
   3.0130000e+01  -1.3091763e+01
   3.0140000e+01  -1.0162886e+01
   3.0150000e+01  -3.9395637e+00
   3.0160000e+01   2.3021943e+00
   3.0170000e+01   4.3753368e+00
   3.0180000e+01   1.2625042e+00
   3.0190000e+01  -3.3349873e+00
   3.0200000e+01  -5.0635369e+00
   3.0210000e+01  -3.2154851e+00
   3.0220000e+01   2.4673112e-01
   3.0230000e+01   3.3456036e+00
   3.0240000e+01   4.6025330e+00
   3.0250000e+01   3.3553461e+00
   3.0260000e+01   9.5141249e-02
   3.0270000e+01  -4.2987151e+00
   3.0280000e+01  -8.8191062e+00
   3.0290000e+01  -1.2150485e+01
   3.0300000e+01  -1.3700963e+01
   3.0310000e+01  -1.4485682e+01
   3.0320000e+01  -1.6072557e+01
   3.0330000e+01  -1.8911007e+01
   3.0340000e+01  -2.1906752e+01
   3.0350000e+01  -2.3296410e+01
   3.0360000e+01  -2.2103991e+01
   3.0370000e+01  -1.9109938e+01
   3.0380000e+01  -1.6068969e+01
   3.0390000e+01  -1.4066612e+01
   3.0400000e+01  -1.3501198e+01
   3.0410000e+01  -1.4692903e+01
   3.0420000e+01  -1.6828086e+01
   3.0430000e+01  -1.7830909e+01
   3.0440000e+01  -1.6676904e+01
   3.0450000e+01  -1.4215881e+01
   3.0460000e+01  -1.1457182e+01
   3.0470000e+01  -8.6506661e+00
   3.0480000e+01  -6.2689239e+00
   3.0490000e+01  -5.5940553e+00
   3.0500000e+01  -7.1611433e+00
   3.0510000e+01  -9.3781850e+00
   3.0520000e+01  -1.0114112e+01
   3.0530000e+01  -9.1188383e+00
   3.0540000e+01  -7.9836892e+00
   3.0550000e+01  -8.3111769e+00
   3.0560000e+01  -1.0389982e+01
   3.0570000e+01  -1.3133647e+01
   3.0580000e+01  -1.4991835e+01
   3.0590000e+01  -1.5054486e+01
   3.0600000e+01  -1.3377456e+01
   3.0610000e+01  -1.0574060e+01
   3.0620000e+01  -7.5126610e+00
   3.0630000e+01  -5.2593813e+00
   3.0640000e+01  -4.5247231e+00
   3.0650000e+01  -4.6514358e+00
   3.0660000e+01  -3.6076241e+00
   3.0670000e+01   1.6408381e-01
   3.0680000e+01   5.7355186e+00
   3.0690000e+01   1.0467410e+01
   3.0700000e+01   1.3104940e+01
   3.0710000e+01   1.4904149e+01
   3.0720000e+01   1.7434357e+01
   3.0730000e+01   2.0390474e+01
   3.0740000e+01   2.1936623e+01
   3.0750000e+01   2.0764016e+01
   3.0760000e+01   1.7442138e+01
   3.0770000e+01   1.3739218e+01
   3.0780000e+01   1.0988986e+01
   3.0790000e+01   9.3701058e+00
   3.0800000e+01   8.5025939e+00
   3.0810000e+01   8.1808126e+00
   3.0820000e+01   8.2371520e+00
   3.0830000e+01   7.7620098e+00
   3.0840000e+01   5.2509801e+00
   3.0850000e+01   8.5918581e-01
   3.0860000e+01  -2.1621350e+00
   3.0870000e+01  -3.9702762e-01
   3.0880000e+01   5.7145125e+00
   3.0890000e+01   1.2103565e+01
   3.0900000e+01   1.4758845e+01
   3.0910000e+01   1.2900551e+01
   3.0920000e+01   9.0969768e+00
   3.0930000e+01   6.0314750e+00
   3.0940000e+01   3.4645921e+00
   3.0950000e+01  -2.6316032e-01
   3.0960000e+01  -4.4742426e+00
   3.0970000e+01  -6.2782378e+00
   3.0980000e+01  -4.2844604e+00
   3.0990000e+01  -2.9767281e-01
   3.1000000e+01   2.5591059e+00
   3.1010000e+01   2.2958505e+00
   3.1020000e+01  -7.4490328e-01
   3.1030000e+01  -4.2773683e+00
   3.1040000e+01  -6.1936434e+00
   3.1050000e+01  -6.4590561e+00
   3.1060000e+01  -6.3433083e+00
   3.1070000e+01  -6.4388519e+00
   3.1080000e+01  -6.4942225e+00
   3.1090000e+01  -6.3344926e+00
   3.1100000e+01  -5.7579060e+00
   3.1110000e+01  -4.4260327e+00
   3.1120000e+01  -2.6969674e+00
   3.1130000e+01  -1.4518039e+00
   3.1140000e+01  -6.7169076e-01
   3.1150000e+01   5.9900855e-01
   3.1160000e+01   2.7292149e+00
   3.1170000e+01   4.8306009e+00
   3.1180000e+01   5.8695083e+00
   3.1190000e+01   6.3143798e+00
   3.1200000e+01   7.9789285e+00
   3.1210000e+01   1.1549996e+01
   3.1220000e+01   1.5216914e+01
   3.1230000e+01   1.6811417e+01
   3.1240000e+01   1.6146913e+01
   3.1250000e+01   1.4180806e+01
   3.1260000e+01   1.1407003e+01
   3.1270000e+01   8.2188509e+00
   3.1280000e+01   5.7857002e+00
   3.1290000e+01   5.5677157e+00
   3.1300000e+01   7.7086727e+00
   3.1310000e+01   1.0255937e+01
   3.1320000e+01   1.0844151e+01
   3.1330000e+01   9.1521134e+00
   3.1340000e+01   6.9787100e+00
   3.1350000e+01   6.1138330e+00
   3.1360000e+01   6.9494178e+00
   3.1370000e+01   8.9034558e+00
   3.1380000e+01   1.1037219e+01
   3.1390000e+01   1.2102409e+01
   3.1400000e+01   1.0983592e+01
   3.1410000e+01   7.6671892e+00
   3.1420000e+01   3.4883897e+00
   3.1430000e+01  -6.6209800e-02
   3.1440000e+01  -2.6827983e+00
   3.1450000e+01  -4.9926620e+00
   3.1460000e+01  -7.5783853e+00
   3.1470000e+01  -1.0688911e+01
   3.1480000e+01  -1.4257780e+01
   3.1490000e+01  -1.7634765e+01
   3.1500000e+01  -1.9638722e+01
   3.1510000e+01  -1.9384775e+01
   3.1520000e+01  -1.7163171e+01
   3.1530000e+01  -1.4207596e+01
   3.1540000e+01  -1.1286882e+01
   3.1550000e+01  -7.9135311e+00
   3.1560000e+01  -3.8297469e+00
   3.1570000e+01  -7.6175585e-01
   3.1580000e+01  -9.4373606e-01
   3.1590000e+01  -4.1037571e+00
   3.1600000e+01  -7.6750037e+00
   3.1610000e+01  -9.7522883e+00
   3.1620000e+01  -1.0478745e+01
   3.1630000e+01  -1.1058975e+01
   3.1640000e+01  -1.2529295e+01
   3.1650000e+01  -1.4982097e+01
   3.1660000e+01  -1.7461554e+01
   3.1670000e+01  -1.8875224e+01
   3.1680000e+01  -1.8678805e+01
   3.1690000e+01  -1.6856872e+01
   3.1700000e+01  -1.4064389e+01
   3.1710000e+01  -1.1314590e+01
   3.1720000e+01  -9.1244621e+00
   3.1730000e+01  -7.4668461e+00
   3.1740000e+01  -6.1935133e+00
   3.1750000e+01  -5.0175187e+00
   3.1760000e+01  -3.5454638e+00
   3.1770000e+01  -1.8732451e+00
   3.1780000e+01  -1.1754560e+00
   3.1790000e+01  -2.9658284e+00
   3.1800000e+01  -7.1196464e+00
   3.1810000e+01  -1.1181393e+01
   3.1820000e+01  -1.2488162e+01
   3.1830000e+01  -1.0840595e+01
   3.1840000e+01  -8.4484658e+00
   3.1850000e+01  -7.5105877e+00
   3.1860000e+01  -8.4901615e+00
   3.1870000e+01  -1.0146227e+01
   3.1880000e+01  -1.0549495e+01
   3.1890000e+01  -8.6700748e+00
   3.1900000e+01  -5.2138030e+00
   3.1910000e+01  -1.6414026e+00
   3.1920000e+01   9.2614694e-01
   3.1930000e+01   1.6763595e+00
   3.1940000e+01   4.3539641e-01
   3.1950000e+01  -1.3838831e+00
   3.1960000e+01  -1.5053657e+00
   3.1970000e+01   6.1861592e-01
   3.1980000e+01   2.9494841e+00
   3.1990000e+01   3.6084032e+00
   3.2000000e+01   3.4506055e+00
   3.2010000e+01   4.5918317e+00
   3.2020000e+01   7.3088621e+00
   3.2030000e+01   9.9627800e+00
   3.2040000e+01   1.1379708e+01
   3.2050000e+01   1.1951766e+01
   3.2060000e+01   1.2781968e+01
   3.2070000e+01   1.4470806e+01
   3.2080000e+01   1.6533482e+01
   3.2090000e+01   1.7931978e+01
   3.2100000e+01   1.7927705e+01
   3.2110000e+01   1.6271482e+01
   3.2120000e+01   1.3423599e+01
   3.2130000e+01   1.0840762e+01
   3.2140000e+01   1.0199464e+01
   3.2150000e+01   1.2012707e+01
   3.2160000e+01   1.5267196e+01
   3.2170000e+01   1.8285360e+01
   3.2180000e+01   1.9700515e+01
   3.2190000e+01   1.9034186e+01
   3.2200000e+01   1.7108940e+01
   3.2210000e+01   1.5966197e+01
   3.2220000e+01   1.7422196e+01
   3.2230000e+01   2.1142698e+01
   3.2240000e+01   2.5039973e+01
   3.2250000e+01   2.7784082e+01
   3.2260000e+01   2.9466563e+01
   3.2270000e+01   2.9968013e+01
   3.2280000e+01   2.8719574e+01
   3.2290000e+01   2.6127701e+01
   3.2300000e+01   2.3565589e+01
   3.2310000e+01   2.1796278e+01
   3.2320000e+01   2.0478090e+01
   3.2330000e+01   1.9360520e+01
   3.2340000e+01   1.9039497e+01
   3.2350000e+01   1.9803166e+01
   3.2360000e+01   2.0368221e+01
   3.2370000e+01   1.9243658e+01
   3.2380000e+01   1.6998531e+01
   3.2390000e+01   1.5235082e+01
   3.2400000e+01   1.3806253e+01
   3.2410000e+01   1.1232422e+01
   3.2420000e+01   7.2645137e+00
   3.2430000e+01   3.2597745e+00
   3.2440000e+01   5.5972734e-01
   3.2450000e+01  -6.7888797e-01
   3.2460000e+01  -1.5644432e+00
   3.2470000e+01  -3.5639756e+00
   3.2480000e+01  -7.1258557e+00
   3.2490000e+01  -1.1066349e+01
   3.2500000e+01  -1.3386291e+01
   3.2510000e+01  -1.3194479e+01
   3.2520000e+01  -1.1956949e+01
   3.2530000e+01  -1.1857810e+01
   3.2540000e+01  -1.3020068e+01
   3.2550000e+01  -1.3884409e+01
   3.2560000e+01  -1.4066399e+01
   3.2570000e+01  -1.5046676e+01
   3.2580000e+01  -1.7967057e+01
   3.2590000e+01  -2.2032345e+01
   3.2600000e+01  -2.5536082e+01
   3.2610000e+01  -2.7883255e+01
   3.2620000e+01  -2.9794851e+01
   3.2630000e+01  -3.1523742e+01
   3.2640000e+01  -3.2099191e+01
   3.2650000e+01  -3.1024144e+01
   3.2660000e+01  -2.9610465e+01
   3.2670000e+01  -2.9599739e+01
   3.2680000e+01  -3.1017762e+01
   3.2690000e+01  -3.2166124e+01
   3.2700000e+01  -3.1382955e+01
   3.2710000e+01  -2.8264311e+01
   3.2720000e+01  -2.3664292e+01
   3.2730000e+01  -1.9264335e+01
   3.2740000e+01  -1.6852658e+01
   3.2750000e+01  -1.7256172e+01
   3.2760000e+01  -1.9763412e+01
   3.2770000e+01  -2.2681488e+01
   3.2780000e+01  -2.4362658e+01
   3.2790000e+01  -2.3718942e+01
   3.2800000e+01  -2.0458821e+01
   3.2810000e+01  -1.5569491e+01
   3.2820000e+01  -1.1145454e+01
   3.2830000e+01  -8.8965517e+00
   3.2840000e+01  -8.7482920e+00
   3.2850000e+01  -9.1006963e+00
   3.2860000e+01  -8.3026797e+00
   3.2870000e+01  -5.7520574e+00
   3.2880000e+01  -1.9325589e+00
   3.2890000e+01   2.0973667e+00
   3.2900000e+01   5.2069821e+00
   3.2910000e+01   6.6580245e+00
   3.2920000e+01   6.6659973e+00
   3.2930000e+01   6.5600026e+00
   3.2940000e+01   7.7161593e+00
   3.2950000e+01   1.0048950e+01
   3.2960000e+01   1.2076236e+01
   3.2970000e+01   1.2658291e+01
   3.2980000e+01   1.2283002e+01
   3.2990000e+01   1.2334460e+01
   3.3000000e+01   1.3190697e+01
   3.3010000e+01   1.3695556e+01
   3.3020000e+01   1.2869827e+01
   3.3030000e+01   1.1300654e+01
   3.3040000e+01   1.0156940e+01
   3.3050000e+01   9.6229747e+00
   3.3060000e+01   9.2440303e+00
   3.3070000e+01   9.3576250e+00
   3.3080000e+01   1.0941349e+01
   3.3090000e+01   1.3839790e+01
   3.3100000e+01   1.6035428e+01
   3.3110000e+01   1.5132641e+01
   3.3120000e+01   1.0640981e+01
   3.3130000e+01   4.8339977e+00
   3.3140000e+01   9.2011190e-01
   3.3150000e+01   2.3864010e-01
   3.3160000e+01   1.7045298e+00
   3.3170000e+01   3.7409777e+00
   3.3180000e+01   5.6905345e+00
   3.3190000e+01   7.2196937e+00
   3.3200000e+01   7.8080522e+00
   3.3210000e+01   7.6620643e+00
   3.3220000e+01   7.8716711e+00
   3.3230000e+01   8.6684474e+00
   3.3240000e+01   8.5777667e+00
   3.3250000e+01   6.1631309e+00
   3.3260000e+01   1.8626327e+00
   3.3270000e+01  -2.5452950e+00
   3.3280000e+01  -5.9018495e+00
   3.3290000e+01  -8.4568931e+00
   3.3300000e+01  -1.0556301e+01
   3.3310000e+01  -1.1392154e+01
   3.3320000e+01  -1.0084135e+01
   3.3330000e+01  -7.4533607e+00
   3.3340000e+01  -5.5085900e+00
   3.3350000e+01  -5.4123097e+00
   3.3360000e+01  -6.7796375e+00
   3.3370000e+01  -8.6579358e+00
   3.3380000e+01  -1.0338921e+01
   3.3390000e+01  -1.1290671e+01
   3.3400000e+01  -1.1173686e+01
   3.3410000e+01  -1.0261729e+01
   3.3420000e+01  -9.2895261e+00
   3.3430000e+01  -8.4190783e+00
   3.3440000e+01  -6.7760327e+00
   3.3450000e+01  -3.7265516e+00
   3.3460000e+01  -2.8039816e-01
   3.3470000e+01   1.7601215e+00
   3.3480000e+01   1.8175448e+00
   3.3490000e+01   6.5783393e-01
   3.3500000e+01  -1.1963900e+00
   3.3510000e+01  -3.8062891e+00
   3.3520000e+01  -6.5133300e+00
   3.3530000e+01  -7.7672839e+00
   3.3540000e+01  -6.9849456e+00
   3.3550000e+01  -5.6834482e+00
   3.3560000e+01  -5.8970644e+00
   3.3570000e+01  -7.6004835e+00
   3.3580000e+01  -8.2300895e+00
   3.3590000e+01  -5.3187232e+00
   3.3600000e+01   4.0221730e-01
   3.3610000e+01   5.4895553e+00
   3.3620000e+01   7.6396898e+00
   3.3630000e+01   7.8748980e+00
   3.3640000e+01   8.5792124e+00
   3.3650000e+01   1.0632911e+01
   3.3660000e+01   1.3000392e+01
   3.3670000e+01   1.4192461e+01
   3.3680000e+01   1.3517277e+01
   3.3690000e+01   1.1401687e+01
   3.3700000e+01   8.9899395e+00
   3.3710000e+01   7.3318895e+00
   3.3720000e+01   6.8409832e+00
   3.3730000e+01   7.3025199e+00
   3.3740000e+01   7.9667522e+00
   3.3750000e+01   7.9692087e+00
   3.3760000e+01   7.3566205e+00
   3.3770000e+01   7.2377984e+00
   3.3780000e+01   8.2417258e+00
   3.3790000e+01   9.4273271e+00
   3.3800000e+01   9.4495370e+00
   3.3810000e+01   8.3634173e+00
   3.3820000e+01   7.4319658e+00
   3.3830000e+01   7.2451122e+00
   3.3840000e+01   6.9760318e+00
   3.3850000e+01   5.7594873e+00
   3.3860000e+01   3.9522982e+00
   3.3870000e+01   2.6075851e+00
   3.3880000e+01   2.2519792e+00
   3.3890000e+01   2.5151940e+00
   3.3900000e+01   2.7267569e+00
   3.3910000e+01   2.7293300e+00
   3.3920000e+01   3.0823585e+00
   3.3930000e+01   4.2544489e+00
   3.3940000e+01   5.7173984e+00
   3.3950000e+01   6.4064175e+00
   3.3960000e+01   6.0431723e+00
   3.3970000e+01   5.4697537e+00
   3.3980000e+01   5.6954859e+00
   3.3990000e+01   6.7142646e+00
   3.4000000e+01   7.2132774e+00
   3.4010000e+01   5.9535824e+00
   3.4020000e+01   3.5176178e+00
   3.4030000e+01   1.6558338e+00
   3.4040000e+01   8.1786698e-01
   3.4050000e+01  -2.3750930e-01
   3.4060000e+01  -2.1502503e+00
   3.4070000e+01  -3.7990981e+00
   3.4080000e+01  -4.0054592e+00
   3.4090000e+01  -3.2588070e+00
   3.4100000e+01  -2.9277458e+00
   3.4110000e+01  -3.3296186e+00
   3.4120000e+01  -3.3962747e+00
   3.4130000e+01  -2.1697838e+00
   3.4140000e+01  -4.5851415e-02
   3.4150000e+01   1.6608388e+00
   3.4160000e+01   2.1097405e+00
   3.4170000e+01   1.7443440e+00
   3.4180000e+01   1.8116488e+00
   3.4190000e+01   2.9746597e+00
   3.4200000e+01   4.5024938e+00
   3.4210000e+01   5.3006508e+00
   3.4220000e+01   5.3157655e+00
   3.4230000e+01   5.1603330e+00
   3.4240000e+01   5.0222988e+00
   3.4250000e+01   4.6251423e+00
   3.4260000e+01   3.6541570e+00
   3.4270000e+01   2.0981773e+00
   3.4280000e+01   4.8828189e-01
   3.4290000e+01  -7.2963716e-01
   3.4300000e+01  -2.0084650e+00
   3.4310000e+01  -3.9479265e+00
   3.4320000e+01  -6.0685728e+00
   3.4330000e+01  -7.4241595e+00
   3.4340000e+01  -8.0024227e+00
   3.4350000e+01  -8.5064482e+00
   3.4360000e+01  -9.1012754e+00
   3.4370000e+01  -9.1433902e+00
   3.4380000e+01  -8.0420522e+00
   3.4390000e+01  -5.9929639e+00
   3.4400000e+01  -3.7716763e+00
   3.4410000e+01  -1.9556342e+00
   3.4420000e+01  -5.3815786e-01
   3.4430000e+01   7.6139814e-01
   3.4440000e+01   2.0352839e+00
   3.4450000e+01   3.0463802e+00
   3.4460000e+01   3.4340916e+00
   3.4470000e+01   3.0120184e+00
   3.4480000e+01   1.7408576e+00
   3.4490000e+01  -4.8674899e-01
   3.4500000e+01  -3.4883586e+00
   3.4510000e+01  -6.2093240e+00
   3.4520000e+01  -7.2120959e+00
   3.4530000e+01  -5.9895637e+00
   3.4540000e+01  -3.5944592e+00
   3.4550000e+01  -1.9648134e+00
   3.4560000e+01  -2.4087180e+00
   3.4570000e+01  -4.3613699e+00
   3.4580000e+01  -5.8035689e+00
   3.4590000e+01  -5.2518099e+00
   3.4600000e+01  -3.1412788e+00
   3.4610000e+01  -1.1493806e+00
   3.4620000e+01  -4.5833105e-01
   3.4630000e+01  -7.0969378e-01
   3.4640000e+01  -6.2249750e-01
   3.4650000e+01   2.8289961e-01
   3.4660000e+01   9.1207304e-01
   3.4670000e+01  -1.6530532e-03
   3.4680000e+01  -1.9587802e+00
   3.4690000e+01  -2.8714438e+00
   3.4700000e+01  -1.4710710e+00
   3.4710000e+01   8.3560209e-01
   3.4720000e+01   1.1908697e+00
   3.4730000e+01  -1.4707406e+00
   3.4740000e+01  -5.2131104e+00
   3.4750000e+01  -7.4532185e+00
   3.4760000e+01  -7.5192438e+00
   3.4770000e+01  -6.4970886e+00
   3.4780000e+01  -5.6788794e+00
   3.4790000e+01  -5.8661529e+00
   3.4800000e+01  -7.4171876e+00
   3.4810000e+01  -1.0092643e+01
   3.4820000e+01  -1.3056601e+01
   3.4830000e+01  -1.5468358e+01
   3.4840000e+01  -1.6906873e+01
   3.4850000e+01  -1.7219798e+01
   3.4860000e+01  -1.6423706e+01
   3.4870000e+01  -1.4932290e+01
   3.4880000e+01  -1.3602458e+01
   3.4890000e+01  -1.3115340e+01
   3.4900000e+01  -1.3111670e+01
   3.4910000e+01  -1.2279579e+01
   3.4920000e+01  -9.7414854e+00
   3.4930000e+01  -6.2770024e+00
   3.4940000e+01  -3.6950593e+00
   3.4950000e+01  -2.8680163e+00
   3.4960000e+01  -2.8857882e+00
   3.4970000e+01  -2.3363198e+00
   3.4980000e+01  -8.8024754e-01
   3.4990000e+01   7.2020997e-01
   3.5000000e+01   1.7742764e+00
   3.5010000e+01   2.5267996e+00
   3.5020000e+01   3.9727389e+00
   3.5030000e+01   6.9478624e+00
   3.5040000e+01   1.1185060e+01
   3.5050000e+01   1.5341758e+01
   3.5060000e+01   1.8273523e+01
   3.5070000e+01   1.9982574e+01
   3.5080000e+01   2.1061541e+01
   3.5090000e+01   2.1749706e+01
   3.5100000e+01   2.1917547e+01
   3.5110000e+01   2.1674191e+01
   3.5120000e+01   2.1638524e+01
   3.5130000e+01   2.2617534e+01
   3.5140000e+01   2.4981682e+01
   3.5150000e+01   2.8046267e+01
   3.5160000e+01   3.0247282e+01
   3.5170000e+01   3.0498309e+01
   3.5180000e+01   2.9274944e+01
   3.5190000e+01   2.7975317e+01
   3.5200000e+01   2.7434071e+01
   3.5210000e+01   2.7337253e+01
   3.5220000e+01   2.6825984e+01
   3.5230000e+01   2.5368346e+01
   3.5240000e+01   2.2977203e+01
   3.5250000e+01   1.9785554e+01
   3.5260000e+01   1.5897668e+01
   3.5270000e+01   1.1666801e+01
   3.5280000e+01   7.5456357e+00
   3.5290000e+01   3.6307347e+00
   3.5300000e+01  -1.5989630e-01
   3.5310000e+01  -3.6380961e+00
   3.5320000e+01  -6.5713310e+00
   3.5330000e+01  -9.1294618e+00
   3.5340000e+01  -1.1760853e+01
   3.5350000e+01  -1.4712744e+01
   3.5360000e+01  -1.7771238e+01
   3.5370000e+01  -2.0532342e+01
   3.5380000e+01  -2.2861326e+01
   3.5390000e+01  -2.4870028e+01
   3.5400000e+01  -2.6565923e+01
   3.5410000e+01  -2.7806195e+01
   3.5420000e+01  -2.8460065e+01
   3.5430000e+01  -2.8448468e+01
   3.5440000e+01  -2.7895844e+01
   3.5450000e+01  -2.7329226e+01
   3.5460000e+01  -2.7365089e+01
   3.5470000e+01  -2.8132485e+01
   3.5480000e+01  -2.9192400e+01
   3.5490000e+01  -2.9927749e+01
   3.5500000e+01  -3.0002544e+01
   3.5510000e+01  -2.9675436e+01
   3.5520000e+01  -2.9573305e+01
   3.5530000e+01  -2.9861003e+01
   3.5540000e+01  -2.9809456e+01
   3.5550000e+01  -2.8638465e+01
   3.5560000e+01  -2.6660229e+01
   3.5570000e+01  -2.4973128e+01
   3.5580000e+01  -2.4035002e+01
   3.5590000e+01  -2.3199432e+01
   3.5600000e+01  -2.1693253e+01
   3.5610000e+01  -1.9439337e+01
   3.5620000e+01  -1.6798197e+01
   3.5630000e+01  -1.3969832e+01
   3.5640000e+01  -1.1041703e+01
   3.5650000e+01  -8.3966895e+00
   3.5660000e+01  -6.4704919e+00
   3.5670000e+01  -5.1102029e+00
   3.5680000e+01  -3.5970625e+00
   3.5690000e+01  -1.3277344e+00
   3.5700000e+01   1.6104452e+00
   3.5710000e+01   4.5119637e+00
   3.5720000e+01   6.8187389e+00
   3.5730000e+01   8.7169400e+00
   3.5740000e+01   1.0649640e+01
   3.5750000e+01   1.2524298e+01
   3.5760000e+01   1.3933427e+01
   3.5770000e+01   1.4778095e+01
   3.5780000e+01   1.5108902e+01
   3.5790000e+01   1.4828462e+01
   3.5800000e+01   1.4104521e+01
   3.5810000e+01   1.3646725e+01
   3.5820000e+01   1.4129271e+01
   3.5830000e+01   1.5516019e+01
   3.5840000e+01   1.7110916e+01
   3.5850000e+01   1.8337734e+01
   3.5860000e+01   1.9392601e+01
   3.5870000e+01   2.0700588e+01
   3.5880000e+01   2.1850673e+01
   3.5890000e+01   2.1872549e+01
   3.5900000e+01   2.0711265e+01
   3.5910000e+01   1.9764840e+01
   3.5920000e+01   2.0490454e+01
   3.5930000e+01   2.2668685e+01
   3.5940000e+01   2.4609107e+01
   3.5950000e+01   2.5096716e+01
   3.5960000e+01   2.4510340e+01
   3.5970000e+01   2.3955758e+01
   3.5980000e+01   2.4027337e+01
   3.5990000e+01   2.4659125e+01
   3.6000000e+01   2.5507795e+01
   3.6010000e+01   2.6053067e+01
   3.6020000e+01   2.5760983e+01
   3.6030000e+01   2.4602770e+01
   3.6040000e+01   2.3301808e+01
   3.6050000e+01   2.2762000e+01
   3.6060000e+01   2.3121886e+01
   3.6070000e+01   2.3485674e+01
   3.6080000e+01   2.2844172e+01
   3.6090000e+01   2.1239446e+01
   3.6100000e+01   1.9576738e+01
   3.6110000e+01   1.8324387e+01
   3.6120000e+01   1.7132236e+01
   3.6130000e+01   1.5770023e+01
   3.6140000e+01   1.4699778e+01
   3.6150000e+01   1.4439291e+01
   3.6160000e+01   1.4499388e+01
   3.6170000e+01   1.3302471e+01
   3.6180000e+01   9.7638541e+00
   3.6190000e+01   4.8784017e+00
   3.6200000e+01   9.3917999e-01
   3.6210000e+01  -9.3633944e-01
   3.6220000e+01  -1.8793708e+00
   3.6230000e+01  -3.7482231e+00
   3.6240000e+01  -7.0102973e+00
   3.6250000e+01  -1.0435026e+01
   3.6260000e+01  -1.2748858e+01
   3.6270000e+01  -1.4103541e+01
   3.6280000e+01  -1.5583842e+01
   3.6290000e+01  -1.7691329e+01
   3.6300000e+01  -1.9887838e+01
   3.6310000e+01  -2.1528199e+01
   3.6320000e+01  -2.2665940e+01
   3.6330000e+01  -2.3634224e+01
   3.6340000e+01  -2.4223705e+01
   3.6350000e+01  -2.3850929e+01
   3.6360000e+01  -2.2533082e+01
   3.6370000e+01  -2.1182994e+01
   3.6380000e+01  -2.0660443e+01
   3.6390000e+01  -2.0871164e+01
   3.6400000e+01  -2.1093182e+01
   3.6410000e+01  -2.0759862e+01
   3.6420000e+01  -1.9598241e+01
   3.6430000e+01  -1.7658130e+01
   3.6440000e+01  -1.5683034e+01
   3.6450000e+01  -1.4861739e+01
   3.6460000e+01  -1.5778820e+01
   3.6470000e+01  -1.7823741e+01
   3.6480000e+01  -1.9689271e+01
   3.6490000e+01  -2.0358111e+01
   3.6500000e+01  -1.9736695e+01
   3.6510000e+01  -1.8517418e+01
   3.6520000e+01  -1.7502564e+01
   3.6530000e+01  -1.7033295e+01
   3.6540000e+01  -1.6897446e+01
   3.6550000e+01  -1.6604348e+01
   3.6560000e+01  -1.5766120e+01
   3.6570000e+01  -1.4332337e+01
   3.6580000e+01  -1.2460837e+01
   3.6590000e+01  -1.0161935e+01
   3.6600000e+01  -7.3747167e+00
   3.6610000e+01  -4.5769511e+00
   3.6620000e+01  -2.7074093e+00
   3.6630000e+01  -1.9493916e+00
   3.6640000e+01  -1.2104480e+00
   3.6650000e+01   4.9528620e-01
   3.6660000e+01   2.6543186e+00
   3.6670000e+01   3.8895587e+00
   3.6680000e+01   3.5797550e+00
   3.6690000e+01   2.4086234e+00
   3.6700000e+01   1.6236207e+00
   3.6710000e+01   1.9446005e+00
   3.6720000e+01   3.0795070e+00
   3.6730000e+01   4.2761288e+00
   3.6740000e+01   5.0525925e+00
   3.6750000e+01   5.1024910e+00
   3.6760000e+01   4.0456221e+00
   3.6770000e+01   1.9917423e+00
   3.6780000e+01   2.9521127e-02
   3.6790000e+01  -5.4628055e-01
   3.6800000e+01   5.7933439e-01
   3.6810000e+01   2.6411535e+00
   3.6820000e+01   4.6391814e+00
   3.6830000e+01   6.0288479e+00
   3.6840000e+01   6.7824135e+00
   3.6850000e+01   7.0857225e+00
   3.6860000e+01   7.1520241e+00
   3.6870000e+01   7.2422577e+00
   3.6880000e+01   7.4561017e+00
   3.6890000e+01   7.5435412e+00
   3.6900000e+01   7.4635861e+00
   3.6910000e+01   7.7359481e+00
   3.6920000e+01   8.5101192e+00
   3.6930000e+01   9.0375603e+00
   3.6940000e+01   8.8930204e+00
   3.6950000e+01   8.8686420e+00
   3.6960000e+01   9.7991698e+00
   3.6970000e+01   1.1205260e+01
   3.6980000e+01   1.1971571e+01
   3.6990000e+01   1.1821539e+01
   3.7000000e+01   1.1244600e+01
   3.7010000e+01   1.0462061e+01
   3.7020000e+01   9.3614816e+00
   3.7030000e+01   8.1423693e+00
   3.7040000e+01   7.3991227e+00
   3.7050000e+01   7.6285473e+00
   3.7060000e+01   8.7428483e+00
   3.7070000e+01   9.9956493e+00
   3.7080000e+01   1.0456962e+01
   3.7090000e+01   9.6391717e+00
   3.7100000e+01   7.8297951e+00
   3.7110000e+01   5.9075641e+00
   3.7120000e+01   4.5904038e+00
   3.7130000e+01   3.8070241e+00
   3.7140000e+01   3.0373655e+00
   3.7150000e+01   2.1430112e+00
   3.7160000e+01   1.4859531e+00
   3.7170000e+01   1.3142982e+00
   3.7180000e+01   1.4358459e+00
   3.7190000e+01   1.4941995e+00
   3.7200000e+01   1.3108497e+00
   3.7210000e+01   9.3801928e-01
   3.7220000e+01   4.4504378e-01
   3.7230000e+01  -2.5335357e-01
   3.7240000e+01  -1.2658639e+00
   3.7250000e+01  -2.5633872e+00
   3.7260000e+01  -4.0084676e+00
   3.7270000e+01  -5.3671504e+00
   3.7280000e+01  -6.4345643e+00
   3.7290000e+01  -7.3301436e+00
   3.7300000e+01  -8.3214267e+00
   3.7310000e+01  -9.2736836e+00
   3.7320000e+01  -9.7291912e+00
   3.7330000e+01  -9.6018973e+00
   3.7340000e+01  -9.5070442e+00
   3.7350000e+01  -1.0202419e+01
   3.7360000e+01  -1.1544431e+01
   3.7370000e+01  -1.2229296e+01
   3.7380000e+01  -1.1048691e+01
   3.7390000e+01  -8.2580526e+00
   3.7400000e+01  -5.2584280e+00
   3.7410000e+01  -3.1349288e+00
   3.7420000e+01  -1.9159497e+00
   3.7430000e+01  -1.0256025e+00
   3.7440000e+01   4.3547176e-02
   3.7450000e+01   1.4912686e+00
   3.7460000e+01   3.1411973e+00
   3.7470000e+01   4.4321727e+00
   3.7480000e+01   4.8392541e+00
   3.7490000e+01   4.4830560e+00
   3.7500000e+01   4.1308865e+00
   3.7510000e+01   4.4338963e+00
   3.7520000e+01   5.1591999e+00
   3.7530000e+01   5.3657801e+00
   3.7540000e+01   4.5354089e+00
   3.7550000e+01   3.2403872e+00
   3.7560000e+01   2.3127216e+00
   3.7570000e+01   1.7668007e+00
   3.7580000e+01   1.0984668e+00
   3.7590000e+01   2.6508597e-01
   3.7600000e+01  -3.2160999e-01
   3.7610000e+01  -6.5985569e-01
   3.7620000e+01  -1.3186448e+00
   3.7630000e+01  -2.4759093e+00
   3.7640000e+01  -3.3423436e+00
   3.7650000e+01  -3.1575923e+00
   3.7660000e+01  -2.4384193e+00
   3.7670000e+01  -2.3660707e+00
   3.7680000e+01  -3.0842396e+00
   3.7690000e+01  -3.6474626e+00
   3.7700000e+01  -3.6259814e+00
   3.7710000e+01  -3.6024000e+00
   3.7720000e+01  -3.9159036e+00
   3.7730000e+01  -4.1160004e+00
   3.7740000e+01  -4.1390737e+00
   3.7750000e+01  -4.9355283e+00
   3.7760000e+01  -7.1700913e+00
   3.7770000e+01  -9.9963323e+00
   3.7780000e+01  -1.1836288e+01
   3.7790000e+01  -1.2144240e+01
   3.7800000e+01  -1.1871105e+01
   3.7810000e+01  -1.2070025e+01
   3.7820000e+01  -1.2549689e+01
   3.7830000e+01  -1.2318899e+01
   3.7840000e+01  -1.0863880e+01
   3.7850000e+01  -8.5178970e+00
   3.7860000e+01  -6.0737407e+00
   3.7870000e+01  -4.3622662e+00
   3.7880000e+01  -3.7846891e+00
   3.7890000e+01  -4.0838642e+00
   3.7900000e+01  -4.6415133e+00
   3.7910000e+01  -4.7827020e+00
   3.7920000e+01  -3.9392551e+00
   3.7930000e+01  -2.0753723e+00
   3.7940000e+01   9.4245205e-02
   3.7950000e+01   1.6596690e+00
   3.7960000e+01   2.2327892e+00
   3.7970000e+01   2.1962634e+00
   3.7980000e+01   2.4902076e+00
   3.7990000e+01   3.9939156e+00
   3.8000000e+01   6.8265867e+00
   3.8010000e+01   1.0165442e+01
   3.8020000e+01   1.2767337e+01
   3.8030000e+01   1.3801310e+01
   3.8040000e+01   1.3364582e+01
   3.8050000e+01   1.2240063e+01
   3.8060000e+01   1.1182906e+01
   3.8070000e+01   1.0575435e+01
   3.8080000e+01   1.0517834e+01
   3.8090000e+01   1.0797020e+01
   3.8100000e+01   1.1015377e+01
   3.8110000e+01   1.1066037e+01
   3.8120000e+01   1.1114263e+01
   3.8130000e+01   1.1112273e+01
   3.8140000e+01   1.0887263e+01
   3.8150000e+01   1.0645674e+01
   3.8160000e+01   1.0939589e+01
   3.8170000e+01   1.2077753e+01
   3.8180000e+01   1.3642114e+01
   3.8190000e+01   1.4681913e+01
   3.8200000e+01   1.4576516e+01
   3.8210000e+01   1.3708305e+01
   3.8220000e+01   1.3160473e+01
   3.8230000e+01   1.3717936e+01
   3.8240000e+01   1.5160923e+01
   3.8250000e+01   1.6510505e+01
   3.8260000e+01   1.6875396e+01
   3.8270000e+01   1.6010444e+01
   3.8280000e+01   1.4251074e+01
   3.8290000e+01   1.2111361e+01
   3.8300000e+01   9.9244811e+00
   3.8310000e+01   7.7846148e+00
   3.8320000e+01   5.7546844e+00
   3.8330000e+01   4.0816169e+00
   3.8340000e+01   3.0553828e+00
   3.8350000e+01   2.5105654e+00
   3.8360000e+01   1.7801641e+00
   3.8370000e+01   4.0176381e-01
   3.8380000e+01  -1.3866987e+00
   3.8390000e+01  -2.9200680e+00
   3.8400000e+01  -3.6915858e+00
   3.8410000e+01  -3.7546477e+00
   3.8420000e+01  -3.6469767e+00
   3.8430000e+01  -3.9003465e+00
   3.8440000e+01  -4.6347293e+00
   3.8450000e+01  -5.5482874e+00
   3.8460000e+01  -6.2831991e+00
   3.8470000e+01  -6.8655258e+00
   3.8480000e+01  -7.6975805e+00
   3.8490000e+01  -9.0986989e+00
   3.8500000e+01  -1.0926247e+01
   3.8510000e+01  -1.2627988e+01
   3.8520000e+01  -1.3743699e+01
   3.8530000e+01  -1.4486396e+01
   3.8540000e+01  -1.5667214e+01
   3.8550000e+01  -1.7793578e+01
   3.8560000e+01  -2.0412247e+01
   3.8570000e+01  -2.2590947e+01
   3.8580000e+01  -2.3822869e+01
   3.8590000e+01  -2.4209220e+01
   3.8600000e+01  -2.4005586e+01
   3.8610000e+01  -2.3393258e+01
   3.8620000e+01  -2.2680858e+01
   3.8630000e+01  -2.2265276e+01
   3.8640000e+01  -2.2066023e+01
   3.8650000e+01  -2.1335925e+01
   3.8660000e+01  -1.9511466e+01
   3.8670000e+01  -1.7050487e+01
   3.8680000e+01  -1.4928485e+01
   3.8690000e+01  -1.3449604e+01
   3.8700000e+01  -1.2121081e+01
   3.8710000e+01  -1.0560941e+01
   3.8720000e+01  -8.8869086e+00
   3.8730000e+01  -7.2188846e+00
   3.8740000e+01  -5.3455283e+00
   3.8750000e+01  -3.2134993e+00
   3.8760000e+01  -1.3958481e+00
   3.8770000e+01  -3.8310042e-01
   3.8780000e+01   3.3652472e-01
   3.8790000e+01   1.6360238e+00
   3.8800000e+01   3.4354521e+00
   3.8810000e+01   4.8231308e+00
   3.8820000e+01   5.3443708e+00
   3.8830000e+01   5.5979191e+00
   3.8840000e+01   6.5771616e+00
   3.8850000e+01   8.7555956e+00
   3.8860000e+01   1.1739121e+01
   3.8870000e+01   1.4500223e+01
   3.8880000e+01   1.6014839e+01
   3.8890000e+01   1.5984330e+01
   3.8900000e+01   1.5096599e+01
   3.8910000e+01   1.4549608e+01
   3.8920000e+01   1.5158524e+01
   3.8930000e+01   1.6755798e+01
   3.8940000e+01   1.8393530e+01
   3.8950000e+01   1.9145714e+01
   3.8960000e+01   1.8771972e+01
   3.8970000e+01   1.7681390e+01
   3.8980000e+01   1.6407813e+01
   3.8990000e+01   1.5316424e+01
   3.9000000e+01   1.4676171e+01
   3.9010000e+01   1.4498669e+01
   3.9020000e+01   1.4214322e+01
   3.9030000e+01   1.3063343e+01
   3.9040000e+01   1.1031216e+01
   3.9050000e+01   9.0294585e+00
   3.9060000e+01   7.9567760e+00
   3.9070000e+01   7.7384777e+00
   3.9080000e+01   7.4880449e+00
   3.9090000e+01   6.6442407e+00
   3.9100000e+01   5.6721419e+00
   3.9110000e+01   5.3945850e+00
   3.9120000e+01   5.8474258e+00
   3.9130000e+01   6.1107562e+00
   3.9140000e+01   5.1685695e+00
   3.9150000e+01   2.7562274e+00
   3.9160000e+01  -4.1288649e-01
   3.9170000e+01  -3.0476587e+00
   3.9180000e+01  -4.1812623e+00
   3.9190000e+01  -3.9932890e+00
   3.9200000e+01  -3.6862286e+00
   3.9210000e+01  -4.4068111e+00
   3.9220000e+01  -6.2809571e+00
   3.9230000e+01  -8.4573869e+00
   3.9240000e+01  -9.9904353e+00
   3.9250000e+01  -1.0669828e+01
   3.9260000e+01  -1.0924460e+01
   3.9270000e+01  -1.1080316e+01
   3.9280000e+01  -1.1263912e+01
   3.9290000e+01  -1.1866444e+01
   3.9300000e+01  -1.3287056e+01
   3.9310000e+01  -1.5219066e+01
   3.9320000e+01  -1.6664716e+01
   3.9330000e+01  -1.6734736e+01
   3.9340000e+01  -1.5503231e+01
   3.9350000e+01  -1.4081185e+01
   3.9360000e+01  -1.3595412e+01
   3.9370000e+01  -1.4104330e+01
   3.9380000e+01  -1.4706707e+01
   3.9390000e+01  -1.4561383e+01
   3.9400000e+01  -1.3554900e+01
   3.9410000e+01  -1.2097023e+01
   3.9420000e+01  -1.0622196e+01
   3.9430000e+01  -9.3506796e+00
   3.9440000e+01  -8.2150753e+00
   3.9450000e+01  -6.9022594e+00
   3.9460000e+01  -5.1955435e+00
   3.9470000e+01  -3.2906793e+00
   3.9480000e+01  -1.4910313e+00
   3.9490000e+01   2.7340692e-01
   3.9500000e+01   2.0522681e+00
   3.9510000e+01   3.1809379e+00
   3.9520000e+01   2.8889863e+00
   3.9530000e+01   1.6251967e+00
   3.9540000e+01   8.6533681e-01
   3.9550000e+01   1.4200947e+00
   3.9560000e+01   2.6364578e+00
   3.9570000e+01   3.4486554e+00
   3.9580000e+01   3.6549827e+00
   3.9590000e+01   3.8843996e+00
   3.9600000e+01   4.5624300e+00
   3.9610000e+01   5.2642601e+00
   3.9620000e+01   5.3290921e+00
   3.9630000e+01   4.9717439e+00
   3.9640000e+01   5.2687434e+00
   3.9650000e+01   6.8585644e+00
   3.9660000e+01   9.1077235e+00
   3.9670000e+01   1.0857481e+01
   3.9680000e+01   1.1616419e+01
   3.9690000e+01   1.1695538e+01
   3.9700000e+01   1.1487505e+01
   3.9710000e+01   1.1023475e+01
   3.9720000e+01   1.0224805e+01
   3.9730000e+01   9.3491176e+00
   3.9740000e+01   8.9203646e+00
   3.9750000e+01   9.1284686e+00
   3.9760000e+01   9.5815313e+00
   3.9770000e+01   9.8352390e+00
   3.9780000e+01   9.8366111e+00
   3.9790000e+01   9.6141120e+00
   3.9800000e+01   8.9157611e+00
   3.9810000e+01   7.5266122e+00
   3.9820000e+01   5.7773723e+00
   3.9830000e+01   4.4151666e+00
   3.9840000e+01   3.8649050e+00
   3.9850000e+01   3.7642488e+00
   3.9860000e+01   3.4283799e+00
   3.9870000e+01   2.6518083e+00
   3.9880000e+01   1.7269261e+00
   3.9890000e+01   8.1286382e-01
   3.9900000e+01  -1.4978459e-01
   3.9910000e+01  -8.6799383e-01
   3.9920000e+01  -6.5750756e-01
   3.9930000e+01   7.3221399e-01
   3.9940000e+01   2.5239792e+00
   3.9950000e+01   3.4073326e+00
   3.9960000e+01   2.7058129e+00
   3.9970000e+01   1.0595617e+00
   3.9980000e+01  -1.2066284e-01
   3.9990000e+01   3.8468862e-02
   4.0000000e+01   1.1026474e+00
   4.0010000e+01   1.9290324e+00
   4.0020000e+01   2.0209022e+00
   4.0030000e+01   2.0192944e+00
   4.0040000e+01   2.6387828e+00
   4.0050000e+01   3.4823599e+00
   4.0060000e+01   3.4634142e+00
   4.0070000e+01   2.2400634e+00
   4.0080000e+01   6.5265021e-01
   4.0090000e+01  -2.4110849e-01
   4.0100000e+01  -1.6407824e-01
   4.0110000e+01   3.0995196e-01
   4.0120000e+01   4.0902699e-01
   4.0130000e+01  -1.0930309e-01
   4.0140000e+01  -8.0628146e-01
   4.0150000e+01  -1.1975159e+00
   4.0160000e+01  -1.4222893e+00
   4.0170000e+01  -1.9680683e+00
   4.0180000e+01  -2.7752085e+00
   4.0190000e+01  -3.2172639e+00
   4.0200000e+01  -3.1884494e+00
   4.0210000e+01  -3.4178383e+00
   4.0220000e+01  -4.3105329e+00
   4.0230000e+01  -5.2590128e+00
   4.0240000e+01  -5.4394773e+00
   4.0250000e+01  -4.7375214e+00
   4.0260000e+01  -3.7600216e+00
   4.0270000e+01  -3.1940100e+00
   4.0280000e+01  -3.0837916e+00
   4.0290000e+01  -2.7622877e+00
   4.0300000e+01  -1.7785451e+00
   4.0310000e+01  -7.0438783e-01
   4.0320000e+01  -5.6222252e-01
   4.0330000e+01  -1.6151848e+00
   4.0340000e+01  -3.1672520e+00
   4.0350000e+01  -4.4637740e+00
   4.0360000e+01  -5.3799693e+00
   4.0370000e+01  -6.0408922e+00
   4.0380000e+01  -6.1827771e+00
   4.0390000e+01  -5.6924522e+00
   4.0400000e+01  -5.4970729e+00
   4.0410000e+01  -6.7186739e+00
   4.0420000e+01  -8.9990737e+00
   4.0430000e+01  -1.0667553e+01
   4.0440000e+01  -1.0664610e+01
   4.0450000e+01  -9.5969604e+00
   4.0460000e+01  -8.7049934e+00
   4.0470000e+01  -8.4610641e+00
   4.0480000e+01  -8.5151370e+00
   4.0490000e+01  -8.4939771e+00
   4.0500000e+01  -8.3869292e+00
   4.0510000e+01  -8.2032110e+00
   4.0520000e+01  -7.7504028e+00
   4.0530000e+01  -7.1229884e+00
   4.0540000e+01  -6.9992749e+00
   4.0550000e+01  -7.9858572e+00
   4.0560000e+01  -9.8488617e+00
   4.0570000e+01  -1.1607274e+01
   4.0580000e+01  -1.2278331e+01
   4.0590000e+01  -1.1495883e+01
   4.0600000e+01  -9.6482168e+00
   4.0610000e+01  -7.6413701e+00
   4.0620000e+01  -6.3445468e+00
   4.0630000e+01  -5.9174289e+00
   4.0640000e+01  -5.7038716e+00
   4.0650000e+01  -4.9842116e+00
   4.0660000e+01  -3.6606477e+00
   4.0670000e+01  -2.0347115e+00
   4.0680000e+01  -3.0466603e-01
   4.0690000e+01   1.3797076e+00
   4.0700000e+01   2.6794819e+00
   4.0710000e+01   3.2867663e+00
   4.0720000e+01   3.3421152e+00
   4.0730000e+01   3.4237984e+00
   4.0740000e+01   4.0777002e+00
   4.0750000e+01   5.3785333e+00
   4.0760000e+01   6.9030702e+00
   4.0770000e+01   8.1406733e+00
   4.0780000e+01   8.9368679e+00
   4.0790000e+01   9.3464878e+00
   4.0800000e+01   9.2976197e+00
   4.0810000e+01   9.0256519e+00
   4.0820000e+01   9.3002400e+00
   4.0830000e+01   1.0375704e+01
   4.0840000e+01   1.1330602e+01
   4.0850000e+01   1.1102955e+01
   4.0860000e+01   9.8618551e+00
   4.0870000e+01   8.9398472e+00
   4.0880000e+01   9.2932325e+00
   4.0890000e+01   1.0308376e+01
   4.0900000e+01   1.0546203e+01
   4.0910000e+01   9.5729340e+00
   4.0920000e+01   8.5271052e+00
   4.0930000e+01   8.6555720e+00
   4.0940000e+01   9.7254852e+00
   4.0950000e+01   1.0431115e+01
   4.0960000e+01   1.0042383e+01
   4.0970000e+01   8.9414073e+00
   4.0980000e+01   7.7358782e+00
   4.0990000e+01   6.5325942e+00
   4.1000000e+01   5.2393791e+00
   4.1010000e+01   4.1232813e+00
   4.1020000e+01   3.6639839e+00
   4.1030000e+01   3.9288658e+00
   4.1040000e+01   4.3067285e+00
   4.1050000e+01   3.9684124e+00
   4.1060000e+01   2.6100070e+00
   4.1070000e+01   7.7942901e-01
   4.1080000e+01  -4.9962492e-01
   4.1090000e+01  -6.1627888e-01
   4.1100000e+01   8.8081656e-02
   4.1110000e+01   8.9263366e-01
   4.1120000e+01   1.5542928e+00
   4.1130000e+01   2.2078488e+00
   4.1140000e+01   2.6686891e+00
   4.1150000e+01   2.4853297e+00
   4.1160000e+01   1.8370216e+00
   4.1170000e+01   1.4599575e+00
   4.1180000e+01   1.3285535e+00
   4.1190000e+01   5.4436626e-01
   4.1200000e+01  -1.2471077e+00
   4.1210000e+01  -3.3070142e+00
   4.1220000e+01  -4.6984595e+00
   4.1230000e+01  -5.1912663e+00
   4.1240000e+01  -5.2645647e+00
   4.1250000e+01  -5.4057413e+00
   4.1260000e+01  -5.5008871e+00
   4.1270000e+01  -5.0358926e+00
   4.1280000e+01  -3.9779872e+00
   4.1290000e+01  -3.1125994e+00
   4.1300000e+01  -3.1076371e+00
   4.1310000e+01  -3.6035511e+00
   4.1320000e+01  -3.7658687e+00
   4.1330000e+01  -3.4744090e+00
   4.1340000e+01  -3.4033434e+00
   4.1350000e+01  -4.0545886e+00
   4.1360000e+01  -5.2575191e+00
   4.1370000e+01  -6.5226195e+00
   4.1380000e+01  -7.4546553e+00
   4.1390000e+01  -8.0482580e+00
   4.1400000e+01  -8.8327506e+00
   4.1410000e+01  -1.0253389e+01
   4.1420000e+01  -1.1660089e+01
   4.1430000e+01  -1.1646843e+01
   4.1440000e+01  -9.8971728e+00
   4.1450000e+01  -7.8619705e+00
   4.1460000e+01  -6.9276876e+00
   4.1470000e+01  -6.7231546e+00
   4.1480000e+01  -5.9994717e+00
   4.1490000e+01  -4.5121301e+00
   4.1500000e+01  -3.2131120e+00
   4.1510000e+01  -2.9111593e+00
   4.1520000e+01  -3.4225268e+00
   4.1530000e+01  -3.9680005e+00
   4.1540000e+01  -3.8721746e+00
   4.1550000e+01  -2.8607711e+00
   4.1560000e+01  -1.2293890e+00
   4.1570000e+01   1.2825100e-01
   4.1580000e+01   4.7895612e-01
   4.1590000e+01   2.6142154e-01
   4.1600000e+01   6.4478347e-01
   4.1610000e+01   1.9306525e+00
   4.1620000e+01   3.1266020e+00
   4.1630000e+01   3.2746653e+00
   4.1640000e+01   2.5943803e+00
   4.1650000e+01   2.0738415e+00
   4.1660000e+01   2.3522817e+00
   4.1670000e+01   3.2383437e+00
   4.1680000e+01   4.1442081e+00
   4.1690000e+01   4.7421337e+00
   4.1700000e+01   4.9920167e+00
   4.1710000e+01   4.7406274e+00
   4.1720000e+01   3.9401195e+00
   4.1730000e+01   3.2795325e+00
   4.1740000e+01   3.8174252e+00
   4.1750000e+01   5.7423225e+00
   4.1760000e+01   8.0548055e+00
   4.1770000e+01   9.7119579e+00
   4.1780000e+01   1.0537941e+01
   4.1790000e+01   1.0760972e+01
   4.1800000e+01   1.0463330e+01
   4.1810000e+01   9.9055471e+00
   4.1820000e+01   9.6044604e+00
   4.1830000e+01   9.6844238e+00
   4.1840000e+01   9.6447052e+00
   4.1850000e+01   9.0038104e+00
   4.1860000e+01   7.9210279e+00
   4.1870000e+01   6.9498730e+00
   4.1880000e+01   6.3304605e+00
   4.1890000e+01   5.8848511e+00
   4.1900000e+01   5.5234066e+00
   4.1910000e+01   5.4462863e+00
   4.1920000e+01   5.7755134e+00
   4.1930000e+01   6.2349809e+00
   4.1940000e+01   6.3474768e+00
   4.1950000e+01   5.9213225e+00
   4.1960000e+01   5.2482568e+00
   4.1970000e+01   4.7692128e+00
   4.1980000e+01   4.5707178e+00
   4.1990000e+01   4.2715244e+00
   4.2000000e+01   3.5138558e+00
   4.2010000e+01   2.4925886e+00
   4.2020000e+01   1.6827873e+00
   4.2030000e+01   1.1201049e+00
   4.2040000e+01   4.1117862e-01
   4.2050000e+01  -5.6380291e-01
   4.2060000e+01  -1.3697869e+00
   4.2070000e+01  -1.5460752e+00
   4.2080000e+01  -1.2174141e+00
   4.2090000e+01  -9.5220199e-01
   4.2100000e+01  -1.0599413e+00
   4.2110000e+01  -1.2795338e+00
   4.2120000e+01  -1.1483119e+00
   4.2130000e+01  -5.5739297e-01
   4.2140000e+01   1.1027121e-03
   4.2150000e+01  -1.6976057e-01
   4.2160000e+01  -1.2171342e+00
   4.2170000e+01  -2.5608152e+00
   4.2180000e+01  -3.4943009e+00
   4.2190000e+01  -3.8166934e+00
   4.2200000e+01  -3.9667099e+00
   4.2210000e+01  -4.5306815e+00
   4.2220000e+01  -5.4801479e+00
   4.2230000e+01  -6.1509999e+00
   4.2240000e+01  -6.2270064e+00
   4.2250000e+01  -6.2700502e+00
   4.2260000e+01  -6.7560883e+00
   4.2270000e+01  -7.2072843e+00
   4.2280000e+01  -7.0913323e+00
   4.2290000e+01  -6.9487572e+00
   4.2300000e+01  -7.6801140e+00
   4.2310000e+01  -9.0875273e+00
   4.2320000e+01  -1.0026951e+01
   4.2330000e+01  -1.0020897e+01
   4.2340000e+01  -9.8668260e+00
   4.2350000e+01  -1.0287689e+01
   4.2360000e+01  -1.0832568e+01
   4.2370000e+01  -1.0775602e+01
   4.2380000e+01  -1.0389670e+01
   4.2390000e+01  -1.0476365e+01
   4.2400000e+01  -1.1005594e+01
   4.2410000e+01  -1.1061112e+01
   4.2420000e+01  -1.0130606e+01
   4.2430000e+01  -8.8244993e+00
   4.2440000e+01  -8.1209806e+00
   4.2450000e+01  -8.2360834e+00
   4.2460000e+01  -8.4161988e+00
   4.2470000e+01  -7.7510156e+00
   4.2480000e+01  -6.2009201e+00
   4.2490000e+01  -4.7476752e+00
   4.2500000e+01  -4.2900360e+00
   4.2510000e+01  -4.6087769e+00
   4.2520000e+01  -4.7795093e+00
   4.2530000e+01  -4.1843350e+00
   4.2540000e+01  -2.8075104e+00
   4.2550000e+01  -1.1524305e+00
   4.2560000e+01  -3.5087707e-02
   4.2570000e+01   1.7396555e-01
   4.2580000e+01   1.8497066e-01
   4.2590000e+01   1.1589335e+00
   4.2600000e+01   3.2638434e+00
   4.2610000e+01   5.3259499e+00
   4.2620000e+01   6.3150697e+00
   4.2630000e+01   6.6422125e+00
   4.2640000e+01   7.3301512e+00
   4.2650000e+01   8.3520230e+00
   4.2660000e+01   8.7519538e+00
   4.2670000e+01   8.2912079e+00
   4.2680000e+01   7.8882685e+00
   4.2690000e+01   8.3716115e+00
   4.2700000e+01   9.6612113e+00
   4.2710000e+01   1.1066376e+01
   4.2720000e+01   1.1831999e+01
   4.2730000e+01   1.1511515e+01
   4.2740000e+01   1.0129526e+01
   4.2750000e+01   8.2285371e+00
   4.2760000e+01   6.7412507e+00
   4.2770000e+01   6.3908459e+00
   4.2780000e+01   6.9994003e+00
   4.2790000e+01   7.6675653e+00
   4.2800000e+01   7.7656344e+00
   4.2810000e+01   7.4325814e+00
   4.2820000e+01   7.1053340e+00
   4.2830000e+01   7.0707224e+00
   4.2840000e+01   7.4918309e+00
   4.2850000e+01   8.3433021e+00
   4.2860000e+01   9.2681795e+00
   4.2870000e+01   9.8323516e+00
   4.2880000e+01   9.8048554e+00
   4.2890000e+01   8.9523313e+00
   4.2900000e+01   7.1864582e+00
   4.2910000e+01   5.4233891e+00
   4.2920000e+01   5.0744700e+00
   4.2930000e+01   5.8292221e+00
   4.2940000e+01   5.5340719e+00
   4.2950000e+01   3.1388280e+00
   4.2960000e+01   3.5850518e-02
   4.2970000e+01  -2.1698102e+00
   4.2980000e+01  -3.5319474e+00
   4.2990000e+01  -4.8057773e+00
   4.3000000e+01  -6.0993450e+00
   4.3010000e+01  -7.3733530e+00
   4.3020000e+01  -9.0917557e+00
   4.3030000e+01  -1.1222418e+01
   4.3040000e+01  -1.2546741e+01
   4.3050000e+01  -1.2134775e+01
   4.3060000e+01  -1.0808009e+01
   4.3070000e+01  -1.0045257e+01
   4.3080000e+01  -9.9472038e+00
   4.3090000e+01  -9.4901240e+00
   4.3100000e+01  -8.4804310e+00
   4.3110000e+01  -7.8499271e+00
   4.3120000e+01  -7.9979869e+00
   4.3130000e+01  -8.1619506e+00
   4.3140000e+01  -7.6432358e+00
   4.3150000e+01  -6.7386518e+00
   4.3160000e+01  -6.3416811e+00
   4.3170000e+01  -7.0801178e+00
   4.3180000e+01  -8.6889501e+00
   4.3190000e+01  -9.9829202e+00
   4.3200000e+01  -9.8563440e+00
   4.3210000e+01  -8.6189875e+00
   4.3220000e+01  -7.8488245e+00
   4.3230000e+01  -8.5368473e+00
   4.3240000e+01  -9.9098670e+00
   4.3250000e+01  -1.0487927e+01
   4.3260000e+01  -9.6161578e+00
   4.3270000e+01  -7.5278590e+00
   4.3280000e+01  -4.7685190e+00
   4.3290000e+01  -2.0811690e+00
   4.3300000e+01  -5.2310786e-02
   4.3310000e+01   1.4875807e+00
   4.3320000e+01   3.0112347e+00
   4.3330000e+01   4.3745004e+00
   4.3340000e+01   5.1107017e+00
   4.3350000e+01   5.2110313e+00
   4.3360000e+01   4.9465433e+00
   4.3370000e+01   4.4554852e+00
   4.3380000e+01   3.9371286e+00
   4.3390000e+01   3.6712035e+00
   4.3400000e+01   3.7320787e+00
   4.3410000e+01   4.1904158e+00
   4.3420000e+01   5.2006358e+00
   4.3430000e+01   6.4732677e+00
   4.3440000e+01   7.4692655e+00
   4.3450000e+01   8.4168070e+00
   4.3460000e+01   1.0053363e+01
   4.3470000e+01   1.2025539e+01
   4.3480000e+01   1.2795792e+01
   4.3490000e+01   1.1666820e+01
   4.3500000e+01   9.7444224e+00
   4.3510000e+01   8.3761537e+00
   4.3520000e+01   7.7041540e+00
   4.3530000e+01   7.3032323e+00
   4.3540000e+01   7.2839265e+00
   4.3550000e+01   7.9581576e+00
   4.3560000e+01   8.8851372e+00
   4.3570000e+01   8.9745931e+00
   4.3580000e+01   7.5913347e+00
   4.3590000e+01   5.3587711e+00
   4.3600000e+01   3.6908493e+00
   4.3610000e+01   3.4079409e+00
   4.3620000e+01   4.0010238e+00
   4.3630000e+01   4.3918615e+00
   4.3640000e+01   4.1305139e+00
   4.3650000e+01   3.6195691e+00
   4.3660000e+01   3.3763865e+00
   4.3670000e+01   3.3801587e+00
   4.3680000e+01   3.1559519e+00
   4.3690000e+01   2.3144757e+00
   4.3700000e+01   9.0745281e-01
   4.3710000e+01  -6.7130964e-01
   4.3720000e+01  -2.0587391e+00
   4.3730000e+01  -3.1405860e+00
   4.3740000e+01  -3.8492877e+00
   4.3750000e+01  -4.0178133e+00
   4.3760000e+01  -3.7126105e+00
   4.3770000e+01  -3.3916950e+00
   4.3780000e+01  -3.3995903e+00
   4.3790000e+01  -3.5869240e+00
   4.3800000e+01  -3.7033682e+00
   4.3810000e+01  -3.8570484e+00
   4.3820000e+01  -4.3216093e+00
   4.3830000e+01  -5.2294951e+00
   4.3840000e+01  -6.6162328e+00
   4.3850000e+01  -8.3800537e+00
   4.3860000e+01  -1.0134018e+01
   4.3870000e+01  -1.1405632e+01
   4.3880000e+01  -1.2007049e+01
   4.3890000e+01  -1.2014392e+01
   4.3900000e+01  -1.1399883e+01
   4.3910000e+01  -9.9932185e+00
   4.3920000e+01  -7.9247933e+00
   4.3930000e+01  -5.8341682e+00
   4.3940000e+01  -4.4197351e+00
   4.3950000e+01  -3.8036370e+00
   4.3960000e+01  -3.4465540e+00
   4.3970000e+01  -2.7974957e+00
   4.3980000e+01  -2.0703653e+00
   4.3990000e+01  -2.0795888e+00
   4.4000000e+01  -2.9766904e+00
   4.4010000e+01  -3.6750126e+00
   4.4020000e+01  -3.1581683e+00
   4.4030000e+01  -1.8285821e+00
   4.4040000e+01  -9.0196856e-01
   4.4050000e+01  -8.1535761e-01
   4.4060000e+01  -8.2588452e-01
   4.4070000e+01  -1.8130039e-01
   4.4080000e+01   8.0997160e-01
   4.4090000e+01   1.2602597e+00
   4.4100000e+01   1.0153433e+00
   4.4110000e+01   8.7681150e-01
   4.4120000e+01   1.3774774e+00
   4.4130000e+01   1.9262190e+00
   4.4140000e+01   1.6174657e+00
   4.4150000e+01   5.1873058e-01
   4.4160000e+01  -3.3212500e-01
   4.4170000e+01  -1.4805409e-02
   4.4180000e+01   1.4803082e+00
   4.4190000e+01   3.3326689e+00
   4.4200000e+01   4.5993413e+00
   4.4210000e+01   5.0184604e+00
   4.4220000e+01   5.2177924e+00
   4.4230000e+01   6.0098469e+00
   4.4240000e+01   7.4142167e+00
   4.4250000e+01   8.5997778e+00
   4.4260000e+01   8.8567907e+00
   4.4270000e+01   8.3124291e+00
   4.4280000e+01   7.6311717e+00
   4.4290000e+01   7.2584261e+00
   4.4300000e+01   7.0958730e+00
   4.4310000e+01   6.7847930e+00
   4.4320000e+01   6.0229800e+00
   4.4330000e+01   4.7041916e+00
   4.4340000e+01   3.0313421e+00
   4.4350000e+01   1.3755546e+00
   4.4360000e+01  -8.7469411e-02
   4.4370000e+01  -1.4425925e+00
   4.4380000e+01  -2.6508007e+00
   4.4390000e+01  -3.2691402e+00
   4.4400000e+01  -2.8813676e+00
   4.4410000e+01  -1.7388127e+00
   4.4420000e+01  -5.8035081e-01
   4.4430000e+01   1.1065481e-01
   4.4440000e+01   3.5819390e-01
   4.4450000e+01   3.1954971e-01
   4.4460000e+01   2.7257085e-02
   4.4470000e+01  -4.2914529e-01
   4.4480000e+01  -7.3621463e-01
   4.4490000e+01  -5.8492642e-01
   4.4500000e+01  -4.8552382e-02
   4.4510000e+01   4.8466557e-01
   4.4520000e+01   7.4882161e-01
   4.4530000e+01   6.7185491e-01
   4.4540000e+01   2.2508987e-01
   4.4550000e+01  -3.6712460e-01
   4.4560000e+01  -5.3145482e-01
   4.4570000e+01   6.2557133e-02
   4.4580000e+01   8.8270602e-01
   4.4590000e+01   9.9313425e-01
   4.4600000e+01   2.1602399e-01
   4.4610000e+01  -7.3452152e-01
   4.4620000e+01  -1.3361952e+00
   4.4630000e+01  -1.7734256e+00
   4.4640000e+01  -2.2302297e+00
   4.4650000e+01  -2.3161865e+00
   4.4660000e+01  -1.6217574e+00
   4.4670000e+01  -5.2218829e-01
   4.4680000e+01   1.4438463e-01
   4.4690000e+01   7.4867253e-02
   4.4700000e+01  -3.4982867e-01
   4.4710000e+01  -7.5737829e-01
   4.4720000e+01  -1.1488181e+00
   4.4730000e+01  -1.6665653e+00
   4.4740000e+01  -2.3653122e+00
   4.4750000e+01  -3.1577567e+00
   4.4760000e+01  -3.7869377e+00
   4.4770000e+01  -4.0028308e+00
   4.4780000e+01  -3.8140627e+00
   4.4790000e+01  -3.3824048e+00
   4.4800000e+01  -2.7395270e+00
   4.4810000e+01  -1.7714243e+00
   4.4820000e+01  -4.6357197e-01
   4.4830000e+01   8.2543076e-01
   4.4840000e+01   1.4370776e+00
   4.4850000e+01   1.1782943e+00
   4.4860000e+01   8.8421226e-01
   4.4870000e+01   1.5112972e+00
   4.4880000e+01   2.8478946e+00
   4.4890000e+01   3.8089528e+00
   4.4900000e+01   3.7624113e+00
   4.4910000e+01   3.0558199e+00
   4.4920000e+01   2.4342842e+00
   4.4930000e+01   2.2778066e+00
   4.4940000e+01   2.3991633e+00
   4.4950000e+01   2.4777373e+00
   4.4960000e+01   2.5737158e+00
   4.4970000e+01   3.0555159e+00
   4.4980000e+01   4.0157861e+00
   4.4990000e+01   5.0253718e+00
   4.5000000e+01   5.6314037e+00
   4.5010000e+01   5.8835493e+00
   4.5020000e+01   6.1665464e+00
   4.5030000e+01   6.6448450e+00
   4.5040000e+01   7.0949476e+00
   4.5050000e+01   7.2496303e+00
   4.5060000e+01   7.0578878e+00
   4.5070000e+01   6.5579278e+00
   4.5080000e+01   5.7474081e+00
   4.5090000e+01   4.7434338e+00
   4.5100000e+01   3.8781686e+00
   4.5110000e+01   3.3997482e+00
   4.5120000e+01   3.1845854e+00
   4.5130000e+01   2.9264073e+00
   4.5140000e+01   2.5307067e+00
   4.5150000e+01   2.2056801e+00
   4.5160000e+01   2.2133712e+00
   4.5170000e+01   2.5504234e+00
   4.5180000e+01   2.7817683e+00
   4.5190000e+01   2.2619171e+00
   4.5200000e+01   7.1280432e-01
   4.5210000e+01  -1.4703750e+00
   4.5220000e+01  -3.6175348e+00
   4.5230000e+01  -5.3952576e+00
   4.5240000e+01  -6.8780333e+00
   4.5250000e+01  -8.0610353e+00
   4.5260000e+01  -8.6415605e+00
   4.5270000e+01  -8.5565860e+00
   4.5280000e+01  -8.3925794e+00
   4.5290000e+01  -8.7633434e+00
   4.5300000e+01  -9.5164726e+00
   4.5310000e+01  -1.0020794e+01
   4.5320000e+01  -9.9945748e+00
   4.5330000e+01  -9.6532252e+00
   4.5340000e+01  -9.3290855e+00
   4.5350000e+01  -9.2861530e+00
   4.5360000e+01  -9.6013304e+00
   4.5370000e+01  -1.0019815e+01
   4.5380000e+01  -1.0234353e+01
   4.5390000e+01  -1.0284112e+01
   4.5400000e+01  -1.0351841e+01
   4.5410000e+01  -1.0358136e+01
   4.5420000e+01  -1.0111775e+01
   4.5430000e+01  -9.6887582e+00
   4.5440000e+01  -9.3215705e+00
   4.5450000e+01  -8.9987609e+00
   4.5460000e+01  -8.4995099e+00
   4.5470000e+01  -7.8020043e+00
   4.5480000e+01  -7.1482616e+00
   4.5490000e+01  -6.6541618e+00
   4.5500000e+01  -6.0640445e+00
   4.5510000e+01  -5.0376938e+00
   4.5520000e+01  -3.6331494e+00
   4.5530000e+01  -2.3289968e+00
   4.5540000e+01  -1.6057811e+00
   4.5550000e+01  -1.6444488e+00
   4.5560000e+01  -2.2336552e+00
   4.5570000e+01  -2.8088362e+00
   4.5580000e+01  -2.7661286e+00
   4.5590000e+01  -1.8510600e+00
   4.5600000e+01  -2.5329774e-01
   4.5610000e+01   1.5763160e+00
   4.5620000e+01   3.1961647e+00
   4.5630000e+01   4.3944514e+00
   4.5640000e+01   5.2498538e+00
   4.5650000e+01   6.0342058e+00
   4.5660000e+01   7.0011968e+00
   4.5670000e+01   8.1502786e+00
   4.5680000e+01   9.2408619e+00
   4.5690000e+01   1.0051134e+01
   4.5700000e+01   1.0474521e+01
   4.5710000e+01   1.0503594e+01
   4.5720000e+01   1.0383817e+01
   4.5730000e+01   1.0556395e+01
   4.5740000e+01   1.1111946e+01
   4.5750000e+01   1.1485904e+01
   4.5760000e+01   1.1059465e+01
   4.5770000e+01   9.9865444e+00
   4.5780000e+01   9.1290641e+00
   4.5790000e+01   9.1397064e+00
   4.5800000e+01   9.7433067e+00
   4.5810000e+01   1.0082866e+01
   4.5820000e+01   9.7605387e+00
   4.5830000e+01   9.1824463e+00
   4.5840000e+01   8.7836071e+00
   4.5850000e+01   8.4019925e+00
   4.5860000e+01   7.6964685e+00
   4.5870000e+01   6.7781137e+00
   4.5880000e+01   6.0079218e+00
   4.5890000e+01   5.3965619e+00
   4.5900000e+01   4.5712559e+00
   4.5910000e+01   3.2364353e+00
   4.5920000e+01   1.5271411e+00
   4.5930000e+01  -7.6214909e-02
   4.5940000e+01  -1.2496869e+00
   4.5950000e+01  -2.1603578e+00
   4.5960000e+01  -3.1321425e+00
   4.5970000e+01  -4.1083563e+00
   4.5980000e+01  -4.6731155e+00
   4.5990000e+01  -4.6003794e+00
   4.6000000e+01  -4.1987160e+00
   4.6010000e+01  -4.0265797e+00
   4.6020000e+01  -4.3665428e+00
   4.6030000e+01  -4.9775976e+00
   4.6040000e+01  -5.2963228e+00
   4.6050000e+01  -5.0064088e+00
   4.6060000e+01  -4.4554707e+00
   4.6070000e+01  -4.3258290e+00
   4.6080000e+01  -4.8641337e+00
   4.6090000e+01  -5.6344518e+00
   4.6100000e+01  -6.0973235e+00
   4.6110000e+01  -6.1967279e+00
   4.6120000e+01  -6.1963398e+00
   4.6130000e+01  -6.2247357e+00
   4.6140000e+01  -6.2299064e+00
   4.6150000e+01  -6.1363327e+00
   4.6160000e+01  -5.9383633e+00
   4.6170000e+01  -5.7968814e+00
   4.6180000e+01  -5.9535646e+00
   4.6190000e+01  -6.3954193e+00
   4.6200000e+01  -6.6851483e+00
   4.6210000e+01  -6.2582224e+00
   4.6220000e+01  -4.9214578e+00
   4.6230000e+01  -3.0779871e+00
   4.6240000e+01  -1.5415411e+00
   4.6250000e+01  -9.7341236e-01
   4.6260000e+01  -1.1864061e+00
   4.6270000e+01  -1.2067643e+00
   4.6280000e+01  -3.3791892e-01
   4.6290000e+01   1.1542599e+00
   4.6300000e+01   2.6115661e+00
   4.6310000e+01   3.7701794e+00
   4.6320000e+01   4.7270841e+00
   4.6330000e+01   5.4882061e+00
   4.6340000e+01   5.8033312e+00
   4.6350000e+01   5.3984094e+00
   4.6360000e+01   4.4163219e+00
   4.6370000e+01   3.5807559e+00
   4.6380000e+01   3.6085859e+00
   4.6390000e+01   4.3887565e+00
   4.6400000e+01   5.0852371e+00
   4.6410000e+01   5.1209540e+00
   4.6420000e+01   4.7075203e+00
   4.6430000e+01   4.3746925e+00
   4.6440000e+01   4.3356991e+00
   4.6450000e+01   4.4169841e+00
   4.6460000e+01   4.3499768e+00
   4.6470000e+01   3.9368783e+00
   4.6480000e+01   3.0170635e+00
   4.6490000e+01   1.4918185e+00
   4.6500000e+01  -4.4083212e-01
   4.6510000e+01  -2.1239011e+00
   4.6520000e+01  -2.8201670e+00
   4.6530000e+01  -2.4212474e+00
   4.6540000e+01  -1.5486374e+00
   4.6550000e+01  -8.1328299e-01
   4.6560000e+01  -2.7562630e-01
   4.6570000e+01   2.2884942e-01
   4.6580000e+01   5.9697284e-01
   4.6590000e+01   5.4489257e-01
   4.6600000e+01  -2.3133957e-02
   4.6610000e+01  -9.6835750e-01
   4.6620000e+01  -2.0859874e+00
   4.6630000e+01  -3.1509760e+00
   4.6640000e+01  -3.9832751e+00
   4.6650000e+01  -4.5642300e+00
   4.6660000e+01  -4.9940863e+00
   4.6670000e+01  -5.3564949e+00
   4.6680000e+01  -5.6194449e+00
   4.6690000e+01  -5.6495525e+00
   4.6700000e+01  -5.3573152e+00
   4.6710000e+01  -4.7629336e+00
   4.6720000e+01  -3.9149596e+00
   4.6730000e+01  -2.9085501e+00
   4.6740000e+01  -2.0266612e+00
   4.6750000e+01  -1.6453784e+00
   4.6760000e+01  -1.8032081e+00
   4.6770000e+01  -1.9984063e+00
   4.6780000e+01  -1.6853918e+00
   4.6790000e+01  -8.8516291e-01
   4.6800000e+01  -1.9662008e-02
   4.6810000e+01   7.1516456e-01
   4.6820000e+01   1.4849806e+00
   4.6830000e+01   2.4363350e+00
   4.6840000e+01   3.4580650e+00
   4.6850000e+01   4.3472148e+00
   4.6860000e+01   5.0451936e+00
   4.6870000e+01   5.5953771e+00
   4.6880000e+01   5.9694200e+00
   4.6890000e+01   6.0325913e+00
   4.6900000e+01   5.6323515e+00
   4.6910000e+01   4.7392588e+00
   4.6920000e+01   3.5972568e+00
   4.6930000e+01   2.6404588e+00
   4.6940000e+01   2.0839661e+00
   4.6950000e+01   1.7202119e+00
   4.6960000e+01   1.2474749e+00
   4.6970000e+01   6.8685000e-01
   4.6980000e+01   3.9732420e-01
   4.6990000e+01   6.4059462e-01
   4.7000000e+01   1.2539516e+00
   4.7010000e+01   1.9608773e+00
   4.7020000e+01   2.8364390e+00
   4.7030000e+01   4.1846992e+00
   4.7040000e+01   5.9972700e+00
   4.7050000e+01   7.7310604e+00
   4.7060000e+01   8.6911766e+00
   4.7070000e+01   8.5409591e+00
   4.7080000e+01   7.4934159e+00
   4.7090000e+01   6.2152433e+00
   4.7100000e+01   5.3891576e+00
   4.7110000e+01   5.0014350e+00
   4.7120000e+01   4.2520496e+00
   4.7130000e+01   2.5939355e+00
   4.7140000e+01   5.7522540e-01
   4.7150000e+01  -7.6963991e-01
   4.7160000e+01  -1.0645573e+00
   4.7170000e+01  -7.8908285e-01
   4.7180000e+01  -5.1765604e-01
   4.7190000e+01  -3.0836674e-01
   4.7200000e+01   9.1276372e-03
   4.7210000e+01   2.0813224e-01
   4.7220000e+01  -2.3553198e-01
   4.7230000e+01  -1.4063803e+00
   4.7240000e+01  -2.6691314e+00
   4.7250000e+01  -3.2376819e+00
   4.7260000e+01  -2.8731380e+00
   4.7270000e+01  -2.0737132e+00
   4.7280000e+01  -1.7138826e+00
   4.7290000e+01  -2.3179494e+00
   4.7300000e+01  -3.4720310e+00
   4.7310000e+01  -4.1057076e+00
   4.7320000e+01  -3.5578284e+00
   4.7330000e+01  -2.2768341e+00
   4.7340000e+01  -1.3611628e+00
   4.7350000e+01  -1.4973432e+00
   4.7360000e+01  -2.4697536e+00
   4.7370000e+01  -3.6322435e+00
   4.7380000e+01  -4.5743754e+00
   4.7390000e+01  -5.2483250e+00
   4.7400000e+01  -5.7803482e+00
   4.7410000e+01  -6.3133533e+00
   4.7420000e+01  -6.7791953e+00
   4.7430000e+01  -6.8567742e+00
   4.7440000e+01  -6.4344186e+00
   4.7450000e+01  -5.9339381e+00
   4.7460000e+01  -5.8444558e+00
   4.7470000e+01  -6.0608989e+00
   4.7480000e+01  -5.9864447e+00
   4.7490000e+01  -5.2797894e+00
   4.7500000e+01  -4.2462612e+00
   4.7510000e+01  -3.4157424e+00
   4.7520000e+01  -2.9476300e+00
   4.7530000e+01  -2.6156807e+00
   4.7540000e+01  -2.2719798e+00
   4.7550000e+01  -2.0929068e+00
   4.7560000e+01  -2.2712200e+00
   4.7570000e+01  -2.5998018e+00
   4.7580000e+01  -2.5807055e+00
   4.7590000e+01  -2.0056923e+00
   4.7600000e+01  -1.2871245e+00
   4.7610000e+01  -1.0824202e+00
   4.7620000e+01  -1.5619882e+00
   4.7630000e+01  -2.1176669e+00
   4.7640000e+01  -1.9256762e+00
   4.7650000e+01  -7.8736135e-01
   4.7660000e+01   6.5782701e-01
   4.7670000e+01   1.4795202e+00
   4.7680000e+01   1.2312687e+00
   4.7690000e+01   3.4192965e-01
   4.7700000e+01  -2.3695240e-01
   4.7710000e+01   9.3525791e-02
   4.7720000e+01   9.8039466e-01
   4.7730000e+01   1.5171119e+00
   4.7740000e+01   1.3165667e+00
   4.7750000e+01   9.2537849e-01
   4.7760000e+01   9.6253538e-01
   4.7770000e+01   1.2360467e+00
   4.7780000e+01   1.1923605e+00
   4.7790000e+01   9.2736655e-01
   4.7800000e+01   1.1030917e+00
   4.7810000e+01   1.8999531e+00
   4.7820000e+01   2.5358728e+00
   4.7830000e+01   2.0510975e+00
   4.7840000e+01   5.3664137e-01
   4.7850000e+01  -7.1141090e-01
   4.7860000e+01  -6.2668758e-01
   4.7870000e+01   3.1368494e-01
   4.7880000e+01   7.4364912e-01
   4.7890000e+01   6.5264239e-02
   4.7900000e+01  -1.1354620e+00
   4.7910000e+01  -2.0089358e+00
   4.7920000e+01  -2.1590223e+00
   4.7930000e+01  -1.6556735e+00
   4.7940000e+01  -8.8178735e-01
   4.7950000e+01  -2.8462262e-01
   4.7960000e+01  -1.2507641e-02
   4.7970000e+01   7.5029382e-02
   4.7980000e+01   2.7625630e-02
   4.7990000e+01  -2.8948854e-01
   4.8000000e+01  -8.4290234e-01
   4.8010000e+01  -1.2563912e+00
   4.8020000e+01  -1.2453160e+00
   4.8030000e+01  -1.0048660e+00
   4.8040000e+01  -8.2492763e-01
   4.8050000e+01  -6.4276132e-01
   4.8060000e+01  -3.8157117e-01
   4.8070000e+01  -3.3470076e-01
   4.8080000e+01  -7.5872669e-01
   4.8090000e+01  -1.3476168e+00
   4.8100000e+01  -1.4732482e+00
   4.8110000e+01  -8.6869414e-01
   4.8120000e+01   1.2458230e-01
   4.8130000e+01   9.7798717e-01
   4.8140000e+01   1.4660644e+00
   4.8150000e+01   1.6512496e+00
   4.8160000e+01   1.6516004e+00
   4.8170000e+01   1.6974020e+00
   4.8180000e+01   2.1240376e+00
   4.8190000e+01   3.0198229e+00
   4.8200000e+01   4.2011423e+00
   4.8210000e+01   5.6424551e+00
   4.8220000e+01   7.4506091e+00
   4.8230000e+01   9.3319022e+00
   4.8240000e+01   1.0623378e+01
   4.8250000e+01   1.1011995e+01
   4.8260000e+01   1.0796428e+01
   4.8270000e+01   1.0366682e+01
   4.8280000e+01   9.8636647e+00
   4.8290000e+01   9.3979678e+00
   4.8300000e+01   9.1468013e+00
   4.8310000e+01   9.0623722e+00
   4.8320000e+01   8.7754077e+00
   4.8330000e+01   8.0066282e+00
   4.8340000e+01   6.9728345e+00
   4.8350000e+01   6.2061723e+00
   4.8360000e+01   5.9841527e+00
   4.8370000e+01   6.1350713e+00
   4.8380000e+01   6.3911279e+00
   4.8390000e+01   6.5962920e+00
   4.8400000e+01   6.5180022e+00
   4.8410000e+01   5.8578346e+00
   4.8420000e+01   4.6578868e+00
   4.8430000e+01   3.4310754e+00
   4.8440000e+01   2.6198540e+00
   4.8450000e+01   2.0835861e+00
   4.8460000e+01   1.3566913e+00
   4.8470000e+01   2.5595157e-01
   4.8480000e+01  -1.0308863e+00
   4.8490000e+01  -2.3609656e+00
   4.8500000e+01  -3.7794583e+00
   4.8510000e+01  -5.1725922e+00
   4.8520000e+01  -6.1458126e+00
   4.8530000e+01  -6.4710141e+00
   4.8540000e+01  -6.4363005e+00
   4.8550000e+01  -6.5683880e+00
   4.8560000e+01  -7.1355264e+00
   4.8570000e+01  -8.0211433e+00
   4.8580000e+01  -8.9514251e+00
   4.8590000e+01  -9.6886503e+00
   4.8600000e+01  -1.0060412e+01
   4.8610000e+01  -1.0025819e+01
   4.8620000e+01  -9.7653218e+00
   4.8630000e+01  -9.5738955e+00
   4.8640000e+01  -9.6333802e+00
   4.8650000e+01  -9.9096916e+00
   4.8660000e+01  -1.0250924e+01
   4.8670000e+01  -1.0505018e+01
   4.8680000e+01  -1.0460727e+01
   4.8690000e+01  -9.8770163e+00
   4.8700000e+01  -8.8197332e+00
   4.8710000e+01  -7.7312342e+00
   4.8720000e+01  -6.8758784e+00
   4.8730000e+01  -6.0139751e+00
   4.8740000e+01  -4.9532679e+00
   4.8750000e+01  -4.0643938e+00
   4.8760000e+01  -3.8366128e+00
   4.8770000e+01  -4.1549654e+00
   4.8780000e+01  -4.3676514e+00
   4.8790000e+01  -4.0742434e+00
   4.8800000e+01  -3.6173621e+00
   4.8810000e+01  -3.5225614e+00
   4.8820000e+01  -3.5820045e+00
   4.8830000e+01  -2.9776251e+00
   4.8840000e+01  -1.3649360e+00
   4.8850000e+01   6.4376280e-01
   4.8860000e+01   2.2610222e+00
   4.8870000e+01   3.3840110e+00
   4.8880000e+01   4.4043067e+00
   4.8890000e+01   5.4663941e+00
   4.8900000e+01   6.2701019e+00
   4.8910000e+01   6.5223551e+00
   4.8920000e+01   6.2939622e+00
   4.8930000e+01   5.9063036e+00
   4.8940000e+01   5.6225473e+00
   4.8950000e+01   5.4665027e+00
   4.8960000e+01   5.3235941e+00
   4.8970000e+01   5.1884769e+00
   4.8980000e+01   5.2313386e+00
   4.8990000e+01   5.6364567e+00
   4.9000000e+01   6.4098674e+00
   4.9010000e+01   7.3177639e+00
   4.9020000e+01   8.0348027e+00
   4.9030000e+01   8.4229251e+00
   4.9040000e+01   8.6575705e+00
   4.9050000e+01   8.9567006e+00
   4.9060000e+01   9.1890434e+00
   4.9070000e+01   8.9576780e+00
   4.9080000e+01   8.0979663e+00
   4.9090000e+01   6.9132133e+00
   4.9100000e+01   5.8930726e+00
   4.9110000e+01   5.2821960e+00
   4.9120000e+01   4.9419932e+00
   4.9130000e+01   4.6320224e+00
   4.9140000e+01   4.3607815e+00
   4.9150000e+01   4.3240811e+00
   4.9160000e+01   4.5308911e+00
   4.9170000e+01   4.7066306e+00
   4.9180000e+01   4.6156692e+00
   4.9190000e+01   4.2887894e+00
   4.9200000e+01   3.8600485e+00
   4.9210000e+01   3.3722599e+00
   4.9220000e+01   2.8198460e+00
   4.9230000e+01   2.1955010e+00
   4.9240000e+01   1.4656307e+00
   4.9250000e+01   6.0971902e-01
   4.9260000e+01  -3.7465868e-01
   4.9270000e+01  -1.5269033e+00
   4.9280000e+01  -2.8681829e+00
   4.9290000e+01  -4.2549757e+00
   4.9300000e+01  -5.3753141e+00
   4.9310000e+01  -6.0080528e+00
   4.9320000e+01  -6.3179611e+00
   4.9330000e+01  -6.7578602e+00
   4.9340000e+01  -7.5287357e+00
   4.9350000e+01  -8.2525171e+00
   4.9360000e+01  -8.4030471e+00
   4.9370000e+01  -7.9647040e+00
   4.9380000e+01  -7.4160886e+00
   4.9390000e+01  -7.1597898e+00
   4.9400000e+01  -7.2180532e+00
   4.9410000e+01  -7.4064097e+00
   4.9420000e+01  -7.5521888e+00
   4.9430000e+01  -7.5194466e+00
   4.9440000e+01  -7.1943425e+00
   4.9450000e+01  -6.5495993e+00
   4.9460000e+01  -5.6578374e+00
   4.9470000e+01  -4.6033124e+00
   4.9480000e+01  -3.4920422e+00
   4.9490000e+01  -2.5526783e+00
   4.9500000e+01  -2.0395436e+00
   4.9510000e+01  -1.9544372e+00
   4.9520000e+01  -1.9734100e+00
   4.9530000e+01  -1.7451148e+00
   4.9540000e+01  -1.2442307e+00
   4.9550000e+01  -7.6012653e-01
   4.9560000e+01  -5.1841776e-01
   4.9570000e+01  -4.0823602e-01
   4.9580000e+01  -1.6562495e-01
   4.9590000e+01   2.4215010e-01
   4.9600000e+01   5.3946128e-01
   4.9610000e+01   4.8417863e-01
   4.9620000e+01   2.1316228e-01
   4.9630000e+01   1.4495519e-01
   4.9640000e+01   5.1395058e-01
   4.9650000e+01   1.0913170e+00
   4.9660000e+01   1.4422136e+00
   4.9670000e+01   1.3540606e+00
   4.9680000e+01   9.5405913e-01
   4.9690000e+01   5.5712461e-01
   4.9700000e+01   4.2666348e-01
   4.9710000e+01   5.8579859e-01
   4.9720000e+01   8.8730819e-01
   4.9730000e+01   1.2598917e+00
   4.9740000e+01   1.7308611e+00
   4.9750000e+01   2.2087033e+00
   4.9760000e+01   2.4792702e+00
   4.9770000e+01   2.4533914e+00
   4.9780000e+01   2.2370120e+00
   4.9790000e+01   1.9620029e+00
   4.9800000e+01   1.6762168e+00
   4.9810000e+01   1.3679329e+00
   4.9820000e+01   9.9978879e-01
   4.9830000e+01   5.4963905e-01
   4.9840000e+01   4.1351165e-02
   4.9850000e+01  -5.0329569e-01
   4.9860000e+01  -1.0802592e+00
   4.9870000e+01  -1.6545186e+00
   4.9880000e+01  -2.1986442e+00
   4.9890000e+01  -2.7521344e+00
   4.9900000e+01  -3.3363184e+00
   4.9910000e+01  -3.8216645e+00
   4.9920000e+01  -3.9767494e+00
   4.9930000e+01  -3.7585881e+00
   4.9940000e+01  -3.5284135e+00
   4.9950000e+01  -3.7400087e+00
   4.9960000e+01  -4.3345789e+00
   4.9970000e+01  -4.7564040e+00
   4.9980000e+01  -4.6822336e+00
   4.9990000e+01  -4.3909156e+00
   5.0000000e+01  -4.2853254e+00
   5.0010000e+01  -4.3220526e+00
   5.0020000e+01  -4.1210855e+00
   5.0030000e+01  -3.6150503e+00
   5.0040000e+01  -3.3120218e+00
   5.0050000e+01  -3.6169546e+00
   5.0060000e+01  -4.1548920e+00
   5.0070000e+01  -4.2576621e+00
   5.0080000e+01  -3.8611125e+00
   5.0090000e+01  -3.3669529e+00
   5.0100000e+01  -2.9066031e+00
   5.0110000e+01  -2.3351577e+00
   5.0120000e+01  -1.7133387e+00
   5.0130000e+01  -1.2269177e+00
   5.0140000e+01  -7.8032724e-01
   5.0150000e+01  -1.7826437e-01
   5.0160000e+01   4.1173110e-01
   5.0170000e+01   6.9034078e-01
   5.0180000e+01   8.3723500e-01
   5.0190000e+01   1.4214712e+00
   5.0200000e+01   2.6738132e+00
   5.0210000e+01   4.1754418e+00
   5.0220000e+01   5.3996595e+00
   5.0230000e+01   6.2905498e+00
   5.0240000e+01   7.0522327e+00
   5.0250000e+01   7.6386506e+00
   5.0260000e+01   7.8952207e+00
   5.0270000e+01   8.0372981e+00
   5.0280000e+01   8.4254169e+00
   5.0290000e+01   8.9134934e+00
   5.0300000e+01   8.9589285e+00
   5.0310000e+01   8.4134290e+00
   5.0320000e+01   7.7916318e+00
   5.0330000e+01   7.6392531e+00
   5.0340000e+01   7.9087472e+00
   5.0350000e+01   8.1586769e+00
   5.0360000e+01   8.1996599e+00
   5.0370000e+01   8.2594532e+00
   5.0380000e+01   8.4996205e+00
   5.0390000e+01   8.6330271e+00
   5.0400000e+01   8.2390222e+00
   5.0410000e+01   7.3420139e+00
   5.0420000e+01   6.4228299e+00
   5.0430000e+01   5.8445549e+00
   5.0440000e+01   5.4197598e+00
   5.0450000e+01   4.6461819e+00
   5.0460000e+01   3.3755442e+00
   5.0470000e+01   2.1243056e+00
   5.0480000e+01   1.5385406e+00
   5.0490000e+01   1.6023972e+00
   5.0500000e+01   1.6970134e+00
   5.0510000e+01   1.4488145e+00
   5.0520000e+01   1.0955021e+00
   5.0530000e+01   9.3496188e-01
   5.0540000e+01   8.1225942e-01
   5.0550000e+01   3.5342251e-01
   5.0560000e+01  -5.1547757e-01
   5.0570000e+01  -1.5380746e+00
   5.0580000e+01  -2.5330846e+00
   5.0590000e+01  -3.5425291e+00
   5.0600000e+01  -4.5246271e+00
   5.0610000e+01  -5.2049135e+00
   5.0620000e+01  -5.4480157e+00
   5.0630000e+01  -5.5054362e+00
   5.0640000e+01  -5.6145272e+00
   5.0650000e+01  -5.6386538e+00
   5.0660000e+01  -5.4205898e+00
   5.0670000e+01  -5.2240368e+00
   5.0680000e+01  -5.4307344e+00
   5.0690000e+01  -5.9256382e+00
   5.0700000e+01  -6.2000950e+00
   5.0710000e+01  -6.0456005e+00
   5.0720000e+01  -5.7491357e+00
   5.0730000e+01  -5.5829664e+00
   5.0740000e+01  -5.4772829e+00
   5.0750000e+01  -5.2945117e+00
   5.0760000e+01  -5.1298016e+00
   5.0770000e+01  -5.1355420e+00
   5.0780000e+01  -5.1912613e+00
   5.0790000e+01  -5.0011027e+00
   5.0800000e+01  -4.5251501e+00
   5.0810000e+01  -4.1171283e+00
   5.0820000e+01  -4.1553002e+00
   5.0830000e+01  -4.6122544e+00
   5.0840000e+01  -5.0302628e+00
   5.0850000e+01  -4.8840966e+00
   5.0860000e+01  -3.9578858e+00
   5.0870000e+01  -2.4661952e+00
   5.0880000e+01  -9.3730423e-01
   5.0890000e+01   9.8386807e-02
   5.0900000e+01   5.2272444e-01
   5.0910000e+01   7.1281590e-01
   5.0920000e+01   1.0718579e+00
   5.0930000e+01   1.6163961e+00
   5.0940000e+01   2.1088194e+00
   5.0950000e+01   2.3493992e+00
   5.0960000e+01   2.3064020e+00
   5.0970000e+01   2.1424904e+00
   5.0980000e+01   2.0839113e+00
   5.0990000e+01   2.2754812e+00
   5.1000000e+01   2.8368030e+00
   5.1010000e+01   3.8440728e+00
   5.1020000e+01   5.0752654e+00
   5.1030000e+01   5.9884968e+00
   5.1040000e+01   6.1835874e+00
   5.1050000e+01   5.7980334e+00
   5.1060000e+01   5.2911771e+00
   5.1070000e+01   4.9394194e+00
   5.1080000e+01   4.6938662e+00
   5.1090000e+01   4.4056708e+00
   5.1100000e+01   4.0272864e+00
   5.1110000e+01   3.5729505e+00
   5.1120000e+01   2.9827255e+00
   5.1130000e+01   2.2578670e+00
   5.1140000e+01   1.6482457e+00
   5.1150000e+01   1.3883759e+00
   5.1160000e+01   1.3796036e+00
   5.1170000e+01   1.3657649e+00
   5.1180000e+01   1.2543149e+00
   5.1190000e+01   1.1124876e+00
   5.1200000e+01   9.7315782e-01
   5.1210000e+01   7.9124393e-01
   5.1220000e+01   5.7220444e-01
   5.1230000e+01   4.3694009e-01
   5.1240000e+01   5.1236454e-01
   5.1250000e+01   7.7585413e-01
   5.1260000e+01   1.0027720e+00
   5.1270000e+01   8.9392880e-01
   5.1280000e+01   3.5858801e-01
   5.1290000e+01  -3.6182198e-01
   5.1300000e+01  -9.3034325e-01
   5.1310000e+01  -1.1341375e+00
   5.1320000e+01  -8.9152625e-01
   5.1330000e+01  -3.3529557e-01
   5.1340000e+01   1.2316306e-01
   5.1350000e+01   4.8884899e-02
   5.1360000e+01  -6.5306277e-01
   5.1370000e+01  -1.6485037e+00
   5.1380000e+01  -2.4395401e+00
   5.1390000e+01  -2.7533812e+00
   5.1400000e+01  -2.7134446e+00
   5.1410000e+01  -2.6174775e+00
   5.1420000e+01  -2.5531642e+00
   5.1430000e+01  -2.3979906e+00
   5.1440000e+01  -2.2332987e+00
   5.1450000e+01  -2.4020268e+00
   5.1460000e+01  -2.9598346e+00
   5.1470000e+01  -3.4061138e+00
   5.1480000e+01  -3.2552173e+00
   5.1490000e+01  -2.6492292e+00
   5.1500000e+01  -2.1206591e+00
   5.1510000e+01  -1.9491277e+00
   5.1520000e+01  -2.0071833e+00
   5.1530000e+01  -2.1106422e+00
   5.1540000e+01  -2.3383768e+00
   5.1550000e+01  -2.9319189e+00
   5.1560000e+01  -3.8595890e+00
   5.1570000e+01  -4.6030403e+00
   5.1580000e+01  -4.5941771e+00
   5.1590000e+01  -3.8965516e+00
   5.1600000e+01  -3.1310946e+00
   5.1610000e+01  -2.6530663e+00
   5.1620000e+01  -2.2502178e+00
   5.1630000e+01  -1.6824304e+00
   5.1640000e+01  -1.0181706e+00
   5.1650000e+01  -3.8475402e-01
   5.1660000e+01   2.1800473e-01
   5.1670000e+01   7.3503919e-01
   5.1680000e+01   9.5084153e-01
   5.1690000e+01   7.6670245e-01
   5.1700000e+01   4.4195650e-01
   5.1710000e+01   3.7308536e-01
   5.1720000e+01   7.1676695e-01
   5.1730000e+01   1.3445641e+00
   5.1740000e+01   2.0599507e+00
   5.1750000e+01   2.7311203e+00
   5.1760000e+01   3.3011553e+00
   5.1770000e+01   3.7699898e+00
   5.1780000e+01   4.0917251e+00
   5.1790000e+01   4.1457125e+00
   5.1800000e+01   3.9469054e+00
   5.1810000e+01   3.7264043e+00
   5.1820000e+01   3.6617334e+00
   5.1830000e+01   3.6920549e+00
   5.1840000e+01   3.7042156e+00
   5.1850000e+01   3.7501144e+00
   5.1860000e+01   3.9448326e+00
   5.1870000e+01   4.2296064e+00
   5.1880000e+01   4.3622980e+00
   5.1890000e+01   4.1797445e+00
   5.1900000e+01   3.8417360e+00
   5.1910000e+01   3.6981830e+00
   5.1920000e+01   3.8832922e+00
   5.1930000e+01   4.1893068e+00
   5.1940000e+01   4.3729970e+00
   5.1950000e+01   4.4250501e+00
   5.1960000e+01   4.4411437e+00
   5.1970000e+01   4.3602830e+00
   5.1980000e+01   4.0358807e+00
   5.1990000e+01   3.5094083e+00
   5.2000000e+01   2.9983443e+00
   5.2010000e+01   2.6233884e+00
   5.2020000e+01   2.3043843e+00
   5.2030000e+01   1.9148851e+00
   5.2040000e+01   1.4081729e+00
   5.2050000e+01   7.8294606e-01
   5.2060000e+01   1.3524654e-02
   5.2070000e+01  -9.1691308e-01
   5.2080000e+01  -1.9127125e+00
   5.2090000e+01  -2.8088726e+00
   5.2100000e+01  -3.5338630e+00
   5.2110000e+01  -4.1077221e+00
   5.2120000e+01  -4.5199345e+00
   5.2130000e+01  -4.7482826e+00
   5.2140000e+01  -4.8684663e+00
   5.2150000e+01  -4.9977465e+00
   5.2160000e+01  -5.1450240e+00
   5.2170000e+01  -5.2813193e+00
   5.2180000e+01  -5.4783722e+00
   5.2190000e+01  -5.7439544e+00
   5.2200000e+01  -5.8446926e+00
   5.2210000e+01  -5.5694401e+00
   5.2220000e+01  -5.0769338e+00
   5.2230000e+01  -4.7388196e+00
   5.2240000e+01  -4.6604125e+00
   5.2250000e+01  -4.5900956e+00
   5.2260000e+01  -4.3581647e+00
   5.2270000e+01  -4.1433212e+00
   5.2280000e+01  -4.1878742e+00
   5.2290000e+01  -4.4119606e+00
   5.2300000e+01  -4.4209511e+00
   5.2310000e+01  -3.9436303e+00
   5.2320000e+01  -3.2186438e+00
   5.2330000e+01  -2.7884602e+00
   5.2340000e+01  -2.8753827e+00
   5.2350000e+01  -3.0769452e+00
   5.2360000e+01  -2.7824600e+00
   5.2370000e+01  -1.8253948e+00
   5.2380000e+01  -5.8493637e-01
   5.2390000e+01   4.3522718e-01
   5.2400000e+01   9.5730916e-01
   5.2410000e+01   1.0163094e+00
   5.2420000e+01   8.5712291e-01
   5.2430000e+01   6.7893303e-01
   5.2440000e+01   4.2325650e-01
   5.2450000e+01  -1.6071531e-01
   5.2460000e+01  -1.1834271e+00
   5.2470000e+01  -2.3504885e+00
   5.2480000e+01  -3.1469231e+00
   5.2490000e+01  -3.3031518e+00
   5.2500000e+01  -2.9791729e+00
   5.2510000e+01  -2.5415529e+00
   5.2520000e+01  -2.2904712e+00
   5.2530000e+01  -2.3599498e+00
   5.2540000e+01  -2.7242088e+00
   5.2550000e+01  -3.2237622e+00
   5.2560000e+01  -3.6151455e+00
   5.2570000e+01  -3.6589158e+00
   5.2580000e+01  -3.2670718e+00
   5.2590000e+01  -2.6181988e+00
   5.2600000e+01  -2.0159687e+00
   5.2610000e+01  -1.5939323e+00
   5.2620000e+01  -1.2685371e+00
   5.2630000e+01  -9.4159652e-01
   5.2640000e+01  -6.0477894e-01
   5.2650000e+01  -2.6157395e-01
   5.2660000e+01   1.6854336e-01
   5.2670000e+01   8.1045812e-01
   5.2680000e+01   1.6339729e+00
   5.2690000e+01   2.3544716e+00
   5.2700000e+01   2.6638097e+00
   5.2710000e+01   2.5398588e+00
   5.2720000e+01   2.2831841e+00
   5.2730000e+01   2.2966489e+00
   5.2740000e+01   2.7826916e+00
   5.2750000e+01   3.5503284e+00
   5.2760000e+01   4.1507352e+00
   5.2770000e+01   4.2909288e+00
   5.2780000e+01   4.1043422e+00
   5.2790000e+01   3.9748304e+00
   5.2800000e+01   4.1458714e+00
   5.2810000e+01   4.5554697e+00
   5.2820000e+01   4.9855848e+00
   5.2830000e+01   5.2720981e+00
   5.2840000e+01   5.3735521e+00
   5.2850000e+01   5.3081678e+00
   5.2860000e+01   5.0960456e+00
   5.2870000e+01   4.8181685e+00
   5.2880000e+01   4.6421276e+00
   5.2890000e+01   4.6199575e+00
   5.2900000e+01   4.5043093e+00
   5.2910000e+01   3.9713533e+00
   5.2920000e+01   3.0598665e+00
   5.2930000e+01   2.1914240e+00
   5.2940000e+01   1.7035693e+00
   5.2950000e+01   1.5702968e+00
   5.2960000e+01   1.5727976e+00
   5.2970000e+01   1.5037801e+00
   5.2980000e+01   1.2371323e+00
   5.2990000e+01   7.9621005e-01
   5.3000000e+01   3.5507958e-01
   5.3010000e+01   8.4347391e-02
   5.3020000e+01   1.3806480e-02
   5.3030000e+01   9.8119328e-02
   5.3040000e+01   3.4144589e-01
   5.3050000e+01   7.7056854e-01
   5.3060000e+01   1.3145750e+00
   5.3070000e+01   1.7406111e+00
   5.3080000e+01   1.7737996e+00
   5.3090000e+01   1.4079841e+00
   5.3100000e+01   1.0481364e+00
   5.3110000e+01   1.1093593e+00
   5.3120000e+01   1.4806033e+00
   5.3130000e+01   1.6699506e+00
   5.3140000e+01   1.4481768e+00
   5.3150000e+01   1.0415915e+00
   5.3160000e+01   7.6327467e-01
   5.3170000e+01   7.5557916e-01
   5.3180000e+01   1.0368383e+00
   5.3190000e+01   1.5273177e+00
   5.3200000e+01   2.0186504e+00
   5.3210000e+01   2.2736880e+00
   5.3220000e+01   2.1697641e+00
   5.3230000e+01   1.7651236e+00
   5.3240000e+01   1.3004671e+00
   5.3250000e+01   1.0566364e+00
   5.3260000e+01   1.1382983e+00
   5.3270000e+01   1.4485790e+00
   5.3280000e+01   1.8573783e+00
   5.3290000e+01   2.2879102e+00
   5.3300000e+01   2.6095095e+00
   5.3310000e+01   2.6167372e+00
   5.3320000e+01   2.2669092e+00
   5.3330000e+01   1.7874945e+00
   5.3340000e+01   1.4131970e+00
   5.3350000e+01   1.1689957e+00
   5.3360000e+01   9.7701282e-01
   5.3370000e+01   8.1168522e-01
   5.3380000e+01   6.8888348e-01
   5.3390000e+01   5.8258798e-01
   5.3400000e+01   3.7081897e-01
   5.3410000e+01  -1.1018906e-01
   5.3420000e+01  -8.6469702e-01
   5.3430000e+01  -1.6331747e+00
   5.3440000e+01  -2.1308985e+00
   5.3450000e+01  -2.3749524e+00
   5.3460000e+01  -2.6595769e+00
   5.3470000e+01  -3.1882780e+00
   5.3480000e+01  -3.8275572e+00
   5.3490000e+01  -4.2775508e+00
   5.3500000e+01  -4.3953347e+00
   5.3510000e+01  -4.2920957e+00
   5.3520000e+01  -4.1638094e+00
   5.3530000e+01  -4.0980367e+00
   5.3540000e+01  -4.0786757e+00
   5.3550000e+01  -4.0993667e+00
   5.3560000e+01  -4.2036306e+00
   5.3570000e+01  -4.4148177e+00
   5.3580000e+01  -4.5800655e+00
   5.3590000e+01  -4.3878589e+00
   5.3600000e+01  -3.7567317e+00
   5.3610000e+01  -3.0679516e+00
   5.3620000e+01  -2.7257507e+00
   5.3630000e+01  -2.6496253e+00
   5.3640000e+01  -2.4396974e+00
   5.3650000e+01  -1.8494325e+00
   5.3660000e+01  -1.0228913e+00
   5.3670000e+01  -3.9728708e-01
   5.3680000e+01  -2.5664649e-01
   5.3690000e+01  -3.9976981e-01
   5.3700000e+01  -4.3362881e-01
   5.3710000e+01  -2.9997143e-01
   5.3720000e+01  -3.0155848e-01
   5.3730000e+01  -5.9885651e-01
   5.3740000e+01  -8.9429658e-01
   5.3750000e+01  -7.7882197e-01
   5.3760000e+01  -2.8767133e-01
   5.3770000e+01   1.1009850e-01
   5.3780000e+01   1.1387101e-01
   5.3790000e+01  -6.2170733e-02
   5.3800000e+01  -7.8069135e-02
   5.3810000e+01   6.2410720e-02
   5.3820000e+01   1.2085697e-01
   5.3830000e+01   2.0822223e-02
   5.3840000e+01  -2.7383942e-02
   5.3850000e+01   1.9653380e-01
   5.3860000e+01   5.6797489e-01
   5.3870000e+01   6.9021099e-01
   5.3880000e+01   3.7965384e-01
   5.3890000e+01  -1.2828088e-01
   5.3900000e+01  -5.5867745e-01
   5.3910000e+01  -9.3347108e-01
   5.3920000e+01  -1.3807183e+00
   5.3930000e+01  -1.8205301e+00
   5.3940000e+01  -2.0042855e+00
   5.3950000e+01  -1.8202202e+00
   5.3960000e+01  -1.4660067e+00
   5.3970000e+01  -1.2334593e+00
   5.3980000e+01  -1.1676944e+00
   5.3990000e+01  -1.0480407e+00
   5.4000000e+01  -6.9081843e-01
   5.4010000e+01  -1.9180462e-01
   5.4020000e+01   1.9409889e-01
   5.4030000e+01   4.0057189e-01
   5.4040000e+01   6.2298843e-01
   5.4050000e+01   9.7576682e-01
   5.4060000e+01   1.3116909e+00
   5.4070000e+01   1.5156904e+00
   5.4080000e+01   1.7134424e+00
   5.4090000e+01   2.0452086e+00
   5.4100000e+01   2.4319242e+00
   5.4110000e+01   2.6680374e+00
   5.4120000e+01   2.6568171e+00
   5.4130000e+01   2.5048867e+00
   5.4140000e+01   2.4285650e+00
   5.4150000e+01   2.5644279e+00
   5.4160000e+01   2.7896612e+00
   5.4170000e+01   2.7856403e+00
   5.4180000e+01   2.4099658e+00
   5.4190000e+01   1.9174888e+00
   5.4200000e+01   1.6759522e+00
   5.4210000e+01   1.7371391e+00
   5.4220000e+01   1.8470907e+00
   5.4230000e+01   1.8671783e+00
   5.4240000e+01   1.9666558e+00
   5.4250000e+01   2.3353007e+00
   5.4260000e+01   2.8759807e+00
   5.4270000e+01   3.2734992e+00
   5.4280000e+01   3.3671246e+00
   5.4290000e+01   3.3203141e+00
   5.4300000e+01   3.2826186e+00
   5.4310000e+01   3.1454676e+00
   5.4320000e+01   2.8449612e+00
   5.4330000e+01   2.5303895e+00
   5.4340000e+01   2.1947701e+00
   5.4350000e+01   1.5527411e+00
   5.4360000e+01   5.3591084e-01
   5.4370000e+01  -4.6985527e-01
   5.4380000e+01  -1.1061880e+00
   5.4390000e+01  -1.4342270e+00
   5.4400000e+01  -1.6975683e+00
   5.4410000e+01  -1.9952767e+00
   5.4420000e+01  -2.3391591e+00
   5.4430000e+01  -2.8221645e+00
   5.4440000e+01  -3.4950897e+00
   5.4450000e+01  -4.1305114e+00
   5.4460000e+01  -4.3952836e+00
   5.4470000e+01  -4.3036311e+00
   5.4480000e+01  -4.2137334e+00
   5.4490000e+01  -4.3466079e+00
   5.4500000e+01  -4.5802538e+00
   5.4510000e+01  -4.7238697e+00
   5.4520000e+01  -4.7756698e+00
   5.4530000e+01  -4.8319872e+00
   5.4540000e+01  -4.8564553e+00
   5.4550000e+01  -4.7069684e+00
   5.4560000e+01  -4.3825734e+00
   5.4570000e+01  -4.0607467e+00
   5.4580000e+01  -3.8429660e+00
   5.4590000e+01  -3.6558014e+00
   5.4600000e+01  -3.4698673e+00
   5.4610000e+01  -3.3937810e+00
   5.4620000e+01  -3.4439337e+00
   5.4630000e+01  -3.3919490e+00
   5.4640000e+01  -3.0006292e+00
   5.4650000e+01  -2.3775133e+00
   5.4660000e+01  -1.9092959e+00
   5.4670000e+01  -1.7570550e+00
   5.4680000e+01  -1.6381249e+00
   5.4690000e+01  -1.2770229e+00
   5.4700000e+01  -7.9786292e-01
   5.4710000e+01  -4.5377198e-01
   5.4720000e+01  -2.3489102e-01
   5.4730000e+01   4.2110925e-02
   5.4740000e+01   4.2888254e-01
   5.4750000e+01   7.9282421e-01
   5.4760000e+01   1.0181334e+00
   5.4770000e+01   1.1608317e+00
   5.4780000e+01   1.3707111e+00
   5.4790000e+01   1.6940901e+00
   5.4800000e+01   2.0307189e+00
   5.4810000e+01   2.3082128e+00
   5.4820000e+01   2.5766124e+00
   5.4830000e+01   2.8528916e+00
   5.4840000e+01   2.9814635e+00
   5.4850000e+01   2.7760742e+00
   5.4860000e+01   2.3129957e+00
   5.4870000e+01   1.9438915e+00
   5.4880000e+01   1.9361515e+00
   5.4890000e+01   2.2196470e+00
   5.4900000e+01   2.4882445e+00
   5.4910000e+01   2.4616175e+00
   5.4920000e+01   2.1118396e+00
   5.4930000e+01   1.6662271e+00
   5.4940000e+01   1.3559319e+00
   5.4950000e+01   1.1888032e+00
   5.4960000e+01   9.8213652e-01
   5.4970000e+01   6.1054840e-01
   5.4980000e+01   2.2023098e-01
   5.4990000e+01   1.2084405e-01
   5.5000000e+01   4.0908803e-01
   5.5010000e+01   8.0743556e-01
   5.5020000e+01   9.6923201e-01
   5.5030000e+01   8.8419466e-01
   5.5040000e+01   8.7790304e-01
   5.5050000e+01   1.2087236e+00
   5.5060000e+01   1.7852976e+00
   5.5070000e+01   2.3149262e+00
   5.5080000e+01   2.6052081e+00
   5.5090000e+01   2.6434562e+00
   5.5100000e+01   2.4638956e+00
   5.5110000e+01   2.1065914e+00
   5.5120000e+01   1.7398785e+00
   5.5130000e+01   1.6076278e+00
   5.5140000e+01   1.7341201e+00
   5.5150000e+01   1.8596377e+00
   5.5160000e+01   1.7668237e+00
   5.5170000e+01   1.5015280e+00
   5.5180000e+01   1.1733476e+00
   5.5190000e+01   7.2297057e-01
   5.5200000e+01   8.5967867e-02
   5.5210000e+01  -5.4742586e-01
   5.5220000e+01  -8.8322374e-01
   5.5230000e+01  -8.4726598e-01
   5.5240000e+01  -5.9171878e-01
   5.5250000e+01  -3.0754002e-01
   5.5260000e+01  -1.4135301e-01
   5.5270000e+01  -1.4937618e-01
   5.5280000e+01  -2.2500882e-01
   5.5290000e+01  -1.5025661e-01
   5.5300000e+01   2.1779020e-01
   5.5310000e+01   8.0325376e-01
   5.5320000e+01   1.3499610e+00
   5.5330000e+01   1.6332353e+00
   5.5340000e+01   1.6364177e+00
   5.5350000e+01   1.4927972e+00
   5.5360000e+01   1.3127096e+00
   5.5370000e+01   1.1484688e+00
   5.5380000e+01   1.0486689e+00
   5.5390000e+01   1.0154541e+00
   5.5400000e+01   9.5927999e-01
   5.5410000e+01   8.2331067e-01
   5.5420000e+01   6.8811171e-01
   5.5430000e+01   6.1432151e-01
   5.5440000e+01   4.8762791e-01
   5.5450000e+01   1.7414546e-01
   5.5460000e+01  -1.9408914e-01
   5.5470000e+01  -2.1473505e-01
   5.5480000e+01   3.4819819e-01
   5.5490000e+01   1.2243205e+00
   5.5500000e+01   1.9098684e+00
   5.5510000e+01   2.1469204e+00
   5.5520000e+01   2.0691717e+00
   5.5530000e+01   1.9723080e+00
   5.5540000e+01   1.9797826e+00
   5.5550000e+01   2.0055712e+00
   5.5560000e+01   1.9622447e+00
   5.5570000e+01   1.8744694e+00
   5.5580000e+01   1.8873850e+00
   5.5590000e+01   2.1306092e+00
   5.5600000e+01   2.4846997e+00
   5.5610000e+01   2.6238769e+00
   5.5620000e+01   2.3584875e+00
   5.5630000e+01   1.8760876e+00
   5.5640000e+01   1.5571981e+00
   5.5650000e+01   1.5417363e+00
   5.5660000e+01   1.6314877e+00
   5.5670000e+01   1.6330710e+00
   5.5680000e+01   1.6022176e+00
   5.5690000e+01   1.6713355e+00
   5.5700000e+01   1.8040876e+00
   5.5710000e+01   1.8583360e+00
   5.5720000e+01   1.7278712e+00
   5.5730000e+01   1.3175549e+00
   5.5740000e+01   6.2192400e-01
   5.5750000e+01  -9.6035458e-02
   5.5760000e+01  -5.1544145e-01
   5.5770000e+01  -6.9913363e-01
   5.5780000e+01  -9.8954933e-01
   5.5790000e+01  -1.4669788e+00
   5.5800000e+01  -1.8966378e+00
   5.5810000e+01  -2.1903397e+00
   5.5820000e+01  -2.5332184e+00
   5.5830000e+01  -3.0546616e+00
   5.5840000e+01  -3.6190514e+00
   5.5850000e+01  -3.9721801e+00
   5.5860000e+01  -4.0583605e+00
   5.5870000e+01  -4.1449444e+00
   5.5880000e+01  -4.5300121e+00
   5.5890000e+01  -5.1656860e+00
   5.5900000e+01  -5.7267202e+00
   5.5910000e+01  -6.0173783e+00
   5.5920000e+01  -6.1157719e+00
   5.5930000e+01  -6.1369629e+00
   5.5940000e+01  -6.0767704e+00
   5.5950000e+01  -5.9343426e+00
   5.5960000e+01  -5.8133590e+00
   5.5970000e+01  -5.7923947e+00
   5.5980000e+01  -5.7852344e+00
   5.5990000e+01  -5.6602824e+00
   5.6000000e+01  -5.4535157e+00
   5.6010000e+01  -5.3243011e+00
   5.6020000e+01  -5.3103513e+00
   5.6030000e+01  -5.2392509e+00
   5.6040000e+01  -4.9186701e+00
   5.6050000e+01  -4.3717593e+00
   5.6060000e+01  -3.8284160e+00
   5.6070000e+01  -3.4816871e+00
   5.6080000e+01  -3.2891365e+00
   5.6090000e+01  -3.0298985e+00
   5.6100000e+01  -2.5898790e+00
   5.6110000e+01  -2.1367274e+00
   5.6120000e+01  -1.8784134e+00
   5.6130000e+01  -1.7346607e+00
   5.6140000e+01  -1.4285955e+00
   5.6150000e+01  -8.4778378e-01
   5.6160000e+01  -1.4419976e-01
   5.6170000e+01   5.2978699e-01
   5.6180000e+01   1.1984474e+00
   5.6190000e+01   1.8978374e+00
   5.6200000e+01   2.4813848e+00
   5.6210000e+01   2.7294097e+00
   5.6220000e+01   2.6683767e+00
   5.6230000e+01   2.6563745e+00
   5.6240000e+01   3.0337593e+00
   5.6250000e+01   3.7718871e+00
   5.6260000e+01   4.5250505e+00
   5.6270000e+01   4.9427854e+00
   5.6280000e+01   4.9378056e+00
   5.6290000e+01   4.6922496e+00
   5.6300000e+01   4.3792294e+00
   5.6310000e+01   3.9638538e+00
   5.6320000e+01   3.4154995e+00
   5.6330000e+01   2.9912723e+00
   5.6340000e+01   3.0207859e+00
   5.6350000e+01   3.4208241e+00
   5.6360000e+01   3.6679440e+00
   5.6370000e+01   3.3202850e+00
   5.6380000e+01   2.4763002e+00
   5.6390000e+01   1.6346940e+00
   5.6400000e+01   1.1145475e+00
   5.6410000e+01   7.5015422e-01
   5.6420000e+01   2.3319504e-01
   5.6430000e+01  -3.7219662e-01
   5.6440000e+01  -7.1081330e-01
   5.6450000e+01  -7.3852987e-01
   5.6460000e+01  -8.2428687e-01
   5.6470000e+01  -1.1135439e+00
   5.6480000e+01  -1.2168329e+00
   5.6490000e+01  -7.1774121e-01
   5.6500000e+01   2.6431284e-01
   5.6510000e+01   1.1488214e+00
   5.6520000e+01   1.4240062e+00
   5.6530000e+01   1.0747887e+00
   5.6540000e+01   5.8271488e-01
   5.6550000e+01   4.7543434e-01
   5.6560000e+01   8.1659328e-01
   5.6570000e+01   1.1858565e+00
   5.6580000e+01   1.0861739e+00
   5.6590000e+01   3.3267036e-01
   5.6600000e+01  -7.7750968e-01
   5.6610000e+01  -1.6919148e+00
   5.6620000e+01  -2.1370814e+00
   5.6630000e+01  -2.2438884e+00
   5.6640000e+01  -2.0959516e+00
   5.6650000e+01  -1.6081558e+00
   5.6660000e+01  -9.5470278e-01
   5.6670000e+01  -6.0067726e-01
   5.6680000e+01  -7.3717046e-01
   5.6690000e+01  -1.0197671e+00
   5.6700000e+01  -1.0104508e+00
   5.6710000e+01  -6.8288309e-01
   5.6720000e+01  -3.1242457e-01
   5.6730000e+01   4.1292497e-03
   5.6740000e+01   3.9716581e-01
   5.6750000e+01   7.6922961e-01
   5.6760000e+01   7.0423277e-01
   5.6770000e+01   3.3339667e-02
   5.6780000e+01  -8.2453262e-01
   5.6790000e+01  -1.2592330e+00
   5.6800000e+01  -1.0347539e+00
   5.6810000e+01  -4.2496298e-01
   5.6820000e+01   8.1275932e-02
   5.6830000e+01   1.5922001e-01
   5.6840000e+01  -1.7861289e-01
   5.6850000e+01  -6.5589797e-01
   5.6860000e+01  -9.8608063e-01
   5.6870000e+01  -1.1061696e+00
   5.6880000e+01  -1.0858757e+00
   5.6890000e+01  -9.0318376e-01
   5.6900000e+01  -5.7797642e-01
   5.6910000e+01  -4.2065398e-01
   5.6920000e+01  -7.6813808e-01
   5.6930000e+01  -1.4442364e+00
   5.6940000e+01  -1.7775188e+00
   5.6950000e+01  -1.2871917e+00
   5.6960000e+01  -2.3570591e-01
   5.6970000e+01   6.2992991e-01
   5.6980000e+01   8.3143842e-01
   5.6990000e+01   5.0380210e-01
   5.7000000e+01   1.1489003e-01
   5.7010000e+01   7.8095542e-02
   5.7020000e+01   4.9651677e-01
   5.7030000e+01   1.0419303e+00
   5.7040000e+01   1.2119206e+00
   5.7050000e+01   8.9375791e-01
   5.7060000e+01   5.3463034e-01
   5.7070000e+01   6.4862272e-01
   5.7080000e+01   1.2901490e+00
   5.7090000e+01   2.0187255e+00
   5.7100000e+01   2.3294003e+00
   5.7110000e+01   2.1570073e+00
   5.7120000e+01   1.8678824e+00
   5.7130000e+01   1.7422444e+00
   5.7140000e+01   1.6834204e+00
   5.7150000e+01   1.5134567e+00
   5.7160000e+01   1.3317661e+00
   5.7170000e+01   1.3605117e+00
   5.7180000e+01   1.5587035e+00
   5.7190000e+01   1.6425695e+00
   5.7200000e+01   1.4337891e+00
   5.7210000e+01   1.0294300e+00
   5.7220000e+01   6.7876811e-01
   5.7230000e+01   5.8810609e-01
   5.7240000e+01   8.2511087e-01
   5.7250000e+01   1.3260814e+00
   5.7260000e+01   1.9369710e+00
   5.7270000e+01   2.4655578e+00
   5.7280000e+01   2.7583091e+00
   5.7290000e+01   2.7789435e+00
   5.7300000e+01   2.6341496e+00
   5.7310000e+01   2.5364076e+00
   5.7320000e+01   2.6814026e+00
   5.7330000e+01   3.0511462e+00
   5.7340000e+01   3.3958258e+00
   5.7350000e+01   3.4938735e+00
   5.7360000e+01   3.3413434e+00
   5.7370000e+01   3.0888460e+00
   5.7380000e+01   2.8979507e+00
   5.7390000e+01   2.8489540e+00
   5.7400000e+01   2.9030768e+00
   5.7410000e+01   2.9299049e+00
   5.7420000e+01   2.8556706e+00
   5.7430000e+01   2.7598629e+00
   5.7440000e+01   2.7112219e+00
   5.7450000e+01   2.6252009e+00
   5.7460000e+01   2.4009054e+00
   5.7470000e+01   2.0459620e+00
   5.7480000e+01   1.6263147e+00
   5.7490000e+01   1.2417789e+00
   5.7500000e+01   9.8632066e-01
   5.7510000e+01   8.1890378e-01
   5.7520000e+01   5.8780140e-01
   5.7530000e+01   2.3854663e-01
   5.7540000e+01  -1.1261738e-01
   5.7550000e+01  -3.7792045e-01
   5.7560000e+01  -6.5278156e-01
   5.7570000e+01  -1.0584409e+00
   5.7580000e+01  -1.5833816e+00
   5.7590000e+01  -2.1175337e+00
   5.7600000e+01  -2.4928899e+00
   5.7610000e+01  -2.6031549e+00
   5.7620000e+01  -2.5407142e+00
   5.7630000e+01  -2.4560785e+00
   5.7640000e+01  -2.3370002e+00
   5.7650000e+01  -2.0660077e+00
   5.7660000e+01  -1.6483670e+00
   5.7670000e+01  -1.2448300e+00
   5.7680000e+01  -9.5899507e-01
   5.7690000e+01  -7.5992578e-01
   5.7700000e+01  -6.7742648e-01
   5.7710000e+01  -8.9375523e-01
   5.7720000e+01  -1.4676783e+00
   5.7730000e+01  -2.0480890e+00
   5.7740000e+01  -2.1706788e+00
   5.7750000e+01  -1.8856463e+00
   5.7760000e+01  -1.7571551e+00
   5.7770000e+01  -2.1658002e+00
   5.7780000e+01  -2.8870655e+00
   5.7790000e+01  -3.4177489e+00
   5.7800000e+01  -3.5173527e+00
   5.7810000e+01  -3.3194071e+00
   5.7820000e+01  -3.0034031e+00
   5.7830000e+01  -2.5966274e+00
   5.7840000e+01  -2.1939163e+00
   5.7850000e+01  -2.0835323e+00
   5.7860000e+01  -2.4036503e+00
   5.7870000e+01  -2.8776159e+00
   5.7880000e+01  -3.1463247e+00
   5.7890000e+01  -3.2331194e+00
   5.7900000e+01  -3.4748801e+00
   5.7910000e+01  -4.0593787e+00
   5.7920000e+01  -4.7796906e+00
   5.7930000e+01  -5.2267832e+00
   5.7940000e+01  -5.1237669e+00
   5.7950000e+01  -4.5075408e+00
   5.7960000e+01  -3.6833382e+00
   5.7970000e+01  -2.9952441e+00
   5.7980000e+01  -2.5819976e+00
   5.7990000e+01  -2.2925706e+00
   5.8000000e+01  -1.8283195e+00
   5.8010000e+01  -1.0713566e+00
   5.8020000e+01  -2.9628013e-01
   5.8030000e+01   9.5322501e-02
   5.8040000e+01   9.0386318e-02
   5.8050000e+01   1.0177142e-01
   5.8060000e+01   3.8422048e-01
   5.8070000e+01   6.7999579e-01
   5.8080000e+01   6.5996944e-01
   5.8090000e+01   4.8081678e-01
   5.8100000e+01   6.1023862e-01
   5.8110000e+01   1.1889585e+00
   5.8120000e+01   1.8480488e+00
   5.8130000e+01   2.2216628e+00
   5.8140000e+01   2.3950506e+00
   5.8150000e+01   2.6737154e+00
   5.8160000e+01   3.1519769e+00
   5.8170000e+01   3.7188646e+00
   5.8180000e+01   4.2401983e+00
   5.8190000e+01   4.6080937e+00
   5.8200000e+01   4.8246313e+00
   5.8210000e+01   5.0241146e+00
   5.8220000e+01   5.2668969e+00
   5.8230000e+01   5.4070148e+00
   5.8240000e+01   5.3150300e+00
   5.8250000e+01   5.1488874e+00
   5.8260000e+01   5.2236294e+00
   5.8270000e+01   5.6203401e+00
   5.8280000e+01   6.0361095e+00
   5.8290000e+01   6.0839967e+00
   5.8300000e+01   5.6899211e+00
   5.8310000e+01   5.0741826e+00
   5.8320000e+01   4.4270818e+00
   5.8330000e+01   3.7895891e+00
   5.8340000e+01   3.1612403e+00
   5.8350000e+01   2.5279325e+00
   5.8360000e+01   1.8321189e+00
   5.8370000e+01   1.0377720e+00
   5.8380000e+01   1.8240894e-01
   5.8390000e+01  -6.4051509e-01
   5.8400000e+01  -1.2727261e+00
   5.8410000e+01  -1.6038328e+00
   5.8420000e+01  -1.7967008e+00
   5.8430000e+01  -2.1608155e+00
   5.8440000e+01  -2.7453439e+00
   5.8450000e+01  -3.3025473e+00
   5.8460000e+01  -3.6331969e+00
   5.8470000e+01  -3.7793499e+00
   5.8480000e+01  -3.9289609e+00
   5.8490000e+01  -4.2607204e+00
   5.8500000e+01  -4.8265774e+00
   5.8510000e+01  -5.5080381e+00
   5.8520000e+01  -6.1384918e+00
   5.8530000e+01  -6.6430311e+00
   5.8540000e+01  -6.9878584e+00
   5.8550000e+01  -7.1173359e+00
   5.8560000e+01  -7.0502540e+00
   5.8570000e+01  -6.9319498e+00
   5.8580000e+01  -6.9013916e+00
   5.8590000e+01  -6.9481474e+00
   5.8600000e+01  -6.9498891e+00
   5.8610000e+01  -6.8240924e+00
   5.8620000e+01  -6.5813359e+00
   5.8630000e+01  -6.2661675e+00
   5.8640000e+01  -5.9207095e+00
   5.8650000e+01  -5.5602793e+00
   5.8660000e+01  -5.1359105e+00
   5.8670000e+01  -4.5745087e+00
   5.8680000e+01  -3.9012048e+00
   5.8690000e+01  -3.2827664e+00
   5.8700000e+01  -2.8565246e+00
   5.8710000e+01  -2.5259334e+00
   5.8720000e+01  -2.0467963e+00
   5.8730000e+01  -1.3343827e+00
   5.8740000e+01  -6.1191033e-01
   5.8750000e+01  -2.0285650e-01
   5.8760000e+01  -1.5695304e-01
   5.8770000e+01  -1.5199388e-01
   5.8780000e+01   1.5056495e-01
   5.8790000e+01   7.3193886e-01
   5.8800000e+01   1.3136438e+00
   5.8810000e+01   1.7553278e+00
   5.8820000e+01   2.2173116e+00
   5.8830000e+01   2.9305715e+00
   5.8840000e+01   3.9032938e+00
   5.8850000e+01   4.9071935e+00
   5.8860000e+01   5.7050584e+00
   5.8870000e+01   6.2373290e+00
   5.8880000e+01   6.6144641e+00
   5.8890000e+01   6.9456052e+00
   5.8900000e+01   7.1684444e+00
   5.8910000e+01   7.1565160e+00
   5.8920000e+01   7.0304199e+00
   5.8930000e+01   7.1189310e+00
   5.8940000e+01   7.5108306e+00
   5.8950000e+01   7.8609447e+00
   5.8960000e+01   7.7179395e+00
   5.8970000e+01   6.9614568e+00
   5.8980000e+01   5.9224099e+00
   5.8990000e+01   5.1260016e+00
   5.9000000e+01   4.8985722e+00
   5.9010000e+01   5.0928640e+00
   5.9020000e+01   5.1894938e+00
   5.9030000e+01   4.8156646e+00
   5.9040000e+01   4.0836759e+00
   5.9050000e+01   3.3309929e+00
   5.9060000e+01   2.7497049e+00
   5.9070000e+01   2.3518636e+00
   5.9080000e+01   2.0891981e+00
   5.9090000e+01   1.8678940e+00
   5.9100000e+01   1.5059790e+00
   5.9110000e+01   8.9378305e-01
   5.9120000e+01   2.4400821e-01
   5.9130000e+01  -9.7472635e-02
   5.9140000e+01  -1.5485116e-01
   5.9150000e+01  -3.4215735e-01
   5.9160000e+01  -8.9254171e-01
   5.9170000e+01  -1.5448732e+00
   5.9180000e+01  -1.9665518e+00
   5.9190000e+01  -2.2187938e+00
   5.9200000e+01  -2.5320838e+00
   5.9210000e+01  -2.8377328e+00
   5.9220000e+01  -2.8676643e+00
   5.9230000e+01  -2.6819863e+00
   5.9240000e+01  -2.7533240e+00
   5.9250000e+01  -3.3404947e+00
   5.9260000e+01  -4.0457757e+00
   5.9270000e+01  -4.2714447e+00
   5.9280000e+01  -3.9415787e+00
   5.9290000e+01  -3.5568392e+00
   5.9300000e+01  -3.6084531e+00
   5.9310000e+01  -4.0460056e+00
   5.9320000e+01  -4.3783747e+00
   5.9330000e+01  -4.2837921e+00
   5.9340000e+01  -3.9755814e+00
   5.9350000e+01  -3.8977952e+00
   5.9360000e+01  -4.1823644e+00
   5.9370000e+01  -4.5440048e+00
   5.9380000e+01  -4.6629762e+00
   5.9390000e+01  -4.4991769e+00
   5.9400000e+01  -4.2291635e+00
   5.9410000e+01  -3.9725368e+00
   5.9420000e+01  -3.5810717e+00
   5.9430000e+01  -2.8434378e+00
   5.9440000e+01  -1.9583013e+00
   5.9450000e+01  -1.4197736e+00
   5.9460000e+01  -1.3416652e+00
   5.9470000e+01  -1.3047964e+00
   5.9480000e+01  -9.2418568e-01
   5.9490000e+01  -3.0326068e-01
   5.9500000e+01   1.3802985e-01
   5.9510000e+01   2.0471440e-01
   5.9520000e+01   1.4996207e-01
   5.9530000e+01   3.0243379e-01
   5.9540000e+01   6.3984139e-01
   5.9550000e+01   8.3669004e-01
   5.9560000e+01   6.5917228e-01
   5.9570000e+01   2.7048574e-01
   5.9580000e+01   1.1844268e-01
   5.9590000e+01   4.6984268e-01
   5.9600000e+01   1.1284487e+00
   5.9610000e+01   1.6872568e+00
   5.9620000e+01   1.9488449e+00
   5.9630000e+01   2.0438826e+00
   5.9640000e+01   2.2290187e+00
   5.9650000e+01   2.5797093e+00
   5.9660000e+01   2.8954669e+00
   5.9670000e+01   2.9885713e+00
   5.9680000e+01   2.9705170e+00
   5.9690000e+01   3.0664308e+00
   5.9700000e+01   3.2563605e+00
   5.9710000e+01   3.3335940e+00
   5.9720000e+01   3.2061213e+00
   5.9730000e+01   2.9664607e+00
   5.9740000e+01   2.7947211e+00
   5.9750000e+01   2.8486970e+00
   5.9760000e+01   3.1198276e+00
   5.9770000e+01   3.4045741e+00
   5.9780000e+01   3.4841008e+00
   5.9790000e+01   3.3222200e+00
   5.9800000e+01   3.0722513e+00
   5.9810000e+01   2.8999744e+00
   5.9820000e+01   2.8203203e+00
   5.9830000e+01   2.7054756e+00
   5.9840000e+01   2.4596513e+00
   5.9850000e+01   2.1882883e+00
   5.9860000e+01   2.1121351e+00
   5.9870000e+01   2.2862492e+00
   5.9880000e+01   2.5178174e+00
   5.9890000e+01   2.5884836e+00
   5.9900000e+01   2.4722940e+00
   5.9910000e+01   2.3069937e+00
   5.9920000e+01   2.1933389e+00
   5.9930000e+01   2.1092589e+00
   5.9940000e+01   2.0218451e+00
   5.9950000e+01   1.9460650e+00
   5.9960000e+01   1.8683598e+00
   5.9970000e+01   1.7602270e+00
   5.9980000e+01   1.6901718e+00
   5.9990000e+01   1.7774995e+00
   6.0000000e+01   2.0100183e+00
   6.0010000e+01   2.1898268e+00
   6.0020000e+01   2.0788762e+00
   6.0030000e+01   1.6089684e+00
   6.0040000e+01   9.5541356e-01
   6.0050000e+01   3.8744144e-01
   6.0060000e+01   8.3899723e-02
   6.0070000e+01   7.3908737e-02
   6.0080000e+01   2.3212279e-01
   6.0090000e+01   3.3692047e-01
   6.0100000e+01   2.3290835e-01
   6.0110000e+01  -4.3180677e-02
   6.0120000e+01  -3.1486258e-01
   6.0130000e+01  -4.4902592e-01
   6.0140000e+01  -4.5954076e-01
   6.0150000e+01  -4.6899504e-01
   6.0160000e+01  -6.6684837e-01
   6.0170000e+01  -1.1824450e+00
   6.0180000e+01  -1.8420860e+00
   6.0190000e+01  -2.2369647e+00
   6.0200000e+01  -2.1854082e+00
   6.0210000e+01  -1.9448071e+00
   6.0220000e+01  -1.8679278e+00
   6.0230000e+01  -2.0194931e+00
   6.0240000e+01  -2.2163064e+00
   6.0250000e+01  -2.3332556e+00
   6.0260000e+01  -2.4453286e+00
   6.0270000e+01  -2.6228652e+00
   6.0280000e+01  -2.7283181e+00
   6.0290000e+01  -2.6160300e+00
   6.0300000e+01  -2.4269012e+00
   6.0310000e+01  -2.4521923e+00
   6.0320000e+01  -2.7590900e+00
   6.0330000e+01  -3.1136515e+00
   6.0340000e+01  -3.2651531e+00
   6.0350000e+01  -3.2241903e+00
   6.0360000e+01  -3.2198951e+00
   6.0370000e+01  -3.4136419e+00
   6.0380000e+01  -3.7376409e+00
   6.0390000e+01  -4.0275785e+00
   6.0400000e+01  -4.2269203e+00
   6.0410000e+01  -4.3945064e+00
   6.0420000e+01  -4.5387500e+00
   6.0430000e+01  -4.5493871e+00
   6.0440000e+01  -4.3587067e+00
   6.0450000e+01  -4.0965268e+00
   6.0460000e+01  -3.9912903e+00
   6.0470000e+01  -4.1019351e+00
   6.0480000e+01  -4.2122367e+00
   6.0490000e+01  -4.0960365e+00
   6.0500000e+01  -3.8128417e+00
   6.0510000e+01  -3.5838788e+00
   6.0520000e+01  -3.4885934e+00
   6.0530000e+01  -3.4192302e+00
   6.0540000e+01  -3.2097202e+00
   6.0550000e+01  -2.7576002e+00
   6.0560000e+01  -2.1558751e+00
   6.0570000e+01  -1.6783506e+00
   6.0580000e+01  -1.4876985e+00
   6.0590000e+01  -1.4487941e+00
   6.0600000e+01  -1.3497434e+00
   6.0610000e+01  -1.1397766e+00
   6.0620000e+01  -8.3079402e-01
   6.0630000e+01  -3.5212806e-01
   6.0640000e+01   3.1293853e-01
   6.0650000e+01   9.4960635e-01
   6.0660000e+01   1.2865109e+00
   6.0670000e+01   1.3281435e+00
   6.0680000e+01   1.3375844e+00
   6.0690000e+01   1.5182316e+00
   6.0700000e+01   1.8397689e+00
   6.0710000e+01   2.1286216e+00
   6.0720000e+01   2.2610272e+00
   6.0730000e+01   2.2734688e+00
   6.0740000e+01   2.2813393e+00
   6.0750000e+01   2.3338480e+00
   6.0760000e+01   2.3899152e+00
   6.0770000e+01   2.4032501e+00
   6.0780000e+01   2.3879881e+00
   6.0790000e+01   2.3837718e+00
   6.0800000e+01   2.3966701e+00
   6.0810000e+01   2.4346063e+00
   6.0820000e+01   2.5551130e+00
   6.0830000e+01   2.7902690e+00
   6.0840000e+01   3.0580605e+00
   6.0850000e+01   3.2246707e+00
   6.0860000e+01   3.2276092e+00
   6.0870000e+01   3.0916933e+00
   6.0880000e+01   2.8657461e+00
   6.0890000e+01   2.5738153e+00
   6.0900000e+01   2.2224194e+00
   6.0910000e+01   1.8730301e+00
   6.0920000e+01   1.6458645e+00
   6.0930000e+01   1.5900536e+00
   6.0940000e+01   1.6271718e+00
   6.0950000e+01   1.6434091e+00
   6.0960000e+01   1.5773447e+00
   6.0970000e+01   1.4310872e+00
   6.0980000e+01   1.2381679e+00
   6.0990000e+01   1.0516033e+00
   6.1000000e+01   9.3071599e-01
   6.1010000e+01   8.6247114e-01
   6.1020000e+01   7.2528749e-01
   6.1030000e+01   4.1869708e-01
   6.1040000e+01   2.6430889e-02
   6.1050000e+01  -2.2651751e-01
   6.1060000e+01  -2.1251054e-01
   6.1070000e+01  -5.5689154e-02
   6.1080000e+01  -3.4222704e-03
   6.1090000e+01  -1.2229846e-01
   6.1100000e+01  -1.7989165e-01
   6.1110000e+01   6.4111758e-02
   6.1120000e+01   5.1752243e-01
   6.1130000e+01   8.5979428e-01
   6.1140000e+01   9.1344297e-01
   6.1150000e+01   7.5297407e-01
   6.1160000e+01   5.1457850e-01
   6.1170000e+01   2.8549877e-01
   6.1180000e+01   1.5063988e-01
   6.1190000e+01   1.5240024e-01
   6.1200000e+01   1.9419395e-01
   6.1210000e+01   1.3215814e-01
   6.1220000e+01  -4.1457220e-02
   6.1230000e+01  -2.2321989e-01
   6.1240000e+01  -3.4500872e-01
   6.1250000e+01  -3.9485492e-01
   6.1260000e+01  -4.0163751e-01
   6.1270000e+01  -4.5205114e-01
   6.1280000e+01  -6.0508456e-01
   6.1290000e+01  -7.8109685e-01
   6.1300000e+01  -8.3856059e-01
   6.1310000e+01  -7.5454351e-01
   6.1320000e+01  -6.3232061e-01
   6.1330000e+01  -5.5420539e-01
   6.1340000e+01  -5.3423196e-01
   6.1350000e+01  -5.7465871e-01
   6.1360000e+01  -6.5345332e-01
   6.1370000e+01  -6.9314184e-01
   6.1380000e+01  -6.2827350e-01
   6.1390000e+01  -4.6173916e-01
   6.1400000e+01  -2.4871528e-01
   6.1410000e+01  -9.5381426e-02
   6.1420000e+01  -9.8665980e-02
   6.1430000e+01  -2.3470572e-01
   6.1440000e+01  -3.9880186e-01
   6.1450000e+01  -5.0073321e-01
   6.1460000e+01  -4.5364897e-01
   6.1470000e+01  -2.2723203e-01
   6.1480000e+01   4.6821491e-02
   6.1490000e+01   1.9075286e-01
   6.1500000e+01   1.9349455e-01
   6.1510000e+01   1.6431935e-01
   6.1520000e+01   1.3231973e-01
   6.1530000e+01   3.9102604e-02
   6.1540000e+01  -1.0577096e-01
   6.1550000e+01  -1.9726318e-01
   6.1560000e+01  -1.6704982e-01
   6.1570000e+01  -5.9136718e-02
   6.1580000e+01   1.2097655e-02
   6.1590000e+01  -4.0326966e-02
   6.1600000e+01  -1.5563199e-01
   6.1610000e+01  -1.4440409e-01
   6.1620000e+01   8.8416370e-02
   6.1630000e+01   4.2849037e-01
   6.1640000e+01   7.1299033e-01
   6.1650000e+01   8.7122045e-01
   6.1660000e+01   8.8666392e-01
   6.1670000e+01   7.8332112e-01
   6.1680000e+01   6.7018560e-01
   6.1690000e+01   6.7798359e-01
   6.1700000e+01   8.0683484e-01
   6.1710000e+01   8.6677160e-01
   6.1720000e+01   6.5370988e-01
   6.1730000e+01   2.2252585e-01
   6.1740000e+01  -1.3604252e-01
   6.1750000e+01  -2.2775706e-01
   6.1760000e+01  -1.2166589e-01
   6.1770000e+01   3.0585439e-02
   6.1780000e+01   1.8641631e-01
   6.1790000e+01   3.7924633e-01
   6.1800000e+01   6.0645867e-01
   6.1810000e+01   7.9063987e-01
   6.1820000e+01   8.5143763e-01
   6.1830000e+01   8.4827593e-01
   6.1840000e+01   9.5787250e-01
   6.1850000e+01   1.2465646e+00
   6.1860000e+01   1.5658842e+00
   6.1870000e+01   1.7033952e+00
   6.1880000e+01   1.5913322e+00
   6.1890000e+01   1.3612850e+00
   6.1900000e+01   1.1962093e+00
   6.1910000e+01   1.1391685e+00
   6.1920000e+01   1.0636470e+00
   6.1930000e+01   8.3984006e-01
   6.1940000e+01   4.8576920e-01
   6.1950000e+01   9.8829260e-02
   6.1960000e+01  -2.6647986e-01
   6.1970000e+01  -5.6568169e-01
   6.1980000e+01  -7.4677784e-01
   6.1990000e+01  -8.3446790e-01
   6.2000000e+01  -9.0918274e-01
   6.2010000e+01  -1.0032079e+00
   6.2020000e+01  -1.1003182e+00
   6.2030000e+01  -1.1890436e+00
   6.2040000e+01  -1.2409964e+00
   6.2050000e+01  -1.1848819e+00
   6.2060000e+01  -1.0203892e+00
   6.2070000e+01  -9.3761789e-01
   6.2080000e+01  -1.1807500e+00
   6.2090000e+01  -1.7515624e+00
   6.2100000e+01  -2.3214078e+00
   6.2110000e+01  -2.5438367e+00
   6.2120000e+01  -2.4681564e+00
   6.2130000e+01  -2.4804996e+00
   6.2140000e+01  -2.7936096e+00
   6.2150000e+01  -3.2049685e+00
   6.2160000e+01  -3.4214258e+00
   6.2170000e+01  -3.4075831e+00
   6.2180000e+01  -3.2986263e+00
   6.2190000e+01  -3.1812021e+00
   6.2200000e+01  -3.1306807e+00
   6.2210000e+01  -3.2355770e+00
   6.2220000e+01  -3.4251463e+00
   6.2230000e+01  -3.4913537e+00
   6.2240000e+01  -3.3424318e+00
   6.2250000e+01  -3.0364101e+00
   6.2260000e+01  -2.5963593e+00
   6.2270000e+01  -2.0176714e+00
   6.2280000e+01  -1.4325176e+00
   6.2290000e+01  -1.0361805e+00
   6.2300000e+01  -8.1710010e-01
   6.2310000e+01  -5.3859326e-01
   6.2320000e+01  -7.5685821e-02
   6.2330000e+01   3.7579731e-01
   6.2340000e+01   5.7655464e-01
   6.2350000e+01   5.9462565e-01
   6.2360000e+01   6.8535660e-01
   6.2370000e+01   9.2796419e-01
   6.2380000e+01   1.1867456e+00
   6.2390000e+01   1.3852849e+00
   6.2400000e+01   1.6148340e+00
   6.2410000e+01   1.9420668e+00
   6.2420000e+01   2.2796417e+00
   6.2430000e+01   2.5097880e+00
   6.2440000e+01   2.6270412e+00
   6.2450000e+01   2.6969391e+00
   6.2460000e+01   2.7068558e+00
   6.2470000e+01   2.5452669e+00
   6.2480000e+01   2.2040325e+00
   6.2490000e+01   1.9146685e+00
   6.2500000e+01   1.8901275e+00
   6.2510000e+01   1.9575014e+00
   6.2520000e+01   1.7319494e+00
   6.2530000e+01   1.1805085e+00
   6.2540000e+01   7.0547654e-01
   6.2550000e+01   6.2468033e-01
   6.2560000e+01   8.1162158e-01
   6.2570000e+01   9.1883329e-01
   6.2580000e+01   7.8931483e-01
   6.2590000e+01   5.1586759e-01
   6.2600000e+01   2.1132121e-01
   6.2610000e+01  -8.7726027e-02
   6.2620000e+01  -3.3054068e-01
   6.2630000e+01  -4.4410880e-01
   6.2640000e+01  -4.3007987e-01
   6.2650000e+01  -3.8168690e-01
   6.2660000e+01  -4.2275056e-01
   6.2670000e+01  -6.4523362e-01
   6.2680000e+01  -1.0346010e+00
   6.2690000e+01  -1.4414040e+00
   6.2700000e+01  -1.6950315e+00
   6.2710000e+01  -1.7712496e+00
   6.2720000e+01  -1.8028213e+00
   6.2730000e+01  -1.9097530e+00
   6.2740000e+01  -2.0457108e+00
   6.2750000e+01  -2.0477734e+00
   6.2760000e+01  -1.8820538e+00
   6.2770000e+01  -1.7561319e+00
   6.2780000e+01  -1.8220414e+00
   6.2790000e+01  -1.9044244e+00
   6.2800000e+01  -1.7793998e+00
   6.2810000e+01  -1.5194005e+00
   6.2820000e+01  -1.2813400e+00
   6.2830000e+01  -1.0030206e+00
   6.2840000e+01  -5.7300079e-01
   6.2850000e+01  -8.7065932e-02
   6.2860000e+01   2.5742971e-01
   6.2870000e+01   3.9557743e-01
   6.2880000e+01   4.4409782e-01
   6.2890000e+01   5.6942323e-01
   6.2900000e+01   8.1896070e-01
   6.2910000e+01   1.1273991e+00
   6.2920000e+01   1.4764457e+00
   6.2930000e+01   1.8901980e+00
   6.2940000e+01   2.2985567e+00
   6.2950000e+01   2.5833213e+00
   6.2960000e+01   2.7395221e+00
   6.2970000e+01   2.8834992e+00
   6.2980000e+01   3.1051345e+00
   6.2990000e+01   3.3822626e+00
   6.3000000e+01   3.6470402e+00
   6.3010000e+01   3.8759161e+00
   6.3020000e+01   4.1217521e+00
   6.3030000e+01   4.4588641e+00
   6.3040000e+01   4.8405762e+00
   6.3050000e+01   5.0715874e+00
   6.3060000e+01   5.0267359e+00
   6.3070000e+01   4.8267083e+00
   6.3080000e+01   4.6746555e+00
   6.3090000e+01   4.5716399e+00
   6.3100000e+01   4.3323986e+00
   6.3110000e+01   3.8900983e+00
   6.3120000e+01   3.4287253e+00
   6.3130000e+01   3.1209279e+00
   6.3140000e+01   2.8940197e+00
   6.3150000e+01   2.5906912e+00
   6.3160000e+01   2.2209774e+00
   6.3170000e+01   1.9436843e+00
   6.3180000e+01   1.8876739e+00
   6.3190000e+01   2.0284763e+00
   6.3200000e+01   2.2000972e+00
   6.3210000e+01   2.2481405e+00
   6.3220000e+01   2.1587151e+00
   6.3230000e+01   1.9877865e+00
   6.3240000e+01   1.7570348e+00
   6.3250000e+01   1.4934973e+00
   6.3260000e+01   1.2260010e+00
   6.3270000e+01   9.1135203e-01
   6.3280000e+01   5.1057296e-01
   6.3290000e+01   8.9929826e-02
   6.3300000e+01  -2.6642822e-01
   6.3310000e+01  -5.8101893e-01
   6.3320000e+01  -9.3078881e-01
   6.3330000e+01  -1.2810413e+00
   6.3340000e+01  -1.4855767e+00
   6.3350000e+01  -1.5354877e+00
   6.3360000e+01  -1.6435535e+00
   6.3370000e+01  -1.9146887e+00
   6.3380000e+01  -2.1356588e+00
   6.3390000e+01  -2.0722342e+00
   6.3400000e+01  -1.8110750e+00
   6.3410000e+01  -1.6704596e+00
   6.3420000e+01  -1.8021219e+00
   6.3430000e+01  -1.9868177e+00
   6.3440000e+01  -1.9300298e+00
   6.3450000e+01  -1.6718178e+00
   6.3460000e+01  -1.5261576e+00
   6.3470000e+01  -1.6301257e+00
   6.3480000e+01  -1.7718401e+00
   6.3490000e+01  -1.7540296e+00
   6.3500000e+01  -1.6827130e+00
   6.3510000e+01  -1.7533000e+00
   6.3520000e+01  -1.9366890e+00
   6.3530000e+01  -2.0304058e+00
   6.3540000e+01  -1.9871149e+00
   6.3550000e+01  -2.0259626e+00
   6.3560000e+01  -2.3326631e+00
   6.3570000e+01  -2.8146941e+00
   6.3580000e+01  -3.2495153e+00
   6.3590000e+01  -3.5280498e+00
   6.3600000e+01  -3.6983342e+00
   6.3610000e+01  -3.9020261e+00
   6.3620000e+01  -4.2472296e+00
   6.3630000e+01  -4.6135785e+00
   6.3640000e+01  -4.7177897e+00
   6.3650000e+01  -4.5025179e+00
   6.3660000e+01  -4.2495605e+00
   6.3670000e+01  -4.2038987e+00
   6.3680000e+01  -4.3015451e+00
   6.3690000e+01  -4.3600306e+00
   6.3700000e+01  -4.3481694e+00
   6.3710000e+01  -4.3405223e+00
   6.3720000e+01  -4.3462973e+00
   6.3730000e+01  -4.3235435e+00
   6.3740000e+01  -4.2905512e+00
   6.3750000e+01  -4.3139843e+00
   6.3760000e+01  -4.4009340e+00
   6.3770000e+01  -4.4761130e+00
   6.3780000e+01  -4.4521922e+00
   6.3790000e+01  -4.2785733e+00
   6.3800000e+01  -3.9502944e+00
   6.3810000e+01  -3.5115504e+00
   6.3820000e+01  -3.0561262e+00
   6.3830000e+01  -2.6664374e+00
   6.3840000e+01  -2.3251473e+00
   6.3850000e+01  -1.9391979e+00
   6.3860000e+01  -1.4466465e+00
   6.3870000e+01  -8.6976317e-01
   6.3880000e+01  -2.9274221e-01
   6.3890000e+01   1.9740761e-01
   6.3900000e+01   5.9029446e-01
   6.3910000e+01   9.5975643e-01
   6.3920000e+01   1.3242447e+00
   6.3930000e+01   1.5781566e+00
   6.3940000e+01   1.6686767e+00
   6.3950000e+01   1.7253544e+00
   6.3960000e+01   1.8975874e+00
   6.3970000e+01   2.1719191e+00
   6.3980000e+01   2.4510869e+00
   6.3990000e+01   2.7208982e+00
   6.4000000e+01   3.0286557e+00
   6.4010000e+01   3.3460105e+00
   6.4020000e+01   3.5798414e+00
   6.4030000e+01   3.7169888e+00
   6.4040000e+01   3.8448945e+00
   6.4050000e+01   4.0263970e+00
   6.4060000e+01   4.2360195e+00
   6.4070000e+01   4.3897189e+00
   6.4080000e+01   4.3865208e+00
   6.4090000e+01   4.2186299e+00
   6.4100000e+01   4.0686174e+00
   6.4110000e+01   4.1224101e+00
   6.4120000e+01   4.2694715e+00
   6.4130000e+01   4.2077424e+00
   6.4140000e+01   3.8721079e+00
   6.4150000e+01   3.5406526e+00
   6.4160000e+01   3.4837157e+00
   6.4170000e+01   3.6682841e+00
   6.4180000e+01   3.8072370e+00
   6.4190000e+01   3.6549576e+00
   6.4200000e+01   3.2944969e+00
   6.4210000e+01   3.0528615e+00
   6.4220000e+01   3.0887254e+00
   6.4230000e+01   3.2198985e+00
   6.4240000e+01   3.2258721e+00
   6.4250000e+01   3.1465298e+00
   6.4260000e+01   3.1204138e+00
   6.4270000e+01   3.0830869e+00
   6.4280000e+01   2.8716710e+00
   6.4290000e+01   2.5163017e+00
   6.4300000e+01   2.2327597e+00
   6.4310000e+01   2.1842709e+00
   6.4320000e+01   2.2758879e+00
   6.4330000e+01   2.1909204e+00
   6.4340000e+01   1.7609910e+00
   6.4350000e+01   1.2354661e+00
   6.4360000e+01   9.8392841e-01
   6.4370000e+01   1.0225496e+00
   6.4380000e+01   1.0533464e+00
   6.4390000e+01   8.7488287e-01
   6.4400000e+01   5.4412305e-01
   6.4410000e+01   2.0696203e-01
   6.4420000e+01  -6.1321538e-02
   6.4430000e+01  -2.3225370e-01
   6.4440000e+01  -2.5782527e-01
   6.4450000e+01  -1.6557104e-01
   6.4460000e+01  -1.4162413e-01
   6.4470000e+01  -3.2604429e-01
   6.4480000e+01  -6.1662613e-01
   6.4490000e+01  -8.4864875e-01
   6.4500000e+01  -1.0200573e+00
   6.4510000e+01  -1.1851891e+00
   6.4520000e+01  -1.3029594e+00
   6.4530000e+01  -1.3517472e+00
   6.4540000e+01  -1.4616190e+00
   6.4550000e+01  -1.7709448e+00
   6.4560000e+01  -2.2275437e+00
   6.4570000e+01  -2.6872666e+00
   6.4580000e+01  -3.1427715e+00
   6.4590000e+01  -3.6557672e+00
   6.4600000e+01  -4.1329830e+00
   6.4610000e+01  -4.3999970e+00
   6.4620000e+01  -4.4272485e+00
   6.4630000e+01  -4.3249106e+00
   6.4640000e+01  -4.1714123e+00
   6.4650000e+01  -3.9145583e+00
   6.4660000e+01  -3.4735619e+00
   6.4670000e+01  -2.9311935e+00
   6.4680000e+01  -2.5173504e+00
   6.4690000e+01  -2.3632278e+00
   6.4700000e+01  -2.3426154e+00
   6.4710000e+01  -2.2256353e+00
   6.4720000e+01  -1.9878602e+00
   6.4730000e+01  -1.8487267e+00
   6.4740000e+01  -1.9649900e+00
   6.4750000e+01  -2.2193702e+00
   6.4760000e+01  -2.3427135e+00
   6.4770000e+01  -2.1674480e+00
   6.4780000e+01  -1.7580241e+00
   6.4790000e+01  -1.2977124e+00
   6.4800000e+01  -8.4258725e-01
   6.4810000e+01  -2.8213090e-01
   6.4820000e+01   3.7003251e-01
   6.4830000e+01   7.8805145e-01
   6.4840000e+01   6.5673267e-01
   6.4850000e+01   1.5070835e-01
   6.4860000e+01  -1.4499523e-01
   6.4870000e+01   1.1162626e-01
   6.4880000e+01   6.2455752e-01
   6.4890000e+01   8.7162832e-01
   6.4900000e+01   7.6549968e-01
   6.4910000e+01   6.8379793e-01
   6.4920000e+01   9.1084966e-01
   6.4930000e+01   1.3025603e+00
   6.4940000e+01   1.5385141e+00
   6.4950000e+01   1.5181611e+00
   6.4960000e+01   1.4022726e+00
   6.4970000e+01   1.3230869e+00
   6.4980000e+01   1.2098031e+00
   6.4990000e+01   9.5304225e-01
   6.5000000e+01   5.9059424e-01
   6.5010000e+01   2.6469441e-01
   6.5020000e+01   8.8691299e-02
   6.5030000e+01   6.8556338e-02
   6.5040000e+01   9.9571337e-02
   6.5050000e+01   3.2455307e-02
   6.5060000e+01  -2.1995067e-01
   6.5070000e+01  -5.8780874e-01
   6.5080000e+01  -8.5664431e-01
   6.5090000e+01  -8.6179727e-01
   6.5100000e+01  -6.8334667e-01
   6.5110000e+01  -5.4359432e-01
   6.5120000e+01  -5.3260564e-01
   6.5130000e+01  -5.6087070e-01
   6.5140000e+01  -5.5977269e-01
   6.5150000e+01  -5.9295793e-01
   6.5160000e+01  -7.1188134e-01
   6.5170000e+01  -8.0651100e-01
   6.5180000e+01  -7.4552740e-01
   6.5190000e+01  -6.0618619e-01
   6.5200000e+01  -5.9113826e-01
   6.5210000e+01  -7.6970005e-01
   6.5220000e+01  -1.0466045e+00
   6.5230000e+01  -1.2890502e+00
   6.5240000e+01  -1.3840934e+00
   6.5250000e+01  -1.2849370e+00
   6.5260000e+01  -1.0733585e+00
   6.5270000e+01  -9.1663509e-01
   6.5280000e+01  -8.9315086e-01
   6.5290000e+01  -8.7892584e-01
   6.5300000e+01  -7.1225332e-01
   6.5310000e+01  -4.3350178e-01
   6.5320000e+01  -2.0548248e-01
   6.5330000e+01  -5.0253193e-02
   6.5340000e+01   2.0236669e-01
   6.5350000e+01   7.1193420e-01
   6.5360000e+01   1.3544404e+00
   6.5370000e+01   1.7229392e+00
   6.5380000e+01   1.5847776e+00
   6.5390000e+01   1.2160274e+00
   6.5400000e+01   1.0591709e+00
   6.5410000e+01   1.1837425e+00
   6.5420000e+01   1.2895902e+00
   6.5430000e+01   1.1777862e+00
   6.5440000e+01   1.0078410e+00
   6.5450000e+01   1.0210127e+00
   6.5460000e+01   1.1911913e+00
   6.5470000e+01   1.3036503e+00
   6.5480000e+01   1.2653541e+00
   6.5490000e+01   1.1694319e+00
   6.5500000e+01   1.1295781e+00
   6.5510000e+01   1.1937648e+00
   6.5520000e+01   1.3123820e+00
   6.5530000e+01   1.3033207e+00
   6.5540000e+01   1.0304114e+00
   6.5550000e+01   6.3659280e-01
   6.5560000e+01   3.7852068e-01
   6.5570000e+01   2.8757807e-01
   6.5580000e+01   2.1569975e-01
   6.5590000e+01   1.1787786e-01
   6.5600000e+01   8.0773322e-02
   6.5610000e+01   1.3113694e-01
   6.5620000e+01   1.8002990e-01
   6.5630000e+01   1.3613182e-01
   6.5640000e+01  -2.4998697e-02
   6.5650000e+01  -2.6213044e-01
   6.5660000e+01  -4.6363922e-01
   6.5670000e+01  -4.9621128e-01
   6.5680000e+01  -3.4148116e-01
   6.5690000e+01  -1.4235873e-01
   6.5700000e+01  -4.2137509e-02
   6.5710000e+01  -3.9200954e-02
   6.5720000e+01  -5.5592790e-02
   6.5730000e+01  -5.9581762e-02
   6.5740000e+01  -5.9818916e-02
   6.5750000e+01  -4.8845950e-02
   6.5760000e+01  -1.0652324e-02
   6.5770000e+01   2.9947353e-02
   6.5780000e+01   2.1498401e-03
   6.5790000e+01  -1.1120990e-01
   6.5800000e+01  -1.9791323e-01
   6.5810000e+01  -1.5823658e-01
   6.5820000e+01  -8.3005174e-02
   6.5830000e+01  -1.5028439e-01
   6.5840000e+01  -3.8980694e-01
   6.5850000e+01  -6.7108045e-01
   6.5860000e+01  -8.7600822e-01
   6.5870000e+01  -9.8588270e-01
   6.5880000e+01  -1.0468943e+00
   6.5890000e+01  -1.0908894e+00
   6.5900000e+01  -1.0318569e+00
   6.5910000e+01  -7.2960764e-01
   6.5920000e+01  -2.6521899e-01
   6.5930000e+01   5.6744974e-02
   6.5940000e+01   9.7313667e-02
   6.5950000e+01   3.3388015e-02
   6.5960000e+01   6.7088982e-02
   6.5970000e+01   1.7635876e-01
   6.5980000e+01   2.0739533e-01
   6.5990000e+01   1.2729921e-01
   6.6000000e+01   6.3025019e-02
   6.6010000e+01   6.6461270e-02
   6.6020000e+01   2.8005758e-02
   6.6030000e+01  -6.2137401e-02
   6.6040000e+01  -1.7625349e-02
   6.6050000e+01   2.1965641e-01
   6.6060000e+01   4.4678210e-01
   6.6070000e+01   5.1655418e-01
   6.6080000e+01   5.0540719e-01
   6.6090000e+01   4.8664111e-01
   6.6100000e+01   3.8061390e-01
   6.6110000e+01   1.5913315e-01
   6.6120000e+01   2.8776573e-02
   6.6130000e+01   1.8923892e-01
   6.6140000e+01   5.3431534e-01
   6.6150000e+01   8.2068179e-01
   6.6160000e+01   9.9646306e-01
   6.6170000e+01   1.1853752e+00
   6.6180000e+01   1.4351854e+00
   6.6190000e+01   1.6448147e+00
   6.6200000e+01   1.7518514e+00
   6.6210000e+01   1.8200281e+00
   6.6220000e+01   1.8974354e+00
   6.6230000e+01   1.9377378e+00
   6.6240000e+01   1.8902003e+00
   6.6250000e+01   1.8027926e+00
   6.6260000e+01   1.8108897e+00
   6.6270000e+01   1.9717501e+00
   6.6280000e+01   2.1213024e+00
   6.6290000e+01   2.0108431e+00
   6.6300000e+01   1.6140473e+00
   6.6310000e+01   1.1854588e+00
   6.6320000e+01   9.4119539e-01
   6.6330000e+01   8.0966000e-01
   6.6340000e+01   6.2007895e-01
   6.6350000e+01   3.9137776e-01
   6.6360000e+01   2.6078950e-01
   6.6370000e+01   2.1097761e-01
   6.6380000e+01   5.2955718e-02
   6.6390000e+01  -3.1506507e-01
   6.6400000e+01  -7.6205983e-01
   6.6410000e+01  -1.0746182e+00
   6.6420000e+01  -1.1864990e+00
   6.6430000e+01  -1.2062724e+00
   6.6440000e+01  -1.2582608e+00
   6.6450000e+01  -1.3821844e+00
   6.6460000e+01  -1.5640489e+00
   6.6470000e+01  -1.7814684e+00
   6.6480000e+01  -2.0055521e+00
   6.6490000e+01  -2.1838780e+00
   6.6500000e+01  -2.2710368e+00
   6.6510000e+01  -2.3005769e+00
   6.6520000e+01  -2.3700211e+00
   6.6530000e+01  -2.5235813e+00
   6.6540000e+01  -2.7144817e+00
   6.6550000e+01  -2.8990589e+00
   6.6560000e+01  -3.0587494e+00
   6.6570000e+01  -3.1201036e+00
   6.6580000e+01  -2.9967846e+00
   6.6590000e+01  -2.7107539e+00
   6.6600000e+01  -2.3650497e+00
   6.6610000e+01  -2.0500955e+00
   6.6620000e+01  -1.8324799e+00
   6.6630000e+01  -1.7330238e+00
   6.6640000e+01  -1.6824290e+00
   6.6650000e+01  -1.5742701e+00
   6.6660000e+01  -1.3395060e+00
   6.6670000e+01  -9.4385625e-01
   6.6680000e+01  -4.3024477e-01
   6.6690000e+01   2.6475179e-03
   6.6700000e+01   1.5579926e-01
   6.6710000e+01   1.5207808e-01
   6.6720000e+01   3.7910190e-01
   6.6730000e+01   9.7113622e-01
   6.6740000e+01   1.5829079e+00
   6.6750000e+01   1.8462172e+00
   6.6760000e+01   1.8167784e+00
   6.6770000e+01   1.7962568e+00
   6.6780000e+01   1.9289699e+00
   6.6790000e+01   2.1399917e+00
   6.6800000e+01   2.3182511e+00
   6.6810000e+01   2.4195308e+00
   6.6820000e+01   2.4496582e+00
   6.6830000e+01   2.4242379e+00
   6.6840000e+01   2.3444599e+00
   6.6850000e+01   2.2198968e+00
   6.6860000e+01   2.0988033e+00
   6.6870000e+01   2.0151196e+00
   6.6880000e+01   1.9278015e+00
   6.6890000e+01   1.7776249e+00
   6.6900000e+01   1.5736957e+00
   6.6910000e+01   1.3556090e+00
   6.6920000e+01   1.1175888e+00
   6.6930000e+01   8.7388733e-01
   6.6940000e+01   7.1090672e-01
   6.6950000e+01   6.5419566e-01
   6.6960000e+01   6.2287702e-01
   6.6970000e+01   5.8613977e-01
   6.6980000e+01   5.9362815e-01
   6.6990000e+01   6.4173601e-01
   6.7000000e+01   6.6939267e-01
   6.7010000e+01   6.6369266e-01
   6.7020000e+01   6.5045876e-01
   6.7030000e+01   6.1821122e-01
   6.7040000e+01   5.4580986e-01
   6.7050000e+01   4.7793063e-01
   6.7060000e+01   4.9439601e-01
   6.7070000e+01   6.0123188e-01
   6.7080000e+01   7.1349895e-01
   6.7090000e+01   7.6389269e-01
   6.7100000e+01   7.5441803e-01
   6.7110000e+01   6.8748546e-01
   6.7120000e+01   5.3793425e-01
   6.7130000e+01   3.1017691e-01
   6.7140000e+01   7.5005567e-02
   6.7150000e+01  -5.8884118e-02
   6.7160000e+01  -3.0164154e-02
   6.7170000e+01   9.3395501e-02
   6.7180000e+01   1.7170076e-01
   6.7190000e+01   1.6051102e-01
   6.7200000e+01   1.3508328e-01
   6.7210000e+01   1.3367500e-01
   6.7220000e+01   1.0378356e-01
   6.7230000e+01   2.6952700e-02
   6.7240000e+01  -2.5348459e-02
   6.7250000e+01   9.6840179e-03
   6.7260000e+01   1.0650179e-01
   6.7270000e+01   1.8246623e-01
   6.7280000e+01   1.8648790e-01
   6.7290000e+01   1.2521206e-01
   6.7300000e+01   8.1203886e-03
   6.7310000e+01  -1.4217315e-01
   6.7320000e+01  -2.2976946e-01
   6.7330000e+01  -1.3978795e-01
   6.7340000e+01   1.0268186e-01
   6.7350000e+01   2.8214441e-01
   6.7360000e+01   2.0921482e-01
   6.7370000e+01  -3.7500184e-02
   6.7380000e+01  -2.0069197e-01
   6.7390000e+01  -1.4489743e-01
   6.7400000e+01   1.0041715e-02
   6.7410000e+01   4.3277970e-02
   6.7420000e+01  -1.2407184e-01
   6.7430000e+01  -3.7062115e-01
   6.7440000e+01  -5.4812753e-01
   6.7450000e+01  -6.4788813e-01
   6.7460000e+01  -7.4119151e-01
   6.7470000e+01  -8.0664848e-01
   6.7480000e+01  -7.2524723e-01
   6.7490000e+01  -4.4769115e-01
   6.7500000e+01  -7.8800745e-02
   6.7510000e+01   2.1218867e-01
   6.7520000e+01   3.2975058e-01
   6.7530000e+01   3.2771868e-01
   6.7540000e+01   3.6126151e-01
   6.7550000e+01   5.2203519e-01
   6.7560000e+01   7.2499518e-01
   6.7570000e+01   8.1706920e-01
   6.7580000e+01   7.6506553e-01
   6.7590000e+01   6.5779589e-01
   6.7600000e+01   5.7154698e-01
   6.7610000e+01   5.0745784e-01
   6.7620000e+01   4.3463408e-01
   6.7630000e+01   3.5713665e-01
   6.7640000e+01   3.2148182e-01
   6.7650000e+01   3.5168095e-01
   6.7660000e+01   4.1698819e-01
   6.7670000e+01   4.7703701e-01
   6.7680000e+01   5.1935591e-01
   6.7690000e+01   5.3715358e-01
   6.7700000e+01   4.7920053e-01
   6.7710000e+01   2.6645591e-01
   6.7720000e+01  -9.4768820e-02
   6.7730000e+01  -4.5991368e-01
   6.7740000e+01  -6.9338780e-01
   6.7750000e+01  -8.5086776e-01
   6.7760000e+01  -1.0982736e+00
   6.7770000e+01  -1.4745576e+00
   6.7780000e+01  -1.8666450e+00
   6.7790000e+01  -2.1619515e+00
   6.7800000e+01  -2.3187231e+00
   6.7810000e+01  -2.3646843e+00
   6.7820000e+01  -2.3715929e+00
   6.7830000e+01  -2.3674817e+00
   6.7840000e+01  -2.3313287e+00
   6.7850000e+01  -2.3080496e+00
   6.7860000e+01  -2.3863898e+00
   6.7870000e+01  -2.5416959e+00
   6.7880000e+01  -2.6546089e+00
   6.7890000e+01  -2.6928392e+00
   6.7900000e+01  -2.7337304e+00
   6.7910000e+01  -2.8195787e+00
   6.7920000e+01  -2.9129985e+00
   6.7930000e+01  -2.9696079e+00
   6.7940000e+01  -2.9703867e+00
   6.7950000e+01  -2.9165986e+00
   6.7960000e+01  -2.8246386e+00
   6.7970000e+01  -2.6983574e+00
   6.7980000e+01  -2.5239758e+00
   6.7990000e+01  -2.2936270e+00
   6.8000000e+01  -2.0182757e+00
   6.8010000e+01  -1.7338949e+00
   6.8020000e+01  -1.4734828e+00
   6.8030000e+01  -1.2343451e+00
   6.8040000e+01  -1.0106938e+00
   6.8050000e+01  -8.3186875e-01
   6.8060000e+01  -7.2681300e-01
   6.8070000e+01  -6.4976413e-01
   6.8080000e+01  -4.8268478e-01
   6.8090000e+01  -1.9090832e-01
   6.8100000e+01   8.7183020e-02
   6.8110000e+01   2.5856373e-01
   6.8120000e+01   4.5385740e-01
   6.8130000e+01   8.0535017e-01
   6.8140000e+01   1.2181392e+00
   6.8150000e+01   1.5352389e+00
   6.8160000e+01   1.7835645e+00
   6.8170000e+01   2.0941148e+00
   6.8180000e+01   2.4645960e+00
   6.8190000e+01   2.7546599e+00
   6.8200000e+01   2.8879044e+00
   6.8210000e+01   2.9287174e+00
   6.8220000e+01   2.9659630e+00
   6.8230000e+01   3.0072509e+00
   6.8240000e+01   2.9728242e+00
   6.8250000e+01   2.7739123e+00
   6.8260000e+01   2.4289507e+00
   6.8270000e+01   2.0692214e+00
   6.8280000e+01   1.7990013e+00
   6.8290000e+01   1.6096967e+00
   6.8300000e+01   1.4410569e+00
   6.8310000e+01   1.2380236e+00
   6.8320000e+01   9.6290425e-01
   6.8330000e+01   6.5946785e-01
   6.8340000e+01   4.3681192e-01
   6.8350000e+01   2.7299808e-01
   6.8360000e+01  -2.0514127e-02
   6.8370000e+01  -4.9484090e-01
   6.8380000e+01  -9.1848874e-01
   6.8390000e+01  -1.0923797e+00
   6.8400000e+01  -1.0913594e+00
   6.8410000e+01  -1.0815081e+00
   6.8420000e+01  -1.1293280e+00
   6.8430000e+01  -1.2273572e+00
   6.8440000e+01  -1.3099829e+00
   6.8450000e+01  -1.2689327e+00
   6.8460000e+01  -1.0736183e+00
   6.8470000e+01  -8.2026614e-01
   6.8480000e+01  -6.0374016e-01
   6.8490000e+01  -4.3247895e-01
   6.8500000e+01  -3.1785311e-01
   6.8510000e+01  -3.0905145e-01
   6.8520000e+01  -4.0591998e-01
   6.8530000e+01  -5.5933221e-01
   6.8540000e+01  -7.0828663e-01
   6.8550000e+01  -7.6191335e-01
   6.8560000e+01  -6.8509675e-01
   6.8570000e+01  -6.0188314e-01
   6.8580000e+01  -6.5306025e-01
   6.8590000e+01  -8.0417601e-01
   6.8600000e+01  -9.1867749e-01
   6.8610000e+01  -9.1988284e-01
   6.8620000e+01  -8.0001566e-01
   6.8630000e+01  -5.8196843e-01
   6.8640000e+01  -3.5053891e-01
   6.8650000e+01  -2.2599711e-01
   6.8660000e+01  -2.3251889e-01
   6.8670000e+01  -2.6987406e-01
   6.8680000e+01  -2.0610714e-01
   6.8690000e+01   4.1982189e-02
   6.8700000e+01   4.0721367e-01
   6.8710000e+01   6.8163706e-01
   6.8720000e+01   7.4739226e-01
   6.8730000e+01   6.9694241e-01
   6.8740000e+01   6.5926864e-01
   6.8750000e+01   6.2239038e-01
   6.8760000e+01   5.0797171e-01
   6.8770000e+01   3.7068037e-01
   6.8780000e+01   3.7759316e-01
   6.8790000e+01   5.8160043e-01
   6.8800000e+01   8.4910352e-01
   6.8810000e+01   1.0079296e+00
   6.8820000e+01   1.0295943e+00
   6.8830000e+01   1.0704102e+00
   6.8840000e+01   1.2788933e+00
   6.8850000e+01   1.6057178e+00
   6.8860000e+01   1.8890484e+00
   6.8870000e+01   2.0596108e+00
   6.8880000e+01   2.1793887e+00
   6.8890000e+01   2.3148568e+00
   6.8900000e+01   2.4530687e+00
   6.8910000e+01   2.5359496e+00
   6.8920000e+01   2.5160554e+00
   6.8930000e+01   2.4116274e+00
   6.8940000e+01   2.3142520e+00
   6.8950000e+01   2.2626327e+00
   6.8960000e+01   2.1588590e+00
   6.8970000e+01   1.9219412e+00
   6.8980000e+01   1.6363155e+00
   6.8990000e+01   1.4223540e+00
   6.9000000e+01   1.2780647e+00
   6.9010000e+01   1.1537161e+00
   6.9020000e+01   1.0592051e+00
   6.9030000e+01   1.0285947e+00
   6.9040000e+01   1.0527313e+00
   6.9050000e+01   1.0772737e+00
   6.9060000e+01   1.0480826e+00
   6.9070000e+01   9.5880042e-01
   6.9080000e+01   8.4754120e-01
   6.9090000e+01   7.4087472e-01
   6.9100000e+01   6.3281800e-01
   6.9110000e+01   5.3081415e-01
   6.9120000e+01   4.5457559e-01
   6.9130000e+01   3.4646571e-01
   6.9140000e+01   9.0790024e-02
   6.9150000e+01  -2.8650317e-01
   6.9160000e+01  -5.7982882e-01
   6.9170000e+01  -6.7989349e-01
   6.9180000e+01  -7.3235847e-01
   6.9190000e+01  -9.1537478e-01
   6.9200000e+01  -1.1971590e+00
   6.9210000e+01  -1.4172121e+00
   6.9220000e+01  -1.4963761e+00
   6.9230000e+01  -1.4802675e+00
   6.9240000e+01  -1.4528462e+00
   6.9250000e+01  -1.4503938e+00
   6.9260000e+01  -1.4595881e+00
   6.9270000e+01  -1.4865038e+00
   6.9280000e+01  -1.5650659e+00
   6.9290000e+01  -1.7172316e+00
   6.9300000e+01  -1.9282573e+00
   6.9310000e+01  -2.1081140e+00
   6.9320000e+01  -2.1308094e+00
   6.9330000e+01  -1.9960891e+00
   6.9340000e+01  -1.8639150e+00
   6.9350000e+01  -1.8246683e+00
   6.9360000e+01  -1.7455908e+00
   6.9370000e+01  -1.4856923e+00
   6.9380000e+01  -1.1459304e+00
   6.9390000e+01  -9.2415959e-01
   6.9400000e+01  -7.9739306e-01
   6.9410000e+01  -5.3518044e-01
   6.9420000e+01  -2.3266320e-02
   6.9430000e+01   5.6719105e-01
   6.9440000e+01   9.7838171e-01
   6.9450000e+01   1.1514554e+00
   6.9460000e+01   1.2554245e+00
   6.9470000e+01   1.4766295e+00
   6.9480000e+01   1.8293916e+00
   6.9490000e+01   2.1603277e+00
   6.9500000e+01   2.3272248e+00
   6.9510000e+01   2.3807172e+00
   6.9520000e+01   2.4985991e+00
   6.9530000e+01   2.6960938e+00
   6.9540000e+01   2.7786907e+00
   6.9550000e+01   2.6631446e+00
   6.9560000e+01   2.4913762e+00
   6.9570000e+01   2.3517582e+00
   6.9580000e+01   2.1566781e+00
   6.9590000e+01   1.8475982e+00
   6.9600000e+01   1.5006092e+00
   6.9610000e+01   1.2065237e+00
   6.9620000e+01   9.7607724e-01
   6.9630000e+01   7.4483939e-01
   6.9640000e+01   4.4554590e-01
   6.9650000e+01   1.0614382e-01
   6.9660000e+01  -1.8418113e-01
   6.9670000e+01  -3.8979326e-01
   6.9680000e+01  -5.2265880e-01
   6.9690000e+01  -6.2612825e-01
   6.9700000e+01  -8.4077300e-01
   6.9710000e+01  -1.3243311e+00
   6.9720000e+01  -2.0224626e+00
   6.9730000e+01  -2.6509316e+00
   6.9740000e+01  -2.9677923e+00
   6.9750000e+01  -2.9661594e+00
   6.9760000e+01  -2.8103520e+00
   6.9770000e+01  -2.7124348e+00
   6.9780000e+01  -2.8127050e+00
   6.9790000e+01  -3.0581174e+00
   6.9800000e+01  -3.2554779e+00
   6.9810000e+01  -3.2914849e+00
   6.9820000e+01  -3.2320223e+00
   6.9830000e+01  -3.1763367e+00
   6.9840000e+01  -3.1220433e+00
   6.9850000e+01  -3.0444998e+00
   6.9860000e+01  -2.9702039e+00
   6.9870000e+01  -2.8894026e+00
   6.9880000e+01  -2.7305334e+00
   6.9890000e+01  -2.4833635e+00
   6.9900000e+01  -2.2512815e+00
   6.9910000e+01  -2.1199324e+00
   6.9920000e+01  -2.0116424e+00
   6.9930000e+01  -1.7605453e+00
   6.9940000e+01  -1.3437041e+00
   6.9950000e+01  -9.2905308e-01
   6.9960000e+01  -6.7812527e-01
   6.9970000e+01  -6.0597291e-01
   6.9980000e+01  -6.1831407e-01
   6.9990000e+01  -5.9877661e-01
   7.0000000e+01  -5.0319851e-01
   7.0010000e+01  -3.9914385e-01
   7.0020000e+01  -3.6138278e-01
   7.0030000e+01  -3.7502235e-01
   7.0040000e+01  -3.9396710e-01
   7.0050000e+01  -3.9293000e-01
   7.0060000e+01  -3.1150918e-01
   7.0070000e+01  -9.1747118e-02
   7.0080000e+01   1.9933889e-01
   7.0090000e+01   4.6600934e-01
   7.0100000e+01   7.5245188e-01
   7.0110000e+01   1.0953085e+00
   7.0120000e+01   1.3536661e+00
   7.0130000e+01   1.4161692e+00
   7.0140000e+01   1.4136030e+00
   7.0150000e+01   1.5563166e+00
   7.0160000e+01   1.8625340e+00
   7.0170000e+01   2.1508839e+00
   7.0180000e+01   2.2679609e+00
   7.0190000e+01   2.2519142e+00
   7.0200000e+01   2.2818559e+00
   7.0210000e+01   2.4858891e+00
   7.0220000e+01   2.7908828e+00
   7.0230000e+01   3.0055207e+00
   7.0240000e+01   3.0370383e+00
   7.0250000e+01   2.9585105e+00
   7.0260000e+01   2.8796508e+00
   7.0270000e+01   2.7845818e+00
   7.0280000e+01   2.5403050e+00
   7.0290000e+01   2.1015415e+00
   7.0300000e+01   1.6111142e+00
   7.0310000e+01   1.2358736e+00
   7.0320000e+01   1.0055364e+00
   7.0330000e+01   8.4877821e-01
   7.0340000e+01   6.8651977e-01
   7.0350000e+01   4.6678028e-01
   7.0360000e+01   2.0875443e-01
   7.0370000e+01   2.0922616e-02
   7.0380000e+01  -2.6562830e-02
   7.0390000e+01  -2.2178326e-02
   7.0400000e+01  -1.1715560e-01
   7.0410000e+01  -3.4527325e-01
   7.0420000e+01  -5.9254425e-01
   7.0430000e+01  -7.4374492e-01
   7.0440000e+01  -8.0947101e-01
   7.0450000e+01  -8.7548833e-01
   7.0460000e+01  -1.0174302e+00
   7.0470000e+01  -1.2679748e+00
   7.0480000e+01  -1.5481318e+00
   7.0490000e+01  -1.7177343e+00
   7.0500000e+01  -1.7775418e+00
   7.0510000e+01  -1.8558682e+00
   7.0520000e+01  -1.9799878e+00
   7.0530000e+01  -2.0444394e+00
   7.0540000e+01  -1.9874036e+00
   7.0550000e+01  -1.8588560e+00
   7.0560000e+01  -1.7436075e+00
   7.0570000e+01  -1.6895059e+00
   7.0580000e+01  -1.6702805e+00
   7.0590000e+01  -1.6188153e+00
   7.0600000e+01  -1.5333877e+00
   7.0610000e+01  -1.4844235e+00
   7.0620000e+01  -1.4960989e+00
   7.0630000e+01  -1.5068130e+00
   7.0640000e+01  -1.4467522e+00
   7.0650000e+01  -1.2950758e+00
   7.0660000e+01  -1.0857425e+00
   7.0670000e+01  -8.8974746e-01
   7.0680000e+01  -7.4654280e-01
   7.0690000e+01  -6.0492033e-01
   7.0700000e+01  -3.8210952e-01
   7.0710000e+01  -6.2529897e-02
   7.0720000e+01   2.8315718e-01
   7.0730000e+01   5.3253302e-01
   7.0740000e+01   5.8681409e-01
   7.0750000e+01   4.7983641e-01
   7.0760000e+01   3.8886337e-01
   7.0770000e+01   4.7274090e-01
   7.0780000e+01   7.0511644e-01
   7.0790000e+01   9.1867078e-01
   7.0800000e+01   1.0067410e+00
   7.0810000e+01   1.0382291e+00
   7.0820000e+01   1.1607832e+00
   7.0830000e+01   1.3974563e+00
   7.0840000e+01   1.6274581e+00
   7.0850000e+01   1.7989486e+00
   7.0860000e+01   1.9906039e+00
   7.0870000e+01   2.2139176e+00
   7.0880000e+01   2.3346840e+00
   7.0890000e+01   2.2606716e+00
   7.0900000e+01   2.0797670e+00
   7.0910000e+01   1.9492252e+00
   7.0920000e+01   1.9349945e+00
   7.0930000e+01   1.9798903e+00
   7.0940000e+01   1.9577335e+00
   7.0950000e+01   1.7729658e+00
   7.0960000e+01   1.4774664e+00
   7.0970000e+01   1.2566706e+00
   7.0980000e+01   1.2263715e+00
   7.0990000e+01   1.2903087e+00
   7.1000000e+01   1.2749540e+00
   7.1010000e+01   1.1623433e+00
   7.1020000e+01   1.0835012e+00
   7.1030000e+01   1.0846026e+00
   7.1040000e+01   1.0511693e+00
   7.1050000e+01   9.1972645e-01
   7.1060000e+01   8.0064514e-01
   7.1070000e+01   7.7870547e-01
   7.1080000e+01   7.3395295e-01
   7.1090000e+01   5.2727765e-01
   7.1100000e+01   2.5654691e-01
   7.1110000e+01   1.2057980e-01
   7.1120000e+01   1.1676576e-01
   7.1130000e+01   8.4363064e-02
   7.1140000e+01  -3.1676844e-02
   7.1150000e+01  -1.3211723e-01
   7.1160000e+01  -1.4531456e-01
   7.1170000e+01  -1.3706734e-01
   7.1180000e+01  -1.9531633e-01
   7.1190000e+01  -2.9350246e-01
   7.1200000e+01  -3.3459360e-01
   7.1210000e+01  -2.6866648e-01
   7.1220000e+01  -1.5862892e-01
   7.1230000e+01  -1.4200341e-01
   7.1240000e+01  -2.7161936e-01
   7.1250000e+01  -4.1699469e-01
   7.1260000e+01  -3.9187867e-01
   7.1270000e+01  -1.7581338e-01
   7.1280000e+01   3.9930660e-02
   7.1290000e+01   4.6339658e-02
   7.1300000e+01  -1.6909367e-01
   7.1310000e+01  -4.1019799e-01
   7.1320000e+01  -4.7090505e-01
   7.1330000e+01  -3.4539417e-01
   7.1340000e+01  -2.0566374e-01
   7.1350000e+01  -1.8040194e-01
   7.1360000e+01  -2.5131228e-01
   7.1370000e+01  -3.5514153e-01
   7.1380000e+01  -4.5680536e-01
   7.1390000e+01  -5.2166833e-01
   7.1400000e+01  -5.1328457e-01
   7.1410000e+01  -4.3567964e-01
   7.1420000e+01  -3.4640525e-01
   7.1430000e+01  -3.2723781e-01
   7.1440000e+01  -4.4550949e-01
   7.1450000e+01  -6.8822301e-01
   7.1460000e+01  -9.2627220e-01
   7.1470000e+01  -1.0370005e+00
   7.1480000e+01  -1.0478845e+00
   7.1490000e+01  -1.0756998e+00
   7.1500000e+01  -1.1737651e+00
   7.1510000e+01  -1.3165805e+00
   7.1520000e+01  -1.4970505e+00
   7.1530000e+01  -1.7310723e+00
   7.1540000e+01  -1.9607870e+00
   7.1550000e+01  -2.0882497e+00
   7.1560000e+01  -2.1188062e+00
   7.1570000e+01  -2.1624985e+00
   7.1580000e+01  -2.2845294e+00
   7.1590000e+01  -2.4024918e+00
   7.1600000e+01  -2.3906075e+00
   7.1610000e+01  -2.2630571e+00
   7.1620000e+01  -2.1496676e+00
   7.1630000e+01  -2.1391764e+00
   7.1640000e+01  -2.1962131e+00
   7.1650000e+01  -2.1770391e+00
   7.1660000e+01  -1.9773240e+00
   7.1670000e+01  -1.6620027e+00
   7.1680000e+01  -1.3572736e+00
   7.1690000e+01  -1.0856856e+00
   7.1700000e+01  -8.0213452e-01
   7.1710000e+01  -5.2745099e-01
   7.1720000e+01  -3.4442152e-01
   7.1730000e+01  -2.6476867e-01
   7.1740000e+01  -1.9110458e-01
   7.1750000e+01  -3.6388048e-02
   7.1760000e+01   1.7310576e-01
   7.1770000e+01   3.5268670e-01
   7.1780000e+01   5.0072793e-01
   7.1790000e+01   6.9328959e-01
   7.1800000e+01   9.3640390e-01
   7.1810000e+01   1.1418458e+00
   7.1820000e+01   1.2375513e+00
   7.1830000e+01   1.2371600e+00
   7.1840000e+01   1.2300503e+00
   7.1850000e+01   1.3135253e+00
   7.1860000e+01   1.4976710e+00
   7.1870000e+01   1.6769941e+00
   7.1880000e+01   1.7520745e+00
   7.1890000e+01   1.7629269e+00
   7.1900000e+01   1.8284567e+00
   7.1910000e+01   1.9919736e+00
   7.1920000e+01   2.1872133e+00
   7.1930000e+01   2.3252972e+00
   7.1940000e+01   2.3803394e+00
   7.1950000e+01   2.3991811e+00
   7.1960000e+01   2.4333744e+00
   7.1970000e+01   2.4668568e+00
   7.1980000e+01   2.4524449e+00
   7.1990000e+01   2.4153461e+00
   7.2000000e+01   2.4346135e+00
   7.2010000e+01   2.5301344e+00
   7.2020000e+01   2.6471618e+00
   7.2030000e+01   2.7101091e+00
   7.2040000e+01   2.6525547e+00
   7.2050000e+01   2.4631893e+00
   7.2060000e+01   2.2200583e+00
   7.2070000e+01   2.0342915e+00
   7.2080000e+01   1.9443610e+00
   7.2090000e+01   1.8748852e+00
   7.2100000e+01   1.7084754e+00
   7.2110000e+01   1.4157818e+00
   7.2120000e+01   1.1195728e+00
   7.2130000e+01   9.7655927e-01
   7.2140000e+01   1.0047341e+00
   7.2150000e+01   1.0994204e+00
   7.2160000e+01   1.1452438e+00
   7.2170000e+01   1.0745262e+00
   7.2180000e+01   9.3651120e-01
   7.2190000e+01   8.6419958e-01
   7.2200000e+01   8.8490180e-01
   7.2210000e+01   8.9909447e-01
   7.2220000e+01   8.6357252e-01
   7.2230000e+01   8.2009832e-01
   7.2240000e+01   7.7202041e-01
   7.2250000e+01   6.6122615e-01
   7.2260000e+01   4.2499884e-01
   7.2270000e+01   6.7131726e-02
   7.2280000e+01  -2.8437598e-01
   7.2290000e+01  -5.0314416e-01
   7.2300000e+01  -6.5437044e-01
   7.2310000e+01  -8.9925841e-01
   7.2320000e+01  -1.2643628e+00
   7.2330000e+01  -1.6254522e+00
   7.2340000e+01  -1.8634185e+00
   7.2350000e+01  -1.9945851e+00
   7.2360000e+01  -2.1664115e+00
   7.2370000e+01  -2.5059955e+00
   7.2380000e+01  -2.9623924e+00
   7.2390000e+01  -3.3575658e+00
   7.2400000e+01  -3.5907189e+00
   7.2410000e+01  -3.7066521e+00
   7.2420000e+01  -3.7933168e+00
   7.2430000e+01  -3.8838744e+00
   7.2440000e+01  -3.9472117e+00
   7.2450000e+01  -3.9658694e+00
   7.2460000e+01  -3.9939371e+00
   7.2470000e+01  -4.0884936e+00
   7.2480000e+01  -4.2097429e+00
   7.2490000e+01  -4.2534495e+00
   7.2500000e+01  -4.1947930e+00
   7.2510000e+01  -4.1340814e+00
   7.2520000e+01  -4.1557333e+00
   7.2530000e+01  -4.2160131e+00
   7.2540000e+01  -4.2153674e+00
   7.2550000e+01  -4.1122964e+00
   7.2560000e+01  -3.9447980e+00
   7.2570000e+01  -3.7692325e+00
   7.2580000e+01  -3.5797365e+00
   7.2590000e+01  -3.3282989e+00
   7.2600000e+01  -3.0166420e+00
   7.2610000e+01  -2.6835457e+00
   7.2620000e+01  -2.3445991e+00
   7.2630000e+01  -2.0200717e+00
   7.2640000e+01  -1.7514772e+00
   7.2650000e+01  -1.5520691e+00
   7.2660000e+01  -1.3976566e+00
   7.2670000e+01  -1.2613422e+00
   7.2680000e+01  -1.1185348e+00
   7.2690000e+01  -9.3480380e-01
   7.2700000e+01  -6.8777817e-01
   7.2710000e+01  -4.0506794e-01
   7.2720000e+01  -1.4296097e-01
   7.2730000e+01   7.3140250e-02
   7.2740000e+01   2.5638928e-01
   7.2750000e+01   4.4187627e-01
   7.2760000e+01   6.5449605e-01
   7.2770000e+01   8.3937168e-01
   7.2780000e+01   9.1065071e-01
   7.2790000e+01   9.1454893e-01
   7.2800000e+01   1.0199426e+00
   7.2810000e+01   1.3109802e+00
   7.2820000e+01   1.6739714e+00
   7.2830000e+01   1.9372335e+00
   7.2840000e+01   2.0960928e+00
   7.2850000e+01   2.3265914e+00
   7.2860000e+01   2.7467773e+00
   7.2870000e+01   3.2441386e+00
   7.2880000e+01   3.6207867e+00
   7.2890000e+01   3.8409053e+00
   7.2900000e+01   4.0248242e+00
   7.2910000e+01   4.2495038e+00
   7.2920000e+01   4.4668113e+00
   7.2930000e+01   4.6240301e+00
   7.2940000e+01   4.7654598e+00
   7.2950000e+01   4.9366176e+00
   7.2960000e+01   5.0970879e+00
   7.2970000e+01   5.2089807e+00
   7.2980000e+01   5.2802932e+00
   7.2990000e+01   5.2978555e+00
   7.3000000e+01   5.2357679e+00
   7.3010000e+01   5.1454400e+00
   7.3020000e+01   5.1426418e+00
   7.3030000e+01   5.2414895e+00
   7.3040000e+01   5.2813848e+00
   7.3050000e+01   5.1013988e+00
   7.3060000e+01   4.7550505e+00
   7.3070000e+01   4.4595807e+00
   7.3080000e+01   4.3015071e+00
   7.3090000e+01   4.1379218e+00
   7.3100000e+01   3.8518889e+00
   7.3110000e+01   3.5319042e+00
   7.3120000e+01   3.3114460e+00
   7.3130000e+01   3.1568972e+00
   7.3140000e+01   2.9285318e+00
   7.3150000e+01   2.5720064e+00
   7.3160000e+01   2.1335796e+00
   7.3170000e+01   1.6692742e+00
   7.3180000e+01   1.2249084e+00
   7.3190000e+01   8.3078078e-01
   7.3200000e+01   4.8166570e-01
   7.3210000e+01   1.4657618e-01
   7.3220000e+01  -2.0577650e-01
   7.3230000e+01  -5.8717314e-01
   7.3240000e+01  -9.8071371e-01
   7.3250000e+01  -1.3405087e+00
   7.3260000e+01  -1.6306075e+00
   7.3270000e+01  -1.8632608e+00
   7.3280000e+01  -2.0637557e+00
   7.3290000e+01  -2.2439757e+00
   7.3300000e+01  -2.4189871e+00
   7.3310000e+01  -2.6254901e+00
   7.3320000e+01  -2.9251703e+00
   7.3330000e+01  -3.3307900e+00
   7.3340000e+01  -3.7476525e+00
   7.3350000e+01  -4.0536287e+00
   7.3360000e+01  -4.2242945e+00
   7.3370000e+01  -4.3698787e+00
   7.3380000e+01  -4.5836960e+00
   7.3390000e+01  -4.7675947e+00
   7.3400000e+01  -4.7517109e+00
   7.3410000e+01  -4.5210763e+00
   7.3420000e+01  -4.2158276e+00
   7.3430000e+01  -3.9805798e+00
   7.3440000e+01  -3.8330835e+00
   7.3450000e+01  -3.6720411e+00
   7.3460000e+01  -3.4172934e+00
   7.3470000e+01  -3.1019601e+00
   7.3480000e+01  -2.8236996e+00
   7.3490000e+01  -2.6262850e+00
   7.3500000e+01  -2.4821867e+00
   7.3510000e+01  -2.3749616e+00
   7.3520000e+01  -2.2802526e+00
   7.3530000e+01  -2.1232010e+00
   7.3540000e+01  -1.8802052e+00
   7.3550000e+01  -1.6332320e+00
   7.3560000e+01  -1.4388678e+00
   7.3570000e+01  -1.2387951e+00
   7.3580000e+01  -9.4982828e-01
   7.3590000e+01  -5.7849429e-01
   7.3600000e+01  -2.1440019e-01
   7.3610000e+01   6.7259732e-02
   7.3620000e+01   2.7880887e-01
   7.3630000e+01   4.8826835e-01
   7.3640000e+01   7.1497630e-01
   7.3650000e+01   9.3006462e-01
   7.3660000e+01   1.1402348e+00
   7.3670000e+01   1.3344897e+00
   7.3680000e+01   1.4378856e+00
   7.3690000e+01   1.4420468e+00
   7.3700000e+01   1.4701712e+00
   7.3710000e+01   1.6149095e+00
   7.3720000e+01   1.7681610e+00
   7.3730000e+01   1.7405153e+00
   7.3740000e+01   1.5432248e+00
   7.3750000e+01   1.3762308e+00
   7.3760000e+01   1.3120787e+00
   7.3770000e+01   1.1985169e+00
   7.3780000e+01   9.4892666e-01
   7.3790000e+01   7.0465295e-01
   7.3800000e+01   5.9791053e-01
   7.3810000e+01   5.5478632e-01
   7.3820000e+01   4.2969796e-01
   7.3830000e+01   2.2433947e-01
   7.3840000e+01   9.1505584e-02
   7.3850000e+01   1.0846614e-01
   7.3860000e+01   1.5609221e-01
   7.3870000e+01   9.8252821e-02
   7.3880000e+01  -5.1921758e-02
   7.3890000e+01  -1.7992292e-01
   7.3900000e+01  -1.9309503e-01
   7.3910000e+01  -1.2291198e-01
   7.3920000e+01  -1.0572409e-01
   7.3930000e+01  -2.0878545e-01
   7.3940000e+01  -3.2937543e-01
   7.3950000e+01  -3.3700893e-01
   7.3960000e+01  -2.4171919e-01
   7.3970000e+01  -1.4069245e-01
   7.3980000e+01  -1.0452257e-01
   7.3990000e+01  -1.5363069e-01
   7.4000000e+01  -2.2237888e-01
   7.4010000e+01  -1.9725855e-01
   7.4020000e+01  -7.2145243e-02
   7.4030000e+01   5.3958688e-02
   7.4040000e+01   1.3744809e-01
   7.4050000e+01   2.0967923e-01
   7.4060000e+01   2.6785685e-01
   7.4070000e+01   2.7923191e-01
   7.4080000e+01   2.7307603e-01
   7.4090000e+01   3.0615537e-01
   7.4100000e+01   3.6867166e-01
   7.4110000e+01   4.0251133e-01
   7.4120000e+01   3.5191551e-01
   7.4130000e+01   1.8899836e-01
   7.4140000e+01  -4.1828953e-02
   7.4150000e+01  -2.2072321e-01
   7.4160000e+01  -2.5890976e-01
   7.4170000e+01  -2.0238242e-01
   7.4180000e+01  -1.6086422e-01
   7.4190000e+01  -1.6706982e-01
   7.4200000e+01  -1.8453476e-01
   7.4210000e+01  -1.8739189e-01
   7.4220000e+01  -1.7692799e-01
   7.4230000e+01  -1.6752849e-01
   7.4240000e+01  -1.6429493e-01
   7.4250000e+01  -1.8182000e-01
   7.4260000e+01  -2.7376567e-01
   7.4270000e+01  -4.4144992e-01
   7.4280000e+01  -5.7593452e-01
   7.4290000e+01  -5.9349144e-01
   7.4300000e+01  -5.4781667e-01
   7.4310000e+01  -5.7046508e-01
   7.4320000e+01  -7.2559855e-01
   7.4330000e+01  -9.0536434e-01
   7.4340000e+01  -9.2846957e-01
   7.4350000e+01  -7.7319622e-01
   7.4360000e+01  -6.0425408e-01
   7.4370000e+01  -5.5657557e-01
   7.4380000e+01  -6.1085303e-01
   7.4390000e+01  -6.6709312e-01
   7.4400000e+01  -6.3669869e-01
   7.4410000e+01  -4.9257102e-01
   7.4420000e+01  -2.9263934e-01
   7.4430000e+01  -1.4278095e-01
   7.4440000e+01  -1.3090658e-01
   7.4450000e+01  -2.6293896e-01
   7.4460000e+01  -4.0075910e-01
   7.4470000e+01  -3.3953992e-01
   7.4480000e+01  -6.7136973e-02
   7.4490000e+01   1.5550741e-01
   7.4500000e+01   1.0713526e-01
   7.4510000e+01  -9.7265845e-02
   7.4520000e+01  -1.4718250e-01
   7.4530000e+01   5.6966440e-02
   7.4540000e+01   2.7887288e-01
   7.4550000e+01   2.9681785e-01
   7.4560000e+01   2.0736005e-01
   7.4570000e+01   2.4339723e-01
   7.4580000e+01   4.4280772e-01
   7.4590000e+01   6.1863956e-01
   7.4600000e+01   5.7645230e-01
   7.4610000e+01   3.3984335e-01
   7.4620000e+01   1.6667700e-01
   7.4630000e+01   2.3710737e-01
   7.4640000e+01   4.0382001e-01
   7.4650000e+01   4.3397437e-01
   7.4660000e+01   3.3826974e-01
   7.4670000e+01   2.7605462e-01
   7.4680000e+01   3.1352312e-01
   7.4690000e+01   4.2309817e-01
   7.4700000e+01   5.8447269e-01
   7.4710000e+01   7.8727918e-01
   7.4720000e+01   9.8259421e-01
   7.4730000e+01   1.0711330e+00
   7.4740000e+01   1.0232672e+00
   7.4750000e+01   9.7561878e-01
   7.4760000e+01   1.0582122e+00
   7.4770000e+01   1.2130814e+00
   7.4780000e+01   1.2703098e+00
   7.4790000e+01   1.1406917e+00
   7.4800000e+01   9.4253098e-01
   7.4810000e+01   9.1293555e-01
   7.4820000e+01   1.1154387e+00
   7.4830000e+01   1.2877766e+00
   7.4840000e+01   1.1358329e+00
   7.4850000e+01   7.5016260e-01
   7.4860000e+01   4.9566864e-01
   7.4870000e+01   5.0849123e-01
   7.4880000e+01   5.7715177e-01
   7.4890000e+01   5.0664975e-01
   7.4900000e+01   3.6989850e-01
   7.4910000e+01   3.7218617e-01
   7.4920000e+01   5.4252866e-01
   7.4930000e+01   6.3381637e-01
   7.4940000e+01   4.0918525e-01
   7.4950000e+01  -8.3886453e-02
   7.4960000e+01  -6.0732392e-01
   7.4970000e+01  -8.9809302e-01
   7.4980000e+01  -7.6376257e-01
   7.4990000e+01  -2.9079266e-01
   7.5000000e+01   1.3225917e-01
   7.5010000e+01   1.9269026e-01
   7.5020000e+01  -3.5565754e-02
   7.5030000e+01  -2.0279904e-01
   7.5040000e+01  -1.0687930e-01
   7.5050000e+01   1.0656997e-02
   7.5060000e+01  -1.8340244e-01
   7.5070000e+01  -5.3651090e-01
   7.5080000e+01  -6.1459497e-01
   7.5090000e+01  -4.1384487e-01
   7.5100000e+01  -4.2364715e-01
   7.5110000e+01  -9.8759143e-01
   7.5120000e+01  -1.8633306e+00
   7.5130000e+01  -2.3980007e+00
   7.5140000e+01  -2.1045943e+00
   7.5150000e+01  -1.2026984e+00
   7.5160000e+01  -5.3476211e-01
   7.5170000e+01  -7.0147734e-01
   7.5180000e+01  -1.3430193e+00
   7.5190000e+01  -1.6089874e+00
   7.5200000e+01  -1.2656004e+00
   7.5210000e+01  -9.0819973e-01
   7.5220000e+01  -1.0836589e+00
   7.5230000e+01  -1.6503117e+00
   7.5240000e+01  -2.0889454e+00
   7.5250000e+01  -2.0495801e+00
   7.5260000e+01  -1.5312662e+00
   7.5270000e+01  -8.7105817e-01
   7.5280000e+01  -4.9148451e-01
   7.5290000e+01  -4.0506383e-01
   7.5300000e+01  -2.4856890e-01
   7.5310000e+01   7.2002284e-02
   7.5320000e+01   2.6007796e-01
   7.5330000e+01   2.0139722e-01
   7.5340000e+01   2.0392982e-01
   7.5350000e+01   6.1686015e-01
   7.5360000e+01   1.4053617e+00
   7.5370000e+01   2.1405374e+00
   7.5380000e+01   2.4183679e+00
   7.5390000e+01   2.2510039e+00
   7.5400000e+01   1.9627069e+00
   7.5410000e+01   1.7915691e+00
   7.5420000e+01   1.7464227e+00
   7.5430000e+01   1.7455180e+00
   7.5440000e+01   1.7046811e+00
   7.5450000e+01   1.5758381e+00
   7.5460000e+01   1.4049190e+00
   7.5470000e+01   1.2566230e+00
   7.5480000e+01   1.1159134e+00
   7.5490000e+01   9.7688239e-01
   7.5500000e+01   9.2463718e-01
   7.5510000e+01   1.0182058e+00
   7.5520000e+01   1.1905650e+00
   7.5530000e+01   1.3255149e+00
   7.5540000e+01   1.3449126e+00
   7.5550000e+01   1.2381316e+00
   7.5560000e+01   1.0549936e+00
   7.5570000e+01   7.9848073e-01
   7.5580000e+01   3.7585193e-01
   7.5590000e+01  -1.7998703e-01
   7.5600000e+01  -5.3478705e-01
   7.5610000e+01  -3.8316478e-01
   7.5620000e+01   8.5269892e-02
   7.5630000e+01   3.3661753e-01
   7.5640000e+01   1.0409546e-01
   7.5650000e+01  -3.6196692e-01
   7.5660000e+01  -6.5723864e-01
   7.5670000e+01  -6.6555904e-01
   7.5680000e+01  -5.8080600e-01
   7.5690000e+01  -5.8498676e-01
   7.5700000e+01  -6.2527229e-01
   7.5710000e+01  -5.6336028e-01
   7.5720000e+01  -4.3895972e-01
   7.5730000e+01  -4.1374307e-01
   7.5740000e+01  -5.3386705e-01
   7.5750000e+01  -7.5280935e-01
   7.5760000e+01  -1.0541641e+00
   7.5770000e+01  -1.3554258e+00
   7.5780000e+01  -1.4649680e+00
   7.5790000e+01  -1.2558015e+00
   7.5800000e+01  -7.6951053e-01
   7.5810000e+01  -2.0203893e-01
   7.5820000e+01   1.2722383e-01
   7.5830000e+01  -3.3464380e-02
   7.5840000e+01  -5.6777181e-01
   7.5850000e+01  -1.0189889e+00
   7.5860000e+01  -1.0649987e+00
   7.5870000e+01  -8.6183006e-01
   7.5880000e+01  -7.6512755e-01
   7.5890000e+01  -8.3690682e-01
   7.5900000e+01  -8.1973376e-01
   7.5910000e+01  -5.1465918e-01
   7.5920000e+01  -4.6806885e-02
   7.5930000e+01   2.4978947e-01
   7.5940000e+01   1.7757119e-01
   7.5950000e+01  -1.4543800e-01
   7.5960000e+01  -3.9870415e-01
   7.5970000e+01  -3.1095762e-01
   7.5980000e+01   9.1261424e-02
   7.5990000e+01   4.8365113e-01
   7.6000000e+01   5.6096601e-01
   7.6010000e+01   3.1086205e-01
   7.6020000e+01  -3.0490905e-02
   7.6030000e+01  -2.0534278e-01
   7.6040000e+01  -1.1792233e-01
   7.6050000e+01   8.5488226e-02
   7.6060000e+01   1.2448381e-01
   7.6070000e+01  -8.7302176e-02
   7.6080000e+01  -3.1646315e-01
   7.6090000e+01  -3.3203295e-01
   7.6100000e+01  -1.4599166e-01
   7.6110000e+01   1.0016308e-01
   7.6120000e+01   2.6534950e-01
   7.6130000e+01   2.6362764e-01
   7.6140000e+01   1.1945526e-01
   7.6150000e+01  -6.1138016e-02
   7.6160000e+01  -1.8322830e-01
   7.6170000e+01  -2.3464271e-01
   7.6180000e+01  -3.2973638e-01
   7.6190000e+01  -6.2150863e-01
   7.6200000e+01  -1.0815389e+00
   7.6210000e+01  -1.4650120e+00
   7.6220000e+01  -1.5686294e+00
   7.6230000e+01  -1.4208605e+00
   7.6240000e+01  -1.1671299e+00
   7.6250000e+01  -8.6904632e-01
   7.6260000e+01  -5.0223585e-01
   7.6270000e+01  -1.1522095e-01
   7.6280000e+01   1.2431367e-01
   7.6290000e+01   1.0011013e-01
   7.6300000e+01  -9.6005879e-02
   7.6310000e+01  -2.5795974e-01
   7.6320000e+01  -2.7793487e-01
   7.6330000e+01  -1.6612472e-01
   7.6340000e+01   5.7208648e-02
   7.6350000e+01   3.2853254e-01
   7.6360000e+01   4.7045798e-01
   7.6370000e+01   3.4250029e-01
   7.6380000e+01   8.5159080e-02
   7.6390000e+01   2.1529436e-02
   7.6400000e+01   2.3875460e-01
   7.6410000e+01   4.9955051e-01
   7.6420000e+01   6.0248706e-01
   7.6430000e+01   5.5649580e-01
   7.6440000e+01   4.3238421e-01
   7.6450000e+01   2.7084247e-01
   7.6460000e+01   1.0151836e-01
   7.6470000e+01  -3.8517128e-02
   7.6480000e+01  -8.7715513e-02
   7.6490000e+01   1.7577145e-02
   7.6500000e+01   2.6080412e-01
   7.6510000e+01   4.9815310e-01
   7.6520000e+01   5.5390752e-01
   7.6530000e+01   4.1293298e-01
   7.6540000e+01   2.8195473e-01
   7.6550000e+01   3.7050247e-01
   7.6560000e+01   6.0308056e-01
   7.6570000e+01   6.8955185e-01
   7.6580000e+01   5.5155629e-01
   7.6590000e+01   4.5247232e-01
   7.6600000e+01   5.6502936e-01
   7.6610000e+01   6.8702725e-01
