t,Xacceleration
1.7000000E-004,3.4530580E-009
2.1700000E-003,1.0789087E-008
4.1700000E-003,1.8125116E-008
6.1700000E-003,3.4560744E-008
8.1700000E-003,5.7451644E-008
1.0170000E-002,8.2488690E-008
1.2170000E-002,1.3062838E-007
1.4170000E-002,1.7876806E-007
1.6170000E-002,2.4556464E-007
1.8170000E-002,3.2559644E-007
2.0170000E-002,4.0837713E-007
2.2170000E-002,5.2074880E-007
2.4170000E-002,6.3312047E-007
2.6170000E-002,7.5732611E-007
2.8170000E-002,8.8992678E-007
3.0170000E-002,1.0218351E-006
3.2170000E-002,1.1462901E-006
3.4170000E-002,1.2707452E-006
3.6170000E-002,1.3688817E-006
3.8170000E-002,1.4483478E-006
4.0170000E-002,1.5216513E-006
4.2170000E-002,1.5286155E-006
4.4170000E-002,1.5355798E-006
4.6170000E-002,1.4988808E-006
4.8170000E-002,1.4312069E-006
5.0170000E-002,1.3594066E-006
5.2170000E-002,1.2431861E-006
5.4170000E-002,1.1269656E-006
5.6170000E-002,1.0069089E-006
5.8170000E-002,8.8413069E-007
6.0170000E-002,7.6404970E-007
6.2170000E-002,6.7300312E-007
6.4170000E-002,5.8195653E-007
6.6170000E-002,5.2059454E-007
6.8170000E-002,4.8029085E-007
7.0170000E-002,4.4391640E-007
7.2170000E-002,4.4983898E-007
7.4170000E-002,4.5576157E-007
7.6170000E-002,4.7646135E-007
7.8170000E-002,5.0764410E-007
8.0170000E-002,5.3887201E-007
8.2170000E-002,5.7058613E-007
8.4170000E-002,6.0230025E-007
8.6170000E-002,6.2417888E-007
8.8170000E-002,6.3908019E-007
9.0170000E-002,6.5212828E-007
9.2170000E-002,6.4522695E-007
9.4170000E-002,6.3832563E-007
9.6170000E-002,6.2196685E-007
9.8170000E-002,5.9889893E-007
1.0017000E-001,5.7535258E-007
1.0217000E-001,5.4665611E-007
1.0417000E-001,5.1795964E-007
1.0617000E-001,4.9148826E-007
1.0817000E-001,4.6659536E-007
1.1017000E-001,4.4242748E-007
1.1217000E-001,4.2606435E-007
1.1417000E-001,4.0970121E-007
1.1617000E-001,3.9809369E-007
1.1817000E-001,3.8985980E-007
1.2017000E-001,3.8200797E-007
1.2217000E-001,3.7826891E-007
1.2417000E-001,3.7452986E-007
1.2617000E-001,3.7094200E-007
1.2817000E-001,3.6746141E-007
1.3017000E-001,3.6376216E-007
1.3217000E-001,3.5770908E-007
1.3417000E-001,3.5165601E-007
1.3617000E-001,3.4369526E-007
1.3817000E-001,3.3438121E-007
1.4017000E-001,3.2487692E-007
1.4217000E-001,3.1332474E-007
1.4417000E-001,3.0177255E-007
1.4617000E-001,2.8990549E-007
1.4817000E-001,2.7781507E-007
1.5017000E-001,2.6579669E-007
1.5217000E-001,2.5455387E-007
1.5417000E-001,2.4331104E-007
1.5617000E-001,2.3288426E-007
1.5817000E-001,2.2303637E-007
1.6017000E-001,2.1328411E-007
1.6217000E-001,2.0456131E-007
1.6417000E-001,1.9583850E-007
1.6617000E-001,1.8735697E-007
1.6817000E-001,1.7904661E-007
1.7017000E-001,1.7071097E-007
1.7217000E-001,1.6210333E-007
1.7417000E-001,1.5349568E-007
1.7617000E-001,1.4448030E-007
1.7817000E-001,1.3517568E-007
1.8017000E-001,1.2581168E-007
1.8217000E-001,1.1580856E-007
1.8417000E-001,1.0580544E-007
1.8617000E-001,9.5564704E-008
1.8817000E-001,8.5155413E-008
1.9017000E-001,7.4743922E-008
1.9217000E-001,6.4308752E-008
1.9417000E-001,5.3873582E-008
1.9617000E-001,4.3584383E-008
1.9817000E-001,3.3398736E-008
2.0017000E-001,2.3241163E-008
2.0217000E-001,1.3385799E-008
2.0417000E-001,3.5304342E-009
2.0617000E-001,-6.1790057E-009
2.0817000E-001,-1.5784926E-008
2.1017000E-001,-2.5381896E-008
2.1217000E-001,-3.4882509E-008
2.1417000E-001,-4.4383123E-008
2.1617000E-001,-5.3897759E-008
2.1817000E-001,-6.3422345E-008
2.2017000E-001,-7.2957554E-008
2.2217000E-001,-8.2607133E-008
2.2417000E-001,-9.2256712E-008
2.2617000E-001,-1.0203985E-007
2.2817000E-001,-1.1191773E-007
2.3017000E-001,-1.2182583E-007
2.3217000E-001,-1.3205919E-007
2.3417000E-001,-1.4229256E-007
2.3617000E-001,-1.5280667E-007
2.3817000E-001,-1.6351994E-007
2.4017000E-001,-1.7427784E-007
2.4217000E-001,-1.8551620E-007
2.4417000E-001,-1.9675457E-007
2.4617000E-001,-2.0823247E-007
2.4817000E-001,-2.1988030E-007
2.5017000E-001,-2.3153885E-007
2.5217000E-001,-2.4331286E-007
2.5417000E-001,-2.5508688E-007
2.5617000E-001,-2.6674586E-007
2.5817000E-001,-2.7832325E-007
2.6017000E-001,-2.8987210E-007
2.6217000E-001,-3.0111380E-007
2.6417000E-001,-3.1235550E-007
2.6617000E-001,-3.2352430E-007
2.6817000E-001,-3.3464138E-007
2.7017000E-001,-3.4579191E-007
2.7217000E-001,-3.5730264E-007
2.7417000E-001,-3.6881338E-007
2.7617000E-001,-3.8088241E-007
2.7817000E-001,-3.9334749E-007
2.8017000E-001,-4.0591582E-007
2.8217000E-001,-4.1959552E-007
2.8417000E-001,-4.3327521E-007
2.8617000E-001,-4.4751047E-007
2.8817000E-001,-4.6213986E-007
2.9017000E-001,-4.7678644E-007
2.9217000E-001,-4.9161811E-007
2.9417000E-001,-5.0644977E-007
2.9617000E-001,-5.2088694E-007
2.9817000E-001,-5.3504427E-007
3.0017000E-001,-5.4910305E-007
3.0217000E-001,-5.6210103E-007
3.0417000E-001,-5.7509901E-007
3.0617000E-001,-5.8756126E-007
3.0817000E-001,-5.9964346E-007
3.1017000E-001,-6.1171551E-007
3.1217000E-001,-6.2367824E-007
3.1417000E-001,-6.3564097E-007
3.1617000E-001,-6.4795973E-007
3.1817000E-001,-6.6053106E-007
3.2017000E-001,-6.7316352E-007
3.2217000E-001,-6.8645398E-007
3.2417000E-001,-6.9974445E-007
3.2617000E-001,-7.1317630E-007
3.2817000E-001,-7.2670844E-007
3.3017000E-001,-7.4022320E-007
3.3217000E-001,-7.5355069E-007
3.3417000E-001,-7.6687818E-007
3.3617000E-001,-7.8027417E-007
3.3817000E-001,-7.9371876E-007
3.4017000E-001,-8.0729026E-007
3.4217000E-001,-8.2222803E-007
3.4417000E-001,-8.3716580E-007
3.4617000E-001,-8.5409650E-007
3.4817000E-001,-8.7244099E-007
3.5017000E-001,-8.9117745E-007
3.5217000E-001,-9.1413351E-007
3.5417000E-001,-9.3708957E-007
3.5617000E-001,-9.6228204E-007
3.5817000E-001,-9.8906103E-007
3.6017000E-001,-1.0159068E-006
3.6217000E-001,-1.0434715E-006
3.6417000E-001,-1.0710362E-006
3.6617000E-001,-1.0967350E-006
3.6817000E-001,-1.1211102E-006
3.7017000E-001,-1.1449794E-006
3.7217000E-001,-1.1634034E-006
3.7417000E-001,-1.1818273E-006
3.7617000E-001,-1.1967472E-006
3.7817000E-001,-1.2091815E-006
3.8017000E-001,-1.2213280E-006
3.8217000E-001,-1.2303779E-006
3.8417000E-001,-1.2394277E-006
3.8617000E-001,-1.2487168E-006
3.8817000E-001,-1.2581755E-006
3.9017000E-001,-1.2679293E-006
3.9217000E-001,-1.2808598E-006
3.9417000E-001,-1.2937903E-006
3.9617000E-001,-1.3093077E-006
3.9817000E-001,-1.3266605E-006
4.0017000E-001,-1.3442847E-006
4.0217000E-001,-1.3648313E-006
4.0417000E-001,-1.3853779E-006
4.0617000E-001,-1.4065749E-006
4.0817000E-001,-1.4282333E-006
4.1017000E-001,-1.4498759E-006
4.1217000E-001,-1.4713495E-006
4.1417000E-001,-1.4928230E-006
4.1617000E-001,-1.5141626E-006
4.1817000E-001,-1.5354071E-006
4.2017000E-001,-1.5566579E-006
4.2217000E-001,-1.5779759E-006
4.2417000E-001,-1.5992938E-006
4.2617000E-001,-1.6205557E-006
4.2817000E-001,-1.6417779E-006
4.3017000E-001,-1.6629811E-006
4.3217000E-001,-1.6839810E-006
4.3417000E-001,-1.7049809E-006
4.3617000E-001,-1.7265005E-006
4.3817000E-001,-1.7483886E-006
4.4017000E-001,-1.7705767E-006
4.4217000E-001,-1.7959929E-006
4.4417000E-001,-1.8214092E-006
4.4617000E-001,-1.8507381E-006
4.4817000E-001,-1.8828427E-006
4.5017000E-001,-1.9157020E-006
4.5217000E-001,-1.9566854E-006
4.5417000E-001,-1.9976688E-006
4.5617000E-001,-2.0436081E-006
4.5817000E-001,-2.0930631E-006
4.6017000E-001,-2.1428158E-006
4.6217000E-001,-2.1957733E-006
4.6417000E-001,-2.2487308E-006
4.6617000E-001,-2.2975045E-006
4.6817000E-001,-2.3433102E-006
4.7017000E-001,-2.3873240E-006
4.7217000E-001,-2.4120484E-006
4.7417000E-001,-2.4367729E-006
4.7617000E-001,-2.4431864E-006
4.7817000E-001,-2.4366103E-006
4.8017000E-001,-2.4275330E-006
4.8217000E-001,-2.3915313E-006
4.8417000E-001,-2.3555297E-006
4.8617000E-001,-2.3127598E-006
4.8817000E-001,-2.2651884E-006
4.9017000E-001,-2.2190679E-006
4.9217000E-001,-2.1885657E-006
4.9417000E-001,-2.1580635E-006
4.9617000E-001,-2.1524332E-006
4.9817000E-001,-2.1644470E-006
5.0017000E-001,-2.1806291E-006
5.0217000E-001,-2.2416827E-006
5.0417000E-001,-2.3027362E-006
5.0617000E-001,-2.3816915E-006
5.0817000E-001,-2.4733463E-006
5.1017000E-001,-2.5648433E-006
5.1217000E-001,-2.6546427E-006
5.1417000E-001,-2.7444421E-006
5.1617000E-001,-2.8188050E-006
5.1817000E-001,-2.8822172E-006
5.2017000E-001,-2.9433261E-006
5.2217000E-001,-2.9796402E-006
5.2417000E-001,-3.0159543E-006
5.2617000E-001,-3.0480541E-006
5.2817000E-001,-3.0771641E-006
5.3017000E-001,-3.1074799E-006
5.3217000E-001,-3.1507757E-006
5.3417000E-001,-3.1940715E-006
5.3617000E-001,-3.2476555E-006
5.3817000E-001,-3.3085378E-006
5.4017000E-001,-3.3691801E-006
5.4217000E-001,-3.4272383E-006
5.4417000E-001,-3.4852965E-006
5.4617000E-001,-3.5228291E-006
5.4817000E-001,-3.5458007E-006
5.5017000E-001,-3.5640590E-006
5.5217000E-001,-3.5315793E-006
5.5417000E-001,-3.4990995E-006
5.5617000E-001,-3.4418347E-006
5.5817000E-001,-3.3669875E-006
5.6017000E-001,-3.2927149E-006
5.6217000E-001,-3.2246290E-006
5.6417000E-001,-3.1565431E-006
5.6617000E-001,-3.1282492E-006
5.6817000E-001,-3.1281839E-006
5.7017000E-001,-3.1368708E-006
5.7217000E-001,-3.2397732E-006
5.7417000E-001,-3.3426755E-006
5.7617000E-001,-3.4951221E-006
5.7817000E-001,-3.6827154E-006
5.8017000E-001,-3.8718522E-006
5.8217000E-001,-4.0776045E-006
5.8417000E-001,-4.2833568E-006
5.8617000E-001,-4.4536064E-006
5.8817000E-001,-4.5986704E-006
5.9017000E-001,-4.7347514E-006
5.9217000E-001,-4.7741337E-006
5.9417000E-001,-4.8135160E-006
5.9617000E-001,-4.8013726E-006
5.9817000E-001,-4.7526766E-006
6.0017000E-001,-4.7025554E-006
6.0217000E-001,-4.6370921E-006
6.0417000E-001,-4.5716289E-006
6.0617000E-001,-4.5424778E-006
6.0817000E-001,-4.5390868E-006
6.1017000E-001,-4.5435403E-006
6.1217000E-001,-4.6324376E-006
6.1417000E-001,-4.7213349E-006
6.1617000E-001,-4.8385607E-006
6.1817000E-001,-4.9758828E-006
6.2017000E-001,-5.1095533E-006
6.2217000E-001,-5.2039161E-006
6.2417000E-001,-5.2982789E-006
6.2617000E-001,-5.3207675E-006
6.2817000E-001,-5.2922685E-006
6.3017000E-001,-5.2515733E-006
6.3217000E-001,-5.0795904E-006
6.3417000E-001,-4.9076074E-006
6.3617000E-001,-4.6786945E-006
6.3817000E-001,-4.4093954E-006
6.4017000E-001,-4.1390055E-006
6.4217000E-001,-3.8568741E-006
6.4417000E-001,-3.5747427E-006
6.4617000E-001,-3.3337879E-006
6.4817000E-001,-3.1220437E-006
6.5017000E-001,-2.9210405E-006
6.5217000E-001,-2.8356602E-006
6.5417000E-001,-2.7502799E-006
6.5617000E-001,-2.7552443E-006
6.5817000E-001,-2.8242992E-006
6.6017000E-001,-2.9077892E-006
6.6217000E-001,-3.1466679E-006
6.6417000E-001,-3.3855465E-006
6.6617000E-001,-3.7278299E-006
6.6817000E-001,-4.1434686E-006
6.7017000E-001,-4.5719874E-006
6.7217000E-001,-5.1391553E-006
6.7417000E-001,-5.7063232E-006
6.7617000E-001,-6.3102713E-006
6.7817000E-001,-6.9403114E-006
6.8017000E-001,-7.5630735E-006
6.8217000E-001,-8.1074915E-006
6.8417000E-001,-8.6519095E-006
6.8617000E-001,-9.0553069E-006
6.8817000E-001,-9.3586641E-006
6.9017000E-001,-9.6334701E-006
6.9217000E-001,-9.6009316E-006
6.9417000E-001,-9.5683932E-006
6.9617000E-001,-9.3402222E-006
6.9817000E-001,-8.9732693E-006
7.0017000E-001,-8.5854966E-006
7.0217000E-001,-7.9736048E-006
7.0417000E-001,-7.3617131E-006
7.0617000E-001,-6.6923294E-006
7.0817000E-001,-5.9821608E-006
7.1017000E-001,-5.2783281E-006
7.1217000E-001,-4.6426984E-006
7.1417000E-001,-4.0070688E-006
7.1617000E-001,-3.5165371E-006
7.1817000E-001,-3.1289380E-006
7.2017000E-001,-2.7751536E-006
7.2217000E-001,-2.7853734E-006
7.2417000E-001,-2.7955932E-006
7.2617000E-001,-3.0933295E-006
7.2817000E-001,-3.5950305E-006
7.3017000E-001,-4.1375417E-006
7.3217000E-001,-5.1193614E-006
7.3417000E-001,-6.1011811E-006
7.3617000E-001,-7.2646738E-006
7.3817000E-001,-8.5570455E-006
7.4017000E-001,-9.8468931E-006
7.4217000E-001,-1.1109570E-005
7.4417000E-001,-1.2372246E-005
7.4617000E-001,-1.3362364E-005
7.4817000E-001,-1.4159128E-005
7.5017000E-001,-1.4884401E-005
7.5217000E-001,-1.4840093E-005
7.5417000E-001,-1.4795786E-005
7.5617000E-001,-1.4176030E-005
7.5817000E-001,-1.3148050E-005
7.6017000E-001,-1.2052440E-005
7.6217000E-001,-1.0228806E-005
7.6417000E-001,-8.4051727E-006
7.6617000E-001,-6.3994829E-006
7.6817000E-001,-4.2646422E-006
7.7017000E-001,-2.1552660E-006
7.7217000E-001,-3.2000893E-007
7.7417000E-001,1.5152482E-006
7.7617000E-001,2.8849760E-006
7.7817000E-001,3.9244564E-006
7.8017000E-001,4.8799729E-006
7.8217000E-001,4.9316427E-006
7.8417000E-001,4.9833124E-006
7.8617000E-001,4.5393056E-006
7.8817000E-001,3.7436649E-006
7.9017000E-001,2.9043418E-006
7.9217000E-001,1.5947907E-006
7.9417000E-001,2.8523957E-007
7.9617000E-001,-1.1342132E-006
7.9817000E-001,-2.6316304E-006
8.0017000E-001,-4.1290606E-006
8.0217000E-001,-5.6266313E-006
8.0417000E-001,-7.1242020E-006
8.0617000E-001,-8.5951316E-006
8.0817000E-001,-1.0047162E-005
8.1017000E-001,-1.1495063E-005
8.1217000E-001,-1.2898507E-005
8.1417000E-001,-1.4301951E-005
8.1617000E-001,-1.5618018E-005
8.1817000E-001,-1.6872101E-005
8.2017000E-001,-1.8087041E-005
8.2217000E-001,-1.8880625E-005
8.2417000E-001,-1.9674209E-005
8.2617000E-001,-1.9881751E-005
8.2817000E-001,-1.9673554E-005
8.3017000E-001,-1.9324818E-005
8.3217000E-001,-1.7463223E-005
8.3417000E-001,-1.5601628E-005
8.3617000E-001,-1.2483150E-005
8.3817000E-001,-8.4730381E-006
8.4017000E-001,-4.2819953E-006
8.4217000E-001,1.8567121E-006
8.4417000E-001,7.9954194E-006
8.4617000E-001,1.4887337E-005
8.4817000E-001,2.2313584E-005
8.5017000E-001,2.9704866E-005
8.5217000E-001,3.6719775E-005
8.5417000E-001,4.3734685E-005
8.5617000E-001,4.9246768E-005
8.5817000E-001,5.3692745E-005
8.6017000E-001,5.7763249E-005
8.6217000E-001,5.7791906E-005
8.6417000E-001,5.7820562E-005
8.6617000E-001,5.4823826E-005
8.6817000E-001,4.9680871E-005
8.7017000E-001,4.4158485E-005
8.7217000E-001,3.4551641E-005
8.7417000E-001,2.4944796E-005
8.7617000E-001,1.3848721E-005
8.7817000E-001,1.6961838E-006
8.8017000E-001,-1.0466798E-005
8.8217000E-001,-2.2742205E-005
8.8417000E-001,-3.5017612E-005
8.8617000E-001,-4.6105374E-005
8.8817000E-001,-5.6350620E-005
8.9017000E-001,-6.6305350E-005
8.9217000E-001,-7.3132772E-005
8.9417000E-001,-7.9960195E-005
8.9617000E-001,-8.4466853E-005
8.9817000E-001,-8.7327157E-005
9.0017000E-001,-8.9853137E-005
9.0217000E-001,-8.8780213E-005
9.0417000E-001,-8.7707288E-005
9.0617000E-001,-8.4510429E-005
9.0817000E-001,-7.9806849E-005
9.1017000E-001,-7.4834353E-005
9.1217000E-001,-6.6967058E-005
9.1417000E-001,-5.9099763E-005
9.1617000E-001,-4.9844533E-005
9.1817000E-001,-3.9604701E-005
9.2017000E-001,-2.9276198E-005
9.2217000E-001,-1.7993180E-005
9.2417000E-001,-6.7101618E-006
9.2617000E-001,4.0921427E-006
9.2817000E-001,1.4553428E-005
9.3017000E-001,2.4767976E-005
9.3217000E-001,3.2326466E-005
9.3417000E-001,3.9884956E-005
9.3617000E-001,4.4721324E-005
9.3817000E-001,4.7626613E-005
9.4017000E-001,5.0067111E-005
9.4217000E-001,4.7504262E-005
9.4417000E-001,4.4941414E-005
9.4617000E-001,3.9511121E-005
9.4817000E-001,3.2046657E-005
9.5017000E-001,2.4333392E-005
9.5217000E-001,1.3941851E-005
9.5417000E-001,3.5503108E-006
9.5617000E-001,-6.8900265E-006
9.5817000E-001,-1.7364980E-005
9.6017000E-001,-2.7609803E-005
9.6217000E-001,-3.5377334E-005
9.6417000E-001,-4.3144866E-005
9.6617000E-001,-4.8222672E-005
9.6817000E-001,-5.1392383E-005
9.7017000E-001,-5.4120891E-005
9.7217000E-001,-5.2099985E-005
9.7417000E-001,-5.0079079E-005
9.7617000E-001,-4.5394538E-005
9.7817000E-001,-3.8820409E-005
9.8017000E-001,-3.1994377E-005
9.8217000E-001,-2.2456684E-005
9.8417000E-001,-1.2918990E-005
9.8617000E-001,-2.9676647E-006
9.8817000E-001,7.2770918E-006
9.9017000E-001,1.7361438E-005
9.9217000E-001,2.5719018E-005
9.9417000E-001,3.4076598E-005
9.9617000E-001,3.9934356E-005
9.9817000E-001,4.4018735E-005
1.0001700E+000,4.7622524E-005
1.0021700E+000,4.6052895E-005
1.0041700E+000,4.4483266E-005
1.0061700E+000,3.9821300E-005
1.0081700E+000,3.2965624E-005
1.0101700E+000,2.5853575E-005
1.0121700E+000,1.5981741E-005
1.0141700E+000,6.1099065E-006
1.0161700E+000,-3.5421764E-006
1.0181700E+000,-1.3038367E-005
1.0201700E+000,-2.2242787E-005
1.0221700E+000,-2.8306372E-005
1.0241700E+000,-3.4369958E-005
1.0261700E+000,-3.7622030E-005
1.0281700E+000,-3.8879610E-005
1.0301700E+000,-3.9796758E-005
1.0321700E+000,-3.7049268E-005
1.0341700E+000,-3.4301778E-005
1.0361700E+000,-3.0618670E-005
1.0381700E+000,-2.6271834E-005
1.0401700E+000,-2.2021300E-005
1.0421700E+000,-1.8807425E-005
1.0441700E+000,-1.5593550E-005
1.0461700E+000,-1.4013659E-005
1.0481700E+000,-1.3592919E-005
1.0501700E+000,-1.3382265E-005
1.0521700E+000,-1.5433119E-005
1.0541700E+000,-1.7483974E-005
1.0561700E+000,-1.9686514E-005
1.0581700E+000,-2.1996659E-005
1.0601700E+000,-2.4083725E-005
1.0621700E+000,-2.3769404E-005
1.0641700E+000,-2.3455084E-005
1.0661700E+000,-2.0577458E-005
1.0681700E+000,-1.5881418E-005
1.0701700E+000,-1.0872071E-005
1.0721700E+000,-2.4900646E-006
1.0741700E+000,5.8919413E-006
1.0761700E+000,1.4598874E-005
1.0781700E+000,2.3536309E-005
1.0801700E+000,3.2172166E-005
1.0821700E+000,3.7561619E-005
1.0841700E+000,4.2951071E-005
1.0861700E+000,4.4570870E-005
1.0881700E+000,4.3516471E-005
1.0901700E+000,4.1920080E-005
1.0921700E+000,3.4489314E-005
1.0941700E+000,2.7058548E-005
1.0961700E+000,1.7864944E-005
1.0981700E+000,7.4207806E-006
1.1001700E+000,-2.8329968E-006
1.1021700E+000,-1.1037322E-005
1.1041700E+000,-1.9241647E-005
1.1061700E+000,-2.3412095E-005
1.1081700E+000,-2.4720904E-005
1.1101700E+000,-2.5290293E-005
1.1121700E+000,-1.7900043E-005
1.1141700E+000,-1.0509794E-005
1.1161700E+000,8.4303846E-007
1.1181700E+000,1.5006934E-005
1.1201700E+000,2.9331982E-005
1.1221700E+000,4.5391787E-005
1.1241700E+000,6.1451591E-005
1.1261700E+000,7.5125035E-005
1.1281700E+000,8.7105589E-005
1.1301700E+000,9.8313741E-005
1.1321700E+000,1.0120720E-004
1.1341700E+000,1.0410066E-004
1.1361700E+000,1.0024790E-004
1.1381700E+000,9.1609372E-005
1.1401700E+000,8.2066373E-005
1.1421700E+000,6.2787007E-005
1.1441700E+000,4.3507642E-005
1.1461700E+000,2.0404000E-005
1.1481700E+000,-5.4125889E-006
1.1501700E+000,-3.1240355E-005
1.1521700E+000,-5.7188438E-005
1.1541700E+000,-8.3136521E-005
1.1561700E+000,-1.0496790E-004
1.1581700E+000,-1.2387888E-004
1.1601700E+000,-1.4168673E-004
1.1621700E+000,-1.4761968E-004
1.1641700E+000,-1.5355263E-004
1.1661700E+000,-1.5033403E-004
1.1681700E+000,-1.4062330E-004
1.1701700E+000,-1.2975049E-004
1.1721700E+000,-1.0636825E-004
1.1741700E+000,-8.2986002E-005
1.1761700E+000,-5.5415249E-005
1.1781700E+000,-2.4873160E-005
1.1801700E+000,5.4925170E-006
1.1821700E+000,3.3959178E-005
1.1841700E+000,6.2425839E-005
1.1861700E+000,8.4472432E-005
1.1881700E+000,1.0196462E-004
1.1901700E+000,1.1807842E-004
1.1921700E+000,1.1935428E-004
1.1941700E+000,1.2063015E-004
1.1961700E+000,1.1285964E-004
1.1981700E+000,9.8671612E-005
1.2001700E+000,8.3749755E-005
1.2021700E+000,6.0928403E-005
1.2041700E+000,3.8107050E-005
1.2061700E+000,1.6139308E-005
1.2081700E+000,-5.2228809E-006
1.2101700E+000,-2.5737743E-005
1.2121700E+000,-3.7131385E-005
1.2141700E+000,-4.8525026E-005
1.2161700E+000,-5.2604746E-005
1.2181700E+000,-5.1495959E-005
1.2201700E+000,-4.9719037E-005
1.2221700E+000,-4.0749843E-005
1.2241700E+000,-3.1780649E-005
1.2261700E+000,-2.3337630E-005
1.2281700E+000,-1.5267879E-005
1.2301700E+000,-7.8794006E-006
1.2321700E+000,-7.8246209E-006
1.2341700E+000,-7.7698412E-006
1.2361700E+000,-1.2662382E-005
1.2381700E+000,-2.1064559E-005
1.2401700E+000,-2.9576487E-005
1.2421700E+000,-3.9269843E-005
1.2441700E+000,-4.8963198E-005
1.2461700E+000,-5.3270629E-005
1.2481700E+000,-5.3757274E-005
1.2501700E+000,-5.2898501E-005
1.2521700E+000,-3.7556695E-005
1.2541700E+000,-2.2214889E-005
1.2561700E+000,7.8263654E-007
1.2581700E+000,2.9211142E-005
1.2601700E+000,5.7741746E-005
1.2621700E+000,8.7371416E-005
1.2641700E+000,1.1700109E-004
1.2661700E+000,1.3868654E-004
1.2681700E+000,1.5473635E-004
1.2701700E+000,1.6885099E-004
1.2721700E+000,1.6213404E-004
1.2741700E+000,1.5541709E-004
1.2761700E+000,1.3644260E-004
1.2781700E+000,1.0877258E-004
1.2801700E+000,8.0326301E-005
1.2821700E+000,4.3523806E-005
1.2841700E+000,6.7213108E-006
1.2861700E+000,-2.6570023E-005
1.2881700E+000,-5.7370533E-005
1.2901700E+000,-8.6793901E-005
1.2921700E+000,-1.0139275E-004
1.2941700E+000,-1.1599159E-004
1.2961700E+000,-1.2085730E-004
1.2981700E+000,-1.1881831E-004
1.3001700E+000,-1.1604944E-004
1.3021700E+000,-1.0542367E-004
1.3041700E+000,-9.4797901E-005
1.3061700E+000,-8.5253586E-005
1.3081700E+000,-7.6476457E-005
1.3101700E+000,-6.8373956E-005
1.3121700E+000,-6.7533641E-005
1.3141700E+000,-6.6693327E-005
1.3161700E+000,-6.9614190E-005
1.3181700E+000,-7.5203238E-005
1.3201700E+000,-8.0707099E-005
1.3221700E+000,-8.5293937E-005
1.3241700E+000,-8.9880774E-005
1.3261700E+000,-8.8968080E-005
1.3281700E+000,-8.4154008E-005
1.3301700E+000,-7.8175434E-005
1.3321700E+000,-5.9661336E-005
1.3341700E+000,-4.1147238E-005
1.3361700E+000,-1.5938218E-005
1.3381700E+000,1.4020190E-005
1.3401700E+000,4.4295352E-005
1.3421700E+000,7.7980287E-005
1.3441700E+000,1.1166522E-004
1.3461700E+000,1.4191148E-004
1.3481700E+000,1.6971832E-004
1.3501700E+000,1.9638091E-004
1.3521700E+000,2.1072588E-004
1.3541700E+000,2.2507084E-004
1.3561700E+000,2.2973149E-004
1.3581700E+000,2.2752206E-004
1.3601700E+000,2.2406762E-004
1.3621700E+000,2.0721086E-004
1.3641700E+000,1.9035410E-004
1.3661700E+000,1.6834145E-004
1.3681700E+000,1.4267122E-004
1.3701700E+000,1.1689993E-004
1.3721700E+000,9.0040928E-005
1.3741700E+000,6.3181922E-005
1.3761700E+000,3.9576928E-005
1.3781700E+000,1.8280336E-005
1.3801700E+000,-2.2383701E-006
1.3821700E+000,-1.4383362E-005
1.3841700E+000,-2.6528353E-005
1.3861700E+000,-3.3560896E-005
1.3881700E+000,-3.6966658E-005
1.3901700E+000,-3.9919420E-005
1.3921700E+000,-3.7995763E-005
1.3941700E+000,-3.6072105E-005
1.3961700E+000,-3.3527970E-005
1.3981700E+000,-3.0543668E-005
1.4001700E+000,-2.7732378E-005
1.4021700E+000,-2.6783522E-005
1.4041700E+000,-2.5834666E-005
1.4061700E+000,-2.6611081E-005
1.4081700E+000,-2.8611405E-005
1.4101700E+000,-3.0776186E-005
1.4121700E+000,-3.4711289E-005
1.4141700E+000,-3.8646393E-005
1.4161700E+000,-4.2652265E-005
1.4181700E+000,-4.6708341E-005
1.4201700E+000,-5.0647488E-005
1.4221700E+000,-5.3327939E-005
1.4241700E+000,-5.6008390E-005
1.4261700E+000,-5.7326045E-005
1.4281700E+000,-5.7676931E-005
1.4301700E+000,-5.7738480E-005
1.4321700E+000,-5.4685394E-005
1.4341700E+000,-5.1632309E-005
1.4361700E+000,-4.5630754E-005
1.4381700E+000,-3.7537551E-005
1.4401700E+000,-2.8903440E-005
1.4421700E+000,-1.4446622E-005
1.4441700E+000,1.0196955E-008
1.4461700E+000,1.7672319E-005
1.4481700E+000,3.7608288E-005
1.4501700E+000,5.7634414E-005
1.4521700E+000,7.8631046E-005
1.4541700E+000,9.9627678E-005
1.4561700E+000,1.1696913E-004
1.4581700E+000,1.3171760E-004
1.4601700E+000,1.4529352E-004
1.4621700E+000,1.4624724E-004
1.4641700E+000,1.4720097E-004
1.4661700E+000,1.3754733E-004
1.4681700E+000,1.2036881E-004
1.4701700E+000,1.0177080E-004
1.4721700E+000,6.7892498E-005
1.4741700E+000,3.4014191E-005
1.4761700E+000,-5.2484281E-006
1.4781700E+000,-4.8330688E-005
1.4801700E+000,-9.1242351E-005
1.4821700E+000,-1.3231758E-004
1.4841700E+000,-1.7339281E-004
1.4861700E+000,-2.0686200E-004
1.4881700E+000,-2.3493545E-004
1.4901700E+000,-2.6128818E-004
1.4921700E+000,-2.6911778E-004
1.4941700E+000,-2.7694738E-004
1.4961700E+000,-2.7181597E-004
1.4981700E+000,-2.5749000E-004
1.5001700E+000,-2.4152195E-004
1.5021700E+000,-2.0787734E-004
1.5041700E+000,-1.7423273E-004
1.5061700E+000,-1.3266880E-004
1.5081700E+000,-8.5486895E-005
1.5101700E+000,-3.7744480E-005
1.5121700E+000,1.6031629E-005
1.5141700E+000,6.9807738E-005
1.5161700E+000,1.2320446E-004
1.5181700E+000,1.7633204E-004
1.5201700E+000,2.2875176E-004
1.5221700E+000,2.7355166E-004
1.5241700E+000,3.1835156E-004
1.5261700E+000,3.5344490E-004
1.5281700E+000,3.8165239E-004
1.5301700E+000,4.0780147E-004
1.5321700E+000,4.1179229E-004
1.5341700E+000,4.1578310E-004
1.5361700E+000,4.0321799E-004
1.5381700E+000,3.7890807E-004
1.5401700E+000,3.5240603E-004
1.5421700E+000,3.0230652E-004
1.5441700E+000,2.5220702E-004
1.5461700E+000,1.9294223E-004
1.5481700E+000,1.2717557E-004
1.5501700E+000,6.1408902E-005
1.5521700E+000,-4.3578692E-006
1.5541700E+000,-7.0124641E-005
1.5561700E+000,-1.2609396E-004
1.5581700E+000,-1.7511294E-004
1.5601700E+000,-2.2163568E-004
1.5621700E+000,-2.4128709E-004
1.5641700E+000,-2.6093850E-004
1.5661700E+000,-2.6085964E-004
1.5681700E+000,-2.4678409E-004
1.5701700E+000,-2.3029956E-004
1.5721700E+000,-1.8788307E-004
1.5741700E+000,-1.4546658E-004
1.5761700E+000,-9.4246345E-005
1.5781700E+000,-3.6780711E-005
1.5801700E+000,2.0531290E-005
1.5821700E+000,7.6189489E-005
1.5841700E+000,1.3184769E-004
1.5861700E+000,1.7741822E-004
1.5881700E+000,2.1583254E-004
1.5901700E+000,2.5193426E-004
1.5921700E+000,2.6314152E-004
1.5941700E+000,2.7434878E-004
1.5961700E+000,2.6843273E-004
1.5981700E+000,2.5036939E-004
1.6001700E+000,2.3034930E-004
1.6021700E+000,1.8926543E-004
1.6041700E+000,1.4818156E-004
1.6061700E+000,1.0096649E-004
1.6081700E+000,4.9401954E-005
1.6101700E+000,-1.8121044E-006
1.6121700E+000,-4.9253332E-005
1.6141700E+000,-9.6694560E-005
1.6161700E+000,-1.3485865E-004
1.6181700E+000,-1.6644153E-004
1.6201700E+000,-1.9622557E-004
1.6221700E+000,-2.0664560E-004
1.6241700E+000,-2.1706563E-004
1.6261700E+000,-2.1623037E-004
1.6281700E+000,-2.0741059E-004
1.6301700E+000,-1.9755750E-004
1.6321700E+000,-1.7658119E-004
1.6341700E+000,-1.5560487E-004
1.6361700E+000,-1.3243048E-004
1.6381700E+000,-1.0769677E-004
1.6401700E+000,-8.3155380E-005
1.6421700E+000,-6.0684205E-005
1.6441700E+000,-3.8213031E-005
1.6461700E+000,-1.8259669E-005
1.6481700E+000,-9.2448645E-008
1.6501700E+000,1.7779310E-005
1.6521700E+000,3.2470513E-005
1.6541700E+000,4.7161716E-005
1.6561700E+000,6.0563731E-005
1.6581700E+000,7.3051195E-005
1.6601700E+000,8.5370645E-005
1.6621700E+000,9.5881475E-005
1.6641700E+000,1.0639231E-004
1.6661700E+000,1.1556367E-004
1.6681700E+000,1.2378483E-004
1.6701700E+000,1.3187039E-004
1.6721700E+000,1.3849637E-004
1.6741700E+000,1.4512236E-004
1.6761700E+000,1.5224172E-004
1.6781700E+000,1.5971110E-004
1.6801700E+000,1.6750771E-004
1.6821700E+000,1.7882686E-004
1.6841700E+000,1.9014600E-004
1.6861700E+000,2.0424540E-004
1.6881700E+000,2.2031710E-004
1.6901700E+000,2.3648127E-004
1.6921700E+000,2.5364083E-004
1.6941700E+000,2.7080039E-004
1.6961700E+000,2.8368463E-004
1.6981700E+000,2.9353593E-004
1.7001700E+000,3.0191827E-004
1.7021700E+000,2.9448761E-004
1.7041700E+000,2.8705694E-004
1.7061700E+000,2.6577908E-004
1.7081700E+000,2.3467800E-004
1.7101700E+000,2.0166924E-004
1.7121700E+000,1.4812487E-004
1.7141700E+000,9.4580508E-005
1.7161700E+000,3.3264070E-005
1.7181700E+000,-3.3565890E-005
1.7201700E+000,-1.0035775E-004
1.7221700E+000,-1.6673946E-004
1.7241700E+000,-2.3312118E-004
1.7261700E+000,-2.9128027E-004
1.7281700E+000,-3.4360621E-004
1.7301700E+000,-3.9389598E-004
1.7321700E+000,-4.2226695E-004
1.7341700E+000,-4.5063793E-004
1.7361700E+000,-4.6222232E-004
1.7381700E+000,-4.6189829E-004
1.7401700E+000,-4.5915277E-004
1.7421700E+000,-4.3034070E-004
1.7441700E+000,-4.0152862E-004
1.7461700E+000,-3.5860469E-004
1.7481700E+000,-3.0566977E-004
1.7501700E+000,-2.5136012E-004
1.7521700E+000,-1.8225177E-004
1.7541700E+000,-1.1314341E-004
1.7561700E+000,-4.1035407E-005
1.7581700E+000,3.3200560E-005
1.7601700E+000,1.0678202E-004
1.7621700E+000,1.7331787E-004
1.7641700E+000,2.3985371E-004
1.7661700E+000,2.9494242E-004
1.7681700E+000,3.4191050E-004
1.7701700E+000,3.8657779E-004
1.7721700E+000,4.0647761E-004
1.7741700E+000,4.2637743E-004
1.7761700E+000,4.2994537E-004
1.7781700E+000,4.2192743E-004
1.7801700E+000,4.1201414E-004
1.7821700E+000,3.8169785E-004
1.7841700E+000,3.5138157E-004
1.7861700E+000,3.1359375E-004
1.7881700E+000,2.7050562E-004
1.7901700E+000,2.2715895E-004
1.7921700E+000,1.8102921E-004
1.7941700E+000,1.3489946E-004
1.7961700E+000,9.0923988E-005
1.7981700E+000,4.8476753E-005
1.8001700E+000,6.5534217E-006
1.8021700E+000,-2.9730251E-005
1.8041700E+000,-6.6013924E-005
1.8061700E+000,-9.8906466E-005
1.8081700E+000,-1.2939334E-004
1.8101700E+000,-1.5939736E-004
1.8121700E+000,-1.8420369E-004
1.8141700E+000,-2.0901001E-004
1.8161700E+000,-2.2895533E-004
1.8181700E+000,-2.4545223E-004
1.8201700E+000,-2.6079704E-004
1.8221700E+000,-2.6374000E-004
1.8241700E+000,-2.6668295E-004
1.8261700E+000,-2.5875585E-004
1.8281700E+000,-2.4311750E-004
1.8301700E+000,-2.2580605E-004
1.8321700E+000,-1.9048414E-004
1.8341700E+000,-1.5516223E-004
1.8361700E+000,-1.1129662E-004
1.8381700E+000,-6.1370099E-005
1.8401700E+000,-1.1098807E-005
1.8421700E+000,4.2883809E-005
1.8441700E+000,9.6866425E-005
1.8461700E+000,1.4600120E-004
1.8481700E+000,1.9169692E-004
1.8501700E+000,2.3589731E-004
1.8521700E+000,2.6400097E-004
1.8541700E+000,2.9210463E-004
1.8561700E+000,3.0806085E-004
1.8581700E+000,3.1539965E-004
1.8601700E+000,3.2117849E-004
1.8621700E+000,3.1016481E-004
1.8641700E+000,2.9915114E-004
1.8661700E+000,2.8015658E-004
1.8681700E+000,2.5550037E-004
1.8701700E+000,2.3002495E-004
1.8721700E+000,1.9573092E-004
1.8741700E+000,1.6143688E-004
1.8761700E+000,1.2323068E-004
1.8781700E+000,8.2249168E-005
1.8801700E+000,4.1031477E-005
1.8821700E+000,-2.7286446E-006
1.8841700E+000,-4.6488766E-005
1.8861700E+000,-8.7867603E-005
1.8881700E+000,-1.2755715E-004
1.8901700E+000,-1.6610526E-004
1.8921700E+000,-1.9236614E-004
1.8941700E+000,-2.1862701E-004
1.8961700E+000,-2.3209896E-004
1.8981700E+000,-2.3649843E-004
1.9001700E+000,-2.3880166E-004
1.9021700E+000,-2.1853949E-004
1.9041700E+000,-1.9827732E-004
1.9061700E+000,-1.6692638E-004
1.9081700E+000,-1.2770906E-004
1.9101700E+000,-8.7977802E-005
1.9121700E+000,-4.2714303E-005
1.9141700E+000,2.5491968E-006
1.9161700E+000,4.2596048E-005
1.9181700E+000,7.8942201E-005
1.9201700E+000,1.1360220E-004
1.9221700E+000,1.3011122E-004
1.9241700E+000,1.4662025E-004
1.9261700E+000,1.4972640E-004
1.9281700E+000,1.4332453E-004
1.9301700E+000,1.3538664E-004
1.9321700E+000,1.1091390E-004
1.9341700E+000,8.6441170E-005
1.9361700E+000,5.7112966E-005
1.9381700E+000,2.4340284E-005
1.9401700E+000,-8.2523568E-006
1.9421700E+000,-3.8906913E-005
1.9441700E+000,-6.9561469E-005
1.9461700E+000,-9.4681652E-005
1.9481700E+000,-1.1587574E-004
1.9501700E+000,-1.3604837E-004
1.9521700E+000,-1.4522532E-004
1.9541700E+000,-1.5440227E-004
1.9561700E+000,-1.5741956E-004
1.9581700E+000,-1.5606718E-004
1.9601700E+000,-1.5410197E-004
1.9621700E+000,-1.4553979E-004
1.9641700E+000,-1.3697761E-004
1.9661700E+000,-1.2606665E-004
1.9681700E+000,-1.1348947E-004
1.9701700E+000,-1.0077605E-004
1.9721700E+000,-8.6596024E-005
1.9741700E+000,-7.2416001E-005
1.9761700E+000,-5.8447157E-005
1.9781700E+000,-4.4628125E-005
1.9801700E+000,-3.1004133E-005
1.9821700E+000,-1.9479701E-005
1.9841700E+000,-7.9552689E-006
1.9861700E+000,1.1260526E-006
1.9881700E+000,8.4742272E-006
1.9901700E+000,1.5352099E-005
1.9921700E+000,1.7167298E-005
1.9941700E+000,1.8982497E-005
1.9961700E+000,1.7496843E-005
1.9981700E+000,1.3669557E-005
2.0001700E+000,9.5074154E-006
2.0021700E+000,1.7406562E-006
2.0041700E+000,-6.0261030E-006
2.0061700E+000,-1.4111321E-005
2.0081700E+000,-2.2422453E-005
2.0101700E+000,-3.0426971E-005
2.0121700E+000,-3.5130879E-005
2.0141700E+000,-3.9834787E-005
2.0161700E+000,-4.0293355E-005
2.0181700E+000,-3.7740271E-005
2.0201700E+000,-3.4393909E-005
2.0221700E+000,-2.2508141E-005
2.0241700E+000,-1.0622373E-005
2.0261700E+000,6.5076591E-006
2.0281700E+000,2.7357982E-005
2.0301700E+000,4.8673882E-005
2.0321700E+000,7.5001592E-005
2.0341700E+000,1.0132930E-004
2.0361700E+000,1.2705032E-004
2.0381700E+000,1.5234095E-004
2.0401700E+000,1.7686150E-004
2.0421700E+000,1.9309236E-004
2.0441700E+000,2.0932321E-004
2.0461700E+000,2.1623026E-004
2.0481700E+000,2.1652298E-004
2.0501700E+000,2.1518683E-004
2.0521700E+000,1.9631641E-004
2.0541700E+000,1.7744598E-004
2.0561700E+000,1.4831307E-004
2.0581700E+000,1.1189995E-004
2.0601700E+000,7.4511537E-005
2.0621700E+000,2.6624347E-005
2.0641700E+000,-2.1262842E-005
2.0661700E+000,-7.0607405E-005
2.0681700E+000,-1.2098583E-004
2.0701700E+000,-1.7073230E-004
2.0721700E+000,-2.1367594E-004
2.0741700E+000,-2.5661958E-004
2.0761700E+000,-2.8989046E-004
2.0781700E+000,-3.1629947E-004
2.0801700E+000,-3.4071383E-004
2.0821700E+000,-3.4365625E-004
2.0841700E+000,-3.4659867E-004
2.0861700E+000,-3.3377590E-004
2.0881700E+000,-3.0976926E-004
2.0901700E+000,-2.8360437E-004
2.0921700E+000,-2.3420648E-004
2.0941700E+000,-1.8480859E-004
2.0961700E+000,-1.2519762E-004
2.0981700E+000,-5.8341481E-005
2.1001700E+000,8.8124701E-006
2.1021700E+000,7.9172292E-005
2.1041700E+000,1.4953211E-004
2.1061700E+000,2.1201436E-004
2.1081700E+000,2.6890825E-004
2.1101700E+000,3.2338544E-004
2.1121700E+000,3.5184758E-004
2.1141700E+000,3.8030971E-004
2.1161700E+000,3.8752873E-004
2.1181700E+000,3.7967785E-004
2.1201700E+000,3.6893052E-004
2.1221700E+000,3.2700384E-004
2.1241700E+000,2.8507716E-004
2.1261700E+000,2.3019856E-004
2.1281700E+000,1.6613185E-004
2.1301700E+000,1.0167713E-004
2.1321700E+000,3.3045588E-005
2.1341700E+000,-3.5585954E-005
2.1361700E+000,-9.6926603E-005
2.1381700E+000,-1.5309508E-004
2.1401700E+000,-2.0726363E-004
2.1421700E+000,-2.3990356E-004
2.1441700E+000,-2.7254348E-004
2.1461700E+000,-2.8965907E-004
2.1481700E+000,-2.9576167E-004
2.1501700E+000,-2.9990683E-004
2.1521700E+000,-2.8298068E-004
2.1541700E+000,-2.6605452E-004
2.1561700E+000,-2.3962713E-004
2.1581700E+000,-2.0645953E-004
2.1601700E+000,-1.7254780E-004
2.1621700E+000,-1.3062569E-004
2.1641700E+000,-8.8703577E-005
2.1661700E+000,-4.5970914E-005
2.1681700E+000,-2.6632439E-006
2.1701700E+000,4.0107471E-005
2.1721700E+000,7.7098017E-005
2.1741700E+000,1.1408856E-004
2.1761700E+000,1.4255082E-004
2.1781700E+000,1.6496308E-004
2.1801700E+000,1.8551193E-004
2.1821700E+000,1.8600154E-004
2.1841700E+000,1.8649116E-004
2.1861700E+000,1.7233268E-004
2.1881700E+000,1.4778283E-004
2.1901700E+000,1.2147693E-004
2.1921700E+000,7.6267780E-005
2.1941700E+000,3.1058628E-005
2.1961700E+000,-1.8997081E-005
2.1981700E+000,-7.2490945E-005
2.2001700E+000,-1.2525635E-004
2.2021700E+000,-1.7018013E-004
2.2041700E+000,-2.1510391E-004
2.2061700E+000,-2.4610775E-004
2.2081700E+000,-2.6723675E-004
2.2101700E+000,-2.8567929E-004
2.2121700E+000,-2.7520289E-004
2.2141700E+000,-2.6472650E-004
2.2161700E+000,-2.3727649E-004
2.2181700E+000,-1.9778537E-004
2.2201700E+000,-1.5685792E-004
2.2221700E+000,-1.0046885E-004
2.2241700E+000,-4.4079776E-005
2.2261700E+000,1.2097376E-005
2.2281700E+000,6.8124193E-005
2.2301700E+000,1.2274499E-004
2.2321700E+000,1.6223034E-004
2.2341700E+000,2.0171569E-004
2.2361700E+000,2.2593208E-004
2.2381700E+000,2.3931666E-004
2.2401700E+000,2.5045956E-004
2.2421700E+000,2.3747158E-004
2.2441700E+000,2.2448359E-004
2.2461700E+000,2.0080044E-004
2.2481700E+000,1.6953010E-004
2.2501700E+000,1.3778225E-004
2.2521700E+000,1.0089404E-004
2.2541700E+000,6.4005830E-005
2.2561700E+000,3.0888696E-005
2.2581700E+000,4.4677236E-007
2.2601700E+000,-2.8871212E-005
2.2621700E+000,-4.6090323E-005
2.2641700E+000,-6.3309434E-005
2.2661700E+000,-7.3180145E-005
2.2681700E+000,-7.7837889E-005
2.2701700E+000,-8.1980402E-005
2.2721700E+000,-8.0576616E-005
2.2741700E+000,-7.9172830E-005
2.2761700E+000,-7.8802662E-005
2.2781700E+000,-7.9165745E-005
2.2801700E+000,-8.0051173E-005
2.2821700E+000,-8.6559498E-005
2.2841700E+000,-9.3067824E-005
2.2861700E+000,-1.0229369E-004
2.2881700E+000,-1.1344739E-004
2.2901700E+000,-1.2444946E-004
2.2921700E+000,-1.3381934E-004
2.2941700E+000,-1.4318923E-004
2.2961700E+000,-1.4698605E-004
2.2981700E+000,-1.4682934E-004
2.3001700E+000,-1.4547046E-004
2.3021700E+000,-1.3117074E-004
2.3041700E+000,-1.1687101E-004
2.3061700E+000,-9.5149412E-005
2.3081700E+000,-6.8162731E-005
2.3101700E+000,-4.0713481E-005
2.3121700E+000,-8.2848148E-006
2.3141700E+000,2.4143852E-005
2.3161700E+000,5.4105170E-005
2.3181700E+000,8.2316146E-005
2.3201700E+000,1.0951111E-004
2.3221700E+000,1.2576899E-004
2.3241700E+000,1.4202687E-004
2.3261700E+000,1.4954395E-004
2.3281700E+000,1.5086030E-004
2.3301700E+000,1.5107498E-004
2.3321700E+000,1.3943069E-004
2.3341700E+000,1.2778639E-004
2.3361700E+000,1.1153665E-004
2.3381700E+000,9.2019787E-005
2.3401700E+000,7.2300382E-005
2.3421700E+000,5.0400644E-005
2.3441700E+000,2.8500906E-005
2.3461700E+000,7.3657026E-006
2.3481700E+000,-1.3227139E-005
2.3501700E+000,-3.3598802E-005
2.3521700E+000,-5.1589547E-005
2.3541700E+000,-6.9580292E-005
2.3561700E+000,-8.6000494E-005
2.3581700E+000,-1.0130655E-004
2.3601700E+000,-1.1632948E-004
2.3621700E+000,-1.2830470E-004
2.3641700E+000,-1.4027991E-004
2.3661700E+000,-1.4917449E-004
2.3681700E+000,-1.5588368E-004
2.3701700E+000,-1.6194687E-004
2.3721700E+000,-1.6105612E-004
2.3741700E+000,-1.6016538E-004
2.3761700E+000,-1.5417343E-004
2.3781700E+000,-1.4456267E-004
2.3801700E+000,-1.3431120E-004
2.3821700E+000,-1.1716260E-004
2.3841700E+000,-1.0001400E-004
2.3861700E+000,-8.0486182E-005
2.3881700E+000,-5.9270539E-005
2.3901700E+000,-3.8108113E-005
2.3921700E+000,-1.7518554E-005
2.3941700E+000,3.0710058E-006
2.3961700E+000,2.0870101E-005
2.3981700E+000,3.6689636E-005
2.4001700E+000,5.1944975E-005
2.4021700E+000,6.1126919E-005
2.4041700E+000,7.0308863E-005
2.4061700E+000,7.6201703E-005
2.4081700E+000,7.9761247E-005
2.4101700E+000,8.3080176E-005
2.4121700E+000,8.3808962E-005
2.4141700E+000,8.4537748E-005
2.4161700E+000,8.4996223E-005
2.4181700E+000,8.5262939E-005
2.4201700E+000,8.5498849E-005
2.4221700E+000,8.5403138E-005
2.4241700E+000,8.5307428E-005
2.4261700E+000,8.3535939E-005
2.4281700E+000,8.0575649E-005
2.4301700E+000,7.7054930E-005
2.4321700E+000,6.7501357E-005
2.4341700E+000,5.7947783E-005
2.4361700E+000,4.3032438E-005
2.4381700E+000,2.4313443E-005
2.4401700E+000,4.8775520E-006
2.4421700E+000,-2.2275506E-005
2.4441700E+000,-4.9428564E-005
2.4461700E+000,-7.8775969E-005
2.4481700E+000,-1.0968005E-004
2.4501700E+000,-1.4028268E-004
2.4521700E+000,-1.6764039E-004
2.4541700E+000,-1.9499809E-004
2.4561700E+000,-2.1600145E-004
2.4581700E+000,-2.3249703E-004
2.4601700E+000,-2.4766007E-004
2.4621700E+000,-2.4847863E-004
2.4641700E+000,-2.4929720E-004
2.4661700E+000,-2.4048298E-004
2.4681700E+000,-2.2483526E-004
2.4701700E+000,-2.0808617E-004
2.4721700E+000,-1.7948107E-004
2.4741700E+000,-1.5087597E-004
2.4761700E+000,-1.1866527E-004
2.4781700E+000,-8.3896747E-005
2.4801700E+000,-4.9280068E-005
2.4821700E+000,-1.6297982E-005
2.4841700E+000,1.6684105E-005
2.4861700E+000,4.4734328E-005
2.4881700E+000,6.9285878E-005
2.4901700E+000,9.2806762E-005
2.4921700E+000,1.0523283E-004
2.4941700E+000,1.1765889E-004
2.4961700E+000,1.2272270E-004
2.4981700E+000,1.2256372E-004
2.5001700E+000,1.2151845E-004
2.5021700E+000,1.1093256E-004
2.5041700E+000,1.0034668E-004
2.5061700E+000,8.5958198E-005
2.5081700E+000,6.8872147E-005
2.5101700E+000,5.1639714E-005
2.5121700E+000,3.2831516E-005
2.5141700E+000,1.4023319E-005
2.5161700E+000,-3.1152205E-006
2.5181700E+000,-1.9069301E-005
2.5201700E+000,-3.4491290E-005
2.5221700E+000,-4.4185472E-005
2.5241700E+000,-5.3879655E-005
2.5261700E+000,-5.8941683E-005
2.5281700E+000,-6.0717653E-005
2.5301700E+000,-6.1844302E-005
2.5321700E+000,-5.5981200E-005
2.5341700E+000,-5.0118097E-005
2.5361700E+000,-4.1015591E-005
2.5381700E+000,-2.9615046E-005
2.5401700E+000,-1.8025527E-005
2.5421700E+000,-4.4017691E-006
2.5441700E+000,9.2219893E-006
2.5461700E+000,2.2188364E-005
2.5481700E+000,3.4688390E-005
2.5501700E+000,4.6905508E-005
2.5521700E+000,5.6077218E-005
2.5541700E+000,6.5248928E-005
2.5561700E+000,7.2067566E-005
2.5581700E+000,7.7216931E-005
2.5601700E+000,8.2049584E-005
2.5621700E+000,8.3472939E-005
2.5641700E+000,8.4896295E-005
2.5661700E+000,8.4484902E-005
2.5681700E+000,8.2771936E-005
2.5701700E+000,8.0845514E-005
2.5721700E+000,7.6621301E-005
2.5741700E+000,7.2397088E-005
2.5761700E+000,6.7172933E-005
2.5781700E+000,6.1239417E-005
2.5801700E+000,5.5258272E-005
2.5821700E+000,4.8764410E-005
2.5841700E+000,4.2270549E-005
2.5861700E+000,3.6284633E-005
2.5881700E+000,3.0659055E-005
2.5901700E+000,2.5216554E-005
2.5921700E+000,2.1744831E-005
2.5941700E+000,1.8273107E-005
2.5961700E+000,1.6332876E-005
2.5981700E+000,1.5479089E-005
2.6001700E+000,1.4781163E-005
2.6021700E+000,1.5761041E-005
2.6041700E+000,1.6740919E-005
2.6061700E+000,1.7848550E-005
2.6081700E+000,1.9046808E-005
2.6101700E+000,2.0153083E-005
2.6121700E+000,2.0269193E-005
2.6141700E+000,2.0385303E-005
2.6161700E+000,1.9827723E-005
2.6181700E+000,1.8792226E-005
2.6201700E+000,1.7745648E-005
2.6221700E+000,1.6579788E-005
2.6241700E+000,1.5413929E-005
2.6261700E+000,1.4811229E-005
2.6281700E+000,1.4608036E-005
2.6301700E+000,1.4496992E-005
2.6321700E+000,1.5377911E-005
2.6341700E+000,1.6258830E-005
2.6361700E+000,1.7020054E-005
2.6381700E+000,1.7696367E-005
2.6401700E+000,1.8151772E-005
2.6421700E+000,1.6229155E-005
2.6441700E+000,1.4306539E-005
2.6461700E+000,9.3891738E-006
2.6481700E+000,2.3473292E-006
2.6501700E+000,-5.2377204E-006
2.6521700E+000,-1.8670211E-005
2.6541700E+000,-3.2102701E-005
2.6561700E+000,-4.8653999E-005
2.6581700E+000,-6.7417785E-005
2.6601700E+000,-8.6340656E-005
2.6621700E+000,-1.0697603E-004
2.6641700E+000,-1.2761140E-004
2.6661700E+000,-1.4648064E-004
2.6681700E+000,-1.6409697E-004
2.6701700E+000,-1.8103446E-004
2.6721700E+000,-1.9066428E-004
2.6741700E+000,-2.0029411E-004
2.6761700E+000,-2.0300306E-004
2.6781700E+000,-2.0080233E-004
2.6801700E+000,-1.9744975E-004
2.6821700E+000,-1.8169784E-004
2.6841700E+000,-1.6594592E-004
2.6861700E+000,-1.4294592E-004
2.6881700E+000,-1.1480412E-004
2.6901700E+000,-8.5966346E-005
2.6921700E+000,-4.9636688E-005
2.6941700E+000,-1.3307031E-005
2.6961700E+000,2.3979398E-005
2.6981700E+000,6.1944561E-005
2.7001700E+000,9.9407408E-005
2.7021700E+000,1.3146297E-004
2.7041700E+000,1.6351854E-004
2.7061700E+000,1.8814090E-004
2.7081700E+000,2.0749013E-004
2.7101700E+000,2.2540748E-004
2.7121700E+000,2.2791096E-004
2.7141700E+000,2.3041445E-004
2.7161700E+000,2.2305587E-004
2.7181700E+000,2.0870113E-004
2.7201700E+000,1.9326324E-004
2.7221700E+000,1.6616554E-004
2.7241700E+000,1.3906784E-004
2.7261700E+000,1.0825901E-004
2.7281700E+000,7.4817481E-005
2.7301700E+000,4.1355467E-005
2.7321700E+000,7.6729042E-006
2.7341700E+000,-2.6009659E-005
2.7361700E+000,-5.7362576E-005
2.7381700E+000,-8.7062839E-005
2.7401700E+000,-1.1621409E-004
2.7421700E+000,-1.3945533E-004
2.7441700E+000,-1.6269658E-004
2.7461700E+000,-1.8108008E-004
2.7481700E+000,-1.9601749E-004
2.7501700E+000,-2.1007470E-004
2.7521700E+000,-2.1465682E-004
2.7541700E+000,-2.1923894E-004
2.7561700E+000,-2.1662040E-004
2.7581700E+000,-2.0889369E-004
2.7601700E+000,-2.0009517E-004
2.7621700E+000,-1.7975898E-004
2.7641700E+000,-1.5942279E-004
2.7661700E+000,-1.3361172E-004
2.7681700E+000,-1.0391677E-004
2.7701700E+000,-7.4046010E-005
2.7721700E+000,-4.2282723E-005
2.7741700E+000,-1.0519436E-005
2.7761700E+000,1.7120961E-005
2.7781700E+000,4.1836573E-005
2.7801700E+000,6.5376353E-005
2.7821700E+000,7.6258654E-005
2.7841700E+000,8.7140956E-005
2.7861700E+000,8.9325624E-005
2.7881700E+000,8.5340176E-005
2.7901700E+000,8.0515053E-005
2.7921700E+000,6.6651075E-005
2.7941700E+000,5.2787098E-005
2.7961700E+000,3.7829387E-005
2.7981700E+000,2.2095781E-005
2.8001700E+000,6.7802193E-006
2.8021700E+000,-4.0352123E-006
2.8041700E+000,-1.4850644E-005
2.8061700E+000,-2.1284601E-005
2.8081700E+000,-2.4610332E-005
2.8101700E+000,-2.7468673E-005
2.8121700E+000,-2.5295694E-005
2.8141700E+000,-2.3122714E-005
2.8161700E+000,-2.0332763E-005
2.8181700E+000,-1.7105131E-005
2.8201700E+000,-1.4115757E-005
2.8221700E+000,-1.3691163E-005
2.8241700E+000,-1.3266569E-005
2.8261700E+000,-1.5198600E-005
2.8281700E+000,-1.8802426E-005
2.8301700E+000,-2.2624184E-005
2.8321700E+000,-2.8791919E-005
2.8341700E+000,-3.4959655E-005
2.8361700E+000,-4.1000545E-005
2.8381700E+000,-4.6951450E-005
2.8401700E+000,-5.2664216E-005
2.8421700E+000,-5.5813486E-005
2.8441700E+000,-5.8962756E-005
2.8461700E+000,-5.9592131E-005
2.8481700E+000,-5.8433889E-005
2.8501700E+000,-5.6893004E-005
2.8521700E+000,-5.1233090E-005
2.8541700E+000,-4.5573176E-005
2.8561700E+000,-3.7759543E-005
2.8581700E+000,-2.8418059E-005
2.8601700E+000,-1.8860463E-005
2.8621700E+000,-6.9764968E-006
2.8641700E+000,4.9074693E-006
2.8661700E+000,1.7757713E-005
2.8681700E+000,3.1293435E-005
2.8701700E+000,4.4896272E-005
2.8721700E+000,5.9221575E-005
2.8741700E+000,7.3546879E-005
2.8761700E+000,8.7316779E-005
2.8781700E+000,1.0069268E-004
2.8801700E+000,1.1371542E-004
2.8821700E+000,1.2293661E-004
2.8841700E+000,1.3215780E-004
2.8861700E+000,1.3657862E-004
2.8881700E+000,1.3759405E-004
2.8901700E+000,1.3764598E-004
2.8921700E+000,1.2732615E-004
2.8941700E+000,1.1700632E-004
2.8961700E+000,9.9968132E-005
2.8981700E+000,7.8163932E-005
2.9001700E+000,5.5729946E-005
2.9021700E+000,2.6516511E-005
2.9041700E+000,-2.6969245E-006
2.9061700E+000,-3.1724950E-005
2.9081700E+000,-6.0621446E-005
2.9101700E+000,-8.8755047E-005
2.9121700E+000,-1.0867631E-004
2.9141700E+000,-1.2859757E-004
2.9161700E+000,-1.3987566E-004
2.9181700E+000,-1.4502228E-004
2.9201700E+000,-1.4888843E-004
2.9221700E+000,-1.3897082E-004
2.9241700E+000,-1.2905320E-004
2.9261700E+000,-1.1326787E-004
2.9281700E+000,-9.3319966E-005
2.9301700E+000,-7.3166024E-005
2.9321700E+000,-5.0794114E-005
2.9341700E+000,-2.8422204E-005
2.9361700E+000,-8.5634623E-006
2.9381700E+000,9.5124345E-006
2.9401700E+000,2.6926163E-005
2.9421700E+000,3.7211842E-005
2.9441700E+000,4.7497520E-005
2.9461700E+000,5.3329398E-005
2.9481700E+000,5.6001741E-005
2.9501700E+000,5.8248766E-005
2.9521700E+000,5.5917371E-005
2.9541700E+000,5.3585975E-005
2.9561700E+000,5.0084054E-005
2.9581700E+000,4.5751760E-005
2.9601700E+000,4.1401729E-005
2.9621700E+000,3.6860760E-005
2.9641700E+000,3.2319792E-005
2.9661700E+000,2.7816041E-005
2.9681700E+000,2.3338692E-005
2.9701700E+000,1.8826199E-005
2.9721700E+000,1.3935389E-005
2.9741700E+000,9.0445788E-006
2.9761700E+000,3.7209383E-006
2.9781700E+000,-1.9097527E-006
2.9801700E+000,-7.5831475E-006
2.9821700E+000,-1.3716236E-005
2.9841700E+000,-1.9849325E-005
2.9861700E+000,-2.5791090E-005
2.9881700E+000,-3.1597130E-005
2.9901700E+000,-3.7267638E-005
2.9921700E+000,-4.1479181E-005
2.9941700E+000,-4.5690725E-005
2.9961700E+000,-4.8220740E-005
2.9981700E+000,-4.9557877E-005
3.0001700E+000,-5.0595015E-005
3.0021700E+000,-4.8402750E-005
3.0041700E+000,-4.6210484E-005
3.0061700E+000,-4.2139213E-005
3.0081700E+000,-3.6734971E-005
3.0101700E+000,-3.1142184E-005
3.0121700E+000,-2.3519757E-005
3.0141700E+000,-1.5897331E-005
3.0161700E+000,-7.6172903E-006
3.0181700E+000,1.1292630E-006
3.0201700E+000,9.8886812E-006
3.0221700E+000,1.8786586E-005
3.0241700E+000,2.7684491E-005
3.0261700E+000,3.6038874E-005
3.0281700E+000,4.4007682E-005
3.0301700E+000,5.1775765E-005
3.0321700E+000,5.7383102E-005
3.0341700E+000,6.2990440E-005
3.0361700E+000,6.6229684E-005
3.0381700E+000,6.7788998E-005
3.0401700E+000,6.8881852E-005
3.0421700E+000,6.4953406E-005
3.0441700E+000,6.1024959E-005
3.0461700E+000,5.3674600E-005
3.0481700E+000,4.3896730E-005
3.0501700E+000,3.3753706E-005
3.0521700E+000,1.9679901E-005
3.0541700E+000,5.6060969E-006
3.0561700E+000,-8.8861835E-006
3.0581700E+000,-2.3675332E-005
3.0601700E+000,-3.8150543E-005
3.0621700E+000,-4.9246319E-005
3.0641700E+000,-6.0342094E-005
3.0661700E+000,-6.7436128E-005
3.0681700E+000,-7.1691319E-005
3.0701700E+000,-7.5343674E-005
3.0721700E+000,-7.2506674E-005
3.0741700E+000,-6.9669675E-005
3.0761700E+000,-6.4264587E-005
3.0781700E+000,-5.7037694E-005
3.0801700E+000,-4.9790711E-005
3.0821700E+000,-4.2327463E-005
3.0841700E+000,-3.4864215E-005
3.0861700E+000,-2.9310735E-005
3.0881700E+000,-2.5112049E-005
3.0901700E+000,-2.1304118E-005
3.0921700E+000,-2.1702548E-005
3.0941700E+000,-2.2100979E-005
3.0961700E+000,-2.4663874E-005
3.0981700E+000,-2.8762244E-005
3.1001700E+000,-3.3030550E-005
3.1021700E+000,-3.9128178E-005
3.1041700E+000,-4.5225806E-005
3.1061700E+000,-5.2067284E-005
3.1081700E+000,-5.9436449E-005
3.1101700E+000,-6.6976197E-005
3.1121700E+000,-7.6352216E-005
3.1141700E+000,-8.5728235E-005
3.1161700E+000,-9.6760281E-005
3.1181700E+000,-1.0896712E-004
3.1201700E+000,-1.2131842E-004
3.1221700E+000,-1.3522489E-004
3.1241700E+000,-1.4913136E-004
3.1261700E+000,-1.6171165E-004
3.1281700E+000,-1.7335115E-004
3.1301700E+000,-1.8431593E-004
3.1321700E+000,-1.8801753E-004
3.1341700E+000,-1.9171914E-004
3.1361700E+000,-1.8799874E-004
3.1381700E+000,-1.7901315E-004
3.1401700E+000,-1.6886775E-004
3.1421700E+000,-1.4623744E-004
3.1441700E+000,-1.2360713E-004
3.1461700E+000,-9.5606039E-005
3.1481700E+000,-6.3794908E-005
3.1501700E+000,-3.1967224E-005
3.1521700E+000,3.8651221E-008
3.1541700E+000,3.2044527E-005
3.1561700E+000,5.8353568E-005
3.1581700E+000,8.0621266E-005
3.1601700E+000,1.0152473E-004
3.1621700E+000,1.0774265E-004
3.1641700E+000,1.1396056E-004
3.1661700E+000,1.1092910E-004
3.1681700E+000,1.0133611E-004
3.1701700E+000,9.0946689E-005
3.1721700E+000,7.1983860E-005
3.1741700E+000,5.3021030E-005
3.1761700E+000,3.4070359E-005
3.1781700E+000,1.5128314E-005
3.1801700E+000,-3.1359682E-006
3.1821700E+000,-1.4104334E-005
3.1841700E+000,-2.5072699E-005
3.1861700E+000,-2.9578425E-005
3.1881700E+000,-2.9499542E-005
3.1901700E+000,-2.8706725E-005
3.1921700E+000,-2.0228612E-005
3.1941700E+000,-1.1750498E-005
3.1961700E+000,-1.9579932E-006
3.1981700E+000,8.7669432E-006
3.2001700E+000,1.9193359E-005
3.2021700E+000,2.6406283E-005
3.2041700E+000,3.3619207E-005
3.2061700E+000,3.7403468E-005
3.2081700E+000,3.8755430E-005
3.2101700E+000,3.9732208E-005
3.2121700E+000,3.6670250E-005
3.2141700E+000,3.3608291E-005
3.2161700E+000,2.9952009E-005
3.2181700E+000,2.5874114E-005
3.2201700E+000,2.1965719E-005
3.2221700E+000,1.9881943E-005
3.2241700E+000,1.7798168E-005
3.2261700E+000,1.7542067E-005
3.2281700E+000,1.8582522E-005
3.2301700E+000,1.9799180E-005
3.2321700E+000,2.2912598E-005
3.2341700E+000,2.6026016E-005
3.2361700E+000,2.8909346E-005
3.2381700E+000,3.1629449E-005
3.2401700E+000,3.4112142E-005
3.2421700E+000,3.4039172E-005
3.2441700E+000,3.3966202E-005
3.2461700E+000,3.1701972E-005
3.2481700E+000,2.7883256E-005
3.2501700E+000,2.3817205E-005
3.2521700E+000,1.7088652E-005
3.2541700E+000,1.0360099E-005
3.2561700E+000,2.9568747E-006
3.2581700E+000,-4.9249617E-006
3.2601700E+000,-1.2786826E-005
3.2621700E+000,-2.0433699E-005
3.2641700E+000,-2.8080573E-005
3.2661700E+000,-3.5437732E-005
3.2681700E+000,-4.2589368E-005
3.2701700E+000,-4.9756789E-005
3.2721700E+000,-5.7094131E-005
3.2741700E+000,-6.4431472E-005
3.2761700E+000,-7.2246366E-005
3.2781700E+000,-8.0400035E-005
3.2801700E+000,-8.8569341E-005
3.2821700E+000,-9.6906972E-005
3.2841700E+000,-1.0524460E-004
3.2861700E+000,-1.1228292E-004
3.2881700E+000,-1.1839949E-004
3.2901700E+000,-1.2404562E-004
3.2921700E+000,-1.2462747E-004
3.2941700E+000,-1.2520931E-004
3.2961700E+000,-1.2116584E-004
3.2981700E+000,-1.1384117E-004
3.3001700E+000,-1.0585308E-004
3.3021700E+000,-9.0723549E-005
3.3041700E+000,-7.5594019E-005
3.3061700E+000,-5.7517073E-005
3.3081700E+000,-3.7349225E-005
3.3101700E+000,-1.7124911E-005
3.3121700E+000,3.7072367E-006
3.3141700E+000,2.4539385E-005
3.3161700E+000,4.3169883E-005
3.3181700E+000,6.0238527E-005
3.3201700E+000,7.6729112E-005
3.3221700E+000,8.6997049E-005
3.3241700E+000,9.7264986E-005
3.3261700E+000,1.0313769E-004
3.3281700E+000,1.0589240E-004
3.3301700E+000,1.0814384E-004
3.3321700E+000,1.0497759E-004
3.3341700E+000,1.0181134E-004
3.3361700E+000,9.6805636E-005
3.3381700E+000,9.0495013E-005
3.3401700E+000,8.4118299E-005
3.3421700E+000,7.7030138E-005
3.3441700E+000,6.9941978E-005
3.3461700E+000,6.2931836E-005
3.3481700E+000,5.5977041E-005
3.3501700E+000,4.8990473E-005
3.3521700E+000,4.1661890E-005
3.3541700E+000,3.4333307E-005
3.3561700E+000,2.6211216E-005
3.3581700E+000,1.7526210E-005
3.3601700E+000,8.7180660E-006
3.3621700E+000,-1.4156264E-006
3.3641700E+000,-1.1549319E-005
3.3661700E+000,-2.1397421E-005
3.3681700E+000,-3.1042925E-005
3.3701700E+000,-4.0310321E-005
3.3721700E+000,-4.5507498E-005
3.3741700E+000,-5.0704675E-005
3.3761700E+000,-5.0831387E-005
3.3781700E+000,-4.7361101E-005
3.3801700E+000,-4.3015418E-005
3.3821700E+000,-2.9246355E-005
3.3841700E+000,-1.5477291E-005
3.3861700E+000,2.5644274E-006
3.3881700E+000,2.3637174E-005
3.3901700E+000,4.4716808E-005
3.3921700E+000,6.5870578E-005
3.3941700E+000,8.7024348E-005
3.3961700E+000,1.0321722E-004
3.3981700E+000,1.1589082E-004
3.4001700E+000,1.2733789E-004
3.4021700E+000,1.2558162E-004
3.4041700E+000,1.2382536E-004
3.4061700E+000,1.1345785E-004
3.4081700E+000,9.6981515E-005
3.4101700E+000,7.9754151E-005
3.4121700E+000,5.4442200E-005
3.4141700E+000,2.9130249E-005
3.4161700E+000,4.2224666E-006
3.4181700E+000,-2.0398597E-005
3.4201700E+000,-4.4212611E-005
3.4221700E+000,-5.9338969E-005
3.4241700E+000,-7.4465327E-005
3.4261700E+000,-8.1489557E-005
3.4281700E+000,-8.2766124E-005
3.4301700E+000,-8.2968208E-005
3.4321700E+000,-7.1603793E-005
3.4341700E+000,-6.0239378E-005
3.4361700E+000,-4.4534305E-005
3.4381700E+000,-2.5749961E-005
3.4401700E+000,-6.8848937E-006
3.4421700E+000,1.2849134E-005
3.4441700E+000,3.2583162E-005
3.4461700E+000,4.9807141E-005
3.4481700E+000,6.5250487E-005
3.4501700E+000,8.0108646E-005
3.4521700E+000,8.8667451E-005
3.4541700E+000,9.7226256E-005
3.4561700E+000,1.0183961E-004
3.4581700E+000,1.0365406E-004
3.4601700E+000,1.0504559E-004
3.4621700E+000,1.0188452E-004
3.4641700E+000,9.8723454E-005
3.4661700E+000,9.3720354E-005
3.4681700E+000,8.7410513E-005
3.4701700E+000,8.0905811E-005
3.4721700E+000,7.2303500E-005
3.4741700E+000,6.3701189E-005
3.4761700E+000,5.3691253E-005
3.4781700E+000,4.2682745E-005
3.4801700E+000,3.1439323E-005
3.4821700E+000,1.7667111E-005
3.4841700E+000,3.8948997E-006
3.4861700E+000,-1.1311360E-005
3.4881700E+000,-2.7534935E-005
3.4901700E+000,-4.3819647E-005
3.4921700E+000,-6.0762467E-005
3.4941700E+000,-7.7705288E-005
3.4961700E+000,-9.3106563E-005
3.4981700E+000,-1.0741426E-004
3.5001700E+000,-1.2114516E-004
3.5021700E+000,-1.2866693E-004
3.5041700E+000,-1.3618870E-004
3.5061700E+000,-1.3789067E-004
3.5081700E+000,-1.3546405E-004
3.5101700E+000,-1.3215134E-004
3.5121700E+000,-1.1930002E-004
3.5141700E+000,-1.0644870E-004
3.5161700E+000,-8.8993898E-005
3.5181700E+000,-6.8273383E-005
3.5201700E+000,-4.7248751E-005
3.5221700E+000,-2.2950398E-005
3.5241700E+000,1.3479539E-006
3.5261700E+000,2.5394717E-005
3.5281700E+000,4.9263001E-005
3.5301700E+000,7.2896918E-005
3.5321700E+000,9.4007937E-005
3.5341700E+000,1.1511896E-004
3.5361700E+000,1.3416082E-004
3.5381700E+000,1.5173483E-004
3.5401700E+000,1.6893946E-004
3.5421700E+000,1.8216794E-004
3.5441700E+000,1.9539642E-004
3.5461700E+000,2.0458244E-004
3.5481700E+000,2.1090074E-004
3.5501700E+000,2.1625899E-004
3.5521700E+000,2.1128269E-004
3.5541700E+000,2.0630639E-004
3.5561700E+000,1.9244258E-004
3.5581700E+000,1.7227396E-004
3.5601700E+000,1.5079891E-004
3.5621700E+000,1.1526061E-004
3.5641700E+000,7.9722299E-005
3.5661700E+000,3.8233844E-005
3.5681700E+000,-7.4756552E-006
3.5701700E+000,-5.3254425E-005
3.5721700E+000,-9.9778866E-005
3.5741700E+000,-1.4630331E-004
3.5761700E+000,-1.8729476E-004
3.5781700E+000,-2.2436109E-004
3.5801700E+000,-2.5996201E-004
3.5821700E+000,-2.7978818E-004
3.5841700E+000,-2.9961435E-004
3.5861700E+000,-3.0753271E-004
3.5881700E+000,-3.0700366E-004
3.5901700E+000,-3.0490865E-004
3.5921700E+000,-2.8595660E-004
3.5941700E+000,-2.6700455E-004
3.5961700E+000,-2.4059571E-004
3.5981700E+000,-2.0889700E-004
3.6001700E+000,-1.7673087E-004
3.6021700E+000,-1.3953311E-004
3.6041700E+000,-1.0233535E-004
3.6061700E+000,-6.6000632E-005
3.6081700E+000,-3.0278156E-005
3.6101700E+000,4.8264138E-006
3.6121700E+000,3.3279397E-005
3.6141700E+000,6.1732379E-005
3.6161700E+000,8.3499981E-005
3.6181700E+000,1.0052496E-004
3.6201700E+000,1.1642658E-004
3.6221700E+000,1.2023556E-004
3.6241700E+000,1.2404454E-004
3.6261700E+000,1.2095065E-004
3.6281700E+000,1.1295984E-004
3.6301700E+000,1.0435584E-004
3.6321700E+000,8.9151002E-005
3.6341700E+000,7.3946164E-005
3.6361700E+000,5.8181226E-005
3.6381700E+000,4.2018950E-005
3.6401700E+000,2.6234911E-005
3.6421700E+000,1.4522483E-005
3.6441700E+000,2.8100548E-006
3.6461700E+000,-5.0279424E-006
3.6481700E+000,-1.0117412E-005
3.6501700E+000,-1.4816691E-005
3.6521700E+000,-1.5315689E-005
3.6541700E+000,-1.5814687E-005
3.6561700E+000,-1.6532916E-005
3.6581700E+000,-1.7406669E-005
3.6601700E+000,-1.8715084E-005
3.6621700E+000,-2.4702514E-005
3.6641700E+000,-3.0689945E-005
3.6661700E+000,-4.0416924E-005
3.6681700E+000,-5.2796744E-005
3.6701700E+000,-6.5434145E-005
3.6721700E+000,-8.0844321E-005
3.6741700E+000,-9.6254497E-005
3.6761700E+000,-1.0966784E-004
3.6781700E+000,-1.2166462E-004
3.6801700E+000,-1.3282703E-004
3.6821700E+000,-1.3500763E-004
3.6841700E+000,-1.3718823E-004
3.6861700E+000,-1.3161677E-004
3.6881700E+000,-1.2054599E-004
3.6901700E+000,-1.0844712E-004
3.6921700E+000,-8.5281178E-005
3.6941700E+000,-6.2115232E-005
3.6961700E+000,-3.5182020E-005
3.6981700E+000,-5.5763045E-006
3.7001700E+000,2.3870784E-005
3.7021700E+000,5.1610303E-005
3.7041700E+000,7.9349822E-005
3.7061700E+000,1.0137191E-004
3.7081700E+000,1.1933804E-004
3.7101700E+000,1.3608584E-004
3.7121700E+000,1.3971862E-004
3.7141700E+000,1.4335140E-004
3.7161700E+000,1.3876257E-004
3.7181700E+000,1.2834133E-004
3.7201700E+000,1.1711987E-004
3.7221700E+000,9.7284281E-005
3.7241700E+000,7.7448696E-005
3.7261700E+000,5.6185128E-005
3.7281700E+000,3.3908545E-005
3.7301700E+000,1.1986655E-005
3.7321700E+000,-6.1170722E-006
3.7341700E+000,-2.4220799E-005
3.7361700E+000,-3.7577003E-005
3.7381700E+000,-4.7565305E-005
3.7401700E+000,-5.6834292E-005
3.7421700E+000,-5.8360067E-005
3.7441700E+000,-5.9885842E-005
3.7461700E+000,-5.7860950E-005
3.7481700E+000,-5.3317209E-005
3.7501700E+000,-4.8527824E-005
3.7521700E+000,-4.1094165E-005
3.7541700E+000,-3.3660506E-005
3.7561700E+000,-2.5828628E-005
3.7581700E+000,-1.7714251E-005
3.7601700E+000,-9.5910202E-006
3.7621700E+000,-1.3724826E-006
3.7641700E+000,6.8460550E-006
3.7661700E+000,1.5446699E-005
3.7681700E+000,2.4318410E-005
3.7701700E+000,3.3282184E-005
3.7721700E+000,4.3236984E-005
3.7741700E+000,5.3191783E-005
3.7761700E+000,6.3207325E-005
3.7781700E+000,7.3265958E-005
3.7801700E+000,8.3095148E-005
3.7821700E+000,9.0454449E-005
3.7841700E+000,9.7813750E-005
3.7861700E+000,1.0152841E-004
3.7881700E+000,1.0265757E-004
3.7901700E+000,1.0307525E-004
3.7921700E+000,9.5834192E-005
3.7941700E+000,8.8593133E-005
3.7961700E+000,7.6965061E-005
3.7981700E+000,6.2224835E-005
3.8001700E+000,4.7168720E-005
3.8021700E+000,2.8712154E-005
3.8041700E+000,1.0255589E-005
3.8061700E+000,-7.4320561E-006
3.8081700E+000,-2.4574227E-005
3.8101700E+000,-4.1246934E-005
3.8121700E+000,-5.2866008E-005
3.8141700E+000,-6.4485082E-005
3.8161700E+000,-7.1705023E-005
3.8181700E+000,-7.5804212E-005
3.8201700E+000,-7.9299137E-005
3.8221700E+000,-7.6289337E-005
3.8241700E+000,-7.3279538E-005
3.8261700E+000,-6.7198030E-005
3.8281700E+000,-5.8937448E-005
3.8301700E+000,-5.0387806E-005
3.8321700E+000,-3.8726516E-005
3.8341700E+000,-2.7065225E-005
3.8361700E+000,-1.3991225E-005
3.8381700E+000,8.4953515E-008
3.8401700E+000,1.4325691E-005
3.8421700E+000,3.0337849E-005
3.8441700E+000,4.6350007E-005
3.8461700E+000,6.2936388E-005
3.8481700E+000,7.9930126E-005
3.8501700E+000,9.6848058E-005
3.8521700E+000,1.1294998E-004
3.8541700E+000,1.2905189E-004
3.8561700E+000,1.4330314E-004
3.8581700E+000,1.5624152E-004
3.8601700E+000,1.6875704E-004
3.8621700E+000,1.7672073E-004
3.8641700E+000,1.8468442E-004
3.8661700E+000,1.8919123E-004
3.8681700E+000,1.9124574E-004
3.8701700E+000,1.9277476E-004
3.8721700E+000,1.8864710E-004
3.8741700E+000,1.8451944E-004
3.8761700E+000,1.7668644E-004
3.8781700E+000,1.6622486E-004
3.8801700E+000,1.5519096E-004
3.8821700E+000,1.3799629E-004
3.8841700E+000,1.2080162E-004
3.8861700E+000,9.9502176E-005
3.8881700E+000,7.5290802E-005
3.8901700E+000,5.0578021E-005
3.8921700E+000,2.0467737E-005
3.8941700E+000,-9.6425474E-006
3.8961700E+000,-4.0914998E-005
3.8981700E+000,-7.3011892E-005
3.9001700E+000,-1.0471070E-004
3.9021700E+000,-1.3212427E-004
3.9041700E+000,-1.5953784E-004
3.9061700E+000,-1.8000643E-004
3.9081700E+000,-1.9554823E-004
3.9101700E+000,-2.0971180E-004
3.9121700E+000,-2.0903913E-004
3.9141700E+000,-2.0836646E-004
3.9161700E+000,-1.9868709E-004
3.9181700E+000,-1.8261835E-004
3.9201700E+000,-1.6572967E-004
3.9221700E+000,-1.4001453E-004
3.9241700E+000,-1.1429939E-004
3.9261700E+000,-8.7636832E-005
3.9281700E+000,-6.0302170E-005
3.9301700E+000,-3.3392854E-005
3.9321700E+000,-1.1062254E-005
3.9341700E+000,1.1268346E-005
3.9361700E+000,2.9249304E-005
3.9381700E+000,4.4144617E-005
3.9401700E+000,5.8580098E-005
3.9421700E+000,6.8065608E-005
3.9441700E+000,7.7551119E-005
3.9461700E+000,8.6159574E-005
3.9481700E+000,9.4145843E-005
3.9501700E+000,1.0217590E-004
3.9521700E+000,1.1067737E-004
3.9541700E+000,1.1917884E-004
3.9561700E+000,1.2668736E-004
3.9581700E+000,1.3349149E-004
3.9601700E+000,1.3967345E-004
3.9621700E+000,1.3915798E-004
3.9641700E+000,1.3864251E-004
3.9661700E+000,1.3061187E-004
3.9681700E+000,1.1724995E-004
3.9701700E+000,1.0268351E-004
3.9721700E+000,7.5150727E-005
3.9741700E+000,4.7617942E-005
3.9761700E+000,1.4837712E-005
3.9781700E+000,-2.1665064E-005
3.9801700E+000,-5.8020836E-005
3.9821700E+000,-9.2794167E-005
3.9841700E+000,-1.2756750E-004
3.9861700E+000,-1.5434555E-004
3.9881700E+000,-1.7545173E-004
3.9901700E+000,-1.9473408E-004
3.9921700E+000,-1.9438351E-004
3.9941700E+000,-1.9403294E-004
3.9961700E+000,-1.8103713E-004
3.9981700E+000,-1.5907078E-004
4.0001700E+000,-1.3587884E-004
4.0021700E+000,-9.9493829E-005
4.0041700E+000,-6.3108815E-005
4.0061700E+000,-2.4764636E-005
4.0081700E+000,1.4969379E-005
4.0101700E+000,5.4102592E-005
4.0121700E+000,8.6768347E-005
4.0141700E+000,1.1943410E-004
4.0161700E+000,1.4426077E-004
4.0181700E+000,1.6352637E-004
4.0201700E+000,1.8156157E-004
4.0221700E+000,1.8635176E-004
4.0241700E+000,1.9114195E-004
4.0261700E+000,1.8923915E-004
4.0281700E+000,1.8258834E-004
4.0301700E+000,1.7536547E-004
4.0321700E+000,1.6198452E-004
4.0341700E+000,1.4860357E-004
4.0361700E+000,1.3379763E-004
4.0381700E+000,1.1798080E-004
4.0401700E+000,1.0222203E-004
4.0421700E+000,8.7088266E-005
4.0441700E+000,7.1954502E-005
4.0461700E+000,5.8444947E-005
4.0481700E+000,4.6087609E-005
4.0501700E+000,3.4058190E-005
4.0521700E+000,2.5558715E-005
4.0541700E+000,1.7059241E-005
4.0561700E+000,1.0637971E-005
4.0581700E+000,5.6909823E-006
4.0601700E+000,8.9437683E-007
4.0621700E+000,-2.2834014E-006
4.0641700E+000,-5.4611797E-006
4.0661700E+000,-9.1061693E-006
4.0681700E+000,-1.3082599E-005
4.0701700E+000,-1.7309559E-005
4.0721700E+000,-2.4233393E-005
4.0741700E+000,-3.1157226E-005
4.0761700E+000,-4.0138387E-005
4.0781700E+000,-5.0579019E-005
4.0801700E+000,-6.1169668E-005
4.0821700E+000,-7.3375214E-005
4.0841700E+000,-8.5580760E-005
4.0861700E+000,-9.6473640E-005
4.0881700E+000,-1.0643531E-004
4.0901700E+000,-1.1578111E-004
4.0921700E+000,-1.1849718E-004
4.0941700E+000,-1.2121326E-004
4.0961700E+000,-1.1747972E-004
4.0981700E+000,-1.0917080E-004
4.1001700E+000,-9.9879613E-005
4.1021700E+000,-8.0014473E-005
4.1041700E+000,-6.0149332E-005
4.1061700E+000,-3.5501777E-005
4.1081700E+000,-7.4615685E-006
4.1101700E+000,2.0732747E-005
4.1121700E+000,5.0585980E-005
4.1141700E+000,8.0439213E-005
4.1161700E+000,1.0700557E-004
4.1181700E+000,1.3124023E-004
4.1201700E+000,1.5445630E-004
4.1221700E+000,1.6670767E-004
4.1241700E+000,1.7895905E-004
4.1261700E+000,1.8213586E-004
4.1281700E+000,1.7887517E-004
4.1301700E+000,1.7431474E-004
4.1321700E+000,1.5576308E-004
4.1341700E+000,1.3721142E-004
4.1361700E+000,1.1194707E-004
4.1381700E+000,8.1920736E-005
4.1401700E+000,5.1464219E-005
4.1421700E+000,1.6376940E-005
4.1441700E+000,-1.8710339E-005
4.1461700E+000,-5.2359446E-005
4.1481700E+000,-8.4988310E-005
4.1501700E+000,-1.1683133E-004
4.1521700E+000,-1.4021498E-004
4.1541700E+000,-1.6359863E-004
4.1561700E+000,-1.7914615E-004
4.1581700E+000,-1.8913469E-004
4.1601700E+000,-1.9795416E-004
4.1621700E+000,-1.9418892E-004
4.1641700E+000,-1.9042368E-004
4.1661700E+000,-1.8038917E-004
4.1681700E+000,-1.6590722E-004
4.1701700E+000,-1.5091425E-004
4.1721700E+000,-1.3042031E-004
4.1741700E+000,-1.0992637E-004
4.1761700E+000,-8.8539752E-005
4.1781700E+000,-6.6519857E-005
4.1801700E+000,-4.4640997E-005
4.1821700E+000,-2.4280328E-005
4.1841700E+000,-3.9196585E-006
4.1861700E+000,1.4493807E-005
4.1881700E+000,3.1525924E-005
4.1901700E+000,4.8236122E-005
4.1921700E+000,6.1480959E-005
4.1941700E+000,7.4725795E-005
4.1961700E+000,8.5832596E-005
4.1981700E+000,9.5422671E-005
4.2001700E+000,1.0470682E-004
4.2021700E+000,1.1069774E-004
4.2041700E+000,1.1668866E-004
4.2061700E+000,1.2042953E-004
4.2081700E+000,1.2257422E-004
4.2101700E+000,1.2437919E-004
4.2121700E+000,1.2252725E-004
4.2141700E+000,1.2067530E-004
4.2161700E+000,1.1675101E-004
4.2181700E+000,1.1135660E-004
4.2201700E+000,1.0574979E-004
4.2221700E+000,9.7856548E-005
4.2241700E+000,8.9963301E-005
4.2261700E+000,8.1265265E-005
4.2281700E+000,7.1996309E-005
4.2301700E+000,6.2673345E-005
4.2321700E+000,5.2769006E-005
4.2341700E+000,4.2864668E-005
4.2361700E+000,3.2768147E-005
4.2381700E+000,2.2535292E-005
4.2401700E+000,1.2291465E-005
4.2421700E+000,1.9295272E-006
4.2441700E+000,-8.4324108E-006
4.2461700E+000,-1.8529411E-005
4.2481700E+000,-2.8438463E-005
4.2501700E+000,-3.8199338E-005
4.2521700E+000,-4.6365120E-005
4.2541700E+000,-5.4530902E-005
4.2561700E+000,-6.0646102E-005
4.2581700E+000,-6.5306616E-005
4.2601700E+000,-6.9551580E-005
4.2621700E+000,-6.9323274E-005
4.2641700E+000,-6.9094969E-005
4.2661700E+000,-6.5928553E-005
4.2681700E+000,-6.0677836E-005
4.2701700E+000,-5.5110713E-005
4.2721700E+000,-4.6137565E-005
4.2741700E+000,-3.7164417E-005
4.2761700E+000,-2.7301637E-005
4.2781700E+000,-1.6807750E-005
4.2801700E+000,-6.3900073E-006
4.2821700E+000,3.2080553E-006
4.2841700E+000,1.2806118E-005
4.2861700E+000,2.0656836E-005
4.2881700E+000,2.7267985E-005
4.2901700E+000,3.3525907E-005
4.2921700E+000,3.5981443E-005
4.2941700E+000,3.8436979E-005
4.2961700E+000,3.8694886E-005
4.2981700E+000,3.7393793E-005
4.3001700E+000,3.5948313E-005
4.3021700E+000,3.2948557E-005
4.3041700E+000,2.9948801E-005
4.3061700E+000,2.7594735E-005
4.3081700E+000,2.5698724E-005
4.3101700E+000,2.4073773E-005
4.3121700E+000,2.5366714E-005
4.3141700E+000,2.6659655E-005
4.3161700E+000,2.9988694E-005
4.3181700E+000,3.4762144E-005
4.3201700E+000,3.9684324E-005
4.3221700E+000,4.6207534E-005
4.3241700E+000,5.2730745E-005
4.3261700E+000,5.8388284E-005
4.3281700E+000,6.3431714E-005
4.3301700E+000,6.8044938E-005
4.3321700E+000,6.8027129E-005
4.3341700E+000,6.8009320E-005
4.3361700E+000,6.3657235E-005
4.3381700E+000,5.6230407E-005
4.3401700E+000,4.8195477E-005
4.3421700E+000,3.3614515E-005
4.3441700E+000,1.9033552E-005
4.3461700E+000,2.1212517E-006
4.3481700E+000,-1.6444904E-005
4.3501700E+000,-3.4913840E-005
4.3521700E+000,-5.2336222E-005
4.3541700E+000,-6.9758605E-005
4.3561700E+000,-8.3343881E-005
4.3581700E+000,-9.4207108E-005
4.3601700E+000,-1.0417756E-004
4.3621700E+000,-1.0453753E-004
4.3641700E+000,-1.0489750E-004
4.3661700E+000,-9.8504068E-005
4.3681700E+000,-8.7319757E-005
4.3701700E+000,-7.5367037E-005
4.3721700E+000,-5.5142619E-005
4.3741700E+000,-3.4918200E-005
4.3761700E+000,-1.2586834E-005
4.3781700E+000,1.1239204E-005
4.3801700E+000,3.4810123E-005
4.3821700E+000,5.5634769E-005
4.3841700E+000,7.6459414E-005
4.3861700E+000,9.2256596E-005
4.3881700E+000,1.0448729E-004
4.3901700E+000,1.1574851E-004
4.3921700E+000,1.1657366E-004
4.3941700E+000,1.1739880E-004
4.3961700E+000,1.1205270E-004
4.3981700E+000,1.0232870E-004
4.4001700E+000,9.2064989E-005
4.4021700E+000,7.5991381E-005
4.4041700E+000,5.9917773E-005
4.4061700E+000,4.3567242E-005
4.4081700E+000,2.7020260E-005
4.4101700E+000,1.0869451E-005
4.4121700E+000,-1.0166605E-006
4.4141700E+000,-1.2902773E-005
4.4161700E+000,-2.0582303E-005
4.4181700E+000,-2.5277679E-005
4.4201700E+000,-2.9392725E-005
4.4221700E+000,-2.7260700E-005
4.4241700E+000,-2.5128674E-005
4.4261700E+000,-2.0266625E-005
4.4281700E+000,-1.3467891E-005
4.4301700E+000,-6.4883624E-006
4.4321700E+000,2.4373765E-006
4.4341700E+000,1.1363115E-005
4.4361700E+000,2.0339325E-005
4.4381700E+000,2.9351339E-005
4.4401700E+000,3.8253710E-005
4.4421700E+000,4.5975810E-005
4.4441700E+000,5.3697911E-005
4.4461700E+000,6.0060543E-005
4.4481700E+000,6.5458766E-005
4.4501700E+000,7.0563384E-005
4.4521700E+000,7.2507443E-005
4.4541700E+000,7.4451502E-005
4.4561700E+000,7.3628376E-005
4.4581700E+000,7.0842202E-005
4.4601700E+000,6.7585832E-005
4.4621700E+000,5.9267924E-005
4.4641700E+000,5.0950016E-005
4.4661700E+000,3.9699939E-005
4.4681700E+000,2.6369775E-005
4.4701700E+000,1.2790422E-005
4.4721700E+000,-3.4713883E-006
4.4741700E+000,-1.9733199E-005
4.4761700E+000,-3.5924545E-005
4.4781700E+000,-5.2065904E-005
4.4801700E+000,-6.7925338E-005
4.4821700E+000,-8.0749941E-005
4.4841700E+000,-9.3574543E-005
4.4861700E+000,-1.0284246E-004
4.4881700E+000,-1.0958725E-004
4.4901700E+000,-1.1566025E-004
4.4921700E+000,-1.1450171E-004
4.4941700E+000,-1.1334317E-004
4.4961700E+000,-1.0741886E-004
4.4981700E+000,-9.8113705E-005
4.5001700E+000,-8.8260976E-005
4.5021700E+000,-7.2513725E-005
4.5041700E+000,-5.6766475E-005
4.5061700E+000,-3.9138938E-005
4.5081700E+000,-2.0177523E-005
4.5101700E+000,-1.2590784E-006
4.5121700E+000,1.7196803E-005
4.5141700E+000,3.5652685E-005
4.5161700E+000,5.1900443E-005
4.5181700E+000,6.6581755E-005
4.5201700E+000,8.0743273E-005
4.5221700E+000,8.9309367E-005
4.5241700E+000,9.7875461E-005
4.5261700E+000,1.0213987E-004
4.5281700E+000,1.0335265E-004
4.5301700E+000,1.0393748E-004
4.5321700E+000,9.7762615E-005
4.5341700E+000,9.1587754E-005
4.5361700E+000,8.1815374E-005
4.5381700E+000,6.9490909E-005
4.5401700E+000,5.6856287E-005
4.5421700E+000,4.0882917E-005
4.5441700E+000,2.4909548E-005
4.5461700E+000,8.8584606E-006
4.5481700E+000,-7.2477606E-006
4.5501700E+000,-2.3046005E-005
4.5521700E+000,-3.5528964E-005
4.5541700E+000,-4.8011923E-005
4.5561700E+000,-5.6793295E-005
4.5581700E+000,-6.2948754E-005
4.5601700E+000,-6.8521446E-005
4.5621700E+000,-6.7820814E-005
4.5641700E+000,-6.7120182E-005
4.5661700E+000,-6.3444446E-005
4.5681700E+000,-5.7658166E-005
4.5701700E+000,-5.1705992E-005
4.5721700E+000,-4.3968027E-005
4.5741700E+000,-3.6230062E-005
4.5761700E+000,-2.9234572E-005
4.5781700E+000,-2.2765795E-005
4.5801700E+000,-1.6599615E-005
4.5821700E+000,-1.3690800E-005
4.5841700E+000,-1.0781984E-005
4.5861700E+000,-1.0350122E-005
4.5881700E+000,-1.1675413E-005
4.5901700E+000,-1.3254888E-005
4.5921700E+000,-1.7570585E-005
4.5941700E+000,-2.1886281E-005
4.5961700E+000,-2.6349981E-005
4.5981700E+000,-3.0918675E-005
4.6001700E+000,-3.5252994E-005
4.6021700E+000,-3.7064341E-005
4.6041700E+000,-3.8875688E-005
4.6061700E+000,-3.7964063E-005
4.6081700E+000,-3.5120758E-005
4.6101700E+000,-3.1878266E-005
4.6121700E+000,-2.4338651E-005
4.6141700E+000,-1.6799036E-005
4.6161700E+000,-7.4882885E-006
4.6181700E+000,3.0789039E-006
4.6201700E+000,1.3679024E-005
4.6221700E+000,2.4633598E-005
4.6241700E+000,3.5588172E-005
4.6261700E+000,4.5204429E-005
4.6281700E+000,5.3871282E-005
4.6301700E+000,6.2175600E-005
4.6321700E+000,6.6577334E-005
4.6341700E+000,7.0979068E-005
4.6361700E+000,7.2225533E-005
4.6381700E+000,7.1233644E-005
4.6401700E+000,6.9729598E-005
4.6421700E+000,6.2712333E-005
4.6441700E+000,5.5695068E-005
4.6461700E+000,4.4996805E-005
4.6481700E+000,3.1687236E-005
4.6501700E+000,1.7908523E-005
4.6521700E+000,-9.2038121E-007
4.6541700E+000,-1.9749286E-005
4.6561700E+000,-4.0159145E-005
4.6581700E+000,-6.1690536E-005
4.6601700E+000,-8.3028189E-005
4.6621700E+000,-1.0228031E-004
4.6641700E+000,-1.2153242E-004
4.6661700E+000,-1.3608263E-004
4.6681700E+000,-1.4729729E-004
4.6701700E+000,-1.5746769E-004
4.6721700E+000,-1.5639690E-004
4.6741700E+000,-1.5532611E-004
4.6761700E+000,-1.4661555E-004
4.6781700E+000,-1.3248532E-004
4.6801700E+000,-1.1753305E-004
4.6821700E+000,-9.3731774E-005
4.6841700E+000,-6.9930497E-005
4.6861700E+000,-4.4327850E-005
4.6881700E+000,-1.7447308E-005
4.6901700E+000,9.0594593E-006
4.6921700E+000,3.1542659E-005
4.6941700E+000,5.4025859E-005
4.6961700E+000,7.0605297E-005
4.6981700E+000,8.2996596E-005
4.7001700E+000,9.4345028E-005
4.7021700E+000,9.4467315E-005
4.7041700E+000,9.4589601E-005
4.7061700E+000,8.8429563E-005
4.7081700E+000,7.7812832E-005
4.7101700E+000,6.6646163E-005
4.7121700E+000,4.9559573E-005
4.7141700E+000,3.2472984E-005
4.7161700E+000,1.4857178E-005
4.7181700E+000,-3.1340549E-006
4.7201700E+000,-2.0754832E-005
4.7221700E+000,-3.4387762E-005
4.7241700E+000,-4.8020693E-005
4.7261700E+000,-5.7085783E-005
4.7281700E+000,-6.2910439E-005
4.7301700E+000,-6.8003239E-005
4.7321700E+000,-6.5217822E-005
4.7341700E+000,-6.2432406E-005
4.7361700E+000,-5.5513282E-005
4.7381700E+000,-4.5661698E-005
4.7401700E+000,-3.5449694E-005
4.7421700E+000,-2.1357875E-005
4.7441700E+000,-7.2660554E-006
4.7461700E+000,7.4490469E-006
4.7481700E+000,2.2606307E-005
4.7501700E+000,3.7590729E-005
4.7521700E+000,5.0714607E-005
4.7541700E+000,6.3838484E-005
4.7561700E+000,7.4181020E-005
4.7581700E+000,8.2550469E-005
4.7601700E+000,9.0362706E-005
4.7621700E+000,9.2176729E-005
4.7641700E+000,9.3990752E-005
4.7661700E+000,9.1793149E-005
4.7681700E+000,8.6749690E-005
4.7701700E+000,8.1241963E-005
4.7721700E+000,7.0736510E-005
4.7741700E+000,6.0231057E-005
4.7761700E+000,4.8132889E-005
4.7781700E+000,3.4904846E-005
4.7801700E+000,2.1717493E-005
4.7821700E+000,8.9681680E-006
4.7841700E+000,-3.7811575E-006
4.7861700E+000,-1.4829358E-005
4.7881700E+000,-2.4670777E-005
4.7901700E+000,-3.4209477E-005
4.7921700E+000,-4.0489494E-005
4.7941700E+000,-4.6769510E-005
4.7961700E+000,-5.1599716E-005
4.7981700E+000,-5.5401424E-005
4.8001700E+000,-5.9125292E-005
4.8021700E+000,-6.2011229E-005
4.8041700E+000,-6.4897166E-005
4.8061700E+000,-6.7520472E-005
4.8081700E+000,-6.9957468E-005
4.8101700E+000,-7.2244103E-005
4.8121700E+000,-7.2912147E-005
4.8141700E+000,-7.3580192E-005
4.8161700E+000,-7.1779487E-005
4.8181700E+000,-6.8227447E-005
4.8201700E+000,-6.4146568E-005
4.8221700E+000,-5.4372894E-005
4.8241700E+000,-4.4599221E-005
4.8261700E+000,-3.1244430E-005
4.8281700E+000,-1.5349188E-005
4.8301700E+000,8.1493562E-007
4.8321700E+000,1.9873496E-005
4.8341700E+000,3.8932056E-005
4.8361700E+000,5.6915980E-005
4.8381700E+000,7.4137554E-005
4.8401700E+000,9.0782308E-005
4.8421700E+000,1.0121776E-004
4.8441700E+000,1.1165322E-004
4.8461700E+000,1.1644737E-004
4.8481700E+000,1.1723957E-004
4.8501700E+000,1.1721200E-004
4.8521700E+000,1.0835970E-004
4.8541700E+000,9.9507407E-005
4.8561700E+000,8.6376525E-005
4.8581700E+000,7.0210405E-005
4.8601700E+000,5.3735703E-005
4.8621700E+000,3.3939203E-005
4.8641700E+000,1.4142703E-005
4.8661700E+000,-5.3827154E-006
4.8681700E+000,-2.4715828E-005
4.8701700E+000,-4.3709581E-005
4.8721700E+000,-5.9050231E-005
4.8741700E+000,-7.4390881E-005
4.8761700E+000,-8.6163046E-005
4.8781700E+000,-9.5403722E-005
4.8801700E+000,-1.0408297E-004
4.8821700E+000,-1.0671860E-004
4.8841700E+000,-1.0935422E-004
4.8861700E+000,-1.0839174E-004
4.8881700E+000,-1.0487675E-004
4.8901700E+000,-1.0089128E-004
4.8921700E+000,-9.1841318E-005
4.8941700E+000,-8.2791353E-005
4.8961700E+000,-7.0835969E-005
4.8981700E+000,-5.6819477E-005
4.9001700E+000,-4.2462829E-005
4.9021700E+000,-2.4444516E-005
4.9041700E+000,-6.4262020E-006
4.9061700E+000,1.2752371E-005
4.9081700E+000,3.2754033E-005
4.9101700E+000,5.2628448E-005
4.9121700E+000,7.1133087E-005
4.9141700E+000,8.9637725E-005
4.9161700E+000,1.0456289E-004
4.9181700E+000,1.1694877E-004
4.9201700E+000,1.2844765E-004
4.9221700E+000,1.3039828E-004
4.9241700E+000,1.3234890E-004
4.9261700E+000,1.2713768E-004
4.9281700E+000,1.1684582E-004
4.9301700E+000,1.0570493E-004
4.9321700E+000,8.5424298E-005
4.9341700E+000,6.5143669E-005
4.9361700E+000,4.2445861E-005
4.9381700E+000,1.8033301E-005
4.9401700E+000,-6.1283344E-006
4.9421700E+000,-2.7588848E-005
4.9441700E+000,-4.9049361E-005
4.9461700E+000,-6.5578583E-005
4.9481700E+000,-7.8609538E-005
4.9501700E+000,-9.0749310E-005
4.9521700E+000,-9.3295762E-005
4.9541700E+000,-9.5842214E-005
4.9561700E+000,-9.3175476E-005
4.9581700E+000,-8.6810492E-005
4.9601700E+000,-8.0022735E-005
4.9621700E+000,-6.8683954E-005
4.9641700E+000,-5.7345174E-005
4.9661700E+000,-4.5548454E-005
4.9681700E+000,-3.3426871E-005
4.9701700E+000,-2.1457771E-005
4.9721700E+000,-1.1130109E-005
4.9741700E+000,-8.0244758E-007
4.9761700E+000,8.2327150E-006
4.9781700E+000,1.6350977E-005
4.9801700E+000,2.4353379E-005
4.9821700E+000,3.1108594E-005
4.9841700E+000,3.7863810E-005
4.9861700E+000,4.4258269E-005
4.9881700E+000,5.0396807E-005
4.9901700E+000,5.6472559E-005
4.9921700E+000,6.1872438E-005
4.9941700E+000,6.7272318E-005
4.9961700E+000,7.1680266E-005
4.9981700E+000,7.5384535E-005
5.0001700E+000,7.8830538E-005
5.0021700E+000,7.9496374E-005
5.0041700E+000,8.0162209E-005
5.0061700E+000,7.8368260E-005
5.0081700E+000,7.4829336E-005
5.0101700E+000,7.0892340E-005
5.0121700E+000,6.2670226E-005
5.0141700E+000,5.4448112E-005
5.0161700E+000,4.3744373E-005
5.0181700E+000,3.1280164E-005
5.0201700E+000,1.8562647E-005
5.0221700E+000,3.1183514E-006
5.0241700E+000,-1.2325944E-005
5.0261700E+000,-2.8362061E-005
5.0281700E+000,-4.4818016E-005
5.0301700E+000,-6.1129241E-005
5.0321700E+000,-7.5882480E-005
5.0341700E+000,-9.0635719E-005
5.0361700E+000,-1.0249894E-004
5.0381700E+000,-1.1231198E-004
5.0401700E+000,-1.2146304E-004
5.0421700E+000,-1.2348805E-004
5.0441700E+000,-1.2551306E-004
5.0461700E+000,-1.2225637E-004
5.0481700E+000,-1.1525284E-004
5.0501700E+000,-1.0756749E-004
5.0521700E+000,-9.2542495E-005
5.0541700E+000,-7.7517504E-005
5.0561700E+000,-5.9553897E-005
5.0581700E+000,-3.9505630E-005
5.0601700E+000,-1.9393760E-005
5.0621700E+000,1.4027810E-006
5.0641700E+000,2.2199322E-005
5.0661700E+000,4.0659015E-005
5.0681700E+000,5.7460943E-005
5.0701700E+000,7.3567152E-005
5.0721700E+000,8.2184146E-005
5.0741700E+000,9.0801140E-005
5.0761700E+000,9.3227758E-005
5.0781700E+000,9.1262912E-005
5.0801700E+000,8.8427011E-005
5.0821700E+000,7.6214452E-005
5.0841700E+000,6.4001893E-005
5.0861700E+000,4.7631072E-005
5.0881700E+000,2.8310373E-005
5.0901700E+000,8.8209515E-006
5.0921700E+000,-1.2484716E-005
5.0941700E+000,-3.3790383E-005
5.0961700E+000,-5.2923943E-005
5.0981700E+000,-7.0516606E-005
5.1001700E+000,-8.7404830E-005
5.1021700E+000,-9.6709973E-005
5.1041700E+000,-1.0601512E-004
5.1061700E+000,-1.0935113E-004
5.1081700E+000,-1.0845262E-004
5.1101700E+000,-1.0680334E-004
5.1121700E+000,-9.7072112E-005
5.1141700E+000,-8.7340888E-005
5.1161700E+000,-7.4731482E-005
5.1181700E+000,-6.0080290E-005
5.1201700E+000,-4.5414138E-005
5.1221700E+000,-3.0586961E-005
5.1241700E+000,-1.5759783E-005
5.1261700E+000,-3.0882944E-006
5.1281700E+000,8.0539454E-006
5.1301700E+000,1.8717027E-005
5.1321700E+000,2.4222112E-005
5.1341700E+000,2.9727196E-005
5.1361700E+000,3.2009767E-005
5.1381700E+000,3.2006281E-005
5.1401700E+000,3.1673513E-005
5.1421700E+000,2.7796106E-005
5.1441700E+000,2.3918700E-005
5.1461700E+000,1.9041172E-005
5.1481700E+000,1.3454156E-005
5.1501700E+000,7.8867513E-006
5.1521700E+000,2.5304598E-006
5.1541700E+000,-2.8258317E-006
5.1561700E+000,-7.1167683E-006
5.1581700E+000,-1.0651940E-005
5.1601700E+000,-1.3915198E-005
5.1621700E+000,-1.4251378E-005
5.1641700E+000,-1.4587557E-005
5.1661700E+000,-1.2547700E-005
5.1681700E+000,-8.8222789E-006
5.1701700E+000,-4.7871785E-006
5.1721700E+000,2.5815244E-006
5.1741700E+000,9.9502272E-006
5.1761700E+000,1.8200096E-005
5.1781700E+000,2.7075064E-005
5.1801700E+000,3.5794993E-005
5.1821700E+000,4.2845957E-005
5.1841700E+000,4.9896921E-005
5.1861700E+000,5.3988680E-005
5.1881700E+000,5.5981175E-005
5.1901700E+000,5.7395380E-005
5.1921700E+000,5.2584466E-005
5.1941700E+000,4.7773551E-005
5.1961700E+000,3.9401670E-005
5.1981700E+000,2.8503634E-005
5.2001700E+000,1.7374208E-005
5.2021700E+000,3.7539408E-006
5.2041700E+000,-9.8663268E-006
5.2061700E+000,-2.2073050E-005
5.2081700E+000,-3.3277004E-005
5.2101700E+000,-4.3842520E-005
5.2121700E+000,-4.7535445E-005
5.2141700E+000,-5.1228371E-005
5.2161700E+000,-4.8762277E-005
5.2181700E+000,-4.1926965E-005
5.2201700E+000,-3.4231114E-005
5.2221700E+000,-1.7271817E-005
5.2241700E+000,-3.1252058E-007
5.2261700E+000,2.0250281E-005
5.2281700E+000,4.3369415E-005
5.2301700E+000,6.6468826E-005
5.2321700E+000,8.9355921E-005
5.2341700E+000,1.1224302E-004
5.2361700E+000,1.3109022E-004
5.2381700E+000,1.4707152E-004
5.2401700E+000,1.6207890E-004
5.2421700E+000,1.6660227E-004
5.2441700E+000,1.7112565E-004
5.2461700E+000,1.6837150E-004
5.2481700E+000,1.6045466E-004
5.2501700E+000,1.5167550E-004
5.2521700E+000,1.3361379E-004
5.2541700E+000,1.1555208E-004
5.2561700E+000,9.3928976E-005
5.2581700E+000,6.9779414E-005
5.2601700E+000,4.5486125E-005
5.2621700E+000,1.9645666E-005
5.2641700E+000,-6.1947930E-006
5.2661700E+000,-3.0627230E-005
5.2681700E+000,-5.4060813E-005
5.2701700E+000,-7.6990916E-005
5.2721700E+000,-9.4501208E-005
5.2741700E+000,-1.1201150E-004
5.2761700E+000,-1.2463215E-004
5.2781700E+000,-1.3378408E-004
5.2801700E+000,-1.4215981E-004
5.2821700E+000,-1.4217993E-004
5.2841700E+000,-1.4220006E-004
5.2861700E+000,-1.3748970E-004
5.2881700E+000,-1.2942353E-004
5.2901700E+000,-1.2087731E-004
5.2921700E+000,-1.0716356E-004
5.2941700E+000,-9.3449812E-005
5.2961700E+000,-7.8198958E-005
5.2981700E+000,-6.1857680E-005
5.3001700E+000,-4.5519201E-005
5.3021700E+000,-2.9210857E-005
5.3041700E+000,-1.2902514E-005
5.3061700E+000,2.4430080E-006
5.3081700E+000,1.7105502E-005
5.3101700E+000,3.1575434E-005
5.3121700E+000,4.3972484E-005
5.3141700E+000,5.6369535E-005
5.3161700E+000,6.7183278E-005
5.3181700E+000,7.6873820E-005
5.3201700E+000,8.6245325E-005
5.3221700E+000,9.2182491E-005
5.3241700E+000,9.8119656E-005
5.3261700E+000,1.0096686E-004
5.3281700E+000,1.0162203E-004
5.3301700E+000,1.0174380E-004
5.3321700E+000,9.6123536E-005
5.3341700E+000,9.0503274E-005
5.3361700E+000,8.1568145E-005
5.3381700E+000,7.0281443E-005
5.3401700E+000,5.8728648E-005
5.3421700E+000,4.4311434E-005
5.3441700E+000,2.9894220E-005
5.3461700E+000,1.5858112E-005
5.3481700E+000,2.0923606E-006
5.3501700E+000,-1.1319381E-005
5.3521700E+000,-2.0920312E-005
5.3541700E+000,-3.0521243E-005
5.3561700E+000,-3.6797305E-005
5.3581700E+000,-4.0714699E-005
5.3601700E+000,-4.4262043E-005
5.3621700E+000,-4.3825911E-005
5.3641700E+000,-4.3389779E-005
5.3661700E+000,-4.2351299E-005
5.3681700E+000,-4.0885512E-005
5.3701700E+000,-3.9598923E-005
5.3721700E+000,-4.0241352E-005
5.3741700E+000,-4.0883780E-005
5.3761700E+000,-4.3305033E-005
5.3781700E+000,-4.6988188E-005
5.3801700E+000,-5.0774270E-005
5.3821700E+000,-5.5668336E-005
5.3841700E+000,-6.0562401E-005
5.3861700E+000,-6.4113488E-005
5.3881700E+000,-6.6711865E-005
5.3901700E+000,-6.8845833E-005
5.3921700E+000,-6.5980579E-005
5.3941700E+000,-6.3115325E-005
5.3961700E+000,-5.6523470E-005
5.3981700E+000,-4.7287958E-005
5.4001700E+000,-3.7691713E-005
5.4021700E+000,-2.4212282E-005
5.4041700E+000,-1.0732851E-005
5.4061700E+000,2.8126706E-006
5.4081700E+000,1.6405076E-005
5.4101700E+000,2.9684351E-005
5.4121700E+000,3.9592858E-005
5.4141700E+000,4.9501365E-005
5.4161700E+000,5.6432074E-005
5.4181700E+000,6.1250329E-005
5.4201700E+000,6.5749727E-005
5.4221700E+000,6.6816731E-005
5.4241700E+000,6.7883735E-005
5.4261700E+000,6.8338566E-005
5.4281700E+000,6.8359120E-005
5.4301700E+000,6.8468697E-005
5.4321700E+000,6.9536573E-005
5.4341700E+000,7.0604450E-005
5.4361700E+000,7.2334263E-005
5.4381700E+000,7.4533655E-005
5.4401700E+000,7.6646529E-005
5.4421700E+000,7.7828076E-005
5.4441700E+000,7.9009623E-005
5.4461700E+000,7.7648244E-005
5.4481700E+000,7.4482910E-005
5.4501700E+000,7.0728047E-005
5.4521700E+000,6.0627082E-005
5.4541700E+000,5.0526118E-005
5.4561700E+000,3.6312884E-005
5.4581700E+000,1.9182399E-005
5.4601700E+000,1.7011886E-006
5.4621700E+000,-1.9555487E-005
5.4641700E+000,-4.0812162E-005
5.4661700E+000,-6.1592923E-005
5.4681700E+000,-8.2036070E-005
5.4701700E+000,-1.0196058E-004
5.4721700E+000,-1.1630208E-004
5.4741700E+000,-1.3064359E-004
5.4761700E+000,-1.3905931E-004
5.4781700E+000,-1.4327127E-004
5.4801700E+000,-1.4648801E-004
5.4821700E+000,-1.3899140E-004
5.4841700E+000,-1.3149480E-004
5.4861700E+000,-1.1799008E-004
5.4881700E+000,-1.0022319E-004
5.4901700E+000,-8.1932788E-005
5.4921700E+000,-5.8006892E-005
5.4941700E+000,-3.4080995E-005
5.4961700E+000,-9.7984726E-006
5.4981700E+000,1.4737042E-005
5.5001700E+000,3.8863516E-005
5.5021700E+000,5.8586793E-005
5.5041700E+000,7.8310069E-005
5.5061700E+000,9.2882917E-005
5.5081700E+000,1.0380204E-004
5.5101700E+000,1.1382704E-004
5.5121700E+000,1.1422710E-004
5.5141700E+000,1.1462716E-004
5.5161700E+000,1.0939525E-004
5.5181700E+000,1.0016801E-004
5.5201700E+000,9.0385313E-005
5.5221700E+000,7.4623178E-005
5.5241700E+000,5.8861044E-005
5.5261700E+000,4.1702379E-005
5.5281700E+000,2.3553012E-005
5.5301700E+000,5.5312259E-006
5.5321700E+000,-1.1117197E-005
5.5341700E+000,-2.7765621E-005
5.5361700E+000,-4.1880801E-005
5.5381700E+000,-5.4198893E-005
5.5401700E+000,-6.6012477E-005
5.5421700E+000,-7.2395184E-005
5.5441700E+000,-7.8777891E-005
5.5461700E+000,-8.1390269E-005
5.5481700E+000,-8.1327969E-005
5.5501700E+000,-8.0749335E-005
5.5521700E+000,-7.4612520E-005
5.5541700E+000,-6.8475704E-005
5.5561700E+000,-5.9355422E-005
5.5581700E+000,-4.8118663E-005
5.5601700E+000,-3.6571674E-005
5.5621700E+000,-2.1685147E-005
5.5641700E+000,-6.7986204E-006
5.5661700E+000,8.9620624E-006
5.5681700E+000,2.5342873E-005
5.5701700E+000,4.1589880E-005
5.5721700E+000,5.6396531E-005
5.5741700E+000,7.1203182E-005
5.5761700E+000,8.3103239E-005
5.5781700E+000,9.2941354E-005
5.5801700E+000,1.0216556E-004
5.5821700E+000,1.0478121E-004
5.5841700E+000,1.0739686E-004
5.5861700E+000,1.0590520E-004
5.5881700E+000,1.0149981E-004
5.5901700E+000,9.6726914E-005
5.5921700E+000,8.7997876E-005
5.5941700E+000,7.9268838E-005
5.5961700E+000,7.0295845E-005
5.5981700E+000,6.1149790E-005
5.6001700E+000,5.2256357E-005
5.6021700E+000,4.6082335E-005
5.6041700E+000,3.9908313E-005
5.6061700E+000,3.6406462E-005
5.6081700E+000,3.4800253E-005
5.6101700E+000,3.3531268E-005
5.6121700E+000,3.5892403E-005
5.6141700E+000,3.8253538E-005
5.6161700E+000,4.1587413E-005
5.6181700E+000,4.5611353E-005
5.6201700E+000,4.9523773E-005
5.6221700E+000,5.2235728E-005
5.6241700E+000,5.4947683E-005
5.6261700E+000,5.5327902E-005
5.6281700E+000,5.4053983E-005
5.6301700E+000,5.2290136E-005
5.6321700E+000,4.5252343E-005
5.6341700E+000,3.8214551E-005
5.6361700E+000,2.7573316E-005
5.6381700E+000,1.4375791E-005
5.6401700E+000,7.9005259E-007
5.6421700E+000,-1.6974703E-005
5.6441700E+000,-3.4739458E-005
5.6461700E+000,-5.2945688E-005
5.6481700E+000,-7.1465102E-005
5.6501700E+000,-8.9610975E-005
5.6521700E+000,-1.0373580E-004
5.6541700E+000,-1.1786063E-004
5.6561700E+000,-1.2672462E-004
5.6581700E+000,-1.3185657E-004
5.6601700E+000,-1.3603607E-004
5.6621700E+000,-1.2996265E-004
5.6641700E+000,-1.2388922E-004
5.6661700E+000,-1.1184207E-004
5.6681700E+000,-9.5557153E-005
5.6701700E+000,-7.8730627E-005
5.6721700E+000,-5.6073871E-005
5.6741700E+000,-3.3417115E-005
5.6761700E+000,-1.0229397E-005
5.6781700E+000,1.3334988E-005
5.6801700E+000,3.6516183E-005
5.6821700E+000,5.5572453E-005
5.6841700E+000,7.4628723E-005
5.6861700E+000,8.8813804E-005
5.6881700E+000,9.9543253E-005
5.6901700E+000,1.0944333E-004
5.6921700E+000,1.1041545E-004
5.6941700E+000,1.1138756E-004
5.6961700E+000,1.0716363E-004
5.6981700E+000,9.9253602E-005
5.7001700E+000,9.0819665E-005
5.7021700E+000,7.6745956E-005
5.7041700E+000,6.2672247E-005
5.7061700E+000,4.7353596E-005
5.7081700E+000,3.1151780E-005
5.7101700E+000,1.5146997E-005
5.7121700E+000,1.2632179E-006
5.7141700E+000,-1.2620561E-005
5.7161700E+000,-2.3174561E-005
5.7181700E+000,-3.1366410E-005
5.7201700E+000,-3.8991751E-005
5.7221700E+000,-4.0518797E-005
5.7241700E+000,-4.2045843E-005
5.7261700E+000,-4.0572787E-005
5.7281700E+000,-3.6971453E-005
5.7301700E+000,-3.3173930E-005
5.7321700E+000,-2.7264479E-005
5.7341700E+000,-2.1355027E-005
5.7361700E+000,-1.5590754E-005
5.7381700E+000,-9.9294712E-006
5.7401700E+000,-4.4135142E-006
5.7421700E+000,-4.6195144E-007
5.7441700E+000,3.4896113E-006
5.7461700E+000,6.1625365E-006
5.7481700E+000,7.9283940E-006
5.7501700E+000,9.4995904E-006
5.7521700E+000,8.9753172E-006
5.7541700E+000,8.4510440E-006
5.7561700E+000,6.4536002E-006
5.7581700E+000,3.4110867E-006
5.7601700E+000,1.3684905E-007
5.7621700E+000,-5.6318312E-006
5.7641700E+000,-1.1400512E-005
5.7661700E+000,-1.8397991E-005
5.7681700E+000,-2.6267183E-005
5.7701700E+000,-3.4128876E-005
5.7721700E+000,-4.1909840E-005
5.7741700E+000,-4.9690805E-005
5.7761700E+000,-5.5434070E-005
5.7781700E+000,-5.9731789E-005
5.7801700E+000,-6.3476899E-005
5.7821700E+000,-6.1273340E-005
5.7841700E+000,-5.9069781E-005
5.7861700E+000,-5.2557217E-005
5.7881700E+000,-4.2987838E-005
5.7901700E+000,-3.2965491E-005
5.7921700E+000,-1.8067079E-005
5.7941700E+000,-3.1686664E-006
5.7961700E+000,1.2343362E-005
5.7981700E+000,2.8290691E-005
5.8001700E+000,4.3911827E-005
5.8021700E+000,5.6021583E-005
5.8041700E+000,6.8131340E-005
5.8061700E+000,7.5927916E-005
5.8081700E+000,8.0664714E-005
5.8101700E+000,8.4719462E-005
5.8121700E+000,8.1432138E-005
5.8141700E+000,7.8144813E-005
5.8161700E+000,7.1631787E-005
5.8181700E+000,6.2830442E-005
5.8201700E+000,5.3927903E-005
5.8221700E+000,4.3936047E-005
5.8241700E+000,3.3944191E-005
5.8261700E+000,2.5514440E-005
5.8281700E+000,1.8192849E-005
5.8301700E+000,1.1233088E-005
5.8321700E+000,8.1683297E-006
5.8341700E+000,5.1035718E-006
5.8361700E+000,3.9128304E-006
5.8381700E+000,4.0515196E-006
5.8401700E+000,4.2369717E-006
5.8421700E+000,4.9258116E-006
5.8441700E+000,5.6146514E-006
5.8461700E+000,5.1337062E-006
5.8481700E+000,3.8229134E-006
5.8501700E+000,2.2587991E-006
5.8521700E+000,-2.0322468E-006
5.8541700E+000,-6.3232926E-006
5.8561700E+000,-1.1724216E-005
5.8581700E+000,-1.7912487E-005
5.8601700E+000,-2.4053355E-005
5.8621700E+000,-2.9683936E-005
5.8641700E+000,-3.5314518E-005
5.8661700E+000,-3.9154069E-005
5.8681700E+000,-4.1723062E-005
5.8701700E+000,-4.3904259E-005
5.8721700E+000,-4.1910951E-005
5.8741700E+000,-3.9917644E-005
5.8761700E+000,-3.5181491E-005
5.8781700E+000,-2.8499560E-005
5.8801700E+000,-2.1519575E-005
5.8821700E+000,-1.1331139E-005
5.8841700E+000,-1.1427021E-006
5.8861700E+000,9.7980725E-006
5.8881700E+000,2.1272557E-005
5.8901700E+000,3.2629127E-005
5.8921700E+000,4.2716383E-005
5.8941700E+000,5.2803639E-005
5.8961700E+000,6.0749361E-005
5.8981700E+000,6.7175876E-005
5.9001700E+000,7.3183202E-005
5.9021700E+000,7.4678078E-005
5.9041700E+000,7.6172954E-005
5.9061700E+000,7.4608607E-005
5.9081700E+000,7.0874041E-005
5.9101700E+000,6.6723922E-005
5.9121700E+000,5.8100500E-005
5.9141700E+000,4.9477078E-005
5.9161700E+000,3.8529917E-005
5.9181700E+000,2.5934291E-005
5.9201700E+000,1.3147164E-005
5.9221700E+000,-1.7014240E-006
5.9241700E+000,-1.6550012E-005
5.9261700E+000,-3.1218031E-005
5.9281700E+000,-4.5757952E-005
5.9301700E+000,-6.0017276E-005
5.9321700E+000,-7.1256056E-005
5.9341700E+000,-8.2494836E-005
5.9361700E+000,-9.0222205E-005
5.9381700E+000,-9.5458573E-005
5.9401700E+000,-1.0005184E-004
5.9421700E+000,-9.7722346E-005
5.9441700E+000,-9.5392849E-005
5.9461700E+000,-8.8853342E-005
5.9481700E+000,-7.9327245E-005
5.9501700E+000,-6.9412444E-005
5.9521700E+000,-5.5313362E-005
5.9541700E+000,-4.1214280E-005
5.9561700E+000,-2.6936961E-005
5.9581700E+000,-1.2533201E-005
5.9601700E+000,1.5174315E-006
5.9621700E+000,1.1766737E-005
5.9641700E+000,2.2016043E-005
5.9661700E+000,2.8065101E-005
5.9681700E+000,3.1134496E-005
5.9701700E+000,3.3553343E-005
5.9721700E+000,2.8969238E-005
5.9741700E+000,2.4385133E-005
5.9761700E+000,1.6696689E-005
5.9781700E+000,6.8060224E-006
5.9801700E+000,-3.1594354E-006
5.9821700E+000,-1.3929997E-005
5.9841700E+000,-2.4700558E-005
5.9861700E+000,-3.3160727E-005
5.9881700E+000,-3.9981899E-005
5.9901700E+000,-4.6188410E-005
5.9921700E+000,-4.5778275E-005
5.9941700E+000,-4.5368139E-005
5.9961700E+000,-4.0396923E-005
5.9981700E+000,-3.2190068E-005
6.0001700E+000,-2.3492593E-005
6.0021700E+000,-9.5137375E-006
6.0041700E+000,4.4651177E-006
6.0061700E+000,1.9672585E-005
6.0081700E+000,3.5751633E-005
6.0101700E+000,5.1643653E-005
6.0121700E+000,6.5522375E-005
6.0141700E+000,7.9401098E-005
6.0161700E+000,8.9649008E-005
6.0181700E+000,9.7321212E-005
6.0201700E+000,1.0423484E-004
6.0221700E+000,1.0298260E-004
6.0241700E+000,1.0173036E-004
6.0261700E+000,9.4939132E-005
6.0281700E+000,8.4218537E-005
6.0301700E+000,7.2860011E-005
6.0321700E+000,5.4634340E-005
6.0341700E+000,3.6408670E-005
6.0361700E+000,1.6199066E-005
6.0381700E+000,-5.4179448E-006
6.0401700E+000,-2.6865131E-005
6.0421700E+000,-4.6484214E-005
6.0441700E+000,-6.6103296E-005
6.0461700E+000,-8.1434136E-005
6.0481700E+000,-9.3722890E-005
6.0501700E+000,-1.0508579E-004
6.0521700E+000,-1.0648210E-004
6.0541700E+000,-1.0787841E-004
6.0561700E+000,-1.0272766E-004
6.0581700E+000,-9.2932405E-005
6.0601700E+000,-8.2466856E-005
6.0621700E+000,-6.4785751E-005
6.0641700E+000,-4.7104647E-005
6.0661700E+000,-2.8164275E-005
6.0681700E+000,-8.3305767E-006
6.0701700E+000,1.1173350E-005
6.0721700E+000,2.7127377E-005
6.0741700E+000,4.3081405E-005
6.0761700E+000,5.4297901E-005
6.0781700E+000,6.2153585E-005
6.0801700E+000,6.9226779E-005
6.0821700E+000,6.7876710E-005
6.0841700E+000,6.6526641E-005
6.0861700E+000,6.0954306E-005
6.0881700E+000,5.2386690E-005
6.0901700E+000,4.3524119E-005
6.0921700E+000,3.1486460E-005
6.0941700E+000,1.9448801E-005
6.0961700E+000,7.5024869E-006
6.0981700E+000,-4.3790267E-006
6.1001700E+000,-1.6054834E-005
6.1021700E+000,-2.5516275E-005
6.1041700E+000,-3.4977715E-005
6.1061700E+000,-4.2528701E-005
6.1081700E+000,-4.8724406E-005
6.1101700E+000,-5.4640220E-005
6.1121700E+000,-5.7543081E-005
6.1141700E+000,-6.0445943E-005
6.1161700E+000,-6.1610524E-005
6.1181700E+000,-6.1541967E-005
6.1201700E+000,-6.1261828E-005
6.1221700E+000,-5.8704060E-005
6.1241700E+000,-5.6146292E-005
6.1261700E+000,-5.2414308E-005
6.1281700E+000,-4.7849334E-005
6.1301700E+000,-4.3143600E-005
6.1321700E+000,-3.6922626E-005
6.1341700E+000,-3.0701651E-005
6.1361700E+000,-2.3684358E-005
6.1381700E+000,-1.6102156E-005
6.1401700E+000,-8.4376166E-006
6.1421700E+000,1.1326721E-007
6.1441700E+000,8.6641510E-006
6.1461700E+000,1.7491967E-005
6.1481700E+000,2.6516238E-005
6.1501700E+000,3.5527940E-005
6.1521700E+000,4.4404338E-005
6.1541700E+000,5.3280735E-005
6.1561700E+000,6.1444757E-005
6.1581700E+000,6.9103418E-005
6.1601700E+000,7.6503044E-005
6.1621700E+000,8.1114219E-005
6.1641700E+000,8.5725393E-005
6.1661700E+000,8.7271734E-005
6.1681700E+000,8.6643875E-005
6.1701700E+000,8.5454343E-005
6.1721700E+000,7.8218552E-005
6.1741700E+000,7.0982761E-005
6.1761700E+000,6.0235527E-005
6.1781700E+000,4.6997268E-005
6.1801700E+000,3.3492877E-005
6.1821700E+000,1.7123655E-005
6.1841700E+000,7.5443425E-007
6.1861700E+000,-1.4847715E-005
6.1881700E+000,-2.9905702E-005
6.1901700E+000,-4.4459317E-005
6.1921700E+000,-5.3583522E-005
6.1941700E+000,-6.2707727E-005
6.1961700E+000,-6.6578638E-005
6.1981700E+000,-6.6722853E-005
6.2001700E+000,-6.6108081E-005
6.2021700E+000,-5.7323033E-005
6.2041700E+000,-4.8537984E-005
6.2061700E+000,-3.6570551E-005
6.2081700E+000,-2.2345529E-005
6.2101700E+000,-8.1342544E-006
6.2121700E+000,5.9290234E-006
6.2141700E+000,1.9992301E-005
6.2161700E+000,3.0805526E-005
6.2181700E+000,3.9313157E-005
6.2201700E+000,4.7077822E-005
6.2221700E+000,4.6844673E-005
6.2241700E+000,4.6611524E-005
6.2261700E+000,4.1198766E-005
6.2281700E+000,3.2111585E-005
6.2301700E+000,2.2499491E-005
6.2321700E+000,7.2368640E-006
6.2341700E+000,-8.0257632E-006
6.2361700E+000,-2.4357792E-005
6.2381700E+000,-4.1448457E-005
6.2401700E+000,-5.8317812E-005
6.2421700E+000,-7.2804824E-005
6.2441700E+000,-8.7291836E-005
6.2461700E+000,-9.8423642E-005
6.2481700E+000,-1.0717526E-004
6.2501700E+000,-1.1532660E-004
6.2521700E+000,-1.1701615E-004
6.2541700E+000,-1.1870570E-004
6.2561700E+000,-1.1632676E-004
6.2581700E+000,-1.1106164E-004
6.2601700E+000,-1.0528906E-004
6.2621700E+000,-9.4053925E-005
6.2641700E+000,-8.2818787E-005
6.2661700E+000,-6.9039137E-005
6.2681700E+000,-5.3454407E-005
6.2701700E+000,-3.7682982E-005
6.2721700E+000,-1.9901835E-005
6.2741700E+000,-2.1206888E-006
6.2761700E+000,1.5538139E-005
6.2781700E+000,3.3110194E-005
6.2801700E+000,5.0468807E-005
6.2821700E+000,6.5529780E-005
6.2841700E+000,8.0590752E-005
6.2861700E+000,9.3003645E-005
6.2881700E+000,1.0353799E-004
6.2901700E+000,1.1354532E-004
6.2921700E+000,1.1787952E-004
6.2941700E+000,1.2221373E-004
6.2961700E+000,1.2220769E-004
6.2981700E+000,1.1912268E-004
6.3001700E+000,1.1535942E-004
6.3021700E+000,1.0429506E-004
6.3041700E+000,9.3230708E-005
6.3061700E+000,7.7746145E-005
6.3081700E+000,5.9125880E-005
6.3101700E+000,4.0028036E-005
6.3121700E+000,1.5789203E-005
6.3141700E+000,-8.4496304E-006
6.3161700E+000,-3.3687191E-005
6.3181700E+000,-5.9633252E-005
6.3201700E+000,-8.5253337E-005
6.3221700E+000,-1.0736439E-004
6.3241700E+000,-1.2947544E-004
6.3261700E+000,-1.4603418E-004
6.3281700E+000,-1.5865408E-004
6.3301700E+000,-1.7014890E-004
6.3321700E+000,-1.6953247E-004
6.3341700E+000,-1.6891603E-004
6.3361700E+000,-1.6031859E-004
6.3381700E+000,-1.4605941E-004
6.3401700E+000,-1.3091737E-004
6.3421700E+000,-1.0627164E-004
6.3441700E+000,-8.1625909E-005
6.3461700E+000,-5.4549260E-005
6.3481700E+000,-2.5748114E-005
6.3501700E+000,2.7646865E-006
6.3521700E+000,2.8173529E-005
6.3541700E+000,5.3582371E-005
6.3561700E+000,7.3289951E-005
6.3581700E+000,8.8953047E-005
6.3601700E+000,1.0355770E-004
6.3621700E+000,1.0676857E-004
6.3641700E+000,1.0997943E-004
6.3661700E+000,1.0700640E-004
6.3681700E+000,9.9646503E-005
6.3701700E+000,9.1832703E-005
6.3721700E+000,7.9132786E-005
6.3741700E+000,6.6432869E-005
6.3761700E+000,5.4096910E-005
6.3781700E+000,4.2019144E-005
6.3801700E+000,3.0347061E-005
6.3821700E+000,2.3042040E-005
6.3841700E+000,1.5737018E-005
6.3861700E+000,1.1749916E-005
6.3881700E+000,1.0116553E-005
6.3901700E+000,8.7714898E-006
6.3921700E+000,1.0529899E-005
6.3941700E+000,1.2288309E-005
6.3961700E+000,1.3737777E-005
6.3981700E+000,1.4968082E-005
6.4001700E+000,1.5877616E-005
6.4021700E+000,1.3334142E-005
6.4041700E+000,1.0790668E-005
6.4061700E+000,5.5961159E-006
6.4081700E+000,-1.4791158E-006
6.4101700E+000,-8.7671584E-006
6.4121700E+000,-1.8346050E-005
6.4141700E+000,-2.7924942E-005
6.4161700E+000,-3.6852272E-005
6.4181700E+000,-4.5317382E-005
6.4201700E+000,-5.3404067E-005
6.4221700E+000,-5.7417106E-005
6.4241700E+000,-6.1430146E-005
6.4261700E+000,-6.2000527E-005
6.4281700E+000,-6.0128681E-005
6.4301700E+000,-5.7855607E-005
6.4321700E+000,-5.1263442E-005
6.4341700E+000,-4.4671276E-005
6.4361700E+000,-3.7179928E-005
6.4381700E+000,-2.9050698E-005
6.4401700E+000,-2.1109678E-005
6.4421700E+000,-1.5194692E-005
6.4441700E+000,-9.2797065E-006
6.4461700E+000,-6.4746207E-006
6.4481700E+000,-5.8757038E-006
6.4501700E+000,-5.9229440E-006
6.4521700E+000,-1.2925878E-005
6.4541700E+000,-1.9928813E-005
6.4561700E+000,-3.2595407E-005
6.4581700E+000,-4.9279811E-005
6.4601700E+000,-6.7015032E-005
6.4621700E+000,-9.6061987E-005
6.4641700E+000,-1.2510894E-004
6.4661700E+000,-1.6408732E-004
6.4681700E+000,-2.1011106E-004
6.4701700E+000,-2.5830935E-004
6.4721700E+000,-3.2991613E-004
6.4741700E+000,-4.0152291E-004
6.4761700E+000,-4.9566936E-004
6.4781700E+000,-6.0580550E-004
6.4801700E+000,-7.2021960E-004
6.4821700E+000,-8.8068465E-004
6.4841700E+000,-1.0411497E-003
6.4861700E+000,-1.2308766E-003
6.4881700E+000,-1.4413619E-003
6.4901700E+000,-1.6544024E-003
6.4921700E+000,-1.8949490E-003
6.4941700E+000,-2.1354957E-003
6.4961700E+000,-2.3743401E-003
6.4981700E+000,-2.6119769E-003
6.5001700E+000,-2.8471786E-003
6.5021700E+000,-3.0561676E-003
6.5041700E+000,-3.2651566E-003
6.5061700E+000,-3.4570054E-003
6.5081700E+000,-3.6366947E-003
6.5101700E+000,-3.8156976E-003
6.5121700E+000,-3.9873103E-003
6.5141700E+000,-4.1589230E-003
6.5161700E+000,-4.3349184E-003
6.5181700E+000,-4.5140230E-003
6.5201700E+000,-4.6917741E-003
6.5221700E+000,-4.8549565E-003
6.5241700E+000,-5.0181390E-003
6.5261700E+000,-5.1304817E-003
6.5281700E+000,-5.2067587E-003
6.5301700E+000,-5.2687930E-003
6.5321700E+000,-5.1775098E-003
6.5341700E+000,-5.0862265E-003
6.5361700E+000,-4.8860636E-003
6.5381700E+000,-4.6086611E-003
6.5401700E+000,-4.3232035E-003
6.5421700E+000,-3.9510334E-003
6.5441700E+000,-3.5788633E-003
6.5461700E+000,-3.2441034E-003
6.5481700E+000,-2.9358824E-003
6.5501700E+000,-2.6413018E-003
6.5521700E+000,-2.4935554E-003
6.5541700E+000,-2.3458090E-003
6.5561700E+000,-2.2497314E-003
6.5581700E+000,-2.1903078E-003
6.5601700E+000,-2.1219431E-003
6.5621700E+000,-1.9573300E-003
6.5641700E+000,-1.7927169E-003
6.5661700E+000,-1.4986005E-003
6.5681700E+000,-1.1126144E-003
6.5701700E+000,-7.1895380E-004
6.5721700E+000,-2.4268041E-004
6.5741700E+000,2.3359297E-004
6.5761700E+000,5.7640072E-004
6.5781700E+000,8.2452770E-004
6.5801700E+000,1.0350757E-003
6.5821700E+000,8.4109625E-004
6.5841700E+000,6.4711685E-004
6.5861700E+000,2.9411845E-004
6.5881700E+000,-1.7168832E-004
6.5901700E+000,-6.1528248E-004
6.5921700E+000,-8.1976422E-004
6.5941700E+000,-1.0242460E-003
6.5961700E+000,-7.7375680E-004
6.5981700E+000,-2.0051045E-004
6.6001700E+000,4.4168370E-004
6.6021700E+000,1.8260809E-003
6.6041700E+000,3.2104781E-003
6.6061700E+000,4.7202213E-003
6.6081700E+000,6.3188851E-003
6.6101700E+000,7.8626285E-003
6.6121700E+000,8.8151707E-003
6.6141700E+000,9.7677129E-003
6.6161700E+000,1.0073461E-002
6.6181700E+000,9.9203724E-003
6.6201700E+000,9.7076131E-003
6.6221700E+000,8.8525163E-003
6.6241700E+000,7.9974194E-003
6.6261700E+000,7.3852711E-003
6.6281700E+000,6.9454710E-003
6.6301700E+000,6.6334327E-003
6.6321700E+000,7.6967132E-003
6.6341700E+000,8.7599937E-003
6.6361700E+000,1.0823320E-002
6.6381700E+000,1.3596080E-002
6.6401700E+000,1.6428565E-002
6.6421700E+000,1.9903970E-002
6.6441700E+000,2.3379376E-002
6.6461700E+000,2.6250663E-002
6.6481700E+000,2.8693388E-002
6.6501700E+000,3.0925519E-002
6.6521700E+000,3.0890667E-002
6.6541700E+000,3.0855816E-002
6.6561700E+000,2.9220581E-002
6.6581700E+000,2.6450031E-002
6.6601700E+000,2.3544262E-002
6.6621700E+000,1.9182906E-002
6.6641700E+000,1.4821551E-002
6.6661700E+000,1.0680181E-002
6.6681700E+000,6.6948709E-003
6.6701700E+000,2.8897324E-003
6.6721700E+000,1.0240953E-003
6.6741700E+000,-8.4154190E-004
6.6761700E+000,-1.1242891E-003
6.6781700E+000,-2.8413128E-004
6.6801700E+000,7.1334411E-004
6.6821700E+000,3.4042977E-003
6.6841700E+000,6.0952513E-003
6.6861700E+000,8.8564898E-003
6.6881700E+000,1.1667589E-002
6.6901700E+000,1.4357285E-002
6.6921700E+000,1.5740122E-002
6.6941700E+000,1.7122960E-002
6.6961700E+000,1.7336553E-002
6.6981700E+000,1.6720683E-002
6.7001700E+000,1.5966592E-002
6.7021700E+000,1.3724591E-002
6.7041700E+000,1.1482590E-002
6.7061700E+000,8.6411037E-003
6.7081700E+000,5.3743405E-003
6.7101700E+000,2.0368749E-003
6.7121700E+000,-2.0616812E-003
6.7141700E+000,-6.1602373E-003
6.7161700E+000,-1.0830438E-002
6.7181700E+000,-1.5906165E-002
6.7201700E+000,-2.1049820E-002
6.7221700E+000,-2.6924700E-002
6.7241700E+000,-3.2799579E-002
6.7261700E+000,-3.8544797E-002
6.7281700E+000,-4.4198033E-002
6.7301700E+000,-4.9694764E-002
6.7321700E+000,-5.3506750E-002
6.7341700E+000,-5.7318736E-002
6.7361700E+000,-5.9291182E-002
6.7381700E+000,-5.9958653E-002
6.7401700E+000,-6.0349040E-002
6.7421700E+000,-5.7756687E-002
6.7441700E+000,-5.5164335E-002
6.7461700E+000,-5.1372739E-002
6.7481700E+000,-4.6730398E-002
6.7501700E+000,-4.2070475E-002
6.7521700E+000,-3.7221284E-002
6.7541700E+000,-3.2372093E-002
6.7561700E+000,-2.8261730E-002
6.7581700E+000,-2.4675493E-002
6.7601700E+000,-2.1233122E-002
6.7621700E+000,-1.9339421E-002
6.7641700E+000,-1.7445720E-002
6.7661700E+000,-1.6179620E-002
6.7681700E+000,-1.5358741E-002
6.7701700E+000,-1.4530633E-002
6.7721700E+000,-1.3624712E-002
6.7741700E+000,-1.2718792E-002
6.7761700E+000,-1.1153728E-002
6.7781700E+000,-9.1210669E-003
6.7801700E+000,-6.9536251E-003
6.7821700E+000,-3.3353107E-003
6.7841700E+000,2.8300375E-004
6.7861700E+000,4.6771544E-003
6.7881700E+000,9.6216846E-003
6.7901700E+000,1.4610513E-002
6.7921700E+000,2.0076193E-002
6.7941700E+000,2.5541873E-002
6.7961700E+000,3.0736538E-002
6.7981700E+000,3.5738942E-002
6.8001700E+000,4.0637023E-002
6.8021700E+000,4.4412086E-002
6.8041700E+000,4.8187149E-002
6.8061700E+000,5.1084534E-002
6.8081700E+000,5.3359293E-002
6.8101700E+000,5.5529738E-002
6.8121700E+000,5.6577285E-002
6.8141700E+000,5.7624832E-002
6.8161700E+000,5.8364248E-002
6.8181700E+000,5.8885075E-002
6.8201700E+000,5.9441107E-002
6.8221700E+000,6.0376102E-002
6.8241700E+000,6.1311097E-002
6.8261700E+000,6.3046049E-002
6.8281700E+000,6.5348492E-002
6.8301700E+000,6.7819664E-002
6.8321700E+000,7.2107156E-002
6.8341700E+000,7.6394649E-002
6.8361700E+000,8.1727512E-002
6.8381700E+000,8.7801961E-002
6.8401700E+000,9.3910780E-002
6.8421700E+000,1.0038959E-001
6.8441700E+000,1.0686839E-001
6.8461700E+000,1.1217272E-001
6.8481700E+000,1.1664387E-001
6.8501700E+000,1.2072680E-001
6.8521700E+000,1.2063064E-001
6.8541700E+000,1.2053448E-001
6.8561700E+000,1.1692758E-001
6.8581700E+000,1.1083017E-001
6.8601700E+000,1.0427257E-001
6.8621700E+000,9.2761109E-002
6.8641700E+000,8.1249652E-002
6.8661700E+000,6.8012403E-002
6.8681700E+000,5.3550873E-002
6.8701700E+000,3.9106757E-002
6.8721700E+000,2.4850100E-002
6.8741700E+000,1.0593444E-002
6.8761700E+000,-2.1696419E-003
6.8781700E+000,-1.3873185E-002
6.8801700E+000,-2.5302251E-002
6.8821700E+000,-3.3776638E-002
6.8841700E+000,-4.2251026E-002
6.8861700E+000,-4.9283810E-002
6.8881700E+000,-5.5293919E-002
6.8901700E+000,-6.1195968E-002
6.8921700E+000,-6.5934787E-002
6.8941700E+000,-7.0673606E-002
6.8961700E+000,-7.5023331E-002
6.8981700E+000,-7.9097033E-002
6.9001700E+000,-8.3082772E-002
6.9021700E+000,-8.6121608E-002
6.9041700E+000,-8.9160444E-002
6.9061700E+000,-9.1000284E-002
6.9081700E+000,-9.1989555E-002
6.9101700E+000,-9.2723643E-002
6.9121700E+000,-9.0710758E-002
6.9141700E+000,-8.8697873E-002
6.9161700E+000,-8.4791131E-002
6.9181700E+000,-7.9540883E-002
6.9201700E+000,-7.4085075E-002
6.9221700E+000,-6.6416465E-002
6.9241700E+000,-5.8747855E-002
6.9261700E+000,-5.0718528E-002
6.9281700E+000,-4.2433307E-002
6.9301700E+000,-3.4293384E-002
6.9321700E+000,-2.7717559E-002
6.9341700E+000,-2.1141735E-002
6.9361700E+000,-1.6808565E-002
6.9381700E+000,-1.4066339E-002
6.9401700E+000,-1.1747943E-002
6.9421700E+000,-1.3991959E-002
6.9441700E+000,-1.6235975E-002
6.9461700E+000,-2.1189303E-002
6.9481700E+000,-2.8064621E-002
6.9501700E+000,-3.5169662E-002
6.9521700E+000,-4.4747612E-002
6.9541700E+000,-5.4325562E-002
6.9561700E+000,-6.3733107E-002
6.9581700E+000,-7.3019766E-002
6.9601700E+000,-8.2019845E-002
6.9621700E+000,-8.7934977E-002
6.9641700E+000,-9.3850108E-002
6.9661700E+000,-9.6583454E-002
6.9681700E+000,-9.7059635E-002
6.9701700E+000,-9.7045015E-002
6.9721700E+000,-9.1747068E-002
6.9741700E+000,-8.6449121E-002
6.9761700E+000,-7.8564480E-002
6.9781700E+000,-6.8844832E-002
6.9801700E+000,-5.8940398E-002
6.9821700E+000,-4.7046786E-002
6.9841700E+000,-3.5153174E-002
6.9861700E+000,-2.3206299E-002
6.9881700E+000,-1.1221640E-002
6.9901700E+000,6.6394001E-004
6.9921700E+000,1.1482956E-002
6.9941700E+000,2.2301972E-002
6.9961700E+000,3.2118637E-002
6.9981700E+000,4.1224231E-002
7.0001700E+000,5.0141091E-002
7.0021700E+000,5.7026265E-002
7.0041700E+000,6.3911440E-002
7.0061700E+000,6.8916718E-002
7.0081700E+000,7.2588394E-002
7.0101700E+000,7.5878215E-002
7.0121700E+000,7.5057491E-002
7.0141700E+000,7.4236766E-002
7.0161700E+000,7.0385172E-002
7.0181700E+000,6.4383475E-002
7.0201700E+000,5.8007409E-002
7.0221700E+000,4.7601363E-002
7.0241700E+000,3.7195317E-002
7.0261700E+000,2.5603364E-002
7.0281700E+000,1.3170128E-002
7.0301700E+000,8.3451125E-004
7.0321700E+000,-1.0450262E-002
7.0341700E+000,-2.1735035E-002
7.0361700E+000,-3.0770683E-002
7.0381700E+000,-3.8210797E-002
7.0401700E+000,-4.5223029E-002
7.0421700E+000,-4.7629232E-002
7.0441700E+000,-5.0035436E-002
7.0461700E+000,-4.9851664E-002
7.0481700E+000,-4.7830560E-002
7.0501700E+000,-4.5596661E-002
7.0521700E+000,-4.1072077E-002
7.0541700E+000,-3.6547493E-002
7.0561700E+000,-3.1909908E-002
7.0581700E+000,-2.7192159E-002
7.0601700E+000,-2.2605442E-002
7.0621700E+000,-1.9429240E-002
7.0641700E+000,-1.6253038E-002
7.0661700E+000,-1.4285284E-002
7.0681700E+000,-1.3174806E-002
7.0701700E+000,-1.2174630E-002
7.0721700E+000,-1.2361833E-002
7.0741700E+000,-1.2549037E-002
7.0761700E+000,-1.2590416E-002
7.0781700E+000,-1.2528348E-002
7.0801700E+000,-1.2324231E-002
7.0821700E+000,-1.0590998E-002
7.0841700E+000,-8.8577643E-003
7.0861700E+000,-5.8922146E-003
7.0881700E+000,-2.0524575E-003
7.0901700E+000,1.8899767E-003
7.0921700E+000,6.9377014E-003
7.0941700E+000,1.1985426E-002
7.0961700E+000,1.6657976E-002
7.0981700E+000,2.1064378E-002
7.1001700E+000,2.5255474E-002
7.1021700E+000,2.7128880E-002
7.1041700E+000,2.9002286E-002
7.1061700E+000,2.8809118E-002
7.1081700E+000,2.7149919E-002
7.1101700E+000,2.5223624E-002
7.1121700E+000,2.0422125E-002
7.1141700E+000,1.5620625E-002
7.1161700E+000,9.9572270E-003
7.1181700E+000,3.6823957E-003
7.1201700E+000,-2.5183626E-003
7.1221700E+000,-7.9217452E-003
7.1241700E+000,-1.3325128E-002
7.1261700E+000,-1.6948430E-002
7.1281700E+000,-1.9308939E-002
7.1301700E+000,-2.1312028E-002
7.1321700E+000,-1.9467591E-002
7.1341700E+000,-1.7623154E-002
7.1361700E+000,-1.3551375E-002
7.1381700E+000,-7.8995167E-003
7.1401700E+000,-2.0899639E-003
7.1421700E+000,5.4171245E-003
7.1441700E+000,1.2924213E-002
7.1461700E+000,1.9866080E-002
7.1481700E+000,2.6406979E-002
7.1501700E+000,3.2651256E-002
7.1521700E+000,3.5702498E-002
7.1541700E+000,3.8753740E-002
7.1561700E+000,3.9114510E-002
7.1581700E+000,3.7566656E-002
7.1601700E+000,3.5692989E-002
7.1621700E+000,3.0312039E-002
7.1641700E+000,2.4931088E-002
7.1661700E+000,1.8577174E-002
7.1681700E+000,1.1533038E-002
7.1701700E+000,4.5553548E-003
7.1721700E+000,-1.7069903E-003
7.1741700E+000,-7.9693355E-003
7.1761700E+000,-1.2834394E-002
7.1781700E+000,-1.6708216E-002
7.1801700E+000,-2.0355170E-002
7.1821700E+000,-2.1559962E-002
7.1841700E+000,-2.2764754E-002
7.1861700E+000,-2.2857155E-002
7.1881700E+000,-2.2160423E-002
7.1901700E+000,-2.1397601E-002
7.1921700E+000,-1.9923334E-002
7.1941700E+000,-1.8449066E-002
7.1961700E+000,-1.7038218E-002
7.1981700E+000,-1.5672360E-002
7.2001700E+000,-1.4353981E-002
7.2021700E+000,-1.3546702E-002
7.2041700E+000,-1.2739423E-002
7.2061700E+000,-1.2367901E-002
7.2081700E+000,-1.2305506E-002
7.2101700E+000,-1.2325986E-002
7.2121700E+000,-1.3238583E-002
7.2141700E+000,-1.4151181E-002
7.2161700E+000,-1.5895124E-002
7.2181700E+000,-1.8228825E-002
7.2201700E+000,-2.0727431E-002
7.2221700E+000,-2.5001183E-002
7.2241700E+000,-2.9274935E-002
7.2261700E+000,-3.4775742E-002
7.2281700E+000,-4.1147024E-002
7.2301700E+000,-4.7641125E-002
7.2321700E+000,-5.5457327E-002
7.2341700E+000,-6.3273529E-002
7.2361700E+000,-7.1033769E-002
7.2381700E+000,-7.8754309E-002
7.2401700E+000,-8.6300709E-002
7.2421700E+000,-9.1972533E-002
7.2441700E+000,-9.7644357E-002
7.2461700E+000,-1.0120164E-001
7.2481700E+000,-1.0325887E-001
7.2501700E+000,-1.0496113E-001
7.2521700E+000,-1.0284220E-001
7.2541700E+000,-1.0072326E-001
7.2561700E+000,-9.6446618E-002
7.2581700E+000,-9.0639287E-002
7.2601700E+000,-8.4606829E-002
7.2621700E+000,-7.6150936E-002
7.2641700E+000,-6.7695044E-002
7.2661700E+000,-5.8247408E-002
7.2681700E+000,-4.8096226E-002
7.2701700E+000,-3.7846898E-002
7.2721700E+000,-2.6541041E-002
7.2741700E+000,-1.5235183E-002
7.2761700E+000,-3.4377914E-003
7.2781700E+000,8.7082962E-003
7.2801700E+000,2.0872368E-002
7.2821700E+000,3.3230028E-002
7.2841700E+000,4.5587689E-002
7.2861700E+000,5.7237592E-002
7.2881700E+000,6.8385409E-002
7.2901700E+000,7.9243899E-002
7.2921700E+000,8.6987861E-002
7.2941700E+000,9.4731823E-002
7.2961700E+000,9.9160077E-002
7.2981700E+000,1.0123616E-001
7.3001700E+000,1.0272999E-001
7.3021700E+000,9.7955989E-002
7.3041700E+000,9.3181987E-002
7.3061700E+000,8.4943529E-002
7.3081700E+000,7.4247380E-002
7.3101700E+000,6.3329905E-002
7.3121700E+000,5.0029925E-002
7.3141700E+000,3.6729945E-002
7.3161700E+000,2.4767135E-002
7.3181700E+000,1.3752915E-002
7.3201700E+000,3.3308897E-003
7.3221700E+000,-7.1633376E-004
7.3241700E+000,-4.7635572E-003
7.3261700E+000,-3.3313436E-003
7.3281700E+000,1.9879929E-003
7.3301700E+000,7.9966265E-003
7.3321700E+000,2.1425346E-002
7.3341700E+000,3.4854066E-002
7.3361700E+000,5.0254156E-002
7.3381700E+000,6.7052742E-002
7.3401700E+000,8.3598984E-002
7.3421700E+000,9.7428829E-002
7.3441700E+000,1.1125867E-001
7.3461700E+000,1.2034826E-001
7.3481700E+000,1.2607509E-001
7.3501700E+000,1.3097594E-001
7.3521700E+000,1.2698525E-001
7.3541700E+000,1.2299455E-001
7.3561700E+000,1.1477731E-001
7.3581700E+000,1.0356175E-001
7.3601700E+000,9.2167851E-002
7.3621700E+000,7.8854167E-002
7.3641700E+000,6.5540483E-002
7.3661700E+000,5.3928662E-002
7.3681700E+000,4.3524144E-002
7.3701700E+000,3.3563778E-002
7.3721700E+000,2.8384589E-002
7.3741700E+000,2.3205401E-002
7.3761700E+000,2.0264266E-002
7.3781700E+000,1.8910811E-002
7.3801700E+000,1.7540000E-002
7.3821700E+000,1.5982361E-002
7.3841700E+000,1.4424721E-002
7.3861700E+000,1.0398474E-002
7.3881700E+000,4.6209922E-003
7.3901700E+000,-1.6210046E-003
7.3921700E+000,-1.2863370E-002
7.3941700E+000,-2.4105736E-002
7.3961700E+000,-3.6931243E-002
7.3981700E+000,-5.0879834E-002
7.4001700E+000,-6.4582951E-002
7.4021700E+000,-7.5643605E-002
7.4041700E+000,-8.6704258E-002
7.4061700E+000,-9.2917002E-002
7.4081700E+000,-9.5690629E-002
7.4101700E+000,-9.7582498E-002
7.4121700E+000,-8.9982488E-002
7.4141700E+000,-8.2382479E-002
7.4161700E+000,-7.0176422E-002
7.4181700E+000,-5.4702827E-002
7.4201700E+000,-3.9046805E-002
7.4221700E+000,-2.1427018E-002
7.4241700E+000,-3.8072303E-003
7.4261700E+000,1.1642998E-002
7.4281700E+000,2.5554138E-002
7.4301700E+000,3.8887379E-002
7.4321700E+000,4.5999709E-002
7.4341700E+000,5.3112039E-002
7.4361700E+000,5.6649783E-002
7.4381700E+000,5.7651708E-002
7.4401700E+000,5.8412829E-002
7.4421700E+000,5.6581764E-002
7.4441700E+000,5.4750699E-002
7.4461700E+000,5.3335570E-002
7.4481700E+000,5.2215508E-002
7.4501700E+000,5.1316844E-002
7.4521700E+000,5.2801486E-002
7.4541700E+000,5.4286127E-002
7.4561700E+000,5.7082947E-002
7.4581700E+000,6.0810631E-002
7.4601700E+000,6.4556027E-002
7.4621700E+000,6.8492099E-002
7.4641700E+000,7.2428172E-002
7.4661700E+000,7.4947212E-002
7.4681700E+000,7.6461006E-002
7.4701700E+000,7.7581013E-002
7.4721700E+000,7.4462014E-002
7.4741700E+000,7.1343014E-002
7.4761700E+000,6.4933976E-002
7.4781700E+000,5.6190978E-002
7.4801700E+000,4.7036084E-002
7.4821700E+000,3.3447255E-002
7.4841700E+000,1.9858426E-002
7.4861700E+000,4.9614825E-003
7.4881700E+000,-1.0863439E-002
7.4901700E+000,-2.6566670E-002
7.4921700E+000,-4.0959932E-002
7.4941700E+000,-5.5353194E-002
7.4961700E+000,-6.7065814E-002
7.4981700E+000,-7.6876781E-002
7.5001700E+000,-8.6212681E-002
7.5021700E+000,-9.0434610E-002
7.5041700E+000,-9.4656540E-002
7.5061700E+000,-9.6599413E-002
7.5081700E+000,-9.6925518E-002
7.5101700E+000,-9.7198909E-002
7.5121700E+000,-9.6904836E-002
7.5141700E+000,-9.6610764E-002
7.5161700E+000,-9.7497420E-002
7.5181700E+000,-9.9221686E-002
7.5201700E+000,-1.0112975E-001
7.5221700E+000,-1.0501637E-001
7.5241700E+000,-1.0890299E-001
7.5261700E+000,-1.1255909E-001
7.5281700E+000,-1.1605166E-001
7.5301700E+000,-1.1920109E-001
7.5321700E+000,-1.1865678E-001
7.5341700E+000,-1.1811247E-001
7.5361700E+000,-1.1385704E-001
7.5381700E+000,-1.0696893E-001
7.5401700E+000,-9.9611342E-002
7.5421700E+000,-8.7199951E-002
7.5441700E+000,-7.4788560E-002
7.5461700E+000,-6.1555215E-002
7.5481700E+000,-4.7738774E-002
7.5501700E+000,-3.4301646E-002
7.5521700E+000,-2.4947719E-002
7.5541700E+000,-1.5593791E-002
7.5561700E+000,-1.1826659E-002
7.5581700E+000,-1.2022810E-002
7.5601700E+000,-1.3200670E-002
7.5621700E+000,-2.4946349E-002
7.5641700E+000,-3.6692028E-002
7.5661700E+000,-5.4004005E-002
7.5681700E+000,-7.5264725E-002
7.5701700E+000,-9.6898741E-002
7.5721700E+000,-1.2255118E-001
7.5741700E+000,-1.4820363E-001
7.5761700E+000,-1.7302750E-001
7.5781700E+000,-1.9726359E-001
7.5801700E+000,-2.2104833E-001
7.5821700E+000,-2.3997432E-001
7.5841700E+000,-2.5890030E-001
7.5861700E+000,-2.7435947E-001
7.5881700E+000,-2.8735925E-001
7.5901700E+000,-3.0003016E-001
7.5921700E+000,-3.0916078E-001
7.5941700E+000,-3.1829140E-001
7.5961700E+000,-3.2668869E-001
7.5981700E+000,-3.3456574E-001
7.6001700E+000,-3.4241584E-001
7.6021700E+000,-3.4997572E-001
7.6041700E+000,-3.5753561E-001
7.6061700E+000,-3.6394164E-001
7.6081700E+000,-3.6952914E-001
7.6101700E+000,-3.7467518E-001
7.6121700E+000,-3.7506911E-001
7.6141700E+000,-3.7546304E-001
7.6161700E+000,-3.7141204E-001
7.6181700E+000,-3.6420780E-001
7.6201700E+000,-3.5642049E-001
7.6221700E+000,-3.4235660E-001
7.6241700E+000,-3.2829271E-001
7.6261700E+000,-3.1298268E-001
7.6281700E+000,-2.9678864E-001
7.6301700E+000,-2.8104726E-001
7.6321700E+000,-2.7017865E-001
7.6341700E+000,-2.5931003E-001
7.6361700E+000,-2.5582806E-001
7.6381700E+000,-2.5758619E-001
7.6401700E+000,-2.6075785E-001
7.6421700E+000,-2.7914584E-001
7.6441700E+000,-2.9753383E-001
7.6461700E+000,-3.2494050E-001
7.6481700E+000,-3.5874504E-001
7.6501700E+000,-3.9332885E-001
7.6521700E+000,-4.3630136E-001
7.6541700E+000,-4.7927387E-001
7.6561700E+000,-5.2225969E-001
7.6581700E+000,-5.6525496E-001
7.6601700E+000,-6.0748817E-001
7.6621700E+000,-6.4151793E-001
7.6641700E+000,-6.7554770E-001
7.6661700E+000,-7.0066009E-001
7.6681700E+000,-7.1944649E-001
7.6701700E+000,-7.3671444E-001
7.6721700E+000,-7.3763677E-001
7.6741700E+000,-7.3855911E-001
7.6761700E+000,-7.2910564E-001
7.6781700E+000,-7.1229155E-001
7.6801700E+000,-6.9404465E-001
7.6821700E+000,-6.6037394E-001
7.6841700E+000,-6.2670324E-001
7.6861700E+000,-5.8313632E-001
7.6881700E+000,-5.3254902E-001
7.6901700E+000,-4.8042189E-001
7.6921700E+000,-4.1171892E-001
7.6941700E+000,-3.4301595E-001
7.6961700E+000,-2.6322507E-001
7.6981700E+000,-1.7556840E-001
7.7001700E+000,-8.6451714E-002
7.7021700E+000,1.8381697E-002
7.7041700E+000,1.2321511E-001
7.7061700E+000,2.3464685E-001
7.7081700E+000,3.5075946E-001
7.7101700E+000,4.6700904E-001
7.7121700E+000,5.8473317E-001
7.7141700E+000,7.0245730E-001
7.7161700E+000,8.1459291E-001
7.7181700E+000,9.2276403E-001
7.7201700E+000,1.0293228E+000
7.7221700E+000,1.1185251E+000
7.7241700E+000,1.2077273E+000
7.7261700E+000,1.2829902E+000
7.7281700E+000,1.3483644E+000
7.7301700E+000,1.4117869E+000
7.7321700E+000,1.4542000E+000
7.7341700E+000,1.4966132E+000
7.7361700E+000,1.5288704E+000
7.7381700E+000,1.5539232E+000
7.7401700E+000,1.5781389E+000
7.7421700E+000,1.5933447E+000
7.7441700E+000,1.6085506E+000
7.7461700E+000,1.6214357E+000
7.7481700E+000,1.6326746E+000
7.7501700E+000,1.6437006E+000
7.7521700E+000,1.6524362E+000
7.7541700E+000,1.6611717E+000
7.7561700E+000,1.6662645E+000
7.7581700E+000,1.6687729E+000
7.7601700E+000,1.6701339E+000
7.7621700E+000,1.6591418E+000
7.7641700E+000,1.6481497E+000
7.7661700E+000,1.6248958E+000
7.7681700E+000,1.5929433E+000
7.7701700E+000,1.5588690E+000
7.7721700E+000,1.5019533E+000
7.7741700E+000,1.4450377E+000
7.7761700E+000,1.3746070E+000
7.7781700E+000,1.2945887E+000
7.7801700E+000,1.2132820E+000
7.7821700E+000,1.1181054E+000
7.7841700E+000,1.0229287E+000
7.7861700E+000,9.2588825E-001
7.7881700E+000,8.2752555E-001
7.7901700E+000,7.2994438E-001
7.7921700E+000,6.4077623E-001
7.7941700E+000,5.5160808E-001
7.7961700E+000,4.7302223E-001
7.7981700E+000,4.0194348E-001
7.8001700E+000,3.3263790E-001
7.8021700E+000,2.8241997E-001
7.8041700E+000,2.3220204E-001
7.8061700E+000,1.9214064E-001
7.8081700E+000,1.5928428E-001
7.8101700E+000,1.2729331E-001
7.8121700E+000,1.0461782E-001
7.8141700E+000,8.1942335E-002
7.8161700E+000,6.1307734E-002
7.8181700E+000,4.2120942E-002
7.8201700E+000,2.3008298E-002
7.8221700E+000,4.6938488E-003
7.8241700E+000,-1.3620600E-002
7.8261700E+000,-2.9965356E-002
7.8281700E+000,-4.4912808E-002
7.8301700E+000,-5.9102015E-002
7.8321700E+000,-6.5128941E-002
7.8341700E+000,-7.1155866E-002
7.8361700E+000,-6.9206028E-002
7.8381700E+000,-6.1597459E-002
7.8401700E+000,-5.2800918E-002
7.8421700E+000,-3.1216205E-002
7.8441700E+000,-9.6314928E-003
7.8461700E+000,1.6984854E-002
7.8481700E+000,4.7170652E-002
7.8501700E+000,7.7261577E-002
7.8521700E+000,1.0633122E-001
7.8541700E+000,1.3540086E-001
7.8561700E+000,1.5749219E-001
7.8581700E+000,1.7463310E-001
7.8601700E+000,1.9005093E-001
7.8621700E+000,1.8692024E-001
7.8641700E+000,1.8378956E-001
7.8661700E+000,1.6678522E-001
7.8681700E+000,1.3993889E-001
7.8701700E+000,1.1124266E-001
7.8721700E+000,6.2632883E-002
7.8741700E+000,1.4023105E-002
7.8761700E+000,-4.3835824E-002
7.8781700E+000,-1.0825612E-001
7.8801700E+000,-1.7338982E-001
7.8821700E+000,-2.4620315E-001
7.8841700E+000,-3.1901647E-001
7.8861700E+000,-3.9302095E-001
7.8881700E+000,-4.6787042E-001
7.8901700E+000,-5.4256225E-001
7.8921700E+000,-6.1555707E-001
7.8941700E+000,-6.8855189E-001
7.8961700E+000,-7.5943980E-001
7.8981700E+000,-8.2883307E-001
7.9001700E+000,-8.9779556E-001
7.9021700E+000,-9.6212092E-001
7.9041700E+000,-1.0264463E+000
7.9061700E+000,-1.0857087E+000
7.9081700E+000,-1.1413795E+000
7.9101700E+000,-1.1957110E+000
7.9121700E+000,-1.2356267E+000
7.9141700E+000,-1.2755424E+000
7.9161700E+000,-1.3006320E+000
7.9181700E+000,-1.3152039E+000
7.9201700E+000,-1.3269114E+000
7.9221700E+000,-1.3077838E+000
7.9241700E+000,-1.2886562E+000
7.9261700E+000,-1.2485098E+000
7.9281700E+000,-1.1934527E+000
7.9301700E+000,-1.1359553E+000
7.9321700E+000,-1.0521893E+000
7.9341700E+000,-9.6842325E-001
7.9361700E+000,-8.7734378E-001
7.9381700E+000,-7.8107614E-001
7.9401700E+000,-6.8551145E-001
7.9421700E+000,-5.9751388E-001
7.9441700E+000,-5.0951632E-001
7.9461700E+000,-4.3740424E-001
7.9481700E+000,-3.7656137E-001
7.9501700E+000,-3.1898261E-001
7.9521700E+000,-2.9654106E-001
7.9541700E+000,-2.7409951E-001
7.9561700E+000,-2.7449865E-001
7.9581700E+000,-2.9110102E-001
7.9601700E+000,-3.1022302E-001
7.9621700E+000,-3.5646808E-001
7.9641700E+000,-4.0271315E-001
7.9661700E+000,-4.5699421E-001
7.9681700E+000,-5.1697602E-001
7.9701700E+000,-5.7665172E-001
7.9721700E+000,-6.3303223E-001
7.9741700E+000,-6.8941274E-001
7.9761700E+000,-7.3550069E-001
7.9781700E+000,-7.7428709E-001
7.9801700E+000,-8.1091965E-001
7.9821700E+000,-8.2436674E-001
7.9841700E+000,-8.3781384E-001
7.9861700E+000,-8.3574672E-001
7.9881700E+000,-8.2267379E-001
7.9901700E+000,-8.0764945E-001
7.9921700E+000,-7.7161876E-001
7.9941700E+000,-7.3558807E-001
7.9961700E+000,-6.8943992E-001
7.9981700E+000,-6.3611444E-001
8.0001700E+000,-5.8180681E-001
8.0021700E+000,-5.1692673E-001
8.0041700E+000,-4.5204665E-001
8.0061700E+000,-3.8345349E-001
8.0081700E+000,-3.1222626E-001
8.0101700E+000,-2.4091036E-001
8.0121700E+000,-1.6863998E-001
8.0141700E+000,-9.6369600E-002
8.0161700E+000,-2.7219837E-002
8.0181700E+000,3.9716154E-002
8.0201700E+000,1.0554040E-001
8.0221700E+000,1.5939707E-001
8.0241700E+000,2.1325374E-001
8.0261700E+000,2.5472495E-001
8.0281700E+000,2.8740989E-001
8.0301700E+000,3.1777117E-001
8.0321700E+000,3.2311888E-001
8.0341700E+000,3.2846659E-001
8.0361700E+000,3.1695754E-001
8.0381700E+000,2.9349027E-001
8.0401700E+000,2.6801567E-001
8.0421700E+000,2.2093275E-001
8.0441700E+000,1.7384984E-001
8.0461700E+000,1.1986628E-001
8.0481700E+000,6.0987371E-002
8.0501700E+000,2.4448582E-003
8.0521700E+000,-5.2476494E-002
8.0541700E+000,-1.0739785E-001
8.0561700E+000,-1.5116713E-001
8.0581700E+000,-1.8702511E-001
8.0601700E+000,-2.2041642E-001
8.0621700E+000,-2.2725478E-001
8.0641700E+000,-2.3409315E-001
8.0661700E+000,-2.2249186E-001
8.0681700E+000,-1.9780946E-001
8.0701700E+000,-1.7080886E-001
8.0721700E+000,-1.1885363E-001
8.0741700E+000,-6.6898410E-002
8.0761700E+000,-3.8320623E-003
8.0781700E+000,6.7116537E-002
8.0801700E+000,1.3887357E-001
8.0821700E+000,2.1933318E-001
8.0841700E+000,2.9979279E-001
8.0861700E+000,3.8049412E-001
8.0881700E+000,4.6136693E-001
8.0901700E+000,5.4155657E-001
8.0921700E+000,6.1439209E-001
8.0941700E+000,6.8722760E-001
8.0961700E+000,7.5065850E-001
8.0981700E+000,8.0741776E-001
8.1001700E+000,8.6217727E-001
8.1021700E+000,8.9540999E-001
8.1041700E+000,9.2864271E-001
8.1061700E+000,9.4467754E-001
8.1081700E+000,9.4851215E-001
8.1101700E+000,9.4961462E-001
8.1121700E+000,9.2130631E-001
8.1141700E+000,8.9299800E-001
8.1161700E+000,8.4692106E-001
8.1181700E+000,7.8823901E-001
8.1201700E+000,7.2754440E-001
8.1221700E+000,6.4518508E-001
8.1241700E+000,5.6282576E-001
8.1261700E+000,4.7281009E-001
8.1281700E+000,3.7736298E-001
8.1301700E+000,2.8183987E-001
8.1321700E+000,1.8549862E-001
8.1341700E+000,8.9157367E-002
8.1361700E+000,-1.2126175E-003
8.1381700E+000,-8.7346574E-002
8.1401700E+000,-1.7193542E-001
8.1421700E+000,-2.3989158E-001
8.1441700E+000,-3.0784774E-001
8.1461700E+000,-3.6275490E-001
8.1481700E+000,-4.0840508E-001
8.1501700E+000,-4.5208988E-001
8.1521700E+000,-4.7461787E-001
8.1541700E+000,-4.9714585E-001
8.1561700E+000,-5.0697249E-001
8.1581700E+000,-5.0778877E-001
8.1601700E+000,-5.0699325E-001
8.1621700E+000,-4.8884719E-001
8.1641700E+000,-4.7070113E-001
8.1661700E+000,-4.4364032E-001
8.1681700E+000,-4.1025535E-001
8.1701700E+000,-3.7597116E-001
8.1721700E+000,-3.3200704E-001
8.1741700E+000,-2.8804291E-001
8.1761700E+000,-2.4108662E-001
8.1781700E+000,-1.9200768E-001
8.1801700E+000,-1.4298512E-001
8.1821700E+000,-9.4569408E-002
8.1841700E+000,-4.6153699E-002
8.1861700E+000,-1.2352995E-003
8.1881700E+000,4.1202101E-002
8.1901700E+000,8.2781148E-002
8.1921700E+000,1.1512026E-001
8.1941700E+000,1.4745937E-001
8.1961700E+000,1.7237948E-001
8.1981700E+000,1.9203655E-001
8.2001700E+000,2.1051259E-001
8.2021700E+000,2.1627527E-001
8.2041700E+000,2.2203796E-001
8.2061700E+000,2.1950731E-001
8.2081700E+000,2.1109337E-001
8.2101700E+000,2.0150731E-001
8.2121700E+000,1.7930371E-001
8.2141700E+000,1.5710012E-001
8.2161700E+000,1.2761503E-001
8.2181700E+000,9.2964436E-002
8.2201700E+000,5.7517605E-002
8.2221700E+000,1.3499540E-002
8.2241700E+000,-3.0518525E-002
8.2261700E+000,-7.6775268E-002
8.2281700E+000,-1.2462013E-001
8.2301700E+000,-1.7211800E-001
8.2321700E+000,-2.1588055E-001
8.2341700E+000,-2.5964309E-001
8.2361700E+000,-2.9580270E-001
8.2381700E+000,-3.2656878E-001
8.2401700E+000,-3.5559049E-001
8.2421700E+000,-3.6583450E-001
8.2441700E+000,-3.7607851E-001
8.2461700E+000,-3.7219633E-001
8.2481700E+000,-3.5829299E-001
8.2501700E+000,-3.4248721E-001
8.2521700E+000,-3.0620210E-001
8.2541700E+000,-2.6991698E-001
8.2561700E+000,-2.2455461E-001
8.2581700E+000,-1.7275281E-001
8.2601700E+000,-1.2047667E-001
8.2621700E+000,-6.3094393E-002
8.2641700E+000,-5.7121162E-003
8.2661700E+000,4.9029980E-002
8.2681700E+000,1.0189913E-001
8.2701700E+000,1.5373360E-001
8.2721700E+000,1.9443010E-001
8.2741700E+000,2.3512659E-001
8.2761700E+000,2.6644009E-001
8.2781700E+000,2.9109726E-001
8.2801700E+000,3.1437978E-001
8.2821700E+000,3.2286447E-001
8.2841700E+000,3.3134915E-001
8.2861700E+000,3.3188293E-001
8.2881700E+000,3.2677632E-001
8.2901700E+000,3.2085120E-001
8.2921700E+000,3.0611508E-001
8.2941700E+000,2.9137896E-001
8.2961700E+000,2.7342172E-001
8.2981700E+000,2.5317941E-001
8.3001700E+000,2.3275280E-001
8.3021700E+000,2.1034232E-001
8.3041700E+000,1.8793184E-001
8.3061700E+000,1.6539768E-001
8.3081700E+000,1.4277579E-001
8.3101700E+000,1.2017565E-001
8.3121700E+000,9.7809694E-002
8.3141700E+000,7.5443733E-002
8.3161700E+000,5.2919358E-002
8.3181700E+000,3.0282606E-002
8.3201700E+000,7.5787573E-003
8.3221700E+000,-1.5847359E-002
8.3241700E+000,-3.9273475E-002
8.3261700E+000,-6.2805767E-002
8.3281700E+000,-8.6413381E-002
8.3301700E+000,-1.0983024E-001
8.3321700E+000,-1.3119365E-001
8.3341700E+000,-1.5255706E-001
8.3361700E+000,-1.7021383E-001
8.3381700E+000,-1.8524109E-001
8.3401700E+000,-1.9933007E-001
8.3421700E+000,-2.0331861E-001
8.3441700E+000,-2.0730715E-001
8.3461700E+000,-2.0267405E-001
8.3481700E+000,-1.9192473E-001
8.3501700E+000,-1.7982530E-001
8.3521700E+000,-1.5319225E-001
8.3541700E+000,-1.2655920E-001
8.3561700E+000,-9.1947618E-002
8.3581700E+000,-5.1676053E-002
8.3601700E+000,-1.0702094E-002
8.3621700E+000,3.7832945E-002
8.3641700E+000,8.6367985E-002
8.3661700E+000,1.3552506E-001
8.3681700E+000,1.8512340E-001
8.3701700E+000,2.3420532E-001
8.3721700E+000,2.7772812E-001
8.3741700E+000,3.2125092E-001
8.3761700E+000,3.5814545E-001
8.3781700E+000,3.9033785E-001
8.3801700E+000,4.2138031E-001
8.3821700E+000,4.4004379E-001
8.3841700E+000,4.5870728E-001
8.3861700E+000,4.7004617E-001
8.3881700E+000,4.7618898E-001
8.3901700E+000,4.8154607E-001
8.3921700E+000,4.7844514E-001
8.3941700E+000,4.7534422E-001
8.3961700E+000,4.6906673E-001
8.3981700E+000,4.6053578E-001
8.4001700E+000,4.5175201E-001
8.4021700E+000,4.4024668E-001
8.4041700E+000,4.2874135E-001
8.4061700E+000,4.1539787E-001
8.4081700E+000,4.0075040E-001
8.4101700E+000,3.8559874E-001
8.4121700E+000,3.6501960E-001
8.4141700E+000,3.4444045E-001
8.4161700E+000,3.1805064E-001
8.4181700E+000,2.8753874E-001
8.4201700E+000,2.5593455E-001
8.4221700E+000,2.1257221E-001
8.4241700E+000,1.6920986E-001
8.4261700E+000,1.1851565E-001
8.4281700E+000,6.2620200E-002
8.4301700E+000,6.0423264E-003
8.4321700E+000,-5.7881666E-002
8.4341700E+000,-1.2180566E-001
8.4361700E+000,-1.8579654E-001
8.4381700E+000,-2.4983487E-001
8.4401700E+000,-3.1310840E-001
8.4421700E+000,-3.6814912E-001
8.4441700E+000,-4.2318985E-001
8.4461700E+000,-4.6850313E-001
8.4481700E+000,-5.0691574E-001
8.4501700E+000,-5.4356458E-001
8.4521700E+000,-5.6122696E-001
8.4541700E+000,-5.7888933E-001
8.4561700E+000,-5.8444287E-001
8.4581700E+000,-5.8140639E-001
8.4601700E+000,-5.7690882E-001
8.4621700E+000,-5.5668310E-001
8.4641700E+000,-5.3645739E-001
8.4661700E+000,-5.0935301E-001
8.4681700E+000,-4.7736889E-001
8.4701700E+000,-4.4487441E-001
8.4721700E+000,-4.0688610E-001
8.4741700E+000,-3.6889780E-001
8.4761700E+000,-3.3032023E-001
8.4781700E+000,-2.9132465E-001
8.4801700E+000,-2.5257152E-001
8.4821700E+000,-2.1642838E-001
8.4841700E+000,-1.8028524E-001
8.4861700E+000,-1.4747699E-001
8.4881700E+000,-1.1703450E-001
8.4901700E+000,-8.7253386E-002
8.4921700E+000,-6.4591691E-002
8.4941700E+000,-4.1929996E-002
8.4961700E+000,-2.4610218E-002
8.4981700E+000,-1.1080007E-002
8.5001700E+000,1.6409120E-003
8.5021700E+000,5.6500233E-003
8.5041700E+000,9.6591345E-003
8.5061700E+000,8.6086509E-003
8.5081700E+000,3.9688809E-003
8.5101700E+000,-1.2179956E-003
8.5121700E+000,-1.2294318E-002
8.5141700E+000,-2.3370640E-002
8.5161700E+000,-3.6315221E-002
8.5181700E+000,-5.0585149E-002
8.5201700E+000,-6.4817930E-002
8.5221700E+000,-7.8650836E-002
8.5241700E+000,-9.2483742E-002
8.5261700E+000,-1.0416001E-001
8.5281700E+000,-1.1430634E-001
8.5301700E+000,-1.2395162E-001
8.5321700E+000,-1.2820320E-001
8.5341700E+000,-1.3245477E-001
8.5361700E+000,-1.3279244E-001
8.5381700E+000,-1.3035358E-001
8.5401700E+000,-1.2739687E-001
8.5421700E+000,-1.1886557E-001
8.5441700E+000,-1.1033426E-001
8.5461700E+000,-9.9168872E-002
8.5481700E+000,-8.6134856E-002
8.5501700E+000,-7.2883575E-002
8.5521700E+000,-5.7293501E-002
8.5541700E+000,-4.1703428E-002
8.5561700E+000,-2.5612203E-002
8.5581700E+000,-9.1654595E-003
8.5601700E+000,7.2588344E-003
8.5621700E+000,2.3441470E-002
8.5641700E+000,3.9624105E-002
8.5661700E+000,5.5330098E-002
8.5681700E+000,7.0697959E-002
8.5701700E+000,8.5980210E-002
8.5721700E+000,1.0034089E-001
8.5741700E+000,1.1470157E-001
8.5761700E+000,1.2844706E-001
8.5781700E+000,1.4175613E-001
8.5801700E+000,1.5497554E-001
8.5821700E+000,1.6722961E-001
8.5841700E+000,1.7948368E-001
8.5861700E+000,1.9110986E-001
8.5881700E+000,2.0229060E-001
8.5901700E+000,2.1336752E-001
8.5921700E+000,2.2332668E-001
8.5941700E+000,2.3328585E-001
8.5961700E+000,2.4224858E-001
8.5981700E+000,2.5050445E-001
8.6001700E+000,2.5853091E-001
8.6021700E+000,2.6408779E-001
8.6041700E+000,2.6964468E-001
8.6061700E+000,2.7275657E-001
8.6081700E+000,2.7413397E-001
8.6101700E+000,2.7501868E-001
8.6121700E+000,2.7059979E-001
8.6141700E+000,2.6618089E-001
8.6161700E+000,2.5768323E-001
8.6181700E+000,2.4629208E-001
8.6201700E+000,2.3429123E-001
8.6221700E+000,2.1572706E-001
8.6241700E+000,1.9716290E-001
8.6261700E+000,1.7497879E-001
8.6281700E+000,1.5022668E-001
8.6301700E+000,1.2511568E-001
8.6321700E+000,9.6141238E-002
8.6341700E+000,6.7166802E-002
8.6361700E+000,3.7179012E-002
8.6381700E+000,6.4723467E-003
8.6401700E+000,-2.4159849E-002
8.6421700E+000,-5.3990401E-002
8.6441700E+000,-8.3820954E-002
8.6461700E+000,-1.1163627E-001
8.6481700E+000,-1.3802198E-001
8.6501700E+000,-1.6389875E-001
8.6521700E+000,-1.8429686E-001
8.6541700E+000,-2.0469496E-001
8.6561700E+000,-2.2018030E-001
8.6581700E+000,-2.3218050E-001
8.6601700E+000,-2.4331120E-001
8.6621700E+000,-2.4508191E-001
8.6641700E+000,-2.4685262E-001
8.6661700E+000,-2.4229558E-001
8.6681700E+000,-2.3324962E-001
8.6701700E+000,-2.2337890E-001
8.6721700E+000,-2.0462979E-001
8.6741700E+000,-1.8588068E-001
8.6761700E+000,-1.6301415E-001
8.6781700E+000,-1.3722671E-001
8.6801700E+000,-1.1113388E-001
8.6821700E+000,-8.1753573E-002
8.6841700E+000,-5.2373269E-002
8.6861700E+000,-2.2785088E-002
8.6881700E+000,6.9505612E-003
8.6901700E+000,3.6516239E-002
8.6921700E+000,6.4252213E-002
8.6941700E+000,9.1988188E-002
8.6961700E+000,1.1772934E-001
8.6981700E+000,1.4205535E-001
8.7001700E+000,1.6601389E-001
8.7021700E+000,1.8601667E-001
8.7041700E+000,2.0601944E-001
8.7061700E+000,2.2292028E-001
8.7081700E+000,2.3762060E-001
8.7101700E+000,2.5175926E-001
8.7121700E+000,2.5985189E-001
8.7141700E+000,2.6794452E-001
8.7161700E+000,2.7135704E-001
8.7181700E+000,2.7144949E-001
8.7201700E+000,2.7078886E-001
8.7221700E+000,2.6202151E-001
8.7241700E+000,2.5325417E-001
8.7261700E+000,2.3949519E-001
8.7281700E+000,2.2219513E-001
8.7301700E+000,2.0432447E-001
8.7321700E+000,1.8031141E-001
8.7341700E+000,1.5629835E-001
8.7361700E+000,1.3014922E-001
8.7381700E+000,1.0248476E-001
8.7401700E+000,7.4813986E-002
8.7421700E+000,4.7075318E-002
8.7441700E+000,1.9336649E-002
8.7461700E+000,-6.5604391E-003
8.7481700E+000,-3.1151106E-002
8.7501700E+000,-5.5283525E-002
8.7521700E+000,-7.4483033E-002
8.7541700E+000,-9.3682542E-002
8.7561700E+000,-1.0908423E-001
8.7581700E+000,-1.2179174E-001
8.7601700E+000,-1.3393245E-001
8.7621700E+000,-1.3997179E-001
8.7641700E+000,-1.4601113E-001
8.7661700E+000,-1.4840196E-001
8.7681700E+000,-1.4820453E-001
8.7701700E+000,-1.4755143E-001
8.7721700E+000,-1.4199304E-001
8.7741700E+000,-1.3643465E-001
8.7761700E+000,-1.2853085E-001
8.7781700E+000,-1.1896321E-001
8.7801700E+000,-1.0921394E-001
8.7821700E+000,-9.7509572E-002
8.7841700E+000,-8.5805205E-002
8.7861700E+000,-7.4141696E-002
8.7881700E+000,-6.2507173E-002
8.7901700E+000,-5.1050710E-002
8.7921700E+000,-4.1511006E-002
8.7941700E+000,-3.1971301E-002
8.7961700E+000,-2.4342821E-002
8.7981700E+000,-1.8070166E-002
8.8001700E+000,-1.2064412E-002
8.8021700E+000,-8.9317583E-003
8.8041700E+000,-5.7991049E-003
8.8061700E+000,-3.7443523E-003
8.8081700E+000,-2.4542646E-003
8.8101700E+000,-1.1752114E-003
8.8121700E+000,-1.4940447E-005
8.8141700E+000,1.1453305E-003
8.8161700E+000,2.8770587E-003
8.8181700E+000,5.0141798E-003
8.8201700E+000,7.2183824E-003
8.8221700E+000,1.0144698E-002
8.8241700E+000,1.3071013E-002
8.8261700E+000,1.5651592E-002
8.8281700E+000,1.7986905E-002
8.8301700E+000,2.0127240E-002
8.8321700E+000,2.0168689E-002
8.8341700E+000,2.0210137E-002
8.8361700E+000,1.8376381E-002
8.8381700E+000,1.5212352E-002
8.8401700E+000,1.1822387E-002
8.8421700E+000,6.0002860E-003
8.8441700E+000,1.7818515E-004
8.8461700E+000,-6.1283201E-003
8.8481700E+000,-1.2778463E-002
8.8501700E+000,-1.9309095E-002
8.8521700E+000,-2.4553234E-002
8.8541700E+000,-2.9797372E-002
8.8561700E+000,-3.3273137E-002
8.8581700E+000,-3.5494414E-002
8.8601700E+000,-3.7421647E-002
8.8621700E+000,-3.6183578E-002
8.8641700E+000,-3.4945509E-002
8.8661700E+000,-3.2019144E-002
8.8681700E+000,-2.7895099E-002
8.8701700E+000,-2.3599396E-002
8.8721700E+000,-1.7455839E-002
8.8741700E+000,-1.1312281E-002
8.8761700E+000,-4.2218680E-003
8.8781700E+000,3.5402465E-003
8.8801700E+000,1.1471213E-002
8.8821700E+000,2.1219826E-002
8.8841700E+000,3.0968438E-002
8.8861700E+000,4.2346199E-002
8.8881700E+000,5.4879680E-002
8.8901700E+000,6.7689967E-002
8.8921700E+000,8.3479989E-002
8.8941700E+000,9.9270010E-002
8.8961700E+000,1.1663958E-001
8.8981700E+000,1.3512968E-001
8.9001700E+000,1.5369562E-001
8.9021700E+000,1.7307784E-001
8.9041700E+000,1.9246006E-001
8.9061700E+000,2.1079629E-001
8.9081700E+000,2.2839050E-001
8.9101700E+000,2.4559617E-001
8.9121700E+000,2.5861935E-001
8.9141700E+000,2.7164254E-001
8.9161700E+000,2.8075695E-001
8.9181700E+000,2.8709848E-001
8.9201700E+000,2.9278968E-001
8.9221700E+000,2.9148022E-001
8.9241700E+000,2.9017077E-001
8.9261700E+000,2.8453033E-001
8.9281700E+000,2.7581747E-001
8.9301700E+000,2.6658248E-001
8.9321700E+000,2.5172685E-001
8.9341700E+000,2.3687123E-001
8.9361700E+000,2.1956509E-001
8.9381700E+000,2.0052055E-001
8.9401700E+000,1.8131487E-001
8.9421700E+000,1.6037446E-001
8.9441700E+000,1.3943405E-001
8.9461700E+000,1.1869677E-001
8.9481700E+000,9.8103581E-002
8.9501700E+000,7.7691910E-002
8.9521700E+000,5.9234214E-002
8.9541700E+000,4.0776518E-002
8.9561700E+000,2.4169257E-002
8.9581700E+000,8.8746986E-003
8.9601700E+000,-6.1321713E-003
8.9621700E+000,-1.8042158E-002
8.9641700E+000,-2.9952145E-002
8.9661700E+000,-4.0060750E-002
8.9681700E+000,-4.8891453E-002
8.9701700E+000,-5.7491260E-002
8.9721700E+000,-6.3605551E-002
8.9741700E+000,-6.9719841E-002
8.9761700E+000,-7.4273552E-002
8.9781700E+000,-7.7720184E-002
8.9801700E+000,-8.0915174E-002
8.9821700E+000,-8.1401310E-002
8.9841700E+000,-8.1887445E-002
8.9861700E+000,-8.0464613E-002
8.9881700E+000,-7.7687557E-002
8.9901700E+000,-7.4644990E-002
8.9921700E+000,-6.8744281E-002
8.9941700E+000,-6.2843572E-002
8.9961700E+000,-5.5608056E-002
8.9981700E+000,-4.7425626E-002
9.0001700E+000,-3.9173150E-002
9.0021700E+000,-3.0166650E-002
9.0041700E+000,-2.1160149E-002
9.0061700E+000,-1.2682604E-002
9.0081700E+000,-4.5802996E-003
9.0101700E+000,3.3078203E-003
9.0121700E+000,8.8903074E-003
9.0141700E+000,1.4472794E-002
9.0161700E+000,1.7852239E-002
9.0181700E+000,1.9668842E-002
9.0201700E+000,2.1101083E-002
9.0221700E+000,1.8395774E-002
9.0241700E+000,1.5690465E-002
9.0261700E+000,1.0227773E-002
9.0281700E+000,2.8089893E-003
9.0301700E+000,-4.9712851E-003
9.0321700E+000,-1.6642902E-002
9.0341700E+000,-2.8314520E-002
9.0361700E+000,-4.1793481E-002
9.0381700E+000,-5.6554577E-002
9.0401700E+000,-7.1428740E-002
9.0421700E+000,-8.7520056E-002
9.0441700E+000,-1.0361137E-001
9.0461700E+000,-1.1930037E-001
9.0481700E+000,-1.3470396E-001
9.0501700E+000,-1.4989840E-001
9.0521700E+000,-1.6284146E-001
9.0541700E+000,-1.7578452E-001
9.0561700E+000,-1.8667600E-001
9.0581700E+000,-1.9611208E-001
9.0601700E+000,-2.0524363E-001
9.0621700E+000,-2.1109699E-001
9.0641700E+000,-2.1695036E-001
9.0661700E+000,-2.2116237E-001
9.0681700E+000,-2.2420999E-001
9.0701700E+000,-2.2711893E-001
9.0721700E+000,-2.2853488E-001
9.0741700E+000,-2.2995083E-001
9.0761700E+000,-2.3096823E-001
9.0781700E+000,-2.3170290E-001
9.0801700E+000,-2.3239699E-001
9.0821700E+000,-2.3265423E-001
9.0841700E+000,-2.3291147E-001
9.0861700E+000,-2.3246760E-001
9.0881700E+000,-2.3152637E-001
9.0901700E+000,-2.3036618E-001
9.0921700E+000,-2.2684903E-001
9.0941700E+000,-2.2333188E-001
9.0961700E+000,-2.1747171E-001
9.0981700E+000,-2.0994940E-001
9.1001700E+000,-2.0201809E-001
9.1021700E+000,-1.8968397E-001
9.1041700E+000,-1.7734985E-001
9.1061700E+000,-1.6236787E-001
9.1081700E+000,-1.4550749E-001
9.1101700E+000,-1.2838849E-001
9.1121700E+000,-1.0848548E-001
9.1141700E+000,-8.8582481E-002
9.1161700E+000,-6.8309617E-002
9.1181700E+000,-4.7774372E-002
9.1201700E+000,-2.7422328E-002
9.1221700E+000,-9.0423753E-003
9.1241700E+000,9.3375771E-003
9.1261700E+000,2.4990387E-002
9.1281700E+000,3.8708557E-002
9.1301700E+000,5.1889684E-002
9.1321700E+000,5.9289710E-002
9.1341700E+000,6.6689735E-002
9.1361700E+000,7.0105731E-002
9.1381700E+000,7.0695448E-002
9.1401700E+000,7.0762242E-002
9.1421700E+000,6.5199904E-002
9.1441700E+000,5.9637567E-002
9.1461700E+000,5.1361248E-002
9.1481700E+000,4.1159625E-002
9.1501700E+000,3.0727320E-002
9.1521700E+000,1.7811778E-002
9.1541700E+000,4.8962362E-003
9.1561700E+000,-8.4896155E-003
9.1581700E+000,-2.2209106E-002
9.1601700E+000,-3.5861331E-002
9.1621700E+000,-4.8789464E-002
9.1641700E+000,-6.1717597E-002
9.1661700E+000,-7.3513228E-002
9.1681700E+000,-8.4505459E-002
9.1701700E+000,-9.5274606E-002
9.1721700E+000,-1.0364231E-001
9.1741700E+000,-1.1201001E-001
9.1761700E+000,-1.1866683E-001
9.1781700E+000,-1.2410993E-001
9.1801700E+000,-1.2930473E-001
9.1821700E+000,-1.3182659E-001
9.1841700E+000,-1.3434846E-001
9.1861700E+000,-1.3530428E-001
9.1881700E+000,-1.3514915E-001
9.1901700E+000,-1.3480546E-001
9.1921700E+000,-1.3243198E-001
9.1941700E+000,-1.3005851E-001
9.1961700E+000,-1.2677025E-001
9.1981700E+000,-1.2283303E-001
9.2001700E+000,-1.1882963E-001
9.2021700E+000,-1.1411380E-001
9.2041700E+000,-1.0939798E-001
9.2061700E+000,-1.0467856E-001
9.2081700E+000,-9.9956582E-002
9.2101700E+000,-9.5282535E-002
9.2121700E+000,-9.1124416E-002
9.2141700E+000,-8.6966297E-002
9.2161700E+000,-8.3259702E-002
9.2181700E+000,-7.9873420E-002
9.2201700E+000,-7.6534471E-002
9.2221700E+000,-7.3705058E-002
9.2241700E+000,-7.0875645E-002
9.2261700E+000,-6.8037232E-002
9.2281700E+000,-6.5192434E-002
9.2301700E+000,-6.2283193E-002
9.2321700E+000,-5.8680239E-002
9.2341700E+000,-5.5077284E-002
9.2361700E+000,-5.0658831E-002
9.2381700E+000,-4.5661862E-002
9.2401700E+000,-4.0526456E-002
9.2421700E+000,-3.3900824E-002
9.2441700E+000,-2.7275193E-002
9.2461700E+000,-1.9902943E-002
9.2481700E+000,-1.2001042E-002
9.2501700E+000,-4.0667982E-003
9.2521700E+000,4.2155949E-003
9.2541700E+000,1.2497988E-002
9.2561700E+000,2.0331796E-002
9.2581700E+000,2.7847377E-002
9.2601700E+000,3.5213995E-002
9.2621700E+000,4.0977076E-002
9.2641700E+000,4.6740156E-002
9.2661700E+000,5.1190449E-002
9.2681700E+000,5.4709449E-002
9.2701700E+000,5.8046908E-002
9.2721700E+000,5.9430135E-002
9.2741700E+000,6.0813362E-002
9.2761700E+000,6.1286476E-002
9.2781700E+000,6.1113955E-002
9.2801700E+000,6.0877500E-002
9.2821700E+000,5.9952816E-002
9.2841700E+000,5.9028133E-002
9.2861700E+000,5.8134764E-002
9.2881700E+000,5.7263609E-002
9.2901700E+000,5.6456302E-002
9.2921700E+000,5.6336284E-002
9.2941700E+000,5.6216266E-002
9.2961700E+000,5.6867997E-002
9.2981700E+000,5.8067207E-002
9.3001700E+000,5.9413485E-002
9.3021700E+000,6.2342907E-002
9.3041700E+000,6.5272329E-002
9.3061700E+000,6.9300428E-002
9.3081700E+000,7.4107931E-002
9.3101700E+000,7.9052290E-002
9.3121700E+000,8.5469876E-002
9.3141700E+000,9.1887461E-002
9.3161700E+000,9.8803309E-002
9.3181700E+000,1.0607263E-001
9.3201700E+000,1.1331822E-001
9.3221700E+000,1.2030851E-001
9.3241700E+000,1.2729879E-001
9.3261700E+000,1.3342520E-001
9.3281700E+000,1.3893878E-001
9.3301700E+000,1.4424938E-001
9.3321700E+000,1.4737494E-001
9.3341700E+000,1.5050050E-001
9.3361700E+000,1.5198996E-001
9.3381700E+000,1.5231878E-001
9.3401700E+000,1.5241545E-001
9.3421700E+000,1.5001325E-001
9.3441700E+000,1.4761105E-001
9.3461700E+000,1.4379185E-001
9.3481700E+000,1.3896742E-001
9.3501700E+000,1.3396097E-001
9.3521700E+000,1.2699522E-001
9.3541700E+000,1.2002948E-001
9.3561700E+000,1.1188352E-001
9.3581700E+000,1.0290033E-001
9.3601700E+000,9.3750723E-002
9.3621700E+000,8.2809795E-002
9.3641700E+000,7.1868867E-002
9.3661700E+000,5.9924866E-002
9.3681700E+000,4.7269282E-002
9.3701700E+000,3.4524665E-002
9.3721700E+000,2.0821642E-002
9.3741700E+000,7.1186180E-003
9.3761700E+000,-6.5098174E-003
9.3781700E+000,-2.0085340E-002
9.3801700E+000,-3.3518604E-002
9.3821700E+000,-4.5420493E-002
9.3841700E+000,-5.7322383E-002
9.3861700E+000,-6.7308889E-002
9.3881700E+000,-7.5936618E-002
9.3901700E+000,-8.4178003E-002
9.3921700E+000,-8.8260507E-002
9.3941700E+000,-9.2343011E-002
9.3961700E+000,-9.3398625E-002
9.3981700E+000,-9.2306957E-002
9.4001700E+000,-9.0787803E-002
9.4021700E+000,-8.4666877E-002
9.4041700E+000,-7.8545952E-002
9.4061700E+000,-6.9971039E-002
9.4081700E+000,-5.9655263E-002
9.4101700E+000,-4.9091681E-002
9.4121700E+000,-3.5860540E-002
9.4141700E+000,-2.2629398E-002
9.4161700E+000,-8.5337255E-003
9.4181700E+000,6.1752469E-003
9.4201700E+000,2.0892803E-002
9.4221700E+000,3.5702760E-002
9.4241700E+000,5.0512717E-002
9.4261700E+000,6.4675047E-002
9.4281700E+000,7.8377949E-002
9.4301700E+000,9.1901051E-002
9.4321700E+000,1.0348865E-001
9.4341700E+000,1.1507625E-001
9.4361700E+000,1.2496120E-001
9.4381700E+000,1.3363828E-001
9.4401700E+000,1.4202077E-001
9.4421700E+000,1.4723208E-001
9.4441700E+000,1.5244339E-001
9.4461700E+000,1.5546478E-001
9.4481700E+000,1.5693264E-001
9.4501700E+000,1.5808576E-001
9.4521700E+000,1.5585073E-001
9.4541700E+000,1.5361570E-001
9.4561700E+000,1.4945250E-001
9.4581700E+000,1.4392146E-001
9.4601700E+000,1.3818035E-001
9.4621700E+000,1.3017797E-001
9.4641700E+000,1.2217559E-001
9.4661700E+000,1.1346188E-001
9.4681700E+000,1.0424356E-001
9.4701700E+000,9.5056807E-002
9.4721700E+000,8.6209797E-002
9.4741700E+000,7.7362786E-002
9.4761700E+000,6.9703105E-002
9.4781700E+000,6.2885718E-002
9.4801700E+000,5.6355098E-002
9.4821700E+000,5.2911442E-002
9.4841700E+000,4.9467786E-002
9.4861700E+000,4.8382296E-002
9.4881700E+000,4.8969694E-002
9.4901700E+000,4.9880731E-002
9.4921700E+000,5.4275656E-002
9.4941700E+000,5.8670582E-002
9.4961700E+000,6.4685593E-002
9.4981700E+000,7.1849897E-002
9.5001700E+000,7.9114422E-002
9.5021700E+000,8.7457799E-002
9.5041700E+000,9.5801176E-002
9.5061700E+000,1.0375889E-001
9.5081700E+000,1.1144301E-001
9.5101700E+000,1.1891407E-001
9.5121700E+000,1.2409160E-001
9.5141700E+000,1.2926913E-001
9.5161700E+000,1.3201555E-001
9.5181700E+000,1.3303732E-001
9.5201700E+000,1.3360694E-001
9.5221700E+000,1.2930931E-001
9.5241700E+000,1.2501168E-001
9.5261700E+000,1.1743159E-001
9.5281700E+000,1.0752293E-001
9.5301700E+000,9.7212850E-002
9.5321700E+000,8.2581567E-002
9.5341700E+000,6.7950284E-002
9.5361700E+000,5.1738965E-002
9.5381700E+000,3.4406765E-002
9.5401700E+000,1.7067411E-002
9.5421700E+000,-3.4894893E-004
9.5441700E+000,-1.7765309E-002
9.5461700E+000,-3.3854430E-002
9.5481700E+000,-4.9002006E-002
9.5501700E+000,-6.3844005E-002
9.5521700E+000,-7.5396554E-002
9.5541700E+000,-8.6949103E-002
9.5561700E+000,-9.6379452E-002
9.5581700E+000,-1.0430431E-001
9.5601700E+000,-1.1199892E-001
9.5621700E+000,-1.1721503E-001
9.5641700E+000,-1.2243113E-001
9.5661700E+000,-1.2674836E-001
9.5681700E+000,-1.3042792E-001
9.5701700E+000,-1.3404590E-001
9.5721700E+000,-1.3700096E-001
9.5741700E+000,-1.3995601E-001
9.5761700E+000,-1.4263405E-001
9.5781700E+000,-1.4511556E-001
9.5801700E+000,-1.4754906E-001
9.5821700E+000,-1.4946568E-001
9.5841700E+000,-1.5138229E-001
9.5861700E+000,-1.5292656E-001
9.5881700E+000,-1.5420667E-001
9.5901700E+000,-1.5544347E-001
9.5921700E+000,-1.5621395E-001
9.5941700E+000,-1.5698443E-001
9.5961700E+000,-1.5756626E-001
9.5981700E+000,-1.5801426E-001
9.6001700E+000,-1.5842895E-001
9.6021700E+000,-1.5848510E-001
9.6041700E+000,-1.5854126E-001
9.6061700E+000,-1.5805370E-001
9.6081700E+000,-1.5718044E-001
9.6101700E+000,-1.5615102E-001
9.6121700E+000,-1.5344062E-001
9.6141700E+000,-1.5073023E-001
9.6161700E+000,-1.4642118E-001
9.6181700E+000,-1.4097803E-001
9.6201700E+000,-1.3526529E-001
9.6221700E+000,-1.2665048E-001
9.6241700E+000,-1.1803567E-001
9.6261700E+000,-1.0773292E-001
9.6281700E+000,-9.6232752E-002
9.6301700E+000,-8.4573235E-002
9.6321700E+000,-7.1198398E-002
9.6341700E+000,-5.7823561E-002
9.6361700E+000,-4.4249620E-002
9.6381700E+000,-3.0534436E-002
9.6401700E+000,-1.6941548E-002
9.6421700E+000,-4.6651443E-003
9.6441700E+000,7.6112593E-003
9.6461700E+000,1.8032873E-002
9.6481700E+000,2.7138695E-002
9.6501700E+000,3.5858385E-002
9.6521700E+000,4.0421467E-002
9.6541700E+000,4.4984549E-002
9.6561700E+000,4.6496046E-002
9.6581700E+000,4.5842744E-002
9.6601700E+000,4.4773225E-002
9.6621700E+000,3.9223246E-002
9.6641700E+000,3.3673266E-002
9.6661700E+000,2.6085725E-002
9.6681700E+000,1.7052734E-002
9.6701700E+000,7.9168925E-003
9.6721700E+000,-2.3260982E-003
9.6741700E+000,-1.2569089E-002
9.6761700E+000,-2.2026540E-002
9.6781700E+000,-3.0926728E-002
9.6801700E+000,-3.9535312E-002
9.6821700E+000,-4.5004854E-002
9.6841700E+000,-5.0474397E-002
9.6861700E+000,-5.3342467E-002
9.6881700E+000,-5.4365047E-002
9.6901700E+000,-5.5031331E-002
9.6921700E+000,-5.1862188E-002
9.6941700E+000,-4.8693046E-002
9.6961700E+000,-4.3795021E-002
9.6981700E+000,-3.7670525E-002
9.7001700E+000,-3.1429433E-002
9.7021700E+000,-2.3933210E-002
9.7041700E+000,-1.6436988E-002
9.7061700E+000,-8.8713652E-003
9.7081700E+000,-1.2565094E-003
9.7101700E+000,6.3259760E-003
9.7121700E+000,1.3560004E-002
9.7141700E+000,2.0794032E-002
9.7161700E+000,2.7963098E-002
9.7181700E+000,3.5086082E-002
9.7201700E+000,4.2259258E-002
9.7221700E+000,4.9972750E-002
9.7241700E+000,5.7686243E-002
9.7261700E+000,6.6126352E-002
9.7281700E+000,7.5081925E-002
9.7301700E+000,8.4160671E-002
9.7321700E+000,9.4565345E-002
9.7341700E+000,1.0497002E-001
9.7361700E+000,1.1597968E-001
9.7381700E+000,1.2741851E-001
9.7401700E+000,1.3885989E-001
9.7421700E+000,1.5032879E-001
9.7441700E+000,1.6179768E-001
9.7461700E+000,1.7244902E-001
9.7481700E+000,1.8252038E-001
9.7501700E+000,1.9233666E-001
9.7521700E+000,1.9940697E-001
9.7541700E+000,2.0647728E-001
9.7561700E+000,2.1094720E-001
9.7581700E+000,2.1357240E-001
9.7601700E+000,2.1574644E-001
9.7621700E+000,2.1306386E-001
9.7641700E+000,2.1038128E-001
9.7661700E+000,2.0467083E-001
9.7681700E+000,1.9681241E-001
9.7701700E+000,1.8862735E-001
9.7721700E+000,1.7692611E-001
9.7741700E+000,1.6522487E-001
9.7761700E+000,1.5264195E-001
9.7781700E+000,1.3943358E-001
9.7801700E+000,1.2632557E-001
9.7821700E+000,1.1429805E-001
9.7841700E+000,1.0227053E-001
9.7861700E+000,9.2181926E-002
9.7881700E+000,8.3468797E-002
9.7901700E+000,7.5105498E-002
9.7921700E+000,7.0508006E-002
9.7941700E+000,6.5910514E-002
9.7961700E+000,6.3254236E-002
9.7981700E+000,6.1975060E-002
9.8001700E+000,6.0808301E-002
9.8021700E+000,6.0851695E-002
9.8041700E+000,6.0895089E-002
9.8061700E+000,6.0362234E-002
9.8081700E+000,5.9420589E-002
9.8101700E+000,5.8253250E-002
9.8121700E+000,5.4656384E-002
9.8141700E+000,5.1059519E-002
9.8161700E+000,4.5643146E-002
9.8181700E+000,3.8936010E-002
9.8201700E+000,3.2028161E-002
9.8221700E+000,2.2959679E-002
9.8241700E+000,1.3891196E-002
9.8261700E+000,4.2854381E-003
9.8281700E+000,-5.7014643E-003
9.8301700E+000,-1.5643860E-002
9.8321700E+000,-2.5107149E-002
9.8341700E+000,-3.4570439E-002
9.8361700E+000,-4.3194902E-002
9.8381700E+000,-5.1224301E-002
9.8401700E+000,-5.9113103E-002
9.8421700E+000,-6.5488427E-002
9.8441700E+000,-7.1863752E-002
9.8461700E+000,-7.7425693E-002
9.8481700E+000,-8.2410620E-002
9.8501700E+000,-8.7308292E-002
9.8521700E+000,-9.1266695E-002
9.8541700E+000,-9.5225098E-002
9.8561700E+000,-9.8673968E-002
9.8581700E+000,-1.0176137E-001
9.8601700E+000,-1.0476570E-001
9.8621700E+000,-1.0687571E-001
9.8641700E+000,-1.0898572E-001
9.8661700E+000,-1.1043095E-001
9.8681700E+000,-1.1140459E-001
9.8701700E+000,-1.1228991E-001
9.8721700E+000,-1.1222455E-001
9.8741700E+000,-1.1215919E-001
9.8761700E+000,-1.1179960E-001
9.8781700E+000,-1.1123129E-001
9.8801700E+000,-1.1069569E-001
9.8821700E+000,-1.1051219E-001
9.8841700E+000,-1.1032868E-001
9.8861700E+000,-1.1090028E-001
9.8881700E+000,-1.1200756E-001
9.8901700E+000,-1.1326776E-001
9.8921700E+000,-1.1617421E-001
9.8941700E+000,-1.1908066E-001
9.8961700E+000,-1.2293425E-001
9.8981700E+000,-1.2745973E-001
9.9001700E+000,-1.3204714E-001
9.9021700E+000,-1.3730116E-001
9.9041700E+000,-1.4255518E-001
9.9061700E+000,-1.4745327E-001
9.9081700E+000,-1.5209886E-001
9.9101700E+000,-1.5657822E-001
9.9121700E+000,-1.5926806E-001
9.9141700E+000,-1.6195790E-001
9.9161700E+000,-1.6295812E-001
9.9181700E+000,-1.6275971E-001
9.9201700E+000,-1.6229348E-001
9.9221700E+000,-1.5894436E-001
9.9241700E+000,-1.5559523E-001
9.9261700E+000,-1.5065583E-001
9.9281700E+000,-1.4458830E-001
9.9301700E+000,-1.3837209E-001
9.9321700E+000,-1.3055544E-001
9.9341700E+000,-1.2273880E-001
9.9361700E+000,-1.1464123E-001
9.9381700E+000,-1.0634438E-001
9.9401700E+000,-9.8120286E-002
9.9421700E+000,-9.0679443E-002
9.9441700E+000,-8.3238601E-002
9.9461700E+000,-7.7002966E-002
9.9481700E+000,-7.1622308E-002
9.9501700E+000,-6.6492643E-002
9.9521700E+000,-6.4064854E-002
9.9541700E+000,-6.1637064E-002
9.9561700E+000,-6.1180839E-002
9.9581700E+000,-6.2123246E-002
9.9601700E+000,-6.3337712E-002
9.9621700E+000,-6.7480821E-002
9.9641700E+000,-7.1623931E-002
9.9661700E+000,-7.7196602E-002
9.9681700E+000,-8.3783408E-002
9.9701700E+000,-9.0474990E-002
9.9721700E+000,-9.8294472E-002
9.9741700E+000,-1.0611395E-001
9.9761700E+000,-1.1381034E-001
9.9781700E+000,-1.2141939E-001
9.9801700E+000,-1.2888736E-001
9.9821700E+000,-1.3483654E-001
9.9841700E+000,-1.4078573E-001
9.9861700E+000,-1.4501424E-001
9.9881700E+000,-1.4802211E-001
9.9901700E+000,-1.5069654E-001
9.9921700E+000,-1.4978160E-001
9.9941700E+000,-1.4886667E-001
9.9961700E+000,-1.4533244E-001
9.9981700E+000,-1.3994007E-001
1.0000170E+001,-1.3416675E-001
1.0002170E+001,-1.2429257E-001
1.0004170E+001,-1.1441839E-001
1.0006170E+001,-1.0227923E-001
1.0008170E+001,-8.8533271E-002
1.0010170E+001,-7.4557198E-002
1.0012170E+001,-5.8103994E-002
1.0014170E+001,-4.1650789E-002
1.0016170E+001,-2.4508053E-002
1.0018170E+001,-6.8761632E-003
1.0020170E+001,1.0716730E-002
1.0022170E+001,2.7889831E-002
1.0024170E+001,4.5062933E-002
1.0026170E+001,6.1085355E-002
1.0028170E+001,7.6291482E-002
1.0030170E+001,9.1229346E-002
1.0032170E+001,1.0327943E-001
1.0034170E+001,1.1532952E-001
1.0036170E+001,1.2511723E-001
1.0038170E+001,1.3330000E-001
1.0040170E+001,1.4114510E-001
1.0042170E+001,1.4535522E-001
1.0044170E+001,1.4956533E-001
1.0046170E+001,1.5176668E-001
1.0048170E+001,1.5254302E-001
1.0050170E+001,1.5311692E-001
1.0052170E+001,1.5151176E-001
1.0054170E+001,1.4990660E-001
1.0056170E+001,1.4764236E-001
1.0058170E+001,1.4491058E-001
1.0060170E+001,1.4217383E-001
1.0062170E+001,1.3938370E-001
1.0064170E+001,1.3659357E-001
1.0066170E+001,1.3411243E-001
1.0068170E+001,1.3185050E-001
1.0070170E+001,1.2963758E-001
1.0072170E+001,1.2795214E-001
1.0074170E+001,1.2626671E-001
1.0076170E+001,1.2475357E-001
1.0078170E+001,1.2336265E-001
1.0080170E+001,1.2197475E-001
1.0082170E+001,1.2061922E-001
1.0084170E+001,1.1926369E-001
1.0086170E+001,1.1796310E-001
1.0088170E+001,1.1670148E-001
1.0090170E+001,1.1548562E-001
1.0092170E+001,1.1476246E-001
1.0094170E+001,1.1403930E-001
1.0096170E+001,1.1400420E-001
1.0098170E+001,1.1445722E-001
1.0100170E+001,1.1505177E-001
1.0102170E+001,1.1716989E-001
1.0104170E+001,1.1928802E-001
1.0106170E+001,1.2240186E-001
1.0108170E+001,1.2622208E-001
1.0110170E+001,1.3014252E-001
1.0112170E+001,1.3514198E-001
1.0114170E+001,1.4014144E-001
1.0116170E+001,1.4527246E-001
1.0118170E+001,1.5049682E-001
1.0120170E+001,1.5564583E-001
1.0122170E+001,1.5998367E-001
1.0124170E+001,1.6432151E-001
1.0126170E+001,1.6755416E-001
1.0128170E+001,1.7000278E-001
1.0130170E+001,1.7222706E-001
1.0132170E+001,1.7203651E-001
1.0134170E+001,1.7184595E-001
1.0136170E+001,1.6982998E-001
1.0138170E+001,1.6651906E-001
1.0140170E+001,1.6292203E-001
1.0142170E+001,1.5624514E-001
1.0144170E+001,1.4956825E-001
1.0146170E+001,1.4091905E-001
1.0148170E+001,1.3087069E-001
1.0150170E+001,1.2056180E-001
1.0152170E+001,1.0744843E-001
1.0154170E+001,9.4335049E-002
1.0156170E+001,7.9848681E-002
1.0158170E+001,6.4388311E-002
1.0160170E+001,4.8828668E-002
1.0162170E+001,3.2200380E-002
1.0164170E+001,1.5572091E-002
1.0166170E+001,-8.2232534E-004
1.0168170E+001,-1.7050832E-002
1.0170170E+001,-3.3098296E-002
1.0172170E+001,-4.7196894E-002
1.0174170E+001,-6.1295492E-002
1.0176170E+001,-7.3246961E-002
1.0178170E+001,-8.3675251E-002
1.0180170E+001,-9.3709270E-002
1.0182170E+001,-9.9499067E-002
1.0184170E+001,-1.0528886E-001
1.0186170E+001,-1.0828793E-001
1.0188170E+001,-1.0930724E-001
1.0190170E+001,-1.0998122E-001
1.0192170E+001,-1.0693778E-001
1.0194170E+001,-1.0389435E-001
1.0196170E+001,-9.9206849E-002
1.0198170E+001,-9.3353051E-002
1.0200170E+001,-8.7373536E-002
1.0202170E+001,-8.0040702E-002
1.0204170E+001,-7.2707868E-002
1.0206170E+001,-6.5104510E-002
1.0208170E+001,-5.7309242E-002
1.0210170E+001,-4.9524222E-002
1.0212170E+001,-4.1849512E-002
1.0214170E+001,-3.4174803E-002
1.0216170E+001,-2.6761666E-002
1.0218170E+001,-1.9534088E-002
1.0220170E+001,-1.2376097E-002
1.0222170E+001,-5.9671926E-003
1.0224170E+001,4.4171156E-004
1.0226170E+001,6.0182360E-003
1.0228170E+001,1.1004269E-002
1.0230170E+001,1.5803566E-002
1.0232170E+001,1.8592711E-002
1.0234170E+001,2.1381856E-002
1.0236170E+001,2.2487640E-002
1.0238170E+001,2.2399242E-002
1.0240170E+001,2.2039844E-002
1.0242170E+001,1.8763192E-002
1.0244170E+001,1.5486541E-002
1.0246170E+001,1.0442229E-002
1.0248170E+001,4.1439349E-003
1.0250170E+001,-2.3661634E-003
1.0252170E+001,-1.1156277E-002
1.0254170E+001,-1.9946391E-002
1.0256170E+001,-2.9807589E-002
1.0258170E+001,-4.0428618E-002
1.0260170E+001,-5.1152659E-002
1.0262170E+001,-6.2985599E-002
1.0264170E+001,-7.4818540E-002
1.0266170E+001,-8.7016923E-002
1.0268170E+001,-9.9474550E-002
1.0270170E+001,-1.1192318E-001
1.0272170E+001,-1.2427498E-001
1.0274170E+001,-1.3662678E-001
1.0276170E+001,-1.4829675E-001
1.0278170E+001,-1.5948303E-001
1.0280170E+001,-1.7045130E-001
1.0282170E+001,-1.7907266E-001
1.0284170E+001,-1.8769403E-001
1.0286170E+001,-1.9394243E-001
1.0288170E+001,-1.9850744E-001
1.0290170E+001,-2.0262873E-001
1.0292170E+001,-2.0197356E-001
1.0294170E+001,-2.0131839E-001
1.0296170E+001,-1.9735103E-001
1.0298170E+001,-1.9103399E-001
1.0300170E+001,-1.8427589E-001
1.0302170E+001,-1.7276993E-001
1.0304170E+001,-1.6126396E-001
1.0306170E+001,-1.4749350E-001
1.0308170E+001,-1.3211662E-001
1.0310170E+001,-1.1657136E-001
1.0312170E+001,-9.9213561E-002
1.0314170E+001,-8.1855763E-002
1.0316170E+001,-6.4566334E-002
1.0318170E+001,-4.7325407E-002
1.0320170E+001,-3.0260318E-002
1.0322170E+001,-1.5088072E-002
1.0324170E+001,8.4174145E-005
1.0326170E+001,1.3153948E-002
1.0328170E+001,2.4732224E-002
1.0330170E+001,3.5926813E-002
1.0332170E+001,4.2991122E-002
1.0334170E+001,5.0055432E-002
1.0336170E+001,5.4335444E-002
1.0338170E+001,5.6640271E-002
1.0340170E+001,5.8574348E-002
1.0342170E+001,5.6517407E-002
1.0344170E+001,5.4460466E-002
1.0346170E+001,5.0401965E-002
1.0348170E+001,4.4923553E-002
1.0350170E+001,3.9269728E-002
1.0352170E+001,3.1727620E-002
1.0354170E+001,2.4185512E-002
1.0356170E+001,1.6400641E-002
1.0358170E+001,8.4435551E-003
1.0360170E+001,6.0230053E-004
1.0362170E+001,-5.9920571E-003
1.0364170E+001,-1.2586415E-002
1.0366170E+001,-1.7423118E-002
1.0368170E+001,-2.1012936E-002
1.0370170E+001,-2.4251408E-002
1.0372170E+001,-2.3707727E-002
1.0374170E+001,-2.3164046E-002
1.0376170E+001,-2.0055792E-002
1.0378170E+001,-1.5128226E-002
1.0380170E+001,-9.8937954E-003
1.0382170E+001,-1.3560598E-003
1.0384170E+001,7.1816758E-003
1.0386170E+001,1.6905080E-002
1.0388170E+001,2.7469599E-002
1.0390170E+001,3.8047075E-002
1.0392170E+001,4.8764018E-002
1.0394170E+001,5.9480961E-002
1.0396170E+001,6.9365910E-002
1.0398170E+001,7.8660641E-002
1.0400170E+001,8.7759827E-002
1.0402170E+001,9.4754027E-002
1.0404170E+001,1.0174823E-001
1.0406170E+001,1.0732152E-001
1.0408170E+001,1.1188681E-001
1.0410170E+001,1.1627683E-001
1.0412170E+001,1.1878015E-001
1.0414170E+001,1.2128346E-001
1.0416170E+001,1.2285990E-001
1.0418170E+001,1.2377882E-001
1.0420170E+001,1.2458710E-001
1.0422170E+001,1.2420446E-001
1.0424170E+001,1.2382183E-001
1.0426170E+001,1.2267014E-001
1.0428170E+001,1.2097288E-001
1.0430170E+001,1.1914545E-001
1.0432170E+001,1.1591681E-001
1.0434170E+001,1.1268817E-001
1.0436170E+001,1.0842133E-001
1.0438170E+001,1.0341799E-001
1.0440170E+001,9.8252762E-002
1.0442170E+001,9.1344897E-002
1.0444170E+001,8.4437032E-002
1.0446170E+001,7.6431018E-002
1.0448170E+001,6.7645975E-002
1.0450170E+001,5.8715104E-002
1.0452170E+001,4.8214448E-002
1.0454170E+001,3.7713791E-002
1.0456170E+001,2.6379622E-002
1.0458170E+001,1.4454159E-002
1.0460170E+001,2.4497183E-003
1.0462170E+001,-1.0404887E-002
1.0464170E+001,-2.3259491E-002
1.0466170E+001,-3.6171114E-002
1.0468170E+001,-4.9123184E-002
1.0470170E+001,-6.1977914E-002
1.0472170E+001,-7.3784796E-002
1.0474170E+001,-8.5591678E-002
1.0476170E+001,-9.5825036E-002
1.0478170E+001,-1.0494213E-001
1.0480170E+001,-1.1370314E-001
1.0482170E+001,-1.1863094E-001
1.0484170E+001,-1.2355873E-001
1.0486170E+001,-1.2548289E-001
1.0488170E+001,-1.2527627E-001
1.0490170E+001,-1.2463996E-001
1.0492170E+001,-1.1937817E-001
1.0494170E+001,-1.1411639E-001
1.0496170E+001,-1.0664523E-001
1.0498170E+001,-9.7606727E-002
1.0500170E+001,-8.8432247E-002
1.0502170E+001,-7.7794003E-002
1.0504170E+001,-6.7155759E-002
1.0506170E+001,-5.6945553E-002
1.0508170E+001,-4.7038998E-002
1.0510170E+001,-3.7329923E-002
1.0512170E+001,-2.9746682E-002
1.0514170E+001,-2.2163440E-002
1.0516170E+001,-1.6084539E-002
1.0518170E+001,-1.1072819E-002
1.0520170E+001,-6.1892270E-003
1.0522170E+001,-2.6848932E-003
1.0524170E+001,8.1944057E-004
1.0526170E+001,4.4312866E-003
1.0528170E+001,8.1194020E-003
1.0530170E+001,1.1936034E-002
1.0532170E+001,1.7136112E-002
1.0534170E+001,2.2336190E-002
1.0536170E+001,2.8537572E-002
1.0538170E+001,3.5449281E-002
1.0540170E+001,4.2415569E-002
1.0542170E+001,4.9969377E-002
1.0544170E+001,5.7523186E-002
1.0546170E+001,6.4394108E-002
1.0548170E+001,7.0780589E-002
1.0550170E+001,7.6926354E-002
1.0552170E+001,8.0480882E-002
1.0554170E+001,8.4035410E-002
1.0556170E+001,8.5492095E-002
1.0558170E+001,8.5460566E-002
1.0560170E+001,8.5160969E-002
1.0562170E+001,8.1975702E-002
1.0564170E+001,7.8790436E-002
1.0566170E+001,7.4529420E-002
1.0568170E+001,6.9505265E-002
1.0570170E+001,6.4454422E-002
1.0572170E+001,5.9116290E-002
1.0574170E+001,5.3778157E-002
1.0576170E+001,4.8888722E-002
1.0578170E+001,4.4317595E-002
1.0580170E+001,3.9841881E-002
1.0582170E+001,3.6393264E-002
1.0584170E+001,3.2944647E-002
1.0586170E+001,3.0062507E-002
1.0588170E+001,2.7582229E-002
1.0590170E+001,2.5173172E-002
1.0592170E+001,2.3530792E-002
1.0594170E+001,2.1888412E-002
1.0596170E+001,2.0949413E-002
1.0598170E+001,2.0509393E-002
1.0600170E+001,2.0250218E-002
1.0602170E+001,2.1937780E-002
1.0604170E+001,2.3625343E-002
1.0606170E+001,2.7178896E-002
1.0608170E+001,3.2056187E-002
1.0610170E+001,3.7248460E-002
1.0612170E+001,4.5831437E-002
1.0614170E+001,5.4414414E-002
1.0616170E+001,6.4828470E-002
1.0618170E+001,7.6541495E-002
1.0620170E+001,8.8371239E-002
1.0622170E+001,1.0145742E-001
1.0624170E+001,1.1454359E-001
1.0626170E+001,1.2696494E-001
1.0628170E+001,1.3891464E-001
1.0630170E+001,1.5055360E-001
1.0632170E+001,1.5884743E-001
1.0634170E+001,1.6714127E-001
1.0636170E+001,1.7223706E-001
1.0638170E+001,1.7506414E-001
1.0640170E+001,1.7736647E-001
1.0642170E+001,1.7401992E-001
1.0644170E+001,1.7067336E-001
1.0646170E+001,1.6391869E-001
1.0648170E+001,1.5474629E-001
1.0650170E+001,1.4516451E-001
1.0652170E+001,1.3117596E-001
1.0654170E+001,1.1718741E-001
1.0656170E+001,1.0108380E-001
1.0658170E+001,8.3479756E-002
1.0660170E+001,6.5663798E-002
1.0662170E+001,4.5566615E-002
1.0664170E+001,2.5469433E-002
1.0666170E+001,4.5554839E-003
1.0668170E+001,-1.6937881E-002
1.0670170E+001,-3.8437271E-002
1.0672170E+001,-6.0001509E-002
1.0674170E+001,-8.1565748E-002
1.0676170E+001,-1.0216145E-001
1.0678170E+001,-1.2207008E-001
1.0680170E+001,-1.4166948E-001
1.0682170E+001,-1.5794016E-001
1.0684170E+001,-1.7421085E-001
1.0686170E+001,-1.8732256E-001
1.0688170E+001,-1.9819327E-001
1.0690170E+001,-2.0852280E-001
1.0692170E+001,-2.1302659E-001
1.0694170E+001,-2.1753037E-001
1.0696170E+001,-2.1841330E-001
1.0698170E+001,-2.1672759E-001
1.0700170E+001,-2.1462119E-001
1.0702170E+001,-2.0798627E-001
1.0704170E+001,-2.0135135E-001
1.0706170E+001,-1.9288857E-001
1.0708170E+001,-1.8312909E-001
1.0710170E+001,-1.7325455E-001
1.0712170E+001,-1.6214130E-001
1.0714170E+001,-1.5102805E-001
1.0716170E+001,-1.3983147E-001
1.0718170E+001,-1.2857577E-001
1.0720170E+001,-1.1734835E-001
1.0722170E+001,-1.0642523E-001
1.0724170E+001,-9.5502114E-002
1.0726170E+001,-8.4724549E-002
1.0728170E+001,-7.4050237E-002
1.0730170E+001,-6.3376922E-002
1.0732170E+001,-5.2714332E-002
1.0734170E+001,-4.2051742E-002
1.0736170E+001,-3.1420893E-002
1.0738170E+001,-2.0812560E-002
1.0740170E+001,-1.0259545E-002
1.0742170E+001,-3.0199747E-004
1.0744170E+001,9.6555497E-003
1.0746170E+001,1.8553600E-002
1.0748170E+001,2.6700042E-002
1.0750170E+001,3.4567806E-002
1.0752170E+001,3.9435683E-002
1.0754170E+001,4.4303560E-002
1.0756170E+001,4.6469318E-002
1.0758170E+001,4.6718189E-002
1.0760170E+001,4.6510902E-002
1.0762170E+001,4.1393207E-002
1.0764170E+001,3.6275512E-002
1.0766170E+001,2.8124882E-002
1.0768170E+001,1.7822683E-002
1.0770170E+001,7.1810625E-003
1.0772170E+001,-7.1143217E-003
1.0774170E+001,-2.1409706E-002
1.0776170E+001,-3.6884752E-002
1.0778170E+001,-5.3196652E-002
1.0780170E+001,-6.9484599E-002
1.0782170E+001,-8.5514694E-002
1.0784170E+001,-1.0154479E-001
1.0786170E+001,-1.1619517E-001
1.0788170E+001,-1.2986678E-001
1.0790170E+001,-1.4321646E-001
1.0792170E+001,-1.5310069E-001
1.0794170E+001,-1.6298491E-001
1.0796170E+001,-1.7029049E-001
1.0798170E+001,-1.7576675E-001
1.0800170E+001,-1.8087290E-001
1.0802170E+001,-1.8199474E-001
1.0804170E+001,-1.8311658E-001
1.0806170E+001,-1.8192828E-001
1.0808170E+001,-1.7910115E-001
1.0810170E+001,-1.7597535E-001
1.0812170E+001,-1.6963439E-001
1.0814170E+001,-1.6329344E-001
1.0816170E+001,-1.5507865E-001
1.0818170E+001,-1.4553456E-001
1.0820170E+001,-1.3574024E-001
1.0822170E+001,-1.2325218E-001
1.0824170E+001,-1.1076412E-001
1.0826170E+001,-9.6807805E-002
1.0828170E+001,-8.1809913E-002
1.0830170E+001,-6.6669962E-002
1.0832170E+001,-5.0000790E-002
1.0834170E+001,-3.3331618E-002
1.0836170E+001,-1.6467170E-002
1.0838170E+001,5.3580528E-004
1.0840170E+001,1.7420087E-002
1.0842170E+001,3.3026659E-002
1.0844170E+001,4.8633231E-002
1.0846170E+001,6.2355189E-002
1.0848170E+001,7.4740199E-002
1.0850170E+001,8.6724306E-002
1.0852170E+001,9.4392813E-002
1.0854170E+001,1.0206132E-001
1.0856170E+001,1.0654533E-001
1.0858170E+001,1.0877024E-001
1.0860170E+001,1.1056070E-001
1.0862170E+001,1.0767430E-001
1.0864170E+001,1.0478790E-001
1.0866170E+001,9.9724596E-002
1.0868170E+001,9.3116998E-002
1.0870170E+001,8.6372610E-002
1.0872170E+001,7.8155715E-002
1.0874170E+001,6.9938820E-002
1.0876170E+001,6.2113108E-002
1.0878170E+001,5.4564901E-002
1.0880170E+001,4.7233995E-002
1.0882170E+001,4.2242273E-002
1.0884170E+001,3.7250550E-002
1.0886170E+001,3.4422364E-002
1.0888170E+001,3.3128994E-002
1.0890170E+001,3.2177546E-002
1.0892170E+001,3.4906795E-002
1.0894170E+001,3.7636044E-002
1.0896170E+001,4.2523393E-002
1.0898170E+001,4.8941703E-002
1.0900170E+001,5.5611193E-002
1.0902170E+001,6.4984576E-002
1.0904170E+001,7.4357959E-002
1.0906170E+001,8.4927144E-002
1.0908170E+001,9.6344635E-002
1.0910170E+001,1.0785385E-001
1.0912170E+001,1.2035048E-001
1.0914170E+001,1.3284710E-001
1.0916170E+001,1.4539787E-001
1.0918170E+001,1.5798705E-001
1.0920170E+001,1.7049794E-001
1.0922170E+001,1.8216602E-001
1.0924170E+001,1.9383410E-001
1.0926170E+001,2.0436078E-001
1.0928170E+001,2.1407776E-001
1.0930170E+001,2.2354524E-001
1.0932170E+001,2.3032697E-001
1.0934170E+001,2.3710870E-001
1.0936170E+001,2.4169896E-001
1.0938170E+001,2.4473460E-001
1.0940170E+001,2.4741269E-001
1.0942170E+001,2.4624203E-001
1.0944170E+001,2.4507137E-001
1.0946170E+001,2.4147672E-001
1.0948170E+001,2.3616247E-001
1.0950170E+001,2.3055267E-001
1.0952170E+001,2.2176124E-001
1.0954170E+001,2.1296981E-001
1.0956170E+001,2.0283664E-001
1.0958170E+001,1.9175163E-001
1.0960170E+001,1.8059359E-001
1.0962170E+001,1.6864939E-001
1.0964170E+001,1.5670519E-001
1.0966170E+001,1.4502690E-001
1.0968170E+001,1.3353723E-001
1.0970170E+001,1.2215879E-001
1.0972170E+001,1.1197777E-001
1.0974170E+001,1.0179675E-001
1.0976170E+001,9.2511821E-002
1.0978170E+001,8.3862581E-002
1.0980170E+001,7.5314147E-002
1.0982170E+001,6.7850868E-002
1.0984170E+001,6.0387589E-002
1.0986170E+001,5.3235450E-002
1.0988170E+001,4.6304035E-002
1.0990170E+001,3.9365426E-002
1.0992170E+001,3.2349378E-002
1.0994170E+001,2.5333330E-002
1.0996170E+001,1.8100945E-002
1.0998170E+001,1.0715089E-002
1.1000170E+001,3.3131983E-003
1.1002170E+001,-4.2613145E-003
1.1004170E+001,-1.1835827E-002
1.1006170E+001,-1.9180951E-002
1.1008170E+001,-2.6363346E-002
1.1010170E+001,-3.3449448E-002
1.1012170E+001,-3.9498982E-002
1.1014170E+001,-4.5548516E-002
1.1016170E+001,-5.0597401E-002
1.1018170E+001,-5.4936424E-002
1.1020170E+001,-5.9118787E-002
1.1022170E+001,-6.1614759E-002
1.1024170E+001,-6.4110731E-002
1.1026170E+001,-6.5782304E-002
1.1028170E+001,-6.6869047E-002
1.1030170E+001,-6.7911966E-002
1.1032170E+001,-6.8483131E-002
1.1034170E+001,-6.9054296E-002
1.1036170E+001,-6.9934615E-002
1.1038170E+001,-7.1034247E-002
1.1040170E+001,-7.2247080E-002
1.1042170E+001,-7.4678497E-002
1.1044170E+001,-7.7109915E-002
1.1046170E+001,-8.0472935E-002
1.1048170E+001,-8.4496838E-002
1.1050170E+001,-8.8625654E-002
1.1052170E+001,-9.3883838E-002
1.1054170E+001,-9.9142023E-002
1.1056170E+001,-1.0465398E-001
1.1058170E+001,-1.1034598E-001
1.1060170E+001,-1.1599761E-001
1.1062170E+001,-1.2121484E-001
1.1064170E+001,-1.2643206E-001
1.1066170E+001,-1.3097078E-001
1.1068170E+001,-1.3502818E-001
1.1070170E+001,-1.3896391E-001
1.1072170E+001,-1.4159000E-001
1.1074170E+001,-1.4421609E-001
1.1076170E+001,-1.4608290E-001
1.1078170E+001,-1.4741106E-001
1.1080170E+001,-1.4866004E-001
1.1082170E+001,-1.4905658E-001
1.1084170E+001,-1.4945312E-001
1.1086170E+001,-1.4951946E-001
1.1088170E+001,-1.4935155E-001
1.1090170E+001,-1.4915242E-001
1.1092170E+001,-1.4861720E-001
1.1094170E+001,-1.4808198E-001
1.1096170E+001,-1.4733181E-001
1.1098170E+001,-1.4642916E-001
1.1100170E+001,-1.4548835E-001
1.1102170E+001,-1.4413664E-001
1.1104170E+001,-1.4278494E-001
1.1106170E+001,-1.4117567E-001
1.1108170E+001,-1.3938369E-001
1.1110170E+001,-1.3757151E-001
1.1112170E+001,-1.3554200E-001
1.1114170E+001,-1.3351249E-001
1.1116170E+001,-1.3154840E-001
1.1118170E+001,-1.2963073E-001
1.1120170E+001,-1.2774954E-001
1.1122170E+001,-1.2626105E-001
1.1124170E+001,-1.2477256E-001
1.1126170E+001,-1.2358675E-001
1.1128170E+001,-1.2261565E-001
1.1130170E+001,-1.2166880E-001
1.1132170E+001,-1.2098309E-001
1.1134170E+001,-1.2029737E-001
1.1136170E+001,-1.1949183E-001
1.1138170E+001,-1.1860128E-001
1.1140170E+001,-1.1764359E-001
1.1142170E+001,-1.1596313E-001
1.1144170E+001,-1.1428267E-001
1.1146170E+001,-1.1184364E-001
1.1148170E+001,-1.0886648E-001
1.1150170E+001,-1.0575343E-001
1.1152170E+001,-1.0117770E-001
1.1154170E+001,-9.6601963E-002
1.1156170E+001,-9.1081396E-002
1.1158170E+001,-8.4890563E-002
1.1160170E+001,-7.8589646E-002
1.1162170E+001,-7.1103701E-002
1.1164170E+001,-6.3617756E-002
1.1166170E+001,-5.5762588E-002
1.1168170E+001,-4.7645493E-002
1.1170170E+001,-3.9553440E-002
1.1172170E+001,-3.1730952E-002
1.1174170E+001,-2.3908464E-002
1.1176170E+001,-1.6835994E-002
1.1178170E+001,-1.0295589E-002
1.1180170E+001,-3.9294251E-003
1.1182170E+001,5.6108814E-004
1.1184170E+001,5.0516014E-003
1.1186170E+001,8.1777185E-003
1.1188170E+001,1.0335930E-002
1.1190170E+001,1.2325471E-002
1.1192170E+001,1.2499313E-002
1.1194170E+001,1.2673155E-002
1.1196170E+001,1.2236479E-002
1.1198170E+001,1.1366699E-002
1.1200170E+001,1.0519660E-002
1.1202170E+001,9.9174155E-003
1.1204170E+001,9.3151707E-003
1.1206170E+001,9.6429151E-003
1.1208170E+001,1.0630396E-002
1.1210170E+001,1.1831811E-002
1.1212170E+001,1.5336163E-002
1.1214170E+001,1.8840515E-002
1.1216170E+001,2.3936516E-002
1.1218170E+001,3.0161636E-002
1.1220170E+001,3.6563493E-002
1.1222170E+001,4.4867872E-002
1.1224170E+001,5.3172252E-002
1.1226170E+001,6.1914801E-002
1.1228170E+001,7.0968188E-002
1.1230170E+001,7.9947365E-002
1.1232170E+001,8.8127683E-002
1.1234170E+001,9.6308002E-002
1.1236170E+001,1.0314136E-001
1.1238170E+001,1.0901918E-001
1.1240170E+001,1.1462830E-001
1.1242170E+001,1.1734499E-001
1.1244170E+001,1.2006168E-001
1.1246170E+001,1.2084515E-001
1.1248170E+001,1.2025718E-001
1.1250170E+001,1.1942918E-001
1.1252170E+001,1.1601735E-001
1.1254170E+001,1.1260552E-001
1.1256170E+001,1.0805262E-001
1.1258170E+001,1.0269023E-001
1.1260170E+001,9.7247053E-002
1.1262170E+001,9.0934184E-002
1.1264170E+001,8.4621315E-002
1.1266170E+001,7.8275490E-002
1.1268170E+001,7.1906287E-002
1.1270170E+001,6.5585106E-002
1.1272170E+001,5.9780857E-002
1.1274170E+001,5.3976609E-002
1.1276170E+001,4.8662571E-002
1.1278170E+001,4.3696289E-002
1.1280170E+001,3.8797973E-002
1.1282170E+001,3.4631279E-002
1.1284170E+001,3.0464586E-002
1.1286170E+001,2.6643533E-002
1.1288170E+001,2.3067679E-002
1.1290170E+001,1.9526287E-002
1.1292170E+001,1.6355883E-002
1.1294170E+001,1.3185478E-002
1.1296170E+001,1.0256775E-002
1.1298170E+001,7.4995358E-003
1.1300170E+001,4.8011759E-003
1.1302170E+001,2.7366380E-003
1.1304170E+001,6.7210000E-004
1.1306170E+001,-6.9332264E-004
1.1308170E+001,-1.5627914E-003
1.1310170E+001,-2.2845419E-003
1.1312170E+001,-1.4161466E-003
1.1314170E+001,-5.4775134E-004
1.1316170E+001,1.5120741E-003
1.1318170E+001,4.4171026E-003
1.1320170E+001,7.4748084E-003
1.1322170E+001,1.2176044E-002
1.1324170E+001,1.6877280E-002
1.1326170E+001,2.2083842E-002
1.1328170E+001,2.7648884E-002
1.1330170E+001,3.3161124E-002
1.1332170E+001,3.8104971E-002
1.1334170E+001,4.3048817E-002
1.1336170E+001,4.6709573E-002
1.1338170E+001,4.9460102E-002
1.1340170E+001,5.1937365E-002
1.1342170E+001,5.1473000E-002
1.1344170E+001,5.1008635E-002
1.1346170E+001,4.8687764E-002
1.1348170E+001,4.5049884E-002
1.1350170E+001,4.1244590E-002
1.1352170E+001,3.5637140E-002
1.1354170E+001,3.0029689E-002
1.1356170E+001,2.4410363E-002
1.1358170E+001,1.8782613E-002
1.1360170E+001,1.3316557E-002
1.1362170E+001,9.5910874E-003
1.1364170E+001,5.8656182E-003
1.1366170E+001,3.9124275E-003
1.1368170E+001,3.2164949E-003
1.1370170E+001,2.7720616E-003
1.1372170E+001,5.0349482E-003
1.1374170E+001,7.2978348E-003
1.1376170E+001,1.0625978E-002
1.1378170E+001,1.4709816E-002
1.1380170E+001,1.8808097E-002
1.1382170E+001,2.3061852E-002
1.1384170E+001,2.7315607E-002
1.1386170E+001,3.0795877E-002
1.1388170E+001,3.3727436E-002
1.1390170E+001,3.6473751E-002
1.1392170E+001,3.7225972E-002
1.1394170E+001,3.7978193E-002
1.1396170E+001,3.7396002E-002
1.1398170E+001,3.5867175E-002
1.1400170E+001,3.4183796E-002
1.1402170E+001,3.0836702E-002
1.1404170E+001,2.7489609E-002
1.1406170E+001,2.3490853E-002
1.1408170E+001,1.9029805E-002
1.1410170E+001,1.4532273E-002
1.1412170E+001,9.6419949E-003
1.1414170E+001,4.7517168E-003
1.1416170E+001,-5.4067954E-005
1.1418170E+001,-4.7999129E-003
1.1420170E+001,-9.4891374E-003
1.1422170E+001,-1.3568859E-002
1.1424170E+001,-1.7648581E-002
1.1426170E+001,-2.1010035E-002
1.1428170E+001,-2.3861947E-002
1.1430170E+001,-2.6559017E-002
1.1432170E+001,-2.7589236E-002
1.1434170E+001,-2.8619456E-002
1.1436170E+001,-2.8311666E-002
1.1438170E+001,-2.7054689E-002
1.1440170E+001,-2.5595485E-002
1.1442170E+001,-2.1959363E-002
1.1444170E+001,-1.8323240E-002
1.1446170E+001,-1.3568808E-002
1.1448170E+001,-8.0210433E-003
1.1450170E+001,-2.3984415E-003
1.1452170E+001,4.0297645E-003
1.1454170E+001,1.0457971E-002
1.1456170E+001,1.6588642E-002
1.1458170E+001,2.2508240E-002
1.1460170E+001,2.8265719E-002
1.1462170E+001,3.2278014E-002
1.1464170E+001,3.6290310E-002
1.1466170E+001,3.8583339E-002
1.1468170E+001,3.9656718E-002
1.1470170E+001,4.0449216E-002
1.1472170E+001,3.8218120E-002
1.1474170E+001,3.5987023E-002
1.1476170E+001,3.2085669E-002
1.1478170E+001,2.6999430E-002
1.1480170E+001,2.1774556E-002
1.1482170E+001,1.5057309E-002
1.1484170E+001,8.3400612E-003
1.1486170E+001,1.6966574E-003
1.1488170E+001,-4.8943617E-003
1.1490170E+001,-1.1315925E-002
1.1492170E+001,-1.5913346E-002
1.1494170E+001,-2.0510768E-002
1.1496170E+001,-2.3092416E-002
1.1498170E+001,-2.4244070E-002
1.1500170E+001,-2.5054996E-002
1.1502170E+001,-2.2198075E-002
1.1504170E+001,-1.9341154E-002
1.1506170E+001,-1.4465058E-002
1.1508170E+001,-8.1565552E-003
1.1510170E+001,-1.6845154E-003
1.1512170E+001,6.5479576E-003
1.1514170E+001,1.4780431E-002
1.1516170E+001,2.2973636E-002
1.1518170E+001,3.1138984E-002
1.1520170E+001,3.9146337E-002
1.1522170E+001,4.5452914E-002
1.1524170E+001,5.1759490E-002
1.1526170E+001,5.6356942E-002
1.1528170E+001,5.9741938E-002
1.1530170E+001,6.2865331E-002
1.1532170E+001,6.3172649E-002
1.1534170E+001,6.3479966E-002
1.1536170E+001,6.2307356E-002
1.1538170E+001,6.0084883E-002
1.1540170E+001,5.7717743E-002
1.1542170E+001,5.3793308E-002
1.1544170E+001,4.9868872E-002
1.1546170E+001,4.5359687E-002
1.1548170E+001,4.0435678E-002
1.1550170E+001,3.5458654E-002
1.1552170E+001,2.9910925E-002
1.1554170E+001,2.4363195E-002
1.1556170E+001,1.8509992E-002
1.1558170E+001,1.2440085E-002
1.1560170E+001,6.3298456E-003
1.1562170E+001,-2.1455232E-004
1.1564170E+001,-6.7589502E-003
1.1566170E+001,-1.3446037E-002
1.1568170E+001,-2.0234348E-002
1.1570170E+001,-2.6998125E-002
1.1572170E+001,-3.3497811E-002
1.1574170E+001,-3.9997497E-002
1.1576170E+001,-4.5873756E-002
1.1578170E+001,-5.1307753E-002
1.1580170E+001,-5.6581922E-002
1.1582170E+001,-6.0135588E-002
1.1584170E+001,-6.3689254E-002
1.1586170E+001,-6.5801011E-002
1.1588170E+001,-6.6889875E-002
1.1590170E+001,-6.7757455E-002
1.1592170E+001,-6.6242985E-002
1.1594170E+001,-6.4728514E-002
1.1596170E+001,-6.1910577E-002
1.1598170E+001,-5.8167957E-002
1.1600170E+001,-5.4301420E-002
1.1602170E+001,-4.9100947E-002
1.1604170E+001,-4.3900474E-002
1.1606170E+001,-3.8377474E-002
1.1608170E+001,-3.2625672E-002
1.1610170E+001,-2.6891886E-002
1.1612170E+001,-2.1352032E-002
1.1614170E+001,-1.5812177E-002
1.1616170E+001,-1.0662716E-002
1.1618170E+001,-5.7902014E-003
1.1620170E+001,-9.8883948E-004
1.1622170E+001,3.0465790E-003
1.1624170E+001,7.0819975E-003
1.1626170E+001,1.0597533E-002
1.1628170E+001,1.3744262E-002
1.1630170E+001,1.6806096E-002
1.1632170E+001,1.8954068E-002
1.1634170E+001,2.1102039E-002
1.1636170E+001,2.2542377E-002
1.1638170E+001,2.3480719E-002
1.1640170E+001,2.4301699E-002
1.1642170E+001,2.3859317E-002
1.1644170E+001,2.3416936E-002
1.1646170E+001,2.2226267E-002
1.1648170E+001,2.0504762E-002
1.1650170E+001,1.8719057E-002
1.1652170E+001,1.6242269E-002
1.1654170E+001,1.3765481E-002
1.1656170E+001,1.1357752E-002
1.1658170E+001,8.9990138E-003
1.1660170E+001,6.7291502E-003
1.1662170E+001,5.4159922E-003
1.1664170E+001,4.1028342E-003
1.1666170E+001,3.7565805E-003
1.1668170E+001,4.0962507E-003
1.1670170E+001,4.5785955E-003
1.1672170E+001,6.5967923E-003
1.1674170E+001,8.6149891E-003
1.1676170E+001,1.1274578E-002
1.1678170E+001,1.4389172E-002
1.1680170E+001,1.7512899E-002
1.1682170E+001,2.0734938E-002
1.1684170E+001,2.3956977E-002
1.1686170E+001,2.6613008E-002
1.1688170E+001,2.8867510E-002
1.1690170E+001,3.0967556E-002
1.1692170E+001,3.1404916E-002
1.1694170E+001,3.1842277E-002
1.1696170E+001,3.0977607E-002
1.1698170E+001,2.9189273E-002
1.1700170E+001,2.7222384E-002
1.1702170E+001,2.3333397E-002
1.1704170E+001,1.9444411E-002
1.1706170E+001,1.4697884E-002
1.1708170E+001,9.3430166E-003
1.1710170E+001,3.9497548E-003
1.1712170E+001,-1.8568096E-003
1.1714170E+001,-7.6633740E-003
1.1716170E+001,-1.3052218E-002
1.1718170E+001,-1.8144730E-002
1.1720170E+001,-2.3089566E-002
1.1722170E+001,-2.6444715E-002
1.1724170E+001,-2.9799864E-002
1.1726170E+001,-3.1792089E-002
1.1728170E+001,-3.2817453E-002
1.1730170E+001,-3.3647103E-002
1.1732170E+001,-3.2369935E-002
1.1734170E+001,-3.1092767E-002
1.1736170E+001,-2.8856399E-002
1.1738170E+001,-2.5939573E-002
1.1740170E+001,-2.2978674E-002
1.1742170E+001,-1.9543336E-002
1.1744170E+001,-1.6107998E-002
1.1746170E+001,-1.3097426E-002
1.1748170E+001,-1.0388183E-002
1.1750170E+001,-7.8222258E-003
1.1752170E+001,-6.7986921E-003
1.1754170E+001,-5.7751584E-003
1.1756170E+001,-5.9232857E-003
1.1758170E+001,-6.9025918E-003
1.1760170E+001,-8.0105389E-003
1.1762170E+001,-1.0503271E-002
1.1764170E+001,-1.2996004E-002
1.1766170E+001,-1.5692653E-002
1.1768170E+001,-1.8533960E-002
1.1770170E+001,-2.1283749E-002
1.1772170E+001,-2.3048369E-002
1.1774170E+001,-2.4812989E-002
1.1776170E+001,-2.5282842E-002
1.1778170E+001,-2.4834185E-002
1.1780170E+001,-2.4164071E-002
1.1782170E+001,-2.1110040E-002
1.1784170E+001,-1.8056008E-002
1.1786170E+001,-1.3787126E-002
1.1788170E+001,-8.6564258E-003
1.1790170E+001,-3.4593918E-003
1.1792170E+001,2.4517072E-003
1.1794170E+001,8.3628061E-003
1.1796170E+001,1.3750443E-002
1.1798170E+001,1.8766734E-002
1.1800170E+001,2.3571474E-002
1.1802170E+001,2.6098920E-002
1.1804170E+001,2.8626366E-002
1.1806170E+001,2.9041567E-002
1.1808170E+001,2.7958335E-002
1.1810170E+001,2.6534337E-002
1.1812170E+001,2.1442087E-002
1.1814170E+001,1.6349837E-002
1.1816170E+001,9.1582549E-003
1.1818170E+001,4.7740132E-004
1.1820170E+001,-8.4084469E-003
1.1822170E+001,-1.9501007E-002
1.1824170E+001,-3.0593566E-002
1.1826170E+001,-4.2095688E-002
1.1828170E+001,-5.3888353E-002
1.1830170E+001,-6.5580315E-002
1.1832170E+001,-7.6188223E-002
1.1834170E+001,-8.6796132E-002
1.1836170E+001,-9.5758986E-002
1.1838170E+001,-1.0355484E-001
1.1840170E+001,-1.1102788E-001
1.1842170E+001,-1.1502596E-001
1.1844170E+001,-1.1902404E-001
1.1846170E+001,-1.2072679E-001
1.1848170E+001,-1.2080123E-001
1.1850170E+001,-1.2060292E-001
1.1852170E+001,-1.1746861E-001
1.1854170E+001,-1.1433430E-001
1.1856170E+001,-1.1008469E-001
1.1858170E+001,-1.0504387E-001
1.1860170E+001,-9.9966715E-002
1.1862170E+001,-9.4498289E-002
1.1864170E+001,-8.9029863E-002
1.1866170E+001,-8.4023716E-002
1.1868170E+001,-7.9345511E-002
1.1870170E+001,-7.4788513E-002
1.1872170E+001,-7.1536287E-002
1.1874170E+001,-6.8284060E-002
1.1876170E+001,-6.5837533E-002
1.1878170E+001,-6.3962571E-002
1.1880170E+001,-6.2153619E-002
1.1882170E+001,-6.1055253E-002
1.1884170E+001,-5.9956886E-002
1.1886170E+001,-5.8810835E-002
1.1888170E+001,-5.7630957E-002
1.1890170E+001,-5.6377848E-002
1.1892170E+001,-5.4336439E-002
1.1894170E+001,-5.2295029E-002
1.1896170E+001,-4.9494153E-002
1.1898170E+001,-4.6154511E-002
1.1900170E+001,-4.2707869E-002
1.1902170E+001,-3.8109419E-002
1.1904170E+001,-3.3510968E-002
1.1906170E+001,-2.8473660E-002
1.1908170E+001,-2.3125026E-002
1.1910170E+001,-1.7785580E-002
1.1912170E+001,-1.2545043E-002
1.1914170E+001,-7.3045052E-003
1.1916170E+001,-2.7198024E-003
1.1918170E+001,1.3996499E-003
1.1920170E+001,5.3444277E-003
1.1922170E+001,7.4088828E-003
1.1924170E+001,9.4733379E-003
1.1926170E+001,9.9725534E-003
1.1928170E+001,9.3613848E-003
1.1930170E+001,8.5129687E-003
1.1932170E+001,5.1106495E-003
1.1934170E+001,1.7083303E-003
1.1936170E+001,-3.0366191E-003
1.1938170E+001,-8.7340333E-003
1.1940170E+001,-1.4533652E-002
1.1942170E+001,-2.1433481E-002
1.1944170E+001,-2.8333310E-002
1.1946170E+001,-3.5040187E-002
1.1948170E+001,-4.1610183E-002
1.1950170E+001,-4.8009166E-002
1.1952170E+001,-5.2567247E-002
1.1954170E+001,-5.7125328E-002
1.1956170E+001,-5.9650257E-002
1.1958170E+001,-6.0732863E-002
1.1960170E+001,-6.1444221E-002
1.1962170E+001,-5.8159196E-002
1.1964170E+001,-5.4874170E-002
1.1966170E+001,-4.8984324E-002
1.1968170E+001,-4.1246613E-002
1.1970170E+001,-3.3196215E-002
1.1972170E+001,-2.1779826E-002
1.1974170E+001,-1.0363436E-002
1.1976170E+001,2.3317669E-003
1.1978170E+001,1.5934164E-002
1.1980170E+001,2.9559268E-002
1.1982170E+001,4.3428806E-002
1.1984170E+001,5.7298345E-002
1.1986170E+001,7.0174434E-002
1.1988170E+001,8.2345770E-002
1.1990170E+001,9.4235098E-002
1.1992170E+001,1.0308870E-001
1.1994170E+001,1.1194230E-001
1.1996170E+001,1.1829795E-001
1.1998170E+001,1.2288155E-001
1.2000170E+001,1.2709208E-001
1.2002170E+001,1.2728657E-001
1.2004170E+001,1.2748106E-001
1.2006170E+001,1.2549919E-001
1.2008170E+001,1.2197342E-001
1.2010170E+001,1.1823471E-001
1.2012170E+001,1.1220391E-001
1.2014170E+001,1.0617311E-001
1.2016170E+001,9.9508432E-002
1.2018170E+001,9.2394074E-002
1.2020170E+001,8.5300345E-002
1.2022170E+001,7.8428681E-002
1.2024170E+001,7.1557016E-002
1.2026170E+001,6.5449629E-002
1.2028170E+001,5.9884423E-002
1.2030170E+001,5.4494964E-002
1.2032170E+001,5.0997367E-002
1.2034170E+001,4.7499769E-002
1.2036170E+001,4.5476295E-002
1.2038170E+001,4.4498565E-002
1.2040170E+001,4.3741714E-002
1.2042170E+001,4.5362551E-002
1.2044170E+001,4.6983388E-002
1.2046170E+001,4.9879432E-002
1.2048170E+001,5.3680111E-002
1.2050170E+001,5.7581725E-002
1.2052170E+001,6.2569891E-002
1.2054170E+001,6.7558056E-002
1.2056170E+001,7.2389068E-002
1.2058170E+001,7.7108595E-002
1.2060170E+001,8.1672140E-002
1.2062170E+001,8.4556578E-002
1.2064170E+001,8.7441016E-002
1.2066170E+001,8.8567926E-002
1.2068170E+001,8.8448043E-002
1.2070170E+001,8.8045709E-002
1.2072170E+001,8.4602878E-002
1.2074170E+001,8.1160046E-002
1.2076170E+001,7.6189343E-002
1.2078170E+001,7.0134763E-002
1.2080170E+001,6.3988685E-002
1.2082170E+001,5.6857652E-002
1.2084170E+001,4.9726618E-002
1.2086170E+001,4.3036431E-002
1.2088170E+001,3.6658981E-002
1.2090170E+001,3.0471178E-002
1.2092170E+001,2.6324863E-002
1.2094170E+001,2.2178549E-002
1.2096170E+001,1.9697228E-002
1.2098170E+001,1.8397057E-002
1.2100170E+001,1.7302665E-002
1.2102170E+001,1.8423421E-002
1.2104170E+001,1.9544176E-002
1.2106170E+001,2.1348733E-002
1.2108170E+001,2.3638379E-002
1.2110170E+001,2.5893862E-002
1.2112170E+001,2.7781579E-002
1.2114170E+001,2.9669297E-002
1.2116170E+001,3.0564164E-002
1.2118170E+001,3.0754702E-002
1.2120170E+001,3.0752355E-002
1.2122170E+001,2.8673662E-002
1.2124170E+001,2.6594968E-002
1.2126170E+001,2.3357619E-002
1.2128170E+001,1.9298318E-002
1.2130170E+001,1.5151100E-002
1.2132170E+001,1.0057496E-002
1.2134170E+001,4.9638913E-003
1.2136170E+001,-4.9021999E-005
1.2138170E+001,-5.0046928E-003
1.2140170E+001,-9.8687581E-003
1.2142170E+001,-1.3746716E-002
1.2144170E+001,-1.7624673E-002
1.2146170E+001,-2.0626897E-002
1.2148170E+001,-2.3007874E-002
1.2150170E+001,-2.5271957E-002
1.2152170E+001,-2.6277708E-002
1.2154170E+001,-2.7283459E-002
1.2156170E+001,-2.7751786E-002
1.2158170E+001,-2.7838863E-002
1.2160170E+001,-2.7890036E-002
1.2162170E+001,-2.7554705E-002
1.2164170E+001,-2.7219374E-002
1.2166170E+001,-2.6811898E-002
1.2168170E+001,-2.6353240E-002
1.2170170E+001,-2.5884595E-002
1.2172170E+001,-2.5308434E-002
1.2174170E+001,-2.4732273E-002
1.2176170E+001,-2.3945425E-002
1.2178170E+001,-2.3009116E-002
1.2180170E+001,-2.2011864E-002
1.2182170E+001,-2.0358581E-002
1.2184170E+001,-1.8705297E-002
1.2186170E+001,-1.6452283E-002
1.2188170E+001,-1.3773818E-002
1.2190170E+001,-1.0998104E-002
1.2192170E+001,-7.1755205E-003
1.2194170E+001,-3.3529371E-003
1.2196170E+001,1.0522704E-003
1.2198170E+001,5.8707925E-003
1.2200170E+001,1.0739728E-002
1.2202170E+001,1.6151353E-002
1.2204170E+001,2.1562977E-002
1.2206170E+001,2.6995756E-002
1.2208170E+001,3.2443543E-002
1.2210170E+001,3.7846296E-002
1.2212170E+001,4.2764283E-002
1.2214170E+001,4.7682271E-002
1.2216170E+001,5.2024736E-002
1.2218170E+001,5.5958926E-002
1.2220170E+001,5.9784213E-002
1.2222170E+001,6.2437195E-002
1.2224170E+001,6.5090177E-002
1.2226170E+001,6.6892847E-002
1.2228170E+001,6.8092303E-002
1.2230170E+001,6.9159523E-002
1.2232170E+001,6.8803268E-002
1.2234170E+001,6.8447012E-002
1.2236170E+001,6.7154213E-002
1.2238170E+001,6.5197029E-002
1.2240170E+001,6.3109452E-002
1.2242170E+001,5.9618228E-002
1.2244170E+001,5.6127004E-002
1.2246170E+001,5.1893800E-002
1.2248170E+001,4.7134233E-002
1.2250170E+001,4.2309667E-002
1.2252170E+001,3.6785405E-002
1.2254170E+001,3.1261142E-002
1.2256170E+001,2.5678484E-002
1.2258170E+001,2.0054402E-002
1.2260170E+001,1.4475278E-002
1.2262170E+001,9.3801238E-003
1.2264170E+001,4.2849699E-003
1.2266170E+001,-2.9477022E-004
1.2268170E+001,-4.5088747E-003
1.2270170E+001,-8.6550851E-003
1.2272170E+001,-1.2070434E-002
1.2274170E+001,-1.5485783E-002
1.2276170E+001,-1.8721427E-002
1.2278170E+001,-2.1829587E-002
1.2280170E+001,-2.4969917E-002
1.2282170E+001,-2.8456538E-002
1.2284170E+001,-3.1943158E-002
1.2286170E+001,-3.5984743E-002
1.2288170E+001,-4.0420020E-002
1.2290170E+001,-4.4952236E-002
1.2292170E+001,-5.0527959E-002
1.2294170E+001,-5.6103682E-002
1.2296170E+001,-6.2171650E-002
1.2298170E+001,-6.8588816E-002
1.2300170E+001,-7.5015271E-002
1.2302170E+001,-8.1541701E-002
1.2304170E+001,-8.8068131E-002
1.2306170E+001,-9.4079373E-002
1.2308170E+001,-9.9725141E-002
1.2310170E+001,-1.0520875E-001
1.2312170E+001,-1.0894669E-001
1.2314170E+001,-1.1268464E-001
1.2316170E+001,-1.1480965E-001
1.2318170E+001,-1.1579045E-001
1.2320170E+001,-1.1649576E-001
1.2322170E+001,-1.1423564E-001
1.2324170E+001,-1.1197551E-001
1.2326170E+001,-1.0783602E-001
1.2328170E+001,-1.0236331E-001
1.2330170E+001,-9.6670154E-002
1.2332170E+001,-8.8603986E-002
1.2334170E+001,-8.0537819E-002
1.2336170E+001,-7.1644642E-002
1.2338170E+001,-6.2164784E-002
1.2340170E+001,-5.2697485E-002
1.2342170E+001,-4.3365373E-002
1.2344170E+001,-3.4033262E-002
1.2346170E+001,-2.5726931E-002
1.2348170E+001,-1.8148292E-002
1.2350170E+001,-1.0821492E-002
1.2352170E+001,-6.2056667E-003
1.2354170E+001,-1.5898419E-003
1.2356170E+001,1.0544516E-003
1.2358170E+001,2.3001365E-003
1.2360170E+001,3.3084527E-003
1.2362170E+001,1.7615588E-003
1.2364170E+001,2.1466493E-004
1.2366170E+001,-2.1562234E-003
1.2368170E+001,-5.1116552E-003
1.2370170E+001,-8.0443866E-003
1.2372170E+001,-1.0732753E-002
1.2374170E+001,-1.3421120E-002
1.2376170E+001,-1.5170266E-002
1.2378170E+001,-1.6253125E-002
1.2380170E+001,-1.7150753E-002
1.2382170E+001,-1.6054415E-002
1.2384170E+001,-1.4958077E-002
1.2386170E+001,-1.2708790E-002
1.2388170E+001,-9.6416004E-003
1.2390170E+001,-6.4613625E-003
1.2392170E+001,-2.0641931E-003
1.2394170E+001,2.3329763E-003
1.2396170E+001,7.1427083E-003
1.2398170E+001,1.2245113E-002
1.2400170E+001,1.7376825E-002
1.2402170E+001,2.2824021E-002
1.2404170E+001,2.8271217E-002
1.2406170E+001,3.3820302E-002
1.2408170E+001,3.9441666E-002
1.2410170E+001,4.5056308E-002
1.2412170E+001,5.0598571E-002
1.2414170E+001,5.6140834E-002
1.2416170E+001,6.1316966E-002
1.2418170E+001,6.6233364E-002
1.2420170E+001,7.1029148E-002
1.2422170E+001,7.4526560E-002
1.2424170E+001,7.8023972E-002
1.2426170E+001,8.0258889E-002
1.2428170E+001,8.1598191E-002
1.2430170E+001,8.2726461E-002
1.2432170E+001,8.1583032E-002
1.2434170E+001,8.0439603E-002
1.2436170E+001,7.8002762E-002
1.2438170E+001,7.4648372E-002
1.2440170E+001,7.1170006E-002
1.2442170E+001,6.6357074E-002
1.2444170E+001,6.1544142E-002
1.2446170E+001,5.6401636E-002
1.2448170E+001,5.1025330E-002
1.2450170E+001,4.5659579E-002
1.2452170E+001,4.0407437E-002
1.2454170E+001,3.5155295E-002
1.2456170E+001,3.0160497E-002
1.2458170E+001,2.5348260E-002
1.2460170E+001,2.0575754E-002
1.2462170E+001,1.6230935E-002
1.2464170E+001,1.1886116E-002
1.2466170E+001,7.7978698E-003
1.2468170E+001,3.8916361E-003
1.2470170E+001,3.2766901E-005
1.2472170E+001,-3.3162353E-003
1.2474170E+001,-6.6652375E-003
1.2476170E+001,-9.5075052E-003
1.2478170E+001,-1.1990294E-002
1.2480170E+001,-1.4368619E-002
1.2482170E+001,-1.5622412E-002
1.2484170E+001,-1.6876206E-002
1.2486170E+001,-1.7302529E-002
1.2488170E+001,-1.7141844E-002
1.2490170E+001,-1.6877122E-002
1.2492170E+001,-1.5492467E-002
1.2494170E+001,-1.4107812E-002
1.2496170E+001,-1.2372725E-002
1.2498170E+001,-1.0389040E-002
1.2500170E+001,-8.4334108E-003
1.2502170E+001,-6.7797832E-003
1.2504170E+001,-5.1261556E-003
1.2506170E+001,-4.2189104E-003
1.2508170E+001,-3.8411504E-003
1.2510170E+001,-3.6250042E-003
1.2512170E+001,-5.1485864E-003
1.2514170E+001,-6.6721686E-003
1.2516170E+001,-9.3442113E-003
1.2518170E+001,-1.2830974E-002
1.2520170E+001,-1.6438806E-002
1.2522170E+001,-2.1349908E-002
1.2524170E+001,-2.6261010E-002
1.2526170E+001,-3.1451076E-002
1.2528170E+001,-3.6839039E-002
1.2530170E+001,-4.2181007E-002
1.2532170E+001,-4.7027842E-002
1.2534170E+001,-5.1874678E-002
1.2536170E+001,-5.5963179E-002
1.2538170E+001,-5.9513717E-002
1.2540170E+001,-6.2928034E-002
1.2542170E+001,-6.4875972E-002
1.2544170E+001,-6.6823909E-002
1.2546170E+001,-6.7905908E-002
1.2548170E+001,-6.8373609E-002
1.2550170E+001,-6.8747504E-002
1.2552170E+001,-6.8111611E-002
1.2554170E+001,-6.7475717E-002
1.2556170E+001,-6.6442192E-002
1.2558170E+001,-6.5126588E-002
1.2560170E+001,-6.3782149E-002
1.2562170E+001,-6.2127317E-002
1.2564170E+001,-6.0472485E-002
1.2566170E+001,-5.8757383E-002
1.2568170E+001,-5.6999526E-002
1.2570170E+001,-5.5247925E-002
1.2572170E+001,-5.3563666E-002
1.2574170E+001,-5.1879408E-002
1.2576170E+001,-5.0330713E-002
1.2578170E+001,-4.8878189E-002
1.2580170E+001,-4.7457456E-002
1.2582170E+001,-4.6378951E-002
1.2584170E+001,-4.5300445E-002
1.2586170E+001,-4.4503133E-002
1.2588170E+001,-4.3905299E-002
1.2590170E+001,-4.3353493E-002
1.2592170E+001,-4.3297153E-002
1.2594170E+001,-4.3240813E-002
1.2596170E+001,-4.3512142E-002
1.2598170E+001,-4.4015921E-002
1.2600170E+001,-4.4564709E-002
1.2602170E+001,-4.5598017E-002
1.2604170E+001,-4.6631326E-002
1.2606170E+001,-4.7910340E-002
1.2608170E+001,-4.9363658E-002
1.2610170E+001,-5.0834731E-002
1.2612170E+001,-5.2496917E-002
1.2614170E+001,-5.4159103E-002
1.2616170E+001,-5.5778918E-002
1.2618170E+001,-5.7368677E-002
1.2620170E+001,-5.8930594E-002
1.2622170E+001,-6.0192802E-002
1.2624170E+001,-6.1455011E-002
1.2626170E+001,-6.2457412E-002
1.2628170E+001,-6.3275504E-002
1.2630170E+001,-6.4062271E-002
1.2632170E+001,-6.4511827E-002
1.2634170E+001,-6.4961383E-002
1.2636170E+001,-6.5322627E-002
1.2638170E+001,-6.5621221E-002
1.2640170E+001,-6.5925672E-002
1.2642170E+001,-6.6293169E-002
1.2644170E+001,-6.6660666E-002
1.2646170E+001,-6.7099983E-002
1.2648170E+001,-6.7590249E-002
1.2650170E+001,-6.8071173E-002
1.2652170E+001,-6.8451529E-002
1.2654170E+001,-6.8831885E-002
1.2656170E+001,-6.8839453E-002
1.2658170E+001,-6.8582564E-002
1.2660170E+001,-6.8213255E-002
1.2662170E+001,-6.6633769E-002
1.2664170E+001,-6.5054283E-002
1.2666170E+001,-6.2359631E-002
1.2668170E+001,-5.8873877E-002
1.2670170E+001,-5.5210194E-002
1.2672170E+001,-4.9631145E-002
1.2674170E+001,-4.4052097E-002
1.2676170E+001,-3.7486858E-002
1.2678170E+001,-3.0222013E-002
1.2680170E+001,-2.2897730E-002
1.2682170E+001,-1.4933611E-002
1.2684170E+001,-6.9694922E-003
1.2686170E+001,6.4049129E-004
1.2688170E+001,7.9992503E-003
1.2690170E+001,1.5204647E-002
1.2692170E+001,2.0759144E-002
1.2694170E+001,2.6313640E-002
1.2696170E+001,3.0418632E-002
1.2698170E+001,3.3495343E-002
1.2700170E+001,3.6369195E-002
1.2702170E+001,3.7059333E-002
1.2704170E+001,3.7749471E-002
1.2706170E+001,3.7518783E-002
1.2708170E+001,3.6634859E-002
1.2710170E+001,3.5721304E-002
1.2712170E+001,3.4488775E-002
1.2714170E+001,3.3256247E-002
1.2716170E+001,3.2516792E-002
1.2718170E+001,3.2127126E-002
1.2720170E+001,3.1872618E-002
1.2722170E+001,3.3073050E-002
1.2724170E+001,3.4273482E-002
1.2726170E+001,3.6451957E-002
1.2728170E+001,3.9324258E-002
1.2730170E+001,4.2292667E-002
1.2732170E+001,4.6295646E-002
1.2734170E+001,5.0298625E-002
1.2736170E+001,5.4444164E-002
1.2738170E+001,5.8690834E-002
1.2740170E+001,6.2886239E-002
1.2742170E+001,6.6529789E-002
1.2744170E+001,7.0173338E-002
1.2746170E+001,7.3178958E-002
1.2748170E+001,7.5732028E-002
1.2750170E+001,7.8190711E-002
1.2752170E+001,7.9633341E-002
1.2754170E+001,8.1075971E-002
1.2756170E+001,8.2048741E-002
1.2758170E+001,8.2688192E-002
1.2760170E+001,8.3288381E-002
1.2762170E+001,8.3465939E-002
1.2764170E+001,8.3643497E-002
1.2766170E+001,8.3612116E-002
1.2768170E+001,8.3432515E-002
1.2770170E+001,8.3203648E-002
1.2772170E+001,8.2444451E-002
1.2774170E+001,8.1685254E-002
1.2776170E+001,8.0348407E-002
1.2778170E+001,7.8601774E-002
1.2780170E+001,7.6745987E-002
1.2782170E+001,7.3715197E-002
1.2784170E+001,7.0684407E-002
1.2786170E+001,6.6962432E-002
1.2788170E+001,6.2750128E-002
1.2790170E+001,5.8489949E-002
1.2792170E+001,5.3714410E-002
1.2794170E+001,4.8938871E-002
1.2796170E+001,4.4416441E-002
1.2798170E+001,4.0073567E-002
1.2800170E+001,3.5854549E-002
1.2802170E+001,3.2968812E-002
1.2804170E+001,3.0083076E-002
1.2806170E+001,2.8428595E-002
1.2808170E+001,2.7647570E-002
1.2810170E+001,2.7045678E-002
1.2812170E+001,2.8372112E-002
1.2814170E+001,2.9698547E-002
1.2816170E+001,3.1884487E-002
1.2818170E+001,3.4680164E-002
1.2820170E+001,3.7515446E-002
1.2822170E+001,4.0777059E-002
1.2824170E+001,4.4038672E-002
1.2826170E+001,4.7011588E-002
1.2828170E+001,4.9779702E-002
1.2830170E+001,5.2456535E-002
1.2832170E+001,5.4150754E-002
1.2834170E+001,5.5844973E-002
1.2836170E+001,5.6851518E-002
1.2838170E+001,5.7370225E-002
1.2840170E+001,5.7807509E-002
1.2842170E+001,5.7368294E-002
1.2844170E+001,5.6929080E-002
1.2846170E+001,5.6072609E-002
1.2848170E+001,5.4920136E-002
1.2850170E+001,5.3710700E-002
1.2852170E+001,5.1888087E-002
1.2854170E+001,5.0065473E-002
1.2856170E+001,4.7743701E-002
1.2858170E+001,4.5067826E-002
1.2860170E+001,4.2299893E-002
1.2862170E+001,3.8540987E-002
1.2864170E+001,3.4782081E-002
1.2866170E+001,3.0377006E-002
1.2868170E+001,2.5513538E-002
1.2870170E+001,2.0585827E-002
1.2872170E+001,1.4966556E-002
1.2874170E+001,9.3472845E-003
1.2876170E+001,3.6862529E-003
1.2878170E+001,-2.0044036E-003
1.2880170E+001,-7.6329905E-003
1.2882170E+001,-1.2593416E-002
1.2884170E+001,-1.7553841E-002
1.2886170E+001,-2.1720226E-002
1.2888170E+001,-2.5323316E-002
1.2890170E+001,-2.8791541E-002
1.2892170E+001,-3.0807967E-002
1.2894170E+001,-3.2824393E-002
1.2896170E+001,-3.4043169E-002
1.2898170E+001,-3.4696091E-002
1.2900170E+001,-3.5279635E-002
1.2902170E+001,-3.5116335E-002
1.2904170E+001,-3.4953036E-002
1.2906170E+001,-3.4680154E-002
1.2908170E+001,-3.4329532E-002
1.2910170E+001,-3.4002456E-002
1.2912170E+001,-3.3928830E-002
1.2914170E+001,-3.3855205E-002
1.2916170E+001,-3.4029613E-002
1.2918170E+001,-3.4379977E-002
1.2920170E+001,-3.4750810E-002
1.2922170E+001,-3.5341992E-002
1.2924170E+001,-3.5933173E-002
1.2926170E+001,-3.6431822E-002
1.2928170E+001,-3.6864830E-002
1.2930170E+001,-3.7247702E-002
1.2932170E+001,-3.7090881E-002
1.2934170E+001,-3.6934061E-002
1.2936170E+001,-3.6262531E-002
1.2938170E+001,-3.5225867E-002
1.2940170E+001,-3.4110458E-002
1.2942170E+001,-3.2147385E-002
1.2944170E+001,-3.0184312E-002
1.2946170E+001,-2.7798412E-002
1.2948170E+001,-2.5112558E-002
1.2950170E+001,-2.2398186E-002
1.2952170E+001,-1.9376828E-002
1.2954170E+001,-1.6355470E-002
1.2956170E+001,-1.3415262E-002
1.2958170E+001,-1.0532621E-002
1.2960170E+001,-7.7016129E-003
1.2962170E+001,-5.4264082E-003
1.2964170E+001,-3.1512036E-003
1.2966170E+001,-1.4571841E-003
1.2968170E+001,-1.7545860E-004
1.2970170E+001,1.0017287E-003
1.2972170E+001,1.0535902E-003
1.2974170E+001,1.1054518E-003
1.2976170E+001,4.2121889E-004
1.2978170E+001,-7.8520111E-004
1.2980170E+001,-2.0805529E-003
1.2982170E+001,-4.3332317E-003
1.2984170E+001,-6.5859105E-003
1.2986170E+001,-9.1998039E-003
1.2988170E+001,-1.2069944E-002
1.2990170E+001,-1.4945824E-002
1.2992170E+001,-1.7883505E-002
1.2994170E+001,-2.0821185E-002
1.2996170E+001,-2.3489084E-002
1.2998170E+001,-2.5965599E-002
1.3000170E+001,-2.8370571E-002
1.3002170E+001,-3.0005406E-002
1.3004170E+001,-3.1640241E-002
1.3006170E+001,-3.2676989E-002
1.3008170E+001,-3.3289451E-002
1.3010170E+001,-3.3813269E-002
1.3012170E+001,-3.3382843E-002
1.3014170E+001,-3.2952418E-002
1.3016170E+001,-3.1939701E-002
1.3018170E+001,-3.0513905E-002
1.3020170E+001,-2.9006660E-002
1.3022170E+001,-2.6622642E-002
1.3024170E+001,-2.4238624E-002
1.3026170E+001,-2.1301242E-002
1.3028170E+001,-1.7971303E-002
1.3030170E+001,-1.4564431E-002
1.3032170E+001,-1.0329405E-002
1.3034170E+001,-6.0943794E-003
1.3036170E+001,-1.4173303E-003
1.3038170E+001,3.5732909E-003
1.3040170E+001,8.6019147E-003
1.3042170E+001,1.4039627E-002
1.3044170E+001,1.9477339E-002
1.3046170E+001,2.4911858E-002
1.3048170E+001,3.0344112E-002
1.3050170E+001,3.5731694E-002
1.3052170E+001,4.0638392E-002
1.3054170E+001,4.5545089E-002
1.3056170E+001,4.9861462E-002
1.3058170E+001,5.3759059E-002
1.3060170E+001,5.7540826E-002
1.3062170E+001,6.0075719E-002
1.3064170E+001,6.2610611E-002
1.3066170E+001,6.4252870E-002
1.3068170E+001,6.5261892E-002
1.3070170E+001,6.6145516E-002
1.3072170E+001,6.5679268E-002
1.3074170E+001,6.5213020E-002
1.3076170E+001,6.4030935E-002
1.3078170E+001,6.2341035E-002
1.3080170E+001,6.0581273E-002
1.3082170E+001,5.8069485E-002
1.3084170E+001,5.5557697E-002
1.3086170E+001,5.2836873E-002
1.3088170E+001,4.9967759E-002
1.3090170E+001,4.7104157E-002
1.3092170E+001,4.4299893E-002
1.3094170E+001,4.1495629E-002
1.3096170E+001,3.8900316E-002
1.3098170E+001,3.6453233E-002
1.3100170E+001,3.4047165E-002
1.3102170E+001,3.2082607E-002
1.3104170E+001,3.0118050E-002
1.3106170E+001,2.8423133E-002
1.3108170E+001,2.6919500E-002
1.3110170E+001,2.5445389E-002
1.3112170E+001,2.4289071E-002
1.3114170E+001,2.3132752E-002
1.3116170E+001,2.2092830E-002
1.3118170E+001,2.1135480E-002
1.3120170E+001,2.0182827E-002
1.3122170E+001,1.9280737E-002
1.3124170E+001,1.8378648E-002
1.3126170E+001,1.7439354E-002
1.3128170E+001,1.6473666E-002
1.3130170E+001,1.5495277E-002
1.3132170E+001,1.4380157E-002
1.3134170E+001,1.3265036E-002
1.3136170E+001,1.2031196E-002
1.3138170E+001,1.0713136E-002
1.3140170E+001,9.3751759E-003
1.3142170E+001,7.8229992E-003
1.3144170E+001,6.2708225E-003
1.3146170E+001,4.5697137E-003
1.3148170E+001,2.7629522E-003
1.3150170E+001,9.3438722E-004
1.3152170E+001,-1.1288860E-003
1.3154170E+001,-3.1921592E-003
1.3156170E+001,-5.3691305E-003
1.3158170E+001,-7.6267595E-003
1.3160170E+001,-9.8841493E-003
1.3162170E+001,-1.2138965E-002
1.3164170E+001,-1.4393780E-002
1.3166170E+001,-1.6425987E-002
1.3168170E+001,-1.8300275E-002
1.3170170E+001,-2.0098024E-002
1.3172170E+001,-2.1071853E-002
1.3174170E+001,-2.2045681E-002
1.3176170E+001,-2.2187261E-002
1.3178170E+001,-2.1738442E-002
1.3180170E+001,-2.1140799E-002
1.3182170E+001,-1.8941111E-002
1.3184170E+001,-1.6741424E-002
1.3186170E+001,-1.3537179E-002
1.3188170E+001,-9.6203002E-003
1.3190170E+001,-5.5966131E-003
1.3192170E+001,-4.2316688E-004
1.3194170E+001,4.7502794E-003
1.3196170E+001,1.0177782E-002
1.3198170E+001,1.5785512E-002
1.3200170E+001,2.1343984E-002
1.3202170E+001,2.6372208E-002
1.3204170E+001,3.1400431E-002
1.3206170E+001,3.5511311E-002
1.3208170E+001,3.8971424E-002
1.3210170E+001,4.2233505E-002
1.3212170E+001,4.3363824E-002
1.3214170E+001,4.4494143E-002
1.3216170E+001,4.4033929E-002
1.3218170E+001,4.2445388E-002
1.3220170E+001,4.0630847E-002
1.3222170E+001,3.6383484E-002
1.3224170E+001,3.2136121E-002
1.3226170E+001,2.6638202E-002
1.3228170E+001,2.0253135E-002
1.3230170E+001,1.3765727E-002
1.3232170E+001,6.1766569E-003
1.3234170E+001,-1.4124135E-003
1.3236170E+001,-8.9869633E-003
1.3238170E+001,-1.6551212E-002
1.3240170E+001,-2.4000794E-002
1.3242170E+001,-3.0216023E-002
1.3244170E+001,-3.6431252E-002
1.3246170E+001,-4.1186400E-002
1.3248170E+001,-4.4905764E-002
1.3250170E+001,-4.8354921E-002
1.3252170E+001,-4.8895363E-002
1.3254170E+001,-4.9435805E-002
1.3256170E+001,-4.8102878E-002
1.3258170E+001,-4.5440979E-002
1.3260170E+001,-4.2561617E-002
1.3262170E+001,-3.7341337E-002
1.3264170E+001,-3.2121057E-002
1.3266170E+001,-2.6053171E-002
1.3268170E+001,-1.9383991E-002
1.3270170E+001,-1.2697599E-002
1.3272170E+001,-5.8259248E-003
1.3274170E+001,1.0457493E-003
1.3276170E+001,7.4097546E-003
1.3278170E+001,1.3413619E-002
1.3280170E+001,1.9283230E-002
1.3282170E+001,2.3707648E-002
1.3284170E+001,2.8132066E-002
1.3286170E+001,3.1440426E-002
1.3288170E+001,3.3957053E-002
1.3290170E+001,3.6309321E-002
1.3292170E+001,3.6892310E-002
1.3294170E+001,3.7475299E-002
1.3296170E+001,3.7025781E-002
1.3298170E+001,3.5843799E-002
1.3300170E+001,3.4535779E-002
1.3302170E+001,3.1870988E-002
1.3304170E+001,2.9206197E-002
1.3306170E+001,2.5882810E-002
1.3308170E+001,2.2092215E-002
1.3310170E+001,1.8241980E-002
1.3312170E+001,1.3749733E-002
1.3314170E+001,9.2574858E-003
1.3316170E+001,4.6419421E-003
1.3318170E+001,-6.1068513E-005
1.3320170E+001,-4.7364249E-003
1.3322170E+001,-9.1140913E-003
1.3324170E+001,-1.3491758E-002
1.3326170E+001,-1.7378534E-002
1.3328170E+001,-2.0917073E-002
1.3330170E+001,-2.4352609E-002
1.3332170E+001,-2.6679360E-002
1.3334170E+001,-2.9006110E-002
1.3336170E+001,-3.0569681E-002
1.3338170E+001,-3.1591851E-002
1.3340170E+001,-3.2526857E-002
1.3342170E+001,-3.2523563E-002
1.3344170E+001,-3.2520269E-002
1.3346170E+001,-3.2282485E-002
1.3348170E+001,-3.1878354E-002
1.3350170E+001,-3.1507742E-002
1.3352170E+001,-3.1497952E-002
1.3354170E+001,-3.1488162E-002
1.3356170E+001,-3.2109908E-002
1.3358170E+001,-3.3179667E-002
1.3360170E+001,-3.4366323E-002
1.3362170E+001,-3.6811352E-002
1.3364170E+001,-3.9256381E-002
1.3366170E+001,-4.2359050E-002
1.3368170E+001,-4.5928251E-002
1.3370170E+001,-4.9528607E-002
1.3372170E+001,-5.3464342E-002
1.3374170E+001,-5.7400076E-002
1.3376170E+001,-6.0945379E-002
1.3378170E+001,-6.4213707E-002
1.3380170E+001,-6.7342377E-002
1.3382170E+001,-6.8967662E-002
1.3384170E+001,-7.0592947E-002
1.3386170E+001,-7.0906052E-002
1.3388170E+001,-7.0288294E-002
1.3390170E+001,-6.9477354E-002
1.3392170E+001,-6.6586866E-002
1.3394170E+001,-6.3696377E-002
1.3396170E+001,-5.9803249E-002
1.3398170E+001,-5.5198845E-002
1.3400170E+001,-5.0533366E-002
1.3402170E+001,-4.5210428E-002
1.3404170E+001,-3.9887490E-002
1.3406170E+001,-3.4826477E-002
1.3408170E+001,-2.9951274E-002
1.3410170E+001,-2.5202869E-002
1.3412170E+001,-2.1819402E-002
1.3414170E+001,-1.8435935E-002
1.3416170E+001,-1.6328101E-002
1.3418170E+001,-1.5125204E-002
1.3420170E+001,-1.4126251E-002
1.3422170E+001,-1.5322712E-002
1.3424170E+001,-1.6519173E-002
1.3426170E+001,-1.8978799E-002
1.3428170E+001,-2.2334516E-002
1.3430170E+001,-2.5822864E-002
1.3432170E+001,-3.0738958E-002
1.3434170E+001,-3.5655052E-002
1.3436170E+001,-4.1001824E-002
1.3438170E+001,-4.6654121E-002
1.3440170E+001,-5.2290421E-002
1.3442170E+001,-5.7754532E-002
1.3444170E+001,-6.3218643E-002
1.3446170E+001,-6.8036626E-002
1.3448170E+001,-7.2396245E-002
1.3450170E+001,-7.6594224E-002
1.3452170E+001,-7.9052193E-002
1.3454170E+001,-8.1510162E-002
1.3456170E+001,-8.2536947E-002
1.3458170E+001,-8.2548447E-002
1.3460170E+001,-8.2339355E-002
1.3462170E+001,-7.9755639E-002
1.3464170E+001,-7.7171923E-002
1.3466170E+001,-7.3274923E-002
1.3468170E+001,-6.8446278E-002
1.3470170E+001,-6.3498388E-002
1.3472170E+001,-5.7266873E-002
1.3474170E+001,-5.1035358E-002
1.3476170E+001,-4.4666864E-002
1.3478170E+001,-3.8201198E-002
1.3480170E+001,-3.1816325E-002
1.3482170E+001,-2.6301164E-002
1.3484170E+001,-2.0786004E-002
1.3486170E+001,-1.6314229E-002
1.3488170E+001,-1.2582634E-002
1.3490170E+001,-9.0197037E-003
1.3492170E+001,-7.2724081E-003
1.3494170E+001,-5.5251125E-003
1.3496170E+001,-4.6521165E-003
1.3498170E+001,-4.3993505E-003
1.3500170E+001,-4.1915656E-003
1.3502170E+001,-4.4679895E-003
1.3504170E+001,-4.7444134E-003
1.3506170E+001,-4.7268255E-003
1.3508170E+001,-4.5006650E-003
1.3510170E+001,-4.1742567E-003
1.3512170E+001,-2.7687084E-003
1.3514170E+001,-1.3631600E-003
1.3516170E+001,7.7953047E-004
1.3518170E+001,3.4451512E-003
1.3520170E+001,6.1771595E-003
1.3522170E+001,9.6238112E-003
1.3524170E+001,1.3070463E-002
1.3526170E+001,1.6521838E-002
1.3528170E+001,1.9976563E-002
1.3530170E+001,2.3370264E-002
1.3532170E+001,2.6107057E-002
1.3534170E+001,2.8843850E-002
1.3536170E+001,3.0911562E-002
1.3538170E+001,3.2504627E-002
1.3540170E+001,3.3996737E-002
1.3542170E+001,3.4402087E-002
1.3544170E+001,3.4807437E-002
1.3546170E+001,3.4673763E-002
1.3548170E+001,3.4157704E-002
1.3550170E+001,3.3600212E-002
1.3552170E+001,3.2596699E-002
1.3554170E+001,3.1593187E-002
1.3556170E+001,3.0579682E-002
1.3558170E+001,2.9559088E-002
1.3560170E+001,2.8573249E-002
1.3562170E+001,2.7961525E-002
1.3564170E+001,2.7349802E-002
1.3566170E+001,2.7176651E-002
1.3568170E+001,2.7314623E-002
1.3570170E+001,2.7535123E-002
1.3572170E+001,2.8644002E-002
1.3574170E+001,2.9752882E-002
1.3576170E+001,3.1459252E-002
1.3578170E+001,3.3589483E-002
1.3580170E+001,3.5791370E-002
1.3582170E+001,3.8764613E-002
1.3584170E+001,4.1737857E-002
1.3586170E+001,4.4951333E-002
1.3588170E+001,4.8335230E-002
1.3590170E+001,5.1700094E-002
1.3592170E+001,5.4860070E-002
1.3594170E+001,5.8020045E-002
1.3596170E+001,6.0643705E-002
1.3598170E+001,6.2886902E-002
1.3600170E+001,6.5005376E-002
1.3602170E+001,6.5781248E-002
1.3604170E+001,6.6557119E-002
1.3606170E+001,6.6340711E-002
1.3608170E+001,6.5420379E-002
1.3610170E+001,6.4370243E-002
1.3612170E+001,6.1922814E-002
1.3614170E+001,5.9475385E-002
1.3616170E+001,5.6427748E-002
1.3618170E+001,5.2954323E-002
1.3620170E+001,4.9449119E-002
1.3622170E+001,4.5601821E-002
1.3624170E+001,4.1754523E-002
1.3626170E+001,3.8032241E-002
1.3628170E+001,3.4398646E-002
1.3630170E+001,3.0814226E-002
1.3632170E+001,2.7759166E-002
1.3634170E+001,2.4704106E-002
1.3636170E+001,2.2045355E-002
1.3638170E+001,1.9667745E-002
1.3640170E+001,1.7339326E-002
1.3642170E+001,1.5540434E-002
1.3644170E+001,1.3741541E-002
1.3646170E+001,1.2178838E-002
1.3648170E+001,1.0783689E-002
1.3650170E+001,9.4100256E-003
1.3652170E+001,8.2676489E-003
1.3654170E+001,7.1252722E-003
1.3656170E+001,6.0772168E-003
1.3658170E+001,5.0960730E-003
1.3660170E+001,4.1240738E-003
1.3662170E+001,3.2505131E-003
1.3664170E+001,2.3769524E-003
1.3666170E+001,1.5350256E-003
1.3668170E+001,7.1553999E-004
1.3670170E+001,-1.0537184E-004
1.3672170E+001,-9.4163669E-004
1.3674170E+001,-1.7779015E-003
1.3676170E+001,-2.6688726E-003
1.3678170E+001,-3.5986524E-003
1.3680170E+001,-4.5412692E-003
1.3682170E+001,-5.6220722E-003
1.3684170E+001,-6.7028752E-003
1.3686170E+001,-7.8828666E-003
1.3688170E+001,-9.1332223E-003
1.3690170E+001,-1.0395497E-002
1.3692170E+001,-1.1786082E-002
1.3694170E+001,-1.3176667E-002
1.3696170E+001,-1.4600854E-002
1.3698170E+001,-1.6048877E-002
1.3700170E+001,-1.7489692E-002
1.3702170E+001,-1.8852911E-002
1.3704170E+001,-2.0216130E-002
1.3706170E+001,-2.1416806E-002
1.3708170E+001,-2.2502173E-002
1.3710170E+001,-2.3547223E-002
1.3712170E+001,-2.4158264E-002
1.3714170E+001,-2.4769304E-002
1.3716170E+001,-2.5037347E-002
1.3718170E+001,-2.5062066E-002
1.3720170E+001,-2.5041963E-002
1.3722170E+001,-2.4539367E-002
1.3724170E+001,-2.4036771E-002
1.3726170E+001,-2.3370452E-002
1.3728170E+001,-2.2587986E-002
1.3730170E+001,-2.1810815E-002
1.3732170E+001,-2.1090647E-002
1.3734170E+001,-2.0370479E-002
1.3736170E+001,-1.9838495E-002
1.3738170E+001,-1.9440009E-002
1.3740170E+001,-1.9069600E-002
1.3742170E+001,-1.9001432E-002
1.3744170E+001,-1.8933265E-002
1.3746170E+001,-1.8885601E-002
1.3748170E+001,-1.8852484E-002
1.3750170E+001,-1.8780817E-002
1.3752170E+001,-1.8294186E-002
1.3754170E+001,-1.7807554E-002
1.3756170E+001,-1.6792205E-002
1.3758170E+001,-1.5401782E-002
1.3760170E+001,-1.3919784E-002
1.3762170E+001,-1.1452004E-002
1.3764170E+001,-8.9842243E-003
1.3766170E+001,-6.0179091E-003
1.3768170E+001,-2.6979319E-003
1.3770170E+001,6.4657321E-004
1.3772170E+001,4.2551144E-003
1.3774170E+001,7.8636556E-003
1.3776170E+001,1.1240032E-002
1.3778170E+001,1.4451710E-002
1.3780170E+001,1.7583947E-002
1.3782170E+001,1.9861027E-002
1.3784170E+001,2.2138106E-002
1.3786170E+001,2.3753681E-002
1.3788170E+001,2.4899984E-002
1.3790170E+001,2.5965021E-002
1.3792170E+001,2.6155240E-002
1.3794170E+001,2.6345459E-002
1.3796170E+001,2.6213108E-002
1.3798170E+001,2.5851924E-002
1.3800170E+001,2.5478173E-002
1.3802170E+001,2.4969142E-002
1.3804170E+001,2.4460111E-002
1.3806170E+001,2.3984825E-002
1.3808170E+001,2.3533478E-002
1.3810170E+001,2.3082596E-002
1.3812170E+001,2.2636724E-002
1.3814170E+001,2.2190851E-002
1.3816170E+001,2.1626501E-002
1.3818170E+001,2.0978103E-002
1.3820170E+001,2.0298234E-002
1.3822170E+001,1.9279594E-002
1.3824170E+001,1.8260955E-002
1.3826170E+001,1.7051585E-002
1.3828170E+001,1.5706912E-002
1.3830170E+001,1.4360380E-002
1.3832170E+001,1.2993842E-002
1.3834170E+001,1.1627304E-002
1.3836170E+001,1.0519069E-002
1.3838170E+001,9.5940760E-003
1.3840170E+001,8.7431005E-003
1.3842170E+001,8.6889049E-003
1.3844170E+001,8.6347093E-003
1.3846170E+001,9.2120949E-003
1.3848170E+001,1.0237526E-002
1.3850170E+001,1.1346051E-002
1.3852170E+001,1.3349067E-002
1.3854170E+001,1.5352084E-002
1.3856170E+001,1.7709250E-002
1.3858170E+001,2.0317651E-002
1.3860170E+001,2.2934948E-002
1.3862170E+001,2.5647996E-002
1.3864170E+001,2.8361044E-002
1.3866170E+001,3.0864758E-002
1.3868170E+001,3.3219969E-002
1.3870170E+001,3.5518243E-002
1.3872170E+001,3.7203605E-002
1.3874170E+001,3.8888967E-002
1.3876170E+001,4.0097281E-002
1.3878170E+001,4.0967175E-002
1.3880170E+001,4.1764067E-002
1.3882170E+001,4.1775097E-002
1.3884170E+001,4.1786128E-002
1.3886170E+001,4.1279994E-002
1.3888170E+001,4.0406982E-002
1.3890170E+001,3.9454989E-002
1.3892170E+001,3.7652798E-002
1.3894170E+001,3.5850608E-002
1.3896170E+001,3.3489830E-002
1.3898170E+001,3.0732789E-002
1.3900170E+001,2.7902270E-002
1.3902170E+001,2.4280781E-002
1.3904170E+001,2.0659292E-002
1.3906170E+001,1.6706112E-002
1.3908170E+001,1.2517629E-002
1.3910170E+001,8.3249010E-003
1.3912170E+001,4.0864795E-003
1.3914170E+001,-1.5194201E-004
1.3916170E+001,-4.0507635E-003
1.3918170E+001,-7.7086720E-003
1.3920170E+001,-1.1271074E-002
1.3922170E+001,-1.3805373E-002
1.3924170E+001,-1.6339672E-002
1.3926170E+001,-1.8071366E-002
1.3928170E+001,-1.9233690E-002
1.3930170E+001,-2.0292167E-002
1.3932170E+001,-2.0232766E-002
1.3934170E+001,-2.0173365E-002
1.3936170E+001,-1.9680176E-002
1.3938170E+001,-1.8879257E-002
1.3940170E+001,-1.8065396E-002
1.3942170E+001,-1.7112204E-002
1.3944170E+001,-1.6159013E-002
1.3946170E+001,-1.5371302E-002
1.3948170E+001,-1.4700984E-002
1.3950170E+001,-1.4064798E-002
1.3952170E+001,-1.3796036E-002
1.3954170E+001,-1.3527274E-002
1.3956170E+001,-1.3393865E-002
1.3958170E+001,-1.3356475E-002
1.3960170E+001,-1.3316139E-002
1.3962170E+001,-1.3244076E-002
1.3964170E+001,-1.3172014E-002
1.3966170E+001,-1.3004886E-002
1.3968170E+001,-1.2770318E-002
1.3970170E+001,-1.2534113E-002
1.3972170E+001,-1.2280290E-002
1.3974170E+001,-1.2026468E-002
1.3976170E+001,-1.1980921E-002
1.3978170E+001,-1.2083125E-002
1.3980170E+001,-1.2252226E-002
1.3982170E+001,-1.3141449E-002
1.3984170E+001,-1.4030671E-002
1.3986170E+001,-1.5541672E-002
1.3988170E+001,-1.7493764E-002
1.3990170E+001,-1.9534073E-002
1.3992170E+001,-2.2524005E-002
1.3994170E+001,-2.5513938E-002
1.3996170E+001,-2.8899380E-002
1.3998170E+001,-3.2565399E-002
1.4000170E+001,-3.6234670E-002
1.4002170E+001,-3.9938958E-002
1.4004170E+001,-4.3643247E-002
1.4006170E+001,-4.6905171E-002
1.4008170E+001,-4.9853281E-002
1.4010170E+001,-5.2669107E-002
1.4012170E+001,-5.4060917E-002
1.4014170E+001,-5.5452727E-002
1.4016170E+001,-5.5563731E-002
1.4018170E+001,-5.4766128E-002
1.4020170E+001,-5.3758181E-002
1.4022170E+001,-5.0485934E-002
1.4024170E+001,-4.7213688E-002
1.4026170E+001,-4.2616779E-002
1.4028170E+001,-3.7080152E-002
1.4030170E+001,-3.1414951E-002
1.4032170E+001,-2.4365694E-002
1.4034170E+001,-1.7316436E-002
1.4036170E+001,-1.0071156E-002
1.4038170E+001,-2.6868174E-003
1.4040170E+001,4.6134825E-003
1.4042170E+001,1.1009126E-002
1.4044170E+001,1.7404770E-002
1.4046170E+001,2.2573906E-002
1.4048170E+001,2.6872956E-002
1.4050170E+001,3.0944028E-002
1.4052170E+001,3.2560985E-002
1.4054170E+001,3.4177942E-002
1.4056170E+001,3.4262730E-002
1.4058170E+001,3.3260593E-002
1.4060170E+001,3.2088027E-002
1.4062170E+001,2.9080839E-002
1.4064170E+001,2.6073650E-002
1.4066170E+001,2.2422244E-002
1.4068170E+001,1.8313829E-002
1.4070170E+001,1.4187755E-002
1.4072170E+001,9.8715957E-003
1.4074170E+001,5.5554363E-003
1.4076170E+001,1.5068525E-003
1.4078170E+001,-2.3519124E-003
1.4080170E+001,-6.1411577E-003
1.4082170E+001,-9.1820429E-003
1.4084170E+001,-1.2222928E-002
1.4086170E+001,-1.4724497E-002
1.4088170E+001,-1.6843473E-002
1.4090170E+001,-1.8887928E-002
1.4092170E+001,-2.0130172E-002
1.4094170E+001,-2.1372416E-002
1.4096170E+001,-2.2157378E-002
1.4098170E+001,-2.2617943E-002
1.4100170E+001,-2.3019669E-002
1.4102170E+001,-2.2788013E-002
1.4104170E+001,-2.2556356E-002
1.4106170E+001,-2.1963286E-002
1.4108170E+001,-2.1113829E-002
1.4110170E+001,-2.0218759E-002
1.4112170E+001,-1.8832681E-002
1.4114170E+001,-1.7446604E-002
1.4116170E+001,-1.5819127E-002
1.4118170E+001,-1.4020399E-002
1.4120170E+001,-1.2203580E-002
1.4122170E+001,-1.0192007E-002
1.4124170E+001,-8.1804352E-003
1.4126170E+001,-6.2114272E-003
1.4128170E+001,-4.2726144E-003
1.4130170E+001,-2.3688939E-003
1.4132170E+001,-8.4293311E-004
1.4134170E+001,6.8302769E-004
1.4136170E+001,1.7808788E-003
1.4138170E+001,2.5750280E-003
1.4140170E+001,3.2899425E-003
1.4142170E+001,3.1519165E-003
1.4144170E+001,3.0138905E-003
1.4146170E+001,2.3270995E-003
1.4148170E+001,1.2510134E-003
1.4150170E+001,1.1229034E-004
1.4152170E+001,-1.7007016E-003
1.4154170E+001,-3.5136936E-003
1.4156170E+001,-5.5550696E-003
1.4158170E+001,-7.7584617E-003
1.4160170E+001,-9.9620071E-003
1.4162170E+001,-1.2167202E-002
1.4164170E+001,-1.4372398E-002
1.4166170E+001,-1.6378288E-002
1.4168170E+001,-1.8242791E-002
1.4170170E+001,-2.0055974E-002
1.4172170E+001,-2.1316701E-002
1.4174170E+001,-2.2577428E-002
1.4176170E+001,-2.3367635E-002
1.4178170E+001,-2.3824055E-002
1.4180170E+001,-2.4198070E-002
1.4182170E+001,-2.3685023E-002
1.4184170E+001,-2.3171976E-002
1.4186170E+001,-2.2017294E-002
1.4188170E+001,-2.0407434E-002
1.4190170E+001,-1.8700491E-002
1.4192170E+001,-1.5948466E-002
1.4194170E+001,-1.3196441E-002
1.4196170E+001,-9.8373276E-003
1.4198170E+001,-6.0475446E-003
1.4200170E+001,-2.1960640E-003
1.4202170E+001,2.3195735E-003
1.4204170E+001,6.8352111E-003
1.4206170E+001,1.1463483E-002
1.4208170E+001,1.6171657E-002
1.4210170E+001,2.0836582E-002
1.4212170E+001,2.5035938E-002
1.4214170E+001,2.9235295E-002
1.4216170E+001,3.2701800E-002
1.4218170E+001,3.5648419E-002
1.4220170E+001,3.8436758E-002
1.4222170E+001,3.9521266E-002
1.4224170E+001,4.0605775E-002
1.4226170E+001,4.0430262E-002
1.4228170E+001,3.9360887E-002
1.4230170E+001,3.8121486E-002
1.4232170E+001,3.5051792E-002
1.4234170E+001,3.1982098E-002
1.4236170E+001,2.8101256E-002
1.4238170E+001,2.3644983E-002
1.4240170E+001,1.9151365E-002
1.4242170E+001,1.4255735E-002
1.4244170E+001,9.3601046E-003
1.4246170E+001,4.8135291E-003
1.4248170E+001,5.1457378E-004
1.4250170E+001,-3.6620060E-003
1.4252170E+001,-6.5212464E-003
1.4254170E+001,-9.3804867E-003
1.4256170E+001,-1.1139289E-002
1.4258170E+001,-1.2117438E-002
1.4260170E+001,-1.2936694E-002
1.4262170E+001,-1.2045507E-002
1.4264170E+001,-1.1154319E-002
1.4266170E+001,-9.3754005E-003
1.4268170E+001,-6.9667237E-003
1.4270170E+001,-4.4708238E-003
1.4272170E+001,-1.0359918E-003
1.4274170E+001,2.3988403E-003
1.4276170E+001,6.1660586E-003
1.4278170E+001,1.0169073E-002
1.4280170E+001,1.4189553E-002
1.4282170E+001,1.8398060E-002
1.4284170E+001,2.2606567E-002
1.4286170E+001,2.6748998E-002
1.4288170E+001,3.0844555E-002
1.4290170E+001,3.4899645E-002
1.4292170E+001,3.8519125E-002
1.4294170E+001,4.2138604E-002
1.4296170E+001,4.5224425E-002
1.4298170E+001,4.7931668E-002
1.4300170E+001,5.0525386E-002
1.4302170E+001,5.1897053E-002
1.4304170E+001,5.3268719E-002
1.4306170E+001,5.3718316E-002
1.4308170E+001,5.3513795E-002
1.4310170E+001,5.3183582E-002
1.4312170E+001,5.1500328E-002
1.4314170E+001,4.9817074E-002
1.4316170E+001,4.7543481E-002
1.4318170E+001,4.4851102E-002
1.4320170E+001,4.2133168E-002
1.4322170E+001,3.9140154E-002
1.4324170E+001,3.6147139E-002
1.4326170E+001,3.3385128E-002
1.4328170E+001,3.0786993E-002
1.4330170E+001,2.8259222E-002
1.4332170E+001,2.6488896E-002
1.4334170E+001,2.4718571E-002
1.4336170E+001,2.3460692E-002
1.4338170E+001,2.2566342E-002
1.4340170E+001,2.1723171E-002
1.4342170E+001,2.1430924E-002
1.4344170E+001,2.1138677E-002
1.4346170E+001,2.0969454E-002
1.4348170E+001,2.0887503E-002
1.4350170E+001,2.0799284E-002
1.4352170E+001,2.0643588E-002
1.4354170E+001,2.0487893E-002
1.4356170E+001,2.0256106E-002
1.4358170E+001,1.9970340E-002
1.4360170E+001,1.9684129E-002
1.4362170E+001,1.9393123E-002
1.4364170E+001,1.9102117E-002
1.4366170E+001,1.8886702E-002
1.4368170E+001,1.8724911E-002
1.4370170E+001,1.8571087E-002
1.4372170E+001,1.8503018E-002
1.4374170E+001,1.8434949E-002
1.4376170E+001,1.8260822E-002
1.4378170E+001,1.8011457E-002
1.4380170E+001,1.7710303E-002
1.4382170E+001,1.6851637E-002
1.4384170E+001,1.5992971E-002
1.4386170E+001,1.4550574E-002
1.4388170E+001,1.2694077E-002
1.4390170E+001,1.0739108E-002
1.4392170E+001,7.7241310E-003
1.4394170E+001,4.7091534E-003
1.4396170E+001,1.1050313E-003
1.4398170E+001,-2.9170313E-003
1.4400170E+001,-6.9898037E-003
1.4402170E+001,-1.1608453E-002
1.4404170E+001,-1.6227103E-002
1.4406170E+001,-2.0887605E-002
1.4408170E+001,-2.5577798E-002
1.4410170E+001,-3.0232536E-002
1.4412170E+001,-3.4505602E-002
1.4414170E+001,-3.8778669E-002
1.4416170E+001,-4.2595680E-002
1.4418170E+001,-4.6089165E-002
1.4420170E+001,-4.9497549E-002
1.4422170E+001,-5.1989833E-002
1.4424170E+001,-5.4482118E-002
1.4426170E+001,-5.6325283E-002
1.4428170E+001,-5.7707962E-002
1.4430170E+001,-5.8994702E-002
1.4432170E+001,-5.9248674E-002
1.4434170E+001,-5.9502646E-002
1.4436170E+001,-5.9140348E-002
1.4438170E+001,-5.8340867E-002
1.4440170E+001,-5.7468422E-002
1.4442170E+001,-5.5810532E-002
1.4444170E+001,-5.4152642E-002
1.4446170E+001,-5.2184371E-002
1.4448170E+001,-4.9995915E-002
1.4450170E+001,-4.7798648E-002
1.4452170E+001,-4.5506535E-002
1.4454170E+001,-4.3214421E-002
1.4456170E+001,-4.1114690E-002
1.4458170E+001,-3.9151434E-002
1.4460170E+001,-3.7242147E-002
1.4462170E+001,-3.5913809E-002
1.4464170E+001,-3.4585471E-002
1.4466170E+001,-3.3663907E-002
1.4468170E+001,-3.3030911E-002
1.4470170E+001,-3.2437373E-002
1.4472170E+001,-3.2268583E-002
1.4474170E+001,-3.2099793E-002
1.4476170E+001,-3.1934356E-002
1.4478170E+001,-3.1771297E-002
1.4480170E+001,-3.1564173E-002
1.4482170E+001,-3.0882695E-002
1.4484170E+001,-3.0201217E-002
1.4486170E+001,-2.8986019E-002
1.4488170E+001,-2.7392198E-002
1.4490170E+001,-2.5710829E-002
1.4492170E+001,-2.3087020E-002
1.4494170E+001,-2.0463212E-002
1.4496170E+001,-1.7350250E-002
1.4498170E+001,-1.3890282E-002
1.4500170E+001,-1.0395216E-002
1.4502170E+001,-6.5223322E-003
1.4504170E+001,-2.6494488E-003
1.4506170E+001,1.1712785E-003
1.4508170E+001,4.9550061E-003
1.4510170E+001,8.6940393E-003
1.4512170E+001,1.1951950E-002
1.4514170E+001,1.5209860E-002
1.4516170E+001,1.7988050E-002
1.4518170E+001,2.0425924E-002
1.4520170E+001,2.2780559E-002
1.4522170E+001,2.4239139E-002
1.4524170E+001,2.5697720E-002
1.4526170E+001,2.6533688E-002
1.4528170E+001,2.6927973E-002
1.4530170E+001,2.7226250E-002
1.4532170E+001,2.6491019E-002
1.4534170E+001,2.5755789E-002
1.4536170E+001,2.4335274E-002
1.4538170E+001,2.2428617E-002
1.4540170E+001,2.0426917E-002
1.4542170E+001,1.7402114E-002
1.4544170E+001,1.4377310E-002
1.4546170E+001,1.0842281E-002
1.4548170E+001,6.9452979E-003
1.4550170E+001,3.0156998E-003
1.4552170E+001,-1.2649850E-003
1.4554170E+001,-5.5456698E-003
1.4556170E+001,-9.6545830E-003
1.4558170E+001,-1.3641641E-002
1.4560170E+001,-1.7543210E-002
1.4562170E+001,-2.0524513E-002
1.4564170E+001,-2.3505816E-002
1.4566170E+001,-2.5573476E-002
1.4568170E+001,-2.6992997E-002
1.4570170E+001,-2.8258178E-002
1.4572170E+001,-2.7861930E-002
1.4574170E+001,-2.7465681E-002
1.4576170E+001,-2.6066249E-002
1.4578170E+001,-2.3955156E-002
1.4580170E+001,-2.1734124E-002
1.4582170E+001,-1.8329621E-002
1.4584170E+001,-1.4925118E-002
1.4586170E+001,-1.1148271E-002
1.4588170E+001,-7.1072820E-003
1.4590170E+001,-3.0789687E-003
1.4592170E+001,8.1289345E-004
1.4594170E+001,4.7047556E-003
1.4596170E+001,8.0473667E-003
1.4598170E+001,1.1000338E-002
1.4600170E+001,1.3818450E-002
1.4602170E+001,1.5184842E-002
1.4604170E+001,1.6551233E-002
1.4606170E+001,1.6781965E-002
1.4608170E+001,1.6207056E-002
1.4610170E+001,1.5471126E-002
1.4612170E+001,1.3001841E-002
1.4614170E+001,1.0532555E-002
1.4616170E+001,7.2251609E-003
1.4618170E+001,3.3232110E-003
1.4620170E+001,-6.3490035E-004
1.4622170E+001,-5.1975735E-003
1.4624170E+001,-9.7602467E-003
1.4626170E+001,-1.4189112E-002
1.4628170E+001,-1.8523054E-002
1.4630170E+001,-2.2769999E-002
1.4632170E+001,-2.6080455E-002
1.4634170E+001,-2.9390911E-002
1.4636170E+001,-3.1786524E-002
1.4638170E+001,-3.3533144E-002
1.4640170E+001,-3.5128163E-002
1.4642170E+001,-3.5091237E-002
1.4644170E+001,-3.5054310E-002
1.4646170E+001,-3.4019520E-002
1.4648170E+001,-3.2276844E-002
1.4650170E+001,-3.0414764E-002
1.4652170E+001,-2.7267343E-002
1.4654170E+001,-2.4119922E-002
1.4656170E+001,-2.0410124E-002
1.4658170E+001,-1.6301373E-002
1.4660170E+001,-1.2155274E-002
1.4662170E+001,-7.6071200E-003
1.4664170E+001,-3.0589662E-003
1.4666170E+001,1.4269020E-003
1.4668170E+001,5.8685847E-003
1.4670170E+001,1.0258475E-002
1.4672170E+001,1.4090833E-002
1.4674170E+001,1.7923192E-002
1.4676170E+001,2.1179344E-002
1.4678170E+001,2.4026736E-002
1.4680170E+001,2.6775410E-002
1.4682170E+001,2.8461426E-002
1.4684170E+001,3.0147442E-002
1.4686170E+001,3.1175078E-002
1.4688170E+001,3.1735658E-002
1.4690170E+001,3.2215831E-002
1.4692170E+001,3.1830439E-002
1.4694170E+001,3.1445048E-002
1.4696170E+001,3.0624956E-002
1.4698170E+001,2.9496488E-002
1.4700170E+001,2.8315749E-002
1.4702170E+001,2.6572328E-002
1.4704170E+001,2.4828908E-002
1.4706170E+001,2.2751518E-002
1.4708170E+001,2.0437208E-002
1.4710170E+001,1.8078627E-002
1.4712170E+001,1.5243464E-002
1.4714170E+001,1.2408302E-002
1.4716170E+001,9.3774210E-003
1.4718170E+001,6.2076968E-003
1.4720170E+001,3.0435929E-003
1.4722170E+001,-6.0011094E-005
1.4724170E+001,-3.1636151E-003
1.4726170E+001,-5.8917776E-003
1.4728170E+001,-8.3536010E-003
1.4730170E+001,-1.0710138E-002
1.4732170E+001,-1.1933288E-002
1.4734170E+001,-1.3156439E-002
1.4736170E+001,-1.3410836E-002
1.4738170E+001,-1.2977996E-002
1.4740170E+001,-1.2397713E-002
1.4742170E+001,-1.0230244E-002
1.4744170E+001,-8.0627751E-003
1.4746170E+001,-5.0645136E-003
1.4748170E+001,-1.4768859E-003
1.4750170E+001,2.1767834E-003
1.4752170E+001,6.5413721E-003
1.4754170E+001,1.0905961E-002
1.4756170E+001,1.5246863E-002
1.4758170E+001,1.9570962E-002
1.4760170E+001,2.3823843E-002
1.4762170E+001,2.7310076E-002
1.4764170E+001,3.0796310E-002
1.4766170E+001,3.3444703E-002
1.4768170E+001,3.5498730E-002
1.4770170E+001,3.7408890E-002
1.4772170E+001,3.7770358E-002
1.4774170E+001,3.8131826E-002
1.4776170E+001,3.7576458E-002
1.4778170E+001,3.6370686E-002
1.4780170E+001,3.5071610E-002
1.4782170E+001,3.2768141E-002
1.4784170E+001,3.0464672E-002
1.4786170E+001,2.7918256E-002
1.4788170E+001,2.5199492E-002
1.4790170E+001,2.2505099E-002
1.4792170E+001,2.0073041E-002
1.4794170E+001,1.7640984E-002
1.4796170E+001,1.5682162E-002
1.4798170E+001,1.4059054E-002
1.4800170E+001,1.2522340E-002
1.4802170E+001,1.1915644E-002
1.4804170E+001,1.1308947E-002
1.4806170E+001,1.1224942E-002
1.4808170E+001,1.1511736E-002
1.4810170E+001,1.1845402E-002
1.4812170E+001,1.2683634E-002
1.4814170E+001,1.3521867E-002
1.4816170E+001,1.4462764E-002
1.4818170E+001,1.5476491E-002
1.4820170E+001,1.6484519E-002
1.4822170E+001,1.7431203E-002
1.4824170E+001,1.8377886E-002
1.4826170E+001,1.9261280E-002
1.4828170E+001,2.0099777E-002
1.4830170E+001,2.0938157E-002
1.4832170E+001,2.1775294E-002
1.4834170E+001,2.2612430E-002
1.4836170E+001,2.3524354E-002
1.4838170E+001,2.4489332E-002
1.4840170E+001,2.5468392E-002
1.4842170E+001,2.6599044E-002
1.4844170E+001,2.7729696E-002
1.4846170E+001,2.8902738E-002
1.4848170E+001,3.0105851E-002
1.4850170E+001,3.1299615E-002
1.4852170E+001,3.2392735E-002
1.4854170E+001,3.3485854E-002
1.4856170E+001,3.4405259E-002
1.4858170E+001,3.5201430E-002
1.4860170E+001,3.5962505E-002
1.4862170E+001,3.6345777E-002
1.4864170E+001,3.6729048E-002
1.4866170E+001,3.6861476E-002
1.4868170E+001,3.6815954E-002
1.4870170E+001,3.6738925E-002
1.4872170E+001,3.6322731E-002
1.4874170E+001,3.5906537E-002
1.4876170E+001,3.5315375E-002
1.4878170E+001,3.4600088E-002
1.4880170E+001,3.3861770E-002
1.4882170E+001,3.2875522E-002
1.4884170E+001,3.1889274E-002
1.4886170E+001,3.0723810E-002
1.4888170E+001,2.9431210E-002
1.4890170E+001,2.8106134E-002
1.4892170E+001,2.6431477E-002
1.4894170E+001,2.4756819E-002
1.4896170E+001,2.2816270E-002
1.4898170E+001,2.0687096E-002
1.4900170E+001,1.8516211E-002
1.4902170E+001,1.5896314E-002
1.4904170E+001,1.3276416E-002
1.4906170E+001,1.0375631E-002
1.4908170E+001,7.2755848E-003
1.4910170E+001,4.1397646E-003
1.4912170E+001,6.1885229E-004
1.4914170E+001,-2.9020601E-003
1.4916170E+001,-6.5981047E-003
1.4918170E+001,-1.0418389E-002
1.4920170E+001,-1.4246236E-002
1.4922170E+001,-1.8155499E-002
1.4924170E+001,-2.2064763E-002
1.4926170E+001,-2.5840479E-002
1.4928170E+001,-2.9521455E-002
1.4930170E+001,-3.3148478E-002
1.4932170E+001,-3.6194691E-002
1.4934170E+001,-3.9240904E-002
1.4936170E+001,-4.1662880E-002
1.4938170E+001,-4.3642020E-002
1.4940170E+001,-4.5499710E-002
1.4942170E+001,-4.6050015E-002
1.4944170E+001,-4.6600319E-002
1.4946170E+001,-4.6204926E-002
1.4948170E+001,-4.5138651E-002
1.4950170E+001,-4.3940778E-002
1.4952170E+001,-4.1326283E-002
1.4954170E+001,-3.8711787E-002
1.4956170E+001,-3.5400731E-002
1.4958170E+001,-3.1595534E-002
1.4960170E+001,-2.7740756E-002
1.4962170E+001,-2.3352252E-002
1.4964170E+001,-1.8963749E-002
1.4966170E+001,-1.4666800E-002
1.4968170E+001,-1.0434801E-002
1.4970170E+001,-6.2759977E-003
1.4972170E+001,-2.9051321E-003
1.4974170E+001,4.6573351E-004
1.4976170E+001,3.0331708E-003
1.4978170E+001,5.0306542E-003
1.4980170E+001,6.8913440E-003
1.4982170E+001,7.2794878E-003
1.4984170E+001,7.6676316E-003
1.4986170E+001,7.1296450E-003
1.4988170E+001,5.9346593E-003
1.4990170E+001,4.6226513E-003
1.4992170E+001,2.0509286E-003
1.4994170E+001,-5.2079399E-004
1.4996170E+001,-3.7229672E-003
1.4998170E+001,-7.3723834E-003
1.5000170E+001,-1.1083768E-002
1.5002170E+001,-1.5462231E-002
1.5004170E+001,-1.9840693E-002
1.5006170E+001,-2.4408695E-002
1.5008170E+001,-2.9111157E-002
1.5010170E+001,-3.3800380E-002
1.5012170E+001,-3.8347085E-002
1.5014170E+001,-4.2893790E-002
1.5016170E+001,-4.7037351E-002
1.5018170E+001,-5.0894919E-002
1.5020170E+001,-5.4651220E-002
1.5022170E+001,-5.7317399E-002
1.5024170E+001,-5.9983578E-002
1.5026170E+001,-6.1750228E-002
1.5028170E+001,-6.2878749E-002
1.5030170E+001,-6.3869325E-002
1.5032170E+001,-6.3374964E-002
1.5034170E+001,-6.2880603E-002
1.5036170E+001,-6.1554860E-002
1.5038170E+001,-5.9639333E-002
1.5040170E+001,-5.7638197E-002
1.5042170E+001,-5.4715506E-002
1.5044170E+001,-5.1792815E-002
1.5046170E+001,-4.8562511E-002
1.5048170E+001,-4.5113984E-002
1.5050170E+001,-4.1654574E-002
1.5052170E+001,-3.8078015E-002
1.5054170E+001,-3.4501456E-002
1.5056170E+001,-3.0979039E-002
1.5058170E+001,-2.7495031E-002
1.5060170E+001,-2.4022119E-002
1.5062170E+001,-2.0668656E-002
1.5064170E+001,-1.7315192E-002
1.5066170E+001,-1.3996412E-002
1.5068170E+001,-1.0702236E-002
1.5070170E+001,-7.4074118E-003
1.5072170E+001,-4.1055992E-003
1.5074170E+001,-8.0378656E-004
1.5076170E+001,2.4772004E-003
1.5078170E+001,5.7434136E-003
1.5080170E+001,8.9888177E-003
1.5082170E+001,1.2010218E-002
1.5084170E+001,1.5031617E-002
1.5086170E+001,1.7702040E-002
1.5088170E+001,2.0123479E-002
1.5090170E+001,2.2459464E-002
1.5092170E+001,2.3875559E-002
1.5094170E+001,2.5291653E-002
1.5096170E+001,2.5934835E-002
1.5098170E+001,2.6029710E-002
1.5100170E+001,2.6003973E-002
1.5102170E+001,2.4679878E-002
1.5104170E+001,2.3355784E-002
1.5106170E+001,2.1308626E-002
1.5108170E+001,1.8748527E-002
1.5110170E+001,1.6120263E-002
1.5112170E+001,1.2758214E-002
1.5114170E+001,9.3961649E-003
1.5116170E+001,5.9043176E-003
1.5118170E+001,2.3203909E-003
1.5120170E+001,-1.2319300E-003
1.5122170E+001,-4.4440232E-003
1.5124170E+001,-7.6561165E-003
1.5126170E+001,-1.0360006E-002
1.5128170E+001,-1.2703376E-002
1.5130170E+001,-1.4944485E-002
1.5132170E+001,-1.6084799E-002
1.5134170E+001,-1.7225112E-002
1.5136170E+001,-1.7578709E-002
1.5138170E+001,-1.7374207E-002
1.5140170E+001,-1.7061129E-002
1.5142170E+001,-1.5579261E-002
1.5144170E+001,-1.4097393E-002
1.5146170E+001,-1.2037599E-002
1.5148170E+001,-9.5678237E-003
1.5150170E+001,-7.0569621E-003
1.5152170E+001,-4.1038168E-003
1.5154170E+001,-1.1506714E-003
1.5156170E+001,1.6974245E-003
1.5158170E+001,4.4709980E-003
1.5160170E+001,7.1699175E-003
1.5162170E+001,9.0652066E-003
1.5164170E+001,1.0960496E-002
1.5166170E+001,1.2010457E-002
1.5168170E+001,1.2460740E-002
1.5170170E+001,1.2764499E-002
1.5172170E+001,1.1490955E-002
1.5174170E+001,1.0217412E-002
1.5176170E+001,7.9869569E-003
1.5178170E+001,5.0776669E-003
1.5180170E+001,2.0651976E-003
1.5182170E+001,-2.0579692E-003
1.5184170E+001,-6.1811359E-003
1.5186170E+001,-1.0647387E-002
1.5188170E+001,-1.5357022E-002
1.5190170E+001,-2.0059575E-002
1.5192170E+001,-2.4685898E-002
1.5194170E+001,-2.9312220E-002
1.5196170E+001,-3.3549267E-002
1.5198170E+001,-3.7510160E-002
1.5200170E+001,-4.1377610E-002
1.5202170E+001,-4.4239171E-002
1.5204170E+001,-4.7100732E-002
1.5206170E+001,-4.9153973E-002
1.5208170E+001,-5.0633789E-002
1.5210170E+001,-5.1984099E-002
1.5212170E+001,-5.1940299E-002
1.5214170E+001,-5.1896500E-002
1.5216170E+001,-5.0966632E-002
1.5218170E+001,-4.9408185E-002
1.5220170E+001,-4.7737194E-002
1.5222170E+001,-4.4854687E-002
1.5224170E+001,-4.1972180E-002
1.5226170E+001,-3.8542350E-002
1.5228170E+001,-3.4724247E-002
1.5230170E+001,-3.0873115E-002
1.5232170E+001,-2.6666427E-002
1.5234170E+001,-2.2459739E-002
1.5236170E+001,-1.8374217E-002
1.5238170E+001,-1.4374650E-002
1.5240170E+001,-1.0434443E-002
1.5242170E+001,-7.1332385E-003
1.5244170E+001,-3.8320337E-003
1.5246170E+001,-1.0862154E-003
1.5248170E+001,1.2656103E-003
1.5250170E+001,3.5403660E-003
1.5252170E+001,4.9854821E-003
1.5254170E+001,6.4305983E-003
1.5256170E+001,7.5056344E-003
1.5258170E+001,8.3181349E-003
1.5260170E+001,9.1064719E-003
1.5262170E+001,9.6346959E-003
1.5264170E+001,1.0162920E-002
1.5266170E+001,1.0665668E-002
1.5268170E+001,1.1150342E-002
1.5270170E+001,1.1632479E-002
1.5272170E+001,1.2087293E-002
1.5274170E+001,1.2542107E-002
1.5276170E+001,1.2856266E-002
1.5278170E+001,1.3070644E-002
1.5280170E+001,1.3238341E-002
1.5282170E+001,1.2903529E-002
1.5284170E+001,1.2568717E-002
1.5286170E+001,1.1786209E-002
1.5288170E+001,1.0686104E-002
1.5290170E+001,9.5245807E-003
1.5292170E+001,7.7019004E-003
1.5294170E+001,5.8792201E-003
1.5296170E+001,3.8471299E-003
1.5298170E+001,1.6664838E-003
1.5300170E+001,-4.9246636E-004
1.5302170E+001,-2.4178653E-003
1.5304170E+001,-4.3432642E-003
1.5306170E+001,-5.7234346E-003
1.5308170E+001,-6.7168184E-003
1.5310170E+001,-7.5872550E-003
1.5312170E+001,-7.1341958E-003
1.5314170E+001,-6.6811366E-003
1.5316170E+001,-5.2805162E-003
1.5318170E+001,-3.2076939E-003
1.5320170E+001,-1.0167297E-003
1.5322170E+001,2.4459994E-003
1.5324170E+001,5.9087286E-003
1.5326170E+001,9.8591810E-003
1.5328170E+001,1.4155625E-002
1.5330170E+001,1.8463233E-002
1.5332170E+001,2.2891009E-002
1.5334170E+001,2.7318785E-002
1.5336170E+001,3.1447123E-002
1.5338170E+001,3.5363038E-002
1.5340170E+001,3.9198307E-002
1.5342170E+001,4.2165449E-002
1.5344170E+001,4.5132591E-002
1.5346170E+001,4.7433402E-002
1.5348170E+001,4.9261517E-002
1.5350170E+001,5.0992670E-002
1.5352170E+001,5.1680051E-002
1.5354170E+001,5.2367431E-002
1.5356170E+001,5.2437333E-002
1.5358170E+001,5.2069193E-002
1.5360170E+001,5.1619320E-002
1.5362170E+001,5.0289595E-002
1.5364170E+001,4.8959870E-002
1.5366170E+001,4.7119190E-002
1.5368170E+001,4.4916036E-002
1.5370170E+001,4.2649337E-002
1.5372170E+001,3.9698587E-002
1.5374170E+001,3.6747838E-002
1.5376170E+001,3.3490422E-002
1.5378170E+001,3.0015456E-002
1.5380170E+001,2.6525688E-002
1.5382170E+001,2.2876587E-002
1.5384170E+001,1.9227487E-002
1.5386170E+001,1.5739708E-002
1.5388170E+001,1.2366372E-002
1.5390170E+001,9.0565426E-003
1.5392170E+001,6.4303403E-003
1.5394170E+001,3.8041379E-003
1.5396170E+001,1.8419575E-003
1.5398170E+001,3.5083585E-004
1.5400170E+001,-1.0263761E-003
1.5402170E+001,-1.1773802E-003
1.5404170E+001,-1.3283842E-003
1.5406170E+001,-7.1964203E-004
1.5408170E+001,4.2806585E-004
1.5410170E+001,1.6613145E-003
1.5412170E+001,3.8153867E-003
1.5414170E+001,5.9694590E-003
1.5416170E+001,8.4304785E-003
1.5418170E+001,1.1109247E-002
1.5420170E+001,1.3785046E-002
1.5422170E+001,1.6428873E-002
1.5424170E+001,1.9072701E-002
1.5426170E+001,2.1395516E-002
1.5428170E+001,2.3490603E-002
1.5430170E+001,2.5507297E-002
1.5432170E+001,2.6680100E-002
1.5434170E+001,2.7852903E-002
1.5436170E+001,2.8373356E-002
1.5438170E+001,2.8431032E-002
1.5440170E+001,2.8392183E-002
1.5442170E+001,2.7314266E-002
1.5444170E+001,2.6236348E-002
1.5446170E+001,2.4565892E-002
1.5448170E+001,2.2475087E-002
1.5450170E+001,2.0318896E-002
1.5452170E+001,1.7458838E-002
1.5454170E+001,1.4598780E-002
1.5456170E+001,1.1496474E-002
1.5458170E+001,8.2223161E-003
1.5460170E+001,4.9512252E-003
1.5462170E+001,1.7131443E-003
1.5464170E+001,-1.5249366E-003
1.5466170E+001,-4.4530061E-003
1.5468170E+001,-7.1611526E-003
1.5470170E+001,-9.7866781E-003
1.5472170E+001,-1.1522810E-002
1.5474170E+001,-1.3258941E-002
1.5476170E+001,-1.4265824E-002
1.5478170E+001,-1.4755376E-002
1.5480170E+001,-1.5137358E-002
1.5482170E+001,-1.4361378E-002
1.5484170E+001,-1.3585399E-002
1.5486170E+001,-1.2216821E-002
1.5488170E+001,-1.0427854E-002
1.5490170E+001,-8.5913258E-003
1.5492170E+001,-6.2428192E-003
1.5494170E+001,-3.8943125E-003
1.5496170E+001,-1.5234889E-003
1.5498170E+001,8.6316645E-004
1.5500170E+001,3.2154129E-003
1.5502170E+001,5.1972561E-003
1.5504170E+001,7.1790993E-003
1.5506170E+001,8.7742924E-003
1.5508170E+001,1.0095195E-002
1.5510170E+001,1.1356965E-002
1.5512170E+001,1.1982185E-002
1.5514170E+001,1.2607405E-002
1.5516170E+001,1.2906124E-002
1.5518170E+001,1.2973221E-002
1.5520170E+001,1.3009783E-002
1.5522170E+001,1.2717635E-002
1.5524170E+001,1.2425488E-002
1.5526170E+001,1.2003842E-002
1.5528170E+001,1.1490329E-002
1.5530170E+001,1.0958379E-002
1.5532170E+001,1.0227958E-002
1.5534170E+001,9.4975361E-003
1.5536170E+001,8.5749001E-003
1.5538170E+001,7.5159067E-003
1.5540170E+001,6.4179632E-003
1.5542170E+001,4.9007315E-003
1.5544170E+001,3.3834999E-003
1.5546170E+001,1.5835708E-003
1.5548170E+001,-4.1690437E-004
1.5550170E+001,-2.4449905E-003
1.5552170E+001,-4.7703010E-003
1.5554170E+001,-7.0956115E-003
1.5556170E+001,-9.4124231E-003
1.5558170E+001,-1.1723206E-002
1.5560170E+001,-1.3994701E-002
1.5562170E+001,-1.5843278E-002
1.5564170E+001,-1.7691855E-002
1.5566170E+001,-1.9004843E-002
1.5568170E+001,-1.9937883E-002
1.5570170E+001,-2.0762307E-002
1.5572170E+001,-2.0417521E-002
1.5574170E+001,-2.0072735E-002
1.5576170E+001,-1.8866546E-002
1.5578170E+001,-1.7049275E-002
1.5580170E+001,-1.5109344E-002
1.5582170E+001,-1.1849021E-002
1.5584170E+001,-8.5886986E-003
1.5586170E+001,-4.6512395E-003
1.5588170E+001,-2.3341848E-004
1.5590170E+001,4.2375254E-003
1.5592170E+001,9.2803223E-003
1.5594170E+001,1.4323119E-002
1.5596170E+001,1.9315766E-002
1.5598170E+001,2.4272837E-002
1.5600170E+001,2.9158035E-002
1.5602170E+001,3.3269552E-002
1.5604170E+001,3.7381069E-002
1.5606170E+001,4.0619259E-002
1.5608170E+001,4.3237907E-002
1.5610170E+001,4.5696651E-002
1.5612170E+001,4.6434068E-002
1.5614170E+001,4.7171485E-002
1.5616170E+001,4.6782053E-002
1.5618170E+001,4.5593231E-002
1.5620170E+001,4.4265743E-002
1.5622170E+001,4.1445547E-002
1.5624170E+001,3.8625351E-002
1.5626170E+001,3.5171382E-002
1.5628170E+001,3.1267813E-002
1.5630170E+001,2.7328556E-002
1.5632170E+001,2.3005128E-002
1.5634170E+001,1.8681700E-002
1.5636170E+001,1.4485529E-002
1.5638170E+001,1.0379634E-002
1.5640170E+001,6.3353276E-003
1.5642170E+001,2.9540042E-003
1.5644170E+001,-4.2731917E-004
1.5646170E+001,-3.1931965E-003
1.5648170E+001,-5.5224750E-003
1.5650170E+001,-7.7502193E-003
1.5652170E+001,-8.8849752E-003
1.5654170E+001,-1.0019731E-002
1.5656170E+001,-1.0473603E-002
1.5658170E+001,-1.0444455E-002
1.5660170E+001,-1.0332755E-002
1.5662170E+001,-9.3323950E-003
1.5664170E+001,-8.3320353E-003
1.5666170E+001,-6.9621902E-003
1.5668170E+001,-5.3302312E-003
1.5670170E+001,-3.6824605E-003
1.5672170E+001,-1.8644810E-003
1.5674170E+001,-4.6501545E-005
1.5676170E+001,1.6052683E-003
1.5678170E+001,3.1391287E-003
1.5680170E+001,4.6160397E-003
1.5682170E+001,5.4799066E-003
1.5684170E+001,6.3437735E-003
1.5686170E+001,6.6960109E-003
1.5688170E+001,6.6852971E-003
1.5690170E+001,6.6020145E-003
1.5692170E+001,5.7375473E-003
1.5694170E+001,4.8730802E-003
1.5696170E+001,3.6388566E-003
1.5698170E+001,2.1423270E-003
1.5700170E+001,6.2149545E-004
1.5702170E+001,-1.1609396E-003
1.5704170E+001,-2.9433746E-003
1.5706170E+001,-4.6733877E-003
1.5708170E+001,-6.3662126E-003
1.5710170E+001,-8.0243533E-003
1.5712170E+001,-9.3091270E-003
1.5714170E+001,-1.0593901E-002
1.5716170E+001,-1.1524722E-002
1.5718170E+001,-1.2204449E-002
1.5720170E+001,-1.2829376E-002
1.5722170E+001,-1.2864399E-002
1.5724170E+001,-1.2899422E-002
1.5726170E+001,-1.2626110E-002
1.5728170E+001,-1.2134066E-002
1.5730170E+001,-1.1617025E-002
1.5732170E+001,-1.0830898E-002
1.5734170E+001,-1.0044770E-002
1.5736170E+001,-9.2448243E-003
1.5738170E+001,-8.4350764E-003
1.5740170E+001,-7.6419061E-003
1.5742170E+001,-7.0271887E-003
1.5744170E+001,-6.4124713E-003
1.5746170E+001,-5.9716390E-003
1.5748170E+001,-5.6541610E-003
1.5750170E+001,-5.3597802E-003
1.5752170E+001,-5.3140347E-003
1.5754170E+001,-5.2682891E-003
1.5756170E+001,-5.3179461E-003
1.5758170E+001,-5.4352820E-003
1.5760170E+001,-5.5564275E-003
1.5762170E+001,-5.7185830E-003
1.5764170E+001,-5.8807384E-003
1.5766170E+001,-6.0312217E-003
1.5768170E+001,-6.1734245E-003
1.5770170E+001,-6.3150982E-003
1.5772170E+001,-6.4510746E-003
1.5774170E+001,-6.5870510E-003
1.5776170E+001,-6.7637356E-003
1.5778170E+001,-6.9692988E-003
1.5780170E+001,-7.1888611E-003
1.5782170E+001,-7.5591196E-003
1.5784170E+001,-7.9293781E-003
1.5786170E+001,-8.4338487E-003
1.5788170E+001,-9.0335295E-003
1.5790170E+001,-9.6522058E-003
1.5792170E+001,-1.0475363E-002
1.5794170E+001,-1.1298521E-002
1.5796170E+001,-1.2197409E-002
1.5798170E+001,-1.3150021E-002
1.5800170E+001,-1.4099516E-002
1.5802170E+001,-1.5015463E-002
1.5804170E+001,-1.5931410E-002
1.5806170E+001,-1.6716180E-002
1.5808170E+001,-1.7407893E-002
1.5810170E+001,-1.8068784E-002
1.5812170E+001,-1.8397876E-002
1.5814170E+001,-1.8726969E-002
1.5816170E+001,-1.8827673E-002
1.5818170E+001,-1.8766357E-002
1.5820170E+001,-1.8680643E-002
1.5822170E+001,-1.8332278E-002
1.5824170E+001,-1.7983913E-002
1.5826170E+001,-1.7583059E-002
1.5828170E+001,-1.7144971E-002
1.5830170E+001,-1.6716881E-002
1.5832170E+001,-1.6396417E-002
1.5834170E+001,-1.6075953E-002
1.5836170E+001,-1.5897269E-002
1.5838170E+001,-1.5819165E-002
1.5840170E+001,-1.5760605E-002
1.5842170E+001,-1.5912442E-002
1.5844170E+001,-1.6064280E-002
1.5846170E+001,-1.6269621E-002
1.5848170E+001,-1.6512919E-002
1.5850170E+001,-1.6747173E-002
1.5852170E+001,-1.6884074E-002
1.5854170E+001,-1.7020975E-002
1.5856170E+001,-1.6993012E-002
1.5858170E+001,-1.6848093E-002
1.5860170E+001,-1.6670849E-002
1.5862170E+001,-1.6145619E-002
1.5864170E+001,-1.5620389E-002
1.5866170E+001,-1.4865852E-002
1.5868170E+001,-1.3948643E-002
1.5870170E+001,-1.3002664E-002
1.5872170E+001,-1.1746972E-002
1.5874170E+001,-1.0491281E-002
1.5876170E+001,-9.0914109E-003
1.5878170E+001,-7.5892599E-003
1.5880170E+001,-6.0761347E-003
1.5882170E+001,-4.4448759E-003
1.5884170E+001,-2.8136172E-003
1.5886170E+001,-1.1905784E-003
1.5888170E+001,4.2662932E-004
1.5890170E+001,2.0281721E-003
1.5892170E+001,3.4610860E-003
1.5894170E+001,4.8939999E-003
1.5896170E+001,6.1102563E-003
1.5898170E+001,7.1728153E-003
1.5900170E+001,8.1890875E-003
1.5902170E+001,8.7070944E-003
1.5904170E+001,9.2251012E-003
1.5906170E+001,9.3513126E-003
1.5908170E+001,9.1995833E-003
1.5910170E+001,8.9874085E-003
1.5912170E+001,8.1245548E-003
1.5914170E+001,7.2617010E-003
1.5916170E+001,6.0207396E-003
1.5918170E+001,4.5115478E-003
1.5920170E+001,2.9622634E-003
1.5922170E+001,9.8139381E-004
1.5924170E+001,-9.9947579E-004
1.5926170E+001,-3.1010517E-003
1.5928170E+001,-5.2882571E-003
1.5930170E+001,-7.4664919E-003
1.5932170E+001,-9.5481617E-003
1.5934170E+001,-1.1629832E-002
1.5936170E+001,-1.3478008E-002
1.5938170E+001,-1.5160544E-002
1.5940170E+001,-1.6791754E-002
1.5942170E+001,-1.7870448E-002
1.5944170E+001,-1.8949142E-002
1.5946170E+001,-1.9638034E-002
1.5948170E+001,-2.0050400E-002
1.5950170E+001,-2.0414162E-002
1.5952170E+001,-2.0254719E-002
1.5954170E+001,-2.0095276E-002
1.5956170E+001,-1.9730183E-002
1.5958170E+001,-1.9219201E-002
1.5960170E+001,-1.8702148E-002
1.5962170E+001,-1.8119736E-002
1.5964170E+001,-1.7537324E-002
1.5966170E+001,-1.7067351E-002
1.5968170E+001,-1.6677143E-002
1.5970170E+001,-1.6318999E-002
1.5972170E+001,-1.6306021E-002
1.5974170E+001,-1.6293044E-002
1.5976170E+001,-1.6543452E-002
1.5978170E+001,-1.6980707E-002
1.5980170E+001,-1.7452658E-002
1.5982170E+001,-1.8298102E-002
1.5984170E+001,-1.9143546E-002
1.5986170E+001,-2.0147453E-002
1.5988170E+001,-2.1263772E-002
1.5990170E+001,-2.2386058E-002
1.5992170E+001,-2.3572568E-002
1.5994170E+001,-2.4759077E-002
1.5996170E+001,-2.5853349E-002
1.5998170E+001,-2.6882187E-002
1.6000170E+001,-2.7879171E-002
1.6002170E+001,-2.8533258E-002
1.6004170E+001,-2.9187346E-002
1.6006170E+001,-2.9524257E-002
1.6008170E+001,-2.9636163E-002
1.6010170E+001,-2.9694865E-002
1.6012170E+001,-2.9180834E-002
1.6014170E+001,-2.8666804E-002
1.6016170E+001,-2.7797008E-002
1.6018170E+001,-2.6674832E-002
1.6020170E+001,-2.5510569E-002
1.6022170E+001,-2.3893264E-002
1.6024170E+001,-2.2275959E-002
1.6026170E+001,-2.0475586E-002
1.6028170E+001,-1.8545344E-002
1.6030170E+001,-1.6607182E-002
1.6032170E+001,-1.4583759E-002
1.6034170E+001,-1.2560336E-002
1.6036170E+001,-1.0617167E-002
1.6038170E+001,-8.7309304E-003
1.6040170E+001,-6.8746839E-003
1.6042170E+001,-5.3412734E-003
1.6044170E+001,-3.8078629E-003
1.6046170E+001,-2.5787240E-003
1.6048170E+001,-1.5654360E-003
1.6050170E+001,-6.0282687E-004
1.6052170E+001,-1.8576188E-004
1.6054170E+001,2.3130312E-004
1.6056170E+001,3.2959534E-004
1.6058170E+001,2.0174942E-004
1.6060170E+001,4.3255532E-005
1.6062170E+001,-4.4515558E-004
1.6064170E+001,-9.3356668E-004
1.6066170E+001,-1.4701028E-003
1.6068170E+001,-2.0407789E-003
1.6070170E+001,-2.5932443E-003
1.6072170E+001,-2.9496764E-003
1.6074170E+001,-3.3061086E-003
1.6076170E+001,-3.4025991E-003
1.6078170E+001,-3.3146864E-003
1.6080170E+001,-3.1802416E-003
1.6082170E+001,-2.5448905E-003
1.6084170E+001,-1.9095394E-003
1.6086170E+001,-9.7680786E-004
1.6088170E+001,1.6688598E-004
1.6090170E+001,1.3410547E-003
1.6092170E+001,2.8432778E-003
1.6094170E+001,4.3455008E-003
1.6096170E+001,5.9407087E-003
1.6098170E+001,7.6018801E-003
1.6100170E+001,9.2607446E-003
1.6102170E+001,1.0894775E-002
1.6104170E+001,1.2528805E-002
1.6106170E+001,1.4069111E-002
1.6108170E+001,1.5542929E-002
1.6110170E+001,1.6996526E-002
1.6112170E+001,1.8232461E-002
1.6114170E+001,1.9468396E-002
1.6116170E+001,2.0535750E-002
1.6118170E+001,2.1483514E-002
1.6120170E+001,2.2401917E-002
1.6122170E+001,2.3004266E-002
1.6124170E+001,2.3606614E-002
1.6126170E+001,2.3961359E-002
1.6128170E+001,2.4140454E-002
1.6130170E+001,2.4276888E-002
1.6132170E+001,2.3954083E-002
1.6134170E+001,2.3631278E-002
1.6136170E+001,2.2994237E-002
1.6138170E+001,2.2134276E-002
1.6140170E+001,2.1233180E-002
1.6142170E+001,1.9889277E-002
1.6144170E+001,1.8545374E-002
1.6146170E+001,1.7014647E-002
1.6148170E+001,1.5351387E-002
1.6150170E+001,1.3683542E-002
1.6152170E+001,1.1966354E-002
1.6154170E+001,1.0249165E-002
1.6156170E+001,8.6901204E-003
1.6158170E+001,7.2432634E-003
1.6160170E+001,5.8464885E-003
1.6162170E+001,4.9888341E-003
1.6164170E+001,4.1311797E-003
1.6166170E+001,3.7579180E-003
1.6168170E+001,3.7282854E-003
1.6170170E+001,3.7765967E-003
1.6172170E+001,4.6639530E-003
1.6174170E+001,5.5513093E-003
1.6176170E+001,6.9143130E-003
1.6178170E+001,8.6147421E-003
1.6180170E+001,1.0359712E-002
1.6182170E+001,1.2584153E-002
1.6184170E+001,1.4808594E-002
1.6186170E+001,1.7102706E-002
1.6188170E+001,1.9446244E-002
1.6190170E+001,2.1765258E-002
1.6192170E+001,2.3820273E-002
1.6194170E+001,2.5875288E-002
1.6196170E+001,2.7587433E-002
1.6198170E+001,2.9056345E-002
1.6200170E+001,3.0465035E-002
1.6202170E+001,3.1225467E-002
1.6204170E+001,3.1985898E-002
1.6206170E+001,3.2360620E-002
1.6208170E+001,3.2461720E-002
1.6210170E+001,3.2520639E-002
1.6212170E+001,3.2125491E-002
1.6214170E+001,3.1730344E-002
1.6216170E+001,3.1162544E-002
1.6218170E+001,3.0472262E-002
1.6220170E+001,2.9771820E-002
1.6222170E+001,2.8961994E-002
1.6224170E+001,2.8152169E-002
1.6226170E+001,2.7337255E-002
1.6228170E+001,2.6518731E-002
1.6230170E+001,2.5701974E-002
1.6232170E+001,2.4904233E-002
1.6234170E+001,2.4106492E-002
1.6236170E+001,2.3292609E-002
1.6238170E+001,2.2467275E-002
1.6240170E+001,2.1631120E-002
1.6242170E+001,2.0678465E-002
1.6244170E+001,1.9725811E-002
1.6246170E+001,1.8640439E-002
1.6248170E+001,1.7460917E-002
1.6250170E+001,1.6259320E-002
1.6252170E+001,1.4820087E-002
1.6254170E+001,1.3380854E-002
1.6256170E+001,1.1841895E-002
1.6258170E+001,1.0232191E-002
1.6260170E+001,8.6270297E-003
1.6262170E+001,7.0707788E-003
1.6264170E+001,5.5145278E-003
1.6266170E+001,4.1715798E-003
1.6268170E+001,2.9799493E-003
1.6270170E+001,1.8450023E-003
1.6272170E+001,1.3202377E-003
1.6274170E+001,7.9547300E-004
1.6276170E+001,7.6918838E-004
1.6278170E+001,1.0965267E-003
1.6280170E+001,1.4956196E-003
1.6282170E+001,2.6671322E-003
1.6284170E+001,3.8386448E-003
1.6286170E+001,5.3782956E-003
1.6288170E+001,7.1791045E-003
1.6290170E+001,9.0021845E-003
1.6292170E+001,1.1065008E-002
1.6294170E+001,1.3127832E-002
1.6296170E+001,1.5100925E-002
1.6298170E+001,1.7010363E-002
1.6300170E+001,1.8877352E-002
1.6302170E+001,2.0287386E-002
1.6304170E+001,2.1697420E-002
1.6306170E+001,2.2704463E-002
1.6308170E+001,2.3425624E-002
1.6310170E+001,2.4087314E-002
1.6312170E+001,2.4108808E-002
1.6314170E+001,2.4130302E-002
1.6316170E+001,2.3810940E-002
1.6318170E+001,2.3249774E-002
1.6320170E+001,2.2651769E-002
1.6322170E+001,2.1657205E-002
1.6324170E+001,2.0662640E-002
1.6326170E+001,1.9470515E-002
1.6328170E+001,1.8138239E-002
1.6330170E+001,1.6778659E-002
1.6332170E+001,1.5125163E-002
1.6334170E+001,1.3471667E-002
1.6336170E+001,1.1621737E-002
1.6338170E+001,9.6324554E-003
1.6340170E+001,7.6180949E-003
1.6342170E+001,5.3337646E-003
1.6344170E+001,3.0494343E-003
1.6346170E+001,6.8470086E-004
1.6348170E+001,-1.7370707E-003
1.6350170E+001,-4.1480761E-003
1.6352170E+001,-6.4431852E-003
1.6354170E+001,-8.7382943E-003
1.6356170E+001,-1.0789567E-002
1.6358170E+001,-1.2667862E-002
1.6360170E+001,-1.4492568E-002
1.6362170E+001,-1.5740409E-002
1.6364170E+001,-1.6988249E-002
1.6366170E+001,-1.7825984E-002
1.6368170E+001,-1.8372790E-002
1.6370170E+001,-1.8866286E-002
1.6372170E+001,-1.8785906E-002
1.6374170E+001,-1.8705527E-002
1.6376170E+001,-1.8356063E-002
1.6378170E+001,-1.7815711E-002
1.6380170E+001,-1.7252743E-002
1.6382170E+001,-1.6446317E-002
1.6384170E+001,-1.5639892E-002
1.6386170E+001,-1.4777194E-002
1.6388170E+001,-1.3874578E-002
1.6390170E+001,-1.2974059E-002
1.6392170E+001,-1.2096133E-002
1.6394170E+001,-1.1218207E-002
1.6396170E+001,-1.0393265E-002
1.6398170E+001,-9.6059101E-003
1.6400170E+001,-8.8277216E-003
1.6402170E+001,-8.1482036E-003
1.6404170E+001,-7.4686856E-003
1.6406170E+001,-6.8457771E-003
1.6408170E+001,-6.2630274E-003
1.6410170E+001,-5.6881182E-003
1.6412170E+001,-5.1976097E-003
1.6414170E+001,-4.7071012E-003
1.6416170E+001,-4.2926548E-003
1.6418170E+001,-3.9321669E-003
1.6420170E+001,-3.5903952E-003
1.6422170E+001,-3.4500989E-003
1.6424170E+001,-3.3098026E-003
1.6426170E+001,-3.3613653E-003
1.6428170E+001,-3.5490332E-003
1.6430170E+001,-3.7692750E-003
1.6432170E+001,-4.3401666E-003
1.6434170E+001,-4.9110581E-003
1.6436170E+001,-5.6692334E-003
1.6438170E+001,-6.5602683E-003
1.6440170E+001,-7.4618115E-003
1.6442170E+001,-8.4764748E-003
1.6444170E+001,-9.4911380E-003
1.6446170E+001,-1.0418264E-002
1.6448170E+001,-1.1283290E-002
1.6450170E+001,-1.2114847E-002
1.6452170E+001,-1.2586122E-002
1.6454170E+001,-1.3057397E-002
1.6456170E+001,-1.3230429E-002
1.6458170E+001,-1.3191888E-002
1.6460170E+001,-1.3114069E-002
1.6462170E+001,-1.2613444E-002
1.6464170E+001,-1.2112819E-002
1.6466170E+001,-1.1437954E-002
1.6468170E+001,-1.0639484E-002
1.6470170E+001,-9.8310734E-003
1.6472170E+001,-8.9156551E-003
1.6474170E+001,-8.0002369E-003
1.6476170E+001,-7.0791853E-003
1.6478170E+001,-6.1541373E-003
1.6480170E+001,-5.2289196E-003
1.6482170E+001,-4.3018749E-003
1.6484170E+001,-3.3748302E-003
1.6486170E+001,-2.4225910E-003
1.6488170E+001,-1.4524789E-003
1.6490170E+001,-4.7894657E-004
1.6492170E+001,5.3140313E-004
1.6494170E+001,1.5417528E-003
1.6496170E+001,2.5054557E-003
1.6498170E+001,3.4360672E-003
1.6500170E+001,4.3393600E-003
1.6502170E+001,4.9485740E-003
1.6504170E+001,5.5577880E-003
1.6506170E+001,5.8092215E-003
1.6508170E+001,5.8068446E-003
1.6510170E+001,5.7335158E-003
1.6512170E+001,4.8964085E-003
1.6514170E+001,4.0593012E-003
1.6516170E+001,2.7014952E-003
1.6518170E+001,9.7430430E-004
1.6520170E+001,-8.1559807E-004
1.6522170E+001,-3.2805728E-003
1.6524170E+001,-5.7455476E-003
1.6526170E+001,-8.4505387E-003
1.6528170E+001,-1.1325798E-002
1.6530170E+001,-1.4200147E-002
1.6532170E+001,-1.7064698E-002
1.6534170E+001,-1.9929250E-002
1.6536170E+001,-2.2541230E-002
1.6538170E+001,-2.4974036E-002
1.6540170E+001,-2.7340908E-002
1.6542170E+001,-2.8998014E-002
1.6544170E+001,-3.0655121E-002
1.6546170E+001,-3.1733237E-002
1.6548170E+001,-3.2400614E-002
1.6550170E+001,-3.2979498E-002
1.6552170E+001,-3.2605768E-002
1.6554170E+001,-3.2232038E-002
1.6556170E+001,-3.1321972E-002
1.6558170E+001,-3.0031427E-002
1.6560170E+001,-2.8687027E-002
1.6562170E+001,-2.6762892E-002
1.6564170E+001,-2.4838757E-002
1.6566170E+001,-2.2769273E-002
1.6568170E+001,-2.0596680E-002
1.6570170E+001,-1.8436541E-002
1.6572170E+001,-1.6410475E-002
1.6574170E+001,-1.4384410E-002
1.6576170E+001,-1.2621999E-002
1.6578170E+001,-1.1046627E-002
1.6580170E+001,-9.5214581E-003
1.6582170E+001,-8.5367206E-003
1.6584170E+001,-7.5519831E-003
1.6586170E+001,-6.8870833E-003
1.6588170E+001,-6.4490770E-003
1.6590170E+001,-6.0414890E-003
1.6592170E+001,-5.9613453E-003
1.6594170E+001,-5.8812016E-003
1.6596170E+001,-5.8618772E-003
1.6598170E+001,-5.8856980E-003
1.6600170E+001,-5.8988581E-003
1.6602170E+001,-5.7972584E-003
1.6604170E+001,-5.6956586E-003
1.6606170E+001,-5.4391600E-003
1.6608170E+001,-5.0727758E-003
1.6610170E+001,-4.6812308E-003
1.6612170E+001,-4.0188373E-003
1.6614170E+001,-3.3564438E-003
1.6616170E+001,-2.5471862E-003
1.6618170E+001,-1.6337427E-003
1.6620170E+001,-7.0411720E-004
1.6622170E+001,3.9970340E-004
1.6624170E+001,1.5035240E-003
1.6626170E+001,2.7041227E-003
1.6628170E+001,3.9733760E-003
1.6630170E+001,5.2583607E-003
1.6632170E+001,6.7126910E-003
1.6634170E+001,8.1670212E-003
1.6636170E+001,9.7430503E-003
1.6638170E+001,1.1405413E-002
1.6640170E+001,1.3082170E-002
1.6642170E+001,1.4913879E-002
1.6644170E+001,1.6745587E-002
1.6646170E+001,1.8592140E-002
1.6648170E+001,2.0449222E-002
1.6650170E+001,2.2288201E-002
1.6652170E+001,2.3932299E-002
1.6654170E+001,2.5576396E-002
1.6656170E+001,2.6939073E-002
1.6658170E+001,2.8102108E-002
1.6660170E+001,2.9206271E-002
1.6662170E+001,2.9676680E-002
1.6664170E+001,3.0147090E-002
1.6666170E+001,3.0161010E-002
1.6668170E+001,2.9851096E-002
1.6670170E+001,2.9479917E-002
1.6672170E+001,2.8449234E-002
1.6674170E+001,2.7418550E-002
1.6676170E+001,2.6074245E-002
1.6678170E+001,2.4507455E-002
1.6680170E+001,2.2916955E-002
1.6682170E+001,2.1071211E-002
1.6684170E+001,1.9225467E-002
1.6686170E+001,1.7372610E-002
1.6688170E+001,1.5514706E-002
1.6690170E+001,1.3674552E-002
1.6692170E+001,1.2025471E-002
1.6694170E+001,1.0376389E-002
1.6696170E+001,8.9303434E-003
1.6698170E+001,7.6283327E-003
1.6700170E+001,6.3593182E-003
1.6702170E+001,5.4454985E-003
1.6704170E+001,4.5316787E-003
1.6706170E+001,3.8162740E-003
1.6708170E+001,3.2416253E-003
1.6710170E+001,2.6861457E-003
1.6712170E+001,2.3370149E-003
1.6714170E+001,1.9878841E-003
1.6716170E+001,1.6896904E-003
1.6718170E+001,1.4276315E-003
1.6720170E+001,1.1629338E-003
1.6722170E+001,8.6982930E-004
1.6724170E+001,5.7672481E-004
1.6726170E+001,2.2827752E-004
1.6728170E+001,-1.5943009E-004
1.6730170E+001,-5.5544466E-004
1.6732170E+001,-1.0408815E-003
1.6734170E+001,-1.5263184E-003
1.6736170E+001,-2.0519487E-003
1.6738170E+001,-2.6060925E-003
1.6740170E+001,-3.1648577E-003
1.6742170E+001,-3.7733726E-003
1.6744170E+001,-4.3818875E-003
1.6746170E+001,-5.0418338E-003
1.6748170E+001,-5.7382658E-003
1.6750170E+001,-6.4483070E-003
1.6752170E+001,-7.3048488E-003
1.6754170E+001,-8.1613905E-003
1.6756170E+001,-9.1443250E-003
1.6758170E+001,-1.0216923E-002
1.6760170E+001,-1.1305208E-002
1.6762170E+001,-1.2562364E-002
1.6764170E+001,-1.3819519E-002
1.6766170E+001,-1.5091116E-002
1.6768170E+001,-1.6372956E-002
1.6770170E+001,-1.7634487E-002
1.6772170E+001,-1.8677390E-002
1.6774170E+001,-1.9720292E-002
1.6776170E+001,-2.0461792E-002
1.6778170E+001,-2.0989477E-002
1.6780170E+001,-2.1459052E-002
1.6782170E+001,-2.1303104E-002
1.6784170E+001,-2.1147156E-002
1.6786170E+001,-2.0609788E-002
1.6788170E+001,-1.9801840E-002
1.6790170E+001,-1.8959330E-002
1.6792170E+001,-1.7744780E-002
1.6794170E+001,-1.6530230E-002
1.6796170E+001,-1.5298910E-002
1.6798170E+001,-1.4055694E-002
1.6800170E+001,-1.2840908E-002
1.6802170E+001,-1.1932160E-002
1.6804170E+001,-1.1023412E-002
1.6806170E+001,-1.0426954E-002
1.6808170E+001,-1.0052035E-002
1.6810170E+001,-9.7187132E-003
1.6812170E+001,-9.8331737E-003
1.6814170E+001,-9.9476342E-003
1.6816170E+001,-1.0196466E-002
1.6818170E+001,-1.0540622E-002
1.6820170E+001,-1.0874321E-002
1.6822170E+001,-1.1095452E-002
1.6824170E+001,-1.1316583E-002
1.6826170E+001,-1.1294055E-002
1.6828170E+001,-1.1098676E-002
1.6830170E+001,-1.0856996E-002
1.6832170E+001,-1.0116906E-002
1.6834170E+001,-9.3768149E-003
1.6836170E+001,-8.3485491E-003
1.6838170E+001,-7.1158513E-003
1.6840170E+001,-5.8554212E-003
1.6842170E+001,-4.2964603E-003
1.6844170E+001,-2.7374993E-003
1.6846170E+001,-1.0961363E-003
1.6848170E+001,6.0368296E-004
1.6850170E+001,2.3038470E-003
1.6852170E+001,4.0077225E-003
1.6854170E+001,5.7115979E-003
1.6856170E+001,7.3738047E-003
1.6858170E+001,9.0064516E-003
1.6860170E+001,1.0629294E-002
1.6862170E+001,1.2146589E-002
1.6864170E+001,1.3663885E-002
1.6866170E+001,1.5083074E-002
1.6868170E+001,1.6432665E-002
1.6870170E+001,1.7761404E-002
1.6872170E+001,1.8865675E-002
1.6874170E+001,1.9969945E-002
1.6876170E+001,2.0879732E-002
1.6878170E+001,2.1651552E-002
1.6880170E+001,2.2389910E-002
1.6882170E+001,2.2768058E-002
1.6884170E+001,2.3146207E-002
1.6886170E+001,2.3290885E-002
1.6888170E+001,2.3269937E-002
1.6890170E+001,2.3219680E-002
1.6892170E+001,2.2853917E-002
1.6894170E+001,2.2488154E-002
1.6896170E+001,2.1972481E-002
1.6898170E+001,2.1350462E-002
1.6900170E+001,2.0713684E-002
1.6902170E+001,1.9918026E-002
1.6904170E+001,1.9122368E-002
1.6906170E+001,1.8251142E-002
1.6908170E+001,1.7326307E-002
1.6910170E+001,1.6390487E-002
1.6912170E+001,1.5336419E-002
1.6914170E+001,1.4282351E-002
1.6916170E+001,1.3140009E-002
1.6918170E+001,1.1935045E-002
1.6920170E+001,1.0716927E-002
1.6922170E+001,9.3572122E-003
1.6924170E+001,7.9974977E-003
1.6926170E+001,6.5747617E-003
1.6928170E+001,5.1073181E-003
1.6930170E+001,3.6395291E-003
1.6932170E+001,2.1680216E-003
1.6934170E+001,6.9651410E-004
1.6936170E+001,-6.9985585E-004
1.6938170E+001,-2.0429230E-003
1.6940170E+001,-3.3653856E-003
1.6942170E+001,-4.4660448E-003
1.6944170E+001,-5.5667040E-003
1.6946170E+001,-6.4930332E-003
1.6948170E+001,-7.2956923E-003
1.6950170E+001,-8.0740274E-003
1.6952170E+001,-8.5905209E-003
1.6954170E+001,-9.1070145E-003
1.6956170E+001,-9.4874248E-003
1.6958170E+001,-9.7712975E-003
1.6960170E+001,-1.0039875E-002
1.6962170E+001,-1.0143799E-002
1.6964170E+001,-1.0247723E-002
1.6966170E+001,-1.0257968E-002
1.6968170E+001,-1.0201758E-002
1.6970170E+001,-1.0130595E-002
1.6972170E+001,-9.8984764E-003
1.6974170E+001,-9.6663578E-003
1.6976170E+001,-9.3159473E-003
1.6978170E+001,-8.8816203E-003
1.6980170E+001,-8.4298942E-003
1.6982170E+001,-7.7908711E-003
1.6984170E+001,-7.1518480E-003
1.6986170E+001,-6.4182889E-003
1.6988170E+001,-5.6176657E-003
1.6990170E+001,-4.8106277E-003
1.6992170E+001,-3.9345368E-003
1.6994170E+001,-3.0584459E-003
1.6996170E+001,-2.1996927E-003
1.6998170E+001,-1.3532389E-003
1.7000170E+001,-5.1703658E-004
1.7002170E+001,2.0881092E-004
1.7004170E+001,9.3465842E-004
1.7006170E+001,1.5614356E-003
1.7008170E+001,2.1179320E-003
1.7010170E+001,2.6605757E-003
1.7012170E+001,3.0540997E-003
1.7014170E+001,3.4476236E-003
1.7016170E+001,3.7777492E-003
1.7018170E+001,4.0628999E-003
1.7020170E+001,4.3454048E-003
1.7022170E+001,4.5994284E-003
1.7024170E+001,4.8534520E-003
1.7026170E+001,5.1260804E-003
1.7028170E+001,5.4119071E-003
1.7030170E+001,5.7015650E-003
1.7032170E+001,6.0324636E-003
1.7034170E+001,6.3633623E-003
1.7036170E+001,6.6885805E-003
1.7038170E+001,7.0097691E-003
1.7040170E+001,7.3205199E-003
1.7042170E+001,7.5189106E-003
1.7044170E+001,7.7173013E-003
1.7046170E+001,7.7657183E-003
1.7048170E+001,7.7077435E-003
1.7050170E+001,7.6192470E-003
1.7052170E+001,7.2021915E-003
1.7054170E+001,6.7851359E-003
1.7056170E+001,6.1396885E-003
1.7058170E+001,5.3322194E-003
1.7060170E+001,4.4957276E-003
1.7062170E+001,3.3468150E-003
1.7064170E+001,2.1979023E-003
1.7066170E+001,9.0985121E-004
1.7068170E+001,-4.7690507E-004
1.7070170E+001,-1.8739741E-003
1.7072170E+001,-3.3820575E-003
1.7074170E+001,-4.8901409E-003
1.7076170E+001,-6.4109330E-003
1.7078170E+001,-7.9407406E-003
1.7080170E+001,-9.4654231E-003
1.7082170E+001,-1.0934934E-002
1.7084170E+001,-1.2404445E-002
1.7086170E+001,-1.3787772E-002
1.7088170E+001,-1.5109960E-002
1.7090170E+001,-1.6410012E-002
1.7092170E+001,-1.7471782E-002
1.7094170E+001,-1.8533552E-002
1.7096170E+001,-1.9365377E-002
1.7098170E+001,-2.0034079E-002
1.7100170E+001,-2.0660058E-002
1.7102170E+001,-2.0826136E-002
1.7104170E+001,-2.0992215E-002
1.7106170E+001,-2.0849915E-002
1.7108170E+001,-2.0488850E-002
1.7110170E+001,-2.0092122E-002
1.7112170E+001,-1.9311485E-002
1.7114170E+001,-1.8530848E-002
1.7116170E+001,-1.7645363E-002
1.7118170E+001,-1.6685497E-002
1.7120170E+001,-1.5737438E-002
1.7122170E+001,-1.4916467E-002
1.7124170E+001,-1.4095497E-002
1.7126170E+001,-1.3533758E-002
1.7128170E+001,-1.3155918E-002
1.7130170E+001,-1.2832601E-002
1.7132170E+001,-1.3096200E-002
1.7134170E+001,-1.3359798E-002
1.7136170E+001,-1.4018584E-002
1.7138170E+001,-1.4957715E-002
1.7140170E+001,-1.5942570E-002
1.7142170E+001,-1.7419632E-002
1.7144170E+001,-1.8896694E-002
1.7146170E+001,-2.0530842E-002
1.7148170E+001,-2.2276428E-002
1.7150170E+001,-2.4016633E-002
1.7152170E+001,-2.5698914E-002
1.7154170E+001,-2.7381196E-002
1.7156170E+001,-2.8840334E-002
1.7158170E+001,-3.0141174E-002
1.7160170E+001,-3.1389099E-002
1.7162170E+001,-3.2067403E-002
1.7164170E+001,-3.2745707E-002
1.7166170E+001,-3.2986594E-002
1.7168170E+001,-3.2917177E-002
1.7170170E+001,-3.2784336E-002
1.7172170E+001,-3.1968748E-002
1.7174170E+001,-3.1153160E-002
1.7176170E+001,-2.9967735E-002
1.7178170E+001,-2.8519945E-002
1.7180170E+001,-2.7034964E-002
1.7182170E+001,-2.5149618E-002
1.7184170E+001,-2.3264272E-002
1.7186170E+001,-2.1261584E-002
1.7188170E+001,-1.9175653E-002
1.7190170E+001,-1.7093495E-002
1.7192170E+001,-1.5051944E-002
1.7194170E+001,-1.3010394E-002
1.7196170E+001,-1.1128373E-002
1.7198170E+001,-9.3595224E-003
1.7200170E+001,-7.6304218E-003
1.7202170E+001,-6.3292191E-003
1.7204170E+001,-5.0280164E-003
1.7206170E+001,-4.0856576E-003
1.7208170E+001,-3.3978635E-003
1.7210170E+001,-2.7686149E-003
1.7212170E+001,-2.7695927E-003
1.7214170E+001,-2.7705705E-003
1.7216170E+001,-3.1620280E-003
1.7218170E+001,-3.8304928E-003
1.7220170E+001,-4.5438442E-003
1.7222170E+001,-5.7403891E-003
1.7224170E+001,-6.9369340E-003
1.7226170E+001,-8.2916704E-003
1.7228170E+001,-9.7586282E-003
1.7230170E+001,-1.1219644E-002
1.7232170E+001,-1.2616697E-002
1.7234170E+001,-1.4013751E-002
1.7236170E+001,-1.5164703E-002
1.7238170E+001,-1.6141071E-002
1.7240170E+001,-1.7058598E-002
1.7242170E+001,-1.7342713E-002
1.7244170E+001,-1.7626828E-002
1.7246170E+001,-1.7436218E-002
1.7248170E+001,-1.6908838E-002
1.7250170E+001,-1.6317264E-002
1.7252170E+001,-1.5034674E-002
1.7254170E+001,-1.3752083E-002
1.7256170E+001,-1.2139655E-002
1.7258170E+001,-1.0293238E-002
1.7260170E+001,-8.4192693E-003
1.7262170E+001,-6.2487079E-003
1.7264170E+001,-4.0781464E-003
1.7266170E+001,-1.8336879E-003
1.7268170E+001,4.6319337E-004
1.7270170E+001,2.7616078E-003
1.7272170E+001,5.0765266E-003
1.7274170E+001,7.3914454E-003
1.7276170E+001,9.6970233E-003
1.7278170E+001,1.1995975E-002
1.7280170E+001,1.4291898E-002
1.7282170E+001,1.6555221E-002
1.7284170E+001,1.8818544E-002
1.7286170E+001,2.1022610E-002
1.7288170E+001,2.3184639E-002
1.7290170E+001,2.5326826E-002
1.7292170E+001,2.7255416E-002
1.7294170E+001,2.9184006E-002
1.7296170E+001,3.0878113E-002
1.7298170E+001,3.2405878E-002
1.7300170E+001,3.3887728E-002
1.7302170E+001,3.4875322E-002
1.7304170E+001,3.5862916E-002
1.7306170E+001,3.6504545E-002
1.7308170E+001,3.6900745E-002
1.7310170E+001,3.7252057E-002
1.7312170E+001,3.7120160E-002
1.7314170E+001,3.6988264E-002
1.7316170E+001,3.6639869E-002
1.7318170E+001,3.6137888E-002
1.7320170E+001,3.5621050E-002
1.7322170E+001,3.4944266E-002
1.7324170E+001,3.4267483E-002
1.7326170E+001,3.3583442E-002
1.7328170E+001,3.2894251E-002
1.7330170E+001,3.2210618E-002
1.7332170E+001,3.1586822E-002
1.7334170E+001,3.0963026E-002
1.7336170E+001,3.0368074E-002
1.7338170E+001,2.9793586E-002
1.7340170E+001,2.9217117E-002
1.7342170E+001,2.8619324E-002
1.7344170E+001,2.8021532E-002
1.7346170E+001,2.7372005E-002
1.7348170E+001,2.6685777E-002
1.7350170E+001,2.5991857E-002
1.7352170E+001,2.5215123E-002
1.7354170E+001,2.4438389E-002
1.7356170E+001,2.3654412E-002
1.7358170E+001,2.2865298E-002
1.7360170E+001,2.2086176E-002
1.7362170E+001,2.1414626E-002
1.7364170E+001,2.0743076E-002
1.7366170E+001,2.0214079E-002
1.7368170E+001,1.9786211E-002
1.7370170E+001,1.9384927E-002
1.7372170E+001,1.9269812E-002
1.7374170E+001,1.9154698E-002
1.7376170E+001,1.9213410E-002
1.7378170E+001,1.9395435E-002
1.7380170E+001,1.9594643E-002
1.7382170E+001,1.9978815E-002
1.7384170E+001,2.0362988E-002
1.7386170E+001,2.0781838E-002
1.7388170E+001,2.1225289E-002
1.7390170E+001,2.1661293E-002
1.7392170E+001,2.2017138E-002
1.7394170E+001,2.2372983E-002
1.7396170E+001,2.2613420E-002
1.7398170E+001,2.2771985E-002
1.7400170E+001,2.2909789E-002
1.7402170E+001,2.2824097E-002
1.7404170E+001,2.2738405E-002
1.7406170E+001,2.2519494E-002
1.7408170E+001,2.2206077E-002
1.7410170E+001,2.1877995E-002
1.7412170E+001,2.1392038E-002
1.7414170E+001,2.0906082E-002
1.7416170E+001,2.0350958E-002
1.7418170E+001,1.9746766E-002
1.7420170E+001,1.9134308E-002
1.7422170E+001,1.8432867E-002
1.7424170E+001,1.7731427E-002
1.7426170E+001,1.6963725E-002
1.7428170E+001,1.6149018E-002
1.7430170E+001,1.5322805E-002
1.7432170E+001,1.4372733E-002
1.7434170E+001,1.3422661E-002
1.7436170E+001,1.2404889E-002
1.7438170E+001,1.1339090E-002
1.7440170E+001,1.0271424E-002
1.7442170E+001,9.1836593E-003
1.7444170E+001,8.0958944E-003
1.7446170E+001,7.0882777E-003
1.7448170E+001,6.1375184E-003
1.7450170E+001,5.2130833E-003
1.7452170E+001,4.5720215E-003
1.7454170E+001,3.9309596E-003
1.7456170E+001,3.5402220E-003
1.7458170E+001,3.3270651E-003
1.7460170E+001,3.1517046E-003
1.7462170E+001,3.3832133E-003
1.7464170E+001,3.6147219E-003
1.7466170E+001,4.0573082E-003
1.7468170E+001,4.6496335E-003
1.7470170E+001,5.2609022E-003
1.7472170E+001,6.0760920E-003
1.7474170E+001,6.8912818E-003
1.7476170E+001,7.7609328E-003
1.7478170E+001,8.6692188E-003
1.7480170E+001,9.5784822E-003
1.7482170E+001,1.0498268E-002
1.7484170E+001,1.1418055E-002
1.7486170E+001,1.2322927E-002
1.7488170E+001,1.3217219E-002
1.7490170E+001,1.4106694E-002
1.7492170E+001,1.4944303E-002
1.7494170E+001,1.5781913E-002
1.7496170E+001,1.6545959E-002
1.7498170E+001,1.7257818E-002
1.7500170E+001,1.7948429E-002
1.7502170E+001,1.8410296E-002
1.7504170E+001,1.8872163E-002
1.7506170E+001,1.9095670E-002
1.7508170E+001,1.9150085E-002
1.7510170E+001,1.9157904E-002
1.7512170E+001,1.8664142E-002
1.7514170E+001,1.8170380E-002
1.7516170E+001,1.7314031E-002
1.7518170E+001,1.6200464E-002
1.7520170E+001,1.5036688E-002
1.7522170E+001,1.3332430E-002
1.7524170E+001,1.1628171E-002
1.7526170E+001,9.6556905E-003
1.7528170E+001,7.4929331E-003
1.7530170E+001,5.3094002E-003
1.7532170E+001,2.9022235E-003
1.7534170E+001,4.9504678E-004
1.7536170E+001,-1.9017412E-003
1.7538170E+001,-4.2911593E-003
1.7540170E+001,-6.6559979E-003
1.7542170E+001,-8.7562441E-003
1.7544170E+001,-1.0856490E-002
1.7546170E+001,-1.2647059E-002
1.7548170E+001,-1.4217941E-002
1.7550170E+001,-1.5729244E-002
1.7552170E+001,-1.6599183E-002
1.7554170E+001,-1.7469122E-002
1.7556170E+001,-1.7883850E-002
1.7558170E+001,-1.7975649E-002
1.7560170E+001,-1.8003271E-002
1.7562170E+001,-1.7340049E-002
1.7564170E+001,-1.6676827E-002
1.7566170E+001,-1.5635518E-002
1.7568170E+001,-1.4325993E-002
1.7570170E+001,-1.2975801E-002
1.7572170E+001,-1.1187845E-002
1.7574170E+001,-9.3998896E-003
1.7576170E+001,-7.4505736E-003
1.7578170E+001,-5.3867883E-003
1.7580170E+001,-3.3186516E-003
1.7582170E+001,-1.2036720E-003
1.7584170E+001,9.1130756E-004
1.7586170E+001,2.9134006E-003
1.7588170E+001,4.8354116E-003
1.7590170E+001,6.7190699E-003
1.7592170E+001,8.1898723E-003
1.7594170E+001,9.6606747E-003
1.7596170E+001,1.0722340E-002
1.7598170E+001,1.1493762E-002
1.7600170E+001,1.2189532E-002
1.7602170E+001,1.2070929E-002
1.7604170E+001,1.1952325E-002
1.7606170E+001,1.1268540E-002
1.7608170E+001,1.0183814E-002
1.7610170E+001,9.0237576E-003
1.7612170E+001,7.0527904E-003
1.7614170E+001,5.0818233E-003
1.7616170E+001,2.7333352E-003
1.7618170E+001,1.1703287E-004
1.7620170E+001,-2.5231112E-003
1.7622170E+001,-5.4199051E-003
1.7624170E+001,-8.3166990E-003
1.7626170E+001,-1.1132893E-002
1.7628170E+001,-1.3891908E-002
1.7630170E+001,-1.6606490E-002
1.7632170E+001,-1.8842753E-002
1.7634170E+001,-2.1079017E-002
1.7636170E+001,-2.2851156E-002
1.7638170E+001,-2.4294045E-002
1.7640170E+001,-2.5660610E-002
1.7642170E+001,-2.6205574E-002
1.7644170E+001,-2.6750539E-002
1.7646170E+001,-2.6808574E-002
1.7648170E+001,-2.6521181E-002
1.7650170E+001,-2.6179133E-002
1.7652170E+001,-2.5248746E-002
1.7654170E+001,-2.4318359E-002
1.7656170E+001,-2.3149372E-002
1.7658170E+001,-2.1811122E-002
1.7660170E+001,-2.0455642E-002
1.7662170E+001,-1.8914679E-002
1.7664170E+001,-1.7373716E-002
1.7666170E+001,-1.5792874E-002
1.7668170E+001,-1.4183742E-002
1.7670170E+001,-1.2574992E-002
1.7672170E+001,-1.0970347E-002
1.7674170E+001,-9.3657021E-003
1.7676170E+001,-7.7970992E-003
1.7678170E+001,-6.2540646E-003
1.7680170E+001,-4.7243616E-003
1.7682170E+001,-3.3381705E-003
1.7684170E+001,-1.9519794E-003
1.7686170E+001,-7.5180122E-004
1.7688170E+001,3.1641886E-004
1.7690170E+001,1.3399614E-003
1.7692170E+001,1.8825617E-003
1.7694170E+001,2.4251620E-003
1.7696170E+001,2.5508622E-003
1.7698170E+001,2.3808123E-003
1.7700170E+001,2.1438293E-003
1.7702170E+001,1.1863279E-003
1.7704170E+001,2.2882652E-004
1.7706170E+001,-1.1245878E-003
1.7708170E+001,-2.7588637E-003
1.7710170E+001,-4.4247292E-003
1.7712170E+001,-6.4306484E-003
1.7714170E+001,-8.4365676E-003
1.7716170E+001,-1.0413317E-002
1.7718170E+001,-1.2369372E-002
1.7720170E+001,-1.4287678E-002
1.7722170E+001,-1.5799609E-002
1.7724170E+001,-1.7311539E-002
1.7726170E+001,-1.8434206E-002
1.7728170E+001,-1.9280728E-002
1.7730170E+001,-2.0072838E-002
1.7732170E+001,-2.0279229E-002
1.7734170E+001,-2.0485620E-002
1.7736170E+001,-2.0452927E-002
1.7738170E+001,-2.0250628E-002
1.7740170E+001,-2.0039190E-002
1.7742170E+001,-1.9729383E-002
1.7744170E+001,-1.9419576E-002
1.7746170E+001,-1.9169014E-002
1.7748170E+001,-1.8960480E-002
1.7750170E+001,-1.8761677E-002
1.7752170E+001,-1.8667615E-002
1.7754170E+001,-1.8573553E-002
1.7756170E+001,-1.8445042E-002
1.7758170E+001,-1.8292093E-002
1.7760170E+001,-1.8113325E-002
1.7762170E+001,-1.7656623E-002
1.7764170E+001,-1.7199921E-002
1.7766170E+001,-1.6473648E-002
1.7768170E+001,-1.5556141E-002
1.7770170E+001,-1.4603719E-002
1.7772170E+001,-1.3275449E-002
1.7774170E+001,-1.1947179E-002
1.7776170E+001,-1.0538581E-002
1.7778170E+001,-9.0729981E-003
1.7780170E+001,-7.6297725E-003
1.7782170E+001,-6.4272204E-003
1.7784170E+001,-5.2246683E-003
1.7786170E+001,-4.3891023E-003
1.7788170E+001,-3.8138770E-003
1.7790170E+001,-3.3069659E-003
1.7792170E+001,-3.5354391E-003
1.7794170E+001,-3.7639123E-003
1.7796170E+001,-4.4138657E-003
1.7798170E+001,-5.3628183E-003
1.7800170E+001,-6.3469371E-003
1.7802170E+001,-7.7096116E-003
1.7804170E+001,-9.0722861E-003
1.7806170E+001,-1.0436672E-002
1.7808170E+001,-1.1802271E-002
1.7810170E+001,-1.3136608E-002
1.7812170E+001,-1.4134417E-002
1.7814170E+001,-1.5132226E-002
1.7816170E+001,-1.5784788E-002
1.7818170E+001,-1.6192431E-002
1.7820170E+001,-1.6546911E-002
1.7822170E+001,-1.6329101E-002
1.7824170E+001,-1.6111291E-002
1.7826170E+001,-1.5600064E-002
1.7828170E+001,-1.4880686E-002
1.7830170E+001,-1.4137165E-002
1.7832170E+001,-1.3133752E-002
1.7834170E+001,-1.2130340E-002
1.7836170E+001,-1.1102674E-002
1.7838170E+001,-1.0057804E-002
1.7840170E+001,-9.0279212E-003
1.7842170E+001,-8.1593728E-003
1.7844170E+001,-7.2908245E-003
1.7846170E+001,-6.6219815E-003
1.7848170E+001,-6.0948100E-003
1.7850170E+001,-5.6049649E-003
1.7852170E+001,-5.5169299E-003
1.7854170E+001,-5.4288949E-003
1.7856170E+001,-5.6098505E-003
1.7858170E+001,-5.9816289E-003
1.7860170E+001,-6.3871235E-003
1.7862170E+001,-7.1555647E-003
1.7864170E+001,-7.9240059E-003
1.7866170E+001,-8.8389883E-003
1.7868170E+001,-9.8579274E-003
1.7870170E+001,-1.0879974E-002
1.7872170E+001,-1.1935469E-002
1.7874170E+001,-1.2990965E-002
1.7876170E+001,-1.3923580E-002
1.7878170E+001,-1.4769023E-002
1.7880170E+001,-1.5577542E-002
1.7882170E+001,-1.5988585E-002
1.7884170E+001,-1.6399629E-002
1.7886170E+001,-1.6476161E-002
1.7888170E+001,-1.6315389E-002
1.7890170E+001,-1.6106247E-002
1.7892170E+001,-1.5376412E-002
1.7894170E+001,-1.4646576E-002
1.7896170E+001,-1.3677082E-002
1.7898170E+001,-1.2537573E-002
1.7900170E+001,-1.1387011E-002
1.7902170E+001,-1.0117471E-002
1.7904170E+001,-8.8479298E-003
1.7906170E+001,-7.6870350E-003
1.7908170E+001,-6.6032137E-003
1.7910170E+001,-5.5562485E-003
1.7912170E+001,-4.9060290E-003
1.7914170E+001,-4.2558095E-003
1.7916170E+001,-3.9151413E-003
1.7918170E+001,-3.7940693E-003
1.7920170E+001,-3.7103664E-003
1.7922170E+001,-4.0289315E-003
1.7924170E+001,-4.3474965E-003
1.7926170E+001,-4.7798984E-003
1.7928170E+001,-5.2930565E-003
1.7930170E+001,-5.7953864E-003
1.7932170E+001,-6.1811549E-003
1.7934170E+001,-6.5669235E-003
1.7936170E+001,-6.7037214E-003
1.7938170E+001,-6.6638989E-003
1.7940170E+001,-6.5725784E-003
1.7942170E+001,-5.9268935E-003
1.7944170E+001,-5.2812087E-003
1.7946170E+001,-4.2814516E-003
1.7948170E+001,-3.0305148E-003
1.7950170E+001,-1.7446039E-003
1.7952170E+001,-8.2205504E-005
1.7954170E+001,1.5801929E-003
1.7956170E+001,3.2855220E-003
1.7958170E+001,5.0213064E-003
1.7960170E+001,6.7311153E-003
1.7962170E+001,8.1613059E-003
1.7964170E+001,9.5914965E-003
1.7966170E+001,1.0672338E-002
1.7968170E+001,1.1505350E-002
1.7970170E+001,1.2279311E-002
1.7972170E+001,1.2417600E-002
1.7974170E+001,1.2555889E-002
1.7976170E+001,1.2367426E-002
1.7978170E+001,1.1947165E-002
1.7980170E+001,1.1506709E-002
1.7982170E+001,1.0848866E-002
1.7984170E+001,1.0191023E-002
1.7986170E+001,9.6190254E-003
1.7988170E+001,9.1079268E-003
1.7990170E+001,8.6350984E-003
1.7992170E+001,8.5742380E-003
1.7994170E+001,8.5133777E-003
1.7996170E+001,8.7839332E-003
1.7998170E+001,9.2895959E-003
1.8000170E+001,9.8350647E-003
1.8002170E+001,1.0809035E-002
1.8004170E+001,1.1783006E-002
1.8006170E+001,1.2879889E-002
1.8008170E+001,1.4063967E-002
1.8010170E+001,1.5239179E-002
1.8012170E+001,1.6318946E-002
1.8014170E+001,1.7398713E-002
1.8016170E+001,1.8262991E-002
1.8018170E+001,1.8974400E-002
1.8020170E+001,1.9642512E-002
1.8022170E+001,1.9844533E-002
1.8024170E+001,2.0046553E-002
1.8026170E+001,1.9953871E-002
1.8028170E+001,1.9652125E-002
1.8030170E+001,1.9318729E-002
1.8032170E+001,1.8644634E-002
1.8034170E+001,1.7970540E-002
1.8036170E+001,1.7199460E-002
1.8038170E+001,1.6359579E-002
1.8040170E+001,1.5524123E-002
1.8042170E+001,1.4736299E-002
1.8044170E+001,1.3948474E-002
1.8046170E+001,1.3289244E-002
1.8048170E+001,1.2721239E-002
1.8050170E+001,1.2178237E-002
1.8052170E+001,1.1904386E-002
1.8054170E+001,1.1630535E-002
1.8056170E+001,1.1510823E-002
1.8058170E+001,1.1500458E-002
1.8060170E+001,1.1503130E-002
1.8062170E+001,1.1646145E-002
1.8064170E+001,1.1789161E-002
1.8066170E+001,1.1941763E-002
1.8068170E+001,1.2101167E-002
1.8070170E+001,1.2252729E-002
1.8072170E+001,1.2319869E-002
1.8074170E+001,1.2387009E-002
1.8076170E+001,1.2371925E-002
1.8078170E+001,1.2298512E-002
1.8080170E+001,1.2213907E-002
1.8082170E+001,1.2008819E-002
1.8084170E+001,1.1803731E-002
1.8086170E+001,1.1542624E-002
1.8088170E+001,1.1241778E-002
1.8090170E+001,1.0935183E-002
1.8092170E+001,1.0566698E-002
1.8094170E+001,1.0198212E-002
1.8096170E+001,9.7922058E-003
1.8098170E+001,9.3595812E-003
1.8100170E+001,8.9207151E-003
1.8102170E+001,8.4146598E-003
1.8104170E+001,7.9086044E-003
1.8106170E+001,7.3658324E-003
1.8108170E+001,6.7970135E-003
1.8110170E+001,6.2280500E-003
1.8112170E+001,5.6575305E-003
1.8114170E+001,5.0870110E-003
1.8116170E+001,4.5817093E-003
1.8118170E+001,4.1226731E-003
1.8120170E+001,3.6838038E-003
1.8122170E+001,3.4620249E-003
1.8124170E+001,3.2402461E-003
1.8126170E+001,3.1986721E-003
1.8128170E+001,3.2849358E-003
1.8130170E+001,3.3936913E-003
1.8132170E+001,3.7445652E-003
1.8134170E+001,4.0954390E-003
1.8136170E+001,4.5028866E-003
1.8138170E+001,4.9504677E-003
1.8140170E+001,5.3862931E-003
1.8142170E+001,5.6955719E-003
1.8144170E+001,6.0048507E-003
1.8146170E+001,6.1178702E-003
1.8148170E+001,6.0916628E-003
1.8150170E+001,6.0319148E-003
1.8152170E+001,5.6111112E-003
1.8154170E+001,5.1903075E-003
1.8156170E+001,4.6081543E-003
1.8158170E+001,3.9115392E-003
1.8160170E+001,3.2127628E-003
1.8162170E+001,2.4907200E-003
1.8164170E+001,1.7686771E-003
1.8166170E+001,1.1898950E-003
1.8168170E+001,7.1274237E-004
1.8170170E+001,2.7077841E-004
1.8172170E+001,2.0761090E-004
1.8174170E+001,1.4444338E-004
1.8176170E+001,3.2168429E-004
1.8178170E+001,6.6947152E-004
1.8180170E+001,1.0382458E-003
1.8182170E+001,1.6329398E-003
1.8184170E+001,2.2276339E-003
1.8186170E+001,2.8246790E-003
1.8188170E+001,3.4233919E-003
1.8190170E+001,4.0043203E-003
1.8192170E+001,4.3938035E-003
1.8194170E+001,4.7832867E-003
1.8196170E+001,4.9907140E-003
1.8198170E+001,5.0689905E-003
1.8200170E+001,5.1233379E-003
1.8202170E+001,4.9200955E-003
1.8204170E+001,4.7168531E-003
1.8206170E+001,4.4190228E-003
1.8208170E+001,4.0540917E-003
1.8210170E+001,3.6869968E-003
1.8212170E+001,3.2966094E-003
1.8214170E+001,2.9062221E-003
1.8216170E+001,2.5527670E-003
1.8218170E+001,2.2255119E-003
1.8220170E+001,1.9051479E-003
1.8222170E+001,1.6589663E-003
1.8224170E+001,1.4127847E-003
1.8226170E+001,1.1968510E-003
1.8228170E+001,1.0023753E-003
1.8230170E+001,8.0991111E-004
1.8232170E+001,6.3910111E-004
1.8234170E+001,4.6829112E-004
1.8236170E+001,3.1968637E-004
1.8238170E+001,1.8683407E-004
1.8240170E+001,6.2741937E-005
1.8242170E+001,3.2950731E-005
1.8244170E+001,3.1595255E-006
1.8246170E+001,8.5086999E-005
1.8248170E+001,2.4626798E-004
1.8250170E+001,4.2897657E-004
1.8252170E+001,8.4342432E-004
1.8254170E+001,1.2578721E-003
1.8256170E+001,1.8161596E-003
1.8258170E+001,2.4764875E-003
1.8260170E+001,3.1495490E-003
1.8262170E+001,3.9596852E-003
1.8264170E+001,4.7698214E-003
1.8266170E+001,5.5680594E-003
1.8268170E+001,6.3578566E-003
1.8270170E+001,7.1287680E-003
1.8272170E+001,7.6963789E-003
1.8274170E+001,8.2639897E-003
1.8276170E+001,8.5960340E-003
1.8278170E+001,8.7609667E-003
1.8280170E+001,8.8818659E-003
1.8282170E+001,8.5287552E-003
1.8284170E+001,8.1756446E-003
1.8286170E+001,7.5029416E-003
1.8288170E+001,6.6035190E-003
1.8290170E+001,5.6626838E-003
1.8292170E+001,4.2760536E-003
1.8294170E+001,2.8894234E-003
1.8296170E+001,1.2958917E-003
1.8298170E+001,-4.4441654E-004
1.8300170E+001,-2.1986831E-003
1.8302170E+001,-4.1032083E-003
1.8304170E+001,-6.0077334E-003
1.8306170E+001,-7.8777869E-003
1.8308170E+001,-9.7233862E-003
1.8310170E+001,-1.1544506E-002
1.8312170E+001,-1.3102110E-002
1.8314170E+001,-1.4659714E-002
1.8316170E+001,-1.5930752E-002
1.8318170E+001,-1.6998498E-002
1.8320170E+001,-1.8012630E-002
1.8322170E+001,-1.8449608E-002
1.8324170E+001,-1.8886587E-002
1.8326170E+001,-1.8923346E-002
1.8328170E+001,-1.8676188E-002
1.8330170E+001,-1.8374891E-002
1.8332170E+001,-1.7490810E-002
1.8334170E+001,-1.6606728E-002
1.8336170E+001,-1.5435320E-002
1.8338170E+001,-1.4060083E-002
1.8340170E+001,-1.2662633E-002
1.8342170E+001,-1.1026072E-002
1.8344170E+001,-9.3895106E-003
1.8346170E+001,-7.7689667E-003
1.8348170E+001,-6.1597854E-003
1.8350170E+001,-4.5791981E-003
1.8352170E+001,-3.3064180E-003
1.8354170E+001,-2.0336378E-003
1.8356170E+001,-1.1179418E-003
1.8358170E+001,-4.5556215E-004
1.8360170E+001,1.4035747E-004
1.8362170E+001,2.0852106E-005
1.8364170E+001,-9.8653254E-005
1.8366170E+001,-6.7981445E-004
1.8368170E+001,-1.5884754E-003
1.8370170E+001,-2.5483671E-003
1.8372170E+001,-4.0597434E-003
1.8374170E+001,-5.5711197E-003
1.8376170E+001,-7.2271849E-003
1.8378170E+001,-8.9858928E-003
1.8380170E+001,-1.0728162E-002
1.8382170E+001,-1.2293475E-002
1.8384170E+001,-1.3858788E-002
1.8386170E+001,-1.5075071E-002
1.8388170E+001,-1.6043753E-002
1.8390170E+001,-1.6941000E-002
1.8392170E+001,-1.7069274E-002
1.8394170E+001,-1.7197547E-002
1.8396170E+001,-1.6828890E-002
1.8398170E+001,-1.6107708E-002
1.8400170E+001,-1.5333324E-002
1.8402170E+001,-1.3986222E-002
1.8404170E+001,-1.2639120E-002
1.8406170E+001,-1.1146310E-002
1.8408170E+001,-9.5501342E-003
1.8410170E+001,-7.9672643E-003
1.8412170E+001,-6.5276265E-003
1.8414170E+001,-5.0879888E-003
1.8416170E+001,-3.9225813E-003
1.8418170E+001,-2.9517134E-003
1.8420170E+001,-2.0326425E-003
1.8422170E+001,-1.6711522E-003
1.8424170E+001,-1.3096620E-003
1.8426170E+001,-1.2777816E-003
1.8428170E+001,-1.4797272E-003
1.8430170E+001,-1.7134185E-003
1.8432170E+001,-2.2888429E-003
1.8434170E+001,-2.8642673E-003
1.8436170E+001,-3.5074920E-003
1.8438170E+001,-4.1988143E-003
1.8440170E+001,-4.8792287E-003
1.8442170E+001,-5.4422223E-003
1.8444170E+001,-6.0052159E-003
1.8446170E+001,-6.3939343E-003
1.8448170E+001,-6.6590214E-003
1.8450170E+001,-6.8931412E-003
1.8452170E+001,-6.7939053E-003
1.8454170E+001,-6.6946695E-003
1.8456170E+001,-6.4009235E-003
1.8458170E+001,-5.9691914E-003
1.8460170E+001,-5.5177896E-003
1.8462170E+001,-4.8546473E-003
1.8464170E+001,-4.1915051E-003
1.8466170E+001,-3.4701137E-003
1.8468170E+001,-2.7074003E-003
1.8470170E+001,-1.9471275E-003
1.8472170E+001,-1.2131274E-003
1.8474170E+001,-4.7912738E-004
1.8476170E+001,1.7819253E-004
1.8478170E+001,7.8111536E-004
1.8480170E+001,1.3672811E-003
1.8482170E+001,1.7730607E-003
1.8484170E+001,2.1788404E-003
1.8486170E+001,2.4538226E-003
1.8488170E+001,2.6360166E-003
1.8490170E+001,2.8004215E-003
1.8492170E+001,2.7733311E-003
1.8494170E+001,2.7462406E-003
1.8496170E+001,2.6286905E-003
1.8498170E+001,2.4469680E-003
1.8500170E+001,2.2596620E-003
1.8502170E+001,2.0122518E-003
1.8504170E+001,1.7648416E-003
1.8506170E+001,1.5409684E-003
1.8508170E+001,1.3337923E-003
1.8510170E+001,1.1379864E-003
1.8512170E+001,1.0645762E-003
1.8514170E+001,9.9116607E-004
1.8516170E+001,1.0243023E-003
1.8518170E+001,1.1330229E-003
1.8520170E+001,1.2557658E-003
1.8522170E+001,1.5294563E-003
1.8524170E+001,1.8031469E-003
1.8526170E+001,2.1281517E-003
1.8528170E+001,2.4895591E-003
1.8530170E+001,2.8494648E-003
1.8532170E+001,3.1932042E-003
1.8534170E+001,3.5369437E-003
1.8536170E+001,3.8181688E-003
1.8538170E+001,4.0550461E-003
1.8540170E+001,4.2796530E-003
1.8542170E+001,4.3721720E-003
1.8544170E+001,4.4646911E-003
1.8546170E+001,4.4874591E-003
1.8548170E+001,4.4607457E-003
1.8550170E+001,4.4300406E-003
1.8552170E+001,4.3563666E-003
1.8554170E+001,4.2826926E-003
1.8556170E+001,4.2337695E-003
1.8558170E+001,4.2024046E-003
1.8560170E+001,4.1812883E-003
1.8562170E+001,4.2704958E-003
1.8564170E+001,4.3597033E-003
1.8566170E+001,4.5502900E-003
1.8568170E+001,4.8127955E-003
1.8570170E+001,5.0922519E-003
1.8572170E+001,5.5541818E-003
1.8574170E+001,6.0161118E-003
1.8576170E+001,6.5962685E-003
1.8578170E+001,7.2602955E-003
1.8580170E+001,7.9394455E-003
1.8582170E+001,8.7813895E-003
1.8584170E+001,9.6233335E-003
1.8586170E+001,1.0531395E-002
1.8588170E+001,1.1486360E-002
1.8590170E+001,1.2440498E-002
1.8592170E+001,1.3385721E-002
1.8594170E+001,1.4330944E-002
1.8596170E+001,1.5162279E-002
1.8598170E+001,1.5912822E-002
1.8600170E+001,1.6627953E-002
1.8602170E+001,1.6961887E-002
1.8604170E+001,1.7295820E-002
1.8606170E+001,1.7269564E-002
1.8608170E+001,1.6987787E-002
1.8610170E+001,1.6645404E-002
1.8612170E+001,1.5650608E-002
1.8614170E+001,1.4655813E-002
1.8616170E+001,1.3283835E-002
1.8618170E+001,1.1644281E-002
1.8620170E+001,9.9707739E-003
1.8622170E+001,7.9317661E-003
1.8624170E+001,5.8927583E-003
1.8626170E+001,3.8333536E-003
1.8628170E+001,1.7594793E-003
1.8630170E+001,-2.8555116E-004
1.8632170E+001,-2.0200843E-003
1.8634170E+001,-3.7546175E-003
1.8636170E+001,-5.1340001E-003
1.8638170E+001,-6.2614379E-003
1.8640170E+001,-7.3297237E-003
1.8642170E+001,-7.7612516E-003
1.8644170E+001,-8.1927796E-003
1.8646170E+001,-8.2703767E-003
1.8648170E+001,-8.0968945E-003
1.8650170E+001,-7.8895578E-003
1.8652170E+001,-7.3177860E-003
1.8654170E+001,-6.7460142E-003
1.8656170E+001,-6.0755932E-003
1.8658170E+001,-5.3351902E-003
1.8660170E+001,-4.5952446E-003
1.8662170E+001,-3.8602222E-003
1.8664170E+001,-3.1251997E-003
1.8666170E+001,-2.4417958E-003
1.8668170E+001,-1.7950103E-003
1.8670170E+001,-1.1559655E-003
1.8672170E+001,-6.0024839E-004
1.8674170E+001,-4.4531288E-005
1.8676170E+001,4.7953215E-004
1.8678170E+001,9.8114041E-004
1.8680170E+001,1.4809768E-003
1.8682170E+001,1.9617396E-003
1.8684170E+001,2.4425023E-003
1.8686170E+001,2.9133214E-003
1.8688170E+001,3.3770865E-003
1.8690170E+001,3.8372039E-003
1.8692170E+001,4.2580556E-003
1.8694170E+001,4.6789073E-003
1.8696170E+001,5.0523093E-003
1.8698170E+001,5.3920503E-003
1.8700170E+001,5.7222012E-003
1.8702170E+001,5.9491170E-003
1.8704170E+001,6.1760329E-003
1.8706170E+001,6.3255747E-003
1.8708170E+001,6.4202273E-003
1.8710170E+001,6.5021929E-003
1.8712170E+001,6.4475854E-003
1.8714170E+001,6.3929780E-003
1.8716170E+001,6.2335076E-003
1.8718170E+001,5.9996471E-003
1.8720170E+001,5.7464308E-003
1.8722170E+001,5.2848546E-003
1.8724170E+001,4.8232783E-003
1.8726170E+001,4.1983375E-003
1.8728170E+001,3.4575056E-003
1.8730170E+001,2.6912381E-003
1.8732170E+001,1.6511629E-003
1.8734170E+001,6.1108776E-004
1.8736170E+001,-5.7519933E-004
1.8738170E+001,-1.8652095E-003
1.8740170E+001,-3.1649910E-003
1.8742170E+001,-4.5699576E-003
1.8744170E+001,-5.9749242E-003
1.8746170E+001,-7.3322167E-003
1.8748170E+001,-8.6556892E-003
1.8750170E+001,-9.9557486E-003
1.8752170E+001,-1.1003773E-002
1.8754170E+001,-1.2051797E-002
1.8756170E+001,-1.2872121E-002
1.8758170E+001,-1.3530915E-002
1.8760170E+001,-1.4158102E-002
1.8762170E+001,-1.4445059E-002
1.8764170E+001,-1.4732017E-002
1.8766170E+001,-1.4883977E-002
1.8768170E+001,-1.4940170E-002
1.8770170E+001,-1.4993440E-002
1.8772170E+001,-1.5015256E-002
1.8774170E+001,-1.5037072E-002
1.8776170E+001,-1.5129108E-002
1.8778170E+001,-1.5270959E-002
1.8780170E+001,-1.5426090E-002
1.8782170E+001,-1.5724173E-002
1.8784170E+001,-1.6022256E-002
1.8786170E+001,-1.6354458E-002
1.8788170E+001,-1.6710863E-002
1.8790170E+001,-1.7056743E-002
1.8792170E+001,-1.7289316E-002
1.8794170E+001,-1.7521889E-002
1.8796170E+001,-1.7575976E-002
1.8798170E+001,-1.7503445E-002
1.8800170E+001,-1.7395973E-002
1.8802170E+001,-1.6912377E-002
1.8804170E+001,-1.6428781E-002
1.8806170E+001,-1.5704606E-002
1.8808170E+001,-1.4809764E-002
1.8810170E+001,-1.3887485E-002
1.8812170E+001,-1.2669854E-002
1.8814170E+001,-1.1452223E-002
1.8816170E+001,-1.0124763E-002
1.8818170E+001,-8.7193886E-003
1.8820170E+001,-7.3103864E-003
1.8822170E+001,-5.8623273E-003
1.8824170E+001,-4.4142683E-003
1.8826170E+001,-3.0236673E-003
1.8828170E+001,-1.6738273E-003
1.8830170E+001,-3.4413637E-004
1.8832170E+001,7.6865438E-004
1.8834170E+001,1.8814451E-003
1.8836170E+001,2.7769332E-003
1.8838170E+001,3.5182661E-003
1.8840170E+001,4.2188237E-003
1.8842170E+001,4.4804454E-003
1.8844170E+001,4.7420670E-003
1.8846170E+001,4.6960667E-003
1.8848170E+001,4.4318384E-003
1.8850170E+001,4.1267669E-003
1.8852170E+001,3.3820279E-003
1.8854170E+001,2.6372889E-003
1.8856170E+001,1.6941331E-003
1.8858170E+001,6.1021989E-004
1.8860170E+001,-4.8424392E-004
1.8862170E+001,-1.6922825E-003
1.8864170E+001,-2.9003211E-003
1.8866170E+001,-4.0340538E-003
1.8868170E+001,-5.1150737E-003
1.8870170E+001,-6.1643945E-003
1.8872170E+001,-6.8724826E-003
1.8874170E+001,-7.5805707E-003
1.8876170E+001,-7.9539822E-003
1.8878170E+001,-8.0899733E-003
1.8880170E+001,-8.1679621E-003
1.8882170E+001,-7.6215721E-003
1.8884170E+001,-7.0751820E-003
1.8886170E+001,-6.1388889E-003
1.8888170E+001,-4.9259975E-003
1.8890170E+001,-3.6699961E-003
1.8892170E+001,-1.9499276E-003
1.8894170E+001,-2.2985906E-004
1.8896170E+001,1.6215536E-003
1.8898170E+001,3.5661420E-003
1.8900170E+001,5.5006855E-003
1.8902170E+001,7.3270970E-003
1.8904170E+001,9.1535085E-003
1.8906170E+001,1.0728414E-002
1.8908170E+001,1.2124900E-002
1.8910170E+001,1.3468219E-002
1.8912170E+001,1.4239210E-002
1.8914170E+001,1.5010201E-002
1.8916170E+001,1.5394875E-002
1.8918170E+001,1.5505496E-002
1.8920170E+001,1.5569575E-002
1.8922170E+001,1.5132649E-002
1.8924170E+001,1.4695722E-002
1.8926170E+001,1.4056058E-002
1.8928170E+001,1.3272572E-002
1.8930170E+001,1.2477900E-002
1.8932170E+001,1.1562817E-002
1.8934170E+001,1.0647733E-002
1.8936170E+001,9.7574191E-003
1.8938170E+001,8.8846769E-003
1.8940170E+001,8.0252139E-003
1.8942170E+001,7.3086973E-003
1.8944170E+001,6.5921807E-003
1.8946170E+001,6.0040820E-003
1.8948170E+001,5.5070834E-003
1.8950170E+001,5.0311714E-003
1.8952170E+001,4.7822518E-003
1.8954170E+001,4.5333323E-003
1.8956170E+001,4.4286348E-003
1.8958170E+001,4.4262489E-003
1.8960170E+001,4.4415595E-003
1.8962170E+001,4.6473701E-003
1.8964170E+001,4.8531807E-003
1.8966170E+001,5.1345517E-003
1.8968170E+001,5.4695256E-003
1.8970170E+001,5.8063338E-003
1.8972170E+001,6.1628885E-003
1.8974170E+001,6.5194432E-003
1.8976170E+001,6.8257928E-003
1.8978170E+001,7.0965268E-003
1.8980170E+001,7.3536867E-003
1.8982170E+001,7.4647260E-003
1.8984170E+001,7.5757653E-003
1.8986170E+001,7.5828839E-003
1.8988170E+001,7.5162809E-003
1.8990170E+001,7.4379007E-003
1.8992170E+001,7.2327412E-003
1.8994170E+001,7.0275817E-003
1.8996170E+001,6.7852419E-003
1.8998170E+001,6.5165265E-003
1.9000170E+001,6.2488719E-003
1.9002170E+001,5.9926365E-003
1.9004170E+001,5.7364011E-003
1.9006170E+001,5.5126707E-003
1.9008170E+001,5.3119993E-003
1.9010170E+001,5.1153749E-003
1.9012170E+001,4.9623150E-003
1.9014170E+001,4.8092552E-003
1.9016170E+001,4.6534578E-003
1.9018170E+001,4.4957184E-003
1.9020170E+001,4.3319186E-003
1.9022170E+001,4.1028804E-003
1.9024170E+001,3.8738421E-003
1.9026170E+001,3.5798145E-003
1.9028170E+001,3.2396833E-003
1.9030170E+001,2.8918184E-003
1.9032170E+001,2.4607032E-003
1.9034170E+001,2.0295879E-003
1.9036170E+001,1.5957890E-003
1.9038170E+001,1.1600862E-003
1.9040170E+001,7.3456548E-004
1.9042170E+001,4.1865198E-004
1.9044170E+001,1.0273847E-004
1.9046170E+001,-7.9364970E-005
1.9048170E+001,-1.6654322E-004
1.9050170E+001,-2.3089580E-004
1.9052170E+001,-4.9535796E-005
1.9054170E+001,1.3182421E-004
1.9056170E+001,4.3771407E-004
1.9058170E+001,8.3194573E-004
1.9060170E+001,1.2327969E-003
1.9062170E+001,1.7049053E-003
1.9064170E+001,2.1770137E-003
1.9066170E+001,2.5995935E-003
1.9068170E+001,2.9870375E-003
1.9070170E+001,3.3563640E-003
1.9072170E+001,3.5306602E-003
1.9074170E+001,3.7049563E-003
1.9076170E+001,3.7233639E-003
1.9078170E+001,3.6311837E-003
1.9080170E+001,3.5185092E-003
1.9082170E+001,3.1852190E-003
1.9084170E+001,2.8519288E-003
1.9086170E+001,2.4217054E-003
1.9088170E+001,1.9227173E-003
1.9090170E+001,1.4170020E-003
1.9092170E+001,8.3887080E-004
1.9094170E+001,2.6073958E-004
1.9096170E+001,-3.2194911E-004
1.9098170E+001,-9.0787090E-004
1.9100170E+001,-1.4900096E-003
1.9102170E+001,-2.0314242E-003
1.9104170E+001,-2.5728388E-003
1.9106170E+001,-3.0618486E-003
1.9108170E+001,-3.5136823E-003
1.9110170E+001,-3.9538192E-003
1.9112170E+001,-4.2680442E-003
1.9114170E+001,-4.5822692E-003
1.9116170E+001,-4.7904186E-003
1.9118170E+001,-4.9233179E-003
1.9120170E+001,-5.0397523E-003
1.9122170E+001,-4.9789471E-003
1.9124170E+001,-4.9181419E-003
1.9126170E+001,-4.7733926E-003
1.9128170E+001,-4.5690933E-003
1.9130170E+001,-4.3630556E-003
1.9132170E+001,-4.1383049E-003
1.9134170E+001,-3.9135542E-003
1.9136170E+001,-3.7747101E-003
1.9138170E+001,-3.6968084E-003
1.9140170E+001,-3.6439633E-003
1.9142170E+001,-3.8608460E-003
1.9144170E+001,-4.0777288E-003
1.9146170E+001,-4.4997649E-003
1.9148170E+001,-5.0673373E-003
1.9150170E+001,-5.6576799E-003
1.9152170E+001,-6.4931377E-003
1.9154170E+001,-7.3285955E-003
1.9156170E+001,-8.1942550E-003
1.9158170E+001,-9.0813397E-003
1.9160170E+001,-9.9482908E-003
1.9162170E+001,-1.0598508E-002
1.9164170E+001,-1.1248725E-002
1.9166170E+001,-1.1606032E-002
1.9168170E+001,-1.1755548E-002
1.9170170E+001,-1.1850318E-002
1.9172170E+001,-1.1355762E-002
1.9174170E+001,-1.0861207E-002
1.9176170E+001,-1.0009355E-002
1.9178170E+001,-8.9040363E-003
1.9180170E+001,-7.7640637E-003
1.9182170E+001,-6.2510504E-003
1.9184170E+001,-4.7380371E-003
1.9186170E+001,-3.1653099E-003
1.9188170E+001,-1.5502214E-003
1.9190170E+001,4.7245592E-005
1.9192170E+001,1.4550220E-003
1.9194170E+001,2.8627984E-003
1.9196170E+001,4.0185850E-003
1.9198170E+001,4.9956093E-003
1.9200170E+001,5.9284311E-003
1.9202170E+001,6.3854246E-003
1.9204170E+001,6.8424180E-003
1.9206170E+001,7.0197047E-003
1.9208170E+001,6.9985667E-003
1.9210170E+001,6.9480699E-003
1.9212170E+001,6.5815322E-003
1.9214170E+001,6.2149945E-003
1.9216170E+001,5.7465990E-003
1.9218170E+001,5.2059453E-003
1.9220170E+001,4.6646694E-003
1.9222170E+001,4.1166958E-003
1.9224170E+001,3.5687221E-003
1.9226170E+001,3.0960500E-003
1.9228170E+001,2.6767971E-003
1.9230170E+001,2.2762559E-003
1.9232170E+001,2.0771417E-003
1.9234170E+001,1.8780275E-003
1.9236170E+001,1.8298715E-003
1.9238170E+001,1.8888055E-003
1.9240170E+001,1.9677739E-003
1.9242170E+001,2.2624073E-003
1.9244170E+001,2.5570407E-003
1.9246170E+001,2.9405151E-003
1.9248170E+001,3.3870136E-003
1.9250170E+001,3.8349991E-003
1.9252170E+001,4.2989918E-003
1.9254170E+001,4.7629844E-003
1.9256170E+001,5.1457456E-003
1.9258170E+001,5.4708809E-003
1.9260170E+001,5.7729193E-003
1.9262170E+001,5.8263250E-003
1.9264170E+001,5.8797307E-003
1.9266170E+001,5.7403071E-003
1.9268170E+001,5.4640899E-003
1.9270170E+001,5.1644770E-003
1.9272170E+001,4.6130166E-003
1.9274170E+001,4.0615562E-003
1.9276170E+001,3.4477984E-003
1.9278170E+001,2.7898466E-003
1.9280170E+001,2.1433465E-003
1.9282170E+001,1.6201198E-003
1.9284170E+001,1.0968931E-003
1.9286170E+001,7.9238606E-004
1.9288170E+001,6.4303937E-004
1.9290170E+001,5.3890327E-004
1.9292170E+001,9.2144771E-004
1.9294170E+001,1.3039922E-003
1.9296170E+001,2.0121661E-003
1.9298170E+001,2.9513424E-003
1.9300170E+001,3.9281565E-003
1.9302170E+001,5.3101314E-003
1.9304170E+001,6.6921063E-003
1.9306170E+001,8.2091828E-003
1.9308170E+001,9.8221007E-003
1.9310170E+001,1.1433886E-002
1.9312170E+001,1.3033484E-002
1.9314170E+001,1.4633081E-002
1.9316170E+001,1.6098694E-002
1.9318170E+001,1.7469258E-002
1.9320170E+001,1.8807257E-002
1.9322170E+001,1.9794691E-002
1.9324170E+001,2.0782125E-002
1.9326170E+001,2.1491195E-002
1.9328170E+001,2.2002793E-002
1.9330170E+001,2.2469591E-002
1.9332170E+001,2.2454119E-002
1.9334170E+001,2.2438648E-002
1.9336170E+001,2.2099379E-002
1.9338170E+001,2.1530408E-002
1.9340170E+001,2.0914602E-002
1.9342170E+001,1.9794633E-002
1.9344170E+001,1.8674664E-002
1.9346170E+001,1.7265567E-002
1.9348170E+001,1.5651362E-002
1.9350170E+001,1.4007015E-002
1.9352170E+001,1.2038192E-002
1.9354170E+001,1.0069370E-002
1.9356170E+001,8.0271683E-003
1.9358170E+001,5.9329104E-003
1.9360170E+001,3.8524343E-003
1.9362170E+001,1.9203147E-003
1.9364170E+001,-1.1804863E-005
1.9366170E+001,-1.6847333E-003
1.9368170E+001,-3.1737908E-003
1.9370170E+001,-4.6083617E-003
1.9372170E+001,-5.4563985E-003
1.9374170E+001,-6.3044353E-003
1.9376170E+001,-6.7437970E-003
1.9378170E+001,-6.8932435E-003
1.9380170E+001,-6.9915956E-003
1.9382170E+001,-6.5399294E-003
1.9384170E+001,-6.0882631E-003
1.9386170E+001,-5.4122087E-003
1.9388170E+001,-4.5769726E-003
1.9390170E+001,-3.7318079E-003
1.9392170E+001,-2.7797640E-003
1.9394170E+001,-1.8277200E-003
1.9396170E+001,-9.4659399E-004
1.9398170E+001,-1.1577733E-004
1.9400170E+001,6.9159548E-004
1.9402170E+001,1.2466012E-003
1.9404170E+001,1.8016070E-003
1.9406170E+001,2.1619270E-003
1.9408170E+001,2.3841365E-003
1.9410170E+001,2.5795136E-003
1.9412170E+001,2.4860477E-003
1.9414170E+001,2.3925818E-003
1.9416170E+001,2.1435497E-003
1.9418170E+001,1.7841586E-003
1.9420170E+001,1.4062136E-003
1.9422170E+001,8.2854043E-004
1.9424170E+001,2.5086723E-004
1.9426170E+001,-4.3443132E-004
1.9428170E+001,-1.1960796E-003
1.9430170E+001,-1.9704597E-003
1.9432170E+001,-2.8818962E-003
1.9434170E+001,-3.7933327E-003
1.9436170E+001,-4.7586421E-003
1.9438170E+001,-5.7621691E-003
1.9440170E+001,-6.7654462E-003
1.9442170E+001,-7.7660333E-003
1.9444170E+001,-8.7666203E-003
1.9446170E+001,-9.6942507E-003
1.9448170E+001,-1.0570125E-002
1.9450170E+001,-1.1425767E-002
1.9452170E+001,-1.2063600E-002
1.9454170E+001,-1.2701434E-002
1.9456170E+001,-1.3164477E-002
1.9458170E+001,-1.3503523E-002
1.9460170E+001,-1.3818932E-002
1.9462170E+001,-1.3879899E-002
1.9464170E+001,-1.3940867E-002
1.9466170E+001,-1.3895622E-002
1.9468170E+001,-1.3775032E-002
1.9470170E+001,-1.3650143E-002
1.9472170E+001,-1.3478985E-002
1.9474170E+001,-1.3307827E-002
1.9476170E+001,-1.3170656E-002
1.9478170E+001,-1.3057597E-002
1.9480170E+001,-1.2953256E-002
1.9482170E+001,-1.2942761E-002
1.9484170E+001,-1.2932266E-002
1.9486170E+001,-1.2966714E-002
1.9488170E+001,-1.3033043E-002
1.9490170E+001,-1.3100178E-002
1.9492170E+001,-1.3175977E-002
1.9494170E+001,-1.3251775E-002
1.9496170E+001,-1.3294664E-002
1.9498170E+001,-1.3314207E-002
1.9500170E+001,-1.3326443E-002
1.9502170E+001,-1.3260032E-002
1.9504170E+001,-1.3193621E-002
1.9506170E+001,-1.3087452E-002
1.9508170E+001,-1.2953079E-002
1.9510170E+001,-1.2817492E-002
1.9512170E+001,-1.2668850E-002
1.9514170E+001,-1.2520208E-002
1.9516170E+001,-1.2399491E-002
1.9518170E+001,-1.2298585E-002
1.9520170E+001,-1.2205117E-002
1.9522170E+001,-1.2191721E-002
1.9524170E+001,-1.2178325E-002
1.9526170E+001,-1.2213749E-002
1.9528170E+001,-1.2283805E-002
1.9530170E+001,-1.2356518E-002
1.9532170E+001,-1.2457823E-002
1.9534170E+001,-1.2559128E-002
1.9536170E+001,-1.2628756E-002
1.9538170E+001,-1.2675912E-002
1.9540170E+001,-1.2710856E-002
1.9542170E+001,-1.2614347E-002
1.9544170E+001,-1.2517839E-002
1.9546170E+001,-1.2301311E-002
1.9548170E+001,-1.1999640E-002
1.9550170E+001,-1.1679529E-002
1.9552170E+001,-1.1160919E-002
1.9554170E+001,-1.0642309E-002
1.9556170E+001,-1.0019791E-002
1.9558170E+001,-9.3235590E-003
1.9560170E+001,-8.6182813E-003
1.9562170E+001,-7.8156247E-003
1.9564170E+001,-7.0129680E-003
1.9566170E+001,-6.1914712E-003
1.9568170E+001,-5.3566092E-003
1.9570170E+001,-4.5237282E-003
1.9572170E+001,-3.7121727E-003
1.9574170E+001,-2.9006173E-003
1.9576170E+001,-2.1230769E-003
1.9578170E+001,-1.3696669E-003
1.9580170E+001,-6.2386780E-004
1.9582170E+001,4.0002230E-005
1.9584170E+001,7.0387226E-004
1.9586170E+001,1.2868944E-003
1.9588170E+001,1.8125628E-003
1.9590170E+001,2.3206821E-003
1.9592170E+001,2.6398903E-003
1.9594170E+001,2.9590986E-003
1.9596170E+001,3.1222809E-003
1.9598170E+001,3.1747780E-003
1.9600170E+001,3.2041232E-003
1.9602170E+001,2.9842451E-003
1.9604170E+001,2.7643670E-003
1.9606170E+001,2.4346607E-003
1.9608170E+001,2.0270420E-003
1.9610170E+001,1.6179262E-003
1.9612170E+001,1.1926943E-003
1.9614170E+001,7.6746234E-004
1.9616170E+001,4.4996483E-004
1.9618170E+001,2.0889440E-004
1.9620170E+001,-3.6932431E-006
1.9622170E+001,9.0329120E-005
1.9624170E+001,1.8435148E-004
1.9626170E+001,4.9102199E-004
1.9628170E+001,9.4854563E-004
1.9630170E+001,1.4270057E-003
1.9632170E+001,2.1308415E-003
1.9634170E+001,2.8346772E-003
1.9636170E+001,3.5529784E-003
1.9638170E+001,4.2815415E-003
1.9640170E+001,4.9920543E-003
1.9642170E+001,5.5082607E-003
1.9644170E+001,6.0244670E-003
1.9646170E+001,6.3238426E-003
1.9648170E+001,6.4693978E-003
1.9650170E+001,6.5812676E-003
1.9652170E+001,6.3305232E-003
1.9654170E+001,6.0797787E-003
1.9656170E+001,5.6542337E-003
1.9658170E+001,5.1046847E-003
1.9660170E+001,4.5434312E-003
1.9662170E+001,3.8561818E-003
1.9664170E+001,3.1689324E-003
1.9666170E+001,2.4915388E-003
1.9668170E+001,1.8211368E-003
1.9670170E+001,1.1611386E-003
1.9672170E+001,6.1313373E-004
1.9674170E+001,6.5128825E-005
1.9676170E+001,-3.7912705E-004
1.9678170E+001,-7.4978311E-004
1.9680170E+001,-1.1030313E-003
1.9682170E+001,-1.2688889E-003
1.9684170E+001,-1.4347465E-003
1.9686170E+001,-1.4695383E-003
1.9688170E+001,-1.4113518E-003
1.9690170E+001,-1.3333821E-003
1.9692170E+001,-1.0424522E-003
1.9694170E+001,-7.5152228E-004
1.9696170E+001,-3.3702613E-004
1.9698170E+001,1.6512822E-004
1.9700170E+001,6.7936413E-004
1.9702170E+001,1.3236548E-003
1.9704170E+001,1.9679456E-003
1.9706170E+001,2.6286277E-003
1.9708170E+001,3.3009379E-003
1.9710170E+001,3.9641986E-003
1.9712170E+001,4.5300431E-003
1.9714170E+001,5.0958875E-003
1.9716170E+001,5.5287747E-003
1.9718170E+001,5.8673418E-003
1.9720170E+001,6.1797642E-003
1.9722170E+001,6.2107457E-003
1.9724170E+001,6.2417271E-003
1.9726170E+001,6.0755713E-003
1.9728170E+001,5.7695659E-003
1.9730170E+001,5.4363834E-003
1.9732170E+001,4.8106478E-003
1.9734170E+001,4.1849121E-003
1.9736170E+001,3.4036319E-003
1.9738170E+001,2.5120079E-003
1.9740170E+001,1.6048655E-003
1.9742170E+001,5.3067072E-004
1.9744170E+001,-5.4352411E-004
1.9746170E+001,-1.6594267E-003
1.9748170E+001,-2.8049167E-003
1.9750170E+001,-3.9447489E-003
1.9752170E+001,-5.0236744E-003
1.9754170E+001,-6.1025999E-003
1.9756170E+001,-7.0527980E-003
1.9758170E+001,-7.9116766E-003
1.9760170E+001,-8.7397744E-003
1.9762170E+001,-9.2365238E-003
1.9764170E+001,-9.7332732E-003
1.9766170E+001,-9.9650514E-003
1.9768170E+001,-1.0008859E-002
1.9770170E+001,-1.0014072E-002
1.9772170E+001,-9.6038392E-003
1.9774170E+001,-9.1936061E-003
1.9776170E+001,-8.5793429E-003
1.9778170E+001,-7.8203402E-003
1.9780170E+001,-7.0478767E-003
1.9782170E+001,-6.1305099E-003
1.9784170E+001,-5.2131432E-003
1.9786170E+001,-4.3297985E-003
1.9788170E+001,-3.4705893E-003
1.9790170E+001,-2.6305682E-003
1.9792170E+001,-1.9971027E-003
1.9794170E+001,-1.3636372E-003
1.9796170E+001,-8.9882203E-004
1.9798170E+001,-5.5364790E-004
1.9800170E+001,-2.2859782E-004
1.9802170E+001,-1.2017806E-004
1.9804170E+001,-1.1758304E-005
1.9806170E+001,3.1026722E-005
1.9808170E+001,2.7250299E-005
1.9810170E+001,2.5032910E-005
1.9812170E+001,3.9598120E-005
1.9814170E+001,5.4163330E-005
1.9816170E+001,1.2584293E-004
1.9818170E+001,2.3803963E-004
1.9820170E+001,3.5911818E-004
1.9822170E+001,5.7580757E-004
1.9824170E+001,7.9249697E-004
1.9826170E+001,1.0429099E-003
1.9828170E+001,1.3172463E-003
1.9830170E+001,1.5914367E-003
1.9832170E+001,1.8640559E-003
1.9834170E+001,2.1366751E-003
1.9836170E+001,2.3875651E-003
1.9838170E+001,2.6230405E-003
1.9840170E+001,2.8552436E-003
1.9842170E+001,3.0522205E-003
1.9844170E+001,3.2491973E-003
1.9846170E+001,3.4312681E-003
1.9848170E+001,3.6027643E-003
1.9850170E+001,3.7716911E-003
1.9852170E+001,3.9129589E-003
1.9854170E+001,4.0542267E-003
1.9856170E+001,4.1547615E-003
1.9858170E+001,4.2264002E-003
1.9860170E+001,4.2872627E-003
1.9862170E+001,4.2321221E-003
1.9864170E+001,4.1769815E-003
1.9866170E+001,4.0299536E-003
1.9868170E+001,3.8177405E-003
1.9870170E+001,3.5955109E-003
1.9872170E+001,3.2654559E-003
1.9874170E+001,2.9354009E-003
1.9876170E+001,2.6040802E-003
1.9878170E+001,2.2718616E-003
1.9880170E+001,1.9522588E-003
1.9882170E+001,1.7684622E-003
1.9884170E+001,1.5846656E-003
1.9886170E+001,1.5553917E-003
1.9888170E+001,1.6357364E-003
1.9890170E+001,1.7405392E-003
1.9892170E+001,2.1086267E-003
1.9894170E+001,2.4767142E-003
1.9896170E+001,2.9661227E-003
1.9898170E+001,3.5415965E-003
1.9900170E+001,4.1221411E-003
1.9902170E+001,4.7572703E-003
1.9904170E+001,5.3923994E-003
1.9906170E+001,5.9713340E-003
1.9908170E+001,6.5104041E-003
1.9910170E+001,7.0315706E-003
1.9912170E+001,7.3600097E-003
1.9914170E+001,7.6884489E-003
1.9916170E+001,7.8627231E-003
1.9918170E+001,7.9276323E-003
1.9920170E+001,7.9704818E-003
1.9922170E+001,7.7758641E-003
1.9924170E+001,7.5812463E-003
1.9926170E+001,7.2616884E-003
1.9928170E+001,6.8534977E-003
1.9930170E+001,6.4334950E-003
1.9932170E+001,5.8863399E-003
1.9934170E+001,5.3391848E-003
1.9936170E+001,4.7648940E-003
1.9938170E+001,4.1713531E-003
1.9940170E+001,3.5821097E-003
1.9942170E+001,3.0391282E-003
1.9944170E+001,2.4961467E-003
1.9946170E+001,2.0311687E-003
1.9948170E+001,1.6215267E-003
1.9950170E+001,1.2275887E-003
1.9952170E+001,1.0027009E-003
1.9954170E+001,7.7781301E-004
1.9956170E+001,6.6888660E-004
1.9958170E+001,6.4222354E-004
1.9960170E+001,6.3093912E-004
1.9962170E+001,7.8520195E-004
1.9964170E+001,9.3946478E-004
1.9966170E+001,1.1799765E-003
1.9968170E+001,1.4816733E-003
1.9970170E+001,1.7926611E-003
1.9972170E+001,2.2036641E-003
1.9974170E+001,2.6146671E-003
1.9976170E+001,3.0659681E-003
1.9978170E+001,3.5458567E-003
1.9980170E+001,4.0275597E-003
1.9982170E+001,4.5287954E-003
1.9984170E+001,5.0300310E-003
1.9986170E+001,5.5093797E-003
1.9988170E+001,5.9732017E-003
1.9990170E+001,6.4282466E-003
1.9992170E+001,6.7888072E-003
1.9994170E+001,7.1493679E-003
1.9996170E+001,7.4149281E-003
1.9998170E+001,7.6130948E-003
2.0000170E+001,7.7944784E-003
2.0002170E+001,7.7951975E-003
2.0004170E+001,7.7959167E-003
2.0006170E+001,7.6814617E-003
2.0008170E+001,7.4853020E-003
2.0010170E+001,7.2754869E-003
2.0012170E+001,6.9186753E-003
2.0014170E+001,6.5618637E-003
2.0016170E+001,6.1474906E-003
2.0018170E+001,5.6922831E-003
2.0020170E+001,5.2351361E-003
2.0022170E+001,4.7571096E-003
2.0024170E+001,4.2790830E-003
2.0026170E+001,3.8332837E-003
2.0028170E+001,3.4103464E-003
2.0030170E+001,2.9980492E-003
2.0032170E+001,2.7002899E-003
2.0034170E+001,2.4025307E-003
2.0036170E+001,2.2064585E-003
2.0038170E+001,2.0825234E-003
2.0040170E+001,1.9740979E-003
2.0042170E+001,2.0326290E-003
2.0044170E+001,2.0911600E-003
2.0046170E+001,2.2280917E-003
2.0048170E+001,2.4206410E-003
2.0050170E+001,2.6154248E-003
2.0052170E+001,2.8342617E-003
2.0054170E+001,3.0530987E-003
2.0056170E+001,3.2042496E-003
2.0058170E+001,3.3073838E-003
2.0060170E+001,3.3901414E-003
2.0062170E+001,3.2535501E-003
2.0064170E+001,3.1169589E-003
2.0066170E+001,2.8138550E-003
2.0068170E+001,2.3926265E-003
2.0070170E+001,1.9534717E-003
2.0072170E+001,1.3213451E-003
2.0074170E+001,6.8921838E-004
2.0076170E+001,4.1334173E-005
2.0078170E+001,-6.1772848E-004
2.0080170E+001,-1.2593112E-003
2.0082170E+001,-1.7127263E-003
2.0084170E+001,-2.1661415E-003
2.0086170E+001,-2.3885847E-003
2.0088170E+001,-2.4471757E-003
2.0090170E+001,-2.4666484E-003
2.0092170E+001,-2.0650207E-003
2.0094170E+001,-1.6633930E-003
2.0096170E+001,-1.0433180E-003
2.0098170E+001,-2.6827602E-004
2.0100170E+001,5.2151049E-004
2.0102170E+001,1.4700177E-003
2.0104170E+001,2.4185249E-003
2.0106170E+001,3.3359176E-003
2.0108170E+001,4.2312376E-003
2.0110170E+001,5.1080204E-003
2.0112170E+001,5.7852548E-003
2.0114170E+001,6.4624892E-003
2.0116170E+001,6.9788873E-003
2.0118170E+001,7.3811878E-003
2.0120170E+001,7.7633241E-003
2.0122170E+001,7.9283985E-003
2.0124170E+001,8.0934730E-003
2.0126170E+001,8.1639829E-003
2.0128170E+001,8.1674085E-003
2.0130170E+001,8.1614534E-003
2.0132170E+001,8.0545182E-003
2.0134170E+001,7.9475830E-003
2.0136170E+001,7.7732025E-003
2.0138170E+001,7.5509760E-003
2.0140170E+001,7.3148720E-003
2.0142170E+001,6.9293803E-003
2.0144170E+001,6.5438885E-003
2.0146170E+001,6.0369543E-003
2.0148170E+001,5.4438686E-003
2.0150170E+001,4.8339798E-003
2.0152170E+001,4.0432094E-003
2.0154170E+001,3.2524390E-003
2.0156170E+001,2.3976685E-003
2.0158170E+001,1.4974962E-003
2.0160170E+001,6.0077473E-004
2.0162170E+001,-2.5879934E-004
2.0164170E+001,-1.1183734E-003
2.0166170E+001,-1.8589513E-003
2.0168170E+001,-2.5151129E-003
2.0170170E+001,-3.1438399E-003
2.0172170E+001,-3.4772403E-003
2.0174170E+001,-3.8106407E-003
2.0176170E+001,-3.9325641E-003
2.0178170E+001,-3.9044653E-003
2.0180170E+001,-3.8494766E-003
2.0182170E+001,-3.5050245E-003
2.0184170E+001,-3.1605724E-003
2.0186170E+001,-2.6902402E-003
2.0188170E+001,-2.1306083E-003
2.0190170E+001,-1.5624901E-003
2.0192170E+001,-9.0301795E-004
2.0194170E+001,-2.4354583E-004
2.0196170E+001,4.1843224E-004
2.0198170E+001,1.0821880E-003
2.0200170E+001,1.7407896E-003
2.0202170E+001,2.3439070E-003
2.0204170E+001,2.9470244E-003
2.0206170E+001,3.4869150E-003
2.0208170E+001,3.9819524E-003
2.0210170E+001,4.4631970E-003
2.0212170E+001,4.7959664E-003
2.0214170E+001,5.1287358E-003
2.0216170E+001,5.3215520E-003
2.0218170E+001,5.4150849E-003
2.0220170E+001,5.4804499E-003
2.0222170E+001,5.2425941E-003
2.0224170E+001,5.0047383E-003
2.0226170E+001,4.5303492E-003
2.0228170E+001,3.8881628E-003
2.0230170E+001,3.2111744E-003
2.0232170E+001,2.1595518E-003
2.0234170E+001,1.1079292E-003
2.0236170E+001,-1.2389582E-004
2.0238170E+001,-1.4835568E-003
2.0240170E+001,-2.8513562E-003
2.0242170E+001,-4.3067643E-003
2.0244170E+001,-5.7621723E-003
2.0246170E+001,-7.1084135E-003
2.0248170E+001,-8.3772114E-003
2.0250170E+001,-9.6066768E-003
2.0252170E+001,-1.0412738E-002
2.0254170E+001,-1.1218799E-002
2.0256170E+001,-1.1645940E-002
2.0258170E+001,-1.1804274E-002
2.0260170E+001,-1.1904823E-002
2.0262170E+001,-1.1383328E-002
2.0264170E+001,-1.0861833E-002
2.0266170E+001,-1.0022618E-002
2.0268170E+001,-8.9580101E-003
2.0270170E+001,-7.8702823E-003
2.0272170E+001,-6.5336713E-003
2.0274170E+001,-5.1970603E-003
2.0276170E+001,-3.8970047E-003
2.0278170E+001,-2.6228816E-003
2.0280170E+001,-1.3807909E-003
2.0282170E+001,-4.8352188E-004
2.0284170E+001,4.1374714E-004
2.0286170E+001,9.6071335E-004
2.0288170E+001,1.2591739E-003
2.0290170E+001,1.4995270E-003
2.0292170E+001,1.1143691E-003
2.0294170E+001,7.2921116E-004
2.0296170E+001,-1.9593244E-005
2.0298170E+001,-1.0263694E-003
2.0300170E+001,-2.0703443E-003
2.0302170E+001,-3.5147539E-003
2.0304170E+001,-4.9591636E-003
2.0306170E+001,-6.5102973E-003
2.0308170E+001,-8.1371413E-003
2.0310170E+001,-9.7569687E-003
2.0312170E+001,-1.1301263E-002
2.0314170E+001,-1.2845558E-002
2.0316170E+001,-1.4212944E-002
2.0318170E+001,-1.5454830E-002
2.0320170E+001,-1.6659195E-002
2.0322170E+001,-1.7459662E-002
2.0324170E+001,-1.8260129E-002
2.0326170E+001,-1.8775139E-002
2.0328170E+001,-1.9087646E-002
2.0330170E+001,-1.9361659E-002
2.0332170E+001,-1.9221299E-002
2.0334170E+001,-1.9080940E-002
2.0336170E+001,-1.8727949E-002
2.0338170E+001,-1.8224116E-002
2.0340170E+001,-1.7698656E-002
2.0342170E+001,-1.6940383E-002
2.0344170E+001,-1.6182110E-002
2.0346170E+001,-1.5332198E-002
2.0348170E+001,-1.4417275E-002
2.0350170E+001,-1.3494894E-002
2.0352170E+001,-1.2492225E-002
2.0354170E+001,-1.1489556E-002
2.0356170E+001,-1.0458626E-002
2.0358170E+001,-9.4076481E-003
2.0360170E+001,-8.3545544E-003
2.0362170E+001,-7.2786866E-003
2.0364170E+001,-6.2028188E-003
2.0366170E+001,-5.1282304E-003
2.0368170E+001,-4.0545496E-003
2.0370170E+001,-2.9850926E-003
2.0372170E+001,-1.9611046E-003
2.0374170E+001,-9.3711665E-004
2.0376170E+001,1.4316129E-005
2.0378170E+001,9.1427806E-004
2.0380170E+001,1.7957480E-003
2.0382170E+001,2.4781561E-003
2.0384170E+001,3.1605643E-003
2.0386170E+001,3.6617228E-003
2.0388170E+001,4.0343023E-003
2.0390170E+001,4.3751545E-003
2.0392170E+001,4.3744696E-003
2.0394170E+001,4.3737848E-003
2.0396170E+001,4.1497589E-003
2.0398170E+001,3.7672943E-003
2.0400170E+001,3.3576040E-003
2.0402170E+001,2.6548371E-003
2.0404170E+001,1.9520701E-003
2.0406170E+001,1.1369266E-003
2.0408170E+001,2.4206295E-004
2.0410170E+001,-6.5452733E-004
2.0412170E+001,-1.5697041E-003
2.0414170E+001,-2.4848809E-003
2.0416170E+001,-3.3076441E-003
2.0418170E+001,-4.0648489E-003
2.0420170E+001,-4.7963189E-003
2.0422170E+001,-5.2507594E-003
2.0424170E+001,-5.7051999E-003
2.0426170E+001,-5.9361820E-003
2.0428170E+001,-6.0086422E-003
2.0430170E+001,-6.0489506E-003
2.0432170E+001,-5.7431544E-003
2.0434170E+001,-5.4373582E-003
2.0436170E+001,-4.9610372E-003
2.0438170E+001,-4.3637454E-003
2.0440170E+001,-3.7546658E-003
2.0442170E+001,-3.0186927E-003
2.0444170E+001,-2.2827197E-003
2.0446170E+001,-1.5751148E-003
2.0448170E+001,-8.8763452E-004
2.0450170E+001,-2.1961493E-004
2.0452170E+001,2.3891495E-004
2.0454170E+001,6.9744482E-004
2.0456170E+001,9.4479515E-004
2.0458170E+001,1.0423342E-003
2.0460170E+001,1.1047613E-003
2.0462170E+001,7.8921726E-004
2.0464170E+001,4.7367327E-004
2.0466170E+001,-6.0111418E-005
2.0468170E+001,-7.4871663E-004
2.0470170E+001,-1.4586846E-003
2.0472170E+001,-2.3986179E-003
2.0474170E+001,-3.3385511E-003
2.0476170E+001,-4.3230050E-003
2.0478170E+001,-5.3390420E-003
2.0480170E+001,-6.3451859E-003
2.0482170E+001,-7.2448323E-003
2.0484170E+001,-8.1444788E-003
2.0486170E+001,-8.8739522E-003
2.0488170E+001,-9.4827045E-003
2.0490170E+001,-1.0055964E-002
2.0492170E+001,-1.0247157E-002
2.0494170E+001,-1.0438349E-002
2.0496170E+001,-1.0352450E-002
2.0498170E+001,-1.0069981E-002
2.0500170E+001,-9.7495396E-003
2.0502170E+001,-9.0203317E-003
2.0504170E+001,-8.2911237E-003
2.0506170E+001,-7.3630622E-003
2.0508170E+001,-6.2939334E-003
2.0510170E+001,-5.2099328E-003
2.0512170E+001,-3.9658406E-003
2.0514170E+001,-2.7217484E-003
2.0516170E+001,-1.4845961E-003
2.0518170E+001,-2.5236687E-004
2.0520170E+001,9.6450740E-004
2.0522170E+001,2.0160895E-003
2.0524170E+001,3.0676716E-003
2.0526170E+001,3.9440904E-003
2.0528170E+001,4.6962480E-003
2.0530170E+001,5.4186266E-003
2.0532170E+001,5.8204423E-003
2.0534170E+001,6.2222581E-003
2.0536170E+001,6.4312820E-003
2.0538170E+001,6.5035390E-003
2.0540170E+001,6.5549535E-003
2.0542170E+001,6.3820031E-003
2.0544170E+001,6.2090528E-003
2.0546170E+001,5.9674224E-003
2.0548170E+001,5.6770702E-003
2.0550170E+001,5.3885187E-003
2.0552170E+001,5.1193506E-003
2.0554170E+001,4.8501825E-003
2.0556170E+001,4.6571069E-003
2.0558170E+001,4.5180115E-003
2.0560170E+001,4.3937354E-003
2.0562170E+001,4.4289863E-003
2.0564170E+001,4.4642373E-003
2.0566170E+001,4.5822204E-003
2.0568170E+001,4.7588940E-003
2.0570170E+001,4.9398296E-003
2.0572170E+001,5.1666451E-003
2.0574170E+001,5.3934605E-003
2.0576170E+001,5.5877412E-003
2.0578170E+001,5.7589417E-003
2.0580170E+001,5.9193835E-003
2.0582170E+001,5.9640107E-003
2.0584170E+001,6.0086378E-003
2.0586170E+001,5.9768613E-003
2.0588170E+001,5.8908838E-003
2.0590170E+001,5.7992245E-003
2.0592170E+001,5.6464032E-003
2.0594170E+001,5.4935818E-003
2.0596170E+001,5.3611130E-003
2.0598170E+001,5.2430824E-003
2.0600170E+001,5.1359031E-003
2.0602170E+001,5.1455346E-003
2.0604170E+001,5.1551661E-003
2.0606170E+001,5.2637322E-003
2.0608170E+001,5.4424827E-003
2.0610170E+001,5.6330032E-003
2.0612170E+001,5.9502248E-003
2.0614170E+001,6.2674464E-003
2.0616170E+001,6.6108668E-003
2.0618170E+001,6.9728726E-003
2.0620170E+001,7.3282408E-003
2.0622170E+001,7.6121564E-003
2.0624170E+001,7.8960719E-003
2.0626170E+001,8.0707911E-003
2.0628170E+001,8.1680462E-003
2.0630170E+001,8.2443391E-003
2.0632170E+001,8.0949797E-003
2.0634170E+001,7.9456202E-003
2.0636170E+001,7.6518921E-003
2.0638170E+001,7.2557485E-003
2.0640170E+001,6.8425252E-003
2.0642170E+001,6.2454432E-003
2.0644170E+001,5.6483612E-003
2.0646170E+001,4.9717348E-003
2.0648170E+001,4.2386795E-003
2.0650170E+001,3.4993785E-003
2.0652170E+001,2.6928445E-003
2.0654170E+001,1.8863106E-003
2.0656170E+001,1.0700332E-003
2.0658170E+001,2.4684376E-004
2.0660170E+001,-5.7221283E-004
2.0662170E+001,-1.3467801E-003
2.0664170E+001,-2.1213473E-003
2.0666170E+001,-2.8143784E-003
2.0668170E+001,-3.4495674E-003
2.0670170E+001,-4.0628749E-003
2.0672170E+001,-4.4406326E-003
2.0674170E+001,-4.8183903E-003
2.0676170E+001,-4.9740968E-003
2.0678170E+001,-4.9722794E-003
2.0680170E+001,-4.9311239E-003
2.0682170E+001,-4.4665025E-003
2.0684170E+001,-4.0018810E-003
2.0686170E+001,-3.2666811E-003
2.0688170E+001,-2.3395321E-003
2.0690170E+001,-1.3822560E-003
2.0692170E+001,-1.0067007E-004
2.0694170E+001,1.1809158E-003
2.0696170E+001,2.5496043E-003
2.0698170E+001,3.9800834E-003
2.0700170E+001,5.4012973E-003
2.0702170E+001,6.7227726E-003
2.0704170E+001,8.0442479E-003
2.0706170E+001,9.1590537E-003
2.0708170E+001,1.0127247E-002
2.0710170E+001,1.1051338E-002
2.0712170E+001,1.1500665E-002
2.0714170E+001,1.1949992E-002
2.0716170E+001,1.2069815E-002
2.0718170E+001,1.1955887E-002
2.0720170E+001,1.1801098E-002
2.0722170E+001,1.1206466E-002
2.0724170E+001,1.0611834E-002
2.0726170E+001,9.8394990E-003
2.0728170E+001,8.9411020E-003
2.0730170E+001,8.0349754E-003
2.0732170E+001,7.0456422E-003
2.0734170E+001,6.0563091E-003
2.0736170E+001,5.1227957E-003
2.0738170E+001,4.2288811E-003
2.0740170E+001,3.3529881E-003
2.0742170E+001,2.6710935E-003
2.0744170E+001,1.9891990E-003
2.0746170E+001,1.4525382E-003
2.0748170E+001,1.0189068E-003
2.0750170E+001,6.0430240E-004
2.0752170E+001,3.9451890E-004
2.0754170E+001,1.8473540E-004
2.0756170E+001,7.5617857E-005
2.0758170E+001,3.7912996E-005
2.0760170E+001,1.0342025E-005
2.0762170E+001,9.1859822E-005
2.0764170E+001,1.7337762E-004
2.0766170E+001,2.9762728E-004
2.0768170E+001,4.5219104E-004
2.0770170E+001,6.0902856E-004
2.0772170E+001,7.9034255E-004
2.0774170E+001,9.7165654E-004
2.0776170E+001,1.1370474E-003
2.0778170E+001,1.2911424E-003
2.0780170E+001,1.4379561E-003
2.0782170E+001,1.5063879E-003
2.0784170E+001,1.5748198E-003
2.0786170E+001,1.5650106E-003
2.0788170E+001,1.4996970E-003
2.0790170E+001,1.4213387E-003
2.0792170E+001,1.2025568E-003
2.0794170E+001,9.8377499E-004
2.0796170E+001,6.8655785E-004
2.0798170E+001,3.3369851E-004
2.0800170E+001,-2.5791167E-005
2.0802170E+001,-4.5665485E-004
2.0804170E+001,-8.8751854E-004
2.0806170E+001,-1.3187176E-003
2.0808170E+001,-1.7501545E-003
2.0810170E+001,-2.1752069E-003
2.0812170E+001,-2.5315301E-003
2.0814170E+001,-2.8878533E-003
2.0816170E+001,-3.1704885E-003
2.0818170E+001,-3.4008493E-003
2.0820170E+001,-3.6195612E-003
2.0822170E+001,-3.7128766E-003
2.0824170E+001,-3.8061921E-003
2.0826170E+001,-3.8367466E-003
2.0828170E+001,-3.8227784E-003
2.0830170E+001,-3.8045748E-003
2.0832170E+001,-3.7407786E-003
2.0834170E+001,-3.6769823E-003
2.0836170E+001,-3.6212932E-003
2.0838170E+001,-3.5713555E-003
2.0840170E+001,-3.5268325E-003
2.0842170E+001,-3.5405981E-003
2.0844170E+001,-3.5543638E-003
2.0846170E+001,-3.6202408E-003
2.0848170E+001,-3.7230857E-003
2.0850170E+001,-3.8336137E-003
2.0852170E+001,-4.0268478E-003
2.0854170E+001,-4.2200819E-003
2.0856170E+001,-4.4565822E-003
2.0858170E+001,-4.7237757E-003
2.0860170E+001,-4.9947968E-003
2.0862170E+001,-5.3070205E-003
2.0864170E+001,-5.6192442E-003
2.0866170E+001,-5.9340930E-003
2.0868170E+001,-6.2508042E-003
2.0870170E+001,-6.5633651E-003
2.0872170E+001,-6.8312501E-003
2.0874170E+001,-7.0991350E-003
2.0876170E+001,-7.3009919E-003
2.0878170E+001,-7.4560085E-003
2.0880170E+001,-7.5958676E-003
2.0882170E+001,-7.5725609E-003
2.0884170E+001,-7.5492541E-003
2.0886170E+001,-7.3922768E-003
2.0888170E+001,-7.1404732E-003
2.0890170E+001,-6.8679308E-003
2.0892170E+001,-6.3721411E-003
2.0894170E+001,-5.8763514E-003
2.0896170E+001,-5.2572391E-003
2.0898170E+001,-4.5506413E-003
2.0900170E+001,-3.8331424E-003
2.0902170E+001,-2.9982947E-003
2.0904170E+001,-2.1634470E-003
2.0906170E+001,-1.3217479E-003
2.0908170E+001,-4.7518857E-004
2.0910170E+001,3.6187100E-004
2.0912170E+001,1.0966677E-003
2.0914170E+001,1.8314644E-003
2.0916170E+001,2.4416417E-003
2.0918170E+001,2.9634138E-003
2.0920170E+001,3.4621941E-003
2.0922170E+001,3.7134734E-003
2.0924170E+001,3.9647528E-003
2.0926170E+001,4.0546188E-003
2.0928170E+001,4.0299778E-003
2.0930170E+001,3.9853764E-003
2.0932170E+001,3.7259078E-003
2.0934170E+001,3.4664391E-003
2.0936170E+001,3.1120480E-003
2.0938170E+001,2.6903187E-003
2.0940170E+001,2.2621234E-003
2.0942170E+001,1.7643224E-003
2.0944170E+001,1.2665215E-003
2.0946170E+001,7.7390524E-004
2.0948170E+001,2.8496710E-004
2.0950170E+001,-1.9695336E-004
2.0952170E+001,-6.0333026E-004
2.0954170E+001,-1.0097072E-003
2.0956170E+001,-1.3353155E-003
2.0958170E+001,-1.6036263E-003
2.0960170E+001,-1.8575667E-003
2.0962170E+001,-1.9568128E-003
2.0964170E+001,-2.0560589E-003
2.0966170E+001,-2.0555636E-003
2.0968170E+001,-1.9843113E-003
2.0970170E+001,-1.9009366E-003
2.0972170E+001,-1.6870668E-003
2.0974170E+001,-1.4731970E-003
2.0976170E+001,-1.2035980E-003
2.0978170E+001,-8.9446463E-004
2.0980170E+001,-5.8129826E-004
2.0982170E+001,-2.2471737E-004
2.0984170E+001,1.3186352E-004
2.0986170E+001,4.9964602E-004
2.0988170E+001,8.7537498E-004
2.0990170E+001,1.2526306E-003
2.0992170E+001,1.6463208E-003
2.0994170E+001,2.0400109E-003
2.0996170E+001,2.4511315E-003
2.0998170E+001,2.8746173E-003
2.1000170E+001,3.3000976E-003
2.1002170E+001,3.7470489E-003
2.1004170E+001,4.1940002E-003
2.1006170E+001,4.6234376E-003
2.1008170E+001,5.0404508E-003
2.1010170E+001,5.4460274E-003
2.1012170E+001,5.7284932E-003
2.1014170E+001,6.0109590E-003
2.1016170E+001,6.1412378E-003
2.1018170E+001,6.1635548E-003
2.1020170E+001,6.1558483E-003
2.1022170E+001,5.8249471E-003
2.1024170E+001,5.4940460E-003
2.1026170E+001,4.9511223E-003
2.1028170E+001,4.2577894E-003
2.1030170E+001,3.5419929E-003
2.1032170E+001,2.5843819E-003
2.1034170E+001,1.6267709E-003
2.1036170E+001,6.2488620E-004
2.1038170E+001,-4.0840632E-004
2.1040170E+001,-1.4287933E-003
2.1042170E+001,-2.3102557E-003
2.1044170E+001,-3.1917180E-003
2.1046170E+001,-3.8667895E-003
2.1048170E+001,-4.3954466E-003
2.1050170E+001,-4.8838999E-003
2.1052170E+001,-4.9395685E-003
2.1054170E+001,-4.9952371E-003
2.1056170E+001,-4.7659533E-003
2.1058170E+001,-4.3345236E-003
2.1060170E+001,-3.8688890E-003
2.1062170E+001,-3.0350482E-003
2.1064170E+001,-2.2012073E-003
2.1066170E+001,-1.2215615E-003
2.1068170E+001,-1.3848128E-004
2.1070170E+001,9.5014856E-004
2.1072170E+001,2.0985186E-003
2.1074170E+001,3.2468887E-003
2.1076170E+001,4.3264058E-003
2.1078170E+001,5.3570786E-003
2.1080170E+001,6.3640237E-003
2.1082170E+001,7.1155463E-003
2.1084170E+001,7.8670689E-003
2.1086170E+001,8.3811057E-003
2.1088170E+001,8.7266695E-003
2.1090170E+001,9.0310250E-003
2.1092170E+001,8.8917840E-003
2.1094170E+001,8.7525430E-003
2.1096170E+001,8.3218751E-003
2.1098170E+001,7.6844680E-003
2.1100170E+001,7.0106187E-003
2.1102170E+001,5.9444784E-003
2.1104170E+001,4.8783381E-003
2.1106170E+001,3.6539838E-003
2.1108170E+001,2.3173922E-003
2.1110170E+001,9.7744899E-004
2.1112170E+001,-3.9857269E-004
2.1114170E+001,-1.7745944E-003
2.1116170E+001,-3.0205014E-003
2.1118170E+001,-4.1741049E-003
2.1120170E+001,-5.2890430E-003
2.1122170E+001,-5.9877586E-003
2.1124170E+001,-6.6864742E-003
2.1126170E+001,-7.0358722E-003
2.1128170E+001,-7.1374634E-003
2.1130170E+001,-7.1872703E-003
2.1132170E+001,-6.6796334E-003
2.1134170E+001,-6.1719966E-003
2.1136170E+001,-5.3787312E-003
2.1138170E+001,-4.3828402E-003
2.1140170E+001,-3.3639646E-003
2.1142170E+001,-2.0976644E-003
2.1144170E+001,-8.3136422E-004
2.1146170E+001,4.4530887E-004
2.1148170E+001,1.7293405E-003
2.1150170E+001,2.9959796E-003
2.1152170E+001,4.0753916E-003
2.1154170E+001,5.1548036E-003
2.1156170E+001,6.0293733E-003
2.1158170E+001,6.7586274E-003
2.1160170E+001,7.4536239E-003
2.1162170E+001,7.7798456E-003
2.1164170E+001,8.1060672E-003
2.1166170E+001,8.2120057E-003
2.1168170E+001,8.1616747E-003
2.1170170E+001,8.0857620E-003
2.1172170E+001,7.7344677E-003
2.1174170E+001,7.3831734E-003
2.1176170E+001,6.9103383E-003
2.1178170E+001,6.3512819E-003
2.1180170E+001,5.7821500E-003
2.1182170E+001,5.1045588E-003
2.1184170E+001,4.4269676E-003
2.1186170E+001,3.7245522E-003
2.1188170E+001,3.0045265E-003
2.1190170E+001,2.2861491E-003
2.1192170E+001,1.5855154E-003
2.1194170E+001,8.8488167E-004
2.1196170E+001,2.2384800E-004
2.1198170E+001,-4.0909331E-004
2.1200170E+001,-1.0333708E-003
2.1202170E+001,-1.5643844E-003
2.1204170E+001,-2.0953980E-003
2.1206170E+001,-2.5553837E-003
2.1208170E+001,-2.9649821E-003
2.1210170E+001,-3.3636313E-003
2.1212170E+001,-3.6444159E-003
2.1214170E+001,-3.9252005E-003
2.1216170E+001,-4.1287466E-003
2.1218170E+001,-4.2774995E-003
2.1220170E+001,-4.4142377E-003
2.1222170E+001,-4.4216410E-003
2.1224170E+001,-4.4290442E-003
2.1226170E+001,-4.3415944E-003
2.1228170E+001,-4.1868555E-003
2.1230170E+001,-4.0161589E-003
2.1232170E+001,-3.6736823E-003
2.1234170E+001,-3.3312057E-003
2.1236170E+001,-2.8728024E-003
2.1238170E+001,-2.3321603E-003
2.1240170E+001,-1.7772642E-003
2.1242170E+001,-1.0689256E-003
2.1244170E+001,-3.6058710E-004
2.1246170E+001,3.9399765E-004
2.1248170E+001,1.1813896E-003
2.1250170E+001,1.9634664E-003
2.1252170E+001,2.6883266E-003
2.1254170E+001,3.4131868E-003
2.1256170E+001,4.0067840E-003
2.1258170E+001,4.5072628E-003
2.1260170E+001,4.9774417E-003
2.1262170E+001,5.1214488E-003
2.1264170E+001,5.2654560E-003
2.1266170E+001,5.1675104E-003
2.1268170E+001,4.8979229E-003
2.1270170E+001,4.5962699E-003
2.1272170E+001,3.9494409E-003
2.1274170E+001,3.3026118E-003
2.1276170E+001,2.5015949E-003
2.1278170E+001,1.5911967E-003
2.1280170E+001,6.7118943E-004
2.1282170E+001,-3.5225707E-004
2.1284170E+001,-1.3757036E-003
2.1286170E+001,-2.3813263E-003
2.1288170E+001,-3.3743048E-003
2.1290170E+001,-4.3555308E-003
2.1292170E+001,-5.2102443E-003
2.1294170E+001,-6.0649579E-003
2.1296170E+001,-6.8004216E-003
2.1298170E+001,-7.4512892E-003
2.1300170E+001,-8.0819650E-003
2.1302170E+001,-8.4952820E-003
2.1304170E+001,-8.9085989E-003
2.1306170E+001,-9.1733313E-003
2.1308170E+001,-9.3326573E-003
2.1310170E+001,-9.4698761E-003
2.1312170E+001,-9.3691172E-003
2.1314170E+001,-9.2683584E-003
2.1316170E+001,-9.0212313E-003
2.1318170E+001,-8.6702702E-003
2.1320170E+001,-8.3014007E-003
2.1322170E+001,-7.7397516E-003
2.1324170E+001,-7.1781025E-003
2.1326170E+001,-6.5399209E-003
2.1328170E+001,-5.8474468E-003
2.1330170E+001,-5.1537845E-003
2.1332170E+001,-4.4473316E-003
2.1334170E+001,-3.7408787E-003
2.1336170E+001,-3.1031390E-003
2.1338170E+001,-2.5141446E-003
2.1340170E+001,-1.9444721E-003
2.1342170E+001,-1.5827955E-003
2.1344170E+001,-1.2211190E-003
2.1346170E+001,-1.0236081E-003
2.1348170E+001,-9.4255673E-004
2.1350170E+001,-8.8374401E-004
2.1352170E+001,-1.0643246E-003
2.1354170E+001,-1.2449051E-003
2.1356170E+001,-1.5329387E-003
2.1358170E+001,-1.8971997E-003
2.1360170E+001,-2.2684695E-003
2.1362170E+001,-2.7151869E-003
2.1364170E+001,-3.1619043E-003
2.1366170E+001,-3.6058560E-003
2.1368170E+001,-4.0478457E-003
2.1370170E+001,-4.4847575E-003
2.1372170E+001,-4.8670064E-003
2.1374170E+001,-5.2492552E-003
2.1376170E+001,-5.5789282E-003
2.1378170E+001,-5.8713037E-003
2.1380170E+001,-6.1538258E-003
2.1382170E+001,-6.3302787E-003
2.1384170E+001,-6.5067315E-003
2.1386170E+001,-6.5942694E-003
2.1388170E+001,-6.6187307E-003
2.1390170E+001,-6.6268785E-003
2.1392170E+001,-6.4594139E-003
2.1394170E+001,-6.2919493E-003
2.1396170E+001,-6.0007225E-003
2.1398170E+001,-5.6216985E-003
2.1400170E+001,-5.2269693E-003
2.1402170E+001,-4.6631773E-003
2.1404170E+001,-4.0993854E-003
2.1406170E+001,-3.4756460E-003
2.1408170E+001,-2.8093796E-003
2.1410170E+001,-2.1446203E-003
2.1412170E+001,-1.4960839E-003
2.1414170E+001,-8.4754754E-004
2.1416170E+001,-2.7938418E-004
2.1418170E+001,2.3176234E-004
2.1420170E+001,7.2463263E-004
2.1422170E+001,1.0207638E-003
2.1424170E+001,1.3168951E-003
2.1426170E+001,1.4807350E-003
2.1428170E+001,1.5507272E-003
2.1430170E+001,1.6058093E-003
2.1432170E+001,1.5003879E-003
2.1434170E+001,1.3949665E-003
2.1436170E+001,1.2341064E-003
2.1438170E+001,1.0339178E-003
2.1440170E+001,8.3136759E-004
2.1442170E+001,6.0339493E-004
2.1444170E+001,3.7542228E-004
2.1446170E+001,1.4335548E-004
2.1448170E+001,-9.1615707E-005
2.1450170E+001,-3.2960857E-004
2.1452170E+001,-6.0012904E-004
2.1454170E+001,-8.7064951E-004
2.1456170E+001,-1.1903400E-003
2.1458170E+001,-1.5449118E-003
2.1460170E+001,-1.9084869E-003
2.1462170E+001,-2.3689806E-003
2.1464170E+001,-2.8294742E-003
2.1466170E+001,-3.3271818E-003
2.1468170E+001,-3.8512891E-003
2.1470170E+001,-4.3712675E-003
2.1472170E+001,-4.8468000E-003
2.1474170E+001,-5.3223325E-003
2.1476170E+001,-5.6821004E-003
2.1478170E+001,-5.9597447E-003
2.1480170E+001,-6.2096053E-003
2.1482170E+001,-6.1603816E-003
2.1484170E+001,-6.1111579E-003
2.1486170E+001,-5.8392322E-003
2.1488170E+001,-5.4093210E-003
2.1490170E+001,-4.9510553E-003
2.1492170E+001,-4.1875598E-003
2.1494170E+001,-3.4240642E-003
2.1496170E+001,-2.5434846E-003
2.1498170E+001,-1.5798453E-003
2.1500170E+001,-6.1397985E-004
2.1502170E+001,3.7584857E-004
2.1504170E+001,1.3656770E-003
2.1506170E+001,2.2772127E-003
2.1508170E+001,3.1332074E-003
2.1510170E+001,3.9688520E-003
2.1512170E+001,4.5854327E-003
2.1514170E+001,5.2020135E-003
2.1516170E+001,5.6573520E-003
2.1518170E+001,5.9983047E-003
2.1520170E+001,6.3178903E-003
2.1522170E+001,6.4074640E-003
2.1524170E+001,6.4970377E-003
2.1526170E+001,6.4760774E-003
2.1528170E+001,6.3767041E-003
2.1530170E+001,6.2678024E-003
2.1532170E+001,6.0563303E-003
2.1534170E+001,5.8448582E-003
2.1536170E+001,5.6109632E-003
2.1538170E+001,5.3611614E-003
2.1540170E+001,5.1133071E-003
2.1542170E+001,4.8864169E-003
2.1544170E+001,4.6595267E-003
2.1546170E+001,4.4721860E-003
2.1548170E+001,4.3129019E-003
2.1550170E+001,4.1615387E-003
2.1552170E+001,4.0954431E-003
2.1554170E+001,4.0293476E-003
2.1556170E+001,4.0192477E-003
2.1558170E+001,4.0488713E-003
2.1560170E+001,4.0844351E-003
2.1562170E+001,4.1839432E-003
2.1564170E+001,4.2834514E-003
2.1566170E+001,4.3905122E-003
2.1568170E+001,4.5029310E-003
2.1570170E+001,4.6095271E-003
2.1572170E+001,4.6534432E-003
2.1574170E+001,4.6973594E-003
2.1576170E+001,4.6518836E-003
2.1578170E+001,4.5429930E-003
2.1580170E+001,4.4165743E-003
2.1582170E+001,4.1014696E-003
2.1584170E+001,3.7863649E-003
2.1586170E+001,3.3566804E-003
2.1588170E+001,2.8457127E-003
2.1590170E+001,2.3255571E-003
2.1592170E+001,1.7064965E-003
2.1594170E+001,1.0874359E-003
2.1596170E+001,4.9132597E-004
2.1598170E+001,-8.8502618E-005
2.1600170E+001,-6.5137823E-004
2.1602170E+001,-1.0317594E-003
2.1604170E+001,-1.4121405E-003
2.1606170E+001,-1.6080564E-003
2.1608170E+001,-1.6731122E-003
2.1610170E+001,-1.7089380E-003
2.1612170E+001,-1.4301095E-003
2.1614170E+001,-1.1512811E-003
2.1616170E+001,-7.1168603E-004
2.1618170E+001,-1.5804269E-004
2.1620170E+001,4.0694574E-004
2.1622170E+001,1.0940612E-003
2.1624170E+001,1.7811767E-003
2.1626170E+001,2.4498289E-003
2.1628170E+001,3.1053832E-003
2.1630170E+001,3.7466205E-003
2.1632170E+001,4.2337374E-003
2.1634170E+001,4.7208544E-003
2.1636170E+001,5.0676373E-003
2.1638170E+001,5.3148668E-003
2.1640170E+001,5.5422750E-003
2.1642170E+001,5.5563113E-003
2.1644170E+001,5.5703477E-003
2.1646170E+001,5.4900151E-003
2.1648170E+001,5.3427368E-003
2.1650170E+001,5.1906642E-003
2.1652170E+001,4.9869809E-003
2.1654170E+001,4.7832976E-003
2.1656170E+001,4.6044067E-003
2.1658170E+001,4.4431035E-003
2.1660170E+001,4.2905860E-003
2.1662170E+001,4.2326442E-003
2.1664170E+001,4.1747024E-003
2.1666170E+001,4.1833093E-003
2.1668170E+001,4.2391261E-003
2.1670170E+001,4.3019873E-003
2.1672170E+001,4.4406795E-003
2.1674170E+001,4.5793718E-003
2.1676170E+001,4.7386299E-003
2.1678170E+001,4.9124776E-003
2.1680170E+001,5.0859991E-003
2.1682170E+001,5.2560104E-003
2.1684170E+001,5.4260217E-003
2.1686170E+001,5.5835105E-003
2.1688170E+001,5.7321157E-003
2.1690170E+001,5.8786930E-003
2.1692170E+001,6.0034401E-003
2.1694170E+001,6.1281872E-003
2.1696170E+001,6.2348583E-003
2.1698170E+001,6.3287063E-003
2.1700170E+001,6.4173136E-003
2.1702170E+001,6.4495060E-003
2.1704170E+001,6.4816984E-003
2.1706170E+001,6.4430573E-003
2.1708170E+001,6.3541667E-003
2.1710170E+001,6.2487230E-003
2.1712170E+001,5.9650888E-003
2.1714170E+001,5.6814546E-003
2.1716170E+001,5.2493342E-003
2.1718170E+001,4.7118774E-003
2.1720170E+001,4.1517732E-003
2.1722170E+001,3.3478751E-003
2.1724170E+001,2.5439769E-003
2.1726170E+001,1.6173465E-003
2.1728170E+001,6.0364942E-004
2.1730170E+001,-4.1678799E-004
2.1732170E+001,-1.5097837E-003
2.1734170E+001,-2.6027794E-003
2.1736170E+001,-3.6329534E-003
2.1738170E+001,-4.6185614E-003
2.1740170E+001,-5.5776238E-003
2.1742170E+001,-6.2509295E-003
2.1744170E+001,-6.9242353E-003
2.1746170E+001,-7.3136914E-003
2.1748170E+001,-7.5017838E-003
2.1750170E+001,-7.6408732E-003
2.1752170E+001,-7.2524572E-003
2.1754170E+001,-6.8640413E-003
2.1756170E+001,-6.1524779E-003
2.1758170E+001,-5.2116729E-003
2.1760170E+001,-4.2361997E-003
2.1762170E+001,-2.8875305E-003
2.1764170E+001,-1.5388613E-003
2.1766170E+001,-8.9721961E-005
2.1768170E+001,1.4306911E-003
2.1770170E+001,2.9425768E-003
2.1772170E+001,4.3626666E-003
2.1774170E+001,5.7827565E-003
2.1776170E+001,7.0019969E-003
2.1778170E+001,8.0787543E-003
2.1780170E+001,9.1126815E-003
2.1782170E+001,9.6855533E-003
2.1784170E+001,1.0258425E-002
2.1786170E+001,1.0506168E-002
2.1788170E+001,1.0523264E-002
2.1790170E+001,1.0497504E-002
2.1792170E+001,1.0010405E-002
2.1794170E+001,9.5233069E-003
2.1796170E+001,8.8150520E-003
2.1798170E+001,7.9499081E-003
2.1800170E+001,7.0664723E-003
2.1802170E+001,5.9861289E-003
2.1804170E+001,4.9057855E-003
2.1806170E+001,3.7971037E-003
2.1808170E+001,2.6683186E-003
2.1810170E+001,1.5481482E-003
2.1812170E+001,5.2071185E-004
2.1814170E+001,-5.0672445E-004
2.1816170E+001,-1.4035577E-003
2.1818170E+001,-2.2077408E-003
2.1820170E+001,-2.9856076E-003
2.1822170E+001,-3.4801856E-003
2.1824170E+001,-3.9747636E-003
2.1826170E+001,-4.2640962E-003
2.1828170E+001,-4.4078273E-003
2.1830170E+001,-4.5229710E-003
2.1832170E+001,-4.3303801E-003
2.1834170E+001,-4.1377891E-003
2.1836170E+001,-3.7924902E-003
2.1838170E+001,-3.3388598E-003
2.1840170E+001,-2.8738183E-003
2.1842170E+001,-2.2859390E-003
2.1844170E+001,-1.6980596E-003
2.1846170E+001,-1.1198719E-003
2.1848170E+001,-5.4855943E-004
2.1850170E+001,9.8899043E-006
2.1852170E+001,4.2987084E-004
2.1854170E+001,8.4985177E-004
2.1856170E+001,1.1339877E-003
2.1858170E+001,1.3217548E-003
2.1860170E+001,1.4890885E-003
2.1862170E+001,1.4364628E-003
2.1864170E+001,1.3838370E-003
2.1866170E+001,1.2231399E-003
2.1868170E+001,9.8577677E-004
2.1870170E+001,7.4018233E-004
2.1872170E+001,4.0598022E-004
2.1874170E+001,7.1778108E-005
2.1876170E+001,-2.7135240E-004
2.1878170E+001,-6.2081674E-004
2.1880170E+001,-9.6754776E-004
2.1882170E+001,-1.2848553E-003
2.1884170E+001,-1.6021629E-003
2.1886170E+001,-1.8966094E-003
2.1888170E+001,-2.1748382E-003
2.1890170E+001,-2.4513560E-003
2.1892170E+001,-2.7094550E-003
2.1894170E+001,-2.9675539E-003
2.1896170E+001,-3.2252894E-003
2.1898170E+001,-3.4827669E-003
2.1900170E+001,-3.7400239E-003
2.1902170E+001,-3.9949058E-003
2.1904170E+001,-4.2497878E-003
2.1906170E+001,-4.4846291E-003
2.1908170E+001,-4.7052536E-003
2.1910170E+001,-4.9184903E-003
2.1912170E+001,-5.0521992E-003
2.1914170E+001,-5.1859081E-003
2.1916170E+001,-5.2381435E-003
2.1918170E+001,-5.2325814E-003
2.1920170E+001,-5.2128729E-003
2.1922170E+001,-5.0408815E-003
2.1924170E+001,-4.8688901E-003
2.1926170E+001,-4.6088240E-003
2.1928170E+001,-4.2862774E-003
2.1930170E+001,-3.9561133E-003
2.1932170E+001,-3.5439478E-003
2.1934170E+001,-3.1317824E-003
2.1936170E+001,-2.7195380E-003
2.1938170E+001,-2.3072375E-003
2.1940170E+001,-1.9024637E-003
2.1942170E+001,-1.5787134E-003
2.1944170E+001,-1.2549631E-003
2.1946170E+001,-1.0169368E-003
2.1948170E+001,-8.3972328E-004
2.1950170E+001,-6.7581013E-004
2.1952170E+001,-6.5507184E-004
2.1954170E+001,-6.3433354E-004
2.1956170E+001,-6.8454018E-004
2.1958170E+001,-7.8507536E-004
2.1960170E+001,-8.9094400E-004
2.1962170E+001,-1.0542260E-003
2.1964170E+001,-1.2175080E-003
2.1966170E+001,-1.3874644E-003
2.1968170E+001,-1.5621555E-003
2.1970170E+001,-1.7361536E-003
2.1972170E+001,-1.9026906E-003
2.1974170E+001,-2.0692277E-003
2.1976170E+001,-2.2422790E-003
2.1978170E+001,-2.4199517E-003
2.1980170E+001,-2.6024431E-003
2.1982170E+001,-2.8368074E-003
2.1984170E+001,-3.0711716E-003
2.1986170E+001,-3.3664416E-003
2.1988170E+001,-3.7049182E-003
2.1990170E+001,-4.0544015E-003
2.1992170E+001,-4.5223695E-003
2.1994170E+001,-4.9903374E-003
2.1996170E+001,-5.5279585E-003
2.1998170E+001,-6.1149917E-003
2.2000170E+001,-6.7081676E-003
2.2002170E+001,-7.3674695E-003
2.2004170E+001,-8.0267713E-003
2.2006170E+001,-8.6852831E-003
2.2008170E+001,-9.3432344E-003
2.2010170E+001,-9.9937130E-003
2.2012170E+001,-1.0563749E-002
2.2014170E+001,-1.1133786E-002
2.2016170E+001,-1.1602358E-002
2.2018170E+001,-1.1998952E-002
2.2020170E+001,-1.2374790E-002
2.2022170E+001,-1.2527187E-002
2.2024170E+001,-1.2679584E-002
2.2026170E+001,-1.2665202E-002
2.2028170E+001,-1.2532505E-002
2.2030170E+001,-1.2375926E-002
2.2032170E+001,-1.1962257E-002
2.2034170E+001,-1.1548588E-002
2.2036170E+001,-1.1004239E-002
2.2038170E+001,-1.0367185E-002
2.2040170E+001,-9.7199832E-003
2.2042170E+001,-8.9635332E-003
2.2044170E+001,-8.2070831E-003
2.2046170E+001,-7.4535924E-003
2.2048170E+001,-6.7022010E-003
2.2050170E+001,-5.9603740E-003
2.2052170E+001,-5.3215057E-003
2.2054170E+001,-4.6826374E-003
2.2056170E+001,-4.1433322E-003
2.2058170E+001,-3.6746573E-003
2.2060170E+001,-3.2201221E-003
2.2062170E+001,-2.9177960E-003
2.2064170E+001,-2.6154698E-003
2.2066170E+001,-2.3814511E-003
2.2068170E+001,-2.1958898E-003
2.2070170E+001,-2.0150857E-003
2.2072170E+001,-1.8854920E-003
2.2074170E+001,-1.7558982E-003
2.2076170E+001,-1.6366469E-003
2.2078170E+001,-1.5247325E-003
2.2080170E+001,-1.4142075E-003
2.2082170E+001,-1.3186386E-003
2.2084170E+001,-1.2230696E-003
2.2086170E+001,-1.1515280E-003
2.2088170E+001,-1.0970314E-003
2.2090170E+001,-1.0480279E-003
2.2092170E+001,-1.0581564E-003
2.2094170E+001,-1.0682850E-003
2.2096170E+001,-1.1137683E-003
2.2098170E+001,-1.1843323E-003
2.2100170E+001,-1.2563596E-003
2.2102170E+001,-1.3441373E-003
2.2104170E+001,-1.4319151E-003
2.2106170E+001,-1.4871955E-003
2.2108170E+001,-1.5194221E-003
2.2110170E+001,-1.5404210E-003
2.2112170E+001,-1.4405565E-003
2.2114170E+001,-1.3406919E-003
2.2116170E+001,-1.1344788E-003
2.2118170E+001,-8.5282172E-004
2.2120170E+001,-5.5564941E-004
2.2122170E+001,-9.1459538E-005
2.2124170E+001,3.7273033E-004
2.2126170E+001,9.1309877E-004
2.2128170E+001,1.5075085E-003
2.2130170E+001,2.1053390E-003
2.2132170E+001,2.7399932E-003
2.2134170E+001,3.3746475E-003
2.2136170E+001,3.9744927E-003
2.2138170E+001,4.5496442E-003
2.2140170E+001,5.1128899E-003
2.2142170E+001,5.5479711E-003
2.2144170E+001,5.9830524E-003
2.2146170E+001,6.3118783E-003
2.2148170E+001,6.5653264E-003
2.2150170E+001,6.8036246E-003
2.2152170E+001,6.8788376E-003
2.2154170E+001,6.9540506E-003
2.2156170E+001,6.9496030E-003
2.2158170E+001,6.8886441E-003
2.2160170E+001,6.8218645E-003
2.2162170E+001,6.6924280E-003
2.2164170E+001,6.5629914E-003
2.2166170E+001,6.4395005E-003
2.2168170E+001,6.3202275E-003
2.2170170E+001,6.2081877E-003
2.2172170E+001,6.1740119E-003
2.2174170E+001,6.1398362E-003
2.2176170E+001,6.1881565E-003
2.2178170E+001,6.2949998E-003
2.2180170E+001,6.4156746E-003
2.2182170E+001,6.6852416E-003
2.2184170E+001,6.9548087E-003
2.2186170E+001,7.3058832E-003
2.2188170E+001,7.7147792E-003
2.2190170E+001,8.1296050E-003
2.2192170E+001,8.6082625E-003
2.2194170E+001,9.0869200E-003
2.2196170E+001,9.5453918E-003
2.2198170E+001,9.9895438E-003
2.2200170E+001,1.0420830E-002
2.2202170E+001,1.0713622E-002
2.2204170E+001,1.1006414E-002
2.2206170E+001,1.1150862E-002
2.2208170E+001,1.1190074E-002
2.2210170E+001,1.1202437E-002
2.2212170E+001,1.0925771E-002
2.2214170E+001,1.0649105E-002
2.2216170E+001,1.0184410E-002
2.2218170E+001,9.5863271E-003
2.2220170E+001,8.9656482E-003
2.2222170E+001,8.1017333E-003
2.2224170E+001,7.2378184E-003
2.2226170E+001,6.2816591E-003
2.2228170E+001,5.2600615E-003
2.2230170E+001,4.2370809E-003
2.2232170E+001,3.1992133E-003
2.2234170E+001,2.1613458E-003
2.2236170E+001,1.2003351E-003
2.2238170E+001,2.9384688E-004
2.2240170E+001,-5.9103993E-004
2.2242170E+001,-1.2433930E-003
2.2244170E+001,-1.8957460E-003
2.2246170E+001,-2.3593459E-003
2.2248170E+001,-2.6890438E-003
2.2250170E+001,-2.9917018E-003
2.2252170E+001,-3.0032824E-003
2.2254170E+001,-3.0148630E-003
2.2256170E+001,-2.8855825E-003
2.2258170E+001,-2.6563747E-003
2.2260170E+001,-2.4175626E-003
2.2262170E+001,-2.0753609E-003
2.2264170E+001,-1.7331593E-003
2.2266170E+001,-1.4069292E-003
2.2268170E+001,-1.0920292E-003
2.2270170E+001,-7.8910099E-004
2.2272170E+001,-6.1504491E-004
2.2274170E+001,-4.4098882E-004
2.2276170E+001,-3.8525295E-004
2.2278170E+001,-4.1345376E-004
2.2280170E+001,-4.5928197E-004
2.2282170E+001,-6.9486476E-004
2.2284170E+001,-9.3044756E-004
2.2286170E+001,-1.2648824E-003
2.2288170E+001,-1.6694430E-003
2.2290170E+001,-2.0829518E-003
2.2292170E+001,-2.5927848E-003
2.2294170E+001,-3.1026178E-003
2.2296170E+001,-3.6303039E-003
2.2298170E+001,-4.1706549E-003
2.2300170E+001,-4.7070522E-003
2.2302170E+001,-5.2008887E-003
2.2304170E+001,-5.6947251E-003
2.2306170E+001,-6.1195881E-003
2.2308170E+001,-6.4955210E-003
2.2310170E+001,-6.8567992E-003
2.2312170E+001,-7.0603225E-003
2.2314170E+001,-7.2638459E-003
2.2316170E+001,-7.3522523E-003
2.2318170E+001,-7.3589945E-003
2.2320170E+001,-7.3502463E-003
2.2322170E+001,-7.1747478E-003
2.2324170E+001,-6.9992493E-003
2.2326170E+001,-6.7467934E-003
2.2328170E+001,-6.4397436E-003
2.2330170E+001,-6.1275021E-003
2.2332170E+001,-5.7593719E-003
2.2334170E+001,-5.3912418E-003
2.2336170E+001,-5.0260220E-003
2.2338170E+001,-4.6628666E-003
2.2340170E+001,-4.3035985E-003
2.2342170E+001,-3.9861743E-003
2.2344170E+001,-3.6687501E-003
2.2346170E+001,-3.3825402E-003
2.2348170E+001,-3.1184739E-003
2.2350170E+001,-2.8574126E-003
2.2352170E+001,-2.6286992E-003
2.2354170E+001,-2.3999857E-003
2.2356170E+001,-2.1764394E-003
2.2358170E+001,-1.9565588E-003
2.2360170E+001,-1.7359542E-003
2.2362170E+001,-1.5075557E-003
2.2364170E+001,-1.2791572E-003
2.2366170E+001,-1.0474289E-003
2.2368170E+001,-8.1333830E-004
2.2370170E+001,-5.8081837E-004
2.2372170E+001,-3.6520625E-004
2.2374170E+001,-1.4959414E-004
2.2376170E+001,3.3216482E-005
2.2378170E+001,1.9275763E-004
2.2380170E+001,3.4432688E-004
2.2382170E+001,4.1008070E-004
2.2384170E+001,4.7583452E-004
2.2386170E+001,4.7249669E-004
2.2388170E+001,4.2014505E-004
2.2390170E+001,3.5763207E-004
2.2392170E+001,1.8573484E-004
2.2394170E+001,1.3837608E-005
2.2396170E+001,-2.1322184E-004
2.2398170E+001,-4.7941351E-004
2.2400170E+001,-7.4931469E-004
2.2402170E+001,-1.0591478E-003
2.2404170E+001,-1.3689809E-003
2.2406170E+001,-1.6631833E-003
2.2408170E+001,-1.9462970E-003
2.2410170E+001,-2.2203752E-003
2.2412170E+001,-2.3971879E-003
2.2414170E+001,-2.5740005E-003
2.2416170E+001,-2.6459128E-003
2.2418170E+001,-2.6434085E-003
2.2420170E+001,-2.6216700E-003
2.2422170E+001,-2.3928792E-003
2.2424170E+001,-2.1640885E-003
2.2426170E+001,-1.8011832E-003
2.2428170E+001,-1.3431367E-003
2.2430170E+001,-8.6982206E-004
2.2432170E+001,-2.3215069E-004
2.2434170E+001,4.0552068E-004
2.2436170E+001,1.0926423E-003
2.2438170E+001,1.8148441E-003
2.2440170E+001,2.5342265E-003
2.2442170E+001,3.2232590E-003
2.2444170E+001,3.9122916E-003
2.2446170E+001,4.5177256E-003
2.2448170E+001,5.0638548E-003
2.2450170E+001,5.5914299E-003
2.2452170E+001,5.9192758E-003
2.2454170E+001,6.2471216E-003
2.2456170E+001,6.4310367E-003
2.2458170E+001,6.5128469E-003
2.2460170E+001,6.5752861E-003
2.2462170E+001,6.4292012E-003
2.2464170E+001,6.2831162E-003
2.2466170E+001,6.0338342E-003
2.2468170E+001,5.7113440E-003
2.2470170E+001,5.3796505E-003
2.2472170E+001,4.9488850E-003
2.2474170E+001,4.5181195E-003
2.2476170E+001,4.0648353E-003
2.2478170E+001,3.5955763E-003
2.2480170E+001,3.1282793E-003
2.2482170E+001,2.6821021E-003
2.2484170E+001,2.2359249E-003
2.2486170E+001,1.8320156E-003
2.2488170E+001,1.4580913E-003
2.2490170E+001,1.0934214E-003
2.2492170E+001,8.2837152E-004
2.2494170E+001,5.6332168E-004
2.2496170E+001,3.7693358E-004
2.2498170E+001,2.4634834E-004
2.2500170E+001,1.2851351E-004
2.2502170E+001,1.4793378E-004
2.2504170E+001,1.6735406E-004
2.2506170E+001,2.7705846E-004
2.2508170E+001,4.5081066E-004
2.2510170E+001,6.3678063E-004
2.2512170E+001,9.5427179E-004
2.2514170E+001,1.2717630E-003
2.2516170E+001,1.6557391E-003
2.2518170E+001,2.0868799E-003
2.2520170E+001,2.5232897E-003
2.2522170E+001,3.0164187E-003
2.2524170E+001,3.5095477E-003
2.2526170E+001,3.9981308E-003
2.2528170E+001,4.4834891E-003
2.2530170E+001,4.9615511E-003
2.2532170E+001,5.3610709E-003
2.2534170E+001,5.7605907E-003
2.2536170E+001,6.0677675E-003
2.2538170E+001,6.3094360E-003
2.2540170E+001,6.5334100E-003
2.2542170E+001,6.5669077E-003
2.2544170E+001,6.6004054E-003
2.2546170E+001,6.5028804E-003
2.2548170E+001,6.3124075E-003
2.2550170E+001,6.1049927E-003
2.2552170E+001,5.7152029E-003
2.2554170E+001,5.3254130E-003
2.2556170E+001,4.8550962E-003
2.2558170E+001,4.3276534E-003
2.2560170E+001,3.7958644E-003
2.2562170E+001,3.2172904E-003
2.2564170E+001,2.6387163E-003
2.2566170E+001,2.0852973E-003
2.2568170E+001,1.5497233E-003
2.2570170E+001,1.0249391E-003
2.2572170E+001,6.1630426E-004
2.2574170E+001,2.0766944E-004
2.2576170E+001,-9.2216018E-005
2.2578170E+001,-3.1495438E-004
2.2580170E+001,-5.1982894E-004
2.2582170E+001,-5.3240399E-004
2.2584170E+001,-5.4497904E-004
2.2586170E+001,-4.4285341E-004
2.2588170E+001,-2.5935881E-004
2.2590170E+001,-6.3428846E-005
2.2592170E+001,2.6636473E-004
2.2594170E+001,5.9615830E-004
2.2596170E+001,9.6688178E-004
2.2598170E+001,1.3666410E-003
2.2600170E+001,1.7649026E-003
2.2602170E+001,2.1470421E-003
2.2604170E+001,2.5291815E-003
2.2606170E+001,2.8547770E-003
2.2608170E+001,3.1402600E-003
2.2610170E+001,3.4132154E-003
2.2612170E+001,3.5513133E-003
2.2614170E+001,3.6894111E-003
2.2616170E+001,3.7357785E-003
2.2618170E+001,3.7170720E-003
2.2620170E+001,3.6877981E-003
2.2622170E+001,3.5447688E-003
2.2624170E+001,3.4017396E-003
2.2626170E+001,3.2219445E-003
2.2628170E+001,3.0160676E-003
2.2630170E+001,2.8106844E-003
2.2632170E+001,2.6106168E-003
2.2634170E+001,2.4105492E-003
2.2636170E+001,2.2452806E-003
2.2638170E+001,2.1046985E-003
2.2640170E+001,1.9713014E-003
2.2642170E+001,1.9152496E-003
2.2644170E+001,1.8591978E-003
2.2646170E+001,1.8502375E-003
2.2648170E+001,1.8746840E-003
2.2650170E+001,1.9040121E-003
2.2652170E+001,1.9858889E-003
2.2654170E+001,2.0677658E-003
2.2656170E+001,2.1653678E-003
2.2658170E+001,2.2741253E-003
2.2660170E+001,2.3822903E-003
2.2662170E+001,2.4840767E-003
2.2664170E+001,2.5858630E-003
2.2666170E+001,2.6590546E-003
2.2668170E+001,2.7119610E-003
2.2670170E+001,2.7559463E-003
2.2672170E+001,2.7038994E-003
2.2674170E+001,2.6518524E-003
2.2676170E+001,2.4993922E-003
2.2678170E+001,2.2756985E-003
2.2680170E+001,2.0324357E-003
2.2682170E+001,1.5785160E-003
2.2684170E+001,1.1245963E-003
2.2686170E+001,5.2322586E-004
2.2688170E+001,-1.8274660E-004
2.2690170E+001,-9.0680075E-004
2.2692170E+001,-1.8254998E-003
2.2694170E+001,-2.7441988E-003
2.2696170E+001,-3.7254579E-003
2.2698170E+001,-4.7510973E-003
2.2700170E+001,-5.7728903E-003
2.2702170E+001,-6.7532779E-003
2.2704170E+001,-7.7336655E-003
2.2706170E+001,-8.5941051E-003
2.2708170E+001,-9.3694532E-003
2.2710170E+001,-1.0116713E-002
2.2712170E+001,-1.0561605E-002
2.2714170E+001,-1.1006497E-002
2.2716170E+001,-1.1222153E-002
2.2718170E+001,-1.1275188E-002
2.2720170E+001,-1.1295937E-002
2.2722170E+001,-1.0969130E-002
2.2724170E+001,-1.0642324E-002
2.2726170E+001,-1.0137434E-002
2.2728170E+001,-9.5062111E-003
2.2730170E+001,-8.8589418E-003
2.2732170E+001,-8.0389347E-003
2.2734170E+001,-7.2189277E-003
2.2736170E+001,-6.3630681E-003
2.2738170E+001,-5.4817746E-003
2.2740170E+001,-4.6049541E-003
2.2742170E+001,-3.7762838E-003
2.2744170E+001,-2.9476136E-003
2.2746170E+001,-2.1988554E-003
2.2748170E+001,-1.5067871E-003
2.2750170E+001,-8.3049803E-004
2.2752170E+001,-3.2406781E-004
2.2754170E+001,1.8236241E-004
2.2756170E+001,5.6979316E-004
2.2758170E+001,8.7280534E-004
2.2760170E+001,1.1590903E-003
2.2762170E+001,1.2653103E-003
2.2764170E+001,1.3715303E-003
2.2766170E+001,1.3778026E-003
2.2768170E+001,1.3131716E-003
2.2770170E+001,1.2377167E-003
2.2772170E+001,1.0457455E-003
2.2774170E+001,8.5377428E-004
2.2776170E+001,6.2257645E-004
2.2778170E+001,3.6355115E-004
2.2780170E+001,1.0498835E-004
2.2782170E+001,-1.4859575E-004
2.2784170E+001,-4.0217984E-004
2.2786170E+001,-6.0998603E-004
2.2788170E+001,-7.8531725E-004
2.2790170E+001,-9.4931686E-004
2.2792170E+001,-9.9133438E-004
2.2794170E+001,-1.0333519E-003
2.2796170E+001,-9.8588715E-004
2.2798170E+001,-8.7494342E-004
2.2800170E+001,-7.5306803E-004
2.2802170E+001,-5.1351612E-004
2.2804170E+001,-2.7396421E-004
2.2806170E+001,4.4233653E-006
2.2808170E+001,3.1036108E-004
2.2810170E+001,6.1515561E-004
2.2812170E+001,9.0764409E-004
2.2814170E+001,1.2001326E-003
2.2816170E+001,1.4439879E-003
2.2818170E+001,1.6533427E-003
2.2820170E+001,1.8527113E-003
2.2822170E+001,1.9445796E-003
2.2824170E+001,2.0364479E-003
2.2826170E+001,2.0675514E-003
2.2828170E+001,2.0555482E-003
2.2830170E+001,2.0394638E-003
2.2832170E+001,1.9794471E-003
2.2834170E+001,1.9194304E-003
2.2836170E+001,1.8754606E-003
2.2838170E+001,1.8428745E-003
2.2840170E+001,1.8180756E-003
2.2842170E+001,1.8771043E-003
2.2844170E+001,1.9361329E-003
2.2846170E+001,2.0641672E-003
2.2848170E+001,2.2411542E-003
2.2850170E+001,2.4262068E-003
2.2852170E+001,2.6980836E-003
2.2854170E+001,2.9699603E-003
2.2856170E+001,3.2595429E-003
2.2858170E+001,3.5616860E-003
2.2860170E+001,3.8593644E-003
2.2862170E+001,4.1089821E-003
2.2864170E+001,4.3585999E-003
2.2866170E+001,4.5350055E-003
2.2868170E+001,4.6594742E-003
2.2870170E+001,4.7697967E-003
2.2872170E+001,4.7278375E-003
2.2874170E+001,4.6858783E-003
2.2876170E+001,4.5445466E-003
2.2878170E+001,4.3327197E-003
2.2880170E+001,4.1087093E-003
2.2882170E+001,3.7535455E-003
2.2884170E+001,3.3983817E-003
2.2886170E+001,2.9834020E-003
2.2888170E+001,2.5259888E-003
2.2890170E+001,2.0634288E-003
2.2892170E+001,1.5454648E-003
2.2894170E+001,1.0275007E-003
2.2896170E+001,4.9539817E-004
2.2898170E+001,-4.6734213E-005
2.2900170E+001,-5.8802545E-004
2.2902170E+001,-1.1202620E-003
2.2904170E+001,-1.6524985E-003
2.2906170E+001,-2.1563102E-003
2.2908170E+001,-2.6399572E-003
2.2910170E+001,-3.1154915E-003
2.2912170E+001,-3.5036946E-003
2.2914170E+001,-3.8918978E-003
2.2916170E+001,-4.1946335E-003
2.2918170E+001,-4.4367384E-003
2.2920170E+001,-4.6627272E-003
2.2922170E+001,-4.7152307E-003
2.2924170E+001,-4.7677342E-003
2.2926170E+001,-4.6952840E-003
2.2928170E+001,-4.5341912E-003
2.2930170E+001,-4.3553351E-003
2.2932170E+001,-3.9852606E-003
2.2934170E+001,-3.6151861E-003
2.2936170E+001,-3.1448199E-003
2.2938170E+001,-2.6033063E-003
2.2940170E+001,-2.0532255E-003
2.2942170E+001,-1.4109203E-003
2.2944170E+001,-7.6861507E-004
2.2946170E+001,-1.2579229E-004
2.2948170E+001,5.1739767E-004
2.2950170E+001,1.1505138E-003
2.2952170E+001,1.6751878E-003
2.2954170E+001,2.1998619E-003
2.2956170E+001,2.5847178E-003
2.2958170E+001,2.8703864E-003
2.2960170E+001,3.1277120E-003
2.2962170E+001,3.0799336E-003
2.2964170E+001,3.0321552E-003
2.2966170E+001,2.7668787E-003
2.2968170E+001,2.3473085E-003
2.2970170E+001,1.8994729E-003
2.2972170E+001,1.1473672E-003
2.2974170E+001,3.9526146E-004
2.2976170E+001,-4.8228124E-004
2.2978170E+001,-1.4488093E-003
2.2980170E+001,-2.4188160E-003
2.2982170E+001,-3.4262698E-003
2.2984170E+001,-4.4337236E-003
2.2986170E+001,-5.3556226E-003
2.2988170E+001,-6.2168289E-003
2.2990170E+001,-7.0524015E-003
2.2992170E+001,-7.6120344E-003
2.2994170E+001,-8.1716673E-003
2.2996170E+001,-8.5027394E-003
2.2998170E+001,-8.6716698E-003
2.3000170E+001,-8.8066407E-003
2.3002170E+001,-8.5760456E-003
2.3004170E+001,-8.3454505E-003
2.3006170E+001,-7.9189630E-003
2.3008170E+001,-7.3535089E-003
2.3010170E+001,-6.7694899E-003
2.3012170E+001,-5.9856254E-003
2.3014170E+001,-5.2017609E-003
2.3016170E+001,-4.3722020E-003
2.3018170E+001,-3.5102276E-003
2.3020170E+001,-2.6532725E-003
2.3022170E+001,-1.8503500E-003
2.3024170E+001,-1.0474275E-003
2.3026170E+001,-3.4449034E-004
2.3028170E+001,2.8751705E-004
2.3030170E+001,8.9895432E-004
2.3032170E+001,1.2889592E-003
2.3034170E+001,1.6789640E-003
2.3036170E+001,1.9137139E-003
2.3038170E+001,2.0383254E-003
2.3040170E+001,2.1421476E-003
2.3042170E+001,2.0221771E-003
2.3044170E+001,1.9022067E-003
2.3046170E+001,1.6693068E-003
2.3048170E+001,1.3562944E-003
2.3050170E+001,1.0322559E-003
2.3052170E+001,5.8952358E-004
2.3054170E+001,1.4679125E-004
2.3056170E+001,-3.3780947E-004
2.3058170E+001,-8.5211174E-004
2.3060170E+001,-1.3686822E-003
2.3062170E+001,-1.9096688E-003
2.3064170E+001,-2.4506554E-003
2.3066170E+001,-2.9868742E-003
2.3068170E+001,-3.5197107E-003
2.3070170E+001,-4.0488462E-003
2.3072170E+001,-4.5381415E-003
2.3074170E+001,-5.0274367E-003
2.3076170E+001,-5.4648125E-003
2.3078170E+001,-5.8653566E-003
2.3080170E+001,-6.2537268E-003
2.3082170E+001,-6.5110473E-003
2.3084170E+001,-6.7683678E-003
2.3086170E+001,-6.9120734E-003
2.3088170E+001,-6.9751802E-003
2.3090170E+001,-7.0193791E-003
2.3092170E+001,-6.8600394E-003
2.3094170E+001,-6.7006996E-003
2.3096170E+001,-6.4173572E-003
2.3098170E+001,-6.0460469E-003
2.3100170E+001,-5.6613128E-003
2.3102170E+001,-5.1320735E-003
2.3104170E+001,-4.6028343E-003
2.3106170E+001,-4.0335350E-003
2.3108170E+001,-3.4358171E-003
2.3110170E+001,-2.8413852E-003
2.3112170E+001,-2.2823270E-003
2.3114170E+001,-1.7232688E-003
2.3116170E+001,-1.2473149E-003
2.3118170E+001,-8.3031561E-004
2.3120170E+001,-4.3217120E-004
2.3122170E+001,-2.3699548E-004
2.3124170E+001,-4.1819752E-005
2.3126170E+001,-3.4100168E-007
2.3128170E+001,-6.7895307E-005
2.3130170E+001,-1.5719875E-004
2.3132170E+001,-4.8062639E-004
2.3134170E+001,-8.0405403E-004
2.3136170E+001,-1.2446585E-003
2.3138170E+001,-1.7683887E-003
2.3140170E+001,-2.3010124E-003
2.3142170E+001,-2.9293744E-003
2.3144170E+001,-3.5577364E-003
2.3146170E+001,-4.1782514E-003
2.3148170E+001,-4.7931999E-003
2.3150170E+001,-5.3970085E-003
2.3152170E+001,-5.8808984E-003
2.3154170E+001,-6.3647884E-003
2.3156170E+001,-6.7160234E-003
2.3158170E+001,-6.9731525E-003
2.3160170E+001,-7.2060203E-003
2.3162170E+001,-7.1777204E-003
2.3164170E+001,-7.1494204E-003
2.3166170E+001,-6.9453597E-003
2.3168170E+001,-6.6166140E-003
2.3170170E+001,-6.2646784E-003
2.3172170E+001,-5.6631101E-003
2.3174170E+001,-5.0615418E-003
2.3176170E+001,-4.3376982E-003
2.3178170E+001,-3.5271124E-003
2.3180170E+001,-2.7064379E-003
2.3182170E+001,-1.7771625E-003
2.3184170E+001,-8.4788711E-004
2.3186170E+001,8.9096711E-005
2.3188170E+001,1.0315489E-003
2.3190170E+001,1.9659336E-003
2.3192170E+001,2.8134733E-003
2.3194170E+001,3.6610130E-003
2.3196170E+001,4.3965554E-003
2.3198170E+001,5.0526467E-003
2.3200170E+001,5.6865375E-003
2.3202170E+001,6.0814459E-003
2.3204170E+001,6.4763544E-003
2.3206170E+001,6.7016166E-003
2.3208170E+001,6.8065315E-003
2.3210170E+001,6.8885922E-003
2.3212170E+001,6.7246342E-003
2.3214170E+001,6.5606761E-003
2.3216170E+001,6.2808109E-003
2.3218170E+001,5.9187208E-003
2.3220170E+001,5.5490120E-003
2.3222170E+001,5.0972904E-003
2.3224170E+001,4.6455688E-003
2.3226170E+001,4.2141583E-003
2.3228170E+001,3.7971566E-003
2.3230170E+001,3.3927698E-003
2.3232170E+001,3.1241805E-003
2.3234170E+001,2.8555912E-003
2.3236170E+001,2.7203240E-003
2.3238170E+001,2.6796358E-003
2.3240170E+001,2.6609796E-003
2.3242170E+001,2.8794923E-003
2.3244170E+001,3.0980050E-003
2.3246170E+001,3.4574818E-003
2.3248170E+001,3.9169591E-003
2.3250170E+001,4.3920147E-003
2.3252170E+001,5.0347672E-003
2.3254170E+001,5.6775197E-003
2.3256170E+001,6.3805546E-003
2.3258170E+001,7.1263540E-003
2.3260170E+001,7.8736688E-003
2.3262170E+001,8.6372963E-003
2.3264170E+001,9.4009239E-003
2.3266170E+001,1.0129665E-002
2.3268170E+001,1.0833657E-002
2.3270170E+001,1.1527138E-002
2.3272170E+001,1.2107470E-002
2.3274170E+001,1.2687801E-002
2.3276170E+001,1.3166462E-002
2.3278170E+001,1.3572997E-002
2.3280170E+001,1.3961616E-002
2.3282170E+001,1.4157387E-002
2.3284170E+001,1.4353157E-002
2.3286170E+001,1.4412343E-002
2.3288170E+001,1.4374634E-002
2.3290170E+001,1.4316631E-002
2.3292170E+001,1.4040155E-002
2.3294170E+001,1.3763679E-002
2.3296170E+001,1.3356912E-002
2.3298170E+001,1.2857714E-002
2.3300170E+001,1.2343035E-002
2.3302170E+001,1.1661701E-002
2.3304170E+001,1.0980367E-002
2.3306170E+001,1.0231212E-002
2.3308170E+001,9.4339457E-003
2.3310170E+001,8.6343881E-003
2.3312170E+001,7.8101699E-003
2.3314170E+001,6.9859516E-003
2.3316170E+001,6.2065072E-003
2.3318170E+001,5.4588254E-003
2.3320170E+001,4.7265072E-003
2.3322170E+001,4.1595730E-003
2.3324170E+001,3.5926389E-003
2.3326170E+001,3.1823480E-003
2.3328170E+001,2.8831804E-003
2.3330170E+001,2.6110357E-003
2.3332170E+001,2.6297857E-003
2.3334170E+001,2.6485358E-003
2.3336170E+001,2.8506544E-003
2.3338170E+001,3.1828551E-003
2.3340170E+001,3.5358061E-003
2.3342170E+001,4.1121297E-003
2.3344170E+001,4.6884534E-003
2.3346170E+001,5.3311308E-003
2.3348170E+001,6.0208798E-003
2.3350170E+001,6.7057067E-003
2.3352170E+001,7.3375489E-003
2.3354170E+001,7.9693911E-003
2.3356170E+001,8.4642516E-003
2.3358170E+001,8.8619371E-003
2.3360170E+001,9.2279021E-003
2.3362170E+001,9.2524045E-003
2.3364170E+001,9.2769069E-003
2.3366170E+001,9.0445942E-003
2.3368170E+001,8.6300962E-003
2.3370170E+001,8.1803982E-003
2.3372170E+001,7.3517800E-003
2.3374170E+001,6.5231619E-003
2.3376170E+001,5.5152790E-003
2.3378170E+001,4.3802250E-003
2.3380170E+001,3.2327010E-003
2.3382170E+001,1.9509396E-003
2.3384170E+001,6.6917809E-004
2.3386170E+001,-5.9908284E-004
2.3388170E+001,-1.8577664E-003
2.3390170E+001,-3.1024085E-003
2.3392170E+001,-4.1958971E-003
2.3394170E+001,-5.2893857E-003
2.3396170E+001,-6.2318282E-003
2.3398170E+001,-7.0671181E-003
2.3400170E+001,-7.8768693E-003
2.3402170E+001,-8.4117023E-003
2.3404170E+001,-8.9465352E-003
2.3406170E+001,-9.3030725E-003
2.3408170E+001,-9.5331264E-003
2.3410170E+001,-9.7387160E-003
2.3412170E+001,-9.6809533E-003
2.3414170E+001,-9.6231905E-003
2.3416170E+001,-9.4133506E-003
2.3418170E+001,-9.0956267E-003
2.3420170E+001,-8.7591388E-003
2.3422170E+001,-8.2206615E-003
2.3424170E+001,-7.6821841E-003
2.3426170E+001,-7.0491938E-003
2.3428170E+001,-6.3491557E-003
2.3430170E+001,-5.6428780E-003
2.3432170E+001,-4.8694318E-003
2.3434170E+001,-4.0959857E-003
2.3436170E+001,-3.3483565E-003
2.3438170E+001,-2.6190417E-003
2.3440170E+001,-1.9047671E-003
2.3442170E+001,-1.3523953E-003
2.3444170E+001,-8.0002345E-004
2.3446170E+001,-4.2108928E-004
2.3448170E+001,-1.6519228E-004
2.3450170E+001,5.9455921E-005
2.3452170E+001,-5.2281649E-005
2.3454170E+001,-1.6401922E-004
2.3456170E+001,-4.8786540E-004
2.3458170E+001,-9.6218202E-004
2.3460170E+001,-1.4598011E-003
2.3462170E+001,-2.2082659E-003
2.3464170E+001,-2.9567307E-003
2.3466170E+001,-3.7763540E-003
2.3468170E+001,-4.6464572E-003
2.3470170E+001,-5.5119275E-003
2.3472170E+001,-6.3275252E-003
2.3474170E+001,-7.1431229E-003
2.3476170E+001,-7.8377947E-003
2.3478170E+001,-8.4466815E-003
2.3480170E+001,-9.0303344E-003
2.3482170E+001,-9.3423508E-003
2.3484170E+001,-9.6543673E-003
2.3486170E+001,-9.7857642E-003
2.3488170E+001,-9.7890293E-003
2.3490170E+001,-9.7709269E-003
2.3492170E+001,-9.5228099E-003
2.3494170E+001,-9.2746928E-003
2.3496170E+001,-8.9373658E-003
2.3498170E+001,-8.5367530E-003
2.3500170E+001,-8.1322435E-003
2.3502170E+001,-7.6857870E-003
2.3504170E+001,-7.2393305E-003
2.3506170E+001,-6.8168993E-003
2.3508170E+001,-6.4115118E-003
2.3510170E+001,-6.0140814E-003
2.3512170E+001,-5.7023066E-003
2.3514170E+001,-5.3905318E-003
2.3516170E+001,-5.1431494E-003
2.3518170E+001,-4.9414472E-003
2.3520170E+001,-4.7480537E-003
2.3522170E+001,-4.6441026E-003
2.3524170E+001,-4.5401515E-003
2.3526170E+001,-4.4762607E-003
2.3528170E+001,-4.4407887E-003
2.3530170E+001,-4.4083134E-003
2.3532170E+001,-4.4080974E-003
2.3534170E+001,-4.4078813E-003
2.3536170E+001,-4.4134119E-003
2.3538170E+001,-4.4230192E-003
2.3540170E+001,-4.4326316E-003
2.3542170E+001,-4.4422982E-003
2.3544170E+001,-4.4519648E-003
2.3546170E+001,-4.4656200E-003
2.3548170E+001,-4.4821047E-003
2.3550170E+001,-4.5004528E-003
2.3552170E+001,-4.5388599E-003
2.3554170E+001,-4.5772669E-003
2.3556170E+001,-4.6334232E-003
2.3558170E+001,-4.7021706E-003
2.3560170E+001,-4.7724156E-003
2.3562170E+001,-4.8587805E-003
2.3564170E+001,-4.9451454E-003
2.3566170E+001,-5.0191893E-003
2.3568170E+001,-5.0844926E-003
2.3570170E+001,-5.1432912E-003
2.3572170E+001,-5.1320680E-003
2.3574170E+001,-5.1208447E-003
2.3576170E+001,-5.0338803E-003
2.3578170E+001,-4.8931848E-003
2.3580170E+001,-4.7388999E-003
2.3582170E+001,-4.4383287E-003
2.3584170E+001,-4.1377574E-003
2.3586170E+001,-3.7460122E-003
2.3588170E+001,-3.2895881E-003
2.3590170E+001,-2.8231813E-003
2.3592170E+001,-2.2493139E-003
2.3594170E+001,-1.6754465E-003
2.3596170E+001,-1.0695181E-003
2.3598170E+001,-4.4084558E-004
2.3600170E+001,1.8638969E-004
2.3602170E+001,7.9815320E-004
2.3604170E+001,1.4099167E-003
2.3606170E+001,1.9731292E-003
2.3608170E+001,2.5018994E-003
2.3610170E+001,3.0193933E-003
2.3612170E+001,3.4154998E-003
2.3614170E+001,3.8116063E-003
2.3616170E+001,4.1141303E-003
2.3618170E+001,4.3502668E-003
2.3620170E+001,4.5725330E-003
2.3622170E+001,4.6454895E-003
2.3624170E+001,4.7184460E-003
2.3626170E+001,4.7071729E-003
2.3628170E+001,4.6361470E-003
2.3630170E+001,4.5560209E-003
2.3632170E+001,4.3779335E-003
2.3634170E+001,4.1998461E-003
2.3636170E+001,3.9866423E-003
2.3638170E+001,3.7485268E-003
2.3640170E+001,3.5092818E-003
2.3642170E+001,3.2578773E-003
2.3644170E+001,3.0064728E-003
2.3646170E+001,2.7676231E-003
2.3648170E+001,2.5376800E-003
2.3650170E+001,2.3107506E-003
2.3652170E+001,2.1162633E-003
2.3654170E+001,1.9217760E-003
2.3656170E+001,1.7438902E-003
2.3658170E+001,1.5777816E-003
2.3660170E+001,1.4125733E-003
2.3662170E+001,1.2570574E-003
2.3664170E+001,1.1015415E-003
2.3666170E+001,9.4511279E-004
2.3668170E+001,7.8803643E-004
2.3670170E+001,6.3135038E-004
2.3672170E+001,4.7886588E-004
2.3674170E+001,3.2638138E-004
2.3676170E+001,1.9149396E-004
2.3678170E+001,6.9089956E-005
2.3680170E+001,-4.7916964E-005
2.3682170E+001,-1.0682557E-004
2.3684170E+001,-1.6573419E-004
2.3686170E+001,-1.7343253E-004
2.3688170E+001,-1.4480216E-004
2.3690170E+001,-1.0863873E-004
2.3692170E+001,8.6164056E-006
2.3694170E+001,1.2587154E-004
2.3696170E+001,2.8065011E-004
2.3698170E+001,4.6204791E-004
2.3700170E+001,6.4545833E-004
2.3702170E+001,8.5053402E-004
2.3704170E+001,1.0556097E-003
2.3706170E+001,1.2511471E-003
2.3708170E+001,1.4399179E-003
2.3710170E+001,1.6251895E-003
2.3712170E+001,1.7727923E-003
2.3714170E+001,1.9203951E-003
2.3716170E+001,2.0415975E-003
2.3718170E+001,2.1440715E-003
2.3720170E+001,2.2437412E-003
2.3722170E+001,2.3132240E-003
2.3724170E+001,2.3827067E-003
2.3726170E+001,2.4424470E-003
2.3728170E+001,2.4952760E-003
2.3730170E+001,2.5473205E-003
2.3732170E+001,2.5909202E-003
2.3734170E+001,2.6345199E-003
2.3736170E+001,2.6665500E-003
2.3738170E+001,2.6903727E-003
2.3740170E+001,2.7099235E-003
2.3742170E+001,2.6834894E-003
2.3744170E+001,2.6570554E-003
2.3746170E+001,2.5750546E-003
2.3748170E+001,2.4536346E-003
2.3750170E+001,2.3201375E-003
2.3752170E+001,2.0566333E-003
2.3754170E+001,1.7931291E-003
2.3756170E+001,1.4266264E-003
2.3758170E+001,9.8705626E-004
2.3760170E+001,5.3209001E-004
2.3762170E+001,-8.8612087E-005
2.3764170E+001,-7.0931418E-004
2.3766170E+001,-1.4150735E-003
2.3768170E+001,-2.1811726E-003
2.3770170E+001,-2.9528715E-003
2.3772170E+001,-3.7848503E-003
2.3774170E+001,-4.6168292E-003
2.3776170E+001,-5.4209759E-003
2.3778170E+001,-6.2053785E-003
2.3780170E+001,-6.9751364E-003
2.3782170E+001,-7.5872480E-003
2.3784170E+001,-8.1993597E-003
2.3786170E+001,-8.6488176E-003
2.3788170E+001,-8.9828885E-003
2.3790170E+001,-9.2883838E-003
2.3792170E+001,-9.2862713E-003
2.3794170E+001,-9.2841587E-003
2.3796170E+001,-9.0894045E-003
2.3798170E+001,-8.7579897E-003
2.3800170E+001,-8.4046502E-003
2.3802170E+001,-7.8152955E-003
2.3804170E+001,-7.2259408E-003
2.3806170E+001,-6.5537446E-003
2.3808170E+001,-5.8227805E-003
2.3810170E+001,-5.0907439E-003
2.3812170E+001,-4.3471631E-003
2.3814170E+001,-3.6035824E-003
2.3816170E+001,-2.9160520E-003
2.3818170E+001,-2.2682839E-003
2.3820170E+001,-1.6342911E-003
2.3822170E+001,-1.1485855E-003
2.3824170E+001,-6.6287989E-004
2.3826170E+001,-2.8434243E-004
2.3828170E+001,1.8169650E-005
2.3830170E+001,3.0596457E-004
2.3832170E+001,4.3533293E-004
2.3834170E+001,5.6470128E-004
2.3836170E+001,6.0443554E-004
2.3838170E+001,5.8058312E-004
2.3840170E+001,5.4485578E-004
2.3842170E+001,3.8129785E-004
2.3844170E+001,2.1773993E-004
2.3846170E+001,-2.4717109E-005
2.3848170E+001,-3.2314540E-004
2.3850170E+001,-6.3232027E-004
2.3852170E+001,-1.0571795E-003
2.3854170E+001,-1.4820387E-003
2.3856170E+001,-1.9631070E-003
2.3858170E+001,-2.4840503E-003
2.3860170E+001,-3.0077318E-003
2.3862170E+001,-3.5608893E-003
2.3864170E+001,-4.1140469E-003
2.3866170E+001,-4.6315634E-003
2.3868170E+001,-5.1237961E-003
2.3870170E+001,-5.6021835E-003
2.3872170E+001,-5.9315309E-003
2.3874170E+001,-6.2608783E-003
2.3876170E+001,-6.4466390E-003
2.3878170E+001,-6.5305388E-003
2.3880170E+001,-6.5902047E-003
2.3882170E+001,-6.3889992E-003
2.3884170E+001,-6.1877937E-003
2.3886170E+001,-5.8267683E-003
2.3888170E+001,-5.3523663E-003
2.3890170E+001,-4.8593936E-003
2.3892170E+001,-4.1665116E-003
2.3894170E+001,-3.4736297E-003
2.3896170E+001,-2.6983730E-003
2.3898170E+001,-1.8646794E-003
2.3900170E+001,-1.0258932E-003
2.3902170E+001,-1.3228537E-004
2.3904170E+001,7.6132243E-004
2.3906170E+001,1.6470527E-003
2.3908170E+001,2.5271947E-003
2.3910170E+001,3.4006540E-003
2.3912170E+001,4.2021752E-003
2.3914170E+001,5.0036964E-003
2.3916170E+001,5.7241142E-003
2.3918170E+001,6.3869971E-003
2.3920170E+001,7.0335382E-003
2.3922170E+001,7.5041645E-003
2.3924170E+001,7.9747909E-003
2.3926170E+001,8.3110033E-003
2.3928170E+001,8.5518622E-003
2.3930170E+001,8.7726698E-003
2.3932170E+001,8.7776314E-003
2.3934170E+001,8.7825930E-003
2.3936170E+001,8.6714918E-003
2.3938170E+001,8.4780552E-003
2.3940170E+001,8.2746313E-003
2.3942170E+001,7.9636967E-003
2.3944170E+001,7.6527622E-003
2.3946170E+001,7.3359695E-003
2.3948170E+001,7.0150211E-003
2.3950170E+001,6.7021784E-003
2.3952170E+001,6.4765915E-003
2.3954170E+001,6.2510046E-003
2.3956170E+001,6.1244983E-003
2.3958170E+001,6.0682799E-003
2.3960170E+001,6.0285092E-003
2.3962170E+001,6.1657944E-003
2.3964170E+001,6.3030797E-003
2.3966170E+001,6.5371378E-003
2.3968170E+001,6.8398470E-003
2.3970170E+001,7.1508016E-003
2.3972170E+001,7.5505161E-003
2.3974170E+001,7.9502306E-003
2.3976170E+001,8.3545230E-003
2.3978170E+001,8.7620629E-003
2.3980170E+001,9.1626517E-003
2.3982170E+001,9.4884136E-003
2.3984170E+001,9.8141755E-003
2.3986170E+001,1.0049209E-002
2.3988170E+001,1.0219879E-002
2.3990170E+001,1.0373516E-002
2.3992170E+001,1.0343802E-002
2.3994170E+001,1.0314087E-002
2.3996170E+001,1.0160940E-002
2.3998170E+001,9.9202293E-003
2.4000170E+001,9.6637057E-003
2.4002170E+001,9.2369609E-003
2.4004170E+001,8.8102161E-003
2.4006170E+001,8.3066306E-003
2.4008170E+001,7.7485339E-003
2.4010170E+001,7.1854303E-003
2.4012170E+001,6.5684272E-003
2.4014170E+001,5.9514242E-003
2.4016170E+001,5.3440149E-003
2.4018170E+001,4.7434113E-003
2.4020170E+001,4.1496845E-003
2.4022170E+001,3.6299837E-003
2.4024170E+001,3.1102828E-003
2.4026170E+001,2.6639118E-003
2.4028170E+001,2.2695610E-003
2.4030170E+001,1.8876369E-003
2.4032170E+001,1.6394832E-003
2.4034170E+001,1.3913296E-003
2.4036170E+001,1.2280194E-003
2.4038170E+001,1.1248975E-003
2.4040170E+001,1.0325077E-003
2.4042170E+001,1.0556461E-003
2.4044170E+001,1.0787846E-003
2.4046170E+001,1.1569605E-003
2.4048170E+001,1.2741802E-003
2.4050170E+001,1.3957352E-003
2.4052170E+001,1.5639593E-003
2.4054170E+001,1.7321833E-003
2.4056170E+001,1.9000628E-003
2.4058170E+001,2.0676977E-003
2.4060170E+001,2.2306301E-003
2.4062170E+001,2.3429401E-003
2.4064170E+001,2.4552500E-003
2.4066170E+001,2.5070016E-003
2.4068170E+001,2.5157929E-003
2.4070170E+001,2.5132343E-003
2.4072170E+001,2.3884971E-003
2.4074170E+001,2.2637600E-003
2.4076170E+001,2.0591580E-003
2.4078170E+001,1.7978996E-003
2.4080170E+001,1.5272194E-003
2.4082170E+001,1.1551151E-003
2.4084170E+001,7.8301075E-004
2.4086170E+001,3.7360570E-004
2.4088170E+001,-6.2260591E-005
2.4090170E+001,-4.9893207E-004
2.4092170E+001,-9.4427114E-004
2.4094170E+001,-1.3896102E-003
2.4096170E+001,-1.8137693E-003
2.4098170E+001,-2.2229033E-003
2.4100170E+001,-2.6267363E-003
2.4102170E+001,-2.9735059E-003
2.4104170E+001,-3.3202755E-003
2.4106170E+001,-3.6276785E-003
2.4108170E+001,-3.9071549E-003
2.4110170E+001,-4.1816941E-003
2.4112170E+001,-4.4030864E-003
2.4114170E+001,-4.6244787E-003
2.4116170E+001,-4.8190238E-003
2.4118170E+001,-4.9945234E-003
2.4120170E+001,-5.1666655E-003
2.4122170E+001,-5.3026654E-003
2.4124170E+001,-5.4386652E-003
2.4126170E+001,-5.5509988E-003
2.4128170E+001,-5.6465434E-003
2.4130170E+001,-5.7384756E-003
2.4132170E+001,-5.7915202E-003
2.4134170E+001,-5.8445648E-003
2.4136170E+001,-5.8764322E-003
2.4138170E+001,-5.8932765E-003
2.4140170E+001,-5.9087148E-003
2.4142170E+001,-5.9090172E-003
2.4144170E+001,-5.9093195E-003
2.4146170E+001,-5.9164079E-003
2.4148170E+001,-5.9283104E-003
2.4150170E+001,-5.9431427E-003
2.4152170E+001,-5.9895141E-003
2.4154170E+001,-6.0358856E-003
2.4156170E+001,-6.1037254E-003
2.4158170E+001,-6.1867949E-003
2.4160170E+001,-6.2707368E-003
2.4162170E+001,-6.3640708E-003
2.4164170E+001,-6.4574047E-003
2.4166170E+001,-6.5272863E-003
2.4168170E+001,-6.5805307E-003
2.4170170E+001,-6.6254666E-003
2.4172170E+001,-6.5809647E-003
2.4174170E+001,-6.5364627E-003
2.4176170E+001,-6.4094201E-003
2.4178170E+001,-6.2238230E-003
2.4180170E+001,-6.0252003E-003
2.4182170E+001,-5.6863611E-003
2.4184170E+001,-5.3475220E-003
2.4186170E+001,-4.9329849E-003
2.4188170E+001,-4.4647476E-003
2.4190170E+001,-3.9899094E-003
2.4192170E+001,-3.4440138E-003
2.4194170E+001,-2.8981182E-003
2.4196170E+001,-2.3444678E-003
2.4198170E+001,-1.7853163E-003
2.4200170E+001,-1.2303376E-003
2.4202170E+001,-7.2027870E-004
2.4204170E+001,-2.1021981E-004
2.4206170E+001,2.4149658E-004
2.4208170E+001,6.5182466E-004
2.4210170E+001,1.0507605E-003
2.4212170E+001,1.3270620E-003
2.4214170E+001,1.6033635E-003
2.4216170E+001,1.7919919E-003
2.4218170E+001,1.9184248E-003
2.4220170E+001,2.0324827E-003
2.4222170E+001,2.0133277E-003
2.4224170E+001,1.9941726E-003
2.4226170E+001,1.9048745E-003
2.4228170E+001,1.7658166E-003
2.4230170E+001,1.6204913E-003
2.4232170E+001,1.4076985E-003
2.4234170E+001,1.1949057E-003
2.4236170E+001,9.7490602E-004
2.4238170E+001,7.4979376E-004
2.4240170E+001,5.2930724E-004
2.4242170E+001,3.5861558E-004
2.4244170E+001,1.8792392E-004
2.4246170E+001,8.3977913E-005
2.4248170E+001,2.7381454E-005
2.4250170E+001,-1.5991523E-005
2.4252170E+001,8.2983080E-005
2.4254170E+001,1.8195768E-004
2.4256170E+001,3.8173208E-004
2.4258170E+001,6.5301414E-004
2.4260170E+001,9.3824349E-004
2.4262170E+001,1.3736120E-003
2.4264170E+001,1.8089806E-003
2.4266170E+001,2.3242500E-003
2.4268170E+001,2.8962013E-003
2.4270170E+001,3.4765141E-003
2.4272170E+001,4.1468369E-003
2.4274170E+001,4.8171598E-003
2.4276170E+001,5.5202613E-003
2.4278170E+001,6.2466161E-003
2.4280170E+001,6.9738357E-003
2.4282170E+001,7.7103647E-003
2.4284170E+001,8.4468938E-003
2.4286170E+001,9.1576255E-003
2.4288170E+001,9.8500564E-003
2.4290170E+001,1.0532996E-002
2.4292170E+001,1.1113764E-002
2.4294170E+001,1.1694533E-002
2.4296170E+001,1.2163901E-002
2.4298170E+001,1.2554242E-002
2.4300170E+001,1.2921802E-002
2.4302170E+001,1.3044138E-002
2.4304170E+001,1.3166473E-002
2.4306170E+001,1.3098990E-002
2.4308170E+001,1.2896850E-002
2.4310170E+001,1.2665833E-002
2.4312170E+001,1.2123962E-002
2.4314170E+001,1.1582090E-002
2.4316170E+001,1.0863702E-002
2.4318170E+001,1.0020092E-002
2.4320170E+001,9.1584769E-003
2.4322170E+001,8.1030381E-003
2.4324170E+001,7.0475992E-003
2.4326170E+001,5.9425361E-003
2.4328170E+001,4.8022694E-003
2.4330170E+001,3.6667487E-003
2.4332170E+001,2.5823172E-003
2.4334170E+001,1.4978856E-003
2.4336170E+001,5.2184226E-004
2.4338170E+001,-3.7731018E-004
2.4340170E+001,-1.2523938E-003
2.4342170E+001,-1.8683827E-003
2.4344170E+001,-2.4843716E-003
2.4346170E+001,-2.9034425E-003
2.4348170E+001,-3.1828193E-003
2.4350170E+001,-3.4332588E-003
2.4352170E+001,-3.3721962E-003
2.4354170E+001,-3.3111337E-003
2.4356170E+001,-3.0768143E-003
2.4358170E+001,-2.7195861E-003
2.4360170E+001,-2.3444160E-003
2.4362170E+001,-1.7761070E-003
2.4364170E+001,-1.2077980E-003
2.4366170E+001,-5.8227745E-004
2.4368170E+001,8.3829039E-005
2.4370170E+001,7.4769878E-004
2.4372170E+001,1.3874905E-003
2.4374170E+001,2.0272822E-003
2.4376170E+001,2.5844616E-003
2.4378170E+001,3.0830357E-003
2.4380170E+001,3.5621919E-003
2.4382170E+001,3.8323207E-003
2.4384170E+001,4.1024495E-003
2.4386170E+001,4.2112624E-003
2.4388170E+001,4.2056375E-003
2.4390170E+001,4.1762864E-003
2.4392170E+001,3.8915281E-003
2.4394170E+001,3.6067699E-003
2.4396170E+001,3.1808834E-003
2.4398170E+001,2.6548802E-003
2.4400170E+001,2.1145276E-003
2.4402170E+001,1.4197086E-003
2.4404170E+001,7.2488947E-004
2.4406170E+001,-1.2072278E-005
2.4408170E+001,-7.7893015E-004
2.4410170E+001,-1.5428879E-003
2.4412170E+001,-2.2756265E-003
2.4414170E+001,-3.0083652E-003
2.4416170E+001,-3.6652184E-003
2.4418170E+001,-4.2682382E-003
2.4420170E+001,-4.8548198E-003
2.4422170E+001,-5.2644486E-003
2.4424170E+001,-5.6740774E-003
2.4426170E+001,-5.9612277E-003
2.4428170E+001,-6.1614914E-003
2.4430170E+001,-6.3468966E-003
2.4432170E+001,-6.3723539E-003
2.4434170E+001,-6.3978112E-003
2.4436170E+001,-6.3630159E-003
2.4438170E+001,-6.2854772E-003
2.4440170E+001,-6.2062989E-003
2.4442170E+001,-6.1094719E-003
2.4444170E+001,-6.0126448E-003
2.4446170E+001,-5.9445113E-003
2.4448170E+001,-5.8967332E-003
2.4450170E+001,-5.8560710E-003
2.4452170E+001,-5.8920100E-003
2.4454170E+001,-5.9279491E-003
2.4456170E+001,-6.0113461E-003
2.4458170E+001,-6.1284098E-003
2.4460170E+001,-6.2498077E-003
2.4462170E+001,-6.4178613E-003
2.4464170E+001,-6.5859149E-003
2.4466170E+001,-6.7599064E-003
2.4468170E+001,-6.9381102E-003
2.4470170E+001,-7.1142080E-003
2.4472170E+001,-7.2676347E-003
2.4474170E+001,-7.4210614E-003
2.4476170E+001,-7.5491627E-003
2.4478170E+001,-7.6592981E-003
2.4480170E+001,-7.7656945E-003
2.4482170E+001,-7.8318410E-003
2.4484170E+001,-7.8979876E-003
2.4486170E+001,-7.9442500E-003
2.4488170E+001,-7.9764065E-003
2.4490170E+001,-8.0064116E-003
2.4492170E+001,-8.0132578E-003
2.4494170E+001,-8.0201039E-003
2.4496170E+001,-8.0096200E-003
2.4498170E+001,-7.9868421E-003
2.4500170E+001,-7.9595669E-003
2.4502170E+001,-7.8838801E-003
2.4504170E+001,-7.8081932E-003
2.4506170E+001,-7.6790030E-003
2.4508170E+001,-7.5118575E-003
2.4510170E+001,-7.3335523E-003
2.4512170E+001,-7.0351164E-003
2.4514170E+001,-6.7366805E-003
2.4516170E+001,-6.3489391E-003
2.4518170E+001,-5.8978440E-003
2.4520170E+001,-5.4349540E-003
2.4522170E+001,-4.8450943E-003
2.4524170E+001,-4.2552346E-003
2.4526170E+001,-3.6160054E-003
2.4528170E+001,-2.9417533E-003
2.4530170E+001,-2.2675402E-003
2.4532170E+001,-1.5937464E-003
2.4534170E+001,-9.1995271E-004
2.4536170E+001,-3.0112751E-004
2.4538170E+001,2.7870284E-004
2.4540170E+001,8.4401300E-004
2.4542170E+001,1.2530168E-003
2.4544170E+001,1.6620207E-003
2.4546170E+001,1.9474143E-003
2.4548170E+001,2.1451184E-003
2.4550170E+001,2.3252355E-003
2.4552170E+001,2.3160322E-003
2.4554170E+001,2.3068288E-003
2.4556170E+001,2.2033941E-003
2.4558170E+001,2.0331115E-003
2.4560170E+001,1.8555402E-003
2.4562170E+001,1.5995088E-003
2.4564170E+001,1.3434773E-003
2.4566170E+001,1.0892296E-003
2.4568170E+001,8.3624722E-004
2.4570170E+001,5.9074888E-004
2.4572170E+001,4.2581436E-004
2.4574170E+001,2.6087985E-004
2.4576170E+001,1.8492872E-004
2.4578170E+001,1.7210266E-004
2.4580170E+001,1.7457838E-004
2.4582170E+001,3.4177413E-004
2.4584170E+001,5.0896987E-004
2.4586170E+001,7.7093293E-004
2.4588170E+001,1.1001242E-003
2.4590170E+001,1.4376301E-003
2.4592170E+001,1.8646409E-003
2.4594170E+001,2.2916517E-003
2.4596170E+001,2.7183387E-003
2.4598170E+001,3.1447961E-003
2.4600170E+001,3.5619059E-003
2.4602170E+001,3.8783922E-003
2.4604170E+001,4.1948786E-003
2.4606170E+001,4.3934294E-003
2.4608170E+001,4.5083165E-003
2.4610170E+001,4.6019249E-003
2.4612170E+001,4.4664728E-003
2.4614170E+001,4.3310207E-003
2.4616170E+001,4.0524222E-003
2.4618170E+001,3.6722754E-003
2.4620170E+001,3.2758395E-003
2.4622170E+001,2.7040560E-003
2.4624170E+001,2.1322724E-003
2.4626170E+001,1.4945056E-003
2.4628170E+001,8.0993018E-004
2.4630170E+001,1.2250809E-004
2.4632170E+001,-5.9555734E-004
2.4634170E+001,-1.3136228E-003
2.4636170E+001,-2.0145984E-003
2.4638170E+001,-2.7034505E-003
2.4640170E+001,-3.3861057E-003
2.4642170E+001,-4.0020523E-003
2.4644170E+001,-4.6179988E-003
2.4646170E+001,-5.1711951E-003
2.4648170E+001,-5.6798762E-003
2.4650170E+001,-6.1763031E-003
2.4652170E+001,-6.5408164E-003
2.4654170E+001,-6.9053296E-003
2.4656170E+001,-7.1608406E-003
2.4658170E+001,-7.3390251E-003
2.4660170E+001,-7.4983499E-003
2.4662170E+001,-7.4546550E-003
2.4664170E+001,-7.4109601E-003
2.4666170E+001,-7.2332385E-003
2.4668170E+001,-6.9604379E-003
2.4670170E+001,-6.6715663E-003
2.4672170E+001,-6.2096937E-003
2.4674170E+001,-5.7478210E-003
2.4676170E+001,-5.2282454E-003
2.4678170E+001,-4.6677351E-003
2.4680170E+001,-4.1092414E-003
2.4682170E+001,-3.5724570E-003
2.4684170E+001,-3.0356725E-003
2.4686170E+001,-2.5823948E-003
2.4688170E+001,-2.1883568E-003
2.4690170E+001,-1.8130200E-003
2.4692170E+001,-1.6389959E-003
2.4694170E+001,-1.4649719E-003
2.4696170E+001,-1.4258083E-003
2.4698170E+001,-1.4823152E-003
2.4700170E+001,-1.5536214E-003
2.4702170E+001,-1.7842375E-003
2.4704170E+001,-2.0148535E-003
2.4706170E+001,-2.2895105E-003
2.4708170E+001,-2.5954102E-003
2.4710170E+001,-2.8988836E-003
2.4712170E+001,-3.1762374E-003
2.4714170E+001,-3.4535913E-003
2.4716170E+001,-3.6700294E-003
2.4718170E+001,-3.8432538E-003
2.4720170E+001,-4.0049799E-003
2.4722170E+001,-4.0429294E-003
2.4724170E+001,-4.0808789E-003
2.4726170E+001,-4.0452982E-003
2.4728170E+001,-3.9575550E-003
2.4730170E+001,-3.8619951E-003
2.4732170E+001,-3.6822914E-003
2.4734170E+001,-3.5025876E-003
2.4736170E+001,-3.2925606E-003
2.4738170E+001,-3.0610223E-003
2.4740170E+001,-2.8282033E-003
2.4742170E+001,-2.5815986E-003
2.4744170E+001,-2.3349939E-003
2.4746170E+001,-2.0989633E-003
2.4748170E+001,-1.8704340E-003
2.4750170E+001,-1.6462212E-003
2.4752170E+001,-1.4684731E-003
2.4754170E+001,-1.2907251E-003
2.4756170E+001,-1.1608814E-003
2.4758170E+001,-1.0650212E-003
2.4760170E+001,-9.7791393E-004
2.4762170E+001,-9.8503072E-004
2.4764170E+001,-9.9214750E-004
2.4766170E+001,-1.0592985E-003
2.4768170E+001,-1.1690378E-003
2.4770170E+001,-1.2850965E-003
2.4772170E+001,-1.4691806E-003
2.4774170E+001,-1.6532648E-003
2.4776170E+001,-1.8505784E-003
2.4778170E+001,-2.0572771E-003
2.4780170E+001,-2.2608341E-003
2.4782170E+001,-2.4305731E-003
2.4784170E+001,-2.6003121E-003
2.4786170E+001,-2.7211045E-003
2.4788170E+001,-2.8071740E-003
2.4790170E+001,-2.8846509E-003
2.4792170E+001,-2.8696313E-003
2.4794170E+001,-2.8546116E-003
2.4796170E+001,-2.7899672E-003
2.4798170E+001,-2.6901190E-003
2.4800170E+001,-2.5865129E-003
2.4802170E+001,-2.4424534E-003
2.4804170E+001,-2.2983939E-003
2.4806170E+001,-2.1560945E-003
2.4808170E+001,-2.0150437E-003
2.4810170E+001,-1.8773466E-003
2.4812170E+001,-1.7757515E-003
2.4814170E+001,-1.6741565E-003
2.4816170E+001,-1.6048880E-003
2.4818170E+001,-1.5585520E-003
2.4820170E+001,-1.5164733E-003
2.4822170E+001,-1.5202244E-003
2.4824170E+001,-1.5239755E-003
2.4826170E+001,-1.5453904E-003
2.4828170E+001,-1.5793362E-003
2.4830170E+001,-1.6135696E-003
2.4832170E+001,-1.6509000E-003
2.4834170E+001,-1.6882304E-003
2.4836170E+001,-1.7112307E-003
2.4838170E+001,-1.7240653E-003
2.4840170E+001,-1.7326846E-003
2.4842170E+001,-1.6959271E-003
2.4844170E+001,-1.6591695E-003
2.4846170E+001,-1.5827227E-003
2.4848170E+001,-1.4781203E-003
2.4850170E+001,-1.3672380E-003
2.4852170E+001,-1.1887530E-003
2.4854170E+001,-1.0102681E-003
2.4856170E+001,-7.9488176E-004
2.4858170E+001,-5.5331737E-004
2.4860170E+001,-3.0875061E-004
2.4862170E+001,-3.1864226E-005
2.4864170E+001,2.4502216E-004
2.4866170E+001,5.2018685E-004
2.4868170E+001,7.9413016E-004
2.4870170E+001,1.0646544E-003
2.4872170E+001,1.2983736E-003
2.4874170E+001,1.5320928E-003
2.4876170E+001,1.7283386E-003
2.4878170E+001,1.8980009E-003
2.4880170E+001,2.0620931E-003
2.4882170E+001,2.1662252E-003
2.4884170E+001,2.2703572E-003
2.4886170E+001,2.3494681E-003
2.4888170E+001,2.4108289E-003
2.4890170E+001,2.4719948E-003
2.4892170E+001,2.5310636E-003
2.4894170E+001,2.5901323E-003
2.4896170E+001,2.6742472E-003
2.4898170E+001,2.7761298E-003
2.4900170E+001,2.8846109E-003
2.4902170E+001,3.0641219E-003
2.4904170E+001,3.2436329E-003
2.4906170E+001,3.4763615E-003
2.4908170E+001,3.7468429E-003
2.4910170E+001,4.0240456E-003
2.4912170E+001,4.3736017E-003
2.4914170E+001,4.7231577E-003
2.4916170E+001,5.0997403E-003
2.4918170E+001,5.4954955E-003
2.4920170E+001,5.8914747E-003
2.4922170E+001,6.2898643E-003
2.4924170E+001,6.6882539E-003
2.4926170E+001,7.0638816E-003
2.4928170E+001,7.4233617E-003
2.4930170E+001,7.7771047E-003
2.4932170E+001,8.0690884E-003
2.4934170E+001,8.3610721E-003
2.4936170E+001,8.6077611E-003
2.4938170E+001,8.8223179E-003
2.4940170E+001,9.0309436E-003
2.4942170E+001,9.1757225E-003
2.4944170E+001,9.3205013E-003
2.4946170E+001,9.4350772E-003
2.4948170E+001,9.5282270E-003
2.4950170E+001,9.6185494E-003
2.4952170E+001,9.6784352E-003
2.4954170E+001,9.7383211E-003
2.4956170E+001,9.7841985E-003
2.4958170E+001,9.8201384E-003
2.4960170E+001,9.8537334E-003
2.4962170E+001,9.8620865E-003
2.4964170E+001,9.8704396E-003
2.4966170E+001,9.8550121E-003
2.4968170E+001,9.8227146E-003
2.4970170E+001,9.7858179E-003
2.4972170E+001,9.6994121E-003
2.4974170E+001,9.6130063E-003
2.4976170E+001,9.4923685E-003
2.4978170E+001,9.3474466E-003
2.4980170E+001,9.1983779E-003
2.4982170E+001,9.0046697E-003
2.4984170E+001,8.8109616E-003
2.4986170E+001,8.6022264E-003
2.4988170E+001,8.3828310E-003
2.4990170E+001,8.1639490E-003
2.4992170E+001,7.9505931E-003
2.4994170E+001,7.7372371E-003
2.4996170E+001,7.5476894E-003
2.4998170E+001,7.3750314E-003
2.5000170E+001,7.2086039E-003
2.5002170E+001,7.1092459E-003
2.5004170E+001,7.0098879E-003
2.5006170E+001,6.9683741E-003
2.5008170E+001,6.9678950E-003
2.5010170E+001,6.9768307E-003
2.5012170E+001,7.0871135E-003
2.5014170E+001,7.1973964E-003
2.5016170E+001,7.3666260E-003
2.5018170E+001,7.5776728E-003
2.5020170E+001,7.7940984E-003
2.5022170E+001,8.0684263E-003
2.5024170E+001,8.3427542E-003
2.5026170E+001,8.6178880E-003
2.5028170E+001,8.8935936E-003
2.5030170E+001,9.1633147E-003
2.5032170E+001,9.3686147E-003
2.5034170E+001,9.5739147E-003
2.5036170E+001,9.7028270E-003
2.5038170E+001,9.7775497E-003
2.5040170E+001,9.8385798E-003
2.5042170E+001,9.7522121E-003
2.5044170E+001,9.6658444E-003
2.5046170E+001,9.4875608E-003
2.5048170E+001,9.2440717E-003
2.5050170E+001,8.9895712E-003
2.5052170E+001,8.6165351E-003
2.5054170E+001,8.2434989E-003
2.5056170E+001,7.8131385E-003
2.5058170E+001,7.3421121E-003
2.5060170E+001,6.8644248E-003
2.5062170E+001,6.3150343E-003
2.5064170E+001,5.7656438E-003
2.5066170E+001,5.1736911E-003
2.5068170E+001,4.5515448E-003
2.5070170E+001,3.9235691E-003
2.5072170E+001,3.2328424E-003
2.5074170E+001,2.5421157E-003
2.5076170E+001,1.8233490E-003
2.5078170E+001,1.0846907E-003
2.5080170E+001,3.4597277E-004
2.5082170E+001,-3.9338714E-004
2.5084170E+001,-1.1327470E-003
2.5086170E+001,-1.8325184E-003
2.5088170E+001,-2.5042055E-003
2.5090170E+001,-3.1641107E-003
2.5092170E+001,-3.6971862E-003
2.5094170E+001,-4.2302617E-003
2.5096170E+001,-4.6520370E-003
2.5098170E+001,-4.9948558E-003
2.5100170E+001,-5.3200055E-003
2.5102170E+001,-5.4549523E-003
2.5104170E+001,-5.5898991E-003
2.5106170E+001,-5.6142065E-003
2.5108170E+001,-5.5600259E-003
2.5110170E+001,-5.4937039E-003
2.5112170E+001,-5.2966832E-003
2.5114170E+001,-5.0996624E-003
2.5116170E+001,-4.8538147E-003
2.5118170E+001,-4.5733289E-003
2.5120170E+001,-4.2907078E-003
2.5122170E+001,-3.9850993E-003
2.5124170E+001,-3.6794908E-003
2.5126170E+001,-3.3867368E-003
2.5128170E+001,-3.1031018E-003
2.5130170E+001,-2.8239175E-003
2.5132170E+001,-2.5926441E-003
2.5134170E+001,-2.3613707E-003
2.5136170E+001,-2.1681542E-003
2.5138170E+001,-2.0019354E-003
2.5140170E+001,-1.8411057E-003
2.5142170E+001,-1.7382872E-003
2.5144170E+001,-1.6354688E-003
2.5146170E+001,-1.5645688E-003
2.5148170E+001,-1.5163117E-003
2.5150170E+001,-1.4720953E-003
2.5152170E+001,-1.4713759E-003
2.5154170E+001,-1.4706564E-003
2.5156170E+001,-1.4991004E-003
2.5158170E+001,-1.5482330E-003
2.5160170E+001,-1.6028201E-003
2.5162170E+001,-1.7161224E-003
2.5164170E+001,-1.8294247E-003
2.5166170E+001,-1.9930736E-003
2.5168170E+001,-2.1924385E-003
2.5170170E+001,-2.4006393E-003
2.5172170E+001,-2.7039556E-003
2.5174170E+001,-3.0072719E-003
2.5176170E+001,-3.3704742E-003
2.5178170E+001,-3.7761597E-003
2.5180170E+001,-4.1876825E-003
2.5182170E+001,-4.6620418E-003
2.5184170E+001,-5.1364012E-003
2.5186170E+001,-5.6111204E-003
2.5188170E+001,-6.0860948E-003
2.5190170E+001,-6.5534381E-003
2.5192170E+001,-6.9386346E-003
2.5194170E+001,-7.3238311E-003
2.5196170E+001,-7.6043061E-003
2.5198170E+001,-7.8104913E-003
2.5200170E+001,-7.9962228E-003
2.5202170E+001,-7.9617744E-003
2.5204170E+001,-7.9273259E-003
2.5206170E+001,-7.7435437E-003
2.5208170E+001,-7.4538238E-003
2.5210170E+001,-7.1456084E-003
2.5212170E+001,-6.6382939E-003
2.5214170E+001,-6.1309795E-003
2.5216170E+001,-5.5433391E-003
2.5218170E+001,-4.8987152E-003
2.5220170E+001,-4.2511872E-003
2.5222170E+001,-3.5723967E-003
2.5224170E+001,-2.8936062E-003
2.5226170E+001,-2.2556675E-003
2.5228170E+001,-1.6467093E-003
2.5230170E+001,-1.0510446E-003
2.5232170E+001,-5.9848190E-004
2.5234170E+001,-1.4591924E-004
2.5236170E+001,1.8227507E-004
2.5238170E+001,4.2224212E-004
2.5240170E+001,6.4267680E-004
2.5242170E+001,6.5285017E-004
2.5244170E+001,6.6302355E-004
2.5246170E+001,5.5421893E-004
2.5248170E+001,3.6101098E-004
2.5250170E+001,1.5632223E-004
2.5252170E+001,-1.7195472E-004
2.5254170E+001,-5.0023166E-004
2.5256170E+001,-8.4969507E-004
2.5258170E+001,-1.2141882E-003
2.5260170E+001,-1.5726428E-003
2.5262170E+001,-1.8660940E-003
2.5264170E+001,-2.1595452E-003
2.5266170E+001,-2.3608297E-003
2.5268170E+001,-2.4967307E-003
2.5270170E+001,-2.6159607E-003
2.5272170E+001,-2.5557305E-003
2.5274170E+001,-2.4955003E-003
2.5276170E+001,-2.3341665E-003
2.5278170E+001,-2.1011095E-003
2.5280170E+001,-1.8600036E-003
2.5282170E+001,-1.5322544E-003
2.5284170E+001,-1.2045052E-003
2.5286170E+001,-8.8316309E-004
2.5288170E+001,-5.6636611E-004
2.5290170E+001,-2.5861793E-004
2.5292170E+001,-4.8277855E-005
2.5294170E+001,1.6206222E-004
2.5296170E+001,2.7969178E-004
2.5298170E+001,3.3155224E-004
2.5300170E+001,3.7059858E-004
2.5302170E+001,2.7170393E-004
2.5304170E+001,1.7280928E-004
2.5306170E+001,2.1305863E-005
2.5308170E+001,-1.6751836E-004
2.5310170E+001,-3.5654487E-004
2.5312170E+001,-5.4774899E-004
2.5314170E+001,-7.3895311E-004
2.5316170E+001,-8.8520743E-004
2.5318170E+001,-9.9957423E-004
2.5320170E+001,-1.1038703E-003
2.5322170E+001,-1.0997577E-003
2.5324170E+001,-1.0956450E-003
2.5326170E+001,-1.0268424E-003
2.5328170E+001,-9.1214851E-004
2.5330170E+001,-7.9220835E-004
2.5332170E+001,-6.1579341E-004
2.5334170E+001,-4.3937848E-004
2.5336170E+001,-2.6570284E-004
2.5338170E+001,-9.3970475E-005
2.5340170E+001,7.2534612E-005
2.5342170E+001,1.8276928E-004
2.5344170E+001,2.9300395E-004
2.5346170E+001,3.5106051E-004
2.5348170E+001,3.7210176E-004
2.5350170E+001,3.8611077E-004
2.5352170E+001,3.2441929E-004
2.5354170E+001,2.6272782E-004
2.5356170E+001,1.7096779E-004
2.5358170E+001,5.7877040E-005
2.5360170E+001,-5.6244521E-005
2.5362170E+001,-1.8146254E-004
2.5364170E+001,-3.0668055E-004
2.5366170E+001,-4.2042521E-004
2.5368170E+001,-5.2603062E-004
2.5370170E+001,-6.2855308E-004
2.5372170E+001,-6.9788825E-004
2.5374170E+001,-7.6722343E-004
2.5376170E+001,-8.1351854E-004
2.5378170E+001,-8.4346897E-004
2.5380170E+001,-8.7033790E-004
2.5382170E+001,-8.6403528E-004
2.5384170E+001,-8.5773265E-004
2.5386170E+001,-8.3128731E-004
2.5388170E+001,-7.9055267E-004
2.5390170E+001,-7.4671519E-004
2.5392170E+001,-6.6947652E-004
2.5394170E+001,-5.9223784E-004
2.5396170E+001,-4.9291554E-004
2.5398170E+001,-3.7792706E-004
2.5400170E+001,-2.6048599E-004
2.5402170E+001,-1.1664332E-004
2.5404170E+001,2.7199357E-005
2.5406170E+001,1.7273717E-004
2.5408170E+001,3.1947751E-004
2.5410170E+001,4.6300560E-004
2.5412170E+001,5.7195460E-004
2.5414170E+001,6.8090359E-004
2.5416170E+001,7.4302155E-004
2.5418170E+001,7.7191743E-004
2.5420170E+001,7.9186205E-004
2.5422170E+001,7.1544842E-004
2.5424170E+001,6.3903479E-004
2.5426170E+001,5.0465993E-004
2.5428170E+001,3.2916720E-004
2.5430170E+001,1.4864037E-004
2.5432170E+001,-8.6077495E-005
2.5434170E+001,-3.2079535E-004
2.5436170E+001,-5.5450940E-004
2.5438170E+001,-7.8751134E-004
2.5440170E+001,-1.0152798E-003
2.5442170E+001,-1.1867107E-003
2.5444170E+001,-1.3581416E-003
2.5446170E+001,-1.4720962E-003
2.5448170E+001,-1.5452769E-003
2.5450170E+001,-1.6100497E-003
2.5452170E+001,-1.5843133E-003
2.5454170E+001,-1.5585768E-003
2.5456170E+001,-1.4952008E-003
2.5458170E+001,-1.4051232E-003
2.5460170E+001,-1.3144038E-003
2.5462170E+001,-1.2167755E-003
2.5464170E+001,-1.1191471E-003
2.5466170E+001,-1.0516305E-003
2.5468170E+001,-1.0054753E-003
2.5470170E+001,-9.6721697E-004
2.5472170E+001,-1.0139667E-003
2.5474170E+001,-1.0607165E-003
2.5476170E+001,-1.1682720E-003
2.5478170E+001,-1.3189632E-003
2.5480170E+001,-1.4767037E-003
2.5482170E+001,-1.7103280E-003
2.5484170E+001,-1.9439524E-003
2.5486170E+001,-2.2002337E-003
2.5488170E+001,-2.4725879E-003
2.5490170E+001,-2.7437318E-003
2.5492170E+001,-3.0018472E-003
2.5494170E+001,-3.2599625E-003
2.5496170E+001,-3.4818474E-003
2.5498170E+001,-3.6780302E-003
2.5500170E+001,-3.8661826E-003
2.5502170E+001,-3.9678894E-003
2.5504170E+001,-4.0695962E-003
2.5506170E+001,-4.1087910E-003
2.5508170E+001,-4.1036396E-003
2.5510170E+001,-4.0901714E-003
2.5512170E+001,-3.9871740E-003
2.5514170E+001,-3.8841767E-003
2.5516170E+001,-3.7408117E-003
2.5518170E+001,-3.5688096E-003
2.5520170E+001,-3.3946764E-003
2.5522170E+001,-3.1976012E-003
2.5524170E+001,-3.0005261E-003
2.5526170E+001,-2.8178807E-003
2.5528170E+001,-2.6454717E-003
2.5530170E+001,-2.4787018E-003
2.5532170E+001,-2.3726342E-003
2.5534170E+001,-2.2665666E-003
2.5536170E+001,-2.2104127E-003
2.5538170E+001,-2.1896677E-003
2.5540170E+001,-2.1751587E-003
2.5542170E+001,-2.2277779E-003
2.5544170E+001,-2.2803971E-003
2.5546170E+001,-2.3531445E-003
2.5548170E+001,-2.4401709E-003
2.5550170E+001,-2.5258420E-003
2.5552170E+001,-2.5969237E-003
2.5554170E+001,-2.6680054E-003
2.5556170E+001,-2.7053033E-003
2.5558170E+001,-2.7186349E-003
2.5560170E+001,-2.7254869E-003
2.5562170E+001,-2.6625873E-003
2.5564170E+001,-2.5996878E-003
2.5566170E+001,-2.4971442E-003
2.5568170E+001,-2.3664770E-003
2.5570170E+001,-2.2324343E-003
2.5572170E+001,-2.0620553E-003
2.5574170E+001,-1.8916763E-003
2.5576170E+001,-1.7182466E-003
2.5578170E+001,-1.5426527E-003
2.5580170E+001,-1.3690543E-003
2.5582170E+001,-1.2169373E-003
2.5584170E+001,-1.0648202E-003
2.5586170E+001,-9.3590187E-004
2.5588170E+001,-8.2344071E-004
2.5590170E+001,-7.1462053E-004
2.5592170E+001,-6.4499465E-004
2.5594170E+001,-5.7536877E-004
2.5596170E+001,-5.2700686E-004
2.5598170E+001,-4.9372968E-004
2.5600170E+001,-4.6252985E-004
2.5602170E+001,-4.5369234E-004
2.5604170E+001,-4.4485482E-004
2.5606170E+001,-4.4227311E-004
2.5608170E+001,-4.4412927E-004
2.5610170E+001,-4.4578994E-004
2.5612170E+001,-4.4534623E-004
2.5614170E+001,-4.4490251E-004
2.5616170E+001,-4.3688613E-004
2.5618170E+001,-4.2349767E-004
2.5620170E+001,-4.0836887E-004
2.5622170E+001,-3.7450570E-004
2.5624170E+001,-3.4064252E-004
2.5626170E+001,-2.9249011E-004
2.5628170E+001,-2.3420088E-004
2.5630170E+001,-1.7385431E-004
2.5632170E+001,-9.1360975E-005
2.5634170E+001,-8.8676408E-006
2.5636170E+001,8.5050820E-005
2.5638170E+001,1.8707430E-004
2.5640170E+001,2.9008645E-004
2.5642170E+001,4.0374146E-004
2.5644170E+001,5.1739647E-004
2.5646170E+001,6.3337013E-004
2.5648170E+001,7.5098865E-004
2.5650170E+001,8.6872096E-004
2.5652170E+001,9.8767806E-004
2.5654170E+001,1.1066352E-003
2.5656170E+001,1.2299357E-003
2.5658170E+001,1.3563176E-003
2.5660170E+001,1.4845542E-003
2.5662170E+001,1.6327561E-003
2.5664170E+001,1.7809580E-003
2.5666170E+001,1.9518106E-003
2.5668170E+001,2.1387318E-003
2.5670170E+001,2.3298003E-003
2.5672170E+001,2.5655134E-003
2.5674170E+001,2.8012264E-003
2.5676170E+001,3.0625427E-003
2.5678170E+001,3.3420221E-003
2.5680170E+001,3.6232711E-003
2.5682170E+001,3.9235687E-003
2.5684170E+001,4.2238664E-003
2.5686170E+001,4.5146485E-003
2.5688170E+001,4.7986804E-003
2.5690170E+001,5.0776471E-003
2.5692170E+001,5.3020893E-003
2.5694170E+001,5.5265314E-003
2.5696170E+001,5.6918308E-003
2.5698170E+001,5.8151740E-003
2.5700170E+001,5.9270169E-003
2.5702170E+001,5.9150609E-003
2.5704170E+001,5.9031048E-003
2.5706170E+001,5.7979465E-003
2.5708170E+001,5.6266704E-003
2.5710170E+001,5.4408991E-003
2.5712170E+001,5.0990904E-003
2.5714170E+001,4.7572817E-003
2.5716170E+001,4.3197203E-003
2.5718170E+001,3.8142315E-003
2.5720170E+001,3.2976285E-003
2.5722170E+001,2.6613848E-003
2.5724170E+001,2.0251411E-003
2.5726170E+001,1.3504763E-003
2.5728170E+001,6.4855545E-004
2.5730170E+001,-5.0954197E-005
2.5732170E+001,-7.2450783E-004
2.5734170E+001,-1.3980615E-003
2.5736170E+001,-1.9927939E-003
2.5738170E+001,-2.5316103E-003
2.5740170E+001,-3.0511393E-003
2.5742170E+001,-3.3630432E-003
2.5744170E+001,-3.6749471E-003
2.5746170E+001,-3.8237416E-003
2.5748170E+001,-3.8568256E-003
2.5750170E+001,-3.8664501E-003
2.5752170E+001,-3.6235381E-003
2.5754170E+001,-3.3806261E-003
2.5756170E+001,-3.0081750E-003
2.5758170E+001,-2.5438285E-003
2.5760170E+001,-2.0681313E-003
2.5762170E+001,-1.4702474E-003
2.5764170E+001,-8.7236353E-004
2.5766170E+001,-2.5237422E-004
2.5768170E+001,3.8329674E-004
2.5770170E+001,1.0152753E-003
2.5772170E+001,1.6075056E-003
2.5774170E+001,2.1997359E-003
2.5776170E+001,2.7347106E-003
2.5778170E+001,3.2290681E-003
2.5780170E+001,3.7128696E-003
2.5782170E+001,4.0830385E-003
2.5784170E+001,4.4532074E-003
2.5786170E+001,4.7486127E-003
2.5788170E+001,4.9909804E-003
2.5790170E+001,5.2235201E-003
2.5792170E+001,5.3502625E-003
2.5794170E+001,5.4770049E-003
2.5796170E+001,5.5491304E-003
2.5798170E+001,5.5825105E-003
2.5800170E+001,5.6102967E-003
2.5802170E+001,5.5778663E-003
2.5804170E+001,5.5454359E-003
2.5806170E+001,5.4906132E-003
2.5808170E+001,5.4199054E-003
2.5810170E+001,5.3477623E-003
2.5812170E+001,5.2601683E-003
2.5814170E+001,5.1725744E-003
2.5816170E+001,5.0810087E-003
2.5818170E+001,4.9866254E-003
2.5820170E+001,4.8914680E-003
2.5822170E+001,4.7879785E-003
2.5824170E+001,4.6844889E-003
2.5826170E+001,4.5698959E-003
2.5828170E+001,4.4474260E-003
2.5830170E+001,4.3226474E-003
2.5832170E+001,4.1730156E-003
2.5834170E+001,4.0233838E-003
2.5836170E+001,3.8590802E-003
2.5838170E+001,3.6843684E-003
2.5840170E+001,3.5087837E-003
2.5842170E+001,3.3238027E-003
2.5844170E+001,3.1388217E-003
2.5846170E+001,2.9606608E-003
2.5848170E+001,2.7873380E-003
2.5850170E+001,2.6165479E-003
2.5852170E+001,2.4730216E-003
2.5854170E+001,2.3294953E-003
2.5856170E+001,2.2056641E-003
2.5858170E+001,2.0958048E-003
2.5860170E+001,1.9875332E-003
2.5862170E+001,1.8963544E-003
2.5864170E+001,1.8051756E-003
2.5866170E+001,1.7073247E-003
2.5868170E+001,1.6047408E-003
2.5870170E+001,1.4982182E-003
2.5872170E+001,1.3492962E-003
2.5874170E+001,1.2003742E-003
2.5876170E+001,1.0078538E-003
2.5878170E+001,7.8440459E-004
2.5880170E+001,5.5346056E-004
2.5882170E+001,2.4183655E-004
2.5884170E+001,-6.9787460E-005
2.5886170E+001,-4.3115366E-004
2.5888170E+001,-8.2780712E-004
2.5890170E+001,-1.2301066E-003
2.5892170E+001,-1.6931839E-003
2.5894170E+001,-2.1562613E-003
2.5896170E+001,-2.6394884E-003
2.5898170E+001,-3.1370097E-003
2.5900170E+001,-3.6337749E-003
2.5902170E+001,-4.1224007E-003
2.5904170E+001,-4.6110264E-003
2.5906170E+001,-5.0644192E-003
2.5908170E+001,-5.4928176E-003
2.5910170E+001,-5.9116123E-003
2.5912170E+001,-6.2270259E-003
2.5914170E+001,-6.5424395E-003
2.5916170E+001,-6.7660465E-003
2.5918170E+001,-6.9245256E-003
2.5920170E+001,-7.0677107E-003
2.5922170E+001,-7.0462601E-003
2.5924170E+001,-7.0248094E-003
2.5926170E+001,-6.9029050E-003
2.5928170E+001,-6.7097383E-003
2.5930170E+001,-6.5056556E-003
2.5932170E+001,-6.1840646E-003
2.5934170E+001,-5.8624735E-003
2.5936170E+001,-5.5083971E-003
2.5938170E+001,-5.1312755E-003
2.5940170E+001,-4.7568962E-003
2.5942170E+001,-4.4120371E-003
2.5944170E+001,-4.0671781E-003
2.5946170E+001,-3.7890724E-003
2.5948170E+001,-3.5583218E-003
2.5950170E+001,-3.3418656E-003
2.5952170E+001,-3.2792859E-003
2.5954170E+001,-3.2167062E-003
2.5956170E+001,-3.2583568E-003
2.5958170E+001,-3.3739486E-003
2.5960170E+001,-3.5014422E-003
2.5962170E+001,-3.7570547E-003
2.5964170E+001,-4.0126672E-003
2.5966170E+001,-4.3066050E-003
2.5968170E+001,-4.6277309E-003
2.5970170E+001,-4.9471472E-003
2.5972170E+001,-5.2481602E-003
2.5974170E+001,-5.5491732E-003
2.5976170E+001,-5.7992612E-003
2.5978170E+001,-6.0132229E-003
2.5980170E+001,-6.2176101E-003
2.5982170E+001,-6.3189299E-003
2.5984170E+001,-6.4202497E-003
2.5986170E+001,-6.4685383E-003
2.5988170E+001,-6.4792064E-003
2.5990170E+001,-6.4869864E-003
2.5992170E+001,-6.4636752E-003
2.5994170E+001,-6.4403641E-003
2.5996170E+001,-6.4349635E-003
2.5998170E+001,-6.4422686E-003
2.6000170E+001,-6.4558450E-003
2.6002170E+001,-6.5369307E-003
2.6004170E+001,-6.6180163E-003
2.6006170E+001,-6.7434323E-003
2.6008170E+001,-6.9002963E-003
2.6010170E+001,-7.0600426E-003
2.6012170E+001,-7.2508168E-003
2.6014170E+001,-7.4415910E-003
2.6016170E+001,-7.6102750E-003
2.6018170E+001,-7.7632881E-003
2.6020170E+001,-7.9065339E-003
2.6022170E+001,-7.9446369E-003
2.6024170E+001,-7.9827398E-003
2.6026170E+001,-7.9202728E-003
2.6028170E+001,-7.7864612E-003
2.6030170E+001,-7.6364934E-003
2.6032170E+001,-7.3126079E-003
2.6034170E+001,-6.9887224E-003
2.6036170E+001,-6.5694401E-003
2.6038170E+001,-6.0824830E-003
2.6040170E+001,-5.5871802E-003
2.6042170E+001,-5.0020373E-003
2.6044170E+001,-4.4168944E-003
2.6046170E+001,-3.8242542E-003
2.6048170E+001,-3.2262952E-003
2.6050170E+001,-2.6344565E-003
2.6052170E+001,-2.1085004E-003
2.6054170E+001,-1.5825444E-003
2.6056170E+001,-1.1373484E-003
2.6058170E+001,-7.4944391E-004
2.6060170E+001,-3.7633233E-004
2.6062170E+001,-1.6246316E-004
2.6064170E+001,5.1406016E-005
2.6066170E+001,1.6190840E-004
2.6068170E+001,1.9908210E-004
2.6070170E+001,2.2356336E-004
2.6072170E+001,1.1141361E-004
2.6074170E+001,-7.3614455E-007
2.6076170E+001,-1.7072861E-004
2.6078170E+001,-3.8175486E-004
2.6080170E+001,-5.9564507E-004
2.6082170E+001,-8.4036508E-004
2.6084170E+001,-1.0850851E-003
2.6086170E+001,-1.3083441E-003
2.6088170E+001,-1.5163786E-003
2.6090170E+001,-1.7158706E-003
2.6092170E+001,-1.8234055E-003
2.6094170E+001,-1.9309403E-003
2.6096170E+001,-1.9540382E-003
2.6098170E+001,-1.9172363E-003
2.6100170E+001,-1.8670958E-003
2.6102170E+001,-1.6733681E-003
2.6104170E+001,-1.4796404E-003
2.6106170E+001,-1.2072035E-003
2.6108170E+001,-8.7893011E-004
2.6110170E+001,-5.4347283E-004
2.6112170E+001,-1.3068258E-004
2.6114170E+001,2.8210768E-004
2.6116170E+001,7.0892792E-004
2.6118170E+001,1.1457011E-003
2.6120170E+001,1.5802280E-003
2.6122170E+001,1.9905742E-003
2.6124170E+001,2.4009204E-003
2.6126170E+001,2.7811040E-003
2.6128170E+001,3.1398902E-003
2.6130170E+001,3.4945517E-003
2.6132170E+001,3.8048105E-003
2.6134170E+001,4.1150693E-003
2.6136170E+001,4.4095616E-003
2.6138170E+001,4.6928690E-003
2.6140170E+001,4.9759649E-003
2.6142170E+001,5.2567824E-003
2.6144170E+001,5.5376000E-003
2.6146170E+001,5.8252477E-003
2.6148170E+001,6.1177407E-003
2.6150170E+001,6.4110738E-003
2.6152170E+001,6.7134500E-003
2.6154170E+001,7.0158262E-003
2.6156170E+001,7.3145624E-003
2.6158170E+001,7.6107164E-003
2.6160170E+001,7.9042419E-003
2.6162170E+001,8.1694714E-003
2.6164170E+001,8.4347009E-003
2.6166170E+001,8.6662010E-003
2.6168170E+001,8.8737733E-003
2.6170170E+001,9.0744802E-003
2.6172170E+001,9.2012817E-003
2.6174170E+001,9.3280832E-003
2.6176170E+001,9.3987821E-003
2.6178170E+001,9.4296816E-003
2.6180170E+001,9.4521104E-003
2.6182170E+001,9.3833549E-003
2.6184170E+001,9.3145995E-003
2.6186170E+001,9.1934407E-003
2.6188170E+001,9.0351068E-003
2.6190170E+001,8.8712422E-003
2.6192170E+001,8.6478395E-003
2.6194170E+001,8.4244368E-003
2.6196170E+001,8.1842490E-003
2.6198170E+001,7.9321537E-003
2.6200170E+001,7.6811896E-003
2.6202170E+001,7.4424020E-003
2.6204170E+001,7.2036144E-003
2.6206170E+001,6.9951936E-003
2.6208170E+001,6.8083153E-003
2.6210170E+001,6.6279999E-003
2.6212170E+001,6.5183335E-003
2.6214170E+001,6.4086672E-003
2.6216170E+001,6.3463850E-003
2.6218170E+001,6.3177174E-003
2.6220170E+001,6.2941455E-003
2.6222170E+001,6.3254280E-003
2.6224170E+001,6.3567105E-003
2.6226170E+001,6.3988686E-003
2.6228170E+001,6.4487419E-003
2.6230170E+001,6.4960398E-003
2.6232170E+001,6.5156158E-003
2.6234170E+001,6.5351918E-003
2.6236170E+001,6.5141574E-003
2.6238170E+001,6.4643138E-003
2.6240170E+001,6.4073490E-003
2.6242170E+001,6.2737249E-003
2.6244170E+001,6.1401008E-003
2.6246170E+001,5.9671562E-003
2.6248170E+001,5.7663174E-003
2.6250170E+001,5.5633202E-003
2.6252170E+001,5.3370884E-003
2.6254170E+001,5.1108566E-003
2.6256170E+001,4.8999488E-003
2.6258170E+001,4.6999119E-003
2.6260170E+001,4.5057102E-003
2.6262170E+001,4.3743232E-003
2.6264170E+001,4.2429362E-003
2.6266170E+001,4.1628694E-003
2.6268170E+001,4.1192093E-003
2.6270170E+001,4.0823091E-003
2.6272170E+001,4.1181775E-003
2.6274170E+001,4.1540458E-003
2.6276170E+001,4.2196789E-003
2.6278170E+001,4.3064271E-003
2.6280170E+001,4.3944290E-003
2.6282170E+001,4.4959274E-003
2.6284170E+001,4.5974258E-003
2.6286170E+001,4.6895429E-003
2.6288170E+001,4.7750048E-003
2.6290170E+001,4.8576199E-003
2.6292170E+001,4.9095891E-003
2.6294170E+001,4.9615583E-003
2.6296170E+001,4.9923481E-003
2.6298170E+001,5.0081132E-003
2.6300170E+001,5.0214612E-003
2.6302170E+001,5.0087907E-003
2.6304170E+001,4.9961202E-003
2.6306170E+001,4.9731980E-003
2.6308170E+001,4.9430032E-003
2.6310170E+001,4.9118997E-003
2.6312170E+001,4.8710131E-003
2.6314170E+001,4.8301265E-003
2.6316170E+001,4.7819916E-003
2.6318170E+001,4.7287146E-003
2.6320170E+001,4.6734956E-003
2.6322170E+001,4.5973702E-003
2.6324170E+001,4.5212448E-003
2.6326170E+001,4.4228520E-003
2.6328170E+001,4.3086627E-003
2.6330170E+001,4.1900915E-003
2.6332170E+001,4.0243504E-003
2.6334170E+001,3.8586094E-003
2.6336170E+001,3.6590541E-003
2.6338170E+001,3.4355108E-003
2.6340170E+001,3.2072189E-003
2.6342170E+001,2.9278092E-003
2.6344170E+001,2.6483994E-003
2.6346170E+001,2.3396059E-003
2.6348170E+001,2.0099674E-003
2.6350170E+001,1.6762876E-003
2.6352170E+001,1.2991041E-003
2.6354170E+001,9.2192057E-004
2.6356170E+001,5.1473438E-004
2.6358170E+001,8.6264202E-005
2.6360170E+001,-3.4716096E-004
2.6362170E+001,-8.3392537E-004
2.6364170E+001,-1.3206898E-003
2.6366170E+001,-1.8423387E-003
2.6368170E+001,-2.3887348E-003
2.6370170E+001,-2.9389549E-003
2.6372170E+001,-3.5303401E-003
2.6374170E+001,-4.1217254E-003
2.6376170E+001,-4.7178447E-003
2.6378170E+001,-5.3173224E-003
2.6380170E+001,-5.9126033E-003
2.6382170E+001,-6.4627066E-003
2.6384170E+001,-7.0128100E-003
2.6386170E+001,-7.4944381E-003
2.6388170E+001,-7.9274897E-003
2.6390170E+001,-8.3453387E-003
2.6392170E+001,-8.5995351E-003
2.6394170E+001,-8.8537315E-003
2.6396170E+001,-8.9802531E-003
2.6398170E+001,-9.0162017E-003
2.6400170E+001,-9.0331707E-003
2.6402170E+001,-8.8458279E-003
2.6404170E+001,-8.6584850E-003
2.6406170E+001,-8.3602438E-003
2.6408170E+001,-7.9833310E-003
2.6410170E+001,-7.5961542E-003
2.6412170E+001,-7.0984875E-003
2.6414170E+001,-6.6008207E-003
2.6416170E+001,-6.0870716E-003
2.6418170E+001,-5.5619135E-003
2.6420170E+001,-5.0431135E-003
2.6422170E+001,-4.5927560E-003
2.6424170E+001,-4.1423985E-003
2.6426170E+001,-3.7906646E-003
2.6428170E+001,-3.5088947E-003
2.6430170E+001,-3.2472291E-003
2.6432170E+001,-3.2019812E-003
2.6434170E+001,-3.1567334E-003
2.6436170E+001,-3.2655716E-003
2.6438170E+001,-3.4837189E-003
2.6440170E+001,-3.7221715E-003
2.6442170E+001,-4.1792058E-003
2.6444170E+001,-4.6362400E-003
2.6446170E+001,-5.1878407E-003
2.6448170E+001,-5.8065271E-003
2.6450170E+001,-6.4288634E-003
2.6452170E+001,-7.0904886E-003
2.6454170E+001,-7.7521138E-003
2.6456170E+001,-8.3590816E-003
2.6458170E+001,-8.9272753E-003
2.6460170E+001,-9.4770762E-003
2.6462170E+001,-9.8288823E-003
2.6464170E+001,-1.0180688E-002
2.6466170E+001,-1.0358829E-002
2.6468170E+001,-1.0413771E-002
2.6470170E+001,-1.0441737E-002
2.6472170E+001,-1.0179308E-002
2.6474170E+001,-9.9168791E-003
2.6476170E+001,-9.4919912E-003
2.6478170E+001,-8.9518544E-003
2.6480170E+001,-8.3952405E-003
2.6482170E+001,-7.6612547E-003
2.6484170E+001,-6.9272689E-003
2.6486170E+001,-6.1405575E-003
2.6488170E+001,-5.3164423E-003
2.6490170E+001,-4.4932687E-003
2.6492170E+001,-3.6802323E-003
2.6494170E+001,-2.8671959E-003
2.6496170E+001,-2.1104944E-003
2.6498170E+001,-1.3937570E-003
2.6500170E+001,-6.9072734E-004
2.6502170E+001,-1.3525827E-004
2.6504170E+001,4.2021080E-004
2.6506170E+001,8.5495412E-004
2.6508170E+001,1.2040542E-003
2.6510170E+001,1.5334642E-003
2.6512170E+001,1.6509137E-003
2.6514170E+001,1.7683632E-003
2.6516170E+001,1.7484603E-003
2.6518170E+001,1.6311193E-003
2.6520170E+001,1.4957144E-003
2.6522170E+001,1.1658560E-003
2.6524170E+001,8.3599754E-004
2.6526170E+001,4.1022495E-004
2.6528170E+001,-8.3589426E-005
2.6530170E+001,-5.8535258E-004
2.6532170E+001,-1.1726824E-003
2.6534170E+001,-1.7600123E-003
2.6536170E+001,-2.3539380E-003
2.6538170E+001,-2.9525428E-003
2.6540170E+001,-3.5452361E-003
2.6542170E+001,-4.0742938E-003
2.6544170E+001,-4.6033514E-003
2.6546170E+001,-5.0526029E-003
2.6548170E+001,-5.4452396E-003
2.6550170E+001,-5.8225395E-003
2.6552170E+001,-6.0347427E-003
2.6554170E+001,-6.2469460E-003
2.6556170E+001,-6.3437127E-003
2.6558170E+001,-6.3585885E-003
2.6560170E+001,-6.3575691E-003
2.6562170E+001,-6.1854419E-003
2.6564170E+001,-6.0133148E-003
2.6566170E+001,-5.7521328E-003
2.6568170E+001,-5.4277750E-003
2.6570170E+001,-5.0951260E-003
2.6572170E+001,-4.6732238E-003
2.6574170E+001,-4.2513217E-003
2.6576170E+001,-3.8121685E-003
2.6578170E+001,-3.3607774E-003
2.6580170E+001,-2.9129290E-003
2.6582170E+001,-2.5032177E-003
2.6584170E+001,-2.0935064E-003
2.6586170E+001,-1.7429608E-003
2.6588170E+001,-1.4343877E-003
2.6590170E+001,-1.1370784E-003
2.6592170E+001,-9.6102236E-004
2.6594170E+001,-7.8496631E-004
2.6596170E+001,-6.8196987E-004
2.6598170E+001,-6.3080213E-004
2.6600170E+001,-5.8640414E-004
2.6602170E+001,-6.1488100E-004
2.6604170E+001,-6.4335785E-004
2.6606170E+001,-6.7899584E-004
2.6608170E+001,-7.1971394E-004
2.6610170E+001,-7.5591686E-004
2.6612170E+001,-7.4351475E-004
2.6614170E+001,-7.3111265E-004
2.6616170E+001,-6.6400171E-004
2.6618170E+001,-5.5808015E-004
2.6620170E+001,-4.4390674E-004
2.6622170E+001,-2.4090392E-004
2.6624170E+001,-3.7901106E-005
2.6626170E+001,2.0454209E-004
2.6628170E+001,4.7496442E-004
2.6630170E+001,7.4711592E-004
2.6632170E+001,1.0378815E-003
2.6634170E+001,1.3286471E-003
2.6636170E+001,1.6047562E-003
2.6638170E+001,1.8704677E-003
2.6640170E+001,2.1314756E-003
2.6642170E+001,2.3418500E-003
2.6644170E+001,2.5522244E-003
2.6646170E+001,2.7235580E-003
2.6648170E+001,2.8671959E-003
2.6650170E+001,3.0054523E-003
2.6652170E+001,3.0857780E-003
2.6654170E+001,3.1661036E-003
2.6656170E+001,3.2159897E-003
2.6658170E+001,3.2442818E-003
2.6660170E+001,3.2693170E-003
2.6662170E+001,3.2592926E-003
2.6664170E+001,3.2492682E-003
2.6666170E+001,3.2250903E-003
2.6668170E+001,3.1908719E-003
2.6670170E+001,3.1558493E-003
2.6672170E+001,3.1121703E-003
2.6674170E+001,3.0684913E-003
2.6676170E+001,3.0280663E-003
2.6678170E+001,2.9899498E-003
2.6680170E+001,2.9533658E-003
2.6682170E+001,2.9332803E-003
2.6684170E+001,2.9131947E-003
2.6686170E+001,2.9066206E-003
2.6688170E+001,2.9096316E-003
2.6690170E+001,2.9140463E-003
2.6692170E+001,2.9335719E-003
2.6694170E+001,2.9530976E-003
2.6696170E+001,2.9710658E-003
2.6698170E+001,2.9879291E-003
2.6700170E+001,3.0021708E-003
2.6702170E+001,2.9881902E-003
2.6704170E+001,2.9742096E-003
2.6706170E+001,2.9249442E-003
2.6708170E+001,2.8506478E-003
2.6710170E+001,2.7694615E-003
2.6712170E+001,2.6141072E-003
2.6714170E+001,2.4587528E-003
2.6716170E+001,2.2543763E-003
2.6718170E+001,2.0152232E-003
2.6720170E+001,1.7706746E-003
2.6722170E+001,1.4680441E-003
2.6724170E+001,1.1654136E-003
2.6726170E+001,8.5023657E-004
2.6728170E+001,5.2615902E-004
2.6730170E+001,2.0503853E-004
2.6732170E+001,-8.4249855E-005
2.6734170E+001,-3.7353824E-004
2.6736170E+001,-6.0787685E-004
2.6738170E+001,-8.0323394E-004
2.6740170E+001,-9.8634808E-004
2.6742170E+001,-1.0376699E-003
2.6744170E+001,-1.0889916E-003
2.6746170E+001,-1.0376900E-003
2.6748170E+001,-9.1358706E-004
2.6750170E+001,-7.7396064E-004
2.6752170E+001,-4.6722782E-004
2.6754170E+001,-1.6049500E-004
2.6756170E+001,2.4254506E-004
2.6758170E+001,7.1390576E-004
2.6760170E+001,1.1957587E-003
2.6762170E+001,1.7905576E-003
2.6764170E+001,2.3853566E-003
2.6766170E+001,3.0168122E-003
2.6768170E+001,3.6742722E-003
2.6770170E+001,4.3306907E-003
2.6772170E+001,4.9758979E-003
2.6774170E+001,5.6211051E-003
2.6776170E+001,6.2123205E-003
2.6778170E+001,6.7652339E-003
2.6780170E+001,7.3041981E-003
2.6782170E+001,7.6930024E-003
2.6784170E+001,8.0818067E-003
2.6786170E+001,8.3465693E-003
2.6788170E+001,8.5233363E-003
2.6790170E+001,8.6811792E-003
2.6792170E+001,8.6353082E-003
2.6794170E+001,8.5894373E-003
2.6796170E+001,8.4324715E-003
2.6798170E+001,8.1966947E-003
2.6800170E+001,7.9507906E-003
2.6802170E+001,7.5958673E-003
2.6804170E+001,7.2409440E-003
2.6806170E+001,6.8698878E-003
2.6808170E+001,6.4873868E-003
2.6810170E+001,6.1099668E-003
2.6812170E+001,5.7872423E-003
2.6814170E+001,5.4645179E-003
2.6816170E+001,5.2110149E-003
2.6818170E+001,5.0066178E-003
2.6820170E+001,4.8135273E-003
2.6822170E+001,4.7421489E-003
2.6824170E+001,4.6707705E-003
2.6826170E+001,4.6602194E-003
2.6828170E+001,4.6928195E-003
2.6830170E+001,4.7293366E-003
2.6832170E+001,4.8080188E-003
2.6834170E+001,4.8867011E-003
2.6836170E+001,4.9552476E-003
2.6838170E+001,5.0166037E-003
2.6840170E+001,5.0725321E-003
2.6842170E+001,5.0700334E-003
2.6844170E+001,5.0675347E-003
2.6846170E+001,5.0179342E-003
2.6848170E+001,4.9349197E-003
2.6850170E+001,4.8461778E-003
2.6852170E+001,4.6957824E-003
2.6854170E+001,4.5453869E-003
2.6856170E+001,4.3744205E-003
2.6858170E+001,4.1888611E-003
2.6860170E+001,4.0033957E-003
2.6862170E+001,3.8189419E-003
2.6864170E+001,3.6344882E-003
2.6866170E+001,3.4667627E-003
2.6868170E+001,3.3109043E-003
2.6870170E+001,3.1585137E-003
2.6872170E+001,3.0434525E-003
2.6874170E+001,2.9283914E-003
2.6876170E+001,2.8358484E-003
2.6878170E+001,2.7592799E-003
2.6880170E+001,2.6850632E-003
2.6882170E+001,2.6361647E-003
2.6884170E+001,2.5872661E-003
2.6886170E+001,2.5472937E-003
2.6888170E+001,2.5136535E-003
2.6890170E+001,2.4804281E-003
2.6892170E+001,2.4516681E-003
2.6894170E+001,2.4229080E-003
2.6896170E+001,2.3914332E-003
2.6898170E+001,2.3580325E-003
2.6900170E+001,2.3231876E-003
2.6902170E+001,2.2727950E-003
2.6904170E+001,2.2224024E-003
2.6906170E+001,2.1520927E-003
2.6908170E+001,2.0676536E-003
2.6910170E+001,1.9787529E-003
2.6912170E+001,1.8418241E-003
2.6914170E+001,1.7048953E-003
2.6916170E+001,1.5308231E-003
2.6918170E+001,1.3304013E-003
2.6920170E+001,1.1252301E-003
2.6922170E+001,8.6893223E-004
2.6924170E+001,6.1263437E-004
2.6926170E+001,3.4359944E-004
2.6928170E+001,6.5528791E-005
2.6930170E+001,-2.0935137E-004
2.6932170E+001,-4.4988663E-004
2.6934170E+001,-6.9042190E-004
2.6936170E+001,-8.6728177E-004
2.6938170E+001,-9.9897011E-004
2.6940170E+001,-1.1162349E-003
2.6942170E+001,-1.0782330E-003
2.6944170E+001,-1.0402312E-003
2.6946170E+001,-8.8754141E-004
2.6948170E+001,-6.5349167E-004
2.6950170E+001,-4.0481556E-004
2.6952170E+001,1.3101634E-006
2.6954170E+001,4.0743588E-004
2.6956170E+001,8.7066951E-004
2.6958170E+001,1.3744157E-003
2.6960170E+001,1.8773086E-003
2.6962170E+001,2.3710173E-003
2.6964170E+001,2.8647260E-003
2.6966170E+001,3.2872533E-003
2.6968170E+001,3.6592843E-003
2.6970170E+001,4.0137224E-003
2.6972170E+001,4.1787772E-003
2.6974170E+001,4.3438320E-003
2.6976170E+001,4.3652333E-003
2.6978170E+001,4.2847263E-003
2.6980170E+001,4.1844281E-003
2.6982170E+001,3.8710818E-003
2.6984170E+001,3.5577355E-003
2.6986170E+001,3.1399277E-003
2.6988170E+001,2.6480145E-003
2.6990170E+001,2.1475534E-003
2.6992170E+001,1.5550764E-003
2.6994170E+001,9.6259942E-004
2.6996170E+001,3.5980115E-004
2.6998170E+001,-2.5031907E-004
2.7000170E+001,-8.5573407E-004
2.7002170E+001,-1.4104986E-003
2.7004170E+001,-1.9652632E-003
2.7006170E+001,-2.4560332E-003
2.7008170E+001,-2.9014054E-003
2.7010170E+001,-3.3348647E-003
2.7012170E+001,-3.6400853E-003
2.7014170E+001,-3.9453058E-003
2.7016170E+001,-4.1653180E-003
2.7018170E+001,-4.3248830E-003
2.7020170E+001,-4.4738205E-003
2.7022170E+001,-4.5083566E-003
2.7024170E+001,-4.5428926E-003
2.7026170E+001,-4.5307539E-003
2.7028170E+001,-4.4855039E-003
2.7030170E+001,-4.4388592E-003
2.7032170E+001,-4.3772010E-003
2.7034170E+001,-4.3155428E-003
2.7036170E+001,-4.2845852E-003
2.7038170E+001,-4.2754066E-003
2.7040170E+001,-4.2755812E-003
2.7042170E+001,-4.3764388E-003
2.7044170E+001,-4.4772964E-003
2.7046170E+001,-4.6600261E-003
2.7048170E+001,-4.9008362E-003
2.7050170E+001,-5.1528958E-003
2.7052170E+001,-5.5260530E-003
2.7054170E+001,-5.8992102E-003
2.7056170E+001,-6.3240328E-003
2.7058170E+001,-6.7855069E-003
2.7060170E+001,-7.2487245E-003
2.7062170E+001,-7.7307110E-003
2.7064170E+001,-8.2126975E-003
2.7066170E+001,-8.6646478E-003
2.7068170E+001,-9.0952903E-003
2.7070170E+001,-9.5167436E-003
2.7072170E+001,-9.8392775E-003
2.7074170E+001,-1.0161811E-002
2.7076170E+001,-1.0403507E-002
2.7078170E+001,-1.0587855E-002
2.7080170E+001,-1.0760249E-002
2.7082170E+001,-1.0803958E-002
2.7084170E+001,-1.0847666E-002
2.7086170E+001,-1.0819115E-002
2.7088170E+001,-1.0739303E-002
2.7090170E+001,-1.0651126E-002
2.7092170E+001,-1.0472896E-002
2.7094170E+001,-1.0294666E-002
2.7096170E+001,-1.0073205E-002
2.7098170E+001,-9.8210756E-003
2.7100170E+001,-9.5645753E-003
2.7102170E+001,-9.2610268E-003
2.7104170E+001,-8.9574783E-003
2.7106170E+001,-8.6384972E-003
2.7108170E+001,-8.3085682E-003
2.7110170E+001,-7.9791817E-003
2.7112170E+001,-7.6556350E-003
2.7114170E+001,-7.3320883E-003
2.7116170E+001,-7.0358984E-003
2.7118170E+001,-6.7591154E-003
2.7120170E+001,-6.4897422E-003
2.7122170E+001,-6.3001333E-003
2.7124170E+001,-6.1105244E-003
2.7126170E+001,-5.9882443E-003
2.7128170E+001,-5.9137274E-003
2.7130170E+001,-5.8493033E-003
2.7132170E+001,-5.8935252E-003
2.7134170E+001,-5.9377470E-003
2.7136170E+001,-6.0364317E-003
2.7138170E+001,-6.1737525E-003
2.7140170E+001,-6.3147641E-003
2.7142170E+001,-6.4955061E-003
2.7144170E+001,-6.6762482E-003
2.7146170E+001,-6.8476680E-003
2.7148170E+001,-7.0124746E-003
2.7150170E+001,-7.1715742E-003
2.7152170E+001,-7.2692398E-003
2.7154170E+001,-7.3669054E-003
2.7156170E+001,-7.4083772E-003
2.7158170E+001,-7.4099850E-003
2.7160170E+001,-7.4033302E-003
2.7162170E+001,-7.3077303E-003
2.7164170E+001,-7.2121304E-003
2.7166170E+001,-7.0728112E-003
2.7168170E+001,-6.9024775E-003
2.7170170E+001,-6.7287536E-003
2.7172170E+001,-6.5185361E-003
2.7174170E+001,-6.3083186E-003
2.7176170E+001,-6.0942995E-003
2.7178170E+001,-5.8775833E-003
2.7180170E+001,-5.6620447E-003
2.7182170E+001,-5.4591818E-003
2.7184170E+001,-5.2563188E-003
2.7186170E+001,-5.0624632E-003
2.7188170E+001,-4.8749973E-003
2.7190170E+001,-4.6874664E-003
2.7192170E+001,-4.4992349E-003
2.7194170E+001,-4.3110034E-003
2.7196170E+001,-4.1065787E-003
2.7198170E+001,-3.8906665E-003
2.7200170E+001,-3.6701127E-003
2.7202170E+001,-3.3995941E-003
2.7204170E+001,-3.1290755E-003
2.7206170E+001,-2.8177215E-003
2.7208170E+001,-2.4773989E-003
2.7210170E+001,-2.1316120E-003
2.7212170E+001,-1.7270043E-003
2.7214170E+001,-1.3223967E-003
2.7216170E+001,-8.9692268E-004
2.7218170E+001,-4.5664607E-004
2.7220170E+001,-1.7222087E-005
2.7222170E+001,4.1302363E-004
2.7224170E+001,8.4326934E-004
2.7226170E+001,1.2383246E-003
2.7228170E+001,1.6084156E-003
2.7230170E+001,1.9700156E-003
2.7232170E+001,2.2402122E-003
2.7234170E+001,2.5104088E-003
2.7236170E+001,2.7119097E-003
2.7238170E+001,2.8646776E-003
2.7240170E+001,3.0082786E-003
2.7242170E+001,3.0532003E-003
2.7244170E+001,3.0981220E-003
2.7246170E+001,3.0994096E-003
2.7248170E+001,3.0697430E-003
2.7250170E+001,3.0377203E-003
2.7252170E+001,2.9803346E-003
2.7254170E+001,2.9229489E-003
2.7256170E+001,2.8773892E-003
2.7258170E+001,2.8402189E-003
2.7260170E+001,2.8080077E-003
2.7262170E+001,2.8291802E-003
2.7264170E+001,2.8503528E-003
2.7266170E+001,2.9180551E-003
2.7268170E+001,3.0187657E-003
2.7270170E+001,3.1263254E-003
2.7272170E+001,3.3076140E-003
2.7274170E+001,3.4889026E-003
2.7276170E+001,3.7064665E-003
2.7278170E+001,3.9497642E-003
2.7280170E+001,4.1954753E-003
2.7282170E+001,4.4671653E-003
2.7284170E+001,4.7388552E-003
2.7286170E+001,5.0035039E-003
2.7288170E+001,5.2631575E-003
2.7290170E+001,5.5186299E-003
2.7292170E+001,5.7290924E-003
2.7294170E+001,5.9395549E-003
2.7296170E+001,6.1066801E-003
2.7298170E+001,6.2430617E-003
2.7300170E+001,6.3724970E-003
2.7302170E+001,6.4271570E-003
2.7304170E+001,6.4818170E-003
2.7306170E+001,6.4938299E-003
2.7308170E+001,6.4755888E-003
2.7310170E+001,6.4527766E-003
2.7312170E+001,6.3807571E-003
2.7314170E+001,6.3087375E-003
2.7316170E+001,6.2174606E-003
2.7318170E+001,6.1125224E-003
2.7320170E+001,6.0061311E-003
2.7322170E+001,5.8840977E-003
2.7324170E+001,5.7620642E-003
2.7326170E+001,5.6350114E-003
2.7328170E+001,5.5043977E-003
2.7330170E+001,5.3733036E-003
2.7332170E+001,5.2370371E-003
2.7334170E+001,5.1007706E-003
2.7336170E+001,4.9613457E-003
2.7338170E+001,4.8196804E-003
2.7340170E+001,4.6774750E-003
2.7342170E+001,4.5294551E-003
2.7344170E+001,4.3814353E-003
2.7346170E+001,4.2279930E-003
2.7348170E+001,4.0707039E-003
2.7350170E+001,3.9120746E-003
2.7352170E+001,3.7390188E-003
2.7354170E+001,3.5659630E-003
2.7356170E+001,3.3778225E-003
2.7358170E+001,3.1789808E-003
2.7360170E+001,2.9771190E-003
2.7362170E+001,2.7427464E-003
2.7364170E+001,2.5083738E-003
2.7366170E+001,2.2518583E-003
2.7368170E+001,1.9796346E-003
2.7370170E+001,1.7052416E-003
2.7372170E+001,1.4074973E-003
2.7374170E+001,1.1097529E-003
2.7376170E+001,8.1465386E-004
2.7378170E+001,5.2143131E-004
2.7380170E+001,2.3235081E-004
2.7382170E+001,-1.2141317E-005
2.7384170E+001,-2.5663345E-004
2.7386170E+001,-4.4411350E-004
2.7388170E+001,-5.9114901E-004
2.7390170E+001,-7.2648830E-004
2.7392170E+001,-7.3592044E-004
2.7394170E+001,-7.4535258E-004
2.7396170E+001,-6.6332786E-004
2.7398170E+001,-5.1642336E-004
2.7400170E+001,-3.5717815E-004
2.7402170E+001,-6.5087932E-005
2.7404170E+001,2.2700228E-004
2.7406170E+001,5.7961623E-004
2.7408170E+001,9.7516589E-004
2.7410170E+001,1.3740545E-003
2.7412170E+001,1.8088856E-003
2.7414170E+001,2.2437168E-003
2.7416170E+001,2.6594223E-003
2.7418170E+001,3.0615601E-003
2.7420170E+001,3.4555403E-003
2.7422170E+001,3.7617070E-003
2.7424170E+001,4.0678737E-003
2.7426170E+001,4.2937673E-003
2.7428170E+001,4.4627150E-003
2.7430170E+001,4.6189422E-003
2.7432170E+001,4.6382367E-003
2.7434170E+001,4.6575313E-003
2.7436170E+001,4.5985580E-003
2.7438170E+001,4.4840614E-003
2.7440170E+001,4.3614253E-003
2.7442170E+001,4.1511695E-003
2.7444170E+001,3.9409136E-003
2.7446170E+001,3.7045526E-003
2.7448170E+001,3.4496727E-003
2.7450170E+001,3.1956001E-003
2.7452170E+001,2.9502184E-003
2.7454170E+001,2.7048368E-003
2.7456170E+001,2.4923683E-003
2.7458170E+001,2.3032484E-003
2.7460170E+001,2.1214610E-003
2.7462170E+001,2.0186055E-003
2.7464170E+001,1.9157500E-003
2.7466170E+001,1.8676224E-003
2.7468170E+001,1.8583189E-003
2.7470170E+001,1.8556582E-003
2.7472170E+001,1.9245058E-003
2.7474170E+001,1.9933533E-003
2.7476170E+001,2.0892687E-003
2.7478170E+001,2.2043860E-003
2.7480170E+001,2.3201454E-003
2.7482170E+001,2.4428172E-003
2.7484170E+001,2.5654890E-003
2.7486170E+001,2.6712977E-003
2.7488170E+001,2.7651438E-003
2.7490170E+001,2.8541427E-003
2.7492170E+001,2.8909629E-003
2.7494170E+001,2.9277832E-003
2.7496170E+001,2.9205596E-003
2.7498170E+001,2.8820911E-003
2.7500170E+001,2.8364191E-003
2.7502170E+001,2.7132014E-003
2.7504170E+001,2.5899838E-003
2.7506170E+001,2.4158176E-003
2.7508170E+001,2.2055083E-003
2.7510170E+001,1.9881849E-003
2.7512170E+001,1.6953564E-003
2.7514170E+001,1.4025279E-003
2.7516170E+001,1.0690172E-003
2.7518170E+001,7.0664634E-004
2.7520170E+001,3.4030283E-004
2.7522170E+001,-6.8805287E-005
2.7524170E+001,-4.7791340E-004
2.7526170E+001,-8.9577596E-004
2.7528170E+001,-1.3198489E-003
2.7530170E+001,-1.7420815E-003
2.7532170E+001,-2.1445023E-003
2.7534170E+001,-2.5469232E-003
2.7536170E+001,-2.9162829E-003
2.7538170E+001,-3.2621890E-003
2.7540170E+001,-3.6010691E-003
2.7542170E+001,-3.8643155E-003
2.7544170E+001,-4.1275618E-003
2.7546170E+001,-4.3349478E-003
2.7548170E+001,-4.5027063E-003
2.7550170E+001,-4.6623944E-003
2.7552170E+001,-4.7352076E-003
2.7554170E+001,-4.8080209E-003
2.7556170E+001,-4.8307887E-003
2.7558170E+001,-4.8180543E-003
2.7560170E+001,-4.7990637E-003
2.7562170E+001,-4.7127279E-003
2.7564170E+001,-4.6263920E-003
2.7566170E+001,-4.5030498E-003
2.7568170E+001,-4.3534552E-003
2.7570170E+001,-4.1992431E-003
2.7572170E+001,-3.9953249E-003
2.7574170E+001,-3.7914067E-003
2.7576170E+001,-3.5621696E-003
2.7578170E+001,-3.3149712E-003
2.7580170E+001,-3.0655264E-003
2.7582170E+001,-2.7919009E-003
2.7584170E+001,-2.5182753E-003
2.7586170E+001,-2.2430150E-003
2.7588170E+001,-1.9665950E-003
2.7590170E+001,-1.6922829E-003
2.7592170E+001,-1.4406625E-003
2.7594170E+001,-1.1890421E-003
2.7596170E+001,-9.6722304E-004
2.7598170E+001,-7.6654518E-004
2.7600170E+001,-5.7183803E-004
2.7602170E+001,-4.4140413E-004
2.7604170E+001,-3.1097024E-004
2.7606170E+001,-2.2708074E-004
2.7608170E+001,-1.7620996E-004
2.7610170E+001,-1.3198975E-004
2.7612170E+001,-1.5936128E-004
2.7614170E+001,-1.8673280E-004
2.7616170E+001,-2.5307802E-004
2.7618170E+001,-3.4707129E-004
2.7620170E+001,-4.4488017E-004
2.7622170E+001,-5.8376314E-004
2.7624170E+001,-7.2264610E-004
2.7626170E+001,-8.6961610E-004
2.7628170E+001,-1.0223231E-003
2.7630170E+001,-1.1730575E-003
2.7632170E+001,-1.3025587E-003
2.7634170E+001,-1.4320599E-003
2.7636170E+001,-1.5270899E-003
2.7638170E+001,-1.5976661E-003
2.7640170E+001,-1.6611905E-003
2.7642170E+001,-1.6488030E-003
2.7644170E+001,-1.6364155E-003
2.7646170E+001,-1.5742594E-003
2.7648170E+001,-1.4767973E-003
2.7650170E+001,-1.3742415E-003
2.7652170E+001,-1.2168530E-003
2.7654170E+001,-1.0594645E-003
2.7656170E+001,-8.9550856E-004
2.7658170E+001,-7.2689374E-004
2.7660170E+001,-5.6234730E-004
2.7662170E+001,-4.4159614E-004
2.7664170E+001,-3.2084498E-004
2.7666170E+001,-2.5816956E-004
2.7668170E+001,-2.3669323E-004
2.7670170E+001,-2.2602924E-004
2.7672170E+001,-3.3175757E-004
2.7674170E+001,-4.3748590E-004
2.7676170E+001,-6.1559041E-004
2.7678170E+001,-8.4503881E-004
2.7680170E+001,-1.0821640E-003
2.7682170E+001,-1.4019282E-003
2.7684170E+001,-1.7216923E-003
2.7686170E+001,-2.0624684E-003
2.7688170E+001,-2.4181504E-003
2.7690170E+001,-2.7715520E-003
2.7692170E+001,-3.1004062E-003
2.7694170E+001,-3.4292604E-003
2.7696170E+001,-3.7081694E-003
2.7698170E+001,-3.9516473E-003
2.7700170E+001,-4.1840759E-003
2.7702170E+001,-4.2975625E-003
2.7704170E+001,-4.4110491E-003
2.7706170E+001,-4.4341019E-003
2.7708170E+001,-4.3930006E-003
2.7710170E+001,-4.3386282E-003
2.7712170E+001,-4.1413957E-003
2.7714170E+001,-3.9441632E-003
2.7716170E+001,-3.6685161E-003
2.7718170E+001,-3.3372416E-003
2.7720170E+001,-2.9982648E-003
2.7722170E+001,-2.5763750E-003
2.7724170E+001,-2.1544853E-003
2.7726170E+001,-1.7139191E-003
2.7728170E+001,-1.2601036E-003
2.7730170E+001,-8.0901358E-004
2.7732170E+001,-3.8726181E-004
2.7734170E+001,3.4489967E-005
2.7736170E+001,4.0422913E-004
2.7738170E+001,7.3707040E-004
2.7740170E+001,1.0591603E-003
2.7742170E+001,1.2655140E-003
2.7744170E+001,1.4718677E-003
2.7746170E+001,1.5983570E-003
2.7748170E+001,1.6681901E-003
2.7750170E+001,1.7280280E-003
2.7752170E+001,1.6802692E-003
2.7754170E+001,1.6325103E-003
2.7756170E+001,1.5403417E-003
2.7758170E+001,1.4166687E-003
2.7760170E+001,1.2910289E-003
2.7762170E+001,1.1442163E-003
2.7764170E+001,9.9740368E-004
2.7766170E+001,8.6672298E-004
2.7768170E+001,7.4748631E-004
2.7770170E+001,6.3379574E-004
2.7772170E+001,5.7980775E-004
2.7774170E+001,5.2581976E-004
2.7776170E+001,5.2070500E-004
2.7778170E+001,5.5026104E-004
2.7780170E+001,5.8679661E-004
2.7782170E+001,6.9846513E-004
2.7784170E+001,8.1013365E-004
2.7786170E+001,9.6065444E-004
2.7788170E+001,1.1387371E-003
2.7790170E+001,1.3206725E-003
2.7792170E+001,1.5440804E-003
2.7794170E+001,1.7674882E-003
2.7796170E+001,2.0067452E-003
2.7798170E+001,2.2572455E-003
2.7800170E+001,2.5090848E-003
2.7802170E+001,2.7753374E-003
2.7804170E+001,3.0415900E-003
2.7806170E+001,3.3136175E-003
2.7808170E+001,3.5897417E-003
2.7810170E+001,3.8661996E-003
2.7812170E+001,4.1462509E-003
2.7814170E+001,4.4263021E-003
2.7816170E+001,4.7014567E-003
2.7818170E+001,4.9731376E-003
2.7820170E+001,5.2422690E-003
2.7822170E+001,5.4839562E-003
2.7824170E+001,5.7256434E-003
2.7826170E+001,5.9335300E-003
2.7828170E+001,6.1174383E-003
2.7830170E+001,6.2942828E-003
2.7832170E+001,6.3950868E-003
2.7834170E+001,6.4958909E-003
2.7836170E+001,6.5403773E-003
2.7838170E+001,6.5449119E-003
2.7840170E+001,6.5416447E-003
2.7842170E+001,6.4543932E-003
2.7844170E+001,6.3671417E-003
2.7846170E+001,6.2382942E-003
2.7848170E+001,6.0799384E-003
2.7850170E+001,5.9180491E-003
2.7852170E+001,5.7181233E-003
2.7854170E+001,5.5181976E-003
2.7856170E+001,5.3107249E-003
2.7858170E+001,5.0978985E-003
2.7860170E+001,4.8856530E-003
2.7862170E+001,4.6796609E-003
2.7864170E+001,4.4736688E-003
2.7866170E+001,4.2759562E-003
2.7868170E+001,4.0841171E-003
2.7870170E+001,3.8932044E-003
2.7872170E+001,3.7122645E-003
2.7874170E+001,3.5313246E-003
2.7876170E+001,3.3519029E-003
2.7878170E+001,3.1735581E-003
2.7880170E+001,2.9948329E-003
2.7882170E+001,2.8120116E-003
2.7884170E+001,2.6291903E-003
2.7886170E+001,2.4429397E-003
2.7888170E+001,2.2542563E-003
2.7890170E+001,2.0655432E-003
2.7892170E+001,1.8765106E-003
2.7894170E+001,1.6874779E-003
2.7896170E+001,1.5042783E-003
2.7898170E+001,1.3252166E-003
2.7900170E+001,1.1479482E-003
2.7902170E+001,9.8998540E-004
2.7904170E+001,8.3202257E-004
2.7906170E+001,6.9136426E-004
2.7908170E+001,5.6298183E-004
2.7910170E+001,4.3752200E-004
2.7912170E+001,3.4352331E-004
2.7914170E+001,2.4952461E-004
2.7916170E+001,1.7686723E-004
2.7918170E+001,1.1934945E-004
2.7920170E+001,6.4938899E-005
2.7922170E+001,4.3977042E-005
2.7924170E+001,2.3015184E-005
2.7926170E+001,2.1607610E-005
2.7928170E+001,3.4071903E-005
2.7930170E+001,4.8669830E-005
2.7932170E+001,8.6235835E-005
2.7934170E+001,1.2380184E-004
2.7936170E+001,1.6812591E-004
2.7938170E+001,2.1724418E-004
2.7940170E+001,2.6606110E-004
2.7942170E+001,3.1163409E-004
2.7944170E+001,3.5720708E-004
2.7946170E+001,3.9463130E-004
2.7948170E+001,4.2627477E-004
2.7950170E+001,4.5669771E-004
2.7952170E+001,4.7398199E-004
2.7954170E+001,4.9126627E-004
2.7956170E+001,5.0592936E-004
2.7958170E+001,5.1873296E-004
2.7960170E+001,5.3237299E-004
2.7962170E+001,5.5501704E-004
2.7964170E+001,5.7766109E-004
2.7966170E+001,6.1159151E-004
2.7968170E+001,6.5352851E-004
2.7970170E+001,6.9688116E-004
2.7972170E+001,7.5547295E-004
2.7974170E+001,8.1406474E-004
2.7976170E+001,8.7341102E-004
2.7978170E+001,9.3329252E-004
2.7980170E+001,9.9142561E-004
2.7982170E+001,1.0307374E-003
2.7984170E+001,1.0700491E-003
2.7986170E+001,1.0862104E-003
2.7988170E+001,1.0859487E-003
2.7990170E+001,1.0815975E-003
2.7992170E+001,1.0332227E-003
2.7994170E+001,9.8484785E-004
2.7996170E+001,9.1105137E-004
2.7998170E+001,8.1922068E-004
2.8000170E+001,7.2499926E-004
2.8002170E+001,6.0504220E-004
2.8004170E+001,4.8508513E-004
2.8006170E+001,3.6043734E-004
2.8008170E+001,2.3246193E-004
2.8010170E+001,1.0537774E-004
2.8012170E+001,-1.2112679E-005
2.8014170E+001,-1.2960309E-004
2.8016170E+001,-2.3379217E-004
2.8018170E+001,-3.2854524E-004
2.8020170E+001,-4.2105602E-004
2.8022170E+001,-4.8942914E-004
2.8024170E+001,-5.5780226E-004
2.8026170E+001,-6.1397732E-004
2.8028170E+001,-6.6149904E-004
2.8030170E+001,-7.0838940E-004
2.8032170E+001,-7.4848331E-004
2.8034170E+001,-7.8857721E-004
2.8036170E+001,-8.3446153E-004
2.8038170E+001,-8.8445358E-004
2.8040170E+001,-9.3651667E-004
2.8042170E+001,-1.0108741E-003
2.8044170E+001,-1.0852315E-003
2.8046170E+001,-1.1763992E-003
2.8048170E+001,-1.2794922E-003
2.8050170E+001,-1.3842070E-003
2.8052170E+001,-1.5063806E-003
2.8054170E+001,-1.6285543E-003
2.8056170E+001,-1.7492742E-003
2.8058170E+001,-1.8689628E-003
2.8060170E+001,-1.9862770E-003
2.8062170E+001,-2.0780315E-003
2.8064170E+001,-2.1697859E-003
2.8066170E+001,-2.2344764E-003
2.8068170E+001,-2.2799675E-003
2.8070170E+001,-2.3213782E-003
2.8072170E+001,-2.3188642E-003
2.8074170E+001,-2.3163502E-003
2.8076170E+001,-2.2965406E-003
2.8078170E+001,-2.2644614E-003
2.8080170E+001,-2.2327772E-003
2.8082170E+001,-2.2053451E-003
2.8084170E+001,-2.1779131E-003
2.8086170E+001,-2.1760415E-003
2.8088170E+001,-2.1923027E-003
2.8090170E+001,-2.2149051E-003
2.8092170E+001,-2.3057697E-003
2.8094170E+001,-2.3966343E-003
2.8096170E+001,-2.5386648E-003
2.8098170E+001,-2.7169926E-003
2.8100170E+001,-2.9019978E-003
2.8102170E+001,-3.1588828E-003
2.8104170E+001,-3.4157678E-003
2.8106170E+001,-3.7021944E-003
2.8108170E+001,-4.0095778E-003
2.8110170E+001,-4.3177978E-003
2.8112170E+001,-4.6350236E-003
2.8114170E+001,-4.9522495E-003
2.8116170E+001,-5.2482992E-003
2.8118170E+001,-5.5293264E-003
2.8120170E+001,-5.8034021E-003
2.8122170E+001,-6.0026460E-003
2.8124170E+001,-6.2018898E-003
2.8126170E+001,-6.3298210E-003
2.8128170E+001,-6.4071628E-003
2.8130170E+001,-6.4717263E-003
2.8132170E+001,-6.3987347E-003
2.8134170E+001,-6.3257431E-003
2.8136170E+001,-6.1597793E-003
2.8138170E+001,-5.9278606E-003
2.8140170E+001,-5.6840427E-003
2.8142170E+001,-5.3121321E-003
2.8144170E+001,-4.9402215E-003
2.8146170E+001,-4.5152666E-003
2.8148170E+001,-4.0526819E-003
2.8150170E+001,-3.5886913E-003
2.8152170E+001,-3.1095664E-003
2.8154170E+001,-2.6304415E-003
2.8156170E+001,-2.1909816E-003
2.8158170E+001,-1.7796600E-003
2.8160170E+001,-1.3803907E-003
2.8162170E+001,-1.1108606E-003
2.8164170E+001,-8.4133052E-004
2.8166170E+001,-6.8016232E-004
2.8168170E+001,-5.9586637E-004
2.8170170E+001,-5.2736852E-004
2.8172170E+001,-6.2893368E-004
2.8174170E+001,-7.3049884E-004
2.8176170E+001,-9.1658812E-004
2.8178170E+001,-1.1626391E-003
2.8180170E+001,-1.4150433E-003
2.8182170E+001,-1.7358388E-003
2.8184170E+001,-2.0566342E-003
2.8186170E+001,-2.3759772E-003
2.8188170E+001,-2.6942896E-003
2.8190170E+001,-3.0069189E-003
2.8192170E+001,-3.2583691E-003
2.8194170E+001,-3.5098193E-003
2.8196170E+001,-3.6997643E-003
2.8198170E+001,-3.8460773E-003
2.8200170E+001,-3.9826650E-003
2.8202170E+001,-4.0145632E-003
2.8204170E+001,-4.0464613E-003
2.8206170E+001,-4.0189943E-003
2.8208170E+001,-3.9494133E-003
2.8210170E+001,-3.8731603E-003
2.8212170E+001,-3.7250848E-003
2.8214170E+001,-3.5770093E-003
2.8216170E+001,-3.3955985E-003
2.8218170E+001,-3.1905397E-003
2.8220170E+001,-2.9818294E-003
2.8222170E+001,-2.7338126E-003
2.8224170E+001,-2.4857959E-003
2.8226170E+001,-2.2171965E-003
2.8228170E+001,-1.9339958E-003
2.8230170E+001,-1.6485234E-003
2.8232170E+001,-1.3385964E-003
2.8234170E+001,-1.0286695E-003
2.8236170E+001,-7.1352310E-004
2.8238170E+001,-3.9467396E-004
2.8240170E+001,-7.7814802E-005
2.8242170E+001,2.1762262E-004
2.8244170E+001,5.1306004E-004
2.8246170E+001,7.6895302E-004
2.8248170E+001,9.9679306E-004
2.8250170E+001,1.2150906E-003
2.8252170E+001,1.3306655E-003
2.8254170E+001,1.4462404E-003
2.8256170E+001,1.4790841E-003
2.8258170E+001,1.4532381E-003
2.8260170E+001,1.4153575E-003
2.8262170E+001,1.2479274E-003
2.8264170E+001,1.0804974E-003
2.8266170E+001,8.4986590E-004
2.8268170E+001,5.7439920E-004
2.8270170E+001,2.9493954E-004
2.8272170E+001,-2.7503408E-005
2.8274170E+001,-3.4994636E-004
2.8276170E+001,-6.5656133E-004
2.8278170E+001,-9.5194788E-004
2.8280170E+001,-1.2391097E-003
2.8282170E+001,-1.4377347E-003
2.8284170E+001,-1.6363597E-003
2.8286170E+001,-1.7485491E-003
2.8288170E+001,-1.7994207E-003
2.8290170E+001,-1.8357021E-003
2.8292170E+001,-1.7149232E-003
2.8294170E+001,-1.5941444E-003
2.8296170E+001,-1.3763839E-003
2.8298170E+001,-1.0898245E-003
2.8300170E+001,-7.9211623E-004
2.8302170E+001,-3.7439435E-004
2.8304170E+001,4.3327531E-005
2.8306170E+001,5.0274921E-004
2.8308170E+001,9.9175285E-004
2.8310170E+001,1.4801264E-003
2.8312170E+001,1.9617168E-003
2.8314170E+001,2.4433073E-003
2.8316170E+001,2.8696274E-003
2.8318170E+001,3.2567386E-003
2.8320170E+001,3.6289344E-003
2.8322170E+001,3.8405687E-003
2.8324170E+001,4.0522030E-003
2.8326170E+001,4.1271766E-003
2.8328170E+001,4.1052027E-003
2.8330170E+001,4.0617218E-003
2.8332170E+001,3.7867227E-003
2.8334170E+001,3.5117236E-003
2.8336170E+001,3.1058993E-003
2.8338170E+001,2.6072672E-003
2.8340170E+001,2.0962202E-003
2.8342170E+001,1.4515287E-003
2.8344170E+001,8.0683716E-004
2.8346170E+001,1.4227077E-004
2.8348170E+001,-5.3639490E-004
2.8350170E+001,-1.2075332E-003
2.8352170E+001,-1.7976412E-003
2.8354170E+001,-2.3877491E-003
2.8356170E+001,-2.8642965E-003
2.8358170E+001,-3.2602837E-003
2.8360170E+001,-3.6341505E-003
2.8362170E+001,-3.7698963E-003
2.8364170E+001,-3.9056420E-003
2.8366170E+001,-3.8801938E-003
2.8368170E+001,-3.7403941E-003
2.8370170E+001,-3.5800435E-003
2.8372170E+001,-3.1984677E-003
2.8374170E+001,-2.8168918E-003
2.8376170E+001,-2.3351045E-003
2.8378170E+001,-1.7822269E-003
2.8380170E+001,-1.2224181E-003
2.8382170E+001,-5.8799687E-004
2.8384170E+001,4.6424348E-005
2.8386170E+001,6.7457358E-004
2.8388170E+001,1.2982734E-003
2.8390170E+001,1.9141031E-003
2.8392170E+001,2.4452115E-003
2.8394170E+001,2.9763199E-003
2.8396170E+001,3.4164111E-003
2.8398170E+001,3.7919346E-003
2.8400170E+001,4.1508797E-003
2.8402170E+001,4.3313634E-003
2.8404170E+001,4.5118470E-003
2.8406170E+001,4.5698523E-003
2.8408170E+001,4.5409710E-003
2.8410170E+001,4.4951751E-003
2.8412170E+001,4.2672970E-003
2.8414170E+001,4.0394190E-003
2.8416170E+001,3.7148484E-003
2.8418170E+001,3.3216837E-003
2.8420170E+001,2.9191318E-003
2.8422170E+001,2.4155279E-003
2.8424170E+001,1.9119240E-003
2.8426170E+001,1.3855949E-003
2.8428170E+001,8.4314449E-004
2.8430170E+001,3.0423081E-004
2.8432170E+001,-1.9661112E-004
2.8434170E+001,-6.9745306E-004
2.8436170E+001,-1.1281336E-003
2.8438170E+001,-1.5090413E-003
2.8440170E+001,-1.8742984E-003
2.8442170E+001,-2.0710795E-003
2.8444170E+001,-2.2678606E-003
2.8446170E+001,-2.3337621E-003
2.8448170E+001,-2.3068172E-003
2.8450170E+001,-2.2601657E-003
2.8452170E+001,-2.0013787E-003
2.8454170E+001,-1.7425917E-003
2.8456170E+001,-1.3631020E-003
2.8458170E+001,-8.9798532E-004
2.8460170E+001,-4.2011717E-004
2.8462170E+001,1.9501794E-004
2.8464170E+001,8.1015305E-004
2.8466170E+001,1.4663649E-003
2.8468170E+001,2.1517168E-003
2.8470170E+001,2.8352063E-003
2.8472170E+001,3.4986481E-003
2.8474170E+001,4.1620899E-003
2.8476170E+001,4.7599952E-003
2.8478170E+001,5.3114086E-003
2.8480170E+001,5.8471417E-003
2.8482170E+001,6.2140798E-003
2.8484170E+001,6.5810179E-003
2.8486170E+001,6.8157372E-003
2.8488170E+001,6.9566599E-003
2.8490170E+001,7.0780182E-003
2.8492170E+001,6.9887697E-003
2.8494170E+001,6.8995212E-003
2.8496170E+001,6.6936420E-003
2.8498170E+001,6.4050246E-003
2.8500170E+001,6.1042095E-003
2.8502170E+001,5.6720884E-003
2.8504170E+001,5.2399673E-003
2.8506170E+001,4.7633320E-003
2.8508170E+001,4.2551183E-003
2.8510170E+001,3.7460433E-003
2.8512170E+001,3.2276965E-003
2.8514170E+001,2.7093497E-003
2.8516170E+001,2.2173198E-003
2.8518170E+001,1.7439593E-003
2.8520170E+001,1.2778173E-003
2.8522170E+001,8.8938081E-004
2.8524170E+001,5.0094434E-004
2.8526170E+001,1.7674129E-004
2.8528170E+001,-1.0189439E-004
2.8530170E+001,-3.7016775E-004
2.8532170E+001,-5.2689314E-004
2.8534170E+001,-6.8361854E-004
2.8536170E+001,-7.6832212E-004
2.8538170E+001,-8.0193320E-004
2.8540170E+001,-8.2590043E-004
2.8542170E+001,-7.4605383E-004
2.8544170E+001,-6.6620724E-004
2.8546170E+001,-5.3280598E-004
2.8548170E+001,-3.6141287E-004
2.8550170E+001,-1.8523241E-004
2.8552170E+001,4.2482746E-005
2.8554170E+001,2.7019790E-004
2.8556170E+001,5.0349205E-004
2.8558170E+001,7.4074395E-004
2.8560170E+001,9.7440854E-004
2.8562170E+001,1.1694565E-003
2.8564170E+001,1.3645044E-003
2.8566170E+001,1.5083603E-003
2.8568170E+001,1.6159004E-003
2.8570170E+001,1.7138022E-003
2.8572170E+001,1.7079502E-003
2.8574170E+001,1.7020982E-003
2.8576170E+001,1.6315664E-003
2.8578170E+001,1.5151507E-003
2.8580170E+001,1.3920976E-003
2.8582170E+001,1.1975952E-003
2.8584170E+001,1.0030928E-003
2.8586170E+001,7.9397435E-004
2.8588170E+001,5.7448727E-004
2.8590170E+001,3.5773517E-004
2.8592170E+001,1.7042466E-004
2.8594170E+001,-1.6885856E-005
2.8596170E+001,-1.6021409E-004
2.8598170E+001,-2.7234115E-004
2.8600170E+001,-3.7669260E-004
2.8602170E+001,-3.9734139E-004
2.8604170E+001,-4.1799017E-004
2.8606170E+001,-3.9218275E-004
2.8608170E+001,-3.3341916E-004
2.8610170E+001,-2.7054933E-004
2.8612170E+001,-1.6347693E-004
2.8614170E+001,-5.6404519E-005
2.8616170E+001,5.8357233E-005
2.8618170E+001,1.7857383E-004
2.8620170E+001,2.9769490E-004
2.8622170E+001,4.0502294E-004
2.8624170E+001,5.1235098E-004
2.8626170E+001,6.0576634E-004
2.8628170E+001,6.8931200E-004
2.8630170E+001,7.7100358E-004
2.8632170E+001,8.3273634E-004
2.8634170E+001,8.9446910E-004
2.8636170E+001,9.4769645E-004
2.8638170E+001,9.9489004E-004
2.8640170E+001,1.0412624E-003
2.8642170E+001,1.0787938E-003
2.8644170E+001,1.1163252E-003
2.8646170E+001,1.1476072E-003
2.8648170E+001,1.1744560E-003
2.8650170E+001,1.1999502E-003
2.8652170E+001,1.2108617E-003
2.8654170E+001,1.2217731E-003
2.8656170E+001,1.2202354E-003
2.8658170E+001,1.2098661E-003
2.8660170E+001,1.1974631E-003
2.8662170E+001,1.1631681E-003
2.8664170E+001,1.1288731E-003
2.8666170E+001,1.0803260E-003
2.8668170E+001,1.0216684E-003
2.8670170E+001,9.6086639E-004
2.8672170E+001,8.7697953E-004
2.8674170E+001,7.9309268E-004
2.8676170E+001,6.9263612E-004
2.8678170E+001,5.8042496E-004
2.8680170E+001,4.6550082E-004
2.8682170E+001,3.2137219E-004
2.8684170E+001,1.7724356E-004
2.8686170E+001,1.5396507E-005
2.8688170E+001,-1.5902004E-004
2.8690170E+001,-3.3483595E-004
2.8692170E+001,-5.2571560E-004
2.8694170E+001,-7.1659526E-004
2.8696170E+001,-8.9998667E-004
2.8698170E+001,-1.0780659E-003
2.8700170E+001,-1.2516431E-003
2.8702170E+001,-1.3767573E-003
2.8704170E+001,-1.5018715E-003
2.8706170E+001,-1.5731837E-003
2.8708170E+001,-1.6063284E-003
2.8710170E+001,-1.6296720E-003
2.8712170E+001,-1.5475081E-003
2.8714170E+001,-1.4653442E-003
2.8716170E+001,-1.3171458E-003
2.8718170E+001,-1.1221024E-003
2.8720170E+001,-9.1995252E-004
2.8722170E+001,-6.4130272E-004
2.8724170E+001,-3.6265292E-004
2.8726170E+001,-6.3044088E-005
2.8728170E+001,2.5143314E-004
2.8730170E+001,5.6453496E-004
2.8732170E+001,8.6283095E-004
2.8734170E+001,1.1611269E-003
2.8736170E+001,1.4255755E-003
2.8738170E+001,1.6660126E-003
2.8740170E+001,1.8996646E-003
2.8742170E+001,2.0602768E-003
2.8744170E+001,2.2208890E-003
2.8746170E+001,2.3343333E-003
2.8748170E+001,2.4143163E-003
2.8750170E+001,2.4887207E-003
2.8752170E+001,2.5030712E-003
2.8754170E+001,2.5174216E-003
2.8756170E+001,2.5064046E-003
2.8758170E+001,2.4773917E-003
2.8760170E+001,2.4465128E-003
2.8762170E+001,2.3955469E-003
2.8764170E+001,2.3445810E-003
2.8766170E+001,2.2894504E-003
2.8768170E+001,2.2313653E-003
2.8770170E+001,2.1731579E-003
2.8772170E+001,2.1136338E-003
2.8774170E+001,2.0541096E-003
2.8776170E+001,1.9920626E-003
2.8778170E+001,1.9282259E-003
2.8780170E+001,1.8633294E-003
2.8782170E+001,1.7870237E-003
2.8784170E+001,1.7107181E-003
2.8786170E+001,1.6221912E-003
2.8788170E+001,1.5249944E-003
2.8790170E+001,1.4257599E-003
2.8792170E+001,1.3045886E-003
2.8794170E+001,1.1834173E-003
2.8796170E+001,1.0522122E-003
2.8798170E+001,9.1388912E-004
2.8800170E+001,7.7563607E-004
2.8802170E+001,6.3813727E-004
2.8804170E+001,5.0063848E-004
2.8806170E+001,3.7831105E-004
2.8808170E+001,2.6674622E-004
2.8810170E+001,1.5935891E-004
2.8812170E+001,9.6941675E-005
2.8814170E+001,3.4524436E-005
2.8816170E+001,6.9901592E-006
2.8818170E+001,4.2019622E-006
2.8820170E+001,5.6166746E-006
2.8822170E+001,5.2274738E-005
2.8824170E+001,9.8932802E-005
2.8826170E+001,1.5577147E-004
2.8828170E+001,2.1983230E-004
2.8830170E+001,2.8137171E-004
2.8832170E+001,3.1576867E-004
2.8834170E+001,3.5016563E-004
2.8836170E+001,3.3856445E-004
2.8838170E+001,2.9433206E-004
2.8840170E+001,2.4037553E-004
2.8842170E+001,8.1740906E-005
2.8844170E+001,-7.6893718E-005
2.8846170E+001,-3.0877238E-004
2.8848170E+001,-5.9261060E-004
2.8850170E+001,-8.8550047E-004
2.8852170E+001,-1.2758294E-003
2.8854170E+001,-1.6661583E-003
2.8856170E+001,-2.0927661E-003
2.8858170E+001,-2.5451103E-003
2.8860170E+001,-2.9976454E-003
2.8862170E+001,-3.4522352E-003
2.8864170E+001,-3.9068249E-003
2.8866170E+001,-4.3270368E-003
2.8868170E+001,-4.7228609E-003
2.8870170E+001,-5.1095641E-003
2.8872170E+001,-5.3980825E-003
2.8874170E+001,-5.6866008E-003
2.8876170E+001,-5.8967623E-003
2.8878170E+001,-6.0513370E-003
2.8880170E+001,-6.1943566E-003
2.8882170E+001,-6.2129871E-003
2.8884170E+001,-6.2316175E-003
2.8886170E+001,-6.1819179E-003
2.8888170E+001,-6.0837445E-003
2.8890170E+001,-5.9784755E-003
2.8892170E+001,-5.7968232E-003
2.8894170E+001,-5.6151708E-003
2.8896170E+001,-5.4080533E-003
2.8898170E+001,-5.1828708E-003
2.8900170E+001,-4.9573689E-003
2.8902170E+001,-4.7284290E-003
2.8904170E+001,-4.4994892E-003
2.8906170E+001,-4.2880949E-003
2.8908170E+001,-4.0891475E-003
2.8910170E+001,-3.8946997E-003
2.8912170E+001,-3.7486885E-003
2.8914170E+001,-3.6026773E-003
2.8916170E+001,-3.4928648E-003
2.8918170E+001,-3.4087316E-003
2.8920170E+001,-3.3293663E-003
2.8922170E+001,-3.3013248E-003
2.8924170E+001,-3.2732833E-003
2.8926170E+001,-3.2676402E-003
2.8928170E+001,-3.2778865E-003
2.8930170E+001,-3.2893955E-003
2.8932170E+001,-3.3144970E-003
2.8934170E+001,-3.3395984E-003
2.8936170E+001,-3.3613690E-003
2.8938170E+001,-3.3807767E-003
2.8940170E+001,-3.3988288E-003
2.8942170E+001,-3.4022874E-003
2.8944170E+001,-3.4057460E-003
2.8946170E+001,-3.4017631E-003
2.8948170E+001,-3.3925011E-003
2.8950170E+001,-3.3833882E-003
2.8952170E+001,-3.3758800E-003
2.8954170E+001,-3.3683719E-003
2.8956170E+001,-3.3729919E-003
2.8958170E+001,-3.3862158E-003
2.8960170E+001,-3.4024348E-003
2.8962170E+001,-3.4508965E-003
2.8964170E+001,-3.4993582E-003
2.8966170E+001,-3.5695167E-003
2.8968170E+001,-3.6550671E-003
2.8970170E+001,-3.7424931E-003
2.8972170E+001,-3.8501095E-003
2.8974170E+001,-3.9577258E-003
2.8976170E+001,-4.0605738E-003
2.8978170E+001,-4.1600392E-003
2.8980170E+001,-4.2555505E-003
2.8982170E+001,-4.3084963E-003
2.8984170E+001,-4.3614422E-003
2.8986170E+001,-4.3657293E-003
2.8988170E+001,-4.3354979E-003
2.8990170E+001,-4.2960652E-003
2.8992170E+001,-4.1575817E-003
2.8994170E+001,-4.0190983E-003
2.8996170E+001,-3.8139529E-003
2.8998170E+001,-3.5615174E-003
2.9000170E+001,-3.3009003E-003
2.9002170E+001,-2.9522103E-003
2.9004170E+001,-2.6035202E-003
2.9006170E+001,-2.2218730E-003
2.9008170E+001,-1.8168458E-003
2.9010170E+001,-1.4117421E-003
2.9012170E+001,-1.0058138E-003
2.9014170E+001,-5.9988547E-004
2.9016170E+001,-2.2862546E-004
2.9018170E+001,1.1804075E-004
2.9020170E+001,4.5519678E-004
2.9022170E+001,6.8997782E-004
2.9024170E+001,9.2475886E-004
2.9026170E+001,1.0741250E-003
2.9028170E+001,1.1628976E-003
2.9030170E+001,1.2385418E-003
2.9032170E+001,1.1728617E-003
2.9034170E+001,1.1071816E-003
2.9036170E+001,9.6218932E-004
2.9038170E+001,7.6093278E-004
2.9040170E+001,5.5173019E-004
2.9042170E+001,2.5699006E-004
2.9044170E+001,-3.7750070E-005
2.9046170E+001,-3.5376927E-004
2.9048170E+001,-6.8488391E-004
2.9050170E+001,-1.0138020E-003
2.9052170E+001,-1.3190753E-003
2.9054170E+001,-1.6243485E-003
2.9056170E+001,-1.8809491E-003
2.9058170E+001,-2.1030212E-003
2.9060170E+001,-2.3143415E-003
2.9062170E+001,-2.4099208E-003
2.9064170E+001,-2.5055001E-003
2.9066170E+001,-2.5143808E-003
2.9068170E+001,-2.4617571E-003
2.9070170E+001,-2.3968905E-003
2.9072170E+001,-2.2002313E-003
2.9074170E+001,-2.0035721E-003
2.9076170E+001,-1.7400330E-003
2.9078170E+001,-1.4290489E-003
2.9080170E+001,-1.1125817E-003
2.9082170E+001,-7.3708882E-004
2.9084170E+001,-3.6159595E-004
2.9086170E+001,1.6400893E-005
2.9088170E+001,3.9617407E-004
2.9090170E+001,7.7130129E-004
2.9092170E+001,1.0964157E-003
2.9094170E+001,1.4215302E-003
2.9096170E+001,1.6871050E-003
2.9098170E+001,1.9104423E-003
2.9100170E+001,2.1226971E-003
2.9102170E+001,2.2156511E-003
2.9104170E+001,2.3086051E-003
2.9106170E+001,2.3206851E-003
2.9108170E+001,2.2753930E-003
2.9110170E+001,2.2193716E-003
2.9112170E+001,2.0478514E-003
2.9114170E+001,1.8763312E-003
2.9116170E+001,1.6482787E-003
2.9118170E+001,1.3801218E-003
2.9120170E+001,1.1074836E-003
2.9122170E+001,7.8660432E-004
2.9124170E+001,4.6572503E-004
2.9126170E+001,1.4529779E-004
2.9128170E+001,-1.7480875E-004
2.9130170E+001,-4.9007640E-004
2.9132170E+001,-7.5325461E-004
2.9134170E+001,-1.0164328E-003
2.9136170E+001,-1.2172782E-003
2.9138170E+001,-1.3739046E-003
2.9140170E+001,-1.5186892E-003
2.9142170E+001,-1.5360001E-003
2.9144170E+001,-1.5533109E-003
2.9146170E+001,-1.4848646E-003
2.9148170E+001,-1.3555818E-003
2.9150170E+001,-1.2156534E-003
2.9152170E+001,-9.6112567E-004
2.9154170E+001,-7.0659797E-004
2.9156170E+001,-4.0524702E-004
2.9158170E+001,-7.0679516E-005
2.9160170E+001,2.6581602E-004
2.9162170E+001,6.2306629E-004
2.9164170E+001,9.8031657E-004
2.9166170E+001,1.3186394E-003
2.9168170E+001,1.6435351E-003
2.9170170E+001,1.9622245E-003
2.9172170E+001,2.2141048E-003
2.9174170E+001,2.4659851E-003
2.9176170E+001,2.6631392E-003
2.9178170E+001,2.8214702E-003
2.9180170E+001,2.9716693E-003
2.9182170E+001,3.0343301E-003
2.9184170E+001,3.0969909E-003
2.9186170E+001,3.1091075E-003
2.9188170E+001,3.0853678E-003
2.9190170E+001,3.0553852E-003
2.9192170E+001,2.9581986E-003
2.9194170E+001,2.8610121E-003
2.9196170E+001,2.7282698E-003
2.9198170E+001,2.5703041E-003
2.9200170E+001,2.4083142E-003
2.9202170E+001,2.2030033E-003
2.9204170E+001,1.9976925E-003
2.9206170E+001,1.7751388E-003
2.9208170E+001,1.5403530E-003
2.9210170E+001,1.3051683E-003
2.9212170E+001,1.0656909E-003
2.9214170E+001,8.2621347E-004
2.9216170E+001,6.0182472E-004
2.9218170E+001,3.8813993E-004
2.9220170E+001,1.7929500E-004
2.9222170E+001,2.2550140E-005
2.9224170E+001,-1.3419472E-004
2.9226170E+001,-2.4313431E-004
2.9228170E+001,-3.1816069E-004
2.9230170E+001,-3.8519342E-004
2.9232170E+001,-3.6617629E-004
2.9234170E+001,-3.4715915E-004
2.9236170E+001,-2.7460532E-004
2.9238170E+001,-1.6407240E-004
2.9240170E+001,-4.7056163E-005
2.9242170E+001,1.3975147E-004
2.9244170E+001,3.2655910E-004
2.9246170E+001,5.4453347E-004
2.9248170E+001,7.8461760E-004
2.9250170E+001,1.0270227E-003
2.9252170E+001,1.2944121E-003
2.9254170E+001,1.5618015E-003
2.9256170E+001,1.8297320E-003
2.9258170E+001,2.0980464E-003
2.9260170E+001,2.3641978E-003
2.9262170E+001,2.6070651E-003
2.9264170E+001,2.8499324E-003
2.9266170E+001,3.0625586E-003
2.9268170E+001,3.2537316E-003
2.9270170E+001,3.4384819E-003
2.9272170E+001,3.5540914E-003
2.9274170E+001,3.6697010E-003
2.9276170E+001,3.7319189E-003
2.9278170E+001,3.7562606E-003
2.9280170E+001,3.7728862E-003
2.9282170E+001,3.7064502E-003
2.9284170E+001,3.6400142E-003
2.9286170E+001,3.5337735E-003
2.9288170E+001,3.3992953E-003
2.9290170E+001,3.2627881E-003
2.9292170E+001,3.1044390E-003
2.9294170E+001,2.9460899E-003
2.9296170E+001,2.8064591E-003
2.9298170E+001,2.6801071E-003
2.9300170E+001,2.5608495E-003
2.9302170E+001,2.5179617E-003
2.9304170E+001,2.4750739E-003
2.9306170E+001,2.4989895E-003
2.9308170E+001,2.5702958E-003
2.9310170E+001,2.6513202E-003
2.9312170E+001,2.8369589E-003
2.9314170E+001,3.0225976E-003
2.9316170E+001,3.2577681E-003
2.9318170E+001,3.5280766E-003
2.9320170E+001,3.8014477E-003
2.9322170E+001,4.1077857E-003
2.9324170E+001,4.4141238E-003
2.9326170E+001,4.7110504E-003
2.9328170E+001,5.0013005E-003
2.9330170E+001,5.2865704E-003
2.9332170E+001,5.5182288E-003
2.9334170E+001,5.7498873E-003
2.9336170E+001,5.9316416E-003
2.9338170E+001,6.0779937E-003
2.9340170E+001,6.2161257E-003
2.9342170E+001,6.2657705E-003
2.9344170E+001,6.3154154E-003
2.9346170E+001,6.3086589E-003
2.9348170E+001,6.2618912E-003
2.9350170E+001,6.2076743E-003
2.9352170E+001,6.0732687E-003
2.9354170E+001,5.9388631E-003
2.9356170E+001,5.7625645E-003
2.9358170E+001,5.5565470E-003
2.9360170E+001,5.3464448E-003
2.9362170E+001,5.0923719E-003
2.9364170E+001,4.8382989E-003
2.9366170E+001,4.5743273E-003
2.9368170E+001,4.3033336E-003
2.9370170E+001,4.0340197E-003
2.9372170E+001,3.7827874E-003
2.9374170E+001,3.5315552E-003
2.9376170E+001,3.3138120E-003
2.9378170E+001,3.1198260E-003
2.9380170E+001,2.9334266E-003
2.9382170E+001,2.8286948E-003
2.9384170E+001,2.7239630E-003
2.9386170E+001,2.6836141E-003
2.9388170E+001,2.6889385E-003
2.9390170E+001,2.7041148E-003
2.9392170E+001,2.8253443E-003
2.9394170E+001,2.9465737E-003
2.9396170E+001,3.1294331E-003
2.9398170E+001,3.3560129E-003
2.9400170E+001,3.5893261E-003
2.9402170E+001,3.8951230E-003
2.9404170E+001,4.2009199E-003
2.9406170E+001,4.5305148E-003
2.9408170E+001,4.8769923E-003
2.9410170E+001,5.2230322E-003
2.9412170E+001,5.5643623E-003
2.9414170E+001,5.9056924E-003
2.9416170E+001,6.2163223E-003
2.9418170E+001,6.5051732E-003
2.9420170E+001,6.7858503E-003
2.9422170E+001,6.9785379E-003
2.9424170E+001,7.1712256E-003
2.9426170E+001,7.2866608E-003
2.9428170E+001,7.3472929E-003
2.9430170E+001,7.3946186E-003
2.9432170E+001,7.2987054E-003
2.9434170E+001,7.2027921E-003
2.9436170E+001,7.0097291E-003
2.9438170E+001,6.7477476E-003
2.9440170E+001,6.4723976E-003
2.9442170E+001,6.0531388E-003
2.9444170E+001,5.6338801E-003
2.9446170E+001,5.1396382E-003
2.9448170E+001,4.5922030E-003
2.9450170E+001,4.0379576E-003
2.9452170E+001,3.4104022E-003
2.9454170E+001,2.7828469E-003
2.9456170E+001,2.1438584E-003
2.9458170E+001,1.4967593E-003
2.9460170E+001,8.5327009E-004
2.9462170E+001,2.4864114E-004
2.9464170E+001,-3.5598782E-004
2.9466170E+001,-9.0592346E-004
2.9468170E+001,-1.4170595E-003
2.9470170E+001,-1.9176435E-003
2.9472170E+001,-2.3046379E-003
2.9474170E+001,-2.6916323E-003
2.9476170E+001,-3.0020788E-003
2.9478170E+001,-3.2582221E-003
2.9480170E+001,-3.5045131E-003
2.9482170E+001,-3.6447463E-003
2.9484170E+001,-3.7849796E-003
2.9486170E+001,-3.8751072E-003
2.9488170E+001,-3.9296898E-003
2.9490170E+001,-3.9801785E-003
2.9492170E+001,-3.9865988E-003
2.9494170E+001,-3.9930190E-003
2.9496170E+001,-3.9927865E-003
2.9498170E+001,-3.9878344E-003
2.9500170E+001,-3.9844208E-003
2.9502170E+001,-3.9975684E-003
2.9504170E+001,-4.0107160E-003
2.9506170E+001,-4.0445815E-003
2.9508170E+001,-4.0931443E-003
2.9510170E+001,-4.1449345E-003
2.9512170E+001,-4.2314665E-003
2.9514170E+001,-4.3179985E-003
2.9516170E+001,-4.4198839E-003
2.9518170E+001,-4.5326612E-003
2.9520170E+001,-4.6458088E-003
2.9522170E+001,-4.7629442E-003
2.9524170E+001,-4.8800795E-003
2.9526170E+001,-4.9850070E-003
2.9528170E+001,-5.0812744E-003
2.9530170E+001,-5.1739538E-003
2.9532170E+001,-5.2280112E-003
2.9534170E+001,-5.2820685E-003
2.9536170E+001,-5.3043681E-003
2.9538170E+001,-5.3041387E-003
2.9540170E+001,-5.2992704E-003
2.9542170E+001,-5.2444648E-003
2.9544170E+001,-5.1896592E-003
2.9546170E+001,-5.1094561E-003
2.9548170E+001,-5.0112359E-003
2.9550170E+001,-4.9110121E-003
2.9552170E+001,-4.7892197E-003
2.9554170E+001,-4.6674273E-003
2.9556170E+001,-4.5460047E-003
2.9558170E+001,-4.4248444E-003
2.9560170E+001,-4.3057862E-003
2.9562170E+001,-4.2093577E-003
2.9564170E+001,-4.1129293E-003
2.9566170E+001,-4.0429649E-003
2.9568170E+001,-3.9917743E-003
2.9570170E+001,-3.9456527E-003
2.9572170E+001,-3.9540982E-003
2.9574170E+001,-3.9625438E-003
2.9576170E+001,-4.0094074E-003
2.9578170E+001,-4.0835249E-003
2.9580170E+001,-4.1628408E-003
2.9582170E+001,-4.2981154E-003
2.9584170E+001,-4.4333901E-003
2.9586170E+001,-4.5948334E-003
2.9588170E+001,-4.7748409E-003
2.9590170E+001,-4.9562835E-003
2.9592170E+001,-5.1531743E-003
2.9594170E+001,-5.3500650E-003
2.9596170E+001,-5.5355740E-003
2.9598170E+001,-5.7130086E-003
2.9600170E+001,-5.8854494E-003
2.9602170E+001,-6.0041335E-003
2.9604170E+001,-6.1228176E-003
2.9606170E+001,-6.1868938E-003
2.9608170E+001,-6.2122309E-003
2.9610170E+001,-6.2277918E-003
2.9612170E+001,-6.1381144E-003
2.9614170E+001,-6.0484370E-003
2.9616170E+001,-5.8901534E-003
2.9618170E+001,-5.6832003E-003
2.9620170E+001,-5.4679677E-003
2.9622170E+001,-5.1636075E-003
2.9624170E+001,-4.8592473E-003
2.9626170E+001,-4.5213354E-003
2.9628170E+001,-4.1596218E-003
2.9630170E+001,-3.7975884E-003
2.9632170E+001,-3.4321122E-003
2.9634170E+001,-3.0666361E-003
2.9636170E+001,-2.7320046E-003
2.9638170E+001,-2.4192545E-003
2.9640170E+001,-2.1149616E-003
2.9642170E+001,-1.9017085E-003
2.9644170E+001,-1.6884554E-003
2.9646170E+001,-1.5485303E-003
2.9648170E+001,-1.4606243E-003
2.9650170E+001,-1.3832497E-003
2.9652170E+001,-1.4192429E-003
2.9654170E+001,-1.4552362E-003
2.9656170E+001,-1.5470354E-003
2.9658170E+001,-1.6784236E-003
2.9660170E+001,-1.8137606E-003
2.9662170E+001,-1.9916064E-003
2.9664170E+001,-2.1694522E-003
2.9666170E+001,-2.3405363E-003
2.9668170E+001,-2.5068237E-003
2.9670170E+001,-2.6675702E-003
2.9672170E+001,-2.7686693E-003
2.9674170E+001,-2.8697685E-003
2.9676170E+001,-2.9110639E-003
2.9678170E+001,-2.9099342E-003
2.9680170E+001,-2.8990254E-003
2.9682170E+001,-2.7828459E-003
2.9684170E+001,-2.6666664E-003
2.9686170E+001,-2.4905011E-003
2.9688170E+001,-2.2717816E-003
2.9690170E+001,-2.0471148E-003
2.9692170E+001,-1.7584272E-003
2.9694170E+001,-1.4697396E-003
2.9696170E+001,-1.1652289E-003
2.9698170E+001,-8.4949335E-004
2.9700170E+001,-5.3503672E-004
2.9702170E+001,-2.3434778E-004
2.9704170E+001,6.6341165E-005
2.9706170E+001,3.3959258E-004
2.9708170E+001,5.9337972E-004
2.9710170E+001,8.4178603E-004
2.9712170E+001,1.0322688E-003
2.9714170E+001,1.2227516E-003
2.9716170E+001,1.3757608E-003
2.9718170E+001,1.5021859E-003
2.9720170E+001,1.6240877E-003
2.9722170E+001,1.6972968E-003
2.9724170E+001,1.7705059E-003
2.9726170E+001,1.8218054E-003
2.9728170E+001,1.8575622E-003
2.9730170E+001,1.8912858E-003
2.9732170E+001,1.9031225E-003
2.9734170E+001,1.9149592E-003
2.9736170E+001,1.9164905E-003
2.9738170E+001,1.9107112E-003
2.9740170E+001,1.9033077E-003
2.9742170E+001,1.8784200E-003
2.9744170E+001,1.8535323E-003
2.9746170E+001,1.8143878E-003
2.9748170E+001,1.7651294E-003
2.9750170E+001,1.7135463E-003
2.9752170E+001,1.6369385E-003
2.9754170E+001,1.5603307E-003
2.9756170E+001,1.4699463E-003
2.9758170E+001,1.3697888E-003
2.9760170E+001,1.2685931E-003
2.9762170E+001,1.1562219E-003
2.9764170E+001,1.0438508E-003
2.9766170E+001,9.3370090E-004
2.9768170E+001,8.2512683E-004
2.9770170E+001,7.1822538E-004
2.9772170E+001,6.2932920E-004
2.9774170E+001,5.4043302E-004
2.9776170E+001,4.6963406E-004
2.9778170E+001,4.1167333E-004
2.9780170E+001,3.5671578E-004
2.9782170E+001,3.3408673E-004
2.9784170E+001,3.1145769E-004
2.9786170E+001,3.0837246E-004
2.9788170E+001,3.1915168E-004
2.9790170E+001,3.3223118E-004
2.9792170E+001,3.7007266E-004
2.9794170E+001,4.0791414E-004
2.9796170E+001,4.5592028E-004
2.9798170E+001,5.1113728E-004
2.9800170E+001,5.6667934E-004
2.9802170E+001,6.2572074E-004
2.9804170E+001,6.8476214E-004
2.9806170E+001,7.3540444E-004
2.9808170E+001,7.8008838E-004
2.9810170E+001,8.2171331E-004
2.9812170E+001,8.3040862E-004
2.9814170E+001,8.3910394E-004
2.9816170E+001,8.1459047E-004
2.9818170E+001,7.6651858E-004
2.9820170E+001,7.1249847E-004
2.9822170E+001,5.9444712E-004
2.9824170E+001,4.7639578E-004
2.9826170E+001,3.1799437E-004
2.9828170E+001,1.3096852E-004
2.9830170E+001,-6.0355728E-005
2.9832170E+001,-2.9795115E-004
2.9834170E+001,-5.3554657E-004
2.9836170E+001,-7.8344675E-004
2.9838170E+001,-1.0386572E-003
2.9840170E+001,-1.2920563E-003
2.9842170E+001,-1.5259581E-003
2.9844170E+001,-1.7598598E-003
2.9846170E+001,-1.9613493E-003
2.9848170E+001,-2.1398454E-003
2.9850170E+001,-2.3118645E-003
2.9852170E+001,-2.4141596E-003
2.9854170E+001,-2.5164547E-003
2.9856170E+001,-2.5718102E-003
2.9858170E+001,-2.5938667E-003
2.9860170E+001,-2.6100681E-003
2.9862170E+001,-2.5632407E-003
2.9864170E+001,-2.5164133E-003
2.9866170E+001,-2.4425047E-003
2.9868170E+001,-2.3493847E-003
2.9870170E+001,-2.2548062E-003
2.9872170E+001,-2.1445276E-003
2.9874170E+001,-2.0342491E-003
2.9876170E+001,-1.9325300E-003
2.9878170E+001,-1.8368830E-003
2.9880170E+001,-1.7451387E-003
2.9882170E+001,-1.6954069E-003
2.9884170E+001,-1.6456751E-003
2.9886170E+001,-1.6386982E-003
2.9888170E+001,-1.6620518E-003
2.9890170E+001,-1.6931538E-003
2.9892170E+001,-1.8076648E-003
2.9894170E+001,-1.9221758E-003
2.9896170E+001,-2.0918865E-003
2.9898170E+001,-2.3007561E-003
2.9900170E+001,-2.5162709E-003
2.9902170E+001,-2.8033197E-003
2.9904170E+001,-3.0903685E-003
2.9906170E+001,-3.4017950E-003
2.9908170E+001,-3.7305152E-003
2.9910170E+001,-4.0582933E-003
2.9912170E+001,-4.3759300E-003
2.9914170E+001,-4.6935668E-003
2.9916170E+001,-4.9697653E-003
2.9918170E+001,-5.2165674E-003
2.9920170E+001,-5.4527626E-003
2.9922170E+001,-5.5747772E-003
2.9924170E+001,-5.6967919E-003
2.9926170E+001,-5.7251560E-003
2.9928170E+001,-5.6870842E-003
2.9930170E+001,-5.6347358E-003
2.9932170E+001,-5.4287026E-003
2.9934170E+001,-5.2226695E-003
2.9936170E+001,-4.9309948E-003
2.9938170E+001,-4.5785659E-003
2.9940170E+001,-4.2176203E-003
2.9942170E+001,-3.7649953E-003
2.9944170E+001,-3.3123704E-003
2.9946170E+001,-2.8368005E-003
2.9948170E+001,-2.3449534E-003
2.9950170E+001,-1.8551473E-003
2.9952170E+001,-1.3873127E-003
2.9954170E+001,-9.1947809E-004
2.9956170E+001,-4.9674660E-004
2.9958170E+001,-1.0601139E-004
2.9960170E+001,2.7530616E-004
2.9962170E+001,5.5524472E-004
2.9964170E+001,8.3518328E-004
2.9966170E+001,1.0440863E-003
2.9968170E+001,1.2025964E-003
2.9970170E+001,1.3516409E-003
2.9972170E+001,1.3987908E-003
2.9974170E+001,1.4459407E-003
2.9976170E+001,1.4419660E-003
2.9978170E+001,1.4017233E-003
2.9980170E+001,1.3565515E-003
2.9982170E+001,1.2583185E-003
2.9984170E+001,1.1600854E-003
2.9986170E+001,1.0441151E-003
2.9988170E+001,9.1556195E-004
2.9990170E+001,7.8633415E-004
2.9992170E+001,6.4984367E-004
2.9994170E+001,5.1335319E-004
2.9996170E+001,3.8258650E-004
2.9998170E+001,2.5588026E-004
3.0000170E+001,1.3137525E-004
3.0002170E+001,3.0565819E-005
3.0004170E+001,-7.0243609E-005
3.0006170E+001,-1.4595647E-004
3.0008170E+001,-2.0386574E-004
3.0010170E+001,-2.5661373E-004
3.0012170E+001,-2.5380171E-004
3.0014170E+001,-2.5098970E-004
3.0016170E+001,-2.0331915E-004
3.0018170E+001,-1.2382581E-004
3.0020170E+001,-3.6968339E-005
3.0022170E+001,1.2916236E-004
3.0024170E+001,2.9529306E-004
3.0026170E+001,5.1191006E-004
3.0028170E+001,7.6434219E-004
3.0030170E+001,1.0229540E-003
3.0032170E+001,1.3480891E-003
3.0034170E+001,1.6732241E-003
3.0036170E+001,2.0251279E-003
3.0038170E+001,2.3960214E-003
3.0040170E+001,2.7676835E-003
3.0042170E+001,3.1476181E-003
3.0044170E+001,3.5275527E-003
3.0046170E+001,3.8893478E-003
3.0048170E+001,4.2382748E-003
3.0050170E+001,4.5815138E-003
3.0052170E+001,4.8635232E-003
3.0054170E+001,5.1455326E-003
3.0056170E+001,5.3736660E-003
3.0058170E+001,5.5635795E-003
3.0060170E+001,5.7447846E-003
3.0062170E+001,5.8322468E-003
3.0064170E+001,5.9197090E-003
3.0066170E+001,5.9501094E-003
3.0068170E+001,5.9400300E-003
3.0070170E+001,5.9231153E-003
3.0072170E+001,5.8326208E-003
3.0074170E+001,5.7421263E-003
3.0076170E+001,5.6190524E-003
3.0078170E+001,5.4728667E-003
3.0080170E+001,5.3243722E-003
3.0082170E+001,5.1510244E-003
3.0084170E+001,4.9776765E-003
3.0086170E+001,4.8061191E-003
3.0088170E+001,4.6358318E-003
3.0090170E+001,4.4683841E-003
3.0092170E+001,4.3315041E-003
3.0094170E+001,4.1946241E-003
3.0096170E+001,4.0935585E-003
3.0098170E+001,4.0178998E-003
3.0100170E+001,3.9492300E-003
3.0102170E+001,3.9557942E-003
3.0104170E+001,3.9623585E-003
3.0106170E+001,4.0223993E-003
3.0108170E+001,4.1203765E-003
3.0110170E+001,4.2255700E-003
3.0112170E+001,4.4084470E-003
3.0114170E+001,4.5913239E-003
3.0116170E+001,4.8104004E-003
3.0118170E+001,5.0551570E-003
3.0120170E+001,5.3020964E-003
3.0122170E+001,5.5725329E-003
3.0124170E+001,5.8429694E-003
3.0126170E+001,6.1033995E-003
3.0128170E+001,6.3567310E-003
3.0130170E+001,6.6050414E-003
3.0132170E+001,6.7992996E-003
3.0134170E+001,6.9935579E-003
3.0136170E+001,7.1326295E-003
3.0138170E+001,7.2325513E-003
3.0140170E+001,7.3223387E-003
3.0142170E+001,7.3030306E-003
3.0144170E+001,7.2837224E-003
3.0146170E+001,7.1874078E-003
3.0148170E+001,7.0364645E-003
3.0150170E+001,6.8744576E-003
3.0152170E+001,6.5933535E-003
3.0154170E+001,6.3122493E-003
3.0156170E+001,5.9644533E-003
3.0158170E+001,5.5693457E-003
3.0160170E+001,5.1671363E-003
3.0162170E+001,4.6884774E-003
3.0164170E+001,4.2098184E-003
3.0166170E+001,3.7068881E-003
3.0168170E+001,3.1867396E-003
3.0170170E+001,2.6671303E-003
3.0172170E+001,2.1533246E-003
3.0174170E+001,1.6395190E-003
3.0176170E+001,1.1558976E-003
3.0178170E+001,6.9368903E-004
3.0180170E+001,2.3879729E-004
3.0182170E+001,-1.3733033E-004
3.0184170E+001,-5.1345795E-004
3.0186170E+001,-8.2814032E-004
3.0188170E+001,-1.0992332E-003
3.0190170E+001,-1.3610891E-003
3.0192170E+001,-1.5235097E-003
3.0194170E+001,-1.6859304E-003
3.0196170E+001,-1.7892399E-003
3.0198170E+001,-1.8506157E-003
3.0200170E+001,-1.9045637E-003
3.0202170E+001,-1.8785523E-003
3.0204170E+001,-1.8525408E-003
3.0206170E+001,-1.7845777E-003
3.0208170E+001,-1.6868540E-003
3.0210170E+001,-1.5844014E-003
3.0212170E+001,-1.4310445E-003
3.0214170E+001,-1.2776876E-003
3.0216170E+001,-1.1017014E-003
3.0218170E+001,-9.0966186E-004
3.0220170E+001,-7.1593120E-004
3.0222170E+001,-5.0399575E-004
3.0224170E+001,-2.9206030E-004
3.0226170E+001,-8.0328531E-005
3.0228170E+001,1.3125874E-004
3.0230170E+001,3.4117700E-004
3.0232170E+001,5.3312887E-004
3.0234170E+001,7.2508073E-004
3.0236170E+001,8.9689101E-004
3.0238170E+001,1.0544128E-003
3.0240170E+001,1.2083915E-003
3.0242170E+001,1.3242301E-003
3.0244170E+001,1.4400686E-003
3.0246170E+001,1.5324730E-003
3.0248170E+001,1.6082531E-003
3.0250170E+001,1.6814380E-003
3.0252170E+001,1.7266862E-003
3.0254170E+001,1.7719344E-003
3.0256170E+001,1.8075812E-003
3.0258170E+001,1.8364167E-003
3.0260170E+001,1.8650435E-003
3.0262170E+001,1.8914237E-003
3.0264170E+001,1.9178038E-003
3.0266170E+001,1.9482769E-003
3.0268170E+001,1.9816536E-003
3.0270170E+001,2.0158663E-003
3.0272170E+001,2.0590782E-003
3.0274170E+001,2.1022900E-003
3.0276170E+001,2.1494309E-003
3.0278170E+001,2.1993589E-003
3.0280170E+001,2.2492988E-003
3.0282170E+001,2.2993668E-003
3.0284170E+001,2.3494348E-003
3.0286170E+001,2.3954173E-003
3.0288170E+001,2.4385016E-003
3.0290170E+001,2.4805281E-003
3.0292170E+001,2.5111678E-003
3.0294170E+001,2.5418076E-003
3.0296170E+001,2.5635748E-003
3.0298170E+001,2.5790477E-003
3.0300170E+001,2.5932569E-003
3.0302170E+001,2.5938626E-003
3.0304170E+001,2.5944684E-003
3.0306170E+001,2.5884910E-003
3.0308170E+001,2.5778434E-003
3.0310170E+001,2.5668755E-003
3.0312170E+001,2.5524586E-003
3.0314170E+001,2.5380417E-003
3.0316170E+001,2.5279222E-003
3.0318170E+001,2.5208512E-003
3.0320170E+001,2.5154345E-003
3.0322170E+001,2.5278257E-003
3.0324170E+001,2.5402170E-003
3.0326170E+001,2.5685771E-003
3.0328170E+001,2.6082654E-003
3.0330170E+001,2.6500719E-003
3.0332170E+001,2.7146789E-003
3.0334170E+001,2.7792859E-003
3.0336170E+001,2.8491393E-003
3.0338170E+001,2.9227145E-003
3.0340170E+001,2.9946906E-003
3.0342170E+001,3.0494537E-003
3.0344170E+001,3.1042168E-003
3.0346170E+001,3.1290799E-003
3.0348170E+001,3.1327319E-003
3.0350170E+001,3.1298251E-003
3.0352170E+001,3.0563144E-003
3.0354170E+001,2.9828036E-003
3.0356170E+001,2.8583717E-003
3.0358170E+001,2.6978163E-003
3.0360170E+001,2.5307714E-003
3.0362170E+001,2.2938686E-003
3.0364170E+001,2.0569658E-003
3.0366170E+001,1.7917119E-003
3.0368170E+001,1.5063458E-003
3.0370170E+001,1.2198798E-003
3.0372170E+001,9.2157445E-004
3.0374170E+001,6.2326911E-004
3.0376170E+001,3.3603145E-004
3.0378170E+001,5.6645235E-005
3.0380170E+001,-2.1947719E-004
3.0382170E+001,-4.6046568E-004
3.0384170E+001,-7.0145417E-004
3.0386170E+001,-9.1798459E-004
3.0388170E+001,-1.1171644E-003
3.0390170E+001,-1.3137160E-003
3.0392170E+001,-1.4819758E-003
3.0394170E+001,-1.6502356E-003
3.0396170E+001,-1.8115036E-003
3.0398170E+001,-1.9678117E-003
3.0400170E+001,-2.1246758E-003
3.0402170E+001,-2.2875266E-003
3.0404170E+001,-2.4503774E-003
3.0406170E+001,-2.6228688E-003
3.0408170E+001,-2.8021993E-003
3.0410170E+001,-2.9826259E-003
3.0412170E+001,-3.1748510E-003
3.0414170E+001,-3.3670761E-003
3.0416170E+001,-3.5567720E-003
3.0418170E+001,-3.7446737E-003
3.0420170E+001,-3.9300224E-003
3.0422170E+001,-4.0878898E-003
3.0424170E+001,-4.2457572E-003
3.0426170E+001,-4.3713089E-003
3.0428170E+001,-4.4739357E-003
3.0430170E+001,-4.5705782E-003
3.0432170E+001,-4.6028007E-003
3.0434170E+001,-4.6350232E-003
3.0436170E+001,-4.6265736E-003
3.0438170E+001,-4.5892711E-003
3.0440170E+001,-4.5474882E-003
3.0442170E+001,-4.4574746E-003
3.0444170E+001,-4.3674611E-003
3.0446170E+001,-4.2623542E-003
3.0448170E+001,-4.1465401E-003
3.0450170E+001,-4.0309272E-003
3.0452170E+001,-3.9174790E-003
3.0454170E+001,-3.8040308E-003
3.0456170E+001,-3.7042362E-003
3.0458170E+001,-3.6141275E-003
3.0460170E+001,-3.5267289E-003
3.0462170E+001,-3.4685030E-003
3.0464170E+001,-3.4102772E-003
3.0466170E+001,-3.3681430E-003
3.0468170E+001,-3.3374242E-003
3.0470170E+001,-3.3079070E-003
3.0472170E+001,-3.2913239E-003
3.0474170E+001,-3.2747408E-003
3.0476170E+001,-3.2569622E-003
3.0478170E+001,-3.2383356E-003
3.0480170E+001,-3.2184132E-003
3.0482170E+001,-3.1845417E-003
3.0484170E+001,-3.1506702E-003
3.0486170E+001,-3.1040858E-003
3.0488170E+001,-3.0484828E-003
3.0490170E+001,-2.9911727E-003
3.0492170E+001,-2.9154854E-003
3.0494170E+001,-2.8397982E-003
3.0496170E+001,-2.7577864E-003
3.0498170E+001,-2.6712880E-003
3.0500170E+001,-2.5851446E-003
3.0502170E+001,-2.5028228E-003
3.0504170E+001,-2.4205011E-003
3.0506170E+001,-2.3511144E-003
3.0508170E+001,-2.2909038E-003
3.0510170E+001,-2.2340639E-003
3.0512170E+001,-2.2135081E-003
3.0514170E+001,-2.1929523E-003
3.0516170E+001,-2.2032264E-003
3.0518170E+001,-2.2353714E-003
3.0520170E+001,-2.2723128E-003
3.0522170E+001,-2.3608860E-003
3.0524170E+001,-2.4494593E-003
3.0526170E+001,-2.5653974E-003
3.0528170E+001,-2.7007483E-003
3.0530170E+001,-2.8380638E-003
3.0532170E+001,-2.9965269E-003
3.0534170E+001,-3.1549900E-003
3.0536170E+001,-3.3076214E-003
3.0538170E+001,-3.4561157E-003
3.0540170E+001,-3.6009125E-003
3.0542170E+001,-3.7059077E-003
3.0544170E+001,-3.8109028E-003
3.0546170E+001,-3.8764149E-003
3.0548170E+001,-3.9139177E-003
3.0550170E+001,-3.9450449E-003
3.0552170E+001,-3.9075396E-003
3.0554170E+001,-3.8700343E-003
3.0556170E+001,-3.7944260E-003
3.0558170E+001,-3.6917873E-003
3.0560170E+001,-3.5854463E-003
3.0562170E+001,-3.4392497E-003
3.0564170E+001,-3.2930532E-003
3.0566170E+001,-3.1351353E-003
3.0568170E+001,-2.9689021E-003
3.0570170E+001,-2.8023670E-003
3.0572170E+001,-2.6325828E-003
3.0574170E+001,-2.4627985E-003
3.0576170E+001,-2.2942364E-003
3.0578170E+001,-2.1265413E-003
3.0580170E+001,-1.9587936E-003
3.0582170E+001,-1.7904791E-003
3.0584170E+001,-1.6221647E-003
3.0586170E+001,-1.4507223E-003
3.0588170E+001,-1.2770609E-003
3.0590170E+001,-1.1029034E-003
3.0592170E+001,-9.2340534E-004
3.0594170E+001,-7.4390733E-004
3.0596170E+001,-5.6510367E-004
3.0598170E+001,-3.8679259E-004
3.0600170E+001,-2.0976979E-004
3.0602170E+001,-4.6615039E-005
3.0604170E+001,1.1653971E-004
3.0606170E+001,2.6054153E-004
3.0608170E+001,3.9095620E-004
3.0610170E+001,5.1712214E-004
3.0612170E+001,5.9755149E-004
3.0614170E+001,6.7798084E-004
3.0616170E+001,7.2098275E-004
3.0618170E+001,7.3743351E-004
3.0620170E+001,7.4769436E-004
3.0622170E+001,6.9132230E-004
3.0624170E+001,6.3495023E-004
3.0626170E+001,5.3497767E-004
3.0628170E+001,4.0407477E-004
3.0630170E+001,2.6749603E-004
3.0632170E+001,6.9818109E-005
3.0634170E+001,-1.2785981E-004
3.0636170E+001,-3.5383074E-004
3.0638170E+001,-5.9987283E-004
3.0640170E+001,-8.4770516E-004
3.0642170E+001,-1.1148090E-003
3.0644170E+001,-1.3819129E-003
3.0646170E+001,-1.6430523E-003
3.0648170E+001,-1.8999607E-003
3.0650170E+001,-2.1535544E-003
3.0652170E+001,-2.3714669E-003
3.0654170E+001,-2.5893795E-003
3.0656170E+001,-2.7723032E-003
3.0658170E+001,-2.9304058E-003
3.0660170E+001,-3.0825847E-003
3.0662170E+001,-3.1709965E-003
3.0664170E+001,-3.2594083E-003
3.0666170E+001,-3.3076500E-003
3.0668170E+001,-3.3273949E-003
3.0670170E+001,-3.3421434E-003
3.0672170E+001,-3.3031065E-003
3.0674170E+001,-3.2640696E-003
3.0676170E+001,-3.2001820E-003
3.0678170E+001,-3.1186651E-003
3.0680170E+001,-3.0353045E-003
3.0682170E+001,-2.9320958E-003
3.0684170E+001,-2.8288872E-003
3.0686170E+001,-2.7266495E-003
3.0688170E+001,-2.6251007E-003
3.0690170E+001,-2.5256479E-003
3.0692170E+001,-2.4487576E-003
3.0694170E+001,-2.3718673E-003
3.0696170E+001,-2.3203530E-003
3.0698170E+001,-2.2868405E-003
3.0700170E+001,-2.2579208E-003
3.0702170E+001,-2.2784415E-003
3.0704170E+001,-2.2989621E-003
3.0706170E+001,-2.3511965E-003
3.0708170E+001,-2.4259288E-003
3.0710170E+001,-2.5043575E-003
3.0712170E+001,-2.6225774E-003
3.0714170E+001,-2.7407973E-003
3.0716170E+001,-2.8728574E-003
3.0718170E+001,-3.0147359E-003
3.0720170E+001,-3.1565027E-003
3.0722170E+001,-3.2970678E-003
3.0724170E+001,-3.4376329E-003
3.0726170E+001,-3.5628960E-003
3.0728170E+001,-3.6773037E-003
3.0730170E+001,-3.7878018E-003
3.0732170E+001,-3.8562144E-003
3.0734170E+001,-3.9246269E-003
3.0736170E+001,-3.9591582E-003
3.0738170E+001,-3.9696541E-003
3.0740170E+001,-3.9749235E-003
3.0742170E+001,-3.9239312E-003
3.0744170E+001,-3.8729388E-003
3.0746170E+001,-3.7879068E-003
3.0748170E+001,-3.6787269E-003
3.0750170E+001,-3.5652768E-003
3.0752170E+001,-3.4058577E-003
3.0754170E+001,-3.2464387E-003
3.0756170E+001,-3.0640705E-003
3.0758170E+001,-2.8654221E-003
3.0760170E+001,-2.6646325E-003
3.0762170E+001,-2.4407936E-003
3.0764170E+001,-2.2169547E-003
3.0766170E+001,-1.9889440E-003
3.0768170E+001,-1.7579739E-003
3.0770170E+001,-1.5282790E-003
3.0772170E+001,-1.3123122E-003
3.0774170E+001,-1.0963453E-003
3.0776170E+001,-9.0295858E-004
3.0778170E+001,-7.2559019E-004
3.0780170E+001,-5.5319781E-004
3.0782170E+001,-4.3437115E-004
3.0784170E+001,-3.1554449E-004
3.0786170E+001,-2.3716501E-004
3.0788170E+001,-1.8747887E-004
3.0790170E+001,-1.4343180E-004
3.0792170E+001,-1.6008805E-004
3.0794170E+001,-1.7674429E-004
3.0796170E+001,-2.2227585E-004
3.0798170E+001,-2.8829164E-004
3.0800170E+001,-3.5614125E-004
3.0802170E+001,-4.4373143E-004
3.0804170E+001,-5.3132160E-004
3.0806170E+001,-6.1319013E-004
3.0808170E+001,-6.9099971E-004
3.0810170E+001,-7.6576166E-004
3.0812170E+001,-8.0771657E-004
3.0814170E+001,-8.4967148E-004
3.0816170E+001,-8.6258797E-004
3.0818170E+001,-8.5490450E-004
3.0820170E+001,-8.4309371E-004
3.0822170E+001,-7.8685321E-004
3.0824170E+001,-7.3061271E-004
3.0826170E+001,-6.5402372E-004
3.0828170E+001,-5.6299944E-004
3.0830170E+001,-4.7080200E-004
3.0832170E+001,-3.6597574E-004
3.0834170E+001,-2.6114947E-004
3.0836170E+001,-1.6070890E-004
3.0838170E+001,-6.3379552E-005
3.0840170E+001,3.2026458E-005
3.0842170E+001,1.0672817E-004
3.0844170E+001,1.8142988E-004
3.0846170E+001,2.4023334E-004
3.0848170E+001,2.8775854E-004
3.0850170E+001,3.3358910E-004
3.0852170E+001,3.6117743E-004
3.0854170E+001,3.8876576E-004
3.0856170E+001,4.1454105E-004
3.0858170E+001,4.3903017E-004
3.0860170E+001,4.6508142E-004
3.0862170E+001,5.0794862E-004
3.0864170E+001,5.5081581E-004
3.0866170E+001,6.1588273E-004
3.0868170E+001,6.9669820E-004
3.0870170E+001,7.8169891E-004
3.0872170E+001,9.1175279E-004
3.0874170E+001,1.0418067E-003
3.0876170E+001,1.2000066E-003
3.0878170E+001,1.3781734E-003
3.0880170E+001,1.5592291E-003
3.0882170E+001,1.7713832E-003
3.0884170E+001,1.9835373E-003
3.0886170E+001,2.2013223E-003
3.0888170E+001,2.4231019E-003
3.0890170E+001,2.6431859E-003
3.0892170E+001,2.8450177E-003
3.0894170E+001,3.0468495E-003
3.0896170E+001,3.2204508E-003
3.0898170E+001,3.3740254E-003
3.0900170E+001,3.5218213E-003
3.0902170E+001,3.6074108E-003
3.0904170E+001,3.6930003E-003
3.0906170E+001,3.7361743E-003
3.0908170E+001,3.7492585E-003
3.0910170E+001,3.7573650E-003
3.0912170E+001,3.7118868E-003
3.0914170E+001,3.6664087E-003
3.0916170E+001,3.6042439E-003
3.0918170E+001,3.5302416E-003
3.0920170E+001,3.4570568E-003
3.0922170E+001,3.3926721E-003
3.0924170E+001,3.3282874E-003
3.0926170E+001,3.2901395E-003
3.0928170E+001,3.2706040E-003
3.0930170E+001,3.2567775E-003
3.0932170E+001,3.3044058E-003
3.0934170E+001,3.3520342E-003
3.0936170E+001,3.4413324E-003
3.0938170E+001,3.5601913E-003
3.0940170E+001,3.6839800E-003
3.0942170E+001,3.8608380E-003
3.0944170E+001,4.0376960E-003
3.0946170E+001,4.2340640E-003
3.0948170E+001,4.4442723E-003
3.0950170E+001,4.6548781E-003
3.0952170E+001,4.8697629E-003
3.0954170E+001,5.0846477E-003
3.0956170E+001,5.2865273E-003
3.0958170E+001,5.4791809E-003
3.0960170E+001,5.6680831E-003
3.0962170E+001,5.8166025E-003
3.0964170E+001,5.9651220E-003
3.0966170E+001,6.0789044E-003
3.0968170E+001,6.1680443E-003
3.0970170E+001,6.2515240E-003
3.0972170E+001,6.2740739E-003
3.0974170E+001,6.2966237E-003
3.0976170E+001,6.2816299E-003
3.0978170E+001,6.2400024E-003
3.0980170E+001,6.1940426E-003
3.0982170E+001,6.1014456E-003
3.0984170E+001,6.0088487E-003
3.0986170E+001,5.9000146E-003
3.0988170E+001,5.7796618E-003
3.0990170E+001,5.6594062E-003
3.0992170E+001,5.5401970E-003
3.0994170E+001,5.4209878E-003
3.0996170E+001,5.3181403E-003
3.0998170E+001,5.2268998E-003
3.1000170E+001,5.1394220E-003
3.1002170E+001,5.0924478E-003
3.1004170E+001,5.0454736E-003
3.1006170E+001,5.0248152E-003
3.1008170E+001,5.0228252E-003
3.1010170E+001,5.0234769E-003
3.1012170E+001,5.0525652E-003
3.1014170E+001,5.0816534E-003
3.1016170E+001,5.1159296E-003
3.1018170E+001,5.1538861E-003
3.1020170E+001,5.1907164E-003
3.1022170E+001,5.2154235E-003
3.1024170E+001,5.2401306E-003
3.1026170E+001,5.2480155E-003
3.1028170E+001,5.2439667E-003
3.1030170E+001,5.2368862E-003
3.1032170E+001,5.1971708E-003
3.1034170E+001,5.1574554E-003
3.1036170E+001,5.0963461E-003
3.1038170E+001,5.0200600E-003
3.1040170E+001,4.9407147E-003
3.1042170E+001,4.8284386E-003
3.1044170E+001,4.7161625E-003
3.1046170E+001,4.5823674E-003
3.1048170E+001,4.4333065E-003
3.1050170E+001,4.2809990E-003
3.1052170E+001,4.0937416E-003
3.1054170E+001,3.9064842E-003
3.1056170E+001,3.6977384E-003
3.1058170E+001,3.4737485E-003
3.1060170E+001,3.2473164E-003
3.1062170E+001,2.9945934E-003
3.1064170E+001,2.7418704E-003
3.1066170E+001,2.4817612E-003
3.1068170E+001,2.2164124E-003
3.1070170E+001,1.9519207E-003
3.1072170E+001,1.6966574E-003
3.1074170E+001,1.4413940E-003
3.1076170E+001,1.2066165E-003
3.1078170E+001,9.8637166E-004
3.1080170E+001,7.7090241E-004
3.1082170E+001,6.0684116E-004
3.1084170E+001,4.4277992E-004
3.1086170E+001,3.1852182E-004
3.1088170E+001,2.2250020E-004
3.1090170E+001,1.3220025E-004
3.1092170E+001,1.0349273E-004
3.1094170E+001,7.4785214E-005
3.1096170E+001,7.7433235E-005
3.1098170E+001,1.0232498E-004
3.1100170E+001,1.2967941E-004
3.1102170E+001,1.8354417E-004
3.1104170E+001,2.3740894E-004
3.1106170E+001,2.8986195E-004
3.1108170E+001,3.4131345E-004
3.1110170E+001,3.8981535E-004
3.1112170E+001,4.0656534E-004
3.1114170E+001,4.2331533E-004
3.1116170E+001,4.0416574E-004
3.1118170E+001,3.5954888E-004
3.1120170E+001,3.0839688E-004
3.1122170E+001,1.8689569E-004
3.1124170E+001,6.5394507E-005
3.1126170E+001,-1.0169223E-004
3.1128170E+001,-3.0111750E-004
3.1130170E+001,-5.0594137E-004
3.1132170E+001,-7.6887984E-004
3.1134170E+001,-1.0318183E-003
3.1136170E+001,-1.3151908E-003
3.1138170E+001,-1.6130592E-003
3.1140170E+001,-1.9105908E-003
3.1142170E+001,-2.2044961E-003
3.1144170E+001,-2.4984014E-003
3.1146170E+001,-2.7650446E-003
3.1148170E+001,-3.0123482E-003
3.1150170E+001,-3.2524330E-003
3.1152170E+001,-3.4148107E-003
3.1154170E+001,-3.5771885E-003
3.1156170E+001,-3.6741882E-003
3.1158170E+001,-3.7248086E-003
3.1160170E+001,-3.7649793E-003
3.1162170E+001,-3.6926610E-003
3.1164170E+001,-3.6203428E-003
3.1166170E+001,-3.4789838E-003
3.1168170E+001,-3.2886470E-003
3.1170170E+001,-3.0898638E-003
3.1172170E+001,-2.8001564E-003
3.1174170E+001,-2.5104490E-003
3.1176170E+001,-2.1795019E-003
3.1178170E+001,-1.8192992E-003
3.1180170E+001,-1.4561541E-003
3.1182170E+001,-1.0613347E-003
3.1184170E+001,-6.6651533E-004
3.1186170E+001,-2.7491058E-004
3.1188170E+001,1.1441372E-004
3.1190170E+001,4.9977726E-004
3.1192170E+001,8.4250416E-004
3.1194170E+001,1.1852311E-003
3.1196170E+001,1.4786580E-003
3.1198170E+001,1.7371113E-003
3.1200170E+001,1.9859102E-003
3.1202170E+001,2.1307801E-003
3.1204170E+001,2.2756501E-003
3.1206170E+001,2.3441499E-003
3.1208170E+001,2.3584726E-003
3.1210170E+001,2.3614898E-003
3.1212170E+001,2.2428062E-003
3.1214170E+001,2.1241226E-003
3.1216170E+001,1.9349756E-003
3.1218170E+001,1.6958414E-003
3.1220170E+001,1.4487353E-003
3.1222170E+001,1.1158122E-003
3.1224170E+001,7.8288915E-004
3.1226170E+001,4.1738022E-004
3.1228170E+001,2.8754800E-005
3.1230170E+001,-3.6080307E-004
3.1232170E+001,-7.6039848E-004
3.1234170E+001,-1.1599939E-003
3.1236170E+001,-1.5396939E-003
3.1238170E+001,-1.9052800E-003
3.1240170E+001,-2.2647132E-003
3.1242170E+001,-2.5579120E-003
3.1244170E+001,-2.8511108E-003
3.1246170E+001,-3.0868289E-003
3.1248170E+001,-3.2817700E-003
3.1250170E+001,-3.4675195E-003
3.1252170E+001,-3.5543233E-003
3.1254170E+001,-3.6411271E-003
3.1256170E+001,-3.6681543E-003
3.1258170E+001,-3.6527758E-003
3.1260170E+001,-3.6302434E-003
3.1262170E+001,-3.5307010E-003
3.1264170E+001,-3.4311586E-003
3.1266170E+001,-3.2967106E-003
3.1268170E+001,-3.1375005E-003
3.1270170E+001,-2.9754407E-003
3.1272170E+001,-2.7827045E-003
3.1274170E+001,-2.5899682E-003
3.1276170E+001,-2.3924171E-003
3.1278170E+001,-2.1914502E-003
3.1280170E+001,-1.9918348E-003
3.1282170E+001,-1.8067681E-003
3.1284170E+001,-1.6217013E-003
3.1286170E+001,-1.4596404E-003
3.1288170E+001,-1.3139000E-003
3.1290170E+001,-1.1733968E-003
3.1292170E+001,-1.0892698E-003
3.1294170E+001,-1.0051429E-003
3.1296170E+001,-9.6800393E-004
3.1298170E+001,-9.6419829E-004
3.1300170E+001,-9.6814761E-004
3.1302170E+001,-1.0555773E-003
3.1304170E+001,-1.1430069E-003
3.1306170E+001,-1.2831550E-003
3.1308170E+001,-1.4607018E-003
3.1310170E+001,-1.6446168E-003
3.1312170E+001,-1.8970850E-003
3.1314170E+001,-2.1495533E-003
3.1316170E+001,-2.4295116E-003
3.1318170E+001,-2.7289714E-003
3.1320170E+001,-3.0293544E-003
3.1322170E+001,-3.3396752E-003
3.1324170E+001,-3.6499959E-003
3.1326170E+001,-3.9447645E-003
3.1328170E+001,-4.2285004E-003
3.1330170E+001,-4.5073656E-003
3.1332170E+001,-4.7337993E-003
3.1334170E+001,-4.9602331E-003
3.1336170E+001,-5.1432442E-003
3.1338170E+001,-5.2954511E-003
3.1340170E+001,-5.4413534E-003
3.1342170E+001,-5.5193878E-003
3.1344170E+001,-5.5974223E-003
3.1346170E+001,-5.6405799E-003
3.1348170E+001,-5.6589958E-003
3.1350170E+001,-5.6742090E-003
3.1352170E+001,-5.6549468E-003
3.1354170E+001,-5.6356846E-003
3.1356170E+001,-5.6065962E-003
3.1358170E+001,-5.5705370E-003
3.1360170E+001,-5.5341897E-003
3.1362170E+001,-5.4947408E-003
3.1364170E+001,-5.4552919E-003
3.1366170E+001,-5.4158363E-003
3.1368170E+001,-5.3763760E-003
3.1370170E+001,-5.3364654E-003
3.1372170E+001,-5.2917077E-003
3.1374170E+001,-5.2469499E-003
3.1376170E+001,-5.1932228E-003
3.1378170E+001,-5.1331327E-003
3.1380170E+001,-5.0708495E-003
3.1382170E+001,-4.9849568E-003
3.1384170E+001,-4.8990642E-003
3.1386170E+001,-4.7934450E-003
3.1388170E+001,-4.6738317E-003
3.1390170E+001,-4.5510107E-003
3.1392170E+001,-4.3936586E-003
3.1394170E+001,-4.2363065E-003
3.1396170E+001,-4.0570570E-003
3.1398170E+001,-3.8622734E-003
3.1400170E+001,-3.6647092E-003
3.1402170E+001,-3.4372130E-003
3.1404170E+001,-3.2097168E-003
3.1406170E+001,-2.9683188E-003
3.1408170E+001,-2.7170588E-003
3.1410170E+001,-2.4648649E-003
3.1412170E+001,-2.2026192E-003
3.1414170E+001,-1.9403735E-003
3.1416170E+001,-1.6810946E-003
3.1418170E+001,-1.4239203E-003
3.1420170E+001,-1.1687213E-003
3.1422170E+001,-9.3478599E-004
3.1424170E+001,-7.0085067E-004
3.1426170E+001,-4.9084972E-004
3.1428170E+001,-2.9782790E-004
3.1430170E+001,-1.0940348E-004
3.1432170E+001,2.9530832E-005
3.1434170E+001,1.6846515E-004
3.1436170E+001,2.7297801E-004
3.1438170E+001,3.5307218E-004
3.1440170E+001,4.2863400E-004
3.1442170E+001,4.5540609E-004
3.1444170E+001,4.8217818E-004
3.1446170E+001,4.8624069E-004
3.1448170E+001,4.7419295E-004
3.1450170E+001,4.6049251E-004
3.1452170E+001,4.2900100E-004
3.1454170E+001,3.9750948E-004
3.1456170E+001,3.6553289E-004
3.1458170E+001,3.3321218E-004
3.1460170E+001,3.0188499E-004
3.1462170E+001,2.8125282E-004
3.1464170E+001,2.6062066E-004
3.1466170E+001,2.4871292E-004
3.1468170E+001,2.4299432E-004
3.1470170E+001,2.3802863E-004
3.1472170E+001,2.4116789E-004
3.1474170E+001,2.4430715E-004
3.1476170E+001,2.4539997E-004
3.1478170E+001,2.4504102E-004
3.1480170E+001,2.4320066E-004
3.1482170E+001,2.2541314E-004
3.1484170E+001,2.0762562E-004
3.1486170E+001,1.7350800E-004
3.1488170E+001,1.2780575E-004
3.1490170E+001,7.9468385E-005
3.1492170E+001,2.7646106E-006
3.1494170E+001,-7.3939164E-005
3.1496170E+001,-1.6526966E-004
3.1498170E+001,-2.6697641E-004
3.1500170E+001,-3.6962396E-004
3.1502170E+001,-4.8239916E-004
3.1504170E+001,-5.9517436E-004
3.1506170E+001,-7.0356978E-004
3.1508170E+001,-8.0885817E-004
3.1510170E+001,-9.1187585E-004
3.1512170E+001,-9.9044985E-004
3.1514170E+001,-1.0690238E-003
3.1516170E+001,-1.1223125E-003
3.1518170E+001,-1.1576636E-003
3.1520170E+001,-1.1883880E-003
3.1522170E+001,-1.1693072E-003
3.1524170E+001,-1.1502263E-003
3.1526170E+001,-1.0969493E-003
3.1528170E+001,-1.0194135E-003
3.1530170E+001,-9.3726820E-004
3.1532170E+001,-8.0550269E-004
3.1534170E+001,-6.7373717E-004
3.1536170E+001,-5.1752964E-004
3.1538170E+001,-3.4398286E-004
3.1540170E+001,-1.6853118E-004
3.1542170E+001,2.7426321E-005
3.1544170E+001,2.2338383E-004
3.1546170E+001,4.1877269E-004
3.1548170E+001,6.1375817E-004
3.1550170E+001,8.0674355E-004
3.1552170E+001,9.7819836E-004
3.1554170E+001,1.1496532E-003
3.1556170E+001,1.2981893E-003
3.1558170E+001,1.4304668E-003
3.1560170E+001,1.5591085E-003
3.1562170E+001,1.6486119E-003
3.1564170E+001,1.7381152E-003
3.1566170E+001,1.8084545E-003
3.1568170E+001,1.8651989E-003
3.1570170E+001,1.9208897E-003
3.1572170E+001,1.9652381E-003
3.1574170E+001,2.0095866E-003
3.1576170E+001,2.0604175E-003
3.1578170E+001,2.1158472E-003
3.1580170E+001,2.1737346E-003
3.1582170E+001,2.2580794E-003
3.1584170E+001,2.3424242E-003
3.1586170E+001,2.4466624E-003
3.1588170E+001,2.5650129E-003
3.1590170E+001,2.6853866E-003
3.1592170E+001,2.8275395E-003
3.1594170E+001,2.9696925E-003
3.1596170E+001,3.1127147E-003
3.1598170E+001,3.2563536E-003
3.1600170E+001,3.3978244E-003
3.1602170E+001,3.5159555E-003
3.1604170E+001,3.6340867E-003
3.1606170E+001,3.7236447E-003
3.1608170E+001,3.7929328E-003
3.1610170E+001,3.8569110E-003
3.1612170E+001,3.8637293E-003
3.1614170E+001,3.8705476E-003
3.1616170E+001,3.8398365E-003
3.1618170E+001,3.7825018E-003
3.1620170E+001,3.7204695E-003
3.1622170E+001,3.6078674E-003
3.1624170E+001,3.4952654E-003
3.1626170E+001,3.3596069E-003
3.1628170E+001,3.2075921E-003
3.1630170E+001,3.0538397E-003
3.1632170E+001,2.8813822E-003
3.1634170E+001,2.7089247E-003
3.1636170E+001,2.5359418E-003
3.1638170E+001,2.3625864E-003
3.1640170E+001,2.1907650E-003
3.1642170E+001,2.0354584E-003
3.1644170E+001,1.8801518E-003
3.1646170E+001,1.7454512E-003
3.1648170E+001,1.6253685E-003
3.1650170E+001,1.5093888E-003
3.1652170E+001,1.4375761E-003
3.1654170E+001,1.3657635E-003
3.1656170E+001,1.3255905E-003
3.1658170E+001,1.3078629E-003
3.1660170E+001,1.2944330E-003
3.1662170E+001,1.3272671E-003
3.1664170E+001,1.3601013E-003
3.1666170E+001,1.4152751E-003
3.1668170E+001,1.4862968E-003
3.1670170E+001,1.5590534E-003
3.1672170E+001,1.6504872E-003
3.1674170E+001,1.7419209E-003
3.1676170E+001,1.8348016E-003
3.1678170E+001,1.9287088E-003
3.1680170E+001,2.0216764E-003
3.1682170E+001,2.1045299E-003
3.1684170E+001,2.1873834E-003
3.1686170E+001,2.2592408E-003
3.1688170E+001,2.3232977E-003
3.1690170E+001,2.3853774E-003
3.1692170E+001,2.4261743E-003
3.1694170E+001,2.4669711E-003
3.1696170E+001,2.4909959E-003
3.1698170E+001,2.5031227E-003
3.1700170E+001,2.5120612E-003
3.1702170E+001,2.4866784E-003
3.1704170E+001,2.4612957E-003
3.1706170E+001,2.4075507E-003
3.1708170E+001,2.3336856E-003
3.1710170E+001,2.2549607E-003
3.1712170E+001,2.1239222E-003
3.1714170E+001,1.9928837E-003
3.1716170E+001,1.8276546E-003
3.1718170E+001,1.6381707E-003
3.1720170E+001,1.4445213E-003
3.1722170E+001,1.2060299E-003
3.1724170E+001,9.6753853E-004
3.1726170E+001,7.1200633E-004
3.1728170E+001,4.4438530E-004
3.1730170E+001,1.7652779E-004
3.1732170E+001,-9.3875399E-005
3.1734170E+001,-3.6427859E-004
3.1736170E+001,-6.2056880E-004
3.1738170E+001,-8.6684722E-004
3.1740170E+001,-1.1091757E-003
3.1742170E+001,-1.3089839E-003
3.1744170E+001,-1.5087921E-003
3.1746170E+001,-1.6724990E-003
3.1748170E+001,-1.8105954E-003
3.1750170E+001,-1.9427651E-003
3.1752170E+001,-2.0111343E-003
3.1754170E+001,-2.0795035E-003
3.1756170E+001,-2.1059941E-003
3.1758170E+001,-2.1027758E-003
3.1760170E+001,-2.0937214E-003
3.1762170E+001,-2.0218424E-003
3.1764170E+001,-1.9499633E-003
3.1766170E+001,-1.8416303E-003
3.1768170E+001,-1.7074366E-003
3.1770170E+001,-1.5686813E-003
3.1772170E+001,-1.3808211E-003
3.1774170E+001,-1.1929609E-003
3.1776170E+001,-9.7977349E-004
3.1778170E+001,-7.4861890E-004
3.1780170E+001,-5.1480406E-004
3.1782170E+001,-2.5235207E-004
3.1784170E+001,1.0099919E-005
3.1786170E+001,2.8290888E-004
3.1788170E+001,5.6306512E-004
3.1790170E+001,8.4346317E-004
3.1792170E+001,1.1264643E-003
3.1794170E+001,1.4094654E-003
3.1796170E+001,1.6852135E-003
3.1798170E+001,1.9558163E-003
3.1800170E+001,2.2241766E-003
3.1802170E+001,2.4683971E-003
3.1804170E+001,2.7126176E-003
3.1806170E+001,2.9352377E-003
3.1808170E+001,3.1425344E-003
3.1810170E+001,3.3462368E-003
3.1812170E+001,3.5112474E-003
3.1814170E+001,3.6762580E-003
3.1816170E+001,3.8165844E-003
3.1818170E+001,3.9393998E-003
3.1820170E+001,4.0590120E-003
3.1822170E+001,4.1441436E-003
3.1824170E+001,4.2292751E-003
3.1826170E+001,4.2969008E-003
3.1828170E+001,4.3521079E-003
3.1830170E+001,4.4056495E-003
3.1832170E+001,4.4412625E-003
3.1834170E+001,4.4768756E-003
3.1836170E+001,4.5080450E-003
3.1838170E+001,4.5360621E-003
3.1840170E+001,4.5644048E-003
3.1842170E+001,4.5962532E-003
3.1844170E+001,4.6281015E-003
3.1846170E+001,4.6663854E-003
3.1848170E+001,4.7092347E-003
3.1850170E+001,4.7529289E-003
3.1852170E+001,4.8057175E-003
3.1854170E+001,4.8585061E-003
3.1856170E+001,4.9102494E-003
3.1858170E+001,4.9612513E-003
3.1860170E+001,5.0102692E-003
3.1862170E+001,5.0379303E-003
3.1864170E+001,5.0655915E-003
3.1866170E+001,5.0640532E-003
3.1868170E+001,5.0418008E-003
3.1870170E+001,5.0132658E-003
3.1872170E+001,4.9171001E-003
3.1874170E+001,4.8209345E-003
3.1876170E+001,4.6733978E-003
3.1878170E+001,4.4894182E-003
3.1880170E+001,4.2980428E-003
3.1882170E+001,4.0270531E-003
3.1884170E+001,3.7560635E-003
3.1886170E+001,3.4435101E-003
3.1888170E+001,3.1014713E-003
3.1890170E+001,2.7557688E-003
3.1892170E+001,2.3706268E-003
3.1894170E+001,1.9854847E-003
3.1896170E+001,1.5953040E-003
3.1898170E+001,1.2015489E-003
3.1900170E+001,8.1002444E-004
3.1902170E+001,4.4251264E-004
3.1904170E+001,7.5000848E-005
3.1906170E+001,-2.5971013E-004
3.1908170E+001,-5.7115209E-004
3.1910170E+001,-8.7601720E-004
3.1912170E+001,-1.1100839E-003
3.1914170E+001,-1.3441507E-003
3.1916170E+001,-1.5262985E-003
3.1918170E+001,-1.6716148E-003
3.1920170E+001,-1.8092637E-003
3.1922170E+001,-1.8643747E-003
3.1924170E+001,-1.9194858E-003
3.1926170E+001,-1.9263740E-003
3.1928170E+001,-1.8990529E-003
3.1930170E+001,-1.8660852E-003
3.1932170E+001,-1.7723341E-003
3.1934170E+001,-1.6785830E-003
3.1936170E+001,-1.5595405E-003
3.1938170E+001,-1.4225563E-003
3.1940170E+001,-1.2844018E-003
3.1942170E+001,-1.1336495E-003
3.1944170E+001,-9.8289714E-004
3.1946170E+001,-8.4413807E-004
3.1948170E+001,-7.1388705E-004
3.1950170E+001,-5.8840620E-004
3.1952170E+001,-5.1427507E-004
3.1954170E+001,-4.4014393E-004
3.1956170E+001,-4.1681583E-004
3.1958170E+001,-4.2952757E-004
3.1960170E+001,-4.5116157E-004
3.1962170E+001,-5.6884167E-004
3.1964170E+001,-6.8652178E-004
3.1966170E+001,-8.6523377E-004
3.1968170E+001,-1.0872420E-003
3.1970170E+001,-1.3163034E-003
3.1972170E+001,-1.6212906E-003
3.1974170E+001,-1.9262778E-003
3.1976170E+001,-2.2570944E-003
3.1978170E+001,-2.6062344E-003
3.1980170E+001,-2.9549764E-003
3.1982170E+001,-3.2994355E-003
3.1984170E+001,-3.6438945E-003
3.1986170E+001,-3.9566933E-003
3.1988170E+001,-4.2470323E-003
3.1990170E+001,-4.5292418E-003
3.1992170E+001,-4.7239399E-003
3.1994170E+001,-4.9186380E-003
3.1996170E+001,-5.0410238E-003
3.1998170E+001,-5.1121111E-003
3.2000170E+001,-5.1716738E-003
3.2002170E+001,-5.1071772E-003
3.2004170E+001,-5.0426805E-003
3.2006170E+001,-4.9013347E-003
3.2008170E+001,-4.7054718E-003
3.2010170E+001,-4.5000732E-003
3.2012170E+001,-4.1920241E-003
3.2014170E+001,-3.8839750E-003
3.2016170E+001,-3.5288712E-003
3.2018170E+001,-3.1403865E-003
3.2020170E+001,-2.7485530E-003
3.2022170E+001,-2.3206694E-003
3.2024170E+001,-1.8927857E-003
3.2026170E+001,-1.4690683E-003
3.2028170E+001,-1.0483064E-003
3.2030170E+001,-6.3217609E-004
3.2032170E+001,-2.6590357E-004
3.2034170E+001,1.0036895E-004
3.2036170E+001,4.1032885E-004
3.2038170E+001,6.8034039E-004
3.2040170E+001,9.3978904E-004
3.2042170E+001,1.0855304E-003
3.2044170E+001,1.2312718E-003
3.2046170E+001,1.3003350E-003
3.2048170E+001,1.3150022E-003
3.2050170E+001,1.3200126E-003
3.2052170E+001,1.2210685E-003
3.2054170E+001,1.1221244E-003
3.2056170E+001,9.7904862E-004
3.2058170E+001,8.0466561E-004
3.2060170E+001,6.2807198E-004
3.2062170E+001,4.2768156E-004
3.2064170E+001,2.2729114E-004
3.2066170E+001,4.0081986E-005
3.2068170E+001,-1.3777633E-004
3.2070170E+001,-3.1059338E-004
3.2072170E+001,-4.2914233E-004
3.2074170E+001,-5.4769128E-004
3.2076170E+001,-6.2077851E-004
3.2078170E+001,-6.6161503E-004
3.2080170E+001,-6.9596801E-004
3.2082170E+001,-6.6052715E-004
3.2084170E+001,-6.2508628E-004
3.2086170E+001,-5.5584782E-004
3.2088170E+001,-4.6263324E-004
3.2090170E+001,-3.6705662E-004
3.2092170E+001,-2.4605309E-004
3.2094170E+001,-1.2504956E-004
3.2096170E+001,-7.7640337E-006
3.2098170E+001,1.0688392E-004
3.2100170E+001,2.1840335E-004
3.2102170E+001,2.9624490E-004
3.2104170E+001,3.7408645E-004
3.2106170E+001,4.1855829E-004
3.2108170E+001,4.3935757E-004
3.2110170E+001,4.5474655E-004
3.2112170E+001,4.1189497E-004
3.2114170E+001,3.6904339E-004
3.2116170E+001,2.9299342E-004
3.2118170E+001,1.9339241E-004
3.2120170E+001,9.0466124E-005
3.2122170E+001,-4.8255944E-005
3.2124170E+001,-1.8697801E-004
3.2126170E+001,-3.3468212E-004
3.2128170E+001,-4.8875811E-004
3.2130170E+001,-6.4210983E-004
3.2132170E+001,-7.8766487E-004
3.2134170E+001,-9.3321991E-004
3.2136170E+001,-1.0636250E-003
3.2138170E+001,-1.1832828E-003
3.2140170E+001,-1.3002395E-003
3.2142170E+001,-1.3881201E-003
3.2144170E+001,-1.4760006E-003
3.2146170E+001,-1.5490379E-003
3.2148170E+001,-1.6115454E-003
3.2150170E+001,-1.6731004E-003
3.2152170E+001,-1.7244036E-003
3.2154170E+001,-1.7757067E-003
3.2156170E+001,-1.8284929E-003
3.2158170E+001,-1.8823313E-003
3.2160170E+001,-1.9368449E-003
3.2162170E+001,-1.9986265E-003
3.2164170E+001,-2.0604080E-003
3.2166170E+001,-2.1232410E-003
3.2168170E+001,-2.1868198E-003
3.2170170E+001,-2.2493494E-003
3.2172170E+001,-2.3005848E-003
3.2174170E+001,-2.3518203E-003
3.2176170E+001,-2.3877176E-003
3.2178170E+001,-2.4127339E-003
3.2180170E+001,-2.4350127E-003
3.2182170E+001,-2.4278226E-003
3.2184170E+001,-2.4206324E-003
3.2186170E+001,-2.3969680E-003
3.2188170E+001,-2.3616167E-003
3.2190170E+001,-2.3247204E-003
3.2192170E+001,-2.2711917E-003
3.2194170E+001,-2.2176629E-003
3.2196170E+001,-2.1588426E-003
3.2198170E+001,-2.0962682E-003
3.2200170E+001,-2.0332298E-003
3.2202170E+001,-1.9651951E-003
3.2204170E+001,-1.8971604E-003
3.2206170E+001,-1.8248308E-003
3.2208170E+001,-1.7494544E-003
3.2210170E+001,-1.6731827E-003
3.2212170E+001,-1.5872744E-003
3.2214170E+001,-1.5013661E-003
3.2216170E+001,-1.4096529E-003
3.2218170E+001,-1.3138217E-003
3.2220170E+001,-1.2177445E-003
3.2222170E+001,-1.1190189E-003
3.2224170E+001,-1.0202932E-003
3.2226170E+001,-9.2690905E-004
3.2228170E+001,-8.3731406E-004
3.2230170E+001,-7.4958467E-004
3.2232170E+001,-6.8193805E-004
3.2234170E+001,-6.1429142E-004
3.2236170E+001,-5.6506572E-004
3.2238170E+001,-5.2890787E-004
3.2240170E+001,-4.9581165E-004
3.2242170E+001,-4.9567314E-004
3.2244170E+001,-4.9553464E-004
3.2246170E+001,-5.1661433E-004
3.2248170E+001,-5.5274629E-004
3.2250170E+001,-5.9177115E-004
3.2252170E+001,-6.6193760E-004
3.2254170E+001,-7.3210405E-004
3.2256170E+001,-8.2013220E-004
3.2258170E+001,-9.2083150E-004
3.2260170E+001,-1.0236861E-003
3.2262170E+001,-1.1497422E-003
3.2264170E+001,-1.2757983E-003
3.2266170E+001,-1.4114869E-003
3.2268170E+001,-1.5540087E-003
3.2270170E+001,-1.6966678E-003
3.2272170E+001,-1.8408045E-003
3.2274170E+001,-1.9849412E-003
3.2276170E+001,-2.1177621E-003
3.2278170E+001,-2.2425555E-003
3.2280170E+001,-2.3636893E-003
3.2282170E+001,-2.4454272E-003
3.2284170E+001,-2.5271650E-003
3.2286170E+001,-2.5717141E-003
3.2288170E+001,-2.5898812E-003
3.2290170E+001,-2.6016754E-003
3.2292170E+001,-2.5448674E-003
3.2294170E+001,-2.4880593E-003
3.2296170E+001,-2.3880319E-003
3.2298170E+001,-2.2573446E-003
3.2300170E+001,-2.1215122E-003
3.2302170E+001,-1.9302950E-003
3.2304170E+001,-1.7390778E-003
3.2306170E+001,-1.5253179E-003
3.2308170E+001,-1.2955662E-003
3.2310170E+001,-1.0646703E-003
3.2312170E+001,-8.2145798E-004
3.2314170E+001,-5.7824569E-004
3.2316170E+001,-3.4056062E-004
3.2318170E+001,-1.0679659E-004
3.2320170E+001,1.2463374E-004
3.2322170E+001,3.3094232E-004
3.2324170E+001,5.3725090E-004
3.2326170E+001,7.1964650E-004
3.2328170E+001,8.8507816E-004
3.2330170E+001,1.0461321E-003
3.2332170E+001,1.1600610E-003
3.2334170E+001,1.2739899E-003
3.2336170E+001,1.3526583E-003
3.2338170E+001,1.4063127E-003
3.2340170E+001,1.4543513E-003
3.2342170E+001,1.4419371E-003
3.2344170E+001,1.4295229E-003
3.2346170E+001,1.3783643E-003
3.2348170E+001,1.2997203E-003
3.2350170E+001,1.2161223E-003
3.2352170E+001,1.0791961E-003
3.2354170E+001,9.4226986E-004
3.2356170E+001,7.8087423E-004
3.2358170E+001,6.0211994E-004
3.2360170E+001,4.2170966E-004
3.2362170E+001,2.2347306E-004
3.2364170E+001,2.5236453E-005
3.2366170E+001,-1.7062166E-004
3.2368170E+001,-3.6479247E-004
3.2370170E+001,-5.5688787E-004
3.2372170E+001,-7.2664197E-004
3.2374170E+001,-8.9639608E-004
3.2376170E+001,-1.0431329E-003
3.2378170E+001,-1.1735412E-003
3.2380170E+001,-1.2998051E-003
3.2382170E+001,-1.3814545E-003
3.2384170E+001,-1.4631039E-003
3.2386170E+001,-1.5135692E-003
3.2388170E+001,-1.5419124E-003
3.2390170E+001,-1.5657272E-003
3.2392170E+001,-1.5407949E-003
3.2394170E+001,-1.5158626E-003
3.2396170E+001,-1.4626110E-003
3.2398170E+001,-1.3892696E-003
3.2400170E+001,-1.3126821E-003
3.2402170E+001,-1.2011524E-003
3.2404170E+001,-1.0896226E-003
3.2406170E+001,-9.6504927E-004
3.2408170E+001,-8.3122280E-004
3.2410170E+001,-6.9727966E-004
3.2412170E+001,-5.6208064E-004
3.2414170E+001,-4.2688163E-004
3.2416170E+001,-3.0474830E-004
3.2418170E+001,-1.9188381E-004
3.2420170E+001,-8.2860561E-005
3.2422170E+001,-1.5187510E-005
3.2424170E+001,5.2485542E-005
3.2426170E+001,8.3127408E-005
3.2428170E+001,8.7499238E-005
3.2430170E+001,8.5614115E-005
3.2432170E+001,1.6374337E-005
3.2434170E+001,-5.2865441E-005
3.2436170E+001,-1.6564294E-004
3.2438170E+001,-3.0930622E-004
3.2440170E+001,-4.5853958E-004
3.2442170E+001,-6.6773347E-004
3.2444170E+001,-8.7692737E-004
3.2446170E+001,-1.1143072E-003
3.2448170E+001,-1.3716822E-003
3.2450170E+001,-1.6311502E-003
3.2452170E+001,-1.9131487E-003
3.2454170E+001,-2.1951472E-003
3.2456170E+001,-2.4756106E-003
3.2458170E+001,-2.7549849E-003
3.2460170E+001,-3.0317231E-003
3.2462170E+001,-3.2800837E-003
3.2464170E+001,-3.5284443E-003
3.2466170E+001,-3.7431968E-003
3.2468170E+001,-3.9341076E-003
3.2470170E+001,-4.1183959E-003
3.2472170E+001,-4.2313955E-003
3.2474170E+001,-4.3443951E-003
3.2476170E+001,-4.4058086E-003
3.2478170E+001,-4.4306266E-003
3.2480170E+001,-4.4481804E-003
3.2482170E+001,-4.3875355E-003
3.2484170E+001,-4.3268906E-003
3.2486170E+001,-4.2253941E-003
3.2488170E+001,-4.0949175E-003
3.2490170E+001,-3.9606296E-003
3.2492170E+001,-3.7853138E-003
3.2494170E+001,-3.6099980E-003
3.2496170E+001,-3.4247221E-003
3.2498170E+001,-3.2323806E-003
3.2500170E+001,-3.0405398E-003
3.2502170E+001,-2.8540882E-003
3.2504170E+001,-2.6676365E-003
3.2506170E+001,-2.4916540E-003
3.2508170E+001,-2.3230984E-003
3.2510170E+001,-2.1560051E-003
3.2512170E+001,-2.0046522E-003
3.2514170E+001,-1.8532994E-003
3.2516170E+001,-1.7058345E-003
3.2518170E+001,-1.5611277E-003
3.2520170E+001,-1.4157282E-003
3.2522170E+001,-1.2628711E-003
3.2524170E+001,-1.1100140E-003
3.2526170E+001,-9.4470013E-004
3.2528170E+001,-7.7054945E-004
3.2530170E+001,-5.9398299E-004
3.2532170E+001,-3.9141107E-004
3.2534170E+001,-1.8883916E-004
3.2536170E+001,2.9879618E-005
3.2538170E+001,2.6005303E-004
3.2540170E+001,4.9188408E-004
3.2542170E+001,7.4155916E-004
3.2544170E+001,9.9123423E-004
3.2546170E+001,1.2447989E-003
3.2548170E+001,1.5011228E-003
3.2550170E+001,1.7567661E-003
3.2552170E+001,2.0050832E-003
3.2554170E+001,2.2534002E-003
3.2556170E+001,2.4887405E-003
3.2558170E+001,2.7148751E-003
3.2560170E+001,2.9380966E-003
3.2562170E+001,3.1299602E-003
3.2564170E+001,3.3218238E-003
3.2566170E+001,3.4886218E-003
3.2568170E+001,3.6376382E-003
3.2570170E+001,3.7826897E-003
3.2572170E+001,3.8850593E-003
3.2574170E+001,3.9874290E-003
3.2576170E+001,4.0634712E-003
3.2578170E+001,4.1208368E-003
3.2580170E+001,4.1749652E-003
3.2582170E+001,4.1942464E-003
3.2584170E+001,4.2135276E-003
3.2586170E+001,4.2171616E-003
3.2588170E+001,4.2096955E-003
3.2590170E+001,4.2011798E-003
3.2592170E+001,4.1813659E-003
3.2594170E+001,4.1615521E-003
3.2596170E+001,4.1437868E-003
3.2598170E+001,4.1274749E-003
3.2600170E+001,4.1127998E-003
3.2602170E+001,4.1157450E-003
3.2604170E+001,4.1186902E-003
3.2606170E+001,4.1411904E-003
3.2608170E+001,4.1775632E-003
3.2610170E+001,4.2176741E-003
3.2612170E+001,4.2980251E-003
3.2614170E+001,4.3783762E-003
3.2616170E+001,4.4867774E-003
3.2618170E+001,4.6150776E-003
3.2620170E+001,4.7469792E-003
3.2622170E+001,4.9176490E-003
3.2624170E+001,5.0883188E-003
3.2626170E+001,5.2742893E-003
3.2628170E+001,5.4711143E-003
3.2630170E+001,5.6680541E-003
3.2632170E+001,5.8662293E-003
3.2634170E+001,6.0644045E-003
3.2636170E+001,6.2465748E-003
3.2638170E+001,6.4173913E-003
3.2640170E+001,6.5835904E-003
3.2642170E+001,6.7000851E-003
3.2644170E+001,6.8165798E-003
3.2646170E+001,6.8894295E-003
3.2648170E+001,6.9313173E-003
3.2650170E+001,6.9659736E-003
3.2652170E+001,6.9227858E-003
3.2654170E+001,6.8795979E-003
3.2656170E+001,6.7868495E-003
3.2658170E+001,6.6589428E-003
3.2660170E+001,6.5247282E-003
3.2662170E+001,6.3226113E-003
3.2664170E+001,6.1204944E-003
3.2666170E+001,5.8861481E-003
3.2668170E+001,5.6289382E-003
3.2670170E+001,5.3692163E-003
3.2672170E+001,5.0824533E-003
3.2674170E+001,4.7956903E-003
3.2676170E+001,4.5082902E-003
3.2678170E+001,4.2204379E-003
3.2680170E+001,3.9347126E-003
3.2682170E+001,3.6718828E-003
3.2684170E+001,3.4090531E-003
3.2686170E+001,3.1712264E-003
3.2688170E+001,2.9511370E-003
3.2690170E+001,2.7350861E-003
3.2692170E+001,2.5625090E-003
3.2694170E+001,2.3899318E-003
3.2696170E+001,2.2397831E-003
3.2698170E+001,2.1055453E-003
3.2700170E+001,1.9728861E-003
3.2702170E+001,1.8572191E-003
3.2704170E+001,1.7415521E-003
3.2706170E+001,1.6230566E-003
3.2708170E+001,1.5025546E-003
3.2710170E+001,1.3800483E-003
3.2712170E+001,1.2359674E-003
3.2714170E+001,1.0918864E-003
3.2716170E+001,9.2945413E-004
3.2718170E+001,7.5400330E-004
3.2720170E+001,5.7627561E-004
3.2722170E+001,3.7403813E-004
3.2724170E+001,1.7180065E-004
3.2726170E+001,-3.8451880E-005
3.2728170E+001,-2.5439032E-004
3.2730170E+001,-4.7023500E-004
3.2732170E+001,-6.8507038E-004
3.2734170E+001,-8.9990576E-004
3.2736170E+001,-1.1080620E-003
3.2738170E+001,-1.3114801E-003
3.2740170E+001,-1.5136966E-003
3.2742170E+001,-1.7029790E-003
3.2744170E+001,-1.8922613E-003
3.2746170E+001,-2.0757241E-003
3.2748170E+001,-2.2550584E-003
3.2750170E+001,-2.4341926E-003
3.2752170E+001,-2.6111728E-003
3.2754170E+001,-2.7881530E-003
3.2756170E+001,-2.9677175E-003
3.2758170E+001,-3.1491154E-003
3.2760170E+001,-3.3311468E-003
3.2762170E+001,-3.5199988E-003
3.2764170E+001,-3.7088508E-003
3.2766170E+001,-3.9011229E-003
3.2768170E+001,-4.0958212E-003
3.2770170E+001,-4.2905087E-003
3.2772170E+001,-4.4850791E-003
3.2774170E+001,-4.6796495E-003
3.2776170E+001,-4.8684074E-003
3.2778170E+001,-5.0530420E-003
3.2780170E+001,-5.2357548E-003
3.2782170E+001,-5.3977803E-003
3.2784170E+001,-5.5598058E-003
3.2786170E+001,-5.7007670E-003
3.2788170E+001,-5.8267849E-003
3.2790170E+001,-5.9488111E-003
3.2792170E+001,-6.0278663E-003
3.2794170E+001,-6.1069215E-003
3.2796170E+001,-6.1552148E-003
3.2798170E+001,-6.1816855E-003
3.2800170E+001,-6.2037699E-003
3.2802170E+001,-6.1786366E-003
3.2804170E+001,-6.1535032E-003
3.2806170E+001,-6.1021942E-003
3.2808170E+001,-6.0323159E-003
3.2810170E+001,-5.9595348E-003
3.2812170E+001,-5.8555043E-003
3.2814170E+001,-5.7514739E-003
3.2816170E+001,-5.6343622E-003
3.2818170E+001,-5.5079706E-003
3.2820170E+001,-5.3806235E-003
3.2822170E+001,-5.2429914E-003
3.2824170E+001,-5.1053593E-003
3.2826170E+001,-4.9668098E-003
3.2828170E+001,-4.8276095E-003
3.2830170E+001,-4.6889389E-003
3.2832170E+001,-4.5559695E-003
3.2834170E+001,-4.4230001E-003
3.2836170E+001,-4.2963744E-003
3.2838170E+001,-4.1742490E-003
3.2840170E+001,-4.0529704E-003
3.2842170E+001,-3.9408077E-003
3.2844170E+001,-3.8286450E-003
3.2846170E+001,-3.7176122E-003
3.2848170E+001,-3.6073809E-003
3.2850170E+001,-3.4961074E-003
3.2852170E+001,-3.3736143E-003
3.2854170E+001,-3.2511212E-003
3.2856170E+001,-3.1119317E-003
3.2858170E+001,-2.9608977E-003
3.2860170E+001,-2.8063588E-003
3.2862170E+001,-2.6140902E-003
3.2864170E+001,-2.4218216E-003
3.2866170E+001,-2.2029368E-003
3.2868170E+001,-1.9651702E-003
3.2870170E+001,-1.7240528E-003
3.2872170E+001,-1.4468644E-003
3.2874170E+001,-1.1696760E-003
3.2876170E+001,-8.7797984E-004
3.2878170E+001,-5.7599186E-004
3.2880170E+001,-2.7350344E-004
3.2882170E+001,3.4372056E-005
3.2884170E+001,3.4224755E-004
3.2886170E+001,6.4236887E-004
3.2888170E+001,9.3698935E-004
3.2890170E+001,1.2289920E-003
3.2892170E+001,1.4928146E-003
3.2894170E+001,1.7566372E-003
3.2896170E+001,1.9930763E-003
3.2898170E+001,2.2100893E-003
3.2900170E+001,2.4219137E-003
3.2902170E+001,2.5778831E-003
3.2904170E+001,2.7338525E-003
3.2906170E+001,2.8482782E-003
3.2908170E+001,2.9332325E-003
3.2910170E+001,3.0120619E-003
3.2912170E+001,3.0249574E-003
3.2914170E+001,3.0378529E-003
3.2916170E+001,3.0159555E-003
3.2918170E+001,2.9693759E-003
3.2920170E+001,2.9200990E-003
3.2922170E+001,2.8417857E-003
3.2924170E+001,2.7634724E-003
3.2926170E+001,2.6892104E-003
3.2928170E+001,2.6178225E-003
3.2930170E+001,2.5503834E-003
3.2932170E+001,2.5254528E-003
3.2934170E+001,2.5005221E-003
3.2936170E+001,2.5191609E-003
3.2938170E+001,2.5687078E-003
3.2940170E+001,2.6251970E-003
3.2942170E+001,2.7564175E-003
3.2944170E+001,2.8876380E-003
3.2946170E+001,3.0573663E-003
3.2948170E+001,3.2544123E-003
3.2950170E+001,3.4541925E-003
3.2952170E+001,3.6834049E-003
3.2954170E+001,3.9126173E-003
3.2956170E+001,4.1363428E-003
3.2958170E+001,4.3561759E-003
3.2960170E+001,4.5719358E-003
3.2962170E+001,4.7438480E-003
3.2964170E+001,4.9157602E-003
3.2966170E+001,5.0440025E-003
3.2968170E+001,5.1412652E-003
3.2970170E+001,5.2313357E-003
3.2972170E+001,5.2439829E-003
3.2974170E+001,5.2566300E-003
3.2976170E+001,5.2241621E-003
3.2978170E+001,5.1596894E-003
3.2980170E+001,5.0905443E-003
3.2982170E+001,4.9711021E-003
3.2984170E+001,4.8516598E-003
3.2986170E+001,4.7185377E-003
3.2988170E+001,4.5757110E-003
3.2990170E+001,4.4338091E-003
3.2992170E+001,4.3018609E-003
3.2994170E+001,4.1699127E-003
3.2996170E+001,4.0616705E-003
3.2998170E+001,3.9702454E-003
3.3000170E+001,3.8838680E-003
3.3002170E+001,3.8518293E-003
3.3004170E+001,3.8197906E-003
3.3006170E+001,3.8253367E-003
3.3008170E+001,3.8575457E-003
3.3010170E+001,3.8944774E-003
3.3012170E+001,3.9822481E-003
3.3014170E+001,4.0700188E-003
3.3016170E+001,4.1793011E-003
3.3018170E+001,4.3038437E-003
3.3020170E+001,4.4294889E-003
3.3022170E+001,4.5670037E-003
3.3024170E+001,4.7045184E-003
3.3026170E+001,4.8358963E-003
3.3028170E+001,4.9629207E-003
3.3030170E+001,5.0874394E-003
3.3032170E+001,5.1849854E-003
3.3034170E+001,5.2825315E-003
3.3036170E+001,5.3553752E-003
3.3038170E+001,5.4106951E-003
3.3040170E+001,5.4618233E-003
3.3042170E+001,5.4678296E-003
3.3044170E+001,5.4738358E-003
3.3046170E+001,5.4492208E-003
3.3048170E+001,5.4028829E-003
3.3050170E+001,5.3520830E-003
3.3052170E+001,5.2532512E-003
3.3054170E+001,5.1544194E-003
3.3056170E+001,5.0263542E-003
3.3058170E+001,4.8775506E-003
3.3060170E+001,4.7249841E-003
3.3062170E+001,4.5319102E-003
3.3064170E+001,4.3388362E-003
3.3066170E+001,4.1254355E-003
3.3068170E+001,3.8976149E-003
3.3070170E+001,3.6679715E-003
3.3072170E+001,3.4187063E-003
3.3074170E+001,3.1694411E-003
3.3076170E+001,2.9167846E-003
3.3078170E+001,2.6617221E-003
3.3080170E+001,2.4074857E-003
3.3082170E+001,2.1621413E-003
3.3084170E+001,1.9167969E-003
3.3086170E+001,1.6849456E-003
3.3088170E+001,1.4626664E-003
3.3090170E+001,1.2432572E-003
3.3092170E+001,1.0547426E-003
3.3094170E+001,8.6622797E-004
3.3096170E+001,7.0242539E-004
3.3098170E+001,5.5615362E-004
3.3100170E+001,4.1396995E-004
3.3102170E+001,3.1579378E-004
3.3104170E+001,2.1761761E-004
3.3106170E+001,1.4823129E-004
3.3108170E+001,9.9268571E-005
3.3110170E+001,5.3931460E-005
3.3112170E+001,4.7623097E-005
3.3114170E+001,4.1314734E-005
3.3116170E+001,5.0492795E-005
3.3118170E+001,7.0656967E-005
3.3120170E+001,9.0941055E-005
3.3122170E+001,1.1251600E-004
3.3124170E+001,1.3409095E-004
3.3126170E+001,1.3918356E-004
3.3128170E+001,1.3258356E-004
3.3130170E+001,1.2132421E-004
3.3132170E+001,5.9908052E-005
3.3134170E+001,-1.5081043E-006
3.3136170E+001,-1.0409595E-004
3.3138170E+001,-2.3589111E-004
3.3140170E+001,-3.7360554E-004
3.3142170E+001,-5.7503957E-004
3.3144170E+001,-7.7647360E-004
3.3146170E+001,-1.0087911E-003
3.3148170E+001,-1.2630174E-003
3.3150170E+001,-1.5193930E-003
3.3152170E+001,-1.7989052E-003
3.3154170E+001,-2.0784173E-003
3.3156170E+001,-2.3552318E-003
3.3158170E+001,-2.6301325E-003
3.3160170E+001,-2.9025788E-003
3.3162170E+001,-3.1486034E-003
3.3164170E+001,-3.3946279E-003
3.3166170E+001,-3.6159397E-003
3.3168170E+001,-3.8197201E-003
3.3170170E+001,-4.0197958E-003
3.3172170E+001,-4.1799912E-003
3.3174170E+001,-4.3401865E-003
3.3176170E+001,-4.4795180E-003
3.3178170E+001,-4.6040487E-003
3.3180170E+001,-4.7265989E-003
3.3182170E+001,-4.8278299E-003
3.3184170E+001,-4.9290609E-003
3.3186170E+001,-5.0238245E-003
3.3188170E+001,-5.1140002E-003
3.3190170E+001,-5.2040094E-003
3.3192170E+001,-5.2922257E-003
3.3194170E+001,-5.3804421E-003
3.3196170E+001,-5.4700876E-003
3.3198170E+001,-5.5607470E-003
3.3200170E+001,-5.6515391E-003
3.3202170E+001,-5.7437593E-003
3.3204170E+001,-5.8359796E-003
3.3206170E+001,-5.9255583E-003
3.3208170E+001,-6.0132632E-003
3.3210170E+001,-6.0996904E-003
3.3212170E+001,-6.1723634E-003
3.3214170E+001,-6.2450364E-003
3.3216170E+001,-6.3010882E-003
3.3218170E+001,-6.3453489E-003
3.3220170E+001,-6.3860502E-003
3.3222170E+001,-6.3884346E-003
3.3224170E+001,-6.3908190E-003
3.3226170E+001,-6.3631981E-003
3.3228170E+001,-6.3142914E-003
3.3230170E+001,-6.2609606E-003
3.3232170E+001,-6.1600047E-003
3.3234170E+001,-6.0590489E-003
3.3236170E+001,-5.9341176E-003
3.3238170E+001,-5.7921781E-003
3.3240170E+001,-5.6486865E-003
3.3242170E+001,-5.4884865E-003
3.3244170E+001,-5.3282865E-003
3.3246170E+001,-5.1749916E-003
3.3248170E+001,-5.0265951E-003
3.3250170E+001,-4.8817162E-003
3.3252170E+001,-4.7747038E-003
3.3254170E+001,-4.6676915E-003
3.3256170E+001,-4.5965625E-003
3.3258170E+001,-4.5508893E-003
3.3260170E+001,-4.5107126E-003
3.3262170E+001,-4.5297040E-003
3.3264170E+001,-4.5486954E-003
3.3266170E+001,-4.5968293E-003
3.3268170E+001,-4.6656370E-003
3.3270170E+001,-4.7362908E-003
3.3272170E+001,-4.8268164E-003
3.3274170E+001,-4.9173421E-003
3.3276170E+001,-5.0017400E-003
3.3278170E+001,-5.0817907E-003
3.3280170E+001,-5.1586675E-003
3.3282170E+001,-5.2013765E-003
3.3284170E+001,-5.2440855E-003
3.3286170E+001,-5.2561260E-003
3.3288170E+001,-5.2464103E-003
3.3290170E+001,-5.2321431E-003
3.3292170E+001,-5.1688802E-003
3.3294170E+001,-5.1056173E-003
3.3296170E+001,-5.0174679E-003
3.3298170E+001,-4.9116640E-003
3.3300170E+001,-4.8038242E-003
3.3302170E+001,-4.6740700E-003
3.3304170E+001,-4.5443158E-003
3.3306170E+001,-4.4126967E-003
3.3308170E+001,-4.2797547E-003
3.3310170E+001,-4.1480857E-003
3.3312170E+001,-4.0301210E-003
3.3314170E+001,-3.9121562E-003
3.3316170E+001,-3.8099332E-003
3.3318170E+001,-3.7188775E-003
3.3320170E+001,-3.6303828E-003
3.3322170E+001,-3.5694569E-003
3.3324170E+001,-3.5085309E-003
3.3326170E+001,-3.4616486E-003
3.3328170E+001,-3.4247289E-003
3.3330170E+001,-3.3887351E-003
3.3332170E+001,-3.3627088E-003
3.3334170E+001,-3.3366825E-003
3.3336170E+001,-3.3083785E-003
3.3338170E+001,-3.2784585E-003
3.3340170E+001,-3.2473374E-003
3.3342170E+001,-3.2032851E-003
3.3344170E+001,-3.1592328E-003
3.3346170E+001,-3.1060552E-003
3.3348170E+001,-3.0464041E-003
3.3350170E+001,-2.9860742E-003
3.3352170E+001,-2.9184371E-003
3.3354170E+001,-2.8508000E-003
3.3356170E+001,-2.7860525E-003
3.3358170E+001,-2.7233550E-003
3.3360170E+001,-2.6620793E-003
3.3362170E+001,-2.6161093E-003
3.3364170E+001,-2.5701393E-003
3.3366170E+001,-2.5363245E-003
3.3368170E+001,-2.5111326E-003
3.3370170E+001,-2.4870659E-003
3.3372170E+001,-2.4751112E-003
3.3374170E+001,-2.4631566E-003
3.3376170E+001,-2.4481722E-003
3.3378170E+001,-2.4310386E-003
3.3380170E+001,-2.4113947E-003
3.3382170E+001,-2.3647277E-003
3.3384170E+001,-2.3180607E-003
3.3386170E+001,-2.2405154E-003
3.3388170E+001,-2.1410649E-003
3.3390170E+001,-2.0358086E-003
3.3392170E+001,-1.8680556E-003
3.3394170E+001,-1.7003026E-003
3.3396170E+001,-1.4904887E-003
3.3398170E+001,-1.2508367E-003
3.3400170E+001,-1.0058272E-003
3.3402170E+001,-7.0314513E-004
3.3404170E+001,-4.0046305E-004
3.3406170E+001,-7.1595329E-005
3.3408170E+001,2.7584856E-004
3.3410170E+001,6.2517365E-004
3.3412170E+001,9.9474940E-004
3.3414170E+001,1.3643252E-003
3.3416170E+001,1.7337371E-003
3.3418170E+001,2.1030329E-003
3.3420170E+001,2.4706333E-003
3.3422170E+001,2.8199842E-003
3.3424170E+001,3.1693352E-003
3.3426170E+001,3.4974421E-003
3.3428170E+001,3.8104784E-003
3.3430170E+001,4.1192876E-003
3.3432170E+001,4.3825920E-003
3.3434170E+001,4.6458963E-003
3.3436170E+001,4.8739235E-003
3.3438170E+001,5.0769250E-003
3.3440170E+001,5.2742216E-003
3.3442170E+001,5.4101074E-003
3.3444170E+001,5.5459932E-003
3.3446170E+001,5.6420512E-003
3.3448170E+001,5.7098553E-003
3.3450170E+001,5.7724845E-003
3.3452170E+001,5.7794067E-003
3.3454170E+001,5.7863289E-003
3.3456170E+001,5.7670244E-003
3.3458170E+001,5.7291147E-003
3.3460170E+001,5.6893088E-003
3.3462170E+001,5.6290916E-003
3.3464170E+001,5.5688743E-003
3.3466170E+001,5.5095293E-003
3.3468170E+001,5.4508032E-003
3.3470170E+001,5.3937999E-003
3.3472170E+001,5.3553420E-003
3.3474170E+001,5.3168841E-003
3.3476170E+001,5.2952953E-003
3.3478170E+001,5.2856735E-003
3.3480170E+001,5.2781811E-003
3.3482170E+001,5.2936121E-003
3.3484170E+001,5.3090431E-003
3.3486170E+001,5.3308780E-003
3.3488170E+001,5.3572558E-003
3.3490170E+001,5.3829744E-003
3.3492170E+001,5.4015966E-003
3.3494170E+001,5.4202188E-003
3.3496170E+001,5.4248173E-003
3.3498170E+001,5.4194673E-003
3.3500170E+001,5.4113665E-003
3.3502170E+001,5.3736535E-003
3.3504170E+001,5.3359404E-003
3.3506170E+001,5.2798357E-003
3.3508170E+001,5.2106840E-003
3.3510170E+001,5.1395064E-003
3.3512170E+001,5.0465212E-003
3.3514170E+001,4.9535361E-003
3.3516170E+001,4.8517926E-003
3.3518170E+001,4.7438361E-003
3.3520170E+001,4.6349841E-003
3.3522170E+001,4.5164935E-003
3.3524170E+001,4.3980028E-003
3.3526170E+001,4.2716977E-003
3.3528170E+001,4.1398488E-003
3.3530170E+001,4.0061849E-003
3.3532170E+001,3.8529815E-003
3.3534170E+001,3.6997781E-003
3.3536170E+001,3.5300460E-003
3.3538170E+001,3.3485883E-003
3.3540170E+001,3.1648224E-003
3.3542170E+001,2.9562082E-003
3.3544170E+001,2.7475940E-003
3.3546170E+001,2.5304648E-003
3.3548170E+001,2.3072949E-003
3.3550170E+001,2.0847756E-003
3.3552170E+001,1.8692593E-003
3.3554170E+001,1.6537431E-003
3.3556170E+001,1.4574654E-003
3.3558170E+001,1.2748356E-003
3.3560170E+001,1.0966711E-003
3.3562170E+001,9.6657571E-004
3.3564170E+001,8.3648029E-004
3.3566170E+001,7.4125424E-004
3.3568170E+001,6.7076459E-004
3.3570170E+001,6.0470000E-004
3.3572170E+001,5.8626992E-004
3.3574170E+001,5.6783985E-004
3.3576170E+001,5.6928000E-004
3.3578170E+001,5.8481616E-004
3.3580170E+001,6.0148859E-004
3.3582170E+001,6.3039282E-004
3.3584170E+001,6.5929705E-004
3.3586170E+001,6.8703332E-004
3.3588170E+001,7.1394105E-004
3.3590170E+001,7.4013570E-004
3.3592170E+001,7.5865424E-004
3.3594170E+001,7.7717277E-004
3.3596170E+001,7.9147540E-004
3.3598170E+001,8.0278724E-004
3.3600170E+001,8.1381185E-004
3.3602170E+001,8.2174444E-004
3.3604170E+001,8.2967704E-004
3.3606170E+001,8.3636873E-004
3.3608170E+001,8.4218011E-004
3.3610170E+001,8.4749941E-004
3.3612170E+001,8.4752171E-004
3.3614170E+001,8.4754400E-004
3.3616170E+001,8.4009456E-004
3.3618170E+001,8.2734466E-004
3.3620170E+001,8.1296029E-004
3.3622170E+001,7.8098121E-004
3.3624170E+001,7.4900213E-004
3.3626170E+001,7.0400028E-004
3.3628170E+001,6.4976004E-004
3.3630170E+001,5.9365941E-004
3.3632170E+001,5.1753214E-004
3.3634170E+001,4.4140487E-004
3.3636170E+001,3.5332103E-004
3.3638170E+001,2.5675519E-004
3.3640170E+001,1.5846462E-004
3.3642170E+001,4.1607852E-005
3.3644170E+001,-7.5248913E-005
3.3646170E+001,-2.0484857E-004
3.3648170E+001,-3.4348808E-004
3.3650170E+001,-4.8404217E-004
3.3652170E+001,-6.4520630E-004
3.3654170E+001,-8.0637043E-004
3.3656170E+001,-9.7832221E-004
3.3658170E+001,-1.1579268E-003
3.3660170E+001,-1.3380630E-003
3.3662170E+001,-1.5239222E-003
3.3664170E+001,-1.7097814E-003
3.3666170E+001,-1.8875768E-003
3.3668170E+001,-2.0596518E-003
3.3670170E+001,-2.2285964E-003
3.3672170E+001,-2.3638429E-003
3.3674170E+001,-2.4990895E-003
3.3676170E+001,-2.6020973E-003
3.3678170E+001,-2.6822349E-003
3.3680170E+001,-2.7571405E-003
3.3682170E+001,-2.7757245E-003
3.3684170E+001,-2.7943085E-003
3.3686170E+001,-2.7817159E-003
3.3688170E+001,-2.7470064E-003
3.3690170E+001,-2.7094676E-003
3.3692170E+001,-2.6414708E-003
3.3694170E+001,-2.5734740E-003
3.3696170E+001,-2.5000431E-003
3.3698170E+001,-2.4227574E-003
3.3700170E+001,-2.3462905E-003
3.3702170E+001,-2.2786388E-003
3.3704170E+001,-2.2109870E-003
3.3706170E+001,-2.1535789E-003
3.3708170E+001,-2.1034376E-003
3.3710170E+001,-2.0545004E-003
3.3712170E+001,-2.0185248E-003
3.3714170E+001,-1.9825493E-003
3.3716170E+001,-1.9490960E-003
3.3718170E+001,-1.9174322E-003
3.3720170E+001,-1.8852512E-003
3.3722170E+001,-1.8475037E-003
3.3724170E+001,-1.8097563E-003
3.3726170E+001,-1.7643083E-003
3.3728170E+001,-1.7133974E-003
3.3730170E+001,-1.6611103E-003
3.3732170E+001,-1.5940071E-003
3.3734170E+001,-1.5269040E-003
3.3736170E+001,-1.4501343E-003
3.3738170E+001,-1.3665070E-003
3.3740170E+001,-1.2815257E-003
3.3742170E+001,-1.1819677E-003
3.3744170E+001,-1.0824096E-003
3.3746170E+001,-9.7396300E-004
3.3748170E+001,-8.5921081E-004
3.3750170E+001,-7.4331221E-004
3.3752170E+001,-6.1507280E-004
3.3754170E+001,-4.8683340E-004
3.3756170E+001,-3.5329364E-004
3.3758170E+001,-2.1599379E-004
3.3760170E+001,-7.8612139E-005
3.3762170E+001,5.9650186E-005
3.3764170E+001,1.9791251E-004
3.3766170E+001,3.3054907E-004
3.3768170E+001,4.5919470E-004
3.3770170E+001,5.8617128E-004
3.3772170E+001,6.9518104E-004
3.3774170E+001,8.0419080E-004
3.3776170E+001,8.9805673E-004
3.3778170E+001,9.8117957E-004
3.3780170E+001,1.0620253E-003
3.3782170E+001,1.1183589E-003
3.3784170E+001,1.1746924E-003
3.3786170E+001,1.2174224E-003
3.3788170E+001,1.2505020E-003
3.3790170E+001,1.2820324E-003
3.3792170E+001,1.2968862E-003
3.3794170E+001,1.3117400E-003
3.3796170E+001,1.3178136E-003
3.3798170E+001,1.3176587E-003
3.3800170E+001,1.3162112E-003
3.3802170E+001,1.3008500E-003
3.3804170E+001,1.2854888E-003
3.3806170E+001,1.2597264E-003
3.3808170E+001,1.2265854E-003
3.3810170E+001,1.1917394E-003
3.3812170E+001,1.1385388E-003
3.3814170E+001,1.0853382E-003
3.3816170E+001,1.0206012E-003
3.3818170E+001,9.4768007E-004
3.3820170E+001,8.7340516E-004
3.3822170E+001,7.8455680E-004
3.3824170E+001,6.9570845E-004
3.3826170E+001,6.0151762E-004
3.3828170E+001,5.0353682E-004
3.3830170E+001,4.0551204E-004
3.3832170E+001,3.0701378E-004
3.3834170E+001,2.0851552E-004
3.3836170E+001,1.1482234E-004
3.3838170E+001,2.4537902E-005
3.3840170E+001,-6.4459354E-005
3.3842170E+001,-1.3960041E-004
3.3844170E+001,-2.1474146E-004
3.3846170E+001,-2.7877501E-004
3.3848170E+001,-3.3492887E-004
3.3850170E+001,-3.8939272E-004
3.3852170E+001,-4.2566402E-004
3.3854170E+001,-4.6193531E-004
3.3856170E+001,-4.8693805E-004
3.3858170E+001,-5.0394685E-004
3.3860170E+001,-5.1935421E-004
3.3862170E+001,-5.1752259E-004
3.3864170E+001,-5.1569097E-004
3.3866170E+001,-5.0250262E-004
3.3868170E+001,-4.8125777E-004
3.3870170E+001,-4.5830163E-004
3.3872170E+001,-4.1692389E-004
3.3874170E+001,-3.7554615E-004
3.3876170E+001,-3.2321914E-004
3.3878170E+001,-2.6312469E-004
3.3880170E+001,-2.0194187E-004
3.3882170E+001,-1.2904300E-004
3.3884170E+001,-5.6144126E-005
3.3886170E+001,1.7803519E-005
3.3888170E+001,9.2495166E-005
3.3890170E+001,1.6613808E-004
3.3892170E+001,2.2849161E-004
3.3894170E+001,2.9084514E-004
3.3896170E+001,3.3797697E-004
3.3898170E+001,3.7431048E-004
3.3900170E+001,4.0758787E-004
3.3902170E+001,4.0796677E-004
3.3904170E+001,4.0834567E-004
3.3906170E+001,3.8520857E-004
3.3908170E+001,3.4538916E-004
3.3910170E+001,3.0233536E-004
3.3912170E+001,2.2446416E-004
3.3914170E+001,1.4659296E-004
3.3916170E+001,5.1397890E-005
3.3918170E+001,-5.6086766E-005
3.3920170E+001,-1.6490078E-004
3.3922170E+001,-2.8802499E-004
3.3924170E+001,-4.1114921E-004
3.3926170E+001,-5.3284119E-004
3.3928170E+001,-6.5351716E-004
3.3930170E+001,-7.7227607E-004
3.3932170E+001,-8.7039839E-004
3.3934170E+001,-9.6852071E-004
3.3936170E+001,-1.0422405E-003
3.3938170E+001,-1.0986492E-003
3.3940170E+001,-1.1502976E-003
3.3942170E+001,-1.1507034E-003
3.3944170E+001,-1.1511092E-003
3.3946170E+001,-1.1156204E-003
3.3948170E+001,-1.0546679E-003
3.3950170E+001,-9.8900592E-004
3.3952170E+001,-8.7264808E-004
3.3954170E+001,-7.5629024E-004
3.3956170E+001,-6.1712937E-004
3.3958170E+001,-4.6179198E-004
3.3960170E+001,-3.0509304E-004
3.3962170E+001,-1.3373748E-004
3.3964170E+001,3.7618077E-005
3.3966170E+001,2.0425673E-004
3.3968170E+001,3.6754919E-004
3.3970170E+001,5.2843017E-004
3.3972170E+001,6.6335215E-004
3.3974170E+001,7.9827412E-004
3.3976170E+001,9.0861235E-004
3.3978170E+001,1.0015108E-003
3.3980170E+001,1.0902692E-003
3.3982170E+001,1.1344615E-003
3.3984170E+001,1.1786538E-003
3.3986170E+001,1.1936127E-003
3.3988170E+001,1.1878333E-003
3.3990170E+001,1.1780105E-003
3.3992170E+001,1.1246621E-003
3.3994170E+001,1.0713137E-003
3.3996170E+001,9.9337617E-004
3.3998170E+001,8.9799506E-004
3.4000170E+001,7.9983291E-004
3.4002170E+001,6.7173371E-004
3.4004170E+001,5.4363451E-004
3.4006170E+001,4.0440151E-004
3.4008170E+001,2.5727017E-004
3.4010170E+001,1.1000776E-004
3.4012170E+001,-3.8665613E-005
3.4014170E+001,-1.8733899E-004
3.4016170E+001,-3.2558483E-004
3.4018170E+001,-4.5643336E-004
3.4020170E+001,-5.8420429E-004
3.4022170E+001,-6.7884572E-004
3.4024170E+001,-7.7348716E-004
3.4026170E+001,-8.3862816E-004
3.4028170E+001,-8.8284150E-004
3.4030170E+001,-9.2214438E-004
3.4032170E+001,-9.0858750E-004
3.4034170E+001,-8.9503062E-004
3.4036170E+001,-8.4826496E-004
3.4038170E+001,-7.7794091E-004
3.4040170E+001,-7.0357249E-004
3.4042170E+001,-5.8566737E-004
3.4044170E+001,-4.6776225E-004
3.4046170E+001,-3.3122390E-004
3.4048170E+001,-1.8146710E-004
3.4050170E+001,-3.0658595E-005
3.4052170E+001,1.3147129E-004
3.4054170E+001,2.9360118E-004
3.4056170E+001,4.5145991E-004
3.4058170E+001,6.0628867E-004
3.4060170E+001,7.5910630E-004
3.4062170E+001,8.9027466E-004
3.4064170E+001,1.0214430E-003
3.4066170E+001,1.1325169E-003
3.4068170E+001,1.2293358E-003
3.4070170E+001,1.3228604E-003
3.4072170E+001,1.3809232E-003
3.4074170E+001,1.4389860E-003
3.4076170E+001,1.4750649E-003
3.4078170E+001,1.4955484E-003
3.4080170E+001,1.5133111E-003
3.4082170E+001,1.5017853E-003
3.4084170E+001,1.4902594E-003
3.4086170E+001,1.4650427E-003
3.4088170E+001,1.4301136E-003
3.4090170E+001,1.3940448E-003
3.4092170E+001,1.3457087E-003
3.4094170E+001,1.2973726E-003
3.4096170E+001,1.2467812E-003
3.4098170E+001,1.1945899E-003
3.4100170E+001,1.1427129E-003
3.4102170E+001,1.0942181E-003
3.4104170E+001,1.0457234E-003
3.4106170E+001,1.0021179E-003
3.4108170E+001,9.6198072E-004
3.4110170E+001,9.2269239E-004
3.4112170E+001,8.9254135E-004
3.4114170E+001,8.6239032E-004
3.4116170E+001,8.3758217E-004
3.4118170E+001,8.1656429E-004
3.4120170E+001,7.9612368E-004
3.4122170E+001,7.8189728E-004
3.4124170E+001,7.6767089E-004
3.4126170E+001,7.5564641E-004
3.4128170E+001,7.4518398E-004
3.4130170E+001,7.3472667E-004
3.4132170E+001,7.2432447E-004
3.4134170E+001,7.1392227E-004
3.4136170E+001,7.0067162E-004
3.4138170E+001,6.8540028E-004
3.4140170E+001,6.6918972E-004
3.4142170E+001,6.4286890E-004
3.4144170E+001,6.1654807E-004
3.4146170E+001,5.8020930E-004
3.4148170E+001,5.3676378E-004
3.4150170E+001,4.9156354E-004
3.4152170E+001,4.2747428E-004
3.4154170E+001,3.6338501E-004
3.4156170E+001,2.8802405E-004
3.4158170E+001,2.0466692E-004
3.4160170E+001,1.2028542E-004
3.4162170E+001,2.4876859E-005
3.4164170E+001,-7.0531701E-005
3.4166170E+001,-1.6606431E-004
3.4168170E+001,-2.6168492E-004
3.4170170E+001,-3.5620778E-004
3.4172170E+001,-4.3891355E-004
3.4174170E+001,-5.2161932E-004
3.4176170E+001,-5.9088571E-004
3.4178170E+001,-6.5061817E-004
3.4180170E+001,-7.0810038E-004
3.4182170E+001,-7.4135932E-004
3.4184170E+001,-7.7461826E-004
3.4186170E+001,-7.9476110E-004
3.4188170E+001,-8.0559937E-004
3.4190170E+001,-8.1536088E-004
3.4192170E+001,-8.1353141E-004
3.4194170E+001,-8.1170195E-004
3.4196170E+001,-8.0930160E-004
3.4198170E+001,-8.0649626E-004
3.4200170E+001,-8.0441171E-004
3.4202170E+001,-8.1008631E-004
3.4204170E+001,-8.1576090E-004
3.4206170E+001,-8.2879506E-004
3.4208170E+001,-8.4705012E-004
3.4210170E+001,-8.6618856E-004
3.4212170E+001,-8.9483632E-004
3.4214170E+001,-9.2348409E-004
3.4216170E+001,-9.5415410E-004
3.4218170E+001,-9.8625869E-004
3.4220170E+001,-1.0179250E-003
3.4222170E+001,-1.0448729E-003
3.4224170E+001,-1.0718208E-003
3.4226170E+001,-1.0914666E-003
3.4228170E+001,-1.1059323E-003
3.4230170E+001,-1.1189711E-003
3.4232170E+001,-1.1166494E-003
3.4234170E+001,-1.1143277E-003
3.4236170E+001,-1.1016968E-003
3.4238170E+001,-1.0817526E-003
3.4240170E+001,-1.0605039E-003
3.4242170E+001,-1.0252120E-003
3.4244170E+001,-9.8992009E-004
3.4246170E+001,-9.4829342E-004
3.4248170E+001,-9.0217286E-004
3.4250170E+001,-8.5560317E-004
3.4252170E+001,-8.0419873E-004
3.4254170E+001,-7.5279429E-004
3.4256170E+001,-7.0141778E-004
3.4258170E+001,-6.5006109E-004
3.4260170E+001,-5.9907403E-004
3.4262170E+001,-5.5206612E-004
3.4264170E+001,-5.0505820E-004
3.4266170E+001,-4.6240731E-004
3.4268170E+001,-4.2284730E-004
3.4270170E+001,-3.8411323E-004
3.4272170E+001,-3.5427017E-004
3.4274170E+001,-3.2442711E-004
3.4276170E+001,-3.0143966E-004
3.4278170E+001,-2.8331561E-004
3.4280170E+001,-2.6635485E-004
3.4282170E+001,-2.6191662E-004
3.4284170E+001,-2.5747839E-004
3.4286170E+001,-2.6185946E-004
3.4288170E+001,-2.7249696E-004
3.4290170E+001,-2.8438219E-004
3.4292170E+001,-3.0969889E-004
3.4294170E+001,-3.3501558E-004
3.4296170E+001,-3.6700582E-004
3.4298170E+001,-4.0373029E-004
3.4300170E+001,-4.4089626E-004
3.4302170E+001,-4.8281476E-004
3.4304170E+001,-5.2473326E-004
3.4306170E+001,-5.6504573E-004
3.4308170E+001,-6.0421888E-004
3.4310170E+001,-6.4250592E-004
3.4312170E+001,-6.7125415E-004
3.4314170E+001,-7.0000238E-004
3.4316170E+001,-7.1942379E-004
3.4318170E+001,-7.3222872E-004
3.4320170E+001,-7.4348523E-004
3.4322170E+001,-7.3807332E-004
3.4324170E+001,-7.3266140E-004
3.4326170E+001,-7.1711248E-004
3.4328170E+001,-6.9437233E-004
3.4330170E+001,-6.7041734E-004
3.4332170E+001,-6.3338493E-004
3.4334170E+001,-5.9635252E-004
3.4336170E+001,-5.5329977E-004
3.4338170E+001,-5.0597618E-004
3.4340170E+001,-4.5814654E-004
3.4342170E+001,-4.0486956E-004
3.4344170E+001,-3.5159257E-004
3.4346170E+001,-2.9752625E-004
3.4348170E+001,-2.4289998E-004
3.4350170E+001,-1.8855968E-004
3.4352170E+001,-1.3729776E-004
3.4354170E+001,-8.6035833E-005
3.4356170E+001,-3.9153941E-005
3.4358170E+001,4.6207449E-006
3.4360170E+001,4.7538320E-005
3.4362170E+001,8.1229328E-005
3.4364170E+001,1.1492034E-004
3.4366170E+001,1.4236512E-004
3.4368170E+001,1.6537881E-004
3.4370170E+001,1.8757854E-004
3.4372170E+001,2.0101609E-004
3.4374170E+001,2.1445364E-004
3.4376170E+001,2.2343111E-004
3.4378170E+001,2.2924458E-004
3.4380170E+001,2.3457048E-004
3.4382170E+001,2.3464772E-004
3.4384170E+001,2.3472496E-004
3.4386170E+001,2.3216124E-004
3.4388170E+001,2.2772402E-004
3.4390170E+001,2.2294613E-004
3.4392170E+001,2.1450099E-004
3.4394170E+001,2.0605584E-004
3.4396170E+001,1.9543190E-004
3.4398170E+001,1.8326234E-004
3.4400170E+001,1.7083874E-004
3.4402170E+001,1.5568065E-004
3.4404170E+001,1.4052256E-004
3.4406170E+001,1.2452945E-004
3.4408170E+001,1.0794399E-004
3.4410170E+001,9.1427555E-005
3.4412170E+001,7.5654232E-005
3.4414170E+001,5.9880910E-005
3.4416170E+001,4.5983285E-005
3.4418170E+001,3.3416284E-005
3.4420170E+001,2.1283544E-005
3.4422170E+001,1.3825511E-005
3.4424170E+001,6.3674775E-006
3.4426170E+001,2.3894844E-006
3.4428170E+001,8.8023897E-007
3.4430170E+001,-1.6917765E-007
3.4432170E+001,3.7313358E-006
3.4434170E+001,7.6318492E-006
3.4436170E+001,1.3613608E-005
3.4438170E+001,2.1071806E-005
3.4440170E+001,2.8594972E-005
3.4442170E+001,3.6817503E-005
3.4444170E+001,4.5040034E-005
3.4446170E+001,5.1792570E-005
3.4448170E+001,5.7502287E-005
3.4450170E+001,6.2717275E-005
3.4452170E+001,6.2606643E-005
3.4454170E+001,6.2496010E-005
3.4456170E+001,5.7356739E-005
3.4458170E+001,4.8650139E-005
3.4460170E+001,3.9083736E-005
3.4462170E+001,2.0261772E-005
3.4464170E+001,1.4398090E-006
3.4466170E+001,-2.3050451E-005
3.4468170E+001,-5.1561814E-005
3.4470170E+001,-8.0664997E-005
3.4472170E+001,-1.1613897E-004
3.4474170E+001,-1.5161294E-004
3.4476170E+001,-1.8831389E-004
3.4478170E+001,-2.2588525E-004
3.4480170E+001,-2.6310265E-004
3.4482170E+001,-2.9650964E-004
3.4484170E+001,-3.2991663E-004
3.4486170E+001,-3.5716205E-004
3.4488170E+001,-3.8003642E-004
3.4490170E+001,-4.0160009E-004
3.4492170E+001,-4.0905439E-004
3.4494170E+001,-4.1650869E-004
3.4496170E+001,-4.1374013E-004
3.4498170E+001,-4.0371946E-004
3.4500170E+001,-3.9232767E-004
3.4502170E+001,-3.6617615E-004
3.4504170E+001,-3.4002463E-004
3.4506170E+001,-3.0696731E-004
3.4508170E+001,-2.6901098E-004
3.4510170E+001,-2.3057194E-004
3.4512170E+001,-1.8693656E-004
3.4514170E+001,-1.4330119E-004
3.4516170E+001,-1.0008634E-004
3.4518170E+001,-5.7169827E-005
3.4520170E+001,-1.4761552E-005
3.4522170E+001,2.2175646E-005
3.4524170E+001,5.9112844E-005
3.4526170E+001,9.0627206E-005
3.4528170E+001,1.1829460E-004
3.4530170E+001,1.4505922E-004
3.4532170E+001,1.6210587E-004
3.4534170E+001,1.7915252E-004
3.4536170E+001,1.8989241E-004
3.4538170E+001,1.9615826E-004
3.4540170E+001,2.0151868E-004
3.4542170E+001,1.9713226E-004
3.4544170E+001,1.9274585E-004
3.4546170E+001,1.8210577E-004
3.4548170E+001,1.6702931E-004
3.4550170E+001,1.5104681E-004
3.4552170E+001,1.2531105E-004
3.4554170E+001,9.9575295E-005
3.4556170E+001,6.8087114E-005
3.4558170E+001,3.2518153E-005
3.4560170E+001,-3.6858740E-006
3.4562170E+001,-4.6726218E-005
3.4564170E+001,-8.9766562E-005
3.4566170E+001,-1.3477474E-004
3.4568170E+001,-1.8117890E-004
3.4570170E+001,-2.2742743E-004
3.4572170E+001,-2.7200073E-004
3.4574170E+001,-3.1657402E-004
3.4576170E+001,-3.5720625E-004
3.4578170E+001,-3.9504269E-004
3.4580170E+001,-4.3203577E-004
3.4582170E+001,-4.5995027E-004
3.4584170E+001,-4.8786477E-004
3.4586170E+001,-5.0953971E-004
3.4588170E+001,-5.2678830E-004
3.4590170E+001,-5.4324500E-004
3.4592170E+001,-5.5117729E-004
3.4594170E+001,-5.5910957E-004
3.4596170E+001,-5.6292394E-004
3.4598170E+001,-5.6381705E-004
3.4600170E+001,-5.6427017E-004
3.4602170E+001,-5.5998702E-004
3.4604170E+001,-5.5570386E-004
3.4606170E+001,-5.4874586E-004
3.4608170E+001,-5.3989033E-004
3.4610170E+001,-5.3059331E-004
3.4612170E+001,-5.1654376E-004
3.4614170E+001,-5.0249421E-004
3.4616170E+001,-4.8479613E-004
3.4618170E+001,-4.6450977E-004
3.4620170E+001,-4.4365633E-004
3.4622170E+001,-4.1669835E-004
3.4624170E+001,-3.8974037E-004
3.4626170E+001,-3.5934600E-004
3.4628170E+001,-3.2651385E-004
3.4630170E+001,-2.9334880E-004
3.4632170E+001,-2.5660015E-004
3.4634170E+001,-2.1985150E-004
3.4636170E+001,-1.8228530E-004
3.4638170E+001,-1.4413911E-004
3.4640170E+001,-1.0607471E-004
3.4642170E+001,-6.8890704E-005
3.4644170E+001,-3.1706695E-005
3.4646170E+001,3.9144549E-006
3.4648170E+001,3.8426908E-005
3.4650170E+001,7.2630908E-005
3.4652170E+001,1.0351449E-004
3.4654170E+001,1.3439807E-004
3.4656170E+001,1.6290191E-004
3.4658170E+001,1.8971757E-004
3.4660170E+001,2.1616595E-004
3.4662170E+001,2.3866083E-004
3.4664170E+001,2.6115570E-004
3.4666170E+001,2.8099741E-004
3.4668170E+001,2.9895695E-004
3.4670170E+001,3.1652829E-004
3.4672170E+001,3.2992072E-004
3.4674170E+001,3.4331316E-004
3.4676170E+001,3.5428489E-004
3.4678170E+001,3.6353936E-004
3.4680170E+001,3.7252979E-004
3.4682170E+001,3.7867794E-004
3.4684170E+001,3.8482609E-004
3.4686170E+001,3.9002988E-004
3.4688170E+001,3.9456375E-004
3.4690170E+001,3.9909462E-004
3.4692170E+001,4.0359322E-004
3.4694170E+001,4.0809182E-004
3.4696170E+001,4.1328796E-004
3.4698170E+001,4.1897893E-004
3.4700170E+001,4.2481843E-004
3.4702170E+001,4.3225684E-004
3.4704170E+001,4.3969524E-004
3.4706170E+001,4.4804595E-004
3.4708170E+001,4.5704384E-004
3.4710170E+001,4.6611179E-004
3.4712170E+001,4.7593395E-004
3.4714170E+001,4.8575610E-004
3.4716170E+001,4.9550215E-004
3.4718170E+001,5.0519421E-004
3.4720170E+001,5.1479812E-004
3.4722170E+001,5.2345311E-004
3.4724170E+001,5.3210810E-004
3.4726170E+001,5.3970946E-004
3.4728170E+001,5.4656337E-004
3.4730170E+001,5.5320709E-004
3.4732170E+001,5.5758818E-004
3.4734170E+001,5.6196928E-004
3.4736170E+001,5.6450283E-004
3.4738170E+001,5.6572573E-004
3.4740170E+001,5.6661501E-004
3.4742170E+001,5.6391292E-004
3.4744170E+001,5.6121083E-004
3.4746170E+001,5.5575005E-004
3.4748170E+001,5.4833225E-004
3.4750170E+001,5.4046460E-004
3.4752170E+001,5.2775440E-004
3.4754170E+001,5.1504420E-004
3.4756170E+001,4.9924051E-004
3.4758170E+001,4.8124231E-004
3.4760170E+001,4.6287152E-004
3.4762170E+001,4.4048993E-004
3.4764170E+001,4.1810834E-004
3.4766170E+001,3.9425920E-004
3.4768170E+001,3.6936896E-004
3.4770170E+001,3.4448448E-004
3.4772170E+001,3.1966185E-004
3.4774170E+001,2.9483923E-004
3.4776170E+001,2.7165703E-004
3.4778170E+001,2.4963855E-004
3.4780170E+001,2.2805009E-004
3.4782170E+001,2.1109064E-004
3.4784170E+001,1.9413119E-004
3.4786170E+001,1.8085674E-004
3.4788170E+001,1.7019643E-004
3.4790170E+001,1.6007001E-004
3.4792170E+001,1.5569088E-004
3.4794170E+001,1.5131175E-004
3.4796170E+001,1.4993130E-004
3.4798170E+001,1.5067811E-004
3.4800170E+001,1.5170007E-004
3.4802170E+001,1.5568384E-004
3.4804170E+001,1.5966761E-004
3.4806170E+001,1.6430112E-004
3.4808170E+001,1.6939557E-004
3.4810170E+001,1.7441858E-004
3.4812170E+001,1.7867258E-004
3.4814170E+001,1.8292658E-004
3.4816170E+001,1.8579780E-004
3.4818170E+001,1.8768808E-004
3.4820170E+001,1.8929400E-004
3.4822170E+001,1.8783889E-004
3.4824170E+001,1.8638378E-004
3.4826170E+001,1.8273331E-004
3.4828170E+001,1.7752543E-004
3.4830170E+001,1.7201269E-004
3.4832170E+001,1.6321804E-004
3.4834170E+001,1.5442340E-004
3.4836170E+001,1.4395027E-004
3.4838170E+001,1.3228642E-004
3.4840170E+001,1.2047994E-004
3.4842170E+001,1.0713810E-004
3.4844170E+001,9.3796253E-005
3.4846170E+001,8.0332236E-005
3.4848170E+001,6.6781550E-005
3.4850170E+001,5.3333601E-005
3.4852170E+001,4.0991576E-005
3.4854170E+001,2.8649550E-005
3.4856170E+001,1.7597156E-005
3.4858170E+001,7.4596292E-006
3.4860170E+001,-2.4618804E-006
3.4862170E+001,-1.0058023E-005
3.4864170E+001,-1.7654166E-005
3.4866170E+001,-2.3936936E-005
3.4868170E+001,-2.9287997E-005
3.4870170E+001,-3.4504370E-005
3.4872170E+001,-3.8270867E-005
3.4874170E+001,-4.2037364E-005
3.4876170E+001,-4.5271825E-005
3.4878170E+001,-4.8128857E-005
3.4880170E+001,-5.0946678E-005
3.4882170E+001,-5.3342411E-005
3.4884170E+001,-5.5738144E-005
3.4886170E+001,-5.7965598E-005
3.4888170E+001,-6.0073675E-005
3.4890170E+001,-6.2156344E-005
3.4892170E+001,-6.3965515E-005
3.4894170E+001,-6.5774685E-005
3.4896170E+001,-6.7356039E-005
3.4898170E+001,-6.8775779E-005
3.4900170E+001,-7.0152558E-005
3.4902170E+001,-7.1066860E-005
3.4904170E+001,-7.1981162E-005
3.4906170E+001,-7.2533203E-005
3.4908170E+001,-7.2828255E-005
3.4910170E+001,-7.3065599E-005
3.4912170E+001,-7.2681732E-005
3.4914170E+001,-7.2297864E-005
3.4916170E+001,-7.1553706E-005
3.4918170E+001,-7.0553957E-005
3.4920170E+001,-6.9519839E-005
3.4922170E+001,-6.8115742E-005
3.4924170E+001,-6.6711645E-005
3.4926170E+001,-6.5251524E-005
3.4928170E+001,-6.3751659E-005
3.4930170E+001,-6.2270034E-005
3.4932170E+001,-6.0984754E-005
3.4934170E+001,-5.9699473E-005
3.4936170E+001,-5.8677909E-005
3.4938170E+001,-5.7843425E-005
3.4940170E+001,-5.7058888E-005
3.4942170E+001,-5.6812012E-005
3.4944170E+001,-5.6565137E-005
3.4946170E+001,-5.6689130E-005
3.4948170E+001,-5.7076216E-005
3.4950170E+001,-5.7514210E-005
3.4952170E+001,-5.8500208E-005
3.4954170E+001,-5.9486206E-005
3.4956170E+001,-6.0748949E-005
3.4958170E+001,-6.2208016E-005
3.4960170E+001,-6.3687239E-005
3.4962170E+001,-6.5383433E-005
3.4964170E+001,-6.7079627E-005
3.4966170E+001,-6.8711429E-005
3.4968170E+001,-7.0297550E-005
3.4970170E+001,-7.1839147E-005
3.4972170E+001,-7.2901456E-005
3.4974170E+001,-7.3963764E-005
3.4976170E+001,-7.4494046E-005
3.4978170E+001,-7.4646909E-005
3.4980170E+001,-7.4701852E-005
3.4982170E+001,-7.3702717E-005
3.4984170E+001,-7.2703583E-005
3.4986170E+001,-7.1022747E-005
3.4988170E+001,-6.8858312E-005
3.4990170E+001,-6.6614545E-005
3.4992170E+001,-6.3516798E-005
3.4994170E+001,-6.0419051E-005
3.4996170E+001,-5.7015518E-005
3.4998170E+001,-5.3395060E-005
3.5000170E+001,-4.9769503E-005
3.5002170E+001,-4.6089062E-005
3.5004170E+001,-4.2408622E-005
3.5006170E+001,-3.8916147E-005
3.5008170E+001,-3.5557015E-005
3.5010170E+001,-3.2243837E-005
3.5012170E+001,-2.9425338E-005
3.5014170E+001,-2.6606840E-005
3.5016170E+001,-2.4140634E-005
3.5018170E+001,-2.1924345E-005
3.5020170E+001,-1.9756922E-005
3.5022170E+001,-1.8115516E-005
3.5024170E+001,-1.6474111E-005
3.5026170E+001,-1.5146036E-005
3.5028170E+001,-1.4040236E-005
3.5030170E+001,-1.2978621E-005
3.5032170E+001,-1.2392637E-005
3.5034170E+001,-1.1806652E-005
3.5036170E+001,-1.1518939E-005
3.5038170E+001,-1.1442822E-005
3.5040170E+001,-1.1405684E-005
3.5042170E+001,-1.1788142E-005
3.5044170E+001,-1.2170601E-005
3.5046170E+001,-1.2743364E-005
3.5048170E+001,-1.3451130E-005
3.5050170E+001,-1.4167812E-005
3.5052170E+001,-1.4980469E-005
3.5054170E+001,-1.5793127E-005
3.5056170E+001,-1.6510954E-005
3.5058170E+001,-1.7161508E-005
3.5060170E+001,-1.7777859E-005
3.5062170E+001,-1.8026024E-005
3.5064170E+001,-1.8274189E-005
3.5066170E+001,-1.8205922E-005
3.5068170E+001,-1.7913177E-005
3.5070170E+001,-1.7575048E-005
3.5072170E+001,-1.6748376E-005
3.5074170E+001,-1.5921705E-005
3.5076170E+001,-1.4868253E-005
3.5078170E+001,-1.3653922E-005
3.5080170E+001,-1.2426374E-005
3.5082170E+001,-1.1056538E-005
3.5084170E+001,-9.6867011E-006
3.5086170E+001,-8.3656305E-006
3.5088170E+001,-7.0791545E-006
3.5090170E+001,-5.8143793E-006
3.5092170E+001,-4.7832065E-006
3.5094170E+001,-3.7520336E-006
3.5096170E+001,-2.9083115E-006
3.5098170E+001,-2.1975675E-006
3.5100170E+001,-1.5109544E-006
3.5102170E+001,-1.0841052E-006
3.5104170E+001,-6.5725595E-007
3.5106170E+001,-3.3878330E-007
3.5108170E+001,-9.7193198E-008
3.5110170E+001,1.3802797E-007
3.5112170E+001,3.0468943E-007
3.5114170E+001,4.7135088E-007
3.5116170E+001,6.4223247E-007
3.5118170E+001,8.1610784E-007
3.5120170E+001,9.9360201E-007
3.5122170E+001,1.2100516E-006
3.5124170E+001,1.4265011E-006
3.5126170E+001,1.6631781E-006
3.5128170E+001,1.9142044E-006
3.5130170E+001,2.1654318E-006
3.5132170E+001,2.4188236E-006
3.5134170E+001,2.6722155E-006
3.5136170E+001,2.9078851E-006
3.5138170E+001,3.1309825E-006
3.5140170E+001,3.3500929E-006
3.5142170E+001,3.5262851E-006
3.5144170E+001,3.7024773E-006
3.5146170E+001,3.8524436E-006
3.5148170E+001,3.9838052E-006
3.5150170E+001,4.1123558E-006
3.5152170E+001,4.2106466E-006
3.5154170E+001,4.3089374E-006
3.5156170E+001,4.3933986E-006
3.5158170E+001,4.4680490E-006
3.5160170E+001,4.5407598E-006
3.5162170E+001,4.5925905E-006
3.5164170E+001,4.6444212E-006
3.5166170E+001,4.6800470E-006
3.5168170E+001,4.7041772E-006
3.5170170E+001,4.7257943E-006
3.5172170E+001,4.7203586E-006
3.5174170E+001,4.7149229E-006
3.5176170E+001,4.6970051E-006
3.5178170E+001,4.6702325E-006
3.5180170E+001,4.6431577E-006
3.5182170E+001,4.6128298E-006
3.5184170E+001,4.5825018E-006
3.5186170E+001,4.5613520E-006
3.5188170E+001,4.5467133E-006
3.5190170E+001,4.5343413E-006
3.5192170E+001,4.5463709E-006
3.5194170E+001,4.5584004E-006
3.5196170E+001,4.5848938E-006
3.5198170E+001,4.6216477E-006
3.5200170E+001,4.6594745E-006
3.5202170E+001,4.7088498E-006
3.5204170E+001,4.7582251E-006
3.5206170E+001,4.8062404E-006
3.5208170E+001,4.8532909E-006
3.5210170E+001,4.8992185E-006
3.5212170E+001,4.9330578E-006
3.5214170E+001,4.9668970E-006
3.5216170E+001,4.9907360E-006
3.5218170E+001,5.0074807E-006
3.5220170E+001,5.0229040E-006
3.5222170E+001,5.0241016E-006
3.5224170E+001,5.0252992E-006
3.5226170E+001,5.0191265E-006
3.5228170E+001,5.0077254E-006
3.5230170E+001,4.9953359E-006
3.5232170E+001,4.9723072E-006
3.5234170E+001,4.9492785E-006
3.5236170E+001,4.9184849E-006
3.5238170E+001,4.8821828E-006
3.5240170E+001,4.8445489E-006
3.5242170E+001,4.7925777E-006
3.5244170E+001,4.7406066E-006
3.5246170E+001,4.6790423E-006
3.5248170E+001,4.6106727E-006
3.5250170E+001,4.5410860E-006
3.5252170E+001,4.4583991E-006
3.5254170E+001,4.3757123E-006
3.5256170E+001,4.2872024E-006
3.5258170E+001,4.1945618E-006
3.5260170E+001,4.1015166E-006
3.5262170E+001,4.0041163E-006
3.5264170E+001,3.9067161E-006
3.5266170E+001,3.8091989E-006
3.5268170E+001,3.7115987E-006
3.5270170E+001,3.6142330E-006
3.5272170E+001,3.5193907E-006
3.5274170E+001,3.4245484E-006
3.5276170E+001,3.3319389E-006
3.5278170E+001,3.2409134E-006
3.5280170E+001,3.1501712E-006
3.5282170E+001,3.0624781E-006
3.5284170E+001,2.9747849E-006
3.5286170E+001,2.8883209E-006
3.5288170E+001,2.8027287E-006
3.5290170E+001,2.7172199E-006
3.5292170E+001,2.6326093E-006
3.5294170E+001,2.5479986E-006
3.5296170E+001,2.4636935E-006
3.5298170E+001,2.3796051E-006
3.5300170E+001,2.2955828E-006
3.5302170E+001,2.2122721E-006
3.5304170E+001,2.1289614E-006
3.5306170E+001,2.0464600E-006
3.5308170E+001,1.9645326E-006
3.5310170E+001,1.8827619E-006
3.5312170E+001,1.8026770E-006
3.5314170E+001,1.7225922E-006
3.5316170E+001,1.6436112E-006
3.5318170E+001,1.5654133E-006
3.5320170E+001,1.4873584E-006
3.5322170E+001,1.4108436E-006
3.5324170E+001,1.3343288E-006
3.5326170E+001,1.2588227E-006
3.5328170E+001,1.1840323E-006
3.5330170E+001,1.1094516E-006
3.5332170E+001,1.0371292E-006
3.5334170E+001,9.6480676E-007
3.5336170E+001,8.9481826E-007
3.5338170E+001,8.2648545E-007
3.5340170E+001,7.5865299E-007
3.5342170E+001,6.9620674E-007
3.5344170E+001,6.3376049E-007
3.5346170E+001,5.7568027E-007
3.5348170E+001,5.2069731E-007
3.5350170E+001,4.6640000E-007
3.5352170E+001,4.1948349E-007
3.5354170E+001,3.7256698E-007
3.5356170E+001,3.2997872E-007
3.5358170E+001,2.9046092E-007
3.5360170E+001,2.5142465E-007
3.5362170E+001,2.1757183E-007
3.5364170E+001,1.8371902E-007
3.5366170E+001,1.5189940E-007
3.5368170E+001,1.2152215E-007
3.5370170E+001,9.1276866E-008
3.5372170E+001,6.2452300E-008
3.5374170E+001,3.3627733E-008
3.5376170E+001,5.0397529E-009
3.5378170E+001,-2.3380392E-008
3.5380170E+001,-5.1788163E-008
3.5382170E+001,-8.0062729E-008
3.5384170E+001,-1.0833730E-007
3.5386170E+001,-1.3629749E-007
3.5388170E+001,-1.6403468E-007
3.5390170E+001,-1.9167203E-007
3.5392170E+001,-2.1823479E-007
3.5394170E+001,-2.4479754E-007
3.5396170E+001,-2.7037427E-007
3.5398170E+001,-2.9525152E-007
3.5400170E+001,-3.1997087E-007
3.5402170E+001,-3.4299054E-007
3.5404170E+001,-3.6601022E-007
3.5406170E+001,-3.8805440E-007
3.5408170E+001,-4.0940657E-007
3.5410170E+001,-4.3065310E-007
3.5412170E+001,-4.5076236E-007
3.5414170E+001,-4.7087163E-007
3.5416170E+001,-4.9052530E-007
3.5418170E+001,-5.0985578E-007
3.5420170E+001,-5.2914878E-007
3.5422170E+001,-5.4803830E-007
3.5424170E+001,-5.6692782E-007
3.5426170E+001,-5.8564296E-007
3.5428170E+001,-6.0423440E-007
3.5430170E+001,-6.2279925E-007
3.5432170E+001,-6.4107795E-007
3.5434170E+001,-6.5935664E-007
3.5436170E+001,-6.7740774E-007
3.5438170E+001,-6.9529737E-007
3.5440170E+001,-7.1314940E-007
3.5442170E+001,-7.3059657E-007
3.5444170E+001,-7.4804374E-007
3.5446170E+001,-7.6522943E-007
3.5448170E+001,-7.8222961E-007
3.5450170E+001,-7.9919297E-007
3.5452170E+001,-8.1576008E-007
3.5454170E+001,-8.3232718E-007
3.5456170E+001,-8.4863433E-007
3.5458170E+001,-8.6475707E-007
3.5460170E+001,-8.8083784E-007
3.5462170E+001,-8.9646694E-007
3.5464170E+001,-9.1209604E-007
3.5466170E+001,-9.2740132E-007
3.5468170E+001,-9.4247688E-007
3.5470170E+001,-9.5750301E-007
3.5472170E+001,-9.7199716E-007
3.5474170E+001,-9.8649130E-007
3.5476170E+001,-1.0006640E-006
3.5478170E+001,-1.0146088E-006
3.5480170E+001,-1.0285144E-006
3.5482170E+001,-1.0419989E-006
3.5484170E+001,-1.0554834E-006
3.5486170E+001,-1.0687646E-006
3.5488170E+001,-1.0819014E-006
3.5490170E+001,-1.0950160E-006
3.5492170E+001,-1.1078908E-006
3.5494170E+001,-1.1207657E-006
3.5496170E+001,-1.1334990E-006
3.5498170E+001,-1.1461317E-006
3.5500170E+001,-1.1587399E-006
3.5502170E+001,-1.1710835E-006
3.5504170E+001,-1.1834271E-006
3.5506170E+001,-1.1955583E-006
3.5508170E+001,-1.2075387E-006
3.5510170E+001,-1.2194845E-006
3.5512170E+001,-1.2310576E-006
3.5514170E+001,-1.2426308E-006
3.5516170E+001,-1.2539800E-006
3.5518170E+001,-1.2651703E-006
3.5520170E+001,-1.2763360E-006
3.5522170E+001,-1.2872362E-006
3.5524170E+001,-1.2981363E-006
3.5526170E+001,-1.3089396E-006
3.5528170E+001,-1.3196742E-006
3.5530170E+001,-1.3294964E-006
3.5532170E+001,-1.3294964E-006
3.5534170E+001,-1.3294964E-006
