t,Xacceleration
1.7000000E-004,3.0123514E-004
2.1700000E-003,6.1762194E-004
4.1700000E-003,2.8702039E-004
6.1700000E-003,1.7364808E-004
8.1700000E-003,1.1898328E-004
1.0170000E-002,6.3908884E-006
1.2170000E-002,1.6063868E-004
1.4170000E-002,2.5963798E-004
1.6170000E-002,2.7185143E-004
1.8170000E-002,2.7249605E-004
2.0170000E-002,2.7751870E-004
2.2170000E-002,2.6768396E-004
2.4170000E-002,2.1713760E-004
2.6170000E-002,1.4071012E-004
2.8170000E-002,7.7969263E-005
3.0170000E-002,4.8121030E-005
3.2170000E-002,4.1577193E-005
3.4170000E-002,3.9607585E-005
3.6170000E-002,3.0154787E-005
3.8170000E-002,1.3412833E-005
4.0170000E-002,-1.6197637E-006
4.2170000E-002,-7.1422899E-006
4.4170000E-002,-1.1716154E-006
4.6170000E-002,1.6459211E-005
4.8170000E-002,4.5495653E-005
5.0170000E-002,8.2529695E-005
5.2170000E-002,1.2348640E-004
5.4170000E-002,1.6907663E-004
5.6170000E-002,2.2205451E-004
5.8170000E-002,2.7802720E-004
6.0170000E-002,3.2321572E-004
6.2170000E-002,3.4337611E-004
6.4170000E-002,3.3385104E-004
6.6170000E-002,3.0116209E-004
6.8170000E-002,2.5717849E-004
7.0170000E-002,2.1279371E-004
7.2170000E-002,1.7521520E-004
7.4170000E-002,1.4801511E-004
7.6170000E-002,1.3166039E-004
7.8170000E-002,1.2380072E-004
8.0170000E-002,1.1997415E-004
8.2170000E-002,1.1515043E-004
8.4170000E-002,1.0552800E-004
8.6170000E-002,8.9575336E-005
8.8170000E-002,6.7863278E-005
9.0170000E-002,4.2135144E-005
9.2170000E-002,1.4421949E-005
9.4170000E-002,-1.3391222E-005
9.6170000E-002,-3.9733429E-005
9.8170000E-002,-6.3594649E-005
1.0017000E-001,-8.4935573E-005
1.0217000E-001,-1.0505808E-004
1.0417000E-001,-1.2663922E-004
1.0617000E-001,-1.5323119E-004
1.0817000E-001,-1.8821651E-004
1.1017000E-001,-2.3347970E-004
1.1217000E-001,-2.8829865E-004
1.1417000E-001,-3.4898890E-004
1.1617000E-001,-4.0957279E-004
1.1817000E-001,-4.6329233E-004
1.2017000E-001,-5.0442767E-004
1.2217000E-001,-5.2975465E-004
1.2417000E-001,-5.3915969E-004
1.2617000E-001,-5.3525086E-004
1.2817000E-001,-5.2221260E-004
1.3017000E-001,-5.0441109E-004
1.3217000E-001,-4.8528752E-004
1.3417000E-001,-4.6687531E-004
1.3617000E-001,-4.4995247E-004
1.3817000E-001,-4.3459192E-004
1.4017000E-001,-4.2074047E-004
1.4217000E-001,-4.0855847E-004
1.4417000E-001,-3.9838410E-004
1.4617000E-001,-3.9047958E-004
1.4817000E-001,-3.8476718E-004
1.5017000E-001,-3.8073544E-004
1.5217000E-001,-3.7759808E-004
1.5417000E-001,-3.7459602E-004
1.5617000E-001,-3.7126381E-004
1.5817000E-001,-3.6752166E-004
1.6017000E-001,-3.6355658E-004
1.6217000E-001,-3.5962582E-004
1.6417000E-001,-3.5583355E-004
1.6617000E-001,-3.5197446E-004
1.6817000E-001,-3.4755712E-004
1.7017000E-001,-3.4193516E-004
1.7217000E-001,-3.3448746E-004
1.7417000E-001,-3.2478694E-004
1.7617000E-001,-3.1271824E-004
1.7817000E-001,-2.9850267E-004
1.8017000E-001,-2.8262683E-004
1.8217000E-001,-2.6569891E-004
1.8417000E-001,-2.4827604E-004
1.8617000E-001,-2.3071437E-004
1.8817000E-001,-2.1308852E-004
1.9017000E-001,-1.9520267E-004
1.9217000E-001,-1.7668703E-004
1.9417000E-001,-1.5714969E-004
1.9617000E-001,-1.3634019E-004
1.9817000E-001,-1.1427798E-004
2.0017000E-001,-9.1302687E-005
2.0217000E-001,-6.8029882E-005
2.0417000E-001,-4.5221772E-005
2.0617000E-001,-2.3609526E-005
2.0817000E-001,-3.7246983E-006
2.1017000E-001,1.4201941E-005
2.1217000E-001,3.0253910E-005
2.1417000E-001,4.4756741E-005
2.1617000E-001,5.8153405E-005
2.1817000E-001,7.0875550E-005
2.2017000E-001,8.3274542E-005
2.2217000E-001,9.5598093E-005
2.2417000E-001,1.0800893E-004
2.2617000E-001,1.2065048E-004
2.2817000E-001,1.3368573E-004
2.3017000E-001,1.4729122E-004
2.3217000E-001,1.6166502E-004
2.3417000E-001,1.7693195E-004
2.3617000E-001,1.9305976E-004
2.3817000E-001,2.0981610E-004
2.4017000E-001,2.2673691E-004
2.4217000E-001,2.4312773E-004
2.4417000E-001,2.5814798E-004
2.4617000E-001,2.7088212E-004
2.4817000E-001,2.8053154E-004
2.5017000E-001,2.8643441E-004
2.5217000E-001,2.8825283E-004
2.5417000E-001,2.8599030E-004
2.5617000E-001,2.7998894E-004
2.5817000E-001,2.7086634E-004
2.6017000E-001,2.5944661E-004
2.6217000E-001,2.4659534E-004
2.6417000E-001,2.3316854E-004
2.6617000E-001,2.1988716E-004
2.6817000E-001,2.0728675E-004
2.7017000E-001,1.9569372E-004
2.7217000E-001,1.8523845E-004
2.7417000E-001,1.7589121E-004
2.7617000E-001,1.6751116E-004
2.7817000E-001,1.5990186E-004
2.8017000E-001,1.5286208E-004
2.8217000E-001,1.4622861E-004
2.8417000E-001,1.3991228E-004
2.8617000E-001,1.3392506E-004
2.8817000E-001,1.2839510E-004
2.9017000E-001,1.2356805E-004
2.9217000E-001,1.1979112E-004
2.9417000E-001,1.1747609E-004
2.9617000E-001,1.1704292E-004
2.9817000E-001,1.1885040E-004
3.0017000E-001,1.2312357E-004
3.0217000E-001,1.2989152E-004
3.0417000E-001,1.3894808E-004
3.0617000E-001,1.4984614E-004
3.0817000E-001,1.6193327E-004
3.1017000E-001,1.7442572E-004
3.1217000E-001,1.8650667E-004
3.1417000E-001,1.9742774E-004
3.1617000E-001,2.0659289E-004
3.1817000E-001,2.1360779E-004
3.2017000E-001,2.1828727E-004
3.2217000E-001,2.2062390E-004
3.2417000E-001,2.2072900E-004
3.2617000E-001,2.1876473E-004
3.2817000E-001,2.1488453E-004
3.3017000E-001,2.0919453E-004
3.3217000E-001,2.0174059E-004
3.3417000E-001,1.9252044E-004
3.3617000E-001,1.8151455E-004
3.3817000E-001,1.6872209E-004
3.4017000E-001,1.5420479E-004
3.4217000E-001,1.3811488E-004
3.4417000E-001,1.2071084E-004
3.4617000E-001,1.0235803E-004
3.4817000E-001,8.3518157E-005
3.5017000E-001,6.4725803E-005
3.5217000E-001,4.6558381E-005
3.5417000E-001,2.9596902E-005
3.5617000E-001,1.4379717E-005
3.5817000E-001,1.3587253E-006
3.6017000E-001,-9.1383805E-006
3.6217000E-001,-1.6938751E-005
3.6417000E-001,-2.2043234E-005
3.6617000E-001,-2.4628487E-005
3.6817000E-001,-2.5030724E-005
3.7017000E-001,-2.3713721E-005
3.7217000E-001,-2.1225918E-005
3.7417000E-001,-1.8150748E-005
3.7617000E-001,-1.5055075E-005
3.7817000E-001,-1.2442113E-005
3.8017000E-001,-1.0714218E-005
3.8217000E-001,-1.0149683E-005
3.8417000E-001,-1.0894785E-005
3.8617000E-001,-1.2968250E-005
3.8817000E-001,-1.6273527E-005
3.9017000E-001,-2.0615135E-005
3.9217000E-001,-2.5716427E-005
3.9417000E-001,-3.1236177E-005
3.9617000E-001,-3.6783570E-005
3.9817000E-001,-4.1934147E-005
4.0017000E-001,-4.6249835E-005
4.0217000E-001,-4.9305017E-005
4.0417000E-001,-5.0718892E-005
4.0617000E-001,-5.0187123E-005
4.0817000E-001,-4.7516215E-005
4.1017000E-001,-4.2646376E-005
4.1217000E-001,-3.5663267E-005
4.1417000E-001,-2.6795548E-005
4.1617000E-001,-1.6404205E-005
4.1817000E-001,-4.9338577E-006
4.2017000E-001,7.1028898E-006
4.2217000E-001,1.9182445E-005
4.2417000E-001,3.0800377E-005
4.2617000E-001,4.1495027E-005
4.2817000E-001,5.0872267E-005
4.3017000E-001,5.8608645E-005
4.3217000E-001,6.4450630E-005
4.3417000E-001,6.8210763E-005
4.3617000E-001,6.9758661E-005
4.3817000E-001,6.9013231E-005
4.4017000E-001,6.5938922E-005
4.4217000E-001,6.0538643E-005
4.4417000E-001,5.2850954E-005
4.4617000E-001,4.2946849E-005
4.4817000E-001,3.0930859E-005
4.5017000E-001,1.6946248E-005
4.5217000E-001,1.1744618E-006
4.5417000E-001,-1.6158481E-005
4.5617000E-001,-3.4773254E-005
4.5817000E-001,-5.4332716E-005
4.6017000E-001,-7.4438622E-005
4.6217000E-001,-9.4629696E-005
4.6417000E-001,-1.1439218E-004
4.6617000E-001,-1.3317577E-004
4.6817000E-001,-1.5041677E-004
4.7017000E-001,-1.6556761E-004
4.7217000E-001,-1.7813217E-004
4.7417000E-001,-1.8769727E-004
4.7617000E-001,-1.9396421E-004
4.7817000E-001,-1.9677306E-004
4.8017000E-001,-1.9611623E-004
4.8217000E-001,-1.9214058E-004
4.8417000E-001,-1.8513814E-004
4.8617000E-001,-1.7552623E-004
4.8817000E-001,-1.6381689E-004
4.9017000E-001,-1.5057843E-004
4.9217000E-001,-1.3639891E-004
4.9417000E-001,-1.2184391E-004
4.9617000E-001,-1.0742079E-004
4.9817000E-001,-9.3552605E-005
5.0017000E-001,-8.0561591E-005
5.0217000E-001,-6.8661698E-005
5.0417000E-001,-5.7964007E-005
5.0617000E-001,-4.8489146E-005
5.0817000E-001,-4.0186014E-005
5.1017000E-001,-3.2953491E-005
5.1217000E-001,-2.6662245E-005
5.1417000E-001,-2.1175212E-005
5.1617000E-001,-1.6363813E-005
5.1817000E-001,-1.2120060E-005
5.2017000E-001,-8.3649804E-006
5.2217000E-001,-5.0527916E-006
5.2417000E-001,-2.1709904E-006
5.2617000E-001,2.6147671E-007
5.2817000E-001,2.1960944E-006
5.3017000E-001,3.5587203E-006
5.3217000E-001,4.2558785E-006
5.3417000E-001,4.1828490E-006
5.3617000E-001,3.2324535E-006
5.3817000E-001,1.3048379E-006
5.4017000E-001,-1.6812522E-006
5.4217000E-001,-5.7772772E-006
5.4417000E-001,-1.0995556E-005
5.4617000E-001,-1.7301835E-005
5.4817000E-001,-2.4609781E-005
5.5017000E-001,-3.2778573E-005
5.5217000E-001,-4.1614563E-005
5.5417000E-001,-5.0876846E-005
5.5617000E-001,-6.0286242E-005
5.5817000E-001,-6.9537211E-005
5.6017000E-001,-7.8312182E-005
5.6217000E-001,-8.6297351E-005
5.6417000E-001,-9.3198767E-005
5.6617000E-001,-9.8757580E-005
5.6817000E-001,-1.0276321E-004
5.7017000E-001,-1.0506332E-004
5.7217000E-001,-1.0556992E-004
5.7417000E-001,-1.0426111E-004
5.7617000E-001,-1.0117847E-004
5.7817000E-001,-9.6420967E-005
5.8017000E-001,-9.0136668E-005
5.8217000E-001,-8.2513110E-005
5.8417000E-001,-7.3767164E-005
5.8617000E-001,-6.4135183E-005
5.8817000E-001,-5.3864506E-005
5.9017000E-001,-4.3206204E-005
5.9217000E-001,-3.2408602E-005
5.9417000E-001,-2.1711315E-005
5.9617000E-001,-1.1339349E-005
5.9817000E-001,-1.4969254E-006
6.0017000E-001,7.6390138E-006
6.0217000E-001,1.5925380E-005
6.0417000E-001,2.3259123E-005
6.0617000E-001,2.9582050E-005
6.0817000E-001,3.4883377E-005
6.1017000E-001,3.9199734E-005
6.1217000E-001,4.2612568E-005
6.1417000E-001,4.5242516E-005
6.1617000E-001,4.7240524E-005
6.1817000E-001,4.8776555E-005
6.2017000E-001,5.0026844E-005
6.2217000E-001,5.1161171E-005
6.2417000E-001,5.2331511E-005
6.2617000E-001,5.3662604E-005
6.2817000E-001,5.5245025E-005
6.3017000E-001,5.7131086E-005
6.3217000E-001,5.9333690E-005
6.3417000E-001,6.1828719E-005
6.3617000E-001,6.4558629E-005
6.3817000E-001,6.7439422E-005
6.4017000E-001,7.0368104E-005
6.4217000E-001,7.3230882E-005
6.4417000E-001,7.5912058E-005
6.4617000E-001,7.8301625E-005
6.4817000E-001,8.0302026E-005
6.5017000E-001,8.1833307E-005
6.5217000E-001,8.2837243E-005
6.5417000E-001,8.3278307E-005
6.5617000E-001,8.3144062E-005
6.5817000E-001,8.2443559E-005
6.6017000E-001,8.1204641E-005
6.6217000E-001,7.9469972E-005
6.6417000E-001,7.7291811E-005
6.6617000E-001,7.4727975E-005
6.6817000E-001,7.1838643E-005
6.7017000E-001,6.8683389E-005
6.7217000E-001,6.5319579E-005
6.7417000E-001,6.1802410E-005
6.7617000E-001,5.8186120E-005
6.7817000E-001,5.4526085E-005
6.8017000E-001,5.0881600E-005
6.8217000E-001,4.7318373E-005
6.8417000E-001,4.3909999E-005
6.8617000E-001,4.0738399E-005
6.8817000E-001,3.7892853E-005
6.9017000E-001,3.5467179E-005
6.9217000E-001,3.3555300E-005
6.9417000E-001,3.2245516E-005
6.9617000E-001,3.1613928E-005
6.9817000E-001,3.1717825E-005
7.0017000E-001,3.2589773E-005
7.0217000E-001,3.4233218E-005
7.0417000E-001,3.6619812E-005
7.0617000E-001,3.9688478E-005
7.0817000E-001,4.3346304E-005
7.1017000E-001,4.7471250E-005
7.1217000E-001,5.1916477E-005
7.1417000E-001,5.6515997E-005
7.1617000E-001,6.1091072E-005
7.1817000E-001,6.5456927E-005
7.2017000E-001,6.9429495E-005
7.2217000E-001,7.2831952E-005
7.2417000E-001,7.5500881E-005
7.2617000E-001,7.7291915E-005
7.2817000E-001,7.8084746E-005
7.3017000E-001,7.7787390E-005
7.3217000E-001,7.6339658E-005
7.3417000E-001,7.3715649E-005
7.3617000E-001,6.9925095E-005
7.3817000E-001,6.5013412E-005
7.4017000E-001,5.9060362E-005
7.4217000E-001,5.2177298E-005
7.4417000E-001,4.4503037E-005
7.4617000E-001,3.6198463E-005
7.4817000E-001,2.7440012E-005
7.5017000E-001,1.8412382E-005
7.5217000E-001,9.3009135E-006
7.5417000E-001,2.8412560E-007
7.5617000E-001,-8.4732519E-006
7.5817000E-001,-1.6826397E-005
7.6017000E-001,-2.4655318E-005
7.6217000E-001,-3.1868316E-005
7.6417000E-001,-3.8403686E-005
7.6617000E-001,-4.4229801E-005
7.6817000E-001,-4.9343473E-005
7.7017000E-001,-5.3767045E-005
7.7217000E-001,-5.7544241E-005
7.7417000E-001,-6.0735147E-005
7.7617000E-001,-6.3410692E-005
7.7817000E-001,-6.5646936E-005
7.8017000E-001,-6.7519506E-005
7.8217000E-001,-6.9098561E-005
7.8417000E-001,-7.0444466E-005
7.8617000E-001,-7.1604429E-005
7.8817000E-001,-7.2610170E-005
7.9017000E-001,-7.3476717E-005
7.9217000E-001,-7.4202436E-005
7.9417000E-001,-7.4770363E-005
7.9617000E-001,-7.5150630E-005
7.9817000E-001,-7.5303856E-005
8.0017000E-001,-7.5185518E-005
8.0217000E-001,-7.4750706E-005
8.0417000E-001,-7.3959247E-005
8.0617000E-001,-7.2781004E-005
8.0817000E-001,-7.1200700E-005
8.1017000E-001,-6.9221999E-005
8.1217000E-001,-6.6870683E-005
8.1417000E-001,-6.4196319E-005
8.1617000E-001,-6.1272116E-005
8.1817000E-001,-5.8193190E-005
8.2017000E-001,-5.5073252E-005
8.2217000E-001,-5.2039502E-005
8.2417000E-001,-4.9226334E-005
8.2617000E-001,-4.6768249E-005
8.2817000E-001,-4.4792348E-005
8.3017000E-001,-4.3410825E-005
8.3217000E-001,-4.2714245E-005
8.3417000E-001,-4.2765922E-005
8.3617000E-001,-4.3597617E-005
8.3817000E-001,-4.5206855E-005
8.4017000E-001,-4.7556026E-005
8.4217000E-001,-5.0573214E-005
8.4417000E-001,-5.4154530E-005
8.4617000E-001,-5.8167806E-005
8.4817000E-001,-6.2457382E-005
8.5017000E-001,-6.6849722E-005
8.5217000E-001,-7.1159532E-005
8.5417000E-001,-7.5195851E-005
8.5617000E-001,-7.8768106E-005
8.5817000E-001,-8.1692097E-005
8.6017000E-001,-8.3795912E-005
8.6217000E-001,-8.4925631E-005
8.6417000E-001,-8.4950622E-005
8.6617000E-001,-8.3768001E-005
8.6817000E-001,-8.1307374E-005
8.7017000E-001,-7.7534763E-005
8.7217000E-001,-7.2455020E-005
8.7417000E-001,-6.6114913E-005
8.7617000E-001,-5.8603101E-005
8.7817000E-001,-5.0049393E-005
8.8017000E-001,-4.0622554E-005
8.8217000E-001,-3.0526540E-005
8.8417000E-001,-1.9994280E-005
8.8617000E-001,-9.2800772E-006
8.8817000E-001,1.3493689E-006
8.9017000E-001,1.1624662E-005
8.9217000E-001,2.1284953E-005
8.9417000E-001,3.0087896E-005
8.9617000E-001,3.7819320E-005
8.9817000E-001,4.4302260E-005
9.0017000E-001,4.9403243E-005
9.0217000E-001,5.3037499E-005
9.0417000E-001,5.5171367E-005
9.0617000E-001,5.5822166E-005
9.0817000E-001,5.5056367E-005
9.1017000E-001,5.2985249E-005
9.1217000E-001,4.9758935E-005
9.1417000E-001,4.5559130E-005
9.1617000E-001,4.0590799E-005
9.1817000E-001,3.5073338E-005
9.2017000E-001,2.9232047E-005
9.2217000E-001,2.3290045E-005
9.2417000E-001,1.7460678E-005
9.2617000E-001,1.1940739E-005
9.2817000E-001,6.9047296E-006
9.3017000E-001,2.5002688E-006
9.3217000E-001,-1.1552322E-006
9.3417000E-001,-3.9763586E-006
9.3617000E-001,-5.9117276E-006
9.3817000E-001,-6.9414917E-006
9.4017000E-001,-7.0781623E-006
9.4217000E-001,-6.3638436E-006
9.4417000E-001,-4.8670136E-006
9.4617000E-001,-2.6791112E-006
9.4817000E-001,8.9283951E-008
9.5017000E-001,3.3134232E-006
9.5217000E-001,6.8592275E-006
9.5417000E-001,1.0587919E-005
9.5617000E-001,1.4361061E-005
9.5817000E-001,1.8045123E-005
9.6017000E-001,2.1515739E-005
9.6217000E-001,2.4661568E-005
9.6417000E-001,2.7387441E-005
9.6617000E-001,2.9616672E-005
9.6817000E-001,3.1292558E-005
9.7017000E-001,3.2378961E-005
9.7217000E-001,3.2859892E-005
9.7417000E-001,3.2738098E-005
9.7617000E-001,3.2032727E-005
9.7817000E-001,3.0776279E-005
9.8017000E-001,2.9011046E-005
9.8217000E-001,2.6785301E-005
9.8417000E-001,2.4149525E-005
9.8617000E-001,2.1152988E-005
9.8817000E-001,1.7840923E-005
9.9017000E-001,1.4252632E-005
9.9217000E-001,1.0420783E-005
9.9417000E-001,6.3719339E-006
9.9617000E-001,2.1282970E-006
9.9817000E-001,-2.2894162E-006
1.0001700E+000,-6.8583117E-006
1.0021700E+000,-1.1549059E-005
1.0041700E+000,-1.6321432E-005
1.0061700E+000,-2.1120096E-005
1.0081700E+000,-2.5871097E-005
1.0101700E+000,-3.0479490E-005
1.0121700E+000,-3.4828488E-005
1.0141700E+000,-3.8780386E-005
1.0161700E+000,-4.2179514E-005
1.0181700E+000,-4.4857354E-005
1.0201700E+000,-4.6639627E-005
1.0221700E+000,-4.7355160E-005
1.0241700E+000,-4.6846090E-005
1.0261700E+000,-4.4978907E-005
1.0281700E+000,-4.1655853E-005
1.0301700E+000,-3.6826026E-005
1.0321700E+000,-3.0495051E-005
1.0341700E+000,-2.2732595E-005
1.0361700E+000,-1.3676236E-005
1.0381700E+000,-3.5343298E-006
1.0401700E+000,7.4176941E-006
1.0421700E+000,1.8843885E-005
1.0441700E+000,3.0359045E-005
1.0461700E+000,4.1543704E-005
1.0481700E+000,5.1961834E-005
1.0501700E+000,6.1180560E-005
1.0521700E+000,6.8790781E-005
1.0541700E+000,7.4427531E-005
1.0561700E+000,7.7788626E-005
1.0581700E+000,7.8650315E-005
1.0601700E+000,7.6878909E-005
1.0621700E+000,7.2437634E-005
1.0641700E+000,6.5388330E-005
1.0661700E+000,5.5888053E-005
1.0681700E+000,4.4181006E-005
1.0701700E+000,3.0586577E-005
1.0721700E+000,1.5484459E-005
1.0741700E+000,-7.0225054E-007
1.0761700E+000,-1.7524687E-005
1.0781700E+000,-3.4525329E-005
1.0801700E+000,-5.1253594E-005
1.0821700E+000,-6.7279491E-005
1.0841700E+000,-8.2204754E-005
1.0861700E+000,-9.5671477E-005
1.0881700E+000,-1.0736812E-004
1.0901700E+000,-1.1703293E-004
1.0921700E+000,-1.2445659E-004
1.0941700E+000,-1.2948317E-004
1.0961700E+000,-1.3200977E-004
1.0981700E+000,-1.3198697E-004
1.1001700E+000,-1.2941943E-004
1.1021700E+000,-1.2436639E-004
1.1041700E+000,-1.1694183E-004
1.1061700E+000,-1.0731496E-004
1.1081700E+000,-9.5710210E-005
1.1101700E+000,-8.2405699E-005
1.1121700E+000,-6.7730165E-005
1.1141700E+000,-5.2058015E-005
1.1161700E+000,-3.5802048E-005
1.1181700E+000,-1.9403447E-005
1.1201700E+000,-3.3194008E-006
1.1221700E+000,1.1991257E-005
1.1241700E+000,2.6084128E-005
1.1261700E+000,3.8546316E-005
1.1281700E+000,4.9013524E-005
1.1301700E+000,5.7186542E-005
1.1321700E+000,6.2845968E-005
1.1341700E+000,6.5864090E-005
1.1361700E+000,6.6212987E-005
1.1381700E+000,6.3968237E-005
1.1401700E+000,5.9308092E-005
1.1421700E+000,5.2507652E-005
1.1441700E+000,4.3928043E-005
1.1461700E+000,3.4001264E-005
1.1481700E+000,2.3211521E-005
1.1501700E+000,1.2073546E-005
1.1521700E+000,1.1094683E-006
1.1541700E+000,-9.1743602E-006
1.1561700E+000,-1.8309661E-005
1.1581700E+000,-2.5886381E-005
1.1601700E+000,-3.1569630E-005
1.1621700E+000,-3.5112897E-005
1.1641700E+000,-3.6367064E-005
1.1661700E+000,-3.5285232E-005
1.1681700E+000,-3.1923362E-005
1.1701700E+000,-2.6437045E-005
1.1721700E+000,-1.9074559E-005
1.1741700E+000,-1.0167188E-005
1.1761700E+000,-1.1580355E-007
1.1781700E+000,1.0624140E-005
1.1801700E+000,2.1560210E-005
1.1821700E+000,3.2182705E-005
1.1841700E+000,4.1986232E-005
1.1861700E+000,5.0491834E-005
1.1881700E+000,5.7269109E-005
1.1901700E+000,6.1957824E-005
1.1921700E+000,6.4287682E-005
1.1941700E+000,6.4094763E-005
1.1961700E+000,6.1333257E-005
1.1981700E+000,5.6081146E-005
1.2001700E+000,4.8538488E-005
1.2021700E+000,3.9019267E-005
1.2041700E+000,2.7935873E-005
1.2061700E+000,1.5776153E-005
1.2081700E+000,3.0749587E-006
1.2101700E+000,-9.6178633E-006
1.2121700E+000,-2.1770890E-005
1.2141700E+000,-3.2903516E-005
1.2161700E+000,-4.2614838E-005
1.2181700E+000,-5.0606718E-005
1.2201700E+000,-5.6699187E-005
1.2221700E+000,-6.0836941E-005
1.2241700E+000,-6.3086527E-005
1.2261700E+000,-6.3624480E-005
1.2281700E+000,-6.2717322E-005
1.2301700E+000,-6.0695229E-005
1.2321700E+000,-5.7921485E-005
1.2341700E+000,-5.4760190E-005
1.2361700E+000,-5.1544897E-005
1.2381700E+000,-4.8550704E-005
1.2401700E+000,-4.5972101E-005
1.2421700E+000,-4.3908579E-005
1.2441700E+000,-4.2359135E-005
1.2461700E+000,-4.1226165E-005
1.2481700E+000,-4.0328575E-005
1.2501700E+000,-3.9423273E-005
1.2521700E+000,-3.8233108E-005
1.2541700E+000,-3.6478773E-005
1.2561700E+000,-3.3911847E-005
1.2581700E+000,-3.0345862E-005
1.2601700E+000,-2.5682282E-005
1.2621700E+000,-1.9929007E-005
1.2641700E+000,-1.3209191E-005
1.2661700E+000,-5.7590272E-006
1.2681700E+000,2.0854769E-006
1.2701700E+000,9.9122891E-006
1.2721700E+000,1.7266107E-005
1.2741700E+000,2.3686733E-005
1.2761700E+000,2.8749980E-005
1.2781700E+000,3.2107513E-005
1.2801700E+000,3.3522426E-005
1.2821700E+000,3.2896978E-005
1.2841700E+000,3.0289729E-005
1.2861700E+000,2.5919984E-005
1.2881700E+000,2.0158861E-005
1.2901700E+000,1.3507758E-005
1.2921700E+000,6.5652366E-006
1.2941700E+000,-1.5102502E-008
1.2961700E+000,-5.5725420E-006
1.2981700E+000,-9.4889340E-006
1.3001700E+000,-1.1236740E-005
1.3021700E+000,-1.0421369E-005
1.3041700E+000,-6.8146090E-006
1.3061700E+000,-3.7677734E-007
1.3081700E+000,8.7340267E-006
1.3101700E+000,2.0165911E-005
1.3121700E+000,3.3389981E-005
1.3141700E+000,4.7728686E-005
1.3161700E+000,6.2393579E-005
1.3181700E+000,7.6529970E-005
1.3201700E+000,8.9265642E-005
1.3221700E+000,9.9760698E-005
1.3241700E+000,1.0725584E-004
1.3261700E+000,1.1111662E-004
1.3281700E+000,1.1087157E-004
1.3301700E+000,1.0624225E-004
1.3321700E+000,9.7164130E-005
1.3341700E+000,8.3797325E-005
1.3361700E+000,6.6526700E-005
1.3381700E+000,4.5951251E-005
1.3401700E+000,2.2862888E-005
1.3421700E+000,-1.7847251E-006
1.3441700E+000,-2.6916416E-005
1.3461700E+000,-5.1383575E-005
1.3481700E+000,-7.4017511E-005
1.3501700E+000,-9.3686687E-005
1.3521700E+000,-1.0935536E-004
1.3541700E+000,-1.2014032E-004
1.3561700E+000,-1.2536226E-004
1.3581700E+000,-1.2458908E-004
1.3601700E+000,-1.1766878E-004
1.3621700E+000,-1.0474963E-004
1.3641700E+000,-8.6283770E-005
1.3661700E+000,-6.3014367E-005
1.3681700E+000,-3.5948005E-005
1.3701700E+000,-6.3096060E-006
1.3721700E+000,2.4518949E-005
1.3741700E+000,5.5071728E-005
1.3761700E+000,8.3878882E-005
1.3781700E+000,1.0955003E-004
1.3801700E+000,1.3085620E-004
1.3821700E+000,1.4680435E-004
1.3841700E+000,1.5669842E-004
1.3861700E+000,1.6018208E-004
1.3881700E+000,1.5726027E-004
1.3901700E+000,1.4829730E-004
1.3921700E+000,1.3399065E-004
1.3941700E+000,1.1532072E-004
1.3961700E+000,9.3479841E-005
1.3981700E+000,6.9785150E-005
1.4001700E+000,4.5582096E-005
1.4021700E+000,2.2145473E-005
1.4041700E+000,5.8730657E-007
1.4061700E+000,-1.8219793E-005
1.4081700E+000,-3.3698022E-005
1.4101700E+000,-4.5592268E-005
1.4121700E+000,-5.3968786E-005
1.4141700E+000,-5.9183271E-005
1.4161700E+000,-6.1820458E-005
1.4181700E+000,-6.2611206E-005
1.4201700E+000,-6.2335537E-005
1.4221700E+000,-6.1721439E-005
1.4241700E+000,-6.1350496E-005
1.4261700E+000,-6.1580386E-005
1.4281700E+000,-6.2492713E-005
1.4301700E+000,-6.3872602E-005
1.4321700E+000,-6.5223916E-005
1.4341700E+000,-6.5820042E-005
1.4361700E+000,-6.4785071E-005
1.4381700E+000,-6.1197215E-005
1.4401700E+000,-5.4204699E-005
1.4421700E+000,-4.3142321E-005
1.4441700E+000,-2.7635029E-005
1.4461700E+000,-7.6764929E-006
1.4481700E+000,1.6326120E-005
1.4501700E+000,4.3546846E-005
1.4521700E+000,7.2778426E-005
1.4541700E+000,1.0251097E-004
1.4561700E+000,1.3104478E-004
1.4581700E+000,1.5662622E-004
1.4601700E+000,1.7759335E-004
1.4621700E+000,1.9251555E-004
1.4641700E+000,2.0031643E-004
1.4661700E+000,2.0036576E-004
1.4681700E+000,1.9253150E-004
1.4701700E+000,1.7718831E-004
1.4721700E+000,1.5518123E-004
1.4741700E+000,1.2774852E-004
1.4761700E+000,9.6412103E-005
1.4781700E+000,6.2846555E-005
1.4801700E+000,2.8739555E-005
1.4821700E+000,-4.3416976E-006
1.4841700E+000,-3.5065695E-005
1.4861700E+000,-6.2421965E-005
1.4881700E+000,-8.5771417E-005
1.4901700E+000,-1.0485696E-004
1.4921700E+000,-1.1977486E-004
1.4941700E+000,-1.3091263E-004
1.4961700E+000,-1.3886139E-004
1.4981700E+000,-1.4431276E-004
1.5001700E+000,-1.4795323E-004
1.5021700E+000,-1.5036654E-004
1.5041700E+000,-1.5195398E-004
1.5061700E+000,-1.5288140E-004
1.5081700E+000,-1.5305682E-004
1.5101700E+000,-1.5213962E-004
1.5121700E+000,-1.4958094E-004
1.5141700E+000,-1.4468888E-004
1.5161700E+000,-1.3670971E-004
1.5181700E+000,-1.2491825E-004
1.5201700E+000,-1.0870962E-004
1.5221700E+000,-8.7682385E-005
1.5241700E+000,-6.1703179E-005
1.5261700E+000,-3.0947717E-005
1.5281700E+000,4.0824579E-006
1.5301700E+000,4.2567506E-005
1.5321700E+000,8.3402766E-005
1.5341700E+000,1.2525627E-004
1.5361700E+000,1.6664384E-004
1.5381700E+000,2.0601442E-004
1.5401700E+000,2.4183979E-004
1.5421700E+000,2.7270202E-004
1.5441700E+000,2.9737343E-004
1.5461700E+000,3.1488284E-004
1.5481700E+000,3.2456748E-004
1.5501700E+000,3.2610535E-004
1.5521700E+000,3.1952671E-004
1.5541700E+000,3.0520859E-004
1.5561700E+000,2.8384956E-004
1.5581700E+000,2.5642701E-004
1.5601700E+000,2.2414356E-004
1.5621700E+000,1.8836487E-004
1.5641700E+000,1.5054796E-004
1.5661700E+000,1.1216694E-004
1.5681700E+000,7.4642219E-005
1.5701700E+000,3.9273642E-005
1.5721700E+000,7.1828847E-006
1.5741700E+000,-2.0730474E-005
1.5761700E+000,-4.3819219E-005
1.5781700E+000,-6.1702808E-005
1.5801700E+000,-7.4265755E-005
1.5821700E+000,-8.1641347E-005
1.5841700E+000,-8.4182274E-005
1.5861700E+000,-8.2421628E-005
1.5881700E+000,-7.7028039E-005
1.5901700E+000,-6.8757209E-005
1.5921700E+000,-5.8403927E-005
1.5941700E+000,-4.6757866E-005
1.5961700E+000,-3.4565465E-005
1.5981700E+000,-2.2499441E-005
1.6001700E+000,-1.1135787E-005
1.6021700E+000,-9.3820637E-007
1.6041700E+000,7.7501809E-006
1.6061700E+000,1.4708619E-005
1.6081700E+000,1.9835278E-005
1.6101700E+000,2.3140153E-005
1.6121700E+000,2.4736358E-005
1.6141700E+000,2.4833276E-005
1.6161700E+000,2.3728334E-005
1.6181700E+000,2.1795818E-005
1.6201700E+000,1.9472120E-005
1.6221700E+000,1.7237470E-005
1.6241700E+000,1.5593632E-005
1.6261700E+000,1.5037269E-005
1.6281700E+000,1.6028860E-005
1.6301700E+000,1.8957290E-005
1.6321700E+000,2.4101592E-005
1.6341700E+000,3.1593060E-005
1.6361700E+000,4.1381938E-005
1.6381700E+000,5.3213047E-005
1.6401700E+000,6.6614302E-005
1.6421700E+000,8.0900717E-005
1.6441700E+000,9.5195582E-005
1.6461700E+000,1.0846940E-004
1.6481700E+000,1.1959532E-004
1.6501700E+000,1.2741815E-004
1.6521700E+000,1.3083222E-004
1.6541700E+000,1.2886243E-004
1.6561700E+000,1.2074205E-004
1.6581700E+000,1.0598113E-004
1.6601700E+000,8.4419474E-005
1.6621700E+000,5.6259792E-005
1.6641700E+000,2.2078545E-005
1.6661700E+000,-1.7187487E-005
1.6681700E+000,-6.0279293E-005
1.6701700E+000,-1.0567523E-004
1.6721700E+000,-1.5166707E-004
1.6741700E+000,-1.9644804E-004
1.6761700E+000,-2.3820657E-004
1.6781700E+000,-2.7521664E-004
1.6801700E+000,-3.0591692E-004
1.6821700E+000,-3.2897471E-004
1.6841700E+000,-3.4333985E-004
1.6861700E+000,-3.4828400E-004
1.6881700E+000,-3.4341626E-004
1.6901700E+000,-3.2867851E-004
1.6921700E+000,-3.0432424E-004
1.6941700E+000,-2.7088619E-004
1.6961700E+000,-2.2913942E-004
1.6981700E+000,-1.8006114E-004
1.7001700E+000,-1.2479060E-004
1.7021700E+000,-6.4591680E-005
1.7041700E+000,-8.2433105E-007
1.7061700E+000,6.5077764E-005
1.7081700E+000,1.3162586E-004
1.7101700E+000,1.9729165E-004
1.7121700E+000,2.6052286E-004
1.7141700E+000,3.1975881E-004
1.7161700E+000,3.7345041E-004
1.7181700E+000,4.2008594E-004
1.7201700E+000,4.5822919E-004
1.7221700E+000,4.8656867E-004
1.7241700E+000,5.0397552E-004
1.7261700E+000,5.0956587E-004
1.7281700E+000,5.0276425E-004
1.7301700E+000,4.8336383E-004
1.7321700E+000,4.5157822E-004
1.7341700E+000,4.0807657E-004
1.7361700E+000,3.5399776E-004
1.7381700E+000,2.9094120E-004
1.7401700E+000,2.2093056E-004
1.7421700E+000,1.4635423E-004
1.7441700E+000,6.9879002E-005
1.7461700E+000,-5.6578108E-006
1.7481700E+000,-7.7370401E-005
1.7501700E+000,-1.4245741E-004
1.7521700E+000,-1.9833476E-004
1.7541700E+000,-2.4276393E-004
1.7561700E+000,-2.7396295E-004
1.7581700E+000,-2.9069875E-004
1.7601700E+000,-2.9235503E-004
1.7621700E+000,-2.7896710E-004
1.7641700E+000,-2.5122596E-004
1.7661700E+000,-2.1045283E-004
1.7681700E+000,-1.5854016E-004
1.7701700E+000,-9.7866185E-005
1.7721700E+000,-3.1185367E-005
1.7741700E+000,3.8501461E-005
1.7761700E+000,1.0808611E-004
1.7781700E+000,1.7449690E-004
1.7801700E+000,2.3484203E-004
1.7821700E+000,2.8654324E-004
1.7841700E+000,3.2745282E-004
1.7861700E+000,3.5594886E-004
1.7881700E+000,3.7100421E-004
1.7901700E+000,3.7222381E-004
1.7921700E+000,3.5985121E-004
1.7941700E+000,3.3474197E-004
1.7961700E+000,2.9830562E-004
1.7981700E+000,2.5241969E-004
1.8001700E+000,1.9931930E-004
1.8021700E+000,1.4146905E-004
1.8041700E+000,8.1425600E-005
1.8061700E+000,2.1697541E-005
1.8081700E+000,-3.5386504E-005
1.8101700E+000,-8.7794688E-005
1.8121700E+000,-1.3388381E-004
1.8141700E+000,-1.7246016E-004
1.8161700E+000,-2.0281166E-004
1.8181700E+000,-2.2470184E-004
1.8201700E+000,-2.3833397E-004
1.8221700E+000,-2.4428872E-004
1.8241700E+000,-2.4343725E-004
1.8261700E+000,-2.3684117E-004
1.8281700E+000,-2.2565241E-004
1.8301700E+000,-2.1101838E-004
1.8321700E+000,-1.9399669E-004
1.8341700E+000,-1.7548495E-004
1.8361700E+000,-1.5616930E-004
1.8381700E+000,-1.3650294E-004
1.8401700E+000,-1.1671459E-004
1.8421700E+000,-9.6834976E-005
1.8441700E+000,-7.6734890E-005
1.8461700E+000,-5.6171999E-005
1.8481700E+000,-3.4845228E-005
1.8501700E+000,-1.2447123E-005
1.8521700E+000,1.1291561E-005
1.8541700E+000,3.6570050E-005
1.8561700E+000,6.3499626E-005
1.8581700E+000,9.2098974E-005
1.8601700E+000,1.2229952E-004
1.8621700E+000,1.5395706E-004
1.8641700E+000,1.8686586E-004
1.8661700E+000,2.2077043E-004
1.8681700E+000,2.5537169E-004
1.8701700E+000,2.9032544E-004
1.8721700E+000,3.2523249E-004
1.8741700E+000,3.5962145E-004
1.8761700E+000,3.9292698E-004
1.8781700E+000,4.2446665E-004
1.8801700E+000,4.5342441E-004
1.8821700E+000,4.7884206E-004
1.8841700E+000,4.9962500E-004
1.8861700E+000,5.1456671E-004
1.8881700E+000,5.2239271E-004
1.8901700E+000,5.2182040E-004
1.8921700E+000,5.1163666E-004
1.8941700E+000,4.9078516E-004
1.8961700E+000,4.5845634E-004
1.8981700E+000,4.1417140E-004
1.9001700E+000,3.5785462E-004
1.9021700E+000,2.8989451E-004
1.9041700E+000,2.1117951E-004
1.9061700E+000,1.2309877E-004
1.9081700E+000,2.7510519E-005
1.9101700E+000,-7.3315767E-005
1.9121700E+000,-1.7678208E-004
1.9141700E+000,-2.8006239E-004
1.9161700E+000,-3.8021877E-004
1.9181700E+000,-4.7431315E-004
1.9201700E+000,-5.5952311E-004
1.9221700E+000,-6.3325462E-004
1.9241700E+000,-6.9323575E-004
1.9261700E+000,-7.3759891E-004
1.9281700E+000,-7.6493607E-004
1.9301700E+000,-7.7433999E-004
1.9321700E+000,-7.6543167E-004
1.9341700E+000,-7.3835587E-004
1.9361700E+000,-6.9376950E-004
1.9381700E+000,-6.3283231E-004
1.9401700E+000,-5.5718866E-004
1.9421700E+000,-4.6892027E-004
1.9441700E+000,-3.7047843E-004
1.9461700E+000,-2.6460627E-004
1.9481700E+000,-1.5426275E-004
1.9501700E+000,-4.2537226E-005
1.9521700E+000,6.7448632E-005
1.9541700E+000,1.7264564E-004
1.9561700E+000,2.7018485E-004
1.9581700E+000,3.5747729E-004
1.9601700E+000,4.3230918E-004
1.9621700E+000,4.9292147E-004
1.9641700E+000,5.3807217E-004
1.9661700E+000,5.6707567E-004
1.9681700E+000,5.7981595E-004
1.9701700E+000,5.7673139E-004
1.9721700E+000,5.5877360E-004
1.9741700E+000,5.2734265E-004
1.9761700E+000,4.8420455E-004
1.9781700E+000,4.3139265E-004
1.9801700E+000,3.7110051E-004
1.9821700E+000,3.0557452E-004
1.9841700E+000,2.3701140E-004
1.9861700E+000,1.6746839E-004
1.9881700E+000,9.8791561E-005
1.9901700E+000,3.2565856E-005
1.9921700E+000,-2.9912683E-005
1.9941700E+000,-8.7641807E-005
1.9961700E+000,-1.3989699E-004
1.9981700E+000,-1.8619711E-004
2.0001700E+000,-2.2625716E-004
2.0021700E+000,-2.5993348E-004
2.0041700E+000,-2.8716593E-004
2.0061700E+000,-3.0792826E-004
2.0081700E+000,-3.2218891E-004
2.0101700E+000,-3.2988522E-004
2.0121700E+000,-3.3091606E-004
2.0141700E+000,-3.2514974E-004
2.0161700E+000,-3.1245125E-004
2.0181700E+000,-2.9271911E-004
2.0201700E+000,-2.6592783E-004
2.0221700E+000,-2.3217387E-004
2.0241700E+000,-1.9171743E-004
2.0261700E+000,-1.4501484E-004
2.0281700E+000,-9.2738640E-005
2.0301700E+000,-3.5781704E-005
2.0321700E+000,2.4755317E-005
2.0341700E+000,8.7593020E-005
2.0361700E+000,1.5131683E-004
2.0381700E+000,2.1443064E-004
2.0401700E+000,2.7541558E-004
2.0421700E+000,3.3278921E-004
2.0441700E+000,3.8515978E-004
2.0461700E+000,4.3127103E-004
2.0481700E+000,4.7003727E-004
2.0501700E+000,5.0056209E-004
2.0521700E+000,5.2214795E-004
2.0541700E+000,5.3429501E-004
2.0561700E+000,5.3669199E-004
2.0581700E+000,5.2920482E-004
2.0601700E+000,5.1186812E-004
2.0621700E+000,4.8488134E-004
2.0641700E+000,4.4861188E-004
2.0661700E+000,4.0360519E-004
2.0681700E+000,3.5060076E-004
2.0701700E+000,2.9054810E-004
2.0721700E+000,2.2462080E-004
2.0741700E+000,1.5422249E-004
2.0761700E+000,8.0977143E-005
2.0781700E+000,6.7023478E-006
2.0801700E+000,-6.6635228E-005
2.0821700E+000,-1.3698174E-004
2.0841700E+000,-2.0227745E-004
2.0861700E+000,-2.6055026E-004
2.0881700E+000,-3.1002321E-004
2.0901700E+000,-3.4921369E-004
2.0921700E+000,-3.7702438E-004
2.0941700E+000,-3.9281261E-004
2.0961700E+000,-3.9643713E-004
2.0981700E+000,-3.8827580E-004
2.1001700E+000,-3.6920985E-004
2.1021700E+000,-3.4057614E-004
2.1041700E+000,-3.0409206E-004
2.1061700E+000,-2.6175732E-004
2.1081700E+000,-2.1573785E-004
2.1101700E+000,-1.6824672E-004
2.1121700E+000,-1.2142829E-004
2.1141700E+000,-7.7252000E-005
2.1161700E+000,-3.7424936E-005
2.1181700E+000,-3.3284563E-006
2.1201700E+000,2.4018912E-005
2.1221700E+000,4.3972814E-005
2.1241700E+000,5.6251387E-005
2.1261700E+000,6.0902568E-005
2.1281700E+000,5.8254504E-005
2.1301700E+000,4.8855713E-005
2.1321700E+000,3.3415244E-005
2.1341700E+000,1.2748227E-005
2.1361700E+000,-1.2274493E-005
2.1381700E+000,-4.0772724E-005
2.1401700E+000,-7.1892434E-005
2.1421700E+000,-1.0482414E-004
2.1441700E+000,-1.3880602E-004
2.1461700E+000,-1.7311853E-004
2.1481700E+000,-2.0707363E-004
2.1501700E+000,-2.3999997E-004
2.1521700E+000,-2.7123038E-004
2.1541700E+000,-3.0009284E-004
2.1561700E+000,-3.2590530E-004
2.1581700E+000,-3.4798542E-004
2.1601700E+000,-3.6566177E-004
2.1621700E+000,-3.7829925E-004
2.1641700E+000,-3.8533072E-004
2.1661700E+000,-3.8629160E-004
2.1681700E+000,-3.8085701E-004
2.1701700E+000,-3.6887400E-004
2.1721700E+000,-3.5038480E-004
2.1741700E+000,-3.2564352E-004
2.1761700E+000,-2.9512313E-004
2.1781700E+000,-2.5950258E-004
2.1801700E+000,-2.1964369E-004
2.1821700E+000,-1.7656318E-004
2.1841700E+000,-1.3139126E-004
2.1861700E+000,-8.5314294E-005
2.1881700E+000,-3.9518197E-005
2.1901700E+000,4.8694357E-006
2.1921700E+000,4.6832672E-005
2.1941700E+000,8.5514080E-005
2.1961700E+000,1.2025229E-004
2.1981700E+000,1.5060564E-004
2.2001700E+000,1.7636168E-004
2.2021700E+000,1.9753076E-004
2.2041700E+000,2.1432632E-004
2.2061700E+000,2.2713189E-004
2.2081700E+000,2.3645858E-004
2.2101700E+000,2.4289453E-004
2.2121700E+000,2.4704913E-004
2.2141700E+000,2.4949641E-004
2.2161700E+000,2.5072174E-004
2.2181700E+000,2.5107527E-004
2.2201700E+000,2.5073507E-004
2.2221700E+000,2.4968316E-004
2.2241700E+000,2.4769575E-004
2.2261700E+000,2.4434918E-004
2.2281700E+000,2.3904174E-004
2.2301700E+000,2.3103087E-004
2.2321700E+000,2.1948321E-004
2.2341700E+000,2.0353431E-004
2.2361700E+000,1.8235420E-004
2.2381700E+000,1.5521430E-004
2.2401700E+000,1.2155046E-004
2.2421700E+000,8.1019665E-005
2.2441700E+000,3.3546556E-005
2.2461700E+000,-2.0643827E-005
2.2481700E+000,-8.1008196E-005
2.2501700E+000,-1.4668218E-004
2.2521700E+000,-2.1649361E-004
2.2541700E+000,-2.8898877E-004
2.2561700E+000,-3.6246987E-004
2.2581700E+000,-4.3503832E-004
2.2601700E+000,-5.0465055E-004
2.2621700E+000,-5.6917223E-004
2.2641700E+000,-6.2644064E-004
2.2661700E+000,-6.7433212E-004
2.2681700E+000,-7.1083148E-004
2.2701700E+000,-7.3409859E-004
2.2721700E+000,-7.4253214E-004
2.2741700E+000,-7.3483558E-004
2.2761700E+000,-7.1008488E-004
2.2781700E+000,-6.6779002E-004
2.2801700E+000,-6.0795002E-004
2.2821700E+000,-5.3110687E-004
2.2841700E+000,-4.3839072E-004
2.2861700E+000,-3.3153198E-004
2.2881700E+000,-2.1284373E-004
2.2901700E+000,-8.5185573E-005
2.2921700E+000,4.8098571E-005
2.2941700E+000,1.8327192E-004
2.2961700E+000,3.1632722E-004
2.2981700E+000,4.4313811E-004
2.3001700E+000,5.5963016E-004
2.3021700E+000,6.6195315E-004
2.3041700E+000,7.4664073E-004
2.3061700E+000,8.1077365E-004
2.3081700E+000,8.5211084E-004
2.3101700E+000,8.6919691E-004
2.3121700E+000,8.6143695E-004
2.3141700E+000,8.2913266E-004
2.3161700E+000,7.7347066E-004
2.3181700E+000,6.9647089E-004
2.3201700E+000,6.0089424E-004
2.3221700E+000,4.9012043E-004
2.3241700E+000,3.6799642E-004
2.3261700E+000,2.3866691E-004
2.3281700E+000,1.0639988E-004
2.3301700E+000,-2.4584861E-005
2.3321700E+000,-1.5027553E-004
2.3341700E+000,-2.6701062E-004
2.3361700E+000,-3.7159614E-004
2.3381700E+000,-4.6139062E-004
2.3401700E+000,-5.3436164E-004
2.3421700E+000,-5.8911253E-004
2.3441700E+000,-6.2488178E-004
2.3461700E+000,-6.4152512E-004
2.3481700E+000,-6.3947527E-004
2.3501700E+000,-6.1969315E-004
2.3521700E+000,-5.8361511E-004
2.3541700E+000,-5.3309416E-004
2.3561700E+000,-4.7033705E-004
2.3581700E+000,-3.9784348E-004
2.3601700E+000,-3.1833555E-004
2.3621700E+000,-2.3468871E-004
2.3641700E+000,-1.4985780E-004
2.3661700E+000,-6.6790572E-005
2.3681700E+000,1.1659137E-005
2.3701700E+000,8.2824443E-005
2.3721700E+000,1.4432249E-004
2.3741700E+000,1.9415009E-004
2.3761700E+000,2.3076927E-004
2.3781700E+000,2.5318009E-004
2.3801700E+000,2.6097577E-004
2.3821700E+000,2.5437121E-004
2.3841700E+000,2.3420264E-004
2.3861700E+000,2.0189569E-004
2.3881700E+000,1.5939744E-004
2.3901700E+000,1.0907841E-004
2.3921700E+000,5.3609397E-005
2.3941700E+000,-4.1807809E-006
2.3961700E+000,-6.1459140E-005
2.3981700E+000,-1.1554355E-004
2.4001700E+000,-1.6404827E-004
2.4021700E+000,-2.0500769E-004
2.4041700E+000,-2.3697103E-004
2.4061700E+000,-2.5906554E-004
2.4081700E+000,-2.7102241E-004
2.4101700E+000,-2.7317550E-004
2.4121700E+000,-2.6641828E-004
2.4141700E+000,-2.5212290E-004
2.4161700E+000,-2.3202924E-004
2.4181700E+000,-2.0811624E-004
2.4201700E+000,-1.8246404E-004
2.4221700E+000,-1.5711387E-004
2.4241700E+000,-1.3393675E-004
2.4261700E+000,-1.1451497E-004
2.4281700E+000,-1.0004590E-004
2.4301700E+000,-9.1273690E-005
2.4321700E+000,-8.8453117E-005
2.4341700E+000,-9.1347467E-005
2.4361700E+000,-9.9260484E-005
2.4381700E+000,-1.1109878E-004
2.4401700E+000,-1.2546094E-004
2.4421700E+000,-1.4074700E-004
2.4441700E+000,-1.5528122E-004
2.4461700E+000,-1.6743992E-004
2.4481700E+000,-1.7577501E-004
2.4501700E+000,-1.7912353E-004
2.4521700E+000,-1.7669777E-004
2.4541700E+000,-1.6814909E-004
2.4561700E+000,-1.5360162E-004
2.4581700E+000,-1.3364801E-004
2.4601700E+000,-1.0930809E-004
2.4621700E+000,-8.1957730E-005
2.4641700E+000,-5.3230708E-005
2.4661700E+000,-2.4900316E-005
2.4681700E+000,1.2511942E-006
2.4701700E+000,2.3565318E-005
2.4721700E+000,4.0630610E-005
2.4741700E+000,5.1388570E-005
2.4761700E+000,5.5213801E-005
2.4781700E+000,5.1961711E-005
2.4801700E+000,4.1980283E-005
2.4821700E+000,2.6086379E-005
2.4841700E+000,5.5086928E-006
2.4861700E+000,-1.8197592E-005
2.4881700E+000,-4.3257856E-005
2.4901700E+000,-6.7798415E-005
2.4921700E+000,-8.9970183E-005
2.4941700E+000,-1.0806759E-004
2.4961700E+000,-1.2063350E-004
2.4981700E+000,-1.2654181E-004
2.5001700E+000,-1.2505484E-004
2.5021700E+000,-1.1585047E-004
2.5041700E+000,-9.9023161E-005
2.5061700E+000,-7.5055766E-005
2.5081700E+000,-4.4768329E-005
2.5101700E+000,-9.2508675E-006
2.5121700E+000,3.0213715E-005
2.5141700E+000,7.2230613E-005
2.5161700E+000,1.1537128E-004
2.5181700E+000,1.5824350E-004
2.5201700E+000,1.9954933E-004
2.5221700E+000,2.3812896E-004
2.5241700E+000,2.7298914E-004
2.5261700E+000,3.0331496E-004
2.5281700E+000,3.2847100E-004
2.5301700E+000,3.4799477E-004
2.5321700E+000,3.6158255E-004
2.5341700E+000,3.6907456E-004
2.5361700E+000,3.7043084E-004
2.5381700E+000,3.6571063E-004
2.5401700E+000,3.5506704E-004
2.5421700E+000,3.3874622E-004
2.5441700E+000,3.1708284E-004
2.5461700E+000,2.9049879E-004
2.5481700E+000,2.5950712E-004
2.5501700E+000,2.2471492E-004
2.5521700E+000,1.8682210E-004
2.5541700E+000,1.4661499E-004
2.5561700E+000,1.0495131E-004
2.5581700E+000,6.2739213E-005
2.5601700E+000,2.0912259E-005
2.5621700E+000,-1.9606013E-005
2.5641700E+000,-5.7940255E-005
2.5661700E+000,-9.3300379E-005
2.5681700E+000,-1.2501548E-004
2.5701700E+000,-1.5256434E-004
2.5721700E+000,-1.7559748E-004
2.5741700E+000,-1.9394813E-004
2.5761700E+000,-2.0763221E-004
2.5781700E+000,-2.1683709E-004
2.5801700E+000,-2.2189963E-004
2.5821700E+000,-2.2327544E-004
2.5841700E+000,-2.2150140E-004
2.5861700E+000,-2.1715481E-004
2.5881700E+000,-2.1081186E-004
2.5901700E+000,-2.0300826E-004
2.5921700E+000,-1.9420512E-004
2.5941700E+000,-1.8476298E-004
2.5961700E+000,-1.7492438E-004
2.5981700E+000,-1.6481097E-004
2.6001700E+000,-1.5443360E-004
2.6021700E+000,-1.4371064E-004
2.6041700E+000,-1.3249235E-004
2.6061700E+000,-1.2059206E-004
2.6081700E+000,-1.0782237E-004
2.6101700E+000,-9.4030149E-005
2.6121700E+000,-7.9125013E-005
2.6141700E+000,-6.3099462E-005
2.6161700E+000,-4.6040407E-005
2.6181700E+000,-2.8131410E-005
2.6201700E+000,-9.6444115E-006
2.6221700E+000,9.0770132E-006
2.6241700E+000,2.7642129E-005
2.6261700E+000,4.5645389E-005
2.6281700E+000,6.2697825E-005
2.6301700E+000,7.8456802E-005
2.6321700E+000,9.2650964E-005
2.6341700E+000,1.0509675E-004
2.6361700E+000,1.1570630E-004
2.6381700E+000,1.2448490E-004
2.6401700E+000,1.3151867E-004
2.6421700E+000,1.3695340E-004
2.6441700E+000,1.4096695E-004
2.6461700E+000,1.4373791E-004
2.6481700E+000,1.4541360E-004
2.6501700E+000,1.4608080E-004
2.6521700E+000,1.4574279E-004
2.6541700E+000,1.4430496E-004
2.6561700E+000,1.4157074E-004
2.6581700E+000,1.3724824E-004
2.6601700E+000,1.3096804E-004
2.6621700E+000,1.2231082E-004
2.6641700E+000,1.1084325E-004
2.6661700E+000,9.6159666E-005
2.6681700E+000,7.7926514E-005
2.6701700E+000,5.5926537E-005
2.6721700E+000,3.0098168E-005
2.6741700E+000,5.6808059E-007
2.6761700E+000,-3.2326253E-005
2.6781700E+000,-6.8027485E-005
2.6801700E+000,-1.0576389E-004
2.6821700E+000,-1.4456691E-004
2.6841700E+000,-1.8330762E-004
2.6861700E+000,-2.2074296E-004
2.6881700E+000,-2.5556970E-004
2.6901700E+000,-2.8648369E-004
2.6921700E+000,-3.1224124E-004
2.6941700E+000,-3.3171933E-004
2.6961700E+000,-3.4397257E-004
2.6981700E+000,-3.4828028E-004
2.7001700E+000,-3.4417849E-004
2.7021700E+000,-3.3148030E-004
2.7041700E+000,-3.1028521E-004
2.7061700E+000,-2.8098112E-004
2.7081700E+000,-2.4423282E-004
2.7101700E+000,-2.0095368E-004
2.7121700E+000,-1.5226928E-004
2.7141700E+000,-9.9479342E-005
2.7161700E+000,-4.4014551E-005
2.7181700E+000,1.2612371E-005
2.7201700E+000,6.8859237E-005
2.7221700E+000,1.2320769E-004
2.7241700E+000,1.7420865E-004
2.7261700E+000,2.2052987E-004
2.7281700E+000,2.6099913E-004
2.7301700E+000,2.9463930E-004
2.7321700E+000,3.2069929E-004
2.7341700E+000,3.3867834E-004
2.7361700E+000,3.4834346E-004
2.7381700E+000,3.4973854E-004
2.7401700E+000,3.4318446E-004
2.7421700E+000,3.2926933E-004
2.7441700E+000,3.0882827E-004
2.7461700E+000,2.8291238E-004
2.7481700E+000,2.5274918E-004
2.7501700E+000,2.1969217E-004
2.7521700E+000,1.8516694E-004
2.7541700E+000,1.5061214E-004
2.7561700E+000,1.1741943E-004
2.7581700E+000,8.6876713E-005
2.7601700E+000,6.0115876E-005
2.7621700E+000,3.8069093E-005
2.7641700E+000,2.1435278E-005
2.7661700E+000,1.0656959E-005
2.7681700E+000,5.9115949E-006
2.7701700E+000,7.1136013E-006
2.7721700E+000,1.3928112E-005
2.7741700E+000,2.5795745E-005
2.7761700E+000,4.1966152E-005
2.7781700E+000,6.1538571E-005
2.7801700E+000,8.3507472E-005
2.7821700E+000,1.0681166E-004
2.7841700E+000,1.3038373E-004
2.7861700E+000,1.5319728E-004
2.7881700E+000,1.7431122E-004
2.7901700E+000,1.9290944E-004
2.7921700E+000,2.0833332E-004
2.7941700E+000,2.2010707E-004
2.7961700E+000,2.2795431E-004
2.7981700E+000,2.3180427E-004
2.8001700E+000,2.3178780E-004
2.8021700E+000,2.2822342E-004
2.8041700E+000,2.2159252E-004
2.8061700E+000,2.1250439E-004
2.8081700E+000,2.0165373E-004
2.8101700E+000,1.8977259E-004
2.8121700E+000,1.7757960E-004
2.8141700E+000,1.6572985E-004
2.8161700E+000,1.5476736E-004
2.8181700E+000,1.4508691E-004
2.8201700E+000,1.3690478E-004
2.8221700E+000,1.3024226E-004
2.8241700E+000,1.2492485E-004
2.8261700E+000,1.2059589E-004
2.8281700E+000,1.1674468E-004
2.8301700E+000,1.1274707E-004
2.8321700E+000,1.0791570E-004
2.8341700E+000,1.0155617E-004
2.8361700E+000,9.3025427E-005
2.8381700E+000,8.1788141E-005
2.8401700E+000,6.7467027E-005
2.8421700E+000,4.9883626E-005
2.8441700E+000,2.9086083E-005
2.8461700E+000,5.3618820E-006
2.8481700E+000,-2.0765693E-005
2.8501700E+000,-4.8556685E-005
2.8521700E+000,-7.7088733E-005
2.8541700E+000,-1.0530402E-004
2.8561700E+000,-1.3206560E-004
2.8581700E+000,-1.5621655E-004
2.8601700E+000,-1.7664364E-004
2.8621700E+000,-1.9233981E-004
2.8641700E+000,-2.0245846E-004
2.8661700E+000,-2.0636053E-004
2.8681700E+000,-2.0365182E-004
2.8701700E+000,-1.9420720E-004
2.8721700E+000,-1.7818195E-004
2.8741700E+000,-1.5600979E-004
2.8761700E+000,-1.2838677E-004
2.8781700E+000,-9.6244483E-005
2.8801700E+000,-6.0716323E-005
2.8821700E+000,-2.3097248E-005
2.8841700E+000,1.5203513E-005
2.8861700E+000,5.2715676E-005
2.8881700E+000,8.7964922E-005
2.8901700E+000,1.1953031E-004
2.8921700E+000,1.4609909E-004
2.8941700E+000,1.6651867E-004
2.8961700E+000,1.7984219E-004
2.8981700E+000,1.8536781E-004
2.9001700E+000,1.8266859E-004
2.9021700E+000,1.7161314E-004
2.9041700E+000,1.5237470E-004
2.9061700E+000,1.2542790E-004
2.9081700E+000,9.1532249E-005
2.9101700E+000,5.1703541E-005
2.9121700E+000,7.1727861E-006
2.9141700E+000,-4.0663675E-005
2.9161700E+000,-9.0305358E-005
2.9181700E+000,-1.4020844E-004
2.9201700E+000,-1.8884613E-004
2.9221700E+000,-2.3477054E-004
2.9241700E+000,-2.7666539E-004
2.9261700E+000,-3.1338638E-004
2.9281700E+000,-3.4398943E-004
2.9301700E+000,-3.6774989E-004
2.9321700E+000,-3.8416724E-004
2.9341700E+000,-3.9295454E-004
2.9361700E+000,-3.9401750E-004
2.9381700E+000,-3.8743558E-004
2.9401700E+000,-3.7344505E-004
2.9421700E+000,-3.5241700E-004
2.9441700E+000,-3.2483907E-004
2.9461700E+000,-2.9130128E-004
2.9481700E+000,-2.5248885E-004
2.9501700E+000,-2.0918009E-004
2.9521700E+000,-1.6224637E-004
2.9541700E+000,-1.1265232E-004
2.9561700E+000,-6.1454110E-005
2.9581700E+000,-9.7915936E-006
2.9601700E+000,4.1129322E-005
2.9621700E+000,9.0064359E-005
2.9641700E+000,1.3576842E-004
2.9661700E+000,1.7704354E-004
2.9681700E+000,2.1279335E-004
2.9701700E+000,2.4207904E-004
2.9721700E+000,2.6417334E-004
2.9741700E+000,2.7860669E-004
2.9761700E+000,2.8519976E-004
2.9781700E+000,2.8407884E-004
2.9801700E+000,2.7567133E-004
2.9821700E+000,2.6068107E-004
2.9841700E+000,2.4004398E-004
2.9861700E+000,2.1486802E-004
2.9881700E+000,1.8636286E-004
2.9901700E+000,1.5576443E-004
2.9921700E+000,1.2426116E-004
2.9941700E+000,9.2927821E-005
2.9961700E+000,6.2672473E-005
2.9981700E+000,3.4200060E-005
3.0001700E+000,7.9947372E-006
3.0021700E+000,-1.5678593E-005
3.0041700E+000,-3.6755639E-005
3.0061700E+000,-5.5339674E-005
3.0081700E+000,-7.1659357E-005
3.0101700E+000,-8.6018163E-005
3.0121700E+000,-9.8747493E-005
3.0141700E+000,-1.1016224E-004
3.0161700E+000,-1.2052343E-004
3.0181700E+000,-1.3001133E-004
3.0201700E+000,-1.3871030E-004
3.0221700E+000,-1.4660424E-004
3.0241700E+000,-1.5358198E-004
3.0261700E+000,-1.5945057E-004
3.0281700E+000,-1.6395479E-004
3.0301700E+000,-1.6679945E-004
3.0321700E+000,-1.6767074E-004
3.0341700E+000,-1.6625723E-004
3.0361700E+000,-1.6227028E-004
3.0381700E+000,-1.5546051E-004
3.0401700E+000,-1.4562977E-004
3.0421700E+000,-1.3263988E-004
3.0441700E+000,-1.1641778E-004
3.0461700E+000,-9.6957750E-005
3.0481700E+000,-7.4325618E-005
3.0501700E+000,-4.8663352E-005
3.0521700E+000,-2.0193011E-005
3.0541700E+000,1.0781698E-005
3.0561700E+000,4.3874093E-005
3.0581700E+000,7.8612112E-005
3.0601700E+000,1.1443432E-004
3.0621700E+000,1.5068669E-004
3.0641700E+000,1.8662252E-004
3.0661700E+000,2.2140686E-004
3.0681700E+000,2.5412756E-004
3.0701700E+000,2.8381326E-004
3.0721700E+000,3.0945787E-004
3.0741700E+000,3.3005393E-004
3.0761700E+000,3.4463393E-004
3.0781700E+000,3.5231828E-004
3.0801700E+000,3.5236845E-004
3.0821700E+000,3.4423963E-004
3.0841700E+000,3.2763084E-004
3.0861700E+000,3.0252865E-004
3.0881700E+000,2.6923801E-004
3.0901700E+000,2.2839840E-004
3.0921700E+000,1.8098128E-004
3.0941700E+000,1.2826952E-004
3.0961700E+000,7.1813546E-005
3.0981700E+000,1.3374090E-005
3.1001700E+000,-4.5153431E-005
3.1021700E+000,-1.0183235E-004
3.1041700E+000,-1.5477784E-004
3.1061700E+000,-2.0225551E-004
3.1081700E+000,-2.4277177E-004
3.1101700E+000,-2.7515103E-004
3.1121700E+000,-2.9859028E-004
3.1141700E+000,-3.1269189E-004
3.1161700E+000,-3.1747270E-004
3.1181700E+000,-3.1334954E-004
3.1201700E+000,-3.0110048E-004
3.1221700E+000,-2.8180686E-004
3.1241700E+000,-2.5678332E-004
3.1261700E+000,-2.2749430E-004
3.1281700E+000,-1.9547051E-004
3.1301700E+000,-1.6223256E-004
3.1321700E+000,-1.2922338E-004
3.1341700E+000,-9.7751499E-005
3.1361700E+000,-6.8945314E-005
3.1381700E+000,-4.3722439E-005
3.1401700E+000,-2.2776700E-005
3.1421700E+000,-6.5794724E-006
3.1441700E+000,4.6077161E-006
3.1461700E+000,1.0713213E-005
3.1481700E+000,1.1829968E-005
3.1501700E+000,8.1886375E-006
3.1521700E+000,1.3094905E-007
3.1541700E+000,-1.1914785E-005
3.1561700E+000,-2.7454513E-005
3.1581700E+000,-4.5945358E-005
3.1601700E+000,-6.6808961E-005
3.1621700E+000,-8.9442229E-005
3.1641700E+000,-1.1322660E-004
3.1661700E+000,-1.3753647E-004
3.1681700E+000,-1.6174761E-004
3.1701700E+000,-1.8524700E-004
3.1721700E+000,-2.0744573E-004
3.1741700E+000,-2.2778920E-004
3.1761700E+000,-2.4576948E-004
3.1781700E+000,-2.6094127E-004
3.1801700E+000,-2.7293318E-004
3.1821700E+000,-2.8145718E-004
3.1841700E+000,-2.8631970E-004
3.1861700E+000,-2.8742950E-004
3.1881700E+000,-2.8479857E-004
3.1901700E+000,-2.7853625E-004
3.1921700E+000,-2.6884012E-004
3.1941700E+000,-2.5598776E-004
3.1961700E+000,-2.4032366E-004
3.1981700E+000,-2.2224114E-004
3.2001700E+000,-2.0216425E-004
3.2021700E+000,-1.8052781E-004
3.2041700E+000,-1.5775707E-004
3.2061700E+000,-1.3425145E-004
3.2081700E+000,-1.1037333E-004
3.2101700E+000,-8.6441909E-005
3.2121700E+000,-6.2732592E-005
3.2141700E+000,-3.9481909E-005
3.2161700E+000,-1.6897494E-005
3.2181700E+000,4.8288110E-006
3.2201700E+000,2.5506528E-005
3.2221700E+000,4.4932548E-005
3.2241700E+000,6.2879759E-005
3.2261700E+000,7.9090292E-005
3.2281700E+000,9.3274344E-005
3.2301700E+000,1.0511724E-004
3.2321700E+000,1.1429124E-004
3.2341700E+000,1.2047479E-004
3.2361700E+000,1.2337672E-004
3.2381700E+000,1.2276226E-004
3.2401700E+000,1.1847922E-004
3.2421700E+000,1.1048175E-004
3.2441700E+000,9.8848700E-005
3.2461700E+000,8.3794344E-005
3.2481700E+000,6.5670027E-005
3.2501700E+000,4.4955907E-005
3.2521700E+000,2.2242762E-005
3.2541700E+000,-1.7943656E-006
3.2561700E+000,-2.6428872E-005
3.2581700E+000,-5.0918427E-005
3.2601700E+000,-7.4540476E-005
3.2621700E+000,-9.6626323E-005
3.2641700E+000,-1.1658733E-004
3.2661700E+000,-1.3393240E-004
3.2681700E+000,-1.4828073E-004
3.2701700E+000,-1.5936288E-004
3.2721700E+000,-1.6701521E-004
3.2741700E+000,-1.7116927E-004
3.2761700E+000,-1.7183726E-004
3.2781700E+000,-1.6909758E-004
3.2801700E+000,-1.6308298E-004
3.2821700E+000,-1.5397196E-004
3.2841700E+000,-1.4198492E-004
3.2861700E+000,-1.2738685E-004
3.2881700E+000,-1.1049342E-004
3.2901700E+000,-9.1679783E-005
3.2921700E+000,-7.1390064E-005
3.2941700E+000,-5.0142959E-005
3.2961700E+000,-2.8532652E-005
3.2981700E+000,-7.2209611E-006
3.3001700E+000,1.3080552E-005
3.3021700E+000,3.1637806E-005
3.3041700E+000,4.7730564E-005
3.3061700E+000,6.0695730E-005
3.3081700E+000,6.9973374E-005
3.3101700E+000,7.5150722E-005
3.3121700E+000,7.6000308E-005
3.3141700E+000,7.2507561E-005
3.3161700E+000,6.4884210E-005
3.3181700E+000,5.3564417E-005
3.3201700E+000,3.9183550E-005
3.3221700E+000,2.2540332E-005
3.3241700E+000,4.5444948E-006
3.3261700E+000,-1.3845684E-005
3.3281700E+000,-3.1691531E-005
3.3301700E+000,-4.8142477E-005
3.3321700E+000,-6.2494472E-005
3.3341700E+000,-7.4242299E-005
3.3361700E+000,-8.3111761E-005
3.3381700E+000,-8.9073479E-005
3.3401700E+000,-9.2336897E-005
3.3421700E+000,-9.3322109E-005
3.3441700E+000,-9.2614533E-005
3.3461700E+000,-9.0904482E-005
3.3481700E+000,-8.8917052E-005
3.3501700E+000,-8.7339202E-005
3.3521700E+000,-8.6750585E-005
3.3541700E+000,-8.7564714E-005
3.3561700E+000,-8.9985466E-005
3.3581700E+000,-9.3983185E-005
3.3601700E+000,-9.9292851E-005
3.3621700E+000,-1.0543440E-004
3.3641700E+000,-1.1175281E-004
3.3661700E+000,-1.1747446E-004
3.3681700E+000,-1.2177502E-004
3.3701700E+000,-1.2385222E-004
3.3721700E+000,-1.2299669E-004
3.3741700E+000,-1.1865600E-004
3.3761700E+000,-1.1048533E-004
3.3781700E+000,-9.8379754E-005
3.3801700E+000,-8.2486919E-005
3.3821700E+000,-6.3198610E-005
3.3841700E+000,-4.1122874E-005
3.3861700E+000,-1.7039205E-005
3.3881700E+000,8.1589976E-006
3.3901700E+000,3.3529072E-005
3.3921700E+000,5.8145536E-005
3.3941700E+000,8.1158793E-005
3.3961700E+000,1.0184803E-004
3.3981700E+000,1.1965752E-004
3.4001700E+000,1.3421662E-004
3.4021700E+000,1.4534316E-004
3.4041700E+000,1.5303115E-004
3.4061700E+000,1.5742486E-004
3.4081700E+000,1.5878328E-004
3.4101700E+000,1.5743930E-004
3.4121700E+000,1.5375761E-004
3.4141700E+000,1.4809600E-004
3.4161700E+000,1.4077250E-004
3.4181700E+000,1.3204075E-004
3.4201700E+000,1.2207483E-004
3.4221700E+000,1.1096498E-004
3.4241700E+000,9.8723761E-005
3.4261700E+000,8.5301613E-005
3.4281700E+000,7.0607444E-005
3.4301700E+000,5.4533222E-005
3.4321700E+000,3.6980536E-005
3.4341700E+000,1.7885809E-005
3.4361700E+000,-2.7573551E-006
3.4381700E+000,-2.4881044E-005
3.4401700E+000,-4.8331240E-005
3.4421700E+000,-7.2866374E-005
3.4441700E+000,-9.8162153E-005
3.4461700E+000,-1.2382140E-004
3.4481700E+000,-1.4939202E-004
3.4501700E+000,-1.7438798E-004
3.4521700E+000,-1.9831027E-004
3.4541700E+000,-2.2066876E-004
3.4561700E+000,-2.4100156E-004
3.4581700E+000,-2.5888931E-004
3.4601700E+000,-2.7396602E-004
3.4621700E+000,-2.8592607E-004
3.4641700E+000,-2.9452609E-004
3.4661700E+000,-2.9958375E-004
3.4681700E+000,-3.0097409E-004
3.4701700E+000,-2.9862211E-004
3.4721700E+000,-2.9249541E-004
3.4741700E+000,-2.8260239E-004
3.4761700E+000,-2.6899765E-004
3.4781700E+000,-2.5178953E-004
3.4801700E+000,-2.3114382E-004
3.4821700E+000,-2.0728777E-004
3.4841700E+000,-1.8051905E-004
3.4861700E+000,-1.5121563E-004
3.4881700E+000,-1.1984363E-004
3.4901700E+000,-8.6956768E-005
3.4921700E+000,-5.3188135E-005
3.4941700E+000,-1.9234179E-005
3.4961700E+000,1.4167052E-005
3.4981700E+000,4.6263778E-005
3.5001700E+000,7.6322885E-005
3.5021700E+000,1.0366446E-004
3.5041700E+000,1.2769632E-004
3.5061700E+000,1.4794590E-004
3.5081700E+000,1.6408729E-004
3.5101700E+000,1.7596049E-004
3.5121700E+000,1.8358112E-004
3.5141700E+000,1.8714066E-004
3.5161700E+000,1.8699683E-004
3.5181700E+000,1.8365452E-004
3.5201700E+000,1.7773760E-004
3.5221700E+000,1.6995387E-004
3.5241700E+000,1.6105479E-004
3.5261700E+000,1.5179297E-004
3.5281700E+000,1.4288011E-004
3.5301700E+000,1.3494817E-004
3.5321700E+000,1.2851630E-004
3.5341700E+000,1.2396608E-004
3.5361700E+000,1.2152679E-004
3.5381700E+000,1.2127148E-004
3.5401700E+000,1.2312453E-004
3.5421700E+000,1.2687953E-004
3.5441700E+000,1.3222635E-004
3.5461700E+000,1.3878517E-004
3.5481700E+000,1.4614459E-004
3.5501700E+000,1.5390084E-004
3.5521700E+000,1.6169452E-004
3.5541700E+000,1.6924163E-004
3.5561700E+000,1.7635616E-004
3.5581700E+000,1.8296168E-004
3.5601700E+000,1.8909043E-004
3.5621700E+000,1.9486967E-004
3.5641700E+000,2.0049690E-004
3.5661700E+000,2.0620518E-004
3.5681700E+000,2.1221964E-004
3.5701700E+000,2.1871054E-004
3.5721700E+000,2.2575121E-004
3.5741700E+000,2.3328261E-004
3.5761700E+000,2.4108693E-004
3.5781700E+000,2.4877653E-004
3.5801700E+000,2.5580128E-004
3.5821700E+000,2.6147391E-004
3.5841700E+000,2.6501221E-004
3.5861700E+000,2.6559544E-004
3.5881700E+000,2.6243080E-004
3.5901700E+000,2.5482436E-004
3.5921700E+000,2.4225040E-004
3.5941700E+000,2.2441287E-004
3.5961700E+000,2.0129357E-004
3.5981700E+000,1.7318224E-004
3.6001700E+000,1.4068480E-004
3.6021700E+000,1.0470829E-004
3.6041700E+000,6.6422808E-005
3.6061700E+000,2.7201795E-005
3.6081700E+000,-1.1449539E-005
3.6101700E+000,-4.7984889E-005
3.6121700E+000,-8.0900736E-005
3.6141700E+000,-1.0882390E-004
3.6161700E+000,-1.3059227E-004
3.6181700E+000,-1.4531497E-004
3.6201700E+000,-1.5241857E-004
3.6221700E+000,-1.5166997E-004
3.6241700E+000,-1.4317873E-004
3.6261700E+000,-1.2737838E-004
3.6281700E+000,-1.0499280E-004
3.6301700E+000,-7.6985775E-005
3.6321700E+000,-4.4501832E-005
3.6341700E+000,-8.8035409E-006
3.6361700E+000,2.8791689E-005
3.6381700E+000,6.6971253E-005
3.6401700E+000,1.0448109E-004
3.6421700E+000,1.4016956E-004
3.6441700E+000,1.7302147E-004
3.6461700E+000,2.0218077E-004
3.6481700E+000,2.2696218E-004
3.6501700E+000,2.4685230E-004
3.6521700E+000,2.6150333E-004
3.6541700E+000,2.7072008E-004
3.6561700E+000,2.7444193E-004
3.6581700E+000,2.7272392E-004
3.6601700E+000,2.6571839E-004
3.6621700E+000,2.5365851E-004
3.6641700E+000,2.3684573E-004
3.6661700E+000,2.1564056E-004
3.6681700E+000,1.9045895E-004
3.6701700E+000,1.6177230E-004
3.6721700E+000,1.3011004E-004
3.6741700E+000,9.6064211E-005
3.6761700E+000,6.0293900E-005
3.6781700E+000,2.3523928E-005
3.6801700E+000,-1.3453170E-005
3.6821700E+000,-4.9783824E-005
3.6841700E+000,-8.4569472E-005
3.6861700E+000,-1.1688435E-004
3.6881700E+000,-1.4580001E-004
3.6901700E+000,-1.7042050E-004
3.6921700E+000,-1.8991966E-004
3.6941700E+000,-2.0357888E-004
3.6961700E+000,-2.1082490E-004
3.6981700E+000,-2.1126453E-004
3.7001700E+000,-2.0471229E-004
3.7021700E+000,-1.9120745E-004
3.7041700E+000,-1.7101802E-004
3.7061700E+000,-1.4463249E-004
3.7081700E+000,-1.1273742E-004
3.7101700E+000,-7.6181755E-005
3.7121700E+000,-3.5934482E-005
3.7141700E+000,6.9649221E-006
3.7161700E+000,5.1455066E-005
3.7181700E+000,9.6498313E-005
3.7201700E+000,1.4112158E-004
3.7221700E+000,1.8444189E-004
3.7241700E+000,2.2568085E-004
3.7261700E+000,2.6416514E-004
3.7281700E+000,2.9931616E-004
3.7301700E+000,3.3062993E-004
3.7321700E+000,3.5764995E-004
3.7341700E+000,3.7993843E-004
3.7361700E+000,3.9705584E-004
3.7381700E+000,4.0854505E-004
3.7401700E+000,4.1392925E-004
3.7421700E+000,4.1272607E-004
3.7441700E+000,4.0447555E-004
3.7461700E+000,3.8877971E-004
3.7481700E+000,3.6535184E-004
3.7501700E+000,3.3407009E-004
3.7521700E+000,2.9502941E-004
3.7541700E+000,2.4858453E-004
3.7561700E+000,1.9537965E-004
3.7581700E+000,1.3636040E-004
3.7601700E+000,7.2764117E-005
3.7621700E+000,6.0830657E-006
3.7641700E+000,-6.1980044E-005
3.7661700E+000,-1.2958449E-004
3.7681700E+000,-1.9483347E-004
3.7701700E+000,-2.5585827E-004
3.7721700E+000,-3.1090142E-004
3.7741700E+000,-3.5839780E-004
3.7761700E+000,-3.9704453E-004
3.7781700E+000,-4.2585445E-004
3.7801700E+000,-4.4419210E-004
3.7821700E+000,-4.5178550E-004
3.7841700E+000,-4.4872079E-004
3.7861700E+000,-4.3543016E-004
3.7881700E+000,-4.1266678E-004
3.7901700E+000,-3.8146234E-004
3.7921700E+000,-3.4307129E-004
3.7941700E+000,-2.9891001E-004
3.7961700E+000,-2.5049753E-004
3.7981700E+000,-1.9939883E-004
3.8001700E+000,-1.4717122E-004
3.8021700E+000,-9.5314304E-005
3.8041700E+000,-4.5221104E-005
3.8061700E+000,1.8678591E-006
3.8081700E+000,4.4898733E-005
3.8101700E+000,8.3033543E-005
3.8121700E+000,1.1566786E-004
3.8141700E+000,1.4244465E-004
3.8161700E+000,1.6326043E-004
3.8181700E+000,1.7826046E-004
3.8201700E+000,1.8782217E-004
3.8221700E+000,1.9252623E-004
3.8241700E+000,1.9311696E-004
3.8261700E+000,1.9045364E-004
3.8281700E+000,1.8545532E-004
3.8301700E+000,1.7904168E-004
3.8321700E+000,1.7207308E-004
3.8341700E+000,1.6529431E-004
3.8361700E+000,1.5928698E-004
3.8381700E+000,1.5443405E-004
3.8401700E+000,1.5089964E-004
3.8421700E+000,1.4862615E-004
3.8441700E+000,1.4734947E-004
3.8461700E+000,1.4663172E-004
3.8481700E+000,1.4590867E-004
3.8501700E+000,1.4454819E-004
3.8521700E+000,1.4191487E-004
3.8541700E+000,1.3743554E-004
3.8561700E+000,1.3066015E-004
3.8581700E+000,1.2131247E-004
3.8601700E+000,1.0932597E-004
3.8621700E+000,9.4861982E-005
3.8641700E+000,7.8308464E-005
3.8661700E+000,6.0259608E-005
3.8681700E+000,4.1478249E-005
3.8701700E+000,2.2844158E-005
3.8721700E+000,5.2924948E-006
3.8741700E+000,-1.0252849E-005
3.8761700E+000,-2.2945987E-005
3.8781700E+000,-3.2081152E-005
3.8801700E+000,-3.7145915E-005
3.8821700E+000,-3.7862059E-005
3.8841700E+000,-3.4211830E-005
3.8861700E+000,-2.6447560E-005
3.8881700E+000,-1.5083992E-005
3.8901700E+000,-8.7416134E-007
3.8921700E+000,1.5229882E-005
3.8941700E+000,3.2129735E-005
3.8961700E+000,4.8643034E-005
3.8981700E+000,6.3571706E-005
3.9001700E+000,7.5771899E-005
3.9021700E+000,8.4221238E-005
3.9041700E+000,8.8078652E-005
3.9061700E+000,8.6733352E-005
3.9081700E+000,7.9840348E-005
3.9101700E+000,6.7338555E-005
3.9121700E+000,4.9452588E-005
3.9141700E+000,2.6677964E-005
3.9161700E+000,-2.4995422E-007
3.9181700E+000,-3.0400196E-005
3.9201700E+000,-6.2700366E-005
3.9221700E+000,-9.5997342E-005
3.9241700E+000,-1.2912086E-004
3.9261700E+000,-1.6094588E-004
3.9281700E+000,-1.9044982E-004
3.9301700E+000,-2.1675478E-004
3.9321700E+000,-2.3916244E-004
3.9341700E+000,-2.5717368E-004
3.9361700E+000,-2.7049556E-004
3.9381700E+000,-2.7903534E-004
3.9401700E+000,-2.8288050E-004
3.9421700E+000,-2.8227203E-004
3.9441700E+000,-2.7757291E-004
3.9461700E+000,-2.6923131E-004
3.9481700E+000,-2.5774229E-004
3.9501700E+000,-2.4361372E-004
3.9521700E+000,-2.2734004E-004
3.9541700E+000,-2.0938262E-004
3.9561700E+000,-1.9015854E-004
3.9581700E+000,-1.7003648E-004
3.9601700E+000,-1.4934034E-004
3.9621700E+000,-1.2835785E-004
3.9641700E+000,-1.0735234E-004
3.9661700E+000,-8.6576312E-005
3.9681700E+000,-6.6284823E-005
3.9701700E+000,-4.6746049E-005
3.9721700E+000,-2.8246625E-005
3.9741700E+000,-1.1091241E-005
3.9761700E+000,4.4039316E-006
3.9781700E+000,1.7922906E-005
3.9801700E+000,2.9166446E-005
3.9821700E+000,3.7870521E-005
3.9841700E+000,4.3824839E-005
3.9861700E+000,4.6889498E-005
3.9881700E+000,4.7007281E-005
3.9901700E+000,4.4210366E-005
3.9921700E+000,3.8620752E-005
3.9941700E+000,3.0444490E-005
3.9961700E+000,1.9960695E-005
3.9981700E+000,7.5066175E-006
4.0001700E+000,-6.5394022E-006
4.0021700E+000,-2.1775296E-005
4.0041700E+000,-3.7790783E-005
4.0061700E+000,-5.4179672E-005
4.0081700E+000,-7.0548333E-005
4.0101700E+000,-8.6519735E-005
4.0121700E+000,-1.0173455E-004
4.0141700E+000,-1.1584847E-004
4.0161700E+000,-1.2852649E-004
4.0181700E+000,-1.3943995E-004
4.0201700E+000,-1.4826388E-004
4.0221700E+000,-1.5467598E-004
4.0241700E+000,-1.5836084E-004
4.0261700E+000,-1.5901813E-004
4.0281700E+000,-1.5637449E-004
4.0301700E+000,-1.5019918E-004
4.0321700E+000,-1.4032264E-004
4.0341700E+000,-1.2665459E-004
4.0361700E+000,-1.0919987E-004
4.0381700E+000,-8.8071248E-005
4.0401700E+000,-6.3496509E-005
4.0421700E+000,-3.5819640E-005
4.0441700E+000,-5.4953639E-006
4.0461700E+000,2.6922554E-005
4.0481700E+000,6.0797531E-005
4.0501700E+000,9.5428965E-005
4.0521700E+000,1.3007323E-004
4.0541700E+000,1.6396331E-004
4.0561700E+000,1.9632577E-004
4.0581700E+000,2.2639611E-004
4.0601700E+000,2.5343032E-004
4.0621700E+000,2.7671305E-004
4.0641700E+000,2.9556420E-004
4.0661700E+000,3.0934622E-004
4.0681700E+000,3.1747404E-004
4.0701700E+000,3.1942803E-004
4.0721700E+000,3.1477092E-004
4.0741700E+000,3.0316811E-004
4.0761700E+000,2.8441212E-004
4.0781700E+000,2.5845022E-004
4.0801700E+000,2.2541266E-004
4.0821700E+000,1.8563811E-004
4.0841700E+000,1.3969202E-004
4.0861700E+000,8.8376479E-005
4.0881700E+000,3.2726159E-005
4.0901700E+000,-2.6014443E-005
4.0921700E+000,-8.6419451E-005
4.0941700E+000,-1.4693295E-004
4.0961700E+000,-2.0593636E-004
4.0981700E+000,-2.6181870E-004
4.1001700E+000,-3.1305372E-004
4.1021700E+000,-3.5828010E-004
4.1041700E+000,-3.9636381E-004
4.1061700E+000,-4.2644616E-004
4.1081700E+000,-4.4798060E-004
4.1101700E+000,-4.6074646E-004
4.1121700E+000,-4.6484131E-004
4.1141700E+000,-4.6064827E-004
4.1161700E+000,-4.4878280E-004
4.1181700E+000,-4.3002812E-004
4.1201700E+000,-4.0526529E-004
4.1221700E+000,-3.7540918E-004
4.1241700E+000,-3.4135308E-004
4.1261700E+000,-3.0391516E-004
4.1281700E+000,-2.6379917E-004
4.1301700E+000,-2.2157780E-004
4.1321700E+000,-1.7770453E-004
4.1341700E+000,-1.3254517E-004
4.1361700E+000,-8.6417160E-005
4.1381700E+000,-3.9636820E-005
4.1401700E+000,7.4285177E-006
4.1421700E+000,5.4311222E-005
4.1441700E+000,1.0040359E-004
4.1461700E+000,1.4493430E-004
4.1481700E+000,1.8696739E-004
4.1501700E+000,2.2542643E-004
4.1521700E+000,2.5914274E-004
4.1541700E+000,2.8692216E-004
4.1561700E+000,3.0762656E-004
4.1581700E+000,3.2026341E-004
4.1601700E+000,3.2407464E-004
4.1621700E+000,3.1861621E-004
4.1641700E+000,3.0382311E-004
4.1661700E+000,2.8005007E-004
4.1681700E+000,2.4808639E-004
4.1701700E+000,2.0913964E-004
4.1721700E+000,1.6478875E-004
4.1741700E+000,1.1690904E-004
4.1761700E+000,6.7574100E-005
4.1781700E+000,1.8942081E-005
4.1801700E+000,-2.6865561E-005
4.1821700E+000,-6.7883945E-005
4.1841700E+000,-1.0241432E-004
4.1861700E+000,-1.2911900E-004
4.1881700E+000,-1.4708492E-004
4.1901700E+000,-1.5586254E-004
4.1921700E+000,-1.5547724E-004
4.1941700E+000,-1.4640607E-004
4.1961700E+000,-1.2953074E-004
4.1981700E+000,-1.0606953E-004
4.2001700E+000,-7.7494469E-005
4.2021700E+000,-4.5436842E-005
4.2041700E+000,-1.1591836E-005
4.2061700E+000,2.2370681E-005
4.2081700E+000,5.4887780E-005
4.2101700E+000,8.4572654E-005
4.2121700E+000,1.1026433E-004
4.2141700E+000,1.3106414E-004
4.2161700E+000,1.4635375E-004
4.2181700E+000,1.5579658E-004
4.2201700E+000,1.5932635E-004
4.2221700E+000,1.5712460E-004
4.2241700E+000,1.4958986E-004
4.2261700E+000,1.3730094E-004
4.2281700E+000,1.2097738E-004
4.2301700E+000,1.0143835E-004
4.2321700E+000,7.9562512E-005
4.2341700E+000,5.6248246E-005
4.2361700E+000,3.2375775E-005
4.2381700E+000,8.7707346E-006
4.2401700E+000,-1.3829935E-005
4.2421700E+000,-3.4803830E-005
4.2441700E+000,-5.3670287E-005
4.2461700E+000,-7.0108142E-005
4.2481700E+000,-8.3965962E-005
4.2501700E+000,-9.5264020E-005
4.2521700E+000,-1.0418468E-004
4.2541700E+000,-1.1105300E-004
4.2561700E+000,-1.1630759E-004
4.2581700E+000,-1.2046203E-004
4.2601700E+000,-1.2405930E-004
4.2621700E+000,-1.2762237E-004
4.2641700E+000,-1.3160428E-004
4.2661700E+000,-1.3634216E-004
4.2681700E+000,-1.4201730E-004
4.2701700E+000,-1.4862372E-004
4.2721700E+000,-1.5595027E-004
4.2741700E+000,-1.6357946E-004
4.2761700E+000,-1.7090116E-004
4.2781700E+000,-1.7714031E-004
4.2801700E+000,-1.8140013E-004
4.2821700E+000,-1.8271792E-004
4.2841700E+000,-1.8013017E-004
4.2861700E+000,-1.7274309E-004
4.2881700E+000,-1.5980396E-004
4.2901700E+000,-1.4076647E-004
4.2921700E+000,-1.1534671E-004
4.2941700E+000,-8.3565225E-005
4.2961700E+000,-4.5771949E-005
4.2981700E+000,-2.6517248E-006
4.3001700E+000,4.4790004E-005
4.3021700E+000,9.5260527E-005
4.3041700E+000,1.4723107E-004
4.3061700E+000,1.9900291E-004
4.3081700E+000,2.4878475E-004
4.3101700E+000,2.9477811E-004
4.3121700E+000,3.3526230E-004
4.3141700E+000,3.6867547E-004
4.3161700E+000,3.9368917E-004
4.3181700E+000,4.0927145E-004
4.3201700E+000,4.1473443E-004
4.3221700E+000,4.0976762E-004
4.3241700E+000,3.9445242E-004
4.3261700E+000,3.6925799E-004
4.3281700E+000,3.3502138E-004
4.3301700E+000,2.9290869E-004
4.3321700E+000,2.4436378E-004
4.3341700E+000,1.9104510E-004
4.3361700E+000,1.3475537E-004
4.3381700E+000,7.7367608E-005
4.3401700E+000,2.0743028E-005
4.3421700E+000,-3.3335741E-005
4.3441700E+000,-8.3235369E-005
4.3461700E+000,-1.2753270E-004
4.3481700E+000,-1.6506154E-004
4.3501700E+000,-1.9494697E-004
4.3521700E+000,-2.1662296E-004
4.3541700E+000,-2.2983343E-004
4.3561700E+000,-2.3462007E-004
4.3581700E+000,-2.3129636E-004
4.3601700E+000,-2.2041085E-004
4.3621700E+000,-2.0270475E-004
4.3641700E+000,-1.7906499E-004
4.3661700E+000,-1.5047550E-004
4.3681700E+000,-1.1796986E-004
4.3701700E+000,-8.2589178E-005
4.3721700E+000,-4.5346684E-005
4.3741700E+000,-7.1992995E-006
4.3761700E+000,3.0973208E-005
4.3781700E+000,6.8383192E-005
4.3801700E+000,1.0433929E-004
4.3821700E+000,1.3824923E-004
4.3841700E+000,1.6961596E-004
4.3861700E+000,1.9803124E-004
4.3881700E+000,2.2316889E-004
4.3901700E+000,2.4477580E-004
4.3921700E+000,2.6266368E-004
4.3941700E+000,2.7670197E-004
4.3961700E+000,2.8681168E-004
4.3981700E+000,2.9295938E-004
4.4001700E+000,2.9515405E-004
4.4021700E+000,2.9344381E-004
4.4041700E+000,2.8791464E-004
4.4061700E+000,2.7868865E-004
4.4081700E+000,2.6592215E-004
4.4101700E+000,2.4980315E-004
4.4121700E+000,2.3054791E-004
4.4141700E+000,2.0839683E-004
4.4161700E+000,1.8361057E-004
4.4181700E+000,1.5646699E-004
4.4201700E+000,1.2725946E-004
4.4221700E+000,9.6296796E-005
4.4241700E+000,6.3905870E-005
4.4261700E+000,3.0434302E-005
4.4281700E+000,-3.7459340E-006
4.4301700E+000,-3.8229383E-005
4.4321700E+000,-7.2574460E-005
4.4341700E+000,-1.0629783E-004
4.4361700E+000,-1.3887249E-004
4.4381700E+000,-1.6972866E-004
4.4401700E+000,-1.9825860E-004
4.4421700E+000,-2.2382865E-004
4.4441700E+000,-2.4579660E-004
4.4461700E+000,-2.6353127E-004
4.4481700E+000,-2.7643652E-004
4.4501700E+000,-2.8397690E-004
4.4521700E+000,-2.8570522E-004
4.4541700E+000,-2.8129141E-004
4.4561700E+000,-2.7054618E-004
4.4581700E+000,-2.5344015E-004
4.4601700E+000,-2.3011892E-004
4.4621700E+000,-2.0091048E-004
4.4641700E+000,-1.6632437E-004
4.4661700E+000,-1.2704308E-004
4.4681700E+000,-8.3904472E-005
4.4701700E+000,-3.7876869E-005
4.4721700E+000,9.9723268E-006
4.4741700E+000,5.8507342E-005
4.4761700E+000,1.0656356E-004
4.4781700E+000,1.5298916E-004
4.4801700E+000,1.9668953E-004
4.4821700E+000,2.3667035E-004
4.4841700E+000,2.7207449E-004
4.4861700E+000,3.0221391E-004
4.4881700E+000,3.2659396E-004
4.4901700E+000,3.4492776E-004
4.4921700E+000,3.5714086E-004
4.4941700E+000,3.6336433E-004
4.4961700E+000,3.6391549E-004
4.4981700E+000,3.5926858E-004
4.5001700E+000,3.5001762E-004
4.5021700E+000,3.3683311E-004
4.5041700E+000,3.2041614E-004
4.5061700E+000,3.0145346E-004
4.5081700E+000,2.8057757E-004
4.5101700E+000,2.5833437E-004
4.5121700E+000,2.3515964E-004
4.5141700E+000,2.1136863E-004
4.5161700E+000,1.8715572E-004
4.5181700E+000,1.6260792E-004
4.5201700E+000,1.3772817E-004
4.5221700E+000,1.1246546E-004
4.5241700E+000,8.6751143E-005
4.5261700E+000,6.0537655E-005
4.5281700E+000,3.3836632E-005
4.5301700E+000,6.7545399E-006
4.5321700E+000,-2.0482732E-005
4.5341700E+000,-4.7516150E-005
4.5361700E+000,-7.3851208E-005
4.5381700E+000,-9.8870372E-005
4.5401700E+000,-1.2185791E-004
4.5421700E+000,-1.4203716E-004
4.5441700E+000,-1.5861637E-004
4.5461700E+000,-1.7083858E-004
4.5481700E+000,-1.7803604E-004
4.5501700E+000,-1.7968496E-004
4.5521700E+000,-1.7545310E-004
4.5541700E+000,-1.6523758E-004
4.5561700E+000,-1.4919073E-004
4.5581700E+000,-1.2773158E-004
4.5601700E+000,-1.0154069E-004
4.5621700E+000,-7.1543156E-005
4.5641700E+000,-3.8878570E-005
4.5661700E+000,-4.8539594E-006
4.5681700E+000,2.9119345E-005
4.5701700E+000,6.1593629E-005
4.5721700E+000,9.1158061E-005
4.5741700E+000,1.1650935E-004
4.5761700E+000,1.3651775E-004
4.5781700E+000,1.5028773E-004
4.5801700E+000,1.5720737E-004
4.5821700E+000,1.5698291E-004
4.5841700E+000,1.4965666E-004
4.5861700E+000,1.3560745E-004
4.5881700E+000,1.1553357E-004
4.5901700E+000,9.0418807E-005
4.5921700E+000,6.1483788E-005
4.5941700E+000,3.0125123E-005
4.5961700E+000,-2.1536769E-006
4.5981700E+000,-3.3816962E-005
4.6001700E+000,-6.3375596E-005
4.6021700E+000,-8.9453826E-005
4.6041700E+000,-1.1085452E-004
4.6061700E+000,-1.2661182E-004
4.6081700E+000,-1.3602843E-004
4.6101700E+000,-1.3869729E-004
4.6121700E+000,-1.3450589E-004
4.6141700E+000,-1.2362538E-004
4.6161700E+000,-1.0648679E-004
4.6181700E+000,-8.3745444E-005
4.6201700E+000,-5.6237433E-005
4.6221700E+000,-2.4929757E-005
4.6241700E+000,9.1286895E-006
4.6261700E+000,4.4852668E-005
4.6281700E+000,8.1165145E-005
4.6301700E+000,1.1703325E-004
4.6321700E+000,1.5149814E-004
4.6341700E+000,1.8369587E-004
4.6361700E+000,2.1287203E-004
4.6381700E+000,2.3838994E-004
4.6401700E+000,2.5973221E-004
4.6421700E+000,2.7649900E-004
4.6441700E+000,2.8840422E-004
4.6461700E+000,2.9526918E-004
4.6481700E+000,2.9701451E-004
4.6501700E+000,2.9365276E-004
4.6521700E+000,2.8528056E-004
4.6541700E+000,2.7207273E-004
4.6561700E+000,2.5427564E-004
4.6581700E+000,2.3220092E-004
4.6601700E+000,2.0621976E-004
4.6621700E+000,1.7675730E-004
4.6641700E+000,1.4428682E-004
4.6661700E+000,1.0932457E-004
4.6681700E+000,7.2421916E-005
4.6701700E+000,3.4161961E-005
4.6721700E+000,-4.8432668E-006
4.6741700E+000,-4.3959274E-005
4.6761700E+000,-8.2532994E-005
4.6781700E+000,-1.1989752E-004
4.6801700E+000,-1.5537876E-004
4.6821700E+000,-1.8830510E-004
4.6841700E+000,-2.1802081E-004
4.6861700E+000,-2.4390015E-004
4.6881700E+000,-2.6536318E-004
4.6901700E+000,-2.8189555E-004
4.6921700E+000,-2.9306897E-004
4.6941700E+000,-2.9855714E-004
4.6961700E+000,-2.9814905E-004
4.6981700E+000,-2.9176584E-004
4.7001700E+000,-2.7947690E-004
4.7021700E+000,-2.6150657E-004
4.7041700E+000,-2.3823142E-004
4.7061700E+000,-2.1017420E-004
4.7081700E+000,-1.7799740E-004
4.7101700E+000,-1.4249247E-004
4.7121700E+000,-1.0456233E-004
4.7141700E+000,-6.5197845E-005
4.7161700E+000,-2.5449175E-005
4.7181700E+000,1.3603047E-005
4.7201700E+000,5.0883831E-005
4.7221700E+000,8.5360369E-005
4.7241700E+000,1.1607807E-004
4.7261700E+000,1.4219571E-004
4.7281700E+000,1.6301684E-004
4.7301700E+000,1.7801692E-004
4.7321700E+000,1.8686439E-004
4.7341700E+000,1.8943319E-004
4.7361700E+000,1.8580532E-004
4.7381700E+000,1.7626445E-004
4.7401700E+000,1.6127892E-004
4.7421700E+000,1.4147485E-004
4.7441700E+000,1.1760277E-004
4.7461700E+000,9.0497596E-005
4.7481700E+000,6.1037805E-005
4.7501700E+000,3.0104173E-005
4.7521700E+000,-1.4593801E-006
4.7541700E+000,-3.2878625E-005
4.7561700E+000,-6.3474799E-005
4.7581700E+000,-9.2684663E-005
4.7601700E+000,-1.2006498E-004
4.7621700E+000,-1.4529281E-004
4.7641700E+000,-1.6815775E-004
4.7661700E+000,-1.8854596E-004
4.7681700E+000,-2.0641995E-004
4.7701700E+000,-2.2179629E-004
4.7721700E+000,-2.3472256E-004
4.7741700E+000,-2.4525403E-004
4.7761700E+000,-2.5343356E-004
4.7781700E+000,-2.5927641E-004
4.7801700E+000,-2.6276113E-004
4.7821700E+000,-2.6382677E-004
4.7841700E+000,-2.6237438E-004
4.7861700E+000,-2.5827279E-004
4.7881700E+000,-2.5137018E-004
4.7901700E+000,-2.4151304E-004
4.7921700E+000,-2.2856798E-004
4.7941700E+000,-2.1244174E-004
4.7961700E+000,-1.9310033E-004
4.7981700E+000,-1.7058941E-004
4.8001700E+000,-1.4505046E-004
4.8021700E+000,-1.1672957E-004
4.8041700E+000,-8.5978824E-005
4.8061700E+000,-5.3252543E-005
4.8081700E+000,-1.9101028E-005
4.8101700E+000,1.5843691E-005
4.8121700E+000,5.0887031E-005
4.8141700E+000,8.5291977E-005
4.8161700E+000,1.1829987E-004
4.8181700E+000,1.4915127E-004
4.8201700E+000,1.7710610E-004
4.8221700E+000,2.0146151E-004
4.8241700E+000,2.2156798E-004
4.8261700E+000,2.3684361E-004
4.8281700E+000,2.4678596E-004
4.8301700E+000,2.5098300E-004
4.8321700E+000,2.4912418E-004
4.8341700E+000,2.4101225E-004
4.8361700E+000,2.2657601E-004
4.8381700E+000,2.0588388E-004
4.8401700E+000,1.7915796E-004
4.8421700E+000,1.4678652E-004
4.8441700E+000,1.0933338E-004
4.8461700E+000,6.7541930E-005
4.8481700E+000,2.2331404E-005
4.8501700E+000,-2.5215637E-005
4.8521700E+000,-7.3881270E-005
4.8541700E+000,-1.2234698E-004
4.8561700E+000,-1.6923753E-004
4.8581700E+000,-2.1317926E-004
4.8601700E+000,-2.5286141E-004
4.8621700E+000,-2.8709927E-004
4.8641700E+000,-3.1489575E-004
4.8661700E+000,-3.3549406E-004
4.8681700E+000,-3.4841902E-004
4.8701700E+000,-3.5350440E-004
4.8721700E+000,-3.5090568E-004
4.8741700E+000,-3.4109649E-004
4.8761700E+000,-3.2484261E-004
4.8781700E+000,-3.0315910E-004
4.8801700E+000,-2.7725789E-004
4.8821700E+000,-2.4848060E-004
4.8841700E+000,-2.1822549E-004
4.8861700E+000,-1.8787755E-004
4.8881700E+000,-1.5874085E-004
4.8901700E+000,-1.3197222E-004
4.8921700E+000,-1.0852296E-004
4.8941700E+000,-8.9098278E-005
4.8961700E+000,-7.4132170E-005
4.8981700E+000,-6.3780546E-005
4.9001700E+000,-5.7927933E-005
4.9021700E+000,-5.6208979E-005
4.9041700E+000,-5.8042408E-005
4.9061700E+000,-6.2674280E-005
4.9081700E+000,-6.9229106E-005
4.9101700E+000,-7.6765328E-005
4.9121700E+000,-8.4332121E-005
4.9141700E+000,-9.1024560E-005
4.9161700E+000,-9.6033947E-005
4.9181700E+000,-9.8690610E-005
4.9201700E+000,-9.8496711E-005
4.9221700E+000,-9.5147429E-005
4.9241700E+000,-8.8539902E-005
4.9261700E+000,-7.8770072E-005
4.9281700E+000,-6.6118557E-005
4.9301700E+000,-5.1026069E-005
4.9321700E+000,-3.4061695E-005
4.9341700E+000,-1.5885719E-005
4.9361700E+000,2.7905974E-006
4.9381700E+000,2.1244296E-005
4.9401700E+000,3.8777773E-005
4.9421700E+000,5.4753303E-005
4.9441700E+000,6.8622489E-005
4.9461700E+000,7.9948640E-005
4.9481700E+000,8.8423069E-005
4.9501700E+000,9.3875198E-005
4.9521700E+000,9.6275846E-005
4.9541700E+000,9.5733886E-005
4.9561700E+000,9.2486450E-005
4.9581700E+000,8.6883024E-005
4.9601700E+000,7.9363965E-005
4.9621700E+000,7.0434201E-005
4.9641700E+000,6.0633266E-005
4.9661700E+000,5.0502977E-005
4.9681700E+000,4.0554208E-005
4.9701700E+000,3.1234486E-005
4.9721700E+000,2.2898503E-005
4.9741700E+000,1.5783549E-005
4.9761700E+000,9.9918044E-006
4.9781700E+000,5.4812116E-006
4.9801700E+000,2.0661832E-006
4.9821700E+000,-5.7113998E-007
4.9841700E+000,-2.8590512E-006
4.9861700E+000,-5.3046411E-006
4.9881700E+000,-8.4540687E-006
4.9901700E+000,-1.2847419E-005
4.9921700E+000,-1.8971545E-005
4.9941700E+000,-2.7214601E-005
4.9961700E+000,-3.7826124E-005
4.9981700E+000,-5.0885947E-005
5.0001700E+000,-6.6285510E-005
5.0021700E+000,-8.3723315E-005
5.0041700E+000,-1.0271448E-004
5.0061700E+000,-1.2261667E-004
5.0081700E+000,-1.4266680E-004
5.0101700E+000,-1.6202824E-004
5.0121700E+000,-1.7984526E-004
5.0141700E+000,-1.9529822E-004
5.0161700E+000,-2.0765683E-004
5.0181700E+000,-2.1632802E-004
5.0201700E+000,-2.2089177E-004
5.0221700E+000,-2.2112497E-004
5.0241700E+000,-2.1701250E-004
5.0261700E+000,-2.0874348E-004
5.0281700E+000,-1.9669335E-004
5.0301700E+000,-1.8139428E-004
5.0321700E+000,-1.6349561E-004
5.0341700E+000,-1.4371904E-004
5.0361700E+000,-1.2281512E-004
5.0381700E+000,-1.0152225E-004
5.0401700E+000,-8.0528469E-005
5.0421700E+000,-6.0439325E-005
5.0441700E+000,-4.1754090E-005
5.0461700E+000,-2.4852149E-005
5.0481700E+000,-9.9882560E-006
5.0501700E+000,2.7046729E-006
5.0521700E+000,1.3206385E-005
5.0541700E+000,2.1594840E-005
5.0561700E+000,2.8027643E-005
5.0581700E+000,3.2721440E-005
5.0601700E+000,3.5930783E-005
5.0621700E+000,3.7927182E-005
5.0641700E+000,3.8979761E-005
5.0661700E+000,3.9339073E-005
5.0681700E+000,3.9225151E-005
5.0701700E+000,3.8819785E-005
5.0721700E+000,3.8263910E-005
5.0741700E+000,3.7659289E-005
5.0761700E+000,3.7073975E-005
5.0781700E+000,3.6550532E-005
5.0801700E+000,3.6115470E-005
5.0821700E+000,3.5788356E-005
5.0841700E+000,3.5589109E-005
5.0861700E+000,3.5542268E-005
5.0881700E+000,3.5677483E-005
5.0901700E+000,3.6026055E-005
5.0921700E+000,3.6613918E-005
5.0941700E+000,3.7452000E-005
5.0961700E+000,3.8525362E-005
5.0981700E+000,3.9782827E-005
5.1001700E+000,4.1128961E-005
5.1021700E+000,4.2420155E-005
5.1041700E+000,4.3466223E-005
5.1061700E+000,4.4038285E-005
5.1081700E+000,4.3883227E-005
5.1101700E+000,4.2744365E-005
5.1121700E+000,4.0386783E-005
5.1141700E+000,3.6625272E-005
5.1161700E+000,3.1352206E-005
5.1181700E+000,2.4562219E-005
5.1201700E+000,1.6370599E-005
5.1221700E+000,7.0229092E-006
5.1241700E+000,-3.1061876E-006
5.1261700E+000,-1.3525883E-005
5.1281700E+000,-2.3653472E-005
5.1301700E+000,-3.2848292E-005
5.1321700E+000,-4.0452746E-005
5.1341700E+000,-4.5837033E-005
5.1361700E+000,-4.8443742E-005
5.1381700E+000,-4.7828533E-005
5.1401700E+000,-4.3693153E-005
5.1421700E+000,-3.5908675E-005
5.1441700E+000,-2.4527325E-005
5.1461700E+000,-9.7811900E-006
5.1481700E+000,7.9309844E-006
5.1501700E+000,2.8067830E-005
5.1521700E+000,4.9976433E-005
5.1541700E+000,7.2931711E-005
5.1561700E+000,9.6176692E-005
5.1581700E+000,1.1896244E-004
5.1601700E+000,1.4058494E-004
5.1621700E+000,1.6041586E-004
5.1641700E+000,1.7792467E-004
5.1661700E+000,1.9269237E-004
5.1681700E+000,2.0441663E-004
5.1701700E+000,2.1290714E-004
5.1721700E+000,2.1807412E-004
5.1741700E+000,2.1991357E-004
5.1761700E+000,2.1849116E-004
5.1781700E+000,2.1392572E-004
5.1801700E+000,2.0637341E-004
5.1821700E+000,1.9601395E-004
5.1841700E+000,1.8304097E-004
5.1861700E+000,1.6765706E-004
5.1881700E+000,1.5007186E-004
5.1901700E+000,1.3050315E-004
5.1921700E+000,1.0917982E-004
5.1941700E+000,8.6345344E-005
5.1961700E+000,6.2262927E-005
5.1981700E+000,3.7221357E-005
5.2001700E+000,1.1535592E-005
5.2021700E+000,-1.4451845E-005
5.2041700E+000,-4.0370184E-005
5.2061700E+000,-6.5823647E-005
5.2081700E+000,-9.0394286E-005
5.2101700E+000,-1.1364720E-004
5.2121700E+000,-1.3513643E-004
5.2141700E+000,-1.5441166E-004
5.2161700E+000,-1.7102596E-004
5.2181700E+000,-1.8454303E-004
5.2201700E+000,-1.9454668E-004
5.2221700E+000,-2.0065372E-004
5.2241700E+000,-2.0252887E-004
5.2261700E+000,-1.9989934E-004
5.2281700E+000,-1.9256909E-004
5.2301700E+000,-1.8043470E-004
5.2321700E+000,-1.6350155E-004
5.2341700E+000,-1.4189784E-004
5.2361700E+000,-1.1588838E-004
5.2381700E+000,-8.5883135E-005
5.2401700E+000,-5.2436006E-005
5.2421700E+000,-1.6236633E-005
5.2441700E+000,2.1902803E-005
5.2461700E+000,6.1068760E-005
5.2481700E+000,1.0027133E-004
5.2501700E+000,1.3847798E-004
5.2521700E+000,1.7465015E-004
5.2541700E+000,2.0778102E-004
5.2561700E+000,2.3693350E-004
5.2581700E+000,2.6127689E-004
5.2601700E+000,2.8011981E-004
5.2621700E+000,2.9293898E-004
5.2641700E+000,2.9940210E-004
5.2661700E+000,2.9938335E-004
5.2681700E+000,2.9297112E-004
5.2701700E+000,2.8046823E-004
5.2721700E+000,2.6238485E-004
5.2741700E+000,2.3942334E-004
5.2761700E+000,2.1245382E-004
5.2781700E+000,1.8248114E-004
5.2801700E+000,1.5060444E-004
5.2821700E+000,1.1797177E-004
5.2841700E+000,8.5732327E-005
5.2861700E+000,5.4988875E-005
5.2881700E+000,2.6747781E-005
5.2901700E+000,1.8810471E-006
5.2921700E+000,-1.8912802E-005
5.2941700E+000,-3.5139252E-005
5.2961700E+000,-4.6526232E-005
5.2981700E+000,-5.3032484E-005
5.3001700E+000,-5.4843228E-005
5.3021700E+000,-5.2354620E-005
5.3041700E+000,-4.6146806E-005
5.3061700E+000,-3.6946734E-005
5.3081700E+000,-2.5584922E-005
5.3101700E+000,-1.2947870E-005
5.3121700E+000,7.1591684E-008
5.3141700E+000,1.2622171E-005
5.3161700E+000,2.3937449E-005
5.3181700E+000,3.3371511E-005
5.3201700E+000,4.0425926E-005
5.3221700E+000,4.4766334E-005
5.3241700E+000,4.6227826E-005
5.3261700E+000,4.4811300E-005
5.3281700E+000,4.0671623E-005
5.3301700E+000,3.4097116E-005
5.3321700E+000,2.5483157E-005
5.3341700E+000,1.5303415E-005
5.3361700E+000,4.0800427E-006
5.3381700E+000,-7.6451336E-006
5.3401700E+000,-1.9336227E-005
5.3421700E+000,-3.0482218E-005
5.3441700E+000,-4.0613056E-005
5.3461700E+000,-4.9312880E-005
5.3481700E+000,-5.6228292E-005
5.3501700E+000,-6.1072958E-005
5.3521700E+000,-6.3630309E-005
5.3541700E+000,-6.3754254E-005
5.3561700E+000,-6.1369178E-005
5.3581700E+000,-5.6470953E-005
5.3601700E+000,-4.9127450E-005
5.3621700E+000,-3.9479745E-005
5.3641700E+000,-2.7742327E-005
5.3661700E+000,-1.4199881E-005
5.3681700E+000,7.9955380E-007
5.3701700E+000,1.6854007E-005
5.3721700E+000,3.3520825E-005
5.3741700E+000,5.0333822E-005
5.3761700E+000,6.6824045E-005
5.3781700E+000,8.2542695E-005
5.3801700E+000,9.7084884E-005
5.3821700E+000,1.1011095E-004
5.3841700E+000,1.2136641E-004
5.3861700E+000,1.3069744E-004
5.3881700E+000,1.3806113E-004
5.3901700E+000,1.4352990E-004
5.3921700E+000,1.4728920E-004
5.3941700E+000,1.4962824E-004
5.3961700E+000,1.5092380E-004
5.3981700E+000,1.5161737E-004
5.4001700E+000,1.5218739E-004
5.4021700E+000,1.5311733E-004
5.4041700E+000,1.5486171E-004
5.4061700E+000,1.5781239E-004
5.4081700E+000,1.6226739E-004
5.4101700E+000,1.6840448E-004
5.4121700E+000,1.7626147E-004
5.4141700E+000,1.8572497E-004
5.4161700E+000,1.9652830E-004
5.4181700E+000,2.0825903E-004
5.4201700E+000,2.2037628E-004
5.4221700E+000,2.3223720E-004
5.4241700E+000,2.4313138E-004
5.4261700E+000,2.5232041E-004
5.4281700E+000,2.5907962E-004
5.4301700E+000,2.6273935E-004
5.4321700E+000,2.6272411E-004
5.4341700E+000,2.5858734E-004
5.4361700E+000,2.5003853E-004
5.4381700E+000,2.3696092E-004
5.4401700E+000,2.1941773E-004
5.4421700E+000,1.9764887E-004
5.4441700E+000,1.7205826E-004
5.4461700E+000,1.4319382E-004
5.4481700E+000,1.1172214E-004
5.4501700E+000,7.8397550E-005
5.4521700E+000,4.4033148E-005
5.4541700E+000,9.4716283E-006
5.4561700E+000,-2.4445041E-005
5.4581700E+000,-5.6903110E-005
5.4601700E+000,-8.7140318E-005
5.4621700E+000,-1.1446554E-004
5.4641700E+000,-1.3827871E-004
5.4661700E+000,-1.5808971E-004
5.4681700E+000,-1.7352981E-004
5.4701700E+000,-1.8435656E-004
5.4721700E+000,-1.9045718E-004
5.4741700E+000,-1.9185106E-004
5.4761700E+000,-1.8868761E-004
5.4781700E+000,-1.8123585E-004
5.4801700E+000,-1.6986873E-004
5.4821700E+000,-1.5504558E-004
5.4841700E+000,-1.3729147E-004
5.4861700E+000,-1.1717313E-004
5.4881700E+000,-9.5274253E-005
5.4901700E+000,-7.2172646E-005
5.4921700E+000,-4.8421283E-005
5.4941700E+000,-2.4532805E-005
5.4961700E+000,-9.7179851E-007
5.4981700E+000,2.1850260E-005
5.5001700E+000,4.3572626E-005
5.5021700E+000,6.3877888E-005
5.5041700E+000,8.2482162E-005
5.5061700E+000,9.9123172E-005
5.5081700E+000,1.1354924E-004
5.5101700E+000,1.2551100E-004
5.5121700E+000,1.3475768E-004
5.5141700E+000,1.4103915E-004
5.5161700E+000,1.4411425E-004
5.5181700E+000,1.4376547E-004
5.5201700E+000,1.3981865E-004
5.5221700E+000,1.3216456E-004
5.5241700E+000,1.2078135E-004
5.5261700E+000,1.0575474E-004
5.5281700E+000,8.7293398E-005
5.5301700E+000,6.5736786E-005
5.5321700E+000,4.1553819E-005
5.5341700E+000,1.5331448E-005
5.5361700E+000,-1.2245775E-005
5.5381700E+000,-4.0427091E-005
5.5401700E+000,-6.8431230E-005
5.5421700E+000,-9.5483339E-005
5.5441700E+000,-1.2085728E-004
5.5461700E+000,-1.4391352E-004
5.5481700E+000,-1.6413039E-004
5.5501700E+000,-1.8112499E-004
5.5521700E+000,-1.9466295E-004
5.5541700E+000,-2.0465926E-004
5.5561700E+000,-2.1116804E-004
5.5581700E+000,-2.1436032E-004
5.5601700E+000,-2.1449215E-004
5.5621700E+000,-2.1186751E-004
5.5641700E+000,-2.0680114E-004
5.5661700E+000,-1.9958559E-004
5.5681700E+000,-1.9046592E-004
5.5701700E+000,-1.7962255E-004
5.5721700E+000,-1.6716373E-004
5.5741700E+000,-1.5312915E-004
5.5761700E+000,-1.3750393E-004
5.5781700E+000,-1.2024121E-004
5.5801700E+000,-1.0129102E-004
5.5821700E+000,-8.0632862E-005
5.5841700E+000,-5.8306155E-005
5.5861700E+000,-3.4436282E-005
5.5881700E+000,-9.2554787E-006
5.5901700E+000,1.6886876E-005
5.5921700E+000,4.3525668E-005
5.5941700E+000,7.0093797E-005
5.5961700E+000,9.5946502E-005
5.5981700E+000,1.2039478E-004
5.6001700E+000,1.4274462E-004
5.6021700E+000,1.6233901E-004
5.6041700E+000,1.7859876E-004
5.6061700E+000,1.9105780E-004
5.6081700E+000,1.9938996E-004
5.6101700E+000,2.0342531E-004
5.6121700E+000,2.0315497E-004
5.6141700E+000,1.9872397E-004
5.6161700E+000,1.9041347E-004
5.6181700E+000,1.7861412E-004
5.6201700E+000,1.6379372E-004
5.6221700E+000,1.4646247E-004
5.6241700E+000,1.2713866E-004
5.6261700E+000,1.0631794E-004
5.6281700E+000,8.4448501E-005
5.6301700E+000,6.1914065E-005
5.6321700E+000,3.9025696E-005
5.6341700E+000,1.6022710E-005
5.6361700E+000,-6.9208171E-006
5.6381700E+000,-2.9678732E-005
5.6401700E+000,-5.2153091E-005
5.6421700E+000,-7.4254498E-005
5.6441700E+000,-9.5878966E-005
5.6461700E+000,-1.1688963E-004
5.6481700E+000,-1.3710267E-004
5.6501700E+000,-1.5628049E-004
5.6521700E+000,-1.7413141E-004
5.6541700E+000,-1.9031499E-004
5.6561700E+000,-2.0445481E-004
5.6581700E+000,-2.1615921E-004
5.6601700E+000,-2.2504507E-004
5.6621700E+000,-2.3076199E-004
5.6641700E+000,-2.3301684E-004
5.6661700E+000,-2.3159664E-004
5.6681700E+000,-2.2638640E-004
5.6701700E+000,-2.1738348E-004
5.6721700E+000,-2.0471043E-004
5.6741700E+000,-1.8861853E-004
5.6761700E+000,-1.6947891E-004
5.6781700E+000,-1.4776805E-004
5.6801700E+000,-1.2405319E-004
5.6821700E+000,-9.8976106E-005
5.6841700E+000,-7.3231041E-005
5.6861700E+000,-4.7539003E-005
5.6881700E+000,-2.2616190E-005
5.6901700E+000,8.5397278E-007
5.6921700E+000,2.2247361E-005
5.6941700E+000,4.1021971E-005
5.6961700E+000,5.6736420E-005
5.6981700E+000,6.9064520E-005
5.7001700E+000,7.7804666E-005
5.7021700E+000,8.2883936E-005
5.7041700E+000,8.4356830E-005
5.7061700E+000,8.2399026E-005
5.7081700E+000,7.7296722E-005
5.7101700E+000,6.9431886E-005
5.7121700E+000,5.9263763E-005
5.7141700E+000,4.7308205E-005
5.7161700E+000,3.4115778E-005
5.7181700E+000,2.0249064E-005
5.7201700E+000,6.2608632E-006
5.7221700E+000,-7.3259353E-006
5.7241700E+000,-2.0035760E-005
5.7261700E+000,-3.1454399E-005
5.7281700E+000,-4.1239127E-005
5.7301700E+000,-4.9124944E-005
5.7321700E+000,-5.4927672E-005
5.7341700E+000,-5.8542406E-005
5.7361700E+000,-5.9940484E-005
5.7381700E+000,-5.9164412E-005
5.7401700E+000,-5.6320705E-005
5.7421700E+000,-5.1572088E-005
5.7441700E+000,-4.5129872E-005
5.7461700E+000,-3.7246303E-005
5.7481700E+000,-2.8207123E-005
5.7501700E+000,-1.8325327E-005
5.7521700E+000,-7.9360605E-006
5.7541700E+000,2.6086254E-006
5.7561700E+000,1.2944028E-005
5.7581700E+000,2.2697823E-005
5.7601700E+000,3.1496249E-005
5.7621700E+000,3.8971883E-005
5.7641700E+000,4.4773708E-005
5.7661700E+000,4.8579464E-005
5.7681700E+000,5.0110718E-005
5.7701700E+000,4.9147857E-005
5.7721700E+000,4.5545789E-005
5.7741700E+000,3.9247978E-005
5.7761700E+000,3.0296550E-005
5.7781700E+000,1.8837648E-005
5.7801700E+000,5.1206648E-006
5.7821700E+000,-1.0508988E-005
5.7841700E+000,-2.7624679E-005
5.7861700E+000,-4.5736171E-005
5.7881700E+000,-6.4312750E-005
5.7901700E+000,-8.2810342E-005
5.7921700E+000,-1.0069685E-004
5.7941700E+000,-1.1747566E-004
5.7961700E+000,-1.3270761E-004
5.7981700E+000,-1.4602727E-004
5.8001700E+000,-1.5715491E-004
5.8021700E+000,-1.6590379E-004
5.8041700E+000,-1.7218212E-004
5.8061700E+000,-1.7598854E-004
5.8081700E+000,-1.7740431E-004
5.8101700E+000,-1.7658413E-004
5.8121700E+000,-1.7374679E-004
5.8141700E+000,-1.6916452E-004
5.8161700E+000,-1.6314982E-004
5.8181700E+000,-1.5604027E-004
5.8201700E+000,-1.4818358E-004
5.8221700E+000,-1.3992337E-004
5.8241700E+000,-1.3158449E-004
5.8261700E+000,-1.2345798E-004
5.8281700E+000,-1.1578635E-004
5.8301700E+000,-1.0874948E-004
5.8321700E+000,-1.0245370E-004
5.8341700E+000,-9.6922980E-005
5.8361700E+000,-9.2094267E-005
5.8381700E+000,-8.7819485E-005
5.8401700E+000,-8.3874557E-005
5.8421700E+000,-7.9975170E-005
5.8441700E+000,-7.5798554E-005
5.8461700E+000,-7.1010040E-005
5.8481700E+000,-6.5292323E-005
5.8501700E+000,-5.8375092E-005
5.8521700E+000,-5.0062533E-005
5.8541700E+000,-4.0256134E-005
5.8561700E+000,-2.8970899E-005
5.8581700E+000,-1.6343590E-005
5.8601700E+000,-2.6324207E-006
5.8621700E+000,1.1791808E-005
5.8641700E+000,2.6462542E-005
5.8661700E+000,4.0841084E-005
5.8681700E+000,5.4345433E-005
5.8701700E+000,6.6382422E-005
5.8721700E+000,7.6380949E-005
5.8741700E+000,8.3824344E-005
5.8761700E+000,8.8280155E-005
5.8781700E+000,8.9425866E-005
5.8801700E+000,8.7069374E-005
5.8821700E+000,8.1163229E-005
5.8841700E+000,7.1812482E-005
5.8861700E+000,5.9275641E-005
5.8881700E+000,4.3958851E-005
5.8901700E+000,2.6404326E-005
5.8921700E+000,7.2723764E-006
5.8941700E+000,-1.2681775E-005
5.8961700E+000,-3.2635873E-005
5.8981700E+000,-5.1734945E-005
5.9001700E+000,-6.9126701E-005
5.9021700E+000,-8.3998073E-005
5.9041700E+000,-9.5615828E-005
5.9061700E+000,-1.0336322E-004
5.9081700E+000,-1.0677334E-004
5.9101700E+000,-1.0555623E-004
5.9121700E+000,-9.9617785E-005
5.9141700E+000,-8.9068045E-005
5.9161700E+000,-7.4218157E-005
5.9181700E+000,-5.5565141E-005
5.9201700E+000,-3.3766258E-005
5.9221700E+000,-9.6051285E-006
5.9241700E+000,1.6049585E-005
5.9261700E+000,4.2287298E-005
5.9281700E+000,6.8199133E-005
5.9301700E+000,9.2918032E-005
5.9321700E+000,1.1565204E-004
5.9341700E+000,1.3571099E-004
5.9361700E+000,1.5252479E-004
5.9381700E+000,1.6565200E-004
5.9401700E+000,1.7478201E-004
5.9421700E+000,1.7973164E-004
5.9441700E+000,1.8043644E-004
5.9461700E+000,1.7694006E-004
5.9481700E+000,1.6938345E-004
5.9501700E+000,1.5799498E-004
5.9521700E+000,1.4308257E-004
5.9541700E+000,1.2502872E-004
5.9561700E+000,1.0428650E-004
5.9581700E+000,8.1375135E-005
5.9601700E+000,5.6874759E-005
5.9621700E+000,3.1417430E-005
5.9641700E+000,5.6746819E-006
5.9661700E+000,-1.9656602E-005
5.9681700E+000,-4.3877507E-005
5.9701700E+000,-6.6313671E-005
5.9721700E+000,-8.6344258E-005
5.9741700E+000,-1.0343061E-004
5.9761700E+000,-1.1714352E-004
5.9781700E+000,-1.2718722E-004
5.9801700E+000,-1.3341673E-004
5.9821700E+000,-1.3584520E-004
5.9841700E+000,-1.3464139E-004
5.9861700E+000,-1.3011908E-004
5.9881700E+000,-1.2271709E-004
5.9901700E+000,-1.1297007E-004
5.9921700E+000,-1.0147284E-004
5.9941700E+000,-8.8841138E-005
5.9961700E+000,-7.5673042E-005
5.9981700E+000,-6.2511864E-005
6.0001700E+000,-4.9813054E-005
6.0021700E+000,-3.7918489E-005
6.0041700E+000,-2.7041810E-005
6.0061700E+000,-1.7263069E-005
6.0081700E+000,-8.5344129E-006
6.0101700E+000,-6.9675648E-007
6.0121700E+000,6.4949426E-006
6.0141700E+000,1.3339213E-005
6.0161700E+000,2.0151978E-005
6.0181700E+000,2.7229885E-005
6.0201700E+000,3.4816148E-005
6.0221700E+000,4.3072042E-005
6.0241700E+000,5.2056376E-005
6.0261700E+000,6.1714688E-005
6.0281700E+000,7.1879203E-005
6.0301700E+000,8.2279129E-005
6.0321700E+000,9.2560073E-005
6.0341700E+000,1.0231085E-004
6.0361700E+000,1.1109514E-004
6.0381700E+000,1.1848523E-004
6.0401700E+000,1.2409502E-004
6.0421700E+000,1.2760975E-004
6.0441700E+000,1.2881027E-004
6.0461700E+000,1.2759009E-004
6.0481700E+000,1.2396422E-004
6.0501700E+000,1.1806966E-004
6.0521700E+000,1.1015781E-004
6.0541700E+000,1.0058016E-004
6.0561700E+000,8.9768333E-005
6.0581700E+000,7.8210054E-005
6.0601700E+000,6.6423125E-005
6.0621700E+000,5.4928750E-005
6.0641700E+000,4.4226055E-005
6.0661700E+000,3.4769124E-005
6.0681700E+000,2.6946723E-005
6.0701700E+000,2.1066328E-005
6.0721700E+000,1.7342797E-005
6.0741700E+000,1.5889525E-005
6.0761700E+000,1.6715108E-005
6.0781700E+000,1.9725002E-005
6.0801700E+000,2.4726335E-005
6.0821700E+000,3.1436944E-005
6.0841700E+000,3.9497853E-005
6.0861700E+000,4.8488574E-005
6.0881700E+000,5.7944328E-005
6.0901700E+000,6.7373325E-005
6.0921700E+000,7.6275725E-005
6.0941700E+000,8.4161225E-005
6.0961700E+000,9.0566124E-005
6.0981700E+000,9.5069155E-005
6.1001700E+000,9.7305913E-005
6.1021700E+000,9.6982162E-005
6.1041700E+000,9.3886034E-005
6.1061700E+000,8.7898537E-005
6.1081700E+000,7.9002463E-005
6.1101700E+000,6.7288717E-005
6.1121700E+000,5.2959889E-005
6.1141700E+000,3.6328892E-005
6.1161700E+000,1.7813767E-005
6.1181700E+000,-2.0706690E-006
6.1201700E+000,-2.2729358E-005
6.1221700E+000,-4.3508484E-005
6.1241700E+000,-6.3720418E-005
6.1261700E+000,-8.2672499E-005
6.1281700E+000,-9.9696251E-005
6.1301700E+000,-1.1417942E-004
6.1321700E+000,-1.2559631E-004
6.1341700E+000,-1.3353536E-004
6.1361700E+000,-1.3772328E-004
6.1381700E+000,-1.3804028E-004
6.1401700E+000,-1.3452536E-004
6.1421700E+000,-1.2737514E-004
6.1441700E+000,-1.1693719E-004
6.1461700E+000,-1.0369415E-004
6.1481700E+000,-8.8236781E-005
6.1501700E+000,-7.1229772E-005
6.1521700E+000,-5.3374665E-005
6.1541700E+000,-3.5369461E-005
6.1561700E+000,-1.7869832E-005
6.1581700E+000,-1.4526351E-006
6.1601700E+000,1.3415619E-005
6.1621700E+000,2.6402766E-005
6.1641700E+000,3.7326398E-005
6.1661700E+000,4.6159675E-005
6.1681700E+000,5.3027303E-005
6.1701700E+000,5.8191313E-005
6.1721700E+000,6.2028078E-005
6.1741700E+000,6.4998620E-005
6.1761700E+000,6.7613593E-005
6.1781700E+000,7.0395397E-005
6.1801700E+000,7.3840390E-005
6.1821700E+000,7.8383610E-005
6.1841700E+000,8.4368186E-005
6.1861700E+000,9.2021414E-005
6.1881700E+000,1.0143884E-004
6.1901700E+000,1.1257687E-004
6.1921700E+000,1.2525390E-004
6.1941700E+000,1.3915926E-004
6.1961700E+000,1.5386892E-004
6.1981700E+000,1.6886655E-004
6.2001700E+000,1.8356823E-004
6.2021700E+000,1.9734954E-004
6.2041700E+000,2.0957373E-004
6.2061700E+000,2.1961993E-004
6.2081700E+000,2.2691066E-004
6.2101700E+000,2.3093770E-004
6.2121700E+000,2.3128531E-004
6.2141700E+000,2.2765204E-004
6.2161700E+000,2.1986970E-004
6.2181700E+000,2.0791600E-004
6.2201700E+000,1.9192248E-004
6.2221700E+000,1.7217715E-004
6.2241700E+000,1.4912121E-004
6.2261700E+000,1.2333928E-004
6.2281700E+000,9.5543238E-005
6.2301700E+000,6.6549866E-005
6.2321700E+000,3.7250184E-005
6.2341700E+000,8.5767933E-006
6.2361700E+000,-1.8532490E-005
6.2381700E+000,-4.3176970E-005
6.2401700E+000,-6.4533541E-005
6.2421700E+000,-8.1895963E-005
6.2441700E+000,-9.4710028E-005
6.2461700E+000,-1.0260099E-004
6.2481700E+000,-1.0539350E-004
6.2501700E+000,-1.0312479E-004
6.2521700E+000,-9.6045754E-005
6.2541700E+000,-8.4607899E-005
6.2561700E+000,-6.9440349E-005
6.2581700E+000,-5.1318678E-005
6.2601700E+000,-3.1124623E-005
6.2621700E+000,-9.8001166E-006
6.2641700E+000,1.1698746E-005
6.2661700E+000,3.2447008E-005
6.2681700E+000,5.1592695E-005
6.2701700E+000,6.8395688E-005
6.2721700E+000,8.2254407E-005
6.2741700E+000,9.2723384E-005
6.2761700E+000,9.9520783E-005
6.2781700E+000,1.0252600E-004
6.2801700E+000,1.0176858E-004
6.2821700E+000,9.7410142E-005
6.2841700E+000,8.9721207E-005
6.2861700E+000,7.9055211E-005
6.2881700E+000,6.5822855E-005
6.2901700E+000,5.0468459E-005
6.2921700E+000,3.3449750E-005
6.2941700E+000,1.5222271E-005
6.2961700E+000,-3.7722932E-006
6.2981700E+000,-2.3113064E-005
6.3001700E+000,-4.2400699E-005
6.3021700E+000,-6.1258498E-005
6.3041700E+000,-7.9331987E-005
6.3061700E+000,-9.6287362E-005
6.3081700E+000,-1.1180955E-004
6.3101700E+000,-1.2560338E-004
6.3121700E+000,-1.3739826E-004
6.3141700E+000,-1.4695053E-004
6.3161700E+000,-1.5404292E-004
6.3181700E+000,-1.5848739E-004
6.3201700E+000,-1.6013214E-004
6.3221700E+000,-1.5886760E-004
6.3241700E+000,-1.5462953E-004
6.3261700E+000,-1.4740190E-004
6.3281700E+000,-1.3722026E-004
6.3301700E+000,-1.2417436E-004
6.3321700E+000,-1.0840963E-004
6.3341700E+000,-9.0128763E-005
6.3361700E+000,-6.9593593E-005
6.3381700E+000,-4.7127888E-005
6.3401700E+000,-2.3116716E-005
6.3421700E+000,1.9941792E-006
6.3441700E+000,2.7701832E-005
6.3461700E+000,5.3450929E-005
6.3481700E+000,7.8641523E-005
6.3501700E+000,1.0264145E-004
6.3521700E+000,1.2480340E-004
6.3541700E+000,1.4448573E-004
6.3561700E+000,1.6107800E-004
6.3581700E+000,1.7402972E-004
6.3601700E+000,1.8288008E-004
6.3621700E+000,1.8728710E-004
6.3641700E+000,1.8705440E-004
6.3661700E+000,1.8215299E-004
6.3681700E+000,1.7273535E-004
6.3701700E+000,1.5914068E-004
6.3721700E+000,1.4188889E-004
6.3741700E+000,1.2166387E-004
6.3761700E+000,9.9286047E-005
6.3781700E+000,7.5674637E-005
6.3801700E+000,5.1802124E-005
6.3821700E+000,2.8643777E-005
6.3841700E+000,7.1221951E-006
6.3861700E+000,-1.1942259E-005
6.3881700E+000,-2.7877905E-005
6.3901700E+000,-4.0202581E-005
6.3921700E+000,-4.8650733E-005
6.3941700E+000,-5.3188327E-005
6.3961700E+000,-5.4013005E-005
6.3981700E+000,-5.1540180E-005
6.4001700E+000,-4.6374808E-005
6.4021700E+000,-3.9270694E-005
6.4041700E+000,-3.1081628E-005
6.4061700E+000,-2.2706744E-005
6.4081700E+000,-1.5033635E-005
6.4101700E+000,-8.8836149E-006
6.4121700E+000,-4.9630399E-006
6.4141700E+000,-3.8237359E-006
6.4161700E+000,-5.8346317E-006
6.4181700E+000,-1.1166050E-005
6.4201700E+000,-1.9786274E-005
6.4221700E+000,-3.1470220E-005
6.4241700E+000,-4.5819929E-005
6.4261700E+000,-6.2294814E-005
6.4281700E+000,-8.0246209E-005
6.4301700E+000,-9.8958260E-005
6.4321700E+000,-1.1769035E-004
6.4341700E+000,-1.3571665E-004
6.4361700E+000,-1.5235973E-004
6.4381700E+000,-1.6701711E-004
6.4401700E+000,-1.7918466E-004
6.4421700E+000,-1.8847401E-004
6.4441700E+000,-1.9462081E-004
6.4461700E+000,-1.9748437E-004
6.4481700E+000,-1.9704061E-004
6.4501700E+000,-1.9337049E-004
6.4521700E+000,-1.8664604E-004
6.4541700E+000,-1.7711530E-004
6.4561700E+000,-1.6508645E-004
6.4581700E+000,-1.5091127E-004
6.4601700E+000,-1.3497075E-004
6.4621700E+000,-1.1766113E-004
6.4641700E+000,-9.9382210E-005
6.4661700E+000,-8.0527445E-005
6.4681700E+000,-6.1475395E-005
6.4701700E+000,-4.2583925E-005
6.4721700E+000,-2.4185472E-005
6.4741700E+000,-6.5852032E-006
6.4761700E+000,9.9401463E-006
6.4781700E+000,2.5142024E-005
6.4801700E+000,3.8798335E-005
6.4821700E+000,5.0710991E-005
6.4841700E+000,6.0703403E-005
6.4861700E+000,6.8618937E-005
6.4881700E+000,7.4321017E-005
6.4901700E+000,7.7695216E-005
6.4921700E+000,7.8653480E-005
6.4941700E+000,7.7140320E-005
6.4961700E+000,7.3141109E-005
6.4981700E+000,6.6691917E-005
6.5001700E+000,5.7890278E-005
6.5021700E+000,4.6905367E-005
6.5041700E+000,3.3986262E-005
6.5061700E+000,1.9466988E-005
6.5081700E+000,3.7668417E-006
6.5101700E+000,-1.2615134E-005
6.5121700E+000,-2.9112089E-005
6.5141700E+000,-4.5107779E-005
6.5161700E+000,-5.9962918E-005
6.5181700E+000,-7.3042424E-005
6.5201700E+000,-8.3748548E-005
6.5221700E+000,-9.1555786E-005
6.5241700E+000,-9.6042228E-005
6.5261700E+000,-9.6918683E-005
6.5281700E+000,-9.4051500E-005
6.5301700E+000,-8.7478198E-005
6.5321700E+000,-7.7414568E-005
6.5341700E+000,-6.4252094E-005
6.5361700E+000,-4.8544749E-005
6.5381700E+000,-3.0986427E-005
6.5401700E+000,-1.2380367E-005
6.5421700E+000,6.4001028E-006
6.5441700E+000,2.4455607E-005
6.5461700E+000,4.0908456E-005
6.5481700E+000,5.4950472E-005
6.5501700E+000,6.5887230E-005
6.5521700E+000,7.3176788E-005
6.5541700E+000,7.6459461E-005
6.5561700E+000,7.5575388E-005
6.5581700E+000,7.0569645E-005
6.5601700E+000,6.1684405E-005
6.5621700E+000,4.9337814E-005
6.5641700E+000,3.4091993E-005
6.5661700E+000,1.6612798E-005
6.5681700E+000,-2.3753348E-006
6.5701700E+000,-2.2136749E-005
6.5721700E+000,-4.1970316E-005
6.5741700E+000,-6.1246656E-005
6.5761700E+000,-7.9440074E-005
6.5781700E+000,-9.6150942E-005
6.5801700E+000,-1.1111420E-004
6.5821700E+000,-1.2419684E-004
6.5841700E+000,-1.3538595E-004
6.5861700E+000,-1.4476675E-004
6.5881700E+000,-1.5249487E-004
6.5901700E+000,-1.5876386E-004
6.5921700E+000,-1.6377155E-004
6.5941700E+000,-1.6769073E-004
6.5961700E+000,-1.7064479E-004
6.5981700E+000,-1.7269052E-004
6.6001700E+000,-1.7381052E-004
6.6021700E+000,-1.7391615E-004
6.6041700E+000,-1.7286046E-004
6.6061700E+000,-1.7045888E-004
6.6081700E+000,-1.6651710E-004
6.6101700E+000,-1.6086217E-004
6.6121700E+000,-1.5337178E-004
6.6141700E+000,-1.4400222E-004
6.6161700E+000,-1.3281458E-004
6.6181700E+000,-1.1999299E-004
6.6201700E+000,-1.0585255E-004
6.6221700E+000,-9.0835778E-005
6.6241700E+000,-7.5500913E-005
6.6261700E+000,-6.0502361E-005
6.6281700E+000,-4.6563725E-005
6.6301700E+000,-3.4446697E-005
6.6321700E+000,-2.4918842E-005
6.6341700E+000,-1.8723604E-005
6.6361700E+000,-1.6555900E-005
6.6381700E+000,-1.9045635E-005
6.6401700E+000,-2.6751010E-005
6.6421700E+000,-4.0162027E-005
6.6441700E+000,-5.9714806E-005
6.6461700E+000,-8.5815416E-005
6.6481700E+000,-1.1887165E-004
6.6501700E+000,-1.5933225E-004
6.6521700E+000,-2.0773031E-004
6.6541700E+000,-2.6471971E-004
6.6561700E+000,-3.3111136E-004
6.6581700E+000,-4.0789745E-004
6.6601700E+000,-4.9626169E-004
6.6621700E+000,-5.9756949E-004
6.6641700E+000,-7.1331686E-004
6.6661700E+000,-8.4505067E-004
6.6681700E+000,-9.9427438E-004
6.6701700E+000,-1.1623217E-003
6.6721700E+000,-1.3502165E-003
6.6741700E+000,-1.5585279E-003
6.6761700E+000,-1.7872494E-003
6.6781700E+000,-2.0357219E-003
6.6801700E+000,-2.3025623E-003
6.6821700E+000,-2.5856790E-003
6.6841700E+000,-2.8823688E-003
6.6861700E+000,-3.1894695E-003
6.6881700E+000,-3.5035789E-003
6.6901700E+000,-3.8212854E-003
6.6921700E+000,-4.1394001E-003
6.6941700E+000,-4.4551716E-003
6.6961700E+000,-4.7663994E-003
6.6981700E+000,-5.0714781E-003
6.7001700E+000,-5.3692859E-003
6.7021700E+000,-5.6589602E-003
6.7041700E+000,-5.9395975E-003
6.7061700E+000,-6.2099072E-003
6.7081700E+000,-6.4678202E-003
6.7101700E+000,-6.7101990E-003
6.7121700E+000,-6.9326570E-003
6.7141700E+000,-7.1295415E-003
6.7161700E+000,-7.2941670E-003
6.7181700E+000,-7.4192351E-003
6.7201700E+000,-7.4974922E-003
6.7221700E+000,-7.5225323E-003
6.7241700E+000,-7.4896382E-003
6.7261700E+000,-7.3965454E-003
6.7281700E+000,-7.2440297E-003
6.7301700E+000,-7.0361996E-003
6.7321700E+000,-6.7803711E-003
6.7341700E+000,-6.4865301E-003
6.7361700E+000,-6.1664132E-003
6.7381700E+000,-5.8322363E-003
6.7401700E+000,-5.4952387E-003
6.7421700E+000,-5.1643090E-003
6.7441700E+000,-4.8449083E-003
6.7461700E+000,-4.5385023E-003
6.7481700E+000,-4.2426107E-003
6.7501700E+000,-3.9514831E-003
6.7521700E+000,-3.6574167E-003
6.7541700E+000,-3.3525894E-003
6.7561700E+000,-3.0310287E-003
6.7581700E+000,-2.6904454E-003
6.7601700E+000,-2.3335533E-003
6.7621700E+000,-1.9685581E-003
6.7641700E+000,-1.6086799E-003
6.7661700E+000,-1.2705133E-003
6.7681700E+000,-9.7143603E-004
6.7701700E+000,-7.2644829E-004
6.7721700E+000,-5.4461877E-004
6.7741700E+000,-4.2596223E-004
6.7761700E+000,-3.5933864E-004
6.7781700E+000,-3.2169626E-004
6.7801700E+000,-2.7900062E-004
6.7821700E+000,-1.8907182E-004
6.7841700E+000,-6.0232684E-006
6.7861700E+000,3.1422233E-004
6.7881700E+000,8.0790740E-004
6.7901700E+000,1.4977193E-003
6.7921700E+000,2.3885462E-003
6.7941700E+000,3.4650773E-003
6.7961700E+000,4.6917336E-003
6.7981700E+000,6.0155950E-003
6.8001700E+000,7.3716723E-003
6.8021700E+000,8.6901760E-003
6.8041700E+000,9.9053025E-003
6.8061700E+000,1.0964449E-002
6.8081700E+000,1.1836213E-002
6.8101700E+000,1.2516046E-002
6.8121700E+000,1.3029433E-002
6.8141700E+000,1.3431714E-002
6.8161700E+000,1.3803255E-002
6.8181700E+000,1.4240939E-002
6.8201700E+000,1.4846605E-002
6.8221700E+000,1.5714549E-002
6.8241700E+000,1.6918795E-002
6.8261700E+000,1.8501679E-002
6.8281700E+000,2.0465157E-002
6.8301700E+000,2.2765787E-002
6.8321700E+000,2.5315237E-002
6.8341700E+000,2.7985163E-002
6.8361700E+000,3.0616753E-002
6.8381700E+000,3.3034104E-002
6.8401700E+000,3.5059346E-002
6.8421700E+000,3.6527781E-002
6.8441700E+000,3.7305229E-002
6.8461700E+000,3.7300235E-002
6.8481700E+000,3.6472696E-002
6.8501700E+000,3.4839727E-002
6.8521700E+000,3.2477956E-002
6.8541700E+000,2.9520047E-002
6.8561700E+000,2.6144617E-002
6.8581700E+000,2.2562586E-002
6.8601700E+000,1.9001458E-002
6.8621700E+000,1.5688123E-002
6.8641700E+000,1.2828704E-002
6.8661700E+000,1.0590205E-002
6.8681700E+000,9.0868458E-003
6.8701700E+000,8.3698044E-003
6.8721700E+000,8.4247373E-003
6.8741700E+000,9.1757815E-003
6.8761700E+000,1.0494378E-002
6.8781700E+000,1.2211179E-002
6.8801700E+000,1.4130804E-002
6.8821700E+000,1.6048000E-002
6.8841700E+000,1.7762822E-002
6.8861700E+000,1.9093303E-002
6.8881700E+000,1.9883880E-002
6.8901700E+000,2.0010343E-002
6.8921700E+000,1.9381463E-002
6.8941700E+000,1.7938230E-002
6.8961700E+000,1.5652293E-002
6.8981700E+000,1.2523693E-002
6.9001700E+000,8.5782297E-003
6.9021700E+000,3.8648892E-003
6.9041700E+000,-1.5431436E-003
6.9061700E+000,-7.5628158E-003
6.9081700E+000,-1.4106664E-002
6.9101700E+000,-2.1060412E-002
6.9121700E+000,-2.8275316E-002
6.9141700E+000,-3.5597155E-002
6.9161700E+000,-4.2884491E-002
6.9181700E+000,-4.9968325E-002
6.9201700E+000,-5.6655681E-002
6.9221700E+000,-6.2766962E-002
6.9241700E+000,-6.8129647E-002
6.9261700E+000,-7.2570242E-002
6.9281700E+000,-7.5937076E-002
6.9301700E+000,-7.8121871E-002
6.9321700E+000,-7.9064319E-002
6.9341700E+000,-7.8749479E-002
6.9361700E+000,-7.7208694E-002
6.9381700E+000,-7.4526908E-002
6.9401700E+000,-7.0852988E-002
6.9421700E+000,-6.6396338E-002
6.9441700E+000,-6.1404866E-002
6.9461700E+000,-5.6141216E-002
6.9481700E+000,-5.0857943E-002
6.9501700E+000,-4.5771569E-002
6.9521700E+000,-4.1042724E-002
6.9541700E+000,-3.6759135E-002
6.9561700E+000,-3.2946160E-002
6.9581700E+000,-2.9576892E-002
6.9601700E+000,-2.6581787E-002
6.9621700E+000,-2.3860542E-002
6.9641700E+000,-2.1287737E-002
6.9661700E+000,-1.8719079E-002
6.9681700E+000,-1.6000959E-002
6.9701700E+000,-1.2983782E-002
6.9721700E+000,-9.5362459E-003
6.9741700E+000,-5.5588793E-003
6.9761700E+000,-9.9246434E-004
6.9781700E+000,4.1750968E-003
6.9801700E+000,9.9015727E-003
6.9821700E+000,1.6091441E-002
6.9841700E+000,2.2606573E-002
6.9861700E+000,2.9296414E-002
6.9881700E+000,3.5998339E-002
6.9901700E+000,4.2572522E-002
6.9921700E+000,4.8920026E-002
6.9941700E+000,5.4950150E-002
6.9961700E+000,6.0569984E-002
6.9981700E+000,6.5720925E-002
7.0001700E+000,7.0388043E-002
7.0021700E+000,7.4558112E-002
7.0041700E+000,7.8245470E-002
7.0061700E+000,8.1507708E-002
7.0081700E+000,8.4429288E-002
7.0101700E+000,8.7119726E-002
7.0121700E+000,8.9704717E-002
7.0141700E+000,9.2312013E-002
7.0161700E+000,9.5071805E-002
7.0181700E+000,9.8116412E-002
7.0201700E+000,1.0156515E-001
7.0221700E+000,1.0550534E-001
7.0241700E+000,1.0998274E-001
7.0261700E+000,1.1500014E-001
7.0281700E+000,1.2051538E-001
7.0301700E+000,1.2643564E-001
7.0321700E+000,1.3261369E-001
7.0341700E+000,1.3885071E-001
7.0361700E+000,1.4490506E-001
7.0381700E+000,1.5050393E-001
7.0401700E+000,1.5535615E-001
7.0421700E+000,1.5916588E-001
7.0441700E+000,1.6164680E-001
7.0461700E+000,1.6253945E-001
7.0481700E+000,1.6162336E-001
7.0501700E+000,1.5872249E-001
7.0521700E+000,1.5371359E-001
7.0541700E+000,1.4653272E-001
7.0561700E+000,1.3717823E-001
7.0581700E+000,1.2570046E-001
7.0601700E+000,1.1220096E-001
7.0621700E+000,9.6857985E-002
7.0641700E+000,7.9958059E-002
7.0661700E+000,6.1896462E-002
7.0681700E+000,4.3149276E-002
7.0701700E+000,2.4243725E-002
7.0721700E+000,5.7299662E-003
7.0741700E+000,-1.1863004E-002
7.0761700E+000,-2.8089932E-002
7.0781700E+000,-4.2644736E-002
7.0801700E+000,-5.5399438E-002
7.0821700E+000,-6.6392895E-002
7.0841700E+000,-7.5782884E-002
7.0861700E+000,-8.3755915E-002
7.0881700E+000,-9.0530451E-002
7.0901700E+000,-9.6267633E-002
7.0921700E+000,-1.0102782E-001
7.0941700E+000,-1.0484918E-001
7.0961700E+000,-1.0773489E-001
7.0981700E+000,-1.0963120E-001
7.1001700E+000,-1.1046803E-001
7.1021700E+000,-1.1019342E-001
7.1041700E+000,-1.0879426E-001
7.1061700E+000,-1.0628349E-001
7.1081700E+000,-1.0270702E-001
7.1101700E+000,-9.8139349E-002
7.1121700E+000,-9.2669987E-002
7.1141700E+000,-8.6425738E-002
7.1161700E+000,-7.9601402E-002
7.1181700E+000,-7.2449547E-002
7.1201700E+000,-6.5247884E-002
7.1221700E+000,-5.8275230E-002
7.1241700E+000,-5.1819841E-002
7.1261700E+000,-4.6194414E-002
7.1281700E+000,-4.1719353E-002
7.1301700E+000,-3.8682662E-002
7.1321700E+000,-3.7309224E-002
7.1341700E+000,-3.7749291E-002
7.1361700E+000,-4.0065261E-002
7.1381700E+000,-4.4214740E-002
7.1401700E+000,-5.0047997E-002
7.1421700E+000,-5.7325488E-002
7.1441700E+000,-6.5740474E-002
7.1461700E+000,-7.4934039E-002
7.1481700E+000,-8.4509063E-002
7.1501700E+000,-9.4056794E-002
7.1521700E+000,-1.0318726E-001
7.1541700E+000,-1.1153821E-001
7.1561700E+000,-1.1874266E-001
7.1581700E+000,-1.2446061E-001
7.1601700E+000,-1.2837587E-001
7.1621700E+000,-1.3021975E-001
7.1641700E+000,-1.2976876E-001
7.1661700E+000,-1.2683707E-001
7.1681700E+000,-1.2132638E-001
7.1701700E+000,-1.1326083E-001
7.1721700E+000,-1.0278905E-001
7.1741700E+000,-9.0116655E-002
7.1761700E+000,-7.5455737E-002
7.1781700E+000,-5.9138378E-002
7.1801700E+000,-4.1732635E-002
7.1821700E+000,-2.3940472E-002
7.1841700E+000,-6.3792250E-003
7.1861700E+000,1.0504086E-002
7.1881700E+000,2.6361995E-002
7.1901700E+000,4.0889193E-002
7.1921700E+000,5.3818995E-002
7.1941700E+000,6.4948452E-002
7.1961700E+000,7.4124120E-002
7.1981700E+000,8.1234156E-002
7.2001700E+000,8.6190797E-002
7.2021700E+000,8.8912269E-002
7.2041700E+000,8.9331079E-002
7.2061700E+000,8.7399133E-002
7.2081700E+000,8.3097237E-002
7.2101700E+000,7.6458705E-002
7.2121700E+000,6.7583184E-002
7.2141700E+000,5.6649712E-002
7.2161700E+000,4.3924472E-002
7.2181700E+000,2.9762519E-002
7.2201700E+000,1.4602250E-002
7.2221700E+000,-1.0516614E-003
7.2241700E+000,-1.6654676E-002
7.2261700E+000,-3.1654340E-002
7.2281700E+000,-4.5519489E-002
7.2301700E+000,-5.7777480E-002
7.2321700E+000,-6.8039600E-002
7.2341700E+000,-7.6037784E-002
7.2361700E+000,-8.1637849E-002
7.2381700E+000,-8.4847289E-002
7.2401700E+000,-8.5796027E-002
7.2421700E+000,-8.4706628E-002
7.2441700E+000,-8.1869896E-002
7.2461700E+000,-7.7624271E-002
7.2481700E+000,-7.2335008E-002
7.2501700E+000,-6.6374494E-002
7.2521700E+000,-6.0100850E-002
7.2541700E+000,-5.3837092E-002
7.2561700E+000,-4.7853504E-002
7.2581700E+000,-4.2353858E-002
7.2601700E+000,-3.7466193E-002
7.2621700E+000,-3.3239352E-002
7.2641700E+000,-2.9645421E-002
7.2661700E+000,-2.6587128E-002
7.2681700E+000,-2.3910570E-002
7.2701700E+000,-2.1424654E-002
7.2721700E+000,-1.8926314E-002
7.2741700E+000,-1.6226450E-002
7.2761700E+000,-1.3169993E-002
7.2781700E+000,-9.6467737E-003
7.2801700E+000,-5.5959337E-003
7.2821700E+000,-1.0095221E-003
7.2841700E+000,4.0625447E-003
7.2861700E+000,9.5099706E-003
7.2881700E+000,1.5167362E-002
7.2901700E+000,2.0828275E-002
7.2921700E+000,2.6264235E-002
7.2941700E+000,3.1244386E-002
7.2961700E+000,3.5553666E-002
7.2981700E+000,3.9009031E-002
7.3001700E+000,4.1473410E-002
7.3021700E+000,4.2866739E-002
7.3041700E+000,4.3173233E-002
7.3061700E+000,4.2443708E-002
7.3081700E+000,4.0793895E-002
7.3101700E+000,3.8400460E-002
7.3121700E+000,3.5489468E-002
7.3141700E+000,3.2318358E-002
7.3161700E+000,2.9156651E-002
7.3181700E+000,2.6276765E-002
7.3201700E+000,2.3961777E-002
7.3221700E+000,2.2509357E-002
7.3241700E+000,2.2192337E-002
7.3261700E+000,2.3180441E-002
7.3281700E+000,2.5491471E-002
7.3301700E+000,2.9017117E-002
7.3321700E+000,3.3580644E-002
7.3341700E+000,3.8960672E-002
7.3361700E+000,4.4881852E-002
7.3381700E+000,5.1002610E-002
7.3401700E+000,5.6946629E-002
7.3421700E+000,6.2369459E-002
7.3441700E+000,6.7010702E-002
7.3461700E+000,7.0593604E-002
7.3481700E+000,7.2751055E-002
7.3501700E+000,7.3198594E-002
7.3521700E+000,7.1821003E-002
7.3541700E+000,6.8576589E-002
7.3561700E+000,6.3472657E-002
7.3581700E+000,5.6588400E-002
7.3601700E+000,4.8062373E-002
7.3621700E+000,3.8090418E-002
7.3641700E+000,2.6953505E-002
7.3661700E+000,1.5022360E-002
7.3681700E+000,2.6990819E-003
7.3701700E+000,-9.6552432E-003
7.3721700E+000,-2.1738735E-002
7.3741700E+000,-3.3292219E-002
7.3761700E+000,-4.4101574E-002
7.3781700E+000,-5.4015811E-002
7.3801700E+000,-6.2952327E-002
7.3821700E+000,-7.0887149E-002
7.3841700E+000,-7.7842030E-002
7.3861700E+000,-8.3873981E-002
7.3881700E+000,-8.9067065E-002
7.3901700E+000,-9.3524258E-002
7.3921700E+000,-9.7365088E-002
7.3941700E+000,-1.0071925E-001
7.3961700E+000,-1.0372521E-001
7.3981700E+000,-1.0652729E-001
7.4001700E+000,-1.0927224E-001
7.4021700E+000,-1.1210425E-001
7.4041700E+000,-1.1516112E-001
7.4061700E+000,-1.1857308E-001
7.4081700E+000,-1.2245775E-001
7.4101700E+000,-1.2689915E-001
7.4121700E+000,-1.3192000E-001
7.4141700E+000,-1.3753918E-001
7.4161700E+000,-1.4391342E-001
7.4181700E+000,-1.5115910E-001
7.4201700E+000,-1.5911050E-001
7.4221700E+000,-1.6751403E-001
7.4241700E+000,-1.7620093E-001
7.4261700E+000,-1.8498717E-001
7.4281700E+000,-1.9360973E-001
7.4301700E+000,-2.0175830E-001
7.4321700E+000,-2.0910563E-001
7.4341700E+000,-2.1532742E-001
7.4361700E+000,-2.2013283E-001
7.4381700E+000,-2.2332007E-001
7.4401700E+000,-2.2484723E-001
7.4421700E+000,-2.2487847E-001
7.4441700E+000,-2.2375319E-001
7.4461700E+000,-2.2185914E-001
7.4481700E+000,-2.1943051E-001
7.4501700E+000,-2.1636456E-001
7.4521700E+000,-2.1218321E-001
7.4541700E+000,-2.0617562E-001
7.4561700E+000,-1.9762168E-001
7.4581700E+000,-1.8594629E-001
7.4601700E+000,-1.7072944E-001
7.4621700E+000,-1.5163754E-001
7.4641700E+000,-1.2843782E-001
7.4661700E+000,-1.0116952E-001
7.4681700E+000,-7.0352305E-002
7.4701700E+000,-3.7057794E-002
7.4721700E+000,-2.7975439E-003
7.4741700E+000,3.0705377E-002
7.4761700E+000,6.1801771E-002
7.4781700E+000,8.9217357E-002
7.4801700E+000,1.1227644E-001
7.4821700E+000,1.3092925E-001
7.4841700E+000,1.4555440E-001
7.4861700E+000,1.5666706E-001
7.4881700E+000,1.6468136E-001
7.4901700E+000,1.6984015E-001
7.4921700E+000,1.7226171E-001
7.4941700E+000,1.7202456E-001
7.4961700E+000,1.6922843E-001
7.4981700E+000,1.6402609E-001
7.5001700E+000,1.5665992E-001
7.5021700E+000,1.4745858E-001
7.5041700E+000,1.3683469E-001
7.5061700E+000,1.2530088E-001
7.5081700E+000,1.1345833E-001
7.5101700E+000,1.0197990E-001
7.5121700E+000,9.1585060E-002
7.5141700E+000,8.2992542E-002
7.5161700E+000,7.6869127E-002
7.5181700E+000,7.3777881E-002
7.5201700E+000,7.4128317E-002
7.5221700E+000,7.8139672E-002
7.5241700E+000,8.5812057E-002
7.5261700E+000,9.6911744E-002
7.5281700E+000,1.1098383E-001
7.5301700E+000,1.2738318E-001
7.5321700E+000,1.4531130E-001
7.5341700E+000,1.6386995E-001
7.5361700E+000,1.8212081E-001
7.5381700E+000,1.9910525E-001
7.5401700E+000,2.1398109E-001
7.5421700E+000,2.2599402E-001
7.5441700E+000,2.3476084E-001
7.5461700E+000,2.4069523E-001
7.5481700E+000,2.4434521E-001
7.5501700E+000,2.4520649E-001
7.5521700E+000,2.4225988E-001
7.5541700E+000,2.3541109E-001
7.5561700E+000,2.2530699E-001
7.5581700E+000,2.1240753E-001
7.5601700E+000,1.9696367E-001
7.5621700E+000,1.7927796E-001
7.5641700E+000,1.5971592E-001
7.5661700E+000,1.3870661E-001
7.5681700E+000,1.1675375E-001
7.5701700E+000,9.4381290E-002
7.5721700E+000,7.2043377E-002
7.5741700E+000,5.0042595E-002
7.5761700E+000,2.8500469E-002
7.5781700E+000,7.4187171E-003
7.5801700E+000,-1.3204000E-002
7.5821700E+000,-3.3293978E-002
7.5841700E+000,-5.2695217E-002
7.5861700E+000,-7.1182511E-002
7.5881700E+000,-8.8460409E-002
7.5901700E+000,-1.0416142E-001
7.5921700E+000,-1.1785942E-001
7.5941700E+000,-1.2909830E-001
7.5961700E+000,-1.3743057E-001
7.5981700E+000,-1.4245905E-001
7.6001700E+000,-1.4387346E-001
7.6021700E+000,-1.4146970E-001
7.6041700E+000,-1.3515326E-001
7.6061700E+000,-1.2496707E-001
7.6081700E+000,-1.1110462E-001
7.6101700E+000,-9.3915954E-002
7.6121700E+000,-7.3906320E-002
7.6141700E+000,-5.1722069E-002
7.6161700E+000,-2.8124681E-002
7.6181700E+000,-3.9533553E-003
7.6201700E+000,1.9923135E-002
7.6221700E+000,4.2663674E-002
7.6241700E+000,6.3515324E-002
7.6261700E+000,8.1867986E-002
7.6281700E+000,9.7294124E-002
7.6301700E+000,1.0956831E-001
7.6321700E+000,1.1866757E-001
7.6341700E+000,1.2475637E-001
7.6361700E+000,1.2815517E-001
7.6381700E+000,1.2929095E-001
7.6401700E+000,1.2863845E-001
7.6421700E+000,1.2667031E-001
7.6441700E+000,1.2383238E-001
7.6461700E+000,1.2052356E-001
7.6481700E+000,1.1707425E-001
7.6501700E+000,1.1372681E-001
7.6521700E+000,1.1062278E-001
7.6541700E+000,1.0779988E-001
7.6561700E+000,1.0519597E-001
7.6581700E+000,1.0265682E-001
7.6601700E+000,9.9946122E-002
7.6621700E+000,9.6758868E-002
7.6641700E+000,9.2741275E-002
7.6661700E+000,8.7521564E-002
7.6681700E+000,8.0752480E-002
7.6701700E+000,7.2159314E-002
7.6721700E+000,6.1582161E-002
7.6741700E+000,4.9002669E-002
7.6761700E+000,3.4552464E-002
7.6781700E+000,1.8507975E-002
7.6801700E+000,1.2778940E-003
7.6821700E+000,-1.6618057E-002
7.6841700E+000,-3.4587625E-002
7.6861700E+000,-5.2023150E-002
7.6881700E+000,-6.8363389E-002
7.6901700E+000,-8.3143693E-002
7.6921700E+000,-9.6029456E-002
7.6941700E+000,-1.0683508E-001
7.6961700E+000,-1.1552951E-001
7.6981700E+000,-1.2222806E-001
7.7001700E+000,-1.2717150E-001
7.7021700E+000,-1.3069367E-001
7.7041700E+000,-1.3317848E-001
7.7061700E+000,-1.3500485E-001
7.7081700E+000,-1.3647509E-001
7.7101700E+000,-1.3771871E-001
7.7121700E+000,-1.3865974E-001
7.7141700E+000,-1.3934205E-001
7.7161700E+000,-1.4043335E-001
7.7181700E+000,-1.4299848E-001
7.7201700E+000,-1.4757312E-001
7.7221700E+000,-1.5359727E-001
7.7241700E+000,-1.5970814E-001
7.7261700E+000,-1.6459376E-001
7.7281700E+000,-1.6773194E-001
7.7301700E+000,-1.6917880E-001
7.7321700E+000,-1.6904313E-001
7.7341700E+000,-1.6730642E-001
7.7361700E+000,-1.6392339E-001
7.7381700E+000,-1.5895456E-001
7.7401700E+000,-1.5260076E-001
7.7421700E+000,-1.4519327E-001
7.7441700E+000,-1.3720358E-001
7.7461700E+000,-1.2925408E-001
7.7481700E+000,-1.2205582E-001
7.7501700E+000,-1.1629516E-001
7.7521700E+000,-1.1256022E-001
7.7541700E+000,-1.1131204E-001
7.7561700E+000,-1.1285695E-001
7.7581700E+000,-1.1732087E-001
7.7601700E+000,-1.2463934E-001
7.7621700E+000,-1.3457570E-001
7.7641700E+000,-1.4676779E-001
7.7661700E+000,-1.6079613E-001
7.7681700E+000,-1.7624285E-001
7.7701700E+000,-1.9259187E-001
7.7721700E+000,-2.0938065E-001
7.7741700E+000,-2.2608093E-001
7.7761700E+000,-2.4263877E-001
7.7781700E+000,-2.5946190E-001
7.7801700E+000,-2.7621343E-001
7.7821700E+000,-2.9148735E-001
7.7841700E+000,-3.0431333E-001
7.7861700E+000,-3.1487303E-001
7.7881700E+000,-3.2368173E-001
7.7901700E+000,-3.3109407E-001
7.7921700E+000,-3.3738284E-001
7.7941700E+000,-3.4269857E-001
7.7961700E+000,-3.4704031E-001
7.7981700E+000,-3.5038511E-001
7.8001700E+000,-3.5278083E-001
7.8021700E+000,-3.5431343E-001
7.8041700E+000,-3.5504977E-001
7.8061700E+000,-3.5503253E-001
7.8081700E+000,-3.5429669E-001
7.8101700E+000,-3.5286792E-001
7.8121700E+000,-3.5074086E-001
7.8141700E+000,-3.4789669E-001
7.8161700E+000,-3.4429074E-001
7.8181700E+000,-3.3986238E-001
7.8201700E+000,-3.3456355E-001
7.8221700E+000,-3.2839244E-001
7.8241700E+000,-3.2141681E-001
7.8261700E+000,-3.1378905E-001
7.8281700E+000,-3.0575460E-001
7.8301700E+000,-2.9764957E-001
7.8321700E+000,-2.8990223E-001
7.8341700E+000,-2.8302350E-001
7.8361700E+000,-2.7757221E-001
7.8381700E+000,-2.7410065E-001
7.8401700E+000,-2.7311397E-001
7.8421700E+000,-2.7500624E-001
7.8441700E+000,-2.8007037E-001
7.8461700E+000,-2.8846997E-001
7.8481700E+000,-3.0027393E-001
7.8501700E+000,-3.1541123E-001
7.8521700E+000,-3.3364544E-001
7.8541700E+000,-3.5456824E-001
7.8561700E+000,-3.7724522E-001
7.8581700E+000,-4.0074986E-001
7.8601700E+000,-4.2455637E-001
7.8621700E+000,-4.4809494E-001
7.8641700E+000,-4.7222642E-001
7.8661700E+000,-4.9881027E-001
7.8681700E+000,-5.2763787E-001
7.8701700E+000,-5.5587705E-001
7.8721700E+000,-5.8109922E-001
7.8741700E+000,-6.0319528E-001
7.8761700E+000,-6.2289882E-001
7.8781700E+000,-6.4086042E-001
7.8801700E+000,-6.5737909E-001
7.8821700E+000,-6.7272786E-001
7.8841700E+000,-6.8693281E-001
7.8861700E+000,-6.9966039E-001
7.8881700E+000,-7.1043377E-001
7.8901700E+000,-7.1893511E-001
7.8921700E+000,-7.2493313E-001
7.8941700E+000,-7.2838226E-001
7.8961700E+000,-7.2875988E-001
7.8981700E+000,-7.2467244E-001
7.9001700E+000,-7.1521435E-001
7.9021700E+000,-6.9366855E-001
7.9041700E+000,-6.4666789E-001
7.9061700E+000,-5.5268962E-001
7.9081700E+000,-3.9006187E-001
7.9101700E+000,-1.5514371E-001
7.9121700E+000,1.2676646E-001
7.9141700E+000,4.1076861E-001
7.9161700E+000,6.5545596E-001
7.9181700E+000,8.4137059E-001
7.9201700E+000,9.6814279E-001
7.9221700E+000,1.0475929E+000
7.9241700E+000,1.0958561E+000
7.9261700E+000,1.1257183E+000
7.9281700E+000,1.1460451E+000
7.9301700E+000,1.1602958E+000
7.9321700E+000,1.1699930E+000
7.9341700E+000,1.1747662E+000
7.9361700E+000,1.1754672E+000
7.9381700E+000,1.1744858E+000
7.9401700E+000,1.1734716E+000
7.9421700E+000,1.1729579E+000
7.9441700E+000,1.1735124E+000
7.9461700E+000,1.1758476E+000
7.9481700E+000,1.1802078E+000
7.9501700E+000,1.1864234E+000
7.9521700E+000,1.1945588E+000
7.9541700E+000,1.2050509E+000
7.9561700E+000,1.2184506E+000
7.9581700E+000,1.2334338E+000
7.9601700E+000,1.2481544E+000
7.9621700E+000,1.2605942E+000
7.9641700E+000,1.2700072E+000
7.9661700E+000,1.2774135E+000
7.9681700E+000,1.2850251E+000
7.9701700E+000,1.2951642E+000
7.9721700E+000,1.3092134E+000
7.9741700E+000,1.3269020E+000
7.9761700E+000,1.3467697E+000
7.9781700E+000,1.3665110E+000
7.9801700E+000,1.3836045E+000
7.9821700E+000,1.3960314E+000
7.9841700E+000,1.4014896E+000
7.9861700E+000,1.3982794E+000
7.9881700E+000,1.3908761E+000
7.9901700E+000,1.3854145E+000
7.9921700E+000,1.3781601E+000
7.9941700E+000,1.3660306E+000
7.9961700E+000,1.3478865E+000
7.9981700E+000,1.3232223E+000
8.0001700E+000,1.2920264E+000
8.0021700E+000,1.2538183E+000
8.0041700E+000,1.2095295E+000
8.0061700E+000,1.1630518E+000
8.0081700E+000,1.1180536E+000
8.0101700E+000,1.0762871E+000
8.0121700E+000,1.0370093E+000
8.0141700E+000,9.9855239E-001
8.0161700E+000,9.5950957E-001
8.0181700E+000,9.1955528E-001
8.0201700E+000,8.7795865E-001
8.0221700E+000,8.3289912E-001
8.0241700E+000,7.8263387E-001
8.0261700E+000,7.2755410E-001
8.0281700E+000,6.7036971E-001
8.0301700E+000,6.1452068E-001
8.0321700E+000,5.6291141E-001
8.0341700E+000,5.1760105E-001
8.0361700E+000,4.7906460E-001
8.0381700E+000,4.4504202E-001
8.0401700E+000,4.1063656E-001
8.0421700E+000,3.7101932E-001
8.0441700E+000,3.2453028E-001
8.0461700E+000,2.7322374E-001
8.0481700E+000,2.2071560E-001
8.0501700E+000,1.7019123E-001
8.0521700E+000,1.2390427E-001
8.0541700E+000,8.3450681E-002
8.0561700E+000,4.9397400E-002
8.0581700E+000,2.1213427E-002
8.0601700E+000,-1.9369183E-003
8.0621700E+000,-1.9925507E-002
8.0641700E+000,-3.1313543E-002
8.0661700E+000,-3.4300093E-002
8.0681700E+000,-2.8440137E-002
8.0701700E+000,-1.5001362E-002
8.0721700E+000,3.8775437E-003
8.0741700E+000,2.6127848E-002
8.0761700E+000,4.9986221E-002
8.0781700E+000,7.3526346E-002
8.0801700E+000,9.3881105E-002
8.0821700E+000,1.0692366E-001
8.0841700E+000,1.0749464E-001
8.0861700E+000,9.0049625E-002
8.0881700E+000,4.9928015E-002
8.0901700E+000,-1.4503098E-002
8.0921700E+000,-9.9699093E-002
8.0941700E+000,-1.9287663E-001
8.0961700E+000,-2.9458932E-001
8.0981700E+000,-4.1090976E-001
8.1001700E+000,-5.1879903E-001
8.1021700E+000,-6.0435221E-001
8.1041700E+000,-6.7043912E-001
8.1061700E+000,-7.2155456E-001
8.1081700E+000,-7.6137369E-001
8.1101700E+000,-7.9401961E-001
8.1121700E+000,-8.2199135E-001
8.1141700E+000,-8.4694036E-001
8.1161700E+000,-8.6955778E-001
8.1181700E+000,-8.8896286E-001
8.1201700E+000,-9.0618298E-001
8.1221700E+000,-9.2237800E-001
8.1241700E+000,-9.3718168E-001
8.1261700E+000,-9.4938233E-001
8.1281700E+000,-9.5753625E-001
8.1301700E+000,-9.6194882E-001
8.1321700E+000,-9.6489002E-001
8.1341700E+000,-9.6773501E-001
8.1361700E+000,-9.6870665E-001
8.1381700E+000,-9.6512459E-001
8.1401700E+000,-9.5645948E-001
8.1421700E+000,-9.4423539E-001
8.1441700E+000,-9.2950225E-001
8.1461700E+000,-9.1075648E-001
8.1481700E+000,-8.8562054E-001
8.1501700E+000,-8.5416022E-001
8.1521700E+000,-8.1914698E-001
8.1541700E+000,-7.8314438E-001
8.1561700E+000,-7.4650705E-001
8.1581700E+000,-7.0852812E-001
8.1601700E+000,-6.6874224E-001
8.1621700E+000,-6.2709047E-001
8.1641700E+000,-5.8412601E-001
8.1661700E+000,-5.4156117E-001
8.1681700E+000,-5.0222890E-001
8.1701700E+000,-4.6911111E-001
8.1721700E+000,-4.4426022E-001
8.1741700E+000,-4.2867495E-001
8.1761700E+000,-4.2258521E-001
8.1781700E+000,-4.2595337E-001
8.1801700E+000,-4.3856031E-001
8.1821700E+000,-4.5983328E-001
8.1841700E+000,-4.8867013E-001
8.1861700E+000,-5.2330429E-001
8.1881700E+000,-5.6131692E-001
8.1901700E+000,-5.9993814E-001
8.1921700E+000,-6.3646885E-001
8.1941700E+000,-6.6875137E-001
8.1961700E+000,-6.9543534E-001
8.1981700E+000,-7.1635220E-001
8.2001700E+000,-7.3133152E-001
8.2021700E+000,-7.3962947E-001
8.2041700E+000,-7.3978643E-001
8.2061700E+000,-7.3027194E-001
8.2081700E+000,-7.1038228E-001
8.2101700E+000,-6.8051442E-001
8.2121700E+000,-6.4159621E-001
8.2141700E+000,-5.9489690E-001
8.2161700E+000,-5.4098542E-001
8.2181700E+000,-4.8006353E-001
8.2201700E+000,-4.1130561E-001
8.2221700E+000,-3.3450475E-001
8.2241700E+000,-2.4990002E-001
8.2261700E+000,-1.5928920E-001
8.2281700E+000,-6.5153249E-002
8.2301700E+000,3.1477013E-002
8.2321700E+000,1.3147711E-001
8.2341700E+000,2.3031130E-001
8.2361700E+000,3.1788232E-001
8.2381700E+000,3.8595866E-001
8.2401700E+000,4.3365387E-001
8.2421700E+000,4.6343101E-001
8.2441700E+000,4.7730408E-001
8.2461700E+000,4.7733626E-001
8.2481700E+000,4.6602758E-001
8.2501700E+000,4.4501640E-001
8.2521700E+000,4.1515127E-001
8.2541700E+000,3.7761515E-001
8.2561700E+000,3.3362368E-001
8.2581700E+000,2.8407713E-001
8.2601700E+000,2.3026295E-001
8.2621700E+000,1.7435905E-001
8.2641700E+000,1.1905434E-001
8.2661700E+000,6.7140911E-002
8.2681700E+000,2.1339811E-002
8.2701700E+000,-1.5623718E-002
8.2721700E+000,-4.1259882E-002
8.2741700E+000,-5.3176171E-002
8.2761700E+000,-4.8870617E-002
8.2781700E+000,-2.5514614E-002
8.2801700E+000,1.9358307E-002
8.2821700E+000,8.7372633E-002
8.2841700E+000,1.7725222E-001
8.2861700E+000,2.8653461E-001
8.2881700E+000,4.0807826E-001
8.2901700E+000,5.3225062E-001
8.2921700E+000,6.4753438E-001
8.2941700E+000,7.4436551E-001
8.2961700E+000,8.1877050E-001
8.2981700E+000,8.8063916E-001
8.3001700E+000,9.4403519E-001
8.3021700E+000,1.0061504E+000
8.3041700E+000,1.0517449E+000
8.3061700E+000,1.0768443E+000
8.3081700E+000,1.0902520E+000
8.3101700E+000,1.0986128E+000
8.3121700E+000,1.1033331E+000
8.3141700E+000,1.1047727E+000
8.3161700E+000,1.1034060E+000
8.3181700E+000,1.0996159E+000
8.3201700E+000,1.0935271E+000
8.3221700E+000,1.0841691E+000
8.3241700E+000,1.0699659E+000
8.3261700E+000,1.0495283E+000
8.3281700E+000,1.0213998E+000
8.3301700E+000,9.8346071E-001
8.3321700E+000,9.3209365E-001
8.3341700E+000,8.6161394E-001
8.3361700E+000,7.6422224E-001
8.3381700E+000,6.3062980E-001
8.3401700E+000,4.5403991E-001
8.3421700E+000,2.3925549E-001
8.3441700E+000,9.3868424E-003
8.3461700E+000,-2.0060850E-001
8.3481700E+000,-3.6276174E-001
8.3501700E+000,-4.7137385E-001
8.3521700E+000,-5.3693528E-001
8.3541700E+000,-5.7901679E-001
8.3561700E+000,-6.1083993E-001
8.3581700E+000,-6.3838928E-001
8.3601700E+000,-6.6478144E-001
8.3621700E+000,-6.9033660E-001
8.3641700E+000,-7.1442813E-001
8.3661700E+000,-7.3541612E-001
8.3681700E+000,-7.5195403E-001
8.3701700E+000,-7.6317292E-001
8.3721700E+000,-7.6909096E-001
8.3741700E+000,-7.7070220E-001
8.3761700E+000,-7.6932690E-001
8.3781700E+000,-7.6538692E-001
8.3801700E+000,-7.5880824E-001
8.3821700E+000,-7.4960647E-001
8.3841700E+000,-7.3848623E-001
8.3861700E+000,-7.2605801E-001
8.3881700E+000,-7.1258489E-001
8.3901700E+000,-6.9895475E-001
8.3921700E+000,-6.8566763E-001
8.3941700E+000,-6.7247312E-001
8.3961700E+000,-6.5944363E-001
8.3981700E+000,-6.4705594E-001
8.4001700E+000,-6.3607394E-001
8.4021700E+000,-6.2708759E-001
8.4041700E+000,-6.2031607E-001
8.4061700E+000,-6.1555763E-001
8.4081700E+000,-6.1236703E-001
8.4101700E+000,-6.1036721E-001
8.4121700E+000,-6.0951001E-001
8.4141700E+000,-6.1024447E-001
8.4161700E+000,-6.1324327E-001
8.4181700E+000,-6.1918567E-001
8.4201700E+000,-6.2865122E-001
8.4221700E+000,-6.4185193E-001
8.4241700E+000,-6.5855225E-001
8.4261700E+000,-6.7810913E-001
8.4281700E+000,-6.9986539E-001
8.4301700E+000,-7.2316348E-001
8.4321700E+000,-7.4718378E-001
8.4341700E+000,-7.7094742E-001
8.4361700E+000,-7.9331144E-001
8.4381700E+000,-8.1327661E-001
8.4401700E+000,-8.2949092E-001
8.4421700E+000,-8.4081408E-001
8.4441700E+000,-8.4759216E-001
8.4461700E+000,-8.5242990E-001
8.4481700E+000,-8.5178664E-001
8.4501700E+000,-8.4288965E-001
8.4521700E+000,-8.3311629E-001
8.4541700E+000,-8.2680155E-001
8.4561700E+000,-8.2276106E-001
8.4581700E+000,-8.1820517E-001
8.4601700E+000,-8.1054436E-001
8.4621700E+000,-8.0070041E-001
8.4641700E+000,-7.9013330E-001
8.4661700E+000,-7.7840886E-001
8.4681700E+000,-7.6475050E-001
8.4701700E+000,-7.4786273E-001
8.4721700E+000,-7.2374698E-001
8.4741700E+000,-6.8653106E-001
8.4761700E+000,-6.3151226E-001
8.4781700E+000,-5.5840968E-001
8.4801700E+000,-4.7309666E-001
8.4821700E+000,-3.8222469E-001
8.4841700E+000,-2.9110434E-001
8.4861700E+000,-2.0176525E-001
8.4881700E+000,-1.1614712E-001
8.4901700E+000,-3.7308594E-002
8.4921700E+000,3.0033758E-002
8.4941700E+000,8.1742082E-002
8.4961700E+000,1.1561259E-001
8.4981700E+000,1.3187207E-001
8.5001700E+000,1.3289935E-001
8.5021700E+000,1.2200986E-001
8.5041700E+000,1.0254906E-001
8.5061700E+000,7.7494820E-002
8.5081700E+000,4.9636275E-002
8.5101700E+000,2.1943082E-002
8.5121700E+000,-2.5750203E-003
8.5141700E+000,-2.1413027E-002
8.5161700E+000,-3.3132230E-002
8.5181700E+000,-3.7563810E-002
8.5201700E+000,-3.5454580E-002
8.5221700E+000,-2.7870510E-002
8.5241700E+000,-1.5704211E-002
8.5261700E+000,3.3591113E-004
8.5281700E+000,1.9616844E-002
8.5301700E+000,4.1400874E-002
8.5321700E+000,6.4873384E-002
8.5341700E+000,8.9254363E-002
8.5361700E+000,1.1387377E-001
8.5381700E+000,1.3817212E-001
8.5401700E+000,1.6137232E-001
8.5421700E+000,1.8218869E-001
8.5441700E+000,1.9877760E-001
8.5461700E+000,2.1335557E-001
8.5481700E+000,2.3141656E-001
8.5501700E+000,2.4977023E-001
8.5521700E+000,2.6365396E-001
8.5541700E+000,2.7435180E-001
8.5561700E+000,2.8505751E-001
8.5581700E+000,2.9704083E-001
8.5601700E+000,3.1066795E-001
8.5621700E+000,3.2616559E-001
8.5641700E+000,3.4342549E-001
8.5661700E+000,3.6232333E-001
8.5681700E+000,3.8282399E-001
8.5701700E+000,4.0503983E-001
8.5721700E+000,4.2907894E-001
8.5741700E+000,4.5499064E-001
8.5761700E+000,4.8261977E-001
8.5781700E+000,5.1154512E-001
8.5801700E+000,5.4105287E-001
8.5821700E+000,5.7022685E-001
8.5841700E+000,5.9816694E-001
8.5861700E+000,6.2397146E-001
8.5881700E+000,6.4715986E-001
8.5901700E+000,6.6735310E-001
8.5921700E+000,6.8448806E-001
8.5941700E+000,6.9865107E-001
8.5961700E+000,7.1006988E-001
8.5981700E+000,7.1895524E-001
8.6001700E+000,7.2561611E-001
8.6021700E+000,7.3027931E-001
8.6041700E+000,7.3311532E-001
8.6061700E+000,7.3425850E-001
8.6081700E+000,7.3389865E-001
8.6101700E+000,7.3224296E-001
8.6121700E+000,7.2958435E-001
8.6141700E+000,7.2610215E-001
8.6161700E+000,7.2186447E-001
8.6181700E+000,7.1697785E-001
8.6201700E+000,7.1142629E-001
8.6221700E+000,7.0502418E-001
8.6241700E+000,6.9737885E-001
8.6261700E+000,6.8751558E-001
8.6281700E+000,6.7440757E-001
8.6301700E+000,6.5659598E-001
8.6321700E+000,6.3194950E-001
8.6341700E+000,5.9669764E-001
8.6361700E+000,5.4434870E-001
8.6381700E+000,4.6570695E-001
8.6401700E+000,3.5245213E-001
8.6421700E+000,2.0305786E-001
8.6441700E+000,2.8564603E-002
8.6461700E+000,-1.4958272E-001
8.6481700E+000,-3.0831167E-001
8.6501700E+000,-4.3222670E-001
8.6521700E+000,-5.1753477E-001
8.6541700E+000,-5.6918252E-001
8.6561700E+000,-5.9555942E-001
8.6581700E+000,-6.0489306E-001
8.6601700E+000,-6.0233195E-001
8.6621700E+000,-5.9167580E-001
8.6641700E+000,-5.7590702E-001
8.6661700E+000,-5.5654706E-001
8.6681700E+000,-5.3422711E-001
8.6701700E+000,-5.0931211E-001
8.6721700E+000,-4.8251988E-001
8.6741700E+000,-4.5491156E-001
8.6761700E+000,-4.2726043E-001
8.6781700E+000,-4.0014330E-001
8.6801700E+000,-3.7434501E-001
8.6821700E+000,-3.5075234E-001
8.6841700E+000,-3.3017439E-001
8.6861700E+000,-3.1335953E-001
8.6881700E+000,-3.0092982E-001
8.6901700E+000,-2.9331527E-001
8.6921700E+000,-2.9076526E-001
8.6941700E+000,-2.9357174E-001
8.6961700E+000,-3.0184783E-001
8.6981700E+000,-3.1577406E-001
8.7001700E+000,-3.3527564E-001
8.7021700E+000,-3.5991146E-001
8.7041700E+000,-3.8872494E-001
8.7061700E+000,-4.2038713E-001
8.7081700E+000,-4.5319148E-001
8.7101700E+000,-4.8528083E-001
8.7121700E+000,-5.1500642E-001
8.7141700E+000,-5.4132064E-001
8.7161700E+000,-5.6381848E-001
8.7181700E+000,-5.8237119E-001
8.7201700E+000,-5.9686463E-001
8.7221700E+000,-6.0639060E-001
8.7241700E+000,-6.0908513E-001
8.7261700E+000,-6.1136607E-001
8.7281700E+000,-6.2174707E-001
8.7301700E+000,-6.4139860E-001
8.7321700E+000,-6.6204089E-001
8.7341700E+000,-6.7625293E-001
8.7361700E+000,-6.8478005E-001
8.7381700E+000,-6.9083581E-001
8.7401700E+000,-6.9511021E-001
8.7421700E+000,-6.9683969E-001
8.7441700E+000,-6.9530326E-001
8.7461700E+000,-6.8956100E-001
8.7481700E+000,-6.7843449E-001
8.7501700E+000,-6.6027578E-001
8.7521700E+000,-6.3196916E-001
8.7541700E+000,-5.8881330E-001
8.7561700E+000,-5.2549331E-001
8.7581700E+000,-4.3812139E-001
8.7601700E+000,-3.2755675E-001
8.7621700E+000,-2.0180575E-001
8.7641700E+000,-7.3898196E-002
8.7661700E+000,4.4376001E-002
8.7681700E+000,1.4682039E-001
8.7701700E+000,2.3240287E-001
8.7721700E+000,3.0217903E-001
8.7741700E+000,3.5752101E-001
8.7761700E+000,4.0007193E-001
8.7781700E+000,4.3200665E-001
8.7801700E+000,4.5584535E-001
8.7821700E+000,4.7401934E-001
8.7841700E+000,4.8844420E-001
8.7861700E+000,5.0032555E-001
8.7881700E+000,5.1033924E-001
8.7901700E+000,5.1888367E-001
8.7921700E+000,5.2615305E-001
8.7941700E+000,5.3212812E-001
8.7961700E+000,5.3668031E-001
8.7981700E+000,5.3970220E-001
8.8001700E+000,5.4116038E-001
8.8021700E+000,5.4111658E-001
8.8041700E+000,5.3974827E-001
8.8061700E+000,5.3736335E-001
8.8081700E+000,5.3440978E-001
8.8101700E+000,5.3147947E-001
8.8121700E+000,5.2926507E-001
8.8141700E+000,5.2847780E-001
8.8161700E+000,5.2968316E-001
8.8181700E+000,5.3319336E-001
8.8201700E+000,5.3896735E-001
8.8221700E+000,5.4661012E-001
8.8241700E+000,5.5539902E-001
8.8261700E+000,5.6441050E-001
8.8281700E+000,5.7270851E-001
8.8301700E+000,5.7950934E-001
8.8321700E+000,5.8428316E-001
8.8341700E+000,5.8673585E-001
8.8361700E+000,5.8681027E-001
8.8381700E+000,5.8465630E-001
8.8401700E+000,5.8051437E-001
8.8421700E+000,5.7449764E-001
8.8441700E+000,5.6657698E-001
8.8461700E+000,5.5653335E-001
8.8481700E+000,5.4436442E-001
8.8501700E+000,5.3034162E-001
8.8521700E+000,5.1482377E-001
8.8541700E+000,4.9801005E-001
8.8561700E+000,4.8003313E-001
8.8581700E+000,4.6116083E-001
8.8601700E+000,4.4179962E-001
8.8621700E+000,4.2241272E-001
8.8641700E+000,4.0348235E-001
8.8661700E+000,3.8552356E-001
8.8681700E+000,3.6907719E-001
8.8701700E+000,3.5466914E-001
8.8721700E+000,3.4275322E-001
8.8741700E+000,3.3362188E-001
8.8761700E+000,3.2731219E-001
8.8781700E+000,3.2354408E-001
8.8801700E+000,3.2176860E-001
8.8821700E+000,3.2137471E-001
8.8841700E+000,3.2187312E-001
8.8861700E+000,3.2298289E-001
8.8881700E+000,3.2442029E-001
8.8901700E+000,3.2550497E-001
8.8921700E+000,3.2491749E-001
8.8941700E+000,3.2082748E-001
8.8961700E+000,3.1133142E-001
8.8981700E+000,2.9498075E-001
8.9001700E+000,2.7116456E-001
8.9021700E+000,2.4066394E-001
8.9041700E+000,2.0592236E-001
8.9061700E+000,1.7139533E-001
8.9081700E+000,1.4319501E-001
8.9101700E+000,1.2790977E-001
8.9121700E+000,1.3060367E-001
8.9141700E+000,1.5279647E-001
8.9161700E+000,1.9126494E-001
8.9181700E+000,2.3868377E-001
8.9201700E+000,2.8617638E-001
8.9221700E+000,3.2631624E-001
8.9241700E+000,3.5556553E-001
8.9261700E+000,3.7506935E-001
8.9281700E+000,3.8885227E-001
8.9301700E+000,4.0086868E-001
8.9321700E+000,4.1322915E-001
8.9341700E+000,4.2568155E-001
8.9361700E+000,4.3675938E-001
8.9381700E+000,4.4439742E-001
8.9401700E+000,4.4658322E-001
8.9421700E+000,4.4180104E-001
8.9441700E+000,4.2889553E-001
8.9461700E+000,4.0725411E-001
8.9481700E+000,3.7697797E-001
8.9501700E+000,3.3868873E-001
8.9521700E+000,2.9380309E-001
8.9541700E+000,2.4403785E-001
8.9561700E+000,1.9136449E-001
8.9581700E+000,1.3725591E-001
8.9601700E+000,8.3052568E-002
8.9621700E+000,3.0333037E-002
8.9641700E+000,-1.9834848E-002
8.9661700E+000,-6.6156360E-002
8.9681700E+000,-1.0837454E-001
8.9701700E+000,-1.4749088E-001
8.9721700E+000,-1.8426455E-001
8.9741700E+000,-2.1813079E-001
8.9761700E+000,-2.4776372E-001
8.9781700E+000,-2.7295503E-001
8.9801700E+000,-2.9486863E-001
8.9821700E+000,-3.1466718E-001
8.9841700E+000,-3.3282392E-001
8.9861700E+000,-3.4932261E-001
8.9881700E+000,-3.6392088E-001
8.9901700E+000,-3.7625038E-001
8.9921700E+000,-3.8597419E-001
8.9941700E+000,-3.9296841E-001
8.9961700E+000,-3.9741000E-001
8.9981700E+000,-3.9973892E-001
9.0001700E+000,-4.0052736E-001
9.0021700E+000,-4.0035237E-001
9.0041700E+000,-3.9972779E-001
9.0061700E+000,-3.9906308E-001
9.0081700E+000,-3.9862222E-001
9.0101700E+000,-3.9859557E-001
9.0121700E+000,-3.9904734E-001
9.0141700E+000,-3.9992309E-001
9.0161700E+000,-4.0106063E-001
9.0181700E+000,-4.0222421E-001
9.0201700E+000,-4.0310896E-001
9.0221700E+000,-4.0335473E-001
9.0241700E+000,-4.0258151E-001
9.0261700E+000,-4.0021159E-001
9.0281700E+000,-3.9558678E-001
9.0301700E+000,-3.8821030E-001
9.0321700E+000,-3.7762853E-001
9.0341700E+000,-3.6333714E-001
9.0361700E+000,-3.4488179E-001
9.0381700E+000,-3.2195472E-001
9.0401700E+000,-2.9447769E-001
9.0421700E+000,-2.6272995E-001
9.0441700E+000,-2.2744633E-001
9.0461700E+000,-1.8977689E-001
9.0481700E+000,-1.5108553E-001
9.0501700E+000,-1.1270004E-001
9.0521700E+000,-7.5729393E-002
9.0541700E+000,-4.0968770E-002
9.0561700E+000,-8.8722852E-003
9.0581700E+000,2.0412583E-002
9.0601700E+000,4.6971600E-002
9.0621700E+000,7.1021467E-002
9.0641700E+000,9.2860378E-002
9.0661700E+000,1.1286237E-001
9.0681700E+000,1.3147637E-001
9.0701700E+000,1.4916912E-001
9.0721700E+000,1.6633517E-001
9.0741700E+000,1.8321639E-001
9.0761700E+000,1.9985149E-001
9.0781700E+000,2.1614857E-001
9.0801700E+000,2.3199836E-001
9.0821700E+000,2.4744183E-001
9.0841700E+000,2.6270923E-001
9.0861700E+000,2.7822201E-001
9.0881700E+000,2.9449472E-001
9.0901700E+000,3.1199194E-001
9.0921700E+000,3.3101229E-001
9.0941700E+000,3.5158892E-001
9.0961700E+000,3.7346619E-001
9.0981700E+000,3.9615308E-001
9.1001700E+000,4.1906300E-001
9.1021700E+000,4.4164606E-001
9.1041700E+000,4.6343182E-001
9.1061700E+000,4.8404622E-001
9.1081700E+000,5.0326253E-001
9.1101700E+000,5.2100817E-001
9.1121700E+000,5.3730236E-001
9.1141700E+000,5.5210415E-001
9.1161700E+000,5.6537682E-001
9.1181700E+000,5.7709568E-001
9.1201700E+000,5.8731452E-001
9.1221700E+000,5.9617656E-001
9.1241700E+000,6.0376667E-001
9.1261700E+000,6.1013403E-001
9.1281700E+000,6.1523305E-001
9.1301700E+000,6.1893623E-001
9.1321700E+000,6.2116162E-001
9.1341700E+000,6.2189829E-001
9.1361700E+000,6.2119495E-001
9.1381700E+000,6.1916349E-001
9.1401700E+000,6.1593669E-001
9.1421700E+000,6.1161584E-001
9.1441700E+000,6.0627134E-001
9.1461700E+000,5.9999280E-001
9.1481700E+000,5.9293293E-001
9.1501700E+000,5.8530721E-001
9.1521700E+000,5.7731663E-001
9.1541700E+000,5.6901315E-001
9.1561700E+000,5.6021275E-001
9.1581700E+000,5.5049421E-001
9.1601700E+000,5.3922189E-001
9.1621700E+000,5.2552879E-001
9.1641700E+000,5.0822065E-001
9.1661700E+000,4.8569087E-001
9.1681700E+000,4.5602053E-001
9.1701700E+000,4.1740749E-001
9.1721700E+000,3.6890637E-001
9.1741700E+000,3.1112173E-001
9.1761700E+000,2.4660894E-001
9.1781700E+000,1.7957407E-001
9.1801700E+000,1.1483085E-001
9.1821700E+000,5.6416488E-002
9.1841700E+000,6.5728130E-003
9.1861700E+000,-3.4453471E-002
9.1881700E+000,-6.7874495E-002
9.1901700E+000,-9.5540833E-002
9.1921700E+000,-1.1924720E-001
9.1941700E+000,-1.4033602E-001
9.1961700E+000,-1.5958074E-001
9.1981700E+000,-1.7724965E-001
9.2001700E+000,-1.9326752E-001
9.2021700E+000,-2.0738749E-001
9.2041700E+000,-2.1939214E-001
9.2061700E+000,-2.2918519E-001
9.2081700E+000,-2.3688098E-001
9.2101700E+000,-2.4282254E-001
9.2121700E+000,-2.4754495E-001
9.2141700E+000,-2.5169753E-001
9.2161700E+000,-2.5594615E-001
9.2181700E+000,-2.6088585E-001
9.2201700E+000,-2.6698307E-001
9.2221700E+000,-2.7455647E-001
9.2241700E+000,-2.8377965E-001
9.2261700E+000,-2.9470760E-001
9.2281700E+000,-3.0729682E-001
9.2301700E+000,-3.2142031E-001
9.2321700E+000,-3.3687609E-001
9.2341700E+000,-3.5339080E-001
9.2361700E+000,-3.7062606E-001
9.2381700E+000,-3.8818885E-001
9.2401700E+000,-4.0566103E-001
9.2421700E+000,-4.2263767E-001
9.2441700E+000,-4.3876646E-001
9.2461700E+000,-4.5378333E-001
9.2481700E+000,-4.6754072E-001
9.2501700E+000,-4.7997336E-001
9.2521700E+000,-4.9107737E-001
9.2541700E+000,-5.0085950E-001
9.2561700E+000,-5.0931267E-001
9.2581700E+000,-5.1642020E-001
9.2601700E+000,-5.2216651E-001
9.2621700E+000,-5.2655035E-001
9.2641700E+000,-5.2958634E-001
9.2661700E+000,-5.3129942E-001
9.2681700E+000,-5.3171852E-001
9.2701700E+000,-5.3086139E-001
9.2721700E+000,-5.2871737E-001
9.2741700E+000,-5.2523356E-001
9.2761700E+000,-5.2027852E-001
9.2781700E+000,-5.1361546E-001
9.2801700E+000,-5.0493643E-001
9.2821700E+000,-4.9396044E-001
9.2841700E+000,-4.8054881E-001
9.2861700E+000,-4.6479390E-001
9.2881700E+000,-4.4708017E-001
9.2901700E+000,-4.2810603E-001
9.2921700E+000,-4.0885675E-001
9.2941700E+000,-3.9055536E-001
9.2961700E+000,-3.7461252E-001
9.2981700E+000,-3.6255844E-001
9.3001700E+000,-3.5584002E-001
9.3021700E+000,-3.5540004E-001
9.3041700E+000,-3.6116079E-001
9.3061700E+000,-3.7170677E-001
9.3081700E+000,-3.8440891E-001
9.3101700E+000,-3.9604658E-001
9.3121700E+000,-4.0367189E-001
9.3141700E+000,-4.0538601E-001
9.3161700E+000,-4.0071108E-001
9.3181700E+000,-3.9043716E-001
9.3201700E+000,-3.7608051E-001
9.3221700E+000,-3.5925245E-001
9.3241700E+000,-3.4131685E-001
9.3261700E+000,-3.2335905E-001
9.3281700E+000,-3.0581663E-001
9.3301700E+000,-2.8935866E-001
9.3321700E+000,-2.7509178E-001
9.3341700E+000,-2.6374916E-001
9.3361700E+000,-2.5567445E-001
9.3381700E+000,-2.5098869E-001
9.3401700E+000,-2.4952480E-001
9.3421700E+000,-2.5088013E-001
9.3441700E+000,-2.5454305E-001
9.3461700E+000,-2.5996286E-001
9.3481700E+000,-2.6662812E-001
9.3501700E+000,-2.7410647E-001
9.3521700E+000,-2.8204782E-001
9.3541700E+000,-2.9016408E-001
9.3561700E+000,-2.9820721E-001
9.3581700E+000,-3.0593387E-001
9.3601700E+000,-3.1310089E-001
9.3621700E+000,-3.1939835E-001
9.3641700E+000,-3.2443073E-001
9.3661700E+000,-3.2770010E-001
9.3681700E+000,-3.2863362E-001
9.3701700E+000,-3.2663741E-001
9.3721700E+000,-3.2115533E-001
9.3741700E+000,-3.1172047E-001
9.3761700E+000,-2.9797753E-001
9.3781700E+000,-2.7971151E-001
9.3801700E+000,-2.5691417E-001
9.3821700E+000,-2.2989572E-001
9.3841700E+000,-1.9957398E-001
9.3861700E+000,-1.6713280E-001
9.3881700E+000,-1.3362038E-001
9.3901700E+000,-9.9350498E-002
9.3921700E+000,-6.4883193E-002
9.3941700E+000,-3.2189178E-002
9.3961700E+000,-3.0079864E-003
9.3981700E+000,2.2409549E-002
9.4001700E+000,4.4406723E-002
9.4021700E+000,6.3136158E-002
9.4041700E+000,7.8723789E-002
9.4061700E+000,9.1370604E-002
9.4081700E+000,1.0127526E-001
9.4101700E+000,1.0865598E-001
9.4121700E+000,1.1376800E-001
9.4141700E+000,1.1686048E-001
9.4161700E+000,1.1819597E-001
9.4181700E+000,1.1803316E-001
9.4201700E+000,1.1661256E-001
9.4221700E+000,1.1419457E-001
9.4241700E+000,1.1104092E-001
9.4261700E+000,1.0738279E-001
9.4281700E+000,1.0339964E-001
9.4301700E+000,9.9245579E-002
9.4321700E+000,9.5071664E-002
9.4341700E+000,9.1020940E-002
9.4361700E+000,8.7217152E-002
9.4381700E+000,8.3755289E-002
9.4401700E+000,8.0693037E-002
9.4421700E+000,7.8045205E-002
9.4441700E+000,7.5784608E-002
9.4461700E+000,7.3848226E-002
9.4481700E+000,7.2137765E-002
9.4501700E+000,7.0513354E-002
9.4521700E+000,6.8789803E-002
9.4541700E+000,6.6744306E-002
9.4561700E+000,6.4139422E-002
9.4581700E+000,6.0753121E-002
9.4601700E+000,5.6402160E-002
9.4621700E+000,5.0956596E-002
9.4641700E+000,4.4350517E-002
9.4661700E+000,3.6585433E-002
9.4681700E+000,2.7720802E-002
9.4701700E+000,1.7861136E-002
9.4721700E+000,7.1517437E-003
9.4741700E+000,-4.2189328E-003
9.4761700E+000,-1.6026184E-002
9.4781700E+000,-2.8033418E-002
9.4801700E+000,-4.0027317E-002
9.4821700E+000,-5.1849299E-002
9.4841700E+000,-6.3408848E-002
9.4861700E+000,-7.4679146E-002
9.4881700E+000,-8.5674018E-002
9.4901700E+000,-9.6422309E-002
9.4921700E+000,-1.0694262E-001
9.4941700E+000,-1.1724267E-001
9.4961700E+000,-1.2730090E-001
9.4981700E+000,-1.3707854E-001
9.5001700E+000,-1.4654589E-001
9.5021700E+000,-1.5566416E-001
9.5041700E+000,-1.6436942E-001
9.5061700E+000,-1.7257322E-001
9.5081700E+000,-1.8023689E-001
9.5101700E+000,-1.8733841E-001
9.5121700E+000,-1.9388311E-001
9.5141700E+000,-1.9986643E-001
9.5161700E+000,-2.0524086E-001
9.5181700E+000,-2.0994658E-001
9.5201700E+000,-2.1394785E-001
9.5221700E+000,-2.1721246E-001
9.5241700E+000,-2.1968341E-001
9.5261700E+000,-2.2127678E-001
9.5281700E+000,-2.2190983E-001
9.5301700E+000,-2.2148033E-001
9.5321700E+000,-2.1986437E-001
9.5341700E+000,-2.1691232E-001
9.5361700E+000,-2.1245048E-001
9.5381700E+000,-2.0630138E-001
9.5401700E+000,-1.9833185E-001
9.5421700E+000,-1.8852914E-001
9.5441700E+000,-1.7709449E-001
9.5461700E+000,-1.6453934E-001
9.5481700E+000,-1.5175522E-001
9.5501700E+000,-1.4003081E-001
9.5521700E+000,-1.3099559E-001
9.5541700E+000,-1.2647068E-001
9.5561700E+000,-1.2822263E-001
9.5581700E+000,-1.3765735E-001
9.5601700E+000,-1.5546740E-001
9.5621700E+000,-1.8137728E-001
9.5641700E+000,-2.1402044E-001
9.5661700E+000,-2.5109144E-001
9.5681700E+000,-2.8951724E-001
9.5701700E+000,-3.2608231E-001
9.5721700E+000,-3.5887509E-001
9.5741700E+000,-3.8690127E-001
9.5761700E+000,-4.1114960E-001
9.5781700E+000,-4.3261292E-001
9.5801700E+000,-4.5061605E-001
9.5821700E+000,-4.6455556E-001
9.5841700E+000,-4.7531042E-001
9.5861700E+000,-4.8401380E-001
9.5881700E+000,-4.9095254E-001
9.5901700E+000,-4.9590330E-001
9.5921700E+000,-4.9847036E-001
9.5941700E+000,-4.9806928E-001
9.5961700E+000,-4.9389995E-001
9.5981700E+000,-4.8496961E-001
9.6001700E+000,-4.7013738E-001
9.6021700E+000,-4.4815260E-001
9.6041700E+000,-4.1774637E-001
9.6061700E+000,-3.7762886E-001
9.6081700E+000,-3.2666869E-001
9.6101700E+000,-2.6452624E-001
9.6121700E+000,-1.9282270E-001
9.6141700E+000,-1.1600832E-001
9.6161700E+000,-4.0486907E-002
9.6181700E+000,2.7901927E-002
9.6201700E+000,8.6069448E-002
9.6221700E+000,1.3381875E-001
9.6241700E+000,1.7252144E-001
9.6261700E+000,2.0406737E-001
9.6281700E+000,2.3034686E-001
9.6301700E+000,2.5311678E-001
9.6321700E+000,2.7375249E-001
9.6341700E+000,2.9308205E-001
9.6361700E+000,3.1141000E-001
9.6381700E+000,3.2860500E-001
9.6401700E+000,3.4431649E-001
9.6421700E+000,3.5816188E-001
9.6441700E+000,3.6986844E-001
9.6461700E+000,3.7937841E-001
9.6481700E+000,3.8676801E-001
9.6501700E+000,3.9223102E-001
9.6521700E+000,3.9598017E-001
9.6541700E+000,3.9819347E-001
9.6561700E+000,3.9902014E-001
9.6581700E+000,3.9866028E-001
9.6601700E+000,3.9737839E-001
9.6621700E+000,3.9544288E-001
9.6641700E+000,3.9295629E-001
9.6661700E+000,3.8977240E-001
9.6681700E+000,3.8554906E-001
9.6701700E+000,3.7984038E-001
9.6721700E+000,3.7222034E-001
9.6741700E+000,3.6254791E-001
9.6761700E+000,3.5137055E-001
9.6781700E+000,3.4022831E-001
9.6801700E+000,3.3152351E-001
9.6821700E+000,3.2778593E-001
9.6841700E+000,3.3054214E-001
9.6861700E+000,3.3940923E-001
9.6881700E+000,3.5202445E-001
9.6901700E+000,3.6498805E-001
9.6921700E+000,3.7532745E-001
9.6941700E+000,3.8162725E-001
9.6961700E+000,3.8423426E-001
9.6981700E+000,3.8458692E-001
9.7001700E+000,3.8424583E-001
9.7021700E+000,3.8424234E-001
9.7041700E+000,3.8496618E-001
9.7061700E+000,3.8640549E-001
9.7081700E+000,3.8840031E-001
9.7101700E+000,3.9073237E-001
9.7121700E+000,3.9314082E-001
9.7141700E+000,3.9531360E-001
9.7161700E+000,3.9682993E-001
9.7181700E+000,3.9759450E-001
9.7201700E+000,3.9837327E-001
9.7221700E+000,3.9989831E-001
9.7241700E+000,4.0151106E-001
9.7261700E+000,4.0163714E-001
9.7281700E+000,3.9967693E-001
9.7301700E+000,3.9583626E-001
9.7321700E+000,3.8998747E-001
9.7341700E+000,3.8180698E-001
9.7361700E+000,3.7121688E-001
9.7381700E+000,3.5842940E-001
9.7401700E+000,3.4378050E-001
9.7421700E+000,3.2766975E-001
9.7441700E+000,3.1048781E-001
9.7461700E+000,2.9251571E-001
9.7481700E+000,2.7390021E-001
9.7501700E+000,2.5476415E-001
9.7521700E+000,2.3531827E-001
9.7541700E+000,2.1586890E-001
9.7561700E+000,1.9677998E-001
9.7581700E+000,1.7846397E-001
9.7601700E+000,1.6134015E-001
9.7621700E+000,1.4581057E-001
9.7641700E+000,1.3221683E-001
9.7661700E+000,1.2079980E-001
9.7681700E+000,1.1166796E-001
9.7701700E+000,1.0477603E-001
9.7721700E+000,9.9915477E-002
9.7741700E+000,9.6715448E-002
9.7761700E+000,9.4652695E-002
9.7781700E+000,9.3069468E-002
9.7801700E+000,9.1200601E-002
9.7821700E+000,8.8214975E-002
9.7841700E+000,8.3278171E-002
9.7861700E+000,7.5634398E-002
9.7881700E+000,6.4692478E-002
9.7901700E+000,5.0092884E-002
9.7921700E+000,3.1741852E-002
9.7941700E+000,9.8219546E-003
9.7961700E+000,-1.5201687E-002
9.7981700E+000,-4.2572928E-002
9.8001700E+000,-7.1253257E-002
9.8021700E+000,-9.9981009E-002
9.8041700E+000,-1.2740098E-001
9.8061700E+000,-1.5224759E-001
9.8081700E+000,-1.7353157E-001
9.8101700E+000,-1.9066561E-001
9.8121700E+000,-2.0348684E-001
9.8141700E+000,-2.1217864E-001
9.8161700E+000,-2.1712919E-001
9.8181700E+000,-2.1878604E-001
9.8201700E+000,-2.1755389E-001
9.8221700E+000,-2.1374405E-001
9.8241700E+000,-2.0761002E-001
9.8261700E+000,-1.9938601E-001
9.8281700E+000,-1.8930268E-001
9.8301700E+000,-1.7763310E-001
9.8321700E+000,-1.6461818E-001
9.8341700E+000,-1.5054394E-001
9.8361700E+000,-1.3569140E-001
9.8381700E+000,-1.2035703E-001
9.8401700E+000,-1.0484916E-001
9.8421700E+000,-8.9484862E-002
9.8441700E+000,-7.4582332E-002
9.8461700E+000,-6.0447087E-002
9.8481700E+000,-4.7360803E-002
9.8501700E+000,-3.5555086E-002
9.8521700E+000,-2.5198693E-002
9.8541700E+000,-1.6378305E-002
9.8561700E+000,-9.0959027E-003
9.8581700E+000,-3.2803443E-003
9.8601700E+000,1.1975676E-003
9.8621700E+000,4.5194456E-003
9.8641700E+000,6.9131584E-003
9.8661700E+000,8.6333500E-003
9.8681700E+000,9.9340886E-003
9.8701700E+000,1.1048359E-002
9.8721700E+000,1.2180889E-002
9.8741700E+000,1.3511851E-002
9.8761700E+000,1.5206192E-002
9.8781700E+000,1.7422918E-002
9.8801700E+000,2.0319315E-002
9.8821700E+000,2.4049026E-002
9.8841700E+000,2.8755572E-002
9.8861700E+000,3.4562987E-002
9.8881700E+000,4.1564530E-002
9.8901700E+000,4.9809876E-002
9.8921700E+000,5.9291012E-002
9.8941700E+000,6.9928357E-002
9.8961700E+000,8.1561670E-002
9.8981700E+000,9.3952900E-002
9.9001700E+000,1.0680648E-001
9.9021700E+000,1.1980525E-001
9.9041700E+000,1.3265162E-001
9.9061700E+000,1.4510045E-001
9.9081700E+000,1.5697571E-001
9.9101700E+000,1.6817309E-001
9.9121700E+000,1.7865208E-001
9.9141700E+000,1.8842317E-001
9.9161700E+000,1.9753212E-001
9.9181700E+000,2.0604248E-001
9.9201700E+000,2.1402076E-001
9.9221700E+000,2.2152820E-001
9.9241700E+000,2.2862297E-001
9.9261700E+000,2.3537241E-001
9.9281700E+000,2.4187032E-001
9.9301700E+000,2.4825389E-001
9.9321700E+000,2.5471387E-001
9.9341700E+000,2.6149226E-001
9.9361700E+000,2.6885780E-001
9.9381700E+000,2.7708617E-001
9.9401700E+000,2.8638021E-001
9.9421700E+000,2.9681172E-001
9.9441700E+000,3.0829445E-001
9.9461700E+000,3.2054087E-001
9.9481700E+000,3.3309196E-001
9.9501700E+000,3.4537889E-001
9.9521700E+000,3.5682361E-001
9.9541700E+000,3.6691556E-001
9.9561700E+000,3.7532540E-001
9.9581700E+000,3.8192174E-001
9.9601700E+000,3.8676285E-001
9.9621700E+000,3.9006123E-001
9.9641700E+000,3.9210275E-001
9.9661700E+000,3.9317256E-001
9.9681700E+000,3.9353826E-001
9.9701700E+000,3.9337381E-001
9.9721700E+000,3.9277856E-001
9.9741700E+000,3.9184255E-001
9.9761700E+000,3.9064744E-001
9.9781700E+000,3.8931094E-001
9.9801700E+000,3.8801216E-001
9.9821700E+000,3.8696729E-001
9.9841700E+000,3.8640342E-001
9.9861700E+000,3.8655581E-001
9.9881700E+000,3.8761928E-001
9.9901700E+000,3.8966463E-001
9.9921700E+000,3.9261198E-001
9.9941700E+000,3.9623617E-001
9.9961700E+000,4.0026806E-001
9.9981700E+000,4.0499306E-001
1.0000170E+001,4.1057577E-001
1.0002170E+001,4.1656193E-001
1.0004170E+001,4.2252460E-001
1.0006170E+001,4.2813759E-001
1.0008170E+001,4.3303863E-001
1.0010170E+001,4.3691189E-001
1.0012170E+001,4.3947434E-001
1.0014170E+001,4.4040437E-001
1.0016170E+001,4.3921103E-001
1.0018170E+001,4.3511438E-001
1.0020170E+001,4.2681933E-001
1.0022170E+001,4.1233489E-001
1.0024170E+001,3.8959131E-001
1.0026170E+001,3.5799562E-001
1.0028170E+001,3.1930272E-001
1.0030170E+001,2.7662043E-001
1.0032170E+001,2.3259333E-001
1.0034170E+001,1.8808834E-001
1.0036170E+001,1.4174946E-001
1.0038170E+001,9.0722750E-002
1.0040170E+001,3.2645287E-002
1.0042170E+001,-3.2160621E-002
1.0044170E+001,-9.9856738E-002
1.0046170E+001,-1.6427090E-001
1.0048170E+001,-2.1935385E-001
1.0050170E+001,-2.6140423E-001
1.0052170E+001,-2.9000389E-001
1.0054170E+001,-3.0739481E-001
1.0056170E+001,-3.1699967E-001
1.0058170E+001,-3.2199610E-001
1.0060170E+001,-3.2455536E-001
1.0062170E+001,-3.2580128E-001
1.0064170E+001,-3.2617642E-001
1.0066170E+001,-3.2583567E-001
1.0068170E+001,-3.2489358E-001
1.0070170E+001,-3.2349908E-001
1.0072170E+001,-3.2183775E-001
1.0074170E+001,-3.2011914E-001
1.0076170E+001,-3.1857460E-001
1.0078170E+001,-3.1745529E-001
1.0080170E+001,-3.1702158E-001
1.0082170E+001,-3.1751546E-001
1.0084170E+001,-3.1912665E-001
1.0086170E+001,-3.2196776E-001
1.0088170E+001,-3.2605230E-001
1.0090170E+001,-3.3122129E-001
1.0092170E+001,-3.3716597E-001
1.0094170E+001,-3.4429942E-001
1.0096170E+001,-3.5279094E-001
1.0098170E+001,-3.6205795E-001
1.0100170E+001,-3.7185071E-001
1.0102170E+001,-3.8209083E-001
1.0104170E+001,-3.9250702E-001
1.0106170E+001,-4.0270599E-001
1.0108170E+001,-4.1228543E-001
1.0110170E+001,-4.2087951E-001
1.0112170E+001,-4.2822319E-001
1.0114170E+001,-4.3418587E-001
1.0116170E+001,-4.3876045E-001
1.0118170E+001,-4.4202393E-001
1.0120170E+001,-4.4408742E-001
1.0122170E+001,-4.4505885E-001
1.0124170E+001,-4.4502584E-001
1.0126170E+001,-4.4404861E-001
1.0128170E+001,-4.4215491E-001
1.0130170E+001,-4.3934755E-001
1.0132170E+001,-4.3560153E-001
1.0134170E+001,-4.3087887E-001
1.0136170E+001,-4.2515205E-001
1.0138170E+001,-4.1840970E-001
1.0140170E+001,-4.1065086E-001
1.0142170E+001,-4.0191046E-001
1.0144170E+001,-3.9228727E-001
1.0146170E+001,-3.8190383E-001
1.0148170E+001,-3.7085280E-001
1.0150170E+001,-3.5917463E-001
1.0152170E+001,-3.4684380E-001
1.0154170E+001,-3.3380153E-001
1.0156170E+001,-3.2008799E-001
1.0158170E+001,-3.0600513E-001
1.0160170E+001,-2.9214927E-001
1.0162170E+001,-2.7919068E-001
1.0164170E+001,-2.6760160E-001
1.0166170E+001,-2.5751940E-001
1.0168170E+001,-2.4884786E-001
1.0170170E+001,-2.4148565E-001
1.0172170E+001,-2.3546162E-001
1.0174170E+001,-2.3082779E-001
1.0176170E+001,-2.2753255E-001
1.0178170E+001,-2.2549950E-001
1.0180170E+001,-2.2467406E-001
1.0182170E+001,-2.2494149E-001
1.0184170E+001,-2.2610911E-001
1.0186170E+001,-2.2792215E-001
1.0188170E+001,-2.3006863E-001
1.0190170E+001,-2.3216955E-001
1.0192170E+001,-2.3378358E-001
1.0194170E+001,-2.3440931E-001
1.0196170E+001,-2.3348862E-001
1.0198170E+001,-2.3041350E-001
1.0200170E+001,-2.2454260E-001
1.0202170E+001,-2.1524060E-001
1.0204170E+001,-2.0200349E-001
1.0206170E+001,-1.8419599E-001
1.0208170E+001,-1.6121537E-001
1.0210170E+001,-1.3318780E-001
1.0212170E+001,-1.0067918E-001
1.0214170E+001,-6.4523777E-002
1.0216170E+001,-2.5982738E-002
1.0218170E+001,1.3375868E-002
1.0220170E+001,5.1977181E-002
1.0222170E+001,8.8431157E-002
1.0224170E+001,1.2170958E-001
1.0226170E+001,1.5113666E-001
1.0228170E+001,1.7636455E-001
1.0230170E+001,1.9725823E-001
1.0232170E+001,2.1399730E-001
1.0234170E+001,2.2702913E-001
1.0236170E+001,2.3671982E-001
1.0238170E+001,2.4335513E-001
1.0240170E+001,2.4727288E-001
1.0242170E+001,2.4881338E-001
1.0244170E+001,2.4827893E-001
1.0246170E+001,2.4594216E-001
1.0248170E+001,2.4206793E-001
1.0250170E+001,2.3691910E-001
1.0252170E+001,2.3075371E-001
1.0254170E+001,2.2382480E-001
1.0256170E+001,2.1637763E-001
1.0258170E+001,2.0864235E-001
1.0260170E+001,2.0082289E-001
1.0262170E+001,1.9311155E-001
1.0264170E+001,1.8569319E-001
1.0266170E+001,1.7871457E-001
1.0268170E+001,1.7226100E-001
1.0270170E+001,1.6635477E-001
1.0272170E+001,1.6095693E-001
1.0274170E+001,1.5597182E-001
1.0276170E+001,1.5125877E-001
1.0278170E+001,1.4664908E-001
1.0280170E+001,1.4196501E-001
1.0282170E+001,1.3703681E-001
1.0284170E+001,1.3171799E-001
1.0286170E+001,1.2590604E-001
1.0288170E+001,1.1957112E-001
1.0290170E+001,1.1277514E-001
1.0292170E+001,1.0565883E-001
1.0294170E+001,9.8402923E-002
1.0296170E+001,9.1192415E-002
1.0298170E+001,8.4198596E-002
1.0300170E+001,7.7571613E-002
1.0302170E+001,7.1434717E-002
1.0304170E+001,6.5878963E-002
1.0306170E+001,6.0960273E-002
1.0308170E+001,5.6698847E-002
1.0310170E+001,5.3080214E-002
1.0312170E+001,5.0057423E-002
1.0314170E+001,4.7553857E-002
1.0316170E+001,4.5466224E-002
1.0318170E+001,4.3667279E-002
1.0320170E+001,4.2008152E-002
1.0322170E+001,4.0320534E-002
1.0324170E+001,3.8418677E-002
1.0326170E+001,3.6103788E-002
1.0328170E+001,3.3167525E-002
1.0330170E+001,2.9402088E-002
1.0332170E+001,2.4607857E-002
1.0334170E+001,1.8602779E-002
1.0336170E+001,1.1230346E-002
1.0338170E+001,2.3663629E-003
1.0340170E+001,-8.0758009E-003
1.0342170E+001,-2.0141493E-002
1.0344170E+001,-3.3832671E-002
1.0346170E+001,-4.9106739E-002
1.0348170E+001,-6.5873504E-002
1.0350170E+001,-8.4001387E-002
1.0352170E+001,-1.0333806E-001
1.0354170E+001,-1.2373844E-001
1.0356170E+001,-1.4506430E-001
1.0358170E+001,-1.6708102E-001
1.0360170E+001,-1.8943585E-001
1.0362170E+001,-2.1172782E-001
1.0364170E+001,-2.3344541E-001
1.0366170E+001,-2.5394611E-001
1.0368170E+001,-2.7255838E-001
1.0370170E+001,-2.8871575E-001
1.0372170E+001,-3.0206134E-001
1.0374170E+001,-3.1250357E-001
1.0376170E+001,-3.2020137E-001
1.0378170E+001,-3.2549441E-001
1.0380170E+001,-3.2880427E-001
1.0382170E+001,-3.3058412E-001
1.0384170E+001,-3.3127119E-001
1.0386170E+001,-3.3127696E-001
1.0388170E+001,-3.3097948E-001
1.0390170E+001,-3.3076322E-001
1.0392170E+001,-3.3105277E-001
1.0394170E+001,-3.3222514E-001
1.0396170E+001,-3.3453058E-001
1.0398170E+001,-3.3815264E-001
1.0400170E+001,-3.4322148E-001
1.0402170E+001,-3.4970459E-001
1.0404170E+001,-3.5737393E-001
1.0406170E+001,-3.6584864E-001
1.0408170E+001,-3.7463750E-001
1.0410170E+001,-3.8319967E-001
1.0412170E+001,-3.9101852E-001
1.0414170E+001,-3.9766667E-001
1.0416170E+001,-4.0285082E-001
1.0418170E+001,-4.0642768E-001
1.0420170E+001,-4.0839340E-001
1.0422170E+001,-4.0885181E-001
1.0424170E+001,-4.0796061E-001
1.0426170E+001,-4.0587679E-001
1.0428170E+001,-4.0271051E-001
1.0430170E+001,-3.9849267E-001
1.0432170E+001,-3.9315092E-001
1.0434170E+001,-3.8647822E-001
1.0436170E+001,-3.7811092E-001
1.0438170E+001,-3.6751104E-001
1.0440170E+001,-3.5395037E-001
1.0442170E+001,-3.3661385E-001
1.0444170E+001,-3.1490771E-001
1.0446170E+001,-2.8876293E-001
1.0448170E+001,-2.5868109E-001
1.0450170E+001,-2.2556199E-001
1.0452170E+001,-1.9059646E-001
1.0454170E+001,-1.5531488E-001
1.0456170E+001,-1.2147678E-001
1.0458170E+001,-9.0825416E-002
1.0460170E+001,-6.4824327E-002
1.0462170E+001,-4.4440961E-002
1.0464170E+001,-3.0044360E-002
1.0466170E+001,-2.1422519E-002
1.0468170E+001,-1.7896151E-002
1.0470170E+001,-1.8485579E-002
1.0472170E+001,-2.2088687E-002
1.0474170E+001,-2.7604306E-002
1.0476170E+001,-3.4019792E-002
1.0478170E+001,-4.0450079E-002
1.0480170E+001,-4.6149355E-002
1.0482170E+001,-5.0499482E-002
1.0484170E+001,-5.2988371E-002
1.0486170E+001,-5.3191431E-002
1.0488170E+001,-5.0754511E-002
1.0490170E+001,-4.5381995E-002
1.0492170E+001,-3.6840695E-002
1.0494170E+001,-2.4990479E-002
1.0496170E+001,-9.8786292E-003
1.0498170E+001,8.0804878E-003
1.0500170E+001,2.8786552E-002
1.0502170E+001,5.2519850E-002
1.0504170E+001,7.8418806E-002
1.0506170E+001,1.0493881E-001
1.0508170E+001,1.3127925E-001
1.0510170E+001,1.5694627E-001
1.0512170E+001,1.8137478E-001
1.0514170E+001,2.0416505E-001
1.0516170E+001,2.2506490E-001
1.0518170E+001,2.4389877E-001
1.0520170E+001,2.6055455E-001
1.0522170E+001,2.7496031E-001
1.0524170E+001,2.8711430E-001
1.0526170E+001,2.9704281E-001
1.0528170E+001,3.0480570E-001
1.0530170E+001,3.1050463E-001
1.0532170E+001,3.1425150E-001
1.0534170E+001,3.1614504E-001
1.0536170E+001,3.1631590E-001
1.0538170E+001,3.1492728E-001
1.0540170E+001,3.1209472E-001
1.0542170E+001,3.0792202E-001
1.0544170E+001,3.0252789E-001
1.0546170E+001,2.9604124E-001
1.0548170E+001,2.8859938E-001
1.0550170E+001,2.8036073E-001
1.0552170E+001,2.7151293E-001
1.0554170E+001,2.6226658E-001
1.0556170E+001,2.5283665E-001
1.0558170E+001,2.4342864E-001
1.0560170E+001,2.3424376E-001
1.0562170E+001,2.2548978E-001
1.0564170E+001,2.1738042E-001
1.0566170E+001,2.1012474E-001
1.0568170E+001,2.0391351E-001
1.0570170E+001,1.9890254E-001
1.0572170E+001,1.9519540E-001
1.0574170E+001,1.9283308E-001
1.0576170E+001,1.9179493E-001
1.0578170E+001,1.9200156E-001
1.0580170E+001,1.9330783E-001
1.0582170E+001,1.9548646E-001
1.0584170E+001,1.9823365E-001
1.0586170E+001,2.0121754E-001
1.0588170E+001,2.0415518E-001
1.0590170E+001,2.0690338E-001
1.0592170E+001,2.0952776E-001
1.0594170E+001,2.1231314E-001
1.0596170E+001,2.1568651E-001
1.0598170E+001,2.2005992E-001
1.0600170E+001,2.2564140E-001
1.0602170E+001,2.3228197E-001
1.0604170E+001,2.3941404E-001
1.0606170E+001,2.4610259E-001
1.0608170E+001,2.5119622E-001
1.0610170E+001,2.5353920E-001
1.0612170E+001,2.5218692E-001
1.0614170E+001,2.4655837E-001
1.0616170E+001,2.3648941E-001
1.0618170E+001,2.2218548E-001
1.0620170E+001,2.0412532E-001
1.0622170E+001,1.8296544E-001
1.0624170E+001,1.5948246E-001
1.0626170E+001,1.3451655E-001
1.0628170E+001,1.0893707E-001
1.0630170E+001,8.3506015E-002
1.0632170E+001,5.8683640E-002
1.0634170E+001,3.4797905E-002
1.0636170E+001,1.2316795E-002
1.0638170E+001,-8.3976473E-003
1.0640170E+001,-2.7416780E-002
1.0642170E+001,-4.5042637E-002
1.0644170E+001,-6.1498352E-002
1.0646170E+001,-7.6910718E-002
1.0648170E+001,-9.1381437E-002
1.0650170E+001,-1.0500631E-001
1.0652170E+001,-1.1788869E-001
1.0654170E+001,-1.3014675E-001
1.0656170E+001,-1.4189300E-001
1.0658170E+001,-1.5320280E-001
1.0660170E+001,-1.6409891E-001
1.0662170E+001,-1.7455833E-001
1.0664170E+001,-1.8452895E-001
1.0666170E+001,-1.9394240E-001
1.0668170E+001,-2.0271755E-001
1.0670170E+001,-2.1075791E-001
1.0672170E+001,-2.1794906E-001
1.0674170E+001,-2.2415983E-001
1.0676170E+001,-2.2924677E-001
1.0678170E+001,-2.3306114E-001
1.0680170E+001,-2.3545738E-001
1.0682170E+001,-2.3630054E-001
1.0684170E+001,-2.3548465E-001
1.0686170E+001,-2.3293137E-001
1.0688170E+001,-2.2861256E-001
1.0690170E+001,-2.2256397E-001
1.0692170E+001,-2.1488551E-001
1.0694170E+001,-2.0573906E-001
1.0696170E+001,-1.9534273E-001
1.0698170E+001,-1.8396281E-001
1.0700170E+001,-1.7190175E-001
1.0702170E+001,-1.5948054E-001
1.0704170E+001,-1.4701604E-001
1.0706170E+001,-1.3479422E-001
1.0708170E+001,-1.2304243E-001
1.0710170E+001,-1.1190910E-001
1.0712170E+001,-1.0145961E-001
1.0714170E+001,-9.1684297E-002
1.0716170E+001,-8.2502196E-002
1.0718170E+001,-7.3754198E-002
1.0720170E+001,-6.5201230E-002
1.0722170E+001,-5.6543332E-002
1.0724170E+001,-4.7454284E-002
1.0726170E+001,-3.7617302E-002
1.0728170E+001,-2.6755749E-002
1.0730170E+001,-1.4658486E-002
1.0732170E+001,-1.1978063E-003
1.0734170E+001,1.3663370E-002
1.0736170E+001,2.9877627E-002
1.0738170E+001,4.7331808E-002
1.0740170E+001,6.5872930E-002
1.0742170E+001,8.5327252E-002
1.0744170E+001,1.0553491E-001
1.0746170E+001,1.2628831E-001
1.0748170E+001,1.4735715E-001
1.0750170E+001,1.6841437E-001
1.0752170E+001,1.8903216E-001
1.0754170E+001,2.0870106E-001
1.0756170E+001,2.2690384E-001
1.0758170E+001,2.4321200E-001
1.0760170E+001,2.5736519E-001
1.0762170E+001,2.6929665E-001
1.0764170E+001,2.7909814E-001
1.0766170E+001,2.8695118E-001
1.0768170E+001,2.9306241E-001
1.0770170E+001,2.9763835E-001
1.0772170E+001,3.0088692E-001
1.0774170E+001,3.0299196E-001
1.0776170E+001,3.0409519E-001
1.0778170E+001,3.0431786E-001
1.0780170E+001,3.0380817E-001
1.0782170E+001,3.0275673E-001
1.0784170E+001,3.0140466E-001
1.0786170E+001,2.9994922E-001
1.0788170E+001,2.9842766E-001
1.0790170E+001,2.9675814E-001
1.0792170E+001,2.9497382E-001
1.0794170E+001,2.9328123E-001
1.0796170E+001,2.9183952E-001
1.0798170E+001,2.9066636E-001
1.0800170E+001,2.8974731E-001
1.0802170E+001,2.8909255E-001
1.0804170E+001,2.8876919E-001
1.0806170E+001,2.8895073E-001
1.0808170E+001,2.8985547E-001
1.0810170E+001,2.9162291E-001
1.0812170E+001,2.9430656E-001
1.0814170E+001,2.9797434E-001
1.0816170E+001,3.0275027E-001
1.0818170E+001,3.0869425E-001
1.0820170E+001,3.1562462E-001
1.0822170E+001,3.2355459E-001
1.0824170E+001,3.3317469E-001
1.0826170E+001,3.4502770E-001
1.0828170E+001,3.5818940E-001
1.0830170E+001,3.7135564E-001
1.0832170E+001,3.8395883E-001
1.0834170E+001,3.9552888E-001
1.0836170E+001,4.0529707E-001
1.0838170E+001,4.1250080E-001
1.0840170E+001,4.1654330E-001
1.0842170E+001,4.1703686E-001
1.0844170E+001,4.1385486E-001
1.0846170E+001,4.0719995E-001
1.0848170E+001,3.9768287E-001
1.0850170E+001,3.8637863E-001
1.0852170E+001,3.7481259E-001
1.0854170E+001,3.6482100E-001
1.0856170E+001,3.5821814E-001
1.0858170E+001,3.5628954E-001
1.0860170E+001,3.5924283E-001
1.0862170E+001,3.6581471E-001
1.0864170E+001,3.7318436E-001
1.0866170E+001,3.7717204E-001
1.0868170E+001,3.7256827E-001
1.0870170E+001,3.5383282E-001
1.0872170E+001,3.1680794E-001
1.0874170E+001,2.6101722E-001
1.0876170E+001,1.9109367E-001
1.0878170E+001,1.1534165E-001
1.0880170E+001,4.2010253E-002
1.0882170E+001,-2.3303036E-002
1.0884170E+001,-7.7895347E-002
1.0886170E+001,-1.2103889E-001
1.0888170E+001,-1.5330602E-001
1.0890170E+001,-1.7631394E-001
1.0892170E+001,-1.9229779E-001
1.0894170E+001,-2.0346665E-001
1.0896170E+001,-2.1156792E-001
1.0898170E+001,-2.1780136E-001
1.0900170E+001,-2.2291644E-001
1.0902170E+001,-2.2735027E-001
1.0904170E+001,-2.3134503E-001
1.0906170E+001,-2.3501205E-001
1.0908170E+001,-2.3835739E-001
1.0910170E+001,-2.4129823E-001
1.0912170E+001,-2.4368769E-001
1.0914170E+001,-2.4534992E-001
1.0916170E+001,-2.4611384E-001
1.0918170E+001,-2.4585205E-001
1.0920170E+001,-2.4449968E-001
1.0922170E+001,-2.4207970E-001
1.0924170E+001,-2.3872174E-001
1.0926170E+001,-2.3464735E-001
1.0928170E+001,-2.3013213E-001
1.0930170E+001,-2.2544393E-001
1.0932170E+001,-2.2077029E-001
1.0934170E+001,-2.1616077E-001
1.0936170E+001,-2.1150997E-001
1.0938170E+001,-2.0659370E-001
1.0940170E+001,-2.0114954E-001
1.0942170E+001,-1.9497445E-001
1.0944170E+001,-1.8800508E-001
1.0946170E+001,-1.8035311E-001
1.0948170E+001,-1.7229392E-001
1.0950170E+001,-1.6422951E-001
1.0952170E+001,-1.5664541E-001
1.0954170E+001,-1.5006073E-001
1.0956170E+001,-1.4496416E-001
1.0958170E+001,-1.4175066E-001
1.0960170E+001,-1.4068638E-001
1.0962170E+001,-1.4190815E-001
1.0964170E+001,-1.4543780E-001
1.0966170E+001,-1.5119140E-001
1.0968170E+001,-1.5899121E-001
1.0970170E+001,-1.6858116E-001
1.0972170E+001,-1.7964467E-001
1.0974170E+001,-1.9182523E-001
1.0976170E+001,-2.0474979E-001
1.0978170E+001,-2.1805230E-001
1.0980170E+001,-2.3139290E-001
1.0982170E+001,-2.4446131E-001
1.0984170E+001,-2.5691685E-001
1.0986170E+001,-2.6855815E-001
1.0988170E+001,-2.7930840E-001
1.0990170E+001,-2.8910405E-001
1.0992170E+001,-2.9786537E-001
1.0994170E+001,-3.0545879E-001
1.0996170E+001,-3.1172016E-001
1.0998170E+001,-3.1662823E-001
1.1000170E+001,-3.2072646E-001
1.1002170E+001,-3.2529717E-001
1.1004170E+001,-3.3144707E-001
1.1006170E+001,-3.3863344E-001
1.1008170E+001,-3.4468205E-001
1.1010170E+001,-3.4769856E-001
1.1012170E+001,-3.4742935E-001
1.1014170E+001,-3.4456300E-001
1.1016170E+001,-3.3953339E-001
1.1018170E+001,-3.3226116E-001
1.1020170E+001,-3.2244756E-001
1.1022170E+001,-3.0968186E-001
1.1024170E+001,-2.9335054E-001
1.1026170E+001,-2.7258562E-001
1.1028170E+001,-2.4641935E-001
1.1030170E+001,-2.1427975E-001
1.1032170E+001,-1.7666683E-001
1.1034170E+001,-1.3547935E-001
1.1036170E+001,-9.3459885E-002
1.1038170E+001,-5.2967513E-002
1.1040170E+001,-1.5086368E-002
1.1042170E+001,2.0203396E-002
1.1044170E+001,5.3197505E-002
1.1046170E+001,8.3897969E-002
1.1048170E+001,1.1202152E-001
1.1050170E+001,1.3723785E-001
1.1052170E+001,1.5930382E-001
1.1054170E+001,1.7807284E-001
1.1056170E+001,1.9351159E-001
1.1058170E+001,2.0565095E-001
1.1060170E+001,2.1465493E-001
1.1062170E+001,2.2079492E-001
1.1064170E+001,2.2445121E-001
1.1066170E+001,2.2608364E-001
1.1068170E+001,2.2618446E-001
1.1070170E+001,2.2522291E-001
1.1072170E+001,2.2362164E-001
1.1074170E+001,2.2173542E-001
1.1076170E+001,2.1986975E-001
1.1078170E+001,2.1829101E-001
1.1080170E+001,2.1724020E-001
1.1082170E+001,2.1693557E-001
1.1084170E+001,2.1756487E-001
1.1086170E+001,2.1927093E-001
1.1088170E+001,2.2213481E-001
1.1090170E+001,2.2615163E-001
1.1092170E+001,2.3116969E-001
1.1094170E+001,2.3700308E-001
1.1096170E+001,2.4383257E-001
1.1098170E+001,2.5150504E-001
1.1100170E+001,2.5950924E-001
1.1102170E+001,2.6762191E-001
1.1104170E+001,2.7575715E-001
1.1106170E+001,2.8374128E-001
1.1108170E+001,2.9141106E-001
1.1110170E+001,2.9862231E-001
1.1112170E+001,3.0523636E-001
1.1114170E+001,3.1113117E-001
1.1116170E+001,3.1620123E-001
1.1118170E+001,3.2035689E-001
1.1120170E+001,3.2352110E-001
1.1122170E+001,3.2562367E-001
1.1124170E+001,3.2659679E-001
1.1126170E+001,3.2637253E-001
1.1128170E+001,3.2486727E-001
1.1130170E+001,3.2198620E-001
1.1132170E+001,3.1761379E-001
1.1134170E+001,3.1162679E-001
1.1136170E+001,3.0389310E-001
1.1138170E+001,2.9425421E-001
1.1140170E+001,2.8251097E-001
1.1142170E+001,2.6840877E-001
1.1144170E+001,2.5164772E-001
1.1146170E+001,2.3201582E-001
1.1148170E+001,2.0965074E-001
1.1150170E+001,1.8519927E-001
1.1152170E+001,1.5963562E-001
1.1154170E+001,1.3384854E-001
1.1156170E+001,1.0838994E-001
1.1158170E+001,8.3547659E-002
1.1160170E+001,5.9541287E-002
1.1162170E+001,3.6601810E-002
1.1164170E+001,1.4931071E-002
1.1166170E+001,-5.3344210E-003
1.1168170E+001,-2.4116399E-002
1.1170170E+001,-4.1383713E-002
1.1172170E+001,-5.7147938E-002
1.1174170E+001,-7.1456648E-002
1.1176170E+001,-8.4388019E-002
1.1178170E+001,-9.6049133E-002
1.1180170E+001,-1.0657346E-001
1.1182170E+001,-1.1611554E-001
1.1184170E+001,-1.2484519E-001
1.1186170E+001,-1.3294246E-001
1.1188170E+001,-1.4059284E-001
1.1190170E+001,-1.4798279E-001
1.1192170E+001,-1.5529470E-001
1.1194170E+001,-1.6270067E-001
1.1196170E+001,-1.7035469E-001
1.1198170E+001,-1.7838585E-001
1.1200170E+001,-1.8689394E-001
1.1202170E+001,-1.9594688E-001
1.1204170E+001,-2.0557881E-001
1.1206170E+001,-2.1578802E-001
1.1208170E+001,-2.2653535E-001
1.1210170E+001,-2.3774537E-001
1.1212170E+001,-2.4931104E-001
1.1214170E+001,-2.6110006E-001
1.1216170E+001,-2.7296726E-001
1.1218170E+001,-2.8476456E-001
1.1220170E+001,-2.9635291E-001
1.1222170E+001,-3.0761366E-001
1.1224170E+001,-3.1845806E-001
1.1226170E+001,-3.2883190E-001
1.1228170E+001,-3.3871332E-001
1.1230170E+001,-3.4810388E-001
1.1232170E+001,-3.5700966E-001
1.1234170E+001,-3.6542403E-001
1.1236170E+001,-3.7334888E-001
1.1238170E+001,-3.8077487E-001
1.1240170E+001,-3.8766449E-001
1.1242170E+001,-3.9392923E-001
1.1244170E+001,-3.9942279E-001
1.1246170E+001,-4.0398105E-001
1.1248170E+001,-4.0753201E-001
1.1250170E+001,-4.1022348E-001
1.1252170E+001,-4.1240409E-001
1.1254170E+001,-4.1437919E-001
1.1256170E+001,-4.1616513E-001
1.1258170E+001,-4.1751633E-001
1.1260170E+001,-4.1817631E-001
1.1262170E+001,-4.1808209E-001
1.1264170E+001,-4.1736997E-001
1.1266170E+001,-4.1626303E-001
1.1268170E+001,-4.1497968E-001
1.1270170E+001,-4.1369259E-001
1.1272170E+001,-4.1248295E-001
1.1274170E+001,-4.1128504E-001
1.1276170E+001,-4.0984666E-001
1.1278170E+001,-4.0770674E-001
1.1280170E+001,-4.0419852E-001
1.1282170E+001,-3.9846926E-001
1.1284170E+001,-3.8953575E-001
1.1286170E+001,-3.7634808E-001
1.1288170E+001,-3.5789937E-001
1.1290170E+001,-3.3342233E-001
1.1292170E+001,-3.0269135E-001
1.1294170E+001,-2.6634423E-001
1.1296170E+001,-2.2603451E-001
1.1298170E+001,-1.8426676E-001
1.1300170E+001,-1.4392267E-001
1.1302170E+001,-1.0763358E-001
1.1304170E+001,-7.7235999E-002
1.1306170E+001,-5.3532968E-002
1.1308170E+001,-3.6433974E-002
1.1310170E+001,-2.5327801E-002
1.1312170E+001,-1.9432237E-002
1.1314170E+001,-1.7947916E-002
1.1316170E+001,-2.0031830E-002
1.1318170E+001,-2.4718651E-002
1.1320170E+001,-3.0916334E-002
1.1322170E+001,-3.7552791E-002
1.1324170E+001,-4.3788835E-002
1.1326170E+001,-4.9168994E-002
1.1328170E+001,-5.3626835E-002
1.1330170E+001,-5.7349796E-002
1.1332170E+001,-6.0587792E-002
1.1334170E+001,-6.3503223E-002
1.1336170E+001,-6.6113707E-002
1.1338170E+001,-6.8314418E-002
1.1340170E+001,-6.9930688E-002
1.1342170E+001,-7.0758167E-002
1.1344170E+001,-7.0578810E-002
1.1346170E+001,-6.9165532E-002
1.1348170E+001,-6.6293650E-002
1.1350170E+001,-6.1765779E-002
1.1352170E+001,-5.5440637E-002
1.1354170E+001,-4.7255488E-002
1.1356170E+001,-3.7238145E-002
1.1358170E+001,-2.5511021E-002
1.1360170E+001,-1.2293660E-002
1.1362170E+001,1.9461291E-003
1.1364170E+001,1.6680786E-002
1.1366170E+001,3.2043156E-002
1.1368170E+001,4.9007870E-002
1.1370170E+001,6.7687354E-002
1.1372170E+001,8.6665658E-002
1.1374170E+001,1.0482400E-001
1.1376170E+001,1.2212782E-001
1.1378170E+001,1.3859545E-001
1.1380170E+001,1.5399051E-001
1.1382170E+001,1.6809548E-001
1.1384170E+001,1.8078700E-001
1.1386170E+001,1.9199284E-001
1.1388170E+001,2.0168769E-001
1.1390170E+001,2.0989201E-001
1.1392170E+001,2.1666932E-001
1.1394170E+001,2.2212759E-001
1.1396170E+001,2.2641445E-001
1.1398170E+001,2.2970609E-001
1.1400170E+001,2.3219094E-001
1.1402170E+001,2.3405074E-001
1.1404170E+001,2.3544362E-001
1.1406170E+001,2.3649237E-001
1.1408170E+001,2.3727798E-001
1.1410170E+001,2.3783676E-001
1.1412170E+001,2.3815994E-001
1.1414170E+001,2.3819517E-001
1.1416170E+001,2.3784876E-001
1.1418170E+001,2.3698637E-001
1.1420170E+001,2.3544217E-001
1.1422170E+001,2.3303503E-001
1.1424170E+001,2.2957824E-001
1.1426170E+001,2.2490112E-001
1.1428170E+001,2.1885571E-001
1.1430170E+001,2.1132756E-001
1.1432170E+001,2.0224589E-001
1.1434170E+001,1.9159574E-001
1.1436170E+001,1.7942667E-001
1.1438170E+001,1.6585611E-001
1.1440170E+001,1.5107456E-001
1.1442170E+001,1.3535866E-001
1.1444170E+001,1.1907318E-001
1.1446170E+001,1.0263239E-001
1.1448170E+001,8.6428093E-002
1.1450170E+001,7.0768614E-002
1.1452170E+001,5.5854518E-002
1.1454170E+001,4.1778255E-002
1.1456170E+001,2.8529934E-002
1.1458170E+001,1.6007910E-002
1.1460170E+001,4.0384129E-003
1.1462170E+001,-7.5950702E-003
1.1464170E+001,-1.9114321E-002
1.1466170E+001,-3.0704699E-002
1.1468170E+001,-4.2477492E-002
1.1470170E+001,-5.4448859E-002
1.1472170E+001,-6.6547586E-002
1.1474170E+001,-7.8654249E-002
1.1476170E+001,-9.0657065E-002
1.1478170E+001,-1.0249644E-001
1.1480170E+001,-1.1417505E-001
1.1482170E+001,-1.2573303E-001
1.1484170E+001,-1.3721075E-001
1.1486170E+001,-1.4862396E-001
1.1488170E+001,-1.5995978E-001
1.1490170E+001,-1.7118376E-001
1.1492170E+001,-1.8224450E-001
1.1494170E+001,-1.9307089E-001
1.1496170E+001,-2.0356623E-001
1.1498170E+001,-2.1360528E-001
1.1500170E+001,-2.2303736E-001
1.1502170E+001,-2.3169528E-001
1.1504170E+001,-2.3940765E-001
1.1506170E+001,-2.4601303E-001
1.1508170E+001,-2.5137394E-001
1.1510170E+001,-2.5538971E-001
1.1512170E+001,-2.5800715E-001
1.1514170E+001,-2.5922730E-001
1.1516170E+001,-2.5910554E-001
1.1518170E+001,-2.5773678E-001
1.1520170E+001,-2.5524353E-001
1.1522170E+001,-2.5175929E-001
1.1524170E+001,-2.4740010E-001
1.1526170E+001,-2.4225101E-001
1.1528170E+001,-2.3635644E-001
1.1530170E+001,-2.2972753E-001
1.1532170E+001,-2.2236034E-001
1.1534170E+001,-2.1425934E-001
1.1536170E+001,-2.0545795E-001
1.1538170E+001,-1.9602864E-001
1.1540170E+001,-1.8607808E-001
1.1542170E+001,-1.7572708E-001
1.1544170E+001,-1.6508151E-001
1.1546170E+001,-1.5420647E-001
1.1548170E+001,-1.4311615E-001
1.1550170E+001,-1.3177737E-001
1.1552170E+001,-1.2011315E-001
1.1554170E+001,-1.0800346E-001
1.1556170E+001,-9.5298473E-002
1.1558170E+001,-8.1854322E-002
1.1560170E+001,-6.7580011E-002
1.1562170E+001,-5.2476982E-002
1.1564170E+001,-3.6660334E-002
1.1566170E+001,-2.0356965E-002
1.1568170E+001,-3.8793949E-003
1.1570170E+001,1.2419927E-002
1.1572170E+001,2.8202779E-002
1.1574170E+001,4.3194185E-002
1.1576170E+001,5.7214970E-002
1.1578170E+001,7.0187608E-002
1.1580170E+001,8.2148518E-002
1.1582170E+001,9.3170476E-002
1.1584170E+001,1.0338472E-001
1.1586170E+001,1.1291244E-001
1.1588170E+001,1.2185065E-001
1.1590170E+001,1.3025719E-001
1.1592170E+001,1.3814793E-001
1.1594170E+001,1.4550754E-001
1.1596170E+001,1.5230546E-001
1.1598170E+001,1.5851791E-001
1.1600170E+001,1.6414909E-001
1.1602170E+001,1.6924603E-001
1.1604170E+001,1.7390372E-001
1.1606170E+001,1.7825774E-001
1.1608170E+001,1.8246591E-001
1.1610170E+001,1.8668420E-001
1.1612170E+001,1.9104439E-001
1.1614170E+001,1.9563906E-001
1.1616170E+001,2.0051653E-001
1.1618170E+001,2.0568486E-001
1.1620170E+001,2.1112222E-001
1.1622170E+001,2.1678976E-001
1.1624170E+001,2.2264421E-001
1.1626170E+001,2.2864775E-001
1.1628170E+001,2.3477419E-001
1.1630170E+001,2.4100972E-001
1.1632170E+001,2.4733734E-001
1.1634170E+001,2.5375577E-001
1.1636170E+001,2.6026386E-001
1.1638170E+001,2.6684559E-001
1.1640170E+001,2.7344379E-001
1.1642170E+001,2.7990602E-001
1.1644170E+001,2.8594043E-001
1.1646170E+001,2.9114976E-001
1.1648170E+001,2.9521810E-001
1.1650170E+001,2.9816726E-001
1.1652170E+001,3.0042823E-001
1.1654170E+001,3.0258335E-001
1.1656170E+001,3.0498216E-001
1.1658170E+001,3.0758054E-001
1.1660170E+001,3.1008305E-001
1.1662170E+001,3.1214859E-001
1.1664170E+001,3.1344799E-001
1.1666170E+001,3.1361850E-001
1.1668170E+001,3.1227272E-001
1.1670170E+001,3.0914662E-001
1.1672170E+001,3.0435205E-001
1.1674170E+001,2.9858319E-001
1.1676170E+001,2.9307818E-001
1.1678170E+001,2.8923717E-001
1.1680170E+001,2.8804024E-001
1.1682170E+001,2.8956876E-001
1.1684170E+001,2.9286893E-001
1.1686170E+001,2.9621926E-001
1.1688170E+001,2.9767114E-001
1.1690170E+001,2.9562913E-001
1.1692170E+001,2.8927169E-001
1.1694170E+001,2.7865970E-001
1.1696170E+001,2.6447162E-001
1.1698170E+001,2.4758506E-001
1.1700170E+001,2.2885494E-001
1.1702170E+001,2.0910682E-001
1.1704170E+001,1.8924406E-001
1.1706170E+001,1.7028485E-001
1.1708170E+001,1.5325656E-001
1.1710170E+001,1.3902832E-001
1.1712170E+001,1.2817185E-001
1.1714170E+001,1.2090659E-001
1.1716170E+001,1.1713034E-001
1.1718170E+001,1.1649833E-001
1.1720170E+001,1.1851528E-001
1.1722170E+001,1.2260912E-001
1.1724170E+001,1.2818455E-001
1.1726170E+001,1.3466660E-001
1.1728170E+001,1.4153041E-001
1.1730170E+001,1.4831919E-001
1.1732170E+001,1.5465129E-001
1.1734170E+001,1.6021736E-001
1.1736170E+001,1.6476764E-001
1.1738170E+001,1.6809055E-001
1.1740170E+001,1.6998734E-001
1.1742170E+001,1.7025042E-001
1.1744170E+001,1.6865213E-001
1.1746170E+001,1.6494910E-001
1.1748170E+001,1.5890397E-001
1.1750170E+001,1.5031619E-001
1.1752170E+001,1.3905785E-001
1.1754170E+001,1.2510596E-001
1.1756170E+001,1.0855967E-001
1.1758170E+001,8.9697911E-002
1.1760170E+001,6.8894131E-002
1.1762170E+001,4.6305833E-002
1.1764170E+001,2.1759158E-002
1.1766170E+001,-4.5066227E-003
1.1768170E+001,-3.1507367E-002
1.1770170E+001,-5.8336790E-002
1.1772170E+001,-8.4468721E-002
1.1774170E+001,-1.0933576E-001
1.1776170E+001,-1.3228256E-001
1.1778170E+001,-1.5275931E-001
1.1780170E+001,-1.7037250E-001
1.1782170E+001,-1.8489007E-001
1.1784170E+001,-1.9624753E-001
1.1786170E+001,-2.0453303E-001
1.1788170E+001,-2.0996001E-001
1.1790170E+001,-2.1283176E-001
1.1792170E+001,-2.1350089E-001
1.1794170E+001,-2.1232698E-001
1.1796170E+001,-2.0964190E-001
1.1798170E+001,-2.0574176E-001
1.1800170E+001,-2.0087877E-001
1.1802170E+001,-1.9526312E-001
1.1804170E+001,-1.8907076E-001
1.1806170E+001,-1.8245098E-001
1.1808170E+001,-1.7553179E-001
1.1810170E+001,-1.6842191E-001
1.1812170E+001,-1.6121054E-001
1.1814170E+001,-1.5396686E-001
1.1816170E+001,-1.4674059E-001
1.1818170E+001,-1.3956326E-001
1.1820170E+001,-1.3244940E-001
1.1822170E+001,-1.2539616E-001
1.1824170E+001,-1.1838164E-001
1.1826170E+001,-1.1136353E-001
1.1828170E+001,-1.0428031E-001
1.1830170E+001,-9.7057581E-002
1.1832170E+001,-8.9623121E-002
1.1834170E+001,-8.1932483E-002
1.1836170E+001,-7.3995505E-002
1.1838170E+001,-6.5884110E-002
1.1840170E+001,-5.7713380E-002
1.1842170E+001,-4.9610207E-002
1.1844170E+001,-4.1686449E-002
1.1846170E+001,-3.4018863E-002
1.1848170E+001,-2.6632634E-002
1.1850170E+001,-1.9491266E-002
1.1852170E+001,-1.2497426E-002
1.1854170E+001,-5.5050688E-003
1.1856170E+001,1.6606274E-003
1.1858170E+001,9.1805574E-003
1.1860170E+001,1.7221270E-002
1.1862170E+001,2.5920360E-002
1.1864170E+001,3.5378584E-002
1.1866170E+001,4.5657288E-002
1.1868170E+001,5.6778767E-002
1.1870170E+001,6.8727335E-002
1.1872170E+001,8.1448978E-002
1.1874170E+001,9.4847206E-002
1.1876170E+001,1.0877369E-001
1.1878170E+001,1.2301629E-001
1.1880170E+001,1.3729023E-001
1.1882170E+001,1.5126519E-001
1.1884170E+001,1.6458236E-001
1.1886170E+001,1.7691443E-001
1.1888170E+001,1.8803207E-001
1.1890170E+001,1.9780511E-001
1.1892170E+001,2.0620192E-001
1.1894170E+001,2.1324869E-001
1.1896170E+001,2.1899445E-001
1.1898170E+001,2.2348865E-001
1.1900170E+001,2.2677752E-001
1.1902170E+001,2.2890834E-001
1.1904170E+001,2.2993228E-001
1.1906170E+001,2.2990387E-001
1.1908170E+001,2.2887656E-001
1.1910170E+001,2.2690439E-001
1.1912170E+001,2.2404870E-001
1.1914170E+001,2.2038562E-001
1.1916170E+001,2.1601131E-001
1.1918170E+001,2.1104436E-001
1.1920170E+001,2.0562231E-001
1.1922170E+001,1.9989207E-001
1.1924170E+001,1.9399596E-001
1.1926170E+001,1.8805641E-001
1.1928170E+001,1.8216254E-001
1.1930170E+001,1.7636127E-001
1.1932170E+001,1.7065429E-001
1.1934170E+001,1.6500049E-001
1.1936170E+001,1.5932233E-001
1.1938170E+001,1.5351495E-001
1.1940170E+001,1.4745862E-001
1.1942170E+001,1.4103729E-001
1.1944170E+001,1.3416096E-001
1.1946170E+001,1.2678142E-001
1.1948170E+001,1.1889214E-001
1.1950170E+001,1.1051595E-001
1.1952170E+001,1.0169047E-001
1.1954170E+001,9.2456019E-002
1.1956170E+001,8.2846837E-002
1.1958170E+001,7.2889536E-002
1.1960170E+001,6.2613149E-002
1.1962170E+001,5.2069240E-002
1.1964170E+001,4.1354052E-002
1.1966170E+001,3.0622041E-002
1.1968170E+001,2.0082402E-002
1.1970170E+001,9.9765174E-003
1.1972170E+001,5.4181986E-004
1.1974170E+001,-8.0273505E-003
1.1976170E+001,-1.5610896E-002
1.1978170E+001,-2.2178907E-002
1.1980170E+001,-2.7790810E-002
1.1982170E+001,-3.2581052E-002
1.1984170E+001,-3.6737344E-002
1.1986170E+001,-4.0477862E-002
1.1988170E+001,-4.4032720E-002
1.1990170E+001,-4.7632506E-002
1.1992170E+001,-5.1503914E-002
1.1994170E+001,-5.5869406E-002
1.1996170E+001,-6.0946510E-002
1.1998170E+001,-6.6942920E-002
1.2000170E+001,-7.4045363E-002
1.2002170E+001,-8.2403826E-002
1.2004170E+001,-9.2114857E-002
1.2006170E+001,-1.0320839E-001
1.2008170E+001,-1.1564154E-001
1.2010170E+001,-1.2930049E-001
1.2012170E+001,-1.4400969E-001
1.2014170E+001,-1.5954551E-001
1.2016170E+001,-1.7565167E-001
1.2018170E+001,-1.9205354E-001
1.2020170E+001,-2.0847067E-001
1.2022170E+001,-2.2462214E-001
1.2024170E+001,-2.4022702E-001
1.2026170E+001,-2.5505179E-001
1.2028170E+001,-2.6889896E-001
1.2030170E+001,-2.8161962E-001
1.2032170E+001,-2.9310695E-001
1.2034170E+001,-3.0326730E-001
1.2036170E+001,-3.1196979E-001
1.2038170E+001,-3.1900462E-001
1.2040170E+001,-3.2409034E-001
1.2042170E+001,-3.2694568E-001
1.2044170E+001,-3.2738938E-001
1.2046170E+001,-3.2541173E-001
1.2048170E+001,-3.2126380E-001
1.2050170E+001,-3.1563657E-001
1.2052170E+001,-3.0977539E-001
1.2054170E+001,-3.0530525E-001
1.2056170E+001,-3.0369030E-001
1.2058170E+001,-3.0559706E-001
1.2060170E+001,-3.1056134E-001
1.2062170E+001,-3.1717010E-001
1.2064170E+001,-3.2363963E-001
1.2066170E+001,-3.2843964E-001
1.2068170E+001,-3.3070751E-001
1.2070170E+001,-3.3050594E-001
1.2072170E+001,-3.2864155E-001
1.2074170E+001,-3.2588088E-001
1.2076170E+001,-3.2262005E-001
1.2078170E+001,-3.1927261E-001
1.2080170E+001,-3.1613199E-001
1.2082170E+001,-3.1320379E-001
1.2084170E+001,-3.1039805E-001
1.2086170E+001,-3.0761428E-001
1.2088170E+001,-3.0474563E-001
1.2090170E+001,-3.0167834E-001
1.2092170E+001,-2.9827009E-001
1.2094170E+001,-2.9434721E-001
1.2096170E+001,-2.8973345E-001
1.2098170E+001,-2.8428043E-001
1.2100170E+001,-2.7787827E-001
1.2102170E+001,-2.7045738E-001
1.2104170E+001,-2.6199541E-001
1.2106170E+001,-2.5253028E-001
1.2108170E+001,-2.4217373E-001
1.2110170E+001,-2.3111868E-001
1.2112170E+001,-2.1963668E-001
1.2114170E+001,-2.0806384E-001
1.2116170E+001,-1.9677582E-001
1.2118170E+001,-1.8615545E-001
1.2120170E+001,-1.7655932E-001
1.2122170E+001,-1.6828964E-001
1.2124170E+001,-1.6157553E-001
1.2126170E+001,-1.5656411E-001
1.2128170E+001,-1.5331869E-001
1.2130170E+001,-1.5182153E-001
1.2132170E+001,-1.5197992E-001
1.2134170E+001,-1.5363710E-001
1.2136170E+001,-1.5658089E-001
1.2138170E+001,-1.6055307E-001
1.2140170E+001,-1.6526001E-001
1.2142170E+001,-1.7038028E-001
1.2144170E+001,-1.7557009E-001
1.2146170E+001,-1.8046687E-001
1.2148170E+001,-1.8469238E-001
1.2150170E+001,-1.8785593E-001
1.2152170E+001,-1.8955810E-001
1.2154170E+001,-1.8939366E-001
1.2156170E+001,-1.8694949E-001
1.2158170E+001,-1.8179365E-001
1.2160170E+001,-1.7345213E-001
1.2162170E+001,-1.6137960E-001
1.2164170E+001,-1.4495794E-001
1.2166170E+001,-1.2363163E-001
1.2168170E+001,-9.6996545E-002
1.2170170E+001,-6.4711195E-002
1.2172170E+001,-2.6841831E-002
1.2174170E+001,1.5163845E-002
1.2176170E+001,5.8586795E-002
1.2178170E+001,1.0073836E-001
1.2180170E+001,1.3929511E-001
1.2182170E+001,1.7256118E-001
1.2184170E+001,1.9963582E-001
1.2186170E+001,2.2048264E-001
1.2188170E+001,2.3566988E-001
1.2190170E+001,2.4605751E-001
1.2192170E+001,2.5255062E-001
1.2194170E+001,2.5593850E-001
1.2196170E+001,2.5683176E-001
1.2198170E+001,2.5566269E-001
1.2200170E+001,2.5272381E-001
1.2202170E+001,2.4822756E-001
1.2204170E+001,2.4235276E-001
1.2206170E+001,2.3527110E-001
1.2208170E+001,2.2716011E-001
1.2210170E+001,2.1820700E-001
1.2212170E+001,2.0860839E-001
1.2214170E+001,1.9856957E-001
1.2216170E+001,1.8830377E-001
1.2218170E+001,1.7803015E-001
1.2220170E+001,1.6796971E-001
1.2222170E+001,1.5833828E-001
1.2224170E+001,1.4933612E-001
1.2226170E+001,1.4113476E-001
1.2228170E+001,1.3386289E-001
1.2230170E+001,1.2759387E-001
1.2232170E+001,1.2233808E-001
1.2234170E+001,1.1804149E-001
1.2236170E+001,1.1458998E-001
1.2238170E+001,1.1182016E-001
1.2240170E+001,1.0954285E-001
1.2242170E+001,1.0757994E-001
1.2244170E+001,1.0579278E-001
1.2246170E+001,1.0407608E-001
1.2248170E+001,1.0232435E-001
1.2250170E+001,1.0040399E-001
1.2252170E+001,9.8147253E-002
1.2254170E+001,9.5358678E-002
1.2256170E+001,9.1824136E-002
1.2258170E+001,8.7322391E-002
1.2260170E+001,8.1639823E-002
1.2262170E+001,7.4587123E-002
1.2264170E+001,6.6016728E-002
1.2266170E+001,5.5839891E-002
1.2268170E+001,4.4041934E-002
1.2270170E+001,3.0694091E-002
1.2272170E+001,1.5960362E-002
1.2274170E+001,9.7774377E-005
1.2276170E+001,-1.6551538E-002
1.2278170E+001,-3.3577462E-002
1.2280170E+001,-5.0528319E-002
1.2282170E+001,-6.6945568E-002
1.2284170E+001,-8.2404907E-002
1.2286170E+001,-9.6560289E-002
1.2288170E+001,-1.0918455E-001
1.2290170E+001,-1.2019733E-001
1.2292170E+001,-1.2967009E-001
1.2294170E+001,-1.3780106E-001
1.2296170E+001,-1.4486062E-001
1.2298170E+001,-1.5111748E-001
1.2300170E+001,-1.5676584E-001
1.2302170E+001,-1.6187687E-001
1.2304170E+001,-1.6639217E-001
1.2306170E+001,-1.7016374E-001
1.2308170E+001,-1.7302617E-001
1.2310170E+001,-1.7487438E-001
1.2312170E+001,-1.7571736E-001
1.2314170E+001,-1.7568883E-001
1.2316170E+001,-1.7501317E-001
1.2318170E+001,-1.7395033E-001
1.2320170E+001,-1.7273768E-001
1.2322170E+001,-1.7154841E-001
1.2324170E+001,-1.7047834E-001
1.2326170E+001,-1.6955667E-001
1.2328170E+001,-1.6876865E-001
1.2330170E+001,-1.6807733E-001
1.2332170E+001,-1.6743621E-001
1.2334170E+001,-1.6679186E-001
1.2336170E+001,-1.6608026E-001
1.2338170E+001,-1.6522251E-001
1.2340170E+001,-1.6412375E-001
1.2342170E+001,-1.6267663E-001
1.2344170E+001,-1.6076844E-001
1.2346170E+001,-1.5828979E-001
1.2348170E+001,-1.5514186E-001
1.2350170E+001,-1.5123937E-001
1.2352170E+001,-1.4650931E-001
1.2354170E+001,-1.4089145E-001
1.2356170E+001,-1.3435110E-001
1.2358170E+001,-1.2690833E-001
1.2360170E+001,-1.1867336E-001
1.2362170E+001,-1.0986978E-001
1.2364170E+001,-1.0083122E-001
1.2366170E+001,-9.1964015E-002
1.2368170E+001,-8.3676698E-002
1.2370170E+001,-7.6292183E-002
1.2372170E+001,-6.9971620E-002
1.2374170E+001,-6.4676028E-002
1.2376170E+001,-6.0174676E-002
1.2378170E+001,-5.6091614E-002
1.2380170E+001,-5.1972859E-002
1.2382170E+001,-4.7356470E-002
1.2384170E+001,-4.1831631E-002
1.2386170E+001,-3.5077448E-002
1.2388170E+001,-2.6877015E-002
1.2390170E+001,-1.7108308E-002
1.2392170E+001,-5.7195845E-003
1.2394170E+001,7.2988906E-003
1.2396170E+001,2.1934617E-002
1.2398170E+001,3.8155725E-002
1.2400170E+001,5.5895408E-002
1.2402170E+001,7.5024472E-002
1.2404170E+001,9.5316892E-002
1.2406170E+001,1.1647974E-001
1.2408170E+001,1.3808210E-001
1.2410170E+001,1.5967861E-001
1.2412170E+001,1.8080280E-001
1.2414170E+001,2.0102214E-001
1.2416170E+001,2.1996351E-001
1.2418170E+001,2.3732331E-001
1.2420170E+001,2.5287076E-001
1.2422170E+001,2.6643711E-001
1.2424170E+001,2.7790624E-001
1.2426170E+001,2.8725926E-001
1.2428170E+001,2.9452637E-001
1.2430170E+001,2.9978977E-001
1.2432170E+001,3.0317673E-001
1.2434170E+001,3.0485088E-001
1.2436170E+001,3.0500373E-001
1.2438170E+001,3.0383926E-001
1.2440170E+001,3.0156492E-001
1.2442170E+001,2.9837446E-001
1.2444170E+001,2.9442326E-001
1.2446170E+001,2.8982683E-001
1.2448170E+001,2.8470298E-001
1.2450170E+001,2.7919845E-001
1.2452170E+001,2.7341675E-001
1.2454170E+001,2.6728586E-001
1.2456170E+001,2.6051138E-001
1.2458170E+001,2.5268051E-001
1.2460170E+001,2.4346561E-001
1.2462170E+001,2.3289362E-001
1.2464170E+001,2.2164503E-001
1.2466170E+001,2.1120271E-001
1.2468170E+001,2.0357962E-001
1.2470170E+001,2.0053895E-001
1.2472170E+001,2.0262854E-001
1.2474170E+001,2.0864897E-001
1.2476170E+001,2.1601028E-001
1.2478170E+001,2.2187893E-001
1.2480170E+001,2.2440102E-001
1.2482170E+001,2.2323084E-001
1.2484170E+001,2.1915133E-001
1.2486170E+001,2.1324463E-001
1.2488170E+001,2.0626279E-001
1.2490170E+001,1.9849316E-001
1.2492170E+001,1.8997274E-001
1.2494170E+001,1.8061128E-001
1.2496170E+001,1.7032833E-001
1.2498170E+001,1.5922365E-001
1.2500170E+001,1.4741633E-001
1.2502170E+001,1.3500840E-001
1.2504170E+001,1.2217806E-001
1.2506170E+001,1.0916230E-001
1.2508170E+001,9.6237192E-002
1.2510170E+001,8.3707596E-002
1.2512170E+001,7.1883895E-002
1.2514170E+001,6.1061107E-002
1.2516170E+001,5.1502840E-002
1.2518170E+001,4.3433855E-002
1.2520170E+001,3.7041327E-002
1.2522170E+001,3.2479936E-002
1.2524170E+001,2.9874051E-002
1.2526170E+001,2.9311096E-002
1.2528170E+001,3.0828335E-002
1.2530170E+001,3.4392403E-002
1.2532170E+001,3.9873740E-002
1.2534170E+001,4.7042631E-002
1.2536170E+001,5.5585175E-002
1.2538170E+001,6.5135211E-002
1.2540170E+001,7.5309801E-002
1.2542170E+001,8.5734748E-002
1.2544170E+001,9.6053466E-002
1.2546170E+001,1.0592125E-001
1.2548170E+001,1.1499339E-001
1.2550170E+001,1.2291558E-001
1.2552170E+001,1.2932062E-001
1.2554170E+001,1.3382975E-001
1.2556170E+001,1.3605433E-001
1.2558170E+001,1.3559611E-001
1.2560170E+001,1.3204663E-001
1.2562170E+001,1.2500233E-001
1.2564170E+001,1.1410242E-001
1.2566170E+001,9.9091668E-002
1.2568170E+001,7.9913562E-002
1.2570170E+001,5.6822004E-002
1.2572170E+001,3.0477594E-002
1.2574170E+001,2.0244032E-003
1.2576170E+001,-2.6965507E-002
1.2578170E+001,-5.4715205E-002
1.2580170E+001,-7.9428948E-002
1.2582170E+001,-9.9858279E-002
1.2584170E+001,-1.1578785E-001
1.2586170E+001,-1.2749951E-001
1.2588170E+001,-1.3474781E-001
1.2590170E+001,-1.3711652E-001
1.2592170E+001,-1.3513671E-001
1.2594170E+001,-1.3009722E-001
1.2596170E+001,-1.2310236E-001
1.2598170E+001,-1.1480352E-001
1.2600170E+001,-1.0561151E-001
1.2602170E+001,-9.5791012E-002
1.2604170E+001,-8.5489294E-002
1.2606170E+001,-7.4798284E-002
1.2608170E+001,-6.3810468E-002
1.2610170E+001,-5.2656750E-002
1.2612170E+001,-4.1524731E-002
1.2614170E+001,-3.0652589E-002
1.2616170E+001,-2.0302861E-002
1.2618170E+001,-1.0727338E-002
1.2620170E+001,-2.1365600E-003
1.2622170E+001,5.3161306E-003
1.2624170E+001,1.1533836E-002
1.2626170E+001,1.6464372E-002
1.2628170E+001,2.0087684E-002
1.2630170E+001,2.2411401E-002
1.2632170E+001,2.3476081E-002
1.2634170E+001,2.3362966E-002
1.2636170E+001,2.2195970E-002
1.2638170E+001,2.0142646E-002
1.2640170E+001,1.7414150E-002
1.2642170E+001,1.4256584E-002
1.2644170E+001,1.0931666E-002
1.2646170E+001,7.6920373E-003
1.2648170E+001,4.7604816E-003
1.2650170E+001,2.3167107E-003
1.2652170E+001,4.9178980E-004
1.2654170E+001,-6.2992300E-004
1.2656170E+001,-1.0025482E-003
1.2658170E+001,-6.0729966E-004
1.2660170E+001,5.5843969E-004
1.2662170E+001,2.4890239E-003
1.2664170E+001,5.1762590E-003
1.2666170E+001,8.6140442E-003
1.2668170E+001,1.2802567E-002
1.2670170E+001,1.7751381E-002
1.2672170E+001,2.3478140E-002
1.2674170E+001,2.9987881E-002
1.2676170E+001,3.7244265E-002
1.2678170E+001,4.5213118E-002
1.2680170E+001,5.3937881E-002
1.2682170E+001,6.3438359E-002
1.2684170E+001,7.3455628E-002
1.2686170E+001,8.3561870E-002
1.2688170E+001,9.3452319E-002
1.2690170E+001,1.0292499E-001
1.2692170E+001,1.1176892E-001
1.2694170E+001,1.1979527E-001
1.2696170E+001,1.2687583E-001
1.2698170E+001,1.3293818E-001
1.2700170E+001,1.3795730E-001
1.2702170E+001,1.4194915E-001
1.2704170E+001,1.4493822E-001
1.2706170E+001,1.4695419E-001
1.2708170E+001,1.4800718E-001
1.2710170E+001,1.4808272E-001
1.2712170E+001,1.4714074E-001
1.2714170E+001,1.4512798E-001
1.2716170E+001,1.4198932E-001
1.2718170E+001,1.3769177E-001
1.2720170E+001,1.3224150E-001
1.2722170E+001,1.2569891E-001
1.2724170E+001,1.1818713E-001
1.2726170E+001,1.0988937E-001
1.2728170E+001,1.0103545E-001
1.2730170E+001,9.1879194E-002
1.2732170E+001,8.2670932E-002
1.2734170E+001,7.3631010E-002
1.2736170E+001,6.4931456E-002
1.2738170E+001,5.6691569E-002
1.2740170E+001,4.8989869E-002
1.2742170E+001,4.1888001E-002
1.2744170E+001,3.5455419E-002
1.2746170E+001,2.9784310E-002
1.2748170E+001,2.4990717E-002
1.2750170E+001,2.1201257E-002
1.2752170E+001,1.8525374E-002
1.2754170E+001,1.7017850E-002
1.2756170E+001,1.6644161E-002
1.2758170E+001,1.7264478E-002
1.2760170E+001,1.8644921E-002
1.2762170E+001,2.0493472E-002
1.2764170E+001,2.2511938E-002
1.2766170E+001,2.4441708E-002
1.2768170E+001,2.6085338E-002
1.2770170E+001,2.7296382E-002
1.2772170E+001,2.7944882E-002
1.2774170E+001,2.7877500E-002
1.2776170E+001,2.6891729E-002
1.2778170E+001,2.4734113E-002
1.2780170E+001,2.1120675E-002
1.2782170E+001,1.5770741E-002
1.2784170E+001,8.4653507E-003
1.2786170E+001,-9.6194067E-004
1.2788170E+001,-1.2721259E-002
1.2790170E+001,-2.6892925E-002
1.2792170E+001,-4.3274444E-002
1.2794170E+001,-6.1571105E-002
1.2796170E+001,-8.1451765E-002
1.2798170E+001,-1.0244401E-001
1.2800170E+001,-1.2396021E-001
1.2802170E+001,-1.4535795E-001
1.2804170E+001,-1.6593741E-001
1.2806170E+001,-1.8506808E-001
1.2808170E+001,-2.0214346E-001
1.2810170E+001,-2.1648514E-001
1.2812170E+001,-2.2739548E-001
1.2814170E+001,-2.3464503E-001
1.2816170E+001,-2.3907503E-001
1.2818170E+001,-2.4231127E-001
1.2820170E+001,-2.4556383E-001
1.2822170E+001,-2.4905243E-001
1.2824170E+001,-2.5277979E-001
1.2826170E+001,-2.5731325E-001
1.2828170E+001,-2.6342720E-001
1.2830170E+001,-2.7121365E-001
1.2832170E+001,-2.7973709E-001
1.2834170E+001,-2.8747522E-001
1.2836170E+001,-2.9311182E-001
1.2838170E+001,-2.9612614E-001
1.2840170E+001,-2.9684962E-001
1.2842170E+001,-2.9606439E-001
1.2844170E+001,-2.9451453E-001
1.2846170E+001,-2.9265615E-001
1.2848170E+001,-2.9067180E-001
1.2850170E+001,-2.8860533E-001
1.2852170E+001,-2.8646538E-001
1.2854170E+001,-2.8425247E-001
1.2856170E+001,-2.8195174E-001
1.2858170E+001,-2.7952621E-001
1.2860170E+001,-2.7691867E-001
1.2862170E+001,-2.7405584E-001
1.2864170E+001,-2.7085217E-001
1.2866170E+001,-2.6721415E-001
1.2868170E+001,-2.6304640E-001
1.2870170E+001,-2.5825912E-001
1.2872170E+001,-2.5277697E-001
1.2874170E+001,-2.4654852E-001
1.2876170E+001,-2.3955425E-001
1.2878170E+001,-2.3181014E-001
1.2880170E+001,-2.2336357E-001
1.2882170E+001,-2.1427995E-001
1.2884170E+001,-2.0462480E-001
1.2886170E+001,-1.9445244E-001
1.2888170E+001,-1.8380645E-001
1.2890170E+001,-1.7272752E-001
1.2892170E+001,-1.6126329E-001
1.2894170E+001,-1.4948077E-001
1.2896170E+001,-1.3748048E-001
1.2898170E+001,-1.2540577E-001
1.2900170E+001,-1.1344013E-001
1.2902170E+001,-1.0179059E-001
1.2904170E+001,-9.0661888E-002
1.2906170E+001,-8.0229407E-002
1.2908170E+001,-7.0617968E-002
1.2910170E+001,-6.1890842E-002
1.2912170E+001,-5.4049693E-002
1.2914170E+001,-4.7043598E-002
1.2916170E+001,-4.0784537E-002
1.2918170E+001,-3.5160073E-002
1.2920170E+001,-3.0061394E-002
1.2922170E+001,-2.5382078E-002
1.2924170E+001,-2.1037669E-002
1.2926170E+001,-1.6967524E-002
1.2928170E+001,-1.3138072E-002
1.2930170E+001,-9.5410009E-003
1.2932170E+001,-6.1878822E-003
1.2934170E+001,-3.1016029E-003
1.2936170E+001,-3.0487396E-004
1.2938170E+001,2.1929106E-003
1.2940170E+001,4.4093550E-003
1.2942170E+001,6.4024357E-003
1.2944170E+001,8.2818823E-003
1.2946170E+001,1.0217025E-002
1.2948170E+001,1.2438830E-002
1.2950170E+001,1.5232273E-002
1.2952170E+001,1.8914708E-002
1.2954170E+001,2.3797951E-002
1.2956170E+001,3.0137019E-002
1.2958170E+001,3.8075409E-002
1.2960170E+001,4.7601466E-002
1.2962170E+001,5.8528821E-002
1.2964170E+001,7.0505834E-002
1.2966170E+001,8.3049140E-002
1.2968170E+001,9.5591138E-002
1.2970170E+001,1.0753263E-001
1.2972170E+001,1.1829628E-001
1.2974170E+001,1.2737839E-001
1.2976170E+001,1.3439416E-001
1.2978170E+001,1.3910829E-001
1.2980170E+001,1.4144377E-001
1.2982170E+001,1.4146747E-001
1.2984170E+001,1.3935068E-001
1.2986170E+001,1.3534248E-001
1.2988170E+001,1.2973775E-001
1.2990170E+001,1.2285988E-001
1.2992170E+001,1.1504268E-001
1.2994170E+001,1.0662037E-001
1.2996170E+001,9.7918836E-002
1.2998170E+001,8.9246190E-002
1.3000170E+001,8.0883301E-002
1.3002170E+001,7.3074988E-002
1.3004170E+001,6.6023113E-002
1.3006170E+001,5.9882277E-002
1.3008170E+001,5.4758198E-002
1.3010170E+001,5.0708511E-002
1.3012170E+001,4.7745636E-002
1.3014170E+001,4.5840994E-002
1.3016170E+001,4.4929316E-002
1.3018170E+001,4.4912153E-002
1.3020170E+001,4.5662271E-002
1.3022170E+001,4.7029249E-002
1.3024170E+001,4.8846967E-002
1.3026170E+001,5.0940700E-002
1.3028170E+001,5.3132457E-002
1.3030170E+001,5.5247738E-002
1.3032170E+001,5.7124052E-002
1.3034170E+001,5.8618067E-002
1.3036170E+001,5.9609198E-002
1.3038170E+001,5.9999850E-002
1.3040170E+001,5.9712962E-002
1.3042170E+001,5.8687509E-002
1.3044170E+001,5.6873567E-002
1.3046170E+001,5.4227989E-002
1.3048170E+001,5.0711270E-002
1.3050170E+001,4.6286380E-002
1.3052170E+001,4.0922960E-002
1.3054170E+001,3.4614225E-002
1.3056170E+001,2.7349929E-002
1.3058170E+001,1.9072225E-002
1.3060170E+001,9.7351673E-003
1.3062170E+001,-5.7359707E-004
1.3064170E+001,-1.1702989E-002
1.3066170E+001,-2.3547795E-002
1.3068170E+001,-3.6000985E-002
1.3070170E+001,-4.8905771E-002
1.3072170E+001,-6.2066408E-002
1.3074170E+001,-7.5253384E-002
1.3076170E+001,-8.8208396E-002
1.3078170E+001,-1.0065070E-001
1.3080170E+001,-1.1228408E-001
1.3082170E+001,-1.2283344E-001
1.3084170E+001,-1.3211101E-001
1.3086170E+001,-1.4003452E-001
1.3088170E+001,-1.4657495E-001
1.3090170E+001,-1.5173727E-001
1.3092170E+001,-1.5559187E-001
1.3094170E+001,-1.5828128E-001
1.3096170E+001,-1.5999951E-001
1.3098170E+001,-1.6097464E-001
1.3100170E+001,-1.6144845E-001
1.3102170E+001,-1.6164752E-001
1.3104170E+001,-1.6175303E-001
1.3106170E+001,-1.6187617E-001
1.3108170E+001,-1.6204594E-001
1.3110170E+001,-1.6221239E-001
1.3112170E+001,-1.6226362E-001
1.3114170E+001,-1.6205041E-001
1.3116170E+001,-1.6141270E-001
1.3118170E+001,-1.6021168E-001
1.3120170E+001,-1.5835212E-001
1.3122170E+001,-1.5579285E-001
1.3124170E+001,-1.5254644E-001
1.3126170E+001,-1.4867068E-001
1.3128170E+001,-1.4425218E-001
1.3130170E+001,-1.3939035E-001
1.3132170E+001,-1.3418688E-001
1.3134170E+001,-1.2873725E-001
1.3136170E+001,-1.2312158E-001
1.3138170E+001,-1.1740110E-001
1.3140170E+001,-1.1162413E-001
1.3142170E+001,-1.0583731E-001
1.3144170E+001,-1.0009439E-001
1.3146170E+001,-9.4457005E-002
1.3148170E+001,-8.8988237E-002
1.3150170E+001,-8.3745727E-002
1.3152170E+001,-7.8778100E-002
1.3154170E+001,-7.4123064E-002
1.3156170E+001,-6.9805342E-002
1.3158170E+001,-6.5834885E-002
1.3160170E+001,-6.2205894E-002
1.3162170E+001,-5.8896230E-002
1.3164170E+001,-5.5866568E-002
1.3166170E+001,-5.3058853E-002
1.3168170E+001,-5.0393872E-002
1.3170170E+001,-4.7768182E-002
1.3172170E+001,-4.5051081E-002
1.3174170E+001,-4.2082771E-002
1.3176170E+001,-3.8675465E-002
1.3178170E+001,-3.4619332E-002
1.3180170E+001,-2.9694599E-002
1.3182170E+001,-2.3689858E-002
1.3184170E+001,-1.6425079E-002
1.3186170E+001,-7.7767608E-003
1.3188170E+001,2.2978386E-003
1.3190170E+001,1.3736016E-002
1.3192170E+001,2.6379620E-002
1.3194170E+001,3.9935718E-002
1.3196170E+001,5.4017603E-002
1.3198170E+001,6.8181295E-002
1.3200170E+001,8.2001052E-002
1.3202170E+001,9.5168733E-002
1.3204170E+001,1.0750085E-001
1.3206170E+001,1.1887529E-001
1.3208170E+001,1.2922657E-001
1.3210170E+001,1.3860463E-001
1.3212170E+001,1.4714121E-001
1.3214170E+001,1.5495228E-001
1.3216170E+001,1.6214794E-001
1.3218170E+001,1.6883135E-001
1.3220170E+001,1.7510237E-001
1.3222170E+001,1.8105600E-001
1.3224170E+001,1.8676259E-001
1.3226170E+001,1.9223618E-001
1.3228170E+001,1.9744547E-001
1.3230170E+001,2.0239698E-001
1.3232170E+001,2.0717707E-001
1.3234170E+001,2.1187643E-001
1.3236170E+001,2.1655057E-001
1.3238170E+001,2.2125108E-001
1.3240170E+001,2.2599973E-001
1.3242170E+001,2.3075228E-001
1.3244170E+001,2.3543733E-001
1.3246170E+001,2.4000333E-001
1.3248170E+001,2.4441463E-001
1.3250170E+001,2.4862466E-001
1.3252170E+001,2.5255542E-001
1.3254170E+001,2.5608740E-001
1.3256170E+001,2.5906216E-001
1.3258170E+001,2.6130324E-001
1.3260170E+001,2.6265893E-001
1.3262170E+001,2.6306535E-001
1.3264170E+001,2.6261418E-001
1.3266170E+001,2.6159275E-001
1.3268170E+001,2.6045891E-001
1.3270170E+001,2.5971316E-001
1.3272170E+001,2.5969476E-001
1.3274170E+001,2.6039311E-001
1.3276170E+001,2.6138702E-001
1.3278170E+001,2.6197066E-001
1.3280170E+001,2.6138325E-001
1.3282170E+001,2.5907491E-001
1.3284170E+001,2.5487043E-001
1.3286170E+001,2.4896850E-001
1.3288170E+001,2.4176176E-001
1.3290170E+001,2.3363719E-001
1.3292170E+001,2.2486874E-001
1.3294170E+001,2.1560615E-001
1.3296170E+001,2.0593191E-001
1.3298170E+001,1.9592747E-001
1.3300170E+001,1.8570096E-001
1.3302170E+001,1.7537363E-001
1.3304170E+001,1.6505425E-001
1.3306170E+001,1.5482762E-001
1.3308170E+001,1.4475648E-001
1.3310170E+001,1.3488533E-001
1.3312170E+001,1.2524299E-001
1.3314170E+001,1.1584848E-001
1.3316170E+001,1.0672051E-001
1.3318170E+001,9.7885174E-002
1.3320170E+001,8.9375201E-002
1.3322170E+001,8.1219051E-002
1.3324170E+001,7.3426928E-002
1.3326170E+001,6.5984534E-002
1.3328170E+001,5.8858893E-002
1.3330170E+001,5.2008982E-002
1.3332170E+001,4.5389604E-002
1.3334170E+001,3.8944692E-002
1.3336170E+001,3.2596877E-002
1.3338170E+001,2.6242952E-002
1.3340170E+001,1.9759084E-002
1.3342170E+001,1.3013280E-002
1.3344170E+001,5.8810943E-003
1.3346170E+001,-1.7378680E-003
1.3348170E+001,-9.9038865E-003
1.3350170E+001,-1.8622528E-002
1.3352170E+001,-2.7833656E-002
1.3354170E+001,-3.7406349E-002
1.3356170E+001,-4.7142358E-002
1.3358170E+001,-5.6789232E-002
1.3360170E+001,-6.6061375E-002
1.3362170E+001,-7.4665682E-002
1.3364170E+001,-8.2326640E-002
1.3366170E+001,-8.8805991E-002
1.3368170E+001,-9.3914429E-002
1.3370170E+001,-9.7515746E-002
1.3372170E+001,-9.9526018E-002
1.3374170E+001,-9.9910869E-002
1.3376170E+001,-9.8678753E-002
1.3378170E+001,-9.5876841E-002
1.3380170E+001,-9.1594496E-002
1.3382170E+001,-8.5959773E-002
1.3384170E+001,-7.9134691E-002
1.3386170E+001,-7.1309566E-002
1.3388170E+001,-6.2697041E-002
1.3390170E+001,-5.3526481E-002
1.3392170E+001,-4.4038414E-002
1.3394170E+001,-3.4478802E-002
1.3396170E+001,-2.5092708E-002
1.3398170E+001,-1.6117162E-002
1.3400170E+001,-7.7741435E-003
1.3402170E+001,-2.6628854E-004
1.3404170E+001,6.2219521E-003
1.3406170E+001,1.1519787E-002
1.3408170E+001,1.5470439E-002
1.3410170E+001,1.7942112E-002
1.3412170E+001,1.8844647E-002
1.3414170E+001,1.8142169E-002
1.3416170E+001,1.5858191E-002
1.3418170E+001,1.2080192E-002
1.3420170E+001,6.9582746E-003
1.3422170E+001,6.9767520E-004
1.3424170E+001,-6.4515622E-003
1.3426170E+001,-1.4205139E-002
1.3428170E+001,-2.2254749E-002
1.3430170E+001,-3.0278986E-002
1.3432170E+001,-3.7954335E-002
1.3434170E+001,-4.4965145E-002
1.3436170E+001,-5.1012938E-002
1.3438170E+001,-5.5825751E-002
1.3440170E+001,-5.9166396E-002
1.3442170E+001,-6.0837844E-002
1.3444170E+001,-6.0685736E-002
1.3446170E+001,-5.8599162E-002
1.3448170E+001,-5.4514310E-002
1.3450170E+001,-4.8419729E-002
1.3452170E+001,-4.0357956E-002
1.3454170E+001,-3.0425123E-002
1.3456170E+001,-1.8770353E-002
1.3458170E+001,-5.5959077E-003
1.3460170E+001,8.8439852E-003
1.3462170E+001,2.4249245E-002
1.3464170E+001,4.0278669E-002
1.3466170E+001,5.6575423E-002
1.3468170E+001,7.2774703E-002
1.3470170E+001,8.8524436E-002
1.3472170E+001,1.0355766E-001
1.3474170E+001,1.1773604E-001
1.3476170E+001,1.3092427E-001
1.3478170E+001,1.4287456E-001
1.3480170E+001,1.5327436E-001
1.3482170E+001,1.6200933E-001
1.3484170E+001,1.6912242E-001
1.3486170E+001,1.7468422E-001
1.3488170E+001,1.7876228E-001
1.3490170E+001,1.8143732E-001
1.3492170E+001,1.8280125E-001
1.3494170E+001,1.8294688E-001
1.3496170E+001,1.8196513E-001
1.3498170E+001,1.7994915E-001
1.3500170E+001,1.7699624E-001
1.3502170E+001,1.7321211E-001
1.3504170E+001,1.6870942E-001
1.3506170E+001,1.6360598E-001
1.3508170E+001,1.5802168E-001
1.3510170E+001,1.5207452E-001
1.3512170E+001,1.4587589E-001
1.3514170E+001,1.3952577E-001
1.3516170E+001,1.3310888E-001
1.3518170E+001,1.2669313E-001
1.3520170E+001,1.2033144E-001
1.3522170E+001,1.1406712E-001
1.3524170E+001,1.0794096E-001
1.3526170E+001,1.0199827E-001
1.3528170E+001,9.6293826E-002
1.3530170E+001,9.0894275E-002
1.3532170E+001,8.5877722E-002
1.3534170E+001,8.1327330E-002
1.3536170E+001,7.7315724E-002
1.3538170E+001,7.3883138E-002
1.3540170E+001,7.1017927E-002
1.3542170E+001,6.8645586E-002
1.3544170E+001,6.6626973E-002
1.3546170E+001,6.4765339E-002
1.3548170E+001,6.2822723E-002
1.3550170E+001,6.0544655E-002
1.3552170E+001,5.7688995E-002
1.3554170E+001,5.4053091E-002
1.3556170E+001,4.9493791E-002
1.3558170E+001,4.3937075E-002
1.3560170E+001,3.7377079E-002
1.3562170E+001,2.9867284E-002
1.3564170E+001,2.1507400E-002
1.3566170E+001,1.2429426E-002
1.3568170E+001,2.7841068E-003
1.3570170E+001,-7.2716697E-003
1.3572170E+001,-1.7585475E-002
1.3574170E+001,-2.8016474E-002
1.3576170E+001,-3.8437977E-002
1.3578170E+001,-4.8736481E-002
1.3580170E+001,-5.8810236E-002
1.3582170E+001,-6.8569682E-002
1.3584170E+001,-7.7939281E-002
1.3586170E+001,-8.6857906E-002
1.3588170E+001,-9.5275693E-002
1.3590170E+001,-1.0314822E-001
1.3592170E+001,-1.1042417E-001
1.3594170E+001,-1.1705681E-001
1.3596170E+001,-1.2300890E-001
1.3598170E+001,-1.2825629E-001
1.3600170E+001,-1.3280050E-001
1.3602170E+001,-1.3667403E-001
1.3604170E+001,-1.3994118E-001
1.3606170E+001,-1.4269307E-001
1.3608170E+001,-1.4505120E-001
1.3610170E+001,-1.4719629E-001
1.3612170E+001,-1.4940342E-001
1.3614170E+001,-1.5201464E-001
1.3616170E+001,-1.5531195E-001
1.3618170E+001,-1.5938152E-001
1.3620170E+001,-1.6411088E-001
1.3622170E+001,-1.6932102E-001
1.3624170E+001,-1.7489284E-001
1.3626170E+001,-1.8077740E-001
1.3628170E+001,-1.8692827E-001
1.3630170E+001,-1.9324657E-001
1.3632170E+001,-1.9958001E-001
1.3634170E+001,-2.0575985E-001
1.3636170E+001,-2.1165524E-001
1.3638170E+001,-2.1723869E-001
1.3640170E+001,-2.2264827E-001
1.3642170E+001,-2.2820606E-001
1.3644170E+001,-2.3434659E-001
1.3646170E+001,-2.4144472E-001
1.3648170E+001,-2.4960182E-001
1.3650170E+001,-2.5850576E-001
1.3652170E+001,-2.6746829E-001
1.3654170E+001,-2.7564790E-001
1.3656170E+001,-2.8234664E-001
1.3658170E+001,-2.8721806E-001
1.3660170E+001,-2.9028636E-001
1.3662170E+001,-2.9180414E-001
1.3664170E+001,-2.9206623E-001
1.3666170E+001,-2.9128858E-001
1.3668170E+001,-2.8958643E-001
1.3670170E+001,-2.8702298E-001
1.3672170E+001,-2.8365487E-001
1.3674170E+001,-2.7955283E-001
1.3676170E+001,-2.7480053E-001
1.3678170E+001,-2.6948606E-001
1.3680170E+001,-2.6369654E-001
1.3682170E+001,-2.5751609E-001
1.3684170E+001,-2.5102462E-001
1.3686170E+001,-2.4429614E-001
1.3688170E+001,-2.3739647E-001
1.3690170E+001,-2.3038041E-001
1.3692170E+001,-2.2328800E-001
1.3694170E+001,-2.1614108E-001
1.3696170E+001,-2.0894412E-001
1.3698170E+001,-2.0169149E-001
1.3700170E+001,-1.9437321E-001
1.3702170E+001,-1.8696794E-001
1.3704170E+001,-1.7942595E-001
1.3706170E+001,-1.7165875E-001
1.3708170E+001,-1.6354665E-001
1.3710170E+001,-1.5495923E-001
1.3712170E+001,-1.4577857E-001
1.3714170E+001,-1.3591640E-001
1.3716170E+001,-1.2532047E-001
1.3718170E+001,-1.1397203E-001
1.3720170E+001,-1.0188400E-001
1.3722170E+001,-8.9108986E-002
1.3724170E+001,-7.5755858E-002
1.3726170E+001,-6.2003474E-002
1.3728170E+001,-4.8099008E-002
1.3730170E+001,-3.4336309E-002
1.3732170E+001,-2.1019173E-002
1.3734170E+001,-8.4240867E-003
1.3736170E+001,3.2591061E-003
1.3738170E+001,1.3904861E-002
1.3740170E+001,2.3496056E-002
1.3742170E+001,3.2090836E-002
1.3744170E+001,3.9789889E-002
1.3746170E+001,4.6706736E-002
1.3748170E+001,5.2939290E-002
1.3750170E+001,5.8557079E-002
1.3752170E+001,6.3599910E-002
1.3754170E+001,6.8085498E-002
1.3756170E+001,7.2019054E-002
1.3758170E+001,7.5402992E-002
1.3760170E+001,7.8245547E-002
1.3762170E+001,8.0566945E-002
1.3764170E+001,8.2402386E-002
1.3766170E+001,8.3801414E-002
1.3768170E+001,8.4823598E-002
1.3770170E+001,8.5531561E-002
1.3772170E+001,8.5983642E-002
1.3774170E+001,8.6228758E-002
1.3776170E+001,8.6305060E-002
1.3778170E+001,8.6241908E-002
1.3780170E+001,8.6063060E-002
1.3782170E+001,8.5789127E-002
1.3784170E+001,8.5436914E-002
1.3786170E+001,8.5015762E-002
1.3788170E+001,8.4523521E-002
1.3790170E+001,8.3945149E-002
1.3792170E+001,8.3255660E-002
1.3794170E+001,8.2427209E-002
1.3796170E+001,8.1437527E-002
1.3798170E+001,8.0276314E-002
1.3800170E+001,7.8947353E-002
1.3802170E+001,7.7466419E-002
1.3804170E+001,7.5857006E-002
1.3806170E+001,7.4146506E-002
1.3808170E+001,7.2364148E-002
1.3810170E+001,7.0539948E-002
1.3812170E+001,6.8702974E-002
1.3814170E+001,6.6878119E-002
1.3816170E+001,6.5081667E-002
1.3818170E+001,6.3315767E-002
1.3820170E+001,6.1562481E-002
1.3822170E+001,5.9780267E-002
1.3824170E+001,5.7905999E-002
1.3826170E+001,5.5861738E-002
1.3828170E+001,5.3562083E-002
1.3830170E+001,5.0919007E-002
1.3832170E+001,4.7844259E-002
1.3834170E+001,4.4251214E-002
1.3836170E+001,4.0058146E-002
1.3838170E+001,3.5193828E-002
1.3840170E+001,2.9604700E-002
1.3842170E+001,2.3261570E-002
1.3844170E+001,1.6163649E-002
1.3846170E+001,8.3387926E-003
1.3848170E+001,-1.5966702E-004
1.3850170E+001,-9.2580066E-003
1.3852170E+001,-1.8867466E-002
1.3854170E+001,-2.8888791E-002
1.3856170E+001,-3.9215678E-002
1.3858170E+001,-4.9737332E-002
1.3860170E+001,-6.0340406E-002
1.3862170E+001,-7.0910493E-002
1.3864170E+001,-8.1333315E-002
1.3866170E+001,-9.1495916E-002
1.3868170E+001,-1.0128819E-001
1.3870170E+001,-1.1060507E-001
1.3872170E+001,-1.1934964E-001
1.3874170E+001,-1.2743717E-001
1.3876170E+001,-1.3480035E-001
1.3878170E+001,-1.4139487E-001
1.3880170E+001,-1.4720412E-001
1.3882170E+001,-1.5224058E-001
1.3884170E+001,-1.5654221E-001
1.3886170E+001,-1.6016430E-001
1.3888170E+001,-1.6316930E-001
1.3890170E+001,-1.6561816E-001
1.3892170E+001,-1.6756588E-001
1.3894170E+001,-1.6906136E-001
1.3896170E+001,-1.7014952E-001
1.3898170E+001,-1.7087293E-001
1.3900170E+001,-1.7127108E-001
1.3902170E+001,-1.7137704E-001
1.3904170E+001,-1.7121273E-001
1.3906170E+001,-1.7078428E-001
1.3908170E+001,-1.7008175E-001
1.3910170E+001,-1.6908000E-001
1.3912170E+001,-1.6774374E-001
1.3914170E+001,-1.6603461E-001
1.3916170E+001,-1.6392015E-001
1.3918170E+001,-1.6138355E-001
1.3920170E+001,-1.5843233E-001
1.3922170E+001,-1.5510427E-001
1.3924170E+001,-1.5146859E-001
1.3926170E+001,-1.4762166E-001
1.3928170E+001,-1.4367723E-001
1.3930170E+001,-1.3975251E-001
1.3932170E+001,-1.3595186E-001
1.3934170E+001,-1.3235130E-001
1.3936170E+001,-1.2898685E-001
1.3938170E+001,-1.2584762E-001
1.3940170E+001,-1.2287191E-001
1.3942170E+001,-1.1994548E-001
1.3944170E+001,-1.1690513E-001
1.3946170E+001,-1.1355010E-001
1.3948170E+001,-1.0965960E-001
1.3950170E+001,-1.0501294E-001
1.3952170E+001,-9.9410010E-002
1.3954170E+001,-9.2690980E-002
1.3956170E+001,-8.4753523E-002
1.3958170E+001,-7.5565462E-002
1.3960170E+001,-6.5171053E-002
1.3962170E+001,-5.3689613E-002
1.3964170E+001,-4.1306119E-002
1.3966170E+001,-2.8254737E-002
1.3968170E+001,-1.4802008E-002
1.3970170E+001,-1.2032734E-003
1.3972170E+001,1.2268965E-002
1.3974170E+001,2.5392112E-002
1.3976170E+001,3.7963656E-002
1.3978170E+001,4.9819583E-002
1.3980170E+001,6.0831022E-002
1.3982170E+001,7.0907381E-002
1.3984170E+001,8.0000270E-002
1.3986170E+001,8.8105636E-002
1.3988170E+001,9.5255125E-002
1.3990170E+001,1.0151731E-001
1.3992170E+001,1.0699395E-001
1.3994170E+001,1.1179323E-001
1.3996170E+001,1.1602521E-001
1.3998170E+001,1.1979494E-001
1.4000170E+001,1.2320163E-001
1.4002170E+001,1.2633907E-001
1.4004170E+001,1.2929525E-001
1.4006170E+001,1.3215029E-001
1.4008170E+001,1.3497344E-001
1.4010170E+001,1.3782023E-001
1.4012170E+001,1.4073080E-001
1.4014170E+001,1.4372910E-001
1.4016170E+001,1.4682189E-001
1.4018170E+001,1.5000147E-001
1.4020170E+001,1.5325993E-001
1.4022170E+001,1.5660985E-001
1.4024170E+001,1.6008642E-001
1.4026170E+001,1.6371885E-001
1.4028170E+001,1.6750330E-001
1.4030170E+001,1.7141105E-001
1.4032170E+001,1.7541491E-001
1.4034170E+001,1.7949821E-001
1.4036170E+001,1.8364400E-001
1.4038170E+001,1.8782245E-001
1.4040170E+001,1.9198182E-001
1.4042170E+001,1.9603972E-001
1.4044170E+001,1.9987546E-001
1.4046170E+001,2.0333201E-001
1.4048170E+001,2.0624142E-001
1.4050170E+001,2.0848693E-001
1.4052170E+001,2.1009947E-001
1.4054170E+001,2.1135413E-001
1.4056170E+001,2.1279974E-001
1.4058170E+001,2.1515396E-001
1.4060170E+001,2.1905392E-001
1.4062170E+001,2.2475237E-001
1.4064170E+001,2.3192389E-001
1.4066170E+001,2.3971937E-001
1.4068170E+001,2.4707085E-001
1.4070170E+001,2.5308994E-001
1.4072170E+001,2.5734348E-001
1.4074170E+001,2.5987886E-001
1.4076170E+001,2.6103664E-001
1.4078170E+001,2.6120301E-001
1.4080170E+001,2.6064426E-001
1.4082170E+001,2.5947388E-001
1.4084170E+001,2.5770529E-001
1.4086170E+001,2.5531757E-001
1.4088170E+001,2.5229042E-001
1.4090170E+001,2.4860997E-001
1.4092170E+001,2.4426346E-001
1.4094170E+001,2.3923422E-001
1.4096170E+001,2.3349784E-001
1.4098170E+001,2.2701553E-001
1.4100170E+001,2.1972726E-001
1.4102170E+001,2.1155599E-001
1.4104170E+001,2.0242392E-001
1.4106170E+001,1.9226209E-001
1.4108170E+001,1.8100565E-001
1.4110170E+001,1.6859682E-001
1.4112170E+001,1.5501674E-001
1.4114170E+001,1.4033675E-001
1.4116170E+001,1.2475927E-001
1.4118170E+001,1.0861899E-001
1.4120170E+001,9.2334017E-002
1.4122170E+001,7.6329203E-002
1.4124170E+001,6.0970969E-002
1.4126170E+001,4.6537419E-002
1.4128170E+001,3.3217307E-002
1.4130170E+001,2.1118195E-002
1.4132170E+001,1.0273303E-002
1.4134170E+001,6.5004559E-004
1.4136170E+001,-7.8345473E-003
1.4138170E+001,-1.5293322E-002
1.4140170E+001,-2.1849816E-002
1.4142170E+001,-2.7624614E-002
1.4144170E+001,-3.2727496E-002
1.4146170E+001,-3.7253259E-002
1.4148170E+001,-4.1280262E-002
1.4150170E+001,-4.4871624E-002
1.4152170E+001,-4.8078095E-002
1.4154170E+001,-5.0942287E-002
1.4156170E+001,-5.3503347E-002
1.4158170E+001,-5.5801067E-002
1.4160170E+001,-5.7878794E-002
1.4162170E+001,-5.9784647E-002
1.4164170E+001,-6.1571000E-002
1.4166170E+001,-6.3292881E-002
1.4168170E+001,-6.5006239E-002
1.4170170E+001,-6.6766661E-002
1.4172170E+001,-6.8628412E-002
1.4174170E+001,-7.0643093E-002
1.4176170E+001,-7.2857132E-002
1.4178170E+001,-7.5307830E-002
1.4180170E+001,-7.8018505E-002
1.4182170E+001,-8.0994035E-002
1.4184170E+001,-8.4218290E-002
1.4186170E+001,-8.7654439E-002
1.4188170E+001,-9.1248018E-002
1.4190170E+001,-9.4931452E-002
1.4192170E+001,-9.8628124E-002
1.4194170E+001,-1.0225441E-001
1.4196170E+001,-1.0571927E-001
1.4198170E+001,-1.0892226E-001
1.4200170E+001,-1.1175185E-001
1.4202170E+001,-1.1408564E-001
1.4204170E+001,-1.1579323E-001
1.4206170E+001,-1.1674151E-001
1.4208170E+001,-1.1680126E-001
1.4210170E+001,-1.1585031E-001
1.4212170E+001,-1.1377784E-001
1.4214170E+001,-1.1049165E-001
1.4216170E+001,-1.0592054E-001
1.4218170E+001,-1.0001344E-001
1.4220170E+001,-9.2734248E-002
1.4222170E+001,-8.4060299E-002
1.4224170E+001,-7.3998341E-002
1.4226170E+001,-6.2619570E-002
1.4228170E+001,-5.0089619E-002
1.4230170E+001,-3.6664483E-002
1.4232170E+001,-2.2650936E-002
1.4234170E+001,-8.3585114E-003
1.4236170E+001,5.9306541E-003
1.4238170E+001,1.9969492E-002
1.4240170E+001,3.3542830E-002
1.4242170E+001,4.6464478E-002
1.4244170E+001,5.8577369E-002
1.4246170E+001,6.9754835E-002
1.4248170E+001,7.9901430E-002
1.4250170E+001,8.8952889E-002
1.4252170E+001,9.6875269E-002
1.4254170E+001,1.0366329E-001
1.4256170E+001,1.0933787E-001
1.4258170E+001,1.1394295E-001
1.4260170E+001,1.1754234E-001
1.4262170E+001,1.2021565E-001
1.4264170E+001,1.2205755E-001
1.4266170E+001,1.2316900E-001
1.4268170E+001,1.2366156E-001
1.4270170E+001,1.2365159E-001
1.4272170E+001,1.2325663E-001
1.4274170E+001,1.2259648E-001
1.4276170E+001,1.2178480E-001
1.4278170E+001,1.2092936E-001
1.4280170E+001,1.2012674E-001
1.4282170E+001,1.1946003E-001
1.4284170E+001,1.1899764E-001
1.4286170E+001,1.1879219E-001
1.4288170E+001,1.1887947E-001
1.4290170E+001,1.1927748E-001
1.4292170E+001,1.1998596E-001
1.4294170E+001,1.2098733E-001
1.4296170E+001,1.2224936E-001
1.4298170E+001,1.2372090E-001
1.4300170E+001,1.2532538E-001
1.4302170E+001,1.2700366E-001
1.4304170E+001,1.2874285E-001
1.4306170E+001,1.3048326E-001
1.4308170E+001,1.3209162E-001
1.4310170E+001,1.3347510E-001
1.4312170E+001,1.3458434E-001
1.4314170E+001,1.3536391E-001
1.4316170E+001,1.3576981E-001
1.4318170E+001,1.3578647E-001
1.4320170E+001,1.3542901E-001
1.4322170E+001,1.3474927E-001
1.4324170E+001,1.3383528E-001
1.4326170E+001,1.3280498E-001
1.4328170E+001,1.3178983E-001
1.4330170E+001,1.3091045E-001
1.4332170E+001,1.3024790E-001
1.4334170E+001,1.2981538E-001
1.4336170E+001,1.2953672E-001
1.4338170E+001,1.2923729E-001
1.4340170E+001,1.2864871E-001
1.4342170E+001,1.2742507E-001
1.4344170E+001,1.2517296E-001
1.4346170E+001,1.2150606E-001
1.4348170E+001,1.1612583E-001
1.4350170E+001,1.0889565E-001
1.4352170E+001,9.9858141E-002
1.4354170E+001,8.9190942E-002
1.4356170E+001,7.7151693E-002
1.4358170E+001,6.4048861E-002
1.4360170E+001,5.0228298E-002
1.4362170E+001,3.6053459E-002
1.4364170E+001,2.1879130E-002
1.4366170E+001,8.0292539E-003
1.4368170E+001,-5.2156269E-003
1.4370170E+001,-1.7622554E-002
1.4372170E+001,-2.9006677E-002
1.4374170E+001,-3.9230462E-002
1.4376170E+001,-4.8201402E-002
1.4378170E+001,-5.5867546E-002
1.4380170E+001,-6.2211876E-002
1.4382170E+001,-6.7245633E-002
1.4384170E+001,-7.1003208E-002
1.4386170E+001,-7.3539151E-002
1.4388170E+001,-7.4927800E-002
1.4390170E+001,-7.5265160E-002
1.4392170E+001,-7.4670046E-002
1.4394170E+001,-7.3283936E-002
1.4396170E+001,-7.1271960E-002
1.4398170E+001,-6.8819187E-002
1.4400170E+001,-6.6125682E-002
1.4402170E+001,-6.3400339E-002
1.4404170E+001,-6.0853849E-002
1.4406170E+001,-5.8690750E-002
1.4408170E+001,-5.7100614E-002
1.4410170E+001,-5.6249501E-002
1.4412170E+001,-5.6272836E-002
1.4414170E+001,-5.7270521E-002
1.4416170E+001,-5.9303879E-002
1.4418170E+001,-6.2394226E-002
1.4420170E+001,-6.6524169E-002
1.4422170E+001,-7.1641024E-002
1.4424170E+001,-7.7654978E-002
1.4426170E+001,-8.4408071E-002
1.4428170E+001,-9.1732074E-002
1.4430170E+001,-9.9589573E-002
1.4432170E+001,-1.0804948E-001
1.4434170E+001,-1.1693933E-001
1.4436170E+001,-1.2587116E-001
1.4438170E+001,-1.3461160E-001
1.4440170E+001,-1.4307249E-001
1.4442170E+001,-1.5108530E-001
1.4444170E+001,-1.5839689E-001
1.4446170E+001,-1.6470100E-001
1.4448170E+001,-1.6972666E-001
1.4450170E+001,-1.7343599E-001
1.4452170E+001,-1.7605591E-001
1.4454170E+001,-1.7776604E-001
1.4456170E+001,-1.7841646E-001
1.4458170E+001,-1.7776931E-001
1.4460170E+001,-1.7604375E-001
1.4462170E+001,-1.7410455E-001
1.4464170E+001,-1.7306632E-001
1.4466170E+001,-1.7369180E-001
1.4468170E+001,-1.7599341E-001
1.4470170E+001,-1.7920030E-001
1.4472170E+001,-1.8209566E-001
1.4474170E+001,-1.8365739E-001
1.4476170E+001,-1.8325741E-001
1.4478170E+001,-1.8079509E-001
1.4480170E+001,-1.7665595E-001
1.4482170E+001,-1.7135632E-001
1.4484170E+001,-1.6534547E-001
1.4486170E+001,-1.5887702E-001
1.4488170E+001,-1.5201338E-001
1.4490170E+001,-1.4475992E-001
1.4492170E+001,-1.3712221E-001
1.4494170E+001,-1.2910353E-001
1.4496170E+001,-1.2070747E-001
1.4498170E+001,-1.1194481E-001
1.4500170E+001,-1.0283828E-001
1.4502170E+001,-9.3420350E-002
1.4504170E+001,-8.3735245E-002
1.4506170E+001,-7.3862255E-002
1.4508170E+001,-6.3948857E-002
1.4510170E+001,-5.4214464E-002
1.4512170E+001,-4.4899801E-002
1.4514170E+001,-3.6185914E-002
1.4516170E+001,-2.8141268E-002
1.4518170E+001,-2.0734537E-002
1.4520170E+001,-1.3892763E-002
1.4522170E+001,-7.5514761E-003
1.4524170E+001,-1.6657382E-003
1.4526170E+001,3.8042100E-003
1.4528170E+001,8.9187714E-003
1.4530170E+001,1.3742653E-002
1.4532170E+001,1.8353033E-002
1.4534170E+001,2.2822675E-002
1.4536170E+001,2.7207162E-002
1.4538170E+001,3.1541537E-002
1.4540170E+001,3.5839128E-002
1.4542170E+001,4.0097696E-002
1.4544170E+001,4.4307547E-002
1.4546170E+001,4.8459608E-002
1.4548170E+001,5.2551020E-002
1.4550170E+001,5.6586571E-002
1.4552170E+001,6.0577157E-002
1.4554170E+001,6.4536973E-002
1.4556170E+001,6.8480106E-002
1.4558170E+001,7.2416650E-002
1.4560170E+001,7.6348679E-002
1.4562170E+001,8.0266422E-002
1.4564170E+001,8.4144981E-002
1.4566170E+001,8.7942086E-002
1.4568170E+001,9.1597499E-002
1.4570170E+001,9.5034417E-002
1.4572170E+001,9.8162738E-002
1.4574170E+001,1.0088358E-001
1.4576170E+001,1.0309417E-001
1.4578170E+001,1.0469247E-001
1.4580170E+001,1.0558113E-001
1.4582170E+001,1.0567104E-001
1.4584170E+001,1.0488159E-001
1.4586170E+001,1.0314646E-001
1.4588170E+001,1.0041299E-001
1.4590170E+001,9.6649333E-002
1.4592170E+001,9.1844135E-002
1.4594170E+001,8.6006495E-002
1.4596170E+001,7.9165633E-002
1.4598170E+001,7.1368419E-002
1.4600170E+001,6.2675306E-002
1.4602170E+001,5.3156362E-002
1.4604170E+001,4.2891492E-002
1.4606170E+001,3.1976707E-002
1.4608170E+001,2.0530452E-002
1.4610170E+001,8.6909813E-003
1.4612170E+001,-3.3948172E-003
1.4614170E+001,-1.5581893E-002
1.4616170E+001,-2.7731328E-002
1.4618170E+001,-3.9710696E-002
1.4620170E+001,-5.1393753E-002
1.4622170E+001,-6.2660415E-002
1.4624170E+001,-7.3397585E-002
1.4626170E+001,-8.3501477E-002
1.4628170E+001,-9.2881430E-002
1.4630170E+001,-1.0146432E-001
1.4632170E+001,-1.0919808E-001
1.4634170E+001,-1.1605654E-001
1.4636170E+001,-1.2203803E-001
1.4638170E+001,-1.2716882E-001
1.4640170E+001,-1.3150094E-001
1.4642170E+001,-1.3510708E-001
1.4644170E+001,-1.3807331E-001
1.4646170E+001,-1.4049016E-001
1.4648170E+001,-1.4244488E-001
1.4650170E+001,-1.4401610E-001
1.4652170E+001,-1.4527216E-001
1.4654170E+001,-1.4627235E-001
1.4656170E+001,-1.4706995E-001
1.4658170E+001,-1.4771541E-001
1.4660170E+001,-1.4825790E-001
1.4662170E+001,-1.4874388E-001
1.4664170E+001,-1.4921252E-001
1.4666170E+001,-1.4968997E-001
1.4668170E+001,-1.5018574E-001
1.4670170E+001,-1.5069325E-001
1.4672170E+001,-1.5119437E-001
1.4674170E+001,-1.5166535E-001
1.4676170E+001,-1.5208079E-001
1.4678170E+001,-1.5241421E-001
1.4680170E+001,-1.5263589E-001
1.4682170E+001,-1.5271022E-001
1.4684170E+001,-1.5259407E-001
1.4686170E+001,-1.5223594E-001
1.4688170E+001,-1.5157786E-001
1.4690170E+001,-1.5055821E-001
1.4692170E+001,-1.4911642E-001
1.4694170E+001,-1.4720262E-001
1.4696170E+001,-1.4478739E-001
1.4698170E+001,-1.4186732E-001
1.4700170E+001,-1.3846703E-001
1.4702170E+001,-1.3464057E-001
1.4704170E+001,-1.3047218E-001
1.4706170E+001,-1.2607401E-001
1.4708170E+001,-1.2157714E-001
1.4710170E+001,-1.1711863E-001
1.4712170E+001,-1.1283431E-001
1.4714170E+001,-1.0886450E-001
1.4716170E+001,-1.0536391E-001
1.4718170E+001,-1.0249272E-001
1.4720170E+001,-1.0037429E-001
1.4722170E+001,-9.9040658E-002
1.4724170E+001,-9.8412138E-002
1.4726170E+001,-9.8332879E-002
1.4728170E+001,-9.8631437E-002
1.4730170E+001,-9.9157231E-002
1.4732170E+001,-9.9780050E-002
1.4734170E+001,-1.0037691E-001
1.4736170E+001,-1.0082684E-001
1.4738170E+001,-1.0101172E-001
1.4740170E+001,-1.0081386E-001
1.4742170E+001,-1.0011131E-001
1.4744170E+001,-9.8780083E-002
1.4746170E+001,-9.6711404E-002
1.4748170E+001,-9.3842246E-002
1.4750170E+001,-9.0171794E-002
1.4752170E+001,-8.5799960E-002
1.4754170E+001,-8.0945308E-002
1.4756170E+001,-7.5889750E-002
1.4758170E+001,-7.0916091E-002
1.4760170E+001,-6.6236930E-002
1.4762170E+001,-6.1909789E-002
1.4764170E+001,-5.7786186E-002
1.4766170E+001,-5.3529041E-002
1.4768170E+001,-4.8711691E-002
1.4770170E+001,-4.2973263E-002
1.4772170E+001,-3.6162958E-002
1.4774170E+001,-2.8402142E-002
1.4776170E+001,-2.0035938E-002
1.4778170E+001,-1.1507750E-002
1.4780170E+001,-3.2295879E-003
1.4782170E+001,4.5129876E-003
1.4784170E+001,1.1549276E-002
1.4786170E+001,1.7810546E-002
1.4788170E+001,2.3287058E-002
1.4790170E+001,2.7988958E-002
1.4792170E+001,3.1938160E-002
1.4794170E+001,3.5161590E-002
1.4796170E+001,3.7693306E-002
1.4798170E+001,3.9577026E-002
1.4800170E+001,4.0869941E-002
1.4802170E+001,4.1644972E-002
1.4804170E+001,4.1990940E-002
1.4806170E+001,4.2010800E-002
1.4808170E+001,4.1817419E-002
1.4810170E+001,4.1530283E-002
1.4812170E+001,4.1267951E-002
1.4814170E+001,4.1144811E-002
1.4816170E+001,4.1265050E-002
1.4818170E+001,4.1718051E-002
1.4820170E+001,4.2572522E-002
1.4822170E+001,4.3877853E-002
1.4824170E+001,4.5676294E-002
1.4826170E+001,4.7970402E-002
1.4828170E+001,5.0743293E-002
1.4830170E+001,5.3968593E-002
1.4832170E+001,5.7604701E-002
1.4834170E+001,6.1603057E-002
1.4836170E+001,6.5912718E-002
1.4838170E+001,7.0482826E-002
1.4840170E+001,7.5264747E-002
1.4842170E+001,8.0213225E-002
1.4844170E+001,8.5287457E-002
1.4846170E+001,9.0451729E-002
1.4848170E+001,9.5674984E-002
1.4850170E+001,1.0092874E-001
1.4852170E+001,1.0618340E-001
1.4854170E+001,1.1140366E-001
1.4856170E+001,1.1654270E-001
1.4858170E+001,1.2154431E-001
1.4860170E+001,1.2634077E-001
1.4862170E+001,1.3085265E-001
1.4864170E+001,1.3499118E-001
1.4866170E+001,1.3866436E-001
1.4868170E+001,1.4178958E-001
1.4870170E+001,1.4430643E-001
1.4872170E+001,1.4617330E-001
1.4874170E+001,1.4734180E-001
1.4876170E+001,1.4773796E-001
1.4878170E+001,1.4728128E-001
1.4880170E+001,1.4592425E-001
1.4882170E+001,1.4367001E-001
1.4884170E+001,1.4055427E-001
1.4886170E+001,1.3661950E-001
1.4888170E+001,1.3190690E-001
1.4890170E+001,1.2645969E-001
1.4892170E+001,1.2032538E-001
1.4894170E+001,1.1355550E-001
1.4896170E+001,1.0620481E-001
1.4898170E+001,9.8329436E-002
1.4900170E+001,8.9983472E-002
1.4902170E+001,8.1216388E-002
1.4904170E+001,7.2075672E-002
1.4906170E+001,6.2615046E-002
1.4908170E+001,5.2907935E-002
1.4910170E+001,4.3062079E-002
1.4912170E+001,3.3227351E-002
1.4914170E+001,2.3581977E-002
1.4916170E+001,1.4295258E-002
1.4918170E+001,5.4893477E-003
1.4920170E+001,-2.7660776E-003
1.4922170E+001,-1.0430138E-002
1.4924170E+001,-1.7460836E-002
1.4926170E+001,-2.3803623E-002
1.4928170E+001,-2.9398124E-002
1.4930170E+001,-3.4190726E-002
1.4932170E+001,-3.8144342E-002
1.4934170E+001,-4.1244776E-002
1.4936170E+001,-4.3504934E-002
1.4938170E+001,-4.4966696E-002
1.4940170E+001,-4.5699333E-002
1.4942170E+001,-4.5795113E-002
1.4944170E+001,-4.5362398E-002
1.4946170E+001,-4.4519492E-002
1.4948170E+001,-4.3389814E-002
1.4950170E+001,-4.2097064E-002
1.4952170E+001,-4.0761231E-002
1.4954170E+001,-3.9494988E-002
1.4956170E+001,-3.8400455E-002
1.4958170E+001,-3.7565955E-002
1.4960170E+001,-3.7062294E-002
1.4962170E+001,-3.6938632E-002
1.4964170E+001,-3.7218373E-002
1.4966170E+001,-3.7895715E-002
1.4968170E+001,-3.8933536E-002
1.4970170E+001,-4.0263485E-002
1.4972170E+001,-4.1788221E-002
1.4974170E+001,-4.3384960E-002
1.4976170E+001,-4.4910208E-002
1.4978170E+001,-4.6205179E-002
1.4980170E+001,-4.7098624E-002
1.4982170E+001,-4.7425012E-002
1.4984170E+001,-4.7044379E-002
1.4986170E+001,-4.5837839E-002
1.4988170E+001,-4.3650742E-002
1.4990170E+001,-4.0318015E-002
1.4992170E+001,-3.5769481E-002
1.4994170E+001,-3.0032349E-002
1.4996170E+001,-2.3162696E-002
1.4998170E+001,-1.5231456E-002
1.5000170E+001,-6.3455553E-003
1.5002170E+001,3.3482116E-003
1.5004170E+001,1.3675608E-002
1.5006170E+001,2.4447079E-002
1.5008170E+001,3.5466756E-002
1.5010170E+001,4.6540569E-002
1.5012170E+001,5.7489695E-002
1.5014170E+001,6.8147203E-002
1.5016170E+001,7.8373511E-002
1.5018170E+001,8.8066054E-002
1.5020170E+001,9.7136384E-002
1.5022170E+001,1.0554526E-001
1.5024170E+001,1.1327327E-001
1.5026170E+001,1.2033078E-001
1.5028170E+001,1.2674547E-001
1.5030170E+001,1.3255553E-001
1.5032170E+001,1.3780381E-001
1.5034170E+001,1.4253406E-001
1.5036170E+001,1.4678957E-001
1.5038170E+001,1.5060578E-001
1.5040170E+001,1.5402091E-001
1.5042170E+001,1.5707652E-001
1.5044170E+001,1.5981103E-001
1.5046170E+001,1.6226231E-001
1.5048170E+001,1.6446548E-001
1.5050170E+001,1.6645064E-001
1.5052170E+001,1.6823758E-001
1.5054170E+001,1.6983014E-001
1.5056170E+001,1.7121337E-001
1.5058170E+001,1.7235603E-001
1.5060170E+001,1.7322506E-001
1.5062170E+001,1.7381347E-001
1.5064170E+001,1.7415991E-001
1.5066170E+001,1.7432857E-001
1.5068170E+001,1.7436100E-001
1.5070170E+001,1.7425336E-001
1.5072170E+001,1.7397728E-001
1.5074170E+001,1.7350478E-001
1.5076170E+001,1.7280501E-001
1.5078170E+001,1.7181956E-001
1.5080170E+001,1.7046221E-001
1.5082170E+001,1.6864709E-001
1.5084170E+001,1.6636046E-001
1.5086170E+001,1.6374535E-001
1.5088170E+001,1.6113806E-001
1.5090170E+001,1.5898821E-001
1.5092170E+001,1.5765820E-001
1.5094170E+001,1.5719779E-001
1.5096170E+001,1.5724449E-001
1.5098170E+001,1.5714147E-001
1.5100170E+001,1.5622023E-001
1.5102170E+001,1.5407553E-001
1.5104170E+001,1.5067041E-001
1.5106170E+001,1.4623859E-001
1.5108170E+001,1.4108981E-001
1.5110170E+001,1.3546105E-001
1.5112170E+001,1.2948084E-001
1.5114170E+001,1.2321363E-001
1.5116170E+001,1.1671383E-001
1.5118170E+001,1.1005030E-001
1.5120170E+001,1.0330510E-001
1.5122170E+001,9.6564728E-002
1.5124170E+001,8.9913561E-002
1.5126170E+001,8.3430558E-002
1.5128170E+001,7.7188083E-002
1.5130170E+001,7.1252032E-002
1.5132170E+001,6.5682472E-002
1.5134170E+001,6.0533956E-002
1.5136170E+001,5.5855149E-002
1.5138170E+001,5.1688162E-002
1.5140170E+001,4.8068231E-002
1.5142170E+001,4.5023881E-002
1.5144170E+001,4.2576717E-002
1.5146170E+001,4.0739543E-002
1.5148170E+001,3.9511301E-002
1.5150170E+001,3.8869556E-002
1.5152170E+001,3.8762779E-002
1.5154170E+001,3.9106463E-002
1.5156170E+001,3.9784852E-002
1.5158170E+001,4.0659377E-002
1.5160170E+001,4.1582332E-002
1.5162170E+001,4.2408041E-002
1.5164170E+001,4.2999345E-002
1.5166170E+001,4.3228545E-002
1.5168170E+001,4.2977218E-002
1.5170170E+001,4.2139532E-002
1.5172170E+001,4.0630494E-002
1.5174170E+001,3.8395830E-002
1.5176170E+001,3.5426959E-002
1.5178170E+001,3.1748173E-002
1.5180170E+001,2.7358658E-002
1.5182170E+001,2.2297353E-002
1.5184170E+001,1.6675325E-002
1.5186170E+001,1.0582163E-002
1.5188170E+001,4.0766756E-003
1.5190170E+001,-2.7769395E-003
1.5192170E+001,-9.9183969E-003
1.5194170E+001,-1.7290678E-002
1.5196170E+001,-2.4828303E-002
1.5198170E+001,-3.2451716E-002
1.5200170E+001,-4.0067826E-002
1.5202170E+001,-4.7578670E-002
1.5204170E+001,-5.4894768E-002
1.5206170E+001,-6.1948287E-002
1.5208170E+001,-6.8697420E-002
1.5210170E+001,-7.5123512E-002
1.5212170E+001,-8.1222349E-002
1.5214170E+001,-8.6991607E-002
1.5216170E+001,-9.2422794E-002
1.5218170E+001,-9.7498406E-002
1.5220170E+001,-1.0219480E-001
1.5222170E+001,-1.0648770E-001
1.5224170E+001,-1.1035759E-001
1.5226170E+001,-1.1379322E-001
1.5228170E+001,-1.1679300E-001
1.5230170E+001,-1.1936477E-001
1.5232170E+001,-1.2152431E-001
1.5234170E+001,-1.2329330E-001
1.5236170E+001,-1.2469689E-001
1.5238170E+001,-1.2576122E-001
1.5240170E+001,-1.2651112E-001
1.5242170E+001,-1.2696837E-001
1.5244170E+001,-1.2715063E-001
1.5246170E+001,-1.2707110E-001
1.5248170E+001,-1.2673797E-001
1.5250170E+001,-1.2615501E-001
1.5252170E+001,-1.2532221E-001
1.5254170E+001,-1.2423523E-001
1.5256170E+001,-1.2288486E-001
1.5258170E+001,-1.2125622E-001
1.5260170E+001,-1.1932851E-001
1.5262170E+001,-1.1707543E-001
1.5264170E+001,-1.1446655E-001
1.5266170E+001,-1.1146960E-001
1.5268170E+001,-1.0805315E-001
1.5270170E+001,-1.0418895E-001
1.5272170E+001,-9.9853601E-002
1.5274170E+001,-9.5030283E-002
1.5276170E+001,-8.9713140E-002
1.5278170E+001,-8.3915207E-002
1.5280170E+001,-7.7675632E-002
1.5282170E+001,-7.1060734E-002
1.5284170E+001,-6.4159588E-002
1.5286170E+001,-5.7079299E-002
1.5288170E+001,-4.9941425E-002
1.5290170E+001,-4.2876549E-002
1.5292170E+001,-3.6015469E-002
1.5294170E+001,-2.9478895E-002
1.5296170E+001,-2.3368355E-002
1.5298170E+001,-1.7760073E-002
1.5300170E+001,-1.2702576E-002
1.5302170E+001,-8.2177599E-003
1.5304170E+001,-4.3042648E-003
1.5306170E+001,-9.4168252E-004
1.5308170E+001,1.9055789E-003
1.5310170E+001,4.2853715E-003
1.5312170E+001,6.2557506E-003
1.5314170E+001,7.8832889E-003
1.5316170E+001,9.2412211E-003
1.5318170E+001,1.0407116E-002
1.5320170E+001,1.1460088E-002
1.5322170E+001,1.2477791E-002
1.5324170E+001,1.3533525E-002
1.5326170E+001,1.4693726E-002
1.5328170E+001,1.6016023E-002
1.5330170E+001,1.7547904E-002
1.5332170E+001,1.9326026E-002
1.5334170E+001,2.1376033E-002
1.5336170E+001,2.3712613E-002
1.5338170E+001,2.6339198E-002
1.5340170E+001,2.9246627E-002
1.5342170E+001,3.2410303E-002
1.5344170E+001,3.5786196E-002
1.5346170E+001,3.9307047E-002
1.5348170E+001,4.2880906E-002
1.5350170E+001,4.6393845E-002
1.5352170E+001,4.9717479E-002
1.5354170E+001,5.2718478E-002
1.5356170E+001,5.5272709E-002
1.5358170E+001,5.7262111E-002
1.5360170E+001,5.8586843E-002
1.5362170E+001,5.9157804E-002
1.5364170E+001,5.8896115E-002
1.5366170E+001,5.7733433E-002
1.5368170E+001,5.5614698E-002
1.5370170E+001,5.2503711E-002
1.5372170E+001,4.8386875E-002
1.5374170E+001,4.3273292E-002
1.5376170E+001,3.7191541E-002
1.5378170E+001,3.0184189E-002
1.5380170E+001,2.2305692E-002
1.5382170E+001,1.3625619E-002
1.5384170E+001,4.2299954E-003
1.5386170E+001,-5.7867653E-003
1.5388170E+001,-1.6333204E-002
1.5390170E+001,-2.7320501E-002
1.5392170E+001,-3.8645960E-002
1.5394170E+001,-5.0172990E-002
1.5396170E+001,-6.1724318E-002
1.5398170E+001,-7.3094269E-002
1.5400170E+001,-8.4074067E-002
1.5402170E+001,-9.4477619E-002
1.5404170E+001,-1.0415108E-001
1.5406170E+001,-1.1298222E-001
1.5408170E+001,-1.2089092E-001
1.5410170E+001,-1.2782515E-001
1.5412170E+001,-1.3375246E-001
1.5414170E+001,-1.3868219E-001
1.5416170E+001,-1.4265410E-001
1.5418170E+001,-1.4573064E-001
1.5420170E+001,-1.4798825E-001
1.5422170E+001,-1.4950564E-001
1.5424170E+001,-1.5035915E-001
1.5426170E+001,-1.5062353E-001
1.5428170E+001,-1.5037734E-001
1.5430170E+001,-1.4970630E-001
1.5432170E+001,-1.4870568E-001
1.5434170E+001,-1.4747419E-001
1.5436170E+001,-1.4610533E-001
1.5438170E+001,-1.4467838E-001
1.5440170E+001,-1.4325142E-001
1.5442170E+001,-1.4186298E-001
1.5444170E+001,-1.4054556E-001
1.5446170E+001,-1.3934860E-001
1.5448170E+001,-1.3834514E-001
1.5450170E+001,-1.3760508E-001
1.5452170E+001,-1.3715840E-001
1.5454170E+001,-1.3698339E-001
1.5456170E+001,-1.3701641E-001
1.5458170E+001,-1.3715860E-001
1.5460170E+001,-1.3727902E-001
1.5462170E+001,-1.3723117E-001
1.5464170E+001,-1.3689084E-001
1.5466170E+001,-1.3621281E-001
1.5468170E+001,-1.3529308E-001
1.5470170E+001,-1.3440276E-001
1.5472170E+001,-1.3394482E-001
1.5474170E+001,-1.3430468E-001
1.5476170E+001,-1.3564641E-001
1.5478170E+001,-1.3777541E-001
1.5480170E+001,-1.4018604E-001
1.5482170E+001,-1.4229517E-001
1.5484170E+001,-1.4371469E-001
1.5486170E+001,-1.4437976E-001
1.5488170E+001,-1.4448072E-001
1.5490170E+001,-1.4428394E-001
1.5492170E+001,-1.4398869E-001
1.5494170E+001,-1.4368444E-001
1.5496170E+001,-1.4337458E-001
1.5498170E+001,-1.4300621E-001
1.5500170E+001,-1.4248605E-001
1.5502170E+001,-1.4169559E-001
1.5504170E+001,-1.4051058E-001
1.5506170E+001,-1.3881350E-001
1.5508170E+001,-1.3649332E-001
1.5510170E+001,-1.3344103E-001
1.5512170E+001,-1.2955047E-001
1.5514170E+001,-1.2472559E-001
1.5516170E+001,-1.1889055E-001
1.5518170E+001,-1.1200440E-001
1.5520170E+001,-1.0407698E-001
1.5522170E+001,-9.5183681E-002
1.5524170E+001,-8.5475163E-002
1.5526170E+001,-7.5173935E-002
1.5528170E+001,-6.4556988E-002
1.5530170E+001,-5.3929529E-002
1.5532170E+001,-4.3595358E-002
1.5534170E+001,-3.3832745E-002
1.5536170E+001,-2.4853676E-002
1.5538170E+001,-1.6832689E-002
1.5540170E+001,-9.8757011E-003
1.5542170E+001,-4.0388943E-003
1.5544170E+001,6.5607170E-004
1.5546170E+001,4.2199071E-003
1.5548170E+001,6.6893507E-003
1.5550170E+001,8.1284594E-003
1.5552170E+001,8.6273357E-003
1.5554170E+001,8.2975342E-003
1.5556170E+001,7.2655183E-003
1.5558170E+001,5.6638450E-003
1.5560170E+001,3.6284052E-003
1.5562170E+001,1.2976267E-003
1.5564170E+001,-1.1867180E-003
1.5566170E+001,-3.6781519E-003
1.5568170E+001,-6.0275488E-003
1.5570170E+001,-8.0885328E-003
1.5572170E+001,-9.7250010E-003
1.5574170E+001,-1.0818510E-002
1.5576170E+001,-1.1273605E-002
1.5578170E+001,-1.1020302E-002
1.5580170E+001,-1.0014092E-002
1.5582170E+001,-8.2347586E-003
1.5584170E+001,-5.6842693E-003
1.5586170E+001,-2.3839390E-003
1.5588170E+001,1.6276476E-003
1.5590170E+001,6.3079407E-003
1.5592170E+001,1.1591757E-002
1.5594170E+001,1.7392348E-002
1.5596170E+001,2.3612824E-002
1.5598170E+001,3.0212108E-002
1.5600170E+001,3.7251280E-002
1.5602170E+001,4.4702987E-002
1.5604170E+001,5.2315873E-002
1.5606170E+001,5.9841384E-002
1.5608170E+001,6.7182662E-002
1.5610170E+001,7.4272864E-002
1.5612170E+001,8.1014927E-002
1.5614170E+001,8.7324350E-002
1.5616170E+001,9.3139077E-002
1.5618170E+001,9.8409813E-002
1.5620170E+001,1.0309626E-001
1.5622170E+001,1.0716384E-001
1.5624170E+001,1.1058172E-001
1.5626170E+001,1.1332347E-001
1.5628170E+001,1.1536893E-001
1.5630170E+001,1.1670629E-001
1.5632170E+001,1.1733360E-001
1.5634170E+001,1.1725924E-001
1.5636170E+001,1.1649995E-001
1.5638170E+001,1.1508055E-001
1.5640170E+001,1.1303267E-001
1.5642170E+001,1.1039372E-001
1.5644170E+001,1.0720462E-001
1.5646170E+001,1.0350876E-001
1.5648170E+001,9.9351444E-002
1.5650170E+001,9.4780208E-002
1.5652170E+001,8.9845775E-002
1.5654170E+001,8.4603376E-002
1.5656170E+001,7.9113899E-002
1.5658170E+001,7.3444215E-002
1.5660170E+001,6.7666156E-002
1.5662170E+001,6.1854682E-002
1.5664170E+001,5.6087349E-002
1.5666170E+001,5.0446501E-002
1.5668170E+001,4.5021300E-002
1.5670170E+001,3.9904131E-002
1.5672170E+001,3.5180926E-002
1.5674170E+001,3.0921508E-002
1.5676170E+001,2.7174685E-002
1.5678170E+001,2.3967002E-002
1.5680170E+001,2.1302496E-002
1.5682170E+001,1.9163094E-002
1.5684170E+001,1.7510161E-002
1.5686170E+001,1.6287149E-002
1.5688170E+001,1.5423019E-002
1.5690170E+001,1.4836195E-002
1.5692170E+001,1.4438847E-002
1.5694170E+001,1.4141224E-002
1.5696170E+001,1.3855781E-002
1.5698170E+001,1.3500794E-002
1.5700170E+001,1.3003176E-002
1.5702170E+001,1.2300299E-002
1.5704170E+001,1.1340813E-002
1.5706170E+001,1.0084689E-002
1.5708170E+001,8.5028665E-003
1.5710170E+001,6.5768547E-003
1.5712170E+001,4.2983990E-003
1.5714170E+001,1.6690312E-003
1.5716170E+001,-1.3008099E-003
1.5718170E+001,-4.5932286E-003
1.5720170E+001,-8.1846826E-003
1.5722170E+001,-1.2047826E-002
1.5724170E+001,-1.6153262E-002
1.5726170E+001,-2.0471191E-002
1.5728170E+001,-2.4972720E-002
1.5730170E+001,-2.9629881E-002
1.5732170E+001,-3.4413424E-002
1.5734170E+001,-3.9288427E-002
1.5736170E+001,-4.4209144E-002
1.5738170E+001,-4.9115169E-002
1.5740170E+001,-5.3930139E-002
1.5742170E+001,-5.8563056E-002
1.5744170E+001,-6.2910941E-002
1.5746170E+001,-6.6862807E-002
1.5748170E+001,-7.0302460E-002
1.5750170E+001,-7.3111225E-002
1.5752170E+001,-7.5171122E-002
1.5754170E+001,-7.6366970E-002
1.5756170E+001,-7.6589338E-002
1.5758170E+001,-7.5736377E-002
1.5760170E+001,-7.3716919E-002
1.5762170E+001,-7.0457952E-002
1.5764170E+001,-6.5908799E-002
1.5766170E+001,-6.0045436E-002
1.5768170E+001,-5.2872849E-002
1.5770170E+001,-4.4425228E-002
1.5772170E+001,-3.4763719E-002
1.5774170E+001,-2.3974360E-002
1.5776170E+001,-1.2172510E-002
1.5778170E+001,4.8083168E-004
1.5780170E+001,1.3759284E-002
1.5782170E+001,2.7372312E-002
1.5784170E+001,4.0997134E-002
1.5786170E+001,5.4368370E-002
1.5788170E+001,6.7255540E-002
1.5790170E+001,7.9520970E-002
1.5792170E+001,9.1079523E-002
1.5794170E+001,1.0187549E-001
1.5796170E+001,1.1188356E-001
1.5798170E+001,1.2109373E-001
1.5800170E+001,1.2949462E-001
1.5802170E+001,1.3707418E-001
1.5804170E+001,1.4379554E-001
1.5806170E+001,1.4959694E-001
1.5808170E+001,1.5440404E-001
1.5810170E+001,1.5814951E-001
1.5812170E+001,1.6079351E-001
1.5814170E+001,1.6233509E-001
1.5816170E+001,1.6281320E-001
1.5818170E+001,1.6229787E-001
1.5820170E+001,1.6087866E-001
1.5822170E+001,1.5865353E-001
1.5824170E+001,1.5572233E-001
1.5826170E+001,1.5219317E-001
1.5828170E+001,1.4819893E-001
1.5830170E+001,1.4390639E-001
1.5832170E+001,1.3949057E-001
1.5834170E+001,1.3509539E-001
1.5836170E+001,1.3082354E-001
1.5838170E+001,1.2675669E-001
1.5840170E+001,1.2297183E-001
1.5842170E+001,1.1954360E-001
1.5844170E+001,1.1654860E-001
1.5846170E+001,1.1407533E-001
1.5848170E+001,1.1222941E-001
1.5850170E+001,1.1112726E-001
1.5852170E+001,1.1087819E-001
1.5854170E+001,1.1155629E-001
1.5856170E+001,1.1316376E-001
1.5858170E+001,1.1559610E-001
1.5860170E+001,1.1863378E-001
1.5862170E+001,1.2198139E-001
1.5864170E+001,1.2535004E-001
1.5866170E+001,1.2854348E-001
1.5868170E+001,1.3149477E-001
1.5870170E+001,1.3423128E-001
1.5872170E+001,1.3679883E-001
1.5874170E+001,1.3921044E-001
1.5876170E+001,1.4142107E-001
1.5878170E+001,1.4336108E-001
1.5880170E+001,1.4495344E-001
1.5882170E+001,1.4612781E-001
1.5884170E+001,1.4682450E-001
1.5886170E+001,1.4699511E-001
1.5888170E+001,1.4660324E-001
1.5890170E+001,1.4562605E-001
1.5892170E+001,1.4405328E-001
1.5894170E+001,1.4188775E-001
1.5896170E+001,1.3914421E-001
1.5898170E+001,1.3584776E-001
1.5900170E+001,1.3203218E-001
1.5902170E+001,1.2773760E-001
1.5904170E+001,1.2300819E-001
1.5906170E+001,1.1789035E-001
1.5908170E+001,1.1243179E-001
1.5910170E+001,1.0668153E-001
1.5912170E+001,1.0069214E-001
1.5914170E+001,9.4519363E-002
1.5916170E+001,8.8225046E-002
1.5918170E+001,8.1877170E-002
1.5920170E+001,7.5545411E-002
1.5922170E+001,6.9300133E-002
1.5924170E+001,6.3220588E-002
1.5926170E+001,5.7399538E-002
1.5928170E+001,5.1929628E-002
1.5930170E+001,4.6885877E-002
1.5932170E+001,4.2323879E-002
1.5934170E+001,3.8286248E-002
1.5936170E+001,3.4803525E-002
1.5938170E+001,3.1891591E-002
1.5940170E+001,2.9551215E-002
1.5942170E+001,2.7769041E-002
1.5944170E+001,2.6518162E-002
1.5946170E+001,2.5757862E-002
1.5948170E+001,2.5433041E-002
1.5950170E+001,2.5473984E-002
1.5952170E+001,2.5798024E-002
1.5954170E+001,2.6312077E-002
1.5956170E+001,2.6916921E-002
1.5958170E+001,2.7511307E-002
1.5960170E+001,2.7995087E-002
1.5962170E+001,2.8270837E-002
1.5964170E+001,2.8244410E-002
1.5966170E+001,2.7825300E-002
1.5968170E+001,2.6927514E-002
1.5970170E+001,2.5471903E-002
1.5972170E+001,2.3394726E-002
1.5974170E+001,2.0642552E-002
1.5976170E+001,1.7141674E-002
1.5978170E+001,1.2857615E-002
1.5980170E+001,7.8191201E-003
1.5982170E+001,2.0641113E-003
1.5984170E+001,-4.3524684E-003
1.5986170E+001,-1.1335439E-002
1.5988170E+001,-1.8764220E-002
1.5990170E+001,-2.6499202E-002
1.5992170E+001,-3.4387349E-002
1.5994170E+001,-4.2269561E-002
1.5996170E+001,-4.9987066E-002
1.5998170E+001,-5.7387792E-002
1.6000170E+001,-6.4332471E-002
1.6002170E+001,-7.0700451E-002
1.6004170E+001,-7.6394924E-002
1.6006170E+001,-8.1346839E-002
1.6008170E+001,-8.5516643E-002
1.6010170E+001,-8.8893314E-002
1.6012170E+001,-9.1490850E-002
1.6014170E+001,-9.3343011E-002
1.6016170E+001,-9.4497518E-002
1.6018170E+001,-9.5010836E-002
1.6020170E+001,-9.4944116E-002
1.6022170E+001,-9.4359410E-002
1.6024170E+001,-9.3318602E-002
1.6026170E+001,-9.1883118E-002
1.6028170E+001,-9.0112310E-002
1.6030170E+001,-8.8062441E-002
1.6032170E+001,-8.5785656E-002
1.6034170E+001,-8.3329208E-002
1.6036170E+001,-8.0734752E-002
1.6038170E+001,-7.8037674E-002
1.6040170E+001,-7.5266601E-002
1.6042170E+001,-7.2443314E-002
1.6044170E+001,-6.9583231E-002
1.6046170E+001,-6.6696400E-002
1.6048170E+001,-6.3788777E-002
1.6050170E+001,-6.0863403E-002
1.6052170E+001,-5.7921128E-002
1.6054170E+001,-5.4960977E-002
1.6056170E+001,-5.1981169E-002
1.6058170E+001,-4.8981644E-002
1.6060170E+001,-4.5966842E-002
1.6062170E+001,-4.2945966E-002
1.6064170E+001,-3.9930260E-002
1.6066170E+001,-3.6930065E-002
1.6068170E+001,-3.3953719E-002
1.6070170E+001,-3.1007503E-002
1.6072170E+001,-2.8095324E-002
1.6074170E+001,-2.5218180E-002
1.6076170E+001,-2.2373899E-002
1.6078170E+001,-1.9557329E-002
1.6080170E+001,-1.6760966E-002
1.6082170E+001,-1.3975942E-002
1.6084170E+001,-1.1193247E-002
1.6086170E+001,-8.4049934E-003
1.6088170E+001,-5.6055199E-003
1.6090170E+001,-2.7921629E-003
1.6092170E+001,3.4454032E-005
1.6094170E+001,2.8706121E-003
1.6096170E+001,5.7100887E-003
1.6098170E+001,8.5450080E-003
1.6100170E+001,1.1366790E-002
1.6102170E+001,1.4167038E-002
1.6104170E+001,1.6938195E-002
1.6106170E+001,1.9673719E-002
1.6108170E+001,2.2367522E-002
1.6110170E+001,2.5012549E-002
1.6112170E+001,2.7598832E-002
1.6114170E+001,3.0111949E-002
1.6116170E+001,3.2533037E-002
1.6118170E+001,3.4840928E-002
1.6120170E+001,3.7015710E-002
1.6122170E+001,3.9041852E-002
1.6124170E+001,4.0909355E-002
1.6126170E+001,4.2611747E-002
1.6128170E+001,4.4142283E-002
1.6130170E+001,4.5493347E-002
1.6132170E+001,4.6648364E-002
1.6134170E+001,4.7585604E-002
1.6136170E+001,4.8276286E-002
1.6138170E+001,4.8683010E-002
1.6140170E+001,4.8761362E-002
1.6142170E+001,4.8458784E-002
1.6144170E+001,4.7716737E-002
1.6146170E+001,4.6470836E-002
1.6148170E+001,4.4654931E-002
1.6150170E+001,4.2203791E-002
1.6152170E+001,3.9057077E-002
1.6154170E+001,3.5163740E-002
1.6156170E+001,3.0485559E-002
1.6158170E+001,2.4999564E-002
1.6160170E+001,1.8699192E-002
1.6162170E+001,1.1595046E-002
1.6164170E+001,3.7159196E-003
1.6166170E+001,-4.8908202E-003
1.6168170E+001,-1.4160008E-002
1.6170170E+001,-2.4008360E-002
1.6172170E+001,-3.4330402E-002
1.6174170E+001,-4.4992410E-002
1.6176170E+001,-5.5829254E-002
1.6178170E+001,-6.6653927E-002
1.6180170E+001,-7.7266602E-002
1.6182170E+001,-8.7480007E-002
1.6184170E+001,-9.7135762E-002
1.6186170E+001,-1.0610284E-001
1.6188170E+001,-1.1430515E-001
1.6190170E+001,-1.2170492E-001
1.6192170E+001,-1.2828602E-001
1.6194170E+001,-1.3404710E-001
1.6196170E+001,-1.3899246E-001
1.6198170E+001,-1.4313050E-001
1.6200170E+001,-1.4647373E-001
1.6202170E+001,-1.4903963E-001
1.6204170E+001,-1.5084979E-001
1.6206170E+001,-1.5192673E-001
1.6208170E+001,-1.5228993E-001
1.6210170E+001,-1.5195939E-001
1.6212170E+001,-1.5097284E-001
1.6214170E+001,-1.4941222E-001
1.6216170E+001,-1.4739538E-001
1.6218170E+001,-1.4503064E-001
1.6220170E+001,-1.4237882E-001
1.6222170E+001,-1.3946430E-001
1.6224170E+001,-1.3632027E-001
1.6226170E+001,-1.3304134E-001
1.6228170E+001,-1.2982452E-001
1.6230170E+001,-1.2696283E-001
1.6232170E+001,-1.2475250E-001
1.6234170E+001,-1.2333988E-001
1.6236170E+001,-1.2261537E-001
1.6238170E+001,-1.2225788E-001
1.6240170E+001,-1.2192038E-001
1.6242170E+001,-1.2142243E-001
1.6244170E+001,-1.2080976E-001
1.6246170E+001,-1.2026316E-001
1.6248170E+001,-1.1995965E-001
1.6250170E+001,-1.1999444E-001
1.6252170E+001,-1.2038592E-001
1.6254170E+001,-1.2111493E-001
1.6256170E+001,-1.2215051E-001
1.6258170E+001,-1.2345302E-001
1.6260170E+001,-1.2497007E-001
1.6262170E+001,-1.2663639E-001
1.6264170E+001,-1.2837731E-001
1.6266170E+001,-1.3011289E-001
1.6268170E+001,-1.3176148E-001
1.6270170E+001,-1.3324303E-001
1.6272170E+001,-1.3448205E-001
1.6274170E+001,-1.3540982E-001
1.6276170E+001,-1.3596578E-001
1.6278170E+001,-1.3609842E-001
1.6280170E+001,-1.3576620E-001
1.6282170E+001,-1.3493860E-001
1.6284170E+001,-1.3359743E-001
1.6286170E+001,-1.3173738E-001
1.6288170E+001,-1.2936516E-001
1.6290170E+001,-1.2649694E-001
1.6292170E+001,-1.2315488E-001
1.6294170E+001,-1.1936373E-001
1.6296170E+001,-1.1514927E-001
1.6298170E+001,-1.1053848E-001
1.6300170E+001,-1.0556072E-001
1.6302170E+001,-1.0025235E-001
1.6304170E+001,-9.4658015E-002
1.6306170E+001,-8.8827731E-002
1.6308170E+001,-8.2820640E-002
1.6310170E+001,-7.6718100E-002
1.6312170E+001,-7.0624595E-002
1.6314170E+001,-6.4649940E-002
1.6316170E+001,-5.8897463E-002
1.6318170E+001,-5.3465666E-002
1.6320170E+001,-4.8446799E-002
1.6322170E+001,-4.3919182E-002
1.6324170E+001,-3.9943541E-002
1.6326170E+001,-3.6554457E-002
1.6328170E+001,-3.3779562E-002
1.6330170E+001,-3.1626743E-002
1.6332170E+001,-3.0095745E-002
1.6334170E+001,-2.9178452E-002
1.6336170E+001,-2.8854347E-002
1.6338170E+001,-2.9085363E-002
1.6340170E+001,-2.9808450E-002
1.6342170E+001,-3.0935149E-002
1.6344170E+001,-3.2354461E-002
1.6346170E+001,-3.3941639E-002
1.6348170E+001,-3.5567452E-002
1.6350170E+001,-3.7103760E-002
1.6352170E+001,-3.8426114E-002
1.6354170E+001,-3.9414674E-002
1.6356170E+001,-3.9954781E-002
1.6358170E+001,-3.9937316E-002
1.6360170E+001,-3.9258279E-002
1.6362170E+001,-3.7818183E-002
1.6364170E+001,-3.5522854E-002
1.6366170E+001,-3.2289576E-002
1.6368170E+001,-2.8045903E-002
1.6370170E+001,-2.2775773E-002
1.6372170E+001,-1.6503247E-002
1.6374170E+001,-9.2431157E-003
1.6376170E+001,-9.9861840E-004
1.6378170E+001,8.0870500E-003
1.6380170E+001,1.7714334E-002
1.6382170E+001,2.7599922E-002
1.6384170E+001,3.7495043E-002
1.6386170E+001,4.7124184E-002
1.6388170E+001,5.6216632E-002
1.6390170E+001,6.4550518E-002
1.6392170E+001,7.1966287E-002
1.6394170E+001,7.8373750E-002
1.6396170E+001,8.3747181E-002
1.6398170E+001,8.8109038E-002
1.6400170E+001,9.1511110E-002
1.6402170E+001,9.4018231E-002
1.6404170E+001,9.5697543E-002
1.6406170E+001,9.6615052E-002
1.6408170E+001,9.6836714E-002
1.6410170E+001,9.6429641E-002
1.6412170E+001,9.5464628E-002
1.6414170E+001,9.4014683E-002
1.6416170E+001,9.2155547E-002
1.6418170E+001,8.9963052E-002
1.6420170E+001,8.7509894E-002
1.6422170E+001,8.4863842E-002
1.6424170E+001,8.2085751E-002
1.6426170E+001,7.9228024E-002
1.6428170E+001,7.6333501E-002
1.6430170E+001,7.3434721E-002
1.6432170E+001,7.0553514E-002
1.6434170E+001,6.7700977E-002
1.6436170E+001,6.4877865E-002
1.6438170E+001,6.2075555E-002
1.6440170E+001,5.9277804E-002
1.6442170E+001,5.6463210E-002
1.6444170E+001,5.3608258E-002
1.6446170E+001,5.0691283E-002
1.6448170E+001,4.7697765E-002
1.6450170E+001,4.4625591E-002
1.6452170E+001,4.1487239E-002
1.6454170E+001,3.8307789E-002
1.6456170E+001,3.5121371E-002
1.6458170E+001,3.1968649E-002
1.6460170E+001,2.8894977E-002
1.6462170E+001,2.5947869E-002
1.6464170E+001,2.3173732E-002
1.6466170E+001,2.0614516E-002
1.6468170E+001,1.8304617E-002
1.6470170E+001,1.6268175E-002
1.6472170E+001,1.4516945E-002
1.6474170E+001,1.3048938E-002
1.6476170E+001,1.1847948E-002
1.6478170E+001,1.0883992E-002
1.6480170E+001,1.0114691E-002
1.6482170E+001,9.4875563E-003
1.6484170E+001,8.9430159E-003
1.6486170E+001,8.4178965E-003
1.6488170E+001,7.8489816E-003
1.6490170E+001,7.1763040E-003
1.6492170E+001,6.3458982E-003
1.6494170E+001,5.3118762E-003
1.6496170E+001,4.0378718E-003
1.6498170E+001,2.4979835E-003
1.6500170E+001,6.7733120E-004
1.6502170E+001,-1.4277114E-003
1.6504170E+001,-3.8095685E-003
1.6506170E+001,-6.4498071E-003
1.6508170E+001,-9.3198674E-003
1.6510170E+001,-1.2382341E-002
1.6512170E+001,-1.5592915E-002
1.6514170E+001,-1.8902861E-002
1.6516170E+001,-2.2261633E-002
1.6518170E+001,-2.5618843E-002
1.6520170E+001,-2.8924770E-002
1.6522170E+001,-3.2129115E-002
1.6524170E+001,-3.5178482E-002
1.6526170E+001,-3.8014054E-002
1.6528170E+001,-4.0571356E-002
1.6530170E+001,-4.2783332E-002
1.6532170E+001,-4.4586174E-002
1.6534170E+001,-4.5925616E-002
1.6536170E+001,-4.6760667E-002
1.6538170E+001,-4.7062626E-002
1.6540170E+001,-4.6810018E-002
1.6542170E+001,-4.5982024E-002
1.6544170E+001,-4.4555926E-002
1.6546170E+001,-4.2508141E-002
1.6548170E+001,-3.9818953E-002
1.6550170E+001,-3.6478748E-002
1.6552170E+001,-3.2493063E-002
1.6554170E+001,-2.7883895E-002
1.6556170E+001,-2.2685429E-002
1.6558170E+001,-1.6935123E-002
1.6560170E+001,-1.0664818E-002
1.6562170E+001,-3.8997394E-003
1.6564170E+001,3.3284866E-003
1.6566170E+001,1.0958970E-002
1.6568170E+001,1.8883987E-002
1.6570170E+001,2.6950564E-002
1.6572170E+001,3.4981400E-002
1.6574170E+001,4.2800800E-002
1.6576170E+001,5.0272386E-002
1.6578170E+001,5.7281396E-002
1.6580170E+001,6.3770733E-002
1.6582170E+001,6.9708244E-002
1.6584170E+001,7.5085464E-002
1.6586170E+001,7.9904637E-002
1.6588170E+001,8.4173813E-002
1.6590170E+001,8.7906377E-002
1.6592170E+001,9.1121371E-002
1.6594170E+001,9.3843666E-002
1.6596170E+001,9.6103278E-002
1.6598170E+001,9.7932154E-002
1.6600170E+001,9.9369145E-002
1.6602170E+001,1.0045827E-001
1.6604170E+001,1.0124736E-001
1.6606170E+001,1.0178884E-001
1.6608170E+001,1.0213838E-001
1.6610170E+001,1.0235056E-001
1.6612170E+001,1.0247630E-001
1.6614170E+001,1.0255379E-001
1.6616170E+001,1.0260366E-001
1.6618170E+001,1.0262609E-001
1.6620170E+001,1.0260397E-001
1.6622170E+001,1.0251637E-001
1.6624170E+001,1.0235535E-001
1.6626170E+001,1.0212893E-001
1.6628170E+001,1.0184410E-001
1.6630170E+001,1.0149275E-001
1.6632170E+001,1.0106168E-001
1.6634170E+001,1.0055285E-001
1.6636170E+001,9.9990543E-002
1.6638170E+001,9.9416092E-002
1.6640170E+001,9.8883461E-002
1.6642170E+001,9.8461857E-002
1.6644170E+001,9.8241525E-002
1.6646170E+001,9.8331303E-002
1.6648170E+001,9.8833461E-002
1.6650170E+001,9.9794302E-002
1.6652170E+001,1.0115516E-001
1.6654170E+001,1.0274892E-001
1.6656170E+001,1.0434502E-001
1.6658170E+001,1.0576223E-001
1.6660170E+001,1.0693395E-001
1.6662170E+001,1.0792643E-001
1.6664170E+001,1.0884963E-001
1.6666170E+001,1.0973516E-001
1.6668170E+001,1.1054984E-001
1.6670170E+001,1.1127236E-001
1.6672170E+001,1.1188857E-001
1.6674170E+001,1.1236801E-001
1.6676170E+001,1.1267779E-001
1.6678170E+001,1.1279202E-001
1.6680170E+001,1.1268966E-001
1.6682170E+001,1.1235411E-001
1.6684170E+001,1.1177398E-001
1.6686170E+001,1.1094238E-001
1.6688170E+001,1.0985551E-001
1.6690170E+001,1.0851014E-001
1.6692170E+001,1.0689964E-001
1.6694170E+001,1.0500860E-001
1.6696170E+001,1.0281009E-001
1.6698170E+001,1.0027433E-001
1.6700170E+001,9.7389281E-002
1.6702170E+001,9.4174600E-002
1.6704170E+001,9.0668140E-002
1.6706170E+001,8.6896247E-002
1.6708170E+001,8.2861830E-002
1.6710170E+001,7.8560285E-002
1.6712170E+001,7.4000117E-002
1.6714170E+001,6.9209679E-002
1.6716170E+001,6.4234305E-002
1.6718170E+001,5.9133026E-002
1.6720170E+001,5.3976073E-002
1.6722170E+001,4.8841243E-002
1.6724170E+001,4.3809124E-002
1.6726170E+001,3.8958642E-002
1.6728170E+001,3.4364041E-002
1.6730170E+001,3.0093214E-002
1.6732170E+001,2.6206253E-002
1.6734170E+001,2.2752844E-002
1.6736170E+001,1.9768079E-002
1.6738170E+001,1.7267682E-002
1.6740170E+001,1.5244160E-002
1.6742170E+001,1.3665465E-002
1.6744170E+001,1.2476108E-002
1.6746170E+001,1.1600155E-002
1.6748170E+001,1.0945173E-002
1.6750170E+001,1.0406086E-002
1.6752170E+001,9.8688970E-003
1.6754170E+001,9.2143987E-003
1.6756170E+001,8.3226344E-003
1.6758170E+001,7.0780332E-003
1.6760170E+001,5.3756487E-003
1.6762170E+001,3.1281388E-003
1.6764170E+001,2.7299030E-004
1.6766170E+001,-3.2208410E-003
1.6768170E+001,-7.3478314E-003
1.6770170E+001,-1.2063288E-002
1.6772170E+001,-1.7283948E-002
1.6774170E+001,-2.2892032E-002
1.6776170E+001,-2.8742480E-002
1.6778170E+001,-3.4672748E-002
1.6780170E+001,-4.0514262E-002
1.6782170E+001,-4.6104393E-002
1.6784170E+001,-5.1297698E-002
1.6786170E+001,-5.5973686E-002
1.6788170E+001,-6.0043199E-002
1.6790170E+001,-6.3446598E-002
1.6792170E+001,-6.6151238E-002
1.6794170E+001,-6.8145152E-002
1.6796170E+001,-6.9431705E-002
1.6798170E+001,-7.0024663E-002
1.6800170E+001,-6.9946589E-002
1.6802170E+001,-6.9227315E-002
1.6804170E+001,-6.7904305E-002
1.6806170E+001,-6.6023527E-002
1.6808170E+001,-6.3637878E-002
1.6810170E+001,-6.0805167E-002
1.6812170E+001,-5.7585966E-002
1.6814170E+001,-5.4043059E-002
1.6816170E+001,-5.0227980E-002
1.6818170E+001,-4.6202342E-002
1.6820170E+001,-4.2011669E-002
1.6822170E+001,-3.7697496E-002
1.6824170E+001,-3.3294791E-002
1.6826170E+001,-2.8830435E-002
1.6828170E+001,-2.4324196E-002
1.6830170E+001,-1.9789286E-002
1.6832170E+001,-1.5235203E-002
1.6834170E+001,-1.0672170E-002
1.6836170E+001,-6.1148283E-003
1.6838170E+001,-1.5835688E-003
1.6840170E+001,2.8946725E-003
1.6842170E+001,7.2841397E-003
1.6844170E+001,1.1538197E-002
1.6846170E+001,1.5600973E-002
1.6848170E+001,1.9413297E-002
1.6850170E+001,2.2919801E-002
1.6852170E+001,2.6073651E-002
1.6854170E+001,2.8837936E-002
1.6856170E+001,3.1185332E-002
1.6858170E+001,3.3098033E-002
1.6860170E+001,3.4568587E-002
1.6862170E+001,3.5601004E-002
1.6864170E+001,3.6211429E-002
1.6866170E+001,3.6428250E-002
1.6868170E+001,3.6291153E-002
1.6870170E+001,3.5850187E-002
1.6872170E+001,3.5164227E-002
1.6874170E+001,3.4299061E-002
1.6876170E+001,3.3325081E-002
1.6878170E+001,3.2314526E-002
1.6880170E+001,3.1339091E-002
1.6882170E+001,3.0467800E-002
1.6884170E+001,2.9765107E-002
1.6886170E+001,2.9288916E-002
1.6888170E+001,2.9088533E-002
1.6890170E+001,2.9202519E-002
1.6892170E+001,2.9656590E-002
1.6894170E+001,3.0461834E-002
1.6896170E+001,3.1613633E-002
1.6898170E+001,3.3091351E-002
1.6900170E+001,3.4858075E-002
1.6902170E+001,3.6865036E-002
1.6904170E+001,3.9041129E-002
1.6906170E+001,4.1308853E-002
1.6908170E+001,4.3600573E-002
1.6910170E+001,4.5872791E-002
1.6912170E+001,4.8055397E-002
1.6914170E+001,5.0032721E-002
1.6916170E+001,5.1708456E-002
1.6918170E+001,5.3025680E-002
1.6920170E+001,5.3932396E-002
1.6922170E+001,5.4376423E-002
1.6924170E+001,5.4315646E-002
1.6926170E+001,5.3716307E-002
1.6928170E+001,5.2553662E-002
1.6930170E+001,5.0808070E-002
1.6932170E+001,4.8466496E-002
1.6934170E+001,4.5518356E-002
1.6936170E+001,4.1953420E-002
1.6938170E+001,3.7763829E-002
1.6940170E+001,3.2955230E-002
1.6942170E+001,2.7560445E-002
1.6944170E+001,2.1638663E-002
1.6946170E+001,1.5256858E-002
1.6948170E+001,8.4748045E-003
1.6950170E+001,1.3498135E-003
1.6952170E+001,-6.0501817E-003
1.6954170E+001,-1.3642194E-002
1.6956170E+001,-2.1332567E-002
1.6958170E+001,-2.9022193E-002
1.6960170E+001,-3.6609486E-002
1.6962170E+001,-4.3995865E-002
1.6964170E+001,-5.1082376E-002
1.6966170E+001,-5.7777557E-002
1.6968170E+001,-6.3997860E-002
1.6970170E+001,-6.9671883E-002
1.6972170E+001,-7.4742123E-002
1.6974170E+001,-7.9170686E-002
1.6976170E+001,-8.2946474E-002
1.6978170E+001,-8.6078815E-002
1.6980170E+001,-8.8595909E-002
1.6982170E+001,-9.0539822E-002
1.6984170E+001,-9.1962795E-002
1.6986170E+001,-9.2925175E-002
1.6988170E+001,-9.3494630E-002
1.6990170E+001,-9.3744070E-002
1.6992170E+001,-9.3745553E-002
1.6994170E+001,-9.3560896E-002
1.6996170E+001,-9.3235408E-002
1.6998170E+001,-9.2800615E-002
1.7000170E+001,-9.2279443E-002
1.7002170E+001,-9.1685901E-002
1.7004170E+001,-9.1029735E-002
1.7006170E+001,-9.0349679E-002
1.7008170E+001,-8.9767115E-002
1.7010170E+001,-8.9508705E-002
1.7012170E+001,-8.9848710E-002
1.7014170E+001,-9.0974213E-002
1.7016170E+001,-9.2844752E-002
1.7018170E+001,-9.5146209E-002
1.7020170E+001,-9.7411983E-002
1.7022170E+001,-9.9274537E-002
1.7024170E+001,-1.0059007E-001
1.7026170E+001,-1.0136284E-001
1.7028170E+001,-1.0169237E-001
1.7030170E+001,-1.0171760E-001
1.7032170E+001,-1.0151711E-001
1.7034170E+001,-1.0110819E-001
1.7036170E+001,-1.0049827E-001
1.7038170E+001,-9.9701189E-002
1.7040170E+001,-9.8736192E-002
1.7042170E+001,-9.7623517E-002
1.7044170E+001,-9.6380650E-002
1.7046170E+001,-9.5020517E-002
1.7048170E+001,-9.3550316E-002
1.7050170E+001,-9.1975192E-002
1.7052170E+001,-9.0304487E-002
1.7054170E+001,-8.8555039E-002
1.7056170E+001,-8.6745308E-002
1.7058170E+001,-8.4886949E-002
1.7060170E+001,-8.2984824E-002
1.7062170E+001,-8.1044324E-002
1.7064170E+001,-7.9076321E-002
1.7066170E+001,-7.7097097E-002
1.7068170E+001,-7.5126704E-002
1.7070170E+001,-7.3186759E-002
1.7072170E+001,-7.1296971E-002
1.7074170E+001,-6.9471215E-002
1.7076170E+001,-6.7715028E-002
1.7078170E+001,-6.6025830E-002
1.7080170E+001,-6.4395882E-002
1.7082170E+001,-6.2816581E-002
1.7084170E+001,-6.1282037E-002
1.7086170E+001,-5.9790472E-002
1.7088170E+001,-5.8343290E-002
1.7090170E+001,-5.6942850E-002
1.7092170E+001,-5.5590315E-002
1.7094170E+001,-5.4284526E-002
1.7096170E+001,-5.3022087E-002
1.7098170E+001,-5.1798253E-002
1.7100170E+001,-5.0608057E-002
1.7102170E+001,-4.9447333E-002
1.7104170E+001,-4.8313550E-002
1.7106170E+001,-4.7206483E-002
1.7108170E+001,-4.6128709E-002
1.7110170E+001,-4.5085781E-002
1.7112170E+001,-4.4085911E-002
1.7114170E+001,-4.3139066E-002
1.7116170E+001,-4.2255625E-002
1.7118170E+001,-4.1444924E-002
1.7120170E+001,-4.0714065E-002
1.7122170E+001,-4.0067158E-002
1.7124170E+001,-3.9504842E-002
1.7126170E+001,-3.9023733E-002
1.7128170E+001,-3.8615562E-002
1.7130170E+001,-3.8266060E-002
1.7132170E+001,-3.7953984E-002
1.7134170E+001,-3.7650675E-002
1.7136170E+001,-3.7320374E-002
1.7138170E+001,-3.6921272E-002
1.7140170E+001,-3.6407105E-002
1.7142170E+001,-3.5729160E-002
1.7144170E+001,-3.4838521E-002
1.7146170E+001,-3.3688367E-002
1.7148170E+001,-3.2236150E-002
1.7150170E+001,-3.0445537E-002
1.7152170E+001,-2.8288225E-002
1.7154170E+001,-2.5745773E-002
1.7156170E+001,-2.2811545E-002
1.7158170E+001,-1.9492634E-002
1.7160170E+001,-1.5811431E-002
1.7162170E+001,-1.1808414E-002
1.7164170E+001,-7.5322434E-003
1.7166170E+001,-3.0574718E-003
1.7168170E+001,1.5366254E-003
1.7170170E+001,6.1607058E-003
1.7172170E+001,1.0720092E-002
1.7174170E+001,1.5120125E-002
1.7176170E+001,1.9269709E-002
1.7178170E+001,2.3085684E-002
1.7180170E+001,2.6496410E-002
1.7182170E+001,2.9445076E-002
1.7184170E+001,3.1891591E-002
1.7186170E+001,3.3813264E-002
1.7188170E+001,3.5204301E-002
1.7190170E+001,3.6073940E-002
1.7192170E+001,3.6443536E-002
1.7194170E+001,3.6343314E-002
1.7196170E+001,3.5808607E-002
1.7198170E+001,3.4879708E-002
1.7200170E+001,3.3598116E-002
1.7202170E+001,3.2007835E-002
1.7204170E+001,3.0153180E-002
1.7206170E+001,2.8078028E-002
1.7208170E+001,2.5824593E-002
1.7210170E+001,2.3432205E-002
1.7212170E+001,2.0936392E-002
1.7214170E+001,1.8368416E-002
1.7216170E+001,1.5755403E-002
1.7218170E+001,1.3120999E-002
1.7220170E+001,1.0486268E-002
1.7222170E+001,7.8703010E-003
1.7224170E+001,5.2900683E-003
1.7226170E+001,2.7595262E-003
1.7228170E+001,2.8854005E-004
1.7230170E+001,-2.1179239E-003
1.7232170E+001,-4.4605753E-003
1.7234170E+001,-6.7465792E-003
1.7236170E+001,-8.9892754E-003
1.7238170E+001,-1.1205869E-002
1.7240170E+001,-1.3413786E-002
1.7242170E+001,-1.5627372E-002
1.7244170E+001,-1.7856024E-002
1.7246170E+001,-2.0103892E-002
1.7248170E+001,-2.2370785E-002
1.7250170E+001,-2.4653797E-002
1.7252170E+001,-2.6949108E-002
1.7254170E+001,-2.9253506E-002
1.7256170E+001,-3.1565314E-002
1.7258170E+001,-3.3884630E-002
1.7260170E+001,-3.6213032E-002
1.7262170E+001,-3.8553135E-002
1.7264170E+001,-4.0908421E-002
1.7266170E+001,-4.3283441E-002
1.7268170E+001,-4.5683983E-002
1.7270170E+001,-4.8116721E-002
1.7272170E+001,-5.0587996E-002
1.7274170E+001,-5.3101995E-002
1.7276170E+001,-5.5659443E-002
1.7278170E+001,-5.8254947E-002
1.7280170E+001,-6.0876609E-002
1.7282170E+001,-6.3505296E-002
1.7284170E+001,-6.6114486E-002
1.7286170E+001,-6.8670679E-002
1.7288170E+001,-7.1134429E-002
1.7290170E+001,-7.3462191E-002
1.7292170E+001,-7.5608672E-002
1.7294170E+001,-7.7529870E-002
1.7296170E+001,-7.9186729E-002
1.7298170E+001,-8.0549144E-002
1.7300170E+001,-8.1599798E-002
1.7302170E+001,-8.2337135E-002
1.7304170E+001,-8.2776562E-002
1.7306170E+001,-8.2949105E-002
1.7308170E+001,-8.2897093E-002
1.7310170E+001,-8.2666893E-002
1.7312170E+001,-8.2300506E-002
1.7314170E+001,-8.1826684E-002
1.7316170E+001,-8.1254231E-002
1.7318170E+001,-8.0569052E-002
1.7320170E+001,-7.9736365E-002
1.7322170E+001,-7.8707191E-002
1.7324170E+001,-7.7428574E-002
1.7326170E+001,-7.5853983E-002
1.7328170E+001,-7.3951780E-002
1.7330170E+001,-7.1709368E-002
1.7332170E+001,-6.9132433E-002
1.7334170E+001,-6.6239845E-002
1.7336170E+001,-6.3056271E-002
1.7338170E+001,-5.9605402E-002
1.7340170E+001,-5.5906373E-002
1.7342170E+001,-5.1973867E-002
1.7344170E+001,-4.7820418E-002
1.7346170E+001,-4.3459369E-002
1.7348170E+001,-3.8908132E-002
1.7350170E+001,-3.4191265E-002
1.7352170E+001,-2.9342154E-002
1.7354170E+001,-2.4402391E-002
1.7356170E+001,-1.9419123E-002
1.7358170E+001,-1.4442756E-002
1.7360170E+001,-9.5150593E-003
1.7362170E+001,-4.6824474E-003
1.7364170E+001,2.6651046E-005
1.7366170E+001,4.5896409E-003
1.7368170E+001,8.9962306E-003
1.7370170E+001,1.3245202E-002
1.7372170E+001,1.7342536E-002
1.7374170E+001,2.1298912E-002
1.7376170E+001,2.5127102E-002
1.7378170E+001,2.8839615E-002
1.7380170E+001,3.2446863E-002
1.7382170E+001,3.5956148E-002
1.7384170E+001,3.9370938E-002
1.7386170E+001,4.2689738E-002
1.7388170E+001,4.5907468E-002
1.7390170E+001,4.9014862E-002
1.7392170E+001,5.1998572E-002
1.7394170E+001,5.4841617E-002
1.7396170E+001,5.7523622E-002
1.7398170E+001,6.0021109E-002
1.7400170E+001,6.2307701E-002
1.7402170E+001,6.4354460E-002
1.7404170E+001,6.6130990E-002
1.7406170E+001,6.7608309E-002
1.7408170E+001,6.8763165E-002
1.7410170E+001,6.9580643E-002
1.7412170E+001,7.0052363E-002
1.7414170E+001,7.0173273E-002
1.7416170E+001,6.9941867E-002
1.7418170E+001,6.9365083E-002
1.7420170E+001,6.8460194E-002
1.7422170E+001,6.7255277E-002
1.7424170E+001,6.5787041E-002
1.7426170E+001,6.4098861E-002
1.7428170E+001,6.2241545E-002
1.7430170E+001,6.0276791E-002
1.7432170E+001,5.8282956E-002
1.7434170E+001,5.6359069E-002
1.7436170E+001,5.4620450E-002
1.7438170E+001,5.3180777E-002
1.7440170E+001,5.2123408E-002
1.7442170E+001,5.1475008E-002
1.7444170E+001,5.1198453E-002
1.7446170E+001,5.1213327E-002
1.7448170E+001,5.1434782E-002
1.7450170E+001,5.1808331E-002
1.7452170E+001,5.2321569E-002
1.7454170E+001,5.2990790E-002
1.7456170E+001,5.3836801E-002
1.7458170E+001,5.4866955E-002
1.7460170E+001,5.6070779E-002
1.7462170E+001,5.7425715E-002
1.7464170E+001,5.8905226E-002
1.7466170E+001,6.0483159E-002
1.7468170E+001,6.2139708E-002
1.7470170E+001,6.3853443E-002
1.7472170E+001,6.5609139E-002
1.7474170E+001,6.7392344E-002
1.7476170E+001,6.9189190E-002
1.7478170E+001,7.0981461E-002
1.7480170E+001,7.2744959E-002
1.7482170E+001,7.4452880E-002
1.7484170E+001,7.6073648E-002
1.7486170E+001,7.7601818E-002
1.7488170E+001,7.9099105E-002
1.7490170E+001,8.0656852E-002
1.7492170E+001,8.2271554E-002
1.7494170E+001,8.3814895E-002
1.7496170E+001,8.5168421E-002
1.7498170E+001,8.6317901E-002
1.7500170E+001,8.7296860E-002
1.7502170E+001,8.8116189E-002
1.7504170E+001,8.8766669E-002
1.7506170E+001,8.9240507E-002
1.7508170E+001,8.9535441E-002
1.7510170E+001,8.9653514E-002
1.7512170E+001,8.9601162E-002
1.7514170E+001,8.9388389E-002
1.7516170E+001,8.9027454E-002
1.7518170E+001,8.8531207E-002
1.7520170E+001,8.7911734E-002
1.7522170E+001,8.7178884E-002
1.7524170E+001,8.6339380E-002
1.7526170E+001,8.5396106E-002
1.7528170E+001,8.4347561E-002
1.7530170E+001,8.3187461E-002
1.7532170E+001,8.1904715E-002
1.7534170E+001,8.0483704E-002
1.7536170E+001,7.8904342E-002
1.7538170E+001,7.7141922E-002
1.7540170E+001,7.5167538E-002
1.7542170E+001,7.2949858E-002
1.7544170E+001,7.0458425E-002
1.7546170E+001,6.7668076E-002
1.7548170E+001,6.4564179E-002
1.7550170E+001,6.1148842E-002
1.7552170E+001,5.7447124E-002
1.7554170E+001,5.3510432E-002
1.7556170E+001,4.9414479E-002
1.7558170E+001,4.5251195E-002
1.7560170E+001,4.1116664E-002
1.7562170E+001,3.7099919E-002
1.7564170E+001,3.3277618E-002
1.7566170E+001,2.9714962E-002
1.7568170E+001,2.6468029E-002
1.7570170E+001,2.3583892E-002
1.7572170E+001,2.1098869E-002
1.7574170E+001,1.9035806E-002
1.7576170E+001,1.7402381E-002
1.7578170E+001,1.6192880E-002
1.7580170E+001,1.5392662E-002
1.7582170E+001,1.4981471E-002
1.7584170E+001,1.4932390E-002
1.7586170E+001,1.5209221E-002
1.7588170E+001,1.5768431E-002
1.7590170E+001,1.6565834E-002
1.7592170E+001,1.7560981E-002
1.7594170E+001,1.8715491E-002
1.7596170E+001,1.9990609E-002
1.7598170E+001,2.1348066E-002
1.7600170E+001,2.2752245E-002
1.7602170E+001,2.4171189E-002
1.7604170E+001,2.5576813E-002
1.7606170E+001,2.6945163E-002
1.7608170E+001,2.8256785E-002
1.7610170E+001,2.9497029E-002
1.7612170E+001,3.0656184E-002
1.7614170E+001,3.1729309E-002
1.7616170E+001,3.2715640E-002
1.7618170E+001,3.3617573E-002
1.7620170E+001,3.4439341E-002
1.7622170E+001,3.5185577E-002
1.7624170E+001,3.5860278E-002
1.7626170E+001,3.6466961E-002
1.7628170E+001,3.7010617E-002
1.7630170E+001,3.7501030E-002
1.7632170E+001,3.7956112E-002
1.7634170E+001,3.8403889E-002
1.7636170E+001,3.8882560E-002
1.7638170E+001,3.9438459E-002
1.7640170E+001,4.0121919E-002
1.7642170E+001,4.0981441E-002
1.7644170E+001,4.2057377E-002
1.7646170E+001,4.3376683E-002
1.7648170E+001,4.4950017E-002
1.7650170E+001,4.6771843E-002
1.7652170E+001,4.8823469E-002
1.7654170E+001,5.1078095E-002
1.7656170E+001,5.3506356E-002
1.7658170E+001,5.6080073E-002
1.7660170E+001,5.8778415E-002
1.7662170E+001,6.1579300E-002
1.7664170E+001,6.4466737E-002
1.7666170E+001,6.7421700E-002
1.7668170E+001,7.0422565E-002
1.7670170E+001,7.3443402E-002
1.7672170E+001,7.6453436E-002
1.7674170E+001,7.9419032E-002
1.7676170E+001,8.2312023E-002
1.7678170E+001,8.5116409E-002
1.7680170E+001,8.7827756E-002
1.7682170E+001,9.0449179E-002
1.7684170E+001,9.2999943E-002
1.7686170E+001,9.5512908E-002
1.7688170E+001,9.8010694E-002
1.7690170E+001,1.0047902E-001
1.7692170E+001,1.0285939E-001
1.7694170E+001,1.0507602E-001
1.7696170E+001,1.0706649E-001
1.7698170E+001,1.0878529E-001
1.7700170E+001,1.1019164E-001
1.7702170E+001,1.1124832E-001
1.7704170E+001,1.1192843E-001
1.7706170E+001,1.1221767E-001
1.7708170E+001,1.1210945E-001
1.7710170E+001,1.1159579E-001
1.7712170E+001,1.1066883E-001
1.7714170E+001,1.0933615E-001
1.7716170E+001,1.0763034E-001
1.7718170E+001,1.0559271E-001
1.7720170E+001,1.0324717E-001
1.7722170E+001,1.0058525E-001
1.7724170E+001,9.7561842E-002
1.7726170E+001,9.4099463E-002
1.7728170E+001,9.0107506E-002
1.7730170E+001,8.5512408E-002
1.7732170E+001,8.0282802E-002
1.7734170E+001,7.4440992E-002
1.7736170E+001,6.8063810E-002
1.7738170E+001,6.1277221E-002
1.7740170E+001,5.4246614E-002
1.7742170E+001,4.7164915E-002
1.7744170E+001,4.0238400E-002
1.7746170E+001,3.3665969E-002
1.7748170E+001,2.7610506E-002
1.7750170E+001,2.2171372E-002
1.7752170E+001,1.7373358E-002
1.7754170E+001,1.3179700E-002
1.7756170E+001,9.5213913E-003
1.7758170E+001,6.3259811E-003
1.7760170E+001,3.5331172E-003
1.7762170E+001,1.0956399E-003
1.7764170E+001,-1.0267907E-003
1.7766170E+001,-2.8739380E-003
1.7768170E+001,-4.4878141E-003
1.7770170E+001,-5.9121652E-003
1.7772170E+001,-7.1905155E-003
1.7774170E+001,-8.3641454E-003
1.7776170E+001,-9.4708466E-003
1.7778170E+001,-1.0544813E-002
1.7780170E+001,-1.1617276E-002
1.7782170E+001,-1.2717483E-002
1.7784170E+001,-1.3873551E-002
1.7786170E+001,-1.5112657E-002
1.7788170E+001,-1.6460415E-002
1.7790170E+001,-1.7940068E-002
1.7792170E+001,-1.9569952E-002
1.7794170E+001,-2.1363061E-002
1.7796170E+001,-2.3324765E-002
1.7798170E+001,-2.5452541E-002
1.7800170E+001,-2.7735833E-002
1.7802170E+001,-3.0156815E-002
1.7804170E+001,-3.2691795E-002
1.7806170E+001,-3.5313146E-002
1.7808170E+001,-3.7991227E-002
1.7810170E+001,-4.0695908E-002
1.7812170E+001,-4.3397293E-002
1.7814170E+001,-4.6065703E-002
1.7816170E+001,-4.8671307E-002
1.7818170E+001,-5.1184070E-002
1.7820170E+001,-5.3574415E-002
1.7822170E+001,-5.5814473E-002
1.7824170E+001,-5.7879373E-002
1.7826170E+001,-5.9748067E-002
1.7828170E+001,-6.1403592E-002
1.7830170E+001,-6.2833085E-002
1.7832170E+001,-6.4027895E-002
1.7834170E+001,-6.4983888E-002
1.7836170E+001,-6.5701784E-002
1.7838170E+001,-6.6187374E-002
1.7840170E+001,-6.6451533E-002
1.7842170E+001,-6.6509948E-002
1.7844170E+001,-6.6382774E-002
1.7846170E+001,-6.6093667E-002
1.7848170E+001,-6.5669347E-002
1.7850170E+001,-6.5138650E-002
1.7852170E+001,-6.4531169E-002
1.7854170E+001,-6.3875925E-002
1.7856170E+001,-6.3200102E-002
1.7858170E+001,-6.2528019E-002
1.7860170E+001,-6.1880449E-002
1.7862170E+001,-6.1274349E-002
1.7864170E+001,-6.0723032E-002
1.7866170E+001,-6.0236704E-002
1.7868170E+001,-5.9823305E-002
1.7870170E+001,-5.9489508E-002
1.7872170E+001,-5.9241777E-002
1.7874170E+001,-5.9087355E-002
1.7876170E+001,-5.9035054E-002
1.7878170E+001,-5.9095753E-002
1.7880170E+001,-5.9282511E-002
1.7882170E+001,-5.9610193E-002
1.7884170E+001,-6.0094485E-002
1.7886170E+001,-6.0750475E-002
1.7888170E+001,-6.1590946E-002
1.7890170E+001,-6.2624684E-002
1.7892170E+001,-6.3855240E-002
1.7894170E+001,-6.5279762E-002
1.7896170E+001,-6.6884483E-002
1.7898170E+001,-6.8640681E-002
1.7900170E+001,-7.0506704E-002
1.7902170E+001,-7.2445120E-002
1.7904170E+001,-7.4462712E-002
1.7906170E+001,-7.6592178E-002
1.7908170E+001,-7.8795397E-002
1.7910170E+001,-8.0945148E-002
1.7912170E+001,-8.2931695E-002
1.7914170E+001,-8.4714468E-002
1.7916170E+001,-8.6269628E-002
1.7918170E+001,-8.7557220E-002
1.7920170E+001,-8.8535764E-002
1.7922170E+001,-8.9173264E-002
1.7924170E+001,-8.9447129E-002
1.7926170E+001,-8.9344620E-002
1.7928170E+001,-8.8862882E-002
1.7930170E+001,-8.8009337E-002
1.7932170E+001,-8.6801852E-002
1.7934170E+001,-8.5267345E-002
1.7936170E+001,-8.3440551E-002
1.7938170E+001,-8.1361890E-002
1.7940170E+001,-7.9075090E-002
1.7942170E+001,-7.6624398E-002
1.7944170E+001,-7.4051532E-002
1.7946170E+001,-7.1392458E-002
1.7948170E+001,-6.8675166E-002
1.7950170E+001,-6.5920399E-002
1.7952170E+001,-6.3146731E-002
1.7954170E+001,-6.0378694E-002
1.7956170E+001,-5.7652040E-002
1.7958170E+001,-5.5009292E-002
1.7960170E+001,-5.2486532E-002
1.7962170E+001,-5.0102126E-002
1.7964170E+001,-4.7857595E-002
1.7966170E+001,-4.5749176E-002
1.7968170E+001,-4.3779676E-002
1.7970170E+001,-4.1963085E-002
1.7972170E+001,-4.0322887E-002
1.7974170E+001,-3.8888394E-002
1.7976170E+001,-3.7691504E-002
1.7978170E+001,-3.6763836E-002
1.7980170E+001,-3.6133458E-002
1.7982170E+001,-3.5822093E-002
1.7984170E+001,-3.5843454E-002
1.7986170E+001,-3.6202005E-002
1.7988170E+001,-3.6891465E-002
1.7990170E+001,-3.7894193E-002
1.7992170E+001,-3.9182196E-002
1.7994170E+001,-4.0718534E-002
1.7996170E+001,-4.2458306E-002
1.7998170E+001,-4.4349857E-002
1.8000170E+001,-4.6336732E-002
1.8002170E+001,-4.8360011E-002
1.8004170E+001,-5.0360662E-002
1.8006170E+001,-5.2281897E-002
1.8008170E+001,-5.4071485E-002
1.8010170E+001,-5.5683924E-002
1.8012170E+001,-5.7082420E-002
1.8014170E+001,-5.8240577E-002
1.8016170E+001,-5.9143563E-002
1.8018170E+001,-5.9788663E-002
1.8020170E+001,-6.0185314E-002
1.8022170E+001,-6.0354770E-002
1.8024170E+001,-6.0329284E-002
1.8026170E+001,-6.0150928E-002
1.8028170E+001,-5.9870017E-002
1.8030170E+001,-5.9543036E-002
1.8032170E+001,-5.9230004E-002
1.8034170E+001,-5.8991343E-002
1.8036170E+001,-5.8884566E-002
1.8038170E+001,-5.8961367E-002
1.8040170E+001,-5.9265733E-002
1.8042170E+001,-5.9833392E-002
1.8044170E+001,-6.0692581E-002
1.8046170E+001,-6.1866643E-002
1.8048170E+001,-6.3377650E-002
1.8050170E+001,-6.5241479E-002
1.8052170E+001,-6.7465461E-002
1.8054170E+001,-7.0048213E-002
1.8056170E+001,-7.2976647E-002
1.8058170E+001,-7.6223439E-002
1.8060170E+001,-7.9749509E-002
1.8062170E+001,-8.3503478E-002
1.8064170E+001,-8.7425447E-002
1.8066170E+001,-9.1445051E-002
1.8068170E+001,-9.5492163E-002
1.8070170E+001,-9.9496772E-002
1.8072170E+001,-1.0337147E-001
1.8074170E+001,-1.0699485E-001
1.8076170E+001,-1.1020698E-001
1.8078170E+001,-1.1287501E-001
1.8080170E+001,-1.1501624E-001
1.8082170E+001,-1.1683814E-001
1.8084170E+001,-1.1858456E-001
1.8086170E+001,-1.2032750E-001
1.8088170E+001,-1.2194899E-001
1.8090170E+001,-1.2331468E-001
1.8092170E+001,-1.2441349E-001
1.8094170E+001,-1.2532778E-001
1.8096170E+001,-1.2611050E-001
1.8098170E+001,-1.2670843E-001
1.8100170E+001,-1.2698798E-001
1.8102170E+001,-1.2682297E-001
1.8104170E+001,-1.2616868E-001
1.8106170E+001,-1.2507735E-001
1.8108170E+001,-1.2365913E-001
1.8110170E+001,-1.2202955E-001
1.8112170E+001,-1.2028263E-001
1.8114170E+001,-1.1849094E-001
1.8116170E+001,-1.1671079E-001
1.8118170E+001,-1.1497544E-001
1.8120170E+001,-1.1328089E-001
1.8122170E+001,-1.1158032E-001
1.8124170E+001,-1.0979603E-001
1.8126170E+001,-1.0784300E-001
1.8128170E+001,-1.0564861E-001
1.8130170E+001,-1.0315696E-001
1.8132170E+001,-1.0031885E-001
1.8134170E+001,-9.7078726E-002
1.8136170E+001,-9.3367882E-002
1.8138170E+001,-8.9106495E-002
1.8140170E+001,-8.4214082E-002
1.8142170E+001,-7.8630086E-002
1.8144170E+001,-7.2346038E-002
1.8146170E+001,-6.5443258E-002
1.8148170E+001,-5.8118145E-002
1.8150170E+001,-5.0671494E-002
1.8152170E+001,-4.3451643E-002
1.8154170E+001,-3.6770497E-002
1.8156170E+001,-3.0832927E-002
1.8158170E+001,-2.5712161E-002
1.8160170E+001,-2.1373113E-002
1.8162170E+001,-1.7719515E-002
1.8164170E+001,-1.4637378E-002
1.8166170E+001,-1.2020712E-002
1.8168170E+001,-9.7793345E-003
1.8170170E+001,-7.8352605E-003
1.8172170E+001,-6.1151847E-003
1.8174170E+001,-4.5447154E-003
1.8176170E+001,-3.0468477E-003
1.8178170E+001,-1.5440560E-003
1.8180170E+001,3.7975027E-005
1.8182170E+001,1.7665484E-003
1.8184170E+001,3.6986745E-003
1.8186170E+001,5.8786057E-003
1.8188170E+001,8.3357698E-003
1.8190170E+001,1.1082845E-002
1.8192170E+001,1.4120261E-002
1.8194170E+001,1.7427743E-002
1.8196170E+001,2.0973920E-002
1.8198170E+001,2.4714073E-002
1.8200170E+001,2.8591935E-002
1.8202170E+001,3.2541633E-002
1.8204170E+001,3.6489297E-002
1.8206170E+001,4.0355821E-002
1.8208170E+001,4.4059937E-002
1.8210170E+001,4.7522456E-002
1.8212170E+001,5.0671135E-002
1.8214170E+001,5.3445293E-002
1.8216170E+001,5.5799614E-002
1.8218170E+001,5.7706258E-002
1.8220170E+001,5.9154984E-002
1.8222170E+001,6.0151697E-002
1.8224170E+001,6.0716129E-002
1.8226170E+001,6.0879258E-002
1.8228170E+001,6.0680551E-002
1.8230170E+001,6.0166394E-002
1.8232170E+001,5.9387884E-002
1.8234170E+001,5.8400110E-002
1.8236170E+001,5.7260473E-002
1.8238170E+001,5.6026517E-002
1.8240170E+001,5.4754266E-002
1.8242170E+001,5.3496368E-002
1.8244170E+001,5.2300455E-002
1.8246170E+001,5.1207759E-002
1.8248170E+001,5.0252064E-002
1.8250170E+001,4.9459029E-002
1.8252170E+001,4.8845965E-002
1.8254170E+001,4.8422005E-002
1.8256170E+001,4.8188635E-002
1.8258170E+001,4.8140518E-002
1.8260170E+001,4.8266552E-002
1.8262170E+001,4.8551053E-002
1.8264170E+001,4.8975062E-002
1.8266170E+001,4.9517747E-002
1.8268170E+001,5.0157729E-002
1.8270170E+001,5.0874097E-002
1.8272170E+001,5.1647203E-002
1.8274170E+001,5.2459762E-002
1.8276170E+001,5.3298375E-002
1.8278170E+001,5.4154139E-002
1.8280170E+001,5.5023832E-002
1.8282170E+001,5.5904243E-002
1.8284170E+001,5.6795068E-002
1.8286170E+001,5.7695078E-002
1.8288170E+001,5.8601786E-002
1.8290170E+001,5.9509364E-002
1.8292170E+001,6.0405592E-002
1.8294170E+001,6.1263708E-002
1.8296170E+001,6.2055514E-002
1.8298170E+001,6.2799537E-002
1.8300170E+001,6.3579453E-002
1.8302170E+001,6.4435486E-002
1.8304170E+001,6.5279943E-002
1.8306170E+001,6.5996743E-002
1.8308170E+001,6.6554214E-002
1.8310170E+001,6.6972457E-002
1.8312170E+001,6.7257838E-002
1.8314170E+001,6.7401915E-002
1.8316170E+001,6.7399805E-002
1.8318170E+001,6.7252537E-002
1.8320170E+001,6.6965154E-002
1.8322170E+001,6.6545571E-002
1.8324170E+001,6.6003674E-002
1.8326170E+001,6.5349594E-002
1.8328170E+001,6.4592262E-002
1.8330170E+001,6.3738188E-002
1.8332170E+001,6.2790681E-002
1.8334170E+001,6.1749642E-002
1.8336170E+001,6.0611922E-002
1.8338170E+001,5.9372294E-002
1.8340170E+001,5.8025139E-002
1.8342170E+001,5.6566793E-002
1.8344170E+001,5.4998154E-002
1.8346170E+001,5.3326940E-002
1.8348170E+001,5.1569084E-002
1.8350170E+001,4.9749450E-002
1.8352170E+001,4.7902131E-002
1.8354170E+001,4.6069515E-002
1.8356170E+001,4.4298806E-002
1.8358170E+001,4.2636705E-002
1.8360170E+001,4.1125397E-002
1.8362170E+001,3.9802015E-002
1.8364170E+001,3.8700269E-002
1.8366170E+001,3.7851232E-002
1.8368170E+001,3.7281801E-002
1.8370170E+001,3.7011731E-002
1.8372170E+001,3.7050893E-002
1.8374170E+001,3.7397695E-002
1.8376170E+001,3.8038566E-002
1.8378170E+001,3.8948548E-002
1.8380170E+001,4.0092775E-002
1.8382170E+001,4.1428416E-002
1.8384170E+001,4.2906883E-002
1.8386170E+001,4.4476178E-002
1.8388170E+001,4.6083344E-002
1.8390170E+001,4.7676990E-002
1.8392170E+001,4.9209741E-002
1.8394170E+001,5.0640410E-002
1.8396170E+001,5.1935654E-002
1.8398170E+001,5.3070936E-002
1.8400170E+001,5.4030308E-002
1.8402170E+001,5.4808783E-002
1.8404170E+001,5.5405903E-002
1.8406170E+001,5.5831292E-002
1.8408170E+001,5.6099530E-002
1.8410170E+001,5.6230408E-002
1.8412170E+001,5.6247855E-002
1.8414170E+001,5.6178979E-002
1.8416170E+001,5.6054379E-002
1.8418170E+001,5.5907068E-002
1.8420170E+001,5.5772372E-002
1.8422170E+001,5.5686680E-002
1.8424170E+001,5.5685874E-002
1.8426170E+001,5.5803601E-002
1.8428170E+001,5.6069736E-002
1.8430170E+001,5.6509415E-002
1.8432170E+001,5.7143485E-002
1.8434170E+001,5.7991468E-002
1.8436170E+001,5.9065765E-002
1.8438170E+001,6.0380570E-002
1.8440170E+001,6.1947316E-002
1.8442170E+001,6.3774093E-002
1.8444170E+001,6.5864016E-002
1.8446170E+001,6.8206173E-002
1.8448170E+001,7.0779858E-002
1.8450170E+001,7.3536921E-002
1.8452170E+001,7.6382757E-002
1.8454170E+001,7.9197105E-002
1.8456170E+001,8.1916351E-002
1.8458170E+001,8.4602791E-002
1.8460170E+001,8.7397689E-002
1.8462170E+001,9.0414434E-002
1.8464170E+001,9.3700738E-002
1.8466170E+001,9.7259004E-002
1.8468170E+001,1.0103894E-001
1.8470170E+001,1.0491115E-001
1.8472170E+001,1.0868242E-001
1.8474170E+001,1.1215683E-001
1.8476170E+001,1.1519827E-001
1.8478170E+001,1.1775497E-001
1.8480170E+001,1.1984147E-001
1.8482170E+001,1.2149566E-001
1.8484170E+001,1.2274604E-001
1.8486170E+001,1.2360349E-001
1.8488170E+001,1.2406932E-001
1.8490170E+001,1.2414550E-001
1.8492170E+001,1.2383923E-001
1.8494170E+001,1.2316431E-001
1.8496170E+001,1.2213944E-001
1.8498170E+001,1.2078872E-001
1.8500170E+001,1.1914143E-001
1.8502170E+001,1.1723065E-001
1.8504170E+001,1.1509275E-001
1.8506170E+001,1.1276708E-001
1.8508170E+001,1.1029594E-001
1.8510170E+001,1.0772399E-001
1.8512170E+001,1.0509709E-001
1.8514170E+001,1.0246118E-001
1.8516170E+001,9.9861818E-002
1.8518170E+001,9.7342994E-002
1.8520170E+001,9.4944154E-002
1.8522170E+001,9.2696443E-002
1.8524170E+001,9.0620308E-002
1.8526170E+001,8.8724869E-002
1.8528170E+001,8.7007602E-002
1.8530170E+001,8.5453572E-002
1.8532170E+001,8.4035602E-002
1.8534170E+001,8.2716706E-002
1.8536170E+001,8.1453708E-002
1.8538170E+001,8.0199868E-002
1.8540170E+001,7.8905621E-002
1.8542170E+001,7.7517914E-002
1.8544170E+001,7.5978666E-002
1.8546170E+001,7.4222418E-002
1.8548170E+001,7.2173800E-002
1.8550170E+001,6.9747080E-002
1.8552170E+001,6.6851327E-002
1.8554170E+001,6.3404313E-002
1.8556170E+001,5.9355115E-002
1.8558170E+001,5.4709369E-002
1.8560170E+001,4.9545219E-002
1.8562170E+001,4.4008011E-002
1.8564170E+001,3.8281008E-002
1.8566170E+001,3.2542983E-002
1.8568170E+001,2.6931584E-002
1.8570170E+001,2.1527332E-002
1.8572170E+001,1.6360592E-002
1.8574170E+001,1.1432456E-002
1.8576170E+001,6.7369031E-003
1.8578170E+001,2.2753563E-003
1.8580170E+001,-1.9389036E-003
1.8582170E+001,-5.8841269E-003
1.8584170E+001,-9.5367539E-003
1.8586170E+001,-1.2877355E-002
1.8588170E+001,-1.5893893E-002
1.8590170E+001,-1.8582304E-002
1.8592170E+001,-2.0945587E-002
1.8594170E+001,-2.2992577E-002
1.8596170E+001,-2.4736961E-002
1.8598170E+001,-2.6196601E-002
1.8600170E+001,-2.7393097E-002
1.8602170E+001,-2.8351348E-002
1.8604170E+001,-2.9099115E-002
1.8606170E+001,-2.9666502E-002
1.8608170E+001,-3.0085037E-002
1.8610170E+001,-3.0386471E-002
1.8612170E+001,-3.0601332E-002
1.8614170E+001,-3.0757293E-002
1.8616170E+001,-3.0877616E-002
1.8618170E+001,-3.0980033E-002
1.8620170E+001,-3.1076322E-002
1.8622170E+001,-3.1172752E-002
1.8624170E+001,-3.1271274E-002
1.8626170E+001,-3.1371087E-002
1.8628170E+001,-3.1470096E-002
1.8630170E+001,-3.1565835E-002
1.8632170E+001,-3.1655762E-002
1.8634170E+001,-3.1737084E-002
1.8636170E+001,-3.1806416E-002
1.8638170E+001,-3.1859608E-002
1.8640170E+001,-3.1891938E-002
1.8642170E+001,-3.1898650E-002
1.8644170E+001,-3.1875697E-002
1.8646170E+001,-3.1820429E-002
1.8648170E+001,-3.1732124E-002
1.8650170E+001,-3.1612360E-002
1.8652170E+001,-3.1465069E-002
1.8654170E+001,-3.1296381E-002
1.8656170E+001,-3.1114317E-002
1.8658170E+001,-3.0928381E-002
1.8660170E+001,-3.0749062E-002
1.8662170E+001,-3.0587286E-002
1.8664170E+001,-3.0453839E-002
1.8666170E+001,-3.0358817E-002
1.8668170E+001,-3.0311162E-002
1.8670170E+001,-3.0318293E-002
1.8672170E+001,-3.0385820E-002
1.8674170E+001,-3.0517337E-002
1.8676170E+001,-3.0714329E-002
1.8678170E+001,-3.0976167E-002
1.8680170E+001,-3.1300110E-002
1.8682170E+001,-3.1681151E-002
1.8684170E+001,-3.2110504E-002
1.8686170E+001,-3.2577416E-002
1.8688170E+001,-3.3069257E-002
1.8690170E+001,-3.3578393E-002
1.8692170E+001,-3.4103941E-002
1.8694170E+001,-3.4636776E-002
1.8696170E+001,-3.5150678E-002
1.8698170E+001,-3.5619346E-002
1.8700170E+001,-3.6029333E-002
1.8702170E+001,-3.6371781E-002
1.8704170E+001,-3.6635792E-002
1.8706170E+001,-3.6811261E-002
1.8708170E+001,-3.6890921E-002
1.8710170E+001,-3.6870054E-002
1.8712170E+001,-3.6746367E-002
1.8714170E+001,-3.6519771E-002
1.8716170E+001,-3.6192505E-002
1.8718170E+001,-3.5768913E-002
1.8720170E+001,-3.5255278E-002
1.8722170E+001,-3.4659569E-002
1.8724170E+001,-3.3990997E-002
1.8726170E+001,-3.3259316E-002
1.8728170E+001,-3.2474165E-002
1.8730170E+001,-3.1645362E-002
1.8732170E+001,-3.0784962E-002
1.8734170E+001,-2.9910022E-002
1.8736170E+001,-2.9042758E-002
1.8738170E+001,-2.8205743E-002
1.8740170E+001,-2.7415062E-002
1.8742170E+001,-2.6677390E-002
1.8744170E+001,-2.5992960E-002
1.8746170E+001,-2.5360332E-002
1.8748170E+001,-2.4778653E-002
1.8750170E+001,-2.4247338E-002
1.8752170E+001,-2.3765328E-002
1.8754170E+001,-2.3330950E-002
1.8756170E+001,-2.2942056E-002
1.8758170E+001,-2.2596104E-002
1.8760170E+001,-2.2290103E-002
1.8762170E+001,-2.2020395E-002
1.8764170E+001,-2.1782381E-002
1.8766170E+001,-2.1570365E-002
1.8768170E+001,-2.1377617E-002
1.8770170E+001,-2.1196670E-002
1.8772170E+001,-2.1019807E-002
1.8774170E+001,-2.0839685E-002
1.8776170E+001,-2.0650067E-002
1.8778170E+001,-2.0446630E-002
1.8780170E+001,-2.0227799E-002
1.8782170E+001,-1.9995557E-002
1.8784170E+001,-1.9756152E-002
1.8786170E+001,-1.9520639E-002
1.8788170E+001,-1.9305179E-002
1.8790170E+001,-1.9131029E-002
1.8792170E+001,-1.9024177E-002
1.8794170E+001,-1.9014563E-002
1.8796170E+001,-1.9134929E-002
1.8798170E+001,-1.9419344E-002
1.8800170E+001,-1.9901461E-002
1.8802170E+001,-2.0612581E-002
1.8804170E+001,-2.1579617E-002
1.8806170E+001,-2.2823276E-002
1.8808170E+001,-2.4356588E-002
1.8810170E+001,-2.6183601E-002
1.8812170E+001,-2.8298228E-002
1.8814170E+001,-3.0683565E-002
1.8816170E+001,-3.3312036E-002
1.8818170E+001,-3.6146414E-002
1.8820170E+001,-3.9136189E-002
1.8822170E+001,-4.2225572E-002
1.8824170E+001,-4.5358855E-002
1.8826170E+001,-4.8480408E-002
1.8828170E+001,-5.1538571E-002
1.8830170E+001,-5.4488859E-002
1.8832170E+001,-5.7297088E-002
1.8834170E+001,-5.9945499E-002
1.8836170E+001,-6.2435656E-002
1.8838170E+001,-6.4792248E-002
1.8840170E+001,-6.7074356E-002
1.8842170E+001,-6.9381407E-002
1.8844170E+001,-7.1829962E-002
1.8846170E+001,-7.4498629E-002
1.8848170E+001,-7.7370629E-002
1.8850170E+001,-8.0316674E-002
1.8852170E+001,-8.3144239E-002
1.8854170E+001,-8.5693114E-002
1.8856170E+001,-8.7911038E-002
1.8858170E+001,-8.9853306E-002
1.8860170E+001,-9.1618589E-002
1.8862170E+001,-9.3283731E-002
1.8864170E+001,-9.4881421E-002
1.8866170E+001,-9.6413416E-002
1.8868170E+001,-9.7869449E-002
1.8870170E+001,-9.9235852E-002
1.8872170E+001,-1.0049673E-001
1.8874170E+001,-1.0163437E-001
1.8876170E+001,-1.0263080E-001
1.8878170E+001,-1.0346944E-001
1.8880170E+001,-1.0413612E-001
1.8882170E+001,-1.0461976E-001
1.8884170E+001,-1.0491296E-001
1.8886170E+001,-1.0501255E-001
1.8888170E+001,-1.0491992E-001
1.8890170E+001,-1.0464067E-001
1.8892170E+001,-1.0418518E-001
1.8894170E+001,-1.0356833E-001
1.8896170E+001,-1.0280931E-001
1.8898170E+001,-1.0193117E-001
1.8900170E+001,-1.0095940E-001
1.8902170E+001,-9.9920859E-002
1.8904170E+001,-9.8841867E-002
1.8906170E+001,-9.7746521E-002
1.8908170E+001,-9.6655675E-002
1.8910170E+001,-9.5587087E-002
1.8912170E+001,-9.4556604E-002
1.8914170E+001,-9.3579819E-002
1.8916170E+001,-9.2673220E-002
1.8918170E+001,-9.1854115E-002
1.8920170E+001,-9.1139402E-002
1.8922170E+001,-9.0543835E-002
1.8924170E+001,-9.0078295E-002
1.8926170E+001,-8.9748083E-002
1.8928170E+001,-8.9551367E-002
1.8930170E+001,-8.9478271E-002
1.8932170E+001,-8.9510838E-002
1.8934170E+001,-8.9623470E-002
1.8936170E+001,-8.9783507E-002
1.8938170E+001,-8.9951987E-002
1.8940170E+001,-9.0084754E-002
1.8942170E+001,-9.0133925E-002
1.8944170E+001,-9.0049701E-002
1.8946170E+001,-8.9782449E-002
1.8948170E+001,-8.9284994E-002
1.8950170E+001,-8.8515133E-002
1.8952170E+001,-8.7438252E-002
1.8954170E+001,-8.6027604E-002
1.8956170E+001,-8.4267835E-002
1.8958170E+001,-8.2157894E-002
1.8960170E+001,-7.9709499E-002
1.8962170E+001,-7.6946669E-002
1.8964170E+001,-7.3905626E-002
1.8966170E+001,-7.0632420E-002
1.8968170E+001,-6.7179772E-002
1.8970170E+001,-6.3603342E-002
1.8972170E+001,-5.9957475E-002
1.8974170E+001,-5.6291162E-002
1.8976170E+001,-5.2645020E-002
1.8978170E+001,-4.9050166E-002
1.8980170E+001,-4.5529483E-002
1.8982170E+001,-4.2100978E-002
1.8984170E+001,-3.8781914E-002
1.8986170E+001,-3.5591721E-002
1.8988170E+001,-3.2551966E-002
1.8990170E+001,-2.9682891E-002
1.8992170E+001,-2.6997793E-002
1.8994170E+001,-2.4497734E-002
1.8996170E+001,-2.2169108E-002
1.8998170E+001,-1.9985313E-002
1.9000170E+001,-1.7911914E-002
1.9002170E+001,-1.5913210E-002
1.9004170E+001,-1.3957773E-002
1.9006170E+001,-1.2021431E-002
1.9008170E+001,-1.0087690E-002
1.9010170E+001,-8.1468058E-003
1.9012170E+001,-6.1949794E-003
1.9014170E+001,-4.2344001E-003
1.9016170E+001,-2.2738540E-003
1.9018170E+001,-3.2904807E-004
1.9020170E+001,1.5779839E-003
1.9022170E+001,3.4204033E-003
1.9024170E+001,5.1685767E-003
1.9026170E+001,6.7920195E-003
1.9028170E+001,8.2610286E-003
1.9030170E+001,9.5480323E-003
1.9032170E+001,1.0628635E-002
1.9034170E+001,1.1482664E-002
1.9036170E+001,1.2094981E-002
1.9038170E+001,1.2456132E-002
1.9040170E+001,1.2562897E-002
1.9042170E+001,1.2418542E-002
1.9044170E+001,1.2032823E-002
1.9046170E+001,1.1422426E-002
1.9048170E+001,1.0610983E-002
1.9050170E+001,9.6288541E-003
1.9052170E+001,8.5127313E-003
1.9054170E+001,7.3049360E-003
1.9056170E+001,6.0523932E-003
1.9058170E+001,4.8052681E-003
1.9060170E+001,3.6153129E-003
1.9062170E+001,2.5340317E-003
1.9064170E+001,1.6108142E-003
1.9066170E+001,8.9114233E-004
1.9068170E+001,4.1494060E-004
1.9070170E+001,2.1512424E-004
1.9072170E+001,3.1639876E-004
1.9074170E+001,7.3434473E-004
1.9076170E+001,1.4746164E-003
1.9078170E+001,2.5323250E-003
1.9080170E+001,3.8917954E-003
1.9082170E+001,5.5269385E-003
1.9084170E+001,7.4021689E-003
1.9086170E+001,9.4734173E-003
1.9088170E+001,1.1689198E-002
1.9090170E+001,1.3991045E-002
1.9092170E+001,1.6314354E-002
1.9094170E+001,1.8594946E-002
1.9096170E+001,2.0766404E-002
1.9098170E+001,2.2772013E-002
1.9100170E+001,2.4590841E-002
1.9102170E+001,2.6231694E-002
1.9104170E+001,2.7674777E-002
1.9106170E+001,2.8841010E-002
1.9108170E+001,2.9667943E-002
1.9110170E+001,3.0156467E-002
1.9112170E+001,3.0334565E-002
1.9114170E+001,3.0224454E-002
1.9116170E+001,2.9847339E-002
1.9118170E+001,2.9231874E-002
1.9120170E+001,2.8412288E-002
1.9122170E+001,2.7426215E-002
1.9124170E+001,2.6313241E-002
1.9126170E+001,2.5113439E-002
1.9128170E+001,2.3865878E-002
1.9130170E+001,2.2607374E-002
1.9132170E+001,2.1371455E-002
1.9134170E+001,2.0187620E-002
1.9136170E+001,1.9080868E-002
1.9138170E+001,1.8071420E-002
1.9140170E+001,1.7174591E-002
1.9142170E+001,1.6400824E-002
1.9144170E+001,1.5755881E-002
1.9146170E+001,1.5241140E-002
1.9148170E+001,1.4853956E-002
1.9150170E+001,1.4588118E-002
1.9152170E+001,1.4434539E-002
1.9154170E+001,1.4382087E-002
1.9156170E+001,1.4418243E-002
1.9158170E+001,1.4529331E-002
1.9160170E+001,1.4700512E-002
1.9162170E+001,1.4915944E-002
1.9164170E+001,1.5159269E-002
1.9166170E+001,1.5414428E-002
1.9168170E+001,1.5666753E-002
1.9170170E+001,1.5904143E-002
1.9172170E+001,1.6118058E-002
1.9174170E+001,1.6304193E-002
1.9176170E+001,1.6462875E-002
1.9178170E+001,1.6599279E-002
1.9180170E+001,1.6723477E-002
1.9182170E+001,1.6850261E-002
1.9184170E+001,1.6998641E-002
1.9186170E+001,1.7191023E-002
1.9188170E+001,1.7452072E-002
1.9190170E+001,1.7807350E-002
1.9192170E+001,1.8281812E-002
1.9194170E+001,1.8898255E-002
1.9196170E+001,1.9675837E-002
1.9198170E+001,2.0628774E-002
1.9200170E+001,2.1765355E-002
1.9202170E+001,2.3086542E-002
1.9204170E+001,2.4589498E-002
1.9206170E+001,2.6259963E-002
1.9208170E+001,2.8080782E-002
1.9210170E+001,3.0027802E-002
1.9212170E+001,3.2065344E-002
1.9214170E+001,3.4145838E-002
1.9216170E+001,3.6204404E-002
1.9218170E+001,3.8175475E-002
1.9220170E+001,4.0066340E-002
1.9222170E+001,4.2013688E-002
1.9224170E+001,4.4190130E-002
1.9226170E+001,4.6612913E-002
1.9228170E+001,4.9113568E-002
1.9230170E+001,5.1516856E-002
1.9232170E+001,5.3781084E-002
1.9234170E+001,5.5963363E-002
1.9236170E+001,5.8125688E-002
1.9238170E+001,6.0298125E-002
1.9240170E+001,6.2490545E-002
1.9242170E+001,6.4707323E-002
1.9244170E+001,6.6950490E-002
1.9246170E+001,6.9218060E-002
1.9248170E+001,7.1503190E-002
1.9250170E+001,7.3794298E-002
1.9252170E+001,7.6075405E-002
1.9254170E+001,7.8326763E-002
1.9256170E+001,8.0525780E-002
1.9258170E+001,8.2648018E-002
1.9260170E+001,8.4668088E-002
1.9262170E+001,8.6560475E-002
1.9264170E+001,8.8300351E-002
1.9266170E+001,8.9864419E-002
1.9268170E+001,9.1231770E-002
1.9270170E+001,9.2384749E-002
1.9272170E+001,9.3309839E-002
1.9274170E+001,9.3998613E-002
1.9276170E+001,9.4448640E-002
1.9278170E+001,9.4664084E-002
1.9280170E+001,9.4655561E-002
1.9282170E+001,9.4438599E-002
1.9284170E+001,9.4032338E-002
1.9286170E+001,9.3457261E-002
1.9288170E+001,9.2735057E-002
1.9290170E+001,9.1888511E-002
1.9292170E+001,9.0942300E-002
1.9294170E+001,8.9923387E-002
1.9296170E+001,8.8860479E-002
1.9298170E+001,8.7782785E-002
1.9300170E+001,8.6718674E-002
1.9302170E+001,8.5694687E-002
1.9304170E+001,8.4734972E-002
1.9306170E+001,8.3860949E-002
1.9308170E+001,8.3090994E-002
1.9310170E+001,8.2440042E-002
1.9312170E+001,8.1919115E-002
1.9314170E+001,8.1534771E-002
1.9316170E+001,8.1288511E-002
1.9318170E+001,8.1176325E-002
1.9320170E+001,8.1188580E-002
1.9322170E+001,8.1310151E-002
1.9324170E+001,8.1520377E-002
1.9326170E+001,8.1792933E-002
1.9328170E+001,8.2095988E-002
1.9330170E+001,8.2393003E-002
1.9332170E+001,8.2643966E-002
1.9334170E+001,8.2806866E-002
1.9336170E+001,8.2839350E-002
1.9338170E+001,8.2700574E-002
1.9340170E+001,8.2353152E-002
1.9342170E+001,8.1765113E-002
1.9344170E+001,8.0911768E-002
1.9346170E+001,7.9777532E-002
1.9348170E+001,7.8357595E-002
1.9350170E+001,7.6657275E-002
1.9352170E+001,7.4691883E-002
1.9354170E+001,7.2489736E-002
1.9356170E+001,7.0091703E-002
1.9358170E+001,6.7546294E-002
1.9360170E+001,6.4907789E-002
1.9362170E+001,6.2235094E-002
1.9364170E+001,5.9588388E-002
1.9366170E+001,5.7025766E-002
1.9368170E+001,5.4600326E-002
1.9370170E+001,5.2357499E-002
1.9372170E+001,5.0332818E-002
1.9374170E+001,4.8550197E-002
1.9376170E+001,4.7020912E-002
1.9378170E+001,4.5743347E-002
1.9380170E+001,4.4703411E-002
1.9382170E+001,4.3875616E-002
1.9384170E+001,4.3224815E-002
1.9386170E+001,4.2708435E-002
1.9388170E+001,4.2279026E-002
1.9390170E+001,4.1886839E-002
1.9392170E+001,4.1482258E-002
1.9394170E+001,4.1018000E-002
1.9396170E+001,4.0451101E-002
1.9398170E+001,3.9744662E-002
1.9400170E+001,3.8869282E-002
1.9402170E+001,3.7804168E-002
1.9404170E+001,3.6537960E-002
1.9406170E+001,3.5069392E-002
1.9408170E+001,3.3407885E-002
1.9410170E+001,3.1574064E-002
1.9412170E+001,2.9600109E-002
1.9414170E+001,2.7529649E-002
1.9416170E+001,2.5416864E-002
1.9418170E+001,2.3324447E-002
1.9420170E+001,2.1320224E-002
1.9422170E+001,1.9472527E-002
1.9424170E+001,1.7844687E-002
1.9426170E+001,1.6489364E-002
1.9428170E+001,1.5443654E-002
1.9430170E+001,1.4725888E-002
1.9432170E+001,1.4334829E-002
1.9434170E+001,1.4251480E-002
1.9436170E+001,1.4443204E-002
1.9438170E+001,1.4868943E-002
1.9440170E+001,1.5484023E-002
1.9442170E+001,1.6243962E-002
1.9444170E+001,1.7106264E-002
1.9446170E+001,1.8030283E-002
1.9448170E+001,1.8975903E-002
1.9450170E+001,1.9902118E-002
1.9452170E+001,2.0766413E-002
1.9454170E+001,2.1525371E-002
1.9456170E+001,2.2136323E-002
1.9458170E+001,2.2559520E-002
1.9460170E+001,2.2760297E-002
1.9462170E+001,2.2711018E-002
1.9464170E+001,2.2392815E-002
1.9466170E+001,2.1797385E-002
1.9468170E+001,2.0928888E-002
1.9470170E+001,1.9805742E-002
1.9472170E+001,1.8461815E-002
1.9474170E+001,1.6946431E-002
1.9476170E+001,1.5322895E-002
1.9478170E+001,1.3665574E-002
1.9480170E+001,1.2057474E-002
1.9482170E+001,1.0581652E-002
1.9484170E+001,9.3162537E-003
1.9486170E+001,8.3234231E-003
1.9488170E+001,7.6364805E-003
1.9490170E+001,7.2730820E-003
1.9492170E+001,7.2617900E-003
1.9494170E+001,7.6289796E-003
1.9496170E+001,8.3665305E-003
1.9498170E+001,9.4377798E-003
1.9500170E+001,1.0799788E-002
1.9502170E+001,1.2405691E-002
1.9504170E+001,1.4200282E-002
1.9506170E+001,1.6120333E-002
1.9508170E+001,1.8096328E-002
1.9510170E+001,2.0056291E-002
1.9512170E+001,2.1932863E-002
1.9514170E+001,2.3671418E-002
1.9516170E+001,2.5235806E-002
1.9518170E+001,2.6608879E-002
1.9520170E+001,2.7787727E-002
1.9522170E+001,2.8776340E-002
1.9524170E+001,2.9578247E-002
1.9526170E+001,3.0190316E-002
1.9528170E+001,3.0598892E-002
1.9530170E+001,3.0779669E-002
1.9532170E+001,3.0701416E-002
1.9534170E+001,3.0331985E-002
1.9536170E+001,2.9644607E-002
1.9538170E+001,2.8622624E-002
1.9540170E+001,2.7261949E-002
1.9542170E+001,2.5571776E-002
1.9544170E+001,2.3574588E-002
1.9546170E+001,2.1306246E-002
1.9548170E+001,1.8816133E-002
1.9550170E+001,1.6166576E-002
1.9552170E+001,1.3430715E-002
1.9554170E+001,1.0688583E-002
1.9556170E+001,8.0218304E-003
1.9558170E+001,5.5082588E-003
1.9560170E+001,3.2170745E-003
1.9562170E+001,1.1988444E-003
1.9564170E+001,-5.1612903E-004
1.9566170E+001,-1.9194783E-003
1.9568170E+001,-3.0221518E-003
1.9570170E+001,-3.8470918E-003
1.9572170E+001,-4.4209328E-003
1.9574170E+001,-4.7704935E-003
1.9576170E+001,-4.9266527E-003
1.9578170E+001,-4.9306871E-003
1.9580170E+001,-4.8360952E-003
1.9582170E+001,-4.7019417E-003
1.9584170E+001,-4.5792271E-003
1.9586170E+001,-4.5017591E-003
1.9588170E+001,-4.4937186E-003
1.9590170E+001,-4.5872896E-003
1.9592170E+001,-4.8294850E-003
1.9594170E+001,-5.2702358E-003
1.9596170E+001,-5.9508078E-003
1.9598170E+001,-6.8995082E-003
1.9600170E+001,-8.1273860E-003
1.9602170E+001,-9.6372905E-003
1.9604170E+001,-1.1425639E-002
1.9606170E+001,-1.3480730E-002
1.9608170E+001,-1.5785027E-002
1.9610170E+001,-1.8316751E-002
1.9612170E+001,-2.1051357E-002
1.9614170E+001,-2.3963049E-002
1.9616170E+001,-2.7026036E-002
1.9618170E+001,-3.0215486E-002
1.9620170E+001,-3.3508149E-002
1.9622170E+001,-3.6882691E-002
1.9624170E+001,-4.0319300E-002
1.9626170E+001,-4.3800096E-002
1.9628170E+001,-4.7306539E-002
1.9630170E+001,-5.0820226E-002
1.9632170E+001,-5.4321423E-002
1.9634170E+001,-5.7788847E-002
1.9636170E+001,-6.1199434E-002
1.9638170E+001,-6.4528500E-002
1.9640170E+001,-6.7750356E-002
1.9642170E+001,-7.0838951E-002
1.9644170E+001,-7.3768715E-002
1.9646170E+001,-7.6515593E-002
1.9648170E+001,-7.9058207E-002
1.9650170E+001,-8.1378977E-002
1.9652170E+001,-8.3465030E-002
1.9654170E+001,-8.5308793E-002
1.9656170E+001,-8.6908220E-002
1.9658170E+001,-8.8266712E-002
1.9660170E+001,-8.9392820E-002
1.9662170E+001,-9.0299760E-002
1.9664170E+001,-9.1004749E-002
1.9666170E+001,-9.1528174E-002
1.9668170E+001,-9.1892632E-002
1.9670170E+001,-9.2121916E-002
1.9672170E+001,-9.2240016E-002
1.9674170E+001,-9.2270222E-002
1.9676170E+001,-9.2234379E-002
1.9678170E+001,-9.2152292E-002
1.9680170E+001,-9.2041473E-002
1.9682170E+001,-9.1917070E-002
1.9684170E+001,-9.1791858E-002
1.9686170E+001,-9.1676385E-002
1.9688170E+001,-9.1579210E-002
1.9690170E+001,-9.1507125E-002
1.9692170E+001,-9.1465406E-002
1.9694170E+001,-9.1458018E-002
1.9696170E+001,-9.1487759E-002
1.9698170E+001,-9.1556281E-002
1.9700170E+001,-9.1663932E-002
1.9702170E+001,-9.1808575E-002
1.9704170E+001,-9.1988777E-002
1.9706170E+001,-9.2206825E-002
1.9708170E+001,-9.2458000E-002
1.9710170E+001,-9.2732314E-002
1.9712170E+001,-9.3022245E-002
1.9714170E+001,-9.3319474E-002
1.9716170E+001,-9.3612426E-002
1.9718170E+001,-9.3887819E-002
1.9720170E+001,-9.4130788E-002
1.9722170E+001,-9.4324911E-002
1.9724170E+001,-9.4452565E-002
1.9726170E+001,-9.4495269E-002
1.9728170E+001,-9.4434137E-002
1.9730170E+001,-9.4250065E-002
1.9732170E+001,-9.3924060E-002
1.9734170E+001,-9.3437249E-002
1.9736170E+001,-9.2769942E-002
1.9738170E+001,-9.1901939E-002
1.9740170E+001,-9.0816935E-002
1.9742170E+001,-8.9509883E-002
1.9744170E+001,-8.7989292E-002
1.9746170E+001,-8.6270917E-002
1.9748170E+001,-8.4370836E-002
1.9750170E+001,-8.2305419E-002
1.9752170E+001,-8.0095043E-002
1.9754170E+001,-7.7765517E-002
1.9756170E+001,-7.5346801E-002
1.9758170E+001,-7.2871241E-002
1.9760170E+001,-7.0372149E-002
1.9762170E+001,-6.7882531E-002
1.9764170E+001,-6.5433865E-002
1.9766170E+001,-6.3055006E-002
1.9768170E+001,-6.0771263E-002
1.9770170E+001,-5.8603701E-002
1.9772170E+001,-5.6568676E-002
1.9774170E+001,-5.4677588E-002
1.9776170E+001,-5.2936840E-002
1.9778170E+001,-5.1347985E-002
1.9780170E+001,-4.9908045E-002
1.9782170E+001,-4.8610061E-002
1.9784170E+001,-4.7443858E-002
1.9786170E+001,-4.6396995E-002
1.9788170E+001,-4.5455724E-002
1.9790170E+001,-4.4605756E-002
1.9792170E+001,-4.3832619E-002
1.9794170E+001,-4.3121602E-002
1.9796170E+001,-4.2457543E-002
1.9798170E+001,-4.1824722E-002
1.9800170E+001,-4.1207038E-002
1.9802170E+001,-4.0588401E-002
1.9804170E+001,-3.9953230E-002
1.9806170E+001,-3.9286959E-002
1.9808170E+001,-3.8576541E-002
1.9810170E+001,-3.7811004E-002
1.9812170E+001,-3.6982085E-002
1.9814170E+001,-3.6084928E-002
1.9816170E+001,-3.5118731E-002
1.9818170E+001,-3.4087271E-002
1.9820170E+001,-3.2999224E-002
1.9822170E+001,-3.1868252E-002
1.9824170E+001,-3.0712786E-002
1.9826170E+001,-2.9555473E-002
1.9828170E+001,-2.8422290E-002
1.9830170E+001,-2.7341335E-002
1.9832170E+001,-2.6341371E-002
1.9834170E+001,-2.5450219E-002
1.9836170E+001,-2.4693095E-002
1.9838170E+001,-2.4091015E-002
1.9840170E+001,-2.3659411E-002
1.9842170E+001,-2.3407055E-002
1.9844170E+001,-2.3335402E-002
1.9846170E+001,-2.3438466E-002
1.9848170E+001,-2.3703164E-002
1.9850170E+001,-2.4109923E-002
1.9852170E+001,-2.4633849E-002
1.9854170E+001,-2.5246253E-002
1.9856170E+001,-2.5916406E-002
1.9858170E+001,-2.6613404E-002
1.9860170E+001,-2.7308004E-002
1.9862170E+001,-2.7974302E-002
1.9864170E+001,-2.8591108E-002
1.9866170E+001,-2.9142931E-002
1.9868170E+001,-2.9620475E-002
1.9870170E+001,-3.0020642E-002
1.9872170E+001,-3.0346043E-002
1.9874170E+001,-3.0604097E-002
1.9876170E+001,-3.0805846E-002
1.9878170E+001,-3.0964625E-002
1.9880170E+001,-3.1094744E-002
1.9882170E+001,-3.1210261E-002
1.9884170E+001,-3.1323902E-002
1.9886170E+001,-3.1446206E-002
1.9888170E+001,-3.1585019E-002
1.9890170E+001,-3.1745378E-002
1.9892170E+001,-3.1929715E-002
1.9894170E+001,-3.2138228E-002
1.9896170E+001,-3.2369400E-002
1.9898170E+001,-3.2620598E-002
1.9900170E+001,-3.2888701E-002
1.9902170E+001,-3.3170649E-002
1.9904170E+001,-3.3463871E-002
1.9906170E+001,-3.3766536E-002
1.9908170E+001,-3.4077631E-002
1.9910170E+001,-3.4396862E-002
1.9912170E+001,-3.4724418E-002
1.9914170E+001,-3.5060643E-002
1.9916170E+001,-3.5405659E-002
1.9918170E+001,-3.5759008E-002
1.9920170E+001,-3.6119335E-002
1.9922170E+001,-3.6484163E-002
1.9924170E+001,-3.6849778E-002
1.9926170E+001,-3.7211238E-002
1.9928170E+001,-3.7562509E-002
1.9930170E+001,-3.7896701E-002
1.9932170E+001,-3.8206396E-002
1.9934170E+001,-3.8484006E-002
1.9936170E+001,-3.8722123E-002
1.9938170E+001,-3.8913823E-002
1.9940170E+001,-3.9052865E-002
1.9942170E+001,-3.9133786E-002
1.9944170E+001,-3.9151871E-002
1.9946170E+001,-3.9103015E-002
1.9948170E+001,-3.8983506E-002
1.9950170E+001,-3.8789798E-002
1.9952170E+001,-3.8518293E-002
1.9954170E+001,-3.8165191E-002
1.9956170E+001,-3.7726449E-002
1.9958170E+001,-3.7197855E-002
1.9960170E+001,-3.6575223E-002
1.9962170E+001,-3.5854671E-002
1.9964170E+001,-3.5032956E-002
1.9966170E+001,-3.4107842E-002
1.9968170E+001,-3.3078495E-002
1.9970170E+001,-3.1945869E-002
1.9972170E+001,-3.0712986E-002
1.9974170E+001,-2.9384973E-002
1.9976170E+001,-2.7968832E-002
1.9978170E+001,-2.6473014E-002
1.9980170E+001,-2.4906891E-002
1.9982170E+001,-2.3280127E-002
1.9984170E+001,-2.1601942E-002
1.9986170E+001,-1.9881055E-002
1.9988170E+001,-1.8122294E-002
1.9990170E+001,-1.6325548E-002
1.9992170E+001,-1.4485553E-002
1.9994170E+001,-1.2591584E-002
1.9996170E+001,-1.0628566E-002
1.9998170E+001,-8.5793758E-003
2.0000170E+001,-6.4260905E-003
2.0002170E+001,-4.1455667E-003
2.0004170E+001,-1.6970663E-003
2.0006170E+001,9.8767438E-004
2.0008170E+001,3.9901676E-003
2.0010170E+001,7.3601918E-003
2.0012170E+001,1.1069269E-002
2.0014170E+001,1.5016745E-002
2.0016170E+001,1.9065249E-002
2.0018170E+001,2.3109994E-002
2.0020170E+001,2.7096189E-002
2.0022170E+001,3.0995825E-002
2.0024170E+001,3.4782621E-002
2.0026170E+001,3.8423800E-002
2.0028170E+001,4.1888646E-002
2.0030170E+001,4.5156519E-002
2.0032170E+001,4.8218107E-002
2.0034170E+001,5.1072312E-002
2.0036170E+001,5.3722907E-002
2.0038170E+001,5.6176089E-002
2.0040170E+001,5.8438448E-002
2.0042170E+001,6.0515608E-002
2.0044170E+001,6.2411787E-002
2.0046170E+001,6.4130039E-002
2.0048170E+001,6.5672916E-002
2.0050170E+001,6.7043278E-002
2.0052170E+001,6.8245059E-002
2.0054170E+001,6.9283857E-002
2.0056170E+001,7.0167398E-002
2.0058170E+001,7.0905919E-002
2.0060170E+001,7.1512510E-002
2.0062170E+001,7.2003294E-002
2.0064170E+001,7.2397299E-002
2.0066170E+001,7.2715881E-002
2.0068170E+001,7.2981723E-002
2.0070170E+001,7.3217639E-002
2.0072170E+001,7.3445537E-002
2.0074170E+001,7.3685836E-002
2.0076170E+001,7.3957333E-002
2.0078170E+001,7.4277254E-002
2.0080170E+001,7.4661103E-002
2.0082170E+001,7.5122082E-002
2.0084170E+001,7.5670186E-002
2.0086170E+001,7.6311255E-002
2.0088170E+001,7.7046289E-002
2.0090170E+001,7.7871150E-002
2.0092170E+001,7.8776625E-002
2.0094170E+001,7.9748771E-002
2.0096170E+001,8.0769455E-002
2.0098170E+001,8.1817077E-002
2.0100170E+001,8.2867399E-002
2.0102170E+001,8.3894496E-002
2.0104170E+001,8.4871800E-002
2.0106170E+001,8.5773137E-002
2.0108170E+001,8.6573688E-002
2.0110170E+001,8.7250786E-002
2.0112170E+001,8.7784561E-002
2.0114170E+001,8.8158384E-002
2.0116170E+001,8.8359159E-002
2.0118170E+001,8.8377456E-002
2.0120170E+001,8.8207277E-002
2.0122170E+001,8.7846108E-002
2.0124170E+001,8.7294656E-002
2.0126170E+001,8.6557156E-002
2.0128170E+001,8.5641065E-002
2.0130170E+001,8.4556827E-002
2.0132170E+001,8.3317648E-002
2.0134170E+001,8.1939159E-002
2.0136170E+001,8.0438933E-002
2.0138170E+001,7.8835749E-002
2.0140170E+001,7.7148824E-002
2.0142170E+001,7.5397711E-002
2.0144170E+001,7.3603569E-002
2.0146170E+001,7.1791171E-002
2.0148170E+001,6.9989414E-002
2.0150170E+001,6.8228886E-002
2.0152170E+001,6.6537870E-002
2.0154170E+001,6.4939630E-002
2.0156170E+001,6.3452133E-002
2.0158170E+001,6.2089146E-002
2.0160170E+001,6.0861178E-002
2.0162170E+001,5.9775684E-002
2.0164170E+001,5.8836793E-002
2.0166170E+001,5.8044950E-002
2.0168170E+001,5.7396735E-002
2.0170170E+001,5.6884905E-002
2.0172170E+001,5.6498648E-002
2.0174170E+001,5.6224008E-002
2.0176170E+001,5.6044450E-002
2.0178170E+001,5.5941474E-002
2.0180170E+001,5.5895227E-002
2.0182170E+001,5.5885091E-002
2.0184170E+001,5.5890170E-002
2.0186170E+001,5.5889714E-002
2.0188170E+001,5.5863501E-002
2.0190170E+001,5.5792139E-002
2.0192170E+001,5.5657343E-002
2.0194170E+001,5.5442290E-002
2.0196170E+001,5.5131585E-002
2.0198170E+001,5.4712247E-002
2.0200170E+001,5.4174941E-002
2.0202170E+001,5.3514239E-002
2.0204170E+001,5.2729660E-002
2.0206170E+001,5.1825905E-002
2.0208170E+001,5.0812532E-002
2.0210170E+001,4.9703451E-002
2.0212170E+001,4.8516347E-002
2.0214170E+001,4.7272215E-002
2.0216170E+001,4.5994936E-002
2.0218170E+001,4.4710768E-002
2.0220170E+001,4.3447672E-002
2.0222170E+001,4.2234456E-002
2.0224170E+001,4.1099814E-002
2.0226170E+001,4.0071275E-002
2.0228170E+001,3.9174137E-002
2.0230170E+001,3.8430410E-002
2.0232170E+001,3.7857822E-002
2.0234170E+001,3.7468925E-002
2.0236170E+001,3.7270359E-002
2.0238170E+001,3.7262303E-002
2.0240170E+001,3.7438258E-002
2.0242170E+001,3.7784954E-002
2.0244170E+001,3.8282543E-002
2.0246170E+001,3.8905239E-002
2.0248170E+001,3.9622238E-002
2.0250170E+001,4.0398984E-002
2.0252170E+001,4.1198770E-002
2.0254170E+001,4.1984562E-002
2.0256170E+001,4.2720944E-002
2.0258170E+001,4.3376133E-002
2.0260170E+001,4.3923902E-002
2.0262170E+001,4.4345275E-002
2.0264170E+001,4.4629874E-002
2.0266170E+001,4.4776757E-002
2.0268170E+001,4.4794666E-002
2.0270170E+001,4.4701625E-002
2.0272170E+001,4.4523901E-002
2.0274170E+001,4.4294429E-002
2.0276170E+001,4.4050782E-002
2.0278170E+001,4.3832812E-002
2.0280170E+001,4.3680045E-002
2.0282170E+001,4.3629056E-002
2.0284170E+001,4.3711108E-002
2.0286170E+001,4.3950300E-002
2.0288170E+001,4.4362251E-002
2.0290170E+001,4.4953289E-002
2.0292170E+001,4.5720304E-002
2.0294170E+001,4.6652011E-002
2.0296170E+001,4.7729491E-002
2.0298170E+001,4.8926965E-002
2.0300170E+001,5.0214533E-002
2.0302170E+001,5.1560211E-002
2.0304170E+001,5.2931176E-002
2.0306170E+001,5.4295563E-002
2.0308170E+001,5.5624215E-002
2.0310170E+001,5.6892117E-002
2.0312170E+001,5.8079378E-002
2.0314170E+001,5.9171403E-002
2.0316170E+001,6.0158651E-002
2.0318170E+001,6.1035765E-002
2.0320170E+001,6.1800356E-002
2.0322170E+001,6.2452035E-002
2.0324170E+001,6.2991669E-002
2.0326170E+001,6.3420390E-002
2.0328170E+001,6.3738835E-002
2.0330170E+001,6.3946501E-002
2.0332170E+001,6.4041300E-002
2.0334170E+001,6.4019605E-002
2.0336170E+001,6.3876256E-002
2.0338170E+001,6.3605366E-002
2.0340170E+001,6.3201092E-002
2.0342170E+001,6.2658356E-002
2.0344170E+001,6.1974172E-002
2.0346170E+001,6.1148361E-002
2.0348170E+001,6.0184388E-002
2.0350170E+001,5.9089848E-002
2.0352170E+001,5.7876582E-002
2.0354170E+001,5.6560428E-002
2.0356170E+001,5.5160654E-002
2.0358170E+001,5.3699030E-002
2.0360170E+001,5.2198696E-002
2.0362170E+001,5.0682877E-002
2.0364170E+001,4.9173639E-002
2.0366170E+001,4.7690469E-002
2.0368170E+001,4.6249388E-002
2.0370170E+001,4.4862111E-002
2.0372170E+001,4.3535365E-002
2.0374170E+001,4.2270769E-002
2.0376170E+001,4.1065027E-002
2.0378170E+001,3.9909819E-002
2.0380170E+001,3.8792070E-002
2.0382170E+001,3.7694546E-002
2.0384170E+001,3.6596719E-002
2.0386170E+001,3.5475681E-002
2.0388170E+001,3.4307121E-002
2.0390170E+001,3.3066162E-002
2.0392170E+001,3.1727522E-002
2.0394170E+001,3.0266662E-002
2.0396170E+001,2.8660009E-002
2.0398170E+001,2.6885389E-002
2.0400170E+001,2.4922823E-002
2.0402170E+001,2.2755264E-002
2.0404170E+001,2.0369797E-002
2.0406170E+001,1.7758841E-002
2.0408170E+001,1.4920266E-002
2.0410170E+001,1.1856710E-002
2.0412170E+001,8.5747446E-003
2.0414170E+001,5.0829659E-003
2.0416170E+001,1.3879172E-003
2.0418170E+001,-2.5084267E-003
2.0420170E+001,-6.6024170E-003
2.0422170E+001,-1.0873221E-002
2.0424170E+001,-1.5269367E-002
2.0426170E+001,-1.9711192E-002
2.0428170E+001,-2.4110684E-002
2.0430170E+001,-2.8394458E-002
2.0432170E+001,-3.2513306E-002
2.0434170E+001,-3.6435556E-002
2.0436170E+001,-4.0135404E-002
2.0438170E+001,-4.3584831E-002
2.0440170E+001,-4.6756489E-002
2.0442170E+001,-4.9625682E-002
2.0444170E+001,-5.2172712E-002
2.0446170E+001,-5.4383081E-002
2.0448170E+001,-5.6247636E-002
2.0450170E+001,-5.7763163E-002
2.0452170E+001,-5.8933187E-002
2.0454170E+001,-5.9768613E-002
2.0456170E+001,-6.0288204E-002
2.0458170E+001,-6.0518781E-002
2.0460170E+001,-6.0494990E-002
2.0462170E+001,-6.0258408E-002
2.0464170E+001,-5.9856731E-002
2.0466170E+001,-5.9342686E-002
2.0468170E+001,-5.8772225E-002
2.0470170E+001,-5.8202697E-002
2.0472170E+001,-5.7690899E-002
2.0474170E+001,-5.7291022E-002
2.0476170E+001,-5.7052621E-002
2.0478170E+001,-5.7018647E-002
2.0480170E+001,-5.7223667E-002
2.0482170E+001,-5.7692364E-002
2.0484170E+001,-5.8438444E-002
2.0486170E+001,-5.9464089E-002
2.0488170E+001,-6.0759302E-002
2.0490170E+001,-6.2296028E-002
2.0492170E+001,-6.4049019E-002
2.0494170E+001,-6.6014376E-002
2.0496170E+001,-6.8165492E-002
2.0498170E+001,-7.0430193E-002
2.0500170E+001,-7.2746530E-002
2.0502170E+001,-7.5073229E-002
2.0504170E+001,-7.7361607E-002
2.0506170E+001,-7.9559000E-002
2.0508170E+001,-8.1616696E-002
2.0510170E+001,-8.3489640E-002
2.0512170E+001,-8.5137694E-002
2.0514170E+001,-8.6526905E-002
2.0516170E+001,-8.7630223E-002
2.0518170E+001,-8.8428094E-002
2.0520170E+001,-8.8908687E-002
2.0522170E+001,-8.9067870E-002
2.0524170E+001,-8.8908866E-002
2.0526170E+001,-8.8441251E-002
2.0528170E+001,-8.7680966E-002
2.0530170E+001,-8.6649627E-002
2.0532170E+001,-8.5373601E-002
2.0534170E+001,-8.3883000E-002
2.0536170E+001,-8.2210553E-002
2.0538170E+001,-8.0390463E-002
2.0540170E+001,-7.8457278E-002
2.0542170E+001,-7.6444819E-002
2.0544170E+001,-7.4385202E-002
2.0546170E+001,-7.2307992E-002
2.0548170E+001,-7.0239433E-002
2.0550170E+001,-6.8201698E-002
2.0552170E+001,-6.6212336E-002
2.0554170E+001,-6.4284317E-002
2.0556170E+001,-6.2426740E-002
2.0558170E+001,-6.0645794E-002
2.0560170E+001,-5.8945980E-002
2.0562170E+001,-5.7332187E-002
2.0564170E+001,-5.5811916E-002
2.0566170E+001,-5.4395177E-002
2.0568170E+001,-5.3090946E-002
2.0570170E+001,-5.1902997E-002
2.0572170E+001,-5.0829139E-002
2.0574170E+001,-4.9864388E-002
2.0576170E+001,-4.9004806E-002
2.0578170E+001,-4.8249006E-002
2.0580170E+001,-4.7597320E-002
2.0582170E+001,-4.7050432E-002
2.0584170E+001,-4.6608579E-002
2.0586170E+001,-4.6271221E-002
2.0588170E+001,-4.6036784E-002
2.0590170E+001,-4.5902348E-002
2.0592170E+001,-4.5863291E-002
2.0594170E+001,-4.5912972E-002
2.0596170E+001,-4.6042440E-002
2.0598170E+001,-4.6240338E-002
2.0600170E+001,-4.6493146E-002
2.0602170E+001,-4.6785697E-002
2.0604170E+001,-4.7101782E-002
2.0606170E+001,-4.7424686E-002
2.0608170E+001,-4.7737597E-002
2.0610170E+001,-4.8024000E-002
2.0612170E+001,-4.8268173E-002
2.0614170E+001,-4.8455875E-002
2.0616170E+001,-4.8575134E-002
2.0618170E+001,-4.8616999E-002
2.0620170E+001,-4.8576136E-002
2.0622170E+001,-4.8451211E-002
2.0624170E+001,-4.8245074E-002
2.0626170E+001,-4.7964734E-002
2.0628170E+001,-4.7621156E-002
2.0630170E+001,-4.7228899E-002
2.0632170E+001,-4.6805657E-002
2.0634170E+001,-4.6371714E-002
2.0636170E+001,-4.5949319E-002
2.0638170E+001,-4.5561952E-002
2.0640170E+001,-4.5233534E-002
2.0642170E+001,-4.4987663E-002
2.0644170E+001,-4.4846665E-002
2.0646170E+001,-4.4830716E-002
2.0648170E+001,-4.4957510E-002
2.0650170E+001,-4.5241684E-002
2.0652170E+001,-4.5694011E-002
2.0654170E+001,-4.6320726E-002
2.0656170E+001,-4.7123484E-002
2.0658170E+001,-4.8099385E-002
2.0660170E+001,-4.9240286E-002
2.0662170E+001,-5.0532605E-002
2.0664170E+001,-5.1958475E-002
2.0666170E+001,-5.3496798E-002
2.0668170E+001,-5.5123577E-002
2.0670170E+001,-5.6812729E-002
2.0672170E+001,-5.8537588E-002
2.0674170E+001,-6.0272422E-002
2.0676170E+001,-6.1993609E-002
2.0678170E+001,-6.3680277E-002
2.0680170E+001,-6.5314097E-002
2.0682170E+001,-6.6878228E-002
2.0684170E+001,-6.8355686E-002
2.0686170E+001,-6.9727749E-002
2.0688170E+001,-7.0973243E-002
2.0690170E+001,-7.2069149E-002
2.0692170E+001,-7.2992840E-002
2.0694170E+001,-7.3724342E-002
2.0696170E+001,-7.4248728E-002
2.0698170E+001,-7.4557768E-002
2.0700170E+001,-7.4649880E-002
2.0702170E+001,-7.4530010E-002
2.0704170E+001,-7.4209315E-002
2.0706170E+001,-7.3705171E-002
2.0708170E+001,-7.3041106E-002
2.0710170E+001,-7.2246006E-002
2.0712170E+001,-7.1353010E-002
2.0714170E+001,-7.0397841E-002
2.0716170E+001,-6.9416876E-002
2.0718170E+001,-6.8445046E-002
2.0720170E+001,-6.7513785E-002
2.0722170E+001,-6.6649262E-002
2.0724170E+001,-6.5871265E-002
2.0726170E+001,-6.5192906E-002
2.0728170E+001,-6.4621035E-002
2.0730170E+001,-6.4157024E-002
2.0732170E+001,-6.3797484E-002
2.0734170E+001,-6.3534706E-002
2.0736170E+001,-6.3356843E-002
2.0738170E+001,-6.3248059E-002
2.0740170E+001,-6.3188901E-002
2.0742170E+001,-6.3156994E-002
2.0744170E+001,-6.3128041E-002
2.0746170E+001,-6.3076964E-002
2.0748170E+001,-6.2979122E-002
2.0750170E+001,-6.2811537E-002
2.0752170E+001,-6.2554021E-002
2.0754170E+001,-6.2190124E-002
2.0756170E+001,-6.1707794E-002
2.0758170E+001,-6.1099717E-002
2.0760170E+001,-6.0363361E-002
2.0762170E+001,-5.9500732E-002
2.0764170E+001,-5.8517917E-002
2.0766170E+001,-5.7424454E-002
2.0768170E+001,-5.6232529E-002
2.0770170E+001,-5.4956007E-002
2.0772170E+001,-5.3609232E-002
2.0774170E+001,-5.2205613E-002
2.0776170E+001,-5.0755956E-002
2.0778170E+001,-4.9267196E-002
2.0780170E+001,-4.7740595E-002
2.0782170E+001,-4.6170992E-002
2.0784170E+001,-4.4547240E-002
2.0786170E+001,-4.2852486E-002
2.0788170E+001,-4.1066136E-002
2.0790170E+001,-3.9164875E-002
2.0792170E+001,-3.7125455E-002
2.0794170E+001,-3.4926990E-002
2.0796170E+001,-3.2551608E-002
2.0798170E+001,-2.9987277E-002
2.0800170E+001,-2.7228506E-002
2.0802170E+001,-2.4277232E-002
2.0804170E+001,-2.1143350E-002
2.0806170E+001,-1.7844887E-002
2.0808170E+001,-1.4407494E-002
2.0810170E+001,-1.0862882E-002
2.0812170E+001,-7.2469470E-003
2.0814170E+001,-3.5999274E-003
2.0816170E+001,4.1428940E-005
2.0818170E+001,3.6286029E-003
2.0820170E+001,7.1221631E-003
2.0822170E+001,1.0481533E-002
2.0824170E+001,1.3670509E-002
2.0826170E+001,1.6655266E-002
2.0828170E+001,1.9402180E-002
2.0830170E+001,2.1881582E-002
2.0832170E+001,2.4066878E-002
2.0834170E+001,2.5938687E-002
2.0836170E+001,2.7486629E-002
2.0838170E+001,2.8709899E-002
2.0840170E+001,2.9616545E-002
2.0842170E+001,3.0222611E-002
2.0844170E+001,3.0551591E-002
2.0846170E+001,3.0634346E-002
2.0848170E+001,3.0508797E-002
2.0850170E+001,3.0218749E-002
2.0852170E+001,2.9813712E-002
2.0854170E+001,2.9345794E-002
2.0856170E+001,2.8869650E-002
2.0858170E+001,2.8440077E-002
2.0860170E+001,2.8110708E-002
2.0862170E+001,2.7932672E-002
2.0864170E+001,2.7953310E-002
2.0866170E+001,2.8214907E-002
2.0868170E+001,2.8753430E-002
2.0870170E+001,2.9596990E-002
2.0872170E+001,3.0765584E-002
2.0874170E+001,3.2261285E-002
2.0876170E+001,3.4082649E-002
2.0878170E+001,3.6239663E-002
2.0880170E+001,3.8720211E-002
2.0882170E+001,4.1472193E-002
2.0884170E+001,4.4444248E-002
2.0886170E+001,4.7590368E-002
2.0888170E+001,5.0851395E-002
2.0890170E+001,5.4160430E-002
2.0892170E+001,5.7448933E-002
2.0894170E+001,6.0647970E-002
2.0896170E+001,6.3690940E-002
2.0898170E+001,6.6515883E-002
2.0900170E+001,6.9067306E-002
2.0902170E+001,7.1297724E-002
2.0904170E+001,7.3168717E-002
2.0906170E+001,7.4651602E-002
2.0908170E+001,7.5727763E-002
2.0910170E+001,7.6388684E-002
2.0912170E+001,7.6635768E-002
2.0914170E+001,7.6479697E-002
2.0916170E+001,7.5939723E-002
2.0918170E+001,7.5042850E-002
2.0920170E+001,7.3823342E-002
2.0922170E+001,7.2321690E-002
2.0924170E+001,7.0583052E-002
2.0926170E+001,6.8656362E-002
2.0928170E+001,6.6592250E-002
2.0930170E+001,6.4439952E-002
2.0932170E+001,6.2246406E-002
2.0934170E+001,6.0057064E-002
2.0936170E+001,5.7914445E-002
2.0938170E+001,5.5855356E-002
2.0940170E+001,5.3910070E-002
2.0942170E+001,5.2102414E-002
2.0944170E+001,5.0449489E-002
2.0946170E+001,4.8961864E-002
2.0948170E+001,4.7644626E-002
2.0950170E+001,4.6498681E-002
2.0952170E+001,4.5521458E-002
2.0954170E+001,4.4706870E-002
2.0956170E+001,4.4045341E-002
2.0958170E+001,4.3524467E-002
2.0960170E+001,4.3129969E-002
2.0962170E+001,4.2846407E-002
2.0964170E+001,4.2657624E-002
2.0966170E+001,4.2547078E-002
2.0968170E+001,4.2498132E-002
2.0970170E+001,4.2494292E-002
2.0972170E+001,4.2519418E-002
2.0974170E+001,4.2557898E-002
2.0976170E+001,4.2594890E-002
2.0978170E+001,4.2616573E-002
2.0980170E+001,4.2610405E-002
2.0982170E+001,4.2565395E-002
2.0984170E+001,4.2472354E-002
2.0986170E+001,4.2324133E-002
2.0988170E+001,4.2115867E-002
2.0990170E+001,4.1845266E-002
2.0992170E+001,4.1511556E-002
2.0994170E+001,4.1116626E-002
2.0996170E+001,4.0665715E-002
2.0998170E+001,4.0165735E-002
2.1000170E+001,3.9625358E-002
2.1002170E+001,3.9055187E-002
2.1004170E+001,3.8467202E-002
2.1006170E+001,3.7874398E-002
2.1008170E+001,3.7290423E-002
2.1010170E+001,3.6729169E-002
2.1012170E+001,3.6204398E-002
2.1014170E+001,3.5729377E-002
2.1016170E+001,3.5316561E-002
2.1018170E+001,3.4977323E-002
2.1020170E+001,3.4721768E-002
2.1022170E+001,3.4558614E-002
2.1024170E+001,3.4495140E-002
2.1026170E+001,3.4537178E-002
2.1028170E+001,3.4689098E-002
2.1030170E+001,3.4953604E-002
2.1032170E+001,3.5331457E-002
2.1034170E+001,3.5821180E-002
2.1036170E+001,3.6418991E-002
2.1038170E+001,3.7118983E-002
2.1040170E+001,3.7913519E-002
2.1042170E+001,3.8794011E-002
2.1044170E+001,3.9751594E-002
2.1046170E+001,4.0777127E-002
2.1048170E+001,4.1860720E-002
2.1050170E+001,4.2991382E-002
2.1052170E+001,4.4157352E-002
2.1054170E+001,4.5346979E-002
2.1056170E+001,4.6549475E-002
2.1058170E+001,4.7754935E-002
2.1060170E+001,4.8953991E-002
2.1062170E+001,5.0138466E-002
2.1064170E+001,5.1301665E-002
2.1066170E+001,5.2438074E-002
2.1068170E+001,5.3543797E-002
2.1070170E+001,5.4616834E-002
2.1072170E+001,5.5656897E-002
2.1074170E+001,5.6665269E-002
2.1076170E+001,5.7644271E-002
2.1078170E+001,5.8598782E-002
2.1080170E+001,5.9531900E-002
2.1082170E+001,6.0449128E-002
2.1084170E+001,6.1354962E-002
2.1086170E+001,6.2253661E-002
2.1088170E+001,6.3148518E-002
2.1090170E+001,6.4041553E-002
2.1092170E+001,6.4933180E-002
2.1094170E+001,6.5821982E-002
2.1096170E+001,6.6704351E-002
2.1098170E+001,6.7573774E-002
2.1100170E+001,6.8419822E-002
2.1102170E+001,6.9226920E-002
2.1104170E+001,6.9973436E-002
2.1106170E+001,7.0632126E-002
2.1108170E+001,7.1172580E-002
2.1110170E+001,7.1564095E-002
2.1112170E+001,7.1776953E-002
2.1114170E+001,7.1789577E-002
2.1116170E+001,7.1620984E-002
2.1118170E+001,7.1384586E-002
2.1120170E+001,7.1291923E-002
2.1122170E+001,7.1543644E-002
2.1124170E+001,7.2177455E-002
2.1126170E+001,7.3039109E-002
2.1128170E+001,7.3903532E-002
2.1130170E+001,7.4600607E-002
2.1132170E+001,7.5061705E-002
2.1134170E+001,7.5282931E-002
2.1136170E+001,7.5295071E-002
2.1138170E+001,7.5158926E-002
2.1140170E+001,7.4929247E-002
2.1142170E+001,7.4631593E-002
2.1144170E+001,7.4274040E-002
2.1146170E+001,7.3858417E-002
2.1148170E+001,7.3385857E-002
2.1150170E+001,7.2858235E-002
2.1152170E+001,7.2277505E-002
2.1154170E+001,7.1645257E-002
2.1156170E+001,7.0962953E-002
2.1158170E+001,7.0233123E-002
2.1160170E+001,6.9459464E-002
2.1162170E+001,6.8644858E-002
2.1164170E+001,6.7790298E-002
2.1166170E+001,6.6895948E-002
2.1168170E+001,6.5961887E-002
2.1170170E+001,6.4987792E-002
2.1172170E+001,6.3972949E-002
2.1174170E+001,6.2916947E-002
2.1176170E+001,6.1820234E-002
2.1178170E+001,6.0683748E-002
2.1180170E+001,5.9507414E-002
2.1182170E+001,5.8288040E-002
2.1184170E+001,5.7017653E-002
2.1186170E+001,5.5683209E-002
2.1188170E+001,5.4267865E-002
2.1190170E+001,5.2753075E-002
2.1192170E+001,5.1120309E-002
2.1194170E+001,4.9351669E-002
2.1196170E+001,4.7429683E-002
2.1198170E+001,4.5337439E-002
2.1200170E+001,4.3060370E-002
2.1202170E+001,4.0590210E-002
2.1204170E+001,3.7930066E-002
2.1206170E+001,3.5098243E-002
2.1208170E+001,3.2128208E-002
2.1210170E+001,2.9063652E-002
2.1212170E+001,2.5950243E-002
2.1214170E+001,2.2827753E-002
2.1216170E+001,1.9726169E-002
2.1218170E+001,1.6667046E-002
2.1220170E+001,1.3668301E-002
2.1222170E+001,1.0749306E-002
2.1224170E+001,7.9319658E-003
2.1226170E+001,5.2391846E-003
2.1228170E+001,2.6996341E-003
2.1230170E+001,3.4560221E-004
2.1232170E+001,-1.8005687E-003
2.1234170E+001,-3.7274650E-003
2.1236170E+001,-5.4219888E-003
2.1238170E+001,-6.8705236E-003
2.1240170E+001,-8.0680659E-003
2.1242170E+001,-9.0181239E-003
2.1244170E+001,-9.7309265E-003
2.1246170E+001,-1.0224340E-002
2.1248170E+001,-1.0524113E-002
2.1250170E+001,-1.0662786E-002
2.1252170E+001,-1.0679191E-002
2.1254170E+001,-1.0616904E-002
2.1256170E+001,-1.0522859E-002
2.1258170E+001,-1.0445690E-002
2.1260170E+001,-1.0433544E-002
2.1262170E+001,-1.0531848E-002
2.1264170E+001,-1.0780796E-002
2.1266170E+001,-1.1213761E-002
2.1268170E+001,-1.1857964E-002
2.1270170E+001,-1.2729627E-002
2.1272170E+001,-1.3835413E-002
2.1274170E+001,-1.5173699E-002
2.1276170E+001,-1.6734173E-002
2.1278170E+001,-1.8499342E-002
2.1280170E+001,-2.0445857E-002
2.1282170E+001,-2.2545748E-002
2.1284170E+001,-2.4767705E-002
2.1286170E+001,-2.7078073E-002
2.1288170E+001,-2.9441765E-002
2.1290170E+001,-3.1822990E-002
2.1292170E+001,-3.4185857E-002
2.1294170E+001,-3.6494953E-002
2.1296170E+001,-3.8715855E-002
2.1298170E+001,-4.0815565E-002
2.1300170E+001,-4.2762956E-002
2.1302170E+001,-4.4529129E-002
2.1304170E+001,-4.6087657E-002
2.1306170E+001,-4.7414804E-002
2.1308170E+001,-4.8489749E-002
2.1310170E+001,-4.9294851E-002
2.1312170E+001,-4.9815996E-002
2.1314170E+001,-5.0043036E-002
2.1316170E+001,-4.9970246E-002
2.1318170E+001,-4.9596450E-002
2.1320170E+001,-4.8925757E-002
2.1322170E+001,-4.7968126E-002
2.1324170E+001,-4.6739589E-002
2.1326170E+001,-4.5262373E-002
2.1328170E+001,-4.3564811E-002
2.1330170E+001,-4.1680517E-002
2.1332170E+001,-3.9647226E-002
2.1334170E+001,-3.7506342E-002
2.1336170E+001,-3.5302421E-002
2.1338170E+001,-3.3081438E-002
2.1340170E+001,-3.0888767E-002
2.1342170E+001,-2.8767757E-002
2.1344170E+001,-2.6758607E-002
2.1346170E+001,-2.4897603E-002
2.1348170E+001,-2.3216726E-002
2.1350170E+001,-2.1742869E-002
2.1352170E+001,-2.0496461E-002
2.1354170E+001,-1.9490364E-002
2.1356170E+001,-1.8729711E-002
2.1358170E+001,-1.8212460E-002
2.1360170E+001,-1.7930111E-002
2.1362170E+001,-1.7868460E-002
2.1364170E+001,-1.8008527E-002
2.1366170E+001,-1.8327574E-002
2.1368170E+001,-1.8800115E-002
2.1370170E+001,-1.9399006E-002
2.1372170E+001,-2.0096497E-002
2.1374170E+001,-2.0865202E-002
2.1376170E+001,-2.1678943E-002
2.1378170E+001,-2.2513451E-002
2.1380170E+001,-2.3346908E-002
2.1382170E+001,-2.4160319E-002
2.1384170E+001,-2.4937765E-002
2.1386170E+001,-2.5666542E-002
2.1388170E+001,-2.6337196E-002
2.1390170E+001,-2.6943470E-002
2.1392170E+001,-2.7482175E-002
2.1394170E+001,-2.7952999E-002
2.1396170E+001,-2.8358262E-002
2.1398170E+001,-2.8702629E-002
2.1400170E+001,-2.8992799E-002
2.1402170E+001,-2.9237119E-002
2.1404170E+001,-2.9445138E-002
2.1406170E+001,-2.9627130E-002
2.1408170E+001,-2.9793619E-002
2.1410170E+001,-2.9954925E-002
2.1412170E+001,-3.0120705E-002
2.1414170E+001,-3.0299522E-002
2.1416170E+001,-3.0498489E-002
2.1418170E+001,-3.0723013E-002
2.1420170E+001,-3.0976674E-002
2.1422170E+001,-3.1261240E-002
2.1424170E+001,-3.1576826E-002
2.1426170E+001,-3.1922177E-002
2.1428170E+001,-3.2295067E-002
2.1430170E+001,-3.2692771E-002
2.1432170E+001,-3.3112593E-002
2.1434170E+001,-3.3552423E-002
2.1436170E+001,-3.4011273E-002
2.1438170E+001,-3.4489766E-002
2.1440170E+001,-3.4990518E-002
2.1442170E+001,-3.5518338E-002
2.1444170E+001,-3.6080212E-002
2.1446170E+001,-3.6685024E-002
2.1448170E+001,-3.7343177E-002
2.1450170E+001,-3.8066176E-002
2.1452170E+001,-3.8866300E-002
2.1454170E+001,-3.9755328E-002
2.1456170E+001,-4.0743170E-002
2.1458170E+001,-4.1834421E-002
2.1460170E+001,-4.3023743E-002
2.1462170E+001,-4.4292674E-002
2.1464170E+001,-4.5613809E-002
2.1466170E+001,-4.6965895E-002
2.1468170E+001,-4.8352196E-002
2.1470170E+001,-4.9802829E-002
2.1472170E+001,-5.1352381E-002
2.1474170E+001,-5.3015378E-002
2.1476170E+001,-5.4790303E-002
2.1478170E+001,-5.6699471E-002
2.1480170E+001,-5.8782029E-002
2.1482170E+001,-6.1004751E-002
2.1484170E+001,-6.3227667E-002
2.1486170E+001,-6.5312988E-002
2.1488170E+001,-6.7221286E-002
2.1490170E+001,-6.8974710E-002
2.1492170E+001,-7.0589778E-002
2.1494170E+001,-7.2069178E-002
2.1496170E+001,-7.3414245E-002
2.1498170E+001,-7.4625514E-002
2.1500170E+001,-7.5702208E-002
2.1502170E+001,-7.6644747E-002
2.1504170E+001,-7.7455961E-002
2.1506170E+001,-7.8140876E-002
2.1508170E+001,-7.8706204E-002
2.1510170E+001,-7.9159845E-002
2.1512170E+001,-7.9510427E-002
2.1514170E+001,-7.9766863E-002
2.1516170E+001,-7.9937946E-002
2.1518170E+001,-8.0032065E-002
2.1520170E+001,-8.0057140E-002
2.1522170E+001,-8.0020834E-002
2.1524170E+001,-7.9930893E-002
2.1526170E+001,-7.9795730E-002
2.1528170E+001,-7.9624847E-002
2.1530170E+001,-7.9429020E-002
2.1532170E+001,-7.9219944E-002
2.1534170E+001,-7.9009811E-002
2.1536170E+001,-7.8810477E-002
2.1538170E+001,-7.8632489E-002
2.1540170E+001,-7.8483961E-002
2.1542170E+001,-7.8369574E-002
2.1544170E+001,-7.8290292E-002
2.1546170E+001,-7.8244268E-002
2.1548170E+001,-7.8228869E-002
2.1550170E+001,-7.8242229E-002
2.1552170E+001,-7.8281979E-002
2.1554170E+001,-7.8341654E-002
2.1556170E+001,-7.8408928E-002
2.1558170E+001,-7.8467865E-002
2.1560170E+001,-7.8502229E-002
2.1562170E+001,-7.8496684E-002
2.1564170E+001,-7.8436431E-002
2.1566170E+001,-7.8307020E-002
2.1568170E+001,-7.8094588E-002
2.1570170E+001,-7.7786111E-002
2.1572170E+001,-7.7369702E-002
2.1574170E+001,-7.6834856E-002
2.1576170E+001,-7.6172354E-002
2.1578170E+001,-7.5373884E-002
2.1580170E+001,-7.4431608E-002
2.1582170E+001,-7.3337786E-002
2.1584170E+001,-7.2084663E-002
2.1586170E+001,-7.0664699E-002
2.1588170E+001,-6.9070905E-002
2.1590170E+001,-6.7297135E-002
2.1592170E+001,-6.5338309E-002
2.1594170E+001,-6.3190644E-002
2.1596170E+001,-6.0852077E-002
2.1598170E+001,-5.8323055E-002
2.1600170E+001,-5.5607719E-002
2.1602170E+001,-5.2715299E-002
2.1604170E+001,-4.9661512E-002
2.1606170E+001,-4.6469826E-002
2.1608170E+001,-4.3172588E-002
2.1610170E+001,-3.9812038E-002
2.1612170E+001,-3.6440881E-002
2.1614170E+001,-3.3121667E-002
2.1616170E+001,-2.9923973E-002
2.1618170E+001,-2.6918797E-002
2.1620170E+001,-2.4170746E-002
2.1622170E+001,-2.1729885E-002
2.1624170E+001,-1.9625744E-002
2.1626170E+001,-1.7865405E-002
2.1628170E+001,-1.6435991E-002
2.1630170E+001,-1.5310208E-002
2.1632170E+001,-1.4452699E-002
2.1634170E+001,-1.3825265E-002
2.1636170E+001,-1.3390071E-002
2.1638170E+001,-1.3111023E-002
2.1640170E+001,-1.2954025E-002
2.1642170E+001,-1.2886803E-002
2.1644170E+001,-1.2878645E-002
2.1646170E+001,-1.2900143E-002
2.1648170E+001,-1.2922885E-002
2.1650170E+001,-1.2919199E-002
2.1652170E+001,-1.2862013E-002
2.1654170E+001,-1.2724936E-002
2.1656170E+001,-1.2482153E-002
2.1658170E+001,-1.2108286E-002
2.1660170E+001,-1.1580098E-002
2.1662170E+001,-1.0876176E-002
2.1664170E+001,-9.9780814E-003
2.1666170E+001,-8.8715173E-003
2.1668170E+001,-7.5472119E-003
2.1670170E+001,-6.0018857E-003
2.1672170E+001,-4.2389656E-003
2.1674170E+001,-2.2690166E-003
2.1676170E+001,-1.0981680E-004
2.1678170E+001,2.2139517E-003
2.1680170E+001,4.6706380E-003
2.1682170E+001,7.2257678E-003
2.1684170E+001,9.8382756E-003
2.1686170E+001,1.2463973E-002
2.1688170E+001,1.5058945E-002
2.1690170E+001,1.7577752E-002
2.1692170E+001,1.9976193E-002
2.1694170E+001,2.2212089E-002
2.1696170E+001,2.4246572E-002
2.1698170E+001,2.6045228E-002
2.1700170E+001,2.7578988E-002
2.1702170E+001,2.8824934E-002
2.1704170E+001,2.9766843E-002
2.1706170E+001,3.0395647E-002
2.1708170E+001,3.0709629E-002
2.1710170E+001,3.0714229E-002
2.1712170E+001,3.0421556E-002
2.1714170E+001,2.9850230E-002
2.1716170E+001,2.9024536E-002
2.1718170E+001,2.7974094E-002
2.1720170E+001,2.6732752E-002
2.1722170E+001,2.5337695E-002
2.1724170E+001,2.3828361E-002
2.1726170E+001,2.2245344E-002
2.1728170E+001,2.0629341E-002
2.1730170E+001,1.9020131E-002
2.1732170E+001,1.7455629E-002
2.1734170E+001,1.5971040E-002
2.1736170E+001,1.4598092E-002
2.1738170E+001,1.3364347E-002
2.1740170E+001,1.2292614E-002
2.1742170E+001,1.1400476E-002
2.1744170E+001,1.0700048E-002
2.1746170E+001,1.0198027E-002
2.1748170E+001,9.8958495E-003
2.1750170E+001,9.7896787E-003
2.1752170E+001,9.8702372E-003
2.1754170E+001,1.0122866E-002
2.1756170E+001,1.0527909E-002
2.1758170E+001,1.1061387E-002
2.1760170E+001,1.1695755E-002
2.1762170E+001,1.2400736E-002
2.1764170E+001,1.3144277E-002
2.1766170E+001,1.3893641E-002
2.1768170E+001,1.4616597E-002
2.1770170E+001,1.5282676E-002
2.1772170E+001,1.5864460E-002
2.1774170E+001,1.6338834E-002
2.1776170E+001,1.6688132E-002
2.1778170E+001,1.6901096E-002
2.1780170E+001,1.6973567E-002
2.1782170E+001,1.6908827E-002
2.1784170E+001,1.6717565E-002
2.1786170E+001,1.6417474E-002
2.1788170E+001,1.6032457E-002
2.1790170E+001,1.5591481E-002
2.1792170E+001,1.5127161E-002
2.1794170E+001,1.4674151E-002
2.1796170E+001,1.4267416E-002
2.1798170E+001,1.3940504E-002
2.1800170E+001,1.3723921E-002
2.1802170E+001,1.3643733E-002
2.1804170E+001,1.3720479E-002
2.1806170E+001,1.3968398E-002
2.1808170E+001,1.4395003E-002
2.1810170E+001,1.5001015E-002
2.1812170E+001,1.5780675E-002
2.1814170E+001,1.6722371E-002
2.1816170E+001,1.7809500E-002
2.1818170E+001,1.9021596E-002
2.1820170E+001,2.0335878E-002
2.1822170E+001,2.1728618E-002
2.1824170E+001,2.3177732E-002
2.1826170E+001,2.4658518E-002
2.1828170E+001,2.6149967E-002
2.1830170E+001,2.7632889E-002
2.1832170E+001,2.9090047E-002
2.1834170E+001,3.0501703E-002
2.1836170E+001,3.1840158E-002
2.1838170E+001,3.3075441E-002
2.1840170E+001,3.4189897E-002
2.1842170E+001,3.5205121E-002
2.1844170E+001,3.6203936E-002
2.1846170E+001,3.7314693E-002
2.1848170E+001,3.8637249E-002
2.1850170E+001,4.0154339E-002
2.1852170E+001,4.1740379E-002
2.1854170E+001,4.3281332E-002
2.1856170E+001,4.4759645E-002
2.1858170E+001,4.6220207E-002
2.1860170E+001,4.7703819E-002
2.1862170E+001,4.9228189E-002
2.1864170E+001,5.0797157E-002
2.1866170E+001,5.2407157E-002
2.1868170E+001,5.4050131E-002
2.1870170E+001,5.5715865E-002
2.1872170E+001,5.7391735E-002
2.1874170E+001,5.9064164E-002
2.1876170E+001,6.0719184E-002
2.1878170E+001,6.2342749E-002
2.1880170E+001,6.3921357E-002
2.1882170E+001,6.5442638E-002
2.1884170E+001,6.6895571E-002
2.1886170E+001,6.8270832E-002
2.1888170E+001,6.9560728E-002
2.1890170E+001,7.0758901E-002
2.1892170E+001,7.1860162E-002
2.1894170E+001,7.2860357E-002
2.1896170E+001,7.3756281E-002
2.1898170E+001,7.4545788E-002
2.1900170E+001,7.5227871E-002
2.1902170E+001,7.5802482E-002
2.1904170E+001,7.6269971E-002
2.1906170E+001,7.6630200E-002
2.1908170E+001,7.6881681E-002
2.1910170E+001,7.7021330E-002
2.1912170E+001,7.7045235E-002
2.1914170E+001,7.6950202E-002
2.1916170E+001,7.6735201E-002
2.1918170E+001,7.6403303E-002
2.1920170E+001,7.5961243E-002
2.1922170E+001,7.5419964E-002
2.1924170E+001,7.4793902E-002
2.1926170E+001,7.4100918E-002
2.1928170E+001,7.3362109E-002
2.1930170E+001,7.2601488E-002
2.1932170E+001,7.1845521E-002
2.1934170E+001,7.1122539E-002
2.1936170E+001,7.0461828E-002
2.1938170E+001,6.9892520E-002
2.1940170E+001,6.9442419E-002
2.1942170E+001,6.9136812E-002
2.1944170E+001,6.8997308E-002
2.1946170E+001,6.9040746E-002
2.1948170E+001,6.9278116E-002
2.1950170E+001,6.9713558E-002
2.1952170E+001,7.0343724E-002
2.1954170E+001,7.1157638E-002
2.1956170E+001,7.2136865E-002
2.1958170E+001,7.3255473E-002
2.1960170E+001,7.4483108E-002
2.1962170E+001,7.5780674E-002
2.1964170E+001,7.7104941E-002
2.1966170E+001,7.8405880E-002
2.1968170E+001,7.9635135E-002
2.1970170E+001,8.0741617E-002
2.1972170E+001,8.1675781E-002
2.1974170E+001,8.2403731E-002
2.1976170E+001,8.2919312E-002
2.1978170E+001,8.3217613E-002
2.1980170E+001,8.3251450E-002
2.1982170E+001,8.2947643E-002
2.1984170E+001,8.2266646E-002
2.1986170E+001,8.1210759E-002
2.1988170E+001,7.9787436E-002
2.1990170E+001,7.7993227E-002
2.1992170E+001,7.5824361E-002
2.1994170E+001,7.3289815E-002
2.1996170E+001,7.0424212E-002
2.1998170E+001,6.7293887E-002
2.2000170E+001,6.3982331E-002
2.2002170E+001,6.0563432E-002
2.2004170E+001,5.7089463E-002
2.2006170E+001,5.3602283E-002
2.2008170E+001,5.0148100E-002
2.2010170E+001,4.6779727E-002
2.2012170E+001,4.3551135E-002
2.2014170E+001,4.0513594E-002
2.2016170E+001,3.7714453E-002
2.2018170E+001,3.5196028E-002
2.2020170E+001,3.2993664E-002
2.2022170E+001,3.1133267E-002
2.2024170E+001,2.9628927E-002
2.2026170E+001,2.8481350E-002
2.2028170E+001,2.7677476E-002
2.2030170E+001,2.7191273E-002
2.2032170E+001,2.6985434E-002
2.2034170E+001,2.7013656E-002
2.2036170E+001,2.7223282E-002
2.2038170E+001,2.7557696E-002
2.2040170E+001,2.7958762E-002
2.2042170E+001,2.8369006E-002
2.2044170E+001,2.8733408E-002
2.2046170E+001,2.9000725E-002
2.2048170E+001,2.9124349E-002
2.2050170E+001,2.9062884E-002
2.2052170E+001,2.8780603E-002
2.2054170E+001,2.8247902E-002
2.2056170E+001,2.7441820E-002
2.2058170E+001,2.6346876E-002
2.2060170E+001,2.4957642E-002
2.2062170E+001,2.3272510E-002
2.2064170E+001,2.1291488E-002
2.2066170E+001,1.9035405E-002
2.2068170E+001,1.6547011E-002
2.2070170E+001,1.3875213E-002
2.2072170E+001,1.1077638E-002
2.2074170E+001,8.2220577E-003
2.2076170E+001,5.3776761E-003
2.2078170E+001,2.6084063E-003
2.2080170E+001,-3.1653272E-005
2.2082170E+001,-2.5006632E-003
2.2084170E+001,-4.7684550E-003
2.2086170E+001,-6.8139693E-003
2.2088170E+001,-8.6220884E-003
2.2090170E+001,-1.0181192E-002
2.2092170E+001,-1.1482089E-002
2.2094170E+001,-1.2518264E-002
2.2096170E+001,-1.3286683E-002
2.2098170E+001,-1.3788676E-002
2.2100170E+001,-1.4030296E-002
2.2102170E+001,-1.4022068E-002
2.2104170E+001,-1.3778260E-002
2.2106170E+001,-1.3316314E-002
2.2108170E+001,-1.2656410E-002
2.2110170E+001,-1.1820896E-002
2.2112170E+001,-1.0833841E-002
2.2114170E+001,-9.7205990E-003
2.2116170E+001,-8.5074106E-003
2.2118170E+001,-7.2210869E-003
2.2120170E+001,-5.8887397E-003
2.2122170E+001,-4.5375771E-003
2.2124170E+001,-3.1947646E-003
2.2126170E+001,-1.8873233E-003
2.2128170E+001,-6.4199617E-004
2.2130170E+001,5.1502329E-004
2.2132170E+001,1.5586171E-003
2.2134170E+001,2.4655830E-003
2.2136170E+001,3.2156912E-003
2.2138170E+001,3.7927369E-003
2.2140170E+001,4.1854693E-003
2.2142170E+001,4.3884621E-003
2.2144170E+001,4.4028706E-003
2.2146170E+001,4.2367010E-003
2.2148170E+001,3.9043831E-003
2.2150170E+001,3.4257745E-003
2.2152170E+001,2.8248490E-003
2.2154170E+001,2.1283075E-003
2.2156170E+001,1.3641696E-003
2.2158170E+001,5.6040048E-004
2.2160170E+001,-2.5637091E-004
2.2162170E+001,-1.0619975E-003
2.2164170E+001,-1.8357954E-003
2.2166170E+001,-2.5613279E-003
2.2168170E+001,-3.2269603E-003
2.2170170E+001,-3.8261773E-003
2.2172170E+001,-4.3576671E-003
2.2174170E+001,-4.8251756E-003
2.2176170E+001,-5.2371438E-003
2.2178170E+001,-5.6061449E-003
2.2180170E+001,-5.9481673E-003
2.2182170E+001,-6.2817553E-003
2.2184170E+001,-6.6270452E-003
2.2186170E+001,-7.0047882E-003
2.2188170E+001,-7.4353033E-003
2.2190170E+001,-7.9374561E-003
2.2192170E+001,-8.5277120E-003
2.2194170E+001,-9.2192705E-003
2.2196170E+001,-1.0021329E-002
2.2198170E+001,-1.0938342E-002
2.2200170E+001,-1.1968794E-002
2.2202170E+001,-1.3102609E-002
2.2204170E+001,-1.4317233E-002
2.2206170E+001,-1.5575786E-002
2.2208170E+001,-1.6845190E-002
2.2210170E+001,-1.8133932E-002
2.2212170E+001,-1.9519503E-002
2.2214170E+001,-2.1085578E-002
2.2216170E+001,-2.2802414E-002
2.2218170E+001,-2.4531331E-002
2.2220170E+001,-2.6164846E-002
2.2222170E+001,-2.7691311E-002
2.2224170E+001,-2.9136991E-002
2.2226170E+001,-3.0513183E-002
2.2228170E+001,-3.1817487E-002
2.2230170E+001,-3.3047015E-002
2.2232170E+001,-3.4202850E-002
2.2234170E+001,-3.5290098E-002
2.2236170E+001,-3.6317185E-002
2.2238170E+001,-3.7295165E-002
2.2240170E+001,-3.8236975E-002
2.2242170E+001,-3.9156532E-002
2.2244170E+001,-4.0067779E-002
2.2246170E+001,-4.0983799E-002
2.2248170E+001,-4.1915961E-002
2.2250170E+001,-4.2873173E-002
2.2252170E+001,-4.3861309E-002
2.2254170E+001,-4.4882901E-002
2.2256170E+001,-4.5937098E-002
2.2258170E+001,-4.7019885E-002
2.2260170E+001,-4.8124523E-002
2.2262170E+001,-4.9242226E-002
2.2264170E+001,-5.0363054E-002
2.2266170E+001,-5.1476938E-002
2.2268170E+001,-5.2574566E-002
2.2270170E+001,-5.3647871E-002
2.2272170E+001,-5.4689977E-002
2.2274170E+001,-5.5694782E-002
2.2276170E+001,-5.6656643E-002
2.2278170E+001,-5.7570557E-002
2.2280170E+001,-5.8432777E-002
2.2282170E+001,-5.9241426E-002
2.2284170E+001,-5.9996606E-002
2.2286170E+001,-6.0699877E-002
2.2288170E+001,-6.1353363E-002
2.2290170E+001,-6.1958894E-002
2.2292170E+001,-6.2517394E-002
2.2294170E+001,-6.3028556E-002
2.2296170E+001,-6.3490680E-002
2.2298170E+001,-6.3900654E-002
2.2300170E+001,-6.4254051E-002
2.2302170E+001,-6.4545384E-002
2.2304170E+001,-6.4768498E-002
2.2306170E+001,-6.4917115E-002
2.2308170E+001,-6.4985473E-002
2.2310170E+001,-6.4969024E-002
2.2312170E+001,-6.4865021E-002
2.2314170E+001,-6.4673128E-002
2.2316170E+001,-6.4396035E-002
2.2318170E+001,-6.4039890E-002
2.2320170E+001,-6.3614358E-002
2.2322170E+001,-6.3132659E-002
2.2324170E+001,-6.2611267E-002
2.2326170E+001,-6.2069429E-002
2.2328170E+001,-6.1528460E-002
2.2330170E+001,-6.1010869E-002
2.2332170E+001,-6.0539359E-002
2.2334170E+001,-6.0135753E-002
2.2336170E+001,-5.9819935E-002
2.2338170E+001,-5.9608875E-002
2.2340170E+001,-5.9515768E-002
2.2342170E+001,-5.9549335E-002
2.2344170E+001,-5.9713260E-002
2.2346170E+001,-6.0005778E-002
2.2348170E+001,-6.0419526E-002
2.2350170E+001,-6.0941738E-002
2.2352170E+001,-6.1554680E-002
2.2354170E+001,-6.2236120E-002
2.2356170E+001,-6.2959859E-002
2.2358170E+001,-6.3696628E-002
2.2360170E+001,-6.4414520E-002
2.2362170E+001,-6.5079530E-002
2.2364170E+001,-6.5658622E-002
2.2366170E+001,-6.6119562E-002
2.2368170E+001,-6.6431083E-002
2.2370170E+001,-6.6565123E-002
2.2372170E+001,-6.6500907E-002
2.2374170E+001,-6.6228041E-002
2.2376170E+001,-6.5737456E-002
2.2378170E+001,-6.5004952E-002
2.2380170E+001,-6.3995592E-002
2.2382170E+001,-6.2689974E-002
2.2384170E+001,-6.1097466E-002
2.2386170E+001,-5.9248654E-002
2.2388170E+001,-5.7185683E-002
2.2390170E+001,-5.4954136E-002
2.2392170E+001,-5.2596299E-002
2.2394170E+001,-5.0152833E-002
2.2396170E+001,-4.7669002E-002
2.2398170E+001,-4.5195878E-002
2.2400170E+001,-4.2787050E-002
2.2402170E+001,-4.0495754E-002
2.2404170E+001,-3.8373156E-002
2.2406170E+001,-3.6466596E-002
2.2408170E+001,-3.4817503E-002
2.2410170E+001,-3.3459223E-002
2.2412170E+001,-3.2415087E-002
2.2414170E+001,-3.1697121E-002
2.2416170E+001,-3.1305640E-002
2.2418170E+001,-3.1229686E-002
2.2420170E+001,-3.1448088E-002
2.2422170E+001,-3.1930732E-002
2.2424170E+001,-3.2639780E-002
2.2426170E+001,-3.3531059E-002
2.2428170E+001,-3.4555482E-002
2.2430170E+001,-3.5660517E-002
2.2432170E+001,-3.6791637E-002
2.2434170E+001,-3.7893754E-002
2.2436170E+001,-3.8912647E-002
2.2438170E+001,-3.9796449E-002
2.2440170E+001,-4.0497215E-002
2.2442170E+001,-4.0972500E-002
2.2444170E+001,-4.1186852E-002
2.2446170E+001,-4.1113057E-002
2.2448170E+001,-4.0733055E-002
2.2450170E+001,-4.0038647E-002
2.2452170E+001,-3.9031997E-002
2.2454170E+001,-3.7725847E-002
2.2456170E+001,-3.6143423E-002
2.2458170E+001,-3.4317906E-002
2.2460170E+001,-3.2291320E-002
2.2462170E+001,-3.0112930E-002
2.2464170E+001,-2.7838227E-002
2.2466170E+001,-2.5526206E-002
2.2468170E+001,-2.3236649E-002
2.2470170E+001,-2.1023144E-002
2.2472170E+001,-1.8926874E-002
2.2474170E+001,-1.6987292E-002
2.2476170E+001,-1.5254488E-002
2.2478170E+001,-1.3775446E-002
2.2480170E+001,-1.2576047E-002
2.2482170E+001,-1.1666241E-002
2.2484170E+001,-1.1049572E-002
2.2486170E+001,-1.0722234E-002
2.2488170E+001,-1.0671301E-002
2.2490170E+001,-1.0876256E-002
2.2492170E+001,-1.1310701E-002
2.2494170E+001,-1.1943807E-002
2.2496170E+001,-1.2742027E-002
2.2498170E+001,-1.3670655E-002
2.2500170E+001,-1.4695143E-002
2.2502170E+001,-1.5782173E-002
2.2504170E+001,-1.6900484E-002
2.2506170E+001,-1.8021457E-002
2.2508170E+001,-1.9119508E-002
2.2510170E+001,-2.0172268E-002
2.2512170E+001,-2.1160576E-002
2.2514170E+001,-2.2068318E-002
2.2516170E+001,-2.2882142E-002
2.2518170E+001,-2.3591133E-002
2.2520170E+001,-2.4186500E-002
2.2522170E+001,-2.4661358E-002
2.2524170E+001,-2.5010650E-002
2.2526170E+001,-2.5231167E-002
2.2528170E+001,-2.5321622E-002
2.2530170E+001,-2.5282790E-002
2.2532170E+001,-2.5117694E-002
2.2534170E+001,-2.4831754E-002
2.2536170E+001,-2.4432635E-002
2.2538170E+001,-2.3929789E-002
2.2540170E+001,-2.3333830E-002
2.2542170E+001,-2.2655975E-002
2.2544170E+001,-2.1907659E-002
2.2546170E+001,-2.1100344E-002
2.2548170E+001,-2.0245478E-002
2.2550170E+001,-1.9354542E-002
2.2552170E+001,-1.8439091E-002
2.2554170E+001,-1.7510757E-002
2.2556170E+001,-1.6581166E-002
2.2558170E+001,-1.5661804E-002
2.2560170E+001,-1.4763829E-002
2.2562170E+001,-1.3897798E-002
2.2564170E+001,-1.3073308E-002
2.2566170E+001,-1.2298614E-002
2.2568170E+001,-1.1580303E-002
2.2570170E+001,-1.0923009E-002
2.2572170E+001,-1.0329211E-002
2.2574170E+001,-9.7996968E-003
2.2576170E+001,-9.3347415E-003
2.2578170E+001,-8.9342194E-003
2.2580170E+001,-8.5923540E-003
2.2582170E+001,-8.2866682E-003
2.2584170E+001,-7.9777605E-003
2.2586170E+001,-7.6315041E-003
2.2588170E+001,-7.2407892E-003
2.2590170E+001,-6.8157812E-003
2.2592170E+001,-6.3555312E-003
2.2594170E+001,-5.8386759E-003
2.2596170E+001,-5.2376034E-003
2.2598170E+001,-4.5311223E-003
2.2600170E+001,-3.7048192E-003
2.2602170E+001,-2.7476595E-003
2.2604170E+001,-1.6511086E-003
2.2606170E+001,-4.0957435E-004
2.2608170E+001,9.7940353E-004
2.2610170E+001,2.5151184E-003
2.2612170E+001,4.1936369E-003
2.2614170E+001,6.0078080E-003
2.2616170E+001,7.9474074E-003
2.2618170E+001,9.9993481E-003
2.2620170E+001,1.2147823E-002
2.2622170E+001,1.4373678E-002
2.2624170E+001,1.6659081E-002
2.2626170E+001,1.8981010E-002
2.2628170E+001,2.1317756E-002
2.2630170E+001,2.3647856E-002
2.2632170E+001,2.5949116E-002
2.2634170E+001,2.8200414E-002
2.2636170E+001,3.0382041E-002
2.2638170E+001,3.2476230E-002
2.2640170E+001,3.4467003E-002
2.2642170E+001,3.6340089E-002
2.2644170E+001,3.8082972E-002
2.2646170E+001,3.9685065E-002
2.2648170E+001,4.1138256E-002
2.2650170E+001,4.2437886E-002
2.2652170E+001,4.3583709E-002
2.2654170E+001,4.4579902E-002
2.2656170E+001,4.5433836E-002
2.2658170E+001,4.6154547E-002
2.2660170E+001,4.6752034E-002
2.2662170E+001,4.7237450E-002
2.2664170E+001,4.7623432E-002
2.2666170E+001,4.7924005E-002
2.2668170E+001,4.8154095E-002
2.2670170E+001,4.8328906E-002
2.2672170E+001,4.8463301E-002
2.2674170E+001,4.8571289E-002
2.2676170E+001,4.8665735E-002
2.2678170E+001,4.8758293E-002
2.2680170E+001,4.8859455E-002
2.2682170E+001,4.8978537E-002
2.2684170E+001,4.9123565E-002
2.2686170E+001,4.9301112E-002
2.2688170E+001,4.9516214E-002
2.2690170E+001,4.9772384E-002
2.2692170E+001,5.0071708E-002
2.2694170E+001,5.0414976E-002
2.2696170E+001,5.0801848E-002
2.2698170E+001,5.1231051E-002
2.2700170E+001,5.1700585E-002
2.2702170E+001,5.2207908E-002
2.2704170E+001,5.2750079E-002
2.2706170E+001,5.3323849E-002
2.2708170E+001,5.3925729E-002
2.2710170E+001,5.4552015E-002
2.2712170E+001,5.5198799E-002
2.2714170E+001,5.5861926E-002
2.2716170E+001,5.6536939E-002
2.2718170E+001,5.7218994E-002
2.2720170E+001,5.7902779E-002
2.2722170E+001,5.8582461E-002
2.2724170E+001,5.9251662E-002
2.2726170E+001,5.9903464E-002
2.2728170E+001,6.0530463E-002
2.2730170E+001,6.1124835E-002
2.2732170E+001,6.1678459E-002
2.2734170E+001,6.2183047E-002
2.2736170E+001,6.2630315E-002
2.2738170E+001,6.3012170E-002
2.2740170E+001,6.3320906E-002
2.2742170E+001,6.3549413E-002
2.2744170E+001,6.3691381E-002
2.2746170E+001,6.3741501E-002
2.2748170E+001,6.3695610E-002
2.2750170E+001,6.3550825E-002
2.2752170E+001,6.3305622E-002
2.2754170E+001,6.2959998E-002
2.2756170E+001,6.2515624E-002
2.2758170E+001,6.1975774E-002
2.2760170E+001,6.1345309E-002
2.2762170E+001,6.0630581E-002
2.2764170E+001,5.9839311E-002
2.2766170E+001,5.8980442E-002
2.2768170E+001,5.8063942E-002
2.2770170E+001,5.7100531E-002
2.2772170E+001,5.6101420E-002
2.2774170E+001,5.5078250E-002
2.2776170E+001,5.4043316E-002
2.2778170E+001,5.3009713E-002
2.2780170E+001,5.1991034E-002
2.2782170E+001,5.1000709E-002
2.2784170E+001,5.0051513E-002
2.2786170E+001,4.9155489E-002
2.2788170E+001,4.8324050E-002
2.2790170E+001,4.7567918E-002
2.2792170E+001,4.6896727E-002
2.2794170E+001,4.6318268E-002
2.2796170E+001,4.5837637E-002
2.2798170E+001,4.5456692E-002
2.2800170E+001,4.5174089E-002
2.2802170E+001,4.4985794E-002
2.2804170E+001,4.4885706E-002
2.2806170E+001,4.4866093E-002
2.2808170E+001,4.4917822E-002
2.2810170E+001,4.5030497E-002
2.2812170E+001,4.5192641E-002
2.2814170E+001,4.5391935E-002
2.2816170E+001,4.5615505E-002
2.2818170E+001,4.5850196E-002
2.2820170E+001,4.6082843E-002
2.2822170E+001,4.6300488E-002
2.2824170E+001,4.6490557E-002
2.2826170E+001,4.6640945E-002
2.2828170E+001,4.6740040E-002
2.2830170E+001,4.6776679E-002
2.2832170E+001,4.6740098E-002
2.2834170E+001,4.6619941E-002
2.2836170E+001,4.6406433E-002
2.2838170E+001,4.6090848E-002
2.2840170E+001,4.5666308E-002
2.2842170E+001,4.5128800E-002
2.2844170E+001,4.4478083E-002
2.2846170E+001,4.3718286E-002
2.2848170E+001,4.2858021E-002
2.2850170E+001,4.1909183E-002
2.2852170E+001,4.0884856E-002
2.2854170E+001,3.9798042E-002
2.2856170E+001,3.8664582E-002
2.2858170E+001,3.7504117E-002
2.2860170E+001,3.6335511E-002
2.2862170E+001,3.5174522E-002
2.2864170E+001,3.4035356E-002
2.2866170E+001,3.2930774E-002
2.2868170E+001,3.1870835E-002
2.2870170E+001,3.0862417E-002
2.2872170E+001,2.9909183E-002
2.2874170E+001,2.9011703E-002
2.2876170E+001,2.8167830E-002
2.2878170E+001,2.7373282E-002
2.2880170E+001,2.6622380E-002
2.2882170E+001,2.5908872E-002
2.2884170E+001,2.5226778E-002
2.2886170E+001,2.4571176E-002
2.2888170E+001,2.3938866E-002
2.2890170E+001,2.3328854E-002
2.2892170E+001,2.2742627E-002
2.2894170E+001,2.2184206E-002
2.2896170E+001,2.1659965E-002
2.2898170E+001,2.1178254E-002
2.2900170E+001,2.0748850E-002
2.2902170E+001,2.0382285E-002
2.2904170E+001,2.0089093E-002
2.2906170E+001,1.9879050E-002
2.2908170E+001,1.9760433E-002
2.2910170E+001,1.9739377E-002
2.2912170E+001,1.9819410E-002
2.2914170E+001,2.0001124E-002
2.2916170E+001,2.0281961E-002
2.2918170E+001,2.0656218E-002
2.2920170E+001,2.1115208E-002
2.2922170E+001,2.1647553E-002
2.2924170E+001,2.2239618E-002
2.2926170E+001,2.2876031E-002
2.2928170E+001,2.3540283E-002
2.2930170E+001,2.4215346E-002
2.2932170E+001,2.4884305E-002
2.2934170E+001,2.5530947E-002
2.2936170E+001,2.6140293E-002
2.2938170E+001,2.6699004E-002
2.2940170E+001,2.7195647E-002
2.2942170E+001,2.7620880E-002
2.2944170E+001,2.7967610E-002
2.2946170E+001,2.8231107E-002
2.2948170E+001,2.8408979E-002
2.2950170E+001,2.8501008E-002
2.2952170E+001,2.8508905E-002
2.2954170E+001,2.8436040E-002
2.2956170E+001,2.8287152E-002
2.2958170E+001,2.8068068E-002
2.2960170E+001,2.7785410E-002
2.2962170E+001,2.7446306E-002
2.2964170E+001,2.7058118E-002
2.2966170E+001,2.6628175E-002
2.2968170E+001,2.6163531E-002
2.2970170E+001,2.5670733E-002
2.2972170E+001,2.5155596E-002
2.2974170E+001,2.4622975E-002
2.2976170E+001,2.4076537E-002
2.2978170E+001,2.3518567E-002
2.2980170E+001,2.2949787E-002
2.2982170E+001,2.2369212E-002
2.2984170E+001,2.1774024E-002
2.2986170E+001,2.1159493E-002
2.2988170E+001,2.0518968E-002
2.2990170E+001,1.9843927E-002
2.2992170E+001,1.9124133E-002
2.2994170E+001,1.8348406E-002
2.2996170E+001,1.7504830E-002
2.2998170E+001,1.6581526E-002
2.3000170E+001,1.5567867E-002
2.3002170E+001,1.4455044E-002
2.3004170E+001,1.3234751E-002
2.3006170E+001,1.1894767E-002
2.3008170E+001,1.0415805E-002
2.3010170E+001,8.7782427E-003
2.3012170E+001,6.9780169E-003
2.3014170E+001,5.0351436E-003
2.3016170E+001,2.9831899E-003
2.3018170E+001,8.5225286E-004
2.3020170E+001,-1.3350255E-003
2.3022170E+001,-3.5550520E-003
2.3024170E+001,-5.7771343E-003
2.3026170E+001,-7.9653681E-003
2.3028170E+001,-1.0083224E-002
2.3030170E+001,-1.2096583E-002
2.3032170E+001,-1.3975610E-002
2.3034170E+001,-1.5696332E-002
2.3036170E+001,-1.7241819E-002
2.3038170E+001,-1.8602549E-002
2.3040170E+001,-1.9776852E-002
2.3042170E+001,-2.0769323E-002
2.3044170E+001,-2.1591041E-002
2.3046170E+001,-2.2257541E-002
2.3048170E+001,-2.2788139E-002
2.3050170E+001,-2.3204702E-002
2.3052170E+001,-2.3530761E-002
2.3054170E+001,-2.3790810E-002
2.3056170E+001,-2.4009624E-002
2.3058170E+001,-2.4211527E-002
2.3060170E+001,-2.4419826E-002
2.3062170E+001,-2.4656379E-002
2.3064170E+001,-2.4941148E-002
2.3066170E+001,-2.5291672E-002
2.3068170E+001,-2.5722479E-002
2.3070170E+001,-2.6244629E-002
2.3072170E+001,-2.6865550E-002
2.3074170E+001,-2.7589176E-002
2.3076170E+001,-2.8416260E-002
2.3078170E+001,-2.9344760E-002
2.3080170E+001,-3.0370184E-002
2.3082170E+001,-3.1485783E-002
2.3084170E+001,-3.2682646E-002
2.3086170E+001,-3.3949981E-002
2.3088170E+001,-3.5275709E-002
2.3090170E+001,-3.6647143E-002
2.3092170E+001,-3.8051422E-002
2.3094170E+001,-3.9475610E-002
2.3096170E+001,-4.0906646E-002
2.3098170E+001,-4.2331345E-002
2.3100170E+001,-4.3736462E-002
2.3102170E+001,-4.5108792E-002
2.3104170E+001,-4.6435272E-002
2.3106170E+001,-4.7703096E-002
2.3108170E+001,-4.8899828E-002
2.3110170E+001,-5.0013496E-002
2.3112170E+001,-5.1032681E-002
2.3114170E+001,-5.1946651E-002
2.3116170E+001,-5.2745560E-002
2.3118170E+001,-5.3420706E-002
2.3120170E+001,-5.3964801E-002
2.3122170E+001,-5.4372232E-002
2.3124170E+001,-5.4639303E-002
2.3126170E+001,-5.4764445E-002
2.3128170E+001,-5.4748400E-002
2.3130170E+001,-5.4594238E-002
2.3132170E+001,-5.4307499E-002
2.3134170E+001,-5.3896428E-002
2.3136170E+001,-5.3371999E-002
2.3138170E+001,-5.2747927E-002
2.3140170E+001,-5.2040567E-002
2.3142170E+001,-5.1268731E-002
2.3144170E+001,-5.0453400E-002
2.3146170E+001,-4.9617330E-002
2.3148170E+001,-4.8784542E-002
2.3150170E+001,-4.7979708E-002
2.3152170E+001,-4.7227441E-002
2.3154170E+001,-4.6551507E-002
2.3156170E+001,-4.5973991E-002
2.3158170E+001,-4.5514447E-002
2.3160170E+001,-4.5189059E-002
2.3162170E+001,-4.5009908E-002
2.3164170E+001,-4.4984408E-002
2.3166170E+001,-4.5114958E-002
2.3168170E+001,-4.5398658E-002
2.3170170E+001,-4.5827110E-002
2.3172170E+001,-4.6386499E-002
2.3174170E+001,-4.7058090E-002
2.3176170E+001,-4.7819022E-002
2.3178170E+001,-4.8643181E-002
2.3180170E+001,-4.9502134E-002
2.3182170E+001,-5.0366243E-002
2.3184170E+001,-5.1205873E-002
2.3186170E+001,-5.1992668E-002
2.3188170E+001,-5.2700386E-002
2.3190170E+001,-5.3305593E-002
2.3192170E+001,-5.3788800E-002
2.3194170E+001,-5.4134328E-002
2.3196170E+001,-5.4331194E-002
2.3198170E+001,-5.4373938E-002
2.3200170E+001,-5.4261883E-002
2.3202170E+001,-5.3998776E-002
2.3204170E+001,-5.3591890E-002
2.3206170E+001,-5.3051100E-002
2.3208170E+001,-5.2390186E-002
2.3210170E+001,-5.1630108E-002
2.3212170E+001,-5.0799610E-002
2.3214170E+001,-4.9927834E-002
2.3216170E+001,-4.9033809E-002
2.3218170E+001,-4.8126707E-002
2.3220170E+001,-4.7217862E-002
2.3222170E+001,-4.6327426E-002
2.3224170E+001,-4.5478189E-002
2.3226170E+001,-4.4688355E-002
2.3228170E+001,-4.3971030E-002
2.3230170E+001,-4.3335636E-002
2.3232170E+001,-4.2787652E-002
2.3234170E+001,-4.2328488E-002
2.3236170E+001,-4.1956563E-002
2.3238170E+001,-4.1668441E-002
2.3240170E+001,-4.1459280E-002
2.3242170E+001,-4.1322959E-002
2.3244170E+001,-4.1252310E-002
2.3246170E+001,-4.1239498E-002
2.3248170E+001,-4.1276348E-002
2.3250170E+001,-4.1354565E-002
2.3252170E+001,-4.1465863E-002
2.3254170E+001,-4.1602045E-002
2.3256170E+001,-4.1755062E-002
2.3258170E+001,-4.1917076E-002
2.3260170E+001,-4.2080500E-002
2.3262170E+001,-4.2237975E-002
2.3264170E+001,-4.2382260E-002
2.3266170E+001,-4.2506074E-002
2.3268170E+001,-4.2601956E-002
2.3270170E+001,-4.2662206E-002
2.3272170E+001,-4.2678922E-002
2.3274170E+001,-4.2644158E-002
2.3276170E+001,-4.2550186E-002
2.3278170E+001,-4.2389905E-002
2.3280170E+001,-4.2157338E-002
2.3282170E+001,-4.1848168E-002
2.3284170E+001,-4.1460227E-002
2.3286170E+001,-4.0993893E-002
2.3288170E+001,-4.0452424E-002
2.3290170E+001,-3.9842294E-002
2.3292170E+001,-3.9173170E-002
2.3294170E+001,-3.8457504E-002
2.3296170E+001,-3.7709720E-002
2.3298170E+001,-3.6946828E-002
2.3300170E+001,-3.6189612E-002
2.3302170E+001,-3.5461026E-002
2.3304170E+001,-3.4783629E-002
2.3306170E+001,-3.4179211E-002
2.3308170E+001,-3.3668934E-002
2.3310170E+001,-3.3272412E-002
2.3312170E+001,-3.3006722E-002
2.3314170E+001,-3.2885781E-002
2.3316170E+001,-3.2919836E-002
2.3318170E+001,-3.3115107E-002
2.3320170E+001,-3.3473503E-002
2.3322170E+001,-3.3992490E-002
2.3324170E+001,-3.4665116E-002
2.3326170E+001,-3.5480180E-002
2.3328170E+001,-3.6422540E-002
2.3330170E+001,-3.7473553E-002
2.3332170E+001,-3.8611539E-002
2.3334170E+001,-3.9812145E-002
2.3336170E+001,-4.1048543E-002
2.3338170E+001,-4.2291739E-002
2.3340170E+001,-4.3511403E-002
2.3342170E+001,-4.4677184E-002
2.3344170E+001,-4.5760085E-002
2.3346170E+001,-4.6733168E-002
2.3348170E+001,-4.7571180E-002
2.3350170E+001,-4.8251560E-002
2.3352170E+001,-4.8754320E-002
2.3354170E+001,-4.9062701E-002
2.3356170E+001,-4.9163529E-002
2.3358170E+001,-4.9047602E-002
2.3360170E+001,-4.8709876E-002
2.3362170E+001,-4.8149747E-002
2.3364170E+001,-4.7371041E-002
2.3366170E+001,-4.6381705E-002
2.3368170E+001,-4.5193391E-002
2.3370170E+001,-4.3820772E-002
2.3372170E+001,-4.2280899E-002
2.3374170E+001,-4.0592675E-002
2.3376170E+001,-3.8776490E-002
2.3378170E+001,-3.6853966E-002
2.3380170E+001,-3.4847780E-002
2.3382170E+001,-3.2781494E-002
2.3384170E+001,-3.0679257E-002
2.3386170E+001,-2.8565171E-002
2.3388170E+001,-2.6462148E-002
2.3390170E+001,-2.4390972E-002
2.3392170E+001,-2.2369601E-002
2.3394170E+001,-2.0413128E-002
2.3396170E+001,-1.8534451E-002
2.3398170E+001,-1.6744835E-002
2.3400170E+001,-1.5052879E-002
2.3402170E+001,-1.3461760E-002
2.3404170E+001,-1.1967715E-002
2.3406170E+001,-1.0562841E-002
2.3408170E+001,-9.2399544E-003
2.3410170E+001,-7.9935491E-003
2.3412170E+001,-6.8159683E-003
2.3414170E+001,-5.6946942E-003
2.3416170E+001,-4.6143848E-003
2.3418170E+001,-3.5604847E-003
2.3420170E+001,-2.5205316E-003
2.3422170E+001,-1.4835006E-003
2.3424170E+001,-4.3917465E-004
2.3426170E+001,6.2195321E-004
2.3428170E+001,1.7086631E-003
2.3430170E+001,2.8290222E-003
2.3432170E+001,3.9903419E-003
2.3434170E+001,5.1990738E-003
2.3436170E+001,6.4607204E-003
2.3438170E+001,7.7789487E-003
2.3440170E+001,9.1581761E-003
2.3442170E+001,1.0598601E-002
2.3444170E+001,1.2100037E-002
2.3446170E+001,1.3660867E-002
2.3448170E+001,1.5277690E-002
2.3450170E+001,1.6945712E-002
2.3452170E+001,1.8658756E-002
2.3454170E+001,2.0409566E-002
2.3456170E+001,2.2189854E-002
2.3458170E+001,2.3990556E-002
2.3460170E+001,2.5801973E-002
2.3462170E+001,2.7613923E-002
2.3464170E+001,2.9415857E-002
2.3466170E+001,3.1196949E-002
2.3468170E+001,3.2946120E-002
2.3470170E+001,3.4652066E-002
2.3472170E+001,3.6303311E-002
2.3474170E+001,3.7888246E-002
2.3476170E+001,3.9395186E-002
2.3478170E+001,4.0812435E-002
2.3480170E+001,4.2128422E-002
2.3482170E+001,4.3331905E-002
2.3484170E+001,4.4412286E-002
2.3486170E+001,4.5360004E-002
2.3488170E+001,4.6166987E-002
2.3490170E+001,4.6827123E-002
2.3492170E+001,4.7336710E-002
2.3494170E+001,4.7694845E-002
2.3496170E+001,4.7903708E-002
2.3498170E+001,4.7968714E-002
2.3500170E+001,4.7898514E-002
2.3502170E+001,4.7704613E-002
2.3504170E+001,4.7401869E-002
2.3506170E+001,4.7007094E-002
2.3508170E+001,4.6539642E-002
2.3510170E+001,4.6020382E-002
2.3512170E+001,4.5471274E-002
2.3514170E+001,4.4914808E-002
2.3516170E+001,4.4373409E-002
2.3518170E+001,4.3868850E-002
2.3520170E+001,4.3421671E-002
2.3522170E+001,4.3050597E-002
2.3524170E+001,4.2771959E-002
2.3526170E+001,4.2599169E-002
2.3528170E+001,4.2542243E-002
2.3530170E+001,4.2607389E-002
2.3532170E+001,4.2796708E-002
2.3534170E+001,4.3107985E-002
2.3536170E+001,4.3534630E-002
2.3538170E+001,4.4065764E-002
2.3540170E+001,4.4686081E-002
2.3542170E+001,4.5377639E-002
2.3544170E+001,4.6117708E-002
2.3546170E+001,4.6881468E-002
2.3548170E+001,4.7642663E-002
2.3550170E+001,4.8372585E-002
2.3552170E+001,4.9043291E-002
2.3554170E+001,4.9626845E-002
2.3556170E+001,5.0098894E-002
2.3558170E+001,5.0447447E-002
2.3560170E+001,5.0670526E-002
2.3562170E+001,5.0755818E-002
2.3564170E+001,5.0675255E-002
2.3566170E+001,5.0409406E-002
2.3568170E+001,4.9960387E-002
2.3570170E+001,4.9338447E-002
2.3572170E+001,4.8552316E-002
2.3574170E+001,4.7611788E-002
2.3576170E+001,4.6530272E-002
2.3578170E+001,4.5325322E-002
2.3580170E+001,4.4019912E-002
2.3582170E+001,4.2642939E-002
2.3584170E+001,4.1226925E-002
2.3586170E+001,3.9803343E-002
2.3588170E+001,3.8398905E-002
2.3590170E+001,3.7035813E-002
2.3592170E+001,3.5734381E-002
2.3594170E+001,3.4514393E-002
2.3596170E+001,3.3394419E-002
2.3598170E+001,3.2390840E-002
2.3600170E+001,3.1517516E-002
2.3602170E+001,3.0785778E-002
2.3604170E+001,3.0204436E-002
2.3606170E+001,2.9779789E-002
2.3608170E+001,2.9515659E-002
2.3610170E+001,2.9413413E-002
2.3612170E+001,2.9471994E-002
2.3614170E+001,2.9687914E-002
2.3616170E+001,3.0055095E-002
2.3618170E+001,3.0564663E-002
2.3620170E+001,3.1204696E-002
2.3622170E+001,3.1960058E-002
2.3624170E+001,3.2812445E-002
2.3626170E+001,3.3740669E-002
2.3628170E+001,3.4721132E-002
2.3630170E+001,3.5728369E-002
2.3632170E+001,3.6735621E-002
2.3634170E+001,3.7715398E-002
2.3636170E+001,3.8640112E-002
2.3638170E+001,3.9482363E-002
2.3640170E+001,4.0217640E-002
2.3642170E+001,4.0821471E-002
2.3644170E+001,4.1273232E-002
2.3646170E+001,4.1556267E-002
2.3648170E+001,4.1657963E-002
2.3650170E+001,4.1571034E-002
2.3652170E+001,4.1293994E-002
2.3654170E+001,4.0831310E-002
2.3656170E+001,4.0193477E-002
2.3658170E+001,3.9396934E-002
2.3660170E+001,3.8463431E-002
2.3662170E+001,3.7419348E-002
2.3664170E+001,3.6294693E-002
2.3666170E+001,3.5121898E-002
2.3668170E+001,3.3934442E-002
2.3670170E+001,3.2765447E-002
2.3672170E+001,3.1646373E-002
2.3674170E+001,3.0605902E-002
2.3676170E+001,2.9669042E-002
2.3678170E+001,2.8856436E-002
2.3680170E+001,2.8183944E-002
2.3682170E+001,2.7662437E-002
2.3684170E+001,2.7297794E-002
2.3686170E+001,2.7091424E-002
2.3688170E+001,2.7040769E-002
2.3690170E+001,2.7139888E-002
2.3692170E+001,2.7380062E-002
2.3694170E+001,2.7750328E-002
2.3696170E+001,2.8237838E-002
2.3698170E+001,2.8828010E-002
2.3700170E+001,2.9505412E-002
2.3702170E+001,3.0255855E-002
2.3704170E+001,3.1067778E-002
2.3706170E+001,3.1931050E-002
2.3708170E+001,3.2834891E-002
2.3710170E+001,3.3767857E-002
2.3712170E+001,3.4718829E-002
2.3714170E+001,3.5680207E-002
2.3716170E+001,3.6642248E-002
2.3718170E+001,3.7598029E-002
2.3720170E+001,3.8540045E-002
2.3722170E+001,3.9460820E-002
2.3724170E+001,4.0352736E-002
2.3726170E+001,4.1207852E-002
2.3728170E+001,4.2018075E-002
2.3730170E+001,4.2775146E-002
2.3732170E+001,4.3470720E-002
2.3734170E+001,4.4096492E-002
2.3736170E+001,4.4644290E-002
2.3738170E+001,4.5106111E-002
2.3740170E+001,4.5474233E-002
2.3742170E+001,4.5741441E-002
2.3744170E+001,4.5901296E-002
2.3746170E+001,4.5948409E-002
2.3748170E+001,4.5878600E-002
2.3750170E+001,4.5689250E-002
2.3752170E+001,4.5379008E-002
2.3754170E+001,4.4947937E-002
2.3756170E+001,4.4397901E-002
2.3758170E+001,4.3732895E-002
2.3760170E+001,4.2959898E-002
2.3762170E+001,4.2089640E-002
2.3764170E+001,4.1137115E-002
2.3766170E+001,4.0121632E-002
2.3768170E+001,3.9066249E-002
2.3770170E+001,3.7996487E-002
2.3772170E+001,3.6938362E-002
2.3774170E+001,3.5916061E-002
2.3776170E+001,3.4949852E-002
2.3778170E+001,3.4054799E-002
2.3780170E+001,3.3240437E-002
2.3782170E+001,3.2511162E-002
2.3784170E+001,3.1866903E-002
2.3786170E+001,3.1303713E-002
2.3788170E+001,3.0814155E-002
2.3790170E+001,3.0387568E-002
2.3792170E+001,3.0010392E-002
2.3794170E+001,2.9666650E-002
2.3796170E+001,2.9338580E-002
2.3798170E+001,2.9007326E-002
2.3800170E+001,2.8653612E-002
2.3802170E+001,2.8258365E-002
2.3804170E+001,2.7803293E-002
2.3806170E+001,2.7271442E-002
2.3808170E+001,2.6647688E-002
2.3810170E+001,2.5919148E-002
2.3812170E+001,2.5075537E-002
2.3814170E+001,2.4109530E-002
2.3816170E+001,2.3016911E-002
2.3818170E+001,2.1796310E-002
2.3820170E+001,2.0448905E-002
2.3822170E+001,1.8978883E-002
2.3824170E+001,1.7393700E-002
2.3826170E+001,1.5703658E-002
2.3828170E+001,1.3921624E-002
2.3830170E+001,1.2062759E-002
2.3832170E+001,1.0143213E-002
2.3834170E+001,8.1780078E-003
2.3836170E+001,6.1794974E-003
2.3838170E+001,4.1573459E-003
2.3840170E+001,2.1198853E-003
2.3842170E+001,7.5964863E-005
2.3844170E+001,-1.9638525E-003
2.3846170E+001,-3.9875463E-003
2.3848170E+001,-5.9831448E-003
2.3850170E+001,-7.9402357E-003
2.3852170E+001,-9.8502564E-003
2.3854170E+001,-1.1705461E-002
2.3856170E+001,-1.3497565E-002
2.3858170E+001,-1.5217709E-002
2.3860170E+001,-1.6855792E-002
2.3862170E+001,-1.8402185E-002
2.3864170E+001,-1.9847849E-002
2.3866170E+001,-2.1184879E-002
2.3868170E+001,-2.2406801E-002
2.3870170E+001,-2.3508755E-002
2.3872170E+001,-2.4487577E-002
2.3874170E+001,-2.5341791E-002
2.3876170E+001,-2.6071626E-002
2.3878170E+001,-2.6678981E-002
2.3880170E+001,-2.7167436E-002
2.3882170E+001,-2.7542316E-002
2.3884170E+001,-2.7810736E-002
2.3886170E+001,-2.7981611E-002
2.3888170E+001,-2.8065610E-002
2.3890170E+001,-2.8075027E-002
2.3892170E+001,-2.8023551E-002
2.3894170E+001,-2.7925953E-002
2.3896170E+001,-2.7797747E-002
2.3898170E+001,-2.7654728E-002
2.3900170E+001,-2.7512386E-002
2.3902170E+001,-2.7385400E-002
2.3904170E+001,-2.7287142E-002
2.3906170E+001,-2.7229264E-002
2.3908170E+001,-2.7221374E-002
2.3910170E+001,-2.7270805E-002
2.3912170E+001,-2.7382441E-002
2.3914170E+001,-2.7558606E-002
2.3916170E+001,-2.7799090E-002
2.3918170E+001,-2.8100968E-002
2.3920170E+001,-2.8458260E-002
2.3922170E+001,-2.8866129E-002
2.3924170E+001,-2.9320533E-002
2.3926170E+001,-2.9811873E-002
2.3928170E+001,-3.0327807E-002
2.3930170E+001,-3.0859418E-002
2.3932170E+001,-3.1398892E-002
2.3934170E+001,-3.1937993E-002
2.3936170E+001,-3.2469451E-002
2.3938170E+001,-3.2987214E-002
2.3940170E+001,-3.3486424E-002
2.3942170E+001,-3.3963507E-002
2.3944170E+001,-3.4416131E-002
2.3946170E+001,-3.4843120E-002
2.3948170E+001,-3.5244314E-002
2.3950170E+001,-3.5620365E-002
2.3952170E+001,-3.5972500E-002
2.3954170E+001,-3.6302248E-002
2.3956170E+001,-3.6611164E-002
2.3958170E+001,-3.6900561E-002
2.3960170E+001,-3.7171272E-002
2.3962170E+001,-3.7423447E-002
2.3964170E+001,-3.7656403E-002
2.3966170E+001,-3.7868546E-002
2.3968170E+001,-3.8057370E-002
2.3970170E+001,-3.8219539E-002
2.3972170E+001,-3.8351006E-002
2.3974170E+001,-3.8447332E-002
2.3976170E+001,-3.8503899E-002
2.3978170E+001,-3.8516298E-002
2.3980170E+001,-3.8480718E-002
2.3982170E+001,-3.8394275E-002
2.3984170E+001,-3.8255405E-002
2.3986170E+001,-3.8064244E-002
2.3988170E+001,-3.7822866E-002
2.3990170E+001,-3.7535467E-002
2.3992170E+001,-3.7208475E-002
2.3994170E+001,-3.6850407E-002
2.3996170E+001,-3.6471580E-002
2.3998170E+001,-3.6083846E-002
2.4000170E+001,-3.5700161E-002
2.4002170E+001,-3.5333876E-002
2.4004170E+001,-3.4998015E-002
2.4006170E+001,-3.4704666E-002
2.4008170E+001,-3.4464410E-002
2.4010170E+001,-3.4285814E-002
2.4012170E+001,-3.4174987E-002
2.4014170E+001,-3.4135181E-002
2.4016170E+001,-3.4166570E-002
2.4018170E+001,-3.4266273E-002
2.4020170E+001,-3.4428582E-002
2.4022170E+001,-3.4645352E-002
2.4024170E+001,-3.4906520E-002
2.4026170E+001,-3.5200714E-002
2.4028170E+001,-3.5515893E-002
2.4030170E+001,-3.5840000E-002
2.4032170E+001,-3.6161589E-002
2.4034170E+001,-3.6470411E-002
2.4036170E+001,-3.6757904E-002
2.4038170E+001,-3.7017511E-002
2.4040170E+001,-3.7244891E-002
2.4042170E+001,-3.7437916E-002
2.4044170E+001,-3.7596507E-002
2.4046170E+001,-3.7722540E-002
2.4048170E+001,-3.7819385E-002
2.4050170E+001,-3.7891367E-002
2.4052170E+001,-3.7943614E-002
2.4054170E+001,-3.7981033E-002
2.4056170E+001,-3.8007756E-002
2.4058170E+001,-3.8027045E-002
2.4060170E+001,-3.8040732E-002
2.4062170E+001,-3.8049765E-002
2.4064170E+001,-3.8056977E-002
2.4066170E+001,-3.8067964E-002
2.4068170E+001,-3.8086430E-002
2.4070170E+001,-3.8108304E-002
2.4072170E+001,-3.8122498E-002
2.4074170E+001,-3.8118578E-002
2.4076170E+001,-3.8092178E-002
2.4078170E+001,-3.8042803E-002
2.4080170E+001,-3.7969635E-002
2.4082170E+001,-3.7870854E-002
2.4084170E+001,-3.7745057E-002
2.4086170E+001,-3.7591989E-002
2.4088170E+001,-3.7412470E-002
2.4090170E+001,-3.7208350E-002
2.4092170E+001,-3.6982591E-002
2.4094170E+001,-3.6739227E-002
2.4096170E+001,-3.6483186E-002
2.4098170E+001,-3.6220074E-002
2.4100170E+001,-3.5955947E-002
2.4102170E+001,-3.5697111E-002
2.4104170E+001,-3.5449950E-002
2.4106170E+001,-3.5220810E-002
2.4108170E+001,-3.5015950E-002
2.4110170E+001,-3.4841503E-002
2.4112170E+001,-3.4703377E-002
2.4114170E+001,-3.4607027E-002
2.4116170E+001,-3.4557100E-002
2.4118170E+001,-3.4557037E-002
2.4120170E+001,-3.4608728E-002
2.4122170E+001,-3.4712318E-002
2.4124170E+001,-3.4866059E-002
2.4126170E+001,-3.5066130E-002
2.4128170E+001,-3.5306386E-002
2.4130170E+001,-3.5578213E-002
2.4132170E+001,-3.5870629E-002
2.4134170E+001,-3.6170846E-002
2.4136170E+001,-3.6464462E-002
2.4138170E+001,-3.6736305E-002
2.4140170E+001,-3.6970765E-002
2.4142170E+001,-3.7152307E-002
2.4144170E+001,-3.7265867E-002
2.4146170E+001,-3.7297196E-002
2.4148170E+001,-3.7233230E-002
2.4150170E+001,-3.7062625E-002
2.4152170E+001,-3.6776575E-002
2.4154170E+001,-3.6369744E-002
2.4156170E+001,-3.5841122E-002
2.4158170E+001,-3.5194732E-002
2.4160170E+001,-3.4439972E-002
2.4162170E+001,-3.3591647E-002
2.4164170E+001,-3.2669523E-002
2.4166170E+001,-3.1697223E-002
2.4168170E+001,-3.0700473E-002
2.4170170E+001,-2.9705017E-002
2.4172170E+001,-2.8734871E-002
2.4174170E+001,-2.7811582E-002
2.4176170E+001,-2.6954318E-002
2.4178170E+001,-2.6179762E-002
2.4180170E+001,-2.5501404E-002
2.4182170E+001,-2.4928777E-002
2.4184170E+001,-2.4466899E-002
2.4186170E+001,-2.4115812E-002
2.4188170E+001,-2.3870389E-002
2.4190170E+001,-2.3720595E-002
2.4192170E+001,-2.3652131E-002
2.4194170E+001,-2.3647291E-002
2.4196170E+001,-2.3685933E-002
2.4198170E+001,-2.3746421E-002
2.4200170E+001,-2.3806293E-002
2.4202170E+001,-2.3842929E-002
2.4204170E+001,-2.3834223E-002
2.4206170E+001,-2.3758882E-002
2.4208170E+001,-2.3596815E-002
2.4210170E+001,-2.3329970E-002
2.4212170E+001,-2.2942803E-002
2.4214170E+001,-2.2422323E-002
2.4216170E+001,-2.1759184E-002
2.4218170E+001,-2.0947729E-002
2.4220170E+001,-1.9985848E-002
2.4222170E+001,-1.8875282E-002
2.4224170E+001,-1.7621482E-002
2.4226170E+001,-1.6233318E-002
2.4228170E+001,-1.4722759E-002
2.4230170E+001,-1.3104450E-002
2.4232170E+001,-1.1395264E-002
2.4234170E+001,-9.6138395E-003
2.4236170E+001,-7.7801170E-003
2.4238170E+001,-5.9148681E-003
2.4240170E+001,-4.0392575E-003
2.4242170E+001,-2.1745631E-003
2.4244170E+001,-3.4150818E-004
2.4246170E+001,1.4399930E-003
2.4248170E+001,3.1511023E-003
2.4250170E+001,4.7744143E-003
2.4252170E+001,6.2936121E-003
2.4254170E+001,7.6961937E-003
2.4256170E+001,8.9682972E-003
2.4258170E+001,1.0100708E-002
2.4260170E+001,1.1085902E-002
2.4262170E+001,1.1918778E-002
2.4264170E+001,1.2596927E-002
2.4266170E+001,1.3120681E-002
2.4268170E+001,1.3493241E-002
2.4270170E+001,1.3720661E-002
2.4272170E+001,1.3811745E-002
2.4274170E+001,1.3777815E-002
2.4276170E+001,1.3632644E-002
2.4278170E+001,1.3391990E-002
2.4280170E+001,1.3073148E-002
2.4282170E+001,1.2694537E-002
2.4284170E+001,1.2274992E-002
2.4286170E+001,1.1833245E-002
2.4288170E+001,1.1387346E-002
2.4290170E+001,1.0954168E-002
2.4292170E+001,1.0548954E-002
2.4294170E+001,1.0184983E-002
2.4296170E+001,9.8733917E-003
2.4298170E+001,9.6230577E-003
2.4300170E+001,9.4405040E-003
2.4302170E+001,9.3299199E-003
2.4304170E+001,9.2932716E-003
2.4306170E+001,9.3304621E-003
2.4308170E+001,9.4395352E-003
2.4310170E+001,9.6169027E-003
2.4312170E+001,9.8575920E-003
2.4314170E+001,1.0155483E-002
2.4316170E+001,1.0503520E-002
2.4318170E+001,1.0893901E-002
2.4320170E+001,1.1318297E-002
2.4322170E+001,1.1767842E-002
2.4324170E+001,1.2234681E-002
2.4326170E+001,1.2709354E-002
2.4328170E+001,1.3183753E-002
2.4330170E+001,1.3649615E-002
2.4332170E+001,1.4098651E-002
2.4334170E+001,1.4522770E-002
2.4336170E+001,1.4914033E-002
2.4338170E+001,1.5266587E-002
2.4340170E+001,1.5580944E-002
2.4342170E+001,1.5861741E-002
2.4344170E+001,1.6108037E-002
2.4346170E+001,1.6311370E-002
2.4348170E+001,1.6466693E-002
2.4350170E+001,1.6578366E-002
2.4352170E+001,1.6654619E-002
2.4354170E+001,1.6703101E-002
2.4356170E+001,1.6731859E-002
2.4358170E+001,1.6750236E-002
2.4360170E+001,1.6768707E-002
2.4362170E+001,1.6798125E-002
2.4364170E+001,1.6849479E-002
2.4366170E+001,1.6933691E-002
2.4368170E+001,1.7060610E-002
2.4370170E+001,1.7239248E-002
2.4372170E+001,1.7477099E-002
2.4374170E+001,1.7779938E-002
2.4376170E+001,1.8151625E-002
2.4378170E+001,1.8593991E-002
2.4380170E+001,1.9106809E-002
2.4382170E+001,1.9687831E-002
2.4384170E+001,2.0332898E-002
2.4386170E+001,2.1036105E-002
2.4388170E+001,2.1790015E-002
2.4390170E+001,2.2585900E-002
2.4392170E+001,2.3414022E-002
2.4394170E+001,2.4263906E-002
2.4396170E+001,2.5124632E-002
2.4398170E+001,2.5985087E-002
2.4400170E+001,2.6834197E-002
2.4402170E+001,2.7661127E-002
2.4404170E+001,2.8455482E-002
2.4406170E+001,2.9207543E-002
2.4408170E+001,2.9908522E-002
2.4410170E+001,3.0550824E-002
2.4412170E+001,3.1128268E-002
2.4414170E+001,3.1636264E-002
2.4416170E+001,3.2071956E-002
2.4418170E+001,3.2434344E-002
2.4420170E+001,3.2724393E-002
2.4422170E+001,3.2945117E-002
2.4424170E+001,3.3101606E-002
2.4426170E+001,3.3200990E-002
2.4428170E+001,3.3252327E-002
2.4430170E+001,3.3266404E-002
2.4432170E+001,3.3255475E-002
2.4434170E+001,3.3232909E-002
2.4436170E+001,3.3212794E-002
2.4438170E+001,3.3209483E-002
2.4440170E+001,3.3237120E-002
2.4442170E+001,3.3309187E-002
2.4444170E+001,3.3438022E-002
2.4446170E+001,3.3634433E-002
2.4448170E+001,3.3907359E-002
2.4450170E+001,3.4263609E-002
2.4452170E+001,3.4707687E-002
2.4454170E+001,3.5241714E-002
2.4456170E+001,3.5865442E-002
2.4458170E+001,3.6576349E-002
2.4460170E+001,3.7369805E-002
2.4462170E+001,3.8239298E-002
2.4464170E+001,3.9176685E-002
2.4466170E+001,4.0172474E-002
2.4468170E+001,4.1216092E-002
2.4470170E+001,4.2296142E-002
2.4472170E+001,4.3400620E-002
2.4474170E+001,4.4517093E-002
2.4476170E+001,4.5632834E-002
2.4478170E+001,4.6734916E-002
2.4480170E+001,4.7810300E-002
2.4482170E+001,4.8845886E-002
2.4484170E+001,4.9828624E-002
2.4486170E+001,5.0745433E-002
2.4488170E+001,5.1583210E-002
2.4490170E+001,5.2329234E-002
2.4492170E+001,5.2971325E-002
2.4494170E+001,5.3498235E-002
2.4496170E+001,5.3899538E-002
2.4498170E+001,5.4166570E-002
2.4500170E+001,5.4292660E-002
2.4502170E+001,5.4272822E-002
2.4504170E+001,5.4103752E-002
2.4506170E+001,5.3785112E-002
2.4508170E+001,5.3319143E-002
2.4510170E+001,5.2711315E-002
2.4512170E+001,5.1969947E-002
2.4514170E+001,5.1105930E-002
2.4516170E+001,5.0132544E-002
2.4518170E+001,4.9065525E-002
2.4520170E+001,4.7923007E-002
2.4522170E+001,4.6724442E-002
2.4524170E+001,4.5490891E-002
2.4526170E+001,4.4243183E-002
2.4528170E+001,4.3001840E-002
2.4530170E+001,4.1786592E-002
2.4532170E+001,4.0616463E-002
2.4534170E+001,3.9509637E-002
2.4536170E+001,3.8482871E-002
2.4538170E+001,3.7550567E-002
2.4540170E+001,3.6724160E-002
2.4542170E+001,3.6011978E-002
2.4544170E+001,3.5419329E-002
2.4546170E+001,3.4948612E-002
2.4548170E+001,3.4599480E-002
2.4550170E+001,3.4369002E-002
2.4552170E+001,3.4251806E-002
2.4554170E+001,3.4240220E-002
2.4556170E+001,3.4324505E-002
2.4558170E+001,3.4493108E-002
2.4560170E+001,3.4732891E-002
2.4562170E+001,3.5029376E-002
2.4564170E+001,3.5366899E-002
2.4566170E+001,3.5728847E-002
2.4568170E+001,3.6097943E-002
2.4570170E+001,3.6456605E-002
2.4572170E+001,3.6787395E-002
2.4574170E+001,3.7073450E-002
2.4576170E+001,3.7298856E-002
2.4578170E+001,3.7448855E-002
2.4580170E+001,3.7509900E-002
2.4582170E+001,3.7469645E-002
2.4584170E+001,3.7316968E-002
2.4586170E+001,3.7042111E-002
2.4588170E+001,3.6636879E-002
2.4590170E+001,3.6094807E-002
2.4592170E+001,3.5411248E-002
2.4594170E+001,3.4583371E-002
2.4596170E+001,3.3610252E-002
2.4598170E+001,3.2494205E-002
2.4600170E+001,3.1241025E-002
2.4602170E+001,2.9860694E-002
2.4604170E+001,2.8365500E-002
2.4606170E+001,2.6769316E-002
2.4608170E+001,2.5090942E-002
2.4610170E+001,2.3353453E-002
2.4612170E+001,2.1576631E-002
2.4614170E+001,1.9774309E-002
2.4616170E+001,1.7958892E-002
2.4618170E+001,1.6144486E-002
2.4620170E+001,1.4347121E-002
2.4622170E+001,1.2584365E-002
2.4624170E+001,1.0874106E-002
2.4626170E+001,9.2324139E-003
2.4628170E+001,7.6713424E-003
2.4630170E+001,6.1973521E-003
2.4632170E+001,4.8108458E-003
2.4634170E+001,3.5069776E-003
2.4636170E+001,2.2774646E-003
2.4638170E+001,1.1128201E-003
2.4640170E+001,4.3690600E-006
2.4642170E+001,-1.0544123E-003
2.4644170E+001,-2.0673769E-003
2.4646170E+001,-3.0358657E-003
2.4648170E+001,-3.9592561E-003
2.4650170E+001,-4.8356174E-003
2.4652170E+001,-5.6622992E-003
2.4654170E+001,-6.4363996E-003
2.4656170E+001,-7.1551088E-003
2.4658170E+001,-7.8159950E-003
2.4660170E+001,-8.4172188E-003
2.4662170E+001,-8.9577650E-003
2.4664170E+001,-9.4376067E-003
2.4666170E+001,-9.8577955E-003
2.4668170E+001,-1.0220523E-002
2.4670170E+001,-1.0529108E-002
2.4672170E+001,-1.0787863E-002
2.4674170E+001,-1.1001902E-002
2.4676170E+001,-1.1176831E-002
2.4678170E+001,-1.1318354E-002
2.4680170E+001,-1.1431892E-002
2.4682170E+001,-1.1522218E-002
2.4684170E+001,-1.1593181E-002
2.4686170E+001,-1.1647491E-002
2.4688170E+001,-1.1686586E-002
2.4690170E+001,-1.1710551E-002
2.4692170E+001,-1.1718084E-002
2.4694170E+001,-1.1706513E-002
2.4696170E+001,-1.1671880E-002
2.4698170E+001,-1.1609082E-002
2.4700170E+001,-1.1512160E-002
2.4702170E+001,-1.1374651E-002
2.4704170E+001,-1.1190051E-002
2.4706170E+001,-1.0952328E-002
2.4708170E+001,-1.0656463E-002
2.4710170E+001,-1.0298975E-002
2.4712170E+001,-9.8783767E-003
2.4714170E+001,-9.3955293E-003
2.4716170E+001,-8.8538627E-003
2.4718170E+001,-8.2594979E-003
2.4720170E+001,-7.6213060E-003
2.4722170E+001,-6.9508620E-003
2.4724170E+001,-6.2621571E-003
2.4726170E+001,-5.5710317E-003
2.4728170E+001,-4.8944817E-003
2.4730170E+001,-4.2499990E-003
2.4732170E+001,-3.6549573E-003
2.4734170E+001,-3.1259907E-003
2.4736170E+001,-2.6783747E-003
2.4738170E+001,-2.3254599E-003
2.4740170E+001,-2.0781919E-003
2.4742170E+001,-1.9447331E-003
2.4744170E+001,-1.9301956E-003
2.4746170E+001,-2.0364993E-003
2.4748170E+001,-2.2623328E-003
2.4750170E+001,-2.6032088E-003
2.4752170E+001,-3.0516351E-003
2.4754170E+001,-3.5973781E-003
2.4756170E+001,-4.2278060E-003
2.4758170E+001,-4.9282973E-003
2.4760170E+001,-5.6827113E-003
2.4762170E+001,-6.4739205E-003
2.4764170E+001,-7.2843892E-003
2.4766170E+001,-8.0967510E-003
2.4768170E+001,-8.8943820E-003
2.4770170E+001,-9.6621291E-003
2.4772170E+001,-1.0386302E-002
2.4774170E+001,-1.1055853E-002
2.4776170E+001,-1.1662394E-002
2.4778170E+001,-1.2200354E-002
2.4780170E+001,-1.2667811E-002
2.4782170E+001,-1.3066185E-002
2.4784170E+001,-1.3399900E-002
2.4786170E+001,-1.3676350E-002
2.4788170E+001,-1.3905715E-002
2.4790170E+001,-1.4100711E-002
2.4792170E+001,-1.4276018E-002
2.4794170E+001,-1.4447389E-002
2.4796170E+001,-1.4630592E-002
2.4798170E+001,-1.4840474E-002
2.4800170E+001,-1.5090163E-002
2.4802170E+001,-1.5390341E-002
2.4804170E+001,-1.5749206E-002
2.4806170E+001,-1.6174631E-002
2.4808170E+001,-1.6678451E-002
2.4810170E+001,-1.7278330E-002
2.4812170E+001,-1.7991570E-002
2.4814170E+001,-1.8823254E-002
2.4816170E+001,-1.9760356E-002
2.4818170E+001,-2.0779692E-002
2.4820170E+001,-2.1862636E-002
2.4822170E+001,-2.3002181E-002
2.4824170E+001,-2.4198050E-002
2.4826170E+001,-2.5448705E-002
2.4828170E+001,-2.6748661E-002
2.4830170E+001,-2.8090400E-002
2.4832170E+001,-2.9466301E-002
2.4834170E+001,-3.0868967E-002
2.4836170E+001,-3.2290927E-002
2.4838170E+001,-3.3724434E-002
2.4840170E+001,-3.5161317E-002
2.4842170E+001,-3.6592855E-002
2.4844170E+001,-3.8009697E-002
2.4846170E+001,-3.9401836E-002
2.4848170E+001,-4.0758648E-002
2.4850170E+001,-4.2069038E-002
2.4852170E+001,-4.3321753E-002
2.4854170E+001,-4.4505684E-002
2.4856170E+001,-4.5610367E-002
2.4858170E+001,-4.6626494E-002
2.4860170E+001,-4.7546426E-002
2.4862170E+001,-4.8364671E-002
2.4864170E+001,-4.9078312E-002
2.4866170E+001,-4.9687278E-002
2.4868170E+001,-5.0194398E-002
2.4870170E+001,-5.0605208E-002
2.4872170E+001,-5.0927562E-002
2.4874170E+001,-5.1171115E-002
2.4876170E+001,-5.1346768E-002
2.4878170E+001,-5.1466136E-002
2.4880170E+001,-5.1541025E-002
2.4882170E+001,-5.1582876E-002
2.4884170E+001,-5.1602133E-002
2.4886170E+001,-5.1607612E-002
2.4888170E+001,-5.1605941E-002
2.4890170E+001,-5.1601165E-002
2.4892170E+001,-5.1594568E-002
2.4894170E+001,-5.1584713E-002
2.4896170E+001,-5.1567683E-002
2.4898170E+001,-5.1537487E-002
2.4900170E+001,-5.1486547E-002
2.4902170E+001,-5.1406284E-002
2.4904170E+001,-5.1287818E-002
2.4906170E+001,-5.1122618E-002
2.4908170E+001,-5.0903088E-002
2.4910170E+001,-5.0623272E-002
2.4912170E+001,-5.0279759E-002
2.4914170E+001,-4.9872158E-002
2.4916170E+001,-4.9402547E-002
2.4918170E+001,-4.8874570E-002
2.4920170E+001,-4.8293384E-002
2.4922170E+001,-4.7666360E-002
2.4924170E+001,-4.7003422E-002
2.4926170E+001,-4.6316635E-002
2.4928170E+001,-4.5619390E-002
2.4930170E+001,-4.4925496E-002
2.4932170E+001,-4.4248414E-002
2.4934170E+001,-4.3600777E-002
2.4936170E+001,-4.2994161E-002
2.4938170E+001,-4.2438887E-002
2.4940170E+001,-4.1943798E-002
2.4942170E+001,-4.1516063E-002
2.4944170E+001,-4.1161109E-002
2.4946170E+001,-4.0882596E-002
2.4948170E+001,-4.0682385E-002
2.4950170E+001,-4.0560491E-002
2.4952170E+001,-4.0515059E-002
2.4954170E+001,-4.0542360E-002
2.4956170E+001,-4.0636795E-002
2.4958170E+001,-4.0790897E-002
2.4960170E+001,-4.0995365E-002
2.4962170E+001,-4.1239130E-002
2.4964170E+001,-4.1509475E-002
2.4966170E+001,-4.1792218E-002
2.4968170E+001,-4.2071971E-002
2.4970170E+001,-4.2332463E-002
2.4972170E+001,-4.2556941E-002
2.4974170E+001,-4.2728640E-002
2.4976170E+001,-4.2831307E-002
2.4978170E+001,-4.2849764E-002
2.4980170E+001,-4.2770464E-002
2.4982170E+001,-4.2582022E-002
2.4984170E+001,-4.2275661E-002
2.4986170E+001,-4.1845551E-002
2.4988170E+001,-4.1289010E-002
2.4990170E+001,-4.0606565E-002
2.4992170E+001,-3.9801851E-002
2.4994170E+001,-3.8881514E-002
2.4996170E+001,-3.7854848E-002
2.4998170E+001,-3.6733145E-002
2.5000170E+001,-3.5528446E-002
2.5002170E+001,-3.4253560E-002
2.5004170E+001,-3.2924030E-002
2.5006170E+001,-3.1557568E-002
2.5008170E+001,-3.0170686E-002
2.5010170E+001,-2.8777524E-002
2.5012170E+001,-2.7390634E-002
2.5014170E+001,-2.6020758E-002
2.5016170E+001,-2.4676204E-002
2.5018170E+001,-2.3362736E-002
2.5020170E+001,-2.2083602E-002
2.5022170E+001,-2.0839623E-002
2.5024170E+001,-1.9629456E-002
2.5026170E+001,-1.8450097E-002
2.5028170E+001,-1.7297598E-002
2.5030170E+001,-1.6167905E-002
2.5032170E+001,-1.5057634E-002
2.5034170E+001,-1.3964602E-002
2.5036170E+001,-1.2888000E-002
2.5038170E+001,-1.1828171E-002
2.5040170E+001,-1.0786148E-002
2.5042170E+001,-9.7631568E-003
2.5044170E+001,-8.7603201E-003
2.5046170E+001,-7.7786706E-003
2.5048170E+001,-6.8194639E-003
2.5050170E+001,-5.8846080E-003
2.5052170E+001,-4.9769930E-003
2.5054170E+001,-4.1005663E-003
2.5056170E+001,-3.2601418E-003
2.5058170E+001,-2.4609590E-003
2.5060170E+001,-1.7082363E-003
2.5062170E+001,-1.0066839E-003
2.5064170E+001,-3.6019446E-004
2.5066170E+001,2.2830057E-004
2.5068170E+001,7.5694479E-004
2.5070170E+001,1.2249833E-003
2.5072170E+001,1.6326500E-003
2.5074170E+001,1.9812735E-003
2.5076170E+001,2.2733197E-003
2.5078170E+001,2.5123395E-003
2.5080170E+001,2.7028510E-003
2.5082170E+001,2.8502470E-003
2.5084170E+001,2.9606252E-003
2.5086170E+001,3.0405162E-003
2.5088170E+001,3.0966015E-003
2.5090170E+001,3.1354383E-003
2.5092170E+001,3.1632137E-003
2.5094170E+001,3.1855050E-003
2.5096170E+001,3.2071531E-003
2.5098170E+001,3.2321684E-003
2.5100170E+001,3.2636946E-003
2.5102170E+001,3.3040543E-003
2.5104170E+001,3.3548311E-003
2.5106170E+001,3.4169926E-003
2.5108170E+001,3.4910403E-003
2.5110170E+001,3.5771802E-003
2.5112170E+001,3.6755092E-003
2.5114170E+001,3.7862082E-003
2.5116170E+001,3.9096905E-003
2.5118170E+001,4.0469045E-003
2.5120170E+001,4.1991527E-003
2.5122170E+001,4.3684938E-003
2.5124170E+001,4.5574743E-003
2.5126170E+001,4.7693979E-003
2.5128170E+001,5.0076241E-003
2.5130170E+001,5.2759972E-003
2.5132170E+001,5.5781812E-003
2.5134170E+001,5.9176039E-003
2.5136170E+001,6.2968915E-003
2.5138170E+001,6.7178715E-003
2.5140170E+001,7.1811098E-003
2.5142170E+001,7.6857479E-003
2.5144170E+001,8.2292672E-003
2.5146170E+001,8.8075347E-003
2.5148170E+001,9.4148029E-003
2.5150170E+001,1.0043771E-002
2.5152170E+001,1.0685880E-002
2.5154170E+001,1.1331633E-002
2.5156170E+001,1.1970986E-002
2.5158170E+001,1.2593764E-002
2.5160170E+001,1.3190146E-002
2.5162170E+001,1.3751127E-002
2.5164170E+001,1.4268970E-002
2.5166170E+001,1.4737620E-002
2.5168170E+001,1.5153056E-002
2.5170170E+001,1.5513577E-002
2.5172170E+001,1.5819996E-002
2.5174170E+001,1.6075731E-002
2.5176170E+001,1.6286787E-002
2.5178170E+001,1.6461632E-002
2.5180170E+001,1.6610962E-002
2.5182170E+001,1.6747373E-002
2.5184170E+001,1.6884956E-002
2.5186170E+001,1.7038831E-002
2.5188170E+001,1.7224648E-002
2.5190170E+001,1.7458065E-002
2.5192170E+001,1.7754236E-002
2.5194170E+001,1.8127306E-002
2.5196170E+001,1.8589939E-002
2.5198170E+001,1.9152891E-002
2.5200170E+001,1.9824630E-002
2.5202170E+001,2.0611023E-002
2.5204170E+001,2.1515091E-002
2.5206170E+001,2.2536845E-002
2.5208170E+001,2.3673210E-002
2.5210170E+001,2.4918048E-002
2.5212170E+001,2.6262276E-002
2.5214170E+001,2.7694085E-002
2.5216170E+001,2.9199242E-002
2.5218170E+001,3.0761483E-002
2.5220170E+001,3.2362967E-002
2.5222170E+001,3.3984778E-002
2.5224170E+001,3.5607462E-002
2.5226170E+001,3.7211570E-002
2.5228170E+001,3.8778163E-002
2.5230170E+001,4.0289354E-002
2.5232170E+001,4.1728687E-002
2.5234170E+001,4.3081525E-002
2.5236170E+001,4.4335314E-002
2.5238170E+001,4.5479768E-002
2.5240170E+001,4.6506934E-002
2.5242170E+001,4.7411184E-002
2.5244170E+001,4.8189111E-002
2.5246170E+001,4.8839360E-002
2.5248170E+001,4.9362408E-002
2.5250170E+001,4.9760312E-002
2.5252170E+001,5.0036452E-002
2.5254170E+001,5.0195287E-002
2.5256170E+001,5.0242137E-002
2.5258170E+001,5.0182997E-002
2.5260170E+001,5.0024183E-002
2.5262170E+001,4.9772993E-002
2.5264170E+001,4.9436588E-002
2.5266170E+001,4.9023059E-002
2.5268170E+001,4.8540999E-002
2.5270170E+001,4.7999577E-002
2.5272170E+001,4.7408581E-002
2.5274170E+001,4.6778402E-002
2.5276170E+001,4.6119931E-002
2.5278170E+001,4.5444407E-002
2.5280170E+001,4.4763203E-002
2.5282170E+001,4.4087552E-002
2.5284170E+001,4.3428226E-002
2.5286170E+001,4.2795186E-002
2.5288170E+001,4.2197218E-002
2.5290170E+001,4.1641613E-002
2.5292170E+001,4.1133997E-002
2.5294170E+001,4.0678354E-002
2.5296170E+001,4.0277098E-002
2.5298170E+001,3.9931034E-002
2.5300170E+001,3.9639142E-002
2.5302170E+001,3.9398802E-002
2.5304170E+001,3.9205984E-002
2.5306170E+001,3.9055587E-002
2.5308170E+001,3.8941899E-002
2.5310170E+001,3.8858908E-002
2.5312170E+001,3.8800621E-002
2.5314170E+001,3.8761366E-002
2.5316170E+001,3.8736048E-002
2.5318170E+001,3.8720350E-002
2.5320170E+001,3.8710879E-002
2.5322170E+001,3.8705245E-002
2.5324170E+001,3.8702092E-002
2.5326170E+001,3.8701054E-002
2.5328170E+001,3.8702669E-002
2.5330170E+001,3.8708228E-002
2.5332170E+001,3.8719592E-002
2.5334170E+001,3.8738958E-002
2.5336170E+001,3.8768617E-002
2.5338170E+001,3.8810665E-002
2.5340170E+001,3.8866729E-002
2.5342170E+001,3.8937685E-002
2.5344170E+001,3.9023404E-002
2.5346170E+001,3.9122521E-002
2.5348170E+001,3.9232264E-002
2.5350170E+001,3.9348337E-002
2.5352170E+001,3.9464884E-002
2.5354170E+001,3.9574530E-002
2.5356170E+001,3.9668509E-002
2.5358170E+001,3.9736890E-002
2.5360170E+001,3.9768887E-002
2.5362170E+001,3.9753260E-002
2.5364170E+001,3.9678784E-002
2.5366170E+001,3.9534788E-002
2.5368170E+001,3.9311716E-002
2.5370170E+001,3.9001711E-002
2.5372170E+001,3.8599178E-002
2.5374170E+001,3.8101100E-002
2.5376170E+001,3.7507607E-002
2.5378170E+001,3.6821893E-002
2.5380170E+001,3.6050188E-002
2.5382170E+001,3.5201596E-002
2.5384170E+001,3.4287384E-002
2.5386170E+001,3.3320735E-002
2.5388170E+001,3.2317861E-002
2.5390170E+001,3.1298577E-002
2.5392170E+001,3.0284173E-002
2.5394170E+001,2.9294633E-002
2.5396170E+001,2.8347861E-002
2.5398170E+001,2.7459730E-002
2.5400170E+001,2.6643365E-002
2.5402170E+001,2.5908212E-002
2.5404170E+001,2.5259564E-002
2.5406170E+001,2.4698470E-002
2.5408170E+001,2.4221826E-002
2.5410170E+001,2.3822640E-002
2.5412170E+001,2.3490448E-002
2.5414170E+001,2.3211841E-002
2.5416170E+001,2.2971107E-002
2.5418170E+001,2.2750942E-002
2.5420170E+001,2.2533217E-002
2.5422170E+001,2.2299744E-002
2.5424170E+001,2.2033012E-002
2.5426170E+001,2.1716893E-002
2.5428170E+001,2.1337264E-002
2.5430170E+001,2.0882559E-002
2.5432170E+001,2.0344230E-002
2.5434170E+001,1.9717139E-002
2.5436170E+001,1.8999869E-002
2.5438170E+001,1.8194991E-002
2.5440170E+001,1.7309254E-002
2.5442170E+001,1.6353681E-002
2.5444170E+001,1.5343498E-002
2.5446170E+001,1.4297796E-002
2.5448170E+001,1.3238852E-002
2.5450170E+001,1.2191087E-002
2.5452170E+001,1.1179712E-002
2.5454170E+001,1.0229233E-002
2.5456170E+001,9.3620075E-003
2.5458170E+001,8.5970339E-003
2.5460170E+001,7.9490838E-003
2.5462170E+001,7.4281726E-003
2.5464170E+001,7.0393181E-003
2.5466170E+001,6.7825098E-003
2.5468170E+001,6.6528432E-003
2.5470170E+001,6.6408101E-003
2.5472170E+001,6.7327889E-003
2.5474170E+001,6.9116278E-003
2.5476170E+001,7.1574172E-003
2.5478170E+001,7.4483948E-003
2.5480170E+001,7.7619352E-003
2.5482170E+001,8.0755742E-003
2.5484170E+001,8.3680031E-003
2.5486170E+001,8.6199877E-003
2.5488170E+001,8.8151760E-003
2.5490170E+001,8.9407568E-003
2.5492170E+001,8.9879356E-003
2.5494170E+001,8.9522034E-003
2.5496170E+001,8.8333739E-003
2.5498170E+001,8.6353899E-003
2.5500170E+001,8.3658901E-003
2.5502170E+001,8.0355589E-003
2.5504170E+001,7.6573094E-003
2.5506170E+001,7.2453497E-003
2.5508170E+001,6.8141729E-003
2.5510170E+001,6.3775238E-003
2.5512170E+001,5.9482100E-003
2.5514170E+001,5.5366169E-003
2.5516170E+001,5.1491363E-003
2.5518170E+001,4.7859943E-003
2.5520170E+001,4.4447922E-003
2.5522170E+001,4.1255997E-003
2.5524170E+001,3.8271983E-003
2.5526170E+001,3.5425210E-003
2.5528170E+001,3.2619448E-003
2.5530170E+001,2.9767327E-003
2.5532170E+001,2.6789361E-003
2.5534170E+001,2.3614613E-003
2.5536170E+001,2.0187473E-003
2.5538170E+001,1.6471360E-003
2.5540170E+001,1.2450638E-003
2.5542170E+001,8.1311785E-004
2.5544170E+001,3.5392384E-004
2.5546170E+001,-1.2810107E-004
2.5548170E+001,-6.2710955E-004
2.5550170E+001,-1.1362789E-003
2.5552170E+001,-1.6483268E-003
2.5554170E+001,-2.1560489E-003
2.5556170E+001,-2.6528344E-003
2.5558170E+001,-3.1331270E-003
2.5560170E+001,-3.5928082E-003
2.5562170E+001,-4.0294838E-003
2.5564170E+001,-4.4426660E-003
2.5566170E+001,-4.8338532E-003
2.5568170E+001,-5.2064984E-003
2.5570170E+001,-5.5659154E-003
2.5572170E+001,-5.9190816E-003
2.5574170E+001,-6.2743661E-003
2.5576170E+001,-6.6412077E-003
2.5578170E+001,-7.0297397E-003
2.5580170E+001,-7.4503881E-003
2.5582170E+001,-7.9134760E-003
2.5584170E+001,-8.4288576E-003
2.5586170E+001,-9.0055866E-003
2.5588170E+001,-9.6516192E-003
2.5590170E+001,-1.0373548E-002
2.5592170E+001,-1.1176382E-002
2.5594170E+001,-1.2063382E-002
2.5596170E+001,-1.3035961E-002
2.5598170E+001,-1.4093635E-002
2.5600170E+001,-1.5234048E-002
2.5602170E+001,-1.6453025E-002
2.5604170E+001,-1.7744646E-002
2.5606170E+001,-1.9101344E-002
2.5608170E+001,-2.0514010E-002
2.5610170E+001,-2.1972107E-002
2.5612170E+001,-2.3463795E-002
2.5614170E+001,-2.4976039E-002
2.5616170E+001,-2.6494799E-002
2.5618170E+001,-2.8005246E-002
2.5620170E+001,-2.9492022E-002
2.5622170E+001,-3.0939561E-002
2.5624170E+001,-3.2332477E-002
2.5626170E+001,-3.3655970E-002
2.5628170E+001,-3.4896250E-002
2.5630170E+001,-3.6040952E-002
2.5632170E+001,-3.7079515E-002
2.5634170E+001,-3.8003506E-002
2.5636170E+001,-3.8806888E-002
2.5638170E+001,-3.9486196E-002
2.5640170E+001,-4.0040661E-002
2.5642170E+001,-4.0472230E-002
2.5644170E+001,-4.0785515E-002
2.5646170E+001,-4.0987662E-002
2.5648170E+001,-4.1088148E-002
2.5650170E+001,-4.1098484E-002
2.5652170E+001,-4.1031825E-002
2.5654170E+001,-4.0902534E-002
2.5656170E+001,-4.0725795E-002
2.5658170E+001,-4.0517143E-002
2.5660170E+001,-4.0291885E-002
2.5662170E+001,-4.0064665E-002
2.5664170E+001,-3.9848943E-002
2.5666170E+001,-3.9656599E-002
2.5668170E+001,-3.9497571E-002
2.5670170E+001,-3.9379600E-002
2.5672170E+001,-3.9308045E-002
2.5674170E+001,-3.9285812E-002
2.5676170E+001,-3.9313372E-002
2.5678170E+001,-3.9388875E-002
2.5680170E+001,-3.9508355E-002
2.5682170E+001,-3.9666006E-002
2.5684170E+001,-3.9854528E-002
2.5686170E+001,-4.0065497E-002
2.5688170E+001,-4.0289749E-002
2.5690170E+001,-4.0517851E-002
2.5692170E+001,-4.0740286E-002
2.5694170E+001,-4.0947287E-002
2.5696170E+001,-4.1130055E-002
2.5698170E+001,-4.1283556E-002
2.5700170E+001,-4.1407819E-002
2.5702170E+001,-4.1500907E-002
2.5704170E+001,-4.1555619E-002
2.5706170E+001,-4.1568187E-002
2.5708170E+001,-4.1541937E-002
2.5710170E+001,-4.1482097E-002
2.5712170E+001,-4.1393818E-002
2.5714170E+001,-4.1283557E-002
2.5716170E+001,-4.1159046E-002
2.5718170E+001,-4.1028761E-002
2.5720170E+001,-4.0901565E-002
2.5722170E+001,-4.0786263E-002
2.5724170E+001,-4.0691130E-002
2.5726170E+001,-4.0623465E-002
2.5728170E+001,-4.0589152E-002
2.5730170E+001,-4.0592290E-002
2.5732170E+001,-4.0634900E-002
2.5734170E+001,-4.0716720E-002
2.5736170E+001,-4.0835132E-002
2.5738170E+001,-4.0985227E-002
2.5740170E+001,-4.1159963E-002
2.5742170E+001,-4.1350110E-002
2.5744170E+001,-4.1544584E-002
2.5746170E+001,-4.1732111E-002
2.5748170E+001,-4.1903543E-002
2.5750170E+001,-4.2049905E-002
2.5752170E+001,-4.2158315E-002
2.5754170E+001,-4.2215761E-002
2.5756170E+001,-4.2214054E-002
2.5758170E+001,-4.2147808E-002
2.5760170E+001,-4.2012531E-002
2.5762170E+001,-4.1805462E-002
2.5764170E+001,-4.1525630E-002
2.5766170E+001,-4.1173375E-002
2.5768170E+001,-4.0750676E-002
2.5770170E+001,-4.0262350E-002
2.5772170E+001,-3.9716942E-002
2.5774170E+001,-3.9125825E-002
2.5776170E+001,-3.8501334E-002
2.5778170E+001,-3.7855820E-002
2.5780170E+001,-3.7201303E-002
2.5782170E+001,-3.6548551E-002
2.5784170E+001,-3.5906160E-002
2.5786170E+001,-3.5280649E-002
2.5788170E+001,-3.4677184E-002
2.5790170E+001,-3.4100052E-002
2.5792170E+001,-3.3552589E-002
2.5794170E+001,-3.3036820E-002
2.5796170E+001,-3.2553145E-002
2.5798170E+001,-3.2100194E-002
2.5800170E+001,-3.1674861E-002
2.5802170E+001,-3.1272473E-002
2.5804170E+001,-3.0887060E-002
2.5806170E+001,-3.0511679E-002
2.5808170E+001,-3.0138735E-002
2.5810170E+001,-2.9760308E-002
2.5812170E+001,-2.9368481E-002
2.5814170E+001,-2.8955677E-002
2.5816170E+001,-2.8514998E-002
2.5818170E+001,-2.8040547E-002
2.5820170E+001,-2.7527706E-002
2.5822170E+001,-2.6973375E-002
2.5824170E+001,-2.6376163E-002
2.5826170E+001,-2.5736530E-002
2.5828170E+001,-2.5056863E-002
2.5830170E+001,-2.4341470E-002
2.5832170E+001,-2.3596478E-002
2.5834170E+001,-2.2829617E-002
2.5836170E+001,-2.2049912E-002
2.5838170E+001,-2.1267272E-002
2.5840170E+001,-2.0492040E-002
2.5842170E+001,-1.9734491E-002
2.5844170E+001,-1.9004340E-002
2.5846170E+001,-1.8310272E-002
2.5848170E+001,-1.7659522E-002
2.5850170E+001,-1.7057514E-002
2.5852170E+001,-1.6507592E-002
2.5854170E+001,-1.6010855E-002
2.5856170E+001,-1.5566121E-002
2.5858170E+001,-1.5170005E-002
2.5860170E+001,-1.4817144E-002
2.5862170E+001,-1.4500525E-002
2.5864170E+001,-1.4211920E-002
2.5866170E+001,-1.3942378E-002
2.5868170E+001,-1.3682766E-002
2.5870170E+001,-1.3424309E-002
2.5872170E+001,-1.3159107E-002
2.5874170E+001,-1.2880603E-002
2.5876170E+001,-1.2583980E-002
2.5878170E+001,-1.2266461E-002
2.5880170E+001,-1.1927508E-002
2.5882170E+001,-1.1568912E-002
2.5884170E+001,-1.1194753E-002
2.5886170E+001,-1.0811272E-002
2.5888170E+001,-1.0426617E-002
2.5890170E+001,-1.0050514E-002
2.5892170E+001,-9.6938453E-003
2.5894170E+001,-9.3681737E-003
2.5896170E+001,-9.0852270E-003
2.5898170E+001,-8.8563601E-003
2.5900170E+001,-8.6920180E-003
2.5902170E+001,-8.6012181E-003
2.5904170E+001,-8.5910678E-003
2.5906170E+001,-8.6663700E-003
2.5908170E+001,-8.8292725E-003
2.5910170E+001,-9.0789682E-003
2.5912170E+001,-9.4115275E-003
2.5914170E+001,-9.8198211E-003
2.5916170E+001,-1.0293577E-002
2.5918170E+001,-1.0819554E-002
2.5920170E+001,-1.1381827E-002
2.5922170E+001,-1.1962197E-002
2.5924170E+001,-1.2540709E-002
2.5926170E+001,-1.3096281E-002
2.5928170E+001,-1.3607410E-002
2.5930170E+001,-1.4052934E-002
2.5932170E+001,-1.4412850E-002
2.5934170E+001,-1.4669138E-002
2.5936170E+001,-1.4806506E-002
2.5938170E+001,-1.4812970E-002
2.5940170E+001,-1.4680261E-002
2.5942170E+001,-1.4404062E-002
2.5944170E+001,-1.3984100E-002
2.5946170E+001,-1.3424023E-002
2.5948170E+001,-1.2731114E-002
2.5950170E+001,-1.1915855E-002
2.5952170E+001,-1.0991360E-002
2.5954170E+001,-9.9727056E-003
2.5956170E+001,-8.8761842E-003
2.5958170E+001,-7.7186843E-003
2.5960170E+001,-6.5172125E-003
2.5962170E+001,-5.2874777E-003
2.5964170E+001,-4.0438431E-003
2.5966170E+001,-2.7987414E-003
2.5968170E+001,-1.5607255E-003
2.5970170E+001,-3.3106442E-004
2.5972170E+001,8.9624332E-004
2.5974170E+001,2.1262083E-003
2.5976170E+001,3.3553350E-003
2.5978170E+001,4.5774496E-003
2.5980170E+001,5.7938687E-003
2.5982170E+001,7.0144512E-003
2.5984170E+001,8.2470660E-003
2.5986170E+001,9.4974307E-003
2.5988170E+001,1.0768466E-002
2.5990170E+001,1.2061489E-002
2.5992170E+001,1.3375870E-002
2.5994170E+001,1.4709062E-002
2.5996170E+001,1.6056748E-002
2.5998170E+001,1.7413089E-002
2.6000170E+001,1.8771003E-002
2.6002170E+001,2.0122488E-002
2.6004170E+001,2.1458893E-002
2.6006170E+001,2.2771161E-002
2.6008170E+001,2.4050019E-002
2.6010170E+001,2.5286115E-002
2.6012170E+001,2.6470156E-002
2.6014170E+001,2.7593093E-002
2.6016170E+001,2.8646345E-002
2.6018170E+001,2.9622088E-002
2.6020170E+001,3.0513590E-002
2.6022170E+001,3.1315552E-002
2.6024170E+001,3.2024441E-002
2.6026170E+001,3.2638729E-002
2.6028170E+001,3.3159025E-002
2.6030170E+001,3.3588064E-002
2.6032170E+001,3.3930551E-002
2.6034170E+001,3.4192905E-002
2.6036170E+001,3.4382956E-002
2.6038170E+001,3.4509623E-002
2.6040170E+001,3.4582572E-002
2.6042170E+001,3.4611832E-002
2.6044170E+001,3.4607355E-002
2.6046170E+001,3.4578546E-002
2.6048170E+001,3.4533863E-002
2.6050170E+001,3.4480427E-002
2.6052170E+001,3.4423787E-002
2.6054170E+001,3.4367744E-002
2.6056170E+001,3.4314263E-002
2.6058170E+001,3.4263496E-002
2.6060170E+001,3.4213890E-002
2.6062170E+001,3.4162374E-002
2.6064170E+001,3.4104620E-002
2.6066170E+001,3.4035352E-002
2.6068170E+001,3.3948691E-002
2.6070170E+001,3.3838513E-002
2.6072170E+001,3.3698817E-002
2.6074170E+001,3.3524073E-002
2.6076170E+001,3.3309545E-002
2.6078170E+001,3.3051586E-002
2.6080170E+001,3.2747858E-002
2.6082170E+001,3.2397514E-002
2.6084170E+001,3.2001338E-002
2.6086170E+001,3.1561909E-002
2.6088170E+001,3.1083757E-002
2.6090170E+001,3.0573380E-002
2.6092170E+001,3.0039058E-002
2.6094170E+001,2.9490576E-002
2.6096170E+001,2.8938967E-002
2.6098170E+001,2.8396276E-002
2.6100170E+001,2.7875270E-002
2.6102170E+001,2.7389066E-002
2.6104170E+001,2.6950713E-002
2.6106170E+001,2.6572741E-002
2.6108170E+001,2.6266698E-002
2.6110170E+001,2.6042684E-002
2.6112170E+001,2.5908911E-002
2.6114170E+001,2.5871294E-002
2.6116170E+001,2.5933116E-002
2.6118170E+001,2.6094754E-002
2.6120170E+001,2.6353501E-002
2.6122170E+001,2.6703491E-002
2.6124170E+001,2.7135752E-002
2.6126170E+001,2.7638376E-002
2.6128170E+001,2.8196802E-002
2.6130170E+001,2.8794207E-002
2.6132170E+001,2.9412012E-002
2.6134170E+001,3.0030502E-002
2.6136170E+001,3.0629373E-002
2.6138170E+001,3.1189313E-002
2.6140170E+001,3.1690837E-002
2.6142170E+001,3.2117206E-002
2.6144170E+001,3.2453427E-002
2.6146170E+001,3.2687604E-002
2.6148170E+001,3.2811102E-002
2.6150170E+001,3.2818977E-002
2.6152170E+001,3.2710158E-002
2.6154170E+001,3.2487797E-002
2.6156170E+001,3.2158759E-002
2.6158170E+001,3.1733701E-002
2.6160170E+001,3.1226445E-002
2.6162170E+001,3.0653277E-002
2.6164170E+001,3.0032088E-002
2.6166170E+001,2.9381398E-002
2.6168170E+001,2.8719378E-002
2.6170170E+001,2.8062949E-002
2.6172170E+001,2.7427022E-002
2.6174170E+001,2.6823908E-002
2.6176170E+001,2.6262892E-002
2.6178170E+001,2.5749932E-002
2.6180170E+001,2.5287480E-002
2.6182170E+001,2.4874456E-002
2.6184170E+001,2.4506425E-002
2.6186170E+001,2.4176023E-002
2.6188170E+001,2.3873642E-002
2.6190170E+001,2.3588299E-002
2.6192170E+001,2.3308567E-002
2.6194170E+001,2.3023376E-002
2.6196170E+001,2.2722566E-002
2.6198170E+001,2.2397377E-002
2.6200170E+001,2.2041319E-002
2.6202170E+001,2.1651280E-002
2.6204170E+001,2.1227965E-002
2.6206170E+001,2.0775233E-002
2.6208170E+001,2.0299278E-002
2.6210170E+001,1.9808429E-002
2.6212170E+001,1.9313134E-002
2.6214170E+001,1.8825503E-002
2.6216170E+001,1.8358510E-002
2.6218170E+001,1.7925194E-002
2.6220170E+001,1.7537940E-002
2.6222170E+001,1.7207798E-002
2.6224170E+001,1.6943880E-002
2.6226170E+001,1.6752862E-002
2.6228170E+001,1.6638622E-002
2.6230170E+001,1.6602022E-002
2.6232170E+001,1.6640847E-002
2.6234170E+001,1.6749886E-002
2.6236170E+001,1.6921128E-002
2.6238170E+001,1.7144086E-002
2.6240170E+001,1.7406225E-002
2.6242170E+001,1.7693466E-002
2.6244170E+001,1.7990749E-002
2.6246170E+001,1.8282622E-002
2.6248170E+001,1.8553845E-002
2.6250170E+001,1.8789987E-002
2.6252170E+001,1.8977976E-002
2.6254170E+001,1.9106616E-002
2.6256170E+001,1.9167024E-002
2.6258170E+001,1.9153000E-002
2.6260170E+001,1.9061299E-002
2.6262170E+001,1.8891808E-002
2.6264170E+001,1.8647623E-002
2.6266170E+001,1.8334997E-002
2.6268170E+001,1.7963200E-002
2.6270170E+001,1.7544263E-002
2.6272170E+001,1.7092621E-002
2.6274170E+001,1.6624680E-002
2.6276170E+001,1.6158298E-002
2.6278170E+001,1.5712265E-002
2.6280170E+001,1.5305486E-002
2.6282170E+001,1.4956439E-002
2.6284170E+001,1.4682194E-002
2.6286170E+001,1.4497132E-002
2.6288170E+001,1.4412929E-002
2.6290170E+001,1.4439857E-002
2.6292170E+001,1.4586267E-002
2.6294170E+001,1.4856092E-002
2.6296170E+001,1.5248279E-002
2.6298170E+001,1.5758121E-002
2.6300170E+001,1.6377785E-002
2.6302170E+001,1.7096017E-002
2.6304170E+001,1.7898165E-002
2.6306170E+001,1.8766641E-002
2.6308170E+001,1.9681845E-002
2.6310170E+001,2.0623376E-002
2.6312170E+001,2.1570977E-002
2.6314170E+001,2.2504970E-002
2.6316170E+001,2.3406360E-002
2.6318170E+001,2.4258709E-002
2.6320170E+001,2.5045799E-002
2.6322170E+001,2.5755482E-002
2.6324170E+001,2.6377538E-002
2.6326170E+001,2.6904844E-002
2.6328170E+001,2.7332963E-002
2.6330170E+001,2.7660060E-002
2.6332170E+001,2.7886681E-002
2.6334170E+001,2.8015401E-002
2.6336170E+001,2.8050413E-002
2.6338170E+001,2.7997060E-002
2.6340170E+001,2.7861529E-002
2.6342170E+001,2.7650336E-002
2.6344170E+001,2.7369783E-002
2.6346170E+001,2.7025942E-002
2.6348170E+001,2.6624120E-002
2.6350170E+001,2.6168715E-002
2.6352170E+001,2.5663027E-002
2.6354170E+001,2.5109152E-002
2.6356170E+001,2.4507934E-002
2.6358170E+001,2.3858987E-002
2.6360170E+001,2.3160747E-002
2.6362170E+001,2.2410573E-002
2.6364170E+001,2.1604906E-002
2.6366170E+001,2.0739536E-002
2.6368170E+001,1.9810000E-002
2.6370170E+001,1.8812130E-002
2.6372170E+001,1.7742636E-002
2.6374170E+001,1.6599624E-002
2.6376170E+001,1.5382933E-002
2.6378170E+001,1.4094303E-002
2.6380170E+001,1.2737458E-002
2.6382170E+001,1.1318108E-002
2.6384170E+001,9.8438499E-003
2.6386170E+001,8.3244040E-003
2.6388170E+001,6.7716501E-003
2.6390170E+001,5.1995063E-003
2.6392170E+001,3.6235099E-003
2.6394170E+001,2.0602145E-003
2.6396170E+001,5.2656065E-004
2.6398170E+001,-9.6081897E-004
2.6400170E+001,-2.3864533E-003
2.6402170E+001,-3.7370137E-003
2.6404170E+001,-5.0022243E-003
2.6406170E+001,-6.1756269E-003
2.6408170E+001,-7.2551241E-003
2.6410170E+001,-8.2424996E-003
2.6412170E+001,-9.1412286E-003
2.6414170E+001,-9.9538846E-003
2.6416170E+001,-1.0681837E-002
2.6418170E+001,-1.1327898E-002
2.6420170E+001,-1.1899355E-002
2.6422170E+001,-1.2408363E-002
2.6424170E+001,-1.2869408E-002
2.6426170E+001,-1.3296074E-002
2.6428170E+001,-1.3700018E-002
2.6430170E+001,-1.4090436E-002
2.6432170E+001,-1.4474527E-002
2.6434170E+001,-1.4857261E-002
2.6436170E+001,-1.5241156E-002
2.6438170E+001,-1.5626179E-002
2.6440170E+001,-1.6009845E-002
2.6442170E+001,-1.6387431E-002
2.6444170E+001,-1.6752303E-002
2.6446170E+001,-1.7096335E-002
2.6448170E+001,-1.7410412E-002
2.6450170E+001,-1.7684987E-002
2.6452170E+001,-1.7910655E-002
2.6454170E+001,-1.8078729E-002
2.6456170E+001,-1.8181781E-002
2.6458170E+001,-1.8214113E-002
2.6460170E+001,-1.8172126E-002
2.6462170E+001,-1.8054530E-002
2.6464170E+001,-1.7862531E-002
2.6466170E+001,-1.7599872E-002
2.6468170E+001,-1.7272625E-002
2.6470170E+001,-1.6889012E-002
2.6472170E+001,-1.6459020E-002
2.6474170E+001,-1.5994035E-002
2.6476170E+001,-1.5506453E-002
2.6478170E+001,-1.5009298E-002
2.6480170E+001,-1.4515833E-002
2.6482170E+001,-1.4039149E-002
2.6484170E+001,-1.3591756E-002
2.6486170E+001,-1.3185224E-002
2.6488170E+001,-1.2829915E-002
2.6490170E+001,-1.2534762E-002
2.6492170E+001,-1.2307072E-002
2.6494170E+001,-1.2152354E-002
2.6496170E+001,-1.2074260E-002
2.6498170E+001,-1.2074633E-002
2.6500170E+001,-1.2153613E-002
2.6502170E+001,-1.2309749E-002
2.6504170E+001,-1.2540136E-002
2.6506170E+001,-1.2840577E-002
2.6508170E+001,-1.3205769E-002
2.6510170E+001,-1.3629483E-002
2.6512170E+001,-1.4104745E-002
2.6514170E+001,-1.4624013E-002
2.6516170E+001,-1.5179362E-002
2.6518170E+001,-1.5762634E-002
2.6520170E+001,-1.6365829E-002
2.6522170E+001,-1.6980976E-002
2.6524170E+001,-1.7600450E-002
2.6526170E+001,-1.8216911E-002
2.6528170E+001,-1.8822956E-002
2.6530170E+001,-1.9412168E-002
2.6532170E+001,-1.9979152E-002
2.6534170E+001,-2.0519404E-002
2.6536170E+001,-2.1028946E-002
2.6538170E+001,-2.1504563E-002
2.6540170E+001,-2.1946458E-002
2.6542170E+001,-2.2362123E-002
2.6544170E+001,-2.2765113E-002
2.6546170E+001,-2.3165326E-002
2.6548170E+001,-2.3561054E-002
2.6550170E+001,-2.3944877E-002
2.6552170E+001,-2.4316293E-002
2.6554170E+001,-2.4684472E-002
2.6556170E+001,-2.5060779E-002
2.6558170E+001,-2.5453182E-002
2.6560170E+001,-2.5866516E-002
2.6562170E+001,-2.6303886E-002
2.6564170E+001,-2.6766678E-002
2.6566170E+001,-2.7254136E-002
2.6568170E+001,-2.7763197E-002
2.6570170E+001,-2.8288461E-002
2.6572170E+001,-2.8822269E-002
2.6574170E+001,-2.9354927E-002
2.6576170E+001,-2.9875060E-002
2.6578170E+001,-3.0370072E-002
2.6580170E+001,-3.0826679E-002
2.6582170E+001,-3.1231491E-002
2.6584170E+001,-3.1571615E-002
2.6586170E+001,-3.1835268E-002
2.6588170E+001,-3.2012360E-002
2.6590170E+001,-3.2095031E-002
2.6592170E+001,-3.2078103E-002
2.6594170E+001,-3.1959371E-002
2.6596170E+001,-3.1739888E-002
2.6598170E+001,-3.1424153E-002
2.6600170E+001,-3.1020078E-002
2.6602170E+001,-3.0538813E-002
2.6604170E+001,-2.9994397E-002
2.6606170E+001,-2.9403283E-002
2.6608170E+001,-2.8783829E-002
2.6610170E+001,-2.8155767E-002
2.6612170E+001,-2.7539657E-002
2.6614170E+001,-2.6956266E-002
2.6616170E+001,-2.6425854E-002
2.6618170E+001,-2.5967421E-002
2.6620170E+001,-2.5597991E-002
2.6622170E+001,-2.5331994E-002
2.6624170E+001,-2.5180728E-002
2.6626170E+001,-2.5151852E-002
2.6628170E+001,-2.5248989E-002
2.6630170E+001,-2.5471531E-002
2.6632170E+001,-2.5814641E-002
2.6634170E+001,-2.6269394E-002
2.6636170E+001,-2.6823015E-002
2.6638170E+001,-2.7459238E-002
2.6640170E+001,-2.8158857E-002
2.6642170E+001,-2.8900365E-002
2.6644170E+001,-2.9660536E-002
2.6646170E+001,-3.0415324E-002
2.6648170E+001,-3.1139998E-002
2.6650170E+001,-3.1810564E-002
2.6652170E+001,-3.2404162E-002
2.6654170E+001,-3.2901065E-002
2.6656170E+001,-3.3285052E-002
2.6658170E+001,-3.3543239E-002
2.6660170E+001,-3.3666268E-002
2.6662170E+001,-3.3648947E-002
2.6664170E+001,-3.3491665E-002
2.6666170E+001,-3.3201961E-002
2.6668170E+001,-3.2794100E-002
2.6670170E+001,-3.2283921E-002
2.6672170E+001,-3.1683046E-002
2.6674170E+001,-3.1001099E-002
2.6676170E+001,-3.0254188E-002
2.6678170E+001,-2.9467445E-002
2.6680170E+001,-2.8669138E-002
2.6682170E+001,-2.7885353E-002
2.6684170E+001,-2.7139250E-002
2.6686170E+001,-2.6451597E-002
2.6688170E+001,-2.5840692E-002
2.6690170E+001,-2.5322159E-002
2.6692170E+001,-2.4908820E-002
2.6694170E+001,-2.4610411E-002
2.6696170E+001,-2.4433245E-002
2.6698170E+001,-2.4380163E-002
2.6700170E+001,-2.4450929E-002
2.6702170E+001,-2.4642832E-002
2.6704170E+001,-2.4951105E-002
2.6706170E+001,-2.5369145E-002
2.6708170E+001,-2.5888715E-002
2.6710170E+001,-2.6500165E-002
2.6712170E+001,-2.7192625E-002
2.6714170E+001,-2.7954133E-002
2.6716170E+001,-2.8771683E-002
2.6718170E+001,-2.9631173E-002
2.6720170E+001,-3.0517180E-002
2.6722170E+001,-3.1413262E-002
2.6724170E+001,-3.2301661E-002
2.6726170E+001,-3.3165389E-002
2.6728170E+001,-3.3988593E-002
2.6730170E+001,-3.4758022E-002
2.6732170E+001,-3.5463879E-002
2.6734170E+001,-3.6098802E-002
2.6736170E+001,-3.6656725E-002
2.6738170E+001,-3.7131015E-002
2.6740170E+001,-3.7515403E-002
2.6742170E+001,-3.7806832E-002
2.6744170E+001,-3.8001293E-002
2.6746170E+001,-3.8081941E-002
2.6748170E+001,-3.8018921E-002
2.6750170E+001,-3.7788945E-002
2.6752170E+001,-3.7390086E-002
2.6754170E+001,-3.6833102E-002
2.6756170E+001,-3.6126215E-002
2.6758170E+001,-3.5271852E-002
2.6760170E+001,-3.4270611E-002
2.6762170E+001,-3.3123459E-002
2.6764170E+001,-3.1832387E-002
2.6766170E+001,-3.0401968E-002
2.6768170E+001,-2.8841591E-002
2.6770170E+001,-2.7167539E-002
2.6772170E+001,-2.5404204E-002
2.6774170E+001,-2.3583341E-002
2.6776170E+001,-2.1740282E-002
2.6778170E+001,-1.9908118E-002
2.6780170E+001,-1.8113325E-002
2.6782170E+001,-1.6375557E-002
2.6784170E+001,-1.4710555E-002
2.6786170E+001,-1.3132608E-002
2.6788170E+001,-1.1654482E-002
2.6790170E+001,-1.0285554E-002
2.6792170E+001,-9.0298993E-003
2.6794170E+001,-7.8853855E-003
2.6796170E+001,-6.8439147E-003
2.6798170E+001,-5.8925543E-003
2.6800170E+001,-5.0151810E-003
2.6802170E+001,-4.1941058E-003
2.6804170E+001,-3.4119219E-003
2.6806170E+001,-2.6513308E-003
2.6808170E+001,-1.8984074E-003
2.6810170E+001,-1.1405172E-003
2.6812170E+001,-3.6807792E-004
2.6814170E+001,4.2567013E-004
2.6816170E+001,1.2446695E-003
2.6818170E+001,2.0900652E-003
2.6820170E+001,2.9604165E-003
2.6822170E+001,3.8517793E-003
2.6824170E+001,4.7579061E-003
2.6826170E+001,5.6704833E-003
2.6828170E+001,6.5794592E-003
2.6830170E+001,7.4734290E-003
2.6832170E+001,8.3400802E-003
2.6834170E+001,9.1667078E-003
2.6836170E+001,9.9407839E-003
2.6838170E+001,1.0650517E-002
2.6840170E+001,1.1285338E-002
2.6842170E+001,1.1836281E-002
2.6844170E+001,1.2296249E-002
2.6846170E+001,1.2660191E-002
2.6848170E+001,1.2925226E-002
2.6850170E+001,1.3090732E-002
2.6852170E+001,1.3158377E-002
2.6854170E+001,1.3132060E-002
2.6856170E+001,1.3017882E-002
2.6858170E+001,1.2823877E-002
2.6860170E+001,1.2559785E-002
2.6862170E+001,1.2236879E-002
2.6864170E+001,1.1867528E-002
2.6866170E+001,1.1464891E-002
2.6868170E+001,1.1042538E-002
2.6870170E+001,1.0614077E-002
2.6872170E+001,1.0192778E-002
2.6874170E+001,9.7911932E-003
2.6876170E+001,9.4208071E-003
2.6878170E+001,9.0917022E-003
2.6880170E+001,8.8122749E-003
2.6882170E+001,8.5890026E-003
2.6884170E+001,8.4262809E-003
2.6886170E+001,8.3263435E-003
2.6888170E+001,8.2892659E-003
2.6890170E+001,8.3130549E-003
2.6892170E+001,8.3938282E-003
2.6894170E+001,8.5260937E-003
2.6896170E+001,8.7031331E-003
2.6898170E+001,8.9174111E-003
2.6900170E+001,9.1609588E-003
2.6902170E+001,9.4257378E-003
2.6904170E+001,9.7040194E-003
2.6906170E+001,9.9887566E-003
2.6908170E+001,1.0273919E-002
2.6910170E+001,1.0554774E-002
2.6912170E+001,1.0827980E-002
2.6914170E+001,1.1092430E-002
2.6916170E+001,1.1348105E-002
2.6918170E+001,1.1597078E-002
2.6920170E+001,1.1843248E-002
2.6922170E+001,1.2091860E-002
2.6924170E+001,1.2349504E-002
2.6926170E+001,1.2623645E-002
2.6928170E+001,1.2922171E-002
2.6930170E+001,1.3252243E-002
2.6932170E+001,1.3619239E-002
2.6934170E+001,1.4028681E-002
2.6936170E+001,1.4492298E-002
2.6938170E+001,1.5029183E-002
2.6940170E+001,1.5653306E-002
2.6942170E+001,1.6362610E-002
2.6944170E+001,1.7146586E-002
2.6946170E+001,1.8000088E-002
2.6948170E+001,1.8924175E-002
2.6950170E+001,1.9918380E-002
2.6952170E+001,2.0977367E-002
2.6954170E+001,2.2092462E-002
2.6956170E+001,2.3252960E-002
2.6958170E+001,2.4446272E-002
2.6960170E+001,2.5658061E-002
2.6962170E+001,2.6872541E-002
2.6964170E+001,2.8072837E-002
2.6966170E+001,2.9241384E-002
2.6968170E+001,3.0360410E-002
2.6970170E+001,3.1412457E-002
2.6972170E+001,3.2380963E-002
2.6974170E+001,3.3250838E-002
2.6976170E+001,3.4009016E-002
2.6978170E+001,3.4644958E-002
2.6980170E+001,3.5151106E-002
2.6982170E+001,3.5523314E-002
2.6984170E+001,3.5761078E-002
2.6986170E+001,3.5867701E-002
2.6988170E+001,3.5850323E-002
2.6990170E+001,3.5719671E-002
2.6992170E+001,3.5490201E-002
2.6994170E+001,3.5179206E-002
2.6996170E+001,3.4806743E-002
2.6998170E+001,3.4394647E-002
2.7000170E+001,3.3965710E-002
2.7002170E+001,3.3542782E-002
2.7004170E+001,3.3147896E-002
2.7006170E+001,3.2801485E-002
2.7008170E+001,3.2521617E-002
2.7010170E+001,3.2323291E-002
2.7012170E+001,3.2217806E-002
2.7014170E+001,3.2212281E-002
2.7016170E+001,3.2309390E-002
2.7018170E+001,3.2507297E-002
2.7020170E+001,3.2799800E-002
2.7022170E+001,3.3176688E-002
2.7024170E+001,3.3624323E-002
2.7026170E+001,3.4126183E-002
2.7028170E+001,3.4664305E-002
2.7030170E+001,3.5218478E-002
2.7032170E+001,3.5768708E-002
2.7034170E+001,3.6294026E-002
2.7036170E+001,3.6774785E-002
2.7038170E+001,3.7193618E-002
2.7040170E+001,3.7541054E-002
2.7042170E+001,3.7815269E-002
2.7044170E+001,3.8009184E-002
2.7046170E+001,3.8107053E-002
2.7048170E+001,3.8099519E-002
2.7050170E+001,3.7989564E-002
2.7052170E+001,3.7784083E-002
2.7054170E+001,3.7489522E-002
2.7056170E+001,3.7114622E-002
2.7058170E+001,3.6670591E-002
2.7060170E+001,3.6170124E-002
2.7062170E+001,3.5626826E-002
2.7064170E+001,3.5054805E-002
2.7066170E+001,3.4468564E-002
2.7068170E+001,3.3883031E-002
2.7070170E+001,3.3313358E-002
2.7072170E+001,3.2774314E-002
2.7074170E+001,3.2279570E-002
2.7076170E+001,3.1841249E-002
2.7078170E+001,3.1469712E-002
2.7080170E+001,3.1173256E-002
2.7082170E+001,3.0957820E-002
2.7084170E+001,3.0827041E-002
2.7086170E+001,3.0782609E-002
2.7088170E+001,3.0824544E-002
2.7090170E+001,3.0951215E-002
2.7092170E+001,3.1159255E-002
2.7094170E+001,3.1443537E-002
2.7096170E+001,3.1797213E-002
2.7098170E+001,3.2211800E-002
2.7100170E+001,3.2677338E-002
2.7102170E+001,3.3182621E-002
2.7104170E+001,3.3715498E-002
2.7106170E+001,3.4262961E-002
2.7108170E+001,3.4813024E-002
2.7110170E+001,3.5352202E-002
2.7112170E+001,3.5869408E-002
2.7114170E+001,3.6355344E-002
2.7116170E+001,3.6804582E-002
2.7118170E+001,3.7216470E-002
2.7120170E+001,3.7593748E-002
2.7122170E+001,3.7938446E-002
2.7124170E+001,3.8248891E-002
2.7126170E+001,3.8519010E-002
2.7128170E+001,3.8741712E-002
2.7130170E+001,3.8912947E-002
2.7132170E+001,3.9033388E-002
2.7134170E+001,3.9109588E-002
2.7136170E+001,3.9156191E-002
2.7138170E+001,3.9193596E-002
2.7140170E+001,3.9235271E-002
2.7142170E+001,3.9275028E-002
2.7144170E+001,3.9291736E-002
2.7146170E+001,3.9267421E-002
2.7148170E+001,3.9196424E-002
2.7150170E+001,3.9078413E-002
2.7152170E+001,3.8909390E-002
2.7154170E+001,3.8680768E-002
2.7156170E+001,3.8382096E-002
2.7158170E+001,3.8002372E-002
2.7160170E+001,3.7530048E-002
2.7162170E+001,3.6953223E-002
2.7164170E+001,3.6260277E-002
2.7166170E+001,3.5440825E-002
2.7168170E+001,3.4487061E-002
2.7170170E+001,3.3395679E-002
2.7172170E+001,3.2170092E-002
2.7174170E+001,3.0821836E-002
2.7176170E+001,2.9369619E-002
2.7178170E+001,2.7835524E-002
2.7180170E+001,2.6239944E-002
2.7182170E+001,2.4598132E-002
2.7184170E+001,2.2920197E-002
2.7186170E+001,2.1213713E-002
2.7188170E+001,1.9486560E-002
2.7190170E+001,1.7748458E-002
2.7192170E+001,1.6011273E-002
2.7194170E+001,1.4288785E-002
2.7196170E+001,1.2596196E-002
2.7198170E+001,1.0949274E-002
2.7200170E+001,9.3630842E-003
2.7202170E+001,7.8505076E-003
2.7204170E+001,6.4209146E-003
2.7206170E+001,5.0793556E-003
2.7208170E+001,3.8264656E-003
2.7210170E+001,2.6590668E-003
2.7212170E+001,1.5712595E-003
2.7214170E+001,5.5567081E-004
2.7216170E+001,-3.9546299E-004
2.7218170E+001,-1.2895899E-003
2.7220170E+001,-2.1335514E-003
2.7222170E+001,-2.9336040E-003
2.7224170E+001,-3.6955555E-003
2.7226170E+001,-4.4249056E-003
2.7228170E+001,-5.1268388E-003
2.7230170E+001,-5.8060629E-003
2.7232170E+001,-6.4664733E-003
2.7234170E+001,-7.1110141E-003
2.7236170E+001,-7.7418537E-003
2.7238170E+001,-8.3603935E-003
2.7240170E+001,-8.9673793E-003
2.7242170E+001,-9.5625024E-003
2.7244170E+001,-1.0145044E-002
2.7246170E+001,-1.0713287E-002
2.7248170E+001,-1.1264716E-002
2.7250170E+001,-1.1796000E-002
2.7252170E+001,-1.2303105E-002
2.7254170E+001,-1.2781512E-002
2.7256170E+001,-1.3226641E-002
2.7258170E+001,-1.3634256E-002
2.7260170E+001,-1.4000714E-002
2.7262170E+001,-1.4323070E-002
2.7264170E+001,-1.4599204E-002
2.7266170E+001,-1.4827987E-002
2.7268170E+001,-1.5009374E-002
2.7270170E+001,-1.5144371E-002
2.7272170E+001,-1.5234908E-002
2.7274170E+001,-1.5283661E-002
2.7276170E+001,-1.5293842E-002
2.7278170E+001,-1.5268963E-002
2.7280170E+001,-1.5212668E-002
2.7282170E+001,-1.5128584E-002
2.7284170E+001,-1.5020304E-002
2.7286170E+001,-1.4891336E-002
2.7288170E+001,-1.4745122E-002
2.7290170E+001,-1.4585059E-002
2.7292170E+001,-1.4414602E-002
2.7294170E+001,-1.4237394E-002
2.7296170E+001,-1.4057462E-002
2.7298170E+001,-1.3879415E-002
2.7300170E+001,-1.3708628E-002
2.7302170E+001,-1.3551355E-002
2.7304170E+001,-1.3414758E-002
2.7306170E+001,-1.3306841E-002
2.7308170E+001,-1.3236301E-002
2.7310170E+001,-1.3212310E-002
2.7312170E+001,-1.3244245E-002
2.7314170E+001,-1.3341363E-002
2.7316170E+001,-1.3512437E-002
2.7318170E+001,-1.3765338E-002
2.7320170E+001,-1.4106631E-002
2.7322170E+001,-1.4541170E-002
2.7324170E+001,-1.5071665E-002
2.7326170E+001,-1.5698029E-002
2.7328170E+001,-1.6416803E-002
2.7330170E+001,-1.7221640E-002
2.7332170E+001,-1.8105534E-002
2.7334170E+001,-1.9065273E-002
2.7336170E+001,-2.0097613E-002
2.7338170E+001,-2.1188361E-002
2.7340170E+001,-2.2313876E-002
2.7342170E+001,-2.3454078E-002
2.7344170E+001,-2.4595371E-002
2.7346170E+001,-2.5724208E-002
2.7348170E+001,-2.6825333E-002
2.7350170E+001,-2.7884021E-002
2.7352170E+001,-2.8887009E-002
2.7354170E+001,-2.9822587E-002
2.7356170E+001,-3.0680860E-002
2.7358170E+001,-3.1453956E-002
2.7360170E+001,-3.2136138E-002
2.7362170E+001,-3.2723857E-002
2.7364170E+001,-3.3215725E-002
2.7366170E+001,-3.3612425E-002
2.7368170E+001,-3.3916575E-002
2.7370170E+001,-3.4132543E-002
2.7372170E+001,-3.4266203E-002
2.7374170E+001,-3.4324667E-002
2.7376170E+001,-3.4315988E-002
2.7378170E+001,-3.4248834E-002
2.7380170E+001,-3.4132210E-002
2.7382170E+001,-3.3975253E-002
2.7384170E+001,-3.3786945E-002
2.7386170E+001,-3.3575930E-002
2.7388170E+001,-3.3350337E-002
2.7390170E+001,-3.3117586E-002
2.7392170E+001,-3.2884341E-002
2.7394170E+001,-3.2656345E-002
2.7396170E+001,-3.2438337E-002
2.7398170E+001,-3.2234007E-002
2.7400170E+001,-3.2046029E-002
2.7402170E+001,-3.1876151E-002
2.7404170E+001,-3.1725327E-002
2.7406170E+001,-3.1593826E-002
2.7408170E+001,-3.1481329E-002
2.7410170E+001,-3.1387018E-002
2.7412170E+001,-3.1309664E-002
2.7414170E+001,-3.1247686E-002
2.7416170E+001,-3.1199172E-002
2.7418170E+001,-3.1161877E-002
2.7420170E+001,-3.1133290E-002
2.7422170E+001,-3.1110798E-002
2.7424170E+001,-3.1091775E-002
2.7426170E+001,-3.1073505E-002
2.7428170E+001,-3.1053031E-002
2.7430170E+001,-3.1027112E-002
2.7432170E+001,-3.0992283E-002
2.7434170E+001,-3.0944933E-002
2.7436170E+001,-3.0881388E-002
2.7438170E+001,-3.0798006E-002
2.7440170E+001,-3.0691308E-002
2.7442170E+001,-3.0558112E-002
2.7444170E+001,-3.0395689E-002
2.7446170E+001,-3.0201916E-002
2.7448170E+001,-2.9975422E-002
2.7450170E+001,-2.9715734E-002
2.7452170E+001,-2.9423379E-002
2.7454170E+001,-2.9099972E-002
2.7456170E+001,-2.8748257E-002
2.7458170E+001,-2.8372118E-002
2.7460170E+001,-2.7976559E-002
2.7462170E+001,-2.7567627E-002
2.7464170E+001,-2.7152333E-002
2.7466170E+001,-2.6738477E-002
2.7468170E+001,-2.6334466E-002
2.7470170E+001,-2.5949137E-002
2.7472170E+001,-2.5591466E-002
2.7474170E+001,-2.5270327E-002
2.7476170E+001,-2.4994208E-002
2.7478170E+001,-2.4770932E-002
2.7480170E+001,-2.4607400E-002
2.7482170E+001,-2.4509338E-002
2.7484170E+001,-2.4481087E-002
2.7486170E+001,-2.4525441E-002
2.7488170E+001,-2.4643528E-002
2.7490170E+001,-2.4834749E-002
2.7492170E+001,-2.5096779E-002
2.7494170E+001,-2.5425653E-002
2.7496170E+001,-2.5815897E-002
2.7498170E+001,-2.6260713E-002
2.7500170E+001,-2.6752205E-002
2.7502170E+001,-2.7281645E-002
2.7504170E+001,-2.7839741E-002
2.7506170E+001,-2.8416991E-002
2.7508170E+001,-2.9004731E-002
2.7510170E+001,-2.9593499E-002
2.7512170E+001,-3.0175440E-002
2.7514170E+001,-3.0743413E-002
2.7516170E+001,-3.1291167E-002
2.7518170E+001,-3.1813628E-002
2.7520170E+001,-3.2306845E-002
2.7522170E+001,-3.2767971E-002
2.7524170E+001,-3.3195125E-002
2.7526170E+001,-3.3586856E-002
2.7528170E+001,-3.3942031E-002
2.7530170E+001,-3.4260733E-002
2.7532170E+001,-3.4542589E-002
2.7534170E+001,-3.4787257E-002
2.7536170E+001,-3.4994479E-002
2.7538170E+001,-3.5163890E-002
2.7540170E+001,-3.5295090E-002
2.7542170E+001,-3.5387618E-002
2.7544170E+001,-3.5440791E-002
2.7546170E+001,-3.5453311E-002
2.7548170E+001,-3.5422904E-002
2.7550170E+001,-3.5346576E-002
2.7552170E+001,-3.5222207E-002
2.7554170E+001,-3.5049919E-002
2.7556170E+001,-3.4830857E-002
2.7558170E+001,-3.4564446E-002
2.7560170E+001,-3.4247632E-002
2.7562170E+001,-3.3876451E-002
2.7564170E+001,-3.3447083E-002
2.7566170E+001,-3.2955538E-002
2.7568170E+001,-3.2397406E-002
2.7570170E+001,-3.1768369E-002
2.7572170E+001,-3.1065066E-002
2.7574170E+001,-3.0285824E-002
2.7576170E+001,-2.9430894E-002
2.7578170E+001,-2.8501831E-002
2.7580170E+001,-2.7500109E-002
2.7582170E+001,-2.6425872E-002
2.7584170E+001,-2.5277972E-002
2.7586170E+001,-2.4055381E-002
2.7588170E+001,-2.2758642E-002
2.7590170E+001,-2.1390143E-002
2.7592170E+001,-1.9953500E-002
2.7594170E+001,-1.8453372E-002
2.7596170E+001,-1.6896459E-002
2.7598170E+001,-1.5293000E-002
2.7600170E+001,-1.3657521E-002
2.7602170E+001,-1.2008216E-002
2.7604170E+001,-1.0365321E-002
2.7606170E+001,-8.7491431E-003
2.7608170E+001,-7.1782752E-003
2.7610170E+001,-5.6683124E-003
2.7612170E+001,-4.2312502E-003
2.7614170E+001,-2.8755899E-003
2.7616170E+001,-1.6069519E-003
2.7618170E+001,-4.2886857E-004
2.7620170E+001,6.5658766E-004
2.7622170E+001,1.6485852E-003
2.7624170E+001,2.5476434E-003
2.7626170E+001,3.3555292E-003
2.7628170E+001,4.0747906E-003
2.7630170E+001,4.7085563E-003
2.7632170E+001,5.2594337E-003
2.7634170E+001,5.7320447E-003
2.7636170E+001,6.1334964E-003
2.7638170E+001,6.4725899E-003
2.7640170E+001,6.7573458E-003
2.7642170E+001,6.9947023E-003
2.7644170E+001,7.1915705E-003
2.7646170E+001,7.3552282E-003
2.7648170E+001,7.4928628E-003
2.7650170E+001,7.6110863E-003
2.7652170E+001,7.7157508E-003
2.7654170E+001,7.8118031E-003
2.7656170E+001,7.9031238E-003
2.7658170E+001,7.9924324E-003
2.7660170E+001,8.0812695E-003
2.7662170E+001,8.1700613E-003
2.7664170E+001,8.2582471E-003
2.7666170E+001,8.3444430E-003
2.7668170E+001,8.4266237E-003
2.7670170E+001,8.5023232E-003
2.7672170E+001,8.5688488E-003
2.7674170E+001,8.6234896E-003
2.7676170E+001,8.6636984E-003
2.7678170E+001,8.6872444E-003
2.7680170E+001,8.6923453E-003
2.7682170E+001,8.6777681E-003
2.7684170E+001,8.6429446E-003
2.7686170E+001,8.5880004E-003
2.7688170E+001,8.5138368E-003
2.7690170E+001,8.4221595E-003
2.7692170E+001,8.3154725E-003
2.7694170E+001,8.1970612E-003
2.7696170E+001,8.0709268E-003
2.7698170E+001,7.9416826E-003
2.7700170E+001,7.8144176E-003
2.7702170E+001,7.6945439E-003
2.7704170E+001,7.5876396E-003
2.7706170E+001,7.4992961E-003
2.7708170E+001,7.4349764E-003
2.7710170E+001,7.3998925E-003
2.7712170E+001,7.3988914E-003
2.7714170E+001,7.4363328E-003
2.7716170E+001,7.5159565E-003
2.7718170E+001,7.6407570E-003
2.7720170E+001,7.8128897E-003
2.7722170E+001,8.0336162E-003
2.7724170E+001,8.3031693E-003
2.7726170E+001,8.6212474E-003
2.7728170E+001,8.9856517E-003
2.7730170E+001,9.3934894E-003
2.7732170E+001,9.8404199E-003
2.7734170E+001,1.0321507E-002
2.7736170E+001,1.0833383E-002
2.7738170E+001,1.1374370E-002
2.7740170E+001,1.1939961E-002
2.7742170E+001,1.2520559E-002
2.7744170E+001,1.3106452E-002
2.7746170E+001,1.3691907E-002
2.7748170E+001,1.4273174E-002
2.7750170E+001,1.4846192E-002
2.7752170E+001,1.5407070E-002
2.7754170E+001,1.5952844E-002
2.7756170E+001,1.6481497E-002
2.7758170E+001,1.6991895E-002
2.7760170E+001,1.7483756E-002
2.7762170E+001,1.7957559E-002
2.7764170E+001,1.8414413E-002
2.7766170E+001,1.8855904E-002
2.7768170E+001,1.9283908E-002
2.7770170E+001,1.9700419E-002
2.7772170E+001,2.0107357E-002
2.7774170E+001,2.0506402E-002
2.7776170E+001,2.0898833E-002
2.7778170E+001,2.1285410E-002
2.7780170E+001,2.1666284E-002
2.7782170E+001,2.2040967E-002
2.7784170E+001,2.2408342E-002
2.7786170E+001,2.2766710E-002
2.7788170E+001,2.3113884E-002
2.7790170E+001,2.3447310E-002
2.7792170E+001,2.3764204E-002
2.7794170E+001,2.4061694E-002
2.7796170E+001,2.4336948E-002
2.7798170E+001,2.4587286E-002
2.7800170E+001,2.4810280E-002
2.7802170E+001,2.5003870E-002
2.7804170E+001,2.5166468E-002
2.7806170E+001,2.5297071E-002
2.7808170E+001,2.5395336E-002
2.7810170E+001,2.5461627E-002
2.7812170E+001,2.5497021E-002
2.7814170E+001,2.5503307E-002
2.7816170E+001,2.5482940E-002
2.7818170E+001,2.5439002E-002
2.7820170E+001,2.5375121E-002
2.7822170E+001,2.5295350E-002
2.7824170E+001,2.5204059E-002
2.7826170E+001,2.5105749E-002
2.7828170E+001,2.5004866E-002
2.7830170E+001,2.4905607E-002
2.7832170E+001,2.4811711E-002
2.7834170E+001,2.4726271E-002
2.7836170E+001,2.4651563E-002
2.7838170E+001,2.4588903E-002
2.7840170E+001,2.4538561E-002
2.7842170E+001,2.4499718E-002
2.7844170E+001,2.4470486E-002
2.7846170E+001,2.4447985E-002
2.7848170E+001,2.4428486E-002
2.7850170E+001,2.4407609E-002
2.7852170E+001,2.4380568E-002
2.7854170E+001,2.4342451E-002
2.7856170E+001,2.4288509E-002
2.7858170E+001,2.4214467E-002
2.7860170E+001,2.4116841E-002
2.7862170E+001,2.3993271E-002
2.7864170E+001,2.3842805E-002
2.7866170E+001,2.3666074E-002
2.7868170E+001,2.3465367E-002
2.7870170E+001,2.3244649E-002
2.7872170E+001,2.3009504E-002
2.7874170E+001,2.2767007E-002
2.7876170E+001,2.2525511E-002
2.7878170E+001,2.2294368E-002
2.7880170E+001,2.2083594E-002
2.7882170E+001,2.1903512E-002
2.7884170E+001,2.1764386E-002
2.7886170E+001,2.1676054E-002
2.7888170E+001,2.1647592E-002
2.7890170E+001,2.1687008E-002
2.7892170E+001,2.1800996E-002
2.7894170E+001,2.1994728E-002
2.7896170E+001,2.2271725E-002
2.7898170E+001,2.2633773E-002
2.7900170E+001,2.3080887E-002
2.7902170E+001,2.3611264E-002
2.7904170E+001,2.4220879E-002
2.7906170E+001,2.4905365E-002
2.7908170E+001,2.5655804E-002
2.7910170E+001,2.6463250E-002
2.7912170E+001,2.7317041E-002
2.7914170E+001,2.8204384E-002
2.7916170E+001,2.9110431E-002
2.7918170E+001,3.0019492E-002
2.7920170E+001,3.0920726E-002
2.7922170E+001,3.1814360E-002
2.7924170E+001,3.2708214E-002
2.7926170E+001,3.3601319E-002
2.7928170E+001,3.4471193E-002
2.7930170E+001,3.5282455E-002
2.7932170E+001,3.6007994E-002
2.7934170E+001,3.6638458E-002
2.7936170E+001,3.7174192E-002
2.7938170E+001,3.7614862E-002
2.7940170E+001,3.7957510E-002
2.7942170E+001,3.8199461E-002
2.7944170E+001,3.8340040E-002
2.7946170E+001,3.8380506E-002
2.7948170E+001,3.8323678E-002
2.7950170E+001,3.8173831E-002
2.7952170E+001,3.7936467E-002
2.7954170E+001,3.7617940E-002
2.7956170E+001,3.7225476E-002
2.7958170E+001,3.6766622E-002
2.7960170E+001,3.6249032E-002
2.7962170E+001,3.5680158E-002
2.7964170E+001,3.5066997E-002
2.7966170E+001,3.4415886E-002
2.7968170E+001,3.3732386E-002
2.7970170E+001,3.3021207E-002
2.7972170E+001,3.2286201E-002
2.7974170E+001,3.1530368E-002
2.7976170E+001,3.0755874E-002
2.7978170E+001,2.9964089E-002
2.7980170E+001,2.9155750E-002
2.7982170E+001,2.8331179E-002
2.7984170E+001,2.7490442E-002
2.7986170E+001,2.6633555E-002
2.7988170E+001,2.5761135E-002
2.7990170E+001,2.4875553E-002
2.7992170E+001,2.3982010E-002
2.7994170E+001,2.3088784E-002
2.7996170E+001,2.2206337E-002
2.7998170E+001,2.1345634E-002
2.8000170E+001,2.0516343E-002
2.8002170E+001,1.9725633E-002
2.8004170E+001,1.8977901E-002
2.8006170E+001,1.8275261E-002
2.8008170E+001,1.7618325E-002
2.8010170E+001,1.7006756E-002
2.8012170E+001,1.6439383E-002
2.8014170E+001,1.5914032E-002
2.8016170E+001,1.5427363E-002
2.8018170E+001,1.4974899E-002
2.8020170E+001,1.4551246E-002
2.8022170E+001,1.4150403E-002
2.8024170E+001,1.3766104E-002
2.8026170E+001,1.3392147E-002
2.8028170E+001,1.3022703E-002
2.8030170E+001,1.2652583E-002
2.8032170E+001,1.2277463E-002
2.8034170E+001,1.1894047E-002
2.8036170E+001,1.1500174E-002
2.8038170E+001,1.1094863E-002
2.8040170E+001,1.0678292E-002
2.8042170E+001,1.0251735E-002
2.8044170E+001,9.8174604E-003
2.8046170E+001,9.3786048E-003
2.8048170E+001,8.9390272E-003
2.8050170E+001,8.5031398E-003
2.8052170E+001,8.0757019E-003
2.8054170E+001,7.6615678E-003
2.8056170E+001,7.2653908E-003
2.8058170E+001,6.8913042E-003
2.8060170E+001,6.5426173E-003
2.8062170E+001,6.2215751E-003
2.8064170E+001,5.9292211E-003
2.8066170E+001,5.6653847E-003
2.8068170E+001,5.4287843E-003
2.8070170E+001,5.2172178E-003
2.8072170E+001,5.0277942E-003
2.8074170E+001,4.8571638E-003
2.8076170E+001,4.7017112E-003
2.8078170E+001,4.5576932E-003
2.8080170E+001,4.4213256E-003
2.8082170E+001,4.2888336E-003
2.8084170E+001,4.1564904E-003
2.8086170E+001,4.0206632E-003
2.8088170E+001,3.8778722E-003
2.8090170E+001,3.7248618E-003
2.8092170E+001,3.5586711E-003
2.8094170E+001,3.3766955E-003
2.8096170E+001,3.1767311E-003
2.8098170E+001,2.9570021E-003
2.8100170E+001,2.7161764E-003
2.8102170E+001,2.4533728E-003
2.8104170E+001,2.1681643E-003
2.8106170E+001,1.8605776E-003
2.8108170E+001,1.5310832E-003
2.8110170E+001,1.1805737E-003
2.8112170E+001,8.1032549E-004
2.8114170E+001,4.2194141E-004
2.8116170E+001,1.7278033E-005
2.8118170E+001,-4.0164299E-004
2.8120170E+001,-8.3271993E-004
2.8122170E+001,-1.2738629E-003
2.8124170E+001,-1.7230617E-003
2.8126170E+001,-2.1784410E-003
2.8128170E+001,-2.6383029E-003
2.8130170E+001,-3.1011258E-003
2.8132170E+001,-3.5655497E-003
2.8134170E+001,-4.0303472E-003
2.8136170E+001,-4.4943786E-003
2.8138170E+001,-4.9565432E-003
2.8140170E+001,-5.4157347E-003
2.8142170E+001,-5.8707894E-003
2.8144170E+001,-6.3205225E-003
2.8146170E+001,-6.7636715E-003
2.8148170E+001,-7.1988690E-003
2.8150170E+001,-7.6249265E-003
2.8152170E+001,-8.0406441E-003
2.8154170E+001,-8.4450772E-003
2.8156170E+001,-8.8375943E-003
2.8158170E+001,-9.2179793E-003
2.8160170E+001,-9.5864949E-003
2.8162170E+001,-9.9439431E-003
2.8164170E+001,-1.0291668E-002
2.8166170E+001,-1.0631511E-002
2.8168170E+001,-1.0965731E-002
2.8170170E+001,-1.1296886E-002
2.8172170E+001,-1.1627689E-002
2.8174170E+001,-1.1960831E-002
2.8176170E+001,-1.2298817E-002
2.8178170E+001,-1.2643793E-002
2.8180170E+001,-1.2997408E-002
2.8182170E+001,-1.3360688E-002
2.8184170E+001,-1.3733957E-002
2.8186170E+001,-1.4116795E-002
2.8188170E+001,-1.4508046E-002
2.8190170E+001,-1.4905862E-002
2.8192170E+001,-1.5307791E-002
2.8194170E+001,-1.5710896E-002
2.8196170E+001,-1.6111897E-002
2.8198170E+001,-1.6507337E-002
2.8200170E+001,-1.6893743E-002
2.8202170E+001,-1.7267787E-002
2.8204170E+001,-1.7626435E-002
2.8206170E+001,-1.7967066E-002
2.8208170E+001,-1.8287578E-002
2.8210170E+001,-1.8586474E-002
2.8212170E+001,-1.8862935E-002
2.8214170E+001,-1.9116845E-002
2.8216170E+001,-1.9348744E-002
2.8218170E+001,-1.9559698E-002
2.8220170E+001,-1.9751222E-002
2.8222170E+001,-1.9925254E-002
2.8224170E+001,-2.0084083E-002
2.8226170E+001,-2.0230173E-002
2.8228170E+001,-2.0365969E-002
2.8230170E+001,-2.0493751E-002
2.8232170E+001,-2.0615505E-002
2.8234170E+001,-2.0732805E-002
2.8236170E+001,-2.0846713E-002
2.8238170E+001,-2.0957720E-002
2.8240170E+001,-2.1065726E-002
2.8242170E+001,-2.1170064E-002
2.8244170E+001,-2.1269584E-002
2.8246170E+001,-2.1362776E-002
2.8248170E+001,-2.1447946E-002
2.8250170E+001,-2.1523426E-002
2.8252170E+001,-2.1587809E-002
2.8254170E+001,-2.1640202E-002
2.8256170E+001,-2.1680468E-002
2.8258170E+001,-2.1709442E-002
2.8260170E+001,-2.1729122E-002
2.8262170E+001,-2.1742795E-002
2.8264170E+001,-2.1755104E-002
2.8266170E+001,-2.1772040E-002
2.8268170E+001,-2.1800853E-002
2.8270170E+001,-2.1849890E-002
2.8272170E+001,-2.1928346E-002
2.8274170E+001,-2.2045966E-002
2.8276170E+001,-2.2212675E-002
2.8278170E+001,-2.2438190E-002
2.8280170E+001,-2.2731599E-002
2.8282170E+001,-2.3100959E-002
2.8284170E+001,-2.3552903E-002
2.8286170E+001,-2.4092304E-002
2.8288170E+001,-2.4721986E-002
2.8290170E+001,-2.5442521E-002
2.8292170E+001,-2.6252096E-002
2.8294170E+001,-2.7146477E-002
2.8296170E+001,-2.8119049E-002
2.8298170E+001,-2.9160943E-002
2.8300170E+001,-3.0261226E-002
2.8302170E+001,-3.1407153E-002
2.8304170E+001,-3.2584459E-002
2.8306170E+001,-3.3777689E-002
2.8308170E+001,-3.4970536E-002
2.8310170E+001,-3.6146202E-002
2.8312170E+001,-3.7287745E-002
2.8314170E+001,-3.8378426E-002
2.8316170E+001,-3.9402109E-002
2.8318170E+001,-4.0343569E-002
2.8320170E+001,-4.1188844E-002
2.8322170E+001,-4.1925555E-002
2.8324170E+001,-4.2543223E-002
2.8326170E+001,-4.3033521E-002
2.8328170E+001,-4.3390576E-002
2.8330170E+001,-4.3611253E-002
2.8332170E+001,-4.3695188E-002
2.8334170E+001,-4.3644826E-002
2.8336170E+001,-4.3465231E-002
2.8338170E+001,-4.3164124E-002
2.8340170E+001,-4.2751951E-002
2.8342170E+001,-4.2241655E-002
2.8344170E+001,-4.1648360E-002
2.8346170E+001,-4.0988590E-002
2.8348170E+001,-4.0279755E-002
2.8350170E+001,-3.9539827E-002
2.8352170E+001,-3.8786892E-002
2.8354170E+001,-3.8038352E-002
2.8356170E+001,-3.7310047E-002
2.8358170E+001,-3.6615550E-002
2.8360170E+001,-3.5965746E-002
2.8362170E+001,-3.5368673E-002
2.8364170E+001,-3.4829481E-002
2.8366170E+001,-3.4350412E-002
2.8368170E+001,-3.3930863E-002
2.8370170E+001,-3.3567593E-002
2.8372170E+001,-3.3255001E-002
2.8374170E+001,-3.2985410E-002
2.8376170E+001,-3.2749414E-002
2.8378170E+001,-3.2536389E-002
2.8380170E+001,-3.2335095E-002
2.8382170E+001,-3.2134287E-002
2.8384170E+001,-3.1923242E-002
2.8386170E+001,-3.1692233E-002
2.8388170E+001,-3.1432908E-002
2.8390170E+001,-3.1138563E-002
2.8392170E+001,-3.0804273E-002
2.8394170E+001,-3.0426882E-002
2.8396170E+001,-3.0004869E-002
2.8398170E+001,-2.9538161E-002
2.8400170E+001,-2.9027921E-002
2.8402170E+001,-2.8476334E-002
2.8404170E+001,-2.7886366E-002
2.8406170E+001,-2.7261504E-002
2.8408170E+001,-2.6605475E-002
2.8410170E+001,-2.5921981E-002
2.8412170E+001,-2.5214447E-002
2.8414170E+001,-2.4485812E-002
2.8416170E+001,-2.3738395E-002
2.8418170E+001,-2.2973900E-002
2.8420170E+001,-2.2193660E-002
2.8422170E+001,-2.1399202E-002
2.8424170E+001,-2.0593062E-002
2.8426170E+001,-1.9779610E-002
2.8428170E+001,-1.8965502E-002
2.8430170E+001,-1.8159478E-002
2.8432170E+001,-1.7371524E-002
2.8434170E+001,-1.6611789E-002
2.8436170E+001,-1.5889777E-002
2.8438170E+001,-1.5214085E-002
2.8440170E+001,-1.4592613E-002
2.8442170E+001,-1.4032863E-002
2.8444170E+001,-1.3541997E-002
2.8446170E+001,-1.3126546E-002
2.8448170E+001,-1.2791896E-002
2.8450170E+001,-1.2541727E-002
2.8452170E+001,-1.2377549E-002
2.8454170E+001,-1.2298378E-002
2.8456170E+001,-1.2300566E-002
2.8458170E+001,-1.2377784E-002
2.8460170E+001,-1.2521103E-002
2.8462170E+001,-1.2719184E-002
2.8464170E+001,-1.2958601E-002
2.8466170E+001,-1.3224234E-002
2.8468170E+001,-1.3499722E-002
2.8470170E+001,-1.3767945E-002
2.8472170E+001,-1.4011534E-002
2.8474170E+001,-1.4213383E-002
2.8476170E+001,-1.4357164E-002
2.8478170E+001,-1.4427832E-002
2.8480170E+001,-1.4412111E-002
2.8482170E+001,-1.4298936E-002
2.8484170E+001,-1.4079861E-002
2.8486170E+001,-1.3749408E-002
2.8488170E+001,-1.3305328E-002
2.8490170E+001,-1.2748793E-002
2.8492170E+001,-1.2084545E-002
2.8494170E+001,-1.1321388E-002
2.8496170E+001,-1.0471985E-002
2.8498170E+001,-9.5514776E-003
2.8500170E+001,-8.5747891E-003
2.8502170E+001,-7.5581688E-003
2.8504170E+001,-6.5248532E-003
2.8506170E+001,-5.5022655E-003
2.8508170E+001,-4.5145170E-003
2.8510170E+001,-3.5825708E-003
2.8512170E+001,-2.7267910E-003
2.8514170E+001,-1.9658589E-003
2.8516170E+001,-1.3155806E-003
2.8518170E+001,-7.8734373E-004
2.8520170E+001,-3.9014465E-004
2.8522170E+001,-1.2836754E-004
2.8524170E+001,-2.2386207E-006
2.8526170E+001,-8.3678353E-006
2.8528170E+001,-1.3925696E-004
2.8530170E+001,-3.8369653E-004
2.8532170E+001,-7.2702140E-004
2.8534170E+001,-1.1512764E-003
2.8536170E+001,-1.6357813E-003
2.8538170E+001,-2.1576417E-003
2.8540170E+001,-2.6924197E-003
2.8542170E+001,-3.2149094E-003
2.8544170E+001,-3.6999390E-003
2.8546170E+001,-4.1231722E-003
2.8548170E+001,-4.4618963E-003
2.8550170E+001,-4.6957737E-003
2.8552170E+001,-4.8075187E-003
2.8554170E+001,-4.7834022E-003
2.8556170E+001,-4.6135444E-003
2.8558170E+001,-4.2921231E-003
2.8560170E+001,-3.8175444E-003
2.8562170E+001,-3.1924724E-003
2.8564170E+001,-2.4236659E-003
2.8566170E+001,-1.5219672E-003
2.8568170E+001,-5.0044941E-004
2.8570170E+001,6.2278028E-004
2.8572170E+001,1.8280987E-003
2.8574170E+001,3.0932698E-003
2.8576170E+001,4.3951627E-003
2.8578170E+001,5.7146684E-003
2.8580170E+001,7.0389874E-003
2.8582170E+001,8.3506785E-003
2.8584170E+001,9.6205426E-003
2.8586170E+001,1.0820428E-002
2.8588170E+001,1.1933541E-002
2.8590170E+001,1.2948242E-002
2.8592170E+001,1.3852523E-002
2.8594170E+001,1.4635931E-002
2.8596170E+001,1.5291122E-002
2.8598170E+001,1.5813607E-002
2.8600170E+001,1.6201660E-002
2.8602170E+001,1.6456320E-002
2.8604170E+001,1.6581276E-002
2.8606170E+001,1.6582689E-002
2.8608170E+001,1.6468977E-002
2.8610170E+001,1.6250703E-002
2.8612170E+001,1.5940243E-002
2.8614170E+001,1.5551818E-002
2.8616170E+001,1.5101081E-002
2.8618170E+001,1.4604791E-002
2.8620170E+001,1.4080261E-002
2.8622170E+001,1.3545076E-002
2.8624170E+001,1.3017451E-002
2.8626170E+001,1.2516117E-002
2.8628170E+001,1.2059162E-002
2.8630170E+001,1.1663154E-002
2.8632170E+001,1.1343175E-002
2.8634170E+001,1.1112863E-002
2.8636170E+001,1.0984242E-002
2.8638170E+001,1.0967500E-002
2.8640170E+001,1.1070622E-002
2.8642170E+001,1.1299004E-002
2.8644170E+001,1.1655229E-002
2.8646170E+001,1.2139169E-002
2.8648170E+001,1.2748430E-002
2.8650170E+001,1.3478588E-002
2.8652170E+001,1.4322485E-002
2.8654170E+001,1.5272637E-002
2.8656170E+001,1.6316546E-002
2.8658170E+001,1.7441400E-002
2.8660170E+001,1.8631402E-002
2.8662170E+001,1.9869775E-002
2.8664170E+001,2.1139257E-002
2.8666170E+001,2.2428806E-002
2.8668170E+001,2.3736697E-002
2.8670170E+001,2.5056458E-002
2.8672170E+001,2.6363258E-002
2.8674170E+001,2.7627301E-002
2.8676170E+001,2.8832975E-002
2.8678170E+001,2.9974879E-002
2.8680170E+001,3.1046555E-002
2.8682170E+001,3.2040141E-002
2.8684170E+001,3.2949621E-002
2.8686170E+001,3.3771191E-002
2.8688170E+001,3.4502857E-002
2.8690170E+001,3.5144369E-002
2.8692170E+001,3.5697137E-002
2.8694170E+001,3.6164100E-002
2.8696170E+001,3.6549520E-002
2.8698170E+001,3.6858726E-002
2.8700170E+001,3.7097854E-002
2.8702170E+001,3.7273610E-002
2.8704170E+001,3.7393028E-002
2.8706170E+001,3.7463261E-002
2.8708170E+001,3.7491390E-002
2.8710170E+001,3.7484285E-002
2.8712170E+001,3.7448466E-002
2.8714170E+001,3.7390005E-002
2.8716170E+001,3.7314462E-002
2.8718170E+001,3.7227101E-002
2.8720170E+001,3.7132463E-002
2.8722170E+001,3.7034902E-002
2.8724170E+001,3.6938378E-002
2.8726170E+001,3.6846509E-002
2.8728170E+001,3.6762503E-002
2.8730170E+001,3.6689077E-002
2.8732170E+001,3.6628376E-002
2.8734170E+001,3.6581935E-002
2.8736170E+001,3.6550697E-002
2.8738170E+001,3.6534981E-002
2.8740170E+001,3.6534390E-002
2.8742170E+001,3.6547672E-002
2.8744170E+001,3.6572596E-002
2.8746170E+001,3.6605859E-002
2.8748170E+001,3.6643209E-002
2.8750170E+001,3.6679361E-002
2.8752170E+001,3.6708205E-002
2.8754170E+001,3.6722934E-002
2.8756170E+001,3.6716205E-002
2.8758170E+001,3.6680388E-002
2.8760170E+001,3.6607960E-002
2.8762170E+001,3.6491746E-002
2.8764170E+001,3.6325402E-002
2.8766170E+001,3.6103808E-002
2.8768170E+001,3.5823385E-002
2.8770170E+001,3.5482314E-002
2.8772170E+001,3.5080677E-002
2.8774170E+001,3.4620573E-002
2.8776170E+001,3.4106132E-002
2.8778170E+001,3.3543377E-002
2.8780170E+001,3.2939996E-002
2.8782170E+001,3.2305020E-002
2.8784170E+001,3.1648423E-002
2.8786170E+001,3.0980665E-002
2.8788170E+001,3.0312210E-002
2.8790170E+001,2.9653058E-002
2.8792170E+001,2.9012306E-002
2.8794170E+001,2.8397788E-002
2.8796170E+001,2.7815790E-002
2.8798170E+001,2.7270874E-002
2.8800170E+001,2.6765812E-002
2.8802170E+001,2.6301626E-002
2.8804170E+001,2.5877732E-002
2.8806170E+001,2.5492180E-002
2.8808170E+001,2.5141955E-002
2.8810170E+001,2.4823323E-002
2.8812170E+001,2.4532197E-002
2.8814170E+001,2.4264485E-002
2.8816170E+001,2.4016397E-002
2.8818170E+001,2.3784680E-002
2.8820170E+001,2.3566778E-002
2.8822170E+001,2.3360910E-002
2.8824170E+001,2.3166080E-002
2.8826170E+001,2.2982036E-002
2.8828170E+001,2.2809176E-002
2.8830170E+001,2.2648421E-002
2.8832170E+001,2.2501012E-002
2.8834170E+001,2.2368273E-002
2.8836170E+001,2.2251333E-002
2.8838170E+001,2.2150873E-002
2.8840170E+001,2.2066919E-002
2.8842170E+001,2.1998702E-002
2.8844170E+001,2.1944573E-002
2.8846170E+001,2.1901973E-002
2.8848170E+001,2.1867437E-002
2.8850170E+001,2.1836638E-002
2.8852170E+001,2.1804466E-002
2.8854170E+001,2.1765135E-002
2.8856170E+001,2.1712318E-002
2.8858170E+001,2.1639308E-002
2.8860170E+001,2.1539193E-002
2.8862170E+001,2.1405056E-002
2.8864170E+001,2.1230188E-002
2.8866170E+001,2.1008315E-002
2.8868170E+001,2.0733836E-002
2.8870170E+001,2.0402068E-002
2.8872170E+001,2.0009499E-002
2.8874170E+001,1.9554036E-002
2.8876170E+001,1.9035258E-002
2.8878170E+001,1.8454643E-002
2.8880170E+001,1.7815795E-002
2.8882170E+001,1.7124646E-002
2.8884170E+001,1.6389635E-002
2.8886170E+001,1.5621815E-002
2.8888170E+001,1.4834861E-002
2.8890170E+001,1.4044888E-002
2.8892170E+001,1.3270030E-002
2.8894170E+001,1.2529758E-002
2.8896170E+001,1.1843948E-002
2.8898170E+001,1.1231791E-002
2.8900170E+001,1.0710675E-002
2.8902170E+001,1.0295174E-002
2.8904170E+001,9.9962671E-003
2.8906170E+001,9.8208274E-003
2.8908170E+001,9.7714014E-003
2.8910170E+001,9.8462386E-003
2.8912170E+001,1.0039494E-002
2.8914170E+001,1.0341472E-002
2.8916170E+001,1.0738986E-002
2.8918170E+001,1.1215784E-002
2.8920170E+001,1.1753050E-002
2.8922170E+001,1.2330029E-002
2.8924170E+001,1.2924784E-002
2.8926170E+001,1.3515088E-002
2.8928170E+001,1.4079416E-002
2.8930170E+001,1.4597918E-002
2.8932170E+001,1.5053241E-002
2.8934170E+001,1.5431062E-002
2.8936170E+001,1.5720186E-002
2.8938170E+001,1.5912192E-002
2.8940170E+001,1.6000715E-002
2.8942170E+001,1.5980587E-002
2.8944170E+001,1.5847130E-002
2.8946170E+001,1.5595900E-002
2.8948170E+001,1.5223048E-002
2.8950170E+001,1.4726237E-002
2.8952170E+001,1.4105873E-002
2.8954170E+001,1.3366209E-002
2.8956170E+001,1.2515967E-002
2.8958170E+001,1.1568302E-002
2.8960170E+001,1.0540169E-002
2.8962170E+001,9.4512018E-003
2.8964170E+001,8.3226839E-003
2.8966170E+001,7.1759037E-003
2.8968170E+001,6.0314307E-003
2.8970170E+001,4.9088356E-003
2.8972170E+001,3.8243832E-003
2.8974170E+001,2.7879144E-003
2.8976170E+001,1.8049892E-003
2.8978170E+001,8.8476282E-004
2.8980170E+001,4.1427528E-005
2.8982170E+001,-7.1413410E-004
2.8984170E+001,-1.3788129E-003
2.8986170E+001,-1.9529721E-003
2.8988170E+001,-2.4368281E-003
2.8990170E+001,-2.8310987E-003
2.8992170E+001,-3.1379782E-003
2.8994170E+001,-3.3610805E-003
2.8996170E+001,-3.5052898E-003
2.8998170E+001,-3.5767214E-003
2.9000170E+001,-3.5826865E-003
2.9002170E+001,-3.5316529E-003
2.9004170E+001,-3.4332446E-003
2.9006170E+001,-3.2982557E-003
2.9008170E+001,-3.1385965E-003
2.9010170E+001,-2.9672015E-003
2.9012170E+001,-2.7978833E-003
2.9014170E+001,-2.6451427E-003
2.9016170E+001,-2.5239445E-003
2.9018170E+001,-2.4494662E-003
2.9020170E+001,-2.4368226E-003
2.9022170E+001,-2.5007606E-003
2.9024170E+001,-2.6553129E-003
2.9026170E+001,-2.9134304E-003
2.9028170E+001,-3.2866202E-003
2.9030170E+001,-3.7844375E-003
2.9032170E+001,-4.4132796E-003
2.9034170E+001,-5.1776392E-003
2.9036170E+001,-6.0825113E-003
2.9038170E+001,-7.1296312E-003
2.9040170E+001,-8.3120372E-003
2.9042170E+001,-9.6188192E-003
2.9044170E+001,-1.1038970E-002
2.9046170E+001,-1.2558208E-002
2.9048170E+001,-1.4158512E-002
2.9050170E+001,-1.5819082E-002
2.9052170E+001,-1.7517341E-002
2.9054170E+001,-1.9229568E-002
2.9056170E+001,-2.0931750E-002
2.9058170E+001,-2.2600420E-002
2.9060170E+001,-2.4213470E-002
2.9062170E+001,-2.5750879E-002
2.9064170E+001,-2.7195244E-002
2.9066170E+001,-2.8532229E-002
2.9068170E+001,-2.9750830E-002
2.9070170E+001,-3.0843446E-002
2.9072170E+001,-3.1805861E-002
2.9074170E+001,-3.2637117E-002
2.9076170E+001,-3.3339298E-002
2.9078170E+001,-3.3917258E-002
2.9080170E+001,-3.4378291E-002
2.9082170E+001,-3.4731788E-002
2.9084170E+001,-3.4988845E-002
2.9086170E+001,-3.5161874E-002
2.9088170E+001,-3.5264202E-002
2.9090170E+001,-3.5309686E-002
2.9092170E+001,-3.5312333E-002
2.9094170E+001,-3.5285922E-002
2.9096170E+001,-3.5243650E-002
2.9098170E+001,-3.5197829E-002
2.9100170E+001,-3.5159583E-002
2.9102170E+001,-3.5138578E-002
2.9104170E+001,-3.5142820E-002
2.9106170E+001,-3.5178473E-002
2.9108170E+001,-3.5249646E-002
2.9110170E+001,-3.5358829E-002
2.9112170E+001,-3.5506696E-002
2.9114170E+001,-3.5691418E-002
2.9116170E+001,-3.5909793E-002
2.9118170E+001,-3.6157162E-002
2.9120170E+001,-3.6427513E-002
2.9122170E+001,-3.6713909E-002
2.9124170E+001,-3.7008762E-002
2.9126170E+001,-3.7304161E-002
2.9128170E+001,-3.7592182E-002
2.9130170E+001,-3.7865182E-002
2.9132170E+001,-3.8116055E-002
2.9134170E+001,-3.8338443E-002
2.9136170E+001,-3.8526917E-002
2.9138170E+001,-3.8677103E-002
2.9140170E+001,-3.8785764E-002
2.9142170E+001,-3.8850826E-002
2.9144170E+001,-3.8871365E-002
2.9146170E+001,-3.8847532E-002
2.9148170E+001,-3.8780416E-002
2.9150170E+001,-3.8671915E-002
2.9152170E+001,-3.8524616E-002
2.9154170E+001,-3.8341578E-002
2.9156170E+001,-3.8126175E-002
2.9158170E+001,-3.7881899E-002
2.9160170E+001,-3.7612178E-002
2.9162170E+001,-3.7320229E-002
2.9164170E+001,-3.7008933E-002
2.9166170E+001,-3.6680733E-002
2.9168170E+001,-3.6337546E-002
2.9170170E+001,-3.5980669E-002
2.9172170E+001,-3.5610712E-002
2.9174170E+001,-3.5227641E-002
2.9176170E+001,-3.4831068E-002
2.9178170E+001,-3.4420746E-002
2.9180170E+001,-3.3996912E-002
2.9182170E+001,-3.3560231E-002
2.9184170E+001,-3.3111400E-002
2.9186170E+001,-3.2650881E-002
2.9188170E+001,-3.2179000E-002
2.9190170E+001,-3.1696299E-002
2.9192170E+001,-3.1203853E-002
2.9194170E+001,-3.0703438E-002
2.9196170E+001,-3.0197612E-002
2.9198170E+001,-2.9689776E-002
2.9200170E+001,-2.9184173E-002
2.9202170E+001,-2.8685802E-002
2.9204170E+001,-2.8200269E-002
2.9206170E+001,-2.7733611E-002
2.9208170E+001,-2.7292135E-002
2.9210170E+001,-2.6882228E-002
2.9212170E+001,-2.6510159E-002
2.9214170E+001,-2.6181833E-002
2.9216170E+001,-2.5902527E-002
2.9218170E+001,-2.5676654E-002
2.9220170E+001,-2.5507562E-002
2.9222170E+001,-2.5397384E-002
2.9224170E+001,-2.5346896E-002
2.9226170E+001,-2.5355365E-002
2.9228170E+001,-2.5420396E-002
2.9230170E+001,-2.5537806E-002
2.9232170E+001,-2.5701580E-002
2.9234170E+001,-2.5903952E-002
2.9236170E+001,-2.6135595E-002
2.9238170E+001,-2.6385878E-002
2.9240170E+001,-2.6643158E-002
2.9242170E+001,-2.6895092E-002
2.9244170E+001,-2.7128964E-002
2.9246170E+001,-2.7332024E-002
2.9248170E+001,-2.7491848E-002
2.9250170E+001,-2.7596701E-002
2.9252170E+001,-2.7635905E-002
2.9254170E+001,-2.7600189E-002
2.9256170E+001,-2.7482028E-002
2.9258170E+001,-2.7275955E-002
2.9260170E+001,-2.6978830E-002
2.9262170E+001,-2.6590066E-002
2.9264170E+001,-2.6111790E-002
2.9266170E+001,-2.5548927E-002
2.9268170E+001,-2.4909212E-002
2.9270170E+001,-2.4203242E-002
2.9272170E+001,-2.3444182E-002
2.9274170E+001,-2.2647443E-002
2.9276170E+001,-2.1829765E-002
2.9278170E+001,-2.1008026E-002
2.9280170E+001,-2.0199939E-002
2.9282170E+001,-1.9425558E-002
2.9284170E+001,-1.8705625E-002
2.9286170E+001,-1.8058460E-002
2.9288170E+001,-1.7499608E-002
2.9290170E+001,-1.7042688E-002
2.9292170E+001,-1.6698986E-002
2.9294170E+001,-1.6476691E-002
2.9296170E+001,-1.6380619E-002
2.9298170E+001,-1.6412106E-002
2.9300170E+001,-1.6568986E-002
2.9302170E+001,-1.6845631E-002
2.9304170E+001,-1.7233104E-002
2.9306170E+001,-1.7719400E-002
2.9308170E+001,-1.8289777E-002
2.9310170E+001,-1.8927123E-002
2.9312170E+001,-1.9612385E-002
2.9314170E+001,-2.0325031E-002
2.9316170E+001,-2.1043539E-002
2.9318170E+001,-2.1745903E-002
2.9320170E+001,-2.2410149E-002
2.9322170E+001,-2.3014872E-002
2.9324170E+001,-2.3539768E-002
2.9326170E+001,-2.3966171E-002
2.9328170E+001,-2.4277554E-002
2.9330170E+001,-2.4459970E-002
2.9332170E+001,-2.4502406E-002
2.9334170E+001,-2.4397050E-002
2.9336170E+001,-2.4139440E-002
2.9338170E+001,-2.3728565E-002
2.9340170E+001,-2.3166886E-002
2.9342170E+001,-2.2460342E-002
2.9344170E+001,-2.1618346E-002
2.9346170E+001,-2.0653702E-002
2.9348170E+001,-1.9582438E-002
2.9350170E+001,-1.8423477E-002
2.9352170E+001,-1.7198109E-002
2.9354170E+001,-1.5929255E-002
2.9356170E+001,-1.4640815E-002
2.9358170E+001,-1.3356551E-002
2.9360170E+001,-1.2099433E-002
2.9362170E+001,-1.0891290E-002
2.9364170E+001,-9.7518042E-003
2.9366170E+001,-8.6965391E-003
2.9368170E+001,-7.7352352E-003
2.9370170E+001,-6.8740477E-003
2.9372170E+001,-6.1208985E-003
2.9374170E+001,-5.4858993E-003
2.9376170E+001,-4.9749958E-003
2.9378170E+001,-4.5863447E-003
2.9380170E+001,-4.3135576E-003
2.9382170E+001,-4.1492000E-003
2.9384170E+001,-4.0848813E-003
2.9386170E+001,-4.1105813E-003
2.9388170E+001,-4.2148070E-003
2.9390170E+001,-4.3848821E-003
2.9392170E+001,-4.6071324E-003
2.9394170E+001,-4.8670579E-003
2.9396170E+001,-5.1494867E-003
2.9398170E+001,-5.4387233E-003
2.9400170E+001,-5.7186987E-003
2.9402170E+001,-5.9731318E-003
2.9404170E+001,-6.1857118E-003
2.9406170E+001,-6.3402983E-003
2.9408170E+001,-6.4211417E-003
2.9410170E+001,-6.4131369E-003
2.9412170E+001,-6.3021115E-003
2.9414170E+001,-6.0751566E-003
2.9416170E+001,-5.7210052E-003
2.9418170E+001,-5.2304437E-003
2.9420170E+001,-4.5967467E-003
2.9422170E+001,-3.8161646E-003
2.9424170E+001,-2.8890165E-003
2.9426170E+001,-1.8195857E-003
2.9428170E+001,-6.1369975E-004
2.9430170E+001,7.2341854E-004
2.9432170E+001,2.1841270E-003
2.9434170E+001,3.7469717E-003
2.9436170E+001,5.3892718E-003
2.9438170E+001,7.0920766E-003
2.9440170E+001,8.8359177E-003
2.9442170E+001,1.0599566E-002
2.9444170E+001,1.2361315E-002
2.9446170E+001,1.4099666E-002
2.9448170E+001,1.5793559E-002
2.9450170E+001,1.7423249E-002
2.9452170E+001,1.8970779E-002
2.9454170E+001,2.0420172E-002
2.9456170E+001,2.1757968E-002
2.9458170E+001,2.2973779E-002
2.9460170E+001,2.4060625E-002
2.9462170E+001,2.5015090E-002
2.9464170E+001,2.5837297E-002
2.9466170E+001,2.6530701E-002
2.9468170E+001,2.7101773E-002
2.9470170E+001,2.7559631E-002
2.9472170E+001,2.7915638E-002
2.9474170E+001,2.8183006E-002
2.9476170E+001,2.8376411E-002
2.9478170E+001,2.8511642E-002
2.9480170E+001,2.8605261E-002
2.9482170E+001,2.8674260E-002
2.9484170E+001,2.8735683E-002
2.9486170E+001,2.8806223E-002
2.9488170E+001,2.8901776E-002
2.9490170E+001,2.9036968E-002
2.9492170E+001,2.9224687E-002
2.9494170E+001,2.9475646E-002
2.9496170E+001,2.9798016E-002
2.9498170E+001,3.0197141E-002
2.9500170E+001,3.0675345E-002
2.9502170E+001,3.1231825E-002
2.9504170E+001,3.1862655E-002
2.9506170E+001,3.2560914E-002
2.9508170E+001,3.3316935E-002
2.9510170E+001,3.4118686E-002
2.9512170E+001,3.4952226E-002
2.9514170E+001,3.5802248E-002
2.9516170E+001,3.6652653E-002
2.9518170E+001,3.7487132E-002
2.9520170E+001,3.8289722E-002
2.9522170E+001,3.9045290E-002
2.9524170E+001,3.9740084E-002
2.9526170E+001,4.0362014E-002
2.9528170E+001,4.0900880E-002
2.9530170E+001,4.1348576E-002
2.9532170E+001,4.1699342E-002
2.9534170E+001,4.1949604E-002
2.9536170E+001,4.2097774E-002
2.9538170E+001,4.2144343E-002
2.9540170E+001,4.2091725E-002
2.9542170E+001,4.1943956E-002
2.9544170E+001,4.1706354E-002
2.9546170E+001,4.1385618E-002
2.9548170E+001,4.0989781E-002
2.9550170E+001,4.0527785E-002
2.9552170E+001,4.0009291E-002
2.9554170E+001,3.9444586E-002
2.9556170E+001,3.8844386E-002
2.9558170E+001,3.8219632E-002
2.9560170E+001,3.7581329E-002
2.9562170E+001,3.6940415E-002
2.9564170E+001,3.6307635E-002
2.9566170E+001,3.5693406E-002
2.9568170E+001,3.5107648E-002
2.9570170E+001,3.4559612E-002
2.9572170E+001,3.4057817E-002
2.9574170E+001,3.3610044E-002
2.9576170E+001,3.3223256E-002
2.9578170E+001,3.2903364E-002
2.9580170E+001,3.2654969E-002
2.9582170E+001,3.2481242E-002
2.9584170E+001,3.2383926E-002
2.9586170E+001,3.2363363E-002
2.9588170E+001,3.2418508E-002
2.9590170E+001,3.2546956E-002
2.9592170E+001,3.2744994E-002
2.9594170E+001,3.3007674E-002
2.9596170E+001,3.3328904E-002
2.9598170E+001,3.3701540E-002
2.9600170E+001,3.4117498E-002
2.9602170E+001,3.4567857E-002
2.9604170E+001,3.5043007E-002
2.9606170E+001,3.5532818E-002
2.9608170E+001,3.6026814E-002
2.9610170E+001,3.6514281E-002
2.9612170E+001,3.6984312E-002
2.9614170E+001,3.7425665E-002
2.9616170E+001,3.7828153E-002
2.9618170E+001,3.8180335E-002
2.9620170E+001,3.8472490E-002
2.9622170E+001,3.8694991E-002
2.9624170E+001,3.8839011E-002
2.9626170E+001,3.8896610E-002
2.9628170E+001,3.8860856E-002
2.9630170E+001,3.8726090E-002
2.9632170E+001,3.8488092E-002
2.9634170E+001,3.8144149E-002
2.9636170E+001,3.7693362E-002
2.9638170E+001,3.7136728E-002
2.9640170E+001,3.6477257E-002
2.9642170E+001,3.5719986E-002
2.9644170E+001,3.4871932E-002
2.9646170E+001,3.3941975E-002
2.9648170E+001,3.2940693E-002
2.9650170E+001,3.1880177E-002
2.9652170E+001,3.0773910E-002
2.9654170E+001,2.9636734E-002
2.9656170E+001,2.8484865E-002
2.9658170E+001,2.7335997E-002
2.9660170E+001,2.6209068E-002
2.9662170E+001,2.5123493E-002
2.9664170E+001,2.4097757E-002
2.9666170E+001,2.3147898E-002
2.9668170E+001,2.2286862E-002
2.9670170E+001,2.1524904E-002
2.9672170E+001,2.0869875E-002
2.9674170E+001,2.0326638E-002
2.9676170E+001,1.9896643E-002
2.9678170E+001,1.9578477E-002
2.9680170E+001,1.9368651E-002
2.9682170E+001,1.9261827E-002
2.9684170E+001,1.9250767E-002
2.9686170E+001,1.9326441E-002
2.9688170E+001,1.9478256E-002
2.9690170E+001,1.9694304E-002
2.9692170E+001,1.9961670E-002
2.9694170E+001,2.0266747E-002
2.9696170E+001,2.0595575E-002
2.9698170E+001,2.0934167E-002
2.9700170E+001,2.1268841E-002
2.9702170E+001,2.1586519E-002
2.9704170E+001,2.1875005E-002
2.9706170E+001,2.2123222E-002
2.9708170E+001,2.2321412E-002
2.9710170E+001,2.2461299E-002
2.9712170E+001,2.2536219E-002
2.9714170E+001,2.2541204E-002
2.9716170E+001,2.2473025E-002
2.9718170E+001,2.2330188E-002
2.9720170E+001,2.2112897E-002
2.9722170E+001,2.1822971E-002
2.9724170E+001,2.1463731E-002
2.9726170E+001,2.1039873E-002
2.9728170E+001,2.0557315E-002
2.9730170E+001,2.0023026E-002
2.9732170E+001,1.9444829E-002
2.9734170E+001,1.8831182E-002
2.9736170E+001,1.8191229E-002
2.9738170E+001,1.7534458E-002
2.9740170E+001,1.6870576E-002
2.9742170E+001,1.6208548E-002
2.9744170E+001,1.5554844E-002
2.9746170E+001,1.4914416E-002
2.9748170E+001,1.4294545E-002
2.9750170E+001,1.3704774E-002
2.9752170E+001,1.3152155E-002
2.9754170E+001,1.2639718E-002
2.9756170E+001,1.2169009E-002
2.9758170E+001,1.1741242E-002
2.9760170E+001,1.1356633E-002
2.9762170E+001,1.1014126E-002
2.9764170E+001,1.0711531E-002
2.9766170E+001,1.0445616E-002
2.9768170E+001,1.0212217E-002
2.9770170E+001,1.0006402E-002
2.9772170E+001,9.8226528E-003
2.9774170E+001,9.6550700E-003
2.9776170E+001,9.4975791E-003
2.9778170E+001,9.3441220E-003
2.9780170E+001,9.1888300E-003
2.9782170E+001,9.0261726E-003
2.9784170E+001,8.8510792E-003
2.9786170E+001,8.6590273E-003
2.9788170E+001,8.4460934E-003
2.9790170E+001,8.2089662E-003
2.9792170E+001,7.9449265E-003
2.9794170E+001,7.6517966E-003
2.9796170E+001,7.3278639E-003
2.9798170E+001,6.9717847E-003
2.9800170E+001,6.5824798E-003
2.9802170E+001,6.1590331E-003
2.9804170E+001,5.7006053E-003
2.9806170E+001,5.2063633E-003
2.9808170E+001,4.6754200E-003
2.9810170E+001,4.1067799E-003
2.9812170E+001,3.4993014E-003
2.9814170E+001,2.8516959E-003
2.9816170E+001,2.1625896E-003
2.9818170E+001,1.4306607E-003
2.9820170E+001,6.5485069E-004
2.9822170E+001,-1.6536573E-004
2.9824170E+001,-1.0296809E-003
2.9826170E+001,-1.9366512E-003
2.9828170E+001,-2.8834647E-003
2.9830170E+001,-3.8657921E-003
2.9832170E+001,-4.8778312E-003
2.9834170E+001,-5.9124960E-003
2.9836170E+001,-6.9617200E-003
2.9838170E+001,-8.0169045E-003
2.9840170E+001,-9.0694545E-003
2.9842170E+001,-1.0110810E-002
2.9844170E+001,-1.1133116E-002
2.9846170E+001,-1.2129162E-002
2.9848170E+001,-1.3092516E-002
2.9850170E+001,-1.4017489E-002
2.9852170E+001,-1.4899159E-002
2.9854170E+001,-1.5733421E-002
2.9856170E+001,-1.6517047E-002
2.9858170E+001,-1.7247832E-002
2.9860170E+001,-1.7924690E-002
2.9862170E+001,-1.8547726E-002
2.9864170E+001,-1.9118286E-002
2.9866170E+001,-1.9638934E-002
2.9868170E+001,-2.0113389E-002
2.9870170E+001,-2.0546409E-002
2.9872170E+001,-2.0943646E-002
2.9874170E+001,-2.1311474E-002
2.9876170E+001,-2.1656790E-002
2.9878170E+001,-2.1986798E-002
2.9880170E+001,-2.2308765E-002
2.9882170E+001,-2.2629753E-002
2.9884170E+001,-2.2956348E-002
2.9886170E+001,-2.3294385E-002
2.9888170E+001,-2.3648688E-002
2.9890170E+001,-2.4022843E-002
2.9892170E+001,-2.4419019E-002
2.9894170E+001,-2.4837843E-002
2.9896170E+001,-2.5278343E-002
2.9898170E+001,-2.5737962E-002
2.9900170E+001,-2.6212640E-002
2.9902170E+001,-2.6696959E-002
2.9904170E+001,-2.7184348E-002
2.9906170E+001,-2.7667342E-002
2.9908170E+001,-2.8137871E-002
2.9910170E+001,-2.8587576E-002
2.9912170E+001,-2.9008141E-002
2.9914170E+001,-2.9391621E-002
2.9916170E+001,-2.9730758E-002
2.9918170E+001,-3.0019262E-002
2.9920170E+001,-3.0252061E-002
2.9922170E+001,-3.0425494E-002
2.9924170E+001,-3.0537455E-002
2.9926170E+001,-3.0587474E-002
2.9928170E+001,-3.0576733E-002
2.9930170E+001,-3.0507992E-002
2.9932170E+001,-3.0385498E-002
2.9934170E+001,-3.0214887E-002
2.9936170E+001,-3.0002969E-002
2.9938170E+001,-2.9757515E-002
2.9940170E+001,-2.9486997E-002
2.9942170E+001,-2.9200316E-002
2.9944170E+001,-2.8906522E-002
2.9946170E+001,-2.8614559E-002
2.9948170E+001,-2.8333009E-002
2.9950170E+001,-2.8069886E-002
2.9952170E+001,-2.7832446E-002
2.9954170E+001,-2.7627053E-002
2.9956170E+001,-2.7459086E-002
2.9958170E+001,-2.7332882E-002
2.9960170E+001,-2.7251727E-002
2.9962170E+001,-2.7217874E-002
2.9964170E+001,-2.7232574E-002
2.9966170E+001,-2.7296137E-002
2.9968170E+001,-2.7408009E-002
2.9970170E+001,-2.7566881E-002
2.9972170E+001,-2.7770777E-002
2.9974170E+001,-2.8017110E-002
2.9976170E+001,-2.8302735E-002
2.9978170E+001,-2.8624005E-002
2.9980170E+001,-2.8976809E-002
2.9982170E+001,-2.9356611E-002
2.9984170E+001,-2.9758537E-002
2.9986170E+001,-3.0177546E-002
2.9988170E+001,-3.0607763E-002
2.9990170E+001,-3.1043472E-002
2.9992170E+001,-3.1478593E-002
2.9994170E+001,-3.1906846E-002
2.9996170E+001,-3.2324278E-002
2.9998170E+001,-3.2732661E-002
3.0000170E+001,-3.3136491E-002
3.0002170E+001,-3.3532831E-002
3.0004170E+001,-3.3909089E-002
3.0006170E+001,-3.4254234E-002
3.0008170E+001,-3.4566136E-002
3.0010170E+001,-3.4846429E-002
3.0012170E+001,-3.5094825E-002
3.0014170E+001,-3.5309514E-002
3.0016170E+001,-3.5488747E-002
3.0018170E+001,-3.5630938E-002
3.0020170E+001,-3.5734474E-002
3.0022170E+001,-3.5797725E-002
3.0024170E+001,-3.5819070E-002
3.0026170E+001,-3.5796930E-002
3.0028170E+001,-3.5729818E-002
3.0030170E+001,-3.5616456E-002
3.0032170E+001,-3.5455953E-002
3.0034170E+001,-3.5247950E-002
3.0036170E+001,-3.4992799E-002
3.0038170E+001,-3.4691708E-002
3.0040170E+001,-3.4346861E-002
3.0042170E+001,-3.3961513E-002
3.0044170E+001,-3.3540032E-002
3.0046170E+001,-3.3087888E-002
3.0048170E+001,-3.2611575E-002
3.0050170E+001,-3.2118458E-002
3.0052170E+001,-3.1616610E-002
3.0054170E+001,-3.1114683E-002
3.0056170E+001,-3.0621840E-002
3.0058170E+001,-3.0147619E-002
3.0060170E+001,-2.9701659E-002
3.0062170E+001,-2.9293337E-002
3.0064170E+001,-2.8931395E-002
3.0066170E+001,-2.8623582E-002
3.0068170E+001,-2.8376311E-002
3.0070170E+001,-2.8194413E-002
3.0072170E+001,-2.8081067E-002
3.0074170E+001,-2.8037839E-002
3.0076170E+001,-2.8064736E-002
3.0078170E+001,-2.8160238E-002
3.0080170E+001,-2.8321309E-002
3.0082170E+001,-2.8543450E-002
3.0084170E+001,-2.8820807E-002
3.0086170E+001,-2.9146322E-002
3.0088170E+001,-2.9512001E-002
3.0090170E+001,-2.9909396E-002
3.0092170E+001,-3.0330266E-002
3.0094170E+001,-3.0767177E-002
3.0096170E+001,-3.1213576E-002
3.0098170E+001,-3.1662997E-002
3.0100170E+001,-3.2107625E-002
3.0102170E+001,-3.2537038E-002
3.0104170E+001,-3.2938096E-002
3.0106170E+001,-3.3295938E-002
3.0108170E+001,-3.3596375E-002
3.0110170E+001,-3.3827323E-002
3.0112170E+001,-3.3979394E-002
3.0114170E+001,-3.4045409E-002
3.0116170E+001,-3.4019700E-002
3.0118170E+001,-3.3897724E-002
3.0120170E+001,-3.3676221E-002
3.0122170E+001,-3.3353530E-002
3.0124170E+001,-3.2929825E-002
3.0126170E+001,-3.2407187E-002
3.0128170E+001,-3.1789501E-002
3.0130170E+001,-3.1082341E-002
3.0132170E+001,-3.0292967E-002
3.0134170E+001,-2.9430574E-002
3.0136170E+001,-2.8506791E-002
3.0138170E+001,-2.7536227E-002
3.0140170E+001,-2.6536680E-002
3.0142170E+001,-2.5528546E-002
3.0144170E+001,-2.4533305E-002
3.0146170E+001,-2.3571444E-002
3.0148170E+001,-2.2660423E-002
3.0150170E+001,-2.1813368E-002
3.0152170E+001,-2.1038706E-002
3.0154170E+001,-2.0340648E-002
3.0156170E+001,-1.9720356E-002
3.0158170E+001,-1.9177386E-002
3.0160170E+001,-1.8710383E-002
3.0162170E+001,-1.8316491E-002
3.0164170E+001,-1.7990538E-002
3.0166170E+001,-1.7725176E-002
3.0168170E+001,-1.7511687E-002
3.0170170E+001,-1.7340595E-002
3.0172170E+001,-1.7201949E-002
3.0174170E+001,-1.7085578E-002
3.0176170E+001,-1.6981367E-002
3.0178170E+001,-1.6879476E-002
3.0180170E+001,-1.6770515E-002
3.0182170E+001,-1.6645674E-002
3.0184170E+001,-1.6496818E-002
3.0186170E+001,-1.6316527E-002
3.0188170E+001,-1.6098120E-002
3.0190170E+001,-1.5835641E-002
3.0192170E+001,-1.5523838E-002
3.0194170E+001,-1.5158144E-002
3.0196170E+001,-1.4734666E-002
3.0198170E+001,-1.4250165E-002
3.0200170E+001,-1.3702048E-002
3.0202170E+001,-1.3088347E-002
3.0204170E+001,-1.2407705E-002
3.0206170E+001,-1.1659374E-002
3.0208170E+001,-1.0843248E-002
3.0210170E+001,-9.9599320E-003
3.0212170E+001,-9.0108573E-003
3.0214170E+001,-7.9984110E-003
3.0216170E+001,-6.9260550E-003
3.0218170E+001,-5.7984026E-003
3.0220170E+001,-4.6212313E-003
3.0222170E+001,-3.4014231E-003
3.0224170E+001,-2.1468402E-003
3.0226170E+001,-8.6615319E-004
3.0228170E+001,4.3134635E-004
3.0230170E+001,1.7359791E-003
3.0232170E+001,3.0375277E-003
3.0234170E+001,4.3273408E-003
3.0236170E+001,5.5943985E-003
3.0238170E+001,6.8300926E-003
3.0240170E+001,8.0256973E-003
3.0242170E+001,9.1733660E-003
3.0244170E+001,1.0266195E-002
3.0246170E+001,1.1298418E-002
3.0248170E+001,1.2265570E-002
3.0250170E+001,1.3164599E-002
3.0252170E+001,1.3993951E-002
3.0254170E+001,1.4753605E-002
3.0256170E+001,1.5445159E-002
3.0258170E+001,1.6071832E-002
3.0260170E+001,1.6638330E-002
3.0262170E+001,1.7150668E-002
3.0264170E+001,1.7615973E-002
3.0266170E+001,1.8042215E-002
3.0268170E+001,1.8437897E-002
3.0270170E+001,1.8811732E-002
3.0272170E+001,1.9172333E-002
3.0274170E+001,1.9527931E-002
3.0276170E+001,1.9886133E-002
3.0278170E+001,2.0253726E-002
3.0280170E+001,2.0636512E-002
3.0282170E+001,2.1039197E-002
3.0284170E+001,2.1465293E-002
3.0286170E+001,2.1917066E-002
3.0288170E+001,2.2395494E-002
3.0290170E+001,2.2900265E-002
3.0292170E+001,2.3429792E-002
3.0294170E+001,2.3981272E-002
3.0296170E+001,2.4550778E-002
3.0298170E+001,2.5133388E-002
3.0300170E+001,2.5723343E-002
3.0302170E+001,2.6314242E-002
3.0304170E+001,2.6899247E-002
3.0306170E+001,2.7471294E-002
3.0308170E+001,2.8023299E-002
3.0310170E+001,2.8548351E-002
3.0312170E+001,2.9039889E-002
3.0314170E+001,2.9491850E-002
3.0316170E+001,2.9898800E-002
3.0318170E+001,3.0256032E-002
3.0320170E+001,3.0559656E-002
3.0322170E+001,3.0806655E-002
3.0324170E+001,3.0994931E-002
3.0326170E+001,3.1123323E-002
3.0328170E+001,3.1191612E-002
3.0330170E+001,3.1200509E-002
3.0332170E+001,3.1151540E-002
3.0334170E+001,3.1047164E-002
3.0336170E+001,3.0890532E-002
3.0338170E+001,3.0685575E-002
3.0340170E+001,3.0436909E-002
3.0342170E+001,3.0149767E-002
3.0344170E+001,2.9829926E-002
3.0346170E+001,2.9483632E-002
3.0348170E+001,2.9117515E-002
3.0350170E+001,2.8738502E-002
3.0352170E+001,2.8353718E-002
3.0354170E+001,2.7970379E-002
3.0356170E+001,2.7595677E-002
3.0358170E+001,2.7236648E-002
3.0360170E+001,2.6900033E-002
3.0362170E+001,2.6592140E-002
3.0364170E+001,2.6318753E-002
3.0366170E+001,2.6085066E-002
3.0368170E+001,2.5895587E-002
3.0370170E+001,2.5753976E-002
3.0372170E+001,2.5662885E-002
3.0374170E+001,2.5623870E-002
3.0376170E+001,2.5637384E-002
3.0378170E+001,2.5702818E-002
3.0380170E+001,2.5818537E-002
3.0382170E+001,2.5981959E-002
3.0384170E+001,2.6189658E-002
3.0386170E+001,2.6437481E-002
3.0388170E+001,2.6720690E-002
3.0390170E+001,2.7034106E-002
3.0392170E+001,2.7372264E-002
3.0394170E+001,2.7729572E-002
3.0396170E+001,2.8100424E-002
3.0398170E+001,2.8479168E-002
3.0400170E+001,2.8860894E-002
3.0402170E+001,2.9240031E-002
3.0404170E+001,2.9612140E-002
3.0406170E+001,2.9972774E-002
3.0408170E+001,3.0317990E-002
3.0410170E+001,3.0644170E-002
3.0412170E+001,3.0947770E-002
3.0414170E+001,3.1225892E-002
3.0416170E+001,3.1476169E-002
3.0418170E+001,3.1696390E-002
3.0420170E+001,3.1884259E-002
3.0422170E+001,3.2037275E-002
3.0424170E+001,3.2153893E-002
3.0426170E+001,3.2236629E-002
3.0428170E+001,3.2294518E-002
3.0430170E+001,3.2339358E-002
3.0432170E+001,3.2376169E-002
3.0434170E+001,3.2398867E-002
3.0436170E+001,3.2398483E-002
3.0438170E+001,3.2374202E-002
3.0440170E+001,3.2334446E-002
3.0442170E+001,3.2289674E-002
3.0444170E+001,3.2248037E-002
3.0446170E+001,3.2216012E-002
3.0448170E+001,3.2199900E-002
3.0450170E+001,3.2205973E-002
3.0452170E+001,3.2240097E-002
3.0454170E+001,3.2307333E-002
3.0456170E+001,3.2412342E-002
3.0458170E+001,3.2558988E-002
3.0460170E+001,3.2749537E-002
3.0462170E+001,3.2984987E-002
3.0464170E+001,3.3265427E-002
3.0466170E+001,3.3589563E-002
3.0468170E+001,3.3954819E-002
3.0470170E+001,3.4357455E-002
3.0472170E+001,3.4792636E-002
3.0474170E+001,3.5254580E-002
3.0476170E+001,3.5736725E-002
3.0478170E+001,3.6231915E-002
3.0480170E+001,3.6732606E-002
3.0482170E+001,3.7231076E-002
3.0484170E+001,3.7719617E-002
3.0486170E+001,3.8190684E-002
3.0488170E+001,3.8636990E-002
3.0490170E+001,3.9051559E-002
3.0492170E+001,3.9427789E-002
3.0494170E+001,3.9759565E-002
3.0496170E+001,4.0041432E-002
3.0498170E+001,4.0268788E-002
3.0500170E+001,4.0438042E-002
3.0502170E+001,4.0546687E-002
3.0504170E+001,4.0593319E-002
3.0506170E+001,4.0577610E-002
3.0508170E+001,4.0500224E-002
3.0510170E+001,4.0362943E-002
3.0512170E+001,4.0168385E-002
3.0514170E+001,3.9920061E-002
3.0516170E+001,3.9622121E-002
3.0518170E+001,3.9279514E-002
3.0520170E+001,3.8898363E-002
3.0522170E+001,3.8485820E-002
3.0524170E+001,3.8049170E-002
3.0526170E+001,3.7594939E-002
3.0528170E+001,3.7128580E-002
3.0530170E+001,3.6654643E-002
3.0532170E+001,3.6177065E-002
3.0534170E+001,3.5699210E-002
3.0536170E+001,3.5223788E-002
3.0538170E+001,3.4752871E-002
3.0540170E+001,3.4287895E-002
3.0542170E+001,3.3829523E-002
3.0544170E+001,3.3377495E-002
3.0546170E+001,3.2930650E-002
3.0548170E+001,3.2487087E-002
3.0550170E+001,3.2044411E-002
3.0552170E+001,3.1600064E-002
3.0554170E+001,3.1151657E-002
3.0556170E+001,3.0697066E-002
3.0558170E+001,3.0234200E-002
3.0560170E+001,2.9760704E-002
3.0562170E+001,2.9273941E-002
3.0564170E+001,2.8771376E-002
3.0566170E+001,2.8251036E-002
3.0568170E+001,2.7711657E-002
3.0570170E+001,2.7152427E-002
3.0572170E+001,2.6572530E-002
3.0574170E+001,2.5970818E-002
3.0576170E+001,2.5345722E-002
3.0578170E+001,2.4695318E-002
3.0580170E+001,2.4017413E-002
3.0582170E+001,2.3309525E-002
3.0584170E+001,2.2568774E-002
3.0586170E+001,2.1791793E-002
3.0588170E+001,2.0974794E-002
3.0590170E+001,2.0113863E-002
3.0592170E+001,1.9205422E-002
3.0594170E+001,1.8246745E-002
3.0596170E+001,1.7236397E-002
3.0598170E+001,1.6174514E-002
3.0600170E+001,1.5062940E-002
3.0602170E+001,1.3905249E-002
3.0604170E+001,1.2706678E-002
3.0606170E+001,1.1473997E-002
3.0608170E+001,1.0215302E-002
3.0610170E+001,8.9397523E-003
3.0612170E+001,7.6572558E-003
3.0614170E+001,6.3781385E-003
3.0616170E+001,5.1128027E-003
3.0618170E+001,3.8713885E-003
3.0620170E+001,2.6634452E-003
3.0622170E+001,1.4976226E-003
3.0624170E+001,3.8139700E-004
3.0626170E+001,-6.7915276E-004
3.0628170E+001,-1.6795174E-003
3.0630170E+001,-2.6168430E-003
3.0632170E+001,-3.4899722E-003
3.0634170E+001,-4.2993681E-003
3.0636170E+001,-5.0470173E-003
3.0638170E+001,-5.7364958E-003
3.0640170E+001,-6.3722598E-003
3.0642170E+001,-6.9600843E-003
3.0644170E+001,-7.5063077E-003
3.0646170E+001,-8.0178913E-003
3.0648170E+001,-8.5020523E-003
3.0650170E+001,-8.9660005E-003
3.0652170E+001,-9.4166970E-003
3.0654170E+001,-9.8606381E-003
3.0656170E+001,-1.0303644E-002
3.0658170E+001,-1.0750717E-002
3.0660170E+001,-1.1205939E-002
3.0662170E+001,-1.1672392E-002
3.0664170E+001,-1.2152138E-002
3.0666170E+001,-1.2646235E-002
3.0668170E+001,-1.3154789E-002
3.0670170E+001,-1.3677021E-002
3.0672170E+001,-1.4211372E-002
3.0674170E+001,-1.4755607E-002
3.0676170E+001,-1.5306936E-002
3.0678170E+001,-1.5862142E-002
3.0680170E+001,-1.6417716E-002
3.0682170E+001,-1.6970000E-002
3.0684170E+001,-1.7515308E-002
3.0686170E+001,-1.8050050E-002
3.0688170E+001,-1.8570838E-002
3.0690170E+001,-1.9074589E-002
3.0692170E+001,-1.9558609E-002
3.0694170E+001,-2.0020662E-002
3.0696170E+001,-2.0459016E-002
3.0698170E+001,-2.0872473E-002
3.0700170E+001,-2.1260362E-002
3.0702170E+001,-2.1622521E-002
3.0704170E+001,-2.1959240E-002
3.0706170E+001,-2.2271187E-002
3.0708170E+001,-2.2559306E-002
3.0710170E+001,-2.2824704E-002
3.0712170E+001,-2.3068528E-002
3.0714170E+001,-2.3291848E-002
3.0716170E+001,-2.3495543E-002
3.0718170E+001,-2.3680217E-002
3.0720170E+001,-2.3846135E-002
3.0722170E+001,-2.3993199E-002
3.0724170E+001,-2.4120966E-002
3.0726170E+001,-2.4228704E-002
3.0728170E+001,-2.4315479E-002
3.0730170E+001,-2.4380285E-002
3.0732170E+001,-2.4422199E-002
3.0734170E+001,-2.4440527E-002
3.0736170E+001,-2.4434988E-002
3.0738170E+001,-2.4405847E-002
3.0740170E+001,-2.4354012E-002
3.0742170E+001,-2.4281158E-002
3.0744170E+001,-2.4189760E-002
3.0746170E+001,-2.4083079E-002
3.0748170E+001,-2.3965088E-002
3.0750170E+001,-2.3840346E-002
3.0752170E+001,-2.3713833E-002
3.0754170E+001,-2.3590733E-002
3.0756170E+001,-2.3476205E-002
3.0758170E+001,-2.3375135E-002
3.0760170E+001,-2.3291916E-002
3.0762170E+001,-2.3230233E-002
3.0764170E+001,-2.3192893E-002
3.0766170E+001,-2.3181710E-002
3.0768170E+001,-2.3197439E-002
3.0770170E+001,-2.3239781E-002
3.0772170E+001,-2.3307438E-002
3.0774170E+001,-2.3398218E-002
3.0776170E+001,-2.3509194E-002
3.0778170E+001,-2.3636897E-002
3.0780170E+001,-2.3777534E-002
3.0782170E+001,-2.3927230E-002
3.0784170E+001,-2.4082238E-002
3.0786170E+001,-2.4238997E-002
3.0788170E+001,-2.4394316E-002
3.0790170E+001,-2.4545580E-002
3.0792170E+001,-2.4690811E-002
3.0794170E+001,-2.4829523E-002
3.0796170E+001,-2.4963730E-002
3.0798170E+001,-2.5096471E-002
3.0800170E+001,-2.5228591E-002
3.0802170E+001,-2.5359335E-002
3.0804170E+001,-2.5490149E-002
3.0806170E+001,-2.5625205E-002
3.0808170E+001,-2.5769024E-002
3.0810170E+001,-2.5925598E-002
3.0812170E+001,-2.6098873E-002
3.0814170E+001,-2.6292824E-002
3.0816170E+001,-2.6511252E-002
3.0818170E+001,-2.6757654E-002
3.0820170E+001,-2.7035111E-002
3.0822170E+001,-2.7346174E-002
3.0824170E+001,-2.7692767E-002
3.0826170E+001,-2.8076114E-002
3.0828170E+001,-2.8496680E-002
3.0830170E+001,-2.8954145E-002
3.0832170E+001,-2.9447408E-002
3.0834170E+001,-2.9974615E-002
3.0836170E+001,-3.0533206E-002
3.0838170E+001,-3.1119973E-002
3.0840170E+001,-3.1731155E-002
3.0842170E+001,-3.2362534E-002
3.0844170E+001,-3.3009552E-002
3.0846170E+001,-3.3667432E-002
3.0848170E+001,-3.4331298E-002
3.0850170E+001,-3.4996295E-002
3.0852170E+001,-3.5657698E-002
3.0854170E+001,-3.6310997E-002
3.0856170E+001,-3.6951964E-002
3.0858170E+001,-3.7576706E-002
3.0860170E+001,-3.8181703E-002
3.0862170E+001,-3.8763856E-002
3.0864170E+001,-3.9320523E-002
3.0866170E+001,-3.9849543E-002
3.0868170E+001,-4.0349248E-002
3.0870170E+001,-4.0818458E-002
3.0872170E+001,-4.1256464E-002
3.0874170E+001,-4.1663005E-002
3.0876170E+001,-4.2038243E-002
3.0878170E+001,-4.2382730E-002
3.0880170E+001,-4.2697381E-002
3.0882170E+001,-4.2983430E-002
3.0884170E+001,-4.3242376E-002
3.0886170E+001,-4.3475925E-002
3.0888170E+001,-4.3685856E-002
3.0890170E+001,-4.3873862E-002
3.0892170E+001,-4.4041688E-002
3.0894170E+001,-4.4191504E-002
3.0896170E+001,-4.4325783E-002
3.0898170E+001,-4.4446410E-002
3.0900170E+001,-4.4554275E-002
3.0902170E+001,-4.4649926E-002
3.0904170E+001,-4.4734052E-002
3.0906170E+001,-4.4807176E-002
3.0908170E+001,-4.4869392E-002
3.0910170E+001,-4.4920478E-002
3.0912170E+001,-4.4959941E-002
3.0914170E+001,-4.4986898E-002
3.0916170E+001,-4.5000063E-002
3.0918170E+001,-4.4997820E-002
3.0920170E+001,-4.4978257E-002
3.0922170E+001,-4.4939209E-002
3.0924170E+001,-4.4878387E-002
3.0926170E+001,-4.4793608E-002
3.0928170E+001,-4.4682934E-002
3.0930170E+001,-4.4544705E-002
3.0932170E+001,-4.4377423E-002
3.0934170E+001,-4.4179533E-002
3.0936170E+001,-4.3949246E-002
3.0938170E+001,-4.3684539E-002
3.0940170E+001,-4.3383251E-002
3.0942170E+001,-4.3043326E-002
3.0944170E+001,-4.2663096E-002
3.0946170E+001,-4.2241545E-002
3.0948170E+001,-4.1778450E-002
3.0950170E+001,-4.1274320E-002
3.0952170E+001,-4.0730177E-002
3.0954170E+001,-4.0147366E-002
3.0956170E+001,-3.9527497E-002
3.0958170E+001,-3.8872467E-002
3.0960170E+001,-3.8184484E-002
3.0962170E+001,-3.7466060E-002
3.0964170E+001,-3.6719994E-002
3.0966170E+001,-3.5949330E-002
3.0968170E+001,-3.5157290E-002
3.0970170E+001,-3.4347182E-002
3.0972170E+001,-3.3522259E-002
3.0974170E+001,-3.2685538E-002
3.0976170E+001,-3.1839565E-002
3.0978170E+001,-3.0986162E-002
3.0980170E+001,-3.0126168E-002
3.0982170E+001,-2.9259232E-002
3.0984170E+001,-2.8383729E-002
3.0986170E+001,-2.7496880E-002
3.0988170E+001,-2.6595127E-002
3.0990170E+001,-2.5674811E-002
3.0992170E+001,-2.4733065E-002
3.0994170E+001,-2.3768770E-002
3.0996170E+001,-2.2783252E-002
3.0998170E+001,-2.1780433E-002
3.1000170E+001,-2.0766252E-002
3.1002170E+001,-1.9747437E-002
3.1004170E+001,-1.8730072E-002
3.1006170E+001,-1.7718496E-002
3.1008170E+001,-1.6714984E-002
3.1010170E+001,-1.5720261E-002
3.1012170E+001,-1.4734536E-002
3.1014170E+001,-1.3758547E-002
3.1016170E+001,-1.2794198E-002
3.1018170E+001,-1.1844628E-002
3.1020170E+001,-1.0913846E-002
3.1022170E+001,-1.0006164E-002
3.1024170E+001,-9.1256674E-003
3.1026170E+001,-8.2758219E-003
3.1028170E+001,-7.4592172E-003
3.1030170E+001,-6.6774187E-003
3.1032170E+001,-5.9308859E-003
3.1034170E+001,-5.2189485E-003
3.1036170E+001,-4.5398326E-003
3.1038170E+001,-3.8907417E-003
3.1040170E+001,-3.2679715E-003
3.1042170E+001,-2.6670255E-003
3.1044170E+001,-2.0828944E-003
3.1046170E+001,-1.5101454E-003
3.1048170E+001,-9.4341030E-004
3.1050170E+001,-3.7643988E-004
3.1052170E+001,1.9532200E-004
3.1054170E+001,7.7689037E-004
3.1056170E+001,1.3724953E-003
3.1058170E+001,1.9852618E-003
3.1060170E+001,2.6176760E-003
3.1062170E+001,3.2709979E-003
3.1064170E+001,3.9456010E-003
3.1066170E+001,4.6408177E-003
3.1068170E+001,5.3549269E-003
3.1070170E+001,6.0852018E-003
3.1072170E+001,6.8280011E-003
3.1074170E+001,7.5787666E-003
3.1076170E+001,8.3321549E-003
3.1078170E+001,9.0822011E-003
3.1080170E+001,9.8225159E-003
3.1082170E+001,1.0546511E-002
3.1084170E+001,1.1247638E-002
3.1086170E+001,1.1919641E-002
3.1088170E+001,1.2556791E-002
3.1090170E+001,1.3154105E-002
3.1092170E+001,1.3707532E-002
3.1094170E+001,1.4214110E-002
3.1096170E+001,1.4672075E-002
3.1098170E+001,1.5080930E-002
3.1100170E+001,1.5441467E-002
3.1102170E+001,1.5755734E-002
3.1104170E+001,1.6026968E-002
3.1106170E+001,1.6259472E-002
3.1108170E+001,1.6458461E-002
3.1110170E+001,1.6629867E-002
3.1112170E+001,1.6780123E-002
3.1114170E+001,1.6915926E-002
3.1116170E+001,1.7043988E-002
3.1118170E+001,1.7170801E-002
3.1120170E+001,1.7302405E-002
3.1122170E+001,1.7444199E-002
3.1124170E+001,1.7600771E-002
3.1126170E+001,1.7775791E-002
3.1128170E+001,1.7971933E-002
3.1130170E+001,1.8190856E-002
3.1132170E+001,1.8433226E-002
3.1134170E+001,1.8698772E-002
3.1136170E+001,1.8986377E-002
3.1138170E+001,1.9294192E-002
3.1140170E+001,1.9619751E-002
3.1142170E+001,1.9960094E-002
3.1144170E+001,2.0311889E-002
3.1146170E+001,2.0671536E-002
3.1148170E+001,2.1035269E-002
3.1150170E+001,2.1399242E-002
3.1152170E+001,2.1759621E-002
3.1154170E+001,2.2112662E-002
3.1156170E+001,2.2454805E-002
3.1158170E+001,2.2782761E-002
3.1160170E+001,2.3093606E-002
3.1162170E+001,2.3384869E-002
3.1164170E+001,2.3654628E-002
3.1166170E+001,2.3901581E-002
3.1168170E+001,2.4125118E-002
3.1170170E+001,2.4325374E-002
3.1172170E+001,2.4503261E-002
3.1174170E+001,2.4660486E-002
3.1176170E+001,2.4799541E-002
3.1178170E+001,2.4923672E-002
3.1180170E+001,2.5036818E-002
3.1182170E+001,2.5143518E-002
3.1184170E+001,2.5248795E-002
3.1186170E+001,2.5357998E-002
3.1188170E+001,2.5476633E-002
3.1190170E+001,2.5610169E-002
3.1192170E+001,2.5763843E-002
3.1194170E+001,2.5942466E-002
3.1196170E+001,2.6150246E-002
3.1198170E+001,2.6390640E-002
3.1200170E+001,2.6666240E-002
3.1202170E+001,2.6978698E-002
3.1204170E+001,2.7328696E-002
3.1206170E+001,2.7715970E-002
3.1208170E+001,2.8139356E-002
3.1210170E+001,2.8596894E-002
3.1212170E+001,2.9085937E-002
3.1214170E+001,2.9603289E-002
3.1216170E+001,3.0145342E-002
3.1218170E+001,3.0708208E-002
3.1220170E+001,3.1287829E-002
3.1222170E+001,3.1880075E-002
3.1224170E+001,3.2480809E-002
3.1226170E+001,3.3085927E-002
3.1228170E+001,3.3691382E-002
3.1230170E+001,3.4293194E-002
3.1232170E+001,3.4887452E-002
3.1234170E+001,3.5470318E-002
3.1236170E+001,3.6038050E-002
3.1238170E+001,3.6587030E-002
3.1240170E+001,3.7113818E-002
3.1242170E+001,3.7615212E-002
3.1244170E+001,3.8088335E-002
3.1246170E+001,3.8530714E-002
3.1248170E+001,3.8940374E-002
3.1250170E+001,3.9315925E-002
3.1252170E+001,3.9656639E-002
3.1254170E+001,3.9962509E-002
3.1256170E+001,4.0234298E-002
3.1258170E+001,4.0473553E-002
3.1260170E+001,4.0682598E-002
3.1262170E+001,4.0864497E-002
3.1264170E+001,4.1022981E-002
3.1266170E+001,4.1162353E-002
3.1268170E+001,4.1287353E-002
3.1270170E+001,4.1403009E-002
3.1272170E+001,4.1514461E-002
3.1274170E+001,4.1626774E-002
3.1276170E+001,4.1744753E-002
3.1278170E+001,4.1872746E-002
3.1280170E+001,4.2014477E-002
3.1282170E+001,4.2172878E-002
3.1284170E+001,4.2349960E-002
3.1286170E+001,4.2546705E-002
3.1288170E+001,4.2763002E-002
3.1290170E+001,4.2997608E-002
3.1292170E+001,4.3248156E-002
3.1294170E+001,4.3511201E-002
3.1296170E+001,4.3782296E-002
3.1298170E+001,4.4056109E-002
3.1300170E+001,4.4326569E-002
3.1302170E+001,4.4587037E-002
3.1304170E+001,4.4830494E-002
3.1306170E+001,4.5049753E-002
3.1308170E+001,4.5237667E-002
3.1310170E+001,4.5387345E-002
3.1312170E+001,4.5492364E-002
3.1314170E+001,4.5546958E-002
3.1316170E+001,4.5546200E-002
3.1318170E+001,4.5486087E-002
3.1320170E+001,4.5363787E-002
3.1322170E+001,4.5177529E-002
3.1324170E+001,4.4926875E-002
3.1326170E+001,4.4612752E-002
3.1328170E+001,4.4237405E-002
3.1330170E+001,4.3804386E-002
3.1332170E+001,4.3318416E-002
3.1334170E+001,4.2785206E-002
3.1336170E+001,4.2211281E-002
3.1338170E+001,4.1603920E-002
3.1340170E+001,4.0971280E-002
3.1342170E+001,4.0322497E-002
3.1344170E+001,3.9667456E-002
3.1346170E+001,3.9016157E-002
3.1348170E+001,3.8378014E-002
3.1350170E+001,3.7761413E-002
3.1352170E+001,3.7173561E-002
3.1354170E+001,3.6620456E-002
3.1356170E+001,3.6106824E-002
3.1358170E+001,3.5636055E-002
3.1360170E+001,3.5210144E-002
3.1362170E+001,3.4829670E-002
3.1364170E+001,3.4493811E-002
3.1366170E+001,3.4200372E-002
3.1368170E+001,3.3945821E-002
3.1370170E+001,3.3725345E-002
3.1372170E+001,3.3532929E-002
3.1374170E+001,3.3361487E-002
3.1376170E+001,3.3203052E-002
3.1378170E+001,3.3049008E-002
3.1380170E+001,3.2890344E-002
3.1382170E+001,3.2717900E-002
3.1384170E+001,3.2522574E-002
3.1386170E+001,3.2295515E-002
3.1388170E+001,3.2028297E-002
3.1390170E+001,3.1713096E-002
3.1392170E+001,3.1342861E-002
3.1394170E+001,3.0911469E-002
3.1396170E+001,3.0413838E-002
3.1398170E+001,2.9846005E-002
3.1400170E+001,2.9205143E-002
3.1402170E+001,2.8489539E-002
3.1404170E+001,2.7698558E-002
3.1406170E+001,2.6832653E-002
3.1408170E+001,2.5893480E-002
3.1410170E+001,2.4884127E-002
3.1412170E+001,2.3809443E-002
3.1414170E+001,2.2676326E-002
3.1416170E+001,2.1493850E-002
3.1418170E+001,2.0273124E-002
3.1420170E+001,1.9026860E-002
3.1422170E+001,1.7768730E-002
3.1424170E+001,1.6512636E-002
3.1426170E+001,1.5272018E-002
3.1428170E+001,1.4059246E-002
3.1430170E+001,1.2885157E-002
3.1432170E+001,1.1758693E-002
3.1434170E+001,1.0686695E-002
3.1436170E+001,9.6738508E-003
3.1438170E+001,8.7227979E-003
3.1440170E+001,7.8343664E-003
3.1442170E+001,7.0078856E-003
3.1444170E+001,6.2414883E-003
3.1446170E+001,5.5323624E-003
3.1448170E+001,4.8769397E-003
3.1450170E+001,4.2710459E-003
3.1452170E+001,3.7100430E-003
3.1454170E+001,3.1889825E-003
3.1456170E+001,2.7027708E-003
3.1458170E+001,2.2463337E-003
3.1460170E+001,1.8147643E-003
3.1462170E+001,1.4034403E-003
3.1464170E+001,1.0081040E-003
3.1466170E+001,6.2490381E-004
3.1468170E+001,2.5040319E-004
3.1470170E+001,-1.1843700E-004
3.1472170E+001,-4.8429755E-004
3.1474170E+001,-8.4955701E-004
3.1476170E+001,-1.2163595E-003
3.1478170E+001,-1.5866914E-003
3.1480170E+001,-1.9624574E-003
3.1482170E+001,-2.3455512E-003
3.1484170E+001,-2.7379098E-003
3.1486170E+001,-3.1415306E-003
3.1488170E+001,-3.5584723E-003
3.1490170E+001,-3.9908034E-003
3.1492170E+001,-4.4405192E-003
3.1494170E+001,-4.9094444E-003
3.1496170E+001,-5.3991156E-003
3.1498170E+001,-5.9106556E-003
3.1500170E+001,-6.4446560E-003
3.1502170E+001,-7.0010746E-003
3.1504170E+001,-7.5791606E-003
3.1506170E+001,-8.1774132E-003
3.1508170E+001,-8.7935753E-003
3.1510170E+001,-9.4246630E-003
3.1512170E+001,-1.0067015E-002
3.1514170E+001,-1.0716562E-002
3.1516170E+001,-1.1368531E-002
3.1518170E+001,-1.2018201E-002
3.1520170E+001,-1.2660570E-002
3.1522170E+001,-1.3290798E-002
3.1524170E+001,-1.3904325E-002
3.1526170E+001,-1.4497047E-002
3.1528170E+001,-1.5065450E-002
3.1530170E+001,-1.5606765E-002
3.1532170E+001,-1.6119029E-002
3.1534170E+001,-1.6601146E-002
3.1536170E+001,-1.7052895E-002
3.1538170E+001,-1.7474887E-002
3.1540170E+001,-1.7868483E-002
3.1542170E+001,-1.8235693E-002
3.1544170E+001,-1.8579034E-002
3.1546170E+001,-1.8901384E-002
3.1548170E+001,-1.9205820E-002
3.1550170E+001,-1.9495467E-002
3.1552170E+001,-1.9773357E-002
3.1554170E+001,-2.0042304E-002
3.1556170E+001,-2.0304814E-002
3.1558170E+001,-2.0563010E-002
3.1560170E+001,-2.0818594E-002
3.1562170E+001,-2.1072834E-002
3.1564170E+001,-2.1326567E-002
3.1566170E+001,-2.1580236E-002
3.1568170E+001,-2.1833930E-002
3.1570170E+001,-2.2087443E-002
3.1572170E+001,-2.2340335E-002
3.1574170E+001,-2.2592006E-002
3.1576170E+001,-2.2841758E-002
3.1578170E+001,-2.3088863E-002
3.1580170E+001,-2.3332622E-002
3.1582170E+001,-2.3572420E-002
3.1584170E+001,-2.3807764E-002
3.1586170E+001,-2.4038322E-002
3.1588170E+001,-2.4263942E-002
3.1590170E+001,-2.4484669E-002
3.1592170E+001,-2.4700752E-002
3.1594170E+001,-2.4912644E-002
3.1596170E+001,-2.5120992E-002
3.1598170E+001,-2.5326636E-002
3.1600170E+001,-2.5530593E-002
3.1602170E+001,-2.5734042E-002
3.1604170E+001,-2.5938308E-002
3.1606170E+001,-2.6144843E-002
3.1608170E+001,-2.6355198E-002
3.1610170E+001,-2.6570996E-002
3.1612170E+001,-2.6793900E-002
3.1614170E+001,-2.7025567E-002
3.1616170E+001,-2.7267610E-002
3.1618170E+001,-2.7521544E-002
3.1620170E+001,-2.7788734E-002
3.1622170E+001,-2.8070342E-002
3.1624170E+001,-2.8367273E-002
3.1626170E+001,-2.8680127E-002
3.1628170E+001,-2.9009155E-002
3.1630170E+001,-2.9354229E-002
3.1632170E+001,-2.9714820E-002
3.1634170E+001,-3.0090001E-002
3.1636170E+001,-3.0478463E-002
3.1638170E+001,-3.0878553E-002
3.1640170E+001,-3.1288337E-002
3.1642170E+001,-3.1705676E-002
3.1644170E+001,-3.2128326E-002
3.1646170E+001,-3.2554037E-002
3.1648170E+001,-3.2980669E-002
3.1650170E+001,-3.3406297E-002
3.1652170E+001,-3.3829307E-002
3.1654170E+001,-3.4248478E-002
3.1656170E+001,-3.4663046E-002
3.1658170E+001,-3.5072731E-002
3.1660170E+001,-3.5477745E-002
3.1662170E+001,-3.5878766E-002
3.1664170E+001,-3.6276879E-002
3.1666170E+001,-3.6673494E-002
3.1668170E+001,-3.7070238E-002
3.1670170E+001,-3.7468825E-002
3.1672170E+001,-3.7870915E-002
3.1674170E+001,-3.8277973E-002
3.1676170E+001,-3.8691117E-002
3.1678170E+001,-3.9110987E-002
3.1680170E+001,-3.9537629E-002
3.1682170E+001,-3.9970396E-002
3.1684170E+001,-4.0407888E-002
3.1686170E+001,-4.0847910E-002
3.1688170E+001,-4.1287481E-002
3.1690170E+001,-4.1722865E-002
3.1692170E+001,-4.2149643E-002
3.1694170E+001,-4.2562810E-002
3.1696170E+001,-4.2956912E-002
3.1698170E+001,-4.3326186E-002
3.1700170E+001,-4.3664736E-002
3.1702170E+001,-4.3966704E-002
3.1704170E+001,-4.4226457E-002
3.1706170E+001,-4.4438758E-002
3.1708170E+001,-4.4598940E-002
3.1710170E+001,-4.4703060E-002
3.1712170E+001,-4.4748037E-002
3.1714170E+001,-4.4731767E-002
3.1716170E+001,-4.4653166E-002
3.1718170E+001,-4.4512229E-002
3.1720170E+001,-4.4310133E-002
3.1722170E+001,-4.4049227E-002
3.1724170E+001,-4.3733028E-002
3.1726170E+001,-4.3366165E-002
3.1728170E+001,-4.2954289E-002
3.1730170E+001,-4.2503958E-002
3.1732170E+001,-4.2022483E-002
3.1734170E+001,-4.1517749E-002
3.1736170E+001,-4.0997992E-002
3.1738170E+001,-4.0471533E-002
3.1740170E+001,-3.9946514E-002
3.1742170E+001,-3.9430681E-002
3.1744170E+001,-3.8931270E-002
3.1746170E+001,-3.8454860E-002
3.1748170E+001,-3.8007091E-002
3.1750170E+001,-3.7592282E-002
3.1752170E+001,-3.7213164E-002
3.1754170E+001,-3.6870772E-002
3.1756170E+001,-3.6564450E-002
3.1758170E+001,-3.6291878E-002
3.1760170E+001,-3.6049136E-002
3.1762170E+001,-3.5830834E-002
3.1764170E+001,-3.5630307E-002
3.1766170E+001,-3.5439850E-002
3.1768170E+001,-3.5250996E-002
3.1770170E+001,-3.5054822E-002
3.1772170E+001,-3.4842258E-002
3.1774170E+001,-3.4604422E-002
3.1776170E+001,-3.4332924E-002
3.1778170E+001,-3.4020168E-002
3.1780170E+001,-3.3659604E-002
3.1782170E+001,-3.3245932E-002
3.1784170E+001,-3.2775235E-002
3.1786170E+001,-3.2245038E-002
3.1788170E+001,-3.1654301E-002
3.1790170E+001,-3.1003361E-002
3.1792170E+001,-3.0293875E-002
3.1794170E+001,-2.9528809E-002
3.1796170E+001,-2.8712478E-002
3.1798170E+001,-2.7850615E-002
3.1800170E+001,-2.6950398E-002
3.1802170E+001,-2.6020363E-002
3.1804170E+001,-2.5070153E-002
3.1806170E+001,-2.4110141E-002
3.1808170E+001,-2.3150947E-002
3.1810170E+001,-2.2202933E-002
3.1812170E+001,-2.1275732E-002
3.1814170E+001,-2.0377873E-002
3.1816170E+001,-1.9516544E-002
3.1818170E+001,-1.8697474E-002
3.1820170E+001,-1.7924920E-002
3.1822170E+001,-1.7201683E-002
3.1824170E+001,-1.6529143E-002
3.1826170E+001,-1.5907281E-002
3.1828170E+001,-1.5334733E-002
3.1830170E+001,-1.4808875E-002
3.1832170E+001,-1.4325968E-002
3.1834170E+001,-1.3881336E-002
3.1836170E+001,-1.3469582E-002
3.1838170E+001,-1.3084797E-002
3.1840170E+001,-1.2720784E-002
3.1842170E+001,-1.2371269E-002
3.1844170E+001,-1.2030090E-002
3.1846170E+001,-1.1691384E-002
3.1848170E+001,-1.1349748E-002
3.1850170E+001,-1.1000383E-002
3.1852170E+001,-1.0639214E-002
3.1854170E+001,-1.0262977E-002
3.1856170E+001,-9.8692737E-003
3.1858170E+001,-9.4565877E-003
3.1860170E+001,-9.0242544E-003
3.1862170E+001,-8.5723889E-003
3.1864170E+001,-8.1017785E-003
3.1866170E+001,-7.6137514E-003
3.1868170E+001,-7.1100359E-003
3.1870170E+001,-6.5926199E-003
3.1872170E+001,-6.0636247E-003
3.1874170E+001,-5.5252004E-003
3.1876170E+001,-4.9794541E-003
3.1878170E+001,-4.4284126E-003
3.1880170E+001,-3.8740217E-003
3.1882170E+001,-3.3181755E-003
3.1884170E+001,-2.7627713E-003
3.1886170E+001,-2.2097794E-003
3.1888170E+001,-1.6613172E-003
3.1890170E+001,-1.1197187E-003
3.1892170E+001,-5.8758059E-004
3.1894170E+001,-6.7751539E-005
3.1896170E+001,4.3660877E-004
3.1898170E+001,9.2215001E-004
3.1900170E+001,1.3854418E-003
3.1902170E+001,1.8230709E-003
3.1904170E+001,2.2317218E-003
3.1906170E+001,2.6086577E-003
3.1908170E+001,2.9514698E-003
3.1910170E+001,3.2584131E-003
3.1912170E+001,3.5287601E-003
3.1914170E+001,3.7626359E-003
3.1916170E+001,3.9611263E-003
3.1918170E+001,4.1264552E-003
3.1920170E+001,4.2618056E-003
3.1922170E+001,4.3713232E-003
3.1924170E+001,4.4599376E-003
3.1926170E+001,4.5332790E-003
3.1928170E+001,4.5974623E-003
3.1930170E+001,4.6589063E-003
3.1932170E+001,4.7241290E-003
3.1934170E+001,4.7995589E-003
3.1936170E+001,4.8913516E-003
3.1938170E+001,5.0052321E-003
3.1940170E+001,5.1463571E-003
3.1942170E+001,5.3192039E-003
3.1944170E+001,5.5274800E-003
3.1946170E+001,5.7740734E-003
3.1948170E+001,6.0610078E-003
3.1950170E+001,6.3894370E-003
3.1952170E+001,6.7596672E-003
3.1954170E+001,7.1711968E-003
3.1956170E+001,7.6227631E-003
3.1958170E+001,8.1124231E-003
3.1960170E+001,8.6376436E-003
3.1962170E+001,9.1954009E-003
3.1964170E+001,9.7822890E-003
3.1966170E+001,1.0394630E-002
3.1968170E+001,1.1028581E-002
3.1970170E+001,1.1680241E-002
3.1972170E+001,1.2345739E-002
3.1974170E+001,1.3021320E-002
3.1976170E+001,1.3703417E-002
3.1978170E+001,1.4388706E-002
3.1980170E+001,1.5074153E-002
3.1982170E+001,1.5757047E-002
3.1984170E+001,1.6435029E-002
3.1986170E+001,1.7106105E-002
3.1988170E+001,1.7768659E-002
3.1990170E+001,1.8421453E-002
3.1992170E+001,1.9063629E-002
3.1994170E+001,1.9694697E-002
3.1996170E+001,2.0314526E-002
3.1998170E+001,2.0923321E-002
3.2000170E+001,2.1521601E-002
3.2002170E+001,2.2110164E-002
3.2004170E+001,2.2690056E-002
3.2006170E+001,2.3262520E-002
3.2008170E+001,2.3828953E-002
3.2010170E+001,2.4390856E-002
3.2012170E+001,2.4949782E-002
3.2014170E+001,2.5507289E-002
3.2016170E+001,2.6064895E-002
3.2018170E+001,2.6624045E-002
3.2020170E+001,2.7186076E-002
3.2022170E+001,2.7752196E-002
3.2024170E+001,2.8323464E-002
3.2026170E+001,2.8900774E-002
3.2028170E+001,2.9484838E-002
3.2030170E+001,3.0076173E-002
3.2032170E+001,3.0675068E-002
3.2034170E+001,3.1281562E-002
3.2036170E+001,3.1895403E-002
3.2038170E+001,3.2516004E-002
3.2040170E+001,3.3142399E-002
3.2042170E+001,3.3773199E-002
3.2044170E+001,3.4406551E-002
3.2046170E+001,3.5040112E-002
3.2048170E+001,3.5671039E-002
3.2050170E+001,3.6295997E-002
3.2052170E+001,3.6911195E-002
3.2054170E+001,3.7512437E-002
3.2056170E+001,3.8095213E-002
3.2058170E+001,3.8654793E-002
3.2060170E+001,3.9186361E-002
3.2062170E+001,3.9685142E-002
3.2064170E+001,4.0146551E-002
3.2066170E+001,4.0566333E-002
3.2068170E+001,4.0940703E-002
3.2070170E+001,4.1266464E-002
3.2072170E+001,4.1541115E-002
3.2074170E+001,4.1762925E-002
3.2076170E+001,4.1930995E-002
3.2078170E+001,4.2045276E-002
3.2080170E+001,4.2106567E-002
3.2082170E+001,4.2116490E-002
3.2084170E+001,4.2077406E-002
3.2086170E+001,4.1992382E-002
3.2088170E+001,4.1865060E-002
3.2090170E+001,4.1699571E-002
3.2092170E+001,4.1500517E-002
3.2094170E+001,4.1272781E-002
3.2096170E+001,4.1021452E-002
3.2098170E+001,4.0751710E-002
3.2100170E+001,4.0468731E-002
3.2102170E+001,4.0177597E-002
3.2104170E+001,3.9883220E-002
3.2106170E+001,3.9590270E-002
3.2108170E+001,3.9303116E-002
3.2110170E+001,3.9025773E-002
3.2112170E+001,3.8761852E-002
3.2114170E+001,3.8514509E-002
3.2116170E+001,3.8286393E-002
3.2118170E+001,3.8079633E-002
3.2120170E+001,3.7895858E-002
3.2122170E+001,3.7736207E-002
3.2124170E+001,3.7601267E-002
3.2126170E+001,3.7490952E-002
3.2128170E+001,3.7404417E-002
3.2130170E+001,3.7340024E-002
3.2132170E+001,3.7295346E-002
3.2134170E+001,3.7267153E-002
3.2136170E+001,3.7251420E-002
3.2138170E+001,3.7243339E-002
3.2140170E+001,3.7237371E-002
3.2142170E+001,3.7227319E-002
3.2144170E+001,3.7206437E-002
3.2146170E+001,3.7167570E-002
3.2148170E+001,3.7103338E-002
3.2150170E+001,3.7006331E-002
3.2152170E+001,3.6869315E-002
3.2154170E+001,3.6685509E-002
3.2156170E+001,3.6448828E-002
3.2158170E+001,3.6154099E-002
3.2160170E+001,3.5797299E-002
3.2162170E+001,3.5375756E-002
3.2164170E+001,3.4888299E-002
3.2166170E+001,3.4335375E-002
3.2168170E+001,3.3719102E-002
3.2170170E+001,3.3043268E-002
3.2172170E+001,3.2313253E-002
3.2174170E+001,3.1535899E-002
3.2176170E+001,3.0719321E-002
3.2178170E+001,2.9872697E-002
3.2180170E+001,2.9006054E-002
3.2182170E+001,2.8130104E-002
3.2184170E+001,2.7256098E-002
3.2186170E+001,2.6395669E-002
3.2188170E+001,2.5560592E-002
3.2190170E+001,2.4762434E-002
3.2192170E+001,2.4012108E-002
3.2194170E+001,2.3319421E-002
3.2196170E+001,2.2692715E-002
3.2198170E+001,2.2138625E-002
3.2200170E+001,2.1661958E-002
3.2202170E+001,2.1265626E-002
3.2204170E+001,2.0950609E-002
3.2206170E+001,2.0715952E-002
3.2208170E+001,2.0558782E-002
3.2210170E+001,2.0474374E-002
3.2212170E+001,2.0456281E-002
3.2214170E+001,2.0496504E-002
3.2216170E+001,2.0585693E-002
3.2218170E+001,2.0713365E-002
3.2220170E+001,2.0868163E-002
3.2222170E+001,2.1038107E-002
3.2224170E+001,2.1210879E-002
3.2226170E+001,2.1374109E-002
3.2228170E+001,2.1515682E-002
3.2230170E+001,2.1624057E-002
3.2232170E+001,2.1688596E-002
3.2234170E+001,2.1699876E-002
3.2236170E+001,2.1649991E-002
3.2238170E+001,2.1532817E-002
3.2240170E+001,2.1344237E-002
3.2242170E+001,2.1082307E-002
3.2244170E+001,2.0747349E-002
3.2246170E+001,2.0341973E-002
3.2248170E+001,1.9871094E-002
3.2250170E+001,1.9341954E-002
3.2252170E+001,1.8763231E-002
3.2254170E+001,1.8143661E-002
3.2256170E+001,1.7492462E-002
3.2258170E+001,1.6821683E-002
3.2260170E+001,1.6144709E-002
3.2262170E+001,1.5473031E-002
3.2264170E+001,1.4816564E-002
3.2266170E+001,1.4184635E-002
3.2268170E+001,1.3585383E-002
3.2270170E+001,1.3025260E-002
3.2272170E+001,1.2508979E-002
3.2274170E+001,1.2039456E-002
3.2276170E+001,1.1617824E-002
3.2278170E+001,1.1243523E-002
3.2280170E+001,1.0914448E-002
3.2282170E+001,1.0627134E-002
3.2284170E+001,1.0376981E-002
3.2286170E+001,1.0158498E-002
3.2288170E+001,9.9655578E-003
3.2290170E+001,9.7916502E-003
3.2292170E+001,9.6301288E-003
3.2294170E+001,9.4744409E-003
3.2296170E+001,9.3183335E-003
3.2298170E+001,9.1560319E-003
3.2300170E+001,8.9823855E-003
3.2302170E+001,8.7929805E-003
3.2304170E+001,8.5842147E-003
3.2306170E+001,8.3533332E-003
3.2308170E+001,8.0984274E-003
3.2310170E+001,7.8184005E-003
3.2312170E+001,7.5129064E-003
3.2314170E+001,7.1822664E-003
3.2316170E+001,6.8273689E-003
3.2318170E+001,6.4495494E-003
3.2320170E+001,6.0504544E-003
3.2322170E+001,5.6318942E-003
3.2324170E+001,5.1956980E-003
3.2326170E+001,4.7435819E-003
3.2328170E+001,4.2770365E-003
3.2330170E+001,3.7972368E-003
3.2332170E+001,3.3049804E-003
3.2334170E+001,2.8006566E-003
3.2336170E+001,2.2842547E-003
3.2338170E+001,1.7554092E-003
3.2340170E+001,1.2134866E-003
3.2342170E+001,6.5770749E-004
3.2344170E+001,8.7297438E-005
3.2346170E+001,-4.9834741E-004
3.2348170E+001,-1.0994942E-003
3.2350170E+001,-1.7159237E-003
3.2352170E+001,-2.3468143E-003
3.2354170E+001,-2.9906745E-003
3.2356170E+001,-3.6453360E-003
3.2358170E+001,-4.3080120E-003
3.2360170E+001,-4.9754267E-003
3.2362170E+001,-5.6439895E-003
3.2364170E+001,-6.3100232E-003
3.2366170E+001,-6.9699929E-003
3.2368170E+001,-7.6207393E-003
3.2370170E+001,-8.2596999E-003
3.2372170E+001,-8.8850493E-003
3.2374170E+001,-9.4957897E-003
3.2376170E+001,-1.0091781E-002
3.2378170E+001,-1.0673690E-002
3.2380170E+001,-1.1243022E-002
3.2382170E+001,-1.1801623E-002
3.2384170E+001,-1.2352026E-002
3.2386170E+001,-1.2896803E-002
3.2388170E+001,-1.3438649E-002
3.2390170E+001,-1.3980121E-002
3.2392170E+001,-1.4523507E-002
3.2394170E+001,-1.5070717E-002
3.2396170E+001,-1.5623244E-002
3.2398170E+001,-1.6182156E-002
3.2400170E+001,-1.6748126E-002
3.2402170E+001,-1.7321494E-002
3.2404170E+001,-1.7902353E-002
3.2406170E+001,-1.8490632E-002
3.2408170E+001,-1.9086155E-002
3.2410170E+001,-1.9688696E-002
3.2412170E+001,-2.0298011E-002
3.2414170E+001,-2.0913843E-002
3.2416170E+001,-2.1535917E-002
3.2418170E+001,-2.2163926E-002
3.2420170E+001,-2.2797508E-002
3.2422170E+001,-2.3436229E-002
3.2424170E+001,-2.4079555E-002
3.2426170E+001,-2.4726833E-002
3.2428170E+001,-2.5377264E-002
3.2430170E+001,-2.6029889E-002
3.2432170E+001,-2.6683567E-002
3.2434170E+001,-2.7336966E-002
3.2436170E+001,-2.7988566E-002
3.2438170E+001,-2.8636671E-002
3.2440170E+001,-2.9279425E-002
3.2442170E+001,-2.9914845E-002
3.2444170E+001,-3.0540857E-002
3.2446170E+001,-3.1155330E-002
3.2448170E+001,-3.1756112E-002
3.2450170E+001,-3.2341060E-002
3.2452170E+001,-3.2908055E-002
3.2454170E+001,-3.3455012E-002
3.2456170E+001,-3.3979884E-002
3.2458170E+001,-3.4480646E-002
3.2460170E+001,-3.4955289E-002
3.2462170E+001,-3.5401797E-002
3.2464170E+001,-3.5818149E-002
3.2466170E+001,-3.6202317E-002
3.2468170E+001,-3.6552284E-002
3.2470170E+001,-3.6866074E-002
3.2472170E+001,-3.7141808E-002
3.2474170E+001,-3.7377764E-002
3.2476170E+001,-3.7572463E-002
3.2478170E+001,-3.7724756E-002
3.2480170E+001,-3.7833917E-002
3.2482170E+001,-3.7899728E-002
3.2484170E+001,-3.7922553E-002
3.2486170E+001,-3.7903398E-002
3.2488170E+001,-3.7843917E-002
3.2490170E+001,-3.7746423E-002
3.2492170E+001,-3.7613916E-002
3.2494170E+001,-3.7450004E-002
3.2496170E+001,-3.7258844E-002
3.2498170E+001,-3.7045035E-002
3.2500170E+001,-3.6813484E-002
3.2502170E+001,-3.6569271E-002
3.2504170E+001,-3.6317499E-002
3.2506170E+001,-3.6063147E-002
3.2508170E+001,-3.5810925E-002
3.2510170E+001,-3.5565149E-002
3.2512170E+001,-3.5329633E-002
3.2514170E+001,-3.5107599E-002
3.2516170E+001,-3.4901615E-002
3.2518170E+001,-3.4713551E-002
3.2520170E+001,-3.4544584E-002
3.2522170E+001,-3.4395248E-002
3.2524170E+001,-3.4265509E-002
3.2526170E+001,-3.4154804E-002
3.2528170E+001,-3.4062040E-002
3.2530170E+001,-3.3985601E-002
3.2532170E+001,-3.3923406E-002
3.2534170E+001,-3.3872979E-002
3.2536170E+001,-3.3831514E-002
3.2538170E+001,-3.3795925E-002
3.2540170E+001,-3.3762898E-002
3.2542170E+001,-3.3728951E-002
3.2544170E+001,-3.3690492E-002
3.2546170E+001,-3.3643902E-002
3.2548170E+001,-3.3585610E-002
3.2550170E+001,-3.3512199E-002
3.2552170E+001,-3.3420503E-002
3.2554170E+001,-3.3307724E-002
3.2556170E+001,-3.3171540E-002
3.2558170E+001,-3.3010208E-002
3.2560170E+001,-3.2822663E-002
3.2562170E+001,-3.2608580E-002
3.2564170E+001,-3.2368430E-002
3.2566170E+001,-3.2103489E-002
3.2568170E+001,-3.1815823E-002
3.2570170E+001,-3.1508235E-002
3.2572170E+001,-3.1184181E-002
3.2574170E+001,-3.0847660E-002
3.2576170E+001,-3.0503074E-002
3.2578170E+001,-3.0155083E-002
3.2580170E+001,-2.9808439E-002
3.2582170E+001,-2.9467837E-002
3.2584170E+001,-2.9137753E-002
3.2586170E+001,-2.8822307E-002
3.2588170E+001,-2.8525139E-002
3.2590170E+001,-2.8249310E-002
3.2592170E+001,-2.7997242E-002
3.2594170E+001,-2.7770696E-002
3.2596170E+001,-2.7570791E-002
3.2598170E+001,-2.7398050E-002
3.2600170E+001,-2.7252457E-002
3.2602170E+001,-2.7133488E-002
3.2604170E+001,-2.7040140E-002
3.2606170E+001,-2.6970945E-002
3.2608170E+001,-2.6924005E-002
3.2610170E+001,-2.6897051E-002
3.2612170E+001,-2.6887530E-002
3.2614170E+001,-2.6892706E-002
3.2616170E+001,-2.6909747E-002
3.2618170E+001,-2.6935816E-002
3.2620170E+001,-2.6968144E-002
3.2622170E+001,-2.7004095E-002
3.2624170E+001,-2.7041214E-002
3.2626170E+001,-2.7077264E-002
3.2628170E+001,-2.7110262E-002
3.2630170E+001,-2.7138510E-002
3.2632170E+001,-2.7160618E-002
3.2634170E+001,-2.7175528E-002
3.2636170E+001,-2.7182522E-002
3.2638170E+001,-2.7181213E-002
3.2640170E+001,-2.7171514E-002
3.2642170E+001,-2.7153599E-002
3.2644170E+001,-2.7127840E-002
3.2646170E+001,-2.7094737E-002
3.2648170E+001,-2.7054833E-002
3.2650170E+001,-2.7008630E-002
3.2652170E+001,-2.6956498E-002
3.2654170E+001,-2.6898600E-002
3.2656170E+001,-2.6834830E-002
3.2658170E+001,-2.6764761E-002
3.2660170E+001,-2.6687626E-002
3.2662170E+001,-2.6602317E-002
3.2664170E+001,-2.6507414E-002
3.2666170E+001,-2.6401250E-002
3.2668170E+001,-2.6282030E-002
3.2670170E+001,-2.6147865E-002
3.2672170E+001,-2.5996734E-002
3.2674170E+001,-2.5826488E-002
3.2676170E+001,-2.5635304E-002
3.2678170E+001,-2.5422071E-002
3.2680170E+001,-2.5186118E-002
3.2682170E+001,-2.4926889E-002
3.2684170E+001,-2.4644076E-002
3.2686170E+001,-2.4337802E-002
3.2688170E+001,-2.4008535E-002
3.2690170E+001,-2.3656957E-002
3.2692170E+001,-2.3283856E-002
3.2694170E+001,-2.2890024E-002
3.2696170E+001,-2.2476143E-002
3.2698170E+001,-2.2042681E-002
3.2700170E+001,-2.1589809E-002
3.2702170E+001,-2.1117345E-002
3.2704170E+001,-2.0624719E-002
3.2706170E+001,-2.0110974E-002
3.2708170E+001,-1.9574803E-002
3.2710170E+001,-1.9014604E-002
3.2712170E+001,-1.8428573E-002
3.2714170E+001,-1.7814810E-002
3.2716170E+001,-1.7171451E-002
3.2718170E+001,-1.6496799E-002
3.2720170E+001,-1.5789461E-002
3.2722170E+001,-1.5048489E-002
3.2724170E+001,-1.4273492E-002
3.2726170E+001,-1.3464734E-002
3.2728170E+001,-1.2623202E-002
3.2730170E+001,-1.1750624E-002
3.2732170E+001,-1.0849468E-002
3.2734170E+001,-9.9228954E-003
3.2736170E+001,-8.9746919E-003
3.2738170E+001,-8.0091834E-003
3.2740170E+001,-7.0311363E-003
3.2742170E+001,-6.0456519E-003
3.2744170E+001,-5.0580461E-003
3.2746170E+001,-4.0737136E-003
3.2748170E+001,-3.0979735E-003
3.2750170E+001,-2.1359025E-003
3.2752170E+001,-1.1921695E-003
3.2754170E+001,-2.7088763E-004
3.2756170E+001,6.2449717E-004
3.2758170E+001,1.4912634E-003
3.2760170E+001,2.3275159E-003
3.2762170E+001,3.1320807E-003
3.2764170E+001,3.9044609E-003
3.2766170E+001,4.6453937E-003
3.2768170E+001,5.3555601E-003
3.2770170E+001,6.0369746E-003
3.2772170E+001,6.6920539E-003
3.2774170E+001,7.3239045E-003
3.2776170E+001,7.9361279E-003
3.2778170E+001,8.5328028E-003
3.2780170E+001,9.1183386E-003
3.2782170E+001,9.6973226E-003
3.2784170E+001,1.0274492E-002
3.2786170E+001,1.0854566E-002
3.2788170E+001,1.1442152E-002
3.2790170E+001,1.2041648E-002
3.2792170E+001,1.2657157E-002
3.2794170E+001,1.3292409E-002
3.2796170E+001,1.3950702E-002
3.2798170E+001,1.4634845E-002
3.2800170E+001,1.5347107E-002
3.2802170E+001,1.6089173E-002
3.2804170E+001,1.6862096E-002
3.2806170E+001,1.7666252E-002
3.2808170E+001,1.8501292E-002
3.2810170E+001,1.9366091E-002
3.2812170E+001,2.0258706E-002
3.2814170E+001,2.1176332E-002
3.2816170E+001,2.2115274E-002
3.2818170E+001,2.3070938E-002
3.2820170E+001,2.4037861E-002
3.2822170E+001,2.5009770E-002
3.2824170E+001,2.5979709E-002
3.2826170E+001,2.6940198E-002
3.2828170E+001,2.7883456E-002
3.2830170E+001,2.8801639E-002
3.2832170E+001,2.9687101E-002
3.2834170E+001,3.0532636E-002
3.2836170E+001,3.1331684E-002
3.2838170E+001,3.2078496E-002
3.2840170E+001,3.2768227E-002
3.2842170E+001,3.3396984E-002
3.2844170E+001,3.3961821E-002
3.2846170E+001,3.4460714E-002
3.2848170E+001,3.4892520E-002
3.2850170E+001,3.5256935E-002
3.2852170E+001,3.5554468E-002
3.2854170E+001,3.5786414E-002
3.2856170E+001,3.5954839E-002
3.2858170E+001,3.6062553E-002
3.2860170E+001,3.6113078E-002
3.2862170E+001,3.6110586E-002
3.2864170E+001,3.6059777E-002
3.2866170E+001,3.5965912E-002
3.2868170E+001,3.5834489E-002
3.2870170E+001,3.5671302E-002
3.2872170E+001,3.5482244E-002
3.2874170E+001,3.5273130E-002
3.2876170E+001,3.5049558E-002
3.2878170E+001,3.4816753E-002
3.2880170E+001,3.4579426E-002
3.2882170E+001,3.4341654E-002
3.2884170E+001,3.4106782E-002
3.2886170E+001,3.3877353E-002
3.2888170E+001,3.3655080E-002
3.2890170E+001,3.3440845E-002
3.2892170E+001,3.3234746E-002
3.2894170E+001,3.3036163E-002
3.2896170E+001,3.2843861E-002
3.2898170E+001,3.2656093E-002
3.2900170E+001,3.2470755E-002
3.2902170E+001,3.2285572E-002
3.2904170E+001,3.2098316E-002
3.2906170E+001,3.1906961E-002
3.2908170E+001,3.1709764E-002
3.2910170E+001,3.1505305E-002
3.2912170E+001,3.1292537E-002
3.2914170E+001,3.1070838E-002
3.2916170E+001,3.0840017E-002
3.2918170E+001,3.0600277E-002
3.2920170E+001,3.0352148E-002
3.2922170E+001,3.0096393E-002
3.2924170E+001,2.9833905E-002
3.2926170E+001,2.9565595E-002
3.2928170E+001,2.9292291E-002
3.2930170E+001,2.9014650E-002
3.2932170E+001,2.8733084E-002
3.2934170E+001,2.8447728E-002
3.2936170E+001,2.8158421E-002
3.2938170E+001,2.7864727E-002
3.2940170E+001,2.7565986E-002
3.2942170E+001,2.7261379E-002
3.2944170E+001,2.6950022E-002
3.2946170E+001,2.6631061E-002
3.2948170E+001,2.6303782E-002
3.2950170E+001,2.5967710E-002
3.2952170E+001,2.5622700E-002
3.2954170E+001,2.5269010E-002
3.2956170E+001,2.4907363E-002
3.2958170E+001,2.4538976E-002
3.2960170E+001,2.4165572E-002
3.2962170E+001,2.3789360E-002
3.2964170E+001,2.3412995E-002
3.2966170E+001,2.3039513E-002
3.2968170E+001,2.2672250E-002
3.2970170E+001,2.2314756E-002
3.2972170E+001,2.1970723E-002
3.2974170E+001,2.1643923E-002
3.2976170E+001,2.1338146E-002
3.2978170E+001,2.1057126E-002
3.2980170E+001,2.0804427E-002
3.2982170E+001,2.0583287E-002
3.2984170E+001,2.0396465E-002
3.2986170E+001,2.0246106E-002
3.2988170E+001,2.0133671E-002
3.2990170E+001,2.0059904E-002
3.2992170E+001,2.0024847E-002
3.2994170E+001,2.0027873E-002
3.2996170E+001,2.0067728E-002
3.2998170E+001,2.0142581E-002
3.3000170E+001,2.0250088E-002
3.3002170E+001,2.0387473E-002
3.3004170E+001,2.0551621E-002
3.3006170E+001,2.0739177E-002
3.3008170E+001,2.0946651E-002
3.3010170E+001,2.1170517E-002
3.3012170E+001,2.1407313E-002
3.3014170E+001,2.1653729E-002
3.3016170E+001,2.1906689E-002
3.3018170E+001,2.2163419E-002
3.3020170E+001,2.2421507E-002
3.3022170E+001,2.2678949E-002
3.3024170E+001,2.2934179E-002
3.3026170E+001,2.3186080E-002
3.3028170E+001,2.3433988E-002
3.3030170E+001,2.3677704E-002
3.3032170E+001,2.3917498E-002
3.3034170E+001,2.4154106E-002
3.3036170E+001,2.4388688E-002
3.3038170E+001,2.4622781E-002
3.3040170E+001,2.4858220E-002
3.3042170E+001,2.5097053E-002
3.3044170E+001,2.5341433E-002
3.3046170E+001,2.5593502E-002
3.3048170E+001,2.5855255E-002
3.3050170E+001,2.6128410E-002
3.3052170E+001,2.6414282E-002
3.3054170E+001,2.6713664E-002
3.3056170E+001,2.7026736E-002
3.3058170E+001,2.7352985E-002
3.3060170E+001,2.7691009E-002
3.3062170E+001,2.8039334E-002
3.3064170E+001,2.8394729E-002
3.3066170E+001,2.8754034E-002
3.3068170E+001,2.9113305E-002
3.3070170E+001,2.9468092E-002
3.3072170E+001,2.9813582E-002
3.3074170E+001,3.0144683E-002
3.3076170E+001,3.0456149E-002
3.3078170E+001,3.0742683E-002
3.3080170E+001,3.0999036E-002
3.3082170E+001,3.1220062E-002
3.3084170E+001,3.1400781E-002
3.3086170E+001,3.1536441E-002
3.3088170E+001,3.1622553E-002
3.3090170E+001,3.1654925E-002
3.3092170E+001,3.1629712E-002
3.3094170E+001,3.1543424E-002
3.3096170E+001,3.1393270E-002
3.3098170E+001,3.1176813E-002
3.3100170E+001,3.0892517E-002
3.3102170E+001,3.0539689E-002
3.3104170E+001,3.0118650E-002
3.3106170E+001,2.9630870E-002
3.3108170E+001,2.9079053E-002
3.3110170E+001,2.8467204E-002
3.3112170E+001,2.7800628E-002
3.3114170E+001,2.7085885E-002
3.3116170E+001,2.6330687E-002
3.3118170E+001,2.5543746E-002
3.3120170E+001,2.4734556E-002
3.3122170E+001,2.3913065E-002
3.3124170E+001,2.3089308E-002
3.3126170E+001,2.2273008E-002
3.3128170E+001,2.1473204E-002
3.3130170E+001,2.0697892E-002
3.3132170E+001,1.9953723E-002
3.3134170E+001,1.9245743E-002
3.3136170E+001,1.8577225E-002
3.3138170E+001,1.7949597E-002
3.3140170E+001,1.7362392E-002
3.3142170E+001,1.6813399E-002
3.3144170E+001,1.6298816E-002
3.3146170E+001,1.5813471E-002
3.3148170E+001,1.5351080E-002
3.3150170E+001,1.4904520E-002
3.3152170E+001,1.4466139E-002
3.3154170E+001,1.4028066E-002
3.3156170E+001,1.3582531E-002
3.3158170E+001,1.3122168E-002
3.3160170E+001,1.2640281E-002
3.3162170E+001,1.2131048E-002
3.3164170E+001,1.1589643E-002
3.3166170E+001,1.1012383E-002
3.3168170E+001,1.0396908E-002
3.3170170E+001,9.7422313E-003
3.3172170E+001,9.0484483E-003
3.3174170E+001,8.3162077E-003
3.3176170E+001,7.5463761E-003
3.3178170E+001,6.7402631E-003
3.3180170E+001,5.9003841E-003
3.3182170E+001,5.0311913E-003
3.3184170E+001,4.1390083E-003
3.3186170E+001,3.2309392E-003
3.3188170E+001,2.3134310E-003
3.3190170E+001,1.3914978E-003
3.3192170E+001,4.6896931E-004
3.3194170E+001,-4.5075920E-004
3.3196170E+001,-1.3642145E-003
3.3198170E+001,-2.2678204E-003
3.3200170E+001,-3.1581151E-003
3.3202170E+001,-4.0319164E-003
3.3204170E+001,-4.8863691E-003
3.3206170E+001,-5.7189285E-003
3.3208170E+001,-6.5273576E-003
3.3210170E+001,-7.3097110E-003
3.3212170E+001,-8.0643417E-003
3.3214170E+001,-8.7898872E-003
3.3216170E+001,-9.4854586E-003
3.3218170E+001,-1.0150215E-002
3.3220170E+001,-1.0783874E-002
3.3222170E+001,-1.1386324E-002
3.3224170E+001,-1.1957818E-002
3.3226170E+001,-1.2498910E-002
3.3228170E+001,-1.3010441E-002
3.3230170E+001,-1.3493519E-002
3.3232170E+001,-1.3949550E-002
3.3234170E+001,-1.4380204E-002
3.3236170E+001,-1.4787410E-002
3.3238170E+001,-1.5173329E-002
3.3240170E+001,-1.5540304E-002
3.3242170E+001,-1.5890804E-002
3.3244170E+001,-1.6227376E-002
3.3246170E+001,-1.6552590E-002
3.3248170E+001,-1.6868989E-002
3.3250170E+001,-1.7179027E-002
3.3252170E+001,-1.7485002E-002
3.3254170E+001,-1.7788977E-002
3.3256170E+001,-1.8092703E-002
3.3258170E+001,-1.8397553E-002
3.3260170E+001,-1.8704475E-002
3.3262170E+001,-1.9013958E-002
3.3264170E+001,-1.9326010E-002
3.3266170E+001,-1.9640141E-002
3.3268170E+001,-1.9955370E-002
3.3270170E+001,-2.0270237E-002
3.3272170E+001,-2.0582835E-002
3.3274170E+001,-2.0890860E-002
3.3276170E+001,-2.1191670E-002
3.3278170E+001,-2.1482362E-002
3.3280170E+001,-2.1759850E-002
3.3282170E+001,-2.2020961E-002
3.3284170E+001,-2.2262524E-002
3.3286170E+001,-2.2481476E-002
3.3288170E+001,-2.2674959E-002
3.3290170E+001,-2.2840425E-002
3.3292170E+001,-2.2975742E-002
3.3294170E+001,-2.3079285E-002
3.3296170E+001,-2.3150038E-002
3.3298170E+001,-2.3187666E-002
3.3300170E+001,-2.3192581E-002
3.3302170E+001,-2.3165998E-002
3.3304170E+001,-2.3109933E-002
3.3306170E+001,-2.3027216E-002
3.3308170E+001,-2.2921480E-002
3.3310170E+001,-2.2797092E-002
3.3312170E+001,-2.2659052E-002
3.3314170E+001,-2.2512863E-002
3.3316170E+001,-2.2364370E-002
3.3318170E+001,-2.2219578E-002
3.3320170E+001,-2.2084447E-002
3.3322170E+001,-2.1964677E-002
3.3324170E+001,-2.1865501E-002
3.3326170E+001,-2.1791492E-002
3.3328170E+001,-2.1746383E-002
3.3330170E+001,-2.1732923E-002
3.3332170E+001,-2.1752782E-002
3.3334170E+001,-2.1806493E-002
3.3336170E+001,-2.1893452E-002
3.3338170E+001,-2.2011981E-002
3.3340170E+001,-2.2159425E-002
3.3342170E+001,-2.2332293E-002
3.3344170E+001,-2.2526437E-002
3.3346170E+001,-2.2737276E-002
3.3348170E+001,-2.2960025E-002
3.3350170E+001,-2.3189684E-002
3.3352170E+001,-2.3421556E-002
3.3354170E+001,-2.3651087E-002
3.3356170E+001,-2.3875014E-002
3.3358170E+001,-2.4092974E-002
3.3360170E+001,-2.4306255E-002
3.3362170E+001,-2.4513629E-002
3.3364170E+001,-2.4711502E-002
3.3366170E+001,-2.4898772E-002
3.3368170E+001,-2.5077975E-002
3.3370170E+001,-2.5252384E-002
3.3372170E+001,-2.5424825E-002
3.3374170E+001,-2.5598284E-002
3.3376170E+001,-2.5776017E-002
3.3378170E+001,-2.5961294E-002
3.3380170E+001,-2.6157249E-002
3.3382170E+001,-2.6366743E-002
3.3384170E+001,-2.6592241E-002
3.3386170E+001,-2.6835712E-002
3.3388170E+001,-2.7098544E-002
3.3390170E+001,-2.7381491E-002
3.3392170E+001,-2.7684649E-002
3.3394170E+001,-2.8007451E-002
3.3396170E+001,-2.8348692E-002
3.3398170E+001,-2.8706562E-002
3.3400170E+001,-2.9078706E-002
3.3402170E+001,-2.9462294E-002
3.3404170E+001,-2.9854111E-002
3.3406170E+001,-3.0250668E-002
3.3408170E+001,-3.0648319E-002
3.3410170E+001,-3.1043392E-002
3.3412170E+001,-3.1432329E-002
3.3414170E+001,-3.1811827E-002
3.3416170E+001,-3.2178964E-002
3.3418170E+001,-3.2531311E-002
3.3420170E+001,-3.2867029E-002
3.3422170E+001,-3.3184953E-002
3.3424170E+001,-3.3484672E-002
3.3426170E+001,-3.3766593E-002
3.3428170E+001,-3.4031975E-002
3.3430170E+001,-3.4282917E-002
3.3432170E+001,-3.4522290E-002
3.3434170E+001,-3.4753628E-002
3.3436170E+001,-3.4980981E-002
3.3438170E+001,-3.5208738E-002
3.3440170E+001,-3.5441423E-002
3.3442170E+001,-3.5683477E-002
3.3444170E+001,-3.5939018E-002
3.3446170E+001,-3.6211608E-002
3.3448170E+001,-3.6504030E-002
3.3450170E+001,-3.6818089E-002
3.3452170E+001,-3.7154450E-002
3.3454170E+001,-3.7512485E-002
3.3456170E+001,-3.7890239E-002
3.3458170E+001,-3.8284441E-002
3.3460170E+001,-3.8690530E-002
3.3462170E+001,-3.9102799E-002
3.3464170E+001,-3.9514584E-002
3.3466170E+001,-3.9918505E-002
3.3468170E+001,-4.0306694E-002
3.3470170E+001,-4.0671059E-002
3.3472170E+001,-4.1003611E-002
3.3474170E+001,-4.1296791E-002
3.3476170E+001,-4.1543647E-002
3.3478170E+001,-4.1737893E-002
3.3480170E+001,-4.1874048E-002
3.3482170E+001,-4.1947693E-002
3.3484170E+001,-4.1955687E-002
3.3486170E+001,-4.1896228E-002
3.3488170E+001,-4.1768792E-002
3.3490170E+001,-4.1574176E-002
3.3492170E+001,-4.1314449E-002
3.3494170E+001,-4.0992826E-002
3.3496170E+001,-4.0613585E-002
3.3498170E+001,-4.0181895E-002
3.3500170E+001,-3.9703673E-002
3.3502170E+001,-3.9185427E-002
3.3504170E+001,-3.8634098E-002
3.3506170E+001,-3.8056876E-002
3.3508170E+001,-3.7460958E-002
3.3510170E+001,-3.6853285E-002
3.3512170E+001,-3.6240339E-002
3.3514170E+001,-3.5628031E-002
3.3516170E+001,-3.5021584E-002
3.3518170E+001,-3.4425348E-002
3.3520170E+001,-3.3842642E-002
3.3522170E+001,-3.3275716E-002
3.3524170E+001,-3.2725787E-002
3.3526170E+001,-3.2193068E-002
3.3528170E+001,-3.1676798E-002
3.3530170E+001,-3.1175307E-002
3.3532170E+001,-3.0686154E-002
3.3534170E+001,-3.0206285E-002
3.3536170E+001,-2.9732211E-002
3.3538170E+001,-2.9260170E-002
3.3540170E+001,-2.8786272E-002
3.3542170E+001,-2.8306625E-002
3.3544170E+001,-2.7817439E-002
3.3546170E+001,-2.7315121E-002
3.3548170E+001,-2.6796362E-002
3.3550170E+001,-2.6258197E-002
3.3552170E+001,-2.5698006E-002
3.3554170E+001,-2.5113448E-002
3.3556170E+001,-2.4502344E-002
3.3558170E+001,-2.3862593E-002
3.3560170E+001,-2.3192206E-002
3.3562170E+001,-2.2489493E-002
3.3564170E+001,-2.1753365E-002
3.3566170E+001,-2.0983604E-002
3.3568170E+001,-2.0180965E-002
3.3570170E+001,-1.9346979E-002
3.3572170E+001,-1.8483489E-002
3.3574170E+001,-1.7592064E-002
3.3576170E+001,-1.6673543E-002
3.3578170E+001,-1.5727890E-002
3.3580170E+001,-1.4754438E-002
3.3582170E+001,-1.3752425E-002
3.3584170E+001,-1.2721587E-002
3.3586170E+001,-1.1662604E-002
3.3588170E+001,-1.0577303E-002
3.3590170E+001,-9.4686203E-003
3.3592170E+001,-8.3404238E-003
3.3594170E+001,-7.1972872E-003
3.3596170E+001,-6.0442673E-003
3.3598170E+001,-4.8867166E-003
3.3600170E+001,-3.7300137E-003
3.3602170E+001,-2.5797006E-003
3.3604170E+001,-1.4402373E-003
3.3606170E+001,-3.1724253E-004
3.3608170E+001,7.8531072E-004
3.3610170E+001,1.8632274E-003
3.3612170E+001,2.9129273E-003
3.3614170E+001,3.9311741E-003
3.3616170E+001,4.9152257E-003
3.3618170E+001,5.8628109E-003
3.3620170E+001,6.7721176E-003
3.3622170E+001,7.6417935E-003
3.3624170E+001,8.4709052E-003
3.3626170E+001,9.2589709E-003
3.3628170E+001,1.0005954E-002
3.3630170E+001,1.0712210E-002
3.3632170E+001,1.1378467E-002
3.3634170E+001,1.2005841E-002
3.3636170E+001,1.2595831E-002
3.3638170E+001,1.3150291E-002
3.3640170E+001,1.3671406E-002
3.3642170E+001,1.4161632E-002
3.3644170E+001,1.4623642E-002
3.3646170E+001,1.5060253E-002
3.3648170E+001,1.5474352E-002
3.3650170E+001,1.5868818E-002
3.3652170E+001,1.6246441E-002
3.3654170E+001,1.6609839E-002
3.3656170E+001,1.6961371E-002
3.3658170E+001,1.7303045E-002
3.3660170E+001,1.7636433E-002
3.3662170E+001,1.7962592E-002
3.3664170E+001,1.8282004E-002
3.3666170E+001,1.8594530E-002
3.3668170E+001,1.8899395E-002
3.3670170E+001,1.9195202E-002
3.3672170E+001,1.9479982E-002
3.3674170E+001,1.9751276E-002
3.3676170E+001,2.0006255E-002
3.3678170E+001,2.0241861E-002
3.3680170E+001,2.0454976E-002
3.3682170E+001,2.0642603E-002
3.3684170E+001,2.0802050E-002
3.3686170E+001,2.0931099E-002
3.3688170E+001,2.1028165E-002
3.3690170E+001,2.1092421E-002
3.3692170E+001,2.1123883E-002
3.3694170E+001,2.1123471E-002
3.3696170E+001,2.1092940E-002
3.3698170E+001,2.1034963E-002
3.3700170E+001,2.0952883E-002
3.3702170E+001,2.0850702E-002
3.3704170E+001,2.0732880E-002
3.3706170E+001,2.0604155E-002
3.3708170E+001,2.0469340E-002
3.3710170E+001,2.0333126E-002
3.3712170E+001,2.0199888E-002
3.3714170E+001,2.0073511E-002
3.3716170E+001,1.9957240E-002
3.3718170E+001,1.9853580E-002
3.3720170E+001,1.9764230E-002
3.3722170E+001,1.9690083E-002
3.3724170E+001,1.9631267E-002
3.3726170E+001,1.9587251E-002
3.3728170E+001,1.9556992E-002
3.3730170E+001,1.9539113E-002
3.3732170E+001,1.9532097E-002
3.3734170E+001,1.9534471E-002
3.3736170E+001,1.9544994E-002
3.3738170E+001,1.9562818E-002
3.3740170E+001,1.9587621E-002
3.3742170E+001,1.9619660E-002
3.3744170E+001,1.9659761E-002
3.3746170E+001,1.9709269E-002
3.3748170E+001,1.9769969E-002
3.3750170E+001,1.9843982E-002
3.3752170E+001,1.9933624E-002
3.3754170E+001,2.0041247E-002
3.3756170E+001,2.0169085E-002
3.3758170E+001,2.0319099E-002
3.3760170E+001,2.0492702E-002
3.3762170E+001,2.0691292E-002
3.3764170E+001,2.0914660E-002
3.3766170E+001,2.1161965E-002
3.3768170E+001,2.1431104E-002
3.3770170E+001,2.1719708E-002
3.3772170E+001,2.2028724E-002
3.3774170E+001,2.2363296E-002
3.3776170E+001,2.2726334E-002
3.3778170E+001,2.3112219E-002
3.3780170E+001,2.3511201E-002
3.3782170E+001,2.3917905E-002
3.3784170E+001,2.4331987E-002
3.3786170E+001,2.4753515E-002
3.3788170E+001,2.5181142E-002
3.3790170E+001,2.5613118E-002
3.3792170E+001,2.6047927E-002
3.3794170E+001,2.6484223E-002
3.3796170E+001,2.6920755E-002
3.3798170E+001,2.7356345E-002
3.3800170E+001,2.7789868E-002
3.3802170E+001,2.8220222E-002
3.3804170E+001,2.8646332E-002
3.3806170E+001,2.9067161E-002
3.3808170E+001,2.9481758E-002
3.3810170E+001,2.9889295E-002
3.3812170E+001,3.0289108E-002
3.3814170E+001,3.0680719E-002
3.3816170E+001,3.1063857E-002
3.3818170E+001,3.1438463E-002
3.3820170E+001,3.1804684E-002
3.3822170E+001,3.2162839E-002
3.3824170E+001,3.2513382E-002
3.3826170E+001,3.2856848E-002
3.3828170E+001,3.3193796E-002
3.3830170E+001,3.3524733E-002
3.3832170E+001,3.3850025E-002
3.3834170E+001,3.4169788E-002
3.3836170E+001,3.4483790E-002
3.3838170E+001,3.4791407E-002
3.3840170E+001,3.5091635E-002
3.3842170E+001,3.5383167E-002
3.3844170E+001,3.5664481E-002
3.3846170E+001,3.5933922E-002
3.3848170E+001,3.6189767E-002
3.3850170E+001,3.6430302E-002
3.3852170E+001,3.6653894E-002
3.3854170E+001,3.6859081E-002
3.3856170E+001,3.7044648E-002
3.3858170E+001,3.7209690E-002
3.3860170E+001,3.7353635E-002
3.3862170E+001,3.7476253E-002
3.3864170E+001,3.7577621E-002
3.3866170E+001,3.7658076E-002
3.3868170E+001,3.7718140E-002
3.3870170E+001,3.7758436E-002
3.3872170E+001,3.7779605E-002
3.3874170E+001,3.7782217E-002
3.3876170E+001,3.7766707E-002
3.3878170E+001,3.7733313E-002
3.3880170E+001,3.7682024E-002
3.3882170E+001,3.7612726E-002
3.3884170E+001,3.7525005E-002
3.3886170E+001,3.7418447E-002
3.3888170E+001,3.7292612E-002
3.3890170E+001,3.7147154E-002
3.3892170E+001,3.6981936E-002
3.3894170E+001,3.6797124E-002
3.3896170E+001,3.6593269E-002
3.3898170E+001,3.6371360E-002
3.3900170E+001,3.6132845E-002
3.3902170E+001,3.5879599E-002
3.3904170E+001,3.5613859E-002
3.3906170E+001,3.5338172E-002
3.3908170E+001,3.5055343E-002
3.3910170E+001,3.4768359E-002
3.3912170E+001,3.4480218E-002
3.3914170E+001,3.4193705E-002
3.3916170E+001,3.3911214E-002
3.3918170E+001,3.3634652E-002
3.3920170E+001,3.3365384E-002
3.3922170E+001,3.3104194E-002
3.3924170E+001,3.2851272E-002
3.3926170E+001,3.2606225E-002
3.3928170E+001,3.2368113E-002
3.3930170E+001,3.2135507E-002
3.3932170E+001,3.1906559E-002
3.3934170E+001,3.1679082E-002
3.3936170E+001,3.1450633E-002
3.3938170E+001,3.1218589E-002
3.3940170E+001,3.0980217E-002
3.3942170E+001,3.0732732E-002
3.3944170E+001,3.0473334E-002
3.3946170E+001,3.0199239E-002
3.3948170E+001,2.9907687E-002
3.3950170E+001,2.9595941E-002
3.3952170E+001,2.9261279E-002
3.3954170E+001,2.8900974E-002
3.3956170E+001,2.8512291E-002
3.3958170E+001,2.8092503E-002
3.3960170E+001,2.7638937E-002
3.3962170E+001,2.7149052E-002
3.3964170E+001,2.6620511E-002
3.3966170E+001,2.6051199E-002
3.3968170E+001,2.5439180E-002
3.3970170E+001,2.4782601E-002
3.3972170E+001,2.4079634E-002
3.3974170E+001,2.3328567E-002
3.3976170E+001,2.2528138E-002
3.3978170E+001,2.1678127E-002
3.3980170E+001,2.0780094E-002
3.3982170E+001,1.9838051E-002
3.3984170E+001,1.8858766E-002
3.3986170E+001,1.7851465E-002
3.3988170E+001,1.6826854E-002
3.3990170E+001,1.5795681E-002
3.3992170E+001,1.4767247E-002
3.3994170E+001,1.3748360E-002
3.3996170E+001,1.2743057E-002
3.3998170E+001,1.1753078E-002
3.4000170E+001,1.0778789E-002
3.4002170E+001,9.8201442E-003
3.4004170E+001,8.8773282E-003
3.4006170E+001,7.9509847E-003
3.4008170E+001,7.0421248E-003
3.4010170E+001,6.1519097E-003
3.4012170E+001,5.2814647E-003
3.4014170E+001,4.4317861E-003
3.4016170E+001,3.6037267E-003
3.4018170E+001,2.7980143E-003
3.4020170E+001,2.0152671E-003
3.4022170E+001,1.2559980E-003
3.4024170E+001,5.2060920E-004
3.4026170E+001,-1.9061903E-004
3.4028170E+001,-8.7754236E-004
3.4030170E+001,-1.5401628E-003
3.4032170E+001,-2.1786274E-003
3.4034170E+001,-2.7932099E-003
3.4036170E+001,-3.3842712E-003
3.4038170E+001,-3.9522027E-003
3.4040170E+001,-4.4973612E-003
3.4042170E+001,-5.0200082E-003
3.4044170E+001,-5.5202568E-003
3.4046170E+001,-5.9980539E-003
3.4048170E+001,-6.4531626E-003
3.4050170E+001,-6.8851956E-003
3.4052170E+001,-7.2936396E-003
3.4054170E+001,-7.6778662E-003
3.4056170E+001,-8.0371540E-003
3.4058170E+001,-8.3707026E-003
3.4060170E+001,-8.6776440E-003
3.4062170E+001,-8.9570703E-003
3.4064170E+001,-9.2080816E-003
3.4066170E+001,-9.4298734E-003
3.4068170E+001,-9.6218329E-003
3.4070170E+001,-9.7836526E-003
3.4072170E+001,-9.9154502E-003
3.4074170E+001,-1.0017856E-002
3.4076170E+001,-1.0092081E-002
3.4078170E+001,-1.0139952E-002
3.4080170E+001,-1.0163919E-002
3.4082170E+001,-1.0167016E-002
3.4084170E+001,-1.0152798E-002
3.4086170E+001,-1.0125241E-002
3.4088170E+001,-1.0088641E-002
3.4090170E+001,-1.0047475E-002
3.4092170E+001,-1.0006268E-002
3.4094170E+001,-9.9694416E-003
3.4096170E+001,-9.9411775E-003
3.4098170E+001,-9.9252825E-003
3.4100170E+001,-9.9250695E-003
3.4102170E+001,-9.9432593E-003
3.4104170E+001,-9.9819013E-003
3.4106170E+001,-1.0042315E-002
3.4108170E+001,-1.0125034E-002
3.4110170E+001,-1.0229647E-002
3.4112170E+001,-1.0355382E-002
3.4114170E+001,-1.0501409E-002
3.4116170E+001,-1.0665649E-002
3.4118170E+001,-1.0844896E-002
3.4120170E+001,-1.1036072E-002
3.4122170E+001,-1.1236092E-002
3.4124170E+001,-1.1441520E-002
3.4126170E+001,-1.1648906E-002
3.4128170E+001,-1.1854943E-002
3.4130170E+001,-1.2056563E-002
3.4132170E+001,-1.2251086E-002
3.4134170E+001,-1.2436313E-002
3.4136170E+001,-1.2610611E-002
3.4138170E+001,-1.2772986E-002
3.4140170E+001,-1.2923143E-002
3.4142170E+001,-1.3061510E-002
3.4144170E+001,-1.3189244E-002
3.4146170E+001,-1.3308217E-002
3.4148170E+001,-1.3420967E-002
3.4150170E+001,-1.3530623E-002
3.4152170E+001,-1.3640802E-002
3.4154170E+001,-1.3755476E-002
3.4156170E+001,-1.3878825E-002
3.4158170E+001,-1.4015083E-002
3.4160170E+001,-1.4168373E-002
3.4162170E+001,-1.4342567E-002
3.4164170E+001,-1.4541159E-002
3.4166170E+001,-1.4767164E-002
3.4168170E+001,-1.5023055E-002
3.4170170E+001,-1.5310716E-002
3.4172170E+001,-1.5631435E-002
3.4174170E+001,-1.5985911E-002
3.4176170E+001,-1.6374282E-002
3.4178170E+001,-1.6796168E-002
3.4180170E+001,-1.7250720E-002
3.4182170E+001,-1.7736679E-002
3.4184170E+001,-1.8252419E-002
3.4186170E+001,-1.8795997E-002
3.4188170E+001,-1.9365190E-002
3.4190170E+001,-1.9957522E-002
3.4192170E+001,-2.0570296E-002
3.4194170E+001,-2.1200609E-002
3.4196170E+001,-2.1845370E-002
3.4198170E+001,-2.2501319E-002
3.4200170E+001,-2.3165038E-002
3.4202170E+001,-2.3832979E-002
3.4204170E+001,-2.4501478E-002
3.4206170E+001,-2.5166788E-002
3.4208170E+001,-2.5825115E-002
3.4210170E+001,-2.6472649E-002
3.4212170E+001,-2.7105618E-002
3.4214170E+001,-2.7720333E-002
3.4216170E+001,-2.8313250E-002
3.4218170E+001,-2.8881031E-002
3.4220170E+001,-2.9420610E-002
3.4222170E+001,-2.9929262E-002
3.4224170E+001,-3.0404663E-002
3.4226170E+001,-3.0844958E-002
3.4228170E+001,-3.1248801E-002
3.4230170E+001,-3.1615403E-002
3.4232170E+001,-3.1944547E-002
3.4234170E+001,-3.2236598E-002
3.4236170E+001,-3.2492484E-002
3.4238170E+001,-3.2713673E-002
3.4240170E+001,-3.2902122E-002
3.4242170E+001,-3.3060216E-002
3.4244170E+001,-3.3190696E-002
3.4246170E+001,-3.3296574E-002
3.4248170E+001,-3.3381038E-002
3.4250170E+001,-3.3447363E-002
3.4252170E+001,-3.3498808E-002
3.4254170E+001,-3.3538532E-002
3.4256170E+001,-3.3569495E-002
3.4258170E+001,-3.3594388E-002
3.4260170E+001,-3.3615557E-002
3.4262170E+001,-3.3634954E-002
3.4264170E+001,-3.3654101E-002
3.4266170E+001,-3.3674068E-002
3.4268170E+001,-3.3695469E-002
3.4270170E+001,-3.3718484E-002
3.4272170E+001,-3.3742882E-002
3.4274170E+001,-3.3768077E-002
3.4276170E+001,-3.3793178E-002
3.4278170E+001,-3.3817062E-002
3.4280170E+001,-3.3838449E-002
3.4282170E+001,-3.3855978E-002
3.4284170E+001,-3.3868283E-002
3.4286170E+001,-3.3874071E-002
3.4288170E+001,-3.3872189E-002
3.4290170E+001,-3.3861682E-002
3.4292170E+001,-3.3841836E-002
3.4294170E+001,-3.3812206E-002
3.4296170E+001,-3.3772632E-002
3.4298170E+001,-3.3723248E-002
3.4300170E+001,-3.3664460E-002
3.4302170E+001,-3.3596922E-002
3.4304170E+001,-3.3521491E-002
3.4306170E+001,-3.3439176E-002
3.4308170E+001,-3.3351078E-002
3.4310170E+001,-3.3258335E-002
3.4312170E+001,-3.3162058E-002
3.4314170E+001,-3.3063278E-002
3.4316170E+001,-3.2962898E-002
3.4318170E+001,-3.2861665E-002
3.4320170E+001,-3.2760144E-002
3.4322170E+001,-3.2658692E-002
3.4324170E+001,-3.2557435E-002
3.4326170E+001,-3.2456270E-002
3.4328170E+001,-3.2354881E-002
3.4330170E+001,-3.2252757E-002
3.4332170E+001,-3.2149204E-002
3.4334170E+001,-3.2043348E-002
3.4336170E+001,-3.1934137E-002
3.4338170E+001,-3.1820327E-002
3.4340170E+001,-3.1700470E-002
3.4342170E+001,-3.1572898E-002
3.4344170E+001,-3.1435699E-002
3.4346170E+001,-3.1286706E-002
3.4348170E+001,-3.1123490E-002
3.4350170E+001,-3.0943367E-002
3.4352170E+001,-3.0743427E-002
3.4354170E+001,-3.0520578E-002
3.4356170E+001,-3.0271612E-002
3.4358170E+001,-2.9993294E-002
3.4360170E+001,-2.9682459E-002
3.4362170E+001,-2.9336129E-002
3.4364170E+001,-2.8951626E-002
3.4366170E+001,-2.8526689E-002
3.4368170E+001,-2.8059600E-002
3.4370170E+001,-2.7549324E-002
3.4372170E+001,-2.6995665E-002
3.4374170E+001,-2.6399413E-002
3.4376170E+001,-2.5762434E-002
3.4378170E+001,-2.5087670E-002
3.4380170E+001,-2.4379012E-002
3.4382170E+001,-2.3641085E-002
3.4384170E+001,-2.2879004E-002
3.4386170E+001,-2.2098136E-002
3.4388170E+001,-2.1303904E-002
3.4390170E+001,-2.0501614E-002
3.4392170E+001,-1.9696285E-002
3.4394170E+001,-1.8892496E-002
3.4396170E+001,-1.8094237E-002
3.4398170E+001,-1.7304807E-002
3.4400170E+001,-1.6526755E-002
3.4402170E+001,-1.5761902E-002
3.4404170E+001,-1.5011426E-002
3.4406170E+001,-1.4276025E-002
3.4408170E+001,-1.3556120E-002
3.4410170E+001,-1.2852057E-002
3.4412170E+001,-1.2164263E-002
3.4414170E+001,-1.1493330E-002
3.4416170E+001,-1.0839994E-002
3.4418170E+001,-1.0205043E-002
3.4420170E+001,-9.5891623E-003
3.4422170E+001,-8.9927900E-003
3.4424170E+001,-8.4160091E-003
3.4426170E+001,-7.8585193E-003
3.4428170E+001,-7.3196923E-003
3.4430170E+001,-6.7986994E-003
3.4432170E+001,-6.2946885E-003
3.4434170E+001,-5.8069678E-003
3.4436170E+001,-5.3351548E-003
3.4438170E+001,-4.8792580E-003
3.4440170E+001,-4.4396807E-003
3.4442170E+001,-4.0171575E-003
3.4444170E+001,-3.6126510E-003
3.4446170E+001,-3.2272386E-003
3.4448170E+001,-2.8620131E-003
3.4450170E+001,-2.5180046E-003
3.4452170E+001,-2.1961209E-003
3.4454170E+001,-1.8970976E-003
3.4456170E+001,-1.6214540E-003
3.4458170E+001,-1.3694587E-003
3.4460170E+001,-1.1411062E-003
3.4462170E+001,-9.3610580E-004
3.4464170E+001,-7.5388183E-004
3.4466170E+001,-5.9358433E-004
3.4468170E+001,-4.5410595E-004
3.4470170E+001,-3.3410076E-004
3.4472170E+001,-2.3200660E-004
3.4474170E+001,-1.4606763E-004
3.4476170E+001,-7.4355402E-005
3.4478170E+001,-1.4792769E-005
3.4480170E+001,3.4821563E-005
3.4482170E+001,7.6791230E-005
3.4484170E+001,1.1348703E-004
3.4486170E+001,1.4731659E-004
3.4488170E+001,1.8068005E-004
3.4490170E+001,2.1591618E-004
3.4492170E+001,2.5525109E-004
3.4494170E+001,3.0074990E-004
3.4496170E+001,3.5426606E-004
3.4498170E+001,4.1739852E-004
3.4500170E+001,4.9145873E-004
3.4502170E+001,5.7744871E-004
3.4504170E+001,6.7605088E-004
3.4506170E+001,7.8763028E-004
3.4508170E+001,9.1224831E-004
3.4510170E+001,1.0496874E-003
3.4512170E+001,1.1994865E-003
3.4514170E+001,1.3609848E-003
3.4516170E+001,1.5333795E-003
3.4518170E+001,1.7157812E-003
3.4520170E+001,1.9072696E-003
3.4522170E+001,2.1069611E-003
3.4524170E+001,2.3140678E-003
3.4526170E+001,2.5279415E-003
3.4528170E+001,2.7481177E-003
3.4530170E+001,2.9743018E-003
3.4532170E+001,3.2066495E-003
3.4534170E+001,3.4451460E-003
3.4536170E+001,3.6905444E-003
3.4538170E+001,3.9433151E-003
3.4540170E+001,4.2045889E-003
3.4542170E+001,4.4753744E-003
3.4544170E+001,4.7569620E-003
3.4546170E+001,5.0507567E-003
3.4548170E+001,5.3582255E-003
3.4550170E+001,5.6808224E-003
3.4552170E+001,6.0200191E-003
3.4554170E+001,6.3772287E-003
3.4556170E+001,6.7537257E-003
3.4558170E+001,7.1506333E-003
3.4560170E+001,7.5688784E-003
3.4562170E+001,8.0091551E-003
3.4564170E+001,8.4718765E-003
3.4566170E+001,8.9571599E-003
3.4568170E+001,9.4648065E-003
3.4570170E+001,9.9942929E-003
3.4572170E+001,1.0544771E-002
3.4574170E+001,1.1115078E-002
3.4576170E+001,1.1703752E-002
3.4578170E+001,1.2309062E-002
3.4580170E+001,1.2929033E-002
3.4582170E+001,1.3561484E-002
3.4584170E+001,1.4204060E-002
3.4586170E+001,1.4854273E-002
3.4588170E+001,1.5509535E-002
3.4590170E+001,1.6167198E-002
3.4592170E+001,1.6824590E-002
3.4594170E+001,1.7479049E-002
3.4596170E+001,1.8127962E-002
3.4598170E+001,1.8768797E-002
3.4600170E+001,1.9399140E-002
3.4602170E+001,2.0016723E-002
3.4604170E+001,2.0619456E-002
3.4606170E+001,2.1205450E-002
3.4608170E+001,2.1773040E-002
3.4610170E+001,2.2320797E-002
3.4612170E+001,2.2847538E-002
3.4614170E+001,2.3352330E-002
3.4616170E+001,2.3834490E-002
3.4618170E+001,2.4293576E-002
3.4620170E+001,2.4729383E-002
3.4622170E+001,2.5141928E-002
3.4624170E+001,2.5531438E-002
3.4626170E+001,2.5898331E-002
3.4628170E+001,2.6243195E-002
3.4630170E+001,2.6566771E-002
3.4632170E+001,2.6869922E-002
3.4634170E+001,2.7153616E-002
3.4636170E+001,2.7418886E-002
3.4638170E+001,2.7666806E-002
3.4640170E+001,2.7898461E-002
3.4642170E+001,2.8114912E-002
3.4644170E+001,2.8317175E-002
3.4646170E+001,2.8506195E-002
3.4648170E+001,2.8682836E-002
3.4650170E+001,2.8847864E-002
3.4652170E+001,2.9001952E-002
3.4654170E+001,2.9145681E-002
3.4656170E+001,2.9279552E-002
3.4658170E+001,2.9404006E-002
3.4660170E+001,2.9519442E-002
3.4662170E+001,2.9626238E-002
3.4664170E+001,2.9724780E-002
3.4666170E+001,2.9815480E-002
3.4668170E+001,2.9898796E-002
3.4670170E+001,2.9975250E-002
3.4672170E+001,3.0045439E-002
3.4674170E+001,3.0110037E-002
3.4676170E+001,3.0169799E-002
3.4678170E+001,3.0225551E-002
3.4680170E+001,3.0278179E-002
3.4682170E+001,3.0328609E-002
3.4684170E+001,3.0377785E-002
3.4686170E+001,3.0426640E-002
3.4688170E+001,3.0476067E-002
3.4690170E+001,3.0526888E-002
3.4692170E+001,3.0579824E-002
3.4694170E+001,3.0635468E-002
3.4696170E+001,3.0694262E-002
3.4698170E+001,3.0756477E-002
3.4700170E+001,3.0822202E-002
3.4702170E+001,3.0891336E-002
3.4704170E+001,3.0963589E-002
3.4706170E+001,3.1038488E-002
3.4708170E+001,3.1115389E-002
3.4710170E+001,3.1193493E-002
3.4712170E+001,3.1271860E-002
3.4714170E+001,3.1349432E-002
3.4716170E+001,3.1425049E-002
3.4718170E+001,3.1497461E-002
3.4720170E+001,3.1565347E-002
3.4722170E+001,3.1627319E-002
3.4724170E+001,3.1681926E-002
3.4726170E+001,3.1727657E-002
3.4728170E+001,3.1762940E-002
3.4730170E+001,3.1786134E-002
3.4732170E+001,3.1795530E-002
3.4734170E+001,3.1789348E-002
3.4736170E+001,3.1765737E-002
3.4738170E+001,3.1722787E-002
3.4740170E+001,3.1658534E-002
3.4742170E+001,3.1570995E-002
3.4744170E+001,3.1458218E-002
3.4746170E+001,3.1318304E-002
3.4748170E+001,3.1149442E-002
3.4750170E+001,3.0949939E-002
3.4752170E+001,3.0718233E-002
3.4754170E+001,3.0452932E-002
3.4756170E+001,3.0152940E-002
3.4758170E+001,2.9817672E-002
3.4760170E+001,2.9447279E-002
3.4762170E+001,2.9042713E-002
3.4764170E+001,2.8605607E-002
3.4766170E+001,2.8138071E-002
3.4768170E+001,2.7642526E-002
3.4770170E+001,2.7121614E-002
3.4772170E+001,2.6578146E-002
3.4774170E+001,2.6015050E-002
3.4776170E+001,2.5435315E-002
3.4778170E+001,2.4841964E-002
3.4780170E+001,2.4238044E-002
3.4782170E+001,2.3626638E-002
3.4784170E+001,2.3010847E-002
3.4786170E+001,2.2393729E-002
3.4788170E+001,2.1778184E-002
3.4790170E+001,2.1166846E-002
3.4792170E+001,2.0562007E-002
3.4794170E+001,1.9965605E-002
3.4796170E+001,1.9379260E-002
3.4798170E+001,1.8804333E-002
3.4800170E+001,1.8241974E-002
3.4802170E+001,1.7693155E-002
3.4804170E+001,1.7158693E-002
3.4806170E+001,1.6639271E-002
3.4808170E+001,1.6135444E-002
3.4810170E+001,1.5647641E-002
3.4812170E+001,1.5176186E-002
3.4814170E+001,1.4721297E-002
3.4816170E+001,1.4283105E-002
3.4818170E+001,1.3861663E-002
3.4820170E+001,1.3456961E-002
3.4822170E+001,1.3068948E-002
3.4824170E+001,1.2697544E-002
3.4826170E+001,1.2342657E-002
3.4828170E+001,1.2004194E-002
3.4830170E+001,1.1682073E-002
3.4832170E+001,1.1376236E-002
3.4834170E+001,1.1086652E-002
3.4836170E+001,1.0813320E-002
3.4838170E+001,1.0556266E-002
3.4840170E+001,1.0315528E-002
3.4842170E+001,1.0091137E-002
3.4844170E+001,9.8830985E-003
3.4846170E+001,9.6913622E-003
3.4848170E+001,9.5157981E-003
3.4850170E+001,9.3561703E-003
3.4852170E+001,9.2121151E-003
3.4854170E+001,9.0831263E-003
3.4856170E+001,8.9685467E-003
3.4858170E+001,8.8675684E-003
3.4860170E+001,8.7792394E-003
3.4862170E+001,8.7024763E-003
3.4864170E+001,8.6360815E-003
3.4866170E+001,8.5787638E-003
3.4868170E+001,8.5291606E-003
3.4870170E+001,8.4858616E-003
3.4872170E+001,8.4474324E-003
3.4874170E+001,8.4124368E-003
3.4876170E+001,8.3794597E-003
3.4878170E+001,8.3471259E-003
3.4880170E+001,8.3141175E-003
3.4882170E+001,8.2791876E-003
3.4884170E+001,8.2411710E-003
3.4886170E+001,8.1989935E-003
3.4888170E+001,8.1516785E-003
3.4890170E+001,8.0983504E-003
3.4892170E+001,8.0382353E-003
3.4894170E+001,7.9706596E-003
3.4896170E+001,7.8950450E-003
3.4898170E+001,7.8109027E-003
3.4900170E+001,7.7178245E-003
3.4902170E+001,7.6154724E-003
3.4904170E+001,7.5035670E-003
3.4906170E+001,7.3818737E-003
3.4908170E+001,7.2501879E-003
3.4910170E+001,7.1083197E-003
3.4912170E+001,6.9560771E-003
3.4914170E+001,6.7932499E-003
3.4916170E+001,6.6195919E-003
3.4918170E+001,6.4348055E-003
3.4920170E+001,6.2385251E-003
3.4922170E+001,6.0303037E-003
3.4924170E+001,5.8096014E-003
3.4926170E+001,5.5757776E-003
3.4928170E+001,5.3280877E-003
3.4930170E+001,5.0656844E-003
3.4932170E+001,4.7876236E-003
3.4934170E+001,4.4928755E-003
3.4936170E+001,4.1803392E-003
3.4938170E+001,3.8488619E-003
3.4940170E+001,3.4972630E-003
3.4942170E+001,3.1243643E-003
3.4944170E+001,2.7290292E-003
3.4946170E+001,2.3102126E-003
3.4948170E+001,1.8670237E-003
3.4950170E+001,1.3988012E-003
3.4952170E+001,9.0519738E-004
3.4954170E+001,3.8626215E-004
3.4956170E+001,-1.5748410E-004
3.4958170E+001,-7.2500359E-004
3.4960170E+001,-1.3147333E-003
3.4962170E+001,-1.9246244E-003
3.4964170E+001,-2.5522280E-003
3.4966170E+001,-3.1948237E-003
3.4968170E+001,-3.8495585E-003
3.4970170E+001,-4.5135937E-003
3.4972170E+001,-5.1842104E-003
3.4974170E+001,-5.8588837E-003
3.4976170E+001,-6.5353274E-003
3.4978170E+001,-7.2114652E-003
3.4980170E+001,-7.8853737E-003
3.4982170E+001,-8.5554061E-003
3.4984170E+001,-9.2197599E-003
3.4986170E+001,-9.8769615E-003
3.4988170E+001,-1.0525448E-002
3.4990170E+001,-1.1163836E-002
3.4992170E+001,-1.1790838E-002
3.4994170E+001,-1.2405284E-002
3.4996170E+001,-1.3006153E-002
3.4998170E+001,-1.3592583E-002
3.5000170E+001,-1.4163854E-002
3.5002170E+001,-1.4719407E-002
3.5004170E+001,-1.5258833E-002
3.5006170E+001,-1.5781855E-002
3.5008170E+001,-1.6288325E-002
3.5010170E+001,-1.6778209E-002
3.5012170E+001,-1.7251579E-002
3.5014170E+001,-1.7708590E-002
3.5016170E+001,-1.8149468E-002
3.5018170E+001,-1.8574496E-002
3.5020170E+001,-1.8983997E-002
3.5022170E+001,-1.9378321E-002
3.5024170E+001,-1.9757831E-002
3.5026170E+001,-2.0122898E-002
3.5028170E+001,-2.0473890E-002
3.5030170E+001,-2.0811169E-002
3.5032170E+001,-2.1135089E-002
3.5034170E+001,-2.1445993E-002
3.5036170E+001,-2.1744214E-002
3.5038170E+001,-2.2030078E-002
3.5040170E+001,-2.2303906E-002
3.5042170E+001,-2.2566020E-002
3.5044170E+001,-2.2816750E-002
3.5046170E+001,-2.3056444E-002
3.5048170E+001,-2.3285477E-002
3.5050170E+001,-2.3504266E-002
3.5052170E+001,-2.3713273E-002
3.5054170E+001,-2.3913020E-002
3.5056170E+001,-2.4104090E-002
3.5058170E+001,-2.4287132E-002
3.5060170E+001,-2.4462857E-002
3.5062170E+001,-2.4632035E-002
3.5064170E+001,-2.4795481E-002
3.5066170E+001,-2.4954045E-002
3.5068170E+001,-2.5108601E-002
3.5070170E+001,-2.5260021E-002
3.5072170E+001,-2.5409170E-002
3.5074170E+001,-2.5556879E-002
3.5076170E+001,-2.5703933E-002
3.5078170E+001,-2.5851053E-002
3.5080170E+001,-2.5998879E-002
3.5082170E+001,-2.6147962E-002
3.5084170E+001,-2.6298749E-002
3.5086170E+001,-2.6451573E-002
3.5088170E+001,-2.6606648E-002
3.5090170E+001,-2.6764059E-002
3.5092170E+001,-2.6923767E-002
3.5094170E+001,-2.7085599E-002
3.5096170E+001,-2.7249250E-002
3.5098170E+001,-2.7414287E-002
3.5100170E+001,-2.7580148E-002
3.5102170E+001,-2.7746148E-002
3.5104170E+001,-2.7911485E-002
3.5106170E+001,-2.8075242E-002
3.5108170E+001,-2.8236394E-002
3.5110170E+001,-2.8393817E-002
3.5112170E+001,-2.8546295E-002
3.5114170E+001,-2.8692528E-002
3.5116170E+001,-2.8831142E-002
3.5118170E+001,-2.8960701E-002
3.5120170E+001,-2.9079724E-002
3.5122170E+001,-2.9186696E-002
3.5124170E+001,-2.9280088E-002
3.5126170E+001,-2.9358375E-002
3.5128170E+001,-2.9420057E-002
3.5130170E+001,-2.9463681E-002
3.5132170E+001,-2.9487860E-002
3.5134170E+001,-2.9491299E-002
3.5136170E+001,-2.9472814E-002
3.5138170E+001,-2.9431344E-002
3.5140170E+001,-2.9365977E-002
3.5142170E+001,-2.9275980E-002
3.5144170E+001,-2.9160817E-002
3.5146170E+001,-2.9020176E-002
3.5148170E+001,-2.8853975E-002
3.5150170E+001,-2.8662374E-002
3.5152170E+001,-2.8445782E-002
3.5154170E+001,-2.8204847E-002
3.5156170E+001,-2.7940436E-002
3.5158170E+001,-2.7653599E-002
3.5160170E+001,-2.7345548E-002
3.5162170E+001,-2.7017677E-002
3.5164170E+001,-2.6671596E-002
3.5166170E+001,-2.6309137E-002
3.5168170E+001,-2.5932280E-002
3.5170170E+001,-2.5543074E-002
3.5172170E+001,-2.5143605E-002
3.5174170E+001,-2.4735988E-002
3.5176170E+001,-2.4322353E-002
3.5178170E+001,-2.3904808E-002
3.5180170E+001,-2.3485381E-002
3.5182170E+001,-2.3065976E-002
3.5184170E+001,-2.2648323E-002
3.5186170E+001,-2.2233955E-002
3.5188170E+001,-2.1824198E-002
3.5190170E+001,-2.1420197E-002
3.5192170E+001,-2.1022957E-002
3.5194170E+001,-2.0633395E-002
3.5196170E+001,-2.0252382E-002
3.5198170E+001,-1.9880746E-002
3.5200170E+001,-1.9519251E-002
3.5202170E+001,-1.9168552E-002
3.5204170E+001,-1.8829171E-002
3.5206170E+001,-1.8501490E-002
3.5208170E+001,-1.8185784E-002
3.5210170E+001,-1.7882251E-002
3.5212170E+001,-1.7591046E-002
3.5214170E+001,-1.7312301E-002
3.5216170E+001,-1.7046137E-002
3.5218170E+001,-1.6792666E-002
3.5220170E+001,-1.6551993E-002
3.5222170E+001,-1.6324222E-002
3.5224170E+001,-1.6109449E-002
3.5226170E+001,-1.5907765E-002
3.5228170E+001,-1.5719244E-002
3.5230170E+001,-1.5543936E-002
3.5232170E+001,-1.5381856E-002
3.5234170E+001,-1.5232972E-002
3.5236170E+001,-1.5097197E-002
3.5238170E+001,-1.4974381E-002
3.5240170E+001,-1.4864297E-002
3.5242170E+001,-1.4766633E-002
3.5244170E+001,-1.4680982E-002
3.5246170E+001,-1.4606848E-002
3.5248170E+001,-1.4543637E-002
3.5250170E+001,-1.4490672E-002
3.5252170E+001,-1.4447190E-002
3.5254170E+001,-1.4412358E-002
3.5256170E+001,-1.4385284E-002
3.5258170E+001,-1.4365024E-002
3.5260170E+001,-1.4350598E-002
3.5262170E+001,-1.4340996E-002
3.5264170E+001,-1.4335193E-002
3.5266170E+001,-1.4332155E-002
3.5268170E+001,-1.4330853E-002
3.5270170E+001,-1.4330272E-002
3.5272170E+001,-1.4329422E-002
3.5274170E+001,-1.4327343E-002
3.5276170E+001,-1.4323111E-002
3.5278170E+001,-1.4315839E-002
3.5280170E+001,-1.4304680E-002
3.5282170E+001,-1.4288828E-002
3.5284170E+001,-1.4267517E-002
3.5286170E+001,-1.4240019E-002
3.5288170E+001,-1.4205659E-002
3.5290170E+001,-1.4163768E-002
3.5292170E+001,-1.4113641E-002
3.5294170E+001,-1.4054674E-002
3.5296170E+001,-1.3986301E-002
3.5298170E+001,-1.3907920E-002
3.5300170E+001,-1.3818934E-002
3.5302170E+001,-1.3718758E-002
3.5304170E+001,-1.3606799E-002
3.5306170E+001,-1.3482458E-002
3.5308170E+001,-1.3345120E-002
3.5310170E+001,-1.3194152E-002
3.5312170E+001,-1.3028901E-002
3.5314170E+001,-1.2848692E-002
3.5316170E+001,-1.2652828E-002
3.5318170E+001,-1.2440595E-002
3.5320170E+001,-1.2211266E-002
3.5322170E+001,-1.1964109E-002
3.5324170E+001,-1.1698401E-002
3.5326170E+001,-1.1413442E-002
3.5328170E+001,-1.1108568E-002
3.5330170E+001,-1.0783180E-002
3.5332170E+001,-1.0436755E-002
3.5334170E+001,-1.0068879E-002
3.5336170E+001,-9.6792620E-003
3.5338170E+001,-9.2677655E-003
3.5340170E+001,-8.8344200E-003
3.5342170E+001,-8.3794428E-003
3.5344170E+001,-7.9032501E-003
3.5346170E+001,-7.4064631E-003
3.5348170E+001,-6.8899083E-003
3.5350170E+001,-6.3546110E-003
3.5352170E+001,-5.8017817E-003
3.5354170E+001,-5.2327926E-003
3.5356170E+001,-4.6491548E-003
3.5358170E+001,-4.0524903E-003
3.5360170E+001,-3.4444965E-003
3.5362170E+001,-2.8269159E-003
3.5364170E+001,-2.2014881E-003
3.5366170E+001,-1.5699321E-003
3.5368170E+001,-9.3391176E-004
3.5370170E+001,-2.9500957E-004
3.5372170E+001,3.4527909E-004
3.5374170E+001,9.8562145E-004
3.5376170E+001,1.6247363E-003
3.5378170E+001,2.2615316E-003
3.5380170E+001,2.8949749E-003
3.5382170E+001,3.5241508E-003
3.5384170E+001,4.1481655E-003
3.5386170E+001,4.7661491E-003
3.5388170E+001,5.3771842E-003
3.5390170E+001,5.9802389E-003
3.5392170E+001,6.5741980E-003
3.5394170E+001,7.1578450E-003
3.5396170E+001,7.7298848E-003
3.5398170E+001,8.2890285E-003
3.5400170E+001,8.8340606E-003
3.5402170E+001,9.3639281E-003
3.5404170E+001,9.8778276E-003
3.5406170E+001,1.0375257E-002
3.5408170E+001,1.0856031E-002
3.5410170E+001,1.1320261E-002
3.5412170E+001,1.1768292E-002
3.5414170E+001,1.2200623E-002
3.5416170E+001,1.2617824E-002
3.5418170E+001,1.3020479E-002
3.5420170E+001,1.3409143E-002
3.5422170E+001,1.3784323E-002
3.5424170E+001,1.4146471E-002
3.5426170E+001,1.4496005E-002
3.5428170E+001,1.4833329E-002
3.5430170E+001,1.5158858E-002
3.5432170E+001,1.5473035E-002
3.5434170E+001,1.5776343E-002
3.5436170E+001,1.6069304E-002
3.5438170E+001,1.6352481E-002
3.5440170E+001,1.6626349E-002
3.5442170E+001,1.6891893E-002
3.5444170E+001,1.7149450E-002
3.5446170E+001,1.7399764E-002
3.5448170E+001,1.7643542E-002
3.5450170E+001,1.7881500E-002
3.5452170E+001,1.8114318E-002
3.5454170E+001,1.8342710E-002
3.5456170E+001,1.8567359E-002
3.5458170E+001,1.8788940E-002
3.5460170E+001,1.9008115E-002
3.5462170E+001,1.9225534E-002
3.5464170E+001,1.9441811E-002
3.5466170E+001,1.9657532E-002
3.5468170E+001,1.9873241E-002
3.5470170E+001,2.0089428E-002
3.5472170E+001,2.0306519E-002
3.5474170E+001,2.0524864E-002
3.5476170E+001,2.0744726E-002
3.5478170E+001,2.0966271E-002
3.5480170E+001,2.1189560E-002
3.5482170E+001,2.1414546E-002
3.5484170E+001,2.1641074E-002
3.5486170E+001,2.1868875E-002
3.5488170E+001,2.2097575E-002
3.5490170E+001,2.2326692E-002
3.5492170E+001,2.2555644E-002
3.5494170E+001,2.2783749E-002
3.5496170E+001,2.3010238E-002
3.5498170E+001,2.3234252E-002
3.5500170E+001,2.3454856E-002
3.5502170E+001,2.3671042E-002
3.5504170E+001,2.3881744E-002
3.5506170E+001,2.4085847E-002
3.5508170E+001,2.4282199E-002
3.5510170E+001,2.4469626E-002
3.5512170E+001,2.4646949E-002
3.5514170E+001,2.4812996E-002
3.5516170E+001,2.4966623E-002
3.5518170E+001,2.5106727E-002
3.5520170E+001,2.5232264E-002
3.5522170E+001,2.5342264E-002
3.5524170E+001,2.5435845E-002
3.5526170E+001,2.5512230E-002
3.5528170E+001,2.5570755E-002
3.5530170E+001,2.5610881E-002
3.5532170E+001,2.5632202E-002
3.5534170E+001,2.5634455E-002
